56 43 4000
########################################################
#.....C........C........C........C........C............#
#......................................................#
#......................................................#
#.....#######..#######..########..########..#######....#
#......................................................#
#......................................................#
#.....########..#########..######..######..########....#
#......................................................#
#......................................................#
#.....######..######..######..#######..########..###...#
#......................................................#
#......................................................#
#.....########..#########..######..######..########....#
#......................................................#
#......................................................#
#.....######..########..#########..########..#######...#
#......................................................#
#......................................................#
#.....#######..#######..#######..######..#########.....#
#......................................................#
#......................................................#
#.....#######..########..#######..########..########...#
#......................................................#
#......................................................#
#.....########..#########..######..#########..######...#
#......................................................#
#......................................................#
#.....#######..#########..########..#########..#####...#
#......................................................#
#......................................................#
#.....#########..######..########..########..#######...#
#......................................................#
#......................................................#
#.....#########..######..########..#########..######...#
#......................................................#
#......................................................#
#.....#########..########..########..#######..######...#
#......................................................#
#......................................................#
#......................................................#
#......................................................#
########################################################
PARAMS 792 39 198 30 50 3 60 2
ROBOTS 36
33 36
36 9
8 26
22 41
18 12
38 32
28 3
13 17
19 24
26 27
24 22
7 9
21 18
37 18
34 29
54 2
20 26
46 11
31 40
7 36
18 40
38 18
3 40
6 33
21 33
28 24
44 25
52 19
7 32
3 16
1 31
18 27
26 15
15 6
45 18
16 18
EVENTS 9895
0 ORDER 1 6 33 2 29 0
0 ORDER 2 16 18 2 4 1
0 ORDER 3 39 21 1 14 0
1 ORDER 4 46 33 40 40 0
1 ORDER 5 28 20 34 41 2
2 ORDER 6 47 15 3 26 1
2 ORDER 7 8 6 24 41 0
3 ORDER 8 20 15 1 1 1
3 ORDER 9 29 36 31 41 1
4 ORDER 10 35 9 2 11 0
4 ORDER 11 15 9 50 41 1
5 ORDER 12 26 17 1 11 0
5 ORDER 13 8 24 46 40 1
6 ORDER 14 49 13 3 40 0
6 ORDER 15 38 21 45 40 0
7 ORDER 16 22 33 3 30 0
7 ORDER 17 10 9 13 41 1
8 ORDER 18 27 5 2 6 0
8 ORDER 19 23 12 33 40 0
9 ORDER 20 45 17 46 40 0
9 ORDER 21 21 38 2 28 1
10 ORDER 22 37 32 46 41 0
10 ORDER 23 6 21 2 24 0
11 ORDER 24 7 17 2 31 0
11 ORDER 25 18 23 53 40 1
12 ORDER 26 47 14 2 32 0
12 ORDER 27 37 29 17 41 0
12 ORDER 28 50 35 3 13 1
12 BLOCK 19 23
13 ORDER 29 8 18 44 41 1
13 ORDER 30 45 8 21 40 0
13 ORDER 31 13 33 7 41 0
14 ORDER 32 46 35 2 38 1
14 ORDER 33 50 11 3 34 0
14 CANCEL 100033
15 ORDER 34 36 3 54 41 0
15 ORDER 35 18 27 13 40 0
16 ORDER 36 14 38 1 17 2
16 ORDER 37 6 17 15 40 3
17 ORDER 38 45 8 2 40 0
17 ORDER 39 27 12 14 40 0
18 ORDER 40 25 17 17 40 0
18 ORDER 41 38 33 1 24 2
19 ORDER 42 9 23 24 41 0
19 ORDER 43 8 24 21 41 0
20 ORDER 44 28 27 1 18 0
20 ORDER 45 48 5 53 40 0
21 ORDER 46 32 32 2 10 0
21 ORDER 47 27 3 37 40 1
21 BLOCK 23 14
22 ORDER 48 26 21 1 19 0
22 ORDER 49 43 7 52 41 1
23 ORDER 50 7 27 3 24 3
23 ORDER 51 19 3 2 12 0
24 ORDER 52 46 15 49 41 0
24 ORDER 53 13 33 2 13 0
25 ORDER 54 37 27 23 41 1
25 ORDER 55 41 36 1 37 1
26 ORDER 56 40 33 38 41 0
26 ORDER 57 10 14 31 41 0
27 ORDER 58 40 3 1 35 2
27 ORDER 59 39 24 45 40 1
28 ORDER 60 6 27 5 40 0
28 ORDER 61 8 21 2 34 0
29 CANCEL 57
29 ORDER 62 46 18 3 41 3
29 ORDER 63 32 15 1 9 0
29 ORDER 64 27 15 1 19 0
30 ORDER 65 40 29 35 40 1
30 ORDER 66 15 9 2 27 0
31 ORDER 67 28 23 1 16 1
31 ORDER 68 41 24 46 41 0
32 ORDER 69 33 27 3 35 0
32 ORDER 70 16 26 1 11 2
33 ORDER 71 16 5 2 14 0
33 ORDER 72 46 21 3 18 0
34 ORDER 73 21 21 2 21 0
34 ORDER 74 24 12 1 12 0
35 ORDER 75 27 12 53 40 3
35 ORDER 76 40 33 1 23 0
36 ORDER 77 48 32 21 40 1
36 ORDER 78 36 5 2 10 0
37 ORDER 79 44 8 3 22 0
37 ORDER 80 17 20 38 40 1
38 ORDER 81 51 24 48 40 0
38 ORDER 82 8 27 3 3 2
39 CANCEL 75
39 ORDER 83 8 30 2 7 0
39 ORDER 84 26 18 1 8 0
39 ORDER 85 22 23 8 41 1
40 ORDER 86 21 33 2 19 1
40 ORDER 87 9 14 39 41 0
40 ORDER 88 36 27 26 41 0
41 ORDER 89 39 29 4 40 0
41 ORDER 90 45 32 3 6 0
42 ORDER 91 29 27 3 12 0
42 ORDER 92 46 26 1 34 2
42 BLOCK 49 2
43 ORDER 93 22 21 43 40 1
43 ORDER 94 7 27 3 20 3
44 ORDER 95 43 27 38 40 0
44 ORDER 96 7 24 3 4 0
45 ORDER 97 44 3 50 40 1
45 ORDER 98 22 29 3 24 2
45 ORDER 99 49 3 36 41 0
46 ORDER 100 41 9 34 41 0
46 ORDER 101 25 32 25 41 0
47 ORDER 102 22 26 2 7 0
47 ORDER 103 24 24 3 39 0
48 CANCEL 37
48 ORDER 104 11 35 19 40 1
48 ORDER 105 30 36 2 28 0
49 ORDER 106 43 9 1 14 0
49 ORDER 107 9 13 13 41 0
50 ORDER 108 35 6 14 40 2
50 ORDER 109 32 9 3 3 0
51 ORDER 110 41 9 1 37 0
51 ORDER 111 44 14 2 33 3
51 ORDER 112 15 29 11 41 0
52 ORDER 113 37 8 2 40 0
52 ORDER 114 40 12 3 20 0
53 ORDER 115 25 9 5 40 0
53 ORDER 116 21 35 1 25 3
54 ORDER 117 45 23 45 41 0
54 ORDER 118 41 17 24 40 0
55 ORDER 119 12 33 35 40 0
55 ORDER 120 7 14 51 41 0
56 ORDER 121 12 36 8 41 0
56 ORDER 122 12 36 15 40 0
57 CANCEL 43
57 ORDER 123 8 33 1 9 1
57 ORDER 124 18 26 3 21 3
58 ORDER 125 50 30 3 15 1
58 ORDER 126 36 8 2 12 1
59 ORDER 127 22 26 3 30 0
59 ORDER 128 10 9 2 24 1
60 ORDER 129 6 32 2 1 0
60 ORDER 130 32 6 3 9 0
61 ORDER 131 50 6 3 1 2
61 ORDER 132 20 33 26 41 0
62 ORDER 133 19 9 47 40 0
62 ORDER 134 39 27 2 31 0
63 ORDER 135 47 26 2 33 1
63 ORDER 136 48 6 3 13 2
64 ORDER 137 39 33 17 41 0
64 ORDER 138 13 30 2 36 0
64 ORDER 139 49 21 35 40 0
65 ORDER 140 37 8 2 11 2
65 ORDER 141 17 33 25 40 0
66 ORDER 142 29 18 20 40 0
66 ORDER 143 27 38 45 40 0
66 ORDER 144 48 18 41 40 0
67 ORDER 145 43 26 31 40 0
67 ORDER 146 12 32 1 22 1
68 ORDER 147 20 23 4 41 0
68 ORDER 148 46 17 13 40 0
69 ORDER 149 27 12 43 41 0
69 ORDER 150 12 36 2 14 2
70 ORDER 151 46 15 3 7 0
70 ORDER 152 10 35 3 40 0
71 ORDER 153 20 33 23 41 0
71 ORDER 154 24 6 44 41 1
72 ORDER 155 8 8 1 34 2
72 ORDER 156 37 15 1 9 0
72 ORDER 157 9 18 3 23 0
73 ORDER 158 16 15 47 40 1
73 ORDER 159 47 17 29 40 0
74 ORDER 160 43 6 2 37 0
74 ORDER 161 42 30 2 34 1
75 ORDER 162 48 30 2 15 0
75 ORDER 163 11 5 1 15 3
76 ORDER 164 8 21 2 5 1
76 ORDER 165 36 32 10 41 0
77 ORDER 166 7 24 32 40 0
77 ORDER 167 42 33 2 24 0
77 ORDER 168 15 21 45 41 1
78 ORDER 169 35 6 3 10 0
78 ORDER 170 18 6 2 10 0
79 ORDER 171 19 11 40 41 0
79 ORDER 172 41 32 9 40 0
79 ORDER 173 8 30 2 32 0
80 CANCEL 98
80 ORDER 174 18 33 44 40 0
80 ORDER 175 34 9 3 38 1
80 ORDER 176 8 32 1 16 1
81 ORDER 177 43 29 1 3 2
81 ORDER 178 38 35 1 38 3
82 ORDER 179 7 14 32 41 0
82 ORDER 180 11 8 2 8 0
83 ORDER 181 44 11 3 14 0
83 ORDER 182 43 29 43 40 0
84 ORDER 183 37 35 1 10 0
84 ORDER 184 16 23 3 41 2
85 ORDER 185 48 30 3 20 2
85 ORDER 186 29 18 1 29 0
86 ORDER 187 7 14 43 40 0
86 ORDER 188 18 8 1 12 0
86 ORDER 189 22 23 51 41 0
87 ORDER 190 11 8 17 40 1
87 ORDER 191 29 17 3 11 0
88 ORDER 192 17 6 3 39 1
88 ORDER 193 27 35 24 40 2
89 UNBLOCK 19 23
89 ORDER 194 16 12 4 40 2
89 ORDER 195 9 5 3 38 1
90 ORDER 196 37 17 17 40 0
90 ORDER 197 42 18 3 5 1
90 ORDER 198 12 14 3 12 1
91 ORDER 199 18 35 3 41 0
91 ORDER 200 11 32 1 32 1
92 ORDER 201 51 30 2 5 0
92 ORDER 202 32 17 2 27 0
93 ORDER 203 28 32 2 26 0
93 ORDER 204 51 9 3 13 0
94 ORDER 205 38 17 1 1 0
94 ORDER 206 39 3 12 41 1
95 CANCEL 59
95 ORDER 207 46 12 16 40 0
95 ORDER 208 28 14 38 40 0
95 ORDER 209 20 5 6 41 0
96 ORDER 210 16 23 33 40 1
96 ORDER 211 27 14 23 41 1
97 ORDER 212 45 9 2 2 0
97 ORDER 213 44 3 1 28 0
98 ORDER 214 39 23 3 35 3
98 ORDER 215 31 6 3 20 0
99 CANCEL 63
99 CANCEL 158
99 ORDER 216 16 26 1 6 0
99 ORDER 217 7 33 2 40 1
100 ORDER 218 49 6 3 39 0
100 ORDER 219 38 21 3 4 0
101 CANCEL 182
101 ORDER 220 9 38 21 41 0
101 ORDER 221 43 24 40 40 1
101 BLOCK 10 3
102 ORDER 222 41 33 38 40 0
102 ORDER 223 49 18 3 37 0
103 ORDER 224 8 35 24 40 0
103 ORDER 225 17 24 3 40 0
104 ORDER 226 32 27 39 41 0
104 ORDER 227 51 15 28 40 0
105 ORDER 228 17 12 9 41 2
105 ORDER 229 10 12 26 41 0
106 CANCEL 30
106 ORDER 230 50 17 46 40 2
106 ORDER 231 6 23 2 12 3
107 ORDER 232 21 14 3 36 0
107 ORDER 233 18 29 2 9 0
108 CANCEL 49
108 ORDER 234 25 20 3 4 1
108 ORDER 235 26 30 1 8 2
109 ORDER 236 6 12 3 15 0
109 ORDER 237 7 27 33 40 2
110 ORDER 238 35 20 3 10 0
110 ORDER 239 7 32 1 5 1
111 ORDER 240 48 15 7 41 0
111 ORDER 241 41 30 1 25 0
112 ORDER 242 7 18 52 40 0
112 ORDER 243 41 3 44 41 0
113 CANCEL 36
113 ORDER 244 41 9 6 40 0
113 ORDER 245 31 21 27 40 3
114 ORDER 246 47 15 41 41 1
114 ORDER 247 47 29 30 40 1
115 ORDER 248 44 3 1 4 1
115 ORDER 249 19 8 27 41 0
116 ORDER 250 42 11 51 40 1
116 ORDER 251 19 11 26 40 1
117 ORDER 252 32 35 36 40 0
117 ORDER 253 22 33 1 27 0
117 ORDER 254 39 3 35 41 0
118 ORDER 255 39 29 2 39 0
118 ORDER 256 27 15 22 41 1
119 UNBLOCK 23 14
119 ORDER 257 13 26 3 30 0
119 ORDER 258 12 24 19 40 1
120 ORDER 259 10 26 1 20 0
120 ORDER 260 25 20 36 41 0
121 ORDER 261 33 11 12 40 0
121 ORDER 262 6 33 9 40 0
122 ORDER 263 18 24 2 21 0
122 ORDER 264 22 6 2 38 0
123 ORDER 265 21 38 1 22 0
123 ORDER 266 44 3 41 40 1
124 ORDER 267 21 6 3 26 0
124 ORDER 268 25 21 43 40 3
125 ORDER 269 28 17 11 41 0
125 ORDER 270 36 33 3 9 0
126 ORDER 271 39 15 10 40 3
126 ORDER 272 47 34 53 40 2
127 ORDER 273 39 14 21 40 1
127 ORDER 274 46 14 1 30 0
128 ORDER 275 27 14 1 28 1
128 ORDER 276 35 24 1 9 0
128 ORDER 277 17 30 2 25 0
129 ORDER 278 42 35 7 41 1
129 ORDER 279 7 29 3 29 0
130 ORDER 280 35 21 32 41 1
130 ORDER 281 24 3 1 15 0
130 ORDER 282 38 20 20 41 1
131 ORDER 283 6 3 39 41 2
131 ORDER 284 9 35 40 40 2
132 ORDER 285 13 33 1 38 0
132 ORDER 286 6 3 2 41 2
132 BLOCK 42 20
133 ORDER 287 6 33 1 28 1
133 ORDER 288 18 26 2 29 1
134 ORDER 289 50 12 46 40 0
134 ORDER 290 50 3 35 40 0
135 ORDER 291 9 23 2 39 0
135 ORDER 292 37 24 2 21 0
136 ORDER 293 31 9 2 14 0
136 ORDER 294 46 14 1 35 0
137 ORDER 295 6 6 2 9 1
137 ORDER 296 47 15 7 40 0
138 CANCEL 291
138 ORDER 297 18 24 30 40 0
138 ORDER 298 13 14 3 17 3
139 ORDER 299 31 15 2 8 1
139 ORDER 300 47 38 1 32 0
140 ORDER 301 46 33 2 21 1
140 ORDER 302 46 26 10 40 1
140 ORDER 303 7 24 2 6 2
141 ORDER 304 15 20 2 23 1
141 ORDER 305 14 17 2 40 0
142 ORDER 306 20 17 1 17 3
142 ORDER 307 27 9 3 3 0
143 ORDER 308 8 27 26 40 0
143 ORDER 309 13 8 3 4 0
144 ORDER 310 16 29 2 2 0
144 ORDER 311 24 6 3 32 0
144 ORDER 312 49 38 51 41 2
145 CANCEL 147
145 ORDER 313 29 14 3 20 1
145 ORDER 314 22 27 25 41 0
146 ORDER 315 22 35 2 31 3
146 ORDER 316 6 20 1 34 2
147 ORDER 317 38 6 27 40 0
147 ORDER 318 31 21 24 40 2
148 ORDER 319 31 6 25 40 0
148 ORDER 320 16 9 35 40 0
149 ORDER 321 37 3 1 6 0
149 ORDER 322 7 17 52 41 0
150 ORDER 323 41 30 49 41 0
150 ORDER 324 27 36 1 4 1
151 ORDER 325 49 15 41 40 0
151 ORDER 326 11 23 1 8 0
151 ORDER 327 27 24 1 28 0
151 BLOCK 47 23
152 ORDER 328 50 23 50 41 0
152 ORDER 329 17 30 54 41 2
153 ORDER 330 35 17 2 16 1
153 ORDER 331 47 38 1 1 0
154 ORDER 332 19 20 45 41 0
154 ORDER 333 49 3 24 41 0
155 CANCEL 159
155 ORDER 334 35 23 27 41 0
155 ORDER 335 35 9 29 40 0
156 ORDER 336 37 12 1 35 0
156 ORDER 337 35 30 43 41 1
157 ORDER 338 51 23 3 18 0
157 ORDER 339 24 14 43 41 0
157 ORDER 340 50 12 28 41 0
158 ORDER 341 18 21 3 36 1
158 ORDER 342 39 9 39 40 0
159 CANCEL 327
159 ORDER 343 38 18 1 37 0
159 ORDER 344 17 38 3 27 0
160 ORDER 345 23 36 19 40 1
160 ORDER 346 35 6 1 8 0
161 ORDER 347 41 27 1 8 0
161 ORDER 348 9 18 1 19 0
162 ORDER 349 18 8 1 21 1
162 ORDER 350 28 29 3 22 0
162 ORDER 351 16 18 1 40 0
163 ORDER 352 37 12 2 7 0
163 ORDER 353 38 6 1 7 2
164 ORDER 354 12 33 21 40 1
164 ORDER 355 37 30 2 1 1
165 ORDER 356 6 24 40 40 0
165 ORDER 357 10 21 20 40 1
166 ORDER 358 42 35 1 37 1
166 ORDER 359 7 9 1 41 0
167 ORDER 360 48 12 11 41 0
167 ORDER 361 6 38 2 1 1
168 ORDER 362 12 27 49 41 0
168 ORDER 363 38 20 3 30 2
168 ORDER 364 17 9 24 41 0
169 ORDER 365 27 27 9 40 1
169 ORDER 366 6 3 4 41 0
170 ORDER 367 47 3 8 41 1
170 ORDER 368 20 35 3 21 0
170 ORDER 369 21 23 36 40 0
171 ORDER 370 42 38 2 3 0
171 ORDER 371 41 18 33 41 0
172 ORDER 372 19 38 3 5 1
172 ORDER 373 45 18 2 7 1
173 ORDER 374 18 14 50 41 0
173 ORDER 375 50 5 8 40 0
174 ORDER 376 40 5 33 40 0
174 ORDER 377 9 17 3 5 0
175 UNBLOCK 49 2
175 CANCEL 318
175 ORDER 378 36 24 47 41 0
175 ORDER 379 26 32 45 40 0
176 ORDER 380 21 8 34 41 0
176 ORDER 381 21 6 47 40 0
176 ORDER 382 10 20 29 41 0
177 CANCEL 3
177 ORDER 383 36 6 2 6 2
177 ORDER 384 47 21 39 40 0
178 ORDER 385 17 33 2 4 1
178 ORDER 386 43 6 2 39 2
179 ORDER 387 40 17 15 41 2
179 ORDER 388 6 29 43 41 0
180 ORDER 389 14 30 17 41 1
180 ORDER 390 8 24 33 40 0
181 ORDER 391 40 38 1 1 1
181 ORDER 392 43 33 13 40 1
182 CANCEL 344
182 ORDER 393 17 5 1 22 1
182 ORDER 394 21 27 3 5 0
183 ORDER 395 44 18 37 41 0
183 ORDER 396 20 20 11 40 0
184 CANCEL 323
184 ORDER 397 10 36 19 41 2
184 ORDER 398 46 38 3 35 0
185 ORDER 399 23 26 3 15 0
185 ORDER 400 22 23 3 17 0
186 ORDER 401 18 9 2 37 1
186 ORDER 402 18 32 14 40 1
187 ORDER 403 29 32 1 37 0
187 ORDER 404 8 33 35 40 0
188 ORDER 405 32 32 2 19 0
188 ORDER 406 50 32 2 37 0
188 ORDER 407 29 30 31 41 1
189 ORDER 408 51 38 1 11 3
189 ORDER 409 18 32 6 41 1
190 ORDER 410 17 27 2 23 0
190 ORDER 411 40 29 39 40 0
191 CANCEL 173
191 ORDER 412 33 36 1 21 0
191 ORDER 413 6 21 3 5 3
192 UNBLOCK 47 23
192 ORDER 414 48 35 2 16 1
192 ORDER 415 41 9 10 41 1
193 ORDER 416 17 36 6 40 0
193 ORDER 417 38 27 3 6 1
194 CANCEL 287
194 ORDER 418 36 30 2 1 2
194 ORDER 419 7 11 37 41 0
195 ORDER 420 7 23 51 40 0
195 ORDER 421 32 35 19 40 0
196 CANCEL 382
196 ORDER 422 39 24 1 22 1
196 ORDER 423 24 20 24 41 0
196 ORDER 424 42 36 33 41 1
197 ORDER 425 29 5 2 32 0
197 ORDER 426 41 25 2 7 0
198 ORDER 427 12 30 2 5 0
198 ORDER 428 13 35 14 41 0
199 ORDER 429 14 38 2 41 0
199 ORDER 430 29 21 2 17 0
200 ORDER 431 10 32 44 41 0
200 ORDER 432 24 11 45 41 0
201 CANCEL 424
201 ORDER 433 35 6 39 40 1
201 ORDER 434 46 18 44 41 1
202 ORDER 435 46 14 24 41 0
202 ORDER 436 41 11 11 40 0
203 ORDER 437 45 32 3 34 0
203 ORDER 438 31 23 42 40 2
204 CANCEL 93
204 ORDER 439 47 30 3 31 0
204 ORDER 440 43 24 50 41 0
205 ORDER 441 30 27 2 9 0
205 ORDER 442 18 3 38 41 0
205 BLOCK 15 9
206 CANCEL 284
206 ORDER 443 27 38 43 41 0
206 ORDER 444 41 33 4 40 2
207 ORDER 445 17 24 2 7 0
207 ORDER 446 46 36 46 41 0
208 ORDER 447 21 21 3 10 0
208 ORDER 448 12 6 3 36 0
209 ORDER 449 49 5 49 41 1
209 ORDER 450 26 23 2 15 0
209 ORDER 451 38 18 1 13 1
210 ORDER 452 17 3 3 13 1
210 ORDER 453 17 38 51 40 1
211 ORDER 454 25 20 2 28 0
211 ORDER 455 21 30 42 41 1
212 ORDER 456 48 27 28 40 1
212 ORDER 457 32 14 3 39 0
213 ORDER 458 16 24 2 11 0
213 ORDER 459 33 11 2 18 1
214 ORDER 460 11 33 1 32 1
214 ORDER 461 46 32 3 25 1
214 ORDER 462 18 33 17 40 1
215 ORDER 463 49 11 1 6 3
215 ORDER 464 10 11 52 41 0
216 ORDER 465 49 30 2 1 0
216 ORDER 466 22 6 27 40 0
217 ORDER 467 17 36 20 40 1
217 ORDER 468 26 32 45 41 1
218 UNBLOCK 10 3
218 ORDER 469 30 12 29 40 0
218 ORDER 470 27 37 2 22 1
219 ORDER 471 45 15 1 14 0
219 ORDER 472 7 30 2 13 0
219 ORDER 473 11 33 3 3 0
220 CANCEL 97
220 ORDER 474 44 21 35 40 0
220 ORDER 475 28 30 35 41 1
221 ORDER 476 26 3 3 25 0
221 ORDER 477 26 11 3 24 0
221 ORDER 478 37 21 2 25 2
222 ORDER 479 43 12 15 41 1
222 ORDER 480 6 11 1 24 0
223 CANCEL 420
223 ORDER 481 37 12 3 5 1
223 ORDER 482 39 26 2 16 1
224 CANCEL 160
224 ORDER 483 42 20 2 2 0
224 ORDER 484 27 11 1 38 0
225 ORDER 485 15 17 1 15 0
225 ORDER 486 8 15 3 2 1
226 ORDER 487 19 24 48 41 0
226 ORDER 488 39 21 2 31 3
227 CANCEL 400
227 ORDER 489 32 32 42 40 3
227 ORDER 490 16 24 25 40 0
228 ORDER 491 43 11 3 36 0
228 ORDER 492 43 33 1 22 0
229 ORDER 493 46 30 1 9 1
229 ORDER 494 35 32 2 16 1
229 ORDER 495 21 17 6 40 1
229 BLOCK 18 36
230 ORDER 496 7 38 54 40 0
230 ORDER 497 39 21 30 41 0
231 ORDER 498 15 3 3 22 0
231 ORDER 499 43 27 16 40 0
232 ORDER 500 37 18 22 40 0
232 ORDER 501 9 5 1 40 0
233 ORDER 502 38 18 1 41 0
233 ORDER 503 32 12 34 40 0
234 ORDER 504 16 8 2 22 3
234 ORDER 505 29 14 3 4 0
234 BLOCK 38 33
235 ORDER 506 47 29 3 26 1
235 ORDER 507 21 15 1 24 2
236 CANCEL 207
236 ORDER 508 29 21 28 40 0
236 ORDER 509 15 17 3 31 1
236 ORDER 510 6 15 16 40 1
237 ORDER 511 50 27 34 41 2
237 ORDER 512 20 8 1 32 0
237 ORDER 513 22 29 1 20 0
238 ORDER 514 31 8 51 41 0
238 ORDER 515 23 12 1 21 0
239 ORDER 516 19 20 3 37 3
239 ORDER 517 7 18 3 26 0
240 ORDER 518 8 27 43 41 0
240 ORDER 519 12 24 25 41 0
241 CANCEL 140
241 CANCEL 195
241 CANCEL 423
241 ORDER 520 6 38 3 12 0
241 ORDER 521 11 3 1 9 0
242 ORDER 522 10 33 1 27 0
242 ORDER 523 7 29 1 28 1
243 ORDER 524 42 20 3 37 0
243 ORDER 525 6 18 2 23 1
244 ORDER 526 37 17 3 41 0
244 ORDER 527 23 37 28 40 0
245 CANCEL 155
245 ORDER 528 51 35 2 39 0
245 ORDER 529 9 6 24 40 1
246 ORDER 530 31 14 37 40 0
246 ORDER 531 21 14 3 25 1
247 ORDER 532 42 9 2 3 0
247 ORDER 533 46 3 13 41 1
247 ORDER 534 26 17 3 6 0
248 ORDER 535 25 9 2 40 1
248 ORDER 536 40 35 34 40 0
249 ORDER 537 22 9 33 40 2
249 ORDER 538 22 6 1 1 2
250 CANCEL 271
250 ORDER 539 10 3 24 41 0
250 ORDER 540 32 27 24 40 0
251 CANCEL 256
251 ORDER 541 17 33 19 41 2
251 ORDER 542 11 14 8 41 0
252 UNBLOCK 42 20
252 ORDER 543 13 26 28 41 2
252 ORDER 544 49 11 1 21 0
253 ORDER 545 25 17 32 40 0
253 ORDER 546 50 27 3 8 1
253 BLOCK 45 39
254 ORDER 547 37 15 1 35 0
254 ORDER 548 36 9 8 40 0
255 ORDER 549 25 21 1 18 0
255 ORDER 550 9 3 2 4 0
255 ORDER 551 37 20 48 40 0
256 ORDER 552 41 38 2 41 0
256 ORDER 553 48 20 48 41 0
257 ORDER 554 48 21 1 9 0
257 ORDER 555 19 17 43 40 1
258 ORDER 556 47 26 1 32 1
258 ORDER 557 37 14 1 21 2
259 CANCEL 534
259 ORDER 558 20 3 1 3 1
259 ORDER 559 40 9 3 15 1
259 ORDER 560 11 38 29 41 0
260 CANCEL 507
260 ORDER 561 42 26 1 15 1
260 ORDER 562 50 30 1 40 0
261 ORDER 563 46 32 1 39 0
261 ORDER 564 51 23 3 23 3
262 ORDER 565 27 15 3 6 0
262 ORDER 566 16 17 3 26 0
262 ORDER 567 30 32 2 4 2
263 ORDER 568 39 12 29 41 0
263 ORDER 569 24 9 25 40 1
264 ORDER 570 20 3 1 1 1
264 ORDER 571 24 17 48 40 0
265 ORDER 572 32 38 1 33 0
265 ORDER 573 50 29 3 36 1
266 ORDER 574 16 9 3 31 0
266 ORDER 575 46 33 9 41 1
266 ORDER 576 47 26 2 30 0
267 UNBLOCK 15 9
267 ORDER 577 51 26 34 41 1
267 ORDER 578 10 30 14 41 2
268 ORDER 579 44 6 42 41 2
268 ORDER 580 14 9 3 33 0
269 CANCEL 574
269 ORDER 581 39 17 8 40 0
269 ORDER 582 36 33 2 5 0
270 ORDER 583 15 5 1 7 1
270 ORDER 584 8 14 2 5 0
271 ORDER 585 25 35 1 1 0
271 ORDER 586 15 20 26 41 2
271 ORDER 587 39 36 2 12 1
272 ORDER 588 20 29 12 40 0
272 ORDER 589 38 35 2 33 1
273 ORDER 590 15 29 4 40 0
273 ORDER 591 18 23 1 4 0
274 ORDER 592 8 6 27 41 1
274 ORDER 593 29 3 24 40 0
275 ORDER 594 7 38 1 15 1
275 ORDER 595 24 26 1 20 0
276 ORDER 596 39 14 42 41 3
276 ORDER 597 11 21 22 41 0
277 ORDER 598 36 32 28 41 0
277 ORDER 599 37 14 3 19 1
278 ORDER 600 7 11 8 40 1
278 ORDER 601 19 27 2 3 0
279 ORDER 602 36 9 2 11 1
279 ORDER 603 24 12 2 6 0
279 ORDER 604 25 30 3 12 0
280 ORDER 605 8 36 2 6 1
280 ORDER 606 37 36 2 5 0
280 ORDER 607 48 30 47 40 1
281 CANCEL 512
281 ORDER 608 36 5 25 41 2
281 ORDER 609 31 35 2 19 1
281 ORDER 610 7 20 3 39 0
282 CANCEL 380
282 ORDER 611 36 6 18 40 0
282 ORDER 612 28 18 3 28 2
283 ORDER 613 41 5 1 15 0
283 ORDER 614 36 3 2 12 1
284 ORDER 615 10 21 3 30 0
284 ORDER 616 31 30 2 2 0
284 ORDER 617 50 32 2 19 3
285 ORDER 618 18 35 2 6 1
285 ORDER 619 25 3 3 22 0
286 ORDER 620 17 14 3 5 0
286 ORDER 621 35 14 1 5 0
287 ORDER 622 7 14 3 27 0
287 ORDER 623 35 23 3 3 0
288 ORDER 624 42 17 23 40 0
288 ORDER 625 15 5 1 39 1
289 ORDER 626 23 27 1 19 1
289 ORDER 627 31 23 1 7 0
290 CANCEL 469
290 UNBLOCK 18 36
290 ORDER 628 51 26 36 41 0
290 ORDER 629 9 35 12 40 0
291 ORDER 630 22 30 41 40 0
291 ORDER 631 42 20 27 40 1
292 ORDER 632 9 12 1 39 0
292 ORDER 633 38 14 4 40 0
293 ORDER 634 25 9 3 30 0
293 ORDER 635 21 22 3 37 0
294 ORDER 636 18 18 2 38 1
294 ORDER 637 30 33 1 21 0
295 CANCEL 300
295 ORDER 638 10 12 1 34 0
295 ORDER 639 21 12 2 39 0
296 ORDER 640 28 30 30 40 2
296 ORDER 641 15 21 3 40 0
297 ORDER 642 23 24 26 40 0
297 ORDER 643 13 32 3 10 1
298 ORDER 644 41 35 40 40 2
298 ORDER 645 45 17 24 41 1
299 ORDER 646 45 9 31 40 3
299 ORDER 647 31 26 19 40 0
300 ORDER 648 30 8 3 6 0
300 ORDER 649 22 32 49 40 2
301 ORDER 650 20 32 35 40 1
301 ORDER 651 45 17 1 19 0
302 ORDER 652 18 6 1 10 1
302 ORDER 653 43 27 2 6 1
302 ORDER 654 19 27 2 23 1
303 CANCEL 640
303 ORDER 655 40 5 3 11 3
303 ORDER 656 10 27 2 25 0
304 ORDER 657 7 32 1 7 0
304 ORDER 658 15 11 24 40 0
304 ORDER 659 34 38 1 10 0
305 ORDER 660 23 11 19 41 0
305 ORDER 661 41 38 4 41 1
306 ORDER 662 49 23 1 6 3
306 ORDER 663 24 14 41 40 0
307 ORDER 664 33 11 1 41 2
307 ORDER 665 47 23 20 41 0
308 ORDER 666 44 20 3 11 1
308 ORDER 667 40 3 12 40 1
309 CANCEL 410
309 CANCEL 556
309 ORDER 668 21 33 12 40 0
309 ORDER 669 16 18 2 12 0
310 ORDER 670 37 32 2 22 1
310 ORDER 671 6 23 15 41 3
311 ORDER 672 21 38 1 35 1
311 ORDER 673 29 32 3 7 0
312 ORDER 674 31 15 3 22 0
312 ORDER 675 21 6 2 16 1
312 ORDER 676 32 15 3 10 0
313 ORDER 677 21 30 45 41 0
313 ORDER 678 17 30 1 34 1
313 ORDER 679 24 5 34 41 0
314 UNBLOCK 38 33
314 ORDER 680 46 20 3 18 1
314 ORDER 681 48 32 3 41 0
314 ORDER 682 22 11 29 41 0
315 ORDER 683 41 17 48 40 0
315 ORDER 684 44 14 1 4 0
316 ORDER 685 11 8 3 8 0
316 ORDER 686 47 21 51 41 0
317 ORDER 687 28 20 1 13 1
317 ORDER 688 7 3 1 21 1
318 ORDER 689 37 23 32 41 1
318 ORDER 690 21 8 42 40 0
319 ORDER 691 37 26 2 5 2
319 ORDER 692 7 17 2 13 0
320 CANCEL 335
320 CANCEL 684
320 ORDER 693 47 12 2 26 0
320 ORDER 694 31 23 1 37 0
321 CANCEL 366
321 ORDER 695 28 24 3 41 0
321 ORDER 696 27 14 1 39 0
322 ORDER 697 10 21 3 10 0
322 ORDER 698 19 29 3 40 0
323 ORDER 699 7 18 37 41 0
323 ORDER 700 31 15 2 29 3
323 ORDER 701 36 24 39 40 1
324 CANCEL 619
324 ORDER 702 37 38 3 2 1
324 ORDER 703 21 27 2 8 0
324 BLOCK 14 22
325 ORDER 704 11 36 41 41 0
325 ORDER 705 30 12 1 15 1
326 ORDER 706 11 17 3 20 0
326 ORDER 707 10 9 40 41 0
327 CANCEL 357
327 ORDER 708 31 17 22 41 0
327 ORDER 709 30 38 53 41 0
328 ORDER 710 19 14 10 41 0
328 ORDER 711 18 12 3 5 0
328 ORDER 712 44 9 21 41 1
329 ORDER 713 21 12 1 7 0
329 ORDER 714 29 18 3 30 1
330 ORDER 715 31 12 3 32 1
330 ORDER 716 42 18 1 2 0
330 ORDER 717 24 14 2 3 1
331 ORDER 718 10 15 1 39 1
331 ORDER 719 21 21 1 36 0
332 ORDER 720 6 32 25 41 0
332 ORDER 721 30 29 2 25 1
333 ORDER 722 38 3 2 25 0
333 ORDER 723 17 24 2 29 0
334 ORDER 724 27 38 1 20 0
334 ORDER 725 47 3 3 21 0
335 ORDER 726 21 20 27 41 0
335 ORDER 727 48 15 29 41 0
335 ORDER 728 21 35 3 16 0
336 CANCEL 358
336 ORDER 729 13 36 31 40 0
336 ORDER 730 44 6 1 9 0
336 ORDER 731 23 24 6 41 1
337 ORDER 732 31 29 10 40 0
337 ORDER 733 48 18 26 40 1
338 ORDER 734 48 20 1 26 0
338 ORDER 735 29 21 1 18 0
339 ORDER 736 10 5 2 37 0
339 ORDER 737 12 24 3 3 0
339 ORDER 738 24 12 23 40 1
340 ORDER 739 17 35 8 40 1
340 ORDER 740 36 9 1 15 0
341 ORDER 741 13 35 23 40 2
341 ORDER 742 31 12 2 18 0
342 ORDER 743 10 24 49 40 0
342 ORDER 744 7 20 49 40 2
343 CANCEL 586
343 ORDER 745 27 33 11 41 2
343 ORDER 746 39 14 3 2 0
343 BLOCK 24 6
344 ORDER 747 39 12 2 7 0
344 ORDER 748 16 17 2 34 0
345 ORDER 749 42 17 2 39 0
345 ORDER 750 13 8 3 27 1
346 CANCEL 606
346 CANCEL 738
346 ORDER 751 30 14 1 27 2
346 ORDER 752 20 36 3 10 3
347 ORDER 753 45 6 44 40 0
347 ORDER 754 27 9 2 12 1
348 ORDER 755 26 23 32 40 0
348 ORDER 756 22 14 38 40 0
349 ORDER 757 21 30 41 41 0
349 ORDER 758 30 5 2 9 0
350 ORDER 759 19 33 2 26 1
350 ORDER 760 49 27 11 41 0
351 ORDER 761 42 27 2 15 0
351 ORDER 762 7 12 7 41 0
352 UNBLOCK 45 39
352 ORDER 763 31 32 3 35 0
352 ORDER 764 50 35 2 29 0
353 ORDER 765 18 15 3 39 0
353 ORDER 766 18 15 3 21 2
354 ORDER 767 30 3 10 41 0
354 ORDER 768 30 20 19 41 0
355 ORDER 769 46 30 3 33 0
355 ORDER 770 24 38 11 40 2
355 BLOCK 42 38
356 ORDER 771 23 24 3 38 0
356 ORDER 772 15 11 1 38 1
357 CANCEL 661
357 ORDER 773 45 9 2 9 0
357 ORDER 774 37 29 1 17 0
358 ORDER 775 12 12 2 39 1
358 ORDER 776 10 26 3 4 0
359 ORDER 777 21 27 3 3 0
359 ORDER 778 13 36 2 12 1
360 ORDER 779 19 9 22 41 0
360 ORDER 780 19 24 15 40 0
360 ORDER 781 31 23 1 41 1
360 BLOCK 27 40
361 ORDER 782 34 5 6 41 2
361 ORDER 783 20 26 31 41 1
361 ORDER 784 32 12 3 31 2
362 ORDER 785 7 5 3 18 1
362 ORDER 786 9 33 23 41 0
363 ORDER 787 29 32 4 41 0
363 ORDER 788 20 30 3 18 0
363 ORDER 789 37 32 2 6 1
364 ORDER 790 49 29 1 30 0
364 ORDER 791 38 17 1 1 1
365 ORDER 792 10 33 54 40 2
365 ORDER 793 50 17 47 40 0
366 ORDER 794 27 35 2 20 0
366 ORDER 795 8 36 33 41 1
367 ORDER 796 38 21 49 40 0
367 ORDER 797 18 9 3 10 3
368 CANCEL 794
368 ORDER 798 36 17 13 40 0
368 ORDER 799 30 30 39 41 1
369 ORDER 800 36 12 46 41 0
369 ORDER 801 51 11 1 30 0
370 ORDER 802 38 12 28 40 3
370 ORDER 803 17 24 2 39 3
371 ORDER 804 28 6 1 8 0
371 ORDER 805 26 33 2 18 0
372 ORDER 806 40 23 10 40 2
372 ORDER 807 21 24 2 27 2
373 ORDER 808 11 20 1 1 1
373 ORDER 809 10 3 51 40 0
374 ORDER 810 45 14 5 40 1
374 ORDER 811 42 18 2 2 0
375 ORDER 812 29 6 17 41 2
375 ORDER 813 48 36 3 13 0
376 ORDER 814 30 8 48 41 0
376 ORDER 815 47 27 3 28 3
377 ORDER 816 40 27 1 28 2
377 ORDER 817 37 15 1 35 1
378 ORDER 818 23 36 7 41 0
378 ORDER 819 15 5 3 30 0
378 ORDER 820 30 18 3 27 1
379 ORDER 821 10 32 3 32 0
379 ORDER 822 13 38 1 1 1
380 ORDER 823 9 6 30 41 0
380 ORDER 824 15 22 1 32 0
381 ORDER 825 10 29 1 6 0
381 ORDER 826 10 3 1 9 2
382 CANCEL 795
382 ORDER 827 41 18 3 31 2
382 ORDER 828 14 33 10 40 0
383 ORDER 829 9 38 1 30 0
383 ORDER 830 17 3 33 40 2
384 CANCEL 776
384 ORDER 831 19 35 1 9 0
384 ORDER 832 21 29 53 41 1
384 ORDER 833 8 3 5 40 1
385 ORDER 834 51 36 35 41 0
385 ORDER 835 33 11 9 41 1
386 CANCEL 709
386 ORDER 836 21 6 1 25 0
386 ORDER 837 46 14 2 17 0
386 ORDER 838 9 5 44 41 0
387 CANCEL 680
387 ORDER 839 7 5 48 40 0
387 ORDER 840 48 32 46 41 1
388 ORDER 841 48 24 3 9 0
388 ORDER 842 51 36 4 41 0
389 ORDER 843 22 11 35 41 1
389 ORDER 844 40 35 29 40 0
390 ORDER 845 45 23 3 21 0
390 ORDER 846 6 3 2 25 0
390 ORDER 847 32 14 3 35 0
391 ORDER 848 21 12 2 32 1
391 ORDER 849 19 32 3 37 0
392 CANCEL 809
392 ORDER 850 40 6 49 41 0
392 ORDER 851 27 9 10 41 0
393 ORDER 852 50 29 2 13 0
393 ORDER 853 16 15 3 20 1
394 CANCEL 538
394 ORDER 854 37 12 30 41 1
394 ORDER 855 18 17 2 21 0
395 CANCEL 760
395 ORDER 856 41 11 17 40 0
395 ORDER 857 15 18 33 41 1
396 ORDER 858 50 24 3 21 0
396 ORDER 859 18 15 3 30 1
397 ORDER 860 28 15 21 40 0
397 ORDER 861 17 24 44 41 0
398 ORDER 862 35 26 38 40 1
398 ORDER 863 10 3 2 18 0
399 ORDER 864 24 26 37 40 2
399 ORDER 865 25 11 3 15 3
400 UNBLOCK 14 22
400 ORDER 866 37 14 49 41 1
400 ORDER 867 11 32 24 41 0
401 CANCEL 634
401 ORDER 868 16 26 3 8 0
401 ORDER 869 9 30 31 40 0
402 ORDER 870 32 12 44 40 0
402 ORDER 871 18 24 11 41 0
402 BLOCK 40 30
403 ORDER 872 17 30 3 29 1
403 ORDER 873 6 3 1 10 0
404 CANCEL 632
404 ORDER 874 34 38 2 38 0
404 ORDER 875 39 27 36 40 1
405 ORDER 876 45 9 3 40 0
405 ORDER 877 39 17 27 40 0
406 CANCEL 643
406 ORDER 878 48 20 40 40 2
406 ORDER 879 27 12 2 18 2
407 ORDER 880 19 33 50 40 0
407 ORDER 881 15 15 19 41 0
408 ORDER 882 42 32 3 14 2
408 ORDER 883 14 35 53 41 0
408 ORDER 884 30 27 3 11 0
409 ORDER 885 43 6 43 40 2
409 ORDER 886 38 38 3 31 0
410 CANCEL 685
410 ORDER 887 10 24 1 2 0
410 ORDER 888 6 27 1 18 0
411 ORDER 889 23 8 27 41 0
411 ORDER 890 16 29 3 16 1
412 ORDER 891 21 24 1 14 1
412 ORDER 892 29 24 39 41 1
412 BLOCK 23 29
413 ORDER 893 40 23 1 38 0
413 ORDER 894 10 23 2 12 1
414 CANCEL 820
414 ORDER 895 11 32 10 41 0
414 ORDER 896 16 9 38 40 0
415 ORDER 897 42 27 18 40 1
415 ORDER 898 43 8 3 33 0
416 CANCEL 825
416 ORDER 899 14 32 1 14 0
416 ORDER 900 13 36 2 29 0
417 ORDER 901 45 8 3 32 0
417 ORDER 902 17 33 2 14 0
417 ORDER 903 47 5 1 15 2
418 ORDER 904 11 15 3 24 1
418 ORDER 905 26 21 2 27 0
419 ORDER 906 22 33 1 33 1
419 ORDER 907 18 6 50 41 1
420 ORDER 908 17 8 51 41 0
420 ORDER 909 29 26 34 41 1
421 ORDER 910 49 15 45 40 0
421 ORDER 911 37 12 2 11 0
421 ORDER 912 6 9 18 41 1
422 CANCEL 719
422 UNBLOCK 27 40
422 ORDER 913 46 5 20 41 0
422 ORDER 914 41 24 1 36 1
422 ORDER 915 8 11 50 40 0
422 BLOCK 17 9
423 ORDER 916 49 3 2 19 1
423 ORDER 917 10 26 19 40 0
424 ORDER 918 6 29 20 40 0
424 ORDER 919 21 15 6 40 0
425 ORDER 920 9 21 1 14 0
425 ORDER 921 41 33 36 40 0
426 ORDER 922 9 29 23 40 0
426 ORDER 923 49 26 2 8 0
427 ORDER 924 37 3 21 40 0
427 ORDER 925 41 30 2 6 0
428 ORDER 926 43 27 31 41 0
428 ORDER 927 28 21 54 40 3
429 CANCEL 880
429 ORDER 928 15 15 39 40 0
429 ORDER 929 16 21 2 9 2
430 CANCEL 541
430 ORDER 930 19 8 2 36 1
430 ORDER 931 33 9 37 40 1
431 ORDER 932 27 8 1 28 1
431 ORDER 933 30 14 3 18 0
431 ORDER 934 37 30 1 13 0
432 CANCEL 806
432 ORDER 935 38 18 32 40 0
432 ORDER 936 43 24 2 39 1
433 ORDER 937 50 23 28 41 0
433 ORDER 938 46 30 49 40 0
434 ORDER 939 18 17 23 40 0
434 ORDER 940 18 24 3 23 2
435 ORDER 941 30 20 1 14 0
435 ORDER 942 16 6 45 40 0
436 ORDER 943 37 3 32 40 0
436 ORDER 944 49 20 2 3 0
437 ORDER 945 18 35 41 41 0
437 ORDER 946 21 17 36 40 0
437 ORDER 947 11 27 2 38 1
438 ORDER 948 26 5 2 23 1
438 ORDER 949 14 38 39 40 1
439 ORDER 950 35 6 32 41 0
439 ORDER 951 17 20 2 22 2
440 ORDER 952 41 11 3 29 0
440 ORDER 953 18 24 3 22 0
441 ORDER 954 38 26 2 11 1
441 ORDER 955 48 35 3 6 1
442 ORDER 956 43 14 37 40 0
442 ORDER 957 44 9 3 24 0
443 ORDER 958 23 36 1 31 3
443 ORDER 959 49 30 3 2 2
444 ORDER 960 7 3 22 41 0
444 ORDER 961 11 26 1 8 2
445 ORDER 962 18 3 46 41 0
445 ORDER 963 33 18 5 41 1
446 ORDER 964 29 36 26 41 0
446 ORDER 965 10 6 17 40 0
447 CANCEL 881
447 ORDER 966 44 6 3 6 1
447 ORDER 967 46 20 2 21 1
448 ORDER 968 22 24 1 11 0
448 ORDER 969 35 23 3 39 1
449 ORDER 970 35 35 1 30 0
449 ORDER 971 45 20 2 31 0
450 CANCEL 579
450 ORDER 972 25 33 31 40 2
450 ORDER 973 47 36 10 40 0
451 ORDER 974 28 24 1 31 0
451 ORDER 975 10 6 49 41 2
452 CANCEL 911
452 ORDER 976 13 14 3 3 0
452 ORDER 977 45 11 2 7 2
453 ORDER 978 27 32 48 41 0
453 ORDER 979 19 18 23 40 0
454 ORDER 980 17 26 2 10 3
454 ORDER 981 28 30 2 18 0
455 ORDER 982 16 24 32 41 1
455 ORDER 983 10 12 53 40 2
455 BLOCK 36 11
456 ORDER 984 29 8 1 20 2
456 ORDER 985 50 29 1 19 1
457 UNBLOCK 42 38
457 ORDER 986 24 5 50 41 0
457 ORDER 987 6 38 1 18 0
457 ORDER 988 28 32 1 36 0
458 CANCEL 712
458 ORDER 989 19 5 1 16 0
458 ORDER 990 29 29 2 16 0
458 ORDER 991 37 3 9 40 0
459 CANCEL 683
459 ORDER 992 9 38 29 40 1
459 ORDER 993 17 15 2 29 1
460 CANCEL 890
460 ORDER 994 41 20 31 41 2
460 ORDER 995 18 36 1 8 1
461 ORDER 996 38 30 30 41 1
461 ORDER 997 49 12 2 3 0
462 ORDER 998 17 14 2 29 1
462 ORDER 999 40 36 2 14 2
463 ORDER 1000 41 5 21 41 0
463 ORDER 1001 43 20 2 37 0
463 ORDER 1002 49 33 50 41 0
464 ORDER 1003 26 18 52 40 0
464 ORDER 1004 20 6 53 40 1
465 ORDER 1005 37 32 2 41 1
465 ORDER 1006 8 3 15 41 0
466 ORDER 1007 7 30 3 34 0
466 ORDER 1008 41 33 10 40 3
467 ORDER 1009 11 25 18 40 0
467 ORDER 1010 29 38 37 41 1
468 ORDER 1011 43 6 41 40 1
468 ORDER 1012 32 35 1 5 0
469 ORDER 1013 16 18 47 41 0
469 ORDER 1014 33 18 48 40 1
470 ORDER 1015 48 33 3 37 0
470 ORDER 1016 25 18 49 41 0
471 ORDER 1017 30 20 28 40 1
471 ORDER 1018 26 30 12 40 0
472 ORDER 1019 9 23 1 36 0
472 ORDER 1020 34 9 2 23 1
473 ORDER 1021 48 38 11 40 1
473 ORDER 1022 40 17 3 25 0
474 ORDER 1023 38 6 1 4 1
474 ORDER 1024 27 5 3 26 3
474 ORDER 1025 17 26 25 41 0
475 ORDER 1026 31 17 1 20 2
475 ORDER 1027 13 6 3 33 0
476 UNBLOCK 24 6
476 ORDER 1028 30 3 2 41 3
476 ORDER 1029 35 30 21 41 1
477 ORDER 1030 21 21 1 29 0
477 ORDER 1031 17 15 14 40 1
477 ORDER 1032 10 24 2 22 0
477 BLOCK 23 23
478 ORDER 1033 51 27 34 41 0
478 ORDER 1034 36 35 39 41 0
479 CANCEL 940
479 ORDER 1035 19 35 1 21 1
479 ORDER 1036 16 27 29 41 0
479 ORDER 1037 49 21 22 40 0
480 CANCEL 979
480 CANCEL 1032
480 ORDER 1038 46 30 2 22 1
480 ORDER 1039 36 6 43 40 1
481 ORDER 1040 39 9 30 41 1
481 ORDER 1041 24 17 1 3 0
482 ORDER 1042 26 3 1 5 3
482 ORDER 1043 39 38 39 41 2
483 ORDER 1044 20 24 2 40 0
483 ORDER 1045 36 30 52 40 1
484 ORDER 1046 22 6 2 16 0
484 ORDER 1047 39 36 27 41 1
485 ORDER 1048 44 3 2 21 2
485 ORDER 1049 17 14 2 13 0
486 ORDER 1050 25 30 1 12 2
486 ORDER 1051 39 29 2 41 0
487 ORDER 1052 27 8 2 18 0
487 ORDER 1053 50 27 3 26 0
488 ORDER 1054 40 12 13 40 0
488 ORDER 1055 19 12 41 41 1
489 ORDER 1056 6 6 3 10 0
489 ORDER 1057 25 18 2 14 0
490 ORDER 1058 30 30 8 40 0
490 ORDER 1059 24 24 15 40 0
491 ORDER 1060 45 17 51 40 0
491 ORDER 1061 20 23 25 40 0
491 BLOCK 42 29
492 CANCEL 725
492 ORDER 1062 40 33 54 41 0
492 ORDER 1063 37 12 2 14 1
493 CANCEL 817
493 ORDER 1064 13 8 48 40 1
493 ORDER 1065 10 23 27 40 0
494 ORDER 1066 28 26 6 40 0
494 ORDER 1067 36 29 1 11 0
495 ORDER 1068 36 18 3 16 0
495 ORDER 1069 35 15 2 40 2
496 CANCEL 903
496 ORDER 1070 26 27 28 41 2
496 ORDER 1071 39 27 17 41 1
497 ORDER 1072 15 27 1 6 2
497 ORDER 1073 49 30 3 10 0
497 ORDER 1074 23 14 1 39 1
498 ORDER 1075 38 33 22 40 1
498 ORDER 1076 16 29 2 32 0
499 ORDER 1077 44 29 32 40 0
499 ORDER 1078 41 30 2 22 0
499 ORDER 1079 29 20 49 40 3
500 ORDER 1080 49 29 36 41 0
500 ORDER 1081 9 9 35 41 0
500 ORDER 1082 37 26 2 20 0
501 ORDER 1083 29 26 44 41 0
501 ORDER 1084 28 33 1 32 0
502 ORDER 1085 20 24 1 7 2
502 ORDER 1086 30 20 2 31 0
503 ORDER 1087 11 23 2 20 1
503 ORDER 1088 11 12 2 22 3
503 ORDER 1089 20 6 3 9 0
504 ORDER 1090 18 17 18 40 0
504 ORDER 1091 24 3 52 40 1
504 ORDER 1092 21 21 3 26 0
505 ORDER 1093 24 3 2 34 3
505 ORDER 1094 24 24 2 19 1
506 ORDER 1095 25 21 6 40 1
506 ORDER 1096 20 24 2 29 0
507 ORDER 1097 23 24 3 19 1
507 ORDER 1098 10 6 49 40 1
508 ORDER 1099 12 20 10 40 0
508 ORDER 1100 36 11 13 41 2
509 ORDER 1101 20 27 40 41 0
509 ORDER 1102 41 17 6 41 0
510 ORDER 1103 50 38 3 14 2
510 ORDER 1104 48 3 2 35 1
511 CANCEL 1073
511 ORDER 1105 30 21 5 41 1
511 ORDER 1106 49 33 19 41 0
512 ORDER 1107 12 27 25 41 1
512 ORDER 1108 45 5 20 41 0
513 ORDER 1109 15 27 3 11 0
513 ORDER 1110 16 27 11 41 0
514 ORDER 1111 19 18 41 40 0
514 ORDER 1112 24 20 2 26 0
515 ORDER 1113 42 29 3 41 0
515 ORDER 1114 26 27 2 32 0
515 BLOCK 9 20
516 ORDER 1115 18 35 3 32 1
516 ORDER 1116 29 20 3 18 0
516 ORDER 1117 9 6 3 26 1
516 BLOCK 7 30
517 ORDER 1118 49 20 47 40 0
517 ORDER 1119 15 20 12 41 1
518 CANCEL 750
518 ORDER 1120 33 27 3 3 0
518 ORDER 1121 51 36 2 17 1
519 UNBLOCK 23 29
519 ORDER 1122 21 15 52 41 0
519 ORDER 1123 9 9 1 8 0
520 ORDER 1124 10 35 23 40 0
520 ORDER 1125 10 6 6 40 0
521 ORDER 1126 6 27 32 41 0
521 ORDER 1127 47 29 2 18 1
522 ORDER 1128 21 3 1 21 0
522 ORDER 1129 23 27 1 26 0
523 ORDER 1130 48 23 1 34 1
523 ORDER 1131 48 32 1 31 0
523 ORDER 1132 50 11 2 20 0
524 ORDER 1133 17 15 3 9 1
524 ORDER 1134 27 3 1 27 0
524 ORDER 1135 37 36 2 36 1
525 UNBLOCK 40 30
525 ORDER 1136 31 38 2 11 0
525 ORDER 1137 39 9 46 41 0
526 CANCEL 722
526 ORDER 1138 41 24 26 41 0
526 ORDER 1139 47 18 2 30 0
527 ORDER 1140 42 18 1 10 0
527 ORDER 1141 32 14 2 18 0
528 ORDER 1142 24 24 2 16 0
528 ORDER 1143 30 9 3 20 0
529 ORDER 1144 48 33 29 40 1
529 ORDER 1145 21 32 9 40 2
530 ORDER 1146 6 14 3 14 0
530 ORDER 1147 45 15 2 39 0
530 ORDER 1148 39 38 31 40 0
531 ORDER 1149 49 32 44 40 0
531 ORDER 1150 36 6 26 40 2
532 ORDER 1151 44 23 3 24 0
532 ORDER 1152 41 24 3 3 0
533 ORDER 1153 19 23 2 23 2
533 ORDER 1154 22 8 2 41 3
534 ORDER 1155 36 20 54 41 0
534 ORDER 1156 39 29 29 41 1
535 ORDER 1157 35 14 2 1 1
535 ORDER 1158 21 5 3 8 1
536 ORDER 1159 12 19 3 40 2
536 ORDER 1160 28 14 3 23 0
537 ORDER 1161 36 4 1 25 2
537 ORDER 1162 28 20 2 22 0
538 ORDER 1163 25 18 2 8 1
538 ORDER 1164 14 17 3 15 0
539 ORDER 1165 9 24 10 40 1
539 ORDER 1166 7 17 1 2 0
539 ORDER 1167 24 38 2 13 0
540 ORDER 1168 6 6 16 40 1
540 ORDER 1169 19 12 10 40 3
541 ORDER 1170 7 21 1 35 0
541 ORDER 1171 35 11 1 5 0
542 ORDER 1172 8 18 1 14 0
542 ORDER 1173 22 27 2 21 0
543 UNBLOCK 17 9
543 ORDER 1174 43 12 1 6 1
543 ORDER 1175 28 17 46 41 1
544 ORDER 1176 18 35 2 36 2
544 ORDER 1177 46 26 50 41 0
545 ORDER 1178 8 11 19 41 3
545 ORDER 1179 50 24 23 41 0
546 ORDER 1180 32 9 32 40 2
546 ORDER 1181 19 20 3 30 1
546 BLOCK 23 1
547 ORDER 1182 35 23 1 38 0
547 ORDER 1183 7 30 2 14 0
547 ORDER 1184 6 8 3 33 1
548 ORDER 1185 10 5 35 41 1
548 ORDER 1186 7 26 13 41 0
549 ORDER 1187 22 30 2 7 0
549 ORDER 1188 11 18 49 40 0
550 ORDER 1189 41 15 44 41 0
550 ORDER 1190 18 38 2 25 0
551 ORDER 1191 6 23 2 13 2
551 ORDER 1192 21 5 1 29 0
551 ORDER 1193 23 38 6 41 0
552 CANCEL 996
552 ORDER 1194 24 3 3 30 0
552 ORDER 1195 26 33 52 40 1
553 ORDER 1196 32 12 27 41 2
553 ORDER 1197 49 26 3 40 1
554 CANCEL 1081
554 ORDER 1198 9 32 1 6 0
554 ORDER 1199 38 20 1 40 0
555 ORDER 1200 48 33 26 40 1
555 ORDER 1201 29 33 1 19 0
556 CANCEL 964
556 ORDER 1202 28 14 8 41 1
556 ORDER 1203 38 20 38 41 0
556 BLOCK 47 20
557 ORDER 1204 40 27 2 23 2
557 ORDER 1205 36 8 39 41 0
557 BLOCK 44 37
558 ORDER 1206 47 20 3 37 0
558 ORDER 1207 17 20 2 30 1
558 ORDER 1208 26 32 1 14 1
559 ORDER 1209 38 35 5 40 0
559 ORDER 1210 43 38 3 30 0
560 ORDER 1211 48 26 3 33 1
560 ORDER 1212 45 3 51 41 0
561 CANCEL 1191
561 ORDER 1213 33 36 1 40 0
561 ORDER 1214 29 38 3 28 0
562 ORDER 1215 23 6 2 15 3
562 ORDER 1216 43 14 2 13 2
562 ORDER 1217 32 12 2 39 0
563 ORDER 1218 48 38 50 40 0
563 ORDER 1219 41 33 13 40 0
563 ORDER 1220 14 32 1 13 1
564 CANCEL 821
564 ORDER 1221 39 21 35 40 1
564 ORDER 1222 8 9 4 40 0
565 ORDER 1223 7 8 1 29 1
565 ORDER 1224 35 12 2 12 1
566 CANCEL 938
566 CANCEL 1062
566 ORDER 1225 36 17 42 40 0
566 ORDER 1226 9 30 2 23 3
566 ORDER 1227 47 33 1 6 1
567 ORDER 1228 30 27 51 41 1
567 ORDER 1229 20 18 1 40 1
568 CANCEL 843
568 CANCEL 859
568 ORDER 1230 11 20 3 38 2
568 ORDER 1231 18 20 41 40 0
568 ORDER 1232 35 35 43 40 0
569 ORDER 1233 41 9 54 40 0
569 ORDER 1234 28 26 49 41 0
570 CANCEL 1025
570 ORDER 1235 8 5 3 26 1
570 ORDER 1236 46 24 18 41 0
570 ORDER 1237 35 14 3 1 0
571 ORDER 1238 9 35 34 41 2
571 ORDER 1239 19 8 1 7 0
572 CANCEL 897
572 ORDER 1240 27 8 6 40 1
572 ORDER 1241 31 6 49 41 0
573 ORDER 1242 24 5 3 20 2
573 ORDER 1243 27 33 6 41 0
573 ORDER 1244 15 21 32 40 1
574 UNBLOCK 7 30
574 CANCEL 1177
574 ORDER 1245 28 33 1 19 0
574 ORDER 1246 38 17 1 18 0
575 CANCEL 918
575 ORDER 1247 11 21 9 40 0
575 ORDER 1248 25 3 3 36 2
576 ORDER 1249 10 23 3 26 0
576 ORDER 1250 12 20 3 15 0
576 ORDER 1251 18 9 1 13 0
577 ORDER 1252 10 14 48 40 0
577 ORDER 1253 25 17 3 18 0
578 ORDER 1254 49 9 50 41 1
578 ORDER 1255 46 33 2 30 0
578 ORDER 1256 19 30 44 41 0
579 ORDER 1257 32 24 20 41 1
579 ORDER 1258 20 38 2 27 0
580 ORDER 1259 35 24 1 8 0
580 ORDER 1260 22 35 23 40 0
581 CANCEL 888
581 ORDER 1261 37 30 3 13 1
581 ORDER 1262 50 5 8 40 1
582 CANCEL 870
582 ORDER 1263 21 27 2 13 0
582 ORDER 1264 19 8 1 26 0
582 ORDER 1265 48 8 1 5 1
583 UNBLOCK 36 11
583 ORDER 1266 41 24 1 37 1
583 ORDER 1267 17 9 40 40 0
584 UNBLOCK 23 23
584 ORDER 1268 31 36 3 36 0
584 ORDER 1269 19 6 3 9 0
585 ORDER 1270 34 18 1 35 2
585 ORDER 1271 38 17 1 12 1
586 ORDER 1272 26 27 1 38 2
586 ORDER 1273 42 24 5 41 0
587 CANCEL 1145
587 ORDER 1274 19 6 21 40 1
587 ORDER 1275 20 30 36 41 0
588 ORDER 1276 37 4 21 41 1
588 ORDER 1277 48 12 3 7 1
588 ORDER 1278 35 20 1 30 1
589 ORDER 1279 36 15 3 4 0
589 ORDER 1280 38 24 1 24 0
590 ORDER 1281 7 15 3 3 0
590 ORDER 1282 38 26 17 41 0
590 ORDER 1283 49 27 1 31 0
591 CANCEL 1190
591 ORDER 1284 28 12 3 38 0
591 ORDER 1285 7 29 49 40 0
592 ORDER 1286 45 8 1 1 0
592 ORDER 1287 46 12 1 16 3
593 ORDER 1288 36 35 2 32 0
593 ORDER 1289 34 18 1 2 0
593 ORDER 1290 27 35 3 26 0
594 ORDER 1291 40 21 13 41 1
594 ORDER 1292 48 5 22 40 3
595 CANCEL 1023
595 ORDER 1293 21 23 2 11 0
595 ORDER 1294 51 25 2 27 1
596 ORDER 1295 41 29 49 40 1
596 ORDER 1296 39 17 43 41 0
597 ORDER 1297 24 9 3 17 1
597 ORDER 1298 40 36 16 41 1
598 CANCEL 877
598 ORDER 1299 31 8 15 40 3
598 ORDER 1300 35 6 2 10 0
598 ORDER 1301 20 26 2 13 0
598 BLOCK 48 32
599 ORDER 1302 49 17 45 41 1
599 ORDER 1303 12 5 1 31 1
600 ORDER 1304 18 12 16 40 0
600 ORDER 1305 6 20 41 40 2
601 CANCEL 1260
601 ORDER 1306 22 27 13 41 0
601 ORDER 1307 30 18 24 40 1
602 UNBLOCK 9 20
602 ORDER 1308 42 38 49 40 1
602 ORDER 1309 10 15 48 41 0
603 ORDER 1310 48 21 2 18 0
603 ORDER 1311 38 35 2 38 1
603 ORDER 1312 15 3 19 41 1
604 CANCEL 1022
604 ORDER 1313 28 23 21 41 2
604 ORDER 1314 14 35 1 3 0
605 ORDER 1315 46 17 4 40 1
605 ORDER 1316 30 6 36 40 0
606 ORDER 1317 20 33 47 40 1
606 ORDER 1318 18 12 1 23 1
607 ORDER 1319 37 6 23 41 0
607 ORDER 1320 51 11 17 40 1
608 UNBLOCK 42 29
608 ORDER 1321 39 11 54 41 1
608 ORDER 1322 30 6 3 36 1
608 CANCEL 101322
609 CANCEL 922
609 CANCEL 1150
609 ORDER 1323 49 3 2 16 2
609 ORDER 1324 18 8 1 1 1
610 ORDER 1325 14 32 1 3 0
610 ORDER 1326 35 3 3 21 2
611 ORDER 1327 37 21 2 8 0
611 ORDER 1328 26 11 2 14 0
612 ORDER 1329 34 3 1 3 0
612 ORDER 1330 40 14 3 23 2
613 ORDER 1331 42 36 2 41 0
613 ORDER 1332 47 38 9 41 1
613 BLOCK 31 33
614 ORDER 1333 6 29 3 31 0
614 ORDER 1334 18 6 3 6 1
615 UNBLOCK 44 37
615 ORDER 1335 22 27 1 4 0
615 ORDER 1336 27 9 47 40 1
615 ORDER 1337 24 6 1 8 1
616 ORDER 1338 16 6 2 22 1
616 ORDER 1339 17 3 3 9 1
617 ORDER 1340 32 36 6 40 1
617 ORDER 1341 27 29 1 18 0
618 ORDER 1342 46 24 22 40 0
618 ORDER 1343 21 20 1 18 2
618 ORDER 1344 19 23 1 6 0
619 ORDER 1345 28 33 7 41 0
619 ORDER 1346 40 11 3 8 0
619 ORDER 1347 17 29 53 40 2
620 ORDER 1348 18 9 34 41 2
620 ORDER 1349 43 27 2 22 3
621 UNBLOCK 23 1
621 ORDER 1350 29 14 3 37 0
621 ORDER 1351 23 6 45 41 0
622 ORDER 1352 43 36 45 40 1
622 ORDER 1353 19 18 30 40 0
623 ORDER 1354 21 3 24 40 0
623 ORDER 1355 48 14 3 23 0
624 ORDER 1356 38 12 3 3 0
624 ORDER 1357 23 11 45 41 1
625 ORDER 1358 38 29 1 9 0
625 ORDER 1359 42 18 2 13 2
626 CANCEL 1124
626 ORDER 1360 30 11 42 41 2
626 ORDER 1361 46 14 39 41 0
627 ORDER 1362 18 36 54 41 0
627 ORDER 1363 37 8 1 22 1
628 CANCEL 1144
628 ORDER 1364 39 11 3 32 3
628 ORDER 1365 28 3 2 7 0
628 ORDER 1366 30 12 1 8 0
629 CANCEL 993
629 ORDER 1367 6 36 3 7 0
629 ORDER 1368 30 35 2 4 1
629 BLOCK 12 33
630 ORDER 1369 25 5 2 12 2
630 ORDER 1370 8 9 1 16 0
630 ORDER 1371 39 11 12 40 0
631 CANCEL 1123
631 ORDER 1372 11 15 50 40 0
631 ORDER 1373 6 29 2 29 1
632 CANCEL 1308
632 ORDER 1374 37 3 9 41 0
632 ORDER 1375 6 23 30 40 1
633 ORDER 1376 39 3 2 3 1
633 ORDER 1377 44 29 13 41 0
634 ORDER 1378 37 8 36 41 0
634 ORDER 1379 46 21 44 41 3
635 ORDER 1380 29 3 3 22 0
635 ORDER 1381 40 24 1 21 0
636 ORDER 1382 7 15 52 40 0
636 ORDER 1383 18 11 1 41 0
637 ORDER 1384 14 30 32 40 0
637 ORDER 1385 46 18 2 24 0
637 ORDER 1386 18 33 4 41 1
638 CANCEL 1112
638 ORDER 1387 36 33 5 41 0
638 ORDER 1388 18 18 18 41 0
639 ORDER 1389 15 9 1 31 0
639 ORDER 1390 17 36 2 26 0
639 ORDER 1391 50 21 1 29 0
640 ORDER 1392 30 18 2 13 0
640 ORDER 1393 35 5 3 24 3
640 ORDER 1394 9 19 6 41 3
641 ORDER 1395 43 36 1 12 0
641 ORDER 1396 37 35 2 5 1
642 ORDER 1397 32 36 1 23 0
642 ORDER 1398 37 14 30 41 0
643 ORDER 1399 49 29 2 29 0
643 ORDER 1400 13 38 43 41 0
644 ORDER 1401 32 26 3 12 1
644 ORDER 1402 9 18 3 28 2
645 CANCEL 1137
645 CANCEL 1222
645 ORDER 1403 43 18 2 15 1
645 ORDER 1404 23 8 31 40 0
645 ORDER 1405 20 21 2 40 0
646 ORDER 1406 32 24 1 22 1
646 ORDER 1407 47 15 46 41 1
647 UNBLOCK 47 20
647 ORDER 1408 49 29 8 40 0
647 ORDER 1409 29 12 21 41 2
648 ORDER 1410 21 30 37 41 0
648 ORDER 1411 20 20 1 15 0
649 ORDER 1412 18 38 2 1 1
649 ORDER 1413 11 14 3 6 0
650 ORDER 1414 15 29 9 40 1
650 ORDER 1415 40 8 1 29 0
651 ORDER 1416 46 11 2 14 1
651 ORDER 1417 6 35 53 40 2
652 ORDER 1418 10 6 1 41 2
652 ORDER 1419 49 30 1 21 0
653 CANCEL 1042
653 ORDER 1420 36 25 2 23 0
653 ORDER 1421 30 6 1 11 1
653 ORDER 1422 9 36 2 15 0
654 ORDER 1423 31 29 39 40 1
654 ORDER 1424 36 24 48 41 1
655 ORDER 1425 49 29 3 13 0
655 ORDER 1426 25 5 3 29 1
656 CANCEL 1353
656 ORDER 1427 21 32 1 9 2
656 ORDER 1428 16 20 41 41 0
656 ORDER 1429 7 23 2 25 0
657 ORDER 1430 49 6 2 38 0
657 ORDER 1431 29 20 3 23 1
658 ORDER 1432 48 21 49 41 0
658 ORDER 1433 22 21 28 40 1
659 ORDER 1434 6 24 23 40 0
659 ORDER 1435 47 30 2 19 0
659 ORDER 1436 27 12 46 41 2
660 ORDER 1437 9 35 2 9 0
660 ORDER 1438 29 8 1 20 0
661 ORDER 1439 47 21 10 40 1
661 ORDER 1440 46 14 2 36 0
662 ORDER 1441 31 23 41 40 2
662 ORDER 1442 30 18 45 40 0
663 ORDER 1443 29 17 3 14 1
663 ORDER 1444 18 19 1 41 2
664 ORDER 1445 20 26 4 40 1
664 ORDER 1446 11 38 1 18 0
665 ORDER 1447 30 5 4 40 0
665 ORDER 1448 36 9 46 40 0
665 ORDER 1449 9 35 45 40 0
666 ORDER 1450 28 26 31 41 0
666 ORDER 1451 8 37 2 34 2
667 ORDER 1452 26 27 1 28 0
667 ORDER 1453 16 21 1 22 2
668 CANCEL 1092
668 ORDER 1454 29 20 1 11 1
668 ORDER 1455 8 29 1 41 0
669 ORDER 1456 46 26 1 39 1
669 ORDER 1457 31 16 43 40 1
670 ORDER 1458 8 23 3 22 0
670 ORDER 1459 43 27 3 31 0
671 ORDER 1460 46 24 27 41 0
671 ORDER 1461 27 29 28 41 1
671 ORDER 1462 46 36 1 17 0
672 ORDER 1463 13 35 2 1 0
672 ORDER 1464 6 12 2 32 0
673 UNBLOCK 48 32
673 ORDER 1465 45 30 3 19 0
673 ORDER 1466 43 33 2 33 0
674 ORDER 1467 43 6 2 18 1
674 ORDER 1468 18 23 1 1 0
675 CANCEL 1153
675 ORDER 1469 19 21 3 4 0
675 ORDER 1470 6 12 18 41 1
676 ORDER 1471 10 6 44 41 0
676 ORDER 1472 17 20 54 40 0
677 ORDER 1473 12 30 3 15 1
677 ORDER 1474 30 3 51 41 1
678 CANCEL 1058
678 ORDER 1475 38 24 31 41 0
678 ORDER 1476 34 5 2 26 1
679 ORDER 1477 27 11 22 41 1
679 ORDER 1478 24 3 3 12 1
680 ORDER 1479 48 33 3 19 0
680 ORDER 1480 51 32 3 11 1
681 ORDER 1481 17 8 3 32 0
681 ORDER 1482 43 26 2 6 0
682 UNBLOCK 31 33
682 ORDER 1483 28 33 2 18 0
682 ORDER 1484 16 27 3 20 0
682 ORDER 1485 8 11 1 12 0
683 ORDER 1486 7 24 1 32 1
683 ORDER 1487 47 21 2 28 2
684 ORDER 1488 41 26 3 35 0
684 ORDER 1489 28 23 2 17 1
685 ORDER 1490 48 6 3 15 0
685 ORDER 1491 46 17 6 40 0
686 ORDER 1492 15 21 2 28 0
686 ORDER 1493 21 32 1 23 0
687 CANCEL 1422
687 ORDER 1494 6 20 16 41 0
687 ORDER 1495 48 29 47 40 0
687 ORDER 1496 22 29 2 9 1
688 CANCEL 1295
688 ORDER 1497 9 3 3 9 1
688 ORDER 1498 19 14 43 40 0
689 ORDER 1499 45 21 48 41 0
689 ORDER 1500 11 20 6 41 3
689 CANCEL 101500
690 ORDER 1501 38 12 37 41 2
690 ORDER 1502 11 17 3 28 0
691 ORDER 1503 21 35 42 40 0
691 ORDER 1504 40 32 1 7 0
692 CANCEL 1143
692 ORDER 1505 28 21 10 40 1
692 ORDER 1506 38 27 1 26 1
693 ORDER 1507 39 30 3 4 0
693 ORDER 1508 27 14 2 33 3
694 ORDER 1509 36 3 3 27 0
694 ORDER 1510 14 30 2 41 3
695 ORDER 1511 22 14 30 41 1
695 ORDER 1512 34 38 3 31 0
696 ORDER 1513 46 3 2 23 0
696 ORDER 1514 44 14 18 40 0
697 ORDER 1515 12 38 11 40 0
697 ORDER 1516 37 14 13 40 3
698 ORDER 1517 19 38 35 41 0
698 ORDER 1518 37 26 54 41 1
698 ORDER 1519 30 17 49 41 0
699 ORDER 1520 42 36 3 7 0
699 ORDER 1521 25 33 1 5 0
700 CANCEL 1203
700 CANCEL 1285
700 CANCEL 1479
700 ORDER 1522 50 14 1 10 1
700 ORDER 1523 39 14 19 40 0
700 ORDER 1524 21 17 3 5 0
701 ORDER 1525 21 33 23 40 0
701 ORDER 1526 25 32 2 9 0
702 ORDER 1527 19 35 1 30 2
702 ORDER 1528 22 6 3 21 1
703 CANCEL 1452
703 ORDER 1529 11 30 1 6 0
703 ORDER 1530 7 21 3 41 0
704 ORDER 1531 8 11 46 40 1
704 ORDER 1532 28 5 42 40 0
705 ORDER 1533 48 5 50 41 0
705 ORDER 1534 50 17 2 4 0
705 ORDER 1535 29 36 10 40 0
706 CANCEL 1440
706 ORDER 1536 38 5 3 34 0
706 ORDER 1537 11 6 2 5 2
707 ORDER 1538 15 9 2 15 0
707 ORDER 1539 47 8 3 28 0
708 ORDER 1540 21 24 37 40 3
708 ORDER 1541 42 9 2 14 0
708 ORDER 1542 39 8 2 19 0
709 ORDER 1543 38 30 3 9 0
709 ORDER 1544 6 33 15 40 0
710 ORDER 1545 41 35 2 1 1
710 ORDER 1546 41 17 46 40 1
711 ORDER 1547 17 5 3 41 0
711 ORDER 1548 30 3 7 40 1
711 ORDER 1549 30 36 28 41 0
712 CANCEL 1282
712 ORDER 1550 19 11 37 40 0
712 ORDER 1551 29 27 24 41 0
713 ORDER 1552 37 35 42 40 2
713 ORDER 1553 37 36 1 40 0
713 BLOCK 7 3
714 ORDER 1554 20 15 53 41 0
714 ORDER 1555 29 27 2 30 0
714 ORDER 1556 6 26 2 33 0
715 CANCEL 1193
715 ORDER 1557 11 14 47 41 0
715 ORDER 1558 31 35 2 35 0
716 ORDER 1559 38 21 38 40 0
716 ORDER 1560 36 35 1 32 0
717 CANCEL 1485
717 ORDER 1561 19 38 54 40 0
717 ORDER 1562 28 3 1 12 1
718 ORDER 1563 46 24 40 40 1
718 ORDER 1564 20 32 43 40 0
719 ORDER 1565 24 17 1 21 1
719 ORDER 1566 41 26 20 41 0
719 BLOCK 17 14
720 ORDER 1567 44 8 35 40 1
720 ORDER 1568 47 21 52 41 0
721 ORDER 1569 40 32 2 36 0
721 ORDER 1570 32 27 38 40 0
722 CANCEL 1427
722 ORDER 1571 47 30 18 40 0
722 ORDER 1572 36 3 51 40 0
722 ORDER 1573 42 30 11 41 0
723 ORDER 1574 36 26 2 40 2
723 ORDER 1575 22 35 2 3 0
723 ORDER 1576 25 3 24 41 0
724 ORDER 1577 31 32 38 40 0
724 ORDER 1578 45 11 3 33 0
725 ORDER 1579 38 15 3 17 0
725 ORDER 1580 16 3 19 40 0
725 ORDER 1581 51 27 2 35 2
726 CANCEL 1368
726 ORDER 1582 7 33 26 40 0
726 ORDER 1583 45 12 3 15 0
727 ORDER 1584 14 30 14 41 0
727 ORDER 1585 35 5 13 40 0
728 ORDER 1586 37 5 46 41 0
728 ORDER 1587 26 32 12 40 0
729 ORDER 1588 29 24 12 40 1
729 ORDER 1589 43 36 3 16 0
730 ORDER 1590 33 18 1 27 1
730 ORDER 1591 10 11 1 32 1
731 ORDER 1592 31 17 1 33 0
731 ORDER 1593 26 21 3 31 1
732 ORDER 1594 48 12 3 30 0
732 ORDER 1595 36 6 2 35 3
733 UNBLOCK 12 33
733 ORDER 1596 36 5 2 37 0
733 ORDER 1597 44 18 2 4 1
734 ORDER 1598 7 32 1 15 1
734 ORDER 1599 37 19 48 40 3
734 ORDER 1600 23 12 44 40 0
734 BLOCK 44 33
735 ORDER 1601 50 6 22 41 0
735 ORDER 1602 16 23 50 41 0
736 CANCEL 1258
736 ORDER 1603 47 12 3 7 0
736 ORDER 1604 38 17 2 12 0
736 ORDER 1605 49 30 47 41 0
737 ORDER 1606 42 18 1 2 1
737 ORDER 1607 50 26 35 40 0
738 ORDER 1608 7 18 1 24 0
738 ORDER 1609 6 23 2 4 0
739 ORDER 1610 36 21 14 40 0
739 ORDER 1611 29 18 2 13 3
740 ORDER 1612 36 15 3 11 2
740 ORDER 1613 9 8 2 11 0
740 ORDER 1614 31 5 41 41 0
740 BLOCK 50 3
741 ORDER 1615 30 30 3 21 2
741 ORDER 1616 20 33 3 21 1
742 ORDER 1617 34 38 22 40 1
742 ORDER 1618 20 26 1 23 0
743 ORDER 1619 25 32 3 2 2
743 ORDER 1620 8 33 3 22 0
744 ORDER 1621 11 6 3 11 0
744 ORDER 1622 18 29 1 41 0
744 ORDER 1623 22 9 7 41 1
745 ORDER 1624 44 27 3 35 0
745 ORDER 1625 42 26 7 40 0
746 ORDER 1626 34 5 4 40 0
746 ORDER 1627 32 27 52 41 0
747 ORDER 1628 21 17 21 41 0
747 ORDER 1629 10 3 41 40 1
748 ORDER 1630 32 17 2 15 0
748 ORDER 1631 8 5 3 14 0
749 ORDER 1632 49 24 39 40 0
749 ORDER 1633 7 15 16 41 0
750 ORDER 1634 35 21 42 40 0
750 ORDER 1635 43 26 1 27 3
751 ORDER 1636 18 38 2 3 0
751 ORDER 1637 28 32 49 40 0
752 ORDER 1638 26 35 2 5 0
752 ORDER 1639 39 29 2 5 0
753 ORDER 1640 46 8 16 40 0
753 ORDER 1641 21 33 2 31 0
754 ORDER 1642 38 14 1 20 0
754 ORDER 1643 29 36 3 16 1
755 ORDER 1644 36 30 1 21 0
755 ORDER 1645 12 12 3 32 0
755 ORDER 1646 41 33 3 20 0
756 ORDER 1647 23 29 33 41 1
756 ORDER 1648 17 11 2 33 0
757 ORDER 1649 16 21 36 41 0
757 ORDER 1650 22 38 3 14 1
758 ORDER 1651 45 20 24 40 3
758 ORDER 1652 16 27 2 27 0
759 ORDER 1653 50 26 44 40 1
759 ORDER 1654 17 6 3 6 0
760 ORDER 1655 27 24 3 26 0
760 ORDER 1656 48 36 2 36 2
761 ORDER 1657 24 9 35 40 0
761 ORDER 1658 29 30 2 20 2
762 ORDER 1659 7 20 1 38 0
762 ORDER 1660 11 15 53 40 0
763 ORDER 1661 21 36 5 40 3
763 ORDER 1662 30 13 3 20 0
764 ORDER 1663 30 38 3 36 1
764 ORDER 1664 41 23 18 41 0
765 CANCEL 1510
765 ORDER 1665 19 5 1 35 0
765 ORDER 1666 34 11 39 40 2
766 ORDER 1667 41 32 2 27 1
766 ORDER 1668 50 11 1 7 0
767 ORDER 1669 49 9 26 40 0
767 ORDER 1670 27 24 1 9 1
768 ORDER 1671 51 35 1 20 0
768 ORDER 1672 49 12 1 38 1
769 ORDER 1673 31 29 2 19 0
769 ORDER 1674 17 15 47 41 0
770 ORDER 1675 46 8 3 6 2
770 ORDER 1676 37 17 49 40 0
770 ORDER 1677 43 24 3 39 0
771 ORDER 1678 34 36 12 41 0
771 ORDER 1679 46 12 2 31 1
772 ORDER 1680 12 36 27 41 0
772 ORDER 1681 21 26 36 40 2
773 ORDER 1682 10 12 1 32 1
773 ORDER 1683 42 32 44 40 0
774 ORDER 1684 17 14 1 23 0
774 ORDER 1685 42 20 1 8 1
775 ORDER 1686 8 36 1 4 0
775 ORDER 1687 24 8 3 25 0
776 ORDER 1688 6 29 1 11 3
776 ORDER 1689 19 38 49 41 0
776 ORDER 1690 27 15 2 27 0
777 CANCEL 1310
777 ORDER 1691 36 30 2 6 3
777 ORDER 1692 29 30 27 41 1
777 ORDER 1693 38 8 2 34 0
778 ORDER 1694 46 21 26 41 2
778 ORDER 1695 24 38 54 41 0
779 ORDER 1696 32 15 40 40 0
779 ORDER 1697 27 23 1 16 3
780 ORDER 1698 36 14 8 40 0
780 ORDER 1699 11 5 1 17 1
781 CANCEL 1299
781 ORDER 1700 28 33 23 41 2
781 ORDER 1701 18 30 6 40 1
782 ORDER 1702 9 3 1 35 1
782 ORDER 1703 33 20 19 40 0
783 CANCEL 1362
783 ORDER 1704 43 35 23 41 0
783 ORDER 1705 16 8 36 41 1
784 ORDER 1706 50 14 32 41 0
784 ORDER 1707 24 24 2 7 1
785 ORDER 1708 41 36 48 40 0
785 ORDER 1709 45 21 2 1 1
785 ORDER 1710 24 24 2 1 1
786 ORDER 1711 22 12 3 8 0
786 ORDER 1712 29 27 39 40 3
787 ORDER 1713 35 32 36 41 0
787 ORDER 1714 31 36 3 38 1
788 ORDER 1715 24 12 45 41 0
788 ORDER 1716 18 30 32 40 0
789 CANCEL 1490
789 ORDER 1717 29 21 1 14 0
789 ORDER 1718 38 27 2 12 0
789 ORDER 1719 46 8 1 32 0
790 CANCEL 1640
790 ORDER 1720 43 6 3 11 0
790 ORDER 1721 46 21 1 6 1
791 CANCEL 1690
791 ORDER 1722 48 18 3 8 1
791 ORDER 1723 49 26 24 40 1
792 UNBLOCK 17 14
792 ORDER 1724 36 20 1 11 0
792 ORDER 1725 19 9 3 23 1
792 ORDER 1726 28 3 16 40 0
793 ORDER 1727 10 6 1 37 0
793 ORDER 1728 12 24 3 35 0
794 ORDER 1729 26 30 2 12 0
794 ORDER 1730 21 23 26 41 0
795 ORDER 1731 35 8 2 16 0
795 ORDER 1732 49 20 3 35 0
795 BLOCK 15 12
796 ORDER 1733 21 3 1 20 0
796 ORDER 1734 50 14 25 40 0
797 ORDER 1735 16 29 2 26 0
797 ORDER 1736 32 24 2 31 3
798 ORDER 1737 28 18 42 41 1
798 ORDER 1738 16 27 3 22 0
799 ORDER 1739 36 18 46 41 2
799 ORDER 1740 30 14 1 21 0
800 ORDER 1741 20 33 1 38 0
800 ORDER 1742 17 11 45 40 0
800 ORDER 1743 11 5 52 41 0
801 ORDER 1744 7 9 2 23 0
801 ORDER 1745 31 17 2 17 0
802 CANCEL 1719
802 ORDER 1746 25 34 1 29 1
802 ORDER 1747 28 21 12 41 0
802 ORDER 1748 45 32 30 40 1
803 ORDER 1749 44 18 26 41 0
803 ORDER 1750 40 21 2 31 0
804 ORDER 1751 12 29 1 12 1
804 ORDER 1752 21 12 1 29 0
805 CANCEL 1620
805 ORDER 1753 25 5 14 41 0
805 ORDER 1754 25 21 3 14 1
806 ORDER 1755 6 26 1 32 0
806 ORDER 1756 41 11 44 41 0
807 UNBLOCK 44 33
807 ORDER 1757 8 24 2 29 0
807 ORDER 1758 30 14 51 40 1
808 ORDER 1759 26 29 1 15 0
808 ORDER 1760 49 23 1 31 0
808 BLOCK 14 19
809 ORDER 1761 38 17 7 41 0
809 ORDER 1762 43 27 3 19 0
810 CANCEL 1628
810 ORDER 1763 23 26 11 41 0
810 ORDER 1764 36 21 48 41 0
811 CANCEL 1428
811 ORDER 1765 29 15 21 40 1
811 ORDER 1766 24 3 42 40 0
811 BLOCK 35 3
812 CANCEL 1386
812 ORDER 1767 8 33 42 40 0
812 ORDER 1768 20 23 1 6 2
812 ORDER 1769 20 24 41 41 1
813 ORDER 1770 43 10 35 40 0
813 ORDER 1771 48 27 11 40 0
814 CANCEL 1692
814 ORDER 1772 41 23 2 14 0
814 ORDER 1773 30 14 44 41 0
815 CANCEL 1521
815 UNBLOCK 7 3
815 ORDER 1774 47 24 18 41 0
815 ORDER 1775 36 33 3 26 1
816 ORDER 1776 51 26 3 16 0
816 ORDER 1777 28 27 1 21 0
817 CANCEL 1624
817 ORDER 1778 19 21 47 41 1
817 ORDER 1779 33 9 2 27 0
818 CANCEL 1752
818 ORDER 1780 10 12 2 22 0
818 ORDER 1781 22 36 2 8 0
818 ORDER 1782 12 32 41 41 0
819 ORDER 1783 21 21 42 40 2
819 ORDER 1784 7 5 13 41 0
820 ORDER 1785 20 24 3 15 0
820 ORDER 1786 22 14 2 28 0
821 ORDER 1787 26 9 32 40 0
821 ORDER 1788 15 15 1 33 0
821 ORDER 1789 21 36 53 41 1
822 ORDER 1790 47 23 52 41 1
822 ORDER 1791 8 23 8 41 0
823 ORDER 1792 19 5 1 6 1
823 ORDER 1793 17 27 43 41 1
824 ORDER 1794 41 32 44 40 0
824 ORDER 1795 51 36 49 40 0
824 ORDER 1796 11 14 1 20 1
825 ORDER 1797 46 30 3 32 2
825 ORDER 1798 48 5 29 40 0
826 ORDER 1799 12 5 3 39 0
826 ORDER 1800 29 20 1 18 0
826 ORDER 1801 39 5 3 40 0
827 ORDER 1802 9 38 2 16 0
827 ORDER 1803 21 35 28 40 0
828 ORDER 1804 19 35 11 41 1
828 ORDER 1805 47 29 53 41 3
829 ORDER 1806 31 29 32 41 0
829 ORDER 1807 6 6 19 40 0
830 ORDER 1808 9 9 1 41 0
830 ORDER 1809 35 20 1 12 0
831 ORDER 1810 21 27 9 40 0
831 ORDER 1811 10 14 1 39 0
831 ORDER 1812 39 21 2 19 0
832 CANCEL 1688
832 ORDER 1813 36 24 1 29 2
832 ORDER 1814 41 33 1 5 1
832 BLOCK 44 24
833 ORDER 1815 8 17 49 40 1
833 ORDER 1816 19 27 2 16 0
833 ORDER 1817 50 30 32 41 0
834 ORDER 1818 18 27 2 20 2
834 ORDER 1819 46 23 2 4 1
835 ORDER 1820 8 36 10 40 0
835 ORDER 1821 11 38 2 2 0
836 ORDER 1822 27 26 3 5 0
836 ORDER 1823 9 18 3 10 1
837 ORDER 1824 41 9 1 35 0
837 ORDER 1825 20 24 18 41 0
838 CANCEL 1433
838 CANCEL 1502
838 ORDER 1826 9 36 1 18 0
838 ORDER 1827 31 17 48 41 0
838 ORDER 1828 13 36 2 15 1
838 BLOCK 17 41
839 ORDER 1829 24 11 3 26 1
839 ORDER 1830 39 5 3 20 0
840 ORDER 1831 36 11 3 41 0
840 ORDER 1832 46 9 2 19 0
841 CANCEL 1773
841 ORDER 1833 36 32 1 19 0
841 ORDER 1834 12 23 37 41 0
841 ORDER 1835 43 14 1 3 0
842 ORDER 1836 26 17 1 32 1
842 ORDER 1837 15 23 2 32 2
843 ORDER 1838 46 23 10 41 0
843 ORDER 1839 28 17 3 6 0
843 ORDER 1840 18 35 1 20 1
844 ORDER 1841 11 12 37 41 1
844 ORDER 1842 9 3 28 41 1
844 ORDER 1843 38 15 2 2 0
845 ORDER 1844 27 29 1 9 0
845 ORDER 1845 37 12 47 41 0
846 CANCEL 1472
846 ORDER 1846 8 9 40 41 0
846 ORDER 1847 12 18 2 17 0
847 ORDER 1848 50 27 2 16 0
847 ORDER 1849 50 5 12 40 0
847 ORDER 1850 35 23 32 40 0
847 BLOCK 37 27
848 ORDER 1851 11 17 3 4 1
848 ORDER 1852 45 30 18 41 0
849 ORDER 1853 28 23 2 2 0
849 ORDER 1854 46 6 1 41 0
850 ORDER 1855 48 8 1 17 0
850 ORDER 1856 17 4 2 35 2
851 ORDER 1857 26 18 1 30 1
851 ORDER 1858 46 9 35 41 0
851 ORDER 1859 38 18 1 27 0
852 ORDER 1860 47 6 2 34 0
852 ORDER 1861 6 27 3 6 0
852 ORDER 1862 7 15 2 22 0
853 ORDER 1863 19 14 39 40 0
853 ORDER 1864 47 28 2 6 0
854 ORDER 1865 45 30 8 41 1
854 ORDER 1866 28 18 1 40 0
855 ORDER 1867 45 20 49 41 0
855 ORDER 1868 23 14 1 22 0
856 ORDER 1869 20 23 3 28 0
856 ORDER 1870 6 24 9 41 0
857 ORDER 1871 42 24 3 35 0
857 ORDER 1872 40 6 1 36 0
858 ORDER 1873 50 38 3 37 0
858 ORDER 1874 33 38 2 31 3
859 UNBLOCK 35 3
859 ORDER 1875 25 35 26 40 2
859 ORDER 1876 42 24 2 3 0
860 ORDER 1877 51 23 11 41 0
860 ORDER 1878 36 12 1 25 1
860 ORDER 1879 11 9 27 40 3
861 ORDER 1880 8 8 18 40 1
861 ORDER 1881 30 38 1 17 2
862 ORDER 1882 36 35 2 12 2
862 ORDER 1883 13 12 1 16 3
863 ORDER 1884 30 3 3 18 1
863 ORDER 1885 9 5 51 41 1
864 ORDER 1886 50 17 2 2 0
864 ORDER 1887 16 20 3 17 1
865 ORDER 1888 36 27 2 7 0
865 ORDER 1889 43 6 3 11 0
866 ORDER 1890 42 11 15 40 3
866 ORDER 1891 43 35 28 41 0
867 ORDER 1892 6 17 1 9 1
867 ORDER 1893 21 35 49 41 1
868 CANCEL 1833
868 ORDER 1894 40 27 1 18 2
868 ORDER 1895 39 29 45 40 0
869 CANCEL 1844
869 ORDER 1896 42 33 3 39 1
869 ORDER 1897 40 17 42 41 0
870 UNBLOCK 50 3
870 ORDER 1898 24 8 3 10 0
870 ORDER 1899 47 33 3 14 2
871 CANCEL 1693
871 ORDER 1900 30 26 1 23 1
871 ORDER 1901 31 11 52 40 2
872 ORDER 1902 17 33 33 40 2
872 ORDER 1903 14 30 31 41 0
873 CANCEL 1761
873 ORDER 1904 40 15 2 29 0
873 ORDER 1905 43 14 1 39 0
874 CANCEL 1587
874 ORDER 1906 29 36 16 40 0
874 ORDER 1907 47 38 9 41 3
874 ORDER 1908 27 35 1 15 1
875 ORDER 1909 13 30 3 27 1
875 ORDER 1910 47 17 1 27 1
875 ORDER 1911 19 18 29 41 0
876 CANCEL 1545
876 ORDER 1912 49 23 2 3 1
876 ORDER 1913 39 29 47 41 0
876 ORDER 1914 32 7 52 40 2
877 ORDER 1915 42 24 2 29 1
877 ORDER 1916 11 5 7 40 0
878 ORDER 1917 50 35 2 15 0
878 ORDER 1918 28 33 1 31 0
879 ORDER 1919 43 35 19 40 1
879 ORDER 1920 27 11 3 40 0
879 ORDER 1921 32 33 3 7 0
880 CANCEL 1868
880 ORDER 1922 38 17 1 33 0
880 ORDER 1923 24 5 1 37 0
881 ORDER 1924 46 3 54 40 2
881 ORDER 1925 41 20 40 40 0
882 ORDER 1926 28 26 1 33 1
882 ORDER 1927 25 30 15 41 0
883 ORDER 1928 22 32 15 40 2
883 ORDER 1929 47 6 1 27 1
884 ORDER 1930 45 21 1 30 1
884 ORDER 1931 29 23 18 41 0
885 ORDER 1932 48 26 2 2 1
885 ORDER 1933 45 3 7 40 0
885 ORDER 1934 41 33 2 3 1
886 ORDER 1935 16 26 43 41 0
886 ORDER 1936 11 18 3 19 0
887 ORDER 1937 7 33 16 41 0
887 ORDER 1938 24 6 3 36 0
888 ORDER 1939 24 20 3 18 0
888 ORDER 1940 41 23 27 40 0
889 ORDER 1941 47 6 2 9 0
889 ORDER 1942 30 3 1 38 0
890 ORDER 1943 33 20 3 4 0
890 ORDER 1944 24 26 1 21 0
891 CANCEL 1650
891 CANCEL 1932
891 ORDER 1945 11 26 1 28 0
891 ORDER 1946 10 3 3 18 0
892 ORDER 1947 39 5 53 40 0
892 ORDER 1948 10 33 25 41 1
893 ORDER 1949 42 18 23 40 1
893 ORDER 1950 17 6 1 19 2
894 ORDER 1951 49 18 45 41 0
894 ORDER 1952 30 26 2 6 1
895 ORDER 1953 31 32 1 26 0
895 ORDER 1954 21 33 5 40 0
896 ORDER 1955 6 3 54 40 0
896 ORDER 1956 48 3 4 41 1
897 CANCEL 1623
897 ORDER 1957 14 38 1 11 2
897 ORDER 1958 32 36 5 40 0
898 ORDER 1959 35 24 53 41 0
898 ORDER 1960 11 29 14 41 2
899 CANCEL 1948
899 ORDER 1961 50 17 11 41 1
899 ORDER 1962 45 14 36 40 0
900 ORDER 1963 30 30 36 40 1
900 ORDER 1964 6 23 2 33 0
901 ORDER 1965 40 38 1 37 1
901 ORDER 1966 48 27 40 40 2
902 ORDER 1967 50 35 37 41 1
902 ORDER 1968 41 21 3 13 1
903 ORDER 1969 12 5 12 40 1
903 ORDER 1970 50 11 1 24 0
904 ORDER 1971 7 21 2 37 1
904 ORDER 1972 42 29 18 40 0
905 ORDER 1973 19 37 1 34 1
905 ORDER 1974 36 12 49 40 0
906 CANCEL 1933
906 ORDER 1975 30 18 5 40 0
906 ORDER 1976 39 23 9 40 0
907 ORDER 1977 8 35 53 40 0
907 ORDER 1978 31 35 13 41 0
908 CANCEL 1778
908 ORDER 1979 49 26 12 41 0
908 ORDER 1980 15 22 3 24 1
909 UNBLOCK 14 19
909 ORDER 1981 43 33 47 40 0
909 ORDER 1982 22 35 3 11 0
910 ORDER 1983 40 33 2 10 0
910 ORDER 1984 21 35 3 23 1
911 ORDER 1985 21 29 17 40 0
911 ORDER 1986 30 11 27 41 0
912 CANCEL 1768
912 ORDER 1987 30 20 26 40 2
912 ORDER 1988 27 15 1 37 0
913 ORDER 1989 37 33 19 41 1
913 ORDER 1990 19 9 1 22 1
914 ORDER 1991 19 24 19 40 0
914 ORDER 1992 17 36 37 41 0
915 ORDER 1993 32 32 2 15 0
915 ORDER 1994 6 36 3 9 0
916 ORDER 1995 39 3 32 40 0
916 ORDER 1996 36 8 50 40 0
917 CANCEL 1790
917 ORDER 1997 44 23 21 41 0
917 ORDER 1998 21 12 39 40 0
918 ORDER 1999 48 12 12 41 0
918 ORDER 2000 21 15 43 41 0
918 ORDER 2001 9 15 2 11 0
919 ORDER 2002 26 33 2 11 0
919 ORDER 2003 29 29 29 41 0
920 ORDER 2004 6 38 9 41 1
920 ORDER 2005 21 5 43 41 0
920 ORDER 2006 40 3 2 32 1
921 ORDER 2007 21 5 3 2 0
921 ORDER 2008 9 21 2 11 2
922 ORDER 2009 31 14 1 10 1
922 ORDER 2010 35 24 27 41 0
923 CANCEL 1606
923 ORDER 2011 31 32 1 8 0
923 ORDER 2012 26 15 49 41 0
923 ORDER 2013 8 9 12 40 1
924 ORDER 2014 27 33 3 36 2
924 ORDER 2015 51 9 2 34 1
925 CANCEL 1884
925 ORDER 2016 38 26 3 25 1
925 ORDER 2017 46 24 20 40 1
926 ORDER 2018 19 3 2 19 0
926 ORDER 2019 31 30 1 40 0
927 ORDER 2020 25 10 12 41 0
927 ORDER 2021 6 32 43 41 1
928 ORDER 2022 8 27 40 41 0
928 ORDER 2023 39 5 44 41 1
928 ORDER 2024 8 15 32 41 0
929 UNBLOCK 37 27
929 ORDER 2025 7 12 2 1 1
929 ORDER 2026 21 24 39 40 1
929 ORDER 2027 6 26 1 18 0
930 ORDER 2028 45 17 1 24 0
930 ORDER 2029 50 35 1 28 0
930 ORDER 2030 26 18 43 40 3
931 ORDER 2031 12 8 1 6 0
931 ORDER 2032 48 6 1 25 0
932 ORDER 2033 15 18 8 40 0
932 ORDER 2034 36 5 2 6 1
933 ORDER 2035 26 29 2 17 2
933 ORDER 2036 28 17 3 1 0
933 ORDER 2037 14 35 34 41 0
934 ORDER 2038 44 12 54 41 1
934 ORDER 2039 43 6 2 40 2
935 ORDER 2040 17 9 2 32 0
935 ORDER 2041 41 5 3 35 0
935 ORDER 2042 51 9 44 41 0
936 ORDER 2043 8 35 32 41 0
936 ORDER 2044 32 32 17 40 0
937 ORDER 2045 22 30 26 41 0
937 ORDER 2046 41 5 7 41 0
938 UNBLOCK 15 12
938 ORDER 2047 30 12 4 40 1
938 ORDER 2048 20 38 53 41 2
939 ORDER 2049 43 26 1 32 0
939 ORDER 2050 48 17 29 40 0
939 ORDER 2051 13 30 1 31 1
940 ORDER 2052 26 35 1 37 3
940 ORDER 2053 30 26 3 12 3
941 ORDER 2054 37 6 3 9 0
941 ORDER 2055 21 21 1 3 0
942 ORDER 2056 20 15 3 23 1
942 ORDER 2057 30 3 3 15 3
943 ORDER 2058 31 11 2 19 1
943 ORDER 2059 46 6 1 6 0
943 ORDER 2060 24 15 3 28 0
944 CANCEL 1829
944 ORDER 2061 37 8 11 40 0
944 ORDER 2062 7 23 1 5 3
945 ORDER 2063 6 9 18 41 0
945 ORDER 2064 20 23 43 40 1
945 ORDER 2065 38 23 3 37 1
946 ORDER 2066 51 33 33 40 1
946 ORDER 2067 9 11 1 40 0
946 ORDER 2068 40 23 3 25 0
947 ORDER 2069 31 32 12 41 2
947 ORDER 2070 42 29 48 40 1
948 ORDER 2071 7 17 2 41 0
948 ORDER 2072 24 18 2 12 0
948 ORDER 2073 25 35 28 41 0
949 ORDER 2074 8 5 36 41 0
949 ORDER 2075 47 38 2 39 0
949 ORDER 2076 46 15 27 40 0
950 CANCEL 1918
950 ORDER 2077 32 26 1 15 0
950 ORDER 2078 27 15 1 1 0
951 ORDER 2079 51 36 1 2 2
951 ORDER 2080 41 20 47 40 0
952 ORDER 2081 31 26 3 16 0
952 ORDER 2082 10 3 1 23 3
953 ORDER 2083 39 15 2 34 0
953 ORDER 2084 50 5 20 40 0
953 ORDER 2085 24 26 1 9 0
954 UNBLOCK 44 24
954 ORDER 2086 43 20 26 40 1
954 ORDER 2087 13 8 42 40 0
955 ORDER 2088 37 36 13 41 0
955 ORDER 2089 39 38 1 10 0
955 ORDER 2090 23 6 38 40 0
956 ORDER 2091 6 29 2 36 0
956 ORDER 2092 31 9 1 25 0
957 CANCEL 2058
957 CANCEL 2091
957 ORDER 2093 14 15 36 40 0
957 ORDER 2094 24 12 3 32 0
957 ORDER 2095 9 6 44 41 1
958 ORDER 2096 32 30 3 29 0
958 ORDER 2097 11 5 3 23 1
959 ORDER 2098 13 24 3 8 0
959 ORDER 2099 23 24 28 40 0
960 ORDER 2100 44 20 14 40 1
960 ORDER 2101 41 9 13 41 0
961 ORDER 2102 8 36 13 41 2
961 ORDER 2103 9 29 6 41 0
962 ORDER 2104 19 15 3 36 0
962 ORDER 2105 48 3 1 38 0
963 ORDER 2106 46 21 18 41 0
963 ORDER 2107 16 20 54 41 1
963 ORDER 2108 20 38 1 3 0
964 ORDER 2109 27 33 3 38 1
964 ORDER 2110 51 36 31 40 1
964 ORDER 2111 12 33 1 34 0
965 ORDER 2112 49 12 2 40 0
965 ORDER 2113 24 5 1 9 0
966 ORDER 2114 17 17 34 40 1
966 ORDER 2115 19 36 8 40 0
967 ORDER 2116 21 35 3 41 0
967 ORDER 2117 20 5 2 8 1
968 ORDER 2118 51 36 22 40 1
968 ORDER 2119 45 3 1 39 2
969 ORDER 2120 39 3 2 41 1
969 ORDER 2121 49 20 27 40 0
970 ORDER 2122 39 14 24 40 0
970 ORDER 2123 21 3 1 18 0
971 CANCEL 1888
971 ORDER 2124 48 26 32 41 1
971 ORDER 2125 20 23 25 41 0
972 ORDER 2126 8 8 3 35 0
972 ORDER 2127 29 38 32 41 2
973 ORDER 2128 10 20 1 30 1
973 ORDER 2129 9 29 3 36 1
973 ORDER 2130 41 38 29 41 0
974 ORDER 2131 25 20 3 18 0
974 ORDER 2132 12 18 3 5 2
975 ORDER 2133 49 5 1 26 2
975 ORDER 2134 33 18 52 41 0
976 CANCEL 1689
976 CANCEL 1956
976 ORDER 2135 27 33 3 33 0
976 ORDER 2136 10 21 2 12 0
977 ORDER 2137 47 32 1 21 0
977 ORDER 2138 49 24 2 13 0
977 ORDER 2139 11 11 1 29 0
978 ORDER 2140 12 35 32 40 0
978 ORDER 2141 11 23 52 41 1
978 ORDER 2142 40 36 48 40 1
979 ORDER 2143 30 36 3 38 3
979 ORDER 2144 19 24 2 27 0
980 ORDER 2145 8 32 28 41 0
980 ORDER 2146 12 29 36 40 0
980 ORDER 2147 29 35 3 11 0
981 ORDER 2148 47 23 22 40 0
981 ORDER 2149 12 35 27 40 0
982 CANCEL 1986
982 ORDER 2150 38 29 13 40 0
982 ORDER 2151 32 9 17 40 0
983 ORDER 2152 45 6 1 4 3
983 ORDER 2153 27 5 2 5 0
984 CANCEL 1813
984 CANCEL 1928
984 ORDER 2154 10 36 37 41 0
984 ORDER 2155 28 27 45 41 2
985 UNBLOCK 17 41
985 CANCEL 2097
985 ORDER 2156 6 8 1 27 0
985 ORDER 2157 24 38 1 11 0
986 CANCEL 2012
986 ORDER 2158 31 35 2 14 0
986 ORDER 2159 11 9 3 15 0
987 ORDER 2160 14 17 24 40 2
987 ORDER 2161 6 3 1 34 1
987 ORDER 2162 21 23 3 5 2
988 ORDER 2163 41 11 1 25 0
988 ORDER 2164 39 21 15 40 0
989 CANCEL 1730
989 ORDER 2165 15 17 3 6 0
989 ORDER 2166 30 11 1 2 0
990 ORDER 2167 20 35 3 11 0
990 ORDER 2168 19 26 41 40 0
991 ORDER 2169 46 23 7 41 0
991 ORDER 2170 50 21 6 40 2
991 ORDER 2171 18 15 39 40 0
991 BLOCK 47 9
992 ORDER 2172 22 32 13 41 1
992 ORDER 2173 48 8 3 40 3
993 ORDER 2174 45 11 1 12 0
993 ORDER 2175 49 5 16 40 0
993 BLOCK 40 32
994 ORDER 2176 25 3 2 35 1
994 ORDER 2177 47 17 54 41 1
995 CANCEL 1966
995 ORDER 2178 35 35 1 7 1
995 ORDER 2179 8 29 2 1 0
996 ORDER 2180 10 12 1 14 0
996 ORDER 2181 10 11 1 5 0
996 ORDER 2182 32 14 40 41 0
997 CANCEL 2004
997 CANCEL 2082
997 ORDER 2183 50 6 49 40 2
997 ORDER 2184 30 11 5 41 1
998 ORDER 2185 36 20 35 40 1
998 ORDER 2186 9 24 13 41 1
999 ORDER 2187 37 32 17 40 0
999 ORDER 2188 41 29 2 21 1
1000 ORDER 2189 18 38 2 22 1
1000 ORDER 2190 51 15 9 41 3
1001 ORDER 2191 34 5 1 18 0
1001 ORDER 2192 26 3 2 32 0
1002 ORDER 2193 7 11 29 40 1
1002 ORDER 2194 25 11 3 26 0
1003 ORDER 2195 8 35 3 33 0
1003 ORDER 2196 22 26 3 26 0
1004 ORDER 2197 37 14 3 2 1
1004 ORDER 2198 29 33 3 7 1
1005 CANCEL 1795
1005 ORDER 2199 18 26 1 13 0
1005 ORDER 2200 50 24 3 39 0
1006 ORDER 2201 37 36 1 14 0
1006 ORDER 2202 37 21 3 10 2
1007 CANCEL 2195
1007 ORDER 2203 32 27 2 11 1
1007 ORDER 2204 16 29 47 40 1
1008 ORDER 2205 17 26 2 36 0
1008 ORDER 2206 19 33 2 25 0
1008 ORDER 2207 30 5 32 40 0
1009 CANCEL 1877
1009 CANCEL 2149
1009 ORDER 2208 19 27 1 41 2
1009 ORDER 2209 41 5 3 36 0
1010 ORDER 2210 8 9 1 36 0
1010 ORDER 2211 30 14 2 4 1
1011 ORDER 2212 44 18 1 3 0
1011 ORDER 2213 34 36 3 8 0
1012 CANCEL 2045
1012 ORDER 2214 7 20 17 41 0
1012 ORDER 2215 47 14 2 33 0
1013 ORDER 2216 26 18 10 41 0
1013 ORDER 2217 27 30 23 41 1
1013 ORDER 2218 46 35 1 22 0
1014 ORDER 2219 7 29 2 9 0
1014 ORDER 2220 12 18 3 34 0
1014 ORDER 2221 29 27 3 13 1
1015 ORDER 2222 46 12 2 17 0
1015 ORDER 2223 46 15 3 22 0
1016 ORDER 2224 24 6 54 40 0
1016 ORDER 2225 6 11 33 40 1
1017 CANCEL 1977
1017 ORDER 2226 21 21 2 1 0
1017 ORDER 2227 45 23 12 41 2
1018 ORDER 2228 48 18 1 35 0
1018 ORDER 2229 32 24 39 41 0
1018 ORDER 2230 41 33 3 4 0
1019 CANCEL 1862
1019 ORDER 2231 17 6 3 21 0
1019 ORDER 2232 39 5 3 11 1
1020 ORDER 2233 32 13 29 41 1
1020 ORDER 2234 49 32 2 36 0
1021 ORDER 2235 29 38 38 41 0
1021 ORDER 2236 13 24 1 17 0
1022 ORDER 2237 8 30 3 41 0
1022 ORDER 2238 45 5 3 30 0
1022 ORDER 2239 47 21 18 40 0
1023 CANCEL 2119
1023 ORDER 2240 38 5 39 41 0
1023 ORDER 2241 43 38 1 16 0
1023 ORDER 2242 35 11 9 40 2
1024 ORDER 2243 27 15 36 40 2
1024 ORDER 2244 27 36 2 7 1
1025 ORDER 2245 28 5 47 41 1
1025 ORDER 2246 21 32 10 40 0
1025 ORDER 2247 22 29 1 28 3
1026 ORDER 2248 18 36 1 3 0
1026 ORDER 2249 30 3 54 41 0
1027 ORDER 2250 8 17 2 27 2
1027 ORDER 2251 10 38 3 7 0
1028 ORDER 2252 11 8 40 41 0
1028 ORDER 2253 17 30 7 40 0
1029 ORDER 2254 48 30 3 30 0
1029 ORDER 2255 13 36 1 11 1
1029 ORDER 2256 15 23 52 40 0
1030 ORDER 2257 6 29 2 27 1
1030 ORDER 2258 35 32 33 41 1
1031 ORDER 2259 9 6 6 41 0
1031 ORDER 2260 31 17 1 23 1
1032 CANCEL 1976
1032 CANCEL 2203
1032 ORDER 2261 38 21 2 24 3
1032 ORDER 2262 29 3 1 15 0
1033 ORDER 2263 21 38 1 2 1
1033 ORDER 2264 13 14 48 40 0
1034 CANCEL 1991
1034 ORDER 2265 25 11 41 41 2
1034 ORDER 2266 21 18 38 40 0
1035 CANCEL 2248
1035 ORDER 2267 43 9 20 41 3
1035 ORDER 2268 31 5 44 40 1
1035 ORDER 2269 36 11 1 18 0
1036 ORDER 2270 12 12 37 41 0
1036 ORDER 2271 38 33 3 41 0
1037 ORDER 2272 49 5 48 41 0
1037 ORDER 2273 6 30 3 25 2
1038 CANCEL 2215
1038 ORDER 2274 31 29 34 40 2
1038 ORDER 2275 43 29 2 33 0
1039 ORDER 2276 20 26 30 41 0
1039 ORDER 2277 44 3 4 41 0
1040 ORDER 2278 51 32 1 37 2
1040 ORDER 2279 15 29 3 21 1
1041 ORDER 2280 35 33 3 25 2
1041 ORDER 2281 44 27 46 40 1
1042 CANCEL 2043
1042 ORDER 2282 35 20 1 6 0
1042 ORDER 2283 35 14 6 40 0
1043 CANCEL 2265
1043 ORDER 2284 18 36 2 29 0
1043 ORDER 2285 39 30 3 36 0
1044 ORDER 2286 35 17 3 37 0
1044 ORDER 2287 43 24 1 27 2
1044 ORDER 2288 39 27 30 41 2
1045 ORDER 2289 47 29 24 41 0
1045 ORDER 2290 16 18 3 23 0
1046 ORDER 2291 27 11 3 18 0
1046 ORDER 2292 37 18 1 38 1
1047 ORDER 2293 38 27 2 1 0
1047 ORDER 2294 37 38 1 24 0
1048 CANCEL 2148
1048 ORDER 2295 6 23 50 41 0
1048 ORDER 2296 43 33 3 38 0
1049 ORDER 2297 17 38 3 15 0
1049 ORDER 2298 37 17 18 40 0
1049 ORDER 2299 20 12 3 26 1
1050 ORDER 2300 32 17 37 40 0
1050 ORDER 2301 11 12 41 41 2
1051 CANCEL 1863
1051 CANCEL 2078
1051 ORDER 2302 26 9 9 40 1
1051 ORDER 2303 36 32 1 11 1
1051 ORDER 2304 18 5 53 41 2
1052 ORDER 2305 27 17 18 40 1
1052 ORDER 2306 24 15 35 41 1
1053 ORDER 2307 38 38 29 41 0
1053 ORDER 2308 25 17 17 41 1
1054 ORDER 2309 19 11 2 23 0
1054 ORDER 2310 41 21 35 41 1
1055 ORDER 2311 46 23 3 13 2
1055 ORDER 2312 46 38 2 5 0
1056 ORDER 2313 35 21 15 40 3
1056 ORDER 2314 17 21 2 34 3
1057 ORDER 2315 32 35 1 19 0
1057 ORDER 2316 26 32 26 41 3
1058 ORDER 2317 18 17 1 1 0
1058 ORDER 2318 12 35 2 31 1
1059 ORDER 2319 30 8 1 17 1
1059 ORDER 2320 36 27 2 33 2
1060 ORDER 2321 38 15 1 39 0
1060 ORDER 2322 43 33 2 33 1
1061 ORDER 2323 36 18 1 41 0
1061 ORDER 2324 33 9 2 4 1
1062 ORDER 2325 10 11 52 41 0
1062 ORDER 2326 41 17 3 6 0
1063 ORDER 2327 37 18 6 40 0
1063 ORDER 2328 11 35 2 10 2
1063 ORDER 2329 16 27 19 40 1
1064 CANCEL 2180
1064 ORDER 2330 37 15 1 35 0
1064 ORDER 2331 39 30 27 41 1
1064 BLOCK 9 15
1065 ORDER 2332 28 32 3 3 0
1065 ORDER 2333 6 17 3 32 1
1066 ORDER 2334 28 3 2 36 1
1066 ORDER 2335 41 17 1 27 0
1067 ORDER 2336 28 8 21 41 0
1067 ORDER 2337 17 12 3 41 1
1068 CANCEL 1967
1068 ORDER 2338 21 32 13 41 1
1068 ORDER 2339 29 30 1 5 1
1069 ORDER 2340 7 38 1 23 0
1069 ORDER 2341 24 38 3 17 0
1070 ORDER 2342 39 26 31 41 3
1070 ORDER 2343 43 9 27 40 0
1071 ORDER 2344 9 12 42 41 0
1071 ORDER 2345 17 3 20 41 2
1072 ORDER 2346 20 29 37 40 0
1072 ORDER 2347 43 12 2 20 1
1073 ORDER 2348 28 24 28 41 0
1073 ORDER 2349 36 18 42 40 0
1073 ORDER 2350 8 12 3 23 0
1074 ORDER 2351 31 30 30 41 0
1074 ORDER 2352 39 21 53 40 0
1075 ORDER 2353 14 9 2 10 2
1075 ORDER 2354 46 6 46 40 0
1076 ORDER 2355 49 27 27 40 0
1076 ORDER 2356 16 18 2 13 0
1077 ORDER 2357 17 14 42 41 1
1077 ORDER 2358 50 32 12 40 0
1077 ORDER 2359 45 8 1 6 0
1078 ORDER 2360 26 27 21 40 0
1078 ORDER 2361 20 12 2 23 1
1078 ORDER 2362 51 11 3 33 0
1079 ORDER 2363 11 38 1 31 0
1079 ORDER 2364 49 30 51 41 0
1080 CANCEL 2355
1080 ORDER 2365 16 24 3 39 0
1080 ORDER 2366 50 6 1 2 0
1081 ORDER 2367 46 34 3 25 0
1081 ORDER 2368 38 20 3 25 0
1081 ORDER 2369 20 3 1 39 0
1082 UNBLOCK 47 9
1082 ORDER 2370 33 10 13 41 0
1082 ORDER 2371 19 29 13 41 1
1083 CANCEL 2140
1083 ORDER 2372 28 12 7 40 1
1083 ORDER 2373 18 27 24 40 0
1084 ORDER 2374 30 6 37 41 0
1084 ORDER 2375 39 30 2 31 0
1085 ORDER 2376 30 9 1 11 1
1085 ORDER 2377 6 8 54 41 0
1085 ORDER 2378 8 23 2 36 0
1086 ORDER 2379 8 26 2 13 0
1086 ORDER 2380 22 32 7 41 0
1086 ORDER 2381 26 23 2 24 0
1087 ORDER 2382 39 24 2 35 1
1087 ORDER 2383 45 8 2 26 0
1088 ORDER 2384 32 15 3 22 0
1088 ORDER 2385 6 17 4 40 0
1089 ORDER 2386 47 15 46 40 1
1089 ORDER 2387 38 27 37 41 3
1089 ORDER 2388 31 33 24 41 0
1090 ORDER 2389 37 38 48 41 1
1090 ORDER 2390 10 3 3 22 0
1091 ORDER 2391 46 26 46 40 0
1091 ORDER 2392 28 36 37 40 0
1091 ORDER 2393 27 21 8 41 0
1092 ORDER 2394 10 3 1 24 0
1092 ORDER 2395 14 35 3 10 0
1092 BLOCK 23 21
1093 ORDER 2396 44 14 53 40 0
1093 ORDER 2397 12 5 24 41 0
1094 ORDER 2398 49 33 25 41 1
1094 ORDER 2399 22 26 41 40 0
1094 ORDER 2400 43 8 1 29 1
1095 ORDER 2401 35 8 1 9 0
1095 ORDER 2402 40 32 1 41 0
1095 CANCEL 102402
1096 CANCEL 2053
1096 ORDER 2403 49 5 53 41 0
1096 ORDER 2404 37 24 1 33 1
1097 ORDER 2405 30 33 5 40 0
1097 ORDER 2406 30 29 48 40 1
1098 ORDER 2407 47 21 1 10 0
1098 ORDER 2408 10 18 4 40 0
1099 ORDER 2409 11 21 21 41 0
1099 ORDER 2410 18 27 2 25 0
1100 ORDER 2411 12 27 10 40 0
1100 ORDER 2412 25 32 2 31 0
1100 ORDER 2413 6 23 11 40 0
1101 ORDER 2414 40 29 4 40 1
1101 ORDER 2415 24 15 1 26 0
1102 ORDER 2416 8 30 1 15 0
1102 ORDER 2417 39 24 3 4 0
1103 ORDER 2418 24 14 3 24 0
1103 ORDER 2419 33 27 1 39 0
1104 ORDER 2420 47 21 47 41 0
1104 ORDER 2421 6 32 1 27 0
1105 ORDER 2422 10 18 3 19 1
1105 ORDER 2423 35 11 47 40 1
1106 CANCEL 2368
1106 ORDER 2424 43 8 21 40 0
1106 ORDER 2425 28 24 3 12 0
1107 ORDER 2426 18 11 1 41 1
1107 ORDER 2427 45 6 11 41 1
1108 ORDER 2428 27 12 42 41 0
1108 ORDER 2429 41 29 3 26 2
1109 ORDER 2430 43 33 5 41 1
1109 ORDER 2431 26 30 49 41 0
1110 ORDER 2432 7 32 2 20 1
1110 ORDER 2433 43 20 1 29 0
1111 ORDER 2434 11 6 14 40 0
1111 ORDER 2435 31 17 1 36 1
1111 ORDER 2436 35 8 32 41 0
1112 ORDER 2437 25 33 3 32 0
1112 ORDER 2438 36 12 2 29 0
1113 ORDER 2439 45 6 46 41 0
1113 ORDER 2440 38 24 3 30 3
1114 ORDER 2441 38 24 2 6 3
1114 ORDER 2442 34 21 1 29 0
1115 ORDER 2443 25 20 2 16 0
1115 ORDER 2444 28 12 3 25 0
1116 ORDER 2445 7 18 2 41 0
1116 ORDER 2446 25 3 3 22 0
1117 UNBLOCK 40 32
1117 CANCEL 2432
1117 ORDER 2447 6 18 3 25 0
1117 ORDER 2448 36 3 1 2 2
1118 ORDER 2449 21 24 1 12 0
1118 ORDER 2450 45 18 2 9 0
1119 ORDER 2451 49 27 3 26 2
1119 ORDER 2452 46 6 31 40 0
1119 BLOCK 12 39
1120 CANCEL 2383
1120 ORDER 2453 37 17 48 41 0
1120 ORDER 2454 33 27 3 40 1
1121 ORDER 2455 19 9 1 22 0
1121 ORDER 2456 9 9 2 25 1
1122 ORDER 2457 49 24 2 14 3
1122 ORDER 2458 46 38 20 41 0
1123 ORDER 2459 32 27 35 40 1
1123 ORDER 2460 6 9 3 40 0
1124 ORDER 2461 25 35 3 21 0
1124 ORDER 2462 46 33 2 1 1
1125 ORDER 2463 28 23 1 37 1
1125 ORDER 2464 13 33 1 38 0
1126 ORDER 2465 37 36 2 38 1
1126 ORDER 2466 23 36 44 41 0
1127 ORDER 2467 51 11 3 41 0
1127 ORDER 2468 11 23 41 40 1
1127 ORDER 2469 22 8 1 1 0
1128 CANCEL 2072
1128 ORDER 2470 42 32 33 41 0
1128 ORDER 2471 27 21 3 1 0
1129 ORDER 2472 25 17 1 28 1
1129 ORDER 2473 30 12 1 41 0
1130 ORDER 2474 26 18 17 41 0
1130 ORDER 2475 25 31 36 41 1
1131 ORDER 2476 23 27 17 41 1
1131 ORDER 2477 48 14 1 12 0
1132 ORDER 2478 7 6 42 40 0
1132 ORDER 2479 36 35 2 17 0
1132 ORDER 2480 49 18 1 15 0
1133 CANCEL 2164
1133 ORDER 2481 21 3 25 40 0
1133 ORDER 2482 32 27 54 41 3
1134 ORDER 2483 27 24 2 18 0
1134 ORDER 2484 9 35 45 41 2
1135 ORDER 2485 32 33 3 33 0
1135 ORDER 2486 27 9 1 26 0
1135 ORDER 2487 10 6 3 16 0
1136 CANCEL 2103
1136 ORDER 2488 16 23 17 40 0
1136 ORDER 2489 49 20 7 41 2
1137 ORDER 2490 8 12 5 41 0
1137 ORDER 2491 49 24 11 41 1
1138 CANCEL 2175
1138 ORDER 2492 31 35 1 21 0
1138 ORDER 2493 14 35 2 26 0
1138 ORDER 2494 24 9 24 40 0
1139 ORDER 2495 49 17 36 41 0
1139 ORDER 2496 29 5 51 41 0
1140 ORDER 2497 38 27 3 17 0
1140 ORDER 2498 46 21 13 40 0
1141 UNBLOCK 9 15
1141 CANCEL 2364
1141 ORDER 2499 30 11 3 27 0
1141 ORDER 2500 44 5 6 40 3
1142 ORDER 2501 28 14 1 37 0
1142 ORDER 2502 34 11 3 21 0
1143 ORDER 2503 35 9 47 41 0
1143 ORDER 2504 7 11 1 7 0
1144 ORDER 2505 28 26 14 41 0
1144 ORDER 2506 39 5 3 30 1
1145 CANCEL 2220
1145 CANCEL 2274
1145 ORDER 2507 16 14 25 41 0
1145 ORDER 2508 6 20 3 28 0
1146 ORDER 2509 46 6 2 20 0
1146 ORDER 2510 46 6 1 15 0
1147 ORDER 2511 50 27 54 41 0
1147 ORDER 2512 32 14 36 41 1
1148 ORDER 2513 20 38 1 12 0
1148 ORDER 2514 38 35 2 3 3
1149 CANCEL 2251
1149 ORDER 2515 41 24 3 19 2
1149 ORDER 2516 29 38 2 17 1
1149 BLOCK 34 40
1150 ORDER 2517 18 21 31 41 0
1150 ORDER 2518 19 32 41 40 1
1150 BLOCK 48 2
1151 ORDER 2519 10 36 2 23 1
1151 ORDER 2520 47 23 23 41 1
1151 ORDER 2521 29 33 2 33 0
1152 ORDER 2522 22 11 3 40 0
1152 ORDER 2523 9 26 43 40 0
1153 ORDER 2524 35 26 1 13 2
1153 ORDER 2525 38 21 20 40 1
1154 ORDER 2526 28 5 24 40 0
1154 ORDER 2527 20 24 2 16 2
1155 ORDER 2528 18 14 40 40 0
1155 ORDER 2529 8 12 1 17 0
1156 ORDER 2530 30 11 1 17 0
1156 ORDER 2531 23 12 18 41 0
1156 ORDER 2532 12 5 48 40 0
1157 ORDER 2533 49 6 47 40 0
1157 ORDER 2534 40 35 34 40 0
1158 ORDER 2535 6 32 3 5 0
1158 ORDER 2536 19 26 54 41 0
1159 ORDER 2537 37 33 2 32 1
1159 ORDER 2538 30 3 1 14 1
1160 ORDER 2539 30 26 2 34 0
1160 ORDER 2540 9 27 42 41 1
1161 ORDER 2541 30 9 41 40 2
1161 ORDER 2542 8 29 29 41 0
1162 CANCEL 2495
1162 ORDER 2543 43 11 18 40 1
1162 ORDER 2544 48 20 1 5 0
1163 ORDER 2545 46 38 3 14 1
1163 ORDER 2546 6 11 3 3 0
1164 ORDER 2547 12 21 2 5 1
1164 ORDER 2548 7 23 33 41 1
1165 CANCEL 2134
1165 ORDER 2549 18 22 9 40 2
1165 ORDER 2550 39 5 1 32 1
1165 ORDER 2551 18 14 2 22 0
1166 ORDER 2552 40 3 25 40 0
1166 ORDER 2553 44 29 30 41 1
1167 ORDER 2554 48 14 53 40 0
1167 ORDER 2555 8 23 1 39 0
1168 ORDER 2556 19 3 1 21 3
1168 ORDER 2557 47 32 5 40 1
1169 ORDER 2558 30 15 13 41 1
1169 ORDER 2559 12 26 1 36 0
1170 ORDER 2560 29 32 3 33 0
1170 ORDER 2561 44 3 12 41 1
1171 ORDER 2562 20 3 3 18 0
1171 ORDER 2563 24 36 1 27 0
1172 ORDER 2564 13 24 41 41 0
1172 ORDER 2565 33 36 47 40 0
1173 CANCEL 2416
1173 ORDER 2566 51 21 35 40 0
1173 ORDER 2567 31 8 2 15 0
1174 ORDER 2568 32 26 3 30 1
1174 ORDER 2569 40 21 46 40 1
1175 ORDER 2570 17 8 1 2 0
1175 ORDER 2571 39 35 1 34 2
1176 ORDER 2572 40 21 3 28 3
1176 ORDER 2573 43 20 48 41 0
1176 ORDER 2574 6 9 51 41 0
1177 ORDER 2575 11 5 1 34 1
1177 ORDER 2576 50 13 50 40 0
1178 UNBLOCK 12 39
1178 ORDER 2577 39 9 3 40 0
1178 ORDER 2578 41 32 3 1 0
1179 ORDER 2579 37 15 32 41 2
1179 ORDER 2580 27 21 51 40 0
1180 ORDER 2581 26 33 29 41 0
1180 ORDER 2582 47 3 3 18 1
1181 CANCEL 2448
1181 ORDER 2583 9 15 13 40 0
1181 ORDER 2584 41 29 1 34 1
1182 UNBLOCK 34 40
1182 ORDER 2585 26 18 1 12 1
1182 ORDER 2586 39 27 1 41 2
1183 ORDER 2587 27 27 1 9 0
1183 ORDER 2588 46 32 24 40 2
1184 ORDER 2589 19 6 3 29 0
1184 ORDER 2590 39 26 2 41 1
1185 ORDER 2591 35 33 15 41 2
1185 ORDER 2592 29 33 2 15 0
1186 CANCEL 2418
1186 ORDER 2593 47 38 1 3 0
1186 ORDER 2594 9 24 39 41 0
1186 ORDER 2595 8 20 28 40 3
1187 CANCEL 2426
1187 ORDER 2596 7 14 36 40 1
1187 ORDER 2597 10 26 17 40 0
1187 ORDER 2598 50 15 48 40 0
1188 ORDER 2599 49 23 16 40 0
1188 ORDER 2600 30 5 3 39 0
1189 ORDER 2601 8 12 24 41 0
1189 ORDER 2602 33 29 1 14 1
1190 ORDER 2603 43 14 48 40 0
1190 ORDER 2604 26 3 3 17 2
1191 CANCEL 2449
1191 ORDER 2605 44 21 36 40 1
1191 ORDER 2606 9 11 1 2 0
1191 ORDER 2607 25 33 1 20 1
1192 ORDER 2608 6 17 1 41 1
1192 ORDER 2609 39 12 36 41 0
1193 ORDER 2610 38 15 36 41 0
1193 ORDER 2611 25 32 51 40 0
1194 CANCEL 2295
1194 ORDER 2612 19 24 3 7 0
1194 ORDER 2613 42 17 32 40 0
1195 ORDER 2614 6 21 18 40 0
1195 ORDER 2615 11 21 1 3 0
1196 ORDER 2616 37 12 2 32 3
1196 ORDER 2617 24 11 21 40 2
1197 ORDER 2618 28 36 44 40 0
1197 ORDER 2619 44 14 2 8 0
1198 ORDER 2620 11 9 3 36 1
1198 ORDER 2621 29 35 17 40 0
1199 ORDER 2622 19 11 54 41 0
1199 ORDER 2623 10 9 25 40 3
1200 ORDER 2624 9 33 9 41 0
1200 ORDER 2625 34 18 3 38 2
1201 ORDER 2626 25 30 48 41 1
1201 ORDER 2627 26 30 3 26 0
1202 ORDER 2628 50 33 3 25 0
1202 ORDER 2629 45 30 2 22 0
1203 ORDER 2630 29 17 46 40 3
1203 ORDER 2631 30 3 2 1 0
1203 ORDER 2632 36 26 3 15 0
1204 ORDER 2633 50 35 3 21 0
1204 ORDER 2634 19 17 3 23 2
1205 ORDER 2635 22 26 3 10 0
1205 ORDER 2636 11 33 2 35 1
1206 ORDER 2637 7 15 19 41 0
1206 ORDER 2638 15 5 1 10 0
1207 ORDER 2639 49 29 1 33 0
1207 ORDER 2640 26 27 6 41 0
1208 ORDER 2641 22 11 7 41 0
1208 ORDER 2642 23 36 51 40 1
1209 UNBLOCK 48 2
1209 ORDER 2643 47 29 8 41 1
1209 ORDER 2644 30 38 1 25 0
1210 ORDER 2645 31 26 26 41 3
1210 ORDER 2646 6 21 31 41 1
1211 ORDER 2647 27 33 50 40 0
1211 ORDER 2648 46 20 17 41 0
1212 ORDER 2649 23 27 47 41 0
1212 ORDER 2650 13 32 37 41 0
1213 ORDER 2651 21 29 2 15 0
1213 ORDER 2652 32 12 3 9 1
1214 ORDER 2653 50 9 1 6 0
1214 ORDER 2654 47 38 1 21 1
1215 ORDER 2655 6 33 11 40 0
1215 ORDER 2656 43 29 26 40 3
1215 BLOCK 17 15
1216 UNBLOCK 23 21
1216 ORDER 2657 20 27 2 9 1
1216 ORDER 2658 31 3 2 4 0
1217 ORDER 2659 26 35 7 41 1
1217 ORDER 2660 7 20 42 40 1
1218 ORDER 2661 11 12 20 40 1
1218 ORDER 2662 14 38 1 7 1
1219 ORDER 2663 24 26 1 1 1
1219 ORDER 2664 18 33 2 21 1
1219 ORDER 2665 29 15 13 40 0
1220 CANCEL 2387
1220 ORDER 2666 49 12 53 40 0
1220 ORDER 2667 46 3 2 37 0
1221 ORDER 2668 38 15 41 41 1
1221 ORDER 2669 47 23 8 41 0
1222 ORDER 2670 39 14 2 3 0
1222 ORDER 2671 13 38 23 41 0
1223 ORDER 2672 27 21 27 40 0
1223 ORDER 2673 6 15 5 40 0
1224 CANCEL 2384
1224 ORDER 2674 12 36 50 40 2
1224 ORDER 2675 25 35 21 40 0
1225 ORDER 2676 9 11 2 41 1
1225 ORDER 2677 9 30 3 32 3
1226 ORDER 2678 30 5 2 17 0
1226 ORDER 2679 46 36 2 14 0
1227 ORDER 2680 10 3 2 28 0
1227 ORDER 2681 12 36 3 39 1
1228 ORDER 2682 48 23 6 41 2
1228 ORDER 2683 29 20 1 26 2
1229 ORDER 2684 51 9 1 27 0
1229 ORDER 2685 48 6 54 41 0
1230 ORDER 2686 15 3 30 40 0
1230 ORDER 2687 24 5 2 25 0
1230 ORDER 2688 46 23 2 30 0
1231 ORDER 2689 9 11 14 41 0
1231 ORDER 2690 19 30 1 35 0
1232 ORDER 2691 47 8 3 1 3
1232 ORDER 2692 20 12 24 41 0
1232 ORDER 2693 17 30 2 16 3
1233 ORDER 2694 28 17 3 15 1
1233 ORDER 2695 34 18 40 40 1
1234 ORDER 2696 37 24 2 23 0
1234 ORDER 2697 41 3 1 13 0
1235 ORDER 2698 50 29 3 38 1
1235 ORDER 2699 15 11 30 41 0
1236 CANCEL 2667
1236 ORDER 2700 38 20 1 9 3
1236 ORDER 2701 50 8 7 40 0
1236 ORDER 2702 31 27 2 22 1
1236 BLOCK 31 27
1237 CANCEL 2458
1237 ORDER 2703 38 38 18 40 0
1237 ORDER 2704 12 30 1 4 0
1238 ORDER 2705 10 21 2 3 0
1238 ORDER 2706 25 5 2 4 0
1239 ORDER 2707 39 38 26 41 1
1239 ORDER 2708 7 27 18 41 1
1240 ORDER 2709 29 23 41 41 0
1240 ORDER 2710 44 5 36 40 0
1241 CANCEL 2676
1241 ORDER 2711 6 6 46 40 0
1241 ORDER 2712 47 30 21 40 2
1242 ORDER 2713 21 3 13 41 2
1242 ORDER 2714 43 26 2 26 1
1243 CANCEL 2552
1243 ORDER 2715 7 21 2 3 2
1243 ORDER 2716 27 15 2 11 0
1243 ORDER 2717 35 23 42 41 0
1244 ORDER 2718 9 36 2 14 2
1244 ORDER 2719 18 15 2 19 0
1244 ORDER 2720 34 3 1 34 0
1245 ORDER 2721 7 20 1 24 0
1245 ORDER 2722 19 32 36 41 1
1246 ORDER 2723 37 29 2 2 0
1246 ORDER 2724 42 24 3 38 0
1247 ORDER 2725 8 15 21 40 0
1247 ORDER 2726 46 24 2 32 3
1248 ORDER 2727 29 14 44 40 0
1248 ORDER 2728 6 20 3 22 1
1249 ORDER 2729 44 8 2 12 2
1249 ORDER 2730 49 38 47 41 0
1250 ORDER 2731 41 3 1 24 0
1250 ORDER 2732 27 26 20 40 0
1251 ORDER 2733 51 9 3 27 1
1251 ORDER 2734 43 18 15 40 0
1252 CANCEL 2511
1252 ORDER 2735 40 29 20 40 0
1252 ORDER 2736 13 32 1 8 1
1252 ORDER 2737 36 23 1 29 1
1253 CANCEL 2505
1253 ORDER 2738 13 6 15 40 0
1253 ORDER 2739 7 32 4 41 0
1254 CANCEL 2556
1254 ORDER 2740 13 26 1 35 0
1254 ORDER 2741 36 21 1 41 2
1255 ORDER 2742 38 27 3 29 2
1255 ORDER 2743 12 21 3 41 0
1256 CANCEL 2471
1256 ORDER 2744 26 27 2 26 0
1256 ORDER 2745 27 5 30 40 0
1257 ORDER 2746 46 11 2 30 3
1257 ORDER 2747 41 33 48 40 2
1257 ORDER 2748 22 13 1 31 0
1258 ORDER 2749 42 32 6 41 0
1258 ORDER 2750 13 14 2 38 0
1259 CANCEL 2716
1259 ORDER 2751 46 38 1 32 1
1259 ORDER 2752 37 36 1 6 0
1260 ORDER 2753 9 38 3 3 0
1260 ORDER 2754 8 18 2 21 0
1261 ORDER 2755 22 32 2 41 1
1261 ORDER 2756 20 36 2 37 1
1262 CANCEL 2466
1262 CANCEL 2605
1262 ORDER 2757 19 12 3 20 1
1262 ORDER 2758 30 18 2 20 2
1263 ORDER 2759 49 17 3 39 0
1263 ORDER 2760 37 33 20 41 0
1264 ORDER 2761 6 30 29 41 0
1264 ORDER 2762 7 32 2 29 0
1265 ORDER 2763 20 8 2 27 2
1265 ORDER 2764 25 21 1 11 1
1265 BLOCK 23 12
1266 ORDER 2765 41 5 3 31 0
1266 ORDER 2766 13 14 3 28 0
1267 ORDER 2767 30 8 36 41 1
1267 ORDER 2768 28 32 13 40 0
1267 ORDER 2769 22 27 47 41 0
1268 ORDER 2770 41 27 40 41 0
1268 ORDER 2771 29 6 1 18 0
1269 ORDER 2772 42 29 28 41 1
1269 ORDER 2773 43 6 37 40 2
1269 ORDER 2774 19 3 11 41 0
1270 ORDER 2775 40 27 2 26 0
1270 ORDER 2776 30 15 1 34 0
1270 ORDER 2777 23 9 1 20 0
1271 ORDER 2778 20 24 1 25 0
1271 ORDER 2779 15 23 26 40 0
1272 CANCEL 2712
1272 ORDER 2780 48 33 17 40 0
1272 ORDER 2781 35 23 1 10 0
1273 ORDER 2782 32 14 2 17 0
1273 ORDER 2783 42 32 1 38 0
1273 ORDER 2784 51 23 2 35 0
1274 ORDER 2785 34 9 15 40 3
1274 ORDER 2786 51 9 17 41 1
1275 CANCEL 2577
1275 ORDER 2787 15 23 2 5 0
1275 ORDER 2788 33 20 31 40 0
1276 ORDER 2789 17 17 1 29 0
1276 ORDER 2790 36 29 20 40 0
1277 ORDER 2791 41 21 38 41 0
1277 ORDER 2792 30 11 40 41 1
1278 ORDER 2793 46 36 40 40 1
1278 ORDER 2794 16 9 1 14 0
1279 ORDER 2795 9 35 5 40 2
1279 ORDER 2796 8 26 11 41 0
1280 ORDER 2797 26 35 2 11 1
1280 ORDER 2798 49 15 1 1 0
1280 ORDER 2799 11 33 3 4 1
1281 ORDER 2800 39 3 3 22 1
1281 ORDER 2801 48 8 2 35 0
1282 ORDER 2802 44 3 2 5 1
1282 ORDER 2803 10 38 52 41 1
1283 ORDER 2804 38 6 1 16 0
1283 ORDER 2805 28 32 12 40 0
1284 CANCEL 2437
1284 ORDER 2806 19 33 2 21 0
1284 ORDER 2807 18 30 30 41 1
1285 ORDER 2808 46 23 21 41 0
1285 ORDER 2809 16 12 3 32 1
1286 ORDER 2810 20 3 8 41 1
1286 ORDER 2811 32 36 1 40 0
1287 ORDER 2812 32 17 52 40 0
1287 ORDER 2813 20 27 51 40 0
1288 ORDER 2814 19 27 15 40 0
1288 ORDER 2815 15 20 1 25 0
1289 CANCEL 2497
1289 ORDER 2816 36 35 1 41 0
1289 ORDER 2817 26 35 40 41 1
1290 ORDER 2818 16 6 43 41 0
1290 ORDER 2819 35 32 2 22 1
1291 ORDER 2820 36 33 1 5 0
1291 ORDER 2821 30 36 27 41 2
1292 ORDER 2822 15 27 45 41 0
1292 ORDER 2823 17 5 1 14 0
1293 ORDER 2824 7 26 1 14 0
1293 ORDER 2825 16 11 1 8 0
1294 ORDER 2826 20 8 1 11 1
1294 ORDER 2827 20 20 1 10 0
1294 ORDER 2828 48 3 7 40 0
1295 ORDER 2829 27 18 2 27 0
1295 ORDER 2830 7 36 2 8 0
1296 ORDER 2831 8 8 18 40 1
1296 ORDER 2832 42 15 3 24 0
1297 ORDER 2833 19 12 3 36 0
1297 ORDER 2834 51 17 3 37 1
1298 ORDER 2835 20 29 14 41 0
1298 ORDER 2836 10 14 3 26 1
1299 ORDER 2837 20 30 4 40 1
1299 ORDER 2838 21 32 2 34 1
1300 CANCEL 2824
1300 ORDER 2839 7 6 1 33 2
1300 ORDER 2840 23 38 15 41 0
1300 ORDER 2841 40 30 21 41 1
1301 CANCEL 2800
1301 ORDER 2842 9 15 52 40 1
1301 ORDER 2843 18 15 4 41 1
1302 ORDER 2844 18 21 3 30 0
1302 ORDER 2845 6 32 50 41 0
1302 ORDER 2846 39 27 1 20 0
1303 ORDER 2847 48 21 9 40 0
1303 ORDER 2848 41 3 14 41 0
1303 BLOCK 31 11
1304 ORDER 2849 17 35 1 19 2
1304 ORDER 2850 6 27 49 41 1
1305 ORDER 2851 22 27 1 36 0
1305 ORDER 2852 43 20 42 41 0
1306 UNBLOCK 31 27
1306 ORDER 2853 44 11 1 8 1
1306 ORDER 2854 40 17 1 28 0
1306 ORDER 2855 16 12 2 37 1
1307 ORDER 2856 20 20 2 17 0
1307 ORDER 2857 11 30 27 41 3
1308 ORDER 2858 44 13 1 12 0
1308 ORDER 2859 29 20 50 40 1
1309 ORDER 2860 27 20 1 11 0
1309 ORDER 2861 12 29 54 40 1
1310 CANCEL 2490
1310 ORDER 2862 21 35 20 41 1
1310 ORDER 2863 49 9 44 41 1
1311 ORDER 2864 39 5 3 34 1
1311 ORDER 2865 44 27 16 41 0
1311 ORDER 2866 10 30 38 40 1
1312 ORDER 2867 40 24 18 40 2
1312 ORDER 2868 31 9 3 12 0
1313 ORDER 2869 16 6 30 40 0
1313 ORDER 2870 47 26 1 39 0
1313 ORDER 2871 40 11 11 40 0
1314 ORDER 2872 50 17 3 7 0
1314 ORDER 2873 18 8 2 3 1
1315 ORDER 2874 22 23 3 12 1
1315 ORDER 2875 30 21 40 41 2
1316 ORDER 2876 30 29 1 3 0
1316 ORDER 2877 8 18 3 29 0
1317 ORDER 2878 27 29 45 40 0
1317 ORDER 2879 24 6 10 40 1
1318 ORDER 2880 11 32 3 12 0
1318 ORDER 2881 38 36 1 11 0
1319 ORDER 2882 32 12 3 7 0
1319 ORDER 2883 8 36 2 40 1
1320 ORDER 2884 44 14 2 21 1
1320 ORDER 2885 10 21 2 26 1
1321 ORDER 2886 21 36 3 9 2
1321 ORDER 2887 7 20 31 41 1
1321 ORDER 2888 32 9 1 1 0
1322 CANCEL 2534
1322 ORDER 2889 30 15 33 41 0
1322 ORDER 2890 45 18 1 30 3
1323 ORDER 2891 29 32 49 41 0
1323 ORDER 2892 39 3 2 35 1
1324 ORDER 2893 41 32 14 41 0
1324 ORDER 2894 14 38 2 11 1
1325 ORDER 2895 9 20 13 41 0
1325 ORDER 2896 16 20 33 41 2
1326 ORDER 2897 19 24 53 40 1
1326 ORDER 2898 18 36 1 10 0
1327 ORDER 2899 30 23 1 23 0
1327 ORDER 2900 37 27 4 40 0
1327 ORDER 2901 20 3 11 41 3
1328 ORDER 2902 32 14 2 34 0
1328 ORDER 2903 17 11 2 39 0
1328 ORDER 2904 48 3 3 39 0
1329 ORDER 2905 40 9 1 27 0
1329 ORDER 2906 34 36 2 3 0
1330 ORDER 2907 19 29 9 40 1
1330 ORDER 2908 22 23 40 40 0
1331 ORDER 2909 48 36 3 11 1
1331 ORDER 2910 45 9 33 40 0
1332 CANCEL 2804
1332 ORDER 2911 6 29 3 25 1
1332 ORDER 2912 35 11 32 40 2
1333 ORDER 2913 36 25 12 40 0
1333 ORDER 2914 48 8 3 3 0
1334 UNBLOCK 23 12
1334 ORDER 2915 30 21 28 40 0
1334 ORDER 2916 25 30 3 21 2
1335 ORDER 2917 8 29 7 41 1
1335 ORDER 2918 44 20 27 40 0
1336 ORDER 2919 31 21 2 25 3
1336 ORDER 2920 6 18 3 27 0
1337 CANCEL 2661
1337 ORDER 2921 46 35 8 40 0
1337 ORDER 2922 39 14 11 40 0
1338 ORDER 2923 29 17 1 31 0
1338 ORDER 2924 6 24 53 40 0
1339 ORDER 2925 7 27 1 11 3
1339 ORDER 2926 49 33 1 18 1
1340 ORDER 2927 22 36 2 33 0
1340 ORDER 2928 38 17 1 20 1
1341 ORDER 2929 47 5 14 40 0
1341 ORDER 2930 17 6 2 41 3
1341 ORDER 2931 28 6 3 18 0
1342 CANCEL 2778
1342 UNBLOCK 31 11
1342 ORDER 2932 36 6 35 40 0
1342 ORDER 2933 21 35 1 2 1
1343 ORDER 2934 9 3 3 21 0
1343 ORDER 2935 21 24 2 17 0
1344 CANCEL 2857
1344 ORDER 2936 33 29 27 41 0
1344 ORDER 2937 31 11 20 40 2
1344 ORDER 2938 6 11 14 40 0
1345 ORDER 2939 35 21 28 41 2
1345 ORDER 2940 12 3 34 40 0
1346 UNBLOCK 17 15
1346 ORDER 2941 24 3 13 41 0
1346 ORDER 2942 49 17 1 40 0
1346 ORDER 2943 17 5 25 40 2
1347 CANCEL 2747
1347 ORDER 2944 29 35 45 41 0
1347 ORDER 2945 31 36 3 27 3
1348 ORDER 2946 41 23 37 40 1
1348 ORDER 2947 37 5 10 40 1
1349 ORDER 2948 9 24 2 35 2
1349 ORDER 2949 50 32 37 41 1
1350 ORDER 2950 49 14 38 41 0
1350 ORDER 2951 40 17 42 41 2
1351 ORDER 2952 41 27 3 38 1
1351 ORDER 2953 30 29 49 41 2
1352 ORDER 2954 29 15 3 33 1
1352 ORDER 2955 44 29 4 41 1
1352 ORDER 2956 17 26 3 10 1
1353 CANCEL 2949
1353 ORDER 2957 14 17 3 36 1
1353 ORDER 2958 8 33 1 17 2
1354 ORDER 2959 50 5 3 23 1
1354 ORDER 2960 21 38 2 8 0
1355 ORDER 2961 47 14 2 32 0
1355 ORDER 2962 18 26 35 41 0
1356 ORDER 2963 48 36 3 17 0
1356 ORDER 2964 48 12 3 4 2
1357 ORDER 2965 11 38 21 40 0
1357 ORDER 2966 40 12 2 38 1
1358 ORDER 2967 16 26 47 40 0
1358 ORDER 2968 40 9 38 41 0
1359 ORDER 2969 17 35 2 9 0
1359 ORDER 2970 31 35 1 19 1
1360 ORDER 2971 46 18 2 9 3
1360 ORDER 2972 40 30 2 41 0
1361 CANCEL 2626
1361 ORDER 2973 36 20 46 41 2
1361 ORDER 2974 17 29 2 15 0
1362 CANCEL 2905
1362 ORDER 2975 24 8 43 41 0
1362 ORDER 2976 33 20 18 41 1
1362 ORDER 2977 28 14 2 6 0
1363 CANCEL 2896
1363 ORDER 2978 21 18 52 41 3
1363 ORDER 2979 47 14 1 15 0
1364 CANCEL 2873
1364 ORDER 2980 40 21 2 8 0
1364 ORDER 2981 30 36 6 41 0
1365 ORDER 2982 34 20 49 40 0
1365 ORDER 2983 39 32 1 23 2
1366 CANCEL 2746
1366 ORDER 2984 18 11 2 7 1
1366 ORDER 2985 37 23 2 27 0
1367 ORDER 2986 6 30 2 24 0
1367 ORDER 2987 44 11 1 17 2
1367 ORDER 2988 12 26 3 37 0
1368 CANCEL 2981
1368 ORDER 2989 30 36 2 13 0
1368 ORDER 2990 33 27 3 14 0
1369 ORDER 2991 30 8 9 41 0
1369 ORDER 2992 7 33 41 41 2
1369 ORDER 2993 43 11 2 13 2
1370 ORDER 2994 31 12 9 41 0
1370 ORDER 2995 8 29 27 41 0
1371 ORDER 2996 9 21 2 17 0
1371 ORDER 2997 18 35 2 10 0
1372 ORDER 2998 22 33 2 23 1
1372 ORDER 2999 11 12 45 41 2
1373 CANCEL 2671
1373 ORDER 3000 28 14 39 40 0
1373 ORDER 3001 37 23 6 40 1
1373 ORDER 3002 47 36 1 38 1
1374 ORDER 3003 38 20 2 24 0
1374 ORDER 3004 38 17 2 18 0
1375 ORDER 3005 8 8 48 41 0
1375 ORDER 3006 10 11 3 41 0
1376 ORDER 3007 48 29 3 23 0
1376 ORDER 3008 8 20 2 24 0
1377 ORDER 3009 35 12 2 24 0
1377 ORDER 3010 51 26 50 40 1
1378 ORDER 3011 9 23 3 4 0
1378 ORDER 3012 7 23 23 40 0
1378 ORDER 3013 16 12 41 40 0
1379 CANCEL 2579
1379 ORDER 3014 39 8 52 41 0
1379 ORDER 3015 50 32 12 40 1
1379 ORDER 3016 18 36 22 41 0
1380 ORDER 3017 17 38 41 40 0
1380 ORDER 3018 25 23 51 41 0
1380 BLOCK 22 41
1381 CANCEL 2950
1381 ORDER 3019 29 5 1 30 0
1381 ORDER 3020 16 20 15 40 1
1382 ORDER 3021 42 26 1 28 0
1382 ORDER 3022 50 32 2 29 0
1383 CANCEL 2744
1383 ORDER 3023 9 9 29 40 0
1383 ORDER 3024 19 3 13 40 0
1384 ORDER 3025 33 18 3 38 1
1384 ORDER 3026 11 36 2 13 1
1385 ORDER 3027 38 36 40 40 2
1385 ORDER 3028 10 3 2 26 0
1386 ORDER 3029 29 29 2 5 0
1386 ORDER 3030 14 36 1 30 1
1387 CANCEL 2797
1387 ORDER 3031 46 18 7 41 0
1387 ORDER 3032 48 38 1 33 0
1388 ORDER 3033 37 17 3 5 1
1388 ORDER 3034 7 8 21 40 1
1389 ORDER 3035 26 11 1 27 0
1389 ORDER 3036 22 32 3 38 2
1390 CANCEL 2617
1390 ORDER 3037 39 14 10 41 0
1390 ORDER 3038 37 26 3 14 1
1391 ORDER 3039 8 23 1 29 1
1391 ORDER 3040 50 21 27 40 1
1392 ORDER 3041 19 12 2 16 1
1392 ORDER 3042 29 26 5 41 1
1393 CANCEL 2770
1393 CANCEL 2960
1393 ORDER 3043 27 14 3 27 0
1393 ORDER 3044 18 15 7 41 0
1394 ORDER 3045 37 38 2 40 0
1394 ORDER 3046 17 23 23 40 0
1395 ORDER 3047 34 11 2 17 0
1395 ORDER 3048 48 38 40 41 0
1396 CANCEL 2965
1396 ORDER 3049 8 9 16 41 0
1396 ORDER 3050 50 36 1 35 0
1397 CANCEL 2682
1397 ORDER 3051 50 17 1 24 1
1397 ORDER 3052 40 6 1 20 0
1397 ORDER 3053 9 15 36 40 0
1398 ORDER 3054 6 11 2 6 0
1398 ORDER 3055 48 20 3 25 0
1399 ORDER 3056 40 33 2 24 0
1399 ORDER 3057 7 11 1 11 0
1400 CANCEL 2895
1400 ORDER 3058 17 29 3 28 0
1400 ORDER 3059 41 24 39 40 0
1401 ORDER 3060 31 17 23 41 0
1401 ORDER 3061 9 23 36 40 1
1401 ORDER 3062 32 32 3 22 0
1402 ORDER 3063 32 38 35 40 0
1402 ORDER 3064 9 8 3 6 1
1403 ORDER 3065 37 12 26 41 0
1403 ORDER 3066 41 11 21 41 0
1404 ORDER 3067 19 9 3 14 0
1404 ORDER 3068 50 27 2 18 3
1405 ORDER 3069 38 5 28 41 0
1405 ORDER 3070 49 18 1 12 1
1406 ORDER 3071 17 35 1 19 0
1406 ORDER 3072 40 15 1 33 0
1406 BLOCK 46 14
1407 ORDER 3073 48 26 16 40 0
1407 ORDER 3074 44 9 20 40 1
1408 CANCEL 2862
1408 ORDER 3075 12 20 3 27 3
1408 ORDER 3076 11 20 25 41 0
1409 ORDER 3077 20 20 52 41 1
1409 ORDER 3078 28 15 2 13 1
1409 BLOCK 17 6
1410 CANCEL 3058
1410 ORDER 3079 31 27 39 40 0
1410 ORDER 3080 50 9 1 5 0
1411 ORDER 3081 39 9 3 1 0
1411 ORDER 3082 18 6 3 30 0
1412 CANCEL 2826
1412 ORDER 3083 50 8 21 40 1
1412 ORDER 3084 33 10 23 41 0
1412 ORDER 3085 21 15 48 41 1
1413 ORDER 3086 48 8 2 39 0
1413 ORDER 3087 40 6 30 40 0
1413 ORDER 3088 51 21 42 40 1
1413 BLOCK 27 15
1414 ORDER 3089 10 3 1 10 2
1414 ORDER 3090 44 21 2 17 2
1415 UNBLOCK 22 41
1415 ORDER 3091 49 26 1 34 0
1415 ORDER 3092 12 20 3 11 2
1416 ORDER 3093 18 12 2 2 0
1416 ORDER 3094 51 32 15 40 0
1417 ORDER 3095 36 27 16 41 2
1417 ORDER 3096 8 20 42 41 0
1418 ORDER 3097 9 17 9 41 0
1418 ORDER 3098 21 33 1 10 0
1418 ORDER 3099 42 33 12 41 0
1418 BLOCK 9 39
1419 ORDER 3100 23 14 6 40 0
1419 ORDER 3101 28 21 3 15 1
1420 ORDER 3102 28 23 3 38 1
1420 ORDER 3103 35 9 28 41 0
1421 ORDER 3104 32 24 1 22 0
1421 ORDER 3105 20 26 3 26 0
1422 CANCEL 2701
1422 ORDER 3106 32 6 36 41 2
1422 ORDER 3107 36 3 40 40 1
1423 ORDER 3108 30 32 24 41 3
1423 ORDER 3109 49 14 3 1 1
1424 ORDER 3110 50 21 3 11 0
1424 ORDER 3111 36 17 8 40 0
1425 ORDER 3112 32 11 46 40 0
1425 ORDER 3113 24 3 47 41 0
1426 ORDER 3114 21 30 3 5 0
1426 ORDER 3115 22 32 44 41 2
1426 ORDER 3116 7 15 1 1 0
1427 CANCEL 2686
1427 ORDER 3117 7 14 22 41 1
1427 ORDER 3118 45 6 25 41 1
1427 ORDER 3119 39 30 23 40 0
1427 BLOCK 14 26
1428 ORDER 3120 12 32 35 41 1
1428 ORDER 3121 44 6 18 41 0
1429 CANCEL 2987
1429 ORDER 3122 17 21 4 41 0
1429 ORDER 3123 26 9 1 10 1
1430 ORDER 3124 25 30 1 16 0
1430 ORDER 3125 9 11 3 8 0
1431 CANCEL 2745
1431 CANCEL 2771
1431 ORDER 3126 30 32 2 40 0
1431 ORDER 3127 11 29 52 40 0
1432 ORDER 3128 18 9 3 31 2
1432 ORDER 3129 15 15 23 40 2
1433 ORDER 3130 19 27 1 38 0
1433 ORDER 3131 36 26 1 31 0
1433 ORDER 3132 46 15 45 41 0
1434 ORDER 3133 23 29 1 25 1
1434 ORDER 3134 24 14 1 20 0
1434 ORDER 3135 35 17 11 40 3
1434 CANCEL 103135
1435 ORDER 3136 50 14 10 41 0
1435 ORDER 3137 10 6 2 18 1
1435 ORDER 3138 27 38 2 30 0
1436 ORDER 3139 20 18 2 14 2
1436 ORDER 3140 36 35 36 41 2
1437 ORDER 3141 29 23 1 7 0
1437 ORDER 3142 6 17 8 41 0
1438 ORDER 3143 14 35 37 41 2
1438 ORDER 3144 7 24 3 33 3
1439 ORDER 3145 17 11 2 10 0
1439 ORDER 3146 8 35 1 36 0
1439 ORDER 3147 42 20 2 19 0
1440 CANCEL 2884
1440 ORDER 3148 51 9 53 40 0
1440 ORDER 3149 40 24 3 33 1
1441 ORDER 3150 12 6 35 41 2
1441 ORDER 3151 43 8 2 1 0
1442 CANCEL 2718
1442 CANCEL 3049
1442 ORDER 3152 10 21 34 40 0
1442 ORDER 3153 17 29 34 41 0
1443 ORDER 3154 33 18 2 31 0
1443 ORDER 3155 42 35 37 40 3
1444 UNBLOCK 27 15
1444 ORDER 3156 28 33 2 14 1
1444 ORDER 3157 10 35 3 37 1
1445 ORDER 3158 24 20 2 35 0
1445 ORDER 3159 28 33 27 41 2
1446 ORDER 3160 14 36 3 10 0
1446 ORDER 3161 11 14 2 8 1
1447 CANCEL 3001
1447 ORDER 3162 48 26 17 41 0
1447 ORDER 3163 27 38 12 41 1
1447 ORDER 3164 31 17 32 40 2
1448 ORDER 3165 26 3 12 41 0
1448 ORDER 3166 25 15 1 18 1
1448 ORDER 3167 18 6 2 4 1
1449 ORDER 3168 9 30 45 41 0
1449 ORDER 3169 37 8 34 41 0
1450 CANCEL 2815
1450 ORDER 3170 12 3 36 40 0
1450 ORDER 3171 7 17 46 41 0
1451 ORDER 3172 13 32 51 40 1
1451 ORDER 3173 41 20 4 40 0
1452 ORDER 3174 15 11 2 41 0
1452 ORDER 3175 43 6 32 41 0
1453 ORDER 3176 35 18 20 40 1
1453 ORDER 3177 6 5 1 30 0
1454 ORDER 3178 29 29 1 38 0
1454 ORDER 3179 37 20 30 40 1
1455 CANCEL 2834
1455 ORDER 3180 29 21 2 21 0
1455 ORDER 3181 37 5 3 16 1
1456 ORDER 3182 11 26 3 1 1
1456 ORDER 3183 14 30 2 41 0
1457 ORDER 3184 30 17 9 41 2
1457 ORDER 3185 21 29 44 41 0
1458 ORDER 3186 41 32 3 1 1
1458 ORDER 3187 31 36 46 41 0
1459 ORDER 3188 22 26 32 41 0
1459 ORDER 3189 51 17 2 38 1
1460 CANCEL 2856
1460 ORDER 3190 49 29 1 21 0
1460 ORDER 3191 10 18 42 41 0
1461 ORDER 3192 41 28 53 40 0
1461 ORDER 3193 44 14 1 11 0
1462 ORDER 3194 15 20 2 4 0
1462 ORDER 3195 40 11 47 41 0
1463 ORDER 3196 49 3 42 41 0
1463 ORDER 3197 30 15 1 29 0
1464 ORDER 3198 18 35 37 41 1
1464 ORDER 3199 23 14 22 41 1
1465 ORDER 3200 9 33 1 32 0
1465 ORDER 3201 35 35 2 35 0
1465 ORDER 3202 37 12 2 32 2
1466 CANCEL 3064
1466 ORDER 3203 10 17 37 40 0
1466 ORDER 3204 22 14 1 13 1
1467 CANCEL 3165
1467 ORDER 3205 27 30 1 1 1
1467 ORDER 3206 18 15 1 1 2
1467 ORDER 3207 11 24 3 18 3
1467 BLOCK 22 35
1468 CANCEL 2785
1468 ORDER 3208 6 18 2 12 0
1468 ORDER 3209 38 24 2 40 0
1469 ORDER 3210 49 6 3 37 0
1469 ORDER 3211 37 6 1 25 0
1470 ORDER 3212 31 8 2 14 0
1470 ORDER 3213 29 38 1 26 1
1471 ORDER 3214 47 30 31 41 2
1471 ORDER 3215 15 29 13 40 2
1472 ORDER 3216 51 30 3 5 0
1472 ORDER 3217 47 14 1 27 0
1473 ORDER 3218 49 38 12 40 0
1473 ORDER 3219 25 35 47 41 0
1474 ORDER 3220 36 6 1 34 3
1474 ORDER 3221 7 18 3 9 2
1474 ORDER 3222 9 27 3 32 3
1475 CANCEL 3193
1475 ORDER 3223 45 9 1 1 0
1475 ORDER 3224 6 15 3 8 1
1476 ORDER 3225 47 29 1 31 0
1476 ORDER 3226 49 30 2 3 0
1477 ORDER 3227 48 5 37 41 2
1477 ORDER 3228 30 20 38 41 3
1478 ORDER 3229 8 20 2 32 3
1478 ORDER 3230 13 26 1 17 0
1478 ORDER 3231 34 21 2 29 1
1479 CANCEL 3162
1479 ORDER 3232 8 8 30 41 0
1479 ORDER 3233 20 23 2 35 0
1479 ORDER 3234 49 34 35 40 1
1480 ORDER 3235 24 24 3 36 0
1480 ORDER 3236 6 14 38 41 0
1481 UNBLOCK 14 26
1481 ORDER 3237 40 24 3 4 2
1481 ORDER 3238 39 9 21 41 0
1482 ORDER 3239 43 33 1 29 0
1482 ORDER 3240 16 17 3 34 2
1483 ORDER 3241 8 24 2 39 0
1483 ORDER 3242 16 3 48 41 1
1484 ORDER 3243 47 6 39 40 0
1484 ORDER 3244 7 5 25 40 0
1485 CANCEL 3190
1485 ORDER 3245 48 21 1 34 2
1485 ORDER 3246 47 30 1 39 0
1485 ORDER 3247 9 38 2 4 1
1486 ORDER 3248 6 14 1 39 0
1486 ORDER 3249 13 8 3 35 1
1487 CANCEL 3148
1487 ORDER 3250 42 30 36 40 1
1487 ORDER 3251 29 36 2 26 0
1488 ORDER 3252 30 26 2 10 0
1488 ORDER 3253 9 11 25 40 0
1489 ORDER 3254 40 5 3 7 0
1489 ORDER 3255 44 29 1 18 1
1489 ORDER 3256 30 35 2 39 0
1490 ORDER 3257 43 6 1 11 0
1490 ORDER 3258 8 35 32 40 0
1491 ORDER 3259 30 26 2 39 0
1491 ORDER 3260 13 33 3 22 1
1492 UNBLOCK 46 14
1492 CANCEL 3259
1492 ORDER 3261 27 32 35 41 0
1492 ORDER 3262 27 32 2 9 1
1493 ORDER 3263 36 14 38 40 0
1493 ORDER 3264 36 9 1 33 2
1494 CANCEL 2946
1494 ORDER 3265 26 33 10 40 0
1494 ORDER 3266 29 15 36 40 0
1494 ORDER 3267 50 15 32 40 0
1495 CANCEL 2839
1495 ORDER 3268 13 30 19 41 0
1495 ORDER 3269 45 23 16 41 1
1495 BLOCK 21 29
1496 ORDER 3270 42 19 1 16 0
1496 ORDER 3271 34 21 16 40 0
1497 ORDER 3272 16 3 1 26 3
1497 ORDER 3273 26 9 3 27 0
1498 ORDER 3274 16 5 47 41 3
1498 ORDER 3275 49 11 1 28 1
1499 CANCEL 2845
1499 ORDER 3276 10 24 2 25 1
1499 ORDER 3277 28 24 18 41 2
1499 CANCEL 103277
1500 ORDER 3278 21 6 1 6 0
1500 ORDER 3279 48 29 54 41 0
1501 CANCEL 3045
1501 ORDER 3280 27 30 2 9 3
1501 ORDER 3281 15 21 3 30 0
1501 ORDER 3282 10 18 3 30 0
1502 ORDER 3283 33 11 1 27 1
1502 ORDER 3284 41 33 1 15 0
1503 ORDER 3285 22 9 29 41 0
1503 ORDER 3286 10 36 3 17 1
1504 ORDER 3287 44 8 32 41 0
1504 ORDER 3288 31 8 47 40 2
1505 ORDER 3289 36 9 12 41 0
1505 ORDER 3290 16 26 3 8 1
1506 CANCEL 2931
1506 ORDER 3291 41 23 35 40 0
1506 ORDER 3292 26 30 2 1 0
1507 CANCEL 3261
1507 ORDER 3293 19 18 39 40 1
1507 ORDER 3294 12 33 2 36 2
1508 ORDER 3295 37 17 2 29 0
1508 ORDER 3296 37 18 9 40 1
1509 ORDER 3297 12 6 26 40 0
1509 ORDER 3298 37 33 31 41 0
1510 ORDER 3299 8 3 31 41 0
1510 ORDER 3300 20 15 1 8 0
1511 ORDER 3301 37 32 15 41 1
1511 ORDER 3302 20 17 21 41 0
1512 ORDER 3303 16 9 2 3 0
1512 ORDER 3304 17 17 2 20 0
1513 ORDER 3305 30 21 3 1 2
1513 ORDER 3306 33 18 18 41 0
1514 ORDER 3307 27 3 4 40 0
1514 ORDER 3308 15 9 2 12 0
1515 ORDER 3309 47 26 16 41 0
1515 ORDER 3310 43 14 1 36 0
1516 ORDER 3311 26 27 30 41 0
1516 ORDER 3312 12 36 1 13 0
1517 UNBLOCK 17 6
1517 ORDER 3313 16 9 51 41 1
1517 ORDER 3314 30 33 3 31 0
1517 ORDER 3315 39 27 29 40 1
1518 ORDER 3316 25 18 26 41 0
1518 ORDER 3317 45 8 33 41 1
1519 ORDER 3318 23 38 12 40 0
1519 ORDER 3319 30 12 39 40 0
1520 ORDER 3320 18 33 7 41 0
1520 ORDER 3321 30 33 1 29 1
1521 ORDER 3322 38 38 3 30 0
1521 ORDER 3323 51 17 30 40 0
1522 ORDER 3324 7 24 35 40 1
1522 ORDER 3325 38 26 15 40 0
1522 BLOCK 50 2
1523 ORDER 3326 45 21 47 41 0
1523 ORDER 3327 39 14 3 32 0
1524 ORDER 3328 39 11 2 15 2
1524 ORDER 3329 22 23 20 41 0
1525 ORDER 3330 49 3 37 40 0
1525 ORDER 3331 45 9 1 17 1
1526 ORDER 3332 15 5 3 7 0
1526 ORDER 3333 21 24 41 41 0
1526 ORDER 3334 51 26 3 5 0
1527 ORDER 3335 47 23 32 40 2
1527 ORDER 3336 36 26 2 20 0
1528 ORDER 3337 37 38 3 31 0
1528 ORDER 3338 24 5 1 18 0
1529 ORDER 3339 29 27 1 12 1
1529 ORDER 3340 37 15 3 24 0
1530 ORDER 3341 40 26 21 41 0
1530 ORDER 3342 28 12 46 41 0
1531 ORDER 3343 25 18 2 39 0
1531 ORDER 3344 10 29 3 27 2
1532 CANCEL 3033
1532 ORDER 3345 36 12 40 40 2
1532 ORDER 3346 24 5 31 41 0
1533 CANCEL 3277
1533 ORDER 3347 39 9 7 41 0
1533 ORDER 3348 13 35 2 28 1
1534 CANCEL 2954
1534 ORDER 3349 7 29 2 17 2
1534 ORDER 3350 16 17 3 18 0
1534 ORDER 3351 12 6 23 41 1
1535 ORDER 3352 9 18 3 40 0
1535 ORDER 3353 51 24 3 29 1
1535 BLOCK 25 39
1536 ORDER 3354 20 21 23 40 0
1536 ORDER 3355 35 23 2 5 0
1536 ORDER 3356 46 3 11 40 1
1536 BLOCK 8 35
1537 CANCEL 2957
1537 ORDER 3357 33 27 1 2 0
1537 ORDER 3358 45 23 39 41 2
1538 CANCEL 2980
1538 ORDER 3359 6 33 17 41 0
1538 ORDER 3360 48 38 45 40 1
1539 ORDER 3361 39 9 2 39 1
1539 ORDER 3362 45 8 22 41 0
1540 ORDER 3363 19 12 2 41 1
1540 ORDER 3364 10 35 2 18 0
1541 ORDER 3365 10 17 2 19 0
1541 ORDER 3366 11 12 22 41 0
1542 ORDER 3367 25 9 24 41 0
1542 ORDER 3368 39 17 12 40 1
1543 ORDER 3369 33 18 2 29 0
1543 ORDER 3370 6 3 1 24 0
1543 ORDER 3371 29 12 39 41 0
1544 ORDER 3372 24 38 45 41 1
1544 ORDER 3373 20 18 1 23 0
1544 ORDER 3374 26 30 2 39 0
1545 ORDER 3375 47 32 48 41 1
1545 ORDER 3376 7 6 2 30 0
1545 ORDER 3377 39 5 1 35 2
1546 ORDER 3378 19 36 23 41 0
1546 ORDER 3379 44 20 3 28 0
1547 ORDER 3380 27 32 1 22 0
1547 ORDER 3381 40 5 40 40 0
1547 ORDER 3382 46 20 26 41 0
1548 ORDER 3383 46 23 26 41 0
1548 ORDER 3384 38 15 37 41 0
1549 ORDER 3385 30 12 2 17 0
1549 ORDER 3386 35 18 1 14 1
1550 ORDER 3387 49 33 16 40 0
1550 ORDER 3388 41 21 2 22 1
1551 ORDER 3389 38 23 48 41 0
1551 ORDER 3390 50 38 38 40 0
1552 ORDER 3391 7 9 1 1 1
1552 ORDER 3392 20 23 3 23 0
1553 ORDER 3393 21 23 1 38 0
1553 ORDER 3394 27 8 3 4 1
1553 ORDER 3395 7 18 2 8 0
1554 ORDER 3396 6 17 1 27 0
1554 ORDER 3397 40 23 2 34 0
1555 ORDER 3398 18 18 3 29 1
1555 ORDER 3399 30 38 2 25 0
1555 ORDER 3400 17 12 46 40 0
1556 ORDER 3401 19 15 9 41 0
1556 ORDER 3402 7 11 3 20 2
1557 CANCEL 3047
1557 ORDER 3403 46 15 30 41 1
1557 ORDER 3404 48 21 25 40 1
1558 ORDER 3405 17 14 43 41 2
1558 ORDER 3406 21 29 2 29 2
1559 ORDER 3407 22 23 3 33 1
1559 ORDER 3408 34 20 1 34 0
1559 ORDER 3409 10 8 2 8 0
1560 ORDER 3410 18 35 1 38 0
1560 ORDER 3411 51 36 3 5 0
1561 ORDER 3412 17 27 2 29 0
1561 ORDER 3413 28 15 10 41 0
1561 ORDER 3414 40 15 27 41 3
1561 BLOCK 31 26
1562 UNBLOCK 9 39
1562 ORDER 3415 40 12 2 33 0
1562 ORDER 3416 46 8 9 40 1
1563 ORDER 3417 29 35 44 41 0
1563 ORDER 3418 45 21 36 41 0
1564 CANCEL 3221
1564 ORDER 3419 19 36 3 30 0
1564 ORDER 3420 49 9 3 40 0
1565 ORDER 3421 49 6 38 41 0
1565 ORDER 3422 8 17 3 2 1
1566 ORDER 3423 19 5 2 36 0
1566 ORDER 3424 17 21 3 37 0
1567 ORDER 3425 28 32 47 41 2
1567 ORDER 3426 16 8 53 41 0
1568 ORDER 3427 12 21 1 4 0
1568 ORDER 3428 21 20 4 41 1
1569 ORDER 3429 23 6 3 9 0
1569 ORDER 3430 24 26 42 41 0
1569 ORDER 3431 27 21 1 39 2
1570 ORDER 3432 50 24 3 3 3
1570 ORDER 3433 18 30 3 31 0
1571 ORDER 3434 39 29 1 17 1
1571 ORDER 3435 30 5 3 12 1
1572 ORDER 3436 48 15 2 41 0
1572 ORDER 3437 22 36 53 41 1
1573 ORDER 3438 38 33 14 41 0
1573 ORDER 3439 19 5 2 30 1
1574 ORDER 3440 38 33 31 41 0
1574 ORDER 3441 38 5 1 37 0
1574 ORDER 3442 45 3 20 40 2
1575 ORDER 3443 51 36 30 40 0
1575 ORDER 3444 10 29 1 39 1
1576 ORDER 3445 48 28 2 7 0
1576 ORDER 3446 15 5 2 22 0
1577 ORDER 3447 9 8 1 20 0
1577 ORDER 3448 36 20 1 13 0
1578 CANCEL 3167
1578 ORDER 3449 42 33 3 5 0
1578 ORDER 3450 20 27 23 41 1
1578 ORDER 3451 11 33 2 31 0
1579 ORDER 3452 26 27 2 14 1
1579 ORDER 3453 8 24 52 40 0
1580 ORDER 3454 37 21 14 41 0
1580 ORDER 3455 29 21 2 3 0
1580 ORDER 3456 30 5 1 19 0
1581 ORDER 3457 28 24 1 38 0
1581 ORDER 3458 18 24 2 10 1
1582 ORDER 3459 11 36 9 40 2
1582 ORDER 3460 22 35 1 5 0
1582 ORDER 3461 47 6 2 39 0
1583 ORDER 3462 42 26 8 41 3
1583 ORDER 3463 36 18 19 40 1
1584 ORDER 3464 11 29 6 41 2
1584 ORDER 3465 30 14 1 14 2
1584 ORDER 3466 35 26 33 40 0
1585 ORDER 3467 22 29 2 27 0
1585 ORDER 3468 46 17 1 11 0
1586 CANCEL 3240
1586 ORDER 3469 46 5 27 41 0
1586 ORDER 3470 40 38 44 40 0
1587 ORDER 3471 33 29 49 41 2
1587 ORDER 3472 27 8 2 34 0
1588 ORDER 3473 49 8 1 1 0
1588 ORDER 3474 8 24 2 8 0
1589 ORDER 3475 38 24 1 9 0
1589 ORDER 3476 6 8 3 9 0
1590 CANCEL 3080
1590 ORDER 3477 11 30 1 24 2
1590 ORDER 3478 18 17 34 41 0
1591 ORDER 3479 30 21 34 40 2
1591 ORDER 3480 38 38 10 41 0
1592 ORDER 3481 32 36 3 33 0
1592 ORDER 3482 26 23 35 41 1
1592 ORDER 3483 21 38 2 3 1
1593 ORDER 3484 50 6 1 23 0
1593 ORDER 3485 41 23 3 35 0
1593 ORDER 3486 17 14 53 40 1
1594 ORDER 3487 28 33 51 40 0
1594 ORDER 3488 48 30 19 40 2
1594 ORDER 3489 13 14 10 41 0
1595 CANCEL 3332
1595 ORDER 3490 8 30 3 30 1
1595 ORDER 3491 19 36 28 40 0
1596 CANCEL 3061
1596 CANCEL 3397
1596 ORDER 3492 38 8 1 9 0
1596 ORDER 3493 12 12 44 41 1
1596 ORDER 3494 18 21 2 14 0
1597 ORDER 3495 11 14 10 41 0
1597 ORDER 3496 19 30 46 40 0
1598 ORDER 3497 45 15 2 39 1
1598 ORDER 3498 16 21 1 18 0
1599 ORDER 3499 43 9 3 22 0
1599 ORDER 3500 10 5 2 11 1
1599 ORDER 3501 30 26 3 1 0
1600 ORDER 3502 16 5 47 40 0
1600 ORDER 3503 38 15 1 35 0
1601 UNBLOCK 22 35
1601 CANCEL 3243
1601 ORDER 3504 35 33 27 41 2
1601 ORDER 3505 27 9 2 29 2
1602 CANCEL 3375
1602 ORDER 3506 36 17 3 6 2
1602 ORDER 3507 11 32 42 41 0
1603 ORDER 3508 12 14 2 27 0
1603 ORDER 3509 29 14 51 40 0
1604 ORDER 3510 6 20 1 28 0
1604 ORDER 3511 43 6 3 28 1
1605 ORDER 3512 13 38 1 20 0
1605 ORDER 3513 31 8 3 8 1
1606 ORDER 3514 8 27 2 25 1
1606 ORDER 3515 28 36 40 40 0
1607 CANCEL 3145
1607 ORDER 3516 46 23 1 19 1
1607 ORDER 3517 47 23 22 41 0
1608 ORDER 3518 14 35 2 16 1
1608 ORDER 3519 48 12 38 41 1
1609 ORDER 3520 35 6 3 3 0
1609 ORDER 3521 39 9 2 36 1
1610 ORDER 3522 8 29 22 41 0
1610 ORDER 3523 37 33 3 11 1
1610 ORDER 3524 43 18 38 40 2
1611 CANCEL 3279
1611 ORDER 3525 28 15 14 41 1
1611 ORDER 3526 11 3 52 41 0
1612 ORDER 3527 25 5 5 40 0
1612 ORDER 3528 32 30 1 16 0
1613 UNBLOCK 50 2
1613 ORDER 3529 27 9 2 36 0
1613 ORDER 3530 17 35 12 40 0
1614 CANCEL 3333
1614 ORDER 3531 42 30 39 40 0
1614 ORDER 3532 11 18 3 37 0
1615 CANCEL 3154
1615 ORDER 3533 6 29 2 22 0
1615 ORDER 3534 32 12 3 8 0
1616 ORDER 3535 20 24 3 14 0
1616 ORDER 3536 9 20 3 39 0
1616 ORDER 3537 39 6 32 41 3
1617 ORDER 3538 36 35 1 6 0
1617 ORDER 3539 19 5 2 33 0
1618 CANCEL 3155
1618 ORDER 3540 10 8 51 41 1
1618 ORDER 3541 51 21 24 40 1
1619 CANCEL 3398
1619 CANCEL 3490
1619 ORDER 3542 28 5 3 4 1
1619 ORDER 3543 37 18 3 20 0
1620 ORDER 3544 37 14 20 41 0
1620 ORDER 3545 18 6 2 12 0
1621 ORDER 3546 27 11 3 13 2
1621 ORDER 3547 28 14 2 5 1
1622 ORDER 3548 34 20 10 41 0
1622 ORDER 3549 36 20 2 40 0
1623 ORDER 3550 14 36 23 40 0
1623 ORDER 3551 49 11 2 19 1
1624 ORDER 3552 24 11 45 40 1
1624 ORDER 3553 40 15 16 41 0
1625 CANCEL 3122
1625 ORDER 3554 29 29 7 40 2
1625 ORDER 3555 41 27 1 40 1
1625 ORDER 3556 22 24 1 6 0
1626 ORDER 3557 6 11 54 41 0
1626 ORDER 3558 19 38 3 18 0
1627 ORDER 3559 7 24 2 5 1
1627 ORDER 3560 13 14 18 40 0
1628 ORDER 3561 27 32 2 22 0
1628 ORDER 3562 17 18 2 39 0
1629 CANCEL 3305
1629 ORDER 3563 23 24 1 1 0
1629 ORDER 3564 43 26 42 41 0
1630 CANCEL 3281
1630 CANCEL 3287
1630 ORDER 3565 28 21 54 40 1
1630 ORDER 3566 39 3 3 18 0
1631 UNBLOCK 31 26
1631 ORDER 3567 28 3 43 40 1
1631 ORDER 3568 27 29 29 40 1
1631 ORDER 3569 38 12 3 12 0
1632 ORDER 3570 37 32 1 41 2
1632 ORDER 3571 40 17 33 41 0
1633 ORDER 3572 8 23 47 40 0
1633 ORDER 3573 30 30 3 31 0
1634 ORDER 3574 35 11 2 25 1
1634 ORDER 3575 39 32 3 25 1
1635 ORDER 3576 37 24 1 26 3
1635 ORDER 3577 35 5 9 40 0
1636 ORDER 3578 49 35 11 40 1
1636 ORDER 3579 46 3 24 40 0
1637 ORDER 3580 8 35 1 26 0
1637 ORDER 3581 15 20 1 5 0
1638 ORDER 3582 25 17 1 38 0
1638 ORDER 3583 12 36 2 10 0
1639 ORDER 3584 49 35 2 12 1
1639 ORDER 3585 45 21 1 18 0
1639 ORDER 3586 12 8 4 41 3
1640 ORDER 3587 8 20 35 41 0
1640 ORDER 3588 39 26 2 33 0
1641 ORDER 3589 13 8 1 1 1
1641 ORDER 3590 31 8 1 21 2
1642 CANCEL 3458
1642 CANCEL 3533
1642 ORDER 3591 19 12 1 5 0
1642 ORDER 3592 14 36 1 30 0
1643 UNBLOCK 21 29
1643 ORDER 3593 8 14 3 12 0
1643 ORDER 3594 35 15 38 41 0
1643 BLOCK 44 18
1644 ORDER 3595 42 11 41 41 2
1644 ORDER 3596 37 12 3 11 1
1645 CANCEL 3174
1645 ORDER 3597 30 29 3 32 0
1645 ORDER 3598 31 26 1 16 0
1646 CANCEL 3216
1646 ORDER 3599 10 30 3 25 0
1646 ORDER 3600 43 27 45 40 0
1647 ORDER 3601 45 17 2 41 0
1647 ORDER 3602 18 20 12 40 1
1648 ORDER 3603 8 29 3 38 2
1648 ORDER 3604 26 9 1 22 1
1649 ORDER 3605 37 26 22 40 0
1649 ORDER 3606 30 5 4 40 3
1650 ORDER 3607 33 18 24 41 1
1650 ORDER 3608 35 21 10 40 0
1650 ORDER 3609 20 5 2 11 0
1651 UNBLOCK 25 39
1651 ORDER 3610 42 11 3 9 0
1651 ORDER 3611 11 3 3 5 1
1652 ORDER 3612 49 38 2 25 1
1652 ORDER 3613 20 36 1 30 0
1653 ORDER 3614 35 24 3 41 0
1653 ORDER 3615 30 3 2 6 2
1653 ORDER 3616 20 12 1 11 1
1654 ORDER 3617 11 33 2 10 1
1654 ORDER 3618 32 6 54 40 0
1655 ORDER 3619 41 17 2 2 0
1655 ORDER 3620 28 15 2 22 1
1656 ORDER 3621 17 33 37 40 0
1656 ORDER 3622 50 36 1 24 0
1657 ORDER 3623 43 36 2 16 1
1657 ORDER 3624 22 32 49 41 1
1658 ORDER 3625 44 21 50 40 1
1658 ORDER 3626 49 36 18 41 0
1658 ORDER 3627 29 38 38 41 0
1659 ORDER 3628 9 36 6 41 0
1659 ORDER 3629 30 30 30 41 0
1660 ORDER 3630 50 24 31 41 3
1660 ORDER 3631 17 26 54 40 0
1661 CANCEL 3624
1661 ORDER 3632 29 38 46 40 0
1661 ORDER 3633 27 17 31 40 0
1662 CANCEL 3423
1662 CANCEL 3450
1662 ORDER 3634 44 9 2 28 0
1662 ORDER 3635 8 27 2 10 1
1663 ORDER 3636 47 33 1 14 0
1663 ORDER 3637 39 36 3 3 0
1664 ORDER 3638 31 26 1 27 0
1664 ORDER 3639 19 29 3 26 0
1665 ORDER 3640 11 8 1 36 1
1665 ORDER 3641 38 18 1 34 0
1666 ORDER 3642 27 3 2 21 1
1666 ORDER 3643 38 15 5 41 1
1667 ORDER 3644 30 26 10 41 1
1667 ORDER 3645 13 38 1 2 1
1668 CANCEL 3401
1668 ORDER 3646 46 3 3 12 0
1668 ORDER 3647 6 8 1 32 0
1668 ORDER 3648 20 27 1 30 0
1669 ORDER 3649 35 33 52 40 0
1669 ORDER 3650 34 11 2 35 0
1670 ORDER 3651 22 12 2 27 1
1670 ORDER 3652 12 37 42 40 0
1670 ORDER 3653 32 36 16 41 1
1671 ORDER 3654 16 5 15 40 1
1671 ORDER 3655 43 27 2 34 1
1672 ORDER 3656 13 12 1 10 0
1672 ORDER 3657 23 11 3 3 3
1673 ORDER 3658 10 9 2 9 2
1673 ORDER 3659 18 21 42 41 0
1674 ORDER 3660 16 12 3 32 0
1674 ORDER 3661 50 9 32 40 0
1675 ORDER 3662 6 35 35 41 0
1675 ORDER 3663 20 33 1 29 0
1675 ORDER 3664 38 24 2 33 0
1676 ORDER 3665 19 11 1 8 0
1676 ORDER 3666 39 27 1 25 0
1677 CANCEL 3348
1677 CANCEL 3367
1677 ORDER 3667 47 26 3 16 0
1677 ORDER 3668 51 27 2 35 0
1678 CANCEL 3417
1678 ORDER 3669 11 12 1 40 0
1678 ORDER 3670 30 33 35 40 0
1679 ORDER 3671 7 32 1 23 0
1679 ORDER 3672 7 32 2 39 1
1680 ORDER 3673 48 23 1 37 1
1680 ORDER 3674 8 21 16 40 0
1681 ORDER 3675 48 30 3 7 0
1681 ORDER 3676 44 11 43 40 0
1682 CANCEL 3241
1682 ORDER 3677 45 18 28 40 0
1682 ORDER 3678 41 30 2 17 1
1682 ORDER 3679 44 12 19 40 0
1683 ORDER 3680 35 20 1 19 0
1683 ORDER 3681 31 30 4 41 1
1684 ORDER 3682 18 11 3 33 0
1684 ORDER 3683 19 25 2 15 0
1685 UNBLOCK 8 35
1685 UNBLOCK 44 18
1685 ORDER 3684 31 27 1 38 0
1685 ORDER 3685 10 24 7 41 0
1685 ORDER 3686 11 8 34 41 0
1686 CANCEL 3672
1686 ORDER 3687 10 36 49 40 0
1686 ORDER 3688 15 18 3 13 0
1687 ORDER 3689 21 32 1 11 0
1687 ORDER 3690 18 32 48 40 1
1688 ORDER 3691 46 11 2 18 0
1688 ORDER 3692 11 5 27 40 0
1689 ORDER 3693 41 30 3 15 0
1689 ORDER 3694 28 21 1 5 0
1690 CANCEL 3606
1690 ORDER 3695 43 38 2 28 0
1690 ORDER 3696 20 17 3 5 3
1691 ORDER 3697 27 35 43 40 0
1691 ORDER 3698 38 8 24 40 1
1692 ORDER 3699 38 38 3 23 0
1692 ORDER 3700 49 38 1 31 2
1692 ORDER 3701 6 3 2 31 1
1693 CANCEL 3523
1693 ORDER 3702 35 18 2 22 0
1693 ORDER 3703 40 23 3 25 1
1694 ORDER 3704 28 29 52 40 0
1694 ORDER 3705 16 8 6 41 1
1694 ORDER 3706 26 5 1 13 0
1695 CANCEL 3547
1695 ORDER 3707 18 35 1 17 2
1695 ORDER 3708 24 11 35 41 1
1696 ORDER 3709 31 3 10 41 0
1696 ORDER 3710 31 14 1 27 0
1697 CANCEL 3577
1697 ORDER 3711 31 33 51 40 1
1697 ORDER 3712 38 23 54 40 0
1698 ORDER 3713 35 9 1 19 0
1698 ORDER 3714 30 18 44 41 0
1699 ORDER 3715 40 11 3 9 1
1699 ORDER 3716 41 38 3 22 1
1700 ORDER 3717 43 11 1 21 3
1700 ORDER 3718 19 38 2 34 0
1701 ORDER 3719 17 32 47 41 1
1701 ORDER 3720 16 18 15 41 0
1702 ORDER 3721 12 27 2 4 0
1702 ORDER 3722 50 9 51 40 1
1703 ORDER 3723 19 9 11 40 1
1703 ORDER 3724 8 30 19 40 0
1703 ORDER 3725 23 11 27 41 0
1704 ORDER 3726 17 12 2 31 0
1704 ORDER 3727 50 21 3 35 0
1705 ORDER 3728 37 3 32 40 0
1705 ORDER 3729 46 33 3 30 0
1705 ORDER 3730 27 9 2 26 1
1706 ORDER 3731 19 5 1 25 0
1706 ORDER 3732 17 5 23 41 0
1707 ORDER 3733 19 36 2 26 0
1707 ORDER 3734 12 35 38 41 1
1707 ORDER 3735 42 29 3 21 0
1708 CANCEL 3413
1708 ORDER 3736 40 5 45 41 0
1708 ORDER 3737 48 35 1 27 0
1709 ORDER 3738 32 36 17 40 1
1709 ORDER 3739 8 35 3 18 2
1709 ORDER 3740 12 33 3 20 0
1710 ORDER 3741 26 21 49 40 0
1710 ORDER 3742 37 6 3 12 2
1710 ORDER 3743 25 9 3 40 0
1711 CANCEL 3323
1711 ORDER 3744 34 36 3 33 2
1711 ORDER 3745 45 18 3 36 0
1712 CANCEL 3402
1712 ORDER 3746 43 26 4 41 0
1712 ORDER 3747 17 14 38 41 2
1713 ORDER 3748 46 11 1 15 0
1713 ORDER 3749 31 14 24 40 1
1714 CANCEL 3647
1714 ORDER 3750 16 9 2 41 1
1714 ORDER 3751 41 33 30 40 0
1714 ORDER 3752 24 5 22 40 3
1715 ORDER 3753 34 20 46 40 0
1715 ORDER 3754 8 6 3 31 0
1715 ORDER 3755 34 9 1 23 0
1716 ORDER 3756 35 30 53 40 1
1716 ORDER 3757 35 18 11 41 0
1716 ORDER 3758 50 27 2 36 0
1717 ORDER 3759 28 29 39 40 0
1717 ORDER 3760 7 11 3 39 1
1718 CANCEL 3484
1718 ORDER 3761 24 5 2 21 0
1718 ORDER 3762 31 38 22 41 2
1719 CANCEL 3374
1719 ORDER 3763 6 30 5 40 0
1719 ORDER 3764 18 32 3 28 1
1719 ORDER 3765 15 21 1 13 2
1720 ORDER 3766 16 17 48 41 1
1720 ORDER 3767 10 33 26 40 1
1721 ORDER 3768 51 38 18 40 0
1721 ORDER 3769 31 32 3 27 0
1722 ORDER 3770 44 21 2 12 3
1722 ORDER 3771 41 26 1 11 0
1723 CANCEL 3379
1723 CANCEL 3646
1723 ORDER 3772 46 21 31 41 0
1723 ORDER 3773 41 21 9 41 0
1723 BLOCK 16 32
1724 ORDER 3774 24 6 3 28 0
1724 ORDER 3775 50 38 43 41 1
1725 ORDER 3776 44 23 4 41 2
1725 ORDER 3777 40 30 3 15 1
1726 ORDER 3778 42 30 2 39 1
1726 ORDER 3779 29 18 1 27 0
1727 ORDER 3780 31 14 1 17 0
1727 ORDER 3781 38 27 10 41 1
1728 CANCEL 3780
1728 ORDER 3782 42 9 46 41 0
1728 ORDER 3783 10 18 3 18 1
1729 ORDER 3784 13 26 2 33 0
1729 ORDER 3785 42 26 39 40 0
1730 CANCEL 3440
1730 ORDER 3786 31 5 2 6 0
1730 ORDER 3787 43 38 23 41 0
1731 ORDER 3788 6 36 49 40 1
1731 ORDER 3789 16 12 1 9 1
1732 ORDER 3790 19 18 35 41 1
1732 ORDER 3791 47 18 22 41 0
1733 ORDER 3792 41 29 3 34 2
1733 ORDER 3793 36 12 8 41 1
1733 ORDER 3794 39 9 40 40 1
1733 BLOCK 29 1
1734 CANCEL 3658
1734 ORDER 3795 9 36 29 41 0
1734 ORDER 3796 7 11 40 41 0
1735 ORDER 3797 24 38 17 40 3
1735 ORDER 3798 34 20 17 40 1
1736 ORDER 3799 17 20 2 34 0
1736 ORDER 3800 42 20 44 41 1
1737 ORDER 3801 23 12 3 29 1
1737 ORDER 3802 21 14 2 30 0
1737 ORDER 3803 18 38 2 32 0
1738 ORDER 3804 8 29 3 22 0
1738 ORDER 3805 30 17 32 40 0
1738 ORDER 3806 41 30 1 16 0
1739 ORDER 3807 18 9 1 37 0
1739 ORDER 3808 29 14 7 41 1
1740 ORDER 3809 50 6 2 6 0
1740 ORDER 3810 19 18 1 18 2
1741 ORDER 3811 31 6 2 35 0
1741 ORDER 3812 18 32 2 4 0
1742 CANCEL 3576
1742 ORDER 3813 9 20 35 40 0
1742 ORDER 3814 50 14 21 40 0
1743 ORDER 3815 46 21 49 40 0
1743 ORDER 3816 24 15 1 29 1
1744 ORDER 3817 24 9 6 40 0
1744 ORDER 3818 46 30 3 39 0
1745 ORDER 3819 30 5 1 29 0
1745 ORDER 3820 48 35 3 32 0
1746 ORDER 3821 18 20 33 41 2
1746 ORDER 3822 26 30 24 40 1
1746 ORDER 3823 16 6 8 41 1
1747 ORDER 3824 21 6 49 41 0
1747 ORDER 3825 37 3 26 40 0
1748 ORDER 3826 41 23 3 26 1
1748 ORDER 3827 44 27 3 22 0
1749 ORDER 3828 31 23 2 28 1
1749 ORDER 3829 48 36 29 41 1
1750 CANCEL 3392
1750 ORDER 3830 7 30 44 40 0
1750 ORDER 3831 8 35 1 8 0
1751 CANCEL 3826
1751 ORDER 3832 27 30 25 40 0
1751 ORDER 3833 30 33 36 41 0
1751 ORDER 3834 25 33 11 40 1
1752 CANCEL 3773
1752 ORDER 3835 6 3 2 14 1
1752 ORDER 3836 43 12 14 41 1
1753 ORDER 3837 46 36 3 26 3
1753 ORDER 3838 28 3 1 3 0
1754 ORDER 3839 41 38 2 16 0
1754 ORDER 3840 30 12 1 18 1
1755 ORDER 3841 50 32 6 40 0
1755 ORDER 3842 10 12 3 32 1
1756 ORDER 3843 35 12 2 20 2
1756 ORDER 3844 19 25 2 18 3
1757 ORDER 3845 31 9 1 14 1
1757 ORDER 3846 45 3 1 13 2
1758 ORDER 3847 37 20 25 40 1
1758 ORDER 3848 16 27 48 40 0
1759 ORDER 3849 11 30 37 40 0
1759 ORDER 3850 28 24 6 41 2
1760 ORDER 3851 16 21 33 40 2
1760 ORDER 3852 51 9 1 28 0
1761 ORDER 3853 48 23 1 34 0
1761 ORDER 3854 18 33 54 41 0
1762 ORDER 3855 20 20 2 20 0
1762 ORDER 3856 50 27 3 37 2
1763 ORDER 3857 20 32 3 14 0
1763 ORDER 3858 28 8 42 41 1
1763 ORDER 3859 36 29 22 40 0
1764 ORDER 3860 19 32 1 7 0
1764 ORDER 3861 17 21 1 11 0
1764 ORDER 3862 12 24 21 41 0
1765 ORDER 3863 10 20 2 2 1
1765 ORDER 3864 40 29 4 41 0
1766 CANCEL 3650
1766 ORDER 3865 8 29 18 41 1
1766 ORDER 3866 9 36 10 41 1
1767 ORDER 3867 43 20 1 13 2
1767 ORDER 3868 19 5 5 41 0
1768 ORDER 3869 36 3 3 17 2
1768 ORDER 3870 49 18 26 40 1
1769 UNBLOCK 16 32
1769 CANCEL 3797
1769 ORDER 3871 6 27 38 40 0
1769 ORDER 3872 28 23 1 26 0
1770 ORDER 3873 46 11 34 41 0
1770 ORDER 3874 7 17 1 41 1
1771 ORDER 3875 36 23 47 40 1
1771 ORDER 3876 8 27 50 40 0
1772 CANCEL 3447
1772 ORDER 3877 46 9 1 7 2
1772 ORDER 3878 46 14 1 19 0
1772 ORDER 3879 37 32 1 17 1
1773 ORDER 3880 32 35 3 13 0
1773 ORDER 3881 33 11 3 30 3
1774 ORDER 3882 19 3 46 40 0
1774 ORDER 3883 39 14 3 34 1
1775 ORDER 3884 27 12 1 33 0
1775 ORDER 3885 7 38 18 40 1
1776 CANCEL 3488
1776 CANCEL 3637
1776 ORDER 3886 32 17 2 26 0
1776 ORDER 3887 29 18 4 40 0
1777 CANCEL 3622
1777 ORDER 3888 18 14 17 41 2
1777 ORDER 3889 6 17 2 39 3
1778 ORDER 3890 14 31 5 40 1
1778 ORDER 3891 20 12 3 35 0
1779 ORDER 3892 49 12 35 41 1
1779 ORDER 3893 21 26 1 5 0
1780 ORDER 3894 35 24 2 3 3
1780 ORDER 3895 31 6 3 22 0
1781 ORDER 3896 34 5 3 20 3
1781 ORDER 3897 28 24 48 40 0
1782 ORDER 3898 47 3 17 40 0
1782 ORDER 3899 40 35 48 41 2
1783 ORDER 3900 8 3 1 24 0
1783 ORDER 3901 21 23 1 39 1
1784 CANCEL 3720
1784 ORDER 3902 42 27 10 41 1
1784 ORDER 3903 39 38 10 41 0
1784 ORDER 3904 30 9 2 28 0
1785 CANCEL 3854
1785 ORDER 3905 17 23 9 40 0
1785 ORDER 3906 21 5 1 2 2
1786 ORDER 3907 18 9 3 20 0
1786 ORDER 3908 46 20 2 23 3
1787 ORDER 3909 50 23 40 40 1
1787 ORDER 3910 33 20 52 40 0
1787 ORDER 3911 16 9 2 11 1
1788 CANCEL 3776
1788 ORDER 3912 38 5 38 40 0
1788 ORDER 3913 38 29 1 39 0
1789 ORDER 3914 30 32 2 23 0
1789 ORDER 3915 20 32 2 32 1
1789 ORDER 3916 30 9 1 5 0
1790 ORDER 3917 27 12 41 40 1
1790 ORDER 3918 17 36 2 40 0
1791 ORDER 3919 13 36 13 41 0
1791 ORDER 3920 35 8 47 40 0
1792 ORDER 3921 37 24 41 40 0
1792 ORDER 3922 25 33 28 41 0
1793 ORDER 3923 39 9 2 38 0
1793 ORDER 3924 27 29 7 40 0
1794 ORDER 3925 41 11 3 21 1
1794 ORDER 3926 16 23 54 40 0
1795 ORDER 3927 36 17 31 40 0
1795 ORDER 3928 19 17 2 39 0
1796 ORDER 3929 37 3 2 10 0
1796 ORDER 3930 19 32 43 41 0
1797 ORDER 3931 22 35 2 9 0
1797 ORDER 3932 7 23 3 23 2
1798 ORDER 3933 23 26 4 41 0
1798 ORDER 3934 46 26 1 30 2
1799 ORDER 3935 15 27 3 25 1
1799 ORDER 3936 27 11 2 2 0
1800 CANCEL 3563
1800 ORDER 3937 29 30 35 41 1
1800 ORDER 3938 27 5 2 9 1
1801 CANCEL 3846
1801 ORDER 3939 43 12 32 41 0
1801 ORDER 3940 50 29 30 40 0
1802 ORDER 3941 30 29 1 22 0
1802 ORDER 3942 14 11 43 41 2
1802 ORDER 3943 44 8 1 3 3
1803 ORDER 3944 21 18 2 20 1
1803 ORDER 3945 6 30 37 41 0
1804 ORDER 3946 16 21 45 40 0
1804 ORDER 3947 41 11 12 41 0
1805 ORDER 3948 27 32 3 5 0
1805 ORDER 3949 10 33 3 23 1
1806 CANCEL 3596
1806 ORDER 3950 14 9 2 29 0
1806 ORDER 3951 46 11 29 40 1
1807 ORDER 3952 31 26 51 41 0
1807 ORDER 3953 12 12 1 36 2
1808 ORDER 3954 27 11 1 5 1
1808 ORDER 3955 49 5 3 39 1
1809 CANCEL 3598
1809 CANCEL 3907
1809 ORDER 3956 32 32 30 40 0
1809 ORDER 3957 23 8 3 17 0
1810 ORDER 3958 42 16 3 37 3
1810 ORDER 3959 16 14 47 40 1
1811 ORDER 3960 32 33 35 41 0
1811 ORDER 3961 19 36 50 40 0
1811 ORDER 3962 42 30 3 20 0
1811 BLOCK 7 38
1812 ORDER 3963 41 30 37 41 0
1812 ORDER 3964 44 29 2 13 0
1813 ORDER 3965 40 5 14 41 0
1813 ORDER 3966 40 8 16 41 0
1814 ORDER 3967 36 30 4 41 2
1814 ORDER 3968 48 36 48 41 0
1814 ORDER 3969 10 15 7 40 0
1815 ORDER 3970 50 23 1 27 0
1815 ORDER 3971 6 29 12 40 0
1816 ORDER 3972 45 20 1 33 2
1816 ORDER 3973 49 9 42 40 0
1816 ORDER 3974 48 35 1 4 0
1817 ORDER 3975 30 32 4 40 0
1817 ORDER 3976 46 35 50 40 2
1818 ORDER 3977 45 17 2 20 0
1818 ORDER 3978 51 36 42 41 0
1819 CANCEL 3642
1819 ORDER 3979 19 29 2 11 1
1819 ORDER 3980 24 20 48 40 2
1820 ORDER 3981 47 20 1 18 0
1820 ORDER 3982 23 27 22 41 1
1821 CANCEL 3691
1821 ORDER 3983 7 30 9 41 0
1821 ORDER 3984 17 23 1 30 0
1822 ORDER 3985 38 26 1 7 0
1822 ORDER 3986 13 8 33 41 1
1823 ORDER 3987 20 29 1 38 1
1823 ORDER 3988 29 12 1 24 0
1824 CANCEL 3730
1824 ORDER 3989 49 38 7 41 0
1824 ORDER 3990 12 8 2 10 2
1824 ORDER 3991 48 36 2 29 0
1825 ORDER 3992 22 30 36 41 0
1825 ORDER 3993 44 5 23 41 0
1826 ORDER 3994 28 5 20 41 1
1826 ORDER 3995 32 8 1 35 0
1827 ORDER 3996 43 14 1 19 0
1827 ORDER 3997 23 11 3 29 2
1828 ORDER 3998 40 9 3 30 2
1828 ORDER 3999 50 23 10 41 0
1829 ORDER 4000 10 33 3 2 1
1829 ORDER 4001 11 32 48 41 1
1830 CANCEL 3594
1830 ORDER 4002 17 14 13 41 0
1830 ORDER 4003 40 11 1 9 0
1831 CANCEL 3974
1831 ORDER 4004 25 21 19 41 0
1831 ORDER 4005 38 23 40 40 0
1832 ORDER 4006 43 12 2 4 0
1832 ORDER 4007 51 35 2 35 0
1833 ORDER 4008 39 23 1 17 2
1833 ORDER 4009 39 21 32 41 1
1833 ORDER 4010 43 27 39 41 0
1834 ORDER 4011 42 11 1 38 3
1834 ORDER 4012 50 26 3 31 1
1835 CANCEL 3927
1835 CANCEL 4012
1835 ORDER 4013 17 5 1 4 0
1835 ORDER 4014 7 6 1 29 1
1836 UNBLOCK 29 1
1836 ORDER 4015 15 20 3 26 0
1836 ORDER 4016 33 27 6 41 0
1836 ORDER 4017 37 24 15 40 0
1837 ORDER 4018 18 15 1 32 1
1837 ORDER 4019 50 17 2 31 0
1837 ORDER 4020 13 36 1 6 0
1838 CANCEL 3812
1838 ORDER 4021 17 26 29 41 0
1838 ORDER 4022 27 23 1 4 1
1839 ORDER 4023 44 21 16 41 3
1839 ORDER 4024 42 20 1 9 1
1840 ORDER 4025 38 24 1 35 1
1840 ORDER 4026 47 12 4 41 2
1841 ORDER 4027 10 15 2 22 0
1841 ORDER 4028 39 21 2 14 1
1841 ORDER 4029 35 23 40 40 3
1842 ORDER 4030 12 26 2 9 0
1842 ORDER 4031 49 15 10 41 0
1843 ORDER 4032 9 20 2 40 1
1843 ORDER 4033 9 30 1 12 1
1844 CANCEL 3966
1844 ORDER 4034 24 12 23 40 0
1844 ORDER 4035 30 38 2 26 0
1844 ORDER 4036 49 9 27 40 1
1845 ORDER 4037 38 5 1 7 1
1845 ORDER 4038 48 12 50 41 0
1846 CANCEL 3695
1846 ORDER 4039 42 20 1 40 2
1846 ORDER 4040 9 24 21 40 0
1847 ORDER 4041 37 20 3 16 1
1847 ORDER 4042 38 33 2 31 0
1847 ORDER 4043 41 9 3 1 1
1848 ORDER 4044 20 30 17 40 0
1848 ORDER 4045 10 27 17 41 1
1849 ORDER 4046 38 21 2 22 0
1849 ORDER 4047 7 12 53 41 0
1850 ORDER 4048 48 17 1 11 0
1850 ORDER 4049 49 38 2 30 1
1851 CANCEL 3618
1851 ORDER 4050 7 11 36 41 0
1851 ORDER 4051 48 36 2 40 0
1851 ORDER 4052 38 35 1 25 2
1852 ORDER 4053 7 15 53 41 0
1852 ORDER 4054 18 24 2 11 2
1852 ORDER 4055 39 6 16 41 0
1853 ORDER 4056 16 3 1 15 0
1853 ORDER 4057 42 17 2 5 3
1853 ORDER 4058 34 18 36 40 0
1854 ORDER 4059 27 20 37 41 0
1854 ORDER 4060 23 36 1 14 1
1855 ORDER 4061 6 20 1 22 0
1855 ORDER 4062 30 18 28 41 0
1856 ORDER 4063 46 6 2 10 0
1856 ORDER 4064 10 30 31 40 0
1857 ORDER 4065 8 33 2 34 3
1857 ORDER 4066 39 38 3 16 2
1857 CANCEL 104066
1858 ORDER 4067 49 29 2 8 1
1858 ORDER 4068 27 20 5 41 0
1859 ORDER 4069 44 14 51 41 0
1859 ORDER 4070 20 12 1 23 3
1860 ORDER 4071 44 18 2 17 0
1860 ORDER 4072 21 33 42 41 1
1860 ORDER 4073 43 36 3 15 0
1861 ORDER 4074 16 18 42 41 0
1861 ORDER 4075 32 33 2 37 0
1862 ORDER 4076 48 17 1 29 0
1862 ORDER 4077 35 9 51 40 0
1863 ORDER 4078 12 26 2 30 1
1863 ORDER 4079 38 20 39 40 0
1864 ORDER 4080 9 6 26 41 0
1864 ORDER 4081 51 21 52 40 0
1865 ORDER 4082 8 26 22 41 0
1865 ORDER 4083 19 29 3 36 2
1866 ORDER 4084 30 29 28 40 0
1866 ORDER 4085 19 23 21 41 1
1866 ORDER 4086 12 36 2 12 3
1867 ORDER 4087 11 12 1 26 1
1867 ORDER 4088 12 3 2 15 0
1867 BLOCK 34 18
1868 ORDER 4089 7 36 1 1 0
1868 ORDER 4090 14 36 21 41 0
1869 ORDER 4091 12 24 3 33 0
1869 ORDER 4092 18 17 1 6 0
1870 CANCEL 3964
1870 ORDER 4093 42 36 10 40 1
1870 ORDER 4094 6 8 33 41 1
1871 ORDER 4095 40 29 18 41 2
1871 ORDER 4096 32 33 15 41 2
1872 ORDER 4097 30 12 3 37 1
1872 ORDER 4098 39 33 14 41 3
1873 ORDER 4099 37 17 2 7 0
1873 ORDER 4100 35 21 2 38 0
1874 ORDER 4101 28 18 2 25 1
1874 ORDER 4102 27 26 3 20 0
1874 ORDER 4103 50 36 3 39 3
1875 ORDER 4104 8 8 1 14 0
1875 ORDER 4105 38 26 54 41 1
1876 ORDER 4106 46 12 41 40 0
1876 ORDER 4107 47 5 27 41 0
1877 ORDER 4108 50 21 44 41 0
1877 ORDER 4109 16 26 42 41 1
1878 ORDER 4110 12 12 3 8 0
1878 ORDER 4111 18 21 47 40 0
1879 ORDER 4112 36 18 3 21 0
1879 ORDER 4113 6 11 1 9 1
1880 ORDER 4114 9 12 2 28 3
1880 ORDER 4115 45 30 12 40 1
1881 ORDER 4116 38 26 9 41 0
1881 ORDER 4117 48 38 33 41 0
1882 UNBLOCK 7 38
1882 ORDER 4118 22 12 26 41 0
1882 ORDER 4119 9 28 3 13 1
1883 ORDER 4120 46 8 3 7 0
1883 ORDER 4121 31 32 1 21 1
1884 ORDER 4122 37 15 2 8 0
1884 ORDER 4123 32 17 40 41 1
1885 CANCEL 3828
1885 ORDER 4124 45 14 3 3 0
1885 ORDER 4125 10 21 3 8 1
1886 ORDER 4126 36 33 52 40 0
1886 ORDER 4127 16 15 23 40 2
1887 ORDER 4128 39 11 3 35 0
1887 ORDER 4129 50 9 52 40 0
1888 ORDER 4130 9 11 52 41 1
1888 ORDER 4131 10 29 2 27 0
1889 ORDER 4132 36 32 3 16 1
1889 ORDER 4133 50 12 3 27 1
1890 ORDER 4134 48 32 30 40 1
1890 ORDER 4135 40 17 2 21 0
1891 CANCEL 4057
1891 ORDER 4136 37 15 46 40 0
1891 ORDER 4137 18 3 1 15 0
1892 ORDER 4138 11 6 6 41 0
1892 ORDER 4139 10 23 10 41 1
1893 ORDER 4140 18 35 36 41 1
1893 ORDER 4141 29 36 3 24 3
1894 ORDER 4142 32 29 36 40 0
1894 ORDER 4143 46 36 18 41 0
1894 BLOCK 30 38
1895 ORDER 4144 47 32 3 30 0
1895 ORDER 4145 33 11 4 41 0
1895 ORDER 4146 50 9 2 34 0
1896 ORDER 4147 25 22 1 5 1
1896 ORDER 4148 25 11 2 18 0
1897 ORDER 4149 30 27 1 31 3
1897 ORDER 4150 31 27 1 38 0
1898 ORDER 4151 26 23 1 4 0
1898 ORDER 4152 12 30 39 40 0
1899 ORDER 4153 25 20 2 39 0
1899 ORDER 4154 42 29 2 21 0
1900 ORDER 4155 39 30 3 41 0
1900 ORDER 4156 18 21 23 40 0
1901 ORDER 4157 40 32 2 12 2
1901 ORDER 4158 16 27 2 33 2
1902 CANCEL 3923
1902 ORDER 4159 19 38 21 41 3
1902 ORDER 4160 11 26 45 40 1
1903 ORDER 4161 43 24 1 3 1
1903 ORDER 4162 8 20 2 9 1
1903 ORDER 4163 7 6 3 12 0
1904 ORDER 4164 27 36 2 4 0
1904 ORDER 4165 30 33 28 40 0
1905 ORDER 4166 50 36 18 41 3
1905 ORDER 4167 51 23 2 20 0
1906 ORDER 4168 7 38 1 19 0
1906 ORDER 4169 12 38 1 23 1
1907 CANCEL 4050
1907 ORDER 4170 17 3 32 41 1
1907 ORDER 4171 37 36 1 25 0
1908 CANCEL 4021
1908 ORDER 4172 37 8 3 20 0
1908 ORDER 4173 18 3 17 40 2
1908 ORDER 4174 26 35 3 8 0
1909 ORDER 4175 6 12 2 5 0
1909 ORDER 4176 32 32 2 35 1
1910 ORDER 4177 26 21 13 40 1
1910 ORDER 4178 47 38 10 41 0
1911 ORDER 4179 34 9 29 40 0
1911 ORDER 4180 15 20 1 12 3
1912 CANCEL 4001
1912 ORDER 4181 17 11 2 30 0
1912 ORDER 4182 43 20 41 40 0
1912 ORDER 4183 21 32 1 3 0
1913 ORDER 4184 9 14 32 41 3
1913 ORDER 4185 19 18 1 20 1
1914 CANCEL 3869
1914 ORDER 4186 37 3 1 15 0
1914 ORDER 4187 7 18 41 40 0
1915 ORDER 4188 48 17 9 41 1
1915 ORDER 4189 16 12 39 41 1
1916 ORDER 4190 38 32 33 40 2
1916 ORDER 4191 30 13 3 11 0
1917 ORDER 4192 47 35 30 41 0
1917 ORDER 4193 6 33 3 21 2
1918 CANCEL 3831
1918 CANCEL 3941
1918 ORDER 4194 17 35 3 5 0
1918 ORDER 4195 6 12 8 40 2
1919 CANCEL 4166
1919 ORDER 4196 40 35 24 41 1
1919 ORDER 4197 31 35 14 41 0
1919 BLOCK 7 1
1920 ORDER 4198 17 36 7 41 0
1920 ORDER 4199 42 24 3 29 0
1920 ORDER 4200 22 27 34 40 0
1921 ORDER 4201 10 6 4 41 0
1921 ORDER 4202 34 20 1 32 0
1922 CANCEL 3871
1922 ORDER 4203 41 30 9 41 0
1922 ORDER 4204 21 20 1 34 1
1923 ORDER 4205 48 33 17 41 1
1923 ORDER 4206 29 32 1 12 0
1923 ORDER 4207 15 18 12 40 0
1924 ORDER 4208 46 14 1 5 0
1924 ORDER 4209 36 12 1 40 0
1924 ORDER 4210 47 38 1 33 1
1925 ORDER 4211 11 36 2 4 1
1925 ORDER 4212 35 23 50 40 1
1926 CANCEL 4133
1926 ORDER 4213 30 21 19 41 2
1926 ORDER 4214 26 27 26 41 0
1926 ORDER 4215 47 36 3 9 0
1927 ORDER 4216 38 28 2 14 0
1927 ORDER 4217 23 29 50 41 1
1928 ORDER 4218 7 3 44 41 1
1928 ORDER 4219 11 27 51 40 3
1929 ORDER 4220 40 6 41 41 0
1929 ORDER 4221 9 29 18 41 0
1929 ORDER 4222 17 38 1 22 1
1930 CANCEL 3833
1930 CANCEL 4093
1930 ORDER 4223 40 3 2 32 2
1930 ORDER 4224 46 35 1 36 1
1931 ORDER 4225 7 32 51 40 0
1931 ORDER 4226 20 27 38 40 1
1932 ORDER 4227 19 18 20 40 3
1932 ORDER 4228 19 27 2 33 0
1933 ORDER 4229 8 24 5 41 2
1933 ORDER 4230 36 23 25 40 1
1933 BLOCK 6 39
1934 ORDER 4231 21 24 1 12 0
1934 ORDER 4232 16 8 36 40 1
1935 ORDER 4233 46 24 1 36 0
1935 ORDER 4234 31 15 9 41 0
1936 ORDER 4235 22 29 3 9 0
1936 ORDER 4236 31 30 2 31 0
1937 CANCEL 4139
1937 CANCEL 4193
1937 ORDER 4237 44 20 50 41 1
1937 ORDER 4238 50 29 45 40 0
1937 ORDER 4239 49 3 6 41 0
1938 ORDER 4240 17 14 14 41 0
1938 ORDER 4241 35 23 20 41 1
1938 ORDER 4242 37 16 2 4 0
1939 ORDER 4243 6 17 21 41 1
1939 ORDER 4244 8 15 2 2 0
1939 ORDER 4245 38 15 3 32 3
1940 CANCEL 3839
1940 ORDER 4246 17 6 3 30 0
1940 ORDER 4247 48 15 28 41 0
1941 ORDER 4248 50 29 3 32 2
1941 ORDER 4249 21 27 2 30 1
1942 CANCEL 3901
1942 CANCEL 4212
1942 ORDER 4250 47 29 2 25 0
1942 ORDER 4251 32 29 2 23 1
1943 ORDER 4252 9 9 24 40 0
1943 ORDER 4253 35 18 8 40 0
1943 ORDER 4254 40 26 1 32 0
1944 ORDER 4255 8 11 3 8 0
1944 ORDER 4256 35 14 3 26 0
1945 CANCEL 4052
1945 ORDER 4257 31 32 3 1 1
1945 ORDER 4258 50 3 22 40 2
1945 ORDER 4259 15 21 3 8 0
1946 ORDER 4260 24 20 2 40 0
1946 ORDER 4261 35 17 1 2 0
1947 ORDER 4262 44 9 1 15 0
1947 ORDER 4263 33 9 16 40 0
1947 ORDER 4264 15 15 3 23 1
1948 ORDER 4265 46 32 26 41 0
1948 ORDER 4266 41 5 2 32 0
1948 ORDER 4267 48 12 16 40 0
1949 ORDER 4268 49 14 33 41 0
1949 ORDER 4269 37 3 3 29 0
1949 ORDER 4270 17 18 17 40 3
1950 CANCEL 3888
1950 ORDER 4271 9 36 3 6 1
1950 ORDER 4272 10 11 50 41 0
1951 ORDER 4273 6 38 2 17 0
1951 ORDER 4274 43 20 43 41 0
1952 ORDER 4275 21 8 34 41 0
1952 ORDER 4276 27 11 1 27 0
1953 ORDER 4277 19 21 39 41 1
1953 ORDER 4278 41 32 25 41 0
1954 ORDER 4279 7 33 45 41 1
1954 ORDER 4280 46 32 2 38 0
1954 ORDER 4281 44 11 37 41 0
1955 ORDER 4282 18 21 7 40 0
1955 ORDER 4283 32 17 41 41 0
1956 CANCEL 3889
1956 UNBLOCK 7 1
1956 ORDER 4284 16 9 21 40 2
1956 ORDER 4285 50 27 48 40 1
1957 ORDER 4286 10 35 16 40 0
1957 ORDER 4287 49 6 2 15 0
1957 ORDER 4288 49 36 40 40 0
1958 CANCEL 3987
1958 ORDER 4289 36 21 17 40 1
1958 ORDER 4290 32 11 2 3 1
1958 ORDER 4291 46 23 28 41 1
1959 ORDER 4292 35 3 25 40 1
1959 ORDER 4293 36 6 25 40 2
1960 ORDER 4294 16 15 15 41 2
1960 ORDER 4295 17 23 7 41 0
1961 ORDER 4296 18 24 1 34 1
1961 ORDER 4297 45 3 41 40 1
1961 ORDER 4298 35 21 2 7 3
1962 CANCEL 4039
1962 UNBLOCK 34 18
1962 CANCEL 4249
1962 ORDER 4299 47 38 29 40 1
1962 ORDER 4300 28 24 3 18 0
1963 ORDER 4301 30 38 24 41 1
1963 ORDER 4302 37 14 37 40 0
1964 ORDER 4303 40 36 1 19 1
1964 ORDER 4304 7 33 3 30 2
1964 ORDER 4305 37 8 34 40 0
1965 ORDER 4306 30 20 2 27 0
1965 ORDER 4307 15 15 2 14 1
1965 ORDER 4308 35 33 45 40 0
1965 BLOCK 26 9
1966 ORDER 4309 45 32 27 40 1
1966 ORDER 4310 46 21 9 40 0
1966 ORDER 4311 32 36 12 40 0
1967 UNBLOCK 30 38
1967 ORDER 4312 23 26 1 5 1
1967 ORDER 4313 10 30 2 40 1
1968 ORDER 4314 46 15 44 40 0
1968 ORDER 4315 29 17 1 29 0
1968 ORDER 4316 14 30 2 11 0
1969 ORDER 4317 39 32 2 16 1
1969 ORDER 4318 23 38 51 40 2
1970 ORDER 4319 35 12 3 4 0
1970 ORDER 4320 26 30 3 5 0
1971 ORDER 4321 15 9 3 5 0
1971 ORDER 4322 48 24 1 33 0
1972 ORDER 4323 21 21 2 17 1
1972 ORDER 4324 10 14 5 41 1
1973 CANCEL 4315
1973 ORDER 4325 39 11 6 40 0
1973 ORDER 4326 27 5 2 15 0
1973 ORDER 4327 40 32 16 40 1
1974 ORDER 4328 9 12 35 41 0
1974 ORDER 4329 6 23 15 40 1
1974 ORDER 4330 35 7 2 5 0
1975 ORDER 4331 43 29 2 28 0
1975 ORDER 4332 25 17 33 40 1
1976 ORDER 4333 17 15 25 41 0
1976 ORDER 4334 12 24 1 1 3
1977 CANCEL 4098
1977 ORDER 4335 50 38 22 41 0
1977 ORDER 4336 30 35 10 40 0
1978 ORDER 4337 27 15 2 17 0
1978 ORDER 4338 47 35 2 11 0
1979 ORDER 4339 47 36 2 25 0
1979 ORDER 4340 12 38 2 22 0
1980 ORDER 4341 46 17 2 35 0
1980 ORDER 4342 37 12 1 6 2
1981 CANCEL 4309
1981 ORDER 4343 31 35 3 9 0
1981 ORDER 4344 32 38 23 41 1
1982 ORDER 4345 13 35 2 4 1
1982 ORDER 4346 40 36 48 41 0
1983 CANCEL 4180
1983 ORDER 4347 36 6 2 19 1
1983 ORDER 4348 21 32 54 40 0
1984 ORDER 4349 35 35 15 41 0
1984 ORDER 4350 39 21 2 31 1
1985 ORDER 4351 18 8 3 37 1
1985 ORDER 4352 48 36 51 40 1
1986 ORDER 4353 35 24 2 4 2
1986 ORDER 4354 7 9 30 41 0
1986 ORDER 4355 27 21 2 11 0
1987 CANCEL 4094
1987 ORDER 4356 37 38 16 40 1
1987 ORDER 4357 6 5 1 2 0
1988 ORDER 4358 13 8 2 17 2
1988 ORDER 4359 48 32 12 40 0
1989 ORDER 4360 27 20 2 21 0
1989 ORDER 4361 36 21 3 10 3
1990 ORDER 4362 47 17 2 14 0
1990 ORDER 4363 51 36 3 18 1
1991 ORDER 4364 8 8 36 41 0
1991 ORDER 4365 20 27 34 40 0
1992 ORDER 4366 36 12 2 22 0
1992 ORDER 4367 8 26 6 40 0
1992 ORDER 4368 50 11 16 40 3
1993 ORDER 4369 34 11 52 40 0
1993 ORDER 4370 44 14 2 25 1
1994 CANCEL 3970
1994 ORDER 4371 38 6 2 2 0
1994 ORDER 4372 10 29 3 3 1
1995 ORDER 4373 21 17 24 41 1
1995 ORDER 4374 11 12 3 22 0
1996 ORDER 4375 18 26 53 40 0
1996 ORDER 4376 6 25 1 9 0
1997 ORDER 4377 30 18 1 17 0
1997 ORDER 4378 39 38 33 40 0
1998 ORDER 4379 29 17 53 41 0
1998 ORDER 4380 26 30 2 38 0
1998 ORDER 4381 37 21 34 41 1
1999 ORDER 4382 23 29 2 22 0
1999 ORDER 4383 24 14 3 2 0
2000 ORDER 4384 22 14 51 41 0
2000 ORDER 4385 40 5 50 40 1
2001 ORDER 4386 37 17 48 40 1
2001 ORDER 4387 36 23 3 25 1
2001 ORDER 4388 19 30 41 40 1
2002 ORDER 4389 8 32 2 2 0
2002 ORDER 4390 31 9 1 11 3
2003 ORDER 4391 28 26 6 40 0
2003 ORDER 4392 9 36 27 40 2
2004 ORDER 4393 47 23 2 39 1
2004 ORDER 4394 27 3 39 41 0
2005 ORDER 4395 40 24 28 40 0
2005 ORDER 4396 25 17 3 4 0
2006 CANCEL 4349
2006 ORDER 4397 9 17 43 41 0
2006 ORDER 4398 41 38 1 30 1
2007 ORDER 4399 7 11 2 5 2
2007 ORDER 4400 44 27 2 9 2
2008 ORDER 4401 40 24 2 17 2
2008 ORDER 4402 11 5 53 41 1
2008 ORDER 4403 6 37 11 41 0
2009 ORDER 4404 39 27 9 41 0
2009 ORDER 4405 10 21 2 22 1
2010 UNBLOCK 6 39
2010 ORDER 4406 44 5 27 41 0
2010 ORDER 4407 6 33 22 41 0
2011 CANCEL 4068
2011 ORDER 4408 25 9 39 41 0
2011 ORDER 4409 6 11 20 41 0
2011 BLOCK 30 26
2012 ORDER 4410 20 36 44 40 0
2012 ORDER 4411 11 33 51 40 0
2013 CANCEL 4042
2013 ORDER 4412 7 30 38 40 0
2013 ORDER 4413 14 15 3 28 0
2013 ORDER 4414 35 6 3 36 0
2014 CANCEL 4360
2014 ORDER 4415 21 15 1 35 0
2014 ORDER 4416 44 8 43 40 0
2015 ORDER 4417 20 8 3 25 1
2015 ORDER 4418 41 29 48 41 0
2016 CANCEL 4232
2016 ORDER 4419 40 24 37 40 0
2016 ORDER 4420 35 33 1 20 2
2017 ORDER 4421 21 6 1 14 0
2017 ORDER 4422 10 12 3 28 0
2018 ORDER 4423 20 24 17 40 2
2018 ORDER 4424 6 23 3 11 2
2018 ORDER 4425 47 5 3 20 0
2019 ORDER 4426 46 33 1 24 3
2019 ORDER 4427 39 23 21 41 0
2020 ORDER 4428 8 27 35 41 0
2020 ORDER 4429 47 17 22 41 3
2021 ORDER 4430 48 3 6 40 0
2021 ORDER 4431 10 35 14 40 0
2021 ORDER 4432 51 33 43 41 0
2022 CANCEL 4002
2022 ORDER 4433 35 23 8 41 0
2022 ORDER 4434 45 3 1 32 1
2022 ORDER 4435 8 35 2 24 0
2023 ORDER 4436 32 12 3 36 0
2023 ORDER 4437 23 11 3 21 0
2024 ORDER 4438 17 6 2 35 2
2024 ORDER 4439 24 20 49 40 0
2025 ORDER 4440 47 18 1 19 0
2025 ORDER 4441 9 20 3 33 0
2026 ORDER 4442 18 29 43 41 0
2026 ORDER 4443 37 8 2 39 2
2026 ORDER 4444 22 8 17 41 0
2027 ORDER 4445 46 33 3 2 2
2027 ORDER 4446 7 23 1 41 1
2028 CANCEL 4416
2028 ORDER 4447 19 9 36 40 3
2028 ORDER 4448 25 23 48 41 0
2029 ORDER 4449 50 5 3 21 0
2029 ORDER 4450 8 29 3 24 0
2029 ORDER 4451 9 32 1 9 2
2030 ORDER 4452 35 6 1 3 1
2030 ORDER 4453 41 35 19 40 1
2031 ORDER 4454 18 14 29 40 0
2031 ORDER 4455 8 6 1 9 0
2032 ORDER 4456 46 32 20 41 1
2032 ORDER 4457 24 5 2 24 0
2033 CANCEL 4363
2033 ORDER 4458 49 26 42 41 0
2033 ORDER 4459 11 18 2 41 0
2034 ORDER 4460 50 8 25 40 1
2034 ORDER 4461 25 17 23 41 0
2035 ORDER 4462 24 11 1 19 1
2035 ORDER 4463 16 23 3 12 1
2036 ORDER 4464 7 29 39 41 0
2036 ORDER 4465 31 30 27 40 1
2037 ORDER 4466 48 23 1 15 1
2037 ORDER 4467 11 17 3 8 0
2038 CANCEL 4038
2038 ORDER 4468 37 17 10 41 0
2038 ORDER 4469 33 29 30 40 0
2039 ORDER 4470 24 20 1 41 1
2039 ORDER 4471 45 9 47 41 0
2040 CANCEL 4405
2040 ORDER 4472 8 23 22 41 1
2040 ORDER 4473 18 12 3 33 0
2041 ORDER 4474 36 9 22 41 1
2041 ORDER 4475 10 38 20 41 0
2042 ORDER 4476 17 21 39 41 2
2042 ORDER 4477 8 11 1 19 1
2043 ORDER 4478 15 27 1 38 0
2043 ORDER 4479 17 23 2 26 0
2044 ORDER 4480 16 24 3 9 0
2044 ORDER 4481 44 3 10 40 0
2044 ORDER 4482 44 5 28 41 0
2045 CANCEL 4195
2045 CANCEL 4364
2045 ORDER 4483 21 32 3 12 1
2045 ORDER 4484 45 6 37 40 0
2045 ORDER 4485 19 12 1 2 1
2046 ORDER 4486 28 15 2 23 0
2046 ORDER 4487 14 11 1 4 0
2047 ORDER 4488 7 8 4 40 0
2047 ORDER 4489 46 18 16 40 0
2048 CANCEL 4331
2048 ORDER 4490 42 24 15 40 0
2048 ORDER 4491 31 27 24 40 0
2049 ORDER 4492 46 14 2 24 0
2049 ORDER 4493 49 33 35 41 2
2050 ORDER 4494 11 15 1 9 0
2050 ORDER 4495 29 29 37 40 0
2051 ORDER 4496 6 15 2 12 0
2051 ORDER 4497 38 32 23 40 1
2052 ORDER 4498 47 5 1 37 2
2052 ORDER 4499 22 21 6 41 2
2053 ORDER 4500 25 23 35 41 0
2053 ORDER 4501 31 35 35 40 0
2054 ORDER 4502 8 12 3 1 1
2054 ORDER 4503 35 26 47 40 0
2054 ORDER 4504 49 27 1 13 0
2055 ORDER 4505 50 11 2 33 0
2055 ORDER 4506 9 6 3 13 0
2056 ORDER 4507 30 35 2 1 1
2056 ORDER 4508 28 15 50 41 0
2057 UNBLOCK 26 9
2057 ORDER 4509 30 37 2 30 0
2057 ORDER 4510 20 8 54 40 0
2058 ORDER 4511 27 17 3 30 0
2058 ORDER 4512 12 18 1 38 0
2059 ORDER 4513 25 33 8 41 0
2059 ORDER 4514 27 27 6 41 2
2059 ORDER 4515 11 17 3 18 3
2060 ORDER 4516 7 36 26 41 1
2060 ORDER 4517 36 32 33 40 2
2061 ORDER 4518 22 6 2 18 0
2061 ORDER 4519 36 11 22 40 0
2062 ORDER 4520 22 9 2 7 2
2062 ORDER 4521 44 3 46 40 1
2063 ORDER 4522 8 9 3 22 0
2063 ORDER 4523 43 12 3 26 3
2064 ORDER 4524 47 14 3 26 1
2064 ORDER 4525 8 9 2 17 1
2065 ORDER 4526 49 35 11 41 0
2065 ORDER 4527 47 20 9 41 0
2066 ORDER 4528 26 5 22 41 0
2066 ORDER 4529 21 24 44 40 0
2067 ORDER 4530 14 11 2 33 0
2067 ORDER 4531 39 26 41 41 0
2067 ORDER 4532 28 29 39 41 3
2068 ORDER 4533 38 24 1 22 1
2068 ORDER 4534 38 38 42 40 0
2068 ORDER 4535 9 30 47 40 0
2069 ORDER 4536 38 12 3 22 0
2069 ORDER 4537 49 29 5 41 0
2069 ORDER 4538 33 20 36 41 0
2070 ORDER 4539 9 8 3 6 0
2070 ORDER 4540 14 30 23 40 0
2071 ORDER 4541 20 27 3 27 0
2071 ORDER 4542 46 24 3 21 0
2072 ORDER 4543 35 26 1 41 0
2072 ORDER 4544 6 18 12 41 0
2072 ORDER 4545 41 36 3 17 0
2072 BLOCK 38 36
2073 UNBLOCK 30 26
2073 ORDER 4546 35 12 18 41 0
2073 ORDER 4547 43 9 19 41 0
2073 ORDER 4548 35 24 3 29 2
2074 ORDER 4549 49 14 1 21 1
2074 ORDER 4550 31 14 24 41 1
2075 ORDER 4551 10 26 3 27 0
2075 ORDER 4552 10 27 9 41 0
2076 ORDER 4553 41 17 50 40 1
2076 ORDER 4554 19 10 1 31 2
2077 ORDER 4555 8 12 3 18 2
2077 ORDER 4556 17 24 1 37 1
2078 ORDER 4557 47 15 39 41 1
2078 ORDER 4558 32 36 19 40 0
2079 ORDER 4559 9 5 2 26 0
2079 ORDER 4560 47 5 48 40 0
2079 ORDER 4561 6 17 15 40 1
2080 ORDER 4562 37 32 15 40 2
2080 ORDER 4563 40 29 2 2 0
2081 CANCEL 4543
2081 ORDER 4564 18 32 32 40 2
2081 ORDER 4565 7 29 1 32 0
2082 ORDER 4566 11 29 13 40 0
2082 ORDER 4567 29 6 45 41 0
2083 ORDER 4568 19 35 2 18 0
2083 ORDER 4569 42 11 28 41 2
2083 ORDER 4570 36 24 17 40 0
2084 ORDER 4571 49 35 9 41 2
2084 ORDER 4572 6 9 18 41 2
2085 ORDER 4573 48 31 10 40 0
2085 ORDER 4574 13 38 1 11 1
2086 ORDER 4575 28 20 52 40 0
2086 ORDER 4576 29 21 3 25 1
2086 ORDER 4577 9 9 3 37 0
2087 CANCEL 4186
2087 CANCEL 4324
2087 ORDER 4578 51 17 2 20 0
2087 ORDER 4579 17 15 12 40 0
2088 ORDER 4580 37 36 2 32 0
2088 ORDER 4581 33 20 41 40 0
2089 CANCEL 4330
2089 ORDER 4582 43 27 3 20 0
2089 ORDER 4583 44 29 1 6 0
2090 ORDER 4584 45 32 41 41 0
2090 ORDER 4585 10 29 40 40 1
2091 ORDER 4586 12 23 40 40 0
2091 ORDER 4587 6 27 11 40 0
2092 ORDER 4588 48 24 1 13 1
2092 ORDER 4589 37 18 1 1 0
2093 ORDER 4590 8 22 2 23 2
2093 ORDER 4591 34 36 26 40 1
2094 ORDER 4592 32 9 54 40 1
2094 ORDER 4593 15 23 26 41 0
2095 ORDER 4594 28 23 3 15 0
2095 ORDER 4595 12 24 1 10 0
2095 ORDER 4596 49 15 2 16 0
2096 ORDER 4597 11 12 1 31 0
2096 ORDER 4598 50 33 1 21 0
2097 CANCEL 4368
2097 ORDER 4599 26 32 17 41 2
2097 ORDER 4600 28 35 14 40 1
2097 ORDER 4601 19 3 48 41 0
2098 ORDER 4602 49 15 11 41 0
2098 ORDER 4603 26 5 16 41 2
2099 ORDER 4604 17 5 1 41 0
2099 ORDER 4605 41 36 25 40 1
2099 CANCEL 104605
2100 CANCEL 4181
2100 CANCEL 4317
2100 ORDER 4606 30 8 14 41 1
2100 ORDER 4607 29 29 49 40 2
2101 CANCEL 4497
2101 ORDER 4608 12 12 3 10 1
2101 ORDER 4609 46 8 1 4 1
2102 CANCEL 4175
2102 ORDER 4610 27 20 3 41 0
2102 ORDER 4611 43 35 2 17 1
2102 ORDER 4612 35 3 1 26 1
2103 ORDER 4613 48 3 1 40 0
2103 ORDER 4614 39 38 42 41 0
2103 ORDER 4615 51 21 2 32 0
2104 ORDER 4616 13 38 29 41 2
2104 ORDER 4617 16 24 36 40 1
2105 ORDER 4618 20 38 1 2 0
2105 ORDER 4619 9 14 3 14 1
2106 ORDER 4620 47 26 3 8 0
2106 ORDER 4621 30 9 45 40 1
2107 CANCEL 4529
2107 ORDER 4622 49 20 32 40 1
2107 ORDER 4623 17 12 2 20 0
2108 ORDER 4624 11 14 3 16 0
2108 ORDER 4625 46 18 2 25 0
2109 ORDER 4626 50 32 43 40 1
2109 ORDER 4627 6 38 1 24 0
2110 ORDER 4628 45 15 53 40 0
2110 ORDER 4629 49 33 33 40 0
2111 ORDER 4630 17 12 1 30 1
2111 ORDER 4631 19 6 2 27 3
2112 CANCEL 4388
2112 ORDER 4632 26 35 46 41 1
2112 ORDER 4633 38 17 6 41 3
2113 ORDER 4634 26 29 36 40 0
2113 ORDER 4635 50 32 52 41 0
2113 ORDER 4636 36 6 3 41 3
2114 CANCEL 4478
2114 ORDER 4637 30 29 1 6 1
2114 ORDER 4638 51 21 3 41 1
2115 ORDER 4639 13 26 2 28 0
2115 ORDER 4640 28 26 26 41 3
2116 CANCEL 4489
2116 ORDER 4641 12 18 36 41 0
2116 ORDER 4642 49 17 1 5 0
2116 ORDER 4643 50 9 1 23 0
2117 ORDER 4644 28 38 2 2 1
2117 ORDER 4645 30 6 52 40 1
2118 CANCEL 4308
2118 ORDER 4646 9 9 1 37 2
2118 ORDER 4647 16 18 1 3 0
2119 ORDER 4648 46 33 28 41 0
2119 ORDER 4649 39 8 14 41 1
2120 CANCEL 4596
2120 ORDER 4650 19 9 4 41 0
2120 ORDER 4651 37 5 1 22 0
2121 ORDER 4652 28 26 13 41 0
2121 ORDER 4653 20 6 13 41 0
2121 ORDER 4654 9 33 7 40 0
2122 ORDER 4655 51 35 3 38 0
2122 ORDER 4656 19 18 1 36 1
2123 ORDER 4657 33 11 3 9 0
2123 ORDER 4658 32 32 3 36 0
2124 ORDER 4659 49 3 1 31 0
2124 ORDER 4660 15 5 3 40 0
2125 ORDER 4661 42 11 23 40 3
2125 ORDER 4662 8 23 1 24 0
2126 UNBLOCK 38 36
2126 ORDER 4663 27 23 4 41 1
2126 ORDER 4664 34 21 2 3 0
2127 ORDER 4665 39 35 1 21 0
2127 ORDER 4666 8 30 7 40 0
2128 ORDER 4667 17 27 28 41 0
2128 ORDER 4668 27 36 17 41 3
2128 ORDER 4669 30 32 2 12 0
2129 ORDER 4670 51 38 10 41 1
2129 ORDER 4671 10 5 1 37 0
2130 CANCEL 4512
2130 ORDER 4672 18 34 23 41 0
2130 ORDER 4673 24 5 1 30 0
2131 ORDER 4674 50 30 41 40 2
2131 ORDER 4675 15 27 2 40 0
2132 ORDER 4676 25 30 2 9 0
2132 ORDER 4677 48 15 20 40 0
2133 ORDER 4678 35 5 8 40 2
2133 ORDER 4679 32 30 49 40 0
2134 ORDER 4680 45 12 3 1 1
2134 ORDER 4681 17 29 2 25 0
2135 ORDER 4682 16 14 2 26 0
2135 ORDER 4683 17 5 2 7 1
2136 ORDER 4684 37 14 26 41 0
2136 ORDER 4685 9 17 2 29 0
2137 ORDER 4686 7 29 52 41 0
2137 ORDER 4687 18 32 7 41 0
2138 CANCEL 4632
2138 ORDER 4688 51 36 3 12 2
2138 ORDER 4689 31 9 2 7 0
2139 ORDER 4690 18 9 3 6 0
2139 ORDER 4691 20 38 1 24 0
2140 CANCEL 4525
2140 ORDER 4692 27 17 15 40 1
2140 ORDER 4693 35 5 22 40 0
2141 ORDER 4694 33 18 26 41 1
2141 ORDER 4695 37 17 2 36 0
2142 ORDER 4696 40 21 2 35 0
2142 ORDER 4697 48 36 15 41 3
2143 ORDER 4698 51 9 2 5 2
2143 ORDER 4699 35 30 44 41 0
2143 ORDER 4700 20 29 1 14 1
2144 ORDER 4701 6 11 23 41 1
2144 ORDER 4702 19 38 23 40 0
2145 CANCEL 4524
2145 ORDER 4703 36 15 50 40 0
2145 ORDER 4704 41 24 2 11 0
2146 CANCEL 4660
2146 ORDER 4705 43 29 2 25 0
2146 ORDER 4706 20 30 3 10 0
2147 ORDER 4707 7 3 51 41 0
2147 ORDER 4708 9 32 27 40 1
2148 ORDER 4709 12 33 51 40 0
2148 ORDER 4710 7 33 4 40 0
2149 ORDER 4711 26 9 1 35 0
2149 ORDER 4712 24 26 27 40 2
2150 ORDER 4713 39 12 16 40 1
2150 ORDER 4714 50 5 3 26 1
2151 ORDER 4715 48 32 2 28 3
2151 ORDER 4716 21 6 3 23 1
2151 ORDER 4717 10 33 1 22 0
2152 ORDER 4718 34 3 1 41 0
2152 ORDER 4719 24 5 43 40 0
2152 ORDER 4720 43 36 39 40 0
2153 ORDER 4721 9 20 39 40 1
2153 ORDER 4722 47 32 11 40 3
2154 ORDER 4723 28 32 30 40 0
2154 ORDER 4724 27 21 11 40 0
2155 ORDER 4725 36 30 35 40 0
2155 ORDER 4726 40 35 54 41 0
2156 ORDER 4727 21 5 3 32 2
2156 ORDER 4728 35 14 1 16 0
2157 ORDER 4729 48 5 11 40 0
2157 ORDER 4730 12 8 22 41 0
2158 ORDER 4731 41 24 1 13 2
2158 ORDER 4732 48 17 1 13 0
2158 ORDER 4733 42 30 1 11 0
2159 ORDER 4734 17 20 5 41 2
2159 ORDER 4735 6 8 3 28 0
2160 ORDER 4736 9 23 39 40 0
2160 ORDER 4737 12 29 3 40 0
2161 ORDER 4738 23 14 11 41 0
2161 ORDER 4739 7 27 32 40 0
2162 ORDER 4740 35 18 16 41 0
2162 ORDER 4741 29 38 1 15 1
2163 ORDER 4742 26 11 18 41 0
2163 ORDER 4743 43 27 1 7 3
2164 ORDER 4744 46 38 2 1 2
2164 ORDER 4745 22 36 27 40 1
2165 CANCEL 4647
2165 CANCEL 4715
2165 ORDER 4746 9 29 34 41 0
2165 ORDER 4747 39 35 2 15 0
2166 ORDER 4748 16 18 2 39 1
2166 ORDER 4749 9 35 9 40 0
2167 CANCEL 4450
2167 CANCEL 4582
2167 ORDER 4750 39 12 3 16 0
2167 ORDER 4751 23 6 28 41 0
2167 ORDER 4752 30 33 1 34 1
2168 ORDER 4753 39 6 1 31 0
2168 ORDER 4754 37 15 3 8 0
2169 ORDER 4755 18 23 1 31 0
2169 ORDER 4756 6 18 2 28 1
2169 ORDER 4757 18 38 2 21 0
2170 ORDER 4758 31 17 2 6 1
2170 ORDER 4759 10 15 32 40 0
2171 ORDER 4760 6 38 3 22 0
2171 ORDER 4761 43 29 8 40 0
2171 ORDER 4762 48 18 48 40 0
2172 ORDER 4763 28 21 2 20 0
2172 ORDER 4764 51 35 2 32 0
2172 ORDER 4765 46 32 44 41 1
2172 BLOCK 16 9
2173 ORDER 4766 16 24 1 13 0
2173 ORDER 4767 8 29 3 9 1
2174 ORDER 4768 24 3 40 40 0
2174 ORDER 4769 28 29 39 40 2
2174 ORDER 4770 36 23 3 21 0
2175 ORDER 4771 33 38 35 41 1
2175 ORDER 4772 37 33 43 41 0
2176 CANCEL 4763
2176 ORDER 4773 41 18 2 30 2
2176 ORDER 4774 38 26 20 40 0
2177 CANCEL 4721
2177 ORDER 4775 35 11 15 40 3
2177 ORDER 4776 11 8 1 9 0
2178 CANCEL 4390
2178 ORDER 4777 31 14 14 41 3
2178 ORDER 4778 46 6 1 19 1
2179 ORDER 4779 38 38 3 1 0
2179 ORDER 4780 24 12 3 33 0
2180 ORDER 4781 51 26 51 41 1
2180 ORDER 4782 25 32 3 14 0
2181 ORDER 4783 8 36 2 23 0
2181 ORDER 4784 47 21 39 41 0
2182 ORDER 4785 29 38 20 41 0
2182 ORDER 4786 42 9 3 32 0
2183 ORDER 4787 12 27 1 4 0
2183 ORDER 4788 23 11 20 40 0
2184 CANCEL 4550
2184 ORDER 4789 11 5 2 16 1
2184 ORDER 4790 50 11 40 40 0
2185 ORDER 4791 24 38 3 40 1
2185 ORDER 4792 27 14 14 41 0
2186 ORDER 4793 22 14 43 41 0
2186 ORDER 4794 17 33 28 40 0
2187 ORDER 4795 44 11 1 16 0
2187 ORDER 4796 25 3 35 41 0
2188 ORDER 4797 29 17 3 20 0
2188 ORDER 4798 18 29 28 40 0
2189 ORDER 4799 36 9 1 8 1
2189 ORDER 4800 9 36 1 36 2
2190 CANCEL 4504
2190 ORDER 4801 9 8 31 41 0
2190 ORDER 4802 39 17 23 41 1
2191 ORDER 4803 46 26 46 40 0
2191 ORDER 4804 32 9 25 41 0
2192 CANCEL 4592
2192 ORDER 4805 12 33 2 39 0
2192 ORDER 4806 32 6 35 40 0
2193 ORDER 4807 24 17 3 8 2
2193 ORDER 4808 18 36 41 40 0
2194 CANCEL 4698
2194 ORDER 4809 21 18 1 40 1
2194 ORDER 4810 6 15 1 8 3
2195 ORDER 4811 8 18 3 19 1
2195 ORDER 4812 39 29 3 41 3
2196 CANCEL 4701
2196 ORDER 4813 39 29 3 6 0
2196 ORDER 4814 49 36 28 41 0
2197 ORDER 4815 13 26 1 26 0
2197 ORDER 4816 32 14 1 13 1
2197 BLOCK 46 35
2198 ORDER 4817 40 21 18 41 2
2198 ORDER 4818 7 9 3 18 2
2199 ORDER 4819 49 38 11 40 0
2199 ORDER 4820 21 27 3 23 0
2200 CANCEL 4397
2200 CANCEL 4778
2200 ORDER 4821 47 32 3 6 0
2200 ORDER 4822 22 12 23 40 0
2201 ORDER 4823 20 29 25 40 0
2201 ORDER 4824 20 33 18 40 0
2202 ORDER 4825 17 27 3 13 1
2202 ORDER 4826 27 23 43 40 0
2203 ORDER 4827 38 35 47 41 0
2203 ORDER 4828 21 32 36 40 0
2204 CANCEL 4564
2204 ORDER 4829 47 24 10 40 0
2204 ORDER 4830 27 26 2 31 1
2204 ORDER 4831 42 30 50 41 1
2205 ORDER 4832 48 15 48 40 2
2205 ORDER 4833 32 15 1 15 0
2205 ORDER 4834 42 38 1 39 0
2206 CANCEL 4502
2206 ORDER 4835 21 3 2 18 3
2206 ORDER 4836 39 6 20 41 0
2207 ORDER 4837 49 8 1 14 1
2207 ORDER 4838 9 35 41 41 0
2207 ORDER 4839 44 8 3 20 0
2207 BLOCK 7 14
2208 CANCEL 4755
2208 ORDER 4840 16 24 3 3 1
2208 ORDER 4841 31 33 30 40 0
2209 UNBLOCK 16 9
2209 ORDER 4842 12 24 2 24 0
2209 ORDER 4843 17 12 33 41 3
2209 ORDER 4844 29 8 2 33 1
2210 ORDER 4845 42 30 46 41 1
2210 ORDER 4846 19 24 52 41 0
2211 ORDER 4847 25 17 1 21 0
2211 ORDER 4848 9 8 6 41 1
2212 ORDER 4849 16 29 1 23 0
2212 ORDER 4850 30 35 2 41 0
2213 ORDER 4851 17 29 2 41 1
2213 ORDER 4852 7 14 1 40 3
2213 BLOCK 14 8
2214 ORDER 4853 30 20 31 41 0
2214 ORDER 4854 43 26 2 7 0
2215 ORDER 4855 11 3 54 41 0
2215 ORDER 4856 35 5 2 31 0
2216 ORDER 4857 7 29 3 8 0
2216 ORDER 4858 19 29 1 23 0
2217 ORDER 4859 10 17 9 40 0
2217 ORDER 4860 44 20 43 40 0
2218 ORDER 4861 14 38 54 40 2
2218 ORDER 4862 9 20 3 3 0
2219 ORDER 4863 6 35 40 40 0
2219 ORDER 4864 35 32 3 27 3
2220 CANCEL 4527
2220 ORDER 4865 47 3 18 40 1
2220 ORDER 4866 11 35 1 6 1
2221 ORDER 4867 50 38 12 40 1
2221 ORDER 4868 12 18 17 41 3
2222 ORDER 4869 17 32 2 13 2
2222 ORDER 4870 19 18 1 25 3
2223 ORDER 4871 8 6 50 40 0
2223 ORDER 4872 16 20 49 41 0
2223 BLOCK 16 32
2224 ORDER 4873 49 26 18 40 1
2224 ORDER 4874 49 29 48 41 2
2225 ORDER 4875 34 18 25 41 0
2225 ORDER 4876 10 8 40 41 0
2226 ORDER 4877 15 29 3 27 1
2226 ORDER 4878 20 30 1 20 1
2226 ORDER 4879 8 17 50 41 3
2227 CANCEL 4530
2227 ORDER 4880 21 32 20 41 0
2227 ORDER 4881 40 23 1 12 0
2228 ORDER 4882 35 18 4 41 0
2228 ORDER 4883 50 36 5 40 0
2229 ORDER 4884 30 5 2 33 0
2229 ORDER 4885 25 33 36 41 2
2230 ORDER 4886 44 18 1 3 1
2230 ORDER 4887 9 33 3 12 0
2230 ORDER 4888 8 26 43 41 0
2231 ORDER 4889 45 20 1 31 1
2231 ORDER 4890 11 3 34 40 2
2232 ORDER 4891 11 17 1 27 0
2232 ORDER 4892 23 8 38 40 0
2233 ORDER 4893 47 35 3 9 1
2233 ORDER 4894 36 29 17 40 1
2234 ORDER 4895 10 6 31 41 2
2234 ORDER 4896 10 18 1 9 1
2235 ORDER 4897 17 20 1 15 1
2235 ORDER 4898 44 3 1 25 1
2236 CANCEL 4555
2236 ORDER 4899 51 33 3 36 0
2236 ORDER 4900 8 23 8 41 1
2237 ORDER 4901 45 3 1 1 1
2237 ORDER 4902 43 26 1 39 1
2238 CANCEL 4861
2238 ORDER 4903 49 35 1 24 0
2238 ORDER 4904 30 17 39 40 0
2239 ORDER 4905 6 38 1 32 0
2239 ORDER 4906 13 26 9 41 1
2240 ORDER 4907 39 23 2 33 0
2240 ORDER 4908 30 38 11 40 0
2241 ORDER 4909 40 33 10 40 2
2241 ORDER 4910 50 6 1 33 0
2242 CANCEL 4702
2242 ORDER 4911 11 36 1 3 0
2242 ORDER 4912 12 27 1 2 2
2243 ORDER 4913 30 12 1 32 3
2243 ORDER 4914 6 35 2 40 1
2243 ORDER 4915 31 33 3 28 0
2244 UNBLOCK 14 8
2244 ORDER 4916 27 23 12 40 0
2244 ORDER 4917 16 8 2 2 1
2245 ORDER 4918 26 3 2 6 0
2245 ORDER 4919 36 12 2 7 0
2246 ORDER 4920 21 23 2 23 1
2246 ORDER 4921 28 5 2 7 1
2247 CANCEL 4545
2247 CANCEL 4644
2247 CANCEL 4816
2247 ORDER 4922 51 29 1 40 0
2247 ORDER 4923 49 21 2 40 1
2248 CANCEL 4786
2248 ORDER 4924 14 38 54 40 2
2248 ORDER 4925 30 30 3 40 3
2248 ORDER 4926 45 8 38 40 2
2249 ORDER 4927 37 26 51 41 1
2249 ORDER 4928 39 32 33 40 2
2250 ORDER 4929 28 30 30 41 0
2250 ORDER 4930 16 9 3 9 0
2251 ORDER 4931 14 33 1 41 1
2251 ORDER 4932 32 32 3 34 0
2252 ORDER 4933 40 11 3 41 3
2252 ORDER 4934 24 15 41 40 0
2252 ORDER 4935 29 24 1 18 1
2253 CANCEL 4672
2253 ORDER 4936 46 36 1 11 0
2253 ORDER 4937 10 11 23 41 1
2254 ORDER 4938 33 29 7 41 2
2254 ORDER 4939 18 12 23 40 1
2255 CANCEL 4939
2255 ORDER 4940 14 35 18 40 0
2255 ORDER 4941 29 3 20 40 0
2255 ORDER 4942 29 8 2 12 1
2256 ORDER 4943 11 33 50 41 1
2256 ORDER 4944 12 5 3 9 0
2257 ORDER 4945 15 11 1 20 0
2257 ORDER 4946 36 29 39 41 0
2257 ORDER 4947 26 32 6 41 0
2258 CANCEL 4758
2258 ORDER 4948 41 23 45 41 0
2258 ORDER 4949 12 23 49 41 2
2259 ORDER 4950 21 33 23 40 2
2259 ORDER 4951 39 26 50 40 0
2259 ORDER 4952 49 23 2 1 0
2260 ORDER 4953 47 12 48 40 1
2260 ORDER 4954 35 32 3 13 1
2261 ORDER 4955 6 33 3 16 3
2261 ORDER 4956 47 27 32 41 0
2262 ORDER 4957 10 18 3 17 0
2262 ORDER 4958 31 9 51 41 0
2262 ORDER 4959 10 5 30 41 0
2263 ORDER 4960 47 15 39 40 0
2263 ORDER 4961 17 11 18 41 0
2264 ORDER 4962 30 15 44 40 0
2264 ORDER 4963 15 3 49 41 3
2264 ORDER 4964 30 23 3 22 2
2265 ORDER 4965 12 3 34 40 0
2265 ORDER 4966 45 8 18 41 0
2266 ORDER 4967 48 22 39 41 0
2266 ORDER 4968 34 23 46 40 0
2267 CANCEL 4962
2267 ORDER 4969 6 23 22 41 0
2267 ORDER 4970 35 8 3 32 1
2268 ORDER 4971 49 10 19 41 0
2268 ORDER 4972 26 33 40 40 0
2269 ORDER 4973 9 6 3 10 0
2269 ORDER 4974 48 6 3 20 0
2269 BLOCK 41 2
2270 ORDER 4975 24 26 2 28 0
2270 ORDER 4976 15 9 2 6 1
2270 ORDER 4977 23 29 35 40 2
2271 ORDER 4978 46 18 6 40 1
2271 ORDER 4979 43 29 3 36 1
2272 ORDER 4980 41 17 48 41 0
2272 ORDER 4981 47 36 1 15 0
2272 ORDER 4982 31 9 13 41 1
2273 ORDER 4983 48 29 2 36 0
2273 ORDER 4984 51 23 40 41 0
2274 CANCEL 4743
2274 ORDER 4985 41 20 3 2 3
2274 ORDER 4986 36 9 8 41 1
2275 ORDER 4987 24 8 1 32 0
2275 ORDER 4988 42 27 1 33 0
2275 ORDER 4989 27 8 42 40 3
2275 BLOCK 46 36
2276 ORDER 4990 8 12 2 31 0
2276 ORDER 4991 20 36 3 6 0
2277 CANCEL 4823
2277 ORDER 4992 16 9 6 41 3
2277 ORDER 4993 37 3 54 41 0
2277 ORDER 4994 23 24 3 21 0
2278 ORDER 4995 18 14 3 1 1
2278 ORDER 4996 22 36 45 41 1
2279 ORDER 4997 14 36 3 22 2
2279 ORDER 4998 9 12 3 28 0
2280 ORDER 4999 23 6 3 22 1
2280 ORDER 5000 12 6 2 2 0
2281 ORDER 5001 30 3 26 40 0
2281 ORDER 5002 29 27 2 3 0
2282 ORDER 5003 47 38 2 6 0
2282 ORDER 5004 50 22 48 40 0
2283 ORDER 5005 44 12 1 16 0
2283 ORDER 5006 50 29 33 40 0
2284 ORDER 5007 21 15 2 23 0
2284 ORDER 5008 42 20 33 41 0
2285 ORDER 5009 18 20 8 40 0
2285 ORDER 5010 49 24 1 4 0
2286 ORDER 5011 22 12 1 27 1
2286 ORDER 5012 28 7 2 11 1
2287 ORDER 5013 39 38 1 11 3
2287 ORDER 5014 47 15 3 18 2
2288 ORDER 5015 36 24 4 40 1
2288 ORDER 5016 12 6 3 22 0
2289 ORDER 5017 11 6 17 40 0
2289 ORDER 5018 41 23 23 41 0
2289 BLOCK 40 33
2290 ORDER 5019 48 32 1 39 1
2290 ORDER 5020 10 8 2 23 1
2291 ORDER 5021 15 15 3 8 0
2291 ORDER 5022 27 18 3 41 2
2291 ORDER 5023 11 32 3 19 1
2292 ORDER 5024 20 32 14 41 1
2292 ORDER 5025 24 15 26 40 1
2292 BLOCK 23 26
2293 ORDER 5026 13 26 16 40 0
2293 ORDER 5027 43 38 28 40 2
2293 ORDER 5028 41 24 2 20 0
2294 ORDER 5029 43 33 2 41 0
2294 ORDER 5030 51 33 3 12 0
2295 ORDER 5031 41 29 3 4 3
2295 ORDER 5032 9 33 3 21 0
2296 ORDER 5033 48 8 35 40 0
2296 ORDER 5034 37 27 1 4 0
2297 CANCEL 4812
2297 ORDER 5035 26 20 1 11 2
2297 ORDER 5036 35 5 36 40 1
2298 ORDER 5037 31 24 54 40 0
2298 ORDER 5038 15 27 44 41 0
2298 ORDER 5039 49 17 1 38 0
2299 ORDER 5040 10 35 1 3 2
2299 ORDER 5041 28 36 2 29 1
2300 ORDER 5042 38 38 2 2 0
2300 ORDER 5043 50 33 17 41 0
2301 ORDER 5044 24 20 30 41 0
2301 ORDER 5045 21 6 5 41 0
2302 ORDER 5046 36 12 13 41 0
2302 ORDER 5047 28 17 53 40 0
2302 ORDER 5048 32 24 7 40 2
2303 ORDER 5049 23 24 3 24 0
2303 ORDER 5050 41 38 3 38 0
2304 ORDER 5051 40 5 1 21 1
2304 ORDER 5052 38 14 1 22 1
2305 CANCEL 4774
2305 ORDER 5053 36 20 38 40 0
2305 ORDER 5054 37 20 46 41 1
2306 ORDER 5055 9 36 2 1 0
2306 ORDER 5056 11 11 3 14 1
2307 ORDER 5057 24 36 3 18 0
2307 ORDER 5058 13 6 1 15 1
2308 ORDER 5059 49 21 49 41 2
2308 ORDER 5060 28 20 23 41 1
2308 ORDER 5061 48 29 2 37 3
2309 ORDER 5062 48 5 1 19 0
2309 ORDER 5063 28 8 1 23 1
2310 ORDER 5064 29 27 39 41 0
2310 ORDER 5065 45 18 19 40 0
2311 ORDER 5066 45 18 3 4 2
2311 ORDER 5067 42 26 3 3 0
2312 ORDER 5068 27 11 2 36 3
2312 ORDER 5069 32 14 5 40 0
2313 ORDER 5070 47 33 50 41 0
2313 ORDER 5071 36 29 39 40 0
2313 ORDER 5072 19 38 4 41 0
2314 ORDER 5073 7 20 1 32 3
2314 ORDER 5074 22 38 24 40 0
2315 CANCEL 4810
2315 ORDER 5075 45 6 2 2 0
2315 ORDER 5076 22 29 1 40 0
2315 BLOCK 29 5
2316 CANCEL 4867
2316 ORDER 5077 19 15 3 33 1
2316 ORDER 5078 28 18 24 40 0
2317 ORDER 5079 48 21 2 36 0
2317 ORDER 5080 6 38 3 24 2
2318 ORDER 5081 16 23 2 14 2
2318 ORDER 5082 12 23 3 13 1
2318 ORDER 5083 46 32 44 41 0
2319 ORDER 5084 27 27 3 15 0
2319 ORDER 5085 33 9 1 18 1
2320 ORDER 5086 11 27 3 23 1
2320 ORDER 5087 8 23 1 36 0
2321 CANCEL 5012
2321 ORDER 5088 18 5 2 39 0
2321 ORDER 5089 18 24 10 41 1
2322 CANCEL 4730
2322 ORDER 5090 39 15 26 41 0
2322 ORDER 5091 36 33 10 41 2
2323 UNBLOCK 46 35
2323 ORDER 5092 45 5 8 40 0
2323 ORDER 5093 10 36 2 22 0
2324 UNBLOCK 46 36
2324 ORDER 5094 7 8 2 34 0
2324 ORDER 5095 38 3 2 3 0
2325 UNBLOCK 7 14
2325 CANCEL 5006
2325 ORDER 5096 47 6 3 16 0
2325 ORDER 5097 6 15 21 40 1
2325 BLOCK 15 23
2326 ORDER 5098 8 3 11 41 0
2326 ORDER 5099 28 38 2 18 0
2327 CANCEL 4752
2327 ORDER 5100 29 27 43 41 2
2327 ORDER 5101 46 3 2 40 0
2327 ORDER 5102 38 17 45 41 2
2328 ORDER 5103 18 38 50 41 0
2328 ORDER 5104 40 27 2 34 1
2328 ORDER 5105 36 3 50 41 2
2329 ORDER 5106 43 6 2 19 0
2329 ORDER 5107 11 38 3 15 0
2329 ORDER 5108 40 15 3 16 1
2330 ORDER 5109 21 8 41 41 1
2330 ORDER 5110 7 9 35 41 0
2331 ORDER 5111 8 14 1 35 1
2331 ORDER 5112 19 18 19 40 0
2332 UNBLOCK 40 33
2332 ORDER 5113 14 33 22 40 0
2332 ORDER 5114 35 30 48 41 1
2333 CANCEL 4844
2333 ORDER 5115 42 38 1 4 0
2333 ORDER 5116 36 17 1 9 2
2334 CANCEL 4822
2334 ORDER 5117 45 11 33 41 0
2334 ORDER 5118 40 33 2 11 2
2335 ORDER 5119 29 26 37 40 0
2335 ORDER 5120 32 10 52 41 0
2336 ORDER 5121 17 27 1 6 0
2336 ORDER 5122 47 36 42 41 0
2337 ORDER 5123 47 20 1 26 3
2337 ORDER 5124 34 3 1 29 0
2338 ORDER 5125 49 36 6 41 2
2338 ORDER 5126 11 21 2 13 0
2339 ORDER 5127 29 35 2 11 1
2339 ORDER 5128 32 38 2 1 0
2339 ORDER 5129 34 20 1 29 0
2340 UNBLOCK 23 26
2340 ORDER 5130 9 9 1 25 2
2340 ORDER 5131 24 12 3 27 1
2341 ORDER 5132 50 33 3 34 0
2341 ORDER 5133 39 30 2 15 0
2342 ORDER 5134 28 8 1 25 2
2342 ORDER 5135 18 8 51 40 0
2343 CANCEL 4967
2343 ORDER 5136 51 36 33 41 0
2343 ORDER 5137 29 17 1 5 0
2344 ORDER 5138 51 30 54 40 1
2344 ORDER 5139 18 21 2 11 1
2344 ORDER 5140 11 8 10 41 1
2345 ORDER 5141 29 32 28 41 0
2345 ORDER 5142 9 36 42 41 0
2346 ORDER 5143 33 18 3 38 0
2346 ORDER 5144 21 23 32 41 1
2346 ORDER 5145 15 27 46 40 0
2347 ORDER 5146 42 15 1 4 1
2347 ORDER 5147 8 5 37 41 0
2347 ORDER 5148 40 6 2 18 0
2348 ORDER 5149 36 33 4 40 0
2348 ORDER 5150 35 23 28 41 0
2349 ORDER 5151 28 20 3 17 0
2349 ORDER 5152 12 35 3 17 0
2349 ORDER 5153 48 38 38 40 1
2350 UNBLOCK 16 32
2350 ORDER 5154 51 35 2 28 0
2350 ORDER 5155 18 11 21 41 0
2351 ORDER 5156 43 20 46 40 0
2351 ORDER 5157 50 15 38 41 0
2352 CANCEL 5138
2352 ORDER 5158 17 12 1 27 3
2352 ORDER 5159 48 18 14 41 0
2352 ORDER 5160 51 22 2 22 0
2353 ORDER 5161 12 23 3 9 1
2353 ORDER 5162 40 26 9 40 1
2354 UNBLOCK 41 2
2354 ORDER 5163 51 24 2 21 1
2354 ORDER 5164 36 14 3 17 1
2355 ORDER 5165 45 15 41 40 0
2355 ORDER 5166 17 23 1 13 2
2356 ORDER 5167 43 8 2 18 0
2356 ORDER 5168 26 23 3 29 0
2357 ORDER 5169 37 15 46 41 0
2357 ORDER 5170 31 33 28 41 0
2358 ORDER 5171 40 12 34 40 0
2358 ORDER 5172 33 36 1 41 0
2358 ORDER 5173 49 18 36 41 2
2359 ORDER 5174 30 14 3 13 2
2359 ORDER 5175 28 27 32 41 1
2359 ORDER 5176 16 18 1 20 0
2360 ORDER 5177 34 23 14 40 0
2360 ORDER 5178 28 3 6 41 0
2360 ORDER 5179 30 26 3 24 0
2361 CANCEL 4970
2361 ORDER 5180 34 18 3 2 0
2361 ORDER 5181 10 20 2 17 0
2362 ORDER 5182 48 23 2 27 3
2362 ORDER 5183 42 24 2 14 0
2363 CANCEL 5016
2363 ORDER 5184 47 30 1 19 0
2363 ORDER 5185 19 27 1 19 0
2364 ORDER 5186 42 32 1 24 0
2364 ORDER 5187 17 29 3 15 3
2364 ORDER 5188 50 12 2 2 0
2365 UNBLOCK 29 5
2365 ORDER 5189 33 28 2 27 1
2365 ORDER 5190 10 9 3 25 2
2366 ORDER 5191 51 36 3 38 1
2366 ORDER 5192 8 32 1 32 0
2367 ORDER 5193 22 35 1 1 0
2367 ORDER 5194 9 30 19 40 0
2368 ORDER 5195 47 8 48 40 0
2368 ORDER 5196 29 23 1 40 2
2369 ORDER 5197 40 27 1 3 0
2369 ORDER 5198 35 24 2 30 2
2370 ORDER 5199 35 32 2 21 0
2370 ORDER 5200 49 6 3 34 0
2371 ORDER 5201 23 27 3 30 0
2371 ORDER 5202 43 29 2 8 1
2371 ORDER 5203 31 36 43 40 1
2372 ORDER 5204 36 18 1 2 1
2372 ORDER 5205 38 27 2 3 0
2373 ORDER 5206 44 6 2 25 0
2373 ORDER 5207 42 17 35 40 2
2373 ORDER 5208 39 23 1 3 3
2374 ORDER 5209 35 32 5 40 1
2374 ORDER 5210 51 9 10 41 1
2375 CANCEL 5111
2375 ORDER 5211 21 5 2 34 0
2375 ORDER 5212 24 14 1 14 0
2376 ORDER 5213 46 11 2 23 1
2376 ORDER 5214 41 21 3 37 0
2376 ORDER 5215 46 24 43 40 0
2377 CANCEL 5132
2377 ORDER 5216 11 5 39 40 1
2377 ORDER 5217 13 26 2 33 0
2377 ORDER 5218 41 27 51 41 1
2378 ORDER 5219 27 18 2 3 0
2378 ORDER 5220 9 11 1 8 0
2379 ORDER 5221 29 36 26 41 1
2379 ORDER 5222 31 17 52 40 0
2380 ORDER 5223 17 29 9 41 3
2380 ORDER 5224 50 38 35 41 1
2381 ORDER 5225 51 21 27 40 1
2381 ORDER 5226 20 5 2 10 1
2382 ORDER 5227 47 18 1 38 0
2382 ORDER 5228 27 3 45 40 0
2383 ORDER 5229 39 12 2 41 0
2383 ORDER 5230 15 9 35 41 1
2383 ORDER 5231 18 33 2 26 1
2384 ORDER 5232 50 30 3 34 0
2384 ORDER 5233 43 36 2 35 1
2385 CANCEL 4878
2385 ORDER 5234 46 12 1 11 0
2385 ORDER 5235 10 5 34 40 0
2386 UNBLOCK 15 23
2386 CANCEL 5189
2386 ORDER 5236 47 15 1 19 0
2386 ORDER 5237 30 32 19 40 0
2387 ORDER 5238 15 29 28 41 1
2387 ORDER 5239 6 24 3 32 1
2387 ORDER 5240 9 18 3 40 0
2388 ORDER 5241 36 21 1 30 1
2388 ORDER 5242 17 12 28 41 0
2389 CANCEL 4943
2389 CANCEL 5122
2389 ORDER 5243 17 3 3 37 1
2389 ORDER 5244 24 3 3 19 0
2390 ORDER 5245 17 27 2 16 1
2390 ORDER 5246 11 8 3 7 0
2391 ORDER 5247 27 27 30 40 2
2391 ORDER 5248 15 29 37 40 0
2392 ORDER 5249 42 20 1 8 0
2392 ORDER 5250 26 23 37 41 0
2393 ORDER 5251 8 26 15 40 0
2393 ORDER 5252 11 14 2 29 0
2394 ORDER 5253 41 20 3 12 0
2394 ORDER 5254 6 26 29 40 0
2395 CANCEL 4979
2395 ORDER 5255 14 11 18 40 0
2395 ORDER 5256 27 8 3 36 0
2396 CANCEL 4900
2396 ORDER 5257 37 26 1 2 1
2396 ORDER 5258 10 8 2 5 1
2397 CANCEL 4951
2397 ORDER 5259 36 18 3 2 0
2397 ORDER 5260 44 27 9 40 0
2398 ORDER 5261 35 11 8 41 0
2398 ORDER 5262 8 9 3 14 0
2399 CANCEL 5088
2399 ORDER 5263 24 3 2 15 0
2399 ORDER 5264 22 8 2 30 1
2400 ORDER 5265 36 20 44 40 0
2400 ORDER 5266 17 3 19 40 3
2401 ORDER 5267 37 33 10 41 0
2401 ORDER 5268 27 17 4 40 2
2402 ORDER 5269 44 18 1 1 0
2402 ORDER 5270 51 9 1 12 0
2403 ORDER 5271 6 20 51 40 0
2403 ORDER 5272 8 35 1 21 0
2403 ORDER 5273 25 33 2 1 0
2404 ORDER 5274 28 35 8 40 0
2404 ORDER 5275 12 30 1 35 0
2404 ORDER 5276 21 3 3 31 0
2405 ORDER 5277 20 32 1 3 1
2405 ORDER 5278 21 33 45 40 1
2406 ORDER 5279 24 26 3 16 1
2406 ORDER 5280 46 36 45 40 0
2407 ORDER 5281 7 38 3 32 0
2407 ORDER 5282 8 6 3 39 0
2407 ORDER 5283 47 38 20 40 2
2408 ORDER 5284 18 6 40 41 1
2408 ORDER 5285 17 15 36 41 0
2409 CANCEL 4847
2409 ORDER 5286 40 12 3 28 0
2409 ORDER 5287 11 32 32 41 0
2410 ORDER 5288 47 5 35 41 0
2410 ORDER 5289 20 12 49 40 3
2411 CANCEL 5039
2411 ORDER 5290 47 27 20 40 1
2411 ORDER 5291 7 29 1 34 0
2412 CANCEL 5178
2412 CANCEL 5239
2412 ORDER 5292 30 23 1 9 0
2412 ORDER 5293 29 33 26 40 0
2413 ORDER 5294 34 21 23 41 0
2413 ORDER 5295 33 36 3 4 2
2414 ORDER 5296 17 15 3 23 0
2414 ORDER 5297 51 26 22 40 0
2415 ORDER 5298 11 6 51 40 0
2415 ORDER 5299 37 15 1 33 1
2416 CANCEL 5056
2416 ORDER 5300 23 24 3 26 0
2416 ORDER 5301 35 5 1 1 0
2416 ORDER 5302 15 9 13 40 0
2417 ORDER 5303 31 21 4 41 3
2417 ORDER 5304 29 27 3 32 0
2418 ORDER 5305 10 5 2 21 0
2418 ORDER 5306 20 5 1 34 0
2419 ORDER 5307 28 27 37 40 1
2419 ORDER 5308 18 11 1 8 0
2420 ORDER 5309 44 20 12 41 0
2420 ORDER 5310 25 9 37 40 2
2421 ORDER 5311 37 29 53 41 0
2421 ORDER 5312 10 30 2 30 2
2421 ORDER 5313 21 5 2 29 0
2422 ORDER 5314 8 24 1 35 0
2422 ORDER 5315 41 27 1 41 2
2423 ORDER 5316 14 36 3 26 0
2423 ORDER 5317 16 29 3 32 0
2424 CANCEL 5181
2424 CANCEL 5263
2424 ORDER 5318 42 24 19 41 0
2424 ORDER 5319 37 5 3 22 0
2425 ORDER 5320 20 5 1 18 0
2425 ORDER 5321 30 32 8 40 1
2426 ORDER 5322 41 15 2 18 0
2426 ORDER 5323 50 8 3 13 2
2427 ORDER 5324 22 30 2 21 0
2427 ORDER 5325 48 6 2 37 0
2427 ORDER 5326 12 32 3 34 1
2428 ORDER 5327 48 3 2 20 3
2428 ORDER 5328 11 9 41 40 0
2429 ORDER 5329 16 15 43 41 1
2429 ORDER 5330 50 14 51 40 0
2430 ORDER 5331 17 18 53 41 1
2430 ORDER 5332 49 14 2 27 1
2431 ORDER 5333 20 18 2 39 0
2431 ORDER 5334 45 23 1 9 1
2432 ORDER 5335 38 15 1 1 0
2432 ORDER 5336 42 15 4 41 3
2432 ORDER 5337 27 9 41 41 0
2433 ORDER 5338 34 21 31 40 0
2433 ORDER 5339 30 11 1 31 1
2433 BLOCK 6 2
2434 ORDER 5340 48 32 2 27 3
2434 ORDER 5341 23 8 1 16 0
2435 ORDER 5342 48 21 15 40 0
2435 ORDER 5343 25 17 1 12 2
2436 ORDER 5344 39 29 38 40 1
2436 ORDER 5345 12 12 40 40 1
2437 ORDER 5346 41 3 3 37 0
2437 ORDER 5347 45 21 35 40 1
2438 CANCEL 5240
2438 ORDER 5348 37 12 1 36 1
2438 ORDER 5349 8 8 3 29 0
2439 ORDER 5350 49 29 52 41 1
2439 ORDER 5351 22 23 1 27 0
2439 ORDER 5352 44 8 39 41 2
2440 ORDER 5353 44 27 28 40 0
2440 ORDER 5354 38 3 34 41 2
2441 CANCEL 4954
2441 ORDER 5355 30 21 2 7 1
2441 ORDER 5356 28 29 21 40 0
2442 CANCEL 4983
2442 ORDER 5357 36 3 2 29 2
2442 ORDER 5358 51 30 5 40 0
2443 ORDER 5359 45 30 49 40 0
2443 ORDER 5360 6 38 24 40 0
2444 ORDER 5361 27 30 11 41 0
2444 ORDER 5362 34 19 1 29 0
2444 ORDER 5363 21 17 10 40 0
2445 ORDER 5364 13 32 3 33 1
2445 ORDER 5365 22 33 3 6 2
2446 ORDER 5366 38 24 50 40 1
2446 ORDER 5367 50 12 3 34 0
2447 ORDER 5368 31 5 1 31 0
2447 ORDER 5369 14 15 8 41 0
2448 ORDER 5370 50 3 1 39 0
2448 ORDER 5371 42 35 2 16 1
2448 ORDER 5372 22 26 2 14 0
2449 ORDER 5373 30 23 2 3 0
2449 ORDER 5374 14 30 1 33 2
2450 ORDER 5375 49 21 2 30 2
2450 ORDER 5376 25 23 40 40 1
2451 ORDER 5377 51 32 3 17 1
2451 ORDER 5378 26 20 13 40 0
2452 ORDER 5379 16 23 17 41 0
2452 ORDER 5380 34 18 1 25 0
2453 ORDER 5381 18 3 3 22 0
2453 ORDER 5382 17 5 43 41 0
2454 ORDER 5383 20 26 2 40 0
2454 ORDER 5384 42 37 2 36 0
2455 ORDER 5385 51 24 53 40 0
2455 ORDER 5386 21 29 5 41 0
2456 ORDER 5387 46 30 37 40 1
2456 ORDER 5388 51 9 6 40 2
2457 ORDER 5389 10 14 54 41 0
2457 ORDER 5390 36 11 2 41 2
2458 CANCEL 5136
2458 ORDER 5391 32 30 1 32 0
2458 ORDER 5392 49 29 3 16 0
2459 ORDER 5393 20 5 6 40 0
2459 ORDER 5394 11 21 20 40 2
2460 CANCEL 5230
2460 ORDER 5395 7 18 1 41 0
2460 ORDER 5396 30 32 3 33 2
2461 ORDER 5397 43 20 3 27 2
2461 ORDER 5398 22 24 25 40 0
2462 ORDER 5399 27 6 16 40 0
2462 ORDER 5400 11 24 2 9 0
2462 ORDER 5401 13 38 2 36 0
2462 CANCEL 105401
2463 ORDER 5402 16 5 45 40 0
2463 ORDER 5403 25 18 29 41 0
2464 ORDER 5404 20 26 49 41 1
2464 ORDER 5405 9 12 1 40 0
2465 ORDER 5406 16 5 43 41 0
2465 ORDER 5407 26 18 17 41 1
2466 CANCEL 5170
2466 ORDER 5408 28 30 25 41 0
2466 ORDER 5409 36 33 3 33 1
2467 ORDER 5410 44 6 3 40 1
2467 ORDER 5411 21 29 41 40 0
2467 ORDER 5412 8 24 3 28 1
2468 ORDER 5413 31 27 2 30 1
2468 ORDER 5414 8 6 2 32 0
2469 CANCEL 5041
2469 ORDER 5415 28 27 1 18 1
2469 ORDER 5416 8 26 2 15 0
2470 ORDER 5417 22 14 3 28 0
2470 ORDER 5418 37 38 14 41 0
2471 ORDER 5419 17 36 1 11 2
2471 ORDER 5420 50 5 3 38 0
2472 ORDER 5421 11 3 53 41 0
2472 ORDER 5422 24 20 1 36 1
2473 ORDER 5423 6 12 36 41 0
2473 ORDER 5424 46 20 3 9 0
2474 ORDER 5425 41 35 48 41 0
2474 ORDER 5426 49 27 2 33 2
2475 ORDER 5427 12 18 1 9 2
2475 ORDER 5428 42 24 2 18 0
2475 ORDER 5429 12 26 2 33 0
2476 CANCEL 5256
2476 ORDER 5430 21 21 36 40 0
2476 ORDER 5431 28 17 54 41 2
2477 CANCEL 5236
2477 ORDER 5432 27 14 33 40 0
2477 ORDER 5433 43 27 3 32 0
2478 CANCEL 5062
2478 ORDER 5434 30 20 1 10 0
2478 ORDER 5435 32 26 1 32 1
2479 ORDER 5436 21 23 30 41 1
2479 ORDER 5437 7 27 1 28 0
2479 ORDER 5438 8 6 3 37 0
2480 ORDER 5439 40 8 1 10 0
2480 ORDER 5440 33 9 3 19 1
2481 ORDER 5441 7 3 1 9 0
2481 ORDER 5442 47 38 2 38 0
2482 ORDER 5443 7 20 3 6 2
2482 ORDER 5444 22 24 22 40 1
2482 ORDER 5445 38 6 1 32 2
2483 ORDER 5446 50 3 2 39 0
2483 ORDER 5447 29 20 3 26 0
2483 BLOCK 48 20
2484 ORDER 5448 11 20 2 8 0
2484 ORDER 5449 37 15 21 41 0
2485 ORDER 5450 41 9 3 18 0
2485 ORDER 5451 32 17 12 40 1
2486 ORDER 5452 41 21 39 40 0
2486 ORDER 5453 14 9 1 5 0
2487 ORDER 5454 10 30 39 41 0
2487 ORDER 5455 19 12 7 40 1
2488 ORDER 5456 50 38 2 15 0
2488 ORDER 5457 19 18 2 31 0
2489 ORDER 5458 46 35 1 22 1
2489 ORDER 5459 27 26 31 41 0
2489 ORDER 5460 39 33 53 40 1
2490 ORDER 5461 39 15 1 7 0
2490 ORDER 5462 39 30 2 29 0
2491 ORDER 5463 45 14 14 41 0
2491 ORDER 5464 18 8 3 1 0
2491 BLOCK 47 14
2492 ORDER 5465 6 21 45 40 0
2492 ORDER 5466 18 12 33 40 0
2493 CANCEL 5454
2493 ORDER 5467 9 5 1 41 0
2493 ORDER 5468 31 35 1 19 1
2493 ORDER 5469 15 18 1 27 0
2494 ORDER 5470 21 27 11 41 1
2494 ORDER 5471 47 15 1 15 0
2494 ORDER 5472 40 15 3 34 1
2495 ORDER 5473 42 24 2 22 1
2495 ORDER 5474 39 38 3 13 2
2496 ORDER 5475 18 14 21 40 1
2496 ORDER 5476 11 14 53 41 1
2497 ORDER 5477 11 23 2 13 2
2497 ORDER 5478 42 17 47 40 1
2498 CANCEL 5196
2498 ORDER 5479 28 24 1 31 0
2498 ORDER 5480 49 16 13 40 1
2499 CANCEL 5420
2499 ORDER 5481 40 6 15 41 1
2499 ORDER 5482 31 8 1 31 0
2499 ORDER 5483 29 38 3 31 2
2499 BLOCK 33 17
2500 ORDER 5484 21 21 21 40 0
2500 ORDER 5485 19 6 44 41 0
2501 CANCEL 5152
2501 CANCEL 5179
2501 ORDER 5486 25 32 53 41 2
2501 ORDER 5487 47 36 23 41 1
2502 CANCEL 5409
2502 ORDER 5488 21 27 2 35 3
2502 ORDER 5489 47 36 1 21 0
2503 ORDER 5490 39 14 30 41 0
2503 ORDER 5491 8 20 25 41 0
2504 ORDER 5492 9 10 3 35 1
2504 ORDER 5493 28 29 33 41 3
2505 ORDER 5494 9 8 1 8 1
2505 ORDER 5495 33 36 47 41 0
2506 ORDER 5496 12 12 1 14 0
2506 ORDER 5497 45 20 18 40 1
2507 ORDER 5498 27 24 3 31 0
2507 ORDER 5499 18 14 1 12 1
2508 CANCEL 5468
2508 ORDER 5500 8 30 1 34 0
2508 ORDER 5501 21 5 3 34 0
2508 ORDER 5502 28 20 27 41 1
2509 ORDER 5503 51 11 25 41 0
2509 ORDER 5504 40 36 1 38 3
2510 ORDER 5505 25 32 3 27 1
2510 ORDER 5506 51 29 3 12 0
2511 ORDER 5507 47 36 30 41 0
2511 ORDER 5508 8 12 3 35 2
2512 ORDER 5509 28 5 3 22 0
2512 ORDER 5510 39 38 3 40 0
2513 ORDER 5511 22 33 1 29 1
2513 ORDER 5512 25 18 2 11 2
2514 ORDER 5513 39 29 2 13 0
2514 ORDER 5514 12 33 30 40 0
2515 ORDER 5515 24 26 1 7 2
2515 ORDER 5516 24 36 41 41 1
2516 ORDER 5517 41 24 3 6 0
2516 ORDER 5518 31 14 1 36 1
2517 ORDER 5519 27 15 51 40 0
2517 ORDER 5520 23 6 3 2 0
2517 ORDER 5521 38 38 2 16 1
2518 ORDER 5522 51 23 5 40 2
2518 ORDER 5523 32 26 50 40 1
2518 BLOCK 38 23
2519 CANCEL 5336
2519 ORDER 5524 9 29 1 11 0
2519 ORDER 5525 18 26 2 31 0
2519 ORDER 5526 8 12 3 14 3
2520 CANCEL 5465
2520 ORDER 5527 32 6 2 37 0
2520 ORDER 5528 10 33 2 21 1
2521 ORDER 5529 27 30 1 17 0
2521 ORDER 5530 36 5 2 11 0
2522 ORDER 5531 20 26 2 7 1
2522 ORDER 5532 31 11 3 3 1
2522 ORDER 5533 8 15 7 41 2
2523 CANCEL 5292
2523 ORDER 5534 50 23 3 21 2
2523 ORDER 5535 30 9 3 35 2
2524 ORDER 5536 19 35 32 40 1
2524 ORDER 5537 51 29 7 40 0
2525 CANCEL 5125
2525 ORDER 5538 30 12 9 40 1
2525 ORDER 5539 39 15 3 8 0
2526 ORDER 5540 48 36 36 40 0
2526 ORDER 5541 44 12 3 20 1
2527 ORDER 5542 32 11 2 7 1
2527 ORDER 5543 22 38 37 40 0
2528 ORDER 5544 34 36 28 40 1
2528 ORDER 5545 10 8 2 12 0
2529 CANCEL 5243
2529 ORDER 5546 22 11 3 6 2
2529 ORDER 5547 50 3 1 39 0
2530 ORDER 5548 8 5 23 40 0
2530 ORDER 5549 32 35 3 41 1
2531 ORDER 5550 44 3 3 6 1
2531 ORDER 5551 42 15 3 20 0
2532 ORDER 5552 14 11 2 17 1
2532 ORDER 5553 28 23 46 40 0
2533 ORDER 5554 13 32 2 11 0
2533 ORDER 5555 38 32 3 30 0
2534 ORDER 5556 41 36 1 20 0
2534 ORDER 5557 7 18 1 34 1
2535 ORDER 5558 33 36 33 40 0
2535 ORDER 5559 49 15 1 16 1
2536 UNBLOCK 6 2
2536 ORDER 5560 44 20 2 16 2
2536 ORDER 5561 49 23 3 41 0
2537 ORDER 5562 49 18 2 30 1
2537 ORDER 5563 35 20 2 12 0
2538 ORDER 5564 19 5 10 40 0
2538 ORDER 5565 7 5 54 40 1
2538 BLOCK 50 35
2539 ORDER 5566 26 15 28 40 3
2539 ORDER 5567 40 30 23 41 1
2540 ORDER 5568 34 38 13 41 0
2540 ORDER 5569 19 11 3 3 1
2541 ORDER 5570 27 23 7 40 0
2541 ORDER 5571 13 14 14 40 0
2542 ORDER 5572 36 29 3 40 1
2542 ORDER 5573 29 15 35 40 2
2543 CANCEL 5334
2543 ORDER 5574 8 38 3 20 3
2543 ORDER 5575 48 5 1 11 0
2544 CANCEL 5200
2544 ORDER 5576 27 12 35 40 0
2544 ORDER 5577 17 6 36 41 2
2545 ORDER 5578 36 14 34 41 0
2545 ORDER 5579 46 21 1 27 3
2546 ORDER 5580 11 36 24 40 0
2546 ORDER 5581 11 29 3 14 3
2547 ORDER 5582 21 32 24 40 1
2547 ORDER 5583 38 32 42 41 0
2548 ORDER 5584 40 36 46 40 1
2548 ORDER 5585 17 26 28 41 0
2549 ORDER 5586 31 29 14 41 0
2549 ORDER 5587 10 27 29 41 1
2549 ORDER 5588 36 20 38 41 0
2550 CANCEL 5484
2550 ORDER 5589 17 8 54 41 0
2550 ORDER 5590 10 15 1 8 0
2550 ORDER 5591 41 21 1 32 0
2551 CANCEL 5302
2551 ORDER 5592 34 36 29 41 0
2551 ORDER 5593 18 20 8 40 1
2552 ORDER 5594 40 15 3 32 1
2552 ORDER 5595 25 5 51 41 0
2553 ORDER 5596 10 5 29 41 0
2553 ORDER 5597 8 32 2 32 0
2553 ORDER 5598 27 14 29 40 0
2554 ORDER 5599 14 38 2 25 0
2554 ORDER 5600 37 8 31 40 0
2554 ORDER 5601 20 20 9 41 1
2555 ORDER 5602 11 9 45 40 3
2555 ORDER 5603 51 36 48 41 3
2556 ORDER 5604 50 17 25 40 2
2556 ORDER 5605 22 8 3 33 3
2557 CANCEL 5388
2557 ORDER 5606 25 18 2 32 2
2557 ORDER 5607 8 24 36 40 0
2558 ORDER 5608 35 24 1 38 0
2558 ORDER 5609 21 8 40 41 1
2558 ORDER 5610 32 26 2 11 0
2559 CANCEL 5566
2559 ORDER 5611 28 23 39 41 3
2559 ORDER 5612 40 26 16 40 0
2560 CANCEL 5421
2560 UNBLOCK 38 23
2560 ORDER 5613 8 5 43 41 0
2560 ORDER 5614 19 12 7 41 0
2561 ORDER 5615 9 23 42 40 0
2561 ORDER 5616 11 30 15 41 0
2562 ORDER 5617 6 21 1 34 0
2562 ORDER 5618 9 27 1 37 0
2562 ORDER 5619 35 12 34 40 3
2563 ORDER 5620 19 6 1 15 3
2563 ORDER 5621 38 27 3 32 3
2564 ORDER 5622 35 14 2 9 0
2564 ORDER 5623 51 32 2 27 1
2565 ORDER 5624 35 3 12 41 0
2565 ORDER 5625 26 33 1 17 2
2566 UNBLOCK 48 20
2566 ORDER 5626 18 17 1 3 1
2566 ORDER 5627 42 17 1 31 3
2566 ORDER 5628 46 24 3 23 0
2567 ORDER 5629 36 24 21 41 2
2567 ORDER 5630 51 21 38 41 0
2567 BLOCK 46 26
2568 ORDER 5631 17 32 26 40 1
2568 ORDER 5632 48 27 2 37 0
2569 ORDER 5633 42 30 24 41 2
2569 ORDER 5634 11 24 6 41 0
2570 UNBLOCK 47 14
2570 UNBLOCK 33 17
2570 ORDER 5635 42 26 3 41 0
2570 ORDER 5636 36 12 1 27 3
2570 ORDER 5637 38 33 2 17 2
2571 ORDER 5638 49 33 50 41 0
2571 ORDER 5639 38 32 2 15 2
2572 ORDER 5640 6 24 3 27 1
2572 ORDER 5641 27 12 3 3 0
2573 ORDER 5642 37 33 2 28 0
2573 ORDER 5643 37 21 33 40 0
2574 ORDER 5644 36 15 2 2 0
2574 ORDER 5645 38 14 1 6 0
2575 ORDER 5646 38 12 1 21 0
2575 ORDER 5647 46 24 3 20 2
2576 ORDER 5648 50 14 2 6 0
2576 ORDER 5649 34 20 1 15 0
2577 CANCEL 5475
2577 ORDER 5650 51 17 1 4 0
2577 ORDER 5651 39 15 29 40 1
2578 ORDER 5652 28 5 3 5 0
2578 ORDER 5653 26 20 1 39 2
2578 ORDER 5654 16 26 32 40 0
2579 ORDER 5655 51 23 8 41 1
2579 ORDER 5656 8 6 1 39 0
2580 ORDER 5657 46 3 3 18 0
2580 ORDER 5658 16 8 14 41 1
2581 ORDER 5659 19 12 2 27 0
2581 ORDER 5660 19 35 42 41 1
2582 CANCEL 5408
2582 CANCEL 5529
2582 ORDER 5661 8 14 7 41 0
2582 ORDER 5662 6 20 1 25 0
2583 CANCEL 5373
2583 ORDER 5663 25 32 38 41 2
2583 ORDER 5664 31 33 1 9 0
2583 ORDER 5665 35 18 17 41 0
2584 ORDER 5666 34 5 2 41 1
2584 ORDER 5667 15 5 3 1 0
2585 ORDER 5668 35 20 1 28 1
2585 ORDER 5669 12 33 20 41 1
2586 ORDER 5670 50 12 1 31 1
2586 ORDER 5671 19 11 42 40 1
2587 ORDER 5672 9 27 2 11 0
2587 ORDER 5673 15 3 27 40 0
2588 ORDER 5674 42 18 3 25 0
2588 ORDER 5675 12 38 3 22 0
2589 ORDER 5676 45 15 1 22 0
2589 ORDER 5677 6 27 52 41 3
2590 ORDER 5678 37 27 2 17 0
2590 ORDER 5679 46 11 3 33 0
2590 BLOCK 19 11
2591 ORDER 5680 28 32 32 41 0
2591 ORDER 5681 10 27 33 40 0
2591 ORDER 5682 11 6 33 41 0
2592 ORDER 5683 50 29 1 4 1
2592 ORDER 5684 40 12 3 14 1
2593 ORDER 5685 12 18 45 40 0
2593 ORDER 5686 10 32 2 9 0
2594 ORDER 5687 29 29 1 31 3
2594 ORDER 5688 29 20 2 14 1
2595 ORDER 5689 26 18 4 41 1
2595 ORDER 5690 40 32 2 36 0
2595 ORDER 5691 35 5 2 6 0
2596 ORDER 5692 24 15 2 37 0
2596 ORDER 5693 51 29 11 41 0
2597 ORDER 5694 31 17 53 41 1
2597 ORDER 5695 19 3 11 41 2
2597 ORDER 5696 6 32 34 40 0
2598 ORDER 5697 6 8 22 40 0
2598 ORDER 5698 15 21 39 41 0
2599 ORDER 5699 47 17 37 41 0
2599 ORDER 5700 35 17 3 6 0
2600 ORDER 5701 8 8 24 41 3
2600 ORDER 5702 28 15 53 41 0
2601 ORDER 5703 39 15 1 7 0
2601 ORDER 5704 15 17 3 37 0
2602 ORDER 5705 31 9 2 25 2
2602 ORDER 5706 16 14 2 32 0
2602 ORDER 5707 44 9 3 3 0
2603 CANCEL 5476
2603 ORDER 5708 25 35 3 30 0
2603 ORDER 5709 27 36 3 37 0
2603 ORDER 5710 16 3 3 28 0
2604 ORDER 5711 20 33 18 41 0
2604 ORDER 5712 48 20 3 9 0
2605 ORDER 5713 21 35 4 40 0
2605 ORDER 5714 39 33 36 40 0
2605 ORDER 5715 32 17 3 13 0
2606 ORDER 5716 46 6 3 5 0
2606 ORDER 5717 6 29 2 12 1
2607 ORDER 5718 13 24 2 34 0
2607 ORDER 5719 25 23 30 40 0
2608 ORDER 5720 28 30 3 4 1
2608 ORDER 5721 11 9 2 31 1
2609 ORDER 5722 8 33 3 13 0
2609 ORDER 5723 10 23 1 24 2
2610 ORDER 5724 28 20 2 41 3
2610 ORDER 5725 17 32 1 37 0
2611 ORDER 5726 17 3 1 2 0
2611 ORDER 5727 38 30 14 40 0
2612 ORDER 5728 47 3 38 40 1
2612 ORDER 5729 16 6 2 34 0
2613 ORDER 5730 29 20 38 40 0
2613 ORDER 5731 6 27 2 5 1
2614 ORDER 5732 20 38 1 24 1
2614 ORDER 5733 28 14 3 40 0
2615 ORDER 5734 19 30 3 22 0
2615 ORDER 5735 14 32 50 40 1
2616 ORDER 5736 17 15 39 40 0
2616 ORDER 5737 35 24 1 16 2
2617 ORDER 5738 29 26 2 21 0
2617 ORDER 5739 30 35 3 15 0
2618 ORDER 5740 28 27 1 3 1
2618 ORDER 5741 43 27 3 21 0
2619 ORDER 5742 47 8 3 12 0
2619 ORDER 5743 29 23 32 41 1
2620 CANCEL 5505
2620 ORDER 5744 17 5 47 40 0
2620 ORDER 5745 12 21 40 40 1
2621 ORDER 5746 17 24 1 4 1
2621 ORDER 5747 22 24 1 40 1
2622 ORDER 5748 23 12 2 21 3
2622 ORDER 5749 23 14 20 41 2
2623 ORDER 5750 9 27 3 38 1
2623 ORDER 5751 29 15 40 41 1
2623 ORDER 5752 20 18 42 41 0
2624 ORDER 5753 20 38 1 40 0
2624 ORDER 5754 8 11 43 41 0
2625 ORDER 5755 36 33 5 41 1
2625 ORDER 5756 16 14 12 40 0
2625 ORDER 5757 29 12 2 29 0
2626 ORDER 5758 27 6 1 33 2
2626 ORDER 5759 40 35 1 2 0
2627 CANCEL 5662
2627 ORDER 5760 26 18 2 39 0
2627 ORDER 5761 6 15 46 40 3
2628 CANCEL 5678
2628 ORDER 5762 34 38 54 41 0
2628 ORDER 5763 25 32 1 29 0
2628 ORDER 5764 27 15 25 40 1
2629 ORDER 5765 36 12 3 29 1
2629 ORDER 5766 6 32 43 41 0
2629 ORDER 5767 37 35 1 17 0
2630 CANCEL 5507
2630 ORDER 5768 36 5 25 41 0
2630 ORDER 5769 20 20 1 37 1
2631 ORDER 5770 10 35 2 14 3
2631 ORDER 5771 8 21 2 2 0
2632 ORDER 5772 40 21 1 14 0
2632 ORDER 5773 6 26 1 17 1
2633 ORDER 5774 44 27 27 41 0
2633 ORDER 5775 7 8 38 41 0
2633 BLOCK 26 18
2634 ORDER 5776 18 15 2 1 3
2634 ORDER 5777 46 9 2 34 2
2635 CANCEL 5364
2635 ORDER 5778 32 29 3 4 0
2635 ORDER 5779 34 38 17 41 1
2636 CANCEL 5761
2636 ORDER 5780 19 38 2 27 1
2636 ORDER 5781 20 33 1 22 1
2637 ORDER 5782 46 26 2 17 0
2637 ORDER 5783 11 21 38 41 0
2637 ORDER 5784 45 30 42 41 0
2638 ORDER 5785 23 14 1 33 0
2638 ORDER 5786 23 38 3 28 0
2639 CANCEL 5512
2639 ORDER 5787 21 24 31 40 3
2639 ORDER 5788 28 36 51 40 0
2640 ORDER 5789 49 18 14 41 1
2640 ORDER 5790 51 26 47 41 1
2641 ORDER 5791 8 20 3 31 0
2641 ORDER 5792 43 26 2 21 0
2642 UNBLOCK 19 11
2642 ORDER 5793 46 38 9 41 2
2642 ORDER 5794 28 32 41 41 3
2643 ORDER 5795 36 13 3 3 0
2643 ORDER 5796 18 20 48 41 3
2644 CANCEL 5763
2644 ORDER 5797 48 32 1 35 0
2644 ORDER 5798 17 11 24 41 0
2645 CANCEL 5660
2645 CANCEL 5732
2645 ORDER 5799 23 9 48 40 2
2645 ORDER 5800 36 27 28 40 0
2646 ORDER 5801 36 6 1 31 0
2646 ORDER 5802 41 3 1 2 0
2647 ORDER 5803 17 5 36 40 0
2647 ORDER 5804 22 29 1 4 1
2648 ORDER 5805 11 8 3 24 0
2648 ORDER 5806 18 20 2 29 0
2649 ORDER 5807 37 24 2 5 0
2649 ORDER 5808 38 36 28 41 0
2650 ORDER 5809 10 5 21 41 0
2650 ORDER 5810 44 27 3 15 0
2651 ORDER 5811 50 11 35 41 0
2651 ORDER 5812 50 15 27 41 0
2652 ORDER 5813 22 23 2 1 1
2652 ORDER 5814 15 17 16 40 0
2653 ORDER 5815 49 27 3 17 0
2653 ORDER 5816 32 17 2 40 0
2653 ORDER 5817 14 15 1 34 0
2654 ORDER 5818 32 26 30 41 0
2654 ORDER 5819 13 8 42 41 1
2655 ORDER 5820 24 6 2 5 1
2655 ORDER 5821 6 9 38 40 2
2656 CANCEL 5755
2656 ORDER 5822 51 21 47 41 0
2656 ORDER 5823 9 18 1 12 2
2657 ORDER 5824 27 14 29 40 0
2657 ORDER 5825 27 11 23 40 1
2658 ORDER 5826 6 12 35 41 0
2658 ORDER 5827 29 5 31 40 0
2659 ORDER 5828 11 26 3 35 0
2659 ORDER 5829 9 9 2 25 2
2660 UNBLOCK 46 26
2660 ORDER 5830 50 3 17 40 0
2660 ORDER 5831 18 32 2 7 2
2661 ORDER 5832 21 33 2 29 3
2661 ORDER 5833 9 17 16 40 0
2661 ORDER 5834 36 3 20 40 3
2662 ORDER 5835 16 3 31 41 0
2662 ORDER 5836 20 23 1 9 1
2663 ORDER 5837 43 26 1 33 0
2663 ORDER 5838 6 5 46 41 1
2664 ORDER 5839 49 15 36 41 1
2664 ORDER 5840 31 38 2 2 0
2665 CANCEL 5698
2665 ORDER 5841 25 15 48 41 0
2665 ORDER 5842 36 20 1 24 1
2666 ORDER 5843 40 11 1 1 0
2666 ORDER 5844 44 27 1 6 0
2667 ORDER 5845 14 33 4 40 2
2667 ORDER 5846 19 29 30 40 1
2668 ORDER 5847 44 18 1 38 3
2668 ORDER 5848 15 11 3 19 0
2669 ORDER 5849 25 17 53 40 0
2669 ORDER 5850 31 11 50 40 2
2670 CANCEL 5491
2670 ORDER 5851 41 29 1 5 0
2670 ORDER 5852 23 14 2 21 0
2671 UNBLOCK 50 35
2671 ORDER 5853 9 35 40 41 1
2671 ORDER 5854 36 29 3 32 1
2672 ORDER 5855 50 26 44 41 2
2672 ORDER 5856 24 9 4 40 1
2673 CANCEL 5439
2673 CANCEL 5573
2673 ORDER 5857 50 17 2 6 1
2673 ORDER 5858 32 36 2 20 1
2674 ORDER 5859 9 29 3 26 0
2674 ORDER 5860 15 18 45 41 0
2675 ORDER 5861 34 23 1 15 1
2675 ORDER 5862 19 26 13 41 0
2676 ORDER 5863 41 33 2 30 0
2676 ORDER 5864 46 24 2 2 0
2677 ORDER 5865 28 36 1 28 2
2677 ORDER 5866 48 17 1 22 3
2678 CANCEL 5725
2678 ORDER 5867 45 5 1 27 0
2678 ORDER 5868 31 27 3 26 0
2679 ORDER 5869 8 24 14 40 0
2679 ORDER 5870 45 21 24 40 1
2680 CANCEL 5785
2680 ORDER 5871 26 20 44 41 0
2680 ORDER 5872 7 6 1 36 1
2681 ORDER 5873 17 30 1 2 0
2681 ORDER 5874 16 17 30 41 1
2682 ORDER 5875 28 18 7 40 0
2682 ORDER 5876 37 18 3 17 0
2683 ORDER 5877 47 26 1 39 0
2683 ORDER 5878 21 24 1 34 3
2683 ORDER 5879 20 20 25 40 2
2684 CANCEL 5792
2684 ORDER 5880 45 32 1 13 0
2684 ORDER 5881 13 24 2 19 0
2685 ORDER 5882 20 5 3 41 0
2685 ORDER 5883 43 12 48 41 0
2686 CANCEL 5490
2686 CANCEL 5729
2686 ORDER 5884 21 6 3 20 0
2686 ORDER 5885 46 3 3 7 0
2687 CANCEL 5782
2687 ORDER 5886 37 38 3 17 0
2687 ORDER 5887 20 17 5 41 0
2688 CANCEL 5614
2688 ORDER 5888 22 9 1 41 3
2688 ORDER 5889 17 20 6 41 0
2688 ORDER 5890 39 33 35 41 0
2689 ORDER 5891 25 33 1 10 2
2689 ORDER 5892 32 15 2 16 0
2690 ORDER 5893 29 14 1 12 0
2690 ORDER 5894 13 32 1 31 0
2691 ORDER 5895 7 14 3 21 0
2691 ORDER 5896 28 30 1 32 1
2691 ORDER 5897 24 15 3 6 0
2692 CANCEL 5779
2692 ORDER 5898 10 36 10 41 2
2692 ORDER 5899 35 33 44 40 1
2693 ORDER 5900 29 32 2 13 1
2693 ORDER 5901 36 6 3 40 0
2694 ORDER 5902 14 35 2 12 0
2694 ORDER 5903 25 9 1 17 0
2695 ORDER 5904 37 29 1 11 0
2695 ORDER 5905 44 20 17 41 0
2696 ORDER 5906 36 15 43 40 0
2696 ORDER 5907 27 5 33 41 3
2697 ORDER 5908 31 9 19 40 1
2697 ORDER 5909 43 12 1 30 0
2698 ORDER 5910 19 15 2 5 0
2698 ORDER 5911 10 12 2 3 3
2699 CANCEL 5532
2699 CANCEL 5570
2699 ORDER 5912 43 6 3 36 0
2699 ORDER 5913 29 18 5 41 0
2700 CANCEL 5519
2700 ORDER 5914 24 5 3 38 1
2700 ORDER 5915 7 3 19 40 0
2701 ORDER 5916 50 15 1 9 0
2701 ORDER 5917 30 33 22 40 1
2702 ORDER 5918 35 17 3 29 1
2702 ORDER 5919 16 15 1 6 0
2703 ORDER 5920 9 5 24 40 0
2703 ORDER 5921 49 36 29 40 0
2704 ORDER 5922 38 15 1 7 0
2704 ORDER 5923 6 18 45 40 1
2705 CANCEL 5864
2705 ORDER 5924 31 30 3 25 1
2705 ORDER 5925 23 36 1 23 0
2706 ORDER 5926 32 11 32 41 0
2706 ORDER 5927 50 14 21 41 1
2707 ORDER 5928 45 8 3 2 0
2707 ORDER 5929 25 21 3 24 1
2708 CANCEL 5589
2708 ORDER 5930 11 21 1 3 0
2708 ORDER 5931 21 30 25 41 0
2709 CANCEL 5734
2709 ORDER 5932 41 17 18 40 1
2709 ORDER 5933 27 27 1 27 2
2710 CANCEL 5762
2710 ORDER 5934 16 3 2 24 1
2710 ORDER 5935 22 29 12 40 1
2710 ORDER 5936 40 3 14 41 0
2711 CANCEL 5747
2711 ORDER 5937 40 32 2 30 0
2711 ORDER 5938 11 3 16 41 1
2712 ORDER 5939 46 17 8 40 0
2712 ORDER 5940 18 8 4 41 0
2712 ORDER 5941 47 32 11 41 3
2713 ORDER 5942 11 29 3 32 0
2713 ORDER 5943 17 33 1 6 0
2714 ORDER 5944 30 36 3 16 1
2714 ORDER 5945 38 5 32 40 0
2715 ORDER 5946 27 15 3 8 3
2715 ORDER 5947 17 27 3 12 0
2716 ORDER 5948 31 26 1 27 0
2716 ORDER 5949 19 32 2 38 1
2717 ORDER 5950 18 38 2 30 0
2717 ORDER 5951 39 11 1 3 1
2718 ORDER 5952 37 30 2 23 0
2718 ORDER 5953 49 32 13 40 0
2719 ORDER 5954 8 27 34 40 1
2719 ORDER 5955 42 29 3 11 0
2720 CANCEL 5836
2720 ORDER 5956 27 15 3 15 0
2720 ORDER 5957 43 18 54 40 1
2721 ORDER 5958 35 24 3 39 0
2721 ORDER 5959 23 9 3 13 0
2722 UNBLOCK 26 18
2722 ORDER 5960 38 27 33 40 1
2722 ORDER 5961 10 5 1 36 0
2723 ORDER 5962 28 35 25 41 0
2723 ORDER 5963 49 32 1 10 0
2724 ORDER 5964 18 30 19 41 0
2724 ORDER 5965 37 8 2 28 0
2725 CANCEL 5899
2725 ORDER 5966 32 15 3 10 0
2725 ORDER 5967 37 29 21 41 0
2726 ORDER 5968 31 17 2 24 2
2726 ORDER 5969 44 29 40 41 0
2727 ORDER 5970 27 26 34 40 2
2727 ORDER 5971 47 18 22 41 0
2728 CANCEL 5622
2728 ORDER 5972 42 29 2 23 0
2728 ORDER 5973 7 14 37 41 2
2729 ORDER 5974 6 15 24 40 0
2729 ORDER 5975 7 20 3 13 2
2730 ORDER 5976 48 29 42 40 0
2730 ORDER 5977 19 18 41 40 3
2731 CANCEL 5916
2731 ORDER 5978 26 21 1 31 1
2731 ORDER 5979 14 36 44 40 2
2732 ORDER 5980 27 12 1 16 0
2732 ORDER 5981 18 35 44 41 1
2733 ORDER 5982 41 18 21 41 0
2733 ORDER 5983 47 5 1 12 1
2734 ORDER 5984 6 38 3 7 0
2734 ORDER 5985 38 15 2 20 1
2735 ORDER 5986 49 30 3 37 2
2735 ORDER 5987 41 33 8 41 0
2736 ORDER 5988 50 23 37 41 0
2736 ORDER 5989 37 6 48 41 2
2737 CANCEL 5927
2737 ORDER 5990 6 27 11 40 0
2737 ORDER 5991 38 24 48 41 0
2737 ORDER 5992 25 32 36 40 0
2738 ORDER 5993 17 24 3 30 3
2738 ORDER 5994 8 33 1 6 2
2739 ORDER 5995 31 38 3 18 0
2739 ORDER 5996 51 17 1 24 1
2740 CANCEL 5642
2740 ORDER 5997 47 14 1 9 0
2740 ORDER 5998 47 35 3 35 1
2740 BLOCK 17 21
2741 ORDER 5999 42 11 45 41 1
2741 ORDER 6000 49 20 9 41 0
2741 ORDER 6001 9 12 3 7 3
2742 ORDER 6002 11 11 10 40 1
2742 ORDER 6003 20 36 2 25 1
2743 ORDER 6004 47 15 37 40 0
2743 ORDER 6005 47 36 3 1 0
2744 ORDER 6006 46 32 3 8 0
2744 ORDER 6007 7 26 3 29 0
2744 ORDER 6008 30 26 2 3 0
2745 ORDER 6009 50 8 16 41 1
2745 ORDER 6010 37 26 51 40 0
2746 ORDER 6011 30 17 4 40 0
2746 ORDER 6012 40 38 2 7 0
2747 ORDER 6013 49 29 46 40 1
2747 ORDER 6014 41 21 40 41 0
2748 ORDER 6015 35 23 1 2 0
2748 ORDER 6016 12 6 3 10 0
2748 ORDER 6017 9 30 1 18 3
2748 BLOCK 49 12
2749 ORDER 6018 16 26 1 19 1
2749 ORDER 6019 17 26 17 41 3
2750 CANCEL 5655
2750 ORDER 6020 12 12 2 23 0
2750 ORDER 6021 37 24 2 7 2
2751 ORDER 6022 31 23 53 40 1
2751 ORDER 6023 38 27 3 9 0
2752 ORDER 6024 12 5 49 40 2
2752 ORDER 6025 20 27 21 41 2
2753 ORDER 6026 8 23 1 20 0
2753 ORDER 6027 44 8 35 41 0
2754 ORDER 6028 8 15 1 6 1
2754 ORDER 6029 6 33 1 5 1
2755 ORDER 6030 34 9 1 35 0
2755 ORDER 6031 11 18 3 2 0
2756 ORDER 6032 21 17 19 41 1
2756 ORDER 6033 9 29 36 40 1
2757 ORDER 6034 38 12 30 40 0
2757 ORDER 6035 7 14 3 6 0
2758 ORDER 6036 51 17 5 41 1
2758 ORDER 6037 19 12 12 41 0
2759 CANCEL 5992
2759 ORDER 6038 14 30 42 41 2
2759 ORDER 6039 46 9 3 26 0
2760 ORDER 6040 41 27 2 34 3
2760 ORDER 6041 41 27 44 40 0
2761 ORDER 6042 24 3 1 4 0
2761 ORDER 6043 22 30 3 36 0
2762 ORDER 6044 11 38 3 1 2
2762 ORDER 6045 10 9 51 40 0
2763 ORDER 6046 12 24 10 40 0
2763 ORDER 6047 37 14 3 23 2
2764 ORDER 6048 6 17 1 21 1
2764 ORDER 6049 20 17 1 35 0
2765 CANCEL 6049
2765 ORDER 6050 30 18 26 41 0
2765 ORDER 6051 49 6 1 25 1
2766 ORDER 6052 25 9 6 41 0
2766 ORDER 6053 20 23 3 41 3
2767 ORDER 6054 29 30 20 41 0
2767 ORDER 6055 38 6 12 41 2
2768 ORDER 6056 18 13 1 19 0
2768 ORDER 6057 10 18 3 12 0
2768 BLOCK 41 35
2769 ORDER 6058 9 26 10 41 1
2769 ORDER 6059 47 26 45 40 0
2770 ORDER 6060 9 12 2 15 0
2770 ORDER 6061 49 17 12 41 3
2771 ORDER 6062 32 38 16 41 1
2771 ORDER 6063 16 27 22 41 1
2772 ORDER 6064 22 6 1 11 1
2772 ORDER 6065 11 6 3 31 0
2773 ORDER 6066 27 20 3 7 0
2773 ORDER 6067 31 12 3 38 0
2774 ORDER 6068 50 21 11 41 1
2774 ORDER 6069 28 32 3 26 0
2775 ORDER 6070 37 20 1 22 0
2775 ORDER 6071 23 12 2 24 0
2776 ORDER 6072 20 35 1 34 1
2776 ORDER 6073 9 18 1 30 0
2777 CANCEL 5668
2777 CANCEL 5986
2777 ORDER 6074 47 5 1 41 1
2777 ORDER 6075 37 30 1 38 0
2777 ORDER 6076 16 26 12 41 0
2778 ORDER 6077 35 35 29 40 1
2778 ORDER 6078 8 11 3 35 0
2778 ORDER 6079 19 12 2 21 0
2779 ORDER 6080 14 32 2 3 2
2779 ORDER 6081 21 14 45 41 2
2779 ORDER 6082 10 32 37 41 2
2780 ORDER 6083 40 5 29 41 0
2780 ORDER 6084 28 30 35 41 0
2781 ORDER 6085 18 17 3 10 0
2781 ORDER 6086 39 5 3 21 1
2782 ORDER 6087 30 15 3 39 0
2782 ORDER 6088 25 32 2 6 0
2782 ORDER 6089 23 27 19 41 0
2783 ORDER 6090 19 24 43 40 3
2783 ORDER 6091 30 14 1 26 1
2784 ORDER 6092 28 21 1 32 1
2784 ORDER 6093 31 14 29 40 0
2784 ORDER 6094 46 21 3 30 1
2785 ORDER 6095 36 3 37 41 2
2785 ORDER 6096 12 5 31 40 0
2786 ORDER 6097 21 5 1 20 0
2786 ORDER 6098 22 26 30 40 3
2787 ORDER 6099 22 23 2 16 0
2787 ORDER 6100 40 38 26 40 2
2788 ORDER 6101 36 21 3 33 1
2788 ORDER 6102 45 20 2 2 0
2789 ORDER 6103 49 30 31 40 0
2789 ORDER 6104 31 38 34 40 0
2789 ORDER 6105 11 36 1 31 3
2790 ORDER 6106 37 17 14 41 0
2790 ORDER 6107 41 17 37 41 0
2791 CANCEL 6014
2791 ORDER 6108 24 9 6 40 0
2791 ORDER 6109 46 3 2 15 0
2792 ORDER 6110 23 29 6 40 0
2792 ORDER 6111 44 9 13 40 0
2793 ORDER 6112 13 36 42 41 0
2793 ORDER 6113 48 36 1 41 2
2794 CANCEL 6040
2794 ORDER 6114 50 38 42 41 1
2794 ORDER 6115 23 14 33 41 0
2795 ORDER 6116 39 25 1 18 1
2795 ORDER 6117 31 24 1 29 0
2796 ORDER 6118 27 27 3 10 0
2796 ORDER 6119 48 38 2 3 0
2796 ORDER 6120 36 23 3 13 0
2797 ORDER 6121 44 11 2 10 0
2797 ORDER 6122 47 29 1 24 0
2798 ORDER 6123 18 9 3 1 0
2798 ORDER 6124 15 23 3 22 0
2799 ORDER 6125 49 6 41 40 1
2799 ORDER 6126 48 35 3 41 0
2799 ORDER 6127 28 27 47 41 0
2800 ORDER 6128 24 36 44 40 0
2800 ORDER 6129 49 29 28 41 0
2801 ORDER 6130 19 12 12 40 1
2801 ORDER 6131 44 29 22 41 1
2802 CANCEL 6092
2802 ORDER 6132 14 30 34 40 3
2802 ORDER 6133 50 23 3 3 0
2803 ORDER 6134 39 8 1 31 0
2803 ORDER 6135 32 38 46 41 1
2804 ORDER 6136 26 23 2 8 1
2804 ORDER 6137 11 20 49 40 1
2805 CANCEL 5824
2805 ORDER 6138 10 19 1 36 0
2805 ORDER 6139 7 10 41 40 0
2806 ORDER 6140 28 8 27 40 1
2806 ORDER 6141 39 29 3 27 0
2807 ORDER 6142 16 5 41 40 0
2807 ORDER 6143 40 15 1 41 2
2808 ORDER 6144 29 14 48 40 0
2808 ORDER 6145 50 3 2 36 1
2809 CANCEL 5849
2809 ORDER 6146 50 12 2 31 0
2809 ORDER 6147 17 3 1 10 0
2810 ORDER 6148 46 14 2 7 0
2810 ORDER 6149 39 35 2 27 1
2811 ORDER 6150 40 24 2 12 2
2811 ORDER 6151 38 21 46 40 2
2812 CANCEL 6027
2812 CANCEL 6125
2812 ORDER 6152 19 29 34 41 0
2812 ORDER 6153 20 32 26 40 2
2813 ORDER 6154 43 14 2 38 1
2813 ORDER 6155 27 6 49 41 1
2814 ORDER 6156 48 20 1 17 2
2814 ORDER 6157 22 12 12 40 1
2815 ORDER 6158 49 23 3 30 1
2815 ORDER 6159 10 8 10 41 0
2816 ORDER 6160 40 6 50 40 1
2816 ORDER 6161 49 17 1 35 1
2817 CANCEL 6137
2817 ORDER 6162 8 27 1 23 3
2817 ORDER 6163 10 14 22 41 0
2818 ORDER 6164 25 35 3 33 2
2818 ORDER 6165 9 32 37 40 0
2819 ORDER 6166 7 23 2 18 0
2819 ORDER 6167 27 29 2 21 0
2820 CANCEL 6062
2820 ORDER 6168 39 11 27 41 0
2820 ORDER 6169 28 38 3 6 0
2820 ORDER 6170 6 33 1 8 0
2821 ORDER 6171 15 27 1 37 0
2821 ORDER 6172 26 27 51 40 2
2822 ORDER 6173 41 11 19 41 1
2822 ORDER 6174 9 14 19 40 3
2823 ORDER 6175 50 35 3 9 2
2823 ORDER 6176 18 30 3 9 0
2823 ORDER 6177 37 15 3 21 0
2824 ORDER 6178 10 9 3 9 1
2824 ORDER 6179 29 23 1 40 0
2825 ORDER 6180 42 18 3 15 0
2825 ORDER 6181 47 32 32 41 2
2826 ORDER 6182 36 32 44 41 0
2826 ORDER 6183 6 9 52 41 3
2827 ORDER 6184 49 5 26 41 0
2827 ORDER 6185 35 24 16 41 0
2828 CANCEL 5854
2828 ORDER 6186 38 15 30 41 0
2828 ORDER 6187 43 12 47 41 0
2828 ORDER 6188 32 6 3 4 1
2829 UNBLOCK 41 35
2829 ORDER 6189 12 35 19 40 1
2829 ORDER 6190 17 22 1 8 3
2830 ORDER 6191 23 12 29 41 3
2830 ORDER 6192 29 32 2 23 1
2831 CANCEL 6162
2831 ORDER 6193 42 9 3 21 0
2831 ORDER 6194 28 38 9 40 0
2832 UNBLOCK 17 21
2832 ORDER 6195 45 30 1 22 2
2832 ORDER 6196 41 32 30 40 2
2833 ORDER 6197 40 17 38 41 0
2833 ORDER 6198 50 35 3 12 2
2833 ORDER 6199 13 8 3 4 0
2834 ORDER 6200 20 14 1 39 0
2834 ORDER 6201 11 15 2 17 3
2835 ORDER 6202 51 23 2 34 0
2835 ORDER 6203 48 27 48 40 0
2836 CANCEL 6127
2836 ORDER 6204 39 5 3 25 0
2836 ORDER 6205 17 8 20 41 0
2837 ORDER 6206 14 30 2 19 1
2837 ORDER 6207 40 17 36 41 0
2838 ORDER 6208 42 27 1 38 2
2838 ORDER 6209 28 6 3 23 3
2839 ORDER 6210 27 7 3 26 2
2839 ORDER 6211 30 35 49 40 2
2840 ORDER 6212 11 33 2 20 2
2840 ORDER 6213 40 26 2 40 3
2841 ORDER 6214 28 18 28 40 1
2841 ORDER 6215 20 14 43 41 0
2841 ORDER 6216 8 29 20 41 0
2842 ORDER 6217 16 12 1 11 1
2842 ORDER 6218 11 35 8 40 0
2843 ORDER 6219 30 33 3 13 0
2843 ORDER 6220 10 3 1 10 0
2844 ORDER 6221 12 5 6 40 0
2844 ORDER 6222 35 23 3 14 0
2845 ORDER 6223 47 23 1 36 0
2845 ORDER 6224 23 8 9 40 0
2846 CANCEL 6064
2846 ORDER 6225 23 29 1 30 0
2846 ORDER 6226 24 24 21 40 0
2847 ORDER 6227 49 14 24 40 0
2847 ORDER 6228 36 13 2 34 0
2847 ORDER 6229 8 30 3 7 0
2848 ORDER 6230 44 12 3 32 0
2848 ORDER 6231 31 27 3 4 0
2849 ORDER 6232 18 33 54 41 0
2849 ORDER 6233 39 15 39 40 1
2850 ORDER 6234 15 29 1 20 0
2850 ORDER 6235 33 18 3 31 0
2851 ORDER 6236 23 6 44 40 0
2851 ORDER 6237 22 23 18 40 3
2852 ORDER 6238 21 27 54 41 0
2852 ORDER 6239 47 6 1 39 0
2853 CANCEL 6129
2853 ORDER 6240 6 23 54 41 1
2853 ORDER 6241 47 17 3 40 0
2853 ORDER 6242 40 12 5 41 0
2854 CANCEL 5960
2854 ORDER 6243 8 38 3 13 1
2854 ORDER 6244 32 11 32 41 1
2855 ORDER 6245 48 14 54 41 0
2855 ORDER 6246 23 36 3 24 2
2856 ORDER 6247 32 12 54 40 0
2856 ORDER 6248 42 11 3 9 0
2856 ORDER 6249 31 8 2 6 0
2857 CANCEL 5964
2857 ORDER 6250 22 23 12 40 1
2857 ORDER 6251 19 8 3 24 0
2858 CANCEL 6114
2858 ORDER 6252 50 12 3 22 0
2858 ORDER 6253 41 33 39 41 2
2859 ORDER 6254 12 36 54 41 0
2859 ORDER 6255 48 3 1 33 0
2859 ORDER 6256 25 18 2 21 0
2860 ORDER 6257 7 17 16 40 0
2860 ORDER 6258 29 3 1 33 1
2860 ORDER 6259 19 11 3 14 1
2861 ORDER 6260 45 6 2 37 1
2861 ORDER 6261 40 38 2 16 0
2862 ORDER 6262 10 15 47 40 1
2862 ORDER 6263 20 24 3 10 0
2862 BLOCK 43 32
2863 ORDER 6264 45 15 19 40 0
2863 ORDER 6265 22 9 15 40 0
2863 ORDER 6266 19 5 1 8 0
2864 ORDER 6267 42 32 2 6 0
2864 ORDER 6268 30 11 16 41 0
2865 ORDER 6269 43 38 3 20 0
2865 ORDER 6270 48 27 43 40 0
2866 CANCEL 5925
2866 CANCEL 6199
2866 ORDER 6271 12 12 46 41 0
2866 ORDER 6272 24 5 1 14 1
2867 ORDER 6273 26 30 11 41 0
2867 ORDER 6274 50 11 45 41 0
2868 CANCEL 5862
2868 CANCEL 5990
2868 ORDER 6275 30 14 53 40 0
2868 ORDER 6276 49 27 3 25 0
2869 CANCEL 6144
2869 ORDER 6277 18 27 53 40 2
2869 ORDER 6278 40 3 3 13 3
2870 ORDER 6279 20 12 31 40 1
2870 ORDER 6280 7 32 7 41 2
2871 ORDER 6281 39 33 1 29 0
2871 ORDER 6282 50 21 39 41 0
2872 ORDER 6283 29 12 1 16 0
2872 ORDER 6284 29 27 30 40 0
2873 ORDER 6285 40 36 34 41 0
2873 ORDER 6286 21 8 15 41 2
2874 ORDER 6287 43 18 3 14 1
2874 ORDER 6288 31 17 1 38 0
2875 ORDER 6289 45 8 1 16 1
2875 ORDER 6290 49 29 2 25 0
2875 ORDER 6291 28 26 3 15 0
2876 ORDER 6292 42 9 2 29 2
2876 ORDER 6293 16 3 3 24 0
2877 ORDER 6294 14 33 42 41 0
2877 ORDER 6295 51 9 3 41 2
2878 ORDER 6296 28 27 3 14 1
2878 ORDER 6297 24 8 2 25 0
2879 UNBLOCK 49 12
2879 ORDER 6298 6 17 10 40 0
2879 ORDER 6299 43 38 15 41 0
2880 ORDER 6300 23 8 1 10 1
2880 ORDER 6301 27 26 43 40 0
2881 ORDER 6302 16 14 3 38 0
2881 ORDER 6303 17 6 1 41 1
2882 ORDER 6304 28 6 3 35 0
2882 ORDER 6305 16 6 21 40 1
2883 ORDER 6306 7 29 41 41 0
2883 ORDER 6307 25 23 51 41 0
2884 ORDER 6308 51 30 13 40 3
2884 ORDER 6309 40 29 2 21 0
2885 ORDER 6310 45 8 3 2 0
2885 ORDER 6311 16 24 3 16 1
2886 ORDER 6312 16 8 1 38 1
2886 ORDER 6313 24 20 3 28 2
2887 CANCEL 5891
2887 ORDER 6314 29 30 9 41 0
2887 ORDER 6315 8 11 30 40 0
2888 ORDER 6316 25 3 3 19 0
2888 ORDER 6317 38 21 1 6 0
2888 ORDER 6318 39 29 25 41 0
2889 ORDER 6319 10 8 22 41 0
2889 ORDER 6320 40 5 3 8 1
2889 ORDER 6321 49 5 2 4 2
2890 ORDER 6322 19 24 9 41 0
2890 ORDER 6323 12 12 1 16 0
2890 ORDER 6324 12 30 1 19 1
2891 ORDER 6325 43 24 26 41 0
2891 ORDER 6326 30 14 49 40 0
2892 ORDER 6327 45 6 2 9 0
2892 ORDER 6328 32 33 5 41 2
2893 ORDER 6329 35 26 34 40 1
2893 ORDER 6330 18 24 1 25 0
2894 ORDER 6331 34 36 46 40 1
2894 ORDER 6332 39 24 3 32 1
2895 UNBLOCK 43 32
2895 ORDER 6333 51 9 33 40 1
2895 ORDER 6334 19 38 1 1 1
2896 ORDER 6335 38 35 30 41 0
2896 ORDER 6336 9 11 3 15 0
2897 ORDER 6337 48 6 1 27 0
2897 ORDER 6338 8 17 21 41 0
2898 ORDER 6339 6 27 3 9 1
2898 ORDER 6340 20 21 21 40 0
2899 ORDER 6341 7 3 3 17 1
2899 ORDER 6342 38 18 2 16 3
2900 ORDER 6343 17 17 1 22 0
2900 ORDER 6344 14 15 48 40 0
2901 ORDER 6345 35 30 2 40 0
2901 ORDER 6346 21 27 2 8 0
2901 ORDER 6347 39 15 8 40 0
2902 ORDER 6348 49 9 1 23 0
2902 ORDER 6349 46 23 2 17 1
2902 BLOCK 30 26
2903 CANCEL 6067
2903 CANCEL 6284
2903 ORDER 6350 28 17 1 3 1
2903 ORDER 6351 37 20 3 23 0
2904 CANCEL 6082
2904 ORDER 6352 49 24 3 19 0
2904 ORDER 6353 37 24 24 41 0
2905 ORDER 6354 38 3 46 40 1
2905 ORDER 6355 39 26 36 40 0
2905 ORDER 6356 38 5 40 40 1
2906 ORDER 6357 38 18 3 40 0
2906 ORDER 6358 29 12 33 40 1
2907 ORDER 6359 46 21 21 40 0
2907 ORDER 6360 11 5 2 13 0
2908 CANCEL 6038
2908 ORDER 6361 8 27 1 13 0
2908 ORDER 6362 32 33 46 41 0
2909 CANCEL 6026
2909 ORDER 6363 24 38 34 40 1
2909 ORDER 6364 41 26 15 41 1
2910 ORDER 6365 31 29 43 40 0
2910 ORDER 6366 38 26 22 41 2
2910 BLOCK 16 17
2911 ORDER 6367 10 11 37 40 1
2911 ORDER 6368 16 15 52 41 1
2912 ORDER 6369 24 20 2 17 1
2912 ORDER 6370 48 5 23 40 0
2913 ORDER 6371 22 38 1 11 0
2913 ORDER 6372 16 3 15 40 1
2913 ORDER 6373 47 30 2 22 0
2914 ORDER 6374 28 8 33 41 0
2914 ORDER 6375 42 30 2 26 0
2915 ORDER 6376 7 9 3 37 1
2915 ORDER 6377 47 20 2 20 0
2915 ORDER 6378 28 23 3 34 0
2916 ORDER 6379 47 12 52 41 0
2916 ORDER 6380 11 8 1 37 1
2917 ORDER 6381 50 12 3 16 0
2917 ORDER 6382 22 30 1 35 1
2918 ORDER 6383 49 24 3 28 0
2918 ORDER 6384 46 9 3 3 0
2919 ORDER 6385 13 30 2 11 1
2919 ORDER 6386 22 11 3 2 1
2920 ORDER 6387 13 14 12 41 0
2920 ORDER 6388 9 36 46 40 3
2921 ORDER 6389 48 20 6 40 1
2921 ORDER 6390 40 3 8 40 0
2922 ORDER 6391 40 35 1 22 1
2922 ORDER 6392 36 14 19 40 0
2923 ORDER 6393 41 3 9 40 0
2923 ORDER 6394 47 20 47 40 0
2924 ORDER 6395 42 30 1 3 0
2924 ORDER 6396 21 27 2 28 0
2924 ORDER 6397 32 32 20 40 0
2925 CANCEL 5972
2925 ORDER 6398 48 23 30 40 0
2925 ORDER 6399 29 27 3 38 0
2926 CANCEL 6053
2926 ORDER 6400 29 24 2 29 2
2926 ORDER 6401 6 24 1 34 0
2926 ORDER 6402 9 17 2 17 0
2927 ORDER 6403 51 35 21 41 0
2927 ORDER 6404 27 36 35 41 1
2928 CANCEL 6171
2928 ORDER 6405 40 30 3 9 0
2928 ORDER 6406 43 11 4 40 1
2929 CANCEL 6182
2929 ORDER 6407 19 15 3 16 1
2929 ORDER 6408 46 38 17 41 1
2930 ORDER 6409 12 26 2 17 2
2930 ORDER 6410 16 11 34 41 3
2930 ORDER 6411 37 26 18 40 0
2931 ORDER 6412 17 14 3 40 0
2931 ORDER 6413 32 30 11 41 1
2932 ORDER 6414 6 24 28 40 1
2932 ORDER 6415 47 33 7 40 0
2933 ORDER 6416 40 38 1 4 0
2933 ORDER 6417 37 6 46 40 0
2934 ORDER 6418 7 24 14 40 0
2934 ORDER 6419 51 36 12 41 0
2935 CANCEL 6009
2935 ORDER 6420 35 33 15 41 0
2935 ORDER 6421 40 26 3 11 1
2935 ORDER 6422 39 17 1 14 0
2936 ORDER 6423 40 14 1 41 0
2936 ORDER 6424 23 6 3 13 0
2937 ORDER 6425 21 6 24 40 0
2937 ORDER 6426 43 29 17 41 3
2938 ORDER 6427 10 36 52 40 0
2938 ORDER 6428 27 38 12 40 0
2938 BLOCK 32 9
2939 ORDER 6429 23 36 3 38 3
2939 ORDER 6430 38 36 1 8 0
2939 ORDER 6431 46 12 2 36 1
2940 ORDER 6432 43 11 2 9 3
2940 ORDER 6433 49 29 48 41 1
2940 ORDER 6434 22 33 2 39 0
2941 ORDER 6435 42 15 10 41 0
2941 ORDER 6436 32 36 3 38 0
2942 ORDER 6437 8 15 3 2 0
2942 ORDER 6438 33 27 3 22 0
2943 ORDER 6439 26 11 10 41 0
2943 ORDER 6440 26 3 30 40 1
2944 ORDER 6441 49 8 1 12 0
2944 ORDER 6442 38 36 1 30 3
2945 ORDER 6443 27 5 2 25 1
2945 ORDER 6444 19 29 1 34 0
2946 CANCEL 6398
2946 ORDER 6445 47 18 19 40 1
2946 ORDER 6446 46 20 46 41 2
2947 ORDER 6447 27 32 54 41 0
2947 ORDER 6448 10 15 3 30 0
2947 ORDER 6449 6 24 2 14 0
2948 ORDER 6450 47 36 5 40 0
2948 ORDER 6451 37 36 3 10 0
2949 CANCEL 6109
2949 ORDER 6452 20 23 15 40 0
2949 ORDER 6453 7 29 16 40 1
2950 CANCEL 6337
2950 ORDER 6454 15 17 3 5 1
2950 ORDER 6455 24 38 43 41 1
2951 ORDER 6456 8 32 40 40 0
2951 ORDER 6457 16 11 29 41 0
2952 CANCEL 6270
2952 ORDER 6458 39 27 1 21 3
2952 ORDER 6459 19 17 2 2 3
2953 ORDER 6460 31 38 2 39 0
2953 ORDER 6461 7 24 47 40 0
2954 CANCEL 6110
2954 ORDER 6462 34 38 2 4 2
2954 ORDER 6463 47 5 3 38 1
2955 ORDER 6464 36 32 24 41 0
2955 ORDER 6465 42 26 1 12 0
2956 CANCEL 6456
2956 ORDER 6466 38 21 2 12 3
2956 ORDER 6467 51 35 9 40 0
2957 ORDER 6468 18 12 23 41 0
2957 ORDER 6469 41 32 2 40 1
2957 ORDER 6470 13 14 2 24 2
2958 ORDER 6471 14 30 25 40 2
2958 ORDER 6472 39 13 32 41 0
2959 ORDER 6473 49 17 25 41 0
2959 ORDER 6474 26 11 2 27 0
2959 ORDER 6475 38 33 2 10 0
2960 ORDER 6476 35 6 2 40 1
2960 ORDER 6477 12 36 4 40 0
2961 ORDER 6478 19 15 1 2 1
2961 ORDER 6479 11 38 3 11 1
2962 ORDER 6480 40 8 2 32 0
2962 ORDER 6481 17 21 1 28 1
2962 ORDER 6482 31 38 47 41 0
2963 ORDER 6483 21 5 3 12 0
2963 ORDER 6484 27 8 3 17 0
2964 ORDER 6485 24 3 2 13 0
2964 ORDER 6486 15 5 3 25 1
2965 CANCEL 6409
2965 ORDER 6487 10 38 2 37 0
2965 ORDER 6488 33 9 41 41 0
2966 ORDER 6489 51 30 3 39 2
2966 ORDER 6490 28 38 6 40 0
2967 CANCEL 6377
2967 ORDER 6491 16 6 3 28 2
2967 ORDER 6492 11 38 2 11 0
2968 CANCEL 6486
2968 ORDER 6493 45 9 23 40 2
2968 ORDER 6494 9 24 3 10 0
2969 ORDER 6495 8 12 1 10 0
2969 ORDER 6496 30 5 52 41 1
2969 ORDER 6497 21 12 3 30 1
2970 ORDER 6498 17 15 2 4 0
2970 ORDER 6499 31 12 3 24 1
2971 ORDER 6500 33 18 2 5 3
2971 ORDER 6501 27 30 3 41 0
2972 ORDER 6502 35 6 52 40 3
2972 ORDER 6503 8 6 25 41 1
2973 ORDER 6504 38 14 11 41 0
2973 ORDER 6505 46 20 2 2 1
2974 ORDER 6506 17 33 52 40 2
2974 ORDER 6507 51 32 31 41 0
2974 ORDER 6508 33 9 50 41 0
2975 ORDER 6509 45 18 3 11 1
2975 ORDER 6510 11 29 49 41 0
2976 ORDER 6511 12 32 51 40 1
2976 ORDER 6512 10 6 3 37 1
2976 ORDER 6513 50 38 1 6 0
2977 ORDER 6514 41 21 1 4 1
2977 ORDER 6515 19 23 16 41 3
2977 BLOCK 29 33
2978 ORDER 6516 12 3 34 40 0
2978 ORDER 6517 40 3 1 9 1
2978 ORDER 6518 41 9 26 40 0
2979 ORDER 6519 50 12 3 37 1
2979 ORDER 6520 31 32 1 12 1
2980 ORDER 6521 6 8 2 26 1
2980 ORDER 6522 14 17 1 34 0
2981 ORDER 6523 20 15 3 24 0
2981 ORDER 6524 50 5 3 22 0
2982 ORDER 6525 35 26 20 40 0
2982 ORDER 6526 50 29 2 29 1
2983 CANCEL 6149
2983 ORDER 6527 46 3 48 40 2
2983 ORDER 6528 7 17 1 31 1
2983 BLOCK 15 37
2984 ORDER 6529 42 17 54 40 0
2984 ORDER 6530 46 3 14 41 0
2985 ORDER 6531 28 12 1 21 0
2985 ORDER 6532 9 18 1 24 0
2986 ORDER 6533 37 20 3 20 0
2986 ORDER 6534 44 27 32 40 0
2987 ORDER 6535 48 29 3 6 0
2987 ORDER 6536 16 26 29 40 1
2988 ORDER 6537 49 33 3 17 0
2988 ORDER 6538 8 30 2 3 1
2989 CANCEL 6191
2989 ORDER 6539 27 17 38 40 0
2989 ORDER 6540 40 32 3 22 0
2990 ORDER 6541 41 21 3 2 0
2990 ORDER 6542 11 38 1 28 0
2991 ORDER 6543 8 9 1 36 0
2991 ORDER 6544 49 8 2 27 0
2992 ORDER 6545 33 29 1 11 0
2992 ORDER 6546 28 24 2 31 3
2993 UNBLOCK 16 17
2993 ORDER 6547 30 27 2 30 1
2993 ORDER 6548 18 21 1 16 0
2994 ORDER 6549 18 15 29 41 2
2994 ORDER 6550 39 9 3 5 0
2995 ORDER 6551 6 26 1 36 0
2995 ORDER 6552 22 8 1 40 3
2996 CANCEL 6332
2996 ORDER 6553 10 6 23 40 0
2996 ORDER 6554 6 17 3 8 1
2997 ORDER 6555 48 17 36 40 0
2997 ORDER 6556 45 3 30 40 1
2997 ORDER 6557 41 24 53 41 1
2998 ORDER 6558 18 33 3 10 3
2998 ORDER 6559 15 23 21 41 2
2999 CANCEL 6541
2999 ORDER 6560 29 26 2 25 0
2999 ORDER 6561 39 8 54 41 0
3000 ORDER 6562 21 27 3 10 2
3000 ORDER 6563 48 20 1 31 0
3001 ORDER 6564 41 11 3 18 0
3001 ORDER 6565 24 12 28 40 2
3002 ORDER 6566 28 27 28 40 0
3002 ORDER 6567 37 27 5 40 0
3002 BLOCK 6 33
3003 ORDER 6568 14 32 2 26 0
3003 ORDER 6569 26 30 41 40 0
3004 ORDER 6570 31 33 2 36 0
3004 ORDER 6571 37 12 1 10 0
3005 ORDER 6572 9 38 2 10 0
3005 ORDER 6573 6 23 1 21 1
3005 ORDER 6574 29 30 3 14 1
3006 ORDER 6575 44 20 6 40 0
3006 ORDER 6576 9 38 25 41 1
3006 ORDER 6577 17 8 31 41 0
3007 ORDER 6578 16 6 13 40 0
3007 ORDER 6579 31 5 18 41 0
3008 ORDER 6580 28 26 2 5 0
3008 ORDER 6581 14 30 2 19 3
3008 ORDER 6582 49 38 1 27 0
3008 BLOCK 46 12
3009 ORDER 6583 38 23 47 41 0
3009 ORDER 6584 35 21 3 36 0
3010 ORDER 6585 39 15 3 15 0
3010 ORDER 6586 28 32 11 41 1
3011 CANCEL 6347
3011 ORDER 6587 43 11 9 40 1
3011 ORDER 6588 43 36 3 24 0
3012 CANCEL 6157
3012 ORDER 6589 30 6 6 40 2
3012 ORDER 6590 8 29 3 5 3
3013 ORDER 6591 37 33 3 13 0
3013 ORDER 6592 39 24 2 41 0
3013 ORDER 6593 47 29 7 41 0
3014 CANCEL 6240
3014 ORDER 6594 18 5 1 9 0
3014 ORDER 6595 32 26 27 40 0
3015 ORDER 6596 7 5 8 41 2
3015 ORDER 6597 26 33 18 40 2
3016 CANCEL 6255
3016 ORDER 6598 42 32 2 6 0
3016 ORDER 6599 48 5 26 41 1
3017 CANCEL 6587
3017 ORDER 6600 22 36 1 25 1
3017 ORDER 6601 35 11 1 24 2
3018 CANCEL 6596
3018 ORDER 6602 38 36 52 41 0
3018 ORDER 6603 39 32 2 3 2
3019 ORDER 6604 8 30 23 40 0
3019 ORDER 6605 19 36 12 40 0
3020 ORDER 6606 6 17 2 25 0
3020 ORDER 6607 34 20 1 7 0
3021 ORDER 6608 6 11 41 40 0
3021 ORDER 6609 42 36 2 41 0
3022 ORDER 6610 49 20 2 2 0
3022 ORDER 6611 47 14 2 13 0
3023 ORDER 6612 31 30 22 41 0
3023 ORDER 6613 43 36 2 32 0
3023 ORDER 6614 28 6 3 23 3
3024 ORDER 6615 31 24 3 13 0
3024 ORDER 6616 20 32 26 40 0
3025 UNBLOCK 29 33
3025 ORDER 6617 28 3 2 13 0
3025 ORDER 6618 12 36 3 16 0
3026 ORDER 6619 9 32 3 27 0
3026 ORDER 6620 44 23 27 41 0
3027 UNBLOCK 30 26
3027 ORDER 6621 12 38 40 40 3
3027 ORDER 6622 28 33 42 40 0
3028 ORDER 6623 32 29 7 40 1
3028 ORDER 6624 42 30 3 22 0
3028 ORDER 6625 9 24 39 41 1
3029 ORDER 6626 25 33 2 29 2
3029 ORDER 6627 8 27 1 29 0
3030 ORDER 6628 22 26 1 38 0
3030 ORDER 6629 49 32 41 40 2
3031 ORDER 6630 49 8 29 40 1
3031 ORDER 6631 47 38 37 41 0
3032 CANCEL 6273
3032 CANCEL 6493
3032 ORDER 6632 20 6 44 40 0
3032 ORDER 6633 47 26 5 41 0
3033 ORDER 6634 18 5 23 41 1
3033 ORDER 6635 17 38 12 40 0
3034 ORDER 6636 39 36 16 41 0
3034 ORDER 6637 49 18 7 41 2
3034 ORDER 6638 30 36 45 40 1
3035 ORDER 6639 16 26 3 4 0
3035 ORDER 6640 19 11 22 41 1
3036 CANCEL 6236
3036 ORDER 6641 21 15 12 41 2
3036 ORDER 6642 24 9 1 38 0
3037 ORDER 6643 30 20 1 24 1
3037 ORDER 6644 22 12 3 1 0
3038 ORDER 6645 25 33 32 40 0
3038 ORDER 6646 30 27 17 40 3
3039 ORDER 6647 37 29 13 40 0
3039 ORDER 6648 28 30 1 2 0
3040 ORDER 6649 39 29 3 11 1
3040 ORDER 6650 24 36 2 3 0
3041 ORDER 6651 28 27 37 40 0
3041 ORDER 6652 18 5 34 41 1
3041 BLOCK 7 11
3042 ORDER 6653 29 15 9 41 0
3042 ORDER 6654 23 26 33 41 0
3042 ORDER 6655 46 33 28 40 1
3043 CANCEL 6269
3043 ORDER 6656 17 23 18 40 0
3043 ORDER 6657 19 35 31 40 0
3044 ORDER 6658 6 30 2 38 0
3044 ORDER 6659 35 3 1 31 3
3045 ORDER 6660 40 24 35 41 2
3045 ORDER 6661 9 23 54 41 2
3046 CANCEL 6471
3046 ORDER 6662 27 29 25 41 3
3046 ORDER 6663 41 18 35 41 2
3047 ORDER 6664 11 21 1 34 1
3047 ORDER 6665 11 5 37 40 1
3048 CANCEL 6239
3048 UNBLOCK 6 33
3048 ORDER 6666 13 14 2 19 0
3048 ORDER 6667 24 3 2 5 0
3049 CANCEL 6557
3049 ORDER 6668 47 29 1 30 0
3049 ORDER 6669 20 23 1 18 1
3050 CANCEL 6402
3050 ORDER 6670 19 14 3 7 1
3050 ORDER 6671 28 24 3 33 0
3051 ORDER 6672 17 5 1 29 0
3051 ORDER 6673 47 26 2 3 0
3052 CANCEL 6507
3052 ORDER 6674 9 20 3 26 0
3052 ORDER 6675 46 30 1 13 0
3052 ORDER 6676 19 29 3 41 0
3053 ORDER 6677 26 9 1 29 0
3053 ORDER 6678 16 14 28 40 1
3054 ORDER 6679 38 5 3 20 1
3054 ORDER 6680 10 15 2 14 2
3055 CANCEL 6316
3055 ORDER 6681 18 26 30 40 1
3055 ORDER 6682 17 29 1 31 0
3056 UNBLOCK 32 9
3056 ORDER 6683 44 29 48 41 1
3056 ORDER 6684 42 18 1 11 0
3056 ORDER 6685 8 3 2 28 0
3057 ORDER 6686 49 32 1 19 3
3057 ORDER 6687 24 5 2 21 0
3058 ORDER 6688 41 30 29 40 0
3058 ORDER 6689 17 12 2 41 0
3059 ORDER 6690 28 38 50 40 0
3059 ORDER 6691 26 21 19 40 0
3059 BLOCK 23 22
3060 CANCEL 6318
3060 UNBLOCK 46 12
3060 ORDER 6692 22 38 2 13 0
3060 ORDER 6693 48 32 2 3 1
3060 ORDER 6694 11 17 2 23 2
3061 ORDER 6695 9 3 3 29 0
3061 ORDER 6696 32 30 1 14 0
3061 ORDER 6697 17 29 34 40 0
3062 ORDER 6698 23 8 1 20 0
3062 ORDER 6699 12 35 1 6 0
3063 CANCEL 6492
3063 CANCEL 6550
3063 ORDER 6700 36 6 15 41 1
3063 ORDER 6701 34 5 3 33 1
3063 ORDER 6702 9 30 2 29 1
3064 ORDER 6703 8 18 34 40 1
3064 ORDER 6704 20 24 38 40 0
3065 ORDER 6705 43 8 1 8 0
3065 ORDER 6706 37 18 45 40 1
3065 ORDER 6707 19 11 27 41 1
3066 ORDER 6708 8 21 1 23 2
3066 ORDER 6709 38 33 1 9 1
3067 ORDER 6710 9 15 1 24 0
3067 ORDER 6711 35 32 1 34 0
3068 ORDER 6712 16 6 16 41 0
3068 ORDER 6713 11 14 31 40 0
3068 ORDER 6714 48 30 3 5 1
3069 ORDER 6715 19 20 2 2 0
3069 ORDER 6716 22 6 2 19 3
3070 ORDER 6717 24 12 3 30 0
3070 ORDER 6718 9 6 1 28 0
3071 ORDER 6719 10 18 3 7 0
3071 ORDER 6720 15 20 1 34 0
3072 ORDER 6721 8 18 31 41 2
3072 ORDER 6722 34 3 54 40 0
3073 ORDER 6723 11 30 3 22 1
3073 ORDER 6724 50 35 1 20 1
3074 ORDER 6725 47 15 3 7 0
3074 ORDER 6726 43 9 4 41 1
3075 ORDER 6727 49 36 2 31 1
3075 ORDER 6728 24 15 2 3 1
3076 ORDER 6729 47 12 30 40 2
3076 ORDER 6730 11 30 31 40 2
3077 ORDER 6731 28 36 2 27 0
3077 ORDER 6732 48 8 2 35 3
3078 ORDER 6733 48 8 1 28 0
3078 ORDER 6734 43 14 48 40 0
3078 BLOCK 50 14
3079 ORDER 6735 8 26 24 40 0
3079 ORDER 6736 43 35 32 40 1
3080 UNBLOCK 15 37
3080 ORDER 6737 34 38 1 13 0
3080 ORDER 6738 23 27 37 40 0
3081 ORDER 6739 16 15 41 40 2
3081 ORDER 6740 28 14 52 40 0
3082 CANCEL 6615
3082 ORDER 6741 17 29 3 9 0
3082 ORDER 6742 21 32 6 40 0
3082 ORDER 6743 48 36 1 9 1
3083 ORDER 6744 31 8 31 40 0
3083 ORDER 6745 8 30 1 7 0
3084 ORDER 6746 47 30 3 12 0
3084 ORDER 6747 26 32 24 40 2
3084 ORDER 6748 17 30 3 12 1
3085 ORDER 6749 32 15 1 15 0
3085 ORDER 6750 49 12 3 19 0
3086 ORDER 6751 48 20 3 19 3
3086 ORDER 6752 20 8 45 41 0
3087 CANCEL 6683
3087 ORDER 6753 24 4 34 41 0
3087 ORDER 6754 6 21 44 41 0
3087 ORDER 6755 41 36 3 15 0
3088 ORDER 6756 34 36 29 41 0
3088 ORDER 6757 30 17 3 21 0
3089 ORDER 6758 12 6 24 40 0
3089 ORDER 6759 17 18 35 41 3
3090 UNBLOCK 7 11
3090 ORDER 6760 28 7 3 14 0
3090 ORDER 6761 7 14 2 10 0
3091 ORDER 6762 32 38 1 18 0
3091 ORDER 6763 47 38 1 10 0
3092 ORDER 6764 46 24 2 37 0
3092 ORDER 6765 22 8 2 37 0
3093 ORDER 6766 43 36 2 39 0
3093 ORDER 6767 17 11 1 15 0
3093 BLOCK 48 24
3094 ORDER 6768 31 26 3 31 0
3094 ORDER 6769 25 23 35 41 0
3094 ORDER 6770 26 27 1 2 0
3095 CANCEL 6635
3095 ORDER 6771 14 30 3 32 0
3095 ORDER 6772 10 12 22 41 0
3096 ORDER 6773 21 29 2 7 0
3096 ORDER 6774 32 38 18 40 1
3097 CANCEL 6408
3097 ORDER 6775 36 35 7 40 1
3097 ORDER 6776 15 23 1 37 0
3098 CANCEL 6473
3098 ORDER 6777 27 29 2 23 0
3098 ORDER 6778 51 23 41 41 0
3099 UNBLOCK 23 22
3099 ORDER 6779 24 14 54 40 0
3099 ORDER 6780 11 14 46 40 0
3099 ORDER 6781 40 21 2 15 1
3100 ORDER 6782 6 12 30 41 0
3100 ORDER 6783 45 17 2 1 0
3100 ORDER 6784 46 8 21 40 0
3101 CANCEL 6422
3101 ORDER 6785 38 36 34 40 0
3101 ORDER 6786 46 3 3 29 1
3102 ORDER 6787 22 36 1 13 2
3102 ORDER 6788 26 23 46 41 1
3103 ORDER 6789 39 29 3 18 0
3103 ORDER 6790 36 23 26 40 0
3104 ORDER 6791 10 27 1 1 0
3104 ORDER 6792 51 26 46 41 0
3104 ORDER 6793 18 20 5 41 1
3105 CANCEL 6603
3105 ORDER 6794 8 9 40 41 2
3105 ORDER 6795 25 11 1 10 3
3106 ORDER 6796 36 3 34 40 0
3106 ORDER 6797 28 21 2 36 0
3107 ORDER 6798 30 6 2 27 0
3107 ORDER 6799 42 9 3 39 0
3108 ORDER 6800 23 9 50 41 1
3108 ORDER 6801 17 21 22 40 0
3109 CANCEL 6582
3109 ORDER 6802 46 30 1 11 1
3109 ORDER 6803 17 26 3 38 0
3110 ORDER 6804 44 8 7 41 0
3110 ORDER 6805 6 21 48 41 1
3111 ORDER 6806 40 21 27 40 0
3111 ORDER 6807 29 14 2 17 0
3111 ORDER 6808 23 29 31 40 1
3112 ORDER 6809 16 6 53 40 2
3112 ORDER 6810 46 21 2 40 0
3113 ORDER 6811 6 14 1 18 2
3113 ORDER 6812 46 33 3 39 0
3114 ORDER 6813 19 15 47 41 0
3114 ORDER 6814 32 17 1 13 0
3115 ORDER 6815 46 9 3 22 1
3115 ORDER 6816 36 33 4 41 3
3116 ORDER 6817 37 24 53 40 0
3116 ORDER 6818 48 30 2 16 0
3117 ORDER 6819 21 21 2 1 0
3117 ORDER 6820 41 23 2 25 0
3118 ORDER 6821 24 17 1 15 0
3118 ORDER 6822 25 11 54 40 0
3119 ORDER 6823 35 6 18 41 0
3119 ORDER 6824 41 9 44 41 0
3120 ORDER 6825 13 24 19 40 0
3120 ORDER 6826 38 33 3 18 1
3121 ORDER 6827 39 38 28 40 0
3121 ORDER 6828 32 15 1 29 1
3121 ORDER 6829 32 15 43 41 0
3122 CANCEL 6710
3122 CANCEL 6752
3122 CANCEL 6781
3122 ORDER 6830 47 21 3 29 0
3122 ORDER 6831 31 35 2 38 0
3123 UNBLOCK 48 24
3123 ORDER 6832 11 23 19 40 3
3123 ORDER 6833 45 10 3 25 0
3124 CANCEL 6526
3124 ORDER 6834 35 21 18 41 0
3124 ORDER 6835 33 27 2 37 0
3125 ORDER 6836 27 6 2 18 0
3125 ORDER 6837 46 20 53 41 0
3126 ORDER 6838 20 32 3 19 1
3126 ORDER 6839 9 32 9 40 1
3127 ORDER 6840 48 32 31 40 1
3127 ORDER 6841 14 32 51 40 0
3128 ORDER 6842 7 35 2 26 1
3128 ORDER 6843 25 33 34 41 1
3129 ORDER 6844 11 8 8 41 1
3129 ORDER 6845 9 15 48 41 0
3129 ORDER 6846 36 20 3 34 0
3130 ORDER 6847 7 14 8 41 1
3130 ORDER 6848 32 11 43 40 0
3131 ORDER 6849 45 14 2 39 1
3131 ORDER 6850 32 15 42 41 2
3132 ORDER 6851 35 35 33 40 0
3132 ORDER 6852 39 8 39 40 0
3133 ORDER 6853 32 8 2 7 0
3133 ORDER 6854 6 27 7 41 0
3134 CANCEL 6472
3134 ORDER 6855 18 36 8 40 0
3134 ORDER 6856 17 26 5 41 1
3135 ORDER 6857 40 23 2 38 3
3135 ORDER 6858 49 32 11 40 0
3136 CANCEL 6804
3136 ORDER 6859 11 33 9 41 0
3136 ORDER 6860 42 33 4 40 0
3137 ORDER 6861 28 30 3 21 0
3137 ORDER 6862 33 11 3 23 0
3138 UNBLOCK 50 14
3138 ORDER 6863 9 32 1 11 0
3138 ORDER 6864 41 5 3 38 1
3138 ORDER 6865 46 35 51 41 2
3139 ORDER 6866 38 26 48 41 3
3139 ORDER 6867 21 29 18 41 0
3140 ORDER 6868 17 12 2 8 0
3140 ORDER 6869 50 8 3 16 0
3141 CANCEL 6809
3141 ORDER 6870 41 9 2 1 3
3141 ORDER 6871 13 35 51 41 1
3142 ORDER 6872 38 34 1 24 0
3142 ORDER 6873 26 35 3 37 0
3143 ORDER 6874 27 26 1 31 3
3143 ORDER 6875 6 29 11 40 1
3144 ORDER 6876 42 36 1 27 0
3144 ORDER 6877 41 38 1 15 0
3145 ORDER 6878 23 26 28 41 0
3145 ORDER 6879 27 11 28 41 3
3146 ORDER 6880 34 5 2 24 1
3146 ORDER 6881 26 35 3 31 0
3147 ORDER 6882 12 18 2 18 0
3147 ORDER 6883 22 9 3 10 0
3148 ORDER 6884 17 23 1 12 1
3148 ORDER 6885 51 29 47 40 0
3149 ORDER 6886 18 17 3 3 0
3149 ORDER 6887 41 11 2 8 3
3149 ORDER 6888 22 8 3 8 0
3150 ORDER 6889 29 26 3 33 0
3150 ORDER 6890 37 24 3 28 0
3151 ORDER 6891 28 21 1 4 2
3151 ORDER 6892 6 32 2 34 0
3152 ORDER 6893 41 30 13 40 3
3152 ORDER 6894 8 21 14 40 0
3153 ORDER 6895 13 32 40 41 1
3153 ORDER 6896 41 21 2 35 0
3154 ORDER 6897 12 24 2 36 0
3154 ORDER 6898 30 27 1 24 0
3155 ORDER 6899 47 35 27 41 2
3155 ORDER 6900 45 8 23 40 0
3156 ORDER 6901 11 18 2 31 0
3156 ORDER 6902 29 15 2 32 3
3157 CANCEL 6649
3157 CANCEL 6824
3157 ORDER 6903 12 27 8 41 1
3157 ORDER 6904 10 20 40 40 2
3157 ORDER 6905 8 17 2 19 0
3158 ORDER 6906 34 9 1 27 2
3158 ORDER 6907 47 38 46 41 2
3159 ORDER 6908 32 26 1 3 2
3159 ORDER 6909 38 29 1 31 0
3159 ORDER 6910 13 33 2 29 1
3160 CANCEL 6748
3160 ORDER 6911 18 23 17 41 0
3160 ORDER 6912 36 12 24 40 1
3161 ORDER 6913 29 15 2 28 0
3161 ORDER 6914 19 26 42 41 1
3162 CANCEL 6568
3162 ORDER 6915 50 29 1 3 0
3162 ORDER 6916 49 8 36 41 0
3163 ORDER 6917 21 15 20 40 0
3163 ORDER 6918 47 24 29 40 0
3164 ORDER 6919 31 38 1 8 1
3164 ORDER 6920 19 12 1 6 0
3164 ORDER 6921 35 21 2 16 2
3165 ORDER 6922 41 11 2 29 0
3165 ORDER 6923 13 32 1 12 0
3166 ORDER 6924 40 21 1 19 1
3166 ORDER 6925 10 17 51 40 0
3166 BLOCK 23 2
3167 ORDER 6926 20 23 3 3 1
3167 ORDER 6927 28 8 1 1 0
3168 ORDER 6928 7 20 16 41 1
3168 ORDER 6929 8 15 7 41 0
3169 ORDER 6930 16 12 2 2 0
3169 ORDER 6931 8 23 1 41 0
3170 CANCEL 6520
3170 CANCEL 6657
3170 ORDER 6932 50 38 3 35 0
3170 ORDER 6933 7 33 3 17 2
3170 ORDER 6934 19 30 4 40 2
3171 ORDER 6935 43 12 2 10 0
3171 ORDER 6936 45 11 3 37 0
3172 ORDER 6937 31 9 2 11 0
3172 ORDER 6938 13 36 3 14 0
3173 ORDER 6939 46 18 2 17 1
3173 ORDER 6940 11 17 26 41 1
3174 ORDER 6941 28 29 39 40 1
3174 ORDER 6942 45 6 43 40 1
3175 ORDER 6943 48 26 1 10 0
3175 ORDER 6944 11 24 12 40 0
3176 CANCEL 6565
3176 CANCEL 6801
3176 ORDER 6945 24 11 11 40 0
3176 ORDER 6946 37 5 26 41 2
3177 CANCEL 6705
3177 ORDER 6947 26 9 11 41 0
3177 ORDER 6948 49 8 4 41 0
3178 CANCEL 6817
3178 ORDER 6949 18 20 14 41 0
3178 ORDER 6950 46 9 3 2 0
3179 ORDER 6951 46 11 18 41 0
3179 ORDER 6952 19 9 3 31 1
3180 ORDER 6953 48 27 7 41 2
3180 ORDER 6954 27 37 1 9 3
3180 ORDER 6955 35 9 1 20 0
3181 ORDER 6956 32 33 3 32 0
3181 ORDER 6957 35 26 3 39 0
3181 BLOCK 17 17
3182 ORDER 6958 29 35 39 40 0
3182 ORDER 6959 29 8 42 41 0
3183 ORDER 6960 19 17 53 41 2
3183 ORDER 6961 26 20 3 27 0
3184 ORDER 6962 27 36 2 21 3
3184 ORDER 6963 27 14 3 31 0
3185 ORDER 6964 19 12 1 6 0
3185 ORDER 6965 46 21 1 35 0
3186 ORDER 6966 10 3 2 27 0
3186 ORDER 6967 49 17 2 12 1
3187 ORDER 6968 35 17 32 41 0
3187 ORDER 6969 10 8 2 8 2
3188 ORDER 6970 15 18 39 41 0
3188 ORDER 6971 21 23 1 21 1
3189 ORDER 6972 38 30 2 26 0
3189 ORDER 6973 38 29 2 41 0
3190 ORDER 6974 50 35 2 2 2
3190 ORDER 6975 32 24 1 9 2
3191 ORDER 6976 20 18 49 40 0
3191 ORDER 6977 35 15 3 16 1
3192 ORDER 6978 12 23 1 13 0
3192 ORDER 6979 30 18 3 37 3
3193 ORDER 6980 40 9 2 2 0
3193 ORDER 6981 18 5 1 31 1
3194 ORDER 6982 36 20 3 37 1
3194 ORDER 6983 17 35 1 23 1
3195 CANCEL 6574
3195 ORDER 6984 26 20 1 27 1
3195 ORDER 6985 51 29 44 41 1
3196 ORDER 6986 6 26 2 25 1
3196 ORDER 6987 45 6 2 38 3
3197 ORDER 6988 20 20 2 10 0
3197 ORDER 6989 49 8 2 29 0
3198 ORDER 6990 25 35 3 18 0
3198 ORDER 6991 23 29 54 40 2
3199 ORDER 6992 37 26 2 17 1
3199 ORDER 6993 38 14 1 6 2
3200 ORDER 6994 8 6 51 40 1
3200 ORDER 6995 18 33 1 40 0
3201 ORDER 6996 8 20 4 40 0
3201 ORDER 6997 19 11 2 39 0
3201 ORDER 6998 23 26 3 29 0
3202 ORDER 6999 50 26 51 41 0
3202 ORDER 7000 16 20 43 40 0
3203 ORDER 7001 21 12 2 6 0
3203 ORDER 7002 46 20 2 2 1
3203 ORDER 7003 30 18 10 40 0
3204 ORDER 7004 11 20 16 41 0
3204 ORDER 7005 17 38 3 5 3
3205 ORDER 7006 29 5 43 41 2
3205 ORDER 7007 7 38 2 37 0
3205 ORDER 7008 46 6 1 1 0
3206 ORDER 7009 29 8 3 14 0
3206 ORDER 7010 37 21 11 40 1
3207 ORDER 7011 16 17 43 40 1
3207 ORDER 7012 8 27 46 40 0
3207 ORDER 7013 40 21 2 35 0
3208 ORDER 7014 6 24 35 41 1
3208 ORDER 7015 41 17 1 8 0
3209 ORDER 7016 9 14 3 39 0
3209 ORDER 7017 15 17 1 28 0
3210 ORDER 7018 29 3 37 41 0
3210 ORDER 7019 45 32 5 41 2
3211 ORDER 7020 43 33 1 31 0
3211 ORDER 7021 35 17 2 32 0
3212 CANCEL 6878
3212 CANCEL 6976
3212 ORDER 7022 32 12 2 27 1
3212 ORDER 7023 16 12 10 40 0
3212 ORDER 7024 41 5 27 41 1
3213 ORDER 7025 24 20 29 41 0
3213 ORDER 7026 20 32 1 27 1
3214 ORDER 7027 27 35 2 5 0
3214 ORDER 7028 29 27 1 34 1
3214 ORDER 7029 6 33 3 5 2
3215 ORDER 7030 26 17 3 40 3
3215 ORDER 7031 28 23 3 23 0
3216 ORDER 7032 44 12 2 21 0
3216 ORDER 7033 9 24 3 17 1
3217 ORDER 7034 29 38 1 5 1
3217 ORDER 7035 21 26 51 40 1
3218 ORDER 7036 9 9 39 41 1
3218 ORDER 7037 20 18 30 40 1
3218 ORDER 7038 47 18 30 40 2
3219 ORDER 7039 50 33 2 32 2
3219 ORDER 7040 49 9 3 32 1
3220 ORDER 7041 11 27 41 40 0
3220 ORDER 7042 17 5 1 41 0
3221 ORDER 7043 46 14 13 40 1
3221 ORDER 7044 6 29 3 35 0
3222 ORDER 7045 17 5 31 41 0
3222 ORDER 7046 31 38 3 22 0
3223 ORDER 7047 17 24 1 34 2
3223 ORDER 7048 49 38 1 12 3
3224 ORDER 7049 7 38 53 40 0
3224 ORDER 7050 43 26 32 40 0
3225 ORDER 7051 26 15 2 28 0
3225 ORDER 7052 24 17 1 8 1
3226 ORDER 7053 49 18 2 24 0
3226 ORDER 7054 27 14 2 20 0
3227 ORDER 7055 39 9 2 17 1
3227 ORDER 7056 30 15 29 41 0
3227 ORDER 7057 11 23 1 15 0
3228 ORDER 7058 25 5 1 35 0
3228 ORDER 7059 19 32 30 40 0
3229 CANCEL 6723
3229 ORDER 7060 7 3 32 40 0
3229 ORDER 7061 49 38 2 18 1
3229 ORDER 7062 29 3 1 5 0
3230 ORDER 7063 17 22 12 41 0
3230 ORDER 7064 17 6 3 14 0
3231 CANCEL 6686
3231 ORDER 7065 15 21 15 40 0
3231 ORDER 7066 8 12 23 41 0
3232 ORDER 7067 21 27 3 41 0
3232 ORDER 7068 7 20 2 2 1
3233 ORDER 7069 26 18 2 6 0
3233 ORDER 7070 34 38 36 41 0
3234 ORDER 7071 37 3 1 25 0
3234 ORDER 7072 44 5 50 40 0
3234 ORDER 7073 18 20 22 41 0
3235 ORDER 7074 41 17 3 24 0
3235 ORDER 7075 11 32 2 21 1
3236 CANCEL 6898
3236 ORDER 7076 8 33 11 40 2
3236 ORDER 7077 43 12 1 34 0
3237 ORDER 7078 26 30 10 40 2
3237 ORDER 7079 20 6 2 29 0
3238 ORDER 7080 7 36 15 41 0
3238 ORDER 7081 45 9 1 16 0
3238 ORDER 7082 20 21 20 40 0
3239 CANCEL 6727
3239 CANCEL 6790
3239 CANCEL 6881
3239 ORDER 7083 46 15 47 40 0
3239 ORDER 7084 33 11 3 15 1
3240 ORDER 7085 50 36 19 40 1
3240 ORDER 7086 40 32 3 18 1
3241 ORDER 7087 16 9 51 41 0
3241 ORDER 7088 9 9 33 41 0
3242 CANCEL 7034
3242 ORDER 7089 6 6 2 15 0
3242 ORDER 7090 16 20 2 26 0
3243 ORDER 7091 43 6 42 40 1
3243 ORDER 7092 18 3 1 29 0
3243 ORDER 7093 49 24 3 9 0
3244 CANCEL 6830
3244 ORDER 7094 26 29 3 37 0
3244 ORDER 7095 51 36 3 34 0
3245 ORDER 7096 48 35 2 41 2
3245 ORDER 7097 35 5 26 40 2
3246 ORDER 7098 31 38 54 40 1
3246 ORDER 7099 6 27 3 7 0
3246 ORDER 7100 48 35 1 38 2
3247 ORDER 7101 38 27 3 8 0
3247 ORDER 7102 8 29 1 32 1
3247 ORDER 7103 21 35 2 21 0
3248 ORDER 7104 8 30 3 31 1
3248 ORDER 7105 50 33 32 41 2
3249 CANCEL 6945
3249 ORDER 7106 27 5 2 36 0
3249 ORDER 7107 37 21 15 41 0
3250 ORDER 7108 49 9 2 22 0
3250 ORDER 7109 14 9 3 3 0
3251 ORDER 7110 29 8 24 41 1
3251 ORDER 7111 49 12 1 4 0
3252 ORDER 7112 8 21 1 20 0
3252 ORDER 7113 30 29 1 20 0
3253 ORDER 7114 21 33 42 41 3
3253 ORDER 7115 50 29 3 21 0
3254 ORDER 7116 31 5 3 18 2
3254 ORDER 7117 21 27 3 34 0
3255 CANCEL 6999
3255 ORDER 7118 27 27 2 29 0
3255 ORDER 7119 12 33 1 4 0
3256 ORDER 7120 21 36 20 41 0
3256 ORDER 7121 11 17 2 14 1
3257 ORDER 7122 39 14 3 38 0
3257 ORDER 7123 12 28 10 41 0
3258 ORDER 7124 28 20 1 37 3
3258 ORDER 7125 47 3 3 26 0
3259 CANCEL 7047
3259 ORDER 7126 12 32 27 40 0
3259 ORDER 7127 14 17 13 41 0
3259 ORDER 7128 12 32 21 40 0
3260 CANCEL 6906
3260 ORDER 7129 8 38 12 40 0
3260 ORDER 7130 29 35 41 41 0
3260 ORDER 7131 49 36 3 17 2
3261 ORDER 7132 21 17 11 41 0
3261 ORDER 7133 30 30 35 41 0
3261 ORDER 7134 39 14 2 12 0
3262 ORDER 7135 25 3 1 1 0
3262 ORDER 7136 16 3 1 16 1
3263 CANCEL 7050
3263 ORDER 7137 19 15 44 41 1
3263 ORDER 7138 7 27 33 40 0
3264 ORDER 7139 43 24 16 41 0
3264 ORDER 7140 14 38 2 36 1
3265 ORDER 7141 11 30 3 19 1
3265 ORDER 7142 33 11 15 40 3
3266 ORDER 7143 25 23 32 41 0
3266 ORDER 7144 39 38 2 36 0
3267 ORDER 7145 36 12 3 16 0
3267 ORDER 7146 38 6 2 28 0
3268 CANCEL 7135
3268 ORDER 7147 46 23 3 7 0
3268 ORDER 7148 50 36 3 19 1
3269 ORDER 7149 37 27 18 41 0
3269 ORDER 7150 41 38 54 40 1
3269 ORDER 7151 30 27 10 41 1
3270 CANCEL 7112
3270 ORDER 7152 41 15 33 40 0
3270 ORDER 7153 16 9 11 41 0
3270 ORDER 7154 10 14 47 40 0
3271 ORDER 7155 37 36 51 41 0
3271 ORDER 7156 17 23 3 34 1
3272 ORDER 7157 25 32 2 5 0
3272 ORDER 7158 26 11 30 41 0
3273 ORDER 7159 10 5 37 41 0
3273 ORDER 7160 12 18 1 9 1
3274 ORDER 7161 27 23 38 40 1
3274 ORDER 7162 31 8 34 40 0
3275 ORDER 7163 49 27 20 40 0
3275 ORDER 7164 36 35 1 17 0
3276 ORDER 7165 10 12 3 27 0
3276 ORDER 7166 9 29 18 40 1
3277 ORDER 7167 17 21 3 41 3
3277 ORDER 7168 23 12 2 14 1
3278 ORDER 7169 9 5 3 9 1
3278 ORDER 7170 16 9 1 14 1
3279 UNBLOCK 23 2
3279 ORDER 7171 35 9 1 17 0
3279 ORDER 7172 17 36 49 41 0
3280 ORDER 7173 50 36 2 36 0
3280 ORDER 7174 27 36 1 12 0
3281 ORDER 7175 16 21 33 40 1
3281 ORDER 7176 8 15 1 11 3
3282 CANCEL 6870
3282 CANCEL 6886
3282 ORDER 7177 28 32 2 31 1
3282 ORDER 7178 28 26 32 41 1
3283 ORDER 7179 51 23 1 6 0
3283 ORDER 7180 31 32 10 40 2
3284 CANCEL 6836
3284 CANCEL 6922
3284 ORDER 7181 38 36 3 7 2
3284 ORDER 7182 40 8 1 4 1
3285 ORDER 7183 26 3 2 33 0
3285 ORDER 7184 16 5 1 36 0
3286 CANCEL 6907
3286 ORDER 7185 6 14 3 23 0
3286 ORDER 7186 45 5 9 40 3
3286 ORDER 7187 50 9 43 40 1
3287 ORDER 7188 25 9 2 5 0
3287 ORDER 7189 41 18 3 12 2
3288 ORDER 7190 19 29 2 19 0
3288 ORDER 7191 12 23 54 41 1
3288 ORDER 7192 32 11 45 41 1
3289 CANCEL 7155
3289 ORDER 7193 13 24 18 40 2
3289 ORDER 7194 46 3 2 15 0
3290 CANCEL 7061
3290 ORDER 7195 41 21 2 22 0
3290 ORDER 7196 13 24 52 41 0
3291 ORDER 7197 40 3 43 40 1
3291 ORDER 7198 50 11 26 41 1
3292 ORDER 7199 40 32 3 9 0
3292 ORDER 7200 30 5 35 41 1
3293 CANCEL 6883
3293 ORDER 7201 35 26 20 41 1
3293 ORDER 7202 30 33 1 37 0
3293 ORDER 7203 32 14 37 41 0
3294 ORDER 7204 35 3 1 3 0
3294 ORDER 7205 10 32 2 10 1
3295 ORDER 7206 9 32 50 40 2
3295 ORDER 7207 42 36 44 40 1
3295 ORDER 7208 48 14 21 40 0
3296 CANCEL 6939
3296 ORDER 7209 35 20 17 40 1
3296 ORDER 7210 49 8 47 41 0
3297 ORDER 7211 22 14 1 41 1
3297 ORDER 7212 6 35 14 41 1
3298 ORDER 7213 29 29 19 40 3
3298 ORDER 7214 30 27 2 13 3
3299 CANCEL 6969
3299 ORDER 7215 37 38 12 40 0
3299 ORDER 7216 48 12 3 41 0
3300 ORDER 7217 32 9 2 27 0
3300 ORDER 7218 46 26 3 41 1
3301 CANCEL 6962
3301 ORDER 7219 11 27 33 40 1
3301 ORDER 7220 18 30 1 15 0
3302 ORDER 7221 47 14 1 10 0
3302 ORDER 7222 42 11 25 41 0
3303 CANCEL 7051
3303 ORDER 7223 8 27 2 31 0
3303 ORDER 7224 45 9 1 23 0
3303 ORDER 7225 49 17 1 36 0
3304 ORDER 7226 17 5 49 41 1
3304 ORDER 7227 26 33 43 40 0
3305 ORDER 7228 19 29 1 6 0
3305 ORDER 7229 8 30 37 41 1
3306 ORDER 7230 49 17 2 16 1
3306 ORDER 7231 7 17 30 41 0
3307 ORDER 7232 32 12 53 41 1
3307 ORDER 7233 6 3 2 26 0
3308 ORDER 7234 39 14 2 16 1
3308 ORDER 7235 28 24 1 9 0
3309 ORDER 7236 12 35 1 29 1
3309 ORDER 7237 31 11 6 41 1
3310 ORDER 7238 17 38 2 29 0
3310 ORDER 7239 20 38 31 41 1
3310 BLOCK 11 20
3311 ORDER 7240 21 35 2 35 1
3311 ORDER 7241 45 9 2 38 0
3311 ORDER 7242 8 3 1 24 1
3312 CANCEL 7169
3312 ORDER 7243 8 9 3 21 0
3312 ORDER 7244 34 5 1 4 1
3312 ORDER 7245 42 35 1 7 0
3313 ORDER 7246 48 15 3 21 1
3313 ORDER 7247 16 23 3 27 0
3314 ORDER 7248 9 38 2 14 0
3314 ORDER 7249 31 21 11 40 0
3315 ORDER 7250 39 36 2 18 0
3315 ORDER 7251 40 6 1 25 0
3316 ORDER 7252 46 5 1 30 0
3316 ORDER 7253 36 27 3 24 2
3317 ORDER 7254 17 11 43 41 0
3317 ORDER 7255 27 38 31 41 0
3317 ORDER 7256 27 15 33 40 0
3318 ORDER 7257 51 24 2 11 0
3318 ORDER 7258 13 26 54 40 1
3319 ORDER 7259 11 36 28 41 0
3319 ORDER 7260 44 5 1 1 1
3320 ORDER 7261 17 33 1 31 0
3320 ORDER 7262 25 15 47 40 0
3320 ORDER 7263 21 29 37 40 1
3321 ORDER 7264 8 9 3 39 3
3321 ORDER 7265 20 17 3 18 0
3322 ORDER 7266 49 36 2 39 2
3322 ORDER 7267 11 15 13 41 0
3323 ORDER 7268 50 29 24 41 2
3323 ORDER 7269 48 27 1 12 0
3323 ORDER 7270 20 23 33 40 1
3324 ORDER 7271 38 21 1 3 0
3324 ORDER 7272 27 24 19 40 0
3325 CANCEL 7272
3325 ORDER 7273 7 27 51 41 1
3325 ORDER 7274 12 13 23 40 2
3325 ORDER 7275 21 12 18 40 0
3326 ORDER 7276 31 38 47 41 1
3326 ORDER 7277 41 29 23 40 3
3327 ORDER 7278 31 36 3 27 0
3327 ORDER 7279 21 21 2 36 0
3328 UNBLOCK 17 17
3328 ORDER 7280 17 26 53 40 0
3328 ORDER 7281 17 9 2 33 2
3329 ORDER 7282 43 24 1 8 2
3329 ORDER 7283 46 32 38 40 0
3330 ORDER 7284 38 12 1 13 0
3330 ORDER 7285 19 23 13 41 0
3331 ORDER 7286 51 26 37 40 2
3331 ORDER 7287 31 11 32 40 0
3332 CANCEL 7122
3332 ORDER 7288 20 27 43 41 0
3332 ORDER 7289 35 17 49 41 0
3333 ORDER 7290 8 36 43 41 1
3333 ORDER 7291 46 9 15 41 0
3334 ORDER 7292 16 15 34 41 0
3334 ORDER 7293 22 26 1 5 1
3335 ORDER 7294 18 14 1 39 2
3335 ORDER 7295 26 33 28 40 0
3335 ORDER 7296 29 8 12 41 0
3336 CANCEL 7289
3336 ORDER 7297 44 9 1 16 0
3336 ORDER 7298 37 32 53 40 1
3337 ORDER 7299 20 12 2 22 0
3337 ORDER 7300 48 8 27 40 0
3338 ORDER 7301 47 18 54 41 3
3338 ORDER 7302 37 12 2 34 3
3339 ORDER 7303 38 33 52 41 0
3339 ORDER 7304 18 24 13 41 0
3340 ORDER 7305 39 21 7 40 0
3340 ORDER 7306 28 27 52 40 0
3341 ORDER 7307 17 27 22 40 0
3341 ORDER 7308 27 35 1 19 0
3341 ORDER 7309 17 30 3 7 2
3342 ORDER 7310 46 18 29 40 0
3342 ORDER 7311 20 3 3 3 0
3343 ORDER 7312 18 24 30 40 3
3343 ORDER 7313 8 5 5 40 0
3344 ORDER 7314 24 14 49 41 2
3344 ORDER 7315 49 5 21 41 0
3345 ORDER 7316 9 26 4 41 0
3345 ORDER 7317 18 15 3 41 0
3346 ORDER 7318 51 32 1 13 0
3346 ORDER 7319 7 38 18 40 2
3347 CANCEL 7016
3347 ORDER 7320 39 32 3 12 0
3347 ORDER 7321 47 15 3 3 0
3348 CANCEL 7073
3348 ORDER 7322 7 17 1 39 0
3348 ORDER 7323 33 36 2 13 2
3349 ORDER 7324 10 26 2 18 0
3349 ORDER 7325 25 32 26 41 0
3350 ORDER 7326 36 11 3 13 0
3350 ORDER 7327 8 29 13 40 0
3351 ORDER 7328 30 18 1 22 0
3351 ORDER 7329 34 23 6 40 0
3352 ORDER 7330 27 14 52 40 0
3352 ORDER 7331 11 9 3 29 1
3353 ORDER 7332 6 6 2 24 0
3353 ORDER 7333 39 30 28 41 0
3353 ORDER 7334 36 15 29 40 1
3354 ORDER 7335 27 9 38 40 0
3354 ORDER 7336 9 26 38 41 0
3354 ORDER 7337 27 17 50 40 1
3355 ORDER 7338 18 20 4 41 0
3355 ORDER 7339 46 8 11 40 0
3355 ORDER 7340 46 6 31 41 2
3356 CANCEL 6960
3356 ORDER 7341 30 17 1 30 3
3356 ORDER 7342 20 3 53 41 2
3357 CANCEL 7125
3357 ORDER 7343 50 27 33 40 0
3357 ORDER 7344 31 38 2 8 1
3358 ORDER 7345 37 38 10 40 0
3358 ORDER 7346 22 36 2 11 0
3359 ORDER 7347 42 38 45 41 1
3359 ORDER 7348 37 35 2 17 2
3360 ORDER 7349 20 17 49 41 1
3360 ORDER 7350 46 14 2 27 0
3361 CANCEL 7170
3361 ORDER 7351 42 15 28 40 0
3361 ORDER 7352 10 18 2 26 0
3362 ORDER 7353 37 33 34 40 1
3362 ORDER 7354 11 23 2 32 0
3363 CANCEL 7333
3363 ORDER 7355 26 32 3 13 1
3363 ORDER 7356 9 23 2 5 0
3364 ORDER 7357 39 38 3 41 0
3364 ORDER 7358 44 6 2 16 0
3365 ORDER 7359 42 9 3 29 0
3365 ORDER 7360 45 5 1 1 1
3365 ORDER 7361 32 38 2 15 0
3366 ORDER 7362 44 29 1 28 2
3366 ORDER 7363 7 5 15 41 0
3367 CANCEL 7327
3367 CANCEL 7341
3367 ORDER 7364 21 38 7 40 0
3367 ORDER 7365 34 36 23 41 1
3367 ORDER 7366 12 32 2 32 0
3368 CANCEL 7222
3368 ORDER 7367 38 8 2 35 1
3368 ORDER 7368 19 33 2 19 0
3369 CANCEL 7196
3369 ORDER 7369 6 21 35 40 1
3369 ORDER 7370 35 8 51 40 0
3370 CANCEL 7294
3370 ORDER 7371 32 36 3 12 0
3370 ORDER 7372 40 32 1 10 0
3371 ORDER 7373 37 15 2 4 0
3371 ORDER 7374 39 14 1 39 1
3372 CANCEL 7365
3372 ORDER 7375 20 26 16 40 0
3372 ORDER 7376 20 20 47 40 0
3373 ORDER 7377 45 9 47 40 1
3373 ORDER 7378 9 8 2 11 0
3374 ORDER 7379 46 38 23 41 1
3374 ORDER 7380 50 15 10 41 0
3375 CANCEL 7264
3375 ORDER 7381 35 30 53 41 1
3375 ORDER 7382 34 9 1 22 0
3376 ORDER 7383 36 8 2 12 0
3376 ORDER 7384 44 12 44 41 0
3377 CANCEL 7042
3377 ORDER 7385 40 14 38 40 1
3377 ORDER 7386 12 23 1 14 0
3377 BLOCK 36 8
3378 ORDER 7387 51 27 2 37 0
3378 ORDER 7388 50 30 3 7 3
3379 ORDER 7389 6 36 2 39 1
3379 ORDER 7390 32 29 2 16 1
3380 ORDER 7391 11 30 1 6 0
3380 ORDER 7392 8 3 1 8 1
3381 CANCEL 7000
3381 ORDER 7393 11 26 48 41 0
3381 ORDER 7394 40 27 39 41 1
3381 ORDER 7395 51 11 20 40 0
3382 CANCEL 7250
3382 ORDER 7396 28 35 28 41 0
3382 ORDER 7397 22 27 54 41 2
3383 ORDER 7398 17 8 2 41 1
3383 ORDER 7399 8 9 2 27 1
3384 ORDER 7400 20 6 1 33 1
3384 ORDER 7401 11 18 1 3 0
3385 ORDER 7402 50 6 3 3 1
3385 ORDER 7403 15 29 53 41 0
3386 CANCEL 7032
3386 ORDER 7404 41 24 47 40 3
3386 ORDER 7405 34 9 3 38 0
3387 ORDER 7406 31 12 8 40 1
3387 ORDER 7407 18 36 1 9 1
3388 ORDER 7408 7 6 2 7 0
3388 ORDER 7409 35 26 3 8 0
3389 ORDER 7410 6 35 2 9 0
3389 ORDER 7411 44 8 1 39 0
3389 ORDER 7412 48 14 15 40 2
3390 CANCEL 7026
3390 ORDER 7413 19 20 1 4 0
3390 ORDER 7414 28 26 6 40 1
3391 ORDER 7415 7 24 1 27 0
3391 ORDER 7416 49 8 1 17 1
3392 ORDER 7417 36 17 33 40 1
3392 ORDER 7418 6 3 47 40 2
3392 ORDER 7419 44 14 17 40 1
3393 ORDER 7420 39 38 30 41 0
3393 ORDER 7421 36 23 3 13 0
3393 ORDER 7422 17 8 17 41 0
3394 ORDER 7423 7 9 3 37 0
3394 ORDER 7424 41 9 24 41 0
3395 ORDER 7425 14 36 1 37 2
3395 ORDER 7426 40 3 2 3 0
3396 ORDER 7427 12 30 1 20 1
3396 ORDER 7428 18 5 3 2 0
3397 ORDER 7429 18 38 1 14 1
3397 ORDER 7430 23 25 32 41 0
3397 ORDER 7431 6 24 32 41 0
3398 CANCEL 7069
3398 ORDER 7432 48 15 2 16 0
3398 ORDER 7433 41 23 1 25 0
3399 CANCEL 7185
3399 ORDER 7434 41 20 48 40 0
3399 ORDER 7435 8 17 18 40 0
3400 CANCEL 7009
3400 ORDER 7436 20 30 1 20 0
3400 ORDER 7437 35 24 29 40 0
3401 CANCEL 7204
3401 CANCEL 7312
3401 CANCEL 7357
3401 ORDER 7438 51 38 3 23 1
3401 ORDER 7439 51 26 3 23 0
3402 ORDER 7440 37 30 27 41 1
3402 ORDER 7441 17 26 1 39 0
3403 ORDER 7442 15 21 1 27 0
3403 ORDER 7443 9 20 2 14 1
3404 ORDER 7444 43 29 41 41 2
3404 ORDER 7445 21 5 3 20 2
3404 ORDER 7446 38 32 27 41 0
3405 ORDER 7447 24 15 1 10 0
3405 ORDER 7448 41 11 48 40 1
3406 ORDER 7449 47 21 36 41 0
3406 ORDER 7450 25 33 3 31 0
3406 ORDER 7451 24 18 16 40 0
3407 ORDER 7452 26 32 12 40 1
3407 ORDER 7453 34 38 1 7 1
3408 ORDER 7454 18 30 2 38 0
3408 ORDER 7455 19 17 1 29 1
3409 CANCEL 7178
3409 ORDER 7456 33 36 3 8 1
3409 ORDER 7457 21 8 2 19 0
3409 ORDER 7458 16 8 36 41 0
3410 ORDER 7459 7 5 1 20 0
3410 ORDER 7460 41 30 20 40 1
3411 ORDER 7461 30 38 2 15 0
3411 ORDER 7462 28 18 51 40 0
3412 ORDER 7463 45 8 1 10 0
3412 ORDER 7464 35 17 26 41 0
3413 ORDER 7465 9 38 3 35 1
3413 ORDER 7466 19 33 1 38 1
3414 ORDER 7467 48 17 25 40 2
3414 ORDER 7468 21 35 43 41 1
3415 UNBLOCK 11 20
3415 ORDER 7469 9 15 54 40 0
3415 ORDER 7470 7 14 1 22 0
3416 ORDER 7471 29 8 1 20 0
3416 ORDER 7472 36 18 1 1 1
3417 ORDER 7473 21 15 1 4 0
3417 ORDER 7474 24 5 2 17 0
3418 CANCEL 7241
3418 ORDER 7475 8 14 13 40 2
3418 ORDER 7476 41 21 49 41 0
3419 CANCEL 7267
3419 ORDER 7477 9 6 3 12 0
3419 ORDER 7478 17 21 7 41 0
3419 ORDER 7479 10 26 3 34 0
3420 ORDER 7480 30 17 52 41 0
3420 ORDER 7481 23 24 2 38 1
3421 ORDER 7482 35 33 25 40 0
3421 ORDER 7483 36 17 3 2 0
3422 ORDER 7484 36 32 3 15 1
3422 ORDER 7485 15 21 3 6 0
3422 ORDER 7486 9 5 1 39 0
3423 ORDER 7487 41 9 16 41 1
3423 ORDER 7488 27 18 3 25 0
3424 ORDER 7489 36 21 2 3 0
3424 ORDER 7490 49 32 3 11 0
3424 ORDER 7491 9 17 30 41 2
3425 CANCEL 7231
3425 ORDER 7492 50 23 1 28 0
3425 ORDER 7493 27 33 29 40 3
3426 ORDER 7494 17 11 1 39 0
3426 ORDER 7495 18 9 52 41 0
3426 ORDER 7496 28 5 11 40 2
3427 CANCEL 7233
3427 ORDER 7497 44 3 2 16 0
3427 ORDER 7498 36 9 1 19 0
3427 ORDER 7499 35 33 48 41 0
3428 ORDER 7500 7 6 1 7 1
3428 ORDER 7501 15 11 12 40 1
3429 CANCEL 7469
3429 ORDER 7502 45 20 1 9 2
3429 ORDER 7503 36 33 52 41 0
3429 ORDER 7504 45 21 38 40 2
3430 CANCEL 7093
3430 ORDER 7505 43 8 1 10 3
3430 ORDER 7506 9 3 34 40 0
3431 CANCEL 7329
3431 ORDER 7507 43 24 40 40 0
3431 ORDER 7508 24 9 6 40 1
3432 CANCEL 7393
3432 ORDER 7509 21 17 39 40 1
3432 ORDER 7510 38 21 1 2 1
3432 ORDER 7511 30 6 44 41 0
3433 ORDER 7512 29 29 20 40 0
3433 ORDER 7513 6 21 1 8 2
3434 CANCEL 7074
3434 ORDER 7514 22 32 1 26 0
3434 ORDER 7515 48 35 28 41 1
3434 BLOCK 29 17
3435 CANCEL 7102
3435 ORDER 7516 20 12 34 40 1
3435 ORDER 7517 32 35 2 14 1
3436 ORDER 7518 48 15 44 40 0
3436 ORDER 7519 25 17 3 36 1
3437 ORDER 7520 32 8 13 40 1
3437 ORDER 7521 35 26 2 3 1
3438 CANCEL 7107
3438 ORDER 7522 31 8 1 37 1
3438 ORDER 7523 8 36 3 22 0
3439 CANCEL 7180
3439 CANCEL 7210
3439 ORDER 7524 47 26 1 3 0
3439 ORDER 7525 50 30 3 39 2
3440 ORDER 7526 16 29 1 35 1
3440 ORDER 7527 20 33 3 7 0
3441 ORDER 7528 24 3 21 40 1
3441 ORDER 7529 21 3 10 40 0
3442 ORDER 7530 42 15 30 41 1
3442 ORDER 7531 7 15 2 3 0
3443 ORDER 7532 41 33 3 18 0
3443 ORDER 7533 40 30 49 40 0
3443 ORDER 7534 22 35 1 13 0
3444 ORDER 7535 36 29 1 4 2
3444 ORDER 7536 36 11 18 41 0
3445 ORDER 7537 6 6 1 38 1
3445 ORDER 7538 41 11 2 38 1
3446 ORDER 7539 27 3 9 40 1
3446 ORDER 7540 49 30 1 38 1
3446 ORDER 7541 22 33 2 10 0
3447 ORDER 7542 8 23 3 38 0
3447 ORDER 7543 33 18 38 41 1
3447 ORDER 7544 9 14 1 11 1
3448 ORDER 7545 44 29 3 21 0
3448 ORDER 7546 31 9 28 40 0
3449 ORDER 7547 6 5 1 40 0
3449 ORDER 7548 23 14 1 16 1
3449 ORDER 7549 29 23 47 40 1
3450 ORDER 7550 37 3 1 22 1
3450 ORDER 7551 44 9 2 36 1
3451 CANCEL 7269
3451 ORDER 7552 40 14 16 40 0
3451 ORDER 7553 24 36 2 39 2
3452 ORDER 7554 18 15 47 41 1
3452 ORDER 7555 41 21 2 32 1
3453 ORDER 7556 8 17 2 2 0
3453 ORDER 7557 14 32 17 41 1
3454 ORDER 7558 35 21 31 41 0
3454 ORDER 7559 48 21 50 40 0
3454 ORDER 7560 11 27 28 40 0
3455 ORDER 7561 11 7 2 9 2
3455 ORDER 7562 17 8 52 41 1
3456 ORDER 7563 40 27 2 25 0
3456 ORDER 7564 11 20 3 20 0
3457 ORDER 7565 44 6 3 19 1
3457 ORDER 7566 22 32 1 31 0
3457 ORDER 7567 46 8 25 40 1
3458 CANCEL 7228
3458 ORDER 7568 15 17 3 3 0
3458 ORDER 7569 43 14 3 22 1
3458 BLOCK 5 37
3459 ORDER 7570 20 15 2 18 2
3459 ORDER 7571 10 36 1 13 0
3459 CANCEL 107571
3460 ORDER 7572 26 17 10 40 1
3460 ORDER 7573 49 6 2 28 0
3461 CANCEL 7467
3461 ORDER 7574 30 30 53 41 0
3461 ORDER 7575 16 29 22 41 0
3462 ORDER 7576 44 20 3 13 0
3462 ORDER 7577 27 36 38 40 3
3462 ORDER 7578 21 29 2 33 1
3463 ORDER 7579 19 24 3 1 0
3463 ORDER 7580 20 24 3 30 0
3464 ORDER 7581 45 11 10 41 1
3464 ORDER 7582 19 10 1 23 0
3464 ORDER 7583 23 6 33 41 1
3465 CANCEL 7451
3465 ORDER 7584 41 3 2 37 1
3465 ORDER 7585 35 18 2 6 3
3466 ORDER 7586 29 33 1 15 1
3466 ORDER 7587 40 25 2 27 2
3467 ORDER 7588 29 26 10 41 1
3467 ORDER 7589 32 27 53 40 0
3468 ORDER 7590 47 33 54 40 0
3468 ORDER 7591 8 20 2 27 0
3468 ORDER 7592 21 23 33 40 0
3469 ORDER 7593 37 15 45 40 0
3469 ORDER 7594 50 32 35 41 0
3469 ORDER 7595 31 38 13 40 0
3470 CANCEL 7309
3470 CANCEL 7379
3470 ORDER 7596 14 33 52 41 1
3470 ORDER 7597 32 30 47 41 0
3471 CANCEL 7225
3471 ORDER 7598 8 27 22 40 0
3471 ORDER 7599 17 3 1 4 0
3472 ORDER 7600 23 36 18 41 0
3472 ORDER 7601 30 17 2 33 1
3473 CANCEL 7373
3473 ORDER 7602 6 32 3 22 0
3473 ORDER 7603 30 3 33 41 1
3474 ORDER 7604 19 29 8 40 0
3474 ORDER 7605 21 29 1 10 0
3474 ORDER 7606 44 20 43 41 0
3475 ORDER 7607 11 14 3 38 1
3475 ORDER 7608 49 17 8 40 0
3476 ORDER 7609 25 32 1 31 1
3476 ORDER 7610 6 32 27 41 3
3477 ORDER 7611 7 29 2 40 1
3477 ORDER 7612 13 14 2 4 0
3478 CANCEL 7415
3478 ORDER 7613 28 29 29 41 0
3478 ORDER 7614 8 26 2 33 0
3479 ORDER 7615 11 26 12 41 1
3479 ORDER 7616 22 12 3 30 2
3480 CANCEL 7303
3480 ORDER 7617 22 30 2 10 1
3480 ORDER 7618 28 5 1 15 1
3481 UNBLOCK 29 17
3481 ORDER 7619 17 36 36 40 1
3481 ORDER 7620 24 20 10 40 0
3482 ORDER 7621 45 9 10 40 0
3482 ORDER 7622 16 27 2 1 2
3483 ORDER 7623 10 3 2 31 2
3483 ORDER 7624 48 35 47 41 0
3483 BLOCK 19 23
3484 ORDER 7625 11 30 35 40 0
3484 ORDER 7626 46 5 1 16 0
3485 ORDER 7627 42 32 1 3 0
3485 ORDER 7628 7 35 54 41 2
3485 ORDER 7629 39 6 6 41 0
3486 ORDER 7630 46 3 1 26 0
3486 ORDER 7631 48 17 2 14 0
3487 ORDER 7632 17 38 30 40 0
3487 ORDER 7633 28 33 50 40 0
3488 CANCEL 7582
3488 ORDER 7634 23 26 2 39 1
3488 ORDER 7635 10 3 13 41 3
3489 ORDER 7636 8 9 29 40 0
3489 ORDER 7637 36 29 53 40 1
3490 CANCEL 7275
3490 ORDER 7638 50 27 54 41 1
3490 ORDER 7639 36 35 8 40 0
3491 ORDER 7640 35 35 1 24 0
3491 ORDER 7641 42 38 44 41 0
3492 ORDER 7642 9 12 54 40 1
3492 ORDER 7643 31 15 44 40 0
3492 ORDER 7644 13 30 3 38 0
3493 ORDER 7645 11 12 3 34 0
3493 ORDER 7646 36 8 3 29 0
3494 ORDER 7647 49 15 47 41 0
3494 ORDER 7648 18 28 3 12 2
3495 ORDER 7649 23 27 1 14 0
3495 ORDER 7650 37 6 3 3 0
3496 ORDER 7651 12 35 38 41 0
3496 ORDER 7652 22 33 34 41 0
3497 ORDER 7653 12 38 27 41 1
3497 ORDER 7654 40 24 8 40 0
3498 UNBLOCK 36 8
3498 ORDER 7655 37 21 3 29 0
3498 ORDER 7656 22 36 37 41 1
3499 ORDER 7657 10 38 2 40 0
3499 ORDER 7658 47 35 9 40 0
3500 ORDER 7659 29 36 52 40 0
3500 ORDER 7660 10 24 1 33 0
3501 ORDER 7661 27 18 2 21 1
3501 ORDER 7662 29 18 3 32 0
3502 ORDER 7663 40 9 2 21 0
3502 ORDER 7664 41 17 2 38 0
3502 ORDER 7665 43 12 2 38 3
3503 ORDER 7666 17 36 9 41 0
3503 ORDER 7667 31 12 20 40 2
3504 ORDER 7668 48 21 24 41 0
3504 ORDER 7669 47 5 48 41 3
3505 CANCEL 7513
3505 ORDER 7670 40 29 43 41 0
3505 ORDER 7671 28 18 38 41 2
3506 CANCEL 7652
3506 ORDER 7672 11 12 33 41 1
3506 ORDER 7673 32 30 44 41 0
3507 ORDER 7674 48 15 1 15 0
3507 ORDER 7675 47 20 39 40 0
3508 ORDER 7676 30 26 2 39 0
3508 ORDER 7677 6 36 27 41 0
3508 ORDER 7678 21 23 2 5 0
3509 CANCEL 7540
3509 ORDER 7679 29 21 2 25 0
3509 ORDER 7680 22 21 1 1 1
3509 ORDER 7681 30 23 8 41 1
3510 ORDER 7682 33 27 2 12 0
3510 ORDER 7683 46 17 25 40 0
3511 CANCEL 7450
3511 ORDER 7684 46 18 21 41 0
3511 ORDER 7685 30 5 12 40 2
3511 ORDER 7686 37 24 46 40 0
3512 ORDER 7687 6 21 3 3 0
3512 ORDER 7688 29 26 44 41 0
3513 ORDER 7689 21 5 22 40 0
3513 ORDER 7690 12 14 53 41 1
3513 BLOCK 8 14
3514 ORDER 7691 22 21 2 28 0
3514 ORDER 7692 27 11 2 16 0
3515 ORDER 7693 35 26 52 41 0
3515 ORDER 7694 20 32 2 20 0
3516 ORDER 7695 47 32 23 41 1
3516 ORDER 7696 20 18 1 21 0
3516 ORDER 7697 24 6 35 41 0
3517 ORDER 7698 31 30 3 11 2
3517 ORDER 7699 45 12 5 41 0
3518 ORDER 7700 37 12 1 1 0
3518 ORDER 7701 18 14 36 41 0
3518 ORDER 7702 12 36 53 41 2
3519 ORDER 7703 17 38 2 28 2
3519 ORDER 7704 47 18 3 2 0
3520 CANCEL 7430
3520 ORDER 7705 47 32 1 40 0
3520 ORDER 7706 50 33 17 40 0
3520 ORDER 7707 47 30 3 8 1
3521 ORDER 7708 11 9 19 41 0
3521 ORDER 7709 29 3 27 41 0
3522 ORDER 7710 43 26 31 40 1
3522 ORDER 7711 32 24 27 40 0
3523 ORDER 7712 51 17 1 34 1
3523 ORDER 7713 24 20 3 38 0
3524 CANCEL 7533
3524 ORDER 7714 31 12 23 41 2
3524 ORDER 7715 26 33 3 30 1
3524 ORDER 7716 50 12 2 14 3
3525 ORDER 7717 10 12 3 14 0
3525 ORDER 7718 51 27 3 32 1
3526 ORDER 7719 18 33 10 40 1
3526 ORDER 7720 18 33 15 40 0
3527 ORDER 7721 30 32 1 20 0
3527 ORDER 7722 23 24 46 40 1
3528 ORDER 7723 40 35 3 18 0
3528 ORDER 7724 29 26 38 40 3
3528 ORDER 7725 26 10 3 27 0
3529 ORDER 7726 30 29 1 16 0
3529 ORDER 7727 48 26 2 8 0
3530 ORDER 7728 31 30 33 40 0
3530 ORDER 7729 35 12 52 40 0
3531 ORDER 7730 23 29 27 41 2
3531 ORDER 7731 39 3 40 40 0
3532 ORDER 7732 11 9 6 41 1
3532 ORDER 7733 45 6 2 10 2
3533 ORDER 7734 16 17 2 30 2
3533 ORDER 7735 10 9 42 41 0
3534 ORDER 7736 30 32 8 40 3
3534 ORDER 7737 45 17 2 33 1
3535 ORDER 7738 21 6 9 41 0
3535 ORDER 7739 29 33 3 7 0
3536 CANCEL 7436
3536 ORDER 7740 25 11 2 36 3
3536 ORDER 7741 19 24 2 36 0
3537 ORDER 7742 22 32 2 18 0
3537 ORDER 7743 38 3 30 41 1
3538 ORDER 7744 40 14 24 40 0
3538 ORDER 7745 8 24 45 41 0
3539 ORDER 7746 51 23 53 40 1
3539 ORDER 7747 40 14 18 40 3
3540 ORDER 7748 16 21 3 38 1
3540 ORDER 7749 18 6 2 41 1
3541 ORDER 7750 9 29 43 41 1
3541 ORDER 7751 14 32 1 33 1
3542 CANCEL 7499
3542 ORDER 7752 42 26 52 41 1
3542 ORDER 7753 35 30 15 41 0
3543 ORDER 7754 30 11 4 40 1
3543 ORDER 7755 25 33 2 20 1
3544 ORDER 7756 46 33 2 25 0
3544 ORDER 7757 19 14 54 41 0
3545 ORDER 7758 7 23 10 41 0
3545 ORDER 7759 8 5 48 40 0
3545 CANCEL 107759
3546 ORDER 7760 17 30 46 40 1
3546 ORDER 7761 49 9 28 40 0
3547 ORDER 7762 19 11 44 41 1
3547 ORDER 7763 16 15 3 22 1
3548 ORDER 7764 35 24 1 11 3
3548 ORDER 7765 36 9 1 20 1
3549 CANCEL 7413
3549 ORDER 7766 31 15 33 40 0
3549 ORDER 7767 40 21 3 11 0
3550 ORDER 7768 7 20 54 41 1
3550 ORDER 7769 9 29 1 16 0
3551 ORDER 7770 47 12 24 40 1
3551 ORDER 7771 43 20 1 28 0
3552 ORDER 7772 21 5 40 41 1
3552 ORDER 7773 7 30 1 10 1
3553 ORDER 7774 38 18 45 40 0
3553 ORDER 7775 10 36 1 9 0
3554 CANCEL 7548
3554 ORDER 7776 15 11 2 29 1
3554 ORDER 7777 35 3 3 21 3
3555 ORDER 7778 34 9 23 40 2
3555 ORDER 7779 9 29 29 41 1
3556 ORDER 7780 9 23 1 20 2
3556 ORDER 7781 21 27 30 40 1
3557 ORDER 7782 43 27 17 41 1
3557 ORDER 7783 48 21 50 40 1
3557 ORDER 7784 13 14 1 25 0
3558 CANCEL 7364
3558 ORDER 7785 47 21 3 31 0
3558 ORDER 7786 22 23 43 40 1
3559 ORDER 7787 51 15 2 13 0
3559 ORDER 7788 18 20 16 41 0
3560 ORDER 7789 28 6 9 41 0
3560 ORDER 7790 18 12 15 40 0
3561 ORDER 7791 30 11 2 17 0
3561 ORDER 7792 44 14 51 40 1
3562 ORDER 7793 24 38 3 20 0
3562 ORDER 7794 51 35 28 40 0
3563 CANCEL 7546
3563 ORDER 7795 35 12 26 41 1
3563 ORDER 7796 26 35 3 8 3
3564 CANCEL 7660
3564 ORDER 7797 11 33 3 14 0
3564 ORDER 7798 40 12 3 38 0
3565 ORDER 7799 7 14 3 10 0
3565 ORDER 7800 45 6 7 41 1
3566 ORDER 7801 50 32 30 40 0
3566 ORDER 7802 19 20 11 40 0
3567 ORDER 7803 31 38 1 10 3
3567 ORDER 7804 7 14 19 40 0
3568 CANCEL 7440
3568 ORDER 7805 36 18 22 40 2
3568 ORDER 7806 29 33 3 10 0
3569 ORDER 7807 25 18 9 41 0
3569 ORDER 7808 17 8 42 41 1
3569 ORDER 7809 20 35 3 4 0
3570 ORDER 7810 48 27 2 22 0
3570 ORDER 7811 24 11 3 15 1
3571 ORDER 7812 8 5 50 41 0
3571 ORDER 7813 27 27 2 21 0
3571 ORDER 7814 19 35 3 39 0
3572 ORDER 7815 11 20 3 36 1
3572 ORDER 7816 8 5 17 40 0
3572 ORDER 7817 23 36 33 41 1
3573 ORDER 7818 9 33 3 33 2
3573 ORDER 7819 24 38 3 22 1
3573 CANCEL 107819
3574 CANCEL 7645
3574 ORDER 7820 19 6 41 40 0
3574 ORDER 7821 25 20 14 41 2
3575 ORDER 7822 17 36 16 41 0
3575 ORDER 7823 46 11 1 28 0
3575 ORDER 7824 29 32 1 6 0
3576 ORDER 7825 49 24 1 12 0
3576 ORDER 7826 28 12 41 41 0
3577 ORDER 7827 10 29 11 41 0
3577 ORDER 7828 51 23 1 5 0
3578 CANCEL 7618
3578 ORDER 7829 30 20 17 41 0
3578 ORDER 7830 45 23 43 40 0
3579 ORDER 7831 25 18 1 1 0
3579 ORDER 7832 6 36 39 41 0
3580 ORDER 7833 27 29 13 41 0
3580 ORDER 7834 49 23 48 41 1
3581 ORDER 7835 9 29 12 41 0
3581 ORDER 7836 36 15 2 19 1
3582 ORDER 7837 29 23 2 9 3
3582 ORDER 7838 32 35 20 41 0
3583 CANCEL 7666
3583 ORDER 7839 42 38 1 12 0
3583 ORDER 7840 6 23 25 41 0
3584 ORDER 7841 51 38 38 41 0
3584 ORDER 7842 46 38 1 10 0
3585 ORDER 7843 16 27 52 40 0
3585 ORDER 7844 50 5 1 29 2
3586 CANCEL 7819
3586 ORDER 7845 27 36 3 4 1
3586 ORDER 7846 37 33 14 41 1
3587 CANCEL 7621
3587 ORDER 7847 27 33 37 40 3
3587 ORDER 7848 29 21 4 40 0
3588 ORDER 7849 16 23 41 40 1
3588 ORDER 7850 38 18 1 18 3
3589 ORDER 7851 45 8 37 41 3
3589 ORDER 7852 50 29 22 41 3
3590 ORDER 7853 35 5 52 41 0
3590 ORDER 7854 18 11 27 41 0
3591 ORDER 7855 12 35 1 35 0
3591 ORDER 7856 30 33 30 41 1
3591 ORDER 7857 31 33 31 41 1
3592 CANCEL 7423
3592 ORDER 7858 46 17 2 17 0
3592 ORDER 7859 6 27 10 40 1
3593 UNBLOCK 8 14
3593 ORDER 7860 28 14 2 31 0
3593 ORDER 7861 17 17 32 40 1
3594 UNBLOCK 19 23
3594 ORDER 7862 12 27 31 40 3
3594 ORDER 7863 49 36 51 41 0
3595 ORDER 7864 36 24 1 4 0
3595 ORDER 7865 28 30 3 39 0
3596 ORDER 7866 22 11 1 5 1
3596 ORDER 7867 50 17 4 40 0
3597 ORDER 7868 7 14 2 30 0
3597 ORDER 7869 28 24 47 41 2
3598 ORDER 7870 39 17 1 25 1
3598 ORDER 7871 21 38 20 40 3
3599 ORDER 7872 46 3 8 40 0
3599 ORDER 7873 7 30 20 41 1
3600 ORDER 7874 30 24 2 21 1
3600 ORDER 7875 16 26 11 41 0
3601 ORDER 7876 35 23 1 20 0
3601 ORDER 7877 10 29 2 23 0
3602 ORDER 7878 40 30 54 40 0
3602 ORDER 7879 47 33 35 40 0
3603 ORDER 7880 8 20 33 41 1
3603 ORDER 7881 42 11 1 4 0
3604 ORDER 7882 40 30 1 1 2
3604 ORDER 7883 46 18 1 22 1
3605 ORDER 7884 47 8 2 12 1
3605 ORDER 7885 48 15 1 36 2
3606 CANCEL 7565
3606 UNBLOCK 5 37
3606 ORDER 7886 37 17 2 39 0
3606 ORDER 7887 16 3 29 40 0
3607 ORDER 7888 17 9 3 17 3
3607 ORDER 7889 16 27 37 40 0
3608 CANCEL 7649
3608 ORDER 7890 28 29 2 20 0
3608 ORDER 7891 37 14 1 41 0
3609 ORDER 7892 46 32 7 40 0
3609 ORDER 7893 9 20 1 15 1
3609 ORDER 7894 46 5 45 40 1
3610 ORDER 7895 44 14 3 26 2
3610 ORDER 7896 49 32 2 8 1
3611 ORDER 7897 13 33 3 24 1
3611 ORDER 7898 18 17 2 8 2
3612 ORDER 7899 9 38 3 12 0
3612 ORDER 7900 17 3 13 41 0
3613 ORDER 7901 30 36 2 30 2
3613 ORDER 7902 11 18 1 16 1
3614 ORDER 7903 28 8 1 36 1
3614 ORDER 7904 44 8 7 41 0
3615 ORDER 7905 11 8 22 40 0
3615 ORDER 7906 24 36 1 19 2
3616 ORDER 7907 23 8 3 37 0
3616 ORDER 7908 37 21 43 40 1
3617 CANCEL 7547
3617 ORDER 7909 13 32 54 41 1
3617 ORDER 7910 7 11 49 41 1
3618 CANCEL 7705
3618 CANCEL 7850
3618 ORDER 7911 18 21 3 19 0
3618 ORDER 7912 31 33 3 6 0
3619 CANCEL 7669
3619 ORDER 7913 9 35 42 40 2
3619 ORDER 7914 41 15 2 1 0
3620 CANCEL 7841
3620 ORDER 7915 6 6 38 40 1
3620 ORDER 7916 42 27 10 41 0
3620 BLOCK 37 9
3621 ORDER 7917 17 20 1 5 0
3621 ORDER 7918 25 11 2 24 0
3622 ORDER 7919 29 5 2 13 0
3622 ORDER 7920 29 32 1 13 0
3623 ORDER 7921 21 6 1 27 0
3623 ORDER 7922 48 20 42 40 1
3624 ORDER 7923 37 35 2 39 1
3624 ORDER 7924 8 38 24 40 2
3624 ORDER 7925 16 6 3 27 0
3625 ORDER 7926 50 15 29 40 0
3625 ORDER 7927 50 33 2 25 1
3625 ORDER 7928 39 3 1 23 0
3626 CANCEL 7637
3626 ORDER 7929 46 12 34 41 0
3626 ORDER 7930 24 5 1 20 1
3627 ORDER 7931 13 8 36 41 0
3627 ORDER 7932 6 20 3 21 2
3628 ORDER 7933 29 18 24 40 1
3628 ORDER 7934 34 38 14 41 0
3628 ORDER 7935 7 36 3 3 1
3629 ORDER 7936 48 21 30 41 0
3629 ORDER 7937 18 26 32 40 1
3630 CANCEL 7747
3630 ORDER 7938 9 6 2 13 0
3630 ORDER 7939 21 6 16 40 0
3630 BLOCK 43 27
3631 ORDER 7940 43 12 1 9 0
3631 ORDER 7941 47 23 3 17 2
3632 ORDER 7942 10 12 3 4 1
3632 ORDER 7943 27 27 13 41 0
3633 ORDER 7944 16 17 4 40 0
3633 ORDER 7945 35 32 36 41 1
3634 ORDER 7946 34 21 4 40 0
3634 ORDER 7947 30 12 37 40 1
3635 CANCEL 7567
3635 ORDER 7948 26 9 1 12 0
3635 ORDER 7949 46 38 35 41 1
3635 ORDER 7950 19 20 33 41 0
3636 ORDER 7951 46 17 35 40 1
3636 ORDER 7952 30 24 8 41 0
3637 CANCEL 7665
3637 ORDER 7953 37 30 3 1 1
3637 ORDER 7954 10 38 2 36 0
3637 ORDER 7955 18 30 2 26 0
3638 ORDER 7956 32 35 18 40 0
3638 ORDER 7957 10 8 30 40 0
3638 ORDER 7958 15 9 3 13 1
3639 ORDER 7959 31 17 2 37 0
3639 ORDER 7960 46 6 39 40 0
3640 CANCEL 7611
3640 ORDER 7961 43 24 45 40 3
3640 ORDER 7962 23 11 52 41 2
3641 CANCEL 7861
3641 CANCEL 7947
3641 ORDER 7963 29 36 1 3 1
3641 ORDER 7964 20 21 3 34 0
3642 ORDER 7965 30 33 1 35 1
3642 ORDER 7966 23 12 1 17 3
3643 ORDER 7967 41 32 40 40 3
3643 ORDER 7968 41 20 2 33 0
3643 BLOCK 30 21
3644 ORDER 7969 46 26 5 41 1
3644 ORDER 7970 41 15 29 41 3
3645 CANCEL 7969
3645 ORDER 7971 32 9 18 40 0
3645 ORDER 7972 50 11 1 11 1
3646 ORDER 7973 40 29 3 27 0
3646 ORDER 7974 40 36 24 40 2
3647 ORDER 7975 20 14 1 20 3
3647 ORDER 7976 43 20 23 40 0
3648 ORDER 7977 38 6 1 19 0
3648 ORDER 7978 18 3 6 41 0
3648 ORDER 7979 36 11 1 30 2
3649 CANCEL 7623
3649 ORDER 7980 50 5 11 40 0
3649 ORDER 7981 23 13 3 15 0
3650 ORDER 7982 38 33 43 41 0
3650 ORDER 7983 21 33 37 40 0
3651 ORDER 7984 23 9 2 11 1
3651 ORDER 7985 50 24 43 41 0
3652 ORDER 7986 20 36 3 7 2
3652 ORDER 7987 26 15 1 39 0
3653 CANCEL 7930
3653 ORDER 7988 21 21 3 15 0
3653 ORDER 7989 48 3 19 41 3
3654 ORDER 7990 7 17 1 24 1
3654 ORDER 7991 38 18 2 11 0
3655 ORDER 7992 22 11 1 30 1
3655 ORDER 7993 39 6 43 40 0
3656 ORDER 7994 39 26 14 41 0
3656 ORDER 7995 36 24 2 19 1
3657 ORDER 7996 51 15 2 4 2
3657 ORDER 7997 27 31 46 41 2
3658 CANCEL 7702
3658 ORDER 7998 10 14 1 25 3
3658 ORDER 7999 37 20 3 19 2
3659 ORDER 8000 48 8 2 40 2
3659 ORDER 8001 37 6 3 14 0
3660 ORDER 8002 35 33 1 19 0
3660 ORDER 8003 46 21 12 40 1
3660 BLOCK 46 2
3661 CANCEL 7599
3661 ORDER 8004 16 29 2 22 0
3661 ORDER 8005 51 9 8 40 1
3662 ORDER 8006 31 15 1 5 3
3662 ORDER 8007 17 17 3 6 1
3663 ORDER 8008 39 14 38 41 0
3663 ORDER 8009 39 13 38 40 0
3664 ORDER 8010 20 6 1 13 1
3664 ORDER 8011 30 35 2 12 1
3665 ORDER 8012 28 24 23 40 1
3665 ORDER 8013 8 32 25 40 0
3665 ORDER 8014 24 36 43 41 2
3666 ORDER 8015 41 30 3 39 0
3666 ORDER 8016 39 38 46 40 1
3667 CANCEL 7977
3667 ORDER 8017 37 18 39 41 0
3667 ORDER 8018 47 21 51 41 0
3667 ORDER 8019 9 14 6 40 3
3668 ORDER 8020 11 35 11 40 0
3668 ORDER 8021 33 29 3 27 1
3669 ORDER 8022 38 12 2 13 2
3669 ORDER 8023 27 30 33 40 1
3670 ORDER 8024 43 33 48 41 2
3670 ORDER 8025 46 5 54 41 1
3670 ORDER 8026 38 8 2 39 1
3671 CANCEL 7756
3671 ORDER 8027 29 5 33 41 0
3671 ORDER 8028 20 26 18 41 0
3672 ORDER 8029 39 23 41 40 0
3672 ORDER 8030 27 18 1 33 1
3673 CANCEL 7908
3673 ORDER 8031 31 36 48 41 1
3673 ORDER 8032 9 6 1 2 1
3674 CANCEL 7996
3674 ORDER 8033 51 9 22 40 2
3674 ORDER 8034 43 8 47 41 1
3675 ORDER 8035 30 11 49 41 0
3675 ORDER 8036 41 33 26 41 1
3676 ORDER 8037 38 26 2 39 0
3676 ORDER 8038 42 27 1 40 0
3677 ORDER 8039 7 14 1 24 0
3677 ORDER 8040 48 29 39 41 0
3677 ORDER 8041 12 12 3 23 0
3678 ORDER 8042 39 17 8 40 2
3678 ORDER 8043 36 21 1 9 0
3679 ORDER 8044 21 12 1 8 0
3679 ORDER 8045 31 26 13 41 1
3680 ORDER 8046 13 6 30 41 0
3680 ORDER 8047 8 32 10 40 0
3680 ORDER 8048 48 38 2 9 0
3681 ORDER 8049 50 24 1 31 1
3681 ORDER 8050 9 35 1 12 1
3682 ORDER 8051 10 8 2 9 3
3682 ORDER 8052 41 18 13 41 2
3683 ORDER 8053 46 16 2 41 3
3683 ORDER 8054 20 12 3 23 0
3683 ORDER 8055 28 20 19 40 0
3684 ORDER 8056 29 14 3 28 0
3684 ORDER 8057 9 9 2 5 0
3685 CANCEL 7771
3685 CANCEL 7789
3685 ORDER 8058 35 15 50 41 2
3685 ORDER 8059 35 8 2 23 0
3686 ORDER 8060 18 21 33 40 1
3686 ORDER 8061 23 9 44 40 1
3687 CANCEL 7932
3687 ORDER 8062 34 18 40 40 0
3687 ORDER 8063 31 3 45 41 0
3688 ORDER 8064 19 29 2 33 0
3688 ORDER 8065 19 38 1 18 2
3689 ORDER 8066 50 8 3 1 0
3689 ORDER 8067 19 14 18 41 1
3690 ORDER 8068 6 17 2 38 1
3690 ORDER 8069 31 5 3 21 0
3691 ORDER 8070 27 30 10 40 0
3691 ORDER 8071 35 30 1 27 0
3691 BLOCK 21 20
3692 CANCEL 7730
3692 ORDER 8072 13 8 1 10 1
3692 ORDER 8073 35 35 12 41 1
3693 ORDER 8074 46 26 52 41 1
3693 ORDER 8075 50 33 1 12 1
3694 CANCEL 7896
3694 ORDER 8076 29 18 1 31 1
3694 ORDER 8077 6 20 1 32 0
3694 ORDER 8078 10 29 32 41 1
3695 ORDER 8079 6 15 29 41 0
3695 ORDER 8080 8 8 3 6 1
3695 BLOCK 29 38
3696 CANCEL 7657
3696 ORDER 8081 40 8 3 41 0
3696 ORDER 8082 7 29 1 29 0
3697 ORDER 8083 45 30 1 19 0
3697 ORDER 8084 29 36 3 2 1
3698 ORDER 8085 22 21 1 22 0
3698 ORDER 8086 9 18 28 41 3
3699 ORDER 8087 19 38 1 22 0
3699 ORDER 8088 29 24 19 41 0
3700 ORDER 8089 24 10 2 34 0
3700 ORDER 8090 30 29 3 6 0
3701 CANCEL 7984
3701 ORDER 8091 36 5 54 40 0
3701 ORDER 8092 8 24 2 16 0
3701 ORDER 8093 16 20 1 38 1
3702 ORDER 8094 37 5 2 8 3
3702 ORDER 8095 15 21 2 7 0
3703 CANCEL 7846
3703 ORDER 8096 19 3 1 31 0
3703 ORDER 8097 26 35 3 23 0
3704 ORDER 8098 28 38 1 11 0
3704 ORDER 8099 29 21 1 4 0
3705 ORDER 8100 17 14 2 11 0
3705 ORDER 8101 25 9 2 14 1
3706 CANCEL 8091
3706 ORDER 8102 21 20 28 40 0
3706 ORDER 8103 21 29 3 9 0
3707 ORDER 8104 20 21 8 41 0
3707 ORDER 8105 40 23 9 40 0
3707 BLOCK 23 27
3708 ORDER 8106 41 3 2 10 1
3708 ORDER 8107 23 8 3 36 3
3709 ORDER 8108 45 3 13 40 0
3709 ORDER 8109 46 6 2 19 0
3710 CANCEL 7685
3710 ORDER 8110 38 26 37 41 1
3710 ORDER 8111 43 11 1 15 2
3711 UNBLOCK 37 9
3711 ORDER 8112 47 15 29 40 1
3711 ORDER 8113 8 33 1 1 0
3711 ORDER 8114 18 14 3 30 0
3712 ORDER 8115 19 12 14 40 0
3712 ORDER 8116 9 12 32 41 0
3713 ORDER 8117 45 32 2 29 0
3713 ORDER 8118 35 3 23 41 1
3713 BLOCK 47 26
3714 UNBLOCK 43 27
3714 ORDER 8119 20 18 19 40 0
3714 ORDER 8120 18 20 20 40 2
3715 ORDER 8121 11 9 28 41 1
3715 ORDER 8122 27 24 41 41 0
3716 ORDER 8123 36 29 2 37 2
3716 ORDER 8124 51 27 2 33 0
3717 CANCEL 7774
3717 ORDER 8125 33 18 2 20 1
3717 ORDER 8126 10 23 24 40 3
3718 ORDER 8127 50 12 1 6 2
3718 ORDER 8128 43 8 3 8 0
3718 ORDER 8129 40 27 9 41 1
3719 CANCEL 7942
3719 ORDER 8130 50 15 1 33 0
3719 ORDER 8131 25 30 1 11 0
3720 CANCEL 7784
3720 ORDER 8132 48 27 49 40 0
3720 ORDER 8133 46 26 3 39 1
3721 CANCEL 8004
3721 CANCEL 8013
3721 ORDER 8134 29 17 8 40 2
3721 ORDER 8135 37 35 3 31 0
3722 ORDER 8136 16 12 37 40 0
3722 ORDER 8137 27 3 53 41 0
3723 ORDER 8138 11 35 2 34 1
3723 ORDER 8139 50 32 28 40 1
3724 CANCEL 7759
3724 CANCEL 7957
3724 ORDER 8140 35 30 3 22 2
3724 ORDER 8141 19 20 3 17 3
3725 ORDER 8142 39 33 33 40 0
3725 ORDER 8143 38 21 52 40 0
3726 ORDER 8144 29 26 2 16 0
3726 ORDER 8145 23 27 1 26 0
3726 ORDER 8146 15 23 3 9 2
3727 ORDER 8147 17 8 3 5 0
3727 ORDER 8148 28 24 38 41 0
3728 CANCEL 7900
3728 ORDER 8149 18 9 46 40 0
3728 ORDER 8150 9 14 1 3 0
3729 CANCEL 8066
3729 ORDER 8151 16 15 31 40 3
3729 ORDER 8152 7 32 2 16 0
3729 ORDER 8153 26 9 48 40 2
3729 BLOCK 45 40
3730 ORDER 8154 7 29 30 41 1
3730 ORDER 8155 35 14 3 21 0
3730 ORDER 8156 43 36 1 29 1
3731 ORDER 8157 43 27 51 40 0
3731 ORDER 8158 30 6 13 41 0
3732 ORDER 8159 43 12 1 16 1
3732 ORDER 8160 12 36 1 15 1
3733 ORDER 8161 46 5 1 15 0
3733 ORDER 8162 48 26 1 9 0
3734 ORDER 8163 18 5 2 30 0
3734 ORDER 8164 18 35 2 30 0
3735 CANCEL 7975
3735 ORDER 8165 20 32 1 6 3
3735 ORDER 8166 43 11 37 40 0
3736 ORDER 8167 7 11 8 41 2
3736 ORDER 8168 11 7 4 41 0
3737 ORDER 8169 26 5 21 41 2
3737 ORDER 8170 35 11 1 14 0
3738 CANCEL 8007
3738 ORDER 8171 22 38 1 33 0
3738 ORDER 8172 17 17 1 34 1
3739 ORDER 8173 16 15 3 27 0
3739 ORDER 8174 11 30 2 15 1
3739 ORDER 8175 8 14 1 19 0
3740 ORDER 8176 12 38 26 40 0
3740 ORDER 8177 16 15 3 25 1
3740 ORDER 8178 19 27 7 40 0
3741 ORDER 8179 10 14 1 35 1
3741 ORDER 8180 30 14 2 7 0
3742 UNBLOCK 29 38
3742 ORDER 8181 19 17 3 2 0
3742 ORDER 8182 49 8 3 39 0
3742 ORDER 8183 32 15 1 24 0
3743 ORDER 8184 12 3 3 33 0
3743 ORDER 8185 37 30 29 41 0
3744 ORDER 8186 42 24 52 41 1
3744 ORDER 8187 46 33 3 25 1
3745 ORDER 8188 30 3 3 41 0
3745 ORDER 8189 40 5 42 41 0
3746 ORDER 8190 46 33 2 13 0
3746 ORDER 8191 40 23 10 40 1
3747 ORDER 8192 7 8 38 40 0
3747 ORDER 8193 42 35 3 15 1
3748 ORDER 8194 28 24 30 40 0
3748 ORDER 8195 41 20 8 41 0
3749 ORDER 8196 16 11 35 40 1
3749 ORDER 8197 9 29 2 9 0
3750 ORDER 8198 41 26 1 41 1
3750 ORDER 8199 39 24 22 40 1
3750 BLOCK 12 36
3751 ORDER 8200 33 11 2 36 1
3751 ORDER 8201 18 14 47 41 2
3752 ORDER 8202 11 18 45 40 1
3752 ORDER 8203 33 18 36 41 1
3752 ORDER 8204 34 21 3 38 0
3753 ORDER 8205 20 3 14 41 1
3753 ORDER 8206 46 8 3 41 0
3754 ORDER 8207 47 38 23 40 0
3754 ORDER 8208 30 30 27 40 1
3755 ORDER 8209 23 11 3 37 0
3755 ORDER 8210 45 23 37 40 1
3756 ORDER 8211 21 5 24 40 3
3756 ORDER 8212 35 18 2 1 0
3757 ORDER 8213 38 29 2 9 0
3757 ORDER 8214 9 14 3 11 0
3758 ORDER 8215 28 24 1 33 0
3758 ORDER 8216 24 38 51 41 1
3759 ORDER 8217 15 18 1 18 0
3759 ORDER 8218 22 29 40 40 0
3760 ORDER 8219 27 15 46 40 2
3760 ORDER 8220 32 17 2 1 0
3761 ORDER 8221 47 6 1 12 0
3761 ORDER 8222 49 17 3 36 0
3761 ORDER 8223 15 18 1 13 0
3762 ORDER 8224 40 32 23 41 0
3762 ORDER 8225 40 9 47 40 0
3762 ORDER 8226 21 12 1 39 2
3763 ORDER 8227 13 12 1 27 1
3763 ORDER 8228 34 36 34 40 2
3764 ORDER 8229 29 27 2 37 1
3764 ORDER 8230 11 21 3 34 0
3764 ORDER 8231 46 38 1 26 2
3765 ORDER 8232 36 8 46 40 2
3765 ORDER 8233 10 30 46 40 0
3766 ORDER 8234 48 29 16 40 1
3766 ORDER 8235 35 6 24 41 0
3767 UNBLOCK 46 2
3767 UNBLOCK 45 40
3767 ORDER 8236 37 21 3 25 0
3767 ORDER 8237 47 20 10 40 2
3768 CANCEL 7854
3768 ORDER 8238 8 14 26 41 0
3768 ORDER 8239 41 5 2 17 1
3769 ORDER 8240 47 12 2 40 0
3769 ORDER 8241 13 26 3 24 1
3770 ORDER 8242 46 12 1 7 1
3770 ORDER 8243 32 30 37 40 0
3771 UNBLOCK 21 20
3771 CANCEL 8105
3771 ORDER 8244 17 11 1 22 0
3771 ORDER 8245 41 33 1 26 1
3771 ORDER 8246 46 12 28 41 0
3772 ORDER 8247 21 33 20 41 0
3772 ORDER 8248 35 6 6 41 0
3773 ORDER 8249 20 8 7 41 0
3773 ORDER 8250 17 24 2 10 2
3774 ORDER 8251 44 14 11 41 0
3774 ORDER 8252 9 21 44 40 1
3774 ORDER 8253 29 6 7 41 0
3775 ORDER 8254 28 18 1 13 0
3775 ORDER 8255 46 23 49 41 0
3776 ORDER 8256 12 12 1 15 2
3776 ORDER 8257 39 24 1 21 0
3777 ORDER 8258 9 3 52 40 1
3777 ORDER 8259 21 24 3 26 0
3778 ORDER 8260 38 20 3 30 0
3778 ORDER 8261 43 24 3 39 0
3779 ORDER 8262 8 17 1 10 0
3779 ORDER 8263 19 23 3 16 0
3780 ORDER 8264 41 11 3 35 1
3780 ORDER 8265 6 30 38 41 1
3781 ORDER 8266 34 18 51 41 0
3781 ORDER 8267 51 11 50 40 1
3782 ORDER 8268 42 33 1 13 0
3782 ORDER 8269 26 23 41 40 3
3783 ORDER 8270 34 38 1 5 0
3783 ORDER 8271 50 36 2 22 1
3783 ORDER 8272 37 36 3 36 1
3784 ORDER 8273 44 6 44 41 1
3784 ORDER 8274 30 38 8 41 0
3784 BLOCK 39 11
3785 ORDER 8275 37 18 2 38 0
3785 ORDER 8276 38 30 3 37 0
3786 CANCEL 8192
3786 CANCEL 8250
3786 ORDER 8277 47 15 23 40 0
3786 ORDER 8278 41 18 2 21 0
3787 UNBLOCK 23 27
3787 ORDER 8279 28 17 1 21 1
3787 ORDER 8280 20 18 3 31 1
3788 ORDER 8281 22 24 52 41 0
3788 ORDER 8282 39 21 52 40 1
3789 UNBLOCK 30 21
3789 ORDER 8283 30 20 39 40 1
3789 ORDER 8284 26 32 29 40 0
3790 ORDER 8285 18 36 3 28 0
3790 ORDER 8286 50 27 2 32 3
3791 ORDER 8287 8 18 1 14 3
3791 ORDER 8288 22 11 43 40 1
3792 ORDER 8289 29 35 51 41 0
3792 ORDER 8290 17 12 1 24 0
3793 ORDER 8291 22 36 1 14 0
3793 ORDER 8292 12 35 30 40 0
3793 ORDER 8293 15 20 2 25 1
3794 UNBLOCK 47 26
3794 ORDER 8294 9 18 21 41 0
3794 ORDER 8295 43 12 1 1 0
3795 ORDER 8296 25 23 1 11 0
3795 ORDER 8297 6 9 7 41 2
3796 ORDER 8298 27 9 6 41 0
3796 ORDER 8299 50 12 52 40 1
3797 ORDER 8300 42 36 3 6 1
3797 ORDER 8301 44 14 3 11 0
3798 ORDER 8302 36 11 2 18 0
3798 ORDER 8303 19 17 1 24 3
3799 ORDER 8304 49 11 3 6 0
3799 ORDER 8305 10 38 50 41 0
3800 ORDER 8306 19 14 2 17 0
3800 ORDER 8307 14 15 2 27 0
3801 ORDER 8308 30 8 5 40 0
3801 ORDER 8309 41 15 1 1 0
3801 ORDER 8310 43 18 2 15 0
3802 CANCEL 8285
3802 ORDER 8311 34 9 52 41 0
3802 ORDER 8312 23 26 53 41 3
3803 CANCEL 8125
3803 ORDER 8313 13 30 3 12 0
3803 ORDER 8314 10 32 12 40 0
3804 ORDER 8315 28 6 3 11 0
3804 ORDER 8316 9 32 3 13 1
3805 CANCEL 8095
3805 ORDER 8317 16 11 3 28 0
3805 ORDER 8318 30 18 3 2 0
3805 ORDER 8319 10 8 54 41 0
3806 CANCEL 8005
3806 ORDER 8320 33 36 38 40 1
3806 ORDER 8321 6 26 2 24 0
3807 ORDER 8322 30 35 1 40 1
3807 ORDER 8323 47 15 21 41 0
3808 ORDER 8324 27 33 2 16 1
3808 ORDER 8325 37 23 45 41 0
3809 ORDER 8326 46 8 32 41 3
3809 ORDER 8327 15 15 2 22 0
3810 ORDER 8328 10 38 1 36 0
3810 ORDER 8329 8 18 2 24 0
3811 CANCEL 8111
3811 ORDER 8330 30 3 13 40 1
3811 ORDER 8331 6 6 29 40 0
3812 ORDER 8332 6 5 53 40 0
3812 ORDER 8333 50 32 8 41 0
3813 ORDER 8334 8 18 13 40 0
3813 ORDER 8335 51 11 3 4 0
3813 ORDER 8336 27 30 16 40 0
3814 ORDER 8337 8 33 3 13 0
3814 ORDER 8338 41 3 1 29 0
3815 ORDER 8339 46 24 2 4 3
3815 ORDER 8340 22 12 53 41 0
3815 ORDER 8341 11 8 40 40 1
3816 ORDER 8342 40 14 1 9 2
3816 ORDER 8343 20 20 2 22 0
3816 ORDER 8344 7 14 1 25 0
3817 ORDER 8345 39 28 15 40 0
3817 ORDER 8346 18 38 3 32 0
3818 ORDER 8347 48 23 1 2 2
3818 ORDER 8348 37 35 6 41 1
3819 ORDER 8349 46 36 3 19 0
3819 ORDER 8350 11 24 5 41 0
3819 ORDER 8351 8 35 8 41 3
3820 ORDER 8352 34 38 15 41 0
3820 ORDER 8353 46 36 16 41 0
3820 ORDER 8354 41 24 2 24 0
3821 ORDER 8355 7 24 1 33 1
3821 ORDER 8356 18 35 35 41 0
3821 ORDER 8357 51 21 1 17 0
3822 ORDER 8358 15 21 10 41 0
3822 ORDER 8359 8 35 19 40 2
3823 ORDER 8360 38 12 3 20 0
3823 ORDER 8361 37 23 30 41 0
3824 ORDER 8362 13 8 3 32 0
3824 ORDER 8363 36 15 1 4 0
3825 CANCEL 8288
3825 ORDER 8364 41 3 38 40 0
3825 ORDER 8365 17 30 2 15 1
3826 ORDER 8366 46 33 30 40 0
3826 ORDER 8367 24 18 1 18 3
3827 ORDER 8368 17 9 1 33 0
3827 ORDER 8369 31 15 2 38 0
3827 ORDER 8370 17 14 43 40 0
3828 CANCEL 8229
3828 CANCEL 8261
3828 ORDER 8371 50 33 3 32 0
3828 ORDER 8372 13 14 3 37 0
3829 ORDER 8373 34 21 3 34 0
3829 ORDER 8374 29 17 2 33 0
3830 ORDER 8375 46 30 20 41 2
3830 ORDER 8376 37 27 22 40 0
3831 CANCEL 8291
3831 ORDER 8377 36 11 40 40 2
3831 ORDER 8378 13 14 1 2 0
3832 CANCEL 7950
3832 ORDER 8379 33 38 20 41 0
3832 ORDER 8380 37 21 1 23 1
3833 UNBLOCK 12 36
3833 ORDER 8381 9 38 3 32 3
3833 ORDER 8382 8 17 1 23 1
3834 ORDER 8383 30 12 3 29 1
3834 ORDER 8384 16 29 1 8 2
3834 ORDER 8385 19 17 3 19 0
3835 ORDER 8386 45 8 11 40 0
3835 ORDER 8387 24 26 3 39 0
3836 ORDER 8388 48 29 3 26 1
3836 ORDER 8389 30 20 1 33 2
3837 ORDER 8390 9 29 3 13 0
3837 ORDER 8391 48 21 2 9 0
3838 ORDER 8392 49 5 2 14 0
3838 ORDER 8393 7 18 2 5 0
3839 ORDER 8394 41 23 3 2 0
3839 ORDER 8395 41 27 30 40 0
3840 CANCEL 8339
3840 ORDER 8396 30 29 2 29 3
3840 ORDER 8397 49 25 13 40 0
3841 ORDER 8398 39 9 13 41 1
3841 ORDER 8399 9 24 5 41 0
3841 ORDER 8400 39 26 14 40 0
3842 ORDER 8401 47 15 38 40 0
3842 ORDER 8402 47 24 43 40 1
3843 ORDER 8403 43 6 2 13 0
3843 ORDER 8404 47 6 2 18 1
3844 ORDER 8405 50 32 2 7 0
3844 ORDER 8406 46 6 29 40 2
3845 ORDER 8407 12 29 3 27 2
3845 ORDER 8408 18 33 2 19 0
3846 ORDER 8409 31 8 14 40 1
3846 ORDER 8410 27 29 1 24 1
3846 ORDER 8411 8 30 2 21 1
3847 ORDER 8412 23 24 42 41 0
3847 ORDER 8413 7 20 31 41 0
3848 ORDER 8414 41 36 3 31 2
3848 ORDER 8415 6 14 47 41 3
3849 ORDER 8416 32 17 3 29 1
3849 ORDER 8417 50 36 20 41 0
3849 ORDER 8418 9 23 27 40 1
3850 ORDER 8419 21 27 14 41 2
3850 ORDER 8420 25 35 33 41 2
3851 ORDER 8421 32 32 2 23 0
3851 ORDER 8422 8 26 1 17 1
3852 ORDER 8423 16 26 3 24 0
3852 ORDER 8424 24 14 16 41 0
3853 ORDER 8425 35 23 3 10 1
3853 ORDER 8426 45 5 3 27 0
3854 ORDER 8427 24 20 3 32 1
3854 ORDER 8428 16 29 2 29 0
3855 ORDER 8429 51 35 2 14 1
3855 ORDER 8430 7 24 2 3 0
3856 ORDER 8431 40 9 2 28 1
3856 ORDER 8432 27 36 8 41 0
3857 ORDER 8433 19 33 2 27 0
3857 ORDER 8434 21 17 2 13 0
3858 CANCEL 8226
3858 ORDER 8435 10 32 3 40 0
3858 ORDER 8436 39 9 2 12 0
3859 CANCEL 8148
3859 ORDER 8437 38 26 2 8 0
3859 ORDER 8438 11 24 3 39 0
3859 ORDER 8439 48 3 40 41 1
3860 CANCEL 8335
3860 ORDER 8440 48 33 3 39 2
3860 ORDER 8441 29 17 51 40 1
3861 CANCEL 8373
3861 ORDER 8442 45 21 15 41 1
3861 ORDER 8443 17 5 2 38 0
3862 ORDER 8444 8 36 2 36 0
3862 ORDER 8445 35 24 3 24 0
3863 CANCEL 8144
3863 ORDER 8446 32 6 3 15 0
3863 ORDER 8447 42 27 48 40 0
3864 ORDER 8448 32 14 2 21 1
3864 ORDER 8449 8 35 2 40 1
3865 ORDER 8450 19 6 1 14 0
3865 ORDER 8451 36 23 1 18 1
3866 ORDER 8452 12 20 23 41 0
3866 ORDER 8453 28 18 2 6 2
3867 CANCEL 8411
3867 ORDER 8454 17 27 12 40 1
3867 ORDER 8455 30 20 52 41 0
3868 ORDER 8456 49 15 3 32 1
3868 ORDER 8457 20 8 1 21 0
3869 ORDER 8458 9 8 40 41 1
3869 ORDER 8459 43 38 18 40 1
3870 CANCEL 8314
3870 ORDER 8460 39 21 48 40 0
3870 ORDER 8461 30 6 25 40 0
3871 ORDER 8462 44 6 26 41 0
3871 ORDER 8463 48 12 3 11 0
3872 ORDER 8464 36 12 9 41 0
3872 ORDER 8465 8 12 37 40 0
3873 ORDER 8466 24 12 1 16 0
3873 ORDER 8467 37 6 2 24 3
3874 ORDER 8468 17 20 3 2 1
3874 ORDER 8469 30 11 53 41 0
3875 ORDER 8470 47 25 2 33 0
3875 ORDER 8471 35 12 3 29 3
3875 ORDER 8472 27 32 29 40 0
3876 CANCEL 8088
3876 ORDER 8473 30 5 3 16 1
3876 ORDER 8474 34 23 20 41 1
3877 ORDER 8475 22 14 42 41 0
3877 ORDER 8476 23 27 2 32 0
3878 ORDER 8477 37 35 4 41 0
3878 ORDER 8478 21 35 2 40 1
3878 ORDER 8479 17 9 8 40 0
3879 CANCEL 8268
3879 ORDER 8480 48 38 1 25 0
3879 ORDER 8481 39 12 1 16 0
3880 CANCEL 8237
3880 ORDER 8482 40 21 1 39 0
3880 ORDER 8483 36 17 5 41 1
3880 CANCEL 108483
3881 ORDER 8484 18 15 3 37 0
3881 ORDER 8485 17 6 1 37 1
3882 ORDER 8486 36 9 3 24 0
3882 ORDER 8487 9 32 37 41 1
3883 ORDER 8488 18 29 2 26 0
3883 ORDER 8489 24 9 6 40 2
3883 ORDER 8490 37 15 8 40 0
3884 ORDER 8491 31 33 3 35 1
3884 ORDER 8492 21 21 2 10 0
3884 ORDER 8493 14 9 2 6 1
3885 ORDER 8494 39 9 2 10 0
3885 ORDER 8495 35 5 2 7 1
3886 CANCEL 8248
3886 ORDER 8496 40 9 29 40 0
3886 ORDER 8497 18 29 42 41 0
3887 ORDER 8498 45 18 30 41 0
3887 ORDER 8499 49 35 34 40 0
3888 ORDER 8500 38 32 13 41 0
3888 ORDER 8501 11 21 36 40 0
3888 ORDER 8502 47 26 2 36 0
3889 CANCEL 8362
3889 ORDER 8503 15 15 2 28 0
3889 ORDER 8504 36 27 1 33 0
3890 CANCEL 8489
3890 ORDER 8505 10 30 1 30 0
3890 ORDER 8506 41 24 15 41 0
3891 CANCEL 8448
3891 ORDER 8507 7 23 20 41 0
3891 ORDER 8508 30 18 13 41 0
3892 ORDER 8509 19 35 50 41 3
3892 ORDER 8510 48 21 1 26 0
3892 ORDER 8511 36 5 41 41 1
3893 ORDER 8512 7 33 50 40 1
3893 ORDER 8513 13 32 3 13 1
3894 ORDER 8514 50 6 1 31 0
3894 ORDER 8515 7 35 3 33 0
3895 ORDER 8516 6 29 40 40 1
3895 ORDER 8517 12 12 1 35 0
3896 ORDER 8518 41 21 1 17 2
3896 ORDER 8519 38 18 1 20 1
3897 ORDER 8520 30 27 3 1 0
3897 ORDER 8521 12 24 3 18 0
3898 ORDER 8522 21 35 1 30 0
3898 ORDER 8523 49 23 31 40 0
3899 CANCEL 8459
3899 ORDER 8524 50 35 1 13 1
3899 ORDER 8525 11 11 3 25 1
3900 ORDER 8526 22 12 22 41 3
3900 ORDER 8527 8 17 52 41 0
3900 ORDER 8528 38 30 2 19 0
3901 ORDER 8529 6 9 2 1 1
3901 ORDER 8530 25 18 51 40 0
3902 ORDER 8531 48 30 3 12 0
3902 ORDER 8532 40 3 3 37 0
3903 ORDER 8533 18 14 2 15 0
3903 ORDER 8534 8 17 2 19 0
3904 ORDER 8535 19 36 3 9 1
3904 ORDER 8536 35 8 49 41 0
3905 ORDER 8537 27 8 3 36 0
3905 ORDER 8538 15 15 9 41 0
3906 ORDER 8539 20 17 2 22 0
3906 ORDER 8540 27 20 2 7 2
3907 ORDER 8541 49 33 2 37 1
3907 ORDER 8542 40 17 2 5 2
3908 ORDER 8543 22 21 7 41 1
3908 ORDER 8544 47 23 54 41 2
3909 UNBLOCK 39 11
3909 CANCEL 8446
3909 ORDER 8545 12 6 3 32 1
3909 ORDER 8546 35 32 2 26 0
3910 CANCEL 8284
3910 ORDER 8547 24 20 1 37 2
3910 ORDER 8548 18 29 2 32 1
3911 ORDER 8549 47 38 42 40 0
3911 ORDER 8550 43 18 15 40 0
3912 ORDER 8551 8 29 1 26 1
3912 ORDER 8552 50 38 43 40 1
3913 CANCEL 8548
3913 ORDER 8553 26 20 4 40 1
3913 ORDER 8554 10 36 32 40 0
3914 ORDER 8555 32 38 24 41 0
3914 ORDER 8556 9 3 19 40 0
3914 ORDER 8557 12 8 1 35 0
3915 ORDER 8558 6 8 24 41 0
3915 ORDER 8559 16 11 51 41 3
3916 CANCEL 8177
3916 ORDER 8560 36 14 1 36 0
3916 ORDER 8561 50 36 3 29 0
3917 ORDER 8562 14 33 1 3 0
3917 ORDER 8563 28 27 46 40 0
3918 ORDER 8564 35 32 46 41 0
3918 ORDER 8565 6 9 45 40 1
3918 ORDER 8566 49 24 9 40 2
3919 ORDER 8567 19 29 16 41 0
3919 ORDER 8568 36 33 1 41 1
3919 ORDER 8569 20 6 45 41 0
3920 ORDER 8570 47 30 3 17 1
3920 ORDER 8571 31 21 50 40 0
3920 ORDER 8572 47 3 3 4 0
3921 ORDER 8573 12 33 29 41 0
3921 ORDER 8574 40 17 1 27 0
3922 ORDER 8575 10 18 11 40 0
3922 ORDER 8576 20 18 2 8 0
3923 CANCEL 8295
3923 ORDER 8577 26 11 2 33 1
3923 ORDER 8578 22 26 43 40 3
3924 ORDER 8579 27 14 3 21 2
3924 ORDER 8580 16 8 36 41 0
3925 ORDER 8581 34 18 41 40 1
3925 ORDER 8582 24 8 51 41 0
3926 ORDER 8583 44 29 1 4 1
3926 ORDER 8584 29 23 25 41 0
3927 CANCEL 8413
3927 CANCEL 8564
3927 ORDER 8585 6 14 36 41 1
3927 ORDER 8586 24 24 9 40 0
3928 ORDER 8587 22 8 38 41 2
3928 ORDER 8588 30 6 8 41 1
3929 ORDER 8589 20 33 47 41 0
3929 ORDER 8590 18 18 2 11 0
3930 ORDER 8591 17 12 24 40 0
3930 ORDER 8592 34 36 36 40 2
3931 ORDER 8593 41 11 1 38 1
3931 ORDER 8594 25 20 42 41 0
3932 ORDER 8595 22 14 43 40 0
3932 ORDER 8596 24 14 3 6 0
3932 ORDER 8597 19 12 3 3 0
3933 CANCEL 8167
3933 ORDER 8598 48 14 35 41 0
3933 ORDER 8599 49 20 2 28 1
3934 ORDER 8600 12 5 3 23 0
3934 ORDER 8601 28 20 34 40 0
3935 ORDER 8602 38 21 28 41 0
3935 ORDER 8603 40 35 25 40 0
3936 ORDER 8604 19 11 27 41 0
3936 ORDER 8605 9 33 3 32 0
3937 ORDER 8606 35 30 2 7 0
3937 ORDER 8607 10 12 2 2 0
3937 ORDER 8608 26 21 2 29 1
3937 BLOCK 47 32
3938 ORDER 8609 9 12 27 40 0
3938 ORDER 8610 24 12 2 19 0
3939 ORDER 8611 48 12 3 2 0
3939 ORDER 8612 10 11 1 37 0
3940 ORDER 8613 24 5 3 8 0
3940 ORDER 8614 7 23 18 41 0
3941 ORDER 8615 8 12 18 41 1
3941 ORDER 8616 35 15 2 3 0
3941 BLOCK 12 29
3942 ORDER 8617 36 18 3 40 0
3942 ORDER 8618 39 9 1 23 2
3943 ORDER 8619 22 29 3 8 0
3943 ORDER 8620 18 18 3 23 0
3944 ORDER 8621 6 8 2 27 1
3944 ORDER 8622 35 26 2 20 0
3945 ORDER 8623 37 27 21 41 2
3945 ORDER 8624 32 35 3 25 1
3945 ORDER 8625 35 21 2 41 0
3946 ORDER 8626 22 29 1 40 1
3946 ORDER 8627 30 14 3 9 0
3947 ORDER 8628 41 23 51 40 2
3947 ORDER 8629 40 12 3 3 0
3948 ORDER 8630 22 26 3 19 1
3948 ORDER 8631 40 36 3 35 2
3949 ORDER 8632 40 27 48 40 0
3949 ORDER 8633 22 29 48 41 1
3950 ORDER 8634 40 35 2 40 1
3950 ORDER 8635 29 23 42 40 0
3951 ORDER 8636 47 32 13 41 0
3951 ORDER 8637 46 11 2 14 0
3952 ORDER 8638 28 6 1 10 0
3952 ORDER 8639 42 24 15 40 0
3953 ORDER 8640 45 18 27 41 0
3953 ORDER 8641 27 36 1 24 0
3954 ORDER 8642 49 38 18 40 0
3954 ORDER 8643 28 24 9 41 0
3955 ORDER 8644 36 3 1 29 1
3955 ORDER 8645 12 26 1 38 3
3956 ORDER 8646 40 30 53 41 0
3956 ORDER 8647 11 5 2 2 1
3956 ORDER 8648 37 23 3 6 2
3957 CANCEL 8258
3957 ORDER 8649 16 6 36 40 1
3957 ORDER 8650 33 9 3 37 0
3958 ORDER 8651 51 21 7 40 0
3958 ORDER 8652 42 35 45 40 0
3959 ORDER 8653 42 9 44 41 3
3959 ORDER 8654 48 12 2 37 0
3960 ORDER 8655 18 20 1 17 1
3960 ORDER 8656 9 29 37 40 1
3961 ORDER 8657 35 6 23 41 0
3961 ORDER 8658 42 15 1 10 1
3961 ORDER 8659 30 24 3 35 0
3962 ORDER 8660 11 17 22 41 0
3962 ORDER 8661 7 21 12 40 0
3963 ORDER 8662 30 36 2 7 1
3963 ORDER 8663 29 27 2 17 1
3964 ORDER 8664 20 20 2 37 0
3964 ORDER 8665 41 27 5 41 0
3964 ORDER 8666 36 30 21 40 0
3965 ORDER 8667 9 8 1 33 1
3965 ORDER 8668 10 17 28 40 0
3966 ORDER 8669 9 3 2 37 3
3966 ORDER 8670 24 24 1 14 0
3967 ORDER 8671 42 27 11 41 1
3967 ORDER 8672 24 17 42 41 0
3968 ORDER 8673 30 32 45 40 0
3968 ORDER 8674 16 24 1 32 0
3969 ORDER 8675 43 38 35 40 2
3969 ORDER 8676 46 9 34 41 0
3970 ORDER 8677 21 3 3 37 1
3970 ORDER 8678 27 8 2 25 2
3971 ORDER 8679 33 9 3 17 0
3971 ORDER 8680 7 11 1 14 1
3971 ORDER 8681 39 23 2 40 1
3972 ORDER 8682 24 12 2 37 2
3972 ORDER 8683 25 3 37 41 0
3973 ORDER 8684 47 5 15 40 2
3973 ORDER 8685 10 27 3 5 1
3974 ORDER 8686 28 30 6 40 0
3974 ORDER 8687 17 8 1 26 1
3974 ORDER 8688 36 35 1 39 0
3975 CANCEL 8279
3975 ORDER 8689 47 17 11 40 2
3975 ORDER 8690 34 3 11 41 2
3975 ORDER 8691 38 29 30 40 0
3976 CANCEL 8642
3976 ORDER 8692 23 9 2 2 1
3976 ORDER 8693 17 27 2 33 0
3977 ORDER 8694 43 26 39 40 1
3977 ORDER 8695 9 11 42 41 3
3978 ORDER 8696 25 21 10 40 0
3978 ORDER 8697 16 3 2 32 1
3979 ORDER 8698 21 6 1 37 2
3979 ORDER 8699 25 3 33 40 0
3980 ORDER 8700 50 23 3 21 1
3980 ORDER 8701 33 18 46 41 0
3981 CANCEL 8392
3981 ORDER 8702 24 15 1 33 1
3981 ORDER 8703 33 9 31 40 2
3982 ORDER 8704 40 29 19 41 0
3982 ORDER 8705 31 8 49 41 1
3982 ORDER 8706 35 3 6 40 1
3983 ORDER 8707 18 36 1 40 0
3983 ORDER 8708 35 18 1 8 1
3984 ORDER 8709 30 9 27 41 1
3984 ORDER 8710 35 3 33 40 1
3985 ORDER 8711 34 21 6 40 0
3985 ORDER 8712 17 36 21 41 0
3986 CANCEL 8494
3986 ORDER 8713 28 23 2 18 2
3986 ORDER 8714 34 3 23 41 0
3986 ORDER 8715 48 32 6 40 0
3987 CANCEL 8477
3987 ORDER 8716 38 23 2 29 0
3987 ORDER 8717 8 23 3 40 2
3988 CANCEL 8401
3988 CANCEL 8614
3988 ORDER 8718 35 12 3 33 2
3988 ORDER 8719 10 9 1 38 0
3989 CANCEL 8675
3989 ORDER 8720 24 20 24 40 0
3989 ORDER 8721 17 20 49 41 3
3990 ORDER 8722 46 9 2 15 2
3990 ORDER 8723 40 30 2 2 0
3990 ORDER 8724 11 25 3 39 0
3991 ORDER 8725 41 15 3 36 0
3991 ORDER 8726 27 6 3 17 0
3992 CANCEL 8545
3992 ORDER 8727 47 14 1 38 0
3992 ORDER 8728 12 36 1 1 0
3993 ORDER 8729 7 30 3 31 0
3993 ORDER 8730 34 21 2 9 1
3993 ORDER 8731 21 30 7 41 0
3994 ORDER 8732 30 5 4 40 0
3994 ORDER 8733 13 32 32 40 0
3995 ORDER 8734 51 29 1 17 1
3995 ORDER 8735 9 9 2 33 3
3996 CANCEL 8693
3996 ORDER 8736 12 32 42 41 1
3996 ORDER 8737 41 20 2 17 0
3997 CANCEL 8593
3997 ORDER 8738 43 36 52 40 0
3997 ORDER 8739 17 12 3 13 0
3998 ORDER 8740 48 35 53 40 0
3998 ORDER 8741 47 29 1 11 3
3998 ORDER 8742 50 11 44 41 2
3999 ORDER 8743 10 11 2 3 1
3999 ORDER 8744 48 3 2 6 0
