90 64 5000
##########################################################################################
#.....C..C..C..C..C..C..C..C..C..C..C..C..C..C..C..C..C..C..C..C..C..C..C..C.............#
#........................................................................................#
#........................................................................................#
#.....#######..#######..#########..#######..#######..#######..#########..########..###...#
#........................................................................................#
#........................................................................................#
#.....######..########..#######..######..######..######..#######..######..########..##...#
#........................................................................................#
#........................................................................................#
#.....######..########..#########..#########..#########..########..########..######..#...#
#........................................................................................#
#........................................................................................#
#.....######..#########..########..#########..#######..########..#######..#########..#...#
#........................................................................................#
#........................................................................................#
#.....######..########..######..#######..#######..########..#########..######..#######...#
#........................................................................................#
#........................................................................................#
#.....######..#######..#########..######..########..#######..#######..########..######...#
#........................................................................................#
#........................................................................................#
#.....######..#########..########..########..########..########..#######..######..####...#
#........................................................................................#
#........................................................................................#
#.....#######..#########..#######..########..######..#########..########..######..####...#
#........................................................................................#
#........................................................................................#
#.....########..#######..#######..########..########..######..######..########..######...#
#........................................................................................#
#........................................................................................#
#.....######..#######..#######..######..########..#########..#########..#######..#####...#
#........................................................................................#
#........................................................................................#
#.....#######..########..########..########..#########..#########..######..######..###...#
#........................................................................................#
#........................................................................................#
#.....######..######..#########..######..########..######..######..#########..#######....#
#........................................................................................#
#........................................................................................#
#.....######..#######..########..######..#########..#######..#######..#######..######....#
#........................................................................................#
#........................................................................................#
#.....######..#######..######..#########..######..#######..######..########..#######.....#
#........................................................................................#
#........................................................................................#
#.....#########..######..######..########..#########..#######..#########..#########..#...#
#........................................................................................#
#........................................................................................#
#.....#######..#######..#########..#########..#######..######..#########..#########..#...#
#........................................................................................#
#........................................................................................#
#.....#########..########..#######..######..######..######..######..########..######.....#
#........................................................................................#
#........................................................................................#
#.....########..#########..########..########..######..########..#########..######..##...#
#........................................................................................#
#........................................................................................#
#.....########..######..#######..#########..######..#######..######..########..#######...#
#........................................................................................#
#........................................................................................#
#........................................................................................#
#........................................................................................#
##########################################################################################
PARAMS 1232 61 308 30 50 3 150 3
ROBOTS 160
85 38
27 35
42 48
20 12
14 58
28 57
32 41
59 27
86 28
41 3
88 59
12 16
5 1
73 20
58 12
3 17
42 5
72 8
36 14
60 60
63 27
73 35
20 3
41 9
36 35
19 36
38 8
50 61
58 50
10 14
21 43
18 26
72 15
43 36
88 55
62 57
70 56
44 6
40 56
76 44
21 6
27 20
17 41
5 2
62 33
45 36
42 50
67 12
11 9
57 24
77 26
46 9
71 9
26 18
59 42
43 11
24 5
84 11
84 35
68 33
70 41
36 36
53 56
4 11
87 36
37 15
80 61
81 32
64 9
88 22
5 55
74 59
14 38
70 54
64 56
68 48
55 41
23 22
77 41
87 15
38 62
3 8
76 37
83 10
2 18
68 60
35 62
65 24
61 4
11 56
74 51
73 17
67 15
73 12
62 24
56 35
69 60
82 24
75 10
68 26
64 61
57 44
63 50
55 47
52 33
5 9
87 29
2 10
16 9
5 53
47 12
67 42
1 2
88 4
4 7
23 12
6 42
17 60
34 24
22 33
35 6
20 54
37 51
35 15
41 29
47 8
43 30
28 8
50 50
58 45
55 51
49 2
27 11
11 61
17 39
74 6
59 33
18 21
56 56
66 15
69 50
39 32
70 11
79 36
80 24
73 27
47 17
46 27
29 62
6 54
2 5
61 17
10 47
2 36
27 54
22 6
24 57
45 47
22 11
6 11
EVENTS 8657
0 ORDER 1 29 36 2 43 1
1 ORDER 2 18 42 72 62 1
1 ORDER 3 81 57 88 61 1
2 ORDER 4 22 29 83 61 0
2 ORDER 5 25 27 12 61 0
3 ORDER 6 63 53 70 61 0
3 BLOCK 73 13
4 ORDER 7 35 36 1 22 1
4 ORDER 8 9 12 35 61 1
5 ORDER 9 65 18 21 61 0
5 BLOCK 76 47
6 ORDER 10 6 57 7 61 1
7 ORDER 11 82 17 27 61 1
7 BLOCK 42 5
8 ORDER 12 47 26 3 23 0
8 ORDER 13 41 50 1 9 0
8 BLOCK 82 59
9 ORDER 14 7 42 1 60 0
9 ORDER 15 36 57 51 61 0
10 ORDER 16 8 21 2 24 0
11 ORDER 17 21 45 64 61 0
12 ORDER 18 30 51 2 40 0
13 ORDER 19 37 59 32 61 0
14 ORDER 20 19 6 3 16 2
14 BLOCK 79 9
15 ORDER 21 38 5 2 39 0
15 ORDER 22 64 25 2 60 2
15 BLOCK 23 9
16 ORDER 23 35 50 9 62 1
16 ORDER 24 27 3 15 62 0
17 ORDER 25 21 14 3 28 0
17 BLOCK 69 14
18 ORDER 26 79 5 1 4 0
19 ORDER 27 47 3 1 53 0
20 ORDER 28 27 14 2 17 0
20 ORDER 29 7 27 1 4 0
21 ORDER 30 16 14 79 61 1
22 ORDER 31 44 6 2 35 0
23 ORDER 32 81 30 2 18 1
23 ORDER 33 10 29 65 62 1
24 ORDER 34 39 50 1 9 1
25 ORDER 35 55 23 79 61 1
26 ORDER 36 36 26 1 2 2
27 ORDER 37 48 9 59 61 1
27 ORDER 38 65 53 2 7 0
28 ORDER 39 47 53 3 41 0
28 BLOCK 58 52
29 UNBLOCK 79 9
29 ORDER 40 72 57 44 61 0
30 UNBLOCK 76 47
30 ORDER 41 30 29 2 32 0
31 ORDER 42 60 36 3 9 1
32 ORDER 43 41 17 66 61 0
33 ORDER 44 57 24 88 61 0
34 ORDER 45 79 44 3 56 1
35 ORDER 46 7 9 64 62 3
36 ORDER 47 8 57 13 61 0
37 ORDER 48 15 9 66 62 0
37 BLOCK 29 33
38 ORDER 49 30 48 2 21 0
39 ORDER 50 39 21 60 62 0
40 ORDER 51 46 53 3 53 0
41 ORDER 52 84 54 1 27 0
42 ORDER 53 80 8 1 59 0
43 ORDER 54 43 17 2 56 1
44 UNBLOCK 69 14
44 ORDER 55 9 54 1 49 1
45 ORDER 56 69 14 9 62 0
46 ORDER 57 19 53 3 46 0
46 ORDER 58 8 42 2 49 1
47 ORDER 59 31 25 87 62 0
48 ORDER 60 29 26 3 43 2
49 ORDER 61 80 14 73 61 1
49 ORDER 62 35 9 32 61 0
50 ORDER 63 74 12 83 62 0
51 ORDER 64 36 23 64 62 0
52 ORDER 65 37 41 68 62 1
53 ORDER 66 61 38 2 59 1
53 BLOCK 81 35
54 ORDER 67 50 26 77 62 0
54 ORDER 68 10 36 1 54 0
55 ORDER 69 81 56 16 61 1
55 ORDER 70 8 26 29 62 1
56 ORDER 71 22 26 51 61 0
57 ORDER 72 26 45 1 32 0
58 ORDER 73 84 21 41 61 0
58 ORDER 74 11 54 3 32 0
58 BLOCK 46 53
59 ORDER 75 47 18 83 61 0
60 ORDER 76 46 26 2 44 0
60 BLOCK 30 6
61 ORDER 77 33 36 45 61 0
62 UNBLOCK 58 52
62 ORDER 78 18 39 3 59 1
63 ORDER 79 68 35 79 61 3
63 BLOCK 37 59
64 ORDER 80 25 41 60 62 0
64 ORDER 81 79 4 58 61 0
64 BLOCK 78 15
65 ORDER 82 17 51 46 62 1
65 ORDER 83 68 3 29 62 3
65 BLOCK 23 54
66 ORDER 84 56 27 7 61 0
67 ORDER 85 34 36 3 24 0
68 ORDER 86 19 18 61 62 0
68 BLOCK 41 44
69 UNBLOCK 73 13
69 ORDER 87 18 5 82 62 0
69 ORDER 88 51 6 52 62 1
70 UNBLOCK 29 33
70 ORDER 89 47 26 2 10 0
71 ORDER 90 41 24 43 61 0
72 ORDER 91 51 11 1 44 0
72 BLOCK 79 54
73 ORDER 92 31 42 39 61 3
73 BLOCK 74 54
74 ORDER 93 21 23 47 61 2
75 ORDER 94 8 48 2 59 0
75 ORDER 95 76 23 75 61 0
76 ORDER 96 6 20 53 62 1
77 ORDER 97 36 48 36 61 1
77 BLOCK 76 59
78 ORDER 98 8 29 53 61 1
79 ORDER 99 29 33 62 62 0
79 ORDER 100 16 35 2 5 0
80 ORDER 101 36 50 1 51 0
80 BLOCK 14 23
81 ORDER 102 22 45 2 3 0
81 BLOCK 29 15
82 ORDER 103 59 26 40 62 2
83 ORDER 104 29 48 2 2 2
84 ORDER 105 56 24 3 47 0
85 ORDER 106 69 21 76 61 0
85 BLOCK 10 35
86 ORDER 107 9 23 1 53 2
86 ORDER 108 64 17 2 28 0
87 ORDER 109 24 9 3 41 0
87 ORDER 110 69 11 1 10 0
88 ORDER 111 58 30 3 26 0
89 UNBLOCK 82 59
89 ORDER 112 30 24 65 62 1
90 ORDER 113 80 47 27 61 0
90 ORDER 114 59 50 3 52 0
91 ORDER 115 7 24 1 45 0
92 ORDER 116 64 44 2 45 0
93 ORDER 117 81 56 25 61 1
94 ORDER 118 55 47 25 61 0
95 ORDER 119 85 48 27 61 3
96 UNBLOCK 23 9
96 UNBLOCK 30 6
96 ORDER 120 39 33 16 61 1
96 ORDER 121 66 6 67 62 0
96 BLOCK 59 5
97 UNBLOCK 78 15
97 ORDER 122 22 38 22 62 0
98 ORDER 123 61 15 2 54 1
98 BLOCK 40 44
99 ORDER 124 50 56 1 10 2
99 BLOCK 16 23
100 UNBLOCK 42 5
100 ORDER 125 72 15 3 1 0
100 BLOCK 79 61
101 UNBLOCK 79 54
101 ORDER 126 19 35 2 43 0
102 ORDER 127 61 35 30 61 0
103 ORDER 128 52 20 75 61 0
103 ORDER 129 52 20 12 62 0
104 ORDER 130 63 39 34 62 1
104 ORDER 131 50 29 2 35 2
105 UNBLOCK 76 59
105 ORDER 132 71 48 82 61 1
106 ORDER 133 84 20 2 15 0
106 ORDER 134 33 8 31 61 0
107 ORDER 135 83 38 72 62 0
108 ORDER 136 14 9 80 62 0
109 ORDER 137 41 54 18 62 0
109 BLOCK 38 12
110 UNBLOCK 16 23
110 ORDER 138 52 53 3 41 0
111 ORDER 139 47 53 3 41 0
111 ORDER 140 80 5 25 62 0
112 ORDER 141 11 35 1 8 0
112 ORDER 142 14 12 71 61 0
113 ORDER 143 45 33 2 17 1
114 ORDER 144 38 53 1 33 1
115 ORDER 145 29 11 2 11 1
116 ORDER 146 17 14 3 33 1
117 CANCEL 111
117 ORDER 147 80 20 82 62 2
117 ORDER 148 66 24 26 62 0
117 BLOCK 47 29
118 UNBLOCK 74 54
118 ORDER 149 38 29 54 61 0
119 ORDER 150 76 18 1 32 0
119 BLOCK 65 26
120 ORDER 151 24 38 2 12 1
120 BLOCK 56 45
121 ORDER 152 44 44 2 6 0
122 ORDER 153 59 38 64 61 0
122 ORDER 154 79 59 45 61 0
122 BLOCK 60 57
123 ORDER 155 64 44 1 42 1
124 ORDER 156 53 51 31 62 1
124 BLOCK 85 62
125 ORDER 157 38 44 2 34 0
125 ORDER 158 42 6 1 48 3
126 ORDER 159 58 11 68 61 0
127 ORDER 160 60 44 13 62 1
128 ORDER 161 8 24 79 62 0
129 ORDER 162 64 26 3 5 2
129 ORDER 163 50 42 41 61 1
130 ORDER 164 83 20 3 21 1
130 ORDER 165 59 45 2 16 0
131 ORDER 166 85 18 40 62 1
131 ORDER 167 30 57 2 2 0
131 BLOCK 43 5
132 ORDER 168 73 39 64 61 0
132 ORDER 169 22 26 88 62 1
132 BLOCK 49 29
133 ORDER 170 52 12 1 1 1
133 ORDER 171 36 23 3 14 1
134 ORDER 172 84 17 55 61 0
134 ORDER 173 79 45 85 61 3
135 UNBLOCK 37 59
135 ORDER 174 15 36 2 25 0
135 ORDER 175 61 9 1 34 1
136 UNBLOCK 79 61
136 ORDER 176 76 6 37 62 0
137 ORDER 177 27 30 1 46 1
137 ORDER 178 43 11 38 61 1
138 ORDER 179 53 9 23 61 0
139 UNBLOCK 59 5
139 ORDER 180 51 30 13 61 0
140 ORDER 181 47 57 40 62 0
141 ORDER 182 38 12 1 50 1
141 ORDER 183 58 30 1 57 1
142 ORDER 184 55 41 2 45 1
142 BLOCK 19 11
143 ORDER 185 8 8 1 50 1
143 BLOCK 43 48
144 ORDER 186 45 6 1 30 0
144 BLOCK 51 33
145 UNBLOCK 41 44
145 ORDER 187 71 39 11 61 1
145 BLOCK 13 11
146 UNBLOCK 29 15
146 ORDER 188 53 32 54 62 1
146 ORDER 189 45 33 79 61 0
147 ORDER 190 52 51 69 62 0
148 UNBLOCK 81 35
148 UNBLOCK 38 12
148 ORDER 191 48 26 3 58 0
149 ORDER 192 46 27 2 33 0
150 ORDER 193 68 45 2 61 0
151 ORDER 194 68 53 26 61 0
151 BLOCK 40 12
152 ORDER 195 50 15 38 61 0
153 UNBLOCK 60 57
153 ORDER 196 7 6 1 32 0
153 ORDER 197 64 3 3 5 2
154 ORDER 198 77 14 50 62 0
154 BLOCK 31 23
155 ORDER 199 79 54 3 51 1
156 UNBLOCK 46 53
156 UNBLOCK 47 29
156 UNBLOCK 65 26
156 ORDER 200 79 38 72 62 2
157 UNBLOCK 23 54
157 ORDER 201 37 35 1 34 0
158 ORDER 202 64 35 3 57 0
158 ORDER 203 27 29 1 37 0
158 BLOCK 84 57
159 ORDER 204 18 11 2 11 0
159 ORDER 205 73 20 85 61 0
160 UNBLOCK 43 5
160 ORDER 206 9 26 2 9 0
161 ORDER 207 59 24 1 41 2
162 ORDER 208 37 24 30 62 0
163 ORDER 209 11 50 24 61 1
163 ORDER 210 57 18 2 13 0
164 ORDER 211 67 24 2 9 3
165 UNBLOCK 40 44
165 ORDER 212 7 33 3 22 0
165 ORDER 213 81 6 14 61 0
166 ORDER 214 79 12 2 59 0
167 UNBLOCK 40 12
167 ORDER 215 77 50 2 10 2
167 ORDER 216 84 23 1 18 0
167 BLOCK 32 28
168 ORDER 217 53 53 2 40 1
168 ORDER 218 82 14 1 39 0
168 BLOCK 42 57
169 UNBLOCK 14 23
169 UNBLOCK 10 35
169 ORDER 219 70 3 2 21 1
169 ORDER 220 16 3 25 62 0
170 ORDER 221 48 54 2 27 2
171 ORDER 222 37 51 1 30 1
172 ORDER 223 56 44 86 61 1
172 ORDER 224 8 45 3 50 0
173 ORDER 225 33 8 48 61 2
174 ORDER 226 44 56 12 62 0
175 ORDER 227 18 39 3 61 0
176 ORDER 228 70 23 20 61 0
176 ORDER 229 29 6 1 16 0
177 ORDER 230 21 8 3 5 0
177 BLOCK 24 3
178 UNBLOCK 85 62
178 ORDER 231 51 54 2 45 0
178 ORDER 232 9 45 2 62 0
179 ORDER 233 76 32 3 28 2
179 ORDER 234 52 56 6 61 0
179 BLOCK 9 51
180 ORDER 235 31 33 3 21 0
181 ORDER 236 47 50 39 61 0
181 BLOCK 40 9
182 ORDER 237 8 48 34 61 1
182 ORDER 238 42 26 1 14 0
183 ORDER 239 6 59 2 32 0
184 ORDER 240 59 35 3 44 0
185 ORDER 241 28 9 52 61 0
185 BLOCK 37 48
186 ORDER 242 48 29 3 43 1
187 ORDER 243 21 33 60 62 0
188 ORDER 244 29 11 3 44 0
189 ORDER 245 52 18 12 61 1
190 ORDER 246 70 8 1 14 1
190 ORDER 247 37 30 2 54 1
191 UNBLOCK 31 23
191 ORDER 248 69 6 3 37 0
192 ORDER 249 16 57 2 19 1
193 ORDER 250 12 53 1 49 2
194 ORDER 251 74 20 3 53 1
194 ORDER 252 44 57 3 48 0
194 BLOCK 68 8
195 ORDER 253 31 56 46 61 0
196 ORDER 254 36 5 2 8 0
197 ORDER 255 63 35 2 54 1
197 BLOCK 41 50
198 ORDER 256 79 39 1 35 0
198 ORDER 257 27 5 2 32 3
199 ORDER 258 54 11 2 43 3
200 ORDER 259 6 36 27 61 0
200 ORDER 260 29 8 2 16 0
201 UNBLOCK 49 29
201 UNBLOCK 37 48
201 ORDER 261 16 12 38 61 1
202 ORDER 262 7 29 3 16 0
203 ORDER 263 71 11 2 22 0
204 ORDER 264 51 21 63 61 0
205 ORDER 265 47 26 77 61 1
205 BLOCK 24 11
206 ORDER 266 43 42 2 42 0
206 ORDER 267 15 7 2 33 0
207 ORDER 268 11 44 3 3 2
208 ORDER 269 18 53 78 61 2
208 ORDER 270 9 11 61 61 0
209 ORDER 271 28 18 3 49 0
209 ORDER 272 49 23 2 4 0
210 UNBLOCK 56 45
210 ORDER 273 47 14 34 62 2
211 ORDER 274 11 36 1 49 0
211 BLOCK 56 27
212 ORDER 275 68 21 38 61 0
213 UNBLOCK 13 11
213 ORDER 276 39 9 25 61 0
213 BLOCK 83 10
214 ORDER 277 74 18 51 61 0
215 ORDER 278 45 3 1 27 0
215 ORDER 279 70 45 3 17 0
216 ORDER 280 7 50 3 34 1
217 UNBLOCK 43 48
217 UNBLOCK 41 50
217 ORDER 281 7 3 50 61 3
217 BLOCK 79 20
218 ORDER 282 25 11 2 24 0
218 ORDER 283 41 15 76 62 0
219 ORDER 284 51 33 2 55 0
220 ORDER 285 68 5 29 62 1
220 ORDER 286 38 56 44 62 2
221 ORDER 287 56 14 3 40 1
221 ORDER 288 56 39 1 26 1
222 UNBLOCK 19 11
222 ORDER 289 57 56 3 19 1
223 UNBLOCK 32 28
223 ORDER 290 63 39 80 61 0
223 ORDER 291 37 34 3 38 0
224 CANCEL 256
224 ORDER 292 42 6 2 3 0
224 ORDER 293 17 17 74 62 0
225 UNBLOCK 51 33
225 ORDER 294 56 36 1 10 0
225 ORDER 295 10 48 87 61 1
226 ORDER 296 45 35 2 5 0
226 ORDER 297 9 33 1 49 1
226 BLOCK 53 36
227 ORDER 298 80 29 18 61 0
227 ORDER 299 41 48 12 62 1
228 ORDER 300 22 24 88 62 0
228 BLOCK 44 33
229 ORDER 301 82 47 2 36 0
230 ORDER 302 19 51 82 62 0
231 ORDER 303 44 17 21 61 2
231 ORDER 304 83 59 1 12 0
232 ORDER 305 66 50 2 47 1
233 CANCEL 168
233 ORDER 306 18 14 3 33 2
234 ORDER 307 58 48 1 56 0
234 ORDER 308 18 20 2 45 0
235 ORDER 309 46 44 2 18 1
236 UNBLOCK 24 11
236 ORDER 310 15 15 1 5 0
237 ORDER 311 20 32 1 13 0
238 UNBLOCK 84 57
238 ORDER 312 65 18 38 61 0
239 ORDER 313 66 8 2 62 0
240 ORDER 314 24 18 56 61 3
241 ORDER 315 48 12 11 61 3
242 ORDER 316 35 17 2 2 0
243 ORDER 317 61 54 24 62 0
243 ORDER 318 63 15 23 62 1
244 UNBLOCK 68 8
244 ORDER 319 41 17 3 30 0
245 ORDER 320 46 36 75 61 1
246 UNBLOCK 42 57
246 ORDER 321 27 51 29 61 0
246 ORDER 322 10 48 1 31 0
246 BLOCK 64 23
247 ORDER 323 39 33 36 62 0
247 ORDER 324 66 6 70 61 0
248 ORDER 325 24 59 88 61 0
249 ORDER 326 28 18 70 61 2
250 UNBLOCK 79 20
250 ORDER 327 7 17 2 50 0
251 ORDER 328 59 42 16 62 0
252 UNBLOCK 24 3
252 ORDER 329 20 41 25 61 1
253 ORDER 330 9 9 1 52 0
253 BLOCK 66 30
254 ORDER 331 42 20 3 30 3
255 ORDER 332 74 38 3 16 0
255 BLOCK 84 35
256 ORDER 333 25 23 1 5 1
257 CANCEL 142
257 ORDER 334 79 42 2 54 0
257 ORDER 335 52 12 3 48 0
258 ORDER 336 49 45 1 34 1
258 ORDER 337 48 26 3 50 1
259 ORDER 338 39 14 3 28 0
259 ORDER 339 71 9 64 61 0
259 BLOCK 70 9
260 ORDER 340 85 32 8 62 0
261 UNBLOCK 56 27
261 ORDER 341 30 18 12 62 0
261 BLOCK 18 33
262 ORDER 342 29 32 28 62 0
262 BLOCK 79 36
263 ORDER 343 22 54 64 62 0
264 ORDER 344 49 35 3 53 2
264 ORDER 345 70 53 1 3 0
265 ORDER 346 40 48 13 61 0
266 UNBLOCK 83 10
266 ORDER 347 29 51 3 38 0
266 ORDER 348 69 24 2 60 0
267 ORDER 349 21 47 86 61 0
268 CANCEL 223
268 ORDER 350 8 29 1 37 0
269 ORDER 351 28 35 2 13 0
270 ORDER 352 66 45 1 58 0
271 ORDER 353 80 27 1 40 0
272 ORDER 354 56 26 11 61 2
273 ORDER 355 16 6 50 61 2
274 ORDER 356 41 15 1 26 0
275 CANCEL 212
275 ORDER 357 63 17 3 21 1
276 ORDER 358 68 15 3 21 2
277 UNBLOCK 9 51
277 ORDER 359 36 59 3 31 2
277 BLOCK 22 24
278 ORDER 360 21 53 2 53 0
278 ORDER 361 20 35 70 61 0
279 ORDER 362 28 11 1 22 0
279 ORDER 363 19 42 2 34 0
279 BLOCK 29 45
280 ORDER 364 28 33 2 57 0
281 UNBLOCK 40 9
281 ORDER 365 43 9 20 61 1
282 ORDER 366 71 39 85 62 0
282 ORDER 367 85 19 1 41 2
283 ORDER 368 16 24 43 62 1
283 ORDER 369 17 54 83 61 1
283 BLOCK 41 36
284 ORDER 370 67 36 3 47 1
284 BLOCK 54 26
285 ORDER 371 8 33 1 15 0
286 ORDER 372 65 57 78 61 0
286 CANCEL 100372
287 ORDER 373 28 48 3 50 0
288 ORDER 374 33 42 3 28 2
289 ORDER 375 56 12 75 62 2
289 ORDER 376 7 5 12 61 2
289 BLOCK 72 26
290 UNBLOCK 18 33
290 UNBLOCK 79 36
290 ORDER 377 43 6 3 55 0
291 ORDER 378 63 45 34 62 2
292 UNBLOCK 29 45
292 ORDER 379 18 9 36 62 0
292 BLOCK 55 59
293 ORDER 380 82 32 41 62 0
294 ORDER 381 80 41 2 1 1
295 ORDER 382 43 41 3 43 0
295 BLOCK 72 20
296 ORDER 383 74 9 48 61 3
296 ORDER 384 32 56 2 31 0
296 BLOCK 67 5
297 ORDER 385 73 20 31 61 0
298 ORDER 386 23 56 1 37 0
299 ORDER 387 26 39 39 62 0
299 BLOCK 56 44
300 ORDER 388 8 11 2 55 0
301 ORDER 389 34 29 1 21 1
301 BLOCK 18 17
302 ORDER 390 41 38 3 22 2
302 ORDER 391 81 30 36 62 0
302 BLOCK 24 12
303 ORDER 392 41 51 31 62 0
303 ORDER 393 36 45 67 61 0
304 ORDER 394 60 45 10 62 0
305 ORDER 395 37 21 9 61 1
306 ORDER 396 84 30 1 21 2
307 ORDER 397 82 32 37 62 1
307 ORDER 398 26 5 2 25 3
308 ORDER 399 29 9 87 62 0
308 ORDER 400 74 11 80 61 0
309 UNBLOCK 66 30
309 ORDER 401 67 12 86 61 0
310 ORDER 402 22 26 59 62 0
311 ORDER 403 23 53 2 9 0
312 ORDER 404 54 51 1 4 0
313 ORDER 405 28 20 9 62 0
313 BLOCK 35 33
314 ORDER 406 56 39 8 62 0
315 UNBLOCK 70 9
315 ORDER 407 59 29 63 62 0
316 ORDER 408 28 14 2 54 0
316 ORDER 409 48 20 3 5 0
316 BLOCK 7 23
317 ORDER 410 17 32 42 62 0
317 ORDER 411 43 12 2 46 1
317 BLOCK 40 43
318 UNBLOCK 24 12
318 ORDER 412 49 50 32 61 0
318 ORDER 413 58 50 1 58 1
319 ORDER 414 70 11 3 25 1
320 UNBLOCK 56 44
320 ORDER 415 33 8 6 62 0
321 UNBLOCK 72 20
321 ORDER 416 19 45 3 11 0
321 BLOCK 37 47
322 ORDER 417 36 53 20 62 0
322 BLOCK 77 26
323 UNBLOCK 84 35
323 ORDER 418 43 36 2 46 0
324 ORDER 419 33 15 56 61 0
324 ORDER 420 47 30 69 61 0
324 BLOCK 15 55
325 UNBLOCK 53 36
325 ORDER 421 26 6 3 57 2
326 ORDER 422 56 24 1 32 0
326 BLOCK 30 35
327 UNBLOCK 44 33
327 UNBLOCK 64 23
327 ORDER 423 49 35 74 62 1
327 ORDER 424 22 23 53 62 0
328 ORDER 425 70 23 1 42 0
329 CANCEL 283
329 ORDER 426 59 44 20 62 0
330 UNBLOCK 22 24
330 UNBLOCK 54 26
330 ORDER 427 70 45 30 62 1
331 ORDER 428 64 24 49 61 1
331 BLOCK 19 15
332 ORDER 429 71 9 21 61 0
332 BLOCK 53 15
333 ORDER 430 56 21 29 61 0
334 ORDER 431 13 27 22 61 0
335 ORDER 432 84 38 40 61 0
336 ORDER 433 11 20 3 28 1
337 ORDER 434 58 41 85 62 0
338 ORDER 435 11 23 3 20 1
339 ORDER 436 83 24 1 19 1
339 BLOCK 30 29
340 ORDER 437 72 32 2 29 0
341 ORDER 438 62 29 3 47 1
342 ORDER 439 8 5 58 62 2
343 ORDER 440 6 51 2 3 1
343 ORDER 441 57 15 2 49 0
344 ORDER 442 36 45 60 61 3
345 ORDER 443 52 9 2 4 1
345 ORDER 444 55 59 1 34 0
345 BLOCK 49 41
346 ORDER 445 29 27 19 62 1
347 ORDER 446 27 18 69 61 0
348 ORDER 447 38 41 36 61 0
349 ORDER 448 28 18 1 3 3
350 ORDER 449 25 8 59 62 0
351 UNBLOCK 40 43
351 ORDER 450 36 48 67 61 0
351 ORDER 451 80 18 5 62 1
352 ORDER 452 47 14 2 53 1
352 ORDER 453 10 33 62 61 0
353 ORDER 454 19 9 2 16 0
353 ORDER 455 51 33 88 62 0
353 BLOCK 24 5
354 ORDER 456 15 21 65 62 1
354 ORDER 457 24 17 3 16 0
354 BLOCK 79 3
355 ORDER 458 55 18 65 61 0
356 ORDER 459 42 30 70 62 0
357 UNBLOCK 53 15
357 ORDER 460 22 35 5 62 0
357 BLOCK 70 51
358 ORDER 461 74 15 64 62 1
358 BLOCK 5 60
359 ORDER 462 16 17 31 62 0
360 ORDER 463 35 38 2 11 0
361 ORDER 464 55 12 1 2 1
361 BLOCK 70 39
362 UNBLOCK 7 23
362 UNBLOCK 19 15
362 ORDER 465 24 48 3 61 1
363 ORDER 466 10 30 3 23 0
364 ORDER 467 24 9 28 62 2
365 ORDER 468 67 48 1 51 3
366 ORDER 469 10 24 2 12 2
367 ORDER 470 43 8 1 34 0
368 ORDER 471 16 42 1 30 0
369 ORDER 472 42 9 3 11 0
369 ORDER 473 40 26 3 30 0
370 UNBLOCK 55 59
370 UNBLOCK 24 5
370 ORDER 474 63 33 42 62 2
371 ORDER 475 45 45 23 62 1
372 ORDER 476 48 23 3 46 0
373 ORDER 477 59 8 2 8 0
374 UNBLOCK 77 26
374 ORDER 478 17 27 63 62 1
375 ORDER 479 71 20 10 61 2
376 ORDER 480 25 45 51 62 0
377 ORDER 481 77 42 3 8 2
378 ORDER 482 82 36 2 21 0
379 UNBLOCK 41 36
379 ORDER 483 19 30 21 61 0
380 UNBLOCK 30 35
380 ORDER 484 11 30 12 61 1
380 ORDER 485 23 30 69 61 3
381 ORDER 486 80 44 78 61 1
382 UNBLOCK 67 5
382 ORDER 487 64 32 3 3 0
383 UNBLOCK 18 17
383 ORDER 488 43 45 58 62 0
384 ORDER 489 9 59 3 55 2
385 UNBLOCK 72 26
385 ORDER 490 76 20 87 62 1
386 UNBLOCK 35 33
386 UNBLOCK 15 55
386 ORDER 491 34 41 64 62 0
386 ORDER 492 56 12 1 61 0
387 ORDER 493 45 36 30 61 0
387 BLOCK 60 44
388 ORDER 494 43 9 4 62 2
389 ORDER 495 50 47 6 61 0
390 ORDER 496 19 27 84 62 0
391 UNBLOCK 37 47
391 ORDER 497 24 57 21 62 0
391 ORDER 498 75 12 31 62 1
392 ORDER 499 44 51 53 61 0
393 ORDER 500 29 26 24 61 0
394 ORDER 501 20 51 2 31 1
395 ORDER 502 9 59 2 44 1
395 BLOCK 22 51
396 ORDER 503 48 11 50 62 0
396 BLOCK 8 47
397 ORDER 504 8 5 3 36 0
397 BLOCK 67 58
398 ORDER 505 66 14 49 61 1
399 ORDER 506 10 23 3 36 2
399 ORDER 507 18 7 1 1 1
400 ORDER 508 14 42 1 47 0
401 ORDER 509 82 24 16 62 0
402 ORDER 510 10 17 72 61 0
402 ORDER 511 57 5 25 62 0
403 ORDER 512 46 20 3 3 2
404 UNBLOCK 70 39
404 ORDER 513 16 29 78 62 0
405 ORDER 514 51 42 30 61 1
406 ORDER 515 11 32 1 46 0
407 UNBLOCK 79 3
407 ORDER 516 66 27 81 62 0
408 UNBLOCK 30 29
408 UNBLOCK 49 41
408 CANCEL 471
408 ORDER 517 78 38 3 23 0
409 ORDER 518 85 33 1 17 0
410 ORDER 519 62 5 31 61 1
411 ORDER 520 78 45 1 31 0
412 ORDER 521 25 20 44 61 2
413 ORDER 522 68 53 29 61 0
413 ORDER 523 27 53 52 62 1
414 ORDER 524 42 12 3 37 0
414 ORDER 525 31 14 3 51 2
414 BLOCK 15 9
415 ORDER 526 73 39 57 61 0
415 BLOCK 21 23
416 ORDER 527 26 36 2 3 0
417 ORDER 528 71 57 74 62 1
417 ORDER 529 11 5 31 62 0
418 UNBLOCK 67 58
418 ORDER 530 43 18 3 48 0
419 ORDER 531 44 29 36 61 1
420 ORDER 532 39 44 59 61 0
420 BLOCK 12 60
421 ORDER 533 29 24 1 38 2
421 ORDER 534 33 44 3 46 1
422 ORDER 535 57 47 3 2 2
422 BLOCK 51 39
423 ORDER 536 79 24 32 62 0
424 ORDER 537 8 54 56 62 1
424 ORDER 538 53 30 1 33 3
425 ORDER 539 12 56 1 39 1
426 ORDER 540 46 14 44 62 3
427 UNBLOCK 70 51
427 ORDER 541 82 39 3 35 0
427 BLOCK 32 8
428 ORDER 542 63 32 2 42 0
428 BLOCK 46 38
429 ORDER 543 55 39 3 3 1
430 ORDER 544 46 35 59 62 1
431 ORDER 545 46 5 21 61 1
432 ORDER 546 53 3 2 52 3
432 BLOCK 5 8
433 ORDER 547 7 44 2 10 0
434 ORDER 548 43 14 77 62 0
435 ORDER 549 53 5 2 16 0
436 ORDER 550 61 24 2 20 0
437 ORDER 551 16 57 1 23 0
438 ORDER 552 50 9 58 61 0
438 ORDER 553 10 30 2 18 0
439 ORDER 554 49 3 3 51 1
439 ORDER 555 8 36 3 19 0
439 CANCEL 100555
439 BLOCK 18 38
440 ORDER 556 72 38 18 62 0
441 ORDER 557 42 15 3 15 1
441 BLOCK 7 1
442 ORDER 558 37 35 1 13 1
443 ORDER 559 84 15 3 45 0
444 ORDER 560 45 45 3 2 2
445 ORDER 561 28 44 2 38 0
445 ORDER 562 74 23 87 62 3
446 UNBLOCK 5 60
446 ORDER 563 61 30 17 62 1
447 ORDER 564 11 50 3 38 1
447 ORDER 565 81 8 64 61 0
448 ORDER 566 58 29 39 62 2
449 ORDER 567 35 38 24 62 2
449 ORDER 568 75 15 2 30 1
450 ORDER 569 26 50 73 62 0
450 BLOCK 35 3
451 ORDER 570 27 35 3 46 1
452 ORDER 571 71 33 51 62 0
452 ORDER 572 52 53 2 32 1
453 ORDER 573 15 14 3 40 1
454 ORDER 574 72 38 3 14 2
455 ORDER 575 66 23 2 6 0
455 BLOCK 24 13
456 ORDER 576 26 14 1 35 2
457 ORDER 577 17 24 3 53 0
457 BLOCK 17 9
458 ORDER 578 9 48 2 53 0
459 ORDER 579 20 12 2 58 0
460 ORDER 580 57 6 56 61 2
461 ORDER 581 6 26 20 61 0
462 ORDER 582 53 17 88 62 1
463 ORDER 583 77 3 35 61 0
463 ORDER 584 19 12 8 62 1
464 ORDER 585 55 14 2 18 0
465 ORDER 586 80 3 53 61 0
466 CANCEL 461
466 ORDER 587 21 3 25 62 0
467 UNBLOCK 32 8
467 ORDER 588 40 48 1 35 0
467 BLOCK 34 62
468 UNBLOCK 5 8
468 ORDER 589 8 20 79 62 0
469 ORDER 590 7 24 3 36 1
469 ORDER 591 68 54 39 61 2
470 CANCEL 387
470 ORDER 592 33 39 8 61 0
471 ORDER 593 82 20 1 53 1
472 CANCEL 442
472 ORDER 594 8 17 88 61 0
472 ORDER 595 35 20 57 61 0
473 ORDER 596 53 24 2 37 2
473 BLOCK 39 53
474 ORDER 597 56 35 2 49 1
474 ORDER 598 17 26 82 62 0
474 BLOCK 41 56
475 ORDER 599 76 24 24 62 0
476 UNBLOCK 51 39
476 ORDER 600 78 54 67 61 0
476 BLOCK 59 24
477 ORDER 601 52 18 2 20 0
477 ORDER 602 32 12 2 31 1
478 ORDER 603 69 24 20 61 2
479 UNBLOCK 60 44
479 UNBLOCK 22 51
479 ORDER 604 8 38 22 62 0
479 BLOCK 76 62
480 ORDER 605 38 56 43 62 2
481 ORDER 606 18 36 59 61 0
482 ORDER 607 75 18 25 62 0
482 ORDER 608 78 12 1 55 1
482 BLOCK 48 18
483 ORDER 609 31 44 1 17 0
483 ORDER 610 8 59 76 61 0
483 BLOCK 48 7
484 ORDER 611 12 48 1 39 0
484 ORDER 612 8 20 2 44 0
485 ORDER 613 28 14 1 44 0
485 ORDER 614 66 24 1 2 1
485 BLOCK 21 39
486 ORDER 615 79 44 27 61 0
486 ORDER 616 69 8 1 2 0
487 ORDER 617 83 57 33 61 1
488 ORDER 618 14 23 17 62 0
489 ORDER 619 11 35 57 62 1
489 ORDER 620 19 45 41 61 0
490 ORDER 621 58 56 77 62 0
491 UNBLOCK 12 60
491 ORDER 622 64 18 1 24 2
492 ORDER 623 72 42 18 61 0
492 BLOCK 13 6
493 UNBLOCK 8 47
493 UNBLOCK 7 1
493 ORDER 624 8 23 2 42 0
494 ORDER 625 66 8 48 61 3
495 UNBLOCK 46 38
495 ORDER 626 10 11 50 62 0
495 ORDER 627 54 30 67 62 0
496 ORDER 628 25 30 2 32 0
497 UNBLOCK 21 23
497 ORDER 629 57 56 2 48 2
498 UNBLOCK 15 9
498 ORDER 630 66 39 37 62 0
499 ORDER 631 49 57 82 61 0
499 BLOCK 10 33
500 UNBLOCK 18 38
500 ORDER 632 23 44 3 51 0
500 ORDER 633 70 21 40 62 0
500 BLOCK 53 55
501 UNBLOCK 17 9
501 ORDER 634 19 26 63 61 0
501 ORDER 635 15 24 58 61 0
502 UNBLOCK 39 53
502 ORDER 636 67 50 3 51 0
503 CANCEL 492
503 ORDER 637 64 30 2 45 0
504 UNBLOCK 24 13
504 ORDER 638 83 26 2 28 0
505 ORDER 639 44 51 85 62 2
505 ORDER 640 39 24 2 40 1
506 ORDER 641 65 21 3 60 1
506 ORDER 642 53 11 32 62 3
507 ORDER 643 45 35 3 37 1
507 BLOCK 59 1
508 ORDER 644 10 51 57 61 0
508 ORDER 645 34 18 3 11 1
508 BLOCK 34 38
509 ORDER 646 18 11 83 61 0
510 ORDER 647 45 15 33 62 0
510 ORDER 648 8 39 1 50 0
511 ORDER 649 70 48 20 62 0
511 ORDER 650 71 20 1 52 1
512 ORDER 651 66 45 2 6 0
513 ORDER 652 55 59 2 21 0
513 ORDER 653 19 47 1 24 0
514 ORDER 654 67 12 2 34 0
514 ORDER 655 14 8 3 54 0
515 UNBLOCK 59 24
515 ORDER 656 60 17 2 59 0
516 ORDER 657 70 12 3 44 0
516 BLOCK 25 21
517 ORDER 658 60 12 66 62 3
517 ORDER 659 78 33 32 61 0
517 BLOCK 21 35
518 ORDER 660 51 23 66 61 0
519 UNBLOCK 48 7
519 ORDER 661 64 50 73 61 0
520 ORDER 662 30 36 2 51 0
521 ORDER 663 27 47 1 23 0
521 BLOCK 8 47
522 ORDER 664 18 24 71 61 0
522 ORDER 665 65 47 83 61 1
523 CANCEL 656
523 ORDER 666 17 29 85 61 0
524 CANCEL 650
524 ORDER 667 18 54 2 51 1
525 ORDER 668 48 45 3 35 1
526 ORDER 669 80 33 3 38 1
526 ORDER 670 37 44 1 11 0
526 BLOCK 79 61
527 ORDER 671 32 54 78 62 0
528 ORDER 672 44 20 36 61 0
529 ORDER 673 85 48 3 5 0
530 ORDER 674 9 8 3 58 1
531 ORDER 675 19 54 1 13 1
532 CANCEL 583
532 UNBLOCK 41 56
532 ORDER 676 69 11 1 1 0
532 BLOCK 54 39
533 ORDER 677 34 41 1 45 0
534 UNBLOCK 13 6
534 ORDER 678 19 51 3 36 0
534 ORDER 679 51 48 81 61 0
534 BLOCK 36 6
535 ORDER 680 43 36 79 62 0
536 ORDER 681 46 9 41 62 0
537 ORDER 682 17 8 27 62 0
538 ORDER 683 69 32 50 61 3
538 ORDER 684 42 36 1 21 1
539 ORDER 685 24 50 86 62 1
539 ORDER 686 71 56 1 3 1
540 ORDER 687 32 17 26 62 0
541 ORDER 688 9 27 40 62 0
541 BLOCK 60 23
542 ORDER 689 46 27 83 61 0
542 BLOCK 57 50
543 ORDER 690 52 41 2 59 2
543 BLOCK 74 61
544 UNBLOCK 34 38
544 ORDER 691 39 9 17 61 1
544 BLOCK 66 18
545 ORDER 692 48 9 3 4 0
546 UNBLOCK 76 62
546 UNBLOCK 53 55
546 ORDER 693 54 53 2 53 3
547 ORDER 694 26 6 1 15 1
547 ORDER 695 7 12 29 61 2
548 ORDER 696 77 6 1 36 0
549 ORDER 697 20 6 76 62 0
550 UNBLOCK 35 3
550 ORDER 698 74 47 44 62 2
551 UNBLOCK 59 1
551 ORDER 699 10 53 2 2 3
552 ORDER 700 36 33 3 57 0
553 ORDER 701 43 18 3 52 1
554 ORDER 702 64 3 80 61 1
554 ORDER 703 17 12 3 40 0
555 ORDER 704 40 45 3 40 0
555 ORDER 705 51 9 2 45 0
556 ORDER 706 62 38 44 61 1
557 UNBLOCK 34 62
557 ORDER 707 24 59 2 3 1
557 BLOCK 69 32
558 ORDER 708 33 38 28 61 0
559 ORDER 709 63 39 59 61 0
560 ORDER 710 17 8 1 6 1
561 ORDER 711 18 15 78 62 3
562 ORDER 712 28 29 3 26 0
563 ORDER 713 48 57 50 62 1
563 BLOCK 65 5
564 ORDER 714 78 42 67 62 1
564 BLOCK 75 41
565 ORDER 715 39 51 69 62 0
566 ORDER 716 46 35 70 61 0
567 ORDER 717 74 39 73 62 1
568 ORDER 718 27 49 1 25 0
569 UNBLOCK 57 50
569 ORDER 719 36 23 77 61 1
570 ORDER 720 17 27 42 62 1
570 ORDER 721 75 8 3 13 0
571 ORDER 722 36 17 16 61 0
571 ORDER 723 78 9 58 61 0
572 ORDER 724 61 12 2 47 1
573 ORDER 725 44 36 12 61 1
574 CANCEL 522
574 ORDER 726 16 44 3 55 3
574 ORDER 727 80 59 1 33 0
575 ORDER 728 9 11 46 61 2
576 UNBLOCK 25 21
576 ORDER 729 78 3 16 61 0
576 ORDER 730 24 56 53 61 0
577 ORDER 731 80 39 2 54 0
577 ORDER 732 32 24 77 61 0
578 ORDER 733 63 29 50 61 0
579 ORDER 734 84 8 2 12 0
579 ORDER 735 24 15 84 62 0
579 BLOCK 27 23
580 ORDER 736 73 17 37 62 0
581 UNBLOCK 48 18
581 UNBLOCK 21 39
581 ORDER 737 46 36 1 10 0
581 BLOCK 63 5
582 ORDER 738 67 6 3 10 1
582 ORDER 739 37 26 43 61 1
583 ORDER 740 7 51 1 39 0
583 ORDER 741 15 23 74 61 1
584 ORDER 742 79 9 1 50 1
585 UNBLOCK 79 61
585 ORDER 743 60 56 1 7 2
585 ORDER 744 77 33 12 62 0
586 UNBLOCK 74 61
586 ORDER 745 47 20 72 61 0
587 ORDER 746 43 20 1 1 0
588 ORDER 747 82 32 12 62 1
589 ORDER 748 30 54 60 61 0
590 ORDER 749 36 27 31 61 1
591 UNBLOCK 60 23
591 ORDER 750 77 33 28 61 1
591 BLOCK 40 44
592 UNBLOCK 66 18
592 ORDER 751 77 26 88 61 2
592 BLOCK 42 26
593 UNBLOCK 10 33
593 ORDER 752 60 38 60 61 2
593 ORDER 753 11 57 38 61 1
594 ORDER 754 16 15 60 62 1
595 ORDER 755 66 41 3 25 0
596 ORDER 756 46 33 3 55 0
596 BLOCK 26 57
597 ORDER 757 70 36 2 37 0
598 ORDER 758 16 50 6 62 0
598 ORDER 759 41 33 60 62 0
599 ORDER 760 29 17 83 61 0
599 ORDER 761 29 8 41 62 3
600 ORDER 762 54 26 1 54 2
600 ORDER 763 82 47 44 61 1
601 ORDER 764 21 47 3 42 0
601 ORDER 765 46 32 32 62 2
602 ORDER 766 84 56 1 29 0
602 ORDER 767 80 42 2 24 1
603 ORDER 768 41 50 40 61 1
603 ORDER 769 71 51 24 62 0
603 BLOCK 69 11
604 ORDER 770 64 27 3 30 0
604 ORDER 771 19 12 44 61 1
605 ORDER 772 40 48 1 31 2
606 UNBLOCK 26 57
606 ORDER 773 52 21 2 21 2
607 ORDER 774 69 33 3 37 0
608 UNBLOCK 54 39
608 ORDER 775 13 59 2 59 0
609 ORDER 776 46 3 68 61 1
609 ORDER 777 9 24 44 61 1
610 ORDER 778 20 20 2 51 1
610 ORDER 779 20 59 32 62 0
610 BLOCK 35 33
611 ORDER 780 19 45 2 24 3
612 UNBLOCK 21 35
612 ORDER 781 27 54 2 28 0
612 BLOCK 71 29
613 ORDER 782 34 54 79 61 0
614 ORDER 783 56 5 77 62 0
615 ORDER 784 9 18 1 12 0
616 ORDER 785 75 50 68 62 0
617 ORDER 786 14 45 1 6 1
618 ORDER 787 35 5 3 4 0
619 UNBLOCK 8 47
619 ORDER 788 70 27 67 61 1
619 BLOCK 34 45
620 UNBLOCK 75 41
620 ORDER 789 8 32 3 31 2
621 ORDER 790 40 51 3 48 0
621 ORDER 791 47 59 1 57 0
621 BLOCK 40 2
622 UNBLOCK 36 6
622 UNBLOCK 42 26
622 ORDER 792 74 44 13 61 2
623 ORDER 793 46 15 2 2 0
624 ORDER 794 55 44 2 11 0
625 ORDER 795 25 39 2 46 0
626 ORDER 796 9 57 3 30 0
627 ORDER 797 9 6 45 62 0
628 ORDER 798 43 20 46 61 0
628 ORDER 799 71 9 51 61 3
629 ORDER 800 46 48 43 61 0
629 ORDER 801 38 6 57 62 0
630 ORDER 802 37 56 3 23 0
630 ORDER 803 60 33 54 61 0
630 BLOCK 60 27
631 UNBLOCK 27 23
631 ORDER 804 68 6 2 33 0
631 ORDER 805 38 23 3 50 0
632 ORDER 806 6 57 2 25 0
633 ORDER 807 84 35 1 36 0
633 ORDER 808 6 47 19 61 1
634 ORDER 809 27 3 1 17 0
635 UNBLOCK 69 32
635 ORDER 810 58 5 1 5 0
635 ORDER 811 58 50 2 1 0
636 ORDER 812 41 24 2 17 0
637 ORDER 813 31 35 2 52 0
637 ORDER 814 64 9 3 5 0
638 ORDER 815 65 29 85 62 2
639 ORDER 816 9 29 2 16 0
640 ORDER 817 58 33 1 26 1
640 ORDER 818 44 54 59 61 0
641 ORDER 819 48 27 3 61 1
641 ORDER 820 73 20 1 57 0
641 BLOCK 80 30
642 ORDER 821 59 6 1 62 0
643 ORDER 822 49 20 3 29 0
643 ORDER 823 74 41 3 20 0
643 BLOCK 31 18
644 UNBLOCK 65 5
644 ORDER 824 19 33 29 61 1
645 ORDER 825 11 36 64 61 0
646 ORDER 826 85 34 2 39 0
646 ORDER 827 67 17 32 61 0
647 ORDER 828 27 44 1 39 0
648 ORDER 829 74 14 10 61 0
649 ORDER 830 18 57 25 62 0
650 UNBLOCK 40 44
650 ORDER 831 58 56 51 61 0
651 ORDER 832 78 45 3 30 3
651 BLOCK 36 18
652 ORDER 833 69 54 3 59 3
653 ORDER 834 71 53 44 62 0
654 ORDER 835 9 27 23 61 0
655 ORDER 836 54 59 87 61 0
655 ORDER 837 30 39 52 61 0
656 ORDER 838 57 35 58 62 0
656 ORDER 839 77 44 55 61 0
656 BLOCK 34 12
657 UNBLOCK 63 5
657 ORDER 840 61 15 3 43 3
658 UNBLOCK 71 29
658 ORDER 841 46 53 62 62 0
658 ORDER 842 23 20 55 61 0
659 ORDER 843 19 44 21 61 2
659 ORDER 844 26 29 62 61 1
659 BLOCK 69 5
660 ORDER 845 63 30 3 62 1
661 ORDER 846 69 9 2 38 3
661 ORDER 847 6 53 2 8 0
662 ORDER 848 60 48 3 30 0
663 ORDER 849 48 14 71 62 0
664 ORDER 850 16 26 47 61 0
664 ORDER 851 62 5 3 44 0
665 ORDER 852 15 35 1 21 0
666 ORDER 853 15 35 1 37 1
667 ORDER 854 46 39 2 52 2
668 ORDER 855 66 14 1 55 0
668 ORDER 856 56 32 73 61 0
669 UNBLOCK 60 27
669 ORDER 857 71 47 83 61 0
670 ORDER 858 10 23 50 62 1
671 ORDER 859 72 36 16 62 0
672 UNBLOCK 69 5
672 ORDER 860 19 20 40 61 1
672 ORDER 861 34 15 3 25 0
673 ORDER 862 12 26 1 10 0
673 ORDER 863 34 54 68 62 0
674 ORDER 864 25 59 3 35 1
675 CANCEL 607
675 UNBLOCK 31 18
675 ORDER 865 27 20 88 61 0
676 UNBLOCK 34 12
676 ORDER 866 67 33 1 9 2
676 ORDER 867 54 42 2 9 1
677 ORDER 868 62 41 81 61 1
678 UNBLOCK 80 30
678 ORDER 869 60 23 52 62 3
679 ORDER 870 37 6 39 61 0
679 ORDER 871 10 20 2 5 0
680 ORDER 872 78 12 75 61 0
681 UNBLOCK 40 2
681 ORDER 873 35 30 3 38 0
682 ORDER 874 8 44 51 62 0
682 ORDER 875 21 48 29 62 0
683 ORDER 876 20 15 43 62 3
684 ORDER 877 38 14 2 9 0
685 ORDER 878 17 36 2 34 1
686 ORDER 879 85 14 1 25 3
687 UNBLOCK 36 18
687 ORDER 880 64 57 3 35 0
687 ORDER 881 6 30 1 58 0
688 ORDER 882 71 6 1 54 0
688 ORDER 883 35 9 1 31 0
689 ORDER 884 57 17 23 62 3
690 UNBLOCK 69 11
690 ORDER 885 38 39 1 6 1
691 ORDER 886 75 35 3 16 1
692 ORDER 887 56 27 10 62 0
693 ORDER 888 56 45 24 62 1
694 ORDER 889 75 15 49 62 2
695 ORDER 890 72 41 13 61 0
695 ORDER 891 67 38 2 56 0
695 BLOCK 33 17
696 ORDER 892 33 41 3 12 1
696 ORDER 893 58 20 4 62 0
697 ORDER 894 72 30 25 61 0
698 ORDER 895 80 48 32 62 0
699 ORDER 896 13 56 33 62 1
700 ORDER 897 13 56 26 62 0
701 ORDER 898 43 15 1 56 0
702 ORDER 899 84 54 20 61 0
702 ORDER 900 38 17 3 11 1
703 ORDER 901 39 51 3 6 0
703 BLOCK 68 5
704 ORDER 902 25 3 49 61 2
705 ORDER 903 50 24 1 16 0
706 ORDER 904 11 38 2 2 0
706 BLOCK 36 2
707 ORDER 905 11 59 1 40 0
708 ORDER 906 83 17 79 62 2
708 BLOCK 9 27
709 UNBLOCK 35 33
709 ORDER 907 55 17 11 61 1
709 ORDER 908 36 47 3 52 2
710 ORDER 909 55 54 1 16 0
711 UNBLOCK 34 45
711 ORDER 910 68 6 3 23 0
711 ORDER 911 33 32 1 8 1
712 ORDER 912 40 47 83 61 0
712 ORDER 913 80 3 56 62 1
713 ORDER 914 79 11 2 30 1
714 ORDER 915 14 9 79 62 1
715 UNBLOCK 68 5
715 ORDER 916 41 36 3 22 0
715 ORDER 917 77 43 69 61 0
716 ORDER 918 7 9 73 61 0
717 ORDER 919 22 36 3 18 1
717 BLOCK 10 45
718 ORDER 920 39 27 6 61 0
719 ORDER 921 33 39 20 61 1
720 ORDER 922 8 45 77 62 0
720 BLOCK 10 32
721 UNBLOCK 36 2
721 ORDER 923 83 27 3 12 0
722 ORDER 924 56 50 23 62 0
723 ORDER 925 65 18 63 61 1
724 ORDER 926 75 50 1 55 0
725 ORDER 927 57 14 2 9 0
726 ORDER 928 75 47 3 56 1
727 ORDER 929 83 17 22 62 0
728 ORDER 930 21 35 1 57 1
728 ORDER 931 45 20 1 9 2
729 ORDER 932 70 19 68 62 0
730 ORDER 933 54 24 43 62 0
731 ORDER 934 35 18 80 61 1
732 ORDER 935 39 59 2 3 0
732 BLOCK 12 27
733 ORDER 936 31 21 2 62 1
733 BLOCK 16 29
734 ORDER 937 50 56 1 41 0
735 ORDER 938 17 20 66 62 0
736 ORDER 939 18 38 68 62 1
737 ORDER 940 38 48 37 62 1
738 ORDER 941 28 8 6 62 2
738 ORDER 942 67 6 35 61 1
739 ORDER 943 80 54 3 40 2
739 BLOCK 58 47
740 ORDER 944 42 30 88 61 0
740 BLOCK 68 40
741 ORDER 945 45 35 22 61 0
741 ORDER 946 7 18 1 47 0
742 ORDER 947 77 44 3 58 1
743 ORDER 948 43 45 23 61 0
743 BLOCK 5 23
744 ORDER 949 53 9 3 55 0
745 ORDER 950 56 53 61 62 0
746 ORDER 951 40 3 2 28 0
747 ORDER 952 39 3 25 61 0
748 ORDER 953 46 23 2 25 0
749 UNBLOCK 16 29
749 ORDER 954 15 9 7 61 0
749 ORDER 955 45 20 3 37 2
750 ORDER 956 47 57 2 6 1
751 ORDER 957 57 51 29 62 0
751 ORDER 958 6 35 43 62 0
752 ORDER 959 68 21 11 62 1
753 ORDER 960 75 51 1 54 0
754 ORDER 961 82 38 60 61 1
754 ORDER 962 70 12 2 50 1
755 ORDER 963 47 9 1 40 1
755 ORDER 964 32 15 1 25 1
756 ORDER 965 55 3 40 61 0
757 ORDER 966 30 6 30 62 0
757 BLOCK 74 20
758 UNBLOCK 12 27
758 CANCEL 964
758 ORDER 967 7 26 3 57 1
759 ORDER 968 16 15 2 35 0
760 ORDER 969 30 54 19 62 3
760 ORDER 970 69 59 3 35 1
761 ORDER 971 50 9 1 58 0
761 BLOCK 31 32
762 UNBLOCK 5 23
762 ORDER 972 42 44 1 33 2
762 BLOCK 53 1
763 UNBLOCK 33 17
763 ORDER 973 66 8 41 62 0
763 BLOCK 60 45
764 UNBLOCK 58 47
764 ORDER 974 38 59 1 25 0
764 ORDER 975 61 39 84 62 0
765 ORDER 976 37 56 82 62 1
766 ORDER 977 22 24 1 30 0
767 ORDER 978 46 39 3 4 2
768 ORDER 979 63 38 9 61 0
768 ORDER 980 70 18 11 62 0
769 ORDER 981 73 41 8 62 1
770 ORDER 982 17 21 2 37 1
770 BLOCK 66 60
771 ORDER 983 25 44 31 61 1
771 BLOCK 21 43
772 ORDER 984 69 8 26 62 0
773 CANCEL 865
773 ORDER 985 28 14 1 36 1
774 ORDER 986 61 6 84 62 1
775 ORDER 987 47 30 3 18 1
775 ORDER 988 84 15 2 26 0
775 BLOCK 26 23
776 ORDER 989 58 20 58 62 1
777 ORDER 990 44 53 3 56 0
778 ORDER 991 81 11 7 61 1
778 BLOCK 62 45
779 ORDER 992 73 44 3 21 1
779 ORDER 993 34 30 1 11 1
780 ORDER 994 76 30 1 21 2
781 ORDER 995 58 18 1 45 0
781 ORDER 996 71 29 1 35 0
782 ORDER 997 50 21 1 53 0
783 UNBLOCK 66 60
783 ORDER 998 36 48 1 12 1
784 UNBLOCK 9 27
784 UNBLOCK 10 45
784 ORDER 999 80 6 87 62 0
784 BLOCK 83 11
785 UNBLOCK 68 40
785 ORDER 1000 29 3 2 32 0
786 ORDER 1001 57 35 42 61 0
786 BLOCK 83 62
787 ORDER 1002 53 15 59 62 1
787 BLOCK 39 48
788 ORDER 1003 20 32 3 48 0
788 BLOCK 80 25
789 ORDER 1004 31 48 71 62 0
790 ORDER 1005 42 23 5 62 0
791 UNBLOCK 10 32
791 ORDER 1006 19 33 1 14 0
792 ORDER 1007 81 44 1 1 2
793 ORDER 1008 41 21 3 31 2
794 ORDER 1009 19 11 1 7 0
795 ORDER 1010 71 8 63 61 0
796 ORDER 1011 34 42 2 23 0
797 ORDER 1012 53 30 21 61 0
798 ORDER 1013 16 6 2 51 3
798 BLOCK 36 8
799 ORDER 1014 85 33 25 61 0
799 ORDER 1015 63 42 70 61 1
800 ORDER 1016 75 17 1 56 0
801 UNBLOCK 83 11
801 ORDER 1017 34 27 2 3 1
802 ORDER 1018 37 38 2 53 0
802 ORDER 1019 8 39 1 27 0
803 ORDER 1020 48 24 79 62 1
803 ORDER 1021 76 50 2 31 0
804 ORDER 1022 44 57 1 59 1
804 BLOCK 12 40
805 ORDER 1023 81 47 2 41 2
805 ORDER 1024 30 36 1 34 2
806 ORDER 1025 69 53 3 32 0
807 UNBLOCK 74 20
807 ORDER 1026 27 18 48 61 3
808 ORDER 1027 41 51 2 17 3
808 ORDER 1028 27 14 63 62 0
808 BLOCK 68 50
809 ORDER 1029 75 36 8 61 1
810 ORDER 1030 6 33 53 61 1
811 ORDER 1031 17 41 2 40 0
811 ORDER 1032 80 27 71 61 0
812 ORDER 1033 38 59 58 62 1
813 ORDER 1034 20 3 2 11 0
813 BLOCK 75 11
814 ORDER 1035 27 8 61 61 3
814 ORDER 1036 29 30 3 44 0
815 ORDER 1037 67 42 7 61 1
816 CANCEL 856
816 UNBLOCK 83 62
816 ORDER 1038 52 53 3 59 2
817 ORDER 1039 31 18 3 32 0
818 ORDER 1040 39 47 3 43 0
819 ORDER 1041 48 11 76 61 0
820 ORDER 1042 19 14 3 41 1
821 ORDER 1043 51 35 44 62 0
821 ORDER 1044 56 33 22 62 0
822 ORDER 1045 25 23 16 61 2
823 ORDER 1046 37 57 3 52 0
823 ORDER 1047 22 12 80 61 0
824 UNBLOCK 21 43
824 ORDER 1048 29 5 3 50 2
825 ORDER 1049 27 32 50 62 0
825 ORDER 1050 79 57 77 62 0
826 ORDER 1051 25 11 26 62 1
827 ORDER 1052 71 47 1 38 0
828 ORDER 1053 82 18 48 62 1
829 UNBLOCK 53 1
829 ORDER 1054 65 45 33 61 0
829 ORDER 1055 62 5 3 43 3
830 ORDER 1056 26 11 67 62 1
830 ORDER 1057 43 14 25 62 0
830 BLOCK 41 9
831 ORDER 1058 69 26 5 62 0
832 ORDER 1059 73 27 3 44 0
832 ORDER 1060 54 9 38 61 1
833 ORDER 1061 35 21 21 62 0
834 ORDER 1062 74 26 44 62 0
835 ORDER 1063 56 48 14 62 0
836 UNBLOCK 62 45
836 UNBLOCK 75 11
836 ORDER 1064 18 59 25 61 0
836 ORDER 1065 16 29 2 13 0
837 ORDER 1066 28 44 1 52 0
838 ORDER 1067 11 21 3 10 1
839 CANCEL 896
839 ORDER 1068 69 21 63 61 2
839 ORDER 1069 37 57 1 51 0
840 ORDER 1070 75 24 46 61 1
840 ORDER 1071 68 30 1 51 1
840 BLOCK 14 59
841 ORDER 1072 61 17 1 36 0
842 ORDER 1073 75 5 1 5 0
843 UNBLOCK 60 45
843 ORDER 1074 85 8 1 11 0
843 BLOCK 82 34
844 UNBLOCK 39 48
844 ORDER 1075 10 54 73 61 0
845 ORDER 1076 18 27 1 15 0
846 ORDER 1077 17 30 1 27 1
846 ORDER 1078 16 27 27 62 1
847 ORDER 1079 24 38 19 62 0
848 UNBLOCK 31 32
848 ORDER 1080 7 11 10 62 0
848 BLOCK 40 53
849 UNBLOCK 36 8
849 ORDER 1081 50 6 2 58 1
850 ORDER 1082 38 44 28 62 2
850 ORDER 1083 55 57 80 61 3
851 ORDER 1084 65 48 3 2 2
851 ORDER 1085 64 29 12 62 0
852 ORDER 1086 29 9 2 24 1
852 BLOCK 21 32
853 ORDER 1087 51 12 3 27 1
854 ORDER 1088 47 45 59 62 2
855 ORDER 1089 62 41 86 62 2
855 BLOCK 52 2
856 ORDER 1090 56 20 88 61 0
856 ORDER 1091 20 47 2 26 0
856 BLOCK 11 60
857 ORDER 1092 9 21 22 61 0
858 ORDER 1093 20 8 6 62 0
858 ORDER 1094 24 41 12 62 2
858 BLOCK 56 24
859 ORDER 1095 53 38 70 61 0
860 ORDER 1096 18 5 2 7 1
860 BLOCK 7 23
861 ORDER 1097 17 38 31 62 1
862 ORDER 1098 56 18 2 13 2
863 ORDER 1099 52 59 23 61 1
864 ORDER 1100 49 27 14 61 1
865 ORDER 1101 65 39 3 14 2
865 ORDER 1102 28 6 1 50 0
866 ORDER 1103 7 33 71 61 0
867 ORDER 1104 18 44 38 62 0
867 BLOCK 25 6
868 CANCEL 975
868 ORDER 1105 71 50 13 62 0
868 ORDER 1106 20 42 39 61 0
868 BLOCK 12 61
869 ORDER 1107 17 38 2 23 0
870 ORDER 1108 75 18 3 59 0
870 BLOCK 23 38
871 ORDER 1109 46 17 1 3 1
871 BLOCK 29 3
872 UNBLOCK 26 23
872 ORDER 1110 15 30 1 23 0
873 ORDER 1111 58 33 3 45 1
874 UNBLOCK 80 25
874 ORDER 1112 76 14 3 43 1
875 ORDER 1113 56 50 47 62 0
875 ORDER 1114 59 35 1 48 2
875 BLOCK 51 51
876 ORDER 1115 7 45 51 62 1
877 CANCEL 1043
877 ORDER 1116 16 44 78 61 1
877 ORDER 1117 30 23 1 3 0
878 ORDER 1118 68 47 3 25 1
879 CANCEL 889
879 ORDER 1119 58 26 56 61 3
880 ORDER 1120 25 12 3 38 0
880 ORDER 1121 77 33 3 37 0
881 ORDER 1122 11 9 3 60 0
882 ORDER 1123 7 38 44 62 0
882 BLOCK 68 33
883 ORDER 1124 36 51 12 62 0
884 ORDER 1125 74 18 29 61 1
885 ORDER 1126 28 3 62 62 0
885 BLOCK 41 30
886 UNBLOCK 68 50
886 ORDER 1127 56 23 1 21 1
886 ORDER 1128 16 11 2 62 0
886 BLOCK 70 23
887 UNBLOCK 29 3
887 ORDER 1129 71 14 3 39 1
888 UNBLOCK 40 53
888 ORDER 1130 23 41 53 61 0
888 CANCEL 101130
889 ORDER 1131 53 26 3 42 0
889 ORDER 1132 37 3 2 19 0
890 UNBLOCK 12 40
890 ORDER 1133 19 29 3 22 0
891 ORDER 1134 48 18 3 60 0
891 ORDER 1135 57 59 1 58 0
892 ORDER 1136 8 39 41 62 0
893 UNBLOCK 68 33
893 ORDER 1137 38 24 74 61 2
894 ORDER 1138 34 57 37 62 0
895 ORDER 1139 9 47 33 62 0
895 ORDER 1140 27 15 21 61 0
896 ORDER 1141 54 57 37 62 0
896 ORDER 1142 45 45 2 29 0
897 ORDER 1143 26 9 1 51 0
897 ORDER 1144 84 36 40 62 0
897 BLOCK 14 3
898 ORDER 1145 30 24 73 62 1
898 ORDER 1146 30 41 2 47 0
899 ORDER 1147 51 11 53 61 0
899 ORDER 1148 12 50 3 34 0
900 UNBLOCK 51 51
900 ORDER 1149 70 39 2 15 1
901 ORDER 1150 63 15 2 4 3
902 UNBLOCK 14 59
902 ORDER 1151 37 51 1 42 1
902 ORDER 1152 64 29 83 61 0
903 ORDER 1153 75 24 85 62 0
904 ORDER 1154 72 53 1 35 0
904 BLOCK 5 61
905 ORDER 1155 26 23 1 43 0
906 ORDER 1156 56 14 14 62 0
906 ORDER 1157 26 45 15 62 0
906 BLOCK 14 26
907 ORDER 1158 71 50 84 62 1
908 ORDER 1159 10 26 1 54 0
908 BLOCK 68 45
909 ORDER 1160 23 56 1 10 0
909 ORDER 1161 23 26 3 32 0
910 UNBLOCK 52 2
910 ORDER 1162 36 41 3 20 1
910 ORDER 1163 44 6 1 17 1
911 ORDER 1164 48 51 19 62 0
912 UNBLOCK 12 61
912 ORDER 1165 9 23 13 61 0
912 ORDER 1166 47 57 2 29 0
913 ORDER 1167 45 17 12 62 0
914 ORDER 1168 55 30 3 38 1
914 ORDER 1169 72 33 22 62 2
914 BLOCK 50 53
915 ORDER 1170 45 23 3 38 0
916 UNBLOCK 41 30
916 ORDER 1171 81 41 67 62 0
916 ORDER 1172 18 47 2 38 2
916 BLOCK 67 45
917 UNBLOCK 41 9
917 ORDER 1173 39 14 2 22 2
918 ORDER 1174 56 26 2 52 1
919 UNBLOCK 23 38
919 ORDER 1175 45 44 84 62 1
920 CANCEL 931
920 ORDER 1176 61 30 1 54 3
920 ORDER 1177 14 47 13 62 0
921 ORDER 1178 62 18 1 33 0
922 ORDER 1179 18 33 11 62 0
922 BLOCK 70 30
923 ORDER 1180 43 39 2 17 0
923 ORDER 1181 21 21 39 61 0
924 ORDER 1182 60 44 3 23 0
924 BLOCK 29 26
925 ORDER 1183 31 42 3 55 0
926 ORDER 1184 62 11 3 29 0
927 ORDER 1185 18 27 83 62 1
928 UNBLOCK 7 23
928 ORDER 1186 78 21 1 36 0
928 BLOCK 36 47
929 UNBLOCK 11 60
929 ORDER 1187 47 42 16 62 0
929 BLOCK 15 48
930 ORDER 1188 52 57 2 32 0
930 ORDER 1189 15 18 44 62 1
931 ORDER 1190 45 6 12 62 1
932 UNBLOCK 25 6
932 ORDER 1191 30 48 2 15 1
933 UNBLOCK 70 30
933 ORDER 1192 80 3 5 62 0
933 ORDER 1193 78 56 11 61 0
934 ORDER 1194 71 45 61 62 0
934 ORDER 1195 9 11 87 62 0
935 CANCEL 1147
935 ORDER 1196 53 39 19 61 0
936 UNBLOCK 67 45
936 ORDER 1197 71 6 1 60 0
936 BLOCK 72 33
937 CANCEL 966
937 UNBLOCK 70 23
937 ORDER 1198 81 50 3 60 2
937 ORDER 1199 40 51 18 61 0
937 BLOCK 76 45
938 ORDER 1200 20 20 87 62 0
939 ORDER 1201 41 9 1 17 0
940 ORDER 1202 61 24 82 62 1
940 ORDER 1203 72 9 42 61 0
941 ORDER 1204 52 6 81 61 1
941 ORDER 1205 11 18 33 62 0
942 UNBLOCK 82 34
942 ORDER 1206 14 14 15 61 0
943 ORDER 1207 10 45 2 14 0
944 UNBLOCK 21 32
944 ORDER 1208 9 35 45 62 0
944 ORDER 1209 82 12 45 61 0
945 ORDER 1210 55 36 3 12 0
945 BLOCK 42 61
946 ORDER 1211 63 6 1 2 2
947 ORDER 1212 16 12 72 61 0
947 BLOCK 78 17
948 ORDER 1213 67 17 63 62 0
949 UNBLOCK 56 24
949 ORDER 1214 47 9 42 62 0
949 ORDER 1215 21 23 3 20 0
950 ORDER 1216 67 15 2 28 0
951 ORDER 1217 14 53 67 61 2
952 ORDER 1218 8 18 1 47 0
952 ORDER 1219 27 15 53 61 0
953 ORDER 1220 58 12 25 61 2
954 ORDER 1221 24 59 2 18 1
954 ORDER 1222 83 59 69 61 1
955 UNBLOCK 50 53
955 ORDER 1223 9 57 1 51 0
956 ORDER 1224 11 14 13 62 2
956 ORDER 1225 68 5 82 62 0
957 UNBLOCK 14 3
957 ORDER 1226 54 43 1 54 0
957 ORDER 1227 41 8 1 51 0
957 BLOCK 11 39
958 ORDER 1228 65 14 2 36 0
959 ORDER 1229 38 53 2 5 0
960 ORDER 1230 80 47 53 61 0
960 BLOCK 79 61
961 ORDER 1231 36 53 2 2 0
962 ORDER 1232 30 48 78 62 0
963 ORDER 1233 65 32 3 49 0
963 BLOCK 48 26
964 CANCEL 1137
964 ORDER 1234 72 44 15 61 0
964 ORDER 1235 40 12 2 13 0
964 BLOCK 27 57
965 ORDER 1236 35 39 2 38 3
965 BLOCK 11 42
966 ORDER 1237 20 23 10 62 0
967 ORDER 1238 15 26 50 62 1
967 BLOCK 20 56
968 ORDER 1239 84 26 1 23 0
968 ORDER 1240 77 9 24 62 0
969 ORDER 1241 8 33 3 10 0
969 ORDER 1242 81 39 1 18 0
970 ORDER 1243 80 50 3 51 0
971 ORDER 1244 27 57 32 62 0
972 ORDER 1245 43 17 2 31 0
972 ORDER 1246 9 8 55 61 1
973 UNBLOCK 29 26
973 ORDER 1247 84 32 3 35 0
974 UNBLOCK 68 45
974 ORDER 1248 19 51 2 23 0
975 ORDER 1249 7 26 2 34 1
975 BLOCK 61 38
976 ORDER 1250 6 3 61 61 0
976 ORDER 1251 23 39 65 62 0
977 ORDER 1252 60 6 81 61 1
978 ORDER 1253 35 36 1 1 1
978 ORDER 1254 55 3 1 54 0
979 UNBLOCK 79 61
979 ORDER 1255 53 59 40 61 0
979 ORDER 1256 34 29 2 20 0
980 ORDER 1257 74 57 3 4 2
981 UNBLOCK 15 48
981 ORDER 1258 45 53 30 62 0
982 ORDER 1259 61 12 1 26 0
983 ORDER 1260 26 15 1 29 3
984 ORDER 1261 55 50 1 51 0
984 ORDER 1262 66 48 3 46 2
985 ORDER 1263 55 59 2 4 0
986 ORDER 1264 18 56 64 61 1
986 ORDER 1265 11 14 3 10 0
987 ORDER 1266 49 9 3 15 0
988 ORDER 1267 27 42 3 30 0
989 UNBLOCK 42 61
989 ORDER 1268 10 5 1 60 0
989 ORDER 1269 8 6 2 38 1
990 ORDER 1270 41 48 1 24 0
991 UNBLOCK 61 38
991 ORDER 1271 6 44 58 61 2
992 UNBLOCK 36 47
992 ORDER 1272 57 24 35 62 0
993 ORDER 1273 50 3 34 61 0
994 ORDER 1274 13 47 51 61 0
995 ORDER 1275 18 30 79 61 0
996 ORDER 1276 67 24 34 62 0
997 ORDER 1277 32 48 1 40 0
997 CANCEL 101277
997 BLOCK 18 47
998 UNBLOCK 5 61
998 UNBLOCK 14 26
998 ORDER 1278 50 3 3 24 1
998 ORDER 1279 20 57 3 45 3
999 ORDER 1280 20 56 18 61 0
1000 ORDER 1281 29 17 59 61 0
1000 ORDER 1282 62 29 64 62 0
1000 BLOCK 62 26
1001 ORDER 1283 27 6 56 61 3
1002 UNBLOCK 11 42
1002 ORDER 1284 23 18 3 17 3
1003 UNBLOCK 76 45
1003 ORDER 1285 47 33 3 31 0
1004 ORDER 1286 27 33 2 52 1
1005 ORDER 1287 18 14 3 21 0
1005 ORDER 1288 41 32 3 22 1
1006 ORDER 1289 26 38 69 61 0
1006 BLOCK 48 57
1007 ORDER 1290 8 8 3 55 0
1007 BLOCK 43 53
1008 ORDER 1291 70 3 2 2 2
1009 UNBLOCK 78 17
1009 ORDER 1292 85 29 38 62 0
1009 ORDER 1293 83 20 2 40 0
1010 UNBLOCK 11 39
1010 ORDER 1294 75 53 39 62 0
1010 BLOCK 43 50
1011 ORDER 1295 20 39 86 61 2
1012 ORDER 1296 27 23 43 61 3
1012 ORDER 1297 75 48 3 4 0
1013 ORDER 1298 26 23 3 20 2
1014 ORDER 1299 58 41 2 28 2
1015 ORDER 1300 21 47 80 61 1
1015 ORDER 1301 17 59 25 62 1
1016 ORDER 1302 9 26 56 62 2
1016 ORDER 1303 79 57 3 56 2
1016 BLOCK 54 53
1017 UNBLOCK 27 57
1017 ORDER 1304 82 12 39 61 0
1017 BLOCK 17 56
1018 ORDER 1305 24 57 83 61 1
1019 ORDER 1306 69 3 2 27 0
1020 ORDER 1307 48 21 11 61 1
1021 ORDER 1308 6 6 2 38 0
1022 ORDER 1309 74 6 3 51 0
1022 ORDER 1310 64 44 2 61 0
1023 ORDER 1311 72 53 7 61 3
1024 UNBLOCK 62 26
1024 ORDER 1312 77 56 3 62 0
1025 ORDER 1313 56 30 15 62 2
1026 UNBLOCK 18 47
1026 ORDER 1314 58 11 85 62 0
1026 ORDER 1315 84 30 2 20 0
1027 UNBLOCK 72 33
1027 ORDER 1316 49 20 2 50 0
1028 ORDER 1317 79 36 1 28 1
1028 BLOCK 15 24
1029 ORDER 1318 47 51 63 62 0
1030 ORDER 1319 79 26 29 62 0
1031 ORDER 1320 37 42 3 57 0
1032 ORDER 1321 83 24 1 14 1
1032 BLOCK 67 20
1033 CANCEL 1071
1033 ORDER 1322 41 53 1 28 0
1034 ORDER 1323 21 3 88 61 0
1034 ORDER 1324 58 30 74 61 2
1035 ORDER 1325 78 47 1 52 0
1035 BLOCK 21 21
1036 ORDER 1326 76 12 2 19 0
1036 ORDER 1327 12 27 11 62 0
1037 UNBLOCK 43 53
1037 ORDER 1328 16 12 69 61 2
1037 ORDER 1329 7 5 1 49 0
1037 BLOCK 80 9
1038 ORDER 1330 62 8 2 56 1
1039 ORDER 1331 27 21 2 54 0
1040 ORDER 1332 37 23 36 62 0
1040 ORDER 1333 70 14 63 61 2
1041 ORDER 1334 40 48 62 62 0
1042 ORDER 1335 37 32 2 13 0
1042 ORDER 1336 85 18 22 62 0
1043 UNBLOCK 15 24
1043 ORDER 1337 83 51 78 61 1
1043 ORDER 1338 65 48 20 62 1
1044 ORDER 1339 57 39 1 58 0
1045 ORDER 1340 45 33 1 7 1
1045 ORDER 1341 48 27 2 25 0
1046 CANCEL 1221
1046 ORDER 1342 13 27 62 62 0
1046 ORDER 1343 43 15 2 46 0
1047 ORDER 1344 28 12 1 15 2
1048 UNBLOCK 43 50
1048 ORDER 1345 45 21 1 42 3
1049 UNBLOCK 48 26
1049 ORDER 1346 82 38 4 62 1
1050 ORDER 1347 52 14 1 57 0
1050 BLOCK 81 5
1051 ORDER 1348 24 48 6 61 0
1051 BLOCK 33 26
1052 ORDER 1349 53 8 38 62 0
1052 BLOCK 67 41
1053 ORDER 1350 40 26 46 62 0
1054 ORDER 1351 43 18 2 53 1
1055 ORDER 1352 62 39 18 61 0
1056 UNBLOCK 20 56
1056 ORDER 1353 47 56 42 62 3
1057 ORDER 1354 43 6 1 2 2
1058 ORDER 1355 32 15 1 4 0
1059 ORDER 1356 77 26 1 2 0
1059 ORDER 1357 43 17 4 61 1
1060 ORDER 1358 39 12 77 62 1
1061 ORDER 1359 45 17 15 61 2
1062 ORDER 1360 11 8 1 22 1
1063 UNBLOCK 54 53
1063 ORDER 1361 55 12 88 61 0
1063 ORDER 1362 25 36 2 15 0
1064 ORDER 1363 72 56 1 18 3
1064 ORDER 1364 21 53 38 62 0
1065 ORDER 1365 66 8 1 51 0
1065 ORDER 1366 48 11 63 62 1
1066 ORDER 1367 23 30 19 62 0
1067 ORDER 1368 54 36 69 62 3
1067 ORDER 1369 8 54 84 61 0
1068 ORDER 1370 20 24 3 33 0
1068 BLOCK 10 15
1069 ORDER 1371 25 57 3 37 0
1069 BLOCK 23 16
1070 ORDER 1372 66 20 1 58 0
1070 ORDER 1373 19 21 3 4 0
1070 BLOCK 63 20
1071 UNBLOCK 67 20
1071 ORDER 1374 20 47 3 52 0
1071 ORDER 1375 52 44 2 9 1
1072 ORDER 1376 54 5 1 36 0
1073 ORDER 1377 29 9 77 61 1
1073 BLOCK 54 49
1074 ORDER 1378 20 41 1 59 2
1075 ORDER 1379 16 18 3 44 1
1076 ORDER 1380 37 26 57 62 0
1076 ORDER 1381 51 38 1 62 1
1077 ORDER 1382 9 26 1 57 0
1077 ORDER 1383 83 17 14 61 1
1078 ORDER 1384 43 36 2 28 2
1078 BLOCK 6 17
1079 ORDER 1385 30 56 1 1 0
1079 BLOCK 73 44
1080 ORDER 1386 63 47 3 62 0
1081 ORDER 1387 83 39 1 62 0
1081 ORDER 1388 62 6 29 62 2
1082 UNBLOCK 48 57
1082 ORDER 1389 56 15 58 62 0
1083 ORDER 1390 70 18 3 28 1
1084 ORDER 1391 75 24 77 61 1
1085 ORDER 1392 79 33 54 62 0
1085 BLOCK 61 56
1086 ORDER 1393 74 17 1 25 1
1087 ORDER 1394 29 36 1 20 2
1088 ORDER 1395 69 50 5 62 0
1088 ORDER 1396 25 30 47 61 0
1088 BLOCK 64 6
1089 UNBLOCK 21 21
1089 ORDER 1397 27 35 2 39 1
1089 ORDER 1398 10 30 1 22 0
1089 BLOCK 69 3
1090 ORDER 1399 76 30 1 45 2
1091 ORDER 1400 15 18 2 8 1
1091 ORDER 1401 74 47 13 62 0
1091 BLOCK 59 38
1092 ORDER 1402 19 3 62 62 0
1093 CANCEL 1374
1093 ORDER 1403 54 24 11 61 2
1093 ORDER 1404 14 42 8 61 0
1094 ORDER 1405 36 24 18 62 1
1094 ORDER 1406 82 41 60 61 0
1095 ORDER 1407 41 21 2 29 0
1096 ORDER 1408 52 38 87 62 0
1097 UNBLOCK 17 56
1097 ORDER 1409 27 11 81 62 0
1098 ORDER 1410 10 57 2 3 2
1098 ORDER 1411 14 38 1 44 0
1099 ORDER 1412 83 32 67 62 1
1100 ORDER 1413 68 23 44 61 0
1101 ORDER 1414 21 45 3 47 0
1102 ORDER 1415 18 18 3 27 1
1103 ORDER 1416 39 21 2 25 0
1104 UNBLOCK 80 9
1104 ORDER 1417 51 47 84 61 0
1104 ORDER 1418 36 44 2 6 0
1105 ORDER 1419 41 50 6 61 0
1105 ORDER 1420 45 26 68 62 0
1106 ORDER 1421 70 51 59 61 2
1106 BLOCK 61 54
1107 CANCEL 1316
1107 ORDER 1422 36 59 41 62 1
1107 ORDER 1423 46 3 3 35 0
1108 ORDER 1424 32 26 22 62 1
1108 ORDER 1425 57 57 1 30 0
1108 BLOCK 60 6
1109 CANCEL 1170
1109 ORDER 1426 35 20 1 50 0
1110 UNBLOCK 6 17
1110 ORDER 1427 80 11 10 61 1
1110 ORDER 1428 78 45 3 22 0
1111 ORDER 1429 85 14 3 22 1
1112 ORDER 1430 78 12 87 61 0
1113 UNBLOCK 63 20
1113 ORDER 1431 17 53 63 62 0
1113 ORDER 1432 10 6 2 47 0
1114 UNBLOCK 61 56
1114 ORDER 1433 12 27 1 19 2
1115 ORDER 1434 6 20 13 61 2
1116 CANCEL 1407
1116 ORDER 1435 38 56 14 62 0
1117 ORDER 1436 14 32 3 59 1
1118 ORDER 1437 40 54 3 5 0
1119 ORDER 1438 18 8 2 12 0
1119 ORDER 1439 8 45 1 24 1
1120 ORDER 1440 16 26 3 20 1
1121 ORDER 1441 49 29 43 62 0
1121 ORDER 1442 73 9 1 3 0
1122 ORDER 1443 6 27 1 33 1
1123 ORDER 1444 29 5 42 62 1
1124 ORDER 1445 6 3 2 31 0
1125 ORDER 1446 74 45 2 49 0
1126 ORDER 1447 25 57 3 30 2
1127 ORDER 1448 49 8 2 42 0
1128 UNBLOCK 54 49
1128 ORDER 1449 48 9 2 33 0
1129 UNBLOCK 61 54
1129 ORDER 1450 63 59 3 50 0
1129 ORDER 1451 40 27 42 62 1
1130 ORDER 1452 53 6 2 24 0
1130 ORDER 1453 58 33 3 18 0
1131 ORDER 1454 64 29 37 62 0
1132 ORDER 1455 66 39 1 4 0
1133 UNBLOCK 81 5
1133 ORDER 1456 37 24 76 62 2
1133 ORDER 1457 83 5 3 59 0
1133 BLOCK 25 14
1134 ORDER 1458 72 18 1 30 0
1134 BLOCK 52 11
1135 ORDER 1459 70 14 13 61 0
1135 BLOCK 76 52
1136 ORDER 1460 7 15 1 42 0
1136 BLOCK 46 36
1137 CANCEL 1432
1137 ORDER 1461 51 48 2 31 0
1138 UNBLOCK 23 16
1138 UNBLOCK 69 3
1138 ORDER 1462 85 54 39 61 0
1138 ORDER 1463 71 56 55 61 0
1139 ORDER 1464 55 23 3 26 0
1140 ORDER 1465 74 41 20 61 0
1140 BLOCK 7 27
1141 ORDER 1466 35 38 32 61 0
1141 ORDER 1467 73 20 1 32 3
1142 UNBLOCK 67 41
1142 ORDER 1468 42 48 34 62 1
1143 UNBLOCK 33 26
1143 ORDER 1469 70 42 1 35 0
1144 ORDER 1470 50 5 1 61 0
1145 UNBLOCK 59 38
1145 ORDER 1471 72 57 20 61 0
1146 ORDER 1472 14 6 19 61 0
1146 ORDER 1473 17 21 70 62 0
1147 ORDER 1474 62 14 1 5 0
1148 ORDER 1475 75 29 49 62 0
1149 ORDER 1476 21 3 83 62 0
1149 BLOCK 25 39
1150 CANCEL 1257
1150 UNBLOCK 73 44
1150 UNBLOCK 64 6
1150 ORDER 1477 65 50 2 42 0
1150 BLOCK 29 59
1151 ORDER 1478 16 33 3 53 0
1151 BLOCK 39 56
1152 ORDER 1479 82 24 3 10 0
1153 ORDER 1480 64 41 1 56 3
1154 ORDER 1481 85 32 58 62 1
1154 ORDER 1482 28 8 1 59 0
1155 ORDER 1483 27 53 3 58 0
1156 UNBLOCK 76 52
1156 ORDER 1484 32 33 2 10 0
1157 ORDER 1485 22 51 53 62 0
1158 ORDER 1486 27 8 60 61 1
1159 ORDER 1487 47 26 3 21 1
1160 ORDER 1488 84 32 2 35 0
1161 ORDER 1489 14 11 1 3 0
1162 ORDER 1490 72 59 3 41 0
1162 ORDER 1491 17 59 59 61 0
1162 BLOCK 58 14
1163 UNBLOCK 46 36
1163 ORDER 1492 65 47 3 56 1
1164 ORDER 1493 32 32 3 13 0
1164 ORDER 1494 36 5 62 62 1
1165 ORDER 1495 25 57 71 62 2
1166 ORDER 1496 71 14 3 35 0
1166 ORDER 1497 7 36 63 61 1
1167 UNBLOCK 10 15
1167 ORDER 1498 27 17 1 34 0
1167 BLOCK 82 27
1168 ORDER 1499 34 56 15 62 0
1169 ORDER 1500 54 42 1 19 0
1169 BLOCK 13 27
1170 ORDER 1501 51 36 76 61 0
1170 ORDER 1502 45 29 80 61 1
1171 ORDER 1503 71 59 3 51 1
1172 ORDER 1504 69 6 62 62 1
1173 CANCEL 1485
1173 ORDER 1505 80 5 64 62 2
1173 BLOCK 43 17
1174 ORDER 1506 30 50 67 61 0
1174 ORDER 1507 56 20 48 61 1
1175 ORDER 1508 22 27 2 34 0
1176 ORDER 1509 60 23 1 25 1
1177 ORDER 1510 66 3 83 61 2
1178 ORDER 1511 28 30 2 34 0
1178 ORDER 1512 58 14 1 23 1
1179 ORDER 1513 20 14 59 62 0
1179 ORDER 1514 19 26 3 1 0
1179 BLOCK 56 38
1180 ORDER 1515 45 33 2 26 0
1180 BLOCK 46 11
1181 ORDER 1516 38 9 2 26 0
1182 ORDER 1517 60 24 44 62 0
1182 BLOCK 55 9
1183 ORDER 1518 22 51 1 39 1
1183 ORDER 1519 52 38 23 61 0
1184 ORDER 1520 26 57 1 30 0
1185 ORDER 1521 37 26 1 10 2
1186 ORDER 1522 37 54 3 23 0
1187 CANCEL 1282
1187 ORDER 1523 54 20 59 62 0
1188 ORDER 1524 63 44 21 61 1
1189 UNBLOCK 43 17
1189 ORDER 1525 17 36 74 61 1
1190 ORDER 1526 8 36 40 62 1
1190 BLOCK 18 38
1191 ORDER 1527 47 33 45 62 0
1192 ORDER 1528 80 35 38 62 3
1193 ORDER 1529 41 50 1 1 0
1193 BLOCK 32 12
1194 ORDER 1530 20 53 73 61 1
1194 BLOCK 41 35
1195 ORDER 1531 61 11 1 42 0
1196 ORDER 1532 19 21 1 9 0
1197 ORDER 1533 84 36 43 62 1
1197 BLOCK 61 50
1198 ORDER 1534 69 21 87 62 1
1199 ORDER 1535 24 59 3 61 0
1199 ORDER 1536 42 33 5 62 0
1200 UNBLOCK 46 11
1200 ORDER 1537 35 30 3 37 0
1201 ORDER 1538 57 30 44 62 1
1202 ORDER 1539 79 6 2 28 0
1203 ORDER 1540 28 6 3 43 0
1203 ORDER 1541 15 35 40 62 0
1204 ORDER 1542 9 51 25 61 2
1205 ORDER 1543 46 29 76 61 0
1206 UNBLOCK 60 6
1206 UNBLOCK 13 27
1206 ORDER 1544 51 48 3 1 0
1206 BLOCK 53 47
1207 ORDER 1545 8 35 24 61 0
1208 ORDER 1546 50 6 1 47 0
1209 CANCEL 1359
1209 ORDER 1547 11 23 13 62 0
1209 BLOCK 48 47
1210 ORDER 1548 59 38 68 61 0
1211 ORDER 1549 75 8 47 61 0
1212 ORDER 1550 21 23 84 61 0
1213 UNBLOCK 25 14
1213 ORDER 1551 48 27 60 62 0
1214 UNBLOCK 7 27
1214 ORDER 1552 6 35 51 61 1
1214 BLOCK 78 9
1215 ORDER 1553 83 23 66 62 3
1215 BLOCK 13 50
1216 ORDER 1554 20 42 1 6 0
1216 BLOCK 35 20
1217 ORDER 1555 50 32 22 62 0
1217 ORDER 1556 7 38 27 62 0
1218 UNBLOCK 39 56
1218 ORDER 1557 54 17 67 62 0
1219 ORDER 1558 78 38 3 14 0
1220 ORDER 1559 60 36 2 20 1
1221 ORDER 1560 22 45 8 61 0
1222 ORDER 1561 83 5 36 62 2
1223 ORDER 1562 57 8 2 44 1
1223 ORDER 1563 67 38 37 61 0
1224 ORDER 1564 26 8 2 29 0
1225 CANCEL 1388
1225 UNBLOCK 52 11
1225 ORDER 1565 44 47 80 62 1
1225 ORDER 1566 16 27 21 62 2
1226 ORDER 1567 36 48 3 40 0
1226 ORDER 1568 78 38 32 62 0
1227 UNBLOCK 13 50
1227 ORDER 1569 18 18 36 61 0
1227 ORDER 1570 40 14 3 25 0
1228 ORDER 1571 57 56 1 25 2
1229 UNBLOCK 56 38
1229 UNBLOCK 48 47
1229 ORDER 1572 63 5 3 50 0
1229 ORDER 1573 24 38 88 62 0
1230 ORDER 1574 37 44 63 62 1
1231 ORDER 1575 77 29 38 62 2
1231 BLOCK 43 62
1232 ORDER 1576 80 48 67 61 0
1233 UNBLOCK 61 50
1233 ORDER 1577 62 32 76 62 1
1234 ORDER 1578 59 36 29 61 0
1234 BLOCK 12 41
1235 UNBLOCK 18 38
1235 ORDER 1579 35 27 1 44 0
1236 ORDER 1580 6 39 8 62 2
1237 ORDER 1581 15 5 27 61 0
1238 ORDER 1582 19 36 1 19 0
1239 UNBLOCK 25 39
1239 ORDER 1583 37 8 56 62 2
1240 CANCEL 1379
1240 ORDER 1584 55 59 23 61 0
1241 ORDER 1585 18 11 2 16 1
1242 ORDER 1586 37 51 87 61 0
1242 BLOCK 34 42
1243 UNBLOCK 32 12
1243 ORDER 1587 16 42 62 62 0
1243 ORDER 1588 74 8 3 58 0
1244 UNBLOCK 29 59
1244 ORDER 1589 63 27 2 38 0
1245 ORDER 1590 81 12 32 61 0
1245 ORDER 1591 36 59 1 9 0
1246 UNBLOCK 35 20
1246 ORDER 1592 47 21 78 62 3
1247 ORDER 1593 70 14 3 18 1
1248 ORDER 1594 53 36 3 40 0
1249 ORDER 1595 7 30 26 61 0
1250 ORDER 1596 11 44 1 26 0
1250 ORDER 1597 70 14 1 51 1
1251 UNBLOCK 41 35
1251 ORDER 1598 85 17 2 25 0
1252 ORDER 1599 75 14 1 50 0
1253 UNBLOCK 55 9
1253 ORDER 1600 29 38 1 52 0
1254 ORDER 1601 26 21 2 43 0
1255 UNBLOCK 58 14
1255 ORDER 1602 69 57 1 4 0
1256 ORDER 1603 71 53 2 7 0
1256 BLOCK 73 47
1257 CANCEL 1593
1257 ORDER 1604 19 39 1 19 0
1258 ORDER 1605 68 26 3 40 2
1259 ORDER 1606 45 23 2 58 1
1259 ORDER 1607 28 11 1 7 0
1260 ORDER 1608 22 35 68 62 0
1261 ORDER 1609 17 45 2 55 0
1261 ORDER 1610 18 33 3 29 1
1262 ORDER 1611 57 17 24 61 0
1263 ORDER 1612 46 29 2 36 0
1264 ORDER 1613 68 42 43 62 1
1265 ORDER 1614 24 20 25 61 1
1265 ORDER 1615 59 50 68 61 0
1266 ORDER 1616 48 27 2 53 2
1266 BLOCK 15 52
1267 UNBLOCK 82 27
1267 ORDER 1617 85 56 55 62 2
1267 ORDER 1618 73 44 2 40 0
1268 ORDER 1619 6 24 11 62 0
1268 ORDER 1620 17 29 32 61 1
1268 BLOCK 37 24
1269 ORDER 1621 70 38 3 56 0
1270 ORDER 1622 66 23 1 14 3
1271 ORDER 1623 9 8 2 51 0
1272 ORDER 1624 9 53 73 62 1
1273 ORDER 1625 54 47 4 62 0
1274 CANCEL 1382
1274 ORDER 1626 35 38 3 4 1
1275 ORDER 1627 26 6 59 61 1
1276 ORDER 1628 48 48 77 62 1
1276 ORDER 1629 39 11 24 61 0
1276 BLOCK 13 32
1277 ORDER 1630 71 33 1 25 0
1277 ORDER 1631 65 45 2 41 2
1277 BLOCK 8 29
1278 ORDER 1632 32 11 71 61 0
1279 ORDER 1633 52 30 10 61 1
1279 ORDER 1634 31 26 2 55 1
1280 ORDER 1635 60 48 1 50 2
1281 ORDER 1636 17 6 21 61 0
1282 ORDER 1637 35 17 2 54 1
1283 ORDER 1638 20 57 2 49 0
1284 UNBLOCK 78 9
1284 ORDER 1639 47 12 66 62 0
1285 ORDER 1640 41 14 1 2 0
1286 ORDER 1641 57 11 2 4 0
1286 BLOCK 55 21
1287 ORDER 1642 85 17 3 9 1
1288 UNBLOCK 53 47
1288 ORDER 1643 37 14 17 62 0
1288 BLOCK 67 52
1289 ORDER 1644 44 29 14 61 0
1290 UNBLOCK 15 52
1290 ORDER 1645 69 38 2 2 1
1290 ORDER 1646 83 38 1 52 0
1291 ORDER 1647 18 14 8 61 0
1292 ORDER 1648 50 33 10 62 0
1293 ORDER 1649 19 3 2 38 0
1293 BLOCK 35 56
1294 ORDER 1650 53 26 10 62 1
1294 BLOCK 24 36
1295 ORDER 1651 37 30 79 61 0
1295 ORDER 1652 40 59 1 60 1
1296 ORDER 1653 59 5 83 62 3
1296 BLOCK 40 6
1297 ORDER 1654 84 5 2 11 2
1297 ORDER 1655 29 30 1 58 2
1298 ORDER 1656 12 45 1 12 1
1298 ORDER 1657 28 39 51 62 0
1298 BLOCK 66 17
1299 ORDER 1658 6 39 3 25 0
1300 ORDER 1659 16 56 2 14 0
1300 ORDER 1660 30 14 37 62 0
1301 ORDER 1661 36 12 2 35 0
1301 BLOCK 36 5
1302 ORDER 1662 41 39 63 61 0
1303 ORDER 1663 8 21 83 62 0
1303 BLOCK 11 8
1304 UNBLOCK 34 42
1304 UNBLOCK 73 47
1304 ORDER 1664 29 20 2 3 2
1305 ORDER 1665 79 14 2 49 2
1306 UNBLOCK 40 6
1306 ORDER 1666 48 36 50 62 2
1306 BLOCK 14 27
1307 ORDER 1667 55 32 41 61 1
1307 BLOCK 70 20
1308 UNBLOCK 37 24
1308 ORDER 1668 27 15 23 62 1
1309 ORDER 1669 54 5 3 59 0
1309 BLOCK 66 15
1310 ORDER 1670 37 27 2 29 0
1310 BLOCK 59 51
1311 ORDER 1671 62 3 1 6 0
1311 ORDER 1672 36 32 3 31 0
1312 ORDER 1673 63 5 38 61 0
1312 ORDER 1674 54 46 2 35 2
1313 ORDER 1675 69 23 3 17 0
1313 BLOCK 53 28
1314 UNBLOCK 55 21
1314 ORDER 1676 44 47 1 3 1
1314 ORDER 1677 17 54 2 31 0
1315 ORDER 1678 35 38 18 62 0
1315 BLOCK 60 24
1316 ORDER 1679 67 27 86 62 0
1316 ORDER 1680 43 48 3 41 1
1317 ORDER 1681 20 54 2 31 1
1317 BLOCK 63 48
1318 ORDER 1682 64 47 14 62 1
1319 ORDER 1683 21 17 3 10 1
1319 BLOCK 35 47
1320 ORDER 1684 20 17 1 59 2
1320 ORDER 1685 82 53 83 61 0
1321 ORDER 1686 28 30 1 33 0
1322 UNBLOCK 24 36
1322 ORDER 1687 17 38 2 10 1
1323 ORDER 1688 64 5 1 29 1
1324 ORDER 1689 19 39 24 62 1
1325 ORDER 1690 27 36 1 41 0
1326 UNBLOCK 43 62
1326 ORDER 1691 79 54 75 62 0
1327 ORDER 1692 20 24 12 62 0
1328 UNBLOCK 12 41
1328 UNBLOCK 70 20
1328 ORDER 1693 62 30 1 55 1
1328 BLOCK 83 29
1329 ORDER 1694 37 12 47 61 1
1329 BLOCK 54 42
1330 ORDER 1695 46 38 1 62 3
1330 ORDER 1696 17 35 30 62 0
1331 UNBLOCK 13 32
1331 ORDER 1697 72 42 7 62 1
1331 ORDER 1698 25 33 3 24 3
1332 ORDER 1699 21 9 2 46 0
1333 ORDER 1700 38 45 54 62 0
1333 ORDER 1701 10 39 86 62 0
1333 BLOCK 16 61
1334 ORDER 1702 68 30 2 16 3
1335 ORDER 1703 71 47 69 62 0
1336 UNBLOCK 36 5
1336 ORDER 1704 41 21 1 62 0
1337 ORDER 1705 8 12 41 62 0
1337 ORDER 1706 8 24 15 62 2
1338 UNBLOCK 67 52
1338 ORDER 1707 49 56 1 37 0
1338 ORDER 1708 68 54 69 61 0
1338 BLOCK 56 20
1339 ORDER 1709 64 27 3 31 1
1340 UNBLOCK 14 27
1340 ORDER 1710 69 35 2 60 0
1340 ORDER 1711 10 18 1 17 1
1341 ORDER 1712 64 15 75 62 3
1342 UNBLOCK 54 42
1342 ORDER 1713 14 53 1 37 0
1343 ORDER 1714 15 20 1 56 0
1344 ORDER 1715 37 44 19 61 0
1345 ORDER 1716 9 56 1 38 0
1346 ORDER 1717 55 3 64 62 3
1347 ORDER 1718 76 17 3 42 0
1347 BLOCK 22 62
1348 ORDER 1719 85 56 40 62 0
1349 ORDER 1720 51 54 36 61 0
1350 ORDER 1721 33 42 23 62 0
1351 UNBLOCK 8 29
1351 UNBLOCK 59 51
1351 ORDER 1722 17 27 2 18 0
1351 ORDER 1723 44 59 23 61 1
1352 ORDER 1724 7 11 3 30 0
1353 UNBLOCK 66 17
1353 ORDER 1725 7 57 1 44 0
1353 ORDER 1726 69 50 1 52 1
1354 ORDER 1727 27 26 55 61 0
1355 ORDER 1728 21 15 1 7 2
1355 BLOCK 67 62
1356 ORDER 1729 12 54 3 31 0
1357 ORDER 1730 42 20 1 49 0
1358 ORDER 1731 80 5 49 62 0
1358 ORDER 1732 39 11 57 61 0
1359 ORDER 1733 26 8 35 62 0
1360 UNBLOCK 60 24
1360 ORDER 1734 18 33 67 62 1
1361 ORDER 1735 73 51 1 53 0
1361 BLOCK 59 44
1362 UNBLOCK 53 28
1362 UNBLOCK 35 47
1362 ORDER 1736 77 32 20 61 0
1363 ORDER 1737 48 47 54 61 1
1364 CANCEL 1726
1364 ORDER 1738 71 29 14 62 0
1365 ORDER 1739 28 12 30 61 0
1366 ORDER 1740 59 50 1 16 1
1366 ORDER 1741 85 12 30 61 0
1367 ORDER 1742 44 45 1 38 0
1368 ORDER 1743 45 3 3 22 0
1369 ORDER 1744 44 53 1 53 0
1369 BLOCK 84 61
1370 ORDER 1745 10 54 61 61 1
1371 ORDER 1746 67 41 3 55 0
1371 BLOCK 14 56
1372 ORDER 1747 16 50 2 30 0
1373 ORDER 1748 16 17 56 62 0
1373 BLOCK 32 33
1374 ORDER 1749 9 48 2 22 0
1374 ORDER 1750 84 17 54 61 0
1374 BLOCK 16 6
1375 UNBLOCK 83 29
1375 ORDER 1751 16 8 1 10 1
1376 ORDER 1752 64 59 2 17 0
1377 ORDER 1753 75 22 17 61 0
1377 ORDER 1754 67 21 60 61 0
1377 BLOCK 50 29
1378 ORDER 1755 32 5 1 52 0
1378 ORDER 1756 62 56 7 61 0
1379 ORDER 1757 17 42 30 62 1
1380 ORDER 1758 62 20 8 62 1
1380 BLOCK 20 35
1381 ORDER 1759 65 54 61 62 2
1382 UNBLOCK 11 8
1382 ORDER 1760 50 44 80 61 3
1383 ORDER 1761 41 11 79 62 1
1383 ORDER 1762 55 32 2 6 0
1384 ORDER 1763 83 20 8 61 0
1384 ORDER 1764 14 53 3 22 0
1384 BLOCK 58 62
1385 ORDER 1765 36 18 25 61 2
1385 ORDER 1766 48 12 3 11 1
1386 ORDER 1767 48 26 80 62 0
1387 CANCEL 1557
1387 ORDER 1768 58 23 11 61 0
1388 UNBLOCK 59 44
1388 ORDER 1769 51 9 30 61 1
1388 ORDER 1770 75 18 64 61 2
1389 UNBLOCK 35 56
1389 ORDER 1771 17 33 3 17 3
1390 ORDER 1772 7 54 1 56 0
1390 ORDER 1773 44 15 25 62 0
1391 UNBLOCK 50 29
1391 ORDER 1774 19 51 1 47 1
1392 ORDER 1775 45 32 60 61 1
1392 ORDER 1776 9 21 1 39 2
1393 UNBLOCK 66 15
1393 ORDER 1777 71 24 3 36 0
1393 ORDER 1778 54 53 1 61 3
1394 ORDER 1779 19 42 24 61 0
1395 ORDER 1780 71 23 4 62 3
1396 ORDER 1781 38 29 71 62 0
1397 ORDER 1782 7 17 2 35 0
1397 ORDER 1783 18 29 3 30 0
1398 ORDER 1784 13 59 2 58 2
1398 BLOCK 23 11
1399 ORDER 1785 11 30 62 62 0
1400 ORDER 1786 12 5 3 7 3
1400 BLOCK 34 57
1401 ORDER 1787 15 23 2 25 1
1402 ORDER 1788 7 42 44 61 0
1403 ORDER 1789 68 32 2 54 0
1403 ORDER 1790 6 57 30 61 1
1404 UNBLOCK 22 62
1404 ORDER 1791 64 20 3 43 0
1405 ORDER 1792 82 57 3 29 0
1406 ORDER 1793 36 26 3 4 0
1406 ORDER 1794 75 48 1 6 0
1407 ORDER 1795 8 27 39 62 3
1408 UNBLOCK 20 35
1408 ORDER 1796 74 26 17 61 0
1408 BLOCK 43 60
1409 ORDER 1797 39 44 17 61 0
1410 ORDER 1798 17 54 1 35 0
1411 UNBLOCK 63 48
1411 ORDER 1799 82 59 39 62 0
1411 BLOCK 14 58
1412 UNBLOCK 58 62
1412 ORDER 1800 10 15 50 62 0
1413 UNBLOCK 67 62
1413 ORDER 1801 66 57 31 62 0
1414 ORDER 1802 83 41 1 21 1
1415 UNBLOCK 14 56
1415 ORDER 1803 58 6 26 62 0
1416 ORDER 1804 50 17 3 58 2
1416 BLOCK 9 15
1417 ORDER 1805 56 24 1 44 1
1418 ORDER 1806 19 41 2 24 0
1418 ORDER 1807 84 23 39 62 1
1419 UNBLOCK 16 61
1419 ORDER 1808 46 59 2 15 0
1420 ORDER 1809 19 51 63 61 1
1420 BLOCK 69 59
1421 UNBLOCK 43 60
1421 ORDER 1810 49 54 35 62 0
1422 UNBLOCK 56 20
1422 ORDER 1811 30 27 88 62 0
1422 ORDER 1812 40 30 56 61 0
1423 UNBLOCK 32 33
1423 ORDER 1813 28 12 2 59 1
1423 ORDER 1814 10 21 3 30 1
1424 ORDER 1815 44 8 1 55 1
1424 ORDER 1816 29 35 2 42 0
1425 ORDER 1817 38 47 69 61 1
1425 ORDER 1818 33 36 2 53 1
1426 ORDER 1819 50 15 4 61 2
1426 BLOCK 7 44
1427 ORDER 1820 18 44 1 47 1
1427 BLOCK 80 36
1428 ORDER 1821 32 5 86 62 2
1429 ORDER 1822 44 27 3 16 1
1429 ORDER 1823 25 9 35 62 0
1430 ORDER 1824 27 20 2 40 1
1431 ORDER 1825 27 9 17 61 0
1432 ORDER 1826 36 18 2 38 0
1433 ORDER 1827 73 15 20 62 0
1433 ORDER 1828 42 20 3 22 0
1434 ORDER 1829 29 35 3 11 2
1434 BLOCK 26 33
1435 ORDER 1830 38 38 1 16 0
1436 ORDER 1831 17 15 56 62 1
1437 UNBLOCK 23 11
1437 ORDER 1832 53 57 44 62 0
1437 ORDER 1833 61 54 75 61 0
1438 ORDER 1834 23 39 3 6 2
1439 ORDER 1835 51 21 20 62 1
1440 ORDER 1836 44 17 87 61 2
1441 ORDER 1837 24 6 2 33 0
1442 ORDER 1838 17 38 3 20 2
1443 ORDER 1839 21 11 1 19 1
1444 ORDER 1840 7 11 2 11 0
1444 BLOCK 28 26
1445 ORDER 1841 83 3 82 62 1
1446 ORDER 1842 56 41 10 62 0
1447 ORDER 1843 57 24 3 7 1
1447 BLOCK 19 15
1448 ORDER 1844 69 32 40 61 0
1448 ORDER 1845 35 29 49 61 1
1449 ORDER 1846 43 12 2 51 0
1449 ORDER 1847 45 5 2 55 0
1450 UNBLOCK 14 58
1450 ORDER 1848 83 24 68 61 3
1450 BLOCK 73 57
1451 ORDER 1849 31 56 36 62 0
1452 ORDER 1850 46 38 78 61 0
1453 ORDER 1851 74 30 50 61 0
1454 ORDER 1852 6 57 3 62 0
1455 ORDER 1853 59 29 26 61 0
1456 ORDER 1854 57 33 4 61 0
1457 UNBLOCK 84 61
1457 ORDER 1855 84 21 67 62 0
1458 ORDER 1856 75 12 2 39 0
1458 BLOCK 9 51
1459 ORDER 1857 67 24 1 39 1
1460 ORDER 1858 19 26 3 14 0
1460 ORDER 1859 79 24 23 61 1
1461 ORDER 1860 47 15 13 62 0
1462 ORDER 1861 71 21 27 61 0
1463 ORDER 1862 60 26 2 10 1
1463 ORDER 1863 8 20 37 62 0
1464 ORDER 1864 27 45 2 50 1
1465 ORDER 1865 84 35 13 62 0
1466 ORDER 1866 17 47 2 44 0
1467 ORDER 1867 52 51 1 52 0
1468 ORDER 1868 7 26 2 3 0
1469 ORDER 1869 20 54 62 62 1
1469 BLOCK 36 24
1470 ORDER 1870 35 36 39 61 3
1471 UNBLOCK 9 15
1471 ORDER 1871 51 42 51 62 0
1472 UNBLOCK 16 6
1472 ORDER 1872 14 45 2 31 1
1473 ORDER 1873 66 8 2 18 1
1474 ORDER 1874 18 11 1 48 0
1475 UNBLOCK 7 44
1475 ORDER 1875 19 56 2 58 2
1475 ORDER 1876 26 24 1 9 0
1475 CANCEL 101876
1476 ORDER 1877 28 48 2 37 1
1477 ORDER 1878 77 32 3 25 0
1477 ORDER 1879 39 33 46 62 0
1477 BLOCK 46 56
1478 ORDER 1880 17 54 2 26 0
1479 ORDER 1881 18 11 3 54 1
1479 ORDER 1882 30 56 75 61 0
1480 ORDER 1883 60 17 2 28 0
1480 BLOCK 12 44
1481 ORDER 1884 11 44 87 61 1
1481 BLOCK 56 7
1482 ORDER 1885 44 39 3 17 0
1483 ORDER 1886 72 44 3 34 1
1483 ORDER 1887 58 12 3 7 2
1484 ORDER 1888 13 47 34 61 2
1485 ORDER 1889 9 30 2 29 0
1485 ORDER 1890 19 47 1 27 0
1486 ORDER 1891 70 3 2 34 0
1487 ORDER 1892 71 11 65 61 0
1487 ORDER 1893 70 33 1 39 0
1487 BLOCK 27 23
1488 ORDER 1894 16 20 69 62 1
1489 UNBLOCK 34 57
1489 ORDER 1895 41 8 3 1 3
1489 ORDER 1896 73 17 2 50 2
1490 ORDER 1897 7 27 1 33 1
1491 ORDER 1898 44 18 2 27 2
1492 ORDER 1899 15 36 3 33 3
1493 ORDER 1900 78 12 2 3 0
1494 ORDER 1901 75 30 2 28 1
1495 UNBLOCK 73 57
1495 ORDER 1902 48 56 2 47 0
1496 ORDER 1903 64 53 2 40 2
1497 UNBLOCK 56 7
1497 ORDER 1904 25 39 1 1 1
1498 UNBLOCK 69 59
1498 ORDER 1905 58 12 1 41 0
1499 ORDER 1906 36 47 1 29 0
1500 ORDER 1907 16 14 49 62 0
1501 CANCEL 1895
1501 ORDER 1908 47 27 82 62 2
1502 ORDER 1909 8 32 2 24 1
1503 ORDER 1910 18 50 83 62 1
1503 BLOCK 22 5
1504 ORDER 1911 38 21 3 15 0
1504 ORDER 1912 14 47 50 61 0
1505 UNBLOCK 46 56
1505 ORDER 1913 44 57 2 46 2
1506 ORDER 1914 18 27 2 15 1
1507 ORDER 1915 69 8 1 29 0
1508 ORDER 1916 58 39 88 61 0
1509 UNBLOCK 9 51
1509 ORDER 1917 58 57 62 61 0
1510 UNBLOCK 28 26
1510 ORDER 1918 38 27 2 49 0
1510 BLOCK 16 52
1511 ORDER 1919 83 53 79 61 0
1511 ORDER 1920 62 15 1 52 1
1512 ORDER 1921 27 15 20 62 1
1513 ORDER 1922 40 51 27 61 0
1514 ORDER 1923 39 20 76 61 0
1515 ORDER 1924 46 30 80 62 1
1516 ORDER 1925 46 3 1 5 1
1517 ORDER 1926 32 53 8 61 0
1518 ORDER 1927 61 20 83 62 0
1518 BLOCK 37 21
1519 UNBLOCK 12 44
1519 ORDER 1928 17 9 2 49 3
1519 ORDER 1929 14 36 55 61 0
1520 ORDER 1930 40 50 1 61 1
1520 BLOCK 18 35
1521 UNBLOCK 80 36
1521 ORDER 1931 53 32 3 18 0
1522 UNBLOCK 19 15
1522 UNBLOCK 22 5
1522 ORDER 1932 48 53 35 62 0
1523 CANCEL 1853
1523 ORDER 1933 76 14 33 61 0
1524 ORDER 1934 73 44 2 61 1
1524 BLOCK 35 26
1525 ORDER 1935 15 44 2 46 1
1526 ORDER 1936 10 44 68 61 0
1527 UNBLOCK 26 33
1527 ORDER 1937 70 11 39 61 1
1527 BLOCK 59 33
1528 ORDER 1938 54 29 2 8 0
1528 ORDER 1939 79 57 13 62 0
1529 ORDER 1940 72 33 3 2 0
1530 ORDER 1941 71 26 2 53 1
1531 ORDER 1942 33 45 10 61 0
1531 BLOCK 13 21
1532 ORDER 1943 65 48 25 62 0
1533 ORDER 1944 9 15 3 61 0
1534 ORDER 1945 15 42 1 48 0
1535 ORDER 1946 27 45 1 27 0
1536 UNBLOCK 36 24
1536 ORDER 1947 59 47 25 62 0
1537 ORDER 1948 39 27 34 62 0
1538 ORDER 1949 47 32 69 61 1
1539 ORDER 1950 14 6 3 32 2
1540 ORDER 1951 71 45 1 37 2
1541 ORDER 1952 67 48 2 53 0
1542 ORDER 1953 41 57 2 17 0
1543 CANCEL 1763
1543 ORDER 1954 30 23 55 62 1
1544 ORDER 1955 37 24 74 62 0
1545 ORDER 1956 51 46 1 52 0
1545 ORDER 1957 22 21 3 40 1
1545 BLOCK 50 40
1546 UNBLOCK 35 26
1546 ORDER 1958 16 3 2 2 2
1547 ORDER 1959 11 27 1 9 0
1547 BLOCK 20 62
1548 ORDER 1960 56 27 14 61 0
1549 ORDER 1961 73 59 2 49 2
1550 ORDER 1962 74 18 10 61 0
1550 ORDER 1963 22 51 3 50 1
1550 BLOCK 13 40
1551 ORDER 1964 21 59 3 25 0
1552 ORDER 1965 81 27 1 23 1
1553 ORDER 1966 19 11 1 20 0
1553 BLOCK 75 33
1554 ORDER 1967 58 45 1 40 0
1554 ORDER 1968 42 14 1 57 0
1555 ORDER 1969 61 9 3 5 0
1556 ORDER 1970 48 21 79 61 1
1556 ORDER 1971 82 21 1 11 1
1557 ORDER 1972 79 57 2 17 0
1558 ORDER 1973 59 29 1 59 0
1558 ORDER 1974 67 54 27 61 0
1559 ORDER 1975 16 23 6 62 0
1560 ORDER 1976 17 27 18 62 0
1561 ORDER 1977 9 35 40 62 0
1562 ORDER 1978 51 54 1 34 1
1563 ORDER 1979 44 17 36 61 0
1564 ORDER 1980 82 11 3 45 3
1564 BLOCK 25 55
1565 ORDER 1981 20 53 3 51 0
1566 CANCEL 1858
1566 ORDER 1982 60 36 2 23 0
1567 ORDER 1983 35 27 3 8 0
1567 ORDER 1984 70 26 1 37 3
1567 BLOCK 19 8
1568 ORDER 1985 38 53 3 49 2
1569 ORDER 1986 71 12 1 48 0
1569 ORDER 1987 54 36 1 13 1
1570 ORDER 1988 74 42 5 62 1
1570 BLOCK 36 14
1571 UNBLOCK 16 52
1571 ORDER 1989 14 18 3 5 1
1571 ORDER 1990 64 39 46 62 0
1572 ORDER 1991 55 30 56 61 1
1572 ORDER 1992 8 42 7 62 0
1573 ORDER 1993 21 51 26 61 1
1573 BLOCK 78 12
1574 ORDER 1994 80 35 3 26 0
1575 ORDER 1995 37 6 39 62 0
1576 CANCEL 1783
1576 ORDER 1996 72 30 3 49 1
1576 BLOCK 29 15
1577 ORDER 1997 43 8 35 61 0
1578 ORDER 1998 59 9 42 62 0
1579 ORDER 1999 24 39 43 62 0
1579 BLOCK 67 45
1580 ORDER 2000 16 29 3 4 0
1580 BLOCK 74 9
1581 ORDER 2001 11 12 3 59 2
1582 ORDER 2002 26 8 2 17 0
1582 ORDER 2003 18 6 78 62 0
1583 UNBLOCK 27 23
1583 ORDER 2004 44 44 1 13 0
1583 ORDER 2005 21 59 82 61 2
1584 UNBLOCK 75 33
1584 ORDER 2006 12 50 2 10 0
1584 ORDER 2007 55 38 79 62 1
1585 ORDER 2008 35 35 1 55 1
1586 ORDER 2009 78 6 2 25 0
1587 UNBLOCK 25 55
1587 ORDER 2010 9 38 18 61 0
1587 BLOCK 50 35
1588 UNBLOCK 29 15
1588 ORDER 2011 65 45 24 62 0
1589 ORDER 2012 35 5 1 53 1
1589 BLOCK 85 20
1590 ORDER 2013 28 17 10 62 2
1591 ORDER 2014 56 5 1 22 0
1592 ORDER 2015 65 15 1 24 0
1592 BLOCK 49 26
1593 UNBLOCK 59 33
1593 ORDER 2016 56 57 17 62 2
1593 BLOCK 45 51
1594 ORDER 2017 46 45 31 61 0
1595 ORDER 2018 57 35 2 1 1
1595 ORDER 2019 66 47 2 6 2
1596 ORDER 2020 59 8 3 19 0
1597 ORDER 2021 74 42 63 62 0
1598 UNBLOCK 37 21
1598 ORDER 2022 42 41 3 29 1
1599 ORDER 2023 57 21 3 4 0
1600 ORDER 2024 46 36 3 36 0
1600 ORDER 2025 10 48 1 50 0
1601 ORDER 2026 44 39 31 61 0
1601 ORDER 2027 13 45 84 62 0
1602 ORDER 2028 36 30 2 46 1
1602 ORDER 2029 71 33 24 62 0
1603 ORDER 2030 78 45 56 61 3
1603 BLOCK 63 39
1604 ORDER 2031 20 42 2 15 3
1605 UNBLOCK 50 40
1605 ORDER 2032 79 8 80 61 0
1606 ORDER 2033 73 44 1 29 2
1607 ORDER 2034 10 23 38 61 3
1608 UNBLOCK 13 40
1608 ORDER 2035 15 35 9 62 0
1609 ORDER 2036 15 44 1 19 0
1609 ORDER 2037 78 47 1 58 0
1610 ORDER 2038 65 41 74 62 0
1610 ORDER 2039 36 59 45 62 0
1611 ORDER 2040 79 14 1 44 0
1612 UNBLOCK 18 35
1612 ORDER 2041 19 21 3 61 0
1613 ORDER 2042 65 26 44 61 0
1614 ORDER 2043 34 6 3 20 0
1614 BLOCK 80 12
1615 ORDER 2044 84 15 67 62 0
1616 ORDER 2045 7 9 39 61 1
1617 ORDER 2046 17 33 1 60 0
1618 UNBLOCK 20 62
1618 ORDER 2047 56 3 44 62 0
1619 ORDER 2048 35 23 2 50 0
1619 ORDER 2049 77 28 54 62 1
1620 ORDER 2050 58 35 72 62 1
1621 UNBLOCK 13 21
1621 ORDER 2051 43 54 3 50 3
1622 ORDER 2052 55 18 53 61 0
1622 ORDER 2053 61 54 4 61 0
1622 BLOCK 73 57
1623 ORDER 2054 52 56 7 62 0
1623 BLOCK 19 29
1624 ORDER 2055 57 8 1 57 0
1624 ORDER 2056 21 9 1 11 0
1625 UNBLOCK 19 8
1625 ORDER 2057 10 48 1 39 2
1626 ORDER 2058 28 41 2 6 1
1627 CANCEL 2048
1627 ORDER 2059 25 33 3 52 0
1628 ORDER 2060 79 12 2 51 3
1628 ORDER 2061 81 29 48 61 1
1629 ORDER 2062 6 56 12 62 0
1629 ORDER 2063 38 8 82 61 1
1630 ORDER 2064 85 8 40 61 1
1631 ORDER 2065 77 18 3 56 1
1631 ORDER 2066 77 27 32 61 0
1632 ORDER 2067 34 27 62 61 2
1632 BLOCK 48 41
1633 UNBLOCK 74 9
1633 ORDER 2068 38 11 1 34 1
1633 ORDER 2069 65 32 2 57 0
1634 UNBLOCK 78 12
1634 ORDER 2070 15 8 74 61 0
1635 ORDER 2071 78 48 3 54 0
1635 BLOCK 55 48
1636 ORDER 2072 58 29 2 4 0
1636 ORDER 2073 74 53 6 61 0
1637 ORDER 2074 35 12 53 62 2
1637 BLOCK 53 21
1638 ORDER 2075 22 47 6 62 0
1639 ORDER 2076 57 39 9 61 0
1640 ORDER 2077 11 29 88 61 0
1640 ORDER 2078 8 30 43 61 1
1641 ORDER 2079 28 3 3 59 0
1642 ORDER 2080 58 6 17 61 0
1643 ORDER 2081 62 27 1 36 2
1644 UNBLOCK 85 20
1644 ORDER 2082 36 6 2 54 1
1645 UNBLOCK 80 12
1645 ORDER 2083 61 8 1 51 0
1646 UNBLOCK 50 35
1646 ORDER 2084 7 56 2 6 0
1647 UNBLOCK 49 26
1647 ORDER 2085 27 51 3 21 2
1648 ORDER 2086 57 35 2 56 0
1648 ORDER 2087 76 18 1 61 1
1649 ORDER 2088 9 48 3 35 0
1650 ORDER 2089 34 42 13 62 1
1651 ORDER 2090 37 5 72 61 0
1651 ORDER 2091 67 26 75 62 0
1652 ORDER 2092 17 23 1 23 1
1653 ORDER 2093 16 11 33 62 0
1654 UNBLOCK 67 45
1654 ORDER 2094 36 30 1 24 0
1655 ORDER 2095 43 12 2 52 0
1655 BLOCK 79 50
1656 ORDER 2096 82 45 81 62 0
1657 ORDER 2097 69 30 2 12 0
1658 ORDER 2098 31 23 53 61 0
1659 ORDER 2099 10 15 3 47 0
1660 ORDER 2100 16 33 39 62 0
1660 ORDER 2101 7 12 67 62 0
1660 BLOCK 15 20
1661 UNBLOCK 36 14
1661 ORDER 2102 27 30 2 30 0
1661 ORDER 2103 18 56 1 60 1
1662 ORDER 2104 11 51 1 16 0
1663 ORDER 2105 32 26 2 42 1
1664 ORDER 2106 72 33 2 27 1
1664 ORDER 2107 20 24 3 31 0
1665 ORDER 2108 57 35 1 43 1
1665 ORDER 2109 79 51 1 52 3
1666 ORDER 2110 45 29 3 61 0
1667 ORDER 2111 16 44 1 41 0
1667 ORDER 2112 36 5 40 62 0
1668 ORDER 2113 15 36 1 12 1
1668 BLOCK 37 62
1669 ORDER 2114 37 59 2 58 2
1670 ORDER 2115 49 39 2 37 0
1671 ORDER 2116 12 35 51 62 1
1671 ORDER 2117 9 42 1 30 1
1671 BLOCK 74 42
1672 ORDER 2118 51 27 81 62 0
1672 ORDER 2119 47 56 51 62 0
1673 UNBLOCK 48 41
1673 ORDER 2120 18 41 2 3 1
1674 ORDER 2121 65 23 88 61 1
1675 ORDER 2122 84 21 72 62 0
1675 BLOCK 17 27
1676 ORDER 2123 48 24 65 61 0
1676 ORDER 2124 37 47 2 14 0
1677 ORDER 2125 35 20 3 21 0
1678 ORDER 2126 49 20 55 62 0
1678 BLOCK 5 3
1679 ORDER 2127 39 35 2 7 0
1679 ORDER 2128 30 11 3 62 1
1680 UNBLOCK 53 21
1680 ORDER 2129 56 51 3 27 0
1681 ORDER 2130 26 3 49 61 1
1681 ORDER 2131 37 24 73 62 3
1682 ORDER 2132 66 20 13 61 0
1683 ORDER 2133 55 47 2 24 1
1684 ORDER 2134 21 50 2 59 2
1684 BLOCK 57 41
1685 ORDER 2135 69 3 68 61 0
1686 ORDER 2136 7 39 2 41 0
1687 ORDER 2137 17 5 1 42 0
1688 ORDER 2138 61 32 3 2 0
1689 ORDER 2139 49 27 57 62 0
1690 ORDER 2140 57 29 2 3 3
1691 UNBLOCK 19 29
1691 ORDER 2141 40 9 3 57 3
1691 ORDER 2142 8 24 2 48 1
1692 UNBLOCK 45 51
1692 ORDER 2143 57 51 2 16 1
1692 BLOCK 41 18
1693 ORDER 2144 41 8 26 61 1
1694 UNBLOCK 74 42
1694 UNBLOCK 17 27
1694 ORDER 2145 34 54 3 54 0
1695 ORDER 2146 56 18 31 62 0
1695 BLOCK 33 27
1696 ORDER 2147 43 50 1 5 0
1697 ORDER 2148 61 18 3 37 0
1697 ORDER 2149 56 3 34 62 0
1698 UNBLOCK 15 20
1698 ORDER 2150 66 15 70 61 0
1699 UNBLOCK 63 39
1699 ORDER 2151 65 39 1 4 0
1699 ORDER 2152 37 56 2 13 0
1700 ORDER 2153 14 15 1 4 0
1700 ORDER 2154 23 36 62 62 0
1701 UNBLOCK 73 57
1701 UNBLOCK 55 48
1701 ORDER 2155 23 26 1 37 0
1702 ORDER 2156 83 22 29 61 2
1702 BLOCK 23 27
1703 ORDER 2157 43 32 1 17 0
1704 ORDER 2158 67 56 2 42 0
1705 ORDER 2159 63 42 47 62 0
1706 CANCEL 1922
1706 ORDER 2160 28 23 2 60 0
1707 UNBLOCK 79 50
1707 ORDER 2161 8 50 67 61 2
1708 ORDER 2162 25 36 64 61 0
1709 ORDER 2163 16 41 50 62 0
1709 BLOCK 28 15
1710 ORDER 2164 20 50 48 61 0
1711 ORDER 2165 56 50 76 62 0
1711 ORDER 2166 8 39 57 61 3
1712 ORDER 2167 62 5 53 61 0
1713 ORDER 2168 44 20 49 62 1
1714 ORDER 2169 7 42 1 14 1
1714 ORDER 2170 60 42 2 4 2
1715 ORDER 2171 27 21 38 61 0
1715 BLOCK 22 44
1716 ORDER 2172 19 51 71 61 0
1716 ORDER 2173 64 48 81 62 0
1716 BLOCK 81 59
1717 ORDER 2174 8 54 69 61 0
1718 ORDER 2175 7 44 3 47 1
1718 ORDER 2176 83 59 28 61 1
1719 ORDER 2177 34 17 28 62 1
1720 ORDER 2178 66 12 54 62 0
1721 ORDER 2179 77 27 2 31 0
1721 BLOCK 64 56
1722 ORDER 2180 49 9 1 45 2
1723 ORDER 2181 68 32 73 61 0
1724 UNBLOCK 5 3
1724 UNBLOCK 57 41
1724 ORDER 2182 20 56 72 61 0
1724 ORDER 2183 84 57 2 46 2
1725 ORDER 2184 33 51 3 47 0
1726 ORDER 2185 31 35 2 44 1
1726 BLOCK 41 15
1727 ORDER 2186 10 11 46 62 0
1728 UNBLOCK 33 27
1728 UNBLOCK 23 27
1728 ORDER 2187 71 24 1 28 0
1729 ORDER 2188 64 47 1 2 0
1730 ORDER 2189 70 12 82 62 0
1731 ORDER 2190 71 9 2 4 0
1732 ORDER 2191 25 39 10 62 1
1732 ORDER 2192 55 54 74 62 0
1732 BLOCK 65 44
1733 ORDER 2193 35 45 22 61 0
1733 ORDER 2194 41 9 10 61 1
1734 ORDER 2195 15 20 83 62 1
1734 BLOCK 10 30
1735 ORDER 2196 76 23 57 62 0
1736 ORDER 2197 80 27 2 33 1
1737 ORDER 2198 35 59 3 47 1
1737 ORDER 2199 13 54 87 61 0
1738 ORDER 2200 17 26 2 45 0
1739 ORDER 2201 30 27 3 27 2
1740 ORDER 2202 68 17 41 61 0
1741 ORDER 2203 22 24 27 62 0
1741 BLOCK 6 45
1742 ORDER 2204 56 29 3 7 0
1743 CANCEL 2123
1743 UNBLOCK 81 59
1743 ORDER 2205 6 17 86 61 1
1743 ORDER 2206 8 32 3 51 0
1743 BLOCK 62 54
1744 ORDER 2207 26 12 1 17 1
1744 ORDER 2208 43 45 23 61 0
1744 BLOCK 24 8
1745 ORDER 2209 47 33 55 61 0
1745 ORDER 2210 12 24 17 61 0
1746 UNBLOCK 28 15
1746 ORDER 2211 10 6 34 62 0
1746 ORDER 2212 47 18 25 61 2
1746 BLOCK 22 41
1747 ORDER 2213 21 47 42 62 2
1747 ORDER 2214 62 7 63 61 0
1747 BLOCK 9 62
1748 ORDER 2215 37 41 1 24 0
1748 ORDER 2216 80 41 1 59 0
1749 ORDER 2217 59 47 55 61 0
1749 ORDER 2218 23 53 58 61 0
1750 UNBLOCK 37 62
1750 ORDER 2219 85 21 3 51 0
1751 ORDER 2220 54 9 1 18 0
1752 ORDER 2221 70 26 37 61 0
1752 ORDER 2222 6 47 86 61 1
1753 ORDER 2223 8 44 66 61 1
1754 UNBLOCK 24 8
1754 ORDER 2224 29 32 2 56 2
1755 ORDER 2225 60 47 1 48 1
1756 ORDER 2226 80 6 6 62 2
1756 ORDER 2227 71 11 28 62 0
1756 BLOCK 22 18
1757 ORDER 2228 17 53 14 62 0
1757 BLOCK 50 21
1758 ORDER 2229 23 53 26 62 0
1759 ORDER 2230 30 54 1 38 0
1760 CANCEL 1996
1760 ORDER 2231 42 6 1 23 1
1761 ORDER 2232 12 3 2 43 0
1761 ORDER 2233 77 44 2 13 2
1762 ORDER 2234 55 18 70 62 1
1763 ORDER 2235 68 15 2 28 0
1763 ORDER 2236 80 6 82 61 1
1764 ORDER 2237 61 34 23 61 0
1764 BLOCK 56 59
1765 UNBLOCK 62 54
1765 ORDER 2238 44 38 88 61 1
1766 UNBLOCK 41 18
1766 ORDER 2239 63 18 3 43 0
1767 UNBLOCK 41 15
1767 ORDER 2240 18 8 42 61 1
1768 ORDER 2241 33 45 1 45 0
1769 ORDER 2242 26 36 2 25 0
1770 ORDER 2243 35 3 65 62 0
1770 BLOCK 62 14
1771 ORDER 2244 27 38 2 45 2
1772 ORDER 2245 67 17 1 61 0
1773 ORDER 2246 50 23 3 11 1
1774 ORDER 2247 63 51 1 32 0
1775 UNBLOCK 10 30
1775 ORDER 2248 24 18 35 62 0
1776 ORDER 2249 74 50 50 61 0
1776 ORDER 2250 33 39 2 11 0
1776 BLOCK 15 38
1777 ORDER 2251 34 18 10 62 0
1778 UNBLOCK 64 56
1778 ORDER 2252 85 21 39 61 2
1778 ORDER 2253 18 50 2 41 0
1779 CANCEL 2083
1779 ORDER 2254 67 18 3 21 2
1780 ORDER 2255 29 3 42 61 0
1781 ORDER 2256 85 56 22 62 0
1782 ORDER 2257 10 45 34 61 0
1782 ORDER 2258 66 50 30 61 0
1783 ORDER 2259 35 17 1 59 1
1784 ORDER 2260 29 27 54 62 0
1784 ORDER 2261 55 23 81 61 0
1785 ORDER 2262 53 42 3 61 0
1786 ORDER 2263 14 21 39 61 0
1787 ORDER 2264 43 45 2 58 0
1788 ORDER 2265 63 18 3 49 1
1788 ORDER 2266 19 50 1 7 0
1789 ORDER 2267 10 41 8 62 2
1789 ORDER 2268 47 54 3 37 0
1789 BLOCK 67 29
1790 ORDER 2269 17 24 1 18 0
1791 UNBLOCK 65 44
1791 ORDER 2270 81 47 36 62 1
1792 ORDER 2271 30 33 3 47 0
1793 ORDER 2272 28 51 1 20 1
1794 ORDER 2273 26 35 81 62 0
1794 ORDER 2274 62 30 34 61 0
1795 UNBLOCK 22 41
1795 ORDER 2275 27 54 73 61 1
1795 ORDER 2276 77 48 3 46 0
1796 ORDER 2277 81 50 3 41 0
1796 ORDER 2278 78 23 2 56 0
1797 UNBLOCK 22 18
1797 ORDER 2279 67 3 1 36 0
1797 ORDER 2280 74 59 1 17 0
1798 ORDER 2281 48 12 48 61 2
1799 ORDER 2282 79 14 76 61 1
1800 ORDER 2283 25 5 3 11 0
1800 ORDER 2284 68 26 7 61 1
1801 ORDER 2285 73 17 81 62 0
1801 ORDER 2286 8 54 3 45 1
1801 BLOCK 23 47
1802 ORDER 2287 37 57 1 51 0
1803 ORDER 2288 24 59 68 61 2
1803 ORDER 2289 20 20 60 62 1
1804 ORDER 2290 59 44 1 36 0
1805 ORDER 2291 71 8 2 41 0
1806 ORDER 2292 80 15 61 62 0
1807 ORDER 2293 63 3 1 42 0
1808 UNBLOCK 56 59
1808 ORDER 2294 82 44 23 61 0
1809 ORDER 2295 62 41 1 53 1
1809 BLOCK 73 45
1810 UNBLOCK 50 21
1810 CANCEL 2262
1810 ORDER 2296 30 8 3 9 0
1811 ORDER 2297 45 26 3 5 0
1811 BLOCK 67 23
1812 ORDER 2298 56 5 3 54 2
1813 ORDER 2299 68 47 17 61 0
1814 UNBLOCK 22 44
1814 ORDER 2300 51 11 64 62 0
1814 ORDER 2301 21 5 2 47 2
1815 ORDER 2302 7 59 73 61 0
1816 ORDER 2303 39 54 41 61 1
1816 ORDER 2304 64 32 14 61 0
1817 ORDER 2305 69 36 18 61 0
1818 ORDER 2306 9 29 2 23 0
1819 ORDER 2307 74 8 2 5 1
1819 BLOCK 48 42
1820 ORDER 2308 67 20 1 19 1
1821 UNBLOCK 6 45
1821 ORDER 2309 6 8 38 62 0
1821 ORDER 2310 31 48 56 62 1
1822 ORDER 2311 68 45 1 47 1
1823 ORDER 2312 79 24 67 61 2
1824 CANCEL 2111
1824 ORDER 2313 28 50 3 61 0
1824 ORDER 2314 57 24 2 1 0
1824 BLOCK 46 36
1825 ORDER 2315 15 24 54 61 2
1826 ORDER 2316 16 29 61 62 1
1826 BLOCK 32 9
1827 ORDER 2317 79 47 2 13 1
1828 ORDER 2318 65 45 75 62 1
1829 ORDER 2319 73 53 3 47 2
1829 ORDER 2320 43 47 2 35 0
1830 ORDER 2321 42 42 25 62 3
1830 ORDER 2322 63 35 1 52 0
1831 UNBLOCK 9 62
1831 ORDER 2323 11 56 50 62 3
1831 ORDER 2324 61 12 3 3 0
1832 ORDER 2325 51 21 73 61 1
1833 ORDER 2326 50 35 3 33 0
1833 ORDER 2327 34 27 63 61 1
1834 ORDER 2328 59 45 1 17 0
1834 ORDER 2329 45 59 1 9 0
1835 ORDER 2330 40 47 3 36 0
1836 ORDER 2331 82 29 3 45 0
1836 ORDER 2332 68 38 37 61 0
1837 UNBLOCK 62 14
1837 ORDER 2333 80 27 57 62 0
1838 ORDER 2334 49 29 2 55 1
1839 ORDER 2335 61 42 3 10 0
1839 ORDER 2336 65 30 3 13 0
1840 ORDER 2337 29 6 37 62 0
1841 ORDER 2338 28 54 41 61 2
1842 ORDER 2339 35 48 3 8 1
1843 ORDER 2340 63 5 25 61 0
1843 ORDER 2341 40 54 2 22 3
1843 BLOCK 47 11
1844 ORDER 2342 8 35 2 49 1
1845 UNBLOCK 15 38
1845 ORDER 2343 26 42 1 19 0
1845 BLOCK 8 45
1846 ORDER 2344 28 26 3 19 1
1847 UNBLOCK 67 29
1847 ORDER 2345 75 53 1 15 2
1848 ORDER 2346 8 26 85 61 0
1849 ORDER 2347 9 45 3 7 0
1849 BLOCK 19 61
1850 ORDER 2348 16 35 1 10 0
1851 ORDER 2349 58 47 1 8 0
1852 ORDER 2350 8 56 1 16 0
1853 UNBLOCK 73 45
1853 ORDER 2351 31 11 3 33 1
1853 BLOCK 10 29
1854 ORDER 2352 65 48 37 61 3
1855 ORDER 2353 36 30 1 1 0
1855 ORDER 2354 62 43 55 62 0
1856 ORDER 2355 81 57 2 35 0
1857 ORDER 2356 8 6 38 62 0
1858 ORDER 2357 53 39 22 61 1
1858 ORDER 2358 67 8 3 51 1
1859 ORDER 2359 74 57 3 22 1
1860 ORDER 2360 34 17 3 57 3
1861 ORDER 2361 59 56 1 47 0
1862 ORDER 2362 82 36 78 62 1
1863 UNBLOCK 10 29
1863 ORDER 2363 28 36 26 62 0
1864 ORDER 2364 85 21 2 30 0
1865 ORDER 2365 8 14 13 61 1
1865 ORDER 2366 82 41 81 61 0
1866 ORDER 2367 84 33 3 56 1
1867 ORDER 2368 70 57 33 62 0
1867 ORDER 2369 32 53 82 61 1
1868 ORDER 2370 49 6 40 62 0
1868 ORDER 2371 71 9 41 62 1
1869 ORDER 2372 58 54 5 61 0
1870 ORDER 2373 25 57 3 8 0
1871 ORDER 2374 78 48 1 32 1
1872 ORDER 2375 19 21 2 55 0
1872 ORDER 2376 61 9 3 26 1
1873 ORDER 2377 80 57 67 62 1
1874 ORDER 2378 62 41 84 61 2
1875 ORDER 2379 72 15 3 55 0
1876 UNBLOCK 19 61
1876 ORDER 2380 47 56 3 1 1
1876 BLOCK 27 11
1877 CANCEL 2144
1877 ORDER 2381 61 6 3 52 0
1878 ORDER 2382 28 57 3 21 1
1879 ORDER 2383 17 27 3 24 0
1880 ORDER 2384 31 21 47 62 1
1881 ORDER 2385 71 6 41 61 0
1881 BLOCK 45 55
1882 UNBLOCK 23 47
1882 ORDER 2386 79 57 2 18 3
1883 ORDER 2387 60 56 57 62 1
1883 ORDER 2388 20 42 1 53 1
1884 ORDER 2389 15 48 2 56 1
1884 BLOCK 63 56
1885 UNBLOCK 48 42
1885 ORDER 2390 26 57 77 61 0
1886 ORDER 2391 74 3 2 1 0
1887 UNBLOCK 67 23
1887 ORDER 2392 6 32 3 24 2
1887 ORDER 2393 62 51 21 62 0
1888 ORDER 2394 55 50 85 61 2
1889 ORDER 2395 84 8 25 62 0
1890 ORDER 2396 51 8 3 37 0
1890 BLOCK 34 12
1891 CANCEL 2387
1891 ORDER 2397 63 45 2 29 0
1892 ORDER 2398 84 56 32 62 1
1892 ORDER 2399 50 47 84 62 0
1893 ORDER 2400 58 39 2 48 0
1893 BLOCK 53 53
1894 ORDER 2401 63 35 1 53 0
1894 ORDER 2402 49 8 45 61 0
1894 BLOCK 21 37
1895 ORDER 2403 37 33 1 21 0
1896 ORDER 2404 80 48 85 61 0
1896 BLOCK 31 15
1897 ORDER 2405 29 57 9 61 2
1897 ORDER 2406 24 59 1 49 0
1898 CANCEL 2249
1898 UNBLOCK 63 56
1898 ORDER 2407 39 3 2 10 0
1898 BLOCK 43 24
1899 ORDER 2408 37 44 1 40 0
1900 ORDER 2409 82 21 1 7 0
1901 ORDER 2410 23 24 1 57 0
1902 ORDER 2411 16 17 3 45 2
1903 ORDER 2412 71 6 3 48 0
1903 ORDER 2413 76 24 46 61 0
1903 BLOCK 7 23
1904 UNBLOCK 32 9
1904 ORDER 2414 40 33 1 61 0
1904 ORDER 2415 20 20 2 13 0
1905 ORDER 2416 78 45 40 62 3
1906 ORDER 2417 60 38 3 31 0
1906 ORDER 2418 32 26 55 62 0
1907 UNBLOCK 46 36
1907 ORDER 2419 75 53 47 62 1
1907 ORDER 2420 7 15 9 61 0
1908 ORDER 2421 18 39 3 37 1
1909 ORDER 2422 48 48 85 61 0
1910 ORDER 2423 48 3 38 61 0
1910 BLOCK 73 29
1911 ORDER 2424 65 17 54 62 0
1912 ORDER 2425 33 6 2 7 0
1912 ORDER 2426 71 12 1 30 1
1913 ORDER 2427 35 33 1 59 0
1914 UNBLOCK 47 11
1914 ORDER 2428 17 30 49 62 1
1914 ORDER 2429 84 27 2 18 3
1915 ORDER 2430 56 33 57 61 0
1915 BLOCK 57 6
1916 CANCEL 2330
1916 ORDER 2431 13 57 45 61 0
1917 ORDER 2432 70 50 44 61 1
1918 ORDER 2433 64 27 7 62 0
1918 ORDER 2434 24 5 15 61 0
1919 ORDER 2435 55 24 3 49 1
1919 ORDER 2436 43 12 51 62 0
1920 UNBLOCK 8 45
1920 UNBLOCK 43 24
1920 ORDER 2437 84 23 3 20 0
1921 ORDER 2438 37 54 3 43 0
1922 ORDER 2439 17 38 1 26 0
1923 ORDER 2440 70 53 43 62 0
1923 ORDER 2441 35 47 1 12 1
1924 ORDER 2442 27 45 17 62 0
1925 ORDER 2443 10 5 4 62 0
1925 ORDER 2444 21 24 3 25 1
1926 ORDER 2445 59 47 77 62 0
1927 ORDER 2446 83 39 31 61 0
1928 UNBLOCK 73 29
1928 ORDER 2447 22 45 1 33 0
1929 ORDER 2448 57 29 5 62 0
1929 ORDER 2449 19 15 71 62 0
1930 ORDER 2450 85 21 12 62 1
1931 UNBLOCK 57 6
1931 ORDER 2451 38 47 25 62 0
1932 UNBLOCK 53 53
1932 ORDER 2452 16 36 15 61 0
1933 ORDER 2453 12 59 2 42 0
1933 BLOCK 74 14
1934 ORDER 2454 8 33 48 61 1
1935 ORDER 2455 76 14 66 61 0
1936 ORDER 2456 44 5 1 19 3
1936 ORDER 2457 18 23 67 61 0
1937 ORDER 2458 61 54 3 45 0
1938 ORDER 2459 37 26 1 17 0
1939 ORDER 2460 31 14 3 4 0
1940 ORDER 2461 46 17 3 9 0
1940 BLOCK 47 54
1941 ORDER 2462 46 35 3 26 0
1942 ORDER 2463 76 33 1 3 0
1942 BLOCK 80 53
1943 ORDER 2464 79 3 1 31 0
1943 BLOCK 7 8
1944 ORDER 2465 59 38 3 57 0
1944 ORDER 2466 80 20 3 19 2
1944 BLOCK 33 44
1945 ORDER 2467 18 39 2 27 2
1945 ORDER 2468 29 32 88 62 0
1946 ORDER 2469 44 20 1 33 0
1946 BLOCK 14 29
1947 UNBLOCK 21 37
1947 ORDER 2470 7 18 60 62 0
1947 BLOCK 8 50
1948 ORDER 2471 17 56 2 42 1
1948 ORDER 2472 52 48 3 48 1
1948 BLOCK 75 12
1949 ORDER 2473 67 42 1 58 0
1949 ORDER 2474 14 23 2 1 2
1950 ORDER 2475 44 38 27 61 1
1950 ORDER 2476 55 32 1 31 0
1951 UNBLOCK 27 11
1951 ORDER 2477 19 44 1 17 1
1952 ORDER 2478 83 44 2 55 3
1953 ORDER 2479 26 32 5 62 0
1954 UNBLOCK 80 53
1954 ORDER 2480 26 29 34 62 0
1954 ORDER 2481 49 59 2 47 2
1955 UNBLOCK 31 15
1955 ORDER 2482 39 52 61 61 1
1956 ORDER 2483 39 21 10 61 0
1957 ORDER 2484 15 32 53 62 0
1958 ORDER 2485 73 9 1 62 1
1959 UNBLOCK 33 44
1959 ORDER 2486 57 50 35 61 0
1960 ORDER 2487 66 57 1 38 3
1961 UNBLOCK 75 12
1961 ORDER 2488 68 24 39 62 0
1961 BLOCK 62 26
1962 ORDER 2489 8 21 56 62 0
1963 UNBLOCK 34 12
1963 ORDER 2490 35 39 20 61 1
1964 ORDER 2491 18 18 2 12 0
1965 ORDER 2492 50 14 3 5 0
1965 ORDER 2493 20 30 30 62 0
1965 CANCEL 102493
1966 ORDER 2494 70 50 1 39 0
1967 UNBLOCK 14 29
1967 ORDER 2495 54 42 1 18 3
1967 ORDER 2496 55 59 2 12 0
1968 ORDER 2497 74 21 1 10 0
1969 ORDER 2498 55 29 82 62 1
1970 ORDER 2499 42 11 52 61 1
1970 BLOCK 10 62
1971 ORDER 2500 61 39 2 1 2
1971 ORDER 2501 75 41 50 62 1
1972 ORDER 2502 16 15 65 62 0
1973 ORDER 2503 55 54 39 61 3
1974 ORDER 2504 9 59 3 37 3
1975 ORDER 2505 70 5 3 7 0
1975 ORDER 2506 46 11 81 62 0
1976 ORDER 2507 74 6 2 27 0
1976 ORDER 2508 7 59 75 62 0
1976 BLOCK 78 51
1977 UNBLOCK 62 26
1977 ORDER 2509 31 44 1 20 0
1978 ORDER 2510 36 26 27 62 0
1979 UNBLOCK 74 14
1979 ORDER 2511 7 30 3 3 1
1979 ORDER 2512 34 16 18 61 0
1980 ORDER 2513 51 35 1 49 1
1980 BLOCK 55 57
1981 UNBLOCK 45 55
1981 ORDER 2514 65 14 84 62 0
1981 BLOCK 70 59
1982 ORDER 2515 9 6 3 16 0
1983 UNBLOCK 7 23
1983 CANCEL 2513
1983 ORDER 2516 59 33 2 2 1
1984 ORDER 2517 32 3 2 28 0
1985 ORDER 2518 7 57 31 61 1
1985 ORDER 2519 38 23 35 62 0
1986 ORDER 2520 76 6 87 62 0
1986 ORDER 2521 58 9 1 16 1
1987 ORDER 2522 24 51 49 62 0
1987 ORDER 2523 21 57 2 19 0
1988 ORDER 2524 60 23 80 61 0
1989 ORDER 2525 32 12 1 22 2
1990 ORDER 2526 36 8 2 38 0
1991 ORDER 2527 18 15 79 62 0
1992 ORDER 2528 82 21 81 62 1
1992 BLOCK 39 60
1993 ORDER 2529 18 9 14 61 0
1994 ORDER 2530 31 27 10 62 3
1995 ORDER 2531 30 18 64 61 0
1995 BLOCK 66 47
1996 UNBLOCK 8 50
1996 ORDER 2532 57 54 51 62 3
1996 ORDER 2533 46 48 3 28 0
1997 ORDER 2534 22 53 25 61 2
1998 ORDER 2535 20 44 80 62 0
1999 ORDER 2536 70 44 3 21 0
2000 ORDER 2537 18 59 20 61 0
2001 ORDER 2538 52 15 71 61 1
2002 ORDER 2539 52 57 56 62 0
2002 ORDER 2540 32 3 87 61 2
2003 ORDER 2541 8 17 32 62 0
2003 ORDER 2542 50 11 48 61 1
2003 BLOCK 51 52
2004 ORDER 2543 85 17 3 32 0
2005 ORDER 2544 83 20 51 62 0
2005 ORDER 2545 82 59 1 5 2
2005 BLOCK 78 19
2006 ORDER 2546 48 11 74 61 0
2006 ORDER 2547 81 41 14 62 1
2007 ORDER 2548 13 27 3 61 0
2008 ORDER 2549 71 41 40 62 0
2009 ORDER 2550 80 56 1 20 2
2009 ORDER 2551 66 15 1 29 1
2010 ORDER 2552 54 17 30 62 1
2011 ORDER 2553 60 26 60 62 0
2012 UNBLOCK 78 51
2012 ORDER 2554 39 3 2 52 2
2012 ORDER 2555 69 33 3 23 1
2013 ORDER 2556 56 38 31 61 0
2014 UNBLOCK 55 57
2014 ORDER 2557 23 53 3 15 1
2015 ORDER 2558 76 56 6 61 1
2015 BLOCK 27 20
2016 ORDER 2559 27 8 1 11 0
2017 CANCEL 2448
2017 ORDER 2560 78 51 66 61 0
2018 ORDER 2561 67 54 3 49 0
2018 ORDER 2562 20 26 2 5 3
2018 BLOCK 72 59
2019 ORDER 2563 61 32 46 61 0
2019 ORDER 2564 15 24 48 61 0
2020 ORDER 2565 59 50 83 61 0
2021 ORDER 2566 19 12 85 62 1
2022 ORDER 2567 34 8 1 7 0
2023 ORDER 2568 44 17 10 61 0
2024 ORDER 2569 57 21 77 61 2
2025 ORDER 2570 19 48 16 62 1
2025 ORDER 2571 70 20 7 62 0
2026 ORDER 2572 74 36 33 61 0
2026 BLOCK 69 26
2027 ORDER 2573 65 15 51 61 2
2027 ORDER 2574 8 35 29 61 0
2028 ORDER 2575 47 45 2 34 0
2028 ORDER 2576 47 18 71 61 2
2029 UNBLOCK 39 60
2029 ORDER 2577 7 20 32 61 0
2029 ORDER 2578 33 15 24 61 0
2030 UNBLOCK 78 19
2030 ORDER 2579 19 5 80 62 0
2030 BLOCK 66 23
2031 ORDER 2580 33 38 48 62 0
2031 ORDER 2581 32 3 2 9 1
2032 ORDER 2582 39 18 30 62 1
2033 ORDER 2583 42 31 72 61 1
2034 UNBLOCK 47 54
2034 ORDER 2584 8 41 3 58 0
2035 UNBLOCK 7 8
2035 ORDER 2585 83 33 1 28 0
2036 ORDER 2586 8 11 3 43 0
2037 ORDER 2587 17 6 2 19 0
2038 ORDER 2588 11 26 3 28 1
2039 ORDER 2589 53 39 86 61 0
2040 ORDER 2590 73 36 7 61 0
2040 ORDER 2591 46 45 66 62 1
2041 UNBLOCK 70 59
2041 ORDER 2592 27 50 3 30 0
2042 ORDER 2593 6 44 38 62 0
2042 ORDER 2594 84 8 1 49 0
2043 ORDER 2595 74 11 3 45 0
2044 ORDER 2596 63 53 58 61 2
2045 UNBLOCK 66 23
2045 ORDER 2597 19 27 3 26 0
2046 ORDER 2598 73 44 2 48 0
2046 ORDER 2599 20 51 85 62 2
2047 ORDER 2600 35 32 1 2 1
2048 UNBLOCK 10 62
2048 ORDER 2601 75 6 2 47 1
2049 ORDER 2602 42 50 5 62 0
2050 ORDER 2603 46 35 3 21 2
2050 ORDER 2604 12 26 2 47 0
2051 ORDER 2605 23 18 4 61 0
2052 ORDER 2606 36 6 3 12 1
2053 ORDER 2607 8 47 69 61 1
2053 ORDER 2608 45 39 51 62 0
2054 UNBLOCK 66 47
2054 CANCEL 2557
2054 ORDER 2609 8 23 1 53 2
2054 ORDER 2610 34 30 1 4 0
2055 ORDER 2611 36 11 1 28 1
2055 ORDER 2612 16 21 79 62 1
2056 ORDER 2613 24 3 1 26 0
2056 ORDER 2614 10 18 3 59 1
2057 UNBLOCK 69 26
2057 ORDER 2615 55 36 3 58 0
2058 ORDER 2616 52 39 2 50 1
2059 ORDER 2617 28 5 1 32 1
2059 ORDER 2618 15 48 50 62 0
2060 UNBLOCK 72 59
2060 ORDER 2619 41 36 68 61 1
2060 ORDER 2620 49 18 78 61 0
2061 CANCEL 2485
2061 ORDER 2621 81 38 20 61 1
2062 ORDER 2622 51 9 4 62 0
2063 ORDER 2623 9 36 1 29 2
2064 ORDER 2624 68 12 2 48 0
2064 ORDER 2625 72 36 58 62 2
2065 ORDER 2626 11 15 2 9 1
2066 ORDER 2627 76 59 3 4 0
2066 BLOCK 64 50
2067 ORDER 2628 8 8 81 61 0
2067 ORDER 2629 27 21 1 32 0
2068 ORDER 2630 35 32 45 61 1
2068 ORDER 2631 45 44 5 62 1
2069 ORDER 2632 56 38 74 62 0
2069 ORDER 2633 50 12 2 4 0
2070 ORDER 2634 74 57 1 62 0
2070 BLOCK 61 12
2071 ORDER 2635 60 42 32 61 2
2072 ORDER 2636 75 33 3 7 0
2072 BLOCK 34 30
2073 ORDER 2637 79 45 1 46 0
2073 BLOCK 19 60
2074 ORDER 2638 25 29 50 61 2
2074 ORDER 2639 66 48 2 58 0
2075 ORDER 2640 26 15 1 26 2
2075 ORDER 2641 49 27 25 61 1
2076 ORDER 2642 26 21 1 46 1
2076 ORDER 2643 27 20 3 53 1
2077 ORDER 2644 76 15 9 62 2
2078 ORDER 2645 85 47 1 16 3
2078 ORDER 2646 77 27 62 61 1
2079 ORDER 2647 24 56 48 62 0
2079 BLOCK 17 41
2080 ORDER 2648 73 54 3 18 0
2081 ORDER 2649 29 30 53 62 1
2081 ORDER 2650 55 41 81 62 0
2082 ORDER 2651 49 39 3 38 0
2083 ORDER 2652 56 47 2 38 0
2083 BLOCK 74 54
2084 ORDER 2653 29 36 1 44 0
2085 ORDER 2654 19 11 1 34 1
2085 ORDER 2655 31 56 2 11 0
2086 ORDER 2656 14 39 3 24 0
2087 ORDER 2657 57 33 2 18 1
2087 ORDER 2658 79 38 3 28 0
2087 BLOCK 46 2
2088 ORDER 2659 74 32 43 62 0
2089 ORDER 2660 62 23 2 15 0
2089 ORDER 2661 28 35 2 19 0
2089 BLOCK 20 30
2090 ORDER 2662 72 57 1 52 0
2090 ORDER 2663 58 23 3 11 0
2091 ORDER 2664 83 24 64 62 1
2092 ORDER 2665 14 47 64 62 0
2093 UNBLOCK 27 20
2093 ORDER 2666 61 53 19 62 0
2094 ORDER 2667 55 56 2 23 1
2094 ORDER 2668 10 18 62 62 0
2095 CANCEL 2508
2095 ORDER 2669 65 47 47 62 0
2096 ORDER 2670 80 29 1 39 0
2097 ORDER 2671 10 50 66 61 1
2098 ORDER 2672 27 8 3 26 1
2098 ORDER 2673 63 5 1 15 0
2098 BLOCK 69 17
2099 UNBLOCK 51 52
2099 ORDER 2674 54 17 51 61 1
2099 BLOCK 83 12
2100 CANCEL 2555
2100 ORDER 2675 31 53 3 31 0
2100 ORDER 2676 27 32 80 62 0
2101 ORDER 2677 26 29 9 61 1
2102 ORDER 2678 7 3 51 61 0
2103 UNBLOCK 74 54
2103 ORDER 2679 28 54 3 45 2
2104 ORDER 2680 25 59 34 61 1
2105 ORDER 2681 27 23 2 56 2
2106 UNBLOCK 19 60
2106 ORDER 2682 80 20 2 29 0
2107 ORDER 2683 12 5 35 61 1
2107 BLOCK 68 48
2108 ORDER 2684 10 12 29 62 2
2108 ORDER 2685 55 29 41 62 0
2109 UNBLOCK 17 41
2109 ORDER 2686 17 47 1 29 0
2110 ORDER 2687 27 50 2 16 1
2111 ORDER 2688 72 39 2 37 1
2111 BLOCK 8 21
2112 ORDER 2689 80 50 1 52 1
2112 ORDER 2690 61 17 76 62 0
2113 UNBLOCK 64 50
2113 ORDER 2691 53 18 3 12 0
2113 ORDER 2692 44 57 2 38 3
2114 ORDER 2693 10 18 69 61 0
2115 ORDER 2694 26 33 2 24 0
2115 ORDER 2695 47 12 3 5 2
2115 BLOCK 16 48
2116 ORDER 2696 75 50 3 33 0
2117 ORDER 2697 75 27 47 62 2
2117 ORDER 2698 62 20 1 48 1
2118 ORDER 2699 42 42 1 24 0
2119 ORDER 2700 8 47 15 61 1
2120 ORDER 2701 82 38 1 13 0
2121 ORDER 2702 21 8 53 62 1
2122 UNBLOCK 69 17
2122 UNBLOCK 68 48
2122 ORDER 2703 67 23 82 61 1
2122 ORDER 2704 84 39 2 34 1
2123 UNBLOCK 20 30
2123 ORDER 2705 21 35 2 31 1
2124 ORDER 2706 46 3 38 62 0
2125 UNBLOCK 46 2
2125 CANCEL 2696
2125 ORDER 2707 73 57 1 29 0
2126 ORDER 2708 55 5 2 56 3
2126 BLOCK 74 23
2127 ORDER 2709 46 59 3 36 0
2128 ORDER 2710 53 30 85 61 0
2129 ORDER 2711 37 20 68 61 2
2129 ORDER 2712 6 56 1 16 1
2130 ORDER 2713 69 33 3 55 1
2131 ORDER 2714 79 47 62 62 0
2132 CANCEL 2531
2132 ORDER 2715 67 9 3 38 1
2133 ORDER 2716 60 12 30 62 0
2134 ORDER 2717 66 15 81 62 0
2135 ORDER 2718 75 23 1 36 1
2136 ORDER 2719 37 23 62 62 0
2137 CANCEL 2684
2137 ORDER 2720 80 50 86 62 1
2137 ORDER 2721 6 50 74 61 0
2138 ORDER 2722 42 54 12 62 0
2139 ORDER 2723 61 42 2 27 0
2139 ORDER 2724 80 33 3 5 1
2139 BLOCK 66 9
2140 ORDER 2725 41 59 1 44 0
2141 ORDER 2726 40 26 1 30 0
2142 ORDER 2727 19 36 75 62 0
2142 ORDER 2728 68 3 1 17 1
2143 ORDER 2729 7 57 2 62 0
2144 UNBLOCK 83 12
2144 ORDER 2730 45 6 3 4 0
2145 UNBLOCK 61 12
2145 ORDER 2731 20 59 2 15 1
2146 ORDER 2732 69 26 8 62 1
2147 ORDER 2733 41 27 3 45 2
2147 ORDER 2734 39 14 1 25 1
2148 ORDER 2735 10 38 1 48 1
2148 BLOCK 49 57
2149 ORDER 2736 71 35 8 62 2
2150 ORDER 2737 71 33 2 42 1
2151 ORDER 2738 66 15 1 53 3
2152 ORDER 2739 40 14 11 62 1
2153 ORDER 2740 7 5 2 43 0
2154 ORDER 2741 7 14 35 61 0
2154 ORDER 2742 6 59 37 62 0
2154 BLOCK 16 52
2155 ORDER 2743 72 57 2 22 2
2155 ORDER 2744 29 32 2 41 0
2156 ORDER 2745 15 9 45 61 0
2157 ORDER 2746 77 27 7 62 0
2158 ORDER 2747 27 56 54 61 0
2159 ORDER 2748 63 11 1 8 1
2159 ORDER 2749 18 35 1 59 2
2160 UNBLOCK 74 23
2160 ORDER 2750 20 14 2 45 1
2161 ORDER 2751 15 5 42 62 0
2161 ORDER 2752 57 17 2 62 1
2162 ORDER 2753 30 54 39 61 0
2163 ORDER 2754 25 57 3 17 1
2164 ORDER 2755 53 33 2 62 1
2165 ORDER 2756 58 30 15 62 2
2166 ORDER 2757 52 48 1 56 0
2166 BLOCK 78 1
2167 UNBLOCK 34 30
2167 ORDER 2758 77 50 35 62 0
2168 ORDER 2759 57 39 2 12 1
2168 ORDER 2760 73 39 3 29 1
2169 CANCEL 2695
2169 ORDER 2761 46 20 71 61 2
2169 ORDER 2762 22 51 66 61 1
2170 ORDER 2763 73 44 73 61 0
2170 ORDER 2764 81 30 1 20 1
2171 ORDER 2765 53 18 56 62 0
2172 ORDER 2766 17 26 3 59 0
2173 ORDER 2767 17 27 3 32 3
2173 ORDER 2768 70 38 1 41 0
2174 ORDER 2769 56 20 21 62 3
2175 ORDER 2770 46 59 20 62 1
2175 ORDER 2771 50 45 2 54 1
2175 BLOCK 81 27
2176 ORDER 2772 80 27 55 61 1
2177 ORDER 2773 30 18 4 61 0
2177 BLOCK 64 38
2178 ORDER 2774 52 17 3 17 0
2178 ORDER 2775 28 44 3 62 1
2179 CANCEL 2760
2179 ORDER 2776 73 41 56 62 0
2179 ORDER 2777 52 12 1 34 0
2180 ORDER 2778 46 29 1 14 0
2181 ORDER 2779 69 8 2 27 0
2182 ORDER 2780 36 18 3 3 1
2183 ORDER 2781 46 24 1 42 0
2183 CANCEL 102781
2183 BLOCK 21 51
2184 ORDER 2782 80 6 2 34 0
2184 BLOCK 59 51
2185 ORDER 2783 82 51 3 42 0
2186 ORDER 2784 44 27 69 61 2
2186 ORDER 2785 29 9 42 61 0
2186 BLOCK 52 15
2187 ORDER 2786 18 18 76 61 1
2187 ORDER 2787 38 14 3 55 0
2187 BLOCK 38 17
2188 ORDER 2788 32 54 35 61 1
2189 ORDER 2789 36 18 3 16 0
2189 ORDER 2790 37 23 2 40 1
2190 ORDER 2791 59 14 86 62 0
2191 ORDER 2792 38 36 3 29 0
2192 ORDER 2793 42 39 2 35 2
2193 ORDER 2794 9 5 40 62 1
2193 BLOCK 60 26
2194 ORDER 2795 72 27 74 62 0
2194 ORDER 2796 40 48 9 62 0
2195 UNBLOCK 8 21
2195 ORDER 2797 74 48 67 62 1
2195 ORDER 2798 50 27 54 62 0
2196 ORDER 2799 17 57 3 57 0
2196 BLOCK 59 59
2197 ORDER 2800 13 27 1 7 0
2198 CANCEL 2568
2198 ORDER 2801 13 53 70 62 0
2199 ORDER 2802 35 18 27 62 0
2199 BLOCK 9 60
2200 ORDER 2803 6 3 45 61 0
2201 ORDER 2804 36 53 66 62 0
2202 ORDER 2805 11 27 3 16 0
2202 BLOCK 78 16
2203 ORDER 2806 57 18 2 14 0
2203 ORDER 2807 9 24 11 61 0
2203 BLOCK 68 41
2204 ORDER 2808 41 51 84 61 3
2205 ORDER 2809 7 47 78 62 3
2205 ORDER 2810 34 56 2 41 0
2206 ORDER 2811 79 21 2 22 1
2207 ORDER 2812 60 36 84 61 1
2207 ORDER 2813 81 27 3 44 0
2208 ORDER 2814 11 3 3 52 1
2209 UNBLOCK 16 48
2209 ORDER 2815 39 27 1 36 1
2210 UNBLOCK 52 15
2210 ORDER 2816 71 45 51 62 0
2210 ORDER 2817 24 9 2 54 1
2210 BLOCK 72 6
2211 ORDER 2818 18 15 80 61 1
2212 CANCEL 2725
2212 ORDER 2819 21 51 2 42 1
2213 ORDER 2820 47 32 2 56 0
2214 ORDER 2821 9 11 50 62 0
2214 ORDER 2822 69 53 1 29 0
2215 CANCEL 2718
2215 ORDER 2823 77 32 1 48 3
2215 BLOCK 80 1
2216 UNBLOCK 64 38
2216 ORDER 2824 37 11 2 20 0
2216 BLOCK 85 23
2217 UNBLOCK 16 52
2217 CANCEL 2823
2217 ORDER 2825 37 33 66 61 1
2218 ORDER 2826 36 24 4 61 2
2218 BLOCK 42 2
2219 ORDER 2827 36 21 36 61 0
2220 ORDER 2828 37 57 1 4 3
2220 ORDER 2829 38 18 21 62 0
2220 BLOCK 32 47
2221 ORDER 2830 40 21 66 62 1
2222 ORDER 2831 34 57 1 16 1
2222 ORDER 2832 35 32 1 61 2
2222 BLOCK 14 36
2223 ORDER 2833 43 48 1 26 1
2224 ORDER 2834 10 3 58 62 0
2224 ORDER 2835 80 17 2 46 2
2225 ORDER 2836 7 30 1 40 1
2225 ORDER 2837 74 29 1 5 0
2226 UNBLOCK 66 9
2226 ORDER 2838 48 47 58 61 0
2227 ORDER 2839 77 27 1 12 0
2227 ORDER 2840 60 14 68 61 0
2228 UNBLOCK 59 51
2228 ORDER 2841 26 18 55 61 1
2229 ORDER 2842 19 45 3 25 0
2230 UNBLOCK 81 27
2230 ORDER 2843 17 27 3 37 0
2231 UNBLOCK 68 41
2231 ORDER 2844 82 24 31 61 0
2231 ORDER 2845 37 57 2 56 0
2232 ORDER 2846 13 59 41 62 0
2232 BLOCK 60 48
2233 ORDER 2847 50 44 3 50 0
2234 UNBLOCK 72 6
2234 ORDER 2848 58 41 1 61 0
2235 UNBLOCK 59 59
2235 ORDER 2849 72 27 57 61 1
2236 UNBLOCK 49 57
2236 UNBLOCK 78 1
2236 UNBLOCK 60 26
2236 UNBLOCK 42 2
2236 ORDER 2850 57 48 49 61 3
2237 UNBLOCK 38 17
2237 ORDER 2851 27 29 2 17 1
2238 ORDER 2852 76 17 2 39 0
2238 ORDER 2853 38 24 1 16 0
2239 ORDER 2854 76 24 42 61 0
2240 ORDER 2855 57 8 48 62 0
2240 ORDER 2856 71 50 62 61 1
2241 ORDER 2857 42 14 3 9 0
2242 ORDER 2858 80 47 3 57 0
2242 ORDER 2859 48 51 29 62 2
2243 ORDER 2860 36 6 3 56 0
2244 ORDER 2861 57 15 66 61 0
2245 ORDER 2862 17 35 3 14 1
2246 ORDER 2863 17 33 29 61 0
2246 ORDER 2864 30 3 2 38 0
2246 BLOCK 52 3
2247 ORDER 2865 64 50 65 62 0
2247 BLOCK 75 15
2248 UNBLOCK 32 47
2248 ORDER 2866 70 48 4 61 2
2249 UNBLOCK 21 51
2249 ORDER 2867 47 11 2 60 0
2249 ORDER 2868 79 17 1 51 0
2250 ORDER 2869 29 51 43 61 0
2251 ORDER 2870 54 29 3 18 3
2252 ORDER 2871 59 14 2 9 1
2253 ORDER 2872 11 39 2 29 0
2254 CANCEL 2828
2254 ORDER 2873 20 51 2 26 1
2254 ORDER 2874 38 47 17 61 0
2255 ORDER 2875 58 56 40 62 1
2256 ORDER 2876 26 15 39 61 0
2257 UNBLOCK 9 60
2257 ORDER 2877 57 29 34 61 0
2257 ORDER 2878 55 36 35 61 0
2258 ORDER 2879 78 23 14 61 0
2259 ORDER 2880 66 39 41 62 2
2259 BLOCK 59 59
2260 ORDER 2881 57 30 47 62 0
2260 ORDER 2882 17 11 2 21 0
2261 ORDER 2883 58 57 2 18 0
2262 ORDER 2884 51 6 69 61 0
2262 BLOCK 37 21
2263 ORDER 2885 20 32 1 29 0
2264 ORDER 2886 69 26 3 5 0
2265 UNBLOCK 60 48
2265 ORDER 2887 21 8 37 62 1
2266 ORDER 2888 43 8 1 44 0
2267 ORDER 2889 81 41 3 31 0
2268 ORDER 2890 54 52 3 59 0
2268 ORDER 2891 74 21 3 8 3
2269 CANCEL 2773
2269 ORDER 2892 80 18 1 27 0
2269 BLOCK 37 57
2270 CANCEL 2784
2270 ORDER 2893 54 11 2 44 0
2271 ORDER 2894 80 9 27 61 0
2272 CANCEL 2775
2272 CANCEL 2827
2272 ORDER 2895 7 55 1 16 0
2273 ORDER 2896 30 5 30 62 0
2273 ORDER 2897 12 50 2 35 0
2274 ORDER 2898 15 9 18 61 0
2275 ORDER 2899 68 3 71 61 0
2276 CANCEL 2801
2276 ORDER 2900 38 26 3 27 0
2276 ORDER 2901 28 47 69 61 3
2276 BLOCK 54 9
2277 ORDER 2902 22 33 34 62 1
2277 ORDER 2903 8 22 38 62 3
2278 ORDER 2904 57 59 3 15 1
2279 ORDER 2905 73 41 2 50 0
2279 ORDER 2906 53 33 82 62 0
2280 ORDER 2907 31 35 86 61 0
2281 ORDER 2908 75 38 2 43 1
2282 ORDER 2909 26 33 2 12 0
2282 ORDER 2910 8 21 3 53 1
2283 UNBLOCK 80 1
2283 ORDER 2911 32 24 3 1 0
2284 ORDER 2912 18 6 2 58 0
2284 ORDER 2913 80 51 2 51 0
2285 ORDER 2914 85 3 24 61 0
2286 ORDER 2915 70 59 3 23 0
2287 ORDER 2916 84 36 3 2 0
2287 BLOCK 78 30
2288 ORDER 2917 39 35 3 36 0
2288 ORDER 2918 66 59 77 62 2
2289 ORDER 2919 57 41 3 47 0
2290 ORDER 2920 70 26 17 62 0
2291 ORDER 2921 52 18 1 18 0
2292 ORDER 2922 30 3 62 62 2
2292 BLOCK 11 35
2293 UNBLOCK 78 16
2293 ORDER 2923 54 5 1 2 2
2293 BLOCK 75 56
2294 ORDER 2924 30 54 45 62 0
2294 ORDER 2925 75 15 47 62 0
2295 ORDER 2926 8 36 2 46 2
2296 ORDER 2927 31 11 65 61 0
2297 ORDER 2928 46 32 3 20 1
2298 ORDER 2929 75 17 28 61 0
2299 ORDER 2930 26 39 74 62 0
2300 UNBLOCK 78 30
2300 ORDER 2931 8 56 79 62 0
2300 BLOCK 15 38
2301 ORDER 2932 47 48 2 15 0
2301 ORDER 2933 57 18 2 17 0
2302 UNBLOCK 14 36
2302 ORDER 2934 63 3 52 61 1
2303 ORDER 2935 36 12 78 61 3
2303 BLOCK 46 50
2304 ORDER 2936 21 12 2 46 0
2305 ORDER 2937 16 54 16 62 0
2306 ORDER 2938 27 8 42 62 1
2306 ORDER 2939 17 21 1 7 0
2307 ORDER 2940 46 48 61 62 0
2308 ORDER 2941 16 5 2 34 0
2309 ORDER 2942 7 44 65 62 1
2309 BLOCK 25 26
2310 ORDER 2943 34 29 45 61 3
2311 UNBLOCK 85 23
2311 ORDER 2944 39 33 1 13 0
2312 ORDER 2945 57 33 72 61 0
2312 BLOCK 62 53
2313 ORDER 2946 17 42 3 17 1
2313 ORDER 2947 63 9 2 50 2
2314 CANCEL 2897
2314 ORDER 2948 62 59 62 61 0
2315 ORDER 2949 31 26 2 34 0
2315 BLOCK 75 57
2316 ORDER 2950 69 33 52 62 0
2316 BLOCK 85 17
2317 ORDER 2951 9 39 2 58 0
2318 ORDER 2952 77 6 43 61 0
2319 UNBLOCK 75 15
2319 ORDER 2953 10 33 44 61 2
2319 BLOCK 84 38
2320 ORDER 2954 26 28 3 38 1
2320 ORDER 2955 29 29 65 62 3
2321 ORDER 2956 59 6 3 16 1
2322 ORDER 2957 44 36 41 61 1
2323 ORDER 2958 47 55 39 61 0
2324 ORDER 2959 53 59 2 15 0
2324 BLOCK 74 9
2325 UNBLOCK 37 57
2325 ORDER 2960 81 38 48 62 1
2326 ORDER 2961 62 12 2 43 0
2326 ORDER 2962 28 57 79 61 0
2327 ORDER 2963 77 35 3 45 1
2328 ORDER 2964 83 29 32 61 0
2329 UNBLOCK 37 21
2329 ORDER 2965 74 59 21 61 0
2330 ORDER 2966 58 41 3 32 0
2330 ORDER 2967 51 8 29 61 2
2330 BLOCK 63 3
2331 ORDER 2968 60 50 12 62 1
2331 BLOCK 59 42
2332 ORDER 2969 37 8 50 62 0
2332 ORDER 2970 16 23 1 53 1
2333 ORDER 2971 15 38 2 59 0
2333 BLOCK 52 3
2334 UNBLOCK 62 53
2334 ORDER 2972 63 45 2 37 0
2334 BLOCK 37 60
2335 UNBLOCK 52 3
2335 ORDER 2973 75 45 3 40 1
2336 ORDER 2974 30 18 37 61 0
2337 ORDER 2975 36 27 57 61 0
2338 ORDER 2976 15 41 3 39 0
2339 ORDER 2977 7 3 3 15 2
2340 ORDER 2978 6 8 47 62 3
2341 ORDER 2979 11 29 29 62 1
2342 ORDER 2980 10 51 3 2 0
2343 ORDER 2981 49 18 22 61 1
2344 ORDER 2982 79 33 31 62 0
2345 CANCEL 2955
2345 ORDER 2983 48 27 6 61 0
2345 ORDER 2984 46 53 3 22 1
2346 ORDER 2985 80 27 58 61 0
2347 UNBLOCK 59 59
2347 ORDER 2986 21 14 3 1 0
2347 ORDER 2987 11 12 62 61 1
2348 ORDER 2988 37 48 3 22 0
2349 UNBLOCK 52 3
2349 UNBLOCK 37 60
2349 ORDER 2989 29 20 3 17 0
2349 ORDER 2990 74 14 27 62 0
2350 UNBLOCK 15 38
2350 UNBLOCK 85 17
2350 ORDER 2991 15 30 2 15 2
2351 UNBLOCK 75 56
2351 ORDER 2992 28 32 37 61 1
2352 UNBLOCK 25 26
2352 ORDER 2993 64 26 78 61 0
2352 ORDER 2994 57 54 38 62 0
2352 BLOCK 65 36
2353 ORDER 2995 29 14 64 61 1
2354 UNBLOCK 84 38
2354 ORDER 2996 26 21 5 62 0
2354 ORDER 2997 69 48 1 58 0
2355 ORDER 2998 67 6 83 61 2
2356 UNBLOCK 54 9
2356 ORDER 2999 82 57 78 61 1
2356 ORDER 3000 77 11 2 51 1
2357 ORDER 3001 28 38 3 22 0
2358 ORDER 3002 54 47 3 45 0
2359 ORDER 3003 47 50 3 34 0
2359 ORDER 3004 37 17 3 29 0
2360 UNBLOCK 11 35
2360 ORDER 3005 80 35 87 61 0
2361 ORDER 3006 47 54 32 62 0
2361 ORDER 3007 21 59 74 62 0
2362 ORDER 3008 42 8 3 60 1
2362 ORDER 3009 8 47 47 61 1
2363 ORDER 3010 78 3 38 61 0
2363 BLOCK 47 21
2364 ORDER 3011 69 48 33 62 2
2364 BLOCK 53 47
2365 ORDER 3012 74 48 4 62 1
2366 ORDER 3013 74 27 72 62 0
2367 ORDER 3014 28 30 2 18 0
2367 ORDER 3015 27 38 14 62 0
2368 ORDER 3016 30 54 2 56 2
2369 ORDER 3017 67 33 88 61 1
2370 CANCEL 2845
2370 ORDER 3018 30 47 11 62 0
2370 BLOCK 5 45
2371 UNBLOCK 75 57
2371 ORDER 3019 20 39 18 62 0
2371 ORDER 3020 19 6 3 33 0
2372 ORDER 3021 11 53 1 39 1
2373 ORDER 3022 12 54 74 62 1
2374 ORDER 3023 83 59 2 55 3
2375 ORDER 3024 53 26 36 61 2
2375 BLOCK 79 26
2376 ORDER 3025 44 20 70 62 2
2376 ORDER 3026 52 15 76 62 1
2377 ORDER 3027 38 47 5 61 0
2378 UNBLOCK 46 50
2378 ORDER 3028 6 45 3 55 0
2378 ORDER 3029 47 53 3 60 1
2378 BLOCK 18 61
2379 ORDER 3030 64 42 2 23 1
2379 ORDER 3031 9 32 5 61 0
2379 BLOCK 52 44
2380 ORDER 3032 47 38 3 11 0
2381 ORDER 3033 42 48 56 61 0
2381 ORDER 3034 63 50 3 26 2
2381 BLOCK 80 59
2382 ORDER 3035 31 33 35 62 2
2382 BLOCK 11 57
2383 ORDER 3036 7 24 3 59 0
2383 ORDER 3037 56 39 33 61 0
2384 ORDER 3038 16 39 53 62 0
2385 ORDER 3039 11 53 64 61 1
2386 UNBLOCK 74 9
2386 ORDER 3040 78 36 57 62 1
2386 BLOCK 40 17
2387 ORDER 3041 72 11 9 61 0
2388 ORDER 3042 80 15 3 56 1
2389 ORDER 3043 72 56 62 62 0
2390 ORDER 3044 8 42 2 45 1
2391 ORDER 3045 45 41 3 7 0
2392 ORDER 3046 76 12 63 61 0
2393 ORDER 3047 63 53 32 61 0
2394 ORDER 3048 43 54 1 37 0
2395 ORDER 3049 57 47 3 52 3
2396 ORDER 3050 45 57 70 62 1
2397 ORDER 3051 15 35 3 25 2
2398 ORDER 3052 38 17 3 13 0
2398 ORDER 3053 46 24 2 22 0
2399 ORDER 3054 45 23 22 61 0
2400 ORDER 3055 67 47 3 48 0
2400 BLOCK 69 6
2401 ORDER 3056 17 35 1 3 0
2401 ORDER 3057 13 59 2 9 1
2402 ORDER 3058 28 8 2 28 1
2403 ORDER 3059 79 38 3 3 0
2404 CANCEL 2844
2404 ORDER 3060 62 13 62 61 0
2405 ORDER 3061 42 48 3 39 0
2405 ORDER 3062 51 30 46 61 2
2406 ORDER 3063 29 3 45 61 2
2406 ORDER 3064 70 9 2 62 1
2407 ORDER 3065 32 56 22 61 3
2407 ORDER 3066 66 3 40 61 0
2408 ORDER 3067 28 41 25 61 0
2408 ORDER 3068 7 47 3 35 0
2409 UNBLOCK 11 57
2409 ORDER 3069 37 24 3 32 1
2409 ORDER 3070 37 54 32 62 0
2410 ORDER 3071 60 45 2 7 0
2411 ORDER 3072 69 47 81 62 3
2411 ORDER 3073 28 17 60 61 1
2412 ORDER 3074 66 45 1 24 0
2413 ORDER 3075 14 18 21 61 1
2414 UNBLOCK 79 26
2414 ORDER 3076 39 27 49 61 0
2415 ORDER 3077 55 18 34 61 1
2415 BLOCK 34 11
2416 ORDER 3078 81 47 3 6 0
2416 BLOCK 26 41
2417 ORDER 3079 31 51 3 41 0
2418 UNBLOCK 63 3
2418 ORDER 3080 20 6 3 15 2
2418 ORDER 3081 69 44 55 62 0
2419 UNBLOCK 80 59
2419 ORDER 3082 48 24 3 21 1
2420 UNBLOCK 59 42
2420 ORDER 3083 50 32 12 61 2
2421 ORDER 3084 36 27 22 62 0
2422 ORDER 3085 56 59 50 61 0
2423 ORDER 3086 84 26 2 49 0
2424 ORDER 3087 59 5 76 62 1
2424 ORDER 3088 68 21 2 10 0
2425 UNBLOCK 65 36
2425 ORDER 3089 25 57 2 3 2
2425 ORDER 3090 17 30 60 61 0
2425 BLOCK 9 48
2426 ORDER 3091 84 38 29 62 1
2427 UNBLOCK 52 44
2427 ORDER 3092 10 26 40 61 1
2428 ORDER 3093 11 39 3 46 1
2429 CANCEL 3087
2429 ORDER 3094 50 23 3 53 3
2430 ORDER 3095 70 35 1 16 0
2430 ORDER 3096 78 5 3 11 0
2431 ORDER 3097 12 24 1 21 0
2431 ORDER 3098 10 36 68 62 0
2432 UNBLOCK 47 21
2432 ORDER 3099 11 35 29 61 3
2433 UNBLOCK 26 41
2433 ORDER 3100 49 45 82 62 1
2433 BLOCK 18 8
2434 ORDER 3101 36 29 15 61 0
2435 ORDER 3102 6 9 3 18 1
2436 ORDER 3103 44 57 2 56 0
2437 ORDER 3104 61 8 3 45 0
2437 ORDER 3105 15 39 48 61 1
2438 ORDER 3106 41 32 3 22 1
2438 ORDER 3107 29 50 3 59 0
2439 ORDER 3108 10 32 1 58 0
2440 ORDER 3109 32 42 73 61 1
2441 ORDER 3110 36 48 1 45 0
2442 UNBLOCK 69 6
2442 ORDER 3111 66 26 73 61 0
2442 ORDER 3112 67 50 50 62 1
2443 ORDER 3113 45 18 1 46 1
2444 ORDER 3114 41 12 16 61 0
2444 BLOCK 34 54
2445 CANCEL 3082
2445 ORDER 3115 79 5 2 58 0
2445 ORDER 3116 58 48 3 25 0
2446 ORDER 3117 75 29 1 27 0
2446 ORDER 3118 61 9 60 62 0
2447 ORDER 3119 37 47 83 62 0
2447 BLOCK 66 36
2448 ORDER 3120 55 59 3 5 0
2448 ORDER 3121 43 18 26 61 1
2449 ORDER 3122 21 26 10 61 0
2449 ORDER 3123 76 21 3 56 0
2450 UNBLOCK 9 48
2450 ORDER 3124 43 15 24 62 0
2451 ORDER 3125 11 3 1 31 0
2451 BLOCK 12 50
2452 ORDER 3126 69 44 51 62 3
2453 ORDER 3127 21 8 1 7 0
2454 ORDER 3128 84 38 87 62 0
2454 BLOCK 60 27
2455 UNBLOCK 18 61
2455 ORDER 3129 74 59 3 56 2
2456 UNBLOCK 5 45
2456 ORDER 3130 22 53 1 47 0
2456 ORDER 3131 56 50 1 48 0
2457 UNBLOCK 53 47
2457 ORDER 3132 35 20 82 62 0
2457 ORDER 3133 19 15 27 61 0
2458 ORDER 3134 79 33 37 62 2
2459 ORDER 3135 58 26 2 51 0
2460 ORDER 3136 16 36 2 32 1
2460 ORDER 3137 46 51 3 28 0
2461 ORDER 3138 11 54 3 3 0
2462 CANCEL 2920
2462 ORDER 3139 37 6 26 62 0
2462 BLOCK 68 41
2463 ORDER 3140 64 47 3 52 0
2463 ORDER 3141 14 39 1 45 0
2464 ORDER 3142 28 17 3 46 0
2464 ORDER 3143 49 27 3 12 1
2465 ORDER 3144 8 38 2 6 0
2465 BLOCK 9 48
2466 UNBLOCK 40 17
2466 ORDER 3145 68 38 11 61 0
2467 ORDER 3146 40 11 59 62 0
2468 ORDER 3147 52 23 47 62 0
2468 BLOCK 66 62
2469 ORDER 3148 80 48 3 30 2
2470 ORDER 3149 7 23 2 19 0
2471 ORDER 3150 37 45 1 42 0
2471 BLOCK 33 35
2472 ORDER 3151 84 38 3 41 0
2472 ORDER 3152 57 59 1 16 2
2473 ORDER 3153 19 15 3 22 0
2474 ORDER 3154 69 44 77 62 0
2474 BLOCK 17 33
2475 ORDER 3155 9 12 37 61 0
2476 ORDER 3156 12 27 2 42 0
2476 BLOCK 70 24
2477 ORDER 3157 42 54 13 62 1
2477 ORDER 3158 80 18 2 17 0
2478 ORDER 3159 75 36 1 3 2
2479 ORDER 3160 51 50 43 61 0
2479 ORDER 3161 48 36 30 61 0
2480 ORDER 3162 27 53 84 62 0
2481 ORDER 3163 82 57 3 21 1
2482 ORDER 3164 71 51 1 51 1
2483 ORDER 3165 28 21 1 9 2
2484 ORDER 3166 37 53 1 36 0
2484 BLOCK 60 39
2485 ORDER 3167 85 11 53 61 3
2485 ORDER 3168 46 41 68 62 0
2486 ORDER 3169 17 53 38 61 3
2486 ORDER 3170 51 21 3 2 0
2486 BLOCK 16 61
2487 ORDER 3171 46 27 35 62 1
2488 ORDER 3172 16 30 72 61 0
2489 UNBLOCK 60 27
2489 ORDER 3173 37 59 2 50 0
2489 ORDER 3174 53 32 3 50 0
2490 ORDER 3175 36 12 29 61 1
2490 ORDER 3176 40 11 2 7 0
2491 ORDER 3177 56 17 59 62 0
2491 ORDER 3178 83 27 46 62 1
2492 ORDER 3179 55 5 38 61 1
2492 ORDER 3180 21 57 1 30 0
2493 ORDER 3181 11 57 2 32 0
2493 BLOCK 41 60
2494 ORDER 3182 72 15 30 62 0
2495 ORDER 3183 68 42 1 14 1
2496 UNBLOCK 34 11
2496 ORDER 3184 23 20 3 32 3
2496 ORDER 3185 19 53 67 61 0
2497 ORDER 3186 17 37 1 49 0
2497 BLOCK 22 24
2498 ORDER 3187 49 47 3 2 1
2499 ORDER 3188 83 17 62 62 0
2500 ORDER 3189 38 21 1 56 0
2501 ORDER 3190 26 12 1 36 1
2502 ORDER 3191 81 38 3 6 0
2503 ORDER 3192 31 56 53 62 1
2504 ORDER 3193 11 41 3 10 2
2505 ORDER 3194 20 22 70 61 2
2506 ORDER 3195 26 14 66 62 1
2506 ORDER 3196 15 39 52 61 2
2507 ORDER 3197 40 47 3 5 3
2507 BLOCK 77 8
2508 ORDER 3198 50 32 73 62 0
2508 ORDER 3199 74 14 1 4 0
2509 UNBLOCK 60 39
2509 ORDER 3200 6 56 2 62 1
2510 ORDER 3201 44 54 8 62 0
2510 ORDER 3202 47 15 56 61 0
2511 ORDER 3203 40 10 3 14 0
2511 ORDER 3204 76 41 21 61 1
2511 BLOCK 12 43
2512 ORDER 3205 71 51 3 20 0
2512 ORDER 3206 16 9 59 62 1
2513 UNBLOCK 33 35
2513 ORDER 3207 19 53 5 62 2
2514 ORDER 3208 57 35 1 4 3
2515 ORDER 3209 21 47 67 62 0
2516 ORDER 3210 56 32 67 62 3
2516 BLOCK 60 33
2517 UNBLOCK 68 41
2517 ORDER 3211 24 42 3 56 0
2517 ORDER 3212 65 23 3 53 1
2518 ORDER 3213 14 39 3 6 0
2519 UNBLOCK 18 8
2519 ORDER 3214 9 36 37 62 0
2520 ORDER 3215 69 54 67 61 3
2520 ORDER 3216 75 21 1 41 0
2521 ORDER 3217 11 14 13 61 3
2521 ORDER 3218 71 51 29 61 0
2522 ORDER 3219 46 53 2 8 0
2522 ORDER 3220 60 12 3 52 0
2523 UNBLOCK 22 24
2523 ORDER 3221 79 35 6 61 0
2523 ORDER 3222 9 15 1 17 0
2524 ORDER 3223 45 23 77 62 0
2524 ORDER 3224 64 19 78 61 3
2525 ORDER 3225 33 8 52 61 0
2525 BLOCK 59 27
2526 ORDER 3226 68 33 71 61 1
2527 ORDER 3227 39 27 58 61 1
2528 ORDER 3228 58 56 3 4 0
2529 ORDER 3229 12 27 44 61 0
2530 UNBLOCK 66 36
2530 ORDER 3230 32 44 2 50 1
2531 UNBLOCK 34 54
2531 ORDER 3231 21 51 9 61 2
2532 UNBLOCK 41 60
2532 ORDER 3232 63 32 2 28 1
2533 ORDER 3233 16 18 2 10 0
2534 ORDER 3234 70 12 2 8 1
2535 UNBLOCK 16 61
2535 ORDER 3235 52 21 1 10 3
2535 BLOCK 76 10
2536 ORDER 3236 43 44 3 58 1
2536 ORDER 3237 68 32 2 26 0
2537 ORDER 3238 56 3 2 39 2
2538 ORDER 3239 74 29 2 22 1
2539 UNBLOCK 59 27
2539 ORDER 3240 10 15 2 47 0
2539 BLOCK 9 6
2540 UNBLOCK 12 43
2540 ORDER 3241 58 5 1 8 2
2540 ORDER 3242 37 50 1 48 0
2541 ORDER 3243 45 26 2 21 0
2541 ORDER 3244 55 53 64 61 3
2541 BLOCK 84 1
2542 ORDER 3245 39 20 1 32 0
2543 ORDER 3246 19 32 2 16 0
2544 ORDER 3247 73 27 2 21 2
2544 BLOCK 84 8
2545 ORDER 3248 57 14 1 59 0
2546 UNBLOCK 12 50
2546 UNBLOCK 17 33
2546 ORDER 3249 56 30 3 6 0
2546 ORDER 3250 44 54 1 19 1
2547 UNBLOCK 66 62
2547 ORDER 3251 19 51 1 35 1
2548 ORDER 3252 45 53 21 61 1
2549 ORDER 3253 82 15 87 62 0
2549 ORDER 3254 27 15 1 46 0
2550 ORDER 3255 36 39 2 49 3
2551 ORDER 3256 18 51 2 61 1
2552 ORDER 3257 73 3 4 62 0
2552 ORDER 3258 68 15 3 35 1
2552 BLOCK 36 41
2553 ORDER 3259 26 9 2 11 0
2554 ORDER 3260 39 44 76 62 1
2554 ORDER 3261 18 57 49 61 2
2554 BLOCK 23 18
2555 UNBLOCK 9 6
2555 ORDER 3262 74 50 75 62 1
2555 ORDER 3263 16 15 33 61 0
2556 ORDER 3264 10 54 1 39 1
2556 BLOCK 46 62
2557 ORDER 3265 38 26 21 61 0
2558 UNBLOCK 9 48
2558 ORDER 3266 8 38 2 28 0
2559 ORDER 3267 33 56 32 62 0
2559 ORDER 3268 81 47 3 14 0
2559 BLOCK 42 58
2560 ORDER 3269 11 11 1 55 2
2560 ORDER 3270 18 50 2 51 0
2561 UNBLOCK 76 10
2561 ORDER 3271 36 48 65 62 0
2562 CANCEL 3224
2562 ORDER 3272 41 3 5 62 0
2562 BLOCK 56 23
2563 UNBLOCK 77 8
2563 ORDER 3273 7 18 85 61 1
2564 ORDER 3274 61 12 2 16 0
2565 ORDER 3275 65 27 81 61 0
2565 BLOCK 72 46
2566 ORDER 3276 9 36 49 62 0
2567 ORDER 3277 6 41 34 61 0
2568 ORDER 3278 35 6 82 62 1
2569 ORDER 3279 18 20 2 21 0
2570 ORDER 3280 9 38 48 62 1
2571 ORDER 3281 17 11 13 62 3
2572 ORDER 3282 29 48 7 62 0
2573 UNBLOCK 70 24
2573 ORDER 3283 69 11 1 57 0
2573 ORDER 3284 34 15 76 62 0
2574 ORDER 3285 55 36 1 40 0
2575 ORDER 3286 84 35 53 61 1
2575 ORDER 3287 65 30 39 62 1
2576 ORDER 3288 71 8 38 61 0
2577 ORDER 3289 16 32 3 4 0
2577 BLOCK 51 5
2578 ORDER 3290 79 35 36 61 0
2579 ORDER 3291 11 9 28 61 0
2579 ORDER 3292 11 57 1 3 0
2580 ORDER 3293 10 50 2 26 0
2581 ORDER 3294 34 47 83 62 2
2581 BLOCK 47 50
2582 ORDER 3295 79 8 2 23 0
2582 ORDER 3296 13 54 83 61 1
2583 ORDER 3297 54 36 1 26 0
2583 BLOCK 29 48
2584 ORDER 3298 85 33 3 15 0
2585 ORDER 3299 16 36 2 44 0
2585 BLOCK 35 2
2586 ORDER 3300 25 27 2 51 2
2587 ORDER 3301 69 24 3 28 0
2588 ORDER 3302 24 39 33 62 0
2589 ORDER 3303 67 8 3 25 0
2590 ORDER 3304 14 15 7 61 3
2591 ORDER 3305 32 24 63 62 2
2592 CANCEL 3050
2592 ORDER 3306 72 57 58 61 0
2592 ORDER 3307 48 51 6 62 0
2593 ORDER 3308 28 50 7 61 0
2593 ORDER 3309 6 15 54 61 0
2594 ORDER 3310 26 5 2 25 0
2595 ORDER 3311 50 54 1 2 0
2595 ORDER 3312 24 39 3 7 1
2596 ORDER 3313 33 17 65 62 0
2596 BLOCK 43 17
2597 ORDER 3314 11 5 1 2 1
2597 BLOCK 60 60
2598 ORDER 3315 71 59 2 53 0
2599 UNBLOCK 84 8
2599 ORDER 3316 62 39 5 62 0
2600 ORDER 3317 8 14 70 61 0
2600 ORDER 3318 15 18 78 62 1
2601 ORDER 3319 53 24 2 28 0
2602 ORDER 3320 33 56 29 61 3
2603 ORDER 3321 14 6 36 61 0
2603 ORDER 3322 37 32 2 12 0
2604 ORDER 3323 41 50 61 61 1
2605 ORDER 3324 72 36 85 62 0
2605 ORDER 3325 75 35 1 22 0
2605 BLOCK 26 50
2606 ORDER 3326 37 50 5 62 2
2606 ORDER 3327 10 45 1 23 1
2607 ORDER 3328 36 30 3 53 0
2608 UNBLOCK 60 33
2608 UNBLOCK 51 5
2608 ORDER 3329 66 50 2 9 0
2608 BLOCK 80 25
2609 ORDER 3330 59 5 15 62 2
2609 BLOCK 24 46
2610 ORDER 3331 38 48 1 20 1
2610 ORDER 3332 31 26 3 32 0
2611 CANCEL 3207
2611 ORDER 3333 70 9 56 61 0
2612 ORDER 3334 10 35 2 29 2
2612 ORDER 3335 67 56 65 61 0
2613 UNBLOCK 36 41
2613 ORDER 3336 28 56 63 62 2
2613 ORDER 3337 61 35 3 60 1
2614 UNBLOCK 47 50
2614 ORDER 3338 39 23 21 62 0
2615 ORDER 3339 68 35 1 14 2
2616 ORDER 3340 77 35 26 61 0
2617 CANCEL 3294
2617 ORDER 3341 30 38 1 12 0
2618 ORDER 3342 16 24 3 43 0
2619 UNBLOCK 43 17
2619 ORDER 3343 71 33 1 47 3
2620 ORDER 3344 76 5 1 55 0
2620 ORDER 3345 45 6 81 61 0
2621 ORDER 3346 41 15 1 18 2
2622 UNBLOCK 42 58
2622 ORDER 3347 68 48 2 35 0
2623 ORDER 3348 46 32 40 62 0
2624 ORDER 3349 72 33 25 61 0
2625 ORDER 3350 65 45 1 62 2
2625 BLOCK 59 41
2626 ORDER 3351 56 12 3 19 1
2627 ORDER 3352 56 3 43 62 0
2628 ORDER 3353 54 41 3 59 0
2628 ORDER 3354 74 6 1 12 0
2629 ORDER 3355 18 51 3 5 1
2630 ORDER 3356 30 11 54 62 0
2631 ORDER 3357 10 35 1 35 0
2632 ORDER 3358 47 17 52 62 0
2632 ORDER 3359 54 29 2 2 0
2633 ORDER 3360 26 14 3 59 0
2633 ORDER 3361 52 32 1 30 1
2634 ORDER 3362 52 32 3 29 0
2634 ORDER 3363 44 42 51 62 0
2635 UNBLOCK 23 18
2635 ORDER 3364 57 22 5 62 0
2636 ORDER 3365 20 35 80 62 1
2636 BLOCK 33 5
2637 ORDER 3366 29 39 3 41 0
2638 ORDER 3367 38 20 83 61 0
2638 ORDER 3368 26 41 3 54 1
2639 UNBLOCK 84 1
2639 UNBLOCK 60 60
2639 ORDER 3369 47 23 29 62 0
2640 ORDER 3370 52 44 56 61 0
2641 CANCEL 3303
2641 ORDER 3371 55 22 2 10 2
2641 BLOCK 50 52
2642 ORDER 3372 81 6 3 25 1
2642 BLOCK 38 41
2643 ORDER 3373 78 5 16 62 1
2643 ORDER 3374 57 32 3 1 1
2644 UNBLOCK 80 25
2644 ORDER 3375 8 24 30 62 1
2645 ORDER 3376 56 53 45 62 0
2645 BLOCK 49 62
2646 ORDER 3377 62 20 54 62 0
2646 BLOCK 6 17
2647 ORDER 3378 65 51 86 62 1
2647 ORDER 3379 63 42 1 61 0
2648 ORDER 3380 66 39 17 61 0
2649 ORDER 3381 59 24 48 61 0
2650 ORDER 3382 45 15 50 61 1
2650 ORDER 3383 46 27 18 61 0
2650 BLOCK 9 47
2651 ORDER 3384 71 51 3 21 3
2652 UNBLOCK 72 46
2652 ORDER 3385 55 32 3 40 0
2653 ORDER 3386 20 21 62 61 1
2654 ORDER 3387 46 39 36 62 1
2655 UNBLOCK 46 62
2655 ORDER 3388 72 39 2 24 1
2656 ORDER 3389 61 18 1 15 0
2656 BLOCK 26 29
2657 ORDER 3390 68 26 6 62 0
2658 ORDER 3391 42 54 1 7 0
2659 UNBLOCK 56 23
2659 UNBLOCK 35 2
2659 ORDER 3392 12 24 86 61 1
2660 UNBLOCK 29 48
2660 ORDER 3393 69 11 1 31 0
2661 ORDER 3394 62 30 1 28 0
2662 ORDER 3395 30 41 12 61 1
2662 ORDER 3396 41 50 1 58 1
2662 BLOCK 74 45
2663 ORDER 3397 29 29 14 61 2
2663 ORDER 3398 66 3 3 22 0
2664 ORDER 3399 82 23 2 39 0
2664 BLOCK 21 27
2665 ORDER 3400 64 44 1 13 0
2665 ORDER 3401 49 45 1 25 0
2666 ORDER 3402 9 17 3 16 0
2666 ORDER 3403 45 42 3 25 0
2666 BLOCK 31 36
2667 ORDER 3404 46 38 1 40 1
2668 ORDER 3405 53 26 44 62 1
2669 ORDER 3406 67 29 3 15 0
2669 ORDER 3407 8 9 84 61 0
2670 ORDER 3408 36 26 3 8 0
2670 ORDER 3409 54 20 2 59 1
2670 BLOCK 35 15
2671 UNBLOCK 50 52
2671 ORDER 3410 58 33 71 61 0
2672 ORDER 3411 61 33 76 62 1
2673 ORDER 3412 12 24 84 61 0
2673 ORDER 3413 22 51 1 62 1
2674 ORDER 3414 34 59 72 61 0
2675 UNBLOCK 49 62
2675 ORDER 3415 66 14 1 43 1
2676 ORDER 3416 11 57 1 11 0
2676 ORDER 3417 50 11 3 35 2
2677 ORDER 3418 56 42 16 61 0
2677 ORDER 3419 16 20 2 35 1
2678 ORDER 3420 46 12 74 62 1
2679 UNBLOCK 6 17
2679 ORDER 3421 16 54 2 48 0
2680 ORDER 3422 47 14 2 62 1
2680 ORDER 3423 10 38 28 61 0
2681 ORDER 3424 81 27 77 62 2
2682 ORDER 3425 78 35 78 61 1
2683 ORDER 3426 41 56 30 61 0
2684 ORDER 3427 20 54 1 25 0
2685 ORDER 3428 22 45 21 61 1
2686 ORDER 3429 56 39 3 17 0
2686 ORDER 3430 23 30 64 62 0
2687 ORDER 3431 7 45 2 52 0
2688 UNBLOCK 24 46
2688 ORDER 3432 14 15 80 61 0
2688 BLOCK 17 57
2689 ORDER 3433 8 35 70 62 0
2690 ORDER 3434 68 53 3 58 2
2691 ORDER 3435 50 27 47 62 2
2692 ORDER 3436 15 9 1 59 0
2692 BLOCK 78 59
2693 ORDER 3437 24 39 71 62 1
2693 ORDER 3438 76 24 38 61 3
2694 ORDER 3439 37 53 61 62 3
2695 ORDER 3440 8 51 35 61 1
2695 BLOCK 73 3
2696 UNBLOCK 26 50
2696 ORDER 3441 83 27 50 61 0
2697 ORDER 3442 11 35 3 51 2
2698 ORDER 3443 55 48 1 4 1
2699 ORDER 3444 36 9 54 61 1
2699 ORDER 3445 45 15 59 61 1
2699 BLOCK 16 21
2700 UNBLOCK 26 29
2700 ORDER 3446 35 50 2 26 2
2701 ORDER 3447 35 47 1 53 3
2701 BLOCK 51 20
2702 UNBLOCK 9 47
2702 ORDER 3448 23 56 46 61 3
2703 ORDER 3449 45 18 6 61 0
2703 ORDER 3450 19 41 86 61 0
2704 ORDER 3451 27 15 3 32 0
2704 ORDER 3452 60 21 19 62 0
2705 ORDER 3453 7 54 1 39 0
2705 ORDER 3454 25 12 83 62 1
2706 ORDER 3455 55 47 1 6 2
2707 ORDER 3456 44 39 15 61 1
2708 ORDER 3457 30 6 58 62 0
2708 BLOCK 44 59
2709 ORDER 3458 27 11 42 61 2
2710 UNBLOCK 59 41
2710 ORDER 3459 56 53 45 61 1
2711 ORDER 3460 61 14 1 23 0
2712 ORDER 3461 7 27 1 48 1
2712 BLOCK 84 53
2713 ORDER 3462 47 41 2 9 2
2713 BLOCK 80 24
2714 UNBLOCK 35 15
2714 ORDER 3463 11 20 33 62 0
2715 UNBLOCK 74 45
2715 ORDER 3464 24 8 50 62 1
2715 ORDER 3465 17 30 39 61 0
2716 UNBLOCK 21 27
2716 ORDER 3466 34 30 1 46 0
2716 ORDER 3467 66 23 41 61 0
2717 ORDER 3468 17 24 76 62 0
2718 ORDER 3469 20 24 2 35 0
2719 ORDER 3470 65 23 2 27 0
2719 BLOCK 29 17
2720 ORDER 3471 61 51 1 37 0
2721 ORDER 3472 56 54 80 61 0
2722 ORDER 3473 44 39 12 61 1
2722 BLOCK 65 39
2723 ORDER 3474 38 54 49 61 2
2723 BLOCK 64 38
2724 ORDER 3475 8 44 3 8 0
2725 ORDER 3476 56 42 3 25 0
2726 ORDER 3477 64 33 36 62 1
2726 ORDER 3478 54 47 34 62 0
2727 ORDER 3479 72 33 22 61 0
2727 ORDER 3480 9 48 3 24 2
2728 ORDER 3481 84 59 71 62 0
2729 ORDER 3482 10 51 3 47 0
2730 UNBLOCK 33 5
2730 ORDER 3483 54 24 1 28 0
2731 UNBLOCK 17 57
2731 ORDER 3484 29 59 50 62 0
2731 ORDER 3485 71 18 2 33 0
2732 ORDER 3486 37 17 2 30 0
2732 ORDER 3487 52 50 14 62 2
2732 BLOCK 67 20
2733 ORDER 3488 61 17 2 26 2
2733 ORDER 3489 66 26 36 62 0
2734 ORDER 3490 35 36 3 47 0
2734 BLOCK 69 42
2735 ORDER 3491 70 24 61 61 0
2735 ORDER 3492 52 53 22 61 1
2736 ORDER 3493 77 6 1 30 0
2737 ORDER 3494 60 26 17 61 0
2737 BLOCK 35 47
2738 ORDER 3495 45 33 2 14 0
2738 BLOCK 71 56
2739 ORDER 3496 59 45 2 35 1
2739 BLOCK 26 62
2740 UNBLOCK 38 41
2740 ORDER 3497 64 15 71 61 3
2740 ORDER 3498 20 33 22 62 0
2741 UNBLOCK 31 36
2741 ORDER 3499 27 53 2 23 2
2742 ORDER 3500 73 44 2 27 1
2743 ORDER 3501 38 36 3 4 2
2744 ORDER 3502 37 59 30 61 2
2744 ORDER 3503 11 53 1 1 2
2745 ORDER 3504 62 53 52 61 0
2745 BLOCK 20 12
2746 ORDER 3505 21 23 2 30 0
2747 ORDER 3506 55 39 2 42 3
2748 ORDER 3507 37 51 17 61 1
2749 ORDER 3508 29 14 1 47 0
2749 ORDER 3509 59 42 3 12 0
2749 BLOCK 34 42
2750 ORDER 3510 85 27 3 30 0
2750 ORDER 3511 76 17 83 62 1
2751 ORDER 3512 30 24 2 52 2
2751 BLOCK 55 11
2752 ORDER 3513 70 42 2 19 0
2753 ORDER 3514 44 53 2 62 1
2753 ORDER 3515 38 39 1 38 0
2754 ORDER 3516 33 51 2 50 0
2754 ORDER 3517 32 21 2 41 0
2755 ORDER 3518 10 54 3 31 0
2756 CANCEL 3429
2756 ORDER 3519 6 3 2 31 0
2756 ORDER 3520 20 54 74 62 1
2757 ORDER 3521 72 15 3 42 0
2758 ORDER 3522 71 21 49 61 1
2759 ORDER 3523 58 50 24 62 0
2759 ORDER 3524 71 26 1 55 0
2760 ORDER 3525 15 3 45 61 0
2761 UNBLOCK 64 38
2761 ORDER 3526 81 48 68 61 0
2762 CANCEL 3445
2762 ORDER 3527 28 47 3 31 1
2763 ORDER 3528 11 12 1 44 0
2764 ORDER 3529 10 5 1 35 0
2765 ORDER 3530 70 14 63 61 0
2766 UNBLOCK 84 53
2766 ORDER 3531 35 33 2 15 1
2766 ORDER 3532 79 24 29 61 2
2766 BLOCK 49 30
2767 UNBLOCK 67 20
2767 ORDER 3533 62 35 2 14 0
2767 ORDER 3534 28 33 16 62 0
2768 CANCEL 3361
2768 ORDER 3535 76 23 40 61 0
2769 ORDER 3536 11 41 63 61 2
2769 ORDER 3537 17 3 56 62 0
2769 BLOCK 69 60
2770 ORDER 3538 8 59 3 57 1
2771 ORDER 3539 57 12 3 40 1
2771 BLOCK 57 21
2772 ORDER 3540 25 38 3 7 0
2772 ORDER 3541 47 41 36 61 2
2773 ORDER 3542 55 44 2 27 1
2773 ORDER 3543 84 27 52 62 2
2774 ORDER 3544 37 5 1 21 0
2774 ORDER 3545 43 14 8 61 1
2775 UNBLOCK 51 20
2775 ORDER 3546 70 27 57 61 2
2775 ORDER 3547 37 11 48 61 1
2776 ORDER 3548 45 39 2 55 2
2777 ORDER 3549 61 15 3 27 1
2778 ORDER 3550 38 42 21 62 0
2778 ORDER 3551 64 35 3 42 0
2779 ORDER 3552 8 6 2 28 1
2779 ORDER 3553 70 8 3 4 1
2780 ORDER 3554 54 8 32 61 3
2780 BLOCK 61 9
2781 ORDER 3555 48 9 1 24 3
2782 ORDER 3556 29 24 1 14 0
2783 ORDER 3557 26 33 3 30 2
2783 ORDER 3558 67 24 3 45 0
2784 ORDER 3559 42 11 29 62 1
2784 ORDER 3560 75 17 39 61 2
2785 ORDER 3561 82 17 11 62 0
2786 ORDER 3562 78 46 2 58 2
2787 ORDER 3563 21 54 55 61 0
2788 UNBLOCK 73 3
2788 ORDER 3564 26 17 68 61 2
2788 BLOCK 72 4
2789 UNBLOCK 78 59
2789 ORDER 3565 22 24 6 61 0
2790 ORDER 3566 10 29 72 62 0
2791 ORDER 3567 20 35 84 61 1
2792 UNBLOCK 16 21
2792 ORDER 3568 47 12 1 49 0
2793 UNBLOCK 29 17
2793 ORDER 3569 41 38 1 55 1
2793 ORDER 3570 50 24 29 62 2
2794 ORDER 3571 80 11 70 62 0
2794 ORDER 3572 64 45 30 61 0
2795 ORDER 3573 63 15 5 62 0
2795 ORDER 3574 37 32 3 12 1
2796 UNBLOCK 80 24
2796 ORDER 3575 84 18 1 8 0
2796 ORDER 3576 30 45 3 3 0
2797 UNBLOCK 49 30
2797 ORDER 3577 18 26 62 62 0
2797 ORDER 3578 47 33 4 61 0
2798 ORDER 3579 14 9 71 61 0
2798 ORDER 3580 57 26 2 38 1
2799 ORDER 3581 28 48 3 44 0
2800 ORDER 3582 66 5 59 62 0
2800 ORDER 3583 60 54 1 34 0
2801 ORDER 3584 17 59 2 8 0
2801 BLOCK 66 61
2802 ORDER 3585 35 50 43 61 1
2802 BLOCK 40 14
2803 UNBLOCK 44 59
2803 ORDER 3586 16 26 6 62 0
2804 ORDER 3587 41 5 1 61 0
2804 ORDER 3588 85 56 56 62 1
2805 UNBLOCK 34 42
2805 ORDER 3589 53 9 3 30 3
2806 ORDER 3590 35 50 77 61 2
2807 ORDER 3591 70 21 2 37 0
2808 ORDER 3592 28 14 3 29 2
2808 ORDER 3593 55 17 3 50 1
2808 BLOCK 75 59
2809 ORDER 3594 9 9 1 30 0
2810 UNBLOCK 69 42
2810 ORDER 3595 11 7 28 61 0
2811 ORDER 3596 67 21 3 32 2
2811 ORDER 3597 23 32 2 24 0
2812 ORDER 3598 49 57 1 32 0
2813 ORDER 3599 8 15 32 62 0
2813 ORDER 3600 46 18 81 62 0
2814 UNBLOCK 71 56
2814 ORDER 3601 73 4 1 55 0
2815 UNBLOCK 26 62
2815 ORDER 3602 17 5 70 61 0
2816 ORDER 3603 17 38 60 61 1
2817 ORDER 3604 41 12 54 62 0
2818 UNBLOCK 35 47
2818 UNBLOCK 55 11
2818 UNBLOCK 75 59
2818 ORDER 3605 58 27 88 62 0
2818 BLOCK 22 18
2819 ORDER 3606 50 9 1 45 2
2819 ORDER 3607 49 48 3 49 0
2820 ORDER 3608 6 17 60 61 2
2820 ORDER 3609 70 39 16 61 1
2821 ORDER 3610 41 33 3 36 1
2821 ORDER 3611 33 15 1 51 0
2821 BLOCK 56 11
2822 UNBLOCK 65 39
2822 UNBLOCK 69 60
2822 ORDER 3612 68 21 67 61 0
2823 ORDER 3613 45 44 13 62 1
2824 ORDER 3614 68 36 76 61 0
2825 ORDER 3615 16 33 28 61 0
2825 ORDER 3616 56 42 2 33 0
2825 BLOCK 65 60
2826 UNBLOCK 20 12
2826 ORDER 3617 17 54 49 62 0
2826 ORDER 3618 36 51 2 30 0
2827 ORDER 3619 42 23 70 61 2
2827 ORDER 3620 9 17 10 61 1
2828 ORDER 3621 49 9 3 13 0
2828 ORDER 3622 36 23 2 7 0
2829 ORDER 3623 48 45 3 27 0
2830 ORDER 3624 58 20 1 22 1
2830 ORDER 3625 31 56 2 61 0
2831 ORDER 3626 22 45 16 61 1
2831 BLOCK 45 50
2832 ORDER 3627 25 45 2 26 0
2832 ORDER 3628 67 39 30 62 3
2833 ORDER 3629 35 23 2 18 0
2834 ORDER 3630 55 50 3 40 1
2835 ORDER 3631 44 51 1 41 1
2836 ORDER 3632 14 9 6 62 0
2837 ORDER 3633 7 12 2 8 2
2838 ORDER 3634 55 48 1 62 0
2838 ORDER 3635 70 8 69 61 0
2838 BLOCK 57 37
2839 ORDER 3636 33 17 3 8 0
2840 UNBLOCK 61 9
2840 ORDER 3637 25 38 85 62 0
2841 ORDER 3638 16 17 3 30 2
2842 ORDER 3639 42 12 2 17 0
2842 BLOCK 15 33
2843 ORDER 3640 11 50 1 42 0
2843 BLOCK 31 15
2844 ORDER 3641 14 32 3 37 0
2844 ORDER 3642 79 23 63 62 0
2845 ORDER 3643 41 12 3 41 1
2846 UNBLOCK 57 21
2846 ORDER 3644 70 3 57 61 1
2846 ORDER 3645 47 23 1 36 0
2846 BLOCK 32 36
2847 ORDER 3646 55 53 2 57 0
2848 ORDER 3647 61 30 81 61 2
2849 ORDER 3648 18 45 2 14 0
2849 BLOCK 7 17
2850 ORDER 3649 46 6 1 14 1
2851 ORDER 3650 20 45 50 62 3
2852 ORDER 3651 51 17 78 62 0
2853 ORDER 3652 82 21 4 62 0
2853 ORDER 3653 19 30 2 13 0
2854 ORDER 3654 24 51 2 57 1
2855 ORDER 3655 63 29 2 61 0
2855 BLOCK 62 41
2856 ORDER 3656 52 8 2 4 3
2856 ORDER 3657 59 54 57 62 0
2857 ORDER 3658 50 29 12 61 1
2858 ORDER 3659 61 20 2 9 0
2859 ORDER 3660 38 14 14 61 0
2859 ORDER 3661 39 14 52 62 0
2860 ORDER 3662 42 8 33 61 0
2860 ORDER 3663 37 44 33 61 1
2861 ORDER 3664 67 12 3 56 1
2861 BLOCK 5 57
2862 ORDER 3665 80 35 2 39 0
2862 BLOCK 84 51
2863 ORDER 3666 6 26 2 21 0
2864 ORDER 3667 81 59 2 30 0
2865 ORDER 3668 64 29 63 61 0
2865 ORDER 3669 27 56 1 12 2
2866 ORDER 3670 26 59 63 61 0
2867 ORDER 3671 52 44 3 28 0
2868 ORDER 3672 17 12 17 61 0
2868 ORDER 3673 20 18 1 24 0
2868 BLOCK 33 54
2869 ORDER 3674 62 8 1 42 2
2869 ORDER 3675 70 27 1 2 0
2869 BLOCK 29 6
2870 CANCEL 3545
2870 CANCEL 3579
2870 ORDER 3676 84 59 58 61 1
2871 UNBLOCK 5 57
2871 ORDER 3677 74 57 2 8 1
2872 CANCEL 3490
2872 ORDER 3678 65 57 42 62 2
2873 UNBLOCK 66 61
2873 ORDER 3679 68 26 50 62 0
2873 BLOCK 38 44
2874 UNBLOCK 45 50
2874 ORDER 3680 7 42 3 41 3
2875 ORDER 3681 80 53 1 27 2
2876 ORDER 3682 26 59 86 62 0
2877 ORDER 3683 38 38 87 62 1
2878 UNBLOCK 33 54
2878 ORDER 3684 80 29 20 62 0
2879 ORDER 3685 46 21 21 61 0
2879 ORDER 3686 9 53 38 62 0
2880 UNBLOCK 40 14
2880 ORDER 3687 53 38 78 61 0
2881 ORDER 3688 54 9 3 8 2
2882 ORDER 3689 48 39 22 62 0
2882 ORDER 3690 6 51 82 61 0
2883 UNBLOCK 72 4
2883 ORDER 3691 85 27 3 56 0
2883 ORDER 3692 58 59 34 61 0
2884 UNBLOCK 56 11
2884 ORDER 3693 8 3 23 62 0
2884 ORDER 3694 30 14 70 62 0
2885 ORDER 3695 14 11 2 41 0
2886 UNBLOCK 57 37
2886 ORDER 3696 38 57 55 62 0
2887 UNBLOCK 7 17
2887 ORDER 3697 30 9 2 53 0
2888 ORDER 3698 17 12 1 24 1
2888 ORDER 3699 27 12 3 47 0
2889 ORDER 3700 53 8 1 50 0
2889 BLOCK 5 62
2890 ORDER 3701 28 12 12 62 0
2891 ORDER 3702 84 17 1 10 0
2892 ORDER 3703 38 48 39 62 0
2892 ORDER 3704 56 57 74 61 1
2893 ORDER 3705 71 9 2 11 1
2893 BLOCK 75 27
2894 ORDER 3706 57 39 58 62 0
2895 ORDER 3707 55 45 59 61 0
2895 ORDER 3708 18 27 21 62 0
2896 ORDER 3709 74 50 81 61 0
2896 ORDER 3710 49 48 3 55 2
2897 CANCEL 3474
2897 ORDER 3711 60 56 2 47 0
2897 ORDER 3712 60 47 45 61 0
2897 BLOCK 13 24
2898 UNBLOCK 22 18
2898 ORDER 3713 63 30 49 62 2
2899 UNBLOCK 15 33
2899 ORDER 3714 35 47 1 62 0
2899 ORDER 3715 37 39 1 55 2
2900 ORDER 3716 72 15 47 61 0
2900 ORDER 3717 39 23 1 47 0
2900 BLOCK 50 62
2901 ORDER 3718 63 41 5 62 2
2902 UNBLOCK 32 36
2902 ORDER 3719 69 38 3 16 0
2903 UNBLOCK 84 51
2903 ORDER 3720 65 12 48 62 1
2904 ORDER 3721 15 32 3 22 2
2904 ORDER 3722 14 42 82 61 0
2905 ORDER 3723 76 14 59 62 3
2905 BLOCK 29 45
2906 ORDER 3724 32 30 78 61 0
2907 ORDER 3725 38 42 9 61 0
2907 ORDER 3726 30 41 3 18 1
2907 BLOCK 39 2
2908 ORDER 3727 80 11 32 61 0
2908 ORDER 3728 46 30 3 27 0
2909 ORDER 3729 11 21 10 62 0
2910 ORDER 3730 14 20 69 61 1
2910 ORDER 3731 20 59 31 61 0
2911 ORDER 3732 6 9 2 43 0
2912 ORDER 3733 41 38 25 61 0
2913 ORDER 3734 35 41 3 25 0
2913 ORDER 3735 37 41 57 61 0
2913 BLOCK 21 3
2914 ORDER 3736 36 17 1 24 0
2914 BLOCK 26 3
2915 ORDER 3737 30 29 85 61 0
2916 CANCEL 3674
2916 ORDER 3738 31 18 2 42 1
2917 ORDER 3739 35 17 75 61 1
2918 ORDER 3740 59 23 56 62 1
2918 ORDER 3741 9 21 30 62 2
2919 ORDER 3742 31 12 1 21 0
2920 ORDER 3743 15 6 1 56 0
2921 ORDER 3744 53 59 65 61 0
2922 UNBLOCK 65 60
2922 ORDER 3745 28 39 56 61 0
2922 ORDER 3746 49 48 45 62 0
2923 ORDER 3747 43 12 16 62 0
2924 ORDER 3748 68 38 2 4 0
2924 ORDER 3749 78 23 3 4 0
2924 BLOCK 26 48
2925 UNBLOCK 26 3
2925 ORDER 3750 9 30 2 58 1
2926 ORDER 3751 72 38 2 9 2
2926 ORDER 3752 38 57 80 61 0
2927 ORDER 3753 56 59 46 61 0
2928 ORDER 3754 18 57 27 61 1
2928 BLOCK 17 26
2929 ORDER 3755 73 54 3 44 0
2929 BLOCK 16 60
2930 ORDER 3756 63 29 1 46 0
2931 ORDER 3757 57 32 3 1 2
2931 ORDER 3758 46 14 2 10 0
2931 BLOCK 56 50
2932 UNBLOCK 29 6
2932 ORDER 3759 27 35 3 41 2
2933 ORDER 3760 11 32 3 10 0
2933 ORDER 3761 8 14 23 61 1
2934 ORDER 3762 42 11 2 10 0
2934 ORDER 3763 85 54 3 52 1
2935 ORDER 3764 76 33 57 62 0
2935 ORDER 3765 22 33 78 62 3
2936 ORDER 3766 39 33 74 62 3
2936 ORDER 3767 41 33 3 3 0
2937 ORDER 3768 26 41 38 61 0
2937 ORDER 3769 24 11 2 2 1
2938 ORDER 3770 62 44 1 29 1
2938 ORDER 3771 57 12 1 13 0
2939 ORDER 3772 71 8 1 44 1
2939 ORDER 3773 25 21 1 61 0
2939 BLOCK 68 2
2940 CANCEL 3533
2940 UNBLOCK 31 15
2940 ORDER 3774 25 27 3 61 1
2941 ORDER 3775 83 51 1 44 3
2942 UNBLOCK 62 41
2942 ORDER 3776 14 52 22 62 2
2942 BLOCK 57 44
2943 ORDER 3777 55 3 22 61 0
2944 UNBLOCK 50 62
2944 ORDER 3778 51 32 23 61 0
2945 ORDER 3779 38 3 2 16 1
2945 ORDER 3780 28 9 3 47 0
2946 ORDER 3781 78 56 1 55 0
2946 BLOCK 77 5
2947 ORDER 3782 38 53 4 62 0
2947 BLOCK 63 61
2948 ORDER 3783 78 32 3 42 3
2948 ORDER 3784 30 20 2 23 0
2949 ORDER 3785 42 41 2 10 0
2949 ORDER 3786 6 6 8 61 0
2950 ORDER 3787 17 57 1 59 0
2951 ORDER 3788 52 14 59 61 1
2951 ORDER 3789 18 30 3 46 0
2951 BLOCK 5 62
2952 ORDER 3790 56 37 12 62 0
2952 BLOCK 5 4
2953 ORDER 3791 72 41 2 19 0
2954 ORDER 3792 26 14 47 61 1
2954 BLOCK 14 51
2955 ORDER 3793 25 30 24 62 0
2956 ORDER 3794 33 15 1 1 0
2956 BLOCK 84 29
2957 CANCEL 3585
2957 ORDER 3795 25 11 20 61 3
2958 UNBLOCK 26 48
2958 ORDER 3796 65 12 88 62 0
2959 ORDER 3797 40 51 12 62 0
2960 ORDER 3798 72 29 55 61 1
2961 ORDER 3799 68 56 86 61 0
2961 ORDER 3800 51 32 2 14 2
2962 ORDER 3801 41 11 1 52 0
2962 ORDER 3802 81 15 40 62 0
2962 BLOCK 8 12
2963 CANCEL 3581
2963 UNBLOCK 63 61
2963 ORDER 3803 62 23 2 38 2
2963 ORDER 3804 47 32 2 23 1
2964 ORDER 3805 31 9 2 30 0
2965 UNBLOCK 77 5
2965 ORDER 3806 46 8 3 24 1
2965 ORDER 3807 63 44 13 62 0
2966 ORDER 3808 60 17 1 28 1
2966 ORDER 3809 47 44 55 61 2
2967 ORDER 3810 81 41 42 61 3
2968 UNBLOCK 5 62
2968 ORDER 3811 62 44 3 6 0
2969 ORDER 3812 30 6 81 61 1
2970 UNBLOCK 75 27
2970 ORDER 3813 81 56 1 49 0
2970 ORDER 3814 6 26 3 10 0
2970 BLOCK 79 59
2971 UNBLOCK 38 44
2971 ORDER 3815 7 18 73 61 0
2972 UNBLOCK 21 3
2972 ORDER 3816 17 27 1 21 1
2973 ORDER 3817 18 35 87 61 0
2974 ORDER 3818 43 48 1 47 2
2974 BLOCK 9 6
2975 ORDER 3819 50 8 2 24 1
2975 ORDER 3820 37 15 63 61 0
2976 UNBLOCK 84 29
2976 ORDER 3821 30 48 3 33 0
2976 BLOCK 14 14
2977 ORDER 3822 56 29 20 62 0
2977 BLOCK 38 12
2978 ORDER 3823 35 33 3 14 0
2978 ORDER 3824 76 20 2 47 1
2978 BLOCK 9 33
2979 ORDER 3825 73 41 3 37 0
2980 ORDER 3826 59 21 3 5 0
2980 ORDER 3827 85 35 84 62 0
2981 UNBLOCK 13 24
2981 ORDER 3828 31 23 1 22 0
2982 UNBLOCK 57 44
2982 ORDER 3829 27 48 67 62 0
2983 ORDER 3830 10 33 70 61 0
2984 UNBLOCK 16 60
2984 ORDER 3831 70 6 3 14 0
2984 ORDER 3832 81 45 45 61 0
2985 ORDER 3833 20 26 3 60 2
2986 UNBLOCK 14 14
2986 ORDER 3834 79 42 2 11 0
2986 BLOCK 42 48
2987 ORDER 3835 47 30 2 27 1
2988 UNBLOCK 5 4
2988 ORDER 3836 69 53 7 62 1
2989 ORDER 3837 53 51 2 34 2
2989 BLOCK 13 30
2990 ORDER 3838 6 53 44 61 0
2991 UNBLOCK 39 2
2991 ORDER 3839 25 38 27 61 0
2991 ORDER 3840 28 35 40 62 1
2991 BLOCK 37 53
2992 ORDER 3841 70 12 82 61 1
2993 ORDER 3842 35 3 2 45 1
2993 ORDER 3843 42 12 44 61 1
2994 ORDER 3844 70 27 84 61 0
2994 ORDER 3845 76 59 2 49 3
2994 BLOCK 38 53
2995 ORDER 3846 9 57 1 20 0
2996 ORDER 3847 45 24 1 26 0
2996 ORDER 3848 78 50 1 25 0
2997 ORDER 3849 80 20 52 61 0
2997 BLOCK 22 31
2998 ORDER 3850 76 54 22 62 0
2999 ORDER 3851 51 9 57 62 0
3000 UNBLOCK 68 2
3000 ORDER 3852 69 8 1 19 0
3000 ORDER 3853 74 21 51 62 0
3001 ORDER 3854 32 17 83 62 0
3002 UNBLOCK 29 45
3002 ORDER 3855 28 29 17 62 1
3002 ORDER 3856 63 33 49 61 0
3003 ORDER 3857 67 3 9 62 1
3004 UNBLOCK 56 50
3004 ORDER 3858 84 29 35 62 0
3005 ORDER 3859 29 59 1 31 0
3005 BLOCK 55 6
3006 ORDER 3860 26 57 1 49 2
3007 UNBLOCK 14 51
3007 UNBLOCK 38 12
3007 ORDER 3861 54 6 39 62 0
3008 UNBLOCK 42 48
3008 ORDER 3862 39 3 2 30 0
3008 ORDER 3863 8 6 19 61 0
3009 ORDER 3864 9 14 3 29 0
3009 ORDER 3865 21 53 1 21 0
3010 ORDER 3866 59 26 69 62 1
3011 ORDER 3867 52 57 1 35 1
3011 ORDER 3868 14 38 3 49 3
3012 ORDER 3869 81 44 2 47 1
3013 ORDER 3870 55 24 37 61 1
3014 ORDER 3871 66 23 3 26 1
3014 BLOCK 73 21
3015 ORDER 3872 26 36 59 61 0
3016 ORDER 3873 8 21 81 61 0
3017 ORDER 3874 70 48 1 60 1
3018 UNBLOCK 9 6
3018 UNBLOCK 55 6
3018 ORDER 3875 48 51 2 39 1
3019 ORDER 3876 70 14 1 35 0
3020 ORDER 3877 42 56 19 62 1
3021 ORDER 3878 85 29 25 62 0
3022 ORDER 3879 71 23 78 62 0
3023 ORDER 3880 39 33 50 62 0
3023 BLOCK 15 6
3024 ORDER 3881 40 24 3 61 0
3025 ORDER 3882 18 39 84 62 0
3025 ORDER 3883 62 3 2 32 0
3026 ORDER 3884 84 5 52 61 0
3027 ORDER 3885 9 56 62 62 0
3028 UNBLOCK 17 26
3028 UNBLOCK 5 62
3028 ORDER 3886 35 45 3 56 0
3029 CANCEL 3755
3029 ORDER 3887 10 14 28 62 0
3030 ORDER 3888 35 29 48 61 3
3031 ORDER 3889 35 32 3 42 3
3031 BLOCK 9 41
3032 ORDER 3890 18 8 2 20 0
3032 ORDER 3891 56 35 48 61 0
3032 BLOCK 8 9
3033 UNBLOCK 8 12
3033 UNBLOCK 13 30
3033 ORDER 3892 21 59 2 55 1
3033 ORDER 3893 51 30 29 61 1
3034 ORDER 3894 23 42 1 39 0
3034 ORDER 3895 60 14 57 61 1
3035 UNBLOCK 73 21
3035 ORDER 3896 51 14 3 25 1
3036 ORDER 3897 63 38 2 56 0
3037 UNBLOCK 9 33
3037 ORDER 3898 32 35 66 62 1
3038 ORDER 3899 19 6 1 11 0
3038 ORDER 3900 43 8 74 61 0
3038 BLOCK 60 44
3039 ORDER 3901 57 39 1 13 1
3040 ORDER 3902 75 6 44 61 0
3041 ORDER 3903 9 56 86 61 2
3041 BLOCK 81 33
3042 ORDER 3904 32 53 41 61 2
3042 ORDER 3905 38 11 2 33 1
3043 UNBLOCK 9 41
3043 ORDER 3906 78 42 3 42 1
3044 ORDER 3907 11 29 15 61 0
3044 ORDER 3908 35 15 3 14 0
3045 ORDER 3909 79 48 3 11 0
3046 ORDER 3910 6 23 84 62 0
3046 ORDER 3911 30 27 2 7 0
3047 ORDER 3912 47 39 80 61 1
3047 ORDER 3913 83 53 1 58 3
3048 ORDER 3914 80 39 3 54 0
3049 ORDER 3915 16 50 32 62 0
3049 ORDER 3916 68 6 46 61 0
3050 ORDER 3917 38 38 17 61 0
3051 ORDER 3918 23 20 1 29 0
3052 ORDER 3919 61 35 45 61 0
3052 ORDER 3920 78 5 60 61 0
3053 ORDER 3921 61 41 51 62 0
3054 ORDER 3922 65 57 75 62 0
3055 ORDER 3923 66 32 1 29 0
3055 BLOCK 76 39
3056 UNBLOCK 15 6
3056 ORDER 3924 82 44 2 32 0
3057 ORDER 3925 59 14 1 30 2
3058 ORDER 3926 33 47 2 42 0
3058 ORDER 3927 60 26 1 29 0
3059 ORDER 3928 37 8 75 62 0
3059 ORDER 3929 14 11 1 27 2
3059 BLOCK 6 27
3060 ORDER 3930 66 39 2 21 0
3061 ORDER 3931 78 42 3 42 0
3062 ORDER 3932 79 50 1 4 0
3063 ORDER 3933 51 9 3 10 0
3064 ORDER 3934 80 41 2 21 0
3065 CANCEL 3708
3065 ORDER 3935 68 47 3 56 2
3066 ORDER 3936 53 44 75 62 0
3067 ORDER 3937 19 56 73 61 1
3068 UNBLOCK 79 59
3068 ORDER 3938 17 44 1 47 1
3068 ORDER 3939 55 48 52 61 2
3069 ORDER 3940 45 44 3 14 0
3070 ORDER 3941 48 21 1 9 1
3071 ORDER 3942 50 3 2 61 0
3072 ORDER 3943 77 12 52 61 0
3073 UNBLOCK 8 9
3073 ORDER 3944 79 26 81 61 1
3074 ORDER 3945 63 29 1 58 2
3074 ORDER 3946 25 44 1 26 0
3074 BLOCK 35 61
3075 ORDER 3947 65 17 2 41 1
3076 ORDER 3948 35 29 3 31 0
3077 ORDER 3949 53 5 1 25 0
3077 ORDER 3950 7 53 1 57 0
3077 BLOCK 46 27
3078 ORDER 3951 75 12 20 62 3
3079 ORDER 3952 72 33 1 41 0
3079 BLOCK 77 51
3080 ORDER 3953 9 26 3 11 0
3081 UNBLOCK 60 44
3081 ORDER 3954 72 56 2 54 1
3081 ORDER 3955 22 26 1 33 1
3082 UNBLOCK 37 53
3082 ORDER 3956 85 15 1 59 0
3083 UNBLOCK 38 53
3083 ORDER 3957 82 24 2 62 1
3084 ORDER 3958 10 5 1 29 0
3085 CANCEL 3916
3085 ORDER 3959 78 50 4 62 2
3085 BLOCK 49 37
3086 UNBLOCK 22 31
3086 ORDER 3960 18 26 2 35 1
3087 ORDER 3961 44 41 29 62 0
3087 ORDER 3962 30 23 76 62 0
3088 ORDER 3963 20 15 67 61 0
3089 ORDER 3964 51 6 66 61 0
3089 ORDER 3965 44 8 2 43 0
3089 BLOCK 22 41
3090 ORDER 3966 26 45 24 62 0
3091 ORDER 3967 37 33 49 62 0
3092 ORDER 3968 54 6 2 42 0
3093 ORDER 3969 47 39 2 36 0
3094 ORDER 3970 76 24 2 35 2
3094 ORDER 3971 77 48 1 19 0
3095 ORDER 3972 79 58 2 42 0
3096 ORDER 3973 6 5 2 15 0
3096 BLOCK 30 51
3097 ORDER 3974 67 33 1 62 1
3097 ORDER 3975 30 33 77 62 0
3098 ORDER 3976 79 33 1 41 3
3099 CANCEL 3740
3099 ORDER 3977 46 3 59 61 0
3100 ORDER 3978 18 6 82 61 2
3100 ORDER 3979 72 51 2 22 0
3101 ORDER 3980 32 56 77 61 0
3101 ORDER 3981 56 39 2 55 1
3101 BLOCK 40 44
3102 ORDER 3982 15 3 2 48 0
3102 ORDER 3983 28 18 37 62 1
3103 ORDER 3984 33 32 2 35 0
3103 ORDER 3985 6 9 10 62 0
3104 ORDER 3986 20 23 35 61 2
3104 ORDER 3987 67 50 2 17 0
3105 ORDER 3988 54 30 1 22 1
3106 UNBLOCK 35 61
3106 ORDER 3989 56 54 54 61 0
3106 BLOCK 40 37
3107 ORDER 3990 80 53 3 54 0
3108 ORDER 3991 14 51 3 30 3
3108 ORDER 3992 48 24 54 62 2
3109 ORDER 3993 16 36 1 36 1
3110 ORDER 3994 79 15 7 62 0
3111 ORDER 3995 52 9 2 52 0
3111 ORDER 3996 43 12 14 61 0
3112 UNBLOCK 76 39
3112 ORDER 3997 18 12 3 58 2
3113 UNBLOCK 46 27
3113 ORDER 3998 61 20 77 62 0
3113 ORDER 3999 43 36 24 61 0
3114 ORDER 4000 7 47 44 62 0
3114 BLOCK 57 26
3115 UNBLOCK 6 27
3115 ORDER 4001 65 56 1 8 0
3115 ORDER 4002 70 9 14 62 1
3116 ORDER 4003 24 15 3 14 0
3116 ORDER 4004 24 41 86 61 0
3117 ORDER 4005 75 41 19 61 0
3118 ORDER 4006 48 23 57 62 1
3119 ORDER 4007 10 54 9 62 1
3119 ORDER 4008 23 39 2 45 0
3120 ORDER 4009 29 6 3 53 3
3121 ORDER 4010 35 57 2 4 2
3122 ORDER 4011 12 33 1 47 0
3123 ORDER 4012 10 56 6 62 0
3124 UNBLOCK 49 37
3124 ORDER 4013 82 50 18 62 1
3125 ORDER 4014 62 14 1 13 0
3125 BLOCK 57 43
3126 ORDER 4015 76 5 1 41 0
3126 ORDER 4016 51 29 2 22 1
3127 ORDER 4017 46 18 3 47 1
3128 UNBLOCK 81 33
3128 ORDER 4018 76 56 1 23 0
3128 ORDER 4019 29 30 1 43 0
3129 CANCEL 3920
3129 ORDER 4020 47 53 3 57 0
3129 ORDER 4021 6 27 20 61 1
3130 ORDER 4022 56 23 1 50 0
3131 ORDER 4023 58 35 2 9 0
3132 ORDER 4024 72 38 1 11 0
3133 ORDER 4025 71 8 1 21 2
3133 ORDER 4026 80 36 3 27 0
3134 ORDER 4027 26 18 62 61 1
3135 ORDER 4028 35 8 41 61 1
3136 ORDER 4029 28 33 3 1 3
3137 ORDER 4030 72 32 2 55 2
3137 ORDER 4031 30 27 1 2 1
3138 ORDER 4032 61 41 32 61 1
3139 ORDER 4033 51 47 2 34 0
3139 ORDER 4034 15 38 12 62 0
3140 UNBLOCK 40 44
3140 ORDER 4035 31 50 3 18 1
3140 ORDER 4036 58 26 3 16 1
3141 ORDER 4037 82 17 17 62 1
3142 ORDER 4038 34 41 77 61 0
3143 ORDER 4039 69 8 86 62 0
3144 CANCEL 3975
3144 ORDER 4040 74 12 2 62 0
3144 ORDER 4041 68 26 1 33 0
3145 ORDER 4042 40 33 1 8 0
3146 ORDER 4043 17 36 84 61 1
3147 ORDER 4044 29 41 1 32 0
3148 UNBLOCK 30 51
3148 ORDER 4045 33 57 22 62 0
3149 ORDER 4046 85 21 32 62 0
3149 ORDER 4047 46 23 2 7 0
3150 ORDER 4048 9 41 39 62 0
3150 BLOCK 54 36
3151 UNBLOCK 77 51
3151 ORDER 4049 26 30 17 62 0
3151 ORDER 4050 68 54 3 10 1
3152 ORDER 4051 32 32 18 62 1
3152 ORDER 4052 63 39 12 61 0
3153 ORDER 4053 44 53 66 61 1
3154 ORDER 4054 8 59 2 55 0
3154 ORDER 4055 82 26 1 13 0
3155 ORDER 4056 8 3 1 25 0
3156 ORDER 4057 56 42 65 61 0
3157 ORDER 4058 83 20 73 62 1
3157 ORDER 4059 83 33 3 12 1
3158 UNBLOCK 57 26
3158 ORDER 4060 79 11 16 61 0
3159 ORDER 4061 65 26 2 26 0
3160 ORDER 4062 59 44 1 42 0
3161 ORDER 4063 57 18 3 58 1
3161 ORDER 4064 26 12 25 61 0
3161 BLOCK 40 26
3162 ORDER 4065 75 35 3 28 0
3163 ORDER 4066 81 15 2 41 0
3163 BLOCK 73 54
3164 ORDER 4067 48 3 3 9 0
3165 ORDER 4068 56 23 37 61 0
3165 BLOCK 20 2
3166 ORDER 4069 77 50 27 62 0
3166 ORDER 4070 78 36 2 58 1
3167 ORDER 4071 12 53 30 61 0
3168 ORDER 4072 60 51 1 32 0
3169 ORDER 4073 45 21 34 62 1
3169 ORDER 4074 75 5 61 61 0
3170 ORDER 4075 44 20 3 47 0
3171 UNBLOCK 22 41
3171 ORDER 4076 50 32 26 62 1
3172 ORDER 4077 36 59 3 40 0
3172 ORDER 4078 28 23 3 51 1
3173 ORDER 4079 56 38 2 15 3
3173 ORDER 4080 56 26 86 62 2
3173 BLOCK 12 59
3174 ORDER 4081 85 18 1 10 0
3174 ORDER 4082 18 5 6 62 0
3175 CANCEL 4061
3175 UNBLOCK 20 2
3175 ORDER 4083 11 50 56 61 0
3175 BLOCK 35 33
3176 ORDER 4084 55 36 3 32 2
3176 ORDER 4085 20 3 11 62 1
3177 ORDER 4086 49 45 22 62 0
3178 ORDER 4087 6 14 3 25 0
3179 UNBLOCK 40 37
3179 ORDER 4088 64 4 2 27 0
3179 BLOCK 48 31
3180 ORDER 4089 8 5 40 62 1
3181 ORDER 4090 59 21 20 62 0
3182 ORDER 4091 32 9 35 61 1
3183 ORDER 4092 55 14 21 62 0
3183 ORDER 4093 8 11 74 62 0
3184 ORDER 4094 24 57 8 62 0
3184 ORDER 4095 36 24 11 62 0
3185 ORDER 4096 26 21 2 45 1
3186 UNBLOCK 57 43
3186 ORDER 4097 36 20 77 61 0
3186 ORDER 4098 47 56 74 61 0
3187 ORDER 4099 70 39 27 62 1
3188 ORDER 4100 32 14 2 59 1
3189 ORDER 4101 15 39 39 62 1
3189 ORDER 4102 42 24 3 52 2
3190 CANCEL 3910
3190 ORDER 4103 49 59 3 37 0
3190 ORDER 4104 71 26 3 22 3
3191 ORDER 4105 23 38 3 61 0
3191 ORDER 4106 67 15 1 53 0
3192 ORDER 4107 42 18 43 62 0
3193 ORDER 4108 7 35 2 60 2
3193 ORDER 4109 35 17 3 58 0
3194 ORDER 4110 63 50 1 62 1
3194 ORDER 4111 68 47 45 61 0
3195 ORDER 4112 40 30 75 62 2
3196 ORDER 4113 20 5 2 38 1
3196 ORDER 4114 41 23 3 54 2
3197 ORDER 4115 25 50 3 47 0
3198 ORDER 4116 59 45 3 7 0
3199 ORDER 4117 61 41 1 11 0
3200 ORDER 4118 29 35 58 62 1
3200 BLOCK 22 18
3201 ORDER 4119 62 17 79 62 1
3202 ORDER 4120 68 56 3 24 0
3203 ORDER 4121 8 35 2 45 0
3203 BLOCK 64 50
3204 ORDER 4122 36 35 2 52 1
3205 ORDER 4123 57 10 1 16 1
3206 CANCEL 3944
3206 ORDER 4124 39 33 3 26 0
3206 BLOCK 20 23
3207 ORDER 4125 11 36 1 39 0
3208 ORDER 4126 69 51 32 62 3
3208 BLOCK 78 35
3209 ORDER 4127 79 33 28 62 1
3210 ORDER 4128 8 11 1 9 0
3211 ORDER 4129 56 5 3 52 0
3212 ORDER 4130 77 33 2 16 1
3213 ORDER 4131 57 35 3 47 2
3213 BLOCK 80 5
3214 ORDER 4132 18 18 1 32 2
3214 ORDER 4133 45 33 3 60 0
3215 ORDER 4134 18 12 1 21 0
3216 ORDER 4135 79 57 2 35 0
3216 ORDER 4136 69 59 1 12 0
3217 ORDER 4137 65 3 3 57 0
3218 ORDER 4138 34 30 1 19 1
3218 BLOCK 14 4
3219 ORDER 4139 6 36 11 61 3
3219 ORDER 4140 70 9 74 61 1
3220 ORDER 4141 9 26 3 3 3
3221 UNBLOCK 54 36
3221 CANCEL 4094
3221 ORDER 4142 43 56 2 39 0
3222 ORDER 4143 26 3 42 61 1
3222 ORDER 4144 15 20 2 27 0
3223 ORDER 4145 72 39 1 22 0
3224 ORDER 4146 42 21 65 62 0
3225 ORDER 4147 6 41 3 58 1
3226 ORDER 4148 15 17 3 11 0
3226 ORDER 4149 26 27 3 17 2
3227 ORDER 4150 76 59 21 61 0
3227 BLOCK 30 24
3228 ORDER 4151 10 24 1 3 0
3229 UNBLOCK 22 18
3229 ORDER 4152 66 5 3 8 2
3229 ORDER 4153 15 21 7 61 2
3229 BLOCK 25 26
3230 ORDER 4154 18 17 1 41 0
3231 ORDER 4155 50 44 1 8 0
3232 ORDER 4156 44 8 2 34 0
3233 UNBLOCK 14 4
3233 ORDER 4157 59 45 32 61 2
3234 ORDER 4158 45 27 70 62 0
3235 ORDER 4159 57 3 1 58 0
3235 ORDER 4160 79 47 85 61 3
3235 BLOCK 84 17
3236 ORDER 4161 48 3 25 62 0
3237 ORDER 4162 31 42 2 5 3
3238 ORDER 4163 33 39 3 10 0
3239 ORDER 4164 62 33 64 62 0
3240 ORDER 4165 7 7 62 61 0
3241 ORDER 4166 62 18 18 62 2
3242 ORDER 4167 47 36 85 62 0
3242 ORDER 4168 62 8 64 61 2
3243 ORDER 4169 80 15 3 62 0
3244 ORDER 4170 53 18 1 47 0
3244 ORDER 4171 27 14 2 28 0
3245 ORDER 4172 8 27 88 61 2
3246 UNBLOCK 12 59
3246 ORDER 4173 63 3 2 59 0
3247 ORDER 4174 80 3 3 18 0
3247 ORDER 4175 38 36 3 29 0
3247 BLOCK 57 8
3248 ORDER 4176 65 51 2 18 0
3248 ORDER 4177 28 41 21 61 0
3248 BLOCK 81 57
3249 ORDER 4178 24 11 63 61 0
3250 ORDER 4179 41 30 32 62 1
3251 ORDER 4180 78 45 2 18 1
3252 ORDER 4181 9 44 84 61 1
3253 UNBLOCK 35 33
3253 ORDER 4182 65 59 1 48 2
3254 ORDER 4183 35 24 2 36 1
3255 UNBLOCK 40 26
3255 UNBLOCK 80 5
3255 ORDER 4184 80 48 75 61 0
3256 UNBLOCK 73 54
3256 ORDER 4185 85 56 3 24 1
3257 UNBLOCK 84 17
3257 CANCEL 4161
3257 ORDER 4186 72 32 2 25 1
3258 ORDER 4187 84 38 47 62 1
3259 UNBLOCK 20 23
3259 ORDER 4188 43 15 55 62 3
3260 ORDER 4189 10 8 4 61 2
3261 ORDER 4190 41 29 3 50 0
3262 ORDER 4191 30 11 44 61 0
3263 ORDER 4192 74 51 30 62 3
3263 ORDER 4193 69 43 3 45 0
3264 ORDER 4194 70 39 3 58 1
3264 ORDER 4195 9 27 1 2 0
3265 ORDER 4196 47 59 3 8 0
3265 BLOCK 74 29
3266 UNBLOCK 48 31
3266 ORDER 4197 58 9 1 35 2
3266 ORDER 4198 24 30 6 62 1
3267 UNBLOCK 78 35
3267 ORDER 4199 39 48 40 61 0
3268 ORDER 4200 45 59 51 62 0
3269 ORDER 4201 53 51 3 50 2
3269 ORDER 4202 56 26 3 52 1
3269 BLOCK 13 2
3270 ORDER 4203 20 3 52 61 0
3271 ORDER 4204 80 53 2 17 0
3271 ORDER 4205 79 5 1 31 2
3272 ORDER 4206 51 56 70 62 0
3272 BLOCK 71 30
3273 ORDER 4207 85 6 21 61 1
3273 BLOCK 32 27
3274 ORDER 4208 25 18 2 31 1
3275 ORDER 4209 18 41 81 61 2
3275 ORDER 4210 78 3 36 61 1
3276 ORDER 4211 57 5 18 61 1
3276 ORDER 4212 74 42 1 20 2
3277 ORDER 4213 64 11 28 61 2
3278 ORDER 4214 6 48 2 1 0
3278 ORDER 4215 71 9 1 44 1
3279 ORDER 4216 43 47 63 62 0
3280 ORDER 4217 80 48 3 7 0
3280 ORDER 4218 70 23 70 62 2
3281 ORDER 4219 50 56 2 15 1
3281 BLOCK 26 50
3282 ORDER 4220 49 11 2 12 0
3282 ORDER 4221 44 42 1 6 0
3283 ORDER 4222 46 6 3 13 0
3283 ORDER 4223 28 51 48 62 3
3283 BLOCK 35 9
3284 ORDER 4224 26 14 3 8 0
3285 ORDER 4225 49 41 3 31 0
3285 ORDER 4226 10 56 3 24 0
3286 ORDER 4227 41 6 2 58 0
3287 ORDER 4228 6 14 1 3 2
3288 UNBLOCK 64 50
3288 ORDER 4229 8 8 1 13 2
3288 ORDER 4230 24 6 2 28 1
3289 ORDER 4231 45 20 2 13 1
3290 ORDER 4232 26 26 1 54 0
3290 ORDER 4233 55 39 3 37 0
3291 ORDER 4234 43 38 3 27 0
3292 CANCEL 4000
3292 ORDER 4235 8 46 3 2 1
3293 CANCEL 4195
3293 ORDER 4236 34 38 1 57 0
3293 ORDER 4237 28 9 2 40 1
3294 ORDER 4238 68 5 63 62 1
3295 ORDER 4239 40 24 12 62 1
3296 ORDER 4240 54 5 66 61 0
3296 ORDER 4241 10 32 7 61 0
3296 BLOCK 36 41
3297 ORDER 4242 63 32 3 36 0
3298 UNBLOCK 71 30
3298 ORDER 4243 38 23 3 6 0
3298 BLOCK 77 12
3299 UNBLOCK 81 57
3299 ORDER 4244 33 41 1 6 0
3300 ORDER 4245 79 8 82 62 0
3301 ORDER 4246 57 33 36 61 1
3302 ORDER 4247 25 17 6 62 0
3303 ORDER 4248 26 59 2 10 1
3304 ORDER 4249 29 56 2 48 0
3305 ORDER 4250 48 12 37 62 2
3306 UNBLOCK 57 8
3306 ORDER 4251 72 39 2 44 0
3306 ORDER 4252 18 32 2 46 0
3306 BLOCK 50 42
3307 ORDER 4253 18 51 2 50 0
3308 ORDER 4254 10 11 73 62 2
3309 UNBLOCK 30 24
3309 ORDER 4255 32 14 3 5 0
3310 ORDER 4256 14 42 31 61 1
3310 ORDER 4257 73 29 3 32 1
3311 ORDER 4258 82 53 3 32 0
3311 ORDER 4259 15 32 2 32 0
3312 UNBLOCK 25 26
3312 ORDER 4260 55 5 53 62 0
3312 ORDER 4261 17 39 2 9 1
3313 ORDER 4262 56 44 76 62 1
3314 ORDER 4263 81 27 8 61 3
3315 ORDER 4264 53 38 83 61 0
3315 ORDER 4265 19 51 2 61 0
3316 ORDER 4266 33 38 2 60 2
3316 ORDER 4267 28 47 78 62 0
3316 BLOCK 30 50
3317 ORDER 4268 25 6 47 62 0
3318 CANCEL 4089
3318 ORDER 4269 34 29 2 40 3
3319 ORDER 4270 46 33 3 22 1
3320 ORDER 4271 6 57 2 22 0
3321 ORDER 4272 56 47 53 61 0
3321 BLOCK 64 54
3322 ORDER 4273 66 48 21 62 0
3322 ORDER 4274 24 11 10 62 0
3323 ORDER 4275 31 21 38 62 1
3324 ORDER 4276 74 6 2 60 0
3325 ORDER 4277 30 24 8 62 0
3325 ORDER 4278 48 54 1 24 1
3326 ORDER 4279 72 41 1 53 0
3327 ORDER 4280 41 29 83 62 1
3327 ORDER 4281 69 21 3 35 1
3328 ORDER 4282 26 27 5 62 2
3328 ORDER 4283 34 45 21 61 1
3329 UNBLOCK 13 2
3329 ORDER 4284 28 45 42 61 2
3330 ORDER 4285 25 32 1 29 1
3330 BLOCK 79 20
3331 ORDER 4286 71 9 4 62 1
3331 BLOCK 41 53
3332 ORDER 4287 31 5 3 8 1
3333 ORDER 4288 29 29 39 61 1
3333 ORDER 4289 40 11 50 62 3
3334 ORDER 4290 70 57 10 62 0
3334 BLOCK 20 44
3335 ORDER 4291 8 56 72 61 3
3336 UNBLOCK 32 27
3336 ORDER 4292 17 26 2 59 2
3336 BLOCK 55 45
3337 ORDER 4293 64 17 37 62 0
3338 ORDER 4294 10 20 1 9 0
3339 ORDER 4295 56 54 19 61 0
3339 ORDER 4296 10 17 24 61 0
3340 ORDER 4297 53 5 1 6 0
3341 ORDER 4298 55 5 46 61 0
3342 ORDER 4299 59 54 2 48 0
3343 ORDER 4300 56 36 3 39 0
3344 ORDER 4301 74 11 48 61 0
3345 UNBLOCK 35 9
3345 ORDER 4302 41 14 2 56 1
3346 ORDER 4303 50 44 1 15 2
3347 UNBLOCK 36 41
3347 ORDER 4304 28 14 2 32 0
3348 ORDER 4305 39 21 2 19 1
3349 ORDER 4306 47 56 49 62 1
3350 ORDER 4307 17 51 81 62 2
3351 ORDER 4308 19 8 1 49 0
3351 ORDER 4309 81 17 3 14 0
3351 BLOCK 61 21
3352 ORDER 4310 45 33 1 32 0
3352 ORDER 4311 26 50 2 33 0
3352 BLOCK 56 15
3353 ORDER 4312 34 42 63 61 1
3354 ORDER 4313 7 48 4 61 2
3354 ORDER 4314 76 15 2 55 0
3355 ORDER 4315 76 15 3 13 0
3355 BLOCK 68 62
3356 ORDER 4316 59 56 1 12 0
3356 ORDER 4317 40 48 3 38 1
3357 ORDER 4318 56 45 1 51 1
3358 ORDER 4319 7 42 3 53 1
3358 BLOCK 52 35
3359 ORDER 4320 23 30 59 61 0
3359 ORDER 4321 19 5 37 61 3
3360 ORDER 4322 47 14 1 62 1
3360 ORDER 4323 85 23 12 61 3
3361 UNBLOCK 77 12
3361 ORDER 4324 82 42 1 1 0
3362 ORDER 4325 46 38 2 19 0
3362 BLOCK 40 5
3363 UNBLOCK 30 50
3363 ORDER 4326 10 11 1 14 0
3364 UNBLOCK 74 29
3364 ORDER 4327 42 24 3 43 1
3365 ORDER 4328 85 32 3 37 0
3365 BLOCK 20 38
3366 CANCEL 4283
3366 ORDER 4329 56 48 1 42 0
3367 ORDER 4330 16 41 2 45 0
3367 ORDER 4331 7 26 2 25 0
3368 ORDER 4332 19 39 2 35 1
3369 ORDER 4333 56 21 2 50 0
3369 ORDER 4334 51 14 55 62 1
3370 ORDER 4335 65 29 1 49 1
3371 ORDER 4336 28 21 76 62 1
3371 BLOCK 30 45
3372 ORDER 4337 44 39 20 62 0
3373 ORDER 4338 51 36 1 17 0
3374 ORDER 4339 26 57 2 43 0
3375 ORDER 4340 6 17 3 1 1
3375 BLOCK 64 35
3376 ORDER 4341 59 6 71 62 0
3377 ORDER 4342 55 36 59 61 0
3378 ORDER 4343 9 50 12 62 0
3379 CANCEL 4143
3379 UNBLOCK 50 42
3379 ORDER 4344 75 45 81 61 0
3380 ORDER 4345 23 30 2 24 1
3380 ORDER 4346 58 9 2 45 0
3381 UNBLOCK 26 50
3381 ORDER 4347 29 6 62 61 1
3381 BLOCK 55 30
3382 ORDER 4348 19 50 1 10 0
3382 ORDER 4349 49 20 80 62 0
3383 UNBLOCK 79 20
3383 UNBLOCK 56 15
3383 ORDER 4350 65 17 22 61 0
3383 ORDER 4351 17 35 1 62 1
3384 ORDER 4352 53 51 88 61 1
3384 BLOCK 82 20
3385 UNBLOCK 64 54
3385 ORDER 4353 23 42 72 61 1
3386 ORDER 4354 43 11 3 48 0
3386 BLOCK 54 9
3387 ORDER 4355 34 15 2 15 1
3387 ORDER 4356 47 35 1 44 0
3388 CANCEL 4185
3388 ORDER 4357 67 24 3 52 0
3389 ORDER 4358 38 50 79 61 0
3390 ORDER 4359 47 24 37 62 0
3391 ORDER 4360 45 3 1 61 0
3391 ORDER 4361 55 45 1 18 0
3391 BLOCK 5 36
3392 ORDER 4362 16 3 13 62 0
3393 ORDER 4363 57 41 87 62 0
3393 ORDER 4364 52 36 55 62 1
3394 ORDER 4365 79 44 2 34 0
3395 ORDER 4366 54 17 2 18 2
3396 ORDER 4367 85 45 1 10 0
3396 ORDER 4368 59 50 2 15 0
3397 UNBLOCK 41 53
3397 UNBLOCK 40 5
3397 ORDER 4369 6 30 3 36 3
3397 ORDER 4370 70 9 1 6 1
3398 ORDER 4371 66 41 44 62 0
3399 ORDER 4372 7 39 3 23 1
3400 UNBLOCK 82 20
3400 ORDER 4373 78 24 16 62 0
3401 ORDER 4374 17 9 1 22 1
3402 UNBLOCK 20 44
3402 ORDER 4375 70 39 79 61 0
3402 ORDER 4376 7 59 19 62 0
3402 BLOCK 75 27
3403 UNBLOCK 64 35
3403 ORDER 4377 82 36 2 44 0
3403 BLOCK 8 2
3404 ORDER 4378 61 39 2 32 0
3405 ORDER 4379 25 20 88 62 1
3405 ORDER 4380 18 17 35 62 1
3406 ORDER 4381 6 14 7 62 0
3407 ORDER 4382 40 56 1 54 0
3408 ORDER 4383 11 18 2 17 1
3409 ORDER 4384 19 9 2 46 1
3409 ORDER 4385 76 59 9 62 0
3409 BLOCK 60 29
3410 ORDER 4386 50 29 17 62 1
3410 ORDER 4387 35 36 11 62 0
3411 UNBLOCK 55 30
3411 ORDER 4388 17 17 3 7 0
3411 ORDER 4389 80 17 1 18 0
3412 ORDER 4390 71 48 66 61 1
3412 ORDER 4391 74 42 24 61 1
3413 ORDER 4392 64 47 2 25 3
3414 ORDER 4393 60 26 1 3 0
3414 ORDER 4394 42 6 73 62 2
3415 ORDER 4395 69 54 3 31 0
3415 BLOCK 55 57
3416 UNBLOCK 68 62
3416 ORDER 4396 34 57 29 62 0
3417 ORDER 4397 70 23 5 62 1
3418 ORDER 4398 46 6 17 62 0
3419 ORDER 4399 38 59 85 61 2
3420 ORDER 4400 9 38 15 62 0
3421 ORDER 4401 59 11 3 50 0
3421 ORDER 4402 20 44 8 61 0
3422 ORDER 4403 58 21 3 49 1
3423 ORDER 4404 17 47 42 61 0
3424 ORDER 4405 37 11 1 61 0
3425 ORDER 4406 55 26 60 61 0
3426 ORDER 4407 22 45 1 47 1
3426 ORDER 4408 76 29 1 33 3
3427 UNBLOCK 30 45
3427 ORDER 4409 63 38 2 17 0
3428 ORDER 4410 66 12 2 13 0
3429 ORDER 4411 31 56 44 62 0
3430 ORDER 4412 81 36 14 62 2
3431 UNBLOCK 55 45
3431 UNBLOCK 52 35
3431 UNBLOCK 75 27
3431 ORDER 4413 70 44 1 29 1
3432 ORDER 4414 17 33 25 62 0
3432 ORDER 4415 43 47 72 61 1
3433 ORDER 4416 85 5 2 24 0
3433 ORDER 4417 50 33 76 61 0
3434 ORDER 4418 24 39 45 61 0
3435 UNBLOCK 20 38
3435 ORDER 4419 48 53 27 61 1
3436 ORDER 4420 41 35 1 54 0
3437 CANCEL 4380
3437 ORDER 4421 71 14 3 36 0
3437 ORDER 4422 36 36 2 15 1
3437 BLOCK 32 20
3438 UNBLOCK 61 21
3438 ORDER 4423 41 23 5 61 1
3438 ORDER 4424 12 33 1 10 0
3439 ORDER 4425 62 36 73 61 0
3440 ORDER 4426 56 17 63 61 0
3440 BLOCK 59 26
3441 ORDER 4427 41 36 3 15 0
3442 ORDER 4428 72 27 2 18 0
3443 ORDER 4429 81 41 49 62 0
3444 ORDER 4430 62 53 1 48 2
3444 BLOCK 45 48
3445 ORDER 4431 49 24 3 9 0
3446 ORDER 4432 12 3 87 62 1
3447 ORDER 4433 85 59 2 28 1
3448 ORDER 4434 6 35 79 62 0
3448 BLOCK 83 24
3449 ORDER 4435 10 15 76 61 0
3449 ORDER 4436 46 32 21 61 0
3450 UNBLOCK 54 9
3450 ORDER 4437 28 56 1 17 0
3451 ORDER 4438 36 48 14 61 0
3452 ORDER 4439 31 48 1 50 0
3453 ORDER 4440 27 48 2 34 0
3453 BLOCK 18 6
3454 ORDER 4441 14 15 3 19 1
3454 BLOCK 46 18
3455 ORDER 4442 39 44 76 62 0
3456 ORDER 4443 79 14 27 62 1
3456 BLOCK 70 5
3457 ORDER 4444 29 5 2 9 0
3457 BLOCK 32 26
3458 ORDER 4445 24 48 3 62 2
3459 UNBLOCK 32 20
3459 ORDER 4446 55 48 2 13 2
3460 ORDER 4447 29 21 2 25 0
3460 ORDER 4448 67 5 3 43 0
3461 ORDER 4449 35 6 38 61 1
3462 ORDER 4450 55 23 3 11 0
3463 ORDER 4451 17 11 1 13 0
3464 UNBLOCK 60 29
3464 ORDER 4452 57 8 58 61 1
3464 ORDER 4453 17 9 76 62 0
3464 BLOCK 60 19
3465 ORDER 4454 64 57 3 59 1
3465 ORDER 4455 65 29 2 22 0
3466 ORDER 4456 79 14 9 61 0
3466 BLOCK 33 27
3467 ORDER 4457 72 35 3 44 1
3467 ORDER 4458 27 44 3 28 0
3468 CANCEL 4439
3468 ORDER 4459 56 48 1 48 0
3469 ORDER 4460 73 54 17 62 1
3470 UNBLOCK 70 5
3470 ORDER 4461 63 36 23 61 0
3471 ORDER 4462 49 5 3 42 0
3471 BLOCK 49 56
3472 ORDER 4463 81 9 3 44 0
3473 ORDER 4464 54 30 14 62 1
3473 ORDER 4465 46 39 41 62 0
3473 BLOCK 18 48
3474 ORDER 4466 8 35 3 26 3
3474 BLOCK 28 21
3475 ORDER 4467 83 23 12 62 0
3475 BLOCK 22 33
3476 ORDER 4468 6 6 3 35 0
3476 BLOCK 20 59
3477 ORDER 4469 55 39 79 61 2
3477 ORDER 4470 14 18 1 38 0
3478 ORDER 4471 18 24 31 62 0
3478 BLOCK 77 54
3479 UNBLOCK 5 36
3479 ORDER 4472 35 14 14 62 0
3480 ORDER 4473 11 41 59 62 0
3481 UNBLOCK 8 2
3481 ORDER 4474 82 20 14 61 0
3481 ORDER 4475 53 32 9 62 1
3482 ORDER 4476 40 54 2 33 0
3483 ORDER 4477 84 15 14 62 1
3484 ORDER 4478 83 30 40 62 0
3484 BLOCK 78 47
3485 ORDER 4479 19 51 3 19 2
3485 ORDER 4480 67 23 2 28 2
3486 ORDER 4481 56 27 2 55 0
3487 ORDER 4482 25 29 2 57 1
3488 ORDER 4483 83 27 3 9 0
3489 ORDER 4484 62 30 1 62 1
3490 ORDER 4485 74 24 3 49 3
3491 UNBLOCK 59 26
3491 UNBLOCK 32 26
3491 ORDER 4486 34 17 1 58 0
3491 BLOCK 24 11
3492 ORDER 4487 68 3 2 50 0
3493 ORDER 4488 57 24 2 4 0
3494 ORDER 4489 47 18 1 22 0
3494 ORDER 4490 21 45 2 21 2
3495 ORDER 4491 67 20 2 53 0
3496 ORDER 4492 60 56 48 62 0
3497 ORDER 4493 56 51 1 7 0
3497 ORDER 4494 41 14 46 62 3
3498 UNBLOCK 49 56
3498 ORDER 4495 35 35 8 61 1
3499 ORDER 4496 20 24 43 61 0
3499 ORDER 4497 16 36 2 57 0
3499 BLOCK 51 45
3500 UNBLOCK 55 57
3500 ORDER 4498 18 9 3 39 0
3501 ORDER 4499 17 53 27 61 0
3501 BLOCK 50 56
3502 ORDER 4500 50 6 67 62 0
3502 BLOCK 85 21
3503 ORDER 4501 25 57 3 41 0
3504 ORDER 4502 29 33 48 62 0
3504 ORDER 4503 17 30 1 61 0
3504 BLOCK 45 59
3505 UNBLOCK 46 18
3505 ORDER 4504 6 23 1 57 1
3506 ORDER 4505 28 18 32 62 1
3507 ORDER 4506 11 54 81 62 1
3507 BLOCK 73 44
3508 ORDER 4507 58 45 2 44 0
3508 BLOCK 51 25
3509 UNBLOCK 45 48
3509 ORDER 4508 26 41 3 10 0
3510 ORDER 4509 79 41 2 50 1
3511 ORDER 4510 49 21 3 42 0
3511 ORDER 4511 85 26 41 62 0
3512 ORDER 4512 51 32 2 37 0
3513 ORDER 4513 19 23 61 61 1
3513 BLOCK 33 39
3514 CANCEL 4270
3514 ORDER 4514 67 8 72 62 1
3514 ORDER 4515 52 8 2 6 1
3514 BLOCK 39 51
3515 UNBLOCK 33 27
3515 ORDER 4516 38 26 1 59 0
3515 ORDER 4517 72 38 82 62 0
3516 ORDER 4518 37 5 2 21 0
3516 ORDER 4519 17 38 25 61 0
3516 BLOCK 22 1
3517 ORDER 4520 72 56 3 19 1
3517 ORDER 4521 64 57 42 62 0
3517 BLOCK 24 53
3518 UNBLOCK 51 45
3518 ORDER 4522 38 53 74 61 0
3519 CANCEL 4281
3519 ORDER 4523 9 59 43 61 0
3520 UNBLOCK 60 19
3520 ORDER 4524 52 39 3 52 0
3521 ORDER 4525 16 50 39 62 3
3522 UNBLOCK 83 24
3522 ORDER 4526 59 56 2 51 2
3522 ORDER 4527 61 23 2 37 1
3523 UNBLOCK 28 21
3523 ORDER 4528 39 51 67 62 1
3524 ORDER 4529 42 9 74 61 1
3524 BLOCK 35 50
3525 ORDER 4530 18 47 2 24 1
3525 BLOCK 74 27
3526 ORDER 4531 50 8 2 15 2
3527 CANCEL 4308
3527 UNBLOCK 18 6
3527 ORDER 4532 30 3 1 36 1
3528 ORDER 4533 16 14 2 16 0
3529 ORDER 4534 84 24 3 25 1
3530 ORDER 4535 27 8 2 56 0
3530 BLOCK 52 2
3531 ORDER 4536 75 3 3 51 0
3532 ORDER 4537 31 29 35 62 0
3533 ORDER 4538 63 57 1 52 1
3533 BLOCK 27 5
3534 UNBLOCK 77 54
3534 ORDER 4539 81 47 31 62 0
3534 ORDER 4540 31 56 24 61 1
3535 ORDER 4541 7 39 79 62 0
3535 ORDER 4542 59 21 81 62 2
3536 ORDER 4543 32 44 58 62 0
3536 ORDER 4544 58 56 8 62 0
3536 BLOCK 53 57
3537 ORDER 4545 58 24 44 62 0
3538 UNBLOCK 20 59
3538 ORDER 4546 49 50 87 61 1
3539 ORDER 4547 79 15 1 20 0
3540 ORDER 4548 57 6 25 62 0
3541 ORDER 4549 28 35 65 62 0
3542 ORDER 4550 75 17 65 62 0
3543 ORDER 4551 68 9 3 6 0
3543 ORDER 4552 76 50 2 34 0
3544 ORDER 4553 8 45 55 61 0
3544 ORDER 4554 63 8 29 62 0
3545 ORDER 4555 30 12 3 23 2
3545 ORDER 4556 59 12 1 15 0
3546 ORDER 4557 18 54 55 61 0
3546 ORDER 4558 75 47 3 3 0
3547 UNBLOCK 51 25
3547 ORDER 4559 77 24 21 62 0
3548 UNBLOCK 74 27
3548 ORDER 4560 64 27 41 61 0
3548 BLOCK 38 38
3549 CANCEL 4494
3549 ORDER 4561 34 42 23 61 0
3550 ORDER 4562 61 9 1 35 0
3551 CANCEL 4404
3551 CANCEL 4418
3551 ORDER 4563 47 41 3 39 0
3551 ORDER 4564 49 51 63 61 0
3552 UNBLOCK 73 44
3552 UNBLOCK 39 51
3552 ORDER 4565 19 30 64 62 3
3552 BLOCK 38 54
3553 ORDER 4566 69 6 2 59 1
3554 UNBLOCK 24 11
3554 ORDER 4567 50 3 84 62 0
3554 BLOCK 15 57
3555 CANCEL 4381
3555 ORDER 4568 67 48 2 8 1
3556 ORDER 4569 65 47 11 61 1
3557 ORDER 4570 81 8 3 28 1
3558 ORDER 4571 28 23 16 62 2
3558 BLOCK 13 57
3559 ORDER 4572 29 56 2 49 0
3559 BLOCK 10 15
3560 ORDER 4573 36 51 10 61 1
3560 ORDER 4574 9 9 1 11 0
3560 BLOCK 12 17
3561 CANCEL 4389
3561 ORDER 4575 65 5 82 61 0
3561 ORDER 4576 85 29 1 55 0
3562 ORDER 4577 32 54 50 62 3
3562 ORDER 4578 8 17 76 61 1
3562 BLOCK 23 5
3563 ORDER 4579 66 17 58 62 0
3563 BLOCK 52 9
3564 ORDER 4580 62 5 3 25 2
3564 ORDER 4581 73 42 2 62 0
3565 UNBLOCK 33 39
3565 ORDER 4582 17 51 82 62 1
3566 ORDER 4583 43 54 37 62 2
3566 ORDER 4584 68 38 43 62 0
3567 ORDER 4585 67 17 1 9 1
3567 ORDER 4586 16 39 2 60 0
3568 ORDER 4587 42 15 76 62 0
3569 ORDER 4588 49 26 1 38 1
3570 UNBLOCK 18 48
3570 ORDER 4589 44 30 1 53 2
3571 UNBLOCK 50 56
3571 ORDER 4590 12 24 49 62 0
3572 ORDER 4591 20 57 67 61 0
3572 ORDER 4592 48 54 2 31 0
3573 ORDER 4593 78 56 3 28 3
3573 ORDER 4594 50 45 3 44 1
3574 ORDER 4595 23 42 68 62 0
3575 UNBLOCK 22 33
3575 UNBLOCK 45 59
3575 ORDER 4596 34 30 2 8 0
3575 ORDER 4597 9 23 13 61 0
3576 ORDER 4598 39 59 2 33 0
3576 ORDER 4599 62 57 32 62 1
3576 BLOCK 64 56
3577 UNBLOCK 24 53
3577 UNBLOCK 27 5
3577 ORDER 4600 56 26 2 38 0
3577 BLOCK 58 3
3578 ORDER 4601 55 5 6 62 0
3578 BLOCK 57 35
3579 ORDER 4602 44 3 54 61 2
3580 ORDER 4603 57 12 31 62 0
3580 ORDER 4604 80 8 5 61 1
3580 BLOCK 35 54
3581 ORDER 4605 12 27 2 39 3
3581 ORDER 4606 55 41 3 27 0
3582 ORDER 4607 43 45 31 62 1
3583 UNBLOCK 78 47
3583 ORDER 4608 27 45 78 62 0
3584 ORDER 4609 53 11 3 2 1
3585 ORDER 4610 56 5 61 61 2
3586 UNBLOCK 22 1
3586 ORDER 4611 25 45 2 53 2
3586 ORDER 4612 6 35 2 42 0
3587 ORDER 4613 73 17 1 22 0
3588 ORDER 4614 20 11 64 61 0
3589 ORDER 4615 74 47 2 31 0
3590 ORDER 4616 56 17 3 14 0
3590 ORDER 4617 77 35 3 42 0
3590 BLOCK 50 42
3591 CANCEL 4534
3591 ORDER 4618 67 50 3 47 0
3592 ORDER 4619 55 5 41 61 1
3593 ORDER 4620 67 27 29 62 3
3594 UNBLOCK 35 50
3594 ORDER 4621 18 33 63 62 0
3594 BLOCK 35 1
3595 UNBLOCK 85 21
3595 ORDER 4622 10 9 69 61 0
3596 ORDER 4623 36 44 43 62 0
3596 ORDER 4624 39 5 2 35 0
3597 ORDER 4625 60 45 41 61 0
3598 ORDER 4626 10 6 2 35 1
3599 ORDER 4627 50 56 13 61 0
3600 ORDER 4628 14 41 77 61 0
3601 UNBLOCK 53 57
3601 ORDER 4629 39 3 63 61 1
3601 ORDER 4630 6 47 61 61 0
3602 ORDER 4631 76 35 1 38 2
3603 ORDER 4632 45 17 2 19 1
3604 ORDER 4633 27 3 2 31 1
3604 BLOCK 15 23
3605 ORDER 4634 57 5 42 62 0
3606 ORDER 4635 69 26 81 61 1
3607 UNBLOCK 52 2
3607 ORDER 4636 37 39 74 62 0
3608 ORDER 4637 33 15 16 61 0
3609 ORDER 4638 52 41 3 20 1
3610 UNBLOCK 35 1
3610 ORDER 4639 67 44 24 61 0
3610 ORDER 4640 43 14 1 17 2
3611 UNBLOCK 64 56
3611 ORDER 4641 55 32 2 14 1
3611 ORDER 4642 44 39 63 62 0
3611 BLOCK 65 48
3612 ORDER 4643 82 40 24 62 0
3613 ORDER 4644 85 8 3 61 0
3614 CANCEL 4498
3614 ORDER 4645 9 24 1 47 1
3614 BLOCK 43 12
3615 UNBLOCK 12 17
3615 ORDER 4646 82 48 3 28 1
3616 ORDER 4647 24 56 70 62 0
3616 ORDER 4648 85 33 1 43 0
3617 UNBLOCK 15 57
3617 ORDER 4649 82 18 2 28 0
3618 ORDER 4650 18 38 2 5 0
3619 ORDER 4651 14 21 69 62 1
3620 ORDER 4652 83 18 2 54 1
3621 ORDER 4653 10 17 78 61 1
3622 ORDER 4654 24 59 1 13 0
3623 ORDER 4655 34 8 1 4 2
3624 ORDER 4656 25 6 22 62 0
3625 ORDER 4657 47 33 51 62 0
3625 ORDER 4658 19 23 3 10 0
3625 BLOCK 70 38
3626 ORDER 4659 82 48 26 61 1
3626 BLOCK 19 18
3627 ORDER 4660 32 53 3 56 0
3628 UNBLOCK 65 48
3628 ORDER 4661 79 48 2 61 1
3628 BLOCK 73 30
3629 ORDER 4662 11 45 2 57 0
3630 UNBLOCK 57 35
3630 ORDER 4663 63 15 1 7 0
3631 ORDER 4664 77 21 79 62 0
3632 UNBLOCK 35 54
3632 ORDER 4665 73 53 36 62 2
3632 ORDER 4666 10 5 16 62 2
3633 UNBLOCK 10 15
3633 ORDER 4667 25 32 1 33 0
3634 UNBLOCK 13 57
3634 ORDER 4668 70 36 11 61 0
3635 ORDER 4669 76 32 3 30 0
3635 ORDER 4670 70 44 2 12 0
3636 ORDER 4671 43 18 3 11 0
3636 ORDER 4672 85 9 1 6 0
3637 ORDER 4673 45 3 1 1 0
3637 ORDER 4674 10 44 3 54 0
3638 ORDER 4675 36 32 2 55 2
3638 BLOCK 80 3
3639 UNBLOCK 38 38
3639 UNBLOCK 38 54
3639 ORDER 4676 17 44 1 49 2
3640 ORDER 4677 8 42 12 62 0
3641 UNBLOCK 70 38
3641 ORDER 4678 17 24 2 20 1
3642 ORDER 4679 24 54 28 61 1
3642 BLOCK 15 27
3643 UNBLOCK 52 9
3643 ORDER 4680 19 18 3 22 0
3643 ORDER 4681 55 5 1 50 0
3644 ORDER 4682 40 57 1 11 0
3645 ORDER 4683 56 20 1 10 3
3645 ORDER 4684 21 21 1 10 0
3646 ORDER 4685 27 54 2 12 0
3647 ORDER 4686 37 55 2 36 0
3648 ORDER 4687 57 50 74 62 0
3648 ORDER 4688 66 29 51 61 0
3649 CANCEL 4623
3649 ORDER 4689 22 38 2 8 0
3649 ORDER 4690 77 33 3 20 1
3650 ORDER 4691 25 11 3 59 1
3651 UNBLOCK 58 3
3651 ORDER 4692 10 21 86 61 0
3652 CANCEL 4588
3652 ORDER 4693 45 6 75 61 2
3653 CANCEL 4537
3653 ORDER 4694 51 12 2 30 0
3654 ORDER 4695 32 5 76 62 0
3655 ORDER 4696 66 5 75 62 0
3655 ORDER 4697 26 18 22 61 0
3656 ORDER 4698 74 26 3 51 0
3657 UNBLOCK 23 5
3657 ORDER 4699 45 21 1 1 2
3657 ORDER 4700 29 41 2 49 1
3658 UNBLOCK 19 18
3658 ORDER 4701 7 38 76 61 0
3659 ORDER 4702 25 30 1 25 0
3660 ORDER 4703 65 48 2 37 0
3660 BLOCK 78 50
3661 ORDER 4704 27 11 52 61 0
3662 ORDER 4705 59 29 2 62 0
3663 ORDER 4706 46 5 1 29 0
3663 BLOCK 18 35
3664 ORDER 4707 51 32 16 61 1
3664 ORDER 4708 56 21 84 62 1
3665 ORDER 4709 26 21 3 1 0
3666 ORDER 4710 11 20 3 25 0
3666 ORDER 4711 84 18 9 62 2
3667 ORDER 4712 22 26 72 61 0
3667 BLOCK 84 44
3668 ORDER 4713 21 51 1 53 1
3668 BLOCK 46 30
3669 ORDER 4714 56 3 1 47 0
3670 ORDER 4715 42 37 3 8 2
3670 BLOCK 44 10
3671 ORDER 4716 68 6 73 61 0
3672 ORDER 4717 59 54 3 6 0
3672 BLOCK 82 38
3673 ORDER 4718 17 59 50 61 0
3673 BLOCK 60 62
3674 UNBLOCK 50 42
3674 ORDER 4719 46 21 85 61 3
3675 ORDER 4720 73 15 42 61 0
3676 UNBLOCK 43 12
3676 UNBLOCK 80 3
3676 ORDER 4721 11 39 1 37 0
3677 ORDER 4722 40 27 79 62 0
3677 ORDER 4723 52 44 3 44 0
3678 ORDER 4724 65 59 3 10 2
3678 ORDER 4725 23 42 3 47 0
3679 ORDER 4726 60 23 2 33 0
3680 CANCEL 4507
3680 ORDER 4727 66 32 1 39 1
3680 ORDER 4728 56 35 2 37 1
3681 ORDER 4729 47 23 27 61 0
3681 BLOCK 27 56
3682 UNBLOCK 73 30
3682 CANCEL 4726
3682 ORDER 4730 75 5 2 24 0
3683 ORDER 4731 70 36 3 29 2
3683 BLOCK 59 59
3684 ORDER 4732 6 21 2 60 0
3684 BLOCK 83 42
3685 ORDER 4733 32 26 3 23 0
3686 CANCEL 4661
3686 ORDER 4734 71 57 84 62 0
3686 BLOCK 78 47
3687 CANCEL 4650
3687 ORDER 4735 14 47 2 39 0
3688 UNBLOCK 15 27
3688 ORDER 4736 35 20 37 61 1
3688 ORDER 4737 58 21 88 62 0
3689 ORDER 4738 18 29 2 41 1
3690 ORDER 4739 37 15 1 29 1
3690 ORDER 4740 79 14 2 10 0
3691 ORDER 4741 69 23 2 18 0
3691 ORDER 4742 15 38 61 61 0
3692 ORDER 4743 65 32 18 62 0
3693 ORDER 4744 58 29 32 61 1
3693 BLOCK 5 12
3694 ORDER 4745 49 47 1 13 0
3694 ORDER 4746 9 15 2 50 0
3695 UNBLOCK 15 23
3695 ORDER 4747 57 8 3 32 1
3696 ORDER 4748 79 36 1 27 0
3697 ORDER 4749 50 28 2 50 0
3697 ORDER 4750 8 14 30 62 0
3698 ORDER 4751 36 59 1 48 0
3699 ORDER 4752 27 23 1 7 2
3699 ORDER 4753 51 47 2 14 0
3700 ORDER 4754 37 20 81 62 0
3700 ORDER 4755 82 48 47 61 0
3701 ORDER 4756 21 53 19 61 0
3702 ORDER 4757 35 47 1 51 2
3703 ORDER 4758 17 51 1 46 0
3704 ORDER 4759 30 5 2 32 0
3704 ORDER 4760 35 14 19 61 1
3705 ORDER 4761 76 17 1 53 1
3706 UNBLOCK 27 56
3706 ORDER 4762 12 54 2 29 0
3707 UNBLOCK 84 44
3707 ORDER 4763 6 45 3 43 1
3708 ORDER 4764 27 50 30 61 1
3708 ORDER 4765 26 45 70 61 1
3709 ORDER 4766 19 44 2 28 0
3709 BLOCK 9 15
3710 UNBLOCK 78 47
3710 ORDER 4767 25 47 31 62 0
3711 ORDER 4768 9 53 45 62 0
3712 ORDER 4769 83 18 3 46 0
3713 ORDER 4770 33 8 1 44 0
3714 UNBLOCK 60 62
3714 ORDER 4771 69 5 48 62 3
3715 ORDER 4772 28 6 3 27 1
3716 ORDER 4773 16 38 58 61 0
3717 ORDER 4774 77 3 88 61 3
3717 ORDER 4775 31 3 1 19 0
3718 ORDER 4776 21 56 3 34 0
3718 BLOCK 59 18
3719 ORDER 4777 67 42 1 46 0
3719 BLOCK 82 14
3720 ORDER 4778 56 29 2 60 0
3720 ORDER 4779 16 27 65 62 1
3721 ORDER 4780 9 48 3 5 3
3722 ORDER 4781 59 6 54 62 1
3723 ORDER 4782 29 54 79 62 0
3723 ORDER 4783 11 6 73 62 1
3723 BLOCK 64 57
3724 ORDER 4784 15 32 6 61 1
3725 UNBLOCK 59 59
3725 ORDER 4785 73 3 13 62 0
3726 UNBLOCK 83 42
3726 ORDER 4786 25 11 3 3 0
3727 ORDER 4787 19 30 2 23 3
3728 ORDER 4788 51 12 20 61 0
3729 ORDER 4789 36 33 1 1 0
3729 ORDER 4790 6 33 68 62 1
3730 ORDER 4791 26 6 85 61 0
3731 ORDER 4792 20 8 1 54 1
3732 ORDER 4793 64 51 39 61 1
3732 ORDER 4794 34 56 9 62 1
3733 UNBLOCK 18 35
3733 ORDER 4795 16 41 2 20 1
3734 ORDER 4796 80 53 2 29 1
3734 ORDER 4797 85 23 36 62 3
3735 ORDER 4798 11 36 3 43 0
3735 ORDER 4799 26 48 2 57 0
3736 ORDER 4800 24 15 3 45 2
3737 ORDER 4801 38 36 1 14 1
3738 ORDER 4802 17 5 2 35 0
3738 BLOCK 35 29
3739 UNBLOCK 78 50
3739 UNBLOCK 82 38
3739 ORDER 4803 80 27 1 16 1
3740 ORDER 4804 50 32 39 62 2
3741 ORDER 4805 50 13 1 41 0
3741 ORDER 4806 84 56 38 61 0
3742 ORDER 4807 47 18 72 61 0
3742 BLOCK 19 32
3743 ORDER 4808 63 27 1 44 0
3743 ORDER 4809 38 36 32 61 0
3744 UNBLOCK 9 15
3744 ORDER 4810 60 35 2 53 1
3744 ORDER 4811 56 24 46 61 1
3745 ORDER 4812 57 15 71 62 3
3745 BLOCK 61 41
3746 ORDER 4813 75 12 1 7 0
3746 BLOCK 10 30
3747 UNBLOCK 64 57
3747 ORDER 4814 10 51 1 42 1
3747 BLOCK 79 5
3748 ORDER 4815 46 50 37 61 2
3748 ORDER 4816 10 38 60 62 0
3749 ORDER 4817 38 53 76 62 0
3750 ORDER 4818 38 29 21 61 1
3751 ORDER 4819 76 8 36 61 1
3752 ORDER 4820 44 20 1 33 0
3752 ORDER 4821 83 23 2 20 0
3752 BLOCK 24 47
3753 ORDER 4822 20 5 2 33 0
3754 UNBLOCK 46 30
3754 UNBLOCK 44 10
3754 ORDER 4823 65 20 3 39 0
3754 BLOCK 21 47
3755 ORDER 4824 8 9 2 57 0
3755 ORDER 4825 48 51 11 62 1
3755 BLOCK 41 35
3756 ORDER 4826 68 44 41 61 0
3756 ORDER 4827 10 23 3 6 0
3756 BLOCK 22 53
3757 ORDER 4828 80 20 1 45 0
3758 ORDER 4829 82 42 2 9 3
3759 ORDER 4830 72 11 2 31 1
3759 ORDER 4831 75 6 38 62 0
3760 ORDER 4832 23 37 71 61 2
3761 ORDER 4833 76 35 68 61 1
3762 UNBLOCK 24 47
3762 ORDER 4834 15 36 3 54 0
3763 ORDER 4835 12 50 1 30 1
3763 ORDER 4836 66 39 2 37 1
3764 ORDER 4837 37 56 3 30 0
3764 ORDER 4838 75 39 2 14 1
3765 ORDER 4839 66 57 38 62 0
3766 ORDER 4840 35 32 2 45 0
3767 ORDER 4841 11 18 34 62 1
3767 BLOCK 38 24
3768 ORDER 4842 75 15 1 46 1
3768 ORDER 4843 41 59 18 61 1
3769 ORDER 4844 25 8 1 56 0
3769 ORDER 4845 8 8 2 21 1
3770 ORDER 4846 24 54 22 61 0
3771 ORDER 4847 80 42 50 62 0
3772 CANCEL 4811
3772 ORDER 4848 6 44 1 46 0
3773 ORDER 4849 30 59 3 36 0
3773 ORDER 4850 29 59 2 40 0
3773 BLOCK 56 38
3774 ORDER 4851 10 8 17 62 0
3775 ORDER 4852 55 54 1 7 0
3775 ORDER 4853 36 27 13 62 1
3776 ORDER 4854 61 57 57 62 2
3777 CANCEL 4621
3777 ORDER 4855 29 9 2 10 0
3777 ORDER 4856 27 59 56 62 0
3778 UNBLOCK 82 14
3778 ORDER 4857 28 15 59 61 0
3779 ORDER 4858 8 45 1 34 0
3780 ORDER 4859 57 17 1 17 3
3780 ORDER 4860 13 53 1 36 1
3781 ORDER 4861 36 5 2 61 0
3782 ORDER 4862 68 51 1 43 1
3783 ORDER 4863 28 51 3 6 0
3784 ORDER 4864 84 24 3 34 2
3785 UNBLOCK 19 32
3785 ORDER 4865 74 57 59 61 1
3786 UNBLOCK 10 30
3786 ORDER 4866 55 18 3 8 0
3786 ORDER 4867 18 21 75 62 0
3786 BLOCK 8 59
3787 ORDER 4868 7 53 85 61 0
3788 ORDER 4869 24 42 47 61 0
3789 UNBLOCK 21 47
3789 ORDER 4870 70 27 86 61 0
3789 ORDER 4871 8 8 83 62 1
3789 BLOCK 50 45
3790 UNBLOCK 5 12
3790 ORDER 4872 76 14 39 61 2
3790 ORDER 4873 65 50 3 10 2
3791 ORDER 4874 8 38 3 19 1
3791 ORDER 4875 12 53 10 61 0
3792 ORDER 4876 6 35 2 59 0
3792 BLOCK 35 14
3793 ORDER 4877 48 41 70 62 0
3794 UNBLOCK 79 5
3794 ORDER 4878 18 11 71 61 0
3794 ORDER 4879 16 29 41 61 1
3795 CANCEL 4727
3795 UNBLOCK 56 38
3795 ORDER 4880 57 56 71 62 1
3796 ORDER 4881 80 42 45 61 2
3797 ORDER 4882 15 15 1 10 1
3798 ORDER 4883 78 38 18 62 2
3799 ORDER 4884 14 44 38 62 1
3800 UNBLOCK 35 29
3800 ORDER 4885 73 3 3 39 0
3800 BLOCK 12 41
3801 ORDER 4886 61 20 2 5 2
3801 ORDER 4887 68 45 6 61 0
3802 CANCEL 4787
3802 ORDER 4888 7 18 2 19 2
3803 ORDER 4889 41 24 1 25 0
3803 ORDER 4890 19 8 71 62 1
3803 BLOCK 33 47
3804 ORDER 4891 12 33 65 61 0
3804 ORDER 4892 70 39 2 15 3
3804 BLOCK 51 3
3805 ORDER 4893 15 33 38 62 0
3806 ORDER 4894 45 20 2 8 2
3806 ORDER 4895 76 47 1 2 0
3807 ORDER 4896 50 45 38 62 0
3808 ORDER 4897 35 39 8 61 0
3809 ORDER 4898 42 30 53 62 0
3809 ORDER 4899 35 26 2 54 0
3810 ORDER 4900 69 33 2 6 0
3811 ORDER 4901 26 3 3 57 3
3811 ORDER 4902 17 12 1 42 0
3812 ORDER 4903 38 14 38 61 0
3812 ORDER 4904 18 35 2 34 0
3813 ORDER 4905 6 18 1 43 0
3813 ORDER 4906 46 44 2 34 0
3814 ORDER 4907 28 9 47 61 0
3814 BLOCK 6 24
3815 ORDER 4908 25 48 1 35 0
3816 ORDER 4909 17 45 79 61 1
3817 UNBLOCK 59 18
3817 UNBLOCK 61 41
3817 ORDER 4910 6 30 1 14 0
3818 ORDER 4911 16 57 3 8 0
3819 ORDER 4912 27 18 34 62 0
3820 ORDER 4913 74 36 2 32 0
3821 UNBLOCK 41 35
3821 ORDER 4914 82 21 30 62 3
3821 CANCEL 104914
3821 BLOCK 85 2
3822 ORDER 4915 17 36 62 62 2
3822 BLOCK 25 6
3823 UNBLOCK 8 59
3823 ORDER 4916 9 48 1 16 0
3824 ORDER 4917 66 18 39 62 0
3825 ORDER 4918 21 57 3 34 0
3825 BLOCK 61 15
3826 ORDER 4919 39 12 57 61 1
3827 ORDER 4920 43 42 2 6 3
3828 UNBLOCK 22 53
3828 ORDER 4921 7 20 1 35 2
3829 ORDER 4922 36 57 55 61 0
3829 ORDER 4923 8 5 2 5 3
3829 BLOCK 51 26
3830 ORDER 4924 25 41 70 62 1
3830 BLOCK 68 32
3831 ORDER 4925 67 48 41 61 0
3832 ORDER 4926 76 41 2 33 0
3832 BLOCK 21 57
3833 ORDER 4927 60 54 3 48 0
3834 UNBLOCK 6 24
3834 ORDER 4928 18 44 25 62 0
3834 ORDER 4929 35 32 1 62 0
3834 BLOCK 55 47
3835 ORDER 4930 11 15 1 3 2
3835 ORDER 4931 75 36 4 62 0
3836 ORDER 4932 73 53 2 36 0
3836 ORDER 4933 9 3 2 41 0
3837 ORDER 4934 10 30 1 58 0
3838 ORDER 4935 57 53 2 38 0
3838 ORDER 4936 28 36 35 61 0
3839 UNBLOCK 38 24
3839 ORDER 4937 45 45 3 12 3
3839 ORDER 4938 70 36 3 11 3
3840 ORDER 4939 60 44 2 3 0
3840 CANCEL 104939
3841 ORDER 4940 42 18 1 1 1
3841 BLOCK 17 27
3842 ORDER 4941 21 23 16 62 3
3843 ORDER 4942 59 23 3 53 0
3843 ORDER 4943 84 38 1 39 0
3844 ORDER 4944 58 26 2 9 0
3844 ORDER 4945 20 47 27 61 0
3845 ORDER 4946 45 36 1 28 0
3846 ORDER 4947 22 56 14 61 1
3847 ORDER 4948 36 33 66 61 0
3848 ORDER 4949 70 47 2 17 1
3849 UNBLOCK 68 32
3849 ORDER 4950 39 54 40 62 1
3850 ORDER 4951 26 14 9 61 0
3850 BLOCK 26 29
3851 ORDER 4952 14 47 21 61 0
3852 ORDER 4953 47 57 1 41 0
3853 ORDER 4954 53 35 3 39 1
3853 ORDER 4955 43 30 1 38 0
3854 ORDER 4956 35 20 2 12 2
3854 BLOCK 68 21
3855 ORDER 4957 56 30 2 59 0
3856 CANCEL 4757
3856 ORDER 4958 44 51 51 61 3
3857 UNBLOCK 50 45
3857 ORDER 4959 15 8 81 61 1
3858 ORDER 4960 80 51 1 61 1
3858 BLOCK 61 28
3859 ORDER 4961 53 51 3 13 2
3860 ORDER 4962 8 50 74 61 3
3860 ORDER 4963 67 3 77 62 2
3861 UNBLOCK 33 47
3861 ORDER 4964 78 9 3 30 0
3862 ORDER 4965 80 41 3 30 0
3863 ORDER 4966 46 45 2 42 0
3863 ORDER 4967 61 9 1 35 1
3863 BLOCK 82 50
3864 ORDER 4968 39 12 50 61 1
3864 ORDER 4969 8 20 72 62 0
3864 BLOCK 56 61
3865 ORDER 4970 75 30 78 61 1
3866 CANCEL 4908
3866 ORDER 4971 30 54 3 54 0
3867 ORDER 4972 77 29 3 23 2
3868 ORDER 4973 46 53 34 61 0
3868 ORDER 4974 60 38 1 35 1
3869 ORDER 4975 59 56 4 61 1
3870 ORDER 4976 71 50 59 61 0
3871 UNBLOCK 51 3
3871 UNBLOCK 61 28
3871 ORDER 4977 15 33 39 62 0
3872 UNBLOCK 85 2
3872 ORDER 4978 61 42 1 54 0
3873 ORDER 4979 80 38 71 61 1
3873 ORDER 4980 76 32 1 42 0
3874 ORDER 4981 19 42 25 61 0
3875 ORDER 4982 31 24 1 44 0
3875 BLOCK 85 21
3876 UNBLOCK 25 6
3876 ORDER 4983 65 21 48 62 2
3877 UNBLOCK 35 14
3877 ORDER 4984 10 12 1 24 2
3877 ORDER 4985 64 27 1 52 0
3878 ORDER 4986 29 33 2 21 1
3878 ORDER 4987 73 42 66 61 3
3879 ORDER 4988 38 24 1 9 0
3880 ORDER 4989 82 53 53 61 1
3880 ORDER 4990 80 6 44 61 0
3881 ORDER 4991 35 45 3 10 1
3881 ORDER 4992 74 39 3 60 0
3882 ORDER 4993 71 20 1 61 0
3882 BLOCK 57 17
3883 ORDER 4994 11 47 1 9 0
3883 ORDER 4995 47 39 2 50 0
3883 BLOCK 47 26
3884 ORDER 4996 43 9 3 61 2
3884 ORDER 4997 67 38 26 62 1
3885 ORDER 4998 17 36 83 62 0
3886 ORDER 4999 71 15 75 62 0
3886 BLOCK 63 47
3887 ORDER 5000 24 6 33 61 2
3888 ORDER 5001 33 38 1 4 0
3888 ORDER 5002 18 5 1 16 0
3888 BLOCK 68 2
3889 ORDER 5003 20 12 3 17 2
3890 ORDER 5004 26 42 61 62 1
3890 ORDER 5005 35 14 2 58 1
3891 ORDER 5006 84 21 33 61 0
3891 ORDER 5007 65 23 3 49 0
3892 UNBLOCK 68 21
3892 ORDER 5008 18 29 3 42 2
3893 UNBLOCK 82 50
3893 ORDER 5009 20 9 3 8 0
3894 ORDER 5010 74 53 2 16 0
3895 UNBLOCK 26 29
3895 ORDER 5011 20 18 60 62 1
3896 ORDER 5012 26 26 13 62 0
3897 ORDER 5013 65 5 72 62 0
3897 ORDER 5014 53 42 57 62 0
3898 ORDER 5015 83 33 60 62 0
3898 BLOCK 72 13
3899 UNBLOCK 12 41
3899 UNBLOCK 61 15
3899 ORDER 5016 55 53 40 61 0
3900 UNBLOCK 21 57
3900 ORDER 5017 23 42 24 62 3
3901 ORDER 5018 61 33 1 57 0
3901 ORDER 5019 75 6 1 32 0
3902 ORDER 5020 60 44 3 58 2
3902 ORDER 5021 27 8 54 61 0
3902 BLOCK 12 40
3903 ORDER 5022 14 41 3 58 0
3904 ORDER 5023 28 17 1 58 0
3904 BLOCK 51 27
3905 ORDER 5024 70 36 58 61 0
3905 ORDER 5025 21 45 1 2 2
3906 ORDER 5026 46 5 3 7 0
3907 CANCEL 4850
3907 ORDER 5027 56 27 2 26 2
3907 BLOCK 11 20
3908 ORDER 5028 22 45 2 43 1
3909 ORDER 5029 69 54 11 62 0
3910 ORDER 5030 45 27 43 62 2
3911 ORDER 5031 33 17 1 28 0
3912 ORDER 5032 78 11 10 62 0
3912 BLOCK 49 42
3913 ORDER 5033 7 15 2 10 0
3914 ORDER 5034 65 3 78 62 0
3914 ORDER 5035 38 3 3 29 0
3915 ORDER 5036 84 23 3 36 1
3915 ORDER 5037 30 56 5 62 1
3916 ORDER 5038 29 11 54 62 1
3916 BLOCK 85 11
3917 ORDER 5039 26 5 1 21 0
3918 ORDER 5040 57 56 30 61 1
3919 ORDER 5041 39 33 16 61 1
3919 BLOCK 78 36
3920 UNBLOCK 55 47
3920 ORDER 5042 27 12 3 43 1
3920 ORDER 5043 69 12 2 29 2
3921 ORDER 5044 14 21 3 7 2
3922 ORDER 5045 40 27 58 61 0
3922 ORDER 5046 7 17 51 62 0
3923 UNBLOCK 51 26
3923 ORDER 5047 84 6 63 62 0
3923 BLOCK 77 53
3924 ORDER 5048 18 42 86 61 2
3924 ORDER 5049 34 54 2 37 1
3925 ORDER 5050 50 33 48 62 0
3925 BLOCK 6 29
3926 ORDER 5051 63 42 3 52 0
3926 ORDER 5052 20 6 2 45 0
3927 ORDER 5053 76 3 2 20 1
3927 ORDER 5054 69 59 47 62 1
3928 ORDER 5055 67 38 2 2 1
3929 UNBLOCK 56 61
3929 ORDER 5056 74 45 3 54 0
3930 UNBLOCK 17 27
3930 UNBLOCK 47 26
3930 ORDER 5057 82 41 57 62 1
3931 UNBLOCK 72 13
3931 ORDER 5058 40 47 2 50 3
3931 BLOCK 47 59
3932 ORDER 5059 55 21 59 62 1
3932 ORDER 5060 21 57 68 61 0
3933 UNBLOCK 85 11
3933 UNBLOCK 78 36
3933 ORDER 5061 68 33 3 13 1
3933 ORDER 5062 16 11 3 45 0
3934 ORDER 5063 75 15 1 2 0
3935 UNBLOCK 12 40
3935 ORDER 5064 15 9 1 52 0
3935 ORDER 5065 7 36 66 62 2
3935 BLOCK 79 2
3936 ORDER 5066 9 53 26 61 0
3937 ORDER 5067 7 24 3 46 2
3938 UNBLOCK 57 17
3938 ORDER 5068 69 54 21 62 0
3939 ORDER 5069 67 30 18 61 1
3939 ORDER 5070 63 42 1 47 0
3940 UNBLOCK 85 21
3940 ORDER 5071 68 15 83 62 2
3940 ORDER 5072 34 27 14 61 0
3941 ORDER 5073 32 30 3 4 1
3941 ORDER 5074 6 15 3 8 1
3942 ORDER 5075 73 17 7 62 1
3943 ORDER 5076 77 32 16 61 0
3943 ORDER 5077 36 32 1 28 0
3943 BLOCK 25 53
3944 UNBLOCK 11 20
3944 ORDER 5078 40 45 64 62 1
3944 BLOCK 50 50
3945 ORDER 5079 79 8 23 62 0
3945 ORDER 5080 79 56 2 28 0
3946 UNBLOCK 6 29
3946 ORDER 5081 81 9 2 45 0
3946 ORDER 5082 67 50 2 10 3
3947 ORDER 5083 15 30 2 37 0
3948 ORDER 5084 66 18 5 61 0
3948 ORDER 5085 66 14 11 61 0
3949 UNBLOCK 51 27
3949 ORDER 5086 6 53 42 61 3
3950 UNBLOCK 63 47
3950 UNBLOCK 47 59
3950 ORDER 5087 7 35 3 31 0
3951 ORDER 5088 15 9 2 62 1
3951 ORDER 5089 77 8 1 25 0
3952 ORDER 5090 45 8 73 62 0
3952 ORDER 5091 42 41 52 61 1
3952 BLOCK 28 38
3953 CANCEL 4887
3953 ORDER 5092 18 24 64 62 0
3954 ORDER 5093 11 21 18 62 3
3955 ORDER 5094 16 39 79 62 0
3955 BLOCK 14 6
3956 ORDER 5095 37 53 30 61 0
3956 BLOCK 45 54
3957 ORDER 5096 67 21 57 62 0
3957 ORDER 5097 84 35 1 58 0
3958 ORDER 5098 42 33 60 62 0
3959 ORDER 5099 62 57 1 29 0
3960 UNBLOCK 25 53
3960 ORDER 5100 34 30 11 62 0
3960 BLOCK 8 42
3961 ORDER 5101 67 3 59 62 0
3961 ORDER 5102 26 50 56 62 0
3961 BLOCK 26 6
3962 UNBLOCK 68 2
3962 ORDER 5103 59 29 3 24 0
3962 ORDER 5104 11 14 51 61 0
3963 ORDER 5105 53 44 82 62 1
3963 ORDER 5106 67 56 2 5 0
3964 ORDER 5107 55 50 2 15 0
3965 ORDER 5108 65 14 71 61 0
3965 BLOCK 34 45
3966 ORDER 5109 32 3 3 22 0
3967 ORDER 5110 10 24 58 62 1
3967 ORDER 5111 55 29 71 61 0
3968 ORDER 5112 7 18 84 62 1
3968 ORDER 5113 23 56 75 62 0
3969 ORDER 5114 16 23 17 62 0
3970 UNBLOCK 77 53
3970 ORDER 5115 18 53 39 62 0
3970 BLOCK 32 40
3971 ORDER 5116 24 20 36 62 0
3971 ORDER 5117 74 18 1 62 2
3972 ORDER 5118 74 9 55 61 0
3973 ORDER 5119 40 29 24 61 0
3973 ORDER 5120 32 11 27 62 0
3974 ORDER 5121 44 32 18 61 0
3975 ORDER 5122 28 9 2 50 0
3976 ORDER 5123 28 27 21 62 0
3977 ORDER 5124 75 21 40 62 0
3978 ORDER 5125 66 23 60 61 1
3978 BLOCK 66 24
3979 UNBLOCK 34 45
3979 ORDER 5126 17 56 2 23 0
3980 ORDER 5127 43 39 2 46 1
3980 ORDER 5128 55 41 3 44 0
3980 BLOCK 7 44
3981 ORDER 5129 37 38 1 23 3
3981 ORDER 5130 37 23 1 17 1
3982 UNBLOCK 79 2
3982 ORDER 5131 37 3 13 62 2
3983 ORDER 5132 6 21 65 61 0
3984 UNBLOCK 26 6
3984 ORDER 5133 71 58 1 13 0
3985 UNBLOCK 28 38
3985 CANCEL 5116
3985 ORDER 5134 37 38 2 19 0
3986 ORDER 5135 36 17 1 26 1
3987 ORDER 5136 58 59 1 15 1
3988 ORDER 5137 78 33 76 62 0
3989 ORDER 5138 77 30 1 56 3
3990 ORDER 5139 33 54 54 62 0
3990 ORDER 5140 15 50 2 6 0
3990 BLOCK 72 60
3991 ORDER 5141 7 30 1 41 1
3992 ORDER 5142 38 53 3 27 0
3992 ORDER 5143 57 53 1 39 0
3993 ORDER 5144 36 47 3 14 1
3993 BLOCK 55 48
3994 ORDER 5145 36 57 2 37 0
3994 ORDER 5146 66 30 1 6 0
3995 ORDER 5147 79 35 1 31 0
3996 ORDER 5148 58 12 1 5 0
3996 ORDER 5149 16 42 57 62 0
3997 ORDER 5150 80 42 19 61 1
3998 ORDER 5151 36 23 2 57 0
3999 ORDER 5152 17 15 55 62 0
3999 ORDER 5153 56 30 49 62 0
4000 ORDER 5154 16 15 62 61 0
4001 ORDER 5155 10 17 7 61 1
4002 UNBLOCK 49 42
4002 ORDER 5156 28 41 3 33 0
4002 ORDER 5157 61 33 35 62 1
4002 BLOCK 72 18
4003 ORDER 5158 73 18 75 62 1
4004 ORDER 5159 69 30 18 62 0
4005 ORDER 5160 38 54 1 28 0
4005 ORDER 5161 84 21 32 61 3
4006 ORDER 5162 17 15 3 58 2
4007 CANCEL 4985
4007 UNBLOCK 55 48
4007 ORDER 5163 59 42 1 39 0
4007 BLOCK 28 47
4008 ORDER 5164 78 48 82 62 1
4009 UNBLOCK 50 50
4009 ORDER 5165 60 52 1 61 2
4009 ORDER 5166 81 20 2 31 1
4010 ORDER 5167 36 33 1 5 2
4010 ORDER 5168 20 6 1 55 0
4011 ORDER 5169 27 32 47 61 2
4012 UNBLOCK 66 24
4012 ORDER 5170 40 53 49 62 2
4012 ORDER 5171 7 59 31 61 2
4013 ORDER 5172 21 57 1 10 0
4014 ORDER 5173 62 20 31 61 2
4014 ORDER 5174 54 45 49 61 2
4014 BLOCK 34 54
4015 ORDER 5175 36 14 76 61 2
4015 ORDER 5176 8 26 67 62 0
4016 CANCEL 5065
4016 ORDER 5177 76 20 35 61 0
4017 ORDER 5178 85 48 49 62 0
4018 CANCEL 5087
4018 ORDER 5179 77 35 2 26 1
4019 UNBLOCK 8 42
4019 ORDER 5180 66 29 3 29 1
4019 BLOCK 70 39
4020 ORDER 5181 11 44 86 61 0
4020 BLOCK 42 38
4021 ORDER 5182 75 15 73 61 1
4021 ORDER 5183 74 53 8 62 0
4022 ORDER 5184 47 27 3 21 1
4022 BLOCK 84 52
4023 ORDER 5185 60 9 19 61 1
4024 ORDER 5186 11 17 1 32 0
4025 ORDER 5187 39 35 2 5 1
4026 ORDER 5188 38 56 1 14 0
4027 ORDER 5189 25 45 1 59 0
4028 ORDER 5190 57 30 2 9 0
4028 BLOCK 42 28
4029 ORDER 5191 18 14 67 61 0
4029 BLOCK 32 50
4030 ORDER 5192 9 51 48 61 1
4031 ORDER 5193 59 56 3 24 0
4032 ORDER 5194 54 29 81 61 0
4032 BLOCK 19 23
4033 ORDER 5195 57 21 77 61 0
4033 BLOCK 53 32
4034 ORDER 5196 57 59 3 25 3
4034 BLOCK 28 42
4035 UNBLOCK 28 47
4035 ORDER 5197 85 5 30 61 0
4036 ORDER 5198 62 29 3 20 0
4036 BLOCK 13 9
4037 ORDER 5199 55 21 1 37 0
4038 UNBLOCK 32 40
4038 ORDER 5200 35 41 2 59 1
4038 ORDER 5201 31 26 10 61 0
4039 UNBLOCK 84 52
4039 ORDER 5202 37 17 1 58 0
4039 ORDER 5203 40 21 2 38 0
4040 UNBLOCK 45 54
4040 ORDER 5204 45 59 3 19 0
4040 ORDER 5205 34 17 2 30 1
4040 BLOCK 10 27
4041 UNBLOCK 72 18
4041 ORDER 5206 72 33 85 61 1
4042 ORDER 5207 37 50 3 59 2
4043 ORDER 5208 46 9 65 61 0
4044 ORDER 5209 11 33 3 3 0
4045 ORDER 5210 63 59 2 10 2
4046 ORDER 5211 30 50 57 62 1
4047 ORDER 5212 45 35 40 62 1
4047 BLOCK 6 47
4048 ORDER 5213 64 51 2 60 0
4048 ORDER 5214 54 17 1 59 1
4049 ORDER 5215 73 9 15 61 2
4049 ORDER 5216 21 45 3 60 0
4049 BLOCK 46 15
4050 ORDER 5217 28 21 72 62 1
4051 ORDER 5218 41 50 2 22 0
4051 ORDER 5219 80 5 1 8 2
4051 BLOCK 17 56
4052 ORDER 5220 48 27 3 1 0
4052 ORDER 5221 8 39 1 4 0
4053 UNBLOCK 14 6
4053 ORDER 5222 63 45 2 11 0
4053 ORDER 5223 14 53 85 62 0
4054 ORDER 5224 24 39 26 62 2
4055 ORDER 5225 52 36 2 24 0
4056 ORDER 5226 59 23 9 61 0
4057 ORDER 5227 8 47 3 58 0
4058 ORDER 5228 34 32 14 62 0
4059 ORDER 5229 52 54 3 33 0
4060 ORDER 5230 6 38 2 45 0
4061 ORDER 5231 75 35 49 61 0
4062 UNBLOCK 34 54
4062 ORDER 5232 67 39 3 24 1
4062 ORDER 5233 27 20 78 61 1
4063 ORDER 5234 84 30 28 62 1
4063 BLOCK 5 61
4064 UNBLOCK 7 44
4064 ORDER 5235 51 45 3 2 1
4064 ORDER 5236 30 51 3 38 1
4065 ORDER 5237 77 42 88 61 0
4066 UNBLOCK 72 60
4066 UNBLOCK 53 32
4066 ORDER 5238 37 8 1 40 2
4066 ORDER 5239 29 6 1 57 0
4066 BLOCK 12 8
4067 ORDER 5240 80 47 60 62 3
4068 ORDER 5241 8 5 16 61 1
4068 BLOCK 81 42
4069 ORDER 5242 20 44 1 19 0
4070 UNBLOCK 6 47
4070 ORDER 5243 75 38 10 62 0
4071 ORDER 5244 9 23 13 62 1
4071 ORDER 5245 59 26 1 24 0
4072 ORDER 5246 26 59 15 61 3
4073 ORDER 5247 32 15 44 61 3
4074 ORDER 5248 45 45 3 5 3
4074 ORDER 5249 40 50 2 62 2
4075 CANCEL 5037
4075 ORDER 5250 70 41 73 61 3
4076 ORDER 5251 78 12 14 61 0
4077 ORDER 5252 28 51 55 61 1
4078 ORDER 5253 28 32 3 2 0
4078 ORDER 5254 48 50 3 28 0
4079 ORDER 5255 57 27 2 45 0
4080 CANCEL 5038
4080 ORDER 5256 6 41 1 42 0
4081 UNBLOCK 42 28
4081 CANCEL 5233
4081 ORDER 5257 42 30 2 56 2
4082 ORDER 5258 31 51 57 61 1
4083 ORDER 5259 24 51 2 42 1
4084 ORDER 5260 17 11 47 61 0
4085 ORDER 5261 80 33 30 61 0
4085 BLOCK 63 50
4086 ORDER 5262 67 45 1 36 1
4086 ORDER 5263 52 8 2 56 0
4087 ORDER 5264 48 38 21 62 2
4088 ORDER 5265 74 21 61 61 0
4088 ORDER 5266 77 24 29 61 0
4089 ORDER 5267 11 20 6 62 2
4090 UNBLOCK 70 39
4090 ORDER 5268 70 29 15 62 1
4091 ORDER 5269 65 39 3 17 1
4092 ORDER 5270 55 56 3 32 1
4093 UNBLOCK 10 27
4093 ORDER 5271 82 24 62 61 2
4094 ORDER 5272 47 59 33 61 0
4094 ORDER 5273 55 56 55 62 2
4094 BLOCK 21 2
4095 UNBLOCK 32 50
4095 ORDER 5274 11 41 59 62 3
4096 ORDER 5275 52 11 2 6 0
4097 ORDER 5276 78 23 13 61 0
4097 ORDER 5277 80 59 19 62 0
4098 ORDER 5278 40 24 39 61 1
4099 ORDER 5279 71 24 3 10 1
4099 ORDER 5280 21 47 2 22 2
4099 BLOCK 71 53
4100 ORDER 5281 71 24 1 42 0
4101 ORDER 5282 74 48 3 7 0
4101 ORDER 5283 24 50 40 61 0
4102 ORDER 5284 66 59 17 62 0
4103 ORDER 5285 23 36 3 29 0
4103 ORDER 5286 52 22 16 62 3
4104 ORDER 5287 48 52 1 41 2
4104 BLOCK 28 33
4105 ORDER 5288 84 35 73 62 0
4106 ORDER 5289 67 36 2 56 3
4107 ORDER 5290 46 18 1 44 0
4108 ORDER 5291 77 27 85 61 0
4109 ORDER 5292 54 18 71 62 2
4110 ORDER 5293 15 26 29 61 0
4111 ORDER 5294 6 35 36 62 2
4112 ORDER 5295 17 57 80 62 1
4112 ORDER 5296 49 29 12 61 1
4113 ORDER 5297 22 45 3 2 0
4114 UNBLOCK 42 38
4114 UNBLOCK 19 23
4114 ORDER 5298 28 50 84 62 1
4114 BLOCK 35 48
4115 ORDER 5299 64 39 1 56 0
4116 ORDER 5300 10 33 64 62 0
4117 ORDER 5301 11 29 2 36 2
4117 ORDER 5302 79 41 83 62 0
4118 UNBLOCK 5 61
4118 ORDER 5303 10 33 3 32 0
4119 ORDER 5304 49 18 1 24 0
4119 ORDER 5305 61 15 37 62 0
4120 ORDER 5306 7 24 1 62 2
4120 ORDER 5307 35 59 28 61 0
4121 ORDER 5308 65 23 2 54 0
4122 ORDER 5309 60 42 3 11 0
4122 ORDER 5310 47 27 81 62 0
4123 UNBLOCK 17 56
4123 ORDER 5311 79 21 4 61 0
4124 ORDER 5312 51 12 67 61 0
4125 ORDER 5313 15 33 2 51 0
4126 ORDER 5314 27 53 75 62 1
4126 ORDER 5315 10 44 42 61 0
4127 ORDER 5316 74 6 2 19 0
4127 BLOCK 73 59
4128 UNBLOCK 28 42
4128 ORDER 5317 41 26 2 23 1
4129 ORDER 5318 41 27 1 57 0
4130 ORDER 5319 30 56 67 61 1
4130 ORDER 5320 80 36 1 18 0
4131 ORDER 5321 81 54 2 41 0
4132 ORDER 5322 27 57 20 62 2
4133 ORDER 5323 46 6 1 54 3
4134 UNBLOCK 13 9
4134 ORDER 5324 47 15 53 62 1
4134 BLOCK 22 10
4135 ORDER 5325 33 56 70 61 0
4136 ORDER 5326 84 29 1 55 2
4137 ORDER 5327 21 5 14 61 0
4137 ORDER 5328 58 45 1 14 0
4138 ORDER 5329 85 57 2 41 3
4138 BLOCK 5 14
4139 ORDER 5330 76 30 54 62 2
4140 UNBLOCK 46 15
4140 ORDER 5331 7 27 2 15 0
4140 BLOCK 79 50
4141 UNBLOCK 12 8
4141 ORDER 5332 16 20 47 61 0
4142 UNBLOCK 81 42
4142 ORDER 5333 33 57 53 62 1
4142 ORDER 5334 28 24 2 34 2
4143 ORDER 5335 68 35 2 20 0
4144 UNBLOCK 28 33
4144 ORDER 5336 59 7 2 1 0
4145 UNBLOCK 73 59
4145 ORDER 5337 40 56 44 61 0
4145 ORDER 5338 9 30 33 62 0
4146 ORDER 5339 42 38 2 43 0
4146 BLOCK 76 52
4147 UNBLOCK 63 50
4147 ORDER 5340 82 51 48 62 1
4147 BLOCK 40 53
4148 ORDER 5341 14 20 2 47 0
4149 ORDER 5342 85 32 46 61 2
4150 ORDER 5343 70 59 49 62 0
4151 ORDER 5344 26 47 2 57 0
4152 UNBLOCK 21 2
4152 ORDER 5345 77 14 1 53 0
4152 BLOCK 14 56
4153 ORDER 5346 27 53 1 58 0
4154 ORDER 5347 24 9 85 61 2
4155 ORDER 5348 72 15 47 61 0
4155 ORDER 5349 79 9 1 37 0
4156 ORDER 5350 62 41 54 61 0
4157 ORDER 5351 63 5 3 20 0
4158 ORDER 5352 26 12 1 55 1
4159 ORDER 5353 78 30 60 61 1
4160 ORDER 5354 11 53 3 61 0
4161 ORDER 5355 85 45 79 61 0
4162 ORDER 5356 31 54 1 23 0
4163 ORDER 5357 32 44 2 55 1
4164 ORDER 5358 30 29 52 62 1
4165 ORDER 5359 12 33 2 39 0
4166 ORDER 5360 61 15 79 61 0
4167 ORDER 5361 72 27 36 62 0
4168 ORDER 5362 76 27 3 48 0
4169 ORDER 5363 38 57 2 43 0
4169 ORDER 5364 9 44 2 48 1
4169 BLOCK 81 41
4170 UNBLOCK 14 56
4170 ORDER 5365 77 12 1 14 0
4170 BLOCK 65 11
4171 ORDER 5366 84 26 40 61 3
4171 BLOCK 47 2
4172 ORDER 5367 78 48 3 16 0
4173 ORDER 5368 49 39 82 62 1
4173 ORDER 5369 59 36 3 31 1
4174 ORDER 5370 73 59 3 62 2
4175 ORDER 5371 37 12 2 18 0
4175 ORDER 5372 29 5 2 14 1
4176 ORDER 5373 74 38 60 62 0
4176 ORDER 5374 37 30 3 27 1
4177 ORDER 5375 11 3 81 62 0
4177 ORDER 5376 27 33 3 51 1
4178 UNBLOCK 79 50
4178 ORDER 5377 39 20 21 62 0
4178 BLOCK 23 32
4179 ORDER 5378 76 15 85 62 1
4179 ORDER 5379 63 30 2 52 1
4180 ORDER 5380 25 12 6 62 0
4181 ORDER 5381 80 44 2 33 2
4182 UNBLOCK 71 53
4182 UNBLOCK 35 48
4182 ORDER 5382 50 5 14 61 2
4182 ORDER 5383 65 12 1 61 0
4183 ORDER 5384 68 56 2 21 0
4183 ORDER 5385 37 35 2 52 2
4184 ORDER 5386 65 17 8 62 0
4185 ORDER 5387 84 39 1 8 0
4186 ORDER 5388 83 57 30 61 0
4186 ORDER 5389 79 54 58 61 2
4186 BLOCK 27 20
4187 ORDER 5390 60 54 3 52 2
4188 ORDER 5391 54 39 13 62 0
4189 ORDER 5392 68 24 2 52 0
4190 ORDER 5393 34 8 21 62 0
4191 ORDER 5394 18 29 15 62 0
4192 ORDER 5395 23 32 1 46 2
4193 ORDER 5396 38 13 53 62 0
4194 UNBLOCK 22 10
4194 ORDER 5397 61 14 64 62 0
4195 UNBLOCK 23 32
4195 ORDER 5398 16 42 12 61 0
4195 BLOCK 48 62
4196 ORDER 5399 26 30 1 34 0
4196 ORDER 5400 73 3 2 22 2
4197 UNBLOCK 76 52
4197 ORDER 5401 41 21 69 62 0
4198 UNBLOCK 5 14
4198 ORDER 5402 71 18 3 43 2
4199 ORDER 5403 46 8 1 21 0
4199 ORDER 5404 9 10 2 4 0
4200 ORDER 5405 71 44 14 61 0
4201 ORDER 5406 17 54 61 62 2
4202 ORDER 5407 13 47 2 53 0
4203 ORDER 5408 74 17 3 60 0
4204 ORDER 5409 58 32 59 61 1
4204 ORDER 5410 77 47 76 61 2
4204 BLOCK 6 36
4205 ORDER 5411 36 24 13 62 0
4206 ORDER 5412 34 44 64 61 3
4207 ORDER 5413 74 24 32 62 0
4207 BLOCK 79 17
4208 ORDER 5414 64 33 6 61 1
4208 BLOCK 21 60
4209 ORDER 5415 45 36 76 61 0
4210 ORDER 5416 47 27 43 62 1
4211 ORDER 5417 73 5 1 54 0
4211 BLOCK 56 5
4212 ORDER 5418 37 17 2 33 0
4213 ORDER 5419 84 39 3 32 1
4213 ORDER 5420 70 57 57 61 0
4214 ORDER 5421 44 47 2 8 0
4214 ORDER 5422 7 30 2 17 2
4215 ORDER 5423 28 44 85 61 0
4215 ORDER 5424 84 41 3 22 0
4216 UNBLOCK 27 20
4216 ORDER 5425 59 12 3 19 3
4216 ORDER 5426 71 44 1 54 0
4216 BLOCK 12 62
4217 ORDER 5427 40 45 36 62 2
4218 ORDER 5428 81 29 1 27 0
4218 ORDER 5429 63 51 3 44 1
4219 ORDER 5430 44 3 18 61 3
4220 ORDER 5431 79 5 59 62 1
4220 ORDER 5432 30 5 1 34 0
4221 ORDER 5433 56 3 2 61 1
4222 ORDER 5434 9 45 86 62 0
4223 ORDER 5435 73 3 3 57 1
4223 ORDER 5436 54 3 3 48 0
4223 BLOCK 37 5
4224 ORDER 5437 59 38 2 41 2
4224 ORDER 5438 8 15 1 5 0
4225 UNBLOCK 79 17
4225 UNBLOCK 56 5
4225 ORDER 5439 85 45 28 61 0
4226 UNBLOCK 40 53
4226 ORDER 5440 77 44 3 21 0
4227 ORDER 5441 70 9 27 62 0
4228 ORDER 5442 11 29 57 62 0
4228 ORDER 5443 31 54 76 61 0
4229 ORDER 5444 58 20 56 62 0
4230 ORDER 5445 35 17 15 61 0
4230 ORDER 5446 83 42 3 43 0
4231 ORDER 5447 34 27 31 61 0
4231 ORDER 5448 83 36 15 62 0
4232 ORDER 5449 37 50 18 62 0
4232 ORDER 5450 49 12 15 62 1
4233 ORDER 5451 36 6 59 61 0
4233 ORDER 5452 55 57 1 56 0
4234 ORDER 5453 70 5 2 17 2
4235 ORDER 5454 63 59 51 62 3
4235 ORDER 5455 24 51 2 36 1
4236 ORDER 5456 24 11 3 10 0
4236 ORDER 5457 18 41 3 47 1
4237 ORDER 5458 47 48 36 61 0
4238 ORDER 5459 53 57 3 31 0
4238 ORDER 5460 52 48 28 62 0
4238 BLOCK 36 9
4239 ORDER 5461 78 46 3 49 1
4239 ORDER 5462 57 57 1 6 0
4239 BLOCK 13 61
4240 ORDER 5463 80 36 2 30 0
4241 ORDER 5464 57 15 2 18 2
4242 ORDER 5465 32 54 15 61 0
4242 ORDER 5466 6 23 45 61 0
4243 ORDER 5467 55 26 2 55 1
4243 BLOCK 25 42
4244 ORDER 5468 39 24 42 62 1
4245 ORDER 5469 46 29 3 9 0
4246 ORDER 5470 7 42 3 39 3
4247 UNBLOCK 81 41
4247 ORDER 5471 57 45 58 61 0
4248 ORDER 5472 38 39 2 13 0
4248 BLOCK 61 2
4249 ORDER 5473 36 47 2 53 0
4249 BLOCK 14 34
4250 ORDER 5474 20 26 2 25 0
4250 BLOCK 31 18
4251 ORDER 5475 43 50 2 32 1
4252 ORDER 5476 52 33 1 37 0
4253 ORDER 5477 41 32 52 62 0
4254 ORDER 5478 44 51 2 20 1
4254 BLOCK 62 1
4255 ORDER 5479 9 18 3 11 0
4256 ORDER 5480 68 45 2 44 1
4257 ORDER 5481 33 15 59 61 0
4258 ORDER 5482 41 9 70 61 1
4258 ORDER 5483 84 23 41 62 0
4259 ORDER 5484 28 47 1 46 0
4260 ORDER 5485 84 32 48 61 3
4261 UNBLOCK 36 9
4261 ORDER 5486 80 38 3 50 1
4262 ORDER 5487 29 15 36 61 0
4263 ORDER 5488 8 11 1 50 0
4263 BLOCK 50 9
4264 ORDER 5489 40 5 1 36 2
4264 ORDER 5490 74 32 3 2 0
4265 ORDER 5491 20 56 3 27 0
4265 ORDER 5492 62 17 39 61 0
4266 UNBLOCK 47 2
4266 ORDER 5493 43 11 51 61 3
4267 UNBLOCK 65 11
4267 ORDER 5494 73 30 1 8 0
4268 ORDER 5495 33 17 3 5 0
4268 BLOCK 39 59
4269 ORDER 5496 67 36 87 62 0
4270 ORDER 5497 46 9 1 49 0
4271 ORDER 5498 12 51 1 40 0
4271 ORDER 5499 58 56 82 62 2
4271 BLOCK 78 16
4272 ORDER 5500 74 17 3 40 2
4273 UNBLOCK 48 62
4273 ORDER 5501 56 17 1 1 0
4274 ORDER 5502 74 48 19 62 0
4275 CANCEL 5304
4275 UNBLOCK 21 60
4275 ORDER 5503 82 38 2 51 1
4276 ORDER 5504 78 38 29 62 2
4276 ORDER 5505 69 38 86 62 0
4277 ORDER 5506 62 17 3 19 0
4278 ORDER 5507 49 21 1 59 0
4278 ORDER 5508 29 56 1 52 0
4279 ORDER 5509 21 26 44 62 0
4280 ORDER 5510 52 21 81 61 0
4280 ORDER 5511 21 14 3 13 0
4281 UNBLOCK 13 61
4281 UNBLOCK 25 42
4281 ORDER 5512 58 11 74 62 0
4281 BLOCK 69 24
4282 ORDER 5513 68 33 2 34 3
4283 ORDER 5514 67 8 3 16 1
4283 BLOCK 23 21
4284 UNBLOCK 37 5
4284 ORDER 5515 58 54 10 61 0
4285 ORDER 5516 50 35 1 52 0
4285 ORDER 5517 38 50 1 5 0
4286 ORDER 5518 77 32 1 4 0
4287 ORDER 5519 83 27 1 35 0
4287 ORDER 5520 35 8 10 61 0
4288 UNBLOCK 6 36
4288 ORDER 5521 51 35 3 36 0
4289 ORDER 5522 36 29 68 62 2
4289 ORDER 5523 16 41 1 32 0
4289 BLOCK 58 41
4290 ORDER 5524 18 42 80 62 1
4291 ORDER 5525 69 5 1 20 0
4291 BLOCK 67 48
4292 ORDER 5526 70 41 72 62 1
4293 ORDER 5527 49 5 1 3 1
4294 ORDER 5528 18 54 65 62 1
4295 ORDER 5529 36 30 1 42 0
4296 UNBLOCK 50 9
4296 ORDER 5530 16 41 44 62 0
4297 ORDER 5531 84 39 84 61 1
4298 ORDER 5532 27 45 63 61 0
4299 CANCEL 5358
4299 ORDER 5533 56 24 1 20 3
4300 ORDER 5534 55 59 10 61 0
4301 UNBLOCK 39 59
4301 ORDER 5535 46 26 2 3 2
4302 ORDER 5536 80 29 29 61 0
4303 ORDER 5537 58 23 82 62 2
4303 ORDER 5538 9 3 3 48 1
4304 ORDER 5539 59 9 88 61 0
4305 ORDER 5540 30 36 74 62 0
4305 ORDER 5541 24 44 60 62 0
4306 ORDER 5542 70 38 1 52 2
4307 ORDER 5543 11 30 63 61 0
4307 ORDER 5544 56 57 3 54 0
4308 ORDER 5545 9 26 3 51 1
4308 ORDER 5546 9 57 2 3 3
4309 ORDER 5547 76 15 23 61 1
4310 UNBLOCK 58 41
4310 ORDER 5548 62 53 5 61 0
4311 ORDER 5549 20 54 1 48 0
4311 ORDER 5550 21 21 1 24 0
4312 UNBLOCK 12 62
4312 ORDER 5551 77 5 26 62 0
4312 ORDER 5552 74 36 3 35 3
4313 ORDER 5553 16 27 6 61 1
4314 ORDER 5554 62 8 45 61 2
4315 ORDER 5555 68 52 2 12 0
4316 UNBLOCK 23 21
4316 ORDER 5556 44 17 2 6 2
4317 ORDER 5557 70 51 81 62 0
4318 ORDER 5558 8 44 72 62 1
4319 UNBLOCK 78 16
4319 ORDER 5559 82 15 3 4 0
4319 ORDER 5560 49 54 22 61 0
4320 ORDER 5561 60 26 86 62 0
4321 ORDER 5562 60 35 74 61 0
4322 ORDER 5563 14 53 2 52 0
4322 ORDER 5564 68 45 2 32 0
4322 BLOCK 64 6
4323 ORDER 5565 38 35 64 62 0
4323 ORDER 5566 54 59 13 61 0
4323 BLOCK 67 42
4324 ORDER 5567 8 58 67 62 0
4325 UNBLOCK 14 34
4325 ORDER 5568 61 51 61 61 2
4326 ORDER 5569 7 20 50 61 1
4326 ORDER 5570 78 21 3 9 0
4327 ORDER 5571 73 57 42 62 1
4328 ORDER 5572 69 50 12 62 2
4329 ORDER 5573 29 21 3 17 0
4329 ORDER 5574 15 18 1 24 0
4330 ORDER 5575 77 8 20 62 0
4330 ORDER 5576 76 3 64 61 0
4331 ORDER 5577 8 23 1 41 1
4332 ORDER 5578 57 21 73 61 0
4333 ORDER 5579 75 45 3 57 0
4334 ORDER 5580 35 47 3 59 2
4335 ORDER 5581 37 35 2 19 0
4335 BLOCK 13 40
4336 UNBLOCK 67 48
4336 ORDER 5582 37 23 2 39 0
4337 ORDER 5583 79 24 3 25 0
4338 ORDER 5584 70 59 8 61 0
4339 UNBLOCK 31 18
4339 UNBLOCK 69 24
4339 ORDER 5585 16 30 2 59 0
4340 ORDER 5586 32 3 58 62 1
4340 BLOCK 84 62
4341 UNBLOCK 61 2
4341 ORDER 5587 29 32 3 15 1
4342 ORDER 5588 55 42 64 61 1
4342 ORDER 5589 54 29 3 14 2
4343 ORDER 5590 20 11 31 62 2
4344 ORDER 5591 40 51 3 13 1
4345 UNBLOCK 13 40
4345 ORDER 5592 57 41 53 62 2
4346 ORDER 5593 84 26 3 15 0
4346 ORDER 5594 70 45 88 62 0
4347 CANCEL 5434
4347 ORDER 5595 10 53 1 7 0
4348 ORDER 5596 73 15 54 61 0
4348 BLOCK 22 6
4349 ORDER 5597 28 52 42 61 3
4349 ORDER 5598 24 51 2 24 1
4350 ORDER 5599 81 51 86 61 0
4350 ORDER 5600 33 38 66 61 2
4350 BLOCK 27 33
4351 ORDER 5601 84 17 27 61 0
4351 ORDER 5602 56 44 77 61 2
4352 UNBLOCK 62 1
4352 ORDER 5603 50 48 1 12 1
4353 UNBLOCK 84 62
4353 ORDER 5604 11 54 18 62 2
4353 ORDER 5605 79 35 85 62 0
4353 BLOCK 18 59
4354 ORDER 5606 42 48 1 2 0
4355 ORDER 5607 26 20 83 62 2
4356 ORDER 5608 42 44 1 41 2
4357 ORDER 5609 21 51 3 21 3
4357 ORDER 5610 7 3 2 39 0
4358 ORDER 5611 83 5 37 62 0
4358 BLOCK 63 53
4359 CANCEL 5409
4359 CANCEL 5423
4359 ORDER 5612 69 12 2 31 0
4359 ORDER 5613 28 20 3 33 1
4360 ORDER 5614 44 59 27 61 0
4361 ORDER 5615 53 5 62 61 0
4362 ORDER 5616 45 53 72 62 0
4362 BLOCK 49 60
4363 ORDER 5617 47 48 3 42 0
4363 BLOCK 76 50
4364 ORDER 5618 42 56 3 26 3
4365 ORDER 5619 11 29 33 61 0
4366 ORDER 5620 76 47 3 46 3
4367 ORDER 5621 30 6 2 44 2
4367 BLOCK 21 48
4368 ORDER 5622 81 6 3 31 3
4369 ORDER 5623 44 38 67 62 3
4370 ORDER 5624 10 29 3 61 0
4370 BLOCK 65 18
4371 ORDER 5625 39 26 32 62 0
4371 BLOCK 74 33
4372 ORDER 5626 29 32 45 62 0
4373 ORDER 5627 55 57 2 27 0
4374 ORDER 5628 75 5 57 62 3
4374 ORDER 5629 30 29 3 59 0
4375 ORDER 5630 36 42 34 61 0
4375 ORDER 5631 46 42 50 62 1
4375 BLOCK 17 12
4376 CANCEL 5585
4376 ORDER 5632 28 17 73 61 1
4376 ORDER 5633 50 5 3 20 0
4377 ORDER 5634 71 9 10 62 0
4378 ORDER 5635 16 24 2 49 0
4378 ORDER 5636 18 29 29 61 1
4379 ORDER 5637 46 57 2 51 0
4379 ORDER 5638 63 48 49 62 1
4380 ORDER 5639 29 24 1 51 0
4380 BLOCK 47 33
4381 UNBLOCK 67 42
4381 ORDER 5640 34 54 56 61 0
4382 ORDER 5641 48 36 85 62 1
4383 UNBLOCK 76 50
4383 ORDER 5642 19 45 58 61 0
4383 ORDER 5643 48 21 1 2 1
4383 BLOCK 42 42
4384 ORDER 5644 26 47 3 18 0
4384 BLOCK 27 15
4385 ORDER 5645 69 54 83 61 2
4385 ORDER 5646 9 25 2 9 0
4386 ORDER 5647 36 24 26 62 1
4387 ORDER 5648 70 50 43 61 0
4388 ORDER 5649 36 20 1 29 1
4389 ORDER 5650 18 42 42 62 0
4389 ORDER 5651 45 32 3 47 0
4389 BLOCK 11 30
4390 UNBLOCK 21 48
4390 ORDER 5652 49 33 3 54 0
4390 ORDER 5653 27 59 1 10 1
4391 ORDER 5654 28 41 16 61 3
4392 ORDER 5655 41 39 3 47 0
4393 ORDER 5656 27 45 3 52 0
4394 ORDER 5657 16 54 1 20 1
4395 ORDER 5658 29 53 2 53 0
4396 CANCEL 5620
4396 ORDER 5659 60 56 1 8 0
4396 ORDER 5660 10 23 2 33 3
4397 ORDER 5661 58 14 2 43 1
4397 ORDER 5662 36 8 1 53 0
4398 ORDER 5663 60 46 26 62 0
4398 ORDER 5664 54 20 88 62 0
4399 UNBLOCK 65 18
4399 ORDER 5665 11 14 74 62 2
4399 BLOCK 14 14
4400 ORDER 5666 61 23 13 62 3
4400 ORDER 5667 82 12 1 51 0
4400 BLOCK 56 23
4401 UNBLOCK 22 6
4401 ORDER 5668 33 6 50 61 2
4401 ORDER 5669 72 37 81 62 0
4402 ORDER 5670 23 38 43 62 0
4402 ORDER 5671 62 11 1 36 1
4402 BLOCK 67 41
4403 UNBLOCK 42 42
4403 ORDER 5672 49 50 3 41 0
4404 ORDER 5673 20 41 59 62 0
4405 ORDER 5674 37 30 47 61 1
4406 ORDER 5675 12 54 3 41 1
4407 ORDER 5676 49 24 2 29 1
4408 ORDER 5677 67 8 82 61 0
4408 ORDER 5678 73 57 61 61 3
4409 ORDER 5679 41 21 83 61 2
4410 ORDER 5680 55 18 41 62 0
4411 ORDER 5681 57 33 4 62 2
4411 ORDER 5682 73 57 2 57 0
4412 UNBLOCK 67 41
4412 ORDER 5683 62 56 66 61 0
4413 ORDER 5684 75 15 47 62 0
4413 ORDER 5685 65 23 40 62 2
4413 BLOCK 46 14
4414 UNBLOCK 11 30
4414 ORDER 5686 49 57 81 62 0
4414 ORDER 5687 42 32 71 62 0
4415 ORDER 5688 8 50 74 61 1
4415 ORDER 5689 29 12 3 36 0
4415 BLOCK 40 45
4416 ORDER 5690 12 29 3 27 0
4417 ORDER 5691 29 47 60 61 0
4417 ORDER 5692 72 57 2 15 3
4418 UNBLOCK 64 6
4418 ORDER 5693 25 45 2 12 0
4418 BLOCK 76 21
4419 CANCEL 5549
4419 ORDER 5694 47 50 1 20 0
4419 ORDER 5695 8 41 3 17 0
4420 ORDER 5696 50 35 33 61 0
4420 ORDER 5697 80 51 3 52 0
4421 ORDER 5698 10 36 38 61 0
4422 ORDER 5699 77 29 2 62 0
4422 ORDER 5700 55 14 2 5 1
4422 BLOCK 83 17
4423 ORDER 5701 44 32 44 62 1
4424 UNBLOCK 49 60
4424 ORDER 5702 10 39 1 19 0
4425 ORDER 5703 72 39 12 61 1
4426 ORDER 5704 26 44 79 61 0
4427 UNBLOCK 18 59
4427 ORDER 5705 42 20 3 39 0
4428 ORDER 5706 56 5 44 61 2
4428 ORDER 5707 46 18 83 61 1
4429 ORDER 5708 32 53 2 23 0
4429 ORDER 5709 39 56 71 62 1
4429 BLOCK 70 23
4430 UNBLOCK 40 45
4430 ORDER 5710 39 18 88 62 1
4431 UNBLOCK 74 33
4431 ORDER 5711 56 23 1 57 0
4431 ORDER 5712 36 9 3 37 0
4431 BLOCK 8 62
4432 ORDER 5713 82 14 77 62 0
4432 CANCEL 105713
4433 ORDER 5714 50 56 2 37 0
4433 ORDER 5715 57 45 64 61 1
4433 BLOCK 17 1
4434 UNBLOCK 27 33
4434 ORDER 5716 45 18 1 39 0
4435 ORDER 5717 47 45 3 33 2
4436 ORDER 5718 31 21 2 45 0
4436 BLOCK 56 18
4437 ORDER 5719 79 47 74 61 1
4438 ORDER 5720 53 57 2 44 0
4438 ORDER 5721 44 6 1 2 1
4439 UNBLOCK 70 23
4439 ORDER 5722 26 23 1 61 1
4440 UNBLOCK 56 23
4440 ORDER 5723 66 48 56 61 2
4440 ORDER 5724 51 47 1 42 0
4441 ORDER 5725 48 38 2 51 1
4441 ORDER 5726 37 45 32 62 0
4442 UNBLOCK 83 17
4442 ORDER 5727 55 42 3 61 2
4443 ORDER 5728 71 27 63 61 0
4443 BLOCK 72 5
4444 ORDER 5729 27 6 3 15 0
4445 ORDER 5730 9 42 37 62 0
4445 ORDER 5731 18 45 85 62 0
4446 UNBLOCK 56 18
4446 ORDER 5732 36 8 37 61 0
4447 UNBLOCK 63 53
4447 ORDER 5733 27 23 65 61 0
4448 ORDER 5734 51 50 81 62 0
4449 ORDER 5735 67 47 24 62 0
4449 ORDER 5736 67 27 47 62 3
4450 ORDER 5737 45 24 6 61 2
4450 ORDER 5738 20 30 72 61 0
4451 ORDER 5739 29 5 1 33 0
4451 ORDER 5740 83 30 42 62 1
4452 ORDER 5741 73 39 86 61 0
4453 UNBLOCK 17 12
4453 ORDER 5742 67 18 2 53 0
4453 ORDER 5743 21 12 22 61 0
4454 ORDER 5744 18 23 24 62 0
4454 ORDER 5745 84 23 3 36 0
4455 ORDER 5746 24 18 42 61 0
4455 ORDER 5747 42 17 59 61 2
4456 ORDER 5748 30 56 2 35 3
4457 ORDER 5749 54 30 67 62 0
4457 ORDER 5750 56 29 1 20 0
4458 ORDER 5751 25 48 76 61 1
4458 ORDER 5752 6 41 3 16 0
4458 BLOCK 64 60
4459 ORDER 5753 67 45 76 61 0
4460 ORDER 5754 32 26 3 41 1
4461 ORDER 5755 39 47 1 25 0
4461 ORDER 5756 26 9 1 53 0
4461 BLOCK 33 42
4462 ORDER 5757 33 30 52 61 1
4462 BLOCK 29 62
4463 ORDER 5758 32 54 1 17 0
4463 BLOCK 79 51
4464 ORDER 5759 7 14 66 62 0
4465 ORDER 5760 39 11 63 62 0
4465 ORDER 5761 10 33 2 41 1
4466 ORDER 5762 76 50 36 62 1
4466 ORDER 5763 44 6 3 22 0
4466 BLOCK 77 26
4467 CANCEL 5539
4467 ORDER 5764 29 24 57 62 0
4467 ORDER 5765 26 5 79 61 0
4468 ORDER 5766 11 36 3 25 0
4468 BLOCK 64 26
4469 ORDER 5767 37 36 3 50 3
4469 ORDER 5768 59 6 3 47 0
4470 ORDER 5769 77 6 23 62 1
4471 UNBLOCK 47 33
4471 ORDER 5770 55 30 2 28 0
4472 ORDER 5771 38 21 3 60 3
4473 UNBLOCK 27 15
4473 ORDER 5772 30 18 1 31 0
4474 CANCEL 5763
4474 ORDER 5773 59 42 1 48 0
4474 ORDER 5774 20 24 51 61 0
4475 ORDER 5775 81 39 64 62 0
4476 ORDER 5776 85 26 1 57 0
4476 BLOCK 11 42
4477 ORDER 5777 55 56 2 22 0
4478 ORDER 5778 82 18 73 61 3
4478 ORDER 5779 61 53 1 7 1
4479 ORDER 5780 67 23 52 61 1
4480 ORDER 5781 59 44 3 15 1
4480 ORDER 5782 58 48 3 36 0
4481 ORDER 5783 32 17 6 61 0
4481 BLOCK 30 11
4482 UNBLOCK 8 62
4482 ORDER 5784 81 47 78 61 0
4483 UNBLOCK 14 14
4483 ORDER 5785 9 39 3 20 1
4483 ORDER 5786 53 6 3 16 0
4483 BLOCK 82 54
4484 ORDER 5787 66 8 2 42 0
4485 UNBLOCK 17 1
4485 ORDER 5788 63 15 47 61 0
4486 ORDER 5789 73 59 70 62 1
4486 ORDER 5790 17 6 40 61 2
4487 UNBLOCK 76 21
4487 ORDER 5791 75 33 3 50 0
4487 ORDER 5792 19 54 2 23 0
4488 ORDER 5793 42 33 3 9 0
4489 ORDER 5794 84 56 34 61 3
4490 ORDER 5795 68 42 1 52 1
4491 ORDER 5796 77 47 1 52 0
4491 ORDER 5797 51 50 2 10 1
4492 ORDER 5798 69 8 48 62 1
4492 CANCEL 105798
4492 BLOCK 11 35
4493 ORDER 5799 80 48 28 61 0
4493 ORDER 5800 60 23 57 61 2
4494 ORDER 5801 20 6 14 62 0
4494 ORDER 5802 74 39 3 7 0
4495 ORDER 5803 46 20 85 61 1
4496 ORDER 5804 49 8 69 61 2
4497 ORDER 5805 62 51 1 30 0
4498 ORDER 5806 51 17 77 62 1
4498 CANCEL 105806
4499 ORDER 5807 72 59 53 61 3
4500 ORDER 5808 85 21 1 12 0
4500 BLOCK 51 9
4501 ORDER 5809 24 15 2 12 0
4502 ORDER 5810 12 26 62 61 0
4503 ORDER 5811 41 17 3 40 0
4504 UNBLOCK 82 54
4504 ORDER 5812 78 9 1 36 1
4504 ORDER 5813 6 50 1 50 0
4504 BLOCK 72 39
4505 ORDER 5814 60 23 75 61 0
4505 ORDER 5815 73 30 85 61 0
4506 UNBLOCK 77 26
4506 ORDER 5816 48 11 22 62 0
4507 ORDER 5817 29 35 1 15 0
4507 BLOCK 59 48
4508 ORDER 5818 21 26 44 62 0
4509 UNBLOCK 72 5
4509 ORDER 5819 27 39 2 29 2
4509 BLOCK 78 35
4510 ORDER 5820 6 35 2 44 0
4511 ORDER 5821 64 24 18 62 0
4512 UNBLOCK 46 14
4512 ORDER 5822 47 30 70 61 0
4513 ORDER 5823 16 41 47 62 0
4514 UNBLOCK 79 51
4514 ORDER 5824 57 8 4 61 0
4514 ORDER 5825 15 6 28 61 0
4515 UNBLOCK 29 62
4515 ORDER 5826 73 29 34 61 0
4516 ORDER 5827 28 45 81 61 0
4517 ORDER 5828 78 23 1 6 0
4518 ORDER 5829 62 36 1 62 3
4518 ORDER 5830 46 12 3 38 0
4519 ORDER 5831 55 56 7 62 1
4519 BLOCK 10 21
4520 ORDER 5832 64 9 41 62 1
4520 BLOCK 60 26
4521 ORDER 5833 63 33 71 62 0
4521 ORDER 5834 57 41 1 33 0
4522 ORDER 5835 17 14 37 61 1
4523 ORDER 5836 22 56 57 62 0
4524 ORDER 5837 42 36 31 62 0
4524 ORDER 5838 28 9 2 22 1
4524 BLOCK 74 44
4525 ORDER 5839 46 27 3 48 0
4526 ORDER 5840 31 54 76 62 0
4527 ORDER 5841 9 44 2 57 0
4528 ORDER 5842 44 29 1 59 2
4529 UNBLOCK 64 26
4529 ORDER 5843 54 29 26 61 0
4530 UNBLOCK 51 9
4530 ORDER 5844 29 30 2 15 0
4531 ORDER 5845 47 48 1 34 2
4532 ORDER 5846 28 45 3 40 0
4533 UNBLOCK 59 48
4533 ORDER 5847 69 3 2 48 2
4534 ORDER 5848 64 42 39 61 3
4534 ORDER 5849 22 35 32 62 0
4534 BLOCK 49 31
4535 ORDER 5850 42 23 62 61 2
4535 ORDER 5851 56 47 7 61 1
4536 ORDER 5852 8 14 2 40 0
4536 ORDER 5853 68 56 61 61 2
4536 BLOCK 33 8
4537 ORDER 5854 27 8 1 6 0
4538 ORDER 5855 15 12 2 15 0
4538 ORDER 5856 74 50 21 62 2
4539 ORDER 5857 85 56 88 61 2
4540 ORDER 5858 53 39 36 62 1
4540 ORDER 5859 44 29 2 11 0
4541 ORDER 5860 58 23 3 5 0
4542 ORDER 5861 9 56 3 36 2
4542 ORDER 5862 16 44 71 62 2
4543 ORDER 5863 65 47 2 46 0
4544 CANCEL 5629
4544 UNBLOCK 78 35
4544 ORDER 5864 70 38 1 51 0
4544 ORDER 5865 55 20 21 61 0
4545 ORDER 5866 28 44 57 62 2
4545 ORDER 5867 80 39 40 62 3
4546 UNBLOCK 11 42
4546 ORDER 5868 16 30 2 33 3
4547 ORDER 5869 69 12 20 61 1
4548 ORDER 5870 76 47 1 45 0
4549 ORDER 5871 54 41 35 61 2
4550 UNBLOCK 49 31
4550 ORDER 5872 44 54 3 22 1
4550 BLOCK 39 53
4551 ORDER 5873 83 24 86 62 0
4552 UNBLOCK 33 8
4552 ORDER 5874 60 8 38 61 0
4552 ORDER 5875 69 51 3 42 0
4552 BLOCK 67 36
4553 UNBLOCK 33 42
4553 ORDER 5876 14 11 3 54 1
4553 ORDER 5877 85 56 3 41 0
4554 UNBLOCK 64 60
4554 ORDER 5878 80 38 79 61 1
4554 BLOCK 8 1
4555 ORDER 5879 36 39 77 62 0
4555 BLOCK 23 35
4556 ORDER 5880 61 38 19 62 1
4556 ORDER 5881 20 32 3 27 0
4557 ORDER 5882 62 36 3 57 0
4557 ORDER 5883 45 23 69 62 0
4558 UNBLOCK 11 35
4558 ORDER 5884 16 17 3 21 1
4558 ORDER 5885 64 24 1 59 0
4559 ORDER 5886 62 59 45 61 1
4560 ORDER 5887 36 26 1 37 0
4561 ORDER 5888 82 42 68 61 0
4562 ORDER 5889 52 59 79 62 0
4563 ORDER 5890 35 16 39 61 0
4564 ORDER 5891 70 18 62 62 0
4565 ORDER 5892 16 57 3 47 0
4566 ORDER 5893 57 32 72 62 2
4567 UNBLOCK 23 35
4567 ORDER 5894 66 24 51 62 0
4567 ORDER 5895 17 15 63 61 0
4568 ORDER 5896 27 45 1 51 1
4569 CANCEL 5836
4569 ORDER 5897 6 51 2 40 0
4569 ORDER 5898 42 14 16 62 0
4570 ORDER 5899 35 23 3 44 1
4570 ORDER 5900 24 39 1 59 0
4571 ORDER 5901 56 12 24 61 0
4571 BLOCK 47 21
4572 ORDER 5902 63 59 13 62 0
4573 ORDER 5903 76 27 76 62 1
4573 ORDER 5904 36 59 2 49 1
4574 ORDER 5905 50 9 1 18 0
4575 ORDER 5906 27 33 1 4 2
4576 ORDER 5907 47 57 66 62 0
4577 ORDER 5908 83 17 1 22 1
4578 ORDER 5909 41 29 1 11 1
4578 ORDER 5910 62 18 1 17 0
4579 ORDER 5911 30 6 70 61 2
4580 UNBLOCK 30 11
4580 ORDER 5912 47 38 2 15 1
4581 ORDER 5913 77 24 1 40 0
4581 ORDER 5914 49 26 53 62 1
4582 ORDER 5915 41 35 1 48 2
4583 ORDER 5916 9 32 48 61 1
4583 ORDER 5917 68 3 2 42 0
4584 ORDER 5918 70 9 14 61 0
4585 ORDER 5919 84 41 14 62 0
4585 ORDER 5920 28 27 65 62 0
4586 ORDER 5921 11 57 2 4 0
4587 ORDER 5922 14 8 2 30 0
4588 ORDER 5923 35 26 3 2 1
4589 ORDER 5924 28 12 2 38 0
4590 ORDER 5925 59 11 60 62 2
4591 ORDER 5926 7 56 3 44 1
4591 ORDER 5927 20 30 2 14 0
4591 BLOCK 31 26
4592 ORDER 5928 77 54 3 40 0
4592 BLOCK 5 15
4593 ORDER 5929 13 53 52 62 0
4593 ORDER 5930 58 33 71 61 0
4594 ORDER 5931 74 32 3 15 0
4594 ORDER 5932 29 26 3 11 1
4595 UNBLOCK 10 21
4595 ORDER 5933 43 32 65 61 0
4595 ORDER 5934 11 56 3 52 0
4595 BLOCK 54 23
4596 ORDER 5935 68 17 2 18 0
4596 BLOCK 7 17
4597 ORDER 5936 34 42 28 62 0
4598 UNBLOCK 67 36
4598 ORDER 5937 42 17 24 62 3
4598 BLOCK 67 36
4599 ORDER 5938 71 47 48 61 0
4600 CANCEL 5917
4600 ORDER 5939 39 5 59 62 2
4601 UNBLOCK 31 26
4601 ORDER 5940 17 53 3 60 0
4602 UNBLOCK 72 39
4602 CANCEL 5830
4602 UNBLOCK 8 1
4602 CANCEL 5891
4602 ORDER 5941 66 24 1 56 1
4603 UNBLOCK 74 44
4603 ORDER 5942 8 32 1 21 1
4604 ORDER 5943 37 21 29 61 2
4605 ORDER 5944 18 23 3 47 2
4605 ORDER 5945 39 20 33 61 2
4606 ORDER 5946 8 30 85 61 2
4607 ORDER 5947 8 53 3 37 2
4608 CANCEL 5744
4608 ORDER 5948 39 56 49 62 0
4608 BLOCK 11 50
4609 ORDER 5949 45 32 29 61 0
4610 ORDER 5950 17 26 57 61 2
4610 BLOCK 18 35
4611 ORDER 5951 73 56 14 61 2
4612 ORDER 5952 32 54 87 62 1
4612 ORDER 5953 60 26 75 61 2
4613 UNBLOCK 60 26
4613 ORDER 5954 17 29 9 62 0
4614 ORDER 5955 62 33 53 62 1
4614 ORDER 5956 54 38 2 45 1
4614 BLOCK 7 56
4615 ORDER 5957 66 56 47 62 1
4616 ORDER 5958 10 35 3 43 2
4616 ORDER 5959 80 54 1 25 3
4617 ORDER 5960 19 44 45 62 0
4618 ORDER 5961 28 18 58 61 1
4618 BLOCK 70 48
4619 ORDER 5962 41 8 32 62 0
4620 ORDER 5963 37 23 9 61 0
4620 BLOCK 40 44
4621 ORDER 5964 34 41 10 61 0
4622 ORDER 5965 64 35 20 61 1
4622 BLOCK 66 10
4623 ORDER 5966 59 54 31 61 0
4624 ORDER 5967 39 24 3 62 0
4625 ORDER 5968 47 9 3 45 0
4626 UNBLOCK 39 53
4626 ORDER 5969 58 29 2 62 2
4626 BLOCK 12 15
4627 ORDER 5970 17 5 1 7 0
4627 BLOCK 31 24
4628 ORDER 5971 40 35 26 61 0
4628 ORDER 5972 43 48 3 25 0
4629 ORDER 5973 60 38 38 62 0
4630 ORDER 5974 10 44 3 9 0
4630 ORDER 5975 67 41 3 17 0
4631 ORDER 5976 25 38 16 61 0
4632 UNBLOCK 5 15
4632 ORDER 5977 65 17 1 33 0
4633 ORDER 5978 81 15 53 61 0
4633 BLOCK 53 42
4634 UNBLOCK 11 50
4634 ORDER 5979 55 50 1 43 0
4635 ORDER 5980 30 12 17 61 3
4635 BLOCK 57 27
4636 CANCEL 5959
4636 UNBLOCK 40 44
4636 ORDER 5981 27 12 2 8 1
4637 ORDER 5982 65 14 3 39 0
4637 ORDER 5983 80 6 8 62 1
4638 ORDER 5984 18 39 2 54 0
4638 ORDER 5985 51 38 77 62 0
4638 BLOCK 78 50
4639 ORDER 5986 67 43 2 1 0
4639 ORDER 5987 13 59 3 3 2
4640 ORDER 5988 13 29 3 4 0
4640 BLOCK 15 35
4641 ORDER 5989 15 17 17 61 2
4642 ORDER 5990 19 47 2 33 0
4642 ORDER 5991 61 32 80 62 2
4643 UNBLOCK 7 17
4643 ORDER 5992 8 30 25 61 3
4644 ORDER 5993 60 8 68 61 0
4645 ORDER 5994 53 57 49 61 0
4646 UNBLOCK 54 23
4646 ORDER 5995 17 57 66 62 0
4647 ORDER 5996 41 5 71 61 1
4647 BLOCK 82 50
4648 ORDER 5997 62 53 2 1 3
4649 UNBLOCK 47 21
4649 ORDER 5998 49 3 2 38 2
4650 ORDER 5999 65 12 3 60 2
4651 ORDER 6000 7 20 1 1 0
4651 BLOCK 27 48
4652 ORDER 6001 7 48 1 18 2
4653 UNBLOCK 31 24
4653 ORDER 6002 79 14 78 62 0
4654 UNBLOCK 57 27
4654 UNBLOCK 78 50
4654 ORDER 6003 56 24 78 62 0
4654 ORDER 6004 36 11 83 62 3
4654 BLOCK 56 59
4655 ORDER 6005 6 48 2 8 0
4655 ORDER 6006 77 12 17 62 3
4655 BLOCK 73 3
4656 ORDER 6007 19 12 37 62 3
4657 ORDER 6008 30 33 2 7 0
4657 ORDER 6009 71 33 1 19 1
4658 ORDER 6010 77 11 80 62 1
4658 BLOCK 52 36
4659 ORDER 6011 47 27 2 39 1
4659 BLOCK 72 22
4660 ORDER 6012 34 8 3 26 0
4661 ORDER 6013 85 14 3 28 0
4662 CANCEL 5925
4662 ORDER 6014 10 54 2 16 2
4662 BLOCK 64 50
4663 ORDER 6015 16 24 3 12 0
4664 ORDER 6016 24 56 7 61 3
4665 ORDER 6017 7 26 77 61 0
4666 ORDER 6018 6 14 1 43 1
4666 BLOCK 62 38
4667 ORDER 6019 71 57 76 62 0
4668 ORDER 6020 41 12 2 22 2
4668 BLOCK 10 15
4669 ORDER 6021 11 20 8 62 0
4669 ORDER 6022 42 23 2 45 0
4670 ORDER 6023 85 14 2 50 0
4671 ORDER 6024 12 3 81 61 0
4672 UNBLOCK 15 35
4672 ORDER 6025 31 23 3 46 0
4672 ORDER 6026 71 53 2 4 3
4673 ORDER 6027 18 53 2 33 1
4674 ORDER 6028 18 15 1 53 0
4675 ORDER 6029 12 53 1 8 0
4676 ORDER 6030 60 26 1 39 3
4677 UNBLOCK 27 48
4677 ORDER 6031 52 48 53 62 0
4678 ORDER 6032 54 30 19 61 0
4679 ORDER 6033 49 35 35 61 0
4680 ORDER 6034 62 5 3 61 0
4681 UNBLOCK 10 15
4681 ORDER 6035 81 53 80 62 1
4682 UNBLOCK 66 10
4682 ORDER 6036 6 39 33 62 1
4683 ORDER 6037 9 8 2 9 3
4683 ORDER 6038 45 51 74 61 1
4684 ORDER 6039 36 35 2 42 1
4685 ORDER 6040 38 8 25 61 0
4685 BLOCK 39 9
4686 ORDER 6041 28 24 2 36 0
4686 ORDER 6042 82 30 36 62 0
4687 ORDER 6043 44 51 73 61 0
4688 ORDER 6044 38 59 3 20 0
4689 ORDER 6045 71 45 1 46 0
4689 ORDER 6046 11 56 3 38 1
4690 ORDER 6047 38 23 3 62 0
4690 ORDER 6048 84 3 30 62 0
4691 ORDER 6049 41 17 70 61 0
4691 BLOCK 68 45
4692 UNBLOCK 67 36
4692 UNBLOCK 72 22
4692 ORDER 6050 36 59 3 24 0
4692 BLOCK 27 44
4693 UNBLOCK 70 48
4693 ORDER 6051 42 15 7 62 0
4693 BLOCK 44 38
4694 UNBLOCK 73 3
4694 ORDER 6052 23 26 61 61 0
4695 UNBLOCK 62 38
4695 ORDER 6053 24 36 43 61 2
4696 ORDER 6054 13 52 55 61 0
4696 ORDER 6055 39 54 1 13 2
4697 ORDER 6056 21 3 1 7 0
4697 ORDER 6057 31 12 3 20 0
4698 UNBLOCK 7 56
4698 ORDER 6058 28 8 2 30 0
4699 ORDER 6059 24 5 2 38 0
4699 BLOCK 55 62
4700 ORDER 6060 80 11 2 18 0
4701 ORDER 6061 83 39 22 61 2
4702 ORDER 6062 80 20 2 11 3
4702 ORDER 6063 49 11 11 61 0
4702 BLOCK 70 32
4703 ORDER 6064 41 5 2 11 0
4704 ORDER 6065 34 57 37 61 1
4704 ORDER 6066 40 48 13 62 1
4705 ORDER 6067 29 3 54 62 1
4705 ORDER 6068 20 35 2 50 1
4706 ORDER 6069 35 18 3 25 0
4706 ORDER 6070 9 8 2 46 1
4707 ORDER 6071 75 15 2 19 1
4707 ORDER 6072 38 26 1 21 0
4708 UNBLOCK 18 35
4708 ORDER 6073 60 15 2 39 0
4708 BLOCK 8 29
4709 UNBLOCK 82 50
4709 ORDER 6074 6 51 1 59 0
4710 ORDER 6075 36 14 3 5 0
4710 ORDER 6076 69 8 7 62 0
4711 ORDER 6077 45 18 2 61 2
4711 BLOCK 61 3
4712 ORDER 6078 66 39 1 13 0
4713 UNBLOCK 56 59
4713 ORDER 6079 42 26 16 62 1
4714 ORDER 6080 54 44 2 39 1
4714 ORDER 6081 16 15 9 61 3
4714 BLOCK 11 53
4715 ORDER 6082 16 11 85 62 1
4716 ORDER 6083 54 59 2 52 0
4717 CANCEL 5893
4717 ORDER 6084 18 51 27 61 0
4717 ORDER 6085 70 39 74 62 0
4718 ORDER 6086 24 42 65 62 0
4719 ORDER 6087 30 9 66 61 2
4720 UNBLOCK 53 42
4720 UNBLOCK 70 32
4720 ORDER 6088 37 48 2 37 0
4721 UNBLOCK 12 15
4721 ORDER 6089 35 27 28 62 1
4722 ORDER 6090 9 15 2 25 0
4723 CANCEL 6038
4723 ORDER 6091 73 41 3 57 0
4724 ORDER 6092 67 5 75 61 1
4724 ORDER 6093 59 50 1 53 0
4724 BLOCK 8 1
4725 ORDER 6094 6 41 88 61 1
4726 ORDER 6095 23 38 12 62 0
4727 ORDER 6096 75 50 40 62 0
4728 ORDER 6097 32 56 9 61 0
4729 ORDER 6098 11 50 1 34 0
4730 ORDER 6099 71 42 40 62 2
4730 ORDER 6100 39 12 3 9 0
4730 BLOCK 10 8
4731 ORDER 6101 44 44 29 61 3
4732 ORDER 6102 39 51 3 1 0
4733 UNBLOCK 44 38
4733 ORDER 6103 14 51 3 58 0
4734 ORDER 6104 81 57 3 49 0
4734 ORDER 6105 48 12 40 62 1
4735 UNBLOCK 39 9
4735 ORDER 6106 75 27 46 61 0
4736 ORDER 6107 52 38 2 2 1
4736 ORDER 6108 31 27 1 35 0
4737 UNBLOCK 11 53
4737 ORDER 6109 71 18 3 39 0
4738 ORDER 6110 26 30 80 62 1
4738 ORDER 6111 21 15 26 62 0
4739 ORDER 6112 28 39 1 59 0
4740 UNBLOCK 52 36
4740 ORDER 6113 36 59 2 40 0
4740 ORDER 6114 57 41 13 62 3
4741 ORDER 6115 57 45 41 62 0
4741 BLOCK 47 23
4742 UNBLOCK 68 45
4742 CANCEL 6099
4742 ORDER 6116 71 50 1 8 0
4742 ORDER 6117 19 36 3 62 0
4742 BLOCK 30 29
4743 ORDER 6118 24 50 3 6 1
4743 ORDER 6119 54 47 1 41 0
4743 BLOCK 14 20
4744 UNBLOCK 61 3
4744 ORDER 6120 15 35 2 13 0
4744 ORDER 6121 73 27 3 15 0
4745 ORDER 6122 79 26 58 62 0
4746 ORDER 6123 15 44 1 47 0
4747 ORDER 6124 17 9 72 62 0
4747 ORDER 6125 81 59 3 19 1
4748 ORDER 6126 74 48 1 25 3
4748 BLOCK 81 44
4749 ORDER 6127 28 48 3 9 0
4750 ORDER 6128 29 47 2 3 0
4751 UNBLOCK 64 50
4751 ORDER 6129 84 21 12 62 1
4752 ORDER 6130 78 47 39 62 2
4753 ORDER 6131 51 45 1 8 0
4754 ORDER 6132 16 38 35 61 0
4755 UNBLOCK 10 8
4755 ORDER 6133 28 26 29 62 0
4755 BLOCK 54 24
4756 ORDER 6134 82 15 30 62 0
4756 BLOCK 82 55
4757 ORDER 6135 41 8 67 62 0
4758 ORDER 6136 58 41 50 61 0
4758 ORDER 6137 42 26 71 62 1
4759 ORDER 6138 50 9 39 61 1
4760 ORDER 6139 66 21 88 61 0
4761 ORDER 6140 34 38 3 13 0
4761 ORDER 6141 62 30 2 46 0
4762 ORDER 6142 20 48 1 37 1
4762 ORDER 6143 76 14 2 45 0
4763 ORDER 6144 35 17 28 62 1
4764 ORDER 6145 44 53 2 43 0
4765 UNBLOCK 8 29
4765 ORDER 6146 45 45 72 61 2
4766 ORDER 6147 68 8 12 61 0
4767 ORDER 6148 77 18 28 61 0
4768 UNBLOCK 27 44
4768 ORDER 6149 49 56 2 19 0
4769 ORDER 6150 47 33 23 62 3
4769 ORDER 6151 20 9 11 62 3
4770 ORDER 6152 17 27 3 13 0
4771 ORDER 6153 48 9 86 61 0
4771 BLOCK 74 61
4772 ORDER 6154 41 12 41 61 0
4773 ORDER 6155 17 41 6 62 0
4773 ORDER 6156 58 9 34 62 2
4774 ORDER 6157 74 45 3 44 0
4774 ORDER 6158 32 26 2 40 0
4775 ORDER 6159 66 15 20 61 0
4775 ORDER 6160 50 8 75 61 1
4776 ORDER 6161 82 15 6 61 2
4777 ORDER 6162 75 33 50 62 2
4778 ORDER 6163 72 29 3 18 2
4779 ORDER 6164 7 6 4 62 0
4779 ORDER 6165 26 12 44 61 1
4779 BLOCK 85 23
4780 ORDER 6166 21 23 75 61 0
4780 BLOCK 8 2
4781 ORDER 6167 59 42 2 33 2
4781 ORDER 6168 77 23 3 2 1
4782 UNBLOCK 8 1
4782 ORDER 6169 68 24 1 42 0
4783 ORDER 6170 39 12 1 48 0
4784 ORDER 6171 30 33 83 61 0
4784 ORDER 6172 78 11 85 61 3
4785 ORDER 6173 24 15 88 62 0
4786 UNBLOCK 14 20
4786 ORDER 6174 8 51 2 1 0
4786 BLOCK 7 24
4787 ORDER 6175 30 39 14 62 0
4787 BLOCK 15 23
4788 ORDER 6176 16 9 60 62 1
4789 ORDER 6177 18 8 12 61 0
4790 UNBLOCK 55 62
4790 UNBLOCK 30 29
4790 ORDER 6178 42 21 83 61 0
4790 BLOCK 40 57
4791 UNBLOCK 85 23
4791 ORDER 6179 30 41 1 60 1
4792 ORDER 6180 7 57 66 61 0
4793 ORDER 6181 18 23 3 1 0
4793 ORDER 6182 17 5 31 62 0
4794 ORDER 6183 30 36 2 26 0
4794 ORDER 6184 80 53 19 61 0
4794 BLOCK 73 18
4795 ORDER 6185 64 3 1 42 0
4796 ORDER 6186 35 45 15 61 3
4796 ORDER 6187 52 23 1 59 0
4797 ORDER 6188 19 21 31 62 2
4797 ORDER 6189 35 33 27 62 0
4798 ORDER 6190 80 45 38 62 3
4799 ORDER 6191 26 30 3 40 1
4799 ORDER 6192 33 32 81 61 1
4800 ORDER 6193 82 57 2 24 0
4801 ORDER 6194 8 38 3 33 1
4801 ORDER 6195 76 14 54 62 1
4802 ORDER 6196 8 26 23 61 1
4803 ORDER 6197 73 20 24 61 1
4804 ORDER 6198 39 18 50 62 3
4805 ORDER 6199 27 36 2 54 1
4806 ORDER 6200 58 35 2 32 0
4806 ORDER 6201 31 53 73 61 0
4807 ORDER 6202 70 51 3 12 1
4808 CANCEL 6063
4808 ORDER 6203 67 6 68 62 0
4809 ORDER 6204 84 35 58 62 1
4810 ORDER 6205 37 3 3 30 0
4810 BLOCK 16 1
4811 UNBLOCK 7 24
4811 ORDER 6206 36 39 47 62 0
4812 ORDER 6207 70 11 1 35 2
4812 ORDER 6208 83 26 28 62 1
4813 UNBLOCK 73 18
4813 ORDER 6209 14 17 27 61 0
4814 UNBLOCK 8 2
4814 ORDER 6210 63 8 17 61 3
4814 ORDER 6211 35 57 2 17 2
4814 BLOCK 77 57
4815 ORDER 6212 33 41 25 62 0
4816 ORDER 6213 56 59 1 58 0
4817 ORDER 6214 60 23 39 62 0
4817 ORDER 6215 78 24 3 43 0
4818 ORDER 6216 35 23 62 61 0
4819 ORDER 6217 57 8 3 18 1
4820 ORDER 6218 25 29 1 27 0
4821 UNBLOCK 81 44
4821 ORDER 6219 62 51 47 61 0
4821 ORDER 6220 14 17 21 61 0
4822 UNBLOCK 47 23
4822 ORDER 6221 76 20 73 62 0
4823 UNBLOCK 15 23
4823 ORDER 6222 18 57 51 61 0
4824 UNBLOCK 54 24
4824 ORDER 6223 29 14 1 8 0
4825 ORDER 6224 42 32 65 61 1
4825 BLOCK 39 7
4826 ORDER 6225 29 5 2 32 0
4826 ORDER 6226 70 5 16 61 1
4827 ORDER 6227 25 21 1 30 1
4827 BLOCK 54 42
4828 ORDER 6228 56 24 2 18 0
4828 ORDER 6229 53 44 2 55 0
4828 BLOCK 15 55
4829 ORDER 6230 46 29 3 28 0
4830 ORDER 6231 31 20 36 61 1
4830 BLOCK 76 52
4831 ORDER 6232 46 53 39 61 0
4832 ORDER 6233 60 54 88 62 1
4833 UNBLOCK 74 61
4833 ORDER 6234 57 56 1 57 0
4833 ORDER 6235 54 39 2 1 0
4833 BLOCK 29 59
4834 ORDER 6236 56 44 1 15 0
4834 ORDER 6237 51 56 1 25 1
4835 UNBLOCK 40 57
4835 ORDER 6238 36 21 2 42 0
4836 ORDER 6239 31 5 47 61 1
4837 ORDER 6240 37 18 6 61 0
4837 ORDER 6241 51 23 2 36 3
4838 ORDER 6242 76 33 1 58 0
4838 ORDER 6243 38 5 68 62 0
4839 ORDER 6244 20 17 50 61 0
4839 ORDER 6245 37 38 36 62 0
4840 ORDER 6246 76 45 2 30 1
4841 UNBLOCK 82 55
4841 ORDER 6247 48 33 3 35 2
4841 ORDER 6248 47 23 58 62 3
4842 ORDER 6249 72 27 2 31 0
4842 BLOCK 47 5
4843 ORDER 6250 19 8 71 61 0
4844 ORDER 6251 37 56 81 62 0
4845 ORDER 6252 42 18 3 35 0
4845 BLOCK 75 27
4846 ORDER 6253 71 15 10 62 1
4846 ORDER 6254 41 3 18 61 0
4847 ORDER 6255 20 15 2 48 0
4848 CANCEL 6249
4848 ORDER 6256 70 33 1 51 0
4849 ORDER 6257 7 41 10 62 0
4849 ORDER 6258 51 47 2 32 2
4850 ORDER 6259 50 6 59 62 2
4850 ORDER 6260 85 30 2 16 0
4850 BLOCK 65 29
4851 ORDER 6261 55 47 2 54 0
4851 ORDER 6262 71 33 52 62 1
4852 ORDER 6263 72 51 2 50 0
4852 ORDER 6264 7 38 50 61 3
4852 BLOCK 85 23
4853 ORDER 6265 71 50 3 46 0
4854 ORDER 6266 33 47 3 42 2
4855 ORDER 6267 30 6 1 3 1
4856 ORDER 6268 9 20 18 61 0
4856 ORDER 6269 81 50 76 62 1
4857 ORDER 6270 56 5 3 35 1
4858 CANCEL 6228
4858 ORDER 6271 34 6 76 61 0
4859 ORDER 6272 9 5 46 61 0
4860 ORDER 6273 59 56 49 61 1
4861 ORDER 6274 46 20 3 30 0
4862 UNBLOCK 77 57
4862 ORDER 6275 51 8 2 4 0
4863 ORDER 6276 49 56 2 17 1
4863 BLOCK 52 61
4864 ORDER 6277 22 54 1 57 0
4865 ORDER 6278 9 26 61 62 1
4865 ORDER 6279 77 21 17 61 1
4865 BLOCK 74 23
4866 ORDER 6280 63 59 32 62 0
4866 ORDER 6281 69 36 3 60 0
4867 UNBLOCK 75 27
4867 ORDER 6282 79 26 53 62 1
4868 ORDER 6283 50 54 11 62 1
4868 ORDER 6284 38 39 1 52 0
4869 ORDER 6285 28 47 3 38 1
4870 UNBLOCK 16 1
4870 ORDER 6286 67 32 1 16 0
4871 ORDER 6287 11 8 15 61 0
4871 ORDER 6288 10 3 2 56 0
4872 CANCEL 6227
4872 ORDER 6289 14 45 1 59 1
4873 ORDER 6290 70 14 33 61 0
4874 ORDER 6291 12 50 2 14 2
4874 BLOCK 29 27
4875 ORDER 6292 65 15 82 62 0
4875 ORDER 6293 82 42 1 7 0
4876 ORDER 6294 46 23 1 54 0
4877 ORDER 6295 46 15 67 62 0
4878 ORDER 6296 63 20 3 37 1
4879 ORDER 6297 65 26 3 51 0
4880 ORDER 6298 70 42 81 61 0
4881 UNBLOCK 39 7
4881 ORDER 6299 78 11 3 41 0
4882 ORDER 6300 14 15 3 26 2
4882 ORDER 6301 47 44 2 11 2
4883 ORDER 6302 36 47 21 61 0
4883 ORDER 6303 78 9 84 62 2
4884 ORDER 6304 35 30 75 61 0
4885 CANCEL 6103
4885 ORDER 6305 24 6 3 53 3
4885 BLOCK 18 15
4886 ORDER 6306 47 59 1 32 0
4886 BLOCK 57 54
4887 ORDER 6307 31 35 36 62 2
4887 ORDER 6308 55 27 30 61 1
4887 BLOCK 20 62
4888 ORDER 6309 62 36 38 62 0
4888 BLOCK 71 53
4889 ORDER 6310 20 21 35 62 0
4890 ORDER 6311 75 14 81 62 0
4890 ORDER 6312 13 45 44 62 0
4891 ORDER 6313 25 44 1 56 0
4892 ORDER 6314 45 39 69 62 0
4892 ORDER 6315 11 41 51 61 1
4893 ORDER 6316 40 29 83 61 2
4893 BLOCK 29 61
4894 UNBLOCK 76 52
4894 ORDER 6317 34 6 18 62 0
4895 ORDER 6318 65 5 3 22 2
4895 ORDER 6319 43 8 76 61 0
4896 ORDER 6320 30 11 57 61 1
4897 CANCEL 6271
4897 ORDER 6321 19 5 3 59 1
4898 ORDER 6322 83 20 42 61 0
4899 ORDER 6323 67 29 2 58 0
4900 ORDER 6324 14 6 32 61 2
4900 ORDER 6325 7 38 1 23 0
4901 UNBLOCK 54 42
4901 ORDER 6326 83 20 2 12 2
4901 ORDER 6327 27 53 3 20 0
4902 ORDER 6328 34 45 79 62 3
4902 BLOCK 5 2
4903 ORDER 6329 70 29 33 62 0
4904 ORDER 6330 40 29 1 1 0
4905 ORDER 6331 70 24 81 62 1
4906 ORDER 6332 29 8 2 51 0
4907 UNBLOCK 18 15
4907 ORDER 6333 49 12 83 61 0
4907 BLOCK 82 12
4908 UNBLOCK 65 29
4908 ORDER 6334 52 39 1 55 2
4908 ORDER 6335 50 56 1 32 0
4909 UNBLOCK 15 55
4909 ORDER 6336 28 3 85 62 1
4909 ORDER 6337 25 32 1 2 0
4910 UNBLOCK 29 61
4910 ORDER 6338 74 5 37 61 0
4911 ORDER 6339 66 5 3 30 1
4912 ORDER 6340 65 17 75 61 1
4912 ORDER 6341 49 54 3 6 0
4913 ORDER 6342 7 36 3 34 2
4913 ORDER 6343 40 24 66 62 0
4914 CANCEL 6295
4914 ORDER 6344 66 18 1 41 1
4914 ORDER 6345 84 29 46 61 0
4915 ORDER 6346 56 59 3 14 0
4915 ORDER 6347 65 3 1 21 1
4916 ORDER 6348 56 29 61 62 0
4916 ORDER 6349 29 5 10 61 0
4916 BLOCK 81 42
4917 ORDER 6350 66 14 14 61 1
4917 ORDER 6351 6 50 2 58 0
4918 ORDER 6352 52 20 17 61 0
4919 ORDER 6353 25 12 3 2 0
4919 ORDER 6354 8 3 2 50 1
4920 ORDER 6355 8 24 3 3 2
4921 ORDER 6356 73 53 1 47 0
4921 ORDER 6357 36 59 3 30 3
4922 ORDER 6358 84 6 68 61 2
4923 ORDER 6359 38 8 71 61 0
4923 ORDER 6360 42 9 65 62 2
4924 ORDER 6361 43 16 22 61 0
4925 ORDER 6362 54 51 46 62 0
4925 BLOCK 58 11
4926 ORDER 6363 76 35 1 14 2
4926 ORDER 6364 37 45 80 62 0
4927 ORDER 6365 46 18 75 61 0
4928 ORDER 6366 58 11 8 62 2
4929 CANCEL 6282
4929 ORDER 6367 29 53 3 22 0
4930 ORDER 6368 61 53 2 24 0
4931 UNBLOCK 29 59
4931 ORDER 6369 32 26 39 61 2
4932 ORDER 6370 82 47 12 62 1
4932 BLOCK 51 20
4933 ORDER 6371 78 12 1 56 2
4933 BLOCK 5 26
4934 ORDER 6372 81 48 4 61 0
4934 ORDER 6373 74 50 22 61 0
4935 ORDER 6374 8 15 24 61 1
4936 ORDER 6375 56 50 52 62 1
4936 BLOCK 26 12
4937 ORDER 6376 20 27 1 50 0
4938 ORDER 6377 70 26 3 5 0
4939 ORDER 6378 80 29 1 29 0
4940 UNBLOCK 29 27
4940 ORDER 6379 66 17 3 24 0
4941 UNBLOCK 85 23
4941 ORDER 6380 29 8 74 61 0
4941 BLOCK 82 11
4942 UNBLOCK 47 5
4942 ORDER 6381 40 54 61 61 0
4942 ORDER 6382 53 32 1 4 1
4943 ORDER 6383 43 15 1 62 0
4943 ORDER 6384 73 51 1 21 1
4944 CANCEL 6219
4944 ORDER 6385 64 36 35 61 1
4945 ORDER 6386 62 15 2 55 1
4945 ORDER 6387 52 17 32 61 0
4946 UNBLOCK 20 62
4946 UNBLOCK 5 2
4946 ORDER 6388 32 11 57 61 0
4946 ORDER 6389 18 8 1 29 0
4947 ORDER 6390 43 42 39 62 1
4948 ORDER 6391 71 29 40 62 1
4948 ORDER 6392 27 18 79 62 1
4949 UNBLOCK 74 23
4949 ORDER 6393 31 53 2 55 0
4949 ORDER 6394 7 47 1 61 0
4949 BLOCK 19 39
4950 ORDER 6395 75 3 3 41 0
4951 UNBLOCK 82 11
4951 ORDER 6396 55 56 1 50 2
4952 UNBLOCK 82 12
4952 ORDER 6397 38 41 3 34 1
4953 UNBLOCK 57 54
4953 ORDER 6398 50 10 78 61 2
4953 BLOCK 81 38
4954 UNBLOCK 52 61
4954 ORDER 6399 9 17 2 16 1
4954 ORDER 6400 64 53 2 43 0
4955 CANCEL 6347
4955 ORDER 6401 38 12 3 8 0
4956 ORDER 6402 14 44 46 62 0
4957 ORDER 6403 29 51 2 47 0
4958 ORDER 6404 81 50 52 62 2
4959 ORDER 6405 71 56 13 61 1
4959 ORDER 6406 37 56 2 18 2
4960 ORDER 6407 42 9 2 43 0
4961 ORDER 6408 6 18 3 45 0
4962 ORDER 6409 59 6 2 39 1
4963 UNBLOCK 71 53
4963 ORDER 6410 12 48 73 62 0
4964 ORDER 6411 82 11 64 62 1
4964 BLOCK 5 50
4965 ORDER 6412 27 50 2 56 0
4966 ORDER 6413 53 11 2 22 0
4967 ORDER 6414 67 36 52 61 0
4968 ORDER 6415 78 26 53 61 1
4969 ORDER 6416 47 24 2 44 0
4970 CANCEL 6368
4970 UNBLOCK 51 20
4970 ORDER 6417 45 38 2 44 3
4970 ORDER 6418 52 42 2 24 0
4970 BLOCK 31 20
4971 ORDER 6419 54 39 3 17 1
4971 ORDER 6420 55 17 2 3 1
4972 ORDER 6421 40 5 1 13 1
4973 ORDER 6422 64 43 39 62 1
4974 ORDER 6423 21 11 1 6 1
4974 ORDER 6424 75 13 72 61 0
4975 ORDER 6425 80 15 1 31 0
4976 ORDER 6426 37 5 5 61 0
4976 ORDER 6427 42 20 3 38 0
4977 ORDER 6428 72 18 7 61 2
4977 BLOCK 50 50
4978 ORDER 6429 64 27 25 61 0
4979 ORDER 6430 77 26 61 61 1
4979 ORDER 6431 17 20 86 61 0
4980 ORDER 6432 48 57 1 14 3
4980 ORDER 6433 37 12 2 33 0
4981 ORDER 6434 85 9 43 62 0
4982 ORDER 6435 49 53 2 50 0
4983 ORDER 6436 17 50 3 39 3
4983 BLOCK 62 61
4984 ORDER 6437 43 32 62 61 3
4985 UNBLOCK 81 42
4985 ORDER 6438 53 6 3 9 0
4986 ORDER 6439 76 27 1 39 0
4986 ORDER 6440 85 48 1 54 0
4987 ORDER 6441 67 12 15 61 0
4987 ORDER 6442 62 17 51 61 0
4987 BLOCK 14 17
4988 ORDER 6443 81 42 3 20 0
4989 CANCEL 6237
4989 ORDER 6444 32 51 48 61 1
4989 BLOCK 49 20
4990 ORDER 6445 76 18 3 15 0
4990 ORDER 6446 17 12 3 2 1
4991 ORDER 6447 8 29 59 61 1
4992 ORDER 6448 62 33 2 20 0
4992 ORDER 6449 62 42 47 61 0
4993 ORDER 6450 59 29 71 61 0
4994 ORDER 6451 39 44 2 19 3
4995 ORDER 6452 60 50 1 35 1
4996 ORDER 6453 49 56 54 61 0
4997 UNBLOCK 58 11
4997 ORDER 6454 14 11 23 62 1
4998 ORDER 6455 57 53 73 61 1
4999 ORDER 6456 49 5 2 41 1
