0 ASSIGN 2 R35 0
0 ASSIGN 1 R23 0
0 ASSIGN 3 R21 4
0 PICK 1 R23
0 PICK 2 R35
1 ASSIGN 5 R10 6
1 ASSIGN 4 R5 9
2 ASSIGN 6 R34 7
2 ASSIGN 7 R33 7
3 ASSIGN 8 R32 6
3 ASSIGN 9 R0 4
3 PICK 3 R21
4 ASSIGN 11 R11 8
4 ASSIGN 10 R1 1
4 PICK 10 R1
5 ASSIGN 13 R2 8
5 ASSIGN 12 R12 6
6 REJECT 14
6 ASSIGN 15 R13 6
6 PICK 9 R0
6 PICK 5 R10
7 ASSIGN 17 R4 11
7 ASSIGN 16 R24 1
7 PICK 16 R24
8 ASSIGN 18 R6 11
8 ASSIGN 19 R7 15
8 DELIVER 1 R23 8
8 PICK 8 R32
8 PICK 7 R33
8 PICK 6 R34
9 ASSIGN 21 R3 4
9 ASSIGN 20 R27 9
9 PICK 4 R5
10 ASSIGN 22 R14 6
10 ASSIGN 23 R29 8
10 PICK 12 R12
11 ASSIGN 25 R8 2
11 ASSIGN 24 R23 17
11 PICK 11 R11
12 ASSIGN 28 R26 18
12 ASSIGN 26 R17 12
12 ASSIGN 27 R9 13
12 PICK 13 R2
12 PICK 21 R3
12 PICK 25 R8
12 PICK 15 R13
13 ASSIGN 29 R31 19
13 ASSIGN 30 R15 15
13 ASSIGN 31 R28 7
14 CANCEL_FAIL 100033
14 ASSIGN 32 R18 20
14 ASSIGN 33 R25 35
15 ASSIGN 34 R16 43
15 ASSIGN 35 R30 21
15 PICK 22 R14
16 ASSIGN 37 R19 22
16 ASSIGN 36 R20 6
17 ASSIGN 38 R22 74
17 PICK 17 R4
17 PICK 20 R27
17 PICK 23 R29
18 PICK 18 R6
19 PICK 31 R28
20 DELIVER 9 R0 17
21 ASSIGN 41 R0 17
21 PICK 36 R20
22 REJECT 49
22 DELIVER 4 R5 21
22 PICK 19 R7
23 ASSIGN 50 R5 46
23 PICK 26 R17
24 PICK 27 R9
24 DELIVER 23 R29 14
24 SIDESTEP R32
25 ASSIGN 47 R29 46
27 PICK 30 R15
27 PICK 24 R23
29 CANCEL 57
29 DELIVER 16 R24 22
29 PICK 28 R26
29 SIDESTEP R32
30 ASSIGN 62 R24 55
31 SIDESTEP R1
31 PICK 29 R31
32 DELIVER 2 R35 32
33 ASSIGN 58 R35 39
33 DELIVER 22 R14 23
33 PICK 32 R18
34 ASSIGN 70 R14 45
34 SIDESTEP R0
34 SIDESTEP R32
35 PICK 35 R30
36 SIDESTEP R1
37 SIDESTEP R19
37 DELIVER 31 R28 24
38 ASSIGN 75 R28 51
39 CANCEL 75
39 ASSIGN 82 R28 18
40 DELIVER 5 R10 39
41 ASSIGN 54 R10 19
41 DELIVER 21 R3 32
41 SIDESTEP R18
42 ASSIGN 92 R3 46
42 SIDESTEP R14
43 PICK 37 R19
44 PICK 41 R0
44 DELIVER 18 R6 36
45 ASSIGN 94 R6 26
45 DELIVER 15 R13 39
46 ASSIGN 98 R13 34
46 SIDESTEP R23
48 CANCEL_FAIL 37
49 REJECT 107
49 DELIVER 12 R12 44
49 REPORT pending=54 aged=0 idle=1 to_pickup=13 delivering=22 to_charger=0 charging=0 dead=0 hot=4,8,4
50 ASSIGN 108 R12 39
50 PICK 33 R25
51 DELIVER 10 R1 47
51 SIDESTEP R23
52 ASSIGN 111 R1 45
52 DELIVER 3 R21 52
53 ASSIGN 116 R21 41
53 SIDESTEP R26
53 DELIVER 20 R27 44
53 SIDESTEP R32
54 ASSIGN 55 R27 9
55 DELIVER 35 R30 40
56 ASSIGN 59 R30 42
56 DELIVER 27 R9 44
56 SIDESTEP R23
56 PICK 82 R28
57 CANCEL 43
57 ASSIGN 124 R9 22
57 SIDESTEP R0
57 PICK 34 R16
58 SIDESTEP R10
58 SIDESTEP R26
58 SIDESTEP R32
59 SIDESTEP R34
61 SIDESTEP R14
61 SIDESTEP R23
62 PICK 55 R27
63 PICK 54 R10
63 SIDESTEP R13
63 SIDESTEP R32
64 DELIVER 25 R8 53
64 SIDESTEP R19
64 SIDESTEP R34
65 ASSIGN 131 R8 37
66 SIDESTEP R6
66 SIDESTEP R23
66 SIDESTEP R30
66 SIDESTEP R33
68 SIDESTEP R13
68 SIDESTEP R32
70 PICK 47 R29
71 PICK 50 R5
71 SIDESTEP R6
71 SIDESTEP R23
71 SIDESTEP R30
71 SIDESTEP R33
71 PICK 58 R35
72 DELIVER 19 R7 64
73 ASSIGN 136 R7 55
73 SIDESTEP R31
73 SIDESTEP R32
76 SIDESTEP R6
76 SIDESTEP R23
76 SIDESTEP R33
77 DELIVER 6 R34 75
78 ASSIGN 163 R34 29
78 DELIVER 17 R4 71
78 DELIVER 50 R5 55
78 SIDESTEP R31
78 SIDESTEP R32
79 ASSIGN 140 R5 50
79 ASSIGN 150 R4 10
80 CANCEL 98
80 ASSIGN 155 R13 48
80 DELIVER 11 R11 76
81 ASSIGN 178 R11 18
81 SIDESTEP R6
81 SIDESTEP R23
81 SIDESTEP R33
82 DELIVER 13 R2 77
83 ASSIGN 177 R2 14
83 DELIVER 37 R19 67
83 SIDESTEP R32
84 ASSIGN 184 R19 20
84 DELIVER 32 R18 70
85 ASSIGN 185 R18 54
85 DELIVER 30 R15 72
85 PICK 62 R24
86 ASSIGN 39 R15 40
86 SIDESTEP R6
86 SIDESTEP R23
86 SIDESTEP R33
87 DELIVER 26 R17 75
88 ASSIGN 193 R17 28
88 SIDESTEP R3
88 PICK 150 R4
88 PICK 108 R12
88 SIDESTEP R21
88 SIDESTEP R32
91 DELIVER 54 R10 66
91 DELIVER 36 R20 75
91 SIDESTEP R33
92 ASSIGN 65 R10 29
92 ASSIGN 67 R20 33
92 SIDESTEP R28
93 SIDESTEP R21
95 CANCEL 59
95 ASSIGN 194 R30 24
96 DELIVER 41 R0 78
96 PICK 111 R1
97 ASSIGN 77 R0 55
97 SIDESTEP R31
98 PICK 178 R11
98 SIDESTEP R28
99 CANCEL 63
99 CANCEL 158
99 REPORT pending=139 aged=28 idle=0 to_pickup=20 delivering=16 to_charger=0 charging=0 dead=0 hot=14,29,4
101 CANCEL 182
101 PICK 131 R8
102 SIDESTEP R25
102 SIDESTEP R31
103 DELIVER 55 R27 78
103 SIDESTEP R28
104 ASSIGN 214 R27 52
104 PICK 177 R2
104 PICK 92 R3
105 SIDESTEP R35
106 CANCEL_FAIL 30
106 PICK 163 R34
107 PICK 94 R6
107 SIDESTEP R14
107 PICK 184 R19
107 PICK 116 R21
107 SIDESTEP R23
107 SIDESTEP R25
108 CANCEL_FAIL 49
108 PICK 124 R9
108 SIDESTEP R28
108 DELIVER 8 R32 105
109 ASSIGN 231 R32 27
111 PICK 70 R14
112 SIDESTEP R13
112 SIDESTEP R23
112 SIDESTEP R25
113 CANCEL_FAIL 36
113 DELIVER 34 R16 98
113 SIDESTEP R28
114 ASSIGN 245 R16 43
114 SIDESTEP R6
114 DELIVER 7 R33 112
115 ASSIGN 80 R33 32
115 PICK 193 R17
115 SIDESTEP R19
115 DELIVER 29 R31 102
116 ASSIGN 85 R31 40
117 SIDESTEP R13
117 SIDESTEP R23
117 SIDESTEP R25
118 SIDESTEP R28
118 PICK 194 R30
120 SIDESTEP R19
121 PICK 65 R10
121 PICK 38 R22
122 SIDESTEP R23
122 SIDESTEP R25
123 DELIVER 193 R17 35
123 SIDESTEP R28
124 ASSIGN 268 R17 24
125 SIDESTEP R19
126 REJECT 272
126 DELIVER 163 R34 51
127 ASSIGN 271 R34 38
127 SIDESTEP R25
127 DELIVER 47 R29 106
127 SIDESTEP R33
128 ASSIGN 86 R29 23
128 PICK 140 R5
128 PICK 136 R7
129 SIDESTEP R32
130 DELIVER 94 R6 87
130 SIDESTEP R18
131 ASSIGN 93 R6 20
132 DELIVER 28 R26 120
133 ASSIGN 97 R26 51
135 DELIVER 24 R23 124
136 ASSIGN 104 R23 13
137 SIDESTEP R4
137 DELIVER 116 R21 84
137 SIDESTEP R28
137 SIDESTEP R31
137 SIDESTEP R33
138 CANCEL 291
138 ASSIGN 298 R21 23
138 DELIVER 178 R11 57
139 ASSIGN 40 R11 45
139 SIDESTEP R17
140 DELIVER 124 R9 83
140 SIDESTEP R29
141 ASSIGN 42 R9 8
142 DELIVER 150 R4 73
142 SIDESTEP R31
143 ASSIGN 306 R4 21
143 SIDESTEP R20
144 PICK 155 R13
145 CANCEL 147
145 SIDESTEP R29
146 PICK 231 R32
147 SIDESTEP R31
148 PICK 42 R9
148 SIDESTEP R20
148 PICK 104 R23
149 REPORT pending=225 aged=107 idle=0 to_pickup=16 delivering=20 to_charger=0 charging=0 dead=0 hot=5,33,4
150 SIDESTEP R4
150 PICK 93 R6
151 DELIVER 65 R10 121
152 ASSIGN 315 R10 18
152 SIDESTEP R31
153 DELIVER 131 R8 92
153 DELIVER 108 R12 103
153 SIDESTEP R20
153 DELIVER 82 R28 115
154 ASSIGN 44 R12 27
154 ASSIGN 45 R28 47
154 ASSIGN 46 R8 60
155 CANCEL 159
155 SIDESTEP R4
155 SIDESTEP R14
155 DELIVER 62 R24 126
155 PICK 214 R27
156 ASSIGN 48 R24 43
156 PICK 245 R16
157 PICK 268 R17
157 DELIVER 184 R19 73
157 SIDESTEP R31
158 ASSIGN 51 R19 54
158 SIDESTEP R20
158 DELIVER 58 R35 131
159 CANCEL 327
159 ASSIGN 52 R35 65
159 DELIVER 92 R3 117
159 DELIVER 194 R30 70
160 ASSIGN 53 R3 13
160 ASSIGN 56 R30 43
160 SIDESTEP R4
160 SIDESTEP R13
160 SIDESTEP R14
161 DELIVER 104 R23 113
162 ASSIGN 60 R23 26
162 SIDESTEP R31
162 PICK 80 R33
163 SIDESTEP R20
163 PICK 86 R29
164 PICK 271 R34
165 SIDESTEP R14
165 SIDESTEP R32
166 SIDESTEP R3
166 DELIVER 140 R5 101
167 ASSIGN 228 R5 16
167 DELIVER 111 R1 116
167 DELIVER 33 R25 153
168 ASSIGN 230 R25 64
168 ASSIGN 235 R1 27
168 PICK 185 R18
168 SIDESTEP R19
169 PICK 315 R10
170 SIDESTEP R14
170 PICK 39 R15
172 PICK 77 R0
172 SIDESTEP R4
172 SIDESTEP R23
172 SIDESTEP R32
173 DELIVER 177 R2 92
174 ASSIGN 237 R2 30
175 CANCEL 318
175 SIDESTEP R14
177 CANCEL_FAIL 3
177 SIDESTEP R23
177 SIDESTEP R32
178 PICK 67 R20
179 PICK 53 R3
180 PICK 44 R12
180 SIDESTEP R14
181 DELIVER 136 R7 118
182 CANCEL 344
182 ASSIGN 123 R7 25
182 PICK 228 R5
182 SIDESTEP R23
182 SIDESTEP R32
183 PICK 40 R11
183 PICK 97 R26
184 CANCEL 323
185 SIDESTEP R14
187 SIDESTEP R23
187 SIDESTEP R32
188 DELIVER 245 R16 75
189 ASSIGN 125 R16 33
190 DELIVER 93 R6 147
190 DELIVER 155 R13 118
190 SIDESTEP R14
191 CANCEL 173
191 ASSIGN 126 R6 49
191 ASSIGN 128 R13 34
191 SIDESTEP R20
191 PICK 85 R31
192 SIDESTEP R23
192 SIDESTEP R32
193 DELIVER 315 R10 47
194 CANCEL 287
194 ASSIGN 135 R10 50
195 SIDESTEP R14
195 DELIVER 268 R17 71
195 PICK 298 R21
196 CANCEL 382
196 ASSIGN 146 R17 39
196 SIDESTEP R12
196 SIDESTEP R20
197 REJECT 426
197 SIDESTEP R23
197 SIDESTEP R29
197 SIDESTEP R32
198 PICK 235 R1
199 DELIVER 38 R22 182
199 REPORT pending=304 aged=182 idle=1 to_pickup=16 delivering=19 to_charger=0 charging=0 dead=0 hot=24,20,5
200 ASSIGN 154 R22 56
200 SIDESTEP R3
200 PICK 45 R28
201 CANCEL 424
201 SIDESTEP R12
201 SIDESTEP R20
202 SIDESTEP R11
202 SIDESTEP R23
202 SIDESTEP R32
203 DELIVER 214 R27 105
203 DELIVER 86 R29 163
204 CANCEL_FAIL 93
204 ASSIGN 161 R27 44
204 ASSIGN 164 R29 8
204 PICK 48 R24
204 PICK 56 R30
205 SIDESTEP R3
205 SIDESTEP R10
206 CANCEL 284
206 SIDESTEP R33
207 DELIVER 77 R0 171
207 SIDESTEP R11
207 SIDESTEP R23
207 SIDESTEP R32
208 ASSIGN 61 R0 32
208 SIDESTEP R12
208 DELIVER 298 R21 70
208 DELIVER 80 R33 171
209 ASSIGN 64 R21 26
209 ASSIGN 168 R33 42
210 SIDESTEP R3
211 DELIVER 70 R14 179
211 PICK 164 R29
212 ASSIGN 68 R14 53
212 SIDESTEP R11
212 SIDESTEP R23
212 SIDESTEP R32
213 DELIVER 39 R15 196
214 ASSIGN 69 R15 32
214 SIDESTEP R30
215 SIDESTEP R3
215 PICK 123 R7
216 PICK 51 R19
217 PICK 237 R2
217 SIDESTEP R11
217 SIDESTEP R23
218 REJECT 470
218 DELIVER 271 R34 92
219 ASSIGN 71 R34 47
219 SIDESTEP R30
220 CANCEL_FAIL 97
221 DELIVER 42 R9 202
221 SIDESTEP R10
222 ASSIGN 72 R9 42
222 SIDESTEP R11
223 CANCEL 420
223 DELIVER 228 R5 118
224 CANCEL 160
224 ASSIGN 73 R5 34
224 PICK 128 R13
224 SIDESTEP R30
224 PICK 52 R35
225 PICK 306 R4
225 DELIVER 85 R31 186
226 ASSIGN 74 R31 49
227 CANCEL 400
227 SIDESTEP R11
227 DELIVER 185 R18 142
228 ASSIGN 76 R18 50
228 DELIVER 231 R32 122
229 ASSIGN 78 R32 41
229 SIDESTEP R30
230 DELIVER 97 R26 185
231 ASSIGN 79 R26 42
231 PICK 230 R25
232 SIDESTEP R11
233 SIDESTEP R1
233 DELIVER 164 R29 157
234 ASSIGN 81 R29 68
234 SIDESTEP R24
234 SIDESTEP R30
235 SIDESTEP R7
236 CANCEL 207
236 SIDESTEP R2
236 PICK 64 R21
238 PICK 146 R17
239 SIDESTEP R1
239 SIDESTEP R3
239 PICK 126 R6
239 SIDESTEP R24
240 PICK 61 R0
240 SIDESTEP R7
240 DELIVER 45 R28 220
241 CANCEL_FAIL 140
241 CANCEL 195
241 CANCEL 423
241 ASSIGN 83 R28 55
241 SIDESTEP R15
241 PICK 125 R16
242 DELIVER 51 R19 219
243 ASSIGN 84 R19 30
244 REJECT 527
244 SIDESTEP R1
244 DELIVER 306 R4 102
244 SIDESTEP R24
245 CANCEL_FAIL 155
245 ASSIGN 87 R4 11
245 SIDESTEP R0
245 DELIVER 53 R3 221
245 SIDESTEP R7
245 SIDESTEP R18
246 ASSIGN 88 R3 48
246 DELIVER 44 R12 226
247 ASSIGN 89 R12 49
247 PICK 161 R27
248 DELIVER 67 R20 217
248 SIDESTEP R26
249 ASSIGN 408 R20 72
249 SIDESTEP R1
249 SIDESTEP R24
249 REPORT pending=380 aged=257 idle=0 to_pickup=21 delivering=15 to_charger=0 charging=0 dead=0 hot=4,15,4
250 CANCEL_FAIL 271
250 SIDESTEP R0
250 PICK 69 R15
250 PICK 168 R33
251 CANCEL 256
251 PICK 60 R23
252 DELIVER 128 R13 193
253 ASSIGN 283 R13 25
253 DELIVER 56 R30 227
254 ASSIGN 286 R30 72
254 SIDESTEP R1
254 PICK 46 R8
255 PICK 87 R4
255 SIDESTEP R18
255 PICK 154 R22
258 PICK 73 R5
259 CANCEL 534
259 SIDESTEP R1
259 DELIVER 146 R17 192
260 CANCEL 507
260 ASSIGN 175 R17 46
260 DELIVER 48 R24 238
261 ASSIGN 176 R24 20
263 PICK 72 R9
263 SIDESTEP R21
263 DELIVER 52 R35 239
264 ASSIGN 303 R35 59
264 SIDESTEP R1
265 DELIVER 237 R2 156
265 DELIVER 60 R23 237
266 ASSIGN 312 R2 18
266 ASSIGN 316 R23 21
266 PICK 135 R10
266 SIDESTEP R11
266 PICK 71 R34
267 SIDESTEP R8
267 DELIVER 230 R25 161
268 ASSIGN 190 R25 67
268 DELIVER 123 R7 211
268 SIDESTEP R21
269 CANCEL 574
269 ASSIGN 192 R7 19
269 SIDESTEP R1
269 PICK 78 R32
272 PICK 84 R19
274 SIDESTEP R1
275 PICK 74 R31
276 SIDESTEP R0
277 DELIVER 73 R5 243
277 DELIVER 126 R6 219
277 SIDESTEP R33
278 ASSIGN 66 R6 16
278 ASSIGN 197 R5 43
278 PICK 283 R13
278 PICK 79 R26
279 SIDESTEP R1
279 SIDESTEP R4
279 SIDESTEP R19
281 CANCEL 512
281 SIDESTEP R0
281 SIDESTEP R24
282 CANCEL 380
282 SIDESTEP R33
283 PICK 312 R2
283 DELIVER 40 R11 265
284 ASSIGN 90 R11 36
284 SIDESTEP R1
284 SIDESTEP R19
286 DELIVER 64 R21 257
286 SIDESTEP R24
287 ASSIGN 91 R21 36
287 DELIVER 61 R0 259
287 SIDESTEP R9
288 ASSIGN 95 R0 48
288 DELIVER 312 R2 144
288 PICK 192 R7
288 SIDESTEP R18
289 ASSIGN 96 R2 61
289 SIDESTEP R1
289 SIDESTEP R19
289 DELIVER 71 R34 256
290 CANCEL 469
290 ASSIGN 99 R34 58
291 DELIVER 69 R15 259
291 SIDESTEP R24
292 ASSIGN 100 R15 64
292 SIDESTEP R9
292 DELIVER 161 R27 218
293 REJECT 635
293 ASSIGN 101 R27 25
293 PICK 66 R6
293 SIDESTEP R18
294 SIDESTEP R19
294 SIDESTEP R32
295 CANCEL 300
296 SIDESTEP R24
296 PICK 83 R28
298 SIDESTEP R14
298 SIDESTEP R18
298 DELIVER 74 R31 264
299 ASSIGN 102 R31 35
299 SIDESTEP R3
299 SIDESTEP R19
299 REPORT pending=461 aged=335 idle=0 to_pickup=21 delivering=15 to_charger=0 charging=0 dead=0 hot=32,20,8
301 SIDESTEP R0
301 SIDESTEP R24
302 PICK 81 R29
303 CANCEL 640
303 DELIVER 125 R16 245
303 SIDESTEP R18
304 ASSIGN 103 R16 30
304 SIDESTEP R12
304 SIDESTEP R19
304 SIDESTEP R25
305 SIDESTEP R4
306 SIDESTEP R0
306 SIDESTEP R9
306 SIDESTEP R24
308 SIDESTEP R13
308 SIDESTEP R22
309 CANCEL 410
309 CANCEL 556
309 PICK 175 R17
309 SIDESTEP R18
309 SIDESTEP R19
309 SIDESTEP R25
309 SIDESTEP R30
309 SIDESTEP R31
310 SIDESTEP R4
310 SIDESTEP R8
311 SIDESTEP R0
311 PICK 68 R14
311 SIDESTEP R24
312 DELIVER 168 R33 235
313 ASSIGN 413 R33 59
313 SIDESTEP R22
314 SIDESTEP R25
315 DELIVER 78 R32 279
316 ASSIGN 105 R32 54
316 SIDESTEP R0
316 SIDESTEP R20
316 SIDESTEP R24
317 SIDESTEP R4
318 DELIVER 135 R10 255
318 SIDESTEP R22
318 PICK 101 R27
319 ASSIGN 106 R10 65
319 PICK 90 R11
320 CANCEL 335
320 CANCEL 684
321 CANCEL 366
321 SIDESTEP R0
321 PICK 88 R3
321 SIDESTEP R15
321 SIDESTEP R24
321 SIDESTEP R32
322 SIDESTEP R4
322 SIDESTEP R13
322 PICK 91 R21
322 SIDESTEP R23
323 DELIVER 46 R8 302
323 DELIVER 81 R29 285
323 PICK 303 R35
324 CANCEL 619
324 ASSIGN 109 R8 31
324 ASSIGN 110 R29 46
325 SIDESTEP R22
326 SIDESTEP R0
326 SIDESTEP R14
326 SIDESTEP R20
327 CANCEL 357
327 PICK 197 R5
327 SIDESTEP R6
327 SIDESTEP R23
327 SIDESTEP R28
329 DELIVER 101 R27 283
330 ASSIGN 198 R27 40
330 SIDESTEP R2
330 DELIVER 72 R9 297
330 SIDESTEP R22
331 ASSIGN 200 R9 22
331 SIDESTEP R4
331 SIDESTEP R13
331 SIDESTEP R33
332 SIDESTEP R24
332 SIDESTEP R28
333 DELIVER 66 R6 303
333 PICK 76 R18
334 ASSIGN 206 R6 61
334 DELIVER 235 R1 226
334 PICK 316 R23
335 ASSIGN 329 R1 38
335 SIDESTEP R2
335 PICK 89 R12
336 CANCEL 358
336 SIDESTEP R4
336 SIDESTEP R13
336 SIDESTEP R16
336 SIDESTEP R33
337 SIDESTEP R0
337 SIDESTEP R9
337 SIDESTEP R28
339 PICK 102 R31
341 SIDESTEP R4
341 SIDESTEP R13
341 SIDESTEP R16
341 SIDESTEP R33
342 SIDESTEP R9
343 CANCEL 586
345 SIDESTEP R23
345 DELIVER 79 R26 308
346 CANCEL 606
346 CANCEL 738
346 ASSIGN 210 R26 14
346 DELIVER 88 R3 306
346 SIDESTEP R4
346 SIDESTEP R5
346 SIDESTEP R12
346 SIDESTEP R16
347 ASSIGN 211 R3 36
347 SIDESTEP R9
347 PICK 99 R34
348 PICK 176 R24
349 REPORT pending=548 aged=421 idle=0 to_pickup=18 delivering=18 to_charger=0 charging=0 dead=0 hot=27,8,3
350 SIDESTEP R20
350 SIDESTEP R23
351 SIDESTEP R12
351 PICK 103 R16
351 DELIVER 154 R22 280
352 ASSIGN 112 R22 41
352 SIDESTEP R9
352 DELIVER 68 R14 321
353 ASSIGN 113 R14 50
353 DELIVER 192 R7 265
353 SIDESTEP R31
354 ASSIGN 114 R7 64
354 PICK 109 R8
354 DELIVER 84 R19 315
355 ASSIGN 115 R19 25
355 SIDESTEP R20
355 SIDESTEP R23
356 SIDESTEP R11
356 SIDESTEP R12
357 CANCEL 661
357 SIDESTEP R9
358 SIDESTEP R27
358 SIDESTEP R31
359 PICK 210 R26
360 SIDESTEP R20
360 SIDESTEP R23
361 SIDESTEP R11
361 SIDESTEP R12
361 PICK 100 R15
362 SIDESTEP R9
363 SIDESTEP R27
363 SIDESTEP R31
365 SIDESTEP R20
365 SIDESTEP R23
366 SIDESTEP R11
367 SIDESTEP R4
367 SIDESTEP R9
368 CANCEL 794
368 SIDESTEP R27
368 SIDESTEP R31
369 SIDESTEP R34
370 DELIVER 175 R17 290
370 SIDESTEP R23
371 ASSIGN 117 R17 57
371 SIDESTEP R11
371 SIDESTEP R33
372 PICK 329 R1
372 SIDESTEP R3
372 SIDESTEP R4
372 SIDESTEP R9
372 SIDESTEP R18
373 SIDESTEP R6
373 SIDESTEP R27
373 SIDESTEP R31
374 PICK 96 R2
374 SIDESTEP R34
375 DELIVER 91 R21 333
375 SIDESTEP R23
376 ASSIGN 118 R21 43
376 PICK 190 R25
377 SIDESTEP R9
377 SIDESTEP R18
378 SIDESTEP R0
378 SIDESTEP R27
378 SIDESTEP R31
379 PICK 115 R19
379 SIDESTEP R34
380 REJECT 824
380 SIDESTEP R23
380 PICK 286 R30
382 CANCEL 795
382 SIDESTEP R9
383 SIDESTEP R0
383 PICK 106 R10
383 SIDESTEP R27
383 SIDESTEP R31
384 CANCEL 776
384 SIDESTEP R1
384 SIDESTEP R34
385 DELIVER 197 R5 295
385 SIDESTEP R23
386 CANCEL 709
386 ASSIGN 119 R5 37
387 CANCEL 680
387 SIDESTEP R9
387 SIDESTEP R15
387 PICK 408 R20
387 SIDESTEP R35
388 SIDESTEP R0
388 SIDESTEP R27
388 SIDESTEP R31
389 PICK 211 R3
389 DELIVER 109 R8 339
389 SIDESTEP R34
390 ASSIGN 120 R8 15
390 DELIVER 103 R16 343
390 SIDESTEP R23
391 ASSIGN 121 R16 12
392 CANCEL 809
392 SIDESTEP R9
392 PICK 112 R22
393 SIDESTEP R15
393 SIDESTEP R27
393 SIDESTEP R31
394 CANCEL 538
394 DELIVER 87 R4 354
394 SIDESTEP R11
394 SIDESTEP R19
394 SIDESTEP R34
395 CANCEL 760
395 ASSIGN 463 R4 46
395 SIDESTEP R23
398 SIDESTEP R27
398 SIDESTEP R30
398 SIDESTEP R31
399 SIDESTEP R4
399 SIDESTEP R8
399 SIDESTEP R11
399 DELIVER 283 R13 268
399 SIDESTEP R34
399 REPORT pending=635 aged=514 idle=1 to_pickup=15 delivering=20 to_charger=0 charging=0 dead=0 hot=4,15,7
400 ASSIGN 217 R13 40
400 PICK 206 R6
400 SIDESTEP R23
400 DELIVER 176 R24 320
400 SIDESTEP R28
401 CANCEL 634
401 ASSIGN 221 R24 50
402 PICK 113 R14
402 PICK 121 R16
402 DELIVER 303 R35 262
403 ASSIGN 353 R35 38
403 DELIVER 210 R26 307
403 SIDESTEP R30
403 SIDESTEP R31
404 CANCEL 632
404 ASSIGN 122 R26 25
404 SIDESTEP R5
404 SIDESTEP R11
404 SIDESTEP R34
405 DELIVER 89 R12 364
405 SIDESTEP R23
405 SIDESTEP R28
406 CANCEL 643
406 ASSIGN 488 R12 54
406 SIDESTEP R2
406 SIDESTEP R18
407 SIDESTEP R3
408 DELIVER 112 R22 357
408 SIDESTEP R30
409 ASSIGN 234 R22 37
409 SIDESTEP R5
409 SIDESTEP R34
410 CANCEL 685
410 SIDESTEP R15
410 SIDESTEP R23
410 SIDESTEP R28
411 SIDESTEP R18
412 SIDESTEP R3
413 SIDESTEP R30
414 CANCEL 820
414 SIDESTEP R8
415 SIDESTEP R15
415 PICK 413 R33
416 CANCEL 825
416 SIDESTEP R18
417 SIDESTEP R3
417 DELIVER 121 R16 361
417 DELIVER 190 R25 330
418 ASSIGN 239 R16 14
418 ASSIGN 246 R25 57
418 PICK 95 R0
418 PICK 114 R7
419 SIDESTEP R8
419 PICK 105 R32
420 SIDESTEP R15
421 PICK 110 R29
422 CANCEL 719
422 SIDESTEP R5
422 PICK 118 R21
422 SIDESTEP R33
424 DELIVER 329 R1 272
424 SIDESTEP R8
425 ASSIGN 127 R1 47
425 SIDESTEP R15
428 PICK 122 R26
429 CANCEL 880
429 SIDESTEP R8
429 PICK 200 R9
430 CANCEL 541
430 SIDESTEP R5
430 DELIVER 106 R10 381
431 ASSIGN 129 R10 23
431 PICK 239 R16
432 CANCEL 806
434 SIDESTEP R8
435 SIDESTEP R3
435 SIDESTEP R5
435 DELIVER 122 R26 379
435 PICK 198 R27
436 ASSIGN 130 R26 55
436 SIDESTEP R11
436 SIDESTEP R24
438 DELIVER 115 R19 385
438 SIDESTEP R23
439 ASSIGN 132 R19 22
439 SIDESTEP R8
439 DELIVER 200 R9 348
439 PICK 217 R13
439 SIDESTEP R16
439 PICK 117 R17
440 ASSIGN 133 R9 43
440 DELIVER 95 R0 396
440 SIDESTEP R5
440 DELIVER 76 R18 405
440 SIDESTEP R33
440 PICK 353 R35
441 ASSIGN 134 R0 22
441 ASSIGN 137 R18 48
443 SIDESTEP R29
444 PICK 463 R4
444 SIDESTEP R8
444 SIDESTEP R16
445 SIDESTEP R5
446 DELIVER 198 R27 356
447 CANCEL 881
447 ASSIGN 138 R27 28
447 SIDESTEP R19
447 SIDESTEP R22
449 SIDESTEP R8
449 REPORT pending=714 aged=589 idle=0 to_pickup=14 delivering=22 to_charger=0 charging=0 dead=0 hot=5,34,5
450 CANCEL 579
450 SIDESTEP R23
451 DELIVER 211 R3 355
451 DELIVER 100 R15 405
451 PICK 234 R22
452 CANCEL 911
452 ASSIGN 139 R15 37
452 ASSIGN 141 R3 16
453 SIDESTEP R21
453 SIDESTEP R31
454 SIDESTEP R6
454 SIDESTEP R8
454 SIDESTEP R27
455 DELIVER 217 R13 356
455 SIDESTEP R23
456 ASSIGN 142 R13 49
456 SIDESTEP R16
457 DELIVER 286 R30 325
458 CANCEL 712
458 ASSIGN 143 R30 28
458 SIDESTEP R21
458 DELIVER 83 R28 419
459 CANCEL 683
459 ASSIGN 144 R28 57
459 SIDESTEP R6
459 SIDESTEP R8
459 DELIVER 117 R17 405
459 SIDESTEP R27
459 DELIVER 99 R34 414
460 CANCEL 890
460 GO_CHARGE R17 42 1
460 GO_CHARGE R34 33 1
460 PICK 221 R24
460 DELIVER 105 R32 412
461 ASSIGN 145 R32 43
461 SIDESTEP R16
462 PICK 488 R12
463 SIDESTEP R21
463 SIDESTEP R28
463 DELIVER 102 R31 416
464 ASSIGN 148 R31 54
464 SIDESTEP R6
464 SIDESTEP R8
464 PICK 132 R19
464 SIDESTEP R27
466 SIDESTEP R16
467 REJECT 1009
467 DELIVER 96 R2 423
467 PICK 141 R3
467 DELIVER 114 R7 415
467 PICK 129 R10
468 ASSIGN 363 R2 51
468 GO_CHARGE R7 6 1
468 SIDESTEP R21
469 SIDESTEP R6
469 SIDESTEP R27
470 DELIVER 113 R14 418
471 ASSIGN 489 R14 38
471 PICK 127 R1
471 SIDESTEP R16
472 SIDESTEP R10
473 SIDESTEP R21
473 DELIVER 316 R23 327
474 ASSIGN 247 R23 51
474 SIDESTEP R6
474 SIDESTEP R11
474 DELIVER 408 R20 285
474 PICK 246 R25
474 SIDESTEP R27
475 ASSIGN 248 R20 51
475 SIDESTEP R8
475 SIDESTEP R28
476 SIDESTEP R16
477 SIDESTEP R2
477 SIDESTEP R10
478 DELIVER 132 R19 417
478 SIDESTEP R21
479 CANCEL 940
479 GO_CHARGE R19 24 1
479 SIDESTEP R6
479 SIDESTEP R11
480 CANCEL 979
480 CANCEL 1032
480 SIDESTEP R9
480 SIDESTEP R31
481 SIDESTEP R16
482 SIDESTEP R2
482 DELIVER 141 R3 417
482 SIDESTEP R10
483 ASSIGN 250 R3 48
483 SIDESTEP R18
483 DELIVER 221 R24 382
483 SIDESTEP R35
484 ASSIGN 251 R24 52
484 SIDESTEP R6
484 SIDESTEP R34
485 PICK 120 R8
485 PICK 143 R30
486 SIDESTEP R11
486 SIDESTEP R16
487 SIDESTEP R2
487 SIDESTEP R10
488 SIDESTEP R18
489 SIDESTEP R6
489 CHARGE R7
489 DELIVER 413 R33 298
489 SIDESTEP R34
490 ASSIGN 149 R33 31
490 SIDESTEP R17
490 SIDESTEP R22
491 SIDESTEP R1
491 SIDESTEP R11
491 SIDESTEP R16
492 CANCEL 725
492 SIDESTEP R10
493 CANCEL 817
493 SIDESTEP R18
494 PICK 134 R0
494 SIDESTEP R6
494 DELIVER 353 R35 331
495 GO_CHARGE R35 15 1
495 SIDESTEP R22
496 CANCEL 903
496 SIDESTEP R11
496 SIDESTEP R16
496 DELIVER 110 R29 445
497 GO_CHARGE R29 6 1
497 DELIVER 463 R4 282
497 SIDESTEP R10
498 ASSIGN 151 R4 54
498 SIDESTEP R18
498 SIDESTEP R32
499 SIDESTEP R6
499 SIDESTEP R23
499 REPORT pending=795 aged=670 idle=0 to_pickup=18 delivering=12 to_charger=5 charging=1 dead=0 hot=34,27,6
500 SIDESTEP R22
501 DELIVER 127 R1 442
501 SIDESTEP R11
501 SIDESTEP R16
502 GO_CHARGE R1 6 1
502 SIDESTEP R10
503 SIDESTEP R18
503 SIDESTEP R32
504 CHARGED R7
504 ASSIGN 152 R7 40
504 PICK 119 R5
504 SIDESTEP R6
504 PICK 142 R13
505 SIDESTEP R22
505 PICK 138 R27
505 DELIVER 143 R30 439
506 ASSIGN 153 R30 32
508 SIDESTEP R14
508 SIDESTEP R18
508 DELIVER 118 R21 454
508 SIDESTEP R32
509 GO_CHARGE R21 15 1
509 PICK 133 R9
510 SIDESTEP R22
511 CANCEL 1073
511 SIDESTEP R4
513 DELIVER 488 R12 287
514 GO_CHARGE R12 6 1
514 SIDESTEP R16
514 SIDESTEP R18
514 SIDESTEP R34
514 CHARGE R35
515 SIDESTEP R22
515 SIDESTEP R32
518 CANCEL 750
518 SIDESTEP R8
518 DELIVER 90 R11 477
519 GO_CHARGE R11 6 1
519 SIDESTEP R16
519 SIDESTEP R18
519 SIDESTEP R27
520 SIDESTEP R22
520 DELIVER 246 R25 406
520 SIDESTEP R32
521 GO_CHARGE R25 33 1
521 PICK 149 R33
522 CHARGE R17
524 SIDESTEP R16
524 SIDESTEP R27
525 SIDESTEP R22
525 SIDESTEP R32
526 CANCEL 722
526 CHARGE R11
526 PICK 139 R15
526 PICK 248 R20
527 PICK 144 R28
527 PICK 148 R31
529 CHARGED R35
529 ASSIGN 156 R35 36
529 SIDESTEP R5
529 SIDESTEP R27
530 SIDESTEP R22
530 SIDESTEP R32
531 SIDESTEP R4
533 DELIVER 206 R6 439
534 GO_CHARGE R6 6 1
534 SIDESTEP R27
535 PICK 250 R3
535 SIDESTEP R10
535 SIDESTEP R22
535 PICK 130 R26
535 SIDESTEP R32
536 REJECT 1159
536 PICK 137 R18
536 PICK 247 R23
537 REJECT 1161
537 DELIVER 134 R0 475
538 CHARGED R17
538 ASSIGN 383 R17 11
538 ASSIGN 504 R0 37
538 SIDESTEP R25
540 SIDESTEP R29
541 CHARGED R11
541 ASSIGN 258 R11 31
541 SIDESTEP R4
541 DELIVER 142 R13 475
541 SIDESTEP R19
541 SIDESTEP R24
541 PICK 153 R30
541 SIDESTEP R34
542 GO_CHARGE R13 42 1
542 CHARGE R1
542 CHARGE R19
543 PICK 489 R14
543 SIDESTEP R25
544 DELIVER 138 R27 480
545 GO_CHARGE R27 6 1
547 PICK 152 R7
548 PICK 383 R17
549 DELIVER 119 R5 494
549 REPORT pending=893 aged=765 idle=1 to_pickup=7 delivering=18 to_charger=8 charging=2 dead=0 hot=4,1,4
550 GO_CHARGE R5 33 1
550 SIDESTEP R12
550 DELIVER 234 R22 442
551 GO_CHARGE R22 6 1
551 SIDESTEP R25
552 CANCEL 996
553 PICK 145 R32
554 CANCEL 1081
554 SIDESTEP R13
556 CANCEL 964
556 SIDESTEP R12
556 SIDESTEP R25
557 CHARGED R19
557 ASSIGN 157 R19 34
557 SIDESTEP R11
557 SIDESTEP R14
558 CHARGED R1
558 ASSIGN 162 R1 71
558 SIDESTEP R18
558 CHARGE R29
559 DELIVER 152 R7 489
560 ASSIGN 165 R7 41
560 DELIVER 153 R30 489
561 CANCEL 1191
561 ASSIGN 166 R30 33
561 SIDESTEP R25
561 SIDESTEP R35
562 SIDESTEP R5
562 DELIVER 120 R8 507
562 SIDESTEP R11
562 CHARGE R21
563 GO_CHARGE R8 42 1
563 SIDESTEP R18
564 CANCEL 821
564 DELIVER 247 R23 450
564 DELIVER 144 R28 498
565 ASSIGN 167 R28 14
565 ASSIGN 169 R23 51
565 SIDESTEP R12
566 CANCEL 938
566 CANCEL 1062
566 SIDESTEP R25
566 SIDESTEP R35
567 PICK 151 R4
567 SIDESTEP R5
567 SIDESTEP R11
567 DELIVER 139 R15 503
568 CANCEL 843
568 CANCEL 859
568 GO_CHARGE R15 24 1
569 DELIVER 489 R14 342
570 CANCEL 1025
570 ASSIGN 170 R14 60
570 SIDESTEP R1
570 DELIVER 133 R9 508
570 DELIVER 248 R20 455
571 ASSIGN 171 R20 25
571 ASSIGN 172 R9 14
571 SIDESTEP R12
571 SIDESTEP R35
572 CANCEL 897
572 SIDESTEP R11
572 PICK 251 R24
573 PICK 363 R2
573 SIDESTEP R8
573 SIDESTEP R10
574 CANCEL 1177
574 CHARGED R29
574 ASSIGN 174 R29 46
574 DELIVER 130 R26 514
575 CANCEL 918
575 GO_CHARGE R26 6 1
575 PICK 504 R0
575 CHARGE R22
575 SIDESTEP R32
576 SIDESTEP R15
576 SIDESTEP R35
578 CHARGED R21
578 ASSIGN 179 R21 23
578 SIDESTEP R14
578 SIDESTEP R16
579 DELIVER 250 R3 463
579 SIDESTEP R11
579 DELIVER 137 R18 515
579 PICK 167 R28
580 ASSIGN 180 R18 41
580 GO_CHARGE R3 42 1
580 SIDESTEP R32
581 CANCEL 888
582 CANCEL 870
582 SIDESTEP R15
582 DELIVER 383 R17 405
583 ASSIGN 181 R17 47
583 SIDESTEP R14
584 PICK 172 R9
584 DELIVER 148 R31 516
585 GO_CHARGE R31 15 1
585 SIDESTEP R32
586 SIDESTEP R6
586 DELIVER 239 R16 476
587 CANCEL 1145
587 GO_CHARGE R16 6 1
587 SIDESTEP R10
587 SIDESTEP R26
587 SIDESTEP R27
588 REJECT 1276
588 SIDESTEP R14
588 CHARGE R34
590 CHARGED R22
590 ASSIGN 183 R22 67
590 PICK 157 R19
590 SIDESTEP R32
591 CANCEL 1190
591 CHARGE R12
592 SIDESTEP R10
592 SIDESTEP R23
592 SIDESTEP R28
592 PICK 156 R35
593 SIDESTEP R14
593 SIDESTEP R15
593 PICK 166 R30
595 CANCEL 1023
595 REJECT 1294
595 PICK 171 R20
595 SIDESTEP R32
596 DELIVER 149 R33 527
597 GO_CHARGE R33 42 1
597 SIDESTEP R10
597 SIDESTEP R26
598 CANCEL 877
599 SIDESTEP R6
599 REPORT pending=973 aged=842 idle=0 to_pickup=10 delivering=12 to_charger=12 charging=2 dead=0 hot=34,30,7
600 SIDESTEP R32
601 CANCEL 1260
601 DELIVER 157 R19 529
602 ASSIGN 386 R19 57
602 SIDESTEP R15
602 SIDESTEP R23
602 SIDESTEP R26
602 SIDESTEP R29
603 DELIVER 504 R0 369
603 SIDESTEP R10
603 PICK 258 R11
603 SIDESTEP R16
603 SIDESTEP R35
604 CANCEL 1022
604 CHARGED R34
604 ASSIGN 266 R34 13
604 GO_CHARGE R0 6 1
604 PICK 165 R7
605 PICK 179 R21
605 SIDESTEP R32
606 SIDESTEP R25
607 CHARGED R12
607 ASSIGN 273 R12 46
607 SIDESTEP R26
608 CANCEL_FAIL 101322
609 CANCEL 922
609 CANCEL 1150
609 SIDESTEP R10
609 SIDESTEP R13
609 SIDESTEP R16
609 CHARGE R27
610 SIDESTEP R32
612 SIDESTEP R14
612 SIDESTEP R18
614 SIDESTEP R10
614 DELIVER 251 R24 498
615 GO_CHARGE R24 33 1
615 SIDESTEP R16
615 SIDESTEP R25
615 SIDESTEP R31
615 SIDESTEP R32
616 PICK 266 R34
618 DELIVER 363 R2 450
618 SIDESTEP R21
619 GO_CHARGE R2 6 1
619 CHARGE R8
619 SIDESTEP R10
620 DELIVER 151 R4 550
620 SIDESTEP R32
621 GO_CHARGE R4 6 1
621 SIDESTEP R16
621 SIDESTEP R25
623 SIDESTEP R21
624 DELIVER 172 R9 545
624 SIDESTEP R10
625 GO_CHARGE R9 6 1
625 SIDESTEP R30
625 SIDESTEP R32
626 CANCEL 1124
626 CHARGED R27
626 ASSIGN 186 R27 42
626 DELIVER 258 R11 507
626 SIDESTEP R28
627 ASSIGN 187 R11 38
627 CHARGE R6
627 SIDESTEP R16
628 CANCEL 1144
628 SIDESTEP R21
629 CANCEL 993
629 SIDESTEP R10
629 PICK 181 R17
629 SIDESTEP R20
630 SIDESTEP R30
630 SIDESTEP R32
631 CANCEL 1123
632 CANCEL 1308
632 SIDESTEP R16
633 SIDESTEP R0
634 SIDESTEP R10
635 SIDESTEP R30
636 PICK 162 R1
636 PICK 174 R29
637 CHARGED R8
637 ASSIGN 188 R8 31
637 SIDESTEP R16
638 CANCEL 1112
638 SIDESTEP R0
638 SIDESTEP R4
638 SIDESTEP R33
639 SIDESTEP R10
639 PICK 180 R18
640 REJECT 1394
640 SIDESTEP R5
640 SIDESTEP R14
640 SIDESTEP R23
640 SIDESTEP R30
641 SIDESTEP R8
641 CHARGE R13
643 SIDESTEP R0
643 DELIVER 165 R7 567
644 CHARGED R6
644 ASSIGN 189 R7 32
644 ASSIGN 191 R6 41
644 SIDESTEP R4
644 SIDESTEP R10
644 CHARGE R16
644 DELIVER 156 R35 572
645 CANCEL 1137
645 CANCEL 1222
645 ASSIGN 196 R35 44
645 SIDESTEP R5
645 SIDESTEP R14
645 SIDESTEP R22
645 SIDESTEP R23
645 SIDESTEP R30
648 DELIVER 180 R18 566
649 GO_CHARGE R18 6 1
649 SIDESTEP R0
649 SIDESTEP R10
649 REPORT pending=1061 aged=931 idle=0 to_pickup=11 delivering=10 to_charger=13 charging=2 dead=0 hot=4,1,5
650 SIDESTEP R4
650 SIDESTEP R22
650 SIDESTEP R30
650 SIDESTEP R31
651 SIDESTEP R15
653 CANCEL 1042
653 REJECT 1420
654 SIDESTEP R10
654 CHARGE R31
655 SIDESTEP R4
655 SIDESTEP R22
655 SIDESTEP R30
656 CANCEL 1353
656 SIDESTEP R2
656 SIDESTEP R15
658 CHARGED R13
658 ASSIGN 199 R13 58
659 CHARGE R3
659 SIDESTEP R10
659 PICK 386 R19
660 SIDESTEP R4
660 SIDESTEP R22
660 SIDESTEP R30
661 CHARGED R16
661 ASSIGN 387 R16 50
661 SIDESTEP R18
661 CHARGE R26
663 REJECT 1444
664 SIDESTEP R10
664 PICK 187 R11
664 DELIVER 167 R28 587
665 GO_CHARGE R28 6 1
665 SIDESTEP R30
666 REJECT 1451
666 SIDESTEP R4
666 DELIVER 171 R20 587
666 SIDESTEP R23
666 DELIVER 145 R32 599
667 GO_CHARGE R20 33 1
667 GO_CHARGE R32 33 1
667 SIDESTEP R22
668 CANCEL 1092
668 SIDESTEP R18
669 REJECT 1457
669 SIDESTEP R10
670 DELIVER 174 R29 590
671 ASSIGN 275 R29 45
671 PICK 188 R8
671 SIDESTEP R9
671 SIDESTEP R11
672 CHARGED R31
672 ASSIGN 278 R31 63
672 SIDESTEP R22
673 SIDESTEP R14
673 SIDESTEP R18
674 SIDESTEP R4
674 SIDESTEP R10
675 CANCEL 1153
675 PICK 189 R7
675 DELIVER 179 R21 593
676 ASSIGN 280 R21 27
676 DELIVER 266 R34 553
677 CHARGED R3
677 ASSIGN 282 R34 31
677 ASSIGN 288 R3 49
677 SIDESTEP R9
677 DELIVER 181 R17 594
677 SIDESTEP R22
677 CHARGE R33
678 CANCEL 1058
678 CHARGED R26
678 ASSIGN 295 R26 7
678 ASSIGN 397 R17 29
678 SIDESTEP R14
679 SIDESTEP R10
679 SIDESTEP R18
680 SIDESTEP R4
682 SIDESTEP R22
682 SIDESTEP R26
682 SIDESTEP R27
683 CHARGE R0
683 SIDESTEP R9
683 SIDESTEP R24
684 SIDESTEP R10
684 SIDESTEP R13
684 SIDESTEP R14
685 SIDESTEP R18
685 CHARGE R25
686 SIDESTEP R1
686 SIDESTEP R4
687 CANCEL 1422
687 SIDESTEP R22
688 CANCEL 1295
688 SIDESTEP R24
688 DELIVER 166 R30 611
689 CANCEL_FAIL 101500
689 GO_CHARGE R30 33 1
689 SIDESTEP R10
690 PICK 295 R26
691 SIDESTEP R13
691 SIDESTEP R14
691 SIDESTEP R18
692 CANCEL 1143
692 SIDESTEP R4
692 SIDESTEP R7
692 DELIVER 188 R8 606
692 SIDESTEP R22
693 ASSIGN 201 R8 68
693 SIDESTEP R24
694 CHARGED R33
694 ASSIGN 202 R33 26
696 SIDESTEP R14
696 SIDESTEP R16
697 SIDESTEP R4
697 SIDESTEP R22
697 DELIVER 295 R26 560
697 SIDESTEP R28
698 ASSIGN 203 R26 49
698 SIDESTEP R24
699 CHARGED R0
699 ASSIGN 204 R0 53
699 CHARGE R2
699 REPORT pending=1144 aged=1020 idle=0 to_pickup=19 delivering=5 to_charger=10 charging=2 dead=0 hot=4,1,6
700 CANCEL 1203
700 CANCEL 1285
700 CANCEL 1479
701 CHARGED R25
701 ASSIGN 205 R25 27
701 SIDESTEP R14
702 PICK 191 R6
702 PICK 280 R21
702 SIDESTEP R22
702 SIDESTEP R28
703 CANCEL 1452
703 SIDESTEP R18
705 SIDESTEP R20
705 SIDESTEP R25
706 CANCEL 1440
706 DELIVER 162 R1 631
706 CHARGE R5
706 SIDESTEP R14
706 PICK 397 R17
707 ASSIGN 208 R1 27
707 SIDESTEP R6
707 SIDESTEP R22
707 SIDESTEP R28
707 PICK 282 R34
708 PICK 186 R27
709 SIDESTEP R18
710 SIDESTEP R0
710 SIDESTEP R20
711 SIDESTEP R14
711 SIDESTEP R29
711 PICK 196 R35
712 CANCEL 1282
712 SIDESTEP R30
713 SIDESTEP R11
713 SIDESTEP R28
714 SIDESTEP R31
715 CANCEL 1193
715 SIDESTEP R18
716 CHARGED R2
716 ASSIGN 209 R2 18
716 CHARGE R4
717 CANCEL 1485
717 SIDESTEP R3
717 SIDESTEP R30
718 PICK 273 R12
719 SIDESTEP R16
720 SIDESTEP R10
720 DELIVER 397 R17 536
720 SIDESTEP R23
721 ASSIGN 516 R17 31
721 SIDESTEP R11
721 SIDESTEP R18
721 SIDESTEP R22
721 SIDESTEP R29
722 CANCEL 1427
722 SIDESTEP R3
722 SIDESTEP R14
722 SIDESTEP R20
723 CHARGED R5
723 ASSIGN 212 R5 20
723 SIDESTEP R34
725 SIDESTEP R10
725 SIDESTEP R23
726 CANCEL 1368
726 SIDESTEP R11
726 SIDESTEP R22
726 SIDESTEP R29
726 SIDESTEP R32
726 PICK 202 R33
727 SIDESTEP R18
727 SIDESTEP R20
728 SIDESTEP R31
728 SIDESTEP R34
729 DELIVER 189 R7 643
729 SIDESTEP R14
730 ASSIGN 213 R7 47
730 SIDESTEP R10
730 SIDESTEP R12
730 SIDESTEP R23
730 SIDESTEP R25
731 SIDESTEP R32
732 SIDESTEP R20
733 CHARGED R4
733 ASSIGN 215 R4 30
733 CHARGE R9
733 SIDESTEP R18
733 SIDESTEP R34
734 REJECT 1599
734 SIDESTEP R14
734 SIDESTEP R29
735 PICK 208 R1
735 SIDESTEP R10
736 CANCEL 1258
736 DEAD R10
736 LOST 129
737 DELIVER 280 R21 607
738 ASSIGN 418 R21 17
738 DELIVER 386 R19 560
739 ASSIGN 299 R19 53
739 SIDESTEP R14
739 CHARGE R15
739 SIDESTEP R18
739 SIDESTEP R22
739 SIDESTEP R29
740 SIDESTEP R11
740 PICK 199 R13
740 SIDESTEP R20
740 PICK 169 R23
742 PICK 212 R5
742 CHARGE R24
744 SIDESTEP R14
744 SIDESTEP R22
744 SIDESTEP R29
745 DELIVER 191 R6 658
745 SIDESTEP R11
745 SIDESTEP R18
745 SIDESTEP R20
746 ASSIGN 301 R6 65
746 PICK 203 R26
747 DELIVER 186 R27 662
748 ASSIGN 302 R27 48
749 PICK 209 R2
749 PICK 288 R3
749 SIDESTEP R14
749 SIDESTEP R29
749 REPORT pending=1233 aged=1101 idle=0 to_pickup=15 delivering=12 to_charger=5 charging=3 dead=1 hot=33,18,7
750 CHARGED R9
750 ASSIGN 304 R9 30
750 SIDESTEP R11
750 SIDESTEP R20
750 CHARGE R28
750 SIDESTEP R30
751 PICK 516 R17
754 SIDESTEP R14
754 SIDESTEP R29
755 PICK 204 R0
755 PICK 418 R21
756 CHARGED R15
756 ASSIGN 313 R15 24
756 SIDESTEP R22
759 CHARGED R24
759 ASSIGN 216 R24 44
759 SIDESTEP R14
759 SIDESTEP R29
761 DELIVER 199 R13 670
761 SIDESTEP R22
762 ASSIGN 218 R13 81
762 PICK 215 R4
763 REJECT 1662
763 SIDESTEP R24
763 CHARGE R32
764 SIDESTEP R14
764 SIDESTEP R29
764 DELIVER 196 R35 674
765 CANCEL 1510
765 ASSIGN 219 R35 42
765 PICK 387 R16
766 SIDESTEP R22
766 PICK 205 R25
766 DELIVER 282 R34 636
767 CHARGED R28
767 ASSIGN 220 R34 14
767 ASSIGN 222 R28 69
768 DELIVER 288 R3 635
768 CHARGE R18
769 ASSIGN 223 R3 58
769 SIDESTEP R27
771 SIDESTEP R8
771 SIDESTEP R22
771 DELIVER 202 R33 679
772 ASSIGN 224 R33 14
773 PICK 278 R31
773 SIDESTEP R35
776 DELIVER 208 R1 681
777 CANCEL 1310
777 ASSIGN 225 R1 37
777 DELIVER 169 R23 699
778 GO_CHARGE R23 15 1
778 PICK 213 R7
779 CHARGED R32
779 ASSIGN 226 R32 37
779 PICK 304 R9
779 DELIVER 273 R12 652
779 PICK 313 R15
780 ASSIGN 227 R12 57
781 CANCEL 1299
782 SIDESTEP R6
782 DELIVER 203 R26 689
783 CANCEL 1362
783 ASSIGN 229 R26 22
783 DELIVER 187 R11 697
784 CHARGED R18
784 ASSIGN 232 R18 32
784 ASSIGN 233 R11 36
784 DELIVER 516 R17 545
784 PICK 220 R34
785 ASSIGN 236 R17 28
785 SIDESTEP R31
785 PICK 224 R33
786 PICK 275 R29
789 CANCEL 1490
789 SIDESTEP R15
790 CANCEL 1640
790 SIDESTEP R24
790 SIDESTEP R31
791 CANCEL 1690
792 SIDESTEP R32
794 SIDESTEP R15
794 SIDESTEP R19
795 DELIVER 212 R5 698
795 PICK 201 R8
795 DELIVER 304 R9 654
795 SIDESTEP R25
796 ASSIGN 238 R9 36
796 ASSIGN 240 R5 59
797 SIDESTEP R31
798 SIDESTEP R1
798 CHARGE R23
799 DELIVER 220 R34 698
799 REPORT pending=1314 aged=1188 idle=1 to_pickup=19 delivering=12 to_charger=2 charging=1 dead=1 hot=22,16,4
800 ASSIGN 241 R34 31
800 SIDESTEP R28
801 DELIVER 209 R2 706
802 CANCEL 1719
802 REJECT 1746
802 ASSIGN 564 R2 63
802 PICK 299 R19
802 CHARGE R20
802 PICK 302 R27
802 DEAD R30
802 SIDESTEP R31
803 SIDESTEP R1
803 SIDESTEP R11
805 CANCEL 1620
806 SIDESTEP R4
806 DELIVER 224 R33 703
807 ASSIGN 438 R33 26
807 SIDESTEP R21
807 SIDESTEP R26
807 SIDESTEP R27
807 SIDESTEP R31
808 SIDESTEP R1
808 SIDESTEP R11
809 PICK 170 R14
810 CANCEL 1628
810 PICK 229 R26
811 CANCEL 1428
811 SIDESTEP R4
812 CANCEL 1386
812 SIDESTEP R21
812 SIDESTEP R31
813 REJECT 1770
813 CHARGED R23
813 ASSIGN 324 R23 53
813 SIDESTEP R1
813 SIDESTEP R11
813 PICK 236 R17
813 PICK 183 R22
813 PICK 219 R35
814 CANCEL 1692
814 DELIVER 204 R0 721
814 PICK 301 R6
814 SIDESTEP R14
814 DELIVER 387 R16 635
815 CANCEL 1521
815 ASSIGN 330 R0 36
815 ASSIGN 444 R16 34
816 SIDESTEP R4
817 CANCEL 1624
817 SIDESTEP R21
817 SIDESTEP R31
818 CANCEL 1752
819 DELIVER 236 R17 710
819 PICK 216 R24
819 PICK 226 R32
820 ASSIGN 337 R17 47
821 CHARGED R20
821 ASSIGN 341 R20 35
821 SIDESTEP R4
822 SIDESTEP R21
824 SIDESTEP R15
826 SIDESTEP R35
827 PICK 223 R3
827 SIDESTEP R21
827 SIDESTEP R22
827 DELIVER 205 R25 733
827 SIDESTEP R34
828 ASSIGN 345 R25 57
828 SIDESTEP R1
829 SIDESTEP R15
831 DELIVER 275 R29 703
831 SIDESTEP R35
832 CANCEL 1688
832 ASSIGN 242 R29 16
832 SIDESTEP R0
832 DELIVER 215 R4 734
832 SIDESTEP R21
832 SIDESTEP R32
832 PICK 438 R33
833 ASSIGN 243 R4 57
833 SIDESTEP R11
834 SIDESTEP R15
836 RESCUE R10
836 ASSIGN 244 R10 37
836 PICK 227 R12
836 DELIVER 170 R14 758
836 SIDESTEP R35
837 GO_CHARGE R14 6 1
837 SIDESTEP R21
838 CANCEL 1433
838 CANCEL 1502
839 SIDESTEP R15
839 DELIVER 299 R19 700
839 SIDESTEP R22
840 ASSIGN 249 R19 17
840 PICK 241 R34
841 CANCEL 1773
841 SIDESTEP R6
842 SIDESTEP R21
845 SIDESTEP R28
846 CANCEL 1472
847 DELIVER 213 R7 750
847 PICK 218 R13
847 SIDESTEP R21
847 SIDESTEP R22
847 SIDESTEP R25
847 PICK 242 R29
848 ASSIGN 252 R7 38
848 SIDESTEP R6
848 PICK 444 R16
849 CHARGE R14
849 REPORT pending=1398 aged=1267 idle=0 to_pickup=16 delivering=18 to_charger=0 charging=1 dead=1 hot=18,14,5
850 REJECT 1856
850 SIDESTEP R35
851 DELIVER 313 R15 706
851 DELIVER 226 R32 747
852 ASSIGN 253 R32 25
852 ASSIGN 254 R15 55
852 PICK 225 R1
852 PICK 233 R11
852 SIDESTEP R21
852 SIDESTEP R25
853 REJECT 1864
853 SIDESTEP R6
853 PICK 232 R18
853 SIDESTEP R28
854 PICK 240 R5
854 SIDESTEP R22
855 PICK 341 R20
855 SIDESTEP R35
856 PICK 249 R19
857 SIDESTEP R25
858 SIDESTEP R6
858 SIDESTEP R26
858 DELIVER 302 R27 718
858 DELIVER 278 R31 729
859 ASSIGN 255 R27 40
859 ASSIGN 257 R31 25
859 SIDESTEP R23
860 SIDESTEP R35
861 SIDESTEP R33
862 SIDESTEP R11
862 SIDESTEP R25
863 SIDESTEP R6
864 SIDESTEP R21
864 SIDESTEP R22
865 SIDESTEP R35
866 CHARGED R14
866 ASSIGN 259 R14 31
866 SIDESTEP R33
867 SIDESTEP R11
867 SIDESTEP R25
868 CANCEL 1833
868 SIDESTEP R6
869 CANCEL 1844
869 SIDESTEP R21
869 SIDESTEP R22
870 PICK 222 R28
871 CANCEL 1693
871 SIDESTEP R33
872 PICK 244 R10
872 SIDESTEP R25
873 CANCEL 1761
873 SIDESTEP R6
873 DELIVER 201 R8 781
873 SIDESTEP R20
873 SIDESTEP R24
874 CANCEL 1587
874 ASSIGN 260 R8 38
874 SIDESTEP R21
874 SIDESTEP R22
875 PICK 238 R9
876 CANCEL 1545
876 REJECT 1914
878 SIDESTEP R6
878 SIDESTEP R20
878 SIDESTEP R29
879 SIDESTEP R21
879 SIDESTEP R25
880 CANCEL 1868
880 SIDESTEP R24
882 PICK 337 R17
883 SIDESTEP R20
883 DELIVER 438 R33 680
884 ASSIGN 349 R33 58
884 SIDESTEP R21
885 PICK 252 R7
885 SIDESTEP R18
885 SIDESTEP R22
885 SIDESTEP R24
886 DELIVER 227 R12 782
886 DELIVER 222 R28 784
887 ASSIGN 354 R12 23
887 ASSIGN 355 R28 17
888 SIDESTEP R20
888 PICK 253 R32
889 PICK 564 R2
889 PICK 243 R4
889 DELIVER 241 R34 778
890 ASSIGN 361 R34 18
890 DELIVER 225 R1 787
890 SIDESTEP R22
890 SIDESTEP R24
890 PICK 257 R31
891 CANCEL 1650
891 CANCEL 1932
891 ASSIGN 365 R1 37
891 PICK 324 R23
892 DELIVER 444 R16 686
893 ASSIGN 367 R16 80
893 SIDESTEP R20
894 SIDESTEP R26
895 SIDESTEP R24
895 SIDESTEP R28
896 SIDESTEP R7
897 CANCEL 1623
897 SIDESTEP R10
897 PICK 259 R14
898 DELIVER 223 R3 796
898 SIDESTEP R20
898 PICK 255 R27
899 CANCEL 1948
899 ASSIGN 372 R3 17
899 PICK 330 R0
899 SIDESTEP R19
899 SIDESTEP R26
899 REPORT pending=1479 aged=1355 idle=0 to_pickup=10 delivering=25 to_charger=0 charging=0 dead=1 hot=25,35,5
900 DELIVER 232 R18 793
900 SIDESTEP R24
901 ASSIGN 261 R18 55
901 SIDESTEP R7
902 RESCUE R30
902 ASSIGN 262 R30 59
902 SIDESTEP R5
902 SIDESTEP R10
903 DELIVER 337 R17 747
903 SIDESTEP R20
904 ASSIGN 263 R17 42
904 PICK 254 R15
904 SIDESTEP R26
904 DELIVER 257 R31 785
905 REJECT 1973
905 ASSIGN 264 R31 43
905 SIDESTEP R24
906 CANCEL 1933
906 SIDESTEP R7
907 SIDESTEP R5
907 PICK 361 R34
908 CANCEL 1778
908 REJECT 1980
908 SIDESTEP R20
908 DELIVER 219 R35 808
909 ASSIGN 265 R35 52
909 SIDESTEP R11
910 SIDESTEP R24
911 DELIVER 249 R19 796
911 DELIVER 229 R26 806
912 CANCEL 1768
912 ASSIGN 267 R26 52
912 ASSIGN 269 R19 35
912 SIDESTEP R5
912 DELIVER 259 R14 792
912 SIDESTEP R23
912 SIDESTEP R32
913 ASSIGN 270 R14 48
913 DELIVER 252 R7 796
913 SIDESTEP R27
914 GO_CHARGE R7 33 1
914 SIDESTEP R11
915 PICK 372 R3
915 SIDESTEP R24
917 CANCEL 1790
917 SIDESTEP R5
917 DELIVER 238 R9 807
918 ASSIGN 274 R9 47
918 SIDESTEP R27
920 DELIVER 418 R21 726
920 SIDESTEP R24
920 DELIVER 242 R29 808
921 ASSIGN 276 R29 35
921 ASSIGN 277 R21 44
922 DELIVER 301 R6 782
922 DELIVER 253 R32 805
923 CANCEL 1606
923 ASSIGN 279 R32 8
923 ASSIGN 281 R6 40
923 SIDESTEP R27
925 CANCEL 1884
925 SIDESTEP R5
925 PICK 354 R12
925 SIDESTEP R20
927 REJECT 2020
928 SIDESTEP R27
930 SIDESTEP R5
930 SIDESTEP R20
930 SIDESTEP R22
930 SIDESTEP R26
930 PICK 279 R32
931 PICK 365 R1
931 SIDESTEP R19
931 SIDESTEP R35
933 DELIVER 330 R0 780
933 SIDESTEP R4
933 SIDESTEP R27
934 ASSIGN 285 R0 28
934 DELIVER 279 R32 805
935 ASSIGN 289 R32 64
935 SIDESTEP R5
935 SIDESTEP R20
935 SIDESTEP R22
935 SIDESTEP R31
936 SIDESTEP R19
937 PICK 345 R25
938 SIDESTEP R4
938 SIDESTEP R27
939 SIDESTEP R2
939 DELIVER 216 R24 840
940 ASSIGN 596 R24 46
940 SIDESTEP R20
940 SIDESTEP R22
941 DELIVER 354 R12 777
941 DELIVER 218 R13 841
941 SIDESTEP R21
942 ASSIGN 478 R12 37
942 ASSIGN 290 R13 83
942 SIDESTEP R1
942 SIDESTEP R25
942 PICK 355 R28
943 DELIVER 564 R2 682
943 SIDESTEP R3
943 SIDESTEP R4
943 SIDESTEP R19
943 SIDESTEP R27
943 SIDESTEP R35
944 CANCEL 1829
944 ASSIGN 617 R2 56
944 SIDESTEP R5
945 SIDESTEP R0
945 SIDESTEP R20
945 SIDESTEP R22
946 SIDESTEP R21
947 SIDESTEP R1
948 SIDESTEP R4
948 SIDESTEP R15
948 SIDESTEP R19
948 SIDESTEP R35
949 REPORT pending=1564 aged=1434 idle=0 to_pickup=21 delivering=14 to_charger=1 charging=0 dead=0 hot=34,27,6
950 CANCEL 1918
950 SIDESTEP R0
950 SIDESTEP R20
950 SIDESTEP R22
951 SIDESTEP R21
952 SIDESTEP R1
953 SIDESTEP R4
953 SIDESTEP R15
953 SIDESTEP R19
953 SIDESTEP R25
953 SIDESTEP R33
953 SIDESTEP R35
954 PICK 264 R31
955 SIDESTEP R0
955 SIDESTEP R14
955 SIDESTEP R20
955 SIDESTEP R22
956 PICK 261 R18
956 SIDESTEP R21
957 CANCEL 2058
957 CANCEL 2091
957 SIDESTEP R1
958 SIDESTEP R4
958 SIDESTEP R15
958 SIDESTEP R19
959 SIDESTEP R17
960 SIDESTEP R0
960 SIDESTEP R14
960 SIDESTEP R20
960 SIDESTEP R22
960 PICK 262 R30
961 SIDESTEP R21
961 SIDESTEP R31
962 SIDESTEP R1
962 PICK 281 R6
963 SIDESTEP R4
963 SIDESTEP R15
964 PICK 274 R9
964 DELIVER 244 R10 851
965 ASSIGN 373 R10 61
965 SIDESTEP R0
965 SIDESTEP R14
965 SIDESTEP R17
965 SIDESTEP R20
965 SIDESTEP R22
965 DELIVER 345 R25 805
966 ASSIGN 385 R25 11
966 SIDESTEP R21
968 SIDESTEP R4
968 SIDESTEP R15
970 SIDESTEP R0
970 DELIVER 233 R11 863
970 SIDESTEP R20
970 SIDESTEP R22
971 CANCEL 1888
971 ASSIGN 391 R11 67
972 DELIVER 240 R5 861
972 PICK 367 R16
972 DELIVER 262 R30 851
973 ASSIGN 392 R30 41
973 ASSIGN 393 R5 50
973 SIDESTEP R14
973 SIDESTEP R15
974 SIDESTEP R21
975 SIDESTEP R0
975 SIDESTEP R20
975 SIDESTEP R22
976 CANCEL 1689
976 CANCEL 1956
978 SIDESTEP R2
978 SIDESTEP R14
978 SIDESTEP R15
978 SIDESTEP R35
979 SIDESTEP R21
980 SIDESTEP R0
980 SIDESTEP R20
980 SIDESTEP R22
980 PICK 385 R25
981 SIDESTEP R8
982 CANCEL 1986
983 SIDESTEP R19
984 CANCEL 1813
984 CANCEL 1928
984 SIDESTEP R14
984 SIDESTEP R21
985 CANCEL 2097
985 SIDESTEP R0
985 SIDESTEP R2
985 SIDESTEP R15
985 SIDESTEP R20
985 SIDESTEP R22
986 CANCEL 2012
987 SIDESTEP R28
987 PICK 276 R29
988 SIDESTEP R31
989 CANCEL 1730
989 SIDESTEP R9
989 SIDESTEP R21
989 PICK 596 R24
990 SIDESTEP R0
990 SIDESTEP R2
990 SIDESTEP R20
990 SIDESTEP R34
990 PICK 265 R35
991 DELIVER 255 R27 873
992 ASSIGN 292 R27 50
992 DELIVER 365 R1 823
993 ASSIGN 293 R1 55
993 PICK 260 R8
993 PICK 263 R17
994 SIDESTEP R9
994 SIDESTEP R21
994 SIDESTEP R32
995 CANCEL 1966
995 SIDESTEP R0
995 SIDESTEP R2
995 DELIVER 243 R4 883
995 SIDESTEP R20
995 SIDESTEP R34
996 ASSIGN 294 R4 39
997 CANCEL 2004
997 CANCEL 2082
997 PICK 270 R14
998 SIDESTEP R28
999 SIDESTEP R21
999 PICK 349 R33
999 REPORT pending=1653 aged=1520 idle=0 to_pickup=15 delivering=20 to_charger=1 charging=0 dead=0 hot=5,14,6
1000 SIDESTEP R2
1000 SIDESTEP R9
1001 CHARGE R7
1002 SIDESTEP R6
1002 SIDESTEP R34
1003 SIDESTEP R5
1003 SIDESTEP R28
1004 SIDESTEP R21
1004 PICK 267 R26
1005 CANCEL 1795
1005 SIDESTEP R8
1005 DELIVER 254 R15 888
1006 ASSIGN 296 R15 42
1006 SIDESTEP R9
1007 CANCEL 2195
1007 DELIVER 372 R3 835
1007 DELIVER 281 R6 877
1007 DELIVER 261 R18 886
1008 ASSIGN 297 R18 24
1008 ASSIGN 305 R6 15
1008 ASSIGN 307 R3 28
1008 DELIVER 324 R23 858
1008 PICK 289 R32
1009 CANCEL 1877
1009 CANCEL 2149
1009 ASSIGN 308 R23 30
1009 SIDESTEP R0
1009 PICK 478 R12
1010 SIDESTEP R8
1010 SIDESTEP R19
1012 CANCEL 2045
1012 DELIVER 263 R17 890
1013 GO_CHARGE R17 6 1
1013 DELIVER 183 R22 929
1013 PICK 392 R30
1014 ASSIGN 309 R22 14
1014 SIDESTEP R0
1014 SIDESTEP R10
1014 SIDESTEP R34
1015 SIDESTEP R8
1015 SIDESTEP R14
1015 SIDESTEP R16
1016 SIDESTEP R24
1017 CANCEL 1977
1017 CHARGED R7
1017 ASSIGN 511 R7 47
1017 SIDESTEP R4
1017 SIDESTEP R25
1019 CANCEL 1862
1020 REJECT 2233
1020 SIDESTEP R8
1020 SIDESTEP R16
1021 SIDESTEP R11
1022 SIDESTEP R4
1022 SIDESTEP R25
1023 CANCEL 2119
1023 PICK 305 R6
1024 SIDESTEP R23
1025 SIDESTEP R8
1025 PICK 290 R13
1025 SIDESTEP R16
1026 SIDESTEP R11
1026 SIDESTEP R29
1026 DELIVER 265 R35 903
1027 GO_CHARGE R35 15 1
1027 DELIVER 341 R20 869
1027 SIDESTEP R25
1027 DELIVER 264 R31 905
1028 ASSIGN 389 R20 17
1028 ASSIGN 401 R31 45
1028 DELIVER 361 R34 861
1029 GO_CHARGE R34 24 1
1029 PICK 393 R5
1029 SIDESTEP R28
1030 SIDESTEP R8
1030 SIDESTEP R16
1031 SIDESTEP R11
1031 PICK 297 R18
1032 CANCEL 1976
1032 CANCEL 2203
1032 SIDESTEP R12
1032 PICK 269 R19
1032 SIDESTEP R25
1034 CANCEL 1991
1034 SIDESTEP R28
1035 CANCEL 2248
1035 PICK 307 R3
1035 PICK 309 R22
1036 PICK 617 R2
1036 SIDESTEP R11
1036 CHARGE R17
1036 DELIVER 349 R33 874
1037 ASSIGN 402 R33 28
1037 SIDESTEP R25
1038 CANCEL 2215
1040 SIDESTEP R12
1041 SIDESTEP R11
1042 CANCEL 2043
1042 PICK 373 R10
1042 DELIVER 596 R24 766
1042 SIDESTEP R25
1043 CANCEL 2265
1043 ASSIGN 407 R24 24
1043 SIDESTEP R13
1043 DELIVER 267 R26 919
1044 ASSIGN 310 R26 16
1044 SIDESTEP R20
1044 PICK 308 R23
1044 SIDESTEP R27
1044 DELIVER 289 R32 910
1045 ASSIGN 311 R32 58
1046 SIDESTEP R11
1047 PICK 293 R1
1047 SIDESTEP R25
1048 CANCEL 2148
1048 PICK 296 R15
1049 DELIVER 309 R22 906
1049 REPORT pending=1734 aged=1607 idle=1 to_pickup=12 delivering=20 to_charger=2 charging=1 dead=0 hot=3,1,3
1050 ASSIGN 314 R22 42
1050 PICK 294 R4
1050 PICK 389 R20
1050 DELIVER 392 R30 869
1050 CHARGE R34
1051 CANCEL 1863
1051 CANCEL 2078
1051 ASSIGN 321 R30 63
1051 PICK 285 R0
1051 SIDESTEP R11
1051 PICK 292 R27
1052 CHARGED R17
1052 ASSIGN 317 R17 37
1052 SIDESTEP R25
1054 SIDESTEP R28
1055 DELIVER 274 R9 928
1056 ASSIGN 319 R9 54
1056 SIDESTEP R11
1057 SIDESTEP R25
1058 SIDESTEP R8
1059 PICK 310 R26
1059 SIDESTEP R28
1062 DELIVER 393 R5 880
1062 DELIVER 305 R6 921
1063 ASSIGN 320 R5 28
1063 ASSIGN 326 R6 26
1063 PICK 511 R7
1064 CANCEL 2180
1064 DELIVER 478 R12 843
1064 DELIVER 389 R20 884
1064 SIDESTEP R26
1064 SIDESTEP R28
1065 CHARGED R34
1065 ASSIGN 322 R12 13
1065 ASSIGN 325 R34 39
1065 ASSIGN 328 R20 51
1065 DELIVER 307 R3 923
1065 DELIVER 260 R8 945
1065 DELIVER 297 R18 927
1066 ASSIGN 331 R8 14
1066 ASSIGN 332 R18 33
1066 ASSIGN 334 R3 52
1066 SIDESTEP R31
1067 SIDESTEP R30
1068 CANCEL 1967
1068 DELIVER 285 R0 936
1069 ASSIGN 333 R0 83
1069 SIDESTEP R28
1069 PICK 402 R33
1070 PICK 407 R24
1071 DELIVER 270 R14 946
1072 ASSIGN 336 R14 37
1072 SIDESTEP R31
1074 SIDESTEP R28
1076 SIDESTEP R21
1076 SIDESTEP R23
1077 PICK 322 R12
1078 SIDESTEP R25
1079 PICK 331 R8
1079 SIDESTEP R28
1080 CANCEL 2355
1081 REJECT 2367
1081 SIDESTEP R21
1081 SIDESTEP R23
1081 DELIVER 402 R33 895
1082 REJECT 2370
1082 ASSIGN 646 R33 62
1082 DELIVER 293 R1 946
1082 SIDESTEP R29
1083 CANCEL 2140
1083 GO_CHARGE R1 6 1
1083 DELIVER 269 R19 958
1083 SIDESTEP R20
1083 SIDESTEP R25
1084 GO_CHARGE R19 6 1
1084 SIDESTEP R28
1085 DELIVER 367 R16 915
1086 ASSIGN 655 R16 70
1086 SIDESTEP R21
1086 PICK 401 R31
1087 DELIVER 308 R23 944
1088 ASSIGN 662 R23 40
1088 PICK 326 R6
1088 DELIVER 290 R13 954
1088 SIDESTEP R25
1089 GO_CHARGE R13 33 1
1089 SIDESTEP R28
1090 DELIVER 292 R27 955
1091 GO_CHARGE R27 24 1
1091 SIDESTEP R5
1091 SIDESTEP R21
1091 PICK 314 R22
1091 DELIVER 407 R24 903
1091 SIDESTEP R31
1092 ASSIGN 409 R24 22
1092 SIDESTEP R18
1093 DELIVER 511 R7 856
1093 SIDESTEP R10
1093 SIDESTEP R16
1093 SIDESTEP R25
1094 ASSIGN 414 R7 20
1094 SIDESTEP R28
1095 CANCEL_FAIL 102402
1095 PICK 391 R11
1096 CANCEL 2053
1096 SIDESTEP R21
1097 DELIVER 617 R2 813
1098 ASSIGN 415 R2 49
1098 SIDESTEP R10
1098 SIDESTEP R25
1099 CHARGE R1
1099 SIDESTEP R28
1099 REPORT pending=1816 aged=1686 idle=0 to_pickup=18 delivering=13 to_charger=4 charging=1 dead=0 hot=14,8,5
1100 SIDESTEP R31
1100 CHARGE R35
1101 PICK 320 R5
1101 SIDESTEP R18
1101 SIDESTEP R21
1102 DELIVER 276 R29 974
1103 GO_CHARGE R29 42 1
1103 SIDESTEP R10
1103 SIDESTEP R25
1103 PICK 325 R34
1104 SIDESTEP R28
1106 CANCEL 2368
1106 SIDESTEP R18
1106 SIDESTEP R21
1107 SIDESTEP R9
1107 PICK 311 R32
1109 SIDESTEP R28
1111 SIDESTEP R18
1111 SIDESTEP R21
1111 SIDESTEP R22
1113 DELIVER 326 R6 962
1113 PICK 414 R7
1114 GO_CHARGE R6 6 1
1114 PICK 336 R14
1114 SIDESTEP R28
1115 CHARGED R35
1115 ASSIGN 417 R35 51
1115 PICK 319 R9
1116 CHARGED R1
1116 ASSIGN 422 R1 58
1116 SIDESTEP R21
1116 SIDESTEP R22
1117 CANCEL 2432
1117 DELIVER 373 R10 945
1117 DELIVER 296 R15 980
1117 PICK 409 R24
1118 ASSIGN 338 R15 61
1118 GO_CHARGE R10 6 1
1119 DELIVER 385 R25 941
1119 SIDESTEP R28
1119 PICK 321 R30
1120 CANCEL 2383
1120 ASSIGN 339 R25 32
1121 DELIVER 294 R4 985
1121 SIDESTEP R21
1121 SIDESTEP R22
1122 ASSIGN 346 R4 63
1123 PICK 328 R20
1124 SIDESTEP R2
1124 SIDESTEP R19
1124 SIDESTEP R28
1125 SIDESTEP R5
1125 CHARGE R6
1126 SIDESTEP R22
1127 PICK 662 R23
1128 CANCEL 2072
1129 SIDESTEP R3
1129 SIDESTEP R28
1130 REJECT 2475
1131 SIDESTEP R22
1133 CANCEL 2164
1134 SIDESTEP R28
1136 CANCEL 2103
1136 SIDESTEP R22
1138 CANCEL 2175
1138 PICK 277 R21
1138 DELIVER 409 R24 949
1139 ASSIGN 340 R24 73
1139 SIDESTEP R28
1140 CHARGED R6
1140 ASSIGN 342 R6 41
1140 CHARGE R10
1141 CANCEL 2364
1141 SIDESTEP R22
1142 SIDESTEP R16
1142 DELIVER 325 R34 991
1143 ASSIGN 343 R34 33
1143 CHARGE R13
1143 PICK 646 R33
1144 SIDESTEP R7
1144 SIDESTEP R28
1145 CANCEL 2220
1145 CANCEL 2274
1145 DELIVER 328 R20 993
1145 CHARGE R27
1146 ASSIGN 347 R20 25
1146 SIDESTEP R8
1146 DELIVER 322 R12 997
1146 SIDESTEP R25
1147 GO_CHARGE R12 15 1
1147 SIDESTEP R16
1148 DELIVER 310 R26 1004
1149 CANCEL 2251
1149 ASSIGN 537 R26 27
1149 SIDESTEP R28
1149 DELIVER 401 R31 963
1149 REPORT pending=1900 aged=1774 idle=1 to_pickup=16 delivering=13 to_charger=3 charging=3 dead=0 hot=24,1,4
1150 ASSIGN 671 R31 18
1150 SIDESTEP R29
1151 PICK 333 R0
1151 SIDESTEP R9
1151 SIDESTEP R25
1152 PICK 415 R2
1153 SIDESTEP R7
1154 SIDESTEP R28
1156 SIDESTEP R9
1156 SIDESTEP R25
1156 SIDESTEP R29
1158 CHARGED R10
1158 CHARGED R13
1158 ASSIGN 543 R10 34
1158 ASSIGN 557 R13 23
1158 SIDESTEP R7
1158 CHARGE R19
1158 DELIVER 314 R22 1013
1158 SIDESTEP R30
1158 DELIVER 311 R32 1014
1159 ASSIGN 348 R32 20
1159 ASSIGN 350 R22 17
1159 DELIVER 277 R21 1031
1159 SIDESTEP R28
1160 CHARGED R27
1160 ASSIGN 351 R27 33
1160 GO_CHARGE R21 24 1
1161 SIDESTEP R9
1162 CANCEL 2495
1162 SIDESTEP R23
1163 DELIVER 320 R5 1015
1163 SIDESTEP R7
1164 GO_CHARGE R5 33 1
1164 SIDESTEP R28
1165 CANCEL 2134
1165 REJECT 2549
1165 DELIVER 321 R30 1016
1166 GO_CHARGE R30 6 1
1166 SIDESTEP R9
1167 SIDESTEP R23
1167 PICK 671 R31
1168 SIDESTEP R7
1169 PICK 334 R3
1169 PICK 339 R25
1169 SIDESTEP R28
1170 PICK 347 R20
1171 PICK 332 R18
1172 SIDESTEP R23
1173 CANCEL 2416
1173 DELIVER 336 R14 1017
1174 ASSIGN 433 R14 63
1174 SIDESTEP R15
1174 SIDESTEP R28
1175 SIDESTEP R4
1175 SIDESTEP R7
1175 PICK 655 R16
1175 PICK 350 R22
1175 PICK 537 R26
1175 PICK 343 R34
1176 CHARGED R19
1176 ASSIGN 434 R19 57
1176 CHARGE R30
1177 REJECT 2576
1177 SIDESTEP R24
1178 PICK 348 R32
1179 SIDESTEP R15
1179 SIDESTEP R28
1180 SIDESTEP R3
1181 CANCEL 2448
1181 DELIVER 391 R11 1000
1181 PICK 557 R13
1182 GO_CHARGE R11 6 1
1184 SIDESTEP R9
1184 SIDESTEP R20
1184 SIDESTEP R28
1185 SIDESTEP R3
1186 CANCEL 2418
1186 SIDESTEP R11
1187 CANCEL 2426
1187 DELIVER 331 R8 1034
1187 DELIVER 348 R32 1026
1188 ASSIGN 352 R32 43
1188 GO_CHARGE R8 6 1
1188 SIDESTEP R7
1188 SIDESTEP R18
1189 SIDESTEP R9
1189 SIDESTEP R20
1189 SIDESTEP R34
1190 SIDESTEP R5
1191 CANCEL 2449
1191 SIDESTEP R6
1191 SIDESTEP R29
1192 PICK 543 R10
1193 SIDESTEP R18
1193 SIDESTEP R25
1194 CANCEL 2295
1194 CHARGED R30
1194 ASSIGN 356 R30 25
1194 PICK 346 R4
1194 SIDESTEP R9
1194 SIDESTEP R24
1194 DELIVER 671 R31 884
1194 SIDESTEP R34
1195 GO_CHARGE R31 15 1
1195 SIDESTEP R7
1195 PICK 317 R17
1196 PICK 338 R15
1196 PICK 351 R27
1197 CHARGE R8
1197 SIDESTEP R20
1198 SIDESTEP R5
1198 SIDESTEP R25
1199 PICK 422 R1
1199 SIDESTEP R9
1199 SIDESTEP R24
1199 REPORT pending=1987 aged=1862 idle=0 to_pickup=7 delivering=22 to_charger=6 charging=1 dead=0 hot=33,20,9
1200 SIDESTEP R18
1200 SIDESTEP R28
1203 SIDESTEP R5
1203 SIDESTEP R25
1204 SIDESTEP R9
1204 SIDESTEP R13
1204 SIDESTEP R29
1205 PICK 342 R6
1205 SIDESTEP R7
1205 SIDESTEP R28
1208 SIDESTEP R5
1208 DELIVER 646 R33 909
1209 GO_CHARGE R33 33 1
1209 DELIVER 334 R3 1054
1209 SIDESTEP R13
1209 SIDESTEP R26
1210 GO_CHARGE R3 33 1
1210 SIDESTEP R7
1210 SIDESTEP R20
1210 SIDESTEP R28
1211 SIDESTEP R23
1211 CHARGE R29
1212 CHARGED R8
1212 ASSIGN 359 R8 11
1212 CHARGE R11
1212 SIDESTEP R31
1213 SIDESTEP R5
1213 CHARGE R21
1214 SIDESTEP R13
1215 SIDESTEP R12
1215 SIDESTEP R20
1215 SIDESTEP R28
1218 SIDESTEP R5
1218 DELIVER 655 R16 915
1218 PICK 356 R30
1219 GO_CHARGE R16 6 1
1219 DELIVER 415 R2 1027
1219 SIDESTEP R10
1219 SIDESTEP R13
1219 DELIVER 662 R23 913
1219 PICK 417 R35
1220 CANCEL 2387
1220 ASSIGN 360 R23 53
1220 GO_CHARGE R2 6 1
1220 SIDESTEP R12
1220 SIDESTEP R28
1221 SIDESTEP R26
1222 PICK 359 R8
1222 SIDESTEP R20
1223 SIDESTEP R33
1224 CANCEL 2384
1224 DELIVER 319 R9 1076
1225 GO_CHARGE R9 33 1
1225 SIDESTEP R12
1225 SIDESTEP R28
1226 CHARGED R29
1226 ASSIGN 567 R29 47
1226 SIDESTEP R3
1227 DELIVER 350 R22 1065
1227 PICK 340 R24
1228 CHARGED R11
1228 CHARGED R21
1228 ASSIGN 578 R11 35
1228 ASSIGN 700 R21 27
1228 GO_CHARGE R22 24 1
1228 SIDESTEP R5
1228 DELIVER 543 R10 976
1228 SIDESTEP R33
1228 SIDESTEP R35
1229 ASSIGN 449 R10 63
1229 SIDESTEP R6
1230 DELIVER 346 R4 1070
1230 PICK 352 R32
1231 GO_CHARGE R4 6 1
1231 CHARGE R16
1232 SIDESTEP R9
1233 SIDESTEP R5
1233 SIDESTEP R27
1233 SIDESTEP R33
1234 SIDESTEP R6
1236 CANCEL 2667
1237 CANCEL 2458
1238 DELIVER 333 R0 1084
1238 SIDESTEP R27
1239 GO_CHARGE R0 42 1
1239 DELIVER 422 R1 1043
1239 SIDESTEP R6
1240 ASSIGN 451 R1 41
1240 PICK 433 R14
1240 SIDESTEP R19
1241 CANCEL 2676
1241 SIDESTEP R33
1242 SIDESTEP R26
1243 CANCEL 2552
1243 SIDESTEP R17
1243 SIDESTEP R27
1244 SIDESTEP R2
1246 SIDESTEP R33
1247 SIDESTEP R6
1247 CHARGE R12
1247 DELIVER 339 R25 1090
1248 GO_CHARGE R25 42 1
1248 SIDESTEP R17
1249 CHARGED R16
1249 ASSIGN 362 R16 34
1249 SIDESTEP R2
1249 REPORT pending=2080 aged=1954 idle=0 to_pickup=8 delivering=17 to_charger=10 charging=1 dead=0 hot=32,17,4
1250 CHARGE R4
1250 DELIVER 414 R7 1058
1251 ASSIGN 364 R7 22
1251 SIDESTEP R33
1252 CANCEL 2511
1252 SIDESTEP R1
1252 SIDESTEP R6
1252 SIDESTEP R35
1253 CANCEL 2505
1253 SIDESTEP R17
1254 CANCEL 2556
1254 DELIVER 557 R13 996
1254 DELIVER 338 R15 1097
1254 PICK 700 R21
1254 DELIVER 537 R26 1005
1255 ASSIGN 368 R13 33
1255 GO_CHARGE R15 6 1
1255 GO_CHARGE R26 33 1
1255 SIDESTEP R22
1255 SIDESTEP R27
1255 DELIVER 343 R34 1096
1256 CANCEL 2471
1256 ASSIGN 369 R34 34
1256 SIDESTEP R8
1256 SIDESTEP R33
1257 REJECT 2748
1257 SIDESTEP R6
1257 DELIVER 332 R18 1103
1257 SIDESTEP R29
1258 ASSIGN 370 R18 6
1258 SIDESTEP R17
1258 SIDESTEP R28
1259 CANCEL 2716
1260 PICK 434 R19
1261 SIDESTEP R8
1261 SIDESTEP R22
1261 SIDESTEP R33
1262 CANCEL 2466
1262 CANCEL 2605
1262 PICK 578 R11
1262 SIDESTEP R29
1263 SIDESTEP R17
1263 PICK 370 R18
1264 DELIVER 351 R27 1102
1264 SIDESTEP R28
1265 CHARGED R12
1265 ASSIGN 371 R12 43
1265 ASSIGN 374 R27 43
1265 CHARGE R31
1266 SIDESTEP R8
1266 SIDESTEP R33
1267 CHARGED R4
1267 ASSIGN 375 R4 48
1267 SIDESTEP R22
1267 SIDESTEP R35
1268 SIDESTEP R17
1270 SIDESTEP R18
1270 SIDESTEP R28
1271 SIDESTEP R8
1271 SIDESTEP R33
1272 CANCEL 2712
1272 PICK 364 R7
1272 PICK 360 R23
1272 DELIVER 356 R30 1107
1273 ASSIGN 376 R30 53
1274 DELIVER 352 R32 1111
1275 CANCEL 2577
1275 GO_CHARGE R32 6 1
1275 SIDESTEP R28
1276 CHARGE R3
1276 SIDESTEP R8
1276 SIDESTEP R26
1276 SIDESTEP R33
1277 CHARGE R15
1279 DELIVER 578 R11 1012
1279 DELIVER 347 R20 1118
1280 ASSIGN 377 R20 17
1280 ASSIGN 378 R11 39
1280 SIDESTEP R28
1281 CHARGED R31
1281 ASSIGN 379 R31 48
1281 SIDESTEP R8
1282 PICK 362 R16
1282 DELIVER 340 R24 1125
1283 GO_CHARGE R24 15 1
1283 SIDESTEP R29
1284 CANCEL 2437
1285 SIDESTEP R28
1286 SIDESTEP R8
1286 DELIVER 317 R17 1139
1287 ASSIGN 381 R17 52
1287 PICK 451 R1
1287 PICK 368 R13
1288 SIDESTEP R6
1288 SIDESTEP R18
1288 SIDESTEP R29
1289 CANCEL 2497
1289 PICK 369 R34
1290 SIDESTEP R28
1291 SIDESTEP R8
1293 CHARGED R3
1293 ASSIGN 452 R3 18
1293 SIDESTEP R6
1293 SIDESTEP R14
1293 SIDESTEP R29
1294 CHARGED R15
1294 ASSIGN 453 R15 50
1294 CHARGE R32
1295 SIDESTEP R28
1296 SIDESTEP R8
1296 DELIVER 434 R19 1095
1296 PICK 377 R20
1297 ASSIGN 455 R19 34
1297 SIDESTEP R3
1297 CHARGE R5
1298 SIDESTEP R14
1298 SIDESTEP R18
1299 REPORT pending=2161 aged=2034 idle=0 to_pickup=12 delivering=14 to_charger=8 charging=2 dead=0 hot=24,29,4
1300 CANCEL 2824
1300 SIDESTEP R28
1300 DELIVER 417 R35 1107
1301 CANCEL 2800
1301 ASSIGN 456 R35 66
1301 SIDESTEP R8
1301 DELIVER 700 R21 978
1302 ASSIGN 459 R21 49
1303 SIDESTEP R14
1303 SIDESTEP R30
1305 SIDESTEP R28
1306 SIDESTEP R8
1306 CHARGE R25
1307 PICK 374 R27
1308 REJECT 2858
1308 DELIVER 342 R6 1150
1308 PICK 371 R12
1308 SIDESTEP R14
1308 SIDESTEP R29
1309 ASSIGN 460 R6 35
1310 CANCEL 2490
1310 SIDESTEP R15
1310 SIDESTEP R28
1311 CHARGED R32
1311 ASSIGN 461 R32 73
1311 SIDESTEP R8
1312 SIDESTEP R30
1313 SIDESTEP R14
1313 SIDESTEP R29
1314 CHARGED R5
1314 ASSIGN 462 R5 51
1314 SIDESTEP R1
1314 SIDESTEP R18
1315 SIDESTEP R15
1315 SIDESTEP R24
1315 SIDESTEP R28
1316 PICK 452 R3
1316 SIDESTEP R8
1316 SIDESTEP R17
1317 SIDESTEP R2
1318 SIDESTEP R5
1318 CHARGE R9
1318 DELIVER 368 R13 1148
1319 ASSIGN 384 R13 44
1319 SIDESTEP R1
1319 DELIVER 364 R7 1151
1319 PICK 378 R11
1320 ASSIGN 388 R7 30
1320 PICK 449 R10
1320 SIDESTEP R15
1320 SIDESTEP R28
1322 CANCEL 2534
1322 CHARGED R25
1322 ASSIGN 390 R25 57
1322 PICK 567 R29
1323 SIDESTEP R2
1323 SIDESTEP R6
1324 SIDESTEP R1
1324 SIDESTEP R27
1325 SIDESTEP R12
1325 SIDESTEP R15
1325 SIDESTEP R28
1326 SIDESTEP R25
1327 CHARGE R0
1328 SIDESTEP R2
1328 SIDESTEP R6
1330 SIDESTEP R12
1330 SIDESTEP R15
1330 SIDESTEP R28
1332 CANCEL 2804
1333 REJECT 2913
1333 SIDESTEP R6
1333 DELIVER 362 R16 1165
1333 SIDESTEP R31
1333 SIDESTEP R33
1334 CHARGED R9
1334 ASSIGN 394 R16 42
1334 ASSIGN 395 R9 28
1334 SIDESTEP R23
1334 SIDESTEP R29
1335 SIDESTEP R12
1335 SIDESTEP R15
1335 SIDESTEP R21
1335 SIDESTEP R28
1337 CANCEL 2661
1337 PICK 455 R19
1338 SIDESTEP R9
1338 CHARGE R26
1338 DELIVER 369 R34 1168
1339 ASSIGN 396 R34 36
1339 SIDESTEP R14
1339 SIDESTEP R23
1340 DELIVER 452 R3 1130
1340 SIDESTEP R15
1340 SIDESTEP R28
1340 SIDESTEP R29
1341 ASSIGN 398 R3 68
1342 CANCEL 2778
1342 DELIVER 377 R20 1168
1343 CHARGED R0
1343 ASSIGN 399 R20 41
1343 ASSIGN 403 R0 48
1343 SIDESTEP R9
1343 SIDESTEP R27
1344 CANCEL 2857
1344 SIDESTEP R23
1345 SIDESTEP R28
1345 SIDESTEP R29
1345 SIDESTEP R34
1346 SIDESTEP R16
1347 CANCEL 2747
1347 PICK 381 R17
1349 SIDESTEP R15
1349 SIDESTEP R23
1349 REPORT pending=2247 aged=2119 idle=0 to_pickup=18 delivering=13 to_charger=4 charging=1 dead=0 hot=20,1,4
1350 SIDESTEP R1
1350 SIDESTEP R2
1350 DELIVER 359 R8 1184
1350 SIDESTEP R28
1350 SIDESTEP R29
1350 SIDESTEP R34
1351 ASSIGN 404 R8 15
1351 SIDESTEP R16
1353 CANCEL 2949
1353 CHARGE R24
1354 SIDESTEP R23
1355 SIDESTEP R1
1355 SIDESTEP R28
1355 SIDESTEP R29
1355 PICK 379 R31
1355 SIDESTEP R34
1356 CHARGED R26
1356 ASSIGN 405 R26 44
1356 SIDESTEP R15
1356 SIDESTEP R16
1356 CHARGE R33
1358 PICK 459 R21
1359 SIDESTEP R23
1360 SIDESTEP R1
1360 SIDESTEP R28
1360 SIDESTEP R29
1360 SIDESTEP R34
1361 CANCEL 2626
1361 SIDESTEP R15
1361 SIDESTEP R16
1361 CHARGE R22
1362 CANCEL 2905
1362 DELIVER 449 R10 1153
1362 DELIVER 371 R12 1191
1363 CANCEL 2896
1363 ASSIGN 467 R12 21
1363 ASSIGN 468 R10 32
1363 DELIVER 433 R14 1162
1364 CANCEL 2873
1364 GO_CHARGE R14 42 1
1364 SIDESTEP R23
1365 SIDESTEP R1
1365 PICK 404 R8
1365 DELIVER 378 R11 1190
1365 PICK 384 R13
1365 SIDESTEP R28
1365 SIDESTEP R29
1365 PICK 376 R30
1366 CANCEL 2746
1366 ASSIGN 475 R11 30
1366 PICK 460 R6
1366 SIDESTEP R15
1366 PICK 456 R35
1367 SIDESTEP R34
1368 CANCEL 2981
1368 SIDESTEP R19
1369 SIDESTEP R23
1370 CHARGED R24
1370 ASSIGN 479 R24 39
1370 SIDESTEP R1
1370 PICK 462 R5
1370 SIDESTEP R28
1370 SIDESTEP R29
1371 PICK 395 R9
1371 SIDESTEP R15
1373 CANCEL 2671
1373 CHARGED R33
1373 ASSIGN 481 R33 15
1374 DELIVER 455 R19 1163
1374 SIDESTEP R23
1375 ASSIGN 482 R19 24
1375 SIDESTEP R1
1375 SIDESTEP R28
1375 SIDESTEP R29
1376 CHARGED R22
1376 ASSIGN 486 R22 32
1376 SIDESTEP R15
1376 SIDESTEP R16
1377 DELIVER 460 R6 1163
1378 ASSIGN 493 R6 47
1379 CANCEL 2579
1379 SIDESTEP R10
1380 SIDESTEP R1
1380 DELIVER 462 R5 1166
1380 SIDESTEP R28
1380 SIDESTEP R29
1381 CANCEL 2950
1381 ASSIGN 494 R5 26
1381 SIDESTEP R15
1381 SIDESTEP R16
1381 SIDESTEP R27
1383 CANCEL 2744
1383 PICK 467 R12
1384 SIDESTEP R10
1384 PICK 390 R25
1385 PICK 388 R7
1385 SIDESTEP R19
1385 SIDESTEP R28
1385 SIDESTEP R29
1386 SIDESTEP R14
1386 SIDESTEP R15
1387 CANCEL 2797
1387 SIDESTEP R0
1387 SIDESTEP R13
1387 PICK 481 R33
1388 CHARGE R2
1389 DELIVER 370 R18 1218
1390 CANCEL 2617
1390 GO_CHARGE R18 15 1
1390 SIDESTEP R28
1391 SIDESTEP R27
1392 SIDESTEP R0
1392 DELIVER 467 R12 1175
1392 SIDESTEP R13
1392 DELIVER 360 R23 1225
1393 CANCEL 2770
1393 CANCEL 2960
1393 ASSIGN 406 R12 38
1393 GO_CHARGE R23 6 1
1395 DELIVER 451 R1 1186
1395 SIDESTEP R14
1395 SIDESTEP R28
1396 CANCEL 2965
1396 ASSIGN 411 R1 55
1396 SIDESTEP R9
1396 DELIVER 459 R21 1183
1396 SIDESTEP R27
1397 CANCEL 2682
1397 ASSIGN 412 R21 49
1397 SIDESTEP R0
1397 SIDESTEP R34
1398 SIDESTEP R16
1399 DELIVER 404 R8 1212
1399 SIDESTEP R18
1399 REPORT pending=2324 aged=2198 idle=1 to_pickup=19 delivering=12 to_charger=3 charging=1 dead=0 hot=44,31,7
1400 CANCEL 2895
1400 ASSIGN 416 R8 22
1400 SIDESTEP R10
1400 SIDESTEP R14
1400 SIDESTEP R28
1401 SIDESTEP R9
1401 SIDESTEP R27
1402 SIDESTEP R0
1403 SIDESTEP R16
1403 PICK 399 R20
1404 SIDESTEP R17
1404 PICK 405 R26
1404 DELIVER 456 R35 1192
1405 ASSIGN 419 R35 52
1405 SIDESTEP R10
1405 SIDESTEP R13
1405 SIDESTEP R18
1405 SIDESTEP R28
1406 CHARGED R2
1406 ASSIGN 421 R2 62
1407 SIDESTEP R0
1407 PICK 494 R5
1407 SIDESTEP R9
1407 PICK 486 R22
1407 SIDESTEP R34
1408 CANCEL 2862
1409 SIDESTEP R17
1410 CANCEL 3058
1410 SIDESTEP R13
1410 SIDESTEP R28
1412 CANCEL 2826
1412 REJECT 3084
1412 SIDESTEP R11
1414 SIDESTEP R14
1414 DELIVER 379 R31 1239
1415 ASSIGN 425 R31 59
1415 SIDESTEP R0
1415 SIDESTEP R3
1415 SIDESTEP R13
1415 SIDESTEP R17
1415 SIDESTEP R28
1415 DELIVER 376 R30 1241
1416 ASSIGN 427 R30 31
1416 CHARGE R18
1416 DELIVER 374 R27 1243
1416 SIDESTEP R35
1417 ASSIGN 428 R27 43
1417 SIDESTEP R7
1417 PICK 475 R11
1419 SIDESTEP R12
1419 SIDESTEP R22
1420 SIDESTEP R0
1420 SIDESTEP R1
1420 SIDESTEP R3
1420 SIDESTEP R10
1420 SIDESTEP R17
1420 SIDESTEP R28
1420 SIDESTEP R32
1421 PICK 416 R8
1421 SIDESTEP R16
1421 SIDESTEP R20
1422 CANCEL 2701
1424 SIDESTEP R12
1425 SIDESTEP R0
1425 PICK 482 R19
1425 SIDESTEP R28
1425 SIDESTEP R32
1426 SIDESTEP R7
1426 SIDESTEP R20
1426 SIDESTEP R30
1427 CANCEL 2686
1427 PICK 479 R24
1428 SIDESTEP R13
1428 DELIVER 481 R33 1205
1429 CANCEL 2987
1429 ASSIGN 495 R33 30
1430 SIDESTEP R0
1430 SIDESTEP R28
1430 SIDESTEP R32
1431 CANCEL 2745
1431 CANCEL 2771
1431 SIDESTEP R17
1431 SIDESTEP R20
1431 SIDESTEP R30
1432 SIDESTEP R15
1433 PICK 493 R6
1433 PICK 468 R10
1433 DELIVER 486 R22 1208
1434 CANCEL_FAIL 103135
1434 CHARGED R18
1434 ASSIGN 608 R18 25
1434 ASSIGN 612 R22 41
1434 SIDESTEP R19
1435 SIDESTEP R0
1435 SIDESTEP R28
1435 SIDESTEP R32
1436 DELIVER 416 R8 1243
1436 DELIVER 395 R9 1253
1436 SIDESTEP R30
1436 SIDESTEP R33
1437 ASSIGN 506 R9 22
1437 ASSIGN 509 R8 34
1437 DELIVER 475 R11 1217
1437 SIDESTEP R15
1437 PICK 396 R34
1438 ASSIGN 510 R11 55
1439 SIDESTEP R31
1440 CANCEL 2884
1440 SIDESTEP R0
1440 PICK 406 R12
1440 SIDESTEP R16
1440 SIDESTEP R28
1440 SIDESTEP R32
1441 SIDESTEP R30
1441 SIDESTEP R33
1442 CANCEL 2718
1442 CANCEL 3049
1442 SIDESTEP R15
1442 SIDESTEP R23
1443 SIDESTEP R2
1445 SIDESTEP R0
1445 SIDESTEP R5
1445 SIDESTEP R16
1445 PICK 412 R21
1445 SIDESTEP R28
1445 SIDESTEP R32
1446 SIDESTEP R30
1446 SIDESTEP R33
1447 CANCEL 3001
1447 DELIVER 388 R7 1268
1447 DELIVER 381 R17 1271
1447 SIDESTEP R29
1448 ASSIGN 523 R7 48
1448 ASSIGN 525 R17 63
1448 DELIVER 384 R13 1271
1448 SIDESTEP R20
1449 ASSIGN 529 R13 66
1449 DELIVER 390 R25 1269
1449 REPORT pending=2407 aged=2277 idle=1 to_pickup=21 delivering=12 to_charger=2 charging=0 dead=0 hot=33,23,5
1450 CANCEL 2815
1450 ASSIGN 531 R25 40
1450 SIDESTEP R0
1450 SIDESTEP R1
1450 SIDESTEP R2
1450 SIDESTEP R5
1450 SIDESTEP R28
1451 CHARGE R14
1452 SIDESTEP R16
1452 SIDESTEP R29
1453 SIDESTEP R20
1453 CHARGE R23
1455 CANCEL 2834
1455 SIDESTEP R0
1456 DELIVER 405 R26 1268
1457 ASSIGN 533 R26 60
1457 SIDESTEP R16
1457 SIDESTEP R28
1457 SIDESTEP R29
1458 SIDESTEP R1
1458 SIDESTEP R17
1458 PICK 608 R18
1458 SIDESTEP R20
1459 PICK 428 R27
1460 CANCEL 2856
1461 REJECT 3192
1462 PICK 398 R3
1462 PICK 375 R4
1462 SIDESTEP R16
1462 SIDESTEP R29
1463 SIDESTEP R0
1463 SIDESTEP R1
1463 PICK 506 R9
1463 SIDESTEP R28
1463 PICK 419 R35
1464 SIDESTEP R34
1465 DELIVER 468 R10 1248
1465 SIDESTEP R20
1465 SIDESTEP R24
1466 CANCEL 3064
1466 ASSIGN 429 R10 34
1467 CANCEL 3165
1467 CHARGED R14
1467 ASSIGN 430 R14 33
1467 SIDESTEP R29
1467 SIDESTEP R32
1468 CANCEL 2785
1468 SIDESTEP R1
1468 DELIVER 428 R27 1270
1469 ASSIGN 431 R27 15
1470 PICK 509 R8
1470 SIDESTEP R24
1472 CHARGED R23
1472 ASSIGN 432 R23 28
1472 SIDESTEP R29
1472 SIDESTEP R32
1473 SIDESTEP R13
1475 CANCEL 3193
1475 SIDESTEP R24
1477 SIDESTEP R8
1477 SIDESTEP R29
1477 SIDESTEP R32
1477 PICK 495 R33
1478 SIDESTEP R13
1478 PICK 453 R15
1478 PICK 427 R30
1479 CANCEL 3162
1479 REJECT 3234
1480 SIDESTEP R24
1481 SIDESTEP R27
1482 SIDESTEP R29
1482 SIDESTEP R31
1482 SIDESTEP R32
1483 SIDESTEP R13
1485 CANCEL 3190
1485 SIDESTEP R24
1487 CANCEL 3148
1487 SIDESTEP R29
1487 SIDESTEP R31
1488 PICK 461 R32
1489 DELIVER 482 R19 1266
1489 PICK 431 R27
1489 SIDESTEP R35
1490 ASSIGN 752 R19 38
1491 PICK 403 R0
1491 SIDESTEP R15
1491 DELIVER 399 R20 1306
1491 DELIVER 396 R34 1308
1492 CANCEL 3259
1492 ASSIGN 435 R34 61
1492 GO_CHARGE R20 6 1
1492 PICK 394 R16
1492 SIDESTEP R29
1493 DELIVER 406 R12 1305
1493 SIDESTEP R18
1494 CANCEL 2946
1494 ASSIGN 436 R12 65
1494 SIDESTEP R1
1494 SIDESTEP R35
1495 CANCEL 2839
1495 PICK 421 R2
1496 REJECT 3270
1496 PICK 523 R7
1497 SIDESTEP R5
1498 SIDESTEP R18
1499 CANCEL 2845
1499 CANCEL_FAIL 103277
1499 PICK 432 R23
1499 REPORT pending=2489 aged=2368 idle=0 to_pickup=13 delivering=22 to_charger=1 charging=0 dead=0 hot=5,15,3
1501 CANCEL 3045
1502 SIDESTEP R5
1502 SIDESTEP R32
1503 PICK 411 R1
1503 DELIVER 523 R7 1261
1503 DELIVER 509 R8 1267
1503 PICK 429 R10
1504 ASSIGN 644 R8 42
1504 GO_CHARGE R7 15 1
1505 PICK 425 R31
1506 CANCEL 2931
1506 SIDESTEP R33
1507 CANCEL 3261
1507 SIDESTEP R5
1507 SIDESTEP R32
1508 DELIVER 493 R6 1279
1508 PICK 430 R14
1508 DELIVER 567 R29 1246
1509 ASSIGN 535 R6 24
1509 ASSIGN 649 R29 48
1509 DELIVER 398 R3 1325
1510 ASSIGN 664 R3 54
1510 DELIVER 506 R9 1275
1510 SIDESTEP R20
1510 SIDESTEP R23
1511 ASSIGN 797 R9 32
1511 DELIVER 355 R28 1347
1511 SIDESTEP R33
1512 GO_CHARGE R28 24 1
1512 SIDESTEP R5
1512 PICK 510 R11
1512 SIDESTEP R22
1512 PICK 531 R25
1512 SIDESTEP R32
1513 DELIVER 421 R2 1318
1513 SIDESTEP R35
1514 ASSIGN 546 R2 44
1515 CHARGE R20
1515 DELIVER 479 R24 1293
1516 ASSIGN 802 R24 52
1516 DELIVER 412 R21 1325
1516 PICK 533 R26
1516 SIDESTEP R33
1517 ASSIGN 555 R21 22
1517 SIDESTEP R5
1517 SIDESTEP R30
1517 SIDESTEP R32
1518 DELIVER 429 R10 1319
1519 ASSIGN 558 R10 56
1520 DELIVER 453 R15 1310
1520 SIDESTEP R28
1521 ASSIGN 559 R15 44
1521 SIDESTEP R33
1522 SIDESTEP R5
1522 PICK 612 R22
1522 SIDESTEP R30
1522 SIDESTEP R32
1523 DELIVER 608 R18 1242
1524 ASSIGN 437 R18 29
1525 DELIVER 403 R0 1338
1526 ASSIGN 439 R0 53
1526 SIDESTEP R28
1527 SIDESTEP R5
1529 SIDESTEP R24
1529 SIDESTEP R29
1530 SIDESTEP R16
1530 DELIVER 427 R30 1332
1531 ASSIGN 440 R30 60
1532 CANCEL 3033
1532 CHARGED R20
1532 ASSIGN 441 R20 52
1532 SIDESTEP R5
1532 PICK 535 R6
1532 SIDESTEP R19
1532 DELIVER 431 R27 1332
1533 CANCEL 3277
1533 ASSIGN 443 R27 20
1534 CANCEL 2954
1536 SIDESTEP R16
1537 CANCEL 2957
1537 PICK 529 R13
1537 SIDESTEP R14
1538 CANCEL 2980
1538 SIDESTEP R1
1538 SIDESTEP R17
1538 SIDESTEP R31
1541 SIDESTEP R16
1541 DELIVER 531 R25 1295
1542 ASSIGN 442 R25 37
1543 SIDESTEP R1
1543 PICK 797 R9
1543 SIDESTEP R17
1543 DELIVER 419 R35 1349
1544 ASSIGN 445 R35 37
1544 CHARGE R7
1545 DELIVER 494 R5 1316
1545 PICK 555 R21
1546 ASSIGN 446 R5 64
1546 PICK 644 R8
1546 DELIVER 495 R33 1317
1547 ASSIGN 447 R33 36
1547 DELIVER 375 R4 1374
1547 DELIVER 510 R11 1311
1548 ASSIGN 448 R11 42
1548 ASSIGN 450 R4 35
1549 REPORT pending=2569 aged=2443 idle=0 to_pickup=21 delivering=13 to_charger=1 charging=1 dead=0 hot=14,8,3
1550 DELIVER 430 R14 1351
1550 CHARGE R28
1551 ASSIGN 454 R14 26
1551 DELIVER 394 R16 1369
1552 ASSIGN 457 R16 38
1552 DELIVER 411 R1 1362
1552 PICK 437 R18
1552 SIDESTEP R26
1553 ASSIGN 458 R1 39
1553 PICK 525 R17
1556 DELIVER 432 R23 1356
1557 CANCEL 3047
1557 ASSIGN 464 R23 65
1557 DELIVER 612 R22 1275
1557 SIDESTEP R26
1558 ASSIGN 465 R22 48
1558 DELIVER 644 R8 1260
1559 ASSIGN 466 R8 54
1559 PICK 546 R2
1559 DELIVER 797 R9 1192
1559 PICK 436 R12
1560 CHARGED R7
1560 ASSIGN 471 R7 44
1560 ASSIGN 472 R9 24
1560 PICK 443 R27
1561 SIDESTEP R19
1562 DELIVER 525 R17 1319
1562 SIDESTEP R26
1563 ASSIGN 473 R17 19
1563 PICK 664 R3
1563 SIDESTEP R21
1564 CANCEL 3221
1564 PICK 559 R15
1565 CHARGED R28
1565 ASSIGN 474 R28 42
1567 SIDESTEP R26
1568 DELIVER 425 R31 1371
1568 DELIVER 461 R32 1354
1569 ASSIGN 476 R32 45
1569 ASSIGN 477 R31 45
1570 SIDESTEP R29
1572 SIDESTEP R13
1573 SIDESTEP R3
1573 PICK 752 R19
1574 PICK 558 R10
1576 REJECT 3445
1577 SIDESTEP R13
1577 PICK 454 R14
1578 CANCEL 3167
1578 PICK 439 R0
1578 SIDESTEP R3
1578 SIDESTEP R34
1579 DELIVER 443 R27 1373
1580 ASSIGN 561 R27 20
1580 PICK 445 R35
1582 PICK 450 R4
1582 SIDESTEP R10
1582 SIDESTEP R13
1582 PICK 473 R17
1583 PICK 472 R9
1583 SIDESTEP R21
1583 PICK 442 R25
1584 SIDESTEP R2
1584 SIDESTEP R24
1585 PICK 441 R20
1585 SIDESTEP R29
1586 CANCEL 3240
1587 SIDESTEP R13
1588 SIDESTEP R5
1588 DELIVER 535 R6 1340
1588 SIDESTEP R21
1588 SIDESTEP R35
1589 GO_CHARGE R6 6 1
1589 PICK 457 R16
1590 CANCEL 3080
1590 SIDESTEP R29
1592 PICK 458 R1
1592 SIDESTEP R13
1592 SIDESTEP R24
1592 PICK 435 R34
1594 SIDESTEP R5
1594 SIDESTEP R21
1594 PICK 440 R30
1595 CANCEL 3332
1595 SIDESTEP R0
1595 SIDESTEP R29
1596 CANCEL 3061
1596 CANCEL 3397
1597 SIDESTEP R13
1597 DELIVER 437 R18 1394
1597 SIDESTEP R24
1598 ASSIGN 569 R18 46
1598 SIDESTEP R32
1599 SIDESTEP R2
1599 SIDESTEP R5
1599 PICK 561 R27
1599 REPORT pending=2661 aged=2524 idle=0 to_pickup=13 delivering=22 to_charger=1 charging=0 dead=0 hot=14,20,5
1601 CANCEL 3243
1602 CANCEL 3375
1602 SIDESTEP R13
1603 PICK 471 R7
1604 SIDESTEP R5
1604 DELIVER 558 R10 1345
1605 ASSIGN 480 R10 13
1605 DELIVER 472 R9 1386
1605 PICK 649 R29
1605 PICK 447 R33
1606 ASSIGN 483 R9 47
1606 SIDESTEP R16
1606 PICK 802 R24
1607 CANCEL 3145
1607 SIDESTEP R13
1608 DELIVER 454 R14 1397
1608 DELIVER 559 R15 1349
1609 ASSIGN 484 R15 28
1609 ASSIGN 485 R14 24
1609 SIDESTEP R5
1610 PICK 465 R22
1610 SIDESTEP R25
1611 CANCEL 3279
1611 SIDESTEP R16
1612 SIDESTEP R13
1613 SIDESTEP R9
1613 DELIVER 533 R26 1366
1613 PICK 477 R31
1614 CANCEL 3333
1614 ASSIGN 487 R26 25
1615 CANCEL 3154
1615 DELIVER 450 R4 1406
1615 PICK 474 R28
1616 ASSIGN 490 R4 23
1616 SIDESTEP R16
1617 SIDESTEP R27
1618 CANCEL 3155
1618 DELIVER 436 R12 1416
1619 CANCEL 3398
1619 CANCEL 3490
1619 ASSIGN 492 R12 39
1619 SIDESTEP R25
1619 PICK 476 R32
1620 SIDESTEP R10
1620 SIDESTEP R19
1620 DELIVER 440 R30 1416
1621 ASSIGN 496 R30 46
1621 SIDESTEP R13
1621 SIDESTEP R16
1621 DELIVER 555 R21 1364
1622 ASSIGN 497 R21 27
1622 SIDESTEP R27
1624 SIDESTEP R25
1625 CANCEL 3122
1625 SIDESTEP R10
1626 SIDESTEP R13
1626 SIDESTEP R22
1627 SIDESTEP R27
1627 SIDESTEP R31
1628 SIDESTEP R23
1629 CANCEL 3305
1629 SIDESTEP R18
1629 SIDESTEP R25
1630 CANCEL 3281
1630 CANCEL 3287
1630 DELIVER 439 R0 1426
1630 SIDESTEP R10
1630 PICK 448 R11
1631 ASSIGN 803 R0 21
1631 CHARGE R6
1632 SIDESTEP R4
1634 DELIVER 458 R1 1421
1634 SIDESTEP R18
1634 SIDESTEP R25
1635 ASSIGN 498 R1 21
1635 SIDESTEP R10
1635 PICK 485 R14
1637 SIDESTEP R4
1637 PICK 484 R15
1638 PICK 487 R26
1639 SIDESTEP R18
1639 DELIVER 752 R19 1293
1639 SIDESTEP R25
1640 ASSIGN 691 R19 50
1640 SIDESTEP R10
1640 SIDESTEP R17
1640 DELIVER 649 R29 1340
1641 ASSIGN 815 R29 21
1642 CANCEL 3458
1642 CANCEL 3533
1643 DELIVER 546 R2 1390
1643 DELIVER 664 R3 1336
1643 PICK 446 R5
1643 SIDESTEP R14
1643 SIDESTEP R26
1644 ASSIGN 570 R2 22
1644 ASSIGN 491 R3 72
1644 SIDESTEP R18
1645 CANCEL 3174
1645 SIDESTEP R10
1645 SIDESTEP R11
1645 DELIVER 474 R28 1425
1646 CANCEL 3216
1646 CHARGED R6
1646 ASSIGN 573 R28 26
1646 ASSIGN 575 R6 74
1647 DELIVER 441 R20 1442
1647 DELIVER 445 R35 1440
1648 ASSIGN 577 R20 66
1648 GO_CHARGE R35 6 1
1648 DELIVER 471 R7 1429
1648 SIDESTEP R14
1648 PICK 497 R21
1649 ASSIGN 499 R7 55
1649 SIDESTEP R25
1649 REPORT pending=2730 aged=2602 idle=0 to_pickup=18 delivering=17 to_charger=1 charging=0 dead=0 hot=5,5,5
1650 SIDESTEP R0
1650 DELIVER 446 R5 1443
1650 SIDESTEP R22
1651 ASSIGN 583 R5 69
1651 DELIVER 473 R17 1432
1651 SIDESTEP R24
1652 ASSIGN 501 R17 8
1652 SIDESTEP R23
1653 SIDESTEP R14
1654 SIDESTEP R33
1655 PICK 498 R1
1655 SIDESTEP R22
1656 PICK 466 R8
1656 PICK 464 R23
1656 SIDESTEP R24
1656 DELIVER 435 R34 1454
1657 GO_CHARGE R34 15 1
1657 PICK 803 R0
1657 PICK 492 R12
1657 CHARGE R35
1658 SIDESTEP R30
1658 DELIVER 477 R31 1437
1659 ASSIGN 587 R31 48
1659 PICK 501 R17
1660 SIDESTEP R22
1661 CANCEL 3624
1661 SIDESTEP R10
1661 SIDESTEP R24
1661 PICK 815 R29
1662 CANCEL 3423
1662 CANCEL 3450
1663 PICK 490 R4
1663 SIDESTEP R30
1663 DELIVER 447 R33 1455
1664 ASSIGN 589 R33 60
1664 SIDESTEP R13
1665 PICK 570 R2
1665 PICK 480 R10
1665 SIDESTEP R22
1666 SIDESTEP R24
1666 DELIVER 476 R32 1445
1667 ASSIGN 592 R32 24
1668 CANCEL 3401
1669 PICK 569 R18
1670 REJECT 3652
1670 DELIVER 529 R13 1425
1670 DELIVER 485 R14 1445
1670 SIDESTEP R22
1671 ASSIGN 594 R14 29
1671 GO_CHARGE R13 33 1
1671 SIDESTEP R26
1673 CHARGED R35
1673 ASSIGN 500 R35 48
1675 DELIVER 457 R16 1463
1675 SIDESTEP R22
1675 SIDESTEP R27
1676 ASSIGN 502 R16 56
1677 CANCEL 3348
1677 CANCEL 3367
1678 CANCEL 3417
1679 DELIVER 802 R24 1309
1679 DELIVER 561 R27 1419
1679 PICK 496 R30
1680 ASSIGN 503 R24 40
1680 GO_CHARGE R27 6 1
1680 SIDESTEP R22
1681 SIDESTEP R2
1681 DELIVER 497 R21 1451
1682 CANCEL 3241
1682 GO_CHARGE R21 42 1
1682 DELIVER 448 R11 1474
1682 DELIVER 442 R25 1477
1683 ASSIGN 505 R25 38
1683 ASSIGN 508 R11 41
1683 DELIVER 480 R10 1461
1684 REJECT 3683
1684 GO_CHARGE R10 24 1
1684 SIDESTEP R26
1685 SIDESTEP R4
1685 SIDESTEP R22
1686 CANCEL 3672
1686 DELIVER 498 R1 1455
1686 SIDESTEP R2
1686 SIDESTEP R5
1687 GO_CHARGE R1 6 1
1688 DELIVER 803 R0 1318
1689 ASSIGN 513 R0 30
1689 SIDESTEP R26
1690 CANCEL 3606
1690 SIDESTEP R4
1690 PICK 483 R9
1691 SIDESTEP R2
1691 DELIVER 484 R15 1467
1692 ASSIGN 514 R15 60
1692 PICK 592 R32
1693 CANCEL 3523
1693 PICK 691 R19
1695 CANCEL 3547
1695 SIDESTEP R4
1695 SIDESTEP R20
1695 PICK 573 R28
1696 SIDESTEP R2
1696 SIDESTEP R6
1697 CANCEL 3577
1698 CHARGE R27
1699 SIDESTEP R7
1699 REPORT pending=2812 aged=2687 idle=0 to_pickup=15 delivering=15 to_charger=5 charging=1 dead=0 hot=34,16,4
1700 SIDESTEP R4
1700 SIDESTEP R31
1701 SIDESTEP R2
1702 DELIVER 501 R17 1470
1703 GO_CHARGE R17 6 1
1703 PICK 594 R14
1705 SIDESTEP R4
1705 SIDESTEP R31
1706 SIDESTEP R2
1706 DELIVER 487 R26 1480
1706 DELIVER 815 R29 1330
1706 SIDESTEP R34
1707 ASSIGN 515 R29 36
1707 ASSIGN 517 R26 64
1707 PICK 499 R7
1708 CANCEL 3413
1709 SIDESTEP R3
1709 DELIVER 466 R8 1493
1709 SIDESTEP R33
1710 GO_CHARGE R8 33 1
1710 SIDESTEP R4
1710 SIDESTEP R31
1711 CANCEL 3323
1711 SIDESTEP R2
1711 SIDESTEP R34
1712 CANCEL 3402
1714 CANCEL 3647
1714 SIDESTEP R10
1714 DELIVER 492 R12 1486
1714 DELIVER 569 R18 1451
1714 SIDESTEP R33
1715 ASSIGN 518 R18 30
1715 GO_CHARGE R12 6 1
1715 SIDESTEP R5
1715 SIDESTEP R31
1716 CHARGED R27
1716 ASSIGN 519 R27 31
1716 SIDESTEP R2
1716 SIDESTEP R3
1716 SIDESTEP R34
1717 CHARGE R1
1718 CANCEL 3484
1718 PICK 513 R0
1718 PICK 577 R20
1719 CANCEL 3374
1720 SIDESTEP R31
1721 SIDESTEP R2
1721 SIDESTEP R34
1722 SIDESTEP R5
1722 SIDESTEP R10
1723 CANCEL 3379
1723 CANCEL 3646
1723 SIDESTEP R4
1724 PICK 508 R11
1724 SIDESTEP R26
1725 SIDESTEP R31
1726 SIDESTEP R2
1726 SIDESTEP R24
1727 SIDESTEP R5
1728 CANCEL 3780
1728 SIDESTEP R4
1728 SIDESTEP R10
1728 DELIVER 496 R30 1498
1729 GO_CHARGE R30 42 1
1729 DELIVER 464 R23 1514
1729 SIDESTEP R26
1730 CANCEL 3440
1730 ASSIGN 599 R23 42
1730 SIDESTEP R31
1730 SIDESTEP R33
1731 SIDESTEP R2
1731 PICK 502 R16
1731 SIDESTEP R24
1731 SIDESTEP R35
1732 SIDESTEP R5
1732 DELIVER 594 R14 1457
1733 CHARGED R1
1733 ASSIGN 600 R14 10
1733 ASSIGN 602 R1 38
1733 SIDESTEP R4
1734 CANCEL 3658
1734 SIDESTEP R26
1735 SIDESTEP R31
1735 SIDESTEP R33
1736 PICK 575 R6
1736 SIDESTEP R32
1737 SIDESTEP R5
1738 SIDESTEP R4
1739 SIDESTEP R9
1740 CHARGE R12
1740 SIDESTEP R31
1740 SIDESTEP R33
1742 CANCEL 3576
1742 PICK 600 R14
1742 SIDESTEP R22
1742 CHARGE R34
1743 SIDESTEP R2
1743 SIDESTEP R4
1743 SIDESTEP R18
1743 PICK 515 R29
1745 PICK 491 R3
1746 SIDESTEP R25
1746 PICK 519 R27
1746 SIDESTEP R33
1747 DELIVER 499 R7 1516
1747 SIDESTEP R21
1747 SIDESTEP R22
1748 ASSIGN 520 R7 12
1748 DELIVER 513 R0 1511
1748 SIDESTEP R1
1748 SIDESTEP R4
1748 CHARGE R13
1748 SIDESTEP R18
1749 ASSIGN 521 R0 27
1749 SIDESTEP R2
1749 DELIVER 573 R28 1484
1749 REPORT pending=2904 aged=2770 idle=1 to_pickup=13 delivering=14 to_charger=5 charging=3 dead=0 hot=15,1,6
1750 CANCEL 3392
1750 ASSIGN 522 R28 10
1750 DELIVER 577 R20 1483
1751 CANCEL 3826
1751 ASSIGN 524 R20 31
1751 PICK 514 R15
1751 SIDESTEP R25
1751 SIDESTEP R31
1751 SIDESTEP R33
1752 CANCEL 3773
1752 SIDESTEP R9
1752 SIDESTEP R21
1753 SIDESTEP R4
1753 SIDESTEP R10
1754 SIDESTEP R2
1754 SIDESTEP R22
1756 REJECT 3844
1757 CHARGED R12
1757 ASSIGN 526 R12 47
1757 SIDESTEP R9
1757 CHARGE R17
1758 SIDESTEP R4
1759 PICK 520 R7
1759 SIDESTEP R10
1759 SIDESTEP R26
1759 PICK 522 R28
1760 CHARGED R34
1760 ASSIGN 528 R34 72
1760 SIDESTEP R22
1761 SIDESTEP R2
1761 DELIVER 508 R11 1525
1762 GO_CHARGE R11 15 1
1764 CHARGED R13
1764 ASSIGN 530 R13 23
1765 PICK 583 R5
1765 SIDESTEP R9
1765 DELIVER 691 R19 1446
1765 SIDESTEP R22
1766 CANCEL 3650
1766 GO_CHARGE R19 6 1
1766 SIDESTEP R2
1767 SIDESTEP R21
1767 PICK 503 R24
1767 SIDESTEP R31
1768 SIDESTEP R20
1769 CANCEL 3797
1769 SIDESTEP R28
1769 PICK 500 R35
1770 SIDESTEP R7
1770 SIDESTEP R9
1770 SIDESTEP R11
1770 SIDESTEP R22
1770 PICK 505 R25
1771 SIDESTEP R2
1771 PICK 599 R23
1772 CANCEL 3447
1772 SIDESTEP R21
1772 SIDESTEP R31
1773 SIDESTEP R3
1774 CHARGED R17
1774 ASSIGN 532 R17 44
1774 DELIVER 490 R4 1547
1774 PICK 518 R18
1774 CHARGE R19
1774 DELIVER 515 R29 1536
1775 ASSIGN 536 R4 20
1775 GO_CHARGE R29 6 1
1775 PICK 521 R0
1775 SIDESTEP R9
1775 SIDESTEP R11
1775 SIDESTEP R22
1776 CANCEL 3488
1776 CANCEL 3637
1776 SIDESTEP R2
1777 CANCEL 3622
1777 SIDESTEP R31
1777 PICK 589 R33
1778 REJECT 3890
1778 SIDESTEP R3
1778 SIDESTEP R24
1778 DELIVER 592 R32 1504
1778 SIDESTEP R35
1779 ASSIGN 865 R32 38
1779 SIDESTEP R4
1779 CHARGE R30
1780 SIDESTEP R9
1780 DELIVER 600 R14 1502
1780 SIDESTEP R22
1780 DELIVER 519 R27 1540
1780 DELIVER 522 R28 1538
1781 ASSIGN 605 R14 10
1781 ASSIGN 607 R27 34
1781 ASSIGN 609 R28 38
1781 SIDESTEP R2
1781 DELIVER 583 R5 1511
1781 DELIVER 575 R6 1515
1782 ASSIGN 741 R6 14
1782 ASSIGN 744 R5 19
1782 SIDESTEP R31
1783 PICK 602 R1
1783 SIDESTEP R24
1783 SIDESTEP R35
1784 CANCEL 3720
1784 SIDESTEP R21
1784 SIDESTEP R23
1785 CANCEL 3854
1785 SIDESTEP R9
1785 SIDESTEP R22
1786 SIDESTEP R2
1786 PICK 530 R13
1787 SIDESTEP R31
1788 CANCEL 3776
1789 SIDESTEP R21
1790 CHARGED R19
1790 ASSIGN 614 R19 32
1790 SIDESTEP R9
1790 PICK 605 R14
1790 SIDESTEP R22
1790 SIDESTEP R32
1791 DELIVER 521 R0 1550
1791 SIDESTEP R2
1792 GO_CHARGE R0 6 1
1792 DELIVER 502 R16 1559
1793 GO_CHARGE R16 6 1
1795 PICK 741 R6
1795 SIDESTEP R9
1795 SIDESTEP R22
1795 SIDESTEP R32
1795 SIDESTEP R35
1796 SIDESTEP R2
1796 SIDESTEP R7
1796 SIDESTEP R24
1797 CHARGED R30
1797 ASSIGN 618 R30 58
1797 CHARGE R8
1798 PICK 536 R4
1799 CHARGE R29
1799 REPORT pending=2982 aged=2858 idle=0 to_pickup=12 delivering=17 to_charger=5 charging=2 dead=0 hot=22,1,7
1800 CANCEL 3563
1800 SIDESTEP R9
1800 SIDESTEP R22
1800 SIDESTEP R32
1800 SIDESTEP R35
1801 CANCEL 3846
1801 SIDESTEP R2
1801 SIDESTEP R21
1801 SIDESTEP R24
1802 DELIVER 520 R7 1561
1802 CHARGE R10
1803 ASSIGN 625 R7 19
1803 PICK 524 R20
1803 PICK 517 R26
1804 PICK 587 R31
1805 PICK 744 R5
1805 SIDESTEP R9
1805 SIDESTEP R22
1805 SIDESTEP R32
1806 CANCEL 3596
1806 SIDESTEP R2
1806 DELIVER 514 R15 1568
1806 SIDESTEP R21
1806 DELIVER 505 R25 1572
1807 ASSIGN 626 R25 43
1807 GO_CHARGE R15 42 1
1807 SIDESTEP R24
1808 SIDESTEP R17
1809 CANCEL 3598
1809 CANCEL 3907
1809 DELIVER 536 R4 1561
1810 REJECT 3958
1810 ASSIGN 540 R4 17
1810 DELIVER 741 R6 1469
1810 SIDESTEP R32
1811 ASSIGN 539 R6 54
1811 SIDESTEP R2
1811 SIDESTEP R21
1812 SIDESTEP R22
1812 SIDESTEP R26
1813 SIDESTEP R17
1813 SIDESTEP R19
1813 SIDESTEP R31
1814 CHARGED R8
1814 ASSIGN 542 R8 35
1814 SIDESTEP R9
1815 CHARGED R29
1815 ASSIGN 544 R29 53
1815 SIDESTEP R32
1815 DELIVER 589 R33 1543
1816 ASSIGN 545 R33 39
1816 CHARGE R0
1816 SIDESTEP R2
1817 SIDESTEP R26
1818 CHARGED R10
1818 ASSIGN 547 R10 29
1818 SIDESTEP R22
1818 SIDESTEP R23
1818 SIDESTEP R24
1818 PICK 609 R28
1819 CANCEL 3642
1819 SIDESTEP R9
1820 DELIVER 602 R1 1541
1821 CANCEL 3691
1821 ASSIGN 548 R1 36
1821 SIDESTEP R2
1821 PICK 625 R7
1823 SIDESTEP R23
1823 SIDESTEP R24
1824 CANCEL 3730
1824 SIDESTEP R21
1825 SIDESTEP R20
1825 DELIVER 517 R26 1586
1826 GO_CHARGE R26 24 1
1826 SIDESTEP R2
1826 SIDESTEP R4
1826 SIDESTEP R13
1826 SIDESTEP R19
1826 SIDESTEP R31
1827 DELIVER 518 R18 1587
1828 ASSIGN 549 R18 38
1828 SIDESTEP R23
1829 SIDESTEP R21
1830 CANCEL 3594
1830 CHARGED R0
1830 ASSIGN 550 R0 5
1830 SIDESTEP R20
1831 CANCEL 3974
1831 SIDESTEP R2
1831 SIDESTEP R13
1831 SIDESTEP R29
1832 PICK 526 R12
1833 CHARGE R11
1833 SIDESTEP R23
1834 PICK 550 R0
1834 SIDESTEP R21
1835 CANCEL 3927
1835 CANCEL 4012
1835 SIDESTEP R20
1836 DELIVER 491 R3 1608
1836 SIDESTEP R13
1837 GO_CHARGE R3 33 1
1837 CHARGE R16
1838 CANCEL 3812
1838 PICK 532 R17
1838 SIDESTEP R23
1839 SIDESTEP R22
1840 SIDESTEP R20
1840 SIDESTEP R24
1840 SIDESTEP R25
1841 SIDESTEP R13
1841 SIDESTEP R21
1842 DELIVER 550 R0 1587
1843 ASSIGN 745 R0 54
1843 SIDESTEP R7
1843 PICK 614 R19
1843 SIDESTEP R23
1844 CANCEL 3966
1844 PICK 607 R27
1845 PICK 540 R4
1845 SIDESTEP R5
1845 DELIVER 483 R9 1621
1845 SIDESTEP R22
1845 SIDESTEP R25
1845 DELIVER 500 R35 1613
1846 CANCEL 3695
1846 ASSIGN 751 R35 40
1846 GO_CHARGE R9 6 1
1846 SIDESTEP R13
1846 SIDESTEP R32
1847 SIDESTEP R31
1848 SIDESTEP R7
1848 PICK 542 R8
1848 PICK 547 R10
1848 SIDESTEP R23
1849 REPORT pending=3064 aged=2938 idle=0 to_pickup=11 delivering=18 to_charger=5 charging=2 dead=0 hot=34,25,5
1850 CHARGED R11
1850 ASSIGN 551 R11 43
1850 SIDESTEP R25
1851 CANCEL 3618
1851 SIDESTEP R22
1853 SIDESTEP R7
1853 SIDESTEP R23
1854 CHARGED R16
1854 ASSIGN 631 R16 55
1854 SIDESTEP R11
1854 SIDESTEP R13
1854 SIDESTEP R18
1854 PICK 545 R33
1855 SIDESTEP R0
1855 CHARGE R9
1855 SIDESTEP R25
1857 CANCEL_FAIL 104066
1857 SIDESTEP R1
1857 CHARGE R15
1858 SIDESTEP R23
1858 PICK 618 R30
1859 SIDESTEP R13
1859 SIDESTEP R14
1860 SIDESTEP R25
1860 SIDESTEP R26
1861 DELIVER 607 R27 1581
1862 ASSIGN 636 R27 51
1862 PICK 548 R1
1862 SIDESTEP R4
1862 SIDESTEP R35
1863 SIDESTEP R2
1863 SIDESTEP R22
1864 SIDESTEP R13
1865 SIDESTEP R25
1866 SIDESTEP R26
1868 SIDESTEP R22
1868 DELIVER 599 R23 1591
1868 DELIVER 503 R24 1635
1869 ASSIGN 645 R24 38
1869 ASSIGN 650 R23 30
1869 SIDESTEP R4
1869 DELIVER 605 R14 1589
1870 CANCEL 3964
1870 CHARGED R9
1870 ASSIGN 652 R14 16
1870 ASSIGN 653 R9 65
1871 PICK 544 R29
1871 SIDESTEP R31
1871 PICK 865 R32
1872 SIDESTEP R18
1872 SIDESTEP R26
1872 SIDESTEP R27
1873 CHARGED R15
1873 ASSIGN 654 R15 49
1873 SIDESTEP R22
1873 SIDESTEP R23
1874 SIDESTEP R4
1874 SIDESTEP R9
1874 DELIVER 609 R28 1593
1875 ASSIGN 666 R28 43
1877 SIDESTEP R15
1877 SIDESTEP R18
1877 CHARGE R21
1877 SIDESTEP R26
1878 SIDESTEP R3
1878 SIDESTEP R22
1879 SIDESTEP R4
1881 DELIVER 744 R5 1539
1881 SIDESTEP R13
1882 REJECT 4119
1882 GO_CHARGE R5 15 1
1882 SIDESTEP R30
1883 DELIVER 570 R2 1619
1883 SIDESTEP R22
1884 ASSIGN 552 R2 77
1884 SIDESTEP R4
1884 DELIVER 542 R8 1633
1884 DELIVER 532 R17 1637
1885 CANCEL 3828
1885 ASSIGN 553 R8 61
1885 ASSIGN 554 R17 64
1885 DELIVER 625 R7 1597
1885 PICK 626 R25
1886 ASSIGN 560 R7 11
1886 SIDESTEP R13
1886 PICK 652 R14
1886 DELIVER 524 R20 1643
1887 ASSIGN 562 R20 54
1887 PICK 528 R34
1888 PICK 539 R6
1888 SIDESTEP R22
1889 SIDESTEP R4
1889 SIDESTEP R30
1890 PICK 549 R18
1890 DELIVER 614 R19 1607
1890 SIDESTEP R33
1891 CANCEL 4057
1891 ASSIGN 563 R19 64
1893 DELIVER 526 R12 1649
1893 SIDESTEP R22
1894 ASSIGN 565 R12 50
1894 SIDESTEP R4
1894 SIDESTEP R30
1895 CHARGED R21
1895 ASSIGN 566 R21 42
1895 SIDESTEP R33
1896 REJECT 4147
1896 PICK 560 R7
1896 SIDESTEP R25
1897 DELIVER 865 R32 1498
1898 GO_CHARGE R32 6 1
1898 PICK 551 R11
1898 DELIVER 530 R13 1652
1898 SIDESTEP R22
1899 ASSIGN 568 R13 40
1899 SIDESTEP R30
1899 REPORT pending=3147 aged=3020 idle=0 to_pickup=17 delivering=15 to_charger=4 charging=0 dead=0 hot=18,1,5
1900 SIDESTEP R33
1901 SIDESTEP R25
1902 CANCEL 3923
1903 SIDESTEP R22
1904 SIDESTEP R30
1905 SIDESTEP R19
1905 SIDESTEP R33
1906 SIDESTEP R25
1907 CANCEL 4050
1907 DELIVER 652 R14 1605
1908 CANCEL 4021
1908 GO_CHARGE R14 42 1
1908 DELIVER 547 R10 1654
1908 SIDESTEP R22
1908 PICK 650 R23
1909 ASSIGN 571 R10 41
1909 SIDESTEP R30
1910 SIDESTEP R33
1911 DELIVER 540 R4 1661
1911 SIDESTEP R5
1911 SIDESTEP R25
1912 CANCEL 4001
1912 GO_CHARGE R4 15 1
1913 SIDESTEP R22
1914 CANCEL 3869
1914 SIDESTEP R30
1914 CHARGE R32
1915 DELIVER 587 R31 1644
1915 SIDESTEP R33
1916 REJECT 4191
1916 GO_CHARGE R31 6 1
1916 SIDESTEP R5
1916 SIDESTEP R25
1916 PICK 751 R35
1917 DELIVER 560 R7 1658
1917 DELIVER 549 R18 1662
1918 CANCEL 3831
1918 CANCEL 3941
1918 ASSIGN 766 R7 39
1918 GO_CHARGE R18 6 1
1918 PICK 636 R27
1919 CANCEL 4166
1919 SIDESTEP R30
1920 CHARGE R26
1920 SIDESTEP R33
1921 SIDESTEP R5
1921 SIDESTEP R25
1922 CANCEL 3871
1923 DELIVER 548 R1 1669
1924 ASSIGN 770 R1 18
1924 SIDESTEP R30
1925 SIDESTEP R14
1925 SIDESTEP R33
1926 CANCEL 4133
1926 SIDESTEP R3
1926 SIDESTEP R25
1927 REJECT 4216
1928 PICK 654 R15
1929 CHARGED R32
1929 ASSIGN 667 R32 36
1929 SIDESTEP R21
1929 DELIVER 544 R29 1677
1930 CANCEL 3833
1930 CANCEL 4093
1930 ASSIGN 670 R29 47
1930 CHARGE R31
1930 SIDESTEP R33
1931 SIDESTEP R6
1931 DELIVER 650 R23 1630
1932 GO_CHARGE R23 33 1
1932 SIDESTEP R3
1933 SIDESTEP R5
1934 SIDESTEP R21
1936 CHARGED R26
1936 ASSIGN 672 R26 56
1936 SIDESTEP R6
1936 SIDESTEP R7
1937 CANCEL 4139
1937 CANCEL 4193
1937 SIDESTEP R22
1938 REJECT 4242
1939 SIDESTEP R21
1940 CANCEL 3839
1940 PICK 562 R20
1941 PICK 770 R1
1941 SIDESTEP R6
1941 SIDESTEP R7
1941 SIDESTEP R28
1942 CANCEL 3901
1942 CANCEL 4212
1942 SIDESTEP R5
1942 PICK 653 R9
1942 DELIVER 528 R34 1697
1943 ASSIGN 675 R34 52
1943 DELIVER 551 R11 1688
1944 ASSIGN 678 R11 41
1944 PICK 565 R12
1944 SIDESTEP R21
1945 CANCEL 4052
1945 SIDESTEP R23
1946 CHARGED R31
1946 ASSIGN 572 R31 67
1946 CHARGE R3
1946 SIDESTEP R7
1946 SIDESTEP R28
1947 SIDESTEP R5
1948 SIDESTEP R22
1949 PICK 571 R10
1949 DELIVER 654 R15 1647
1949 CHARGE R18
1949 SIDESTEP R21
1949 REPORT pending=3233 aged=3104 idle=1 to_pickup=17 delivering=12 to_charger=4 charging=2 dead=0 hot=31,17,5
1950 CANCEL 3888
1950 ASSIGN 576 R15 48
1950 PICK 645 R24
1951 SIDESTEP R7
1951 SIDESTEP R28
1952 SIDESTEP R5
1952 SIDESTEP R13
1953 PICK 745 R0
1954 DELIVER 636 R27 1660
1955 ASSIGN 580 R27 41
1955 SIDESTEP R22
1956 CANCEL 3889
1956 DELIVER 770 R1 1601
1957 ASSIGN 581 R1 51
1957 SIDESTEP R5
1957 SIDESTEP R13
1957 DELIVER 626 R25 1668
1957 DELIVER 545 R33 1704
1958 CANCEL 3987
1958 GO_CHARGE R25 24 1
1958 GO_CHARGE R33 33 1
1958 SIDESTEP R14
1958 PICK 631 R16
1958 SIDESTEP R31
1958 DELIVER 751 R35 1612
1959 ASSIGN 582 R35 41
1959 SIDESTEP R21
1961 SIDESTEP R22
1962 CANCEL 4039
1962 CANCEL 4249
1962 SIDESTEP R5
1962 DELIVER 539 R6 1712
1962 SIDESTEP R13
1962 DELIVER 618 R30 1677
1963 ASSIGN 584 R30 14
1963 ASSIGN 585 R6 7
1963 SIDESTEP R9
1964 CHARGED R3
1964 ASSIGN 588 R3 45
1964 SIDESTEP R21
1965 SIDESTEP R29
1966 CHARGED R18
1966 ASSIGN 590 R18 39
1967 SIDESTEP R5
1967 SIDESTEP R13
1967 PICK 666 R28
1968 SIDESTEP R2
1968 SIDESTEP R23
1968 PICK 667 R32
1969 PICK 585 R6
1969 SIDESTEP R9
1970 DELIVER 465 R22 1754
1971 GO_CHARGE R22 6 1
1972 SIDESTEP R5
1972 SIDESTEP R13
1972 SIDESTEP R26
1973 CANCEL 4315
1973 SIDESTEP R2
1973 CHARGE R14
1973 SIDESTEP R19
1973 SIDESTEP R23
1974 REJECT 4330
1974 SIDESTEP R10
1974 CHARGE R22
1976 PICK 584 R30
1977 CANCEL 4098
1977 DELIVER 745 R0 1634
1977 SIDESTEP R5
1977 PICK 553 R8
1977 SIDESTEP R26
1977 SIDESTEP R33
1978 ASSIGN 591 R0 27
1978 CHARGE R4
1979 SIDESTEP R10
1979 SIDESTEP R23
1981 CANCEL 4309
1981 SIDESTEP R34
1982 SIDESTEP R5
1982 DELIVER 565 R12 1720
1982 PICK 566 R21
1983 CANCEL 4180
1983 ASSIGN 782 R12 32
1983 PICK 554 R17
1983 SIDESTEP R30
1984 SIDESTEP R10
1984 PICK 678 R11
1984 SIDESTEP R15
1984 SIDESTEP R23
1984 SIDESTEP R25
1984 PICK 670 R29
1987 CANCEL 4094
1988 SIDESTEP R30
1988 SIDESTEP R33
1989 CHARGED R14
1989 CHARGED R22
1989 ASSIGN 784 R14 21
1989 ASSIGN 792 R22 38
1989 PICK 766 R7
1989 SIDESTEP R10
1989 SIDESTEP R15
1989 SIDESTEP R23
1989 SIDESTEP R26
1991 PICK 568 R13
1993 SIDESTEP R30
1993 SIDESTEP R31
1994 CANCEL 3970
1994 CHARGED R4
1994 ASSIGN 807 R4 35
1994 SIDESTEP R26
1995 PICK 580 R27
1996 REJECT 4376
1996 SIDESTEP R29
1998 SIDESTEP R30
1998 SIDESTEP R31
1999 PICK 563 R19
1999 DELIVER 562 R20 1739
1999 SIDESTEP R26
1999 REPORT pending=3320 aged=3187 idle=1 to_pickup=14 delivering=17 to_charger=4 charging=0 dead=0 hot=34,28,4
2000 GO_CHARGE R20 6 1
2000 SIDESTEP R10
2000 DELIVER 631 R16 1709
2000 PICK 675 R34
2001 ASSIGN 687 R16 29
2003 SIDESTEP R30
2003 SIDESTEP R32
2003 PICK 582 R35
2004 SIDESTEP R6
2004 DELIVER 566 R21 1742
2005 ASSIGN 688 R21 27
2005 DELIVER 678 R11 1692
2006 CANCEL 4349
2006 ASSIGN 689 R11 47
2007 CHARGE R25
2008 REJECT 4403
2008 SIDESTEP R30
2008 SIDESTEP R32
2009 SIDESTEP R6
2009 PICK 576 R15
2010 SIDESTEP R1
2010 DELIVER 553 R8 1754
2010 PICK 784 R14
2011 CANCEL 4068
2011 ASSIGN 701 R8 31
2011 DELIVER 766 R7 1658
2012 GO_CHARGE R7 42 1
2013 CANCEL 4042
2013 PICK 588 R3
2013 SIDESTEP R30
2013 SIDESTEP R32
2014 CANCEL 4360
2014 SIDESTEP R6
2015 SIDESTEP R16
2016 CANCEL 4232
2017 PICK 552 R2
2017 SIDESTEP R35
2018 DELIVER 666 R28 1710
2018 SIDESTEP R30
2019 GO_CHARGE R28 6 1
2019 SIDESTEP R5
2019 SIDESTEP R6
2019 PICK 782 R12
2020 PICK 591 R0
2021 DELIVER 645 R24 1723
2021 SIDESTEP R31
2022 CANCEL 4002
2022 GO_CHARGE R24 15 1
2024 SIDESTEP R5
2024 SIDESTEP R12
2025 CHARGED R25
2025 ASSIGN 593 R25 7
2025 PICK 672 R26
2026 SIDESTEP R4
2026 SIDESTEP R10
2026 PICK 792 R22
2026 SIDESTEP R31
2027 PICK 581 R1
2028 CANCEL 4416
2029 CHARGE R23
2029 DELIVER 675 R34 1717
2030 ASSIGN 595 R34 32
2030 DELIVER 580 R27 1762
2031 ASSIGN 597 R27 20
2031 SIDESTEP R10
2031 PICK 593 R25
2031 CHARGE R28
2031 SIDESTEP R31
2032 DELIVER 588 R3 1760
2032 PICK 688 R21
2033 CANCEL 4363
2033 ASSIGN 598 R3 32
2033 SIDESTEP R0
2033 SIDESTEP R11
2033 SIDESTEP R18
2033 SIDESTEP R32
2035 SIDESTEP R5
2036 SIDESTEP R10
2036 SIDESTEP R31
2038 CANCEL 4038
2038 SIDESTEP R11
2038 SIDESTEP R18
2038 SIDESTEP R32
2039 SIDESTEP R4
2039 SIDESTEP R7
2040 CANCEL 4405
2040 DELIVER 568 R13 1777
2040 SIDESTEP R30
2041 ASSIGN 601 R13 24
2041 SIDESTEP R10
2041 SIDESTEP R21
2041 SIDESTEP R31
2042 PICK 807 R4
2042 SIDESTEP R5
2043 SIDESTEP R11
2043 SIDESTEP R18
2044 DELIVER 653 R9 1742
2045 CANCEL 4195
2045 CANCEL 4364
2045 CHARGED R23
2045 CHARGED R28
2045 ASSIGN 603 R23 20
2045 ASSIGN 604 R9 47
2045 ASSIGN 610 R28 22
2045 SIDESTEP R7
2046 DELIVER 554 R17 1789
2046 CHARGE R20
2046 DELIVER 584 R30 1776
2046 SIDESTEP R31
2047 ASSIGN 611 R30 35
2047 ASSIGN 613 R17 44
2047 DELIVER 670 R29 1737
2048 CANCEL 4331
2048 ASSIGN 927 R29 27
2048 SIDESTEP R5
2048 SIDESTEP R11
2048 DELIVER 672 R26 1737
2048 SIDESTEP R34
2049 ASSIGN 615 R26 23
2049 SIDESTEP R6
2049 SIDESTEP R23
2049 CHARGE R33
2049 REPORT pending=3400 aged=3274 idle=0 to_pickup=16 delivering=15 to_charger=3 charging=2 dead=0 hot=14,20,6
2050 SIDESTEP R0
2050 PICK 597 R27
2051 DELIVER 563 R19 1790
2052 ASSIGN 616 R19 39
2052 SIDESTEP R7
2054 SIDESTEP R5
2054 SIDESTEP R23
2054 SIDESTEP R34
2055 SIDESTEP R11
2055 SIDESTEP R18
2057 REJECT 4509
2057 SIDESTEP R0
2057 PICK 701 R8
2057 DELIVER 571 R10 1793
2058 ASSIGN 812 R10 61
2058 SIDESTEP R7
2058 SIDESTEP R13
2058 DELIVER 576 R15 1792
2059 ASSIGN 816 R15 41
2059 DELIVER 552 R2 1803
2059 PICK 687 R16
2060 GO_CHARGE R2 24 1
2060 SIDESTEP R5
2061 SIDESTEP R6
2061 SIDESTEP R34
2062 SIDESTEP R9
2062 DELIVER 784 R14 1701
2062 DELIVER 688 R21 1745
2063 CHARGED R20
2063 ASSIGN 826 R20 6
2063 ASSIGN 827 R21 43
2063 ASSIGN 830 R14 42
2064 PICK 598 R3
2065 DELIVER 667 R32 1757
2066 CHARGED R33
2066 ASSIGN 702 R32 27
2066 ASSIGN 705 R33 16
2066 SIDESTEP R5
2066 PICK 610 R28
2066 SIDESTEP R34
2067 SIDESTEP R4
2067 PICK 590 R18
2067 SIDESTEP R25
2068 PICK 826 R20
2070 PICK 601 R13
2071 DELIVER 807 R4 1699
2071 PICK 572 R31
2072 ASSIGN 714 R4 36
2072 SIDESTEP R25
2072 SIDESTEP R28
2074 PICK 603 R23
2074 PICK 927 R29
2076 REJECT 4554
2076 PICK 615 R26
2076 DELIVER 582 R35 1807
2077 ASSIGN 715 R35 36
2077 SIDESTEP R25
2078 SIDESTEP R16
2078 DELIVER 792 R22 1713
2079 ASSIGN 717 R22 56
2080 DELIVER 701 R8 1757
2081 CANCEL 4543
2081 ASSIGN 718 R8 54
2081 PICK 705 R33
2082 PICK 611 R30
2083 DELIVER 581 R1 1814
2083 DELIVER 598 R3 1806
2083 PICK 689 R11
2083 SIDESTEP R16
2083 SIDESTEP R20
2084 ASSIGN 721 R3 22
2084 ASSIGN 731 R1 33
2084 SIDESTEP R5
2084 DELIVER 597 R27 1808
2085 REJECT 4573
2085 ASSIGN 733 R27 51
2087 CANCEL 4186
2087 CANCEL 4324
2088 SIDESTEP R16
2088 SIDESTEP R20
2088 CHARGE R24
2089 CANCEL_FAIL 4330
2089 SIDESTEP R5
2089 DELIVER 590 R18 1816
2090 ASSIGN 620 R18 39
2090 PICK 613 R17
2090 PICK 616 R19
2091 DELIVER 782 R12 1730
2092 ASSIGN 621 R12 56
2092 DELIVER 615 R26 1808
2092 PICK 702 R32
2093 REJECT 4590
2093 ASSIGN 622 R26 20
2093 SIDESTEP R20
2094 SIDESTEP R5
2094 SIDESTEP R25
2095 SIDESTEP R16
2096 DELIVER 610 R28 1815
2096 PICK 595 R34
2097 CANCEL 4368
2097 ASSIGN 623 R28 48
2098 SIDESTEP R11
2098 SIDESTEP R20
2099 CANCEL_FAIL 104605
2099 SIDESTEP R5
2099 REPORT pending=3485 aged=3356 idle=0 to_pickup=16 delivering=16 to_charger=3 charging=1 dead=0 hot=24,26,5
2100 CANCEL 4181
2100 CANCEL 4317
2100 SIDESTEP R0
2101 CANCEL 4497
2102 CANCEL 4175
2102 DELIVER 603 R23 1823
2103 ASSIGN 624 R23 51
2103 SIDESTEP R11
2103 PICK 816 R15
2103 SIDESTEP R20
2104 SIDESTEP R5
2105 CHARGED R24
2105 ASSIGN 627 R24 42
2105 PICK 721 R3
2105 SIDESTEP R19
2106 PICK 830 R14
2107 CANCEL 4529
2107 DELIVER 572 R31 1842
2108 ASSIGN 628 R31 57
2108 PICK 714 R4
2108 SIDESTEP R11
2108 SIDESTEP R20
2108 PICK 827 R21
2109 SIDESTEP R5
2109 SIDESTEP R23
2109 SIDESTEP R32
2112 CANCEL 4388
2112 PICK 622 R26
2112 PICK 715 R35
2113 SIDESTEP R11
2113 SIDESTEP R20
2113 DELIVER 705 R33 1788
2114 CANCEL 4478
2114 ASSIGN 629 R33 28
2114 DELIVER 591 R0 1841
2114 SIDESTEP R5
2114 SIDESTEP R8
2114 SIDESTEP R9
2115 ASSIGN 630 R0 47
2116 CANCEL 4489
2116 SIDESTEP R19
2117 PICK 731 R1
2117 DELIVER 601 R13 1839
2118 CANCEL 4308
2118 ASSIGN 633 R13 47
2118 PICK 812 R10
2118 SIDESTEP R20
2119 SIDESTEP R5
2119 SIDESTEP R9
2119 SIDESTEP R27
2119 DELIVER 927 R29 1691
2120 CANCEL 4596
2120 ASSIGN 637 R29 31
2121 CHARGE R2
2121 SIDESTEP R19
2122 DELIVER 593 R25 1848
2123 ASSIGN 958 R25 7
2123 DELIVER 585 R6 1852
2123 SIDESTEP R18
2124 GO_CHARGE R6 6 1
2124 SIDESTEP R5
2124 SIDESTEP R9
2124 SIDESTEP R32
2125 SIDESTEP R13
2125 SIDESTEP R21
2125 DELIVER 595 R34 1850
2126 ASSIGN 638 R34 17
2126 SIDESTEP R19
2128 CHARGE R6
2129 SIDESTEP R5
2129 SIDESTEP R9
2129 SIDESTEP R12
2129 PICK 958 R25
2129 DELIVER 622 R26 1842
2129 SIDESTEP R32
2130 CANCEL 4512
2130 REJECT 4672
2130 ASSIGN 639 R26 33
2130 SIDESTEP R21
2131 SIDESTEP R16
2134 SIDESTEP R5
2134 PICK 717 R22
2135 PICK 620 R18
2135 DELIVER 826 R20 1754
2135 SIDESTEP R21
2136 ASSIGN 980 R20 33
2136 PICK 604 R9
2136 SIDESTEP R16
2137 DELIVER 689 R11 1819
2138 CANCEL 4632
2138 ASSIGN 641 R11 39
2138 SIDESTEP R3
2139 CHARGED R2
2139 ASSIGN 864 R2 39
2139 SIDESTEP R5
2140 CANCEL 4525
2140 DELIVER 613 R17 1857
2141 ASSIGN 739 R17 36
2141 SIDESTEP R16
2142 CHARGED R6
2142 ASSIGN 642 R6 42
2142 PICK 629 R33
2142 PICK 638 R34
2143 SIDESTEP R3
2143 SIDESTEP R8
2143 SIDESTEP R18
2144 SIDESTEP R5
2144 SIDESTEP R32
2145 CANCEL 4524
2146 CANCEL 4660
2146 DELIVER 714 R4 1817
2146 SIDESTEP R16
2146 PICK 623 R28
2147 ASSIGN 754 R4 45
2147 SIDESTEP R22
2148 SIDESTEP R3
2148 SIDESTEP R14
2148 SIDESTEP R18
2149 SIDESTEP R5
2149 SIDESTEP R32
2149 REPORT pending=3560 aged=3436 idle=0 to_pickup=16 delivering=18 to_charger=2 charging=0 dead=0 hot=8,12,5
2150 SIDESTEP R12
2150 PICK 637 R29
2151 DELIVER 816 R15 1774
2151 SIDESTEP R16
2151 SIDESTEP R26
2152 ASSIGN 759 R15 23
2153 DELIVER 731 R1 1817
2153 SIDESTEP R3
2153 DELIVER 611 R30 1871
2154 ASSIGN 878 R30 50
2154 GO_CHARGE R1 6 1
2154 SIDESTEP R5
2154 PICK 627 R24
2154 PICK 733 R27
2154 SIDESTEP R32
2156 SIDESTEP R14
2156 SIDESTEP R16
2156 DELIVER 958 R25 1713
2156 DELIVER 629 R33 1866
2157 ASSIGN 772 R25 34
2157 ASSIGN 879 R33 45
2158 SIDESTEP R3
2159 SIDESTEP R5
2160 PICK 624 R23
2160 DELIVER 715 R35 1830
2161 GO_CHARGE R35 24 1
2161 SIDESTEP R14
2161 SIDESTEP R16
2164 SIDESTEP R5
2165 CANCEL 4647
2165 CANCEL 4715
2166 SIDESTEP R14
2166 SIDESTEP R16
2167 CANCEL 4450
2167 CANCEL 4582
2168 PICK 718 R8
2168 PICK 639 R26
2169 SIDESTEP R5
2170 PICK 633 R13
2171 SIDESTEP R2
2171 SIDESTEP R16
2171 DELIVER 620 R18 1885
2171 SIDESTEP R34
2172 ASSIGN 647 R18 49
2173 PICK 621 R12
2174 SIDESTEP R5
2174 PICK 759 R15
2176 CANCEL 4763
2176 SIDESTEP R2
2176 DELIVER 604 R9 1897
2176 PICK 641 R11
2176 DELIVER 616 R19 1892
2176 DELIVER 717 R22 1846
2176 SIDESTEP R34
2177 CANCEL 4721
2177 ASSIGN 648 R9 31
2177 ASSIGN 651 R22 57
2177 ASSIGN 656 R19 33
2177 PICK 739 R17
2177 SIDESTEP R20
2178 CANCEL 4390
2179 SIDESTEP R5
2179 DELIVER 827 R21 1797
2180 ASSIGN 657 R21 5
2181 SIDESTEP R2
2181 SIDESTEP R24
2181 SIDESTEP R34
2182 DELIVER 812 R10 1807
2182 SIDESTEP R11
2183 ASSIGN 658 R10 36
2184 CANCEL 4550
2184 SIDESTEP R0
2184 SIDESTEP R3
2184 SIDESTEP R5
2184 CHARGE R7
2184 PICK 657 R21
2184 PICK 628 R31
2185 SIDESTEP R27
2186 SIDESTEP R2
2186 SIDESTEP R6
2186 SIDESTEP R14
2186 SIDESTEP R24
2187 SIDESTEP R1
2187 SIDESTEP R11
2188 SIDESTEP R33
2189 SIDESTEP R5
2189 SIDESTEP R20
2190 CANCEL 4504
2190 DELIVER 687 R16 1873
2190 PICK 772 R25
2190 SIDESTEP R30
2191 ASSIGN 659 R16 58
2191 SIDESTEP R2
2191 SIDESTEP R6
2191 DELIVER 739 R17 1851
2192 CANCEL 4592
2192 ASSIGN 668 R17 20
2192 SIDESTEP R1
2193 PICK 754 R4
2193 SIDESTEP R33
2193 DELIVER 638 R34 1898
2194 CANCEL 4698
2194 ASSIGN 660 R34 45
2195 SIDESTEP R5
2195 SIDESTEP R20
2195 DELIVER 637 R29 1901
2196 CANCEL 4701
2196 GO_CHARGE R29 33 1
2196 SIDESTEP R2
2196 DELIVER 721 R3 1864
2196 SIDESTEP R6
2196 SIDESTEP R21
2197 ASSIGN 663 R3 33
2198 SIDESTEP R33
2199 REPORT pending=3642 aged=3518 idle=0 to_pickup=15 delivering=16 to_charger=4 charging=1 dead=0 hot=22,14,6
2200 CANCEL 4397
2200 CANCEL 4778
2201 SIDESTEP R5
2201 SIDESTEP R21
2202 CHARGED R7
2202 ASSIGN 665 R7 37
2202 SIDESTEP R6
2202 SIDESTEP R24
2202 SIDESTEP R26
2202 SIDESTEP R28
2203 DELIVER 830 R14 1820
2203 SIDESTEP R18
2204 CANCEL 4564
2204 ASSIGN 669 R14 41
2205 SIDESTEP R10
2206 CANCEL 4502
2206 SIDESTEP R7
2206 DELIVER 733 R27 1869
2207 GO_CHARGE R27 42 1
2207 PICK 648 R9
2207 DELIVER 759 R15 1857
2207 SIDESTEP R19
2207 SIDESTEP R24
2208 CANCEL 4755
2208 ASSIGN 882 R15 46
2209 SIDESTEP R20
2211 PICK 668 R17
2212 SIDESTEP R19
2212 SIDESTEP R24
2212 CHARGE R35
2213 DELIVER 718 R8 1882
2213 SIDESTEP R23
2213 PICK 878 R30
2214 ASSIGN 885 R8 75
2214 SIDESTEP R20
2214 DELIVER 628 R31 1924
2214 SIDESTEP R33
2215 ASSIGN 1008 R31 17
2216 DELIVER 621 R12 1930
2217 GO_CHARGE R12 6 1
2217 SIDESTEP R19
2217 SIDESTEP R25
2218 PICK 630 R0
2218 SIDESTEP R23
2218 DELIVER 639 R26 1923
2219 ASSIGN 775 R26 37
2219 DEAD R5
2219 SIDESTEP R16
2219 SIDESTEP R20
2219 SIDESTEP R33
2220 CANCEL 4527
2221 DELIVER 754 R4 1874
2222 ASSIGN 778 R4 35
2222 SIDESTEP R19
2223 SIDESTEP R23
2224 PICK 642 R6
2225 CHARGE R12
2225 PICK 980 R20
2226 SIDESTEP R18
2227 CANCEL 4530
2227 DELIVER 668 R17 1918
2227 SIDESTEP R19
2227 SIDESTEP R24
2228 CHARGED R35
2228 ASSIGN 781 R35 35
2228 GO_CHARGE R17 15 1
2228 PICK 864 R2
2230 DELIVER 633 R13 1938
2231 GO_CHARGE R13 24 1
2231 SIDESTEP R18
2231 PICK 1008 R31
2232 SIDESTEP R19
2232 DELIVER 624 R23 1944
2232 SIDESTEP R24
2233 ASSIGN 673 R23 16
2233 DELIVER 641 R11 1937
2233 PICK 651 R22
2233 DELIVER 702 R32 1909
2234 ASSIGN 674 R32 41
2234 ASSIGN 676 R11 54
2234 DELIVER 623 R28 1947
2235 ASSIGN 677 R28 45
2235 SIDESTEP R4
2236 CANCEL 4555
2236 DELIVER 648 R9 1936
2236 PICK 658 R10
2236 SIDESTEP R18
2237 ASSIGN 679 R9 22
2237 SIDESTEP R24
2238 CANCEL 4861
2238 SIDESTEP R21
2238 DELIVER 772 R25 1882
2238 PICK 660 R34
2239 ASSIGN 681 R25 53
2240 CHARGED R12
2240 ASSIGN 682 R12 26
2240 SIDESTEP R4
2241 SIDESTEP R18
2242 CANCEL 4702
2242 PICK 665 R7
2242 SIDESTEP R24
2244 SIDESTEP R2
2244 SIDESTEP R6
2244 SIDESTEP R16
2244 SIDESTEP R27
2245 SIDESTEP R4
2245 DELIVER 878 R30 1839
2246 ASSIGN 686 R30 30
2246 SIDESTEP R18
2247 CANCEL 4545
2247 CANCEL 4644
2247 CANCEL 4816
2247 DELIVER 630 R0 1956
2247 SIDESTEP R24
2247 CHARGE R29
2248 CANCEL 4786
2248 ASSIGN 690 R0 54
2249 SIDESTEP R2
2249 SIDESTEP R6
2249 REPORT pending=3719 aged=3593 idle=0 to_pickup=20 delivering=10 to_charger=4 charging=1 dead=1 hot=5,14,6
2250 SIDESTEP R4
2250 SIDESTEP R34
2251 SIDESTEP R18
2251 PICK 656 R19
2252 SIDESTEP R24
2252 SIDESTEP R28
2253 CANCEL_FAIL 4672
2253 PICK 663 R3
2253 SIDESTEP R20
2254 SIDESTEP R6
2254 PICK 669 R14
2255 CANCEL 4939
2255 PICK 775 R26
2255 SIDESTEP R34
2256 SIDESTEP R18
2256 SIDESTEP R21
2256 SIDESTEP R33
2257 SIDESTEP R28
2258 CANCEL 4758
2258 PICK 882 R15
2259 SIDESTEP R6
2259 PICK 679 R9
2260 SIDESTEP R7
2260 PICK 659 R16
2261 SIDESTEP R18
2261 DELIVER 656 R19 1958
2261 SIDESTEP R21
2262 CHARGED R29
2262 ASSIGN 692 R29 42
2262 GO_CHARGE R19 33 1
2262 SIDESTEP R28
2262 SIDESTEP R35
2264 SIDESTEP R2
2264 PICK 673 R23
2264 SIDESTEP R24
2265 SIDESTEP R7
2266 REJECT 4967
2266 SIDESTEP R26
2266 PICK 879 R33
2267 CANCEL 4962
2267 SIDESTEP R28
2267 SIDESTEP R35
2268 REJECT 4971
2268 SIDESTEP R14
2268 SIDESTEP R27
2269 SIDESTEP R2
2269 SIDESTEP R24
2269 DELIVER 1008 R31 1803
2270 ASSIGN 693 R31 65
2270 SIDESTEP R7
2272 SIDESTEP R25
2272 SIDESTEP R26
2272 SIDESTEP R28
2273 SIDESTEP R6
2273 SIDESTEP R27
2274 CANCEL 4743
2274 SIDESTEP R2
2274 SIDESTEP R24
2275 SIDESTEP R7
2275 PICK 682 R12
2275 CHARGE R17
2277 CANCEL 4823
2277 SIDESTEP R25
2277 SIDESTEP R28
2278 SIDESTEP R6
2278 SIDESTEP R23
2278 SIDESTEP R27
2279 SIDESTEP R2
2279 DELIVER 651 R22 1978
2279 SIDESTEP R24
2280 ASSIGN 1024 R22 40
2280 SIDESTEP R7
2281 DELIVER 980 R20 1827
2282 REJECT 5004
2282 ASSIGN 783 R20 34
2282 SIDESTEP R14
2282 SIDESTEP R28
2283 SIDESTEP R6
2283 SIDESTEP R15
2283 PICK 647 R18
2283 SIDESTEP R27
2283 PICK 781 R35
2284 SIDESTEP R2
2284 SIDESTEP R13
2284 SIDESTEP R24
2284 SIDESTEP R25
2285 SIDESTEP R23
2286 REJECT 5012
2287 SIDESTEP R14
2287 SIDESTEP R28
2288 PICK 885 R8
2288 SIDESTEP R11
2289 SIDESTEP R2
2289 PICK 778 R4
2289 DELIVER 642 R6 1992
2289 DELIVER 658 R10 1985
2289 SIDESTEP R24
2290 ASSIGN 785 R6 58
2290 GO_CHARGE R10 15 1
2290 SIDESTEP R13
2291 CHARGED R17
2291 ASSIGN 789 R17 55
2291 SIDESTEP R16
2291 SIDESTEP R25
2292 SIDESTEP R28
2293 SIDESTEP R20
2294 SIDESTEP R2
2295 SIDESTEP R0
2295 PICK 686 R30
2296 SIDESTEP R16
2297 CANCEL 4812
2297 PICK 676 R11
2297 DELIVER 657 R21 1993
2297 SIDESTEP R28
2297 DELIVER 879 R33 1891
2298 ASSIGN 791 R33 37
2298 ASSIGN 799 R21 52
2298 SIDESTEP R20
2298 PICK 674 R32
2299 SIDESTEP R2
2299 REPORT pending=3814 aged=3685 idle=0 to_pickup=11 delivering=19 to_charger=5 charging=0 dead=1 hot=24,33,5
2300 SIDESTEP R6
2301 CHARGE R13
2301 SIDESTEP R22
2302 DELIVER 669 R14 1993
2302 SIDESTEP R28
2303 ASSIGN 694 R14 40
2304 SIDESTEP R2
2304 SIDESTEP R18
2305 CANCEL 4774
2306 SIDESTEP R16
2306 SIDESTEP R22
2307 SIDESTEP R6
2307 SIDESTEP R26
2307 SIDESTEP R28
2309 SIDESTEP R2
2309 SIDESTEP R33
2310 DELIVER 679 R9 1997
2311 GO_CHARGE R9 33 1
2311 SIDESTEP R16
2311 SIDESTEP R19
2311 SIDESTEP R22
2311 PICK 692 R29
2312 SIDESTEP R18
2312 SIDESTEP R26
2312 SIDESTEP R28
2312 DELIVER 660 R34 2007
2313 GO_CHARGE R34 15 1
2313 DELIVER 663 R3 2007
2313 SIDESTEP R21
2314 ASSIGN 695 R3 29
2315 CANCEL 4810
2315 SIDESTEP R20
2316 CANCEL 4867
2316 SIDESTEP R22
2317 CHARGED R13
2317 ASSIGN 696 R13 22
2317 DELIVER 665 R7 2010
2317 SIDESTEP R18
2317 PICK 681 R25
2317 SIDESTEP R26
2317 CHARGE R27
2317 SIDESTEP R28
2318 ASSIGN 697 R7 30
2319 RESCUE R5
2319 ASSIGN 698 R5 48
2319 CHARGE R1
2320 DELIVER 692 R29 2001
2321 CANCEL_FAIL 5012
2321 ASSIGN 699 R29 10
2321 SIDESTEP R12
2321 SIDESTEP R23
2321 DELIVER 686 R30 2005
2322 CANCEL 4730
2322 GO_CHARGE R30 24 1
2322 SIDESTEP R18
2322 SIDESTEP R26
2323 SIDESTEP R9
2323 SIDESTEP R11
2324 SIDESTEP R22
2324 DELIVER 627 R24 2035
2324 SIDESTEP R31
2324 SIDESTEP R34
2325 CANCEL 5006
2325 ASSIGN 703 R24 40
2326 SIDESTEP R10
2326 SIDESTEP R12
2326 DELIVER 882 R15 1918
2326 CHARGE R19
2326 SIDESTEP R23
2327 CANCEL 4752
2327 GO_CHARGE R15 6 1
2327 SIDESTEP R26
2328 SIDESTEP R3
2328 SIDESTEP R9
2329 SIDESTEP R7
2330 SIDESTEP R0
2331 SIDESTEP R10
2331 SIDESTEP R12
2331 SIDESTEP R23
2331 PICK 699 R29
2331 SIDESTEP R30
2332 SIDESTEP R26
2333 CANCEL 4844
2333 SIDESTEP R3
2333 SIDESTEP R9
2333 DELIVER 674 R32 2021
2334 CANCEL 4822
2334 CHARGED R27
2334 ASSIGN 704 R32 22
2334 ASSIGN 706 R27 47
2335 REJECT 5120
2335 CHARGED R1
2335 ASSIGN 707 R1 14
2336 SIDESTEP R10
2336 SIDESTEP R12
2336 SIDESTEP R23
2337 SIDESTEP R26
2338 SIDESTEP R4
2338 DELIVER 676 R11 2026
2338 PICK 696 R13
2339 ASSIGN 708 R11 35
2339 PICK 693 R31
2340 DELIVER 864 R2 1941
2341 CHARGED R19
2341 ASSIGN 1028 R19 5
2341 ASSIGN 710 R2 44
2341 SIDESTEP R10
2341 SIDESTEP R12
2341 DELIVER 647 R18 2042
2341 SIDESTEP R23
2342 ASSIGN 711 R18 39
2342 PICK 694 R14
2342 CHARGE R15
2342 PICK 783 R20
2342 SIDESTEP R26
2343 CANCEL_FAIL 4967
2344 DELIVER 885 R8 1935
2345 GO_CHARGE R8 42 1
2345 PICK 1028 R19
2346 SIDESTEP R10
2346 SIDESTEP R12
2346 SIDESTEP R23
2347 DELIVER 781 R35 1987
2348 ASSIGN 713 R35 49
2348 PICK 707 R1
2348 SIDESTEP R34
2349 SIDESTEP R17
2349 PICK 1024 R22
2349 REPORT pending=3902 aged=3768 idle=0 to_pickup=16 delivering=14 to_charger=5 charging=1 dead=0 hot=24,26,6
2350 PICK 690 R0
2350 SIDESTEP R20
2351 SIDESTEP R10
2351 SIDESTEP R12
2351 SIDESTEP R23
2352 CANCEL 5138
2352 REJECT 5160
2353 SIDESTEP R34
2354 PICK 697 R7
2354 SIDESTEP R17
2356 SIDESTEP R10
2356 SIDESTEP R23
2356 PICK 704 R32
2357 PICK 799 R21
2358 CHARGED R15
2358 ASSIGN 808 R15 26
2358 DELIVER 778 R4 1999
2359 ASSIGN 810 R4 45
2359 SIDESTEP R17
2360 SIDESTEP R5
2360 SIDESTEP R24
2361 CANCEL 4970
2363 CANCEL 5016
2363 DELIVER 775 R26 2005
2364 ASSIGN 822 R26 12
2364 SIDESTEP R17
2364 SIDESTEP R23
2364 SIDESTEP R28
2365 REJECT 5189
2365 SIDESTEP R11
2365 SIDESTEP R24
2367 SIDESTEP R33
2369 SIDESTEP R23
2369 SIDESTEP R28
2370 SIDESTEP R10
2370 SIDESTEP R18
2370 SIDESTEP R24
2370 SIDESTEP R32
2371 DELIVER 681 R25 2057
2372 ASSIGN 716 R25 62
2372 SIDESTEP R2
2372 DELIVER 682 R12 2058
2373 ASSIGN 720 R12 32
2373 PICK 695 R3
2373 PICK 698 R5
2373 SIDESTEP R6
2373 SIDESTEP R7
2374 SIDESTEP R23
2374 SIDESTEP R28
2375 CANCEL 5111
2375 SIDESTEP R9
2375 SIDESTEP R10
2375 PICK 822 R26
2376 DELIVER 783 R20 2015
2376 SIDESTEP R27
2377 CANCEL 5132
2377 ASSIGN 723 R20 33
2377 SIDESTEP R2
2377 DELIVER 799 R21 2009
2377 SIDESTEP R34
2378 ASSIGN 724 R21 15
2378 DELIVER 697 R7 2056
2379 ASSIGN 726 R7 28
2379 SIDESTEP R28
2380 SIDESTEP R9
2380 SIDESTEP R24
2380 PICK 791 R33
2381 SIDESTEP R27
2382 SIDESTEP R34
2383 SIDESTEP R1
2384 SIDESTEP R28
2385 CANCEL 4878
2385 SIDESTEP R24
2386 CANCEL_FAIL 5189
2386 PICK 789 R17
2386 SIDESTEP R27
2387 PICK 808 R15
2387 SIDESTEP R29
2388 SIDESTEP R1
2388 SIDESTEP R2
2388 SIDESTEP R13
2388 SIDESTEP R26
2389 CANCEL 4943
2389 CANCEL 5122
2389 SIDESTEP R28
2390 SIDESTEP R3
2390 SIDESTEP R24
2391 SIDESTEP R27
2392 DELIVER 694 R14 2072
2392 PICK 724 R21
2393 ASSIGN 728 R14 22
2393 SIDESTEP R1
2393 SIDESTEP R2
2393 DELIVER 696 R13 2072
2394 ASSIGN 727 R13 71
2395 CANCEL 4979
2395 SIDESTEP R24
2396 CANCEL 4900
2396 SIDESTEP R20
2396 SIDESTEP R27
2396 CHARGE R30
2396 PICK 713 R35
2397 CANCEL 4951
2397 DELIVER 704 R32 2072
2398 GO_CHARGE R32 6 1
2399 CANCEL 5088
2399 SIDESTEP R29
2399 DELIVER 693 R31 2079
2399 REPORT pending=3989 aged=3858 idle=1 to_pickup=14 delivering=15 to_charger=5 charging=1 dead=0 hot=13,17,4
2400 GO_CHARGE R31 6 1
2400 DELIVER 698 R5 2078
2400 SIDESTEP R7
2400 SIDESTEP R17
2400 SIDESTEP R24
2401 ASSIGN 729 R5 14
2401 CHARGE R10
2401 SIDESTEP R26
2401 SIDESTEP R27
2402 CHARGE R8
2403 SIDESTEP R3
2403 DELIVER 673 R23 2092
2404 ASSIGN 730 R23 42
2404 PICK 810 R4
2404 SIDESTEP R29
2405 DELIVER 1024 R22 1931
2405 PICK 677 R28
2406 GO_CHARGE R22 6 1
2406 SIDESTEP R7
2406 SIDESTEP R26
2406 SIDESTEP R27
2408 SIDESTEP R3
2409 CANCEL 4847
2409 PICK 720 R12
2409 SIDESTEP R29
2411 CANCEL 5039
2411 SIDESTEP R7
2411 SIDESTEP R27
2412 CANCEL 5178
2412 CANCEL 5239
2412 CHARGE R9
2412 PICK 708 R11
2413 SIDESTEP R3
2414 CHARGED R30
2414 ASSIGN 929 R30 36
2414 SIDESTEP R1
2414 PICK 729 R5
2414 PICK 728 R14
2414 SIDESTEP R29
2414 SIDESTEP R32
2415 PICK 723 R20
2416 CANCEL 5056
2416 SIDESTEP R7
2416 SIDESTEP R27
2417 DELIVER 808 R15 2044
2418 CHARGED R10
2418 ASSIGN 732 R10 48
2418 ASSIGN 734 R15 66
2418 SIDESTEP R3
2418 CHARGE R34
2419 CHARGED R8
2419 ASSIGN 951 R8 44
2419 DELIVER 1028 R19 1943
2419 SIDESTEP R32
2420 ASSIGN 1079 R19 48
2420 SIDESTEP R1
2421 PICK 785 R6
2421 SIDESTEP R7
2421 DELIVER 713 R35 2092
2422 ASSIGN 735 R35 42
2422 PICK 703 R24
2423 SIDESTEP R3
2423 SIDESTEP R33
2424 CANCEL 5181
2424 CANCEL 5263
2424 SIDESTEP R11
2426 SIDESTEP R23
2428 CHARGED R9
2428 ASSIGN 832 R9 44
2428 SIDESTEP R3
2428 CHARGE R31
2429 SIDESTEP R11
2429 PICK 711 R18
2429 SIDESTEP R33
2430 SIDESTEP R2
2431 DELIVER 690 R0 2113
2432 ASSIGN 840 R0 14
2433 SIDESTEP R3
2433 SIDESTEP R26
2433 SIDESTEP R32
2435 CHARGED R34
2435 ASSIGN 833 R34 9
2435 SIDESTEP R15
2435 SIDESTEP R16
2435 SIDESTEP R17
2435 DELIVER 723 R20 2102
2435 SIDESTEP R33
2436 ASSIGN 835 R20 49
2436 DELIVER 729 R5 2100
2436 PICK 726 R7
2437 ASSIGN 848 R5 44
2437 DELIVER 720 R12 2105
2438 CANCEL 5240
2438 ASSIGN 853 R12 37
2438 SIDESTEP R3
2439 PICK 716 R25
2439 PICK 706 R27
2440 SIDESTEP R16
2440 SIDESTEP R17
2440 DELIVER 677 R28 2127
2440 SIDESTEP R35
2441 CANCEL 4954
2441 ASSIGN 736 R28 73
2441 SIDESTEP R18
2442 CANCEL 4983
2443 CHARGED R31
2443 ASSIGN 737 R31 31
2443 SIDESTEP R3
2443 PICK 833 R34
2444 REJECT 5362
2445 PICK 840 R0
2446 SIDESTEP R18
2447 SIDESTEP R2
2447 DELIVER 785 R6 2085
2448 ASSIGN 740 R6 42
2448 DELIVER 699 R29 2125
2449 ASSIGN 742 R29 37
2449 SIDESTEP R12
2449 SIDESTEP R26
2449 REPORT pending=4070 aged=3942 idle=0 to_pickup=17 delivering=17 to_charger=2 charging=0 dead=0 hot=4,1,4
2450 DELIVER 659 R16 2146
2450 DELIVER 706 R27 2124
2450 SIDESTEP R33
2451 ASSIGN 743 R27 11
2451 ASSIGN 746 R16 42
2451 DELIVER 728 R14 2116
2451 SIDESTEP R18
2451 PICK 730 R23
2451 SIDESTEP R31
2451 SIDESTEP R32
2452 GO_CHARGE R14 15 1
2452 SIDESTEP R5
2452 CHARGE R22
2453 DELIVER 707 R1 2127
2453 PICK 710 R2
2454 REJECT 5384
2454 ASSIGN 747 R1 44
2454 SIDESTEP R12
2456 SIDESTEP R18
2456 DELIVER 822 R26 2077
2457 GO_CHARGE R26 24 1
2457 SIDESTEP R3
2457 SIDESTEP R33
2458 CANCEL 5136
2459 DELIVER 840 R0 2072
2459 SIDESTEP R7
2459 SIDESTEP R24
2460 CANCEL 5230
2460 GO_CHARGE R0 42 1
2461 SIDESTEP R20
2461 PICK 743 R27
2462 CANCEL_FAIL 105401
2463 SIDESTEP R33
2464 SIDESTEP R7
2464 PICK 727 R13
2464 SIDESTEP R25
2465 SIDESTEP R5
2465 SIDESTEP R12
2465 SIDESTEP R16
2465 SIDESTEP R19
2465 SIDESTEP R24
2465 SIDESTEP R26
2465 PICK 929 R30
2466 CANCEL 5170
2466 CHARGED R22
2466 ASSIGN 748 R22 28
2466 SIDESTEP R35
2469 CANCEL 5041
2469 SIDESTEP R7
2469 PICK 732 R10
2469 SIDESTEP R25
2470 SIDESTEP R12
2470 SIDESTEP R15
2470 SIDESTEP R24
2470 SIDESTEP R26
2471 PICK 951 R8
2471 PICK 832 R9
2473 SIDESTEP R14
2473 PICK 1079 R19
2473 DELIVER 724 R21 2139
2474 GO_CHARGE R21 33 1
2475 SIDESTEP R12
2475 SIDESTEP R24
2475 SIDESTEP R26
2476 CANCEL 5256
2476 DELIVER 711 R18 2148
2476 DELIVER 791 R33 2112
2477 CANCEL 5236
2477 ASSIGN 749 R18 51
2477 ASSIGN 753 R33 49
2478 CANCEL 5062
2478 DELIVER 810 R4 2104
2479 GO_CHARGE R4 6 1
2480 SIDESTEP R6
2480 SIDESTEP R24
2482 SIDESTEP R7
2482 SIDESTEP R12
2483 SIDESTEP R19
2483 SIDESTEP R28
2484 DELIVER 695 R3 2163
2484 PICK 735 R35
2485 GO_CHARGE R3 6 1
2485 DELIVER 708 R11 2158
2485 SIDESTEP R24
2485 PICK 742 R29
2486 GO_CHARGE R11 15 1
2486 CHARGE R14
2486 PICK 737 R31
2487 SIDESTEP R4
2488 DELIVER 951 R8 2049
2488 SIDESTEP R19
2489 ASSIGN 959 R8 55
2489 SIDESTEP R28
2490 DELIVER 726 R7 2155
2490 DELIVER 789 R17 2127
2490 SIDESTEP R22
2490 SIDESTEP R24
2491 ASSIGN 961 R17 29
2491 ASSIGN 972 R7 12
2491 SIDESTEP R26
2491 DELIVER 833 R34 2107
2492 ASSIGN 975 R34 39
2492 SIDESTEP R29
2493 CANCEL 5454
2493 DELIVER 710 R2 2165
2494 ASSIGN 854 R2 56
2495 PICK 740 R6
2495 SIDESTEP R22
2495 SIDESTEP R28
2496 SIDESTEP R26
2496 SIDESTEP R33
2497 SIDESTEP R31
2498 CANCEL 5196
2498 REJECT 5480
2499 CANCEL 5420
2499 SIDESTEP R32
2499 REPORT pending=4156 aged=4030 idle=0 to_pickup=15 delivering=13 to_charger=7 charging=1 dead=0 hot=5,7,5
2500 PICK 848 R5
2500 SIDESTEP R17
2500 SIDESTEP R22
2500 SIDESTEP R30
2501 CANCEL 5152
2501 CANCEL 5179
2501 DELIVER 732 R10 2164
2501 SIDESTEP R26
2501 SIDESTEP R28
2502 CANCEL 5409
2502 ASSIGN 857 R10 29
2502 PICK 972 R7
2502 SIDESTEP R31
2503 CHARGED R14
2503 ASSIGN 862 R14 49
2504 REJECT 5492
2504 DELIVER 730 R23 2168
2505 GO_CHARGE R23 6 1
2505 PICK 747 R1
2505 PICK 746 R16
2505 DELIVER 703 R24 2181
2505 SIDESTEP R32
2506 ASSIGN 866 R24 41
2506 SIDESTEP R26
2506 SIDESTEP R30
2507 SIDESTEP R28
2507 SIDESTEP R31
2508 CANCEL 5468
2509 SIDESTEP R29
2510 DELIVER 716 R25 2180
2510 SIDESTEP R32
2511 GO_CHARGE R25 6 1
2511 SIDESTEP R26
2511 SIDESTEP R30
2512 SIDESTEP R31
2513 SIDESTEP R28
2514 SIDESTEP R29
2515 CHARGE R0
2515 SIDESTEP R12
2515 SIDESTEP R32
2515 DELIVER 735 R35 2177
2516 ASSIGN 755 R35 30
2516 DELIVER 832 R9 2132
2516 CHARGE R25
2516 SIDESTEP R26
2516 DELIVER 743 R27 2174
2516 SIDESTEP R30
2517 ASSIGN 756 R27 53
2517 ASSIGN 757 R9 43
2517 SIDESTEP R4
2517 DELIVER 972 R7 2067
2517 DELIVER 727 R13 2182
2517 SIDESTEP R18
2517 PICK 835 R20
2517 SIDESTEP R31
2518 ASSIGN 758 R7 54
2518 ASSIGN 761 R13 29
2518 SIDESTEP R16
2519 CANCEL 5336
2519 SIDESTEP R28
2520 CANCEL 5465
2520 SIDESTEP R32
2521 SIDESTEP R12
2521 SIDESTEP R26
2522 SIDESTEP R31
2522 SIDESTEP R34
2523 CANCEL 5292
2524 DELIVER 929 R30 2095
2525 CANCEL 5125
2525 ASSIGN 762 R30 8
2525 SIDESTEP R18
2525 SIDESTEP R19
2525 SIDESTEP R28
2525 SIDESTEP R32
2526 SIDESTEP R12
2526 SIDESTEP R26
2527 SIDESTEP R34
2529 CANCEL 5243
2529 DELIVER 1079 R19 2030
2530 ASSIGN 763 R19 26
2530 SIDESTEP R1
2530 SIDESTEP R3
2530 PICK 857 R10
2530 SIDESTEP R20
2530 SIDESTEP R32
2531 CHARGED R0
2531 ASSIGN 764 R0 46
2531 SIDESTEP R26
2531 SIDESTEP R28
2532 PICK 762 R30
2532 SIDESTEP R34
2533 CHARGED R25
2533 ASSIGN 765 R25 28
2534 CHARGE R23
2535 SIDESTEP R1
2535 SIDESTEP R4
2535 SIDESTEP R32
2536 SIDESTEP R20
2536 SIDESTEP R26
2537 DELIVER 740 R6 2197
2537 SIDESTEP R10
2537 PICK 853 R12
2537 PICK 749 R18
2537 SIDESTEP R28
2537 SIDESTEP R34
2537 SIDESTEP R35
2538 ASSIGN 767 R6 41
2538 CHARGE R11
2539 DELIVER 848 R5 2148
2540 GO_CHARGE R5 42 1
2540 SIDESTEP R1
2540 SIDESTEP R31
2540 SIDESTEP R32
2541 SIDESTEP R4
2541 SIDESTEP R26
2542 SIDESTEP R20
2543 CANCEL 5334
2543 SIDESTEP R28
2544 CANCEL 5200
2544 SIDESTEP R16
2545 SIDESTEP R31
2545 SIDESTEP R32
2546 PICK 761 R13
2546 SIDESTEP R14
2546 SIDESTEP R33
2547 PICK 961 R17
2548 CHARGED R23
2548 ASSIGN 1088 R23 18
2548 SIDESTEP R20
2549 SIDESTEP R2
2549 SIDESTEP R16
2549 REPORT pending=4235 aged=4111 idle=0 to_pickup=18 delivering=11 to_charger=6 charging=1 dead=0 hot=24,1,6
2550 CANCEL 5484
2550 SIDESTEP R31
2550 SIDESTEP R32
2551 CANCEL 5302
2551 SIDESTEP R14
2552 SIDESTEP R23
2552 DELIVER 742 R29 2211
2553 ASSIGN 977 R29 50
2553 CHARGE R3
2553 PICK 755 R35
2554 SIDESTEP R20
2554 SIDESTEP R24
2555 SIDESTEP R2
2555 DELIVER 853 R12 2162
2555 SIDESTEP R16
2555 PICK 763 R19
2555 SIDESTEP R31
2555 SIDESTEP R32
2556 CHARGED R11
2556 ASSIGN 983 R12 15
2556 ASSIGN 984 R11 21
2556 CHARGE R26
2557 CANCEL 5388
2559 CANCEL 5566
2559 SIDESTEP R6
2560 CANCEL 5421
2560 SIDESTEP R7
2560 PICK 757 R9
2560 SIDESTEP R20
2560 PICK 765 R25
2560 SIDESTEP R31
2561 SIDESTEP R1
2561 SIDESTEP R21
2561 PICK 975 R34
2563 PICK 854 R2
2563 PICK 866 R24
2564 SIDESTEP R6
2565 DELIVER 762 R30 2214
2566 ASSIGN 872 R30 21
2566 SIDESTEP R7
2566 SIDESTEP R21
2566 SIDESTEP R32
2567 PICK 748 R22
2568 CHARGED R3
2568 ASSIGN 875 R3 61
2568 CHARGE R4
2568 PICK 959 R8
2569 SIDESTEP R14
2570 PICK 983 R12
2571 SIDESTEP R7
2572 SIDESTEP R32
2573 CHARGED R26
2573 ASSIGN 891 R26 36
2573 DELIVER 747 R1 2229
2573 PICK 756 R27
2573 PICK 753 R33
2574 ASSIGN 768 R1 41
2574 SIDESTEP R11
2574 SIDESTEP R23
2575 CHARGE R21
2576 SIDESTEP R7
2576 SIDESTEP R16
2577 CANCEL 5475
2579 SIDESTEP R5
2579 DELIVER 857 R10 2184
2579 DELIVER 961 R17 2135
2580 ASSIGN 769 R10 24
2580 ASSIGN 771 R17 38
2580 PICK 984 R11
2580 SIDESTEP R27
2580 DELIVER 755 R35 2232
2581 ASSIGN 773 R35 50
2581 SIDESTEP R7
2582 CANCEL 5408
2582 CANCEL 5529
2582 SIDESTEP R1
2583 CANCEL 5373
2584 SIDESTEP R3
2585 CHARGED R4
2585 ASSIGN 774 R4 61
2586 SIDESTEP R7
2586 DELIVER 746 R16 2243
2586 DELIVER 763 R19 2234
2586 PICK 1088 R23
2586 PICK 872 R30
2587 ASSIGN 777 R19 26
2587 GO_CHARGE R16 15 1
2587 SIDESTEP R1
2589 PICK 736 R28
2591 SIDESTEP R7
2591 SIDESTEP R11
2592 CHARGED R21
2592 ASSIGN 779 R21 22
2592 SIDESTEP R1
2592 DELIVER 757 R9 2243
2593 ASSIGN 780 R9 39
2594 SIDESTEP R32
2595 SIDESTEP R8
2595 SIDESTEP R26
2596 SIDESTEP R7
2596 SIDESTEP R11
2597 SIDESTEP R1
2598 PICK 767 R6
2598 DELIVER 748 R22 2254
2599 ASSIGN 786 R22 8
2599 SIDESTEP R2
2599 DELIVER 749 R18 2254
2599 DELIVER 765 R25 2246
2599 SIDESTEP R32
2599 REPORT pending=4323 aged=4190 idle=2 to_pickup=16 delivering=15 to_charger=3 charging=0 dead=0 hot=12,1,4
2600 ASSIGN 787 R25 33
2600 GO_CHARGE R18 24 1
2600 SIDESTEP R8
2601 DELIVER 872 R30 2198
2602 ASSIGN 788 R30 18
2602 SIDESTEP R1
2602 DELIVER 761 R13 2251
2602 PICK 862 R14
2603 CANCEL 5476
2603 ASSIGN 790 R13 61
2603 PICK 769 R10
2603 PICK 977 R29
2604 SIDESTEP R2
2604 DELIVER 737 R31 2265
2604 SIDESTEP R32
2605 ASSIGN 1093 R31 21
2605 SIDESTEP R8
2605 DELIVER 1088 R23 2102
2606 ASSIGN 793 R23 53
2606 PICK 786 R22
2608 DELIVER 866 R24 2208
2609 ASSIGN 796 R24 33
2609 SIDESTEP R2
2609 SIDESTEP R32
2609 SIDESTEP R35
2612 PICK 734 R15
2612 PICK 777 R19
2613 SIDESTEP R9
2613 PICK 779 R21
2614 SIDESTEP R2
2614 SIDESTEP R32
2615 CHARGE R16
2616 PICK 891 R26
2617 PICK 771 R17
2619 SIDESTEP R2
2619 PICK 788 R30
2619 SIDESTEP R32
2620 CANCEL 5505
2622 DELIVER 753 R33 2275
2623 GO_CHARGE R33 33 1
2624 SIDESTEP R32
2625 DELIVER 862 R14 2227
2625 DELIVER 835 R20 2240
2625 PICK 1093 R31
2626 ASSIGN 994 R14 31
2626 ASSIGN 804 R20 58
2627 CANCEL 5662
2627 SIDESTEP R24
2627 SIDESTEP R35
2628 CANCEL 5678
2628 SIDESTEP R9
2628 DELIVER 786 R22 2266
2629 ASSIGN 999 R22 22
2629 DELIVER 736 R28 2290
2629 SIDESTEP R32
2630 CANCEL 5507
2630 GO_CHARGE R28 6 1
2630 DELIVER 984 R11 2174
2630 SIDESTEP R13
2630 SIDESTEP R14
2630 DELIVER 756 R27 2282
2631 ASSIGN 798 R27 33
2631 ASSIGN 800 R11 43
2632 CHARGED R16
2632 ASSIGN 892 R16 41
2632 SIDESTEP R24
2632 PICK 787 R25
2633 PICK 758 R7
2633 SIDESTEP R9
2634 SIDESTEP R32
2635 CANCEL 5364
2635 SIDESTEP R6
2636 CANCEL 5761
2638 SIDESTEP R9
2639 CANCEL 5512
2639 SIDESTEP R32
2640 SIDESTEP R6
2642 DELIVER 854 R2 2248
2643 REJECT 5795
2643 ASSIGN 894 R2 38
2643 SIDESTEP R9
2644 CANCEL 5763
2644 SIDESTEP R32
2645 CANCEL 5660
2645 CANCEL 5732
2645 SIDESTEP R6
2645 DELIVER 975 R34 2194
2646 ASSIGN 904 R34 64
2646 PICK 768 R1
2648 SIDESTEP R9
2648 DELIVER 788 R30 2285
2649 ASSIGN 801 R30 55
2649 DELIVER 769 R10 2294
2649 DELIVER 983 R12 2194
2649 SIDESTEP R32
2649 REPORT pending=4404 aged=4278 idle=2 to_pickup=17 delivering=12 to_charger=5 charging=0 dead=0 hot=9,12,4
2650 ASSIGN 906 R10 19
2650 ASSIGN 909 R12 38
2650 PICK 999 R22
2650 DELIVER 977 R29 2198
2651 ASSIGN 805 R29 50
2652 SIDESTEP R11
2652 DELIVER 771 R17 2296
2653 ASSIGN 907 R17 47
2653 SIDESTEP R9
2654 PICK 796 R24
2654 SIDESTEP R32
2656 CANCEL 5755
2656 SIDESTEP R33
2657 SIDESTEP R20
2658 SIDESTEP R9
2658 SIDESTEP R21
2658 PICK 793 R23
2658 DELIVER 891 R26 2246
2658 PICK 773 R35
2659 ASSIGN 811 R26 45
2659 CHARGE R18
2659 SIDESTEP R32
2660 PICK 875 R3
2661 DELIVER 959 R8 2218
2661 SIDESTEP R19
2661 SIDESTEP R30
2661 SIDESTEP R33
2662 ASSIGN 813 R8 79
2663 SIDESTEP R21
2663 PICK 798 R27
2664 SIDESTEP R32
2665 CANCEL 5698
2665 DELIVER 758 R7 2316
2666 ASSIGN 814 R7 29
2666 DELIVER 787 R25 2303
2666 SIDESTEP R33
2667 ASSIGN 818 R25 24
2667 SIDESTEP R13
2667 PICK 994 R14
2667 SIDESTEP R30
2668 PICK 906 R10
2668 SIDESTEP R21
2669 SIDESTEP R2
2669 CHARGE R28
2669 SIDESTEP R32
2670 CANCEL 5491
2672 SIDESTEP R14
2672 DELIVER 734 R15 2334
2673 CANCEL 5439
2673 CANCEL 5573
2673 ASSIGN 819 R15 35
2673 PICK 892 R16
2673 SIDESTEP R21
2674 SIDESTEP R32
2676 CHARGED R18
2676 ASSIGN 823 R18 20
2678 CANCEL 5725
2678 DELIVER 777 R19 2319
2679 ASSIGN 828 R19 41
2679 SIDESTEP R4
2679 PICK 800 R11
2679 SIDESTEP R27
2679 SIDESTEP R32
2680 CANCEL 5785
2680 DELIVER 875 R3 2276
2681 ASSIGN 829 R3 29
2682 PICK 780 R9
2682 DELIVER 1093 R31 2177
2683 ASSIGN 831 R31 18
2683 PICK 790 R13
2684 CANCEL 5792
2684 SIDESTEP R4
2684 DELIVER 767 R6 2330
2684 SIDESTEP R32
2685 CHARGED R28
2685 ASSIGN 834 R6 46
2685 ASSIGN 836 R28 20
2685 DELIVER 768 R1 2331
2686 CANCEL 5490
2686 CANCEL 5729
2686 ASSIGN 837 R1 56
2687 CANCEL 5782
2687 PICK 909 R12
2687 DELIVER 796 R24 2320
2687 SIDESTEP R30
2688 CANCEL 5614
2688 GO_CHARGE R24 24 1
2688 DELIVER 779 R21 2328
2688 DELIVER 793 R23 2323
2689 ASSIGN 838 R21 53
2689 ASSIGN 839 R23 77
2689 SIDESTEP R4
2689 DELIVER 906 R10 2270
2689 PICK 804 R20
2689 SIDESTEP R32
2690 ASSIGN 841 R10 56
2690 PICK 818 R25
2692 CANCEL 5779
2692 SIDESTEP R29
2694 PICK 814 R7
2694 SIDESTEP R32
2697 SIDESTEP R17
2697 SIDESTEP R30
2698 SIDESTEP R1
2699 CANCEL 5532
2699 CANCEL 5570
2699 PICK 823 R18
2699 SIDESTEP R32
2699 REPORT pending=4475 aged=4352 idle=0 to_pickup=19 delivering=13 to_charger=4 charging=0 dead=0 hot=16,35,5
2700 CANCEL 5519
2700 SIDESTEP R25
2700 PICK 831 R31
2702 PICK 894 R2
2702 SIDESTEP R8
2703 PICK 811 R26
2704 DELIVER 780 R9 2344
2704 DELIVER 892 R16 2292
2704 PICK 836 R28
2704 SIDESTEP R32
2705 CANCEL 5864
2705 ASSIGN 912 R9 42
2705 ASSIGN 914 R16 27
2705 PICK 907 R17
2705 SIDESTEP R25
2705 CHARGE R33
2705 DELIVER 773 R35 2348
2706 GO_CHARGE R35 15 1
2706 DELIVER 994 R14 2246
2707 ASSIGN 916 R14 62
2707 PICK 774 R4
2707 SIDESTEP R8
2707 PICK 819 R15
2708 CANCEL 5589
2708 PICK 805 R29
2709 CANCEL 5734
2709 PICK 764 R0
2709 DELIVER 909 R12 2289
2709 SIDESTEP R32
2710 CANCEL 5762
2710 GO_CHARGE R12 33 1
2710 SIDESTEP R23
2710 SIDESTEP R25
2710 SIDESTEP R27
2710 SIDESTEP R28
2711 CANCEL 5747
2711 SIDESTEP R11
2712 SIDESTEP R8
2714 PICK 829 R3
2714 SIDESTEP R32
2715 SIDESTEP R7
2715 SIDESTEP R25
2715 SIDESTEP R27
2716 SIDESTEP R11
2716 SIDESTEP R23
2717 SIDESTEP R8
2719 PICK 828 R19
2719 SIDESTEP R32
2720 CANCEL 5836
2720 SIDESTEP R25
2720 SIDESTEP R27
2721 DELIVER 894 R2 2308
2721 SIDESTEP R11
2722 CHARGED R33
2722 ASSIGN 930 R33 21
2722 ASSIGN 931 R2 34
2722 DELIVER 804 R20 2351
2723 GO_CHARGE R20 6 1
2724 SIDESTEP R22
2724 SIDESTEP R32
2725 CANCEL 5899
2725 SIDESTEP R25
2725 SIDESTEP R27
2726 SIDESTEP R11
2726 CHARGE R35
2727 PICK 801 R30
2728 CANCEL 5622
2729 SIDESTEP R22
2729 SIDESTEP R32
2729 PICK 904 R34
2730 DELIVER 829 R3 2347
2730 SIDESTEP R25
2730 SIDESTEP R26
2730 SIDESTEP R27
2731 CANCEL 5916
2731 ASSIGN 842 R3 56
2732 DELIVER 828 R19 2350
2732 SIDESTEP R24
2733 GO_CHARGE R19 6 1
2733 SIDESTEP R16
2733 SIDESTEP R23
2734 CHARGE R20
2734 SIDESTEP R22
2734 SIDESTEP R32
2735 SIDESTEP R13
2735 SIDESTEP R26
2737 CANCEL 5927
2738 SIDESTEP R16
2739 DELIVER 790 R13 2375
2739 SIDESTEP R32
2740 CANCEL 5642
2740 GO_CHARGE R13 6 1
2740 CHARGE R5
2740 SIDESTEP R14
2740 SIDESTEP R26
2740 DEAD R32
2741 CHARGED R35
2741 ASSIGN 844 R35 61
2742 PICK 838 R21
2742 PICK 930 R33
2744 DELIVER 819 R15 2366
2744 SIDESTEP R24
2745 ASSIGN 845 R15 49
2745 SIDESTEP R7
2745 SIDESTEP R23
2745 SIDESTEP R26
2746 PICK 912 R9
2746 PICK 841 R10
2746 DELIVER 831 R31 2362
2746 DELIVER 904 R34 2328
2747 ASSIGN 846 R31 11
2747 ASSIGN 847 R34 39
2747 DELIVER 798 R27 2379
2747 DELIVER 805 R29 2376
2748 ASSIGN 849 R27 14
2748 GO_CHARGE R29 15 1
2748 PICK 837 R1
2749 REPORT pending=4558 aged=4434 idle=0 to_pickup=12 delivering=16 to_charger=5 charging=2 dead=1 hot=42,21,4
2750 CANCEL 5655
2750 SIDESTEP R7
2751 CHARGED R20
2751 ASSIGN 850 R20 39
2752 SIDESTEP R12
2752 DELIVER 836 R28 2366
2753 ASSIGN 1154 R28 38
2753 DELIVER 818 R25 2375
2754 ASSIGN 851 R25 56
2754 PICK 914 R16
2755 PICK 931 R2
2755 DELIVER 774 R4 2398
2756 ASSIGN 1026 R4 30
2757 DELIVER 999 R22 2295
2757 PICK 846 R31
2758 CHARGED R5
2758 ASSIGN 852 R5 40
2758 ASSIGN 855 R22 19
2758 PICK 834 R6
2759 CANCEL 5992
2759 DELIVER 800 R11 2390
2759 SIDESTEP R24
2760 ASSIGN 1169 R11 58
2760 SIDESTEP R23
2761 PICK 849 R27
2763 DELIVER 764 R0 2411
2764 ASSIGN 1043 R0 46
2764 SIDESTEP R2
2764 SIDESTEP R24
2764 SIDESTEP R35
2765 CANCEL 6049
2765 SIDESTEP R17
2765 SIDESTEP R23
2765 SIDESTEP R26
2767 SIDESTEP R19
2768 REJECT 6056
2769 SIDESTEP R2
2769 SIDESTEP R6
2769 SIDESTEP R11
2770 SIDESTEP R26
2771 DELIVER 823 R18 2391
2772 ASSIGN 932 R18 48
2773 PICK 813 R8
2773 CHARGE R13
2773 SIDESTEP R31
2774 SIDESTEP R11
2774 SIDESTEP R14
2777 CANCEL 5668
2777 CANCEL 5986
2777 PICK 855 R22
2777 CHARGE R29
2778 SIDESTEP R31
2779 SIDESTEP R0
2779 SIDESTEP R11
2779 SIDESTEP R25
2780 PICK 916 R14
2781 SIDESTEP R21
2782 DELIVER 849 R27 2391
2783 GO_CHARGE R27 42 1
2783 SIDESTEP R4
2783 SIDESTEP R12
2783 SIDESTEP R31
2784 SIDESTEP R8
2784 SIDESTEP R11
2784 SIDESTEP R25
2786 CHARGE R12
2786 PICK 847 R34
2788 SIDESTEP R31
2789 CHARGED R13
2789 ASSIGN 936 R13 60
2789 SIDESTEP R11
2790 PICK 1154 R28
2791 CANCEL 6014
2791 SIDESTEP R17
2791 DELIVER 930 R33 2361
2792 ASSIGN 947 R33 18
2792 PICK 1026 R4
2793 CHARGED R29
2793 ASSIGN 948 R29 15
2793 DELIVER 814 R7 2417
2793 PICK 845 R15
2793 PICK 850 R20
2793 SIDESTEP R31
2794 CANCEL 6040
2794 GO_CHARGE R7 42 1
2794 PICK 842 R3
2794 DELIVER 834 R6 2409
2795 REJECT 6116
2795 GO_CHARGE R6 15 1
2795 SIDESTEP R35
2796 SIDESTEP R17
2796 DELIVER 801 R30 2427
2797 ASSIGN 858 R30 55
2797 DELIVER 855 R22 2403
2798 ASSIGN 856 R22 49
2798 SIDESTEP R31
2799 REPORT pending=4643 aged=4517 idle=0 to_pickup=12 delivering=17 to_charger=5 charging=1 dead=1 hot=20,1,3
2800 SIDESTEP R2
2800 CHARGE R24
2800 SIDESTEP R35
2801 PICK 852 R5
2801 DELIVER 912 R9 2380
2801 SIDESTEP R17
2802 CANCEL 6092
2802 CHARGED R12
2802 ASSIGN 860 R12 23
2802 ASSIGN 861 R9 24
2803 SIDESTEP R31
2805 CANCEL 5824
2805 REJECT 6138
2805 REJECT 6139
2805 SIDESTEP R2
2805 DELIVER 811 R26 2431
2805 SIDESTEP R35
2806 ASSIGN 863 R26 9
2806 DELIVER 837 R1 2420
2807 GO_CHARGE R1 33 1
2807 DELIVER 914 R16 2385
2807 PICK 948 R29
2808 ASSIGN 867 R16 14
2808 SIDESTEP R31
2809 CANCEL 5849
2809 PICK 947 R33
2810 SIDESTEP R2
2811 SIDESTEP R0
2812 CANCEL 6027
2812 CANCEL 6125
2813 SIDESTEP R5
2813 DELIVER 841 R10 2425
2813 SIDESTEP R11
2813 SIDESTEP R31
2814 GO_CHARGE R10 6 1
2814 PICK 839 R23
2814 PICK 863 R26
2815 SIDESTEP R2
2816 SIDESTEP R0
2817 CANCEL 6137
2817 CHARGED R24
2817 ASSIGN 868 R24 41
2818 SIDESTEP R31
2818 SIDESTEP R35
2820 CANCEL 6062
2820 SIDESTEP R2
2821 PICK 867 R16
2821 DELIVER 907 R17 2402
2821 PICK 851 R25
2822 GO_CHARGE R17 24 1
2822 SIDESTEP R34
2823 SIDESTEP R7
2823 SIDESTEP R26
2823 SIDESTEP R31
2823 SIDESTEP R35
2824 CHARGE R10
2824 PICK 860 R12
2825 SIDESTEP R2
2825 DELIVER 1026 R4 2350
2826 ASSIGN 1048 R4 60
2827 SIDESTEP R34
2828 CANCEL 5854
2828 SIDESTEP R31
2828 SIDESTEP R35
2829 REJECT 6190
2829 DELIVER 838 R21 2443
2829 DELIVER 947 R33 2392
2830 ASSIGN 1050 R21 30
2830 ASSIGN 1178 R33 33
2830 SIDESTEP R1
2831 CANCEL 6162
2832 PICK 1043 R0
2832 SIDESTEP R34
2833 SIDESTEP R35
2834 SIDESTEP R6
2835 DELIVER 1043 R0 2353
2835 SIDESTEP R1
2836 CANCEL 6127
2836 ASSIGN 1069 R0 36
2837 SIDESTEP R34
2838 SIDESTEP R11
2838 SIDESTEP R17
2838 SIDESTEP R35
2839 REJECT 6210
2839 SIDESTEP R5
2839 SIDESTEP R6
2840 RESCUE R32
2840 CHARGED R10
2840 ASSIGN 949 R10 47
2840 ASSIGN 1070 R32 43
2840 CHARGE R19
2841 PICK 861 R9
2841 SIDESTEP R22
2842 DELIVER 845 R15 2452
2843 ASSIGN 954 R15 40
2843 DELIVER 916 R14 2420
2843 DELIVER 867 R16 2443
2844 ASSIGN 955 R16 30
2844 ASSIGN 1072 R14 21
2844 SIDESTEP R5
2844 DELIVER 1154 R28 2311
2845 ASSIGN 963 R28 54
2846 CANCEL 6064
2846 SIDESTEP R1
2846 DELIVER 842 R3 2458
2846 SIDESTEP R35
2847 REJECT 6228
2847 ASSIGN 966 R3 75
2847 SIDESTEP R23
2847 DELIVER 863 R26 2449
2848 ASSIGN 967 R26 46
2849 SIDESTEP R5
2849 SIDESTEP R9
2849 DELIVER 948 R29 2411
2849 REPORT pending=4716 aged=4598 idle=1 to_pickup=19 delivering=10 to_charger=5 charging=1 dead=0 hot=7,1,3
2850 ASSIGN 969 R29 33
2851 DELIVER 850 R20 2459
2851 SIDESTEP R35
2852 ASSIGN 1085 R20 46
2852 SIDESTEP R0
2852 SIDESTEP R1
2852 SIDESTEP R23
2853 CANCEL 6129
2853 CHARGE R7
2853 PICK 856 R22
2854 CANCEL 5960
2854 SIDESTEP R5
2854 PICK 858 R30
2855 CHARGED R19
2855 ASSIGN 982 R19 35
2856 DELIVER 846 R31 2466
2857 CANCEL 5964
2857 ASSIGN 985 R31 52
2857 SIDESTEP R0
2857 SIDESTEP R23
2857 PICK 868 R24
2858 CANCEL 6114
2859 PICK 1050 R21
2861 DELIVER 847 R34 2471
2862 GO_CHARGE R34 6 1
2862 SIDESTEP R0
2862 PICK 1169 R11
2862 DELIVER 860 R12 2465
2862 SIDESTEP R23
2862 PICK 1178 R33
2863 ASSIGN 869 R12 22
2864 DELIVER 813 R8 2489
2865 ASSIGN 871 R8 26
2865 PICK 932 R18
2865 SIDESTEP R24
2866 CANCEL 5925
2866 CANCEL 6199
2867 SIDESTEP R0
2867 SIDESTEP R13
2867 SIDESTEP R32
2868 CANCEL 5862
2868 CANCEL 5990
2868 SIDESTEP R22
2869 CANCEL 6144
2870 SIDESTEP R24
2871 CHARGED R7
2871 ASSIGN 873 R7 38
2871 SIDESTEP R14
2871 CHARGE R27
2872 SIDESTEP R0
2872 SIDESTEP R13
2872 SIDESTEP R32
2873 DELIVER 931 R2 2443
2873 SIDESTEP R6
2874 GO_CHARGE R2 33 1
2875 SIDESTEP R24
2877 SIDESTEP R0
2877 PICK 936 R13
2877 PICK 1072 R14
2878 SIDESTEP R6
2878 SIDESTEP R9
2879 DELIVER 851 R25 2487
2880 ASSIGN 874 R25 27
2880 SIDESTEP R24
2882 SIDESTEP R0
2882 SIDESTEP R4
2882 PICK 954 R15
2882 SIDESTEP R22
2883 CHARGE R1
2883 SIDESTEP R6
2883 SIDESTEP R17
2883 PICK 969 R29
2883 SIDESTEP R32
2884 PICK 869 R12
2885 SIDESTEP R24
2886 PICK 949 R10
2886 SIDESTEP R33
2887 CANCEL 5891
2887 SIDESTEP R0
2887 SIDESTEP R14
2888 CHARGED R27
2888 ASSIGN 876 R27 11
2889 SIDESTEP R17
2890 SIDESTEP R24
2890 SIDESTEP R29
2891 PICK 1048 R4
2891 SIDESTEP R20
2891 SIDESTEP R33
2892 SIDESTEP R0
2892 SIDESTEP R14
2892 SIDESTEP R15
2892 PICK 844 R35
2895 DELIVER 861 R9 2498
2895 SIDESTEP R24
2896 GO_CHARGE R9 42 1
2897 SIDESTEP R0
2897 SIDESTEP R13
2897 SIDESTEP R14
2897 SIDESTEP R15
2898 SIDESTEP R2
2898 PICK 967 R26
2898 CHARGE R34
2899 CHARGED R1
2899 ASSIGN 883 R1 55
2899 PICK 876 R27
2899 REPORT pending=4805 aged=4675 idle=0 to_pickup=12 delivering=19 to_charger=4 charging=1 dead=0 hot=15,23,5
2900 SIDESTEP R24
2901 DELIVER 1050 R21 2415
2901 PICK 963 R28
2902 ASSIGN 1215 R21 28
2902 SIDESTEP R14
2902 PICK 1070 R32
2903 CANCEL 6067
2903 CANCEL 6284
2903 DELIVER 1169 R11 2363
2903 PICK 955 R16
2904 CANCEL 6082
2904 ASSIGN 884 R11 33
2904 PICK 982 R19
2905 SIDESTEP R24
2906 DELIVER 852 R5 2513
2907 ASSIGN 1226 R5 24
2907 SIDESTEP R14
2907 PICK 1085 R20
2907 PICK 874 R25
2908 CANCEL 6038
2908 DELIVER 844 R35 2519
2909 CANCEL 6026
2909 ASSIGN 1100 R35 42
2909 PICK 871 R8
2909 CHARGE R17
2910 SIDESTEP R24
2912 PICK 873 R7
2912 DELIVER 932 R18 2481
2912 DELIVER 858 R30 2516
2913 CHARGED R34
2913 ASSIGN 1103 R18 59
2913 ASSIGN 886 R34 71
2913 GO_CHARGE R30 6 1
2913 SIDESTEP R0
2913 DELIVER 949 R10 2475
2913 SIDESTEP R23
2914 ASSIGN 887 R10 45
2914 CHARGE R6
2915 SIDESTEP R24
2915 SIDESTEP R35
2916 SIDESTEP R25
2918 SIDESTEP R23
2920 SIDESTEP R19
2921 PICK 966 R3
2921 SIDESTEP R25
2921 DELIVER 1178 R33 2376
2922 ASSIGN 992 R33 13
2922 DELIVER 1070 R32 2426
2923 ASSIGN 995 R32 15
2923 SIDESTEP R11
2923 SIDESTEP R23
2924 DELIVER 873 R7 2521
2924 DELIVER 869 R12 2523
2925 CANCEL 5972
2925 ASSIGN 998 R7 20
2925 ASSIGN 1004 R12 55
2925 SIDESTEP R19
2925 SIDESTEP R34
2926 CANCEL 6053
2926 CHARGED R17
2926 ASSIGN 1005 R17 48
2926 DELIVER 856 R22 2531
2927 GO_CHARGE R22 24 1
2927 SIDESTEP R1
2927 SIDESTEP R35
2928 CANCEL 6171
2929 CANCEL 6182
2929 PICK 1215 R21
2930 PICK 1226 R5
2930 SIDESTEP R19
2932 CHARGED R6
2932 ASSIGN 889 R6 17
2932 SIDESTEP R1
2935 CANCEL 6009
2935 CHARGE R30
2935 PICK 992 R33
2936 CHARGE R2
2937 PICK 995 R32
2939 DELIVER 871 R8 2537
2939 SIDESTEP R19
2940 GO_CHARGE R8 15 1
2940 SIDESTEP R11
2941 SIDESTEP R24
2942 DELIVER 936 R13 2510
2943 ASSIGN 893 R13 54
2943 DELIVER 1072 R14 2446
2943 DELIVER 1085 R20 2441
2943 DELIVER 969 R29 2495
2944 ASSIGN 895 R29 15
2944 ASSIGN 896 R20 17
2944 ASSIGN 898 R14 44
2944 DELIVER 1226 R5 2378
2944 DELIVER 967 R26 2497
2945 ASSIGN 899 R5 21
2945 ASSIGN 900 R26 26
2945 SIDESTEP R15
2946 CANCEL 6398
2946 PICK 1069 R0
2946 PICK 884 R11
2946 SIDESTEP R24
2946 SIDESTEP R33
2947 DELIVER 839 R23 2560
2947 SIDESTEP R25
2948 ASSIGN 901 R23 43
2948 PICK 985 R31
2949 CANCEL 6109
2949 PICK 889 R6
2949 REPORT pending=4884 aged=4753 idle=0 to_pickup=15 delivering=16 to_charger=3 charging=2 dead=0 hot=5,22,3
2950 CANCEL 6337
2950 SIDESTEP R15
2950 SIDESTEP R35
2952 CANCEL 6270
2952 CHARGED R30
2952 ASSIGN 902 R30 45
2952 DELIVER 1048 R4 2467
2952 DELIVER 963 R28 2507
2953 ASSIGN 905 R4 24
2953 ASSIGN 908 R28 45
2954 CANCEL 6110
2954 CHARGED R2
2954 ASSIGN 910 R2 30
2955 SIDESTEP R15
2956 CANCEL 6456
2958 REJECT 6472
2958 SIDESTEP R3
2958 PICK 895 R29
2959 PICK 887 R10
2959 DELIVER 1215 R21 2397
2960 ASSIGN 917 R21 19
2960 SIDESTEP R12
2960 SIDESTEP R15
2960 SIDESTEP R16
2960 PICK 896 R20
2962 DELIVER 874 R25 2558
2963 GO_CHARGE R25 6 1
2963 CHARGE R9
2964 SIDESTEP R26
2964 DELIVER 992 R33 2505
2964 SIDESTEP R35
2965 CANCEL 6409
2965 ASSIGN 913 R33 58
2965 PICK 899 R5
2965 SIDESTEP R12
2965 SIDESTEP R16
2965 SIDESTEP R24
2966 PICK 998 R7
2966 SIDESTEP R15
2967 CANCEL 6377
2967 SIDESTEP R13
2968 CANCEL 6486
2968 DELIVER 982 R19 2513
2969 ASSIGN 915 R19 56
2969 DELIVER 966 R3 2522
2969 SIDESTEP R6
2969 SIDESTEP R26
2970 ASSIGN 919 R3 27
2970 SIDESTEP R24
2971 SIDESTEP R15
2971 PICK 1103 R18
2973 PICK 883 R1
2973 SIDESTEP R30
2974 SIDESTEP R6
2974 SIDESTEP R10
2974 SIDESTEP R26
2975 DELIVER 876 R27 2570
2976 ASSIGN 920 R27 25
2976 PICK 905 R4
2976 DELIVER 895 R29 2562
2977 ASSIGN 921 R29 39
2979 CHARGED R9
2979 ASSIGN 923 R9 38
2979 SIDESTEP R26
2981 PICK 1005 R17
2982 PICK 917 R21
2983 CANCEL 6149
2983 PICK 910 R2
2983 SIDESTEP R20
2983 CHARGE R22
2983 SIDESTEP R34
2984 SIDESTEP R26
2985 SIDESTEP R16
2986 SIDESTEP R3
2986 DELIVER 995 R32 2526
2987 ASSIGN 1010 R32 58
2987 PICK 1100 R35
2988 SIDESTEP R34
2989 CANCEL 6191
2989 SIDESTEP R26
2990 SIDESTEP R16
2990 PICK 901 R23
2991 SIDESTEP R0
2991 PICK 898 R14
2993 SIDESTEP R34
2994 SIDESTEP R26
2995 SIDESTEP R10
2996 CANCEL 6332
2996 SIDESTEP R0
2997 DELIVER 954 R15 2556
2998 CHARGED R22
2998 ASSIGN 1011 R22 24
2998 GO_CHARGE R15 6 1
2998 DELIVER 884 R11 2590
2998 DELIVER 868 R24 2597
2998 SIDESTEP R34
2999 CANCEL 6541
2999 ASSIGN 1014 R11 37
2999 ASSIGN 1017 R24 39
2999 SIDESTEP R7
2999 CHARGE R8
2999 SIDESTEP R26
2999 REPORT pending=4965 aged=4839 idle=0 to_pickup=16 delivering=17 to_charger=2 charging=1 dead=0 hot=6,27,5
3000 PICK 920 R27
3000 PICK 902 R30
3001 PICK 1004 R12
3003 PICK 893 R13
3003 CHARGE R25
3003 SIDESTEP R34
3004 SIDESTEP R7
3005 DELIVER 955 R16 2564
3005 SIDESTEP R18
3006 ASSIGN 1020 R16 34
3006 PICK 919 R3
3007 DELIVER 917 R21 2584
3007 DELIVER 985 R31 2551
3008 GO_CHARGE R21 24 1
3008 GO_CHARGE R31 6 1
3008 DELIVER 889 R6 2597
3008 SIDESTEP R34
3009 ASSIGN 924 R6 58
3009 SIDESTEP R7
3009 DELIVER 887 R10 2599
3009 SIDESTEP R33
3010 ASSIGN 925 R10 68
3010 DELIVER 905 R4 2592
3011 CANCEL 6347
3011 ASSIGN 926 R4 41
3012 CANCEL 6157
3013 SIDESTEP R34
3014 CANCEL 6240
3014 SIDESTEP R7
3015 CHARGED R8
3015 ASSIGN 928 R8 18
3015 DELIVER 920 R27 2590
3016 CANCEL 6255
3016 ASSIGN 933 R27 29
3016 PICK 923 R9
3017 CANCEL 6587
3017 DELIVER 1069 R0 2522
3017 SIDESTEP R14
3017 SIDESTEP R23
3018 CANCEL 6596
3018 ASSIGN 934 R0 45
3018 DELIVER 910 R2 2597
3019 CHARGED R25
3019 ASSIGN 935 R2 31
3019 ASSIGN 937 R25 66
3019 DELIVER 883 R1 2611
3019 SIDESTEP R7
3019 SIDESTEP R24
3020 ASSIGN 939 R1 59
3020 CHARGE R15
3020 SIDESTEP R30
3021 PICK 1011 R22
3022 SIDESTEP R14
3022 PICK 900 R26
3024 SIDESTEP R7
3024 SIDESTEP R24
3024 PICK 921 R29
3024 SIDESTEP R35
3025 DELIVER 1005 R17 2560
3026 ASSIGN 941 R17 49
3027 DELIVER 896 R20 2613
3028 ASSIGN 942 R20 58
3028 SIDESTEP R23
3029 SIDESTEP R7
3029 SIDESTEP R14
3029 SIDESTEP R35
3031 SIDESTEP R8
3031 SIDESTEP R19
3032 CANCEL 6273
3032 CANCEL 6493
3034 SIDESTEP R7
3034 SIDESTEP R14
3034 SIDESTEP R34
3034 SIDESTEP R35
3035 PICK 1014 R11
3036 CANCEL 6236
3036 PICK 928 R8
3036 SIDESTEP R19
3038 CHARGED R15
3038 ASSIGN 943 R15 33
3038 CHARGE R31
3039 SIDESTEP R7
3039 PICK 1020 R16
3039 SIDESTEP R24
3039 SIDESTEP R34
3039 SIDESTEP R35
3040 SIDESTEP R18
3040 DELIVER 902 R30 2623
3041 ASSIGN 944 R30 53
3041 SIDESTEP R3
3041 SIDESTEP R29
3041 SIDESTEP R32
3043 CANCEL 6269
3044 SIDESTEP R7
3044 DELIVER 900 R26 2628
3045 GO_CHARGE R26 15 1
3045 SIDESTEP R18
3045 PICK 915 R19
3045 PICK 886 R34
3046 CANCEL 6471
3046 SIDESTEP R29
3046 SIDESTEP R32
3048 CANCEL 6239
3049 CANCEL 6557
3049 SIDESTEP R2
3049 SIDESTEP R7
3049 REPORT pending=5046 aged=4921 idle=0 to_pickup=16 delivering=17 to_charger=2 charging=1 dead=0 hot=5,17,4
3050 CANCEL 6402
3050 SIDESTEP R18
3051 PICK 926 R4
3052 CANCEL 6507
3053 PICK 1017 R24
3053 SIDESTEP R29
3054 SIDESTEP R2
3054 SIDESTEP R7
3055 CANCEL 6316
3055 CHARGED R31
3055 ASSIGN 1021 R31 81
3055 SIDESTEP R18
3055 SIDESTEP R25
3057 SIDESTEP R3
3058 SIDESTEP R29
3059 SIDESTEP R2
3059 SIDESTEP R7
3060 CANCEL 6318
3060 SIDESTEP R25
3060 PICK 933 R27
3060 PICK 913 R33
3061 DELIVER 893 R13 2648
3062 ASSIGN 1029 R13 42
3062 PICK 934 R0
3062 DELIVER 919 R3 2638
3063 CANCEL 6492
3063 CANCEL 6550
3063 GO_CHARGE R3 6 1
3064 SIDESTEP R6
3064 SIDESTEP R7
3064 DELIVER 921 R29 2639
3064 SIDESTEP R30
3064 DELIVER 1100 R35 2556
3065 ASSIGN 1031 R35 36
3065 ASSIGN 1035 R29 22
3065 SIDESTEP R19
3065 SIDESTEP R20
3065 CHARGE R21
3065 SIDESTEP R25
3065 PICK 1010 R32
3068 PICK 935 R2
3068 DELIVER 1004 R12 2604
3069 ASSIGN 1038 R12 17
3069 DELIVER 899 R5 2653
3069 SIDESTEP R7
3069 DELIVER 901 R23 2652
3070 ASSIGN 1039 R5 43
3070 GO_CHARGE R23 33 1
3070 PICK 943 R15
3071 SIDESTEP R30
3072 SIDESTEP R19
3072 SIDESTEP R27
3073 SIDESTEP R8
3073 SIDESTEP R20
3074 SIDESTEP R7
3075 PICK 941 R17
3075 DELIVER 1011 R22 2607
3076 ASSIGN 1040 R22 47
3076 DELIVER 1010 R32 2609
3077 GO_CHARGE R32 42 1
3077 SIDESTEP R14
3078 SIDESTEP R8
3078 SIDESTEP R20
3079 PICK 939 R1
3079 SIDESTEP R7
3080 DELIVER 926 R4 2652
3081 GO_CHARGE R4 33 1
3082 CANCEL 6615
3082 CHARGED R21
3082 ASSIGN 945 R21 52
3083 SIDESTEP R8
3083 DELIVER 1103 R18 2573
3083 SIDESTEP R20
3084 ASSIGN 946 R18 21
3084 SIDESTEP R0
3084 SIDESTEP R7
3085 PICK 1038 R12
3085 DELIVER 898 R14 2670
3085 CHARGE R26
3086 GO_CHARGE R14 6 1
3086 DELIVER 1014 R11 2617
3086 PICK 1035 R29
3087 CANCEL 6683
3087 REJECT 6753
3087 GO_CHARGE R11 42 1
3089 SIDESTEP R1
3089 SIDESTEP R7
3089 DELIVER 1017 R24 2618
3090 REJECT 6760
3090 ASSIGN 950 R24 53
3091 DELIVER 1020 R16 2619
3092 GO_CHARGE R16 24 1
3094 SIDESTEP R1
3094 SIDESTEP R7
3094 SIDESTEP R9
3095 CANCEL 6635
3095 SIDESTEP R20
3095 SIDESTEP R32
3095 DELIVER 886 R34 2686
3096 ASSIGN 952 R34 58
3096 SIDESTEP R19
3096 SIDESTEP R22
3097 CANCEL 6408
3097 PICK 925 R10
3097 SIDESTEP R21
3097 DELIVER 933 R27 2666
3098 CANCEL 6473
3098 ASSIGN 953 R27 21
3099 SIDESTEP R1
3099 SIDESTEP R4
3099 PICK 924 R6
3099 SIDESTEP R9
3099 SIDESTEP R35
3099 REPORT pending=5133 aged=5003 idle=0 to_pickup=14 delivering=14 to_charger=7 charging=1 dead=0 hot=33,18,5
3100 CHARGED R26
3100 ASSIGN 956 R26 41
3100 SIDESTEP R3
3101 CANCEL 6422
3101 SIDESTEP R19
3103 SIDESTEP R15
3103 PICK 937 R25
3104 SIDESTEP R1
3104 SIDESTEP R9
3104 PICK 944 R30
3104 SIDESTEP R35
3105 CANCEL 6603
3105 SIDESTEP R8
3107 SIDESTEP R2
3107 SIDESTEP R20
3108 SIDESTEP R15
3109 CANCEL 6582
3109 SIDESTEP R9
3109 SIDESTEP R35
3110 CHARGE R3
3110 SIDESTEP R8
3111 SIDESTEP R4
3111 PICK 1029 R13
3111 SIDESTEP R32
3112 SIDESTEP R2
3112 SIDESTEP R20
3114 SIDESTEP R9
3114 SIDESTEP R31
3114 SIDESTEP R35
3116 PICK 1039 R5
3116 SIDESTEP R13
3116 SIDESTEP R32
3117 SIDESTEP R4
3117 SIDESTEP R20
3117 SIDESTEP R22
3118 SIDESTEP R19
3118 SIDESTEP R24
3118 PICK 953 R27
3118 DELIVER 1035 R29 2639
3119 ASSIGN 1287 R29 54
3119 SIDESTEP R9
3119 SIDESTEP R12
3119 SIDESTEP R15
3119 SIDESTEP R35
3121 SIDESTEP R16
3121 SIDESTEP R32
3122 CANCEL 6710
3122 CANCEL 6752
3122 CANCEL 6781
3122 SIDESTEP R20
3122 SIDESTEP R22
3123 REJECT 6833
3124 CANCEL 6526
3124 DELIVER 998 R7 2662
3124 SIDESTEP R9
3124 SIDESTEP R15
3124 PICK 946 R18
3124 DELIVER 913 R33 2702
3125 ASSIGN 1045 R33 27
3125 ASSIGN 1047 R7 44
3125 DELIVER 935 R2 2693
3126 ASSIGN 1176 R2 19
3126 SIDESTEP R16
3126 SIDESTEP R32
3127 CHARGED R3
3127 ASSIGN 1180 R3 34
3127 CHARGE R14
3127 DELIVER 941 R17 2692
3127 SIDESTEP R20
3127 SIDESTEP R22
3128 ASSIGN 1055 R17 20
3129 SIDESTEP R9
3129 SIDESTEP R15
3130 PICK 1031 R35
3131 SIDESTEP R16
3131 CHARGE R23
3131 SIDESTEP R32
3132 DELIVER 928 R8 2703
3132 SIDESTEP R20
3132 SIDESTEP R22
3133 ASSIGN 1063 R8 40
3134 CANCEL_FAIL 6472
3134 SIDESTEP R9
3134 SIDESTEP R15
3135 DELIVER 953 R27 2695
3136 CANCEL 6804
3136 ASSIGN 1064 R27 24
3137 PICK 908 R28
3138 SIDESTEP R2
3139 SIDESTEP R1
3139 CHARGE R11
3139 SIDESTEP R18
3139 PICK 1021 R31
3140 SIDESTEP R15
3140 PICK 956 R26
3141 CANCEL 6809
3141 PICK 945 R21
3141 SIDESTEP R24
3142 REJECT 6872
3143 DELIVER 937 R25 2710
3144 ASSIGN 957 R25 54
3144 DELIVER 934 R0 2713
3145 CHARGED R14
3145 ASSIGN 960 R14 3
3145 GO_CHARGE R0 6 1
3145 SIDESTEP R2
3145 DELIVER 1038 R12 2665
3146 ASSIGN 965 R12 24
3146 DELIVER 1029 R13 2670
3146 SIDESTEP R24
3146 SIDESTEP R32
3147 ASSIGN 962 R13 53
3147 PICK 960 R14
3147 PICK 1055 R17
3147 SIDESTEP R26
3148 DELIVER 923 R9 2722
3149 CHARGED R23
3149 ASSIGN 968 R23 34
3149 ASSIGN 970 R9 60
3149 CHARGE R16
3149 REPORT pending=5214 aged=5091 idle=0 to_pickup=16 delivering=15 to_charger=3 charging=2 dead=0 hot=25,37,4
3151 DELIVER 939 R1 2717
3151 SIDESTEP R24
3152 ASSIGN 971 R1 42
3152 SIDESTEP R26
3152 SIDESTEP R30
3153 SIDESTEP R4
3153 PICK 952 R34
3155 PICK 1045 R33
3157 CANCEL 6649
3157 CANCEL 6824
3157 CHARGED R11
3157 ASSIGN 973 R11 50
3157 SIDESTEP R26
3157 SIDESTEP R30
3158 SIDESTEP R15
3159 PICK 1176 R2
3159 DELIVER 924 R6 2732
3159 SIDESTEP R18
3160 CANCEL 6748
3160 ASSIGN 974 R6 25
3160 PICK 1064 R27
3161 CHARGE R0
3161 SIDESTEP R25
3162 CANCEL 6568
3162 DELIVER 1031 R35 2685
3163 ASSIGN 976 R35 29
3163 SIDESTEP R15
3164 SIDESTEP R18
3166 CHARGED R16
3166 ASSIGN 978 R16 48
3166 SIDESTEP R20
3166 SIDESTEP R25
3167 SIDESTEP R10
3168 SIDESTEP R15
3168 SIDESTEP R24
3169 PICK 965 R12
3169 SIDESTEP R18
3169 DELIVER 915 R19 2747
3169 PICK 1040 R22
3170 CANCEL 6520
3170 CANCEL 6657
3170 ASSIGN 981 R19 32
3171 DELIVER 1039 R5 2691
3171 SIDESTEP R20
3172 ASSIGN 987 R5 39
3172 PICK 1287 R29
3172 CHARGE R32
3173 CHARGE R4
3173 SIDESTEP R7
3173 SIDESTEP R15
3173 SIDESTEP R24
3174 SIDESTEP R10
3174 SIDESTEP R17
3175 CHARGED R0
3175 ASSIGN 1292 R0 46
3176 CANCEL 6565
3176 CANCEL 6801
3176 DELIVER 1176 R2 2632
3176 SIDESTEP R20
3177 CANCEL 6705
3177 ASSIGN 986 R2 53
3177 PICK 1047 R7
3178 CANCEL 6817
3178 SIDESTEP R24
3178 DELIVER 1021 R31 2705
3179 ASSIGN 988 R31 25
3179 SIDESTEP R8
3179 SIDESTEP R17
3179 SIDESTEP R21
3180 REJECT 6954
3181 SIDESTEP R1
3181 SIDESTEP R13
3181 SIDESTEP R20
3181 DELIVER 1045 R33 2698
3182 GO_CHARGE R33 24 1
3182 DELIVER 945 R21 2745
3182 PICK 968 R23
3183 ASSIGN 989 R21 60
3183 SIDESTEP R10
3184 PICK 974 R6
3185 SIDESTEP R15
3185 DELIVER 944 R30 2749
3186 ASSIGN 990 R30 53
3186 SIDESTEP R8
3186 SIDESTEP R20
3186 SIDESTEP R24
3186 SIDESTEP R25
3188 PICK 1180 R3
3188 SIDESTEP R10
3188 SIDESTEP R14
3189 CHARGED R32
3189 ASSIGN 991 R32 7
3190 CHARGED R4
3190 ASSIGN 997 R4 27
3193 SIDESTEP R14
3193 SIDESTEP R15
3194 DELIVER 1047 R7 2710
3194 SIDESTEP R12
3195 CANCEL 6574
3195 ASSIGN 1196 R7 42
3195 PICK 991 R32
3196 SIDESTEP R17
3196 SIDESTEP R25
3197 SIDESTEP R9
3197 SIDESTEP R28
3198 SIDESTEP R11
3198 SIDESTEP R14
3199 PICK 971 R1
3199 SIDESTEP R12
3199 SIDESTEP R18
3199 SIDESTEP R24
3199 SIDESTEP R26
3199 REPORT pending=5292 aged=5168 idle=0 to_pickup=18 delivering=17 to_charger=1 charging=0 dead=0 hot=33,17,5
3201 SIDESTEP R17
3201 PICK 981 R19
3201 SIDESTEP R27
3202 SIDESTEP R9
3202 SIDESTEP R10
3203 SIDESTEP R11
3203 SIDESTEP R14
3203 PICK 988 R31
3204 SIDESTEP R24
3204 SIDESTEP R26
3205 DELIVER 946 R18 2768
3205 PICK 942 R20
3206 GO_CHARGE R18 33 1
3207 SIDESTEP R10
3208 SIDESTEP R11
3209 SIDESTEP R22
3209 SIDESTEP R24
3209 SIDESTEP R26
3210 SIDESTEP R12
3210 SIDESTEP R15
3210 SIDESTEP R16
3210 SIDESTEP R27
3210 SIDESTEP R35
3212 CANCEL 6878
3212 CANCEL 6976
3212 SIDESTEP R10
3212 DELIVER 908 R28 2792
3213 GO_CHARGE R28 42 1
3213 SIDESTEP R11
3213 PICK 962 R13
3214 PICK 987 R5
3214 SIDESTEP R17
3214 SIDESTEP R22
3214 SIDESTEP R26
3214 PICK 976 R35
3215 PICK 1063 R8
3215 SIDESTEP R16
3215 SIDESTEP R25
3216 PICK 997 R4
3216 SIDESTEP R23
3216 SIDESTEP R24
3217 SIDESTEP R10
3217 DELIVER 952 R34 2777
3218 ASSIGN 1071 R34 38
3218 DELIVER 974 R6 2767
3218 SIDESTEP R11
3219 ASSIGN 1074 R6 39
3219 SIDESTEP R17
3219 SIDESTEP R22
3219 SIDESTEP R26
3220 PICK 1292 R0
3220 SIDESTEP R16
3220 SIDESTEP R25
3221 SIDESTEP R23
3222 SIDESTEP R1
3222 SIDESTEP R3
3223 SIDESTEP R11
3223 DELIVER 1287 R29 2631
3224 GO_CHARGE R29 6 1
3224 SIDESTEP R22
3224 SIDESTEP R26
3225 SIDESTEP R16
3226 SIDESTEP R17
3226 SIDESTEP R23
3227 SIDESTEP R3
3227 SIDESTEP R15
3228 SIDESTEP R11
3229 CANCEL 6723
3229 PICK 986 R2
3230 REJECT 7063
3230 SIDESTEP R16
3230 SIDESTEP R21
3231 CANCEL 6686
3231 SIDESTEP R7
3231 DELIVER 925 R10 2804
3231 SIDESTEP R17
3232 ASSIGN 1000 R10 40
3232 SIDESTEP R1
3232 SIDESTEP R3
3232 SIDESTEP R4
3233 SIDESTEP R11
3234 DELIVER 988 R31 2777
3235 ASSIGN 1001 R31 58
3235 SIDESTEP R16
3235 SIDESTEP R21
3235 SIDESTEP R26
3235 DELIVER 976 R35 2783
3236 CANCEL 6898
3236 ASSIGN 1002 R35 76
3236 SIDESTEP R7
3236 SIDESTEP R17
3236 SIDESTEP R18
3236 SIDESTEP R30
3237 SIDESTEP R3
3237 DELIVER 960 R14 2793
3238 ASSIGN 1003 R14 33
3238 SIDESTEP R11
3238 SIDESTEP R15
3239 CANCEL 6727
3239 CANCEL 6790
3239 CANCEL 6881
3239 DELIVER 987 R5 2782
3240 GO_CHARGE R5 15 1
3240 SIDESTEP R21
3240 SIDESTEP R26
3241 SIDESTEP R9
3241 SIDESTEP R18
3242 CANCEL 7034
3243 SIDESTEP R11
3243 CHARGE R29
3244 CANCEL 6830
3244 SIDESTEP R6
3245 DELIVER 1064 R27 2752
3246 ASSIGN 1007 R27 51
3246 SIDESTEP R9
3246 SIDESTEP R18
3246 SIDESTEP R19
3248 SIDESTEP R11
3249 CANCEL 6945
3249 SIDESTEP R6
3249 PICK 978 R16
3249 REPORT pending=5387 aged=5256 idle=0 to_pickup=14 delivering=17 to_charger=4 charging=1 dead=0 hot=34,29,7
3251 SIDESTEP R9
3251 SIDESTEP R19
3252 SIDESTEP R7
3253 SIDESTEP R11
3253 DELIVER 965 R12 2807
3254 GO_CHARGE R12 15 1
3254 SIDESTEP R3
3254 SIDESTEP R18
3255 CANCEL 6999
3255 DELIVER 968 R23 2807
3256 ASSIGN 1006 R23 15
3256 DELIVER 1063 R8 2764
3256 SIDESTEP R9
3256 SIDESTEP R19
3257 REJECT 7123
3257 ASSIGN 1204 R8 51
3257 SIDESTEP R7
3257 SIDESTEP R21
3258 SIDESTEP R11
3258 DELIVER 1055 R17 2770
3258 PICK 950 R24
3259 CANCEL 7047
3259 CHARGED R29
3259 ASSIGN 1075 R17 17
3259 ASSIGN 1012 R29 62
3259 SIDESTEP R18
3259 PICK 957 R25
3260 CANCEL 6906
3260 DELIVER 943 R15 2824
3260 PICK 1071 R34
3261 ASSIGN 1349 R15 26
3261 DELIVER 1040 R22 2780
3262 ASSIGN 1216 R22 44
3262 SIDESTEP R7
3262 SIDESTEP R21
3262 DELIVER 991 R32 2804
3263 CANCEL 7050
3263 ASSIGN 1087 R32 27
3263 SIDESTEP R11
3263 SIDESTEP R27
3264 SIDESTEP R18
3265 SIDESTEP R14
3265 DELIVER 956 R26 2823
3266 ASSIGN 1091 R26 54
3267 SIDESTEP R7
3267 SIDESTEP R21
3268 CANCEL 7135
3268 SIDESTEP R11
3268 SIDESTEP R27
3269 PICK 1074 R6
3269 SIDESTEP R18
3270 CANCEL 7112
3270 CHARGE R5
3270 SIDESTEP R14
3270 PICK 1006 R23
3271 PICK 1000 R10
3271 SIDESTEP R15
3272 SIDESTEP R3
3273 SIDESTEP R11
3273 SIDESTEP R27
3273 SIDESTEP R34
3274 SIDESTEP R18
3275 DELIVER 971 R1 2826
3275 PICK 1075 R17
3276 ASSIGN 1094 R1 29
3276 SIDESTEP R4
3276 SIDESTEP R26
3277 SIDESTEP R3
3277 PICK 970 R9
3277 SIDESTEP R15
3277 SIDESTEP R22
3278 SIDESTEP R11
3278 PICK 990 R30
3278 SIDESTEP R34
3279 SIDESTEP R18
3280 SIDESTEP R13
3281 SIDESTEP R26
3282 CANCEL 6870
3282 CANCEL 6886
3282 SIDESTEP R2
3282 SIDESTEP R3
3282 SIDESTEP R15
3282 DELIVER 981 R19 2828
3282 DELIVER 942 R20 2847
3283 ASSIGN 1095 R19 26
3283 GO_CHARGE R20 6 1
3283 SIDESTEP R11
3283 PICK 1003 R14
3283 SIDESTEP R34
3284 CANCEL 6836
3284 CANCEL 6922
3284 SIDESTEP R9
3284 SIDESTEP R18
3285 CHARGED R5
3285 ASSIGN 1097 R5 35
3286 CANCEL 6907
3286 DELIVER 997 R4 2825
3286 SIDESTEP R12
3287 ASSIGN 1098 R4 11
3287 DELIVER 1292 R0 2693
3287 SIDESTEP R2
3288 ASSIGN 1104 R0 65
3288 SIDESTEP R11
3288 SIDESTEP R22
3289 CANCEL 7155
3289 SIDESTEP R9
3289 SIDESTEP R18
3289 SIDESTEP R20
3289 PICK 1087 R32
3290 CANCEL 7061
3291 SIDESTEP R12
3291 SIDESTEP R24
3292 DELIVER 1180 R3 2746
3292 SIDESTEP R21
3293 CANCEL 6883
3293 ASSIGN 1013 R3 40
3293 SIDESTEP R7
3293 SIDESTEP R11
3293 SIDESTEP R22
3293 SIDESTEP R26
3294 SIDESTEP R9
3294 SIDESTEP R18
3294 SIDESTEP R20
3294 PICK 1001 R31
3295 SIDESTEP R14
3296 CANCEL 6939
3296 SIDESTEP R12
3296 SIDESTEP R24
3297 PICK 1098 R4
3298 SIDESTEP R7
3298 SIDESTEP R11
3298 DELIVER 962 R13 2853
3299 CANCEL 6969
3299 GO_CHARGE R13 42 1
3299 SIDESTEP R34
3299 REPORT pending=5465 aged=5337 idle=0 to_pickup=15 delivering=15 to_charger=6 charging=0 dead=0 hot=34,24,5
3300 SIDESTEP R22
3301 CANCEL 6962
3301 PICK 1349 R15
3301 DELIVER 1087 R32 2798
3302 ASSIGN 1015 R32 59
3302 SIDESTEP R2
3302 SIDESTEP R23
3303 CANCEL 7051
3303 SIDESTEP R7
3303 SIDESTEP R11
3303 SIDESTEP R25
3303 SIDESTEP R30
3304 SIDESTEP R34
3306 SIDESTEP R16
3307 SIDESTEP R2
3307 SIDESTEP R23
3308 PICK 1094 R1
3308 SIDESTEP R11
3309 SIDESTEP R8
3309 SIDESTEP R34
3310 SIDESTEP R7
3311 SIDESTEP R16
3311 DELIVER 1075 R17 2813
3312 CANCEL 7169
3312 ASSIGN 1016 R17 31
3312 SIDESTEP R2
3312 PICK 1095 R19
3312 SIDESTEP R23
3313 SIDESTEP R11
3314 SIDESTEP R8
3314 SIDESTEP R34
3315 SIDESTEP R7
3315 SIDESTEP R15
3316 DELIVER 1074 R6 2819
3316 SIDESTEP R16
3317 ASSIGN 1018 R6 34
3317 SIDESTEP R2
3317 SIDESTEP R23
3318 SIDESTEP R11
3319 PICK 1097 R5
3319 SIDESTEP R8
3319 SIDESTEP R34
3321 SIDESTEP R16
3321 SIDESTEP R19
3322 SIDESTEP R1
3322 SIDESTEP R2
3322 DELIVER 957 R25 2880
3323 ASSIGN 1019 R25 7
3323 SIDESTEP R11
3324 SIDESTEP R4
3324 SIDESTEP R24
3324 PICK 1007 R27
3324 SIDESTEP R34
3325 CANCEL 7272
3325 REJECT 7274
3325 PICK 1204 R8
3325 SIDESTEP R14
3325 SIDESTEP R17
3325 DELIVER 990 R30 2867
3326 ASSIGN 1027 R30 21
3326 SIDESTEP R16
3327 SIDESTEP R2
3328 SIDESTEP R11
3329 SIDESTEP R4
3329 SIDESTEP R5
3329 PICK 1019 R25
3329 SIDESTEP R31
3330 SIDESTEP R14
3330 SIDESTEP R17
3330 SIDESTEP R34
3331 PICK 1002 R35
3332 CANCEL 7122
3332 DELIVER 1007 R27 2866
3333 GO_CHARGE R27 6 1
3334 SIDESTEP R31
3335 CHARGE R12
3335 SIDESTEP R14
3336 CANCEL 7289
3336 PICK 1013 R3
3336 SIDESTEP R29
3339 SIDESTEP R19
3339 SIDESTEP R31
3340 PICK 1196 R7
3340 SIDESTEP R14
3340 CHARGE R28
3341 DELIVER 1000 R10 2878
3341 DELIVER 978 R16 2888
3342 ASSIGN 1105 R16 38
3342 GO_CHARGE R10 15 1
3342 DELIVER 1094 R1 2837
3342 DELIVER 986 R2 2885
3342 PICK 989 R21
3343 ASSIGN 1107 R2 52
3343 GO_CHARGE R1 6 1
3344 SIDESTEP R19
3344 SIDESTEP R31
3344 DELIVER 1002 R35 2881
3345 GO_CHARGE R35 42 1
3345 SIDESTEP R14
3345 CHARGE R18
3346 SIDESTEP R9
3346 PICK 1027 R30
3347 CANCEL 7016
3347 DELIVER 1006 R23 2882
3347 DELIVER 950 R24 2908
3348 CANCEL 7073
3348 ASSIGN 1115 R23 9
3348 ASSIGN 1117 R24 62
3348 PICK 1012 R29
3349 SIDESTEP R19
3349 SIDESTEP R31
3349 REPORT pending=5556 aged=5428 idle=0 to_pickup=11 delivering=15 to_charger=7 charging=3 dead=0 hot=34,23,4
3350 SIDESTEP R14
3350 DELIVER 1019 R25 2878
3350 SIDESTEP R26
3351 ASSIGN 1119 R25 30
3351 DELIVER 1097 R5 2844
3351 SIDESTEP R22
3351 SIDESTEP R33
3352 ASSIGN 1121 R5 65
3352 PICK 1104 R0
3353 CHARGED R12
3353 ASSIGN 1127 R12 60
3354 SIDESTEP R4
3354 PICK 1018 R6
3354 SIDESTEP R19
3355 SIDESTEP R14
3356 CANCEL 6960
3356 CHARGED R28
3356 ASSIGN 1130 R28 36
3356 DELIVER 1349 R15 2736
3356 SIDESTEP R22
3356 PICK 1115 R23
3357 CANCEL 7125
3357 ASSIGN 1030 R15 20
3357 SIDESTEP R26
3357 SIDESTEP R33
3359 SIDESTEP R19
3360 SIDESTEP R14
3360 SIDESTEP R17
3361 CANCEL 7170
3361 DELIVER 1071 R34 2865
3362 CHARGED R18
3362 ASSIGN 1033 R18 46
3362 ASSIGN 1034 R34 25
3362 SIDESTEP R26
3363 CANCEL 7333
3363 SIDESTEP R33
3364 CHARGE R1
3364 SIDESTEP R19
3365 SIDESTEP R6
3365 SIDESTEP R14
3366 DELIVER 970 R9 2917
3366 SIDESTEP R22
3367 CANCEL 7327
3367 CANCEL 7341
3367 ASSIGN 1036 R9 18
3367 DELIVER 1204 R8 2810
3367 SIDESTEP R16
3367 SIDESTEP R17
3368 CANCEL 7222
3368 ASSIGN 1037 R8 49
3368 SIDESTEP R33
3369 CANCEL 7196
3369 SIDESTEP R2
3369 SIDESTEP R3
3369 PICK 973 R11
3369 SIDESTEP R19
3370 CANCEL 7294
3370 SIDESTEP R6
3370 SIDESTEP R14
3370 SIDESTEP R29
3371 DELIVER 989 R21 2913
3372 CANCEL 7365
3372 ASSIGN 1041 R21 24
3373 SIDESTEP R33
3374 SIDESTEP R2
3374 SIDESTEP R3
3374 SIDESTEP R19
3374 DELIVER 1115 R23 2858
3375 CANCEL 7264
3375 ASSIGN 1044 R23 25
3375 SIDESTEP R6
3375 SIDESTEP R14
3376 PICK 1030 R15
3377 CANCEL 7042
3377 SIDESTEP R20
3378 SIDESTEP R33
3379 CHARGED R1
3379 ASSIGN 1046 R1 21
3379 SIDESTEP R2
3379 SIDESTEP R3
3379 SIDESTEP R19
3379 CHARGE R27
3380 SIDESTEP R6
3380 SIDESTEP R14
3380 PICK 1119 R25
3381 CANCEL 7000
3381 SIDESTEP R13
3381 SIDESTEP R35
3382 CANCEL 7250
3383 SIDESTEP R33
3384 SIDESTEP R2
3384 SIDESTEP R3
3384 PICK 1036 R9
3384 DELIVER 1027 R30 2909
3385 GO_CHARGE R30 33 1
3385 SIDESTEP R6
3385 SIDESTEP R14
3386 CANCEL 7032
3386 SIDESTEP R8
3386 SIDESTEP R15
3386 PICK 1034 R34
3388 DELIVER 1098 R4 2881
3388 SIDESTEP R16
3388 SIDESTEP R33
3389 ASSIGN 1364 R4 45
3389 SIDESTEP R2
3389 PICK 1216 R22
3390 CANCEL 7026
3390 SIDESTEP R14
3393 DELIVER 1196 R7 2840
3393 CHARGE R10
3393 SIDESTEP R16
3393 SIDESTEP R33
3394 ASSIGN 1238 R7 24
3395 CHARGED R27
3395 ASSIGN 1242 R27 22
3395 SIDESTEP R14
3395 PICK 1041 R21
3395 PICK 1130 R28
3395 DELIVER 1034 R34 2917
3396 ASSIGN 1379 R34 31
3397 REJECT 7430
3397 PICK 1015 R32
3398 CANCEL 7069
3398 SIDESTEP R1
3398 SIDESTEP R16
3398 PICK 1016 R17
3398 SIDESTEP R33
3399 CANCEL 7185
3399 PICK 1044 R23
3399 REPORT pending=5631 aged=5505 idle=0 to_pickup=13 delivering=17 to_charger=5 charging=1 dead=0 hot=53,8,3
3400 CANCEL 7009
3400 SIDESTEP R14
3400 DELIVER 1001 R31 2937
3401 CANCEL 7204
3401 CANCEL 7312
3401 CANCEL 7357
3401 ASSIGN 1248 R31 57
3403 PICK 1046 R1
3403 SIDESTEP R33
3405 SIDESTEP R14
3406 SIDESTEP R7
3406 PICK 1105 R16
3407 SIDESTEP R27
3408 SIDESTEP R20
3408 SIDESTEP R33
3409 CANCEL 7178
3409 CHARGED R10
3409 ASSIGN 1133 R10 20
3410 DELIVER 973 R11 2960
3410 SIDESTEP R14
3410 DELIVER 1119 R25 2893
3411 ASSIGN 1135 R25 30
3411 ASSIGN 1270 R11 46
3411 DELIVER 1030 R15 2934
3412 ASSIGN 1272 R15 27
3412 DELIVER 1095 R19 2906
3413 GO_CHARGE R19 15 1
3413 DELIVER 1018 R6 2942
3413 SIDESTEP R33
3413 SIDESTEP R34
3414 GO_CHARGE R6 6 1
3415 DELIVER 1036 R9 2936
3415 SIDESTEP R14
3415 PICK 1091 R26
3416 ASSIGN 1156 R9 24
3416 PICK 1127 R12
3418 CANCEL 7241
3418 SIDESTEP R11
3418 SIDESTEP R33
3419 CANCEL 7267
3419 CHARGE R20
3419 DELIVER 1012 R29 2951
3420 ASSIGN 1157 R29 43
3420 DELIVER 1013 R3 2951
3420 SIDESTEP R14
3420 SIDESTEP R24
3420 PICK 1242 R27
3421 ASSIGN 1158 R3 64
3421 SIDESTEP R5
3423 SIDESTEP R30
3423 SIDESTEP R33
3424 PICK 1107 R2
3424 PICK 1037 R8
3425 CANCEL 7231
3425 PICK 1238 R7
3425 SIDESTEP R14
3425 SIDESTEP R24
3426 SIDESTEP R5
3426 SIDESTEP R19
3427 CANCEL 7233
3428 SIDESTEP R33
3429 CANCEL 7469
3429 SIDESTEP R30
3430 CANCEL 7093
3430 DELIVER 1104 R0 2920
3430 SIDESTEP R14
3430 SIDESTEP R24
3430 SIDESTEP R25
3431 CANCEL 7329
3431 ASSIGN 1049 R0 36
3431 DELIVER 1216 R22 2869
3432 CANCEL 7393
3432 ASSIGN 1051 R22 53
3432 DELIVER 1041 R21 2951
3433 ASSIGN 1052 R21 31
3433 PICK 1364 R4
3433 SIDESTEP R6
3433 SIDESTEP R33
3434 CANCEL 7074
3435 CANCEL 7102
3435 SIDESTEP R14
3435 SIDESTEP R24
3435 SIDESTEP R30
3436 SIDESTEP R3
3437 CHARGED R20
3437 ASSIGN 1053 R20 70
3438 CANCEL 7107
3438 SIDESTEP R33
3439 CANCEL 7180
3439 CANCEL 7210
3439 PICK 1156 R9
3439 PICK 1272 R15
3440 SIDESTEP R14
3440 PICK 1379 R34
3441 PICK 1121 R5
3441 DELIVER 1044 R23 2958
3442 ASSIGN 1054 R23 66
3442 DELIVER 1046 R1 2958
3442 PICK 1133 R10
3443 ASSIGN 1056 R1 14
3443 SIDESTEP R33
3444 SIDESTEP R18
3446 PICK 1135 R25
3449 DELIVER 1016 R17 2979
3449 REPORT pending=5713 aged=5578 idle=1 to_pickup=12 delivering=17 to_charger=6 charging=0 dead=0 hot=17,1,4
3450 GO_CHARGE R17 42 1
3450 PICK 1117 R24
3450 DELIVER 1015 R32 2980
3451 CANCEL 7269
3451 ASSIGN 1230 R32 25
3451 DELIVER 1107 R2 2939
3451 SIDESTEP R27
3452 GO_CHARGE R2 33 1
3452 CHARGE R13
3452 SIDESTEP R34
3454 DELIVER 1105 R16 2943
3455 REJECT 7561
3455 ASSIGN 1057 R16 43
3456 DELIVER 1238 R7 2885
3456 SIDESTEP R27
3457 ASSIGN 1059 R7 29
3457 PICK 1056 R1
3457 PICK 1248 R31
3457 SIDESTEP R33
3458 CANCEL 7228
3458 DELIVER 1130 R28 2935
3459 CANCEL_FAIL 107571
3459 ASSIGN 1060 R28 61
3461 CANCEL 7467
3461 SIDESTEP R27
3462 SIDESTEP R24
3462 PICK 1157 R29
3462 SIDESTEP R33
3463 DELIVER 1156 R9 2929
3463 PICK 1270 R11
3463 PICK 1052 R21
3464 REJECT 7582
3464 ASSIGN 1061 R9 29
3464 SIDESTEP R10
3464 CHARGE R30
3465 CANCEL 7451
3466 REJECT 7587
3466 PICK 1049 R0
3467 SIDESTEP R19
3468 SIDESTEP R6
3468 SIDESTEP R16
3468 SIDESTEP R33
3470 CANCEL 7309
3470 CANCEL 7379
3470 CHARGED R13
3470 ASSIGN 1393 R13 11
3470 DELIVER 1056 R1 2981
3470 DELIVER 1037 R8 2991
3470 CHARGE R35
3471 CANCEL 7225
3471 ASSIGN 1065 R1 20
3471 GO_CHARGE R8 15 1
3471 DELIVER 1133 R10 2947
3471 SIDESTEP R17
3472 ASSIGN 1066 R10 42
3472 DELIVER 1242 R27 2899
3472 DELIVER 1379 R34 2838
3473 CANCEL 7373
3473 ASSIGN 1067 R27 42
3473 GO_CHARGE R34 42 1
3473 DELIVER 1127 R12 2952
3474 ASSIGN 1068 R12 34
3474 PICK 1033 R18
3475 SIDESTEP R29
3475 PICK 1230 R32
3476 SIDESTEP R33
3477 SIDESTEP R5
3478 CANCEL 7415
3479 DELIVER 1272 R15 2893
3480 CANCEL 7303
3480 CHARGED R30
3480 ASSIGN 1163 R30 29
3480 ASSIGN 1165 R15 22
3480 CHARGE R6
3480 PICK 1393 R13
3480 SIDESTEP R29
3481 DELIVER 1003 R14 3017
3481 SIDESTEP R20
3481 DELIVER 1135 R25 2957
3482 ASSIGN 1168 R14 80
3482 GO_CHARGE R25 6 1
3482 DELIVER 1049 R0 2997
3482 SIDESTEP R5
3482 DELIVER 1117 R24 2966
3482 SIDESTEP R33
3483 ASSIGN 1174 R0 42
3483 GO_CHARGE R24 6 1
3483 SIDESTEP R31
3485 PICK 1059 R7
3486 CHARGED R35
3486 ASSIGN 1175 R35 30
3487 SIDESTEP R14
3487 CHARGE R19
3488 CANCEL_FAIL 7582
3488 DELIVER 1091 R26 2984
3489 ASSIGN 1181 R26 53
3490 CANCEL 7275
3490 DELIVER 1364 R4 2862
3490 SIDESTEP R9
3491 ASSIGN 1184 R4 27
3491 PICK 1065 R1
3493 PICK 1051 R22
3494 REJECT 7648
3497 CHARGED R6
3497 ASSIGN 1185 R6 10
3497 PICK 1158 R3
3498 PICK 1061 R9
3498 DELIVER 1052 R21 3011
3499 ASSIGN 1076 R21 25
3499 REPORT pending=5788 aged=5659 idle=0 to_pickup=16 delivering=12 to_charger=7 charging=1 dead=0 hot=26,17,6
3501 DELIVER 1230 R32 2933
3502 ASSIGN 1077 R32 50
3503 SIDESTEP R28
3504 CHARGED R19
3504 ASSIGN 1078 R19 57
3505 CANCEL 7513
3505 CHARGE R2
3505 SIDESTEP R31
3505 CHARGE R33
3506 CANCEL 7652
3506 PICK 1185 R6
3506 PICK 1165 R15
3506 DELIVER 1033 R18 3028
3507 ASSIGN 1080 R18 27
3507 PICK 1068 R12
3508 CHARGE R17
3508 SIDESTEP R28
3509 CANCEL 7540
3509 SIDESTEP R5
3509 SIDESTEP R13
3510 SIDESTEP R19
3510 CHARGE R24
3511 CANCEL 7450
3513 PICK 1066 R10
3513 DELIVER 1270 R11 2928
3513 PICK 1054 R23
3513 SIDESTEP R28
3514 ASSIGN 1082 R11 45
3514 SIDESTEP R5
3514 SIDESTEP R13
3514 PICK 1057 R16
3514 PICK 1067 R27
3515 PICK 1175 R35
3516 DELIVER 1059 R7 3026
3517 GO_CHARGE R7 15 1
3517 PICK 1053 R20
3518 SIDESTEP R28
3519 SIDESTEP R5
3519 SIDESTEP R13
3519 SIDESTEP R30
3520 CANCEL_FAIL 7430
3520 SIDESTEP R4
3520 PICK 1163 R30
3520 SIDESTEP R35
3521 SIDESTEP R23
3522 CHARGED R2
3522 ASSIGN 1083 R2 39
3522 DELIVER 1158 R3 2987
3522 DELIVER 1061 R9 3031
3523 CHARGED R33
3523 ASSIGN 1084 R33 50
3523 ASSIGN 1086 R3 39
3523 GO_CHARGE R9 33 1
3523 PICK 1184 R4
3523 CHARGE R8
3523 PICK 1076 R21
3524 CANCEL 7533
3525 CHARGED R17
3525 ASSIGN 1089 R17 27
3525 SIDESTEP R29
3525 DELIVER 1248 R31 2950
3526 CHARGED R24
3526 ASSIGN 1090 R24 30
3526 GO_CHARGE R31 24 1
3526 DELIVER 1065 R1 3033
3526 SIDESTEP R12
3526 SIDESTEP R15
3526 CHARGE R25
3527 ASSIGN 1096 R1 25
3528 REJECT 7725
3528 PICK 1174 R0
3530 CHARGE R34
3531 SIDESTEP R12
3531 SIDESTEP R15
3531 SIDESTEP R26
3531 SIDESTEP R27
3531 SIDESTEP R29
3532 SIDESTEP R7
3533 PICK 1080 R18
3536 CANCEL 7436
3536 SIDESTEP R12
3537 SIDESTEP R29
3538 CHARGED R8
3538 ASSIGN 1099 R8 24
3539 SIDESTEP R27
3540 SIDESTEP R26
3541 CHARGED R25
3541 ASSIGN 1305 R25 21
3541 SIDESTEP R12
3541 SIDESTEP R30
3542 CANCEL 7499
3542 DELIVER 1051 R22 3056
3543 GO_CHARGE R22 6 1
3544 DELIVER 1076 R21 3046
3544 SIDESTEP R27
3545 CANCEL_FAIL 107759
3545 ASSIGN 1313 R21 35
3545 SIDESTEP R16
3545 DELIVER 1157 R29 3010
3546 ASSIGN 1101 R29 44
3546 SIDESTEP R12
3546 DELIVER 1165 R15 3007
3547 CHARGED R34
3547 ASSIGN 1102 R34 27
3547 GO_CHARGE R15 42 1
3547 DELIVER 1121 R5 3029
3548 ASSIGN 1106 R5 63
3548 SIDESTEP R1
3548 SIDESTEP R20
3549 CANCEL 7413
3549 SIDESTEP R6
3549 DELIVER 1066 R10 3055
3549 REPORT pending=5872 aged=5745 idle=1 to_pickup=18 delivering=12 to_charger=5 charging=0 dead=0 hot=32,17,6
3550 ASSIGN 1323 R10 80
3550 DELIVER 1393 R13 2910
3550 SIDESTEP R16
3551 ASSIGN 1326 R13 53
3551 DELIVER 1184 R4 3004
3551 SIDESTEP R12
3551 PICK 1089 R17
3551 SIDESTEP R27
3551 SIDESTEP R30
3552 GO_CHARGE R4 6 1
3553 PICK 1077 R32
3553 SIDESTEP R33
3554 CANCEL 7548
3554 SIDESTEP R6
3554 SIDESTEP R9
3555 SIDESTEP R1
3555 SIDESTEP R16
3556 SIDESTEP R27
3556 SIDESTEP R30
3558 CANCEL 7364
3558 DELIVER 1080 R18 3058
3558 PICK 1181 R26
3559 ASSIGN 1195 R18 18
3560 SIDESTEP R16
3560 SIDESTEP R33
3561 PICK 1082 R11
3561 PICK 1305 R25
3561 SIDESTEP R30
3562 SIDESTEP R8
3563 CANCEL 7546
3563 SIDESTEP R2
3563 SIDESTEP R27
3563 PICK 1060 R28
3564 CANCEL 7660
3565 PICK 1096 R1
3565 PICK 1086 R3
3565 SIDESTEP R33
3565 DELIVER 1175 R35 3022
3566 ASSIGN 1197 R35 22
3566 SIDESTEP R12
3567 SIDESTEP R8
3567 PICK 1168 R14
3568 CANCEL 7440
3568 SIDESTEP R19
3568 SIDESTEP R29
3570 SIDESTEP R33
3571 DELIVER 1089 R17 3068
3571 PICK 1090 R24
3572 ASSIGN 1108 R17 46
3572 SIDESTEP R1
3572 SIDESTEP R8
3573 CANCEL_FAIL 107819
3573 PICK 1083 R2
3573 SIDESTEP R6
3573 SIDESTEP R19
3573 SIDESTEP R29
3573 PICK 1102 R34
3574 CANCEL 7645
3576 DELIVER 1174 R0 3033
3576 PICK 1195 R18
3576 DELIVER 1053 R20 3089
3576 DELIVER 1077 R32 3077
3577 ASSIGN 1109 R20 13
3577 GO_CHARGE R0 6 1
3577 GO_CHARGE R32 33 1
3577 SIDESTEP R8
3577 SIDESTEP R27
3578 CANCEL 7618
3578 DELIVER 1057 R16 3089
3578 SIDESTEP R19
3579 ASSIGN 1110 R16 27
3579 SIDESTEP R6
3581 CHARGE R31
3582 SIDESTEP R27
3583 CANCEL 7666
3583 PICK 1313 R21
3583 DELIVER 1054 R23 3095
3584 GO_CHARGE R23 15 1
3584 DELIVER 1181 R26 3038
3585 ASSIGN 1111 R26 28
3586 CANCEL 7819
3586 CHARGE R0
3587 CANCEL 7621
3587 CHARGE R7
3587 SIDESTEP R27
3587 PICK 1197 R35
3588 SIDESTEP R10
3588 SIDESTEP R14
3589 SIDESTEP R12
3589 PICK 1109 R20
3590 SIDESTEP R25
3590 DELIVER 1163 R30 3052
3591 ASSIGN 1113 R30 61
3591 SIDESTEP R22
3592 CANCEL 7423
3592 SIDESTEP R27
3593 SIDESTEP R10
3593 PICK 1078 R19
3593 SIDESTEP R32
3594 PICK 1099 R8
3594 CHARGE R9
3594 DELIVER 1060 R28 3103
3595 ASSIGN 1114 R28 38
3595 DELIVER 1096 R1 3089
3595 SIDESTEP R15
3596 ASSIGN 1116 R1 36
3596 SIDESTEP R20
3597 SIDESTEP R22
3599 CHARGED R31
3599 ASSIGN 1118 R31 46
3599 REPORT pending=5955 aged=5830 idle=0 to_pickup=12 delivering=16 to_charger=5 charging=3 dead=0 hot=14,24,5
3600 DELIVER 1068 R12 3105
3601 ASSIGN 1120 R12 41
3601 SIDESTEP R20
3602 CHARGED R0
3602 ASSIGN 1122 R0 31
3602 CHARGE R4
3602 DELIVER 1090 R24 3098
3603 ASSIGN 1125 R24 46
3603 PICK 1326 R13
3604 CHARGED R7
3604 ASSIGN 1126 R7 37
3604 DELIVER 1083 R2 3103
3604 DELIVER 1086 R3 3102
3604 DELIVER 1185 R6 3056
3605 ASSIGN 1128 R3 47
3605 ASSIGN 1129 R6 26
3605 ASSIGN 1131 R2 13
3605 SIDESTEP R23
3605 SIDESTEP R25
3605 PICK 1084 R33
3606 CANCEL 7565
3606 SIDESTEP R20
3608 CANCEL 7649
3608 SIDESTEP R19
3609 DELIVER 1195 R18 3057
3610 ASSIGN 1132 R18 31
3610 SIDESTEP R2
3610 SIDESTEP R5
3610 DELIVER 1313 R21 3006
3610 SIDESTEP R23
3610 SIDESTEP R25
3611 CHARGED R9
3611 ASSIGN 1134 R9 8
3611 GO_CHARGE R21 24 1
3611 SIDESTEP R20
3612 PICK 1111 R26
3613 PICK 1110 R16
3615 SIDESTEP R5
3615 SIDESTEP R11
3615 SIDESTEP R25
3616 SIDESTEP R20
3617 CANCEL 7547
3618 CANCEL 7705
3618 CANCEL 7850
3618 CHARGED R4
3618 ASSIGN 1200 R4 76
3618 PICK 1134 R9
3618 PICK 1108 R17
3618 CHARGE R22
3619 CANCEL 7669
3620 CANCEL 7841
3620 SIDESTEP R5
3620 SIDESTEP R11
3620 SIDESTEP R14
3620 SIDESTEP R24
3620 SIDESTEP R25
3621 PICK 1131 R2
3621 CHARGE R15
3621 SIDESTEP R20
3625 SIDESTEP R11
3625 SIDESTEP R25
3626 CANCEL 7637
3626 SIDESTEP R20
3627 PICK 1101 R29
3630 CANCEL 7747
3630 PICK 1129 R6
3630 DELIVER 1099 R8 3122
3630 SIDESTEP R11
3630 SIDESTEP R25
3630 DELIVER 1067 R27 3136
3630 SIDESTEP R32
3631 ASSIGN 1202 R27 30
3631 ASSIGN 1207 R8 29
3631 DELIVER 1168 R14 3091
3632 GO_CHARGE R14 15 1
3632 PICK 1122 R0
3632 PICK 1114 R28
3632 DELIVER 1102 R34 3123
3633 ASSIGN 1208 R34 29
3633 DELIVER 1084 R33 3132
3634 ASSIGN 1211 R33 53
3635 CANCEL 7567
3635 CHARGED R22
3635 ASSIGN 1220 R22 41
3636 DELIVER 1110 R16 3123
3637 CANCEL 7665
3637 ASSIGN 1221 R16 48
3638 CHARGED R15
3638 ASSIGN 1223 R15 42
3638 SIDESTEP R25
3638 SIDESTEP R32
3639 PICK 1323 R10
3640 CANCEL 7611
3640 PICK 1126 R7
3640 PICK 1132 R18
3641 CANCEL 7861
3641 CANCEL 7947
3643 DELIVER 1082 R11 3143
3643 CHARGE R23
3643 SIDESTEP R25
3643 SIDESTEP R32
3644 ASSIGN 1224 R11 41
3645 CANCEL 7969
3646 PICK 1106 R5
3648 PICK 1116 R1
3649 CANCEL 7623
3649 REJECT 7981
3649 PICK 1120 R12
3649 PICK 1118 R31
3649 REPORT pending=6028 aged=5903 idle=0 to_pickup=12 delivering=20 to_charger=3 charging=1 dead=0 hot=33,24,4
3650 SIDESTEP R32
3650 SIDESTEP R33
3651 PICK 1128 R3
3651 DELIVER 1197 R35 3098
3652 ASSIGN 1136 R35 30
3653 CANCEL 7930
3654 DELIVER 1326 R13 3044
3655 ASSIGN 1138 R13 41
3656 PICK 1125 R24
3657 REJECT 7997
3657 SIDESTEP R0
3657 SIDESTEP R2
3657 DELIVER 1129 R6 3135
3657 DELIVER 1111 R26 3143
3658 CANCEL 7702
3658 CHARGED R23
3658 ASSIGN 1139 R23 49
3658 ASSIGN 1140 R6 49
3658 GO_CHARGE R26 42 1
3658 PICK 1113 R30
3659 PICK 1207 R8
3660 DELIVER 1109 R20 3147
3660 PICK 1202 R27
3661 CANCEL 7599
3661 ASSIGN 1141 R20 32
3661 DELIVER 1114 R28 3146
3662 ASSIGN 1142 R28 30
3662 SIDESTEP R2
3663 REJECT 8009
3664 SIDESTEP R29
3666 DELIVER 1078 R19 3167
3667 CANCEL 7977
3667 ASSIGN 1146 R19 12
3667 SIDESTEP R2
3667 DELIVER 1101 R29 3158
3668 ASSIGN 1147 R29 41
3669 DELIVER 1134 R9 3145
3670 ASSIGN 1148 R9 49
3670 CHARGE R21
3671 CANCEL 7756
3671 SIDESTEP R3
3672 SIDESTEP R2
3672 SIDESTEP R26
3673 CANCEL 7908
3674 CANCEL 7996
3676 SIDESTEP R1
3676 SIDESTEP R3
3677 SIDESTEP R2
3677 PICK 1220 R22
3677 SIDESTEP R26
3677 DELIVER 1118 R31 3160
3678 ASSIGN 1330 R31 41
3678 PICK 1146 R19
3680 DELIVER 1126 R7 3159
3680 PICK 1223 R15
3681 ASSIGN 1343 R7 34
3681 SIDESTEP R3
3681 DELIVER 1108 R17 3169
3681 DELIVER 1146 R19 3151
3681 PICK 1136 R35
3682 ASSIGN 1347 R17 17
3682 ASSIGN 1348 R19 20
3682 SIDESTEP R2
3682 SIDESTEP R26
3683 REJECT 8053
3683 DELIVER 1116 R1 3167
3684 ASSIGN 1149 R1 60
3684 DELIVER 1106 R5 3173
3684 DELIVER 1207 R8 3126
3684 PICK 1224 R11
3685 CANCEL 7771
3685 CANCEL 7789
3685 ASSIGN 1359 R5 48
3685 ASSIGN 1151 R8 49
3685 PICK 1221 R16
3686 CHARGED R21
3686 ASSIGN 1227 R21 59
3686 CHARGE R32
3687 CANCEL 7932
3687 SIDESTEP R2
3687 SIDESTEP R26
3687 SIDESTEP R27
3690 CHARGE R14
3690 PICK 1208 R34
3691 SIDESTEP R22
3692 CANCEL 7730
3692 SIDESTEP R26
3692 SIDESTEP R31
3693 PICK 1141 R20
3693 PICK 1211 R33
3694 CANCEL 7896
3695 DELIVER 1122 R0 3176
3695 PICK 1138 R13
3695 DELIVER 1305 R25 3095
3695 PICK 1142 R28
3696 CANCEL 7657
3696 ASSIGN 1228 R25 24
3696 ASSIGN 1229 R0 55
3697 SIDESTEP R31
3698 PICK 1347 R17
3699 DELIVER 1323 R10 3090
3699 REPORT pending=6100 aged=5979 idle=1 to_pickup=14 delivering=18 to_charger=1 charging=2 dead=0 hot=45,32,4
3700 REJECT 8089
3700 ASSIGN 1235 R10 17
3700 DELIVER 1125 R24 3180
3701 CANCEL 7984
3701 CHARGED R32
3701 ASSIGN 1240 R32 13
3701 ASSIGN 1244 R24 30
3701 DELIVER 1132 R18 3178
3701 PICK 1348 R19
3702 ASSIGN 1254 R18 58
3702 SIDESTEP R31
3703 CANCEL 7846
3704 DELIVER 1120 R12 3186
3704 SIDESTEP R15
3705 CHARGED R14
3705 ASSIGN 1257 R14 42
3705 ASSIGN 1261 R12 61
3705 PICK 1200 R4
3706 CANCEL 8091
3706 PICK 1139 R23
3706 SIDESTEP R26
3707 DELIVER 1128 R3 3185
3708 GO_CHARGE R3 6 1
3709 SIDESTEP R15
3709 PICK 1147 R29
3709 DELIVER 1113 R30 3194
3710 CANCEL 7685
3710 ASSIGN 1262 R30 83
3710 PICK 1140 R6
3711 DELIVER 1131 R2 3188
3711 SIDESTEP R16
3711 SIDESTEP R26
3712 ASSIGN 1152 R2 47
3713 PICK 1240 R32
3714 SIDESTEP R9
3714 SIDESTEP R15
3716 PICK 1235 R10
3716 DELIVER 1221 R16 3152
3716 SIDESTEP R25
3716 DELIVER 1202 R27 3160
3717 CANCEL 7774
3717 ASSIGN 1155 R27 49
3717 GO_CHARGE R16 33 1
3717 DELIVER 1224 R11 3152
3718 GO_CHARGE R11 15 1
3719 CANCEL 7942
3719 SIDESTEP R15
3720 CANCEL 7784
3720 SIDESTEP R21
3721 CANCEL 8004
3721 CANCEL 8013
3723 SIDESTEP R1
3723 SIDESTEP R9
3724 CANCEL 7759
3724 CANCEL 7957
3724 SIDESTEP R15
3725 DELIVER 1142 R28 3197
3726 ASSIGN 1160 R28 28
3727 DELIVER 1141 R20 3200
3727 SIDESTEP R23
3728 CANCEL 7900
3728 ASSIGN 1162 R20 28
3728 SIDESTEP R1
3729 CANCEL 8066
3729 SIDESTEP R15
3729 SIDESTEP R16
3730 PICK 1244 R24
3731 SIDESTEP R13
3732 CHARGE R3
3732 SIDESTEP R23
3732 SIDESTEP R29
3733 SIDESTEP R5
3733 SIDESTEP R19
3734 DELIVER 1200 R4 3179
3734 SIDESTEP R15
3734 SIDESTEP R16
3734 PICK 1228 R25
3734 SIDESTEP R28
3735 CANCEL 7975
3735 ASSIGN 1164 R4 35
3735 PICK 1151 R8
3735 SIDESTEP R14
3736 REJECT 8168
3736 PICK 1330 R31
3737 SIDESTEP R10
3737 SIDESTEP R11
3737 SIDESTEP R13
3737 SIDESTEP R29
3737 DELIVER 1208 R34 3179
3738 CANCEL 8007
3738 ASSIGN 1166 R34 9
3739 SIDESTEP R16
3739 SIDESTEP R35
3741 SIDESTEP R4
3742 SIDESTEP R10
3743 SIDESTEP R11
3743 SIDESTEP R13
3744 SIDESTEP R35
3745 DELIVER 1347 R17 3126
3746 ASSIGN 1360 R17 52
3746 PICK 1148 R9
3747 SIDESTEP R4
3747 SIDESTEP R10
3747 DELIVER 1223 R15 3182
3748 ASSIGN 1167 R15 32
3748 PICK 1359 R5
3748 PICK 1227 R21
3749 SIDESTEP R11
3749 SIDESTEP R13
3749 SIDESTEP R35
3749 REPORT pending=6177 aged=6050 idle=0 to_pickup=15 delivering=17 to_charger=3 charging=1 dead=0 hot=5,14,4
3750 CHARGED R3
3750 ASSIGN 1369 R3 23
3751 SIDESTEP R19
3751 SIDESTEP R34
3752 SIDESTEP R20
3753 SIDESTEP R2
3753 SIDESTEP R4
3753 PICK 1257 R14
3753 DELIVER 1211 R33 3193
3754 ASSIGN 1500 R33 21
3754 PICK 1229 R0
3754 SIDESTEP R35
3755 SIDESTEP R13
3756 DELIVER 1148 R9 3226
3756 SIDESTEP R19
3756 SIDESTEP R34
3757 ASSIGN 1508 R9 40
3757 SIDESTEP R21
3758 DELIVER 1235 R10 3188
3759 ASSIGN 1516 R10 46
3759 SIDESTEP R4
3759 PICK 1254 R18
3759 CHARGE R26
3759 SIDESTEP R35
3760 CHARGE R11
3761 SIDESTEP R13
3761 SIDESTEP R19
3761 SIDESTEP R31
3761 SIDESTEP R34
3762 PICK 1162 R20
3762 SIDESTEP R21
3764 SIDESTEP R35
3765 PICK 1152 R2
3765 SIDESTEP R4
3765 PICK 1261 R12
3766 SIDESTEP R13
3766 SIDESTEP R19
3766 DELIVER 1220 R22 3203
3766 SIDESTEP R24
3766 SIDESTEP R31
3767 ASSIGN 1265 R22 52
3767 DELIVER 1140 R6 3240
3767 SIDESTEP R21
3768 CANCEL 7854
3768 ASSIGN 1266 R6 54
3768 DELIVER 1240 R32 3196
3769 ASSIGN 1271 R32 55
3769 PICK 1166 R34
3769 SIDESTEP R35
3771 CANCEL 8105
3771 SIDESTEP R4
3771 SIDESTEP R19
3771 SIDESTEP R31
3772 PICK 1369 R3
3772 SIDESTEP R13
3772 SIDESTEP R16
3772 SIDESTEP R21
3772 SIDESTEP R24
3774 PICK 1500 R33
3774 SIDESTEP R35
3776 CHARGED R11
3776 CHARGED R26
3776 ASSIGN 1274 R11 11
3776 ASSIGN 1277 R26 17
3776 SIDESTEP R19
3776 SIDESTEP R31
3777 SIDESTEP R21
3777 SIDESTEP R24
3777 DELIVER 1228 R25 3210
3778 ASSIGN 1278 R25 39
3779 SIDESTEP R4
3779 SIDESTEP R9
3779 PICK 1167 R15
3779 DELIVER 1139 R23 3253
3779 SIDESTEP R35
3780 ASSIGN 1291 R23 47
3781 DELIVER 1151 R8 3249
3781 SIDESTEP R19
3781 SIDESTEP R31
3782 ASSIGN 1170 R8 7
3782 SIDESTEP R2
3782 SIDESTEP R21
3783 PICK 1149 R1
3784 SIDESTEP R4
3784 DELIVER 1257 R14 3205
3785 ASSIGN 1171 R14 47
3785 SIDESTEP R28
3786 CANCEL 8192
3786 CANCEL 8250
3786 SIDESTEP R10
3786 PICK 1274 R11
3786 SIDESTEP R19
3787 SIDESTEP R2
3787 DELIVER 1138 R13 3261
3788 ASSIGN 1172 R13 41
3789 SIDESTEP R4
3789 DELIVER 1147 R29 3259
3790 GO_CHARGE R29 6 1
3790 SIDESTEP R20
3790 SIDESTEP R25
3790 DELIVER 1166 R34 3251
3791 ASSIGN 1173 R34 46
3792 SIDESTEP R2
3792 PICK 1170 R8
3792 PICK 1277 R26
3793 SIDESTEP R9
3793 PICK 1262 R30
3794 SIDESTEP R4
3794 DELIVER 1136 R35 3269
3795 ASSIGN 1179 R35 61
3795 DELIVER 1229 R0 3228
3796 ASSIGN 1182 R0 51
3796 DELIVER 1149 R1 3265
3796 SIDESTEP R23
3797 ASSIGN 1183 R1 47
3797 SIDESTEP R2
3797 SIDESTEP R8
3797 PICK 1155 R27
3798 DELIVER 1359 R5 3173
3798 SIDESTEP R9
3799 GO_CHARGE R5 15 1
3799 SIDESTEP R4
3799 PICK 1360 R17
3799 REPORT pending=6263 aged=6135 idle=0 to_pickup=16 delivering=17 to_charger=3 charging=0 dead=0 hot=5,10,3
3800 PICK 1343 R7
3800 DELIVER 1254 R18 3222
3801 GO_CHARGE R18 42 1
3801 DELIVER 1162 R20 3264
3802 CANCEL 8285
3802 ASSIGN 1186 R20 9
3802 SIDESTEP R2
3802 DELIVER 1369 R3 3172
3802 PICK 1160 R28
3802 DELIVER 1500 R33 3113
3803 CANCEL 8125
3803 ASSIGN 1187 R33 27
3803 ASSIGN 1188 R3 15
3804 SIDESTEP R4
3804 SIDESTEP R12
3805 CANCEL 8095
3806 CANCEL 8005
3807 SIDESTEP R2
3807 SIDESTEP R16
3809 SIDESTEP R4
3809 SIDESTEP R12
3810 PICK 1186 R20
3810 SIDESTEP R23
3811 CANCEL 8111
3811 SIDESTEP R15
3811 SIDESTEP R26
3813 PICK 1516 R10
3813 SIDESTEP R11
3814 SIDESTEP R4
3814 SIDESTEP R12
3815 DELIVER 1348 R19 3195
3815 SIDESTEP R23
3816 ASSIGN 1189 R19 39
3816 DELIVER 1244 R24 3243
3816 SIDESTEP R26
3817 REJECT 8345
3817 ASSIGN 1192 R24 54
3817 SIDESTEP R9
3817 SIDESTEP R27
3818 PICK 1188 R3
3818 DELIVER 1170 R8 3277
3818 SIDESTEP R11
3819 ASSIGN 1194 R8 55
3819 SIDESTEP R12
3819 SIDESTEP R31
3820 SIDESTEP R6
3820 SIDESTEP R23
3821 SIDESTEP R26
3822 SIDESTEP R30
3822 SIDESTEP R34
3823 CHARGE R5
3823 SIDESTEP R9
3823 SIDESTEP R11
3823 DELIVER 1330 R31 3211
3824 ASSIGN 1402 R31 11
3824 SIDESTEP R7
3825 CANCEL 8288
3825 SIDESTEP R3
3825 SIDESTEP R14
3825 CHARGE R16
3825 PICK 1271 R32
3826 PICK 1278 R25
3826 SIDESTEP R26
3826 SIDESTEP R33
3827 SIDESTEP R30
3828 CANCEL 8229
3828 CANCEL 8261
3828 SIDESTEP R2
3828 SIDESTEP R9
3828 SIDESTEP R34
3829 SIDESTEP R7
3829 SIDESTEP R11
3830 SIDESTEP R3
3830 SIDESTEP R14
3831 CANCEL 8291
3831 SIDESTEP R28
3831 CHARGE R29
3832 CANCEL 7950
3833 SIDESTEP R2
3833 SIDESTEP R35
3834 SIDESTEP R11
3834 SIDESTEP R15
3834 PICK 1265 R22
3834 PICK 1402 R31
3835 SIDESTEP R1
3835 SIDESTEP R3
3835 SIDESTEP R7
3835 SIDESTEP R14
3837 PICK 1187 R33
3838 SIDESTEP R2
3838 SIDESTEP R35
3839 CHARGED R5
3839 ASSIGN 1297 R5 19
3839 SIDESTEP R15
3839 DELIVER 1186 R20 3291
3839 SIDESTEP R30
3840 CANCEL 8339
3840 REJECT 8397
3840 ASSIGN 1298 R20 32
3840 PICK 1508 R9
3840 PICK 1172 R13
3841 CHARGED R16
3841 ASSIGN 1302 R16 32
3841 SIDESTEP R19
3842 SIDESTEP R17
3843 SIDESTEP R6
3843 DELIVER 1160 R28 3307
3843 SIDESTEP R35
3844 GO_CHARGE R28 15 1
3844 SIDESTEP R15
3844 SIDESTEP R30
3848 SIDESTEP R6
3848 SIDESTEP R19
3848 SIDESTEP R24
3848 DELIVER 1155 R27 3314
3848 SIDESTEP R35
3849 CHARGED R29
3849 ASSIGN 1303 R29 12
3849 GO_CHARGE R27 33 1
3849 SIDESTEP R4
3849 SIDESTEP R15
3849 SIDESTEP R30
3849 REPORT pending=6352 aged=6224 idle=0 to_pickup=15 delivering=18 to_charger=3 charging=0 dead=0 hot=35,11,5
3850 PICK 1183 R1
3850 DELIVER 1343 R7 3232
3850 DELIVER 1402 R31 3206
3851 ASSIGN 1307 R7 29
3851 ASSIGN 1311 R31 42
3851 DELIVER 1172 R13 3309
3852 ASSIGN 1312 R13 25
3852 SIDESTEP R11
3852 CHARGE R18
3853 DELIVER 1261 R12 3272
3853 SIDESTEP R19
3853 SIDESTEP R35
3854 GO_CHARGE R12 6 1
3854 SIDESTEP R4
3854 SIDESTEP R14
3854 SIDESTEP R15
3856 PICK 1291 R23
3857 PICK 1297 R5
3857 SIDESTEP R11
3857 SIDESTEP R31
3858 CANCEL 8226
3858 PICK 1171 R14
3859 CANCEL 8148
3859 SIDESTEP R4
3859 SIDESTEP R15
3860 CANCEL 8335
3860 SIDESTEP R0
3860 DELIVER 1227 R21 3294
3860 PICK 1303 R29
3861 CANCEL 8373
3861 ASSIGN 1198 R21 34
3861 PICK 1266 R6
3862 SIDESTEP R11
3863 CANCEL 8144
3864 SIDESTEP R4
3864 SIDESTEP R15
3865 SIDESTEP R0
3866 DELIVER 1277 R26 3278
3867 CANCEL 8411
3867 CHARGED R18
3867 ASSIGN 1199 R18 33
3867 ASSIGN 1201 R26 52
3867 SIDESTEP R11
3868 CHARGE R12
3868 SIDESTEP R23
3869 SIDESTEP R4
3869 SIDESTEP R15
3870 CANCEL 8314
3870 DELIVER 1278 R25 3282
3871 ASSIGN 1205 R25 57
3871 PICK 1298 R20
3872 SIDESTEP R11
3872 PICK 1302 R16
3873 PICK 1182 R0
3873 PICK 1194 R8
3873 SIDESTEP R23
3874 SIDESTEP R4
3874 SIDESTEP R28
3875 REJECT 8470
3875 DELIVER 1183 R1 3328
3876 CANCEL 8088
3876 GO_CHARGE R1 24 1
3876 DELIVER 1516 R10 3179
3876 PICK 1312 R13
3877 GO_CHARGE R10 42 1
3877 SIDESTEP R11
3879 CANCEL 8268
3879 SIDESTEP R4
3879 PICK 1307 R7
3879 DELIVER 1271 R32 3294
3880 CANCEL 8237
3880 CANCEL_FAIL 108483
3880 ASSIGN 1206 R32 54
3880 DELIVER 1360 R17 3254
3880 SIDESTEP R28
3880 PICK 1173 R34
3881 ASSIGN 1209 R17 14
3881 PICK 1192 R24
3882 SIDESTEP R11
3884 CHARGED R12
3884 ASSIGN 1210 R12 76
3884 DELIVER 1508 R9 3191
3884 DELIVER 1265 R22 3302
3885 ASSIGN 1212 R22 46
3885 ASSIGN 1213 R9 34
3885 PICK 1179 R35
3886 CANCEL 8248
3886 DELIVER 1297 R5 3289
3886 SIDESTEP R26
3887 ASSIGN 1409 R5 31
3887 SIDESTEP R11
3888 SIDESTEP R23
3889 CANCEL 8362
3889 PICK 1189 R19
3890 CANCEL 8489
3891 CANCEL 8448
3892 SIDESTEP R11
3893 CHARGE R28
3894 PICK 1209 R17
3895 PICK 1198 R21
3896 SIDESTEP R2
3896 SIDESTEP R26
3897 SIDESTEP R11
3897 DELIVER 1167 R15 3358
3897 DELIVER 1303 R29 3298
3898 ASSIGN 1417 R29 9
3898 ASSIGN 1418 R15 15
3898 DELIVER 1171 R14 3357
3899 CANCEL 8459
3899 ASSIGN 1436 R14 33
3899 SIDESTEP R13
3899 PICK 1199 R18
3899 REPORT pending=6427 aged=6303 idle=0 to_pickup=12 delivering=20 to_charger=3 charging=1 dead=0 hot=15,17,5
3900 DELIVER 1298 R20 3303
3901 GO_CHARGE R20 6 1
3901 DELIVER 1152 R2 3369
3902 ASSIGN 1441 R2 48
3902 SIDESTEP R8
3902 SIDESTEP R11
3902 SIDESTEP R33
3903 SIDESTEP R5
3903 PICK 1311 R31
3905 DELIVER 1262 R30 3324
3906 ASSIGN 1317 R30 19
3906 SIDESTEP R1
3906 DELIVER 1302 R16 3307
3906 PICK 1417 R29
3907 ASSIGN 1315 R16 37
3907 SIDESTEP R11
3907 SIDESTEP R13
3907 SIDESTEP R33
3907 DELIVER 1173 R34 3365
3908 ASSIGN 1318 R34 25
3908 PICK 1164 R4
3909 CANCEL 8446
3909 CHARGED R28
3909 ASSIGN 1320 R28 46
3909 CHARGE R27
3910 CANCEL 8284
3912 SIDESTEP R11
3912 PICK 1418 R15
3913 CANCEL 8548
3914 DELIVER 1266 R6 3331
3915 GO_CHARGE R6 15 1
3915 DELIVER 1307 R7 3314
3915 SIDESTEP R30
3916 CANCEL 8177
3916 ASSIGN 1321 R7 46
3917 SIDESTEP R3
3918 PICK 1213 R9
3918 SIDESTEP R21
3919 CHARGE R1
3921 DELIVER 1164 R4 3383
3921 SIDESTEP R20
3922 ASSIGN 1214 R4 49
3922 SIDESTEP R3
3922 DELIVER 1291 R23 3328
3923 CANCEL 8295
3923 ASSIGN 1217 R23 50
3924 CHARGED R27
3924 ASSIGN 1218 R27 60
3924 PICK 1409 R5
3926 DELIVER 1182 R0 3379
3926 DELIVER 1189 R19 3376
3927 CANCEL 8413
3927 CANCEL 8564
3927 ASSIGN 1219 R19 11
3927 ASSIGN 1225 R0 56
3927 SIDESTEP R3
3927 SIDESTEP R10
3927 PICK 1205 R25
3928 SIDESTEP R21
3928 PICK 1201 R26
3929 SIDESTEP R15
3929 SIDESTEP R18
3929 DELIVER 1179 R35 3384
3930 GO_CHARGE R35 33 1
3931 PICK 1436 R14
3931 PICK 1317 R30
3932 PICK 1318 R34
3933 CANCEL 8167
3933 DELIVER 1209 R17 3374
3933 DELIVER 1192 R24 3382
3933 PICK 1206 R32
3934 CHARGED R1
3934 ASSIGN 1231 R24 26
3934 ASSIGN 1232 R1 49
3934 GO_CHARGE R17 24 1
3934 DELIVER 1194 R8 3382
3934 SIDESTEP R15
3934 SIDESTEP R18
3935 ASSIGN 1234 R8 29
3935 PICK 1212 R22
3937 PICK 1219 R19
3938 SIDESTEP R4
3939 SIDESTEP R15
3939 SIDESTEP R18
3940 DELIVER 1188 R3 3391
3941 ASSIGN 1233 R3 45
3941 DELIVER 1312 R13 3338
3942 GO_CHARGE R13 15 1
3942 DELIVER 1311 R31 3339
3943 ASSIGN 1236 R31 58
3943 SIDESTEP R4
3944 SIDESTEP R15
3944 SIDESTEP R18
3944 SIDESTEP R34
3945 DELIVER 1274 R11 3358
3945 SIDESTEP R26
3946 ASSIGN 1237 R11 42
3948 SIDESTEP R4
3948 CHARGE R10
3949 PICK 1441 R2
3949 SIDESTEP R15
3949 SIDESTEP R18
3949 REPORT pending=6510 aged=6383 idle=0 to_pickup=14 delivering=16 to_charger=5 charging=1 dead=0 hot=24,27,6
3952 SIDESTEP R26
3954 DELIVER 1213 R9 3393
3954 SIDESTEP R15
3954 SIDESTEP R18
3954 PICK 1320 R28
3955 ASSIGN 1540 R9 36
3955 PICK 1315 R16
3957 CANCEL 8258
3957 SIDESTEP R26
3958 DELIVER 1417 R29 3307
3959 ASSIGN 1239 R29 66
3959 SIDESTEP R15
3960 PICK 1231 R24
3962 DELIVER 1187 R33 3413
3963 ASSIGN 1241 R33 30
3963 PICK 1234 R8
3963 PICK 1210 R12
3964 CHARGE R6
3964 SIDESTEP R11
3965 SIDESTEP R21
3965 SIDESTEP R22
3965 DELIVER 1317 R30 3359
3966 CHARGED R10
3966 ASSIGN 1243 R10 51
3966 GO_CHARGE R30 42 1
3966 SIDESTEP R3
3966 SIDESTEP R20
3968 SIDESTEP R17
3968 DELIVER 1318 R34 3362
3969 ASSIGN 1324 R34 32
3969 SIDESTEP R4
3969 SIDESTEP R11
3969 SIDESTEP R35
3970 SIDESTEP R22
3972 DELIVER 1219 R19 3409
3973 GO_CHARGE R19 15 1
3973 SIDESTEP R17
3973 DELIVER 1198 R21 3419
3973 SIDESTEP R25
3974 ASSIGN 1322 R21 29
3974 SIDESTEP R4
3974 SIDESTEP R12
3974 SIDESTEP R35
3975 CANCEL 8279
3975 SIDESTEP R18
3975 SIDESTEP R22
3976 CANCEL 8642
3977 CHARGE R20
3978 DELIVER 1205 R25 3421
3979 CHARGED R6
3979 ASSIGN 1332 R6 71
3979 GO_CHARGE R25 33 1
3979 SIDESTEP R4
3979 SIDESTEP R12
3979 SIDESTEP R35
3980 SIDESTEP R18
3980 SIDESTEP R22
3980 PICK 1217 R23
3981 CANCEL 8392
3981 DELIVER 1436 R14 3322
3981 SIDESTEP R30
3982 ASSIGN 1334 R14 65
3982 PICK 1225 R0
3982 PICK 1232 R1
3984 SIDESTEP R4
3984 DELIVER 1409 R5 3337
3984 SIDESTEP R12
3984 SIDESTEP R35
3985 ASSIGN 1336 R5 46
3985 SIDESTEP R2
3985 PICK 1321 R7
3985 SIDESTEP R18
3985 SIDESTEP R22
3986 CANCEL 8494
3987 CANCEL 8477
3988 CANCEL 8401
3988 CANCEL 8614
3989 CANCEL 8675
3989 DELIVER 1441 R2 3327
3989 SIDESTEP R4
3989 SIDESTEP R35
3990 REJECT 8724
3990 GO_CHARGE R2 33 1
3990 PICK 1540 R9
3990 SIDESTEP R18
3990 SIDESTEP R22
3990 PICK 1218 R27
3991 SIDESTEP R1
3991 CHARGE R13
3992 CANCEL 8545
3992 PICK 1241 R33
3993 SIDESTEP R8
3994 CHARGED R20
3994 ASSIGN 1245 R20 56
3994 DELIVER 1218 R27 3431
3994 DELIVER 1206 R32 3436
3995 ASSIGN 1246 R27 37
3995 ASSIGN 1247 R32 24
3995 SIDESTEP R18
3995 SIDESTEP R22
3996 CANCEL 8693
3996 SIDESTEP R1
3996 SIDESTEP R17
3997 CANCEL 8593
3998 SIDESTEP R8
3998 DELIVER 1201 R26 3443
3999 ASSIGN 1249 R26 13
3999 SIDESTEP R16
3999 REPORT pending=6595 aged=6468 idle=0 to_pickup=15 delivering=14 to_charger=6 charging=1 dead=0 hot=53,14,4
SUMMARY delivered=1148 lost=1 rejected=105 cancelled=875 open=6624
LATENCY sum=1966773 max=3443 avg=1713
ROBOT R0 45 25 205 DELIVERING 2915 996
ROBOT R1 36 36 683 DELIVERING 3057 835
ROBOT R2 37 38 173 TO_CHARGER 2757 1155
ROBOT R3 53 16 479 TO_PICKUP 2988 906
ROBOT R4 34 25 469 TO_PICKUP 2857 1042
ROBOT R5 24 35 521 TO_PICKUP 2767 1054
ROBOT R6 29 8 708 TO_PICKUP 2986 902
ROBOT R7 53 11 359 DELIVERING 2968 930
ROBOT R8 45 32 124 DELIVERING 3050 847
ROBOT R9 30 24 258 DELIVERING 2933 964
ROBOT R10 33 23 717 TO_PICKUP 3018 786
ROBOT R11 24 27 540 TO_PICKUP 2837 1065
ROBOT R12 36 38 614 DELIVERING 3159 727
ROBOT R13 15 1 403 CHARGING 3125 769
ROBOT R14 45 33 343 TO_PICKUP 2919 978
ROBOT R15 5 36 337 DELIVERING 2935 957
ROBOT R16 24 33 511 DELIVERING 2855 1034
ROBOT R17 14 1 77 TO_CHARGER 3144 751
ROBOT R18 24 26 601 DELIVERING 2777 1115
ROBOT R19 13 17 154 TO_CHARGER 2955 939
ROBOT R20 5 6 740 TO_PICKUP 2831 1054
ROBOT R21 26 6 348 TO_PICKUP 2940 967
ROBOT R22 53 15 366 DELIVERING 2671 1227
ROBOT R23 23 22 296 DELIVERING 2876 1030
ROBOT R24 34 24 186 DELIVERING 2698 1216
ROBOT R25 36 37 171 TO_CHARGER 3011 883
ROBOT R26 2 19 466 TO_PICKUP 2856 1038
ROBOT R27 47 38 648 TO_PICKUP 3176 707
ROBOT R28 42 40 625 DELIVERING 2571 1328
ROBOT R29 53 17 521 TO_PICKUP 3105 780
ROBOT R30 53 18 98 TO_CHARGER 3109 694
ROBOT R31 45 24 260 TO_PICKUP 3042 851
ROBOT R32 3 32 270 TO_PICKUP 2800 1022
ROBOT R33 38 6 198 DELIVERING 2737 1180
ROBOT R34 17 8 181 TO_PICKUP 3022 884
ROBOT R35 33 16 117 TO_CHARGER 2977 935
