0 ASSIGN 1 R27 8
1 ASSIGN 2 R38 13
2 ASSIGN 3 R72 6
3 ASSIGN 4 R52 12
5 ASSIGN 5 R40 6
7 ASSIGN 6 R73 7
7 PICK 1 R27
7 PICK 3 R72
8 ASSIGN 7 R43 4
9 ASSIGN 8 R22 6
10 ASSIGN 9 R2 6
10 PICK 5 R40
11 ASSIGN 10 R58 5
11 PICK 7 R43
12 ASSIGN 11 R34 12
13 PICK 2 R38
13 PICK 6 R73
14 ASSIGN 12 R7 4
14 PICK 8 R22
14 PICK 4 R52
15 PICK 9 R2
15 PICK 10 R58
16 ASSIGN 13 R49 11
17 ASSIGN 14 R15 9
17 PICK 12 R7
18 ASSIGN 15 R53 5
19 ASSIGN 16 R63 12
20 ASSIGN 17 R45 6
21 ASSIGN 18 R29 3
22 PICK 15 R53
23 ASSIGN 19 R41 8
23 PICK 18 R29
23 PICK 11 R34
24 ASSIGN 20 R36 6
25 ASSIGN 21 R50 9
25 PICK 14 R15
25 PICK 17 R45
26 ASSIGN 22 R51 10
26 PICK 13 R49
27 ASSIGN 23 R12 5
28 ASSIGN 24 R32 9
29 ASSIGN 25 R3 13
29 PICK 20 R36
30 SIDESTEP R22
30 PICK 19 R41
30 PICK 16 R63
31 CANCEL_FAIL 13
31 ASSIGN 26 R0 9
31 PICK 23 R12
32 ASSIGN 27 R28 7
33 ASSIGN 28 R13 11
33 PICK 21 R50
34 ASSIGN 29 R14 8
35 ASSIGN 30 R23 4
35 PICK 22 R51
36 ASSIGN 31 R54 6
36 PICK 24 R32
37 ASSIGN 32 R60 14
38 ASSIGN 33 R18 13
38 PICK 30 R23
38 PICK 27 R28
39 ASSIGN 34 R74 7
39 PICK 26 R0
41 PICK 25 R3
41 PICK 29 R14
41 PICK 31 R54
42 ASSIGN 36 R47 14
42 SIDESTEP R2
43 ASSIGN 37 R56 6
43 PICK 28 R13
44 SIDESTEP R50
45 REJECT 38
45 PICK 34 R74
46 ASSIGN 39 R65 12
46 SIDESTEP R27
47 ASSIGN 40 R9 6
47 SIDESTEP R2
47 DELIVER 12 R7 33
47 SIDESTEP R40
48 ASSIGN 41 R33 3
48 PICK 37 R56
49 ASSIGN 42 R55 23
49 SIDESTEP R50
49 REPORT pending=1 aged=0 idle=41 to_pickup=7 delivering=32 to_charger=0 charging=0 dead=0 hot=90,38,3
50 ASSIGN 43 R21 13
50 PICK 33 R18
50 PICK 41 R33
50 PICK 32 R60
51 ASSIGN 44 R66 4
52 ASSIGN 45 R19 10
52 SIDESTEP R2
52 PICK 40 R9
52 SIDESTEP R27
53 ASSIGN 46 R25 14
53 SIDESTEP R28
53 SIDESTEP R40
54 ASSIGN 47 R31 4
54 SIDESTEP R50
54 PICK 44 R66
54 DELIVER 3 R72 52
55 ASSIGN 48 R67 23
56 ASSIGN 49 R77 10
56 SIDESTEP R32
57 ASSIGN 50 R8 8
57 SIDESTEP R2
57 PICK 47 R31
57 PICK 39 R65
59 ASSIGN 51 R57 5
59 SIDESTEP R40
59 PICK 36 R47
59 SIDESTEP R50
59 DELIVER 10 R58 48
61 SIDESTEP R32
61 DELIVER 15 R53 43
62 ASSIGN 52 R37 10
62 PICK 43 R21
63 ASSIGN 53 R16 9
63 PICK 51 R57
63 SIDESTEP R74
64 ASSIGN 54 R79 8
64 SIDESTEP R49
65 ASSIGN 55 R24 7
65 SIDESTEP R40
65 PICK 49 R77
66 SIDESTEP R8
66 PICK 46 R25
66 SIDESTEP R32
67 ASSIGN 56 R7 16
67 DELIVER 18 R29 46
67 SIDESTEP R33
67 DELIVER 19 R41 44
68 ASSIGN 35 R10 8
68 ASSIGN 57 R5 8
68 SIDESTEP R74
69 ASSIGN 58 R17 11
69 PICK 42 R55
70 ASSIGN 59 R48 23
70 SIDESTEP R49
71 ASSIGN 60 R69 15
71 SIDESTEP R8
71 PICK 53 R16
71 PICK 55 R24
71 PICK 52 R37
71 SIDESTEP R40
71 PICK 54 R79
72 DELIVER 40 R9 25
72 SIDESTEP R33
73 ASSIGN 61 R78 20
73 PICK 45 R19
73 SIDESTEP R74
74 ASSIGN 62 R41 10
75 PICK 57 R5
75 PICK 35 R10
76 ASSIGN 63 R76 11
76 SIDESTEP R49
77 ASSIGN 64 R30 23
77 PICK 50 R8
77 SIDESTEP R33
77 SIDESTEP R40
77 SIDESTEP R57
77 PICK 48 R67
78 ASSIGN 65 R53 19
78 SIDESTEP R56
78 SIDESTEP R60
78 SIDESTEP R74
79 ASSIGN 66 R6 26
79 PICK 58 R17
80 ASSIGN 67 R42 13
81 DELIVER 23 R12 54
82 ASSIGN 68 R44 9
82 DELIVER 9 R2 72
82 PICK 56 R7
82 SIDESTEP R33
82 SIDESTEP R49
82 SIDESTEP R57
83 ASSIGN 69 R11 19
83 PICK 62 R41
83 SIDESTEP R56
84 ASSIGN 70 R62 25
85 ASSIGN 71 R72 12
85 SIDESTEP R47
85 SIDESTEP R54
85 SIDESTEP R69
86 ASSIGN 72 R61 23
87 ASSIGN 73 R20 19
87 SIDESTEP R33
87 PICK 63 R76
88 ASSIGN 74 R46 24
89 ASSIGN 75 R68 44
89 DELIVER 52 R37 27
90 ASSIGN 76 R4 32
90 PICK 68 R44
90 SIDESTEP R47
90 SIDESTEP R69
91 ASSIGN 77 R37 18
91 SIDESTEP R52
92 ASSIGN 78 R1 25
92 SIDESTEP R11
92 SIDESTEP R33
92 PICK 67 R42
92 PICK 59 R48
92 PICK 61 R78
93 ASSIGN 79 R12 48
93 SIDESTEP R18
93 DELIVER 51 R57 34
94 ASSIGN 80 R58 20
95 SIDESTEP R47
95 DELIVER 34 R74 56
96 PICK 65 R53
96 SIDESTEP R72
97 ASSIGN 81 R39 11
97 SIDESTEP R17
97 SIDESTEP R33
98 SIDESTEP R18
98 PICK 60 R69
99 DELIVER 39 R65 53
99 REPORT pending=0 aged=0 idle=13 to_pickup=15 delivering=52 to_charger=0 charging=0 dead=0 hot=24,35,4
100 ASSIGN 82 R2 15
100 PICK 64 R30
100 SIDESTEP R47
102 SIDESTEP R7
102 SIDESTEP R33
102 PICK 71 R72
103 ASSIGN 83 R9 26
103 SIDESTEP R17
104 ASSIGN 84 R71 4
104 SIDESTEP R2
104 PICK 66 R6
104 SIDESTEP R20
104 DELIVER 1 R27 104
104 SIDESTEP R28
104 SIDESTEP R40
104 DELIVER 7 R43 96
104 SIDESTEP R56
105 SIDESTEP R3
105 SIDESTEP R47
105 DELIVER 13 R49 89
105 SIDESTEP R52
106 ASSIGN 85 R43 10
106 PICK 69 R11
107 SIDESTEP R7
107 SIDESTEP R33
107 PICK 81 R39
107 PICK 84 R71
108 ASSIGN 86 R26 35
108 SIDESTEP R8
108 PICK 77 R37
108 PICK 72 R61
108 SIDESTEP R76
109 CANCEL_FAIL 18
109 CANCEL 79
109 DELIVER 30 R23 74
109 SIDESTEP R28
109 SIDESTEP R40
109 SIDESTEP R56
109 SIDESTEP R69
110 ASSIGN 87 R12 20
110 DELIVER 20 R36 86
110 SIDESTEP R52
110 PICK 70 R62
111 DELIVER 28 R13 78
111 SIDESTEP R34
111 PICK 74 R46
112 ASSIGN 88 R27 21
112 SIDESTEP R7
112 DELIVER 8 R22 103
112 DELIVER 55 R24 47
112 SIDESTEP R33
113 SIDESTEP R3
113 PICK 80 R58
113 SIDESTEP R76
114 SIDESTEP R28
114 SIDESTEP R40
114 SIDESTEP R56
115 ASSIGN 89 R22 18
115 PICK 73 R20
116 ASSIGN 90 R13 25
116 PICK 78 R1
116 PICK 85 R43
117 ASSIGN 91 R70 35
117 SIDESTEP R7
117 DELIVER 45 R19 65
117 SIDESTEP R33
118 ASSIGN 92 R35 27
118 SIDESTEP R52
118 SIDESTEP R76
119 DELIVER 29 R14 85
119 SIDESTEP R28
119 SIDESTEP R40
119 SIDESTEP R56
120 ASSIGN 93 R75 9
120 DELIVER 31 R54 84
120 DELIVER 16 R63 101
121 DELIVER 35 R10 81
122 ASSIGN 94 R10 26
122 SIDESTEP R16
122 SIDESTEP R38
123 ASSIGN 95 R59 45
123 SIDESTEP R52
123 DELIVER 84 R71 19
123 SIDESTEP R76
124 ASSIGN 96 R74 33
124 PICK 82 R2
124 SIDESTEP R40
124 DELIVER 17 R45 104
124 SIDESTEP R51
124 SIDESTEP R56
124 DELIVER 6 R73 117
125 ASSIGN 97 R14 12
126 DELIVER 14 R15 109
126 DELIVER 32 R60 89
127 ASSIGN 98 R54 23
127 SIDESTEP R16
128 PICK 83 R9
128 SIDESTEP R30
128 PICK 93 R75
129 ASSIGN 99 R64 50
129 DELIVER 47 R31 75
129 SIDESTEP R51
129 SIDESTEP R72
130 ASSIGN 100 R63 8
130 SIDESTEP R47
131 ASSIGN 101 R60 44
132 ASSIGN 102 R31 21
132 SIDESTEP R0
132 PICK 89 R22
132 PICK 88 R27
133 SIDESTEP R3
133 SIDESTEP R30
134 ASSIGN 103 R73 33
134 SIDESTEP R51
134 SIDESTEP R72
135 ASSIGN 104 R19 65
135 SIDESTEP R37
135 SIDESTEP R47
136 PICK 97 R14
137 ASSIGN 105 R36 60
137 SIDESTEP R53
137 PICK 100 R63
138 ASSIGN 106 R65 80
138 SIDESTEP R0
138 SIDESTEP R30
138 DELIVER 49 R77 82
139 ASSIGN 107 R15 4
139 SIDESTEP R7
139 DELIVER 5 R40 134
140 ASSIGN 108 R40 5
140 PICK 87 R12
140 PICK 90 R13
140 SIDESTEP R47
141 ASSIGN 109 R23 26
141 PICK 76 R4
141 SIDESTEP R37
142 ASSIGN 110 R45 8
142 DELIVER 50 R8 85
142 PICK 107 R15
142 PICK 86 R26
142 SIDESTEP R53
142 DELIVER 63 R76 66
143 ASSIGN 111 R76 27
143 SIDESTEP R30
143 SIDESTEP R52
144 ASSIGN 112 R24 86
144 DELIVER 57 R5 76
144 SIDESTEP R7
144 PICK 92 R35
144 PICK 108 R40
145 DELIVER 26 R0 114
145 SIDESTEP R47
146 DELIVER 24 R32 118
146 SIDESTEP R37
146 SIDESTEP R44
146 SIDESTEP R72
147 ASSIGN 113 R0 62
147 SIDESTEP R53
148 ASSIGN 114 R57 9
148 SIDESTEP R30
149 REJECT 115
149 SIDESTEP R7
149 DELIVER 2 R38 148
149 PICK 110 R45
149 PICK 98 R54
149 SIDESTEP R61
149 REPORT pending=0 aged=0 idle=8 to_pickup=17 delivering=55 to_charger=0 charging=0 dead=0 hot=50,53,5
150 ASSIGN 116 R5 70
150 SIDESTEP R47
151 ASSIGN 117 R32 29
151 PICK 94 R10
151 DELIVER 42 R55 102
151 PICK 91 R70
152 ASSIGN 118 R29 24
152 PICK 102 R31
152 SIDESTEP R37
152 SIDESTEP R53
152 SIDESTEP R72
153 SIDESTEP R58
154 SIDESTEP R7
154 DELIVER 22 R51 128
155 ASSIGN 119 R55 99
155 SIDESTEP R47
155 SIDESTEP R69
156 ASSIGN 120 R71 53
156 SIDESTEP R28
156 PICK 114 R57
156 SIDESTEP R62
157 ASSIGN 121 R8 73
157 SIDESTEP R53
157 PICK 96 R74
158 ASSIGN 122 R51 32
158 SIDESTEP R27
159 DELIVER 82 R2 59
159 SIDESTEP R7
160 ASSIGN 123 R2 20
160 DELIVER 66 R6 81
160 SIDESTEP R47
160 DELIVER 21 R50 135
161 ASSIGN 124 R6 53
161 SIDESTEP R28
161 DELIVER 37 R56 118
162 ASSIGN 125 R56 41
163 ASSIGN 126 R50 62
163 DELIVER 46 R25 110
163 SIDESTEP R27
164 SIDESTEP R13
164 SIDESTEP R14
165 ASSIGN 127 R25 102
165 DELIVER 77 R37 74
165 SIDESTEP R47
166 PICK 109 R23
166 SIDESTEP R28
166 SIDESTEP R32
166 SIDESTEP R53
166 SIDESTEP R60
166 DELIVER 60 R69 95
166 SIDESTEP R73
166 SIDESTEP R76
167 ASSIGN 129 R49 97
167 PICK 95 R59
167 PICK 75 R68
168 ASSIGN 130 R37 56
169 ASSIGN 131 R69 23
169 SIDESTEP R13
169 SIDESTEP R14
169 SIDESTEP R46
170 ASSIGN 132 R77 72
170 SIDESTEP R11
170 SIDESTEP R47
171 ASSIGN 133 R38 28
171 SIDESTEP R53
171 SIDESTEP R73
172 SIDESTEP R66
173 SIDESTEP R5
173 DELIVER 48 R67 118
174 ASSIGN 134 R67 44
174 SIDESTEP R13
174 SIDESTEP R14
174 SIDESTEP R33
174 SIDESTEP R55
174 SIDESTEP R74
174 DELIVER 61 R78 101
175 ASSIGN 135 R78 64
175 SIDESTEP R25
175 SIDESTEP R28
175 PICK 118 R29
175 SIDESTEP R45
175 SIDESTEP R47
176 DELIVER 11 R34 164
176 SIDESTEP R43
177 ASSIGN 136 R34 97
177 SIDESTEP R23
177 SIDESTEP R60
177 SIDESTEP R66
178 DELIVER 25 R3 149
178 SIDESTEP R5
178 SIDESTEP R30
178 DELIVER 68 R44 96
178 PICK 99 R64
178 DELIVER 54 R79 114
179 CANCEL_FAIL 10
179 ASSIGN 139 R44 26
179 ASSIGN 140 R79 48
179 ASSIGN 137 R3 71
179 SIDESTEP R13
179 SIDESTEP R74
180 SIDESTEP R28
180 SIDESTEP R29
180 SIDESTEP R45
180 DELIVER 59 R48 110
181 ASSIGN 142 R48 54
181 SIDESTEP R9
181 SIDESTEP R43
181 DELIVER 71 R72 96
181 PICK 111 R76
182 ASSIGN 141 R72 83
182 SIDESTEP R66
182 PICK 103 R73
183 DELIVER 74 R46 95
183 SIDESTEP R62
184 ASSIGN 138 R46 23
184 SIDESTEP R6
184 SIDESTEP R13
184 SIDESTEP R52
184 SIDESTEP R74
185 DELIVER 33 R18 147
185 DELIVER 73 R20 98
185 DELIVER 43 R21 135
185 SIDESTEP R28
186 ASSIGN 143 R21 65
186 ASSIGN 144 R18 5
186 ASSIGN 145 R20 128
186 SIDESTEP R9
186 DELIVER 87 R12 76
186 PICK 117 R32
186 SIDESTEP R61
187 ASSIGN 146 R12 91
187 SIDESTEP R47
187 PICK 101 R60
187 SIDESTEP R66
190 PICK 144 R18
190 SIDESTEP R28
190 SIDESTEP R73
191 SIDESTEP R9
191 SIDESTEP R16
191 SIDESTEP R55
191 SIDESTEP R61
192 CANCEL_FAIL 100149
192 SIDESTEP R47
192 SIDESTEP R66
193 SIDESTEP R5
193 DELIVER 102 R31 61
193 DELIVER 80 R58 99
194 ASSIGN 149 R31 75
194 ASSIGN 147 R58 108
194 DELIVER 58 R17 125
195 ASSIGN 151 R17 78
195 SIDESTEP R28
195 DELIVER 75 R68 106
195 PICK 131 R69
195 SIDESTEP R73
196 ASSIGN 152 R68 70
196 SIDESTEP R9
196 PICK 105 R36
196 SIDESTEP R45
196 SIDESTEP R61
197 SIDESTEP R42
197 SIDESTEP R47
197 SIDESTEP R66
198 SIDESTEP R5
198 PICK 133 R38
198 DELIVER 100 R63 68
199 ASSIGN 153 R63 101
199 PICK 104 R19
199 REPORT pending=5 aged=0 idle=0 to_pickup=33 delivering=47 to_charger=0 charging=0 dead=0 hot=69,51,5
200 SIDESTEP R28
200 SIDESTEP R51
201 DELIVER 76 R4 111
201 SIDESTEP R9
201 SIDESTEP R45
201 DELIVER 4 R52 198
201 SIDESTEP R61
201 DELIVER 70 R62 117
202 ASSIGN 158 R62 48
202 ASSIGN 154 R52 28
202 ASSIGN 148 R4 88
202 SIDESTEP R42
202 SIDESTEP R47
202 PICK 125 R56
202 SIDESTEP R66
203 SIDESTEP R5
203 SIDESTEP R35
205 DELIVER 97 R14 80
205 SIDESTEP R23
205 SIDESTEP R28
206 ASSIGN 128 R14 10
206 PICK 113 R0
206 SIDESTEP R9
206 DELIVER 41 R33 158
206 SIDESTEP R45
206 PICK 138 R46
206 SIDESTEP R61
207 ASSIGN 160 R33 96
207 PICK 123 R2
207 DELIVER 56 R7 140
207 SIDESTEP R40
207 SIDESTEP R42
207 SIDESTEP R47
207 SIDESTEP R76
208 ASSIGN 163 R7 85
208 SIDESTEP R5
210 SIDESTEP R23
210 SIDESTEP R56
210 PICK 120 R71
211 SIDESTEP R9
211 SIDESTEP R45
211 SIDESTEP R61
212 SIDESTEP R40
212 SIDESTEP R47
212 SIDESTEP R76
213 SIDESTEP R5
213 SIDESTEP R22
215 PICK 128 R14
215 SIDESTEP R23
215 DELIVER 44 R66 164
216 ASSIGN 164 R66 94
216 SIDESTEP R9
216 SIDESTEP R26
216 SIDESTEP R45
216 SIDESTEP R61
217 SIDESTEP R40
217 SIDESTEP R47
217 DELIVER 125 R56 55
217 PICK 106 R65
217 PICK 134 R67
217 SIDESTEP R76
218 ASSIGN 167 R56 84
218 SIDESTEP R5
218 DELIVER 94 R10 96
218 SIDESTEP R22
218 DELIVER 64 R30 141
219 CANCEL_FAIL 33
219 ASSIGN 168 R30 45
219 ASSIGN 150 R10 32
219 PICK 122 R51
220 SIDESTEP R6
220 SIDESTEP R23
220 PICK 139 R44
220 SIDESTEP R63
221 SIDESTEP R9
221 SIDESTEP R61
222 SIDESTEP R1
222 DELIVER 27 R28 190
222 DELIVER 133 R38 51
222 DELIVER 81 R39 125
222 SIDESTEP R47
223 ASSIGN 174 R38 20
223 ASSIGN 155 R39 23
223 ASSIGN 156 R28 51
223 DELIVER 107 R15 84
223 DELIVER 98 R54 96
223 SIDESTEP R78
223 SIDESTEP R79
224 ASSIGN 157 R54 35
224 ASSIGN 159 R15 32
224 SIDESTEP R77
225 SIDESTEP R23
225 SIDESTEP R63
226 SIDESTEP R61
226 SIDESTEP R68
227 SIDESTEP R6
227 SIDESTEP R47
228 DELIVER 128 R14 62
228 SIDESTEP R59
229 ASSIGN 179 R14 120
229 PICK 121 R8
229 PICK 112 R24
229 SIDESTEP R46
230 SIDESTEP R23
230 PICK 154 R52
231 PICK 126 R50
231 SIDESTEP R70
231 SIDESTEP R78
232 PICK 124 R6
232 SIDESTEP R47
233 REJECT 186
233 SIDESTEP R1
233 SIDESTEP R43
233 SIDESTEP R57
233 SIDESTEP R59
234 SIDESTEP R2
234 PICK 142 R48
235 SIDESTEP R23
236 SIDESTEP R70
236 SIDESTEP R78
237 DELIVER 53 R16 174
237 SIDESTEP R22
237 DELIVER 138 R46 60
237 SIDESTEP R67
238 ASSIGN 185 R46 37
238 ASSIGN 183 R16 29
238 SIDESTEP R1
238 SIDESTEP R43
238 SIDESTEP R57
240 SIDESTEP R23
241 SIDESTEP R9
241 SIDESTEP R61
241 SIDESTEP R70
242 SIDESTEP R13
242 SIDESTEP R22
242 PICK 174 R38
242 DELIVER 67 R42 162
242 SIDESTEP R45
243 ASSIGN 189 R42 92
243 SIDESTEP R1
243 SIDESTEP R57
243 DELIVER 101 R60 112
243 DELIVER 99 R64 114
244 ASSIGN 195 R64 33
244 ASSIGN 192 R60 64
244 DELIVER 117 R32 93
245 ASSIGN 193 R32 132
245 SIDESTEP R23
246 PICK 155 R39
246 SIDESTEP R52
247 SIDESTEP R13
247 SIDESTEP R22
247 SIDESTEP R26
247 SIDESTEP R36
247 SIDESTEP R45
247 PICK 132 R77
248 SIDESTEP R57
249 SIDESTEP R30
249 PICK 158 R62
249 REPORT pending=27 aged=0 idle=0 to_pickup=35 delivering=45 to_charger=0 charging=0 dead=0 hot=13,17,5
250 PICK 150 R10
250 DELIVER 69 R11 167
250 SIDESTEP R23
251 ASSIGN 197 R11 81
251 PICK 137 R3
251 PICK 143 R21
251 DELIVER 85 R43 145
252 ASSIGN 196 R43 68
252 SIDESTEP R13
252 SIDESTEP R22
252 SIDESTEP R26
252 DELIVER 139 R44 74
253 ASSIGN 203 R44 35
253 SIDESTEP R6
254 DELIVER 62 R41 180
254 DELIVER 36 R47 212
254 DELIVER 65 R53 176
254 SIDESTEP R71
255 ASSIGN 200 R53 63
255 ASSIGN 161 R41 92
255 ASSIGN 162 R47 89
255 DELIVER 83 R9 152
255 PICK 159 R15
255 SIDESTEP R23
255 SIDESTEP R31
255 DELIVER 92 R35 137
256 ASSIGN 165 R9 78
256 ASSIGN 166 R35 90
256 SIDESTEP R68
257 PICK 130 R37
257 SIDESTEP R59
257 PICK 140 R79
258 DELIVER 108 R40 118
258 SIDESTEP R67
259 ASSIGN 207 R40 81
259 SIDESTEP R52
259 PICK 157 R54
260 SIDESTEP R31
261 SIDESTEP R68
262 DELIVER 118 R29 110
262 SIDESTEP R57
262 SIDESTEP R59
262 DELIVER 91 R70 145
263 ASSIGN 210 R29 98
263 ASSIGN 169 R70 23
263 SIDESTEP R44
263 SIDESTEP R77
264 DELIVER 113 R0 117
264 SIDESTEP R52
264 SIDESTEP R64
264 PICK 135 R78
265 ASSIGN 211 R0 105
265 SIDESTEP R8
265 SIDESTEP R31
265 DELIVER 114 R57 117
266 CANCEL 171
266 ASSIGN 212 R57 70
266 PICK 183 R16
266 DELIVER 86 R26 158
266 DELIVER 93 R75 146
267 CANCEL_FAIL 62
267 ASSIGN 170 R75 40
267 ASSIGN 172 R26 41
268 DELIVER 78 R1 176
268 PICK 116 R5
268 PICK 119 R55
269 ASSIGN 214 R1 76
269 SIDESTEP R64
270 SIDESTEP R51
271 SIDESTEP R10
271 DELIVER 144 R18 88
271 DELIVER 96 R74 147
272 ASSIGN 215 R18 23
272 ASSIGN 216 R74 70
272 SIDESTEP R23
272 SIDESTEP R71
273 SIDESTEP R20
273 PICK 156 R28
274 PICK 151 R17
274 PICK 127 R25
274 DELIVER 72 R61 188
274 SIDESTEP R64
274 PICK 141 R72
275 ASSIGN 219 R61 16
275 SIDESTEP R8
275 SIDESTEP R51
276 SIDESTEP R10
276 PICK 185 R46
277 SIDESTEP R69
277 SIDESTEP R71
278 DELIVER 183 R16 49
278 DELIVER 154 R52 80
279 ASSIGN 223 R52 74
279 ASSIGN 173 R16 58
279 SIDESTEP R41
279 SIDESTEP R44
279 SIDESTEP R59
279 DELIVER 103 R73 145
280 ASSIGN 175 R73 98
280 SIDESTEP R37
280 SIDESTEP R51
281 SIDESTEP R10
281 SIDESTEP R38
282 CANCEL 163
282 CANCEL 214
282 ASSIGN 176 R7 64
282 ASSIGN 177 R1 102
282 SIDESTEP R71
283 DELIVER 104 R19 148
283 DELIVER 88 R27 171
283 PICK 168 R30
283 SIDESTEP R32
283 DELIVER 155 R39 84
283 DELIVER 140 R79 104
284 ASSIGN 178 R19 68
284 ASSIGN 180 R27 111
284 ASSIGN 181 R79 51
284 ASSIGN 182 R39 91
284 SIDESTEP R59
285 SIDESTEP R51
285 SIDESTEP R63
285 PICK 169 R70
286 SIDESTEP R10
287 SIDESTEP R1
287 PICK 146 R12
288 SIDESTEP R32
289 DELIVER 130 R37 121
289 SIDESTEP R59
290 ASSIGN 228 R37 43
290 DELIVER 109 R23 149
290 SIDESTEP R51
290 PICK 219 R61
291 ASSIGN 184 R23 68
291 DELIVER 159 R15 88
291 SIDESTEP R63
292 ASSIGN 233 R15 96
292 SIDESTEP R1
293 DELIVER 121 R8 136
294 ASSIGN 234 R8 92
294 PICK 215 R18
294 SIDESTEP R59
295 SIDESTEP R51
296 SIDESTEP R43
296 DELIVER 185 R46 64
296 SIDESTEP R63
297 ASSIGN 236 R46 77
297 PICK 148 R4
297 SIDESTEP R38
298 SIDESTEP R2
298 DELIVER 90 R13 182
299 ASSIGN 237 R13 111
299 SIDESTEP R1
299 SIDESTEP R36
299 PICK 129 R49
299 REPORT pending=31 aged=0 idle=0 to_pickup=44 delivering=36 to_charger=0 charging=0 dead=0 hot=63,59,5
300 DELIVER 150 R10 106
300 SIDESTEP R51
300 PICK 152 R68
300 SIDESTEP R69
301 ASSIGN 239 R10 77
301 SIDESTEP R43
301 SIDESTEP R50
301 PICK 167 R56
302 PICK 160 R33
302 SIDESTEP R38
304 SIDESTEP R37
305 SIDESTEP R23
305 SIDESTEP R51
306 SIDESTEP R50
306 PICK 170 R75
307 DELIVER 124 R6 146
307 PICK 172 R26
307 SIDESTEP R38
307 DELIVER 134 R67 135
308 ASSIGN 246 R6 32
308 ASSIGN 240 R67 35
308 SIDESTEP R7
308 PICK 136 R34
308 DELIVER 105 R36 171
308 PICK 192 R60
309 ASSIGN 241 R36 74
309 PICK 164 R66
310 SIDESTEP R23
310 SIDESTEP R51
310 PICK 147 R58
311 DELIVER 143 R21 129
311 SIDESTEP R50
312 ASSIGN 243 R21 22
312 SIDESTEP R38
312 SIDESTEP R55
312 SIDESTEP R72
313 SIDESTEP R7
313 DELIVER 219 R61 39
313 DELIVER 120 R71 157
314 ASSIGN 245 R61 56
314 ASSIGN 248 R71 58
314 SIDESTEP R16
314 PICK 203 R44
315 SIDESTEP R22
315 SIDESTEP R23
315 SIDESTEP R51
316 SIDESTEP R37
317 PICK 145 R20
317 SIDESTEP R55
319 DELIVER 123 R2 159
319 SIDESTEP R16
319 DELIVER 89 R22 204
319 DELIVER 95 R59 196
320 ASSIGN 250 R59 91
320 ASSIGN 254 R22 76
320 ASSIGN 255 R2 36
320 SIDESTEP R23
321 DELIVER 132 R77 151
322 ASSIGN 256 R77 111
323 DELIVER 215 R18 53
323 SIDESTEP R51
324 ASSIGN 260 R18 16
324 SIDESTEP R16
324 DELIVER 111 R76 181
325 ASSIGN 187 R76 74
325 SIDESTEP R47
325 SIDESTEP R63
325 DELIVER 135 R78 152
326 ASSIGN 188 R78 77
326 SIDESTEP R57
327 SIDESTEP R14
327 DELIVER 167 R56 115
328 ASSIGN 263 R56 68
328 SIDESTEP R51
328 PICK 195 R64
329 SIDESTEP R16
330 SIDESTEP R47
331 REJECT 266
331 PICK 196 R43
331 SIDESTEP R54
331 DELIVER 158 R62 129
331 DELIVER 106 R65 193
331 SIDESTEP R74
332 ASSIGN 264 R62 3
332 ASSIGN 190 R65 35
332 SIDESTEP R14
332 SIDESTEP R28
333 SIDESTEP R0
333 PICK 165 R9
333 SIDESTEP R51
333 SIDESTEP R72
334 DELIVER 168 R30 121
334 PICK 189 R42
334 PICK 264 R62
334 SIDESTEP R79
335 ASSIGN 191 R30 60
335 DELIVER 203 R44 82
335 SIDESTEP R47
336 ASSIGN 194 R44 109
336 SIDESTEP R54
337 SIDESTEP R14
337 PICK 243 R21
337 DELIVER 142 R48 156
338 ASSIGN 198 R48 42
338 SIDESTEP R0
338 DELIVER 112 R24 194
338 SIDESTEP R51
338 DELIVER 169 R70 124
339 ASSIGN 272 R24 68
339 ASSIGN 199 R70 97
339 PICK 246 R6
339 PICK 197 R11
340 PICK 149 R31
341 SIDESTEP R54
342 SIDESTEP R14
342 PICK 260 R18
342 DELIVER 110 R45 200
342 SIDESTEP R64
342 PICK 240 R67
343 CANCEL 227
343 ASSIGN 274 R45 26
343 SIDESTEP R0
343 SIDESTEP R51
345 SIDESTEP R32
345 DELIVER 136 R34 171
345 PICK 166 R35
346 ASSIGN 275 R34 89
346 SIDESTEP R54
346 SIDESTEP R63
347 SIDESTEP R48
347 SIDESTEP R64
347 DELIVER 170 R75 132
348 ASSIGN 273 R75 63
348 SIDESTEP R51
348 PICK 181 R79
349 DELIVER 156 R28 149
349 PICK 228 R37
349 PICK 216 R74
349 REPORT pending=43 aged=0 idle=1 to_pickup=43 delivering=36 to_charger=0 charging=0 dead=0 hot=60,48,5
350 ASSIGN 279 R28 76
351 SIDESTEP R54
351 SIDESTEP R63
352 PICK 223 R52
353 DELIVER 126 R50 190
354 ASSIGN 201 R50 21
354 DELIVER 137 R3 178
354 SIDESTEP R72
355 ASSIGN 202 R3 54
355 PICK 255 R2
355 PICK 161 R41
356 PICK 207 R40
356 SIDESTEP R54
356 SIDESTEP R55
356 SIDESTEP R63
357 DELIVER 131 R69 188
358 CANCEL 267
358 ASSIGN 284 R69 88
358 PICK 200 R53
358 SIDESTEP R60
359 DELIVER 264 R62 31
359 SIDESTEP R72
360 ASSIGN 204 R62 64
360 SIDESTEP R59
361 PICK 173 R16
361 PICK 210 R29
361 SIDESTEP R63
362 PICK 176 R7
362 PICK 178 R19
362 DELIVER 243 R21 59
363 ASSIGN 205 R21 108
363 DELIVER 127 R25 198
363 SIDESTEP R60
364 ASSIGN 206 R25 117
364 SIDESTEP R23
365 PICK 162 R47
365 SIDESTEP R59
366 SIDESTEP R10
366 SIDESTEP R63
366 PICK 190 R65
366 SIDESTEP R66
367 SIDESTEP R26
367 DELIVER 129 R49 200
367 SIDESTEP R52
367 SIDESTEP R54
368 ASSIGN 208 R49 93
368 SIDESTEP R22
368 PICK 274 R45
368 SIDESTEP R60
369 SIDESTEP R23
370 DELIVER 116 R5 220
370 SIDESTEP R12
370 PICK 245 R61
371 ASSIGN 209 R5 108
371 DELIVER 148 R4 182
371 SIDESTEP R63
371 PICK 248 R71
371 SIDESTEP R72
372 ASSIGN 213 R4 112
372 PICK 179 R14
372 SIDESTEP R52
372 SIDESTEP R54
372 SIDESTEP R59
372 SIDESTEP R68
373 SIDESTEP R22
374 SIDESTEP R0
374 PICK 182 R39
374 PICK 236 R46
374 PICK 201 R50
375 SIDESTEP R16
376 SIDESTEP R2
376 SIDESTEP R63
377 SIDESTEP R52
377 SIDESTEP R54
377 PICK 212 R57
377 SIDESTEP R68
377 PICK 175 R73
378 SIDESTEP R22
378 SIDESTEP R72
379 SIDESTEP R0
379 SIDESTEP R23
380 REJECT 303
380 DELIVER 149 R31 189
380 SIDESTEP R61
381 ASSIGN 299 R31 73
381 SIDESTEP R2
381 DELIVER 146 R12 194
382 ASSIGN 217 R12 51
382 DELIVER 122 R51 224
382 SIDESTEP R54
382 SIDESTEP R68
383 ASSIGN 306 R51 11
383 SIDESTEP R22
383 DELIVER 174 R38 163
383 SIDESTEP R72
384 ASSIGN 218 R38 103
384 SIDESTEP R0
384 DELIVER 147 R58 196
384 SIDESTEP R59
384 DELIVER 192 R60 143
385 ASSIGN 220 R60 56
385 ASSIGN 221 R58 96
385 SIDESTEP R49
385 SIDESTEP R61
385 SIDESTEP R62
386 SIDESTEP R2
386 SIDESTEP R10
386 SIDESTEP R53
387 CANCEL_FAIL 100310
387 PICK 233 R15
387 SIDESTEP R54
387 SIDESTEP R75
388 SIDESTEP R71
389 SIDESTEP R0
389 SIDESTEP R28
389 SIDESTEP R59
390 SIDESTEP R49
390 SIDESTEP R61
390 SIDESTEP R62
391 CANCEL 302
391 SIDESTEP R2
391 DELIVER 145 R20 206
391 PICK 198 R48
391 SIDESTEP R53
392 ASSIGN 314 R20 46
392 SIDESTEP R51
392 SIDESTEP R54
393 SIDESTEP R14
393 DELIVER 201 R50 143
393 SIDESTEP R67
393 SIDESTEP R71
394 ASSIGN 222 R50 77
394 SIDESTEP R0
394 SIDESTEP R28
395 PICK 180 R27
395 SIDESTEP R61
395 SIDESTEP R62
395 SIDESTEP R72
396 SIDESTEP R2
396 DELIVER 172 R26 178
396 SIDESTEP R53
396 PICK 263 R56
397 ASSIGN 318 R26 106
397 SIDESTEP R43
397 SIDESTEP R49
397 SIDESTEP R51
398 SIDESTEP R14
398 SIDESTEP R67
398 SIDESTEP R71
399 SIDESTEP R0
399 SIDESTEP R22
399 PICK 241 R36
399 DELIVER 152 R68 203
399 REPORT pending=62 aged=9 idle=1 to_pickup=37 delivering=42 to_charger=0 charging=0 dead=0 hot=44,38,5
400 ASSIGN 224 R68 48
400 SIDESTEP R61
400 SIDESTEP R62
400 SIDESTEP R72
401 SIDESTEP R2
401 SIDESTEP R53
401 DELIVER 119 R55 246
402 ASSIGN 225 R55 65
402 DELIVER 151 R17 207
402 SIDESTEP R49
402 SIDESTEP R51
402 PICK 188 R78
403 ASSIGN 226 R17 99
403 DELIVER 165 R9 193
403 SIDESTEP R37
403 SIDESTEP R71
403 SIDESTEP R79
404 ASSIGN 229 R9 63
404 SIDESTEP R0
404 SIDESTEP R18
404 SIDESTEP R22
404 PICK 272 R24
405 SIDESTEP R31
405 SIDESTEP R61
405 SIDESTEP R72
406 PICK 239 R10
406 SIDESTEP R53
406 PICK 187 R76
407 CANCEL_FAIL 203
407 DELIVER 196 R43 162
407 SIDESTEP R51
408 ASSIGN 325 R43 102
408 DELIVER 160 R33 204
408 SIDESTEP R60
408 SIDESTEP R71
409 ASSIGN 328 R33 51
409 SIDESTEP R0
409 PICK 202 R3
409 DELIVER 274 R45 66
410 CANCEL 276
410 ASSIGN 230 R45 57
410 SIDESTEP R61
411 SIDESTEP R20
411 SIDESTEP R53
411 PICK 153 R63
412 SIDESTEP R32
412 SIDESTEP R51
412 DELIVER 216 R74 141
413 ASSIGN 231 R74 69
413 PICK 234 R8
413 DELIVER 228 R37 128
414 ASSIGN 232 R37 104
414 DELIVER 162 R47 207
414 SIDESTEP R75
415 ASSIGN 235 R47 121
415 DELIVER 157 R54 214
415 SIDESTEP R61
415 DELIVER 164 R66 206
416 ASSIGN 238 R66 27
416 ASSIGN 242 R54 62
416 SIDESTEP R0
416 DELIVER 246 R6 110
416 DELIVER 240 R67 116
416 SIDESTEP R79
417 ASSIGN 244 R6 71
417 ASSIGN 247 R67 49
417 SIDESTEP R72
419 PICK 191 R30
420 PICK 177 R1
420 SIDESTEP R22
420 SIDESTEP R61
421 DELIVER 197 R11 175
421 DELIVER 173 R16 202
421 SIDESTEP R79
422 ASSIGN 249 R11 54
422 ASSIGN 251 R16 102
422 DELIVER 190 R65 185
422 SIDESTEP R72
423 ASSIGN 252 R65 90
424 SIDESTEP R13
424 SIDESTEP R37
424 SIDESTEP R45
424 PICK 306 R51
425 SIDESTEP R22
425 SIDESTEP R53
425 SIDESTEP R61
426 SIDESTEP R79
427 PICK 184 R23
427 DELIVER 195 R64 183
427 SIDESTEP R72
428 ASSIGN 339 R64 61
429 SIDESTEP R7
429 SIDESTEP R13
429 SIDESTEP R37
429 SIDESTEP R45
429 SIDESTEP R52
430 SIDESTEP R53
430 SIDESTEP R61
431 DELIVER 260 R18 107
432 ASSIGN 253 R18 66
432 PICK 217 R12
432 DELIVER 182 R39 204
432 SIDESTEP R72
432 SIDESTEP R76
433 ASSIGN 257 R39 18
433 SIDESTEP R60
433 SIDESTEP R71
434 SIDESTEP R7
434 SIDESTEP R13
434 PICK 275 R34
434 SIDESTEP R37
434 SIDESTEP R45
434 SIDESTEP R47
434 SIDESTEP R52
434 DELIVER 263 R56 107
435 ASSIGN 258 R56 34
435 DELIVER 177 R1 212
435 PICK 193 R32
435 DELIVER 189 R42 199
435 SIDESTEP R53
435 SIDESTEP R61
436 ASSIGN 259 R42 41
436 ASSIGN 261 R1 98
436 SIDESTEP R15
436 SIDESTEP R29
437 SIDESTEP R76
438 SIDESTEP R60
438 SIDESTEP R71
438 SIDESTEP R72
439 SIDESTEP R13
439 DELIVER 178 R19 215
439 SIDESTEP R45
439 SIDESTEP R47
439 SIDESTEP R52
439 SIDESTEP R69
440 ASSIGN 262 R19 82
440 SIDESTEP R7
440 DELIVER 207 R40 181
441 ASSIGN 265 R40 75
441 SIDESTEP R29
441 PICK 273 R75
442 PICK 238 R66
442 SIDESTEP R76
443 PICK 314 R20
443 SIDESTEP R60
443 SIDESTEP R71
443 DELIVER 175 R73 222
444 ASSIGN 354 R73 103
444 SIDESTEP R45
444 SIDESTEP R52
444 SIDESTEP R69
445 SIDESTEP R0
446 SIDESTEP R29
448 SIDESTEP R12
448 SIDESTEP R68
448 SIDESTEP R71
449 SIDESTEP R21
449 SIDESTEP R45
449 SIDESTEP R69
449 REPORT pending=74 aged=6 idle=0 to_pickup=46 delivering=34 to_charger=0 charging=0 dead=0 hot=56,38,6
450 SIDESTEP R0
450 PICK 257 R39
450 DELIVER 161 R41 245
450 SIDESTEP R57
450 PICK 256 R77
451 ASSIGN 277 R41 51
451 DELIVER 236 R46 156
451 DELIVER 188 R78 216
452 ASSIGN 361 R78 91
452 ASSIGN 268 R46 25
452 PICK 279 R28
453 SIDESTEP R12
453 DELIVER 166 R35 242
453 SIDESTEP R38
453 DELIVER 198 R48 206
453 PICK 224 R68
453 SIDESTEP R71
454 ASSIGN 363 R35 55
454 ASSIGN 282 R48 103
454 SIDESTEP R42
454 SIDESTEP R45
455 DELIVER 239 R10 157
455 PICK 204 R62
456 ASSIGN 364 R10 85
456 SIDESTEP R13
456 DELIVER 212 R57 191
457 CANCEL 346
457 ASSIGN 269 R57 114
457 SIDESTEP R7
457 DELIVER 241 R36 156
458 ASSIGN 270 R36 27
458 SIDESTEP R12
458 SIDESTEP R20
458 SIDESTEP R38
458 PICK 194 R44
458 DELIVER 181 R79 231
459 ASSIGN 271 R79 98
459 PICK 328 R33
459 SIDESTEP R42
460 PICK 299 R31
461 SIDESTEP R2
461 PICK 254 R22
461 DELIVER 210 R29 199
461 SIDESTEP R52
461 DELIVER 141 R72 281
462 ASSIGN 285 R72 25
462 ASSIGN 286 R29 98
462 SIDESTEP R7
462 DELIVER 184 R23 231
463 ASSIGN 287 R23 63
463 SIDESTEP R12
463 SIDESTEP R20
463 SIDESTEP R38
464 SIDESTEP R42
465 PICK 247 R67
466 SIDESTEP R2
466 PICK 229 R9
466 SIDESTEP R52
466 PICK 225 R55
466 PICK 220 R60
467 SIDESTEP R7
468 SIDESTEP R12
468 SIDESTEP R20
468 DELIVER 272 R24 129
468 PICK 258 R56
468 SIDESTEP R68
469 ASSIGN 288 R24 121
469 SIDESTEP R42
469 SIDESTEP R62
471 SIDESTEP R2
471 SIDESTEP R25
471 SIDESTEP R52
472 SIDESTEP R18
472 PICK 250 R59
473 PICK 211 R0
473 SIDESTEP R12
473 SIDESTEP R68
474 SIDESTEP R38
474 SIDESTEP R42
474 SIDESTEP R78
476 SIDESTEP R2
476 PICK 268 R46
476 SIDESTEP R63
477 SIDESTEP R18
477 SIDESTEP R27
477 PICK 242 R54
478 SIDESTEP R12
478 SIDESTEP R68
479 SIDESTEP R8
479 SIDESTEP R38
479 PICK 199 R70
479 SIDESTEP R78
480 PICK 221 R58
481 SIDESTEP R2
481 PICK 205 R21
481 SIDESTEP R63
481 PICK 231 R74
482 SIDESTEP R27
483 PICK 213 R4
483 SIDESTEP R12
483 SIDESTEP R25
483 DELIVER 257 R39 163
483 SIDESTEP R54
483 SIDESTEP R68
484 ASSIGN 293 R39 103
484 SIDESTEP R8
484 SIDESTEP R35
484 SIDESTEP R38
485 PICK 270 R36
486 SIDESTEP R2
486 SIDESTEP R65
487 PICK 209 R5
487 PICK 244 R6
488 CANCEL 345
488 PICK 249 R11
488 SIDESTEP R12
488 SIDESTEP R13
488 SIDESTEP R25
488 SIDESTEP R54
488 PICK 339 R64
488 SIDESTEP R79
489 SIDESTEP R8
489 SIDESTEP R18
489 SIDESTEP R28
489 SIDESTEP R38
489 DELIVER 223 R52 210
490 ASSIGN 304 R52 69
490 SIDESTEP R35
490 DELIVER 268 R46 157
491 ASSIGN 305 R46 103
491 SIDESTEP R22
491 DELIVER 191 R30 251
491 DELIVER 248 R71 183
492 ASSIGN 387 R30 9
492 ASSIGN 278 R71 112
492 DELIVER 200 R53 243
493 ASSIGN 316 R53 114
493 SIDESTEP R2
493 SIDESTEP R12
493 SIDESTEP R54
493 SIDESTEP R65
493 SIDESTEP R79
494 SIDESTEP R8
494 SIDESTEP R18
494 SIDESTEP R28
494 SIDESTEP R38
495 DELIVER 179 R14 270
495 SIDESTEP R35
495 PICK 284 R69
496 ASSIGN 317 R14 19
497 SIDESTEP R49
498 PICK 222 R50
498 SIDESTEP R54
498 SIDESTEP R78
498 SIDESTEP R79
499 SIDESTEP R8
499 SIDESTEP R28
499 REPORT pending=91 aged=23 idle=0 to_pickup=36 delivering=44 to_charger=0 charging=0 dead=0 hot=22,31,4
500 SIDESTEP R2
500 SIDESTEP R25
500 PICK 387 R30
501 PICK 277 R41
502 SIDESTEP R49
502 SIDESTEP R66
502 SIDESTEP R73
503 SIDESTEP R54
503 SIDESTEP R79
504 SIDESTEP R8
504 SIDESTEP R28
504 SIDESTEP R45
504 SIDESTEP R56
505 SIDESTEP R25
506 DELIVER 224 R68 225
507 ASSIGN 400 R68 64
507 PICK 259 R42
507 SIDESTEP R66
508 SIDESTEP R54
508 SIDESTEP R79
509 PICK 325 R43
509 SIDESTEP R45
509 SIDESTEP R56
509 DELIVER 245 R61 204
510 ASSIGN 320 R61 71
510 SIDESTEP R25
511 SIDESTEP R63
512 SIDESTEP R1
512 SIDESTEP R37
512 SIDESTEP R66
513 PICK 226 R17
513 SIDESTEP R54
514 SIDESTEP R8
514 PICK 317 R14
514 SIDESTEP R31
514 SIDESTEP R45
514 SIDESTEP R56
515 SIDESTEP R13
516 DELIVER 275 R34 172
517 ASSIGN 322 R34 78
517 SIDESTEP R1
517 SIDESTEP R37
517 SIDESTEP R66
518 DELIVER 193 R32 276
518 SIDESTEP R54
518 PICK 285 R72
518 DELIVER 273 R75 177
518 DELIVER 187 R76 284
519 ASSIGN 323 R76 8
519 ASSIGN 330 R32 59
519 ASSIGN 331 R75 60
519 SIDESTEP R8
519 SIDESTEP R31
519 SIDESTEP R56
520 SIDESTEP R36
520 DELIVER 220 R60 245
521 ASSIGN 394 R60 93
521 SIDESTEP R63
522 SIDESTEP R1
522 SIDESTEP R37
522 SIDESTEP R66
523 SIDESTEP R79
524 DELIVER 211 R0 260
524 SIDESTEP R31
524 SIDESTEP R56
525 ASSIGN 396 R0 39
525 DELIVER 180 R27 299
525 SIDESTEP R36
525 SIDESTEP R64
526 ASSIGN 402 R27 105
526 DELIVER 314 R20 135
526 PICK 206 R25
526 PICK 208 R49
526 SIDESTEP R63
526 PICK 323 R76
527 ASSIGN 404 R20 32
527 SIDESTEP R5
527 PICK 251 R16
527 SIDESTEP R37
527 PICK 230 R45
527 DELIVER 225 R55 245
528 ASSIGN 406 R55 95
528 DELIVER 202 R3 276
528 SIDESTEP R72
528 SIDESTEP R79
529 ASSIGN 410 R3 95
529 DELIVER 255 R2 212
529 SIDESTEP R56
530 ASSIGN 280 R2 60
530 DELIVER 233 R15 238
530 SIDESTEP R36
530 SIDESTEP R64
531 ASSIGN 281 R15 61
531 DELIVER 229 R9 244
531 SIDESTEP R31
531 SIDESTEP R63
532 ASSIGN 283 R9 109
532 SIDESTEP R37
532 SIDESTEP R52
533 PICK 262 R19
533 SIDESTEP R72
533 SIDESTEP R79
534 SIDESTEP R56
536 SIDESTEP R31
536 SIDESTEP R60
537 DELIVER 230 R45 249
537 SIDESTEP R73
538 ASSIGN 289 R45 72
538 SIDESTEP R72
538 SIDESTEP R79
539 SIDESTEP R54
540 PICK 364 R10
540 SIDESTEP R22
540 PICK 318 R26
540 SIDESTEP R77
542 SIDESTEP R8
542 SIDESTEP R50
542 DELIVER 238 R66 245
543 ASSIGN 352 R66 26
543 DELIVER 217 R12 271
543 PICK 253 R18
543 DELIVER 259 R42 220
543 SIDESTEP R72
544 ASSIGN 290 R42 87
544 ASSIGN 291 R12 93
544 PICK 265 R40
546 PICK 237 R13
546 DELIVER 256 R77 227
547 ASSIGN 292 R77 25
547 SIDESTEP R6
547 SIDESTEP R8
547 SIDESTEP R19
547 SIDESTEP R66
548 SIDESTEP R42
549 SIDESTEP R33
549 SIDESTEP R45
549 SIDESTEP R78
549 REPORT pending=109 aged=43 idle=0 to_pickup=38 delivering=42 to_charger=0 charging=0 dead=0 hot=73,30,4
550 PICK 218 R38
551 PICK 261 R1
551 PICK 252 R65
552 SIDESTEP R6
552 SIDESTEP R8
552 DELIVER 277 R41 205
553 ASSIGN 359 R41 55
553 SIDESTEP R15
553 DELIVER 284 R69 195
553 DELIVER 231 R74 263
554 ASSIGN 360 R74 44
554 ASSIGN 294 R69 66
554 DELIVER 194 R44 311
554 SIDESTEP R57
555 ASSIGN 295 R44 83
555 SIDESTEP R14
555 SIDESTEP R33
556 PICK 287 R23
557 SIDESTEP R49
558 SIDESTEP R15
558 PICK 404 R20
558 DELIVER 153 R63 361
558 PICK 354 R73
559 ASSIGN 366 R63 70
559 SIDESTEP R18
559 PICK 286 R29
559 DELIVER 258 R56 237
559 DELIVER 250 R59 248
560 ASSIGN 367 R56 44
560 ASSIGN 296 R59 76
560 DELIVER 176 R7 338
560 SIDESTEP R14
560 DELIVER 279 R28 210
560 SIDESTEP R33
560 DELIVER 306 R51 177
561 ASSIGN 297 R28 41
561 ASSIGN 298 R7 101
561 ASSIGN 300 R51 98
561 DELIVER 387 R30 76
562 ASSIGN 301 R30 67
563 PICK 396 R0
563 SIDESTEP R15
564 SIDESTEP R18
565 SIDESTEP R14
565 SIDESTEP R33
566 SIDESTEP R57
566 SIDESTEP R65
567 PICK 363 R35
567 SIDESTEP R63
568 SIDESTEP R15
569 DELIVER 205 R21 313
569 DELIVER 325 R43 164
569 PICK 282 R48
569 DELIVER 204 R62 315
570 REJECT 454
570 ASSIGN 452 R21 64
570 ASSIGN 307 R62 21
570 ASSIGN 308 R43 80
570 SIDESTEP R33
570 PICK 400 R68
570 PICK 361 R78
571 SIDESTEP R57
571 SIDESTEP R65
571 PICK 292 R77
572 DELIVER 234 R8 279
572 SIDESTEP R37
572 SIDESTEP R63
572 DELIVER 339 R64 146
573 ASSIGN 309 R64 33
573 ASSIGN 310 R8 100
573 SIDESTEP R15
573 SIDESTEP R50
575 DELIVER 262 R19 249
575 SIDESTEP R33
576 ASSIGN 379 R19 37
576 SIDESTEP R0
576 SIDESTEP R35
576 SIDESTEP R55
576 SIDESTEP R57
576 SIDESTEP R65
577 PICK 330 R32
577 SIDESTEP R63
578 SIDESTEP R15
578 DELIVER 199 R70 330
578 PICK 331 R75
579 REJECT 462
579 ASSIGN 381 R70 77
579 SIDESTEP R31
580 SIDESTEP R33
580 SIDESTEP R60
581 SIDESTEP R35
581 SIDESTEP R57
581 SIDESTEP R79
582 SIDESTEP R48
582 SIDESTEP R54
582 SIDESTEP R63
583 SIDESTEP R15
583 SIDESTEP R37
584 SIDESTEP R31
584 SIDESTEP R55
585 SIDESTEP R14
585 SIDESTEP R18
585 PICK 235 R47
585 PICK 320 R61
586 SIDESTEP R11
586 SIDESTEP R20
586 PICK 293 R39
586 SIDESTEP R49
586 SIDESTEP R57
587 SIDESTEP R41
587 SIDESTEP R54
587 SIDESTEP R63
587 PICK 352 R66
587 SIDESTEP R75
587 SIDESTEP R78
588 CANCEL 324
588 SIDESTEP R15
588 SIDESTEP R24
589 DELIVER 249 R11 279
589 SIDESTEP R34
589 SIDESTEP R38
590 ASSIGN 311 R11 99
590 SIDESTEP R14
590 SIDESTEP R37
590 PICK 307 R62
591 SIDESTEP R20
591 SIDESTEP R57
592 SIDESTEP R12
592 DELIVER 328 R33 183
592 SIDESTEP R54
592 SIDESTEP R63
592 SIDESTEP R75
592 SIDESTEP R78
593 ASSIGN 312 R33 36
593 PICK 280 R2
593 PICK 304 R52
593 DELIVER 247 R67 286
594 ASSIGN 473 R67 102
594 SIDESTEP R22
594 SIDESTEP R26
594 SIDESTEP R31
594 SIDESTEP R38
595 SIDESTEP R14
596 SIDESTEP R20
596 DELIVER 287 R23 233
596 SIDESTEP R57
596 DELIVER 323 R76 193
597 ASSIGN 313 R23 52
597 ASSIGN 315 R76 19
597 SIDESTEP R54
597 SIDESTEP R63
597 PICK 360 R74
597 SIDESTEP R75
597 SIDESTEP R78
599 SIDESTEP R31
599 REPORT pending=126 aged=54 idle=0 to_pickup=38 delivering=42 to_charger=0 charging=0 dead=0 hot=43,45,6
600 SIDESTEP R14
600 SIDESTEP R67
601 SIDESTEP R20
601 PICK 297 R28
601 PICK 322 R34
601 DELIVER 221 R58 325
602 ASSIGN 319 R58 58
602 SIDESTEP R63
602 DELIVER 400 R68 100
602 SIDESTEP R75
602 SIDESTEP R78
603 ASSIGN 321 R68 82
603 DELIVER 209 R5 342
603 PICK 367 R56
604 CANCEL 384
604 ASSIGN 388 R5 59
604 DELIVER 254 R22 288
604 SIDESTEP R31
605 ASSIGN 390 R22 97
605 SIDESTEP R14
605 SIDESTEP R17
605 PICK 309 R64
605 SIDESTEP R72
606 PICK 305 R46
606 DELIVER 222 R50 328
606 PICK 316 R53
606 SIDESTEP R65
607 ASSIGN 326 R50 47
607 SIDESTEP R10
607 DELIVER 206 R25 350
607 SIDESTEP R54
607 PICK 278 R71
607 SIDESTEP R78
608 ASSIGN 486 R25 109
609 SIDESTEP R31
610 SIDESTEP R14
610 SIDESTEP R23
611 SIDESTEP R20
611 SIDESTEP R35
611 SIDESTEP R65
612 SIDESTEP R7
612 SIDESTEP R10
612 SIDESTEP R15
612 SIDESTEP R38
612 SIDESTEP R40
612 SIDESTEP R78
613 DELIVER 213 R4 347
613 PICK 288 R24
614 CANCEL 398
614 ASSIGN 327 R4 53
614 SIDESTEP R31
614 SIDESTEP R47
615 SIDESTEP R14
615 PICK 289 R45
615 PICK 315 R76
616 PICK 379 R19
616 SIDESTEP R20
616 SIDESTEP R35
616 SIDESTEP R65
617 SIDESTEP R78
618 DELIVER 244 R6 314
618 SIDESTEP R51
618 SIDESTEP R55
619 ASSIGN 329 R6 57
619 SIDESTEP R64
619 SIDESTEP R68
620 SIDESTEP R0
620 SIDESTEP R14
620 SIDESTEP R23
620 PICK 359 R41
620 SIDESTEP R63
620 DELIVER 352 R66 180
621 ASSIGN 332 R66 84
621 SIDESTEP R20
621 SIDESTEP R69
622 SIDESTEP R25
622 DELIVER 315 R76 230
622 DELIVER 292 R77 253
622 SIDESTEP R78
623 ASSIGN 333 R76 81
623 ASSIGN 334 R77 44
623 SIDESTEP R39
623 SIDESTEP R55
624 PICK 410 R3
624 DELIVER 251 R16 312
624 SIDESTEP R50
624 SIDESTEP R64
624 SIDESTEP R68
625 ASSIGN 335 R16 28
625 SIDESTEP R49
625 SIDESTEP R63
626 SIDESTEP R20
627 SIDESTEP R35
627 SIDESTEP R78
628 SIDESTEP R37
628 SIDESTEP R39
628 SIDESTEP R44
628 SIDESTEP R55
629 SIDESTEP R10
629 SIDESTEP R18
629 SIDESTEP R68
629 PICK 271 R79
630 DELIVER 226 R17 347
630 PICK 402 R27
631 ASSIGN 336 R17 21
631 PICK 269 R57
631 SIDESTEP R75
632 DELIVER 299 R31 256
632 SIDESTEP R78
633 ASSIGN 337 R31 81
633 SIDESTEP R22
633 SIDESTEP R37
633 SIDESTEP R39
634 SIDESTEP R15
634 SIDESTEP R18
635 DELIVER 396 R0 137
635 SIDESTEP R6
635 DELIVER 237 R13 339
635 SIDESTEP R69
636 ASSIGN 338 R13 60
636 ASSIGN 340 R0 96
636 PICK 301 R30
637 SIDESTEP R23
637 SIDESTEP R78
638 SIDESTEP R37
638 SIDESTEP R39
639 DELIVER 317 R14 243
639 SIDESTEP R18
640 ASSIGN 341 R14 19
640 SIDESTEP R0
640 DELIVER 270 R36 304
640 SIDESTEP R63
641 ASSIGN 342 R36 66
641 PICK 295 R44
642 PICK 291 R12
642 DELIVER 330 R32 231
642 SIDESTEP R78
643 ASSIGN 343 R32 88
643 DELIVER 280 R2 292
643 SIDESTEP R37
643 SIDESTEP R39
643 SIDESTEP R51
644 ASSIGN 344 R2 30
644 SIDESTEP R8
645 CANCEL_FAIL 379
645 SIDESTEP R6
645 PICK 283 R9
646 SIDESTEP R35
646 PICK 294 R69
647 SIDESTEP R27
648 SIDESTEP R37
648 SIDESTEP R59
648 DELIVER 271 R79 310
649 ASSIGN 347 R79 11
649 SIDESTEP R71
649 REPORT pending=144 aged=65 idle=0 to_pickup=38 delivering=42 to_charger=0 charging=0 dead=0 hot=96,29,4
650 SIDESTEP R6
650 PICK 312 R33
651 PICK 336 R17
651 SIDESTEP R69
652 CANCEL 412
652 DELIVER 261 R1 327
652 PICK 335 R16
653 ASSIGN 348 R1 22
653 SIDESTEP R37
653 SIDESTEP R65
654 SIDESTEP R71
655 SIDESTEP R6
655 SIDESTEP R53
656 DELIVER 318 R26 259
656 DELIVER 297 R28 282
656 PICK 394 R60
657 ASSIGN 524 R26 82
657 ASSIGN 349 R28 30
657 PICK 281 R15
657 PICK 308 R43
658 PICK 341 R14
658 SIDESTEP R31
658 SIDESTEP R37
658 SIDESTEP R44
658 SIDESTEP R65
659 SIDESTEP R17
659 DELIVER 360 R74 208
660 ASSIGN 350 R74 49
660 PICK 326 R50
661 SIDESTEP R59
662 SIDESTEP R24
662 DELIVER 354 R73 219
663 ASSIGN 351 R73 43
663 SIDESTEP R31
663 SIDESTEP R37
663 SIDESTEP R44
664 SIDESTEP R17
664 DELIVER 265 R40 335
665 ASSIGN 353 R40 104
665 SIDESTEP R26
665 DELIVER 286 R29 303
665 DELIVER 363 R35 211
665 SIDESTEP R46
666 ASSIGN 355 R29 58
666 ASSIGN 356 R35 102
666 PICK 327 R4
666 SIDESTEP R34
666 DELIVER 307 R62 282
666 PICK 334 R77
667 ASSIGN 357 R62 76
667 SIDESTEP R24
668 SIDESTEP R44
668 DELIVER 252 R65 354
669 ASSIGN 362 R65 83
669 SIDESTEP R14
669 SIDESTEP R17
669 SIDESTEP R38
670 SIDESTEP R26
670 DELIVER 304 R52 289
670 DELIVER 320 R61 270
671 ASSIGN 365 R52 111
671 ASSIGN 368 R61 18
671 PICK 313 R23
671 SIDESTEP R34
672 SIDESTEP R24
672 PICK 319 R58
673 PICK 344 R2
673 DELIVER 404 R20 165
674 ASSIGN 369 R20 52
674 PICK 348 R1
674 SIDESTEP R17
675 SIDESTEP R14
675 DELIVER 208 R49 415
676 ASSIGN 370 R49 70
676 DELIVER 281 R15 323
676 DELIVER 253 R18 361
676 SIDESTEP R34
676 PICK 381 R70
677 ASSIGN 546 R18 64
677 ASSIGN 371 R15 40
677 SIDESTEP R10
677 SIDESTEP R30
677 DELIVER 367 R56 217
677 SIDESTEP R76
678 ASSIGN 372 R56 49
679 SIDESTEP R17
679 PICK 232 R37
679 DELIVER 289 R45 313
679 PICK 347 R79
680 ASSIGN 373 R45 79
681 DELIVER 327 R4 273
681 SIDESTEP R14
681 PICK 452 R21
682 ASSIGN 374 R4 101
682 SIDESTEP R28
682 DELIVER 282 R48 328
683 ASSIGN 375 R48 120
683 SIDESTEP R3
684 DELIVER 364 R10 229
684 DELIVER 335 R16 263
684 SIDESTEP R72
685 ASSIGN 376 R10 50
685 ASSIGN 377 R16 35
685 SIDESTEP R58
686 DELIVER 334 R77 266
687 ASSIGN 378 R77 50
687 PICK 298 R7
687 SIDESTEP R14
687 SIDESTEP R28
687 SIDESTEP R68
687 DELIVER 331 R75 275
687 DELIVER 361 R78 235
688 ASSIGN 380 R75 71
688 ASSIGN 382 R78 45
688 SIDESTEP R3
688 SIDESTEP R46
688 SIDESTEP R56
689 SIDESTEP R30
689 DELIVER 218 R38 416
689 PICK 406 R55
689 PICK 368 R61
690 ASSIGN 383 R38 35
690 DELIVER 312 R33 301
690 SIDESTEP R58
690 PICK 296 R59
691 ASSIGN 471 R33 98
692 SIDESTEP R28
692 SIDESTEP R68
693 SIDESTEP R14
693 SIDESTEP R46
693 SIDESTEP R49
693 SIDESTEP R56
694 PICK 388 R5
694 SIDESTEP R21
694 SIDESTEP R30
695 PICK 311 R11
695 PICK 290 R42
695 SIDESTEP R58
695 SIDESTEP R60
696 DELIVER 336 R17 274
696 SIDESTEP R26
696 DELIVER 242 R54 394
696 SIDESTEP R62
696 PICK 366 R63
697 ASSIGN 392 R54 51
697 ASSIGN 385 R17 87
697 DELIVER 326 R50 290
697 SIDESTEP R68
697 SIDESTEP R73
698 ASSIGN 386 R50 27
698 SIDESTEP R46
698 SIDESTEP R64
699 SIDESTEP R21
699 SIDESTEP R30
699 REPORT pending=158 aged=75 idle=0 to_pickup=42 delivering=38 to_charger=0 charging=0 dead=0 hot=51,53,5
700 PICK 338 R13
700 SIDESTEP R58
700 SIDESTEP R65
701 SIDESTEP R26
701 SIDESTEP R41
701 SIDESTEP R72
702 SIDESTEP R68
703 DELIVER 379 R19 227
703 SIDESTEP R46
703 DELIVER 235 R47 409
704 ASSIGN 389 R47 20
704 ASSIGN 391 R19 92
704 SIDESTEP R21
704 DELIVER 402 R27 198
704 SIDESTEP R30
704 DELIVER 278 R71 355
705 ASSIGN 483 R27 31
705 ASSIGN 393 R71 77
705 SIDESTEP R4
705 SIDESTEP R55
705 SIDESTEP R58
706 SIDESTEP R26
706 PICK 349 R28
706 SIDESTEP R35
706 SIDESTEP R76
707 PICK 390 R22
707 DELIVER 394 R60 211
707 PICK 332 R66
707 SIDESTEP R68
708 ASSIGN 395 R60 128
708 PICK 473 R67
708 PICK 350 R74
709 SIDESTEP R21
709 SIDESTEP R30
710 PICK 300 R51
710 SIDESTEP R58
710 DELIVER 285 R72 350
711 ASSIGN 397 R72 85
711 DELIVER 348 R1 276
711 DELIVER 291 R12 343
711 SIDESTEP R26
711 SIDESTEP R34
711 DELIVER 368 R61 249
711 SIDESTEP R76
712 ASSIGN 399 R1 29
712 ASSIGN 401 R61 72
712 ASSIGN 403 R12 37
712 SIDESTEP R2
712 DELIVER 293 R39 342
712 SIDESTEP R68
713 ASSIGN 405 R39 95
713 SIDESTEP R66
713 SIDESTEP R75
714 SIDESTEP R8
714 SIDESTEP R21
714 SIDESTEP R30
714 DELIVER 347 R79 280
715 ASSIGN 409 R79 126
715 SIDESTEP R58
716 PICK 371 R15
716 SIDESTEP R26
716 SIDESTEP R34
717 SIDESTEP R2
717 SIDESTEP R17
718 DELIVER 359 R41 268
718 PICK 351 R73
719 ASSIGN 411 R41 31
719 PICK 377 R16
719 SIDESTEP R21
719 SIDESTEP R30
719 PICK 342 R36
719 SIDESTEP R63
720 SIDESTEP R58
721 SIDESTEP R26
721 SIDESTEP R34
721 SIDESTEP R35
722 SIDESTEP R2
722 DELIVER 294 R69 351
722 PICK 333 R76
723 ASSIGN 413 R69 32
723 PICK 486 R25
724 PICK 386 R50
724 SIDESTEP R63
725 SIDESTEP R8
726 SIDESTEP R3
727 SIDESTEP R2
727 DELIVER 309 R64 341
727 SIDESTEP R70
727 SIDESTEP R78
728 ASSIGN 417 R64 69
728 SIDESTEP R72
729 SIDESTEP R63
730 DELIVER 313 R23 340
730 SIDESTEP R35
730 DELIVER 295 R44 358
730 DELIVER 316 R53 337
731 ASSIGN 420 R53 34
731 ASSIGN 421 R23 64
731 ASSIGN 493 R44 87
731 SIDESTEP R3
731 SIDESTEP R14
731 SIDESTEP R34
732 PICK 383 R38
734 PICK 376 R10
734 SIDESTEP R29
734 SIDESTEP R63
735 PICK 310 R8
735 PICK 343 R32
736 SIDESTEP R5
736 PICK 329 R6
736 SIDESTEP R14
736 SIDESTEP R34
736 PICK 378 R77
736 SIDESTEP R79
737 SIDESTEP R33
738 PICK 372 R56
738 PICK 382 R78
739 SIDESTEP R2
739 SIDESTEP R45
739 SIDESTEP R58
739 SIDESTEP R63
740 PICK 399 R1
740 PICK 546 R18
741 SIDESTEP R5
741 SIDESTEP R34
741 DELIVER 381 R70 263
741 SIDESTEP R79
742 ASSIGN 426 R70 40
742 SIDESTEP R33
742 DELIVER 332 R66 326
743 ASSIGN 428 R66 111
743 SIDESTEP R57
744 CANCEL 578
744 SIDESTEP R2
744 SIDESTEP R3
744 SIDESTEP R45
745 SIDESTEP R1
745 DELIVER 283 R9 390
745 SIDESTEP R58
746 ASSIGN 501 R9 77
746 SIDESTEP R5
746 SIDESTEP R21
746 SIDESTEP R26
746 SIDESTEP R34
746 SIDESTEP R53
747 CANCEL 549
747 SIDESTEP R48
747 PICK 321 R68
748 SIDESTEP R57
748 SIDESTEP R76
749 SIDESTEP R2
749 SIDESTEP R45
749 REPORT pending=174 aged=95 idle=0 to_pickup=37 delivering=43 to_charger=0 charging=0 dead=0 hot=56,44,5
750 SIDESTEP R1
750 DELIVER 288 R24 386
750 SIDESTEP R40
750 PICK 389 R47
750 PICK 392 R54
751 ASSIGN 358 R24 92
751 SIDESTEP R5
751 SIDESTEP R16
751 PICK 483 R27
751 SIDESTEP R39
751 PICK 370 R49
751 SIDESTEP R53
751 SIDESTEP R58
752 PICK 403 R12
752 SIDESTEP R14
752 PICK 369 R20
752 SIDESTEP R35
752 SIDESTEP R46
753 PICK 357 R62
754 SIDESTEP R2
754 DELIVER 301 R30 376
754 PICK 337 R31
754 SIDESTEP R41
754 SIDESTEP R45
754 DELIVER 386 R50 270
754 SIDESTEP R63
754 PICK 413 R69
755 ASSIGN 429 R30 120
755 ASSIGN 437 R50 20
755 SIDESTEP R1
755 SIDESTEP R40
757 SIDESTEP R14
757 SIDESTEP R35
757 SIDESTEP R46
759 SIDESTEP R2
759 DELIVER 342 R36 330
759 SIDESTEP R41
759 SIDESTEP R45
759 SIDESTEP R61
759 SIDESTEP R63
760 ASSIGN 433 R36 132
760 SIDESTEP R1
760 SIDESTEP R4
760 PICK 355 R29
760 SIDESTEP R57
760 SIDESTEP R68
762 SIDESTEP R14
762 DELIVER 322 R34 360
762 SIDESTEP R35
762 SIDESTEP R46
762 DELIVER 319 R58 363
763 ASSIGN 435 R34 96
763 ASSIGN 439 R58 108
763 PICK 340 R0
763 SIDESTEP R15
764 SIDESTEP R3
764 SIDESTEP R45
764 SIDESTEP R63
764 SIDESTEP R65
765 CANCEL 485
765 SIDESTEP R1
765 SIDESTEP R26
765 SIDESTEP R57
767 SIDESTEP R14
767 SIDESTEP R35
767 SIDESTEP R42
767 SIDESTEP R46
767 DELIVER 406 R55 256
767 SIDESTEP R64
767 DELIVER 413 R69 248
768 ASSIGN 441 R69 10
768 ASSIGN 446 R55 32
768 DELIVER 308 R43 383
768 PICK 380 R75
769 ASSIGN 453 R43 66
769 SIDESTEP R2
769 SIDESTEP R3
769 SIDESTEP R45
769 SIDESTEP R65
770 REJECT 621
770 SIDESTEP R26
770 SIDESTEP R38
771 SIDESTEP R37
772 SIDESTEP R8
772 SIDESTEP R21
772 SIDESTEP R35
772 PICK 411 R41
772 SIDESTEP R46
772 SIDESTEP R57
772 SIDESTEP R63
773 SIDESTEP R24
773 DELIVER 290 R42 406
774 ASSIGN 447 R42 106
774 SIDESTEP R2
774 SIDESTEP R3
774 SIDESTEP R27
774 PICK 437 R50
774 SIDESTEP R65
775 SIDESTEP R26
775 DELIVER 337 R31 352
775 SIDESTEP R38
776 CANCEL 587
776 ASSIGN 459 R31 111
776 SIDESTEP R37
776 PICK 420 R53
777 DELIVER 546 R18 100
777 SIDESTEP R21
777 PICK 441 R69
778 GO_CHARGE R18 6 1
778 SIDESTEP R12
778 SIDESTEP R14
778 DELIVER 269 R57 443
778 DELIVER 296 R59 405
779 ASSIGN 461 R57 99
779 ASSIGN 511 R59 35
779 SIDESTEP R3
779 SIDESTEP R5
779 SIDESTEP R27
779 SIDESTEP R65
780 DELIVER 371 R15 313
780 SIDESTEP R38
780 PICK 353 R40
781 ASSIGN 520 R15 60
781 SIDESTEP R34
781 SIDESTEP R37
781 SIDESTEP R67
782 PICK 365 R52
782 PICK 426 R70
782 SIDESTEP R79
783 DELIVER 310 R8 396
783 SIDESTEP R12
784 ASSIGN 531 R8 94
784 SIDESTEP R3
784 SIDESTEP R27
784 SIDESTEP R28
784 SIDESTEP R65
787 SIDESTEP R79
788 SIDESTEP R12
788 SIDESTEP R17
789 SIDESTEP R27
789 SIDESTEP R28
789 SIDESTEP R65
790 SIDESTEP R7
790 SIDESTEP R11
790 DELIVER 305 R46 408
791 ASSIGN 470 R46 64
792 SIDESTEP R62
792 SIDESTEP R67
792 DELIVER 350 R74 355
792 SIDESTEP R79
793 GO_CHARGE R74 13 1
793 SIDESTEP R17
793 DELIVER 383 R38 312
794 CANCEL 544
794 GO_CHARGE R38 62 1
794 DELIVER 366 R63 335
794 SIDESTEP R65
795 ASSIGN 532 R63 42
795 SIDESTEP R0
795 SIDESTEP R5
795 SIDESTEP R7
795 SIDESTEP R11
795 SIDESTEP R42
796 SIDESTEP R2
796 PICK 391 R19
796 SIDESTEP R34
797 DELIVER 452 R21 229
797 SIDESTEP R61
797 SIDESTEP R79
798 ASSIGN 477 R21 31
798 DELIVER 341 R14 370
798 PICK 421 R23
799 ASSIGN 534 R14 92
799 PICK 446 R55
799 SIDESTEP R65
799 REPORT pending=195 aged=116 idle=0 to_pickup=34 delivering=43 to_charger=3 charging=0 dead=0 hot=63,57,8
800 SIDESTEP R5
800 SIDESTEP R7
800 PICK 401 R61
800 SIDESTEP R68
800 DELIVER 351 R73 361
801 GO_CHARGE R73 20 1
801 DELIVER 329 R6 391
801 SIDESTEP R27
801 SIDESTEP R34
801 SIDESTEP R62
802 ASSIGN 536 R6 63
802 SIDESTEP R15
802 SIDESTEP R42
802 PICK 373 R45
803 DELIVER 343 R32 373
803 SIDESTEP R39
803 PICK 397 R72
804 ASSIGN 481 R32 58
805 SIDESTEP R5
805 SIDESTEP R68
806 SIDESTEP R27
807 REJECT 654
807 SIDESTEP R15
807 SIDESTEP R34
807 SIDESTEP R35
807 SIDESTEP R37
807 SIDESTEP R42
808 DELIVER 403 R12 301
808 SIDESTEP R39
808 DELIVER 389 R47 319
808 PICK 375 R48
808 DELIVER 441 R69 251
809 ASSIGN 482 R69 61
809 ASSIGN 547 R47 55
809 GO_CHARGE R12 27 1
809 DELIVER 377 R16 335
810 GO_CHARGE R16 34 1
810 SIDESTEP R5
810 DELIVER 311 R11 422
810 DELIVER 372 R56 342
811 ASSIGN 488 R11 57
811 ASSIGN 407 R56 98
811 DELIVER 376 R10 338
811 SIDESTEP R27
811 DELIVER 349 R28 375
811 SIDESTEP R60
812 ASSIGN 408 R28 58
812 ASSIGN 414 R10 48
812 SIDESTEP R15
812 SIDESTEP R34
812 SIDESTEP R35
812 SIDESTEP R42
812 SIDESTEP R67
813 PICK 374 R4
813 SIDESTEP R7
813 SIDESTEP R38
813 SIDESTEP R39
814 PICK 511 R59
815 SIDESTEP R58
816 SIDESTEP R16
816 SIDESTEP R27
816 DELIVER 382 R78 336
817 ASSIGN 491 R78 74
817 SIDESTEP R35
817 DELIVER 232 R37 526
817 PICK 493 R44
817 DELIVER 437 R50 266
818 ASSIGN 557 R37 107
818 GO_CHARGE R50 83 1
818 SIDESTEP R21
818 SIDESTEP R39
818 PICK 417 R64
819 DELIVER 344 R2 388
819 SIDESTEP R12
819 SIDESTEP R23
819 DELIVER 420 R53 292
820 ASSIGN 496 R2 44
820 GO_CHARGE R53 41 1
820 SIDESTEP R5
820 SIDESTEP R67
821 SIDESTEP R27
823 PICK 501 R9
823 CHARGE R18
824 DELIVER 321 R68 423
825 ASSIGN 415 R68 115
825 SIDESTEP R5
825 DELIVER 411 R41 308
825 SIDESTEP R46
825 SIDESTEP R67
826 GO_CHARGE R41 48 1
826 SIDESTEP R13
826 SIDESTEP R27
826 SIDESTEP R42
826 DELIVER 300 R51 449
827 GO_CHARGE R51 55 1
827 SIDESTEP R4
827 SIDESTEP R34
827 DELIVER 365 R52 371
827 DELIVER 426 R70 291
828 ASSIGN 416 R70 102
828 GO_CHARGE R52 76 1
828 SIDESTEP R2
828 SIDESTEP R28
828 PICK 393 R71
828 CHARGE R74
829 SIDESTEP R11
829 DELIVER 333 R76 412
830 ASSIGN 418 R76 42
830 SIDESTEP R67
831 SIDESTEP R12
831 SIDESTEP R25
831 SIDESTEP R27
832 SIDESTEP R4
832 PICK 524 R26
833 SIDESTEP R28
834 SIDESTEP R5
834 DELIVER 298 R7 459
834 PICK 385 R17
834 PICK 453 R43
834 PICK 362 R65
835 ASSIGN 419 R7 113
835 PICK 477 R21
835 SIDESTEP R67
836 SIDESTEP R12
836 SIDESTEP R27
837 CHARGED R18
837 ASSIGN 422 R18 65
837 SIDESTEP R4
837 SIDESTEP R9
837 SIDESTEP R45
837 PICK 532 R63
838 DELIVER 390 R22 347
838 DELIVER 486 R25 230
838 DELIVER 511 R59 199
839 ASSIGN 423 R25 46
839 ASSIGN 424 R59 47
839 GO_CHARGE R22 6 1
839 SIDESTEP R5
840 SIDESTEP R60
840 SIDESTEP R67
841 DELIVER 369 R20 377
842 CHARGED R74
842 ASSIGN 425 R74 92
842 ASSIGN 427 R20 85
842 SIDESTEP R4
842 SIDESTEP R16
842 PICK 471 R33
842 DELIVER 370 R49 377
842 DELIVER 392 R54 348
843 ASSIGN 431 R49 142
843 GO_CHARGE R54 13 1
843 DELIVER 378 R77 368
844 GO_CHARGE R77 69 1
844 DELIVER 410 R3 328
844 SIDESTEP R5
844 SIDESTEP R34
845 GO_CHARGE R3 6 1
845 SIDESTEP R28
845 SIDESTEP R60
846 SIDESTEP R46
846 SIDESTEP R53
847 SIDESTEP R4
847 SIDESTEP R16
847 SIDESTEP R19
848 PICK 405 R39
848 SIDESTEP R67
849 SIDESTEP R5
849 SIDESTEP R9
849 REPORT pending=214 aged=131 idle=0 to_pickup=37 delivering=30 to_charger=13 charging=0 dead=0 hot=53,54,8
850 SIDESTEP R6
850 SIDESTEP R60
850 SIDESTEP R65
851 SIDESTEP R46
851 SIDESTEP R53
852 SIDESTEP R10
852 SIDESTEP R19
852 SIDESTEP R35
853 DELIVER 401 R61 349
853 SIDESTEP R67
854 ASSIGN 430 R61 76
854 SIDESTEP R0
854 SIDESTEP R5
854 SIDESTEP R9
854 SIDESTEP R45
854 PICK 428 R66
855 SIDESTEP R60
855 SIDESTEP R65
856 SIDESTEP R44
856 SIDESTEP R46
856 SIDESTEP R53
857 CHARGE R3
857 SIDESTEP R10
857 SIDESTEP R21
857 SIDESTEP R42
858 SIDESTEP R67
859 SIDESTEP R5
859 SIDESTEP R9
859 SIDESTEP R19
859 DELIVER 353 R40 418
859 SIDESTEP R45
860 GO_CHARGE R40 62 1
860 SIDESTEP R27
860 SIDESTEP R65
861 PICK 481 R32
861 SIDESTEP R44
861 SIDESTEP R46
862 PICK 520 R15
862 SIDESTEP R21
863 SIDESTEP R60
864 SIDESTEP R0
864 SIDESTEP R5
864 SIDESTEP R9
864 SIDESTEP R13
864 SIDESTEP R19
864 SIDESTEP R34
865 DELIVER 446 R55 303
865 SIDESTEP R65
866 CANCEL 573
866 GO_CHARGE R55 83 1
866 SIDESTEP R44
866 SIDESTEP R46
866 DELIVER 357 R62 419
867 GO_CHARGE R62 6 1
867 SIDESTEP R48
868 SIDESTEP R60
869 SIDESTEP R0
869 SIDESTEP R9
869 SIDESTEP R13
869 SIDESTEP R19
869 SIDESTEP R34
869 PICK 482 R69
870 PICK 547 R47
870 SIDESTEP R65
871 CANCEL 647
871 PICK 536 R6
871 SIDESTEP R44
871 SIDESTEP R63
871 PICK 418 R76
872 PICK 409 R79
874 CHARGED R3
874 ASSIGN 597 R3 67
874 SIDESTEP R0
874 SIDESTEP R9
874 SIDESTEP R13
874 SIDESTEP R19
874 SIDESTEP R34
874 DELIVER 373 R45 404
875 GO_CHARGE R45 34 1
875 SIDESTEP R41
875 SIDESTEP R65
876 SIDESTEP R33
876 SIDESTEP R44
876 SIDESTEP R64
877 SIDESTEP R25
877 PICK 461 R57
877 CHARGE R73
877 DELIVER 380 R75 400
878 GO_CHARGE R75 13 1
879 SIDESTEP R0
879 DELIVER 399 R1 378
879 PICK 531 R8
879 SIDESTEP R13
879 SIDESTEP R19
879 SIDESTEP R35
880 ASSIGN 434 R1 53
880 SIDESTEP R9
880 SIDESTEP R65
881 SIDESTEP R33
881 SIDESTEP R37
881 SIDESTEP R44
881 SIDESTEP R47
882 SIDESTEP R16
882 SIDESTEP R25
882 PICK 429 R30
884 SIDESTEP R0
884 SIDESTEP R13
884 SIDESTEP R19
884 SIDESTEP R35
885 SIDESTEP R7
885 SIDESTEP R21
885 DELIVER 355 R29 441
885 DELIVER 375 R48 413
885 SIDESTEP R63
885 SIDESTEP R65
886 CANCEL 711
886 GO_CHARGE R29 83 1
886 GO_CHARGE R48 6 1
886 SIDESTEP R9
886 PICK 459 R31
886 SIDESTEP R33
886 SIDESTEP R37
886 SIDESTEP R44
886 SIDESTEP R47
887 PICK 496 R2
887 SIDESTEP R16
887 SIDESTEP R57
889 SIDESTEP R19
889 DELIVER 393 R71 394
890 ASSIGN 432 R71 133
890 SIDESTEP R21
890 SIDESTEP R49
890 SIDESTEP R59
890 SIDESTEP R63
890 SIDESTEP R64
890 SIDESTEP R65
891 PICK 534 R14
891 DELIVER 385 R17 408
891 SIDESTEP R33
891 SIDESTEP R37
891 SIDESTEP R47
891 DELIVER 473 R67 297
891 PICK 491 R78
892 GO_CHARGE R17 13 1
892 GO_CHARGE R67 62 1
892 SIDESTEP R57
893 CHARGE R48
894 CHARGED R73
894 ASSIGN 632 R73 73
894 SIDESTEP R19
895 SIDESTEP R21
895 SIDESTEP R45
895 SIDESTEP R49
895 PICK 424 R59
895 SIDESTEP R64
896 SIDESTEP R16
896 SIDESTEP R30
896 SIDESTEP R33
896 SIDESTEP R37
896 SIDESTEP R69
898 CANCEL 686
898 SIDESTEP R51
899 CANCEL 659
899 SIDESTEP R19
899 REPORT pending=240 aged=168 idle=0 to_pickup=26 delivering=34 to_charger=19 charging=1 dead=0 hot=43,37,6
900 SIDESTEP R21
900 SIDESTEP R45
900 SIDESTEP R49
901 SIDESTEP R6
901 SIDESTEP R30
901 SIDESTEP R37
901 PICK 439 R58
901 SIDESTEP R69
902 SIDESTEP R16
904 SIDESTEP R12
904 PICK 358 R24
904 CHARGE R38
904 SIDESTEP R51
904 SIDESTEP R67
905 PICK 408 R28
905 SIDESTEP R49
906 SIDESTEP R6
906 SIDESTEP R30
906 SIDESTEP R37
906 SIDESTEP R69
907 SIDESTEP R0
907 PICK 414 R10
907 SIDESTEP R64
908 SIDESTEP R16
908 PICK 433 R36
909 CHARGED R48
909 ASSIGN 436 R48 81
909 PICK 422 R18
909 SIDESTEP R33
909 SIDESTEP R59
909 SIDESTEP R78
910 DELIVER 388 R5 422
910 DELIVER 501 R9 284
910 PICK 488 R11
910 SIDESTEP R49
910 PICK 395 R60
911 ASSIGN 438 R5 67
911 GO_CHARGE R9 20 1
911 SIDESTEP R19
911 SIDESTEP R30
911 SIDESTEP R69
912 SIDESTEP R64
912 DELIVER 418 R76 388
913 GO_CHARGE R76 6 1
913 DELIVER 520 R15 263
913 SIDESTEP R17
914 GO_CHARGE R15 83 1
914 DELIVER 338 R13 489
914 PICK 423 R25
914 DELIVER 547 R47 236
914 DELIVER 397 R72 415
914 SIDESTEP R78
915 ASSIGN 440 R13 79
915 ASSIGN 442 R47 72
915 GO_CHARGE R72 13 1
915 SIDESTEP R2
915 SIDESTEP R49
915 SIDESTEP R59
916 SIDESTEP R30
916 PICK 470 R46
917 SIDESTEP R41
917 PICK 407 R56
917 SIDESTEP R64
917 SIDESTEP R69
918 SIDESTEP R17
919 CANCEL 583
919 CHARGED R38
919 ASSIGN 443 R38 21
919 SIDESTEP R22
919 SIDESTEP R78
920 PICK 356 R35
921 SIDESTEP R30
923 SIDESTEP R17
924 SIDESTEP R22
924 DELIVER 428 R66 385
925 GO_CHARGE R66 6 1
925 DELIVER 340 R0 498
926 GO_CHARGE R0 20 1
926 SIDESTEP R30
926 DELIVER 405 R39 416
926 DELIVER 453 R43 357
926 SIDESTEP R53
926 DELIVER 439 R58 373
927 GO_CHARGE R39 6 1
927 GO_CHARGE R43 13 1
927 GO_CHARGE R58 6 1
927 DELIVER 395 R60 430
928 GO_CHARGE R60 83 1
929 SIDESTEP R64
930 PICK 416 R70
931 DELIVER 421 R23 402
931 SIDESTEP R30
931 SIDESTEP R53
932 GO_CHARGE R23 6 1
932 SIDESTEP R11
932 CHARGE R12
932 PICK 447 R42
933 DELIVER 481 R32 330
933 CHARGE R54
933 CHARGE R62
933 PICK 425 R74
934 GO_CHARGE R32 6 1
934 PICK 434 R1
934 SIDESTEP R64
935 DELIVER 532 R63 273
936 GO_CHARGE R63 83 1
936 SIDESTEP R30
937 SIDESTEP R46
937 SIDESTEP R69
937 SIDESTEP R77
938 PICK 597 R3
938 PICK 427 R20
938 SIDESTEP R39
938 SIDESTEP R43
938 PICK 430 R61
939 PICK 443 R38
939 PICK 415 R68
941 SIDESTEP R16
941 SIDESTEP R30
942 CANCEL 630
942 SIDESTEP R69
943 SIDESTEP R6
943 SIDESTEP R53
943 SIDESTEP R77
944 DELIVER 483 R27 339
944 SIDESTEP R39
945 GO_CHARGE R27 6 1
946 SIDESTEP R18
946 SIDESTEP R30
946 SIDESTEP R37
947 CHARGED R12
947 ASSIGN 497 R12 33
948 REJECT 768
948 CHARGED R54
948 ASSIGN 500 R54 51
948 SIDESTEP R35
948 SIDESTEP R53
949 SIDESTEP R8
949 SIDESTEP R39
949 SIDESTEP R66
949 REPORT pending=276 aged=196 idle=0 to_pickup=12 delivering=38 to_charger=29 charging=1 dead=0 hot=39,23,7
950 CHARGED R62
950 ASSIGN 502 R62 115
950 SIDESTEP R46
951 SIDESTEP R18
951 CHARGE R22
951 SIDESTEP R30
951 DELIVER 471 R33 360
951 SIDESTEP R37
952 GO_CHARGE R33 27 1
952 DELIVER 362 R65 499
953 ASSIGN 503 R65 32
953 DELIVER 374 R4 482
953 SIDESTEP R35
953 SIDESTEP R53
954 GO_CHARGE R4 6 1
954 SIDESTEP R11
954 SIDESTEP R39
956 DELIVER 524 R26 302
956 SIDESTEP R30
956 SIDESTEP R37
956 DELIVER 417 R64 433
956 SIDESTEP R66
957 GO_CHARGE R26 83 1
957 GO_CHARGE R64 20 1
958 SIDESTEP R35
958 SIDESTEP R48
958 CHARGE R51
959 SIDESTEP R68
960 SIDESTEP R14
961 SIDESTEP R30
961 SIDESTEP R37
961 SIDESTEP R45
961 DELIVER 424 R59 429
961 SIDESTEP R62
961 SIDESTEP R66
961 CHARGE R75
962 GO_CHARGE R59 6 1
962 SIDESTEP R9
962 DELIVER 423 R25 431
962 SIDESTEP R27
963 GO_CHARGE R25 83 1
963 PICK 435 R34
963 SIDESTEP R48
964 CHARGE R40
964 DELIVER 407 R56 452
964 SIDESTEP R68
965 GO_CHARGE R56 6 1
965 SIDESTEP R14
966 CHARGED R22
966 ASSIGN 444 R22 127
966 CHARGE R29
966 SIDESTEP R30
966 CHARGE R32
966 SIDESTEP R37
966 SIDESTEP R45
966 PICK 632 R73
967 SIDESTEP R9
967 DELIVER 408 R28 454
968 GO_CHARGE R28 34 1
968 SIDESTEP R27
969 PICK 419 R7
969 SIDESTEP R68
970 SIDESTEP R14
971 SIDESTEP R30
971 SIDESTEP R31
972 SIDESTEP R1
972 DELIVER 496 R2 353
972 SIDESTEP R9
972 SIDESTEP R13
972 DELIVER 358 R24 523
973 GO_CHARGE R2 6 1
973 GO_CHARGE R24 6 1
973 SIDESTEP R27
973 DELIVER 493 R44 357
974 CHARGED R51
974 ASSIGN 445 R51 15
974 GO_CHARGE R44 55 1
974 SIDESTEP R3
974 DELIVER 391 R19 482
974 SIDESTEP R23
974 SIDESTEP R79
975 GO_CHARGE R19 6 1
975 SIDESTEP R12
975 SIDESTEP R58
975 SIDESTEP R77
976 SIDESTEP R22
976 SIDESTEP R30
976 SIDESTEP R31
977 CHARGED R75
977 ASSIGN 448 R75 116
977 SIDESTEP R9
977 SIDESTEP R13
977 SIDESTEP R45
978 SIDESTEP R27
978 CHARGE R41
979 SIDESTEP R3
979 SIDESTEP R23
979 SIDESTEP R28
979 SIDESTEP R53
979 SIDESTEP R76
980 SIDESTEP R16
981 CHARGED R40
981 ASSIGN 449 R40 99
981 SIDESTEP R30
981 SIDESTEP R31
982 SIDESTEP R9
982 SIDESTEP R17
982 SIDESTEP R45
983 CHARGED R29
983 CHARGED R32
983 ASSIGN 450 R29 44
983 ASSIGN 451 R32 122
983 SIDESTEP R27
983 CHARGE R39
984 SIDESTEP R3
984 SIDESTEP R23
984 SIDESTEP R28
984 DELIVER 461 R57 406
984 SIDESTEP R76
985 GO_CHARGE R57 20 1
985 SIDESTEP R4
985 PICK 497 R12
985 SIDESTEP R74
986 SIDESTEP R22
986 SIDESTEP R30
986 SIDESTEP R31
986 PICK 503 R65
986 DELIVER 491 R78 373
987 GO_CHARGE R78 6 1
987 SIDESTEP R9
987 SIDESTEP R42
988 REJECT 800
988 SIDESTEP R27
988 PICK 445 R51
989 SIDESTEP R3
989 DELIVER 531 R8 328
989 SIDESTEP R18
989 SIDESTEP R28
989 SIDESTEP R35
989 SIDESTEP R45
989 SIDESTEP R76
990 GO_CHARGE R8 6 1
990 SIDESTEP R4
990 PICK 438 R5
990 SIDESTEP R58
990 SIDESTEP R74
991 SIDESTEP R61
992 SIDESTEP R9
992 SIDESTEP R42
994 CHARGED R41
994 ASSIGN 455 R41 71
994 SIDESTEP R3
994 SIDESTEP R18
994 SIDESTEP R28
994 PICK 442 R47
994 SIDESTEP R48
994 SIDESTEP R76
995 SIDESTEP R4
995 SIDESTEP R58
995 SIDESTEP R59
995 SIDESTEP R62
996 SIDESTEP R35
996 SIDESTEP R49
996 SIDESTEP R61
997 SIDESTEP R42
998 PICK 557 R37
998 CHARGE R77
999 CHARGED R39
999 ASSIGN 456 R39 82
999 SIDESTEP R3
999 SIDESTEP R18
999 SIDESTEP R28
999 CHARGE R50
999 SIDESTEP R64
999 SIDESTEP R76
999 REPORT pending=304 aged=221 idle=0 to_pickup=13 delivering=31 to_charger=34 charging=2 dead=0 hot=6,1,9
1000 SIDESTEP R4
1000 CHARGE R17
1000 SIDESTEP R54
1000 SIDESTEP R58
1001 DELIVER 536 R6 335
1001 CHARGE R16
1001 SIDESTEP R35
1001 SIDESTEP R59
1001 SIDESTEP R61
1001 SIDESTEP R79
1002 GO_CHARGE R6 48 1
1002 DELIVER 427 R20 464
1002 SIDESTEP R49
1003 GO_CHARGE R20 20 1
1003 DELIVER 477 R21 405
1003 SIDESTEP R57
1004 GO_CHARGE R21 6 1
1004 SIDESTEP R28
1004 SIDESTEP R52
1005 SIDESTEP R4
1005 SIDESTEP R13
1006 SIDESTEP R18
1006 SIDESTEP R35
1006 PICK 500 R54
1006 SIDESTEP R58
1006 SIDESTEP R79
1007 SIDESTEP R59
1007 SIDESTEP R71
1007 SIDESTEP R76
1008 SIDESTEP R61
1008 SIDESTEP R67
1009 SIDESTEP R20
1009 SIDESTEP R28
1009 SIDESTEP R52
1011 SIDESTEP R18
1011 SIDESTEP R60
1011 SIDESTEP R79
1012 CANCEL 787
1012 SIDESTEP R15
1012 SIDESTEP R47
1012 SIDESTEP R58
1013 SIDESTEP R4
1013 SIDESTEP R59
1013 SIDESTEP R61
1013 SIDESTEP R65
1013 SIDESTEP R67
1014 SIDESTEP R0
1014 SIDESTEP R20
1014 SIDESTEP R28
1014 SIDESTEP R43
1014 SIDESTEP R75
1015 CHARGED R50
1015 CHARGED R77
1015 ASSIGN 457 R77 38
1015 ASSIGN 458 R50 65
1015 CHARGE R55
1015 DELIVER 416 R70 493
1016 CHARGED R16
1016 CHARGED R17
1016 ASSIGN 460 R16 50
1016 ASSIGN 463 R17 74
1016 GO_CHARGE R70 69 1
1016 SIDESTEP R18
1016 DELIVER 470 R46 426
1016 PICK 436 R48
1017 GO_CHARGE R46 20 1
1017 SIDESTEP R47
1017 SIDESTEP R76
1017 SIDESTEP R79
1018 SIDESTEP R13
1018 SIDESTEP R53
1018 SIDESTEP R58
1018 SIDESTEP R59
1018 SIDESTEP R61
1018 SIDESTEP R67
1019 SIDESTEP R8
1019 SIDESTEP R22
1019 DELIVER 433 R36 474
1020 GO_CHARGE R36 13 1
1020 SIDESTEP R17
1020 SIDESTEP R43
1020 CHARGE R72
1021 SIDESTEP R7
1021 SIDESTEP R18
1021 SIDESTEP R52
1022 SIDESTEP R47
1022 SIDESTEP R76
1023 DELIVER 434 R1 475
1023 SIDESTEP R4
1023 SIDESTEP R13
1023 SIDESTEP R53
1023 SIDESTEP R58
1023 SIDESTEP R59
1023 SIDESTEP R61
1023 SIDESTEP R67
1024 GO_CHARGE R1 13 1
1024 SIDESTEP R0
1024 DELIVER 459 R31 448
1025 GO_CHARGE R31 6 1
1025 SIDESTEP R8
1025 SIDESTEP R79
1026 SIDESTEP R7
1026 SIDESTEP R18
1026 PICK 450 R29
1026 SIDESTEP R52
1027 SIDESTEP R47
1028 SIDESTEP R9
1028 SIDESTEP R13
1028 SIDESTEP R28
1028 SIDESTEP R53
1028 SIDESTEP R58
1028 SIDESTEP R61
1028 SIDESTEP R67
1029 SIDESTEP R0
1029 SIDESTEP R4
1029 SIDESTEP R59
1031 CHARGED R55
1031 ASSIGN 671 R55 66
1031 SIDESTEP R7
1031 SIDESTEP R8
1031 DELIVER 534 R14 367
1031 SIDESTEP R18
1032 GO_CHARGE R14 6 1
1032 SIDESTEP R47
1032 SIDESTEP R52
1032 DELIVER 503 R65 404
1032 DELIVER 482 R69 428
1033 GO_CHARGE R65 6 1
1033 GO_CHARGE R69 6 1
1033 SIDESTEP R9
1033 SIDESTEP R13
1033 SIDESTEP R46
1033 SIDESTEP R58
1033 SIDESTEP R79
1034 SIDESTEP R0
1034 SIDESTEP R4
1034 SIDESTEP R42
1034 SIDESTEP R71
1034 SIDESTEP R76
1035 SIDESTEP R55
1035 SIDESTEP R59
1035 SIDESTEP R67
1036 CHARGED R72
1036 ASSIGN 506 R72 35
1036 SIDESTEP R7
1036 SIDESTEP R8
1036 CHARGE R15
1036 SIDESTEP R45
1036 SIDESTEP R56
1037 SIDESTEP R47
1038 SIDESTEP R16
1039 SIDESTEP R0
1039 SIDESTEP R4
1039 DELIVER 488 R11 429
1039 SIDESTEP R42
1039 SIDESTEP R76
1039 SIDESTEP R79
1040 GO_CHARGE R11 62 1
1040 SIDESTEP R9
1040 DELIVER 414 R10 520
1040 SIDESTEP R58
1040 SIDESTEP R59
1040 SIDESTEP R72
1041 GO_CHARGE R10 6 1
1041 SIDESTEP R7
1041 SIDESTEP R8
1041 DELIVER 443 R38 482
1041 CHARGE R43
1041 SIDESTEP R45
1041 SIDESTEP R52
1041 SIDESTEP R56
1042 ASSIGN 508 R38 90
1042 SIDESTEP R19
1042 SIDESTEP R47
1043 SIDESTEP R16
1043 SIDESTEP R33
1043 SIDESTEP R35
1043 DELIVER 445 R51 482
1044 REJECT 840
1044 ASSIGN 464 R51 50
1044 SIDESTEP R0
1044 SIDESTEP R42
1045 SIDESTEP R9
1045 SIDESTEP R59
1045 SIDESTEP R79
1046 SIDESTEP R7
1046 SIDESTEP R8
1046 SIDESTEP R45
1046 SIDESTEP R52
1046 SIDESTEP R56
1046 SIDESTEP R76
1047 SIDESTEP R19
1047 SIDESTEP R44
1047 SIDESTEP R47
1047 DELIVER 415 R68 526
1048 GO_CHARGE R68 6 1
1048 SIDESTEP R16
1048 DELIVER 422 R18 518
1048 SIDESTEP R33
1048 SIDESTEP R35
1049 ASSIGN 465 R18 51
1049 SIDESTEP R0
1049 SIDESTEP R32
1049 SIDESTEP R34
1049 REPORT pending=329 aged=257 idle=0 to_pickup=19 delivering=17 to_charger=42 charging=2 dead=0 hot=6,1,14
1050 SIDESTEP R79
1051 SIDESTEP R7
1051 SIDESTEP R8
1051 SIDESTEP R56
1051 SIDESTEP R58
1051 SIDESTEP R76
1051 SIDESTEP R78
1052 SIDESTEP R19
1052 SIDESTEP R44
1052 SIDESTEP R47
1052 SIDESTEP R52
1052 SIDESTEP R63
1052 PICK 457 R77
1053 CHARGED R15
1053 ASSIGN 523 R15 36
1053 SIDESTEP R16
1053 SIDESTEP R21
1053 SIDESTEP R35
1053 SIDESTEP R73
1055 SIDESTEP R79
1056 SIDESTEP R7
1056 SIDESTEP R8
1056 PICK 440 R13
1056 SIDESTEP R56
1056 SIDESTEP R58
1056 SIDESTEP R59
1057 SIDESTEP R15
1057 SIDESTEP R19
1057 SIDESTEP R44
1057 SIDESTEP R47
1057 SIDESTEP R55
1057 CHARGE R60
1058 SIDESTEP R21
1058 SIDESTEP R35
1058 SIDESTEP R65
1058 SIDESTEP R73
1058 SIDESTEP R76
1059 CHARGED R43
1059 ASSIGN 527 R43 25
1059 SIDESTEP R4
1059 SIDESTEP R32
1059 SIDESTEP R63
1060 SIDESTEP R79
1061 SIDESTEP R7
1061 SIDESTEP R13
1061 SIDESTEP R17
1061 SIDESTEP R45
1061 SIDESTEP R58
1062 SIDESTEP R19
1062 SIDESTEP R44
1062 SIDESTEP R47
1062 SIDESTEP R55
1063 SIDESTEP R21
1063 SIDESTEP R26
1063 SIDESTEP R35
1063 SIDESTEP R52
1063 SIDESTEP R65
1063 SIDESTEP R73
1063 SIDESTEP R76
1063 SIDESTEP R78
1064 SIDESTEP R4
1064 SIDESTEP R25
1064 SIDESTEP R32
1064 SIDESTEP R38
1064 SIDESTEP R59
1065 DELIVER 497 R12 444
1065 SIDESTEP R56
1065 SIDESTEP R79
1066 ASSIGN 529 R12 56
1066 SIDESTEP R7
1066 SIDESTEP R17
1066 SIDESTEP R58
1066 SIDESTEP R61
1066 CHARGE R67
1066 DELIVER 425 R74 533
1067 ASSIGN 619 R74 24
1067 SIDESTEP R44
1067 SIDESTEP R55
1068 SIDESTEP R21
1068 CHARGE R33
1068 PICK 455 R41
1068 SIDESTEP R65
1068 SIDESTEP R76
1068 SIDESTEP R78
1069 SIDESTEP R4
1069 SIDESTEP R6
1069 SIDESTEP R32
1069 SIDESTEP R52
1069 CHARGE R53
1069 SIDESTEP R59
1070 SIDESTEP R8
1070 SIDESTEP R79
1071 SIDESTEP R7
1071 SIDESTEP R17
1071 SIDESTEP R19
1071 SIDESTEP R58
1071 SIDESTEP R61
1071 SIDESTEP R62
1072 CHARGED R60
1072 ASSIGN 537 R60 24
1072 DELIVER 438 R5 520
1073 GO_CHARGE R5 6 1
1073 SIDESTEP R21
1073 DELIVER 435 R34 524
1073 SIDESTEP R38
1073 SIDESTEP R65
1073 SIDESTEP R76
1073 SIDESTEP R78
1074 CANCEL 819
1074 GO_CHARGE R34 6 1
1074 SIDESTEP R4
1074 SIDESTEP R6
1074 SIDESTEP R10
1074 SIDESTEP R20
1074 SIDESTEP R32
1074 SIDESTEP R46
1074 SIDESTEP R59
1074 PICK 506 R72
1075 SIDESTEP R8
1075 SIDESTEP R56
1075 SIDESTEP R79
1076 SIDESTEP R7
1076 SIDESTEP R17
1076 SIDESTEP R44
1076 SIDESTEP R58
1076 SIDESTEP R61
1076 SIDESTEP R62
1077 SIDESTEP R75
1078 DELIVER 429 R30 538
1078 SIDESTEP R38
1078 SIDESTEP R65
1078 SIDESTEP R76
1078 SIDESTEP R78
1079 GO_CHARGE R30 83 1
1079 SIDESTEP R4
1079 SIDESTEP R6
1079 SIDESTEP R10
1079 SIDESTEP R14
1079 SIDESTEP R46
1079 PICK 431 R49
1079 PICK 458 R50
1079 SIDESTEP R59
1079 CHARGE R63
1080 SIDESTEP R8
1080 CHARGE R52
1080 DELIVER 500 R54 455
1080 SIDESTEP R56
1080 SIDESTEP R79
1081 CANCEL 777
1081 ASSIGN 548 R54 75
1081 SIDESTEP R7
1081 SIDESTEP R19
1081 CHARGE R45
1081 SIDESTEP R58
1081 SIDESTEP R61
1081 SIDESTEP R62
1082 SIDESTEP R21
1082 SIDESTEP R75
1083 CHARGED R67
1083 ASSIGN 466 R67 28
1083 SIDESTEP R38
1083 PICK 527 R43
1083 SIDESTEP R76
1083 SIDESTEP R78
1084 SIDESTEP R4
1084 SIDESTEP R6
1084 SIDESTEP R10
1084 SIDESTEP R46
1084 SIDESTEP R59
1084 PICK 432 R71
1085 CHARGED R33
1085 CHARGED R53
1085 ASSIGN 467 R33 31
1085 ASSIGN 624 R53 86
1085 SIDESTEP R8
1085 SIDESTEP R14
1085 DELIVER 447 R42 522
1085 SIDESTEP R56
1085 SIDESTEP R79
1086 GO_CHARGE R42 27 1
1086 SIDESTEP R7
1086 SIDESTEP R9
1086 SIDESTEP R19
1086 SIDESTEP R25
1086 SIDESTEP R58
1086 SIDESTEP R61
1086 SIDESTEP R62
1087 DELIVER 597 R3 344
1087 SIDESTEP R65
1088 ASSIGN 468 R3 105
1088 SIDESTEP R36
1088 SIDESTEP R76
1089 SIDESTEP R4
1089 SIDESTEP R6
1089 SIDESTEP R46
1089 SIDESTEP R59
1090 SIDESTEP R8
1090 SIDESTEP R10
1090 SIDESTEP R14
1090 SIDESTEP R56
1090 SIDESTEP R68
1090 PICK 619 R74
1091 SIDESTEP R7
1091 SIDESTEP R9
1091 SIDESTEP R17
1091 SIDESTEP R19
1091 SIDESTEP R58
1091 SIDESTEP R64
1092 PICK 523 R15
1092 SIDESTEP R21
1092 SIDESTEP R25
1092 SIDESTEP R57
1092 SIDESTEP R78
1093 PICK 460 R16
1093 SIDESTEP R36
1093 PICK 464 R51
1093 SIDESTEP R76
1094 SIDESTEP R4
1094 SIDESTEP R46
1094 SIDESTEP R59
1095 CHARGED R63
1095 ASSIGN 469 R63 29
1095 SIDESTEP R8
1095 SIDESTEP R10
1095 SIDESTEP R14
1095 SIDESTEP R56
1095 PICK 537 R60
1095 SIDESTEP R68
1095 SIDESTEP R69
1096 CANCEL 842
1096 CHARGED R52
1096 ASSIGN 472 R52 74
1096 CHARGE R0
1096 SIDESTEP R7
1096 SIDESTEP R19
1096 CHARGE R26
1096 SIDESTEP R58
1096 SIDESTEP R61
1097 CHARGED R45
1097 ASSIGN 474 R45 71
1097 SIDESTEP R17
1097 SIDESTEP R21
1097 SIDESTEP R38
1097 SIDESTEP R57
1097 SIDESTEP R65
1098 SIDESTEP R6
1098 SIDESTEP R76
1099 SIDESTEP R4
1099 PICK 449 R40
1099 SIDESTEP R59
1099 SIDESTEP R73
1099 REPORT pending=356 aged=280 idle=0 to_pickup=18 delivering=23 to_charger=37 charging=2 dead=0 hot=6,1,13
1100 SIDESTEP R8
1100 SIDESTEP R14
1100 PICK 465 R18
1100 SIDESTEP R56
1100 SIDESTEP R68
1101 CANCEL 732
1101 SIDESTEP R7
1101 SIDESTEP R19
1101 SIDESTEP R58
1101 SIDESTEP R61
1101 PICK 502 R62
1101 SIDESTEP R69
1102 SIDESTEP R17
1102 SIDESTEP R21
1102 SIDESTEP R32
1102 SIDESTEP R57
1102 SIDESTEP R65
1102 SIDESTEP R78
1103 SIDESTEP R10
1103 DELIVER 356 R35 657
1103 SIDESTEP R43
1103 DELIVER 436 R48 553
1103 SIDESTEP R76
1104 ASSIGN 475 R48 57
1104 GO_CHARGE R35 41 1
1104 SIDESTEP R4
1104 SIDESTEP R59
1104 SIDESTEP R73
1105 CANCEL 880
1105 SIDESTEP R8
1105 SIDESTEP R14
1105 SIDESTEP R56
1106 SIDESTEP R7
1106 SIDESTEP R19
1106 SIDESTEP R58
1106 SIDESTEP R69
1106 SIDESTEP R79
1107 SIDESTEP R5
1107 DELIVER 440 R13 551
1107 SIDESTEP R17
1107 SIDESTEP R21
1107 SIDESTEP R32
1107 SIDESTEP R57
1107 SIDESTEP R65
1107 SIDESTEP R67
1107 SIDESTEP R78
1108 GO_CHARGE R13 76 1
1108 SIDESTEP R42
1108 SIDESTEP R43
1108 SIDESTEP R68
1109 SIDESTEP R4
1109 SIDESTEP R59
1109 SIDESTEP R73
1110 SIDESTEP R8
1110 SIDESTEP R56
1111 SIDESTEP R7
1111 SIDESTEP R19
1111 SIDESTEP R58
1111 SIDESTEP R69
1111 SIDESTEP R76
1112 CHARGED R0
1112 CHARGED R26
1112 ASSIGN 476 R26 59
1112 ASSIGN 478 R0 51
1112 SIDESTEP R17
1112 SIDESTEP R21
1112 SIDESTEP R32
1112 SIDESTEP R37
1112 SIDESTEP R57
1112 SIDESTEP R65
1112 SIDESTEP R78
1113 SIDESTEP R5
1113 SIDESTEP R10
1113 SIDESTEP R42
1113 SIDESTEP R43
1114 SIDESTEP R1
1114 SIDESTEP R4
1114 SIDESTEP R59
1114 PICK 466 R67
1114 SIDESTEP R73
1114 SIDESTEP R77
1114 SIDESTEP R79
1115 SIDESTEP R8
1115 SIDESTEP R14
1115 PICK 467 R33
1115 SIDESTEP R56
1116 SIDESTEP R7
1116 SIDESTEP R19
1116 SIDESTEP R26
1116 DELIVER 431 R49 574
1117 GO_CHARGE R49 34 1
1117 SIDESTEP R17
1117 SIDESTEP R21
1117 CHARGE R25
1117 SIDESTEP R32
1117 SIDESTEP R37
1117 SIDESTEP R57
1117 SIDESTEP R58
1117 SIDESTEP R65
1117 SIDESTEP R78
1118 SIDESTEP R5
1118 SIDESTEP R43
1118 SIDESTEP R68
1119 SIDESTEP R1
1119 SIDESTEP R10
1119 SIDESTEP R59
1119 SIDESTEP R60
1119 DELIVER 506 R72 487
1119 SIDESTEP R73
1119 SIDESTEP R76
1119 SIDESTEP R77
1120 ASSIGN 479 R72 118
1120 SIDESTEP R8
1120 PICK 671 R55
1120 SIDESTEP R56
1121 SIDESTEP R7
1121 SIDESTEP R14
1121 SIDESTEP R44
1122 SIDESTEP R2
1122 SIDESTEP R17
1122 SIDESTEP R21
1122 SIDESTEP R37
1122 SIDESTEP R57
1122 SIDESTEP R65
1122 SIDESTEP R78
1123 SIDESTEP R5
1123 DELIVER 467 R33 539
1123 SIDESTEP R43
1123 PICK 469 R63
1123 SIDESTEP R68
1123 SIDESTEP R69
1124 ASSIGN 480 R33 108
1124 SIDESTEP R60
1124 SIDESTEP R73
1124 PICK 448 R75
1124 SIDESTEP R76
1124 SIDESTEP R77
1125 SIDESTEP R8
1125 SIDESTEP R10
1125 DELIVER 455 R41 554
1125 SIDESTEP R56
1125 SIDESTEP R74
1126 ASSIGN 484 R41 22
1126 SIDESTEP R4
1126 SIDESTEP R44
1127 SIDESTEP R19
1127 SIDESTEP R21
1127 SIDESTEP R24
1127 SIDESTEP R57
1127 SIDESTEP R65
1127 SIDESTEP R78
1128 SIDESTEP R5
1128 SIDESTEP R7
1128 SIDESTEP R43
1128 SIDESTEP R68
1128 SIDESTEP R69
1129 SIDESTEP R14
1129 SIDESTEP R20
1129 SIDESTEP R60
1129 SIDESTEP R73
1129 SIDESTEP R77
1129 SIDESTEP R79
1130 SIDESTEP R8
1130 DELIVER 450 R29 564
1130 SIDESTEP R33
1130 DELIVER 442 R47 572
1130 SIDESTEP R51
1130 SIDESTEP R56
1130 SIDESTEP R71
1131 ASSIGN 487 R29 26
1131 GO_CHARGE R47 83 1
1131 SIDESTEP R0
1131 SIDESTEP R4
1131 SIDESTEP R10
1131 SIDESTEP R44
1131 SIDESTEP R76
1132 SIDESTEP R1
1132 DELIVER 465 R18 550
1132 SIDESTEP R19
1132 SIDESTEP R28
1132 SIDESTEP R61
1132 SIDESTEP R65
1132 SIDESTEP R78
1133 ASSIGN 489 R18 76
1133 SIDESTEP R7
1133 SIDESTEP R21
1133 SIDESTEP R68
1133 SIDESTEP R69
1134 CHARGED R25
1134 ASSIGN 490 R25 38
1134 SIDESTEP R14
1134 SIDESTEP R20
1134 SIDESTEP R37
1134 SIDESTEP R73
1134 SIDESTEP R77
1134 SIDESTEP R79
1135 SIDESTEP R33
1135 SIDESTEP R40
1135 SIDESTEP R51
1136 SIDESTEP R35
1136 SIDESTEP R44
1136 SIDESTEP R46
1136 SIDESTEP R75
1136 SIDESTEP R76
1137 SIDESTEP R1
1137 SIDESTEP R10
1137 SIDESTEP R19
1137 SIDESTEP R38
1137 SIDESTEP R56
1137 SIDESTEP R58
1137 SIDESTEP R65
1137 SIDESTEP R78
1138 SIDESTEP R4
1138 SIDESTEP R7
1138 SIDESTEP R8
1138 SIDESTEP R69
1139 SIDESTEP R14
1139 SIDESTEP R37
1139 SIDESTEP R73
1140 SIDESTEP R5
1140 SIDESTEP R33
1141 SIDESTEP R13
1141 DELIVER 460 R16 564
1141 SIDESTEP R75
1141 SIDESTEP R76
1141 DELIVER 409 R79 627
1142 ASSIGN 492 R16 53
1142 GO_CHARGE R79 6 1
1142 SIDESTEP R0
1142 SIDESTEP R19
1142 SIDESTEP R56
1142 SIDESTEP R58
1142 SIDESTEP R59
1142 SIDESTEP R65
1142 SIDESTEP R78
1143 SIDESTEP R4
1143 SIDESTEP R6
1143 SIDESTEP R7
1143 SIDESTEP R8
1143 SIDESTEP R10
1144 CHARGE R11
1144 SIDESTEP R37
1145 SIDESTEP R33
1145 SIDESTEP R54
1146 CHARGE R1
1146 SIDESTEP R2
1146 SIDESTEP R14
1146 SIDESTEP R75
1146 SIDESTEP R76
1147 SIDESTEP R0
1147 SIDESTEP R13
1147 SIDESTEP R59
1148 SIDESTEP R4
1148 SIDESTEP R7
1148 SIDESTEP R8
1148 PICK 444 R22
1148 DELIVER 527 R43 491
1148 SIDESTEP R56
1149 ASSIGN 494 R43 75
1149 SIDESTEP R10
1149 REPORT pending=383 aged=301 idle=0 to_pickup=21 delivering=18 to_charger=39 charging=2 dead=0 hot=4,1,11
1150 SIDESTEP R6
1150 SIDESTEP R19
1150 SIDESTEP R33
1150 SIDESTEP R78
1151 SIDESTEP R2
1151 SIDESTEP R14
1151 DELIVER 458 R50 576
1151 SIDESTEP R68
1151 SIDESTEP R69
1151 SIDESTEP R76
1152 ASSIGN 495 R50 100
1152 SIDESTEP R13
1153 SIDESTEP R4
1153 SIDESTEP R7
1153 SIDESTEP R8
1153 PICK 529 R12
1153 SIDESTEP R26
1153 SIDESTEP R44
1153 SIDESTEP R46
1153 SIDESTEP R56
1154 CHARGE R9
1154 SIDESTEP R10
1154 SIDESTEP R21
1154 SIDESTEP R38
1154 CHARGE R70
1155 SIDESTEP R19
1155 SIDESTEP R33
1155 SIDESTEP R36
1155 SIDESTEP R59
1155 SIDESTEP R65
1155 DELIVER 632 R73 371
1156 ASSIGN 498 R73 84
1156 SIDESTEP R2
1156 SIDESTEP R6
1156 SIDESTEP R14
1156 PICK 487 R29
1156 SIDESTEP R68
1156 SIDESTEP R69
1157 SIDESTEP R5
1157 SIDESTEP R13
1157 DELIVER 448 R75 593
1158 ASSIGN 499 R75 23
1158 SIDESTEP R4
1158 SIDESTEP R7
1158 SIDESTEP R8
1158 SIDESTEP R26
1158 SIDESTEP R44
1158 SIDESTEP R56
1159 PICK 484 R41
1159 SIDESTEP R76
1160 SIDESTEP R21
1160 SIDESTEP R33
1160 SIDESTEP R36
1160 PICK 475 R48
1161 SIDESTEP R2
1161 SIDESTEP R6
1161 SIDESTEP R14
1161 SIDESTEP R58
1161 SIDESTEP R68
1161 SIDESTEP R69
1162 CHARGED R11
1162 ASSIGN 504 R11 29
1162 SIDESTEP R5
1162 SIDESTEP R79
1163 SIDESTEP R4
1163 SIDESTEP R7
1163 SIDESTEP R26
1163 SIDESTEP R44
1163 SIDESTEP R59
1163 SIDESTEP R65
1164 CHARGED R1
1164 ASSIGN 505 R1 57
1164 SIDESTEP R19
1165 SIDESTEP R0
1165 SIDESTEP R21
1165 SIDESTEP R33
1165 SIDESTEP R36
1165 SIDESTEP R54
1165 SIDESTEP R71
1166 SIDESTEP R8
1166 SIDESTEP R10
1166 SIDESTEP R14
1166 SIDESTEP R56
1166 SIDESTEP R57
1166 SIDESTEP R58
1166 SIDESTEP R68
1166 SIDESTEP R78
1167 SIDESTEP R2
1167 SIDESTEP R5
1167 CHARGE R28
1167 SIDESTEP R69
1167 SIDESTEP R79
1168 SIDESTEP R7
1168 SIDESTEP R13
1168 SIDESTEP R26
1168 DELIVER 557 R37 477
1168 SIDESTEP R59
1168 SIDESTEP R65
1169 GO_CHARGE R37 62 1
1169 SIDESTEP R4
1169 SIDESTEP R44
1170 SIDESTEP R0
1170 SIDESTEP R19
1170 SIDESTEP R33
1170 PICK 624 R53
1170 PICK 548 R54
1170 SIDESTEP R71
1171 CHARGED R9
1171 ASSIGN 507 R9 38
1171 SIDESTEP R8
1171 PICK 490 R25
1171 PICK 474 R45
1171 DELIVER 464 R51 590
1171 PICK 472 R52
1171 SIDESTEP R56
1171 SIDESTEP R57
1171 DEAD R61
1171 LOST 430
1171 SIDESTEP R68
1171 SIDESTEP R76
1172 CHARGED R70
1172 ASSIGN 509 R70 21
1172 ASSIGN 510 R51 69
1172 SIDESTEP R2
1172 SIDESTEP R5
1172 SIDESTEP R10
1172 SIDESTEP R11
1172 SIDESTEP R32
1172 SIDESTEP R79
1173 SIDESTEP R7
1173 SIDESTEP R26
1173 CHARGE R36
1173 SIDESTEP R65
1173 DELIVER 457 R77 599
1174 ASSIGN 512 R77 94
1174 SIDESTEP R6
1174 SIDESTEP R13
1175 SIDESTEP R4
1175 SIDESTEP R9
1175 SIDESTEP R19
1175 SIDESTEP R33
1175 SIDESTEP R44
1175 SIDESTEP R55
1176 SIDESTEP R8
1176 SIDESTEP R56
1176 SIDESTEP R57
1176 CHARGE R64
1176 SIDESTEP R68
1176 SIDESTEP R76
1177 SIDESTEP R5
1177 SIDESTEP R10
1177 SIDESTEP R14
1177 SIDESTEP R78
1178 SIDESTEP R2
1178 SIDESTEP R7
1178 SIDESTEP R26
1178 SIDESTEP R58
1178 SIDESTEP R79
1179 SIDESTEP R13
1179 SIDESTEP R69
1180 SIDESTEP R33
1180 SIDESTEP R55
1180 PICK 499 R75
1181 SIDESTEP R68
1182 SIDESTEP R4
1182 SIDESTEP R6
1182 SIDESTEP R14
1182 SIDESTEP R21
1182 SIDESTEP R44
1182 SIDESTEP R59
1182 SIDESTEP R78
1183 SIDESTEP R2
1183 SIDESTEP R5
1183 SIDESTEP R7
1183 SIDESTEP R26
1183 DELIVER 619 R74 416
1184 ASSIGN 706 R74 116
1184 PICK 463 R17
1184 SIDESTEP R79
1185 CHARGED R28
1185 ASSIGN 709 R28 65
1185 SIDESTEP R13
1185 SIDESTEP R33
1185 SIDESTEP R69
1186 PICK 451 R32
1187 SIDESTEP R4
1187 SIDESTEP R21
1187 SIDESTEP R42
1187 SIDESTEP R44
1187 SIDESTEP R59
1187 SIDESTEP R65
1187 SIDESTEP R76
1188 SIDESTEP R2
1188 SIDESTEP R7
1188 SIDESTEP R10
1188 SIDESTEP R26
1188 SIDESTEP R68
1189 SIDESTEP R5
1190 SIDESTEP R13
1190 SIDESTEP R33
1190 PICK 508 R38
1190 SIDESTEP R69
1190 SIDESTEP R79
1191 CHARGED R36
1191 CHARGED R64
1191 ASSIGN 553 R36 55
1191 ASSIGN 555 R64 25
1191 SIDESTEP R6
1192 CHARGE R20
1192 SIDESTEP R21
1192 SIDESTEP R42
1192 SIDESTEP R44
1192 SIDESTEP R65
1192 PICK 509 R70
1193 SIDESTEP R4
1193 SIDESTEP R10
1193 SIDESTEP R14
1193 SIDESTEP R26
1193 SIDESTEP R31
1193 SIDESTEP R34
1193 SIDESTEP R68
1194 PICK 478 R0
1194 SIDESTEP R8
1195 SIDESTEP R5
1195 PICK 504 R11
1195 SIDESTEP R69
1195 SIDESTEP R79
1196 SIDESTEP R13
1196 SIDESTEP R18
1196 SIDESTEP R45
1197 SIDESTEP R6
1197 SIDESTEP R7
1197 PICK 492 R16
1197 SIDESTEP R21
1197 DELIVER 449 R40 632
1197 SIDESTEP R56
1198 ASSIGN 559 R40 63
1198 SIDESTEP R10
1198 SIDESTEP R14
1198 SIDESTEP R17
1198 SIDESTEP R26
1198 DELIVER 487 R29 589
1198 SIDESTEP R31
1198 SIDESTEP R68
1199 ASSIGN 562 R29 118
1199 SIDESTEP R8
1199 SIDESTEP R19
1199 SIDESTEP R25
1199 SIDESTEP R57
1199 REPORT pending=409 aged=328 idle=0 to_pickup=19 delivering=25 to_charger=34 charging=1 dead=1 hot=7,1,15
1200 CHARGE R42
1200 SIDESTEP R69
1200 SIDESTEP R79
1201 SIDESTEP R13
1201 SIDESTEP R24
1201 SIDESTEP R45
1202 SIDESTEP R56
1202 SIDESTEP R60
1202 SIDESTEP R76
1203 SIDESTEP R6
1203 SIDESTEP R10
1203 SIDESTEP R14
1203 SIDESTEP R17
1203 SIDESTEP R21
1203 SIDESTEP R26
1203 SIDESTEP R34
1203 SIDESTEP R36
1203 SIDESTEP R37
1203 SIDESTEP R68
1204 SIDESTEP R19
1204 SIDESTEP R31
1204 SIDESTEP R59
1205 SIDESTEP R57
1206 SIDESTEP R13
1206 SIDESTEP R24
1206 SIDESTEP R45
1206 DELIVER 502 R62 579
1206 SIDESTEP R79
1207 ASSIGN 567 R62 66
1207 SIDESTEP R56
1207 SIDESTEP R76
1208 SIDESTEP R4
1208 SIDESTEP R10
1208 SIDESTEP R14
1208 SIDESTEP R21
1208 SIDESTEP R26
1208 SIDESTEP R34
1208 SIDESTEP R36
1208 SIDESTEP R37
1208 SIDESTEP R58
1209 CHARGED R20
1209 ASSIGN 644 R20 59
1209 SIDESTEP R6
1209 DEAD R30
1209 SIDESTEP R31
1209 SIDESTEP R59
1209 SIDESTEP R65
1209 SIDESTEP R68
1210 SIDESTEP R5
1210 SIDESTEP R49
1210 SIDESTEP R57
1211 SIDESTEP R8
1211 SIDESTEP R13
1211 SIDESTEP R24
1211 SIDESTEP R45
1211 SIDESTEP R79
1212 SIDESTEP R69
1213 CANCEL 956
1213 SIDESTEP R4
1213 PICK 507 R9
1213 SIDESTEP R10
1213 SIDESTEP R20
1213 SIDESTEP R26
1213 SIDESTEP R34
1213 SIDESTEP R37
1213 CHARGE R46
1213 SIDESTEP R75
1214 SIDESTEP R31
1214 SIDESTEP R56
1214 SIDESTEP R58
1214 SIDESTEP R65
1214 SIDESTEP R78
1215 SIDESTEP R6
1215 SIDESTEP R14
1215 DELIVER 444 R22 655
1215 SIDESTEP R49
1215 PICK 555 R64
1215 SIDESTEP R68
1216 CANCEL_FAIL 100980
1216 ASSIGN 577 R22 125
1216 SIDESTEP R5
1216 CHARGE R35
1216 SIDESTEP R45
1216 SIDESTEP R79
1217 SIDESTEP R69
1218 CHARGED R42
1218 ASSIGN 713 R42 110
1218 SIDESTEP R20
1218 SIDESTEP R24
1218 SIDESTEP R26
1218 SIDESTEP R75
1219 SIDESTEP R4
1219 SIDESTEP R56
1219 SIDESTEP R57
1219 SIDESTEP R58
1219 SIDESTEP R65
1219 SIDESTEP R76
1219 SIDESTEP R78
1220 SIDESTEP R2
1220 SIDESTEP R14
1220 SIDESTEP R31
1220 SIDESTEP R49
1221 SIDESTEP R6
1221 SIDESTEP R19
1221 SIDESTEP R54
1221 SIDESTEP R68
1221 SIDESTEP R79
1222 SIDESTEP R69
1223 PICK 505 R1
1223 SIDESTEP R24
1223 SIDESTEP R26
1223 SIDESTEP R34
1224 SIDESTEP R13
1224 DELIVER 523 R15 571
1224 SIDESTEP R58
1224 SIDESTEP R76
1225 ASSIGN 726 R15 56
1225 SIDESTEP R2
1225 SIDESTEP R5
1225 SIDESTEP R8
1225 SIDESTEP R31
1225 SIDESTEP R49
1225 SIDESTEP R57
1226 SIDESTEP R19
1226 CHARGE R44
1226 SIDESTEP R59
1226 SIDESTEP R78
1227 CANCEL 971
1227 SIDESTEP R6
1227 SIDESTEP R16
1227 PICK 494 R43
1227 SIDESTEP R65
1227 SIDESTEP R68
1228 PICK 468 R3
1228 SIDESTEP R14
1228 SIDESTEP R24
1228 SIDESTEP R26
1229 SIDESTEP R10
1229 SIDESTEP R13
1229 DEAD R14
1229 SIDESTEP R25
1229 SIDESTEP R34
1229 SIDESTEP R69
1230 CHARGED R46
1230 ASSIGN 585 R46 78
1230 SIDESTEP R5
1230 SIDESTEP R8
1230 SIDESTEP R21
1230 SIDESTEP R36
1230 SIDESTEP R49
1230 SIDESTEP R57
1230 SIDESTEP R58
1231 SIDESTEP R4
1231 SIDESTEP R29
1231 SIDESTEP R56
1231 SIDESTEP R59
1231 DELIVER 466 R67 648
1231 SIDESTEP R76
1231 SIDESTEP R78
1232 CHARGED R35
1232 ASSIGN 586 R67 64
1232 ASSIGN 670 R35 82
1232 SIDESTEP R16
1232 SIDESTEP R68
1233 SIDESTEP R24
1233 SIDESTEP R26
1234 SIDESTEP R10
1234 DELIVER 529 R12 575
1234 SIDESTEP R13
1234 SIDESTEP R25
1234 DELIVER 537 R60 566
1234 SIDESTEP R69
1234 SIDESTEP R79
1235 ASSIGN 513 R60 76
1235 ASSIGN 514 R12 114
1235 SIDESTEP R21
1235 SIDESTEP R34
1235 SIDESTEP R36
1235 SIDESTEP R57
1236 SIDESTEP R4
1236 SIDESTEP R46
1236 SIDESTEP R56
1236 SIDESTEP R59
1236 SIDESTEP R76
1236 SIDESTEP R78
1237 SIDESTEP R2
1237 SIDESTEP R8
1237 SIDESTEP R16
1237 DELIVER 624 R53 463
1237 PICK 479 R72
1238 ASSIGN 515 R53 62
1238 SIDESTEP R26
1239 SIDESTEP R10
1239 SIDESTEP R25
1239 SIDESTEP R69
1239 DELIVER 432 R71 696
1239 SIDESTEP R79
1240 GO_CHARGE R71 6 1
1240 SIDESTEP R13
1240 SIDESTEP R21
1240 PICK 510 R51
1240 SIDESTEP R57
1240 SIDESTEP R58
1241 SIDESTEP R34
1241 SIDESTEP R40
1241 DELIVER 474 R45 646
1241 DELIVER 671 R55 412
1241 SIDESTEP R56
1241 SIDESTEP R59
1241 SIDESTEP R76
1241 SIDESTEP R78
1242 ASSIGN 594 R45 69
1242 ASSIGN 595 R55 56
1242 SIDESTEP R2
1242 SIDESTEP R5
1242 SIDESTEP R6
1242 SIDESTEP R8
1243 SIDESTEP R26
1243 SIDESTEP R49
1244 CHARGED R44
1244 ASSIGN 516 R44 38
1244 SIDESTEP R25
1244 SIDESTEP R69
1244 SIDESTEP R79
1245 SIDESTEP R10
1245 SIDESTEP R13
1245 SIDESTEP R21
1245 SIDESTEP R24
1246 SIDESTEP R50
1246 SIDESTEP R58
1247 SIDESTEP R2
1247 SIDESTEP R5
1247 SIDESTEP R19
1247 DELIVER 451 R32 680
1247 SIDESTEP R34
1248 ASSIGN 517 R32 70
1248 SIDESTEP R17
1248 SIDESTEP R26
1248 SIDESTEP R49
1248 SIDESTEP R59
1249 SIDESTEP R6
1249 SIDESTEP R25
1249 REPORT pending=430 aged=353 idle=0 to_pickup=27 delivering=21 to_charger=29 charging=0 dead=3 hot=6,1,12
1250 SIDESTEP R13
1250 SIDESTEP R21
1250 SIDESTEP R24
1250 SIDESTEP R79
1251 PICK 489 R18
1251 PICK 709 R28
1252 SIDESTEP R2
1252 SIDESTEP R5
1252 SIDESTEP R19
1252 SIDESTEP R31
1252 SIDESTEP R58
1253 SIDESTEP R26
1253 SIDESTEP R34
1253 SIDESTEP R49
1253 DELIVER 469 R63 665
1253 PICK 498 R73
1254 ASSIGN 518 R63 79
1254 DELIVER 463 R17 674
1254 SIDESTEP R25
1254 DELIVER 472 R52 661
1254 SIDESTEP R59
1255 ASSIGN 519 R17 105
1255 ASSIGN 521 R52 80
1255 SIDESTEP R13
1255 SIDESTEP R21
1255 SIDESTEP R24
1255 SIDESTEP R79
1256 SIDESTEP R10
1256 SIDESTEP R56
1256 SIDESTEP R69
1257 SIDESTEP R5
1257 SIDESTEP R6
1257 SIDESTEP R19
1257 SIDESTEP R31
1257 PICK 495 R50
1257 SIDESTEP R65
1258 SIDESTEP R49
1258 CHARGE R57
1258 SIDESTEP R58
1259 SIDESTEP R25
1259 SIDESTEP R34
1260 SIDESTEP R21
1260 DEAD R34
1260 SIDESTEP R79
1261 SIDESTEP R10
1261 SIDESTEP R69
1262 SIDESTEP R5
1262 SIDESTEP R19
1262 SIDESTEP R24
1262 SIDESTEP R31
1262 SIDESTEP R65
1262 SIDESTEP R68
1262 SIDESTEP R76
1263 SIDESTEP R49
1263 SIDESTEP R56
1264 SIDESTEP R20
1264 SIDESTEP R25
1264 SIDESTEP R58
1264 SIDESTEP R71
1266 PICK 559 R40
1266 CHARGE R47
1266 SIDESTEP R69
1266 SIDESTEP R79
1267 SIDESTEP R1
1267 SIDESTEP R5
1267 SIDESTEP R19
1267 SIDESTEP R24
1267 SIDESTEP R31
1267 SIDESTEP R65
1267 SIDESTEP R68
1267 PICK 512 R77
1267 SIDESTEP R78
1268 SIDESTEP R13
1268 SIDESTEP R15
1268 SIDESTEP R49
1268 SIDESTEP R51
1268 SIDESTEP R56
1268 SIDESTEP R76
1269 SIDESTEP R10
1269 SIDESTEP R25
1269 DELIVER 475 R48 673
1270 ASSIGN 522 R48 109
1270 SIDESTEP R58
1271 RESCUE R61
1271 ASSIGN 525 R61 101
1271 SIDESTEP R69
1271 DELIVER 499 R75 647
1272 ASSIGN 526 R75 62
1272 SIDESTEP R5
1272 SIDESTEP R19
1272 SIDESTEP R24
1272 SIDESTEP R59
1272 PICK 567 R62
1272 SIDESTEP R65
1272 SIDESTEP R68
1272 SIDESTEP R78
1272 SIDESTEP R79
1273 SIDESTEP R2
1273 SIDESTEP R13
1273 SIDESTEP R49
1273 SIDESTEP R51
1273 SIDESTEP R56
1273 SIDESTEP R67
1273 SIDESTEP R71
1273 SIDESTEP R76
1274 CHARGED R57
1274 ASSIGN 530 R57 111
1274 SIDESTEP R25
1276 SIDESTEP R58
1277 REJECT 1028
1277 SIDESTEP R5
1277 DELIVER 419 R7 751
1277 SIDESTEP R19
1277 SIDESTEP R59
1277 SIDESTEP R68
1277 SIDESTEP R78
1278 GO_CHARGE R7 6 1
1278 SIDESTEP R2
1278 SIDESTEP R4
1278 SIDESTEP R13
1278 SIDESTEP R21
1278 SIDESTEP R53
1278 SIDESTEP R56
1278 SIDESTEP R71
1279 SIDESTEP R17
1279 SIDESTEP R20
1279 SIDESTEP R33
1279 SIDESTEP R49
1279 SIDESTEP R69
1279 DELIVER 509 R70 644
1280 ASSIGN 533 R70 55
1280 SIDESTEP R24
1280 SIDESTEP R60
1280 SIDESTEP R76
1281 SIDESTEP R29
1281 PICK 516 R44
1282 SIDESTEP R58
1282 DELIVER 479 R72 682
1282 SIDESTEP R78
1283 ASSIGN 535 R72 98
1283 SIDESTEP R2
1283 SIDESTEP R4
1283 SIDESTEP R8
1283 SIDESTEP R21
1283 SIDESTEP R56
1284 CHARGED R47
1284 ASSIGN 538 R47 102
1284 SIDESTEP R10
1284 SIDESTEP R17
1284 PICK 553 R36
1284 SIDESTEP R69
1285 CANCEL 1016
1285 DELIVER 492 R16 670
1285 SIDESTEP R24
1285 SIDESTEP R79
1286 ASSIGN 539 R16 78
1286 DELIVER 478 R0 687
1286 PICK 726 R15
1286 SIDESTEP R29
1287 ASSIGN 541 R0 66
1287 SIDESTEP R5
1287 DELIVER 567 R62 584
1288 ASSIGN 542 R62 87
1288 SIDESTEP R2
1288 SIDESTEP R4
1288 SIDESTEP R8
1288 SIDESTEP R21
1288 SIDESTEP R31
1288 SIDESTEP R56
1288 SIDESTEP R58
1289 SIDESTEP R10
1289 SIDESTEP R59
1289 SIDESTEP R69
1290 SIDESTEP R24
1290 SIDESTEP R67
1290 SIDESTEP R79
1291 SIDESTEP R60
1291 SIDESTEP R71
1292 DEAD R7
1293 SIDESTEP R4
1293 SIDESTEP R8
1293 SIDESTEP R21
1293 SIDESTEP R31
1293 SIDESTEP R56
1293 SIDESTEP R61
1293 SIDESTEP R65
1294 SIDESTEP R10
1294 SIDESTEP R58
1294 SIDESTEP R59
1295 SIDESTEP R19
1295 SIDESTEP R24
1295 SIDESTEP R69
1295 SIDESTEP R79
1296 SIDESTEP R25
1296 SIDESTEP R42
1296 DELIVER 548 R54 617
1296 SIDESTEP R60
1296 SIDESTEP R71
1297 ASSIGN 543 R54 59
1297 SIDESTEP R13
1297 PICK 595 R55
1298 SIDESTEP R8
1298 SIDESTEP R31
1298 SIDESTEP R56
1298 SIDESTEP R65
1298 SIDESTEP R68
1299 CANCEL 1018
1299 SIDESTEP R21
1299 SIDESTEP R59
1299 REPORT pending=451 aged=379 idle=0 to_pickup=30 delivering=20 to_charger=26 charging=0 dead=4 hot=7,1,13
1300 SIDESTEP R19
1300 SIDESTEP R24
1300 PICK 476 R26
1300 SIDESTEP R50
1300 SIDESTEP R69
1300 SIDESTEP R76
1300 SIDESTEP R79
1301 DELIVER 505 R1 671
1301 SIDESTEP R25
1301 SIDESTEP R58
1301 DELIVER 555 R64 612
1301 SIDESTEP R71
1302 ASSIGN 545 R1 75
1302 ASSIGN 550 R64 63
1303 SIDESTEP R13
1303 SIDESTEP R16
1303 SIDESTEP R31
1303 CHARGE R37
1303 SIDESTEP R56
1303 SIDESTEP R65
1303 SIDESTEP R68
1303 SIDESTEP R74
1304 SIDESTEP R59
1304 PICK 586 R67
1305 CANCEL 996
1305 SIDESTEP R19
1305 SIDESTEP R60
1305 SIDESTEP R76
1305 SIDESTEP R79
1306 SIDESTEP R5
1306 SIDESTEP R8
1306 SIDESTEP R25
1306 DELIVER 709 R28 427
1306 CHARGE R49
1306 PICK 515 R53
1307 ASSIGN 551 R28 14
1307 PICK 644 R20
1307 SIDESTEP R71
1308 SIDESTEP R16
1308 SIDESTEP R46
1308 SIDESTEP R56
1308 SIDESTEP R65
1308 SIDESTEP R68
1308 SIDESTEP R69
1308 SIDESTEP R78
1309 RESCUE R30
1309 ASSIGN 528 R30 52
1309 SIDESTEP R13
1310 SIDESTEP R19
1310 SIDESTEP R21
1310 SIDESTEP R76
1310 SIDESTEP R79
1311 SIDESTEP R5
1311 SIDESTEP R8
1311 SIDESTEP R42
1311 SIDESTEP R58
1311 SIDESTEP R60
1312 DELIVER 494 R43 695
1313 ASSIGN 540 R43 73
1313 SIDESTEP R16
1313 SIDESTEP R24
1313 PICK 670 R35
1313 SIDESTEP R56
1313 SIDESTEP R68
1313 SIDESTEP R69
1313 SIDESTEP R78
1314 SIDESTEP R13
1314 SIDESTEP R55
1314 SIDESTEP R71
1315 DELIVER 726 R15 413
1315 SIDESTEP R21
1315 PICK 594 R45
1315 SIDESTEP R76
1316 ASSIGN 552 R15 87
1316 SIDESTEP R5
1316 SIDESTEP R8
1316 SIDESTEP R10
1316 SIDESTEP R60
1316 PICK 706 R74
1317 SIDESTEP R1
1317 DELIVER 507 R9 684
1317 DELIVER 484 R41 711
1317 SIDESTEP R58
1318 ASSIGN 554 R41 91
1318 ASSIGN 556 R9 38
1318 SIDESTEP R56
1318 SIDESTEP R68
1318 SIDESTEP R69
1318 SIDESTEP R78
1318 SIDESTEP R79
1319 CHARGED R37
1319 ASSIGN 558 R37 72
1319 SIDESTEP R2
1319 SIDESTEP R24
1319 SIDESTEP R55
1320 SIDESTEP R13
1320 PICK 551 R28
1320 PICK 585 R46
1320 SIDESTEP R71
1320 SIDESTEP R76
1321 SIDESTEP R5
1321 SIDESTEP R10
1321 SIDESTEP R19
1321 SIDESTEP R59
1322 SIDESTEP R1
1322 DELIVER 495 R50 704
1323 ASSIGN 560 R50 108
1323 SIDESTEP R56
1323 SIDESTEP R58
1323 SIDESTEP R78
1323 SIDESTEP R79
1324 CHARGED R49
1324 ASSIGN 561 R49 89
1324 SIDESTEP R2
1324 SIDESTEP R4
1324 SIDESTEP R6
1324 SIDESTEP R55
1325 DELIVER 504 R11 696
1325 SIDESTEP R24
1325 SIDESTEP R68
1325 SIDESTEP R76
1326 ASSIGN 563 R11 40
1326 SIDESTEP R13
1326 SIDESTEP R19
1326 SIDESTEP R59
1326 SIDESTEP R71
1327 REJECT 1068
1327 SIDESTEP R1
1327 DELIVER 489 R18 716
1327 DELIVER 510 R51 689
1328 ASSIGN 564 R18 74
1328 ASSIGN 565 R51 68
1328 SIDESTEP R49
1328 SIDESTEP R78
1328 SIDESTEP R79
1329 SIDESTEP R2
1329 SIDESTEP R4
1329 SIDESTEP R6
1329 SIDESTEP R31
1329 SIDESTEP R55
1329 SIDESTEP R57
1329 SIDESTEP R58
1330 SIDESTEP R10
1330 DELIVER 551 R28 646
1330 PICK 517 R32
1330 SIDESTEP R38
1330 DELIVER 498 R73 708
1331 ASSIGN 566 R73 27
1331 ASSIGN 568 R28 78
1331 SIDESTEP R24
1331 SIDESTEP R59
1332 SIDESTEP R1
1332 SIDESTEP R13
1332 PICK 518 R63
1332 SIDESTEP R71
1332 SIDESTEP R76
1333 SIDESTEP R78
1334 SIDESTEP R4
1334 SIDESTEP R31
1334 SIDESTEP R55
1334 SIDESTEP R65
1334 SIDESTEP R68
1334 PICK 533 R70
1335 SIDESTEP R10
1335 SIDESTEP R32
1335 SIDESTEP R38
1335 SIDESTEP R58
1335 SIDESTEP R79
1336 RESCUE R14
1336 ASSIGN 569 R14 86
1336 SIDESTEP R19
1336 SIDESTEP R59
1336 DELIVER 706 R74 461
1337 ASSIGN 570 R74 124
1337 SIDESTEP R5
1337 SIDESTEP R20
1337 SIDESTEP R24
1337 PICK 526 R75
1337 DELIVER 512 R77 697
1338 ASSIGN 571 R77 85
1338 SIDESTEP R13
1338 SIDESTEP R42
1338 SIDESTEP R71
1339 SIDESTEP R4
1339 SIDESTEP R31
1339 SIDESTEP R55
1339 SIDESTEP R65
1339 SIDESTEP R69
1340 PICK 577 R22
1340 SIDESTEP R68
1341 SIDESTEP R19
1341 SIDESTEP R58
1341 SIDESTEP R59
1341 SIDESTEP R76
1342 SIDESTEP R5
1342 SIDESTEP R20
1343 DELIVER 468 R3 756
1343 SIDESTEP R10
1343 SIDESTEP R24
1344 ASSIGN 572 R3 27
1344 SIDESTEP R4
1344 SIDESTEP R13
1344 SIDESTEP R31
1344 SIDESTEP R55
1344 SIDESTEP R65
1344 SIDESTEP R69
1344 SIDESTEP R71
1345 SIDESTEP R2
1345 CHARGE R6
1345 PICK 713 R42
1345 PICK 521 R52
1345 SIDESTEP R78
1345 SIDESTEP R79
1346 DELIVER 670 R35 519
1346 SIDESTEP R48
1346 SIDESTEP R51
1347 ASSIGN 599 R35 21
1347 SIDESTEP R20
1347 SIDESTEP R58
1349 SIDESTEP R4
1349 SIDESTEP R24
1349 SIDESTEP R65
1349 SIDESTEP R69
1349 REPORT pending=471 aged=394 idle=0 to_pickup=35 delivering=19 to_charger=23 charging=1 dead=2 hot=9,1,14
1350 SIDESTEP R2
1350 SIDESTEP R8
1350 SIDESTEP R13
1350 PICK 562 R29
1350 SIDESTEP R59
1350 PICK 513 R60
1350 SIDESTEP R71
1350 SIDESTEP R78
1351 SIDESTEP R10
1351 SIDESTEP R31
1351 PICK 480 R33
1351 SIDESTEP R51
1351 SIDESTEP R72
1352 PICK 541 R0
1352 SIDESTEP R5
1352 DEAD R71
1353 SIDESTEP R58
1354 SIDESTEP R65
1354 SIDESTEP R69
1355 SIDESTEP R2
1355 SIDESTEP R8
1355 PICK 556 R9
1355 SIDESTEP R21
1355 SIDESTEP R24
1355 DELIVER 515 R53 711
1355 PICK 543 R54
1356 ASSIGN 608 R53 40
1356 SIDESTEP R10
1356 SIDESTEP R20
1356 SIDESTEP R51
1356 SIDESTEP R72
1356 SIDESTEP R76
1357 SIDESTEP R4
1357 SIDESTEP R5
1357 SIDESTEP R19
1357 SIDESTEP R36
1358 DEAD R10
1358 SIDESTEP R13
1358 DELIVER 490 R25 746
1358 SIDESTEP R38
1358 PICK 566 R73
1359 ASSIGN 609 R25 49
1359 SIDESTEP R65
1360 RESCUE R34
1360 ASSIGN 611 R34 87
1360 SIDESTEP R2
1360 SIDESTEP R8
1360 SIDESTEP R21
1360 PICK 528 R30
1360 SIDESTEP R40
1360 SIDESTEP R58
1361 SIDESTEP R20
1361 SIDESTEP R24
1361 SIDESTEP R72
1361 SIDESTEP R76
1362 SIDESTEP R4
1362 SIDESTEP R19
1362 SIDESTEP R36
1362 SIDESTEP R69
1363 CHARGED R6
1363 ASSIGN 689 R6 60
1363 SIDESTEP R41
1364 SIDESTEP R13
1364 DELIVER 713 R42 477
1364 PICK 550 R64
1364 SIDESTEP R65
1365 ASSIGN 617 R42 79
1365 SIDESTEP R8
1365 PICK 563 R11
1365 SIDESTEP R21
1365 SIDESTEP R40
1365 SIDESTEP R68
1366 PICK 514 R12
1366 SIDESTEP R20
1366 SIDESTEP R76
1367 SIDESTEP R4
1367 SIDESTEP R24
1367 PICK 599 R35
1367 DELIVER 516 R44 721
1367 SIDESTEP R69
1368 ASSIGN 696 R44 80
1368 SIDESTEP R2
1368 SIDESTEP R19
1368 SIDESTEP R37
1368 SIDESTEP R51
1369 SIDESTEP R5
1369 SIDESTEP R36
1369 SIDESTEP R65
1370 SIDESTEP R13
1370 SIDESTEP R21
1370 SIDESTEP R40
1370 SIDESTEP R58
1370 SIDESTEP R68
1370 SIDESTEP R79
1371 PICK 572 R3
1371 PICK 519 R17
1371 SIDESTEP R67
1372 SIDESTEP R69
1373 CANCEL_FAIL 101107
1373 SIDESTEP R2
1373 SIDESTEP R8
1373 SIDESTEP R19
1373 SIDESTEP R24
1373 SIDESTEP R37
1374 SIDESTEP R5
1374 SIDESTEP R65
1374 SIDESTEP R76
1375 SIDESTEP R4
1375 SIDESTEP R51
1375 SIDESTEP R59
1375 SIDESTEP R79
1376 SIDESTEP R13
1376 SIDESTEP R31
1376 SIDESTEP R58
1376 SIDESTEP R67
1377 SIDESTEP R40
1377 SIDESTEP R69
1378 SIDESTEP R8
1378 SIDESTEP R19
1378 SIDESTEP R37
1378 SIDESTEP R56
1379 SIDESTEP R5
1379 SIDESTEP R24
1379 SIDESTEP R76
1380 SIDESTEP R4
1380 SIDESTEP R51
1380 SIDESTEP R59
1380 SIDESTEP R79
1381 PICK 539 R16
1381 SIDESTEP R31
1381 SIDESTEP R67
1381 SIDESTEP R68
1382 SIDESTEP R13
1382 SIDESTEP R58
1382 SIDESTEP R65
1382 DELIVER 566 R73 680
1383 ASSIGN 625 R73 51
1383 SIDESTEP R19
1383 SIDESTEP R37
1383 SIDESTEP R38
1383 SIDESTEP R56
1384 CANCEL 1010
1384 SIDESTEP R2
1384 SIDESTEP R5
1384 DELIVER 553 R36 698
1384 SIDESTEP R57
1384 SIDESTEP R76
1385 ASSIGN 626 R36 113
1385 SIDESTEP R4
1385 SIDESTEP R24
1385 PICK 538 R47
1385 DELIVER 550 R64 704
1386 ASSIGN 628 R64 106
1386 SIDESTEP R11
1386 SIDESTEP R31
1386 SIDESTEP R59
1386 SIDESTEP R67
1386 SIDESTEP R68
1386 SIDESTEP R78
1387 PICK 540 R43
1387 PICK 525 R61
1387 SIDESTEP R79
1388 SIDESTEP R13
1388 SIDESTEP R38
1388 SIDESTEP R58
1389 SIDESTEP R2
1389 SIDESTEP R8
1389 SIDESTEP R57
1390 DELIVER 533 R70 727
1391 ASSIGN 633 R70 46
1391 SIDESTEP R24
1391 SIDESTEP R59
1391 SIDESTEP R67
1391 SIDESTEP R68
1391 SIDESTEP R78
1392 RESCUE R7
1392 ASSIGN 634 R7 89
1392 SIDESTEP R21
1392 SIDESTEP R45
1393 SIDESTEP R31
1393 DELIVER 599 R35 648
1393 SIDESTEP R38
1393 SIDESTEP R44
1394 ASSIGN 636 R35 83
1394 SIDESTEP R2
1394 SIDESTEP R8
1394 SIDESTEP R13
1394 SIDESTEP R56
1394 SIDESTEP R57
1394 SIDESTEP R58
1395 PICK 608 R53
1396 SIDESTEP R59
1396 SIDESTEP R67
1396 SIDESTEP R78
1397 SIDESTEP R21
1397 SIDESTEP R24
1397 SIDESTEP R40
1397 SIDESTEP R45
1397 DELIVER 595 R55 657
1397 DEAD R78
1398 ASSIGN 639 R55 80
1398 SIDESTEP R31
1398 SIDESTEP R38
1398 DELIVER 585 R46 669
1398 SIDESTEP R62
1398 SIDESTEP R79
1399 ASSIGN 640 R46 44
1399 SIDESTEP R2
1399 SIDESTEP R6
1399 SIDESTEP R8
1399 SIDESTEP R56
1399 REPORT pending=499 aged=414 idle=0 to_pickup=30 delivering=27 to_charger=20 charging=0 dead=3 hot=7,1,12
1400 SIDESTEP R13
1400 SIDESTEP R48
1400 SIDESTEP R58
1401 SIDESTEP R7
1401 SIDESTEP R11
1401 PICK 564 R18
1401 SIDESTEP R19
1401 SIDESTEP R67
1402 SIDESTEP R21
1402 SIDESTEP R40
1402 SIDESTEP R45
1402 SIDESTEP R65
1403 SIDESTEP R24
1403 SIDESTEP R38
1403 SIDESTEP R60
1404 PICK 545 R1
1404 SIDESTEP R2
1404 SIDESTEP R5
1404 SIDESTEP R8
1404 PICK 552 R15
1404 SIDESTEP R76
1405 SIDESTEP R4
1406 SIDESTEP R7
1406 SIDESTEP R13
1406 DELIVER 476 R26 809
1406 SIDESTEP R58
1406 SIDESTEP R67
1407 ASSIGN 641 R26 11
1407 SIDESTEP R21
1407 PICK 609 R25
1407 SIDESTEP R40
1407 SIDESTEP R45
1407 PICK 522 R48
1407 SIDESTEP R50
1407 PICK 542 R62
1407 SIDESTEP R65
1407 SIDESTEP R68
1408 PICK 568 R28
1408 SIDESTEP R37
1408 SIDESTEP R38
1408 SIDESTEP R60
1409 SIDESTEP R5
1409 SIDESTEP R24
1410 SIDESTEP R4
1410 SIDESTEP R56
1412 SIDESTEP R6
1412 SIDESTEP R8
1412 SIDESTEP R13
1412 SIDESTEP R40
1412 SIDESTEP R45
1412 SIDESTEP R58
1412 SIDESTEP R65
1412 SIDESTEP R68
1412 SIDESTEP R69
1413 DELIVER 517 R32 766
1413 SIDESTEP R37
1413 SIDESTEP R38
1413 SIDESTEP R60
1413 DELIVER 526 R75 757
1413 SIDESTEP R77
1414 ASSIGN 574 R75 83
1414 ASSIGN 575 R32 114
1415 SIDESTEP R4
1415 SIDESTEP R24
1415 SIDESTEP R34
1415 PICK 554 R41
1415 SIDESTEP R56
1416 SIDESTEP R21
1416 PICK 535 R72
1417 SIDESTEP R6
1417 SIDESTEP R8
1417 SIDESTEP R17
1417 DELIVER 480 R33 815
1417 DELIVER 608 R53 661
1417 SIDESTEP R65
1417 SIDESTEP R68
1417 SIDESTEP R69
1417 SIDESTEP R79
1418 ASSIGN 576 R53 26
1418 ASSIGN 642 R33 79
1418 SIDESTEP R9
1418 SIDESTEP R13
1418 PICK 641 R26
1418 PICK 561 R49
1418 DELIVER 521 R52 767
1418 SIDESTEP R58
1418 SIDESTEP R60
1419 ASSIGN 645 R52 25
1419 SIDESTEP R61
1419 SIDESTEP R77
1420 SIDESTEP R5
1420 SIDESTEP R34
1420 SIDESTEP R56
1421 SIDESTEP R21
1421 SIDESTEP R24
1421 SIDESTEP R40
1422 SIDESTEP R17
1422 SIDESTEP R68
1422 SIDESTEP R69
1422 SIDESTEP R79
1423 SIDESTEP R9
1423 SIDESTEP R31
1424 SIDESTEP R58
1424 SIDESTEP R61
1425 SIDESTEP R5
1425 SIDESTEP R8
1425 DEAD R19
1425 SIDESTEP R56
1426 SIDESTEP R24
1426 SIDESTEP R40
1426 SIDESTEP R65
1427 SIDESTEP R13
1427 SIDESTEP R69
1427 SIDESTEP R79
1428 SIDESTEP R31
1428 SIDESTEP R59
1428 SIDESTEP R77
1429 SIDESTEP R61
1430 SIDESTEP R30
1430 SIDESTEP R58
1431 SIDESTEP R24
1431 SIDESTEP R26
1431 PICK 558 R37
1431 SIDESTEP R40
1431 SIDESTEP R46
1431 SIDESTEP R68
1432 SIDESTEP R4
1432 SIDESTEP R5
1432 DELIVER 539 R16 762
1432 SIDESTEP R56
1432 SIDESTEP R79
1433 ASSIGN 579 R16 66
1433 SIDESTEP R13
1433 SIDESTEP R31
1433 SIDESTEP R59
1433 SIDESTEP R72
1433 PICK 625 R73
1433 SIDESTEP R76
1434 DELIVER 644 R20 637
1434 DELIVER 594 R45 695
1434 DELIVER 518 R63 786
1435 ASSIGN 580 R20 26
1435 ASSIGN 581 R45 72
1435 ASSIGN 582 R63 114
1436 SIDESTEP R58
1436 SIDESTEP R69
1436 PICK 633 R70
1436 SIDESTEP R74
1437 SIDESTEP R4
1437 SIDESTEP R8
1437 DELIVER 508 R38 803
1438 ASSIGN 584 R38 105
1438 DELIVER 541 R0 766
1438 PICK 689 R6
1438 SIDESTEP R13
1438 SIDESTEP R24
1438 SIDESTEP R31
1438 DELIVER 513 R60 796
1438 SIDESTEP R72
1439 ASSIGN 588 R60 58
1439 ASSIGN 589 R0 58
1440 SIDESTEP R36
1440 PICK 565 R51
1440 DELIVER 586 R67 710
1441 ASSIGN 590 R67 66
1441 SIDESTEP R69
1441 SIDESTEP R74
1441 SIDESTEP R79
1442 SIDESTEP R4
1442 SIDESTEP R8
1442 SIDESTEP R40
1442 SIDESTEP R58
1442 SIDESTEP R59
1442 SIDESTEP R62
1442 SIDESTEP R76
1443 SIDESTEP R2
1443 DELIVER 572 R3 734
1443 SIDESTEP R13
1443 PICK 645 R52
1443 PICK 576 R53
1443 SIDESTEP R54
1444 ASSIGN 591 R3 38
1444 SIDESTEP R24
1444 SIDESTEP R31
1444 DELIVER 538 R47 775
1445 ASSIGN 592 R47 117
1445 PICK 569 R14
1445 SIDESTEP R34
1446 SIDESTEP R74
1447 SIDESTEP R8
1447 SIDESTEP R40
1447 SIDESTEP R56
1447 SIDESTEP R62
1448 SIDESTEP R2
1448 SIDESTEP R9
1448 SIDESTEP R21
1448 SIDESTEP R54
1448 SIDESTEP R58
1448 SIDESTEP R59
1448 SIDESTEP R76
1449 SIDESTEP R4
1449 SIDESTEP R24
1449 PICK 640 R46
1449 REPORT pending=523 aged=440 idle=0 to_pickup=26 delivering=31 to_charger=19 charging=0 dead=4 hot=8,2,16
1450 SIDESTEP R13
1451 SIDESTEP R74
1452 RESCUE R71
1452 ASSIGN 593 R71 57
1452 SIDESTEP R22
1452 SIDESTEP R56
1452 SIDESTEP R62
1452 SIDESTEP R69
1453 SIDESTEP R2
1453 SIDESTEP R21
1453 SIDESTEP R54
1453 SIDESTEP R59
1453 SIDESTEP R65
1453 SIDESTEP R76
1454 DELIVER 556 R9 764
1454 SIDESTEP R24
1454 SIDESTEP R30
1454 SIDESTEP R31
1455 ASSIGN 596 R9 94
1456 SIDESTEP R4
1456 SIDESTEP R8
1456 SIDESTEP R13
1456 PICK 696 R44
1456 PICK 560 R50
1456 SIDESTEP R71
1456 SIDESTEP R74
1457 DELIVER 563 R11 759
1457 SIDESTEP R22
1457 SIDESTEP R62
1458 ASSIGN 598 R11 102
1458 SIDESTEP R21
1458 SIDESTEP R54
1458 SIDESTEP R65
1458 SIDESTEP R68
1458 SIDESTEP R76
1459 SIDESTEP R24
1459 DELIVER 641 R26 665
1459 SIDESTEP R30
1459 SIDESTEP R31
1459 SIDESTEP R58
1459 SIDESTEP R69
1460 ASSIGN 600 R26 41
1460 SIDESTEP R5
1460 PICK 580 R20
1461 RESCUE R10
1461 ASSIGN 697 R10 63
1461 SIDESTEP R4
1461 SIDESTEP R8
1461 PICK 530 R57
1461 SIDESTEP R71
1462 SIDESTEP R13
1462 SIDESTEP R22
1462 SIDESTEP R62
1463 DELIVER 562 R29 766
1463 SIDESTEP R64
1463 SIDESTEP R65
1463 SIDESTEP R68
1463 SIDESTEP R79
1464 ASSIGN 601 R29 46
1464 SIDESTEP R24
1464 SIDESTEP R30
1464 SIDESTEP R69
1465 SIDESTEP R31
1465 SIDESTEP R56
1465 SIDESTEP R59
1466 CANCEL_FAIL 101184
1466 SIDESTEP R4
1466 SIDESTEP R5
1466 SIDESTEP R8
1466 SIDESTEP R12
1466 SIDESTEP R40
1466 SIDESTEP R71
1467 SIDESTEP R62
1468 SIDESTEP R13
1468 PICK 611 R34
1468 DELIVER 558 R37 775
1468 SIDESTEP R64
1469 ASSIGN 602 R37 47
1469 SIDESTEP R24
1469 SIDESTEP R43
1469 SIDESTEP R58
1469 SIDESTEP R69
1469 SIDESTEP R79
1470 SIDESTEP R2
1470 SIDESTEP R54
1470 SIDESTEP R56
1470 SIDESTEP R59
1471 SIDESTEP R4
1471 SIDESTEP R8
1471 SIDESTEP R40
1471 SIDESTEP R68
1471 SIDESTEP R76
1472 DELIVER 561 R49 776
1472 SIDESTEP R62
1473 ASSIGN 603 R49 23
1473 SIDESTEP R13
1474 PICK 636 R35
1474 SIDESTEP R58
1474 SIDESTEP R79
1475 SIDESTEP R2
1475 SIDESTEP R21
1475 PICK 571 R77
1476 SIDESTEP R4
1476 SIDESTEP R8
1476 DELIVER 528 R30 818
1476 SIDESTEP R54
1476 SIDESTEP R68
1476 SIDESTEP R76
1477 ASSIGN 705 R30 101
1477 SIDESTEP R29
1477 SIDESTEP R31
1477 PICK 639 R55
1477 SIDESTEP R62
1477 DELIVER 633 R70 692
1477 SIDESTEP R74
1478 ASSIGN 604 R70 50
1478 SIDESTEP R13
1479 SIDESTEP R24
1479 SIDESTEP R58
1479 DELIVER 625 R73 704
1479 SIDESTEP R79
1480 ASSIGN 605 R73 82
1480 SIDESTEP R2
1480 SIDESTEP R21
1480 SIDESTEP R52
1480 SIDESTEP R65
1481 SIDESTEP R4
1481 SIDESTEP R8
1481 SIDESTEP R54
1481 SIDESTEP R68
1481 SIDESTEP R76
1482 SIDESTEP R14
1482 SIDESTEP R31
1482 SIDESTEP R40
1482 SIDESTEP R62
1482 SIDESTEP R69
1482 SIDESTEP R74
1483 CANCEL 1134
1483 SIDESTEP R13
1483 SIDESTEP R56
1484 DELIVER 569 R14 778
1484 SIDESTEP R79
1485 ASSIGN 797 R14 37
1485 SIDESTEP R24
1485 SIDESTEP R65
1486 SIDESTEP R2
1486 SIDESTEP R4
1486 SIDESTEP R8
1487 SIDESTEP R69
1487 SIDESTEP R74
1488 SIDESTEP R56
1488 SIDESTEP R68
1488 SIDESTEP R76
1489 SIDESTEP R1
1489 DELIVER 577 R22 773
1489 SIDESTEP R31
1489 SIDESTEP R37
1489 SIDESTEP R40
1489 SIDESTEP R58
1489 SIDESTEP R59
1489 SIDESTEP R63
1490 ASSIGN 606 R22 44
1490 SIDESTEP R17
1490 SIDESTEP R21
1490 DELIVER 522 R48 838
1490 SIDESTEP R65
1491 ASSIGN 607 R48 26
1491 SIDESTEP R2
1491 SIDESTEP R4
1491 SIDESTEP R5
1491 SIDESTEP R8
1491 DEAD R21
1491 SIDESTEP R24
1492 SIDESTEP R12
1492 SIDESTEP R51
1492 SIDESTEP R62
1492 SIDESTEP R69
1492 SIDESTEP R74
1493 SIDESTEP R7
1493 SIDESTEP R56
1493 SIDESTEP R68
1493 SIDESTEP R76
1494 SIDESTEP R1
1494 SIDESTEP R18
1494 SIDESTEP R20
1494 SIDESTEP R31
1494 SIDESTEP R37
1494 SIDESTEP R40
1494 SIDESTEP R59
1495 SIDESTEP R15
1495 SIDESTEP R17
1496 PICK 589 R0
1496 SIDESTEP R4
1496 SIDESTEP R5
1496 SIDESTEP R8
1496 DELIVER 565 R51 795
1496 DELIVER 645 R52 698
1496 DELIVER 543 R54 822
1496 SIDESTEP R58
1496 PICK 588 R60
1496 SIDESTEP R65
1496 PICK 574 R75
1497 RESCUE R78
1497 ASSIGN 719 R51 25
1497 ASSIGN 610 R52 81
1497 ASSIGN 612 R78 26
1497 ASSIGN 613 R54 94
1497 PICK 591 R3
1497 SIDESTEP R24
1497 PICK 642 R33
1497 SIDESTEP R43
1497 SIDESTEP R62
1497 SIDESTEP R69
1498 CANCEL 1074
1498 PICK 579 R16
1498 DELIVER 640 R46 706
1498 SIDESTEP R56
1498 SIDESTEP R61
1498 SIDESTEP R76
1499 ASSIGN 614 R46 117
1499 SIDESTEP R1
1499 SIDESTEP R18
1499 REPORT pending=541 aged=463 idle=0 to_pickup=31 delivering=29 to_charger=18 charging=0 dead=2 hot=7,1,11
1500 PICK 600 R26
1500 SIDESTEP R74
1501 SIDESTEP R4
1501 SIDESTEP R5
1501 PICK 634 R7
1501 SIDESTEP R8
1501 SIDESTEP R30
1501 PICK 626 R36
1501 SIDESTEP R58
1501 SIDESTEP R59
1501 SIDESTEP R65
1501 SIDESTEP R68
1501 SIDESTEP R79
1502 SIDESTEP R43
1502 SIDESTEP R62
1503 SIDESTEP R24
1503 SIDESTEP R38
1503 PICK 603 R49
1503 SIDESTEP R61
1504 SIDESTEP R1
1504 SIDESTEP R9
1504 SIDESTEP R18
1504 PICK 628 R64
1506 SIDESTEP R4
1506 SIDESTEP R8
1506 SIDESTEP R30
1506 PICK 581 R45
1506 SIDESTEP R58
1506 SIDESTEP R59
1506 SIDESTEP R68
1506 SIDESTEP R78
1506 SIDESTEP R79
1507 SIDESTEP R2
1507 SIDESTEP R31
1507 SIDESTEP R43
1507 SIDESTEP R62
1508 SIDESTEP R56
1508 SIDESTEP R61
1509 SIDESTEP R1
1509 SIDESTEP R18
1509 SIDESTEP R24
1510 DELIVER 689 R6 659
1511 ASSIGN 650 R6 85
1511 SIDESTEP R4
1511 SIDESTEP R8
1511 DELIVER 552 R15 826
1511 SIDESTEP R34
1511 SIDESTEP R58
1511 SIDESTEP R76
1511 SIDESTEP R79
1512 ASSIGN 658 R15 17
1512 SIDESTEP R2
1512 SIDESTEP R31
1512 SIDESTEP R40
1512 PICK 617 R42
1512 SIDESTEP R62
1512 SIDESTEP R65
1512 SIDESTEP R74
1513 SIDESTEP R53
1513 SIDESTEP R61
1514 SIDESTEP R1
1514 SIDESTEP R18
1514 DELIVER 609 R25 757
1514 SIDESTEP R54
1514 SIDESTEP R68
1515 ASSIGN 724 R25 76
1515 SIDESTEP R24
1516 SIDESTEP R4
1516 SIDESTEP R8
1516 SIDESTEP R71
1516 SIDESTEP R79
1517 SIDESTEP R2
1517 SIDESTEP R40
1517 PICK 607 R48
1517 SIDESTEP R62
1517 SIDESTEP R65
1518 SIDESTEP R5
1518 SIDESTEP R38
1518 SIDESTEP R43
1518 SIDESTEP R53
1518 SIDESTEP R61
1519 SIDESTEP R1
1519 SIDESTEP R18
1519 SIDESTEP R54
1519 SIDESTEP R56
1520 SIDESTEP R58
1520 SIDESTEP R76
1521 SIDESTEP R4
1521 SIDESTEP R8
1521 SIDESTEP R24
1521 PICK 601 R29
1522 DELIVER 519 R17 873
1522 SIDESTEP R40
1522 PICK 719 R51
1522 SIDESTEP R69
1522 SIDESTEP R79
1523 ASSIGN 663 R17 114
1523 SIDESTEP R5
1523 SIDESTEP R31
1523 SIDESTEP R38
1523 SIDESTEP R53
1523 SIDESTEP R59
1523 SIDESTEP R61
1524 DEAD R5
1524 DELIVER 514 R12 881
1524 PICK 797 R14
1524 SIDESTEP R18
1524 SIDESTEP R67
1525 ASSIGN 666 R12 61
1526 SIDESTEP R4
1526 SIDESTEP R8
1526 SIDESTEP R25
1527 SIDESTEP R24
1527 PICK 575 R32
1527 SIDESTEP R40
1527 DELIVER 696 R44 667
1527 SIDESTEP R56
1527 SIDESTEP R69
1528 ASSIGN 669 R44 110
1528 PICK 658 R15
1528 PICK 602 R37
1528 SIDESTEP R38
1528 SIDESTEP R53
1528 SIDESTEP R59
1528 SIDESTEP R61
1528 SIDESTEP R65
1528 PICK 612 R78
1528 SIDESTEP R79
1530 SIDESTEP R58
1530 SIDESTEP R76
1531 SIDESTEP R4
1531 SIDESTEP R8
1531 SIDESTEP R25
1532 SIDESTEP R40
1532 PICK 570 R74
1533 PICK 606 R22
1533 SIDESTEP R24
1533 SIDESTEP R38
1533 SIDESTEP R59
1533 SIDESTEP R65
1533 SIDESTEP R73
1534 SIDESTEP R2
1534 SIDESTEP R34
1534 DELIVER 542 R62 861
1534 SIDESTEP R69
1534 SIDESTEP R79
1535 RESCUE R19
1535 ASSIGN 674 R62 33
1535 ASSIGN 676 R19 36
1535 SIDESTEP R30
1535 SIDESTEP R68
1535 SIDESTEP R76
1536 SIDESTEP R4
1536 SIDESTEP R8
1536 SIDESTEP R25
1536 SIDESTEP R50
1536 SIDESTEP R56
1537 DELIVER 602 R37 788
1537 SIDESTEP R61
1538 ASSIGN 728 R37 85
1539 SIDESTEP R2
1539 SIDESTEP R16
1539 SIDESTEP R24
1539 SIDESTEP R31
1539 SIDESTEP R69
1540 SIDESTEP R19
1540 DELIVER 568 R28 835
1540 SIDESTEP R30
1540 SIDESTEP R43
1540 SIDESTEP R59
1540 SIDESTEP R76
1541 CANCEL 1102
1541 ASSIGN 678 R28 104
1541 SIDESTEP R4
1541 SIDESTEP R8
1541 SIDESTEP R25
1541 SIDESTEP R56
1542 SIDESTEP R61
1543 SIDESTEP R7
1543 PICK 593 R71
1544 SIDESTEP R2
1544 SIDESTEP R16
1544 SIDESTEP R31
1544 SIDESTEP R65
1544 PICK 590 R67
1545 SIDESTEP R24
1545 DELIVER 540 R43 874
1545 SIDESTEP R59
1546 ASSIGN 680 R43 58
1546 SIDESTEP R4
1546 SIDESTEP R8
1546 DELIVER 564 R18 847
1546 SIDESTEP R20
1546 SIDESTEP R25
1546 DELIVER 639 R55 755
1547 ASSIGN 762 R18 45
1547 ASSIGN 763 R55 81
1547 DELIVER 545 R1 871
1547 DELIVER 591 R3 812
1547 SIDESTEP R19
1547 SIDESTEP R40
1547 SIDESTEP R61
1548 ASSIGN 844 R1 105
1548 GO_CHARGE R3 13 1
1548 SIDESTEP R7
1548 DELIVER 603 R49 797
1548 SIDESTEP R74
1549 ASSIGN 615 R49 76
1549 SIDESTEP R2
1549 SIDESTEP R16
1549 SIDESTEP R31
1549 DELIVER 611 R34 790
1549 SIDESTEP R65
1549 SIDESTEP R68
1549 REPORT pending=570 aged=486 idle=1 to_pickup=27 delivering=32 to_charger=18 charging=0 dead=2 hot=10,1,12
1550 ASSIGN 688 R34 84
1550 DELIVER 588 R60 818
1550 SIDESTEP R69
1551 ASSIGN 616 R60 68
1551 SIDESTEP R4
1551 SIDESTEP R8
1551 SIDESTEP R24
1552 SIDESTEP R40
1552 DEAD R56
1553 DELIVER 580 R20 832
1553 DEAD R24
1554 ASSIGN 691 R20 76
1554 SIDESTEP R16
1554 SIDESTEP R31
1554 SIDESTEP R65
1554 SIDESTEP R68
1554 SIDESTEP R75
1554 SIDESTEP R79
1555 SIDESTEP R52
1555 PICK 604 R70
1556 SIDESTEP R0
1556 SIDESTEP R2
1556 SIDESTEP R4
1556 SIDESTEP R8
1556 SIDESTEP R43
1556 SIDESTEP R74
1557 DELIVER 658 R15 746
1557 DELIVER 571 R77 849
1558 ASSIGN 692 R77 89
1558 ASSIGN 618 R15 85
1558 SIDESTEP R26
1559 SIDESTEP R16
1559 DELIVER 636 R35 771
1559 SIDESTEP R65
1559 SIDESTEP R68
1559 SIDESTEP R75
1559 SIDESTEP R79
1560 ASSIGN 620 R35 54
1560 PICK 598 R11
1560 SIDESTEP R33
1560 SIDESTEP R58
1561 SIDESTEP R0
1561 SIDESTEP R4
1561 SIDESTEP R8
1561 SIDESTEP R31
1561 SIDESTEP R40
1561 SIDESTEP R43
1561 SIDESTEP R45
1561 PICK 592 R47
1561 SIDESTEP R74
1563 SIDESTEP R26
1564 SIDESTEP R16
1564 SIDESTEP R68
1564 SIDESTEP R79
1565 SIDESTEP R33
1565 DELIVER 560 R50 870
1565 SIDESTEP R58
1565 SIDESTEP R59
1566 ASSIGN 622 R50 44
1566 SIDESTEP R0
1566 SIDESTEP R4
1566 SIDESTEP R8
1566 SIDESTEP R32
1566 SIDESTEP R43
1566 SIDESTEP R65
1567 SIDESTEP R40
1567 PICK 605 R73
1569 SIDESTEP R16
1569 DELIVER 535 R72 904
1569 SIDESTEP R79
1570 CANCEL 1196
1570 ASSIGN 701 R72 49
1570 SIDESTEP R33
1570 DELIVER 554 R41 883
1570 SIDESTEP R58
1570 SIDESTEP R59
1570 SIDESTEP R62
1570 SIDESTEP R69
1571 ASSIGN 703 R41 52
1571 SIDESTEP R0
1571 SIDESTEP R4
1571 SIDESTEP R8
1571 SIDESTEP R32
1571 SIDESTEP R43
1571 SIDESTEP R65
1571 SIDESTEP R68
1573 SIDESTEP R1
1573 SIDESTEP R61
1575 SIDESTEP R33
1575 SIDESTEP R58
1575 SIDESTEP R59
1575 SIDESTEP R62
1575 SIDESTEP R69
1575 SIDESTEP R73
1575 SIDESTEP R76
1576 SIDESTEP R0
1576 SIDESTEP R4
1576 SIDESTEP R8
1576 SIDESTEP R32
1576 SIDESTEP R43
1576 SIDESTEP R68
1576 SIDESTEP R79
1577 SIDESTEP R38
1577 DELIVER 607 R48 822
1578 GO_CHARGE R48 20 1
1578 SIDESTEP R30
1579 SIDESTEP R34
1580 PICK 676 R19
1580 DELIVER 606 R22 826
1580 SIDESTEP R33
1580 SIDESTEP R59
1580 SIDESTEP R62
1580 SIDESTEP R69
1580 SIDESTEP R76
1580 SIDESTEP R77
1581 ASSIGN 623 R22 109
1581 SIDESTEP R0
1581 SIDESTEP R2
1581 SIDESTEP R4
1581 SIDESTEP R8
1581 SIDESTEP R29
1581 SIDESTEP R32
1581 SIDESTEP R43
1581 SIDESTEP R73
1581 SIDESTEP R79
1582 DELIVER 525 R61 927
1582 SIDESTEP R65
1583 GO_CHARGE R61 27 1
1583 SIDESTEP R30
1583 SIDESTEP R74
1585 PICK 666 R12
1585 SIDESTEP R33
1585 SIDESTEP R62
1585 DELIVER 590 R67 851
1585 SIDESTEP R69
1585 SIDESTEP R76
1585 SIDESTEP R77
1586 ASSIGN 627 R67 18
1586 SIDESTEP R0
1586 SIDESTEP R2
1586 SIDESTEP R4
1586 SIDESTEP R8
1586 DELIVER 600 R26 839
1586 SIDESTEP R31
1586 SIDESTEP R32
1586 SIDESTEP R43
1586 DELIVER 530 R57 926
1587 ASSIGN 629 R57 70
1587 ASSIGN 631 R26 47
1587 DEAD R2
1587 SIDESTEP R65
1587 SIDESTEP R68
1588 SIDESTEP R30
1589 DELIVER 617 R42 824
1589 SIDESTEP R71
1590 ASSIGN 635 R42 115
1590 SIDESTEP R50
1590 SIDESTEP R77
1591 SIDESTEP R4
1591 SIDESTEP R7
1591 SIDESTEP R8
1591 DELIVER 598 R11 847
1591 PICK 762 R18
1591 SIDESTEP R31
1591 SIDESTEP R32
1591 SIDESTEP R40
1591 SIDESTEP R43
1592 ASSIGN 637 R11 99
1592 SIDESTEP R16
1592 SIDESTEP R68
1592 SIDESTEP R76
1592 SIDESTEP R79
1593 DELIVER 576 R53 878
1594 ASSIGN 638 R53 75
1595 PICK 650 R6
1595 PICK 610 R52
1595 PICK 674 R62
1596 SIDESTEP R4
1596 SIDESTEP R8
1596 SIDESTEP R31
1596 SIDESTEP R32
1596 SIDESTEP R40
1596 SIDESTEP R58
1596 SIDESTEP R74
1597 SIDESTEP R16
1597 SIDESTEP R38
1597 SIDESTEP R79
1598 SIDESTEP R7
1598 SIDESTEP R65
1599 REJECT 1293
1599 DELIVER 626 R36 823
1599 SIDESTEP R50
1599 REPORT pending=591 aged=508 idle=1 to_pickup=33 delivering=24 to_charger=17 charging=0 dead=5 hot=8,1,11
1600 ASSIGN 643 R36 73
1601 SIDESTEP R17
1601 SIDESTEP R31
1601 SIDESTEP R40
1601 SIDESTEP R58
1601 SIDESTEP R59
1602 RESCUE R21
1602 ASSIGN 646 R21 122
1602 SIDESTEP R16
1602 SIDESTEP R38
1602 SIDESTEP R51
1603 SIDESTEP R7
1603 SIDESTEP R20
1603 SIDESTEP R25
1603 SIDESTEP R65
1603 PICK 627 R67
1603 SIDESTEP R68
1606 SIDESTEP R31
1606 SIDESTEP R40
1606 SIDESTEP R58
1606 SIDESTEP R59
1606 SIDESTEP R69
1607 PICK 596 R9
1607 SIDESTEP R16
1607 SIDESTEP R21
1607 DEAD R31
1607 SIDESTEP R38
1607 DELIVER 593 R71 870
1607 SIDESTEP R72
1607 SIDESTEP R78
1608 ASSIGN 648 R71 81
1608 SIDESTEP R7
1608 SIDESTEP R20
1608 SIDESTEP R25
1608 SIDESTEP R30
1608 SIDESTEP R50
1608 SIDESTEP R53
1608 SIDESTEP R61
1608 SIDESTEP R68
1608 SIDESTEP R79
1610 CANCEL 1190
1611 DELIVER 601 R29 863
1611 PICK 620 R35
1611 SIDESTEP R59
1611 SIDESTEP R69
1611 SIDESTEP R76
1612 ASSIGN 649 R29 27
1612 DELIVER 589 R0 879
1612 SIDESTEP R11
1612 SIDESTEP R21
1612 DELIVER 592 R47 876
1612 SIDESTEP R78
1613 ASSIGN 651 R47 15
1613 ASSIGN 652 R0 104
1613 SIDESTEP R7
1613 SIDESTEP R20
1613 SIDESTEP R40
1613 DELIVER 581 R45 891
1613 SIDESTEP R50
1613 SIDESTEP R79
1614 ASSIGN 653 R45 65
1614 PICK 613 R54
1614 SIDESTEP R61
1615 SIDESTEP R74
1616 SIDESTEP R59
1616 DELIVER 628 R64 838
1616 SIDESTEP R67
1616 SIDESTEP R69
1616 SIDESTEP R76
1617 ASSIGN 655 R64 32
1617 SIDESTEP R3
1617 SIDESTEP R21
1617 SIDESTEP R78
1618 SIDESTEP R7
1618 SIDESTEP R20
1618 PICK 616 R60
1619 SIDESTEP R40
1619 SIDESTEP R41
1620 SIDESTEP R61
1620 SIDESTEP R74
1621 SIDESTEP R67
1621 SIDESTEP R69
1621 SIDESTEP R75
1621 SIDESTEP R76
1622 PICK 728 R37
1622 SIDESTEP R53
1622 SIDESTEP R58
1623 SIDESTEP R3
1623 SIDESTEP R7
1623 PICK 614 R46
1623 PICK 582 R63
1624 RESCUE R5
1624 ASSIGN 656 R5 55
1624 DELIVER 797 R14 640
1624 SIDESTEP R41
1624 SIDESTEP R59
1625 GO_CHARGE R14 34 1
1625 SIDESTEP R11
1625 SIDESTEP R49
1625 SIDESTEP R74
1626 SIDESTEP R25
1626 SIDESTEP R61
1626 SIDESTEP R67
1626 SIDESTEP R76
1627 SIDESTEP R21
1627 PICK 651 R47
1627 SIDESTEP R53
1627 SIDESTEP R58
1627 SIDESTEP R65
1628 SIDESTEP R7
1629 SIDESTEP R3
1629 SIDESTEP R41
1629 SIDESTEP R69
1629 SIDESTEP R71
1630 CANCEL 1229
1630 SIDESTEP R11
1630 SIDESTEP R49
1630 DEAD R69
1630 SIDESTEP R74
1631 PICK 697 R10
1631 SIDESTEP R67
1632 CHARGE R13
1632 SIDESTEP R53
1632 SIDESTEP R58
1632 SIDESTEP R61
1632 SIDESTEP R65
1632 SIDESTEP R68
1633 SIDESTEP R7
1633 SIDESTEP R8
1633 PICK 631 R26
1634 SIDESTEP R41
1634 SIDESTEP R50
1634 SIDESTEP R76
1635 SIDESTEP R3
1635 DELIVER 574 R75 924
1636 ASSIGN 657 R75 64
1636 SIDESTEP R67
1637 SIDESTEP R28
1637 SIDESTEP R53
1637 SIDESTEP R58
1637 SIDESTEP R62
1637 SIDESTEP R65
1637 SIDESTEP R68
1637 SIDESTEP R79
1638 SIDESTEP R0
1638 SIDESTEP R7
1638 PICK 649 R29
1638 DELIVER 642 R33 843
1638 SIDESTEP R61
1639 ASSIGN 660 R33 82
1639 PICK 669 R44
1639 SIDESTEP R76
1640 SIDESTEP R3
1640 SIDESTEP R4
1640 SIDESTEP R48
1641 PICK 622 R50
1642 CANCEL 1203
1642 SIDESTEP R53
1642 SIDESTEP R60
1642 SIDESTEP R62
1642 SIDESTEP R68
1642 SIDESTEP R79
1643 SIDESTEP R0
1643 SIDESTEP R7
1643 PICK 663 R17
1643 PICK 688 R34
1643 SIDESTEP R40
1643 SIDESTEP R45
1643 PICK 701 R72
1644 SIDESTEP R58
1644 SIDESTEP R61
1645 SIDESTEP R4
1646 PICK 703 R41
1646 SIDESTEP R48
1646 DEAD R58
1647 SIDESTEP R68
1647 SIDESTEP R70
1647 SIDESTEP R79
1648 CANCEL 1234
1648 SIDESTEP R19
1648 SIDESTEP R40
1648 SIDESTEP R45
1648 SIDESTEP R59
1648 PICK 655 R64
1648 SIDESTEP R67
1649 DELIVER 579 R16 929
1649 SIDESTEP R42
1649 REPORT pending=617 aged=538 idle=1 to_pickup=25 delivering=33 to_charger=14 charging=1 dead=6 hot=7,1,11
1650 CHARGED R13
1650 ASSIGN 661 R13 32
1650 ASSIGN 662 R16 82
1650 DELIVER 613 R54 889
1650 SIDESTEP R61
1651 ASSIGN 664 R54 84
1651 SIDESTEP R48
1652 SIDESTEP R3
1652 SIDESTEP R29
1652 PICK 680 R43
1652 SIDESTEP R68
1652 SIDESTEP R70
1652 SIDESTEP R79
1653 CANCEL 1326
1653 SIDESTEP R19
1653 SIDESTEP R40
1653 SIDESTEP R47
1653 SIDESTEP R59
1653 SIDESTEP R65
1653 SIDESTEP R67
1654 SIDESTEP R37
1655 SIDESTEP R4
1655 PICK 763 R55
1655 SIDESTEP R76
1656 PICK 629 R57
1656 SIDESTEP R61
1657 RESCUE R24
1657 ASSIGN 665 R24 100
1657 PICK 678 R28
1657 SIDESTEP R46
1657 SIDESTEP R48
1657 SIDESTEP R68
1657 SIDESTEP R79
1658 PICK 844 R1
1658 SIDESTEP R3
1658 SIDESTEP R19
1658 PICK 691 R20
1658 SIDESTEP R65
1658 SIDESTEP R67
1659 SIDESTEP R8
1659 PICK 618 R15
1659 SIDESTEP R37
1660 SIDESTEP R4
1660 SIDESTEP R76
1661 RESCUE R56
1661 ASSIGN 667 R56 70
1661 SIDESTEP R24
1661 SIDESTEP R40
1662 SIDESTEP R42
1662 SIDESTEP R46
1662 DELIVER 719 R51 767
1662 SIDESTEP R68
1662 SIDESTEP R79
1663 GO_CHARGE R51 41 1
1663 SIDESTEP R19
1663 SIDESTEP R48
1663 SIDESTEP R67
1664 SIDESTEP R3
1664 SIDESTEP R8
1664 SIDESTEP R12
1664 SIDESTEP R37
1664 SIDESTEP R59
1664 DELIVER 612 R78 904
1665 ASSIGN 668 R78 73
1665 SIDESTEP R4
1665 PICK 724 R25
1665 SIDESTEP R32
1665 PICK 584 R38
1665 SIDESTEP R56
1665 SIDESTEP R70
1666 SIDESTEP R24
1666 SIDESTEP R61
1667 PICK 705 R30
1667 SIDESTEP R40
1668 SIDESTEP R67
1668 SIDESTEP R72
1669 SIDESTEP R12
1669 SIDESTEP R59
1669 SIDESTEP R65
1670 SIDESTEP R3
1670 SIDESTEP R70
1672 DELIVER 634 R7 886
1672 DELIVER 762 R18 731
1672 PICK 643 R36
1672 SIDESTEP R40
1672 SIDESTEP R42
1672 PICK 615 R49
1672 SIDESTEP R61
1672 DELIVER 582 R63 948
1672 SIDESTEP R76
1673 ASSIGN 785 R7 111
1673 ASSIGN 672 R63 37
1673 GO_CHARGE R18 48 1
1673 SIDESTEP R67
1673 SIDESTEP R72
1674 SIDESTEP R12
1674 SIDESTEP R65
1675 SIDESTEP R3
1675 SIDESTEP R8
1675 SIDESTEP R48
1675 DELIVER 655 R64 867
1675 SIDESTEP R70
1676 CANCEL 1274
1676 ASSIGN 673 R64 115
1677 SIDESTEP R32
1677 SIDESTEP R40
1677 SIDESTEP R76
1677 SIDESTEP R79
1678 SIDESTEP R49
1678 SIDESTEP R61
1678 DELIVER 674 R62 846
1678 SIDESTEP R72
1679 ASSIGN 675 R62 68
1679 SIDESTEP R12
1679 SIDESTEP R74
1680 SIDESTEP R3
1680 SIDESTEP R8
1680 SIDESTEP R48
1680 SIDESTEP R59
1680 SIDESTEP R70
1681 PICK 661 R13
1681 SIDESTEP R14
1682 SIDESTEP R32
1682 SIDESTEP R37
1682 DELIVER 605 R73 929
1682 SIDESTEP R78
1682 SIDESTEP R79
1683 GO_CHARGE R73 55 1
1683 SIDESTEP R49
1683 SIDESTEP R72
1684 PICK 656 R5
1684 DELIVER 596 R9 942
1684 SIDESTEP R40
1684 DELIVER 680 R43 843
1684 DELIVER 610 R52 926
1684 SIDESTEP R74
1685 ASSIGN 794 R43 45
1685 ASSIGN 677 R9 69
1685 ASSIGN 679 R52 69
1685 SIDESTEP R3
1685 SIDESTEP R8
1685 SIDESTEP R25
1685 SIDESTEP R59
1685 SIDESTEP R61
1685 SIDESTEP R65
1685 SIDESTEP R70
1687 RESCUE R2
1687 ASSIGN 712 R2 87
1687 SIDESTEP R14
1687 DELIVER 691 R20 834
1687 SIDESTEP R32
1687 SIDESTEP R37
1687 SIDESTEP R79
1688 ASSIGN 681 R20 72
1688 PICK 653 R45
1688 SIDESTEP R49
1688 DELIVER 622 R50 916
1688 DELIVER 763 R55 746
1688 SIDESTEP R72
1688 SIDESTEP R76
1689 ASSIGN 714 R50 58
1689 ASSIGN 682 R55 81
1690 SIDESTEP R3
1690 SIDESTEP R8
1690 SIDESTEP R65
1690 SIDESTEP R68
1690 SIDESTEP R70
1691 SIDESTEP R2
1691 SIDESTEP R4
1691 SIDESTEP R61
1692 SIDESTEP R11
1692 SIDESTEP R14
1692 SIDESTEP R32
1692 SIDESTEP R48
1693 SIDESTEP R72
1694 SIDESTEP R79
1695 DELIVER 676 R19 860
1695 SIDESTEP R65
1695 SIDESTEP R70
1696 ASSIGN 716 R19 51
1696 SIDESTEP R3
1696 SIDESTEP R4
1696 SIDESTEP R41
1696 SIDESTEP R59
1696 SIDESTEP R76
1697 SIDESTEP R32
1697 SIDESTEP R61
1697 DEAD R76
1698 CANCEL 1368
1698 SIDESTEP R8
1698 SIDESTEP R14
1698 SIDESTEP R48
1698 SIDESTEP R72
1699 DELIVER 618 R15 933
1699 REPORT pending=633 aged=557 idle=1 to_pickup=28 delivering=31 to_charger=16 charging=0 dead=4 hot=7,1,12
1700 GO_CHARGE R15 62 1
1700 SIDESTEP R65
1700 DELIVER 627 R67 923
1701 ASSIGN 723 R67 83
1701 SIDESTEP R4
1701 SIDESTEP R41
1701 SIDESTEP R42
1701 SIDESTEP R59
1701 PICK 657 R75
1702 SIDESTEP R3
1703 DELIVER 656 R5 894
1703 SIDESTEP R12
1703 SIDESTEP R14
1703 SIDESTEP R35
1703 DELIVER 584 R38 975
1703 SIDESTEP R51
1703 SIDESTEP R61
1703 SIDESTEP R72
1704 ASSIGN 727 R38 94
1704 ASSIGN 802 R5 56
1704 SIDESTEP R8
1704 SIDESTEP R48
1704 SIDESTEP R79
1705 PICK 623 R22
1705 DELIVER 614 R46 943
1706 ASSIGN 892 R46 65
1706 SIDESTEP R41
1706 SIDESTEP R59
1706 SIDESTEP R68
1706 SIDESTEP R70
1706 PICK 692 R77
1707 RESCUE R31
1707 ASSIGN 683 R31 18
1707 SIDESTEP R3
1707 SIDESTEP R21
1707 SIDESTEP R40
1709 DELIVER 844 R1 661
1709 SIDESTEP R14
1709 DELIVER 620 R35 941
1709 SIDESTEP R51
1709 SIDESTEP R61
1710 ASSIGN 731 R1 89
1710 ASSIGN 684 R35 94
1710 SIDESTEP R48
1711 SIDESTEP R59
1711 SIDESTEP R68
1711 SIDESTEP R70
1712 SIDESTEP R3
1712 SIDESTEP R40
1712 SIDESTEP R41
1712 PICK 648 R71
1713 SIDESTEP R4
1713 SIDESTEP R25
1715 SIDESTEP R14
1715 SIDESTEP R51
1715 SIDESTEP R61
1716 PICK 637 R11
1716 SIDESTEP R46
1716 SIDESTEP R48
1716 SIDESTEP R59
1716 DELIVER 616 R60 952
1716 SIDESTEP R68
1716 SIDESTEP R70
1717 CANCEL 1238
1717 ASSIGN 734 R60 106
1717 SIDESTEP R3
1717 SIDESTEP R40
1718 SIDESTEP R4
1718 SIDESTEP R25
1718 DELIVER 575 R32 1005
1718 SIDESTEP R65
1719 ASSIGN 736 R32 33
1719 DELIVER 650 R6 916
1720 ASSIGN 740 R6 39
1720 SIDESTEP R0
1720 PICK 660 R33
1721 SIDESTEP R14
1721 DELIVER 678 R28 882
1721 SIDESTEP R51
1721 SIDESTEP R61
1721 PICK 672 R63
1721 SIDESTEP R70
1722 ASSIGN 741 R28 64
1722 SIDESTEP R3
1722 DELIVER 688 R34 872
1722 SIDESTEP R40
1722 SIDESTEP R48
1722 SIDESTEP R68
1723 GO_CHARGE R34 83 1
1723 SIDESTEP R8
1723 DELIVER 697 R10 862
1723 SIDESTEP R25
1723 SIDESTEP R65
1723 SIDESTEP R79
1724 ASSIGN 745 R10 97
1724 DELIVER 666 R12 902
1724 SIDESTEP R20
1724 PICK 683 R31
1725 GO_CHARGE R12 69 1
1725 DELIVER 703 R41 856
1726 ASSIGN 687 R41 45
1726 SIDESTEP R36
1726 DELIVER 615 R49 963
1726 SIDESTEP R70
1727 ASSIGN 747 R49 56
1727 SIDESTEP R33
1727 SIDESTEP R48
1727 SIDESTEP R61
1727 SIDESTEP R68
1728 SIDESTEP R14
1728 SIDESTEP R15
1728 SIDESTEP R40
1728 SIDESTEP R57
1728 SIDESTEP R79
1729 SIDESTEP R4
1729 SIDESTEP R8
1729 DELIVER 631 R26 947
1729 DELIVER 705 R30 855
1730 ASSIGN 751 R26 58
1730 GO_CHARGE R30 76 1
1731 SIDESTEP R29
1731 SIDESTEP R36
1732 SIDESTEP R48
1733 SIDESTEP R15
1733 SIDESTEP R40
1733 SIDESTEP R51
1733 PICK 638 R53
1734 PICK 652 R0
1734 SIDESTEP R4
1734 SIDESTEP R8
1734 PICK 794 R43
1734 SIDESTEP R65
1734 SIDESTEP R68
1735 RESCUE R69
1735 ASSIGN 749 R69 59
1735 SIDESTEP R14
1735 SIDESTEP R59
1735 SIDESTEP R64
1735 DELIVER 570 R74 1028
1736 GO_CHARGE R74 6 1
1736 SIDESTEP R29
1736 PICK 667 R56
1737 DELIVER 663 R17 920
1737 SIDESTEP R48
1737 SIDESTEP R50
1737 SIDESTEP R61
1738 ASSIGN 757 R17 108
1738 SIDESTEP R15
1738 SIDESTEP R51
1738 DELIVER 701 R72 871
1738 SIDESTEP R73
1739 ASSIGN 760 R72 70
1739 SIDESTEP R65
1739 SIDESTEP R68
1739 SIDESTEP R79
1740 CHARGE R3
1740 SIDESTEP R57
1741 SIDESTEP R8
1741 SIDESTEP R29
1741 PICK 635 R42
1741 DELIVER 669 R44 915
1741 SIDESTEP R70
1742 ASSIGN 761 R44 56
1742 SIDESTEP R33
1742 SIDESTEP R48
1742 SIDESTEP R61
1743 SIDESTEP R51
1743 SIDESTEP R73
1744 SIDESTEP R12
1744 SIDESTEP R15
1744 SIDESTEP R65
1744 SIDESTEP R68
1744 SIDESTEP R79
1745 SIDESTEP R4
1746 RESCUE R58
1746 ASSIGN 685 R58 28
1746 PICK 716 R19
1746 SIDESTEP R67
1747 SIDESTEP R57
1747 SIDESTEP R61
1748 SIDESTEP R38
1748 SIDESTEP R51
1748 SIDESTEP R73
1749 SIDESTEP R12
1749 SIDESTEP R14
1749 REPORT pending=650 aged=576 idle=0 to_pickup=34 delivering=24 to_charger=20 charging=1 dead=1 hot=7,2,17
1750 SIDESTEP R0
1750 DELIVER 649 R29 948
1750 SIDESTEP R46
1750 SIDESTEP R47
1750 SIDESTEP R68
1751 GO_CHARGE R29 6 1
1751 SIDESTEP R62
1751 SIDESTEP R67
1752 SIDESTEP R8
1752 SIDESTEP R40
1752 SIDESTEP R57
1752 SIDESTEP R59
1752 SIDESTEP R65
1753 SIDESTEP R38
1753 SIDESTEP R48
1753 SIDESTEP R58
1753 SIDESTEP R73
1753 SIDESTEP R79
1754 SIDESTEP R12
1754 SIDESTEP R51
1754 DELIVER 648 R71 953
1755 CHARGED R3
1755 ASSIGN 690 R71 52
1755 ASSIGN 693 R3 72
1755 PICK 677 R9
1755 SIDESTEP R14
1755 PICK 736 R32
1755 SIDESTEP R46
1755 SIDESTEP R53
1756 SIDESTEP R47
1756 SIDESTEP R62
1756 SIDESTEP R67
1756 SIDESTEP R68
1757 SIDESTEP R8
1757 SIDESTEP R37
1757 SIDESTEP R40
1757 PICK 679 R52
1757 SIDESTEP R57
1757 SIDESTEP R59
1757 SIDESTEP R65
1758 SIDESTEP R4
1758 PICK 740 R6
1758 SIDESTEP R58
1758 SIDESTEP R61
1759 PICK 802 R5
1760 SIDESTEP R12
1760 SIDESTEP R14
1760 SIDESTEP R15
1760 DELIVER 660 R33 946
1761 ASSIGN 694 R33 55
1761 SIDESTEP R47
1761 SIDESTEP R50
1761 SIDESTEP R67
1761 PICK 668 R78
1762 SIDESTEP R37
1762 SIDESTEP R57
1762 SIDESTEP R59
1762 SIDESTEP R62
1762 SIDESTEP R65
1763 SIDESTEP R4
1763 SIDESTEP R38
1763 SIDESTEP R40
1763 SIDESTEP R74
1763 SIDESTEP R79
1764 SIDESTEP R51
1764 SIDESTEP R68
1765 SIDESTEP R14
1765 SIDESTEP R15
1765 SIDESTEP R73
1766 PICK 681 R20
1766 SIDESTEP R47
1766 PICK 714 R50
1766 PICK 664 R54
1767 PICK 646 R21
1767 PICK 665 R24
1767 SIDESTEP R59
1767 DELIVER 604 R70 1015
1768 ASSIGN 695 R70 40
1768 SIDESTEP R4
1769 DEAD R4
1769 DELIVER 724 R25 869
1769 SIDESTEP R37
1769 SIDESTEP R51
1769 PICK 682 R55
1769 SIDESTEP R61
1769 SIDESTEP R62
1769 SIDESTEP R65
1769 SIDESTEP R79
1770 ASSIGN 698 R25 110
1770 SIDESTEP R14
1770 SIDESTEP R15
1770 SIDESTEP R48
1770 SIDESTEP R74
1771 SIDESTEP R12
1771 SIDESTEP R73
1772 SIDESTEP R59
1774 DELIVER 623 R22 1001
1774 SIDESTEP R37
1774 SIDESTEP R57
1774 SIDESTEP R79
1775 GO_CHARGE R22 13 1
1775 SIDESTEP R10
1775 SIDESTEP R11
1775 SIDESTEP R48
1775 SIDESTEP R52
1775 SIDESTEP R56
1775 DELIVER 672 R63 945
1775 SIDESTEP R74
1776 ASSIGN 699 R63 86
1776 SIDESTEP R8
1776 SIDESTEP R12
1776 SIDESTEP R15
1776 SIDESTEP R51
1776 SIDESTEP R61
1776 SIDESTEP R71
1777 SIDESTEP R20
1777 DELIVER 653 R45 971
1777 SIDESTEP R65
1777 SIDESTEP R68
1777 SIDESTEP R73
1778 ASSIGN 700 R45 54
1778 SIDESTEP R59
1779 PICK 712 R2
1779 PICK 662 R16
1779 SIDESTEP R37
1779 SIDESTEP R67
1779 SIDESTEP R79
1780 SIDESTEP R52
1780 SIDESTEP R74
1781 SIDESTEP R12
1781 SIDESTEP R15
1781 SIDESTEP R51
1781 SIDESTEP R61
1782 SIDESTEP R14
1782 SIDESTEP R40
1782 PICK 687 R41
1782 PICK 747 R49
1782 SIDESTEP R65
1782 SIDESTEP R68
1783 DELIVER 794 R43 802
1783 SIDESTEP R57
1783 SIDESTEP R59
1783 SIDESTEP R73
1784 GO_CHARGE R43 83 1
1784 DELIVER 661 R13 969
1784 SIDESTEP R37
1784 SIDESTEP R46
1785 ASSIGN 702 R13 85
1785 PICK 785 R7
1785 SIDESTEP R52
1785 SIDESTEP R62
1786 SIDESTEP R15
1786 CHARGE R18
1786 SIDESTEP R31
1786 PICK 685 R58
1786 SIDESTEP R61
1787 CANCEL 1392
1787 SIDESTEP R14
1787 PICK 751 R26
1787 SIDESTEP R40
1787 SIDESTEP R51
1787 SIDESTEP R65
1787 SIDESTEP R68
1788 DELIVER 638 R53 998
1788 SIDESTEP R57
1788 SIDESTEP R59
1788 SIDESTEP R74
1789 ASSIGN 704 R53 53
1789 SIDESTEP R12
1789 SIDESTEP R73
1790 SIDESTEP R52
1791 PICK 675 R62
1792 SIDESTEP R40
1792 SIDESTEP R44
1792 SIDESTEP R51
1792 SIDESTEP R65
1792 SIDESTEP R68
1793 SIDESTEP R8
1793 SIDESTEP R59
1793 PICK 749 R69
1793 SIDESTEP R74
1794 SIDESTEP R12
1794 SIDESTEP R22
1794 PICK 741 R28
1794 SIDESTEP R57
1795 SIDESTEP R67
1796 SIDESTEP R32
1796 SIDESTEP R54
1797 RESCUE R76
1797 ASSIGN 707 R76 47
1797 DELIVER 643 R36 1001
1797 SIDESTEP R44
1797 SIDESTEP R51
1797 PICK 673 R64
1797 SIDESTEP R65
1797 SIDESTEP R68
1798 ASSIGN 708 R36 17
1798 SIDESTEP R8
1798 DELIVER 716 R19 906
1798 SIDESTEP R59
1798 SIDESTEP R74
1799 GO_CHARGE R19 20 1
1799 SIDESTEP R12
1799 SIDESTEP R22
1799 PICK 892 R46
1799 SIDESTEP R47
1799 SIDESTEP R73
1799 SIDESTEP R79
1799 REPORT pending=681 aged=601 idle=0 to_pickup=21 delivering=35 to_charger=22 charging=1 dead=1 hot=6,2,13
1800 DELIVER 740 R6 883
1800 SIDESTEP R15
1800 DELIVER 657 R75 990
1801 ASSIGN 710 R6 107
1801 GO_CHARGE R75 6 1
1801 SIDESTEP R0
1801 PICK 731 R1
1801 SIDESTEP R14
1801 SIDESTEP R32
1801 SIDESTEP R41
1801 SIDESTEP R42
1801 SIDESTEP R54
1801 SIDESTEP R70
1802 DELIVER 667 R56 979
1802 SIDESTEP R65
1802 SIDESTEP R68
1803 CHARGED R18
1803 ASSIGN 715 R18 21
1803 ASSIGN 717 R56 100
1803 SIDESTEP R8
1803 SIDESTEP R63
1803 SIDESTEP R74
1804 CHARGE R34
1804 PICK 684 R35
1804 SIDESTEP R59
1804 SIDESTEP R61
1804 SIDESTEP R79
1805 DEAD R8
1805 SIDESTEP R12
1805 SIDESTEP R15
1805 SIDESTEP R40
1805 SIDESTEP R48
1805 SIDESTEP R57
1806 SIDESTEP R14
1806 SIDESTEP R20
1806 SIDESTEP R32
1806 SIDESTEP R41
1806 SIDESTEP R54
1806 SIDESTEP R73
1807 SIDESTEP R9
1807 SIDESTEP R68
1808 SIDESTEP R63
1808 PICK 760 R72
1809 SIDESTEP R24
1809 SIDESTEP R59
1809 SIDESTEP R61
1809 SIDESTEP R79
1810 SIDESTEP R15
1810 SIDESTEP R48
1810 SIDESTEP R51
1810 SIDESTEP R57
1810 SIDESTEP R74
1811 SIDESTEP R12
1811 SIDESTEP R14
1811 SIDESTEP R20
1811 SIDESTEP R32
1811 SIDESTEP R40
1811 SIDESTEP R41
1811 SIDESTEP R54
1811 SIDESTEP R73
1812 SIDESTEP R22
1812 PICK 761 R44
1813 SIDESTEP R63
1813 DEAD R79
1814 SIDESTEP R24
1814 PICK 708 R36
1814 SIDESTEP R50
1814 SIDESTEP R59
1815 SIDESTEP R21
1815 SIDESTEP R48
1816 SIDESTEP R32
1816 PICK 694 R33
1816 SIDESTEP R40
1816 SIDESTEP R41
1816 SIDESTEP R54
1816 SIDESTEP R65
1816 PICK 695 R70
1816 SIDESTEP R73
1816 SIDESTEP R74
1817 SIDESTEP R12
1817 SIDESTEP R22
1817 SIDESTEP R51
1818 SIDESTEP R14
1818 SIDESTEP R57
1818 PICK 690 R71
1819 DELIVER 761 R44 879
1819 CHARGE R48
1820 CHARGED R34
1820 ASSIGN 718 R34 68
1820 ASSIGN 720 R44 78
1820 SIDESTEP R16
1820 SIDESTEP R21
1820 SIDESTEP R38
1821 SIDESTEP R32
1821 SIDESTEP R41
1821 SIDESTEP R54
1821 SIDESTEP R65
1821 SIDESTEP R68
1821 SIDESTEP R73
1821 SIDESTEP R74
1822 SIDESTEP R22
1822 SIDESTEP R47
1822 SIDESTEP R51
1822 SIDESTEP R61
1823 SIDESTEP R12
1823 SIDESTEP R14
1823 SIDESTEP R15
1823 PICK 715 R18
1823 PICK 734 R60
1823 DELIVER 692 R77 969
1824 GO_CHARGE R77 48 1
1824 SIDESTEP R57
1825 SIDESTEP R21
1826 SIDESTEP R41
1826 SIDESTEP R54
1826 SIDESTEP R68
1827 SIDESTEP R47
1827 SIDESTEP R61
1827 SIDESTEP R67
1828 PICK 693 R3
1828 SIDESTEP R10
1828 SIDESTEP R14
1828 SIDESTEP R15
1828 SIDESTEP R22
1828 SIDESTEP R40
1828 SIDESTEP R51
1828 SIDESTEP R71
1829 SIDESTEP R12
1830 SIDESTEP R21
1830 SIDESTEP R57
1831 SIDESTEP R41
1831 SIDESTEP R46
1831 SIDESTEP R54
1831 SIDESTEP R70
1832 PICK 745 R10
1832 PICK 700 R45
1833 SIDESTEP R14
1833 SIDESTEP R15
1833 SIDESTEP R22
1833 SIDESTEP R40
1833 SIDESTEP R73
1833 SIDESTEP R74
1834 CHARGED R48
1834 ASSIGN 721 R48 92
1835 SIDESTEP R12
1835 SIDESTEP R42
1836 SIDESTEP R0
1836 SIDESTEP R41
1836 SIDESTEP R54
1836 DELIVER 682 R55 993
1836 SIDESTEP R57
1837 GO_CHARGE R55 6 1
1837 DELIVER 802 R5 846
1838 ASSIGN 722 R5 17
1838 DELIVER 662 R16 1022
1838 SIDESTEP R22
1838 DELIVER 708 R36 961
1838 SIDESTEP R40
1838 SIDESTEP R73
1838 SIDESTEP R74
1839 ASSIGN 835 R36 88
1839 GO_CHARGE R16 13 1
1839 SIDESTEP R15
1839 SIDESTEP R47
1839 SIDESTEP R78
1841 SIDESTEP R12
1841 SIDESTEP R41
1841 PICK 704 R53
1841 SIDESTEP R54
1842 DELIVER 751 R26 914
1842 SIDESTEP R57
1842 CHARGE R61
1843 GO_CHARGE R26 6 1
1843 SIDESTEP R22
1843 PICK 727 R38
1843 SIDESTEP R40
1843 DELIVER 714 R50 954
1843 SIDESTEP R73
1843 SIDESTEP R74
1843 PICK 707 R76
1844 GO_CHARGE R50 83 1
1844 SIDESTEP R15
1844 SIDESTEP R47
1844 SIDESTEP R59
1844 DELIVER 734 R60 933
1844 SIDESTEP R67
1844 SIDESTEP R78
1845 GO_CHARGE R60 6 1
1846 SIDESTEP R41
1846 SIDESTEP R54
1847 SIDESTEP R12
1848 SIDESTEP R22
1848 SIDESTEP R46
1848 SIDESTEP R57
1848 SIDESTEP R73
1849 SIDESTEP R14
1849 SIDESTEP R15
1849 SIDESTEP R34
1849 SIDESTEP R40
1849 SIDESTEP R47
1849 SIDESTEP R59
1849 SIDESTEP R65
1849 REPORT pending=710 aged=630 idle=0 to_pickup=13 delivering=39 to_charger=24 charging=1 dead=3 hot=6,2,13
1850 DELIVER 637 R11 1061
1850 SIDESTEP R51
1850 DELIVER 679 R52 1010
1851 GO_CHARGE R11 6 1
1851 GO_CHARGE R52 6 1
1851 SIDESTEP R41
1851 SIDESTEP R54
1853 SIDESTEP R22
1853 SIDESTEP R73
1854 PICK 722 R5
1854 SIDESTEP R14
1854 SIDESTEP R34
1854 SIDESTEP R55
1854 SIDESTEP R57
1854 SIDESTEP R59
1854 SIDESTEP R65
1854 SIDESTEP R68
1855 SIDESTEP R40
1856 DELIVER 741 R28 938
1856 SIDESTEP R51
1856 SIDESTEP R54
1856 DELIVER 675 R62 1022
1857 CHARGED R61
1857 ASSIGN 764 R61 85
1857 GO_CHARGE R28 27 1
1857 GO_CHARGE R62 6 1
1857 CHARGE R30
1858 SIDESTEP R22
1858 SIDESTEP R73
1859 CANCEL 1391
1859 CANCEL 1463
1859 SIDESTEP R12
1859 SIDESTEP R14
1859 SIDESTEP R34
1859 SIDESTEP R55
1859 SIDESTEP R65
1859 PICK 723 R67
1859 SIDESTEP R68
1859 SIDESTEP R74
1860 SIDESTEP R15
1861 SIDESTEP R24
1861 SIDESTEP R40
1861 SIDESTEP R54
1863 SIDESTEP R22
1863 SIDESTEP R57
1864 DELIVER 652 R0 1059
1864 SIDESTEP R12
1864 SIDESTEP R34
1864 SIDESTEP R55
1864 SIDESTEP R68
1864 SIDESTEP R73
1864 SIDESTEP R74
1865 GO_CHARGE R0 20 1
1865 DELIVER 677 R9 1027
1865 SIDESTEP R14
1865 SIDESTEP R15
1865 SIDESTEP R26
1865 DELIVER 728 R37 960
1865 DELIVER 690 R71 1013
1866 ASSIGN 765 R37 69
1866 GO_CHARGE R9 6 1
1866 GO_CHARGE R71 6 1
1866 SIDESTEP R24
1866 SIDESTEP R54
1867 SIDESTEP R40
1867 SIDESTEP R65
1869 RESCUE R4
1869 ASSIGN 769 R4 102
1869 SIDESTEP R12
1869 PICK 702 R13
1869 SIDESTEP R34
1869 SIDESTEP R55
1869 SIDESTEP R73
1869 SIDESTEP R74
1870 SIDESTEP R15
1870 SIDESTEP R22
1870 SIDESTEP R26
1870 SIDESTEP R47
1870 SIDESTEP R57
1870 SIDESTEP R58
1870 SIDESTEP R75
1871 SIDESTEP R14
1871 DELIVER 694 R33 1014
1871 SIDESTEP R54
1871 DELIVER 760 R72 932
1872 ASSIGN 770 R33 15
1872 GO_CHARGE R72 13 1
1872 DELIVER 693 R3 1017
1872 SIDESTEP R5
1872 DELIVER 683 R31 1028
1872 SIDESTEP R40
1872 CHARGE R51
1872 SIDESTEP R65
1873 ASSIGN 773 R31 53
1873 ASSIGN 774 R3 79
1874 CHARGED R30
1874 ASSIGN 775 R30 62
1874 SIDESTEP R12
1874 SIDESTEP R34
1874 SIDESTEP R55
1874 SIDESTEP R73
1875 SIDESTEP R15
1875 SIDESTEP R22
1875 SIDESTEP R26
1875 SIDESTEP R47
1875 SIDESTEP R59
1876 DELIVER 635 R42 1089
1876 SIDESTEP R54
1877 ASSIGN 778 R42 16
1877 SIDESTEP R52
1877 SIDESTEP R75
1878 DELIVER 747 R49 954
1878 DELIVER 685 R58 1032
1878 SIDESTEP R65
1879 ASSIGN 786 R58 56
1879 ASSIGN 788 R49 80
1879 SIDESTEP R34
1879 SIDESTEP R40
1879 SIDESTEP R55
1879 SIDESTEP R57
1879 SIDESTEP R73
1880 SIDESTEP R15
1880 SIDESTEP R47
1880 SIDESTEP R59
1880 SIDESTEP R68
1880 SIDESTEP R72
1881 SIDESTEP R26
1881 SIDESTEP R54
1882 SIDESTEP R52
1882 SIDESTEP R75
1883 DELIVER 785 R7 914
1883 SIDESTEP R14
1884 GO_CHARGE R7 6 1
1884 SIDESTEP R34
1884 SIDESTEP R40
1884 SIDESTEP R55
1885 PICK 757 R17
1885 CHARGE R22
1885 SIDESTEP R57
1885 SIDESTEP R65
1885 SIDESTEP R68
1885 SIDESTEP R74
1886 DELIVER 665 R24 1066
1886 PICK 770 R33
1886 SIDESTEP R47
1886 SIDESTEP R53
1886 SIDESTEP R54
1887 CHARGED R51
1887 ASSIGN 793 R24 48
1887 ASSIGN 845 R51 60
1887 SIDESTEP R15
1887 SIDESTEP R52
1887 SIDESTEP R75
1888 SIDESTEP R14
1888 SIDESTEP R20
1888 SIDESTEP R26
1888 DELIVER 700 R45 1024
1889 GO_CHARGE R45 41 1
1889 SIDESTEP R34
1889 SIDESTEP R40
1890 SIDESTEP R65
1890 SIDESTEP R68
1890 SIDESTEP R74
1891 SIDESTEP R47
1891 SIDESTEP R54
1891 SIDESTEP R57
1891 SIDESTEP R60
1891 PICK 699 R63
1892 PICK 778 R42
1892 SIDESTEP R55
1892 SIDESTEP R59
1892 SIDESTEP R76
1893 SIDESTEP R0
1893 SIDESTEP R2
1893 DELIVER 745 R10 971
1893 SIDESTEP R14
1893 SIDESTEP R15
1893 SIDESTEP R20
1893 SIDESTEP R26
1894 CANCEL 1380
1894 GO_CHARGE R10 76 1
1894 SIDESTEP R34
1894 SIDESTEP R52
1894 SIDESTEP R58
1894 SIDESTEP R75
1894 DELIVER 668 R78 1070
1895 GO_CHARGE R78 83 1
1895 SIDESTEP R33
1895 SIDESTEP R40
1895 SIDESTEP R65
1895 DELIVER 695 R70 1036
1896 GO_CHARGE R70 6 1
1896 DELIVER 736 R32 983
1896 SIDESTEP R47
1896 SIDESTEP R54
1897 GO_CHARGE R32 6 1
1897 PICK 720 R44
1897 DELIVER 704 R53 1027
1897 SIDESTEP R55
1897 SIDESTEP R57
1898 GO_CHARGE R53 6 1
1898 SIDESTEP R2
1898 SIDESTEP R20
1898 SIDESTEP R59
1899 SIDESTEP R15
1899 SIDESTEP R19
1899 SIDESTEP R34
1899 SIDESTEP R52
1899 SIDESTEP R68
1899 SIDESTEP R75
1899 SIDESTEP R78
1899 REPORT pending=741 aged=659 idle=0 to_pickup=17 delivering=24 to_charger=36 charging=1 dead=2 hot=5,2,13
1900 DELIVER 892 R46 795
1900 SIDESTEP R60
1900 SIDESTEP R65
1901 CHARGED R22
1901 ASSIGN 725 R22 49
1901 ASSIGN 801 R46 64
1901 SIDESTEP R30
1901 DELIVER 684 R35 1056
1901 SIDESTEP R40
1901 SIDESTEP R47
1901 SIDESTEP R54
1901 SIDESTEP R73
1902 GO_CHARGE R35 6 1
1903 SIDESTEP R2
1903 SIDESTEP R20
1903 SIDESTEP R57
1903 SIDESTEP R59
1903 SIDESTEP R69
1903 SIDESTEP R74
1904 SIDESTEP R15
1904 SIDESTEP R34
1904 SIDESTEP R75
1905 RESCUE R8
1905 ASSIGN 808 R8 109
1905 SIDESTEP R37
1905 SIDESTEP R52
1905 SIDESTEP R60
1905 SIDESTEP R68
1906 SIDESTEP R26
1906 SIDESTEP R30
1906 SIDESTEP R40
1906 SIDESTEP R47
1906 SIDESTEP R54
1906 SIDESTEP R65
1907 SIDESTEP R10
1908 SIDESTEP R20
1908 SIDESTEP R74
1909 SIDESTEP R15
1909 DELIVER 757 R17 974
1909 SIDESTEP R34
1909 SIDESTEP R55
1909 SIDESTEP R75
1910 GO_CHARGE R17 20 1
1910 SIDESTEP R37
1910 PICK 717 R56
1910 SIDESTEP R60
1911 CHARGE R19
1911 SIDESTEP R26
1911 SIDESTEP R40
1911 SIDESTEP R47
1911 SIDESTEP R54
1911 SIDESTEP R65
1912 PICK 710 R6
1912 SIDESTEP R10
1912 SIDESTEP R62
1913 SIDESTEP R7
1913 SIDESTEP R14
1913 SIDESTEP R20
1913 SIDESTEP R28
1913 SIDESTEP R74
1914 RESCUE R79
1914 ASSIGN 729 R79 88
1914 SIDESTEP R15
1914 PICK 698 R25
1914 SIDESTEP R57
1914 SIDESTEP R68
1915 SIDESTEP R24
1915 SIDESTEP R55
1915 SIDESTEP R59
1915 SIDESTEP R60
1915 SIDESTEP R75
1916 SIDESTEP R26
1916 SIDESTEP R40
1916 SIDESTEP R47
1916 SIDESTEP R54
1916 SIDESTEP R65
1917 SIDESTEP R62
1918 SIDESTEP R7
1918 SIDESTEP R20
1918 DELIVER 646 R21 1119
1919 GO_CHARGE R21 6 1
1919 SIDESTEP R57
1920 SIDESTEP R55
1921 SIDESTEP R15
1921 SIDESTEP R26
1921 SIDESTEP R28
1921 SIDESTEP R40
1921 SIDESTEP R47
1921 SIDESTEP R54
1921 SIDESTEP R65
1921 SIDESTEP R74
1922 SIDESTEP R60
1922 SIDESTEP R62
1922 SIDESTEP R68
1922 SIDESTEP R75
1923 SIDESTEP R7
1923 SIDESTEP R10
1923 SIDESTEP R20
1924 CHARGE R43
1924 SIDESTEP R61
1925 CHARGE R16
1925 PICK 773 R31
1925 PICK 721 R48
1925 DELIVER 673 R64 1094
1926 CHARGED R19
1926 ASSIGN 730 R19 43
1926 GO_CHARGE R64 6 1
1926 SIDESTEP R26
1926 SIDESTEP R28
1926 SIDESTEP R32
1926 SIDESTEP R40
1926 SIDESTEP R47
1926 SIDESTEP R54
1926 SIDESTEP R55
1926 SIDESTEP R59
1926 SIDESTEP R65
1926 SIDESTEP R74
1927 SIDESTEP R62
1927 DELIVER 723 R67 1028
1927 SIDESTEP R68
1928 GO_CHARGE R67 6 1
1928 SIDESTEP R7
1928 SIDESTEP R10
1928 SIDESTEP R11
1928 SIDESTEP R14
1928 SIDESTEP R20
1928 SIDESTEP R24
1928 SIDESTEP R52
1928 DELIVER 749 R69 1002
1929 ASSIGN 733 R69 45
1929 SIDESTEP R61
1929 SIDESTEP R75
1930 DELIVER 727 R38 1027
1930 SIDESTEP R60
1931 GO_CHARGE R38 20 1
1931 DELIVER 712 R2 1045
1931 SIDESTEP R28
1931 SIDESTEP R40
1931 DELIVER 687 R41 1082
1931 SIDESTEP R47
1931 SIDESTEP R54
1931 SIDESTEP R55
1931 SIDESTEP R57
1931 SIDESTEP R65
1931 SIDESTEP R74
1932 GO_CHARGE R2 13 1
1932 GO_CHARGE R41 6 1
1932 SIDESTEP R59
1932 SIDESTEP R62
1932 SIDESTEP R68
1933 SIDESTEP R7
1933 SIDESTEP R10
1933 SIDESTEP R11
1933 SIDESTEP R14
1933 SIDESTEP R20
1933 SIDESTEP R24
1933 SIDESTEP R52
1934 CANCEL 1439
1934 SIDESTEP R35
1934 PICK 835 R36
1934 SIDESTEP R61
1935 SIDESTEP R60
1935 SIDESTEP R70
1935 CHARGE R77
1936 DELIVER 722 R5 1038
1936 SIDESTEP R21
1936 SIDESTEP R26
1936 SIDESTEP R40
1936 SIDESTEP R47
1936 SIDESTEP R53
1936 SIDESTEP R54
1936 SIDESTEP R65
1936 SIDESTEP R74
1936 SIDESTEP R75
1937 GO_CHARGE R5 6 1
1937 SIDESTEP R9
1937 SIDESTEP R57
1937 SIDESTEP R68
1938 REJECT 1565
1938 SIDESTEP R14
1938 SIDESTEP R20
1938 SIDESTEP R24
1938 SIDESTEP R52
1938 SIDESTEP R55
1938 SIDESTEP R59
1938 SIDESTEP R71
1939 CHARGED R43
1939 ASSIGN 735 R43 65
1939 DELIVER 715 R18 1048
1939 SIDESTEP R61
1940 ASSIGN 737 R18 61
1940 SIDESTEP R11
1940 SIDESTEP R41
1940 PICK 786 R58
1940 SIDESTEP R70
1941 CHARGED R16
1941 ASSIGN 738 R16 73
1941 SIDESTEP R0
1941 CHARGE R12
1941 SIDESTEP R21
1941 SIDESTEP R26
1941 SIDESTEP R37
1941 SIDESTEP R40
1941 SIDESTEP R47
1941 SIDESTEP R53
1941 SIDESTEP R54
1941 SIDESTEP R60
1941 SIDESTEP R65
1942 DELIVER 702 R13 1074
1942 SIDESTEP R68
1943 ASSIGN 739 R13 71
1943 SIDESTEP R15
1943 SIDESTEP R20
1943 SIDESTEP R57
1944 CANCEL_FAIL 101570
1944 SIDESTEP R59
1944 SIDESTEP R61
1945 SIDESTEP R11
1945 SIDESTEP R35
1945 SIDESTEP R41
1945 SIDESTEP R52
1945 SIDESTEP R62
1945 SIDESTEP R70
1945 SIDESTEP R71
1946 SIDESTEP R21
1946 SIDESTEP R26
1946 SIDESTEP R28
1946 SIDESTEP R32
1946 SIDESTEP R37
1946 SIDESTEP R40
1946 SIDESTEP R47
1946 PICK 845 R51
1946 SIDESTEP R54
1946 SIDESTEP R60
1946 SIDESTEP R65
1946 SIDESTEP R75
1947 SIDESTEP R1
1948 SIDESTEP R20
1948 PICK 775 R30
1949 SIDESTEP R57
1949 SIDESTEP R59
1949 SIDESTEP R61
1949 SIDESTEP R68
1949 REPORT pending=767 aged=684 idle=0 to_pickup=18 delivering=20 to_charger=40 charging=2 dead=0 hot=4,2,20
1950 SIDESTEP R41
1950 SIDESTEP R55
1950 SIDESTEP R62
1951 SIDESTEP R28
1951 SIDESTEP R32
1951 SIDESTEP R37
1951 SIDESTEP R40
1951 SIDESTEP R47
1951 SIDESTEP R54
1951 SIDESTEP R65
1952 CHARGED R77
1952 ASSIGN 742 R77 88
1952 SIDESTEP R5
1952 SIDESTEP R10
1952 SIDESTEP R21
1952 SIDESTEP R52
1952 SIDESTEP R53
1952 SIDESTEP R71
1953 SIDESTEP R1
1953 SIDESTEP R20
1953 SIDESTEP R35
1953 SIDESTEP R60
1953 SIDESTEP R75
1954 SIDESTEP R61
1954 SIDESTEP R68
1955 SIDESTEP R55
1955 SIDESTEP R57
1955 SIDESTEP R62
1956 PICK 793 R24
1956 SIDESTEP R28
1956 SIDESTEP R32
1956 SIDESTEP R40
1956 SIDESTEP R47
1956 SIDESTEP R54
1956 SIDESTEP R59
1956 SIDESTEP R65
1956 SIDESTEP R74
1957 SIDESTEP R10
1957 SIDESTEP R21
1957 SIDESTEP R22
1957 SIDESTEP R42
1957 SIDESTEP R52
1957 SIDESTEP R71
1958 CHARGED R12
1958 ASSIGN 743 R12 96
1958 SIDESTEP R0
1958 SIDESTEP R1
1958 SIDESTEP R7
1958 SIDESTEP R20
1958 SIDESTEP R35
1958 PICK 788 R49
1958 SIDESTEP R60
1959 SIDESTEP R14
1959 SIDESTEP R61
1959 SIDESTEP R68
1960 SIDESTEP R26
1961 SIDESTEP R28
1961 SIDESTEP R32
1961 SIDESTEP R40
1961 SIDESTEP R47
1961 SIDESTEP R54
1961 SIDESTEP R57
1961 SIDESTEP R59
1961 SIDESTEP R65
1962 CANCEL 1464
1962 SIDESTEP R10
1962 SIDESTEP R21
1962 SIDESTEP R22
1962 SIDESTEP R42
1962 DELIVER 720 R44 1066
1962 SIDESTEP R52
1962 SIDESTEP R70
1963 GO_CHARGE R44 48 1
1963 PICK 774 R3
1963 SIDESTEP R20
1963 SIDESTEP R35
1963 SIDESTEP R55
1963 SIDESTEP R71
1964 SIDESTEP R7
1964 SIDESTEP R9
1964 SIDESTEP R14
1964 SIDESTEP R68
1965 PICK 718 R34
1965 DELIVER 699 R63 1102
1966 GO_CHARGE R63 69 1
1966 SIDESTEP R28
1966 SIDESTEP R32
1966 SIDESTEP R40
1966 SIDESTEP R47
1966 SIDESTEP R54
1966 SIDESTEP R57
1966 SIDESTEP R60
1966 SIDESTEP R65
1967 SIDESTEP R1
1967 SIDESTEP R10
1967 SIDESTEP R22
1967 SIDESTEP R26
1967 SIDESTEP R41
1967 SIDESTEP R70
1968 PICK 730 R19
1968 SIDESTEP R20
1968 SIDESTEP R35
1968 SIDESTEP R55
1968 SIDESTEP R59
1968 SIDESTEP R74
1969 DELIVER 770 R33 1019
1969 SIDESTEP R68
1970 CANCEL 1466
1970 GO_CHARGE R33 6 1
1970 PICK 769 R4
1970 SIDESTEP R5
1971 SIDESTEP R2
1971 SIDESTEP R28
1971 SIDESTEP R40
1971 SIDESTEP R47
1971 SIDESTEP R54
1971 SIDESTEP R65
1971 DELIVER 707 R76 1095
1972 ASSIGN 855 R76 75
1972 SIDESTEP R10
1972 SIDESTEP R26
1972 SIDESTEP R37
1972 SIDESTEP R41
1972 SIDESTEP R62
1972 SIDESTEP R75
1973 SIDESTEP R9
1973 SIDESTEP R11
1973 SIDESTEP R20
1973 SIDESTEP R32
1973 SIDESTEP R52
1973 SIDESTEP R55
1973 SIDESTEP R59
1973 PICK 733 R69
1973 SIDESTEP R70
1973 SIDESTEP R74
1974 SIDESTEP R35
1974 SIDESTEP R60
1974 SIDESTEP R68
1975 SIDESTEP R5
1975 SIDESTEP R8
1975 SIDESTEP R14
1975 SIDESTEP R57
1976 SIDESTEP R1
1976 SIDESTEP R40
1976 PICK 801 R46
1976 SIDESTEP R47
1976 SIDESTEP R54
1976 SIDESTEP R65
1977 SIDESTEP R26
1977 SIDESTEP R37
1977 DELIVER 778 R42 1018
1977 SIDESTEP R62
1977 SIDESTEP R75
1978 ASSIGN 860 R42 120
1978 SIDESTEP R9
1978 SIDESTEP R11
1978 SIDESTEP R20
1978 SIDESTEP R32
1978 SIDESTEP R55
1978 SIDESTEP R59
1978 SIDESTEP R70
1979 SIDESTEP R68
1980 SIDESTEP R5
1980 SIDESTEP R8
1980 SIDESTEP R14
1980 SIDESTEP R67
1980 SIDESTEP R71
1981 SIDESTEP R7
1981 SIDESTEP R40
1981 SIDESTEP R47
1981 SIDESTEP R52
1981 SIDESTEP R54
1981 SIDESTEP R65
1982 SIDESTEP R37
1983 SIDESTEP R1
1983 SIDESTEP R20
1983 SIDESTEP R26
1983 SIDESTEP R57
1983 SIDESTEP R60
1983 SIDESTEP R62
1983 SIDESTEP R75
1984 SIDESTEP R9
1984 SIDESTEP R10
1984 SIDESTEP R35
1984 SIDESTEP R53
1984 SIDESTEP R68
1984 SIDESTEP R70
1985 SIDESTEP R5
1985 SIDESTEP R8
1985 SIDESTEP R14
1985 SIDESTEP R71
1986 SIDESTEP R2
1986 SIDESTEP R7
1986 SIDESTEP R40
1986 SIDESTEP R47
1986 SIDESTEP R54
1986 SIDESTEP R55
1986 SIDESTEP R65
1987 SIDESTEP R37
1988 SIDESTEP R1
1988 SIDESTEP R20
1988 SIDESTEP R57
1988 SIDESTEP R60
1988 SIDESTEP R75
1989 SIDESTEP R9
1989 SIDESTEP R10
1989 SIDESTEP R11
1989 SIDESTEP R35
1989 SIDESTEP R53
1989 SIDESTEP R68
1990 SIDESTEP R14
1990 SIDESTEP R21
1990 SIDESTEP R32
1990 SIDESTEP R71
1991 SIDESTEP R2
1991 SIDESTEP R7
1991 SIDESTEP R40
1991 SIDESTEP R47
1991 SIDESTEP R54
1991 DELIVER 786 R58 1021
1991 SIDESTEP R65
1992 GO_CHARGE R58 83 1
1992 DELIVER 718 R34 1098
1992 SIDESTEP R37
1992 SIDESTEP R55
1993 ASSIGN 881 R34 70
1993 SIDESTEP R20
1993 SIDESTEP R26
1993 SIDESTEP R57
1993 SIDESTEP R60
1993 SIDESTEP R62
1993 SIDESTEP R74
1994 SIDESTEP R1
1994 SIDESTEP R35
1994 SIDESTEP R67
1994 SIDESTEP R68
1994 SIDESTEP R75
1995 SIDESTEP R9
1995 SIDESTEP R10
1995 SIDESTEP R11
1995 SIDESTEP R21
1995 SIDESTEP R32
1995 SIDESTEP R52
1995 SIDESTEP R53
1995 SIDESTEP R70
1996 SIDESTEP R14
1996 SIDESTEP R40
1996 SIDESTEP R47
1996 SIDESTEP R54
1996 SIDESTEP R65
1997 SIDESTEP R13
1997 SIDESTEP R37
1997 SIDESTEP R55
1998 SIDESTEP R20
1998 SIDESTEP R26
1998 SIDESTEP R57
1999 SIDESTEP R19
1999 SIDESTEP R35
1999 PICK 764 R61
1999 SIDESTEP R67
1999 SIDESTEP R68
1999 REPORT pending=802 aged=723 idle=0 to_pickup=14 delivering=22 to_charger=44 charging=0 dead=0 hot=5,2,18
2000 PICK 737 R18
2000 SIDESTEP R21
2000 SIDESTEP R52
2000 SIDESTEP R64
2001 SIDESTEP R1
2001 SIDESTEP R9
2001 SIDESTEP R10
2001 SIDESTEP R11
2001 SIDESTEP R40
2001 SIDESTEP R47
2001 SIDESTEP R54
2001 SIDESTEP R65
2001 SIDESTEP R70
2001 SIDESTEP R71
2002 SIDESTEP R29
2002 CHARGE R72
2003 SIDESTEP R20
2004 DELIVER 698 R25 1142
2004 SIDESTEP R35
2004 DELIVER 721 R48 1107
2004 SIDESTEP R67
2004 SIDESTEP R68
2005 ASSIGN 809 R48 50
2005 GO_CHARGE R25 6 1
2005 SIDESTEP R21
2005 SIDESTEP R26
2005 SIDESTEP R52
2005 SIDESTEP R64
2006 SIDESTEP R1
2006 SIDESTEP R5
2006 SIDESTEP R9
2006 SIDESTEP R10
2006 SIDESTEP R11
2006 SIDESTEP R40
2006 SIDESTEP R41
2006 SIDESTEP R47
2006 SIDESTEP R65
2006 SIDESTEP R74
2006 SIDESTEP R75
2007 SIDESTEP R22
2008 CHARGE R0
2008 SIDESTEP R20
2008 SIDESTEP R29
2008 DELIVER 845 R51 958
2008 SIDESTEP R70
2009 ASSIGN 810 R51 82
2009 SIDESTEP R32
2009 SIDESTEP R35
2009 SIDESTEP R37
2009 SIDESTEP R68
2010 SIDESTEP R21
2010 SIDESTEP R26
2010 SIDESTEP R52
2010 SIDESTEP R55
2010 SIDESTEP R57
2010 SIDESTEP R60
2010 SIDESTEP R62
2010 SIDESTEP R64
2011 SIDESTEP R1
2011 SIDESTEP R5
2011 SIDESTEP R7
2011 SIDESTEP R11
2011 SIDESTEP R40
2011 SIDESTEP R41
2011 SIDESTEP R47
2011 SIDESTEP R54
2011 DELIVER 717 R56 1118
2011 DELIVER 764 R61 1068
2011 SIDESTEP R65
2011 SIDESTEP R75
2012 ASSIGN 817 R61 30
2012 GO_CHARGE R56 6 1
2012 SIDESTEP R22
2012 SIDESTEP R74
2013 DELIVER 710 R6 1133
2013 SIDESTEP R20
2013 SIDESTEP R29
2013 SIDESTEP R70
2014 GO_CHARGE R6 6 1
2014 SIDESTEP R32
2014 SIDESTEP R37
2014 SIDESTEP R53
2014 SIDESTEP R68
2015 SIDESTEP R26
2015 DELIVER 775 R30 1059
2015 SIDESTEP R33
2015 SIDESTEP R35
2015 SIDESTEP R55
2015 SIDESTEP R57
2015 SIDESTEP R60
2015 SIDESTEP R62
2015 SIDESTEP R64
2015 SIDESTEP R67
2016 ASSIGN 818 R30 71
2016 SIDESTEP R7
2016 SIDESTEP R11
2016 SIDESTEP R14
2016 SIDESTEP R21
2016 SIDESTEP R40
2016 SIDESTEP R47
2016 SIDESTEP R52
2016 SIDESTEP R65
2016 SIDESTEP R75
2017 SIDESTEP R10
2017 SIDESTEP R25
2017 SIDESTEP R59
2018 CHARGED R72
2018 ASSIGN 884 R72 60
2018 SIDESTEP R20
2018 SIDESTEP R29
2018 SIDESTEP R70
2018 SIDESTEP R74
2019 SIDESTEP R32
2019 SIDESTEP R37
2019 SIDESTEP R68
2020 SIDESTEP R42
2020 SIDESTEP R53
2020 SIDESTEP R55
2020 SIDESTEP R60
2020 SIDESTEP R62
2021 SIDESTEP R9
2021 SIDESTEP R11
2021 SIDESTEP R14
2021 SIDESTEP R40
2021 SIDESTEP R57
2021 SIDESTEP R65
2021 SIDESTEP R71
2022 SIDESTEP R10
2022 SIDESTEP R35
2022 SIDESTEP R47
2022 SIDESTEP R59
2022 SIDESTEP R67
2023 SIDESTEP R20
2023 SIDESTEP R21
2023 SIDESTEP R29
2023 SIDESTEP R70
2023 SIDESTEP R74
2024 CHARGED R0
2024 ASSIGN 744 R0 57
2024 SIDESTEP R7
2024 SIDESTEP R32
2024 SIDESTEP R41
2024 SIDESTEP R68
2025 CHARGE R28
2025 SIDESTEP R42
2025 CHARGE R45
2025 SIDESTEP R53
2025 SIDESTEP R60
2026 SIDESTEP R40
2026 SIDESTEP R65
2027 SIDESTEP R11
2027 SIDESTEP R47
2027 SIDESTEP R52
2027 SIDESTEP R59
2028 SIDESTEP R20
2028 SIDESTEP R62
2028 SIDESTEP R64
2028 SIDESTEP R71
2028 SIDESTEP R74
2029 SIDESTEP R5
2029 SIDESTEP R26
2029 SIDESTEP R33
2029 SIDESTEP R41
2029 SIDESTEP R68
2030 SIDESTEP R7
2030 SIDESTEP R9
2030 SIDESTEP R42
2031 SIDESTEP R1
2031 SIDESTEP R14
2031 SIDESTEP R32
2031 DELIVER 835 R36 993
2031 SIDESTEP R40
2031 DELIVER 801 R46 1041
2031 SIDESTEP R53
2031 SIDESTEP R65
2031 SIDESTEP R70
2032 GO_CHARGE R36 6 1
2032 GO_CHARGE R46 62 1
2032 PICK 739 R13
2032 SIDESTEP R47
2032 SIDESTEP R48
2033 SIDESTEP R20
2033 PICK 765 R37
2033 DELIVER 788 R49 1060
2033 SIDESTEP R62
2033 SIDESTEP R64
2033 SIDESTEP R71
2033 SIDESTEP R74
2034 ASSIGN 746 R49 39
2034 SIDESTEP R5
2034 SIDESTEP R10
2034 SIDESTEP R11
2034 SIDESTEP R26
2034 DELIVER 773 R31 1080
2034 SIDESTEP R33
2034 SIDESTEP R41
2034 SIDESTEP R68
2034 SIDESTEP R75
2034 SIDESTEP R76
2035 GO_CHARGE R31 6 1
2035 CHARGE R2
2035 SIDESTEP R7
2035 SIDESTEP R9
2035 SIDESTEP R42
2035 SIDESTEP R52
2035 SIDESTEP R67
2036 SIDESTEP R32
2036 SIDESTEP R40
2036 SIDESTEP R65
2037 SIDESTEP R47
2037 SIDESTEP R53
2038 SIDESTEP R1
2038 SIDESTEP R14
2038 SIDESTEP R20
2038 SIDESTEP R29
2038 SIDESTEP R62
2038 SIDESTEP R64
2038 SIDESTEP R71
2039 SIDESTEP R10
2039 SIDESTEP R11
2039 SIDESTEP R26
2039 SIDESTEP R35
2039 SIDESTEP R57
2039 SIDESTEP R68
2039 SIDESTEP R75
2040 CHARGED R28
2040 ASSIGN 748 R28 51
2040 SIDESTEP R9
2040 SIDESTEP R42
2040 SIDESTEP R52
2040 SIDESTEP R55
2040 SIDESTEP R67
2040 SIDESTEP R74
2040 PICK 742 R77
2041 SIDESTEP R40
2041 SIDESTEP R65
2042 CHARGED R45
2042 ASSIGN 750 R45 64
2042 SIDESTEP R33
2042 SIDESTEP R47
2043 SIDESTEP R1
2043 SIDESTEP R7
2043 DELIVER 737 R18 1129
2043 SIDESTEP R20
2043 SIDESTEP R21
2043 SIDESTEP R25
2043 SIDESTEP R29
2044 ASSIGN 752 R18 50
2044 SIDESTEP R35
2044 SIDESTEP R53
2044 SIDESTEP R68
2044 DELIVER 733 R69 1134
2044 SIDESTEP R75
2045 GO_CHARGE R69 41 1
2045 SIDESTEP R11
2045 SIDESTEP R26
2045 SIDESTEP R55
2045 SIDESTEP R57
2045 SIDESTEP R60
2045 PICK 817 R61
2045 SIDESTEP R62
2046 SIDESTEP R10
2046 PICK 735 R43
2046 SIDESTEP R64
2046 SIDESTEP R65
2046 SIDESTEP R71
2047 SIDESTEP R40
2047 SIDESTEP R47
2048 SIDESTEP R20
2048 SIDESTEP R70
2049 SIDESTEP R35
2049 SIDESTEP R53
2049 SIDESTEP R68
2049 SIDESTEP R75
2049 REPORT pending=834 aged=750 idle=0 to_pickup=18 delivering=15 to_charger=46 charging=1 dead=0 hot=4,2,18
2050 CHARGED R2
2050 ASSIGN 753 R2 12
2050 SIDESTEP R1
2050 SIDESTEP R11
2050 DELIVER 793 R24 1071
2050 SIDESTEP R25
2050 SIDESTEP R33
2050 SIDESTEP R41
2050 SIDESTEP R57
2050 SIDESTEP R59
2050 SIDESTEP R60
2050 SIDESTEP R62
2050 SIDESTEP R74
2051 GO_CHARGE R24 13 1
2051 SIDESTEP R5
2051 SIDESTEP R7
2051 SIDESTEP R26
2051 SIDESTEP R64
2051 SIDESTEP R65
2052 SIDESTEP R3
2052 SIDESTEP R10
2052 SIDESTEP R40
2052 SIDESTEP R46
2052 SIDESTEP R47
2053 SIDESTEP R20
2053 PICK 725 R22
2053 SIDESTEP R70
2054 SIDESTEP R2
2054 SIDESTEP R31
2054 SIDESTEP R32
2054 SIDESTEP R52
2054 SIDESTEP R53
2054 SIDESTEP R68
2055 SIDESTEP R1
2055 SIDESTEP R11
2055 SIDESTEP R14
2055 SIDESTEP R41
2055 SIDESTEP R74
2055 SIDESTEP R75
2055 PICK 855 R76
2056 SIDESTEP R5
2056 CHARGE R17
2056 SIDESTEP R21
2056 SIDESTEP R26
2056 SIDESTEP R35
2056 SIDESTEP R57
2056 SIDESTEP R62
2056 SIDESTEP R65
2057 SIDESTEP R3
2057 PICK 743 R12
2057 SIDESTEP R33
2057 SIDESTEP R40
2057 SIDESTEP R47
2057 SIDESTEP R60
2058 SIDESTEP R20
2058 PICK 809 R48
2058 SIDESTEP R64
2058 SIDESTEP R70
2059 SIDESTEP R7
2059 SIDESTEP R32
2059 SIDESTEP R68
2060 SIDESTEP R25
2060 SIDESTEP R41
2060 SIDESTEP R54
2060 SIDESTEP R74
2061 SIDESTEP R9
2061 SIDESTEP R11
2061 SIDESTEP R14
2061 SIDESTEP R26
2061 SIDESTEP R35
2061 SIDESTEP R53
2061 SIDESTEP R62
2061 SIDESTEP R65
2062 SIDESTEP R1
2062 SIDESTEP R3
2062 SIDESTEP R33
2062 PICK 881 R34
2062 SIDESTEP R40
2062 SIDESTEP R47
2062 SIDESTEP R60
2063 SIDESTEP R20
2063 SIDESTEP R64
2064 SIDESTEP R7
2064 PICK 808 R8
2064 SIDESTEP R32
2064 SIDESTEP R68
2065 PICK 753 R2
2065 SIDESTEP R25
2065 SIDESTEP R54
2065 SIDESTEP R56
2065 SIDESTEP R74
2066 SIDESTEP R6
2066 SIDESTEP R9
2066 SIDESTEP R14
2066 SIDESTEP R21
2066 SIDESTEP R26
2066 SIDESTEP R35
2066 SIDESTEP R41
2066 SIDESTEP R53
2066 SIDESTEP R57
2066 SIDESTEP R62
2066 SIDESTEP R65
2066 SIDESTEP R67
2067 SIDESTEP R40
2067 SIDESTEP R47
2068 SIDESTEP R1
2068 SIDESTEP R29
2068 SIDESTEP R60
2068 SIDESTEP R64
2069 SIDESTEP R11
2069 SIDESTEP R33
2069 CHARGE R44
2069 SIDESTEP R68
2069 SIDESTEP R76
2070 SIDESTEP R25
2070 SIDESTEP R54
2071 SIDESTEP R9
2071 SIDESTEP R14
2071 PICK 738 R16
2071 SIDESTEP R21
2071 SIDESTEP R26
2071 SIDESTEP R53
2071 SIDESTEP R55
2071 SIDESTEP R57
2071 SIDESTEP R59
2071 SIDESTEP R62
2071 SIDESTEP R65
2071 SIDESTEP R67
2071 SIDESTEP R71
2071 SIDESTEP R74
2071 SIDESTEP R75
2072 DELIVER 739 R13 1156
2072 SIDESTEP R35
2072 SIDESTEP R45
2072 SIDESTEP R47
2072 PICK 746 R49
2072 SIDESTEP R56
2073 CHARGED R17
2073 ASSIGN 936 R13 36
2073 ASSIGN 754 R17 78
2073 SIDESTEP R1
2073 SIDESTEP R29
2073 SIDESTEP R43
2073 SIDESTEP R60
2073 CHARGE R63
2073 SIDESTEP R70
2074 SIDESTEP R5
2074 SIDESTEP R33
2074 SIDESTEP R64
2074 SIDESTEP R68
2074 PICK 729 R79
2075 SIDESTEP R7
2075 SIDESTEP R25
2075 SIDESTEP R31
2075 SIDESTEP R54
2076 SIDESTEP R9
2076 SIDESTEP R14
2076 SIDESTEP R21
2076 SIDESTEP R26
2076 CHARGE R50
2076 SIDESTEP R53
2076 SIDESTEP R55
2076 SIDESTEP R62
2076 SIDESTEP R65
2076 SIDESTEP R67
2076 SIDESTEP R71
2076 SIDESTEP R75
2077 SIDESTEP R17
2077 SIDESTEP R35
2077 CHARGE R38
2077 SIDESTEP R40
2077 SIDESTEP R45
2077 SIDESTEP R52
2077 DELIVER 817 R61 1066
2078 ASSIGN 755 R61 70
2078 DELIVER 743 R12 1158
2078 DELIVER 730 R19 1171
2078 SIDESTEP R29
2078 SIDESTEP R70
2079 ASSIGN 756 R12 107
2079 ASSIGN 758 R19 145
2079 SIDESTEP R56
2079 SIDESTEP R68
2080 PICK 744 R0
2080 SIDESTEP R25
2080 SIDESTEP R32
2080 SIDESTEP R54
2080 SIDESTEP R60
2081 SIDESTEP R5
2081 SIDESTEP R9
2081 SIDESTEP R11
2081 SIDESTEP R14
2081 SIDESTEP R21
2081 SIDESTEP R26
2081 SIDESTEP R33
2081 SIDESTEP R55
2081 SIDESTEP R62
2081 SIDESTEP R65
2081 SIDESTEP R67
2081 SIDESTEP R71
2081 SIDESTEP R74
2081 SIDESTEP R75
2082 DELIVER 769 R4 1133
2082 SIDESTEP R7
2082 SIDESTEP R35
2082 SIDESTEP R40
2082 SIDESTEP R41
2082 SIDESTEP R52
2082 SIDESTEP R53
2082 SIDESTEP R57
2082 SIDESTEP R58
2082 SIDESTEP R59
2082 PICK 884 R72
2082 SIDESTEP R73
2083 ASSIGN 952 R4 77
2083 SIDESTEP R1
2083 SIDESTEP R6
2083 DELIVER 765 R37 1138
2084 ASSIGN 759 R37 19
2084 SIDESTEP R29
2084 SIDESTEP R36
2084 SIDESTEP R47
2084 SIDESTEP R64
2084 SIDESTEP R68
2085 SIDESTEP R25
2085 SIDESTEP R54
2085 SIDESTEP R60
2085 DEAD R68
2086 CHARGED R44
2086 ASSIGN 766 R44 67
2086 SIDESTEP R9
2086 SIDESTEP R11
2086 SIDESTEP R26
2086 PICK 818 R30
2086 SIDESTEP R62
2086 SIDESTEP R71
2086 SIDESTEP R74
2086 SIDESTEP R75
2087 SIDESTEP R10
2087 SIDESTEP R40
2087 SIDESTEP R52
2087 SIDESTEP R65
2087 SIDESTEP R67
2088 SIDESTEP R5
2088 SIDESTEP R6
2088 SIDESTEP R21
2088 SIDESTEP R31
2088 SIDESTEP R58
2088 SIDESTEP R73
2089 SIDESTEP R36
2089 SIDESTEP R47
2089 SIDESTEP R55
2089 SIDESTEP R64
2090 SIDESTEP R1
2090 SIDESTEP R25
2090 SIDESTEP R29
2090 SIDESTEP R32
2090 SIDESTEP R41
2090 PICK 810 R51
2090 SIDESTEP R54
2090 SIDESTEP R59
2090 SIDESTEP R60
2091 CHARGED R63
2091 ASSIGN 767 R63 35
2091 DELIVER 774 R3 1136
2091 SIDESTEP R9
2091 SIDESTEP R11
2091 SIDESTEP R57
2091 SIDESTEP R62
2091 SIDESTEP R70
2091 SIDESTEP R71
2091 SIDESTEP R74
2091 SIDESTEP R75
2092 ASSIGN 771 R3 54
2092 SIDESTEP R26
2092 SIDESTEP R52
2092 SIDESTEP R53
2092 SIDESTEP R65
2092 SIDESTEP R67
2093 CHARGED R50
2093 ASSIGN 772 R50 69
2093 SIDESTEP R5
2093 SIDESTEP R6
2093 SIDESTEP R10
2093 PICK 752 R18
2093 SIDESTEP R31
2093 SIDESTEP R40
2093 SIDESTEP R56
2093 CHARGE R78
2094 CHARGED R38
2094 ASSIGN 776 R38 88
2094 SIDESTEP R21
2094 SIDESTEP R36
2094 SIDESTEP R47
2094 SIDESTEP R55
2094 SIDESTEP R64
2095 CANCEL 1653
2095 SIDESTEP R1
2095 SIDESTEP R25
2095 SIDESTEP R29
2095 SIDESTEP R35
2095 SIDESTEP R54
2095 SIDESTEP R59
2096 SIDESTEP R9
2096 DELIVER 809 R48 1096
2096 SIDESTEP R70
2096 SIDESTEP R75
2097 ASSIGN 966 R48 37
2097 SIDESTEP R26
2097 SIDESTEP R32
2097 SIDESTEP R52
2097 SIDESTEP R62
2097 SIDESTEP R65
2098 SIDESTEP R5
2098 SIDESTEP R6
2098 SIDESTEP R31
2098 SIDESTEP R40
2098 SIDESTEP R56
2098 SIDESTEP R74
2099 SIDESTEP R47
2099 SIDESTEP R71
2099 REPORT pending=860 aged=778 idle=0 to_pickup=17 delivering=21 to_charger=40 charging=1 dead=1 hot=5,2,17
2100 SIDESTEP R1
2100 SIDESTEP R25
2100 SIDESTEP R29
2100 SIDESTEP R35
2100 SIDESTEP R54
2100 SIDESTEP R59
2100 SIDESTEP R64
2101 CANCEL 1656
2101 SIDESTEP R36
2101 SIDESTEP R41
2101 SIDESTEP R43
2101 SIDESTEP R70
2101 DELIVER 855 R76 1040
2102 ASSIGN 888 R76 44
2102 SIDESTEP R2
2102 SIDESTEP R26
2102 SIDESTEP R32
2102 PICK 759 R37
2102 SIDESTEP R62
2102 SIDESTEP R65
2103 CANCEL 1668
2103 SIDESTEP R6
2103 SIDESTEP R31
2103 SIDESTEP R40
2103 SIDESTEP R74
2104 SIDESTEP R21
2104 SIDESTEP R47
2104 SIDESTEP R67
2104 SIDESTEP R71
2105 SIDESTEP R7
2105 SIDESTEP R25
2105 SIDESTEP R35
2106 SIDESTEP R24
2107 SIDESTEP R2
2107 SIDESTEP R11
2107 SIDESTEP R65
2108 PICK 936 R13
2108 DELIVER 725 R22 1207
2108 SIDESTEP R40
2108 SIDESTEP R74
2109 ASSIGN 895 R22 115
2109 SIDESTEP R10
2109 SIDESTEP R47
2109 DELIVER 746 R49 1186
2109 SIDESTEP R67
2109 SIDESTEP R71
2110 CHARGED R78
2110 ASSIGN 973 R78 23
2110 GO_CHARGE R49 20 1
2110 SIDESTEP R1
2110 SIDESTEP R7
2110 SIDESTEP R25
2110 SIDESTEP R29
2110 SIDESTEP R33
2110 SIDESTEP R35
2110 SIDESTEP R41
2110 SIDESTEP R52
2110 SIDESTEP R55
2110 SIDESTEP R56
2111 SIDESTEP R24
2111 SIDESTEP R36
2111 CHARGE R58
2112 SIDESTEP R2
2112 SIDESTEP R11
2112 SIDESTEP R12
2112 SIDESTEP R31
2112 SIDESTEP R65
2113 SIDESTEP R0
2113 SIDESTEP R6
2113 SIDESTEP R32
2113 SIDESTEP R40
2113 SIDESTEP R57
2114 SIDESTEP R5
2114 DELIVER 808 R8 1115
2114 SIDESTEP R47
2114 SIDESTEP R67
2114 SIDESTEP R71
2114 SIDESTEP R74
2115 ASSIGN 779 R8 86
2115 SIDESTEP R1
2115 SIDESTEP R7
2115 SIDESTEP R26
2115 SIDESTEP R29
2115 SIDESTEP R33
2115 SIDESTEP R41
2115 SIDESTEP R52
2115 SIDESTEP R55
2115 SIDESTEP R59
2115 SIDESTEP R64
2116 SIDESTEP R35
2117 CANCEL 1613
2117 SIDESTEP R2
2117 SIDESTEP R12
2117 SIDESTEP R36
2117 SIDESTEP R65
2118 SIDESTEP R0
2118 SIDESTEP R6
2118 SIDESTEP R31
2118 SIDESTEP R40
2119 SIDESTEP R47
2119 SIDESTEP R67
2120 SIDESTEP R1
2120 SIDESTEP R7
2120 SIDESTEP R26
2120 SIDESTEP R33
2120 SIDESTEP R41
2120 SIDESTEP R55
2120 SIDESTEP R59
2120 SIDESTEP R60
2120 SIDESTEP R64
2121 SIDESTEP R14
2121 SIDESTEP R21
2122 SIDESTEP R2
2122 SIDESTEP R12
2122 DELIVER 759 R37 1185
2122 SIDESTEP R65
2122 SIDESTEP R74
2123 GO_CHARGE R37 27 1
2123 SIDESTEP R0
2123 SIDESTEP R40
2123 SIDESTEP R45
2123 CHARGE R73
2124 SIDESTEP R47
2124 SIDESTEP R67
2124 SIDESTEP R71
2125 SIDESTEP R7
2125 SIDESTEP R26
2125 SIDESTEP R29
2125 SIDESTEP R33
2125 SIDESTEP R55
2125 SIDESTEP R59
2125 SIDESTEP R60
2125 PICK 767 R63
2125 SIDESTEP R64
2126 CHARGED R58
2126 ASSIGN 821 R58 45
2126 SIDESTEP R1
2126 SIDESTEP R21
2126 SIDESTEP R24
2126 SIDESTEP R35
2126 SIDESTEP R57
2127 SIDESTEP R2
2127 SIDESTEP R5
2127 SIDESTEP R12
2127 SIDESTEP R32
2127 SIDESTEP R65
2127 SIDESTEP R69
2128 SIDESTEP R0
2128 SIDESTEP R31
2128 SIDESTEP R40
2128 SIDESTEP R45
2128 SIDESTEP R52
2128 SIDESTEP R56
2129 SIDESTEP R47
2129 SIDESTEP R67
2129 SIDESTEP R71
2130 SIDESTEP R26
2130 SIDESTEP R64
2131 SIDESTEP R21
2131 SIDESTEP R24
2131 SIDESTEP R35
2131 SIDESTEP R36
2131 SIDESTEP R74
2132 SIDESTEP R2
2132 SIDESTEP R12
2132 DELIVER 681 R20 1290
2132 DEAD R54
2132 LOST 664
2132 SIDESTEP R62
2132 PICK 973 R78
2133 GO_CHARGE R20 83 1
2133 SIDESTEP R0
2133 SIDESTEP R25
2133 SIDESTEP R41
2133 SIDESTEP R45
2133 PICK 966 R48
2133 SIDESTEP R59
2133 SIDESTEP R60
2133 SIDESTEP R70
2133 SIDESTEP R75
2134 SIDESTEP R40
2134 SIDESTEP R47
2134 SIDESTEP R51
2135 SIDESTEP R26
2135 SIDESTEP R64
2136 SIDESTEP R1
2136 SIDESTEP R74
2137 SIDESTEP R2
2137 SIDESTEP R12
2137 SIDESTEP R62
2138 SIDESTEP R21
2138 SIDESTEP R25
2138 SIDESTEP R36
2139 SIDESTEP R7
2139 SIDESTEP R33
2139 SIDESTEP R40
2139 SIDESTEP R43
2139 SIDESTEP R47
2139 SIDESTEP R51
2139 SIDESTEP R52
2139 SIDESTEP R55
2139 SIDESTEP R56
2139 SIDESTEP R60
2139 SIDESTEP R65
2139 SIDESTEP R70
2139 SIDESTEP R75
2140 CHARGED R73
2140 ASSIGN 824 R73 107
2140 SIDESTEP R9
2140 SIDESTEP R26
2140 SIDESTEP R31
2140 SIDESTEP R46
2140 SIDESTEP R64
2141 SIDESTEP R5
2141 SIDESTEP R32
2141 SIDESTEP R53
2141 SIDESTEP R74
2142 SIDESTEP R1
2142 SIDESTEP R2
2142 DELIVER 738 R16 1227
2142 SIDESTEP R62
2143 ASSIGN 828 R16 17
2143 SIDESTEP R21
2143 SIDESTEP R25
2143 SIDESTEP R36
2144 SIDESTEP R7
2144 SIDESTEP R33
2144 SIDESTEP R47
2144 SIDESTEP R51
2144 SIDESTEP R56
2144 SIDESTEP R73
2145 PICK 771 R3
2145 SIDESTEP R24
2145 SIDESTEP R26
2145 SIDESTEP R46
2145 PICK 888 R76
2146 CANCEL 1657
2146 SIDESTEP R43
2146 SIDESTEP R59
2146 SIDESTEP R64
2146 DEAD R65
2146 SIDESTEP R67
2146 SIDESTEP R70
2146 SIDESTEP R71
2146 SIDESTEP R75
2147 SIDESTEP R2
2147 SIDESTEP R9
2147 SIDESTEP R29
2147 SIDESTEP R31
2147 PICK 755 R61
2148 SIDESTEP R5
2148 SIDESTEP R6
2148 SIDESTEP R36
2148 SIDESTEP R53
2149 SIDESTEP R7
2149 SIDESTEP R11
2149 DELIVER 752 R18 1220
2149 SIDESTEP R47
2149 SIDESTEP R51
2149 SIDESTEP R56
2149 REPORT pending=889 aged=809 idle=1 to_pickup=16 delivering=20 to_charger=40 charging=0 dead=3 hot=5,2,19
2150 ASSIGN 832 R18 25
2150 SIDESTEP R26
2150 SIDESTEP R46
2150 SIDESTEP R62
2150 DELIVER 729 R79 1244
2151 ASSIGN 846 R79 47
2151 DELIVER 936 R13 990
2151 SIDESTEP R16
2151 SIDESTEP R43
2151 SIDESTEP R59
2151 SIDESTEP R67
2151 SIDESTEP R71
2152 ASSIGN 917 R13 82
2152 SIDESTEP R2
2152 SIDESTEP R9
2152 SIDESTEP R29
2152 SIDESTEP R31
2152 SIDESTEP R35
2152 PICK 750 R45
2152 SIDESTEP R52
2152 SIDESTEP R75
2153 SIDESTEP R24
2153 SIDESTEP R36
2153 SIDESTEP R37
2153 SIDESTEP R40
2153 SIDESTEP R49
2154 SIDESTEP R47
2154 SIDESTEP R51
2154 SIDESTEP R64
2155 SIDESTEP R26
2155 SIDESTEP R46
2155 SIDESTEP R62
2155 SIDESTEP R74
2156 PICK 860 R42
2156 SIDESTEP R67
2156 CHARGE R69
2156 SIDESTEP R71
2157 SIDESTEP R2
2157 SIDESTEP R9
2157 SIDESTEP R29
2157 SIDESTEP R31
2157 SIDESTEP R35
2157 SIDESTEP R52
2157 SIDESTEP R57
2158 SIDESTEP R5
2158 SIDESTEP R6
2158 SIDESTEP R32
2158 SIDESTEP R40
2158 SIDESTEP R59
2159 PICK 952 R4
2159 SIDESTEP R47
2159 SIDESTEP R49
2159 SIDESTEP R51
2160 SIDESTEP R7
2160 SIDESTEP R26
2160 SIDESTEP R33
2160 SIDESTEP R36
2160 SIDESTEP R64
2161 SIDESTEP R19
2161 SIDESTEP R37
2161 PICK 772 R50
2161 SIDESTEP R67
2161 SIDESTEP R71
2162 SIDESTEP R2
2162 SIDESTEP R9
2162 SIDESTEP R21
2162 SIDESTEP R29
2162 SIDESTEP R31
2162 SIDESTEP R35
2162 SIDESTEP R52
2162 SIDESTEP R75
2163 SIDESTEP R5
2163 SIDESTEP R6
2163 DEAD R7
2163 SIDESTEP R11
2163 SIDESTEP R25
2163 SIDESTEP R32
2163 SIDESTEP R40
2163 SIDESTEP R41
2163 SIDESTEP R53
2163 SIDESTEP R59
2164 SIDESTEP R47
2164 SIDESTEP R49
2165 CANCEL 1635
2165 PICK 828 R16
2165 SIDESTEP R26
2165 SIDESTEP R64
2166 SIDESTEP R19
2166 SIDESTEP R37
2166 SIDESTEP R67
2166 SIDESTEP R71
2167 SIDESTEP R2
2167 SIDESTEP R21
2167 SIDESTEP R24
2167 SIDESTEP R29
2167 SIDESTEP R31
2167 SIDESTEP R43
2167 SIDESTEP R52
2167 SIDESTEP R57
2167 SIDESTEP R75
2168 SIDESTEP R5
2168 SIDESTEP R11
2168 SIDESTEP R13
2168 SIDESTEP R32
2168 SIDESTEP R33
2168 SIDESTEP R40
2168 SIDESTEP R41
2168 SIDESTEP R55
2169 SIDESTEP R3
2169 SIDESTEP R35
2169 SIDESTEP R47
2169 SIDESTEP R53
2170 SIDESTEP R26
2170 PICK 821 R58
2170 SIDESTEP R64
2171 SIDESTEP R19
2171 SIDESTEP R37
2172 CHARGED R69
2172 ASSIGN 780 R69 46
2172 SIDESTEP R2
2172 SIDESTEP R21
2172 SIDESTEP R24
2172 SIDESTEP R29
2172 SIDESTEP R43
2172 SIDESTEP R46
2172 SIDESTEP R56
2172 SIDESTEP R57
2172 SIDESTEP R75
2173 SIDESTEP R9
2173 SIDESTEP R11
2173 SIDESTEP R13
2173 DELIVER 818 R30 1161
2173 SIDESTEP R33
2173 SIDESTEP R40
2173 SIDESTEP R41
2173 SIDESTEP R55
2173 SIDESTEP R60
2174 ASSIGN 781 R30 74
2174 PICK 832 R18
2174 DELIVER 881 R34 1083
2174 SIDESTEP R47
2174 SIDESTEP R52
2175 ASSIGN 782 R34 50
2175 SIDESTEP R5
2175 SIDESTEP R26
2175 SIDESTEP R31
2175 SIDESTEP R32
2175 SIDESTEP R64
2176 DELIVER 744 R0 1255
2176 SIDESTEP R19
2176 SIDESTEP R37
2177 ASSIGN 783 R0 67
2177 SIDESTEP R2
2177 SIDESTEP R21
2177 SIDESTEP R24
2177 SIDESTEP R29
2177 SIDESTEP R43
2177 SIDESTEP R46
2177 SIDESTEP R56
2177 SIDESTEP R57
2177 SIDESTEP R75
2178 SIDESTEP R6
2178 SIDESTEP R9
2178 SIDESTEP R11
2178 SIDESTEP R13
2178 SIDESTEP R40
2178 SIDESTEP R41
2178 SIDESTEP R49
2178 SIDESTEP R53
2178 SIDESTEP R55
2178 SIDESTEP R60
2178 SIDESTEP R70
2178 DELIVER 884 R72 1083
2179 ASSIGN 784 R72 15
2179 SIDESTEP R47
2179 SIDESTEP R52
2180 SIDESTEP R5
2180 SIDESTEP R26
2180 SIDESTEP R31
2180 SIDESTEP R32
2180 SIDESTEP R64
2180 SIDESTEP R71
2181 SIDESTEP R1
2181 CHARGE R14
2181 SIDESTEP R19
2181 SIDESTEP R35
2181 SIDESTEP R37
2181 SIDESTEP R59
2181 SIDESTEP R62
2182 SIDESTEP R2
2182 SIDESTEP R21
2182 SIDESTEP R24
2182 SIDESTEP R29
2182 SIDESTEP R43
2182 SIDESTEP R46
2182 SIDESTEP R56
2182 SIDESTEP R57
2182 SIDESTEP R75
2183 SIDESTEP R0
2183 SIDESTEP R6
2183 SIDESTEP R9
2183 SIDESTEP R13
2183 SIDESTEP R36
2183 SIDESTEP R40
2183 PICK 766 R44
2183 SIDESTEP R49
2183 SIDESTEP R60
2183 SIDESTEP R70
2183 SIDESTEP R74
2184 CANCEL 1736
2184 SIDESTEP R47
2184 SIDESTEP R53
2185 RESCUE R68
2185 ASSIGN 789 R68 25
2185 SIDESTEP R26
2185 SIDESTEP R64
2185 SIDESTEP R71
2186 DELIVER 731 R1 1278
2186 SIDESTEP R19
2186 SIDESTEP R35
2186 SIDESTEP R59
2186 SIDESTEP R62
2186 SIDESTEP R67
2187 GO_CHARGE R1 41 1
2187 SIDESTEP R2
2187 SIDESTEP R29
2187 SIDESTEP R41
2187 SIDESTEP R43
2187 SIDESTEP R46
2187 SIDESTEP R57
2187 SIDESTEP R75
2188 SIDESTEP R0
2188 SIDESTEP R9
2188 SIDESTEP R13
2188 SIDESTEP R32
2188 SIDESTEP R36
2188 SIDESTEP R40
2188 SIDESTEP R70
2188 SIDESTEP R74
2189 DELIVER 828 R16 1159
2189 SIDESTEP R25
2189 PICK 776 R38
2189 SIDESTEP R47
2189 DELIVER 742 R77 1270
2190 ASSIGN 790 R77 76
2190 ASSIGN 791 R16 84
2190 SIDESTEP R26
2190 SIDESTEP R53
2191 SIDESTEP R35
2191 SIDESTEP R59
2191 SIDESTEP R62
2191 SIDESTEP R67
2192 SIDESTEP R29
2192 SIDESTEP R31
2192 SIDESTEP R41
2192 SIDESTEP R43
2192 SIDESTEP R57
2193 SIDESTEP R9
2193 SIDESTEP R11
2193 SIDESTEP R32
2193 SIDESTEP R36
2193 SIDESTEP R40
2193 SIDESTEP R49
2193 PICK 784 R72
2193 SIDESTEP R74
2194 SIDESTEP R5
2194 SIDESTEP R6
2194 CHARGE R15
2194 SIDESTEP R25
2194 SIDESTEP R47
2194 SIDESTEP R55
2194 SIDESTEP R56
2194 SIDESTEP R64
2195 SIDESTEP R21
2195 SIDESTEP R26
2196 SIDESTEP R35
2197 CHARGED R14
2197 ASSIGN 792 R14 93
2197 SIDESTEP R29
2198 SIDESTEP R32
2198 SIDESTEP R40
2198 SIDESTEP R48
2198 SIDESTEP R49
2198 SIDESTEP R53
2198 DELIVER 755 R61 1265
2198 SIDESTEP R67
2198 SIDESTEP R74
2199 ASSIGN 795 R61 58
2199 SIDESTEP R1
2199 SIDESTEP R11
2199 SIDESTEP R25
2199 SIDESTEP R33
2199 SIDESTEP R36
2199 SIDESTEP R47
2199 SIDESTEP R55
2199 SIDESTEP R60
2199 SIDESTEP R64
2199 SIDESTEP R71
2199 REPORT pending=911 aged=835 idle=0 to_pickup=19 delivering=20 to_charger=37 charging=1 dead=3 hot=6,3,18
2200 SIDESTEP R5
2200 SIDESTEP R6
2200 SIDESTEP R26
2200 SIDESTEP R37
2200 SIDESTEP R56
2200 SIDESTEP R69
2200 SIDESTEP R79
2201 PICK 779 R8
2201 SIDESTEP R21
2203 PICK 754 R17
2203 SIDESTEP R32
2203 SIDESTEP R48
2203 DELIVER 767 R63 1256
2204 ASSIGN 796 R63 91
2204 SIDESTEP R1
2204 SIDESTEP R11
2204 SIDESTEP R33
2204 SIDESTEP R36
2204 SIDESTEP R40
2204 SIDESTEP R41
2204 DELIVER 810 R51 1200
2204 SIDESTEP R57
2204 SIDESTEP R60
2204 SIDESTEP R70
2204 SIDESTEP R71
2205 ASSIGN 798 R51 28
2205 SIDESTEP R26
2205 SIDESTEP R37
2205 SIDESTEP R74
2205 SIDESTEP R79
2206 SIDESTEP R21
2206 SIDESTEP R55
2206 SIDESTEP R56
2207 DELIVER 771 R3 1256
2207 SIDESTEP R24
2207 SIDESTEP R28
2207 SIDESTEP R67
2208 ASSIGN 799 R3 106
2209 SIDESTEP R11
2209 SIDESTEP R40
2209 SIDESTEP R47
2209 SIDESTEP R60
2209 PICK 789 R68
2209 SIDESTEP R70
2209 SIDESTEP R75
2210 CHARGED R15
2210 ASSIGN 803 R15 71
2210 SIDESTEP R0
2210 SIDESTEP R26
2210 SIDESTEP R37
2210 SIDESTEP R74
2210 SIDESTEP R79
2211 SIDESTEP R9
2211 SIDESTEP R21
2211 SIDESTEP R36
2211 SIDESTEP R55
2211 SIDESTEP R56
2211 SIDESTEP R62
2212 SIDESTEP R24
2212 SIDESTEP R28
2212 SIDESTEP R43
2212 SIDESTEP R49
2212 SIDESTEP R59
2212 SIDESTEP R67
2212 SIDESTEP R71
2213 CHARGE R20
2213 DELIVER 750 R45 1286
2213 SIDESTEP R64
2214 ASSIGN 804 R45 33
2214 SIDESTEP R1
2214 SIDESTEP R11
2214 SIDESTEP R31
2214 SIDESTEP R52
2214 SIDESTEP R70
2214 SIDESTEP R75
2215 SIDESTEP R0
2215 SIDESTEP R25
2215 SIDESTEP R26
2215 SIDESTEP R37
2215 SIDESTEP R74
2215 SIDESTEP R79
2216 SIDESTEP R6
2216 SIDESTEP R21
2216 SIDESTEP R56
2217 SIDESTEP R5
2217 SIDESTEP R24
2217 SIDESTEP R28
2217 SIDESTEP R29
2217 SIDESTEP R49
2217 SIDESTEP R53
2217 SIDESTEP R57
2217 SIDESTEP R59
2217 SIDESTEP R67
2217 SIDESTEP R71
2217 DELIVER 888 R76 1117
2218 GO_CHARGE R76 69 1
2218 SIDESTEP R33
2218 SIDESTEP R64
2218 DEAD R74
2219 SIDESTEP R35
2219 SIDESTEP R43
2219 SIDESTEP R70
2219 SIDESTEP R75
2220 SIDESTEP R0
2220 SIDESTEP R11
2220 SIDESTEP R25
2220 SIDESTEP R26
2220 SIDESTEP R32
2221 SIDESTEP R9
2221 SIDESTEP R21
2221 SIDESTEP R56
2222 SIDESTEP R5
2222 SIDESTEP R6
2222 PICK 756 R12
2222 SIDESTEP R24
2222 SIDESTEP R28
2222 SIDESTEP R49
2222 SIDESTEP R67
2222 SIDESTEP R71
2223 SIDESTEP R33
2223 SIDESTEP R36
2223 SIDESTEP R64
2224 SIDESTEP R19
2224 PICK 782 R34
2224 SIDESTEP R35
2224 DELIVER 860 R42 1157
2224 SIDESTEP R59
2224 SIDESTEP R62
2224 SIDESTEP R70
2224 DELIVER 973 R78 1020
2225 ASSIGN 805 R78 53
2225 GO_CHARGE R42 13 1
2225 SIDESTEP R0
2225 SIDESTEP R25
2225 SIDESTEP R26
2225 SIDESTEP R32
2225 SIDESTEP R41
2226 SIDESTEP R9
2226 SIDESTEP R21
2226 SIDESTEP R29
2226 SIDESTEP R56
2227 SIDESTEP R24
2227 SIDESTEP R28
2227 SIDESTEP R49
2227 PICK 780 R69
2227 SIDESTEP R79
2228 SIDESTEP R31
2228 SIDESTEP R33
2228 SIDESTEP R36
2228 SIDESTEP R44
2228 SIDESTEP R52
2229 SIDESTEP R1
2229 SIDESTEP R19
2229 SIDESTEP R35
2229 SIDESTEP R43
2229 SIDESTEP R59
2229 SIDESTEP R62
2229 SIDESTEP R64
2230 CHARGED R20
2230 ASSIGN 806 R20 54
2230 SIDESTEP R0
2230 SIDESTEP R6
2230 SIDESTEP R26
2230 SIDESTEP R32
2230 SIDESTEP R41
2230 SIDESTEP R53
2230 SIDESTEP R57
2231 SIDESTEP R8
2231 SIDESTEP R10
2231 SIDESTEP R21
2231 SIDESTEP R25
2231 SIDESTEP R29
2231 SIDESTEP R56
2232 RESCUE R54
2232 ASSIGN 807 R54 77
2232 SIDESTEP R4
2232 SIDESTEP R28
2232 SIDESTEP R37
2232 PICK 798 R51
2233 SIDESTEP R9
2233 SIDESTEP R11
2234 SIDESTEP R1
2234 SIDESTEP R19
2234 SIDESTEP R43
2234 SIDESTEP R52
2234 SIDESTEP R59
2234 SIDESTEP R62
2234 SIDESTEP R70
2234 SIDESTEP R72
2235 SIDESTEP R0
2235 SIDESTEP R6
2235 SIDESTEP R41
2235 DELIVER 772 R50 1282
2235 SIDESTEP R53
2235 SIDESTEP R55
2235 SIDESTEP R57
2235 SIDESTEP R60
2235 SIDESTEP R67
2235 SIDESTEP R79
2236 ASSIGN 811 R50 81
2236 SIDESTEP R5
2236 SIDESTEP R21
2236 SIDESTEP R29
2236 SIDESTEP R40
2237 SIDESTEP R4
2237 SIDESTEP R26
2237 SIDESTEP R28
2238 SIDESTEP R9
2238 SIDESTEP R11
2238 SIDESTEP R35
2238 SIDESTEP R64
2239 SIDESTEP R1
2239 SIDESTEP R52
2239 DELIVER 821 R58 1219
2239 SIDESTEP R62
2239 SIDESTEP R70
2240 ASSIGN 812 R58 110
2240 SIDESTEP R0
2240 SIDESTEP R6
2240 SIDESTEP R31
2240 SIDESTEP R33
2240 SIDESTEP R36
2240 SIDESTEP R53
2240 SIDESTEP R55
2240 SIDESTEP R60
2240 SIDESTEP R75
2241 SIDESTEP R25
2241 SIDESTEP R29
2241 SIDESTEP R37
2242 SIDESTEP R4
2242 SIDESTEP R28
2242 SIDESTEP R57
2243 SIDESTEP R3
2243 SIDESTEP R9
2243 SIDESTEP R11
2243 SIDESTEP R64
2243 SIDESTEP R67
2244 SIDESTEP R43
2244 SIDESTEP R62
2244 SIDESTEP R70
2245 SIDESTEP R0
2245 SIDESTEP R60
2245 SIDESTEP R75
2246 RESCUE R65
2246 ASSIGN 924 R65 50
2246 SIDESTEP R5
2246 SIDESTEP R31
2246 SIDESTEP R33
2246 SIDESTEP R52
2246 SIDESTEP R56
2247 SIDESTEP R4
2247 SIDESTEP R21
2247 PICK 895 R22
2247 SIDESTEP R24
2247 SIDESTEP R28
2247 DELIVER 776 R38 1290
2247 PICK 804 R45
2247 SIDESTEP R49
2247 SIDESTEP R55
2247 SIDESTEP R79
2248 ASSIGN 813 R38 82
2248 SIDESTEP R3
2248 PICK 781 R30
2248 CHARGE R46
2248 SIDESTEP R57
2249 CANCEL 1692
2249 DELIVER 753 R2 1318
2249 SIDESTEP R25
2249 SIDESTEP R41
2249 DELIVER 766 R44 1303
2249 SIDESTEP R62
2249 REPORT pending=939 aged=861 idle=2 to_pickup=21 delivering=18 to_charger=36 charging=1 dead=2 hot=5,2,18
2250 ASSIGN 814 R2 59
2250 ASSIGN 815 R44 113
2250 SIDESTEP R0
2250 SIDESTEP R11
2250 DELIVER 832 R18 1216
2250 SIDESTEP R75
2251 ASSIGN 816 R18 84
2251 SIDESTEP R5
2251 SIDESTEP R6
2251 DELIVER 895 R22 1142
2251 SIDESTEP R33
2251 SIDESTEP R52
2252 ASSIGN 820 R22 75
2252 SIDESTEP R1
2252 SIDESTEP R4
2252 SIDESTEP R24
2252 SIDESTEP R36
2252 SIDESTEP R37
2252 SIDESTEP R55
2252 SIDESTEP R59
2252 SIDESTEP R79
2253 SIDESTEP R3
2253 SIDESTEP R49
2254 SIDESTEP R62
2254 SIDESTEP R67
2254 SIDESTEP R71
2255 SIDESTEP R0
2255 DELIVER 779 R8 1292
2255 SIDESTEP R11
2255 SIDESTEP R43
2255 SIDESTEP R64
2256 GO_CHARGE R8 83 1
2256 SIDESTEP R52
2256 PICK 795 R61
2256 SIDESTEP R65
2257 SIDESTEP R1
2257 SIDESTEP R4
2257 SIDESTEP R36
2257 SIDESTEP R55
2257 SIDESTEP R57
2257 SIDESTEP R75
2257 SIDESTEP R78
2257 SIDESTEP R79
2258 SIDESTEP R5
2258 SIDESTEP R6
2258 SIDESTEP R31
2258 SIDESTEP R49
2259 SIDESTEP R12
2259 SIDESTEP R29
2259 SIDESTEP R67
2259 SIDESTEP R70
2260 SIDESTEP R0
2260 SIDESTEP R9
2260 SIDESTEP R24
2260 SIDESTEP R35
2260 SIDESTEP R37
2260 SIDESTEP R41
2260 SIDESTEP R53
2262 SIDESTEP R4
2262 SIDESTEP R10
2262 SIDESTEP R21
2262 SIDESTEP R36
2262 SIDESTEP R55
2262 SIDESTEP R57
2262 SIDESTEP R59
2262 DELIVER 789 R68 1288
2262 SIDESTEP R71
2262 SIDESTEP R75
2263 ASSIGN 849 R68 81
2263 SIDESTEP R25
2263 SIDESTEP R56
2264 SIDESTEP R12
2264 PICK 917 R13
2265 CHARGED R46
2265 ASSIGN 851 R46 104
2265 SIDESTEP R0
2265 SIDESTEP R9
2265 SIDESTEP R11
2265 SIDESTEP R24
2265 SIDESTEP R37
2265 SIDESTEP R53
2265 SIDESTEP R60
2266 SIDESTEP R1
2266 SIDESTEP R8
2266 SIDESTEP R31
2266 SIDESTEP R32
2266 SIDESTEP R47
2266 SIDESTEP R79
2267 SIDESTEP R4
2267 PICK 748 R28
2267 SIDESTEP R36
2267 SIDESTEP R49
2267 SIDESTEP R52
2267 SIDESTEP R55
2267 SIDESTEP R57
2267 SIDESTEP R59
2267 PICK 790 R77
2268 RESCUE R7
2268 ASSIGN 852 R7 55
2268 SIDESTEP R6
2268 SIDESTEP R25
2268 SIDESTEP R41
2268 SIDESTEP R67
2269 SIDESTEP R12
2269 SIDESTEP R21
2269 SIDESTEP R43
2269 SIDESTEP R71
2270 SIDESTEP R0
2270 SIDESTEP R11
2270 SIDESTEP R24
2270 SIDESTEP R29
2270 SIDESTEP R37
2270 SIDESTEP R48
2270 SIDESTEP R53
2270 SIDESTEP R60
2271 SIDESTEP R1
2272 SIDESTEP R4
2272 SIDESTEP R7
2272 SIDESTEP R47
2272 SIDESTEP R49
2272 SIDESTEP R55
2273 SIDESTEP R9
2273 PICK 791 R16
2274 SIDESTEP R12
2274 SIDESTEP R59
2274 SIDESTEP R73
2275 SIDESTEP R26
2275 SIDESTEP R29
2275 SIDESTEP R37
2275 SIDESTEP R53
2275 SIDESTEP R60
2275 SIDESTEP R75
2276 SIDESTEP R1
2276 SIDESTEP R48
2276 SIDESTEP R57
2276 SIDESTEP R67
2277 SIDESTEP R4
2277 SIDESTEP R21
2277 SIDESTEP R24
2277 SIDESTEP R33
2277 SIDESTEP R47
2277 SIDESTEP R49
2277 SIDESTEP R52
2277 SIDESTEP R64
2277 SIDESTEP R79
2278 SIDESTEP R9
2278 SIDESTEP R32
2278 SIDESTEP R36
2278 SIDESTEP R56
2279 SIDESTEP R5
2279 SIDESTEP R12
2279 SIDESTEP R19
2279 SIDESTEP R22
2279 SIDESTEP R59
2279 SIDESTEP R73
2280 CHARGE R10
2280 PICK 803 R15
2280 SIDESTEP R43
2280 SIDESTEP R53
2280 SIDESTEP R55
2280 SIDESTEP R60
2280 SIDESTEP R75
2281 SIDESTEP R6
2281 SIDESTEP R48
2282 SIDESTEP R4
2282 SIDESTEP R21
2282 SIDESTEP R24
2282 SIDESTEP R33
2282 SIDESTEP R47
2282 SIDESTEP R49
2282 SIDESTEP R52
2282 SIDESTEP R64
2282 SIDESTEP R71
2282 SIDESTEP R79
2283 SIDESTEP R9
2283 SIDESTEP R11
2283 PICK 806 R20
2283 PICK 805 R78
2284 SIDESTEP R12
2284 SIDESTEP R22
2284 SIDESTEP R36
2284 SIDESTEP R73
2285 SIDESTEP R55
2286 CANCEL 1774
2286 SIDESTEP R19
2286 SIDESTEP R53
2286 SIDESTEP R57
2286 SIDESTEP R59
2286 SIDESTEP R62
2287 SIDESTEP R4
2287 DELIVER 754 R17 1355
2287 SIDESTEP R49
2287 SIDESTEP R52
2287 DEAD R59
2287 SIDESTEP R64
2287 SIDESTEP R71
2287 SIDESTEP R79
2288 ASSIGN 853 R17 49
2288 SIDESTEP R11
2288 SIDESTEP R25
2288 SIDESTEP R32
2288 SIDESTEP R75
2289 SIDESTEP R5
2289 SIDESTEP R6
2289 SIDESTEP R12
2289 SIDESTEP R31
2289 SIDESTEP R67
2290 CANCEL 1725
2290 SIDESTEP R9
2290 SIDESTEP R33
2290 SIDESTEP R43
2291 SIDESTEP R19
2291 SIDESTEP R53
2291 SIDESTEP R62
2292 SIDESTEP R4
2292 SIDESTEP R29
2292 SIDESTEP R49
2292 SIDESTEP R52
2292 SIDESTEP R64
2292 SIDESTEP R79
2293 SIDESTEP R1
2293 SIDESTEP R11
2293 SIDESTEP R24
2293 SIDESTEP R32
2293 SIDESTEP R36
2293 SIDESTEP R56
2293 SIDESTEP R71
2293 SIDESTEP R75
2294 SIDESTEP R6
2294 SIDESTEP R12
2294 DELIVER 782 R34 1328
2294 PICK 796 R63
2294 SIDESTEP R67
2294 SIDESTEP R70
2295 ASSIGN 858 R34 19
2295 SIDESTEP R9
2295 SIDESTEP R41
2295 SIDESTEP R47
2296 SIDESTEP R19
2296 SIDESTEP R31
2296 SIDESTEP R33
2296 SIDESTEP R62
2297 CHARGED R10
2297 ASSIGN 859 R10 64
2297 SIDESTEP R4
2297 SIDESTEP R29
2297 SIDESTEP R30
2297 SIDESTEP R40
2297 SIDESTEP R64
2297 SIDESTEP R79
2298 SIDESTEP R1
2298 SIDESTEP R25
2298 SIDESTEP R36
2298 SIDESTEP R43
2298 SIDESTEP R49
2298 SIDESTEP R55
2298 SIDESTEP R56
2299 SIDESTEP R0
2299 SIDESTEP R12
2299 SIDESTEP R24
2299 DELIVER 798 R51 1314
2299 SIDESTEP R52
2299 PICK 924 R65
2299 SIDESTEP R67
2299 SIDESTEP R70
2299 REPORT pending=968 aged=886 idle=1 to_pickup=21 delivering=21 to_charger=35 charging=0 dead=2 hot=6,2,16
2300 ASSIGN 862 R51 86
2300 SIDESTEP R41
2300 PICK 824 R73
2301 PICK 792 R14
2301 SIDESTEP R18
2301 SIDESTEP R31
2301 SIDESTEP R32
2301 SIDESTEP R62
2301 SIDESTEP R71
2302 SIDESTEP R4
2302 SIDESTEP R5
2302 SIDESTEP R29
2302 SIDESTEP R38
2302 SIDESTEP R40
2302 SIDESTEP R53
2302 SIDESTEP R79
2303 CANCEL 1757
2303 SIDESTEP R1
2303 SIDESTEP R26
2303 SIDESTEP R49
2303 SIDESTEP R55
2303 SIDESTEP R56
2304 SIDESTEP R0
2304 SIDESTEP R7
2304 SIDESTEP R24
2304 SIDESTEP R64
2305 SIDESTEP R9
2305 DELIVER 804 R45 1311
2306 ASSIGN 871 R45 97
2306 SIDESTEP R62
2307 SIDESTEP R4
2307 SIDESTEP R19
2307 SIDESTEP R40
2307 SIDESTEP R53
2307 SIDESTEP R75
2308 SIDESTEP R1
2308 PICK 814 R2
2308 SIDESTEP R26
2308 SIDESTEP R49
2308 PICK 807 R54
2308 SIDESTEP R56
2308 SIDESTEP R67
2308 SIDESTEP R70
2308 SIDESTEP R71
2309 SIDESTEP R0
2309 SIDESTEP R7
2309 SIDESTEP R24
2309 SIDESTEP R31
2309 SIDESTEP R32
2309 SIDESTEP R33
2309 SIDESTEP R35
2309 SIDESTEP R36
2309 SIDESTEP R37
2309 SIDESTEP R55
2309 SIDESTEP R64
2310 SIDESTEP R41
2310 SIDESTEP R58
2311 SIDESTEP R42
2311 DELIVER 966 R48 1114
2311 SIDESTEP R52
2312 ASSIGN 875 R48 99
2312 SIDESTEP R4
2312 SIDESTEP R19
2313 PICK 858 R34
2313 SIDESTEP R56
2313 DELIVER 795 R61 1331
2313 SIDESTEP R62
2313 SIDESTEP R67
2313 SIDESTEP R71
2314 ASSIGN 876 R61 24
2314 SIDESTEP R0
2314 SIDESTEP R5
2314 SIDESTEP R7
2314 SIDESTEP R24
2314 SIDESTEP R26
2314 SIDESTEP R29
2314 SIDESTEP R35
2314 SIDESTEP R40
2314 SIDESTEP R55
2314 SIDESTEP R64
2314 SIDESTEP R75
2314 SIDESTEP R79
2315 SIDESTEP R1
2315 SIDESTEP R6
2315 SIDESTEP R9
2315 SIDESTEP R25
2315 SIDESTEP R32
2315 SIDESTEP R38
2315 SIDESTEP R41
2315 SIDESTEP R47
2315 SIDESTEP R58
2315 SIDESTEP R60
2315 SIDESTEP R70
2316 SIDESTEP R33
2316 SIDESTEP R36
2316 SIDESTEP R37
2316 SIDESTEP R48
2317 SIDESTEP R4
2317 SIDESTEP R21
2317 SIDESTEP R53
2319 SIDESTEP R0
2319 SIDESTEP R5
2319 SIDESTEP R7
2319 SIDESTEP R35
2319 PICK 811 R50
2319 SIDESTEP R55
2320 SIDESTEP R1
2320 SIDESTEP R9
2320 SIDESTEP R47
2320 SIDESTEP R49
2320 SIDESTEP R58
2321 SIDESTEP R36
2321 SIDESTEP R37
2321 SIDESTEP R40
2321 SIDESTEP R48
2321 SIDESTEP R52
2321 SIDESTEP R75
2321 SIDESTEP R79
2322 SIDESTEP R4
2322 SIDESTEP R11
2322 SIDESTEP R24
2322 SIDESTEP R26
2322 SIDESTEP R29
2322 SIDESTEP R43
2322 SIDESTEP R60
2323 SIDESTEP R19
2323 SIDESTEP R53
2323 SIDESTEP R67
2323 DELIVER 784 R72 1355
2324 ASSIGN 822 R72 98
2324 SIDESTEP R31
2324 SIDESTEP R41
2324 SIDESTEP R55
2324 SIDESTEP R57
2324 DELIVER 780 R69 1360
2324 SIDESTEP R70
2325 ASSIGN 823 R69 94
2325 SIDESTEP R1
2325 SIDESTEP R9
2325 SIDESTEP R33
2325 SIDESTEP R47
2325 SIDESTEP R49
2325 SIDESTEP R62
2326 SIDESTEP R5
2326 SIDESTEP R32
2326 SIDESTEP R35
2326 SIDESTEP R36
2326 SIDESTEP R37
2326 SIDESTEP R40
2326 SIDESTEP R52
2326 SIDESTEP R56
2326 SIDESTEP R75
2326 SIDESTEP R79
2327 SIDESTEP R4
2327 SIDESTEP R11
2327 SIDESTEP R26
2327 SIDESTEP R30
2327 SIDESTEP R42
2327 SIDESTEP R43
2327 SIDESTEP R60
2327 SIDESTEP R64
2328 SIDESTEP R18
2328 SIDESTEP R24
2328 SIDESTEP R67
2329 SIDESTEP R55
2330 CANCEL 1777
2330 SIDESTEP R9
2330 SIDESTEP R47
2330 SIDESTEP R49
2331 PICK 799 R3
2331 SIDESTEP R37
2331 SIDESTEP R40
2331 SIDESTEP R52
2331 SIDESTEP R56
2331 SIDESTEP R65
2331 SIDESTEP R75
2331 SIDESTEP R79
2332 SIDESTEP R4
2332 SIDESTEP R11
2332 SIDESTEP R26
2332 SIDESTEP R30
2332 SIDESTEP R36
2332 SIDESTEP R42
2332 SIDESTEP R43
2332 SIDESTEP R53
2332 DELIVER 807 R54 1335
2333 ASSIGN 825 R54 69
2333 SIDESTEP R1
2334 SIDESTEP R19
2334 SIDESTEP R24
2334 SIDESTEP R55
2334 SIDESTEP R60
2335 RESCUE R74
2335 ASSIGN 826 R74 53
2336 PICK 853 R17
2336 SIDESTEP R37
2336 SIDESTEP R48
2336 SIDESTEP R49
2336 SIDESTEP R52
2336 SIDESTEP R56
2336 SIDESTEP R65
2336 SIDESTEP R79
2337 SIDESTEP R4
2337 SIDESTEP R5
2337 SIDESTEP R26
2337 SIDESTEP R34
2337 SIDESTEP R35
2337 SIDESTEP R43
2337 SIDESTEP R53
2337 PICK 876 R61
2337 SIDESTEP R62
2337 SIDESTEP R70
2338 SIDESTEP R21
2338 SIDESTEP R36
2338 SIDESTEP R71
2339 SIDESTEP R19
2339 SIDESTEP R24
2339 SIDESTEP R47
2339 SIDESTEP R60
2339 SIDESTEP R64
2339 SIDESTEP R67
2339 SIDESTEP R75
2340 SIDESTEP R31
2340 SIDESTEP R33
2340 PICK 813 R38
2340 SIDESTEP R57
2340 DELIVER 824 R73 1316
2341 ASSIGN 827 R73 98
2341 SIDESTEP R48
2341 SIDESTEP R49
2341 SIDESTEP R56
2341 SIDESTEP R65
2342 SIDESTEP R4
2342 SIDESTEP R5
2342 DELIVER 791 R16 1365
2342 SIDESTEP R35
2342 SIDESTEP R50
2342 DELIVER 805 R78 1347
2343 ASSIGN 829 R78 50
2343 ASSIGN 830 R16 36
2343 SIDESTEP R21
2343 PICK 820 R22
2343 SIDESTEP R37
2343 PICK 849 R68
2343 SIDESTEP R71
2344 SIDESTEP R0
2344 DELIVER 756 R12 1410
2344 SIDESTEP R19
2344 SIDESTEP R24
2344 SIDESTEP R43
2344 SIDESTEP R47
2344 SIDESTEP R53
2344 SIDESTEP R64
2344 SIDESTEP R74
2344 SIDESTEP R75
2345 ASSIGN 831 R12 122
2345 SIDESTEP R1
2345 SIDESTEP R11
2345 SIDESTEP R33
2345 SIDESTEP R40
2345 SIDESTEP R41
2346 SIDESTEP R9
2346 SIDESTEP R31
2346 SIDESTEP R36
2346 SIDESTEP R65
2346 SIDESTEP R67
2347 SIDESTEP R4
2347 SIDESTEP R5
2347 SIDESTEP R32
2347 SIDESTEP R50
2347 SIDESTEP R54
2347 SIDESTEP R70
2349 SIDESTEP R0
2349 SIDESTEP R19
2349 SIDESTEP R24
2349 SIDESTEP R37
2349 SIDESTEP R43
2349 SIDESTEP R53
2349 SIDESTEP R64
2349 SIDESTEP R79
2349 REPORT pending=994 aged=913 idle=0 to_pickup=21 delivering=23 to_charger=35 charging=0 dead=1 hot=6,2,16
2350 SIDESTEP R1
2350 SIDESTEP R11
2350 SIDESTEP R33
2350 SIDESTEP R40
2350 SIDESTEP R49
2350 SIDESTEP R52
2350 SIDESTEP R57
2350 SIDESTEP R71
2350 SIDESTEP R74
2351 SIDESTEP R9
2351 SIDESTEP R31
2351 SIDESTEP R36
2351 SIDESTEP R56
2351 SIDESTEP R65
2352 SIDESTEP R4
2352 SIDESTEP R5
2352 SIDESTEP R32
2352 SIDESTEP R35
2352 CHARGE R42
2352 SIDESTEP R47
2352 SIDESTEP R50
2352 SIDESTEP R70
2353 SIDESTEP R6
2354 SIDESTEP R0
2354 SIDESTEP R53
2354 SIDESTEP R67
2355 SIDESTEP R1
2355 SIDESTEP R33
2355 SIDESTEP R43
2355 SIDESTEP R71
2355 SIDESTEP R74
2356 SIDESTEP R11
2356 PICK 816 R18
2356 SIDESTEP R19
2356 SIDESTEP R21
2356 SIDESTEP R24
2356 SIDESTEP R31
2356 SIDESTEP R55
2356 SIDESTEP R57
2356 SIDESTEP R60
2356 SIDESTEP R64
2356 SIDESTEP R65
2357 SIDESTEP R4
2357 SIDESTEP R5
2357 SIDESTEP R36
2357 SIDESTEP R37
2357 SIDESTEP R52
2357 SIDESTEP R70
2358 SIDESTEP R6
2358 DELIVER 792 R14 1380
2358 SIDESTEP R25
2359 ASSIGN 931 R14 55
2359 SIDESTEP R0
2359 SIDESTEP R53
2359 SIDESTEP R63
2359 SIDESTEP R67
2360 DELIVER 803 R15 1367
2360 SIDESTEP R43
2360 SIDESTEP R71
2361 ASSIGN 935 R15 97
2361 SIDESTEP R11
2361 SIDESTEP R21
2361 SIDESTEP R24
2361 SIDESTEP R26
2361 SIDESTEP R41
2361 SIDESTEP R55
2361 SIDESTEP R60
2361 SIDESTEP R64
2361 SIDESTEP R65
2361 SIDESTEP R74
2361 SIDESTEP R75
2361 SIDESTEP R79
2362 SIDESTEP R1
2362 SIDESTEP R4
2362 SIDESTEP R33
2362 SIDESTEP R37
2362 SIDESTEP R49
2362 SIDESTEP R52
2362 SIDESTEP R57
2363 CANCEL 1800
2363 SIDESTEP R6
2363 SIDESTEP R25
2363 SIDESTEP R29
2364 SIDESTEP R0
2364 SIDESTEP R63
2364 SIDESTEP R67
2364 SIDESTEP R70
2365 SIDESTEP R53
2366 SIDESTEP R21
2366 SIDESTEP R60
2366 SIDESTEP R65
2366 SIDESTEP R75
2367 SIDESTEP R4
2367 PICK 852 R7
2367 SIDESTEP R24
2367 SIDESTEP R26
2367 SIDESTEP R37
2367 SIDESTEP R47
2367 SIDESTEP R49
2367 SIDESTEP R56
2367 SIDESTEP R57
2367 PICK 812 R58
2367 SIDESTEP R71
2367 SIDESTEP R74
2367 SIDESTEP R79
2368 SIDESTEP R1
2368 DELIVER 814 R2 1360
2368 SIDESTEP R33
2369 ASSIGN 833 R2 85
2369 SIDESTEP R0
2369 SIDESTEP R63
2369 SIDESTEP R64
2369 SIDESTEP R70
2370 CHARGED R42
2370 ASSIGN 834 R42 114
2370 SIDESTEP R5
2370 SIDESTEP R6
2370 SIDESTEP R25
2370 SIDESTEP R29
2370 SIDESTEP R32
2370 SIDESTEP R35
2370 SIDESTEP R67
2371 SIDESTEP R60
2371 SIDESTEP R65
2371 SIDESTEP R75
2372 SIDESTEP R4
2372 PICK 859 R10
2372 DELIVER 853 R17 1313
2372 SIDESTEP R24
2372 SIDESTEP R26
2372 SIDESTEP R37
2372 SIDESTEP R40
2372 SIDESTEP R47
2372 SIDESTEP R49
2372 SIDESTEP R53
2372 SIDESTEP R55
2372 SIDESTEP R56
2372 SIDESTEP R57
2372 SIDESTEP R79
2373 ASSIGN 946 R17 67
2373 SIDESTEP R11
2373 SIDESTEP R36
2373 SIDESTEP R74
2374 SIDESTEP R0
2374 SIDESTEP R43
2374 SIDESTEP R63
2374 SIDESTEP R70
2375 SIDESTEP R5
2375 SIDESTEP R6
2375 SIDESTEP R41
2375 SIDESTEP R51
2375 SIDESTEP R64
2376 SIDESTEP R21
2376 SIDESTEP R32
2376 SIDESTEP R35
2376 PICK 851 R46
2376 SIDESTEP R65
2377 CANCEL 1808
2377 SIDESTEP R4
2377 SIDESTEP R26
2377 SIDESTEP R29
2377 SIDESTEP R37
2377 SIDESTEP R40
2377 SIDESTEP R42
2377 SIDESTEP R47
2377 SIDESTEP R49
2377 SIDESTEP R53
2377 SIDESTEP R55
2377 SIDESTEP R56
2378 SIDESTEP R11
2378 PICK 830 R16
2378 PICK 758 R19
2378 SIDESTEP R33
2378 SIDESTEP R36
2378 SIDESTEP R52
2378 SIDESTEP R71
2379 SIDESTEP R0
2379 SIDESTEP R31
2379 SIDESTEP R43
2379 SIDESTEP R57
2379 SIDESTEP R70
2379 SIDESTEP R75
2380 SIDESTEP R1
2380 DELIVER 917 R13 1243
2380 SIDESTEP R41
2380 SIDESTEP R51
2380 SIDESTEP R60
2380 SIDESTEP R74
2380 SIDESTEP R79
2381 GO_CHARGE R13 34 1
2381 DELIVER 852 R7 1323
2381 SIDESTEP R32
2381 SIDESTEP R35
2381 SIDESTEP R62
2381 SIDESTEP R65
2382 ASSIGN 951 R7 99
2382 SIDESTEP R4
2382 SIDESTEP R47
2382 SIDESTEP R55
2382 SIDESTEP R56
2383 SIDESTEP R36
2384 SIDESTEP R0
2384 SIDESTEP R11
2384 SIDESTEP R19
2384 DELIVER 748 R28 1459
2384 SIDESTEP R29
2384 SIDESTEP R43
2384 SIDESTEP R52
2384 SIDESTEP R53
2384 SIDESTEP R64
2384 SIDESTEP R67
2385 ASSIGN 877 R28 63
2385 SIDESTEP R9
2385 SIDESTEP R41
2385 SIDESTEP R42
2385 SIDESTEP R63
2385 SIDESTEP R70
2385 SIDESTEP R75
2386 SIDESTEP R16
2386 SIDESTEP R21
2386 SIDESTEP R31
2386 PICK 815 R44
2386 SIDESTEP R49
2386 SIDESTEP R65
2386 SIDESTEP R79
2387 SIDESTEP R4
2387 SIDESTEP R37
2389 RESCUE R59
2389 ASSIGN 879 R59 39
2389 SIDESTEP R0
2389 DELIVER 781 R30 1424
2389 SIDESTEP R52
2389 SIDESTEP R53
2389 SIDESTEP R55
2390 ASSIGN 957 R30 103
2390 SIDESTEP R1
2390 DELIVER 806 R20 1394
2390 SIDESTEP R41
2390 SIDESTEP R43
2390 SIDESTEP R47
2390 SIDESTEP R57
2390 SIDESTEP R67
2390 SIDESTEP R70
2391 ASSIGN 958 R20 63
2391 SIDESTEP R9
2391 SIDESTEP R16
2391 SIDESTEP R19
2391 SIDESTEP R21
2391 SIDESTEP R29
2391 SIDESTEP R32
2391 SIDESTEP R35
2391 SIDESTEP R40
2391 SIDESTEP R62
2391 SIDESTEP R63
2391 SIDESTEP R65
2391 SIDESTEP R79
2392 SIDESTEP R4
2392 SIDESTEP R5
2392 SIDESTEP R11
2392 SIDESTEP R60
2392 SIDESTEP R74
2392 SIDESTEP R75
2393 SIDESTEP R24
2393 SIDESTEP R33
2393 DELIVER 851 R46 1336
2393 SIDESTEP R49
2393 DEAD R64
2393 PICK 829 R78
2394 ASSIGN 882 R46 26
2394 SIDESTEP R0
2394 SIDESTEP R42
2394 SIDESTEP R52
2394 SIDESTEP R55
2395 SIDESTEP R1
2395 SIDESTEP R18
2395 SIDESTEP R36
2395 SIDESTEP R41
2395 SIDESTEP R47
2395 SIDESTEP R57
2396 SIDESTEP R16
2396 SIDESTEP R19
2396 SIDESTEP R21
2396 SIDESTEP R29
2396 SIDESTEP R35
2396 SIDESTEP R62
2396 SIDESTEP R63
2396 SIDESTEP R65
2396 SIDESTEP R79
2397 SIDESTEP R4
2397 SIDESTEP R5
2397 SIDESTEP R11
2397 SIDESTEP R25
2397 PICK 862 R51
2397 SIDESTEP R75
2398 SIDESTEP R33
2398 SIDESTEP R60
2399 SIDESTEP R0
2399 SIDESTEP R15
2399 SIDESTEP R24
2399 DELIVER 813 R38 1392
2399 SIDESTEP R52
2399 REPORT pending=1018 aged=941 idle=1 to_pickup=22 delivering=22 to_charger=34 charging=0 dead=1 hot=8,2,15
2400 ASSIGN 885 R38 91
2400 SIDESTEP R1
2400 SIDESTEP R9
2400 SIDESTEP R12
2400 SIDESTEP R36
2400 SIDESTEP R40
2400 SIDESTEP R56
2401 SIDESTEP R17
2401 SIDESTEP R26
2401 SIDESTEP R29
2401 SIDESTEP R35
2401 SIDESTEP R62
2401 SIDESTEP R63
2401 SIDESTEP R65
2401 DELIVER 790 R77 1425
2402 ASSIGN 962 R77 72
2402 SIDESTEP R4
2402 SIDESTEP R5
2402 SIDESTEP R19
2402 SIDESTEP R37
2402 PICK 871 R45
2402 SIDESTEP R47
2402 SIDESTEP R49
2402 SIDESTEP R55
2402 SIDESTEP R75
2403 DELIVER 799 R3 1417
2403 SIDESTEP R25
2403 SIDESTEP R33
2403 SIDESTEP R60
2403 SIDESTEP R67
2404 ASSIGN 891 R3 91
2404 SIDESTEP R0
2404 SIDESTEP R24
2404 SIDESTEP R43
2405 SIDESTEP R9
2405 SIDESTEP R40
2405 SIDESTEP R57
2405 SIDESTEP R70
2406 SIDESTEP R65
2407 SIDESTEP R4
2407 SIDESTEP R5
2407 SIDESTEP R32
2407 SIDESTEP R36
2407 SIDESTEP R37
2407 SIDESTEP R49
2407 SIDESTEP R56
2407 SIDESTEP R79
2408 SIDESTEP R1
2408 SIDESTEP R25
2408 SIDESTEP R62
2409 SIDESTEP R0
2409 SIDESTEP R6
2409 SIDESTEP R24
2409 SIDESTEP R33
2409 SIDESTEP R43
2409 SIDESTEP R75
2410 CANCEL 1816
2410 SIDESTEP R9
2410 SIDESTEP R11
2410 DELIVER 830 R16 1378
2410 SIDESTEP R40
2410 SIDESTEP R57
2410 SIDESTEP R70
2410 DEAD R75
2411 ASSIGN 894 R16 63
2411 SIDESTEP R29
2411 SIDESTEP R65
2412 SIDESTEP R4
2412 SIDESTEP R19
2412 SIDESTEP R32
2412 SIDESTEP R36
2412 SIDESTEP R56
2412 SIDESTEP R60
2412 SIDESTEP R79
2413 PICK 931 R14
2413 SIDESTEP R37
2413 SIDESTEP R49
2413 SIDESTEP R52
2414 SIDESTEP R0
2414 SIDESTEP R6
2414 SIDESTEP R17
2414 SIDESTEP R21
2414 SIDESTEP R25
2414 SIDESTEP R62
2415 DELIVER 820 R22 1396
2415 PICK 825 R54
2415 SIDESTEP R57
2416 ASSIGN 900 R22 86
2416 SIDESTEP R33
2416 SIDESTEP R47
2416 SIDESTEP R55
2416 SIDESTEP R65
2416 SIDESTEP R70
2417 SIDESTEP R4
2417 SIDESTEP R19
2417 SIDESTEP R29
2417 SIDESTEP R60
2418 SIDESTEP R5
2418 SIDESTEP R9
2418 DELIVER 816 R18 1408
2418 SIDESTEP R32
2418 SIDESTEP R37
2418 SIDESTEP R52
2418 PICK 823 R69
2418 SIDESTEP R79
2419 GO_CHARGE R18 48 1
2419 SIDESTEP R0
2419 SIDESTEP R1
2419 SIDESTEP R6
2419 SIDESTEP R17
2419 SIDESTEP R25
2419 PICK 882 R46
2419 SIDESTEP R62
2419 SIDESTEP R71
2420 SIDESTEP R7
2421 SIDESTEP R33
2421 DELIVER 858 R34 1357
2421 DELIVER 876 R61 1337
2421 SIDESTEP R65
2421 SIDESTEP R70
2421 PICK 822 R72
2422 ASSIGN 964 R34 59
2422 ASSIGN 976 R61 108
2422 SIDESTEP R4
2422 SIDESTEP R26
2422 SIDESTEP R29
2422 SIDESTEP R63
2423 SIDESTEP R9
2423 SIDESTEP R19
2423 SIDESTEP R24
2423 SIDESTEP R47
2423 SIDESTEP R52
2423 SIDESTEP R55
2424 SIDESTEP R1
2424 SIDESTEP R5
2424 SIDESTEP R6
2424 SIDESTEP R11
2424 SIDESTEP R17
2424 SIDESTEP R40
2424 SIDESTEP R49
2424 SIDESTEP R56
2424 SIDESTEP R71
2425 REJECT 1955
2425 SIDESTEP R25
2426 SIDESTEP R65
2427 SIDESTEP R4
2428 SIDESTEP R24
2428 SIDESTEP R47
2428 DELIVER 811 R50 1423
2428 SIDESTEP R52
2428 SIDESTEP R60
2429 ASSIGN 905 R50 110
2429 SIDESTEP R1
2429 SIDESTEP R11
2429 SIDESTEP R17
2429 SIDESTEP R40
2429 SIDESTEP R55
2429 SIDESTEP R56
2429 PICK 879 R59
2429 SIDESTEP R70
2430 SIDESTEP R25
2430 SIDESTEP R29
2430 SIDESTEP R31
2430 SIDESTEP R36
2430 SIDESTEP R63
2430 SIDESTEP R67
2431 SIDESTEP R19
2431 SIDESTEP R26
2431 SIDESTEP R37
2431 SIDESTEP R65
2432 SIDESTEP R4
2433 SIDESTEP R15
2433 SIDESTEP R47
2433 SIDESTEP R52
2433 SIDESTEP R60
2434 SIDESTEP R17
2434 SIDESTEP R40
2434 SIDESTEP R56
2434 SIDESTEP R70
2435 SIDESTEP R63
2436 SIDESTEP R19
2436 SIDESTEP R26
2436 SIDESTEP R36
2436 SIDESTEP R43
2436 SIDESTEP R57
2436 SIDESTEP R65
2437 SIDESTEP R4
2437 SIDESTEP R6
2437 SIDESTEP R32
2437 SIDESTEP R55
2437 SIDESTEP R71
2438 SIDESTEP R31
2438 SIDESTEP R33
2438 SIDESTEP R35
2438 SIDESTEP R52
2438 PICK 827 R73
2439 SIDESTEP R1
2439 SIDESTEP R17
2439 SIDESTEP R40
2439 SIDESTEP R51
2439 SIDESTEP R70
2440 PICK 826 R74
2441 SIDESTEP R36
2441 SIDESTEP R37
2441 SIDESTEP R63
2441 SIDESTEP R65
2442 SIDESTEP R4
2442 SIDESTEP R26
2442 SIDESTEP R43
2442 SIDESTEP R55
2442 SIDESTEP R57
2442 DELIVER 829 R78 1411
2443 ASSIGN 836 R78 54
2443 SIDESTEP R5
2443 SIDESTEP R32
2443 SIDESTEP R33
2443 SIDESTEP R49
2443 SIDESTEP R52
2443 SIDESTEP R62
2443 PICK 846 R79
2444 SIDESTEP R19
2444 SIDESTEP R25
2444 SIDESTEP R35
2444 SIDESTEP R41
2445 SIDESTEP R1
2445 DELIVER 931 R14 1291
2445 SIDESTEP R47
2445 SIDESTEP R72
2446 ASSIGN 837 R14 75
2446 SIDESTEP R36
2446 SIDESTEP R37
2446 SIDESTEP R56
2446 SIDESTEP R63
2446 SIDESTEP R65
2447 SIDESTEP R4
2447 SIDESTEP R26
2447 PICK 877 R28
2447 SIDESTEP R40
2447 SIDESTEP R55
2447 SIDESTEP R57
2447 SIDESTEP R60
2448 CANCEL 1963
2448 SIDESTEP R5
2448 SIDESTEP R6
2448 SIDESTEP R33
2448 SIDESTEP R49
2448 DELIVER 812 R58 1442
2448 SIDESTEP R71
2448 SIDESTEP R79
2449 ASSIGN 838 R58 78
2449 SIDESTEP R13
2449 SIDESTEP R24
2449 SIDESTEP R25
2449 SIDESTEP R35
2449 SIDESTEP R41
2449 SIDESTEP R53
2449 REPORT pending=1042 aged=969 idle=0 to_pickup=22 delivering=22 to_charger=34 charging=0 dead=2 hot=13,2,16
2450 SIDESTEP R21
2450 SIDESTEP R52
2450 SIDESTEP R72
2451 SIDESTEP R36
2451 SIDESTEP R37
2451 SIDESTEP R56
2451 SIDESTEP R63
2451 SIDESTEP R65
2452 SIDESTEP R1
2452 SIDESTEP R4
2452 SIDESTEP R26
2452 SIDESTEP R60
2453 SIDESTEP R5
2453 SIDESTEP R33
2453 SIDESTEP R49
2453 SIDESTEP R71
2454 PICK 833 R2
2454 SIDESTEP R11
2454 SIDESTEP R24
2454 SIDESTEP R25
2454 SIDESTEP R35
2454 SIDESTEP R40
2454 SIDESTEP R41
2454 SIDESTEP R53
2454 SIDESTEP R67
2455 SIDESTEP R13
2455 SIDESTEP R21
2455 SIDESTEP R31
2455 SIDESTEP R72
2455 SIDESTEP R79
2456 SIDESTEP R52
2456 SIDESTEP R56
2456 SIDESTEP R65
2457 SIDESTEP R1
2457 SIDESTEP R4
2458 SIDESTEP R5
2458 SIDESTEP R26
2458 SIDESTEP R33
2458 SIDESTEP R36
2458 SIDESTEP R37
2458 SIDESTEP R57
2459 SIDESTEP R9
2459 SIDESTEP R35
2459 SIDESTEP R41
2459 SIDESTEP R59
2460 SIDESTEP R21
2460 SIDESTEP R24
2460 SIDESTEP R31
2460 SIDESTEP R40
2460 SIDESTEP R47
2460 SIDESTEP R72
2461 SIDESTEP R65
2462 SIDESTEP R4
2462 SIDESTEP R52
2462 DELIVER 825 R54 1437
2463 ASSIGN 839 R54 56
2463 DELIVER 859 R10 1398
2463 SIDESTEP R33
2463 SIDESTEP R36
2463 SIDESTEP R37
2463 SIDESTEP R63
2463 DELIVER 849 R68 1408
2464 ASSIGN 841 R10 46
2464 GO_CHARGE R68 55 1
2464 SIDESTEP R13
2464 SIDESTEP R35
2464 SIDESTEP R53
2464 SIDESTEP R57
2464 SIDESTEP R67
2465 SIDESTEP R5
2465 SIDESTEP R21
2465 SIDESTEP R24
2465 SIDESTEP R25
2465 SIDESTEP R31
2465 SIDESTEP R41
2465 SIDESTEP R47
2465 SIDESTEP R49
2465 SIDESTEP R55
2465 SIDESTEP R62
2465 SIDESTEP R79
2466 SIDESTEP R6
2466 SIDESTEP R43
2466 SIDESTEP R65
2466 SIDESTEP R73
2467 SIDESTEP R4
2467 SIDESTEP R52
2467 SIDESTEP R74
2468 SIDESTEP R37
2469 SIDESTEP R13
2469 SIDESTEP R33
2469 SIDESTEP R35
2469 PICK 875 R48
2469 SIDESTEP R53
2469 SIDESTEP R57
2469 SIDESTEP R67
2470 SIDESTEP R11
2470 SIDESTEP R24
2470 SIDESTEP R25
2470 SIDESTEP R41
2470 SIDESTEP R47
2470 SIDESTEP R49
2470 SIDESTEP R55
2470 SIDESTEP R56
2470 SIDESTEP R62
2471 SIDESTEP R1
2471 SIDESTEP R6
2471 PICK 935 R15
2471 SIDESTEP R65
2471 SIDESTEP R70
2471 SIDESTEP R71
2472 SIDESTEP R4
2472 PICK 831 R12
2472 SIDESTEP R52
2472 SIDESTEP R74
2473 PICK 894 R16
2473 SIDESTEP R37
2473 PICK 962 R77
2474 SIDESTEP R13
2474 PICK 958 R20
2474 SIDESTEP R33
2474 SIDESTEP R53
2475 SIDESTEP R21
2475 SIDESTEP R35
2475 DELIVER 862 R51 1406
2475 SIDESTEP R55
2475 SIDESTEP R56
2476 ASSIGN 1026 R51 60
2476 SIDESTEP R1
2476 SIDESTEP R24
2476 SIDESTEP R26
2476 SIDESTEP R31
2476 SIDESTEP R36
2476 SIDESTEP R65
2477 SIDESTEP R4
2477 SIDESTEP R29
2477 SIDESTEP R52
2477 SIDESTEP R74
2478 SIDESTEP R37
2478 SIDESTEP R57
2478 SIDESTEP R67
2479 SIDESTEP R6
2479 SIDESTEP R11
2479 DELIVER 871 R45 1400
2480 ASSIGN 843 R45 66
2480 SIDESTEP R13
2480 DELIVER 877 R28 1395
2480 PICK 964 R34
2480 SIDESTEP R49
2480 SIDESTEP R70
2481 ASSIGN 847 R28 30
2481 SIDESTEP R1
2481 SIDESTEP R26
2481 SIDESTEP R31
2481 SIDESTEP R35
2481 SIDESTEP R36
2481 SIDESTEP R43
2481 SIDESTEP R53
2481 SIDESTEP R56
2481 SIDESTEP R62
2481 SIDESTEP R65
2482 SIDESTEP R4
2482 SIDESTEP R24
2482 SIDESTEP R29
2482 SIDESTEP R32
2482 SIDESTEP R33
2483 SIDESTEP R57
2484 SIDESTEP R11
2485 SIDESTEP R21
2485 SIDESTEP R49
2485 SIDESTEP R70
2486 PICK 783 R0
2486 SIDESTEP R1
2486 SIDESTEP R36
2486 SIDESTEP R43
2486 SIDESTEP R56
2486 SIDESTEP R65
2487 SIDESTEP R4
2487 SIDESTEP R6
2487 SIDESTEP R13
2487 SIDESTEP R25
2487 SIDESTEP R29
2487 SIDESTEP R32
2487 SIDESTEP R41
2487 SIDESTEP R63
2487 SIDESTEP R67
2488 SIDESTEP R33
2488 SIDESTEP R57
2488 SIDESTEP R62
2489 SIDESTEP R11
2489 DELIVER 758 R19 1553
2489 DEAD R29
2489 SIDESTEP R53
2489 SIDESTEP R55
2490 ASSIGN 848 R19 84
2490 SIDESTEP R35
2490 SIDESTEP R49
2490 SIDESTEP R52
2490 SIDESTEP R70
2490 SIDESTEP R79
2491 SIDESTEP R31
2491 SIDESTEP R36
2491 PICK 885 R38
2491 SIDESTEP R40
2491 SIDESTEP R56
2491 SIDESTEP R65
2492 SIDESTEP R4
2492 SIDESTEP R13
2492 SIDESTEP R21
2492 PICK 957 R30
2492 SIDESTEP R63
2492 SIDESTEP R67
2493 DELIVER 894 R16 1386
2493 SIDESTEP R25
2493 SIDESTEP R33
2493 SIDESTEP R59
2494 ASSIGN 1040 R16 90
2494 PICK 891 R3
2494 PICK 946 R17
2494 SIDESTEP R24
2494 SIDESTEP R53
2495 REJECT 2009
2495 SIDESTEP R32
2495 SIDESTEP R35
2495 SIDESTEP R41
2495 SIDESTEP R49
2495 SIDESTEP R52
2495 SIDESTEP R71
2496 SIDESTEP R11
2496 SIDESTEP R31
2496 SIDESTEP R37
2496 SIDESTEP R40
2496 SIDESTEP R47
2496 SIDESTEP R56
2496 SIDESTEP R62
2496 SIDESTEP R65
2496 SIDESTEP R70
2496 PICK 836 R78
2497 CANCEL 1889
2497 SIDESTEP R4
2497 SIDESTEP R6
2497 SIDESTEP R13
2497 SIDESTEP R21
2497 SIDESTEP R26
2497 SIDESTEP R57
2498 SIDESTEP R1
2498 SIDESTEP R5
2498 SIDESTEP R59
2498 SIDESTEP R60
2499 SIDESTEP R63
2499 REPORT pending=1074 aged=998 idle=0 to_pickup=15 delivering=28 to_charger=34 charging=0 dead=3 hot=6,2,16
2500 SIDESTEP R25
2500 SIDESTEP R32
2500 SIDESTEP R49
2500 SIDESTEP R53
2501 SIDESTEP R11
2501 SIDESTEP R62
2501 SIDESTEP R65
2501 SIDESTEP R70
2501 SIDESTEP R71
2501 SIDESTEP R79
2502 RESCUE R64
2502 ASSIGN 1044 R64 71
2502 SIDESTEP R4
2502 SIDESTEP R13
2502 SIDESTEP R21
2502 SIDESTEP R26
2502 SIDESTEP R43
2502 SIDESTEP R52
2502 SIDESTEP R55
2503 SIDESTEP R1
2503 SIDESTEP R5
2503 SIDESTEP R31
2503 SIDESTEP R35
2503 SIDESTEP R36
2503 SIDESTEP R57
2503 SIDESTEP R59
2505 PICK 951 R7
2505 SIDESTEP R25
2505 SIDESTEP R32
2506 SIDESTEP R6
2506 SIDESTEP R62
2506 SIDESTEP R65
2506 SIDESTEP R71
2506 SIDESTEP R79
2507 SIDESTEP R4
2507 SIDESTEP R9
2507 DELIVER 958 R20 1320
2507 SIDESTEP R21
2507 CHARGE R24
2507 SIDESTEP R26
2507 CHARGE R49
2507 SIDESTEP R52
2507 SIDESTEP R55
2508 ASSIGN 1050 R20 85
2508 SIDESTEP R1
2508 SIDESTEP R31
2508 SIDESTEP R35
2508 SIDESTEP R36
2508 SIDESTEP R40
2508 SIDESTEP R56
2508 SIDESTEP R57
2508 SIDESTEP R59
2509 PICK 841 R10
2509 SIDESTEP R11
2509 PICK 834 R42
2509 SIDESTEP R53
2510 RESCUE R75
2510 ASSIGN 850 R75 60
2510 SIDESTEP R5
2510 SIDESTEP R32
2510 SIDESTEP R64
2511 DELIVER 815 R44 1502
2511 SIDESTEP R65
2512 ASSIGN 854 R44 68
2512 SIDESTEP R4
2512 SIDESTEP R9
2512 SIDESTEP R41
2512 SIDESTEP R52
2512 SIDESTEP R55
2513 SIDESTEP R1
2513 SIDESTEP R31
2513 SIDESTEP R35
2513 SIDESTEP R36
2513 SIDESTEP R37
2513 SIDESTEP R40
2513 SIDESTEP R56
2513 SIDESTEP R59
2514 SIDESTEP R13
2514 SIDESTEP R25
2514 DELIVER 882 R46 1421
2514 SIDESTEP R53
2514 SIDESTEP R57
2515 ASSIGN 856 R46 103
2515 SIDESTEP R6
2515 SIDESTEP R11
2515 SIDESTEP R26
2515 SIDESTEP R32
2515 SIDESTEP R43
2515 SIDESTEP R63
2515 SIDESTEP R64
2515 SIDESTEP R70
2515 SIDESTEP R71
2515 SIDESTEP R79
2516 SIDESTEP R33
2516 SIDESTEP R62
2517 CANCEL 1922
2517 SIDESTEP R4
2517 SIDESTEP R41
2517 SIDESTEP R52
2517 SIDESTEP R60
2518 SIDESTEP R31
2518 SIDESTEP R35
2518 SIDESTEP R36
2518 PICK 839 R54
2518 SIDESTEP R56
2518 SIDESTEP R59
2519 SIDESTEP R13
2519 SIDESTEP R21
2519 SIDESTEP R53
2519 SIDESTEP R57
2520 SIDESTEP R11
2520 PICK 837 R14
2520 SIDESTEP R26
2520 SIDESTEP R43
2520 SIDESTEP R55
2520 SIDESTEP R63
2520 SIDESTEP R70
2521 SIDESTEP R32
2521 SIDESTEP R33
2521 SIDESTEP R79
2522 SIDESTEP R25
2522 SIDESTEP R60
2522 SIDESTEP R67
2522 DELIVER 826 R74 1496
2523 CHARGED R49
2523 ASSIGN 981 R49 44
2523 ASSIGN 857 R74 72
2523 SIDESTEP R56
2523 SIDESTEP R59
2524 SIDESTEP R6
2524 SIDESTEP R13
2524 SIDESTEP R21
2524 SIDESTEP R41
2524 SIDESTEP R57
2524 SIDESTEP R62
2525 CHARGED R24
2525 ASSIGN 906 R24 80
2525 SIDESTEP R1
2525 SIDESTEP R5
2525 SIDESTEP R11
2525 PICK 900 R22
2525 SIDESTEP R26
2525 SIDESTEP R37
2525 SIDESTEP R53
2525 SIDESTEP R55
2525 SIDESTEP R70
2526 SIDESTEP R32
2526 SIDESTEP R33
2526 SIDESTEP R48
2526 PICK 838 R58
2527 SIDESTEP R20
2527 SIDESTEP R25
2527 SIDESTEP R40
2527 SIDESTEP R63
2528 SIDESTEP R0
2528 SIDESTEP R56
2528 SIDESTEP R59
2528 DELIVER 836 R78 1489
2529 ASSIGN 907 R78 88
2529 SIDESTEP R6
2529 SIDESTEP R13
2529 SIDESTEP R21
2529 SIDESTEP R24
2529 SIDESTEP R57
2529 SIDESTEP R64
2530 SIDESTEP R1
2530 SIDESTEP R5
2530 SIDESTEP R9
2530 SIDESTEP R11
2530 SIDESTEP R26
2530 SIDESTEP R36
2530 SIDESTEP R55
2530 SIDESTEP R67
2530 SIDESTEP R70
2530 SIDESTEP R71
2531 SIDESTEP R43
2531 SIDESTEP R48
2531 PICK 976 R61
2531 SIDESTEP R62
2532 CHARGE R8
2532 SIDESTEP R52
2532 SIDESTEP R60
2532 SIDESTEP R68
2533 DELIVER 957 R30 1347
2533 SIDESTEP R45
2533 SIDESTEP R59
2533 SIDESTEP R63
2534 GO_CHARGE R30 20 1
2534 SIDESTEP R6
2534 SIDESTEP R13
2534 SIDESTEP R21
2534 SIDESTEP R57
2535 SIDESTEP R1
2535 DEAD R4
2535 LOST 952
2535 SIDESTEP R5
2535 SIDESTEP R9
2535 SIDESTEP R26
2535 SIDESTEP R36
2535 SIDESTEP R37
2535 SIDESTEP R40
2535 PICK 1026 R51
2535 SIDESTEP R71
2536 SIDESTEP R31
2536 SIDESTEP R35
2537 SIDESTEP R52
2537 SIDESTEP R60
2537 DELIVER 827 R73 1510
2538 ASSIGN 910 R73 52
2538 SIDESTEP R41
2538 SIDESTEP R43
2538 SIDESTEP R68
2539 SIDESTEP R57
2540 CHARGE R18
2540 SIDESTEP R37
2540 SIDESTEP R40
2540 PICK 905 R50
2540 SIDESTEP R71
2541 SIDESTEP R6
2541 SIDESTEP R32
2541 SIDESTEP R53
2541 SIDESTEP R55
2541 DELIVER 822 R72 1520
2542 ASSIGN 916 R72 73
2542 SIDESTEP R1
2542 DELIVER 946 R17 1371
2542 SIDESTEP R21
2542 SIDESTEP R36
2542 SIDESTEP R69
2543 ASSIGN 918 R17 10
2543 SIDESTEP R13
2543 SIDESTEP R31
2543 SIDESTEP R52
2543 SIDESTEP R64
2543 SIDESTEP R67
2544 SIDESTEP R54
2544 SIDESTEP R60
2544 SIDESTEP R62
2544 CHARGE R76
2545 SIDESTEP R37
2545 SIDESTEP R47
2545 SIDESTEP R57
2545 SIDESTEP R71
2546 SIDESTEP R6
2546 PICK 847 R28
2546 SIDESTEP R32
2546 DELIVER 875 R48 1463
2546 SIDESTEP R53
2546 SIDESTEP R55
2546 SIDESTEP R56
2547 ASSIGN 920 R48 90
2547 SIDESTEP R1
2547 SIDESTEP R5
2547 SIDESTEP R36
2547 SIDESTEP R68
2547 SIDESTEP R69
2548 CHARGED R8
2548 ASSIGN 921 R8 46
2548 DELIVER 783 R0 1581
2548 SIDESTEP R19
2548 SIDESTEP R31
2548 SIDESTEP R35
2549 ASSIGN 923 R0 20
2549 SIDESTEP R13
2549 SIDESTEP R52
2549 SIDESTEP R60
2549 SIDESTEP R62
2549 SIDESTEP R64
2549 SIDESTEP R67
2549 SIDESTEP R79
2549 REPORT pending=1098 aged=1018 idle=0 to_pickup=19 delivering=27 to_charger=30 charging=2 dead=2 hot=5,2,17
2550 DELIVER 833 R2 1514
2550 DELIVER 964 R34 1355
2550 SIDESTEP R41
2550 SIDESTEP R47
2550 SIDESTEP R63
2550 SIDESTEP R71
2551 ASSIGN 925 R2 72
2551 GO_CHARGE R34 83 1
2551 SIDESTEP R6
2551 SIDESTEP R9
2551 SIDESTEP R32
2551 SIDESTEP R53
2551 SIDESTEP R54
2551 SIDESTEP R56
2551 DELIVER 879 R59 1464
2552 ASSIGN 926 R59 37
2552 SIDESTEP R1
2552 SIDESTEP R5
2552 PICK 918 R17
2552 SIDESTEP R25
2552 PICK 843 R45
2552 SIDESTEP R68
2552 SIDESTEP R69
2552 SIDESTEP R70
2552 DELIVER 962 R77 1361
2553 ASSIGN 1001 R77 66
2553 SIDESTEP R19
2553 SIDESTEP R31
2554 SIDESTEP R49
2554 SIDESTEP R62
2555 SIDESTEP R41
2555 SIDESTEP R43
2555 SIDESTEP R60
2556 CHARGED R18
2556 ASSIGN 1004 R18 38
2556 SIDESTEP R6
2556 SIDESTEP R32
2556 SIDESTEP R37
2556 SIDESTEP R56
2557 SIDESTEP R1
2557 SIDESTEP R5
2557 SIDESTEP R21
2557 SIDESTEP R25
2557 SIDESTEP R54
2557 SIDESTEP R64
2557 SIDESTEP R67
2557 SIDESTEP R68
2557 SIDESTEP R70
2558 SIDESTEP R11
2558 SIDESTEP R13
2559 SIDESTEP R31
2559 SIDESTEP R40
2560 SIDESTEP R41
2560 SIDESTEP R43
2560 SIDESTEP R62
2560 SIDESTEP R79
2561 CHARGED R76
2561 ASSIGN 934 R76 98
2561 SIDESTEP R6
2561 SIDESTEP R37
2561 SIDESTEP R57
2561 SIDESTEP R60
2562 SIDESTEP R25
2562 SIDESTEP R33
2562 SIDESTEP R47
2562 SIDESTEP R70
2563 SIDESTEP R9
2563 SIDESTEP R11
2563 SIDESTEP R26
2563 SIDESTEP R63
2563 SIDESTEP R67
2564 SIDESTEP R10
2564 SIDESTEP R13
2564 SIDESTEP R31
2564 SIDESTEP R40
2564 SIDESTEP R53
2564 SIDESTEP R64
2565 SIDESTEP R1
2565 SIDESTEP R21
2565 SIDESTEP R36
2566 CANCEL 1985
2566 SIDESTEP R35
2566 SIDESTEP R37
2566 SIDESTEP R41
2566 SIDESTEP R60
2566 SIDESTEP R68
2567 SIDESTEP R19
2567 SIDESTEP R32
2567 SIDESTEP R33
2567 SIDESTEP R47
2567 SIDESTEP R56
2567 SIDESTEP R57
2568 PICK 923 R0
2568 SIDESTEP R11
2568 SIDESTEP R26
2568 SIDESTEP R67
2569 SIDESTEP R10
2569 SIDESTEP R13
2569 SIDESTEP R40
2569 SIDESTEP R53
2569 SIDESTEP R54
2569 SIDESTEP R72
2569 PICK 850 R75
2569 SIDESTEP R79
2570 SIDESTEP R1
2570 SIDESTEP R21
2570 SIDESTEP R36
2570 PICK 981 R49
2570 SIDESTEP R52
2570 SIDESTEP R62
2571 SIDESTEP R69
2572 SIDESTEP R19
2572 SIDESTEP R33
2572 SIDESTEP R47
2572 SIDESTEP R57
2572 SIDESTEP R71
2573 SIDESTEP R37
2573 DELIVER 885 R38 1477
2573 SIDESTEP R67
2573 SIDESTEP R68
2574 ASSIGN 861 R38 32
2574 SIDESTEP R26
2574 SIDESTEP R31
2574 SIDESTEP R32
2574 SIDESTEP R40
2574 SIDESTEP R55
2574 SIDESTEP R56
2574 SIDESTEP R60
2575 SIDESTEP R1
2575 SIDESTEP R11
2575 DELIVER 831 R12 1542
2575 SIDESTEP R21
2575 SIDESTEP R36
2575 SIDESTEP R52
2575 SIDESTEP R54
2575 SIDESTEP R58
2575 SIDESTEP R62
2575 SIDESTEP R70
2575 SIDESTEP R79
2576 ASSIGN 863 R12 51
2576 SIDESTEP R9
2576 SIDESTEP R35
2576 DELIVER 834 R42 1539
2576 SIDESTEP R43
2576 SIDESTEP R69
2577 ASSIGN 864 R42 78
2577 SIDESTEP R19
2577 SIDESTEP R47
2577 SIDESTEP R71
2577 SIDESTEP R74
2578 SIDESTEP R5
2578 SIDESTEP R67
2579 PICK 854 R44
2579 SIDESTEP R55
2579 SIDESTEP R60
2579 SIDESTEP R61
2580 SIDESTEP R11
2580 SIDESTEP R21
2580 SIDESTEP R31
2580 SIDESTEP R36
2580 SIDESTEP R37
2580 SIDESTEP R52
2580 SIDESTEP R53
2580 SIDESTEP R54
2580 SIDESTEP R57
2580 SIDESTEP R68
2580 SIDESTEP R79
2581 SIDESTEP R9
2581 SIDESTEP R26
2581 SIDESTEP R32
2581 SIDESTEP R41
2581 SIDESTEP R56
2582 DELIVER 841 R10 1537
2582 SIDESTEP R35
2582 DEAD R41
2582 SIDESTEP R43
2582 SIDESTEP R58
2582 SIDESTEP R71
2583 CANCEL 1945
2583 ASSIGN 865 R10 47
2583 SIDESTEP R1
2583 SIDESTEP R5
2583 SIDESTEP R13
2583 PICK 1040 R16
2583 SIDESTEP R67
2583 SIDESTEP R73
2584 SIDESTEP R48
2584 SIDESTEP R55
2584 SIDESTEP R60
2584 SIDESTEP R63
2585 SIDESTEP R21
2585 SIDESTEP R53
2585 SIDESTEP R54
2586 DELIVER 891 R3 1482
2586 SIDESTEP R6
2586 SIDESTEP R70
2587 GO_CHARGE R3 13 1
2587 SIDESTEP R30
2587 SIDESTEP R33
2587 SIDESTEP R37
2587 SIDESTEP R71
2588 SIDESTEP R1
2588 SIDESTEP R13
2588 SIDESTEP R14
2588 DELIVER 918 R17 1450
2588 SIDESTEP R32
2588 SIDESTEP R43
2588 PICK 926 R59
2588 SIDESTEP R67
2589 ASSIGN 866 R17 93
2589 SIDESTEP R9
2589 SIDESTEP R31
2589 SIDESTEP R36
2589 SIDESTEP R48
2589 SIDESTEP R52
2589 SIDESTEP R55
2589 SIDESTEP R60
2589 SIDESTEP R62
2589 SIDESTEP R63
2590 SIDESTEP R35
2590 SIDESTEP R79
2591 RESCUE R29
2591 ASSIGN 867 R29 70
2591 SIDESTEP R6
2591 SIDESTEP R40
2591 SIDESTEP R57
2591 SIDESTEP R70
2592 SIDESTEP R26
2592 SIDESTEP R30
2592 SIDESTEP R33
2592 SIDESTEP R37
2592 DELIVER 976 R61 1382
2592 SIDESTEP R71
2593 GO_CHARGE R61 48 1
2593 PICK 921 R8
2593 SIDESTEP R54
2594 PICK 1004 R18
2594 SIDESTEP R36
2594 SIDESTEP R43
2594 SIDESTEP R48
2594 SIDESTEP R52
2594 SIDESTEP R60
2595 SIDESTEP R1
2595 SIDESTEP R21
2595 SIDESTEP R31
2595 SIDESTEP R35
2595 SIDESTEP R55
2595 SIDESTEP R56
2595 SIDESTEP R68
2596 SIDESTEP R6
2596 SIDESTEP R32
2596 SIDESTEP R40
2596 DELIVER 1026 R51 1321
2596 SIDESTEP R53
2596 SIDESTEP R57
2597 GO_CHARGE R51 62 1
2597 SIDESTEP R5
2597 SIDESTEP R13
2597 SIDESTEP R26
2597 SIDESTEP R63
2597 SIDESTEP R70
2597 SIDESTEP R79
2598 SIDESTEP R47
2598 SIDESTEP R54
2598 DELIVER 823 R69 1576
2598 PICK 857 R74
2599 ASSIGN 868 R69 36
2599 SIDESTEP R25
2599 SIDESTEP R43
2599 SIDESTEP R48
2599 REPORT pending=1117 aged=1044 idle=0 to_pickup=20 delivering=25 to_charger=33 charging=0 dead=2 hot=4,2,17
2600 SIDESTEP R1
2600 SIDESTEP R9
2600 SIDESTEP R21
2600 SIDESTEP R22
2600 SIDESTEP R31
2600 SIDESTEP R60
2600 DELIVER 924 R65 1454
2601 GO_CHARGE R65 76 1
2601 SIDESTEP R32
2601 SIDESTEP R37
2601 SIDESTEP R40
2601 SIDESTEP R53
2601 SIDESTEP R68
2602 SIDESTEP R13
2602 SIDESTEP R26
2602 SIDESTEP R35
2602 SIDESTEP R55
2602 SIDESTEP R70
2603 SIDESTEP R3
2603 SIDESTEP R11
2603 PICK 1050 R20
2603 SIDESTEP R63
2603 SIDESTEP R67
2604 SIDESTEP R36
2604 SIDESTEP R48
2604 SIDESTEP R52
2605 SIDESTEP R1
2605 SIDESTEP R9
2605 SIDESTEP R22
2605 PICK 861 R38
2605 SIDESTEP R47
2606 SIDESTEP R5
2606 DELIVER 935 R15 1446
2606 DELIVER 847 R28 1554
2606 SIDESTEP R32
2606 SIDESTEP R37
2606 SIDESTEP R53
2606 SIDESTEP R54
2606 SIDESTEP R57
2606 SIDESTEP R58
2606 SIDESTEP R68
2607 ASSIGN 869 R28 9
2607 ASSIGN 870 R15 99
2607 SIDESTEP R13
2607 SIDESTEP R43
2607 SIDESTEP R70
2608 SIDESTEP R3
2608 SIDESTEP R11
2608 SIDESTEP R56
2608 SIDESTEP R60
2609 DELIVER 951 R7 1430
2609 SIDESTEP R52
2609 SIDESTEP R69
2610 GO_CHARGE R7 69 1
2610 SIDESTEP R1
2610 SIDESTEP R9
2610 SIDESTEP R21
2610 SIDESTEP R22
2610 SIDESTEP R47
2610 SIDESTEP R62
2611 SIDESTEP R57
2611 SIDESTEP R58
2611 DELIVER 796 R63 1628
2611 SIDESTEP R71
2612 ASSIGN 872 R63 20
2612 SIDESTEP R6
2612 SIDESTEP R13
2612 SIDESTEP R31
2612 SIDESTEP R36
2612 SIDESTEP R54
2612 SIDESTEP R67
2613 SIDESTEP R3
2613 SIDESTEP R11
2613 SIDESTEP R35
2613 SIDESTEP R43
2613 SIDESTEP R56
2613 SIDESTEP R60
2614 SIDESTEP R53
2615 SIDESTEP R1
2615 SIDESTEP R9
2615 SIDESTEP R10
2615 SIDESTEP R22
2615 SIDESTEP R26
2615 PICK 869 R28
2615 SIDESTEP R47
2615 SIDESTEP R55
2615 SIDESTEP R62
2615 SIDESTEP R70
2616 SIDESTEP R33
2616 SIDESTEP R40
2616 SIDESTEP R58
2616 SIDESTEP R71
2617 SIDESTEP R13
2617 PICK 906 R24
2617 SIDESTEP R31
2617 SIDESTEP R36
2617 PICK 856 R46
2617 SIDESTEP R54
2617 SIDESTEP R67
2617 SIDESTEP R69
2618 SIDESTEP R3
2618 SIDESTEP R34
2618 SIDESTEP R35
2618 SIDESTEP R56
2618 SIDESTEP R60
2618 PICK 1001 R77
2619 SIDESTEP R32
2619 DELIVER 843 R45 1572
2619 SIDESTEP R52
2619 SIDESTEP R53
2620 ASSIGN 873 R45 94
2620 SIDESTEP R22
2620 SIDESTEP R26
2620 SIDESTEP R47
2620 SIDESTEP R55
2620 SIDESTEP R62
2620 SIDESTEP R70
2620 SIDESTEP R79
2621 SIDESTEP R21
2621 SIDESTEP R71
2622 SIDESTEP R13
2622 SIDESTEP R29
2622 SIDESTEP R31
2622 SIDESTEP R36
2622 SIDESTEP R57
2622 SIDESTEP R58
2622 SIDESTEP R67
2623 SIDESTEP R43
2624 SIDESTEP R6
2624 PICK 848 R19
2624 SIDESTEP R32
2624 SIDESTEP R33
2624 SIDESTEP R35
2625 PICK 925 R2
2625 SIDESTEP R22
2625 SIDESTEP R26
2625 SIDESTEP R47
2625 SIDESTEP R55
2625 SIDESTEP R56
2625 SIDESTEP R70
2626 SIDESTEP R11
2626 PICK 863 R12
2626 SIDESTEP R52
2627 CANCEL 2048
2627 SIDESTEP R36
2627 SIDESTEP R58
2627 SIDESTEP R69
2627 SIDESTEP R71
2627 PICK 910 R73
2628 SIDESTEP R40
2628 SIDESTEP R67
2628 PICK 916 R72
2629 SIDESTEP R31
2629 SIDESTEP R32
2629 SIDESTEP R35
2629 SIDESTEP R68
2629 SIDESTEP R79
2630 SIDESTEP R21
2630 SIDESTEP R25
2630 SIDESTEP R43
2630 SIDESTEP R56
2630 PICK 907 R78
2631 SIDESTEP R3
2631 DELIVER 837 R14 1591
2631 SIDESTEP R29
2631 SIDESTEP R54
2631 DELIVER 926 R59 1483
2632 ASSIGN 874 R14 103
2632 ASSIGN 878 R59 69
2632 SIDESTEP R47
2632 SIDESTEP R48
2632 SIDESTEP R58
2632 SIDESTEP R62
2633 PICK 865 R10
2633 SIDESTEP R40
2634 SIDESTEP R11
2634 SIDESTEP R32
2634 SIDESTEP R35
2634 SIDESTEP R67
2634 SIDESTEP R69
2634 SIDESTEP R77
2635 RESCUE R4
2635 ASSIGN 883 R4 51
2635 SIDESTEP R21
2635 SIDESTEP R25
2635 SIDESTEP R26
2635 SIDESTEP R36
2635 SIDESTEP R43
2635 SIDESTEP R56
2635 SIDESTEP R57
2635 SIDESTEP R68
2636 SIDESTEP R1
2636 SIDESTEP R3
2636 SIDESTEP R6
2636 SIDESTEP R33
2636 SIDESTEP R37
2636 SIDESTEP R52
2636 SIDESTEP R54
2636 PICK 1044 R64
2637 SIDESTEP R31
2637 SIDESTEP R42
2637 DELIVER 854 R44 1577
2638 ASSIGN 886 R44 15
2638 SIDESTEP R13
2638 SIDESTEP R73
2639 SIDESTEP R11
2639 SIDESTEP R32
2639 SIDESTEP R35
2639 SIDESTEP R48
2639 SIDESTEP R67
2639 SIDESTEP R71
2640 SIDESTEP R21
2640 SIDESTEP R25
2640 SIDESTEP R26
2640 SIDESTEP R43
2640 SIDESTEP R57
2641 SIDESTEP R1
2641 SIDESTEP R3
2641 SIDESTEP R5
2641 SIDESTEP R6
2641 SIDESTEP R33
2641 SIDESTEP R37
2641 SIDESTEP R52
2641 SIDESTEP R54
2641 SIDESTEP R56
2641 SIDESTEP R61
2642 SIDESTEP R62
2642 PICK 872 R63
2643 SIDESTEP R13
2644 SIDESTEP R11
2644 SIDESTEP R30
2644 SIDESTEP R32
2644 SIDESTEP R35
2644 SIDESTEP R36
2644 SIDESTEP R68
2644 SIDESTEP R71
2645 SIDESTEP R21
2645 SIDESTEP R55
2645 SIDESTEP R57
2645 SIDESTEP R67
2645 SIDESTEP R69
2645 SIDESTEP R73
2646 SIDESTEP R1
2646 SIDESTEP R5
2646 SIDESTEP R6
2646 SIDESTEP R9
2646 SIDESTEP R31
2646 SIDESTEP R33
2646 SIDESTEP R37
2646 SIDESTEP R53
2646 SIDESTEP R54
2646 SIDESTEP R61
2646 SIDESTEP R79
2647 SIDESTEP R51
2647 SIDESTEP R62
2648 SIDESTEP R13
2648 SIDESTEP R47
2649 SIDESTEP R30
2649 SIDESTEP R32
2649 SIDESTEP R35
2649 SIDESTEP R36
2649 SIDESTEP R52
2649 SIDESTEP R56
2649 REPORT pending=1149 aged=1075 idle=0 to_pickup=13 delivering=31 to_charger=35 charging=0 dead=1 hot=5,2,16
2650 SIDESTEP R55
2650 SIDESTEP R67
2650 SIDESTEP R73
2651 SIDESTEP R5
2651 SIDESTEP R6
2651 SIDESTEP R9
2651 SIDESTEP R21
2651 SIDESTEP R31
2651 DELIVER 861 R38 1583
2651 SIDESTEP R53
2651 SIDESTEP R61
2652 ASSIGN 887 R38 121
2652 SIDESTEP R11
2652 SIDESTEP R26
2652 PICK 886 R44
2652 SIDESTEP R51
2652 SIDESTEP R68
2652 SIDESTEP R76
2653 SIDESTEP R7
2655 SIDESTEP R67
2655 SIDESTEP R73
2656 SIDESTEP R19
2656 SIDESTEP R21
2656 SIDESTEP R53
2656 SIDESTEP R61
2656 SIDESTEP R62
2657 SIDESTEP R5
2657 SIDESTEP R9
2657 SIDESTEP R11
2657 SIDESTEP R26
2657 SIDESTEP R31
2657 SIDESTEP R51
2657 SIDESTEP R68
2657 SIDESTEP R76
2658 SIDESTEP R3
2658 SIDESTEP R6
2658 SIDESTEP R7
2658 SIDESTEP R28
2659 SIDESTEP R24
2659 SIDESTEP R35
2659 SIDESTEP R36
2659 SIDESTEP R55
2659 SIDESTEP R71
2659 DELIVER 850 R75 1603
2660 ASSIGN 1009 R75 123
2660 CHARGE R34
2660 SIDESTEP R67
2661 SIDESTEP R20
2661 DEAD R36
2661 PICK 864 R42
2661 SIDESTEP R53
2661 SIDESTEP R57
2661 SIDESTEP R58
2661 SIDESTEP R61
2662 SIDESTEP R11
2662 SIDESTEP R26
2662 SIDESTEP R51
2662 SIDESTEP R68
2662 SIDESTEP R76
2663 DELIVER 923 R0 1518
2663 SIDESTEP R3
2663 SIDESTEP R21
2663 SIDESTEP R28
2663 SIDESTEP R37
2663 DELIVER 857 R74 1600
2664 ASSIGN 1096 R0 73
2664 GO_CHARGE R74 34 1
2664 SIDESTEP R24
2664 SIDESTEP R52
2665 SIDESTEP R67
2666 SIDESTEP R57
2666 SIDESTEP R58
2666 SIDESTEP R61
2666 SIDESTEP R70
2667 SIDESTEP R11
2667 DELIVER 1004 R18 1422
2667 SIDESTEP R26
2667 SIDESTEP R51
2667 SIDESTEP R68
2668 ASSIGN 941 R18 101
2668 SIDESTEP R3
2668 SIDESTEP R21
2668 SIDESTEP R28
2668 SIDESTEP R37
2668 SIDESTEP R55
2668 SIDESTEP R56
2668 SIDESTEP R71
2669 SIDESTEP R24
2669 SIDESTEP R59
2669 SIDESTEP R73
2670 SIDESTEP R19
2670 DELIVER 856 R46 1608
2670 SIDESTEP R67
2671 ASSIGN 944 R46 20
2671 SIDESTEP R58
2671 SIDESTEP R62
2671 DELIVER 872 R63 1591
2672 ASSIGN 1098 R63 97
2672 SIDESTEP R5
2672 SIDESTEP R9
2672 SIDESTEP R11
2672 SIDESTEP R26
2672 SIDESTEP R31
2672 SIDESTEP R51
2672 SIDESTEP R57
2672 SIDESTEP R68
2672 SIDESTEP R79
2673 SIDESTEP R3
2673 SIDESTEP R28
2673 SIDESTEP R32
2673 SIDESTEP R37
2673 SIDESTEP R55
2673 SIDESTEP R56
2673 SIDESTEP R69
2674 SIDESTEP R7
2674 SIDESTEP R24
2674 SIDESTEP R35
2674 SIDESTEP R73
2675 SIDESTEP R19
2675 SIDESTEP R67
2676 CHARGED R34
2676 ASSIGN 1109 R34 73
2676 DELIVER 981 R49 1459
2676 SIDESTEP R62
2676 SIDESTEP R70
2677 ASSIGN 950 R49 36
2677 SIDESTEP R6
2677 SIDESTEP R11
2677 SIDESTEP R26
2677 SIDESTEP R40
2677 SIDESTEP R43
2677 DELIVER 886 R44 1580
2677 SIDESTEP R47
2677 SIDESTEP R57
2677 SIDESTEP R58
2677 SIDESTEP R68
2678 ASSIGN 1110 R44 52
2678 SIDESTEP R1
2678 SIDESTEP R3
2678 SIDESTEP R30
2678 SIDESTEP R32
2678 SIDESTEP R54
2678 SIDESTEP R56
2678 SIDESTEP R79
2679 SIDESTEP R7
2679 SIDESTEP R24
2679 SIDESTEP R25
2679 SIDESTEP R52
2679 SIDESTEP R55
2680 SIDESTEP R19
2680 SIDESTEP R20
2680 SIDESTEP R21
2680 SIDESTEP R67
2680 SIDESTEP R71
2681 DELIVER 1040 R16 1389
2681 PICK 866 R17
2681 DELIVER 905 R50 1558
2681 SIDESTEP R53
2681 SIDESTEP R70
2681 PICK 934 R76
2682 ASSIGN 1031 R50 14
2682 GO_CHARGE R16 83 1
2682 SIDESTEP R5
2682 SIDESTEP R6
2682 SIDESTEP R9
2682 SIDESTEP R11
2682 SIDESTEP R26
2682 SIDESTEP R40
2682 SIDESTEP R43
2682 SIDESTEP R57
2682 SIDESTEP R58
2683 SIDESTEP R1
2683 SIDESTEP R30
2683 SIDESTEP R33
2683 SIDESTEP R54
2683 SIDESTEP R56
2683 SIDESTEP R79
2684 SIDESTEP R0
2684 SIDESTEP R7
2684 SIDESTEP R24
2684 SIDESTEP R25
2684 SIDESTEP R52
2684 SIDESTEP R55
2684 SIDESTEP R60
2685 PICK 883 R4
2685 SIDESTEP R21
2685 SIDESTEP R32
2685 SIDESTEP R35
2685 SIDESTEP R37
2685 SIDESTEP R67
2685 SIDESTEP R69
2685 SIDESTEP R71
2686 SIDESTEP R53
2686 SIDESTEP R62
2687 SIDESTEP R5
2687 SIDESTEP R11
2687 SIDESTEP R26
2687 SIDESTEP R40
2687 SIDESTEP R58
2687 SIDESTEP R70
2687 SIDESTEP R73
2688 SIDESTEP R30
2688 SIDESTEP R54
2689 SIDESTEP R24
2689 SIDESTEP R25
2689 SIDESTEP R52
2689 SIDESTEP R55
2689 SIDESTEP R60
2690 SIDESTEP R21
2690 SIDESTEP R32
2690 SIDESTEP R35
2690 SIDESTEP R37
2690 PICK 944 R46
2690 SIDESTEP R67
2690 SIDESTEP R69
2690 SIDESTEP R71
2691 SIDESTEP R7
2691 SIDESTEP R53
2692 SIDESTEP R3
2692 SIDESTEP R11
2692 SIDESTEP R26
2692 SIDESTEP R40
2692 SIDESTEP R73
2693 DELIVER 921 R8 1550
2693 SIDESTEP R30
2694 ASSIGN 954 R8 40
2694 DELIVER 925 R2 1547
2694 SIDESTEP R20
2694 SIDESTEP R24
2694 PICK 920 R48
2694 SIDESTEP R52
2694 SIDESTEP R55
2694 SIDESTEP R60
2694 SIDESTEP R70
2694 SIDESTEP R79
2695 RESCUE R41
2695 ASSIGN 959 R2 47
2695 ASSIGN 1033 R41 70
2695 SIDESTEP R6
2695 SIDESTEP R21
2695 SIDESTEP R37
2695 SIDESTEP R42
2695 SIDESTEP R43
2695 PICK 1031 R50
2695 SIDESTEP R67
2695 SIDESTEP R71
2696 SIDESTEP R5
2696 SIDESTEP R7
2696 SIDESTEP R9
2696 SIDESTEP R25
2696 SIDESTEP R33
2696 SIDESTEP R47
2696 SIDESTEP R53
2696 SIDESTEP R54
2696 SIDESTEP R56
2697 SIDESTEP R11
2697 SIDESTEP R26
2697 SIDESTEP R31
2697 SIDESTEP R35
2697 SIDESTEP R40
2697 SIDESTEP R73
2698 DELIVER 900 R22 1582
2698 SIDESTEP R30
2698 SIDESTEP R74
2699 CANCEL 2059
2699 ASSIGN 968 R22 72
2699 SIDESTEP R20
2699 SIDESTEP R24
2699 SIDESTEP R41
2699 SIDESTEP R52
2699 SIDESTEP R57
2699 SIDESTEP R60
2699 SIDESTEP R79
2699 REPORT pending=1177 aged=1093 idle=0 to_pickup=19 delivering=25 to_charger=35 charging=0 dead=1 hot=7,2,15
2700 SIDESTEP R1
2700 SIDESTEP R37
2700 SIDESTEP R42
2701 SIDESTEP R5
2701 SIDESTEP R7
2701 SIDESTEP R9
2701 SIDESTEP R33
2701 SIDESTEP R56
2701 SIDESTEP R70
2702 SIDESTEP R3
2702 SIDESTEP R11
2702 SIDESTEP R26
2702 SIDESTEP R73
2703 SIDESTEP R30
2703 SIDESTEP R40
2703 SIDESTEP R58
2703 SIDESTEP R67
2703 DELIVER 934 R76 1545
2704 ASSIGN 889 R76 68
2704 DELIVER 865 R10 1632
2704 SIDESTEP R24
2704 SIDESTEP R52
2704 SIDESTEP R57
2704 SIDESTEP R60
2705 ASSIGN 890 R10 54
2705 SIDESTEP R42
2705 SIDESTEP R75
2705 SIDESTEP R79
2706 SIDESTEP R7
2706 SIDESTEP R9
2706 SIDESTEP R33
2706 SIDESTEP R43
2706 SIDESTEP R47
2706 SIDESTEP R56
2706 PICK 878 R59
2706 SIDESTEP R62
2706 SIDESTEP R69
2707 SIDESTEP R1
2707 SIDESTEP R3
2707 SIDESTEP R5
2707 SIDESTEP R11
2707 SIDESTEP R26
2707 SIDESTEP R31
2707 SIDESTEP R35
2707 SIDESTEP R71
2708 SIDESTEP R30
2709 SIDESTEP R24
2709 DELIVER 944 R46 1540
2709 SIDESTEP R52
2709 SIDESTEP R60
2709 SIDESTEP R61
2710 ASSIGN 893 R46 63
2710 SIDESTEP R32
2710 SIDESTEP R41
2710 SIDESTEP R42
2710 SIDESTEP R79
2711 SIDESTEP R9
2711 SIDESTEP R20
2711 SIDESTEP R33
2711 SIDESTEP R50
2711 SIDESTEP R56
2711 SIDESTEP R58
2711 SIDESTEP R62
2711 SIDESTEP R67
2711 SIDESTEP R69
2711 SIDESTEP R70
2711 DELIVER 916 R72 1575
2712 GO_CHARGE R72 6 1
2712 SIDESTEP R1
2712 SIDESTEP R3
2712 SIDESTEP R11
2712 SIDESTEP R12
2712 SIDESTEP R26
2712 SIDESTEP R31
2712 SIDESTEP R35
2712 SIDESTEP R37
2712 PICK 950 R49
2712 SIDESTEP R71
2713 PICK 867 R29
2713 SIDESTEP R30
2713 SIDESTEP R47
2713 DEAD R71
2714 SIDESTEP R24
2714 SIDESTEP R52
2714 DEAD R56
2714 SIDESTEP R61
2714 SIDESTEP R74
2715 SIDESTEP R41
2715 SIDESTEP R42
2715 SIDESTEP R79
2716 SIDESTEP R20
2716 SIDESTEP R32
2716 SIDESTEP R57
2716 SIDESTEP R70
2717 SIDESTEP R1
2717 SIDESTEP R3
2717 SIDESTEP R11
2717 SIDESTEP R12
2717 PICK 870 R15
2717 SIDESTEP R21
2717 SIDESTEP R26
2717 SIDESTEP R31
2717 SIDESTEP R33
2717 SIDESTEP R35
2717 SIDESTEP R37
2717 PICK 873 R45
2718 SIDESTEP R7
2718 SIDESTEP R25
2718 SIDESTEP R30
2718 SIDESTEP R47
2718 SIDESTEP R63
2718 SIDESTEP R68
2719 SIDESTEP R24
2719 SIDESTEP R51
2719 SIDESTEP R62
2719 SIDESTEP R74
2719 SIDESTEP R76
2720 SIDESTEP R9
2720 SIDESTEP R19
2720 SIDESTEP R42
2721 CANCEL 2077
2721 SIDESTEP R57
2721 SIDESTEP R60
2722 SIDESTEP R1
2722 SIDESTEP R3
2722 SIDESTEP R11
2722 SIDESTEP R12
2722 SIDESTEP R26
2722 SIDESTEP R31
2722 SIDESTEP R33
2722 SIDESTEP R35
2722 SIDESTEP R37
2722 SIDESTEP R43
2723 SIDESTEP R7
2723 SIDESTEP R8
2723 SIDESTEP R25
2723 SIDESTEP R30
2723 SIDESTEP R32
2723 DEAD R33
2723 SIDESTEP R44
2723 SIDESTEP R68
2723 SIDESTEP R69
2724 CANCEL 2173
2724 SIDESTEP R24
2724 SIDESTEP R51
2724 SIDESTEP R62
2724 SIDESTEP R67
2724 SIDESTEP R74
2724 SIDESTEP R79
2725 SIDESTEP R6
2725 SIDESTEP R9
2726 DELIVER 869 R28 1649
2726 SIDESTEP R53
2726 SIDESTEP R72
2727 CANCEL 2180
2727 ASSIGN 896 R28 38
2727 SIDESTEP R1
2727 SIDESTEP R3
2727 SIDESTEP R11
2727 SIDESTEP R26
2727 SIDESTEP R31
2727 SIDESTEP R35
2727 SIDESTEP R37
2727 SIDESTEP R43
2727 SIDESTEP R52
2727 DELIVER 839 R54 1684
2728 GO_CHARGE R54 6 1
2728 SIDESTEP R7
2728 SIDESTEP R25
2728 SIDESTEP R30
2728 SIDESTEP R32
2728 SIDESTEP R44
2728 SIDESTEP R50
2728 SIDESTEP R57
2728 SIDESTEP R60
2728 SIDESTEP R69
2729 SIDESTEP R5
2729 SIDESTEP R8
2729 SIDESTEP R24
2729 SIDESTEP R62
2729 SIDESTEP R79
2730 SIDESTEP R6
2731 SIDESTEP R9
2731 SIDESTEP R21
2731 DELIVER 1001 R77 1491
2732 GO_CHARGE R77 34 1
2732 SIDESTEP R11
2732 SIDESTEP R26
2732 SIDESTEP R37
2732 SIDESTEP R54
2732 SIDESTEP R72
2733 SIDESTEP R1
2733 SIDESTEP R30
2733 SIDESTEP R32
2733 SIDESTEP R44
2733 SIDESTEP R60
2733 SIDESTEP R67
2733 DELIVER 907 R78 1608
2734 ASSIGN 898 R78 13
2734 SIDESTEP R3
2734 SIDESTEP R8
2734 SIDESTEP R24
2734 SIDESTEP R31
2734 SIDESTEP R50
2735 SIDESTEP R6
2735 SIDESTEP R18
2735 SIDESTEP R20
2735 SIDESTEP R43
2735 SIDESTEP R47
2735 SIDESTEP R57
2735 SIDESTEP R62
2735 SIDESTEP R79
2736 SIDESTEP R25
2736 SIDESTEP R53
2736 DELIVER 1044 R64 1438
2737 ASSIGN 899 R64 26
2737 SIDESTEP R5
2737 SIDESTEP R11
2737 SIDESTEP R26
2737 SIDESTEP R37
2737 SIDESTEP R40
2737 SIDESTEP R54
2737 SIDESTEP R74
2738 SIDESTEP R1
2738 SIDESTEP R30
2738 SIDESTEP R32
2738 SIDESTEP R44
2738 SIDESTEP R60
2738 SIDESTEP R67
2739 SIDESTEP R3
2739 SIDESTEP R7
2739 SIDESTEP R8
2739 SIDESTEP R24
2739 SIDESTEP R50
2739 SIDESTEP R52
2739 SIDESTEP R72
2739 SIDESTEP R76
2740 SIDESTEP R18
2740 SIDESTEP R57
2740 SIDESTEP R75
2741 SIDESTEP R6
2741 SIDESTEP R17
2741 SIDESTEP R31
2741 DELIVER 920 R48 1601
2741 SIDESTEP R53
2741 SIDESTEP R55
2741 SIDESTEP R62
2742 GO_CHARGE R48 6 1
2742 SIDESTEP R5
2742 SIDESTEP R11
2742 SIDESTEP R26
2742 SIDESTEP R37
2742 SIDESTEP R40
2742 SIDESTEP R54
2742 SIDESTEP R58
2743 SIDESTEP R1
2743 SIDESTEP R9
2743 CHARGE R13
2743 SIDESTEP R30
2743 SIDESTEP R32
2743 SIDESTEP R60
2744 SIDESTEP R7
2744 SIDESTEP R24
2744 SIDESTEP R50
2744 SIDESTEP R52
2744 DEAD R60
2745 PICK 1096 R0
2746 SIDESTEP R10
2746 SIDESTEP R17
2746 SIDESTEP R53
2746 PICK 898 R78
2747 SIDESTEP R6
2747 SIDESTEP R11
2747 DELIVER 863 R12 1677
2747 SIDESTEP R16
2747 SIDESTEP R26
2747 SIDESTEP R37
2747 SIDESTEP R54
2747 SIDESTEP R79
2748 GO_CHARGE R12 6 1
2748 SIDESTEP R3
2748 SIDESTEP R20
2748 SIDESTEP R25
2748 PICK 1109 R34
2748 SIDESTEP R58
2748 SIDESTEP R61
2749 SIDESTEP R7
2749 SIDESTEP R24
2749 SIDESTEP R40
2749 SIDESTEP R50
2749 SIDESTEP R52
2749 SIDESTEP R67
2749 SIDESTEP R72
2749 REPORT pending=1207 aged=1127 idle=0 to_pickup=17 delivering=22 to_charger=35 charging=1 dead=5 hot=5,2,17
2750 SIDESTEP R5
2750 PICK 874 R14
2750 SIDESTEP R35
2751 SIDESTEP R10
2752 SIDESTEP R6
2752 SIDESTEP R11
2752 SIDESTEP R54
2752 SIDESTEP R57
2752 SIDESTEP R79
2753 SIDESTEP R3
2753 SIDESTEP R20
2753 SIDESTEP R21
2753 SIDESTEP R25
2753 SIDESTEP R26
2753 PICK 1110 R44
2753 SIDESTEP R73
2754 SIDESTEP R7
2754 SIDESTEP R24
2754 SIDESTEP R50
2754 SIDESTEP R51
2754 SIDESTEP R52
2754 SIDESTEP R61
2754 SIDESTEP R72
2755 DEAD R1
2755 SIDESTEP R5
2755 SIDESTEP R35
2755 SIDESTEP R53
2755 SIDESTEP R69
2756 SIDESTEP R10
2756 SIDESTEP R31
2756 SIDESTEP R40
2757 PICK 959 R2
2757 DELIVER 883 R4 1663
2757 DELIVER 870 R15 1679
2757 SIDESTEP R54
2757 SIDESTEP R57
2757 SIDESTEP R79
2758 ASSIGN 897 R4 113
2758 ASSIGN 901 R15 60
2758 SIDESTEP R3
2758 SIDESTEP R20
2758 SIDESTEP R21
2758 SIDESTEP R25
2758 SIDESTEP R26
2758 SIDESTEP R30
2758 SIDESTEP R55
2758 SIDESTEP R58
2758 SIDESTEP R70
2759 SIDESTEP R7
2759 SIDESTEP R16
2759 SIDESTEP R24
2759 SIDESTEP R47
2759 SIDESTEP R50
2759 SIDESTEP R51
2759 SIDESTEP R52
2759 DEAD R55
2759 SIDESTEP R68
2759 SIDESTEP R72
2759 SIDESTEP R78
2760 DELIVER 848 R19 1706
2760 SIDESTEP R35
2760 DELIVER 735 R43 1848
2760 SIDESTEP R61
2760 SIDESTEP R69
2761 CHARGED R13
2761 ASSIGN 902 R13 51
2761 ASSIGN 903 R19 85
2761 ASSIGN 904 R43 74
2761 SIDESTEP R6
2761 SIDESTEP R10
2761 SIDESTEP R48
2762 SIDESTEP R5
2762 PICK 954 R8
2762 SIDESTEP R31
2762 SIDESTEP R32
2762 SIDESTEP R54
2762 PICK 899 R64
2763 SIDESTEP R20
2763 SIDESTEP R21
2763 SIDESTEP R25
2763 SIDESTEP R30
2763 SIDESTEP R58
2763 SIDESTEP R70
2764 SIDESTEP R24
2764 SIDESTEP R50
2764 SIDESTEP R68
2764 SIDESTEP R78
2765 SIDESTEP R9
2765 SIDESTEP R16
2765 SIDESTEP R53
2765 SIDESTEP R61
2765 SIDESTEP R62
2765 SIDESTEP R67
2765 SIDESTEP R69
2766 SIDESTEP R6
2766 SIDESTEP R10
2766 SIDESTEP R47
2766 SIDESTEP R48
2767 SIDESTEP R31
2767 SIDESTEP R32
2767 SIDESTEP R40
2767 SIDESTEP R54
2768 SIDESTEP R5
2768 SIDESTEP R21
2768 SIDESTEP R70
2769 SIDESTEP R20
2769 SIDESTEP R24
2769 SIDESTEP R49
2770 SIDESTEP R9
2770 SIDESTEP R16
2770 SIDESTEP R52
2770 SIDESTEP R53
2770 SIDESTEP R72
2771 SIDESTEP R7
2771 SIDESTEP R30
2771 SIDESTEP R48
2771 SIDESTEP R61
2772 PICK 968 R22
2772 SIDESTEP R31
2772 SIDESTEP R32
2772 CHARGE R37
2772 PICK 893 R46
2772 DEAD R52
2772 SIDESTEP R54
2773 SIDESTEP R5
2773 SIDESTEP R8
2773 SIDESTEP R79
2774 SIDESTEP R20
2774 SIDESTEP R24
2774 SIDESTEP R49
2774 SIDESTEP R58
2774 SIDESTEP R62
2774 PICK 1098 R63
2775 SIDESTEP R9
2775 SIDESTEP R25
2775 SIDESTEP R43
2775 SIDESTEP R64
2775 SIDESTEP R72
2776 SIDESTEP R30
2777 SIDESTEP R53
2777 SIDESTEP R54
2778 SIDESTEP R8
2778 SIDESTEP R32
2778 SIDESTEP R48
2778 SIDESTEP R79
2779 CANCEL 2162
2779 SIDESTEP R16
2779 SIDESTEP R24
2779 SIDESTEP R31
2779 SIDESTEP R35
2779 SIDESTEP R49
2779 SIDESTEP R58
2779 SIDESTEP R62
2779 SIDESTEP R70
2780 CANCEL 2153
2780 SIDESTEP R5
2780 SIDESTEP R9
2780 PICK 941 R18
2780 DEAD R32
2780 SIDESTEP R40
2780 SIDESTEP R67
2781 SIDESTEP R7
2781 DEAD R25
2781 SIDESTEP R30
2781 SIDESTEP R72
2781 DELIVER 910 R73 1653
2782 RESCUE R36
2782 ASSIGN 1115 R36 86
2782 ASSIGN 908 R73 73
2782 SIDESTEP R54
2783 SIDESTEP R8
2784 SIDESTEP R24
2784 SIDESTEP R49
2784 SIDESTEP R62
2784 SIDESTEP R70
2784 PICK 889 R76
2784 SIDESTEP R79
2785 SIDESTEP R9
2785 SIDESTEP R16
2785 SIDESTEP R67
2786 SIDESTEP R6
2786 SIDESTEP R30
2786 SIDESTEP R31
2786 SIDESTEP R35
2786 SIDESTEP R48
2786 SIDESTEP R72
2787 SIDESTEP R7
2787 SIDESTEP R36
2787 SIDESTEP R54
2788 CHARGED R37
2788 ASSIGN 1034 R37 64
2788 SIDESTEP R8
2789 SIDESTEP R24
2789 SIDESTEP R49
2789 SIDESTEP R70
2789 SIDESTEP R79
2790 SIDESTEP R11
2790 SIDESTEP R16
2790 SIDESTEP R40
2790 SIDESTEP R47
2790 SIDESTEP R67
2791 SIDESTEP R6
2791 PICK 890 R10
2791 SIDESTEP R20
2791 SIDESTEP R30
2791 SIDESTEP R31
2791 SIDESTEP R35
2791 DELIVER 1110 R44 1415
2792 ASSIGN 909 R44 83
2792 SIDESTEP R7
2792 SIDESTEP R9
2792 PICK 896 R28
2792 SIDESTEP R36
2792 SIDESTEP R72
2793 SIDESTEP R8
2793 PICK 887 R38
2793 SIDESTEP R43
2793 SIDESTEP R57
2794 SIDESTEP R0
2794 SIDESTEP R24
2794 SIDESTEP R49
2794 SIDESTEP R50
2794 SIDESTEP R70
2795 SIDESTEP R16
2795 SIDESTEP R40
2795 SIDESTEP R47
2795 SIDESTEP R54
2795 DELIVER 878 R59 1709
2796 GO_CHARGE R59 27 1
2796 SIDESTEP R5
2796 SIDESTEP R6
2796 DELIVER 866 R17 1722
2796 SIDESTEP R20
2796 SIDESTEP R30
2796 SIDESTEP R53
2797 ASSIGN 1043 R17 86
2797 SIDESTEP R7
2797 SIDESTEP R9
2797 SIDESTEP R26
2797 SIDESTEP R36
2798 SIDESTEP R11
2798 SIDESTEP R35
2798 SIDESTEP R48
2799 SIDESTEP R24
2799 SIDESTEP R31
2799 SIDESTEP R49
2799 SIDESTEP R70
2799 REPORT pending=1236 aged=1158 idle=0 to_pickup=14 delivering=27 to_charger=30 charging=0 dead=9 hot=6,2,15
2800 SIDESTEP R40
2800 DELIVER 864 R42 1729
2800 SIDESTEP R43
2800 SIDESTEP R47
2800 SIDESTEP R57
2800 CHARGE R74
2801 ASSIGN 967 R42 126
2801 SIDESTEP R5
2801 SIDESTEP R8
2801 SIDESTEP R20
2801 SIDESTEP R21
2801 SIDESTEP R30
2801 DELIVER 873 R45 1720
2801 SIDESTEP R53
2801 SIDESTEP R62
2801 SIDESTEP R79
2802 GO_CHARGE R45 41 1
2802 SIDESTEP R7
2802 SIDESTEP R9
2802 SIDESTEP R16
2802 SIDESTEP R26
2802 SIDESTEP R36
2802 SIDESTEP R72
2803 SIDESTEP R11
2804 CHARGE R3
2804 SIDESTEP R24
2804 SIDESTEP R49
2804 SIDESTEP R70
2804 SIDESTEP R73
2805 SIDESTEP R31
2805 SIDESTEP R35
2805 SIDESTEP R47
2805 SIDESTEP R48
2806 SIDESTEP R5
2806 SIDESTEP R8
2806 SIDESTEP R21
2806 SIDESTEP R30
2806 SIDESTEP R57
2806 SIDESTEP R67
2807 SIDESTEP R43
2808 SIDESTEP R7
2809 SIDESTEP R24
2809 DELIVER 889 R76 1708
2810 ASSIGN 974 R76 51
2810 SIDESTEP R35
2810 SIDESTEP R48
2810 PICK 868 R69
2810 SIDESTEP R72
2811 CANCEL_FAIL 102261
2811 SIDESTEP R5
2811 SIDESTEP R8
2811 PICK 902 R13
2811 SIDESTEP R16
2811 SIDESTEP R30
2811 SIDESTEP R31
2811 SIDESTEP R57
2811 SIDESTEP R58
2811 SIDESTEP R67
2811 SIDESTEP R79
2812 SIDESTEP R6
2812 SIDESTEP R53
2812 SIDESTEP R54
2812 SIDESTEP R62
2812 PICK 1009 R75
2813 RESCUE R71
2813 ASSIGN 975 R71 56
2813 SIDESTEP R9
2813 SIDESTEP R26
2813 SIDESTEP R36
2813 SIDESTEP R43
2813 SIDESTEP R70
2814 RESCUE R56
2814 ASSIGN 1046 R56 107
2814 SIDESTEP R7
2814 SIDESTEP R24
2815 DELIVER 1096 R0 1455
2815 SIDESTEP R48
2815 SIDESTEP R72
2816 CHARGED R74
2816 ASSIGN 1058 R74 7
2816 ASSIGN 1131 R0 76
2816 SIDESTEP R8
2816 SIDESTEP R16
2816 SIDESTEP R21
2816 DELIVER 968 R22 1617
2816 SIDESTEP R30
2816 SIDESTEP R58
2817 GO_CHARGE R22 34 1
2817 SIDESTEP R6
2817 PICK 901 R15
2817 SIDESTEP R20
2818 SIDESTEP R5
2818 SIDESTEP R9
2818 SIDESTEP R11
2818 SIDESTEP R26
2818 SIDESTEP R70
2819 SIDESTEP R7
2819 SIDESTEP R24
2819 SIDESTEP R54
2820 SIDESTEP R48
2820 SIDESTEP R72
2821 SIDESTEP R8
2821 SIDESTEP R12
2821 SIDESTEP R21
2821 SIDESTEP R30
2821 SIDESTEP R79
2822 CANCEL_FAIL 102269
2822 CHARGED R3
2822 ASSIGN 984 R3 75
2822 SIDESTEP R40
2822 SIDESTEP R57
2822 PICK 1058 R74
2823 SIDESTEP R16
2823 SIDESTEP R26
2824 SIDESTEP R6
2824 SIDESTEP R7
2824 SIDESTEP R24
2824 DEAD R26
2824 SIDESTEP R36
2824 SIDESTEP R58
2824 SIDESTEP R67
2825 DELIVER 1109 R34 1450
2825 SIDESTEP R53
2825 SIDESTEP R54
2825 SIDESTEP R62
2825 SIDESTEP R72
2826 ASSIGN 986 R34 126
2826 SIDESTEP R2
2826 SIDESTEP R8
2826 SIDESTEP R12
2826 SIDESTEP R20
2826 SIDESTEP R30
2826 SIDESTEP R31
2826 SIDESTEP R35
2826 SIDESTEP R79
2827 SIDESTEP R5
2827 SIDESTEP R48
2828 DELIVER 867 R29 1753
2829 ASSIGN 911 R29 46
2829 PICK 1033 R41
2829 SIDESTEP R67
2830 SIDESTEP R6
2830 DELIVER 950 R49 1653
2830 SIDESTEP R54
2830 SIDESTEP R58
2830 SIDESTEP R70
2830 SIDESTEP R72
2831 ASSIGN 912 R49 43
2831 SIDESTEP R2
2831 SIDESTEP R8
2831 SIDESTEP R20
2831 SIDESTEP R30
2831 SIDESTEP R31
2831 SIDESTEP R35
2831 SIDESTEP R40
2831 SIDESTEP R47
2831 SIDESTEP R53
2831 SIDESTEP R57
2831 SIDESTEP R62
2831 SIDESTEP R79
2832 RESCUE R33
2832 ASSIGN 913 R33 73
2832 SIDESTEP R5
2832 SIDESTEP R9
2832 SIDESTEP R11
2832 SIDESTEP R12
2832 SIDESTEP R21
2832 SIDESTEP R37
2832 DELIVER 898 R78 1719
2833 GO_CHARGE R78 13 1
2833 SIDESTEP R7
2833 SIDESTEP R77
2835 SIDESTEP R6
2835 SIDESTEP R58
2835 SIDESTEP R70
2836 SIDESTEP R2
2836 SIDESTEP R8
2836 SIDESTEP R30
2836 SIDESTEP R31
2836 SIDESTEP R35
2836 SIDESTEP R40
2836 SIDESTEP R47
2836 SIDESTEP R62
2837 SIDESTEP R3
2837 SIDESTEP R9
2837 SIDESTEP R11
2837 SIDESTEP R12
2837 SIDESTEP R16
2837 SIDESTEP R37
2837 SIDESTEP R48
2837 SIDESTEP R79
2838 SIDESTEP R21
2838 SIDESTEP R36
2838 SIDESTEP R67
2838 SIDESTEP R72
2840 SIDESTEP R58
2840 DELIVER 868 R69 1764
2841 ASSIGN 914 R69 130
2841 SIDESTEP R8
2841 SIDESTEP R20
2841 SIDESTEP R30
2841 SIDESTEP R35
2841 SIDESTEP R43
2841 SIDESTEP R50
2841 SIDESTEP R57
2842 CANCEL 2252
2842 SIDESTEP R12
2842 SIDESTEP R16
2842 SIDESTEP R33
2842 SIDESTEP R37
2842 SIDESTEP R40
2842 SIDESTEP R48
2842 SIDESTEP R62
2843 SIDESTEP R7
2843 DELIVER 899 R64 1728
2844 RESCUE R60
2844 ASSIGN 915 R60 61
2844 GO_CHARGE R64 6 1
2844 CHARGE R65
2845 SIDESTEP R72
2846 SIDESTEP R8
2846 SIDESTEP R20
2846 SIDESTEP R30
2846 SIDESTEP R57
2846 SIDESTEP R58
2846 CHARGE R77
2847 SIDESTEP R12
2847 SIDESTEP R21
2847 SIDESTEP R33
2847 SIDESTEP R48
2847 CHARGE R61
2847 SIDESTEP R79
2848 SIDESTEP R7
2848 SIDESTEP R31
2848 SIDESTEP R53
2848 SIDESTEP R70
2849 SIDESTEP R2
2849 DELIVER 1033 R41 1565
2849 REPORT pending=1262 aged=1182 idle=1 to_pickup=21 delivering=21 to_charger=28 charging=3 dead=6 hot=9,2,17
2850 ASSIGN 919 R41 67
2850 SIDESTEP R28
2850 DELIVER 1031 R50 1570
2851 GO_CHARGE R50 6 1
2851 SIDESTEP R20
2851 SIDESTEP R30
2851 SIDESTEP R57
2851 SIDESTEP R58
2851 SIDESTEP R72
2852 SIDESTEP R16
2852 SIDESTEP R36
2852 SIDESTEP R67
2852 DELIVER 1009 R75 1597
2853 GO_CHARGE R75 6 1
2853 SIDESTEP R6
2853 SIDESTEP R19
2853 SIDESTEP R53
2853 DELIVER 1098 R63 1490
2853 SIDESTEP R70
2854 ASSIGN 922 R63 99
2854 SIDESTEP R48
2855 RESCUE R1
2855 ASSIGN 927 R1 27
2855 SIDESTEP R28
2855 SIDESTEP R31
2855 SIDESTEP R35
2855 SIDESTEP R59
2856 SIDESTEP R30
2856 SIDESTEP R72
2857 SIDESTEP R7
2858 SIDESTEP R53
2858 SIDESTEP R79
2859 CHARGED R65
2859 ASSIGN 928 R65 43
2859 SIDESTEP R2
2859 SIDESTEP R48
2860 SIDESTEP R6
2860 SIDESTEP R28
2860 SIDESTEP R31
2860 SIDESTEP R35
2860 SIDESTEP R54
2860 SIDESTEP R70
2861 SIDESTEP R9
2861 SIDESTEP R30
2861 SIDESTEP R72
2861 PICK 908 R73
2861 SIDESTEP R76
2862 CHARGED R77
2862 ASSIGN 929 R77 50
2862 SIDESTEP R20
2862 SIDESTEP R57
2862 SIDESTEP R58
2863 CHARGED R61
2863 ASSIGN 930 R61 39
2863 SIDESTEP R16
2863 SIDESTEP R21
2863 SIDESTEP R53
2863 SIDESTEP R67
2863 SIDESTEP R79
2864 SIDESTEP R2
2864 SIDESTEP R5
2864 DELIVER 874 R14 1782
2864 SIDESTEP R33
2864 SIDESTEP R47
2864 SIDESTEP R48
2865 GO_CHARGE R14 48 1
2865 SIDESTEP R6
2865 SIDESTEP R28
2865 SIDESTEP R31
2865 SIDESTEP R35
2865 SIDESTEP R36
2865 SIDESTEP R40
2865 SIDESTEP R44
2865 DELIVER 893 R46 1759
2865 SIDESTEP R54
2865 SIDESTEP R59
2865 SIDESTEP R62
2866 ASSIGN 932 R46 29
2866 SIDESTEP R12
2866 SIDESTEP R30
2866 SIDESTEP R72
2866 SIDESTEP R76
2867 SIDESTEP R7
2867 SIDESTEP R58
2868 SIDESTEP R20
2868 PICK 975 R71
2868 SIDESTEP R79
2869 PICK 1034 R37
2869 SIDESTEP R48
2870 SIDESTEP R28
2870 SIDESTEP R31
2870 SIDESTEP R44
2870 SIDESTEP R54
2870 SIDESTEP R59
2870 SIDESTEP R62
2871 CANCEL 2160
2871 RESCUE R55
2871 ASSIGN 933 R55 88
2871 SIDESTEP R12
2871 SIDESTEP R30
2871 SIDESTEP R35
2871 SIDESTEP R45
2872 PICK 897 R4
2872 SIDESTEP R7
2872 DELIVER 954 R8 1689
2873 ASSIGN 937 R8 85
2873 SIDESTEP R20
2874 SIDESTEP R1
2874 SIDESTEP R2
2874 PICK 911 R29
2874 SIDESTEP R33
2874 SIDESTEP R69
2874 SIDESTEP R70
2875 SIDESTEP R9
2875 SIDESTEP R11
2875 SIDESTEP R28
2875 SIDESTEP R44
2875 SIDESTEP R47
2875 SIDESTEP R59
2876 SIDESTEP R12
2876 SIDESTEP R30
2876 SIDESTEP R35
2876 SIDESTEP R40
2876 CHARGE R68
2878 SIDESTEP R48
2878 SIDESTEP R53
2878 SIDESTEP R79
2879 SIDESTEP R2
2879 SIDESTEP R20
2879 SIDESTEP R54
2879 SIDESTEP R62
2879 SIDESTEP R67
2880 SIDESTEP R21
2880 SIDESTEP R28
2880 SIDESTEP R44
2880 SIDESTEP R59
2880 SIDESTEP R73
2881 SIDESTEP R12
2881 DELIVER 941 R18 1715
2881 PICK 903 R19
2881 SIDESTEP R30
2881 SIDESTEP R35
2881 SIDESTEP R45
2882 ASSIGN 938 R18 130
2882 PICK 1043 R17
2882 SIDESTEP R58
2882 SIDESTEP R61
2883 CANCEL 2304
2883 SIDESTEP R16
2883 SIDESTEP R36
2883 SIDESTEP R53
2883 SIDESTEP R72
2883 SIDESTEP R79
2884 RESCUE R25
2884 ASSIGN 939 R25 64
2884 SIDESTEP R9
2884 SIDESTEP R11
2884 SIDESTEP R47
2884 SIDESTEP R55
2885 PICK 927 R1
2885 SIDESTEP R28
2885 SIDESTEP R44
2885 SIDESTEP R59
2885 SIDESTEP R62
2886 SIDESTEP R2
2886 SIDESTEP R6
2886 SIDESTEP R12
2886 SIDESTEP R20
2886 SIDESTEP R30
2886 SIDESTEP R35
2886 SIDESTEP R45
2886 SIDESTEP R50
2886 SIDESTEP R70
2887 RESCUE R32
2887 ASSIGN 940 R32 50
2887 SIDESTEP R58
2888 SIDESTEP R16
2888 SIDESTEP R36
2888 SIDESTEP R72
2889 DELIVER 890 R10 1787
2889 SIDESTEP R25
2889 SIDESTEP R31
2889 SIDESTEP R57
2889 SIDESTEP R79
2890 ASSIGN 942 R10 92
2890 SIDESTEP R7
2890 SIDESTEP R28
2890 SIDESTEP R38
2890 SIDESTEP R44
2890 SIDESTEP R53
2890 SIDESTEP R59
2890 SIDESTEP R62
2890 SIDESTEP R67
2890 SIDESTEP R76
2891 RESCUE R52
2891 ASSIGN 943 R52 46
2891 PICK 1131 R0
2891 SIDESTEP R2
2891 SIDESTEP R9
2891 SIDESTEP R11
2891 SIDESTEP R12
2891 SIDESTEP R20
2891 SIDESTEP R21
2891 SIDESTEP R30
2891 SIDESTEP R32
2891 SIDESTEP R35
2891 SIDESTEP R40
2891 SIDESTEP R45
2891 SIDESTEP R47
2891 SIDESTEP R50
2891 SIDESTEP R70
2891 DELIVER 908 R73 1765
2892 ASSIGN 945 R73 100
2892 SIDESTEP R5
2892 SIDESTEP R54
2893 CHARGED R68
2893 ASSIGN 947 R68 69
2893 SIDESTEP R16
2893 SIDESTEP R48
2893 SIDESTEP R72
2894 SIDESTEP R31
2894 PICK 932 R46
2894 SIDESTEP R57
2895 SIDESTEP R7
2895 SIDESTEP R28
2895 SIDESTEP R38
2895 SIDESTEP R53
2895 SIDESTEP R59
2896 CANCEL 2234
2896 SIDESTEP R9
2896 SIDESTEP R11
2896 SIDESTEP R12
2896 SIDESTEP R30
2896 SIDESTEP R35
2896 SIDESTEP R40
2896 SIDESTEP R45
2896 SIDESTEP R47
2896 SIDESTEP R64
2897 SIDESTEP R5
2897 SIDESTEP R22
2897 SIDESTEP R52
2897 PICK 974 R76
2897 SIDESTEP R78
2898 SIDESTEP R2
2898 SIDESTEP R16
2898 SIDESTEP R36
2898 SIDESTEP R58
2898 SIDESTEP R70
2898 SIDESTEP R72
2899 CANCEL 2289
2899 SIDESTEP R20
2899 SIDESTEP R54
2899 SIDESTEP R79
2899 REPORT pending=1285 aged=1205 idle=0 to_pickup=26 delivering=23 to_charger=30 charging=0 dead=1 hot=6,3,19
2900 SIDESTEP R32
2900 SIDESTEP R53
2900 SIDESTEP R57
2901 SIDESTEP R7
2901 SIDESTEP R9
2901 SIDESTEP R11
2901 SIDESTEP R30
2901 SIDESTEP R43
2901 SIDESTEP R47
2901 SIDESTEP R64
2902 SIDESTEP R5
2902 SIDESTEP R22
2902 SIDESTEP R31
2902 SIDESTEP R52
2902 PICK 928 R65
2903 SIDESTEP R2
2903 SIDESTEP R12
2903 SIDESTEP R16
2903 SIDESTEP R35
2903 SIDESTEP R36
2903 SIDESTEP R58
2903 SIDESTEP R72
2904 DELIVER 902 R13 1784
2904 SIDESTEP R21
2904 SIDESTEP R50
2904 SIDESTEP R78
2905 ASSIGN 948 R13 78
2905 SIDESTEP R53
2905 SIDESTEP R79
2906 SIDESTEP R9
2906 SIDESTEP R11
2906 SIDESTEP R30
2906 SIDESTEP R47
2906 CHARGE R51
2906 SIDESTEP R64
2906 SIDESTEP R75
2907 SIDESTEP R5
2907 SIDESTEP R32
2907 SIDESTEP R40
2907 SIDESTEP R76
2908 SIDESTEP R58
2908 SIDESTEP R59
2908 PICK 915 R60
2908 SIDESTEP R70
2908 SIDESTEP R72
2908 SIDESTEP R73
2909 SIDESTEP R21
2909 SIDESTEP R31
2909 SIDESTEP R48
2910 PICK 984 R3
2910 SIDESTEP R7
2910 DELIVER 903 R19 1789
2910 SIDESTEP R36
2910 SIDESTEP R53
2910 SIDESTEP R57
2910 SIDESTEP R69
2910 SIDESTEP R79
2911 CANCEL 2186
2911 GO_CHARGE R19 76 1
2911 SIDESTEP R9
2911 SIDESTEP R11
2911 SIDESTEP R16
2911 SIDESTEP R20
2911 SIDESTEP R30
2911 SIDESTEP R43
2911 SIDESTEP R47
2911 SIDESTEP R75
2911 PICK 929 R77
2912 SIDESTEP R5
2912 SIDESTEP R32
2912 SIDESTEP R40
2912 SIDESTEP R52
2912 SIDESTEP R62
2912 SIDESTEP R78
2913 SIDESTEP R6
2913 SIDESTEP R14
2913 SIDESTEP R45
2913 PICK 912 R49
2913 SIDESTEP R50
2913 SIDESTEP R59
2913 SIDESTEP R67
2913 SIDESTEP R70
2913 SIDESTEP R72
2913 SIDESTEP R73
2914 SIDESTEP R2
2914 SIDESTEP R31
2914 SIDESTEP R58
2914 PICK 930 R61
2915 SIDESTEP R53
2916 SIDESTEP R9
2916 SIDESTEP R11
2916 SIDESTEP R16
2916 SIDESTEP R20
2916 SIDESTEP R36
2916 SIDESTEP R47
2916 SIDESTEP R54
2916 SIDESTEP R79
2917 SIDESTEP R5
2917 SIDESTEP R12
2917 SIDESTEP R30
2917 PICK 919 R41
2917 SIDESTEP R62
2918 SIDESTEP R6
2918 SIDESTEP R14
2918 DELIVER 906 R24 1794
2918 SIDESTEP R50
2918 SIDESTEP R64
2918 SIDESTEP R67
2918 SIDESTEP R70
2918 SIDESTEP R72
2919 ASSIGN 1135 R24 83
2919 SIDESTEP R2
2919 SIDESTEP R31
2919 SIDESTEP R45
2919 SIDESTEP R58
2920 SIDESTEP R21
2920 SIDESTEP R48
2920 SIDESTEP R53
2920 SIDESTEP R76
2921 SIDESTEP R7
2921 SIDESTEP R9
2921 SIDESTEP R11
2921 SIDESTEP R16
2921 SIDESTEP R20
2921 SIDESTEP R47
2921 SIDESTEP R79
2922 CHARGED R51
2922 ASSIGN 949 R51 36
2922 DELIVER 896 R28 1812
2922 PICK 909 R44
2922 SIDESTEP R52
2922 DELIVER 1058 R74 1608
2922 SIDESTEP R75
2923 ASSIGN 1150 R74 81
2923 GO_CHARGE R28 55 1
2923 SIDESTEP R6
2923 SIDESTEP R14
2923 SIDESTEP R50
2923 SIDESTEP R64
2923 SIDESTEP R67
2923 SIDESTEP R70
2923 SIDESTEP R72
2924 RESCUE R26
2924 ASSIGN 953 R26 115
2924 DELIVER 911 R29 1795
2924 SIDESTEP R45
2924 SIDESTEP R78
2925 GO_CHARGE R29 62 1
2925 SIDESTEP R21
2925 SIDESTEP R35
2925 SIDESTEP R48
2925 SIDESTEP R53
2926 SIDESTEP R9
2926 SIDESTEP R11
2926 SIDESTEP R12
2926 SIDESTEP R36
2926 PICK 967 R42
2926 SIDESTEP R47
2927 SIDESTEP R75
2928 SIDESTEP R5
2928 SIDESTEP R6
2928 SIDESTEP R14
2928 SIDESTEP R26
2928 DELIVER 909 R44 1801
2928 SIDESTEP R50
2928 SIDESTEP R58
2928 SIDESTEP R62
2928 SIDESTEP R64
2928 SIDESTEP R70
2928 SIDESTEP R72
2929 GO_CHARGE R44 6 1
2929 SIDESTEP R45
2929 DELIVER 629 R57 2150
2929 SIDESTEP R78
2930 GO_CHARGE R57 6 1
2930 SIDESTEP R35
2930 SIDESTEP R48
2930 SIDESTEP R53
2930 SIDESTEP R54
2931 SIDESTEP R9
2931 SIDESTEP R11
2931 SIDESTEP R12
2931 SIDESTEP R16
2931 CHARGE R22
2931 SIDESTEP R36
2931 SIDESTEP R40
2931 SIDESTEP R47
2932 SIDESTEP R21
2932 DEAD R31
2932 SIDESTEP R75
2933 SIDESTEP R6
2933 SIDESTEP R50
2933 SIDESTEP R70
2934 SIDESTEP R24
2934 SIDESTEP R45
2934 SIDESTEP R57
2934 SIDESTEP R78
2935 SIDESTEP R35
2935 SIDESTEP R48
2935 DELIVER 912 R49 1805
2935 SIDESTEP R53
2935 SIDESTEP R64
2936 ASSIGN 998 R49 43
2936 SIDESTEP R7
2936 SIDESTEP R9
2936 SIDESTEP R11
2936 SIDESTEP R40
2936 PICK 904 R43
2936 SIDESTEP R47
2936 SIDESTEP R67
2936 SIDESTEP R76
2937 SIDESTEP R14
2937 SIDESTEP R38
2937 SIDESTEP R58
2937 SIDESTEP R75
2938 SIDESTEP R21
2938 SIDESTEP R70
2938 SIDESTEP R79
2939 SIDESTEP R20
2939 SIDESTEP R45
2939 SIDESTEP R57
2939 SIDESTEP R72
2940 SIDESTEP R35
2940 SIDESTEP R53
2940 SIDESTEP R64
2941 SIDESTEP R9
2941 SIDESTEP R11
2941 SIDESTEP R40
2941 SIDESTEP R47
2941 SIDESTEP R67
2942 SIDESTEP R2
2942 SIDESTEP R14
2942 SIDESTEP R28
2942 SIDESTEP R38
2942 SIDESTEP R58
2943 SIDESTEP R5
2943 DELIVER 1034 R37 1658
2943 SIDESTEP R70
2943 SIDESTEP R75
2944 ASSIGN 999 R37 53
2944 SIDESTEP R21
2944 SIDESTEP R57
2945 SIDESTEP R35
2945 SIDESTEP R48
2945 SIDESTEP R53
2945 SIDESTEP R54
2945 SIDESTEP R64
2945 DELIVER 975 R71 1737
2945 SIDESTEP R72
2945 SIDESTEP R78
2946 ASSIGN 1000 R71 55
2946 SIDESTEP R7
2946 SIDESTEP R9
2946 SIDESTEP R11
2946 SIDESTEP R47
2946 SIDESTEP R67
2947 DELIVER 901 R15 1830
2947 SIDESTEP R28
2947 SIDESTEP R38
2947 SIDESTEP R50
2947 SIDESTEP R76
2948 CHARGED R22
2948 ASSIGN 1005 R22 10
2948 GO_CHARGE R15 34 1
2948 SIDESTEP R5
2948 SIDESTEP R70
2949 SIDESTEP R21
2949 REPORT pending=1314 aged=1233 idle=0 to_pickup=25 delivering=21 to_charger=33 charging=0 dead=1 hot=4,2,17
2950 SIDESTEP R2
2950 SIDESTEP R33
2950 SIDESTEP R35
2950 SIDESTEP R53
2950 PICK 1046 R56
2950 SIDESTEP R64
2950 SIDESTEP R78
2951 SIDESTEP R7
2951 SIDESTEP R9
2951 SIDESTEP R11
2951 SIDESTEP R12
2951 SIDESTEP R16
2951 SIDESTEP R20
2951 SIDESTEP R47
2951 SIDESTEP R54
2951 SIDESTEP R58
2951 SIDESTEP R62
2951 SIDESTEP R67
2951 SIDESTEP R79
2952 SIDESTEP R28
2952 PICK 986 R34
2952 SIDESTEP R38
2952 SIDESTEP R48
2952 SIDESTEP R50
2953 SIDESTEP R14
2953 SIDESTEP R70
2954 SIDESTEP R29
2954 DELIVER 915 R60 1819
2955 ASSIGN 1007 R60 99
2955 SIDESTEP R33
2955 SIDESTEP R53
2955 SIDESTEP R64
2955 SIDESTEP R78
2956 SIDESTEP R7
2956 SIDESTEP R9
2956 SIDESTEP R11
2956 SIDESTEP R12
2956 SIDESTEP R20
2956 SIDESTEP R21
2956 SIDESTEP R47
2956 SIDESTEP R58
2956 SIDESTEP R62
2956 SIDESTEP R72
2956 SIDESTEP R77
2956 SIDESTEP R79
2957 PICK 1005 R22
2957 SIDESTEP R28
2957 SIDESTEP R38
2957 SIDESTEP R40
2957 SIDESTEP R48
2957 SIDESTEP R50
2957 PICK 949 R51
2957 DELIVER 1046 R56 1656
2957 SIDESTEP R57
2958 ASSIGN 1075 R56 21
2958 SIDESTEP R14
2958 SIDESTEP R16
2958 SIDESTEP R44
2958 PICK 922 R63
2958 SIDESTEP R70
2959 SIDESTEP R29
2959 SIDESTEP R35
2960 DELIVER 959 R2 1772
2960 SIDESTEP R33
2960 SIDESTEP R53
2960 SIDESTEP R64
2961 GO_CHARGE R2 6 1
2961 SIDESTEP R9
2961 SIDESTEP R11
2961 SIDESTEP R30
2961 SIDESTEP R47
2961 SIDESTEP R62
2961 PICK 947 R68
2961 SIDESTEP R72
2961 SIDESTEP R79
2962 DEAD R11
2962 SIDESTEP R21
2962 SIDESTEP R38
2962 SIDESTEP R40
2962 SIDESTEP R48
2962 SIDESTEP R54
2963 SIDESTEP R16
2963 SIDESTEP R20
2963 PICK 940 R32
2963 SIDESTEP R44
2963 SIDESTEP R45
2963 SIDESTEP R50
2963 SIDESTEP R70
2963 SIDESTEP R75
2964 SIDESTEP R5
2964 SIDESTEP R28
2964 SIDESTEP R29
2964 SIDESTEP R35
2964 SIDESTEP R57
2965 SIDESTEP R53
2966 DELIVER 1043 R17 1669
2966 SIDESTEP R55
2966 SIDESTEP R62
2966 SIDESTEP R79
2967 GO_CHARGE R17 6 1
2967 SIDESTEP R21
2967 SIDESTEP R48
2967 SIDESTEP R54
2968 DELIVER 1131 R0 1567
2968 SIDESTEP R6
2968 SIDESTEP R9
2968 SIDESTEP R16
2968 PICK 913 R33
2968 SIDESTEP R50
2968 SIDESTEP R64
2968 SIDESTEP R70
2969 CANCEL 2279
2969 GO_CHARGE R0 6 1
2969 SIDESTEP R5
2969 SIDESTEP R29
2969 DELIVER 932 R46 1814
2969 SIDESTEP R47
2969 SIDESTEP R57
2969 SIDESTEP R58
2970 GO_CHARGE R46 83 1
2970 SIDESTEP R7
2970 SIDESTEP R14
2970 SIDESTEP R49
2971 DELIVER 927 R1 1822
2971 SIDESTEP R15
2971 SIDESTEP R28
2971 SIDESTEP R55
2971 SIDESTEP R62
2971 SIDESTEP R75
2971 SIDESTEP R78
2972 ASSIGN 1012 R1 119
2972 SIDESTEP R45
2972 SIDESTEP R54
2972 SIDESTEP R73
2973 SIDESTEP R6
2973 SIDESTEP R9
2973 SIDESTEP R12
2973 SIDESTEP R20
2973 SIDESTEP R30
2973 SIDESTEP R35
2973 SIDESTEP R48
2973 SIDESTEP R64
2973 SIDESTEP R70
2974 SIDESTEP R13
2974 SIDESTEP R22
2974 SIDESTEP R29
2974 DELIVER 919 R41 1835
2974 SIDESTEP R47
2974 SIDESTEP R57
2974 SIDESTEP R58
2974 SIDESTEP R72
2975 ASSIGN 1014 R41 60
2975 SIDESTEP R7
2975 DEAD R47
2975 LOST 651
2975 SIDESTEP R79
2976 SIDESTEP R28
2976 SIDESTEP R55
2976 SIDESTEP R63
2976 SIDESTEP R75
2977 SIDESTEP R45
2977 SIDESTEP R73
2978 SIDESTEP R12
2978 SIDESTEP R16
2978 SIDESTEP R30
2978 SIDESTEP R44
2978 SIDESTEP R53
2978 PICK 1075 R56
2978 CHARGE R59
2978 SIDESTEP R70
2979 SIDESTEP R9
2979 SIDESTEP R22
2979 SIDESTEP R29
2979 SIDESTEP R33
2979 SIDESTEP R43
2980 SIDESTEP R15
2980 SIDESTEP R18
2980 SIDESTEP R48
2980 SIDESTEP R72
2980 SIDESTEP R78
2980 SIDESTEP R79
2981 SIDESTEP R5
2981 PICK 937 R8
2981 PICK 942 R10
2981 SIDESTEP R40
2981 SIDESTEP R63
2981 DELIVER 928 R65 1831
2981 SIDESTEP R67
2982 ASSIGN 1017 R65 46
2982 SIDESTEP R20
2982 SIDESTEP R21
2982 SIDESTEP R38
2982 SIDESTEP R45
2982 SIDESTEP R55
2982 SIDESTEP R58
2982 SIDESTEP R75
2983 SIDESTEP R6
2983 SIDESTEP R28
2983 SIDESTEP R35
2983 SIDESTEP R50
2983 SIDESTEP R53
2984 SIDESTEP R9
2984 SIDESTEP R14
2984 SIDESTEP R30
2984 SIDESTEP R44
2984 DELIVER 929 R77 1833
2985 ASSIGN 955 R77 47
2985 SIDESTEP R2
2985 SIDESTEP R15
2985 SIDESTEP R48
2985 SIDESTEP R62
2985 SIDESTEP R78
2986 SIDESTEP R5
2986 SIDESTEP R7
2986 SIDESTEP R12
2986 SIDESTEP R22
2986 SIDESTEP R40
2986 SIDESTEP R67
2987 SIDESTEP R20
2987 SIDESTEP R38
2987 PICK 943 R52
2987 SIDESTEP R55
2987 SIDESTEP R58
2988 SIDESTEP R6
2988 SIDESTEP R35
2988 PICK 998 R49
2988 SIDESTEP R54
2989 SIDESTEP R9
2989 PICK 948 R13
2989 SIDESTEP R14
2989 SIDESTEP R30
2989 SIDESTEP R50
2989 SIDESTEP R53
2989 SIDESTEP R70
2990 SIDESTEP R2
2990 SIDESTEP R15
2990 SIDESTEP R16
2990 SIDESTEP R44
2990 SIDESTEP R48
2990 SIDESTEP R78
2990 SIDESTEP R79
2991 SIDESTEP R7
2991 SIDESTEP R22
2991 SIDESTEP R40
2991 DEAD R53
2991 SIDESTEP R57
2991 SIDESTEP R75
2992 SIDESTEP R38
2992 PICK 914 R69
2993 SIDESTEP R6
2993 SIDESTEP R28
2993 SIDESTEP R35
2993 SIDESTEP R54
2994 SIDESTEP R14
2994 SIDESTEP R67
2995 SIDESTEP R2
2995 SIDESTEP R15
2995 SIDESTEP R16
2995 SIDESTEP R78
2995 SIDESTEP R79
2996 CHARGED R59
2996 ASSIGN 960 R59 73
2996 SIDESTEP R7
2996 PICK 999 R37
2996 SIDESTEP R40
2996 SIDESTEP R44
2996 SIDESTEP R48
2996 SIDESTEP R57
2996 SIDESTEP R62
2996 SIDESTEP R70
2996 SIDESTEP R75
2997 DELIVER 897 R4 1885
2997 SIDESTEP R12
2997 DELIVER 940 R32 1832
2997 SIDESTEP R38
2998 ASSIGN 961 R32 115
2998 GO_CHARGE R4 27 1
2998 SIDESTEP R6
2998 SIDESTEP R28
2998 SIDESTEP R35
2998 SIDESTEP R50
2998 DELIVER 930 R61 1845
2999 ASSIGN 963 R61 41
2999 SIDESTEP R14
2999 SIDESTEP R21
2999 DELIVER 1075 R56 1663
2999 DELIVER 974 R76 1793
2999 REPORT pending=1346 aged=1265 idle=2 to_pickup=18 delivering=21 to_charger=35 charging=0 dead=4 hot=4,2,19
3000 ASSIGN 965 R76 28
3000 ASSIGN 969 R56 11
3000 SIDESTEP R59
3000 SIDESTEP R67
3000 PICK 1000 R71
3001 CANCEL_FAIL 102416
3001 DELIVER 937 R8 1839
3002 ASSIGN 970 R8 105
3002 SIDESTEP R74
3002 SIDESTEP R79
3003 SIDESTEP R35
3003 SIDESTEP R40
3003 SIDESTEP R44
3003 SIDESTEP R45
3003 SIDESTEP R48
3003 SIDESTEP R50
3003 SIDESTEP R58
3003 SIDESTEP R62
3004 SIDESTEP R6
3004 SIDESTEP R7
3004 SIDESTEP R12
3004 SIDESTEP R14
3004 SIDESTEP R15
3004 SIDESTEP R16
3004 SIDESTEP R57
3004 SIDESTEP R78
3005 SIDESTEP R0
3005 SIDESTEP R2
3005 SIDESTEP R64
3005 SIDESTEP R67
3005 DELIVER 947 R68 1832
3005 SIDESTEP R75
3006 ASSIGN 972 R68 77
3006 DELIVER 984 R3 1786
3006 SIDESTEP R28
3007 ASSIGN 1021 R3 50
3007 SIDESTEP R5
3007 SIDESTEP R60
3008 PICK 939 R25
3008 CHARGE R30
3008 SIDESTEP R35
3008 SIDESTEP R37
3008 SIDESTEP R38
3008 SIDESTEP R44
3008 SIDESTEP R45
3008 SIDESTEP R48
3008 SIDESTEP R50
3008 SIDESTEP R58
3009 SIDESTEP R6
3009 SIDESTEP R10
3009 SIDESTEP R12
3009 SIDESTEP R20
3009 SIDESTEP R21
3009 SIDESTEP R57
3009 SIDESTEP R72
3010 SIDESTEP R2
3010 SIDESTEP R24
3010 SIDESTEP R40
3010 SIDESTEP R75
3011 SIDESTEP R0
3011 SIDESTEP R56
3011 SIDESTEP R64
3012 SIDESTEP R16
3012 SIDESTEP R79
3013 CHARGE R19
3013 SIDESTEP R28
3013 SIDESTEP R37
3013 SIDESTEP R38
3013 SIDESTEP R50
3013 SIDESTEP R70
3014 SIDESTEP R5
3014 SIDESTEP R10
3014 SIDESTEP R57
3014 SIDESTEP R72
3014 SIDESTEP R78
3015 SIDESTEP R7
3015 SIDESTEP R17
3015 SIDESTEP R20
3015 SIDESTEP R21
3015 SIDESTEP R24
3015 PICK 945 R73
3015 SIDESTEP R75
3016 SIDESTEP R0
3016 SIDESTEP R35
3016 SIDESTEP R44
3016 SIDESTEP R45
3016 SIDESTEP R48
3016 SIDESTEP R64
3017 SIDESTEP R12
3017 SIDESTEP R16
3017 SIDESTEP R40
3017 PICK 969 R56
3017 SIDESTEP R58
3017 SIDESTEP R67
3017 SIDESTEP R79
3018 SIDESTEP R28
3018 SIDESTEP R37
3018 SIDESTEP R38
3018 SIDESTEP R70
3019 SIDESTEP R5
3019 SIDESTEP R9
3019 SIDESTEP R10
3019 SIDESTEP R72
3020 SIDESTEP R6
3020 SIDESTEP R24
3020 SIDESTEP R60
3020 SIDESTEP R75
3021 SIDESTEP R0
3021 PICK 1115 R36
3021 SIDESTEP R45
3021 SIDESTEP R48
3021 SIDESTEP R57
3021 SIDESTEP R64
3022 SIDESTEP R2
3022 SIDESTEP R7
3022 SIDESTEP R14
3022 SIDESTEP R15
3022 SIDESTEP R21
3022 SIDESTEP R40
3022 SIDESTEP R58
3022 SIDESTEP R67
3022 SIDESTEP R79
3023 SIDESTEP R28
3023 SIDESTEP R37
3023 SIDESTEP R38
3023 DEAD R40
3023 LOST 559
3023 SIDESTEP R44
3024 SIDESTEP R10
3024 SIDESTEP R12
3024 SIDESTEP R16
3024 SIDESTEP R35
3024 DELIVER 904 R43 1902
3024 SIDESTEP R72
3025 CHARGED R30
3025 ASSIGN 977 R30 89
3025 ASSIGN 978 R43 31
3025 SIDESTEP R6
3025 SIDESTEP R9
3025 SIDESTEP R24
3025 SIDESTEP R60
3025 SIDESTEP R62
3025 PICK 1017 R65
3025 SIDESTEP R70
3025 SIDESTEP R75
3026 SIDESTEP R0
3026 DELIVER 967 R42 1828
3027 ASSIGN 979 R42 46
3027 SIDESTEP R21
3027 PICK 965 R76
3027 SIDESTEP R79
3028 SIDESTEP R7
3028 SIDESTEP R20
3028 SIDESTEP R37
3028 SIDESTEP R45
3028 DELIVER 949 R51 1853
3028 SIDESTEP R54
3028 SIDESTEP R57
3028 SIDESTEP R78
3029 CHARGED R19
3029 ASSIGN 980 R19 75
3029 ASSIGN 982 R51 108
3029 SIDESTEP R5
3029 SIDESTEP R10
3029 SIDESTEP R15
3029 SIDESTEP R16
3029 SIDESTEP R17
3029 SIDESTEP R41
3030 SIDESTEP R70
3031 SIDESTEP R14
3031 SIDESTEP R35
3031 SIDESTEP R44
3031 SIDESTEP R75
3032 SIDESTEP R0
3032 PICK 938 R18
3033 SIDESTEP R20
3033 SIDESTEP R21
3033 SIDESTEP R37
3033 SIDESTEP R48
3033 DELIVER 943 R52 1865
3033 SIDESTEP R57
3033 SIDESTEP R58
3033 SIDESTEP R67
3033 SIDESTEP R78
3034 ASSIGN 983 R52 52
3034 SIDESTEP R5
3034 SIDESTEP R10
3034 SIDESTEP R16
3034 SIDESTEP R41
3034 DELIVER 998 R49 1799
3034 DELIVER 922 R63 1890
3034 PICK 1150 R74
3035 ASSIGN 985 R49 78
3035 GO_CHARGE R63 20 1
3035 SIDESTEP R6
3035 SIDESTEP R7
3035 SIDESTEP R54
3035 SIDESTEP R64
3035 SIDESTEP R70
3035 PICK 955 R77
3036 SIDESTEP R35
3036 SIDESTEP R44
3036 SIDESTEP R45
3036 SIDESTEP R75
3037 DELIVER 945 R73 1867
3038 GO_CHARGE R73 76 1
3038 SIDESTEP R37
3038 SIDESTEP R48
3038 SIDESTEP R58
3038 SIDESTEP R67
3038 SIDESTEP R72
3039 SIDESTEP R5
3039 SIDESTEP R9
3039 SIDESTEP R16
3039 SIDESTEP R41
3039 PICK 963 R61
3040 SIDESTEP R7
3040 SIDESTEP R54
3040 SIDESTEP R57
3040 SIDESTEP R62
3040 SIDESTEP R64
3040 SIDESTEP R70
3040 SIDESTEP R78
3041 SIDESTEP R15
3041 SIDESTEP R35
3041 SIDESTEP R44
3041 SIDESTEP R45
3041 SIDESTEP R50
3042 SIDESTEP R0
3042 SIDESTEP R2
3042 SIDESTEP R12
3043 RESCUE R31
3043 ASSIGN 987 R31 14
3043 SIDESTEP R37
3043 SIDESTEP R48
3043 SIDESTEP R58
3043 SIDESTEP R75
3044 SIDESTEP R16
3044 SIDESTEP R24
3044 SIDESTEP R60
3044 DELIVER 955 R77 1860
3045 ASSIGN 988 R77 36
3045 SIDESTEP R7
3045 SIDESTEP R14
3045 SIDESTEP R54
3045 SIDESTEP R64
3045 DELIVER 1017 R65 1780
3045 SIDESTEP R70
3045 DELIVER 965 R76 1849
3045 SIDESTEP R78
3046 ASSIGN 989 R65 16
3046 ASSIGN 990 R76 67
3046 SIDESTEP R15
3046 SIDESTEP R35
3046 SIDESTEP R45
3046 SIDESTEP R50
3047 SIDESTEP R67
3047 SIDESTEP R72
3048 CANCEL 2341
3048 SIDESTEP R5
3048 SIDESTEP R26
3048 SIDESTEP R37
3048 SIDESTEP R58
3049 SIDESTEP R16
3049 SIDESTEP R44
3049 REPORT pending=1376 aged=1287 idle=0 to_pickup=23 delivering=18 to_charger=35 charging=0 dead=4 hot=4,2,19
3050 SIDESTEP R0
3050 SIDESTEP R7
3050 SIDESTEP R14
3050 SIDESTEP R17
3050 DELIVER 913 R33 1919
3050 SIDESTEP R70
3050 SIDESTEP R78
3051 REJECT 2463
3051 ASSIGN 991 R33 33
3051 SIDESTEP R15
3051 SIDESTEP R35
3051 SIDESTEP R50
3051 SIDESTEP R75
3051 SIDESTEP R79
3052 SIDESTEP R6
3052 SIDESTEP R12
3052 SIDESTEP R20
3052 SIDESTEP R45
3052 SIDESTEP R67
3052 SIDESTEP R72
3053 SIDESTEP R5
3053 SIDESTEP R21
3053 PICK 1135 R24
3053 SIDESTEP R26
3053 SIDESTEP R37
3053 PICK 1014 R41
3054 SIDESTEP R16
3054 SIDESTEP R44
3055 SIDESTEP R0
3055 SIDESTEP R7
3055 SIDESTEP R14
3055 SIDESTEP R17
3055 SIDESTEP R31
3055 SIDESTEP R36
3055 SIDESTEP R70
3055 SIDESTEP R78
3056 DELIVER 948 R13 1882
3056 SIDESTEP R15
3056 SIDESTEP R35
3056 SIDESTEP R57
3056 SIDESTEP R75
3056 SIDESTEP R79
3057 ASSIGN 992 R13 33
3057 SIDESTEP R6
3057 SIDESTEP R12
3057 PICK 978 R43
3057 SIDESTEP R45
3057 SIDESTEP R54
3057 SIDESTEP R62
3057 SIDESTEP R67
3057 SIDESTEP R72
3058 SIDESTEP R5
3058 DELIVER 939 R25 1894
3058 SIDESTEP R26
3059 ASSIGN 1095 R25 88
3059 SIDESTEP R16
3059 SIDESTEP R21
3059 SIDESTEP R44
3060 SIDESTEP R0
3060 SIDESTEP R7
3060 SIDESTEP R14
3060 SIDESTEP R17
3060 SIDESTEP R31
3060 SIDESTEP R36
3060 PICK 933 R55
3060 SIDESTEP R78
3061 SIDESTEP R2
3061 SIDESTEP R15
3061 SIDESTEP R35
3061 SIDESTEP R57
3061 PICK 989 R65
3061 SIDESTEP R75
3062 RESCUE R11
3062 ASSIGN 993 R11 79
3062 SIDESTEP R45
3062 SIDESTEP R54
3062 SIDESTEP R62
3062 SIDESTEP R67
3062 SIDESTEP R72
3063 SIDESTEP R1
3063 SIDESTEP R9
3063 DELIVER 887 R38 1964
3063 SIDESTEP R58
3063 SIDESTEP R77
3064 GO_CHARGE R38 6 1
3064 SIDESTEP R6
3065 DEAD R5
3065 SIDESTEP R7
3065 SIDESTEP R17
3065 SIDESTEP R20
3065 SIDESTEP R21
3065 SIDESTEP R36
3065 DELIVER 1014 R41 1804
3066 GO_CHARGE R41 20 1
3066 SIDESTEP R2
3066 SIDESTEP R16
3066 SIDESTEP R50
3067 CHARGE R29
3067 SIDESTEP R62
3068 PICK 1021 R3
3068 SIDESTEP R9
3068 SIDESTEP R57
3068 SIDESTEP R64
3069 SIDESTEP R6
3069 SIDESTEP R44
3070 SIDESTEP R0
3070 SIDESTEP R12
3070 SIDESTEP R20
3070 SIDESTEP R21
3070 CHARGE R28
3070 SIDESTEP R36
3070 SIDESTEP R79
3071 SIDESTEP R7
3071 SIDESTEP R16
3071 SIDESTEP R50
3071 SIDESTEP R75
3073 SIDESTEP R9
3073 PICK 979 R42
3073 SIDESTEP R57
3073 SIDESTEP R67
3073 SIDESTEP R72
3074 SIDESTEP R6
3074 SIDESTEP R8
3074 SIDESTEP R58
3074 SIDESTEP R62
3075 RESCUE R47
3075 ASSIGN 1025 R47 44
3075 SIDESTEP R36
3075 SIDESTEP R54
3075 SIDESTEP R78
3075 SIDESTEP R79
3076 SIDESTEP R17
3076 SIDESTEP R26
3076 SIDESTEP R48
3076 SIDESTEP R75
3077 SIDESTEP R0
3077 SIDESTEP R2
3077 SIDESTEP R35
3077 SIDESTEP R50
3077 SIDESTEP R64
3077 SIDESTEP R70
3078 SIDESTEP R9
3078 SIDESTEP R20
3078 PICK 960 R59
3078 SIDESTEP R67
3078 SIDESTEP R72
3079 SIDESTEP R6
3079 DELIVER 1005 R22 1833
3079 SIDESTEP R58
3079 SIDESTEP R62
3080 ASSIGN 1027 R22 88
3080 SIDESTEP R36
3080 SIDESTEP R54
3080 SIDESTEP R79
3081 SIDESTEP R14
3081 DELIVER 986 R34 1859
3081 SIDESTEP R48
3082 ASSIGN 1030 R34 30
3082 SIDESTEP R2
3082 SIDESTEP R7
3082 SIDESTEP R12
3082 SIDESTEP R21
3082 SIDESTEP R64
3082 SIDESTEP R69
3082 SIDESTEP R70
3083 SIDESTEP R9
3083 SIDESTEP R15
3083 SIDESTEP R17
3083 PICK 991 R33
3083 SIDESTEP R67
3083 SIDESTEP R72
3083 SIDESTEP R78
3084 CHARGED R29
3084 ASSIGN 994 R29 83
3084 SIDESTEP R6
3084 SIDESTEP R57
3084 SIDESTEP R58
3084 SIDESTEP R61
3084 SIDESTEP R62
3084 PICK 972 R68
3085 SIDESTEP R36
3085 SIDESTEP R38
3085 SIDESTEP R47
3085 SIDESTEP R54
3085 PICK 1007 R60
3086 CHARGED R28
3086 ASSIGN 995 R28 39
3086 SIDESTEP R14
3086 SIDESTEP R48
3086 PICK 988 R77
3087 SIDESTEP R21
3087 SIDESTEP R50
3087 SIDESTEP R64
3087 SIDESTEP R69
3087 SIDESTEP R70
3088 SIDESTEP R9
3088 SIDESTEP R17
3088 SIDESTEP R63
3088 SIDESTEP R67
3088 SIDESTEP R72
3088 SIDESTEP R78
3088 SIDESTEP R79
3089 SIDESTEP R2
3089 SIDESTEP R6
3089 SIDESTEP R20
3089 SIDESTEP R34
3089 PICK 983 R52
3089 SIDESTEP R57
3089 SIDESTEP R62
3090 SIDESTEP R36
3091 RESCUE R53
3091 ASSIGN 1036 R53 36
3091 SIDESTEP R56
3092 SIDESTEP R14
3092 PICK 987 R31
3092 SIDESTEP R64
3092 SIDESTEP R69
3092 SIDESTEP R70
3093 SIDESTEP R0
3093 SIDESTEP R7
3093 PICK 992 R13
3093 SIDESTEP R15
3093 SIDESTEP R38
3093 SIDESTEP R67
3094 SIDESTEP R2
3094 SIDESTEP R20
3094 SIDESTEP R21
3094 SIDESTEP R35
3095 SIDESTEP R36
3096 SIDESTEP R6
3096 SIDESTEP R56
3097 CANCEL 2332
3097 CHARGE R45
3097 SIDESTEP R69
3098 CANCEL 2387
3098 SIDESTEP R7
3098 SIDESTEP R14
3098 SIDESTEP R15
3098 SIDESTEP R38
3098 SIDESTEP R44
3098 DELIVER 983 R52 1879
3099 ASSIGN 1037 R52 14
3099 SIDESTEP R0
3099 PICK 1012 R1
3099 SIDESTEP R2
3099 SIDESTEP R17
3099 SIDESTEP R21
3099 SIDESTEP R48
3099 SIDESTEP R50
3099 SIDESTEP R58
3099 SIDESTEP R79
3099 REPORT pending=1401 aged=1316 idle=0 to_pickup=18 delivering=26 to_charger=33 charging=1 dead=2 hot=5,2,17
3100 SIDESTEP R35
3100 SIDESTEP R36
3100 SIDESTEP R75
3101 CHARGE R4
3101 SIDESTEP R6
3101 SIDESTEP R56
3101 DEAD R62
3101 DELIVER 988 R77 1876
3102 ASSIGN 1038 R77 56
3102 SIDESTEP R29
3103 SIDESTEP R14
3103 SIDESTEP R15
3103 SIDESTEP R38
3103 SIDESTEP R44
3103 SIDESTEP R57
3104 SIDESTEP R0
3104 SIDESTEP R2
3104 SIDESTEP R17
3104 SIDESTEP R58
3104 SIDESTEP R64
3104 SIDESTEP R79
3105 SIDESTEP R18
3105 SIDESTEP R20
3105 SIDESTEP R21
3105 SIDESTEP R36
3105 SIDESTEP R48
3105 SIDESTEP R54
3105 SIDESTEP R75
3106 SIDESTEP R7
3106 SIDESTEP R12
3107 PICK 980 R19
3107 SIDESTEP R29
3107 SIDESTEP R70
3108 SIDESTEP R38
3108 SIDESTEP R44
3108 SIDESTEP R57
3108 SIDESTEP R78
3109 SIDESTEP R2
3109 DELIVER 1021 R3 1839
3109 SIDESTEP R17
3109 PICK 953 R26
3109 SIDESTEP R58
3109 SIDESTEP R67
3109 DELIVER 1000 R71 1870
3109 SIDESTEP R79
3110 ASSIGN 1045 R3 95
3110 GO_CHARGE R71 55 1
3110 SIDESTEP R14
3110 SIDESTEP R18
3110 SIDESTEP R20
3110 SIDESTEP R35
3110 SIDESTEP R36
3111 SIDESTEP R7
3112 SIDESTEP R15
3112 SIDESTEP R29
3112 PICK 961 R32
3112 PICK 985 R49
3112 PICK 1037 R52
3112 PICK 990 R76
3113 SIDESTEP R44
3113 SIDESTEP R57
3113 SIDESTEP R78
3114 CHARGED R45
3114 ASSIGN 1056 R45 104
3114 SIDESTEP R12
3114 SIDESTEP R17
3114 SIDESTEP R30
3114 SIDESTEP R48
3114 SIDESTEP R54
3114 DELIVER 969 R56 1914
3114 SIDESTEP R58
3114 SIDESTEP R67
3114 SIDESTEP R72
3115 GO_CHARGE R56 41 1
3115 SIDESTEP R0
3115 SIDESTEP R2
3115 SIDESTEP R18
3115 SIDESTEP R36
3115 SIDESTEP R64
3115 SIDESTEP R70
3117 CANCEL 2394
3117 DELIVER 992 R13 1888
3118 ASSIGN 1059 R13 84
3118 PICK 1030 R34
3118 DELIVER 999 R37 1881
3118 SIDESTEP R57
3118 SIDESTEP R78
3119 CHARGED R4
3119 ASSIGN 1061 R37 41
3119 ASSIGN 1062 R4 90
3119 SIDESTEP R12
3119 SIDESTEP R38
3119 SIDESTEP R48
3119 SIDESTEP R54
3119 SIDESTEP R72
3120 SIDESTEP R0
3120 SIDESTEP R17
3120 SIDESTEP R18
3120 SIDESTEP R20
3120 SIDESTEP R35
3120 SIDESTEP R36
3120 SIDESTEP R50
3120 SIDESTEP R59
3120 DELIVER 963 R61 1926
3120 SIDESTEP R64
3120 SIDESTEP R70
3120 DELIVER 1150 R74 1697
3121 ASSIGN 1120 R61 36
3121 ASSIGN 1142 R74 99
3121 SIDESTEP R14
3121 SIDESTEP R63
3121 SIDESTEP R67
3122 SIDESTEP R2
3122 SIDESTEP R6
3122 PICK 970 R8
3122 SIDESTEP R58
3124 PICK 995 R28
3124 PICK 1025 R47
3124 SIDESTEP R57
3125 SIDESTEP R0
3125 SIDESTEP R15
3125 SIDESTEP R17
3125 SIDESTEP R18
3125 SIDESTEP R20
3125 SIDESTEP R35
3125 SIDESTEP R36
3125 SIDESTEP R50
3125 SIDESTEP R64
3125 SIDESTEP R70
3125 SIDESTEP R75
3126 SIDESTEP R14
3126 PICK 1036 R53
3126 SIDESTEP R63
3126 SIDESTEP R67
3126 SIDESTEP R71
3127 RESCUE R40
3127 ASSIGN 1064 R40 84
3127 SIDESTEP R6
3127 SIDESTEP R48
3127 SIDESTEP R54
3127 SIDESTEP R58
3127 SIDESTEP R72
3127 SIDESTEP R79
3128 SIDESTEP R21
3128 SIDESTEP R78
3129 CANCEL 2504
3129 SIDESTEP R9
3129 SIDESTEP R12
3129 SIDESTEP R38
3129 SIDESTEP R57
3130 SIDESTEP R15
3130 SIDESTEP R17
3130 SIDESTEP R18
3130 SIDESTEP R20
3130 SIDESTEP R36
3130 SIDESTEP R44
3130 SIDESTEP R70
3131 SIDESTEP R2
3131 SIDESTEP R7
3131 SIDESTEP R14
3131 SIDESTEP R40
3131 SIDESTEP R63
3132 SIDESTEP R6
3132 SIDESTEP R48
3132 SIDESTEP R72
3132 SIDESTEP R79
3133 SIDESTEP R21
3133 SIDESTEP R35
3133 SIDESTEP R78
3134 SIDESTEP R9
3134 SIDESTEP R12
3134 SIDESTEP R38
3134 SIDESTEP R64
3134 SIDESTEP R75
3135 SIDESTEP R15
3135 SIDESTEP R17
3135 SIDESTEP R18
3135 SIDESTEP R36
3136 SIDESTEP R2
3136 SIDESTEP R40
3136 SIDESTEP R57
3136 SIDESTEP R63
3136 SIDESTEP R70
3136 SIDESTEP R71
3137 SIDESTEP R6
3137 SIDESTEP R7
3137 SIDESTEP R20
3137 DELIVER 1135 R24 1731
3137 SIDESTEP R48
3137 SIDESTEP R54
3137 SIDESTEP R58
3137 SIDESTEP R79
3138 ASSIGN 997 R24 80
3138 SIDESTEP R21
3138 SIDESTEP R26
3138 SIDESTEP R35
3139 SIDESTEP R9
3139 SIDESTEP R12
3139 SIDESTEP R38
3139 SIDESTEP R64
3140 SIDESTEP R0
3140 PICK 993 R11
3140 SIDESTEP R18
3140 SIDESTEP R36
3140 DELIVER 1007 R60 1890
3141 GO_CHARGE R60 27 1
3141 DELIVER 942 R10 1974
3141 DELIVER 991 R33 1913
3141 SIDESTEP R57
3141 SIDESTEP R70
3141 SIDESTEP R78
3142 GO_CHARGE R10 6 1
3142 GO_CHARGE R33 62 1
3142 SIDESTEP R2
3142 SIDESTEP R6
3142 SIDESTEP R7
3142 SIDESTEP R15
3142 DELIVER 979 R42 1927
3142 SIDESTEP R48
3142 SIDESTEP R67
3142 SIDESTEP R71
3143 GO_CHARGE R42 13 1
3143 SIDESTEP R35
3143 DELIVER 989 R65 1917
3143 SIDESTEP R79
3144 ASSIGN 1002 R65 23
3144 SIDESTEP R9
3144 PICK 977 R30
3144 SIDESTEP R38
3144 SIDESTEP R54
3144 SIDESTEP R61
3144 SIDESTEP R64
3144 SIDESTEP R75
3145 SIDESTEP R0
3145 SIDESTEP R14
3145 SIDESTEP R18
3145 SIDESTEP R36
3145 SIDESTEP R50
3146 SIDESTEP R25
3146 SIDESTEP R78
3147 SIDESTEP R2
3147 SIDESTEP R12
3147 SIDESTEP R44
3147 SIDESTEP R48
3147 SIDESTEP R53
3147 SIDESTEP R67
3148 SIDESTEP R56
3148 SIDESTEP R79
3149 SIDESTEP R9
3149 SIDESTEP R20
3149 SIDESTEP R35
3149 SIDESTEP R38
3149 SIDESTEP R54
3149 SIDESTEP R55
3149 SIDESTEP R61
3149 SIDESTEP R64
3149 SIDESTEP R75
3149 REPORT pending=1428 aged=1351 idle=0 to_pickup=16 delivering=25 to_charger=37 charging=0 dead=2 hot=5,2,17
3150 SIDESTEP R0
3150 SIDESTEP R14
3150 SIDESTEP R17
3150 SIDESTEP R18
3150 SIDESTEP R21
3150 SIDESTEP R36
3150 SIDESTEP R50
3150 SIDESTEP R63
3151 DELIVER 914 R69 2019
3152 GO_CHARGE R69 6 1
3152 SIDESTEP R6
3152 DELIVER 1030 R34 1873
3153 ASSIGN 1003 R34 44
3153 SIDESTEP R2
3154 SIDESTEP R38
3154 SIDESTEP R54
3154 SIDESTEP R61
3154 SIDESTEP R64
3154 SIDESTEP R67
3154 SIDESTEP R75
3154 SIDESTEP R79
3155 SIDESTEP R0
3155 SIDESTEP R7
3155 SIDESTEP R14
3155 SIDESTEP R15
3155 SIDESTEP R17
3155 SIDESTEP R21
3155 SIDESTEP R36
3155 DEAD R38
3155 SIDESTEP R53
3155 SIDESTEP R63
3155 SIDESTEP R71
3156 PICK 982 R51
3157 SIDESTEP R48
3157 PICK 1038 R77
3158 SIDESTEP R20
3158 DELIVER 985 R49 1937
3158 SIDESTEP R50
3159 ASSIGN 1006 R49 100
3159 PICK 1061 R37
3159 SIDESTEP R61
3159 SIDESTEP R67
3159 SIDESTEP R75
3160 SIDESTEP R14
3160 CHARGE R16
3160 SIDESTEP R17
3160 SIDESTEP R21
3160 SIDESTEP R36
3160 SIDESTEP R53
3160 SIDESTEP R58
3160 SIDESTEP R71
3161 SIDESTEP R44
3161 SIDESTEP R63
3161 SIDESTEP R64
3161 SIDESTEP R68
3162 SIDESTEP R2
3162 SIDESTEP R12
3162 SIDESTEP R56
3162 SIDESTEP R78
3163 SIDESTEP R7
3163 SIDESTEP R15
3163 SIDESTEP R20
3163 SIDESTEP R50
3163 SIDESTEP R57
3163 SIDESTEP R79
3164 SIDESTEP R35
3164 SIDESTEP R61
3164 SIDESTEP R72
3165 SIDESTEP R21
3165 SIDESTEP R36
3165 SIDESTEP R42
3165 SIDESTEP R58
3165 SIDESTEP R70
3166 CANCEL 2543
3166 RESCUE R5
3166 ASSIGN 1008 R5 21
3166 DELIVER 993 R11 1936
3166 SIDESTEP R63
3166 PICK 1002 R65
3166 SIDESTEP R67
3166 SIDESTEP R68
3166 SIDESTEP R75
3167 ASSIGN 1011 R11 82
3167 SIDESTEP R2
3167 SIDESTEP R17
3167 PICK 1027 R22
3167 SIDESTEP R56
3167 SIDESTEP R64
3167 SIDESTEP R78
3168 SIDESTEP R12
3168 SIDESTEP R20
3168 SIDESTEP R44
3168 SIDESTEP R50
3168 SIDESTEP R54
3168 SIDESTEP R79
3169 SIDESTEP R0
3169 SIDESTEP R9
3169 SIDESTEP R35
3169 SIDESTEP R61
3169 SIDESTEP R72
3170 SIDESTEP R21
3170 PICK 1095 R25
3170 SIDESTEP R36
3170 SIDESTEP R42
3170 SIDESTEP R57
3170 SIDESTEP R58
3170 SIDESTEP R70
3171 SIDESTEP R5
3171 SIDESTEP R63
3171 SIDESTEP R68
3172 SIDESTEP R17
3172 SIDESTEP R56
3172 SIDESTEP R60
3173 SIDESTEP R44
3173 SIDESTEP R79
3174 SIDESTEP R35
3174 SIDESTEP R53
3174 SIDESTEP R54
3174 SIDESTEP R61
3174 SIDESTEP R71
3175 SIDESTEP R9
3175 SIDESTEP R14
3175 SIDESTEP R36
3175 SIDESTEP R58
3175 SIDESTEP R64
3175 SIDESTEP R70
3175 SIDESTEP R72
3176 SIDESTEP R0
3176 SIDESTEP R6
3176 SIDESTEP R68
3177 CHARGED R16
3177 ASSIGN 1013 R16 56
3177 SIDESTEP R12
3177 SIDESTEP R21
3177 SIDESTEP R50
3177 SIDESTEP R55
3177 SIDESTEP R60
3177 SIDESTEP R75
3177 SIDESTEP R78
3178 SIDESTEP R7
3178 SIDESTEP R20
3178 SIDESTEP R57
3178 DELIVER 960 R59 1989
3179 ASSIGN 1015 R59 109
3179 SIDESTEP R53
3179 SIDESTEP R61
3179 SIDESTEP R71
3180 SIDESTEP R36
3180 SIDESTEP R64
3180 SIDESTEP R70
3180 SIDESTEP R76
3181 SIDESTEP R5
3181 SIDESTEP R6
3181 SIDESTEP R9
3181 SIDESTEP R63
3181 SIDESTEP R68
3182 SIDESTEP R12
3182 SIDESTEP R17
3182 SIDESTEP R50
3182 SIDESTEP R58
3183 SIDESTEP R35
3183 SIDESTEP R54
3183 SIDESTEP R57
3183 SIDESTEP R79
3184 SIDESTEP R15
3184 PICK 994 R29
3184 SIDESTEP R53
3184 SIDESTEP R61
3184 SIDESTEP R71
3185 SIDESTEP R14
3185 SIDESTEP R69
3185 SIDESTEP R76
3186 SIDESTEP R9
3186 SIDESTEP R20
3186 SIDESTEP R42
3186 SIDESTEP R68
3187 SIDESTEP R10
3187 SIDESTEP R17
3187 SIDESTEP R64
3187 SIDESTEP R70
3187 SIDESTEP R78
3188 DELIVER 987 R31 1965
3188 SIDESTEP R35
3188 CHARGE R41
3188 SIDESTEP R51
3188 SIDESTEP R54
3188 SIDESTEP R57
3189 ASSIGN 1019 R31 55
3189 SIDESTEP R7
3189 SIDESTEP R15
3189 SIDESTEP R16
3189 SIDESTEP R53
3189 SIDESTEP R71
3189 SIDESTEP R72
3189 SIDESTEP R75
3190 SIDESTEP R12
3190 SIDESTEP R21
3190 SIDESTEP R26
3190 SIDESTEP R69
3190 SIDESTEP R76
3191 SIDESTEP R0
3191 SIDESTEP R9
3191 SIDESTEP R20
3191 SIDESTEP R50
3191 SIDESTEP R63
3192 DELIVER 978 R43 1978
3192 SIDESTEP R60
3192 SIDESTEP R64
3193 GO_CHARGE R43 62 1
3193 SIDESTEP R14
3193 SIDESTEP R51
3193 DELIVER 1037 R52 1905
3193 SIDESTEP R54
3193 SIDESTEP R56
3194 GO_CHARGE R52 83 1
3194 SIDESTEP R7
3194 SIDESTEP R15
3194 DELIVER 980 R19 1978
3194 SIDESTEP R53
3194 SIDESTEP R71
3194 SIDESTEP R72
3194 SIDESTEP R79
3195 ASSIGN 1020 R19 97
3195 DELIVER 1012 R1 1936
3195 SIDESTEP R12
3195 SIDESTEP R21
3195 SIDESTEP R26
3195 SIDESTEP R57
3195 SIDESTEP R69
3195 SIDESTEP R75
3196 CANCEL 2433
3196 GO_CHARGE R1 6 1
3196 SIDESTEP R0
3196 SIDESTEP R9
3196 SIDESTEP R20
3196 PICK 1003 R34
3196 SIDESTEP R44
3196 SIDESTEP R50
3196 SIDESTEP R63
3197 SIDESTEP R6
3197 CHARGE R46
3197 SIDESTEP R64
3198 SIDESTEP R54
3198 SIDESTEP R55
3199 SIDESTEP R7
3199 SIDESTEP R15
3199 SIDESTEP R72
3199 REPORT pending=1463 aged=1380 idle=0 to_pickup=16 delivering=23 to_charger=37 charging=2 dead=2 hot=5,2,18
3200 PICK 1008 R5
3200 SIDESTEP R26
3200 SIDESTEP R35
3200 SIDESTEP R53
3200 SIDESTEP R69
3200 SIDESTEP R75
3200 SIDESTEP R76
3200 SIDESTEP R78
3200 SIDESTEP R79
3201 SIDESTEP R1
3201 SIDESTEP R2
3201 DELIVER 970 R8 2000
3201 SIDESTEP R9
3201 SIDESTEP R12
3201 PICK 1059 R13
3201 SIDESTEP R20
3201 SIDESTEP R44
3201 SIDESTEP R50
3201 SIDESTEP R56
3202 ASSIGN 1207 R8 26
3202 SIDESTEP R6
3202 SIDESTEP R14
3202 SIDESTEP R48
3202 DELIVER 933 R55 2045
3202 SIDESTEP R73
3203 RESCUE R62
3203 ASSIGN 1211 R62 104
3203 ASSIGN 1022 R55 79
3203 SIDESTEP R0
3203 DEAD R67
3204 CHARGED R41
3204 ASSIGN 1023 R41 88
3204 PICK 1045 R3
3204 PICK 1062 R4
3204 SIDESTEP R15
3204 DELIVER 995 R28 1972
3204 SIDESTEP R72
3204 DELIVER 1038 R77 1915
3205 ASSIGN 1024 R28 81
3205 ASSIGN 1029 R77 40
3205 SIDESTEP R26
3205 SIDESTEP R35
3205 SIDESTEP R64
3205 SIDESTEP R69
3205 SIDESTEP R75
3205 SIDESTEP R78
3206 SIDESTEP R2
3206 SIDESTEP R9
3206 SIDESTEP R20
3206 SIDESTEP R44
3206 SIDESTEP R50
3206 SIDESTEP R56
3206 SIDESTEP R58
3206 SIDESTEP R71
3207 SIDESTEP R1
3207 SIDESTEP R6
3207 DEAD R9
3207 SIDESTEP R14
3207 SIDESTEP R17
3207 SIDESTEP R48
3207 SIDESTEP R57
3207 SIDESTEP R60
3208 DEAD R35
3208 SIDESTEP R73
3208 SIDESTEP R79
3209 CANCEL 2468
3209 SIDESTEP R3
3209 SIDESTEP R15
3209 DELIVER 961 R32 2019
3209 SIDESTEP R54
3209 SIDESTEP R70
3209 SIDESTEP R72
3210 GO_CHARGE R32 83 1
3210 DELIVER 938 R18 2047
3210 PICK 1120 R61
3210 SIDESTEP R78
3211 CANCEL 2536
3211 ASSIGN 1217 R18 80
3211 SIDESTEP R20
3211 SIDESTEP R44
3211 SIDESTEP R56
3211 SIDESTEP R58
3211 SIDESTEP R62
3211 SIDESTEP R64
3211 SIDESTEP R75
3212 SIDESTEP R0
3212 SIDESTEP R2
3212 SIDESTEP R4
3212 SIDESTEP R10
3212 SIDESTEP R14
3212 SIDESTEP R17
3212 SIDESTEP R53
3212 SIDESTEP R71
3213 DELIVER 1025 R47 1939
3213 SIDESTEP R48
3213 SIDESTEP R57
3213 SIDESTEP R79
3214 CHARGED R46
3214 ASSIGN 1032 R46 22
3214 ASSIGN 1035 R47 33
3214 SIDESTEP R11
3214 SIDESTEP R54
3214 SIDESTEP R69
3214 SIDESTEP R70
3215 SIDESTEP R21
3215 SIDESTEP R72
3216 SIDESTEP R44
3216 SIDESTEP R56
3216 SIDESTEP R62
3216 SIDESTEP R64
3217 SIDESTEP R0
3217 SIDESTEP R2
3217 SIDESTEP R10
3217 SIDESTEP R17
3217 SIDESTEP R50
3217 SIDESTEP R53
3217 SIDESTEP R60
3218 SIDESTEP R12
3218 SIDESTEP R14
3218 SIDESTEP R45
3218 SIDESTEP R48
3218 SIDESTEP R58
3218 SIDESTEP R63
3218 SIDESTEP R75
3219 SIDESTEP R1
3219 PICK 997 R24
3219 SIDESTEP R57
3219 SIDESTEP R79
3220 SIDESTEP R72
3220 SIDESTEP R78
3221 SIDESTEP R56
3221 SIDESTEP R62
3221 SIDESTEP R64
3221 CHARGE R73
3222 SIDESTEP R0
3222 SIDESTEP R2
3222 DELIVER 1008 R5 1971
3222 SIDESTEP R6
3222 SIDESTEP R10
3222 DELIVER 1027 R22 1946
3222 SIDESTEP R50
3222 DELIVER 972 R68 2019
3222 DELIVER 990 R76 1995
3223 ASSIGN 1065 R5 51
3223 ASSIGN 1225 R68 67
3223 ASSIGN 1041 R76 29
3223 ASSIGN 1042 R22 131
3223 SIDESTEP R14
3223 SIDESTEP R45
3223 SIDESTEP R58
3223 SIDESTEP R70
3224 SIDESTEP R1
3224 SIDESTEP R54
3224 SIDESTEP R57
3224 SIDESTEP R71
3224 PICK 1142 R74
3225 SIDESTEP R12
3225 SIDESTEP R48
3225 SIDESTEP R78
3226 SIDESTEP R24
3226 SIDESTEP R44
3226 SIDESTEP R64
3227 SIDESTEP R0
3227 SIDESTEP R10
3227 SIDESTEP R11
3227 SIDESTEP R50
3227 SIDESTEP R53
3227 SIDESTEP R63
3228 SIDESTEP R45
3228 SIDESTEP R58
3228 SIDESTEP R70
3228 SIDESTEP R72
3229 SIDESTEP R1
3229 SIDESTEP R6
3229 SIDESTEP R7
3229 SIDESTEP R54
3231 SIDESTEP R14
3231 SIDESTEP R20
3231 SIDESTEP R24
3231 SIDESTEP R64
3232 SIDESTEP R11
3232 SIDESTEP R50
3232 SIDESTEP R53
3232 SIDESTEP R63
3233 SIDESTEP R45
3233 SIDESTEP R60
3234 SIDESTEP R6
3234 SIDESTEP R7
3234 SIDESTEP R21
3235 SIDESTEP R2
3235 PICK 1032 R46
3235 SIDESTEP R54
3235 SIDESTEP R62
3236 PICK 1013 R16
3236 SIDESTEP R20
3236 SIDESTEP R24
3236 PICK 1064 R40
3236 SIDESTEP R48
3236 SIDESTEP R64
3236 SIDESTEP R70
3236 SIDESTEP R75
3237 CHARGED R73
3237 ASSIGN 1071 R73 102
3237 SIDESTEP R1
3237 SIDESTEP R11
3237 SIDESTEP R17
3237 SIDESTEP R50
3237 SIDESTEP R53
3237 SIDESTEP R63
3238 SIDESTEP R25
3238 SIDESTEP R33
3238 SIDESTEP R45
3238 SIDESTEP R60
3239 SIDESTEP R7
3239 SIDESTEP R12
3240 SIDESTEP R14
3240 SIDESTEP R54
3240 SIDESTEP R58
3241 SIDESTEP R20
3241 SIDESTEP R24
3241 SIDESTEP R34
3241 SIDESTEP R64
3241 SIDESTEP R70
3241 SIDESTEP R75
3241 SIDESTEP R78
3242 SIDESTEP R0
3242 SIDESTEP R10
3242 SIDESTEP R11
3242 SIDESTEP R17
3242 SIDESTEP R50
3242 SIDESTEP R53
3242 SIDESTEP R63
3242 SIDESTEP R72
3243 PICK 1207 R8
3243 SIDESTEP R19
3243 PICK 1019 R31
3243 SIDESTEP R45
3243 SIDESTEP R60
3243 SIDESTEP R62
3244 SIDESTEP R12
3244 SIDESTEP R21
3244 SIDESTEP R71
3244 PICK 1029 R77
3245 SIDESTEP R2
3245 SIDESTEP R54
3245 SIDESTEP R58
3246 SIDESTEP R20
3246 PICK 1035 R47
3246 SIDESTEP R64
3246 SIDESTEP R78
3246 SIDESTEP R79
3247 SIDESTEP R17
3247 SIDESTEP R44
3247 SIDESTEP R50
3247 SIDESTEP R56
3247 DEAD R70
3247 SIDESTEP R72
3248 SIDESTEP R6
3248 SIDESTEP R53
3248 SIDESTEP R60
3248 SIDESTEP R63
3249 SIDESTEP R12
3249 SIDESTEP R21
3249 SIDESTEP R71
3249 REPORT pending=1484 aged=1403 idle=0 to_pickup=16 delivering=26 to_charger=33 charging=0 dead=5 hot=8,1,15
3250 SIDESTEP R1
3250 SIDESTEP R2
3250 SIDESTEP R48
3250 SIDESTEP R57
3250 SIDESTEP R69
3251 SIDESTEP R32
3251 SIDESTEP R64
3251 PICK 1041 R76
3251 SIDESTEP R78
3251 SIDESTEP R79
3252 SIDESTEP R17
3252 DELIVER 994 R29 2021
3252 SIDESTEP R44
3252 SIDESTEP R50
3252 SIDESTEP R58
3252 SIDESTEP R72
3252 SIDESTEP R75
3253 ASSIGN 1077 R29 57
3253 SIDESTEP R6
3253 DELIVER 1207 R8 1756
3253 SIDESTEP R53
3253 SIDESTEP R54
3253 SIDESTEP R60
3253 SIDESTEP R63
3254 ASSIGN 1079 R8 48
3254 SIDESTEP R10
3254 SIDESTEP R12
3254 DELIVER 1003 R34 2010
3254 SIDESTEP R42
3254 SIDESTEP R71
3255 ASSIGN 1082 R34 19
3255 SIDESTEP R1
3255 DEAD R10
3255 SIDESTEP R14
3256 RESCUE R38
3256 ASSIGN 1084 R38 100
3256 DELIVER 1062 R4 1937
3256 SIDESTEP R22
3256 SIDESTEP R78
3257 ASSIGN 1085 R4 91
3257 SIDESTEP R0
3257 SIDESTEP R2
3257 SIDESTEP R44
3257 SIDESTEP R50
3257 DELIVER 982 R51 2039
3257 SIDESTEP R56
3257 SIDESTEP R58
3257 SIDESTEP R72
3258 ASSIGN 1089 R51 19
3258 SIDESTEP R6
3258 SIDESTEP R21
3258 SIDESTEP R48
3258 SIDESTEP R57
3258 SIDESTEP R63
3259 SIDESTEP R12
3259 SIDESTEP R17
3259 SIDESTEP R42
3259 PICK 1006 R49
3259 SIDESTEP R54
3259 SIDESTEP R55
3259 SIDESTEP R60
3259 SIDESTEP R71
3260 SIDESTEP R1
3260 SIDESTEP R26
3261 SIDESTEP R14
3261 DELIVER 977 R30 2048
3261 DELIVER 1120 R61 1873
3262 ASSIGN 1091 R30 68
3262 ASSIGN 1092 R61 143
3262 SIDESTEP R44
3262 PICK 1056 R45
3262 SIDESTEP R50
3262 SIDESTEP R56
3262 SIDESTEP R69
3262 SIDESTEP R72
3262 SIDESTEP R78
3262 SIDESTEP R79
3263 SIDESTEP R6
3263 SIDESTEP R21
3263 SIDESTEP R48
3263 SIDESTEP R63
3263 SIDESTEP R77
3264 SIDESTEP R54
3264 SIDESTEP R57
3264 SIDESTEP R58
3265 DELIVER 997 R24 2031
3265 SIDESTEP R31
3265 SIDESTEP R64
3266 ASSIGN 1153 R24 96
3266 SIDESTEP R53
3266 SIDESTEP R71
3267 SIDESTEP R12
3267 SIDESTEP R14
3267 DELIVER 1115 R36 1885
3267 SIDESTEP R50
3267 SIDESTEP R56
3267 SIDESTEP R69
3267 SIDESTEP R75
3267 SIDESTEP R79
3268 GO_CHARGE R36 76 1
3268 SIDESTEP R0
3268 SIDESTEP R1
3268 SIDESTEP R6
3268 SIDESTEP R7
3268 SIDESTEP R21
3269 SIDESTEP R54
3269 SIDESTEP R57
3269 SIDESTEP R58
3269 SIDESTEP R72
3270 SIDESTEP R17
3270 DELIVER 1095 R25 1911
3271 GO_CHARGE R25 62 1
3272 SIDESTEP R12
3272 SIDESTEP R14
3272 DELIVER 1061 R37 1954
3272 SIDESTEP R50
3272 SIDESTEP R60
3273 ASSIGN 1106 R37 11
3273 PICK 1065 R5
3273 SIDESTEP R7
3273 PICK 1082 R34
3273 SIDESTEP R71
3274 SIDESTEP R42
3274 SIDESTEP R57
3274 SIDESTEP R63
3274 DELIVER 1002 R65 2032
3275 ASSIGN 1169 R65 43
3275 SIDESTEP R17
3275 SIDESTEP R20
3275 SIDESTEP R26
3275 SIDESTEP R64
3275 SIDESTEP R69
3275 SIDESTEP R75
3275 CHARGE R78
3276 PICK 1089 R51
3276 DEAD R79
3276 LOST 846
3277 SIDESTEP R0
3277 SIDESTEP R14
3277 SIDESTEP R50
3277 SIDESTEP R60
3278 SIDESTEP R1
3278 SIDESTEP R7
3278 SIDESTEP R72
3279 SIDESTEP R6
3279 SIDESTEP R21
3279 SIDESTEP R42
3279 DELIVER 1035 R47 1993
3279 SIDESTEP R53
3279 SIDESTEP R54
3279 SIDESTEP R58
3280 ASSIGN 1111 R47 40
3280 SIDESTEP R20
3280 SIDESTEP R56
3280 SIDESTEP R64
3280 SIDESTEP R75
3281 SIDESTEP R26
3281 SIDESTEP R57
3282 SIDESTEP R0
3282 SIDESTEP R2
3282 SIDESTEP R12
3282 SIDESTEP R14
3282 CHARGE R33
3282 SIDESTEP R50
3282 SIDESTEP R60
3283 SIDESTEP R1
3283 SIDESTEP R4
3283 PICK 1106 R37
3283 SIDESTEP R59
3283 SIDESTEP R71
3283 SIDESTEP R72
3284 SIDESTEP R6
3284 DELIVER 1013 R16 2024
3284 SIDESTEP R21
3284 SIDESTEP R54
3284 SIDESTEP R58
3285 ASSIGN 1116 R16 79
3285 SIDESTEP R53
3285 SIDESTEP R64
3286 CANCEL 2517
3286 SIDESTEP R17
3286 SIDESTEP R22
3286 DELIVER 1019 R31 2018
3286 SIDESTEP R57
3286 SIDESTEP R63
3287 ASSIGN 1118 R31 102
3287 SIDESTEP R0
3287 SIDESTEP R2
3287 SIDESTEP R26
3287 SIDESTEP R44
3287 SIDESTEP R50
3288 CANCEL 2606
3288 SIDESTEP R1
3288 DELIVER 1059 R13 1973
3288 SIDESTEP R20
3288 SIDESTEP R59
3288 SIDESTEP R71
3289 ASSIGN 1180 R13 34
3289 SIDESTEP R6
3289 SIDESTEP R21
3289 SIDESTEP R54
3289 SIDESTEP R58
3289 SIDESTEP R60
3289 PICK 1225 R68
3290 PICK 1024 R28
3290 SIDESTEP R76
3291 PICK 1011 R11
3291 SIDESTEP R17
3291 SIDESTEP R22
3291 PICK 1023 R41
3291 SIDESTEP R53
3291 SIDESTEP R57
3291 SIDESTEP R63
3292 SIDESTEP R0
3292 SIDESTEP R2
3292 SIDESTEP R50
3292 SIDESTEP R56
3292 SIDESTEP R69
3293 CHARGED R78
3293 ASSIGN 1039 R78 23
3293 SIDESTEP R1
3293 SIDESTEP R59
3293 SIDESTEP R71
3294 SIDESTEP R21
3294 SIDESTEP R45
3294 SIDESTEP R54
3294 SIDESTEP R58
3294 SIDESTEP R60
3294 SIDESTEP R72
3295 SIDESTEP R14
3296 SIDESTEP R17
3296 SIDESTEP R22
3296 SIDESTEP R57
3296 SIDESTEP R63
3297 REJECT 2664
3297 SIDESTEP R0
3297 SIDESTEP R2
3297 SIDESTEP R12
3297 PICK 1020 R19
3297 SIDESTEP R44
3297 SIDESTEP R48
3297 SIDESTEP R50
3297 CHARGE R52
3297 SIDESTEP R69
3297 SIDESTEP R78
3298 CANCEL 2581
3298 CHARGED R33
3298 ASSIGN 1126 R33 110
3298 SIDESTEP R20
3298 CHARGE R42
3298 SIDESTEP R56
3299 SIDESTEP R28
3299 SIDESTEP R54
3299 SIDESTEP R58
3299 SIDESTEP R60
3299 SIDESTEP R72
3299 DELIVER 1142 R74 1885
3299 REPORT pending=1507 aged=1428 idle=1 to_pickup=21 delivering=20 to_charger=30 charging=2 dead=6 hot=6,1,15
3300 ASSIGN 1128 R74 38
3300 SIDESTEP R6
3300 SIDESTEP R14
3300 SIDESTEP R26
3300 SIDESTEP R71
3301 PICK 1079 R8
3301 SIDESTEP R17
3301 SIDESTEP R22
3301 SIDESTEP R53
3301 SIDESTEP R57
3301 SIDESTEP R64
3302 SIDESTEP R2
3302 SIDESTEP R12
3302 SIDESTEP R50
3303 SIDESTEP R31
3303 SIDESTEP R78
3304 DELIVER 1045 R3 2004
3304 SIDESTEP R20
3304 SIDESTEP R48
3304 SIDESTEP R54
3304 SIDESTEP R56
3304 SIDESTEP R58
3304 SIDESTEP R60
3304 SIDESTEP R63
3304 SIDESTEP R69
3304 SIDESTEP R75
3305 ASSIGN 1047 R3 117
3305 SIDESTEP R6
3305 SIDESTEP R14
3305 SIDESTEP R44
3305 SIDESTEP R59
3305 SIDESTEP R71
3306 RESCUE R67
3306 ASSIGN 1048 R67 111
3306 SIDESTEP R1
3306 PICK 1217 R18
3306 SIDESTEP R25
3307 RESCUE R9
3307 ASSIGN 1049 R9 81
3307 SIDESTEP R2
3307 SIDESTEP R12
3307 DELIVER 1064 R40 1985
3307 SIDESTEP R50
3308 CANCEL 2672
3308 ASSIGN 1051 R40 108
3308 SIDESTEP R16
3308 DELIVER 1089 R51 1957
3309 ASSIGN 1052 R51 76
3309 SIDESTEP R20
3309 PICK 1077 R29
3309 SIDESTEP R48
3309 SIDESTEP R54
3309 SIDESTEP R58
3309 PICK 1015 R59
3309 SIDESTEP R63
3309 SIDESTEP R69
3310 SIDESTEP R14
3310 SIDESTEP R17
3310 SIDESTEP R21
3310 SIDESTEP R44
3310 SIDESTEP R46
3310 SIDESTEP R56
3310 SIDESTEP R71
3310 SIDESTEP R75
3311 RESCUE R35
3311 ASSIGN 1053 R35 89
3311 SIDESTEP R1
3311 SIDESTEP R9
3311 SIDESTEP R67
3312 CHARGED R52
3312 ASSIGN 1054 R52 58
3312 SIDESTEP R0
3312 SIDESTEP R2
3312 SIDESTEP R50
3312 SIDESTEP R57
3313 SIDESTEP R16
3313 CHARGE R32
3313 DELIVER 1036 R53 2026
3314 ASSIGN 1055 R53 22
3314 SIDESTEP R20
3314 SIDESTEP R54
3314 SIDESTEP R58
3314 SIDESTEP R63
3315 CHARGED R42
3315 ASSIGN 1057 R42 140
3315 SIDESTEP R14
3315 SIDESTEP R21
3315 SIDESTEP R46
3315 SIDESTEP R48
3315 SIDESTEP R64
3315 SIDESTEP R75
3316 SIDESTEP R56
3316 SIDESTEP R67
3317 SIDESTEP R28
3317 SIDESTEP R50
3318 SIDESTEP R2
3318 CHARGE R15
3318 SIDESTEP R16
3318 SIDESTEP R57
3318 SIDESTEP R71
3318 SIDESTEP R77
3319 SIDESTEP R0
3319 SIDESTEP R12
3319 SIDESTEP R20
3319 PICK 1111 R47
3319 SIDESTEP R53
3319 SIDESTEP R54
3319 SIDESTEP R58
3319 SIDESTEP R63
3320 SIDESTEP R1
3320 SIDESTEP R21
3320 SIDESTEP R46
3320 SIDESTEP R60
3320 SIDESTEP R64
3320 SIDESTEP R72
3320 SIDESTEP R75
3321 CHARGE R43
3322 PICK 1180 R13
3322 DELIVER 953 R26 2140
3322 SIDESTEP R44
3322 SIDESTEP R50
3322 SIDESTEP R56
3323 GO_CHARGE R26 13 1
3323 SIDESTEP R16
3323 SIDESTEP R42
3323 SIDESTEP R71
3324 SIDESTEP R0
3324 SIDESTEP R20
3324 SIDESTEP R54
3324 SIDESTEP R58
3324 SIDESTEP R63
3325 SIDESTEP R1
3325 SIDESTEP R2
3325 DEAD R6
3325 SIDESTEP R21
3325 SIDESTEP R46
3325 SIDESTEP R60
3325 SIDESTEP R72
3326 SIDESTEP R12
3326 SIDESTEP R14
3327 SIDESTEP R44
3327 SIDESTEP R56
3327 SIDESTEP R69
3328 CANCEL 2670
3328 SIDESTEP R16
3328 SIDESTEP R42
3328 SIDESTEP R50
3328 PICK 1022 R55
3328 SIDESTEP R71
3329 CHARGED R32
3329 ASSIGN 1060 R32 101
3329 SIDESTEP R54
3329 SIDESTEP R58
3329 PICK 1039 R78
3330 SIDESTEP R1
3330 SIDESTEP R26
3330 DELIVER 1082 R34 1987
3330 SIDESTEP R46
3330 SIDESTEP R60
3331 GO_CHARGE R34 83 1
3331 SIDESTEP R14
3331 SIDESTEP R67
3332 SIDESTEP R0
3332 SIDESTEP R21
3332 SIDESTEP R44
3332 SIDESTEP R53
3332 SIDESTEP R56
3332 SIDESTEP R69
3333 CANCEL 2669
3333 SIDESTEP R16
3333 SIDESTEP R42
3333 SIDESTEP R48
3333 SIDESTEP R55
3333 SIDESTEP R71
3334 SIDESTEP R12
3334 SIDESTEP R50
3334 SIDESTEP R54
3334 SIDESTEP R58
3335 CHARGED R15
3335 ASSIGN 1063 R15 100
3335 SIDESTEP R1
3335 SIDESTEP R46
3335 SIDESTEP R60
3335 SIDESTEP R63
3336 CHARGED R43
3336 ASSIGN 1067 R43 73
3336 DELIVER 1079 R8 1996
3336 SIDESTEP R14
3337 ASSIGN 1243 R8 50
3337 DELIVER 1065 R5 2014
3337 SIDESTEP R44
3337 SIDESTEP R56
3338 ASSIGN 1069 R5 54
3338 SIDESTEP R2
3338 SIDESTEP R4
3338 SIDESTEP R16
3338 SIDESTEP R48
3338 SIDESTEP R53
3338 SIDESTEP R55
3338 SIDESTEP R71
3338 PICK 1071 R73
3338 PICK 1128 R74
3338 SIDESTEP R75
3339 SIDESTEP R17
3339 SIDESTEP R54
3339 SIDESTEP R58
3339 SIDESTEP R64
3340 SIDESTEP R1
3340 SIDESTEP R12
3340 SIDESTEP R60
3340 CHARGE R63
3343 SIDESTEP R2
3343 SIDESTEP R4
3343 SIDESTEP R55
3343 SIDESTEP R56
3343 SIDESTEP R57
3343 SIDESTEP R75
3344 DELIVER 1180 R13 1882
3344 SIDESTEP R17
3344 SIDESTEP R42
3344 SIDESTEP R50
3344 SIDESTEP R54
3344 SIDESTEP R58
3344 SIDESTEP R64
3344 SIDESTEP R71
3345 ASSIGN 1066 R13 23
3345 SIDESTEP R12
3345 SIDESTEP R14
3345 SIDESTEP R26
3345 DELIVER 1024 R28 2072
3345 SIDESTEP R48
3345 SIDESTEP R60
3345 SIDESTEP R69
3346 ASSIGN 1070 R28 24
3346 SIDESTEP R0
3347 RESCUE R70
3347 ASSIGN 1072 R70 74
3347 DELIVER 1071 R73 2015
3348 REJECT 2710
3348 ASSIGN 1073 R73 109
3348 SIDESTEP R4
3348 SIDESTEP R56
3349 SIDESTEP R17
3349 SIDESTEP R50
3349 SIDESTEP R54
3349 SIDESTEP R58
3349 SIDESTEP R71
3349 REPORT pending=1529 aged=1445 idle=0 to_pickup=30 delivering=19 to_charger=27 charging=1 dead=3 hot=7,1,14
3350 SIDESTEP R12
3350 SIDESTEP R14
3350 SIDESTEP R26
3350 SIDESTEP R48
3350 SIDESTEP R60
3350 SIDESTEP R75
3350 DELIVER 1041 R76 2057
3351 ASSIGN 1080 R76 90
3351 SIDESTEP R1
3351 SIDESTEP R20
3351 SIDESTEP R64
3351 PICK 1169 R65
3352 SIDESTEP R2
3352 DELIVER 1029 R77 2074
3353 ASSIGN 1076 R77 76
3353 SIDESTEP R0
3353 SIDESTEP R21
3353 PICK 1091 R30
3353 PICK 1211 R62
3354 SIDESTEP R50
3354 SIDESTEP R54
3354 SIDESTEP R58
3354 SIDESTEP R71
3355 RESCUE R10
3355 ASSIGN 1078 R10 94
3355 SIDESTEP R48
3355 SIDESTEP R72
3356 SIDESTEP R44
3356 SIDESTEP R60
3356 SIDESTEP R64
3356 SIDESTEP R69
3356 SIDESTEP R70
3357 SIDESTEP R2
3357 SIDESTEP R12
3358 CHARGED R63
3358 ASSIGN 1081 R63 50
3358 SIDESTEP R0
3358 SIDESTEP R14
3358 SIDESTEP R21
3358 SIDESTEP R57
3358 SIDESTEP R65
3359 SIDESTEP R50
3359 SIDESTEP R54
3359 SIDESTEP R58
3360 SIDESTEP R48
3360 DELIVER 1006 R49 2112
3360 SIDESTEP R72
3361 GO_CHARGE R49 20 1
3361 SIDESTEP R44
3361 SIDESTEP R64
3362 SIDESTEP R2
3362 SIDESTEP R12
3362 SIDESTEP R20
3362 PICK 1153 R24
3362 PICK 1055 R53
3362 SIDESTEP R60
3363 SIDESTEP R0
3363 SIDESTEP R14
3363 DEAD R21
3363 SIDESTEP R65
3363 DELIVER 1225 R68 1847
3363 SIDESTEP R69
3364 ASSIGN 1083 R68 89
3364 SIDESTEP R1
3364 SIDESTEP R50
3364 SIDESTEP R54
3364 SIDESTEP R58
3364 SIDESTEP R71
3365 SIDESTEP R10
3365 SIDESTEP R72
3365 SIDESTEP R78
3366 SIDESTEP R64
3367 SIDESTEP R2
3367 SIDESTEP R12
3367 PICK 1066 R13
3367 PICK 1084 R38
3367 SIDESTEP R60
3368 SIDESTEP R14
3368 SIDESTEP R20
3368 SIDESTEP R45
3368 SIDESTEP R57
3368 SIDESTEP R69
3368 SIDESTEP R75
3369 SIDESTEP R0
3369 SIDESTEP R1
3369 SIDESTEP R26
3369 DELIVER 1032 R46 2086
3369 SIDESTEP R50
3369 PICK 1054 R52
3369 SIDESTEP R54
3369 SIDESTEP R58
3370 ASSIGN 1086 R46 37
3370 SIDESTEP R78
3371 SIDESTEP R64
3372 SIDESTEP R60
3373 SIDESTEP R2
3373 SIDESTEP R14
3373 SIDESTEP R30
3373 CHARGE R36
3373 SIDESTEP R45
3373 SIDESTEP R57
3373 SIDESTEP R69
3373 SIDESTEP R75
3374 SIDESTEP R1
3374 SIDESTEP R15
3374 SIDESTEP R17
3374 SIDESTEP R48
3374 SIDESTEP R50
3374 SIDESTEP R54
3374 SIDESTEP R58
3374 SIDESTEP R72
3375 SIDESTEP R26
3376 DELIVER 1111 R47 1999
3376 SIDESTEP R64
3377 GO_CHARGE R47 34 1
3378 SIDESTEP R45
3378 SIDESTEP R57
3378 SIDESTEP R75
3379 SIDESTEP R15
3379 SIDESTEP R17
3379 SIDESTEP R20
3379 SIDESTEP R48
3379 SIDESTEP R49
3379 SIDESTEP R50
3379 SIDESTEP R54
3379 SIDESTEP R58
3379 SIDESTEP R72
3379 DELIVER 1128 R74 1982
3380 ASSIGN 1087 R74 15
3380 SIDESTEP R1
3380 SIDESTEP R12
3380 SIDESTEP R14
3380 SIDESTEP R26
3380 SIDESTEP R44
3380 SIDESTEP R69
3381 SIDESTEP R0
3381 SIDESTEP R64
3382 SIDESTEP R16
3383 SIDESTEP R45
3383 SIDESTEP R57
3383 DELIVER 1015 R59 2121
3384 ASSIGN 1198 R59 70
3384 SIDESTEP R17
3384 SIDESTEP R20
3384 CHARGE R25
3384 SIDESTEP R48
3384 SIDESTEP R50
3384 SIDESTEP R54
3384 SIDESTEP R58
3384 SIDESTEP R60
3384 SIDESTEP R72
3385 SIDESTEP R2
3385 SIDESTEP R12
3385 SIDESTEP R26
3385 DELIVER 1023 R41 2113
3385 SIDESTEP R49
3385 PICK 1052 R51
3386 ASSIGN 1088 R41 34
3386 SIDESTEP R0
3386 SIDESTEP R1
3386 PICK 1243 R8
3386 SIDESTEP R64
3387 SIDESTEP R16
3387 SIDESTEP R65
3388 CANCEL 2618
3388 SIDESTEP R45
3388 SIDESTEP R57
3389 CHARGED R36
3389 ASSIGN 1202 R36 61
3389 SIDESTEP R17
3389 SIDESTEP R20
3389 PICK 1070 R28
3389 SIDESTEP R48
3389 SIDESTEP R50
3389 SIDESTEP R54
3389 SIDESTEP R58
3389 SIDESTEP R60
3389 SIDESTEP R72
3390 RESCUE R79
3390 ASSIGN 1090 R79 108
3390 SIDESTEP R12
3390 SIDESTEP R14
3390 DELIVER 1077 R29 2052
3390 SIDESTEP R69
3390 SIDESTEP R75
3391 ASSIGN 1093 R29 106
3391 SIDESTEP R0
3391 SIDESTEP R1
3391 SIDESTEP R2
3391 PICK 1069 R5
3391 PICK 1042 R22
3391 SIDESTEP R26
3391 SIDESTEP R44
3391 SIDESTEP R49
3391 SIDESTEP R64
3392 SIDESTEP R16
3392 SIDESTEP R65
3393 SIDESTEP R45
3393 SIDESTEP R53
3393 SIDESTEP R57
3394 PICK 1049 R9
3394 SIDESTEP R17
3394 SIDESTEP R20
3394 SIDESTEP R48
3394 SIDESTEP R50
3394 SIDESTEP R54
3394 SIDESTEP R58
3394 SIDESTEP R72
3394 PICK 1087 R74
3395 SIDESTEP R12
3395 SIDESTEP R51
3395 SIDESTEP R69
3395 SIDESTEP R75
3396 SIDESTEP R1
3396 SIDESTEP R14
3396 SIDESTEP R26
3396 SIDESTEP R64
3397 SIDESTEP R2
3397 SIDESTEP R16
3397 SIDESTEP R44
3398 PICK 1118 R31
3398 SIDESTEP R45
3398 SIDESTEP R57
3399 SIDESTEP R17
3399 SIDESTEP R20
3399 SIDESTEP R48
3399 SIDESTEP R50
3399 SIDESTEP R54
3399 SIDESTEP R58
3399 SIDESTEP R72
3399 REPORT pending=1558 aged=1475 idle=0 to_pickup=26 delivering=25 to_charger=26 charging=1 dead=2 hot=5,1,10
3400 CHARGED R25
3400 ASSIGN 1094 R25 37
3400 SIDESTEP R12
3400 SIDESTEP R51
3400 SIDESTEP R69
3400 SIDESTEP R75
3401 SIDESTEP R1
3401 SIDESTEP R26
3401 SIDESTEP R49
3401 SIDESTEP R64
3402 SIDESTEP R0
3402 SIDESTEP R16
3402 DELIVER 1217 R18 1894
3402 SIDESTEP R44
3403 GO_CHARGE R18 6 1
3403 SIDESTEP R2
3403 SIDESTEP R57
3404 SIDESTEP R17
3404 SIDESTEP R20
3404 SIDESTEP R48
3404 SIDESTEP R50
3404 SIDESTEP R54
3404 SIDESTEP R58
3404 PICK 1092 R61
3404 SIDESTEP R72
3405 SIDESTEP R12
3405 SIDESTEP R51
3405 SIDESTEP R69
3405 SIDESTEP R75
3406 SIDESTEP R15
3406 PICK 1086 R46
3406 SIDESTEP R49
3406 SIDESTEP R64
3407 SIDESTEP R0
3407 SIDESTEP R16
3407 SIDESTEP R26
3407 SIDESTEP R44
3408 PICK 1085 R4
3408 PICK 1126 R33
3408 SIDESTEP R57
3408 PICK 1081 R63
3409 SIDESTEP R2
3409 SIDESTEP R17
3409 SIDESTEP R20
3409 SIDESTEP R48
3409 SIDESTEP R50
3409 SIDESTEP R54
3409 SIDESTEP R58
3409 SIDESTEP R72
3410 SIDESTEP R12
3410 SIDESTEP R69
3410 SIDESTEP R75
3411 SIDESTEP R49
3411 SIDESTEP R64
3412 SIDESTEP R0
3412 SIDESTEP R16
3412 SIDESTEP R26
3412 SIDESTEP R44
3412 DELIVER 1056 R45 2100
3413 ASSIGN 1139 R45 101
3413 SIDESTEP R1
3413 PICK 1053 R35
3413 SIDESTEP R57
3413 SIDESTEP R68
3414 DELIVER 1011 R11 2156
3414 SIDESTEP R17
3414 SIDESTEP R20
3414 SIDESTEP R48
3414 SIDESTEP R50
3414 SIDESTEP R54
3414 SIDESTEP R58
3414 SIDESTEP R72
3415 GO_CHARGE R11 62 1
3415 SIDESTEP R2
3415 SIDESTEP R12
3415 DELIVER 1020 R19 2146
3415 PICK 1051 R40
3415 DELIVER 1022 R55 2144
3415 SIDESTEP R69
3415 SIDESTEP R75
3416 ASSIGN 1216 R19 71
3416 GO_CHARGE R55 76 1
3416 SIDESTEP R46
3416 SIDESTEP R53
3416 SIDESTEP R64
3417 SIDESTEP R16
3417 SIDESTEP R18
3417 SIDESTEP R26
3417 PICK 1067 R43
3417 SIDESTEP R44
3418 SIDESTEP R1
3418 SIDESTEP R57
3418 SIDESTEP R68
3419 SIDESTEP R0
3419 DELIVER 1066 R13 2095
3419 SIDESTEP R17
3419 SIDESTEP R20
3419 SIDESTEP R48
3419 SIDESTEP R50
3419 SIDESTEP R54
3419 SIDESTEP R58
3419 SIDESTEP R72
3420 CANCEL 2698
3420 GO_CHARGE R13 6 1
3420 SIDESTEP R12
3420 SIDESTEP R52
3420 SIDESTEP R69
3420 SIDESTEP R75
3421 SIDESTEP R2
3421 PICK 1047 R3
3421 SIDESTEP R53
3421 SIDESTEP R64
3422 SIDESTEP R16
3422 SIDESTEP R26
3422 SIDESTEP R44
3423 SIDESTEP R1
3423 DELIVER 1091 R30 2069
3423 SIDESTEP R57
3423 SIDESTEP R68
3424 ASSIGN 1145 R30 34
3424 SIDESTEP R0
3424 DELIVER 1049 R9 2120
3424 SIDESTEP R17
3424 SIDESTEP R20
3424 DELIVER 1126 R33 2029
3424 SIDESTEP R41
3424 SIDESTEP R48
3424 SIDESTEP R49
3424 SIDESTEP R50
3424 SIDESTEP R54
3424 SIDESTEP R58
3424 PICK 1072 R70
3424 SIDESTEP R72
3425 CANCEL 2687
3425 ASSIGN 1147 R33 56
3425 ASSIGN 1219 R9 86
3425 SIDESTEP R12
3425 SIDESTEP R69
3425 SIDESTEP R75
3426 SIDESTEP R64
3427 REJECT 2775
3427 SIDESTEP R2
3427 SIDESTEP R44
3427 SIDESTEP R63
3428 SIDESTEP R57
3428 SIDESTEP R61
3428 SIDESTEP R68
3428 PICK 1076 R77
3429 RESCUE R6
3429 ASSIGN 1154 R6 45
3429 SIDESTEP R0
3429 SIDESTEP R17
3429 SIDESTEP R20
3429 PICK 1060 R32
3429 SIDESTEP R41
3429 SIDESTEP R48
3429 SIDESTEP R49
3429 SIDESTEP R50
3429 SIDESTEP R54
3429 SIDESTEP R58
3429 SIDESTEP R72
3430 SIDESTEP R1
3430 SIDESTEP R12
3430 SIDESTEP R69
3430 SIDESTEP R75
3431 SIDESTEP R43
3431 SIDESTEP R64
3431 SIDESTEP R76
3432 SIDESTEP R19
3432 SIDESTEP R44
3432 SIDESTEP R63
3433 SIDESTEP R2
3433 SIDESTEP R6
3433 SIDESTEP R55
3433 SIDESTEP R57
3433 SIDESTEP R61
3434 SIDESTEP R0
3434 SIDESTEP R17
3434 SIDESTEP R20
3434 SIDESTEP R41
3434 SIDESTEP R48
3434 SIDESTEP R49
3434 SIDESTEP R72
3435 SIDESTEP R1
3435 SIDESTEP R12
3435 SIDESTEP R26
3435 SIDESTEP R69
3435 SIDESTEP R70
3435 SIDESTEP R75
3436 DELIVER 1069 R5 2107
3436 PICK 1094 R25
3436 SIDESTEP R43
3436 SIDESTEP R64
3436 SIDESTEP R76
3437 GO_CHARGE R5 6 1
3437 SIDESTEP R44
3437 SIDESTEP R63
3437 PICK 1048 R67
3438 SIDESTEP R57
3438 SIDESTEP R61
3439 SIDESTEP R2
3439 SIDESTEP R17
3439 SIDESTEP R20
3439 SIDESTEP R41
3439 SIDESTEP R48
3439 SIDESTEP R72
3440 SIDESTEP R1
3440 SIDESTEP R12
3440 SIDESTEP R26
3440 SIDESTEP R49
3440 SIDESTEP R69
3440 SIDESTEP R75
3441 SIDESTEP R43
3441 SIDESTEP R64
3442 SIDESTEP R44
3443 SIDESTEP R29
3443 SIDESTEP R57
3444 SIDESTEP R17
3444 SIDESTEP R20
3444 SIDESTEP R41
3444 SIDESTEP R48
3444 SIDESTEP R72
3445 SIDESTEP R1
3445 SIDESTEP R2
3445 SIDESTEP R12
3445 SIDESTEP R26
3445 SIDESTEP R32
3445 SIDESTEP R49
3445 SIDESTEP R69
3445 SIDESTEP R75
3445 SIDESTEP R76
3446 SIDESTEP R0
3446 SIDESTEP R43
3446 SIDESTEP R47
3446 DELIVER 1087 R74 2097
3447 GO_CHARGE R74 6 1
3447 SIDESTEP R44
3448 DELIVER 1070 R28 2117
3448 SIDESTEP R57
3449 ASSIGN 1156 R28 109
3449 SIDESTEP R17
3449 SIDESTEP R20
3449 SIDESTEP R48
3449 SIDESTEP R72
3449 REPORT pending=1586 aged=1506 idle=0 to_pickup=20 delivering=27 to_charger=32 charging=0 dead=1 hot=4,1,10
3450 SIDESTEP R12
3450 DEAD R17
3450 SIDESTEP R26
3450 SIDESTEP R49
3450 SIDESTEP R56
3450 SIDESTEP R69
3450 SIDESTEP R75
3450 SIDESTEP R76
3451 SIDESTEP R0
3451 SIDESTEP R2
3451 SIDESTEP R43
3451 SIDESTEP R55
3452 SIDESTEP R44
3452 SIDESTEP R64
3453 CHARGE R7
3453 SIDESTEP R57
3453 PICK 1198 R59
3454 SIDESTEP R4
3454 SIDESTEP R20
3454 SIDESTEP R48
3454 SIDESTEP R72
3455 SIDESTEP R12
3455 PICK 1063 R15
3455 SIDESTEP R49
3455 SIDESTEP R69
3455 SIDESTEP R75
3455 SIDESTEP R76
3456 SIDESTEP R0
3456 SIDESTEP R22
3456 DELIVER 1084 R38 2111
3456 SIDESTEP R55
3456 SIDESTEP R58
3456 PICK 1073 R73
3457 ASSIGN 1157 R38 44
3457 SIDESTEP R1
3457 SIDESTEP R2
3457 SIDESTEP R16
3457 PICK 1202 R36
3457 SIDESTEP R44
3457 SIDESTEP R54
3457 SIDESTEP R56
3457 SIDESTEP R64
3458 SIDESTEP R5
3458 PICK 1145 R30
3458 CHARGE R34
3458 PICK 1088 R41
3458 SIDESTEP R57
3458 DELIVER 1169 R65 2011
3459 ASSIGN 1163 R65 13
3459 SIDESTEP R4
3459 SIDESTEP R20
3459 SIDESTEP R48
3459 SIDESTEP R72
3460 SIDESTEP R12
3460 SIDESTEP R69
3460 SIDESTEP R75
3461 SIDESTEP R0
3461 DELIVER 1053 R35 2152
3461 DELIVER 1052 R51 2153
3461 SIDESTEP R55
3462 ASSIGN 1097 R51 68
3462 ASSIGN 1165 R35 58
3462 SIDESTEP R1
3462 SIDESTEP R8
3462 SIDESTEP R44
3462 SIDESTEP R54
3462 SIDESTEP R56
3462 SIDESTEP R64
3463 RESCUE R21
3463 ASSIGN 1166 R21 39
3463 SIDESTEP R2
3463 SIDESTEP R49
3463 SIDESTEP R57
3463 DELIVER 1039 R78 2172
3464 ASSIGN 1099 R78 70
3464 SIDESTEP R20
3464 SIDESTEP R48
3464 SIDESTEP R72
3465 SIDESTEP R12
3465 SIDESTEP R69
3465 SIDESTEP R74
3465 SIDESTEP R75
3466 SIDESTEP R28
3466 SIDESTEP R55
3467 SIDESTEP R1
3467 SIDESTEP R5
3467 PICK 1116 R16
3467 SIDESTEP R26
3467 SIDESTEP R44
3467 DELIVER 1054 R52 2157
3467 SIDESTEP R54
3467 SIDESTEP R64
3468 CANCEL 2803
3468 ASSIGN 1100 R52 52
3468 SIDESTEP R2
3468 SIDESTEP R49
3468 SIDESTEP R50
3468 SIDESTEP R57
3468 DELIVER 1211 R62 1966
3469 ASSIGN 1101 R62 68
3469 SIDESTEP R20
3469 SIDESTEP R71
3469 SIDESTEP R72
3470 SIDESTEP R12
3470 DELIVER 1153 R24 2042
3470 SIDESTEP R69
3470 SIDESTEP R75
3471 CHARGED R7
3471 ASSIGN 1103 R7 94
3471 GO_CHARGE R24 69 1
3471 PICK 1163 R65
3471 DELIVER 1072 R70 2138
3472 ASSIGN 1104 R70 77
3472 SIDESTEP R1
3472 SIDESTEP R5
3472 SIDESTEP R26
3472 SIDESTEP R44
3472 CHARGE R56
3472 PICK 1080 R76
3473 SIDESTEP R0
3473 SIDESTEP R2
3473 SIDESTEP R35
3473 SIDESTEP R50
3473 SIDESTEP R57
3474 CHARGED R34
3474 ASSIGN 1105 R34 52
3474 DELIVER 1243 R8 1937
3474 SIDESTEP R20
3474 DELIVER 1106 R37 2103
3474 SIDESTEP R49
3474 SIDESTEP R71
3475 GO_CHARGE R8 6 1
3475 GO_CHARGE R37 83 1
3475 SIDESTEP R48
3475 SIDESTEP R72
3476 SIDESTEP R12
3476 SIDESTEP R60
3477 SIDESTEP R1
3477 SIDESTEP R5
3477 PICK 1154 R6
3477 SIDESTEP R26
3477 SIDESTEP R44
3478 SIDESTEP R0
3478 SIDESTEP R14
3478 SIDESTEP R55
3479 SIDESTEP R2
3480 SIDESTEP R48
3480 SIDESTEP R49
3480 SIDESTEP R67
3480 SIDESTEP R72
3480 SIDESTEP R78
3481 SIDESTEP R12
3481 PICK 1147 R33
3481 SIDESTEP R58
3481 SIDESTEP R71
3482 SIDESTEP R5
3482 SIDESTEP R26
3482 SIDESTEP R44
3482 SIDESTEP R50
3482 SIDESTEP R54
3482 DELIVER 1081 R63 2140
3482 SIDESTEP R69
3482 SIDESTEP R75
3483 CANCEL 2681
3483 ASSIGN 1107 R63 67
3483 SIDESTEP R0
3483 SIDESTEP R14
3483 SIDESTEP R32
3483 SIDESTEP R55
3483 SIDESTEP R74
3483 SIDESTEP R79
3485 SIDESTEP R2
3485 DELIVER 1118 R31 2100
3485 SIDESTEP R67
3485 SIDESTEP R72
3486 GO_CHARGE R31 6 1
3486 SIDESTEP R12
3486 SIDESTEP R49
3486 SIDESTEP R71
3487 CHARGED R56
3487 ASSIGN 1108 R56 23
3487 SIDESTEP R26
3487 SIDESTEP R44
3487 SIDESTEP R50
3487 SIDESTEP R54
3487 SIDESTEP R60
3487 SIDESTEP R69
3487 SIDESTEP R75
3488 SIDESTEP R0
3488 SIDESTEP R21
3488 SIDESTEP R32
3488 SIDESTEP R36
3488 SIDESTEP R55
3488 SIDESTEP R74
3489 SIDESTEP R18
3489 DELIVER 1086 R46 2141
3489 SIDESTEP R58
3490 ASSIGN 1112 R46 59
3490 SIDESTEP R67
3490 SIDESTEP R72
3491 SIDESTEP R2
3491 DEAD R57
3492 SIDESTEP R44
3492 DELIVER 1055 R53 2181
3492 SIDESTEP R60
3492 SIDESTEP R75
3493 GO_CHARGE R53 41 1
3493 SIDESTEP R13
3493 PICK 1216 R19
3493 SIDESTEP R20
3493 SIDESTEP R21
3493 SIDESTEP R32
3493 SIDESTEP R36
3493 SIDESTEP R38
3493 SIDESTEP R49
3493 SIDESTEP R74
3494 SIDESTEP R14
3494 SIDESTEP R18
3494 DELIVER 1051 R40 2187
3494 PICK 1057 R42
3495 GO_CHARGE R40 6 1
3495 SIDESTEP R26
3495 DELIVER 1088 R41 2145
3495 SIDESTEP R50
3495 SIDESTEP R54
3495 SIDESTEP R67
3496 ASSIGN 1113 R41 52
3496 SIDESTEP R5
3496 SIDESTEP R12
3497 CANCEL 2765
3497 SIDESTEP R1
3497 SIDESTEP R2
3497 SIDESTEP R44
3497 SIDESTEP R60
3498 SIDESTEP R13
3498 DELIVER 1145 R30 2081
3498 SIDESTEP R32
3498 SIDESTEP R36
3498 SIDESTEP R38
3498 SIDESTEP R74
3499 ASSIGN 1114 R30 65
3499 SIDESTEP R18
3499 SIDESTEP R79
3499 REPORT pending=1609 aged=1531 idle=0 to_pickup=23 delivering=22 to_charger=33 charging=0 dead=2 hot=4,2,14
3500 SIDESTEP R26
3500 SIDESTEP R48
3500 SIDESTEP R49
3500 SIDESTEP R50
3500 SIDESTEP R54
3500 CHARGE R60
3500 SIDESTEP R72
3501 SIDESTEP R12
3501 PICK 1083 R68
3501 SIDESTEP R75
3502 SIDESTEP R5
3502 SIDESTEP R14
3503 SIDESTEP R2
3503 SIDESTEP R24
3503 SIDESTEP R32
3503 SIDESTEP R36
3504 SIDESTEP R0
3504 SIDESTEP R13
3505 SIDESTEP R26
3505 SIDESTEP R50
3505 SIDESTEP R54
3505 SIDESTEP R72
3506 SIDESTEP R12
3506 SIDESTEP R44
3507 DELIVER 1047 R3 2205
3507 SIDESTEP R5
3508 GO_CHARGE R3 6 1
3508 SIDESTEP R1
3508 SIDESTEP R24
3508 SIDESTEP R32
3508 SIDESTEP R36
3508 SIDESTEP R49
3509 SIDESTEP R0
3509 SIDESTEP R2
3509 SIDESTEP R18
3509 SIDESTEP R55
3509 SIDESTEP R74
3510 SIDESTEP R15
3510 SIDESTEP R46
3510 SIDESTEP R48
3510 SIDESTEP R50
3510 SIDESTEP R54
3510 SIDESTEP R72
3511 SIDESTEP R12
3511 SIDESTEP R26
3512 SIDESTEP R5
3512 SIDESTEP R33
3512 SIDESTEP R44
3513 SIDESTEP R24
3513 SIDESTEP R32
3513 SIDESTEP R36
3513 SIDESTEP R64
3514 SIDESTEP R0
3514 SIDESTEP R2
3514 SIDESTEP R6
3514 PICK 1219 R9
3514 SIDESTEP R13
3514 SIDESTEP R18
3514 SIDESTEP R55
3514 PICK 1108 R56
3515 CHARGED R60
3515 ASSIGN 1223 R60 52
3515 SIDESTEP R15
3515 DELIVER 1042 R22 2220
3515 SIDESTEP R25
3515 SIDESTEP R43
3515 SIDESTEP R48
3515 SIDESTEP R50
3515 SIDESTEP R54
3515 SIDESTEP R61
3515 SIDESTEP R72
3516 ASSIGN 1297 R22 87
3516 SIDESTEP R1
3516 SIDESTEP R12
3516 CHARGE R47
3516 SIDESTEP R49
3516 SIDESTEP R71
3517 SIDESTEP R33
3517 SIDESTEP R68
3518 SIDESTEP R5
3518 SIDESTEP R24
3518 SIDESTEP R36
3518 SIDESTEP R44
3518 SIDESTEP R64
3518 SIDESTEP R69
3519 SIDESTEP R0
3519 SIDESTEP R2
3519 SIDESTEP R13
3519 SIDESTEP R18
3519 SIDESTEP R55
3520 SIDESTEP R15
3520 DELIVER 1116 R16 2137
3520 SIDESTEP R43
3520 SIDESTEP R50
3520 SIDESTEP R54
3520 SIDESTEP R61
3520 SIDESTEP R72
3521 ASSIGN 1228 R16 87
3521 SIDESTEP R1
3521 SIDESTEP R20
3521 SIDESTEP R49
3521 SIDESTEP R53
3521 SIDESTEP R58
3521 SIDESTEP R74
3522 CHARGE R11
3522 SIDESTEP R33
3522 SIDESTEP R68
3522 SIDESTEP R71
3523 PICK 1166 R21
3523 PICK 1157 R38
3523 SIDESTEP R44
3523 DELIVER 1198 R59 2039
3523 SIDESTEP R64
3523 SIDESTEP R69
3524 ASSIGN 1315 R59 40
3524 SIDESTEP R13
3525 SIDESTEP R5
3525 SIDESTEP R15
3525 PICK 1105 R34
3525 SIDESTEP R43
3525 SIDESTEP R55
3525 SIDESTEP R61
3526 SIDESTEP R1
3526 DEAD R2
3526 SIDESTEP R20
3526 SIDESTEP R42
3526 SIDESTEP R49
3526 SIDESTEP R53
3526 SIDESTEP R58
3526 SIDESTEP R72
3526 SIDESTEP R74
3526 DELIVER 1076 R77 2189
3527 GO_CHARGE R77 27 1
3527 SIDESTEP R8
3527 SIDESTEP R68
3527 SIDESTEP R71
3528 SIDESTEP R44
3528 SIDESTEP R69
3529 SIDESTEP R13
3529 SIDESTEP R26
3529 PICK 1097 R51
3530 DELIVER 1085 R4 2183
3530 SIDESTEP R15
3530 DELIVER 1094 R25 2172
3530 SIDESTEP R55
3530 SIDESTEP R61
3531 ASSIGN 1316 R25 4
3531 ASSIGN 1117 R4 116
3531 SIDESTEP R1
3531 SIDESTEP R5
3531 SIDESTEP R18
3531 SIDESTEP R20
3531 PICK 1093 R29
3531 SIDESTEP R42
3531 SIDESTEP R49
3531 PICK 1100 R52
3531 SIDESTEP R53
3531 SIDESTEP R72
3531 SIDESTEP R74
3532 SIDESTEP R8
3532 SIDESTEP R40
3532 SIDESTEP R54
3532 SIDESTEP R71
3533 CHARGED R47
3533 ASSIGN 1119 R47 98
3533 SIDESTEP R12
3533 SIDESTEP R44
3534 PICK 1316 R25
3535 SIDESTEP R15
3535 SIDESTEP R55
3535 SIDESTEP R61
3535 SIDESTEP R69
3535 DELIVER 1080 R76 2194
3536 GO_CHARGE R76 34 1
3536 SIDESTEP R5
3536 SIDESTEP R18
3536 SIDESTEP R26
3536 SIDESTEP R31
3536 SIDESTEP R42
3536 SIDESTEP R49
3536 SIDESTEP R53
3536 SIDESTEP R58
3536 PICK 1101 R62
3536 SIDESTEP R74
3536 SIDESTEP R75
3537 SIDESTEP R8
3537 SIDESTEP R13
3537 SIDESTEP R40
3537 SIDESTEP R71
3538 CHARGED R11
3538 ASSIGN 1121 R11 90
3538 SIDESTEP R0
3538 SIDESTEP R1
3538 SIDESTEP R12
3538 SIDESTEP R44
3538 SIDESTEP R72
3539 SIDESTEP R54
3540 SIDESTEP R15
3540 SIDESTEP R50
3540 DELIVER 1108 R56 2166
3540 SIDESTEP R61
3540 PICK 1099 R78
3541 ASSIGN 1122 R56 75
3541 SIDESTEP R5
3541 DELIVER 1154 R6 2112
3541 SIDESTEP R53
3541 SIDESTEP R64
3541 SIDESTEP R74
3542 ASSIGN 1123 R6 62
3542 SIDESTEP R8
3542 SIDESTEP R13
3542 DELIVER 1060 R32 2226
3542 SIDESTEP R40
3542 SIDESTEP R69
3542 SIDESTEP R75
3543 ASSIGN 1249 R32 14
3543 SIDESTEP R0
3543 SIDESTEP R12
3543 SIDESTEP R24
3543 SIDESTEP R44
3543 PICK 1139 R45
3543 SIDESTEP R58
3543 SIDESTEP R72
3544 SIDESTEP R10
3544 SIDESTEP R54
3545 SIDESTEP R15
3545 SIDESTEP R50
3545 SIDESTEP R61
3546 CANCEL 2804
3546 SIDESTEP R53
3546 SIDESTEP R64
3546 SIDESTEP R74
3547 SIDESTEP R8
3547 SIDESTEP R26
3547 SIDESTEP R40
3547 DELIVER 1067 R43 2221
3548 ASSIGN 1332 R43 99
3548 SIDESTEP R0
3548 SIDESTEP R13
3548 SIDESTEP R24
3548 SIDESTEP R44
3548 SIDESTEP R60
3548 SIDESTEP R72
3549 SIDESTEP R3
3549 SIDESTEP R5
3549 SIDESTEP R14
3549 SIDESTEP R20
3549 SIDESTEP R49
3549 SIDESTEP R54
3549 REPORT pending=1635 aged=1556 idle=0 to_pickup=22 delivering=23 to_charger=32 charging=0 dead=3 hot=7,2,16
3550 RESCUE R17
3550 ASSIGN 1124 R17 25
3550 SIDESTEP R15
3550 SIDESTEP R18
3550 SIDESTEP R50
3550 SIDESTEP R61
3551 SIDESTEP R53
3551 SIDESTEP R64
3551 SIDESTEP R74
3552 PICK 1078 R10
3552 SIDESTEP R26
3552 SIDESTEP R48
3552 DEAD R64
3553 SIDESTEP R0
3553 SIDESTEP R13
3553 SIDESTEP R24
3553 SIDESTEP R46
3553 SIDESTEP R58
3553 SIDESTEP R72
3554 SIDESTEP R3
3554 SIDESTEP R5
3554 SIDESTEP R20
3554 SIDESTEP R31
3554 CHARGE R37
3554 SIDESTEP R49
3554 SIDESTEP R54
3555 SIDESTEP R1
3555 SIDESTEP R18
3555 SIDESTEP R44
3555 SIDESTEP R50
3556 PICK 1249 R32
3556 SIDESTEP R42
3556 SIDESTEP R74
3557 SIDESTEP R8
3557 SIDESTEP R48
3557 PICK 1107 R63
3557 SIDESTEP R69
3558 SIDESTEP R0
3558 SIDESTEP R13
3558 SIDESTEP R22
3558 SIDESTEP R24
3558 SIDESTEP R40
3558 SIDESTEP R46
3558 SIDESTEP R58
3558 SIDESTEP R70
3558 SIDESTEP R72
3559 SIDESTEP R3
3559 CHARGE R26
3559 SIDESTEP R31
3559 SIDESTEP R34
3559 PICK 1113 R41
3559 SIDESTEP R54
3559 SIDESTEP R76
3560 SIDESTEP R18
3560 SIDESTEP R44
3560 SIDESTEP R50
3560 SIDESTEP R75
3561 SIDESTEP R74
3562 DELIVER 1147 R33 2142
3562 SIDESTEP R48
3562 DELIVER 1048 R67 2259
3562 SIDESTEP R69
3562 DELIVER 1073 R73 2228
3563 ASSIGN 1172 R67 54
3563 ASSIGN 1174 R73 45
3563 ASSIGN 1258 R33 92
3563 SIDESTEP R0
3563 SIDESTEP R5
3563 SIDESTEP R13
3563 SIDESTEP R22
3563 SIDESTEP R24
3563 PICK 1156 R28
3563 PICK 1114 R30
3563 SIDESTEP R40
3563 SIDESTEP R46
3563 SIDESTEP R58
3563 PICK 1315 R59
3563 SIDESTEP R72
3564 SIDESTEP R3
3564 PICK 1103 R7
3564 SIDESTEP R8
3564 SIDESTEP R9
3564 SIDESTEP R31
3564 DELIVER 1100 R52 2199
3564 SIDESTEP R54
3564 SIDESTEP R76
3565 ASSIGN 1125 R52 78
3565 PICK 1165 R35
3565 SIDESTEP R44
3565 SIDESTEP R50
3565 SIDESTEP R55
3565 SIDESTEP R75
3566 SIDESTEP R1
3567 SIDESTEP R48
3567 SIDESTEP R69
3567 SIDESTEP R74
3568 SIDESTEP R5
3568 SIDESTEP R22
3568 SIDESTEP R46
3568 SIDESTEP R65
3568 SIDESTEP R72
3569 SIDESTEP R8
3569 SIDESTEP R20
3569 SIDESTEP R24
3569 SIDESTEP R31
3569 SIDESTEP R54
3569 SIDESTEP R58
3569 SIDESTEP R76
3570 CHARGED R37
3570 ASSIGN 1184 R37 29
3570 SIDESTEP R0
3570 SIDESTEP R3
3570 SIDESTEP R44
3570 SIDESTEP R50
3570 SIDESTEP R55
3571 SIDESTEP R1
3571 SIDESTEP R18
3571 SIDESTEP R40
3572 DELIVER 1157 R38 2139
3572 SIDESTEP R48
3572 SIDESTEP R69
3572 SIDESTEP R74
3572 SIDESTEP R75
3573 GO_CHARGE R38 62 1
3573 SIDESTEP R49
3573 SIDESTEP R72
3574 PICK 1124 R17
3574 SIDESTEP R31
3574 SIDESTEP R54
3574 SIDESTEP R58
3574 SIDESTEP R76
3575 CHARGED R26
3575 ASSIGN 1187 R26 14
3575 SIDESTEP R3
3575 SIDESTEP R4
3575 SIDESTEP R13
3575 SIDESTEP R20
3575 SIDESTEP R44
3575 SIDESTEP R50
3575 SIDESTEP R55
3576 SIDESTEP R1
3576 SIDESTEP R12
3576 SIDESTEP R40
3577 SIDESTEP R18
3577 SIDESTEP R48
3577 SIDESTEP R69
3577 SIDESTEP R75
3578 SIDESTEP R72
3579 SIDESTEP R54
3579 SIDESTEP R76
3580 SIDESTEP R4
3580 SIDESTEP R13
3580 SIDESTEP R44
3580 SIDESTEP R50
3580 PICK 1104 R70
3581 SIDESTEP R1
3581 SIDESTEP R12
3581 SIDESTEP R40
3581 SIDESTEP R43
3581 SIDESTEP R58
3581 PICK 1090 R79
3582 SIDESTEP R0
3582 SIDESTEP R3
3582 SIDESTEP R8
3582 SIDESTEP R18
3582 SIDESTEP R24
3582 SIDESTEP R48
3582 SIDESTEP R55
3582 DELIVER 1092 R61 2227
3583 GO_CHARGE R61 13 1
3583 SIDESTEP R72
3584 SIDESTEP R54
3584 SIDESTEP R76
3585 SIDESTEP R4
3585 SIDESTEP R20
3585 SIDESTEP R44
3585 SIDESTEP R49
3585 SIDESTEP R50
3586 SIDESTEP R1
3586 SIDESTEP R9
3586 SIDESTEP R12
3586 SIDESTEP R17
3586 SIDESTEP R40
3586 SIDESTEP R43
3586 SIDESTEP R58
3587 CANCEL 2823
3587 SIDESTEP R0
3587 SIDESTEP R3
3587 SIDESTEP R8
3587 SIDESTEP R18
3587 SIDESTEP R24
3587 SIDESTEP R31
3588 SIDESTEP R55
3588 SIDESTEP R72
3589 SIDESTEP R54
3590 SIDESTEP R4
3590 SIDESTEP R44
3590 SIDESTEP R50
3591 RESCUE R57
3591 ASSIGN 1188 R57 65
3591 SIDESTEP R1
3591 SIDESTEP R17
3591 SIDESTEP R40
3591 SIDESTEP R69
3591 SIDESTEP R75
3592 SIDESTEP R0
3592 SIDESTEP R8
3592 SIDESTEP R20
3592 SIDESTEP R24
3592 SIDESTEP R31
3592 PICK 1112 R46
3592 SIDESTEP R74
3592 SIDESTEP R76
3593 SIDESTEP R42
3593 SIDESTEP R48
3593 SIDESTEP R49
3593 PICK 1223 R60
3593 SIDESTEP R72
3594 SIDESTEP R13
3594 SIDESTEP R19
3594 PICK 1187 R26
3594 SIDESTEP R54
3594 SIDESTEP R55
3595 DELIVER 1202 R36 2106
3595 SIDESTEP R44
3595 SIDESTEP R50
3595 SIDESTEP R59
3596 ASSIGN 1127 R36 107
3596 SIDESTEP R17
3596 SIDESTEP R69
3596 SIDESTEP R75
3597 SIDESTEP R20
3597 SIDESTEP R24
3597 SIDESTEP R31
3597 DELIVER 1097 R51 2235
3597 SIDESTEP R74
3597 SIDESTEP R76
3597 SIDESTEP R77
3598 GO_CHARGE R51 83 1
3598 SIDESTEP R0
3598 SIDESTEP R5
3598 SIDESTEP R18
3598 PICK 1184 R37
3598 SIDESTEP R48
3598 SIDESTEP R49
3598 SIDESTEP R58
3598 SIDESTEP R72
3599 SIDESTEP R13
3599 SIDESTEP R19
3599 SIDESTEP R54
3599 REPORT pending=1665 aged=1586 idle=0 to_pickup=15 delivering=31 to_charger=32 charging=0 dead=2 hot=7,1,13
3600 SIDESTEP R44
3600 SIDESTEP R50
3600 SIDESTEP R55
3600 SIDESTEP R59
3601 SIDESTEP R17
3602 SIDESTEP R10
3602 SIDESTEP R20
3602 SIDESTEP R74
3602 SIDESTEP R77
3603 SIDESTEP R0
3603 SIDESTEP R1
3603 SIDESTEP R5
3603 SIDESTEP R18
3603 SIDESTEP R31
3603 SIDESTEP R72
3603 SIDESTEP R76
3604 SIDESTEP R19
3604 CHARGE R49
3604 SIDESTEP R54
3605 SIDESTEP R44
3605 SIDESTEP R50
3605 SIDESTEP R58
3605 SIDESTEP R59
3605 SIDESTEP R69
3605 SIDESTEP R75
3606 SIDESTEP R17
3606 SIDESTEP R55
3607 SIDESTEP R20
3607 SIDESTEP R22
3607 SIDESTEP R53
3607 SIDESTEP R63
3607 PICK 1174 R73
3607 SIDESTEP R74
3607 SIDESTEP R77
3608 SIDESTEP R0
3608 SIDESTEP R1
3608 SIDESTEP R5
3608 SIDESTEP R8
3608 SIDESTEP R18
3608 SIDESTEP R31
3608 DELIVER 1105 R34 2238
3608 DELIVER 1083 R68 2264
3608 SIDESTEP R72
3608 SIDESTEP R76
3609 ASSIGN 1129 R34 98
3609 GO_CHARGE R68 6 1
3609 SIDESTEP R3
3609 SIDESTEP R24
3609 SIDESTEP R54
3609 SIDESTEP R56
3610 DELIVER 1063 R15 2290
3610 SIDESTEP R44
3610 SIDESTEP R50
3610 SIDESTEP R59
3610 SIDESTEP R69
3610 SIDESTEP R75
3611 ASSIGN 1130 R15 63
3611 DEAD R0
3611 DELIVER 1219 R9 2101
3611 PICK 1228 R16
3611 DELIVER 1101 R62 2245
3612 GO_CHARGE R9 6 1
3612 GO_CHARGE R62 6 1
3612 SIDESTEP R20
3612 SIDESTEP R22
3612 SIDESTEP R55
3612 SIDESTEP R63
3612 SIDESTEP R74
3613 SIDESTEP R1
3613 SIDESTEP R8
3613 SIDESTEP R31
3613 SIDESTEP R61
3613 SIDESTEP R72
3614 SIDESTEP R3
3614 SIDESTEP R24
3614 SIDESTEP R40
3614 SIDESTEP R54
3615 DELIVER 1216 R19 2108
3615 SIDESTEP R44
3615 SIDESTEP R50
3615 SIDESTEP R69
3615 SIDESTEP R75
3615 SIDESTEP R77
3616 ASSIGN 1132 R19 50
3616 SIDESTEP R18
3616 DELIVER 1249 R32 2073
3616 PICK 1172 R67
3617 ASSIGN 1133 R32 57
3617 SIDESTEP R20
3617 SIDESTEP R74
3617 SIDESTEP R76
3618 CANCEL 2912
3618 SIDESTEP R8
3618 SIDESTEP R55
3618 SIDESTEP R61
3618 SIDESTEP R72
3619 SIDESTEP R3
3619 SIDESTEP R40
3619 SIDESTEP R54
3620 SIDESTEP R5
3620 DELIVER 1165 R35 2177
3620 SIDESTEP R44
3620 SIDESTEP R50
3620 SIDESTEP R69
3620 SIDESTEP R75
3620 SIDESTEP R77
3620 DELIVER 1099 R78 2256
3621 ASSIGN 1136 R78 31
3621 GO_CHARGE R35 6 1
3621 SIDESTEP R18
3621 SIDESTEP R38
3622 CHARGED R49
3622 ASSIGN 1137 R49 117
3622 SIDESTEP R20
3622 DELIVER 1166 R21 2178
3622 PICK 1122 R56
3622 SIDESTEP R74
3623 ASSIGN 1138 R21 88
3623 SIDESTEP R8
3623 DELIVER 1316 R25 1998
3623 SIDESTEP R72
3623 SIDESTEP R76
3624 CANCEL 2862
3624 ASSIGN 1140 R25 45
3624 SIDESTEP R3
3624 SIDESTEP R40
3624 SIDESTEP R54
3625 SIDESTEP R5
3625 SIDESTEP R12
3625 SIDESTEP R44
3625 SIDESTEP R50
3625 SIDESTEP R77
3626 SIDESTEP R18
3626 SIDESTEP R38
3626 SIDESTEP R55
3627 SIDESTEP R19
3627 SIDESTEP R20
3627 SIDESTEP R31
3627 SIDESTEP R61
3627 SIDESTEP R75
3628 PICK 1121 R11
3628 SIDESTEP R72
3629 SIDESTEP R3
3629 SIDESTEP R40
3629 SIDESTEP R54
3629 SIDESTEP R76
3630 SIDESTEP R5
3630 SIDESTEP R12
3630 SIDESTEP R13
3630 SIDESTEP R44
3630 SIDESTEP R50
3630 SIDESTEP R77
3631 CHARGE R14
3631 DELIVER 1187 R26 2160
3631 SIDESTEP R38
3631 SIDESTEP R55
3631 DELIVER 1163 R65 2190
3631 SIDESTEP R74
3632 ASSIGN 1141 R26 91
3632 GO_CHARGE R65 83 1
3632 SIDESTEP R18
3632 SIDESTEP R20
3632 PICK 1297 R22
3632 SIDESTEP R31
3632 SIDESTEP R61
3633 SIDESTEP R9
3633 SIDESTEP R24
3633 SIDESTEP R47
3633 SIDESTEP R72
3634 SIDESTEP R3
3634 SIDESTEP R40
3634 SIDESTEP R54
3634 SIDESTEP R62
3635 SIDESTEP R5
3635 DELIVER 1103 R7 2267
3635 SIDESTEP R12
3635 SIDESTEP R13
3635 DELIVER 1057 R42 2322
3635 SIDESTEP R44
3635 SIDESTEP R48
3635 SIDESTEP R50
3635 SIDESTEP R77
3636 RESCUE R2
3636 ASSIGN 1143 R2 64
3636 ASSIGN 1144 R42 93
3636 ASSIGN 1146 R7 44
3636 SIDESTEP R57
3636 DELIVER 1107 R63 2264
3636 SIDESTEP R75
3636 SIDESTEP R76
3636 SIDESTEP R79
3637 ASSIGN 1148 R63 94
3637 PICK 1123 R6
3637 SIDESTEP R20
3637 SIDESTEP R31
3637 SIDESTEP R38
3637 DELIVER 1315 R59 2013
3637 SIDESTEP R69
3638 ASSIGN 1149 R59 30
3638 SIDESTEP R9
3638 SIDESTEP R24
3638 DELIVER 1114 R30 2257
3638 SIDESTEP R47
3638 SIDESTEP R51
3638 SIDESTEP R72
3639 ASSIGN 1151 R30 43
3639 SIDESTEP R40
3639 SIDESTEP R54
3640 SIDESTEP R5
3640 SIDESTEP R8
3640 SIDESTEP R13
3640 SIDESTEP R48
3640 SIDESTEP R50
3640 SIDESTEP R58
3640 SIDESTEP R77
3641 SIDESTEP R2
3641 SIDESTEP R44
3641 SIDESTEP R75
3641 SIDESTEP R79
3642 SIDESTEP R12
3642 SIDESTEP R31
3642 SIDESTEP R55
3642 SIDESTEP R69
3643 SIDESTEP R9
3643 SIDESTEP R18
3643 SIDESTEP R24
3643 SIDESTEP R47
3643 SIDESTEP R72
3644 SIDESTEP R4
3644 PICK 1125 R52
3644 SIDESTEP R54
3645 SIDESTEP R5
3645 SIDESTEP R8
3645 SIDESTEP R13
3645 SIDESTEP R33
3645 SIDESTEP R50
3645 SIDESTEP R58
3645 CHARGE R71
3645 SIDESTEP R74
3645 SIDESTEP R76
3646 SIDESTEP R1
3646 SIDESTEP R48
3647 SIDESTEP R12
3647 SIDESTEP R31
3647 SIDESTEP R38
3647 SIDESTEP R44
3647 DELIVER 1139 R45 2236
3647 SIDESTEP R55
3648 CHARGED R14
3648 ASSIGN 1152 R14 89
3648 ASSIGN 1155 R45 52
3648 SIDESTEP R18
3648 SIDESTEP R62
3648 SIDESTEP R72
3648 SIDESTEP R75
3649 SIDESTEP R29
3649 SIDESTEP R40
3649 SIDESTEP R54
3649 SIDESTEP R69
3649 REPORT pending=1685 aged=1607 idle=0 to_pickup=24 delivering=20 to_charger=33 charging=1 dead=2 hot=6,2,16
3650 SIDESTEP R3
3650 SIDESTEP R8
3650 SIDESTEP R33
3650 SIDESTEP R50
3650 SIDESTEP R58
3650 SIDESTEP R74
3650 SIDESTEP R77
3651 SIDESTEP R1
3651 SIDESTEP R48
3651 PICK 1136 R78
3652 RESCUE R64
3652 ASSIGN 1158 R64 111
3652 SIDESTEP R38
3652 SIDESTEP R44
3652 SIDESTEP R76
3653 SIDESTEP R13
3653 SIDESTEP R18
3653 SIDESTEP R55
3653 DELIVER 1223 R60 2139
3653 SIDESTEP R62
3653 SIDESTEP R67
3653 SIDESTEP R75
3654 ASSIGN 1159 R60 77
3654 SIDESTEP R24
3654 SIDESTEP R29
3654 SIDESTEP R40
3654 DELIVER 1112 R46 2276
3654 SIDESTEP R47
3654 SIDESTEP R69
3655 ASSIGN 1160 R46 54
3655 SIDESTEP R3
3655 SIDESTEP R5
3655 SIDESTEP R77
3656 SIDESTEP R1
3656 SIDESTEP R20
3656 SIDESTEP R37
3656 SIDESTEP R50
3656 SIDESTEP R74
3657 SIDESTEP R31
3657 SIDESTEP R38
3657 SIDESTEP R44
3657 SIDESTEP R48
3657 SIDESTEP R76
3658 SIDESTEP R18
3658 SIDESTEP R62
3658 SIDESTEP R67
3658 SIDESTEP R75
3659 SIDESTEP R24
3659 SIDESTEP R29
3659 SIDESTEP R40
3659 CHARGE R53
3659 SIDESTEP R69
3660 SIDESTEP R3
3660 SIDESTEP R5
3660 SIDESTEP R9
3660 SIDESTEP R36
3661 SIDESTEP R1
3661 SIDESTEP R8
3661 SIDESTEP R37
3661 SIDESTEP R50
3661 SIDESTEP R54
3662 CHARGED R71
3662 ASSIGN 1161 R71 89
3662 SIDESTEP R31
3662 SIDESTEP R48
3662 SIDESTEP R76
3662 SIDESTEP R77
3663 SIDESTEP R2
3663 SIDESTEP R12
3663 SIDESTEP R13
3663 SIDESTEP R18
3663 SIDESTEP R38
3663 PICK 1332 R43
3663 PICK 1119 R47
3663 SIDESTEP R62
3663 SIDESTEP R67
3663 SIDESTEP R75
3664 SIDESTEP R24
3664 SIDESTEP R29
3664 SIDESTEP R40
3664 SIDESTEP R69
3665 SIDESTEP R3
3665 SIDESTEP R5
3665 SIDESTEP R9
3665 SIDESTEP R55
3666 SIDESTEP R1
3666 SIDESTEP R8
3666 DELIVER 1078 R10 2327
3666 SIDESTEP R19
3666 SIDESTEP R37
3666 SIDESTEP R54
3666 SIDESTEP R71
3666 SIDESTEP R74
3667 ASSIGN 1268 R10 70
3667 SIDESTEP R16
3667 SIDESTEP R31
3667 PICK 1149 R59
3668 SIDESTEP R12
3668 SIDESTEP R13
3668 SIDESTEP R18
3668 SIDESTEP R20
3668 PICK 1140 R25
3668 DELIVER 1113 R41 2289
3668 DEAD R48
3668 SIDESTEP R62
3668 SIDESTEP R67
3668 SIDESTEP R70
3668 SIDESTEP R75
3669 ASSIGN 1162 R41 97
3669 DEAD R18
3669 SIDESTEP R29
3669 SIDESTEP R40
3669 SIDESTEP R58
3669 SIDESTEP R69
3670 SIDESTEP R5
3670 SIDESTEP R38
3670 SIDESTEP R55
3671 SIDESTEP R24
3671 SIDESTEP R35
3671 SIDESTEP R37
3672 SIDESTEP R14
3672 SIDESTEP R16
3672 DEAD R54
3673 SIDESTEP R13
3673 PICK 1130 R15
3673 PICK 1133 R32
3673 SIDESTEP R44
3673 SIDESTEP R62
3673 SIDESTEP R67
3673 SIDESTEP R75
3673 SIDESTEP R76
3674 SIDESTEP R8
3674 SIDESTEP R20
3674 DEAD R50
3674 SIDESTEP R58
3674 SIDESTEP R69
3674 SIDESTEP R74
3675 CHARGED R53
3675 ASSIGN 1189 R53 54
3675 SIDESTEP R1
3675 SIDESTEP R31
3675 SIDESTEP R38
3675 SIDESTEP R55
3676 SIDESTEP R29
3676 SIDESTEP R35
3676 SIDESTEP R37
3677 SIDESTEP R9
3677 SIDESTEP R43
3678 SIDESTEP R13
3679 SIDESTEP R8
3679 SIDESTEP R42
3679 SIDESTEP R44
3679 DELIVER 1122 R56 2288
3679 SIDESTEP R62
3679 SIDESTEP R74
3680 ASSIGN 1192 R56 67
3680 SIDESTEP R1
3680 SIDESTEP R3
3680 SIDESTEP R7
3680 SIDESTEP R12
3680 SIDESTEP R31
3680 SIDESTEP R38
3680 SIDESTEP R55
3680 SIDESTEP R76
3680 DELIVER 1090 R79 2327
3681 ASSIGN 1271 R79 46
3681 SIDESTEP R20
3681 SIDESTEP R24
3681 PICK 1151 R30
3681 SIDESTEP R35
3681 SIDESTEP R37
3682 SIDESTEP R9
3682 SIDESTEP R43
3682 PICK 1188 R57
3682 SIDESTEP R68
3683 PICK 1258 R33
3683 SIDESTEP R72
3684 SIDESTEP R8
3684 PICK 1132 R19
3684 SIDESTEP R29
3684 SIDESTEP R44
3684 SIDESTEP R74
3684 SIDESTEP R77
3685 SIDESTEP R1
3685 SIDESTEP R3
3685 PICK 1117 R4
3685 SIDESTEP R7
3685 SIDESTEP R12
3685 SIDESTEP R55
3685 SIDESTEP R76
3686 SIDESTEP R13
3686 SIDESTEP R24
3686 SIDESTEP R31
3686 SIDESTEP R37
3686 SIDESTEP R62
3687 SIDESTEP R9
3687 SIDESTEP R35
3687 SIDESTEP R43
3688 DELIVER 1156 R28 2256
3688 SIDESTEP R68
3689 ASSIGN 1197 R28 25
3689 SIDESTEP R74
3689 SIDESTEP R77
3690 SIDESTEP R3
3690 SIDESTEP R7
3690 SIDESTEP R8
3690 SIDESTEP R38
3690 SIDESTEP R55
3690 SIDESTEP R58
3690 SIDESTEP R76
3691 SIDESTEP R5
3691 DELIVER 1121 R11 2301
3691 SIDESTEP R13
3691 SIDESTEP R20
3691 SIDESTEP R31
3691 SIDESTEP R37
3691 CHARGE R51
3691 SIDESTEP R62
3692 ASSIGN 1201 R11 102
3692 SIDESTEP R1
3692 SIDESTEP R4
3692 SIDESTEP R9
3692 SIDESTEP R24
3692 SIDESTEP R29
3692 SIDESTEP R42
3693 DELIVER 1123 R6 2301
3693 SIDESTEP R75
3694 ASSIGN 1277 R6 20
3694 SIDESTEP R68
3694 SIDESTEP R77
3695 SIDESTEP R3
3695 SIDESTEP R7
3695 SIDESTEP R55
3695 SIDESTEP R58
3695 SIDESTEP R76
3696 SIDESTEP R5
3696 SIDESTEP R12
3696 SIDESTEP R31
3696 SIDESTEP R37
3697 SIDESTEP R1
3697 SIDESTEP R13
3697 SIDESTEP R20
3697 SIDESTEP R38
3699 PICK 1155 R45
3699 SIDESTEP R68
3699 REPORT pending=1713 aged=1634 idle=0 to_pickup=23 delivering=24 to_charger=27 charging=1 dead=5 hot=11,2,14
3700 SIDESTEP R7
3700 SIDESTEP R8
3700 SIDESTEP R9
3700 SIDESTEP R35
3700 SIDESTEP R63
3700 SIDESTEP R76
3701 SIDESTEP R3
3701 SIDESTEP R5
3701 SIDESTEP R31
3701 SIDESTEP R37
3702 SIDESTEP R20
3702 SIDESTEP R24
3702 SIDESTEP R38
3702 SIDESTEP R62
3702 DELIVER 1104 R70 2333
3703 GO_CHARGE R70 20 1
3703 SIDESTEP R55
3703 SIDESTEP R58
3703 SIDESTEP R77
3704 CANCEL 2929
3704 REJECT 2996
3704 SIDESTEP R12
3705 SIDESTEP R8
3705 SIDESTEP R63
3705 SIDESTEP R68
3706 CHARGED R51
3706 ASSIGN 1209 R51 112
3706 SIDESTEP R9
3706 SIDESTEP R31
3706 PICK 1129 R34
3706 SIDESTEP R35
3706 SIDESTEP R37
3706 SIDESTEP R76
3707 SIDESTEP R13
3708 SIDESTEP R5
3708 SIDESTEP R55
3708 SIDESTEP R58
3708 SIDESTEP R62
3708 DELIVER 1172 R67 2257
3708 SIDESTEP R74
3708 SIDESTEP R77
3709 GO_CHARGE R67 41 1
3709 SIDESTEP R6
3709 SIDESTEP R24
3709 SIDESTEP R69
3710 SIDESTEP R3
3710 PICK 1138 R21
3711 SIDESTEP R20
3711 SIDESTEP R22
3711 DELIVER 1140 R25 2299
3711 SIDESTEP R38
3711 SIDESTEP R68
3711 SIDESTEP R76
3712 ASSIGN 1210 R25 68
3712 SIDESTEP R1
3712 SIDESTEP R9
3712 SIDESTEP R35
3713 SIDESTEP R5
3713 PICK 1197 R28
3713 SIDESTEP R55
3713 SIDESTEP R58
3713 SIDESTEP R62
3713 SIDESTEP R74
3713 SIDESTEP R75
3713 SIDESTEP R77
3714 PICK 1146 R7
3714 SIDESTEP R24
3714 DELIVER 1119 R47 2327
3714 SIDESTEP R72
3715 ASSIGN 1214 R47 18
3715 SIDESTEP R3
3715 SIDESTEP R12
3715 PICK 1127 R36
3715 SIDESTEP R44
3716 SIDESTEP R22
3717 SIDESTEP R38
3717 SIDESTEP R68
3718 SIDESTEP R9
3718 SIDESTEP R29
3718 SIDESTEP R35
3718 PICK 1160 R46
3718 SIDESTEP R55
3718 SIDESTEP R62
3718 SIDESTEP R77
3719 SIDESTEP R20
3719 SIDESTEP R24
3719 SIDESTEP R72
3719 DELIVER 1174 R73 2265
3720 ASSIGN 1218 R73 53
3720 SIDESTEP R1
3720 SIDESTEP R3
3720 PICK 1277 R6
3720 SIDESTEP R12
3720 DELIVER 1124 R17 2327
3720 DELIVER 1151 R30 2295
3720 SIDESTEP R40
3720 SIDESTEP R76
3721 ASSIGN 1230 R17 70
3721 GO_CHARGE R30 48 1
3721 SIDESTEP R22
3721 SIDESTEP R74
3721 SIDESTEP R79
3722 SIDESTEP R38
3723 SIDESTEP R5
3723 SIDESTEP R29
3723 SIDESTEP R31
3723 SIDESTEP R55
3723 SIDESTEP R68
3723 SIDESTEP R77
3724 SIDESTEP R9
3724 SIDESTEP R35
3725 SIDESTEP R11
3725 DELIVER 1228 R16 2206
3725 SIDESTEP R20
3725 SIDESTEP R40
3725 SIDESTEP R69
3726 ASSIGN 1279 R16 86
3726 SIDESTEP R22
3727 PICK 1141 R26
3727 SIDESTEP R75
3728 SIDESTEP R3
3728 SIDESTEP R5
3728 SIDESTEP R29
3728 SIDESTEP R31
3728 SIDESTEP R55
3728 SIDESTEP R77
3729 SIDESTEP R8
3729 SIDESTEP R24
3729 SIDESTEP R68
3730 SIDESTEP R9
3730 SIDESTEP R35
3730 SIDESTEP R40
3730 SIDESTEP R69
3731 SIDESTEP R12
3731 SIDESTEP R17
3731 SIDESTEP R20
3731 SIDESTEP R22
3732 CANCEL 2897
3732 PICK 1143 R2
3732 PICK 1214 R47
3732 SIDESTEP R75
3733 SIDESTEP R3
3733 SIDESTEP R29
3733 SIDESTEP R31
3733 SIDESTEP R38
3733 SIDESTEP R55
3733 SIDESTEP R62
3733 PICK 1271 R79
3734 RESCUE R0
3734 ASSIGN 1239 R0 66
3734 SIDESTEP R5
3734 SIDESTEP R8
3735 SIDESTEP R68
3735 SIDESTEP R69
3735 SIDESTEP R72
3736 SIDESTEP R9
3736 PICK 1268 R10
3736 SIDESTEP R12
3736 SIDESTEP R13
3736 SIDESTEP R17
3736 SIDESTEP R22
3736 SIDESTEP R24
3736 SIDESTEP R35
3736 PICK 1189 R53
3737 CANCEL 2888
3737 SIDESTEP R20
3737 DELIVER 1136 R78 2330
3738 ASSIGN 1241 R78 57
3738 SIDESTEP R3
3738 SIDESTEP R29
3738 SIDESTEP R31
3738 SIDESTEP R38
3738 SIDESTEP R44
3738 SIDESTEP R62
3739 SIDESTEP R0
3739 SIDESTEP R5
3739 SIDESTEP R8
3739 DEAD R31
3739 SIDESTEP R55
3739 SIDESTEP R58
3740 SIDESTEP R72
3741 SIDESTEP R12
3741 SIDESTEP R13
3741 SIDESTEP R22
3741 SIDESTEP R24
3741 SIDESTEP R35
3741 PICK 1159 R60
3741 SIDESTEP R70
3742 SIDESTEP R9
3742 PICK 1137 R49
3743 SIDESTEP R3
3743 SIDESTEP R20
3743 SIDESTEP R75
3744 SIDESTEP R5
3744 SIDESTEP R58
3744 SIDESTEP R62
3744 PICK 1148 R63
3744 SIDESTEP R71
3744 SIDESTEP R74
3745 DELIVER 1184 R37 2279
3745 SIDESTEP R55
3745 SIDESTEP R72
3746 ASSIGN 1164 R37 68
3746 SIDESTEP R13
3746 SIDESTEP R24
3746 SIDESTEP R35
3746 DELIVER 1127 R36 2350
3746 SIDESTEP R40
3746 PICK 1192 R56
3746 SIDESTEP R70
3747 ASSIGN 1167 R36 122
3747 SIDESTEP R61
3747 SIDESTEP R68
3748 SIDESTEP R3
3748 SIDESTEP R12
3748 SIDESTEP R75
3749 CANCEL 2955
3749 SIDESTEP R5
3749 SIDESTEP R20
3749 SIDESTEP R44
3749 SIDESTEP R58
3749 SIDESTEP R71
3749 SIDESTEP R73
3749 REPORT pending=1739 aged=1660 idle=0 to_pickup=16 delivering=30 to_charger=29 charging=0 dead=5 hot=6,2,14
3750 SIDESTEP R72
3751 PICK 1152 R14
3751 SIDESTEP R24
3751 SIDESTEP R29
3751 SIDESTEP R35
3751 SIDESTEP R40
3751 SIDESTEP R62
3751 SIDESTEP R69
3751 SIDESTEP R70
3752 PICK 1144 R42
3752 SIDESTEP R55
3752 DELIVER 1188 R57 2279
3752 SIDESTEP R61
3752 SIDESTEP R68
3752 SIDESTEP R74
3753 ASSIGN 1168 R57 61
3753 SIDESTEP R3
3753 SIDESTEP R9
3753 DELIVER 1132 R19 2351
3753 DELIVER 1149 R59 2331
3753 SIDESTEP R67
3754 GO_CHARGE R19 55 1
3754 GO_CHARGE R59 6 1
3754 SIDESTEP R5
3754 SIDESTEP R36
3754 DELIVER 1332 R43 2110
3754 SIDESTEP R58
3754 SIDESTEP R71
3755 ASSIGN 1170 R43 53
3755 DELIVER 1130 R15 2356
3755 SIDESTEP R20
3755 SIDESTEP R72
3755 SIDESTEP R75
3756 ASSIGN 1171 R15 57
3756 SIDESTEP R29
3756 SIDESTEP R35
3756 SIDESTEP R40
3756 SIDESTEP R44
3756 SIDESTEP R62
3756 SIDESTEP R69
3757 SIDESTEP R1
3757 SIDESTEP R8
3757 SIDESTEP R55
3757 SIDESTEP R61
3757 SIDESTEP R74
3758 SIDESTEP R3
3758 SIDESTEP R12
3758 SIDESTEP R67
3758 SIDESTEP R70
3759 SIDESTEP R5
3759 SIDESTEP R9
3759 SIDESTEP R33
3759 SIDESTEP R58
3759 SIDESTEP R71
3760 SIDESTEP R72
3760 SIDESTEP R75
3761 SIDESTEP R29
3761 SIDESTEP R35
3761 SIDESTEP R44
3761 SIDESTEP R62
3761 SIDESTEP R69
3762 SIDESTEP R1
3762 SIDESTEP R8
3762 SIDESTEP R13
3762 SIDESTEP R20
3762 SIDESTEP R55
3762 SIDESTEP R61
3762 SIDESTEP R74
3763 SIDESTEP R3
3763 SIDESTEP R12
3763 SIDESTEP R67
3764 SIDESTEP R5
3764 SIDESTEP R9
3764 SIDESTEP R58
3764 SIDESTEP R70
3764 SIDESTEP R71
3765 SIDESTEP R72
3765 SIDESTEP R75
3766 SIDESTEP R29
3766 SIDESTEP R35
3766 SIDESTEP R44
3766 DELIVER 1125 R52 2372
3766 SIDESTEP R62
3766 DEAD R75
3767 ASSIGN 1173 R52 98
3767 SIDESTEP R8
3767 SIDESTEP R13
3767 SIDESTEP R40
3767 SIDESTEP R55
3767 SIDESTEP R57
3767 SIDESTEP R61
3767 SIDESTEP R74
3768 SIDESTEP R3
3768 DELIVER 1146 R7 2349
3768 SIDESTEP R12
3768 DELIVER 1155 R45 2337
3768 SIDESTEP R67
3768 SIDESTEP R68
3769 ASSIGN 1175 R7 27
3769 ASSIGN 1176 R45 48
3769 SIDESTEP R5
3769 SIDESTEP R9
3769 SIDESTEP R58
3769 SIDESTEP R71
3770 PICK 1158 R64
3770 SIDESTEP R70
3770 SIDESTEP R72
3771 CANCEL 2910
3771 SIDESTEP R29
3771 SIDESTEP R35
3771 SIDESTEP R44
3771 SIDESTEP R62
3772 RESCUE R54
3772 ASSIGN 1177 R54 40
3772 SIDESTEP R8
3772 SIDESTEP R13
3772 SIDESTEP R20
3772 DELIVER 1133 R32 2369
3772 SIDESTEP R40
3772 SIDESTEP R55
3772 DELIVER 1192 R56 2294
3772 SIDESTEP R61
3772 SIDESTEP R74
3773 RESCUE R18
3773 ASSIGN 1178 R32 56
3773 ASSIGN 1179 R56 44
3773 ASSIGN 1181 R18 105
3773 SIDESTEP R1
3773 SIDESTEP R3
3773 SIDESTEP R12
3773 SIDESTEP R67
3773 SIDESTEP R68
3774 RESCUE R48
3774 RESCUE R50
3774 ASSIGN 1182 R50 36
3774 ASSIGN 1183 R48 53
3774 SIDESTEP R5
3774 SIDESTEP R19
3774 SIDESTEP R58
3774 SIDESTEP R71
3775 SIDESTEP R10
3775 SIDESTEP R72
3776 DELIVER 1141 R26 2363
3776 SIDESTEP R29
3776 SIDESTEP R35
3776 SIDESTEP R44
3776 SIDESTEP R62
3777 ASSIGN 1185 R26 87
3777 SIDESTEP R8
3777 DELIVER 1258 R33 2223
3777 SIDESTEP R55
3777 SIDESTEP R61
3777 SIDESTEP R74
3778 ASSIGN 1186 R33 54
3778 SIDESTEP R1
3778 SIDESTEP R3
3778 SIDESTEP R12
3778 SIDESTEP R20
3778 DELIVER 1297 R22 2175
3778 DELIVER 1160 R46 2340
3778 SIDESTEP R67
3778 SIDESTEP R68
3778 PICK 1218 R73
3779 ASSIGN 1191 R46 120
3779 GO_CHARGE R22 83 1
3779 SIDESTEP R5
3779 SIDESTEP R19
3779 DELIVER 1138 R21 2369
3779 PICK 1210 R25
3779 SIDESTEP R40
3779 SIDESTEP R58
3779 SIDESTEP R69
3779 SIDESTEP R70
3779 SIDESTEP R71
3780 GO_CHARGE R21 6 1
3780 SIDESTEP R10
3780 SIDESTEP R13
3780 SIDESTEP R59
3780 SIDESTEP R72
3781 SIDESTEP R9
3781 SIDESTEP R29
3781 SIDESTEP R44
3781 SIDESTEP R62
3782 SIDESTEP R8
3782 SIDESTEP R55
3782 SIDESTEP R61
3782 SIDESTEP R74
3783 SIDESTEP R1
3783 SIDESTEP R3
3783 SIDESTEP R12
3783 SIDESTEP R20
3783 SIDESTEP R35
3783 SIDESTEP R67
3784 SIDESTEP R5
3784 DELIVER 1197 R28 2301
3784 SIDESTEP R58
3784 SIDESTEP R71
3785 GO_CHARGE R28 62 1
3785 DELIVER 1277 R6 2208
3785 SIDESTEP R10
3785 SIDESTEP R59
3785 SIDESTEP R68
3785 SIDESTEP R72
3786 GO_CHARGE R6 13 1
3786 SIDESTEP R9
3786 SIDESTEP R29
3786 SIDESTEP R44
3786 SIDESTEP R62
3786 SIDESTEP R70
3787 SIDESTEP R8
3787 SIDESTEP R13
3787 SIDESTEP R17
3787 SIDESTEP R40
3787 SIDESTEP R55
3787 SIDESTEP R61
3787 SIDESTEP R69
3787 SIDESTEP R74
3788 SIDESTEP R1
3788 SIDESTEP R3
3788 SIDESTEP R12
3788 SIDESTEP R20
3789 SIDESTEP R5
3789 DEAD R12
3789 SIDESTEP R58
3789 SIDESTEP R67
3789 SIDESTEP R71
3789 CHARGE R77
3790 SIDESTEP R10
3790 SIDESTEP R59
3790 SIDESTEP R72
3791 SIDESTEP R9
3791 SIDESTEP R29
3791 SIDESTEP R44
3791 DELIVER 1189 R53 2317
3791 SIDESTEP R62
3791 SIDESTEP R68
3791 SIDESTEP R70
3792 ASSIGN 1360 R53 100
3792 SIDESTEP R8
3792 SIDESTEP R13
3792 SIDESTEP R17
3792 SIDESTEP R19
3792 SIDESTEP R40
3792 SIDESTEP R55
3792 SIDESTEP R61
3792 SIDESTEP R69
3792 SIDESTEP R74
3793 SIDESTEP R3
3793 SIDESTEP R35
3794 SIDESTEP R5
3794 SIDESTEP R58
3794 SIDESTEP R71
3794 PICK 1241 R78
3795 SIDESTEP R1
3795 DELIVER 1117 R4 2411
3795 PICK 1175 R7
3795 SIDESTEP R10
3795 SIDESTEP R72
3796 ASSIGN 1291 R4 97
3796 SIDESTEP R21
3796 SIDESTEP R29
3796 SIDESTEP R44
3796 DELIVER 1214 R47 2291
3796 SIDESTEP R62
3796 SIDESTEP R70
3797 ASSIGN 1365 R47 91
3797 SIDESTEP R8
3797 SIDESTEP R13
3797 SIDESTEP R17
3797 SIDESTEP R19
3797 SIDESTEP R40
3797 SIDESTEP R55
3797 SIDESTEP R61
3797 SIDESTEP R68
3797 SIDESTEP R69
3797 SIDESTEP R73
3797 SIDESTEP R74
3798 SIDESTEP R3
3798 SIDESTEP R9
3798 SIDESTEP R35
3799 SIDESTEP R58
3799 SIDESTEP R71
3799 REPORT pending=1762 aged=1680 idle=0 to_pickup=27 delivering=17 to_charger=32 charging=1 dead=3 hot=5,2,11
3800 SIDESTEP R1
3800 SIDESTEP R5
3800 SIDESTEP R20
3800 SIDESTEP R72
3801 SIDESTEP R29
3801 SIDESTEP R38
3801 SIDESTEP R44
3801 SIDESTEP R62
3801 SIDESTEP R70
3802 SIDESTEP R8
3802 SIDESTEP R13
3802 SIDESTEP R19
3802 SIDESTEP R40
3802 SIDESTEP R55
3802 SIDESTEP R61
3802 SIDESTEP R69
3802 SIDESTEP R73
3802 SIDESTEP R74
3803 SIDESTEP R3
3803 SIDESTEP R9
3803 DELIVER 1129 R34 2405
3803 SIDESTEP R35
3803 SIDESTEP R59
3803 SIDESTEP R68
3804 ASSIGN 1374 R34 67
3804 SIDESTEP R58
3804 SIDESTEP R71
3805 CHARGED R77
3805 ASSIGN 1193 R77 107
3805 SIDESTEP R1
3805 SIDESTEP R72
3806 SIDESTEP R5
3806 SIDESTEP R20
3806 SIDESTEP R29
3806 SIDESTEP R44
3806 SIDESTEP R62
3807 SIDESTEP R8
3807 SIDESTEP R13
3807 SIDESTEP R19
3807 SIDESTEP R38
3807 SIDESTEP R40
3807 PICK 1170 R43
3807 SIDESTEP R55
3807 SIDESTEP R61
3807 SIDESTEP R69
3807 DEAD R72
3807 SIDESTEP R74
3808 SIDESTEP R3
3808 SIDESTEP R9
3808 SIDESTEP R35
3808 SIDESTEP R59
3808 CHARGE R76
3809 SIDESTEP R21
3809 PICK 1182 R50
3809 SIDESTEP R58
3809 SIDESTEP R68
3809 SIDESTEP R71
3810 CANCEL 2957
3810 SIDESTEP R1
3811 SIDESTEP R5
3811 PICK 1279 R16
3811 SIDESTEP R29
3811 SIDESTEP R44
3811 PICK 1177 R54
3811 SIDESTEP R62
3812 SIDESTEP R8
3812 SIDESTEP R13
3812 PICK 1171 R15
3812 SIDESTEP R20
3812 SIDESTEP R40
3812 SIDESTEP R55
3812 SIDESTEP R61
3812 SIDESTEP R69
3812 SIDESTEP R74
3813 PICK 1239 R0
3813 SIDESTEP R3
3813 SIDESTEP R9
3813 SIDESTEP R26
3813 SIDESTEP R35
3813 SIDESTEP R59
3813 DEAD R69
3814 SIDESTEP R21
3814 SIDESTEP R58
3814 SIDESTEP R70
3814 SIDESTEP R71
3815 SIDESTEP R68
3816 SIDESTEP R5
3816 SIDESTEP R29
3816 SIDESTEP R44
3816 PICK 1179 R56
3816 SIDESTEP R62
3817 SIDESTEP R8
3817 SIDESTEP R13
3817 SIDESTEP R28
3817 SIDESTEP R40
3817 PICK 1176 R45
3817 DELIVER 1137 R49 2409
3817 SIDESTEP R55
3817 SIDESTEP R74
3818 ASSIGN 1301 R49 71
3818 SIDESTEP R20
3818 SIDESTEP R26
3818 SIDESTEP R35
3818 SIDESTEP R59
3819 SIDESTEP R1
3819 SIDESTEP R3
3819 SIDESTEP R21
3819 DELIVER 1210 R25 2319
3819 SIDESTEP R58
3819 SIDESTEP R70
3819 SIDESTEP R71
3820 ASSIGN 1307 R25 102
3820 SIDESTEP R19
3820 PICK 1209 R51
3821 SIDESTEP R5
3821 SIDESTEP R29
3821 SIDESTEP R44
3821 SIDESTEP R62
3821 SIDESTEP R68
3822 SIDESTEP R8
3822 PICK 1230 R17
3822 SIDESTEP R55
3822 SIDESTEP R74
3823 SIDESTEP R26
3823 SIDESTEP R35
3823 PICK 1164 R37
3823 SIDESTEP R53
3823 SIDESTEP R67
3824 SIDESTEP R1
3824 SIDESTEP R3
3824 SIDESTEP R20
3824 SIDESTEP R21
3824 SIDESTEP R58
3824 SIDESTEP R61
3824 SIDESTEP R70
3824 SIDESTEP R71
3825 SIDESTEP R19
3826 CHARGED R76
3826 ASSIGN 1317 R76 91
3826 SIDESTEP R5
3826 SIDESTEP R9
3826 SIDESTEP R29
3826 SIDESTEP R44
3826 SIDESTEP R62
3827 SIDESTEP R8
3827 CHARGE R30
3827 SIDESTEP R55
3827 SIDESTEP R68
3827 SIDESTEP R74
3828 SIDESTEP R26
3828 SIDESTEP R53
3829 SIDESTEP R11
3829 PICK 1178 R32
3829 SIDESTEP R58
3829 SIDESTEP R70
3829 SIDESTEP R71
3830 SIDESTEP R13
3830 SIDESTEP R19
3830 SIDESTEP R20
3831 SIDESTEP R1
3831 SIDESTEP R5
3831 SIDESTEP R9
3831 SIDESTEP R29
3831 SIDESTEP R44
3831 SIDESTEP R59
3831 SIDESTEP R62
3831 SIDESTEP R77
3831 DELIVER 1271 R79 2261
3832 GO_CHARGE R79 27 1
3832 SIDESTEP R8
3832 SIDESTEP R55
3832 SIDESTEP R74
3833 SIDESTEP R26
3833 SIDESTEP R57
3833 SIDESTEP R68
3834 SIDESTEP R40
3834 SIDESTEP R46
3834 PICK 1183 R48
3834 SIDESTEP R58
3834 SIDESTEP R71
3835 SIDESTEP R19
3836 SIDESTEP R1
3836 SIDESTEP R5
3836 SIDESTEP R9
3836 SIDESTEP R20
3836 SIDESTEP R29
3836 SIDESTEP R44
3836 SIDESTEP R59
3836 SIDESTEP R62
3836 SIDESTEP R77
3837 SIDESTEP R8
3837 SIDESTEP R21
3837 SIDESTEP R74
3838 SIDESTEP R26
3838 SIDESTEP R57
3839 RESCUE R31
3839 ASSIGN 1244 R31 75
3839 PICK 1201 R11
3839 SIDESTEP R46
3839 SIDESTEP R58
3839 SIDESTEP R68
3839 SIDESTEP R71
3840 SIDESTEP R40
3841 SIDESTEP R1
3841 SIDESTEP R4
3841 SIDESTEP R9
3841 SIDESTEP R29
3841 SIDESTEP R43
3841 SIDESTEP R44
3841 SIDESTEP R59
3841 DELIVER 1159 R60 2405
3842 ASSIGN 1245 R60 108
3842 SIDESTEP R20
3842 SIDESTEP R21
3842 DEAD R44
3842 SIDESTEP R55
3842 SIDESTEP R62
3842 SIDESTEP R70
3842 SIDESTEP R74
3843 CHARGED R30
3843 ASSIGN 1247 R30 50
3843 DELIVER 1152 R14 2416
3843 SIDESTEP R24
3843 SIDESTEP R26
3843 SIDESTEP R57
3844 ASSIGN 1248 R14 96
3844 DELIVER 1143 R2 2429
3844 SIDESTEP R46
3844 SIDESTEP R68
3844 SIDESTEP R71
3845 ASSIGN 1395 R2 135
3845 SIDESTEP R19
3845 SIDESTEP R40
3846 SIDESTEP R1
3846 SIDESTEP R35
3846 DELIVER 1148 R63 2425
3847 CANCEL 2962
3847 CANCEL 2988
3847 ASSIGN 1251 R63 59
3847 DELIVER 1171 R15 2397
3847 SIDESTEP R21
3847 SIDESTEP R55
3847 SIDESTEP R70
3848 ASSIGN 1252 R15 47
3848 SIDESTEP R20
3848 SIDESTEP R26
3848 SIDESTEP R57
3848 SIDESTEP R59
3849 SIDESTEP R29
3849 SIDESTEP R46
3849 SIDESTEP R68
3849 SIDESTEP R71
3849 REPORT pending=1785 aged=1705 idle=0 to_pickup=25 delivering=22 to_charger=28 charging=0 dead=5 hot=6,1,12
3851 SIDESTEP R1
3851 SIDESTEP R19
3851 SIDESTEP R35
3852 SIDESTEP R13
3852 SIDESTEP R21
3852 SIDESTEP R55
3852 SIDESTEP R70
3853 DELIVER 1175 R7 2398
3853 SIDESTEP R26
3853 SIDESTEP R57
3853 SIDESTEP R59
3854 ASSIGN 1322 R7 55
3854 SIDESTEP R9
3854 SIDESTEP R68
3854 SIDESTEP R71
3855 SIDESTEP R8
3855 SIDESTEP R20
3855 DELIVER 1183 R48 2390
3855 DELIVER 1241 R78 2320
3856 ASSIGN 1335 R78 41
3856 ASSIGN 1336 R48 86
3856 SIDESTEP R1
3856 SIDESTEP R67
3857 DELIVER 1268 R10 2291
3857 SIDESTEP R13
3857 SIDESTEP R19
3857 SIDESTEP R40
3857 DELIVER 1218 R73 2348
3858 ASSIGN 1403 R73 69
3858 GO_CHARGE R10 34 1
3858 SIDESTEP R6
3858 SIDESTEP R26
3858 SIDESTEP R57
3858 SIDESTEP R59
3859 SIDESTEP R9
3859 SIDESTEP R68
3859 SIDESTEP R70
3859 SIDESTEP R71
3860 SIDESTEP R8
3861 DELIVER 1239 R0 2328
3861 SIDESTEP R1
3861 SIDESTEP R20
3862 ASSIGN 1343 R0 42
3862 PICK 1186 R33
3862 SIDESTEP R40
3863 SIDESTEP R6
3863 SIDESTEP R19
3863 SIDESTEP R35
3863 DELIVER 1144 R42 2447
3863 SIDESTEP R59
3863 CHARGE R61
3863 SIDESTEP R74
3864 ASSIGN 1266 R42 67
3864 SIDESTEP R9
3864 SIDESTEP R58
3864 SIDESTEP R67
3864 SIDESTEP R70
3864 SIDESTEP R71
3865 SIDESTEP R21
3865 SIDESTEP R25
3865 PICK 1173 R52
3865 DEAD R58
3865 LOST 838
3865 SIDESTEP R76
3866 RESCUE R75
3866 ASSIGN 1194 R75 25
3866 SIDESTEP R1
3866 CHARGE R38
3867 SIDESTEP R20
3867 SIDESTEP R40
3868 SIDESTEP R35
3868 SIDESTEP R62
3868 SIDESTEP R74
3869 SIDESTEP R13
3869 SIDESTEP R19
3869 SIDESTEP R67
3869 SIDESTEP R70
3869 SIDESTEP R71
3870 SIDESTEP R21
3870 SIDESTEP R75
3870 SIDESTEP R76
3871 SIDESTEP R9
3871 SIDESTEP R36
3871 DELIVER 1209 R51 2372
3872 ASSIGN 1269 R51 53
3872 DEAD R24
3872 SIDESTEP R34
3872 PICK 1168 R57
3873 SIDESTEP R20
3874 SIDESTEP R13
3874 SIDESTEP R62
3874 SIDESTEP R68
3874 SIDESTEP R70
3874 SIDESTEP R71
3875 SIDESTEP R19
3875 SIDESTEP R21
3875 SIDESTEP R75
3875 SIDESTEP R76
3875 SIDESTEP R77
3876 SIDESTEP R1
3876 SIDESTEP R9
3876 SIDESTEP R36
3876 SIDESTEP R59
3876 SIDESTEP R74
3878 PICK 1374 R34
3878 SIDESTEP R43
3879 CHARGED R61
3879 ASSIGN 1273 R61 71
3879 SIDESTEP R13
3879 SIDESTEP R20
3879 SIDESTEP R62
3879 SIDESTEP R68
3879 SIDESTEP R71
3880 SIDESTEP R3
3880 SIDESTEP R35
3880 SIDESTEP R76
3880 SIDESTEP R77
3881 SIDESTEP R1
3881 SIDESTEP R9
3881 SIDESTEP R19
3881 DEAD R20
3881 LOST 1050
3881 SIDESTEP R59
3881 SIDESTEP R74
3882 CHARGED R38
3882 ASSIGN 1195 R38 31
3882 SIDESTEP R21
3883 PICK 1181 R18
3883 SIDESTEP R29
3883 SIDESTEP R36
3883 SIDESTEP R61
3884 SIDESTEP R6
3884 SIDESTEP R62
3884 SIDESTEP R71
3885 SIDESTEP R3
3885 SIDESTEP R35
3885 SIDESTEP R40
3885 SIDESTEP R46
3885 DELIVER 1179 R56 2424
3885 SIDESTEP R77
3886 ASSIGN 1199 R56 30
3886 SIDESTEP R1
3886 SIDESTEP R9
3886 DELIVER 1181 R18 2423
3886 SIDESTEP R59
3886 SIDESTEP R74
3887 ASSIGN 1200 R18 72
3887 SIDESTEP R19
3887 SIDESTEP R21
3887 SIDESTEP R70
3888 SIDESTEP R10
3888 SIDESTEP R61
3889 RESCUE R12
3889 ASSIGN 1275 R12 80
3889 SIDESTEP R71
3890 SIDESTEP R35
3890 SIDESTEP R40
3890 SIDESTEP R68
3891 SIDESTEP R1
3891 SIDESTEP R49
3891 SIDESTEP R74
3892 SIDESTEP R5
3892 SIDESTEP R21
3892 PICK 1247 R30
3892 SIDESTEP R70
3893 SIDESTEP R6
3893 SIDESTEP R19
3893 DELIVER 1170 R43 2445
3893 SIDESTEP R61
3894 ASSIGN 1204 R43 63
3894 SIDESTEP R9
3894 PICK 1252 R15
3894 DELIVER 1178 R32 2435
3894 SIDESTEP R59
3894 SIDESTEP R71
3895 ASSIGN 1205 R32 30
3895 PICK 1301 R49
3895 SIDESTEP R68
3896 SIDESTEP R1
3896 CHARGE R6
3896 SIDESTEP R13
3896 SIDESTEP R29
3896 DELIVER 1177 R54 2438
3896 SIDESTEP R74
3896 PICK 1335 R78
3897 ASSIGN 1206 R54 107
3897 SIDESTEP R5
3897 SIDESTEP R35
3897 DEAD R55
3897 DELIVER 1158 R64 2462
3898 GO_CHARGE R64 48 1
3898 SIDESTEP R19
3898 CHARGE R28
3899 PICK 1291 R4
3899 SIDESTEP R9
3899 SIDESTEP R59
3899 SIDESTEP R71
3899 REPORT pending=1808 aged=1731 idle=0 to_pickup=31 delivering=16 to_charger=24 charging=2 dead=7 hot=5,1,12
3900 SIDESTEP R10
3900 SIDESTEP R18
3900 SIDESTEP R68
3901 SIDESTEP R1
3901 SIDESTEP R13
3901 SIDESTEP R21
3901 SIDESTEP R29
3901 SIDESTEP R40
3901 PICK 1360 R53
3901 SIDESTEP R74
3902 SIDESTEP R5
3902 SIDESTEP R35
3902 SIDESTEP R62
3903 PICK 1343 R0
3903 SIDESTEP R19
3903 DELIVER 1176 R45 2447
3904 GO_CHARGE R45 69 1
3904 SIDESTEP R2
3904 SIDESTEP R9
3904 SIDESTEP R57
3904 SIDESTEP R59
3904 SIDESTEP R71
3905 PICK 1251 R63
3905 SIDESTEP R70
3906 SIDESTEP R1
3906 SIDESTEP R40
3906 PICK 1365 R47
3906 SIDESTEP R74
3907 SIDESTEP R5
3907 SIDESTEP R8
3907 SIDESTEP R62
3908 SIDESTEP R3
3909 SIDESTEP R2
3909 PICK 1322 R7
3909 SIDESTEP R9
3909 DELIVER 1247 R30 2368
3909 SIDESTEP R57
3909 SIDESTEP R59
3909 SIDESTEP R71
3910 ASSIGN 1208 R30 36
3910 SIDESTEP R10
3910 SIDESTEP R70
3910 SIDESTEP R79
3911 SIDESTEP R1
3911 SIDESTEP R40
3911 SIDESTEP R74
3912 SIDESTEP R5
3912 SIDESTEP R8
3912 SIDESTEP R13
3912 DELIVER 1230 R17 2391
3912 PICK 1195 R38
3913 RESCUE R69
3913 CHARGED R6
3913 ASSIGN 1212 R69 71
3913 ASSIGN 1213 R6 91
3913 GO_CHARGE R17 13 1
3913 SIDESTEP R3
3913 PICK 1167 R36
3913 SIDESTEP R62
3914 CHARGED R28
3914 ASSIGN 1215 R28 86
3914 SIDESTEP R2
3914 SIDESTEP R9
3914 SIDESTEP R19
3914 SIDESTEP R35
3914 SIDESTEP R57
3915 SIDESTEP R10
3915 PICK 1199 R56
3915 SIDESTEP R59
3915 SIDESTEP R70
3915 SIDESTEP R79
3916 SIDESTEP R1
3916 SIDESTEP R21
3916 SIDESTEP R74
3917 RESCUE R72
3917 ASSIGN 1220 R72 67
3917 SIDESTEP R6
3917 DELIVER 1201 R11 2429
3917 SIDESTEP R63
3917 SIDESTEP R67
3918 ASSIGN 1221 R11 66
3918 SIDESTEP R3
3918 DELIVER 1291 R4 2322
3918 SIDESTEP R29
3918 SIDESTEP R40
3919 GO_CHARGE R4 62 1
3919 SIDESTEP R2
3919 SIDESTEP R8
3919 SIDESTEP R9
3919 SIDESTEP R13
3919 SIDESTEP R68
3920 SIDESTEP R10
3920 DELIVER 1164 R37 2478
3920 SIDESTEP R59
3920 SIDESTEP R70
3920 SIDESTEP R79
3921 ASSIGN 1222 R37 108
3921 SIDESTEP R1
3921 SIDESTEP R19
3921 SIDESTEP R72
3922 SIDESTEP R21
3922 SIDESTEP R63
3922 SIDESTEP R67
3922 SIDESTEP R75
3923 PICK 1185 R26
3923 CHARGE R65
3924 CANCEL 3012
3924 SIDESTEP R9
3924 SIDESTEP R13
3924 PICK 1205 R32
3924 SIDESTEP R68
3925 SIDESTEP R8
3925 PICK 1244 R31
3925 PICK 1269 R51
3925 SIDESTEP R59
3926 SIDESTEP R3
3926 SIDESTEP R5
3926 SIDESTEP R29
3926 DELIVER 1173 R52 2473
3926 SIDESTEP R62
3926 PICK 1403 R73
3926 SIDESTEP R74
3926 SIDESTEP R79
3927 ASSIGN 1224 R52 60
3927 SIDESTEP R33
3927 SIDESTEP R40
3927 SIDESTEP R45
3927 SIDESTEP R63
3928 CANCEL 3034
3928 SIDESTEP R21
3928 PICK 1191 R46
3929 SIDESTEP R67
3929 SIDESTEP R68
3929 SIDESTEP R69
3929 SIDESTEP R77
3930 SIDESTEP R8
3930 SIDESTEP R12
3930 SIDESTEP R19
3931 CANCEL 3153
3931 SIDESTEP R3
3931 SIDESTEP R5
3931 DEAD R8
3931 SIDESTEP R29
3931 PICK 1162 R41
3931 PICK 1266 R42
3931 SIDESTEP R62
3932 SIDESTEP R9
3932 SIDESTEP R40
3932 SIDESTEP R45
3932 SIDESTEP R63
3933 SIDESTEP R7
3933 SIDESTEP R10
3933 SIDESTEP R13
3933 SIDESTEP R21
3933 SIDESTEP R35
3933 SIDESTEP R70
3933 SIDESTEP R79
3934 CANCEL 3028
3934 SIDESTEP R18
3935 SIDESTEP R4
3935 SIDESTEP R59
3936 SIDESTEP R3
3936 SIDESTEP R5
3936 DELIVER 1279 R16 2357
3936 SIDESTEP R26
3936 SIDESTEP R29
3936 SIDESTEP R62
3936 SIDESTEP R68
3936 PICK 1194 R75
3937 GO_CHARGE R16 76 1
3937 SIDESTEP R9
3937 PICK 1307 R25
3937 SIDESTEP R40
3938 SIDESTEP R7
3938 SIDESTEP R10
3938 SIDESTEP R13
3938 SIDESTEP R21
3938 SIDESTEP R35
3938 SIDESTEP R79
3939 PICK 1248 R14
3939 SIDESTEP R18
3939 SIDESTEP R70
3940 REJECT 3184
3941 CHARGED R65
3941 ASSIGN 1226 R65 78
3941 SIDESTEP R3
3941 SIDESTEP R5
3941 SIDESTEP R26
3941 SIDESTEP R29
3941 PICK 1336 R48
3941 SIDESTEP R62
3941 SIDESTEP R68
3942 RESCUE R44
3942 ASSIGN 1227 R44 79
3942 SIDESTEP R9
3942 CHARGE R22
3942 SIDESTEP R40
3943 CANCEL 3083
3943 SIDESTEP R7
3943 SIDESTEP R13
3943 SIDESTEP R21
3943 SIDESTEP R35
3943 SIDESTEP R45
3943 DELIVER 1335 R78 2293
3943 SIDESTEP R79
3944 GO_CHARGE R78 62 1
3944 SIDESTEP R10
3944 SIDESTEP R18
3944 SIDESTEP R59
3945 PICK 1208 R30
3945 SIDESTEP R70
3946 SIDESTEP R3
3946 SIDESTEP R5
3946 SIDESTEP R26
3946 SIDESTEP R29
3946 DELIVER 1182 R50 2482
3946 SIDESTEP R52
3946 SIDESTEP R62
3946 SIDESTEP R68
3947 ASSIGN 1231 R50 82
3947 SIDESTEP R9
3947 SIDESTEP R40
3947 DELIVER 1301 R49 2339
3947 SIDESTEP R74
3948 ASSIGN 1232 R49 94
3948 SIDESTEP R1
3948 SIDESTEP R7
3948 SIDESTEP R13
3948 SIDESTEP R21
3948 SIDESTEP R35
3948 SIDESTEP R45
3948 CHARGE R67
3949 SIDESTEP R4
3949 SIDESTEP R59
3949 REPORT pending=1830 aged=1753 idle=0 to_pickup=22 delivering=26 to_charger=25 charging=2 dead=5 hot=13,1,11
3951 SIDESTEP R5
3951 SIDESTEP R26
3951 SIDESTEP R29
3951 SIDESTEP R52
3951 SIDESTEP R62
3951 SIDESTEP R68
3952 SIDESTEP R9
3952 SIDESTEP R40
3952 PICK 1245 R60
3952 SIDESTEP R74
3953 SIDESTEP R1
3953 SIDESTEP R21
3953 SIDESTEP R35
3953 SIDESTEP R45
3953 SIDESTEP R54
3954 SIDESTEP R4
3954 SIDESTEP R15
3954 SIDESTEP R19
3954 DELIVER 1244 R31 2416
3954 DELIVER 1266 R42 2390
3954 SIDESTEP R59
3954 SIDESTEP R70
3954 SIDESTEP R79
3955 ASSIGN 1233 R31 52
3955 ASSIGN 1235 R42 58
3955 SIDESTEP R63
3956 SIDESTEP R26
3956 SIDESTEP R29
3956 DELIVER 1186 R33 2487
3956 SIDESTEP R52
3956 SIDESTEP R62
3957 ASSIGN 1236 R33 97
3957 SIDESTEP R9
3957 SIDESTEP R40
3958 SIDESTEP R3
3958 SIDESTEP R21
3958 SIDESTEP R35
3958 PICK 1161 R71
3959 CHARGED R22
3959 ASSIGN 1237 R22 84
3959 SIDESTEP R13
3959 SIDESTEP R15
3959 SIDESTEP R19
3959 SIDESTEP R59
3959 SIDESTEP R79
3960 SIDESTEP R45
3960 SIDESTEP R63
3960 SIDESTEP R70
3960 SIDESTEP R74
3961 SIDESTEP R1
3961 SIDESTEP R6
3961 SIDESTEP R26
3961 SIDESTEP R29
3961 SIDESTEP R52
3963 SIDESTEP R3
3963 SIDESTEP R5
3963 SIDESTEP R35
3963 PICK 1273 R61
3963 SIDESTEP R68
3964 SIDESTEP R9
3964 SIDESTEP R13
3964 SIDESTEP R15
3964 SIDESTEP R21
3964 SIDESTEP R59
3964 SIDESTEP R78
3964 SIDESTEP R79
3965 CANCEL 3109
3965 RESCUE R58
3965 ASSIGN 1240 R58 40
3965 SIDESTEP R36
3965 SIDESTEP R63
3965 SIDESTEP R70
3966 CHARGED R67
3966 ASSIGN 1242 R67 104
3966 SIDESTEP R4
3966 SIDESTEP R6
3966 SIDESTEP R26
3966 SIDESTEP R52
3967 SIDESTEP R45
3968 SIDESTEP R3
3968 SIDESTEP R5
3969 SIDESTEP R13
3969 SIDESTEP R15
3969 SIDESTEP R35
3969 SIDESTEP R59
3969 SIDESTEP R68
3969 SIDESTEP R78
3970 SIDESTEP R10
3970 SIDESTEP R21
3970 DELIVER 1269 R51 2403
3970 SIDESTEP R62
3970 SIDESTEP R63
3970 SIDESTEP R70
3970 SIDESTEP R74
3971 ASSIGN 1348 R51 93
3971 SIDESTEP R4
3971 SIDESTEP R6
3971 SIDESTEP R26
3971 SIDESTEP R52
3971 SIDESTEP R65
3971 SIDESTEP R79
3972 RESCUE R24
3972 ASSIGN 1427 R24 75
3972 SIDESTEP R34
3972 DELIVER 1199 R56 2486
3972 SIDESTEP R64
3973 ASSIGN 1246 R56 86
3973 SIDESTEP R3
3973 SIDESTEP R5
3973 PICK 1193 R77
3974 SIDESTEP R15
3974 SIDESTEP R35
3974 SIDESTEP R68
3975 CANCEL 3124
3975 SIDESTEP R10
3975 SIDESTEP R19
3975 SIDESTEP R29
3975 SIDESTEP R30
3975 DELIVER 1365 R47 2283
3975 SIDESTEP R48
3975 SIDESTEP R62
3975 SIDESTEP R70
3976 ASSIGN 1250 R47 73
3976 DELIVER 1343 R0 2317
3976 SIDESTEP R4
3976 SIDESTEP R6
3976 SIDESTEP R21
3976 SIDESTEP R26
3976 SIDESTEP R52
3976 SIDESTEP R79
3977 GO_CHARGE R0 41 1
3977 SIDESTEP R45
3977 SIDESTEP R73
3978 SIDESTEP R43
3978 SIDESTEP R64
3979 SIDESTEP R5
3980 SIDESTEP R10
3980 SIDESTEP R19
3980 SIDESTEP R29
3980 SIDESTEP R30
3980 SIDESTEP R62
3981 RESCUE R20
3981 ASSIGN 1281 R20 67
3981 SIDESTEP R21
3981 SIDESTEP R26
3981 SIDESTEP R52
3981 SIDESTEP R59
3981 PICK 1317 R76
3981 SIDESTEP R79
3982 DELIVER 1374 R34 2278
3982 SIDESTEP R35
3982 PICK 1204 R43
3982 SIDESTEP R45
3983 ASSIGN 1355 R34 113
3983 SIDESTEP R4
3983 PICK 1200 R18
3984 SIDESTEP R64
3985 SIDESTEP R5
3985 SIDESTEP R20
3985 SIDESTEP R29
3985 SIDESTEP R53
3985 SIDESTEP R62
3986 SIDESTEP R10
3986 SIDESTEP R19
3986 SIDESTEP R26
3986 SIDESTEP R59
3986 SIDESTEP R79
3987 PICK 1221 R11
3987 SIDESTEP R13
3987 SIDESTEP R35
3987 SIDESTEP R36
3987 SIDESTEP R45
3987 DELIVER 1161 R71 2548
3987 PICK 1220 R72
3988 ASSIGN 1359 R71 86
3988 SIDESTEP R4
3988 SIDESTEP R70
3990 DELIVER 1252 R15 2443
3990 SIDESTEP R29
3990 SIDESTEP R62
3990 SIDESTEP R64
3991 ASSIGN 1361 R15 97
3991 SIDESTEP R19
3991 SIDESTEP R26
3991 SIDESTEP R32
3991 SIDESTEP R59
3991 DELIVER 1193 R77 2512
3992 ASSIGN 1436 R77 28
3992 SIDESTEP R10
3992 SIDESTEP R13
3992 SIDESTEP R21
3992 SIDESTEP R36
3993 SIDESTEP R4
3993 SIDESTEP R35
3993 SIDESTEP R70
3994 SIDESTEP R45
3995 PICK 1212 R69
3996 SIDESTEP R19
3996 SIDESTEP R26
3996 SIDESTEP R59
3996 SIDESTEP R64
3997 CANCEL 3165
3997 RESCUE R55
3997 ASSIGN 1288 R55 57
3997 SIDESTEP R10
3997 SIDESTEP R12
3997 SIDESTEP R13
3997 SIDESTEP R21
3997 SIDESTEP R36
3997 SIDESTEP R40
3998 SIDESTEP R4
3998 SIDESTEP R35
3998 SIDESTEP R68
3998 SIDESTEP R70
3999 PICK 1215 R28
3999 SIDESTEP R45
3999 SIDESTEP R79
3999 REPORT pending=1851 aged=1774 idle=0 to_pickup=27 delivering=26 to_charger=26 charging=0 dead=1 hot=10,1,13
SUMMARY delivered=1164 lost=8 rejected=24 cancelled=139 open=1904
LATENCY sum=1152876 max=2548 avg=990
ROBOT R0 13 52 309 TO_CHARGER 2705 1110
ROBOT R1 8 1 14 TO_CHARGER 2246 1545
ROBOT R2 22 8 282 TO_PICKUP 2310 1439
ROBOT R3 12 1 176 TO_CHARGER 3055 869
ROBOT R4 4 3 267 TO_CHARGER 2590 1103
ROBOT R5 13 1 134 TO_CHARGER 1825 1901
ROBOT R6 35 38 1202 TO_PICKUP 2269 1515
ROBOT R7 60 53 557 DELIVERING 2334 1411
ROBOT R8 9 2 0 DEAD 2291 1454
ROBOT R9 9 1 169 TO_CHARGER 2179 1628
ROBOT R10 13 2 42 TO_CHARGER 2559 1154
ROBOT R11 42 21 737 DELIVERING 2574 1211
ROBOT R12 62 27 607 TO_PICKUP 2569 1262
ROBOT R13 10 1 111 TO_CHARGER 2583 1346
ROBOT R14 40 45 766 DELIVERING 2445 1378
ROBOT R15 62 62 360 TO_PICKUP 2969 955
ROBOT R16 2 1 273 TO_CHARGER 3069 823
ROBOT R17 14 10 74 TO_CHARGER 2923 877
ROBOT R18 5 33 479 DELIVERING 3211 603
ROBOT R19 14 3 202 TO_CHARGER 2758 1034
ROBOT R20 20 3 666 TO_PICKUP 2355 1426
ROBOT R21 9 2 157 TO_CHARGER 1810 1929
ROBOT R22 80 29 1183 TO_PICKUP 3156 772
ROBOT R23 6 2 282 TO_CHARGER 707 3227
ROBOT R24 54 17 652 TO_PICKUP 2329 1354
ROBOT R25 25 12 408 DELIVERING 2667 1145
ROBOT R26 6 36 860 DELIVERING 2330 1432
ROBOT R27 7 1 98 TO_CHARGER 778 3215
ROBOT R28 82 53 1181 DELIVERING 3089 818
ROBOT R29 14 2 345 DELIVERING 2657 1104
ROBOT R30 2 18 1059 DELIVERING 3049 727
ROBOT R31 2 15 502 TO_PICKUP 2026 1607
ROBOT R32 5 34 358 DELIVERING 2692 1138
ROBOT R33 36 30 401 TO_PICKUP 2714 1098
ROBOT R34 73 57 521 TO_PICKUP 3289 554
ROBOT R35 12 2 201 TO_CHARGER 2114 1650
ROBOT R36 5 32 572 DELIVERING 2656 1141
ROBOT R37 56 45 720 TO_PICKUP 2680 1210
ROBOT R38 90 59 1045 DELIVERING 2880 952
ROBOT R39 6 1 1240 TO_PICKUP 786 3102
ROBOT R40 8 2 51 TO_CHARGER 2009 1866
ROBOT R41 60 44 414 DELIVERING 2582 1246
ROBOT R42 67 44 385 TO_PICKUP 3203 667
ROBOT R43 44 29 399 DELIVERING 2805 1141
ROBOT R44 43 39 622 TO_PICKUP 2737 1048
ROBOT R45 3 2 156 TO_CHARGER 3149 767
ROBOT R46 45 30 225 DELIVERING 3166 698
ROBOT R47 1 17 638 TO_PICKUP 2479 1346
ROBOT R48 18 18 393 DELIVERING 2622 1173
ROBOT R49 10 3 737 TO_PICKUP 2934 940
ROBOT R50 12 14 319 TO_PICKUP 2697 1145
ROBOT R51 6 38 877 TO_PICKUP 3176 737
ROBOT R52 50 48 314 TO_PICKUP 2677 1172
ROBOT R53 11 30 790 DELIVERING 2364 1472
ROBOT R54 80 44 383 TO_PICKUP 2267 1477
ROBOT R55 72 2 677 TO_PICKUP 2236 1485
ROBOT R56 40 49 521 TO_PICKUP 2358 1376
ROBOT R57 22 6 236 DELIVERING 1900 1872
ROBOT R58 42 16 645 TO_PICKUP 2080 1661
ROBOT R59 10 2 112 TO_CHARGER 2210 1548
ROBOT R60 53 43 577 DELIVERING 2548 1283
ROBOT R61 15 54 1083 DELIVERING 2838 932
ROBOT R62 14 1 48 TO_CHARGER 2218 1580
ROBOT R63 41 26 449 DELIVERING 3010 913
ROBOT R64 5 2 246 TO_CHARGER 2436 1212
ROBOT R65 33 3 1215 TO_PICKUP 2086 1699
ROBOT R66 5 1 186 TO_CHARGER 771 3178
ROBOT R67 48 20 1254 TO_PICKUP 2204 1605
ROBOT R68 11 2 145 TO_CHARGER 2243 1552
ROBOT R69 72 12 601 DELIVERING 2236 1471
ROBOT R70 4 2 125 TO_CHARGER 2207 1559
ROBOT R71 96 62 1021 TO_PICKUP 2072 1576
ROBOT R72 62 28 601 DELIVERING 2495 1333
ROBOT R73 5 13 151 DELIVERING 3178 759
ROBOT R74 11 1 159 TO_CHARGER 2690 1098
ROBOT R75 5 31 527 DELIVERING 2293 1372
ROBOT R76 46 50 1140 DELIVERING 2334 1457
ROBOT R77 53 62 1113 TO_PICKUP 3283 568
ROBOT R78 65 44 273 TO_CHARGER 2768 1026
ROBOT R79 3 1 55 TO_CHARGER 1809 1912
