100 70 4000
####################################################################################################
#.....C......C......C......C......C......C......C......C......C......C......C......C...............#
#..................................................................................................#
#..................................................................................................#
#.....########..######..#########..#######..######..#########..#########..########..#########..#...#
#..................................................................................................#
#..................................................................................................#
#.....#######..######..######..########..#########..#########..######..#########..#######..#####...#
#..................................................................................................#
#..................................................................................................#
#.....#######..#######..#########..#######..########..######..#########..######..######..#######...#
#..................................................................................................#
#..................................................................................................#
#.....########..########..#######..#########..########..######..#######..#########..#######..###...#
#..................................................................................................#
#..................................................................................................#
#.....#########..########..######..######..########..#######..#######..#########..######..######...#
#..................................................................................................#
#..................................................................................................#
#.....########..#########..#########..########..#######..#######..######..########..########..##...#
#..................................................................................................#
#..................................................................................................#
#.....#######..######..#######..######..########..########..########..#########..#########..####...#
#..................................................................................................#
#..................................................................................................#
#.....######..######..########..######..########..#######..########..########..#########..######...#
#..................................................................................................#
#..................................................................................................#
#.....#######..#########..######..#######..########..########..######..#########..######..######...#
#..................................................................................................#
#..................................................................................................#
#.....########..######..#########..#########..#######..#######..#######..#######..#######..#####...#
#..................................................................................................#
#..................................................................................................#
#.....######..#######..#########..########..######..######..#######..######..#########..#######....#
#..................................................................................................#
#..................................................................................................#
#.....#######..########..#######..#########..#########..#######..#######..#########..########..#...#
#..................................................................................................#
#..................................................................................................#
#.....#######..#######..######..#########..#######..######..#######..#########..######..#######....#
#..................................................................................................#
#..................................................................................................#
#.....########..#######..######..#########..########..######..#######..#######..######..######.....#
#..................................................................................................#
#..................................................................................................#
#.....########..#########..#########..#######..########..########..########..#######..#########....#
#..................................................................................................#
#..................................................................................................#
#.....#######..######..#########..######..########..#######..########..#########..#######..#####...#
#..................................................................................................#
#..................................................................................................#
#.....######..#######..######..#######..#########..########..#######..########..########..######...#
#..................................................................................................#
#..................................................................................................#
#.....#######..#########..#######..########..######..#########..#########..#########..#######..#...#
#..................................................................................................#
#..................................................................................................#
#.....########..#########..######..#######..########..#######..#########..#########..#######..##...#
#..................................................................................................#
#..................................................................................................#
#.....#########..#########..######..#######..########..########..#######..########..######..####...#
#..................................................................................................#
#..................................................................................................#
#.....########..#########..######..#######..########..########..######..######..########..######...#
#..................................................................................................#
#..................................................................................................#
#..................................................................................................#
#..................................................................................................#
####################################################################################################
PARAMS 1360 68 340 30 50 3 100 2
ROBOTS 80
84 14
12 1
13 41
81 45
28 63
18 67
40 36
42 51
57 65
17 56
36 62
43 26
32 38
97 29
52 60
69 18
49 3
90 11
62 53
40 53
10 36
71 12
64 39
62 35
51 47
2 64
83 11
58 6
16 20
22 35
26 9
46 21
42 65
19 67
24 3
59 9
18 59
25 62
90 17
97 32
62 31
5 57
33 9
44 12
3 40
53 15
55 8
11 30
89 39
68 59
95 14
32 8
94 63
68 45
32 47
61 39
15 44
2 38
4 38
81 3
44 30
89 38
6 51
60 51
87 6
35 33
74 5
91 65
39 65
17 45
68 11
10 66
69 54
37 5
57 47
93 4
44 48
16 14
37 24
92 39
EVENTS 7427
0 ORDER 1 66 6 3 26 3
0 BLOCK 52 21
1 ORDER 2 87 23 1 65 0
1 BLOCK 72 30
2 ORDER 3 75 54 41 67 0
3 ORDER 4 85 60 3 11 0
5 ORDER 5 57 32 34 67 0
5 BLOCK 70 62
7 ORDER 6 36 3 65 67 0
8 ORDER 7 46 14 15 68 0
9 ORDER 8 70 39 1 20 1
10 ORDER 9 16 38 15 68 0
10 BLOCK 60 51
11 ORDER 10 9 38 2 1 1
11 BLOCK 47 12
12 ORDER 11 36 3 57 68 2
13 BLOCK 17 11
14 ORDER 12 45 50 56 67 2
14 BLOCK 84 39
16 ORDER 13 68 62 23 68 0
16 BLOCK 70 20
17 ORDER 14 77 17 81 68 0
18 UNBLOCK 70 62
18 ORDER 15 73 45 78 67 0
19 ORDER 16 71 50 8 67 0
19 BLOCK 72 10
20 ORDER 17 58 14 60 67 2
21 ORDER 18 23 33 2 56 0
21 BLOCK 14 27
22 BLOCK 53 60
23 ORDER 19 10 60 1 32 0
23 BLOCK 20 45
24 ORDER 20 16 63 1 39 0
24 BLOCK 92 1
25 ORDER 21 95 21 1 16 2
26 ORDER 22 38 6 39 68 0
26 BLOCK 67 9
27 ORDER 23 35 36 27 68 2
27 BLOCK 26 18
28 ORDER 24 48 62 1 42 1
28 BLOCK 57 68
29 ORDER 25 71 48 1 12 0
31 CANCEL 13
31 ORDER 26 78 17 76 68 0
31 BLOCK 35 48
32 ORDER 27 11 18 42 67 2
33 ORDER 28 91 24 77 68 0
33 BLOCK 7 45
34 ORDER 29 57 57 1 35 1
35 UNBLOCK 14 27
35 ORDER 30 59 36 3 51 0
36 UNBLOCK 26 18
36 ORDER 31 35 50 58 68 0
37 ORDER 32 58 30 1 36 1
37 BLOCK 32 23
38 ORDER 33 69 59 2 21 2
38 BLOCK 52 21
39 UNBLOCK 52 21
39 ORDER 34 63 48 63 68 0
40 ORDER 35 35 57 57 68 0
41 UNBLOCK 60 51
42 UNBLOCK 67 9
42 ORDER 36 7 24 1 59 1
42 BLOCK 36 42
43 UNBLOCK 92 1
43 UNBLOCK 35 48
43 ORDER 37 18 47 48 67 0
44 BLOCK 51 28
45 ORDER 38 82 64 28 67 0
45 BLOCK 58 45
46 ORDER 39 26 30 1 47 0
46 BLOCK 20 44
47 ORDER 40 22 57 2 57 1
47 BLOCK 70 68
48 ORDER 41 20 65 3 2 2
49 UNBLOCK 20 45
49 ORDER 42 73 30 2 25 0
50 UNBLOCK 47 12
50 UNBLOCK 32 23
50 ORDER 43 76 18 3 68 1
51 UNBLOCK 84 39
51 ORDER 44 74 3 2 38 0
51 BLOCK 44 61
52 UNBLOCK 51 28
52 ORDER 45 47 56 80 67 0
52 BLOCK 15 24
53 UNBLOCK 58 45
53 ORDER 46 11 59 60 68 0
54 ORDER 47 42 21 49 67 0
54 BLOCK 57 41
55 ORDER 48 74 59 3 34 0
56 ORDER 49 26 14 12 67 3
56 BLOCK 55 18
57 ORDER 50 52 62 2 57 1
57 BLOCK 28 68
59 UNBLOCK 72 30
59 UNBLOCK 20 44
59 ORDER 51 7 38 3 52 0
60 BLOCK 31 22
61 UNBLOCK 72 10
62 UNBLOCK 70 20
62 UNBLOCK 44 61
62 ORDER 52 22 57 30 67 0
62 BLOCK 50 1
63 UNBLOCK 17 11
63 UNBLOCK 52 21
63 UNBLOCK 36 42
63 ORDER 53 40 3 71 67 0
63 BLOCK 6 51
64 ORDER 54 92 41 1 27 2
64 BLOCK 87 26
65 ORDER 55 54 51 34 68 3
67 ORDER 56 64 59 2 65 2
67 BLOCK 85 56
68 UNBLOCK 57 68
68 ORDER 57 16 63 75 68 0
69 ORDER 58 90 18 1 8 0
70 UNBLOCK 7 45
70 ORDER 59 66 39 3 22 0
70 BLOCK 89 54
71 ORDER 60 25 38 1 11 0
73 ORDER 61 17 24 51 67 0
73 BLOCK 14 45
74 ORDER 62 8 29 93 68 0
76 ORDER 63 52 51 42 67 1
77 ORDER 64 16 20 47 67 0
78 UNBLOCK 53 60
78 UNBLOCK 31 22
78 ORDER 65 86 56 3 30 2
79 ORDER 66 57 45 91 67 1
80 ORDER 67 29 18 75 67 2
81 BLOCK 51 63
82 ORDER 68 11 41 62 67 0
82 BLOCK 75 5
83 ORDER 69 40 38 90 68 1
84 ORDER 70 27 47 90 67 0
84 BLOCK 44 13
85 ORDER 71 41 59 2 67 1
85 BLOCK 32 36
86 ORDER 72 86 50 1 56 0
87 UNBLOCK 70 68
87 ORDER 73 26 39 2 13 0
88 ORDER 74 33 6 2 40 2
89 ORDER 75 72 54 67 67 3
90 UNBLOCK 89 54
90 ORDER 76 47 50 88 67 1
90 BLOCK 26 56
91 UNBLOCK 44 13
91 ORDER 77 40 59 19 67 0
91 BLOCK 79 53
92 ORDER 78 32 6 63 68 0
93 UNBLOCK 51 63
93 ORDER 79 52 45 3 54 0
94 UNBLOCK 57 41
94 UNBLOCK 85 56
94 ORDER 80 17 6 1 58 0
95 BLOCK 34 48
96 BLOCK 68 26
97 ORDER 81 94 24 2 46 0
98 UNBLOCK 14 45
98 BLOCK 73 57
99 BLOCK 24 17
100 ORDER 82 22 60 3 44 0
100 BLOCK 9 56
102 UNBLOCK 15 24
103 ORDER 83 27 56 1 20 0
104 ORDER 84 13 65 26 67 0
105 BLOCK 79 39
106 ORDER 85 10 63 3 32 3
107 BLOCK 19 45
108 UNBLOCK 32 36
108 ORDER 86 88 33 3 16 2
108 BLOCK 14 14
109 CANCEL 18
109 UNBLOCK 55 18
109 CANCEL 79
110 ORDER 87 34 47 2 61 0
111 BLOCK 7 48
112 UNBLOCK 28 68
112 ORDER 88 6 8 32 67 0
113 BLOCK 61 58
114 UNBLOCK 50 1
114 UNBLOCK 14 14
114 BLOCK 9 24
115 ORDER 89 7 8 64 68 0
115 BLOCK 61 32
116 UNBLOCK 34 48
116 ORDER 90 75 53 3 27 0
116 BLOCK 79 1
117 ORDER 91 84 26 48 67 0
118 ORDER 92 66 23 2 63 0
118 BLOCK 62 63
119 UNBLOCK 6 51
119 BLOCK 42 29
120 UNBLOCK 79 39
120 ORDER 93 94 8 17 67 1
121 BLOCK 79 10
122 UNBLOCK 26 56
122 ORDER 94 46 53 1 35 2
122 BLOCK 37 57
123 ORDER 95 41 8 61 67 0
123 BLOCK 65 68
124 UNBLOCK 87 26
124 UNBLOCK 79 53
124 ORDER 96 74 48 3 37 0
124 BLOCK 77 17
125 UNBLOCK 24 17
125 UNBLOCK 61 58
125 ORDER 97 12 36 2 5 1
126 BLOCK 95 54
127 ORDER 98 49 54 3 26 0
127 BLOCK 42 23
128 UNBLOCK 65 68
128 BLOCK 42 58
129 ORDER 99 61 26 3 28 0
130 ORDER 100 6 63 60 68 1
131 UNBLOCK 77 17
131 ORDER 101 21 12 3 45 0
131 BLOCK 74 9
132 ORDER 102 55 54 29 68 1
132 BLOCK 80 67
134 ORDER 103 58 45 9 68 0
134 BLOCK 86 39
135 ORDER 104 84 30 2 32 3
136 UNBLOCK 68 26
137 UNBLOCK 73 57
137 UNBLOCK 61 32
137 ORDER 105 39 17 64 68 0
137 BLOCK 14 9
138 ORDER 106 49 15 56 68 1
139 ORDER 107 80 65 5 68 1
140 ORDER 108 31 65 1 8 2
140 BLOCK 64 39
141 UNBLOCK 19 45
141 ORDER 109 23 45 32 68 1
142 UNBLOCK 75 5
142 ORDER 110 64 63 2 10 1
142 BLOCK 5 7
143 UNBLOCK 42 23
143 ORDER 111 55 53 2 3 0
144 ORDER 112 85 33 1 58 1
145 UNBLOCK 62 63
145 BLOCK 55 57
146 UNBLOCK 7 48
147 ORDER 113 84 32 78 68 0
147 BLOCK 13 28
148 ORDER 114 8 48 54 68 1
149 ORDER 115 47 52 2 2 1
150 ORDER 116 76 29 17 68 0
150 BLOCK 24 13
151 ORDER 117 26 38 1 6 0
152 UNBLOCK 64 39
152 ORDER 118 17 47 75 68 1
152 BLOCK 47 17
153 BLOCK 52 16
155 ORDER 119 88 12 45 68 0
156 ORDER 120 48 38 2 60 0
156 BLOCK 12 5
157 ORDER 121 30 12 1 32 0
158 UNBLOCK 86 39
158 ORDER 122 37 48 2 20 0
159 UNBLOCK 9 56
159 BLOCK 22 18
160 ORDER 123 17 38 76 67 1
160 BLOCK 22 39
161 ORDER 124 57 48 3 39 0
162 ORDER 125 84 62 86 67 1
163 UNBLOCK 24 13
163 ORDER 126 58 11 76 68 0
164 BLOCK 36 41
165 ORDER 127 72 6 3 24 0
165 BLOCK 7 5
166 UNBLOCK 55 57
166 ORDER 128 12 5 2 2 1
166 BLOCK 82 35
167 ORDER 129 82 30 76 68 1
167 BLOCK 63 29
168 ORDER 130 56 48 63 67 1
168 BLOCK 85 36
169 ORDER 131 21 14 88 67 0
169 BLOCK 54 65
170 UNBLOCK 80 67
170 ORDER 132 71 54 17 67 1
170 BLOCK 76 54
171 UNBLOCK 42 29
171 ORDER 133 6 42 1 23 0
172 UNBLOCK 79 1
172 ORDER 134 46 33 2 64 0
172 BLOCK 62 55
173 ORDER 135 28 30 9 67 0
173 BLOCK 50 68
174 UNBLOCK 9 24
174 UNBLOCK 79 10
174 UNBLOCK 37 57
174 UNBLOCK 95 54
174 ORDER 136 16 12 2 35 0
175 UNBLOCK 14 9
175 BLOCK 19 59
176 ORDER 137 66 6 84 67 0
176 BLOCK 37 47
177 UNBLOCK 74 9
177 ORDER 138 15 50 2 41 0
177 BLOCK 28 67
178 UNBLOCK 13 28
178 ORDER 139 61 48 58 67 2
179 CANCEL 10
179 ORDER 140 22 54 11 67 1
179 BLOCK 74 55
180 UNBLOCK 42 58
180 UNBLOCK 52 16
180 ORDER 141 35 17 65 67 1
181 UNBLOCK 37 47
181 ORDER 142 38 3 34 68 3
182 ORDER 143 56 56 8 68 0
183 ORDER 144 6 20 38 67 0
183 BLOCK 56 68
185 UNBLOCK 85 36
185 ORDER 145 93 50 38 67 0
185 BLOCK 80 39
186 UNBLOCK 50 68
187 UNBLOCK 47 17
187 UNBLOCK 36 41
187 ORDER 146 49 17 15 67 1
187 BLOCK 88 47
188 ORDER 147 68 17 3 24 0
188 BLOCK 15 23
189 ORDER 148 51 24 1 47 0
190 BLOCK 51 67
191 UNBLOCK 19 59
191 ORDER 149 37 17 3 11 3
192 CANCEL 100149
193 UNBLOCK 5 7
193 BLOCK 89 36
194 ORDER 150 16 18 1 7 0
194 BLOCK 54 6
195 ORDER 151 72 15 3 66 1
196 ORDER 152 50 26 1 56 2
197 UNBLOCK 22 39
197 ORDER 153 25 6 63 68 1
198 ORDER 154 22 20 2 30 1
199 ORDER 155 6 27 1 59 0
200 ORDER 156 48 36 10 67 0
201 ORDER 157 30 18 21 68 0
202 ORDER 158 95 26 61 68 2
203 UNBLOCK 88 47
203 ORDER 159 32 63 1 68 0
203 BLOCK 52 55
204 UNBLOCK 12 5
204 UNBLOCK 63 29
204 ORDER 160 89 12 2 31 1
205 ORDER 161 61 14 30 67 0
206 UNBLOCK 7 5
206 UNBLOCK 80 39
206 BLOCK 77 30
207 UNBLOCK 54 65
207 UNBLOCK 74 55
207 ORDER 162 84 65 38 68 0
208 ORDER 163 67 45 2 66 3
209 ORDER 164 91 33 1 39 1
210 ORDER 165 69 30 2 32 0
211 UNBLOCK 15 23
211 ORDER 166 35 6 39 68 0
212 ORDER 167 15 54 3 67 1
212 BLOCK 13 30
213 UNBLOCK 22 18
213 ORDER 168 82 57 41 67 1
213 BLOCK 85 21
214 ORDER 169 35 57 1 38 0
214 BLOCK 79 36
215 UNBLOCK 82 35
215 ORDER 170 49 59 17 67 0
215 BLOCK 12 2
216 ORDER 171 57 20 1 13 0
218 UNBLOCK 77 30
218 ORDER 172 43 17 63 68 0
218 BLOCK 13 33
219 CANCEL 33
219 ORDER 173 47 50 19 67 0
219 BLOCK 23 17
220 ORDER 174 17 27 76 68 2
221 ORDER 175 65 26 2 23 0
221 BLOCK 90 17
222 ORDER 176 6 27 78 68 0
222 BLOCK 89 30
223 UNBLOCK 62 55
223 ORDER 177 9 11 3 2 0
223 BLOCK 95 59
224 UNBLOCK 13 33
224 ORDER 178 67 29 51 68 0
225 UNBLOCK 76 54
225 ORDER 179 70 54 3 33 1
225 BLOCK 70 24
226 ORDER 180 86 12 3 34 0
227 ORDER 181 32 39 79 68 0
228 ORDER 182 48 15 2 3 0
228 BLOCK 13 8
229 ORDER 183 93 60 88 67 1
230 UNBLOCK 28 67
230 UNBLOCK 70 24
231 ORDER 184 18 24 2 6 0
231 BLOCK 30 54
232 ORDER 185 18 62 3 67 2
233 ORDER 186 76 49 79 68 0
234 ORDER 187 17 62 3 6 0
234 BLOCK 52 67
235 UNBLOCK 13 8
235 ORDER 188 27 14 3 39 0
236 UNBLOCK 51 67
236 ORDER 189 78 14 2 37 1
236 BLOCK 46 57
237 ORDER 190 54 45 2 48 0
238 UNBLOCK 23 17
240 UNBLOCK 30 54
240 ORDER 191 57 33 88 68 0
241 ORDER 192 57 35 35 67 1
241 BLOCK 13 47
242 ORDER 193 74 65 2 55 1
242 BLOCK 34 67
243 UNBLOCK 56 68
243 ORDER 194 90 20 1 23 0
243 BLOCK 69 17
244 ORDER 195 29 35 49 67 2
245 UNBLOCK 89 36
245 UNBLOCK 54 6
245 ORDER 196 51 12 3 33 1
246 ORDER 197 66 21 1 4 2
246 BLOCK 24 57
247 ORDER 198 70 62 14 68 0
247 BLOCK 59 66
248 ORDER 199 91 45 22 68 0
248 BLOCK 87 48
249 ORDER 200 64 30 1 40 1
249 BLOCK 95 47
250 ORDER 201 65 60 75 67 0
250 BLOCK 71 64
251 UNBLOCK 52 55
252 ORDER 202 91 30 2 57 0
253 ORDER 203 36 54 28 67 2
254 UNBLOCK 12 2
254 ORDER 204 27 30 97 68 0
255 BLOCK 95 46
256 ORDER 205 88 33 43 67 0
256 BLOCK 39 35
257 ORDER 206 91 53 24 67 0
257 BLOCK 61 6
259 UNBLOCK 95 59
259 ORDER 207 67 23 36 68 1
260 ORDER 208 18 33 94 68 0
261 UNBLOCK 90 17
261 UNBLOCK 87 48
261 UNBLOCK 95 46
261 ORDER 209 95 38 1 23 0
261 BLOCK 33 13
262 UNBLOCK 39 35
262 ORDER 210 76 11 1 4 1
264 ORDER 211 23 18 3 49 1
265 ORDER 212 70 26 1 23 1
265 BLOCK 49 29
266 CANCEL 171
266 ORDER 213 83 17 3 67 0
266 BLOCK 95 48
267 CANCEL 62
267 UNBLOCK 13 30
269 ORDER 214 60 21 3 29 1
269 BLOCK 90 27
270 ORDER 215 20 62 28 67 3
270 BLOCK 70 50
271 UNBLOCK 89 30
271 ORDER 216 63 47 2 45 1
271 BLOCK 48 8
272 UNBLOCK 79 36
272 ORDER 217 53 54 3 53 0
272 BLOCK 14 32
273 UNBLOCK 85 21
273 ORDER 218 41 12 38 67 0
274 ORDER 219 11 62 1 49 1
275 UNBLOCK 34 67
275 ORDER 220 75 51 38 68 0
275 BLOCK 32 59
276 UNBLOCK 52 67
276 ORDER 221 88 35 2 65 0
278 ORDER 222 29 36 68 68 0
278 BLOCK 5 24
279 UNBLOCK 90 27
279 ORDER 223 67 21 62 68 1
280 UNBLOCK 95 47
280 UNBLOCK 71 64
281 ORDER 224 47 54 46 67 0
281 BLOCK 89 48
282 CANCEL 163
282 CANCEL 214
282 ORDER 225 87 45 55 67 0
282 BLOCK 51 18
283 ORDER 226 83 47 2 27 0
283 BLOCK 91 36
284 ORDER 227 17 27 3 25 0
285 ORDER 228 28 59 76 67 1
285 BLOCK 39 7
286 BLOCK 58 54
287 UNBLOCK 24 57
287 ORDER 229 44 11 2 33 0
287 BLOCK 89 68
288 UNBLOCK 95 48
288 ORDER 230 21 62 24 67 0
288 BLOCK 61 56
289 UNBLOCK 48 8
290 ORDER 231 29 3 1 46 0
291 UNBLOCK 33 13
291 ORDER 232 16 23 80 67 0
291 BLOCK 64 48
292 ORDER 233 41 12 75 68 1
292 BLOCK 68 29
293 UNBLOCK 69 17
293 ORDER 234 81 20 46 68 1
293 BLOCK 6 35
294 ORDER 235 91 6 2 28 0
294 BLOCK 80 54
295 UNBLOCK 13 47
295 ORDER 236 52 39 4 68 3
295 BLOCK 44 54
296 UNBLOCK 46 57
296 UNBLOCK 61 6
296 ORDER 237 81 60 2 56 1
297 ORDER 238 24 35 43 68 0
298 ORDER 239 47 38 1 41 1
299 BLOCK 41 54
300 UNBLOCK 70 50
300 ORDER 240 9 36 32 67 1
301 ORDER 241 7 51 3 25 1
302 ORDER 242 75 60 1 12 0
303 UNBLOCK 59 66
303 UNBLOCK 49 29
303 ORDER 243 22 60 2 55 1
304 ORDER 244 67 8 33 67 0
305 ORDER 245 47 39 1 28 1
305 BLOCK 78 2
306 ORDER 246 31 35 1 13 2
307 UNBLOCK 6 35
307 ORDER 247 25 35 70 67 0
308 ORDER 248 12 12 3 57 1
309 UNBLOCK 80 54
309 BLOCK 90 12
310 ORDER 249 48 11 18 68 0
311 ORDER 250 74 15 85 67 1
312 ORDER 251 75 23 3 48 0
312 BLOCK 93 66
313 UNBLOCK 58 54
313 BLOCK 82 19
314 ORDER 252 73 29 62 67 0
314 BLOCK 23 27
315 ORDER 253 66 35 9 67 0
315 BLOCK 22 3
316 ORDER 254 29 27 70 68 1
316 BLOCK 63 59
317 ORDER 255 47 60 3 21 1
319 UNBLOCK 32 59
319 ORDER 256 83 24 2 16 1
320 UNBLOCK 14 32
320 UNBLOCK 82 19
320 ORDER 257 18 5 2 22 0
320 BLOCK 36 56
321 UNBLOCK 5 24
321 BLOCK 64 2
322 ORDER 258 37 36 2 28 0
323 ORDER 259 30 50 43 67 0
323 BLOCK 20 12
324 ORDER 260 17 62 91 68 2
324 BLOCK 85 54
325 UNBLOCK 91 36
325 ORDER 261 74 29 25 67 0
326 ORDER 262 24 17 3 31 0
326 BLOCK 77 12
327 ORDER 263 31 27 3 36 1
328 UNBLOCK 51 18
328 UNBLOCK 68 29
328 UNBLOCK 41 54
328 ORDER 264 61 65 39 68 1
329 ORDER 265 75 32 1 3 0
330 UNBLOCK 39 7
330 BLOCK 62 41
331 ORDER 266 57 61 5 67 1
331 BLOCK 78 17
332 ORDER 267 14 17 1 35 0
332 BLOCK 62 14
333 UNBLOCK 64 2
333 ORDER 268 23 62 16 67 0
333 BLOCK 44 11
334 BLOCK 45 42
335 ORDER 269 75 63 3 38 0
335 BLOCK 82 2
336 ORDER 270 10 5 66 67 0
336 BLOCK 54 53
338 UNBLOCK 89 68
338 ORDER 271 17 32 3 37 0
339 UNBLOCK 89 48
339 UNBLOCK 85 54
339 UNBLOCK 77 12
339 ORDER 272 66 59 11 67 2
339 BLOCK 28 53
340 BLOCK 8 24
341 ORDER 273 55 42 4 68 1
342 UNBLOCK 82 2
342 BLOCK 82 14
343 CANCEL 227
343 ORDER 274 27 9 2 24 3
344 UNBLOCK 36 56
344 UNBLOCK 78 17
344 UNBLOCK 44 11
344 ORDER 275 71 15 2 28 3
345 ORDER 276 49 56 2 8 0
345 BLOCK 11 41
346 UNBLOCK 61 56
346 UNBLOCK 64 48
346 UNBLOCK 44 54
346 UNBLOCK 78 2
346 BLOCK 77 39
347 UNBLOCK 54 53
347 ORDER 277 37 39 31 68 1
347 BLOCK 71 35
348 UNBLOCK 90 12
349 ORDER 278 76 18 84 67 0
350 ORDER 279 27 14 31 67 2
350 BLOCK 21 8
351 ORDER 280 46 38 1 43 0
351 BLOCK 77 59
353 ORDER 281 28 54 34 67 0
353 BLOCK 52 55
354 UNBLOCK 63 59
354 ORDER 282 70 21 17 67 1
355 ORDER 283 91 53 6 68 0
356 UNBLOCK 93 66
357 BLOCK 76 51
358 UNBLOCK 22 3
358 CANCEL 267
358 ORDER 284 34 33 31 68 3
358 BLOCK 16 29
360 ORDER 285 82 59 2 24 1
361 BLOCK 57 1
362 UNBLOCK 23 27
362 ORDER 286 82 21 29 67 1
362 BLOCK 46 1
363 ORDER 287 27 44 37 67 1
364 UNBLOCK 82 14
364 UNBLOCK 52 55
364 ORDER 288 94 29 3 54 1
364 BLOCK 48 67
365 BLOCK 35 44
366 UNBLOCK 77 59
366 UNBLOCK 76 51
366 ORDER 289 44 23 1 2 0
367 ORDER 290 93 30 61 68 0
368 UNBLOCK 8 24
368 ORDER 291 58 15 2 23 0
368 BLOCK 35 56
369 ORDER 292 17 6 2 38 0
369 BLOCK 63 35
370 ORDER 293 92 9 63 68 1
371 ORDER 294 64 35 2 42 0
372 ORDER 295 48 59 3 36 0
373 ORDER 296 72 26 2 42 0
374 UNBLOCK 62 41
374 ORDER 297 53 48 21 68 0
375 ORDER 298 10 35 76 68 0
375 BLOCK 45 36
376 UNBLOCK 16 29
376 ORDER 299 69 18 25 68 3
377 ORDER 300 57 8 3 66 0
377 BLOCK 75 65
378 ORDER 301 9 24 33 67 0
378 BLOCK 34 23
379 ORDER 302 59 27 54 68 0
379 BLOCK 45 39
380 UNBLOCK 45 42
380 ORDER 303 47 31 83 68 0
380 BLOCK 29 57
381 ORDER 304 71 26 3 19 1
381 BLOCK 43 44
382 UNBLOCK 20 12
382 ORDER 305 47 3 71 68 1
383 ORDER 306 10 17 96 67 2
384 ORDER 307 91 53 31 67 0
385 UNBLOCK 21 8
385 ORDER 308 95 29 3 38 0
385 BLOCK 21 7
386 UNBLOCK 11 41
386 ORDER 309 70 54 3 24 0
387 ORDER 310 9 9 2 45 0
387 CANCEL 100310
388 UNBLOCK 62 14
388 UNBLOCK 28 53
388 ORDER 311 46 9 12 67 0
388 BLOCK 20 18
389 ORDER 312 65 54 91 67 0
389 BLOCK 55 50
390 UNBLOCK 21 7
390 ORDER 313 48 38 22 68 0
390 BLOCK 76 2
391 UNBLOCK 77 39
391 CANCEL 302
391 ORDER 314 40 41 2 31 3
392 ORDER 315 14 62 16 67 0
393 UNBLOCK 75 65
393 ORDER 316 78 3 69 67 1
396 ORDER 317 13 42 46 68 1
397 UNBLOCK 71 35
397 ORDER 318 66 3 55 68 2
398 UNBLOCK 63 35
399 ORDER 319 54 59 72 67 0
399 BLOCK 67 44
400 ORDER 320 71 27 1 12 1
400 BLOCK 67 30
401 UNBLOCK 46 1
401 ORDER 321 18 47 1 7 0
402 UNBLOCK 48 67
402 ORDER 322 66 14 63 67 1
402 BLOCK 42 12
403 UNBLOCK 45 36
403 UNBLOCK 45 39
403 ORDER 323 8 9 1 68 1
404 ORDER 324 72 26 2 7 0
404 BLOCK 65 17
405 ORDER 325 93 45 56 68 2
407 CANCEL 203
407 UNBLOCK 67 44
407 UNBLOCK 67 30
407 ORDER 326 32 57 1 51 0
408 UNBLOCK 34 23
408 ORDER 327 7 18 1 9 0
408 BLOCK 28 30
409 ORDER 328 31 9 42 67 3
409 BLOCK 84 9
410 CANCEL 276
410 UNBLOCK 65 17
410 ORDER 329 46 29 31 67 0
410 BLOCK 42 10
411 UNBLOCK 57 1
411 ORDER 330 57 59 1 51 1
411 BLOCK 23 54
412 ORDER 331 44 48 3 28 1
412 BLOCK 21 36
414 UNBLOCK 35 56
414 BLOCK 81 68
415 BLOCK 27 50
416 ORDER 332 20 48 1 56 0
416 BLOCK 67 14
417 ORDER 333 92 62 1 57 0
418 BLOCK 18 44
420 ORDER 334 22 14 3 15 0
420 BLOCK 18 39
421 UNBLOCK 27 50
421 ORDER 335 21 38 1 26 0
421 BLOCK 15 1
422 ORDER 336 8 42 3 33 0
423 ORDER 337 16 8 2 1 0
424 BLOCK 67 20
425 UNBLOCK 35 44
425 ORDER 338 15 9 55 67 0
426 UNBLOCK 29 57
426 ORDER 339 61 32 89 68 2
427 ORDER 340 71 8 46 67 0
427 BLOCK 46 50
428 UNBLOCK 67 14
428 ORDER 341 44 53 78 67 0
428 BLOCK 71 35
429 ORDER 342 17 50 8 68 0
430 UNBLOCK 15 1
430 ORDER 343 61 23 1 31 0
430 BLOCK 43 11
431 UNBLOCK 76 2
431 ORDER 344 27 39 56 68 0
432 UNBLOCK 43 44
432 ORDER 345 15 41 2 68 0
433 UNBLOCK 20 18
433 UNBLOCK 21 36
433 ORDER 346 85 53 1 20 1
434 ORDER 347 10 41 7 67 0
435 UNBLOCK 55 50
435 ORDER 348 18 54 21 68 0
436 ORDER 349 15 48 65 67 0
436 BLOCK 12 39
437 ORDER 350 36 48 2 26 0
437 BLOCK 68 40
438 UNBLOCK 81 68
439 ORDER 351 43 24 1 59 0
439 BLOCK 69 68
440 UNBLOCK 42 12
440 ORDER 352 66 65 84 68 1
440 BLOCK 80 60
441 ORDER 353 85 23 64 68 0
442 BLOCK 88 48
443 ORDER 354 83 45 1 25 3
444 ORDER 355 14 26 97 68 0
444 BLOCK 71 12
445 BLOCK 66 65
446 ORDER 356 38 8 57 67 0
447 UNBLOCK 43 11
447 ORDER 357 78 38 2 64 0
448 BLOCK 31 3
449 ORDER 358 87 62 24 67 0
450 ORDER 359 39 35 53 67 1
450 BLOCK 12 33
451 UNBLOCK 18 39
451 ORDER 360 10 11 6 67 1
451 BLOCK 47 44
452 UNBLOCK 88 48
452 ORDER 361 91 36 88 67 2
453 ORDER 362 10 36 24 68 0
454 ORDER 363 56 38 70 68 3
455 UNBLOCK 42 10
455 ORDER 364 48 3 59 67 3
455 BLOCK 37 19
456 ORDER 365 92 41 79 67 0
457 CANCEL 346
457 BLOCK 53 58
458 UNBLOCK 23 54
458 BLOCK 78 15
459 ORDER 366 10 51 1 22 1
459 BLOCK 92 2
460 ORDER 367 32 14 2 58 1
461 UNBLOCK 28 30
461 BLOCK 32 17
462 UNBLOCK 84 9
462 UNBLOCK 18 44
462 UNBLOCK 53 58
462 ORDER 368 11 20 2 33 0
463 BLOCK 14 20
464 UNBLOCK 69 68
464 ORDER 369 75 41 13 67 0
465 UNBLOCK 66 65
465 ORDER 370 73 23 3 2 0
466 UNBLOCK 67 20
466 BLOCK 38 2
467 ORDER 371 20 45 54 68 0
468 ORDER 372 44 65 93 68 0
468 BLOCK 39 32
469 BLOCK 24 36
470 ORDER 373 38 44 52 68 0
471 ORDER 374 54 57 3 23 0
472 ORDER 375 71 5 3 6 0
472 BLOCK 14 6
473 UNBLOCK 71 12
473 ORDER 376 93 51 32 67 0
474 ORDER 377 30 20 56 68 0
474 BLOCK 28 47
475 ORDER 378 41 3 2 63 0
476 ORDER 379 36 27 1 63 1
476 BLOCK 45 17
477 ORDER 380 70 24 18 67 0
478 UNBLOCK 46 50
478 UNBLOCK 32 17
478 ORDER 381 47 24 3 34 1
479 UNBLOCK 12 39
480 UNBLOCK 92 2
480 ORDER 382 66 44 3 59 0
481 UNBLOCK 71 35
481 UNBLOCK 37 19
481 ORDER 383 46 48 69 67 0
482 UNBLOCK 31 3
482 UNBLOCK 14 20
482 ORDER 384 65 15 2 5 0
483 ORDER 385 64 59 15 67 0
483 BLOCK 8 35
484 ORDER 386 26 53 11 68 0
484 BLOCK 54 67
485 UNBLOCK 12 33
485 ORDER 387 85 62 31 67 2
485 BLOCK 24 26
488 CANCEL 345
488 ORDER 388 56 27 64 67 1
488 BLOCK 84 46
489 UNBLOCK 78 15
489 ORDER 389 11 39 36 67 0
491 ORDER 390 74 9 20 68 1
491 BLOCK 83 67
492 UNBLOCK 80 60
492 ORDER 391 93 63 1 55 0
492 BLOCK 6 38
493 UNBLOCK 47 44
493 BLOCK 25 41
494 ORDER 392 44 20 16 68 1
494 BLOCK 89 28
495 ORDER 393 26 48 2 11 0
495 BLOCK 53 42
496 ORDER 394 43 12 3 9 2
496 BLOCK 5 60
497 UNBLOCK 68 40
497 ORDER 395 81 59 75 68 0
498 UNBLOCK 39 32
498 ORDER 396 37 44 66 67 2
498 BLOCK 51 5
499 ORDER 397 78 15 29 67 0
499 BLOCK 37 19
500 ORDER 398 84 35 2 7 0
500 BLOCK 52 44
501 ORDER 399 47 65 1 2 0
501 BLOCK 78 35
502 ORDER 400 93 50 79 68 3
502 BLOCK 19 18
504 ORDER 401 53 54 17 67 0
504 BLOCK 42 17
505 BLOCK 62 3
506 UNBLOCK 28 47
506 ORDER 402 95 21 76 67 2
506 BLOCK 22 31
507 UNBLOCK 89 28
507 UNBLOCK 52 44
507 ORDER 403 17 45 7 67 0
507 BLOCK 93 55
508 ORDER 404 26 39 55 67 2
510 ORDER 405 73 9 2 6 0
511 UNBLOCK 83 67
511 UNBLOCK 25 41
511 ORDER 406 25 6 3 39 2
512 ORDER 407 24 39 3 65 0
513 ORDER 408 68 32 58 68 0
513 BLOCK 61 41
514 UNBLOCK 24 26
514 ORDER 409 89 23 1 2 1
516 UNBLOCK 24 36
516 ORDER 410 91 63 1 9 2
517 ORDER 411 55 44 30 67 1
518 ORDER 412 17 20 28 68 1
518 BLOCK 32 51
519 ORDER 413 7 15 2 7 1
520 UNBLOCK 38 2
520 ORDER 414 69 56 3 21 0
521 ORDER 415 78 45 2 37 0
522 ORDER 416 54 18 78 67 0
523 UNBLOCK 45 17
523 ORDER 417 70 26 50 68 1
523 BLOCK 28 65
524 UNBLOCK 5 60
524 UNBLOCK 61 41
524 ORDER 418 40 54 1 52 0
526 ORDER 419 20 11 6 67 0
527 ORDER 420 95 59 60 67 1
528 BLOCK 14 58
529 ORDER 421 80 62 3 34 1
529 BLOCK 36 54
530 UNBLOCK 62 3
530 ORDER 422 43 29 41 67 0
531 ORDER 423 74 41 80 67 0
531 BLOCK 68 25
532 UNBLOCK 14 6
532 UNBLOCK 19 18
532 ORDER 424 41 6 1 19 0
532 BLOCK 92 48
533 ORDER 425 86 20 2 48 0
534 UNBLOCK 84 46
534 UNBLOCK 53 42
534 UNBLOCK 78 35
534 BLOCK 76 65
535 UNBLOCK 8 35
535 UNBLOCK 6 38
535 BLOCK 56 36
536 ORDER 426 26 51 2 68 1
538 UNBLOCK 68 25
538 UNBLOCK 92 48
538 ORDER 427 61 30 60 67 0
539 ORDER 428 67 11 1 15 1
539 BLOCK 73 36
540 UNBLOCK 54 67
540 ORDER 429 95 11 72 68 1
541 ORDER 430 80 54 1 19 0
541 BLOCK 31 30
542 UNBLOCK 37 19
542 ORDER 431 84 63 52 68 0
543 ORDER 432 83 63 3 23 0
543 BLOCK 13 67
545 UNBLOCK 42 17
545 UNBLOCK 93 55
545 UNBLOCK 36 54
545 ORDER 433 90 18 36 68 1
545 BLOCK 81 59
547 UNBLOCK 14 58
548 ORDER 434 42 14 23 67 0
548 BLOCK 72 4
549 ORDER 435 47 9 8 68 1
549 BLOCK 5 45
550 ORDER 436 36 50 3 8 0
550 BLOCK 90 23
551 ORDER 437 28 65 69 67 1
552 ORDER 438 80 26 1 24 0
552 BLOCK 86 33
553 ORDER 439 8 23 1 40 1
555 UNBLOCK 51 5
556 UNBLOCK 22 31
556 ORDER 440 27 18 1 29 0
557 UNBLOCK 86 33
557 ORDER 441 11 6 2 20 1
558 ORDER 442 90 3 94 67 0
558 BLOCK 37 8
559 ORDER 443 51 11 51 68 0
559 BLOCK 5 36
560 ORDER 444 75 59 17 68 0
561 ORDER 445 55 8 3 11 0
561 BLOCK 92 58
562 ORDER 446 9 65 72 67 1
563 ORDER 447 56 5 19 68 1
563 BLOCK 38 5
564 UNBLOCK 5 45
564 ORDER 448 71 59 67 68 0
564 BLOCK 92 13
565 ORDER 449 57 59 1 38 0
566 ORDER 450 55 17 3 61 0
566 BLOCK 5 40
567 ORDER 451 69 60 15 67 0
567 BLOCK 58 9
568 UNBLOCK 76 65
568 UNBLOCK 31 30
568 ORDER 452 10 36 38 68 2
569 ORDER 453 64 33 17 68 1
569 BLOCK 89 11
570 ORDER 454 7 55 62 68 2
570 BLOCK 28 48
571 UNBLOCK 5 40
571 ORDER 455 85 35 75 68 0
571 BLOCK 86 53
572 ORDER 456 83 6 76 68 0
573 UNBLOCK 81 59
574 UNBLOCK 32 51
574 ORDER 457 52 20 85 68 0
574 BLOCK 76 48
575 ORDER 458 46 29 2 57 0
576 UNBLOCK 56 36
576 ORDER 459 85 29 12 67 1
577 ORDER 460 31 32 2 21 0
577 BLOCK 31 45
578 UNBLOCK 92 58
578 ORDER 461 84 20 50 67 1
578 BLOCK 13 7
579 ORDER 462 72 43 24 67 0
580 UNBLOCK 28 65
580 ORDER 463 46 42 59 67 0
580 BLOCK 29 68
581 UNBLOCK 73 36
581 ORDER 464 47 17 2 40 0
582 UNBLOCK 13 67
582 UNBLOCK 86 53
582 ORDER 465 82 57 60 67 0
582 BLOCK 43 21
583 ORDER 466 88 3 3 35 0
584 UNBLOCK 72 4
584 ORDER 467 9 14 3 15 0
584 BLOCK 61 68
586 BLOCK 14 55
587 ORDER 468 57 5 2 65 0
588 CANCEL 324
588 ORDER 469 74 17 4 68 0
589 BLOCK 5 49
590 ORDER 470 39 36 60 68 1
590 BLOCK 34 66
591 ORDER 471 36 24 32 67 2
592 BLOCK 39 56
593 ORDER 472 10 9 25 68 0
594 ORDER 473 48 9 66 68 3
594 BLOCK 80 10
595 ORDER 474 55 41 55 67 0
596 UNBLOCK 37 8
596 ORDER 475 58 6 84 67 0
597 ORDER 476 93 44 2 59 0
597 BLOCK 12 54
598 UNBLOCK 58 9
598 UNBLOCK 13 7
598 ORDER 477 61 60 2 36 1
598 BLOCK 13 66
599 ORDER 478 39 33 97 67 0
599 BLOCK 37 42
600 UNBLOCK 90 23
600 ORDER 479 87 38 71 67 0
600 BLOCK 46 14
601 UNBLOCK 38 5
601 BLOCK 53 11
602 ORDER 480 78 48 31 67 0
602 BLOCK 23 57
603 ORDER 481 49 41 3 15 1
603 BLOCK 93 35
604 CANCEL 384
604 ORDER 482 56 27 1 55 1
605 ORDER 483 58 54 3 9 2
605 BLOCK 89 60
606 ORDER 484 59 62 1 19 0
606 BLOCK 58 11
607 ORDER 485 87 27 3 13 0
608 ORDER 486 59 5 78 67 3
609 ORDER 487 16 48 3 20 0
610 UNBLOCK 92 13
610 ORDER 488 23 27 65 67 1
610 BLOCK 15 26
611 ORDER 489 81 24 74 67 0
611 BLOCK 6 33
612 ORDER 490 62 18 1 58 0
612 BLOCK 14 58
613 ORDER 491 38 20 1 60 1
614 CANCEL 398
615 UNBLOCK 5 36
615 UNBLOCK 15 26
615 ORDER 492 46 12 1 35 0
615 BLOCK 33 55
616 UNBLOCK 76 48
616 UNBLOCK 46 14
616 ORDER 493 88 38 3 66 2
616 BLOCK 72 44
617 ORDER 494 76 27 43 67 0
618 ORDER 495 78 33 78 68 0
618 BLOCK 87 30
619 UNBLOCK 6 33
619 ORDER 496 71 45 18 68 1
619 BLOCK 42 59
620 BLOCK 6 56
621 ORDER 497 56 5 3 19 1
622 ORDER 498 26 11 26 68 0
622 BLOCK 50 42
623 BLOCK 11 57
624 UNBLOCK 43 21
624 ORDER 499 71 53 2 46 0
625 UNBLOCK 29 68
625 ORDER 500 44 21 3 46 1
625 BLOCK 30 42
626 ORDER 501 62 47 63 67 2
626 BLOCK 39 20
627 UNBLOCK 23 57
627 ORDER 502 80 42 2 63 1
628 ORDER 503 10 50 3 17 1
628 BLOCK 71 41
629 UNBLOCK 89 11
629 UNBLOCK 39 56
629 ORDER 504 89 3 1 44 0
630 UNBLOCK 28 48
630 UNBLOCK 31 45
630 ORDER 505 20 45 63 68 0
630 BLOCK 90 26
631 BLOCK 18 65
632 UNBLOCK 5 49
632 ORDER 506 44 5 2 5 1
632 BLOCK 65 6
633 UNBLOCK 37 42
633 ORDER 507 53 6 1 54 0
634 ORDER 508 18 15 83 68 1
635 ORDER 509 53 6 2 34 0
635 BLOCK 13 32
636 UNBLOCK 12 54
636 BLOCK 86 67
637 UNBLOCK 80 10
637 BLOCK 35 67
638 UNBLOCK 53 11
638 ORDER 510 51 20 1 4 0
638 BLOCK 74 33
639 ORDER 511 18 23 3 15 2
640 ORDER 512 49 18 3 41 0
641 UNBLOCK 90 26
641 UNBLOCK 13 32
641 BLOCK 32 63
642 ORDER 513 40 21 3 47 0
642 BLOCK 13 3
643 UNBLOCK 61 68
643 UNBLOCK 18 65
643 UNBLOCK 65 6
643 ORDER 514 17 3 81 68 0
643 BLOCK 93 54
644 UNBLOCK 14 55
644 UNBLOCK 34 66
644 ORDER 515 32 45 7 67 0
645 CANCEL 379
645 BLOCK 58 60
646 UNBLOCK 58 11
646 ORDER 516 75 17 2 26 0
646 BLOCK 93 27
647 ORDER 517 40 24 17 67 0
647 BLOCK 81 66
648 ORDER 518 56 41 2 5 0
648 BLOCK 52 23
649 ORDER 519 84 5 27 68 0
649 BLOCK 40 42
650 UNBLOCK 89 60
650 UNBLOCK 72 44
650 ORDER 520 82 38 80 68 2
650 BLOCK 85 30
651 ORDER 521 12 9 1 58 0
652 CANCEL 412
652 ORDER 522 15 27 55 68 0
653 UNBLOCK 93 35
653 UNBLOCK 6 56
653 ORDER 523 93 21 1 61 1
654 UNBLOCK 13 66
654 ORDER 524 37 14 75 67 3
654 BLOCK 53 67
655 UNBLOCK 13 3
655 UNBLOCK 93 27
655 ORDER 525 88 38 2 20 0
655 BLOCK 69 39
656 UNBLOCK 14 58
656 UNBLOCK 42 59
656 ORDER 526 42 24 3 58 0
656 BLOCK 43 2
657 UNBLOCK 50 42
657 ORDER 527 21 18 3 29 1
658 ORDER 528 53 17 83 68 0
658 BLOCK 90 53
659 ORDER 529 48 30 67 67 1
659 BLOCK 24 67
660 ORDER 530 90 42 1 10 0
660 BLOCK 31 21
661 ORDER 531 90 39 2 24 2
662 UNBLOCK 11 57
662 ORDER 532 20 45 77 67 2
662 BLOCK 5 61
663 ORDER 533 41 18 1 6 0
664 ORDER 534 78 11 2 42 2
664 BLOCK 11 32
665 UNBLOCK 33 55
665 ORDER 535 60 6 80 68 0
666 ORDER 536 89 62 1 57 2
667 UNBLOCK 93 54
667 BLOCK 64 41
668 ORDER 537 66 8 65 68 1
668 BLOCK 31 23
669 ORDER 538 51 59 1 68 0
669 BLOCK 32 12
670 UNBLOCK 71 41
670 ORDER 539 55 59 97 68 0
670 BLOCK 36 53
671 UNBLOCK 39 20
671 ORDER 540 11 26 83 68 0
672 ORDER 541 83 15 3 9 0
672 BLOCK 9 51
673 UNBLOCK 35 67
673 ORDER 542 29 12 1 5 0
674 ORDER 543 56 33 3 3 0
674 BLOCK 77 32
675 ORDER 544 39 48 1 2 1
675 BLOCK 93 66
676 ORDER 545 66 24 1 4 0
677 ORDER 546 11 15 3 40 3
677 BLOCK 81 31
678 UNBLOCK 87 30
678 UNBLOCK 85 30
678 UNBLOCK 64 41
678 ORDER 547 81 57 95 68 2
678 BLOCK 8 60
679 ORDER 548 61 63 3 27 1
679 BLOCK 40 38
680 ORDER 549 87 56 3 54 0
681 UNBLOCK 30 42
681 ORDER 550 83 54 81 67 0
682 UNBLOCK 93 66
682 BLOCK 18 12
683 UNBLOCK 9 51
683 BLOCK 16 23
684 UNBLOCK 32 12
684 ORDER 551 9 14 2 17 0
685 ORDER 552 86 30 1 41 0
686 UNBLOCK 74 33
686 ORDER 553 6 47 2 12 1
687 UNBLOCK 32 63
687 UNBLOCK 52 23
687 UNBLOCK 11 32
687 ORDER 554 79 6 32 68 0
689 UNBLOCK 18 12
689 ORDER 555 8 14 34 68 1
690 UNBLOCK 90 53
690 UNBLOCK 16 23
690 ORDER 556 27 42 84 68 0
690 BLOCK 22 10
691 UNBLOCK 86 67
691 ORDER 557 17 23 59 68 2
691 BLOCK 92 45
693 UNBLOCK 58 60
693 UNBLOCK 81 66
693 UNBLOCK 53 67
693 ORDER 558 21 32 3 14 0
694 UNBLOCK 81 31
694 ORDER 559 47 21 3 1 1
695 UNBLOCK 36 53
695 ORDER 560 55 5 57 67 0
696 UNBLOCK 40 38
696 ORDER 561 22 56 64 68 0
697 ORDER 562 76 65 1 31 1
697 BLOCK 52 50
698 UNBLOCK 69 39
698 ORDER 563 32 53 1 23 0
699 ORDER 564 84 23 3 5 0
700 BLOCK 36 51
701 ORDER 565 28 45 55 68 0
701 BLOCK 57 57
702 ORDER 566 17 50 2 41 0
702 BLOCK 33 1
703 ORDER 567 64 59 57 67 1
705 UNBLOCK 40 42
705 UNBLOCK 8 60
705 ORDER 568 77 14 2 67 0
705 BLOCK 75 17
706 UNBLOCK 22 10
706 ORDER 569 29 65 62 67 0
706 BLOCK 6 44
707 ORDER 570 84 65 1 23 0
707 BLOCK 89 20
708 ORDER 571 79 32 2 33 0
708 BLOCK 58 2
709 ORDER 572 21 57 82 68 0
710 ORDER 573 77 18 50 67 0
710 BLOCK 30 42
711 UNBLOCK 31 21
711 UNBLOCK 92 45
711 ORDER 574 43 15 84 67 0
712 BLOCK 81 44
713 UNBLOCK 43 2
713 ORDER 575 63 5 78 68 0
713 BLOCK 45 62
714 UNBLOCK 5 61
714 BLOCK 60 33
715 ORDER 576 26 42 87 67 0
716 UNBLOCK 31 23
716 ORDER 577 95 21 3 52 1
718 UNBLOCK 24 67
718 UNBLOCK 58 2
718 ORDER 578 27 20 47 68 0
719 BLOCK 42 36
720 ORDER 579 66 33 80 67 0
721 UNBLOCK 6 44
721 ORDER 580 28 56 2 6 0
722 ORDER 581 86 21 42 68 0
722 BLOCK 69 43
724 ORDER 582 59 62 16 68 0
724 BLOCK 26 48
725 UNBLOCK 77 32
725 ORDER 583 30 59 1 68 0
725 BLOCK 30 67
726 BLOCK 40 7
727 BLOCK 25 42
728 ORDER 584 29 17 2 28 0
729 ORDER 585 66 33 3 18 1
730 ORDER 586 58 44 1 31 1
730 BLOCK 79 12
731 ORDER 587 37 17 80 68 0
731 BLOCK 25 21
732 ORDER 588 54 54 14 68 0
732 BLOCK 36 65
733 ORDER 589 50 20 63 67 0
733 BLOCK 83 19
734 ORDER 590 41 5 2 7 0
734 BLOCK 57 60
735 ORDER 591 49 63 1 63 0
735 BLOCK 50 67
736 ORDER 592 91 41 79 68 0
737 ORDER 593 20 42 55 67 0
738 UNBLOCK 33 1
738 BLOCK 36 26
739 ORDER 594 44 23 80 67 1
740 UNBLOCK 57 57
740 ORDER 595 11 15 2 62 1
740 BLOCK 24 21
742 UNBLOCK 30 67
742 ORDER 596 60 18 2 37 0
743 UNBLOCK 75 17
743 ORDER 597 67 5 46 67 3
744 CANCEL 578
744 ORDER 598 69 57 49 68 0
744 BLOCK 14 40
745 ORDER 599 77 54 88 67 1
746 UNBLOCK 40 7
746 BLOCK 61 24
747 CANCEL 549
747 UNBLOCK 52 50
747 UNBLOCK 42 36
747 ORDER 600 11 65 81 68 0
748 UNBLOCK 26 48
748 ORDER 601 25 53 2 5 0
748 BLOCK 14 53
749 ORDER 602 8 56 2 59 0
751 ORDER 603 46 63 67 67 0
751 BLOCK 65 47
752 UNBLOCK 25 21
752 UNBLOCK 57 60
752 ORDER 604 52 20 83 67 0
753 ORDER 605 72 24 1 44 0
753 BLOCK 82 33
754 ORDER 606 37 42 3 55 0
754 BLOCK 37 45
755 ORDER 607 53 50 2 57 0
756 UNBLOCK 79 12
756 UNBLOCK 14 53
756 ORDER 608 20 44 2 40 1
757 UNBLOCK 36 51
757 UNBLOCK 89 20
757 ORDER 609 10 18 67 68 1
758 ORDER 610 90 42 3 42 0
759 UNBLOCK 36 65
759 ORDER 611 38 57 1 38 1
760 UNBLOCK 69 43
760 ORDER 612 18 20 62 67 0
760 BLOCK 39 20
761 UNBLOCK 30 42
761 UNBLOCK 25 42
761 ORDER 613 52 48 50 68 0
761 BLOCK 65 36
762 UNBLOCK 60 33
762 ORDER 614 95 50 43 67 0
763 ORDER 615 32 26 1 22 0
763 BLOCK 78 56
764 ORDER 616 42 30 97 67 0
765 CANCEL 485
765 UNBLOCK 83 19
765 UNBLOCK 82 33
765 ORDER 617 56 26 3 50 1
766 ORDER 618 27 8 1 22 0
767 UNBLOCK 61 24
767 ORDER 619 23 51 93 68 2
767 BLOCK 67 8
768 ORDER 620 81 38 2 30 0
768 BLOCK 25 35
769 UNBLOCK 45 62
769 BLOCK 85 33
770 ORDER 621 11 64 68 68 1
771 UNBLOCK 81 44
771 UNBLOCK 14 40
771 BLOCK 67 56
772 ORDER 622 43 39 1 35 0
773 UNBLOCK 50 67
773 ORDER 623 65 8 2 11 0
774 ORDER 624 18 54 72 67 2
775 ORDER 625 36 24 3 11 1
775 BLOCK 32 18
776 CANCEL 587
776 ORDER 626 94 33 2 30 1
777 ORDER 627 12 15 1 29 0
777 BLOCK 15 11
778 ORDER 628 56 8 3 67 1
779 ORDER 629 66 15 2 2 0
779 BLOCK 61 23
780 ORDER 630 83 47 1 39 0
780 BLOCK 82 2
781 UNBLOCK 24 21
782 ORDER 631 86 38 2 50 0
782 BLOCK 93 42
783 BLOCK 68 48
784 ORDER 632 88 6 43 68 3
784 BLOCK 50 5
785 ORDER 633 38 15 2 20 1
786 ORDER 634 73 33 3 29 1
787 ORDER 635 95 27 2 54 0
787 BLOCK 47 57
788 UNBLOCK 39 20
788 ORDER 636 84 6 85 68 1
789 ORDER 637 65 11 1 68 0
790 ORDER 638 37 42 1 54 0
791 UNBLOCK 36 26
791 ORDER 639 41 21 43 68 1
792 ORDER 640 14 51 1 27 1
792 BLOCK 60 66
793 BLOCK 46 51
794 CANCEL 544
794 UNBLOCK 65 47
794 UNBLOCK 37 45
794 UNBLOCK 15 11
794 UNBLOCK 68 48
794 ORDER 641 11 57 2 33 1
794 BLOCK 7 38
795 ORDER 642 75 32 5 67 1
795 BLOCK 92 20
796 ORDER 643 59 14 22 68 0
796 BLOCK 45 5
797 UNBLOCK 47 57
797 ORDER 644 57 23 3 55 2
797 BLOCK 40 24
798 ORDER 645 18 50 35 68 1
799 UNBLOCK 67 8
799 UNBLOCK 25 35
799 ORDER 646 71 62 1 13 0
799 BLOCK 71 56
800 ORDER 647 6 48 85 68 1
801 ORDER 648 8 33 5 68 0
801 BLOCK 11 14
802 ORDER 649 25 9 24 68 0
802 BLOCK 82 68
803 UNBLOCK 61 23
803 ORDER 650 94 20 24 68 1
803 BLOCK 11 1
804 UNBLOCK 93 42
804 ORDER 651 79 59 3 1 0
805 ORDER 652 24 6 45 67 0
806 ORDER 653 74 35 2 18 0
807 ORDER 654 76 25 2 51 0
808 UNBLOCK 65 36
808 ORDER 655 22 54 1 49 0
809 ORDER 656 12 48 1 40 0
809 BLOCK 79 42
810 ORDER 657 74 33 3 61 0
810 BLOCK 92 68
811 ORDER 658 9 50 21 67 1
812 ORDER 659 58 8 10 67 0
814 ORDER 660 67 47 70 68 0
814 BLOCK 22 23
815 ORDER 661 59 14 1 54 0
815 BLOCK 39 26
816 ORDER 662 29 36 21 68 0
816 BLOCK 21 49
817 ORDER 663 85 14 1 4 1
817 BLOCK 81 12
818 UNBLOCK 82 68
818 ORDER 664 10 24 9 68 0
818 BLOCK 5 40
819 UNBLOCK 78 56
819 UNBLOCK 92 68
819 BLOCK 47 5
820 UNBLOCK 67 56
820 UNBLOCK 45 5
820 ORDER 665 77 30 33 67 0
822 ORDER 666 88 30 3 8 1
823 ORDER 667 53 29 53 68 0
823 BLOCK 5 45
824 ORDER 668 26 30 80 67 0
824 BLOCK 90 60
826 UNBLOCK 71 56
826 ORDER 669 94 15 49 68 1
826 BLOCK 89 39
827 UNBLOCK 85 33
827 UNBLOCK 32 18
827 ORDER 670 54 50 69 67 2
827 BLOCK 86 54
828 UNBLOCK 60 66
828 BLOCK 35 17
829 ORDER 671 95 53 3 63 3
830 ORDER 672 39 54 79 67 0
831 ORDER 673 87 20 2 59 0
832 ORDER 674 6 33 1 8 1
832 BLOCK 40 50
833 UNBLOCK 79 42
833 UNBLOCK 5 40
834 UNBLOCK 40 24
834 UNBLOCK 11 1
834 ORDER 675 47 30 2 50 0
834 BLOCK 58 65
835 UNBLOCK 82 2
835 UNBLOCK 11 14
835 ORDER 676 21 27 52 67 1
835 BLOCK 82 57
836 UNBLOCK 50 5
838 UNBLOCK 7 38
838 UNBLOCK 90 60
838 ORDER 677 55 21 1 55 0
839 UNBLOCK 86 54
839 ORDER 678 83 44 51 68 1
840 UNBLOCK 82 57
840 ORDER 679 60 30 2 22 0
840 BLOCK 95 46
841 UNBLOCK 81 12
841 ORDER 680 36 57 15 68 1
841 BLOCK 15 1
842 UNBLOCK 21 49
842 ORDER 681 18 11 95 68 0
842 BLOCK 91 9
843 ORDER 682 65 9 1 6 0
843 BLOCK 80 5
844 UNBLOCK 47 5
844 ORDER 683 27 5 72 68 0
845 UNBLOCK 92 20
845 UNBLOCK 95 46
845 ORDER 684 89 23 2 32 0
845 BLOCK 91 14
846 ORDER 685 9 21 51 67 0
846 BLOCK 87 51
847 ORDER 686 7 44 2 66 0
848 UNBLOCK 46 51
848 BLOCK 70 2
849 ORDER 687 43 41 3 7 0
850 ORDER 688 67 20 94 68 1
851 UNBLOCK 40 50
851 ORDER 689 82 27 58 67 2
852 ORDER 690 42 53 3 54 0
852 BLOCK 60 63
853 ORDER 691 27 57 8 67 1
853 BLOCK 92 33
854 ORDER 692 87 29 9 68 1
855 ORDER 693 19 59 54 68 0
855 BLOCK 72 11
857 ORDER 694 29 54 63 67 0
858 UNBLOCK 58 65
858 BLOCK 84 47
859 UNBLOCK 35 17
859 ORDER 695 63 47 1 39 0
859 BLOCK 74 42
860 UNBLOCK 39 26
860 UNBLOCK 91 9
860 ORDER 696 57 51 3 34 2
860 BLOCK 84 42
861 ORDER 697 66 11 91 68 2
862 ORDER 698 87 3 1 7 0
862 BLOCK 86 8
863 UNBLOCK 80 5
863 ORDER 699 41 23 62 68 0
864 UNBLOCK 22 23
864 UNBLOCK 72 11
864 ORDER 700 33 41 10 67 0
865 BLOCK 9 11
866 CANCEL 573
866 UNBLOCK 5 45
866 BLOCK 72 21
867 ORDER 701 49 50 28 68 1
868 UNBLOCK 92 33
868 ORDER 702 55 23 53 68 0
868 BLOCK 62 5
869 ORDER 703 41 35 26 67 1
869 BLOCK 64 67
870 ORDER 704 36 36 1 26 0
870 BLOCK 35 45
871 CANCEL 647
871 BLOCK 40 26
873 UNBLOCK 89 39
873 BLOCK 16 60
874 ORDER 705 23 27 21 68 2
875 ORDER 706 10 35 3 22 3
876 ORDER 707 16 38 1 11 0
877 ORDER 708 8 65 29 68 0
878 BLOCK 39 35
879 UNBLOCK 86 8
879 ORDER 709 21 41 3 6 3
879 BLOCK 64 61
880 ORDER 710 78 20 3 45 0
881 BLOCK 77 45
884 UNBLOCK 72 21
884 UNBLOCK 35 45
884 ORDER 711 41 9 70 68 2
885 UNBLOCK 91 14
886 UNBLOCK 39 35
886 CANCEL 711
886 ORDER 712 92 6 21 67 1
887 UNBLOCK 15 1
887 UNBLOCK 60 63
887 UNBLOCK 9 11
887 ORDER 713 68 62 81 68 3
887 BLOCK 14 7
888 UNBLOCK 84 42
889 UNBLOCK 84 47
889 ORDER 714 46 48 86 67 1
889 BLOCK 76 66
890 UNBLOCK 64 67
891 ORDER 715 65 5 1 57 0
891 BLOCK 25 57
892 UNBLOCK 14 7
892 ORDER 716 20 48 48 68 1
892 BLOCK 89 29
893 UNBLOCK 87 51
893 ORDER 717 65 8 3 47 0
893 BLOCK 31 12
894 UNBLOCK 16 60
894 ORDER 718 91 51 89 68 0
894 BLOCK 69 24
895 UNBLOCK 77 45
895 ORDER 719 77 65 3 34 2
895 BLOCK 80 2
896 ORDER 720 55 29 44 67 0
896 BLOCK 84 29
897 ORDER 721 75 38 1 43 0
897 BLOCK 52 26
898 CANCEL 686
898 ORDER 722 19 65 1 8 0
898 BLOCK 86 59
899 CANCEL 659
899 ORDER 723 65 48 3 42 1
899 BLOCK 79 15
900 ORDER 724 37 24 60 68 2
901 ORDER 725 40 23 2 40 0
901 BLOCK 5 28
902 UNBLOCK 70 2
902 ORDER 726 29 33 2 33 3
902 BLOCK 90 60
903 ORDER 727 91 33 42 67 1
903 BLOCK 11 26
904 UNBLOCK 80 2
905 ORDER 728 84 62 1 4 2
906 ORDER 729 66 33 2 44 0
907 UNBLOCK 40 26
907 UNBLOCK 64 61
907 ORDER 730 58 6 89 67 0
908 ORDER 731 80 56 1 3 1
908 BLOCK 41 39
909 UNBLOCK 76 66
909 ORDER 732 73 27 2 17 1
910 ORDER 733 49 44 58 67 0
910 BLOCK 59 59
911 UNBLOCK 86 59
911 ORDER 734 19 39 2 43 1
911 BLOCK 85 17
912 ORDER 735 55 32 3 2 0
913 ORDER 736 73 48 3 23 1
914 UNBLOCK 62 5
914 UNBLOCK 41 39
914 ORDER 737 56 63 18 68 0
915 ORDER 738 64 23 1 16 0
916 UNBLOCK 59 59
916 ORDER 739 21 29 2 50 0
916 BLOCK 92 58
917 ORDER 740 37 44 21 68 1
918 UNBLOCK 74 42
918 ORDER 741 45 26 3 46 1
919 CANCEL 583
919 ORDER 742 9 48 3 10 0
919 BLOCK 90 5
920 ORDER 743 70 56 64 67 0
921 ORDER 744 49 29 2 11 0
922 ORDER 745 53 17 1 9 1
923 ORDER 746 16 18 1 39 0
924 UNBLOCK 5 28
924 ORDER 747 41 6 24 68 1
925 ORDER 748 68 11 10 68 0
925 BLOCK 8 44
926 ORDER 749 69 3 28 68 1
927 ORDER 750 73 33 80 67 0
928 UNBLOCK 69 24
928 ORDER 751 37 27 1 8 1
928 BLOCK 13 47
929 ORDER 752 48 48 3 37 0
931 ORDER 753 18 8 1 54 0
931 BLOCK 28 39
932 ORDER 754 60 39 5 68 0
933 UNBLOCK 25 57
933 ORDER 755 59 38 39 67 0
934 ORDER 756 18 6 3 59 0
934 BLOCK 88 53
935 UNBLOCK 84 29
935 UNBLOCK 92 58
935 ORDER 757 57 56 49 68 1
936 ORDER 758 8 3 1 31 0
936 BLOCK 53 62
937 ORDER 759 9 8 2 21 0
939 ORDER 760 89 59 34 67 1
940 ORDER 761 8 53 1 53 1
940 BLOCK 16 9
941 ORDER 762 35 18 34 68 2
941 BLOCK 44 12
942 CANCEL 630
942 ORDER 763 22 14 2 27 2
943 ORDER 764 18 63 19 68 1
944 BLOCK 29 33
945 ORDER 765 36 38 3 21 1
946 UNBLOCK 90 60
946 ORDER 766 87 29 83 67 0
946 BLOCK 46 68
947 UNBLOCK 52 26
947 ORDER 767 53 18 54 67 0
948 ORDER 768 40 25 3 36 1
949 UNBLOCK 89 29
949 UNBLOCK 79 15
949 ORDER 769 79 35 1 8 1
950 UNBLOCK 13 47
950 ORDER 770 56 59 3 38 1
951 ORDER 771 49 50 74 67 0
951 BLOCK 42 54
952 BLOCK 29 1
953 UNBLOCK 31 12
953 UNBLOCK 8 44
953 ORDER 772 74 41 2 39 0
953 BLOCK 53 39
954 ORDER 773 87 36 1 13 1
954 BLOCK 20 12
955 UNBLOCK 44 12
955 ORDER 774 20 23 85 68 1
955 BLOCK 93 45
956 UNBLOCK 85 17
956 UNBLOCK 88 53
956 ORDER 775 28 15 3 49 1
957 ORDER 776 55 54 1 51 0
958 ORDER 777 73 63 2 22 1
958 BLOCK 62 3
959 ORDER 778 17 53 1 5 1
963 UNBLOCK 11 26
963 ORDER 779 92 38 82 68 0
964 ORDER 780 85 3 1 16 0
964 BLOCK 15 60
965 UNBLOCK 28 39
965 UNBLOCK 29 33
965 ORDER 781 73 65 2 22 0
965 BLOCK 9 5
966 ORDER 782 36 65 1 30 0
967 ORDER 783 17 63 3 22 0
967 BLOCK 34 68
968 ORDER 784 20 65 1 13 0
968 BLOCK 65 65
969 UNBLOCK 42 54
969 UNBLOCK 20 12
969 UNBLOCK 93 45
969 ORDER 785 88 3 3 16 2
969 BLOCK 81 26
970 ORDER 786 77 39 91 68 1
971 BLOCK 47 48
972 ORDER 787 25 24 2 41 1
973 ORDER 788 54 24 3 44 1
973 BLOCK 91 30
974 ORDER 789 40 15 3 27 0
974 BLOCK 76 53
976 UNBLOCK 90 5
976 UNBLOCK 47 48
976 ORDER 790 78 9 1 62 0
977 UNBLOCK 29 1
977 ORDER 791 62 33 51 68 0
978 ORDER 792 47 59 1 48 0
978 BLOCK 12 47
979 ORDER 793 77 63 3 47 1
980 UNBLOCK 46 68
981 ORDER 794 49 57 88 67 2
982 ORDER 795 27 33 35 68 0
982 BLOCK 18 5
983 UNBLOCK 76 53
983 ORDER 796 67 15 1 4 0
984 UNBLOCK 16 9
984 ORDER 797 82 50 1 42 3
985 ORDER 798 18 36 1 19 0
986 ORDER 799 64 3 2 9 0
988 ORDER 800 29 16 53 67 0
988 BLOCK 62 50
989 BLOCK 66 1
990 UNBLOCK 65 65
990 UNBLOCK 81 26
990 ORDER 801 21 62 70 68 1
990 BLOCK 60 41
991 UNBLOCK 53 62
991 ORDER 802 40 23 3 64 2
991 BLOCK 26 64
992 BLOCK 50 15
993 ORDER 803 20 30 59 67 0
993 BLOCK 47 30
994 UNBLOCK 12 47
994 ORDER 804 49 65 97 67 0
994 BLOCK 14 18
995 UNBLOCK 15 60
995 UNBLOCK 66 1
995 ORDER 805 53 39 1 40 0
995 BLOCK 61 51
996 UNBLOCK 62 50
996 ORDER 806 93 39 15 68 0
997 ORDER 807 75 63 56 68 0
998 UNBLOCK 26 64
998 BLOCK 88 67
999 ORDER 808 68 50 35 67 1
999 BLOCK 42 23
1000 ORDER 809 38 56 3 53 1
1000 BLOCK 43 36
1002 BLOCK 80 28
1003 BLOCK 14 63
1004 ORDER 810 48 56 3 23 1
1004 BLOCK 66 15
1005 UNBLOCK 91 30
1005 ORDER 811 80 36 1 25 0
1006 ORDER 812 86 62 11 68 0
1006 BLOCK 82 8
1007 ORDER 813 71 39 40 67 0
1008 ORDER 814 48 42 13 67 0
1009 UNBLOCK 53 39
1009 UNBLOCK 14 18
1009 UNBLOCK 88 67
1009 ORDER 815 20 17 93 68 0
1009 BLOCK 67 36
1010 UNBLOCK 62 3
1010 ORDER 816 24 33 20 67 0
1010 BLOCK 24 21
1011 ORDER 817 6 51 18 67 1
1012 CANCEL 787
1012 ORDER 818 64 39 2 64 1
1012 BLOCK 10 57
1013 UNBLOCK 47 30
1013 BLOCK 52 39
1015 UNBLOCK 9 5
1017 ORDER 819 17 15 53 68 2
1017 BLOCK 80 53
1018 UNBLOCK 43 36
1019 ORDER 820 21 65 90 68 0
1019 BLOCK 5 16
1020 ORDER 821 40 3 3 35 1
1021 UNBLOCK 18 5
1021 UNBLOCK 42 23
1021 ORDER 822 76 36 1 20 0
1021 BLOCK 15 8
1022 UNBLOCK 34 68
1022 ORDER 823 51 60 1 3 0
1023 UNBLOCK 66 15
1023 UNBLOCK 67 36
1024 UNBLOCK 52 39
1024 ORDER 824 68 63 32 67 1
1024 BLOCK 82 50
1025 ORDER 825 35 24 1 37 0
1026 ORDER 826 40 27 27 68 0
1026 BLOCK 69 48
1027 ORDER 827 67 14 51 68 0
1027 BLOCK 86 12
1028 BLOCK 29 41
1029 UNBLOCK 80 28
1029 UNBLOCK 82 8
1030 UNBLOCK 50 15
1030 UNBLOCK 14 63
1030 ORDER 828 17 17 3 8 1
1030 BLOCK 89 23
1031 UNBLOCK 10 57
1031 ORDER 829 46 35 3 41 0
1032 ORDER 830 27 56 24 67 0
1032 BLOCK 55 3
1033 UNBLOCK 15 8
1033 ORDER 831 75 9 3 32 0
1034 ORDER 832 11 54 73 68 1
1034 BLOCK 53 35
1035 UNBLOCK 80 53
1035 BLOCK 72 23
1036 ORDER 833 93 62 2 64 0
1037 ORDER 834 81 47 35 68 0
1038 ORDER 835 82 33 2 50 2
1039 ORDER 836 47 51 62 68 0
1039 BLOCK 32 37
1040 ORDER 837 59 8 43 67 0
1040 BLOCK 15 38
1041 UNBLOCK 60 41
1042 ORDER 838 40 21 2 1 0
1043 ORDER 839 25 5 3 3 0
1043 BLOCK 93 12
1044 UNBLOCK 61 51
1044 ORDER 840 21 61 62 67 1
1044 BLOCK 8 48
1045 ORDER 841 36 54 1 29 0
1045 BLOCK 79 52
1046 ORDER 842 37 57 31 68 0
1046 BLOCK 80 54
1047 UNBLOCK 53 35
1047 ORDER 843 55 30 2 44 0
1048 ORDER 844 48 62 1 66 3
1048 BLOCK 70 64
1049 UNBLOCK 69 48
1049 BLOCK 23 42
1050 ORDER 845 48 36 1 21 2
1050 BLOCK 78 38
1051 ORDER 846 8 3 3 2 1
1051 BLOCK 52 63
1052 ORDER 847 38 48 77 68 0
1054 UNBLOCK 15 38
1054 ORDER 848 59 57 1 31 0
1055 UNBLOCK 32 37
1055 ORDER 849 69 12 1 64 1
1055 BLOCK 90 8
1056 ORDER 850 75 5 94 68 0
1056 BLOCK 34 54
1057 ORDER 851 37 62 25 67 1
1057 BLOCK 15 20
1058 ORDER 852 7 53 3 63 1
1058 BLOCK 47 68
1059 ORDER 853 30 44 26 68 1
1060 ORDER 854 67 32 53 68 0
1060 BLOCK 18 20
1061 ORDER 855 22 65 1 46 2
1062 ORDER 856 54 8 3 6 0
1062 BLOCK 20 35
1063 ORDER 857 57 30 60 68 0
1064 ORDER 858 15 35 3 10 1
1064 BLOCK 6 21
1065 UNBLOCK 5 16
1065 ORDER 859 62 39 4 68 1
1065 BLOCK 70 66
1067 ORDER 860 70 56 24 67 2
1068 UNBLOCK 24 21
1068 ORDER 861 29 35 1 21 0
1069 ORDER 862 56 50 3 31 1
1070 UNBLOCK 15 20
1070 ORDER 863 36 14 2 66 0
1071 ORDER 864 90 45 10 68 0
1071 BLOCK 84 38
1072 UNBLOCK 82 50
1072 UNBLOCK 23 42
1072 ORDER 865 36 41 77 67 0
1073 UNBLOCK 89 23
1073 BLOCK 90 5
1074 CANCEL 819
1074 ORDER 866 83 15 58 68 0
1074 BLOCK 56 27
1075 ORDER 867 78 3 3 43 0
1075 BLOCK 13 53
1076 UNBLOCK 72 23
1076 ORDER 868 31 9 3 7 0
1077 ORDER 869 75 63 1 50 0
1078 ORDER 870 15 48 36 67 0
1078 BLOCK 63 11
1079 UNBLOCK 18 20
1079 ORDER 871 46 21 1 42 1
1080 ORDER 872 10 15 1 35 0
1081 CANCEL 777
1081 UNBLOCK 70 64
1081 ORDER 873 80 60 2 66 0
1081 BLOCK 91 36
1082 UNBLOCK 84 38
1082 UNBLOCK 90 5
1082 ORDER 874 87 14 2 43 0
1082 BLOCK 48 27
1083 UNBLOCK 13 53
1083 ORDER 875 71 33 49 68 1
1083 BLOCK 43 42
1084 UNBLOCK 93 12
1084 UNBLOCK 20 35
1084 ORDER 876 17 62 95 68 1
1084 BLOCK 59 29
1085 UNBLOCK 55 3
1085 ORDER 877 59 54 40 68 1
1085 BLOCK 27 33
1086 UNBLOCK 86 12
1086 ORDER 878 53 27 1 55 0
1086 BLOCK 39 29
1087 ORDER 879 16 33 41 68 1
1088 UNBLOCK 29 41
1089 UNBLOCK 47 68
1089 BLOCK 9 5
1090 UNBLOCK 43 42
1090 ORDER 880 7 18 3 49 0
1090 BLOCK 6 2
1091 UNBLOCK 8 48
1091 ORDER 881 84 17 3 48 2
1091 BLOCK 57 26
1092 UNBLOCK 80 54
1092 BLOCK 73 45
1093 ORDER 882 12 54 94 67 1
1093 BLOCK 41 51
1094 UNBLOCK 78 38
1094 UNBLOCK 9 5
1094 ORDER 883 47 17 1 39 0
1095 ORDER 884 54 20 7 67 2
1096 CANCEL 842
1096 UNBLOCK 52 63
1096 ORDER 885 56 12 1 39 1
1097 ORDER 886 50 56 63 68 0
1097 BLOCK 42 48
1098 UNBLOCK 57 26
1099 UNBLOCK 73 45
1099 ORDER 887 87 56 3 4 0
1100 UNBLOCK 90 8
1100 ORDER 888 37 54 96 67 2
1101 CANCEL 732
1101 ORDER 889 20 38 2 45 0
1101 BLOCK 33 41
1102 UNBLOCK 34 54
1102 ORDER 890 74 36 7 67 0
1103 BLOCK 87 32
1104 ORDER 891 92 8 2 10 1
1104 BLOCK 83 26
1105 UNBLOCK 79 52
1105 CANCEL 880
1105 ORDER 892 37 24 80 67 3
1105 BLOCK 30 22
1106 ORDER 893 59 14 33 68 0
1106 BLOCK 85 57
1107 ORDER 894 80 60 92 68 1
1108 UNBLOCK 91 36
1108 BLOCK 58 3
1109 UNBLOCK 6 21
1109 ORDER 895 92 65 93 68 2
1110 UNBLOCK 70 66
1110 UNBLOCK 33 41
1110 ORDER 896 32 57 3 16 0
1110 BLOCK 40 27
1111 BLOCK 81 36
1112 UNBLOCK 41 51
1112 ORDER 897 80 5 37 68 0
1112 BLOCK 91 35
1113 UNBLOCK 27 33
1113 UNBLOCK 39 29
1113 ORDER 898 57 62 1 45 0
1113 BLOCK 39 67
1114 BLOCK 51 21
1115 ORDER 899 65 59 1 48 0
1116 UNBLOCK 83 26
1116 ORDER 900 79 5 10 67 1
1116 BLOCK 72 47
1117 UNBLOCK 56 27
1117 ORDER 901 88 59 2 19 0
1117 BLOCK 38 68
1118 BLOCK 61 47
1119 BLOCK 16 60
1120 UNBLOCK 42 48
1120 ORDER 902 59 27 1 8 0
1121 UNBLOCK 48 27
1121 ORDER 903 55 62 79 67 0
1122 ORDER 904 50 29 1 9 0
1123 ORDER 905 94 8 13 68 1
1123 BLOCK 84 56
1124 UNBLOCK 87 32
1124 ORDER 906 89 5 69 67 1
1124 BLOCK 67 53
1125 ORDER 907 15 27 60 68 1
1125 BLOCK 57 18
1126 UNBLOCK 6 2
1126 UNBLOCK 72 47
1126 ORDER 908 7 48 2 29 0
1126 BLOCK 42 54
1127 ORDER 909 8 26 3 27 0
1127 BLOCK 43 21
1128 UNBLOCK 85 57
1128 ORDER 910 41 32 61 67 1
1128 BLOCK 92 17
1129 UNBLOCK 67 53
1129 ORDER 911 41 51 75 67 0
1129 BLOCK 95 68
1130 ORDER 912 19 44 2 39 0
1130 BLOCK 39 30
1131 ORDER 913 46 41 97 67 0
1131 BLOCK 91 45
1132 UNBLOCK 16 60
1132 ORDER 914 86 54 3 19 0
1132 BLOCK 40 49
1133 BLOCK 73 8
1134 UNBLOCK 59 29
1134 BLOCK 83 59
1135 ORDER 915 8 60 45 67 0
1136 ORDER 916 35 59 1 10 1
1136 BLOCK 79 50
1137 ORDER 917 71 18 2 65 2
1137 BLOCK 79 33
1138 UNBLOCK 63 11
1138 ORDER 918 9 54 1 26 1
1139 ORDER 919 40 23 1 40 0
1140 ORDER 920 37 8 2 16 1
1141 UNBLOCK 84 56
1141 UNBLOCK 43 21
1142 BLOCK 6 11
1143 UNBLOCK 91 35
1143 ORDER 921 50 14 8 68 1
1143 BLOCK 35 9
1144 UNBLOCK 38 68
1144 ORDER 922 52 62 1 51 0
1144 BLOCK 64 67
1145 ORDER 923 10 35 72 68 1
1146 UNBLOCK 79 33
1146 ORDER 924 95 11 75 68 2
1146 BLOCK 23 14
1147 UNBLOCK 73 8
1147 ORDER 925 40 30 32 68 1
1147 BLOCK 15 64
1148 ORDER 926 44 44 3 46 1
1148 BLOCK 50 26
1149 UNBLOCK 6 11
1149 ORDER 927 39 12 3 55 0
1149 BLOCK 72 9
1150 UNBLOCK 35 9
1150 ORDER 928 65 27 1 42 0
1150 BLOCK 22 33
1151 ORDER 929 54 27 60 68 0
1151 BLOCK 81 24
1152 UNBLOCK 58 3
1152 UNBLOCK 40 27
1152 UNBLOCK 51 21
1152 UNBLOCK 57 18
1152 BLOCK 10 63
1153 ORDER 930 74 14 2 24 0
1153 BLOCK 95 1
1154 ORDER 931 32 24 1 25 2
1155 UNBLOCK 39 67
1155 UNBLOCK 50 26
1155 ORDER 932 39 47 93 68 0
1155 BLOCK 11 23
1156 BLOCK 8 15
1157 ORDER 933 94 6 3 4 0
1158 UNBLOCK 83 59
1158 ORDER 934 74 60 59 67 1
1158 BLOCK 71 2
1160 ORDER 935 14 15 94 68 2
1160 BLOCK 21 11
1161 UNBLOCK 30 22
1161 UNBLOCK 8 15
1161 ORDER 936 29 59 63 68 3
1162 UNBLOCK 91 45
1162 ORDER 937 74 53 78 67 0
1163 ORDER 938 71 5 2 54 0
1164 UNBLOCK 61 47
1164 ORDER 939 36 36 2 52 0
1165 UNBLOCK 81 36
1165 ORDER 940 9 44 17 68 0
1165 BLOCK 56 35
1166 UNBLOCK 23 14
1166 ORDER 941 63 24 6 68 1
1166 BLOCK 10 62
1167 ORDER 942 94 62 2 36 0
1168 UNBLOCK 22 33
1168 ORDER 943 41 9 3 17 0
1169 ORDER 944 14 15 1 9 1
1169 BLOCK 41 50
1170 UNBLOCK 71 2
1170 ORDER 945 66 65 86 67 0
1170 BLOCK 38 12
1171 ORDER 946 14 17 3 50 2
1171 BLOCK 32 6
1172 UNBLOCK 39 30
1173 UNBLOCK 11 23
1173 ORDER 947 32 41 1 32 0
1173 BLOCK 90 6
1174 UNBLOCK 92 17
1174 ORDER 948 60 27 65 67 0
1175 UNBLOCK 10 62
1175 ORDER 949 64 23 2 18 0
1177 ORDER 950 30 60 2 18 1
1178 UNBLOCK 42 54
1178 UNBLOCK 10 63
1179 UNBLOCK 95 1
1179 UNBLOCK 56 35
1179 ORDER 951 92 53 3 38 2
1181 UNBLOCK 40 49
1181 ORDER 952 68 18 93 68 3
1182 ORDER 953 77 57 1 4 0
1182 BLOCK 62 28
1183 ORDER 954 10 36 2 40 1
1183 BLOCK 25 12
1184 UNBLOCK 95 68
1184 UNBLOCK 15 64
1184 ORDER 955 16 65 9 67 0
1184 BLOCK 95 48
1185 ORDER 956 26 48 16 68 0
1186 ORDER 957 76 51 51 67 2
1187 ORDER 958 61 51 47 68 2
1187 BLOCK 72 58
1188 UNBLOCK 72 9
1188 UNBLOCK 81 24
1188 ORDER 959 41 38 3 3 1
1188 BLOCK 6 57
1189 ORDER 960 49 42 1 8 0
1189 BLOCK 75 18
1190 ORDER 961 69 11 80 67 0
1191 UNBLOCK 38 12
1191 ORDER 962 71 60 2 67 2
1192 UNBLOCK 32 6
1194 UNBLOCK 79 50
1194 ORDER 963 14 53 76 68 0
1194 BLOCK 35 32
1195 UNBLOCK 41 50
1195 ORDER 964 43 29 72 68 2
1195 BLOCK 94 26
1196 ORDER 965 18 56 2 58 0
1196 BLOCK 83 29
1197 ORDER 966 34 47 3 2 3
1198 ORDER 967 89 21 1 29 1
1198 BLOCK 74 17
1199 ORDER 968 57 42 53 68 1
1200 ORDER 969 44 65 3 31 0
1200 BLOCK 13 27
1201 UNBLOCK 64 67
1201 UNBLOCK 94 26
1201 ORDER 970 56 8 1 32 0
1202 UNBLOCK 6 57
1202 ORDER 971 39 41 60 67 0
1203 ORDER 972 72 26 1 53 0
1203 BLOCK 71 50
1204 UNBLOCK 72 58
1204 ORDER 973 77 14 73 68 3
1204 BLOCK 19 51
1205 BLOCK 14 5
1206 ORDER 974 11 3 2 44 1
1208 UNBLOCK 95 48
1208 UNBLOCK 13 27
1208 ORDER 975 21 42 69 67 1
1210 ORDER 976 40 17 3 34 2
1213 CANCEL 956
1213 ORDER 977 90 20 3 49 0
1214 ORDER 978 15 26 70 68 0
1215 UNBLOCK 90 6
1215 ORDER 979 38 20 27 68 0
1216 ORDER 980 71 45 1 32 0
1216 CANCEL 100980
1217 ORDER 981 59 6 59 67 2
1217 BLOCK 54 59
1218 ORDER 982 75 53 1 39 0
1219 UNBLOCK 21 11
1219 UNBLOCK 19 51
1219 ORDER 983 7 65 1 62 0
1219 BLOCK 85 56
1220 UNBLOCK 74 17
1220 ORDER 984 74 15 43 68 1
1220 BLOCK 82 8
1221 ORDER 985 60 56 26 68 0
1222 ORDER 986 74 14 7 68 1
1223 ORDER 987 18 3 27 68 0
1224 BLOCK 93 23
1225 ORDER 988 38 60 31 68 0
1225 BLOCK 89 14
1226 ORDER 989 22 59 96 67 0
1227 CANCEL 971
1227 ORDER 990 20 9 28 67 0
1228 UNBLOCK 35 32
1228 ORDER 991 74 57 26 67 0
1229 ORDER 992 46 53 37 68 0
1229 BLOCK 94 6
1230 ORDER 993 16 59 3 47 0
1230 BLOCK 72 17
1231 ORDER 994 84 50 36 68 0
1231 BLOCK 41 14
1232 UNBLOCK 71 50
1232 ORDER 995 27 12 21 68 0
1233 UNBLOCK 62 28
1233 ORDER 996 34 33 2 19 0
1234 UNBLOCK 83 29
1234 UNBLOCK 93 23
1234 ORDER 997 7 50 1 35 0
1234 BLOCK 88 36
1235 ORDER 998 45 39 2 36 1
1236 BLOCK 50 40
1237 ORDER 999 92 33 73 68 1
1237 BLOCK 46 68
1238 BLOCK 70 29
1239 UNBLOCK 75 18
1239 ORDER 1000 80 35 1 10 1
1239 BLOCK 30 39
1240 UNBLOCK 25 12
1240 ORDER 1001 19 18 59 68 2
1240 BLOCK 22 41
1242 ORDER 1002 93 47 2 64 0
1242 BLOCK 80 59
1243 UNBLOCK 85 56
1243 BLOCK 72 27
1244 UNBLOCK 94 6
1244 ORDER 1003 47 53 85 67 0
1245 ORDER 1004 20 11 6 68 2
1246 ORDER 1005 40 5 22 67 1
1246 BLOCK 86 62
1247 BLOCK 19 11
1248 UNBLOCK 50 40
1248 ORDER 1006 87 29 1 14 0
1248 BLOCK 25 27
1250 ORDER 1007 32 3 1 27 1
1250 BLOCK 28 53
1251 ORDER 1008 17 17 1 23 0
1252 UNBLOCK 82 8
1252 BLOCK 14 43
1254 BLOCK 61 14
1255 ORDER 1009 15 24 3 52 2
1255 BLOCK 5 34
1256 UNBLOCK 89 14
1256 BLOCK 23 42
1257 ORDER 1010 6 44 83 68 0
1258 UNBLOCK 86 62
1258 ORDER 1011 41 3 35 68 0
1258 BLOCK 27 5
1259 ORDER 1012 79 12 3 4 1
1260 ORDER 1013 91 39 86 68 0
1260 BLOCK 92 62
1261 ORDER 1014 44 57 43 68 1
1262 UNBLOCK 54 59
1262 UNBLOCK 72 27
1262 UNBLOCK 28 53
1262 ORDER 1015 68 50 3 59 0
1264 UNBLOCK 14 5
1264 UNBLOCK 80 59
1264 UNBLOCK 5 34
1264 ORDER 1016 30 57 3 17 0
1265 ORDER 1017 34 53 29 68 1
1266 ORDER 1018 43 32 2 26 0
1266 BLOCK 83 68
1267 BLOCK 67 24
1268 ORDER 1019 61 47 78 68 0
1269 ORDER 1020 84 18 18 68 0
1270 ORDER 1021 19 42 8 68 1
1270 BLOCK 31 60
1271 ORDER 1022 60 26 3 17 0
1271 BLOCK 74 41
1272 ORDER 1023 91 18 49 68 0
1272 BLOCK 59 47
1273 ORDER 1024 13 3 1 20 0
1274 UNBLOCK 30 39
1274 UNBLOCK 27 5
1274 ORDER 1025 59 14 51 67 1
1274 BLOCK 26 38
1275 UNBLOCK 70 29
1275 ORDER 1026 50 44 3 38 3
1275 BLOCK 56 12
1276 ORDER 1027 79 36 86 68 1
1277 ORDER 1028 29 28 3 58 0
1278 ORDER 1029 20 48 90 68 0
1278 BLOCK 77 21
1279 UNBLOCK 41 14
1279 UNBLOCK 88 36
1279 ORDER 1030 10 45 18 68 1
1279 BLOCK 15 29
1280 UNBLOCK 72 17
1280 ORDER 1031 7 62 2 26 2
1283 ORDER 1032 85 15 3 29 0
1283 BLOCK 9 56
1284 ORDER 1033 9 65 26 68 2
1285 UNBLOCK 19 11
1285 CANCEL 1016
1285 ORDER 1034 59 29 82 68 2
1285 BLOCK 16 39
1286 ORDER 1035 82 65 51 67 0
1286 BLOCK 75 50
1287 ORDER 1036 8 17 1 1 1
1288 ORDER 1037 13 60 72 68 1
1288 BLOCK 32 53
1289 UNBLOCK 15 29
1289 ORDER 1038 72 53 40 68 1
1289 BLOCK 17 48
1290 BLOCK 58 9
1291 ORDER 1039 32 5 39 67 0
1292 ORDER 1040 57 21 3 65 3
1292 BLOCK 50 52
1293 UNBLOCK 23 42
1293 ORDER 1041 41 51 85 68 0
1293 BLOCK 39 33
1294 BLOCK 89 8
1295 ORDER 1042 8 15 74 68 0
1296 UNBLOCK 46 68
1296 UNBLOCK 61 14
1296 UNBLOCK 92 62
1297 ORDER 1043 66 18 1 34 2
1297 BLOCK 73 33
1298 UNBLOCK 22 41
1298 UNBLOCK 14 43
1298 ORDER 1044 69 11 48 68 3
1298 BLOCK 13 49
1299 CANCEL 1018
1299 UNBLOCK 50 52
1300 ORDER 1045 59 24 14 68 1
1301 ORDER 1046 48 65 52 68 2
1301 BLOCK 94 15
1302 UNBLOCK 25 27
1302 ORDER 1047 77 14 2 25 0
1303 ORDER 1048 94 27 2 35 0
1303 BLOCK 69 54
1304 ORDER 1049 28 62 3 67 0
1304 BLOCK 86 21
1305 CANCEL 996
1305 UNBLOCK 31 60
1305 BLOCK 85 33
1306 UNBLOCK 13 49
1306 ORDER 1050 62 20 2 2 3
1306 BLOCK 47 14
1307 ORDER 1051 67 9 3 24 0
1307 BLOCK 5 33
1308 ORDER 1052 37 11 3 29 0
1308 BLOCK 60 17
1309 UNBLOCK 83 68
1309 UNBLOCK 39 33
1309 ORDER 1053 36 59 2 45 0
1310 UNBLOCK 67 24
1310 ORDER 1054 64 32 22 68 0
1310 BLOCK 50 53
1311 ORDER 1055 10 14 69 67 0
1311 BLOCK 7 62
1312 ORDER 1056 71 59 1 34 1
1312 BLOCK 71 23
1313 ORDER 1057 94 60 3 42 0
1313 BLOCK 70 2
1314 ORDER 1058 36 6 20 68 2
1314 BLOCK 58 41
1315 UNBLOCK 75 50
1315 ORDER 1059 82 29 2 26 1
1315 BLOCK 89 1
1316 ORDER 1060 50 57 3 40 0
1316 BLOCK 31 39
1317 UNBLOCK 74 41
1317 BLOCK 78 42
1318 UNBLOCK 56 12
1318 ORDER 1061 81 45 2 16 1
1319 ORDER 1062 17 65 62 68 1
1319 BLOCK 25 15
1320 UNBLOCK 17 48
1320 ORDER 1063 58 63 2 19 0
1320 BLOCK 69 45
1321 UNBLOCK 47 14
1321 BLOCK 63 48
1322 ORDER 1064 60 39 1 51 1
1322 BLOCK 81 23
1323 ORDER 1065 50 21 1 6 1
1323 BLOCK 67 50
1324 UNBLOCK 26 38
1324 UNBLOCK 32 53
1324 ORDER 1066 20 33 9 67 0
1324 BLOCK 24 47
1326 UNBLOCK 9 56
1326 ORDER 1067 8 20 41 67 0
1327 UNBLOCK 59 47
1327 ORDER 1068 86 7 3 29 0
1327 BLOCK 66 20
1328 UNBLOCK 60 17
1328 BLOCK 91 30
1329 UNBLOCK 25 15
1329 ORDER 1069 44 17 1 17 0
1330 UNBLOCK 16 39
1330 BLOCK 76 59
1331 UNBLOCK 71 23
1331 ORDER 1070 10 35 23 67 0
1331 BLOCK 30 7
1332 UNBLOCK 86 21
1332 ORDER 1071 9 36 3 39 1
1332 BLOCK 7 36
1333 UNBLOCK 63 48
1333 ORDER 1072 45 44 29 68 0
1334 UNBLOCK 58 9
1334 UNBLOCK 94 15
1334 ORDER 1073 82 9 48 67 0
1335 ORDER 1074 39 9 30 67 0
1335 BLOCK 12 3
1336 UNBLOCK 77 21
1336 ORDER 1075 45 56 36 68 2
1337 UNBLOCK 89 1
1337 ORDER 1076 60 30 1 65 0
1337 BLOCK 81 53
1338 UNBLOCK 76 59
1338 ORDER 1077 67 42 1 57 1
1339 ORDER 1078 77 27 2 59 0
1339 BLOCK 87 1
1340 ORDER 1079 36 62 66 67 1
1340 BLOCK 83 57
1341 UNBLOCK 69 54
1341 ORDER 1080 64 17 3 15 0
1341 BLOCK 23 48
1342 ORDER 1081 17 36 32 67 0
1342 BLOCK 87 42
1343 ORDER 1082 94 57 48 68 1
1343 BLOCK 24 48
1344 UNBLOCK 73 33
1344 ORDER 1083 83 53 3 62 0
1344 BLOCK 30 7
1345 UNBLOCK 85 33
1345 ORDER 1084 72 39 3 33 1
1346 UNBLOCK 7 62
1346 BLOCK 21 9
1347 ORDER 1085 32 11 82 67 1
1347 BLOCK 34 64
1348 ORDER 1086 22 47 77 67 0
1348 BLOCK 30 53
1349 UNBLOCK 87 42
1349 ORDER 1087 13 60 3 18 0
1350 UNBLOCK 50 53
1350 ORDER 1088 42 47 38 68 0
1351 UNBLOCK 30 7
1351 ORDER 1089 14 33 2 52 1
1353 UNBLOCK 89 8
1353 UNBLOCK 83 57
1353 ORDER 1090 95 23 52 67 0
1354 UNBLOCK 23 48
1354 ORDER 1091 49 27 2 19 1
1355 UNBLOCK 30 7
1355 ORDER 1092 85 5 55 68 1
1355 BLOCK 10 29
1356 UNBLOCK 31 39
1356 ORDER 1093 77 27 2 2 0
1358 ORDER 1094 64 24 71 67 0
1358 BLOCK 71 10
1359 ORDER 1095 70 32 71 68 2
1359 BLOCK 59 63
1360 UNBLOCK 30 53
1360 ORDER 1096 11 56 1 16 3
1360 BLOCK 28 51
1361 UNBLOCK 66 20
1362 ORDER 1097 70 30 87 67 0
1363 ORDER 1098 78 15 3 12 3
1364 ORDER 1099 73 33 1 38 0
1365 UNBLOCK 58 41
1365 UNBLOCK 24 47
1365 ORDER 1100 18 32 3 14 0
1365 BLOCK 84 15
1366 UNBLOCK 5 33
1366 UNBLOCK 70 2
1366 ORDER 1101 69 11 1 18 0
1366 BLOCK 45 42
1367 UNBLOCK 78 42
1367 UNBLOCK 7 36
1367 ORDER 1102 44 6 3 5 2
1367 BLOCK 80 14
1368 ORDER 1103 19 45 62 67 0
1369 UNBLOCK 81 23
1369 ORDER 1104 91 53 2 32 0
1369 BLOCK 57 30
1370 UNBLOCK 24 48
1370 ORDER 1105 71 33 1 38 0
1370 BLOCK 25 50
1371 ORDER 1106 9 12 95 67 1
1371 BLOCK 5 17
1372 ORDER 1107 74 42 49 68 0
1373 UNBLOCK 91 30
1373 CANCEL 101107
1374 ORDER 1108 26 9 1 10 0
1374 BLOCK 63 67
1375 ORDER 1109 47 36 1 67 3
1375 BLOCK 19 26
1376 ORDER 1110 29 50 49 68 3
1377 ORDER 1111 46 42 75 68 1
1377 BLOCK 73 35
1378 UNBLOCK 69 45
1378 ORDER 1112 54 35 1 30 0
1378 BLOCK 22 49
1379 ORDER 1113 12 42 88 67 0
1380 UNBLOCK 28 51
1381 UNBLOCK 81 53
1381 ORDER 1114 63 21 3 36 0
1381 BLOCK 58 3
1382 ORDER 1115 88 5 77 68 3
1383 UNBLOCK 67 50
1383 ORDER 1116 37 38 1 54 1
1384 CANCEL 1010
1384 ORDER 1117 46 3 43 68 0
1384 BLOCK 87 23
1385 UNBLOCK 87 1
1385 UNBLOCK 45 42
1385 ORDER 1118 65 9 2 33 1
1385 BLOCK 78 5
1386 UNBLOCK 59 63
1386 BLOCK 37 33
1387 UNBLOCK 12 3
1387 ORDER 1119 59 62 13 67 0
1387 BLOCK 6 44
1388 UNBLOCK 34 64
1388 ORDER 1120 48 60 4 67 2
1388 BLOCK 85 6
1389 BLOCK 24 67
1390 ORDER 1121 7 36 2 9 0
1390 BLOCK 15 26
1391 UNBLOCK 19 26
1391 ORDER 1122 50 36 39 68 0
1391 BLOCK 36 39
1392 UNBLOCK 57 30
1392 ORDER 1123 57 32 62 67 0
1392 BLOCK 61 67
1393 UNBLOCK 5 17
1393 ORDER 1124 45 5 74 67 0
1394 ORDER 1125 73 6 1 54 0
1395 ORDER 1126 7 56 3 64 1
1396 UNBLOCK 10 29
1396 ORDER 1127 64 59 86 68 0
1396 BLOCK 19 66
1397 UNBLOCK 21 9
1397 UNBLOCK 6 44
1397 ORDER 1128 20 41 3 65 1
1397 BLOCK 93 21
1398 UNBLOCK 84 15
1398 ORDER 1129 78 17 1 37 0
1399 ORDER 1130 28 56 98 68 0
1399 BLOCK 61 47
1400 BLOCK 56 45
1401 UNBLOCK 71 10
1401 UNBLOCK 15 26
1401 ORDER 1131 72 21 1 25 3
1402 ORDER 1132 40 35 2 10 0
1402 BLOCK 83 61
1403 ORDER 1133 93 63 2 59 0
1404 ORDER 1134 19 12 67 67 0
1404 BLOCK 72 59
1406 ORDER 1135 34 21 69 68 3
1406 BLOCK 9 67
1407 UNBLOCK 87 23
1407 ORDER 1136 13 57 89 67 0
1407 BLOCK 42 10
1408 ORDER 1137 82 56 18 67 0
1408 BLOCK 77 36
1410 UNBLOCK 58 3
1410 ORDER 1138 60 26 3 14 0
1411 ORDER 1139 88 48 2 64 1
1412 ORDER 1140 47 50 21 67 0
1412 BLOCK 52 28
1413 UNBLOCK 78 5
1413 ORDER 1141 84 39 68 68 0
1414 ORDER 1142 74 24 1 22 2
1415 ORDER 1143 66 8 78 68 0
1416 UNBLOCK 72 59
1416 ORDER 1144 57 3 32 68 0
1416 BLOCK 76 44
1417 ORDER 1145 28 11 3 26 1
1417 BLOCK 53 47
1418 BLOCK 37 1
1419 UNBLOCK 52 28
1419 ORDER 1146 40 45 2 33 0
1420 ORDER 1147 12 17 18 68 1
1420 BLOCK 33 13
1421 UNBLOCK 25 50
1421 ORDER 1148 54 9 98 67 0
1422 ORDER 1149 51 60 3 22 0
1422 BLOCK 36 44
1423 ORDER 1150 86 53 3 52 3
1423 BLOCK 81 62
1424 UNBLOCK 80 14
1424 UNBLOCK 22 49
1424 UNBLOCK 61 67
1425 ORDER 1151 34 48 15 68 0
1425 BLOCK 49 12
1427 ORDER 1152 88 48 1 43 0
1428 UNBLOCK 63 67
1428 UNBLOCK 56 45
1428 ORDER 1153 93 39 2 24 2
1429 ORDER 1154 25 32 43 68 1
1430 BLOCK 52 60
1431 ORDER 1155 8 18 22 67 0
1431 BLOCK 68 56
1432 UNBLOCK 36 44
1432 ORDER 1156 75 12 16 68 1
1432 BLOCK 79 44
1433 UNBLOCK 37 33
1433 ORDER 1157 17 3 2 37 1
1434 UNBLOCK 73 35
1434 BLOCK 22 27
1435 ORDER 1158 92 33 6 68 0
1436 ORDER 1159 77 30 2 55 0
1437 UNBLOCK 85 6
1437 UNBLOCK 93 21
1437 BLOCK 27 51
1438 UNBLOCK 61 47
1438 ORDER 1160 55 30 2 24 0
1439 ORDER 1161 94 47 90 68 0
1439 BLOCK 20 51
1440 UNBLOCK 76 44
1440 ORDER 1162 71 3 54 68 0
1440 BLOCK 86 40
1441 ORDER 1163 16 41 90 67 1
1441 BLOCK 19 41
1442 ORDER 1164 87 21 2 20 0
1443 ORDER 1165 53 38 1 39 1
1443 BLOCK 66 26
1444 ORDER 1166 48 3 2 56 1
1445 ORDER 1167 29 5 3 61 0
1446 UNBLOCK 24 67
1446 ORDER 1168 57 47 3 1 0
1446 BLOCK 85 23
1447 ORDER 1169 44 65 3 41 2
1447 BLOCK 27 42
1448 UNBLOCK 36 39
1448 ORDER 1170 47 53 1 26 0
1448 BLOCK 78 39
1450 UNBLOCK 19 66
1450 UNBLOCK 77 36
1450 UNBLOCK 22 27
1450 ORDER 1171 64 45 62 68 0
1450 BLOCK 81 56
1451 ORDER 1172 27 6 1 38 1
1452 UNBLOCK 83 61
1452 BLOCK 74 21
1453 ORDER 1173 84 39 54 68 0
1453 BLOCK 77 42
1454 ORDER 1174 85 59 1 39 1
1454 BLOCK 20 6
1455 UNBLOCK 9 67
1455 UNBLOCK 79 44
1455 ORDER 1175 26 30 2 64 0
1456 ORDER 1176 54 51 1 18 0
1457 UNBLOCK 42 10
1457 UNBLOCK 37 1
1458 ORDER 1177 71 21 1 30 0
1458 BLOCK 63 24
1459 UNBLOCK 81 62
1459 ORDER 1178 55 56 2 67 0
1459 BLOCK 56 56
1460 BLOCK 56 17
1461 ORDER 1179 43 29 2 57 0
1462 UNBLOCK 53 47
1462 ORDER 1180 6 56 2 38 2
1463 ORDER 1181 47 65 48 67 0
1464 UNBLOCK 33 13
1464 ORDER 1182 84 3 1 56 0
1464 BLOCK 38 54
1465 UNBLOCK 20 51
1465 ORDER 1183 22 38 3 38 0
1466 ORDER 1184 79 20 83 67 1
1466 CANCEL 101184
1466 BLOCK 54 5
1467 ORDER 1185 8 41 1 60 0
1468 BLOCK 57 36
1469 ORDER 1186 68 47 1 30 0
1470 BLOCK 76 8
1471 UNBLOCK 54 5
1471 ORDER 1187 17 11 1 31 1
1471 BLOCK 86 67
1472 BLOCK 65 12
1473 ORDER 1188 75 20 97 68 1
1473 BLOCK 85 60
1474 UNBLOCK 68 56
1474 UNBLOCK 27 42
1474 ORDER 1189 41 33 60 67 1
1474 BLOCK 55 63
1475 ORDER 1190 78 30 72 68 0
1475 BLOCK 69 15
1476 UNBLOCK 85 23
1476 BLOCK 10 21
1477 UNBLOCK 56 56
1477 UNBLOCK 65 12
1477 ORDER 1191 89 57 1 4 0
1478 ORDER 1192 28 26 2 26 1
1478 BLOCK 56 57
1479 UNBLOCK 27 51
1479 ORDER 1193 64 63 51 68 0
1480 ORDER 1194 40 3 2 43 0
1481 UNBLOCK 77 42
1481 ORDER 1195 48 18 89 68 0
1481 BLOCK 25 39
1482 UNBLOCK 52 60
1482 UNBLOCK 56 17
1482 ORDER 1196 80 35 1 66 1
1482 BLOCK 14 67
1483 CANCEL 1134
1483 ORDER 1197 12 47 62 68 1
1484 ORDER 1198 29 15 2 57 2
1485 UNBLOCK 49 12
1485 UNBLOCK 66 26
1485 UNBLOCK 20 6
1485 UNBLOCK 38 54
1485 BLOCK 60 17
1486 ORDER 1199 19 44 36 68 0
1487 ORDER 1200 7 36 1 4 0
1487 BLOCK 83 61
1488 ORDER 1201 62 51 1 34 1
1489 ORDER 1202 73 39 2 14 2
1489 BLOCK 55 51
1490 UNBLOCK 86 40
1490 ORDER 1203 12 30 93 68 0
1492 UNBLOCK 55 63
1492 BLOCK 46 38
1493 ORDER 1204 55 35 3 26 0
1493 BLOCK 31 36
1494 UNBLOCK 85 60
1494 ORDER 1205 12 47 1 12 0
1495 ORDER 1206 91 47 3 16 0
1496 UNBLOCK 19 41
1497 UNBLOCK 81 56
1497 UNBLOCK 55 51
1497 UNBLOCK 46 38
1497 ORDER 1207 8 51 1 49 3
1498 CANCEL 1074
1498 ORDER 1208 18 44 1 18 0
1498 BLOCK 85 42
1499 ORDER 1209 39 59 1 46 1
1500 UNBLOCK 63 24
1500 ORDER 1210 76 54 50 67 1
1500 BLOCK 34 15
1501 BLOCK 25 63
1502 ORDER 1211 49 62 3 13 3
1502 BLOCK 22 27
1503 UNBLOCK 78 39
1503 UNBLOCK 57 36
1503 ORDER 1212 75 11 1 17 0
1504 ORDER 1213 48 53 20 68 0
1504 BLOCK 25 36
1505 UNBLOCK 74 21
1505 UNBLOCK 86 67
1505 UNBLOCK 83 61
1505 ORDER 1214 12 54 59 67 1
1506 ORDER 1215 82 53 49 67 0
1506 BLOCK 13 66
1507 ORDER 1216 31 20 55 68 2
1507 BLOCK 69 5
1508 ORDER 1217 72 44 7 67 3
1509 ORDER 1218 48 33 1 14 1
1510 UNBLOCK 76 8
1510 ORDER 1219 61 39 1 15 2
1511 UNBLOCK 85 42
1511 ORDER 1220 63 33 2 19 0
1512 ORDER 1221 51 18 2 68 0
1512 BLOCK 87 8
1513 ORDER 1222 65 65 55 68 0
1514 ORDER 1223 53 23 3 33 2
1514 BLOCK 32 68
1515 ORDER 1224 36 30 1 66 0
1515 BLOCK 62 12
1516 UNBLOCK 69 15
1516 UNBLOCK 10 21
1516 ORDER 1225 36 21 1 60 3
1516 BLOCK 50 34
1517 UNBLOCK 34 15
1517 ORDER 1226 7 3 21 68 0
1517 BLOCK 26 27
1518 ORDER 1227 40 51 3 16 0
1518 BLOCK 58 60
1519 ORDER 1228 49 15 55 67 2
1519 BLOCK 72 68
1520 ORDER 1229 66 17 45 67 0
1520 BLOCK 20 23
1521 ORDER 1230 78 27 37 68 1
1521 BLOCK 72 53
1522 UNBLOCK 31 36
1522 ORDER 1231 41 14 3 25 0
1523 UNBLOCK 13 66
1523 BLOCK 92 38
1524 UNBLOCK 72 68
1524 ORDER 1232 57 3 29 68 0
1524 BLOCK 18 36
1525 ORDER 1233 8 14 3 9 0
1526 BLOCK 74 36
1527 ORDER 1234 64 54 1 50 0
1528 ORDER 1235 65 35 46 68 0
1528 BLOCK 37 67
1529 ORDER 1236 90 38 3 52 0
1530 ORDER 1237 71 51 2 51 0
1530 BLOCK 34 67
1531 ORDER 1238 26 6 3 7 0
1532 UNBLOCK 14 67
1533 ORDER 1239 45 33 2 37 1
1533 BLOCK 5 7
1534 ORDER 1240 45 18 56 67 0
1534 BLOCK 64 21
1535 ORDER 1241 48 51 92 67 1
1535 BLOCK 28 63
1536 UNBLOCK 58 60
1536 ORDER 1242 76 56 54 68 0
1537 UNBLOCK 56 57
1537 ORDER 1243 80 39 3 39 3
1538 ORDER 1244 28 57 2 60 1
1538 BLOCK 39 14
1539 ORDER 1245 78 23 34 68 1
1539 BLOCK 14 17
1540 UNBLOCK 25 39
1540 UNBLOCK 26 27
1540 ORDER 1246 35 11 46 68 0
1540 BLOCK 27 3
1541 CANCEL 1102
1541 ORDER 1247 18 21 3 23 1
1541 BLOCK 61 42
1542 ORDER 1248 71 17 10 67 1
1543 ORDER 1249 7 50 41 68 2
1543 BLOCK 27 57
1544 ORDER 1250 36 3 3 64 0
1544 BLOCK 40 65
1545 UNBLOCK 60 17
1545 UNBLOCK 14 17
1546 ORDER 1251 64 42 2 5 1
1546 BLOCK 33 33
1547 UNBLOCK 20 23
1547 ORDER 1252 46 39 59 68 1
1547 BLOCK 9 12
1548 UNBLOCK 27 57
1548 ORDER 1253 56 62 1 36 0
1548 BLOCK 26 17
1549 UNBLOCK 22 27
1549 UNBLOCK 50 34
1549 ORDER 1254 87 47 2 47 0
1550 UNBLOCK 87 8
1550 ORDER 1255 65 56 57 67 0
1551 BLOCK 32 21
1552 UNBLOCK 32 68
1552 UNBLOCK 39 14
1552 ORDER 1256 61 20 96 67 0
1552 BLOCK 89 48
1553 UNBLOCK 64 21
1553 ORDER 1257 9 17 1 15 0
1553 BLOCK 19 17
1554 UNBLOCK 25 36
1554 UNBLOCK 37 67
1554 ORDER 1258 46 14 35 68 2
1554 BLOCK 46 33
1555 UNBLOCK 25 63
1556 ORDER 1259 52 20 93 67 0
1557 UNBLOCK 27 3
1557 ORDER 1260 31 29 2 48 0
1557 BLOCK 77 54
1558 ORDER 1261 12 27 3 38 0
1559 UNBLOCK 18 36
1559 ORDER 1262 73 41 1 28 0
1560 UNBLOCK 72 53
1560 ORDER 1263 87 56 60 67 0
1561 ORDER 1264 73 24 1 55 0
1561 BLOCK 75 15
1562 ORDER 1265 17 27 3 46 0
1562 BLOCK 6 68
1563 UNBLOCK 5 7
1563 UNBLOCK 77 54
1564 UNBLOCK 69 5
1564 UNBLOCK 61 42
1564 ORDER 1266 84 53 83 67 1
1564 BLOCK 91 38
1565 ORDER 1267 18 12 73 67 0
1565 BLOCK 85 11
1566 UNBLOCK 62 12
1566 UNBLOCK 74 36
1566 ORDER 1268 66 53 2 27 2
1567 ORDER 1269 40 60 1 62 1
1567 BLOCK 94 2
1568 BLOCK 40 39
1569 UNBLOCK 34 67
1569 ORDER 1270 49 63 3 8 0
1569 BLOCK 93 42
1570 CANCEL 1196
1570 UNBLOCK 33 33
1570 ORDER 1271 79 48 1 64 2
1570 BLOCK 71 53
1571 ORDER 1272 46 62 1 8 0
1571 BLOCK 33 30
1572 ORDER 1273 39 42 3 60 1
1573 UNBLOCK 89 48
1573 UNBLOCK 91 38
1573 ORDER 1274 46 48 61 67 0
1573 BLOCK 16 29
1574 ORDER 1275 65 33 28 67 1
1574 BLOCK 90 3
1575 UNBLOCK 92 38
1575 BLOCK 25 13
1576 ORDER 1276 33 18 3 67 0
1576 BLOCK 28 35
1577 ORDER 1277 74 59 25 67 2
1577 BLOCK 23 4
1578 ORDER 1278 35 18 7 67 0
1578 BLOCK 35 5
1579 ORDER 1279 87 21 2 61 2
1579 BLOCK 55 3
1580 ORDER 1280 64 65 2 21 0
1580 BLOCK 33 36
1581 UNBLOCK 40 39
1581 ORDER 1281 49 27 50 67 1
1581 BLOCK 28 6
1582 UNBLOCK 9 12
1582 UNBLOCK 33 30
1582 ORDER 1282 7 51 5 68 0
1583 UNBLOCK 40 65
1583 ORDER 1283 54 24 2 13 0
1583 BLOCK 26 6
1584 ORDER 1284 45 26 1 49 0
1585 ORDER 1285 28 23 83 68 0
1586 UNBLOCK 19 17
1586 BLOCK 57 63
1587 UNBLOCK 75 15
1587 ORDER 1286 71 59 2 51 0
1587 BLOCK 51 26
1588 BLOCK 87 32
1590 UNBLOCK 94 2
1591 UNBLOCK 28 63
1591 BLOCK 79 51
1592 UNBLOCK 28 35
1592 ORDER 1287 79 5 8 67 0
1593 UNBLOCK 16 29
1593 ORDER 1288 57 35 65 68 1
1593 BLOCK 86 62
1594 ORDER 1289 35 14 2 22 1
1595 ORDER 1290 39 57 20 67 0
1596 UNBLOCK 46 33
1596 ORDER 1291 13 5 2 13 2
1596 BLOCK 64 11
1597 ORDER 1292 82 27 76 68 0
1597 BLOCK 21 1
1598 UNBLOCK 26 17
1599 UNBLOCK 85 11
1599 ORDER 1293 50 37 7 67 1
1599 BLOCK 25 27
1600 ORDER 1294 86 29 2 17 1
1600 BLOCK 30 41
1601 ORDER 1295 55 3 3 48 0
1601 BLOCK 49 60
1602 UNBLOCK 93 42
1602 UNBLOCK 23 4
1602 ORDER 1296 27 20 2 21 0
1602 BLOCK 68 11
1603 UNBLOCK 51 26
1603 ORDER 1297 46 17 96 67 3
1604 UNBLOCK 28 6
1604 ORDER 1298 47 3 13 68 1
1605 ORDER 1299 34 48 7 67 0
1606 ORDER 1300 41 44 1 66 0
1608 UNBLOCK 32 21
1608 UNBLOCK 79 51
1608 ORDER 1301 32 20 2 42 2
1609 UNBLOCK 90 3
1609 ORDER 1302 16 53 3 43 0
1609 BLOCK 54 13
1610 CANCEL 1190
1610 UNBLOCK 35 5
1610 ORDER 1303 62 21 76 67 0
1610 BLOCK 20 17
1612 UNBLOCK 64 11
1612 ORDER 1304 28 21 84 67 1
1612 BLOCK 13 8
1613 ORDER 1305 55 33 5 67 0
1615 UNBLOCK 26 6
1615 ORDER 1306 57 27 14 68 0
1616 ORDER 1307 87 12 1 12 2
1617 ORDER 1308 9 8 3 26 0
1618 ORDER 1309 43 20 29 68 1
1618 BLOCK 10 35
1619 ORDER 1310 46 63 87 67 1
1619 BLOCK 29 35
1620 UNBLOCK 6 68
1620 ORDER 1311 93 65 50 68 1
1620 BLOCK 49 53
1621 UNBLOCK 55 3
1621 UNBLOCK 57 63
1621 ORDER 1312 25 24 70 67 0
1622 UNBLOCK 71 53
1622 ORDER 1313 38 39 1 39 1
1622 BLOCK 7 6
1623 ORDER 1314 87 15 17 68 1
1624 ORDER 1315 18 33 28 67 3
1625 ORDER 1316 73 65 3 49 3
1626 ORDER 1317 58 56 1 48 2
1626 BLOCK 45 46
1627 BLOCK 25 19
1628 UNBLOCK 49 60
1628 BLOCK 52 55
1629 ORDER 1318 19 50 30 68 1
1629 BLOCK 15 45
1630 CANCEL 1229
1630 UNBLOCK 49 53
1630 ORDER 1319 40 65 3 28 0
1631 UNBLOCK 54 13
1631 ORDER 1320 40 38 1 56 0
1631 BLOCK 83 6
1632 ORDER 1321 91 30 1 42 0
1633 UNBLOCK 21 1
1633 ORDER 1322 20 27 72 68 2
1634 UNBLOCK 25 13
1634 UNBLOCK 33 36
1634 BLOCK 85 2
1635 ORDER 1323 40 27 34 67 0
1635 BLOCK 61 43
1636 ORDER 1324 48 53 1 13 1
1636 BLOCK 19 14
1637 UNBLOCK 68 11
1637 UNBLOCK 7 6
1637 ORDER 1325 43 17 8 68 1
1638 ORDER 1326 61 33 1 64 0
1639 UNBLOCK 87 32
1639 ORDER 1327 19 42 1 24 0
1639 BLOCK 58 9
1640 UNBLOCK 13 8
1640 ORDER 1328 94 39 2 56 0
1640 BLOCK 32 57
1641 ORDER 1329 93 24 56 67 1
1641 BLOCK 76 59
1642 CANCEL 1203
1642 ORDER 1330 95 60 1 33 0
1643 ORDER 1331 82 44 39 67 0
1644 ORDER 1332 9 6 9 68 3
1644 BLOCK 32 42
1645 UNBLOCK 30 41
1646 BLOCK 40 60
1647 BLOCK 70 32
1648 CANCEL 1234
1648 ORDER 1333 64 50 12 68 1
1649 UNBLOCK 25 27
1649 ORDER 1334 85 20 47 68 0
1650 ORDER 1335 82 44 63 68 2
1651 ORDER 1336 68 17 2 18 2
1652 UNBLOCK 86 62
1652 UNBLOCK 10 35
1652 ORDER 1337 56 60 57 68 0
1653 CANCEL 1326
1653 ORDER 1338 38 14 50 67 0
1653 BLOCK 16 48
1654 UNBLOCK 45 46
1654 UNBLOCK 15 45
1654 ORDER 1339 78 45 3 11 0
1654 BLOCK 59 66
1655 ORDER 1340 67 32 1 41 0
1655 BLOCK 71 20
1656 ORDER 1341 44 35 88 68 0
1658 ORDER 1342 29 23 36 67 0
1659 ORDER 1343 22 15 10 68 2
1660 UNBLOCK 20 17
1660 UNBLOCK 40 60
1660 BLOCK 9 29
1661 UNBLOCK 85 2
1661 ORDER 1344 16 35 1 22 0
1662 UNBLOCK 83 6
1662 UNBLOCK 71 20
1663 ORDER 1345 82 38 16 68 0
1664 ORDER 1346 84 50 3 44 0
1664 BLOCK 87 42
1665 UNBLOCK 19 14
1665 UNBLOCK 76 59
1665 ORDER 1347 92 63 3 39 1
1665 BLOCK 85 46
1666 UNBLOCK 25 19
1666 BLOCK 38 59
1667 UNBLOCK 32 42
1668 ORDER 1348 68 36 11 67 2
1668 BLOCK 54 12
1669 ORDER 1349 6 6 81 67 0
1670 ORDER 1350 31 57 3 27 1
1670 BLOCK 79 12
1671 UNBLOCK 61 43
1671 UNBLOCK 9 29
1671 ORDER 1351 68 38 1 45 0
1671 BLOCK 70 33
1672 ORDER 1352 74 35 2 62 0
1673 BLOCK 32 54
1674 ORDER 1353 82 6 81 67 1
1675 BLOCK 46 68
1676 CANCEL 1274
1676 ORDER 1354 93 11 84 67 0
1676 BLOCK 31 27
1677 UNBLOCK 29 35
1677 UNBLOCK 70 33
1678 ORDER 1355 45 5 92 67 2
1678 BLOCK 23 60
1679 UNBLOCK 54 12
1680 UNBLOCK 59 66
1680 BLOCK 89 36
1681 ORDER 1356 8 11 1 5 0
1682 ORDER 1357 64 12 2 22 0
1683 UNBLOCK 58 9
1683 UNBLOCK 32 57
1683 UNBLOCK 31 27
1683 BLOCK 29 67
1684 ORDER 1358 71 20 38 67 0
1684 BLOCK 76 38
1685 ORDER 1359 75 9 35 68 2
1685 BLOCK 86 66
1686 ORDER 1360 76 9 1 31 3
1687 UNBLOCK 52 55
1687 ORDER 1361 68 12 2 4 2
1688 ORDER 1362 8 51 3 19 0
1689 ORDER 1363 21 60 64 67 0
1689 BLOCK 14 23
1690 BLOCK 82 4
1691 ORDER 1364 69 32 28 68 1
1691 BLOCK 23 29
1692 ORDER 1365 37 8 1 41 3
1692 BLOCK 57 68
1693 ORDER 1366 66 17 3 61 1
1693 BLOCK 66 12
1694 ORDER 1367 72 39 1 32 0
1694 BLOCK 89 6
1695 ORDER 1368 84 20 52 68 0
1695 BLOCK 79 48
1696 UNBLOCK 70 32
1696 UNBLOCK 86 66
1696 ORDER 1369 28 15 15 68 0
1696 BLOCK 59 52
1697 ORDER 1370 41 30 63 68 2
1698 UNBLOCK 76 38
1698 CANCEL 1368
1698 BLOCK 63 36
1699 UNBLOCK 16 48
1699 UNBLOCK 23 29
1699 ORDER 1371 69 12 38 67 2
1700 ORDER 1372 35 48 3 52 0
1700 BLOCK 17 65
1701 UNBLOCK 87 42
1701 BLOCK 65 53
1702 ORDER 1373 33 62 1 61 0
1702 BLOCK 50 32
1703 BLOCK 69 11
1704 ORDER 1374 51 20 79 68 3
1705 ORDER 1375 91 53 69 67 0
1706 BLOCK 71 18
1707 ORDER 1376 67 48 87 67 1
1708 UNBLOCK 38 59
1708 ORDER 1377 45 53 26 67 1
1709 UNBLOCK 46 68
1709 UNBLOCK 63 36
1709 ORDER 1378 21 41 37 67 1
1710 UNBLOCK 85 46
1710 ORDER 1379 47 59 3 52 1
1711 UNBLOCK 71 18
1711 ORDER 1380 69 11 3 60 1
1711 BLOCK 18 8
1713 ORDER 1381 12 30 32 67 2
1714 UNBLOCK 82 4
1714 ORDER 1382 20 44 2 42 1
1715 UNBLOCK 89 6
1715 ORDER 1383 32 57 1 11 0
1715 BLOCK 21 54
1716 ORDER 1384 77 15 71 67 0
1717 CANCEL 1238
1717 UNBLOCK 79 12
1717 ORDER 1385 24 9 1 63 0
1718 UNBLOCK 89 36
1718 ORDER 1386 81 5 2 19 1
1720 BLOCK 50 49
1721 ORDER 1387 87 8 82 68 0
1722 UNBLOCK 29 67
1722 ORDER 1388 93 39 1 55 0
1724 ORDER 1389 91 48 2 50 1
1725 ORDER 1390 29 50 2 59 0
1725 BLOCK 88 50
1726 ORDER 1391 52 50 20 68 3
1727 UNBLOCK 32 54
1727 UNBLOCK 69 11
1727 ORDER 1392 75 14 58 67 0
1727 BLOCK 32 45
1728 ORDER 1393 91 26 58 68 0
1728 BLOCK 43 44
1729 UNBLOCK 50 32
1729 BLOCK 53 61
1730 ORDER 1394 22 14 51 68 0
1731 ORDER 1395 6 5 2 53 3
1731 BLOCK 31 43
1732 ORDER 1396 11 23 92 68 1
1733 UNBLOCK 23 60
1733 ORDER 1397 33 53 1 11 0
1734 ORDER 1398 48 8 2 26 0
1734 BLOCK 53 64
1735 BLOCK 78 59
1736 ORDER 1399 38 11 2 8 0
1737 UNBLOCK 79 48
1737 ORDER 1400 79 20 1 45 0
1737 BLOCK 12 11
1738 UNBLOCK 17 65
1738 ORDER 1401 38 38 92 68 0
1740 ORDER 1402 7 18 72 68 1
1740 BLOCK 30 47
1741 UNBLOCK 65 53
1742 UNBLOCK 66 12
1742 ORDER 1403 28 56 2 8 3
1743 ORDER 1404 75 50 79 68 0
1744 ORDER 1405 46 29 3 5 0
1745 UNBLOCK 53 61
1745 BLOCK 56 56
1746 UNBLOCK 14 23
1746 ORDER 1406 35 26 86 67 0
1747 UNBLOCK 57 68
1747 UNBLOCK 21 54
1747 UNBLOCK 30 47
1747 ORDER 1407 23 23 16 67 0
1747 BLOCK 28 27
1748 ORDER 1408 12 48 3 12 0
1748 BLOCK 45 33
1749 ORDER 1409 85 17 66 67 1
1749 BLOCK 75 32
1750 BLOCK 15 61
1751 ORDER 1410 58 8 3 17 0
1751 BLOCK 13 49
1753 UNBLOCK 59 52
1753 ORDER 1411 44 15 2 35 0
1754 BLOCK 89 24
1755 ORDER 1412 10 11 2 47 1
1756 ORDER 1413 66 26 73 67 1
1757 UNBLOCK 31 43
1757 ORDER 1414 62 36 70 68 0
1758 UNBLOCK 50 49
1758 ORDER 1415 21 29 3 56 0
1758 BLOCK 93 60
1759 ORDER 1416 81 9 89 68 0
1760 BLOCK 41 26
1761 ORDER 1417 23 23 53 68 0
1762 ORDER 1418 94 9 91 68 2
1762 BLOCK 54 26
1763 ORDER 1419 72 51 83 67 0
1764 UNBLOCK 88 50
1764 ORDER 1420 70 3 58 67 0
1765 ORDER 1421 90 41 41 68 0
1765 BLOCK 38 53
1766 ORDER 1422 91 5 88 67 0
1767 ORDER 1423 23 15 19 68 0
1767 BLOCK 65 66
1768 UNBLOCK 18 8
1768 ORDER 1424 69 38 68 67 2
1768 BLOCK 43 18
1769 ORDER 1425 58 18 20 67 1
1770 ORDER 1426 24 18 1 49 0
1771 ORDER 1427 64 42 47 68 3
1772 ORDER 1428 10 27 2 61 0
1773 UNBLOCK 45 33
1773 UNBLOCK 65 66
1773 ORDER 1429 91 56 3 49 0
1774 UNBLOCK 12 11
1774 UNBLOCK 93 60
1774 ORDER 1430 75 54 1 46 0
1775 UNBLOCK 43 44
1775 UNBLOCK 13 49
1775 ORDER 1431 81 39 3 58 1
1776 UNBLOCK 89 24
1776 ORDER 1432 19 27 34 67 2
1776 BLOCK 70 53
1777 ORDER 1433 37 21 2 19 0
1778 ORDER 1434 82 35 3 23 0
1778 BLOCK 57 15
1779 BLOCK 75 50
1780 UNBLOCK 53 64
1780 UNBLOCK 75 32
1780 BLOCK 83 68
1781 ORDER 1435 7 14 3 12 1
1781 BLOCK 42 63
1783 ORDER 1436 52 47 6 67 3
1783 BLOCK 28 36
1784 UNBLOCK 32 45
1784 UNBLOCK 70 53
1784 ORDER 1437 84 3 1 7 2
1785 ORDER 1438 56 15 28 67 2
1785 BLOCK 93 60
1786 ORDER 1439 6 45 1 40 0
1787 CANCEL 1392
1787 ORDER 1440 32 12 1 31 0
1788 ORDER 1441 20 62 2 51 1
1789 UNBLOCK 78 59
1789 UNBLOCK 15 61
1789 ORDER 1442 40 39 1 5 0
1790 UNBLOCK 93 60
1790 ORDER 1443 6 18 78 67 0
1790 BLOCK 5 57
1791 ORDER 1444 60 39 52 67 0
1791 BLOCK 48 29
1792 ORDER 1445 73 6 39 68 0
1792 BLOCK 19 65
1793 UNBLOCK 54 26
1793 ORDER 1446 29 24 70 67 1
1794 ORDER 1447 34 53 3 31 0
1794 BLOCK 34 23
1795 ORDER 1448 27 23 20 68 0
1795 BLOCK 48 11
1796 UNBLOCK 5 57
1796 ORDER 1449 73 6 1 49 1
1797 ORDER 1450 57 48 88 67 1
1797 BLOCK 12 29
1798 UNBLOCK 56 56
1798 ORDER 1451 21 44 74 68 1
1799 UNBLOCK 83 68
1799 ORDER 1452 34 42 2 26 0
1800 UNBLOCK 28 36
1800 BLOCK 92 26
1801 UNBLOCK 75 50
1801 ORDER 1453 23 24 2 48 0
1802 ORDER 1454 20 30 3 20 2
1802 BLOCK 31 51
1803 ORDER 1455 32 32 71 67 0
1805 UNBLOCK 28 27
1805 ORDER 1456 38 15 98 67 0
1806 ORDER 1457 10 3 87 68 1
1807 BLOCK 20 17
1808 UNBLOCK 43 18
1808 ORDER 1458 53 35 2 48 0
1809 BLOCK 77 51
1810 UNBLOCK 38 53
1810 UNBLOCK 92 26
1810 ORDER 1459 49 65 93 68 1
1810 BLOCK 6 26
1811 UNBLOCK 41 26
1811 ORDER 1460 90 18 21 68 2
1812 ORDER 1461 35 24 93 67 0
1813 ORDER 1462 72 45 84 68 1
1814 ORDER 1463 33 24 3 58 0
1814 BLOCK 21 53
1815 UNBLOCK 12 29
1815 ORDER 1464 23 29 1 65 2
1816 ORDER 1465 7 48 2 53 0
1817 ORDER 1466 44 17 3 20 0
1818 ORDER 1467 30 20 1 45 0
1819 UNBLOCK 48 29
1819 ORDER 1468 17 32 35 67 1
1820 UNBLOCK 6 26
1820 BLOCK 42 40
1821 UNBLOCK 19 65
1821 ORDER 1469 65 30 2 32 3
1822 ORDER 1470 74 5 1 43 0
1822 BLOCK 90 62
1824 UNBLOCK 77 51
1824 ORDER 1471 44 42 42 67 0
1824 BLOCK 59 59
1825 UNBLOCK 57 15
1825 ORDER 1472 10 32 3 3 3
1826 ORDER 1473 58 32 3 34 1
1828 ORDER 1474 58 14 4 68 1
1828 BLOCK 79 66
1829 ORDER 1475 59 24 12 67 3
1829 BLOCK 62 5
1832 ORDER 1476 79 60 3 44 0
1833 BLOCK 80 44
1834 ORDER 1477 32 45 2 34 0
1834 BLOCK 41 68
1835 ORDER 1478 33 51 1 36 0
1836 ORDER 1479 63 11 2 26 3
1836 BLOCK 46 42
1838 UNBLOCK 42 40
1838 ORDER 1480 51 14 33 67 0
1838 BLOCK 50 3
1839 ORDER 1481 10 35 74 67 0
1840 UNBLOCK 42 63
1840 UNBLOCK 62 5
1840 ORDER 1482 25 23 59 67 0
1841 ORDER 1483 73 65 3 7 0
1841 BLOCK 15 14
1842 ORDER 1484 82 47 2 8 0
1842 BLOCK 65 9
1843 BLOCK 52 15
1844 ORDER 1485 54 48 16 68 0
1845 ORDER 1486 37 51 13 67 1
1846 ORDER 1487 17 53 3 50 0
1846 BLOCK 58 27
1847 UNBLOCK 48 11
1847 UNBLOCK 15 14
1847 ORDER 1488 85 44 29 68 0
1848 ORDER 1489 35 12 91 68 0
1850 UNBLOCK 34 23
1850 ORDER 1490 15 53 22 67 1
1850 BLOCK 76 21
1851 ORDER 1491 7 18 19 68 0
1851 BLOCK 68 47
1852 UNBLOCK 20 17
1852 ORDER 1492 29 12 2 18 1
1852 BLOCK 44 15
1853 UNBLOCK 31 51
1853 ORDER 1493 31 47 37 67 2
1853 BLOCK 40 60
1854 ORDER 1494 25 50 3 29 2
1855 ORDER 1495 47 44 63 68 0
1856 BLOCK 81 28
1857 ORDER 1496 83 63 3 54 1
1858 BLOCK 19 57
1859 CANCEL 1391
1859 CANCEL 1463
1859 UNBLOCK 21 53
1859 ORDER 1497 54 54 63 68 0
1860 ORDER 1498 47 54 3 45 1
1860 BLOCK 68 1
1861 ORDER 1499 93 50 79 67 1
1861 BLOCK 91 68
1862 ORDER 1500 47 44 43 68 0
1863 ORDER 1501 61 51 1 31 1
1863 BLOCK 15 17
1864 ORDER 1502 60 33 1 68 0
1864 BLOCK 22 11
1865 UNBLOCK 50 3
1865 UNBLOCK 40 60
1865 ORDER 1503 56 48 85 68 0
1865 BLOCK 18 23
1866 ORDER 1504 22 60 1 50 1
1867 ORDER 1505 16 65 3 7 0
1868 ORDER 1506 83 35 3 37 0
1869 ORDER 1507 28 3 80 67 0
1869 BLOCK 92 15
1870 UNBLOCK 80 44
1870 ORDER 1508 54 65 3 39 0
1870 BLOCK 14 49
1871 ORDER 1509 23 62 97 67 0
1871 BLOCK 14 49
1872 UNBLOCK 59 59
1872 ORDER 1510 12 12 2 50 0
1872 BLOCK 63 36
1873 UNBLOCK 90 62
1873 ORDER 1511 56 42 5 67 0
1873 BLOCK 38 12
1874 UNBLOCK 58 27
1874 ORDER 1512 47 14 2 13 3
1875 UNBLOCK 19 57
1875 UNBLOCK 91 68
1875 ORDER 1513 34 24 3 4 0
1875 BLOCK 60 10
1876 ORDER 1514 36 51 65 68 1
1876 BLOCK 94 43
1877 UNBLOCK 79 66
1877 ORDER 1515 61 51 2 62 0
1877 BLOCK 69 5
1878 ORDER 1516 11 29 77 67 1
1879 UNBLOCK 41 68
1879 ORDER 1517 71 48 68 67 0
1879 BLOCK 95 41
1880 UNBLOCK 52 15
1880 ORDER 1518 16 54 97 68 0
1881 ORDER 1519 80 65 2 23 1
1882 ORDER 1520 35 56 31 67 1
1883 ORDER 1521 26 23 2 65 0
1884 ORDER 1522 68 50 23 68 1
1884 BLOCK 72 29
1885 UNBLOCK 44 15
1885 ORDER 1523 36 41 96 67 0
1885 BLOCK 61 44
1886 ORDER 1524 10 23 69 67 3
1887 BLOCK 48 50
1889 ORDER 1525 22 59 80 67 1
1890 UNBLOCK 46 42
1890 ORDER 1526 58 54 67 68 1
1891 UNBLOCK 65 9
1891 UNBLOCK 76 21
1891 ORDER 1527 63 11 3 35 0
1892 ORDER 1528 20 15 3 6 1
1892 BLOCK 9 15
1893 ORDER 1529 57 41 1 6 1
1894 CANCEL 1380
1894 UNBLOCK 63 36
1894 UNBLOCK 69 5
1894 ORDER 1530 31 3 43 67 1
1894 BLOCK 34 59
1895 UNBLOCK 15 17
1895 ORDER 1531 55 32 63 67 0
1895 BLOCK 42 53
1896 ORDER 1532 27 45 2 8 1
1896 BLOCK 78 42
1897 UNBLOCK 68 47
1897 UNBLOCK 68 1
1897 UNBLOCK 92 15
1897 UNBLOCK 38 12
1897 ORDER 1533 84 9 73 67 0
1897 BLOCK 53 44
1898 ORDER 1534 73 30 72 68 1
1898 BLOCK 83 44
1899 ORDER 1535 46 35 2 8 1
1899 BLOCK 52 57
1900 ORDER 1536 92 21 1 4 0
1901 BLOCK 5 26
1902 ORDER 1537 75 8 1 30 2
1903 UNBLOCK 95 41
1904 ORDER 1538 73 51 44 67 0
1905 ORDER 1539 19 57 18 67 0
1905 BLOCK 62 50
1906 UNBLOCK 48 50
1906 ORDER 1540 77 63 27 67 1
1906 BLOCK 61 62
1907 ORDER 1541 28 5 2 29 2
1908 BLOCK 63 55
1909 UNBLOCK 18 23
1909 UNBLOCK 52 57
1909 ORDER 1542 36 11 96 68 0
1909 BLOCK 53 56
1910 UNBLOCK 60 10
1910 ORDER 1543 57 48 10 68 0
1910 BLOCK 69 2
1911 UNBLOCK 14 49
1911 ORDER 1544 53 47 81 67 0
1911 BLOCK 80 59
1912 UNBLOCK 94 43
1912 UNBLOCK 72 29
1912 ORDER 1545 11 62 80 67 0
1913 UNBLOCK 62 50
1913 ORDER 1546 85 35 2 54 0
1913 BLOCK 14 4
1914 UNBLOCK 81 28
1914 UNBLOCK 34 59
1914 ORDER 1547 74 15 2 57 0
1914 BLOCK 59 32
1915 ORDER 1548 11 17 92 68 0
1916 ORDER 1549 51 65 1 44 0
1917 UNBLOCK 42 53
1917 ORDER 1550 90 3 1 23 2
1917 BLOCK 16 39
1918 ORDER 1551 30 50 3 36 2
1918 BLOCK 86 1
1919 UNBLOCK 22 11
1919 ORDER 1552 21 59 3 19 0
1920 ORDER 1553 52 53 3 31 0
1920 BLOCK 65 56
1921 UNBLOCK 14 49
1921 ORDER 1554 10 50 1 16 0
1922 UNBLOCK 78 42
1922 UNBLOCK 80 59
1922 ORDER 1555 27 39 75 68 1
1922 BLOCK 45 68
1923 ORDER 1556 37 48 1 19 2
1923 BLOCK 54 41
1924 ORDER 1557 64 63 84 68 1
1925 ORDER 1558 22 29 65 68 3
1926 UNBLOCK 61 44
1926 UNBLOCK 69 2
1927 ORDER 1559 24 47 3 25 1
1928 ORDER 1560 77 56 1 5 1
1928 BLOCK 26 67
1929 BLOCK 22 31
1930 UNBLOCK 54 41
1930 ORDER 1561 81 14 54 68 0
1931 ORDER 1562 57 51 29 67 2
1932 UNBLOCK 63 55
1932 ORDER 1563 79 18 1 42 0
1932 BLOCK 33 56
1934 CANCEL 1439
1935 UNBLOCK 53 44
1935 BLOCK 95 27
1936 ORDER 1564 26 35 31 67 3
1937 UNBLOCK 53 56
1938 UNBLOCK 26 67
1938 ORDER 1565 12 10 1 32 0
1938 BLOCK 43 8
1939 ORDER 1566 67 47 43 68 2
1939 BLOCK 36 50
1940 ORDER 1567 41 35 1 65 0
1940 BLOCK 22 53
1941 ORDER 1568 66 41 1 6 0
1941 BLOCK 45 32
1942 UNBLOCK 14 4
1942 UNBLOCK 33 56
1942 BLOCK 38 21
1943 ORDER 1569 28 12 43 68 1
1943 BLOCK 38 39
1944 UNBLOCK 86 1
1944 ORDER 1570 9 15 35 67 0
1944 CANCEL 101570
1945 BLOCK 41 15
1946 UNBLOCK 9 15
1946 ORDER 1571 92 38 1 15 0
1946 BLOCK 80 8
1947 ORDER 1572 91 26 2 18 3
1949 UNBLOCK 43 8
1949 ORDER 1573 78 62 3 52 0
1950 UNBLOCK 5 26
1950 ORDER 1574 8 11 73 68 0
1950 BLOCK 51 60
1951 ORDER 1575 28 8 59 67 0
1951 BLOCK 55 32
1952 ORDER 1576 17 11 2 3 1
1953 UNBLOCK 22 31
1953 ORDER 1577 92 45 2 35 0
1953 BLOCK 8 41
1954 ORDER 1578 11 48 92 67 1
1954 BLOCK 65 18
1955 ORDER 1579 70 24 1 51 0
1956 ORDER 1580 32 3 71 67 1
1957 UNBLOCK 83 44
1957 ORDER 1581 17 20 2 29 1
1957 BLOCK 15 14
1958 ORDER 1582 83 54 3 39 1
1959 UNBLOCK 61 62
1959 UNBLOCK 16 39
1959 UNBLOCK 51 60
1959 ORDER 1583 89 42 2 67 0
1960 ORDER 1584 86 63 71 67 1
1960 BLOCK 45 32
1961 ORDER 1585 38 57 14 68 0
1962 CANCEL 1464
1962 UNBLOCK 45 68
1962 ORDER 1586 34 26 1 60 1
1963 UNBLOCK 59 32
1963 ORDER 1587 73 35 13 67 0
1964 ORDER 1588 11 63 30 67 0
1964 BLOCK 6 67
1965 ORDER 1589 75 62 49 67 1
1966 ORDER 1590 90 65 75 67 0
1966 BLOCK 7 20
1967 ORDER 1591 11 36 1 60 0
1968 ORDER 1592 63 6 2 23 1
1969 ORDER 1593 67 23 32 68 0
1970 CANCEL 1466
1970 ORDER 1594 66 50 1 61 1
1971 UNBLOCK 38 39
1971 ORDER 1595 18 6 86 68 0
1971 BLOCK 21 17
1972 UNBLOCK 65 18
1972 ORDER 1596 89 11 83 67 0
1972 BLOCK 78 57
1973 UNBLOCK 45 32
1974 UNBLOCK 65 56
1974 ORDER 1597 27 26 55 67 0
1975 ORDER 1598 65 62 40 68 0
1976 ORDER 1599 34 39 34 68 0
1976 BLOCK 39 51
1977 UNBLOCK 22 53
1977 ORDER 1600 85 21 3 10 1
1978 ORDER 1601 8 6 3 38 2
1980 ORDER 1602 73 41 74 67 1
1981 UNBLOCK 45 32
1981 ORDER 1603 61 24 2 26 0
1982 UNBLOCK 38 21
1982 BLOCK 14 26
1983 UNBLOCK 36 50
1983 ORDER 1604 45 5 24 67 0
1984 ORDER 1605 63 11 2 21 0
1985 BLOCK 24 67
1986 UNBLOCK 21 17
1986 ORDER 1606 43 32 2 58 0
1987 UNBLOCK 95 27
1987 UNBLOCK 39 51
1988 ORDER 1607 48 45 61 68 3
1988 BLOCK 58 9
1989 UNBLOCK 41 15
1989 ORDER 1608 62 53 43 67 2
1990 BLOCK 31 23
1991 ORDER 1609 42 30 26 67 0
1992 BLOCK 48 2
1993 ORDER 1610 61 38 2 27 0
1994 UNBLOCK 6 67
1994 ORDER 1611 8 21 88 68 1
1995 UNBLOCK 78 57
1995 ORDER 1612 69 54 2 39 0
1996 UNBLOCK 55 32
1996 BLOCK 79 41
1997 UNBLOCK 48 2
1997 ORDER 1613 49 9 3 57 1
1998 ORDER 1614 73 8 57 68 2
1998 BLOCK 58 67
1999 ORDER 1615 54 33 9 68 1
2000 ORDER 1616 61 60 69 68 1
2001 UNBLOCK 80 8
2001 BLOCK 61 29
2002 ORDER 1617 56 6 5 67 2
2003 UNBLOCK 7 20
2003 UNBLOCK 14 26
2003 BLOCK 21 36
2004 ORDER 1618 82 21 28 67 0
2004 BLOCK 79 45
2005 ORDER 1619 58 5 1 63 0
2006 ORDER 1620 77 48 3 47 0
2006 BLOCK 35 5
2007 ORDER 1621 37 54 54 67 0
2007 BLOCK 53 64
2008 UNBLOCK 8 41
2008 ORDER 1622 89 44 92 68 1
2008 BLOCK 18 26
2009 UNBLOCK 15 14
2009 ORDER 1623 84 65 76 68 0
2009 BLOCK 47 41
2010 UNBLOCK 31 23
2010 ORDER 1624 10 42 86 68 0
2010 BLOCK 57 14
2011 ORDER 1625 56 33 3 68 2
2011 BLOCK 26 15
2012 ORDER 1626 80 38 45 67 0
2012 BLOCK 87 3
2013 ORDER 1627 57 32 2 27 0
2014 ORDER 1628 14 62 79 67 1
2015 ORDER 1629 18 26 94 68 3
2015 BLOCK 21 56
2016 ORDER 1630 27 51 1 2 0
2016 BLOCK 55 57
2017 ORDER 1631 22 47 41 68 0
2017 BLOCK 73 9
2018 UNBLOCK 61 29
2020 ORDER 1632 49 27 80 68 0
2022 ORDER 1633 17 14 1 35 0
2022 BLOCK 71 47
2023 ORDER 1634 90 54 38 68 0
2023 BLOCK 42 41
2024 UNBLOCK 18 26
2024 ORDER 1635 92 39 3 28 0
2025 UNBLOCK 58 9
2026 UNBLOCK 21 36
2026 ORDER 1636 78 6 63 67 2
2026 BLOCK 54 27
2027 ORDER 1637 60 63 3 11 1
2028 UNBLOCK 57 14
2028 ORDER 1638 20 56 1 64 0
2029 UNBLOCK 24 67
2029 UNBLOCK 58 67
2029 UNBLOCK 87 3
2029 ORDER 1639 84 35 1 53 0
2030 UNBLOCK 26 15
2030 ORDER 1640 93 48 28 68 0
2030 BLOCK 95 65
2031 UNBLOCK 21 56
2031 ORDER 1641 49 8 29 68 2
2032 ORDER 1642 90 53 74 68 0
2032 BLOCK 10 65
2033 ORDER 1643 65 8 1 10 1
2034 ORDER 1644 67 27 59 68 0
2035 ORDER 1645 29 50 72 67 2
2036 ORDER 1646 43 51 2 33 1
2038 ORDER 1647 84 50 1 11 0
2038 BLOCK 37 23
2039 UNBLOCK 95 65
2039 ORDER 1648 66 48 19 68 0
2040 ORDER 1649 35 30 1 11 1
2040 BLOCK 5 8
2041 ORDER 1650 84 65 63 67 0
2042 UNBLOCK 79 41
2042 ORDER 1651 30 12 69 67 0
2042 BLOCK 30 67
2043 ORDER 1652 78 30 2 8 0
2043 BLOCK 18 5
2045 ORDER 1653 29 3 4 68 2
2046 UNBLOCK 35 5
2046 ORDER 1654 81 65 58 67 0
2047 UNBLOCK 47 41
2047 ORDER 1655 11 41 40 67 2
2047 BLOCK 24 45
2048 UNBLOCK 79 45
2048 ORDER 1656 66 48 1 60 1
2049 ORDER 1657 43 14 44 67 0
2049 BLOCK 10 63
2050 ORDER 1658 26 36 21 68 2
2050 BLOCK 54 50
2051 ORDER 1659 94 35 33 68 1
2052 ORDER 1660 9 57 3 55 1
2053 UNBLOCK 53 64
2053 UNBLOCK 54 27
2053 ORDER 1661 26 30 10 68 0
2054 ORDER 1662 15 9 58 67 2
2054 BLOCK 39 24
2055 ORDER 1663 74 32 32 67 0
2056 ORDER 1664 25 3 86 68 0
2057 BLOCK 38 15
2058 ORDER 1665 63 57 89 68 0
2058 BLOCK 87 34
2059 ORDER 1666 76 39 72 68 0
2059 BLOCK 73 6
2060 ORDER 1667 21 18 9 67 3
2061 ORDER 1668 58 56 95 67 0
2062 UNBLOCK 54 50
2062 ORDER 1669 65 59 1 50 0
2062 BLOCK 10 11
2063 ORDER 1670 16 18 2 57 0
2063 BLOCK 34 55
2064 UNBLOCK 30 67
2064 ORDER 1671 38 36 1 34 0
2064 BLOCK 51 36
2066 ORDER 1672 24 18 2 65 1
2067 UNBLOCK 55 57
2067 UNBLOCK 5 8
2067 ORDER 1673 40 20 28 67 1
2067 BLOCK 92 56
2068 UNBLOCK 24 45
2068 ORDER 1674 24 21 1 35 0
2068 BLOCK 73 30
2069 BLOCK 11 62
2070 ORDER 1675 46 60 3 17 0
2072 ORDER 1676 54 15 3 17 1
2072 BLOCK 87 48
2073 BLOCK 84 56
2074 ORDER 1677 45 20 2 65 0
2075 UNBLOCK 73 9
2075 UNBLOCK 71 47
2075 ORDER 1678 36 11 84 68 0
2075 BLOCK 80 15
2076 ORDER 1679 26 27 2 28 0
2077 ORDER 1680 49 63 2 31 0
2077 BLOCK 58 14
2078 ORDER 1681 60 59 1 45 2
2078 BLOCK 61 50
2079 UNBLOCK 87 48
2079 ORDER 1682 34 41 48 68 0
2079 BLOCK 88 28
2080 UNBLOCK 42 41
2080 ORDER 1683 50 21 1 27 0
2082 UNBLOCK 10 11
2082 ORDER 1684 86 36 3 40 0
2082 BLOCK 52 20
2083 ORDER 1685 40 9 93 67 0
2084 UNBLOCK 10 65
2084 BLOCK 79 10
2085 ORDER 1686 68 29 87 67 3
2086 ORDER 1687 35 30 72 67 1
2086 BLOCK 48 2
2087 ORDER 1688 28 29 69 67 1
2088 ORDER 1689 57 23 2 58 0
2088 BLOCK 49 25
2089 ORDER 1690 84 6 52 68 0
2090 ORDER 1691 12 39 96 67 2
2090 BLOCK 65 2
2091 UNBLOCK 18 5
2091 UNBLOCK 58 14
2091 ORDER 1692 17 32 64 67 1
2092 ORDER 1693 56 53 61 67 1
2093 ORDER 1694 27 26 37 67 0
2094 ORDER 1695 94 15 2 60 0
2095 UNBLOCK 37 23
2095 CANCEL 1653
2095 UNBLOCK 49 25
2095 ORDER 1696 89 3 26 68 0
2095 BLOCK 21 45
2096 UNBLOCK 80 15
2096 ORDER 1697 82 35 2 59 0
2096 BLOCK 18 26
2098 ORDER 1698 21 38 95 67 0
2099 UNBLOCK 10 63
2099 UNBLOCK 34 55
2099 UNBLOCK 52 20
2100 ORDER 1699 16 42 3 4 1
2101 CANCEL 1656
2101 UNBLOCK 21 45
2101 UNBLOCK 18 26
2101 ORDER 1700 74 59 96 67 0
2101 BLOCK 41 33
2102 ORDER 1701 55 54 1 40 2
2103 CANCEL 1668
2103 ORDER 1702 73 53 2 19 0
2104 ORDER 1703 67 45 36 68 0
2105 ORDER 1704 39 38 53 67 1
2105 BLOCK 59 8
2106 ORDER 1705 7 63 3 30 0
2106 BLOCK 79 22
2107 UNBLOCK 38 15
2107 ORDER 1706 70 14 32 67 0
2108 UNBLOCK 39 24
2108 UNBLOCK 11 62
2108 ORDER 1707 36 14 57 67 0
2108 BLOCK 78 32
2109 ORDER 1708 7 63 1 66 0
2110 UNBLOCK 84 56
2110 ORDER 1709 56 27 39 67 1
2111 UNBLOCK 87 34
2111 ORDER 1710 81 12 1 45 0
2112 ORDER 1711 19 5 55 67 0
2112 BLOCK 69 7
2113 UNBLOCK 73 6
2113 ORDER 1712 35 24 2 11 0
2113 BLOCK 57 11
2114 UNBLOCK 92 56
2114 ORDER 1713 17 63 2 24 2
2115 UNBLOCK 51 36
2115 BLOCK 24 33
2116 ORDER 1714 64 42 42 68 0
2117 CANCEL 1613
2117 UNBLOCK 73 30
2117 BLOCK 95 48
2118 ORDER 1715 51 63 53 68 2
2118 BLOCK 72 10
2119 UNBLOCK 88 28
2119 ORDER 1716 42 47 9 67 0
2121 UNBLOCK 61 50
2121 ORDER 1717 11 17 91 68 0
2122 ORDER 1718 39 48 25 67 1
2122 BLOCK 68 15
2123 ORDER 1719 9 54 3 52 0
2123 BLOCK 66 50
2125 BLOCK 74 36
2126 ORDER 1720 9 5 48 67 2
2126 BLOCK 49 22
2127 ORDER 1721 68 65 2 6 1
2127 BLOCK 48 57
2129 ORDER 1722 53 17 94 67 2
2130 UNBLOCK 59 8
2130 ORDER 1723 85 42 2 40 0
2131 UNBLOCK 48 2
2131 UNBLOCK 72 10
2131 ORDER 1724 79 36 3 47 0
2131 BLOCK 8 65
2132 BLOCK 63 37
2133 UNBLOCK 65 2
2133 ORDER 1725 13 14 24 68 0
2133 BLOCK 83 44
2134 UNBLOCK 79 10
2134 UNBLOCK 69 7
2134 ORDER 1726 59 9 1 12 0
2134 BLOCK 30 36
2135 ORDER 1727 7 62 1 55 2
2135 BLOCK 41 16
2136 BLOCK 28 24
2137 ORDER 1728 93 15 10 68 3
2137 BLOCK 69 68
2138 ORDER 1729 84 50 57 67 0
2138 BLOCK 52 45
2139 ORDER 1730 95 57 5 67 0
2140 UNBLOCK 41 33
2140 ORDER 1731 66 63 1 37 0
2140 BLOCK 29 63
2141 UNBLOCK 68 15
2141 ORDER 1732 17 53 6 68 0
2141 BLOCK 24 66
2142 UNBLOCK 63 37
2142 ORDER 1733 58 20 53 67 0
2142 BLOCK 42 56
2143 UNBLOCK 78 32
2143 UNBLOCK 49 22
2143 BLOCK 57 48
2144 ORDER 1734 35 30 48 68 1
2145 BLOCK 42 30
2146 CANCEL 1657
2146 ORDER 1735 49 29 3 66 0
2147 ORDER 1736 28 21 2 16 0
2147 BLOCK 77 5
2148 ORDER 1737 21 17 12 67 0
2148 BLOCK 15 35
2149 UNBLOCK 74 36
2149 ORDER 1738 27 35 1 54 1
2149 BLOCK 19 14
2150 ORDER 1739 10 6 1 50 1
2151 ORDER 1740 11 44 73 68 1
2151 BLOCK 45 29
2152 UNBLOCK 83 44
2152 ORDER 1741 29 26 15 67 1
2153 UNBLOCK 57 11
2153 ORDER 1742 85 53 3 30 2
2153 BLOCK 55 27
2154 BLOCK 62 30
2155 ORDER 1743 65 54 17 67 1
2155 BLOCK 37 42
2156 ORDER 1744 28 5 66 68 2
2156 BLOCK 10 60
2157 BLOCK 50 23
2158 ORDER 1745 82 47 2 17 0
2159 ORDER 1746 41 65 2 31 1
2159 BLOCK 55 48
2160 UNBLOCK 15 35
2161 UNBLOCK 55 27
2161 ORDER 1747 88 35 2 48 0
2162 ORDER 1748 71 48 62 68 2
2163 UNBLOCK 66 50
2163 ORDER 1749 17 21 3 65 0
2164 UNBLOCK 79 22
2164 ORDER 1750 48 62 19 67 1
2164 BLOCK 29 20
2165 CANCEL 1635
2165 ORDER 1751 48 30 58 68 0
2166 UNBLOCK 41 16
2166 ORDER 1752 78 23 28 68 0
2166 BLOCK 30 17
2167 ORDER 1753 88 36 13 68 0
2167 BLOCK 74 5
2168 UNBLOCK 42 56
2168 ORDER 1754 62 20 67 68 0
2168 BLOCK 58 63
2169 UNBLOCK 29 20
2169 ORDER 1755 40 18 80 67 2
2170 UNBLOCK 57 48
2171 UNBLOCK 24 33
2171 UNBLOCK 95 48
2171 UNBLOCK 50 23
2171 ORDER 1756 17 38 17 67 0
2172 ORDER 1757 85 15 78 68 0
2173 UNBLOCK 29 63
2173 ORDER 1758 34 18 2 21 2
2174 ORDER 1759 17 57 2 8 1
2175 UNBLOCK 58 63
2175 ORDER 1760 48 65 93 68 0
2175 BLOCK 56 33
2176 UNBLOCK 24 66
2176 ORDER 1761 42 38 1 56 2
2176 BLOCK 73 14
2177 UNBLOCK 45 29
2178 UNBLOCK 52 45
2178 UNBLOCK 10 60
2178 ORDER 1762 41 57 1 3 1
2178 BLOCK 23 62
2179 ORDER 1763 13 57 1 40 0
2179 BLOCK 70 67
2180 UNBLOCK 48 57
2180 UNBLOCK 8 65
2180 BLOCK 90 2
2181 UNBLOCK 28 24
2181 ORDER 1764 67 6 82 68 0
2182 BLOCK 57 65
2183 ORDER 1765 34 47 1 21 1
2184 CANCEL 1736
2184 UNBLOCK 62 30
2184 ORDER 1766 44 5 2 36 0
2185 UNBLOCK 37 42
2185 ORDER 1767 69 11 2 49 1
2185 BLOCK 66 54
2187 BLOCK 65 8
2188 ORDER 1768 39 42 3 18 0
2188 BLOCK 42 44
2189 ORDER 1769 73 9 73 67 0
2190 UNBLOCK 57 65
2190 ORDER 1770 54 39 3 26 3
2190 BLOCK 47 65
2191 ORDER 1771 57 6 25 68 2
2192 UNBLOCK 19 14
2192 BLOCK 64 44
2194 UNBLOCK 30 36
2195 UNBLOCK 56 33
2195 ORDER 1772 76 54 81 67 0
2195 BLOCK 41 66
2196 UNBLOCK 69 68
2196 UNBLOCK 77 5
2196 ORDER 1773 37 23 3 7 0
2196 BLOCK 38 23
2197 ORDER 1774 27 32 2 51 0
2198 UNBLOCK 73 14
2199 ORDER 1775 9 9 1 60 2
2199 BLOCK 10 59
2200 ORDER 1776 45 8 20 67 1
2200 BLOCK 60 32
2201 ORDER 1777 19 60 2 15 0
2202 UNBLOCK 65 8
2202 ORDER 1778 30 59 75 67 3
2202 BLOCK 19 9
2203 UNBLOCK 90 2
2203 UNBLOCK 42 44
2203 UNBLOCK 47 65
2203 ORDER 1779 8 33 17 68 0
2204 ORDER 1780 67 29 2 59 1
2205 UNBLOCK 42 30
2205 ORDER 1781 31 47 5 67 0
2205 BLOCK 50 15
2206 ORDER 1782 6 60 26 68 0
2207 UNBLOCK 38 23
2207 ORDER 1783 74 51 3 62 0
2208 ORDER 1784 41 65 50 68 0
2209 UNBLOCK 55 48
2210 ORDER 1785 84 26 3 7 1
2210 BLOCK 50 68
2211 ORDER 1786 77 47 58 68 1
2212 ORDER 1787 44 45 61 68 2
2213 ORDER 1788 70 30 71 68 1
2214 UNBLOCK 23 62
2214 ORDER 1789 17 5 15 67 0
2215 UNBLOCK 41 66
2215 BLOCK 38 29
2216 ORDER 1790 48 44 5 67 0
2217 ORDER 1791 31 50 1 4 0
2217 BLOCK 75 23
2218 ORDER 1792 92 23 1 34 0
2219 ORDER 1793 44 65 1 39 1
2220 ORDER 1794 62 15 4 67 0
2221 UNBLOCK 64 44
2221 ORDER 1795 55 17 2 31 0
2222 UNBLOCK 30 17
2222 ORDER 1796 68 9 2 36 0
2222 BLOCK 17 39
2223 UNBLOCK 74 5
2223 UNBLOCK 70 67
2224 UNBLOCK 10 59
2224 ORDER 1797 22 12 60 68 1
2225 ORDER 1798 74 12 1 46 0
2226 UNBLOCK 66 54
2227 ORDER 1799 74 45 66 68 2
2227 BLOCK 38 53
2229 ORDER 1800 41 65 3 57 1
2229 BLOCK 81 12
2230 UNBLOCK 60 32
2230 BLOCK 55 2
2231 ORDER 1801 90 3 3 6 1
2232 ORDER 1802 39 35 3 22 0
2232 BLOCK 76 62
2233 UNBLOCK 50 68
2233 ORDER 1803 70 3 33 68 0
2234 BLOCK 54 27
2235 ORDER 1804 43 17 78 67 0
2236 ORDER 1805 85 14 1 23 1
2237 ORDER 1806 93 11 17 67 1
2238 UNBLOCK 19 9
2238 ORDER 1807 41 35 19 68 3
2238 BLOCK 43 1
2239 ORDER 1808 19 14 1 31 2
2239 BLOCK 88 9
2240 UNBLOCK 55 2
2240 UNBLOCK 76 62
2240 ORDER 1809 75 65 3 55 0
2241 ORDER 1810 6 18 15 67 0
2242 ORDER 1811 72 26 1 11 0
2244 ORDER 1812 43 6 3 37 0
2245 ORDER 1813 36 35 19 67 0
2246 ORDER 1814 86 63 1 9 0
2246 BLOCK 49 36
2247 UNBLOCK 75 23
2248 ORDER 1815 31 6 72 68 1
2248 BLOCK 67 11
2249 CANCEL 1692
2249 UNBLOCK 38 29
2249 ORDER 1816 46 42 1 40 0
2251 ORDER 1817 65 11 1 17 0
2251 BLOCK 23 31
2252 ORDER 1818 75 44 2 1 0
2252 BLOCK 54 50
2253 ORDER 1819 41 54 87 67 0
2253 BLOCK 72 53
2254 ORDER 1820 95 56 1 57 1
2255 ORDER 1821 69 45 1 47 3
2255 BLOCK 65 23
2256 ORDER 1822 18 62 2 62 0
2257 ORDER 1823 78 50 3 25 0
2257 BLOCK 17 1
2258 UNBLOCK 43 1
2258 ORDER 1824 16 21 87 67 0
2258 BLOCK 55 68
2259 ORDER 1825 24 24 3 25 0
2260 ORDER 1826 25 39 28 68 2
2260 BLOCK 6 9
2261 UNBLOCK 50 15
2261 ORDER 1827 35 8 78 68 0
2262 UNBLOCK 38 53
2262 UNBLOCK 54 50
2262 ORDER 1828 50 15 82 68 1
2262 BLOCK 22 29
2263 UNBLOCK 23 31
2263 ORDER 1829 26 3 1 47 2
2263 BLOCK 34 13
2264 ORDER 1830 46 62 66 68 1
2264 BLOCK 81 48
2265 ORDER 1831 84 62 93 68 0
2266 ORDER 1832 82 35 1 46 0
2266 BLOCK 16 36
2267 BLOCK 14 5
2268 UNBLOCK 17 1
2268 ORDER 1833 43 47 93 68 1
2269 ORDER 1834 71 18 88 67 0
2269 BLOCK 94 30
2270 UNBLOCK 17 39
2270 BLOCK 12 60
2272 UNBLOCK 55 68
2272 ORDER 1835 44 41 1 62 1
2273 ORDER 1836 9 15 31 68 0
2274 ORDER 1837 36 60 2 31 0
2275 ORDER 1838 7 36 1 41 2
2277 UNBLOCK 72 53
2277 BLOCK 94 9
2278 ORDER 1839 19 8 1 41 0
2278 BLOCK 7 67
2279 ORDER 1840 51 11 3 24 0
2279 BLOCK 39 45
2280 UNBLOCK 49 36
2280 ORDER 1841 45 11 1 46 1
2281 ORDER 1842 22 60 63 68 3
2282 UNBLOCK 34 13
2282 BLOCK 94 47
2283 ORDER 1843 42 32 68 67 1
2284 ORDER 1844 53 39 3 58 0
2285 ORDER 1845 64 54 26 67 0
2285 BLOCK 43 47
2286 CANCEL 1774
2286 BLOCK 27 5
2288 UNBLOCK 81 12
2288 UNBLOCK 88 9
2288 ORDER 1846 70 11 1 65 0
2288 BLOCK 5 49
2289 UNBLOCK 54 27
2289 ORDER 1847 36 50 1 59 0
2290 CANCEL 1725
2290 UNBLOCK 81 48
2290 ORDER 1848 67 9 1 11 2
2290 BLOCK 66 67
2291 ORDER 1849 69 24 80 67 0
2291 BLOCK 47 27
2292 ORDER 1850 20 14 3 21 1
2293 UNBLOCK 94 30
2293 ORDER 1851 32 54 84 67 1
2294 ORDER 1852 94 27 2 47 0
2294 BLOCK 50 32
2295 ORDER 1853 36 65 2 30 1
2296 ORDER 1854 82 44 3 9 1
2296 BLOCK 38 30
2297 ORDER 1855 34 24 82 67 0
2297 BLOCK 23 23
2298 ORDER 1856 43 6 3 16 0
2298 BLOCK 49 57
2299 ORDER 1857 46 3 95 67 2
2300 ORDER 1858 89 11 1 15 1
2301 UNBLOCK 39 45
2301 ORDER 1859 11 65 2 9 1
2301 BLOCK 90 54
2302 ORDER 1860 77 18 40 67 0
2303 CANCEL 1757
2303 ORDER 1861 11 35 23 68 1
2303 BLOCK 24 13
2304 UNBLOCK 5 49
2304 ORDER 1862 53 36 2 34 0
2304 BLOCK 55 46
2305 ORDER 1863 37 9 88 68 3
2306 UNBLOCK 14 5
2306 ORDER 1864 22 56 97 68 0
2307 UNBLOCK 65 23
2307 ORDER 1865 36 63 2 32 0
2307 BLOCK 17 39
2308 UNBLOCK 67 11
2308 UNBLOCK 16 36
2308 ORDER 1866 58 17 1 54 1
2309 UNBLOCK 27 5
2309 ORDER 1867 27 35 2 60 0
2310 UNBLOCK 22 29
2311 UNBLOCK 12 60
2311 UNBLOCK 55 46
2311 ORDER 1868 9 60 2 14 0
2311 BLOCK 68 15
2312 ORDER 1869 36 32 1 39 1
2312 BLOCK 31 9
2313 UNBLOCK 66 67
2313 ORDER 1870 71 59 45 67 3
2314 ORDER 1871 77 14 1 17 1
2315 UNBLOCK 6 9
2315 ORDER 1872 51 38 13 67 0
2315 BLOCK 50 4
2316 UNBLOCK 47 27
2317 ORDER 1873 42 12 24 68 2
2318 UNBLOCK 94 47
2318 UNBLOCK 38 30
2318 ORDER 1874 64 11 36 68 0
2318 BLOCK 62 63
2319 ORDER 1875 30 9 3 44 0
2320 ORDER 1876 24 62 2 41 0
2320 BLOCK 17 54
2321 UNBLOCK 24 13
2321 ORDER 1877 26 27 3 54 0
2321 BLOCK 31 51
2322 BLOCK 41 5
2323 ORDER 1878 39 32 2 57 0
2323 BLOCK 82 65
2324 ORDER 1879 6 11 32 67 0
2325 ORDER 1880 67 45 36 68 0
2326 ORDER 1881 33 24 2 22 0
2328 ORDER 1882 27 39 90 68 1
2330 CANCEL 1777
2330 UNBLOCK 7 67
2330 ORDER 1883 72 6 3 16 0
2330 BLOCK 61 36
2331 ORDER 1884 24 17 3 54 0
2331 BLOCK 22 29
2332 UNBLOCK 49 57
2332 BLOCK 45 15
2333 ORDER 1885 62 26 7 67 0
2333 BLOCK 81 1
2334 ORDER 1886 92 29 60 67 1
2335 ORDER 1887 67 48 2 47 3
2335 BLOCK 46 54
2336 ORDER 1888 10 35 3 66 1
2336 BLOCK 60 47
2337 UNBLOCK 94 9
2337 UNBLOCK 68 15
2337 BLOCK 46 14
2338 ORDER 1889 61 26 3 56 2
2339 UNBLOCK 43 47
2339 ORDER 1890 24 9 1 52 3
2340 UNBLOCK 50 32
2340 ORDER 1891 40 65 29 68 1
2341 ORDER 1892 40 20 2 17 0
2341 BLOCK 16 39
2342 ORDER 1893 76 11 1 66 0
2343 ORDER 1894 68 20 66 67 0
2343 BLOCK 34 8
2344 UNBLOCK 60 47
2344 ORDER 1895 16 20 2 61 1
2344 BLOCK 18 38
2346 UNBLOCK 81 1
2347 UNBLOCK 62 63
2348 ORDER 1896 28 17 43 68 0
2349 ORDER 1897 29 21 2 32 0
2349 BLOCK 11 48
2350 UNBLOCK 23 23
2350 ORDER 1898 8 27 54 67 0
2351 ORDER 1899 35 63 20 67 1
2352 ORDER 1900 90 12 40 68 0
2353 UNBLOCK 90 54
2353 UNBLOCK 17 39
2353 ORDER 1901 7 36 20 67 0
2354 BLOCK 67 20
2355 UNBLOCK 50 4
2355 UNBLOCK 46 14
2355 UNBLOCK 16 39
2355 ORDER 1902 40 47 2 27 1
2355 BLOCK 33 47
2356 BLOCK 7 66
2357 ORDER 1903 85 35 1 51 0
2357 BLOCK 44 35
2358 UNBLOCK 41 5
2358 ORDER 1904 66 9 2 43 2
2358 BLOCK 15 18
2359 UNBLOCK 46 54
2359 ORDER 1905 95 14 2 35 0
2360 ORDER 1906 80 38 54 68 3
2361 BLOCK 18 65
2362 UNBLOCK 22 29
2362 ORDER 1907 40 60 1 57 0
2363 CANCEL 1800
2363 UNBLOCK 45 15
2363 ORDER 1908 81 11 2 14 3
2363 BLOCK 67 36
2364 UNBLOCK 44 35
2365 UNBLOCK 31 9
2365 ORDER 1909 49 44 2 7 0
2365 BLOCK 7 62
2367 ORDER 1910 48 5 2 11 0
2368 ORDER 1911 75 60 76 67 0
2368 BLOCK 63 50
2369 ORDER 1912 32 20 2 44 0
2369 BLOCK 88 48
2370 ORDER 1913 27 3 2 63 2
2370 BLOCK 34 20
2371 UNBLOCK 15 18
2372 UNBLOCK 17 54
2372 ORDER 1914 25 3 2 28 3
2372 BLOCK 22 15
2373 UNBLOCK 82 65
2373 ORDER 1915 84 3 2 28 0
2374 ORDER 1916 81 39 75 68 1
2374 BLOCK 26 30
2375 ORDER 1917 83 6 1 6 0
2375 BLOCK 35 2
2376 ORDER 1918 52 35 2 42 0
2376 BLOCK 68 32
2377 CANCEL 1808
2377 UNBLOCK 67 36
2377 BLOCK 29 67
2378 UNBLOCK 63 50
2378 ORDER 1919 15 8 67 68 3
2379 ORDER 1920 72 44 59 68 0
2380 UNBLOCK 61 36
2381 UNBLOCK 31 51
2381 ORDER 1921 28 8 2 50 0
2381 BLOCK 26 29
2383 ORDER 1922 19 36 58 67 0
2383 BLOCK 7 47
2384 UNBLOCK 18 38
2384 ORDER 1923 7 59 2 38 0
2384 BLOCK 15 23
2386 UNBLOCK 7 62
2386 ORDER 1924 77 45 91 67 0
2387 ORDER 1925 83 27 97 67 0
2389 ORDER 1926 61 41 3 40 1
2389 BLOCK 50 20
2390 ORDER 1927 35 33 49 67 0
2391 ORDER 1928 47 8 3 14 0
2392 ORDER 1929 84 42 1 28 0
2393 UNBLOCK 7 66
2393 UNBLOCK 15 23
2394 ORDER 1930 19 62 36 67 1
2395 ORDER 1931 71 26 2 63 0
2395 BLOCK 55 14
2396 UNBLOCK 34 8
2396 UNBLOCK 11 48
2397 UNBLOCK 18 65
2397 ORDER 1932 39 36 1 17 0
2398 UNBLOCK 29 67
2398 ORDER 1933 79 56 3 14 2
2398 BLOCK 51 67
2399 ORDER 1934 93 21 1 61 3
2400 ORDER 1935 57 29 11 67 0
2400 BLOCK 44 14
2401 ORDER 1936 16 23 19 67 0
2401 BLOCK 64 50
2402 ORDER 1937 21 32 1 33 0
2403 ORDER 1938 7 9 18 68 0
2404 ORDER 1939 78 17 94 68 3
2404 BLOCK 25 27
2405 UNBLOCK 33 47
2405 UNBLOCK 26 30
2405 ORDER 1940 41 51 1 64 2
2406 ORDER 1941 28 38 3 40 0
2407 UNBLOCK 67 20
2407 ORDER 1942 57 63 5 67 2
2407 BLOCK 77 33
2408 UNBLOCK 22 15
2408 ORDER 1943 11 18 3 21 0
2409 UNBLOCK 88 48
2410 CANCEL 1816
2411 ORDER 1944 45 20 2 18 0
2412 UNBLOCK 35 2
2412 UNBLOCK 55 14
2412 ORDER 1945 28 15 1 29 1
2413 UNBLOCK 26 29
2413 ORDER 1946 45 60 10 68 1
2413 BLOCK 46 41
2414 UNBLOCK 64 50
2414 BLOCK 25 13
2416 ORDER 1947 80 38 74 67 1
2416 BLOCK 19 63
2417 ORDER 1948 27 6 1 29 0
2418 ORDER 1949 50 42 2 65 0
2419 UNBLOCK 50 20
2419 ORDER 1950 19 6 3 2 0
2420 ORDER 1951 91 65 58 68 2
2420 BLOCK 18 5
2421 ORDER 1952 7 21 2 37 1
2422 ORDER 1953 61 18 82 68 0
2423 BLOCK 75 46
2424 ORDER 1954 68 48 8 67 3
2425 ORDER 1955 49 4 83 68 1
2425 BLOCK 49 45
2426 UNBLOCK 18 5
2426 ORDER 1956 36 35 56 68 0
2426 BLOCK 38 48
2427 UNBLOCK 34 20
2427 ORDER 1957 86 8 61 68 2
2427 BLOCK 13 60
2428 UNBLOCK 25 27
2428 ORDER 1958 58 20 2 60 2
2429 UNBLOCK 75 46
2429 ORDER 1959 36 15 1 12 1
2429 BLOCK 88 60
2430 UNBLOCK 68 32
2430 UNBLOCK 77 33
2430 ORDER 1960 19 32 2 22 0
2432 ORDER 1961 75 27 1 26 1
2432 BLOCK 13 57
2433 BLOCK 63 51
2435 ORDER 1962 86 5 3 58 3
2436 BLOCK 70 17
2437 ORDER 1963 80 51 66 68 0
2438 UNBLOCK 44 14
2438 ORDER 1964 77 8 2 64 0
2439 ORDER 1965 53 39 2 31 3
2440 ORDER 1966 27 48 1 49 3
2441 UNBLOCK 13 60
2441 BLOCK 52 18
2442 UNBLOCK 49 45
2442 BLOCK 50 62
2443 UNBLOCK 7 47
2443 ORDER 1967 84 24 2 17 1
2444 ORDER 1968 23 15 2 34 2
2444 BLOCK 55 57
2445 UNBLOCK 63 51
2445 ORDER 1969 9 45 2 29 0
2445 BLOCK 24 41
2447 ORDER 1970 58 11 91 67 1
2448 CANCEL 1963
2448 ORDER 1971 68 44 2 54 1
2448 BLOCK 41 65
2449 ORDER 1972 54 45 1 24 0
2450 ORDER 1973 92 56 1 24 1
2451 UNBLOCK 46 41
2451 ORDER 1974 11 42 3 65 0
2451 BLOCK 89 16
2452 ORDER 1975 87 59 2 54 0
2453 ORDER 1976 77 20 1 27 0
2454 UNBLOCK 51 67
2454 ORDER 1977 92 32 45 68 0
2455 ORDER 1978 24 60 1 28 1
2456 UNBLOCK 88 60
2456 ORDER 1979 21 29 1 48 0
2456 BLOCK 47 38
2457 UNBLOCK 24 41
2457 ORDER 1980 51 59 95 68 1
2458 ORDER 1981 38 5 64 68 1
2458 BLOCK 48 11
2459 ORDER 1982 49 18 3 13 2
2459 BLOCK 84 56
2461 ORDER 1983 66 12 28 68 1
2462 UNBLOCK 25 13
2462 UNBLOCK 50 62
2462 UNBLOCK 47 38
2462 BLOCK 94 15
2463 ORDER 1984 71 44 60 67 0
2466 UNBLOCK 89 16
2466 BLOCK 25 28
2467 ORDER 1985 13 45 9 68 0
2467 BLOCK 86 51
2468 ORDER 1986 53 38 30 68 2
2470 ORDER 1987 22 15 51 68 1
2470 BLOCK 41 53
2471 UNBLOCK 94 15
2471 ORDER 1988 12 56 45 68 1
2471 BLOCK 45 30
2472 UNBLOCK 19 63
2472 ORDER 1989 19 65 1 10 0
2472 BLOCK 57 20
2473 ORDER 1990 70 53 3 25 0
2475 UNBLOCK 38 48
2475 ORDER 1991 45 18 37 68 0
2476 UNBLOCK 13 57
2476 ORDER 1992 46 29 6 68 1
2476 BLOCK 28 67
2477 ORDER 1993 80 60 3 19 3
2478 UNBLOCK 57 20
2478 ORDER 1994 93 51 2 8 0
2478 BLOCK 63 14
2479 ORDER 1995 61 41 3 1 0
2479 BLOCK 46 15
2480 ORDER 1996 9 17 18 67 1
2481 ORDER 1997 89 36 2 39 3
2482 ORDER 1998 85 38 46 67 1
2483 ORDER 1999 94 11 1 30 0
2483 BLOCK 83 23
2484 UNBLOCK 86 51
2485 ORDER 2000 33 62 3 3 0
2485 BLOCK 64 21
2486 ORDER 2001 80 42 42 67 0
2486 BLOCK 48 12
2487 ORDER 2002 60 32 1 17 0
2488 UNBLOCK 41 65
2488 ORDER 2003 18 14 62 67 0
2488 BLOCK 42 30
2489 UNBLOCK 70 17
2489 ORDER 2004 95 18 3 12 0
2489 BLOCK 51 66
2490 ORDER 2005 20 32 2 42 0
2490 BLOCK 75 15
2492 ORDER 2006 42 51 3 31 0
2493 ORDER 2007 30 14 27 67 1
2493 BLOCK 93 39
2494 UNBLOCK 55 57
2494 ORDER 2008 91 50 1 31 2
2494 BLOCK 34 18
2495 UNBLOCK 52 18
2495 UNBLOCK 41 53
2495 ORDER 2009 71 49 1 2 3
2495 BLOCK 78 5
2496 ORDER 2010 73 11 1 10 0
2496 BLOCK 62 7
2497 CANCEL 1889
2497 UNBLOCK 84 56
2497 ORDER 2011 24 53 3 2 1
2497 BLOCK 88 12
2498 UNBLOCK 28 67
2498 ORDER 2012 43 27 3 15 0
2499 ORDER 2013 58 9 1 36 1
2499 BLOCK 23 2
2500 UNBLOCK 75 15
2500 UNBLOCK 78 5
2500 ORDER 2014 9 3 7 67 0
2501 UNBLOCK 64 21
2501 ORDER 2015 21 15 28 67 0
2501 BLOCK 86 33
2502 UNBLOCK 25 28
2502 ORDER 2016 49 36 3 33 0
2502 BLOCK 65 39
2503 UNBLOCK 63 14
2503 ORDER 2017 35 57 77 67 1
2503 BLOCK 64 29
2504 ORDER 2018 12 14 22 68 0
2505 ORDER 2019 68 36 41 67 1
2505 BLOCK 63 17
2506 ORDER 2020 80 54 2 34 1
2506 BLOCK 49 15
2507 ORDER 2021 74 5 33 68 0
2508 UNBLOCK 48 12
2508 ORDER 2022 37 57 1 6 3
2509 UNBLOCK 48 11
2509 ORDER 2023 15 51 3 54 1
2511 ORDER 2024 81 24 64 68 0
2512 UNBLOCK 83 23
2512 BLOCK 15 30
2513 ORDER 2025 31 20 49 67 2
2514 ORDER 2026 31 48 91 67 0
2514 BLOCK 71 20
2515 ORDER 2027 46 5 3 22 0
2515 BLOCK 89 64
2516 ORDER 2028 87 23 3 56 3
2517 CANCEL 1922
2517 UNBLOCK 46 15
2517 ORDER 2029 16 63 33 67 0
2518 ORDER 2030 93 39 35 67 0
2518 BLOCK 93 8
2519 UNBLOCK 63 17
2519 BLOCK 59 29
2520 UNBLOCK 65 39
2520 ORDER 2031 94 60 2 41 1
2521 ORDER 2032 53 8 2 39 1
2521 BLOCK 53 33
2522 ORDER 2033 35 32 2 54 2
2522 BLOCK 16 66
2523 UNBLOCK 49 15
2523 UNBLOCK 71 20
2523 ORDER 2034 19 30 20 68 0
2523 BLOCK 95 9
2524 BLOCK 77 38
2525 UNBLOCK 62 7
2526 ORDER 2035 18 8 3 29 2
2526 BLOCK 15 43
2527 UNBLOCK 42 30
2528 UNBLOCK 45 30
2528 ORDER 2036 86 59 2 25 1
2528 BLOCK 57 54
2529 ORDER 2037 66 51 3 66 0
2529 BLOCK 39 45
2530 ORDER 2038 37 54 5 67 0
2530 BLOCK 13 6
2531 UNBLOCK 93 39
2531 ORDER 2039 45 42 1 28 1
2531 BLOCK 7 62
2533 ORDER 2040 37 56 81 68 0
2534 ORDER 2041 91 56 39 67 1
2535 ORDER 2042 45 63 77 68 0
2536 ORDER 2043 28 44 12 68 0
2536 BLOCK 24 1
2537 ORDER 2044 89 20 91 67 0
2539 UNBLOCK 16 66
2539 ORDER 2045 63 41 92 68 1
2540 UNBLOCK 51 66
2540 ORDER 2046 51 24 95 67 2
2541 UNBLOCK 34 18
2541 ORDER 2047 21 47 10 67 0
2542 ORDER 2048 44 23 67 68 0
2543 UNBLOCK 88 12
2544 UNBLOCK 23 2
2544 ORDER 2049 9 33 63 67 0
2544 BLOCK 80 6
2545 UNBLOCK 86 33
2545 ORDER 2050 74 12 67 67 0
2545 BLOCK 17 53
2546 ORDER 2051 87 24 3 56 2
2546 BLOCK 35 45
2547 UNBLOCK 53 33
2547 ORDER 2052 24 26 2 14 1
2548 UNBLOCK 15 43
2548 ORDER 2053 57 36 46 67 2
2550 UNBLOCK 64 29
2550 UNBLOCK 7 62
2550 ORDER 2054 45 20 29 67 1
2550 BLOCK 48 59
2551 UNBLOCK 17 53
2551 ORDER 2055 17 44 3 9 0
2552 ORDER 2056 55 24 49 67 0
2552 BLOCK 95 8
2553 ORDER 2057 15 6 1 16 2
2553 BLOCK 26 8
2554 ORDER 2058 94 51 2 3 1
2554 BLOCK 29 53
2555 ORDER 2059 54 9 2 16 2
2555 BLOCK 23 4
2556 UNBLOCK 59 29
2556 BLOCK 84 44
2557 UNBLOCK 89 64
2557 UNBLOCK 77 38
2558 ORDER 2060 72 42 2 41 1
2558 BLOCK 59 3
2559 ORDER 2061 62 23 1 55 0
2560 ORDER 2062 9 45 2 33 0
2560 BLOCK 94 62
2561 UNBLOCK 80 6
2561 UNBLOCK 84 44
2561 ORDER 2063 86 29 1 18 0
2561 BLOCK 34 8
2562 ORDER 2064 8 47 53 67 0
2562 BLOCK 36 54
2563 ORDER 2065 93 47 3 51 0
2564 UNBLOCK 57 54
2565 UNBLOCK 93 8
2565 BLOCK 93 53
2566 CANCEL 1985
2567 BLOCK 29 21
2568 UNBLOCK 39 45
2568 UNBLOCK 26 8
2568 BLOCK 46 9
2569 UNBLOCK 15 30
2569 ORDER 2066 80 62 43 68 0
2572 ORDER 2067 38 54 87 68 0
2572 BLOCK 61 65
2574 UNBLOCK 95 9
2574 ORDER 2068 67 65 97 68 1
2575 UNBLOCK 13 6
2575 ORDER 2069 30 50 1 39 0
2576 UNBLOCK 35 45
2576 ORDER 2070 76 26 79 68 2
2576 BLOCK 25 51
2577 ORDER 2071 38 32 13 67 0
2577 BLOCK 57 41
2578 UNBLOCK 24 1
2578 ORDER 2072 87 21 9 68 0
2578 BLOCK 65 8
2579 UNBLOCK 48 59
2579 UNBLOCK 46 9
2579 ORDER 2073 10 38 2 29 0
2580 ORDER 2074 28 42 8 67 0
2581 ORDER 2075 60 59 3 54 0
2581 BLOCK 12 65
2582 UNBLOCK 34 8
2582 BLOCK 83 61
2583 CANCEL 1945
2583 ORDER 2076 45 20 2 67 0
2583 BLOCK 64 68
2584 UNBLOCK 95 8
2584 UNBLOCK 25 51
2585 BLOCK 40 33
2586 ORDER 2077 66 42 96 67 2
2587 UNBLOCK 59 3
2587 ORDER 2078 78 18 49 67 0
2587 BLOCK 30 56
2588 ORDER 2079 93 42 21 68 1
2588 BLOCK 87 63
2589 ORDER 2080 48 63 27 67 0
2590 BLOCK 12 18
2591 ORDER 2081 17 3 2 20 0
2591 BLOCK 35 1
2592 ORDER 2082 64 57 48 68 3
2594 ORDER 2083 8 8 2 65 0
2594 BLOCK 8 36
2595 ORDER 2084 54 27 3 60 1
2596 ORDER 2085 68 50 3 61 0
2597 UNBLOCK 65 8
2597 UNBLOCK 40 33
2598 ORDER 2086 9 26 2 26 1
2598 BLOCK 40 17
2599 UNBLOCK 35 1
2600 UNBLOCK 94 62
2600 ORDER 2087 86 12 1 20 0
2602 ORDER 2088 10 60 26 68 1
2603 UNBLOCK 93 53
2603 ORDER 2089 38 38 68 68 0
2604 ORDER 2090 89 14 3 12 0
2606 ORDER 2091 37 21 11 67 0
2607 ORDER 2092 24 60 3 23 1
2607 BLOCK 26 42
2608 ORDER 2093 44 21 1 58 1
2609 ORDER 2094 25 30 1 20 1
2610 UNBLOCK 29 53
2610 ORDER 2095 28 60 1 8 2
2610 BLOCK 11 48
2611 ORDER 2096 46 24 1 61 0
2612 ORDER 2097 28 23 2 44 1
2612 BLOCK 74 51
2613 ORDER 2098 89 42 89 67 2
2613 BLOCK 41 12
2614 UNBLOCK 23 4
2614 ORDER 2099 17 23 1 51 0
2614 BLOCK 12 62
2615 UNBLOCK 36 54
2615 UNBLOCK 29 21
2615 ORDER 2100 91 57 1 34 1
2615 BLOCK 63 30
2616 ORDER 2101 35 12 93 68 0
2616 BLOCK 41 51
2617 ORDER 2102 87 50 2 54 0
2618 ORDER 2103 56 26 3 15 0
2618 BLOCK 20 57
2619 ORDER 2104 15 9 1 39 0
2619 BLOCK 59 32
2620 BLOCK 28 20
2621 UNBLOCK 57 41
2621 UNBLOCK 64 68
2621 UNBLOCK 11 48
2621 ORDER 2105 73 35 87 68 0
2621 BLOCK 76 6
2622 ORDER 2106 12 27 46 68 0
2622 BLOCK 80 7
2623 UNBLOCK 40 17
2623 ORDER 2107 21 60 1 63 0
2624 ORDER 2108 19 45 73 67 0
2625 UNBLOCK 30 56
2625 UNBLOCK 74 51
2625 ORDER 2109 34 42 1 48 0
2626 UNBLOCK 12 18
2626 ORDER 2110 50 24 3 68 1
2626 BLOCK 63 29
2627 CANCEL 2048
2627 ORDER 2111 43 15 80 67 1
2628 ORDER 2112 26 5 55 67 1
2628 BLOCK 81 11
2629 ORDER 2113 93 15 86 67 2
2630 UNBLOCK 61 65
2630 ORDER 2114 33 8 32 68 0
2630 BLOCK 41 9
2631 ORDER 2115 79 6 2 15 3
2632 BLOCK 65 24
2633 UNBLOCK 76 6
2633 ORDER 2116 61 30 1 37 0
2634 ORDER 2117 9 48 33 68 0
2634 BLOCK 24 32
2635 UNBLOCK 83 61
2635 UNBLOCK 26 42
2635 ORDER 2118 6 50 1 12 1
2636 UNBLOCK 28 20
2636 BLOCK 61 35
2637 UNBLOCK 8 36
2637 ORDER 2119 47 9 59 68 0
2637 BLOCK 89 65
2639 ORDER 2120 13 47 1 27 0
2639 BLOCK 46 63
2640 ORDER 2121 95 32 1 58 0
2641 UNBLOCK 12 65
2641 ORDER 2122 34 35 1 61 0
2641 BLOCK 23 66
2642 ORDER 2123 16 12 1 11 3
2644 UNBLOCK 87 63
2645 ORDER 2124 32 56 32 68 3
2646 BLOCK 63 53
2647 UNBLOCK 63 30
2647 ORDER 2125 47 15 1 63 1
2647 BLOCK 42 21
2648 ORDER 2126 61 54 86 68 0
2649 ORDER 2127 16 41 2 61 1
2650 UNBLOCK 12 62
2650 ORDER 2128 52 39 2 52 2
2651 BLOCK 48 51
2652 ORDER 2129 93 48 1 13 2
2652 BLOCK 67 29
2653 ORDER 2130 52 51 1 3 0
2653 BLOCK 45 18
2655 ORDER 2131 20 45 90 67 0
2655 BLOCK 83 60
2656 ORDER 2132 47 17 2 34 1
2657 UNBLOCK 41 12
2657 ORDER 2133 47 39 3 68 3
2658 ORDER 2134 16 44 1 13 3
2660 ORDER 2135 83 11 2 64 3
2660 BLOCK 90 21
2663 UNBLOCK 65 24
2663 ORDER 2136 16 24 3 42 0
2664 ORDER 2137 6 21 6 67 0
2665 UNBLOCK 59 32
2665 ORDER 2138 85 65 91 68 0
2665 BLOCK 67 45
2666 UNBLOCK 20 57
2666 ORDER 2139 27 41 1 56 0
2667 UNBLOCK 41 51
2667 ORDER 2140 38 18 44 68 0
2668 ORDER 2141 74 53 2 67 0
2668 BLOCK 14 67
2669 BLOCK 8 39
2670 ORDER 2142 54 42 1 44 1
2670 BLOCK 41 27
2671 ORDER 2143 77 54 3 59 0
2671 BLOCK 18 56
2672 UNBLOCK 23 66
2672 UNBLOCK 42 21
2672 ORDER 2144 85 42 1 61 1
2673 UNBLOCK 80 7
2673 ORDER 2145 89 42 3 16 0
2674 UNBLOCK 63 29
2674 ORDER 2146 6 11 62 67 0
2675 ORDER 2147 43 14 25 67 0
2676 ORDER 2148 65 59 75 67 3
2677 UNBLOCK 81 11
2677 ORDER 2149 93 30 91 68 2
2677 BLOCK 17 68
2678 UNBLOCK 41 9
2678 UNBLOCK 41 27
2678 ORDER 2150 50 9 2 42 1
2678 BLOCK 21 2
2679 UNBLOCK 63 53
2679 ORDER 2151 59 54 2 38 1
2680 UNBLOCK 67 29
2680 ORDER 2152 58 65 34 67 2
2681 ORDER 2153 25 11 18 67 0
2681 BLOCK 39 8
2682 UNBLOCK 24 32
2682 ORDER 2154 33 53 2 23 0
2683 UNBLOCK 89 65
2683 ORDER 2155 31 54 1 19 0
2684 ORDER 2156 23 15 65 67 0
2685 ORDER 2157 8 38 41 68 2
2685 BLOCK 84 9
2686 ORDER 2158 91 51 1 37 0
2686 BLOCK 51 33
2687 ORDER 2159 57 8 1 67 0
2688 ORDER 2160 35 39 4 67 2
2689 UNBLOCK 61 35
2689 ORDER 2161 28 15 8 68 1
2690 ORDER 2162 70 30 1 51 1
2691 ORDER 2163 7 21 3 45 3
2693 UNBLOCK 83 60
2693 ORDER 2164 80 44 1 3 0
2693 BLOCK 71 41
2694 ORDER 2165 12 17 97 67 1
2695 UNBLOCK 48 51
2695 UNBLOCK 39 8
2695 ORDER 2166 24 5 84 68 1
2696 ORDER 2167 15 33 2 12 0
2697 ORDER 2168 32 5 51 68 1
2698 UNBLOCK 46 63
2698 UNBLOCK 51 33
2698 ORDER 2169 46 5 3 22 0
2699 CANCEL 2059
2699 UNBLOCK 14 67
2699 ORDER 2170 49 8 1 38 0
2699 BLOCK 40 67
2700 ORDER 2171 28 5 2 27 1
2700 BLOCK 76 50
2701 UNBLOCK 45 18
2701 ORDER 2172 47 41 1 9 0
2702 UNBLOCK 21 2
2702 BLOCK 30 33
2703 ORDER 2173 24 8 22 68 0
2704 BLOCK 93 6
2705 ORDER 2174 68 56 2 44 0
2706 UNBLOCK 71 41
2706 ORDER 2175 82 26 11 68 1
2706 BLOCK 84 23
2707 ORDER 2176 15 26 41 68 0
2707 BLOCK 40 57
2708 ORDER 2177 85 5 20 67 0
2709 ORDER 2178 61 20 1 29 0
2709 BLOCK 88 45
2710 ORDER 2179 36 15 31 67 0
2710 BLOCK 90 27
2711 ORDER 2180 92 17 49 68 0
2712 UNBLOCK 67 45
2712 ORDER 2181 23 12 2 20 1
2712 BLOCK 85 63
2713 ORDER 2182 80 18 37 67 0
2714 BLOCK 74 47
2715 UNBLOCK 90 21
2715 ORDER 2183 59 26 43 67 0
2716 ORDER 2184 54 18 98 67 1
2716 BLOCK 10 11
2717 ORDER 2185 85 59 1 7 0
2718 ORDER 2186 50 17 2 7 0
2718 BLOCK 40 33
2720 UNBLOCK 85 63
2720 ORDER 2187 31 6 3 45 0
2721 CANCEL 2077
2721 ORDER 2188 42 38 3 46 0
2722 UNBLOCK 84 9
2722 UNBLOCK 30 33
2723 ORDER 2189 55 32 54 68 0
2724 CANCEL 2173
2724 ORDER 2190 38 41 62 68 0
2724 BLOCK 67 15
2725 UNBLOCK 8 39
2725 UNBLOCK 18 56
2725 BLOCK 42 17
2726 UNBLOCK 17 68
2726 UNBLOCK 40 67
2726 ORDER 2191 14 26 3 23 0
2727 CANCEL 2180
2727 ORDER 2192 27 29 1 41 1
2728 ORDER 2193 43 17 29 67 0
2728 BLOCK 10 32
2729 ORDER 2194 85 27 2 47 2
2730 ORDER 2195 94 53 1 56 0
2730 BLOCK 34 12
2731 ORDER 2196 8 42 69 67 0
2732 ORDER 2197 63 23 3 64 1
2733 ORDER 2198 37 59 11 67 0
2733 BLOCK 84 50
2735 ORDER 2199 63 26 26 68 3
2735 BLOCK 38 45
2737 ORDER 2200 17 41 87 67 1
2738 UNBLOCK 93 6
2739 ORDER 2201 47 27 17 67 0
2739 BLOCK 12 47
2740 ORDER 2202 7 6 34 68 3
2741 UNBLOCK 84 23
2741 UNBLOCK 42 17
2742 BLOCK 92 39
2743 ORDER 2203 47 17 2 15 0
2743 BLOCK 86 6
2744 ORDER 2204 95 32 2 40 0
2744 BLOCK 24 26
2745 ORDER 2205 60 62 70 68 0
2745 BLOCK 28 29
2746 UNBLOCK 88 45
2746 ORDER 2206 84 3 94 68 2
2747 UNBLOCK 40 57
2747 ORDER 2207 12 60 1 23 0
2748 ORDER 2208 60 14 21 68 1
2748 BLOCK 23 51
2749 ORDER 2209 77 56 1 31 1
2749 BLOCK 79 27
2750 UNBLOCK 74 47
2750 ORDER 2210 11 65 2 40 2
2751 UNBLOCK 76 50
2751 ORDER 2211 40 62 81 68 1
2751 BLOCK 40 54
2752 UNBLOCK 90 27
2752 ORDER 2212 44 33 2 2 1
2753 UNBLOCK 24 26
2753 ORDER 2213 78 9 3 27 1
2753 BLOCK 69 12
2754 UNBLOCK 40 33
2754 ORDER 2214 93 60 97 67 3
2755 UNBLOCK 67 15
2755 ORDER 2215 51 11 3 62 1
2755 BLOCK 93 51
2756 ORDER 2216 51 26 61 67 0
2757 ORDER 2217 94 32 90 67 1
2758 ORDER 2218 6 11 66 68 1
2758 BLOCK 12 38
2759 ORDER 2219 9 21 2 1 0
2760 ORDER 2220 47 38 48 67 3
2761 UNBLOCK 10 11
2761 ORDER 2221 12 21 1 52 0
2762 ORDER 2222 69 56 69 67 1
2762 BLOCK 41 5
2763 ORDER 2223 93 26 42 67 0
2763 BLOCK 41 39
2764 ORDER 2224 68 17 1 47 0
2765 ORDER 2225 42 60 65 68 0
2765 BLOCK 20 57
2766 BLOCK 10 1
2767 UNBLOCK 84 50
2767 ORDER 2226 11 3 31 67 0
2767 BLOCK 76 3
2768 ORDER 2227 70 47 3 10 3
2768 BLOCK 30 11
2769 BLOCK 84 62
2771 ORDER 2228 47 11 17 67 0
2771 BLOCK 29 51
2772 UNBLOCK 92 39
2772 ORDER 2229 40 41 34 67 1
2773 UNBLOCK 12 47
2773 ORDER 2230 45 54 78 67 3
2774 ORDER 2231 35 21 77 67 0
2776 ORDER 2232 63 35 3 32 0
2776 BLOCK 47 27
2777 UNBLOCK 34 12
2777 UNBLOCK 76 3
2777 ORDER 2233 58 65 60 67 2
2778 ORDER 2234 57 12 2 8 3
2778 BLOCK 53 45
2779 CANCEL 2162
2779 ORDER 2235 18 51 35 67 0
2780 CANCEL 2153
2780 UNBLOCK 30 11
2780 ORDER 2236 47 26 2 49 0
2780 BLOCK 25 29
2781 ORDER 2237 40 9 1 36 0
2782 ORDER 2238 17 5 30 67 0
2782 BLOCK 92 68
2783 UNBLOCK 10 32
2783 ORDER 2239 17 54 35 67 0
2784 UNBLOCK 38 45
2784 ORDER 2240 31 50 1 54 0
2784 BLOCK 62 31
2785 UNBLOCK 28 29
2785 UNBLOCK 79 27
2785 UNBLOCK 20 57
2785 BLOCK 58 11
2786 ORDER 2241 31 29 11 68 1
2786 BLOCK 21 56
2787 UNBLOCK 93 51
2787 ORDER 2242 80 59 20 67 1
2788 UNBLOCK 12 38
2788 ORDER 2243 75 15 94 68 1
2788 BLOCK 74 51
2789 UNBLOCK 86 6
2789 ORDER 2244 62 23 1 47 0
2789 BLOCK 47 44
2790 ORDER 2245 89 20 3 20 0
2790 BLOCK 21 35
2791 ORDER 2246 67 18 61 68 0
2791 BLOCK 14 5
2793 UNBLOCK 21 56
2793 UNBLOCK 74 51
2793 ORDER 2247 65 9 77 68 0
2793 BLOCK 22 22
2794 BLOCK 79 36
2795 UNBLOCK 69 12
2795 ORDER 2248 75 38 3 28 1
2796 BLOCK 79 29
2797 ORDER 2249 53 35 57 67 2
2798 UNBLOCK 29 51
2798 ORDER 2250 83 6 98 68 0
2799 UNBLOCK 41 39
2799 BLOCK 65 8
2800 UNBLOCK 23 51
2800 ORDER 2251 9 51 56 68 0
2801 UNBLOCK 41 5
2801 ORDER 2252 7 42 2 29 0
2801 BLOCK 46 62
2802 UNBLOCK 92 68
2802 ORDER 2253 67 44 3 1 3
2802 BLOCK 76 34
2804 ORDER 2254 63 42 3 25 3
2805 UNBLOCK 84 62
2805 ORDER 2255 67 65 58 67 0
2806 ORDER 2256 10 8 48 68 1
2807 UNBLOCK 47 44
2807 ORDER 2257 47 5 1 65 0
2807 BLOCK 87 35
2808 UNBLOCK 10 1
2808 UNBLOCK 53 45
2808 ORDER 2258 17 65 49 68 1
2809 UNBLOCK 40 54
2809 ORDER 2259 57 9 2 58 0
2810 ORDER 2260 26 12 2 25 0
2810 BLOCK 52 16
2811 ORDER 2261 38 20 3 60 0
2811 CANCEL 102261
2813 UNBLOCK 76 34
2813 ORDER 2262 40 45 69 67 0
2814 ORDER 2263 55 57 2 15 0
2814 BLOCK 56 47
2815 ORDER 2264 49 65 23 68 0
2816 ORDER 2265 37 35 2 28 0
2816 BLOCK 86 35
2817 BLOCK 82 66
2818 ORDER 2266 6 24 1 34 0
2818 BLOCK 45 65
2819 UNBLOCK 65 8
2819 ORDER 2267 20 12 72 67 1
2819 BLOCK 58 11
2820 ORDER 2268 69 12 2 2 0
2821 BLOCK 86 36
2822 UNBLOCK 47 27
2822 ORDER 2269 69 60 8 67 1
2822 CANCEL 102269
2823 ORDER 2270 73 44 81 67 0
2823 BLOCK 63 60
2824 ORDER 2271 48 48 53 67 1
2824 BLOCK 63 5
2825 ORDER 2272 81 20 89 68 2
2826 UNBLOCK 52 16
2826 ORDER 2273 48 20 1 9 1
2826 BLOCK 52 48
2827 BLOCK 54 50
2828 UNBLOCK 25 29
2828 UNBLOCK 22 22
2828 ORDER 2274 93 12 3 35 0
2828 BLOCK 62 21
2829 ORDER 2275 81 33 75 67 1
2829 BLOCK 22 35
2830 BLOCK 90 56
2831 ORDER 2276 94 24 52 68 0
2831 BLOCK 42 23
2832 UNBLOCK 58 11
2832 ORDER 2277 51 60 33 68 2
2832 BLOCK 9 33
2833 ORDER 2278 59 44 59 68 1
2834 UNBLOCK 46 62
2834 BLOCK 80 47
2835 ORDER 2279 54 35 54 68 1
2836 UNBLOCK 79 36
2836 ORDER 2280 16 12 3 48 0
2837 ORDER 2281 32 18 3 40 1
2837 BLOCK 40 63
2838 ORDER 2282 58 9 1 43 0
2839 ORDER 2283 16 39 3 9 0
2840 UNBLOCK 62 31
2840 UNBLOCK 45 65
2840 UNBLOCK 86 36
2840 ORDER 2284 39 54 89 68 0
2841 ORDER 2285 51 30 7 67 1
2841 BLOCK 68 30
2842 CANCEL 2252
2843 ORDER 2286 71 57 2 42 1
2843 BLOCK 33 47
2844 UNBLOCK 79 29
2844 ORDER 2287 39 11 2 43 1
2844 BLOCK 66 67
2846 ORDER 2288 91 24 94 68 0
2846 BLOCK 63 1
2848 UNBLOCK 21 35
2848 UNBLOCK 86 35
2848 UNBLOCK 33 47
2848 ORDER 2289 41 9 2 50 0
2849 ORDER 2290 21 18 21 68 1
2849 BLOCK 76 60
2850 UNBLOCK 14 5
2850 ORDER 2291 7 63 1 35 0
2851 UNBLOCK 68 30
2851 ORDER 2292 69 11 40 67 0
2852 ORDER 2293 92 45 3 67 0
2853 ORDER 2294 93 62 3 40 1
2854 ORDER 2295 30 59 2 56 0
2854 BLOCK 30 56
2855 UNBLOCK 87 35
2855 ORDER 2296 11 60 1 31 0
2855 BLOCK 39 39
2856 ORDER 2297 84 11 1 6 0
2856 BLOCK 56 63
2857 ORDER 2298 16 32 1 67 1
2857 BLOCK 8 51
2858 UNBLOCK 62 21
2858 ORDER 2299 60 6 86 67 0
2858 BLOCK 17 20
2859 ORDER 2300 58 44 44 68 0
2860 ORDER 2301 55 30 3 27 0
2860 BLOCK 22 17
2861 UNBLOCK 82 66
2861 ORDER 2302 39 17 88 67 0
2862 UNBLOCK 54 50
2862 ORDER 2303 15 8 2 41 0
2863 ORDER 2304 34 39 3 55 1
2864 UNBLOCK 56 47
2865 UNBLOCK 63 5
2865 UNBLOCK 40 63
2865 ORDER 2305 31 36 19 68 1
2866 ORDER 2306 43 50 76 68 0
2867 UNBLOCK 39 39
2867 ORDER 2307 41 21 3 57 0
2868 UNBLOCK 22 35
2868 UNBLOCK 42 23
2868 ORDER 2308 66 56 1 11 1
2868 BLOCK 94 18
2869 ORDER 2309 46 30 1 63 0
2869 BLOCK 81 39
2870 ORDER 2310 40 29 3 12 0
2870 BLOCK 84 17
2871 CANCEL 2160
2871 ORDER 2311 18 53 26 67 0
2872 ORDER 2312 83 45 1 66 0
2873 UNBLOCK 80 47
2873 ORDER 2313 19 41 15 68 0
2873 BLOCK 27 39
2874 ORDER 2314 9 21 55 68 3
2875 ORDER 2315 67 47 19 68 0
2876 ORDER 2316 69 20 1 30 2
2876 BLOCK 92 3
2877 ORDER 2317 9 3 58 68 0
2879 UNBLOCK 58 11
2879 UNBLOCK 63 60
2879 BLOCK 67 12
2880 UNBLOCK 94 18
2880 ORDER 2318 49 50 3 6 1
2881 BLOCK 30 40
2882 UNBLOCK 52 48
2882 UNBLOCK 56 63
2882 ORDER 2319 64 56 91 68 0
2882 BLOCK 92 11
2883 CANCEL 2304
2883 ORDER 2320 74 6 11 67 1
2883 BLOCK 19 17
2884 ORDER 2321 70 20 1 31 0
2884 BLOCK 58 34
2885 ORDER 2322 59 11 47 67 0
2885 BLOCK 50 18
2886 UNBLOCK 90 56
2887 UNBLOCK 9 33
2887 ORDER 2323 64 29 1 68 1
2888 ORDER 2324 63 44 35 67 0
2888 BLOCK 28 8
2890 UNBLOCK 22 17
2890 ORDER 2325 62 35 82 68 0
2890 BLOCK 79 64
2891 ORDER 2326 10 54 59 67 0
2892 UNBLOCK 81 39
2892 ORDER 2327 16 32 1 59 2
2893 ORDER 2328 60 32 43 68 0
2893 BLOCK 35 33
2894 UNBLOCK 8 51
2894 UNBLOCK 92 3
2894 UNBLOCK 67 12
2894 ORDER 2329 58 56 51 68 0
2894 BLOCK 13 60
2895 UNBLOCK 66 67
2895 UNBLOCK 63 1
2895 ORDER 2330 38 29 3 52 0
2895 BLOCK 49 62
2896 CANCEL 2234
2896 ORDER 2331 91 39 2 67 0
2896 BLOCK 76 39
2897 UNBLOCK 19 17
2897 ORDER 2332 40 12 3 34 1
2898 UNBLOCK 17 20
2899 CANCEL 2289
2899 ORDER 2333 58 53 54 67 0
2900 ORDER 2334 28 26 3 2 0
2901 UNBLOCK 79 64
2901 ORDER 2335 47 44 2 38 1
2902 ORDER 2336 12 21 1 64 0
2903 UNBLOCK 76 60
2903 BLOCK 66 48
2904 UNBLOCK 30 56
2904 ORDER 2337 83 6 29 67 1
2905 BLOCK 18 56
2906 ORDER 2338 76 12 2 28 1
2907 ORDER 2339 13 63 19 67 0
2907 BLOCK 58 44
2908 ORDER 2340 74 47 34 67 0
2909 UNBLOCK 58 34
2909 BLOCK 75 14
2910 ORDER 2341 8 32 41 68 0
2911 CANCEL 2186
2911 UNBLOCK 92 11
2911 UNBLOCK 50 18
2911 ORDER 2342 82 11 84 67 1
2912 ORDER 2343 73 8 1 31 1
2912 BLOCK 77 18
2913 ORDER 2344 34 48 23 67 0
2914 ORDER 2345 27 65 75 68 0
2915 ORDER 2346 10 33 55 67 0
2917 ORDER 2347 24 3 28 68 0
2917 BLOCK 47 32
2918 ORDER 2348 47 8 3 19 0
2918 BLOCK 21 62
2919 BLOCK 57 53
2920 UNBLOCK 84 17
2920 ORDER 2349 42 47 1 17 0
2920 BLOCK 58 23
2921 UNBLOCK 18 56
2921 ORDER 2350 53 14 3 65 1
2921 BLOCK 81 15
2922 ORDER 2351 94 59 44 68 0
2922 BLOCK 21 45
2923 ORDER 2352 55 50 47 67 2
2923 BLOCK 75 21
2924 ORDER 2353 93 23 1 25 0
2925 UNBLOCK 58 44
2925 BLOCK 20 38
2926 UNBLOCK 27 39
2926 UNBLOCK 30 40
2927 UNBLOCK 66 48
2927 UNBLOCK 47 32
2927 ORDER 2354 59 12 3 53 0
2928 UNBLOCK 75 21
2928 ORDER 2355 16 29 84 68 1
2929 UNBLOCK 13 60
2929 ORDER 2356 11 18 4 67 1
2930 ORDER 2357 63 20 3 31 1
2930 BLOCK 71 68
2931 UNBLOCK 81 15
2931 ORDER 2358 80 14 93 67 0
2931 BLOCK 29 33
2932 ORDER 2359 54 20 1 67 0
2932 BLOCK 94 21
2933 ORDER 2360 12 42 2 20 0
2933 BLOCK 41 51
2934 UNBLOCK 75 14
2934 ORDER 2361 45 54 1 66 2
2934 BLOCK 12 57
2935 ORDER 2362 58 53 2 22 1
2936 UNBLOCK 28 8
2938 UNBLOCK 35 33
2938 ORDER 2363 11 18 84 68 1
2939 UNBLOCK 21 62
2939 UNBLOCK 94 21
2939 BLOCK 76 2
2940 UNBLOCK 76 39
2940 ORDER 2364 31 36 2 5 1
2941 ORDER 2365 93 63 3 42 0
2941 BLOCK 78 68
2942 ORDER 2366 84 53 98 68 2
2942 BLOCK 95 36
2943 UNBLOCK 58 23
2943 ORDER 2367 66 42 41 68 0
2943 BLOCK 23 24
2944 ORDER 2368 44 50 75 68 0
2944 BLOCK 63 27
2946 UNBLOCK 49 62
2946 ORDER 2369 75 39 3 32 0
2947 ORDER 2370 19 20 1 19 1
2947 BLOCK 25 68
2948 ORDER 2371 76 50 1 44 1
2948 BLOCK 30 22
2949 ORDER 2372 17 35 3 65 3
2949 BLOCK 30 53
2950 ORDER 2373 76 38 1 19 0
2950 BLOCK 60 32
2951 ORDER 2374 30 9 2 19 0
2951 BLOCK 92 56
2952 UNBLOCK 21 45
2952 ORDER 2375 16 18 2 41 0
2953 UNBLOCK 20 38
2953 ORDER 2376 8 51 2 48 0
2954 BLOCK 44 39
2955 ORDER 2377 27 27 3 13 2
2955 BLOCK 79 36
2957 ORDER 2378 61 60 3 6 0
2958 UNBLOCK 29 33
2959 ORDER 2379 39 44 1 58 1
2959 BLOCK 19 35
2960 ORDER 2380 55 51 3 38 3
2961 UNBLOCK 79 36
2961 ORDER 2381 6 50 2 9 1
2962 UNBLOCK 77 18
2962 ORDER 2382 19 11 72 68 0
2963 UNBLOCK 57 53
2963 ORDER 2383 30 59 60 67 1
2964 ORDER 2384 27 30 2 61 0
2965 ORDER 2385 20 17 73 68 0
2966 ORDER 2386 17 39 42 67 2
2966 BLOCK 50 23
2967 UNBLOCK 92 56
2967 ORDER 2387 87 6 1 42 0
2967 BLOCK 46 9
2968 ORDER 2388 29 18 96 68 0
2969 CANCEL 2279
2969 ORDER 2389 7 32 63 68 0
2970 ORDER 2390 49 12 58 67 0
2972 UNBLOCK 71 68
2972 BLOCK 24 6
2973 ORDER 2391 57 59 2 32 0
2975 ORDER 2392 41 45 1 36 0
2975 BLOCK 93 12
2976 BLOCK 26 23
2977 UNBLOCK 41 51
2977 ORDER 2393 69 14 51 67 1
2978 ORDER 2394 59 12 31 67 0
2978 BLOCK 28 67
2979 ORDER 2395 30 62 1 62 0
2980 ORDER 2396 59 14 98 67 2
2981 ORDER 2397 71 18 42 68 0
2982 ORDER 2398 47 9 89 67 0
2982 BLOCK 19 48
2983 UNBLOCK 23 24
2983 ORDER 2399 27 35 25 68 0
2984 ORDER 2400 63 5 22 68 1
2984 BLOCK 57 12
2985 UNBLOCK 60 32
2985 UNBLOCK 44 39
2985 ORDER 2401 85 51 38 67 0
2985 BLOCK 25 39
2986 ORDER 2402 10 14 1 25 0
2987 ORDER 2403 18 63 57 68 0
2987 BLOCK 50 57
2988 UNBLOCK 63 27
2988 UNBLOCK 93 12
2988 ORDER 2404 11 56 2 55 1
2989 UNBLOCK 95 36
2989 BLOCK 52 55
2990 ORDER 2405 94 11 3 9 0
2991 UNBLOCK 50 23
2991 ORDER 2406 56 33 2 3 0
2992 ORDER 2407 64 56 3 68 0
2992 BLOCK 58 39
2993 UNBLOCK 25 68
2993 UNBLOCK 26 23
2993 ORDER 2408 66 60 10 67 1
2994 UNBLOCK 12 57
2994 UNBLOCK 78 68
2994 ORDER 2409 62 42 63 67 0
2994 BLOCK 86 45
2995 UNBLOCK 76 2
2995 ORDER 2410 74 21 1 14 0
2995 BLOCK 47 60
2996 ORDER 2411 76 57 91 68 1
2996 BLOCK 73 62
2997 ORDER 2412 48 17 3 63 0
2998 ORDER 2413 8 60 1 47 0
2998 BLOCK 81 28
2999 UNBLOCK 30 53
2999 ORDER 2414 80 65 3 52 0
3000 ORDER 2415 20 42 19 67 1
3000 BLOCK 66 33
3001 UNBLOCK 30 22
3001 ORDER 2416 29 35 2 9 1
3001 CANCEL 102416
3001 BLOCK 24 57
3002 UNBLOCK 24 6
3002 ORDER 2417 90 36 13 67 0
3003 UNBLOCK 28 67
3003 UNBLOCK 47 60
3003 ORDER 2418 63 50 3 43 0
3004 UNBLOCK 73 62
3004 ORDER 2419 15 9 1 4 0
3005 ORDER 2420 57 11 50 67 0
3005 BLOCK 49 12
3006 ORDER 2421 13 42 28 67 0
3006 BLOCK 7 62
3007 ORDER 2422 8 41 3 9 0
3007 BLOCK 59 52
3008 ORDER 2423 40 65 1 41 0
3008 BLOCK 67 45
3009 ORDER 2424 85 62 1 60 0
3010 UNBLOCK 19 35
3010 UNBLOCK 49 12
3010 ORDER 2425 67 5 6 67 0
3011 ORDER 2426 42 6 94 67 1
3011 BLOCK 50 57
3012 ORDER 2427 68 14 65 68 1
3013 ORDER 2428 63 26 3 31 0
3014 UNBLOCK 46 9
3014 ORDER 2429 66 33 3 12 0
3014 BLOCK 80 2
3015 ORDER 2430 12 39 3 37 2
3016 UNBLOCK 25 39
3017 UNBLOCK 86 45
3017 ORDER 2431 90 29 2 52 1
3017 BLOCK 5 67
3018 ORDER 2432 86 23 22 67 0
3018 BLOCK 83 41
3019 ORDER 2433 85 57 1 66 0
3019 BLOCK 51 26
3020 ORDER 2434 82 24 1 52 1
3020 BLOCK 74 65
3021 ORDER 2435 17 56 1 36 0
3021 BLOCK 80 62
3022 UNBLOCK 80 2
3022 ORDER 2436 13 42 82 68 0
3022 BLOCK 38 36
3023 ORDER 2437 14 51 1 32 0
3024 ORDER 2438 13 17 2 45 1
3025 BLOCK 42 1
3026 UNBLOCK 24 57
3026 ORDER 2439 51 59 8 68 0
3026 BLOCK 49 14
3027 UNBLOCK 5 67
3027 ORDER 2440 59 26 1 35 0
3027 BLOCK 56 63
3028 ORDER 2441 65 56 24 67 0
3028 BLOCK 78 59
3029 ORDER 2442 47 3 39 67 0
3030 ORDER 2443 46 63 1 53 1
3031 ORDER 2444 82 50 2 26 0
3032 ORDER 2445 20 45 16 67 0
3032 BLOCK 45 32
3033 UNBLOCK 57 12
3033 ORDER 2446 36 24 2 13 1
3033 BLOCK 19 17
3034 UNBLOCK 19 48
3034 ORDER 2447 72 8 3 32 0
3034 BLOCK 91 59
3035 ORDER 2448 59 12 96 67 0
3036 ORDER 2449 33 60 3 16 0
3037 UNBLOCK 58 39
3037 ORDER 2450 39 42 62 68 0
3038 ORDER 2451 19 26 3 32 1
3038 BLOCK 42 11
3039 UNBLOCK 56 63
3039 ORDER 2452 68 54 52 68 0
3040 ORDER 2453 76 48 3 59 1
3040 BLOCK 20 8
3041 UNBLOCK 66 33
3041 UNBLOCK 67 45
3041 ORDER 2454 88 6 56 68 0
3041 BLOCK 20 44
3043 UNBLOCK 52 55
3043 UNBLOCK 80 62
3043 ORDER 2455 45 50 3 34 0
3043 BLOCK 11 59
3044 UNBLOCK 81 28
3044 UNBLOCK 59 52
3044 UNBLOCK 49 14
3044 ORDER 2456 72 41 36 68 1
3045 ORDER 2457 21 56 2 46 0
3045 BLOCK 33 54
3046 ORDER 2458 21 57 1 13 0
3047 UNBLOCK 50 57
3047 ORDER 2459 39 5 3 38 0
3048 CANCEL 2341
3048 UNBLOCK 7 62
3048 UNBLOCK 38 36
3048 ORDER 2460 40 29 87 68 0
3049 ORDER 2461 83 65 47 67 0
3049 BLOCK 95 68
3050 ORDER 2462 88 36 70 68 0
3051 ORDER 2463 16 13 3 13 0
3052 ORDER 2464 83 27 1 5 0
3053 UNBLOCK 83 41
3053 ORDER 2465 46 36 1 28 0
3053 BLOCK 63 53
3054 ORDER 2466 20 11 1 31 2
3055 UNBLOCK 50 57
3055 BLOCK 14 53
3056 BLOCK 25 1
3057 ORDER 2467 16 30 6 67 0
3058 BLOCK 75 39
3059 UNBLOCK 11 59
3059 ORDER 2468 29 60 2 36 0
3060 ORDER 2469 48 57 4 68 1
3060 BLOCK 93 12
3061 ORDER 2470 23 14 1 12 0
3063 ORDER 2471 62 24 2 30 2
3063 BLOCK 28 21
3064 ORDER 2472 19 14 75 67 1
3064 BLOCK 94 54
3065 BLOCK 83 42
3066 UNBLOCK 74 65
3066 UNBLOCK 45 32
3066 ORDER 2473 7 45 2 38 1
3066 BLOCK 19 33
3067 ORDER 2474 75 38 1 53 0
3068 UNBLOCK 51 26
3068 UNBLOCK 95 68
3068 UNBLOCK 14 53
3068 ORDER 2475 86 20 1 61 0
3069 ORDER 2476 90 17 30 68 1
3069 BLOCK 74 33
3070 UNBLOCK 42 1
3070 UNBLOCK 83 42
3070 ORDER 2477 47 63 48 67 0
3071 UNBLOCK 33 54
3071 BLOCK 50 11
3072 ORDER 2478 70 21 2 20 2
3072 BLOCK 16 47
3073 ORDER 2479 29 9 3 65 0
3075 ORDER 2480 89 41 2 13 1
3075 BLOCK 15 65
3076 ORDER 2481 74 5 23 68 1
3076 BLOCK 25 54
3077 UNBLOCK 20 8
3077 UNBLOCK 74 33
3077 ORDER 2482 27 63 2 19 1
3077 BLOCK 89 59
3078 UNBLOCK 42 11
3079 BLOCK 70 65
3080 ORDER 2483 45 50 2 8 0
3081 ORDER 2484 80 54 1 25 0
3082 UNBLOCK 19 17
3082 ORDER 2485 32 18 3 52 0
3082 BLOCK 80 1
3083 ORDER 2486 95 30 49 68 3
3083 BLOCK 92 45
3084 UNBLOCK 78 59
3084 UNBLOCK 63 53
3084 ORDER 2487 10 48 2 26 0
3084 BLOCK 58 27
3085 ORDER 2488 45 21 83 67 0
3086 ORDER 2489 38 47 9 67 1
3087 UNBLOCK 91 59
3088 ORDER 2490 94 65 2 18 0
3088 BLOCK 69 59
3089 ORDER 2491 85 3 1 66 3
3089 BLOCK 58 50
3090 ORDER 2492 27 39 32 68 1
3090 BLOCK 9 39
3091 BLOCK 60 32
3092 ORDER 2493 84 15 2 18 0
3092 BLOCK 93 9
3093 ORDER 2494 48 45 27 67 0
3093 BLOCK 34 47
3094 ORDER 2495 6 54 1 59 1
3095 UNBLOCK 20 44
3095 UNBLOCK 25 1
3095 UNBLOCK 89 59
3095 ORDER 2496 17 32 61 68 0
3095 BLOCK 58 38
3096 ORDER 2497 41 9 3 49 1
3097 CANCEL 2332
3097 ORDER 2498 71 41 2 4 1
3098 CANCEL 2387
3098 UNBLOCK 58 27
3098 ORDER 2499 19 12 3 4 1
3099 ORDER 2500 44 11 1 11 1
3100 UNBLOCK 92 45
3100 UNBLOCK 9 39
3101 UNBLOCK 19 33
3101 ORDER 2501 84 33 97 67 0
3101 BLOCK 36 30
3102 ORDER 2502 10 6 68 68 1
3103 BLOCK 25 59
3104 ORDER 2503 57 47 1 61 0
3105 ORDER 2504 54 57 1 57 3
3106 ORDER 2505 76 6 3 16 0
3107 UNBLOCK 50 11
3107 UNBLOCK 69 59
3107 ORDER 2506 37 41 1 24 0
3108 UNBLOCK 16 47
3109 ORDER 2507 29 57 3 52 0
3110 UNBLOCK 93 12
3110 ORDER 2508 59 45 2 20 0
3110 BLOCK 49 1
3111 ORDER 2509 37 15 50 67 0
3111 BLOCK 59 5
3112 ORDER 2510 18 30 16 68 0
3112 BLOCK 66 65
3113 UNBLOCK 75 39
3113 ORDER 2511 76 48 2 31 2
3113 BLOCK 34 15
3114 UNBLOCK 36 30
3114 ORDER 2512 17 53 39 67 0
3114 BLOCK 21 5
3115 ORDER 2513 54 6 81 68 3
3116 ORDER 2514 73 42 3 33 0
3117 CANCEL 2394
3117 UNBLOCK 80 1
3117 ORDER 2515 55 33 3 11 1
3117 BLOCK 95 67
3118 UNBLOCK 25 54
3118 UNBLOCK 34 15
3118 ORDER 2516 36 48 7 68 3
3118 BLOCK 10 24
3119 ORDER 2517 31 47 95 68 1
3119 BLOCK 93 12
3120 ORDER 2518 15 53 92 67 0
3120 BLOCK 38 36
3121 UNBLOCK 94 54
3121 UNBLOCK 49 1
3121 UNBLOCK 66 65
3121 ORDER 2519 87 62 22 67 0
3121 BLOCK 61 21
3122 UNBLOCK 28 21
3122 ORDER 2520 52 50 1 39 0
3122 BLOCK 12 8
3123 ORDER 2521 56 48 2 14 0
3124 UNBLOCK 15 65
3124 UNBLOCK 25 59
3124 ORDER 2522 73 15 1 48 1
3125 UNBLOCK 21 5
3125 BLOCK 31 47
3126 UNBLOCK 58 50
3127 UNBLOCK 12 8
3127 ORDER 2523 53 33 27 67 0
3127 BLOCK 89 51
3128 ORDER 2524 90 57 3 53 1
3129 CANCEL 2504
3129 ORDER 2525 94 23 3 36 0
3130 ORDER 2526 53 41 2 49 0
3130 BLOCK 44 42
3131 BLOCK 71 45
3132 UNBLOCK 58 38
3132 ORDER 2527 8 62 2 14 1
3133 BLOCK 11 3
3134 ORDER 2528 40 56 1 25 0
3134 BLOCK 9 14
3135 UNBLOCK 60 32
3135 ORDER 2529 67 38 86 68 0
3135 BLOCK 21 56
3136 ORDER 2530 15 9 11 68 1
3137 ORDER 2531 9 24 3 36 1
3137 BLOCK 64 5
3138 UNBLOCK 70 65
3138 ORDER 2532 66 21 3 1 3
3139 UNBLOCK 11 3
3139 ORDER 2533 28 30 2 11 0
3140 ORDER 2534 41 56 3 18 0
3140 BLOCK 5 54
3141 ORDER 2535 21 45 8 68 0
3142 ORDER 2536 48 48 23 68 0
3142 BLOCK 39 54
3143 ORDER 2537 7 14 31 68 2
3143 BLOCK 28 36
3144 BLOCK 88 63
3145 UNBLOCK 9 14
3145 BLOCK 24 23
3146 ORDER 2538 35 8 3 43 2
3146 BLOCK 46 18
3147 UNBLOCK 93 9
3147 UNBLOCK 34 47
3148 ORDER 2539 48 48 2 11 0
3149 ORDER 2540 29 57 3 20 1
3150 UNBLOCK 10 24
3150 UNBLOCK 88 63
3150 ORDER 2541 56 9 2 31 3
3151 ORDER 2542 23 65 2 44 0
3152 ORDER 2543 59 17 2 2 0
3152 BLOCK 40 17
3153 ORDER 2544 55 33 15 68 0
3154 UNBLOCK 93 12
3154 ORDER 2545 10 18 1 37 0
3154 BLOCK 83 23
3155 ORDER 2546 6 57 2 5 0
3155 BLOCK 42 68
3156 UNBLOCK 59 5
3156 UNBLOCK 21 56
3156 ORDER 2547 63 11 34 67 2
3156 BLOCK 16 33
3157 ORDER 2548 63 17 53 67 0
3157 BLOCK 23 23
3158 ORDER 2549 6 44 1 25 0
3158 BLOCK 65 66
3159 ORDER 2550 48 27 1 58 1
3159 BLOCK 71 68
3160 ORDER 2551 58 56 1 32 0
3160 BLOCK 54 2
3162 ORDER 2552 76 3 56 68 1
3162 BLOCK 58 32
3163 UNBLOCK 61 21
3163 UNBLOCK 71 45
3163 ORDER 2553 89 35 1 19 1
3164 UNBLOCK 38 36
3164 BLOCK 71 8
3166 CANCEL 2543
3166 ORDER 2554 63 15 1 19 0
3166 BLOCK 49 23
3167 UNBLOCK 39 54
3167 ORDER 2555 54 9 3 7 1
3167 BLOCK 89 67
3168 UNBLOCK 95 67
3169 ORDER 2556 44 65 1 45 0
3169 BLOCK 72 63
3170 UNBLOCK 31 47
3170 UNBLOCK 24 23
3170 ORDER 2557 64 44 98 68 0
3170 BLOCK 51 32
3171 ORDER 2558 84 27 45 68 0
3172 ORDER 2559 81 35 3 26 0
3172 BLOCK 70 63
3173 ORDER 2560 66 8 52 67 2
3173 BLOCK 52 44
3174 ORDER 2561 85 57 3 33 1
3174 BLOCK 17 50
3175 ORDER 2562 62 23 2 66 0
3175 BLOCK 32 5
3176 ORDER 2563 92 8 22 67 0
3176 BLOCK 6 63
3177 UNBLOCK 44 42
3177 UNBLOCK 54 2
3177 ORDER 2564 89 3 64 68 1
3178 ORDER 2565 82 39 2 2 0
3178 BLOCK 44 35
3179 ORDER 2566 90 56 12 67 0
3179 BLOCK 79 30
3180 UNBLOCK 64 5
3180 ORDER 2567 11 42 2 12 0
3181 ORDER 2568 29 63 82 67 2
3182 BLOCK 94 38
3183 ORDER 2569 86 6 97 67 0
3183 BLOCK 21 67
3184 UNBLOCK 89 51
3184 ORDER 2570 29 11 3 25 0
3184 BLOCK 48 45
3185 ORDER 2571 29 42 1 67 1
3186 UNBLOCK 5 54
3186 ORDER 2572 16 20 2 5 0
3187 ORDER 2573 79 60 20 68 0
3187 BLOCK 62 3
3188 UNBLOCK 79 30
3188 ORDER 2574 45 54 2 24 0
3189 ORDER 2575 54 65 2 58 0
3190 ORDER 2576 28 11 2 53 0
3191 UNBLOCK 44 35
3191 ORDER 2577 28 3 2 13 0
3192 UNBLOCK 28 36
3192 ORDER 2578 50 23 26 68 0
3192 BLOCK 32 59
3193 ORDER 2579 81 5 37 67 0
3194 UNBLOCK 17 50
3194 ORDER 2580 51 63 3 62 0
3195 UNBLOCK 40 17
3195 ORDER 2581 67 21 2 26 0
3195 BLOCK 28 9
3196 CANCEL 2433
3196 UNBLOCK 70 63
3196 UNBLOCK 94 38
3196 ORDER 2582 62 11 84 68 0
3196 BLOCK 35 67
3197 ORDER 2583 30 44 1 23 0
3198 ORDER 2584 57 18 72 67 1
3199 UNBLOCK 21 67
3199 ORDER 2585 93 51 1 22 1
3199 BLOCK 69 60
3200 UNBLOCK 46 18
3200 UNBLOCK 72 63
3200 ORDER 2586 86 21 1 22 1
3200 BLOCK 53 50
3201 UNBLOCK 16 33
3201 UNBLOCK 35 67
3201 ORDER 2587 22 63 3 27 0
3201 BLOCK 89 14
3202 UNBLOCK 71 68
3202 ORDER 2588 8 47 66 68 1
3203 UNBLOCK 52 44
3203 ORDER 2589 83 48 3 29 0
3203 BLOCK 40 23
3204 UNBLOCK 42 68
3204 BLOCK 61 9
3205 ORDER 2590 27 9 53 67 1
3206 ORDER 2591 36 60 46 68 0
3207 ORDER 2592 37 27 1 62 0
3207 BLOCK 88 2
3208 UNBLOCK 58 32
3208 ORDER 2593 80 39 1 60 0
3208 BLOCK 8 18
3209 CANCEL 2468
3209 ORDER 2594 66 44 47 68 2
3210 UNBLOCK 61 9
3211 CANCEL 2536
3211 UNBLOCK 83 23
3211 ORDER 2595 92 39 31 68 1
3212 ORDER 2596 81 44 1 36 1
3212 BLOCK 71 51
3213 ORDER 2597 16 41 3 22 0
3213 BLOCK 38 11
3214 ORDER 2598 33 41 58 67 1
3215 UNBLOCK 6 63
3215 ORDER 2599 47 5 43 68 0
3215 BLOCK 48 59
3216 UNBLOCK 48 45
3216 ORDER 2600 83 21 1 53 0
3216 BLOCK 21 3
3217 UNBLOCK 23 23
3217 UNBLOCK 65 66
3217 UNBLOCK 51 32
3218 ORDER 2601 26 32 1 44 0
3219 ORDER 2602 31 12 58 67 0
3220 UNBLOCK 71 8
3220 UNBLOCK 71 51
3220 ORDER 2603 7 5 1 43 0
3221 UNBLOCK 49 23
3221 ORDER 2604 37 38 2 22 0
3222 ORDER 2605 94 23 10 67 3
3224 UNBLOCK 28 9
3224 BLOCK 95 17
3225 UNBLOCK 21 3
3225 ORDER 2606 40 44 63 67 0
3226 ORDER 2607 49 59 2 66 0
3226 BLOCK 59 2
3227 UNBLOCK 89 67
3227 ORDER 2608 46 65 3 26 0
3228 UNBLOCK 69 60
3228 ORDER 2609 7 50 2 5 0
3230 ORDER 2610 91 63 2 54 0
3230 BLOCK 64 60
3232 UNBLOCK 32 5
3232 UNBLOCK 59 2
3232 ORDER 2611 26 39 1 28 1
3232 BLOCK 21 60
3233 ORDER 2612 83 6 48 68 3
3235 ORDER 2613 83 41 2 38 1
3235 BLOCK 53 31
3236 BLOCK 67 68
3237 UNBLOCK 88 2
3237 BLOCK 65 20
3238 UNBLOCK 53 50
3238 UNBLOCK 89 14
3238 BLOCK 47 68
3239 ORDER 2614 28 20 3 33 1
3240 ORDER 2615 87 62 2 66 0
3240 BLOCK 91 24
3241 UNBLOCK 62 3
3241 ORDER 2616 61 26 51 68 1
3241 BLOCK 13 27
3242 ORDER 2617 52 39 14 67 0
3242 BLOCK 68 21
3243 ORDER 2618 47 9 1 32 0
3243 BLOCK 9 66
3244 ORDER 2619 28 63 1 53 0
3245 ORDER 2620 66 21 3 22 0
3247 BLOCK 18 54
3248 UNBLOCK 32 59
3248 UNBLOCK 8 18
3248 ORDER 2621 63 11 71 67 0
3249 UNBLOCK 40 23
3249 ORDER 2622 57 3 36 67 1
3249 BLOCK 61 62
3250 UNBLOCK 38 11
3250 UNBLOCK 48 59
3250 UNBLOCK 91 24
3250 UNBLOCK 13 27
3250 ORDER 2623 41 44 49 68 1
3252 ORDER 2624 54 39 47 68 0
3253 UNBLOCK 67 68
3253 ORDER 2625 18 6 41 67 0
3254 UNBLOCK 47 68
3254 ORDER 2626 50 27 2 30 2
3255 ORDER 2627 10 41 78 68 0
3255 BLOCK 34 33
3256 ORDER 2628 63 9 50 68 3
3256 BLOCK 12 14
3257 ORDER 2629 53 39 2 52 0
3257 BLOCK 91 38
3258 ORDER 2630 92 8 1 40 0
3259 ORDER 2631 70 20 3 3 0
3260 UNBLOCK 21 60
3260 UNBLOCK 34 33
3260 ORDER 2632 59 3 2 16 0
3261 ORDER 2633 80 42 8 67 0
3262 ORDER 2634 44 24 2 22 1
3262 BLOCK 55 50
3263 UNBLOCK 53 31
3263 UNBLOCK 68 21
3264 UNBLOCK 64 60
3264 ORDER 2635 77 65 2 32 1
3264 BLOCK 80 53
3265 ORDER 2636 77 51 1 23 1
3265 BLOCK 92 45
3266 ORDER 2637 25 48 1 47 0
3267 ORDER 2638 27 39 3 42 0
3267 BLOCK 50 62
3268 ORDER 2639 73 24 1 45 0
3269 UNBLOCK 80 53
3269 ORDER 2640 21 65 2 20 0
3269 BLOCK 91 23
3270 UNBLOCK 18 54
3270 UNBLOCK 55 50
3270 ORDER 2641 58 11 1 14 0
3270 BLOCK 57 9
3271 ORDER 2642 24 39 3 28 2
3271 BLOCK 17 45
3272 UNBLOCK 12 14
3272 ORDER 2643 93 35 3 19 0
3272 BLOCK 93 2
3273 ORDER 2644 55 60 3 9 0
3273 BLOCK 25 54
3274 ORDER 2645 42 32 46 68 0
3274 BLOCK 31 41
3275 ORDER 2646 48 32 1 59 0
3275 BLOCK 85 55
3276 UNBLOCK 95 17
3276 BLOCK 37 46
3277 UNBLOCK 50 62
3277 ORDER 2647 87 57 97 67 0
3278 UNBLOCK 61 62
3278 ORDER 2648 16 51 78 67 0
3278 BLOCK 28 27
3279 ORDER 2649 28 59 23 67 0
3280 ORDER 2650 25 39 37 68 0
3280 BLOCK 58 50
3281 ORDER 2651 12 9 3 46 0
3282 ORDER 2652 57 9 2 50 0
3282 BLOCK 89 8
3283 ORDER 2653 16 14 2 62 0
3283 BLOCK 16 14
3284 ORDER 2654 65 41 34 67 1
3284 BLOCK 66 33
3285 UNBLOCK 58 50
3285 ORDER 2655 18 18 3 11 2
3286 CANCEL 2517
3286 ORDER 2656 48 18 3 10 0
3287 BLOCK 36 47
3288 CANCEL 2606
3288 UNBLOCK 91 23
3289 ORDER 2657 15 24 61 67 0
3289 BLOCK 34 41
3290 ORDER 2658 16 5 16 68 0
3290 BLOCK 56 65
3291 UNBLOCK 65 20
3291 ORDER 2659 64 63 1 20 3
3291 BLOCK 59 52
3292 UNBLOCK 36 47
3292 ORDER 2660 57 9 12 68 0
3292 BLOCK 41 12
3293 ORDER 2661 12 9 3 34 0
3294 UNBLOCK 9 66
3294 ORDER 2662 88 48 1 1 1
3294 BLOCK 46 18
3295 BLOCK 27 35
3296 UNBLOCK 89 8
3296 ORDER 2663 81 51 8 67 0
3296 BLOCK 28 9
3297 ORDER 2664 57 7 3 28 1
3298 CANCEL 2581
3298 ORDER 2665 34 45 3 20 0
3298 BLOCK 73 3
3299 ORDER 2666 65 57 2 23 1
3300 ORDER 2667 77 33 1 16 0
3300 BLOCK 25 64
3301 ORDER 2668 83 50 1 28 0
3302 ORDER 2669 25 53 2 29 1
3302 BLOCK 83 38
3303 ORDER 2670 73 30 1 56 1
3303 BLOCK 44 65
3304 ORDER 2671 22 29 2 14 3
3304 BLOCK 48 12
3305 ORDER 2672 51 30 88 68 0
3305 BLOCK 13 23
3306 ORDER 2673 24 57 1 34 0
3306 BLOCK 21 35
3307 ORDER 2674 34 33 3 6 0
3307 BLOCK 59 49
3308 CANCEL 2672
3308 ORDER 2675 94 48 3 58 1
3308 BLOCK 24 45
3309 ORDER 2676 31 56 78 67 1
3310 ORDER 2677 27 65 94 68 0
3311 ORDER 2678 32 20 96 68 1
3312 ORDER 2679 25 30 3 10 0
3313 UNBLOCK 91 38
3314 ORDER 2680 28 18 3 12 3
3315 UNBLOCK 83 38
3315 ORDER 2681 28 48 89 67 0
3316 UNBLOCK 16 14
3316 UNBLOCK 48 12
3316 ORDER 2682 35 54 27 67 0
3317 ORDER 2683 64 59 73 67 0
3318 UNBLOCK 92 45
3318 UNBLOCK 28 27
3318 UNBLOCK 46 18
3318 ORDER 2684 56 3 18 67 0
3319 ORDER 2685 28 65 96 68 0
3319 BLOCK 17 9
3320 UNBLOCK 56 65
3320 BLOCK 36 62
3322 UNBLOCK 93 2
3322 UNBLOCK 31 41
3322 UNBLOCK 66 33
3322 ORDER 2686 24 35 8 67 0
3323 ORDER 2687 93 12 19 67 2
3323 BLOCK 11 39
3324 ORDER 2688 85 42 54 67 0
3324 BLOCK 30 6
3325 UNBLOCK 25 54
3325 UNBLOCK 37 46
3325 ORDER 2689 55 41 2 33 0
3326 UNBLOCK 57 9
3326 ORDER 2690 9 47 76 67 3
3326 BLOCK 48 41
3327 UNBLOCK 28 9
3327 ORDER 2691 18 30 3 24 1
3327 BLOCK 64 68
3328 CANCEL 2670
3328 ORDER 2692 25 62 14 67 0
3329 ORDER 2693 46 17 1 13 0
3329 BLOCK 43 3
3330 UNBLOCK 17 45
3330 ORDER 2694 49 60 2 65 0
3331 BLOCK 9 67
3332 UNBLOCK 34 41
3332 UNBLOCK 25 64
3332 ORDER 2695 70 18 3 9 1
3333 CANCEL 2669
3333 ORDER 2696 38 59 2 61 0
3334 UNBLOCK 59 49
3334 ORDER 2697 65 38 1 15 1
3334 BLOCK 33 23
3335 UNBLOCK 85 55
3335 ORDER 2698 39 57 59 67 3
3335 BLOCK 39 56
3336 UNBLOCK 73 3
3336 UNBLOCK 64 68
3336 ORDER 2699 80 42 3 27 1
3336 BLOCK 47 66
3337 UNBLOCK 27 35
3337 UNBLOCK 44 65
3337 UNBLOCK 13 23
3337 ORDER 2700 67 6 1 44 0
3338 UNBLOCK 21 35
3338 ORDER 2701 45 56 96 67 0
3339 UNBLOCK 48 41
3339 ORDER 2702 9 27 3 10 2
3339 BLOCK 14 20
3340 ORDER 2703 15 21 80 67 1
3340 BLOCK 94 29
3341 ORDER 2704 80 54 2 32 0
3341 BLOCK 95 35
3342 ORDER 2705 66 44 1 65 1
3343 ORDER 2706 22 12 1 25 0
3344 UNBLOCK 41 12
3344 UNBLOCK 9 67
3344 ORDER 2707 82 11 3 35 0
3344 BLOCK 7 27
3345 ORDER 2708 77 15 97 68 0
3346 ORDER 2709 80 26 3 39 0
3346 BLOCK 53 33
3347 UNBLOCK 11 39
3347 BLOCK 86 41
3348 ORDER 2710 30 46 92 68 0
3348 BLOCK 62 58
3349 ORDER 2711 86 14 1 34 1
3350 UNBLOCK 36 62
3350 ORDER 2712 38 6 1 35 2
3351 UNBLOCK 59 52
3352 ORDER 2713 94 62 84 68 1
3353 ORDER 2714 35 12 1 5 2
3354 ORDER 2715 84 51 3 30 0
3355 ORDER 2716 13 59 47 67 1
3355 BLOCK 5 21
3356 ORDER 2717 37 21 14 68 2
3356 BLOCK 94 66
3357 UNBLOCK 7 27
3357 ORDER 2718 72 47 1 38 1
3358 ORDER 2719 85 6 1 22 0
3359 ORDER 2720 18 12 1 55 0
3360 ORDER 2721 81 5 7 67 0
3362 ORDER 2722 29 18 88 68 0
3363 UNBLOCK 39 56
3363 ORDER 2723 86 24 18 67 0
3363 BLOCK 38 17
3364 UNBLOCK 5 21
3364 ORDER 2724 37 21 80 68 0
3365 BLOCK 68 29
3366 ORDER 2725 83 21 1 43 0
3367 ORDER 2726 30 20 2 38 0
3368 UNBLOCK 24 45
3368 ORDER 2727 59 14 44 68 0
3369 UNBLOCK 43 3
3369 ORDER 2728 25 8 25 67 3
3370 UNBLOCK 94 29
3370 ORDER 2729 32 5 32 67 1
3370 BLOCK 73 1
3371 ORDER 2730 84 9 1 33 1
3372 ORDER 2731 17 62 2 46 1
3373 BLOCK 5 52
3374 UNBLOCK 17 9
3374 ORDER 2732 89 54 5 68 0
3375 BLOCK 19 11
3376 ORDER 2733 61 51 16 67 1
3376 BLOCK 47 17
3377 ORDER 2734 78 59 2 54 0
3378 ORDER 2735 61 38 2 66 0
3379 UNBLOCK 47 66
3379 ORDER 2736 70 38 3 22 2
3380 ORDER 2737 42 32 1 10 1
3381 UNBLOCK 86 41
3381 ORDER 2738 62 17 3 5 1
3382 ORDER 2739 39 12 46 67 0
3383 UNBLOCK 30 6
3383 UNBLOCK 14 20
3383 BLOCK 60 63
3384 ORDER 2740 46 3 46 68 0
3384 BLOCK 49 33
3386 ORDER 2741 26 38 89 67 0
3387 ORDER 2742 29 60 3 62 0
3387 BLOCK 56 45
3388 CANCEL 2618
3388 ORDER 2743 22 47 48 68 0
3389 UNBLOCK 95 35
3389 UNBLOCK 68 29
3389 ORDER 2744 92 30 1 21 0
3389 BLOCK 85 23
3390 UNBLOCK 33 23
3390 ORDER 2745 23 33 69 67 0
3390 BLOCK 86 18
3391 ORDER 2746 28 27 57 67 0
3391 BLOCK 63 23
3392 ORDER 2747 23 48 2 36 1
3392 BLOCK 70 57
3393 ORDER 2748 21 11 74 67 0
3394 ORDER 2749 40 63 2 10 2
3394 BLOCK 92 21
3395 ORDER 2750 64 51 45 67 2
3396 UNBLOCK 53 33
3396 ORDER 2751 29 42 25 68 1
3397 ORDER 2752 12 38 3 62 0
3397 BLOCK 35 50
3398 UNBLOCK 85 23
3398 ORDER 2753 22 24 2 14 0
3398 BLOCK 37 62
3399 BLOCK 72 47
3400 ORDER 2754 32 9 2 36 0
3401 UNBLOCK 94 66
3401 ORDER 2755 32 59 8 68 0
3401 BLOCK 54 51
3402 BLOCK 50 44
3403 UNBLOCK 38 17
3403 ORDER 2756 95 59 3 23 0
3404 ORDER 2757 16 57 5 67 3
3405 UNBLOCK 62 58
3405 UNBLOCK 86 18
3405 ORDER 2758 93 42 7 68 0
3405 BLOCK 33 58
3406 ORDER 2759 94 11 3 64 1
3406 BLOCK 13 7
3407 ORDER 2760 35 39 1 54 1
3407 BLOCK 69 49
3408 ORDER 2761 77 42 61 67 0
3408 BLOCK 9 33
3409 UNBLOCK 92 21
3409 ORDER 2762 24 5 85 68 0
3409 BLOCK 12 59
3410 ORDER 2763 7 45 1 44 1
3410 BLOCK 60 3
3411 ORDER 2764 25 11 3 37 0
3412 ORDER 2765 78 29 2 43 3
3413 UNBLOCK 19 11
3414 BLOCK 54 61
3415 UNBLOCK 60 63
3415 ORDER 2766 90 9 1 67 0
3415 BLOCK 64 39
3416 ORDER 2767 46 44 1 49 2
3417 UNBLOCK 70 57
3417 UNBLOCK 37 62
3417 UNBLOCK 9 33
3417 ORDER 2768 76 56 62 67 1
3418 BLOCK 52 44
3419 UNBLOCK 49 33
3419 ORDER 2769 92 11 81 67 3
3419 BLOCK 42 38
3420 CANCEL 2698
3420 ORDER 2770 6 18 3 32 0
3421 UNBLOCK 73 1
3421 ORDER 2771 51 32 3 52 0
3421 BLOCK 65 46
3422 BLOCK 54 38
3424 ORDER 2772 12 41 45 67 0
3425 CANCEL 2687
3425 ORDER 2773 68 17 2 46 1
3425 BLOCK 81 23
3426 ORDER 2774 23 24 3 28 0
3426 BLOCK 33 4
3427 UNBLOCK 5 52
3427 ORDER 2775 86 16 2 45 0
3428 UNBLOCK 63 23
3428 UNBLOCK 72 47
3428 ORDER 2776 21 54 6 68 0
3430 ORDER 2777 79 38 3 67 1
3430 BLOCK 19 42
3431 ORDER 2778 27 38 3 14 0
3431 BLOCK 32 1
3432 UNBLOCK 47 17
3432 UNBLOCK 64 39
3432 ORDER 2779 44 65 1 19 0
3433 ORDER 2780 91 33 31 68 0
3433 BLOCK 92 68
3434 UNBLOCK 56 45
3434 ORDER 2781 71 29 3 1 0
3434 BLOCK 79 12
3435 ORDER 2782 54 3 43 68 3
3435 BLOCK 13 38
3436 ORDER 2783 80 62 1 67 1
3436 BLOCK 50 65
3437 UNBLOCK 12 59
3437 ORDER 2784 22 27 1 41 2
3437 BLOCK 62 11
3438 ORDER 2785 47 56 60 67 0
3439 UNBLOCK 13 7
3439 ORDER 2786 49 17 3 2 0
3440 UNBLOCK 42 38
3440 BLOCK 90 12
3441 ORDER 2787 70 47 26 67 0
3441 BLOCK 62 56
3442 ORDER 2788 56 48 1 15 0
3442 BLOCK 17 24
3443 UNBLOCK 50 44
3443 UNBLOCK 81 23
3443 ORDER 2789 21 59 3 54 1
3443 BLOCK 31 63
3444 UNBLOCK 54 61
3444 ORDER 2790 33 6 1 8 0
3444 BLOCK 91 27
3445 UNBLOCK 32 1
3445 ORDER 2791 74 20 1 61 0
3445 BLOCK 83 53
3446 UNBLOCK 54 51
3446 BLOCK 94 44
3447 BLOCK 70 15
3448 ORDER 2792 68 50 3 33 0
3449 UNBLOCK 31 63
3449 BLOCK 32 35
3450 ORDER 2793 34 42 16 68 1
3450 BLOCK 91 5
3451 BLOCK 14 10
3452 ORDER 2794 92 42 7 67 2
3452 BLOCK 72 53
3453 ORDER 2795 59 8 80 67 0
3453 BLOCK 95 51
3454 ORDER 2796 28 3 3 62 1
3454 BLOCK 62 59
3456 UNBLOCK 35 50
3456 UNBLOCK 90 12
3456 ORDER 2797 29 39 2 29 0
3456 BLOCK 59 23
3457 UNBLOCK 91 27
3457 ORDER 2798 66 51 1 55 0
3457 BLOCK 15 2
3459 UNBLOCK 69 49
3459 ORDER 2799 31 6 10 67 0
3459 BLOCK 28 6
3460 ORDER 2800 63 48 3 15 0
3461 ORDER 2801 17 15 82 67 1
3461 BLOCK 69 22
3462 UNBLOCK 65 46
3462 ORDER 2802 46 3 1 44 0
3462 BLOCK 24 65
3463 ORDER 2803 70 20 3 31 2
3464 UNBLOCK 92 68
3464 UNBLOCK 17 24
3465 UNBLOCK 33 58
3465 ORDER 2804 77 32 73 68 1
3466 UNBLOCK 32 35
3466 ORDER 2805 35 57 42 68 3
3466 BLOCK 39 18
3467 ORDER 2806 70 33 2 22 1
3468 CANCEL 2803
3468 ORDER 2807 85 35 1 39 1
3469 UNBLOCK 60 3
3469 ORDER 2808 22 44 61 67 0
3469 BLOCK 73 56
3470 UNBLOCK 83 53
3470 ORDER 2809 16 8 1 48 0
3470 BLOCK 68 2
3471 UNBLOCK 52 44
3471 UNBLOCK 94 44
3471 ORDER 2810 74 38 67 67 1
3472 ORDER 2811 7 11 2 37 0
3472 BLOCK 28 57
3474 ORDER 2812 60 56 2 33 0
3475 UNBLOCK 59 23
3476 UNBLOCK 19 42
3476 ORDER 2813 31 33 3 7 1
3476 BLOCK 87 12
3477 ORDER 2814 51 44 2 42 1
3477 BLOCK 14 43
3479 UNBLOCK 79 12
3479 UNBLOCK 28 57
3479 ORDER 2815 31 18 17 68 2
3480 UNBLOCK 33 4
3480 ORDER 2816 45 50 65 68 0
3480 BLOCK 33 10
3481 UNBLOCK 54 38
3481 UNBLOCK 62 11
3481 ORDER 2817 59 38 34 68 1
3481 BLOCK 31 36
3482 UNBLOCK 62 59
3482 ORDER 2818 38 57 2 63 3
3482 BLOCK 90 51
3483 CANCEL 2681
3483 UNBLOCK 91 5
3483 ORDER 2819 35 42 1 39 2
3484 UNBLOCK 70 15
3484 UNBLOCK 24 65
3484 ORDER 2820 8 29 3 45 1
3485 UNBLOCK 33 10
3485 ORDER 2821 10 6 2 65 1
3486 UNBLOCK 62 56
3486 ORDER 2822 44 65 95 67 0
3486 BLOCK 31 30
3487 UNBLOCK 13 38
3487 ORDER 2823 77 47 3 51 1
3488 UNBLOCK 28 6
3488 ORDER 2824 64 51 9 68 1
3488 BLOCK 92 67
3489 UNBLOCK 50 65
3489 ORDER 2825 36 14 59 67 1
3490 UNBLOCK 72 53
3490 ORDER 2826 67 8 1 18 0
3491 UNBLOCK 87 12
3491 ORDER 2827 95 56 36 68 0
3491 BLOCK 10 53
3492 UNBLOCK 31 30
3492 ORDER 2828 66 30 1 66 1
3494 UNBLOCK 39 18
3494 ORDER 2829 57 56 2 36 2
3494 BLOCK 21 33
3495 UNBLOCK 14 43
3495 ORDER 2830 74 12 61 67 0
3495 BLOCK 69 26
3496 UNBLOCK 73 56
3496 ORDER 2831 27 9 1 58 0
3497 CANCEL 2765
3497 ORDER 2832 94 53 1 32 2
3497 BLOCK 8 30
3498 UNBLOCK 69 22
3498 ORDER 2833 6 57 3 61 0
3498 BLOCK 30 66
3499 ORDER 2834 12 38 2 16 0
3500 ORDER 2835 73 48 91 68 1
3501 ORDER 2836 24 59 2 17 1
3501 BLOCK 41 50
3502 UNBLOCK 95 51
3502 ORDER 2837 95 51 35 68 1
3503 ORDER 2838 39 59 24 67 2
3503 BLOCK 88 64
3505 UNBLOCK 68 2
3505 ORDER 2839 11 44 1 65 3
3505 BLOCK 32 50
3506 BLOCK 89 3
3507 UNBLOCK 14 10
3507 ORDER 2840 73 8 1 24 0
3508 ORDER 2841 32 41 3 7 0
3508 BLOCK 42 12
3509 ORDER 2842 82 33 29 68 0
3509 BLOCK 29 24
3511 BLOCK 8 17
3512 ORDER 2843 18 44 1 26 0
3512 BLOCK 60 29
3513 ORDER 2844 30 60 2 28 0
3513 BLOCK 43 9
3516 ORDER 2845 30 33 2 54 0
3516 BLOCK 5 67
3517 UNBLOCK 15 2
3517 ORDER 2846 56 26 1 62 0
3517 BLOCK 56 33
3518 UNBLOCK 90 51
3518 ORDER 2847 57 51 12 68 0
3519 UNBLOCK 10 53
3519 ORDER 2848 18 8 90 67 0
3519 BLOCK 32 67
3521 ORDER 2849 17 23 1 45 0
3521 BLOCK 35 41
3522 ORDER 2850 48 29 2 44 2
3522 BLOCK 45 11
3523 ORDER 2851 87 63 1 50 0
3524 UNBLOCK 92 67
3524 ORDER 2852 37 35 66 67 0
3525 UNBLOCK 30 66
3525 ORDER 2853 52 51 74 68 1
3525 BLOCK 51 41
3526 ORDER 2854 82 17 52 67 0
3527 UNBLOCK 43 9
3527 ORDER 2855 40 36 80 68 0
3528 UNBLOCK 31 36
3529 BLOCK 29 66
3530 ORDER 2856 76 30 1 8 0
3530 BLOCK 17 66
3531 UNBLOCK 42 12
3531 ORDER 2857 50 62 69 67 0
3532 ORDER 2858 18 45 54 67 2
3533 BLOCK 5 21
3534 ORDER 2859 35 14 1 54 0
3535 ORDER 2860 78 59 3 16 0
3536 ORDER 2861 17 15 2 28 0
3536 BLOCK 36 5
3537 UNBLOCK 69 26
3537 ORDER 2862 7 21 3 47 0
3537 BLOCK 94 1
3538 UNBLOCK 35 41
3538 ORDER 2863 78 6 3 47 0
3538 BLOCK 14 43
3539 ORDER 2864 45 18 1 18 0
3539 BLOCK 33 47
3540 UNBLOCK 21 33
3540 ORDER 2865 87 59 2 14 1
3540 BLOCK 5 61
3541 UNBLOCK 32 50
3542 ORDER 2866 30 5 67 68 0
3543 ORDER 2867 49 14 3 17 0
3544 ORDER 2868 79 30 1 6 0
3545 ORDER 2869 54 8 40 67 0
3545 BLOCK 51 32
3546 CANCEL 2804
3546 ORDER 2870 79 56 1 32 0
3546 BLOCK 89 47
3547 UNBLOCK 17 66
3547 ORDER 2871 92 11 57 68 2
3547 BLOCK 17 30
3548 ORDER 2872 46 51 2 4 3
3548 BLOCK 52 36
3549 UNBLOCK 56 33
3549 ORDER 2873 41 62 1 62 0
3550 ORDER 2874 10 38 3 13 0
3550 BLOCK 36 35
3551 UNBLOCK 89 3
3551 ORDER 2875 82 30 1 19 2
3552 UNBLOCK 32 67
3552 UNBLOCK 5 21
3552 ORDER 2876 13 3 89 68 0
3552 BLOCK 45 30
3553 UNBLOCK 8 30
3553 UNBLOCK 88 64
3553 UNBLOCK 29 24
3553 ORDER 2877 83 32 60 67 0
3553 BLOCK 63 48
3554 UNBLOCK 5 67
3554 UNBLOCK 52 36
3554 ORDER 2878 26 27 2 15 1
3554 BLOCK 73 50
3555 ORDER 2879 8 39 42 67 0
3556 ORDER 2880 13 32 74 67 1
3557 ORDER 2881 25 33 64 67 1
3557 BLOCK 70 56
3558 ORDER 2882 68 36 77 67 0
3560 UNBLOCK 41 50
3560 UNBLOCK 36 35
3560 BLOCK 33 38
3561 UNBLOCK 60 29
3561 ORDER 2883 7 14 1 60 0
3561 BLOCK 12 53
3562 ORDER 2884 62 26 2 68 2
3563 UNBLOCK 51 32
3563 ORDER 2885 35 45 3 37 0
3564 ORDER 2886 32 59 28 67 0
3565 UNBLOCK 94 1
3565 UNBLOCK 45 30
3565 ORDER 2887 26 3 86 68 1
3565 BLOCK 73 4
3566 UNBLOCK 8 17
3567 UNBLOCK 51 41
3567 BLOCK 52 8
3568 ORDER 2888 79 60 3 12 0
3568 BLOCK 6 45
3569 ORDER 2889 41 57 1 12 0
3570 ORDER 2890 75 60 90 68 0
3570 BLOCK 13 39
3571 UNBLOCK 29 66
3571 UNBLOCK 5 61
3571 ORDER 2891 56 44 57 68 0
3572 UNBLOCK 45 11
3572 ORDER 2892 81 41 62 68 0
3574 ORDER 2893 44 63 1 57 0
3575 ORDER 2894 65 39 3 25 0
3575 BLOCK 18 65
3577 UNBLOCK 36 5
3578 UNBLOCK 89 47
3578 ORDER 2895 81 63 2 56 0
3579 ORDER 2896 66 51 66 68 0
3579 BLOCK 22 11
3580 ORDER 2897 13 14 3 43 1
3580 BLOCK 11 50
3581 ORDER 2898 26 54 19 67 1
3582 BLOCK 79 5
3584 ORDER 2899 61 65 1 40 3
3584 BLOCK 94 11
3585 UNBLOCK 14 43
3585 UNBLOCK 33 38
3585 ORDER 2900 86 60 1 29 3
3585 BLOCK 87 29
3587 CANCEL 2823
3587 UNBLOCK 73 50
3587 UNBLOCK 6 45
3587 ORDER 2901 85 15 1 40 1
3588 ORDER 2902 41 54 1 57 0
3589 UNBLOCK 73 4
3589 ORDER 2903 19 21 43 67 2
3589 BLOCK 57 32
3590 ORDER 2904 41 33 2 21 3
3591 ORDER 2905 54 39 2 37 1
3592 UNBLOCK 87 29
3592 ORDER 2906 89 54 10 68 1
3592 BLOCK 35 21
3593 ORDER 2907 34 35 2 51 0
3594 ORDER 2908 66 14 3 54 0
3594 BLOCK 91 26
3595 ORDER 2909 68 20 42 67 2
3595 BLOCK 28 66
3596 ORDER 2910 12 59 1 40 1
3597 UNBLOCK 33 47
3597 ORDER 2911 7 47 47 68 0
3598 ORDER 2912 75 29 86 67 0
3599 UNBLOCK 63 48
3599 ORDER 2913 19 47 54 67 1
3600 UNBLOCK 12 53
3600 BLOCK 88 23
3601 BLOCK 54 15
3602 ORDER 2914 11 11 2 51 1
3603 ORDER 2915 62 9 35 67 0
3603 BLOCK 75 35
3604 UNBLOCK 17 30
3604 UNBLOCK 79 5
3604 ORDER 2916 38 50 1 5 0
3604 BLOCK 29 5
3605 ORDER 2917 28 9 14 67 2
3605 BLOCK 68 51
3606 ORDER 2918 8 11 52 68 3
3606 BLOCK 15 15
3607 UNBLOCK 54 15
3607 ORDER 2919 78 47 2 27 2
3608 ORDER 2920 48 38 1 48 0
3608 BLOCK 5 60
3609 ORDER 2921 20 65 81 67 0
3609 BLOCK 81 47
3610 UNBLOCK 70 56
3610 UNBLOCK 94 11
3611 UNBLOCK 13 39
3611 ORDER 2922 26 38 76 68 0
3612 UNBLOCK 11 50
3612 UNBLOCK 35 21
3612 ORDER 2923 43 51 73 67 2
3613 ORDER 2924 21 9 37 68 0
3614 ORDER 2925 29 62 3 11 0
3614 BLOCK 48 3
3615 ORDER 2926 18 6 65 67 0
3615 BLOCK 71 6
3616 ORDER 2927 22 47 87 68 1
3617 ORDER 2928 85 65 55 68 1
3617 BLOCK 75 27
3618 CANCEL 2912
3619 ORDER 2929 29 59 61 67 0
3620 ORDER 2930 64 48 19 68 1
3620 BLOCK 30 9
3621 ORDER 2931 33 45 2 51 0
3622 UNBLOCK 88 23
3622 BLOCK 86 66
3623 ORDER 2932 60 30 3 9 0
3624 CANCEL 2862
3624 UNBLOCK 22 11
3624 ORDER 2933 39 18 52 68 1
3625 UNBLOCK 57 32
3625 UNBLOCK 75 35
3625 ORDER 2934 90 12 9 68 3
3626 UNBLOCK 75 27
3626 ORDER 2935 71 27 3 63 1
3626 BLOCK 64 60
3627 UNBLOCK 52 8
3627 ORDER 2936 89 36 56 68 0
3627 BLOCK 55 33
3628 UNBLOCK 68 51
3628 ORDER 2937 33 47 43 67 1
3628 BLOCK 24 68
3629 UNBLOCK 48 3
3630 UNBLOCK 28 66
3630 ORDER 2938 32 62 16 67 0
3630 BLOCK 21 12
3631 ORDER 2939 58 38 75 68 1
3632 UNBLOCK 55 33
3632 BLOCK 72 4
3633 UNBLOCK 18 65
3633 ORDER 2940 52 41 1 25 3
3633 BLOCK 17 45
3634 ORDER 2941 79 20 74 68 0
3634 BLOCK 19 20
3635 ORDER 2942 28 57 1 40 0
3635 BLOCK 15 45
3636 ORDER 2943 19 11 95 68 1
3636 BLOCK 60 27
3637 ORDER 2944 40 3 26 68 1
3637 BLOCK 40 7
3639 UNBLOCK 81 47
3639 UNBLOCK 17 45
3639 ORDER 2945 59 6 1 35 1
3640 ORDER 2946 88 41 10 68 0
3641 ORDER 2947 47 63 37 68 1
3641 BLOCK 67 14
3643 ORDER 2948 40 57 3 10 0
3644 ORDER 2949 67 62 2 2 0
3644 BLOCK 36 53
3645 BLOCK 67 39
3646 UNBLOCK 29 5
3646 UNBLOCK 40 7
3646 ORDER 2950 50 26 10 67 0
3647 ORDER 2951 15 35 3 3 1
3647 BLOCK 26 33
3648 BLOCK 57 26
3649 ORDER 2952 24 35 3 10 0
3649 BLOCK 63 55
3650 UNBLOCK 91 26
3650 UNBLOCK 24 68
3650 UNBLOCK 21 12
3650 ORDER 2953 11 41 68 67 0
3651 UNBLOCK 71 6
3651 BLOCK 74 5
3652 ORDER 2954 21 27 3 49 0
3652 BLOCK 62 2
3653 UNBLOCK 72 4
3653 ORDER 2955 40 30 2 64 1
3653 BLOCK 38 20
3654 UNBLOCK 5 60
3654 UNBLOCK 67 14
3654 ORDER 2956 49 5 8 67 1
3655 ORDER 2957 78 54 31 67 0
3655 BLOCK 65 45
3656 BLOCK 74 3
3657 ORDER 2958 59 36 25 67 2
3658 ORDER 2959 20 30 3 21 2
3659 ORDER 2960 50 26 2 24 0
3660 ORDER 2961 57 33 2 7 2
3660 BLOCK 34 6
3661 ORDER 2962 50 29 84 68 0
3661 BLOCK 72 61
3662 UNBLOCK 15 15
3662 ORDER 2963 8 5 2 51 2
3662 BLOCK 75 41
3663 ORDER 2964 50 54 1 54 0
3663 BLOCK 18 30
3664 ORDER 2965 21 38 3 36 0
3665 UNBLOCK 60 27
3665 UNBLOCK 65 45
3665 ORDER 2966 59 17 45 67 0
3666 UNBLOCK 30 9
3667 ORDER 2967 24 53 22 67 2
3668 ORDER 2968 24 48 1 6 0
3668 BLOCK 36 35
3670 UNBLOCK 86 66
3670 ORDER 2969 17 23 1 43 1
3671 ORDER 2970 10 12 65 67 1
3672 UNBLOCK 63 55
3672 ORDER 2971 92 32 8 68 1
3673 UNBLOCK 57 26
3673 ORDER 2972 8 60 31 68 0
3674 ORDER 2973 63 3 1 65 0
3674 BLOCK 93 44
3675 UNBLOCK 19 20
3675 UNBLOCK 72 61
3675 ORDER 2974 58 20 89 67 2
3677 ORDER 2975 45 41 14 67 2
3678 ORDER 2976 44 5 3 62 0
3678 BLOCK 80 59
3679 UNBLOCK 74 5
3679 UNBLOCK 34 6
3679 ORDER 2977 43 17 2 44 0
3679 BLOCK 20 62
3680 ORDER 2978 35 3 1 28 0
3680 BLOCK 24 29
3682 UNBLOCK 64 60
3682 BLOCK 84 62
3683 BLOCK 91 35
3684 ORDER 2979 64 11 26 67 2
3685 BLOCK 94 48
3686 UNBLOCK 36 53
3686 UNBLOCK 38 20
3686 ORDER 2980 40 57 1 44 0
3687 UNBLOCK 15 45
3687 UNBLOCK 18 30
3687 ORDER 2981 23 47 3 32 1
3688 UNBLOCK 84 62
3688 ORDER 2982 88 8 81 67 0
3688 BLOCK 69 2
3689 ORDER 2983 89 54 21 67 0
3690 UNBLOCK 91 35
3690 ORDER 2984 11 59 69 67 0
3692 ORDER 2985 38 41 2 52 1
3693 ORDER 2986 33 20 19 68 0
3694 ORDER 2987 60 18 3 56 0
3695 UNBLOCK 80 59
3695 UNBLOCK 20 62
3695 ORDER 2988 84 29 2 68 0
3695 BLOCK 71 26
3696 ORDER 2989 77 62 4 67 3
3697 UNBLOCK 67 39
3697 ORDER 2990 46 56 2 54 0
3697 BLOCK 36 42
3698 ORDER 2991 95 6 40 68 1
3698 BLOCK 27 17
3699 UNBLOCK 26 33
3699 ORDER 2992 30 35 63 68 0
3700 ORDER 2993 34 39 1 12 1
3701 UNBLOCK 75 41
3701 ORDER 2994 74 62 3 45 3
3702 UNBLOCK 62 2
3702 UNBLOCK 74 3
3702 UNBLOCK 94 48
3703 ORDER 2995 38 45 92 67 1
3704 CANCEL 2929
3704 ORDER 2996 81 25 1 14 0
3704 BLOCK 12 38
3705 BLOCK 5 51
3708 ORDER 2997 20 39 90 67 0
3709 ORDER 2998 81 36 27 67 0
3710 BLOCK 60 54
3711 ORDER 2999 76 23 2 31 0
3711 BLOCK 7 32
3712 ORDER 3000 73 27 45 68 1
3712 BLOCK 10 54
3713 ORDER 3001 6 9 68 67 0
3713 BLOCK 73 48
3714 ORDER 3002 6 57 1 3 0
3714 BLOCK 5 5
3715 ORDER 3003 8 38 1 48 0
3716 ORDER 3004 7 26 2 46 0
3716 BLOCK 27 41
3717 ORDER 3005 75 65 1 48 1
3717 BLOCK 21 39
3718 ORDER 3006 41 60 2 50 1
3718 BLOCK 73 60
3719 UNBLOCK 69 2
3719 ORDER 3007 93 27 87 67 0
3719 BLOCK 74 33
3720 UNBLOCK 93 44
3720 ORDER 3008 91 53 79 67 0
3720 BLOCK 41 42
3721 ORDER 3009 53 36 3 33 2
3721 BLOCK 35 38
3722 ORDER 3010 42 24 3 60 0
3722 BLOCK 7 50
3723 UNBLOCK 27 17
3723 UNBLOCK 7 32
3724 ORDER 3011 20 48 3 43 1
3725 ORDER 3012 93 53 25 67 0
3726 UNBLOCK 60 54
3726 ORDER 3013 14 24 16 67 0
3727 ORDER 3014 49 48 84 67 0
3727 BLOCK 11 66
3728 UNBLOCK 36 35
3728 ORDER 3015 75 26 1 5 0
3728 BLOCK 33 42
3729 ORDER 3016 88 3 14 67 3
3729 BLOCK 39 60
3730 ORDER 3017 82 65 1 58 0
3730 BLOCK 85 50
3731 BLOCK 72 58
3732 CANCEL 2897
3732 ORDER 3018 43 26 1 30 1
3732 BLOCK 9 27
3733 ORDER 3019 78 56 1 15 3
3733 BLOCK 49 68
3734 ORDER 3020 19 24 98 68 1
3735 ORDER 3021 18 62 2 59 0
3736 ORDER 3022 79 15 50 67 0
3737 CANCEL 2888
3737 ORDER 3023 46 38 19 68 0
3738 UNBLOCK 49 68
3739 UNBLOCK 24 29
3739 UNBLOCK 36 42
3740 UNBLOCK 85 50
3740 ORDER 3024 62 41 50 68 0
3740 BLOCK 21 53
3741 ORDER 3025 37 50 3 38 0
3742 UNBLOCK 5 51
3742 UNBLOCK 5 5
3742 ORDER 3026 9 48 3 40 0
3742 BLOCK 68 25
3743 ORDER 3027 41 54 13 67 2
3743 BLOCK 27 63
3744 ORDER 3028 83 39 1 11 0
3745 ORDER 3029 9 54 90 67 1
3745 BLOCK 44 13
3746 ORDER 3030 79 47 72 68 0
3747 UNBLOCK 71 26
3747 ORDER 3031 88 57 2 25 0
3748 ORDER 3032 55 60 1 41 0
3748 BLOCK 22 62
3749 CANCEL 2955
3749 ORDER 3033 30 36 3 42 1
3749 BLOCK 63 45
3750 UNBLOCK 12 38
3750 ORDER 3034 10 65 84 67 0
3750 BLOCK 78 54
3751 UNBLOCK 10 54
3751 ORDER 3035 93 35 29 67 0
3751 BLOCK 57 36
3752 BLOCK 33 49
3753 ORDER 3036 33 51 1 54 0
3754 ORDER 3037 49 9 3 1 0
3754 BLOCK 28 41
3755 ORDER 3038 10 5 89 67 0
3755 BLOCK 74 48
3756 UNBLOCK 27 41
3756 UNBLOCK 74 33
3756 ORDER 3039 77 12 3 61 0
3756 BLOCK 11 51
3757 UNBLOCK 73 48
3757 ORDER 3040 50 63 2 54 0
3757 BLOCK 40 23
3758 ORDER 3041 44 42 1 57 1
3759 ORDER 3042 88 20 75 68 0
3759 BLOCK 8 65
3760 ORDER 3043 33 51 48 68 1
3760 BLOCK 8 56
3761 ORDER 3044 86 9 2 65 1
3761 BLOCK 61 32
3762 UNBLOCK 41 42
3762 UNBLOCK 7 50
3762 UNBLOCK 9 27
3762 ORDER 3045 19 53 2 22 1
3762 BLOCK 42 3
3763 ORDER 3046 36 56 3 7 2
3764 UNBLOCK 57 36
3764 ORDER 3047 26 51 59 68 0
3764 BLOCK 65 2
3765 ORDER 3048 71 20 3 29 0
3766 ORDER 3049 23 6 52 68 0
3768 ORDER 3050 93 24 12 68 0
3769 UNBLOCK 11 66
3769 UNBLOCK 68 25
3769 BLOCK 40 68
3770 ORDER 3051 49 41 2 59 0
3771 CANCEL 2910
3771 ORDER 3052 69 33 88 68 0
3772 UNBLOCK 73 60
3772 ORDER 3053 27 18 3 22 1
3773 UNBLOCK 33 49
3773 UNBLOCK 61 32
3773 ORDER 3054 50 60 1 33 0
3773 BLOCK 36 50
3774 ORDER 3055 70 3 16 68 0
3774 BLOCK 49 15
3775 UNBLOCK 21 39
3775 UNBLOCK 65 2
3776 UNBLOCK 44 13
3776 BLOCK 48 21
3777 UNBLOCK 28 41
3777 ORDER 3056 13 12 87 67 1
3778 ORDER 3057 45 36 1 33 0
3778 BLOCK 88 54
3779 BLOCK 57 42
3780 UNBLOCK 78 54
3781 UNBLOCK 35 38
3781 ORDER 3058 30 42 2 57 1
3782 UNBLOCK 72 58
3782 ORDER 3059 30 36 2 2 3
3783 UNBLOCK 33 42
3783 UNBLOCK 74 48
3783 ORDER 3060 31 12 34 67 2
3784 UNBLOCK 27 63
3784 UNBLOCK 42 3
3784 ORDER 3061 39 14 2 30 0
3784 BLOCK 57 45
3785 ORDER 3062 47 39 20 68 0
3785 BLOCK 91 18
3786 ORDER 3063 37 36 52 68 0
3787 UNBLOCK 21 53
3787 UNBLOCK 8 65
3787 ORDER 3064 9 53 2 43 0
3787 BLOCK 95 21
3788 UNBLOCK 39 60
3788 ORDER 3065 32 21 91 68 0
3788 BLOCK 72 6
3789 ORDER 3066 91 32 2 45 3
3790 ORDER 3067 8 6 82 68 0
3790 BLOCK 14 22
3791 ORDER 3068 19 62 3 5 0
3791 BLOCK 51 5
3792 UNBLOCK 63 45
3792 ORDER 3069 35 21 6 68 0
3793 UNBLOCK 11 51
3793 UNBLOCK 88 54
3793 ORDER 3070 6 21 3 51 0
3793 BLOCK 32 24
3794 ORDER 3071 54 24 82 67 3
3794 BLOCK 33 6
3795 UNBLOCK 8 56
3796 ORDER 3072 79 33 86 68 0
3796 BLOCK 19 47
3797 UNBLOCK 22 62
3797 ORDER 3073 36 23 94 67 0
3797 BLOCK 28 3
3798 UNBLOCK 40 23
3798 ORDER 3074 29 63 89 67 1
3799 ORDER 3075 62 23 2 67 1
3799 BLOCK 88 63
3800 UNBLOCK 33 6
3800 ORDER 3076 35 32 3 40 0
3800 BLOCK 18 63
3801 ORDER 3077 82 33 3 58 1
3802 UNBLOCK 40 68
3802 ORDER 3078 53 24 3 42 0
3803 ORDER 3079 38 32 3 13 0
3804 ORDER 3080 19 8 1 35 0
3807 ORDER 3081 63 33 58 68 1
3807 BLOCK 16 16
3808 ORDER 3082 7 20 32 67 1
3808 BLOCK 67 44
3809 UNBLOCK 32 24
3810 CANCEL 2957
3810 ORDER 3083 31 17 67 68 1
3810 BLOCK 25 45
3811 ORDER 3084 64 5 1 64 0
3811 BLOCK 33 62
3812 ORDER 3085 61 36 3 18 0
3812 BLOCK 77 11
3813 UNBLOCK 28 3
3813 BLOCK 23 26
3814 ORDER 3086 46 8 58 67 0
3815 ORDER 3087 20 35 25 68 0
3815 BLOCK 83 17
3816 UNBLOCK 49 15
3816 ORDER 3088 12 39 64 67 1
3816 BLOCK 52 53
3817 ORDER 3089 67 57 4 67 2
3818 ORDER 3090 11 44 37 67 0
3819 ORDER 3091 46 42 25 67 0
3820 BLOCK 93 65
3821 UNBLOCK 36 50
3821 UNBLOCK 25 45
3822 UNBLOCK 57 42
3822 UNBLOCK 51 5
3822 ORDER 3092 79 3 3 40 0
3822 BLOCK 68 22
3823 ORDER 3093 30 62 49 68 3
3823 BLOCK 26 20
3824 ORDER 3094 87 6 3 9 0
3825 BLOCK 45 63
3826 UNBLOCK 18 63
3826 ORDER 3095 64 39 2 57 3
3826 BLOCK 84 65
3827 UNBLOCK 48 21
3827 UNBLOCK 67 44
3827 ORDER 3096 81 33 3 8 0
3827 BLOCK 16 17
3828 UNBLOCK 88 63
3828 UNBLOCK 93 65
3828 ORDER 3097 74 21 2 5 1
3828 BLOCK 7 38
3829 ORDER 3098 35 50 2 44 0
3830 ORDER 3099 17 51 37 68 1
3831 ORDER 3100 26 5 33 67 0
3831 BLOCK 8 18
3833 ORDER 3101 71 26 2 59 0
3834 UNBLOCK 68 22
3834 ORDER 3102 9 23 60 67 0
3834 BLOCK 32 1
3835 UNBLOCK 14 22
3835 ORDER 3103 10 33 1 21 0
3836 ORDER 3104 92 29 2 55 0
3837 UNBLOCK 84 65
3838 BLOCK 19 11
3839 ORDER 3105 11 11 61 68 0
3839 BLOCK 94 43
3840 ORDER 3106 90 59 53 67 1
3840 BLOCK 49 45
3841 ORDER 3107 52 62 91 68 0
3842 ORDER 3108 17 6 36 67 0
3842 BLOCK 43 68
3843 UNBLOCK 57 45
3843 ORDER 3109 12 11 92 68 1
3844 UNBLOCK 91 18
3844 ORDER 3110 73 42 3 60 3
3845 BLOCK 11 8
3846 ORDER 3111 48 11 39 68 0
3847 CANCEL 2962
3847 CANCEL 2988
3847 UNBLOCK 95 21
3847 UNBLOCK 94 43
3847 ORDER 3112 27 54 1 10 0
3847 BLOCK 69 53
3848 UNBLOCK 72 6
3848 ORDER 3113 70 23 2 3 1
3848 BLOCK 51 67
3850 ORDER 3114 37 63 3 1 2
3851 ORDER 3115 59 15 34 68 0
3852 UNBLOCK 23 26
3852 ORDER 3116 17 26 3 65 2
3853 ORDER 3117 79 30 3 22 0
3853 BLOCK 31 30
3854 UNBLOCK 32 1
3854 ORDER 3118 35 12 2 12 2
3855 UNBLOCK 19 47
3855 UNBLOCK 16 16
3855 UNBLOCK 52 53
3855 ORDER 3119 95 9 87 68 0
3855 BLOCK 84 41
3856 ORDER 3120 67 57 1 16 0
3856 BLOCK 88 2
3857 UNBLOCK 45 63
3857 ORDER 3121 45 65 3 31 0
3858 ORDER 3122 66 29 1 11 1
3858 BLOCK 76 36
3859 UNBLOCK 16 17
3859 ORDER 3123 93 51 3 8 0
3860 UNBLOCK 43 68
3860 ORDER 3124 76 21 3 17 1
3861 UNBLOCK 77 11
3861 ORDER 3125 40 17 1 53 0
3862 ORDER 3126 77 8 49 68 1
3862 BLOCK 87 63
3863 UNBLOCK 33 62
3863 ORDER 3127 56 60 8 67 2
3863 BLOCK 75 45
3864 ORDER 3128 65 63 1 58 1
3864 BLOCK 24 59
3865 UNBLOCK 7 38
3865 ORDER 3129 77 60 1 8 0
3866 ORDER 3130 41 8 51 67 0
3866 BLOCK 74 9
3867 UNBLOCK 26 20
3867 UNBLOCK 11 8
3867 ORDER 3131 41 6 59 67 0
3868 ORDER 3132 33 53 27 68 0
3869 UNBLOCK 24 59
3869 ORDER 3133 68 59 1 67 2
3869 BLOCK 94 11
3870 UNBLOCK 31 30
3870 UNBLOCK 87 63
3870 BLOCK 60 63
3871 UNBLOCK 88 2
3872 UNBLOCK 83 17
3872 ORDER 3134 84 32 80 68 0
3872 BLOCK 86 48
3873 UNBLOCK 19 11
3873 UNBLOCK 69 53
3873 BLOCK 20 60
3874 ORDER 3135 6 59 2 7 0
3874 BLOCK 77 17
3875 UNBLOCK 94 11
3876 ORDER 3136 71 15 2 22 2
3877 BLOCK 51 47
3878 ORDER 3137 68 44 67 68 0
3879 ORDER 3138 21 47 1 33 3
3880 ORDER 3139 59 11 62 68 0
3881 BLOCK 79 39
3882 ORDER 3140 72 48 1 13 0
3883 ORDER 3141 22 65 3 35 1
3883 BLOCK 60 15
3884 UNBLOCK 51 47
3884 ORDER 3142 70 20 3 34 1
3886 ORDER 3143 24 62 40 67 0
3888 UNBLOCK 20 60
3889 UNBLOCK 60 63
3890 UNBLOCK 8 18
3890 ORDER 3144 47 12 84 68 1
3890 BLOCK 45 36
3891 ORDER 3145 64 47 1 42 2
3891 BLOCK 26 64
3892 UNBLOCK 77 17
3892 ORDER 3146 43 45 3 7 0
3892 BLOCK 88 28
3893 ORDER 3147 95 29 89 68 0
3893 BLOCK 43 39
3894 ORDER 3148 28 47 3 15 2
3895 ORDER 3149 9 26 55 67 0
3896 UNBLOCK 74 9
3896 ORDER 3150 68 62 2 41 3
3897 UNBLOCK 86 48
3897 ORDER 3151 27 39 91 68 0
3897 BLOCK 72 50
3899 UNBLOCK 49 45
3899 UNBLOCK 76 36
3899 ORDER 3152 88 18 3 34 0
3900 ORDER 3153 12 44 73 67 2
3900 BLOCK 32 1
3901 UNBLOCK 84 41
3901 ORDER 3154 63 41 11 67 0
3902 ORDER 3155 40 21 13 67 0
3903 ORDER 3156 24 32 2 1 2
3904 BLOCK 63 62
3905 UNBLOCK 51 67
3905 ORDER 3157 26 33 1 64 2
3905 BLOCK 25 16
3906 ORDER 3158 6 51 58 68 1
3906 BLOCK 41 30
3908 ORDER 3159 48 3 71 68 0
3908 BLOCK 37 3
3909 ORDER 3160 95 6 1 29 0
3909 BLOCK 23 50
3910 ORDER 3161 11 18 3 59 0
3910 BLOCK 26 23
3911 UNBLOCK 79 39
3911 UNBLOCK 32 1
3911 ORDER 3162 42 47 3 5 0
3912 ORDER 3163 49 57 30 68 0
3912 BLOCK 25 29
3913 ORDER 3164 42 21 1 7 0
3914 ORDER 3165 91 63 14 68 0
3914 BLOCK 57 35
3916 UNBLOCK 41 30
3916 ORDER 3166 27 36 36 68 0
3916 BLOCK 77 9
3917 ORDER 3167 50 45 16 67 1
3917 BLOCK 33 47
3918 ORDER 3168 10 27 13 68 0
3918 BLOCK 60 16
3920 ORDER 3169 92 5 3 20 0
3920 BLOCK 51 29
3921 ORDER 3170 39 50 8 68 0
3921 BLOCK 85 17
3922 UNBLOCK 75 45
3922 UNBLOCK 25 16
3922 ORDER 3171 35 30 2 40 0
3922 BLOCK 74 1
3923 ORDER 3172 70 56 44 67 2
3924 CANCEL 3012
3924 ORDER 3173 61 35 6 68 2
3925 ORDER 3174 57 36 8 67 0
3926 UNBLOCK 23 50
3926 ORDER 3175 8 33 3 55 0
3926 BLOCK 84 66
3927 ORDER 3176 7 47 3 16 0
3927 BLOCK 49 2
3928 CANCEL 3034
3928 UNBLOCK 60 15
3928 UNBLOCK 37 3
3928 ORDER 3177 86 36 3 22 0
3928 BLOCK 50 53
3929 ORDER 3178 9 30 1 47 1
3929 BLOCK 65 46
3930 UNBLOCK 43 39
3931 CANCEL 3153
3931 ORDER 3179 6 11 2 47 0
3931 BLOCK 46 2
3932 BLOCK 67 23
3933 UNBLOCK 25 29
3934 CANCEL 3028
3934 ORDER 3180 56 24 1 19 0
3934 BLOCK 30 29
3935 ORDER 3181 76 41 87 68 1
3935 BLOCK 51 28
3936 ORDER 3182 26 9 80 67 1
3936 BLOCK 19 8
3937 UNBLOCK 88 28
3937 BLOCK 16 62
3938 UNBLOCK 84 66
3939 ORDER 3183 36 5 97 67 0
3940 ORDER 3184 67 4 69 68 1
3940 BLOCK 35 61
3941 UNBLOCK 72 50
3941 ORDER 3185 16 56 3 38 0
3941 BLOCK 25 17
3942 ORDER 3186 46 17 3 25 0
3942 BLOCK 19 35
3943 CANCEL 3083
3943 UNBLOCK 26 64
3943 ORDER 3187 9 56 2 46 2
3943 BLOCK 64 47
3944 UNBLOCK 45 36
3944 UNBLOCK 50 53
3944 ORDER 3188 39 3 1 47 0
3944 BLOCK 18 21
3946 ORDER 3189 33 21 81 67 2
3947 UNBLOCK 67 23
3947 ORDER 3190 16 18 1 61 0
3947 BLOCK 21 63
3948 UNBLOCK 63 62
3948 ORDER 3191 95 59 1 19 0
3949 ORDER 3192 10 60 2 60 0
3949 BLOCK 57 60
3950 UNBLOCK 51 29
3950 ORDER 3193 50 38 98 67 2
3950 BLOCK 53 32
3951 UNBLOCK 74 1
3951 ORDER 3194 87 48 97 67 0
3951 BLOCK 24 47
3952 ORDER 3195 27 32 30 68 0
3952 BLOCK 21 9
3953 UNBLOCK 30 29
3954 UNBLOCK 64 47
3954 ORDER 3196 83 17 2 43 0
3955 ORDER 3197 62 45 55 67 0
3955 BLOCK 75 53
3956 ORDER 3198 95 50 1 50 0
3956 BLOCK 54 35
3957 UNBLOCK 26 23
3957 UNBLOCK 24 47
3957 ORDER 3199 93 9 59 67 3
3958 ORDER 3200 59 11 84 67 0
3959 UNBLOCK 85 17
3960 ORDER 3201 61 53 95 67 0
3960 BLOCK 84 14
3961 UNBLOCK 75 53
3961 ORDER 3202 33 45 13 67 1
3962 UNBLOCK 25 17
3962 ORDER 3203 44 20 3 46 0
3962 BLOCK 69 14
3963 ORDER 3204 90 11 62 68 2
3963 BLOCK 41 33
3964 UNBLOCK 46 2
3965 CANCEL 3109
3965 UNBLOCK 60 16
3965 ORDER 3205 84 33 84 67 0
3966 UNBLOCK 49 2
3966 ORDER 3206 17 53 1 22 0
3967 BLOCK 50 60
3968 UNBLOCK 16 62
3968 UNBLOCK 19 35
3968 ORDER 3207 10 20 2 24 0
3969 UNBLOCK 35 61
3969 ORDER 3208 57 11 21 68 3
3969 BLOCK 39 48
3970 ORDER 3209 7 57 47 67 0
3971 ORDER 3210 28 38 1 45 0
3971 BLOCK 49 51
3972 UNBLOCK 57 35
3972 UNBLOCK 33 47
3972 ORDER 3211 87 20 2 23 0
3973 UNBLOCK 54 35
3973 BLOCK 68 40
3974 ORDER 3212 66 8 1 57 0
3974 BLOCK 53 12
3975 CANCEL 3124
3975 UNBLOCK 77 9
3975 ORDER 3213 7 44 60 68 0
3976 UNBLOCK 19 8
3977 UNBLOCK 18 21
3977 ORDER 3214 42 56 73 68 0
3977 BLOCK 86 56
3978 ORDER 3215 73 30 1 50 0
3979 UNBLOCK 65 46
3979 ORDER 3216 15 48 70 67 1
3980 ORDER 3217 8 8 1 17 0
3982 UNBLOCK 41 33
3982 ORDER 3218 28 26 93 68 0
3983 ORDER 3219 81 47 3 62 0
3984 UNBLOCK 57 60
3984 UNBLOCK 53 32
3984 ORDER 3220 84 65 3 33 0
3984 BLOCK 32 65
3985 ORDER 3221 7 24 43 68 1
3985 BLOCK 45 23
3986 UNBLOCK 84 14
3986 ORDER 3222 88 6 2 3 0
3988 UNBLOCK 51 28
3988 UNBLOCK 49 51
3988 ORDER 3223 34 47 1 5 0
3989 BLOCK 7 36
3990 UNBLOCK 68 40
3990 ORDER 3224 38 6 3 67 0
3990 BLOCK 94 36
3991 ORDER 3225 73 48 3 23 0
3991 BLOCK 79 30
3992 UNBLOCK 69 14
3992 BLOCK 44 61
3993 ORDER 3226 76 56 52 67 0
3994 ORDER 3227 18 20 97 67 0
3995 ORDER 3228 54 23 89 68 1
3995 BLOCK 6 11
3996 UNBLOCK 21 63
3996 UNBLOCK 94 36
3996 ORDER 3229 54 15 3 54 1
3997 CANCEL 3165
3997 UNBLOCK 53 12
3997 UNBLOCK 79 30
3997 ORDER 3230 38 32 3 64 2
3998 UNBLOCK 21 9
3998 ORDER 3231 8 30 2 10 0
3999 ORDER 3232 32 32 1 5 0
3999 BLOCK 54 2
