70 52 10000
######################################################################
#.....C.........C.........C.........C.........C.........C............#
#....................................................................#
#....................................................................#
#.....#########..#######..#######..#########..#######..######..###...#
#....................................................................#
#....................................................................#
#.....######..######..######..########..#######..#######..########...#
#....................................................................#
#....................................................................#
#.....######..########..#######..########..########..######..#####...#
#....................................................................#
#....................................................................#
#.....######..######..######..########..#########..########..#####...#
#....................................................................#
#....................................................................#
#.....######..########..#########..#########..#########..#########...#
#....................................................................#
#....................................................................#
#.....#######..#########..#########..#######..######..#######..###...#
#....................................................................#
#....................................................................#
#.....#######..########..#######..######..######..#########..#####...#
#....................................................................#
#....................................................................#
#.....######..######..######..########..########..########..######...#
#....................................................................#
#....................................................................#
#.....######..#######..#######..########..#########..########..###...#
#....................................................................#
#....................................................................#
#.....#######..#########..#########..#########..#######..######..#...#
#....................................................................#
#....................................................................#
#.....########..#########..#######..######..######..########..####...#
#....................................................................#
#....................................................................#
#.....########..########..#########..######..#########..######..##...#
#....................................................................#
#....................................................................#
#.....#######..######..#######..########..#######..#########..####...#
#....................................................................#
#....................................................................#
#.....######..######..########..######..########..#########..#####...#
#....................................................................#
#....................................................................#
#.....######..#########..#########..#########..######..########..#...#
#....................................................................#
#....................................................................#
#....................................................................#
#....................................................................#
######################################################################
PARAMS 976 48 244 30 50 3
ROBOTS 50
55 1
59 48
36 50
15 42
66 12
59 12
11 24
21 13
37 49
47 23
9 12
4 3
21 45
6 44
13 18
14 2
14 1
60 3
15 24
25 26
23 8
60 35
10 20
44 4
12 1
28 44
57 23
55 6
32 38
58 27
58 11
26 5
68 6
12 10
3 21
1 8
12 30
30 24
67 29
22 11
49 38
26 50
35 37
2 35
22 33
23 30
58 49
22 9
57 12
43 32
EVENTS 5372
0 ORDER 1 26 38 66 49 0
1 ORDER 2 11 33 3 28 3
3 ORDER 3 63 24 67 50 1
4 ORDER 4 40 3 1 40 0
7 ORDER 5 18 15 38 50 3
8 BLOCK 13 28
14 ORDER 6 45 27 3 2 0
15 ORDER 7 18 12 33 49 0
16 ORDER 8 64 29 41 50 0
16 BLOCK 31 21
20 ORDER 9 19 36 3 25 0
24 ORDER 10 26 29 3 22 2
25 ORDER 11 15 44 29 50 0
26 ORDER 12 50 21 65 49 1
27 BLOCK 47 5
29 ORDER 13 7 38 1 8 2
33 ORDER 14 7 21 46 50 0
34 ORDER 15 29 21 16 49 1
35 CANCEL 10
38 ORDER 16 12 35 38 50 0
42 ORDER 17 42 6 34 49 0
43 ORDER 18 37 38 3 36 0
45 ORDER 19 31 17 13 49 2
47 ORDER 20 40 8 60 49 0
48 ORDER 21 46 35 1 28 1
49 ORDER 22 48 45 3 44 1
51 ORDER 23 23 32 1 46 2
57 ORDER 24 41 17 2 39 1
58 ORDER 25 65 32 48 49 0
60 BLOCK 52 32
61 ORDER 26 19 47 23 50 2
62 ORDER 27 34 26 1 47 0
62 BLOCK 17 8
63 ORDER 28 63 9 2 43 0
64 ORDER 29 10 9 2 9 3
67 ORDER 30 48 12 3 50 0
67 BLOCK 23 48
68 ORDER 31 57 33 48 49 0
69 ORDER 32 14 8 2 17 0
70 ORDER 33 20 47 68 50 0
72 ORDER 34 61 44 2 36 1
73 ORDER 35 23 42 11 49 0
76 ORDER 36 55 26 2 41 0
77 UNBLOCK 13 28
78 ORDER 37 54 32 51 49 0
80 ORDER 38 24 35 1 41 0
81 ORDER 39 39 47 2 32 0
82 ORDER 40 6 32 16 49 0
84 ORDER 41 7 44 46 49 1
85 ORDER 42 45 38 1 13 0
86 ORDER 43 17 21 2 8 0
88 ORDER 44 38 21 1 22 1
90 ORDER 45 36 9 8 50 1
93 ORDER 46 8 18 37 49 0
94 BLOCK 8 24
95 ORDER 47 55 27 1 10 1
96 ORDER 48 26 38 13 49 3
97 ORDER 49 27 5 3 42 0
98 ORDER 50 57 3 2 39 0
99 ORDER 51 64 15 1 22 3
100 ORDER 52 48 36 11 49 0
103 UNBLOCK 23 48
105 ORDER 53 31 8 2 17 0
106 ORDER 54 54 9 1 42 0
107 ORDER 55 11 6 1 1 0
108 ORDER 56 61 44 2 23 2
108 BLOCK 61 12
110 ORDER 57 7 20 1 27 0
113 ORDER 58 39 39 7 50 0
114 ORDER 59 35 44 3 2 0
116 ORDER 60 22 35 2 37 2
120 UNBLOCK 17 8
127 BLOCK 33 9
128 ORDER 61 36 33 3 20 0
134 ORDER 62 57 23 2 25 0
135 ORDER 63 6 15 2 8 0
137 ORDER 64 40 30 1 34 0
138 ORDER 65 37 20 3 3 0
144 ORDER 66 61 11 2 4 0
145 ORDER 67 52 14 2 43 1
146 ORDER 68 52 36 1 34 0
147 ORDER 69 12 20 27 49 3
148 ORDER 70 56 3 2 30 0
151 ORDER 71 26 12 2 41 2
152 UNBLOCK 47 5
154 ORDER 72 57 38 3 24 1
155 ORDER 73 8 26 59 49 0
157 UNBLOCK 31 21
159 ORDER 74 57 17 1 23 1
160 ORDER 75 9 41 2 28 1
165 ORDER 76 21 23 3 21 1
166 CANCEL 39
166 ORDER 77 34 36 1 48 0
169 ORDER 78 51 21 1 4 0
173 ORDER 79 41 33 45 49 0
174 BLOCK 52 21
178 ORDER 80 32 26 2 40 0
179 ORDER 81 14 15 1 46 0
180 ORDER 82 35 12 1 25 0
181 ORDER 83 53 14 1 29 0
182 ORDER 84 25 26 16 50 1
182 BLOCK 57 20
183 ORDER 85 54 8 14 50 0
185 ORDER 86 23 32 2 20 0
186 ORDER 87 37 44 2 41 1
187 ORDER 88 27 14 28 49 0
188 ORDER 89 6 32 7 50 1
189 ORDER 90 55 23 2 10 2
190 UNBLOCK 33 9
192 ORDER 91 9 39 49 49 0
195 ORDER 92 48 39 1 37 0
196 ORDER 93 46 9 40 49 0
198 UNBLOCK 52 32
198 ORDER 94 23 43 2 48 0
204 ORDER 95 54 41 54 50 0
205 ORDER 96 33 29 2 37 0
206 ORDER 97 60 32 12 49 0
208 ORDER 98 10 33 36 49 1
209 ORDER 99 8 20 3 13 2
211 ORDER 100 36 44 2 33 0
213 ORDER 101 28 45 59 50 0
214 ORDER 102 56 39 14 50 3
215 ORDER 103 29 15 1 20 3
217 ORDER 104 23 24 54 49 0
219 ORDER 105 31 15 38 49 1
221 UNBLOCK 8 24
221 UNBLOCK 61 12
221 ORDER 106 26 45 3 44 0
222 ORDER 107 38 41 2 48 2
223 ORDER 108 48 47 1 20 0
226 ORDER 109 12 5 3 41 0
227 CANCEL 76
229 CANCEL 47
229 ORDER 110 54 41 8 50 0
231 ORDER 111 46 21 2 12 0
232 ORDER 112 32 47 2 16 0
235 ORDER 113 37 32 7 49 2
236 ORDER 114 37 23 26 50 0
239 ORDER 115 8 8 10 50 1
240 ORDER 116 29 17 2 7 0
241 ORDER 117 25 29 3 22 0
244 ORDER 118 58 12 1 35 0
246 ORDER 119 19 9 55 49 1
249 ORDER 120 58 32 1 7 1
250 UNBLOCK 57 20
250 ORDER 121 62 47 38 49 1
255 ORDER 122 15 6 2 47 2
256 ORDER 123 10 47 1 48 0
258 ORDER 124 24 35 22 50 1
260 ORDER 125 48 27 3 14 0
262 ORDER 126 46 9 19 49 0
263 ORDER 127 18 41 56 49 2
264 ORDER 128 21 23 19 49 0
265 ORDER 129 8 30 1 26 0
266 ORDER 130 44 27 23 49 1
267 UNBLOCK 52 21
269 ORDER 131 33 36 1 22 1
270 ORDER 132 48 32 3 44 0
271 ORDER 133 36 17 2 8 2
279 ORDER 134 32 12 13 50 0
281 ORDER 135 31 18 1 23 1
281 BLOCK 32 11
283 ORDER 136 57 29 3 26 0
284 ORDER 137 64 11 2 6 0
291 ORDER 138 37 4 1 27 0
292 CANCEL 114
293 CANCEL 54
296 ORDER 139 11 8 2 22 0
301 ORDER 140 33 27 1 17 0
305 ORDER 141 43 39 2 48 1
306 BLOCK 20 11
307 ORDER 142 8 41 2 9 0
308 ORDER 143 22 38 1 19 0
309 ORDER 144 24 15 12 50 0
310 ORDER 145 9 3 23 49 2
311 UNBLOCK 32 11
314 ORDER 146 43 26 15 49 2
317 CANCEL 137
317 ORDER 147 56 21 34 50 0
318 ORDER 148 64 35 62 49 0
319 ORDER 149 31 20 29 50 2
321 ORDER 150 26 14 59 50 0
324 ORDER 151 29 35 68 50 0
325 ORDER 152 26 41 54 50 1
328 ORDER 153 36 39 2 29 1
331 ORDER 154 41 47 17 50 1
332 CANCEL 131
332 ORDER 155 52 41 29 49 0
332 CANCEL 100155
336 ORDER 156 43 41 1 36 0
337 ORDER 157 27 23 1 5 1
339 ORDER 158 22 24 2 8 3
340 ORDER 159 41 5 40 49 0
341 ORDER 160 52 14 2 26 2
348 ORDER 161 26 9 1 31 0
350 CANCEL 115
352 ORDER 162 47 44 2 31 1
356 ORDER 163 49 9 11 49 0
359 ORDER 164 28 5 1 15 3
361 ORDER 165 26 18 62 49 0
362 ORDER 166 29 30 2 44 3
364 ORDER 167 11 29 18 50 0
366 ORDER 168 36 8 2 32 0
366 BLOCK 37 38
370 ORDER 169 17 5 12 49 0
372 ORDER 170 37 11 19 50 2
376 ORDER 171 55 41 56 50 0
378 ORDER 172 27 36 3 24 3
379 ORDER 173 38 30 3 37 0
380 ORDER 174 65 27 1 5 1
381 ORDER 175 57 39 2 40 0
382 ORDER 176 56 20 7 49 0
384 ORDER 177 52 5 1 31 1
386 ORDER 178 45 44 37 50 1
387 ORDER 179 26 18 46 50 0
389 ORDER 180 9 18 46 50 2
389 BLOCK 23 38
390 ORDER 181 32 5 2 42 1
391 ORDER 182 10 44 2 13 2
393 ORDER 183 53 27 64 49 1
396 ORDER 184 14 12 3 23 1
399 ORDER 185 8 45 61 50 0
401 ORDER 186 42 20 8 49 0
407 ORDER 187 55 39 1 9 0
408 ORDER 188 15 45 2 23 0
410 ORDER 189 58 47 1 35 2
411 ORDER 190 58 17 3 3 1
412 ORDER 191 48 41 2 44 0
415 CANCEL 165
417 ORDER 192 41 8 37 49 0
419 ORDER 193 38 29 58 49 0
421 ORDER 194 17 6 1 11 0
423 ORDER 195 58 45 21 49 0
431 ORDER 196 36 39 3 32 1
432 UNBLOCK 20 11
433 ORDER 197 31 15 33 49 0
436 ORDER 198 49 3 6 50 0
438 ORDER 199 52 15 63 50 0
441 ORDER 200 28 5 28 49 0
448 ORDER 201 43 27 1 35 0
450 ORDER 202 46 38 2 32 0
453 ORDER 203 63 18 1 29 0
454 ORDER 204 44 6 62 50 0
458 ORDER 205 44 33 3 14 1
459 ORDER 206 64 15 1 48 2
461 ORDER 207 60 29 3 23 1
462 ORDER 208 23 6 67 50 0
469 ORDER 209 34 14 39 49 0
472 UNBLOCK 37 38
472 ORDER 210 65 47 2 47 0
475 BLOCK 63 3
476 ORDER 211 47 3 2 31 0
477 ORDER 212 7 33 3 39 0
478 ORDER 213 52 17 3 48 0
481 ORDER 214 35 29 14 50 0
487 ORDER 215 11 39 34 50 1
487 BLOCK 63 35
490 CANCEL 156
491 ORDER 216 50 26 3 34 2
492 ORDER 217 29 35 8 49 0
493 ORDER 218 41 32 2 1 0
496 ORDER 219 22 23 67 49 1
498 BLOCK 23 49
502 ORDER 220 44 30 53 49 1
503 ORDER 221 8 6 1 41 0
505 ORDER 222 17 21 3 42 1
507 ORDER 223 29 44 2 45 0
509 ORDER 224 28 41 3 38 1
510 ORDER 225 22 14 2 11 0
512 ORDER 226 7 38 31 50 0
514 ORDER 227 45 42 32 49 1
515 BLOCK 36 45
521 ORDER 228 56 41 38 50 0
522 ORDER 229 21 20 3 36 3
527 ORDER 230 30 5 49 49 0
528 ORDER 231 40 32 57 50 0
529 ORDER 232 25 12 2 15 0
530 ORDER 233 37 47 1 40 0
532 ORDER 234 39 33 1 18 1
534 ORDER 235 51 32 2 47 0
535 UNBLOCK 23 38
536 ORDER 236 64 41 3 17 1
539 ORDER 237 45 29 2 13 0
540 ORDER 238 47 45 3 18 0
543 ORDER 239 63 17 3 44 1
546 ORDER 240 26 45 1 40 3
547 UNBLOCK 63 35
547 ORDER 241 48 35 1 39 2
548 ORDER 242 59 33 52 49 0
549 ORDER 243 23 12 38 49 0
550 ORDER 244 51 20 1 28 1
551 ORDER 245 11 26 2 33 1
553 ORDER 246 18 20 10 49 1
554 ORDER 247 26 47 46 50 0
555 ORDER 248 64 14 1 43 0
556 ORDER 249 53 32 39 49 0
557 ORDER 250 20 45 31 49 1
558 ORDER 251 10 11 2 27 0
559 ORDER 252 29 20 14 49 0
560 CANCEL 166
560 ORDER 253 62 32 2 31 0
561 ORDER 254 51 20 1 46 0
563 ORDER 255 38 33 1 14 2
563 BLOCK 18 39
566 ORDER 256 37 5 32 49 0
568 ORDER 257 56 9 1 31 0
569 ORDER 258 16 24 21 50 0
571 ORDER 259 27 12 50 50 0
572 ORDER 260 48 39 59 49 0
573 ORDER 261 18 20 1 11 1
576 CANCEL 251
576 ORDER 262 58 44 2 6 0
577 ORDER 263 16 29 64 50 0
578 ORDER 264 56 47 2 10 2
580 UNBLOCK 23 49
580 ORDER 265 36 6 40 50 0
581 ORDER 266 30 9 59 50 3
584 ORDER 267 39 36 56 50 0
586 ORDER 268 21 30 53 50 0
589 ORDER 269 30 36 3 8 0
590 UNBLOCK 63 3
591 CANCEL 255
591 ORDER 270 60 29 1 13 3
592 ORDER 271 47 39 4 49 0
595 CANCEL 226
598 ORDER 272 15 6 67 49 1
599 ORDER 273 51 5 1 24 3
601 ORDER 274 54 43 11 49 0
602 ORDER 275 21 5 24 49 0
604 ORDER 276 50 36 2 19 3
608 BLOCK 19 9
609 ORDER 277 52 12 23 49 0
610 ORDER 278 51 45 41 50 0
611 ORDER 279 10 8 52 50 0
613 ORDER 280 37 27 2 29 1
616 ORDER 281 8 14 6 49 0
617 ORDER 282 7 38 2 5 3
618 ORDER 283 56 33 3 27 2
618 BLOCK 6 29
619 ORDER 284 55 14 3 35 1
621 ORDER 285 48 17 2 26 0
623 ORDER 286 26 5 1 37 0
625 ORDER 287 27 8 3 17 2
626 ORDER 288 59 33 1 40 0
627 ORDER 289 46 5 59 49 0
628 ORDER 290 17 42 2 27 0
631 ORDER 291 39 9 2 28 0
634 ORDER 292 65 5 3 48 1
636 ORDER 293 64 3 2 15 0
639 ORDER 294 60 26 32 50 2
641 BLOCK 50 35
642 ORDER 295 28 38 3 46 0
644 UNBLOCK 18 39
644 ORDER 296 38 11 47 50 0
647 ORDER 297 45 8 2 8 1
651 UNBLOCK 36 45
651 ORDER 298 8 23 3 11 0
655 ORDER 299 54 6 1 3 0
656 ORDER 300 53 6 57 50 0
658 ORDER 301 26 5 37 49 0
662 ORDER 302 45 6 5 50 1
665 ORDER 303 16 24 46 49 0
668 ORDER 304 7 14 44 50 0
669 ORDER 305 51 14 2 15 0
671 ORDER 306 31 17 2 16 0
672 ORDER 307 11 17 3 44 0
674 ORDER 308 43 26 11 49 0
677 ORDER 309 8 39 2 50 0
678 ORDER 310 17 38 2 27 0
681 UNBLOCK 50 35
684 ORDER 311 36 27 1 42 0
686 ORDER 312 31 23 2 31 1
687 ORDER 313 27 20 22 50 2
688 ORDER 314 43 27 1 3 0
690 ORDER 315 64 26 1 11 0
692 ORDER 316 37 15 57 50 0
694 ORDER 317 57 39 2 22 1
695 ORDER 318 45 42 3 16 1
696 ORDER 319 8 12 2 23 0
696 BLOCK 61 3
697 ORDER 320 55 14 3 29 0
698 ORDER 321 63 42 8 50 0
699 ORDER 322 18 18 1 29 1
700 ORDER 323 9 44 44 49 2
701 ORDER 324 38 32 3 46 0
702 ORDER 325 64 29 2 26 0
703 ORDER 326 15 14 24 50 0
703 BLOCK 60 15
704 ORDER 327 50 9 1 17 2
705 UNBLOCK 6 29
708 ORDER 328 28 9 54 49 1
709 BLOCK 28 5
711 ORDER 329 19 44 2 23 1
712 ORDER 330 65 24 68 50 0
715 ORDER 331 6 15 2 11 1
717 ORDER 332 30 30 3 18 2
719 ORDER 333 36 9 68 50 0
720 ORDER 334 34 9 56 49 0
722 ORDER 335 50 32 2 10 0
728 ORDER 336 36 39 19 49 1
729 ORDER 337 65 42 3 6 1
732 ORDER 338 38 47 36 49 1
733 ORDER 339 54 21 23 49 0
735 ORDER 340 26 38 3 32 1
736 ORDER 341 18 15 2 34 0
738 ORDER 342 57 26 3 39 0
741 ORDER 343 63 15 1 31 0
744 ORDER 344 26 38 33 49 0
746 ORDER 345 38 35 3 15 0
747 ORDER 346 9 29 1 49 0
748 ORDER 347 60 30 36 50 1
752 UNBLOCK 19 9
753 ORDER 348 33 18 27 49 1
755 ORDER 349 50 45 2 38 1
756 ORDER 350 38 20 1 45 0
758 ORDER 351 6 20 3 31 0
762 UNBLOCK 28 5
762 ORDER 352 11 24 1 38 0
763 ORDER 353 32 17 1 35 0
769 ORDER 354 43 6 60 50 2
770 ORDER 355 7 41 15 49 0
771 ORDER 356 61 32 3 33 0
774 ORDER 357 42 17 1 23 1
777 ORDER 358 57 19 3 2 0
779 ORDER 359 42 17 2 24 0
781 ORDER 360 21 3 3 2 0
785 ORDER 361 29 32 1 19 1
787 ORDER 362 17 45 1 32 1
793 ORDER 363 20 39 3 29 0
795 ORDER 364 37 3 1 12 0
797 BLOCK 50 50
798 ORDER 365 62 9 3 20 0
800 ORDER 366 6 29 29 50 2
801 ORDER 367 64 42 3 4 3
802 ORDER 368 59 34 49 49 1
806 ORDER 369 65 26 12 49 0
807 ORDER 370 24 39 2 38 0
808 UNBLOCK 60 15
811 ORDER 371 45 26 58 49 1
812 ORDER 372 42 38 8 50 2
813 ORDER 373 30 32 37 50 0
816 ORDER 374 53 11 1 9 0
817 ORDER 375 21 11 22 49 1
818 ORDER 376 19 39 1 22 1
820 ORDER 377 44 9 1 46 0
821 ORDER 378 34 24 1 47 0
824 UNBLOCK 61 3
824 ORDER 379 22 44 2 50 0
828 ORDER 380 61 6 1 28 3
830 ORDER 381 45 29 3 11 0
831 CANCEL 302
832 ORDER 382 47 47 63 49 0
834 ORDER 383 14 12 35 50 0
836 ORDER 384 40 36 8 50 0
838 ORDER 385 20 38 67 49 0
841 ORDER 386 30 21 12 49 3
842 ORDER 387 20 33 45 50 3
845 ORDER 388 53 32 24 50 0
846 ORDER 389 65 47 2 33 1
850 ORDER 390 62 32 3 49 1
851 ORDER 391 37 26 9 49 0
852 ORDER 392 41 20 1 40 0
853 ORDER 393 17 39 18 50 1
854 ORDER 394 61 21 33 50 0
855 ORDER 395 23 18 63 50 1
858 ORDER 396 23 24 2 7 0
860 ORDER 397 57 11 3 16 0
862 ORDER 398 16 14 1 18 0
867 ORDER 399 65 24 1 48 0
869 ORDER 400 43 3 2 23 1
871 ORDER 401 17 8 66 49 2
872 ORDER 402 49 9 54 49 0
876 ORDER 403 18 26 2 18 0
878 ORDER 404 62 39 1 39 0
879 ORDER 405 60 38 2 50 1
882 ORDER 406 26 12 8 50 0
884 ORDER 407 65 3 1 30 0
885 ORDER 408 59 5 1 3 1
886 ORDER 409 18 47 30 50 0
886 BLOCK 39 12
889 ORDER 410 49 20 2 43 0
890 ORDER 411 47 42 10 49 1
891 ORDER 412 65 12 3 49 0
893 ORDER 413 12 38 45 50 0
893 BLOCK 45 8
894 ORDER 414 58 15 68 49 3
895 ORDER 415 19 21 3 14 0
902 ORDER 416 9 44 2 27 0
903 ORDER 417 22 38 2 5 0
904 ORDER 418 16 18 1 3 1
908 ORDER 419 9 26 3 37 1
909 ORDER 420 45 39 33 50 0
910 ORDER 421 10 21 9 49 2
911 ORDER 422 31 33 21 50 0
913 ORDER 423 55 29 24 49 3
915 ORDER 424 32 47 2 37 0
918 ORDER 425 14 27 1 2 0
921 ORDER 426 22 23 1 28 0
922 ORDER 427 50 20 2 14 0
923 ORDER 428 56 45 3 46 2
925 ORDER 429 42 18 3 1 0
926 ORDER 430 18 17 35 49 0
928 ORDER 431 42 36 1 35 2
929 ORDER 432 43 26 3 49 0
931 UNBLOCK 50 50
931 ORDER 433 10 44 12 49 2
932 ORDER 434 57 23 59 50 3
933 ORDER 435 42 42 1 47 1
934 ORDER 436 10 12 1 34 1
936 ORDER 437 24 41 34 49 1
937 ORDER 438 26 36 56 49 0
940 ORDER 439 11 32 24 49 0
946 ORDER 440 22 26 1 34 1
948 BLOCK 19 3
950 ORDER 441 64 25 29 49 0
951 ORDER 442 35 41 2 37 1
952 ORDER 443 11 41 46 49 1
954 ORDER 444 7 26 2 28 0
956 ORDER 445 10 39 1 11 0
957 ORDER 446 46 39 2 9 0
960 ORDER 447 47 41 3 16 0
962 ORDER 448 39 20 1 3 0
964 ORDER 449 60 32 2 7 0
965 ORDER 450 30 3 2 14 1
968 ORDER 451 51 44 32 49 0
968 BLOCK 15 41
969 ORDER 452 18 5 24 49 0
970 ORDER 453 6 39 3 10 2
972 UNBLOCK 39 12
972 ORDER 454 34 21 2 29 0
974 ORDER 455 20 27 24 49 0
975 ORDER 456 59 38 48 50 1
977 ORDER 457 47 29 1 5 2
979 UNBLOCK 45 8
985 ORDER 458 8 20 2 6 0
991 ORDER 459 58 9 1 37 0
992 ORDER 460 20 32 68 49 0
994 CANCEL 443
997 BLOCK 10 12
999 ORDER 461 16 18 1 18 2
1001 ORDER 462 18 14 35 49 0
1003 ORDER 463 56 41 19 50 0
1007 ORDER 464 29 17 1 34 0
1010 ORDER 465 38 41 57 49 0
1011 ORDER 466 36 8 42 50 0
1012 ORDER 467 7 18 4 50 2
1014 ORDER 468 10 20 1 39 1
1016 CANCEL 376
1016 ORDER 469 24 14 2 34 2
1019 ORDER 470 24 26 37 50 0
1021 ORDER 471 24 9 2 50 0
1025 ORDER 472 17 18 5 50 0
1028 ORDER 473 51 32 2 44 0
1029 ORDER 474 35 21 24 50 1
1030 ORDER 475 57 9 22 50 0
1032 UNBLOCK 15 41
1032 ORDER 476 28 30 2 11 0
1035 ORDER 477 57 20 19 50 1
1038 ORDER 478 7 35 1 24 2
1044 ORDER 479 63 11 22 49 1
1046 ORDER 480 62 24 1 37 1
1048 ORDER 481 40 11 2 9 3
1050 ORDER 482 47 11 54 49 3
1051 ORDER 483 47 15 41 49 0
1054 ORDER 484 17 45 58 50 0
1057 ORDER 485 44 42 63 49 2
1059 ORDER 486 47 29 2 23 2
1060 ORDER 487 46 3 55 49 1
1063 ORDER 488 57 20 49 50 0
1066 ORDER 489 57 24 3 23 0
1067 ORDER 490 33 14 3 3 0
1068 ORDER 491 35 27 50 49 0
1070 BLOCK 57 48
1072 ORDER 492 48 3 1 34 0
1076 ORDER 493 38 37 2 26 2
1077 ORDER 494 59 17 3 5 1
1078 UNBLOCK 19 3
1079 ORDER 495 44 35 22 49 0
1081 ORDER 496 37 27 18 49 0
1083 ORDER 497 22 24 52 49 0
1085 ORDER 498 61 26 1 7 1
1086 ORDER 499 8 38 59 50 0
1087 ORDER 500 49 27 1 2 0
1088 ORDER 501 16 41 2 21 0
1090 ORDER 502 53 11 1 21 1
1091 ORDER 503 26 8 2 2 0
1092 CANCEL 452
1093 ORDER 504 17 21 30 49 0
1094 BLOCK 44 44
1095 ORDER 505 44 32 16 49 0
1098 UNBLOCK 10 12
1099 ORDER 506 33 11 3 43 0
1104 ORDER 507 6 20 3 31 1
1105 ORDER 508 60 28 1 15 1
1106 ORDER 509 21 3 1 27 1
1114 ORDER 510 37 17 42 49 0
1115 ORDER 511 27 24 20 50 0
1116 ORDER 512 57 14 13 49 3
1118 ORDER 513 15 45 3 25 0
1119 ORDER 514 57 17 1 2 0
1121 ORDER 515 8 30 34 49 0
1122 ORDER 516 20 11 3 33 0
1125 CANCEL 447
1125 ORDER 517 6 30 3 21 0
1125 BLOCK 31 35
1129 ORDER 518 14 45 2 46 0
1131 ORDER 519 33 37 3 42 0
1136 ORDER 520 9 29 32 49 1
1137 ORDER 521 38 27 1 26 3
1138 ORDER 522 10 32 3 26 1
1139 ORDER 523 36 45 50 50 0
1140 ORDER 524 38 39 3 19 0
1141 ORDER 525 42 20 16 49 0
1141 BLOCK 24 45
1142 ORDER 526 51 15 5 50 0
1144 ORDER 527 65 9 15 49 0
1147 ORDER 528 41 14 1 7 0
1149 ORDER 529 51 30 3 7 0
1150 ORDER 530 25 39 67 49 3
1150 CANCEL 100530
1151 ORDER 531 47 25 4 50 0
1152 ORDER 532 10 39 2 31 0
1154 ORDER 533 18 39 3 44 0
1157 ORDER 534 21 36 49 50 0
1158 ORDER 535 29 20 2 11 0
1159 UNBLOCK 57 48
1161 ORDER 536 44 14 2 17 1
1162 ORDER 537 10 35 7 49 1
1166 UNBLOCK 44 44
1166 ORDER 538 43 17 3 28 0
1171 ORDER 539 18 26 38 49 0
1173 ORDER 540 53 11 1 36 1
1174 CANCEL 503
1175 ORDER 541 28 17 1 26 1
1178 CANCEL 485
1182 ORDER 542 52 39 2 34 0
1183 ORDER 543 49 17 1 29 0
1184 ORDER 544 14 42 60 49 0
1187 ORDER 545 28 39 52 49 0
1189 ORDER 546 19 12 3 50 0
1190 CANCEL 491
1190 ORDER 547 19 30 47 50 1
1191 ORDER 548 12 21 68 49 1
1193 ORDER 549 39 47 14 49 1
1194 ORDER 550 53 38 57 49 0
1196 ORDER 551 64 18 3 37 0
1200 UNBLOCK 31 35
1201 CANCEL 466
1202 ORDER 552 64 35 3 36 0
1203 ORDER 553 44 8 2 21 0
1204 ORDER 554 37 23 10 50 3
1206 ORDER 555 43 14 1 3 0
1208 CANCEL 522
1208 ORDER 556 35 41 22 50 0
1215 ORDER 557 64 6 67 49 0
1216 ORDER 558 22 5 7 50 2
1217 ORDER 559 10 36 60 50 2
1219 ORDER 560 28 20 34 49 2
1220 ORDER 561 48 12 3 38 1
1223 ORDER 562 20 20 3 48 0
1226 ORDER 563 23 30 54 49 0
1229 ORDER 564 7 12 2 36 0
1230 CANCEL 483
1230 UNBLOCK 24 45
1232 ORDER 565 61 6 3 36 2
1233 ORDER 566 58 47 12 49 0
1235 ORDER 567 9 11 1 44 1
1236 ORDER 568 19 21 25 50 0
1237 ORDER 569 10 27 67 49 0
1240 CANCEL 100569
1241 ORDER 570 56 18 2 40 0
1242 ORDER 571 35 8 2 6 0
1243 ORDER 572 60 18 3 44 0
1246 ORDER 573 7 47 3 38 1
1247 ORDER 574 31 30 1 45 0
1249 ORDER 575 25 23 2 44 1
1251 ORDER 576 29 20 56 50 0
1252 ORDER 577 28 36 3 27 0
1254 ORDER 578 27 35 1 22 1
1255 ORDER 579 19 11 3 50 0
1256 ORDER 580 30 12 34 49 0
1258 CANCEL 498
1258 ORDER 581 63 35 2 16 1
1259 ORDER 582 11 9 3 41 1
1265 ORDER 583 7 44 13 49 1
1266 ORDER 584 48 20 2 45 0
1267 ORDER 585 53 32 46 49 1
1269 ORDER 586 19 20 2 3 0
1271 ORDER 587 58 21 24 49 0
1274 ORDER 588 65 32 2 10 0
1275 ORDER 589 21 38 48 49 2
1278 ORDER 590 61 24 52 50 2
1279 ORDER 591 8 11 14 50 1
1282 ORDER 592 63 18 3 8 1
1283 ORDER 593 55 11 3 33 2
1284 ORDER 594 37 26 20 50 0
1285 ORDER 595 54 15 50 49 2
1286 ORDER 596 57 35 3 10 0
1288 ORDER 597 30 33 2 44 2
1292 ORDER 598 26 14 29 50 0
1295 ORDER 599 27 45 1 40 0
1296 ORDER 600 25 26 24 49 0
1297 ORDER 601 30 21 4 50 0
1298 ORDER 602 38 32 61 50 0
1300 ORDER 603 51 5 3 8 1
1301 CANCEL 591
1301 ORDER 604 52 6 3 35 1
1303 ORDER 605 61 38 1 11 0
1304 ORDER 606 58 12 1 21 0
1306 ORDER 607 16 33 1 34 1
1307 ORDER 608 20 47 46 49 1
1308 ORDER 609 9 21 6 49 0
1308 CANCEL 100609
1312 ORDER 610 55 44 19 49 0
1317 ORDER 611 45 10 29 50 1
1319 ORDER 612 15 17 16 49 0
1321 ORDER 613 6 34 1 27 0
1322 ORDER 614 63 42 33 50 2
1323 ORDER 615 6 35 52 50 0
1325 ORDER 616 47 44 3 7 1
1328 ORDER 617 25 16 2 40 0
1329 ORDER 618 63 6 1 10 1
1333 ORDER 619 21 38 2 16 0
1335 ORDER 620 42 3 3 34 1
1338 ORDER 621 59 17 14 49 1
1340 ORDER 622 46 15 41 50 0
1340 BLOCK 27 48
1343 ORDER 623 44 12 1 35 1
1345 ORDER 624 27 38 15 50 0
1348 ORDER 625 12 35 53 49 0
1349 ORDER 626 48 33 53 49 0
1350 ORDER 627 46 5 39 50 3
1351 ORDER 628 65 17 3 7 1
1353 ORDER 629 62 11 24 49 3
1356 ORDER 630 21 15 3 4 0
1356 BLOCK 48 12
1358 ORDER 631 42 20 3 46 3
1359 ORDER 632 47 45 1 8 0
1361 ORDER 633 41 47 62 50 0
1365 ORDER 634 15 12 68 50 1
1367 BLOCK 35 35
1377 ORDER 635 42 14 40 49 0
1378 ORDER 636 25 8 26 49 0
1381 ORDER 637 55 26 67 50 0
1384 ORDER 638 50 42 42 49 0
1389 ORDER 639 41 30 36 50 0
1390 CANCEL 571
1391 ORDER 640 27 8 39 50 1
1393 ORDER 641 24 33 3 7 2
1394 ORDER 642 53 11 3 4 1
1396 CANCEL 639
1396 ORDER 643 57 18 2 6 0
1401 ORDER 644 28 20 2 11 0
1402 ORDER 645 18 11 61 50 1
1403 ORDER 646 31 47 1 40 0
1405 UNBLOCK 27 48
1405 ORDER 647 27 35 2 25 0
1409 CANCEL 634
1409 ORDER 648 46 29 18 49 1
1411 CANCEL 609
1413 ORDER 649 24 6 55 50 1
1415 ORDER 650 52 24 1 3 0
1420 ORDER 651 47 27 1 50 0
1422 ORDER 652 49 11 6 50 0
1424 ORDER 653 9 44 3 45 0
1425 UNBLOCK 35 35
1426 ORDER 654 49 35 2 13 1
1427 ORDER 655 22 26 3 18 0
1430 ORDER 656 37 29 1 20 0
1432 ORDER 657 17 5 2 38 0
1433 ORDER 658 7 30 10 50 0
1435 ORDER 659 8 18 3 12 2
1440 ORDER 660 26 14 65 50 0
1444 ORDER 661 48 36 67 50 0
1445 ORDER 662 32 32 2 21 0
1449 ORDER 663 53 41 19 50 0
1449 BLOCK 39 47
1450 ORDER 664 50 30 3 20 3
1451 ORDER 665 43 9 43 50 1
1455 ORDER 666 23 36 1 50 1
1456 ORDER 667 57 26 20 50 0
1458 ORDER 668 24 39 2 48 0
1461 CANCEL 608
1463 ORDER 669 40 6 1 9 0
1465 ORDER 670 38 15 2 6 1
1467 ORDER 671 11 23 38 49 0
1468 ORDER 672 27 5 29 49 0
1469 ORDER 673 65 39 44 50 0
1472 ORDER 674 21 45 2 19 0
1477 ORDER 675 47 42 1 22 1
1478 ORDER 676 40 42 3 25 1
1480 ORDER 677 55 5 53 49 0
1483 ORDER 678 8 47 62 49 1
1484 ORDER 679 53 17 45 50 0
1484 BLOCK 42 47
1487 ORDER 680 25 8 28 49 1
1487 BLOCK 23 29
1488 ORDER 681 65 3 2 42 0
1488 BLOCK 9 50
1489 UNBLOCK 48 12
1492 ORDER 682 65 38 60 49 1
1493 ORDER 683 8 5 30 50 2
1495 ORDER 684 24 26 1 48 1
1496 ORDER 685 39 17 1 33 1
1498 CANCEL 679
1498 ORDER 686 30 12 2 23 2
1499 ORDER 687 61 45 3 8 0
1502 ORDER 688 57 21 1 1 1
1503 ORDER 689 30 3 3 19 0
1504 ORDER 690 38 30 11 50 0
1505 ORDER 691 7 5 3 33 0
1506 ORDER 692 37 11 9 50 3
1512 ORDER 693 50 38 2 16 1
1513 ORDER 694 28 3 1 10 1
1516 ORDER 695 26 5 2 6 0
1517 ORDER 696 57 38 1 4 1
1518 ORDER 697 65 26 56 49 0
1521 UNBLOCK 9 50
1523 ORDER 698 14 24 14 49 0
1526 ORDER 699 35 3 3 48 0
1527 ORDER 700 44 41 1 6 2
1528 ORDER 701 55 39 36 49 0
1532 ORDER 702 8 29 61 50 0
1533 ORDER 703 38 39 3 48 0
1535 ORDER 704 34 26 45 50 3
1537 ORDER 705 56 39 1 26 0
1539 BLOCK 18 20
1540 ORDER 706 53 23 10 50 2
1542 UNBLOCK 39 47
1542 UNBLOCK 42 47
1543 ORDER 707 15 15 3 6 1
1544 ORDER 708 10 17 1 28 1
1545 ORDER 709 56 20 1 16 1
1547 ORDER 710 27 38 18 49 1
1552 ORDER 711 30 15 56 49 1
1553 ORDER 712 48 18 22 50 1
1554 ORDER 713 56 39 38 49 0
1555 ORDER 714 17 44 52 49 0
1556 BLOCK 49 25
1558 ORDER 715 61 32 16 50 0
1558 BLOCK 8 49
1559 ORDER 716 12 18 60 50 0
1563 ORDER 717 21 32 3 2 1
1564 ORDER 718 7 12 4 49 1
1565 ORDER 719 9 30 2 40 0
1566 ORDER 720 16 44 9 49 0
1567 ORDER 721 51 23 51 49 2
1569 ORDER 722 37 35 3 47 0
1570 ORDER 723 56 9 3 45 0
1572 ORDER 724 48 5 19 50 1
1576 CANCEL 688
1582 ORDER 725 10 8 3 35 1
1583 ORDER 726 43 17 40 49 0
1587 ORDER 727 29 35 3 39 0
1588 CANCEL 682
1588 ORDER 728 41 8 1 22 1
1590 ORDER 729 53 14 2 48 0
1591 ORDER 730 38 15 8 49 0
1593 ORDER 731 18 36 20 50 3
1596 ORDER 732 14 47 39 50 0
1600 ORDER 733 26 24 49 50 1
1601 ORDER 734 25 14 52 50 0
1603 CANCEL 671
1603 ORDER 735 45 14 3 17 0
1604 UNBLOCK 23 29
1605 ORDER 736 64 29 47 49 0
1605 CANCEL 100736
1607 ORDER 737 20 32 22 49 1
1608 ORDER 738 64 41 1 37 1
1610 ORDER 739 64 17 1 1 0
1611 ORDER 740 33 28 28 50 0
1612 ORDER 741 21 15 46 50 1
1613 ORDER 742 54 39 2 44 2
1614 ORDER 743 52 21 2 37 0
1618 CANCEL 658
1619 ORDER 744 7 3 3 47 0
1622 ORDER 745 36 17 38 49 2
1623 ORDER 746 41 7 22 49 0
1626 ORDER 747 57 17 58 50 0
1628 ORDER 748 53 11 2 49 0
1631 ORDER 749 35 26 3 9 1
1632 ORDER 750 50 6 61 49 0
1634 UNBLOCK 18 20
1634 ORDER 751 60 36 18 50 0
1635 ORDER 752 57 26 33 49 0
1642 ORDER 753 51 38 2 3 1
1645 ORDER 754 26 8 2 37 1
1648 BLOCK 12 6
1650 ORDER 755 6 9 1 47 0
1652 ORDER 756 38 47 66 50 0
1653 ORDER 757 8 21 14 49 0
1655 ORDER 758 28 15 1 6 1
1658 ORDER 759 28 21 3 41 0
1660 ORDER 760 26 18 38 49 0
1661 ORDER 761 10 11 1 37 0
1662 ORDER 762 51 45 2 18 0
1666 ORDER 763 36 21 3 38 2
1668 UNBLOCK 8 49
1674 ORDER 764 31 23 3 27 0
1676 ORDER 765 26 29 1 17 1
1677 ORDER 766 62 39 52 50 0
1678 ORDER 767 62 45 3 39 2
1679 UNBLOCK 49 25
1684 ORDER 768 60 5 24 50 0
1685 ORDER 769 19 45 1 8 0
1686 ORDER 770 63 33 64 49 0
1687 ORDER 771 54 18 11 50 0
1689 ORDER 772 27 26 34 49 2
1690 ORDER 773 42 14 49 50 0
1692 ORDER 774 23 42 25 50 0
1693 CANCEL 687
1697 ORDER 775 16 23 2 23 0
1699 ORDER 776 40 12 35 50 0
1700 ORDER 777 18 27 5 50 1
1700 BLOCK 29 7
1704 ORDER 778 56 38 9 50 0
1705 ORDER 779 22 33 11 49 1
1706 ORDER 780 10 45 3 25 1
1708 BLOCK 29 6
1709 ORDER 781 7 35 42 50 0
1710 ORDER 782 18 6 3 39 0
1713 ORDER 783 31 21 20 50 1
1715 ORDER 784 30 26 44 49 0
1720 ORDER 785 58 29 32 49 1
1721 ORDER 786 28 29 1 33 0
1726 ORDER 787 14 12 1 1 1
1727 ORDER 788 65 15 51 50 2
1729 ORDER 789 50 24 3 7 1
1731 ORDER 790 25 41 1 8 0
1732 ORDER 791 32 27 2 35 0
1733 ORDER 792 36 33 10 49 0
1735 ORDER 793 64 39 2 1 0
1737 ORDER 794 50 21 3 2 0
1740 ORDER 795 29 35 31 49 1
1743 ORDER 796 46 41 1 48 0
1745 ORDER 797 32 14 1 14 0
1746 ORDER 798 31 32 7 50 0
1747 ORDER 799 35 8 1 2 0
1748 UNBLOCK 12 6
1748 ORDER 800 32 17 3 22 1
1750 ORDER 801 36 45 3 6 1
1752 ORDER 802 52 38 3 29 1
1753 ORDER 803 50 36 37 50 0
1754 ORDER 804 11 8 50 49 0
1755 ORDER 805 56 21 34 49 0
1756 BLOCK 25 14
1757 ORDER 806 50 3 2 6 1
1759 ORDER 807 26 8 7 49 0
1761 ORDER 808 26 18 1 17 0
1762 ORDER 809 62 21 1 13 1
1763 ORDER 810 22 32 21 50 0
1764 ORDER 811 19 8 1 34 0
1767 ORDER 812 38 35 1 46 0
1768 ORDER 813 40 9 2 20 2
1769 ORDER 814 31 3 40 49 0
1773 ORDER 815 35 21 2 17 3
1773 BLOCK 43 47
1774 ORDER 816 15 12 3 46 2
1779 ORDER 817 13 36 65 49 2
1782 ORDER 818 53 33 6 50 0
1783 ORDER 819 9 43 2 34 0
1784 ORDER 820 10 27 17 49 0
1785 ORDER 821 51 20 3 45 0
1786 ORDER 822 7 47 3 45 2
1788 ORDER 823 46 26 50 50 0
1791 ORDER 824 57 32 16 50 2
1792 ORDER 825 27 11 1 32 2
1793 ORDER 826 21 15 58 49 0
1797 ORDER 827 41 15 3 23 0
1799 ORDER 828 64 3 47 49 0
1800 ORDER 829 32 6 31 49 2
1801 ORDER 830 10 12 2 27 0
1804 UNBLOCK 29 6
1804 ORDER 831 32 36 16 49 0
1805 ORDER 832 25 26 2 15 1
1807 ORDER 833 28 42 44 49 0
1809 ORDER 834 32 41 43 50 0
1810 UNBLOCK 25 14
1811 ORDER 835 46 44 2 41 0
1814 ORDER 836 9 44 33 49 0
1818 ORDER 837 42 45 39 49 1
1819 ORDER 838 65 3 2 21 3
1821 ORDER 839 49 20 1 22 1
1823 ORDER 840 48 14 2 29 0
1825 ORDER 841 37 42 1 29 0
1826 ORDER 842 25 12 58 50 0
1828 ORDER 843 10 20 30 50 0
1829 ORDER 844 54 30 47 50 0
1831 ORDER 845 9 24 13 50 3
1832 ORDER 846 34 36 1 7 1
1835 UNBLOCK 29 7
1836 ORDER 847 52 14 51 49 0
1838 ORDER 848 24 15 1 32 0
1839 ORDER 849 40 45 3 30 0
1840 ORDER 850 55 33 2 41 0
1841 ORDER 851 58 32 3 12 2
1842 ORDER 852 57 21 15 49 0
1844 CANCEL 827
1844 ORDER 853 58 35 46 49 0
1845 ORDER 854 56 29 53 50 0
1848 ORDER 855 28 39 11 49 1
1850 ORDER 856 24 11 50 49 0
1851 ORDER 857 30 8 1 18 3
1852 ORDER 858 53 8 51 49 0
1854 ORDER 859 6 35 1 41 0
1857 ORDER 860 29 23 3 18 1
1859 CANCEL 100860
1863 ORDER 861 62 41 1 31 0
1864 ORDER 862 64 24 29 50 1
1867 BLOCK 32 48
1868 ORDER 863 63 8 23 50 0
1872 ORDER 864 62 9 3 26 0
1874 ORDER 865 52 3 1 23 0
1875 BLOCK 21 5
1876 ORDER 866 45 44 36 49 1
1879 ORDER 867 8 44 1 17 1
1881 ORDER 868 25 17 3 48 3
1882 UNBLOCK 43 47
1886 ORDER 869 40 38 2 37 0
1887 ORDER 870 63 12 3 22 0
1893 ORDER 871 11 9 2 8 1
1894 ORDER 872 57 36 1 36 0
1897 ORDER 873 13 35 61 49 0
1899 ORDER 874 48 39 57 49 3
1902 ORDER 875 45 23 35 50 0
1903 ORDER 876 11 33 44 50 0
1904 ORDER 877 23 12 1 7 0
1905 ORDER 878 49 35 1 13 2
1906 UNBLOCK 21 5
1906 ORDER 879 60 38 7 49 0
1909 ORDER 880 7 8 46 49 0
1910 CANCEL 799
1913 ORDER 881 12 5 3 4 0
1916 ORDER 882 10 8 2 16 0
1919 BLOCK 54 14
1921 ORDER 883 46 42 12 50 0
1922 ORDER 884 33 33 3 32 2
1923 ORDER 885 53 38 3 30 1
1924 ORDER 886 52 47 3 40 1
1925 ORDER 887 7 17 1 35 0
1926 ORDER 888 7 17 41 50 0
1927 ORDER 889 41 45 7 50 3
1927 BLOCK 55 21
1929 ORDER 890 22 21 25 50 0
1932 ORDER 891 50 15 3 16 0
1933 ORDER 892 6 15 2 21 0
1936 ORDER 893 57 24 22 50 1
1938 ORDER 894 50 11 1 29 0
1939 ORDER 895 30 20 2 4 1
1942 ORDER 896 53 15 45 50 0
1944 CANCEL 857
1953 ORDER 897 8 42 2 44 0
1954 ORDER 898 45 14 10 49 0
1958 ORDER 899 30 21 32 50 2
1959 ORDER 900 14 14 48 50 1
1960 ORDER 901 9 33 6 49 3
1962 CANCEL 855
1963 UNBLOCK 32 48
1965 ORDER 902 44 14 41 50 1
1966 ORDER 903 9 21 2 12 1
1968 ORDER 904 22 45 2 31 0
1971 ORDER 905 65 12 1 3 0
1972 ORDER 906 18 30 45 49 0
1976 ORDER 907 13 5 45 49 2
1977 ORDER 908 61 11 2 37 0
1978 ORDER 909 62 45 43 49 1
1979 ORDER 910 52 17 42 49 0
1981 ORDER 911 55 12 28 49 0
1982 ORDER 912 43 21 45 49 2
1986 ORDER 913 37 38 14 50 0
1988 ORDER 914 27 47 32 50 0
1992 ORDER 915 31 14 3 40 0
1995 ORDER 916 14 3 2 49 0
1996 CANCEL 880
1996 UNBLOCK 54 14
1996 ORDER 917 16 8 1 6 1
1997 ORDER 918 37 23 2 32 0
2000 UNBLOCK 55 21
2001 ORDER 919 16 33 51 50 0
2003 ORDER 920 56 3 28 49 0
2005 BLOCK 35 1
2006 ORDER 921 40 47 61 49 2
2007 ORDER 922 14 17 2 5 3
2009 BLOCK 26 9
2011 ORDER 923 30 8 40 49 1
2012 ORDER 924 27 20 47 50 2
2015 ORDER 925 8 27 2 11 0
2015 BLOCK 11 30
2017 CANCEL 906
2017 ORDER 926 36 3 2 1 0
2019 ORDER 927 18 29 2 9 0
2020 CANCEL 913
2021 ORDER 928 55 14 52 50 0
2022 ORDER 929 43 39 1 22 1
2023 ORDER 930 64 39 51 50 1
2025 ORDER 931 33 12 6 50 0
2026 ORDER 932 19 41 2 40 0
2027 ORDER 933 14 12 48 50 0
2029 ORDER 934 6 9 1 26 0
2032 ORDER 935 31 20 1 3 3
2035 ORDER 936 36 17 39 49 0
2037 ORDER 937 24 35 49 50 0
2040 ORDER 938 48 39 21 49 1
2041 ORDER 939 9 30 3 40 1
2043 ORDER 940 31 12 63 50 1
2044 ORDER 941 24 15 22 49 1
2045 BLOCK 10 45
2053 ORDER 942 49 38 1 24 0
2059 ORDER 943 15 12 14 50 1
2061 ORDER 944 52 12 51 49 0
2064 ORDER 945 30 33 2 31 3
2066 CANCEL 100945
2067 ORDER 946 11 17 1 44 0
2068 ORDER 947 33 36 1 16 0
2070 ORDER 948 40 24 1 44 1
2071 CANCEL 898
2073 CANCEL 925
2076 ORDER 949 10 3 37 50 3
2077 ORDER 950 51 23 1 29 0
2080 UNBLOCK 35 1
2080 ORDER 951 55 11 57 50 1
2081 ORDER 952 26 9 3 23 1
2084 ORDER 953 46 27 1 35 2
2087 ORDER 954 14 44 58 50 3
2089 ORDER 955 9 8 3 38 0
2090 ORDER 956 64 44 3 4 2
2095 ORDER 957 40 17 6 49 1
2096 ORDER 958 60 29 40 49 0
2098 ORDER 959 23 24 26 49 0
2102 ORDER 960 62 8 2 26 2
2105 ORDER 961 41 47 2 42 0
2106 ORDER 962 56 26 21 50 0
2110 CANCEL 937
2111 ORDER 963 17 29 35 49 1
2112 ORDER 964 61 38 2 49 1
2113 ORDER 965 22 6 4 50 0
2114 ORDER 966 29 44 1 45 2
2116 ORDER 967 8 21 3 18 1
2117 ORDER 968 37 15 1 14 0
2119 ORDER 969 32 41 47 50 0
2120 ORDER 970 52 15 1 27 2
2123 ORDER 971 52 35 2 24 0
2126 ORDER 972 46 41 38 50 1
2126 BLOCK 45 14
2128 UNBLOCK 11 30
2131 ORDER 973 53 21 12 49 0
2132 ORDER 974 57 30 2 35 1
2133 ORDER 975 58 5 10 50 0
2134 ORDER 976 47 3 1 11 0
2135 ORDER 977 40 9 2 18 0
2137 ORDER 978 36 47 63 50 0
2144 ORDER 979 58 39 66 50 0
2149 UNBLOCK 26 9
2152 UNBLOCK 10 45
2153 ORDER 980 9 30 62 49 0
2154 ORDER 981 65 38 55 50 1
2156 ORDER 982 25 15 32 50 0
2157 ORDER 983 46 20 41 49 0
2158 ORDER 984 8 20 2 31 1
2164 ORDER 985 52 8 2 26 0
2166 ORDER 986 61 9 1 5 0
2167 ORDER 987 41 32 17 49 0
2169 ORDER 988 7 35 1 22 0
2170 ORDER 989 18 9 43 50 3
2172 ORDER 990 45 21 1 20 0
2173 ORDER 991 14 6 12 50 1
2175 ORDER 992 26 15 5 50 1
2176 ORDER 993 27 24 54 49 0
2177 ORDER 994 31 18 32 49 0
2178 ORDER 995 23 27 26 49 0
2182 ORDER 996 18 15 51 50 0
2185 ORDER 997 8 33 2 5 0
2187 ORDER 998 52 38 58 49 0
2189 BLOCK 6 35
2190 ORDER 999 26 20 12 49 1
2194 ORDER 1000 19 12 39 49 0
2197 ORDER 1001 34 22 2 14 1
2198 ORDER 1002 42 14 3 14 0
2199 ORDER 1003 8 26 49 49 0
2201 ORDER 1004 16 17 3 1 0
2203 ORDER 1005 48 38 3 21 0
2204 ORDER 1006 39 17 12 49 0
2205 ORDER 1007 43 39 1 34 0
2207 ORDER 1008 47 29 35 50 1
2210 ORDER 1009 62 24 35 50 0
2211 ORDER 1010 63 23 13 49 0
2212 ORDER 1011 30 11 3 26 0
2213 ORDER 1012 9 24 3 41 0
2214 ORDER 1013 58 14 47 50 0
2218 ORDER 1014 35 39 1 27 1
2219 ORDER 1015 64 6 6 50 3
2221 UNBLOCK 45 14
2222 ORDER 1016 39 47 49 50 1
2222 CANCEL 101016
2226 ORDER 1017 18 8 11 49 0
2226 BLOCK 22 16
2231 ORDER 1018 47 36 52 50 3
2232 ORDER 1019 52 37 54 49 1
2234 ORDER 1020 48 29 1 45 3
2241 ORDER 1021 43 23 41 50 0
2242 ORDER 1022 26 8 2 13 0
2244 ORDER 1023 6 27 3 39 3
2245 ORDER 1024 40 36 2 46 2
2246 BLOCK 19 24
2248 ORDER 1025 34 24 29 49 0
2251 ORDER 1026 37 9 61 49 1
2257 ORDER 1027 50 11 64 50 0
2258 BLOCK 47 18
2259 ORDER 1028 55 8 1 25 0
2265 ORDER 1029 43 26 1 19 1
2266 ORDER 1030 48 47 29 50 0
2268 ORDER 1031 62 12 3 12 0
2270 ORDER 1032 45 30 68 49 1
2277 ORDER 1033 53 41 60 50 0
2279 ORDER 1034 63 9 2 28 0
2281 ORDER 1035 55 8 3 21 1
2282 ORDER 1036 41 26 2 34 2
2284 ORDER 1037 42 21 56 49 1
2285 ORDER 1038 7 11 46 49 0
2286 ORDER 1039 9 24 3 16 0
2291 ORDER 1040 63 17 66 50 3
2292 ORDER 1041 51 23 1 28 0
2295 ORDER 1042 33 24 61 49 0
2296 UNBLOCK 6 35
2298 ORDER 1043 9 47 3 37 0
2300 ORDER 1044 52 14 39 50 2
2301 ORDER 1045 63 27 1 38 0
2305 ORDER 1046 11 26 2 16 2
2306 ORDER 1047 65 32 66 49 2
2308 ORDER 1048 41 47 2 13 0
2309 ORDER 1049 50 6 3 32 0
2310 ORDER 1050 10 44 29 50 0
2311 ORDER 1051 19 36 66 49 0
2318 ORDER 1052 15 27 1 28 2
2319 ORDER 1053 60 15 32 49 0
2320 ORDER 1054 20 15 14 49 3
2327 ORDER 1055 62 42 2 21 0
2328 ORDER 1056 16 12 2 24 1
2329 ORDER 1057 28 41 2 27 0
2331 UNBLOCK 47 18
2332 UNBLOCK 22 16
2332 ORDER 1058 36 3 2 27 0
2333 ORDER 1059 27 29 67 49 2
2333 CANCEL 101059
2334 ORDER 1060 33 24 3 39 0
2340 ORDER 1061 18 24 62 49 1
2341 ORDER 1062 32 20 1 28 0
2344 ORDER 1063 27 11 3 37 0
2345 ORDER 1064 10 5 58 49 3
2350 ORDER 1065 52 5 4 49 0
2351 ORDER 1066 46 35 2 37 1
2352 ORDER 1067 18 24 24 50 2
2353 ORDER 1068 57 17 40 49 0
2356 ORDER 1069 19 9 1 9 0
2357 ORDER 1070 32 8 33 49 0
2360 ORDER 1071 27 17 2 45 0
2362 ORDER 1072 30 17 3 48 0
2363 ORDER 1073 31 21 15 49 1
2364 CANCEL 101073
2365 ORDER 1074 52 38 25 49 0
2366 ORDER 1075 32 26 3 29 1
2367 ORDER 1076 21 5 2 39 0
2369 ORDER 1077 18 42 56 50 0
2372 CANCEL 1011
2372 ORDER 1078 61 12 3 2 1
2378 ORDER 1079 63 33 32 50 1
2380 ORDER 1080 55 39 1 2 2
2384 ORDER 1081 26 27 2 20 0
2386 ORDER 1082 33 29 55 50 0
2387 CANCEL 1055
2389 UNBLOCK 19 24
2389 ORDER 1083 49 17 2 12 0
2390 ORDER 1084 7 23 5 49 1
2392 ORDER 1085 50 32 3 24 0
2393 ORDER 1086 38 21 25 49 0
2395 ORDER 1087 47 42 1 28 0
2396 ORDER 1088 19 32 3 24 0
2397 CANCEL 101088
2398 ORDER 1089 49 20 54 50 2
2400 CANCEL 1088
2403 ORDER 1090 9 27 2 44 2
2404 ORDER 1091 62 41 2 29 3
2407 ORDER 1092 56 11 66 49 1
2408 ORDER 1093 9 6 3 24 0
2410 ORDER 1094 10 35 52 50 0
2413 ORDER 1095 60 20 13 49 2
2414 ORDER 1096 43 42 3 1 2
2417 ORDER 1097 11 29 1 21 1
2419 ORDER 1098 50 9 1 39 0
2420 ORDER 1099 63 35 27 50 0
2423 ORDER 1100 37 27 33 50 0
2425 ORDER 1101 40 14 2 21 0
2430 ORDER 1102 35 12 66 49 0
2431 ORDER 1103 10 36 2 19 0
2432 ORDER 1104 47 41 2 36 0
2434 ORDER 1105 19 26 52 50 1
2435 ORDER 1106 11 42 2 26 0
2438 ORDER 1107 9 32 8 50 0
2442 ORDER 1108 33 45 1 23 2
2444 ORDER 1109 63 17 20 50 0
2445 ORDER 1110 11 30 3 49 0
2446 ORDER 1111 65 24 2 6 1
2448 ORDER 1112 7 21 12 50 1
2449 CANCEL 1078
2451 ORDER 1113 65 3 1 35 0
2452 ORDER 1114 49 47 41 50 0
2453 ORDER 1115 15 26 3 28 2
2454 ORDER 1116 55 5 44 50 0
2456 ORDER 1117 48 20 4 49 1
2458 BLOCK 64 48
2463 ORDER 1118 63 12 28 49 2
2469 ORDER 1119 61 17 56 50 0
2471 ORDER 1120 50 45 1 33 3
2475 BLOCK 13 33
2476 BLOCK 5 34
2477 ORDER 1121 11 20 66 49 0
2479 ORDER 1122 10 36 42 49 1
2483 ORDER 1123 54 11 3 38 0
2486 ORDER 1124 10 33 2 36 1
2488 ORDER 1125 64 9 19 49 3
2491 ORDER 1126 14 17 50 49 0
2493 ORDER 1127 21 20 3 33 0
2494 ORDER 1128 48 33 60 49 0
2495 ORDER 1129 58 5 2 38 2
2497 ORDER 1130 39 21 13 49 1
2502 UNBLOCK 64 48
2505 ORDER 1131 34 39 21 50 0
2508 CANCEL 1121
2512 ORDER 1132 61 44 56 49 0
2514 CANCEL 1110
2515 ORDER 1133 26 17 41 50 0
2521 ORDER 1134 6 9 1 21 1
2522 ORDER 1135 56 24 1 50 2
2524 ORDER 1136 26 15 1 19 0
2525 ORDER 1137 48 27 67 49 0
2526 ORDER 1138 19 11 53 50 0
2527 UNBLOCK 5 34
2533 BLOCK 5 38
2534 ORDER 1139 22 26 19 49 0
2536 ORDER 1140 27 41 48 50 0
2538 ORDER 1141 62 23 1 48 0
2539 CANCEL 1107
2539 ORDER 1142 47 42 1 37 1
2541 ORDER 1143 15 15 3 9 0
2542 ORDER 1144 40 35 3 25 1
2548 ORDER 1145 12 35 3 5 0
2549 ORDER 1146 55 6 3 10 0
2550 ORDER 1147 58 29 63 50 1
2553 ORDER 1148 48 39 1 8 0
2554 ORDER 1149 38 18 22 50 0
2556 ORDER 1150 51 14 1 50 1
2563 ORDER 1151 47 16 54 49 0
2565 ORDER 1152 40 36 22 49 0
2567 CANCEL 1150
2568 ORDER 1153 58 9 58 49 0
2569 ORDER 1154 50 3 3 16 0
2570 ORDER 1155 25 41 13 50 1
2575 ORDER 1156 60 20 1 11 0
2576 ORDER 1157 58 20 44 50 1
2578 ORDER 1158 10 27 35 49 0
2581 ORDER 1159 28 9 31 49 0
2583 ORDER 1160 62 26 67 50 0
2587 ORDER 1161 20 45 1 26 0
2592 BLOCK 59 17
2594 ORDER 1162 39 33 2 43 0
2596 ORDER 1163 47 5 3 8 2
2598 UNBLOCK 13 33
2600 ORDER 1164 36 14 18 49 0
2601 ORDER 1165 6 18 19 49 0
2603 ORDER 1166 27 42 46 50 0
2604 ORDER 1167 6 35 2 33 2
2606 ORDER 1168 65 14 3 24 0
2608 ORDER 1169 29 29 58 49 0
2611 ORDER 1170 36 41 20 50 0
2612 ORDER 1171 35 26 26 50 0
2615 ORDER 1172 34 29 54 49 0
2616 ORDER 1173 65 38 3 2 0
2619 ORDER 1174 40 5 2 17 1
2620 ORDER 1175 21 33 20 50 0
2621 ORDER 1176 30 36 20 49 1
2622 ORDER 1177 62 32 4 50 0
2623 ORDER 1178 59 32 1 37 1
2624 ORDER 1179 27 42 2 12 1
2625 CANCEL 1152
2626 ORDER 1180 16 23 47 49 0
2627 BLOCK 50 2
2629 ORDER 1181 17 26 1 3 0
2630 CANCEL 1176
2630 ORDER 1182 39 45 33 49 0
2631 CANCEL 1173
2631 ORDER 1183 57 33 1 22 1
2632 ORDER 1184 51 30 1 11 0
2637 ORDER 1185 49 3 31 50 1
2639 ORDER 1186 27 23 27 50 0
2642 ORDER 1187 41 38 1 25 0
2643 ORDER 1188 55 26 3 26 0
2644 CANCEL 1149
2644 ORDER 1189 53 32 54 49 1
2646 ORDER 1190 12 3 62 50 2
2647 CANCEL 1177
2648 ORDER 1191 38 36 2 35 0
2651 ORDER 1192 58 21 38 49 0
2654 ORDER 1193 64 38 3 14 2
2658 ORDER 1194 36 39 2 33 0
2659 ORDER 1195 24 9 21 49 0
2660 ORDER 1196 52 42 1 49 0
2663 UNBLOCK 5 38
2664 ORDER 1197 21 17 9 49 0
2664 BLOCK 7 18
2665 ORDER 1198 7 18 2 17 1
2666 ORDER 1199 39 30 1 22 0
2668 ORDER 1200 34 6 61 49 0
2669 ORDER 1201 6 12 3 44 0
2670 ORDER 1202 65 25 3 50 0
2671 ORDER 1203 11 17 3 41 0
2671 BLOCK 50 3
2673 BLOCK 26 14
2674 ORDER 1204 8 32 11 49 3
2674 BLOCK 59 17
2675 ORDER 1205 9 24 1 4 0
2677 ORDER 1206 20 5 3 2 0
2679 ORDER 1207 62 21 1 40 2
2680 ORDER 1208 45 38 1 39 0
2681 ORDER 1209 45 12 3 42 0
2685 BLOCK 5 26
2688 ORDER 1210 52 26 24 50 0
2689 ORDER 1211 42 36 3 38 0
2690 ORDER 1212 23 38 1 35 1
2694 ORDER 1213 56 21 3 23 0
2696 ORDER 1214 54 42 1 20 0
2698 ORDER 1215 7 38 51 49 0
2699 ORDER 1216 17 39 24 50 0
2700 ORDER 1217 64 15 1 7 0
2701 ORDER 1218 60 32 3 4 2
2704 ORDER 1219 64 29 2 15 0
2707 ORDER 1220 32 33 1 10 1
2708 ORDER 1221 27 18 42 49 0
2709 ORDER 1222 22 24 34 49 0
2710 UNBLOCK 50 2
2710 UNBLOCK 7 18
2710 ORDER 1223 14 15 2 27 1
2711 ORDER 1224 48 9 1 20 2
2713 ORDER 1225 38 30 10 50 0
2713 BLOCK 44 29
2714 UNBLOCK 59 17
2715 ORDER 1226 30 11 42 50 0
2718 ORDER 1227 26 44 2 17 0
2720 ORDER 1228 30 26 33 49 0
2721 ORDER 1229 50 44 2 8 0
2724 ORDER 1230 8 41 8 50 1
2724 BLOCK 52 19
2727 ORDER 1231 62 14 2 15 2
2728 ORDER 1232 14 42 3 33 1
2730 ORDER 1233 18 45 62 49 0
2732 ORDER 1234 49 5 2 3 1
2733 UNBLOCK 50 3
2734 ORDER 1235 42 27 63 49 1
2735 ORDER 1236 23 32 2 42 0
2747 ORDER 1237 65 12 3 39 0
2752 ORDER 1238 64 36 2 9 0
2755 ORDER 1239 17 11 2 46 0
2756 ORDER 1240 23 38 35 49 0
2757 ORDER 1241 10 18 3 17 1
2760 UNBLOCK 52 19
2760 ORDER 1242 57 3 29 50 0
2761 ORDER 1243 17 38 1 19 0
2762 ORDER 1244 33 26 1 27 1
2763 ORDER 1245 48 12 8 49 0
2765 ORDER 1246 7 36 2 6 0
2767 ORDER 1247 26 12 1 28 0
2769 ORDER 1248 54 6 2 25 1
2771 ORDER 1249 26 26 17 50 1
2772 ORDER 1250 31 18 21 50 0
2774 ORDER 1251 15 8 7 49 0
2775 ORDER 1252 52 8 3 44 2
2776 UNBLOCK 26 14
2776 ORDER 1253 59 3 2 22 0
2780 ORDER 1254 30 8 2 46 2
2781 ORDER 1255 26 47 1 37 0
2784 ORDER 1256 17 29 3 20 0
2785 ORDER 1257 25 27 2 28 1
2786 ORDER 1258 58 21 2 9 1
2789 ORDER 1259 32 32 2 38 3
2789 BLOCK 23 50
2790 ORDER 1260 22 47 1 13 0
2798 CANCEL 1258
2799 BLOCK 60 2
2800 ORDER 1261 62 32 1 27 2
2802 ORDER 1262 12 39 2 3 0
2804 ORDER 1263 46 9 3 47 0
2805 UNBLOCK 44 29
2808 UNBLOCK 59 17
2808 ORDER 1264 46 39 26 49 0
2809 ORDER 1265 40 33 2 29 0
2811 ORDER 1266 55 24 3 36 0
2812 ORDER 1267 50 9 2 48 2
2815 ORDER 1268 22 44 3 29 1
2816 ORDER 1269 31 20 15 50 1
2817 ORDER 1270 63 27 21 50 3
2819 ORDER 1271 36 5 23 49 1
2820 ORDER 1272 34 38 1 7 0
2824 ORDER 1273 59 17 1 4 0
2825 ORDER 1274 9 17 2 24 0
2826 ORDER 1275 38 11 2 21 0
2828 ORDER 1276 30 15 3 11 2
2829 ORDER 1277 26 12 2 33 1
2831 UNBLOCK 5 26
2831 ORDER 1278 42 39 2 37 0
2832 CANCEL 101278
2833 ORDER 1279 25 27 2 16 1
2834 ORDER 1280 53 12 23 50 2
2835 ORDER 1281 28 39 38 49 3
2836 ORDER 1282 41 32 7 49 0
2838 ORDER 1283 58 21 1 38 0
2840 ORDER 1284 49 38 24 50 1
2842 ORDER 1285 17 32 50 49 0
2843 ORDER 1286 7 6 28 49 0
2845 ORDER 1287 36 45 1 22 0
2846 BLOCK 8 3
2847 ORDER 1288 39 21 3 1 1
2851 ORDER 1289 49 30 48 49 0
2852 UNBLOCK 23 50
2852 ORDER 1290 28 30 2 49 1
2853 ORDER 1291 18 18 1 8 0
2859 ORDER 1292 42 39 54 49 0
2860 ORDER 1293 29 47 44 50 1
2861 BLOCK 59 23
2866 ORDER 1294 58 33 10 50 3
2867 UNBLOCK 60 2
2867 CANCEL 101294
2872 ORDER 1295 41 17 1 7 0
2873 ORDER 1296 42 15 2 39 1
2874 ORDER 1297 46 35 37 49 0
2876 ORDER 1298 10 44 63 50 0
2877 ORDER 1299 48 11 45 50 1
2878 ORDER 1300 65 20 2 42 0
2879 ORDER 1301 48 36 1 16 0
2879 BLOCK 60 21
2881 ORDER 1302 38 3 3 33 1
2885 ORDER 1303 56 18 14 49 0
2886 ORDER 1304 22 20 3 7 0
2887 ORDER 1305 31 38 2 34 0
2888 ORDER 1306 31 45 3 4 2
2889 BLOCK 14 8
2891 ORDER 1307 48 30 3 39 0
2893 ORDER 1308 27 39 3 49 0
2893 BLOCK 28 42
2894 ORDER 1309 42 44 3 36 0
2895 ORDER 1310 49 15 1 29 0
2897 UNBLOCK 59 23
2897 ORDER 1311 32 5 2 19 1
2899 ORDER 1312 25 6 12 50 0
2900 ORDER 1313 62 39 7 49 0
2901 ORDER 1314 15 18 2 31 0
2908 ORDER 1315 50 5 36 50 0
2909 ORDER 1316 64 24 1 19 0
2917 ORDER 1317 51 18 2 15 0
2921 CANCEL 1264
2923 ORDER 1318 58 44 3 49 0
2924 ORDER 1319 32 42 53 50 0
2925 ORDER 1320 13 3 32 50 2
2926 UNBLOCK 8 3
2928 ORDER 1321 39 3 18 49 0
2928 BLOCK 63 49
2929 ORDER 1322 46 42 1 34 0
2931 ORDER 1323 16 23 12 49 1
2934 ORDER 1324 27 45 11 50 0
2936 UNBLOCK 60 21
2936 ORDER 1325 58 35 3 38 0
2938 ORDER 1326 33 41 3 7 1
2939 ORDER 1327 20 45 68 50 0
2941 ORDER 1328 59 30 20 49 2
2944 ORDER 1329 55 35 2 16 0
2946 ORDER 1330 50 21 46 50 0
2949 ORDER 1331 19 12 3 37 1
2950 ORDER 1332 52 5 11 49 1
2951 BLOCK 29 9
2952 ORDER 1333 53 44 1 1 0
2954 ORDER 1334 6 47 2 29 3
2956 ORDER 1335 37 36 14 49 2
2957 ORDER 1336 8 33 36 49 1
2960 ORDER 1337 36 11 46 49 0
2963 ORDER 1338 39 41 3 42 1
2972 ORDER 1339 17 44 2 31 2
2973 ORDER 1340 62 33 9 49 0
2974 ORDER 1341 65 38 58 49 1
2980 ORDER 1342 51 18 62 49 0
2983 ORDER 1343 31 3 51 49 0
2984 ORDER 1344 34 41 2 22 0
2986 ORDER 1345 11 15 1 36 2
2991 ORDER 1346 47 14 23 50 3
2992 UNBLOCK 63 49
2999 ORDER 1347 45 44 3 31 0
3000 CANCEL 1313
3000 ORDER 1348 50 23 56 49 0
3003 ORDER 1349 29 21 10 50 1
3005 ORDER 1350 13 36 54 50 1
3009 UNBLOCK 14 8
3009 ORDER 1351 30 36 1 7 0
3010 ORDER 1352 30 45 23 50 0
3011 ORDER 1353 15 42 1 23 0
3012 ORDER 1354 33 47 31 50 0
3013 ORDER 1355 11 32 23 49 0
3014 ORDER 1356 50 44 17 49 0
3016 ORDER 1357 25 6 3 19 0
3017 ORDER 1358 51 30 1 43 1
3021 ORDER 1359 48 18 2 20 0
3022 UNBLOCK 28 42
3022 ORDER 1360 6 33 1 42 0
3023 ORDER 1361 21 21 41 49 3
3025 CANCEL 1351
3025 ORDER 1362 27 5 1 26 3
3026 ORDER 1363 20 23 1 17 0
3028 ORDER 1364 8 44 63 50 0
3030 ORDER 1365 30 32 8 49 0
3031 ORDER 1366 51 21 19 50 1
3032 ORDER 1367 17 44 2 43 0
3036 UNBLOCK 29 9
3040 ORDER 1368 44 12 3 29 0
3041 ORDER 1369 8 23 33 49 0
3044 ORDER 1370 44 6 3 29 1
3046 ORDER 1371 23 26 1 10 0
3047 ORDER 1372 16 45 3 41 0
3050 ORDER 1373 63 9 47 50 2
3051 ORDER 1374 9 15 46 50 0
3052 CANCEL 101374
3053 ORDER 1375 30 24 31 49 3
3057 ORDER 1376 64 35 30 49 3
3058 ORDER 1377 17 33 3 20 0
3059 ORDER 1378 23 3 2 4 2
3060 ORDER 1379 64 17 3 24 0
3061 ORDER 1380 60 29 2 36 0
3062 ORDER 1381 46 29 6 50 0
3065 ORDER 1382 12 32 3 9 0
3070 ORDER 1383 52 41 25 50 0
3074 ORDER 1384 32 18 2 7 3
3076 ORDER 1385 31 6 2 8 0
3078 ORDER 1386 48 41 1 9 0
3081 CANCEL 1379
3082 ORDER 1387 57 30 3 6 2
3083 ORDER 1388 19 42 2 24 0
3086 ORDER 1389 51 14 3 2 0
3089 CANCEL 1333
3089 ORDER 1390 46 3 59 50 2
3092 ORDER 1391 20 27 2 45 0
3096 ORDER 1392 34 39 43 50 2
3099 ORDER 1393 6 33 2 13 0
3100 ORDER 1394 26 47 1 21 2
3103 ORDER 1395 28 45 58 50 0
3104 ORDER 1396 7 32 35 49 0
3105 ORDER 1397 16 44 1 17 0
3106 ORDER 1398 12 21 3 3 0
3107 ORDER 1399 35 5 1 22 1
3108 ORDER 1400 6 27 7 49 1
3109 BLOCK 41 24
3112 ORDER 1401 36 5 2 22 1
3115 ORDER 1402 45 44 54 49 0
3116 ORDER 1403 60 47 9 50 0
3117 BLOCK 59 15
3120 ORDER 1404 40 26 2 36 0
3124 ORDER 1405 9 12 66 49 0
3125 ORDER 1406 31 18 1 16 0
3126 ORDER 1407 15 32 3 27 1
3130 ORDER 1408 56 45 11 49 0
3133 ORDER 1409 32 45 3 31 0
3134 ORDER 1410 51 8 2 27 1
3139 ORDER 1411 25 41 2 14 0
3144 ORDER 1412 34 39 1 44 0
3145 ORDER 1413 19 11 52 49 0
3146 BLOCK 48 42
3150 ORDER 1414 51 42 20 50 0
3151 ORDER 1415 7 17 66 49 0
3152 ORDER 1416 44 6 1 9 2
3153 ORDER 1417 22 20 19 50 0
3154 UNBLOCK 59 15
3154 ORDER 1418 43 42 43 49 0
3156 ORDER 1419 11 40 1 11 0
3157 ORDER 1420 60 15 40 50 2
3158 CANCEL 1370
3159 ORDER 1421 50 18 3 43 2
3165 ORDER 1422 65 24 37 50 0
3171 ORDER 1423 9 35 29 50 2
3178 ORDER 1424 11 27 2 29 0
3182 ORDER 1425 28 20 3 30 1
3183 ORDER 1426 8 14 3 1 0
3184 ORDER 1427 19 47 47 49 0
3185 ORDER 1428 51 14 1 13 0
3186 ORDER 1429 17 32 1 5 1
3187 ORDER 1430 45 6 1 49 0
3188 ORDER 1431 19 5 1 14 1
3190 ORDER 1432 29 5 2 29 3
3191 ORDER 1433 52 5 58 50 1
3193 ORDER 1434 54 17 15 49 0
3195 ORDER 1435 18 3 3 16 0
3196 ORDER 1436 28 39 2 33 0
3197 ORDER 1437 42 45 1 47 1
3198 UNBLOCK 41 24
3198 ORDER 1438 19 3 3 39 1
3200 CANCEL 1366
3200 ORDER 1439 12 39 66 50 0
3203 ORDER 1440 64 39 1 33 0
3206 ORDER 1441 57 47 5 50 1
3207 ORDER 1442 50 47 29 49 3
3214 ORDER 1443 23 3 3 14 0
3217 UNBLOCK 48 42
3217 ORDER 1444 13 5 8 50 0
3218 ORDER 1445 35 42 55 49 0
3220 ORDER 1446 11 18 47 49 2
3224 ORDER 1447 10 20 1 9 0
3227 ORDER 1448 28 45 1 3 0
3230 ORDER 1449 36 35 22 50 0
3231 ORDER 1450 18 8 45 49 0
3233 ORDER 1451 32 33 1 20 0
3234 ORDER 1452 29 17 1 15 1
3236 ORDER 1453 22 21 2 35 3
3237 ORDER 1454 63 24 51 49 0
3239 ORDER 1455 64 38 1 41 1
3240 ORDER 1456 60 8 3 22 0
3242 ORDER 1457 37 17 3 17 0
3244 ORDER 1458 41 26 3 1 0
3245 ORDER 1459 32 35 52 50 0
3246 ORDER 1460 20 39 3 8 0
3248 ORDER 1461 23 39 52 49 0
3249 CANCEL 101461
3251 BLOCK 21 3
3253 ORDER 1462 26 6 2 35 0
3254 ORDER 1463 11 45 51 49 0
3255 ORDER 1464 48 45 68 49 0
3256 ORDER 1465 61 42 66 50 0
3259 ORDER 1466 19 38 1 17 0
3263 CANCEL 1441
3263 ORDER 1467 44 6 2 11 0
3266 ORDER 1468 21 9 3 37 1
3268 ORDER 1469 58 30 2 13 0
3269 ORDER 1470 9 30 1 38 3
3269 BLOCK 41 27
3270 ORDER 1471 64 41 2 6 0
3270 BLOCK 55 21
3272 ORDER 1472 19 6 1 6 1
3273 ORDER 1473 63 33 1 24 3
3280 ORDER 1474 36 47 3 25 0
3281 ORDER 1475 51 26 17 49 0
3282 ORDER 1476 50 32 2 40 3
3283 CANCEL 1442
3283 ORDER 1477 6 47 38 49 1
3287 ORDER 1478 9 47 22 50 1
3290 ORDER 1479 8 39 67 50 1
3291 ORDER 1480 58 38 28 50 1
3295 ORDER 1481 29 17 3 30 0
3296 ORDER 1482 58 39 51 49 0
3298 ORDER 1483 9 18 2 9 0
3299 ORDER 1484 11 8 40 49 0
3300 ORDER 1485 17 36 3 47 2
3305 ORDER 1486 19 39 18 49 0
3306 ORDER 1487 41 36 44 49 1
3307 BLOCK 33 32
3308 ORDER 1488 34 8 60 50 0
3309 ORDER 1489 61 14 25 50 1
3312 ORDER 1490 22 44 1 23 1
3313 ORDER 1491 35 41 11 49 1
3314 UNBLOCK 55 21
3315 ORDER 1492 33 18 63 50 1
3317 ORDER 1493 44 47 41 50 2
3318 ORDER 1494 51 30 49 49 0
3323 ORDER 1495 41 26 20 49 0
3324 BLOCK 6 11
3325 ORDER 1496 34 11 2 25 1
3327 ORDER 1497 40 30 2 29 0
3327 BLOCK 26 36
3330 CANCEL 1469
3330 ORDER 1498 52 24 1 9 0
3330 BLOCK 59 8
3332 ORDER 1499 52 6 65 49 2
3333 ORDER 1500 50 21 3 10 0
3334 ORDER 1501 46 14 3 34 1
3335 ORDER 1502 44 26 2 29 1
3337 ORDER 1503 21 18 54 49 0
3338 ORDER 1504 53 41 1 26 0
3346 ORDER 1505 11 29 2 42 2
3347 ORDER 1506 54 29 38 49 0
3348 ORDER 1507 61 24 3 39 1
3353 UNBLOCK 21 3
3353 ORDER 1508 56 47 59 49 0
3354 UNBLOCK 41 27
3354 ORDER 1509 29 39 2 22 1
3355 ORDER 1510 41 18 65 49 0
3359 ORDER 1511 51 26 36 49 2
3362 ORDER 1512 19 29 39 49 0
3363 ORDER 1513 24 9 40 49 1
3364 ORDER 1514 32 36 2 28 0
3365 ORDER 1515 50 11 2 15 0
3367 ORDER 1516 16 15 2 4 0
3368 BLOCK 22 8
3370 ORDER 1517 57 39 1 22 1
3371 ORDER 1518 11 9 3 50 0
3374 ORDER 1519 61 38 60 49 1
3375 ORDER 1520 55 24 2 49 0
3375 BLOCK 5 49
3378 ORDER 1521 43 20 1 40 3
3382 ORDER 1522 37 39 3 15 1
3383 ORDER 1523 52 3 63 49 1
3384 ORDER 1524 41 8 2 1 1
3385 ORDER 1525 20 4 25 50 1
3386 ORDER 1526 35 11 19 50 2
3387 ORDER 1527 46 27 64 50 0
3389 ORDER 1528 8 21 38 49 1
3389 BLOCK 36 17
3392 ORDER 1529 9 30 35 49 3
3394 ORDER 1530 47 38 1 22 0
3396 ORDER 1531 41 18 62 50 1
3397 ORDER 1532 57 39 1 47 1
3400 ORDER 1533 15 6 1 1 1
3401 UNBLOCK 26 36
3402 UNBLOCK 33 32
3403 ORDER 1534 30 23 65 49 1
3406 ORDER 1535 30 5 33 50 2
3408 ORDER 1536 55 20 1 12 0
3409 ORDER 1537 26 12 2 21 1
3410 UNBLOCK 59 8
3411 ORDER 1538 46 38 2 43 1
3412 ORDER 1539 37 20 2 33 0
3416 ORDER 1540 33 12 3 26 1
3417 CANCEL 1461
3417 CANCEL 1465
3418 ORDER 1541 25 42 1 20 2
3419 ORDER 1542 49 30 35 49 0
3420 ORDER 1543 61 42 42 49 1
3421 ORDER 1544 34 11 3 16 0
3422 ORDER 1545 63 42 51 49 0
3423 ORDER 1546 64 6 1 13 0
3424 ORDER 1547 38 3 50 50 0
3425 ORDER 1548 13 38 2 49 0
3427 ORDER 1549 47 36 9 49 2
3432 ORDER 1550 48 15 3 32 2
3434 ORDER 1551 57 36 1 40 2
3436 UNBLOCK 6 11
3437 ORDER 1552 35 15 26 50 0
3438 ORDER 1553 36 33 3 18 0
3439 ORDER 1554 30 6 3 11 0
3441 ORDER 1555 8 5 3 43 1
3442 ORDER 1556 8 26 28 49 3
3445 ORDER 1557 49 3 1 46 2
3446 ORDER 1558 34 42 3 1 0
3449 ORDER 1559 25 17 12 50 0
3453 ORDER 1560 65 24 3 29 0
3454 ORDER 1561 21 32 1 37 0
3458 ORDER 1562 24 41 2 10 1
3459 UNBLOCK 22 8
3461 CANCEL 1492
3461 ORDER 1563 53 21 2 36 1
3462 ORDER 1564 18 14 2 15 0
3464 ORDER 1565 61 17 7 49 1
3465 ORDER 1566 45 24 18 50 1
3468 ORDER 1567 55 14 2 16 0
3470 ORDER 1568 42 24 39 49 1
3475 ORDER 1569 45 32 3 39 0
3478 ORDER 1570 20 36 1 30 0
3479 ORDER 1571 15 29 56 49 1
3482 CANCEL 1480
3483 ORDER 1572 16 21 67 49 2
3485 ORDER 1573 54 20 13 49 0
3489 ORDER 1574 28 36 2 34 0
3492 ORDER 1575 12 30 3 7 0
3494 ORDER 1576 37 11 54 50 1
3495 ORDER 1577 50 42 2 3 0
3497 ORDER 1578 33 38 63 49 0
3499 ORDER 1579 58 33 3 47 0
3501 ORDER 1580 18 32 65 49 1
3502 UNBLOCK 5 49
3503 ORDER 1581 44 44 64 49 0
3505 CANCEL 1505
3505 CANCEL 1538
3508 CANCEL 1529
3508 ORDER 1582 25 12 22 49 0
3510 ORDER 1583 55 29 33 49 0
3512 UNBLOCK 36 17
3512 ORDER 1584 44 27 40 50 1
3513 ORDER 1585 27 29 21 50 0
3519 ORDER 1586 41 42 49 49 1
3525 ORDER 1587 6 45 1 32 0
3526 ORDER 1588 9 26 17 50 0
3527 ORDER 1589 19 3 19 50 0
3528 ORDER 1590 57 3 56 49 0
3531 ORDER 1591 44 47 23 50 1
3533 ORDER 1592 42 27 3 44 0
3534 ORDER 1593 52 32 1 16 1
3537 ORDER 1594 46 17 1 29 0
3539 ORDER 1595 25 24 2 5 0
3539 BLOCK 34 3
3540 ORDER 1596 34 41 61 49 0
3541 ORDER 1597 48 27 6 50 0
3545 ORDER 1598 29 33 13 49 0
3547 ORDER 1599 27 23 1 7 0
3549 BLOCK 46 3
3550 BLOCK 22 8
3553 BLOCK 62 14
3554 BLOCK 48 23
3558 ORDER 1600 17 23 61 50 3
3560 ORDER 1601 50 47 1 28 0
3561 ORDER 1602 41 18 3 3 0
3565 ORDER 1603 6 20 1 28 0
3566 ORDER 1604 40 20 59 49 0
3567 ORDER 1605 6 24 1 21 1
3570 CANCEL 1583
3571 BLOCK 15 48
3573 ORDER 1606 6 12 1 39 0
3574 ORDER 1607 49 15 2 49 0
3575 ORDER 1608 56 14 2 23 0
3576 ORDER 1609 17 38 2 40 0
3578 ORDER 1610 12 18 13 50 3
3580 ORDER 1611 22 47 31 50 0
3582 ORDER 1612 53 33 2 50 0
3583 CANCEL 1554
3590 ORDER 1613 55 33 39 50 1
3591 ORDER 1614 60 24 1 27 0
3591 BLOCK 12 44
3592 ORDER 1615 64 44 1 46 0
3592 CANCEL 101615
3593 ORDER 1616 11 9 3 23 0
3595 ORDER 1617 34 30 65 49 0
3598 ORDER 1618 42 27 18 49 1
3600 ORDER 1619 53 21 21 50 0
3604 ORDER 1620 33 45 3 2 0
3605 ORDER 1621 53 15 24 50 0
3606 ORDER 1622 38 30 45 50 1
3608 ORDER 1623 7 32 15 49 1
3614 ORDER 1624 48 36 38 50 0
3616 ORDER 1625 54 44 4 50 2
3617 ORDER 1626 25 15 56 50 1
3618 ORDER 1627 24 35 3 34 0
3619 ORDER 1628 22 44 40 49 1
3620 ORDER 1629 15 6 2 49 0
3623 UNBLOCK 22 8
3623 ORDER 1630 56 39 1 17 1
3626 ORDER 1631 43 32 2 46 1
3627 ORDER 1632 6 26 22 50 1
3634 ORDER 1633 7 45 1 45 0
3636 ORDER 1634 8 45 1 22 0
3637 UNBLOCK 15 48
3637 ORDER 1635 15 42 2 49 0
3640 ORDER 1636 39 5 54 50 0
3642 ORDER 1637 39 47 1 35 1
3643 ORDER 1638 36 41 3 49 3
3644 ORDER 1639 18 35 1 12 0
3646 ORDER 1640 32 30 1 44 0
3650 ORDER 1641 26 45 15 49 2
3651 ORDER 1642 23 34 2 50 1
3652 ORDER 1643 6 14 1 16 2
3655 ORDER 1644 17 36 1 27 0
3658 UNBLOCK 62 14
3658 UNBLOCK 48 23
3658 ORDER 1645 39 11 2 25 1
3659 ORDER 1646 11 41 2 49 0
3660 ORDER 1647 53 17 9 50 0
3663 ORDER 1648 34 14 50 50 0
3665 UNBLOCK 34 3
3667 ORDER 1649 23 3 16 49 1
3671 ORDER 1650 55 39 53 49 0
3673 ORDER 1651 30 15 2 13 1
3675 ORDER 1652 50 23 2 49 0
3676 ORDER 1653 55 39 3 40 0
3679 ORDER 1654 24 14 3 11 0
3680 ORDER 1655 38 36 3 7 1
3683 UNBLOCK 46 3
3685 ORDER 1656 54 21 2 30 0
3688 ORDER 1657 58 14 3 44 1
3689 UNBLOCK 12 44
3695 ORDER 1658 42 18 25 50 0
3698 ORDER 1659 33 26 46 50 0
3698 BLOCK 42 27
3699 ORDER 1660 61 47 3 47 0
3701 ORDER 1661 29 15 1 14 2
3702 CANCEL 1630
3702 ORDER 1662 38 47 2 2 0
3708 ORDER 1663 52 47 2 16 0
3711 BLOCK 15 18
3715 ORDER 1664 8 39 30 50 1
3717 ORDER 1665 34 9 3 19 2
3719 ORDER 1666 7 11 3 46 2
3721 ORDER 1667 58 41 2 8 2
3722 ORDER 1668 33 47 2 17 3
3723 ORDER 1669 19 38 3 27 0
3724 ORDER 1670 7 6 25 50 0
3725 ORDER 1671 18 32 3 47 0
3728 ORDER 1672 49 6 7 49 0
3729 ORDER 1673 49 8 59 50 0
3730 ORDER 1674 17 38 2 46 1
3732 ORDER 1675 50 17 2 8 0
3738 ORDER 1676 58 33 1 47 1
3739 ORDER 1677 10 21 30 49 0
3742 ORDER 1678 8 39 50 50 0
3743 BLOCK 39 17
3745 ORDER 1679 54 21 19 50 1
3748 ORDER 1680 26 11 1 21 1
3754 ORDER 1681 38 18 2 43 0
3755 ORDER 1682 14 45 12 50 0
3756 UNBLOCK 42 27
3757 ORDER 1683 41 15 1 4 1
3758 BLOCK 16 26
3759 ORDER 1684 57 27 2 25 0
3760 ORDER 1685 35 3 1 33 0
3763 ORDER 1686 57 24 1 18 1
3765 ORDER 1687 41 24 1 25 0
3766 ORDER 1688 51 32 1 13 1
3768 ORDER 1689 37 15 2 50 1
3770 ORDER 1690 17 17 20 49 2
3771 ORDER 1691 61 15 2 19 1
3772 ORDER 1692 43 18 2 3 0
3773 ORDER 1693 31 17 2 46 0
3774 ORDER 1694 33 19 2 32 0
3776 ORDER 1695 44 42 38 49 0
3778 ORDER 1696 61 42 3 18 0
3778 BLOCK 26 38
3782 ORDER 1697 20 21 2 10 0
3783 ORDER 1698 63 15 2 20 1
3783 BLOCK 18 21
3784 ORDER 1699 43 44 18 50 1
3789 UNBLOCK 15 18
3791 ORDER 1700 15 26 2 17 0
3793 BLOCK 21 2
3794 ORDER 1701 19 18 3 42 0
3797 ORDER 1702 42 47 1 35 0
3798 ORDER 1703 52 39 1 1 3
3801 ORDER 1704 16 12 1 47 0
3803 ORDER 1705 7 18 3 44 1
3804 ORDER 1706 63 12 39 49 0
3806 ORDER 1707 65 8 3 1 2
3807 ORDER 1708 21 33 1 11 0
3812 ORDER 1709 58 44 3 12 0
3814 ORDER 1710 36 43 17 49 1
3815 BLOCK 18 48
3816 ORDER 1711 60 20 19 49 0
3817 ORDER 1712 18 30 64 49 0
3818 ORDER 1713 18 21 36 50 0
3819 ORDER 1714 19 44 1 27 1
3821 ORDER 1715 42 20 39 50 3
3822 UNBLOCK 16 26
3824 ORDER 1716 12 30 63 49 0
3825 ORDER 1717 8 44 2 12 1
3828 ORDER 1718 15 15 2 41 1
3829 ORDER 1719 33 12 1 33 1
3830 UNBLOCK 21 2
3830 ORDER 1720 8 14 3 23 0
3831 ORDER 1721 37 14 58 49 0
3832 ORDER 1722 43 44 56 50 0
3833 ORDER 1723 65 39 2 20 0
3836 CANCEL 1655
3836 UNBLOCK 26 38
3837 ORDER 1724 10 20 42 49 0
3840 ORDER 1725 39 32 14 49 2
3842 UNBLOCK 18 21
3842 ORDER 1726 14 9 45 49 0
3843 ORDER 1727 64 42 1 30 1
3844 ORDER 1728 23 3 39 50 1
3851 ORDER 1729 53 42 22 50 2
3852 ORDER 1730 6 18 26 50 1
3854 ORDER 1731 19 3 42 49 1
3859 ORDER 1732 19 47 38 50 3
3862 ORDER 1733 9 5 1 19 1
3864 CANCEL 1708
3864 ORDER 1734 25 17 5 50 0
3865 ORDER 1735 6 12 2 10 3
3866 ORDER 1736 59 18 41 49 1
3869 CANCEL 101736
3872 ORDER 1737 26 38 2 15 2
3873 ORDER 1738 18 3 65 49 0
3875 ORDER 1739 48 30 58 50 0
3877 ORDER 1740 65 27 2 26 0
3878 ORDER 1741 20 45 67 50 0
3879 ORDER 1742 65 45 3 10 0
3885 UNBLOCK 39 17
3894 ORDER 1743 28 20 1 19 0
3896 ORDER 1744 36 24 3 34 0
3898 ORDER 1745 54 27 9 50 0
3899 ORDER 1746 44 9 2 15 1
3901 ORDER 1747 20 17 3 29 0
3902 ORDER 1748 57 18 17 50 0
3903 ORDER 1749 10 33 30 50 0
3904 CANCEL 1723
3904 ORDER 1750 25 42 65 50 1
3905 ORDER 1751 30 23 58 50 1
3906 ORDER 1752 19 17 6 49 0
3909 ORDER 1753 65 44 65 49 0
3911 ORDER 1754 16 12 3 42 0
3914 ORDER 1755 17 42 3 11 1
3915 ORDER 1756 34 6 1 19 0
3916 ORDER 1757 43 3 3 7 1
3918 ORDER 1758 20 20 1 18 2
3920 ORDER 1759 55 47 43 49 2
3921 ORDER 1760 18 35 1 44 1
3922 ORDER 1761 52 3 5 49 0
3925 ORDER 1762 49 30 3 10 2
3926 ORDER 1763 23 12 33 50 0
3927 ORDER 1764 63 33 48 50 2
3928 BLOCK 31 11
3929 ORDER 1765 20 21 3 21 0
3930 ORDER 1766 29 41 1 24 0
3931 ORDER 1767 24 33 1 49 0
3932 ORDER 1768 43 12 1 18 3
3933 ORDER 1769 17 33 3 10 0
3936 ORDER 1770 14 24 20 49 2
3937 ORDER 1771 44 11 2 32 0
3938 ORDER 1772 28 38 1 37 0
3939 ORDER 1773 20 30 2 20 0
3940 ORDER 1774 35 12 22 49 1
3942 ORDER 1775 19 6 37 50 0
3948 ORDER 1776 35 24 2 22 0
3950 ORDER 1777 7 12 48 49 0
3951 ORDER 1778 54 27 13 50 0
3952 UNBLOCK 18 48
3953 ORDER 1779 18 15 2 48 0
3955 CANCEL 1779
3955 ORDER 1780 23 39 21 49 0
3958 ORDER 1781 38 18 1 47 0
3960 ORDER 1782 56 33 28 49 1
3965 ORDER 1783 65 39 1 36 1
3967 ORDER 1784 6 23 3 40 0
3968 ORDER 1785 43 24 3 41 1
3970 ORDER 1786 6 27 67 50 0
3974 ORDER 1787 27 35 23 50 1
3977 ORDER 1788 17 39 3 13 2
3980 ORDER 1789 26 15 3 37 3
3983 ORDER 1790 13 35 3 13 2
3983 BLOCK 33 8
3984 ORDER 1791 45 44 61 49 0
3986 ORDER 1792 16 23 37 49 0
3986 BLOCK 26 26
3987 ORDER 1793 7 12 1 19 0
3988 ORDER 1794 34 12 2 10 2
3991 ORDER 1795 8 30 1 9 0
3992 ORDER 1796 47 47 56 49 0
3995 ORDER 1797 54 27 53 49 3
3997 ORDER 1798 65 6 1 5 0
3998 BLOCK 24 31
3999 UNBLOCK 31 11
3999 ORDER 1799 10 44 67 50 0
3999 BLOCK 36 24
4000 ORDER 1800 29 33 2 31 0
4001 ORDER 1801 22 47 3 19 1
4002 ORDER 1802 34 12 44 50 0
4005 ORDER 1803 61 12 44 50 0
4008 ORDER 1804 61 24 1 39 0
4009 ORDER 1805 49 20 3 18 0
4013 ORDER 1806 28 32 10 50 0
4014 CANCEL 1742
4020 ORDER 1807 16 8 13 50 0
4021 ORDER 1808 32 5 3 15 3
4022 ORDER 1809 11 45 52 49 0
4023 ORDER 1810 33 9 2 8 0
4024 ORDER 1811 46 36 2 5 0
4026 ORDER 1812 8 29 10 49 0
4028 ORDER 1813 8 30 39 50 2
4029 UNBLOCK 26 26
4030 ORDER 1814 28 17 2 26 1
4031 ORDER 1815 11 9 1 13 0
4032 ORDER 1816 26 39 1 36 0
4036 CANCEL 1741
4043 ORDER 1817 8 38 54 50 3
4047 ORDER 1818 7 6 1 9 0
4049 ORDER 1819 17 21 66 50 0
4054 ORDER 1820 29 38 1 17 0
4055 ORDER 1821 9 12 53 49 1
4060 ORDER 1822 39 35 2 32 1
4063 ORDER 1823 26 5 3 12 0
4064 ORDER 1824 47 5 3 32 0
4065 ORDER 1825 58 12 64 49 1
4067 ORDER 1826 16 15 11 49 2
4068 CANCEL 1781
4068 UNBLOCK 36 24
4069 ORDER 1827 58 12 2 48 0
4070 ORDER 1828 57 29 6 50 0
4072 ORDER 1829 22 23 43 49 0
4073 CANCEL 1817
4076 ORDER 1830 10 33 3 48 1
4081 ORDER 1831 49 29 62 50 1
4087 BLOCK 44 48
4088 ORDER 1832 8 6 21 50 0
4091 ORDER 1833 44 47 3 39 0
4096 UNBLOCK 33 8
4096 ORDER 1834 43 14 54 49 1
4099 ORDER 1835 46 43 61 50 1
4100 ORDER 1836 18 36 3 28 1
4102 ORDER 1837 52 15 38 49 1
4105 ORDER 1838 10 38 59 50 0
4105 BLOCK 8 15
4107 ORDER 1839 47 14 6 50 0
4108 ORDER 1840 47 44 28 50 0
4109 ORDER 1841 43 41 1 11 0
4110 ORDER 1842 32 38 66 50 1
4112 UNBLOCK 24 31
4112 ORDER 1843 56 47 17 50 1
4114 BLOCK 12 32
4115 ORDER 1844 45 6 4 50 0
4117 BLOCK 49 14
4120 ORDER 1845 42 36 2 23 0
4123 ORDER 1846 40 44 1 41 0
4125 ORDER 1847 24 29 1 27 0
4131 ORDER 1848 23 33 57 49 0
4133 ORDER 1849 44 32 2 44 1
4137 ORDER 1850 7 47 3 47 3
4139 ORDER 1851 55 6 3 28 1
4141 ORDER 1852 9 39 40 49 0
4147 ORDER 1853 20 30 2 13 3
4148 ORDER 1854 27 38 60 50 0
4149 ORDER 1855 40 9 1 34 0
4154 ORDER 1856 50 21 2 34 0
4158 BLOCK 26 36
4159 ORDER 1857 33 9 29 50 0
4161 ORDER 1858 61 42 53 50 0
4164 ORDER 1859 63 14 64 50 1
4166 ORDER 1860 63 29 12 49 1
4169 ORDER 1861 54 24 4 50 0
4171 ORDER 1862 46 8 20 50 0
4172 ORDER 1863 56 23 2 39 0
4174 ORDER 1864 39 35 56 49 0
4175 UNBLOCK 8 15
4178 ORDER 1865 61 24 1 5 1
4179 ORDER 1866 45 39 53 50 3
4180 ORDER 1867 28 44 1 22 0
4181 UNBLOCK 49 14
4182 ORDER 1868 31 23 3 44 3
4183 ORDER 1869 65 27 2 2 1
4185 ORDER 1870 44 33 1 39 0
4185 BLOCK 23 11
4187 ORDER 1871 44 47 22 50 0
4189 ORDER 1872 53 44 5 50 0
4193 ORDER 1873 9 9 1 6 0
4194 ORDER 1874 29 11 3 36 0
4195 ORDER 1875 35 8 2 23 0
4196 CANCEL 1806
4196 ORDER 1876 36 39 8 49 1
4198 ORDER 1877 57 17 6 50 0
4199 ORDER 1878 56 12 10 49 0
4204 ORDER 1879 25 41 3 5 1
4205 ORDER 1880 17 23 40 49 1
4206 ORDER 1881 51 24 59 50 0
4208 ORDER 1882 52 47 2 32 1
4209 ORDER 1883 17 23 5 50 0
4210 ORDER 1884 26 44 62 50 0
4211 CANCEL 1846
4211 ORDER 1885 21 30 43 50 1
4212 ORDER 1886 33 12 2 18 0
4213 ORDER 1887 22 5 33 50 0
4214 ORDER 1888 19 26 52 50 0
4216 ORDER 1889 42 36 59 49 0
4219 ORDER 1890 63 9 1 19 0
4221 ORDER 1891 50 45 3 6 2
4222 ORDER 1892 9 27 1 18 0
4223 UNBLOCK 44 48
4223 UNBLOCK 26 36
4226 ORDER 1893 10 27 41 49 0
4227 ORDER 1894 55 44 14 49 3
4228 ORDER 1895 46 26 66 50 1
4231 ORDER 1896 39 45 18 50 1
4233 ORDER 1897 63 5 62 50 0
4235 ORDER 1898 11 45 1 6 0
4238 ORDER 1899 8 32 1 35 1
4239 UNBLOCK 12 32
4239 ORDER 1900 58 44 2 14 0
4245 ORDER 1901 11 3 66 49 0
4247 ORDER 1902 19 38 1 21 0
4250 ORDER 1903 29 5 64 49 0
4256 ORDER 1904 38 29 2 17 1
4257 ORDER 1905 56 11 31 50 0
4259 ORDER 1906 36 44 2 40 0
4261 ORDER 1907 30 33 2 5 0
4262 ORDER 1908 51 44 5 49 0
4262 BLOCK 30 12
4264 ORDER 1909 20 15 55 49 3
4267 ORDER 1910 27 42 33 50 0
4270 ORDER 1911 26 3 1 39 1
4273 ORDER 1912 32 26 5 50 0
4274 ORDER 1913 64 23 2 3 1
4275 CANCEL 1831
4277 ORDER 1914 34 29 2 40 0
4278 ORDER 1915 51 45 26 49 1
4283 ORDER 1916 27 8 6 49 0
4284 ORDER 1917 46 21 58 49 1
4284 BLOCK 13 48
4288 ORDER 1918 7 33 3 25 0
4289 CANCEL 101918
4290 ORDER 1919 54 39 36 49 0
4290 BLOCK 25 15
4291 ORDER 1920 23 27 49 50 1
4294 ORDER 1921 30 14 1 41 0
4296 ORDER 1922 27 15 1 38 2
4297 ORDER 1923 65 5 40 50 0
4297 BLOCK 31 5
4302 UNBLOCK 23 11
4303 ORDER 1924 53 8 24 50 0
4305 ORDER 1925 42 21 63 50 1
4307 ORDER 1926 64 27 2 23 1
4308 CANCEL 1909
4310 ORDER 1927 44 23 2 43 2
4312 ORDER 1928 39 21 3 16 0
4316 ORDER 1929 22 36 67 49 0
4322 ORDER 1930 56 23 3 5 0
4323 ORDER 1931 47 17 23 49 0
4325 ORDER 1932 20 27 2 15 3
4327 BLOCK 30 3
4328 ORDER 1933 19 5 3 36 0
4332 ORDER 1934 38 32 15 50 2
4333 BLOCK 26 33
4334 ORDER 1935 48 9 2 14 1
4336 UNBLOCK 31 5
4336 ORDER 1936 19 44 2 13 0
4337 ORDER 1937 63 8 24 50 0
4342 ORDER 1938 44 6 3 32 0
4343 ORDER 1939 60 5 61 49 1
4344 ORDER 1940 19 32 3 46 0
4345 ORDER 1941 11 24 1 18 0
4346 UNBLOCK 30 12
4346 ORDER 1942 58 23 3 9 0
4347 ORDER 1943 33 9 5 49 1
4352 ORDER 1944 17 5 3 7 1
4352 BLOCK 8 15
4354 UNBLOCK 13 48
4358 ORDER 1945 23 35 1 27 1
4360 CANCEL 1902
4362 ORDER 1946 26 12 19 49 0
4364 ORDER 1947 57 36 43 49 2
4367 ORDER 1948 22 36 1 10 1
4368 BLOCK 14 21
4370 BLOCK 50 13
4371 ORDER 1949 47 17 1 36 0
4373 ORDER 1950 31 6 1 29 1
4374 ORDER 1951 11 14 55 50 0
4376 ORDER 1952 57 3 1 7 1
4377 ORDER 1953 64 8 33 50 2
4378 ORDER 1954 46 24 35 50 1
4380 ORDER 1955 57 33 5 50 2
4381 ORDER 1956 57 45 23 49 0
4382 ORDER 1957 39 3 5 50 0
4383 ORDER 1958 37 6 14 49 0
4386 ORDER 1959 50 36 56 49 1
4387 UNBLOCK 30 3
4388 ORDER 1960 50 15 2 31 1
4390 ORDER 1961 18 29 1 12 2
4392 ORDER 1962 26 27 3 19 0
4393 CANCEL 101962
4397 ORDER 1963 55 42 3 28 2
4399 ORDER 1964 53 23 3 26 0
4400 ORDER 1965 49 11 2 33 0
4401 ORDER 1966 21 47 2 48 1
4402 ORDER 1967 48 17 2 1 1
4406 ORDER 1968 20 9 47 50 0
4409 ORDER 1969 53 26 48 49 0
4410 UNBLOCK 25 15
4412 ORDER 1970 41 18 2 14 0
4413 CANCEL 1939
4413 ORDER 1971 33 9 2 37 0
4414 ORDER 1972 30 20 2 46 0
4416 ORDER 1973 20 39 6 50 0
4418 ORDER 1974 63 5 26 49 0
4419 ORDER 1975 31 18 63 50 2
4420 ORDER 1976 26 41 28 49 0
4421 UNBLOCK 50 13
4421 ORDER 1977 17 32 2 17 0
4422 ORDER 1978 10 18 3 15 0
4426 ORDER 1979 40 8 1 46 0
4430 ORDER 1980 9 35 3 1 2
4434 ORDER 1981 58 30 65 49 0
4435 ORDER 1982 19 3 59 49 0
4436 ORDER 1983 26 36 1 28 2
4438 ORDER 1984 51 30 57 50 0
4438 BLOCK 35 44
4439 ORDER 1985 18 32 55 49 0
4442 ORDER 1986 7 5 66 49 1
4443 ORDER 1987 56 45 46 50 1
4444 ORDER 1988 45 29 2 6 2
4445 ORDER 1989 9 45 27 49 2
4448 ORDER 1990 32 44 38 49 1
4450 ORDER 1991 19 20 2 31 0
4453 ORDER 1992 35 23 1 34 0
4453 BLOCK 21 45
4454 ORDER 1993 36 45 8 49 0
4456 ORDER 1994 38 47 2 6 1
4458 ORDER 1995 58 20 2 21 0
4459 ORDER 1996 62 6 21 50 3
4460 CANCEL 1971
4463 CANCEL 1984
4463 ORDER 1997 59 33 67 50 1
4466 ORDER 1998 43 30 2 1 0
4471 ORDER 1999 20 21 2 37 0
4472 ORDER 2000 62 44 1 4 2
4474 UNBLOCK 26 33
4474 CANCEL 1957
4476 ORDER 2001 23 38 3 30 1
4477 ORDER 2002 11 5 24 49 0
4478 ORDER 2003 51 44 3 46 1
4480 UNBLOCK 8 15
4480 ORDER 2004 40 26 7 49 1
4481 ORDER 2005 40 47 54 49 2
4483 ORDER 2006 46 18 3 1 1
4490 ORDER 2007 64 26 3 10 0
4492 ORDER 2008 28 44 2 8 2
4493 ORDER 2009 35 12 67 49 0
4496 UNBLOCK 14 21
4496 ORDER 2010 50 23 41 49 0
4498 BLOCK 55 20
4499 ORDER 2011 44 33 19 49 0
4500 ORDER 2012 58 20 21 50 0
4505 ORDER 2013 65 24 34 49 0
4506 ORDER 2014 64 44 37 50 0
4510 ORDER 2015 29 30 28 49 1
4511 ORDER 2016 8 20 61 49 0
4512 ORDER 2017 8 38 3 21 2
4513 ORDER 2018 29 20 3 13 0
4514 ORDER 2019 6 42 1 29 0
4515 ORDER 2020 19 41 30 50 0
4516 CANCEL 1956
4517 ORDER 2021 57 24 58 49 0
4518 BLOCK 44 24
4521 ORDER 2022 48 29 2 11 0
4524 ORDER 2023 47 14 30 49 0
4527 ORDER 2024 22 42 36 50 2
4528 ORDER 2025 21 36 2 39 0
4534 ORDER 2026 39 20 1 44 0
4535 ORDER 2027 37 21 55 50 0
4538 ORDER 2028 26 23 63 50 0
4541 ORDER 2029 63 42 34 50 2
4542 CANCEL 2010
4543 ORDER 2030 17 42 63 50 0
4545 ORDER 2031 48 14 38 50 1
4550 ORDER 2032 37 42 14 50 2
4552 ORDER 2033 36 14 3 3 0
4553 ORDER 2034 21 35 3 12 0
4555 ORDER 2035 22 45 67 49 2
4561 ORDER 2036 47 15 28 50 0
4562 ORDER 2037 35 44 2 42 0
4563 ORDER 2038 34 6 1 20 0
4564 ORDER 2039 48 36 2 43 2
4565 ORDER 2040 26 5 2 40 2
4566 BLOCK 9 20
4567 BLOCK 24 8
4569 UNBLOCK 21 45
4569 ORDER 2041 61 42 2 6 0
4571 BLOCK 25 42
4573 UNBLOCK 35 44
4573 ORDER 2042 57 44 1 31 0
4574 ORDER 2043 46 44 1 7 1
4576 ORDER 2044 10 12 1 23 0
4580 ORDER 2045 62 41 1 45 1
4581 ORDER 2046 20 9 1 22 1
4582 ORDER 2047 25 26 3 34 0
4583 ORDER 2048 18 12 12 49 2
4584 ORDER 2049 52 26 3 30 3
4585 ORDER 2050 25 24 25 50 3
4587 ORDER 2051 23 8 3 22 0
4588 ORDER 2052 6 35 22 49 0
4589 ORDER 2053 51 24 3 9 0
4591 ORDER 2054 8 25 65 49 1
4593 ORDER 2055 6 33 58 49 1
4595 ORDER 2056 16 44 23 49 0
4596 ORDER 2057 51 24 3 37 1
4597 UNBLOCK 44 24
4598 ORDER 2058 17 26 3 38 1
4600 UNBLOCK 55 20
4600 ORDER 2059 54 35 63 50 2
4604 ORDER 2060 9 36 3 22 1
4606 ORDER 2061 40 26 2 35 1
4607 UNBLOCK 9 20
4607 ORDER 2062 16 24 68 50 1
4609 ORDER 2063 51 45 51 50 2
4612 ORDER 2064 16 35 1 50 0
4613 ORDER 2065 34 23 24 50 2
4615 ORDER 2066 22 30 1 39 1
4616 ORDER 2067 29 41 2 11 0
4621 ORDER 2068 65 3 3 36 0
4622 ORDER 2069 7 17 3 11 1
4625 ORDER 2070 20 15 3 27 0
4626 ORDER 2071 55 20 2 30 0
4627 ORDER 2072 6 30 28 50 0
4627 BLOCK 22 14
4628 ORDER 2073 6 15 43 49 0
4630 ORDER 2074 6 12 1 38 0
4634 ORDER 2075 17 17 1 12 3
4635 ORDER 2076 24 15 27 50 0
4637 ORDER 2077 65 35 8 49 0
4639 ORDER 2078 45 35 1 18 0
4640 ORDER 2079 65 32 48 50 1
4644 ORDER 2080 41 8 2 47 0
4646 CANCEL 102080
4647 ORDER 2081 54 39 2 48 0
4648 ORDER 2082 20 5 2 14 0
4650 ORDER 2083 30 15 44 50 0
4653 ORDER 2084 58 5 19 49 0
4655 UNBLOCK 25 42
4655 ORDER 2085 15 41 3 39 0
4658 ORDER 2086 64 6 2 24 0
4659 ORDER 2087 19 35 68 50 2
4659 BLOCK 35 42
4661 ORDER 2088 11 39 1 24 0
4662 ORDER 2089 19 15 1 36 0
4664 ORDER 2090 53 42 30 49 0
4668 ORDER 2091 59 39 57 50 1
4670 ORDER 2092 27 21 3 31 0
4671 ORDER 2093 16 18 3 24 1
4672 UNBLOCK 24 8
4673 ORDER 2094 23 44 2 31 0
4675 ORDER 2095 37 30 3 13 1
4676 ORDER 2096 29 23 14 50 0
4677 CANCEL 2088
4681 ORDER 2097 40 9 2 1 1
4682 ORDER 2098 64 12 20 49 0
4683 ORDER 2099 27 45 27 49 0
4684 ORDER 2100 52 14 3 43 1
4685 ORDER 2101 19 35 2 32 0
4686 ORDER 2102 46 14 2 4 2
4687 ORDER 2103 57 14 58 49 0
4690 ORDER 2104 34 30 2 45 1
4691 ORDER 2105 17 35 31 50 2
4692 ORDER 2106 60 5 42 49 0
4696 ORDER 2107 45 9 1 42 1
4699 ORDER 2108 51 20 7 50 0
4702 CANCEL 2019
4703 UNBLOCK 35 42
4704 ORDER 2109 63 5 53 49 1
4705 ORDER 2110 40 26 1 15 0
4706 ORDER 2111 6 17 3 31 0
4706 BLOCK 54 46
4707 ORDER 2112 58 13 1 46 0
4710 ORDER 2113 52 44 3 6 0
4712 ORDER 2114 34 29 2 27 0
4713 ORDER 2115 55 18 3 23 1
4714 UNBLOCK 22 14
4714 ORDER 2116 57 12 26 49 0
4716 ORDER 2117 56 38 1 25 0
4720 ORDER 2118 39 3 3 26 0
4721 ORDER 2119 47 24 3 8 1
4723 ORDER 2120 64 27 2 5 1
4729 ORDER 2121 39 27 33 50 0
4733 ORDER 2122 27 38 2 10 3
4735 ORDER 2123 33 42 2 9 0
4736 ORDER 2124 46 9 58 49 0
4737 ORDER 2125 23 38 2 48 1
4739 ORDER 2126 36 47 63 50 0
4741 ORDER 2127 56 9 3 14 0
4742 ORDER 2128 28 29 48 50 0
4743 ORDER 2129 6 44 65 50 0
4745 ORDER 2130 60 32 12 50 1
4748 ORDER 2131 50 42 3 45 0
4750 ORDER 2132 54 35 3 3 0
4753 ORDER 2133 37 24 52 49 3
4755 CANCEL 2056
4755 ORDER 2134 14 8 7 49 0
4757 ORDER 2135 36 27 2 48 0
4758 ORDER 2136 41 33 58 50 0
4760 ORDER 2137 40 38 2 30 0
4763 ORDER 2138 42 6 28 49 0
4766 ORDER 2139 39 9 3 35 0
4767 ORDER 2140 9 44 2 28 3
4771 ORDER 2141 43 6 56 49 1
4772 ORDER 2142 11 6 6 50 0
4773 ORDER 2143 29 21 15 49 0
4774 ORDER 2144 9 14 58 50 0
4778 BLOCK 9 32
4782 ORDER 2145 44 41 2 43 1
4783 ORDER 2146 58 39 2 10 1
4785 ORDER 2147 10 45 59 50 0
4786 ORDER 2148 53 33 3 31 1
4788 ORDER 2149 60 5 1 44 0
4790 ORDER 2150 39 30 1 27 0
4797 ORDER 2151 61 44 67 49 1
4800 ORDER 2152 35 8 1 7 0
4801 ORDER 2153 65 12 1 17 2
4801 BLOCK 49 33
4804 BLOCK 27 41
4808 UNBLOCK 54 46
4808 ORDER 2154 64 42 64 49 0
4809 CANCEL 2126
4809 ORDER 2155 15 6 2 2 0
4810 ORDER 2156 26 8 2 32 2
4814 ORDER 2157 33 24 3 10 3
4818 ORDER 2158 55 3 2 39 0
4819 ORDER 2159 63 24 40 50 0
4821 ORDER 2160 41 13 63 49 0
4823 ORDER 2161 24 42 55 49 3
4826 ORDER 2162 39 36 2 9 0
4826 BLOCK 23 45
4827 ORDER 2163 22 32 43 50 1
4830 ORDER 2164 16 42 1 50 1
4831 ORDER 2165 10 8 3 8 0
4832 ORDER 2166 21 47 3 43 0
4833 ORDER 2167 47 29 2 50 1
4835 ORDER 2168 20 20 3 32 1
4838 BLOCK 20 3
4842 ORDER 2169 47 15 9 50 0
4843 ORDER 2170 9 41 3 1 1
4848 ORDER 2171 52 36 44 50 3
4855 BLOCK 46 41
4856 ORDER 2172 47 23 9 49 1
4858 ORDER 2173 47 29 25 50 2
4859 CANCEL 2153
4859 ORDER 2174 16 12 3 11 0
4860 ORDER 2175 28 39 1 8 1
4862 BLOCK 62 29
4863 ORDER 2176 48 11 1 14 0
4865 ORDER 2177 19 44 2 6 0
4868 ORDER 2178 60 38 1 9 1
4869 ORDER 2179 51 42 1 6 0
4873 ORDER 2180 32 8 1 22 0
4876 ORDER 2181 47 20 26 50 0
4877 UNBLOCK 49 33
4877 ORDER 2182 19 8 57 49 2
4878 ORDER 2183 36 8 3 32 0
4883 ORDER 2184 27 3 2 35 1
4885 ORDER 2185 32 26 2 27 0
4888 ORDER 2186 49 18 1 8 1
4889 ORDER 2187 28 5 1 39 1
4890 ORDER 2188 37 39 3 9 0
4891 ORDER 2189 17 5 47 50 3
4892 ORDER 2190 58 41 3 34 0
4896 UNBLOCK 9 32
4900 CANCEL 2176
4902 ORDER 2191 8 44 54 49 1
4903 ORDER 2192 19 10 43 49 1
4904 ORDER 2193 10 45 50 49 0
4906 ORDER 2194 7 17 3 14 0
4912 ORDER 2195 24 17 43 49 1
4913 ORDER 2196 11 39 47 49 2
4915 ORDER 2197 7 47 2 45 1
4920 UNBLOCK 27 41
4922 ORDER 2198 19 9 39 50 1
4923 ORDER 2199 52 32 1 7 0
4925 ORDER 2200 32 47 2 7 0
4927 UNBLOCK 20 3
4927 UNBLOCK 62 29
4928 ORDER 2201 33 24 13 49 0
4930 ORDER 2202 42 26 57 49 0
4931 UNBLOCK 23 45
4931 ORDER 2203 8 32 2 3 0
4932 ORDER 2204 54 9 34 50 0
4937 ORDER 2205 39 17 2 49 0
4938 CANCEL 2145
4940 ORDER 2206 16 11 50 50 1
4943 ORDER 2207 35 21 24 50 0
4945 ORDER 2208 12 20 2 40 3
4946 ORDER 2209 53 26 63 50 2
4948 BLOCK 26 3
4949 ORDER 2210 15 20 47 50 3
4951 ORDER 2211 48 45 26 50 2
4953 ORDER 2212 65 35 3 17 3
4956 ORDER 2213 46 5 3 19 0
4956 BLOCK 53 3
4958 ORDER 2214 28 20 44 49 1
4966 ORDER 2215 45 44 49 50 0
4969 ORDER 2216 15 30 51 49 1
4970 ORDER 2217 37 45 3 22 1
4972 ORDER 2218 65 11 24 50 2
4977 ORDER 2219 30 12 46 50 1
4980 ORDER 2220 7 27 3 11 1
4981 ORDER 2221 49 6 53 49 0
4982 CANCEL 2201
4982 ORDER 2222 7 26 3 40 1
4983 ORDER 2223 52 33 2 12 1
4984 UNBLOCK 46 41
4984 ORDER 2224 59 39 61 49 1
4985 ORDER 2225 40 36 1 36 0
4987 UNBLOCK 26 3
4987 ORDER 2226 52 38 23 49 0
4994 ORDER 2227 58 35 44 50 0
4995 ORDER 2228 8 29 18 50 0
4997 ORDER 2229 27 26 1 5 1
5001 ORDER 2230 43 45 3 19 1
5001 BLOCK 37 1
5004 ORDER 2231 18 39 3 2 0
5007 ORDER 2232 10 35 36 50 2
5008 ORDER 2233 62 23 3 45 0
5009 ORDER 2234 50 8 1 13 2
5011 ORDER 2235 51 41 35 50 0
5013 ORDER 2236 9 11 3 2 1
5015 ORDER 2237 63 24 3 12 1
5018 ORDER 2238 60 26 24 50 0
5019 ORDER 2239 63 6 1 5 0
5022 ORDER 2240 34 39 2 34 2
5024 ORDER 2241 65 47 63 49 1
5026 CANCEL 2179
5034 ORDER 2242 37 30 1 32 2
5035 ORDER 2243 50 18 57 49 1
5036 ORDER 2244 65 8 3 28 3
5038 ORDER 2245 36 17 4 49 0
5040 ORDER 2246 15 47 2 17 0
5042 ORDER 2247 33 8 3 23 0
5046 ORDER 2248 42 26 32 49 3
5047 ORDER 2249 26 15 65 49 1
5048 ORDER 2250 55 14 47 49 0
5050 ORDER 2251 20 29 3 21 0
5052 ORDER 2252 33 20 33 50 0
5053 ORDER 2253 52 36 3 43 0
5054 ORDER 2254 29 44 1 22 0
5055 UNBLOCK 53 3
5059 ORDER 2255 19 18 42 50 1
5062 ORDER 2256 58 32 2 45 0
5064 ORDER 2257 34 42 2 41 0
5065 ORDER 2258 53 24 47 49 0
5067 ORDER 2259 19 6 17 50 1
5068 ORDER 2260 41 14 3 1 1
5074 ORDER 2261 36 27 2 36 0
5077 ORDER 2262 48 41 2 30 0
5078 ORDER 2263 20 21 12 49 0
5080 ORDER 2264 27 39 30 50 0
5081 ORDER 2265 19 47 1 41 0
5083 ORDER 2266 57 42 29 50 0
5084 ORDER 2267 60 37 23 49 0
5086 ORDER 2268 18 6 66 49 0
5088 ORDER 2269 24 11 2 33 2
5089 CANCEL 2246
5090 ORDER 2270 21 20 3 4 0
5091 ORDER 2271 9 3 1 14 2
5092 BLOCK 50 32
5093 ORDER 2272 26 9 28 50 1
5094 ORDER 2273 42 18 32 50 0
5095 ORDER 2274 7 18 2 47 0
5099 ORDER 2275 33 8 51 50 1
5100 ORDER 2276 11 15 1 19 0
5100 BLOCK 14 15
5101 ORDER 2277 22 20 19 50 1
5104 ORDER 2278 46 35 25 50 0
5107 ORDER 2279 24 6 1 34 2
5107 BLOCK 27 2
5109 ORDER 2280 58 9 65 49 0
5114 ORDER 2281 13 36 36 49 0
5116 ORDER 2282 10 30 28 49 0
5122 ORDER 2283 22 32 66 49 1
5125 ORDER 2284 51 39 1 30 1
5126 ORDER 2285 6 23 16 50 0
5128 ORDER 2286 11 36 30 49 3
5135 UNBLOCK 37 1
5135 ORDER 2287 18 30 2 13 1
5137 ORDER 2288 55 47 11 49 1
5138 ORDER 2289 44 9 13 50 2
5141 ORDER 2290 47 20 21 50 1
5142 ORDER 2291 63 26 1 18 0
5144 ORDER 2292 16 27 1 16 0
5146 ORDER 2293 55 39 1 12 1
5146 BLOCK 13 32
5147 ORDER 2294 18 45 3 21 0
5148 UNBLOCK 27 2
5150 ORDER 2295 19 17 2 13 1
5153 ORDER 2296 44 35 1 3 0
5154 ORDER 2297 43 14 2 11 1
5156 ORDER 2298 47 39 3 9 0
5158 UNBLOCK 14 15
5158 ORDER 2299 33 24 18 49 2
5162 ORDER 2300 52 41 3 2 2
5164 ORDER 2301 63 8 68 49 0
5165 ORDER 2302 27 29 19 50 0
5168 ORDER 2303 41 33 2 41 0
5170 ORDER 2304 35 39 11 49 1
5172 ORDER 2305 14 9 2 31 1
5176 ORDER 2306 14 29 2 1 0
5180 ORDER 2307 34 29 67 50 0
5182 ORDER 2308 23 8 3 20 0
5183 ORDER 2309 22 30 3 34 0
5183 CANCEL 102309
5184 ORDER 2310 43 8 2 26 0
5185 ORDER 2311 33 14 2 14 0
5186 ORDER 2312 49 27 25 50 0
5188 ORDER 2313 15 24 2 14 2
5189 CANCEL 2258
5189 ORDER 2314 11 20 57 50 0
5190 BLOCK 43 36
5195 ORDER 2315 8 44 2 5 0
5197 ORDER 2316 20 35 15 50 0
5198 ORDER 2317 49 15 4 50 1
5200 ORDER 2318 58 18 64 49 0
5204 ORDER 2319 6 36 31 49 0
5205 ORDER 2320 37 42 45 50 0
5207 ORDER 2321 28 33 2 24 0
5208 BLOCK 49 27
5211 CANCEL 2238
5212 UNBLOCK 13 32
5212 ORDER 2322 50 47 4 49 0
5214 ORDER 2323 10 5 3 28 3
5215 ORDER 2324 41 32 12 50 0
5216 ORDER 2325 40 15 62 50 0
5217 BLOCK 43 36
5218 BLOCK 31 32
5225 ORDER 2326 56 18 3 33 2
5226 ORDER 2327 16 29 16 50 3
5229 ORDER 2328 30 12 50 49 1
5233 ORDER 2329 20 3 1 11 1
5234 ORDER 2330 41 33 3 21 1
5236 ORDER 2331 19 11 68 50 0
5237 ORDER 2332 63 17 3 24 0
5239 UNBLOCK 50 32
5239 ORDER 2333 52 32 1 47 0
5241 ORDER 2334 43 44 22 50 0
5243 ORDER 2335 35 29 54 49 0
5247 ORDER 2336 47 47 61 50 1
5248 ORDER 2337 59 27 27 49 0
5249 CANCEL 102337
5251 ORDER 2338 20 5 51 50 3
5253 ORDER 2339 59 3 60 50 0
5254 CANCEL 2295
5254 ORDER 2340 43 39 3 28 0
5255 ORDER 2341 33 6 36 50 0
5258 ORDER 2342 63 28 24 49 0
5259 ORDER 2343 39 45 4 49 0
5260 ORDER 2344 28 18 3 23 0
5260 BLOCK 42 17
5262 ORDER 2345 17 26 2 11 0
5264 ORDER 2346 20 23 11 50 0
5267 ORDER 2347 9 24 33 50 0
5269 ORDER 2348 6 12 3 4 1
5270 ORDER 2349 40 8 14 50 1
5271 ORDER 2350 23 39 3 30 0
5272 ORDER 2351 53 44 3 37 1
5273 ORDER 2352 33 8 2 15 0
5274 ORDER 2353 31 17 63 49 0
5277 ORDER 2354 32 8 5 49 0
5279 ORDER 2355 40 35 48 49 1
5280 ORDER 2356 30 18 59 49 2
5282 ORDER 2357 46 39 3 1 0
5284 UNBLOCK 43 36
5284 ORDER 2358 16 47 3 30 0
5286 ORDER 2359 37 6 33 49 1
5287 ORDER 2360 51 6 2 39 1
5288 ORDER 2361 38 39 2 26 1
5289 ORDER 2362 37 32 1 38 2
5290 UNBLOCK 42 17
5290 ORDER 2363 24 44 1 23 1
5291 ORDER 2364 32 33 3 37 0
5294 ORDER 2365 33 20 61 50 0
5295 ORDER 2366 29 29 14 49 0
5296 ORDER 2367 22 18 53 50 1
5297 ORDER 2368 52 23 1 40 0
5298 ORDER 2369 49 5 1 38 0
5300 ORDER 2370 38 11 4 50 0
5300 BLOCK 20 38
5301 ORDER 2371 28 36 16 49 0
5302 ORDER 2372 61 38 3 31 1
5304 ORDER 2373 30 8 1 5 0
5306 CANCEL 2328
5307 UNBLOCK 43 36
5307 ORDER 2374 29 23 36 50 0
5308 UNBLOCK 31 32
5308 ORDER 2375 9 5 1 3 3
5310 ORDER 2376 32 8 2 50 0
5311 ORDER 2377 39 45 2 44 1
5312 ORDER 2378 28 18 3 25 0
5313 CANCEL 2313
5314 ORDER 2379 19 42 1 47 0
5314 BLOCK 6 11
5317 CANCEL 2283
5317 UNBLOCK 49 27
5319 ORDER 2380 40 17 41 49 0
5320 ORDER 2381 49 36 28 50 2
5325 ORDER 2382 43 39 33 49 0
5332 ORDER 2383 35 27 65 49 0
5333 ORDER 2384 56 12 2 48 0
5334 ORDER 2385 61 23 1 30 2
5338 ORDER 2386 15 42 1 35 0
5339 ORDER 2387 12 23 64 50 0
5341 ORDER 2388 49 27 19 50 0
5343 ORDER 2389 32 14 3 8 0
5344 ORDER 2390 48 18 55 50 0
5347 ORDER 2391 43 27 3 9 0
5348 ORDER 2392 36 8 1 15 2
5350 ORDER 2393 20 17 7 49 2
5352 ORDER 2394 29 32 1 37 0
5353 ORDER 2395 36 9 3 28 1
5354 ORDER 2396 16 30 3 25 1
5355 BLOCK 44 42
5356 ORDER 2397 45 11 24 50 0
5357 ORDER 2398 54 29 1 27 1
5358 ORDER 2399 54 30 10 50 2
5359 ORDER 2400 63 5 2 21 1
5361 ORDER 2401 65 5 10 49 0
5363 ORDER 2402 40 3 3 28 2
5365 UNBLOCK 20 38
5368 ORDER 2403 45 26 2 41 3
5372 ORDER 2404 65 39 57 49 0
5373 ORDER 2405 49 15 3 29 2
5374 ORDER 2406 26 23 28 49 1
5377 ORDER 2407 63 14 3 21 0
5378 ORDER 2408 43 27 1 23 0
5379 ORDER 2409 31 15 63 50 2
5381 ORDER 2410 52 44 2 9 0
5382 UNBLOCK 6 11
5386 ORDER 2411 63 20 1 32 0
5388 ORDER 2412 33 9 2 9 2
5390 ORDER 2413 32 6 30 50 1
5391 ORDER 2414 36 44 24 50 0
5394 ORDER 2415 48 5 2 19 2
5398 ORDER 2416 45 21 50 49 0
5401 ORDER 2417 57 38 1 15 0
5404 ORDER 2418 20 21 3 7 0
5407 ORDER 2419 58 6 3 35 1
5409 ORDER 2420 7 8 62 49 0
5410 ORDER 2421 10 32 2 29 0
5411 ORDER 2422 19 38 1 10 0
5412 ORDER 2423 11 36 1 48 1
5413 ORDER 2424 37 44 58 49 2
5416 ORDER 2425 11 44 2 13 2
5416 BLOCK 13 16
5417 ORDER 2426 39 15 3 43 1
5418 ORDER 2427 28 38 3 33 0
5419 ORDER 2428 14 26 67 50 0
5424 ORDER 2429 8 33 1 13 1
5425 ORDER 2430 9 33 1 35 0
5426 ORDER 2431 56 11 55 50 1
5427 ORDER 2432 19 39 14 49 0
5430 ORDER 2433 16 11 3 21 0
5433 ORDER 2434 65 24 2 41 0
5434 CANCEL 2335
5437 ORDER 2435 35 8 2 20 1
5438 ORDER 2436 33 24 3 26 2
5440 CANCEL 2382
5441 BLOCK 57 27
5443 ORDER 2437 41 47 2 16 0
5444 ORDER 2438 27 36 23 49 0
5447 BLOCK 59 2
5451 ORDER 2439 9 14 47 49 0
5454 ORDER 2440 58 32 1 24 0
5455 ORDER 2441 43 39 3 43 0
5457 CANCEL 2379
5458 CANCEL 2405
5459 ORDER 2442 42 29 3 44 0
5460 ORDER 2443 7 20 3 25 1
5464 ORDER 2444 51 23 27 49 0
5465 ORDER 2445 10 32 46 49 0
5466 ORDER 2446 23 39 44 49 1
5467 ORDER 2447 54 8 3 27 0
5470 BLOCK 18 49
5471 ORDER 2448 55 26 18 49 0
5472 ORDER 2449 49 47 56 49 1
5473 ORDER 2450 52 5 51 50 0
5476 UNBLOCK 44 42
5476 ORDER 2451 62 33 1 17 0
5479 ORDER 2452 50 23 1 26 0
5480 ORDER 2453 7 23 65 50 1
5482 ORDER 2454 47 12 11 50 1
5483 ORDER 2455 20 23 20 49 1
5484 ORDER 2456 43 6 29 49 0
5485 ORDER 2457 58 20 18 50 0
5490 ORDER 2458 42 45 3 30 1
5493 ORDER 2459 26 6 57 49 0
5494 ORDER 2460 8 26 62 50 2
5495 CANCEL 2445
5496 UNBLOCK 13 16
5497 ORDER 2461 22 24 57 49 0
5499 ORDER 2462 62 41 51 49 1
5500 ORDER 2463 25 14 1 15 0
5501 ORDER 2464 17 47 1 44 1
5502 ORDER 2465 15 24 1 8 1
5506 UNBLOCK 59 2
5509 ORDER 2466 64 24 1 16 1
5510 ORDER 2467 28 3 1 41 1
5511 UNBLOCK 18 49
5513 ORDER 2468 63 23 35 50 0
5514 ORDER 2469 55 39 66 50 2
5515 ORDER 2470 48 32 60 50 0
5519 ORDER 2471 9 5 15 49 0
5520 ORDER 2472 7 44 18 49 0
5521 ORDER 2473 9 21 3 35 0
5522 ORDER 2474 28 41 11 50 2
5524 ORDER 2475 34 8 38 49 2
5528 ORDER 2476 37 11 3 46 0
5529 ORDER 2477 60 3 3 31 0
5531 ORDER 2478 10 3 62 49 1
5533 ORDER 2479 11 30 14 50 0
5534 ORDER 2480 11 11 51 49 1
5535 ORDER 2481 48 33 2 7 0
5537 ORDER 2482 65 17 1 38 0
5539 ORDER 2483 30 45 3 26 0
5540 ORDER 2484 17 9 1 20 0
5541 ORDER 2485 8 39 1 16 0
5543 ORDER 2486 53 9 3 10 0
5544 ORDER 2487 23 27 9 49 1
5545 BLOCK 65 29
5546 ORDER 2488 16 47 4 49 2
5547 CANCEL 2481
5547 ORDER 2489 34 18 2 17 1
5548 ORDER 2490 54 11 2 11 0
5551 ORDER 2491 29 35 48 50 0
5553 ORDER 2492 25 45 3 50 1
5554 ORDER 2493 31 5 2 32 1
5555 ORDER 2494 17 24 1 49 3
5559 ORDER 2495 6 14 16 49 3
5561 ORDER 2496 8 3 68 49 2
5563 UNBLOCK 57 27
5563 ORDER 2497 7 35 51 50 0
5564 ORDER 2498 46 14 21 49 0
5565 ORDER 2499 57 35 1 4 0
5568 ORDER 2500 10 14 41 49 1
5572 ORDER 2501 6 39 34 50 0
5574 ORDER 2502 15 42 2 8 3
5576 ORDER 2503 52 8 32 50 1
5577 ORDER 2504 14 14 2 28 2
5578 ORDER 2505 10 29 2 2 0
5582 CANCEL 102505
5583 ORDER 2506 33 36 3 3 0
5590 ORDER 2507 49 35 43 49 0
5593 ORDER 2508 8 26 25 50 2
5600 ORDER 2509 7 41 1 21 0
5602 ORDER 2510 41 32 2 34 0
5603 ORDER 2511 36 41 11 50 1
5604 ORDER 2512 57 36 1 13 0
5605 ORDER 2513 57 17 2 24 0
5607 ORDER 2514 47 39 52 49 0
5608 ORDER 2515 16 41 2 41 1
5611 ORDER 2516 12 39 1 25 2
5612 ORDER 2517 28 9 8 49 0
5615 ORDER 2518 65 41 15 49 0
5618 ORDER 2519 32 15 51 49 0
5619 ORDER 2520 16 17 39 50 0
5620 ORDER 2521 27 17 45 49 0
5621 ORDER 2522 48 35 5 50 0
5624 ORDER 2523 45 27 25 49 0
5625 ORDER 2524 57 23 5 49 0
5626 ORDER 2525 19 27 1 14 0
5628 BLOCK 38 21
5630 ORDER 2526 56 41 67 49 0
5632 ORDER 2527 6 27 1 36 0
5633 BLOCK 11 1
5635 ORDER 2528 28 30 3 30 0
5638 ORDER 2529 55 29 50 50 0
5642 ORDER 2530 60 18 3 30 1
5643 ORDER 2531 15 12 2 48 0
5644 CANCEL 2527
5645 ORDER 2532 36 6 38 49 0
5648 ORDER 2533 65 3 1 23 0
5650 ORDER 2534 12 3 2 21 0
5651 ORDER 2535 12 23 68 50 0
5653 ORDER 2536 40 33 1 39 0
5655 ORDER 2537 50 20 3 2 1
5659 ORDER 2538 27 38 1 44 0
5660 ORDER 2539 14 8 54 50 0
5661 ORDER 2540 55 5 57 50 1
5662 ORDER 2541 40 9 6 50 0
5663 ORDER 2542 29 32 41 49 0
5664 ORDER 2543 52 23 1 6 0
5666 ORDER 2544 50 44 1 36 0
5668 UNBLOCK 65 29
5668 ORDER 2545 49 8 1 47 0
5669 ORDER 2546 7 20 3 30 0
5670 ORDER 2547 8 38 54 50 0
5671 CANCEL 2457
5673 ORDER 2548 19 26 2 32 0
5681 UNBLOCK 38 21
5681 ORDER 2549 48 30 2 29 0
5686 ORDER 2550 63 6 14 49 0
5687 ORDER 2551 57 14 3 26 2
5690 ORDER 2552 9 26 1 32 2
5691 ORDER 2553 21 3 2 35 1
5692 ORDER 2554 10 39 2 16 1
5693 ORDER 2555 34 41 63 49 3
5696 CANCEL 2545
5699 ORDER 2556 46 15 10 50 1
5701 ORDER 2557 38 29 66 49 2
5703 ORDER 2558 18 17 3 27 0
5703 BLOCK 48 44
5708 BLOCK 38 39
5710 ORDER 2559 17 3 3 35 0
5711 ORDER 2560 20 30 52 49 0
5713 ORDER 2561 25 44 13 50 0
5713 CANCEL 102561
5715 ORDER 2562 37 21 20 50 2
5719 ORDER 2563 20 39 30 49 2
5720 ORDER 2564 10 15 58 49 0
5721 ORDER 2565 21 35 63 49 0
5723 ORDER 2566 8 33 3 42 1
5726 ORDER 2567 64 3 67 49 2
5729 UNBLOCK 11 1
5733 ORDER 2568 24 26 16 50 0
5736 BLOCK 9 42
5737 ORDER 2569 64 11 50 49 1
5740 ORDER 2570 7 39 2 3 0
5741 ORDER 2571 52 47 3 21 0
5743 UNBLOCK 48 44
5743 ORDER 2572 39 20 3 39 0
5744 ORDER 2573 58 18 68 50 2
5745 ORDER 2574 54 26 2 2 0
5746 ORDER 2575 8 33 64 50 0
5748 ORDER 2576 19 21 14 50 0
5749 BLOCK 41 35
5750 ORDER 2577 36 33 2 35 0
5751 ORDER 2578 27 27 2 34 0
5752 ORDER 2579 18 20 28 50 2
5757 ORDER 2580 6 44 1 27 3
5758 BLOCK 65 48
5763 ORDER 2581 35 21 64 50 0
5764 ORDER 2582 31 18 2 13 0
5767 BLOCK 13 26
5768 ORDER 2583 19 17 2 14 0
5771 ORDER 2584 17 23 64 49 1
5772 ORDER 2585 28 21 48 50 2
5773 ORDER 2586 35 21 62 49 0
5774 ORDER 2587 6 18 6 50 0
5777 ORDER 2588 17 21 1 34 3
5779 ORDER 2589 49 11 33 50 0
5780 ORDER 2590 35 26 65 50 0
5783 ORDER 2591 15 45 41 49 1
5784 ORDER 2592 6 5 1 17 0
5785 ORDER 2593 43 18 4 49 0
5786 ORDER 2594 28 17 3 37 0
5787 ORDER 2595 10 20 1 39 1
5788 ORDER 2596 8 24 3 41 2
5789 ORDER 2597 44 21 2 8 1
5790 ORDER 2598 31 45 64 49 0
5791 ORDER 2599 65 24 44 50 0
5793 ORDER 2600 62 8 13 50 0
5795 ORDER 2601 41 26 25 49 0
5797 ORDER 2602 16 33 2 42 1
5798 ORDER 2603 37 17 36 50 2
5801 UNBLOCK 38 39
5801 ORDER 2604 32 24 1 50 3
5803 ORDER 2605 20 3 1 47 0
5805 ORDER 2606 6 32 1 1 0
5809 ORDER 2607 10 29 48 50 2
5812 ORDER 2608 7 26 23 50 1
5813 ORDER 2609 53 9 1 44 0
5814 ORDER 2610 37 12 3 1 1
5815 ORDER 2611 40 8 22 49 0
5816 ORDER 2612 6 41 52 49 2
5821 ORDER 2613 31 21 59 49 1
5822 UNBLOCK 9 42
5822 ORDER 2614 59 36 68 50 0
5823 ORDER 2615 32 5 3 5 0
5824 ORDER 2616 49 29 2 32 1
5825 ORDER 2617 25 26 37 50 3
5826 ORDER 2618 40 44 66 50 0
5827 ORDER 2619 33 8 66 49 0
5828 ORDER 2620 10 32 6 50 0
5830 ORDER 2621 14 45 3 18 0
5832 CANCEL 2582
5835 ORDER 2622 53 39 67 49 0
5836 ORDER 2623 6 17 54 50 0
5837 ORDER 2624 59 47 2 42 0
5838 ORDER 2625 48 45 16 50 0
5840 ORDER 2626 19 44 59 50 2
5841 ORDER 2627 9 9 2 5 0
5845 ORDER 2628 35 41 2 20 1
5849 ORDER 2629 64 3 50 50 0
5850 ORDER 2630 20 45 16 49 0
5851 ORDER 2631 54 17 2 23 0
5852 ORDER 2632 26 23 1 28 2
5853 UNBLOCK 41 35
5855 ORDER 2633 18 35 1 43 0
5857 CANCEL 2587
5859 ORDER 2634 65 17 61 49 1
5862 ORDER 2635 39 32 25 49 1
5863 ORDER 2636 11 39 1 28 0
5863 BLOCK 10 24
5864 ORDER 2637 44 6 67 50 1
5866 ORDER 2638 65 15 11 49 2
5867 ORDER 2639 14 17 1 31 0
5868 ORDER 2640 48 18 1 46 1
5869 UNBLOCK 65 48
5869 ORDER 2641 11 36 3 33 0
5874 ORDER 2642 38 47 2 3 0
5875 ORDER 2643 43 27 1 4 1
5876 BLOCK 26 38
5877 ORDER 2644 65 35 28 49 0
5878 ORDER 2645 38 9 48 49 2
5879 ORDER 2646 17 11 3 29 0
5882 ORDER 2647 19 20 58 50 2
5884 ORDER 2648 56 45 1 6 0
5886 ORDER 2649 52 33 7 49 0
5888 ORDER 2650 29 20 40 50 0
5891 ORDER 2651 8 12 3 13 0
5891 BLOCK 36 21
5894 ORDER 2652 9 44 25 49 0
5895 ORDER 2653 46 38 55 49 1
5896 ORDER 2654 29 22 2 22 1
5900 ORDER 2655 42 42 1 21 2
5901 ORDER 2656 16 38 51 50 0
5901 BLOCK 16 33
5906 ORDER 2657 6 35 26 49 0
5907 ORDER 2658 30 30 1 25 0
5909 ORDER 2659 32 6 54 50 0
5911 ORDER 2660 54 8 54 50 0
5912 UNBLOCK 13 26
5916 ORDER 2661 34 14 10 49 0
5918 ORDER 2662 29 17 3 43 1
5918 BLOCK 43 49
5919 ORDER 2663 41 3 63 50 0
5920 ORDER 2664 6 27 13 50 1
5922 ORDER 2665 27 20 33 50 0
5925 ORDER 2666 48 17 1 22 0
5931 CANCEL 2606
5932 ORDER 2667 41 42 62 50 1
5933 ORDER 2668 47 11 2 17 1
5936 ORDER 2669 11 24 50 49 0
5937 ORDER 2670 65 38 1 10 0
5938 ORDER 2671 32 36 6 50 0
5941 ORDER 2672 30 20 2 12 0
5943 UNBLOCK 10 24
5945 UNBLOCK 16 33
5947 ORDER 2673 9 45 2 30 1
5949 ORDER 2674 37 38 3 31 0
5950 ORDER 2675 19 15 4 50 1
5951 ORDER 2676 21 11 68 49 0
5954 ORDER 2677 27 15 65 49 1
5955 ORDER 2678 31 47 64 49 0
5958 ORDER 2679 26 11 3 34 0
5959 BLOCK 63 39
5960 ORDER 2680 64 19 42 50 1
5962 ORDER 2681 61 23 1 40 1
5963 ORDER 2682 43 27 3 47 1
5964 ORDER 2683 19 15 59 50 0
5966 ORDER 2684 49 47 3 32 0
5967 ORDER 2685 55 20 13 49 1
5973 ORDER 2686 47 35 38 49 0
5974 ORDER 2687 50 8 35 49 0
5975 ORDER 2688 37 8 2 3 3
5976 ORDER 2689 38 35 1 49 0
5977 ORDER 2690 53 14 1 50 0
5980 ORDER 2691 40 9 7 50 0
5982 ORDER 2692 46 18 2 26 0
5983 ORDER 2693 44 14 19 50 0
5985 ORDER 2694 40 20 66 50 0
5986 ORDER 2695 35 42 40 50 0
5987 ORDER 2696 59 36 2 47 1
5991 ORDER 2697 26 3 1 9 0
5992 UNBLOCK 26 38
5992 ORDER 2698 11 6 13 50 1
5997 ORDER 2699 27 41 14 49 0
5998 CANCEL 2647
5999 ORDER 2700 39 33 40 50 1
6001 ORDER 2701 22 5 55 50 1
6002 ORDER 2702 28 11 2 41 1
6003 ORDER 2703 45 12 2 47 0
6004 ORDER 2704 33 24 64 50 0
6008 ORDER 2705 10 11 47 49 1
6009 CANCEL 2682
6010 ORDER 2706 47 38 1 14 1
6011 UNBLOCK 63 39
6011 ORDER 2707 35 8 1 4 0
6013 ORDER 2708 46 20 39 49 1
6014 ORDER 2709 19 5 66 49 1
6015 ORDER 2710 52 8 12 49 0
6017 ORDER 2711 63 9 3 27 2
6019 ORDER 2712 56 20 59 50 0
6020 ORDER 2713 23 39 3 23 1
6020 BLOCK 59 3
6021 ORDER 2714 18 47 1 34 1
6022 ORDER 2715 62 9 42 50 0
6024 ORDER 2716 51 41 1 9 0
6026 ORDER 2717 37 39 22 50 1
6027 ORDER 2718 17 21 1 3 0
6031 ORDER 2719 41 33 2 3 1
6036 ORDER 2720 26 47 37 50 0
6037 ORDER 2721 30 8 3 47 0
6040 UNBLOCK 36 21
6044 ORDER 2722 17 17 27 50 0
6045 UNBLOCK 43 49
6045 ORDER 2723 40 9 1 26 0
6046 ORDER 2724 54 32 3 16 0
6049 ORDER 2725 14 15 3 24 1
6051 ORDER 2726 50 23 35 49 0
6052 ORDER 2727 31 38 1 5 0
6057 ORDER 2728 45 12 34 50 1
6061 ORDER 2729 62 47 36 49 0
6062 ORDER 2730 9 6 1 43 0
6063 ORDER 2731 9 20 1 1 0
6065 ORDER 2732 8 14 19 49 2
6069 ORDER 2733 27 18 62 50 1
6070 ORDER 2734 62 47 39 50 0
6071 ORDER 2735 43 21 1 32 0
6073 ORDER 2736 55 3 11 49 0
6074 UNBLOCK 59 3
6079 ORDER 2737 58 32 16 49 0
6080 ORDER 2738 30 24 1 10 0
6081 ORDER 2739 43 20 3 36 0
6082 ORDER 2740 31 23 13 50 0
6083 ORDER 2741 64 9 66 50 0
6084 ORDER 2742 45 21 35 49 1
6085 CANCEL 2692
6085 ORDER 2743 39 36 10 49 0
6086 CANCEL 2689
6086 BLOCK 61 1
6088 ORDER 2744 59 38 3 30 0
6089 ORDER 2745 56 47 2 45 0
6090 ORDER 2746 37 23 2 20 1
6094 ORDER 2747 52 14 17 50 0
6096 ORDER 2748 35 12 1 36 1
6098 ORDER 2749 41 3 3 23 0
6104 ORDER 2750 17 20 53 50 0
6110 ORDER 2751 65 17 14 49 0
6113 ORDER 2752 56 24 19 49 1
6113 BLOCK 22 32
6114 ORDER 2753 17 42 3 11 0
6115 ORDER 2754 11 5 3 1 0
6122 ORDER 2755 41 35 57 50 0
6124 ORDER 2756 6 15 42 50 1
6126 ORDER 2757 54 39 14 49 0
6128 BLOCK 23 39
6130 ORDER 2758 21 30 12 49 0
6131 ORDER 2759 32 35 37 50 2
6133 ORDER 2760 27 8 13 49 1
6134 ORDER 2761 38 45 3 11 0
6135 ORDER 2762 31 12 61 49 0
6138 ORDER 2763 35 5 1 47 0
6139 ORDER 2764 16 8 52 49 0
6140 ORDER 2765 50 36 1 16 0
6141 ORDER 2766 16 8 40 50 0
6143 ORDER 2767 65 36 1 40 0
6144 ORDER 2768 17 18 39 50 1
6146 ORDER 2769 26 17 2 49 3
6147 ORDER 2770 62 9 66 49 1
6148 ORDER 2771 26 21 12 49 1
6150 ORDER 2772 62 30 60 49 3
6153 ORDER 2773 38 39 3 21 2
6153 CANCEL 102773
6157 ORDER 2774 34 32 12 50 1
6158 ORDER 2775 33 24 3 39 0
6159 UNBLOCK 61 1
6160 ORDER 2776 18 38 32 50 0
6161 ORDER 2777 41 6 2 24 1
6167 ORDER 2778 41 6 2 28 0
6167 BLOCK 34 16
6168 ORDER 2779 22 18 68 49 2
6170 ORDER 2780 49 5 2 8 1
6172 ORDER 2781 32 27 7 49 0
6173 ORDER 2782 48 20 42 50 2
6176 ORDER 2783 17 44 2 36 0
6177 ORDER 2784 39 27 27 50 0
6180 UNBLOCK 23 39
6180 ORDER 2785 20 39 64 49 0
6182 ORDER 2786 26 24 3 45 0
6184 ORDER 2787 9 9 53 49 1
6189 ORDER 2788 26 20 2 40 1
6190 ORDER 2789 38 35 65 49 1
6191 UNBLOCK 22 32
6191 CANCEL 102789
6197 ORDER 2790 16 39 1 19 0
6199 ORDER 2791 64 36 2 15 1
6200 ORDER 2792 30 45 1 48 0
6202 UNBLOCK 34 16
6202 ORDER 2793 33 30 18 50 0
6204 ORDER 2794 40 14 66 49 0
6205 ORDER 2795 65 3 3 34 0
6206 ORDER 2796 44 44 38 49 0
6207 ORDER 2797 8 5 2 2 0
6208 ORDER 2798 6 24 3 50 1
6209 ORDER 2799 26 14 13 50 1
6210 BLOCK 49 22
6212 ORDER 2800 10 41 65 49 0
6215 ORDER 2801 16 8 61 49 1
6216 ORDER 2802 65 23 2 48 3
6220 ORDER 2803 33 20 40 50 0
6223 ORDER 2804 48 14 11 49 0
6224 ORDER 2805 25 44 64 50 0
6225 ORDER 2806 49 33 1 6 0
6226 ORDER 2807 11 26 37 49 1
6227 ORDER 2808 38 29 3 37 0
6228 ORDER 2809 46 23 2 47 2
6229 ORDER 2810 47 38 47 49 0
6230 ORDER 2811 47 5 36 49 0
6231 ORDER 2812 57 25 7 49 2
6233 ORDER 2813 15 27 36 49 2
6237 ORDER 2814 17 27 3 11 0
6238 ORDER 2815 29 33 14 49 0
6238 BLOCK 43 33
6240 ORDER 2816 6 14 3 43 0
6242 ORDER 2817 10 29 6 50 0
6244 ORDER 2818 36 5 1 46 1
6246 ORDER 2819 10 20 40 49 0
6247 ORDER 2820 28 21 2 10 0
6248 ORDER 2821 9 17 9 50 1
6249 CANCEL 2802
6250 ORDER 2822 65 29 25 49 0
6251 ORDER 2823 35 29 1 24 0
6252 ORDER 2824 10 29 40 49 1
6255 ORDER 2825 45 41 3 46 0
6259 ORDER 2826 21 20 1 48 0
6261 ORDER 2827 31 6 2 40 2
6262 ORDER 2828 22 21 1 16 3
6263 ORDER 2829 63 18 4 49 1
6264 ORDER 2830 30 17 2 15 1
6265 ORDER 2831 35 24 1 35 0
6268 CANCEL 2753
6270 ORDER 2832 50 47 29 49 0
6271 ORDER 2833 15 47 32 49 2
6272 ORDER 2834 17 30 3 4 0
6274 ORDER 2835 18 32 2 32 0
6279 ORDER 2836 16 42 10 49 2
6281 ORDER 2837 62 44 1 6 1
6285 ORDER 2838 59 3 10 49 1
6287 ORDER 2839 19 44 57 49 1
6290 ORDER 2840 41 24 15 50 1
6292 ORDER 2841 10 30 52 50 1
6299 ORDER 2842 33 36 1 23 0
6301 ORDER 2843 30 23 1 5 0
6304 ORDER 2844 61 45 33 49 3
6306 ORDER 2845 64 38 3 37 3
6308 ORDER 2846 31 24 48 49 1
6310 ORDER 2847 26 44 3 25 0
6311 ORDER 2848 26 45 26 50 0
6316 ORDER 2849 48 3 46 50 0
6323 ORDER 2850 63 5 51 50 0
6324 UNBLOCK 49 22
6325 ORDER 2851 6 24 25 49 0
6328 ORDER 2852 53 12 2 2 1
6330 ORDER 2853 44 39 17 50 1
6332 ORDER 2854 20 39 16 50 2
6333 ORDER 2855 55 23 3 14 0
6333 BLOCK 63 18
6336 ORDER 2856 45 42 13 49 1
6337 ORDER 2857 24 42 63 49 2
6338 CANCEL 2809
6338 ORDER 2858 22 6 1 28 1
6341 ORDER 2859 43 41 3 44 0
6343 CANCEL 2797
6343 ORDER 2860 18 3 3 23 0
6344 ORDER 2861 27 39 2 45 1
6348 ORDER 2862 56 44 41 49 1
6349 ORDER 2863 8 23 3 47 1
6356 ORDER 2864 12 32 1 21 0
6359 ORDER 2865 11 9 2 34 0
6362 ORDER 2866 65 42 49 50 1
6364 ORDER 2867 11 3 3 23 1
6369 UNBLOCK 43 33
6369 ORDER 2868 51 20 46 49 0
6371 ORDER 2869 17 42 56 50 0
6374 ORDER 2870 56 5 3 13 1
6375 ORDER 2871 21 32 66 49 1
6378 ORDER 2872 16 26 42 49 1
6382 ORDER 2873 22 26 1 38 0
6383 ORDER 2874 53 32 67 50 1
6385 ORDER 2875 53 8 12 49 0
6389 ORDER 2876 52 8 33 49 0
6392 CANCEL 2799
6393 CANCEL 2854
6396 ORDER 2877 17 11 39 50 1
6397 BLOCK 29 23
6398 ORDER 2878 33 9 44 49 0
6400 ORDER 2879 58 29 31 50 0
6405 ORDER 2880 20 18 1 30 1
6406 ORDER 2881 41 12 48 49 0
6407 ORDER 2882 26 26 3 44 2
6411 ORDER 2883 11 8 2 16 1
6412 ORDER 2884 24 44 57 50 2
6414 ORDER 2885 36 21 1 47 2
6415 ORDER 2886 31 14 24 50 1
6416 ORDER 2887 52 36 4 49 1
6418 ORDER 2888 16 41 20 49 2
6421 ORDER 2889 9 42 3 49 0
6422 ORDER 2890 10 14 1 42 1
6425 ORDER 2891 35 23 57 49 1
6426 ORDER 2892 46 23 3 43 1
6427 UNBLOCK 63 18
6428 ORDER 2893 39 18 2 14 3
6430 ORDER 2894 7 36 2 5 2
6432 ORDER 2895 47 26 2 8 2
6435 ORDER 2896 59 15 6 50 0
6439 ORDER 2897 35 11 65 49 0
6441 ORDER 2898 27 42 2 41 0
6442 ORDER 2899 58 3 57 49 0
6447 ORDER 2900 35 27 15 50 1
6450 BLOCK 60 22
6455 ORDER 2901 37 47 1 31 0
6456 ORDER 2902 54 26 2 36 2
6458 ORDER 2903 51 38 1 4 1
6461 ORDER 2904 16 42 1 48 0
6464 ORDER 2905 17 41 3 14 0
6465 ORDER 2906 8 20 62 49 0
6466 ORDER 2907 62 35 50 50 1
6467 ORDER 2908 14 14 68 50 0
6468 ORDER 2909 14 44 1 6 1
6469 ORDER 2910 63 42 30 49 0
6470 ORDER 2911 41 45 47 49 0
6470 BLOCK 52 11
6472 ORDER 2912 48 12 3 20 1
6473 ORDER 2913 6 41 2 28 3
6474 ORDER 2914 46 23 1 2 0
6475 ORDER 2915 7 24 29 50 0
6476 ORDER 2916 31 36 51 49 0
6477 ORDER 2917 32 41 24 50 0
6479 ORDER 2918 33 24 1 2 0
6482 ORDER 2919 10 17 3 27 0
6482 BLOCK 57 8
6483 CANCEL 2863
6484 ORDER 2920 25 27 2 33 0
6486 ORDER 2921 39 23 3 26 0
6487 ORDER 2922 57 26 1 42 1
6488 ORDER 2923 42 14 63 49 0
6489 ORDER 2924 50 23 1 49 1
6495 ORDER 2925 30 24 3 27 0
6496 BLOCK 5 3
6499 ORDER 2926 52 42 2 5 0
6500 ORDER 2927 61 12 65 50 0
6501 ORDER 2928 37 30 3 44 1
6504 ORDER 2929 6 21 64 49 0
6505 ORDER 2930 29 38 2 3 0
6506 CANCEL 2857
6511 ORDER 2931 64 20 3 49 0
6512 ORDER 2932 16 42 15 49 0
6513 ORDER 2933 65 5 3 6 0
6515 ORDER 2934 33 41 57 50 3
6519 UNBLOCK 29 23
6520 ORDER 2935 20 36 2 48 0
6523 ORDER 2936 30 21 55 49 0
6524 ORDER 2937 22 45 2 23 0
6525 ORDER 2938 31 38 1 15 0
6526 ORDER 2939 23 27 2 3 0
6527 BLOCK 63 21
6528 ORDER 2940 27 35 1 29 0
6533 ORDER 2941 11 26 68 50 0
6535 ORDER 2942 64 8 3 29 0
6536 ORDER 2943 6 42 4 49 1
6536 BLOCK 9 35
6539 ORDER 2944 22 45 2 17 0
6540 ORDER 2945 18 47 2 10 0
6540 BLOCK 54 30
6543 ORDER 2946 44 45 1 25 1
6546 UNBLOCK 52 11
6546 ORDER 2947 10 11 39 49 1
6547 ORDER 2948 11 42 3 11 0
6550 ORDER 2949 46 38 52 50 0
6552 BLOCK 19 14
6554 ORDER 2950 44 44 2 32 1
6559 ORDER 2951 46 44 57 50 0
6563 UNBLOCK 60 22
6563 ORDER 2952 22 21 44 50 1
6564 ORDER 2953 47 36 2 4 1
6565 UNBLOCK 63 21
6567 ORDER 2954 50 20 1 6 0
6568 ORDER 2955 27 3 64 49 0
6570 UNBLOCK 54 30
6571 ORDER 2956 59 3 17 50 0
6575 CANCEL 2910
6575 ORDER 2957 27 23 46 50 0
6578 ORDER 2958 10 21 57 49 1
6579 ORDER 2959 51 26 25 50 0
6580 ORDER 2960 32 24 30 50 1
6584 ORDER 2961 62 6 2 34 1
6586 ORDER 2962 59 32 2 49 0
6587 ORDER 2963 6 29 8 50 2
6588 ORDER 2964 8 15 47 49 0
6590 ORDER 2965 9 15 51 50 0
6591 ORDER 2966 22 47 1 34 1
6592 ORDER 2967 49 30 68 49 0
6595 ORDER 2968 48 29 17 50 3
6596 ORDER 2969 34 29 1 11 0
6597 ORDER 2970 59 8 1 44 0
6598 ORDER 2971 47 47 2 27 2
6600 ORDER 2972 23 33 52 50 0
6601 UNBLOCK 57 8
6606 UNBLOCK 5 3
6607 ORDER 2973 16 6 8 49 0
6610 ORDER 2974 10 27 1 18 0
6612 ORDER 2975 52 35 1 12 1
6615 ORDER 2976 62 32 2 30 0
6617 ORDER 2977 27 26 2 41 0
6618 ORDER 2978 40 14 2 4 0
6622 BLOCK 64 11
6623 ORDER 2979 20 21 3 27 2
6624 BLOCK 45 45
6626 CANCEL 2971
6626 ORDER 2980 15 32 3 33 1
6627 ORDER 2981 29 35 1 10 0
6632 ORDER 2982 9 39 3 16 2
6633 ORDER 2983 6 14 1 3 0
6637 CANCEL 2977
6637 ORDER 2984 37 21 2 47 1
6639 ORDER 2985 42 30 2 27 2
6641 ORDER 2986 18 44 30 49 1
6642 ORDER 2987 10 9 3 26 1
6643 ORDER 2988 65 24 37 49 1
6647 CANCEL 2926
6647 ORDER 2989 14 29 2 1 0
6648 ORDER 2990 16 14 1 14 0
6651 ORDER 2991 58 9 2 50 0
6655 ORDER 2992 23 27 10 49 0
6661 CANCEL 102992
6664 CANCEL 2980
6665 UNBLOCK 9 35
6666 ORDER 2993 58 21 3 5 1
6670 CANCEL 2913
6671 ORDER 2994 10 14 2 3 2
6672 ORDER 2995 44 8 14 49 0
6673 ORDER 2996 60 26 2 25 2
6675 ORDER 2997 59 41 24 49 2
6677 ORDER 2998 43 26 2 22 0
6682 ORDER 2999 26 27 56 49 2
6688 ORDER 3000 28 33 55 49 0
6690 ORDER 3001 56 41 3 10 0
6692 ORDER 3002 38 27 1 5 0
6693 ORDER 3003 24 12 39 49 0
6694 ORDER 3004 54 35 24 49 0
6695 ORDER 3005 27 41 3 34 2
6697 ORDER 3006 32 3 26 50 3
6697 BLOCK 60 23
6698 ORDER 3007 37 33 3 36 0
6699 UNBLOCK 19 14
6699 ORDER 3008 38 32 3 2 0
6700 ORDER 3009 34 12 16 49 0
6701 ORDER 3010 50 24 1 41 0
6702 ORDER 3011 10 21 1 39 3
6705 ORDER 3012 59 29 47 50 1
6708 ORDER 3013 7 12 1 8 0
6710 ORDER 3014 40 26 56 50 2
6712 ORDER 3015 10 36 3 18 0
6714 ORDER 3016 13 5 2 29 1
6716 BLOCK 43 20
6717 ORDER 3017 15 42 3 9 1
6719 ORDER 3018 19 45 58 50 0
6720 ORDER 3019 47 44 3 22 0
6721 ORDER 3020 19 39 2 39 0
6721 BLOCK 39 8
6722 UNBLOCK 64 11
6722 ORDER 3021 19 5 34 50 0
6723 ORDER 3022 50 9 39 49 1
6724 ORDER 3023 17 39 1 41 1
6727 ORDER 3024 37 17 44 50 1
6728 ORDER 3025 61 47 2 26 1
6730 ORDER 3026 53 32 2 3 2
6734 ORDER 3027 34 11 3 7 0
6735 ORDER 3028 36 33 2 29 0
6742 ORDER 3029 63 42 3 6 0
6743 CANCEL 3005
6745 UNBLOCK 45 45
6745 ORDER 3030 31 8 29 50 0
6748 CANCEL 103030
6749 ORDER 3031 55 42 10 49 1
6752 ORDER 3032 11 39 13 49 0
6753 ORDER 3033 25 21 2 16 0
6754 UNBLOCK 43 20
6754 ORDER 3034 11 23 3 37 0
6758 ORDER 3035 55 6 53 49 0
6759 ORDER 3036 7 47 2 41 0
6760 ORDER 3037 32 32 10 49 0
6764 ORDER 3038 17 39 2 41 1
6766 ORDER 3039 8 12 61 50 2
6767 ORDER 3040 7 42 6 50 3
6770 ORDER 3041 47 20 3 40 2
6772 ORDER 3042 30 35 1 2 0
6776 ORDER 3043 22 36 36 49 0
6778 ORDER 3044 41 17 6 50 0
6779 ORDER 3045 8 42 3 31 0
6781 ORDER 3046 41 3 3 29 0
6784 ORDER 3047 20 5 8 49 0
6785 ORDER 3048 34 18 1 27 0
6791 ORDER 3049 54 11 37 50 0
6792 ORDER 3050 16 17 6 50 1
6793 ORDER 3051 59 45 1 43 0
6802 UNBLOCK 60 23
6805 CANCEL 3041
6805 ORDER 3052 15 42 16 49 0
6806 ORDER 3053 27 6 45 49 2
6808 ORDER 3054 28 4 2 50 1
6809 CANCEL 3032
6811 ORDER 3055 49 38 2 47 2
6812 ORDER 3056 46 26 57 50 0
6816 ORDER 3057 20 3 1 30 0
6818 ORDER 3058 27 18 68 50 0
6819 ORDER 3059 24 33 28 50 0
6822 ORDER 3060 10 45 11 49 0
6823 ORDER 3061 31 38 11 49 1
6824 ORDER 3062 38 45 3 40 0
6828 ORDER 3063 46 11 2 35 1
6830 ORDER 3064 59 20 35 50 1
6831 ORDER 3065 37 14 50 49 0
6832 CANCEL 3049
6833 ORDER 3066 26 15 2 42 0
6834 ORDER 3067 20 3 9 49 2
6839 ORDER 3068 54 17 63 49 0
6844 ORDER 3069 48 17 45 49 0
6845 ORDER 3070 64 12 2 17 0
6846 ORDER 3071 41 42 11 50 0
6847 ORDER 3072 27 12 2 22 0
6848 ORDER 3073 55 3 66 50 1
6849 UNBLOCK 39 8
6849 ORDER 3074 34 26 3 20 1
6852 ORDER 3075 28 5 2 36 0
6857 ORDER 3076 44 23 3 42 0
6858 ORDER 3077 11 33 2 38 0
6859 ORDER 3078 56 12 49 49 0
6861 BLOCK 28 24
6862 ORDER 3079 64 9 1 43 0
6863 ORDER 3080 27 21 27 50 1
6866 ORDER 3081 57 29 47 50 0
6868 ORDER 3082 50 20 10 50 3
6869 ORDER 3083 21 21 4 49 1
6869 BLOCK 13 6
6873 ORDER 3084 19 35 35 49 0
6875 ORDER 3085 6 3 37 50 3
6875 BLOCK 22 24
6877 ORDER 3086 9 21 21 50 1
6878 CANCEL 103086
6881 ORDER 3087 62 44 1 42 0
6881 BLOCK 64 29
6882 ORDER 3088 37 27 2 43 1
6885 ORDER 3089 30 38 1 16 2
6887 ORDER 3090 49 18 2 32 1
6889 ORDER 3091 45 32 3 27 0
6894 ORDER 3092 64 44 61 50 2
6901 ORDER 3093 17 29 3 15 0
6905 ORDER 3094 47 11 49 49 1
6905 CANCEL 103094
6906 ORDER 3095 16 24 60 49 0
6909 ORDER 3096 47 38 1 47 0
6910 ORDER 3097 45 30 1 26 2
6912 ORDER 3098 65 45 3 35 0
6914 ORDER 3099 21 38 3 14 0
6915 ORDER 3100 54 29 3 35 2
6916 ORDER 3101 65 39 2 47 0
6917 ORDER 3102 29 35 1 31 0
6918 ORDER 3103 56 27 20 49 0
6920 CANCEL 103103
6922 BLOCK 16 6
6924 ORDER 3104 15 30 3 1 1
6924 BLOCK 50 33
6925 ORDER 3105 65 23 48 49 2
6935 ORDER 3106 16 26 2 24 1
6936 ORDER 3107 28 33 1 35 2
6938 ORDER 3108 43 6 3 49 0
6940 ORDER 3109 28 17 4 49 3
6944 ORDER 3110 59 8 3 47 1
6947 ORDER 3111 63 3 27 49 2
6947 CANCEL 103111
6948 ORDER 3112 32 26 1 41 1
6954 ORDER 3113 28 33 1 40 2
6956 ORDER 3114 55 45 1 33 0
6957 UNBLOCK 16 6
6958 ORDER 3115 19 12 2 34 1
6962 ORDER 3116 30 26 1 37 0
6963 ORDER 3117 48 47 2 17 0
6965 ORDER 3118 53 17 2 47 0
6969 ORDER 3119 33 12 20 50 0
6972 ORDER 3120 31 18 2 16 1
6974 UNBLOCK 13 6
6974 ORDER 3121 43 29 3 34 0
6978 ORDER 3122 15 42 7 49 0
6979 UNBLOCK 64 29
6979 ORDER 3123 25 24 34 50 1
6980 ORDER 3124 57 24 20 50 0
6983 ORDER 3125 22 5 3 23 0
6986 ORDER 3126 56 3 2 8 0
6987 UNBLOCK 22 24
6987 ORDER 3127 48 12 3 41 1
6989 ORDER 3128 49 15 40 50 1
6990 ORDER 3129 25 26 1 43 2
6992 ORDER 3130 25 11 41 49 0
6995 ORDER 3131 25 8 7 50 0
6996 ORDER 3132 7 14 46 49 2
6997 ORDER 3133 41 32 2 34 0
6998 ORDER 3134 33 18 18 49 3
6998 BLOCK 53 30
7002 ORDER 3135 24 26 3 42 1
7002 BLOCK 25 17
7003 ORDER 3136 25 26 1 50 2
7006 ORDER 3137 9 47 1 14 0
7007 ORDER 3138 15 42 56 50 0
7008 ORDER 3139 40 17 1 46 0
7010 UNBLOCK 28 24
7013 ORDER 3140 45 41 63 49 0
7015 ORDER 3141 16 35 1 33 0
7018 ORDER 3142 18 44 2 6 0
7021 BLOCK 7 1
7022 ORDER 3143 40 36 2 15 3
7022 BLOCK 61 47
7023 ORDER 3144 40 15 3 17 0
7025 ORDER 3145 63 17 56 49 0
7026 ORDER 3146 8 21 3 5 0
7028 ORDER 3147 18 41 2 13 0
7030 ORDER 3148 62 45 1 6 1
7033 ORDER 3149 8 11 3 20 0
7034 ORDER 3150 65 36 2 2 0
7035 ORDER 3151 48 12 3 5 0
7038 ORDER 3152 63 42 6 50 1
7039 UNBLOCK 50 33
7039 ORDER 3153 28 17 2 24 1
7042 ORDER 3154 40 15 3 40 0
7044 ORDER 3155 34 26 3 21 0
7045 ORDER 3156 48 32 39 49 0
7046 ORDER 3157 54 24 1 49 0
7047 ORDER 3158 33 42 39 49 0
7048 ORDER 3159 54 27 3 40 1
7049 ORDER 3160 44 12 47 50 0
7050 ORDER 3161 58 42 27 50 0
7051 ORDER 3162 37 6 67 49 0
7054 ORDER 3163 38 9 55 50 1
7055 ORDER 3164 49 36 46 50 0
7056 ORDER 3165 10 29 2 7 0
7057 ORDER 3166 32 20 15 50 0
7058 ORDER 3167 31 24 40 50 0
7060 ORDER 3168 30 3 2 35 0
7061 ORDER 3169 62 23 1 9 0
7062 ORDER 3170 46 24 2 46 0
7065 ORDER 3171 32 16 2 33 0
7066 UNBLOCK 53 30
7068 ORDER 3172 44 21 22 49 2
7069 ORDER 3173 36 42 60 50 1
7070 ORDER 3174 51 32 3 14 0
7072 ORDER 3175 50 23 1 12 0
7073 ORDER 3176 42 27 36 49 0
7074 ORDER 3177 60 27 52 49 0
7076 ORDER 3178 16 42 2 20 2
7077 ORDER 3179 31 23 1 39 2
7079 ORDER 3180 48 15 3 22 1
7080 ORDER 3181 49 29 2 38 1
7083 ORDER 3182 25 17 61 49 1
7086 ORDER 3183 15 26 17 49 0
7092 ORDER 3184 57 9 29 49 1
7094 ORDER 3185 15 39 7 50 0
7094 CANCEL 103185
7097 ORDER 3186 8 35 36 49 0
7099 ORDER 3187 32 14 18 50 0
7106 UNBLOCK 7 1
7108 ORDER 3188 31 36 58 49 1
7110 ORDER 3189 14 8 2 21 0
7111 CANCEL 3140
7111 ORDER 3190 30 14 2 18 0
7112 UNBLOCK 61 47
7112 ORDER 3191 48 9 3 6 1
7113 ORDER 3192 55 39 40 50 0
7114 UNBLOCK 25 17
7114 ORDER 3193 6 45 4 50 0
7115 ORDER 3194 45 35 31 50 0
7116 ORDER 3195 35 6 3 25 0
7120 ORDER 3196 38 35 54 49 0
7121 ORDER 3197 13 35 17 49 0
7125 ORDER 3198 37 8 2 36 3
7127 ORDER 3199 17 11 26 50 0
7129 CANCEL 3157
7131 ORDER 3200 29 18 2 16 0
7132 ORDER 3201 63 17 3 31 2
7134 CANCEL 3179
7135 ORDER 3202 55 24 1 13 0
7136 ORDER 3203 43 6 3 20 0
7137 ORDER 3204 38 27 3 27 0
7138 ORDER 3205 51 24 31 50 1
7139 ORDER 3206 63 35 58 49 0
7140 ORDER 3207 54 23 2 14 0
7142 ORDER 3208 63 20 2 30 0
7144 ORDER 3209 43 8 44 49 0
7146 ORDER 3210 34 39 2 8 0
7147 ORDER 3211 53 27 2 42 0
7149 ORDER 3212 28 47 1 41 0
7150 ORDER 3213 18 21 3 12 0
7151 ORDER 3214 38 35 10 49 0
7151 BLOCK 32 44
7152 ORDER 3215 28 36 2 36 0
7153 ORDER 3216 47 38 3 22 1
7155 ORDER 3217 29 41 53 49 0
7158 ORDER 3218 52 14 3 12 3
7159 ORDER 3219 63 27 21 49 1
7160 ORDER 3220 7 44 29 49 2
7161 ORDER 3221 35 3 37 49 0
7163 ORDER 3222 60 36 3 30 1
7164 ORDER 3223 61 36 61 49 0
7168 ORDER 3224 54 20 26 49 0
7169 ORDER 3225 19 18 1 4 0
7173 CANCEL 3126
7176 ORDER 3226 19 26 3 46 0
7178 ORDER 3227 41 32 46 50 2
7179 ORDER 3228 23 39 43 49 0
7181 ORDER 3229 62 6 6 50 0
7183 ORDER 3230 56 47 2 3 1
7184 ORDER 3231 35 5 18 50 0
7185 ORDER 3232 25 15 2 38 0
7186 ORDER 3233 27 35 12 49 3
7186 BLOCK 22 5
7187 ORDER 3234 15 26 66 50 0
7193 ORDER 3235 16 45 7 49 0
7195 ORDER 3236 15 18 1 14 0
7196 ORDER 3237 10 47 20 49 0
7198 ORDER 3238 64 27 3 32 0
7201 ORDER 3239 65 38 3 37 0
7202 ORDER 3240 24 6 20 50 2
7205 ORDER 3241 44 14 2 13 0
7206 ORDER 3242 63 42 3 16 0
7208 ORDER 3243 59 3 26 49 0
7210 ORDER 3244 54 6 1 35 0
7212 ORDER 3245 59 33 10 49 0
7213 CANCEL 3194
7214 ORDER 3246 54 33 8 49 0
7215 ORDER 3247 44 32 2 33 0
7219 ORDER 3248 20 21 2 41 1
7220 ORDER 3249 52 12 21 50 1
7222 ORDER 3250 50 15 2 41 2
7229 ORDER 3251 6 24 1 29 0
7232 ORDER 3252 11 36 3 28 1
7234 ORDER 3253 58 36 2 20 0
7235 ORDER 3254 62 15 58 50 0
7237 ORDER 3255 34 39 3 18 1
7238 ORDER 3256 56 41 33 50 1
7239 ORDER 3257 18 21 68 50 0
7240 ORDER 3258 60 18 2 32 0
7241 ORDER 3259 27 11 2 43 0
7242 ORDER 3260 16 20 1 18 0
7244 ORDER 3261 60 6 1 20 0
7245 ORDER 3262 28 45 61 49 0
7246 ORDER 3263 24 27 2 33 2
7247 ORDER 3264 55 12 1 42 0
7248 ORDER 3265 18 32 30 50 0
7249 ORDER 3266 65 26 1 21 0
7250 ORDER 3267 53 15 3 15 2
7252 CANCEL 3200
7252 ORDER 3268 37 23 2 43 0
7254 ORDER 3269 35 9 2 49 1
7256 ORDER 3270 9 29 2 23 2
7257 ORDER 3271 63 41 2 21 0
7259 ORDER 3272 62 39 1 49 2
7261 ORDER 3273 6 41 3 10 0
7262 ORDER 3274 10 16 2 44 0
7263 ORDER 3275 55 25 2 11 0
7264 UNBLOCK 22 5
7264 ORDER 3276 25 23 32 49 1
7266 ORDER 3277 47 38 2 19 0
7270 ORDER 3278 62 9 1 34 0
7271 ORDER 3279 28 21 3 43 1
7275 ORDER 3280 64 5 2 43 0
7276 ORDER 3281 18 45 2 36 1
7279 ORDER 3282 26 8 1 18 1
7281 UNBLOCK 32 44
7282 ORDER 3283 18 17 1 46 1
7285 ORDER 3284 16 6 1 33 1
7292 ORDER 3285 43 41 2 29 1
7294 ORDER 3286 11 18 11 50 0
7296 ORDER 3287 20 30 52 49 1
7298 ORDER 3288 28 36 1 38 1
7299 ORDER 3289 61 9 55 50 2
7300 ORDER 3290 52 5 23 49 1
7303 ORDER 3291 10 12 2 22 1
7308 ORDER 3292 62 11 1 23 0
7309 ORDER 3293 19 5 1 46 0
7310 ORDER 3294 56 27 1 42 0
7311 ORDER 3295 45 9 3 44 0
7312 ORDER 3296 15 9 18 50 0
7313 ORDER 3297 56 24 2 2 1
7314 ORDER 3298 61 36 65 49 1
7315 ORDER 3299 32 15 5 49 0
7317 ORDER 3300 52 26 3 34 0
7318 ORDER 3301 16 27 13 50 0
7319 ORDER 3302 40 20 49 50 3
7320 ORDER 3303 59 27 54 49 2
7322 ORDER 3304 17 12 8 49 1
7323 ORDER 3305 33 44 18 49 0
7324 ORDER 3306 16 8 26 49 0
7326 ORDER 3307 62 23 3 33 0
7328 ORDER 3308 30 21 28 50 1
7329 ORDER 3309 60 36 1 41 0
7330 ORDER 3310 12 30 1 20 0
7331 ORDER 3311 56 21 41 49 0
7334 ORDER 3312 32 42 2 39 1
7335 ORDER 3313 33 9 29 50 2
7336 CANCEL 3233
7338 ORDER 3314 50 18 2 19 0
7339 ORDER 3315 17 45 3 26 0
7341 ORDER 3316 43 21 67 49 0
7345 ORDER 3317 41 5 18 50 0
7346 ORDER 3318 8 38 27 49 2
7347 ORDER 3319 48 15 2 7 0
7349 ORDER 3320 55 41 3 32 0
7350 ORDER 3321 53 33 19 49 0
7351 ORDER 3322 38 36 61 49 2
7353 ORDER 3323 27 44 18 49 3
7354 ORDER 3324 41 3 19 50 0
7356 ORDER 3325 20 5 2 32 0
7357 ORDER 3326 58 30 1 5 2
7358 ORDER 3327 65 45 61 50 1
7359 ORDER 3328 37 26 1 10 2
7360 ORDER 3329 31 3 3 46 1
7361 ORDER 3330 29 36 53 50 3
7365 ORDER 3331 46 24 2 36 0
7368 ORDER 3332 58 47 51 49 1
7370 ORDER 3333 51 5 28 50 0
7371 ORDER 3334 51 24 1 27 0
7372 ORDER 3335 50 9 21 50 0
7373 ORDER 3336 33 20 24 50 1
7375 ORDER 3337 38 47 47 49 1
7377 ORDER 3338 64 41 26 50 0
7378 ORDER 3339 27 39 3 37 1
7380 ORDER 3340 14 9 1 10 2
7381 ORDER 3341 24 29 2 46 1
7384 ORDER 3342 6 30 3 36 2
7385 ORDER 3343 33 6 3 6 0
7387 ORDER 3344 55 18 2 8 0
7389 ORDER 3345 25 47 2 41 0
7392 CANCEL 3337
7394 ORDER 3346 17 26 40 50 0
7395 ORDER 3347 28 20 24 50 0
7397 ORDER 3348 33 26 28 49 0
7398 ORDER 3349 19 15 7 49 1
7399 ORDER 3350 30 17 3 13 1
7401 ORDER 3351 34 30 1 6 3
7404 ORDER 3352 56 36 2 6 0
7406 ORDER 3353 38 47 2 26 0
7409 ORDER 3354 10 29 16 49 0
7411 CANCEL 3292
7416 ORDER 3355 10 8 2 25 2
7417 ORDER 3356 17 39 9 50 0
7418 ORDER 3357 43 12 24 49 0
7420 ORDER 3358 38 32 32 50 1
7421 ORDER 3359 25 27 3 38 1
7424 ORDER 3360 9 20 3 16 0
7426 ORDER 3361 59 20 15 50 0
7428 ORDER 3362 19 33 43 50 0
7430 ORDER 3363 26 20 3 47 0
7433 ORDER 3364 9 18 1 34 1
7435 ORDER 3365 39 20 55 50 1
7436 ORDER 3366 29 36 1 13 2
7439 ORDER 3367 36 15 11 50 0
7441 ORDER 3368 51 42 1 21 0
7443 ORDER 3369 24 26 30 50 1
7444 ORDER 3370 43 27 1 13 0
7445 ORDER 3371 17 38 2 1 0
7447 CANCEL 3358
7447 ORDER 3372 50 27 3 36 1
7453 ORDER 3373 31 20 3 18 0
7454 ORDER 3374 52 3 1 8 0
7455 ORDER 3375 16 21 3 28 0
7456 ORDER 3376 10 47 56 50 1
7457 ORDER 3377 10 24 43 50 0
7458 ORDER 3378 64 38 37 50 1
7460 ORDER 3379 6 35 48 50 0
7469 ORDER 3380 56 11 53 49 1
7470 ORDER 3381 15 41 1 41 2
7470 BLOCK 62 41
7472 ORDER 3382 29 18 3 5 1
7474 ORDER 3383 43 11 55 50 1
7476 ORDER 3384 42 42 41 49 0
7477 ORDER 3385 27 36 2 8 1
7480 ORDER 3386 62 12 1 50 0
7481 ORDER 3387 12 35 50 50 0
7484 ORDER 3388 37 33 39 49 3
7487 ORDER 3389 31 17 66 49 1
7488 ORDER 3390 22 36 2 36 0
7489 ORDER 3391 26 36 1 23 2
7492 BLOCK 19 1
7494 ORDER 3392 32 26 39 50 0
7497 BLOCK 19 39
7499 ORDER 3393 27 26 61 50 1
7501 ORDER 3394 65 45 68 49 0
7503 ORDER 3395 31 3 62 50 0
7505 ORDER 3396 44 41 1 26 0
7509 ORDER 3397 52 12 10 50 1
7511 ORDER 3398 16 47 2 20 1
7513 ORDER 3399 56 42 9 50 0
7515 ORDER 3400 34 36 20 49 1
7516 ORDER 3401 53 21 2 30 1
7517 ORDER 3402 46 38 2 4 2
7519 ORDER 3403 50 26 1 44 0
7522 ORDER 3404 45 29 1 38 1
7523 ORDER 3405 27 45 4 50 1
7524 CANCEL 3324
7530 ORDER 3406 32 39 23 50 3
7531 ORDER 3407 43 20 1 24 0
7532 ORDER 3408 30 30 3 29 0
7537 ORDER 3409 56 5 59 49 0
7537 BLOCK 56 9
7539 UNBLOCK 19 39
7540 ORDER 3410 49 35 21 50 0
7542 ORDER 3411 52 6 1 42 0
7543 ORDER 3412 27 9 3 36 1
7545 BLOCK 14 33
7546 ORDER 3413 22 26 3 39 0
7549 ORDER 3414 38 17 55 49 0
7551 ORDER 3415 58 23 2 20 0
7553 ORDER 3416 21 35 1 13 0
7554 ORDER 3417 64 20 2 5 0
7557 ORDER 3418 8 44 61 50 0
7558 ORDER 3419 45 38 20 50 0
7560 ORDER 3420 64 14 3 36 0
7563 ORDER 3421 30 8 63 49 0
7566 ORDER 3422 6 14 1 29 1
7567 ORDER 3423 48 32 2 49 1
7569 ORDER 3424 27 3 1 44 0
7574 CANCEL 3341
7575 ORDER 3425 32 44 3 48 0
7576 ORDER 3426 57 29 2 42 1
7578 ORDER 3427 28 30 16 50 2
7581 ORDER 3428 17 15 2 35 2
7588 ORDER 3429 22 36 1 31 0
7595 ORDER 3430 54 29 13 49 1
7596 ORDER 3431 46 3 1 33 0
7597 ORDER 3432 31 3 53 50 0
7598 ORDER 3433 58 30 64 50 0
7599 ORDER 3434 33 9 2 27 0
7600 ORDER 3435 31 30 55 50 1
7602 ORDER 3436 26 17 1 12 0
7604 ORDER 3437 20 18 3 46 1
7605 ORDER 3438 46 3 29 50 2
7606 ORDER 3439 34 27 3 32 1
7607 ORDER 3440 42 44 2 10 2
7608 ORDER 3441 50 3 3 47 2
7609 ORDER 3442 55 39 2 46 1
7609 BLOCK 39 43
7610 UNBLOCK 19 1
7610 ORDER 3443 38 23 53 50 0
7611 ORDER 3444 55 3 35 50 1
7612 ORDER 3445 64 23 50 50 0
7613 ORDER 3446 23 33 32 50 0
7614 ORDER 3447 51 26 1 44 0
7615 UNBLOCK 14 33
7616 ORDER 3448 28 15 3 41 0
7617 UNBLOCK 62 41
7617 ORDER 3449 61 6 2 43 0
7619 ORDER 3450 6 18 3 48 0
7624 ORDER 3451 63 29 15 50 1
7625 ORDER 3452 43 20 47 50 0
7626 BLOCK 25 4
7628 ORDER 3453 38 45 2 4 2
7630 ORDER 3454 6 21 28 49 0
7633 ORDER 3455 30 21 4 50 0
7636 ORDER 3456 22 44 2 37 0
7637 ORDER 3457 33 12 68 49 0
7638 ORDER 3458 49 15 3 29 0
7640 ORDER 3459 50 42 2 4 0
7641 ORDER 3460 28 30 5 50 0
7642 ORDER 3461 44 8 2 2 1
7643 ORDER 3462 18 17 3 43 0
7644 ORDER 3463 23 32 11 50 0
7646 ORDER 3464 14 29 2 18 0
7648 ORDER 3465 24 29 2 12 0
7652 ORDER 3466 58 30 12 50 0
7653 ORDER 3467 41 45 45 49 2
7654 ORDER 3468 26 42 2 7 0
7657 ORDER 3469 6 27 1 12 1
7658 ORDER 3470 56 11 3 31 0
7659 ORDER 3471 33 27 1 39 0
7660 ORDER 3472 29 35 3 37 0
7661 ORDER 3473 25 41 3 3 1
7662 UNBLOCK 56 9
7662 ORDER 3474 11 15 49 50 0
7663 ORDER 3475 29 15 3 8 2
7664 ORDER 3476 41 20 54 49 0
7665 ORDER 3477 57 29 66 49 0
7666 ORDER 3478 32 36 38 50 1
7668 ORDER 3479 17 30 23 49 1
7669 ORDER 3480 41 33 59 49 0
7672 ORDER 3481 35 15 2 5 3
7674 ORDER 3482 52 42 54 50 1
7675 ORDER 3483 47 20 2 35 0
7676 UNBLOCK 39 43
7677 UNBLOCK 25 4
7677 ORDER 3484 44 29 16 49 0
7678 ORDER 3485 65 29 67 50 0
7681 ORDER 3486 65 38 1 3 0
7682 ORDER 3487 42 18 2 29 0
7683 ORDER 3488 53 25 9 49 0
7687 ORDER 3489 43 47 31 49 1
7691 ORDER 3490 64 21 1 48 0
7693 ORDER 3491 36 17 1 43 0
7694 ORDER 3492 21 47 1 2 0
7696 ORDER 3493 16 24 3 12 0
7699 ORDER 3494 51 15 31 50 0
7703 ORDER 3495 31 36 53 49 1
7705 ORDER 3496 57 11 11 49 0
7709 ORDER 3497 8 6 2 40 0
7710 ORDER 3498 30 14 28 49 2
7711 CANCEL 3443
7711 ORDER 3499 17 42 2 26 0
7715 ORDER 3500 37 18 2 27 3
7716 ORDER 3501 23 24 31 49 0
7717 ORDER 3502 39 35 66 49 1
7718 CANCEL 3409
7719 ORDER 3503 32 14 3 11 3
7720 ORDER 3504 57 17 1 5 2
7724 ORDER 3505 40 24 3 5 0
7725 ORDER 3506 51 18 2 15 0
7726 ORDER 3507 31 30 59 49 0
7727 ORDER 3508 41 42 22 49 2
7727 BLOCK 16 42
7728 ORDER 3509 41 38 3 40 0
7729 ORDER 3510 64 42 49 50 3
7732 ORDER 3511 22 35 27 49 1
7733 ORDER 3512 38 32 28 49 0
7737 CANCEL 3426
7738 ORDER 3513 39 21 3 18 0
7739 ORDER 3514 54 33 3 1 1
7740 ORDER 3515 48 41 2 10 1
7741 ORDER 3516 64 38 1 41 1
7742 ORDER 3517 57 39 2 34 0
7743 ORDER 3518 17 24 35 49 0
7745 ORDER 3519 32 44 1 33 0
7747 ORDER 3520 54 27 34 50 1
7751 ORDER 3521 43 30 3 25 2
7752 ORDER 3522 11 3 63 49 0
7753 ORDER 3523 32 20 18 49 0
7754 ORDER 3524 51 15 1 50 0
7756 ORDER 3525 34 11 24 49 0
7759 ORDER 3526 50 11 25 49 2
7760 ORDER 3527 60 17 1 44 2
7761 ORDER 3528 56 18 1 43 3
7762 ORDER 3529 16 23 3 31 0
7763 ORDER 3530 40 45 7 49 0
7767 UNBLOCK 16 42
7768 ORDER 3531 8 42 3 41 0
7769 ORDER 3532 21 17 3 1 0
7773 ORDER 3533 37 8 34 50 1
7775 ORDER 3534 6 23 58 50 0
7776 ORDER 3535 51 14 17 49 2
7779 ORDER 3536 47 27 3 15 0
7785 ORDER 3537 41 3 3 37 1
7786 BLOCK 45 23
7790 ORDER 3538 60 6 1 46 0
7791 ORDER 3539 42 12 54 49 0
7792 BLOCK 45 48
7793 ORDER 3540 27 20 53 49 0
7796 ORDER 3541 40 38 1 39 2
7805 ORDER 3542 24 26 49 49 3
7806 CANCEL 3475
7806 ORDER 3543 15 21 3 33 0
7807 ORDER 3544 51 36 3 16 0
7808 ORDER 3545 21 18 2 45 0
7809 ORDER 3546 47 21 3 10 0
7811 ORDER 3547 55 24 40 50 0
7816 ORDER 3548 64 26 3 42 1
7817 ORDER 3549 42 44 1 14 1
7820 ORDER 3550 53 29 2 32 2
7821 ORDER 3551 43 26 54 49 1
7822 ORDER 3552 46 26 63 50 0
7823 ORDER 3553 21 21 35 49 0
7826 ORDER 3554 55 47 10 50 1
7827 ORDER 3555 53 23 3 32 0
7830 ORDER 3556 62 26 67 50 3
7832 ORDER 3557 56 12 13 49 0
7833 ORDER 3558 59 40 24 50 1
7837 ORDER 3559 19 33 2 18 2
7841 ORDER 3560 29 32 1 43 2
7842 ORDER 3561 53 36 8 49 0
7843 ORDER 3562 43 14 5 49 0
7844 ORDER 3563 23 30 2 26 0
7846 BLOCK 25 34
7849 ORDER 3564 24 35 49 50 0
7850 ORDER 3565 19 33 52 50 3
7851 ORDER 3566 56 3 39 49 0
7858 ORDER 3567 38 35 1 40 1
7859 UNBLOCK 45 23
7861 ORDER 3568 58 15 3 9 0
7862 ORDER 3569 27 36 3 40 3
7864 ORDER 3570 16 44 2 34 2
7865 ORDER 3571 57 39 1 30 0
7866 ORDER 3572 16 21 53 50 0
7867 ORDER 3573 19 39 1 6 0
7871 ORDER 3574 25 15 29 49 3
7873 ORDER 3575 27 38 21 50 1
7874 CANCEL 3548
7875 ORDER 3576 54 44 11 50 1
7877 ORDER 3577 8 38 64 50 0
7878 ORDER 3578 65 14 42 50 3
7884 ORDER 3579 10 26 2 23 2
7885 ORDER 3580 39 27 60 50 0
7886 ORDER 3581 58 17 11 50 2
7888 BLOCK 34 3
7893 ORDER 3582 40 20 2 24 1
7899 ORDER 3583 45 29 3 15 0
7900 ORDER 3584 24 17 55 50 1
7902 ORDER 3585 62 41 57 49 0
7904 ORDER 3586 43 24 2 5 1
7904 BLOCK 20 49
7905 ORDER 3587 43 21 48 50 0
7908 ORDER 3588 53 36 3 13 2
7909 ORDER 3589 43 5 51 50 0
7910 ORDER 3590 14 45 3 37 3
7911 UNBLOCK 45 48
7911 ORDER 3591 31 15 3 37 1
7915 ORDER 3592 45 12 3 24 0
7918 ORDER 3593 10 38 3 10 0
7920 ORDER 3594 32 26 2 21 0
7921 ORDER 3595 43 5 2 19 0
7923 CANCEL 3507
7927 ORDER 3596 14 44 3 30 0
7930 UNBLOCK 25 34
7930 ORDER 3597 47 17 3 46 0
7940 ORDER 3598 38 20 1 8 0
7941 ORDER 3599 7 17 22 49 2
7943 ORDER 3600 23 14 20 49 0
7946 ORDER 3601 19 35 1 42 0
7948 ORDER 3602 15 39 3 10 0
7951 ORDER 3603 20 41 3 47 0
7959 ORDER 3604 62 39 2 1 0
7961 ORDER 3605 20 11 2 10 1
7963 ORDER 3606 23 12 2 12 0
7965 ORDER 3607 42 17 25 50 0
7966 ORDER 3608 15 39 3 15 1
7969 ORDER 3609 63 17 38 49 2
7972 ORDER 3610 8 44 2 6 0
7974 ORDER 3611 15 12 2 12 0
7976 ORDER 3612 58 42 15 50 1
7978 ORDER 3613 30 38 20 49 0
7980 ORDER 3614 63 26 2 12 1
7981 ORDER 3615 22 5 8 50 0
7984 BLOCK 28 27
7987 ORDER 3616 56 29 60 50 1
7990 ORDER 3617 27 17 59 49 0
7991 CANCEL 3573
7994 ORDER 3618 35 17 57 50 1
7995 ORDER 3619 31 26 38 50 0
7997 ORDER 3620 57 12 22 49 0
7998 ORDER 3621 16 12 60 49 0
8000 ORDER 3622 22 19 66 49 1
8001 ORDER 3623 7 15 3 21 1
8002 ORDER 3624 43 23 2 24 1
8007 ORDER 3625 8 8 10 49 0
8009 ORDER 3626 54 27 2 15 0
8010 BLOCK 62 23
8014 ORDER 3627 34 39 1 24 0
8016 ORDER 3628 53 11 4 50 0
8020 ORDER 3629 64 21 18 50 0
8021 ORDER 3630 28 15 1 47 1
8023 ORDER 3631 33 30 35 50 1
8024 CANCEL 3619
8024 ORDER 3632 25 15 12 49 0
8026 ORDER 3633 30 26 1 15 0
8028 ORDER 3634 18 47 3 32 0
8030 ORDER 3635 48 39 2 5 1
8034 UNBLOCK 34 3
8035 CANCEL 3590
8038 ORDER 3636 39 41 33 49 0
8041 ORDER 3637 12 36 36 49 0
8042 ORDER 3638 57 14 33 49 0
8043 ORDER 3639 63 18 3 27 3
8044 ORDER 3640 7 17 19 50 1
8046 ORDER 3641 50 23 1 27 0
8049 ORDER 3642 63 23 3 21 0
8051 ORDER 3643 21 5 2 31 2
8052 UNBLOCK 20 49
8053 ORDER 3644 57 35 61 50 0
8055 ORDER 3645 64 38 7 49 0
8056 UNBLOCK 62 23
8056 ORDER 3646 23 26 11 49 0
8059 ORDER 3647 40 24 21 49 0
8060 ORDER 3648 52 26 2 45 2
8061 ORDER 3649 49 45 3 50 0
8063 ORDER 3650 47 35 2 41 0
8065 ORDER 3651 23 33 1 45 0
8069 ORDER 3652 43 23 3 34 0
8072 ORDER 3653 39 11 2 32 0
8075 ORDER 3654 28 11 1 26 2
8076 ORDER 3655 32 8 54 49 0
8077 ORDER 3656 23 12 3 6 0
8077 BLOCK 65 24
8079 ORDER 3657 44 11 43 50 2
8080 CANCEL 3640
8083 ORDER 3658 62 45 39 50 0
8084 ORDER 3659 13 33 1 6 0
8085 ORDER 3660 27 39 3 48 2
8090 ORDER 3661 25 42 10 50 3
8093 ORDER 3662 44 6 63 49 0
8095 ORDER 3663 32 45 3 44 0
8097 BLOCK 57 9
8098 ORDER 3664 21 18 2 27 1
8101 ORDER 3665 41 42 6 50 0
8104 ORDER 3666 59 33 5 50 1
8106 ORDER 3667 57 15 4 50 1
8110 ORDER 3668 47 12 51 49 0
8111 ORDER 3669 52 36 44 49 3
8113 ORDER 3670 11 5 2 39 0
8116 ORDER 3671 6 27 3 47 0
8122 CANCEL 3650
8123 UNBLOCK 28 27
8123 ORDER 3672 6 42 2 12 0
8125 ORDER 3673 51 26 1 7 1
8129 ORDER 3674 9 45 15 50 0
8130 ORDER 3675 50 45 2 43 0
8131 ORDER 3676 7 39 65 50 2
8137 ORDER 3677 53 38 3 12 2
8138 BLOCK 7 1
8140 ORDER 3678 18 5 1 33 1
8145 ORDER 3679 61 32 1 18 0
8146 ORDER 3680 15 41 3 27 1
8148 ORDER 3681 19 9 48 50 0
8149 ORDER 3682 62 30 2 41 0
8151 ORDER 3683 36 44 3 12 0
8152 ORDER 3684 27 42 2 15 3
8158 CANCEL 3638
8159 ORDER 3685 9 24 9 50 3
8160 ORDER 3686 34 12 2 50 1
8165 ORDER 3687 46 8 44 50 0
8169 ORDER 3688 58 42 3 33 0
8171 ORDER 3689 53 6 2 1 0
8172 ORDER 3690 57 38 2 3 2
8173 ORDER 3691 65 30 1 47 1
8176 ORDER 3692 20 30 3 25 0
8177 ORDER 3693 13 5 9 50 0
8178 ORDER 3694 62 35 2 32 2
8179 ORDER 3695 19 26 6 50 2
8180 ORDER 3696 57 17 1 4 0
8181 UNBLOCK 7 1
8184 ORDER 3697 40 20 1 44 2
8185 ORDER 3698 58 14 21 50 0
8187 ORDER 3699 23 29 16 50 2
8188 ORDER 3700 18 38 3 45 1
8189 ORDER 3701 9 9 48 49 0
8192 ORDER 3702 33 39 2 49 2
8195 ORDER 3703 29 17 3 27 1
8196 ORDER 3704 62 14 1 27 0
8197 ORDER 3705 52 6 2 25 0
8198 ORDER 3706 38 27 2 22 1
8199 ORDER 3707 33 41 9 50 0
8202 ORDER 3708 16 35 12 49 1
8206 UNBLOCK 65 24
8207 ORDER 3709 17 41 61 49 1
8209 ORDER 3710 10 41 1 2 0
8210 ORDER 3711 56 24 36 50 1
8211 ORDER 3712 39 23 1 50 2
8213 ORDER 3713 54 35 56 50 0
8219 ORDER 3714 41 18 3 2 1
8224 ORDER 3715 65 18 1 13 0
8225 BLOCK 53 27
8226 ORDER 3716 58 9 1 11 0
8228 ORDER 3717 61 12 1 27 0
8233 ORDER 3718 20 20 3 17 0
8234 ORDER 3719 41 33 52 50 0
8235 CANCEL 3695
8235 ORDER 3720 40 15 2 42 1
8238 UNBLOCK 57 9
8239 ORDER 3721 28 11 2 9 0
8241 ORDER 3722 10 36 49 49 1
8242 ORDER 3723 9 9 3 3 0
8245 ORDER 3724 28 21 1 17 0
8249 ORDER 3725 55 26 12 49 0
8251 ORDER 3726 53 11 42 50 0
8253 ORDER 3727 26 12 1 28 2
8255 ORDER 3728 51 42 2 15 1
8256 ORDER 3729 43 18 1 20 1
8257 ORDER 3730 29 3 3 39 2
8258 ORDER 3731 41 45 2 32 0
8265 UNBLOCK 53 27
8266 ORDER 3732 10 15 60 50 0
8267 ORDER 3733 24 35 65 49 0
8270 ORDER 3734 29 47 3 31 1
8272 CANCEL 103734
8273 ORDER 3735 23 27 3 11 1
8275 ORDER 3736 34 8 3 26 0
8280 ORDER 3737 6 17 3 49 0
8283 ORDER 3738 19 8 1 4 0
8283 BLOCK 31 26
8289 ORDER 3739 46 15 56 50 0
8290 ORDER 3740 28 39 1 15 0
8292 ORDER 3741 41 5 2 46 0
8294 ORDER 3742 29 33 21 50 0
8296 ORDER 3743 21 33 65 49 2
8301 ORDER 3744 9 11 3 34 3
8303 ORDER 3745 58 6 18 50 1
8304 ORDER 3746 57 21 3 46 0
8307 ORDER 3747 19 26 59 49 0
8308 ORDER 3748 41 3 46 50 0
8309 ORDER 3749 16 15 64 50 2
8310 ORDER 3750 20 17 59 49 0
8310 BLOCK 25 1
8319 ORDER 3751 39 20 51 50 1
8320 ORDER 3752 19 27 3 22 0
8321 ORDER 3753 52 32 1 50 0
8322 ORDER 3754 40 8 65 50 1
8323 ORDER 3755 64 42 3 14 0
8327 ORDER 3756 22 6 24 50 1
8329 BLOCK 45 47
8331 UNBLOCK 31 26
8331 ORDER 3757 58 23 33 49 1
8334 ORDER 3758 7 39 66 50 0
8335 ORDER 3759 10 12 2 9 1
8338 ORDER 3760 7 23 3 31 1
8339 ORDER 3761 22 47 36 49 0
8342 ORDER 3762 46 11 3 44 0
8344 ORDER 3763 65 27 24 50 0
8345 CANCEL 3731
8346 ORDER 3764 19 35 3 40 0
8348 ORDER 3765 64 17 3 3 0
8349 ORDER 3766 27 21 3 2 0
8350 ORDER 3767 39 9 52 50 1
8351 ORDER 3768 33 8 1 47 0
8352 BLOCK 14 23
8355 CANCEL 3740
8357 ORDER 3769 16 11 54 50 0
8357 BLOCK 18 8
8359 ORDER 3770 36 35 3 12 0
8362 ORDER 3771 50 5 27 49 1
8363 ORDER 3772 19 35 50 49 0
8364 ORDER 3773 41 36 46 50 0
8365 ORDER 3774 39 20 3 22 0
8367 ORDER 3775 16 44 1 45 1
8368 ORDER 3776 16 29 55 50 2
8369 ORDER 3777 45 35 47 50 0
8370 ORDER 3778 62 33 32 49 0
8373 ORDER 3779 6 41 1 37 0
8379 ORDER 3780 33 33 3 37 1
8381 ORDER 3781 57 19 3 17 3
8382 ORDER 3782 9 20 3 44 1
8383 ORDER 3783 15 14 2 38 0
8384 ORDER 3784 11 12 2 2 1
8386 ORDER 3785 19 17 1 17 0
8388 ORDER 3786 23 24 2 2 0
8389 ORDER 3787 19 23 56 50 1
8390 BLOCK 64 2
8393 ORDER 3788 11 14 1 45 1
8394 ORDER 3789 31 45 3 35 0
8395 ORDER 3790 48 14 1 48 1
8396 ORDER 3791 23 18 3 34 1
8397 ORDER 3792 20 18 2 24 0
8399 ORDER 3793 61 24 2 29 1
8404 ORDER 3794 8 39 3 8 0
8405 ORDER 3795 40 45 34 50 0
8405 BLOCK 5 29
8407 ORDER 3796 7 3 3 4 0
8409 ORDER 3797 50 29 2 31 0
8414 ORDER 3798 11 33 6 50 0
8415 ORDER 3799 47 21 47 50 2
8417 ORDER 3800 63 14 29 49 0
8419 ORDER 3801 57 14 16 49 1
8420 ORDER 3802 11 41 20 50 0
8421 ORDER 3803 29 44 1 17 0
8422 ORDER 3804 35 12 5 49 2
8424 ORDER 3805 51 42 1 40 1
8425 ORDER 3806 40 32 2 46 0
8426 ORDER 3807 17 39 1 2 0
8427 ORDER 3808 19 30 13 50 2
8428 ORDER 3809 15 24 34 50 3
8429 ORDER 3810 28 42 10 50 1
8430 ORDER 3811 48 20 22 50 1
8431 ORDER 3812 7 27 21 50 1
8434 ORDER 3813 11 29 34 50 1
8435 ORDER 3814 26 11 21 50 3
8436 ORDER 3815 45 26 2 13 0
8437 ORDER 3816 7 41 11 50 0
8438 ORDER 3817 6 27 20 49 0
8438 BLOCK 23 5
8439 ORDER 3818 7 5 2 43 0
8440 ORDER 3819 10 8 3 32 1
8441 ORDER 3820 8 23 36 49 0
8442 BLOCK 5 4
8443 ORDER 3821 45 8 7 50 0
8445 ORDER 3822 54 26 25 50 0
8446 ORDER 3823 28 44 2 50 1
8447 ORDER 3824 29 41 2 19 3
8448 UNBLOCK 18 8
8449 UNBLOCK 45 47
8449 ORDER 3825 38 30 52 50 1
8453 UNBLOCK 25 1
8456 ORDER 3826 26 23 66 50 0
8460 ORDER 3827 49 45 17 50 3
8461 ORDER 3828 39 21 3 50 1
8462 ORDER 3829 15 42 39 50 1
8463 ORDER 3830 10 38 8 49 0
8464 ORDER 3831 34 42 2 9 0
8467 ORDER 3832 19 21 3 34 0
8468 ORDER 3833 63 24 33 49 0
8469 ORDER 3834 9 23 2 38 0
8470 ORDER 3835 35 21 52 49 0
8473 ORDER 3836 58 45 3 4 2
8476 ORDER 3837 62 42 6 49 0
8481 ORDER 3838 56 38 3 33 0
8482 ORDER 3839 7 33 1 1 1
8483 ORDER 3840 47 44 62 49 0
8484 ORDER 3841 43 15 57 49 0
8485 ORDER 3842 61 36 13 49 1
8488 CANCEL 3779
8488 ORDER 3843 22 21 1 45 0
8489 ORDER 3844 11 47 65 50 2
8490 ORDER 3845 6 33 66 50 0
8496 CANCEL 3746
8496 UNBLOCK 14 23
8496 ORDER 3846 47 29 3 35 0
8498 ORDER 3847 18 14 43 50 0
8499 ORDER 3848 27 12 2 35 0
8500 ORDER 3849 53 44 17 50 0
8503 UNBLOCK 23 5
8503 ORDER 3850 60 38 49 49 0
8504 ORDER 3851 23 27 17 49 3
8506 UNBLOCK 64 2
8506 ORDER 3852 52 14 2 41 0
8507 UNBLOCK 5 4
8507 ORDER 3853 51 38 41 50 2
8507 BLOCK 58 39
8509 ORDER 3854 6 47 3 24 2
8513 ORDER 3855 25 9 3 41 0
8517 ORDER 3856 21 23 3 3 0
8518 ORDER 3857 7 39 28 50 0
8520 ORDER 3858 65 30 30 50 1
8523 ORDER 3859 65 39 1 30 0
8524 ORDER 3860 6 29 2 49 0
8528 ORDER 3861 17 23 41 50 0
8531 ORDER 3862 61 30 3 38 0
8534 ORDER 3863 56 20 60 49 0
8535 ORDER 3864 18 29 3 19 0
8537 ORDER 3865 61 47 27 50 1
8538 ORDER 3866 45 35 3 6 0
8540 ORDER 3867 16 36 40 50 0
8542 ORDER 3868 36 4 45 49 3
8543 ORDER 3869 59 5 29 49 2
8544 ORDER 3870 11 20 2 50 0
8544 BLOCK 18 23
8545 ORDER 3871 15 11 1 29 0
8546 ORDER 3872 45 14 3 10 2
8547 CANCEL 3823
8548 ORDER 3873 25 44 1 44 1
8550 ORDER 3874 11 9 58 50 0
8551 ORDER 3875 16 45 60 50 1
8552 ORDER 3876 39 18 30 50 0
8553 UNBLOCK 5 29
8556 ORDER 3877 40 17 2 9 0
8558 ORDER 3878 32 24 3 17 1
8561 ORDER 3879 64 6 7 49 0
8562 ORDER 3880 22 26 1 33 0
8564 ORDER 3881 8 15 2 15 0
8564 CANCEL 103881
8565 ORDER 3882 28 36 1 48 0
8568 ORDER 3883 49 15 2 45 0
8569 ORDER 3884 16 23 1 37 2
8570 ORDER 3885 54 30 3 17 0
8571 ORDER 3886 47 5 3 48 0
8572 ORDER 3887 21 45 3 40 0
8576 BLOCK 29 36
8580 ORDER 3888 15 15 14 50 0
8581 ORDER 3889 62 21 3 39 0
8582 ORDER 3890 60 29 1 13 0
8584 ORDER 3891 33 39 59 49 1
8585 ORDER 3892 19 6 1 8 0
8586 ORDER 3893 42 38 2 38 0
8587 ORDER 3894 6 19 1 33 0
8589 ORDER 3895 58 21 43 50 2
8590 ORDER 3896 43 14 2 23 0
8596 ORDER 3897 29 42 2 15 0
8606 ORDER 3898 20 39 64 49 0
8608 UNBLOCK 29 36
8608 ORDER 3899 16 42 3 7 0
8612 ORDER 3900 35 14 27 50 0
8613 ORDER 3901 45 6 3 38 0
8614 CANCEL 3850
8614 ORDER 3902 65 44 1 44 2
8617 ORDER 3903 53 8 21 49 1
8618 ORDER 3904 19 36 41 50 3
8621 BLOCK 36 41
8622 ORDER 3905 22 14 2 13 0
8623 ORDER 3906 48 39 61 50 1
8624 ORDER 3907 38 41 1 50 0
8627 ORDER 3908 49 17 9 50 1
8629 ORDER 3909 7 41 1 20 2
8631 ORDER 3910 41 47 45 50 0
8635 ORDER 3911 46 33 3 46 0
8642 ORDER 3912 63 8 60 49 1
8645 UNBLOCK 58 39
8648 ORDER 3913 57 15 4 49 0
8649 CANCEL 3903
8651 BLOCK 57 35
8652 ORDER 3914 30 12 3 17 0
8658 ORDER 3915 19 27 3 28 0
8659 ORDER 3916 34 32 3 33 2
8661 ORDER 3917 12 32 1 38 0
8664 ORDER 3918 43 32 39 50 0
8667 ORDER 3919 39 45 20 49 0
8670 ORDER 3920 51 16 2 34 0
8674 ORDER 3921 36 39 2 47 1
8677 ORDER 3922 42 36 30 50 1
8680 UNBLOCK 18 23
8680 ORDER 3923 12 20 6 49 0
8681 CANCEL 3907
8682 ORDER 3924 9 3 37 50 1
8684 ORDER 3925 9 3 1 27 0
8689 ORDER 3926 6 20 2 10 2
8691 ORDER 3927 35 24 19 50 0
8692 ORDER 3928 39 15 64 49 0
8696 ORDER 3929 48 32 2 19 0
8699 ORDER 3930 46 9 51 49 0
8704 ORDER 3931 28 9 66 50 0
8706 ORDER 3932 65 42 45 49 2
8707 ORDER 3933 35 8 60 50 0
8708 ORDER 3934 34 26 22 50 0
8709 ORDER 3935 20 32 2 25 0
8710 ORDER 3936 28 38 3 5 0
8712 ORDER 3937 34 41 1 7 0
8714 ORDER 3938 46 5 2 48 3
8719 ORDER 3939 23 26 60 49 1
8720 ORDER 3940 63 9 65 49 2
8721 ORDER 3941 29 5 2 2 1
8722 ORDER 3942 57 32 43 50 0
8727 ORDER 3943 27 14 2 42 1
8729 BLOCK 53 24
8731 ORDER 3944 62 44 10 50 3
8734 ORDER 3945 32 5 3 25 2
8737 ORDER 3946 24 12 48 50 0
8738 CANCEL 3932
8739 ORDER 3947 46 38 55 49 1
8741 ORDER 3948 47 29 3 4 1
8743 ORDER 3949 55 11 22 49 0
8744 ORDER 3950 24 26 9 50 0
8745 ORDER 3951 47 36 2 31 0
8747 UNBLOCK 57 35
8747 ORDER 3952 11 21 1 32 0
8748 ORDER 3953 16 35 2 11 0
8751 ORDER 3954 23 29 26 49 0
8753 ORDER 3955 48 36 2 41 0
8755 ORDER 3956 8 30 1 37 1
8756 ORDER 3957 34 8 35 50 1
8758 ORDER 3958 60 8 23 50 2
8760 ORDER 3959 60 38 1 9 0
8761 ORDER 3960 19 8 3 3 0
8762 ORDER 3961 6 44 1 15 0
8764 ORDER 3962 48 17 3 28 0
8765 ORDER 3963 14 24 3 7 0
8766 UNBLOCK 36 41
8766 ORDER 3964 38 30 50 50 0
8771 ORDER 3965 46 6 28 49 0
8772 ORDER 3966 44 45 53 49 1
8776 ORDER 3967 19 17 2 49 2
8781 ORDER 3968 40 47 36 49 0
8784 ORDER 3969 8 33 3 16 0
8787 ORDER 3970 46 8 1 40 2
8787 BLOCK 60 11
8788 ORDER 3971 14 8 46 49 2
8790 ORDER 3972 19 18 3 14 0
8791 ORDER 3973 46 39 29 49 0
8793 ORDER 3974 58 15 24 50 0
8796 ORDER 3975 62 21 3 25 0
8799 ORDER 3976 36 17 49 50 0
8801 ORDER 3977 65 32 1 9 1
8805 ORDER 3978 31 7 3 21 0
8806 ORDER 3979 54 12 1 7 0
8807 ORDER 3980 47 28 3 43 0
8811 ORDER 3981 40 12 26 49 0
8813 ORDER 3982 40 18 3 49 3
8815 ORDER 3983 11 47 4 50 0
8818 ORDER 3984 32 33 3 40 1
8820 ORDER 3985 26 39 3 5 1
8821 ORDER 3986 29 32 1 50 0
8822 ORDER 3987 54 14 59 50 0
8823 ORDER 3988 44 33 63 49 0
8824 ORDER 3989 25 42 1 8 1
8827 ORDER 3990 59 47 10 49 0
8829 ORDER 3991 43 45 2 48 0
8831 ORDER 3992 9 36 3 35 0
8833 ORDER 3993 59 38 3 14 0
8835 ORDER 3994 62 26 62 50 0
8836 ORDER 3995 56 41 2 38 0
8837 ORDER 3996 51 17 2 12 1
8839 ORDER 3997 41 20 36 50 0
8842 UNBLOCK 60 11
8842 ORDER 3998 15 42 53 49 0
8843 UNBLOCK 53 24
8844 ORDER 3999 40 17 25 50 1
8845 ORDER 4000 21 15 49 50 3
8845 BLOCK 39 49
8846 ORDER 4001 23 44 41 50 3
8851 ORDER 4002 7 11 16 49 1
8854 ORDER 4003 9 9 31 50 1
8856 ORDER 4004 45 11 47 50 2
8857 ORDER 4005 16 33 3 30 0
8858 BLOCK 39 11
8860 ORDER 4006 47 9 1 30 0
8861 ORDER 4007 24 44 40 50 0
8865 ORDER 4008 40 33 28 49 0
8868 ORDER 4009 11 33 7 49 0
8869 CANCEL 4003
8870 CANCEL 3976
8873 BLOCK 15 1
8874 ORDER 4010 60 38 1 14 0
8876 ORDER 4011 18 14 31 50 0
8878 ORDER 4012 59 47 41 50 0
8879 ORDER 4013 8 27 6 49 0
8880 ORDER 4014 24 39 2 26 2
8882 ORDER 4015 11 18 13 50 0
8886 ORDER 4016 47 17 2 24 0
8887 ORDER 4017 9 11 2 50 1
8889 ORDER 4018 18 39 1 21 1
8893 ORDER 4019 37 38 2 41 0
8895 ORDER 4020 8 47 1 26 2
8898 ORDER 4021 49 45 29 49 1
8899 ORDER 4022 12 23 25 50 0
8900 ORDER 4023 57 29 51 49 0
8902 ORDER 4024 57 26 34 50 0
8905 ORDER 4025 7 30 1 43 1
8906 ORDER 4026 30 5 24 49 0
8909 ORDER 4027 57 27 50 50 0
8912 ORDER 4028 48 20 1 50 0
8913 ORDER 4029 29 45 1 24 0
8913 BLOCK 42 44
8915 ORDER 4030 64 21 3 39 1
8917 ORDER 4031 6 33 1 50 0
8919 ORDER 4032 35 3 60 49 2
8920 ORDER 4033 49 32 44 49 0
8921 ORDER 4034 52 15 2 41 0
8922 ORDER 4035 41 44 65 50 0
8923 BLOCK 13 2
8924 ORDER 4036 65 12 67 49 0
8928 UNBLOCK 15 1
8928 ORDER 4037 19 41 1 26 0
8929 ORDER 4038 42 18 13 49 0
8930 UNBLOCK 39 49
8933 ORDER 4039 26 30 2 17 1
8933 BLOCK 33 36
8936 ORDER 4040 34 18 24 49 0
8937 ORDER 4041 38 27 1 17 0
8939 ORDER 4042 8 27 2 13 0
8940 ORDER 4043 37 20 2 50 1
8942 BLOCK 9 8
8943 ORDER 4044 40 36 36 49 0
8944 ORDER 4045 18 39 3 49 3
8949 ORDER 4046 52 41 3 38 0
8952 ORDER 4047 8 45 51 50 1
8954 ORDER 4048 16 29 60 49 0
8955 ORDER 4049 14 12 1 16 0
8956 ORDER 4050 48 38 1 47 1
8958 ORDER 4051 11 39 2 5 0
8960 UNBLOCK 42 44
8960 ORDER 4052 28 11 67 49 0
8962 ORDER 4053 11 38 52 49 0
8963 ORDER 4054 38 19 63 50 0
8964 ORDER 4055 6 38 1 5 0
8965 CANCEL 4020
8965 ORDER 4056 11 17 1 42 1
8966 ORDER 4057 35 12 2 39 1
8969 ORDER 4058 43 23 2 26 0
8970 ORDER 4059 8 45 57 50 1
8973 ORDER 4060 29 9 2 22 1
8974 CANCEL 4032
8974 ORDER 4061 43 5 7 49 0
8977 ORDER 4062 43 32 54 50 3
8978 ORDER 4063 20 32 1 16 0
8979 ORDER 4064 15 18 51 49 0
8979 BLOCK 8 14
8980 ORDER 4065 64 14 2 46 1
8983 ORDER 4066 12 30 32 50 0
8983 BLOCK 45 20
8984 ORDER 4067 47 42 2 35 0
8985 BLOCK 42 15
8987 UNBLOCK 39 11
8990 ORDER 4068 46 12 37 49 1
8991 UNBLOCK 9 8
8991 ORDER 4069 8 42 2 29 0
8992 ORDER 4070 9 9 2 34 2
8993 ORDER 4071 55 35 54 49 0
8997 ORDER 4072 61 14 2 10 0
8999 ORDER 4073 19 3 3 8 1
9001 ORDER 4074 53 26 33 50 1
9004 ORDER 4075 62 45 46 50 0
9006 ORDER 4076 59 45 2 40 0
9007 ORDER 4077 36 3 66 50 2
9010 ORDER 4078 15 23 46 50 0
9011 ORDER 4079 31 3 1 46 0
9012 ORDER 4080 16 36 1 19 0
9018 ORDER 4081 59 38 2 45 0
9019 ORDER 4082 9 45 3 32 0
9020 ORDER 4083 57 42 30 49 0
9022 ORDER 4084 52 14 3 35 0
9023 UNBLOCK 45 20
9028 ORDER 4085 40 24 3 24 1
9030 ORDER 4086 54 11 3 34 1
9031 ORDER 4087 31 21 2 35 0
9032 ORDER 4088 36 17 4 49 0
9033 ORDER 4089 13 38 60 50 0
9035 UNBLOCK 33 36
9039 ORDER 4090 57 41 10 50 1
9040 ORDER 4091 28 41 64 49 0
9041 ORDER 4092 55 9 20 50 0
9042 ORDER 4093 8 29 56 49 1
9046 ORDER 4094 27 26 3 32 1
9047 UNBLOCK 13 2
9050 ORDER 4095 62 39 1 1 0
9051 ORDER 4096 9 32 40 49 0
9052 ORDER 4097 42 15 1 50 0
9056 UNBLOCK 8 14
9057 ORDER 4098 18 14 2 50 1
9058 ORDER 4099 42 23 64 49 0
9060 ORDER 4100 9 36 1 37 1
9062 ORDER 4101 34 41 9 49 1
9065 ORDER 4102 17 29 23 50 0
9066 ORDER 4103 29 36 42 49 0
9067 ORDER 4104 11 41 3 19 0
9070 ORDER 4105 39 5 22 50 0
9072 ORDER 4106 65 32 1 44 0
9073 ORDER 4107 53 27 1 12 0
9074 ORDER 4108 35 8 24 49 0
9075 ORDER 4109 28 32 3 23 0
9079 ORDER 4110 12 32 2 42 0
9080 BLOCK 25 36
9082 ORDER 4111 53 14 56 50 2
9084 ORDER 4112 30 26 33 50 1
9085 ORDER 4113 37 33 62 50 0
9088 ORDER 4114 29 39 3 50 0
9090 ORDER 4115 32 14 1 19 0
9093 BLOCK 8 48
9096 ORDER 4116 15 23 1 30 0
9097 ORDER 4117 55 35 67 50 2
9098 UNBLOCK 42 15
9100 BLOCK 21 20
9105 ORDER 4118 23 20 56 49 2
9108 ORDER 4119 65 44 28 50 0
9114 CANCEL 4092
9116 ORDER 4120 28 23 34 49 0
9119 ORDER 4121 53 36 10 50 0
9120 ORDER 4122 23 39 3 32 3
9121 ORDER 4123 62 23 2 10 0
9122 BLOCK 56 14
9123 ORDER 4124 39 36 3 4 1
9124 ORDER 4125 8 20 3 39 0
9127 ORDER 4126 16 27 3 23 0
9128 CANCEL 4067
9128 ORDER 4127 10 14 4 49 0
9130 BLOCK 14 48
9136 ORDER 4128 23 39 2 45 2
9139 ORDER 4129 35 6 54 49 0
9141 ORDER 4130 33 18 51 50 2
9143 ORDER 4131 25 9 19 50 1
9144 ORDER 4132 53 36 2 20 3
9146 ORDER 4133 23 14 31 49 1
9147 ORDER 4134 8 26 31 49 0
9148 ORDER 4135 7 36 7 49 2
9151 ORDER 4136 42 30 62 50 0
9153 ORDER 4137 39 41 26 49 2
9155 ORDER 4138 63 11 68 50 0
9156 ORDER 4139 20 15 4 50 3
9157 ORDER 4140 29 21 2 5 2
9158 ORDER 4141 51 45 44 50 0
9159 ORDER 4142 41 33 1 47 0
9161 ORDER 4143 35 27 2 24 0
9166 UNBLOCK 21 20
9166 ORDER 4144 6 45 28 49 1
9167 ORDER 4145 9 44 3 11 1
9169 ORDER 4146 65 42 2 10 0
9170 UNBLOCK 25 36
9170 ORDER 4147 45 32 9 49 2
9171 CANCEL 104147
9172 UNBLOCK 8 48
9174 ORDER 4148 44 35 3 13 0
9175 ORDER 4149 65 24 20 50 0
9183 CANCEL 4072
9183 ORDER 4150 43 3 1 12 2
9188 ORDER 4151 9 33 22 50 0
9189 UNBLOCK 56 14
9189 ORDER 4152 63 17 2 47 0
9190 ORDER 4153 33 29 34 50 0
9192 ORDER 4154 9 17 1 18 0
9195 ORDER 4155 61 23 54 49 0
9198 BLOCK 46 8
9199 ORDER 4156 62 44 3 38 0
9199 BLOCK 26 17
9202 ORDER 4157 7 14 2 36 0
9203 ORDER 4158 37 17 23 50 0
9204 ORDER 4159 16 24 2 4 1
9207 ORDER 4160 17 3 1 4 0
9208 CANCEL 4097
9208 ORDER 4161 58 30 41 50 0
9209 BLOCK 21 2
9211 ORDER 4162 20 35 3 10 1
9212 ORDER 4163 30 3 3 4 0
9216 ORDER 4164 50 15 28 49 0
9219 ORDER 4165 49 35 10 49 0
9220 ORDER 4166 59 45 3 40 0
9222 ORDER 4167 19 3 40 49 1
9223 ORDER 4168 43 5 2 11 3
9224 ORDER 4169 42 29 50 49 0
9235 ORDER 4170 49 11 40 49 0
9238 ORDER 4171 65 41 9 49 1
9240 ORDER 4172 46 8 2 14 2
9242 UNBLOCK 14 48
9244 ORDER 4173 54 27 5 50 0
9246 BLOCK 15 11
9247 ORDER 4174 26 41 21 50 1
9253 ORDER 4175 44 47 19 50 1
9256 ORDER 4176 19 12 1 5 0
9257 ORDER 4177 37 5 43 50 0
9265 ORDER 4178 17 47 17 49 0
9266 ORDER 4179 19 24 1 20 1
9267 ORDER 4180 65 17 62 50 0
9272 ORDER 4181 37 15 2 36 1
9275 ORDER 4182 36 39 1 28 0
9276 ORDER 4183 46 20 1 22 0
9279 ORDER 4184 28 21 3 21 2
9285 ORDER 4185 16 38 3 36 0
9288 ORDER 4186 40 14 5 50 0
9295 ORDER 4187 64 6 3 21 1
9296 UNBLOCK 21 2
9296 ORDER 4188 10 29 55 49 0
9301 ORDER 4189 61 15 3 34 0
9302 ORDER 4190 21 17 58 49 2
9305 ORDER 4191 65 23 3 49 0
9307 UNBLOCK 26 17
9310 BLOCK 36 41
9312 ORDER 4192 45 6 2 34 0
9314 ORDER 4193 20 15 3 2 1
9316 ORDER 4194 48 27 46 49 0
9318 ORDER 4195 52 3 25 50 0
9319 ORDER 4196 41 26 9 49 0
9321 ORDER 4197 20 3 1 33 0
9322 ORDER 4198 56 5 64 49 1
9323 ORDER 4199 61 14 22 49 1
9324 ORDER 4200 33 11 44 49 0
9325 ORDER 4201 52 47 41 50 0
9325 BLOCK 53 48
9326 ORDER 4202 63 17 2 41 0
9329 ORDER 4203 11 3 1 20 0
9330 ORDER 4204 47 47 3 42 0
9331 ORDER 4205 57 47 3 30 0
9333 UNBLOCK 46 8
9333 ORDER 4206 34 21 31 50 2
9337 CANCEL 4129
9338 ORDER 4207 17 30 28 50 0
9339 ORDER 4208 18 47 2 24 3
9341 ORDER 4209 62 44 3 17 0
9342 ORDER 4210 8 9 49 49 2
9346 ORDER 4211 53 36 25 49 3
9347 ORDER 4212 11 35 3 41 0
9348 ORDER 4213 9 21 3 26 1
9351 ORDER 4214 48 28 2 38 1
9352 ORDER 4215 11 24 3 15 0
9353 ORDER 4216 41 47 59 50 0
9354 ORDER 4217 36 27 3 25 0
9356 ORDER 4218 37 38 37 49 1
9360 ORDER 4219 47 26 3 48 1
9361 ORDER 4220 64 21 25 50 0
9363 ORDER 4221 63 23 1 42 0
9364 BLOCK 60 15
9365 ORDER 4222 34 18 26 50 2
9367 ORDER 4223 54 32 2 49 0
9369 ORDER 4224 8 6 3 21 0
9371 ORDER 4225 19 42 2 24 0
9374 ORDER 4226 18 14 1 14 0
9376 ORDER 4227 14 45 3 45 1
9377 ORDER 4228 37 17 2 47 1
9381 ORDER 4229 41 6 3 3 0
9383 ORDER 4230 36 23 47 49 0
9385 ORDER 4231 9 30 51 49 1
9386 ORDER 4232 43 30 42 50 1
9387 UNBLOCK 15 11
9387 ORDER 4233 30 26 3 2 1
9389 ORDER 4234 28 17 1 42 0
9392 ORDER 4235 41 17 27 49 0
9393 UNBLOCK 36 41
9395 ORDER 4236 20 3 2 12 1
9396 ORDER 4237 49 27 3 12 0
9400 ORDER 4238 26 38 1 6 0
9401 UNBLOCK 53 48
9401 ORDER 4239 35 9 48 50 0
9403 ORDER 4240 23 29 3 8 0
9404 ORDER 4241 21 45 3 5 0
9407 ORDER 4242 39 29 2 9 2
9409 BLOCK 11 1
9413 ORDER 4243 63 3 33 49 0
9414 ORDER 4244 21 38 26 49 1
9414 BLOCK 45 21
9415 ORDER 4245 47 36 2 3 3
9416 ORDER 4246 51 5 2 9 1
9417 ORDER 4247 9 30 65 49 0
9420 CANCEL 4224
9420 ORDER 4248 61 8 24 49 1
9421 ORDER 4249 52 5 3 47 0
9424 ORDER 4250 30 45 2 48 1
9426 ORDER 4251 30 3 21 50 1
9427 UNBLOCK 60 15
9427 ORDER 4252 37 9 47 49 0
9428 ORDER 4253 34 12 1 35 0
9429 ORDER 4254 41 20 3 22 0
9432 ORDER 4255 58 39 18 49 1
9433 ORDER 4256 50 20 2 49 1
9434 ORDER 4257 41 8 1 17 0
9435 ORDER 4258 51 47 13 50 0
9436 CANCEL 4237
9436 ORDER 4259 64 15 1 12 0
9437 ORDER 4260 28 45 3 23 0
9439 CANCEL 4180
9439 ORDER 4261 49 45 37 50 0
9440 ORDER 4262 11 26 15 49 0
9442 ORDER 4263 8 15 3 35 1
9445 CANCEL 4213
9445 ORDER 4264 6 44 2 27 0
9447 UNBLOCK 45 21
9449 ORDER 4265 34 32 56 50 0
9451 ORDER 4266 49 29 2 45 0
9454 ORDER 4267 56 33 1 23 2
9455 ORDER 4268 64 17 1 9 0
9457 ORDER 4269 6 8 2 46 1
9457 BLOCK 30 8
9459 ORDER 4270 47 29 2 13 0
9463 ORDER 4271 13 35 13 49 0
9466 ORDER 4272 49 15 2 45 1
9470 ORDER 4273 47 21 1 2 0
9471 ORDER 4274 45 29 3 16 0
9472 ORDER 4275 45 30 16 49 3
9474 ORDER 4276 25 21 1 17 1
9477 ORDER 4277 18 23 43 50 1
9479 ORDER 4278 16 41 21 49 1
9480 ORDER 4279 24 9 1 24 0
9481 ORDER 4280 56 29 47 50 0
9482 ORDER 4281 65 47 56 50 0
9483 BLOCK 53 23
9485 ORDER 4282 44 27 1 38 0
9485 BLOCK 47 44
9486 ORDER 4283 29 38 2 49 1
9488 ORDER 4284 9 39 3 38 0
9491 ORDER 4285 14 14 1 28 2
9495 ORDER 4286 6 24 10 50 2
9496 ORDER 4287 64 3 3 15 0
9496 CANCEL 104287
9500 ORDER 4288 53 32 2 13 0
9503 UNBLOCK 11 1
9503 ORDER 4289 44 45 25 50 0
9504 ORDER 4290 60 6 1 6 3
9507 UNBLOCK 30 8
9509 ORDER 4291 13 35 2 44 1
9510 CANCEL 4227
9512 ORDER 4292 47 41 2 7 0
9516 ORDER 4293 47 33 21 49 0
9517 ORDER 4294 38 17 57 49 1
9518 ORDER 4295 20 30 18 49 0
9523 ORDER 4296 6 11 43 50 3
9526 ORDER 4297 34 32 1 44 0
9526 BLOCK 54 42
9527 ORDER 4298 23 41 1 19 0
9528 ORDER 4299 23 35 2 46 1
9530 ORDER 4300 17 17 37 49 0
9531 ORDER 4301 8 12 1 43 0
9532 ORDER 4302 40 30 1 24 0
9533 UNBLOCK 53 23
9533 ORDER 4303 45 21 23 50 1
9534 ORDER 4304 42 36 2 17 0
9535 ORDER 4305 53 15 3 30 0
9536 ORDER 4306 12 33 2 27 1
9538 ORDER 4307 34 38 51 49 2
9539 ORDER 4308 39 27 1 3 0
9544 ORDER 4309 18 44 3 15 1
9545 ORDER 4310 44 21 2 7 0
9548 ORDER 4311 20 5 29 50 1
9550 ORDER 4312 55 5 2 4 1
9553 ORDER 4313 28 36 2 31 0
9557 ORDER 4314 47 20 7 49 1
9558 BLOCK 52 48
9559 UNBLOCK 54 42
9559 ORDER 4315 64 6 3 34 2
9561 ORDER 4316 11 29 53 49 0
9563 ORDER 4317 56 35 3 12 0
9565 ORDER 4318 35 14 14 50 2
9565 BLOCK 35 20
9568 UNBLOCK 47 44
9569 ORDER 4319 40 35 14 49 1
9570 ORDER 4320 57 12 13 49 0
9573 ORDER 4321 59 27 1 14 0
9574 ORDER 4322 34 44 36 49 0
9577 ORDER 4323 8 47 3 24 1
9578 ORDER 4324 16 8 1 40 1
9581 ORDER 4325 16 12 3 15 0
9585 ORDER 4326 47 21 64 49 0
9586 CANCEL 4275
9587 ORDER 4327 14 26 3 16 0
9588 ORDER 4328 46 21 2 2 2
9591 ORDER 4329 40 35 3 48 1
9592 ORDER 4330 52 21 29 49 2
9593 ORDER 4331 35 42 3 27 2
9594 ORDER 4332 22 14 2 30 0
9596 ORDER 4333 32 42 3 5 0
9598 ORDER 4334 17 8 3 9 0
9601 ORDER 4335 15 21 3 24 0
9602 ORDER 4336 10 32 57 50 0
9602 BLOCK 43 49
9605 ORDER 4337 14 3 19 50 1
9606 ORDER 4338 30 45 1 10 0
9607 ORDER 4339 25 9 1 45 0
9611 ORDER 4340 42 8 1 5 0
9613 ORDER 4341 46 35 3 32 0
9616 ORDER 4342 33 32 2 46 1
9620 ORDER 4343 56 11 67 49 0
9622 ORDER 4344 52 8 19 49 2
9624 ORDER 4345 40 36 2 50 0
9625 ORDER 4346 8 14 19 49 0
9625 BLOCK 35 45
9628 ORDER 4347 32 6 48 49 0
9628 BLOCK 60 17
9630 ORDER 4348 64 42 1 23 2
9631 ORDER 4349 25 17 16 49 0
9633 ORDER 4350 16 32 54 50 0
9633 BLOCK 47 6
9635 ORDER 4351 10 21 2 49 0
9636 ORDER 4352 37 42 13 50 0
9638 ORDER 4353 11 11 47 49 3
9641 ORDER 4354 65 18 3 43 1
9642 ORDER 4355 46 42 1 20 0
9643 ORDER 4356 56 36 3 50 0
9645 ORDER 4357 10 33 2 18 1
9646 ORDER 4358 43 24 3 18 0
9651 ORDER 4359 18 45 23 50 0
9652 ORDER 4360 6 36 45 50 0
9653 ORDER 4361 25 27 13 49 2
9656 ORDER 4362 42 15 29 50 0
9657 ORDER 4363 11 11 2 21 1
9658 ORDER 4364 29 20 4 49 0
9659 ORDER 4365 46 38 2 18 0
9663 ORDER 4366 12 5 1 2 1
9668 ORDER 4367 47 39 3 5 0
9674 ORDER 4368 18 30 2 14 1
9677 UNBLOCK 43 49
9677 ORDER 4369 58 30 3 9 0
9678 ORDER 4370 54 20 45 50 0
9679 ORDER 4371 50 26 3 8 0
9680 ORDER 4372 17 21 22 49 0
9681 ORDER 4373 60 38 2 31 2
9682 ORDER 4374 34 21 2 36 0
9683 ORDER 4375 53 35 2 3 2
9684 CANCEL 4312
9684 UNBLOCK 35 20
9684 ORDER 4376 10 24 28 50 2
9685 UNBLOCK 52 48
9689 ORDER 4377 64 15 50 50 0
9692 ORDER 4378 41 17 19 50 0
9693 ORDER 4379 23 44 2 6 0
9696 ORDER 4380 17 44 3 12 2
9697 UNBLOCK 47 6
9700 ORDER 4381 38 23 3 48 0
9701 ORDER 4382 16 45 41 49 1
9703 ORDER 4383 37 18 1 27 1
9706 ORDER 4384 53 38 54 50 0
9707 ORDER 4385 6 18 1 30 0
9707 BLOCK 65 1
9710 ORDER 4386 50 9 3 42 0
9712 ORDER 4387 43 11 44 50 2
9713 ORDER 4388 57 33 1 4 0
9717 ORDER 4389 51 8 17 49 0
9720 ORDER 4390 41 30 1 25 0
9722 ORDER 4391 58 14 1 28 2
9723 ORDER 4392 47 3 59 50 0
9724 ORDER 4393 20 30 16 49 0
9725 ORDER 4394 64 36 62 49 3
9726 ORDER 4395 42 17 1 23 0
9730 UNBLOCK 35 45
9734 ORDER 4396 64 15 2 40 1
9736 ORDER 4397 19 11 2 43 0
9737 ORDER 4398 35 9 3 5 2
9739 ORDER 4399 46 42 18 50 1
9742 ORDER 4400 6 3 3 8 1
9745 BLOCK 65 50
9746 ORDER 4401 10 38 3 38 3
9748 ORDER 4402 25 12 1 39 2
9749 ORDER 4403 53 39 1 35 0
9750 ORDER 4404 9 26 18 50 0
9751 ORDER 4405 37 12 23 50 0
9754 ORDER 4406 6 42 60 49 1
9756 ORDER 4407 6 42 25 50 2
9758 ORDER 4408 7 44 2 24 1
9760 ORDER 4409 48 33 13 49 3
9761 UNBLOCK 60 17
9761 ORDER 4410 7 24 66 49 0
9762 ORDER 4411 49 35 3 10 0
9765 ORDER 4412 45 21 2 10 0
9766 ORDER 4413 44 33 38 49 1
9768 ORDER 4414 61 47 47 50 3
9769 ORDER 4415 10 6 2 26 1
9770 ORDER 4416 14 27 25 50 2
9772 ORDER 4417 18 17 1 32 1
9772 BLOCK 13 18
9773 ORDER 4418 52 44 42 50 1
9776 UNBLOCK 65 1
9777 ORDER 4419 14 24 2 42 0
9778 ORDER 4420 64 23 3 34 0
9783 ORDER 4421 14 8 30 50 0
9784 ORDER 4422 28 42 6 49 1
9785 CANCEL 4389
9786 ORDER 4423 59 6 10 49 0
9787 ORDER 4424 47 35 67 50 1
9788 CANCEL 4334
9788 ORDER 4425 22 47 36 49 0
9789 ORDER 4426 59 45 3 27 1
9791 ORDER 4427 19 47 2 50 0
9792 ORDER 4428 32 30 2 43 2
9794 ORDER 4429 35 6 53 50 0
9797 ORDER 4430 35 29 3 8 1
9799 ORDER 4431 56 41 16 50 1
9800 ORDER 4432 11 17 3 18 1
9802 BLOCK 32 44
9804 ORDER 4433 13 38 35 49 0
9806 ORDER 4434 36 9 1 15 0
9810 ORDER 4435 43 45 39 49 0
9811 ORDER 4436 35 24 4 50 2
9812 ORDER 4437 50 38 2 19 1
9813 ORDER 4438 44 29 26 49 0
9816 ORDER 4439 43 27 48 49 0
9817 ORDER 4440 6 33 4 50 1
9818 ORDER 4441 10 5 66 49 0
9819 BLOCK 42 35
9820 ORDER 4442 47 44 2 19 1
9821 UNBLOCK 65 50
9821 ORDER 4443 51 3 1 34 0
9822 ORDER 4444 45 11 29 49 0
9825 ORDER 4445 34 24 61 49 1
9826 ORDER 4446 15 39 1 32 1
9826 BLOCK 32 32
9828 BLOCK 24 32
9829 CANCEL 4412
9832 ORDER 4447 42 39 1 43 1
9833 UNBLOCK 13 18
9834 ORDER 4448 15 12 7 49 0
9835 ORDER 4449 38 45 7 49 2
9835 BLOCK 30 47
9837 ORDER 4450 60 32 54 49 1
9839 ORDER 4451 18 23 2 13 0
9842 ORDER 4452 37 18 65 50 0
9844 ORDER 4453 17 20 36 49 0
9844 BLOCK 9 2
9845 ORDER 4454 23 36 2 16 0
9850 ORDER 4455 16 29 2 11 0
9854 ORDER 4456 30 32 46 50 0
9855 ORDER 4457 63 26 20 50 0
9857 ORDER 4458 43 12 1 25 0
9860 UNBLOCK 42 35
9862 ORDER 4459 7 30 3 19 0
9865 ORDER 4460 45 26 3 33 3
9866 ORDER 4461 17 32 23 49 0
9872 CANCEL 4397
9875 ORDER 4462 54 11 3 2 0
9876 ORDER 4463 15 30 3 12 0
9877 ORDER 4464 6 26 16 50 3
9879 ORDER 4465 27 32 11 50 3
9881 BLOCK 61 23
9882 ORDER 4466 47 3 27 49 1
9883 ORDER 4467 9 11 25 50 1
9884 ORDER 4468 40 36 39 50 0
9885 ORDER 4469 32 30 1 10 0
9887 ORDER 4470 42 36 2 11 0
9889 ORDER 4471 51 45 5 50 3
9890 ORDER 4472 40 14 3 38 0
9891 ORDER 4473 32 29 2 30 0
9892 ORDER 4474 63 29 2 10 3
9894 BLOCK 9 21
9895 ORDER 4475 35 12 1 13 1
9896 ORDER 4476 56 18 1 17 0
9897 ORDER 4477 6 36 61 49 0
9899 ORDER 4478 26 41 1 1 1
9899 BLOCK 7 2
9904 ORDER 4479 23 18 3 18 0
9909 ORDER 4480 7 45 3 19 2
9916 ORDER 4481 55 23 2 6 0
9919 ORDER 4482 28 30 2 29 3
9920 ORDER 4483 50 17 29 49 0
9921 ORDER 4484 49 45 62 49 0
9922 ORDER 4485 63 39 48 49 2
9924 ORDER 4486 56 5 31 49 0
9925 ORDER 4487 15 45 1 26 0
9926 ORDER 4488 37 32 1 40 1
9927 ORDER 4489 33 20 63 50 0
9928 ORDER 4490 6 24 37 50 2
9930 ORDER 4491 29 39 4 50 0
9931 ORDER 4492 10 45 2 17 0
9931 BLOCK 56 32
9932 ORDER 4493 65 32 1 11 0
9933 ORDER 4494 11 27 3 18 0
9934 UNBLOCK 9 2
9934 ORDER 4495 47 36 3 4 0
9935 ORDER 4496 27 6 1 7 1
9939 ORDER 4497 8 5 60 49 0
9944 ORDER 4498 34 29 11 49 1
9947 CANCEL 4441
9948 UNBLOCK 32 44
9949 ORDER 4499 33 6 3 9 1
9950 ORDER 4500 48 20 1 29 3
9951 UNBLOCK 32 32
9951 ORDER 4501 43 30 43 50 0
9955 ORDER 4502 49 35 42 50 1
9957 ORDER 4503 10 21 49 50 0
9959 ORDER 4504 49 35 42 50 1
9960 UNBLOCK 61 23
9960 ORDER 4505 62 8 1 49 2
9961 ORDER 4506 56 21 3 1 0
9965 BLOCK 42 35
9966 ORDER 4507 34 14 1 39 0
9967 ORDER 4508 44 6 19 49 2
9968 ORDER 4509 41 3 4 50 0
9969 UNBLOCK 24 32
9969 ORDER 4510 11 11 65 50 0
9970 CANCEL 4497
9970 ORDER 4511 35 26 53 49 0
9972 ORDER 4512 28 21 36 50 0
9973 ORDER 4513 29 11 2 26 0
9975 ORDER 4514 47 44 3 24 0
9976 ORDER 4515 45 21 1 36 0
9977 UNBLOCK 30 47
9978 ORDER 4516 22 6 14 49 0
9979 BLOCK 7 44
9981 ORDER 4517 49 38 5 50 0
9985 ORDER 4518 14 14 1 3 0
9986 ORDER 4519 63 34 2 35 0
9987 ORDER 4520 7 26 39 50 0
9989 ORDER 4521 26 30 2 42 1
9990 ORDER 4522 37 23 25 50 2
9994 ORDER 4523 65 41 57 49 0
9995 ORDER 4524 58 43 1 6 2
9997 ORDER 4525 51 32 47 50 1
9999 CANCEL 4492
