50 40 12000
##################################################
#.....C.......C.......C.......C.......C..........#
#................................................#
#................................................#
#.....########..######..#########..######..###...#
#................................................#
#................................................#
#.....########..######..######..#######..#####...#
#................................................#
#................................................#
#.....######..######..######..######..######.....#
#................................................#
#................................................#
#.....#######..#########..########..######..##...#
#................................................#
#................................................#
#.....#######..#######..#########..#########.....#
#................................................#
#................................................#
#.....########..########..######..#########..#...#
#................................................#
#................................................#
#.....#######..######..######..########..#####...#
#................................................#
#................................................#
#.....#########..########..#######..#########....#
#................................................#
#................................................#
#.....########..#######..######..#########..##...#
#................................................#
#................................................#
#.....#######..######..#########..########..##...#
#................................................#
#................................................#
#.....######..########..########..########..##...#
#................................................#
#................................................#
#................................................#
#................................................#
##################################################
PARAMS 720 36 180 30 50 3
ROBOTS 40
22 14
1 35
36 38
39 8
45 8
2 12
24 8
19 33
38 15
1 20
41 21
5 34
18 2
15 4
10 24
2 8
43 12
45 33
24 19
6 12
46 16
7 30
10 21
2 16
43 14
12 21
41 32
37 15
35 12
12 33
29 20
27 38
10 14
10 8
4 10
23 1
44 37
41 37
40 30
18 8
EVENTS 7554
2 ORDER 1 33 23 2 31 0
3 ORDER 2 21 29 17 37 0
4 ORDER 3 17 6 17 37 0
5 ORDER 4 10 33 26 37 0
7 ORDER 5 19 5 20 38 0
7 BLOCK 35 14
9 ORDER 6 33 11 2 15 0
10 ORDER 7 32 5 3 27 0
11 ORDER 8 30 20 16 37 0
12 ORDER 9 45 14 1 7 2
14 ORDER 10 9 23 38 38 0
15 ORDER 11 11 33 2 19 0
16 ORDER 12 44 23 2 7 2
18 ORDER 13 35 8 8 37 1
19 ORDER 14 29 5 40 38 0
23 ORDER 15 44 30 4 37 0
24 ORDER 16 38 8 9 38 0
25 ORDER 17 7 29 3 37 0
26 ORDER 18 30 11 2 10 0
27 ORDER 19 32 11 1 33 0
28 BLOCK 24 32
30 ORDER 20 36 6 2 14 0
34 ORDER 21 15 30 3 5 0
35 ORDER 22 39 30 2 14 0
36 ORDER 23 37 15 36 38 1
37 ORDER 24 20 27 1 10 2
40 ORDER 25 7 17 1 17 0
45 ORDER 26 40 32 3 9 0
46 ORDER 27 40 24 28 38 0
48 ORDER 28 7 35 1 20 0
50 ORDER 29 45 27 17 38 2
53 ORDER 30 35 8 3 36 0
56 ORDER 31 38 6 41 37 1
58 ORDER 32 13 18 1 29 2
59 ORDER 33 31 35 1 7 0
59 BLOCK 31 27
60 ORDER 34 28 15 1 18 0
61 ORDER 35 37 24 3 26 0
63 ORDER 36 9 3 20 37 0
67 ORDER 37 9 21 2 33 0
68 UNBLOCK 24 32
68 ORDER 38 17 3 46 38 0
69 ORDER 39 37 23 40 37 0
71 ORDER 40 32 8 2 16 2
72 ORDER 41 24 3 3 30 1
77 ORDER 42 29 29 9 37 0
78 ORDER 43 25 3 22 37 0
81 ORDER 44 14 24 2 29 0
82 BLOCK 30 29
83 UNBLOCK 35 14
83 ORDER 45 37 3 3 19 1
84 ORDER 46 37 30 9 37 3
85 ORDER 47 29 15 1 16 0
86 ORDER 48 20 24 9 37 1
87 ORDER 49 31 15 4 37 0
89 ORDER 50 28 3 23 38 0
90 ORDER 51 7 26 9 38 0
91 ORDER 52 31 25 3 15 2
96 ORDER 53 22 20 43 38 1
97 ORDER 54 8 18 3 15 1
98 ORDER 55 11 26 28 38 1
99 BLOCK 5 29
104 ORDER 56 21 20 1 7 0
105 ORDER 57 19 30 1 27 0
106 ORDER 58 35 9 3 37 1
108 ORDER 59 40 35 8 37 2
109 ORDER 60 42 20 2 19 0
115 ORDER 61 29 30 15 37 1
118 ORDER 62 19 12 1 36 2
119 BLOCK 18 26
120 ORDER 63 6 5 1 16 1
126 ORDER 64 23 14 10 38 2
127 ORDER 65 30 30 29 38 1
127 BLOCK 44 16
128 ORDER 66 28 15 12 38 0
130 ORDER 67 29 29 3 15 0
131 ORDER 68 37 29 2 10 3
136 ORDER 69 39 24 7 37 1
137 ORDER 70 31 20 1 36 2
138 ORDER 71 24 30 35 37 1
140 UNBLOCK 31 27
141 ORDER 72 39 32 3 7 0
144 ORDER 73 29 26 32 37 1
145 ORDER 74 22 12 28 38 1
147 ORDER 75 27 12 31 38 0
148 ORDER 76 13 8 1 36 2
149 ORDER 77 26 30 2 30 0
150 ORDER 78 40 12 1 7 0
152 ORDER 79 37 26 3 33 1
155 ORDER 80 19 14 37 38 0
158 ORDER 81 44 30 2 32 0
159 ORDER 82 42 11 21 37 0
161 ORDER 83 38 24 2 11 2
162 ORDER 84 27 27 7 38 0
164 ORDER 85 10 23 3 19 0
165 BLOCK 16 9
167 BLOCK 42 37
168 BLOCK 36 15
169 ORDER 86 17 32 3 27 3
171 ORDER 87 24 21 1 21 1
173 UNBLOCK 18 26
173 ORDER 88 9 20 5 38 0
174 ORDER 89 8 29 47 38 0
176 ORDER 90 6 32 1 30 0
181 ORDER 91 11 30 1 35 2
182 UNBLOCK 5 29
184 CANCEL 63
187 ORDER 92 17 14 2 25 1
190 ORDER 93 45 27 2 10 2
197 ORDER 94 23 9 46 38 1
198 ORDER 95 39 5 3 12 0
199 ORDER 96 31 35 18 38 0
201 ORDER 97 16 9 3 27 0
202 UNBLOCK 16 9
203 ORDER 98 41 33 17 37 0
204 ORDER 99 27 32 3 25 2
206 ORDER 100 32 21 8 37 0
207 ORDER 101 31 30 2 10 0
208 UNBLOCK 36 15
208 ORDER 102 41 23 2 8 0
208 CANCEL 100102
209 ORDER 103 36 6 33 37 0
210 ORDER 104 28 33 2 2 0
211 ORDER 105 12 29 12 38 1
214 ORDER 106 9 35 3 27 0
215 ORDER 107 35 6 2 22 2
216 ORDER 108 37 26 1 20 0
216 BLOCK 23 12
217 ORDER 109 19 27 3 33 0
220 UNBLOCK 30 29
220 ORDER 110 16 27 3 34 3
221 ORDER 111 27 35 3 38 0
224 CANCEL 56
224 ORDER 112 35 23 3 19 1
225 BLOCK 20 1
231 ORDER 113 8 18 12 38 0
234 ORDER 114 30 20 14 37 0
238 ORDER 115 39 5 2 30 0
239 ORDER 116 34 21 1 38 1
240 ORDER 117 34 9 2 38 0
242 ORDER 118 28 3 1 11 0
246 ORDER 119 34 18 1 28 0
247 ORDER 120 19 35 3 28 0
248 ORDER 121 9 35 37 37 2
248 BLOCK 37 20
249 ORDER 122 30 15 1 11 0
251 ORDER 123 13 27 1 11 0
252 CANCEL 70
252 UNBLOCK 42 37
253 ORDER 124 20 23 34 37 1
254 ORDER 125 32 14 2 33 3
255 ORDER 126 16 30 3 31 2
257 ORDER 127 39 29 2 4 0
258 UNBLOCK 20 1
258 ORDER 128 17 14 3 21 0
260 ORDER 129 45 20 3 18 2
261 ORDER 130 9 12 1 38 0
262 ORDER 131 43 8 1 32 0
264 ORDER 132 24 11 1 18 0
266 BLOCK 7 23
267 ORDER 133 41 12 3 11 0
268 UNBLOCK 44 16
269 ORDER 134 40 26 38 38 0
270 ORDER 135 17 17 22 37 0
271 ORDER 136 31 26 18 37 0
274 CANCEL 67
274 ORDER 137 45 30 3 24 1
275 BLOCK 17 6
277 ORDER 138 8 20 26 38 0
278 ORDER 139 23 24 2 36 0
279 ORDER 140 37 35 3 24 0
281 ORDER 141 37 14 7 38 0
283 ORDER 142 17 24 21 37 0
284 CANCEL 135
285 ORDER 143 27 32 2 18 0
286 ORDER 144 44 24 3 38 0
287 ORDER 145 45 18 3 36 0
288 ORDER 146 25 33 3 11 0
289 ORDER 147 9 26 12 38 0
293 ORDER 148 7 17 40 38 1
297 ORDER 149 15 21 12 37 0
298 ORDER 150 32 17 15 38 1
300 ORDER 151 13 20 3 23 1
303 ORDER 152 21 26 36 37 0
308 ORDER 153 28 24 33 37 1
309 CANCEL 90
309 ORDER 154 36 17 3 34 0
310 ORDER 155 19 18 41 37 0
311 ORDER 156 6 20 40 37 0
313 ORDER 157 43 5 40 38 1
314 BLOCK 43 5
315 ORDER 158 31 12 2 4 0
317 ORDER 159 37 3 3 37 0
318 ORDER 160 32 26 12 38 1
319 ORDER 161 32 6 1 20 3
319 BLOCK 33 30
322 ORDER 162 41 23 21 37 0
324 ORDER 163 18 26 14 37 0
325 ORDER 164 44 12 3 33 1
326 ORDER 165 20 35 10 37 0
327 ORDER 166 8 26 3 30 0
328 ORDER 167 29 17 7 37 2
329 ORDER 168 35 5 46 37 1
333 ORDER 169 37 17 45 37 1
335 ORDER 170 37 29 29 38 3
337 ORDER 171 30 32 26 38 0
338 ORDER 172 28 14 16 38 1
339 ORDER 173 7 6 2 12 0
340 ORDER 174 28 5 45 37 0
341 CANCEL 145
343 ORDER 175 10 3 2 14 2
344 ORDER 176 11 17 2 18 2
345 ORDER 177 18 26 38 38 0
346 ORDER 178 6 5 1 9 0
347 ORDER 179 31 12 14 38 0
348 ORDER 180 38 21 2 5 0
349 ORDER 181 34 8 1 6 0
351 ORDER 182 33 14 2 37 1
352 ORDER 183 6 21 2 11 0
357 UNBLOCK 17 6
359 UNBLOCK 23 12
361 ORDER 184 29 35 2 34 0
362 UNBLOCK 7 23
362 ORDER 185 8 27 1 21 0
363 ORDER 186 19 30 2 16 1
365 ORDER 187 34 23 24 38 1
366 ORDER 188 8 21 2 8 0
367 ORDER 189 27 9 2 33 1
368 ORDER 190 18 17 20 38 0
371 ORDER 191 32 26 3 24 3
372 BLOCK 18 29
374 ORDER 192 40 33 1 16 0
377 ORDER 193 36 32 2 30 0
378 UNBLOCK 37 20
379 ORDER 194 9 30 1 27 0
380 ORDER 195 25 5 2 31 0
383 ORDER 196 43 5 3 37 0
386 ORDER 197 37 35 1 4 0
387 ORDER 198 41 35 48 37 0
393 ORDER 199 25 5 23 37 1
394 ORDER 200 24 17 41 38 1
395 ORDER 201 7 31 1 2 0
396 ORDER 202 11 24 36 38 3
399 ORDER 203 18 5 2 14 0
400 ORDER 204 23 21 3 2 0
402 ORDER 205 40 20 14 38 0
405 ORDER 206 25 6 1 18 2
406 ORDER 207 10 14 2 12 0
409 ORDER 208 22 18 25 37 2
409 BLOCK 34 37
411 ORDER 209 17 6 1 29 0
415 ORDER 210 38 15 27 38 0
416 ORDER 211 9 18 46 38 0
417 ORDER 212 41 18 35 38 1
420 ORDER 213 28 12 2 24 0
425 UNBLOCK 18 29
425 ORDER 214 8 3 1 32 1
426 UNBLOCK 33 30
427 ORDER 215 9 23 33 38 0
428 ORDER 216 41 12 28 38 2
428 BLOCK 9 24
430 ORDER 217 41 26 39 38 1
439 ORDER 218 29 3 3 35 0
439 BLOCK 19 24
440 ORDER 219 6 35 2 28 0
445 ORDER 220 28 8 2 7 1
449 ORDER 221 17 27 15 38 0
452 ORDER 222 18 20 47 38 0
453 CANCEL 127
453 ORDER 223 34 32 38 37 0
455 ORDER 224 26 30 1 12 0
456 ORDER 225 35 32 7 38 1
457 ORDER 226 12 15 21 37 0
458 ORDER 227 18 24 20 37 0
459 ORDER 228 22 12 1 1 1
460 ORDER 229 42 26 2 17 0
463 UNBLOCK 43 5
464 ORDER 230 26 23 1 19 0
465 ORDER 231 28 27 39 37 0
467 ORDER 232 19 33 47 38 2
468 ORDER 233 8 11 3 32 0
469 ORDER 234 12 15 36 38 0
472 ORDER 235 43 3 2 33 0
474 ORDER 236 26 20 1 16 0
475 ORDER 237 19 14 1 35 0
477 ORDER 238 19 32 24 37 0
478 ORDER 239 32 17 15 38 1
480 ORDER 240 35 35 3 1 1
481 ORDER 241 17 8 7 38 0
482 ORDER 242 37 21 1 29 0
483 ORDER 243 11 24 12 38 0
485 ORDER 244 25 30 48 37 3
486 ORDER 245 16 23 36 37 3
487 ORDER 246 27 33 41 37 2
489 ORDER 247 10 30 3 22 0
490 ORDER 248 40 35 1 9 0
490 CANCEL 100248
491 ORDER 249 20 30 8 37 0
493 ORDER 250 42 17 1 19 0
494 ORDER 251 10 5 1 38 0
495 ORDER 252 25 15 3 11 0
498 ORDER 253 8 8 45 38 1
501 ORDER 254 10 24 16 37 2
502 ORDER 255 17 23 1 18 1
504 UNBLOCK 34 37
504 ORDER 256 26 27 21 37 1
505 ORDER 257 28 14 12 37 0
506 ORDER 258 29 5 1 29 0
506 BLOCK 10 24
507 ORDER 259 32 11 3 16 1
508 ORDER 260 9 26 2 26 0
508 BLOCK 19 8
511 ORDER 261 38 6 1 1 3
512 ORDER 262 36 3 3 5 1
514 ORDER 263 39 11 3 18 0
515 ORDER 264 45 20 3 8 0
517 ORDER 265 11 8 22 38 0
518 ORDER 266 38 9 3 29 1
519 ORDER 267 26 27 23 38 0
521 BLOCK 15 20
523 BLOCK 42 34
524 ORDER 268 34 21 14 37 3
526 ORDER 269 12 12 2 3 0
527 UNBLOCK 10 24
527 ORDER 270 12 21 15 37 0
532 ORDER 271 37 26 2 19 1
535 BLOCK 10 20
537 ORDER 272 27 3 1 8 0
538 ORDER 273 31 13 1 37 0
539 ORDER 274 22 29 2 3 0
540 ORDER 275 36 27 46 37 1
540 BLOCK 22 23
541 ORDER 276 20 29 9 38 0
543 ORDER 277 20 14 3 1 0
546 ORDER 278 18 29 1 32 1
546 BLOCK 5 15
548 ORDER 279 13 5 3 10 1
550 ORDER 280 45 21 40 37 0
553 ORDER 281 26 8 2 11 0
558 ORDER 282 30 18 26 37 0
560 UNBLOCK 9 24
560 ORDER 283 41 27 1 7 2
562 UNBLOCK 19 24
562 ORDER 284 31 30 1 23 0
563 ORDER 285 9 9 3 34 1
565 ORDER 286 15 15 23 37 0
566 ORDER 287 15 32 1 30 0
569 ORDER 288 41 33 28 37 0
572 ORDER 289 41 17 39 38 0
574 ORDER 290 9 11 3 2 0
576 ORDER 291 15 17 2 12 0
579 ORDER 292 11 23 2 20 0
580 ORDER 293 17 9 14 38 0
581 ORDER 294 16 3 3 28 1
582 BLOCK 23 29
584 ORDER 295 45 14 17 38 3
585 UNBLOCK 15 20
585 ORDER 296 9 11 2 11 3
586 ORDER 297 39 26 3 22 0
588 ORDER 298 16 11 1 23 0
590 ORDER 299 6 22 1 1 1
591 UNBLOCK 19 8
591 ORDER 300 28 32 3 13 1
592 UNBLOCK 10 20
592 ORDER 301 27 12 1 28 0
593 ORDER 302 20 14 2 23 0
594 ORDER 303 38 17 1 18 1
595 ORDER 304 35 6 29 37 0
596 ORDER 305 8 3 20 37 1
597 ORDER 306 22 11 14 38 0
600 BLOCK 44 16
601 ORDER 307 34 6 3 12 1
605 ORDER 308 16 21 3 38 0
607 ORDER 309 27 12 1 18 0
608 ORDER 310 15 32 1 8 0
610 ORDER 311 30 15 13 37 0
611 ORDER 312 45 30 5 37 3
613 ORDER 313 39 27 27 38 2
614 ORDER 314 35 29 18 38 1
616 ORDER 315 41 27 14 38 0
620 ORDER 316 13 8 1 13 2
621 ORDER 317 30 14 3 32 0
622 ORDER 318 39 14 36 37 1
623 ORDER 319 13 5 19 38 2
627 ORDER 320 42 20 6 38 0
629 ORDER 321 35 29 28 38 0
630 ORDER 322 27 6 15 37 2
633 ORDER 323 10 30 22 37 0
633 BLOCK 13 20
637 ORDER 324 16 6 3 13 3
638 ORDER 325 40 14 1 37 0
639 ORDER 326 8 14 1 29 0
642 UNBLOCK 23 29
644 ORDER 327 28 24 21 38 3
645 ORDER 328 41 32 3 36 0
646 ORDER 329 27 9 39 37 2
648 ORDER 330 16 15 1 27 0
650 CANCEL 253
650 ORDER 331 36 32 2 38 0
655 ORDER 332 24 32 3 21 1
657 ORDER 333 28 18 1 18 1
658 ORDER 334 8 15 2 38 0
659 ORDER 335 18 23 2 22 0
660 ORDER 336 23 24 1 4 0
662 ORDER 337 37 33 1 21 0
664 BLOCK 40 37
666 ORDER 338 10 30 1 14 0
667 UNBLOCK 13 20
667 ORDER 339 6 14 2 6 3
669 UNBLOCK 42 34
669 CANCEL 273
669 ORDER 340 33 23 3 28 0
670 ORDER 341 35 21 3 38 1
672 ORDER 342 28 6 28 38 0
681 ORDER 343 6 23 3 6 1
682 UNBLOCK 22 23
682 ORDER 344 8 12 2 21 0
683 ORDER 345 37 15 16 38 1
684 ORDER 346 17 29 2 22 0
688 ORDER 347 39 33 2 30 0
689 UNBLOCK 5 15
689 ORDER 348 41 14 8 38 2
694 ORDER 349 38 5 3 37 0
695 ORDER 350 30 11 27 37 0
699 ORDER 351 40 30 16 38 3
700 ORDER 352 21 17 29 38 0
702 ORDER 353 13 6 2 31 0
703 ORDER 354 36 29 2 35 0
704 ORDER 355 30 12 1 24 0
705 UNBLOCK 44 16
709 ORDER 356 40 18 3 21 0
709 BLOCK 44 38
713 ORDER 357 32 9 32 38 1
714 ORDER 358 14 9 34 38 0
714 BLOCK 33 30
717 ORDER 359 26 15 2 5 0
719 ORDER 360 18 14 3 27 0
720 ORDER 361 41 24 3 33 1
721 ORDER 362 19 17 3 38 1
722 ORDER 363 40 32 2 6 2
724 CANCEL 284
724 ORDER 364 6 18 1 37 0
725 ORDER 365 44 3 3 12 1
726 ORDER 366 35 27 31 37 2
727 ORDER 367 21 12 1 24 0
731 ORDER 368 43 6 17 38 1
732 ORDER 369 32 11 3 29 0
734 ORDER 370 37 23 2 33 0
735 BLOCK 5 2
736 ORDER 371 24 26 1 17 0
738 ORDER 372 6 6 1 20 0
740 ORDER 373 23 23 45 37 1
743 ORDER 374 31 15 1 12 0
744 ORDER 375 8 20 11 37 0
745 ORDER 376 13 3 2 4 1
746 ORDER 377 8 27 2 3 0
748 ORDER 378 6 33 3 5 0
752 ORDER 379 12 26 3 8 0
753 ORDER 380 10 5 14 37 0
754 ORDER 381 7 26 1 33 0
756 UNBLOCK 44 38
756 ORDER 382 16 33 26 37 0
757 ORDER 383 37 35 1 32 0
758 BLOCK 12 23
759 CANCEL 338
760 ORDER 384 20 33 1 3 0
762 CANCEL 289
762 UNBLOCK 33 30
765 ORDER 385 7 35 23 38 1
766 ORDER 386 35 8 1 37 1
766 BLOCK 42 8
767 ORDER 387 38 26 40 37 1
767 BLOCK 35 2
768 BLOCK 13 38
769 ORDER 388 9 27 42 38 0
771 ORDER 389 36 20 46 37 0
773 ORDER 390 6 26 3 19 0
775 ORDER 391 19 18 2 14 0
778 ORDER 392 30 3 15 37 0
781 ORDER 393 17 33 5 38 1
783 UNBLOCK 40 37
783 ORDER 394 31 11 38 37 0
789 UNBLOCK 5 2
790 ORDER 395 16 14 48 38 0
792 ORDER 396 15 9 3 33 0
793 ORDER 397 7 12 3 17 0
795 ORDER 398 9 17 23 38 1
798 CANCEL 382
798 ORDER 399 31 33 16 38 1
798 BLOCK 29 20
799 ORDER 400 28 18 2 5 0
800 ORDER 401 20 35 2 22 0
803 ORDER 402 16 35 10 37 0
805 ORDER 403 20 14 36 38 1
806 ORDER 404 32 15 1 35 1
807 UNBLOCK 12 23
807 ORDER 405 45 21 47 38 0
808 ORDER 406 9 30 2 15 0
809 ORDER 407 21 3 2 2 0
810 BLOCK 14 5
812 ORDER 408 8 20 1 5 0
813 ORDER 409 15 23 10 37 1
815 ORDER 410 19 27 3 13 1
816 ORDER 411 8 26 13 37 0
817 ORDER 412 30 33 3 30 0
821 ORDER 413 17 32 2 22 0
821 BLOCK 21 24
823 ORDER 414 24 5 1 23 0
824 ORDER 415 33 6 31 38 1
824 BLOCK 13 31
827 ORDER 416 39 18 21 38 1
828 ORDER 417 37 21 2 31 0
832 ORDER 418 35 17 3 2 1
834 UNBLOCK 14 5
835 BLOCK 13 30
836 UNBLOCK 42 8
836 ORDER 419 15 14 19 38 0
839 ORDER 420 13 27 3 20 1
840 ORDER 421 16 8 1 33 0
841 ORDER 422 24 23 5 38 0
842 ORDER 423 44 30 2 27 0
843 ORDER 424 43 24 22 38 0
844 ORDER 425 28 27 1 17 0
845 ORDER 426 29 29 3 22 2
853 ORDER 427 42 24 1 18 0
854 ORDER 428 29 29 6 38 0
855 UNBLOCK 29 20
856 ORDER 429 43 8 3 30 0
857 UNBLOCK 35 2
857 BLOCK 15 29
858 ORDER 430 28 17 48 37 0
859 ORDER 431 37 32 39 38 1
860 ORDER 432 10 8 18 37 3
862 ORDER 433 42 20 39 38 0
864 CANCEL 361
865 ORDER 434 21 14 1 1 0
866 CANCEL 339
866 ORDER 435 40 18 21 38 0
867 CANCEL 422
869 ORDER 436 19 29 3 6 1
870 ORDER 437 38 11 1 28 0
873 ORDER 438 31 24 2 23 0
879 ORDER 439 12 17 28 37 0
883 ORDER 440 18 30 29 37 0
884 ORDER 441 36 14 27 37 0
887 ORDER 442 23 9 2 1 2
888 ORDER 443 28 23 21 37 0
889 ORDER 444 32 12 1 31 0
890 ORDER 445 10 18 40 38 3
890 BLOCK 45 18
894 CANCEL 362
897 ORDER 446 37 23 34 38 2
899 ORDER 447 30 26 1 17 1
901 ORDER 448 30 15 12 38 0
901 BLOCK 43 6
903 ORDER 449 9 32 14 38 0
904 UNBLOCK 21 24
906 ORDER 450 30 35 6 37 0
907 ORDER 451 24 24 3 13 1
908 ORDER 452 33 6 1 2 1
910 ORDER 453 19 32 3 36 1
911 ORDER 454 31 18 3 38 2
912 ORDER 455 35 3 22 38 0
913 ORDER 456 32 24 31 37 0
914 ORDER 457 29 12 12 38 0
916 UNBLOCK 13 38
916 ORDER 458 7 21 2 6 1
921 ORDER 459 8 23 29 37 0
922 CANCEL 363
925 ORDER 460 30 15 20 37 3
927 ORDER 461 21 27 2 31 1
928 UNBLOCK 15 29
929 ORDER 462 20 24 3 13 0
931 ORDER 463 42 20 48 38 0
932 ORDER 464 16 30 1 25 2
933 ORDER 465 9 32 33 38 1
934 ORDER 466 20 25 3 9 0
937 ORDER 467 35 11 1 32 0
941 UNBLOCK 43 6
942 ORDER 468 15 33 31 37 0
944 ORDER 469 12 29 19 38 1
945 UNBLOCK 13 30
945 ORDER 470 36 17 30 37 1
947 UNBLOCK 13 31
947 ORDER 471 32 8 1 30 1
948 ORDER 472 16 3 1 26 0
949 ORDER 473 12 8 1 11 0
950 ORDER 474 44 33 29 38 0
951 ORDER 475 30 11 41 37 0
953 ORDER 476 34 30 1 25 1
954 BLOCK 45 29
959 ORDER 477 17 18 3 26 0
961 ORDER 478 18 11 1 19 2
961 BLOCK 8 30
962 ORDER 479 37 30 1 36 0
963 ORDER 480 38 3 45 37 0
964 ORDER 481 9 33 14 37 0
965 ORDER 482 7 18 41 38 1
969 ORDER 483 21 33 1 25 0
971 UNBLOCK 45 18
971 ORDER 484 10 11 32 38 0
973 ORDER 485 17 21 38 38 1
974 ORDER 486 24 21 6 37 1
977 CANCEL 434
985 ORDER 487 38 14 1 36 1
988 ORDER 488 18 32 3 17 0
989 ORDER 489 19 18 3 10 2
992 ORDER 490 23 26 3 3 1
993 ORDER 491 42 17 1 25 0
994 ORDER 492 29 15 1 16 1
996 ORDER 493 23 12 6 37 2
997 ORDER 494 40 32 1 31 1
998 UNBLOCK 45 29
1001 ORDER 495 27 29 8 37 2
1002 ORDER 496 37 14 21 37 0
1003 ORDER 497 12 24 17 37 1
1004 ORDER 498 36 21 18 38 2
1005 ORDER 499 20 27 2 30 0
1007 BLOCK 37 3
1011 ORDER 500 36 3 1 31 0
1012 ORDER 501 11 17 2 20 2
1013 ORDER 502 27 27 20 37 0
1015 ORDER 503 22 9 3 37 1
1017 ORDER 504 17 8 5 37 0
1018 ORDER 505 27 21 39 37 0
1018 BLOCK 14 35
1019 ORDER 506 19 18 1 17 1
1020 ORDER 507 33 29 2 13 1
1022 ORDER 508 10 3 3 12 0
1025 UNBLOCK 8 30
1025 ORDER 509 27 14 1 10 1
1026 ORDER 510 38 26 2 19 0
1027 ORDER 511 39 24 11 37 0
1028 ORDER 512 25 27 48 38 0
1029 ORDER 513 38 12 3 7 1
1033 ORDER 514 38 6 1 20 1
1035 ORDER 515 10 15 31 38 0
1037 ORDER 516 34 8 28 38 0
1041 ORDER 517 42 26 2 21 0
1042 ORDER 518 29 8 3 31 1
1043 ORDER 519 10 15 3 17 0
1046 ORDER 520 7 24 3 7 3
1047 CANCEL 509
1050 ORDER 521 34 30 20 38 0
1051 ORDER 522 32 8 3 6 1
1054 ORDER 523 31 30 1 19 0
1055 ORDER 524 21 5 3 25 0
1056 ORDER 525 23 24 2 19 1
1058 ORDER 526 33 26 41 37 1
1059 ORDER 527 45 27 1 15 2
1060 ORDER 528 19 21 2 2 1
1061 ORDER 529 31 32 2 22 0
1064 UNBLOCK 14 35
1064 BLOCK 22 37
1065 BLOCK 13 30
1069 ORDER 530 14 33 3 21 1
1070 ORDER 531 18 20 3 4 1
1074 ORDER 532 22 24 45 38 0
1076 ORDER 533 17 27 25 38 1
1077 ORDER 534 34 20 1 33 0
1078 ORDER 535 9 35 2 29 0
1080 ORDER 536 26 27 2 12 2
1082 ORDER 537 24 24 33 37 1
1083 ORDER 538 21 26 32 38 1
1084 ORDER 539 11 8 43 38 1
1085 ORDER 540 32 26 1 17 0
1089 ORDER 541 13 8 3 13 1
1090 ORDER 542 11 32 2 34 1
1091 ORDER 543 30 3 1 13 0
1093 ORDER 544 28 35 2 19 0
1094 ORDER 545 44 23 21 37 3
1095 UNBLOCK 13 30
1096 ORDER 546 40 3 13 37 0
1097 ORDER 547 41 26 3 27 1
1099 ORDER 548 17 3 2 18 0
1102 ORDER 549 36 18 3 24 0
1103 ORDER 550 26 29 6 38 0
1104 ORDER 551 28 30 19 38 0
1106 BLOCK 36 8
1107 ORDER 552 39 35 3 8 2
1108 ORDER 553 39 29 2 33 0
1108 CANCEL 100553
1111 ORDER 554 11 12 17 37 0
1113 ORDER 555 29 35 3 7 1
1114 ORDER 556 15 9 37 38 0
1115 ORDER 557 29 32 3 3 0
1116 ORDER 558 32 5 3 13 0
1121 ORDER 559 19 32 1 27 2
1123 ORDER 560 16 23 31 37 0
1124 CANCEL 546
1124 ORDER 561 41 6 1 35 0
1125 ORDER 562 10 20 2 27 0
1129 ORDER 563 44 27 39 37 0
1132 ORDER 564 35 23 33 37 1
1133 ORDER 565 15 35 14 37 1
1135 UNBLOCK 37 3
1135 ORDER 566 33 6 3 38 1
1136 ORDER 567 10 18 3 27 0
1138 ORDER 568 26 12 1 20 0
1139 ORDER 569 7 35 1 32 1
1140 ORDER 570 31 24 3 25 1
1141 ORDER 571 28 21 3 14 0
1144 ORDER 572 27 12 15 38 0
1145 UNBLOCK 22 37
1150 ORDER 573 6 24 45 37 0
1152 ORDER 574 31 3 2 2 0
1154 ORDER 575 7 11 1 27 2
1155 ORDER 576 21 6 44 38 0
1156 ORDER 577 6 29 5 37 0
1157 ORDER 578 11 3 40 37 1
1162 ORDER 579 26 14 3 37 0
1163 ORDER 580 6 12 3 33 1
1165 ORDER 581 15 17 27 37 0
1166 ORDER 582 18 31 1 7 2
1167 ORDER 583 12 20 30 37 2
1168 UNBLOCK 36 8
1169 ORDER 584 6 5 1 38 1
1170 CANCEL 524
1171 ORDER 585 20 23 2 10 0
1172 ORDER 586 39 9 41 38 1
1173 ORDER 587 17 12 9 38 0
1178 ORDER 588 24 21 27 37 0
1182 ORDER 589 36 5 48 38 0
1184 ORDER 590 9 9 7 38 1
1186 ORDER 591 22 24 7 37 0
1188 ORDER 592 27 30 25 37 0
1188 BLOCK 35 9
1194 ORDER 593 41 14 32 37 0
1195 CANCEL 100593
1196 ORDER 594 33 12 25 38 0
1197 ORDER 595 15 32 16 37 0
1198 BLOCK 39 14
1200 ORDER 596 34 30 2 18 0
1201 ORDER 597 38 17 3 30 1
1203 ORDER 598 20 12 1 23 0
1204 ORDER 599 44 14 48 37 0
1206 ORDER 600 27 12 20 38 1
1207 ORDER 601 10 12 1 17 0
1208 ORDER 602 40 32 11 38 1
1209 ORDER 603 6 33 12 38 0
1211 ORDER 604 9 21 24 37 0
1214 ORDER 605 44 6 13 38 0
1215 ORDER 606 44 26 23 38 1
1216 ORDER 607 6 33 3 6 2
1217 CANCEL 535
1217 ORDER 608 29 35 2 18 2
1218 ORDER 609 39 29 3 27 0
1220 ORDER 610 20 14 2 2 0
1224 ORDER 611 16 23 33 38 0
1225 ORDER 612 10 9 6 38 0
1226 ORDER 613 12 20 8 37 0
1228 ORDER 614 8 3 1 28 1
1228 BLOCK 9 36
1229 ORDER 615 8 12 2 18 2
1230 ORDER 616 41 23 3 16 0
1231 ORDER 617 11 27 1 34 1
1233 ORDER 618 24 17 44 37 0
1234 ORDER 619 7 3 2 3 0
1235 ORDER 620 43 26 2 10 0
1238 ORDER 621 8 14 2 18 1
1240 ORDER 622 27 5 2 21 2
1241 CANCEL 100622
1242 ORDER 623 40 32 5 37 1
1244 BLOCK 40 27
1246 ORDER 624 17 20 3 3 2
1251 ORDER 625 28 17 29 38 3
1253 ORDER 626 21 15 2 37 0
1255 ORDER 627 29 35 46 38 0
1256 ORDER 628 6 6 3 37 0
1259 ORDER 629 35 30 3 36 2
1261 ORDER 630 10 8 6 38 0
1264 ORDER 631 36 8 4 37 1
1265 ORDER 632 41 6 2 4 2
1267 ORDER 633 9 6 38 38 1
1268 ORDER 634 31 3 43 38 1
1270 ORDER 635 17 9 2 5 2
1272 ORDER 636 35 21 1 2 0
1273 ORDER 637 40 11 3 1 0
1275 UNBLOCK 35 9
1275 CANCEL 619
1276 ORDER 638 42 23 1 38 0
1277 ORDER 639 16 32 13 38 0
1278 BLOCK 23 9
1280 ORDER 640 8 21 2 12 0
1281 ORDER 641 27 20 27 38 1
1283 ORDER 642 27 6 3 6 1
1284 CANCEL 607
1284 ORDER 643 27 23 2 38 0
1288 ORDER 644 36 21 27 37 0
1290 ORDER 645 7 30 3 37 0
1292 ORDER 646 13 4 3 19 0
1293 ORDER 647 36 20 37 37 0
1295 BLOCK 38 2
1298 ORDER 648 21 26 2 16 3
1299 ORDER 649 43 6 1 5 1
1299 BLOCK 21 24
1300 ORDER 650 20 35 39 37 2
1301 UNBLOCK 9 36
1301 UNBLOCK 23 9
1301 ORDER 651 14 33 20 37 0
1302 ORDER 652 27 3 2 25 0
1304 ORDER 653 24 6 1 37 1
1306 ORDER 654 29 18 19 38 1
1308 ORDER 655 18 27 2 2 0
1311 ORDER 656 24 26 9 37 1
1312 ORDER 657 35 17 1 36 2
1313 ORDER 658 35 27 1 21 0
1317 ORDER 659 35 29 2 4 2
1318 ORDER 660 44 32 2 35 0
1319 ORDER 661 28 26 1 19 1
1321 ORDER 662 30 20 2 4 0
1322 UNBLOCK 39 14
1322 ORDER 663 43 26 30 38 0
1323 UNBLOCK 38 2
1324 ORDER 664 34 21 2 1 0
1326 ORDER 665 31 32 3 9 0
1327 ORDER 666 37 35 22 38 0
1328 ORDER 667 31 35 8 37 0
1333 ORDER 668 35 8 20 38 1
1335 ORDER 669 23 12 1 35 0
1336 ORDER 670 29 30 44 37 2
1337 ORDER 671 37 12 2 35 1
1338 CANCEL 636
1340 ORDER 672 29 3 16 37 1
1341 ORDER 673 20 8 2 11 0
1344 ORDER 674 44 30 34 37 0
1347 ORDER 675 34 9 27 38 0
1348 ORDER 676 9 18 17 38 1
1353 ORDER 677 31 35 2 38 0
1354 BLOCK 32 20
1355 ORDER 678 45 33 48 37 0
1357 CANCEL 583
1359 ORDER 679 18 17 25 38 2
1363 ORDER 680 26 27 21 37 1
1364 ORDER 681 28 5 20 37 1
1364 BLOCK 26 30
1365 ORDER 682 31 30 2 32 1
1369 ORDER 683 16 8 48 38 0
1370 ORDER 684 27 17 3 10 0
1371 ORDER 685 45 30 2 8 0
1372 ORDER 686 27 18 3 22 1
1373 ORDER 687 34 23 2 18 0
1375 ORDER 688 38 3 18 37 1
1376 ORDER 689 38 32 24 37 0
1377 ORDER 690 7 17 2 9 0
1378 ORDER 691 31 32 1 9 0
1379 BLOCK 42 17
1380 ORDER 692 21 6 3 4 1
1382 ORDER 693 17 26 1 27 0
1384 UNBLOCK 21 24
1385 ORDER 694 28 8 3 7 0
1386 UNBLOCK 40 27
1386 UNBLOCK 32 20
1386 ORDER 695 16 30 2 20 0
1389 ORDER 696 38 15 2 5 2
1396 ORDER 697 38 26 2 1 0
1397 ORDER 698 16 29 9 38 0
1398 ORDER 699 19 14 37 37 0
1399 ORDER 700 6 11 1 23 0
1400 ORDER 701 9 21 36 37 0
1401 ORDER 702 6 12 43 37 0
1405 ORDER 703 11 24 2 1 1
1406 ORDER 704 15 17 3 21 0
1407 ORDER 705 10 33 33 38 0
1408 ORDER 706 38 14 3 33 2
1408 BLOCK 20 30
1414 ORDER 707 7 26 38 38 2
1415 ORDER 708 9 14 38 37 3
1416 ORDER 709 15 11 25 38 1
1417 ORDER 710 40 29 1 13 0
1421 ORDER 711 42 6 46 37 0
1422 ORDER 712 12 3 2 9 2
1425 ORDER 713 9 12 3 26 0
1426 ORDER 714 36 17 2 11 0
1428 ORDER 715 45 6 24 38 0
1430 ORDER 716 43 5 1 34 0
1432 ORDER 717 16 17 24 38 0
1433 ORDER 718 16 32 2 28 0
1434 ORDER 719 34 30 30 37 2
1436 ORDER 720 39 11 11 37 3
1438 ORDER 721 25 32 18 38 0
1439 ORDER 722 40 5 10 38 0
1440 ORDER 723 26 18 1 4 2
1441 ORDER 724 18 35 1 35 1
1443 UNBLOCK 20 30
1443 ORDER 725 24 8 10 38 0
1444 ORDER 726 19 6 1 22 1
1445 ORDER 727 19 30 1 27 0
1446 UNBLOCK 26 30
1446 CANCEL 722
1448 CANCEL 707
1449 ORDER 728 10 30 21 37 0
1451 ORDER 729 26 30 26 37 0
1453 ORDER 730 43 9 2 3 0
1454 ORDER 731 45 8 38 38 0
1456 ORDER 732 45 32 2 12 0
1457 ORDER 733 44 35 40 38 0
1458 ORDER 734 17 15 2 22 1
1460 ORDER 735 25 8 1 18 2
1460 BLOCK 23 12
1461 ORDER 736 7 20 34 37 0
1462 ORDER 737 45 35 20 38 0
1463 ORDER 738 12 26 3 34 0
1464 ORDER 739 24 11 3 15 1
1465 ORDER 740 16 35 3 9 0
1466 UNBLOCK 42 17
1466 BLOCK 36 37
1467 ORDER 741 10 26 30 37 1
1469 ORDER 742 7 17 21 38 0
1472 ORDER 743 6 35 3 28 0
1473 ORDER 744 11 5 42 37 1
1475 ORDER 745 29 18 19 37 2
1476 ORDER 746 13 29 3 9 1
1479 ORDER 747 35 33 3 20 1
1481 CANCEL 676
1484 ORDER 748 30 5 3 34 3
1488 ORDER 749 37 17 16 38 1
1489 ORDER 750 34 32 22 38 1
1492 ORDER 751 10 12 1 28 1
1492 BLOCK 21 37
1496 ORDER 752 16 33 5 38 0
1497 ORDER 753 32 24 15 38 0
1499 ORDER 754 8 17 3 26 1
1500 ORDER 755 17 15 21 37 0
1501 ORDER 756 39 20 15 37 1
1503 ORDER 757 36 29 30 37 0
1506 ORDER 758 42 6 1 1 2
1509 ORDER 759 28 15 7 37 0
1510 ORDER 760 35 29 3 37 0
1511 ORDER 761 9 8 40 37 2
1514 CANCEL 753
1515 ORDER 762 40 14 26 37 0
1515 BLOCK 11 33
1516 ORDER 763 43 11 45 37 1
1518 ORDER 764 42 21 13 37 1
1519 BLOCK 20 14
1520 ORDER 765 10 20 2 20 0
1521 ORDER 766 42 21 2 1 0
1523 ORDER 767 28 17 3 21 0
1525 ORDER 768 29 26 45 38 0
1526 CANCEL 754
1526 ORDER 769 41 8 2 26 0
1527 ORDER 770 24 9 2 21 0
1528 ORDER 771 8 20 6 38 3
1532 ORDER 772 17 20 3 35 0
1533 ORDER 773 18 27 2 14 0
1541 UNBLOCK 23 12
1541 ORDER 774 27 30 1 18 0
1544 ORDER 775 17 8 45 37 1
1545 BLOCK 35 24
1546 ORDER 776 12 27 26 37 0
1547 ORDER 777 11 29 10 38 0
1548 ORDER 778 18 30 3 24 2
1549 ORDER 779 25 35 28 38 0
1551 ORDER 780 33 12 3 31 0
1552 ORDER 781 17 5 1 3 0
1555 ORDER 782 24 11 1 35 1
1556 BLOCK 27 1
1558 ORDER 783 19 23 3 6 2
1559 ORDER 784 17 30 31 37 0
1561 ORDER 785 17 24 17 38 1
1562 ORDER 786 28 15 48 38 0
1565 ORDER 787 9 21 1 21 0
1566 ORDER 788 7 33 10 38 0
1568 ORDER 789 6 27 3 32 2
1569 ORDER 790 45 20 23 37 0
1571 ORDER 791 22 20 1 20 0
1573 ORDER 792 31 21 3 10 1
1574 ORDER 793 41 6 1 29 2
1575 ORDER 794 37 20 3 12 0
1576 ORDER 795 16 18 9 38 0
1581 ORDER 796 25 33 29 37 2
1582 ORDER 797 36 6 3 33 0
1584 UNBLOCK 11 33
1584 ORDER 798 37 35 34 37 3
1586 ORDER 799 26 6 17 38 0
1587 CANCEL 726
1595 ORDER 800 8 18 44 38 1
1597 ORDER 801 42 23 2 2 0
1600 ORDER 802 12 18 1 28 0
1602 ORDER 803 36 6 2 21 1
1606 ORDER 804 44 26 22 38 0
1608 ORDER 805 38 20 32 37 0
1610 UNBLOCK 36 37
1611 ORDER 806 19 6 2 7 2
1612 CANCEL 744
1612 ORDER 807 31 24 1 9 1
1614 UNBLOCK 21 37
1615 ORDER 808 12 18 2 27 0
1616 BLOCK 23 36
1617 ORDER 809 20 33 23 38 0
1619 ORDER 810 24 30 5 37 0
1619 BLOCK 42 3
1620 ORDER 811 23 32 3 28 0
1622 ORDER 812 29 3 1 9 0
1624 UNBLOCK 20 14
1624 ORDER 813 40 3 3 21 0
1626 ORDER 814 9 28 2 2 0
1627 ORDER 815 21 5 48 38 2
1628 ORDER 816 39 32 11 38 0
1630 ORDER 817 7 20 17 37 0
1630 BLOCK 20 29
1631 UNBLOCK 27 1
1632 ORDER 818 18 12 2 5 0
1636 CANCEL 798
1637 ORDER 819 37 6 32 37 0
1638 ORDER 820 22 12 3 16 1
1640 ORDER 821 31 21 1 18 0
1641 ORDER 822 24 6 2 3 1
1642 ORDER 823 30 18 12 38 0
1643 UNBLOCK 35 24
1643 ORDER 824 27 21 1 14 1
1645 ORDER 825 7 14 7 38 0
1646 BLOCK 22 30
1647 ORDER 826 8 5 2 5 0
1648 ORDER 827 38 14 22 37 3
1649 ORDER 828 39 26 29 37 1
1650 CANCEL 752
1651 ORDER 829 43 23 42 38 0
1652 ORDER 830 45 14 2 32 0
1654 ORDER 831 26 27 2 38 1
1655 ORDER 832 17 3 4 37 0
1657 ORDER 833 31 35 36 37 0
1658 ORDER 834 28 21 25 38 2
1660 ORDER 835 44 14 22 37 0
1661 ORDER 836 10 27 35 37 1
1663 ORDER 837 26 12 1 21 0
1669 ORDER 838 38 13 3 19 0
1670 ORDER 839 31 32 3 27 3
1673 ORDER 840 32 6 3 24 0
1675 ORDER 841 45 32 4 38 3
1676 ORDER 842 27 12 1 24 0
1677 ORDER 843 34 29 27 37 1
1678 ORDER 844 7 24 41 38 0
1680 ORDER 845 36 15 2 10 0
1683 ORDER 846 19 18 3 13 2
1684 ORDER 847 45 35 3 28 0
1685 ORDER 848 30 9 41 38 1
1686 CANCEL 819
1686 ORDER 849 10 35 1 37 0
1690 ORDER 850 29 26 11 37 0
1691 BLOCK 11 23
1694 CANCEL 770
1694 ORDER 851 23 21 2 1 3
1695 CANCEL 820
1695 ORDER 852 35 17 3 14 0
1696 ORDER 853 45 8 2 4 0
1697 ORDER 854 8 23 1 35 1
1698 ORDER 855 8 18 3 16 2
1703 ORDER 856 21 6 28 37 1
1705 UNBLOCK 42 3
1705 UNBLOCK 22 30
1705 ORDER 857 45 32 15 38 0
1706 ORDER 858 6 3 1 3 2
1707 ORDER 859 18 20 46 38 1
1713 ORDER 860 18 15 8 38 2
1713 BLOCK 37 15
1714 ORDER 861 32 5 14 38 3
1715 ORDER 862 30 3 1 4 0
1716 ORDER 863 20 30 1 18 2
1717 BLOCK 26 25
1721 ORDER 864 22 20 2 7 1
1723 ORDER 865 19 5 2 23 0
1730 ORDER 866 41 35 1 10 0
1733 ORDER 867 36 27 46 38 0
1735 ORDER 868 42 9 28 38 0
1740 ORDER 869 16 9 39 37 0
1743 ORDER 870 36 35 1 30 2
1745 ORDER 871 25 30 25 38 3
1746 ORDER 872 33 26 47 37 0
1749 ORDER 873 36 29 14 37 0
1752 ORDER 874 6 21 3 18 0
1753 UNBLOCK 20 29
1754 ORDER 875 31 32 39 38 3
1755 ORDER 876 21 20 2 33 0
1757 ORDER 877 19 32 8 37 1
1760 ORDER 878 6 8 2 16 0
1761 CANCEL 823
1763 UNBLOCK 11 23
1764 UNBLOCK 23 36
1771 ORDER 879 28 18 47 38 0
1772 ORDER 880 12 6 26 37 0
1773 ORDER 881 29 26 3 26 2
1774 ORDER 882 11 17 16 38 0
1775 ORDER 883 33 24 38 37 3
1778 ORDER 884 29 12 43 37 0
1780 UNBLOCK 37 15
1781 BLOCK 41 1
1782 ORDER 885 9 12 1 30 0
1784 ORDER 886 28 32 3 37 0
1785 CANCEL 809
1786 ORDER 887 29 26 42 37 0
1787 ORDER 888 44 32 1 14 0
1788 ORDER 889 37 26 1 28 1
1793 ORDER 890 44 32 2 18 0
1793 BLOCK 37 11
1794 ORDER 891 38 18 1 31 0
1795 ORDER 892 36 35 2 15 0
1796 ORDER 893 26 9 1 9 0
1797 ORDER 894 39 27 3 32 1
1798 ORDER 895 31 15 3 31 0
1799 ORDER 896 30 3 38 38 1
1802 ORDER 897 18 15 7 38 0
1806 ORDER 898 7 29 3 25 0
1809 CANCEL 871
1809 ORDER 899 11 20 7 38 0
1810 ORDER 900 43 6 3 26 1
1812 CANCEL 818
1812 ORDER 901 36 21 36 37 0
1813 CANCEL 896
1814 ORDER 902 27 35 1 31 0
1815 ORDER 903 22 11 22 38 0
1818 ORDER 904 17 11 16 38 0
1819 ORDER 905 35 17 22 38 2
1822 ORDER 906 38 35 3 25 0
1823 ORDER 907 27 23 38 37 1
1825 BLOCK 7 8
1826 ORDER 908 21 20 13 37 0
1827 ORDER 909 20 32 22 38 0
1829 ORDER 910 31 26 3 32 0
1830 ORDER 911 31 15 11 38 0
1834 ORDER 912 42 23 31 37 1
1835 ORDER 913 36 15 34 38 0
1836 ORDER 914 9 35 1 12 0
1839 ORDER 915 26 18 30 37 0
1841 ORDER 916 9 11 40 37 0
1843 ORDER 917 35 21 27 37 1
1847 ORDER 918 45 20 3 24 0
1848 ORDER 919 22 11 1 3 0
1850 CANCEL 882
1850 ORDER 920 30 14 3 21 0
1852 ORDER 921 21 27 39 38 0
1855 ORDER 922 35 27 23 38 0
1856 UNBLOCK 26 25
1856 ORDER 923 20 23 18 38 0
1857 ORDER 924 37 8 2 6 0
1859 ORDER 925 12 8 28 38 2
1861 ORDER 926 11 12 2 27 0
1862 ORDER 927 30 14 35 38 1
1863 ORDER 928 16 27 1 4 0
1864 ORDER 929 27 11 3 22 1
1867 ORDER 930 7 24 3 17 0
1871 ORDER 931 36 35 2 21 0
1873 ORDER 932 19 30 3 37 1
1876 ORDER 933 8 5 40 37 0
1877 UNBLOCK 7 8
1877 ORDER 934 39 15 1 25 0
1878 ORDER 935 7 20 29 37 0
1879 ORDER 936 19 29 2 16 1
1880 ORDER 937 12 32 7 37 0
1883 ORDER 938 43 11 36 37 1
1885 ORDER 939 16 8 22 37 1
1886 ORDER 940 17 17 1 36 0
1888 ORDER 941 19 26 2 24 0
1889 UNBLOCK 41 1
1890 ORDER 942 7 35 31 37 0
1891 ORDER 943 44 14 1 8 1
1892 ORDER 944 21 27 9 38 2
1893 ORDER 945 11 27 1 38 0
1895 ORDER 946 31 9 1 38 1
1897 ORDER 947 18 26 44 38 0
1899 ORDER 948 19 21 46 38 1
1901 ORDER 949 12 14 35 37 0
1902 ORDER 950 10 17 1 8 0
1903 ORDER 951 21 3 3 32 1
1904 CANCEL 100951
1905 ORDER 952 19 14 2 38 0
1909 ORDER 953 23 24 3 36 1
1912 ORDER 954 26 3 39 37 0
1913 ORDER 955 35 32 1 18 0
1914 ORDER 956 23 11 21 37 0
1916 ORDER 957 24 17 2 13 1
1918 CANCEL 924
1926 ORDER 958 26 23 1 15 0
1927 ORDER 959 17 33 4 38 0
1929 ORDER 960 33 11 1 26 0
1930 ORDER 961 12 14 3 37 1
1931 BLOCK 5 35
1934 UNBLOCK 37 11
1935 ORDER 962 36 30 3 12 0
1937 ORDER 963 9 5 29 37 1
1938 ORDER 964 11 32 1 2 0
1941 ORDER 965 37 32 39 37 1
1942 ORDER 966 30 35 29 38 0
1943 ORDER 967 36 5 43 37 0
1944 ORDER 968 38 26 2 2 0
1946 ORDER 969 28 20 3 15 0
1946 CANCEL 100969
1947 ORDER 970 11 12 2 14 0
1948 ORDER 971 32 8 43 37 0
1950 ORDER 972 42 20 2 14 0
1951 ORDER 973 19 14 46 38 0
1953 ORDER 974 38 23 3 30 0
1954 ORDER 975 11 17 44 37 0
1955 ORDER 976 26 35 1 2 1
1956 ORDER 977 20 33 3 25 1
1957 ORDER 978 29 25 40 37 1
1959 ORDER 979 7 14 24 37 0
1960 CANCEL 934
1960 ORDER 980 31 9 33 38 1
1964 ORDER 981 37 6 3 38 1
1964 BLOCK 44 11
1965 ORDER 982 28 35 4 37 0
1969 ORDER 983 9 20 10 38 1
1970 ORDER 984 11 33 6 38 0
1971 BLOCK 10 18
1974 ORDER 985 19 26 17 37 0
1975 ORDER 986 12 29 3 25 0
1978 BLOCK 11 27
1981 ORDER 987 30 12 3 8 1
1983 ORDER 988 31 17 1 23 1
1985 ORDER 989 29 6 1 2 0
1986 BLOCK 9 32
1988 ORDER 990 27 24 1 10 1
1989 ORDER 991 24 26 41 37 0
1990 ORDER 992 13 29 2 35 2
1991 ORDER 993 11 24 1 15 0
1992 ORDER 994 38 26 3 38 1
1993 ORDER 995 19 21 37 37 0
1994 ORDER 996 20 14 5 38 0
1995 ORDER 997 40 17 45 38 0
1997 ORDER 998 29 18 14 37 0
2002 ORDER 999 21 20 2 35 0
2005 ORDER 1000 12 17 14 37 1
2006 ORDER 1001 24 21 1 24 2
2010 ORDER 1002 35 8 2 2 3
2011 ORDER 1003 41 11 42 37 0
2013 ORDER 1004 36 18 1 21 0
2014 ORDER 1005 40 14 2 26 0
2016 CANCEL 913
2017 ORDER 1006 37 24 2 34 0
2018 ORDER 1007 23 21 33 37 3
2021 ORDER 1008 20 24 1 13 0
2022 ORDER 1009 27 18 47 38 0
2023 UNBLOCK 11 27
2023 ORDER 1010 18 14 1 10 1
2025 ORDER 1011 8 26 3 34 0
2026 ORDER 1012 26 35 2 12 1
2027 ORDER 1013 18 23 13 37 0
2028 UNBLOCK 44 11
2028 ORDER 1014 41 18 1 25 0
2029 ORDER 1015 18 5 8 37 1
2030 ORDER 1016 28 29 30 38 1
2030 BLOCK 11 1
2034 ORDER 1017 16 9 32 37 1
2035 ORDER 1018 16 32 15 37 0
2036 ORDER 1019 39 3 46 38 3
2037 CANCEL 922
2037 ORDER 1020 24 35 1 27 0
2038 ORDER 1021 29 14 4 38 2
2041 ORDER 1022 8 33 46 38 0
2044 ORDER 1023 7 23 3 4 0
2044 BLOCK 13 29
2049 ORDER 1024 35 17 32 38 2
2051 ORDER 1025 9 5 2 23 1
2052 ORDER 1026 42 20 3 1 0
2054 ORDER 1027 15 33 2 8 0
2055 ORDER 1028 29 6 3 12 3
2056 ORDER 1029 24 26 2 37 0
2057 ORDER 1030 31 33 3 24 0
2060 ORDER 1031 23 20 48 38 1
2063 ORDER 1032 17 30 24 38 1
2065 BLOCK 17 36
2066 ORDER 1033 45 20 35 38 1
2067 ORDER 1034 28 20 37 38 0
2068 UNBLOCK 5 35
2070 ORDER 1035 9 29 3 38 1
2071 ORDER 1036 26 27 46 37 0
2072 ORDER 1037 40 18 3 18 0
2073 ORDER 1038 38 6 2 37 0
2074 ORDER 1039 15 32 38 38 1
2075 ORDER 1040 31 5 2 17 0
2076 ORDER 1041 38 14 42 37 1
2077 BLOCK 40 18
2078 ORDER 1042 15 9 13 38 1
2080 ORDER 1043 37 5 16 38 1
2081 ORDER 1044 39 20 6 37 0
2083 ORDER 1045 45 18 3 28 1
2085 ORDER 1046 39 5 12 37 2
2091 ORDER 1047 31 18 1 37 0
2092 UNBLOCK 9 32
2095 ORDER 1048 24 17 1 25 2
2096 ORDER 1049 45 35 11 38 1
2097 CANCEL 1023
2098 ORDER 1050 22 26 32 38 2
2099 UNBLOCK 17 36
2100 ORDER 1051 23 20 13 38 0
2102 UNBLOCK 10 18
2104 ORDER 1052 12 26 1 37 1
2105 ORDER 1053 9 27 20 37 0
2106 CANCEL 1004
2106 ORDER 1054 14 24 12 37 0
2107 ORDER 1055 23 32 2 5 0
2110 ORDER 1056 9 5 22 38 0
2115 ORDER 1057 37 5 28 38 0
2116 ORDER 1058 34 20 45 37 0
2117 ORDER 1059 35 7 20 37 0
2119 ORDER 1060 20 23 1 20 0
2121 ORDER 1061 16 12 2 20 1
2122 ORDER 1062 10 20 3 18 0
2125 ORDER 1063 28 20 1 18 0
2126 ORDER 1064 29 33 26 38 0
2127 UNBLOCK 13 29
2127 ORDER 1065 12 8 3 30 3
2131 ORDER 1066 34 6 6 37 0
2132 ORDER 1067 44 6 20 37 1
2133 ORDER 1068 14 24 1 19 0
2134 ORDER 1069 19 8 2 31 0
2138 BLOCK 43 9
2145 BLOCK 37 10
2147 ORDER 1070 26 29 3 22 0
2148 ORDER 1071 42 23 2 9 0
2150 ORDER 1072 42 20 3 36 1
2152 ORDER 1073 41 12 2 20 0
2152 BLOCK 19 26
2154 ORDER 1074 40 35 28 38 2
2159 ORDER 1075 45 32 27 38 1
2161 BLOCK 18 37
2163 ORDER 1076 28 30 3 1 0
2164 ORDER 1077 10 14 3 16 0
2165 ORDER 1078 18 18 1 6 0
2165 BLOCK 17 30
2166 ORDER 1079 17 27 1 1 0
2168 ORDER 1080 34 27 1 6 0
2169 UNBLOCK 11 1
2173 UNBLOCK 40 18
2173 ORDER 1081 31 5 19 38 0
2175 UNBLOCK 43 9
2175 ORDER 1082 8 14 1 8 0
2176 ORDER 1083 12 30 1 14 1
2178 ORDER 1084 8 24 31 37 0
2179 ORDER 1085 26 14 41 38 0
2181 BLOCK 35 26
2182 CANCEL 101085
2183 ORDER 1086 12 24 16 38 0
2184 CANCEL 1010
2185 ORDER 1087 38 20 2 15 1
2186 BLOCK 31 14
2187 ORDER 1088 45 5 3 13 3
2188 BLOCK 21 33
2189 ORDER 1089 10 18 2 4 0
2191 ORDER 1090 32 3 1 21 0
2191 BLOCK 10 6
2194 ORDER 1091 41 29 1 31 0
2195 ORDER 1092 31 33 2 33 2
2197 ORDER 1093 26 3 32 38 0
2199 UNBLOCK 19 26
2202 ORDER 1094 42 6 3 33 0
2202 CANCEL 101094
2203 ORDER 1095 39 30 3 21 1
2204 ORDER 1096 19 32 17 37 3
2205 ORDER 1097 38 12 7 38 1
2206 ORDER 1098 27 23 1 32 1
2207 ORDER 1099 41 23 26 38 0
2208 CANCEL 1032
2208 ORDER 1100 29 35 2 8 2
2211 UNBLOCK 21 33
2211 ORDER 1101 41 6 42 37 1
2216 ORDER 1102 38 33 2 4 0
2217 BLOCK 26 5
2219 ORDER 1103 28 23 2 24 0
2221 ORDER 1104 28 27 1 31 1
2222 ORDER 1105 7 20 29 38 0
2223 ORDER 1106 25 32 1 18 0
2224 UNBLOCK 10 6
2224 ORDER 1107 18 6 34 38 2
2227 ORDER 1108 41 11 46 38 0
2228 ORDER 1109 41 12 23 38 1
2229 ORDER 1110 36 8 1 38 0
2231 ORDER 1111 19 12 1 30 3
2232 ORDER 1112 39 9 13 38 0
2233 ORDER 1113 43 5 35 37 0
2234 ORDER 1114 24 26 35 38 1
2236 ORDER 1115 25 6 38 38 0
2237 ORDER 1116 44 23 1 8 1
2238 ORDER 1117 7 32 39 38 1
2239 ORDER 1118 25 15 12 37 0
2242 ORDER 1119 42 24 19 38 0
2246 UNBLOCK 18 37
2247 ORDER 1120 17 23 3 29 0
2249 ORDER 1121 29 17 10 38 1
2257 CANCEL 1066
2257 ORDER 1122 10 15 3 19 1
2262 ORDER 1123 19 27 46 37 1
2263 BLOCK 6 3
2264 ORDER 1124 11 17 39 37 0
2266 ORDER 1125 41 24 13 38 1
2268 ORDER 1126 45 30 2 15 0
2269 ORDER 1127 12 27 3 22 1
2271 ORDER 1128 45 21 3 14 0
2272 ORDER 1129 9 5 1 35 0
2273 ORDER 1130 19 21 2 20 0
2275 ORDER 1131 8 30 31 38 0
2277 UNBLOCK 31 14
2280 ORDER 1132 41 8 17 38 0
2281 ORDER 1133 37 27 2 35 0
2282 ORDER 1134 17 23 2 20 0
2284 ORDER 1135 35 21 41 38 0
2286 ORDER 1136 37 29 32 37 1
2287 ORDER 1137 7 18 2 28 2
2289 ORDER 1138 44 3 2 5 1
2291 ORDER 1139 27 27 23 37 2
2292 ORDER 1140 41 17 3 9 1
2293 UNBLOCK 37 10
2293 UNBLOCK 6 3
2295 ORDER 1141 20 21 24 37 2
2298 UNBLOCK 17 30
2298 ORDER 1142 39 17 48 37 2
2299 ORDER 1143 42 18 2 6 2
2300 ORDER 1144 17 26 3 33 0
2306 UNBLOCK 35 26
2306 ORDER 1145 30 29 1 13 0
2307 ORDER 1146 25 5 3 2 0
2308 ORDER 1147 42 23 1 32 0
2311 ORDER 1148 42 15 3 14 0
2312 ORDER 1149 40 11 1 12 0
2314 ORDER 1150 21 3 3 32 0
2315 BLOCK 42 26
2316 ORDER 1151 18 11 44 37 1
2323 ORDER 1152 9 32 26 38 1
2324 ORDER 1153 19 9 39 37 0
2327 BLOCK 9 6
2328 ORDER 1154 39 5 4 37 2
2330 ORDER 1155 36 14 14 37 1
2332 ORDER 1156 42 20 28 37 0
2333 ORDER 1157 25 29 24 37 3
2334 ORDER 1158 41 29 3 7 0
2335 ORDER 1159 19 11 2 19 2
2336 ORDER 1160 41 24 47 38 1
2337 UNBLOCK 26 5
2337 ORDER 1161 28 20 8 38 0
2342 ORDER 1162 37 14 3 18 2
2343 ORDER 1163 18 29 3 8 0
2345 ORDER 1164 38 26 29 38 0
2348 ORDER 1165 31 12 2 16 0
2349 ORDER 1166 7 3 7 37 0
2350 ORDER 1167 6 6 2 31 0
2350 BLOCK 9 23
2353 ORDER 1168 41 21 1 31 0
2354 ORDER 1169 45 18 2 5 0
2355 ORDER 1170 7 11 19 38 0
2357 ORDER 1171 7 12 28 38 0
2361 ORDER 1172 15 14 2 35 2
2362 ORDER 1173 30 12 1 19 0
2363 ORDER 1174 28 12 3 13 0
2365 ORDER 1175 43 5 5 37 0
2367 UNBLOCK 42 26
2367 ORDER 1176 6 12 2 13 0
2369 ORDER 1177 45 18 3 33 1
2369 BLOCK 39 9
2370 ORDER 1178 30 15 1 23 0
2371 ORDER 1179 38 9 2 21 1
2373 ORDER 1180 9 5 1 9 1
2373 BLOCK 30 27
2376 ORDER 1181 28 5 2 32 3
2378 ORDER 1182 20 6 14 37 0
2382 ORDER 1183 27 15 10 38 0
2385 ORDER 1184 16 21 4 38 0
2386 CANCEL 1171
2387 ORDER 1185 20 8 3 6 0
2387 BLOCK 26 32
2388 ORDER 1186 15 23 2 1 2
2390 ORDER 1187 24 5 48 37 1
2391 ORDER 1188 30 30 3 29 0
2392 CANCEL 101188
2394 ORDER 1189 23 11 32 38 1
2397 ORDER 1190 34 9 1 15 2
2398 ORDER 1191 9 20 37 37 0
2399 ORDER 1192 43 6 1 22 1
2404 ORDER 1193 37 17 1 30 0
2405 ORDER 1194 6 21 22 37 0
2406 ORDER 1195 27 3 11 38 1
2407 ORDER 1196 17 26 5 38 0
2410 ORDER 1197 11 24 3 9 0
2413 ORDER 1198 34 35 5 37 1
2418 ORDER 1199 8 26 35 37 0
2420 ORDER 1200 16 27 31 38 0
2422 ORDER 1201 16 3 1 13 2
2423 ORDER 1202 45 33 27 38 1
2424 ORDER 1203 9 17 2 18 0
2425 CANCEL 1130
2425 ORDER 1204 35 8 44 37 0
2426 ORDER 1205 16 15 2 22 0
2428 ORDER 1206 36 33 24 38 0
2434 ORDER 1207 39 3 2 34 0
2436 ORDER 1208 6 17 32 38 0
2439 ORDER 1209 12 8 1 13 1
2440 ORDER 1210 36 23 3 31 1
2442 ORDER 1211 21 27 5 37 1
2443 UNBLOCK 9 6
2444 ORDER 1212 28 23 3 24 0
2446 ORDER 1213 6 35 18 38 0
2448 ORDER 1214 41 20 11 37 2
2450 ORDER 1215 15 30 3 7 1
2452 ORDER 1216 9 6 1 32 0
2459 CANCEL 1161
2460 ORDER 1217 23 21 3 25 0
2461 ORDER 1218 38 32 1 27 0
2462 UNBLOCK 30 27
2462 ORDER 1219 32 14 2 11 1
2463 ORDER 1220 30 9 3 13 1
2464 ORDER 1221 10 32 25 38 0
2466 UNBLOCK 39 9
2466 ORDER 1222 39 12 21 38 2
2467 ORDER 1223 15 32 44 38 0
2469 BLOCK 23 23
2471 ORDER 1224 7 32 37 37 2
2473 ORDER 1225 43 23 2 29 1
2476 CANCEL 1186
2476 BLOCK 9 26
2478 ORDER 1226 25 33 2 33 0
2479 ORDER 1227 34 35 2 19 2
2480 ORDER 1228 44 5 24 37 0
2481 ORDER 1229 21 33 3 34 1
2483 ORDER 1230 38 3 3 4 0
2484 ORDER 1231 9 20 2 23 2
2487 ORDER 1232 23 32 44 38 2
2489 BLOCK 23 33
2490 UNBLOCK 9 23
2492 ORDER 1233 28 27 43 38 0
2497 ORDER 1234 8 11 2 14 0
2498 ORDER 1235 28 29 1 25 0
2499 BLOCK 32 29
2502 BLOCK 24 14
2503 ORDER 1236 35 29 24 38 0
2504 ORDER 1237 33 6 48 37 0
2505 CANCEL 1165
2508 CANCEL 1226
2508 ORDER 1238 27 20 44 37 0
2508 BLOCK 14 9
2509 ORDER 1239 29 5 2 10 0
2510 CANCEL 1181
2510 ORDER 1240 35 27 28 38 2
2511 ORDER 1241 29 24 2 1 0
2513 ORDER 1242 10 3 26 38 0
2513 BLOCK 5 22
2514 ORDER 1243 11 26 10 37 0
2517 ORDER 1244 40 30 26 37 1
2519 ORDER 1245 25 9 33 37 2
2521 ORDER 1246 20 32 2 15 0
2522 ORDER 1247 10 7 1 25 0
2525 ORDER 1248 39 29 3 33 1
2526 ORDER 1249 9 24 2 3 1
2529 UNBLOCK 26 32
2529 ORDER 1250 27 3 1 24 0
2532 ORDER 1251 12 26 22 37 0
2534 ORDER 1252 15 23 1 17 0
2543 ORDER 1253 12 26 33 37 0
2543 BLOCK 10 15
2544 ORDER 1254 30 3 46 38 2
2549 ORDER 1255 7 6 1 33 0
2550 ORDER 1256 40 3 20 38 0
2552 ORDER 1257 18 12 20 37 0
2552 BLOCK 31 35
2553 CANCEL 1247
2553 ORDER 1258 44 30 1 6 0
2554 ORDER 1259 6 14 14 37 2
2555 UNBLOCK 23 33
2555 UNBLOCK 24 14
2557 ORDER 1260 9 14 36 37 2
2558 ORDER 1261 42 9 2 23 3
2559 ORDER 1262 33 29 2 12 0
2562 UNBLOCK 23 23
2563 ORDER 1263 7 27 32 38 3
2566 ORDER 1264 35 8 8 37 2
2567 ORDER 1265 7 24 1 15 0
2568 ORDER 1266 39 26 2 37 1
2569 ORDER 1267 25 35 40 37 2
2569 BLOCK 24 37
2573 ORDER 1268 23 26 26 38 0
2575 ORDER 1269 39 12 2 36 1
2576 ORDER 1270 37 18 1 26 0
2578 ORDER 1271 37 33 2 11 0
2580 ORDER 1272 43 15 1 15 0
2581 ORDER 1273 32 17 27 38 0
2582 ORDER 1274 18 32 1 20 0
2585 ORDER 1275 6 3 36 37 0
2586 ORDER 1276 29 3 10 37 1
2589 ORDER 1277 28 26 2 20 0
2592 ORDER 1278 15 11 2 11 0
2593 ORDER 1279 32 21 43 38 0
2594 ORDER 1280 33 8 2 15 0
2598 UNBLOCK 9 26
2598 BLOCK 14 36
2599 UNBLOCK 32 29
2599 ORDER 1281 39 18 1 31 1
2602 ORDER 1282 44 26 3 32 0
2603 ORDER 1283 15 14 13 37 3
2604 ORDER 1284 30 32 2 31 1
2608 BLOCK 20 30
2609 ORDER 1285 27 35 1 38 1
2610 ORDER 1286 20 8 3 22 1
2611 ORDER 1287 22 11 1 14 0
2612 ORDER 1288 29 35 2 5 1
2613 ORDER 1289 31 5 1 24 2
2614 ORDER 1290 32 5 2 4 0
2617 BLOCK 6 20
2619 ORDER 1291 36 15 3 27 0
2621 ORDER 1292 33 6 6 38 1
2622 ORDER 1293 45 32 45 37 1
2623 ORDER 1294 29 14 1 32 2
2625 ORDER 1295 34 30 2 19 2
2627 ORDER 1296 29 29 45 38 0
2627 BLOCK 20 2
2630 ORDER 1297 9 24 2 9 1
2631 UNBLOCK 14 9
2631 ORDER 1298 8 27 3 19 1
2633 ORDER 1299 28 26 3 35 2
2634 ORDER 1300 34 32 3 33 0
2635 ORDER 1301 10 11 3 3 0
2637 ORDER 1302 31 19 32 38 3
2639 UNBLOCK 31 35
2640 ORDER 1303 38 35 3 28 0
2640 BLOCK 37 1
2641 ORDER 1304 17 17 1 26 2
2643 ORDER 1305 27 32 2 32 1
2644 ORDER 1306 45 35 11 37 0
2649 ORDER 1307 18 11 9 38 0
2650 ORDER 1308 23 23 1 21 1
2653 UNBLOCK 5 22
2654 BLOCK 39 27
2655 ORDER 1309 36 18 1 10 0
2656 ORDER 1310 39 30 1 18 0
2656 BLOCK 24 29
2657 ORDER 1311 40 17 3 4 2
2660 ORDER 1312 34 6 2 35 3
2661 ORDER 1313 29 14 2 34 2
2663 UNBLOCK 20 30
2663 ORDER 1314 27 32 43 38 0
2664 ORDER 1315 25 35 9 38 1
2666 ORDER 1316 8 30 3 17 0
2667 ORDER 1317 31 21 2 29 1
2668 ORDER 1318 41 9 32 38 0
2670 ORDER 1319 19 18 48 37 1
2671 ORDER 1320 37 18 19 37 2
2671 BLOCK 45 35
2672 UNBLOCK 10 15
2672 ORDER 1321 11 9 46 37 1
2673 ORDER 1322 11 27 4 37 0
2674 ORDER 1323 12 30 2 28 0
2675 ORDER 1324 6 23 1 5 1
2677 BLOCK 24 19
2679 UNBLOCK 37 1
2680 ORDER 1325 38 14 39 38 0
2686 UNBLOCK 6 20
2687 ORDER 1326 33 25 31 37 0
2688 ORDER 1327 45 33 1 17 0
2690 ORDER 1328 18 24 44 38 1
2691 CANCEL 1266
2693 UNBLOCK 20 2
2693 ORDER 1329 21 35 1 5 0
2693 BLOCK 35 9
2694 UNBLOCK 14 36
2695 ORDER 1330 37 30 3 14 1
2699 ORDER 1331 35 33 1 27 1
2700 ORDER 1332 19 29 1 8 0
2701 ORDER 1333 30 11 17 38 0
2702 ORDER 1334 34 8 42 37 1
2706 ORDER 1335 21 35 2 18 2
2707 ORDER 1336 12 24 2 10 2
2708 ORDER 1337 27 23 1 12 2
2710 ORDER 1338 42 6 44 38 1
2711 ORDER 1339 41 21 48 38 3
2712 ORDER 1340 12 8 1 3 0
2713 ORDER 1341 10 9 23 37 0
2713 BLOCK 30 18
2714 ORDER 1342 21 8 11 37 0
2715 UNBLOCK 24 37
2716 ORDER 1343 37 8 24 38 0
2717 ORDER 1344 13 8 12 37 2
2720 ORDER 1345 30 35 1 1 0
2721 UNBLOCK 24 29
2726 ORDER 1346 13 20 41 37 0
2727 ORDER 1347 25 21 1 16 1
2729 ORDER 1348 20 32 6 37 1
2730 ORDER 1349 42 9 25 38 0
2732 UNBLOCK 39 27
2732 ORDER 1350 25 11 21 37 1
2734 ORDER 1351 29 32 3 11 1
2736 ORDER 1352 18 6 44 37 0
2737 ORDER 1353 36 12 40 37 0
2738 ORDER 1354 27 35 26 37 0
2739 ORDER 1355 15 15 5 37 0
2740 ORDER 1356 11 9 3 6 0
2744 ORDER 1357 15 14 2 12 1
2750 UNBLOCK 30 18
2750 ORDER 1358 41 26 31 37 1
2752 ORDER 1359 36 3 3 20 1
2753 ORDER 1360 6 17 1 38 1
2755 ORDER 1361 22 11 3 25 0
2756 ORDER 1362 44 29 2 38 1
2757 ORDER 1363 23 20 2 8 0
2758 ORDER 1364 8 35 27 38 0
2759 ORDER 1365 9 33 22 37 2
2761 ORDER 1366 20 27 5 37 1
2762 ORDER 1367 22 9 2 27 0
2763 ORDER 1368 17 8 1 37 1
2764 ORDER 1369 30 20 2 11 0
2764 BLOCK 39 21
2765 ORDER 1370 38 32 2 33 0
2767 ORDER 1371 42 26 31 37 1
2768 ORDER 1372 21 8 46 37 0
2769 ORDER 1373 24 9 2 31 0
2770 UNBLOCK 45 35
2770 ORDER 1374 35 8 2 21 0
2771 ORDER 1375 9 15 3 3 0
2772 ORDER 1376 44 30 2 34 0
2775 ORDER 1377 10 29 2 4 3
2778 ORDER 1378 7 12 2 29 0
2780 ORDER 1379 16 35 1 12 1
2781 ORDER 1380 8 24 42 37 1
2782 ORDER 1381 41 15 2 11 0
2784 ORDER 1382 37 35 4 38 1
2788 ORDER 1383 38 8 2 33 0
2789 ORDER 1384 13 25 25 37 1
2790 ORDER 1385 8 23 41 38 0
2791 ORDER 1386 7 11 12 37 0
2792 UNBLOCK 24 19
2793 ORDER 1387 26 5 1 23 0
2793 BLOCK 5 8
2794 ORDER 1388 12 21 1 28 3
2796 ORDER 1389 10 30 1 30 0
2797 ORDER 1390 13 3 2 25 3
2798 BLOCK 43 28
2803 ORDER 1391 9 17 1 21 0
2806 ORDER 1392 45 20 3 16 0
2807 ORDER 1393 25 27 22 38 0
2808 ORDER 1394 40 14 2 37 0
2815 ORDER 1395 39 32 2 21 0
2815 BLOCK 39 1
2816 ORDER 1396 42 20 3 31 0
2816 BLOCK 31 5
2817 ORDER 1397 6 35 40 38 0
2820 ORDER 1398 24 33 1 36 0
2821 UNBLOCK 39 21
2821 ORDER 1399 36 21 36 38 0
2823 ORDER 1400 38 17 3 4 1
2826 ORDER 1401 45 27 1 21 3
2828 ORDER 1402 31 35 1 33 2
2830 CANCEL 1350
2830 ORDER 1403 36 33 4 38 1
2831 UNBLOCK 5 8
2832 ORDER 1404 29 35 1 34 3
2833 ORDER 1405 37 23 33 37 1
2841 UNBLOCK 43 28
2841 ORDER 1406 43 8 3 24 1
2842 ORDER 1407 11 18 43 38 0
2842 BLOCK 34 13
2843 UNBLOCK 35 9
2845 ORDER 1408 18 3 2 18 0
2846 ORDER 1409 21 8 4 38 0
2849 BLOCK 10 1
2850 ORDER 1410 28 14 42 37 0
2851 ORDER 1411 21 3 26 38 0
2854 ORDER 1412 25 6 38 37 0
2855 ORDER 1413 13 6 18 37 0
2857 ORDER 1414 45 32 46 37 1
2859 ORDER 1415 40 25 1 35 3
2861 ORDER 1416 13 5 1 35 0
2866 ORDER 1417 24 17 2 30 1
2867 ORDER 1418 16 12 1 10 1
2868 ORDER 1419 20 23 3 19 1
2870 ORDER 1420 30 29 2 34 0
2870 BLOCK 10 20
2872 ORDER 1421 8 20 31 38 1
2872 BLOCK 28 8
2876 ORDER 1422 36 32 17 38 0
2880 ORDER 1423 10 27 3 14 0
2882 ORDER 1424 16 35 8 38 0
2883 ORDER 1425 44 24 1 4 0
2885 ORDER 1426 30 15 23 38 0
2886 ORDER 1427 11 29 30 37 0
2888 ORDER 1428 45 35 20 37 2
2889 ORDER 1429 29 8 3 3 0
2890 ORDER 1430 6 32 38 37 1
2891 ORDER 1431 37 12 2 28 0
2892 ORDER 1432 10 19 1 13 1
2896 ORDER 1433 33 12 1 32 0
2898 ORDER 1434 15 15 1 25 3
2899 CANCEL 1394
2899 ORDER 1435 26 33 3 21 1
2901 ORDER 1436 15 32 2 23 1
2902 UNBLOCK 39 1
2905 ORDER 1437 31 20 1 29 0
2906 ORDER 1438 44 32 1 15 0
2907 ORDER 1439 10 15 27 38 0
2911 UNBLOCK 34 13
2911 ORDER 1440 39 16 21 37 0
2914 ORDER 1441 41 6 25 37 0
2916 ORDER 1442 18 5 48 37 1
2918 ORDER 1443 44 35 1 31 0
2919 UNBLOCK 10 1
2919 ORDER 1444 24 23 45 37 1
2920 UNBLOCK 28 8
2921 ORDER 1445 44 6 2 1 0
2922 ORDER 1446 21 12 7 37 0
2923 ORDER 1447 23 14 3 11 0
2924 ORDER 1448 33 14 2 9 3
2926 ORDER 1449 8 12 44 38 0
2927 ORDER 1450 7 30 2 26 1
2928 CANCEL 1437
2929 ORDER 1451 10 32 5 37 1
2931 ORDER 1452 39 5 45 37 0
2932 ORDER 1453 26 27 2 29 0
2935 ORDER 1454 34 21 2 29 0
2936 ORDER 1455 24 17 3 38 2
2938 ORDER 1456 13 6 19 37 2
2940 ORDER 1457 11 32 24 37 0
2940 BLOCK 39 5
2941 ORDER 1458 10 23 39 38 0
2944 ORDER 1459 37 8 15 37 1
2949 ORDER 1460 43 8 3 35 0
2951 ORDER 1461 23 30 2 29 0
2953 CANCEL 1432
2954 ORDER 1462 11 5 33 38 0
2955 UNBLOCK 31 5
2955 ORDER 1463 11 3 2 15 0
2955 BLOCK 10 26
2957 ORDER 1464 35 21 31 38 1
2957 BLOCK 17 6
2958 ORDER 1465 43 8 12 38 2
2959 ORDER 1466 24 15 32 38 1
2960 ORDER 1467 11 24 29 37 0
2962 ORDER 1468 40 3 2 3 0
2963 ORDER 1469 25 17 13 37 0
2965 ORDER 1470 35 35 1 28 2
2966 CANCEL 1440
2969 ORDER 1471 17 6 22 37 1
2972 ORDER 1472 37 29 32 38 0
2976 ORDER 1473 8 27 38 37 1
2978 ORDER 1474 31 35 2 18 0
2979 ORDER 1475 44 12 1 3 0
2980 ORDER 1476 7 35 3 6 0
2981 ORDER 1477 44 12 3 20 0
2982 ORDER 1478 34 18 13 38 0
2990 UNBLOCK 10 20
2995 ORDER 1479 26 12 21 37 3
2996 ORDER 1480 8 17 3 10 1
2997 ORDER 1481 22 27 8 37 1
2999 ORDER 1482 12 29 36 37 2
3000 ORDER 1483 34 8 1 28 1
3002 ORDER 1484 31 17 3 16 2
3005 ORDER 1485 28 14 3 1 0
3006 ORDER 1486 32 23 2 3 0
3008 ORDER 1487 13 24 1 4 0
3009 BLOCK 31 2
3010 ORDER 1488 38 22 2 31 1
3011 ORDER 1489 31 23 2 19 1
3012 ORDER 1490 14 11 1 10 0
3013 ORDER 1491 24 32 2 10 0
3017 ORDER 1492 22 18 3 4 0
3018 ORDER 1493 24 23 33 38 0
3019 ORDER 1494 37 8 3 23 0
3020 ORDER 1495 16 35 36 37 1
3021 ORDER 1496 44 27 41 37 0
3022 ORDER 1497 32 11 12 37 0
3023 ORDER 1498 44 32 33 38 1
3024 ORDER 1499 11 27 29 38 2
3025 ORDER 1500 13 18 1 34 1
3026 ORDER 1501 19 17 2 26 0
3027 ORDER 1502 37 8 2 12 0
3029 ORDER 1503 19 18 18 38 2
3030 ORDER 1504 35 33 48 38 1
3034 ORDER 1505 22 12 7 37 0
3036 ORDER 1506 19 5 19 38 0
3038 ORDER 1507 12 27 3 31 2
3039 ORDER 1508 32 24 12 38 1
3040 CANCEL 1482
3041 UNBLOCK 17 6
3042 ORDER 1509 22 26 1 11 0
3044 ORDER 1510 33 24 19 37 0
3045 ORDER 1511 8 30 3 32 0
3045 BLOCK 38 14
3048 ORDER 1512 22 9 5 38 3
3049 ORDER 1513 35 9 39 38 0
3050 BLOCK 27 20
3052 ORDER 1514 29 3 1 29 1
3056 ORDER 1515 7 27 3 33 0
3059 ORDER 1516 8 10 29 37 0
3062 ORDER 1517 41 30 1 31 0
3062 BLOCK 42 38
3063 ORDER 1518 7 21 46 37 3
3066 UNBLOCK 10 26
3066 ORDER 1519 10 6 13 38 0
3068 CANCEL 1492
3068 UNBLOCK 38 14
3069 ORDER 1520 21 26 1 19 0
3070 UNBLOCK 39 5
3071 ORDER 1521 20 6 3 8 0
3073 BLOCK 38 21
3076 ORDER 1522 10 17 1 8 1
3077 ORDER 1523 43 11 38 37 0
3079 ORDER 1524 16 11 47 38 1
3080 CANCEL 1495
3082 ORDER 1525 32 23 1 21 0
3084 ORDER 1526 37 23 2 13 0
3085 ORDER 1527 43 6 3 6 0
3087 ORDER 1528 34 27 2 11 0
3089 ORDER 1529 40 3 15 38 2
3090 ORDER 1530 17 32 3 24 0
3091 ORDER 1531 38 26 26 37 0
3093 ORDER 1532 7 17 2 34 2
3094 ORDER 1533 28 30 3 30 0
3095 ORDER 1534 37 29 46 38 1
3096 ORDER 1535 13 18 3 5 0
3096 BLOCK 22 38
3099 ORDER 1536 20 23 1 37 1
3100 ORDER 1537 40 29 1 31 0
3101 ORDER 1538 30 29 2 23 1
3105 ORDER 1539 44 35 32 38 0
3106 ORDER 1540 13 4 1 16 0
3109 ORDER 1541 36 14 3 21 0
3110 ORDER 1542 25 21 3 29 0
3111 ORDER 1543 14 24 45 38 1
3112 ORDER 1544 28 20 2 22 1
3113 ORDER 1545 30 9 34 37 0
3114 BLOCK 44 6
3115 ORDER 1546 24 35 8 38 3
3118 UNBLOCK 27 20
3123 ORDER 1547 21 3 2 17 0
3125 BLOCK 25 3
3127 ORDER 1548 21 15 34 37 0
3128 ORDER 1549 18 35 45 38 1
3129 ORDER 1550 41 29 39 37 0
3130 ORDER 1551 36 6 43 38 1
3131 ORDER 1552 22 20 1 14 1
3132 ORDER 1553 10 33 18 37 0
3133 ORDER 1554 17 6 47 37 0
3134 ORDER 1555 38 35 3 9 0
3135 ORDER 1556 24 17 41 38 0
3136 ORDER 1557 40 5 3 38 1
3143 BLOCK 30 12
3144 ORDER 1558 27 20 40 37 0
3147 ORDER 1559 13 6 1 5 1
3148 ORDER 1560 34 20 43 38 0
3149 ORDER 1561 19 3 3 37 1
3150 ORDER 1562 41 23 44 37 0
3154 ORDER 1563 40 20 41 38 0
3156 UNBLOCK 31 2
3159 ORDER 1564 24 24 2 4 0
3160 ORDER 1565 8 11 10 38 1
3161 CANCEL 1475
3163 ORDER 1566 27 27 3 38 0
3164 ORDER 1567 18 35 31 38 0
3166 ORDER 1568 27 33 46 37 0
3168 ORDER 1569 21 12 3 10 1
3170 ORDER 1570 39 14 16 38 1
3171 ORDER 1571 20 5 1 4 0
3173 ORDER 1572 15 14 9 37 1
3175 ORDER 1573 39 26 7 38 2
3176 UNBLOCK 44 6
3177 ORDER 1574 43 24 15 38 1
3178 ORDER 1575 43 11 2 4 0
3179 ORDER 1576 12 6 24 38 0
3180 ORDER 1577 35 30 1 24 2
3184 ORDER 1578 9 17 48 38 2
3186 ORDER 1579 21 20 16 38 0
3187 UNBLOCK 38 21
3187 ORDER 1580 35 5 2 15 1
3188 ORDER 1581 24 23 3 12 2
3189 CANCEL 1519
3189 ORDER 1582 28 14 2 35 0
3190 ORDER 1583 28 25 38 37 1
3192 BLOCK 36 6
3193 ORDER 1584 44 23 34 38 2
3195 UNBLOCK 42 38
3198 ORDER 1585 17 27 2 26 1
3199 ORDER 1586 28 17 2 23 0
3199 BLOCK 14 5
3200 ORDER 1587 16 14 3 21 0
3201 ORDER 1588 10 15 3 11 2
3202 ORDER 1589 44 23 12 38 1
3203 ORDER 1590 9 3 15 37 0
3204 ORDER 1591 26 32 47 38 1
3206 ORDER 1592 44 21 2 12 0
3206 BLOCK 38 29
3207 ORDER 1593 21 27 3 35 0
3208 ORDER 1594 20 32 25 37 0
3209 CANCEL 1490
3209 ORDER 1595 21 8 3 3 0
3211 ORDER 1596 7 11 35 38 0
3212 ORDER 1597 39 20 3 30 2
3214 ORDER 1598 34 33 1 14 0
3215 ORDER 1599 16 29 38 38 0
3216 ORDER 1600 32 24 1 21 0
3217 ORDER 1601 10 20 2 1 0
3218 UNBLOCK 30 12
3220 ORDER 1602 21 29 27 38 0
3222 UNBLOCK 36 6
3224 ORDER 1603 22 24 1 37 0
3225 UNBLOCK 22 38
3230 ORDER 1604 19 26 31 38 2
3232 ORDER 1605 19 17 46 38 1
3232 BLOCK 24 5
3234 ORDER 1606 24 26 15 37 0
3238 ORDER 1607 26 21 3 12 0
3242 ORDER 1608 36 15 1 17 0
3244 ORDER 1609 10 35 35 38 1
3246 ORDER 1610 12 8 3 37 0
3257 ORDER 1611 9 20 15 38 0
3258 ORDER 1612 24 33 4 37 0
3259 ORDER 1613 35 23 1 2 2
3261 CANCEL 1545
3263 ORDER 1614 27 24 3 6 2
3268 ORDER 1615 21 17 2 14 0
3269 UNBLOCK 14 5
3269 ORDER 1616 10 24 17 37 0
3270 CANCEL 1592
3270 ORDER 1617 42 6 3 15 0
3271 BLOCK 6 35
3272 UNBLOCK 25 3
3282 ORDER 1618 24 3 36 37 0
3284 ORDER 1619 18 33 1 35 0
3289 ORDER 1620 37 3 8 38 1
3290 ORDER 1621 28 20 2 31 0
3291 ORDER 1622 21 33 34 38 0
3294 ORDER 1623 38 30 1 3 0
3296 ORDER 1624 7 20 1 37 0
3298 ORDER 1625 21 17 41 38 2
3300 ORDER 1626 7 14 33 37 1
3301 ORDER 1627 8 15 3 13 0
3304 CANCEL 1622
3305 ORDER 1628 38 17 3 35 1
3306 ORDER 1629 23 20 15 37 0
3308 ORDER 1630 43 3 2 38 0
3313 ORDER 1631 38 13 2 5 0
3314 ORDER 1632 19 29 2 31 0
3315 ORDER 1633 22 9 17 37 1
3317 ORDER 1634 43 24 21 38 1
3322 ORDER 1635 23 24 19 37 0
3323 ORDER 1636 39 17 3 30 0
3324 CANCEL 1598
3324 ORDER 1637 13 26 34 37 0
3327 ORDER 1638 17 32 11 37 0
3328 ORDER 1639 18 5 3 38 0
3330 ORDER 1640 18 15 3 9 1
3335 ORDER 1641 34 11 4 38 2
3336 BLOCK 37 26
3339 ORDER 1642 45 5 30 37 0
3340 ORDER 1643 39 32 1 26 0
3341 ORDER 1644 16 21 2 17 0
3343 BLOCK 17 15
3344 ORDER 1645 28 20 2 23 1
3346 ORDER 1646 45 23 37 37 1
3348 ORDER 1647 41 15 15 38 0
3349 ORDER 1648 43 5 31 38 0
3350 ORDER 1649 12 5 8 38 1
3352 BLOCK 44 3
3354 UNBLOCK 38 29
3354 ORDER 1650 38 26 2 27 1
3355 ORDER 1651 23 12 48 37 3
3356 ORDER 1652 23 12 3 15 0
3357 UNBLOCK 6 35
3358 ORDER 1653 32 26 24 37 0
3360 ORDER 1654 7 17 2 9 0
3362 ORDER 1655 37 33 44 38 0
3363 ORDER 1656 19 35 1 18 3
3364 ORDER 1657 19 29 19 38 0
3365 ORDER 1658 11 30 43 37 0
3366 ORDER 1659 17 8 47 37 0
3367 ORDER 1660 10 20 41 38 1
3368 UNBLOCK 24 5
3368 ORDER 1661 31 33 26 38 1
3369 ORDER 1662 22 20 2 3 0
3370 ORDER 1663 14 35 2 37 1
3371 UNBLOCK 17 15
3371 ORDER 1664 18 12 3 26 0
3372 ORDER 1665 20 26 3 22 0
3372 BLOCK 20 17
3375 ORDER 1666 8 35 31 38 2
3376 ORDER 1667 7 21 19 38 1
3377 ORDER 1668 12 14 2 6 2
3377 BLOCK 36 20
3379 ORDER 1669 26 3 1 12 1
3380 ORDER 1670 34 32 3 31 1
3382 ORDER 1671 38 12 3 24 0
3382 BLOCK 37 5
3386 UNBLOCK 37 26
3388 ORDER 1672 12 32 29 38 0
3388 BLOCK 22 5
3392 ORDER 1673 11 24 24 38 0
3393 ORDER 1674 44 27 8 38 0
3394 ORDER 1675 7 3 1 23 1
3395 ORDER 1676 11 20 22 37 0
3396 ORDER 1677 26 21 2 29 0
3397 UNBLOCK 44 3
3397 ORDER 1678 31 20 2 12 0
3398 ORDER 1679 18 9 19 38 2
3399 ORDER 1680 10 35 2 8 0
3400 ORDER 1681 10 12 4 37 0
3400 BLOCK 44 24
3405 ORDER 1682 10 21 2 32 1
3407 ORDER 1683 25 3 32 38 0
3410 ORDER 1684 38 5 1 13 0
3413 ORDER 1685 28 33 41 38 0
3414 ORDER 1686 14 24 1 16 0
3414 CANCEL 101686
3415 ORDER 1687 35 15 1 7 2
3415 BLOCK 18 11
3419 ORDER 1688 27 29 48 37 1
3422 ORDER 1689 8 15 1 13 1
3423 ORDER 1690 41 23 4 37 0
3425 ORDER 1691 37 14 3 14 3
3426 ORDER 1692 37 20 29 38 2
3428 ORDER 1693 40 24 2 6 1
3436 ORDER 1694 21 12 14 38 0
3437 CANCEL 1631
3437 ORDER 1695 41 11 18 38 0
3438 UNBLOCK 37 5
3438 BLOCK 26 29
3440 ORDER 1696 12 21 3 33 1
3445 ORDER 1697 34 11 1 33 2
3450 BLOCK 41 18
3451 ORDER 1698 39 11 42 37 0
3452 ORDER 1699 39 20 1 32 1
3453 ORDER 1700 8 6 23 37 0
3454 ORDER 1701 23 31 7 38 0
3456 ORDER 1702 36 32 23 38 2
3457 ORDER 1703 17 24 31 37 0
3458 ORDER 1704 27 12 19 38 0
3460 ORDER 1705 38 15 3 3 1
3464 UNBLOCK 18 11
3464 ORDER 1706 6 33 3 35 0
3465 ORDER 1707 9 11 6 37 2
3467 UNBLOCK 22 5
3468 ORDER 1708 42 17 3 35 1
3473 ORDER 1709 29 18 18 37 2
3475 ORDER 1710 36 29 1 23 0
3476 CANCEL 1690
3481 ORDER 1711 35 16 13 38 2
3482 ORDER 1712 16 8 43 37 0
3484 ORDER 1713 27 30 6 37 1
3485 ORDER 1714 37 30 1 4 0
3486 ORDER 1715 6 27 1 16 2
3489 ORDER 1716 45 27 35 37 0
3490 ORDER 1717 12 17 6 38 0
3491 UNBLOCK 36 20
3491 ORDER 1718 14 11 18 37 1
3492 UNBLOCK 44 24
3492 ORDER 1719 8 17 25 37 0
3495 UNBLOCK 26 29
3495 ORDER 1720 40 26 26 37 1
3497 ORDER 1721 21 20 19 38 0
3499 ORDER 1722 17 21 10 37 0
3500 ORDER 1723 35 21 3 25 1
3501 ORDER 1724 18 23 36 37 1
3502 ORDER 1725 11 21 3 11 0
3503 UNBLOCK 20 17
3503 BLOCK 34 15
3507 ORDER 1726 36 5 1 11 0
3513 ORDER 1727 33 21 1 29 1
3515 ORDER 1728 19 30 48 38 0
3517 ORDER 1729 17 32 10 38 2
3518 ORDER 1730 22 9 1 21 1
3520 ORDER 1731 27 35 2 37 3
3521 ORDER 1732 16 32 2 1 0
3523 ORDER 1733 39 11 5 37 0
3524 ORDER 1734 6 15 10 37 0
3527 ORDER 1735 39 27 2 23 0
3528 ORDER 1736 39 9 2 22 0
3529 ORDER 1737 24 9 19 38 0
3531 ORDER 1738 11 29 1 9 0
3532 ORDER 1739 10 27 3 4 1
3533 ORDER 1740 16 21 3 1 0
3534 ORDER 1741 21 33 1 26 0
3534 BLOCK 35 8
3537 ORDER 1742 26 5 3 18 1
3540 UNBLOCK 41 18
3541 ORDER 1743 21 3 1 32 0
3543 ORDER 1744 18 32 3 23 1
3546 ORDER 1745 39 35 21 37 1
3547 ORDER 1746 17 29 2 14 2
3550 ORDER 1747 36 18 32 37 0
3551 ORDER 1748 9 6 26 38 0
3551 BLOCK 35 26
3553 UNBLOCK 34 15
3553 ORDER 1749 44 12 48 38 0
3554 ORDER 1750 45 5 5 38 0
3555 ORDER 1751 37 24 13 37 1
3556 ORDER 1752 26 15 32 37 0
3558 ORDER 1753 44 5 3 6 0
3559 ORDER 1754 39 18 3 19 2
3560 ORDER 1755 16 12 47 37 1
3565 ORDER 1756 26 27 46 38 1
3568 ORDER 1757 18 23 15 37 1
3571 ORDER 1758 12 3 2 34 0
3572 ORDER 1759 26 15 2 23 0
3573 ORDER 1760 25 35 20 37 0
3575 ORDER 1761 40 15 30 37 2
3577 ORDER 1762 36 20 2 13 1
3578 ORDER 1763 39 26 24 37 1
3580 ORDER 1764 43 5 16 38 1
3581 ORDER 1765 38 23 30 38 0
3582 ORDER 1766 10 27 24 38 1
3582 BLOCK 24 38
3584 ORDER 1767 44 26 16 37 1
3585 ORDER 1768 23 12 2 13 0
3586 ORDER 1769 32 12 28 38 0
3588 ORDER 1770 38 35 15 38 1
3589 CANCEL 1679
3589 ORDER 1771 34 29 3 11 0
3592 ORDER 1772 38 11 14 38 2
3593 ORDER 1773 35 30 1 22 0
3593 BLOCK 24 19
3594 ORDER 1774 41 17 2 15 0
3597 ORDER 1775 13 29 8 38 0
3598 ORDER 1776 27 11 8 38 0
3599 BLOCK 17 33
3603 ORDER 1777 32 5 2 2 0
3606 ORDER 1778 32 14 18 37 0
3610 UNBLOCK 35 8
3610 ORDER 1779 45 33 38 38 0
3611 ORDER 1780 38 20 9 37 0
3613 ORDER 1781 7 20 2 31 1
3615 CANCEL 1755
3617 ORDER 1782 37 23 3 6 0
3618 ORDER 1783 17 20 2 9 0
3620 ORDER 1784 44 8 2 25 1
3622 ORDER 1785 20 14 1 29 1
3626 ORDER 1786 12 20 3 15 0
3626 BLOCK 5 10
3628 ORDER 1787 41 27 1 36 1
3629 ORDER 1788 31 23 21 38 0
3631 ORDER 1789 26 6 18 37 3
3632 ORDER 1790 35 20 2 17 0
3633 ORDER 1791 8 35 1 15 0
3634 ORDER 1792 22 12 1 21 0
3635 ORDER 1793 39 27 2 21 0
3635 CANCEL 101793
3638 ORDER 1794 12 8 1 4 0
3639 ORDER 1795 37 18 18 37 1
3640 ORDER 1796 9 12 32 37 1
3643 BLOCK 38 17
3646 ORDER 1797 11 33 32 38 1
3647 ORDER 1798 35 33 4 37 1
3650 ORDER 1799 28 7 2 1 0
3651 ORDER 1800 7 20 19 38 1
3652 ORDER 1801 44 5 24 37 1
3655 ORDER 1802 45 14 2 14 0
3656 ORDER 1803 14 9 37 38 2
3657 ORDER 1804 7 33 3 10 0
3658 BLOCK 23 5
3659 ORDER 1805 9 12 5 38 1
3660 ORDER 1806 44 35 31 37 1
3660 BLOCK 17 23
3661 ORDER 1807 24 23 11 37 0
3662 ORDER 1808 27 11 21 38 0
3663 ORDER 1809 17 33 2 14 1
3664 ORDER 1810 31 9 2 11 1
3668 ORDER 1811 41 9 40 37 0
3671 ORDER 1812 15 35 2 22 1
3674 ORDER 1813 29 17 45 37 0
3675 ORDER 1814 15 14 3 33 0
3677 UNBLOCK 35 26
3677 ORDER 1815 41 17 26 37 1
3678 CANCEL 1761
3678 ORDER 1816 37 3 13 38 2
3679 ORDER 1817 23 14 3 34 1
3679 BLOCK 10 21
3683 UNBLOCK 24 38
3685 UNBLOCK 17 33
3685 ORDER 1818 28 23 3 38 2
3685 BLOCK 33 27
3686 ORDER 1819 33 29 30 38 0
3688 CANCEL 1793
3688 ORDER 1820 28 17 30 37 1
3692 CANCEL 1820
3692 ORDER 1821 34 30 5 38 1
3694 ORDER 1822 45 20 1 10 1
3697 ORDER 1823 26 21 43 37 3
3698 ORDER 1824 13 8 3 25 0
3699 UNBLOCK 17 23
3701 ORDER 1825 32 17 28 37 0
3702 ORDER 1826 16 23 1 11 0
3703 UNBLOCK 5 10
3703 ORDER 1827 39 9 1 12 0
3704 ORDER 1828 16 6 1 26 0
3706 ORDER 1829 20 30 2 12 0
3709 ORDER 1830 12 18 1 22 0
3711 ORDER 1831 39 15 38 37 1
3712 ORDER 1832 28 29 3 6 0
3713 ORDER 1833 25 17 2 14 2
3714 ORDER 1834 40 33 6 38 0
3715 ORDER 1835 18 29 1 9 0
3718 ORDER 1836 9 24 2 5 0
3718 BLOCK 21 27
3720 ORDER 1837 10 9 3 10 1
3721 ORDER 1838 27 12 2 21 1
3723 ORDER 1839 22 14 1 26 0
3724 ORDER 1840 15 9 1 25 0
3725 ORDER 1841 22 29 48 37 0
3727 ORDER 1842 37 24 1 5 0
3730 BLOCK 10 12
3731 UNBLOCK 23 5
3732 ORDER 1843 17 11 17 38 0
3734 ORDER 1844 39 29 1 38 1
3737 ORDER 1845 45 12 3 32 0
3738 ORDER 1846 6 18 1 9 0
3740 CANCEL 1772
3740 UNBLOCK 24 19
3740 ORDER 1847 36 15 26 38 2
3741 ORDER 1848 8 20 15 37 3
3743 ORDER 1849 11 6 1 14 2
3744 ORDER 1850 30 12 2 6 0
3746 ORDER 1851 23 14 3 16 0
3746 BLOCK 18 24
3747 ORDER 1852 31 30 22 37 1
3748 ORDER 1853 39 18 2 3 1
3757 ORDER 1854 36 5 3 3 0
3758 ORDER 1855 44 5 2 14 0
3759 ORDER 1856 40 17 3 11 0
3760 ORDER 1857 33 27 48 37 1
3763 ORDER 1858 35 23 2 24 0
3765 ORDER 1859 12 21 3 3 0
3765 BLOCK 21 24
3768 ORDER 1860 36 20 8 37 1
3769 ORDER 1861 29 24 31 37 2
3771 ORDER 1862 25 35 2 20 1
3775 UNBLOCK 38 17
3776 ORDER 1863 30 30 47 38 0
3777 ORDER 1864 42 21 2 20 0
3778 ORDER 1865 21 6 1 22 1
3779 UNBLOCK 10 21
3781 ORDER 1866 44 27 12 37 0
3786 ORDER 1867 42 24 7 38 0
3786 BLOCK 22 24
3788 ORDER 1868 7 23 45 37 1
3790 UNBLOCK 33 27
3791 ORDER 1869 7 23 3 13 0
3792 ORDER 1870 31 24 3 2 2
3794 ORDER 1871 15 30 22 37 0
3795 ORDER 1872 11 11 10 37 0
3796 ORDER 1873 45 30 46 37 3
3796 BLOCK 5 20
3797 ORDER 1874 21 17 22 37 0
3798 ORDER 1875 32 3 1 32 2
3801 ORDER 1876 25 8 1 20 0
3802 ORDER 1877 31 12 3 28 1
3804 ORDER 1878 24 23 31 37 0
3805 ORDER 1879 40 17 3 33 0
3809 BLOCK 37 23
3811 UNBLOCK 21 24
3811 ORDER 1880 12 32 1 1 0
3812 CANCEL 1798
3812 ORDER 1881 8 11 2 6 0
3813 ORDER 1882 37 21 2 22 1
3816 ORDER 1883 26 3 2 3 0
3818 BLOCK 17 32
3819 ORDER 1884 17 24 24 38 0
3820 UNBLOCK 22 24
3821 UNBLOCK 10 12
3822 UNBLOCK 21 27
3822 ORDER 1885 44 8 30 37 0
3825 ORDER 1886 25 27 41 38 0
3828 BLOCK 16 15
3829 ORDER 1887 17 29 3 2 0
3831 ORDER 1888 16 5 45 37 0
3832 ORDER 1889 11 30 2 22 1
3833 ORDER 1890 43 17 1 15 2
3834 ORDER 1891 10 18 24 38 2
3835 ORDER 1892 17 24 2 29 1
3836 ORDER 1893 37 30 37 37 0
3836 BLOCK 31 3
3837 ORDER 1894 44 3 2 17 0
3839 ORDER 1895 32 8 18 38 2
3842 ORDER 1896 9 24 2 34 0
3842 BLOCK 32 26
3845 ORDER 1897 45 33 2 26 0
3847 ORDER 1898 12 18 1 20 0
3848 BLOCK 37 18
3851 ORDER 1899 43 8 3 14 0
3854 ORDER 1900 18 29 5 38 3
3858 ORDER 1901 17 9 46 37 0
3860 ORDER 1902 20 17 12 38 0
3862 ORDER 1903 6 32 3 27 2
3863 UNBLOCK 18 24
3864 BLOCK 10 3
3866 BLOCK 31 26
3867 UNBLOCK 31 3
3868 UNBLOCK 17 32
3869 BLOCK 19 6
3871 ORDER 1904 10 18 33 38 0
3873 ORDER 1905 37 23 1 36 1
3875 ORDER 1906 18 14 44 37 0
3876 ORDER 1907 20 18 3 31 0
3878 ORDER 1908 26 18 37 37 0
3880 ORDER 1909 42 8 3 23 0
3881 CANCEL 1907
3884 ORDER 1910 15 33 29 38 0
3885 ORDER 1911 13 24 6 38 1
3887 ORDER 1912 28 14 24 38 0
3892 ORDER 1913 45 6 39 37 0
3893 ORDER 1914 27 30 2 23 0
3895 UNBLOCK 16 15
3897 ORDER 1915 20 12 37 38 0
3899 ORDER 1916 44 34 41 38 0
3901 ORDER 1917 26 35 12 37 1
3902 BLOCK 9 17
3903 ORDER 1918 27 27 1 10 0
3904 UNBLOCK 5 20
3906 ORDER 1919 7 5 3 22 2
3910 ORDER 1920 35 9 23 38 0
3912 UNBLOCK 32 26
3915 ORDER 1921 39 3 2 20 0
3916 ORDER 1922 36 12 21 37 0
3917 ORDER 1923 23 11 1 35 1
3919 ORDER 1924 18 20 23 37 1
3922 ORDER 1925 8 12 16 38 0
3926 UNBLOCK 31 26
3926 ORDER 1926 18 8 5 37 0
3927 ORDER 1927 38 14 11 38 0
3928 ORDER 1928 30 27 41 37 3
3930 ORDER 1929 23 26 14 37 3
3934 ORDER 1930 12 18 1 18 1
3935 ORDER 1931 20 3 2 13 1
3937 ORDER 1932 8 11 48 37 0
3938 ORDER 1933 45 30 43 37 0
3942 ORDER 1934 13 24 26 38 1
3943 ORDER 1935 17 21 3 37 1
3943 BLOCK 44 8
3944 ORDER 1936 34 20 23 38 0
3946 ORDER 1937 35 17 11 37 0
3947 ORDER 1938 41 9 3 26 0
3948 ORDER 1939 11 3 1 33 0
3949 UNBLOCK 37 23
3950 CANCEL 1882
3953 ORDER 1940 11 8 2 34 0
3953 BLOCK 43 33
3954 ORDER 1941 27 32 3 23 0
3957 ORDER 1942 41 35 26 38 0
3958 ORDER 1943 36 12 2 20 2
3959 ORDER 1944 7 24 1 7 0
3962 ORDER 1945 27 29 1 31 0
3963 UNBLOCK 37 18
3966 ORDER 1946 19 15 2 21 2
3972 ORDER 1947 8 20 19 37 0
3975 ORDER 1948 37 35 2 5 2
3977 UNBLOCK 19 6
3985 ORDER 1949 16 3 20 37 2
3986 ORDER 1950 28 14 2 11 2
3987 BLOCK 38 37
3988 ORDER 1951 39 20 1 38 1
3989 ORDER 1952 20 32 1 2 1
3990 UNBLOCK 9 17
3990 ORDER 1953 8 17 11 37 0
3992 ORDER 1954 27 6 3 25 1
3994 BLOCK 22 36
3995 UNBLOCK 10 3
3996 ORDER 1955 16 6 3 3 0
3999 ORDER 1956 25 15 3 24 0
4000 ORDER 1957 32 23 40 37 0
4003 ORDER 1958 22 20 3 10 0
4004 ORDER 1959 6 11 1 31 0
4008 ORDER 1960 24 26 1 24 0
4010 ORDER 1961 24 17 2 4 1
4013 ORDER 1962 39 18 22 37 1
4014 ORDER 1963 38 23 19 38 0
4015 ORDER 1964 25 7 23 38 0
4016 BLOCK 15 11
4019 UNBLOCK 44 8
4019 UNBLOCK 43 33
4019 ORDER 1965 11 35 18 38 0
4019 BLOCK 9 26
4020 ORDER 1966 30 14 1 9 0
4022 ORDER 1967 27 14 32 37 1
4024 ORDER 1968 33 26 2 31 2
4025 ORDER 1969 12 23 3 33 1
4026 ORDER 1970 36 14 1 7 0
4028 ORDER 1971 34 21 3 29 0
4029 ORDER 1972 10 35 37 37 0
4030 ORDER 1973 16 12 2 22 1
4031 ORDER 1974 8 3 8 37 0
4033 ORDER 1975 15 32 31 37 0
4035 ORDER 1976 35 9 27 37 1
4037 ORDER 1977 11 32 9 37 0
4038 ORDER 1978 8 20 14 37 0
4039 ORDER 1979 24 3 3 33 0
4042 ORDER 1980 6 3 30 37 1
4044 UNBLOCK 38 37
4044 ORDER 1981 41 24 38 37 2
4046 ORDER 1982 10 35 10 38 2
4050 ORDER 1983 10 9 1 27 0
4051 ORDER 1984 23 32 2 22 0
4052 ORDER 1985 12 8 2 38 1
4054 ORDER 1986 31 12 12 38 0
4055 BLOCK 22 17
4056 ORDER 1987 10 29 3 33 2
4057 ORDER 1988 7 33 40 38 0
4058 ORDER 1989 8 8 3 11 2
4059 ORDER 1990 38 20 2 18 0
4062 ORDER 1991 9 9 2 7 1
4063 ORDER 1992 6 26 3 3 1
4064 ORDER 1993 33 27 3 35 0
4065 ORDER 1994 27 8 16 37 0
4067 ORDER 1995 16 20 1 32 0
4068 ORDER 1996 26 27 27 37 2
4069 ORDER 1997 36 12 1 34 1
4070 ORDER 1998 10 23 23 37 0
4071 ORDER 1999 27 32 1 10 0
4074 ORDER 2000 26 30 4 38 0
4075 ORDER 2001 13 20 20 37 0
4080 ORDER 2002 17 6 3 2 0
4081 ORDER 2003 30 32 9 37 2
4084 ORDER 2004 7 27 7 38 3
4086 ORDER 2005 37 20 19 37 1
4087 CANCEL 1916
4087 ORDER 2006 26 6 1 21 0
4088 ORDER 2007 12 26 44 38 0
4092 ORDER 2008 27 12 1 29 0
4093 ORDER 2009 22 9 2 26 1
4094 ORDER 2010 7 35 33 38 1
4099 ORDER 2011 12 24 1 7 0
4101 ORDER 2012 27 9 3 29 0
4102 ORDER 2013 41 24 3 32 0
4103 ORDER 2014 42 9 1 15 1
4104 ORDER 2015 9 15 2 7 1
4105 ORDER 2016 14 24 1 10 0
4106 UNBLOCK 22 36
4107 CANCEL 102016
4108 ORDER 2017 26 27 1 27 0
4109 ORDER 2018 43 15 35 38 1
4112 ORDER 2019 45 33 1 29 1
4114 ORDER 2020 37 23 1 36 0
4116 ORDER 2021 6 29 37 38 1
4117 ORDER 2022 23 14 1 11 0
4118 ORDER 2023 23 26 25 38 1
4119 ORDER 2024 25 17 2 2 0
4121 ORDER 2025 8 5 3 34 1
4122 UNBLOCK 15 11
4122 ORDER 2026 42 24 12 37 0
4123 ORDER 2027 32 5 3 4 1
4124 ORDER 2028 39 5 16 37 0
4126 ORDER 2029 17 27 2 10 0
4129 ORDER 2030 23 14 3 24 0
4130 ORDER 2031 15 32 41 37 1
4134 ORDER 2032 18 3 30 38 0
4135 ORDER 2033 6 8 1 17 0
4137 ORDER 2034 14 11 3 13 2
4138 ORDER 2035 21 26 27 37 3
4139 ORDER 2036 20 33 3 34 1
4141 ORDER 2037 29 17 7 38 1
4142 ORDER 2038 22 26 14 37 1
4143 ORDER 2039 15 9 35 38 0
4144 BLOCK 17 35
4146 ORDER 2040 37 23 1 2 0
4148 ORDER 2041 24 23 2 11 1
4148 BLOCK 5 19
4152 ORDER 2042 16 17 1 10 0
4153 UNBLOCK 22 17
4154 CANCEL 1968
4155 ORDER 2043 9 30 14 37 0
4157 ORDER 2044 32 11 3 15 1
4158 ORDER 2045 43 8 9 37 0
4161 ORDER 2046 18 8 11 38 1
4164 ORDER 2047 26 15 3 37 0
4165 BLOCK 16 36
4166 ORDER 2048 43 6 16 37 2
4167 ORDER 2049 25 32 37 38 0
4168 ORDER 2050 20 24 2 33 0
4168 BLOCK 25 32
4169 UNBLOCK 9 26
4172 ORDER 2051 23 26 3 17 3
4174 BLOCK 17 14
4175 ORDER 2052 7 27 2 1 1
4176 ORDER 2053 18 9 31 37 2
4177 ORDER 2054 20 6 2 32 1
4180 ORDER 2055 16 32 2 14 0
4181 BLOCK 15 4
4182 ORDER 2056 41 23 1 24 0
4184 ORDER 2057 30 32 43 37 0
4185 ORDER 2058 11 35 48 37 2
4187 ORDER 2059 44 3 3 29 1
4191 ORDER 2060 24 11 1 24 0
4192 ORDER 2061 39 33 19 37 0
4193 ORDER 2062 21 5 6 37 2
4193 BLOCK 8 27
4194 UNBLOCK 16 36
4195 ORDER 2063 45 30 1 17 0
4197 ORDER 2064 40 3 5 37 0
4201 ORDER 2065 30 17 43 37 0
4204 ORDER 2066 39 35 47 37 1
4205 ORDER 2067 24 5 2 2 0
4207 ORDER 2068 19 23 2 31 0
4209 ORDER 2069 19 24 1 15 2
4211 ORDER 2070 30 30 22 38 0
4212 ORDER 2071 36 27 1 22 0
4214 ORDER 2072 28 17 12 37 0
4215 BLOCK 18 38
4216 ORDER 2073 10 12 33 38 0
4217 ORDER 2074 17 30 35 38 2
4218 UNBLOCK 8 27
4222 ORDER 2075 43 9 33 37 1
4223 ORDER 2076 12 20 15 38 1
4226 ORDER 2077 7 24 3 31 0
4227 ORDER 2078 34 18 2 33 1
4228 CANCEL 2012
4228 ORDER 2079 25 32 2 6 1
4229 ORDER 2080 44 21 1 21 0
4230 CANCEL 2051
4231 ORDER 2081 9 11 7 38 0
4232 ORDER 2082 21 12 2 2 0
4233 ORDER 2083 38 24 10 37 0
4234 UNBLOCK 17 14
4234 BLOCK 30 26
4236 UNBLOCK 17 35
4236 ORDER 2084 26 20 3 11 2
4243 ORDER 2085 13 6 3 9 0
4244 ORDER 2086 6 29 3 4 0
4246 ORDER 2087 11 29 2 20 1
4247 ORDER 2088 16 12 38 38 1
4249 ORDER 2089 8 6 18 38 0
4250 ORDER 2090 21 17 2 37 0
4253 ORDER 2091 9 17 2 22 1
4254 ORDER 2092 21 12 2 17 3
4255 ORDER 2093 30 26 2 37 1
4257 UNBLOCK 5 19
4257 ORDER 2094 8 35 35 37 0
4258 ORDER 2095 40 3 40 37 0
4259 ORDER 2096 32 6 2 35 0
4260 ORDER 2097 9 17 1 13 0
4262 ORDER 2098 40 27 2 22 0
4264 ORDER 2099 19 33 10 37 0
4265 ORDER 2100 26 23 1 31 0
4266 ORDER 2101 36 12 40 38 1
4267 ORDER 2102 29 14 4 38 2
4269 ORDER 2103 40 33 23 37 0
4270 ORDER 2104 8 24 1 13 1
4271 ORDER 2105 32 9 2 19 0
4273 ORDER 2106 7 21 3 1 0
4275 ORDER 2107 21 24 1 35 0
4276 ORDER 2108 43 6 3 23 0
4277 ORDER 2109 10 18 26 38 1
4279 ORDER 2110 9 35 15 37 1
4283 ORDER 2111 8 17 3 11 0
4285 ORDER 2112 23 9 3 35 0
4286 ORDER 2113 7 26 2 18 0
4287 ORDER 2114 25 29 13 37 0
4289 ORDER 2115 17 27 42 38 1
4290 CANCEL 2008
4293 CANCEL 2056
4293 ORDER 2116 40 18 21 38 1
4294 ORDER 2117 43 9 2 38 0
4295 UNBLOCK 15 4
4298 CANCEL 2024
4298 UNBLOCK 25 32
4298 ORDER 2118 45 30 3 8 0
4303 ORDER 2119 33 14 5 37 2
4304 ORDER 2120 27 23 3 23 2
4305 ORDER 2121 8 26 3 28 1
4310 ORDER 2122 23 9 1 16 0
4311 CANCEL 2080
4311 ORDER 2123 15 32 3 15 0
4314 ORDER 2124 10 11 43 38 0
4315 BLOCK 15 5
4316 ORDER 2125 22 24 2 20 0
4317 ORDER 2126 23 11 3 25 1
4318 ORDER 2127 20 14 20 38 0
4319 CANCEL 102127
4320 ORDER 2128 19 14 1 9 0
4322 CANCEL 2043
4322 ORDER 2129 28 33 1 11 2
4323 ORDER 2130 27 12 44 38 2
4324 ORDER 2131 9 29 36 38 0
4328 UNBLOCK 30 26
4328 BLOCK 21 29
4329 ORDER 2132 30 11 3 10 1
4333 ORDER 2133 37 27 36 38 0
4334 ORDER 2134 27 18 3 19 2
4338 ORDER 2135 15 15 3 30 1
4339 ORDER 2136 9 27 2 22 0
4340 ORDER 2137 28 27 3 37 0
4341 ORDER 2138 43 8 26 37 1
4342 ORDER 2139 25 17 3 3 0
4346 UNBLOCK 18 38
4348 ORDER 2140 11 14 3 19 0
4349 ORDER 2141 18 32 8 38 0
4350 ORDER 2142 42 8 3 25 0
4351 ORDER 2143 33 27 2 16 1
4352 ORDER 2144 9 23 3 38 0
4353 ORDER 2145 11 30 8 37 0
4355 ORDER 2146 43 5 3 34 3
4356 ORDER 2147 27 15 15 38 0
4363 ORDER 2148 42 11 2 20 0
4364 ORDER 2149 10 5 28 38 0
4365 ORDER 2150 13 29 2 37 0
4366 ORDER 2151 37 15 2 19 2
4368 ORDER 2152 9 32 1 13 0
4373 ORDER 2153 20 27 16 38 1
4376 ORDER 2154 31 33 32 38 2
4378 ORDER 2155 20 14 48 38 0
4379 ORDER 2156 27 27 3 9 2
4380 ORDER 2157 20 3 2 13 1
4381 ORDER 2158 24 11 2 15 0
4382 ORDER 2159 23 9 1 32 1
4384 ORDER 2160 17 17 6 37 0
4386 ORDER 2161 31 30 2 18 0
4388 ORDER 2162 10 30 46 38 1
4389 ORDER 2163 40 17 2 19 2
4390 ORDER 2164 9 3 9 37 1
4390 BLOCK 36 18
4393 ORDER 2165 44 3 36 38 3
4394 ORDER 2166 30 14 32 37 1
4395 ORDER 2167 9 32 3 1 0
4396 ORDER 2168 32 5 2 8 2
4397 ORDER 2169 29 27 1 37 3
4398 ORDER 2170 9 18 2 1 1
4400 ORDER 2171 24 26 2 4 1
4401 UNBLOCK 15 5
4401 ORDER 2172 10 11 3 27 1
4402 ORDER 2173 6 11 24 38 2
4403 ORDER 2174 44 8 2 26 3
4404 ORDER 2175 36 21 40 38 1
4406 ORDER 2176 27 15 13 37 0
4407 ORDER 2177 32 24 3 38 0
4408 ORDER 2178 45 3 6 37 0
4409 BLOCK 20 35
4412 ORDER 2179 44 33 1 12 0
4413 ORDER 2180 20 17 1 2 1
4415 ORDER 2181 26 20 1 6 0
4416 ORDER 2182 18 15 48 37 1
4417 ORDER 2183 9 18 2 8 0
4420 CANCEL 2130
4421 ORDER 2184 10 27 9 37 2
4422 ORDER 2185 20 24 3 30 0
4424 UNBLOCK 21 29
4424 ORDER 2186 9 35 33 38 1
4425 ORDER 2187 14 9 30 38 0
4426 ORDER 2188 12 29 3 33 0
4426 BLOCK 6 12
4429 ORDER 2189 24 32 2 18 2
4431 BLOCK 22 14
4432 ORDER 2190 20 14 2 11 1
4432 CANCEL 102190
4433 ORDER 2191 19 20 1 21 1
4434 ORDER 2192 31 24 3 15 2
4436 ORDER 2193 45 18 5 37 0
4437 ORDER 2194 35 27 15 38 1
4438 ORDER 2195 25 6 3 7 1
4439 ORDER 2196 37 12 30 37 1
4440 BLOCK 7 26
4441 ORDER 2197 13 29 6 38 1
4442 ORDER 2198 44 33 9 37 0
4444 ORDER 2199 7 14 35 38 0
4445 ORDER 2200 16 17 4 38 0
4446 ORDER 2201 32 23 28 37 0
4447 ORDER 2202 37 24 32 38 2
4448 ORDER 2203 17 33 2 10 1
4449 ORDER 2204 45 27 2 4 0
4450 ORDER 2205 22 18 8 38 1
4455 CANCEL 2143
4455 ORDER 2206 36 32 1 16 1
4457 UNBLOCK 36 18
4458 CANCEL 2150
4460 ORDER 2207 17 11 2 21 1
4461 ORDER 2208 11 9 2 20 0
4462 UNBLOCK 7 26
4462 ORDER 2209 17 9 25 37 1
4463 ORDER 2210 11 3 3 27 0
4463 BLOCK 7 18
4464 ORDER 2211 44 27 3 20 0
4467 ORDER 2212 26 27 3 21 0
4468 ORDER 2213 9 25 42 38 0
4468 BLOCK 20 15
4469 ORDER 2214 45 20 32 38 0
4470 ORDER 2215 11 35 1 7 1
4472 ORDER 2216 36 32 3 9 2
4474 ORDER 2217 7 9 3 16 0
4475 UNBLOCK 22 14
4476 ORDER 2218 25 17 32 37 0
4479 ORDER 2219 26 30 3 20 0
4481 ORDER 2220 41 18 3 19 0
4482 ORDER 2221 12 5 27 37 0
4483 ORDER 2222 13 26 27 37 1
4485 ORDER 2223 45 29 1 12 0
4486 ORDER 2224 6 30 1 34 0
4487 CANCEL 2191
4487 ORDER 2225 37 8 3 7 0
4488 ORDER 2226 29 26 2 25 0
4490 ORDER 2227 28 30 10 37 1
4492 BLOCK 24 1
4493 ORDER 2228 35 18 3 27 3
4495 ORDER 2229 31 11 2 7 0
4497 ORDER 2230 17 6 1 29 0
4499 ORDER 2231 19 34 33 37 0
4503 ORDER 2232 10 3 2 23 3
4504 ORDER 2233 40 17 1 20 1
4505 ORDER 2234 17 17 1 15 0
4506 ORDER 2235 15 23 39 38 0
4507 ORDER 2236 11 23 2 3 0
4508 ORDER 2237 45 32 3 5 3
4510 ORDER 2238 27 27 2 10 2
4511 ORDER 2239 17 32 44 37 1
4512 ORDER 2240 45 14 1 6 0
4514 ORDER 2241 28 24 3 16 0
4515 ORDER 2242 43 24 1 38 0
4517 ORDER 2243 33 27 39 37 0
4518 ORDER 2244 6 32 37 38 2
4519 ORDER 2245 6 5 2 32 0
4520 UNBLOCK 20 15
4521 ORDER 2246 37 30 2 6 1
4523 BLOCK 44 20
4525 ORDER 2247 19 20 5 37 1
4526 ORDER 2248 27 18 3 8 0
4528 ORDER 2249 29 30 2 16 1
4529 ORDER 2250 20 27 3 35 1
4530 ORDER 2251 11 14 1 11 1
4531 ORDER 2252 19 17 33 37 2
4532 ORDER 2253 19 21 24 37 1
4534 ORDER 2254 10 17 1 4 0
4535 ORDER 2255 18 3 1 37 0
4537 UNBLOCK 20 35
4541 UNBLOCK 7 18
4542 ORDER 2256 18 17 21 37 1
4543 ORDER 2257 11 20 1 36 0
4544 ORDER 2258 26 12 44 37 0
4545 ORDER 2259 8 13 3 1 0
4547 UNBLOCK 44 20
4548 ORDER 2260 7 35 1 8 3
4549 ORDER 2261 27 9 30 37 0
4550 ORDER 2262 38 29 3 35 0
4551 ORDER 2263 31 5 3 34 2
4552 ORDER 2264 36 3 1 10 0
4553 ORDER 2265 6 11 19 37 2
4554 ORDER 2266 30 26 3 17 1
4555 ORDER 2267 27 27 2 6 0
4556 ORDER 2268 23 30 3 12 0
4557 ORDER 2269 7 32 1 27 2
4560 ORDER 2270 37 30 2 20 0
4561 ORDER 2271 42 26 2 19 0
4562 ORDER 2272 26 6 3 4 2
4564 ORDER 2273 34 32 3 31 0
4565 ORDER 2274 17 11 10 38 1
4566 ORDER 2275 25 8 3 32 1
4567 CANCEL 2241
4567 ORDER 2276 22 18 11 37 1
4570 ORDER 2277 38 14 47 37 0
4571 ORDER 2278 26 5 39 38 1
4572 ORDER 2279 26 17 15 38 1
4574 ORDER 2280 45 23 41 38 1
4576 UNBLOCK 6 12
4578 ORDER 2281 37 18 18 37 0
4579 ORDER 2282 32 5 2 3 0
4580 ORDER 2283 17 24 1 8 0
4583 ORDER 2284 6 5 3 7 0
4584 ORDER 2285 41 33 29 37 2
4586 ORDER 2286 13 3 35 38 0
4587 ORDER 2287 37 27 1 29 0
4588 UNBLOCK 24 1
4590 ORDER 2288 24 35 36 37 3
4591 ORDER 2289 8 14 16 37 0
4592 ORDER 2290 20 23 3 24 2
4592 BLOCK 20 18
4593 ORDER 2291 19 12 17 37 1
4594 CANCEL 2247
4594 ORDER 2292 29 26 14 37 0
4597 ORDER 2293 18 24 2 19 0
4599 ORDER 2294 35 35 40 38 0
4600 ORDER 2295 29 29 48 37 1
4602 ORDER 2296 36 3 15 37 0
4605 ORDER 2297 38 17 3 38 0
4606 ORDER 2298 26 8 1 31 2
4607 BLOCK 43 18
4610 ORDER 2299 37 15 2 28 0
4612 ORDER 2300 45 33 47 38 0
4614 ORDER 2301 7 14 15 38 1
4615 ORDER 2302 25 8 43 38 0
4615 BLOCK 33 26
4617 ORDER 2303 20 26 45 38 1
4618 ORDER 2304 43 5 41 37 1
4619 ORDER 2305 11 18 3 26 2
4620 ORDER 2306 31 12 37 38 1
4621 ORDER 2307 17 32 1 36 0
4622 BLOCK 7 5
4623 BLOCK 33 32
4625 ORDER 2308 20 33 2 10 1
4627 ORDER 2309 16 33 1 3 1
4629 ORDER 2310 13 24 21 38 1
4630 ORDER 2311 27 6 1 28 0
4633 BLOCK 5 7
4634 ORDER 2312 16 9 3 33 3
4635 ORDER 2313 7 30 3 26 2
4637 ORDER 2314 8 15 2 33 0
4640 ORDER 2315 11 17 3 22 0
4642 ORDER 2316 28 21 1 30 2
4643 ORDER 2317 34 18 48 38 0
4645 ORDER 2318 45 6 10 38 2
4646 ORDER 2319 18 35 3 38 2
4647 ORDER 2320 18 35 11 37 0
4653 ORDER 2321 13 24 1 3 1
4654 ORDER 2322 10 11 26 37 3
4656 ORDER 2323 35 5 1 12 3
4657 ORDER 2324 8 24 17 37 0
4660 ORDER 2325 20 27 44 37 0
4661 ORDER 2326 38 17 9 37 0
4662 UNBLOCK 33 26
4663 ORDER 2327 30 11 1 16 1
4664 BLOCK 6 3
4667 ORDER 2328 15 33 1 23 0
4670 ORDER 2329 19 35 2 23 0
4671 UNBLOCK 20 18
4673 ORDER 2330 16 9 28 38 1
4673 BLOCK 25 29
4675 ORDER 2331 26 6 38 37 0
4676 ORDER 2332 41 8 11 38 1
4678 ORDER 2333 12 6 24 38 0
4678 BLOCK 31 26
4680 ORDER 2334 31 15 1 27 0
4682 CANCEL 2328
4682 ORDER 2335 44 35 2 6 0
4685 ORDER 2336 44 30 3 5 0
4688 ORDER 2337 6 23 6 38 2
4689 ORDER 2338 28 27 26 38 2
4690 UNBLOCK 43 18
4693 ORDER 2339 8 24 1 16 2
4694 ORDER 2340 31 25 2 20 1
4695 ORDER 2341 23 30 17 37 1
4700 ORDER 2342 9 27 1 25 0
4701 ORDER 2343 6 29 2 5 1
4702 ORDER 2344 10 18 3 22 0
4705 ORDER 2345 31 12 47 38 0
4707 ORDER 2346 37 15 30 37 0
4708 ORDER 2347 9 18 8 38 1
4710 ORDER 2348 14 35 1 10 0
4712 ORDER 2349 10 30 3 9 1
4714 CANCEL 2266
4714 BLOCK 18 17
4715 ORDER 2350 25 30 2 26 0
4717 ORDER 2351 36 35 3 14 1
4718 ORDER 2352 38 17 29 37 0
4723 ORDER 2353 27 3 13 37 1
4727 ORDER 2354 35 23 20 37 0
4728 ORDER 2355 6 24 3 14 0
4728 BLOCK 45 5
4729 UNBLOCK 7 5
4729 ORDER 2356 37 17 1 30 0
4730 ORDER 2357 41 20 3 1 0
4733 UNBLOCK 5 7
4735 ORDER 2358 39 3 22 37 0
4737 ORDER 2359 39 11 3 23 0
4737 BLOCK 10 12
4738 ORDER 2360 7 8 17 37 0
4741 ORDER 2361 37 35 10 37 0
4747 ORDER 2362 25 23 1 31 1
4749 ORDER 2363 14 26 44 38 0
4750 ORDER 2364 11 30 28 38 1
4751 ORDER 2365 24 30 3 38 2
4752 ORDER 2366 28 3 2 19 0
4756 UNBLOCK 25 29
4756 CANCEL 2346
4758 ORDER 2367 20 23 29 37 1
4759 ORDER 2368 6 6 37 37 1
4760 UNBLOCK 33 32
4760 ORDER 2369 25 9 33 37 0
4761 ORDER 2370 12 27 13 37 1
4764 ORDER 2371 8 23 2 3 3
4765 BLOCK 31 23
4766 ORDER 2372 26 8 3 30 2
4767 ORDER 2373 35 20 2 31 0
4768 ORDER 2374 18 29 2 6 0
4771 ORDER 2375 19 6 15 37 3
4772 ORDER 2376 11 20 3 3 1
4773 ORDER 2377 28 8 42 38 1
4774 CANCEL 2314
4774 ORDER 2378 11 27 1 22 0
4775 ORDER 2379 35 33 3 2 1
4777 ORDER 2380 40 14 41 37 0
4778 ORDER 2381 6 6 1 4 0
4786 ORDER 2382 40 3 2 33 0
4788 ORDER 2383 17 5 39 38 0
4789 ORDER 2384 39 17 11 38 0
4790 BLOCK 35 37
4791 ORDER 2385 18 21 47 38 1
4797 UNBLOCK 6 3
4797 UNBLOCK 10 12
4798 CANCEL 2305
4801 ORDER 2386 43 23 1 30 0
4803 BLOCK 13 37
4807 ORDER 2387 11 33 1 20 0
4808 ORDER 2388 45 32 1 37 1
4810 ORDER 2389 7 12 2 26 0
4812 ORDER 2390 11 21 26 37 0
4813 ORDER 2391 29 30 19 37 0
4814 ORDER 2392 36 8 35 38 0
4815 ORDER 2393 43 15 3 37 0
4816 ORDER 2394 40 29 17 38 1
4817 ORDER 2395 26 30 2 20 1
4818 ORDER 2396 6 33 12 38 0
4822 ORDER 2397 24 24 29 38 0
4823 ORDER 2398 41 32 42 38 0
4825 UNBLOCK 31 26
4826 ORDER 2399 8 8 2 19 0
4828 UNBLOCK 45 5
4828 ORDER 2400 28 32 2 26 0
4829 ORDER 2401 12 24 1 34 1
4831 ORDER 2402 32 17 18 38 0
4833 ORDER 2403 35 9 22 38 1
4835 UNBLOCK 18 17
4838 UNBLOCK 31 23
4840 ORDER 2404 14 11 3 32 3
4841 ORDER 2405 39 5 1 15 2
4842 ORDER 2406 44 24 2 30 0
4843 UNBLOCK 35 37
4846 ORDER 2407 41 27 1 12 2
4847 ORDER 2408 38 14 2 23 0
4848 ORDER 2409 21 17 2 2 0
4849 ORDER 2410 41 17 3 8 1
4854 ORDER 2411 30 14 29 37 1
4856 CANCEL 2349
4856 ORDER 2412 32 5 1 20 2
4856 BLOCK 15 29
4857 ORDER 2413 43 3 3 36 2
4858 ORDER 2414 13 26 6 38 0
4859 ORDER 2415 7 8 12 38 1
4861 ORDER 2416 11 30 1 6 0
4862 ORDER 2417 18 21 1 3 2
4863 ORDER 2418 19 15 1 4 0
4864 ORDER 2419 8 3 22 37 1
4866 ORDER 2420 8 12 3 7 0
4868 ORDER 2421 17 20 24 38 0
4868 BLOCK 32 11
4869 ORDER 2422 9 18 2 25 0
4871 ORDER 2423 8 3 47 38 0
4875 ORDER 2424 37 35 39 38 0
4879 ORDER 2425 32 6 3 25 1
4881 ORDER 2426 10 14 3 13 0
4883 CANCEL 2354
4883 ORDER 2427 44 3 35 37 0
4886 ORDER 2428 31 11 2 33 2
4887 ORDER 2429 42 17 20 37 0
4890 BLOCK 33 3
4893 ORDER 2430 16 18 2 24 0
4894 ORDER 2431 8 6 1 37 3
4895 ORDER 2432 27 11 1 24 0
4898 ORDER 2433 11 6 42 38 0
4899 UNBLOCK 13 37
4899 ORDER 2434 36 32 3 13 2
4900 ORDER 2435 31 5 1 38 0
4903 ORDER 2436 36 18 1 12 0
4903 BLOCK 40 2
4905 ORDER 2437 27 6 23 38 1
4906 ORDER 2438 27 29 2 18 0
4908 ORDER 2439 29 30 1 5 0
4909 ORDER 2440 27 33 21 37 0
4912 ORDER 2441 21 14 46 38 0
4913 ORDER 2442 45 30 1 15 0
4914 ORDER 2443 26 17 39 37 1
4917 UNBLOCK 15 29
4917 ORDER 2444 26 21 2 35 0
4918 CANCEL 2382
4920 ORDER 2445 8 23 36 38 3
4921 ORDER 2446 26 5 1 20 0
4922 ORDER 2447 24 6 41 38 1
4924 BLOCK 20 23
4925 ORDER 2448 10 29 1 38 0
4926 ORDER 2449 39 24 1 25 1
4927 ORDER 2450 31 32 1 19 0
4929 ORDER 2451 37 3 46 37 1
4930 ORDER 2452 6 23 2 19 0
4932 ORDER 2453 21 3 1 5 3
4933 ORDER 2454 34 9 17 37 0
4935 BLOCK 9 32
4936 ORDER 2455 21 26 1 25 0
4938 ORDER 2456 30 27 2 21 0
4941 ORDER 2457 40 14 13 37 0
4944 ORDER 2458 30 26 11 38 0
4946 CANCEL 2457
4946 ORDER 2459 15 21 1 21 1
4950 ORDER 2460 17 8 26 37 1
4951 ORDER 2461 16 12 48 38 1
4952 ORDER 2462 17 29 2 26 1
4952 BLOCK 41 15
4953 BLOCK 13 13
4954 ORDER 2463 10 11 1 9 0
4958 CANCEL 2391
4960 UNBLOCK 32 11
4961 BLOCK 23 4
4962 CANCEL 2437
4965 ORDER 2464 33 29 47 37 0
4967 ORDER 2465 16 3 41 38 0
4972 UNBLOCK 33 3
4972 ORDER 2466 6 30 2 27 1
4974 ORDER 2467 6 14 36 38 1
4976 ORDER 2468 29 3 2 38 0
4977 ORDER 2469 7 33 2 4 0
4978 BLOCK 14 12
4979 UNBLOCK 41 15
4979 ORDER 2470 10 26 40 38 3
4980 ORDER 2471 11 10 18 38 1
4982 ORDER 2472 14 35 4 38 0
4984 UNBLOCK 23 4
4984 ORDER 2473 37 33 1 31 0
4984 BLOCK 12 15
4986 ORDER 2474 32 5 1 20 2
4989 ORDER 2475 29 33 4 38 0
4991 ORDER 2476 42 21 1 7 0
4995 ORDER 2477 10 8 19 37 0
4996 ORDER 2478 44 26 2 20 0
4998 UNBLOCK 40 2
4998 ORDER 2479 29 27 36 38 0
4999 CANCEL 2407
4999 ORDER 2480 31 14 9 37 0
5000 ORDER 2481 26 17 26 37 0
5001 BLOCK 11 20
5002 UNBLOCK 9 32
5004 ORDER 2482 10 29 8 37 0
5005 ORDER 2483 13 26 47 38 3
5006 ORDER 2484 24 33 1 38 0
5007 ORDER 2485 41 35 27 37 1
5008 ORDER 2486 18 24 3 14 1
5010 ORDER 2487 32 8 1 4 0
5011 ORDER 2488 38 26 27 38 0
5012 ORDER 2489 41 35 3 28 0
5015 ORDER 2490 38 17 9 38 1
5017 ORDER 2491 33 29 2 3 0
5018 ORDER 2492 16 32 22 37 0
5018 BLOCK 11 33
5020 ORDER 2493 9 12 39 37 0
5023 ORDER 2494 24 33 2 20 0
5024 ORDER 2495 15 15 2 21 1
5026 ORDER 2496 36 5 3 31 1
5027 ORDER 2497 6 26 40 37 3
5028 ORDER 2498 41 14 3 26 0
5032 ORDER 2499 33 11 3 2 3
5033 ORDER 2500 45 18 2 19 0
5034 ORDER 2501 41 23 2 22 1
5035 BLOCK 33 6
5036 ORDER 2502 9 5 25 38 1
5037 ORDER 2503 40 14 1 35 0
5041 ORDER 2504 27 12 4 37 0
5042 ORDER 2505 30 14 3 32 0
5043 ORDER 2506 37 32 27 38 0
5045 ORDER 2507 23 21 3 33 0
5046 ORDER 2508 9 3 2 25 2
5047 ORDER 2509 19 27 2 35 1
5048 ORDER 2510 39 3 40 38 0
5049 ORDER 2511 38 30 2 15 2
5051 ORDER 2512 45 20 31 38 0
5057 ORDER 2513 40 20 41 38 0
5059 ORDER 2514 10 15 25 37 0
5062 UNBLOCK 33 6
5062 ORDER 2515 31 17 1 9 3
5063 ORDER 2516 26 29 1 8 0
5064 ORDER 2517 12 21 3 17 1
5070 ORDER 2518 29 15 3 37 1
5073 UNBLOCK 20 23
5073 ORDER 2519 16 15 10 38 0
5075 ORDER 2520 35 21 1 32 0
5077 ORDER 2521 30 14 13 38 2
5079 ORDER 2522 20 21 3 11 1
5081 ORDER 2523 45 8 32 38 3
5082 ORDER 2524 38 17 37 37 2
5083 ORDER 2525 7 9 2 32 0
5084 ORDER 2526 30 5 3 30 1
5084 BLOCK 29 14
5086 ORDER 2527 28 14 32 38 0
5088 ORDER 2528 23 23 6 38 0
5089 UNBLOCK 13 13
5089 ORDER 2529 8 33 3 4 0
5090 ORDER 2530 12 3 1 9 1
5092 ORDER 2531 39 15 17 37 1
5093 ORDER 2532 36 18 40 37 0
5094 BLOCK 14 29
5097 ORDER 2533 16 17 3 11 2
5098 ORDER 2534 27 17 2 32 0
5099 UNBLOCK 14 12
5099 ORDER 2535 11 11 41 38 0
5103 UNBLOCK 11 33
5103 ORDER 2536 28 5 43 38 0
5104 UNBLOCK 12 15
5104 ORDER 2537 43 11 3 26 0
5106 BLOCK 19 12
5113 ORDER 2538 27 14 1 13 0
5114 CANCEL 2497
5114 ORDER 2539 17 27 3 27 0
5115 CANCEL 2502
5115 ORDER 2540 38 27 15 37 1
5117 ORDER 2541 22 9 29 37 0
5119 ORDER 2542 32 15 3 28 0
5122 ORDER 2543 8 11 1 2 0
5124 ORDER 2544 21 14 2 11 0
5126 ORDER 2545 29 32 38 37 1
5129 ORDER 2546 41 21 10 38 0
5129 BLOCK 21 20
5130 ORDER 2547 25 6 2 20 0
5131 ORDER 2548 16 12 1 13 0
5132 UNBLOCK 11 20
5133 ORDER 2549 16 15 3 18 1
5135 CANCEL 2494
5135 ORDER 2550 22 24 14 38 0
5140 ORDER 2551 41 8 2 26 0
5141 ORDER 2552 41 11 1 9 0
5144 ORDER 2553 30 30 47 38 0
5145 ORDER 2554 29 20 1 22 0
5148 ORDER 2555 21 6 27 38 0
5148 BLOCK 6 8
5149 CANCEL 2517
5151 ORDER 2556 7 23 3 13 0
5152 ORDER 2557 16 21 1 2 0
5153 ORDER 2558 35 33 2 24 0
5154 ORDER 2559 19 17 2 25 1
5157 ORDER 2560 37 33 2 23 1
5158 ORDER 2561 27 12 1 21 0
5161 ORDER 2562 8 9 3 7 2
5161 BLOCK 44 6
5162 UNBLOCK 21 20
5163 ORDER 2563 44 4 3 33 0
5164 ORDER 2564 8 20 1 24 1
5165 BLOCK 44 11
5167 ORDER 2565 40 30 37 38 0
5168 ORDER 2566 21 5 26 37 1
5170 ORDER 2567 31 32 5 37 0
5172 UNBLOCK 19 12
5172 ORDER 2568 12 29 3 35 2
5175 ORDER 2569 45 30 3 4 1
5177 ORDER 2570 40 30 40 37 0
5178 ORDER 2571 37 15 1 28 0
5179 ORDER 2572 8 8 3 15 0
5180 ORDER 2573 27 18 3 36 0
5181 ORDER 2574 26 12 1 6 1
5185 UNBLOCK 29 14
5185 ORDER 2575 9 18 17 38 2
5185 BLOCK 20 33
5186 ORDER 2576 32 21 3 36 1
5187 ORDER 2577 39 27 15 38 1
5188 ORDER 2578 23 26 44 37 0
5191 ORDER 2579 17 5 46 37 1
5192 ORDER 2580 31 33 46 38 0
5193 ORDER 2581 41 14 2 8 0
5194 ORDER 2582 16 32 30 38 0
5196 ORDER 2583 34 20 8 37 0
5197 ORDER 2584 16 8 3 35 1
5198 ORDER 2585 45 23 13 37 0
5202 ORDER 2586 12 30 2 36 0
5203 ORDER 2587 29 12 3 13 1
5204 ORDER 2588 9 24 1 16 1
5205 ORDER 2589 31 11 3 1 0
5205 BLOCK 29 15
5206 ORDER 2590 38 30 2 35 0
5208 ORDER 2591 24 26 1 13 1
5209 ORDER 2592 31 26 1 3 0
5210 ORDER 2593 13 20 1 24 1
5211 ORDER 2594 21 8 9 37 0
5214 ORDER 2595 7 11 3 7 0
5215 ORDER 2596 20 32 2 12 0
5217 ORDER 2597 26 23 2 32 0
5218 ORDER 2598 35 15 30 37 0
5220 BLOCK 38 9
5221 ORDER 2599 37 6 21 37 1
5224 ORDER 2600 38 8 3 37 2
5224 CANCEL 102600
5225 ORDER 2601 43 8 3 6 0
5226 UNBLOCK 44 6
5227 ORDER 2602 6 33 3 15 0
5229 ORDER 2603 21 14 17 37 0
5229 BLOCK 19 21
5236 ORDER 2604 41 30 3 3 0
5238 ORDER 2605 40 27 2 31 1
5239 ORDER 2606 34 30 2 22 0
5242 ORDER 2607 11 17 46 37 0
5242 BLOCK 17 14
5243 UNBLOCK 14 29
5243 BLOCK 10 3
5244 ORDER 2608 7 24 11 38 3
5246 ORDER 2609 7 14 15 38 0
5247 ORDER 2610 11 33 3 32 0
5249 CANCEL 2589
5249 ORDER 2611 20 6 3 13 1
5250 ORDER 2612 22 20 2 18 0
5251 ORDER 2613 9 3 4 38 1
5252 ORDER 2614 35 6 1 10 0
5256 ORDER 2615 6 29 41 38 0
5257 ORDER 2616 27 32 3 11 0
5258 ORDER 2617 11 14 19 38 0
5258 BLOCK 16 8
5261 ORDER 2618 44 21 3 32 0
5263 UNBLOCK 38 9
5264 ORDER 2619 38 3 1 4 0
5265 ORDER 2620 7 15 1 35 1
5267 UNBLOCK 6 8
5267 ORDER 2621 42 23 2 14 0
5268 ORDER 2622 39 3 20 38 1
5269 ORDER 2623 39 33 29 38 2
5269 BLOCK 30 27
5271 ORDER 2624 29 30 20 38 0
5272 ORDER 2625 11 33 41 37 2
5277 ORDER 2626 29 8 3 16 0
5278 UNBLOCK 16 8
5278 ORDER 2627 29 18 3 1 0
5279 ORDER 2628 8 9 15 38 0
5280 ORDER 2629 23 24 12 38 0
5281 ORDER 2630 27 26 1 5 0
5282 ORDER 2631 16 12 27 37 2
5283 ORDER 2632 19 6 1 16 0
5284 ORDER 2633 41 35 1 23 0
5286 UNBLOCK 10 3
5286 ORDER 2634 25 35 46 38 0
5287 ORDER 2635 20 30 2 6 2
5289 ORDER 2636 33 9 2 8 1
5290 ORDER 2637 33 11 4 37 0
5292 UNBLOCK 30 27
5292 ORDER 2638 18 35 1 7 1
5292 BLOCK 44 26
5293 ORDER 2639 30 17 2 36 0
5294 ORDER 2640 36 24 27 38 0
5294 BLOCK 8 15
5296 ORDER 2641 45 14 13 37 0
5298 ORDER 2642 11 14 42 37 2
5299 ORDER 2643 16 23 1 38 2
5300 ORDER 2644 16 18 13 37 1
5301 ORDER 2645 20 8 2 5 0
5303 ORDER 2646 43 5 29 38 0
5303 BLOCK 37 12
5304 UNBLOCK 44 11
5305 ORDER 2647 21 26 1 36 0
5307 ORDER 2648 29 5 3 16 0
5310 ORDER 2649 19 12 43 37 0
5311 ORDER 2650 44 12 2 38 0
5312 ORDER 2651 39 11 3 34 1
5316 ORDER 2652 18 32 1 3 2
5316 BLOCK 18 11
5318 ORDER 2653 43 21 3 33 1
5322 ORDER 2654 16 29 2 24 0
5323 ORDER 2655 8 9 14 37 0
5328 ORDER 2656 12 21 22 38 0
5330 UNBLOCK 20 33
5331 UNBLOCK 29 15
5331 ORDER 2657 42 26 4 38 0
5332 ORDER 2658 39 24 2 21 0
5335 ORDER 2659 22 24 4 37 1
5336 ORDER 2660 42 10 6 37 2
5337 ORDER 2661 10 8 3 8 1
5338 ORDER 2662 16 23 9 38 1
5341 ORDER 2663 6 12 3 32 0
5342 ORDER 2664 42 11 44 38 0
5347 ORDER 2665 32 17 1 37 3
5348 ORDER 2666 18 15 2 6 0
5349 UNBLOCK 19 21
5351 ORDER 2667 6 6 1 14 3
5355 ORDER 2668 37 27 24 37 2
5356 ORDER 2669 36 24 38 38 0
5357 ORDER 2670 15 35 43 37 2
5358 UNBLOCK 37 12
5359 ORDER 2671 24 24 1 32 2
5360 ORDER 2672 39 11 3 26 0
5361 CANCEL 2587
5361 UNBLOCK 17 14
5363 CANCEL 2600
5364 ORDER 2673 28 26 1 28 1
5366 ORDER 2674 29 30 30 37 0
5367 CANCEL 2639
5367 ORDER 2675 29 5 26 37 0
5370 ORDER 2676 20 29 33 37 0
5371 BLOCK 10 8
5375 ORDER 2677 24 23 36 38 1
5376 ORDER 2678 26 21 35 38 2
5380 ORDER 2679 39 11 1 27 1
5383 ORDER 2680 9 17 1 3 0
5384 ORDER 2681 18 8 3 9 0
5386 ORDER 2682 14 26 13 38 0
5388 CANCEL 2615
5388 CANCEL 2637
5388 ORDER 2683 7 27 22 37 0
5389 ORDER 2684 6 30 1 10 2
5390 ORDER 2685 44 8 2 8 0
5393 ORDER 2686 10 21 2 27 2
5396 CANCEL 2626
5399 ORDER 2687 11 27 26 37 0
5403 UNBLOCK 8 15
5405 ORDER 2688 8 8 2 1 0
5406 UNBLOCK 44 26
5407 ORDER 2689 29 5 15 38 0
5408 ORDER 2690 41 33 2 19 0
5412 ORDER 2691 35 17 1 30 0
5413 ORDER 2692 28 24 20 38 1
5414 ORDER 2693 38 30 14 37 0
5415 BLOCK 29 37
5416 ORDER 2694 11 33 48 37 1
5417 ORDER 2695 22 12 3 30 0
5418 ORDER 2696 27 9 47 38 2
5421 UNBLOCK 10 8
5421 ORDER 2697 30 5 2 21 0
5423 ORDER 2698 11 6 2 2 3
5424 ORDER 2699 31 17 3 11 0
5425 UNBLOCK 18 11
5425 BLOCK 18 36
5426 ORDER 2700 34 32 29 38 0
5427 ORDER 2701 27 15 1 14 0
5429 ORDER 2702 25 32 23 37 1
5430 ORDER 2703 14 35 12 37 0
5431 ORDER 2704 19 35 11 37 0
5431 BLOCK 33 6
5432 ORDER 2705 29 24 2 6 0
5434 ORDER 2706 17 32 29 37 3
5437 ORDER 2707 24 15 3 33 0
5438 ORDER 2708 27 21 2 8 0
5439 ORDER 2709 32 8 3 13 0
5441 ORDER 2710 15 35 32 37 0
5445 CANCEL 2699
5445 ORDER 2711 9 20 3 1 0
5447 ORDER 2712 18 35 3 17 0
5448 ORDER 2713 32 15 47 37 2
5449 ORDER 2714 17 32 23 37 1
5450 ORDER 2715 31 15 24 38 0
5450 BLOCK 19 26
5452 CANCEL 2622
5453 ORDER 2716 34 20 40 37 0
5454 BLOCK 29 18
5456 ORDER 2717 8 12 3 4 0
5457 ORDER 2718 30 29 1 28 0
5458 ORDER 2719 23 12 14 38 1
5460 ORDER 2720 8 21 1 23 0
5461 ORDER 2721 28 21 18 37 0
5462 ORDER 2722 39 24 46 37 0
5463 ORDER 2723 18 17 40 38 1
5464 BLOCK 29 30
5465 ORDER 2724 17 33 21 37 0
5469 ORDER 2725 41 29 14 37 0
5471 BLOCK 36 21
5472 ORDER 2726 23 26 3 23 0
5474 ORDER 2727 33 29 30 37 1
5481 ORDER 2728 25 8 3 2 3
5484 UNBLOCK 18 36
5484 UNBLOCK 19 26
5485 ORDER 2729 27 14 2 16 1
5487 ORDER 2730 33 27 3 12 2
5488 ORDER 2731 33 12 2 38 1
5491 ORDER 2732 40 11 2 10 0
5492 ORDER 2733 35 21 24 37 0
5493 ORDER 2734 38 17 3 16 0
5495 ORDER 2735 12 8 1 21 0
5496 ORDER 2736 38 20 1 23 0
5497 ORDER 2737 39 24 3 21 1
5498 ORDER 2738 35 30 7 38 0
5499 UNBLOCK 36 21
5499 ORDER 2739 27 5 1 24 2
5500 BLOCK 43 2
5501 ORDER 2740 7 26 47 38 0
5502 ORDER 2741 41 24 32 38 0
5506 ORDER 2742 12 30 21 38 0
5510 ORDER 2743 8 5 38 38 0
5515 UNBLOCK 33 6
5518 ORDER 2744 37 26 28 37 0
5520 UNBLOCK 29 37
5520 ORDER 2745 16 14 2 8 2
5521 ORDER 2746 12 23 11 37 2
5524 ORDER 2747 30 9 2 1 0
5524 BLOCK 21 35
5525 ORDER 2748 30 32 12 38 1
5527 ORDER 2749 37 12 30 38 0
5528 ORDER 2750 19 8 28 37 1
5529 ORDER 2751 32 3 17 38 0
5530 ORDER 2752 45 23 11 38 2
5530 BLOCK 10 37
5531 ORDER 2753 40 11 1 22 2
5532 ORDER 2754 16 6 32 38 3
5533 ORDER 2755 17 6 3 6 0
5535 ORDER 2756 44 30 42 37 1
5536 ORDER 2757 30 29 30 38 0
5537 ORDER 2758 9 8 34 38 0
5538 ORDER 2759 26 8 6 37 1
5540 ORDER 2760 15 30 12 38 1
5541 ORDER 2761 20 30 2 1 0
5542 ORDER 2762 8 21 2 34 0
5545 UNBLOCK 21 35
5545 ORDER 2763 20 14 3 11 0
5546 ORDER 2764 6 23 24 37 2
5547 ORDER 2765 41 35 3 6 1
5548 ORDER 2766 45 20 1 8 1
5549 ORDER 2767 35 33 3 3 0
5549 BLOCK 42 20
5550 ORDER 2768 9 23 2 3 0
5552 UNBLOCK 43 2
5554 ORDER 2769 26 11 3 37 0
5556 ORDER 2770 19 26 1 23 0
5558 ORDER 2771 16 6 2 5 0
5560 ORDER 2772 17 5 1 28 0
5561 ORDER 2773 28 29 35 37 1
5562 ORDER 2774 13 24 48 38 1
5563 ORDER 2775 27 3 5 37 2
5564 ORDER 2776 39 18 3 19 0
5565 ORDER 2777 9 14 29 38 1
5566 ORDER 2778 39 24 18 38 0
5567 ORDER 2779 25 11 30 37 3
5568 ORDER 2780 40 26 5 37 2
5569 ORDER 2781 33 11 2 15 0
5571 ORDER 2782 28 24 2 20 1
5572 CANCEL 2687
5572 ORDER 2783 36 19 7 38 0
5573 ORDER 2784 7 21 30 37 1
5574 ORDER 2785 39 17 1 10 0
5575 UNBLOCK 29 18
5578 ORDER 2786 24 8 9 37 0
5579 ORDER 2787 45 3 3 10 3
5581 ORDER 2788 21 26 36 38 1
5583 ORDER 2789 38 18 38 37 1
5584 UNBLOCK 42 20
5584 ORDER 2790 27 12 30 38 0
5586 ORDER 2791 24 11 2 16 2
5591 ORDER 2792 20 5 1 30 1
5592 ORDER 2793 36 26 2 24 0
5594 ORDER 2794 12 6 18 37 0
5597 ORDER 2795 16 11 4 38 2
5598 UNBLOCK 29 30
5599 ORDER 2796 40 12 2 17 0
5603 CANCEL 2737
5603 ORDER 2797 29 18 29 37 1
5604 ORDER 2798 8 5 35 38 1
5605 ORDER 2799 9 33 3 37 2
5606 ORDER 2800 6 8 1 21 1
5607 ORDER 2801 19 27 1 32 0
5607 BLOCK 21 22
5608 ORDER 2802 15 14 40 38 2
5609 ORDER 2803 39 15 1 23 0
5612 ORDER 2804 9 26 1 23 0
5613 ORDER 2805 24 30 1 5 0
5616 ORDER 2806 36 29 3 20 0
5619 ORDER 2807 22 9 2 36 1
5622 ORDER 2808 10 29 3 7 0
5623 ORDER 2809 43 26 29 37 2
5624 ORDER 2810 15 9 4 37 0
5628 ORDER 2811 13 20 3 35 2
5633 ORDER 2812 17 27 6 37 0
5634 ORDER 2813 44 32 2 27 1
5636 ORDER 2814 11 33 3 28 0
5640 ORDER 2815 38 9 40 38 0
5641 ORDER 2816 30 12 29 38 0
5642 ORDER 2817 11 15 3 5 0
5643 UNBLOCK 10 37
5647 BLOCK 11 5
5648 ORDER 2818 38 3 2 9 0
5648 BLOCK 33 5
5658 ORDER 2819 11 29 1 29 1
5660 ORDER 2820 16 35 11 37 0
5663 ORDER 2821 19 14 3 20 0
5664 ORDER 2822 38 30 3 12 0
5666 ORDER 2823 14 11 3 1 0
5669 ORDER 2824 7 29 17 38 1
5671 ORDER 2825 6 12 32 38 2
5672 UNBLOCK 33 5
5674 BLOCK 45 36
5675 ORDER 2826 31 21 3 18 0
5676 ORDER 2827 36 18 43 37 1
5678 ORDER 2828 44 8 2 23 0
5682 ORDER 2829 6 12 3 6 0
5683 ORDER 2830 24 3 1 28 1
5684 ORDER 2831 6 21 22 37 0
5686 ORDER 2832 24 15 3 34 1
5687 BLOCK 15 28
5688 ORDER 2833 41 33 2 23 1
5689 ORDER 2834 22 29 2 14 0
5690 ORDER 2835 33 8 8 38 0
5692 ORDER 2836 11 6 33 37 1
5695 CANCEL 2790
5697 ORDER 2837 6 29 3 4 0
5698 ORDER 2838 12 17 37 38 0
5701 ORDER 2839 8 22 3 35 0
5702 ORDER 2840 9 32 3 33 0
5703 ORDER 2841 29 3 23 38 3
5704 ORDER 2842 18 35 2 18 1
5704 BLOCK 38 32
5706 ORDER 2843 11 24 2 24 0
5707 ORDER 2844 13 18 3 2 0
5710 ORDER 2845 43 26 1 3 0
5711 ORDER 2846 31 14 2 2 0
5715 UNBLOCK 15 28
5716 ORDER 2847 16 6 36 37 1
5718 ORDER 2848 12 5 8 37 1
5720 ORDER 2849 15 30 3 20 0
5721 UNBLOCK 11 5
5721 ORDER 2850 13 29 1 4 3
5727 ORDER 2851 20 17 1 6 0
5729 ORDER 2852 38 29 46 37 1
5730 ORDER 2853 18 3 42 38 0
5731 ORDER 2854 8 11 19 38 2
5734 ORDER 2855 36 6 11 38 0
5735 ORDER 2856 9 33 2 31 0
5737 ORDER 2857 33 6 2 38 0
5739 ORDER 2858 41 26 29 37 0
5743 ORDER 2859 7 33 3 26 0
5744 ORDER 2860 35 33 37 37 1
5745 ORDER 2861 30 32 20 37 0
5746 ORDER 2862 30 14 3 33 0
5747 ORDER 2863 12 17 17 38 1
5748 ORDER 2864 16 15 35 37 0
5749 ORDER 2865 11 12 29 38 0
5751 ORDER 2866 29 6 41 37 1
5753 BLOCK 23 15
5755 ORDER 2867 31 35 1 35 0
5756 UNBLOCK 21 22
5756 ORDER 2868 30 3 44 38 0
5757 ORDER 2869 41 12 3 13 0
5758 ORDER 2870 19 26 3 5 0
5759 ORDER 2871 10 6 22 38 3
5760 ORDER 2872 39 9 1 37 0
5761 ORDER 2873 41 30 4 38 0
5763 ORDER 2874 38 11 37 38 2
5764 UNBLOCK 45 36
5765 ORDER 2875 9 27 2 11 2
5766 ORDER 2876 39 17 1 12 0
5770 BLOCK 9 27
5772 ORDER 2877 37 20 3 1 0
5775 ORDER 2878 34 32 3 33 0
5778 ORDER 2879 38 30 1 25 1
5780 BLOCK 12 8
5781 ORDER 2880 10 14 33 37 1
5782 ORDER 2881 36 14 40 38 0
5783 CANCEL 2874
5784 ORDER 2882 9 15 12 37 1
5785 ORDER 2883 22 18 2 38 0
5786 ORDER 2884 10 30 11 37 1
5789 ORDER 2885 44 29 2 32 1
5791 ORDER 2886 26 33 32 37 0
5792 CANCEL 2872
5792 ORDER 2887 38 18 43 38 1
5794 ORDER 2888 16 11 7 38 1
5796 ORDER 2889 28 14 3 25 1
5797 CANCEL 2823
5799 ORDER 2890 41 32 14 37 0
5800 ORDER 2891 34 29 39 38 1
5800 BLOCK 26 37
5801 CANCEL 102891
5803 ORDER 2892 6 33 3 16 0
5806 ORDER 2893 38 15 2 35 0
5807 BLOCK 24 5
5808 ORDER 2894 11 5 3 7 0
5809 ORDER 2895 37 6 10 37 1
5813 ORDER 2896 16 33 3 21 2
5814 ORDER 2897 40 27 2 12 1
5815 ORDER 2898 34 35 2 13 1
5816 ORDER 2899 24 9 14 38 1
5817 ORDER 2900 39 35 30 38 0
5818 ORDER 2901 43 21 31 37 0
5820 CANCEL 2840
5820 ORDER 2902 18 23 42 38 0
5821 ORDER 2903 11 23 37 37 0
5822 UNBLOCK 38 32
5822 ORDER 2904 41 16 20 37 2
5824 ORDER 2905 17 8 1 5 1
5824 BLOCK 17 2
5825 ORDER 2906 17 27 24 38 1
5826 UNBLOCK 23 15
5827 ORDER 2907 20 18 2 8 0
5828 ORDER 2908 35 20 24 37 3
5829 ORDER 2909 23 32 2 30 1
5831 ORDER 2910 11 29 31 37 0
5838 ORDER 2911 13 3 3 8 0
5839 ORDER 2912 18 8 3 3 1
5842 ORDER 2913 31 32 3 7 1
5843 ORDER 2914 31 32 6 38 0
5845 CANCEL 2837
5846 ORDER 2915 20 5 37 37 0
5847 ORDER 2916 36 12 1 36 0
5848 ORDER 2917 8 6 31 38 1
5849 ORDER 2918 27 33 39 37 1
5850 ORDER 2919 32 15 28 38 1
5851 ORDER 2920 19 32 3 20 2
5852 ORDER 2921 25 8 14 38 0
5854 ORDER 2922 27 8 41 38 0
5855 ORDER 2923 21 24 1 12 0
5856 ORDER 2924 29 17 36 37 0
5857 ORDER 2925 16 5 3 5 0
5858 UNBLOCK 24 5
5858 ORDER 2926 18 15 2 11 0
5859 UNBLOCK 26 37
5860 ORDER 2927 11 14 2 37 0
5863 ORDER 2928 25 29 2 38 2
5865 ORDER 2929 20 27 1 1 1
5866 ORDER 2930 9 12 3 27 1
5867 ORDER 2931 30 9 3 8 0
5868 UNBLOCK 9 27
5870 ORDER 2932 27 5 1 19 1
5871 ORDER 2933 36 32 2 24 3
5873 UNBLOCK 17 2
5876 ORDER 2934 38 23 1 33 0
5878 ORDER 2935 31 18 45 37 1
5880 ORDER 2936 8 3 3 28 2
5888 ORDER 2937 35 35 39 38 2
5889 ORDER 2938 40 24 1 26 0
5892 ORDER 2939 39 29 1 29 1
5894 BLOCK 33 37
5895 ORDER 2940 29 17 1 11 0
5897 ORDER 2941 24 5 1 11 1
5898 ORDER 2942 10 11 34 37 2
5899 ORDER 2943 9 29 2 24 0
5901 ORDER 2944 17 27 8 38 2
5904 CANCEL 2864
5905 ORDER 2945 19 9 1 18 1
5906 ORDER 2946 11 21 3 19 0
5908 UNBLOCK 12 8
5908 ORDER 2947 38 3 2 36 0
5909 ORDER 2948 27 20 3 38 2
5910 ORDER 2949 44 14 1 15 1
5914 ORDER 2950 18 24 1 20 1
5915 ORDER 2951 40 20 31 37 1
5917 ORDER 2952 35 17 1 8 0
5917 BLOCK 34 30
5918 ORDER 2953 31 32 2 27 1
5919 ORDER 2954 15 35 47 37 3
5922 ORDER 2955 6 12 3 26 1
5922 BLOCK 33 34
5923 ORDER 2956 39 35 34 37 1
5924 ORDER 2957 16 11 3 24 0
5925 ORDER 2958 36 33 3 15 0
5929 ORDER 2959 8 17 3 4 1
5930 ORDER 2960 9 18 20 38 0
5931 ORDER 2961 28 30 3 18 0
5938 ORDER 2962 34 6 1 33 1
5943 ORDER 2963 43 15 3 19 2
5946 ORDER 2964 22 18 12 38 2
5947 ORDER 2965 24 8 2 7 1
5952 ORDER 2966 35 9 3 13 2
5953 ORDER 2967 14 24 2 25 0
5955 ORDER 2968 13 20 2 23 0
5956 ORDER 2969 22 26 1 6 2
5959 ORDER 2970 20 35 2 11 0
5959 BLOCK 28 10
5960 ORDER 2971 6 6 19 37 1
5961 ORDER 2972 15 33 3 38 1
5962 ORDER 2973 27 12 45 37 0
5965 ORDER 2974 31 33 35 37 0
5966 ORDER 2975 23 20 12 37 1
5967 ORDER 2976 21 27 1 38 0
5969 UNBLOCK 33 37
5970 ORDER 2977 18 5 10 37 0
5973 ORDER 2978 9 30 1 1 2
5974 ORDER 2979 38 32 3 10 1
5974 BLOCK 6 5
5979 ORDER 2980 10 11 46 37 2
5984 ORDER 2981 22 9 26 38 0
5985 ORDER 2982 24 3 3 34 0
5987 ORDER 2983 17 30 2 17 0
5988 ORDER 2984 8 6 48 37 0
5989 ORDER 2985 24 35 2 12 2
5991 ORDER 2986 41 26 15 37 1
5994 ORDER 2987 44 21 3 37 0
5995 ORDER 2988 20 27 31 38 3
5997 ORDER 2989 37 33 2 11 0
5997 BLOCK 12 2
5999 ORDER 2990 28 35 23 37 0
6000 ORDER 2991 44 33 5 37 0
6003 ORDER 2992 27 33 2 9 2
6005 ORDER 2993 45 33 1 16 2
6006 ORDER 2994 25 32 22 38 3
6007 BLOCK 10 32
6008 ORDER 2995 34 21 1 16 0
6009 ORDER 2996 12 24 5 37 0
6010 UNBLOCK 28 10
6010 BLOCK 27 30
6011 ORDER 2997 37 32 16 37 0
6012 ORDER 2998 42 6 14 38 2
6015 ORDER 2999 8 26 30 37 0
6016 ORDER 3000 17 14 3 28 2
6017 ORDER 3001 27 5 2 1 0
6019 CANCEL 2942
6019 ORDER 3002 40 35 41 37 0
6020 CANCEL 2913
6020 ORDER 3003 11 11 30 38 0
6021 BLOCK 22 15
6023 UNBLOCK 12 2
6024 ORDER 3004 6 6 3 31 0
6025 ORDER 3005 36 21 2 32 0
6028 ORDER 3006 36 18 20 38 0
6031 ORDER 3007 9 23 34 37 0
6032 ORDER 3008 44 3 2 10 1
6033 UNBLOCK 33 34
6033 ORDER 3009 21 20 8 37 1
6034 UNBLOCK 27 30
6034 ORDER 3010 16 33 3 22 0
6035 ORDER 3011 26 8 39 38 0
6036 ORDER 3012 29 30 1 27 0
6037 CANCEL 2946
6037 ORDER 3013 34 27 3 33 0
6038 ORDER 3014 24 32 12 38 0
6039 ORDER 3015 38 35 8 37 3
6041 ORDER 3016 6 20 32 37 1
6042 ORDER 3017 30 9 19 37 0
6043 ORDER 3018 31 30 4 37 0
6046 ORDER 3019 17 8 25 37 1
6047 ORDER 3020 19 12 7 38 0
6050 UNBLOCK 34 30
6050 ORDER 3021 36 35 35 38 1
6051 ORDER 3022 34 9 3 3 0
6053 UNBLOCK 10 32
6053 ORDER 3023 13 18 23 37 0
6055 BLOCK 20 24
6056 ORDER 3024 13 27 1 9 0
6058 BLOCK 38 35
6059 ORDER 3025 30 3 37 37 0
6060 ORDER 3026 12 6 3 25 1
6062 ORDER 3027 35 17 2 1 0
6063 ORDER 3028 29 26 7 38 1
6065 ORDER 3029 8 18 2 36 1
6066 ORDER 3030 44 33 2 33 0
6067 ORDER 3031 36 23 43 37 0
6068 UNBLOCK 6 5
6069 ORDER 3032 35 18 3 33 2
6071 ORDER 3033 31 21 5 37 1
6072 ORDER 3034 37 21 13 38 1
6077 ORDER 3035 32 3 3 5 0
6078 ORDER 3036 17 24 9 38 1
6079 ORDER 3037 10 30 3 29 0
6080 ORDER 3038 19 20 5 37 0
6081 UNBLOCK 20 24
6083 ORDER 3039 13 8 1 23 0
6084 ORDER 3040 11 6 2 31 0
6086 ORDER 3041 34 35 43 38 1
6088 ORDER 3042 41 11 47 38 0
6090 ORDER 3043 34 20 3 32 3
6092 BLOCK 8 32
6093 ORDER 3044 29 15 2 36 0
6095 ORDER 3045 6 14 1 33 0
6098 CANCEL 2963
6098 ORDER 3046 27 29 42 37 0
6099 ORDER 3047 35 33 10 37 0
6103 ORDER 3048 41 24 1 27 0
6106 ORDER 3049 31 32 2 9 0
6108 ORDER 3050 40 18 29 37 1
6109 ORDER 3051 13 18 1 18 0
6110 ORDER 3052 40 24 23 37 2
6111 ORDER 3053 17 8 2 35 1
6112 ORDER 3054 43 9 2 31 1
6113 ORDER 3055 28 17 2 1 0
6113 BLOCK 37 20
6114 ORDER 3056 10 18 47 37 0
6115 CANCEL 3047
6115 ORDER 3057 22 29 19 37 0
6119 UNBLOCK 22 15
6120 ORDER 3058 40 32 25 37 0
6121 UNBLOCK 8 32
6121 ORDER 3059 19 6 44 38 0
6125 ORDER 3060 35 21 3 36 3
6126 BLOCK 13 5
6129 ORDER 3061 9 23 2 33 1
6131 ORDER 3062 36 26 3 34 0
6132 ORDER 3063 8 23 8 37 0
6136 ORDER 3064 39 35 1 34 2
6137 ORDER 3065 10 12 3 10 0
6138 ORDER 3066 12 21 11 37 0
6139 ORDER 3067 37 12 1 27 1
6140 ORDER 3068 16 27 18 37 0
6141 ORDER 3069 25 23 3 12 0
6142 ORDER 3070 31 35 5 38 2
6144 ORDER 3071 40 24 34 37 2
6145 ORDER 3072 16 8 26 38 0
6147 ORDER 3073 25 30 2 11 0
6150 ORDER 3074 31 23 2 30 0
6151 ORDER 3075 16 3 42 37 1
6152 ORDER 3076 41 14 3 5 0
6155 ORDER 3077 19 29 41 37 1
6156 ORDER 3078 44 35 2 36 0
6159 UNBLOCK 38 35
6159 ORDER 3079 23 32 3 8 1
6160 ORDER 3080 19 35 17 37 0
6161 ORDER 3081 6 8 2 25 0
6162 ORDER 3082 10 12 30 38 0
6163 UNBLOCK 37 20
6163 ORDER 3083 9 24 1 34 0
6164 ORDER 3084 30 35 1 1 2
6165 ORDER 3085 29 30 31 38 2
6169 ORDER 3086 36 12 3 4 0
6170 ORDER 3087 30 29 14 37 2
6172 ORDER 3088 9 27 10 37 0
6172 BLOCK 45 27
6173 ORDER 3089 43 23 3 30 0
6176 ORDER 3090 26 30 2 23 1
6179 ORDER 3091 30 17 3 15 1
6186 CANCEL 3012
6186 ORDER 3092 21 14 15 38 1
6187 ORDER 3093 40 11 5 38 0
6189 ORDER 3094 25 6 3 16 1
6190 ORDER 3095 40 29 3 37 1
6191 ORDER 3096 35 9 1 12 0
6196 CANCEL 3032
6196 ORDER 3097 36 23 1 14 0
6197 ORDER 3098 12 20 13 37 3
6199 ORDER 3099 26 15 1 23 0
6200 ORDER 3100 16 12 15 38 0
6201 UNBLOCK 45 27
6203 ORDER 3101 14 33 11 38 0
6205 ORDER 3102 14 11 1 20 0
6206 ORDER 3103 44 21 2 15 1
6207 ORDER 3104 9 21 4 38 0
6209 ORDER 3105 31 24 10 38 0
6211 ORDER 3106 27 8 1 32 1
6212 ORDER 3107 13 8 2 37 1
6214 ORDER 3108 20 18 2 23 0
6216 ORDER 3109 28 8 3 12 1
6217 ORDER 3110 26 17 3 23 0
6217 BLOCK 31 1
6218 ORDER 3111 39 26 39 38 0
6220 ORDER 3112 16 5 21 37 0
6221 ORDER 3113 32 5 3 27 2
6222 ORDER 3114 29 32 2 16 0
6222 BLOCK 36 15
6224 UNBLOCK 13 5
6226 ORDER 3115 7 26 1 12 3
6229 ORDER 3116 21 12 36 38 0
6231 ORDER 3117 32 11 34 38 0
6233 ORDER 3118 10 17 46 37 0
6234 BLOCK 34 18
6235 ORDER 3119 45 33 16 38 2
6235 BLOCK 23 36
6236 BLOCK 17 24
6237 CANCEL 103119
6240 ORDER 3120 38 18 3 6 0
6243 ORDER 3121 18 32 33 37 1
6244 ORDER 3122 30 12 17 37 1
6245 ORDER 3123 45 29 1 17 0
6246 ORDER 3124 27 20 13 38 1
6247 ORDER 3125 16 21 22 37 3
6249 ORDER 3126 42 24 12 38 0
6250 ORDER 3127 27 14 25 38 1
6251 ORDER 3128 36 27 14 37 0
6253 ORDER 3129 36 26 1 29 2
6255 ORDER 3130 31 11 48 37 0
6256 ORDER 3131 39 33 3 24 0
6258 ORDER 3132 27 33 2 15 0
6260 ORDER 3133 33 8 1 5 0
6262 CANCEL 3078
6262 BLOCK 22 24
6263 BLOCK 31 7
6265 ORDER 3134 19 29 3 31 0
6266 ORDER 3135 41 20 31 38 0
6267 ORDER 3136 40 20 3 26 2
6268 ORDER 3137 26 20 5 37 0
6268 BLOCK 26 29
6272 ORDER 3138 15 14 28 38 0
6273 ORDER 3139 42 24 2 26 0
6274 ORDER 3140 18 30 1 12 0
6277 ORDER 3141 43 21 3 25 0
6277 BLOCK 43 26
6278 ORDER 3142 40 32 46 37 1
6280 ORDER 3143 36 8 1 35 1
6281 ORDER 3144 27 3 40 38 0
6284 UNBLOCK 31 1
6284 ORDER 3145 40 29 23 38 0
6285 ORDER 3146 42 18 1 19 2
6288 ORDER 3147 28 26 18 37 0
6289 ORDER 3148 11 14 2 29 0
6292 UNBLOCK 36 15
6293 ORDER 3149 45 18 3 29 2
6294 ORDER 3150 45 33 3 31 0
6295 ORDER 3151 45 3 5 38 3
6304 ORDER 3152 23 20 1 9 0
6305 ORDER 3153 16 18 24 37 0
6307 BLOCK 13 33
6308 ORDER 3154 19 26 48 37 2
6310 ORDER 3155 17 5 20 37 0
6314 BLOCK 14 26
6316 ORDER 3156 36 5 2 7 1
6319 ORDER 3157 6 5 1 6 1
6320 ORDER 3158 21 20 1 28 0
6321 ORDER 3159 44 21 11 38 1
6322 UNBLOCK 26 29
6322 UNBLOCK 43 26
6322 ORDER 3160 45 23 3 27 2
6323 ORDER 3161 9 26 2 16 0
6324 ORDER 3162 39 30 2 5 1
6325 BLOCK 22 29
6326 UNBLOCK 22 24
6327 ORDER 3163 38 29 3 25 0
6328 ORDER 3164 23 20 3 2 1
6329 ORDER 3165 39 9 30 37 1
6330 ORDER 3166 12 6 25 38 0
6335 CANCEL 3138
6338 ORDER 3167 18 23 12 37 0
6339 ORDER 3168 28 30 3 13 0
6339 BLOCK 45 12
6340 ORDER 3169 37 35 3 12 0
6342 ORDER 3170 11 18 2 29 0
6343 ORDER 3171 18 23 2 36 0
6344 ORDER 3172 28 27 43 37 0
6344 BLOCK 28 36
6345 ORDER 3173 17 30 2 20 0
6347 UNBLOCK 17 24
6353 ORDER 3174 38 30 9 38 0
6356 ORDER 3175 19 27 3 4 0
6357 ORDER 3176 9 23 42 37 0
6359 ORDER 3177 37 20 1 38 0
6360 ORDER 3178 35 32 2 4 0
6361 BLOCK 13 29
6362 ORDER 3179 36 27 21 37 0
6363 ORDER 3180 36 32 31 37 1
6364 UNBLOCK 23 36
6365 UNBLOCK 31 7
6365 BLOCK 13 1
6366 ORDER 3181 11 14 1 30 1
6369 ORDER 3182 29 15 3 12 1
6371 ORDER 3183 19 9 3 38 1
6372 ORDER 3184 44 27 1 10 0
6373 ORDER 3185 23 21 2 15 1
6376 ORDER 3186 26 32 30 38 3
6378 UNBLOCK 28 36
6378 BLOCK 8 36
6379 UNBLOCK 45 12
6380 UNBLOCK 34 18
6382 ORDER 3187 7 24 6 38 0
6384 ORDER 3188 8 33 3 5 0
6388 ORDER 3189 30 18 2 24 0
6390 ORDER 3190 39 15 2 10 0
6391 UNBLOCK 13 33
6392 ORDER 3191 16 33 2 18 0
6393 ORDER 3192 6 26 48 37 1
6395 ORDER 3193 37 27 1 18 0
6396 ORDER 3194 36 35 2 4 0
6399 ORDER 3195 7 33 2 28 2
6400 ORDER 3196 7 13 2 34 1
6401 ORDER 3197 30 5 1 14 0
6403 ORDER 3198 27 35 29 38 0
6411 ORDER 3199 16 32 1 9 0
6412 BLOCK 24 1
6415 ORDER 3200 7 30 1 35 0
6416 ORDER 3201 33 26 14 38 1
6417 ORDER 3202 10 20 9 37 1
6418 UNBLOCK 8 36
6419 ORDER 3203 44 3 2 11 0
6421 ORDER 3204 26 15 3 13 2
6422 ORDER 3205 41 20 1 15 0
6426 ORDER 3206 34 32 24 38 0
6428 UNBLOCK 14 26
6429 ORDER 3207 12 6 3 17 2
6430 ORDER 3208 43 17 3 3 0
6430 BLOCK 20 36
6434 ORDER 3209 21 8 1 7 0
6436 BLOCK 7 15
6437 ORDER 3210 8 30 9 38 0
6439 ORDER 3211 12 23 17 37 0
6442 ORDER 3212 45 20 47 38 0
6443 ORDER 3213 11 15 2 10 2
6444 UNBLOCK 22 29
6447 ORDER 3214 10 12 2 37 2
6449 ORDER 3215 45 27 27 38 3
6450 ORDER 3216 8 33 3 8 0
6451 ORDER 3217 15 33 3 20 0
6454 ORDER 3218 23 9 43 38 0
6458 ORDER 3219 36 3 31 37 0
6460 CANCEL 3177
6460 UNBLOCK 13 1
6460 ORDER 3220 20 25 1 13 0
6461 ORDER 3221 10 18 2 28 2
6464 ORDER 3222 27 21 23 38 0
6466 CANCEL 3216
6466 ORDER 3223 8 18 29 37 1
6468 ORDER 3224 31 12 2 12 0
6469 ORDER 3225 45 14 40 38 0
6471 ORDER 3226 31 3 43 37 0
6472 ORDER 3227 38 4 3 29 3
6474 ORDER 3228 33 12 3 35 1
6476 BLOCK 9 15
6477 CANCEL 3184
6477 ORDER 3229 38 9 13 38 2
6479 UNBLOCK 13 29
6479 ORDER 3230 18 5 2 23 0
6481 ORDER 3231 39 12 25 38 1
6482 ORDER 3232 16 27 1 3 2
6484 ORDER 3233 7 24 3 33 0
6486 ORDER 3234 37 35 3 18 0
6489 ORDER 3235 39 3 30 37 0
6492 UNBLOCK 24 1
6492 ORDER 3236 9 8 26 38 1
6493 ORDER 3237 41 26 20 38 3
6495 ORDER 3238 18 11 21 37 0
6498 ORDER 3239 9 6 25 38 0
6500 ORDER 3240 23 20 3 2 0
6501 ORDER 3241 19 32 30 37 1
6503 ORDER 3242 38 6 3 36 0
6503 BLOCK 22 2
6504 ORDER 3243 43 3 1 37 0
6504 BLOCK 41 12
6506 ORDER 3244 37 12 47 37 0
6509 ORDER 3245 18 3 3 25 1
6511 ORDER 3246 10 35 2 36 2
6512 ORDER 3247 18 29 21 38 2
6513 ORDER 3248 8 12 3 29 2
6514 ORDER 3249 15 35 3 5 0
6515 CANCEL 3249
6519 ORDER 3250 41 7 2 13 0
6525 ORDER 3251 6 15 39 37 0
6526 BLOCK 35 12
6527 ORDER 3252 40 5 2 23 0
6528 ORDER 3253 31 30 19 38 0
6529 ORDER 3254 32 3 3 25 0
6530 ORDER 3255 8 33 28 38 0
6531 ORDER 3256 10 17 2 37 2
6532 UNBLOCK 7 15
6533 ORDER 3257 21 3 39 38 1
6534 CANCEL 3172
6536 ORDER 3258 13 6 1 38 2
6538 BLOCK 6 29
6540 UNBLOCK 22 2
6541 ORDER 3259 40 29 47 37 0
6543 ORDER 3260 31 3 20 38 1
6545 ORDER 3261 36 23 2 37 0
6547 BLOCK 10 15
6548 CANCEL 3239
6548 UNBLOCK 41 12
6552 ORDER 3262 43 23 30 38 0
6553 ORDER 3263 35 5 1 15 3
6553 BLOCK 17 3
6554 ORDER 3264 12 18 3 26 0
6555 ORDER 3265 8 26 40 37 1
6556 BLOCK 5 30
6558 BLOCK 40 17
6559 ORDER 3266 34 23 2 32 0
6562 ORDER 3267 31 24 1 24 1
6563 CANCEL 3219
6563 ORDER 3268 25 27 47 37 0
6566 ORDER 3269 29 29 38 37 0
6567 ORDER 3270 17 14 3 33 0
6568 ORDER 3271 16 5 2 21 2
6569 ORDER 3272 6 11 2 22 0
6570 ORDER 3273 42 26 46 37 0
6571 ORDER 3274 28 6 2 15 2
6575 ORDER 3275 38 26 1 22 0
6576 ORDER 3276 36 12 3 21 0
6579 UNBLOCK 20 36
6580 UNBLOCK 10 15
6582 ORDER 3277 40 27 13 38 0
6583 ORDER 3278 10 5 1 5 0
6584 ORDER 3279 41 6 18 38 0
6585 ORDER 3280 11 9 16 37 0
6590 ORDER 3281 29 18 2 13 0
6591 ORDER 3282 8 11 18 38 1
6593 UNBLOCK 6 29
6593 ORDER 3283 11 32 3 9 0
6594 ORDER 3284 35 3 1 20 1
6596 ORDER 3285 45 3 18 38 0
6600 ORDER 3286 34 6 24 37 2
6600 BLOCK 31 6
6603 ORDER 3287 38 12 12 37 0
6603 CANCEL 103287
6605 ORDER 3288 13 29 3 9 0
6606 ORDER 3289 19 11 36 37 2
6609 ORDER 3290 17 33 27 38 0
6613 UNBLOCK 9 15
6617 ORDER 3291 41 30 1 30 2
6618 ORDER 3292 41 11 21 37 1
6620 ORDER 3293 37 3 39 37 1
6621 ORDER 3294 18 26 35 38 0
6621 BLOCK 29 6
6623 ORDER 3295 43 3 24 37 0
6624 CANCEL 3284
6625 ORDER 3296 43 15 45 37 0
6626 ORDER 3297 9 24 10 38 0
6627 ORDER 3298 23 12 41 37 1
6629 UNBLOCK 40 17
6630 ORDER 3299 37 6 1 7 0
6632 ORDER 3300 36 33 23 37 3
6633 BLOCK 18 26
6634 ORDER 3301 44 27 2 15 0
6635 UNBLOCK 17 3
6636 ORDER 3302 15 33 20 38 1
6637 ORDER 3303 36 32 1 6 1
6638 ORDER 3304 19 9 37 37 3
6640 ORDER 3305 12 32 4 37 0
6645 ORDER 3306 39 24 1 29 3
6646 UNBLOCK 5 30
6646 ORDER 3307 9 30 2 5 0
6651 ORDER 3308 40 18 1 28 1
6653 ORDER 3309 6 11 2 33 3
6655 ORDER 3310 17 26 26 37 3
6656 ORDER 3311 16 17 30 38 0
6657 ORDER 3312 27 9 3 21 2
6658 ORDER 3313 16 3 2 2 1
6661 UNBLOCK 18 26
6661 ORDER 3314 22 18 17 37 0
6663 UNBLOCK 35 12
6666 ORDER 3315 37 21 6 38 0
6667 ORDER 3316 37 18 5 37 0
6670 ORDER 3317 10 12 1 7 0
6671 ORDER 3318 12 6 15 38 0
6673 ORDER 3319 30 18 3 1 1
6677 ORDER 3320 11 26 21 38 0
6678 ORDER 3321 29 18 1 34 0
6681 ORDER 3322 20 6 3 18 2
6683 BLOCK 34 11
6684 ORDER 3323 12 29 18 38 1
6686 ORDER 3324 40 14 2 3 0
6686 BLOCK 12 35
6687 ORDER 3325 17 24 45 37 3
6688 ORDER 3326 26 33 2 30 0
6689 ORDER 3327 17 14 1 26 0
6691 ORDER 3328 7 30 2 36 0
6692 ORDER 3329 32 15 1 24 0
6693 ORDER 3330 30 15 28 37 0
6697 ORDER 3331 10 6 24 38 1
6699 ORDER 3332 27 11 3 7 0
6705 ORDER 3333 40 17 2 21 0
6706 ORDER 3334 18 26 20 37 0
6707 ORDER 3335 6 11 38 38 1
6708 ORDER 3336 17 32 35 38 0
6709 ORDER 3337 26 32 2 9 1
6714 ORDER 3338 27 12 27 37 0
6714 BLOCK 27 15
6716 UNBLOCK 12 35
6716 ORDER 3339 14 11 3 5 1
6717 ORDER 3340 45 8 1 27 2
6718 UNBLOCK 29 6
6724 ORDER 3341 35 20 8 37 0
6726 ORDER 3342 7 14 47 38 1
6727 UNBLOCK 31 6
6728 ORDER 3343 7 35 2 35 0
6731 ORDER 3344 17 24 3 5 0
6735 CANCEL 3320
6737 ORDER 3345 16 33 1 30 0
6740 ORDER 3346 12 18 4 38 2
6741 ORDER 3347 10 23 1 27 0
6742 ORDER 3348 19 30 1 19 0
6743 ORDER 3349 44 21 16 37 0
6746 UNBLOCK 27 15
6747 ORDER 3350 10 6 1 37 0
6750 ORDER 3351 42 23 14 37 0
6752 ORDER 3352 43 3 40 38 1
6753 BLOCK 26 37
6754 CANCEL 3326
6754 ORDER 3353 36 12 46 38 1
6755 ORDER 3354 44 21 13 38 2
6756 ORDER 3355 8 21 2 2 0
6757 ORDER 3356 17 9 3 35 0
6758 ORDER 3357 6 35 22 37 0
6759 ORDER 3358 10 26 3 12 0
6760 ORDER 3359 16 35 2 13 1
6762 ORDER 3360 19 15 1 3 0
6763 ORDER 3361 25 8 3 13 1
6764 ORDER 3362 32 5 47 37 0
6765 UNBLOCK 34 11
6767 ORDER 3363 14 26 1 23 0
6768 ORDER 3364 29 5 5 38 3
6769 ORDER 3365 42 11 46 38 1
6770 ORDER 3366 37 35 10 37 0
6771 ORDER 3367 38 17 48 37 0
6772 ORDER 3368 8 6 1 28 3
6773 ORDER 3369 31 15 35 38 3
6774 ORDER 3370 24 17 1 20 1
6775 CANCEL 3301
6775 ORDER 3371 11 8 21 37 0
6776 ORDER 3372 36 32 1 13 0
6782 ORDER 3373 29 18 3 37 1
6783 BLOCK 17 23
6784 ORDER 3374 37 33 3 36 0
6785 ORDER 3375 41 21 37 37 2
6786 ORDER 3376 17 9 30 38 2
6788 ORDER 3377 7 35 2 12 1
6788 BLOCK 14 29
6790 ORDER 3378 33 14 3 24 1
6791 ORDER 3379 44 6 12 37 0
6794 ORDER 3380 22 24 24 38 1
6795 ORDER 3381 29 3 1 29 0
6796 ORDER 3382 41 9 3 21 2
6797 ORDER 3383 21 27 2 4 1
6798 ORDER 3384 43 11 1 7 0
6799 ORDER 3385 27 35 15 37 0
6802 ORDER 3386 39 32 3 31 2
6803 CANCEL 3385
6805 ORDER 3387 17 30 32 38 0
6806 ORDER 3388 43 23 4 38 1
6811 CANCEL 3362
6813 ORDER 3389 25 17 1 11 0
6814 ORDER 3390 16 29 20 37 0
6817 ORDER 3391 37 7 18 38 0
6818 ORDER 3392 34 27 4 37 0
6818 BLOCK 21 9
6820 ORDER 3393 33 21 48 37 0
6821 ORDER 3394 9 32 2 27 0
6825 ORDER 3395 19 14 26 37 3
6827 ORDER 3396 34 32 3 17 3
6828 ORDER 3397 7 30 28 38 3
6830 ORDER 3398 10 14 48 38 3
6831 BLOCK 25 32
6835 CANCEL 3397
6835 ORDER 3399 36 35 25 37 0
6837 ORDER 3400 19 12 34 38 0
6838 ORDER 3401 32 9 1 6 2
6840 ORDER 3402 36 26 10 38 0
6841 ORDER 3403 20 12 1 28 0
6842 ORDER 3404 34 30 3 3 0
6843 ORDER 3405 37 12 40 37 1
6844 ORDER 3406 33 21 2 29 2
6845 UNBLOCK 26 37
6845 ORDER 3407 37 21 15 37 0
6846 ORDER 3408 9 29 3 17 0
6849 ORDER 3409 9 26 1 22 0
6850 ORDER 3410 6 32 43 37 0
6851 ORDER 3411 23 20 2 9 0
6852 ORDER 3412 44 3 14 38 0
6854 ORDER 3413 14 33 3 20 0
6856 ORDER 3414 38 3 15 37 1
6857 ORDER 3415 20 3 3 13 0
6857 BLOCK 28 12
6858 ORDER 3416 27 14 17 37 0
6860 ORDER 3417 41 35 37 37 0
6861 ORDER 3418 43 9 3 6 1
6861 BLOCK 28 3
6864 ORDER 3419 35 33 15 37 0
6867 ORDER 3420 33 24 6 37 1
6868 ORDER 3421 20 27 24 37 0
6869 ORDER 3422 15 35 38 38 1
6870 BLOCK 39 20
6871 ORDER 3423 27 26 40 38 2
6872 BLOCK 8 21
6874 ORDER 3424 26 5 26 37 0
6875 ORDER 3425 38 15 1 36 2
6878 ORDER 3426 6 28 3 18 1
6879 CANCEL 3365
6879 ORDER 3427 45 21 11 37 1
6881 ORDER 3428 31 5 12 38 0
6882 ORDER 3429 8 20 3 2 0
6883 ORDER 3430 44 33 47 37 0
6884 ORDER 3431 36 29 4 37 1
6886 ORDER 3432 15 23 1 6 0
6888 UNBLOCK 17 23
6889 ORDER 3433 23 14 3 23 0
6892 CANCEL 3417
6892 ORDER 3434 40 29 1 37 2
6894 ORDER 3435 20 33 2 7 0
6895 ORDER 3436 17 11 2 19 0
6897 ORDER 3437 20 8 2 19 0
6898 ORDER 3438 26 15 21 38 0
6899 CANCEL 3342
6899 UNBLOCK 25 32
6901 UNBLOCK 21 9
6901 ORDER 3439 9 24 1 28 1
6904 BLOCK 5 37
6906 ORDER 3440 15 34 26 38 0
6907 ORDER 3441 19 8 4 37 0
6908 UNBLOCK 8 21
6908 ORDER 3442 17 11 1 33 2
6909 ORDER 3443 42 15 1 5 0
6910 ORDER 3444 24 9 15 37 0
6911 ORDER 3445 11 17 1 35 0
6912 ORDER 3446 33 8 8 38 2
6914 ORDER 3447 37 17 13 38 1
6915 ORDER 3448 23 12 1 4 0
6917 ORDER 3449 37 18 32 37 0
6918 UNBLOCK 28 12
6920 ORDER 3450 39 26 30 37 0
6922 ORDER 3451 39 3 3 17 0
6924 ORDER 3452 39 27 1 30 1
6925 BLOCK 37 32
6927 ORDER 3453 30 20 3 3 2
6928 ORDER 3454 39 26 2 27 0
6929 ORDER 3455 43 21 5 37 0
6934 ORDER 3456 43 17 3 25 0
6935 ORDER 3457 8 6 16 38 0
6937 UNBLOCK 14 29
6937 ORDER 3458 33 11 44 38 0
6938 ORDER 3459 35 30 1 4 0
6939 ORDER 3460 19 11 38 37 0
6944 ORDER 3461 36 8 24 38 2
6945 ORDER 3462 19 17 1 17 0
6950 ORDER 3463 26 5 31 38 0
6953 ORDER 3464 12 12 8 38 0
6954 ORDER 3465 35 21 29 37 1
6955 ORDER 3466 41 15 30 37 2
6958 ORDER 3467 31 32 31 38 1
6959 ORDER 3468 30 9 16 38 2
6962 ORDER 3469 25 30 18 38 0
6964 ORDER 3470 26 18 14 38 0
6965 ORDER 3471 27 32 26 37 1
6968 UNBLOCK 28 3
6968 UNBLOCK 37 32
6968 ORDER 3472 40 30 1 32 0
6969 ORDER 3473 31 33 17 38 0
6969 BLOCK 34 37
6971 ORDER 3474 32 12 2 5 0
6972 BLOCK 5 10
6973 ORDER 3475 25 29 30 38 2
6976 ORDER 3476 24 26 3 1 0
6977 ORDER 3477 27 26 1 8 1
6978 ORDER 3478 27 21 3 25 0
6980 ORDER 3479 6 15 3 23 0
6981 BLOCK 21 31
6982 ORDER 3480 21 12 2 4 0
6983 ORDER 3481 31 30 16 37 1
6987 ORDER 3482 39 17 15 38 1
6989 ORDER 3483 24 24 21 37 0
6992 ORDER 3484 37 24 1 26 0
6994 UNBLOCK 5 10
6994 ORDER 3485 42 23 1 21 0
6999 ORDER 3486 17 21 1 10 0
7000 ORDER 3487 34 29 5 38 2
7000 BLOCK 21 3
7001 ORDER 3488 38 6 1 32 0
7002 ORDER 3489 24 17 9 37 1
7002 BLOCK 9 14
7004 ORDER 3490 35 17 35 37 0
7005 ORDER 3491 27 26 10 37 0
7006 ORDER 3492 34 29 2 27 3
7008 ORDER 3493 30 15 28 37 0
7009 ORDER 3494 29 35 1 20 2
7010 ORDER 3495 19 32 2 2 0
7011 CANCEL 3472
7011 ORDER 3496 8 30 33 37 0
7013 ORDER 3497 17 9 2 11 2
7015 ORDER 3498 6 15 2 5 0
7018 UNBLOCK 39 20
7018 ORDER 3499 17 32 1 35 2
7019 ORDER 3500 11 21 46 37 0
7020 ORDER 3501 40 18 2 34 0
7021 ORDER 3502 7 14 1 35 0
7022 UNBLOCK 21 31
7022 ORDER 3503 39 30 2 11 0
7024 UNBLOCK 9 14
7024 ORDER 3504 11 21 1 1 2
7027 ORDER 3505 19 12 1 30 3
7028 ORDER 3506 42 18 3 23 1
7031 ORDER 3507 21 8 23 37 0
7033 ORDER 3508 43 8 7 38 0
7036 ORDER 3509 36 5 2 8 0
7037 ORDER 3510 38 35 6 37 0
7042 UNBLOCK 5 37
7045 ORDER 3511 29 27 2 5 0
7046 ORDER 3512 43 8 2 33 0
7047 ORDER 3513 7 29 45 37 0
7049 ORDER 3514 18 15 2 28 1
7050 ORDER 3515 33 27 2 27 2
7052 ORDER 3516 20 24 46 38 0
7053 ORDER 3517 26 3 3 37 0
7054 ORDER 3518 43 6 1 35 0
7056 UNBLOCK 21 3
7058 ORDER 3519 20 26 25 37 0
7061 ORDER 3520 8 15 1 35 0
7062 ORDER 3521 11 14 3 35 2
7063 UNBLOCK 34 37
7067 ORDER 3522 40 3 1 22 0
7070 ORDER 3523 7 27 19 38 0
7071 ORDER 3524 38 12 11 38 0
7073 ORDER 3525 42 26 3 23 1
7073 BLOCK 24 13
7075 ORDER 3526 32 21 47 38 1
7075 BLOCK 12 29
7077 ORDER 3527 43 24 1 21 3
7078 ORDER 3528 32 8 34 37 0
7079 ORDER 3529 39 14 33 37 1
7080 ORDER 3530 29 30 1 25 1
7083 ORDER 3531 31 12 2 7 0
7084 ORDER 3532 27 33 3 19 0
7087 ORDER 3533 11 29 9 37 1
7088 ORDER 3534 44 33 2 32 2
7090 ORDER 3535 36 21 44 37 0
7091 ORDER 3536 8 17 3 11 1
7094 ORDER 3537 25 5 10 38 0
7101 ORDER 3538 29 30 47 38 0
7102 BLOCK 21 12
7103 ORDER 3539 34 23 2 20 2
7104 ORDER 3540 31 15 2 14 0
7105 ORDER 3541 22 14 3 10 2
7106 ORDER 3542 38 21 1 2 0
7107 ORDER 3543 29 12 3 1 0
7109 ORDER 3544 16 14 2 11 1
7110 UNBLOCK 24 13
7110 ORDER 3545 23 12 46 37 1
7111 ORDER 3546 6 35 3 28 0
7112 CANCEL 3490
7113 ORDER 3547 30 9 2 24 1
7116 ORDER 3548 30 12 24 38 1
7120 ORDER 3549 20 24 1 35 3
7121 ORDER 3550 6 11 9 37 0
7122 ORDER 3551 31 24 18 38 0
7125 ORDER 3552 30 33 2 23 0
7128 ORDER 3553 40 12 23 38 3
7131 ORDER 3554 41 11 2 5 0
7131 BLOCK 15 6
7132 ORDER 3555 26 29 1 34 0
7133 ORDER 3556 39 5 32 38 0
7134 ORDER 3557 39 32 1 38 0
7135 ORDER 3558 38 33 10 38 1
7137 ORDER 3559 20 33 23 38 0
7138 ORDER 3560 32 8 18 38 1
7140 ORDER 3561 31 3 3 34 0
7143 ORDER 3562 34 23 1 20 0
7143 BLOCK 19 37
7144 ORDER 3563 26 17 35 38 0
7145 ORDER 3564 42 9 21 38 0
7148 BLOCK 45 10
7149 ORDER 3565 40 13 19 37 0
7150 ORDER 3566 10 14 2 38 0
7156 ORDER 3567 36 24 29 37 0
7160 ORDER 3568 16 18 38 38 1
7161 ORDER 3569 31 18 2 26 2
7162 ORDER 3570 42 18 3 35 0
7163 ORDER 3571 15 35 3 16 2
7164 ORDER 3572 31 17 1 33 0
7165 ORDER 3573 11 33 20 38 0
7166 ORDER 3574 38 18 1 38 1
7167 ORDER 3575 11 27 16 37 0
7168 ORDER 3576 14 35 1 13 1
7169 ORDER 3577 25 32 30 38 0
7171 ORDER 3578 20 3 22 37 0
7172 UNBLOCK 15 6
7173 UNBLOCK 45 10
7173 ORDER 3579 21 26 31 38 0
7174 ORDER 3580 27 14 2 4 1
7175 ORDER 3581 14 26 1 14 0
7177 ORDER 3582 39 18 20 38 0
7177 BLOCK 36 14
7178 ORDER 3583 28 6 35 38 0
7180 ORDER 3584 44 26 3 34 0
7181 ORDER 3585 18 26 34 38 1
7181 BLOCK 30 30
7182 ORDER 3586 34 32 1 21 0
7183 ORDER 3587 21 29 31 38 1
7186 BLOCK 21 21
7187 CANCEL 3501
7187 ORDER 3588 15 15 36 38 1
7191 ORDER 3589 34 33 1 11 0
7192 ORDER 3590 37 33 17 38 2
7193 CANCEL 3553
7194 ORDER 3591 9 30 1 24 2
7195 ORDER 3592 29 6 33 38 0
7196 BLOCK 42 21
7203 ORDER 3593 29 5 3 7 0
7206 ORDER 3594 19 14 13 38 3
7211 ORDER 3595 18 27 3 7 3
7212 ORDER 3596 6 29 2 10 1
7214 UNBLOCK 12 29
7214 ORDER 3597 17 32 32 38 0
7216 ORDER 3598 21 33 2 27 0
7216 BLOCK 39 17
7217 ORDER 3599 23 11 40 38 0
7218 ORDER 3600 18 3 26 38 0
7223 ORDER 3601 42 21 1 13 1
7224 ORDER 3602 25 8 2 5 1
7225 ORDER 3603 41 32 1 24 0
7225 BLOCK 14 2
7227 ORDER 3604 23 11 42 37 2
7228 UNBLOCK 21 12
7228 ORDER 3605 19 35 3 34 0
7229 UNBLOCK 42 21
7230 UNBLOCK 21 21
7233 ORDER 3606 41 15 2 7 2
7234 ORDER 3607 27 35 30 38 0
7237 ORDER 3608 31 30 1 35 0
7238 ORDER 3609 16 30 27 38 2
7240 ORDER 3610 18 23 3 24 1
7241 UNBLOCK 36 14
7241 ORDER 3611 8 15 1 22 1
7242 CANCEL 3588
7243 ORDER 3612 39 32 4 37 0
7244 BLOCK 15 17
7245 UNBLOCK 19 37
7245 ORDER 3613 26 22 1 32 1
7246 ORDER 3614 42 26 24 38 0
7247 ORDER 3615 35 8 40 38 1
7253 ORDER 3616 16 33 7 37 0
7254 ORDER 3617 10 5 27 37 0
7254 BLOCK 13 3
7255 ORDER 3618 21 12 1 20 0
7257 ORDER 3619 31 35 16 38 1
7258 ORDER 3620 7 6 38 37 1
7259 UNBLOCK 30 30
7260 ORDER 3621 10 32 3 16 0
7261 ORDER 3622 16 27 2 4 0
7262 ORDER 3623 8 12 1 4 1
7263 ORDER 3624 32 9 14 38 0
7264 ORDER 3625 12 29 3 38 3
7265 ORDER 3626 8 33 2 20 1
7266 ORDER 3627 43 9 22 37 0
7270 ORDER 3628 18 23 15 38 1
7273 ORDER 3629 27 31 14 37 3
7275 ORDER 3630 38 20 28 38 1
7278 ORDER 3631 21 5 10 38 0
7278 CANCEL 103631
7281 BLOCK 27 9
7282 ORDER 3632 21 33 37 38 0
7285 BLOCK 11 35
7286 ORDER 3633 35 35 3 4 0
7287 UNBLOCK 15 17
7288 ORDER 3634 9 18 1 36 0
7291 ORDER 3635 45 35 14 38 1
7294 ORDER 3636 27 33 33 37 2
7296 CANCEL 3615
7296 ORDER 3637 43 6 10 38 1
7297 ORDER 3638 36 14 1 32 0
7298 UNBLOCK 39 17
7298 ORDER 3639 19 11 28 38 1
7299 ORDER 3640 27 21 41 38 0
7301 ORDER 3641 22 10 14 37 0
7304 BLOCK 21 6
7307 ORDER 3642 41 21 1 10 0
7308 ORDER 3643 18 6 28 37 0
7310 ORDER 3644 26 35 3 14 1
7312 BLOCK 29 10
7313 ORDER 3645 6 24 1 11 3
7316 ORDER 3646 16 21 3 7 3
7317 ORDER 3647 27 8 14 37 1
7318 ORDER 3648 32 24 13 37 2
7320 ORDER 3649 16 11 2 20 2
7321 ORDER 3650 20 21 2 16 1
7322 ORDER 3651 7 26 3 17 1
7323 BLOCK 41 18
7324 ORDER 3652 26 15 3 36 0
7328 ORDER 3653 21 5 3 3 0
7332 ORDER 3654 16 20 3 30 0
7334 ORDER 3655 17 24 18 38 0
7335 ORDER 3656 25 15 3 37 0
7337 ORDER 3657 40 33 2 33 2
7338 ORDER 3658 35 15 3 1 1
7339 ORDER 3659 8 30 6 38 0
7341 ORDER 3660 34 8 25 37 0
7342 ORDER 3661 28 18 43 37 0
7343 ORDER 3662 12 21 3 33 0
7344 ORDER 3663 19 14 6 38 0
7344 BLOCK 33 30
7345 ORDER 3664 24 23 1 3 1
7346 ORDER 3665 36 18 3 32 0
7349 ORDER 3666 31 24 7 37 2
7349 BLOCK 11 18
7350 ORDER 3667 23 30 1 27 0
7353 ORDER 3668 32 23 2 8 0
7354 ORDER 3669 44 8 1 23 3
7355 UNBLOCK 14 2
7355 ORDER 3670 17 32 3 13 1
7358 ORDER 3671 16 14 37 37 2
7359 BLOCK 40 18
7363 ORDER 3672 9 30 2 19 2
7366 ORDER 3673 19 20 48 38 0
7367 ORDER 3674 23 24 2 27 1
7368 ORDER 3675 17 21 1 18 1
7371 ORDER 3676 18 11 1 36 0
7371 BLOCK 28 12
7373 ORDER 3677 45 18 33 37 0
7375 ORDER 3678 39 35 3 3 0
7377 ORDER 3679 41 33 31 38 0
7380 ORDER 3680 42 15 41 37 0
7381 ORDER 3681 28 17 35 38 1
7385 CANCEL 3671
7385 ORDER 3682 8 30 3 24 0
7387 ORDER 3683 7 6 2 16 0
7388 ORDER 3684 38 12 44 37 1
7389 ORDER 3685 38 17 1 4 2
7390 ORDER 3686 8 12 3 36 1
7391 ORDER 3687 34 8 3 37 2
7392 ORDER 3688 39 5 2 8 0
7393 ORDER 3689 40 30 3 21 2
7393 BLOCK 25 5
7394 ORDER 3690 15 32 2 37 0
7398 ORDER 3691 12 27 3 16 0
7399 UNBLOCK 13 3
7400 ORDER 3692 34 27 19 37 0
7402 ORDER 3693 34 20 24 38 0
7405 BLOCK 5 10
7406 ORDER 3694 45 3 3 34 1
7406 BLOCK 34 11
7408 ORDER 3695 37 29 31 37 0
7409 CANCEL 3692
7409 ORDER 3696 27 15 46 37 0
7411 ORDER 3697 20 30 1 13 0
7411 CANCEL 103697
7413 ORDER 3698 45 3 1 21 0
7417 UNBLOCK 27 9
7417 UNBLOCK 33 30
7418 ORDER 3699 42 15 30 37 1
7419 ORDER 3700 34 32 3 22 1
7420 ORDER 3701 41 17 2 13 0
7421 ORDER 3702 11 11 11 37 0
7425 ORDER 3703 44 26 1 29 0
7426 UNBLOCK 41 18
7426 UNBLOCK 25 5
7426 ORDER 3704 42 8 3 28 0
7429 ORDER 3705 30 11 3 11 0
7430 ORDER 3706 17 26 3 13 0
7432 UNBLOCK 21 6
7433 UNBLOCK 11 35
7433 ORDER 3707 6 20 3 8 1
7435 BLOCK 17 30
7436 ORDER 3708 11 17 2 2 0
7437 UNBLOCK 5 10
7437 ORDER 3709 16 18 4 38 1
7440 ORDER 3710 22 11 5 37 0
7441 ORDER 3711 39 14 21 37 1
7442 ORDER 3712 16 33 9 38 3
7444 ORDER 3713 41 8 3 5 0
7445 ORDER 3714 35 3 1 13 0
7446 ORDER 3715 29 14 24 37 2
7448 ORDER 3716 31 26 31 38 0
7449 UNBLOCK 29 10
7449 ORDER 3717 35 15 1 30 1
7450 ORDER 3718 38 21 48 38 0
7450 BLOCK 40 1
7451 ORDER 3719 24 33 1 35 1
7453 ORDER 3720 41 30 44 38 0
7454 ORDER 3721 10 3 31 37 0
7454 BLOCK 15 30
7455 ORDER 3722 37 14 3 18 0
7457 ORDER 3723 32 15 41 37 0
7458 ORDER 3724 17 24 44 37 3
7464 ORDER 3725 15 23 29 37 0
7466 BLOCK 45 11
7468 ORDER 3726 45 5 19 37 1
7469 ORDER 3727 37 5 1 23 0
7471 ORDER 3728 26 3 3 14 0
7475 ORDER 3729 30 9 43 37 0
7476 ORDER 3730 32 11 43 38 1
7477 ORDER 3731 37 30 3 21 1
7478 ORDER 3732 26 14 2 34 0
7480 UNBLOCK 11 18
7484 ORDER 3733 34 9 25 38 0
7485 ORDER 3734 11 14 37 37 0
7486 CANCEL 3713
7487 ORDER 3735 11 33 1 7 0
7488 BLOCK 39 26
7489 ORDER 3736 17 11 31 37 0
7491 UNBLOCK 40 18
7492 ORDER 3737 18 3 1 24 0
7493 UNBLOCK 28 12
7495 ORDER 3738 38 14 2 19 0
7496 ORDER 3739 38 29 2 16 2
7497 BLOCK 16 6
7498 UNBLOCK 34 11
7498 ORDER 3740 8 6 3 28 1
7499 ORDER 3741 40 24 47 37 0
7504 ORDER 3742 11 32 39 38 0
7507 ORDER 3743 18 27 2 8 0
7507 CANCEL 103743
7509 ORDER 3744 19 23 1 14 0
7511 UNBLOCK 40 1
7513 ORDER 3745 16 23 2 7 1
7514 ORDER 3746 29 24 2 3 1
7514 BLOCK 17 9
7515 ORDER 3747 7 35 39 38 0
7516 ORDER 3748 37 32 1 14 0
7518 ORDER 3749 14 33 35 37 0
7521 ORDER 3750 10 29 42 38 0
7521 BLOCK 19 18
7524 ORDER 3751 9 12 45 38 0
7525 ORDER 3752 12 21 4 37 2
7528 UNBLOCK 39 26
7528 ORDER 3753 26 21 12 38 1
7530 ORDER 3754 41 15 19 37 1
7532 ORDER 3755 32 23 17 38 2
7533 ORDER 3756 24 17 3 25 0
7534 UNBLOCK 17 30
7535 ORDER 3757 6 21 1 2 3
7537 ORDER 3758 17 32 19 38 0
7539 ORDER 3759 12 23 24 38 0
7541 ORDER 3760 26 8 40 38 1
7543 UNBLOCK 15 30
7543 ORDER 3761 45 35 1 22 2
7543 BLOCK 36 32
7544 ORDER 3762 16 27 2 4 3
7546 ORDER 3763 19 14 2 31 0
7548 ORDER 3764 44 8 2 18 0
7549 ORDER 3765 19 32 43 38 0
7555 ORDER 3766 33 9 8 38 0
7556 ORDER 3767 42 24 3 18 0
7557 BLOCK 22 7
7558 ORDER 3768 35 21 45 37 0
7559 ORDER 3769 15 34 3 14 1
7560 ORDER 3770 23 23 1 1 1
7564 BLOCK 13 9
7568 ORDER 3771 34 18 2 10 0
7569 UNBLOCK 19 18
7569 ORDER 3772 18 14 45 37 0
7570 ORDER 3773 19 8 13 37 0
7571 ORDER 3774 16 17 3 15 0
7573 ORDER 3775 42 21 2 23 0
7574 ORDER 3776 24 33 25 38 1
7575 UNBLOCK 17 9
7576 ORDER 3777 7 23 33 38 0
7577 ORDER 3778 18 3 1 23 0
7578 ORDER 3779 41 12 2 3 1
7581 ORDER 3780 41 6 28 38 1
7583 ORDER 3781 41 29 3 36 0
7588 ORDER 3782 23 9 37 37 0
7595 ORDER 3783 43 6 36 37 1
7598 ORDER 3784 7 27 24 37 0
7599 UNBLOCK 45 11
7600 ORDER 3785 38 18 2 4 0
7602 BLOCK 41 8
7603 ORDER 3786 40 24 2 13 1
7605 ORDER 3787 20 3 1 37 0
7606 ORDER 3788 12 20 34 38 0
7607 ORDER 3789 10 8 33 37 0
7608 ORDER 3790 37 32 1 25 0
7609 ORDER 3791 13 6 3 14 2
7610 ORDER 3792 26 18 2 34 0
7612 BLOCK 36 20
7613 ORDER 3793 36 12 1 34 0
7615 UNBLOCK 16 6
7617 ORDER 3794 10 29 1 36 0
7618 ORDER 3795 18 35 20 37 0
7619 CANCEL 3783
7620 ORDER 3796 44 33 3 19 2
7621 ORDER 3797 27 33 2 34 0
7622 ORDER 3798 21 12 19 37 0
7623 ORDER 3799 36 32 27 37 1
7625 UNBLOCK 36 32
7626 ORDER 3800 6 3 35 38 0
7629 ORDER 3801 40 33 3 9 0
7630 ORDER 3802 36 12 21 38 0
7633 ORDER 3803 19 35 3 28 0
7637 ORDER 3804 15 35 5 37 1
7641 ORDER 3805 43 3 2 1 0
7641 BLOCK 42 17
7642 ORDER 3806 9 29 32 38 0
7643 ORDER 3807 40 5 5 38 0
7643 BLOCK 5 20
7644 ORDER 3808 31 30 25 38 2
7646 ORDER 3809 9 12 3 12 1
7647 ORDER 3810 38 24 15 37 1
7648 ORDER 3811 9 15 2 23 0
7649 ORDER 3812 12 30 1 3 1
7650 ORDER 3813 17 6 3 1 2
7656 ORDER 3814 10 27 2 13 2
7657 ORDER 3815 38 35 14 37 0
7658 UNBLOCK 13 9
7658 ORDER 3816 19 11 1 18 0
7660 ORDER 3817 45 14 15 37 0
7662 ORDER 3818 10 14 13 37 1
7663 ORDER 3819 36 29 41 38 0
7665 ORDER 3820 16 6 2 21 0
7667 ORDER 3821 17 9 10 37 1
7668 ORDER 3822 29 3 5 38 0
7669 BLOCK 11 9
7670 ORDER 3823 12 32 38 37 0
7673 ORDER 3824 17 26 24 38 3
7675 BLOCK 19 23
7676 ORDER 3825 20 30 8 38 2
7677 ORDER 3826 26 11 2 20 2
7680 ORDER 3827 23 23 3 26 2
7680 BLOCK 23 24
7682 ORDER 3828 7 9 39 38 3
7683 ORDER 3829 43 9 3 36 0
7686 ORDER 3830 41 11 3 36 0
7688 ORDER 3831 37 35 3 29 0
7689 ORDER 3832 36 5 2 5 1
7690 ORDER 3833 38 18 3 3 3
7691 ORDER 3834 23 14 2 37 3
7692 ORDER 3835 24 6 2 29 1
7697 ORDER 3836 13 3 2 38 0
7698 ORDER 3837 10 5 7 37 1
7699 ORDER 3838 16 11 9 37 0
7701 UNBLOCK 41 8
7703 ORDER 3839 34 30 19 37 3
7704 ORDER 3840 13 3 16 38 0
7706 UNBLOCK 22 7
7706 ORDER 3841 10 26 2 10 2
7707 ORDER 3842 42 21 3 7 0
7708 ORDER 3843 39 3 2 1 0
7710 ORDER 3844 16 14 3 19 0
7711 ORDER 3845 32 11 1 26 0
7713 ORDER 3846 21 12 24 37 1
7714 ORDER 3847 30 35 1 11 1
7717 ORDER 3848 45 23 34 38 0
7718 ORDER 3849 11 14 12 37 1
7719 ORDER 3850 9 9 25 38 0
7721 ORDER 3851 43 15 3 13 0
7722 ORDER 3852 38 27 2 24 1
7723 CANCEL 3751
7723 ORDER 3853 34 35 3 15 2
7725 ORDER 3854 9 6 18 38 3
7726 ORDER 3855 34 29 3 3 0
7730 UNBLOCK 36 20
7730 ORDER 3856 33 29 1 22 1
7732 CANCEL 103856
7733 ORDER 3857 6 15 37 37 1
7735 ORDER 3858 13 27 28 38 2
7736 ORDER 3859 42 6 2 11 0
7737 ORDER 3860 38 17 1 22 1
7738 ORDER 3861 40 14 36 37 0
7740 CANCEL 103861
7740 BLOCK 22 26
7741 UNBLOCK 19 23
7742 ORDER 3862 12 12 40 38 0
7743 ORDER 3863 30 30 1 26 0
7745 ORDER 3864 12 6 19 38 0
7746 ORDER 3865 35 23 2 32 0
7747 UNBLOCK 11 9
7747 ORDER 3866 30 11 2 3 0
7748 ORDER 3867 9 8 3 18 0
7748 BLOCK 9 37
7752 ORDER 3868 41 27 39 37 0
7755 ORDER 3869 36 8 13 37 1
7757 UNBLOCK 42 17
7759 ORDER 3870 19 13 1 11 0
7762 ORDER 3871 38 9 2 10 0
7763 ORDER 3872 16 5 2 8 0
7763 BLOCK 15 3
7764 ORDER 3873 28 27 3 30 0
7765 UNBLOCK 23 24
7765 CANCEL 3850
7765 ORDER 3874 20 24 1 37 0
7766 ORDER 3875 37 20 41 38 1
7768 ORDER 3876 16 27 26 37 1
7769 ORDER 3877 20 17 32 37 0
7770 ORDER 3878 11 27 3 11 0
7771 ORDER 3879 35 3 27 37 0
7772 ORDER 3880 35 11 1 22 2
7774 ORDER 3881 38 11 3 22 0
7775 ORDER 3882 19 14 33 37 3
7777 UNBLOCK 5 20
7779 ORDER 3883 16 15 46 38 2
7780 ORDER 3884 28 15 2 3 0
7782 ORDER 3885 37 8 2 3 0
7783 UNBLOCK 22 26
7784 BLOCK 27 2
7786 ORDER 3886 43 6 28 38 0
7787 ORDER 3887 12 6 3 5 1
7788 ORDER 3888 9 11 3 24 0
7789 ORDER 3889 25 8 8 37 2
7790 ORDER 3890 28 26 11 37 0
7791 ORDER 3891 35 15 1 18 2
7792 ORDER 3892 10 30 2 33 0
7793 ORDER 3893 9 24 1 16 0
7794 BLOCK 45 29
7796 CANCEL 3861
7796 ORDER 3894 41 21 3 36 0
7797 ORDER 3895 38 8 2 10 0
7800 ORDER 3896 15 30 27 38 1
7801 ORDER 3897 11 23 3 28 1
7802 UNBLOCK 9 37
7804 ORDER 3898 28 18 3 6 0
7805 ORDER 3899 40 11 26 38 2
7806 ORDER 3900 41 33 1 12 1
7811 ORDER 3901 16 29 1 32 2
7812 BLOCK 9 26
7813 ORDER 3902 40 3 3 15 1
7814 ORDER 3903 41 15 22 37 1
7816 ORDER 3904 36 5 6 37 0
7818 ORDER 3905 31 3 4 38 0
7819 ORDER 3906 40 27 3 24 2
7821 ORDER 3907 8 30 20 38 0
7823 ORDER 3908 42 17 2 6 0
7824 ORDER 3909 39 15 2 5 0
7826 ORDER 3910 26 33 1 25 0
7826 BLOCK 32 38
7828 ORDER 3911 30 33 1 28 0
7829 ORDER 3912 44 21 40 38 3
7830 ORDER 3913 16 35 1 1 0
7832 ORDER 3914 41 30 42 37 2
7835 CANCEL 3879
7836 ORDER 3915 31 21 3 18 2
7837 ORDER 3916 26 18 2 21 0
7837 BLOCK 24 27
7839 ORDER 3917 26 27 40 37 1
7846 BLOCK 31 21
7847 ORDER 3918 27 20 36 37 1
7848 UNBLOCK 45 29
7848 ORDER 3919 40 29 3 27 1
7849 ORDER 3920 38 15 14 38 0
7850 ORDER 3921 28 27 1 35 2
7851 ORDER 3922 12 14 1 8 2
7852 ORDER 3923 45 3 2 38 2
7855 ORDER 3924 7 27 20 38 0
7856 UNBLOCK 9 26
7856 ORDER 3925 18 35 1 29 3
7857 ORDER 3926 39 33 2 1 0
7861 ORDER 3927 26 29 30 38 0
7863 ORDER 3928 42 18 21 38 0
7864 ORDER 3929 18 27 30 38 0
7864 BLOCK 22 33
7865 ORDER 3930 23 12 1 21 0
7866 ORDER 3931 36 15 3 26 0
7869 BLOCK 36 33
7870 ORDER 3932 26 32 37 37 2
7871 ORDER 3933 22 18 23 37 1
7872 ORDER 3934 31 23 3 3 3
7874 ORDER 3935 16 32 1 16 0
7875 ORDER 3936 18 12 41 37 1
7877 UNBLOCK 27 2
7878 ORDER 3937 17 32 25 38 0
7880 ORDER 3938 31 23 3 18 0
7882 UNBLOCK 15 3
7882 ORDER 3939 14 9 1 4 0
7883 ORDER 3940 10 18 2 9 0
7886 ORDER 3941 40 33 11 38 2
7887 ORDER 3942 24 26 1 19 1
7888 ORDER 3943 7 18 1 8 2
7890 ORDER 3944 43 9 9 37 3
7891 ORDER 3945 8 6 1 19 0
7893 ORDER 3946 29 15 3 9 1
7896 ORDER 3947 41 14 48 38 1
7897 UNBLOCK 32 38
7897 ORDER 3948 41 32 5 37 0
7898 ORDER 3949 28 12 1 16 0
7899 ORDER 3950 24 30 37 38 3
7900 ORDER 3951 17 15 45 37 1
7901 ORDER 3952 15 12 14 37 0
7902 ORDER 3953 19 33 3 31 1
7903 ORDER 3954 10 17 1 12 0
7904 ORDER 3955 36 24 36 37 0
7905 ORDER 3956 29 24 1 26 0
7907 ORDER 3957 16 33 3 36 2
7908 ORDER 3958 26 17 34 37 1
7909 ORDER 3959 42 26 2 16 0
7912 ORDER 3960 33 6 3 37 0
7912 BLOCK 17 1
7913 ORDER 3961 26 17 44 37 0
7916 ORDER 3962 39 26 21 37 2
7919 UNBLOCK 31 21
7921 ORDER 3963 38 8 3 8 0
7922 CANCEL 3926
7922 ORDER 3964 43 11 45 37 1
7925 ORDER 3965 23 12 1 27 3
7927 ORDER 3966 25 30 1 34 0
7928 CANCEL 3901
7928 ORDER 3967 22 14 2 18 1
7929 ORDER 3968 21 5 2 18 0
7932 ORDER 3969 6 32 37 38 1
7932 BLOCK 24 8
7933 ORDER 3970 33 27 48 37 0
7934 ORDER 3971 42 18 3 12 0
7937 ORDER 3972 35 11 3 12 0
7938 ORDER 3973 12 24 1 12 0
7939 ORDER 3974 38 13 3 9 0
7940 ORDER 3975 28 3 1 10 0
7942 ORDER 3976 28 3 1 8 0
7943 ORDER 3977 34 8 14 37 2
7944 ORDER 3978 35 21 2 22 0
7946 ORDER 3979 38 27 2 10 0
7947 ORDER 3980 27 20 21 38 0
7948 ORDER 3981 36 17 1 38 0
7949 ORDER 3982 41 33 1 19 0
7951 ORDER 3983 17 11 1 24 0
7952 BLOCK 33 36
7953 ORDER 3984 38 9 10 37 0
7958 ORDER 3985 26 30 31 37 1
7959 ORDER 3986 17 35 44 38 0
7960 ORDER 3987 17 15 2 7 1
7962 ORDER 3988 16 5 3 21 0
7963 ORDER 3989 26 8 18 38 0
7964 ORDER 3990 13 3 12 38 1
7965 ORDER 3991 16 3 3 9 2
7966 ORDER 3992 22 12 1 18 0
7968 ORDER 3993 41 9 17 37 0
7969 CANCEL 3949
7970 ORDER 3994 25 29 5 37 3
7971 ORDER 3995 41 30 1 6 0
7972 ORDER 3996 18 27 13 37 3
7974 UNBLOCK 24 27
7974 ORDER 3997 18 14 2 7 1
7975 ORDER 3998 10 18 2 29 1
7977 BLOCK 7 15
7978 ORDER 3999 42 20 3 28 0
7979 CANCEL 3976
7979 ORDER 4000 44 30 3 3 0
7981 ORDER 4001 17 21 37 38 1
7982 ORDER 4002 28 3 16 38 0
7986 UNBLOCK 36 33
7986 ORDER 4003 33 14 1 11 1
7987 ORDER 4004 27 14 2 27 1
7988 ORDER 4005 43 5 2 12 0
7990 BLOCK 27 30
7992 ORDER 4006 18 29 24 37 0
7994 ORDER 4007 9 18 3 2 0
7995 ORDER 4008 12 23 33 38 1
7998 ORDER 4009 13 3 2 34 0
8000 UNBLOCK 22 33
8002 ORDER 4010 8 17 2 14 0
8004 UNBLOCK 33 36
8005 CANCEL 3941
8006 ORDER 4011 9 23 14 38 1
8008 ORDER 4012 18 17 2 36 0
8010 ORDER 4013 32 15 42 38 0
8014 ORDER 4014 6 26 1 15 2
8017 ORDER 4015 10 24 2 25 0
8019 ORDER 4016 45 5 1 9 0
8022 ORDER 4017 10 24 2 34 0
8023 ORDER 4018 32 26 19 37 1
8024 ORDER 4019 45 20 6 37 3
8025 ORDER 4020 32 15 5 37 0
8027 ORDER 4021 37 17 29 37 0
8030 ORDER 4022 40 35 1 4 0
8031 UNBLOCK 17 1
8031 ORDER 4023 30 3 18 37 1
8033 ORDER 4024 42 23 27 38 1
8034 ORDER 4025 36 24 2 9 2
8036 ORDER 4026 35 8 6 37 0
8037 ORDER 4027 9 3 2 32 0
8040 ORDER 4028 30 27 1 1 0
8041 ORDER 4029 18 5 1 8 0
8042 ORDER 4030 40 20 3 17 0
8045 ORDER 4031 21 8 3 21 0
8048 ORDER 4032 31 16 2 14 0
8050 ORDER 4033 32 9 10 38 0
8053 ORDER 4034 8 33 28 38 1
8055 ORDER 4035 18 6 2 36 0
8056 BLOCK 22 21
8058 ORDER 4036 32 8 22 37 0
8060 ORDER 4037 35 35 1 1 0
8061 ORDER 4038 33 29 11 37 2
8063 ORDER 4039 36 27 36 37 0
8064 ORDER 4040 28 24 3 15 0
8065 UNBLOCK 24 8
8066 UNBLOCK 27 30
8066 ORDER 4041 6 26 2 24 0
8067 ORDER 4042 39 18 1 15 0
8068 ORDER 4043 26 9 25 38 2
8069 ORDER 4044 38 29 11 37 0
8071 ORDER 4045 40 33 45 37 1
8072 ORDER 4046 44 8 21 38 0
8073 ORDER 4047 12 6 18 38 0
8074 ORDER 4048 17 20 2 29 0
8075 ORDER 4049 17 20 2 18 0
8079 ORDER 4050 16 12 13 37 0
8082 ORDER 4051 41 18 1 29 1
8082 BLOCK 36 21
8083 ORDER 4052 19 15 1 16 0
8085 ORDER 4053 44 32 41 37 0
8088 ORDER 4054 23 30 10 37 0
8089 ORDER 4055 29 30 12 38 3
8090 ORDER 4056 39 27 3 10 0
8092 ORDER 4057 22 11 37 37 0
8093 ORDER 4058 38 3 16 38 0
8097 ORDER 4059 38 8 39 38 2
8098 ORDER 4060 18 17 2 27 2
8103 ORDER 4061 34 33 3 9 1
8106 ORDER 4062 6 20 5 38 0
8109 ORDER 4063 16 11 32 38 0
8109 BLOCK 5 30
8111 ORDER 4064 22 14 2 10 0
8113 ORDER 4065 26 32 1 35 0
8114 ORDER 4066 29 5 1 17 0
8123 ORDER 4067 23 30 32 37 1
8124 UNBLOCK 7 15
8124 ORDER 4068 18 24 33 37 0
8126 ORDER 4069 10 11 1 15 0
8126 BLOCK 43 5
8132 ORDER 4070 41 30 25 38 0
8135 ORDER 4071 41 30 23 37 1
8136 ORDER 4072 10 21 41 37 3
8140 ORDER 4073 26 29 23 38 1
8141 ORDER 4074 31 12 2 14 1
8142 ORDER 4075 7 27 2 20 1
8143 ORDER 4076 35 6 2 30 0
8148 ORDER 4077 36 33 6 38 0
8149 CANCEL 3996
8151 ORDER 4078 35 30 1 2 0
8155 ORDER 4079 41 21 42 37 0
8156 ORDER 4080 12 18 3 11 0
8157 UNBLOCK 36 21
8159 ORDER 4081 43 6 3 27 2
8163 ORDER 4082 12 18 34 38 0
8164 ORDER 4083 35 9 2 31 0
8165 ORDER 4084 6 6 3 12 0
8167 ORDER 4085 41 15 2 32 0
8169 ORDER 4086 18 27 2 32 0
8172 ORDER 4087 21 17 3 29 3
8173 ORDER 4088 34 11 44 38 0
8174 ORDER 4089 7 3 3 16 0
8183 ORDER 4090 38 17 35 38 1
8185 ORDER 4091 11 26 1 30 0
8186 CANCEL 4023
8186 ORDER 4092 10 30 2 25 0
8188 ORDER 4093 32 17 2 12 0
8192 CANCEL 4056
8192 ORDER 4094 43 17 1 28 0
8194 ORDER 4095 37 23 3 31 0
8195 ORDER 4096 36 24 17 38 3
8197 ORDER 4097 25 3 19 37 2
8198 ORDER 4098 6 5 3 2 1
8200 ORDER 4099 43 8 3 36 0
8201 UNBLOCK 22 21
8202 ORDER 4100 32 5 2 36 1
8206 ORDER 4101 27 6 3 12 2
8212 ORDER 4102 13 27 3 36 1
8213 ORDER 4103 29 32 45 37 0
8215 ORDER 4104 45 21 29 37 1
8216 ORDER 4105 25 9 25 37 0
8217 ORDER 4106 17 21 3 16 0
8218 ORDER 4107 29 29 3 6 0
8222 BLOCK 9 17
8223 ORDER 4108 29 32 45 38 1
8224 ORDER 4109 14 24 3 21 0
8224 BLOCK 12 23
8225 ORDER 4110 34 27 2 19 0
8229 ORDER 4111 30 3 3 10 0
8231 ORDER 4112 15 30 3 2 1
8233 ORDER 4113 25 32 3 11 1
8234 ORDER 4114 8 27 3 33 0
8236 CANCEL 4063
8236 ORDER 4115 8 24 8 38 0
8237 ORDER 4116 35 15 31 38 0
8241 ORDER 4117 18 21 13 38 1
8242 UNBLOCK 5 30
8243 ORDER 4118 23 30 3 38 2
8243 BLOCK 6 14
8245 ORDER 4119 12 23 1 31 0
8246 ORDER 4120 35 27 1 1 0
8247 ORDER 4121 24 26 41 38 0
8250 ORDER 4122 42 11 4 38 0
8251 ORDER 4123 16 8 25 38 0
8251 BLOCK 16 20
8252 ORDER 4124 7 26 2 25 1
8254 BLOCK 15 9
8256 ORDER 4125 17 23 5 37 0
8260 BLOCK 16 38
8261 ORDER 4126 11 9 1 38 0
8263 UNBLOCK 43 5
8263 ORDER 4127 39 18 2 1 0
8265 BLOCK 22 14
8267 ORDER 4128 26 9 18 37 1
8269 ORDER 4129 31 15 21 37 0
8270 ORDER 4130 44 12 1 6 2
8272 UNBLOCK 6 14
8273 ORDER 4131 7 5 3 7 0
8274 ORDER 4132 9 20 1 21 0
8276 UNBLOCK 9 17
8277 ORDER 4133 29 27 4 38 3
8279 ORDER 4134 17 29 1 14 0
8279 BLOCK 35 37
8280 ORDER 4135 17 15 33 37 1
8281 ORDER 4136 7 32 1 12 1
8282 ORDER 4137 28 32 12 38 2
8284 ORDER 4138 37 17 3 6 0
8285 ORDER 4139 10 6 14 37 0
8288 ORDER 4140 32 5 3 9 1
8289 ORDER 4141 21 5 48 38 2
8290 ORDER 4142 27 9 2 10 0
8291 ORDER 4143 12 26 3 37 1
8292 ORDER 4144 31 23 1 30 0
8293 ORDER 4145 22 9 1 11 2
8294 ORDER 4146 18 15 35 38 0
8295 ORDER 4147 41 12 1 27 0
8296 ORDER 4148 32 15 2 25 0
8297 ORDER 4149 27 32 2 33 0
8297 BLOCK 41 36
8298 ORDER 4150 29 29 1 26 1
8299 BLOCK 19 15
8300 ORDER 4151 11 6 1 6 0
8305 ORDER 4152 27 6 3 25 0
8306 ORDER 4153 34 27 29 38 2
8312 ORDER 4154 34 27 3 23 2
8314 ORDER 4155 39 20 2 19 0
8315 ORDER 4156 27 27 34 38 3
8317 ORDER 4157 25 3 26 38 0
8319 ORDER 4158 8 32 2 18 1
8321 ORDER 4159 38 26 2 31 0
8322 ORDER 4160 24 21 1 5 1
8324 ORDER 4161 44 35 40 38 0
8325 ORDER 4162 42 15 27 37 0
8326 UNBLOCK 16 38
8327 ORDER 4163 12 12 3 36 0
8330 ORDER 4164 38 20 1 9 3
8332 ORDER 4165 31 35 19 38 0
8333 ORDER 4166 37 33 1 8 1
8334 ORDER 4167 42 23 44 37 0
8335 ORDER 4168 16 32 19 38 0
8335 BLOCK 17 3
8337 UNBLOCK 22 14
8337 ORDER 4169 29 24 2 33 0
8340 ORDER 4170 15 11 2 18 1
8340 BLOCK 45 12
8341 ORDER 4171 27 23 37 38 0
8342 ORDER 4172 21 5 1 15 0
8343 ORDER 4173 7 29 1 34 0
8349 ORDER 4174 19 15 2 24 0
8350 ORDER 4175 19 24 17 38 1
8352 ORDER 4176 35 8 42 38 0
8353 ORDER 4177 23 32 13 38 0
8358 ORDER 4178 35 17 2 21 1
8359 ORDER 4179 37 15 13 37 3
8362 ORDER 4180 8 8 2 6 0
8363 UNBLOCK 16 20
8363 UNBLOCK 45 12
8363 ORDER 4181 45 12 7 38 2
8365 UNBLOCK 12 23
8366 CANCEL 4092
8366 ORDER 4182 35 29 20 37 2
8370 ORDER 4183 19 8 41 37 0
8371 ORDER 4184 20 15 16 37 0
8376 ORDER 4185 13 29 1 20 0
8377 ORDER 4186 37 32 3 15 0
8378 ORDER 4187 45 5 2 18 0
8380 ORDER 4188 40 32 2 26 2
8383 ORDER 4189 21 12 14 38 0
8387 UNBLOCK 15 9
8391 ORDER 4190 12 26 2 7 3
8392 ORDER 4191 15 30 32 37 0
8393 UNBLOCK 35 37
8393 ORDER 4192 12 32 1 29 0
8395 ORDER 4193 8 33 2 5 1
8397 ORDER 4194 16 23 30 38 0
8398 ORDER 4195 38 9 3 38 0
8399 BLOCK 30 29
8401 ORDER 4196 45 12 36 38 1
8406 ORDER 4197 20 12 2 37 0
8406 BLOCK 21 18
8407 ORDER 4198 44 8 9 37 0
8408 ORDER 4199 13 3 37 37 0
8409 ORDER 4200 20 24 19 37 2
8411 ORDER 4201 28 26 3 21 0
8413 ORDER 4202 30 5 34 37 1
8414 ORDER 4203 44 29 3 34 0
8414 BLOCK 9 33
8416 ORDER 4204 36 21 2 12 2
8417 ORDER 4205 9 35 2 14 0
8418 ORDER 4206 11 35 4 37 0
8420 ORDER 4207 45 14 2 30 0
8424 ORDER 4208 19 23 32 38 0
8425 UNBLOCK 41 36
8426 UNBLOCK 17 3
8427 UNBLOCK 19 15
8427 ORDER 4209 24 6 2 5 0
8428 CANCEL 104209
8430 ORDER 4210 27 23 34 38 2
8431 ORDER 4211 24 8 11 38 0
8432 ORDER 4212 7 14 3 4 0
8436 ORDER 4213 12 6 2 13 0
8439 ORDER 4214 19 14 2 32 1
8442 ORDER 4215 31 23 28 38 1
8442 BLOCK 12 36
8445 ORDER 4216 29 20 40 37 1
8446 ORDER 4217 18 15 21 37 1
8447 ORDER 4218 40 15 47 38 1
8448 ORDER 4219 29 8 3 11 0
8449 ORDER 4220 44 6 12 37 0
8450 ORDER 4221 40 17 1 30 3
8456 ORDER 4222 10 17 9 38 2
8457 CANCEL 4168
8459 ORDER 4223 6 29 3 13 0
8462 UNBLOCK 9 33
8462 ORDER 4224 18 18 22 37 0
8464 ORDER 4225 23 18 2 22 0
8465 ORDER 4226 20 20 2 19 0
8467 UNBLOCK 21 18
8469 ORDER 4227 13 8 3 1 0
8470 BLOCK 5 21
8472 ORDER 4228 20 24 41 38 3
8473 ORDER 4229 39 17 3 35 0
8474 ORDER 4230 19 11 41 37 0
8475 ORDER 4231 41 29 2 11 0
8476 ORDER 4232 27 15 1 8 0
8477 UNBLOCK 30 29
8477 ORDER 4233 41 20 30 37 2
8478 ORDER 4234 25 6 3 28 0
8482 ORDER 4235 17 15 36 38 1
8484 CANCEL 4194
8485 ORDER 4236 21 8 3 13 0
8486 ORDER 4237 14 24 23 38 1
8487 UNBLOCK 12 36
8490 ORDER 4238 38 3 16 38 0
8493 ORDER 4239 39 5 29 37 0
8496 ORDER 4240 19 21 38 37 0
8497 ORDER 4241 38 17 17 37 0
8499 ORDER 4242 40 27 1 5 1
8500 ORDER 4243 9 8 2 16 2
8503 ORDER 4244 23 9 13 38 0
8507 ORDER 4245 7 5 31 38 0
8508 ORDER 4246 27 21 18 38 0
8509 ORDER 4247 24 33 22 37 0
8511 ORDER 4248 45 20 23 38 3
8512 ORDER 4249 30 17 3 12 0
8513 ORDER 4250 41 23 3 35 0
8514 ORDER 4251 17 11 1 8 1
8518 ORDER 4252 38 11 37 38 1
8519 ORDER 4253 40 14 11 38 0
8519 BLOCK 8 23
8521 ORDER 4254 36 8 22 38 1
8524 BLOCK 38 9
8525 ORDER 4255 9 6 2 23 0
8529 ORDER 4256 18 35 48 37 1
8530 ORDER 4257 27 9 35 37 0
8534 ORDER 4258 24 33 20 38 0
8535 ORDER 4259 17 27 3 16 0
8536 ORDER 4260 43 21 35 37 0
8537 ORDER 4261 12 21 45 37 0
8538 ORDER 4262 9 27 34 37 0
8543 ORDER 4263 21 18 2 17 1
8544 UNBLOCK 5 21
8546 ORDER 4264 26 32 3 11 1
8547 UNBLOCK 38 9
8552 ORDER 4265 38 21 9 37 0
8553 ORDER 4266 9 30 2 25 0
8554 ORDER 4267 8 14 2 3 1
8554 BLOCK 28 1
8555 BLOCK 38 14
8556 ORDER 4268 13 26 2 17 0
8557 ORDER 4269 25 3 1 16 1
8559 ORDER 4270 10 33 3 13 0
8560 ORDER 4271 22 26 2 24 0
8561 ORDER 4272 17 18 7 38 1
8562 ORDER 4273 21 27 17 38 3
8563 ORDER 4274 9 18 23 38 0
8564 ORDER 4275 8 17 2 8 1
8565 ORDER 4276 18 12 1 16 0
8566 ORDER 4277 33 21 3 9 3
8568 ORDER 4278 21 6 23 37 2
8569 ORDER 4279 17 5 2 29 2
8569 BLOCK 39 14
8571 ORDER 4280 23 32 1 35 0
8572 ORDER 4281 20 17 2 31 0
8574 ORDER 4282 11 30 3 28 0
8575 ORDER 4283 37 18 2 2 2
8576 UNBLOCK 38 14
8576 ORDER 4284 19 17 3 31 0
8577 CANCEL 4191
8578 ORDER 4285 42 9 2 28 2
8583 ORDER 4286 34 30 3 15 1
8584 ORDER 4287 35 20 43 38 3
8585 ORDER 4288 12 12 44 38 2
8588 BLOCK 41 3
8591 ORDER 4289 27 5 13 38 0
8593 ORDER 4290 35 5 26 38 0
8595 ORDER 4291 8 12 3 14 0
8597 ORDER 4292 20 3 2 26 2
8598 ORDER 4293 19 11 9 38 0
8599 ORDER 4294 11 35 36 38 0
8599 BLOCK 26 17
8600 ORDER 4295 12 14 42 38 2
8601 ORDER 4296 37 15 48 37 1
8604 ORDER 4297 13 27 2 15 0
8608 ORDER 4298 40 27 7 37 0
8609 UNBLOCK 41 3
8610 CANCEL 4253
8610 ORDER 4299 7 29 3 12 1
8611 ORDER 4300 18 15 33 37 0
8614 ORDER 4301 17 11 3 11 0
8615 ORDER 4302 35 27 3 9 0
8616 ORDER 4303 21 24 38 37 0
8617 CANCEL 4227
8620 ORDER 4304 24 3 1 15 2
8624 BLOCK 18 18
8625 ORDER 4305 29 20 1 9 0
8628 ORDER 4306 10 17 1 32 1
8628 BLOCK 32 34
8631 ORDER 4307 41 14 2 12 0
8633 ORDER 4308 31 11 2 13 2
8638 ORDER 4309 32 11 33 37 0
8639 ORDER 4310 32 12 3 29 1
8639 BLOCK 44 16
8640 ORDER 4311 22 9 35 38 1
8642 UNBLOCK 8 23
8642 ORDER 4312 24 30 45 37 0
8643 ORDER 4313 41 20 38 38 3
8644 ORDER 4314 12 3 4 38 0
8645 ORDER 4315 25 17 8 38 0
8649 ORDER 4316 35 27 47 37 0
8650 ORDER 4317 41 26 2 33 0
8651 ORDER 4318 35 29 1 2 0
8652 ORDER 4319 37 27 3 10 0
8653 ORDER 4320 8 5 3 25 1
8654 ORDER 4321 19 15 27 38 0
8655 ORDER 4322 8 20 23 37 1
8662 ORDER 4323 42 11 46 37 0
8663 UNBLOCK 39 14
8663 ORDER 4324 10 6 3 36 2
8664 ORDER 4325 13 26 1 33 1
8665 ORDER 4326 38 11 15 38 0
8669 ORDER 4327 31 12 3 2 0
8670 ORDER 4328 11 24 39 38 0
8671 ORDER 4329 17 3 22 38 0
8673 ORDER 4330 40 14 31 37 1
8674 ORDER 4331 21 3 2 17 0
8675 ORDER 4332 32 12 12 37 0
8677 ORDER 4333 23 32 1 6 0
8679 ORDER 4334 6 14 2 33 1
8680 ORDER 4335 13 3 28 37 0
8681 ORDER 4336 37 20 3 2 0
8682 ORDER 4337 15 21 24 38 1
8682 BLOCK 39 1
8683 ORDER 4338 26 12 1 11 0
8687 UNBLOCK 18 18
8687 ORDER 4339 41 29 2 2 0
8689 ORDER 4340 12 15 3 31 1
8690 ORDER 4341 13 29 46 38 1
8692 BLOCK 32 11
8694 ORDER 4342 33 29 2 38 0
8696 ORDER 4343 25 29 1 36 0
8696 BLOCK 10 26
8697 UNBLOCK 28 1
8697 ORDER 4344 34 23 3 32 0
8699 ORDER 4345 9 35 8 37 1
8701 UNBLOCK 26 17
8703 ORDER 4346 8 32 3 30 2
8704 CANCEL 4292
8704 ORDER 4347 23 9 3 31 1
8705 UNBLOCK 32 34
8705 ORDER 4348 36 32 2 12 0
8709 ORDER 4349 32 23 2 37 0
8710 CANCEL 4262
8711 ORDER 4350 44 5 1 11 0
8712 ORDER 4351 12 23 1 28 0
8713 ORDER 4352 41 21 3 38 0
8716 ORDER 4353 10 33 2 36 0
8718 ORDER 4354 23 18 30 37 0
8721 ORDER 4355 23 32 3 3 2
8724 ORDER 4356 30 33 1 2 0
8726 ORDER 4357 12 30 1 7 0
8727 ORDER 4358 8 8 2 34 0
8728 ORDER 4359 28 5 36 37 0
8729 ORDER 4360 27 33 1 3 0
8732 ORDER 4361 20 3 48 38 0
8733 BLOCK 23 8
8734 ORDER 4362 11 27 14 38 2
8736 ORDER 4363 10 33 44 37 0
8738 ORDER 4364 42 15 37 38 1
8738 BLOCK 37 30
8740 UNBLOCK 32 11
8741 ORDER 4365 27 32 2 19 0
8742 ORDER 4366 7 35 2 10 0
8743 ORDER 4367 26 33 1 20 0
8745 CANCEL 4293
8749 ORDER 4368 38 15 29 37 0
8750 ORDER 4369 28 33 38 38 0
8751 ORDER 4370 27 21 1 3 2
8752 ORDER 4371 15 17 2 6 0
8753 ORDER 4372 42 26 2 7 0
8754 ORDER 4373 35 32 8 38 1
8755 ORDER 4374 38 35 3 17 0
8756 ORDER 4375 40 35 18 37 1
8759 ORDER 4376 15 11 37 38 0
8760 ORDER 4377 42 6 26 37 1
8764 UNBLOCK 23 8
8764 ORDER 4378 24 32 2 36 1
8764 BLOCK 25 18
8766 ORDER 4379 23 24 24 37 0
8767 ORDER 4380 29 18 2 21 0
8770 ORDER 4381 38 14 1 23 0
8771 BLOCK 31 37
8777 UNBLOCK 44 16
8777 ORDER 4382 30 33 1 29 0
8778 ORDER 4383 9 33 21 38 0
8779 ORDER 4384 16 23 23 38 0
8780 ORDER 4385 23 9 3 20 0
8781 ORDER 4386 36 3 1 10 0
8782 UNBLOCK 39 1
8782 ORDER 4387 29 15 18 38 0
8784 ORDER 4388 22 24 23 38 0
8785 ORDER 4389 36 32 42 38 1
8786 CANCEL 4327
8790 ORDER 4390 15 30 37 38 0
8792 ORDER 4391 7 6 32 37 0
8792 BLOCK 19 11
8793 ORDER 4392 43 5 2 14 0
8795 UNBLOCK 10 26
8795 ORDER 4393 6 9 24 38 0
8796 ORDER 4394 21 33 28 37 0
8798 ORDER 4395 41 29 38 38 0
8800 ORDER 4396 27 24 3 21 0
8801 ORDER 4397 25 30 2 8 1
8803 ORDER 4398 26 14 38 38 0
8807 ORDER 4399 32 3 41 37 0
8808 ORDER 4400 10 17 25 38 0
8809 ORDER 4401 16 23 2 34 1
8810 ORDER 4402 10 15 42 37 0
8811 ORDER 4403 9 26 23 38 2
8812 ORDER 4404 20 17 5 38 0
8818 ORDER 4405 31 23 3 13 0
8820 BLOCK 18 35
8822 ORDER 4406 34 21 2 21 2
8825 ORDER 4407 9 6 3 7 3
8827 ORDER 4408 28 5 1 34 0
8830 ORDER 4409 28 17 44 38 1
8831 ORDER 4410 20 17 12 38 0
8832 ORDER 4411 39 11 34 38 2
8833 UNBLOCK 19 11
8835 ORDER 4412 20 14 35 37 1
8836 ORDER 4413 41 29 2 32 2
8837 CANCEL 4342
8838 ORDER 4414 37 27 47 37 1
8841 UNBLOCK 31 37
8841 ORDER 4415 40 11 3 29 1
8842 ORDER 4416 35 6 3 25 0
8842 BLOCK 23 18
8844 ORDER 4417 17 12 2 1 0
8845 ORDER 4418 32 23 2 16 0
8846 UNBLOCK 37 30
8846 ORDER 4419 28 17 29 37 1
8848 ORDER 4420 27 6 1 15 1
8850 ORDER 4421 14 26 3 32 0
8851 ORDER 4422 12 30 14 38 0
8852 ORDER 4423 25 23 4 37 0
8856 ORDER 4424 27 27 39 37 0
8858 ORDER 4425 25 29 1 35 0
8859 ORDER 4426 24 11 28 37 0
8860 ORDER 4427 8 8 24 38 0
8861 UNBLOCK 25 18
8861 ORDER 4428 8 23 15 38 0
8866 ORDER 4429 44 23 1 3 0
8874 ORDER 4430 16 17 15 37 1
8875 ORDER 4431 34 23 3 10 0
8877 ORDER 4432 36 5 39 38 0
8878 UNBLOCK 18 35
8878 ORDER 4433 10 11 3 16 1
8883 ORDER 4434 40 26 20 38 0
8885 ORDER 4435 25 29 1 17 0
8888 ORDER 4436 18 17 4 38 1
8891 ORDER 4437 10 11 1 4 1
8892 ORDER 4438 44 32 12 38 0
8892 BLOCK 45 8
8895 ORDER 4439 44 23 3 11 0
8898 ORDER 4440 9 5 2 7 0
8899 ORDER 4441 10 33 1 1 1
8901 ORDER 4442 23 23 2 2 1
8902 ORDER 4443 16 21 2 13 0
8904 ORDER 4444 19 23 3 18 0
8908 ORDER 4445 37 23 24 38 1
8909 ORDER 4446 26 8 14 38 0
8914 ORDER 4447 42 21 2 36 3
8915 ORDER 4448 26 6 1 21 0
8917 ORDER 4449 12 20 1 23 2
8920 ORDER 4450 28 17 3 9 0
8922 ORDER 4451 27 9 42 37 0
8925 ORDER 4452 26 18 1 38 0
8927 ORDER 4453 31 26 3 6 0
8927 BLOCK 21 38
8931 ORDER 4454 17 20 2 37 0
8933 ORDER 4455 12 6 8 38 1
8934 ORDER 4456 20 23 1 18 0
8936 ORDER 4457 17 15 3 18 0
8937 ORDER 4458 19 23 1 16 0
8944 ORDER 4459 40 12 14 37 1
8945 ORDER 4460 39 14 2 22 0
8947 ORDER 4461 18 6 34 37 0
8948 ORDER 4462 26 23 3 7 1
8949 ORDER 4463 25 3 16 37 0
8953 ORDER 4464 33 21 2 26 0
8954 ORDER 4465 28 32 1 3 2
8957 ORDER 4466 26 21 1 27 0
8958 ORDER 4467 45 8 19 38 0
8959 ORDER 4468 28 18 44 38 1
8961 UNBLOCK 23 18
8961 ORDER 4469 39 11 1 27 0
8962 ORDER 4470 43 6 3 27 0
8965 ORDER 4471 44 23 1 31 0
8970 ORDER 4472 21 12 3 15 0
8971 ORDER 4473 19 12 29 37 0
8974 ORDER 4474 27 14 43 38 0
8975 ORDER 4475 6 30 39 38 0
8976 ORDER 4476 20 17 38 38 1
8978 ORDER 4477 31 12 2 37 2
8983 ORDER 4478 13 20 42 38 0
8986 ORDER 4479 18 3 3 22 1
8987 ORDER 4480 43 15 3 25 0
8990 ORDER 4481 22 11 20 38 1
8991 UNBLOCK 21 38
8994 ORDER 4482 19 26 1 10 0
8996 CANCEL 4419
8996 ORDER 4483 33 23 1 10 0
8998 UNBLOCK 45 8
8998 ORDER 4484 36 8 2 29 0
8999 ORDER 4485 28 18 19 38 1
9001 ORDER 4486 6 8 3 13 0
9002 ORDER 4487 17 17 1 9 0
9003 ORDER 4488 27 20 8 37 0
9004 ORDER 4489 17 20 43 38 0
9005 ORDER 4490 30 11 3 23 0
9006 ORDER 4491 8 32 2 32 0
9008 ORDER 4492 11 9 3 5 0
9010 ORDER 4493 19 8 26 37 3
9012 ORDER 4494 11 33 41 37 0
9013 ORDER 4495 25 5 1 31 0
9014 ORDER 4496 31 26 9 38 0
9016 ORDER 4497 9 12 2 5 0
9024 ORDER 4498 33 23 43 37 1
9025 ORDER 4499 8 6 3 5 0
9026 ORDER 4500 41 23 22 38 0
9026 BLOCK 14 13
9028 ORDER 4501 45 27 2 9 0
9030 ORDER 4502 27 9 9 38 0
9033 ORDER 4503 25 32 26 38 1
9034 ORDER 4504 45 35 2 24 0
9035 ORDER 4505 8 21 1 26 3
9037 ORDER 4506 7 11 31 37 0
9038 ORDER 4507 39 26 2 21 1
9040 CANCEL 4444
9040 ORDER 4508 37 24 2 23 0
9041 ORDER 4509 39 18 44 37 1
9042 ORDER 4510 14 26 24 37 1
9043 ORDER 4511 7 15 3 5 1
9045 ORDER 4512 11 26 2 23 0
9049 CANCEL 4499
9049 ORDER 4513 15 17 2 9 1
9050 ORDER 4514 15 9 3 23 0
9051 ORDER 4515 40 35 3 6 0
9052 BLOCK 42 11
9054 ORDER 4516 10 33 22 38 1
9054 BLOCK 8 9
9055 ORDER 4517 14 35 18 38 3
9058 UNBLOCK 14 13
9059 ORDER 4518 30 26 27 37 1
9060 ORDER 4519 8 23 3 12 0
9061 ORDER 4520 9 11 1 25 0
9063 ORDER 4521 16 35 1 22 2
9065 ORDER 4522 40 29 2 9 0
9066 ORDER 4523 8 33 18 38 0
9067 CANCEL 4434
9067 ORDER 4524 43 8 22 37 0
9068 ORDER 4525 39 20 12 37 0
9070 ORDER 4526 36 33 2 6 0
9071 ORDER 4527 27 23 3 7 0
9072 ORDER 4528 15 14 3 35 2
9073 ORDER 4529 30 35 34 37 0
9074 ORDER 4530 41 33 46 37 1
9075 ORDER 4531 18 19 1 36 0
9078 ORDER 4532 9 8 15 38 1
9079 ORDER 4533 40 26 30 38 2
9080 ORDER 4534 19 6 35 38 0
9081 CANCEL 4488
9081 ORDER 4535 16 32 3 26 2
9083 ORDER 4536 35 32 35 37 0
9084 ORDER 4537 12 14 3 12 1
9085 ORDER 4538 8 35 6 37 0
9087 ORDER 4539 45 20 2 8 1
9089 ORDER 4540 10 3 1 19 1
9091 ORDER 4541 23 23 4 37 1
9093 ORDER 4542 43 11 1 2 1
9095 ORDER 4543 34 11 45 37 0
9099 ORDER 4544 20 29 32 38 0
9101 ORDER 4545 24 9 2 5 0
9103 ORDER 4546 35 30 23 37 1
9104 ORDER 4547 12 14 2 7 0
9107 ORDER 4548 17 6 2 36 2
9109 ORDER 4549 28 14 1 34 0
9110 ORDER 4550 36 5 1 9 0
9111 ORDER 4551 22 11 5 38 1
9113 UNBLOCK 8 9
9113 ORDER 4552 44 12 35 37 0
9114 CANCEL 4448
9115 ORDER 4553 22 26 48 38 0
9116 ORDER 4554 38 20 15 37 3
9118 ORDER 4555 37 23 3 22 1
9119 ORDER 4556 21 24 2 34 1
9121 ORDER 4557 30 12 34 37 3
9121 BLOCK 18 33
9124 ORDER 4558 45 12 2 26 0
9125 ORDER 4559 17 30 1 34 0
9126 BLOCK 30 38
9127 ORDER 4560 22 24 3 31 0
9130 ORDER 4561 18 18 1 19 2
9135 ORDER 4562 21 24 47 37 1
9137 ORDER 4563 33 24 4 38 0
9139 ORDER 4564 11 14 3 4 2
9140 UNBLOCK 42 11
9141 BLOCK 11 26
9142 ORDER 4565 38 30 3 14 0
9144 ORDER 4566 11 14 1 29 0
9146 ORDER 4567 28 29 1 27 1
9147 ORDER 4568 9 29 1 27 0
9148 ORDER 4569 42 21 28 38 2
9149 ORDER 4570 32 21 2 8 0
9150 ORDER 4571 37 24 3 13 0
9151 ORDER 4572 27 33 5 38 0
9152 ORDER 4573 25 8 3 13 0
9154 ORDER 4574 6 33 3 7 0
9155 ORDER 4575 40 33 2 36 0
9156 UNBLOCK 18 33
9157 ORDER 4576 19 27 1 11 0
9159 ORDER 4577 28 27 1 25 1
9160 ORDER 4578 27 33 23 38 2
9162 ORDER 4579 37 24 3 3 0
9163 ORDER 4580 37 26 48 37 2
9165 ORDER 4581 30 11 2 37 3
9166 ORDER 4582 30 11 3 19 1
9169 ORDER 4583 15 23 2 35 1
9171 ORDER 4584 42 17 1 5 2
9172 ORDER 4585 35 21 43 37 0
9173 ORDER 4586 11 9 6 37 0
9174 ORDER 4587 22 12 15 38 1
9176 ORDER 4588 13 26 3 26 2
9179 ORDER 4589 8 6 2 32 0
9180 ORDER 4590 24 21 24 38 2
9181 ORDER 4591 19 35 2 1 0
9182 ORDER 4592 13 26 3 5 0
9184 ORDER 4593 37 8 37 37 1
9186 BLOCK 10 38
9188 ORDER 4594 33 9 41 38 0
9193 ORDER 4595 36 32 1 36 1
9198 ORDER 4596 44 27 2 24 0
9198 BLOCK 6 18
9200 BLOCK 44 29
9201 ORDER 4597 38 15 3 24 0
9202 ORDER 4598 19 8 2 24 2
9203 ORDER 4599 36 18 3 19 3
9205 BLOCK 34 15
9211 ORDER 4600 44 29 15 37 0
9214 ORDER 4601 18 30 2 26 0
9217 ORDER 4602 39 15 37 37 0
9219 ORDER 4603 10 20 3 37 0
9219 BLOCK 27 24
9222 ORDER 4604 8 14 40 37 0
9225 ORDER 4605 8 32 2 38 2
9226 ORDER 4606 31 24 3 23 0
9230 ORDER 4607 25 27 2 32 0
9231 ORDER 4608 36 23 3 35 0
9232 ORDER 4609 25 8 8 37 3
9234 BLOCK 19 24
9235 ORDER 4610 39 15 2 2 1
9236 UNBLOCK 11 26
9236 UNBLOCK 6 18
9236 ORDER 4611 6 6 14 38 0
9238 ORDER 4612 33 26 39 37 0
9239 ORDER 4613 17 9 2 38 2
9240 ORDER 4614 8 18 14 38 0
9241 ORDER 4615 30 24 9 37 0
9243 ORDER 4616 18 12 2 24 0
9244 ORDER 4617 16 8 1 5 2
9247 ORDER 4618 36 27 1 29 0
9248 ORDER 4619 30 30 35 38 0
9249 ORDER 4620 18 6 3 27 1
9250 ORDER 4621 39 33 4 37 0
9251 ORDER 4622 31 21 21 37 0
9252 ORDER 4623 30 15 11 37 0
9254 ORDER 4624 21 3 26 37 1
9255 ORDER 4625 7 29 6 38 0
9256 ORDER 4626 32 3 2 4 0
9257 ORDER 4627 20 32 14 37 2
9261 ORDER 4628 38 29 36 38 0
9262 ORDER 4629 27 24 3 27 3
9263 ORDER 4630 41 17 2 19 2
9264 ORDER 4631 36 14 1 38 0
9268 ORDER 4632 28 18 20 37 1
9269 ORDER 4633 28 5 2 11 0
9271 UNBLOCK 30 38
9271 ORDER 4634 9 12 2 9 1
9272 ORDER 4635 25 17 39 37 0
9273 ORDER 4636 10 26 29 38 1
9274 ORDER 4637 45 30 2 2 0
9274 BLOCK 23 23
9276 ORDER 4638 16 18 3 20 1
9277 ORDER 4639 16 29 2 12 1
9286 ORDER 4640 28 8 3 3 0
9287 ORDER 4641 44 32 2 5 3
9289 UNBLOCK 44 29
9290 ORDER 4642 20 5 6 38 0
9292 ORDER 4643 18 5 11 37 0
9294 ORDER 4644 24 33 1 11 0
9295 ORDER 4645 7 33 1 16 0
9296 ORDER 4646 20 21 24 38 0
9297 ORDER 4647 23 23 2 18 0
9298 BLOCK 20 5
9299 ORDER 4648 7 35 30 38 1
9299 BLOCK 11 2
9300 ORDER 4649 7 8 9 37 1
9306 CANCEL 4581
9308 BLOCK 28 11
9310 ORDER 4650 18 32 35 37 0
9310 BLOCK 29 18
9313 UNBLOCK 34 15
9313 ORDER 4651 28 14 3 23 1
9315 BLOCK 33 33
9316 ORDER 4652 27 20 2 22 1
9317 ORDER 4653 26 17 2 35 1
9318 UNBLOCK 27 24
9319 ORDER 4654 32 9 1 6 0
9319 BLOCK 5 33
9320 ORDER 4655 27 15 1 14 1
9321 ORDER 4656 39 11 32 38 1
9322 ORDER 4657 33 14 34 38 3
9323 CANCEL 4652
9323 ORDER 4658 7 8 3 2 0
9324 ORDER 4659 42 15 3 10 1
9327 ORDER 4660 25 35 3 7 0
9330 ORDER 4661 29 17 39 38 1
9331 ORDER 4662 44 8 3 29 0
9332 ORDER 4663 28 12 30 38 0
9335 UNBLOCK 10 38
9336 ORDER 4664 41 35 1 13 2
9337 ORDER 4665 43 17 48 37 1
9338 ORDER 4666 7 3 7 37 0
9339 ORDER 4667 43 5 45 38 2
9340 UNBLOCK 20 5
9342 UNBLOCK 11 2
9342 ORDER 4668 39 35 29 37 0
9344 ORDER 4669 6 20 3 5 0
9345 BLOCK 41 32
9347 ORDER 4670 35 29 44 37 3
9348 UNBLOCK 19 24
9348 ORDER 4671 31 24 3 14 0
9348 BLOCK 27 38
9349 ORDER 4672 31 23 1 15 0
9355 ORDER 4673 38 21 1 15 2
9359 ORDER 4674 28 30 48 37 1
9361 ORDER 4675 38 27 2 11 2
9362 ORDER 4676 18 32 1 22 0
9364 ORDER 4677 6 6 2 32 2
9365 ORDER 4678 38 29 1 20 3
9366 UNBLOCK 29 18
9368 ORDER 4679 16 23 33 37 2
9369 ORDER 4680 7 35 9 38 0
9374 CANCEL 4614
9374 ORDER 4681 41 11 25 37 1
9375 ORDER 4682 41 30 2 8 0
9376 ORDER 4683 24 23 3 3 0
9379 ORDER 4684 9 8 2 34 0
9380 ORDER 4685 41 8 47 37 0
9381 ORDER 4686 20 30 43 37 2
9382 ORDER 4687 37 29 2 9 0
9383 UNBLOCK 27 38
9383 ORDER 4688 41 29 26 38 2
9385 UNBLOCK 28 11
9389 UNBLOCK 23 23
9390 ORDER 4689 31 12 20 38 0
9391 ORDER 4690 24 21 1 18 1
9392 ORDER 4691 37 24 22 37 0
9396 ORDER 4692 18 14 11 38 2
9399 ORDER 4693 28 14 1 28 0
9400 ORDER 4694 12 26 9 37 0
9401 ORDER 4695 41 21 1 6 1
9408 ORDER 4696 31 24 29 38 0
9410 ORDER 4697 27 24 1 23 3
9415 ORDER 4698 27 5 35 38 1
9416 ORDER 4699 35 20 2 24 0
9421 UNBLOCK 5 33
9424 ORDER 4700 42 8 23 38 0
9425 ORDER 4701 20 3 2 19 2
9427 ORDER 4702 21 3 1 28 1
9428 ORDER 4703 18 29 3 24 0
9428 BLOCK 32 5
9429 ORDER 4704 21 27 3 9 0
9430 ORDER 4705 41 27 1 16 3
9431 ORDER 4706 40 18 2 6 0
9432 UNBLOCK 33 33
9432 ORDER 4707 11 30 3 13 0
9434 ORDER 4708 17 32 2 23 0
9435 ORDER 4709 9 5 26 37 0
9436 ORDER 4710 27 27 1 32 0
9438 ORDER 4711 35 23 3 29 0
9439 ORDER 4712 11 23 2 38 0
9440 UNBLOCK 41 32
9440 ORDER 4713 42 18 44 37 0
9441 ORDER 4714 37 8 22 38 0
9442 ORDER 4715 22 14 2 22 0
9443 ORDER 4716 45 6 2 26 1
9444 ORDER 4717 19 14 13 38 1
9447 ORDER 4718 10 15 22 38 0
9450 ORDER 4719 32 26 30 37 0
9451 ORDER 4720 7 5 14 37 0
9452 BLOCK 10 29
9453 ORDER 4721 26 20 1 14 0
9456 UNBLOCK 32 5
9457 ORDER 4722 39 15 29 38 3
9458 ORDER 4723 17 11 1 16 0
9461 BLOCK 5 10
9462 BLOCK 39 12
9464 ORDER 4724 45 29 1 8 0
9464 BLOCK 33 29
9465 ORDER 4725 26 8 4 37 0
9467 ORDER 4726 20 27 1 8 0
9469 ORDER 4727 27 15 44 37 0
9470 ORDER 4728 26 3 8 37 0
9472 ORDER 4729 13 5 48 38 0
9474 CANCEL 4711
9474 ORDER 4730 9 26 9 38 3
9475 BLOCK 31 32
9477 ORDER 4731 8 20 5 37 1
9478 ORDER 4732 7 15 3 20 0
9479 ORDER 4733 13 3 2 22 1
9481 ORDER 4734 45 20 46 38 0
9483 CANCEL 4645
9483 ORDER 4735 38 11 7 37 0
9484 ORDER 4736 30 29 1 11 0
9486 BLOCK 19 18
9491 ORDER 4737 9 26 3 11 0
9494 ORDER 4738 16 35 3 30 2
9496 ORDER 4739 6 27 41 38 2
9496 BLOCK 22 20
9498 ORDER 4740 43 6 17 38 0
9499 ORDER 4741 31 18 1 17 1
9500 ORDER 4742 16 6 12 38 0
9501 ORDER 4743 22 14 2 20 0
9503 ORDER 4744 30 35 28 38 0
9507 ORDER 4745 30 32 1 12 0
9508 ORDER 4746 15 12 3 8 0
9513 ORDER 4747 24 30 45 37 0
9514 UNBLOCK 19 18
9519 ORDER 4748 7 24 19 38 1
9520 ORDER 4749 21 15 3 20 0
9524 ORDER 4750 19 32 25 37 0
9525 ORDER 4751 18 11 35 38 1
9527 ORDER 4752 27 24 2 17 0
9529 ORDER 4753 8 32 26 38 0
9530 ORDER 4754 6 17 14 37 0
9532 UNBLOCK 10 29
9532 ORDER 4755 9 23 3 15 0
9533 UNBLOCK 5 10
9534 ORDER 4756 17 14 2 22 0
9536 ORDER 4757 11 17 1 37 0
9539 ORDER 4758 36 35 3 30 1
9542 BLOCK 14 33
9545 ORDER 4759 7 3 6 37 0
9546 ORDER 4760 6 5 1 8 2
9547 ORDER 4761 15 11 23 37 0
9549 ORDER 4762 33 23 3 6 0
9551 BLOCK 14 8
9552 ORDER 4763 30 15 17 37 1
9554 ORDER 4764 7 18 1 11 1
9555 ORDER 4765 10 17 1 9 3
9557 ORDER 4766 44 14 1 6 3
9558 ORDER 4767 10 11 3 21 2
9561 UNBLOCK 22 20
9561 ORDER 4768 28 33 1 6 0
9562 CANCEL 4763
9563 CANCEL 4734
9563 ORDER 4769 44 14 3 23 0
9564 ORDER 4770 8 30 1 29 1
9566 ORDER 4771 37 21 31 38 0
9567 ORDER 4772 21 14 2 18 0
9568 ORDER 4773 31 11 3 10 1
9572 BLOCK 28 8
9573 BLOCK 15 38
9575 ORDER 4774 43 5 46 38 1
9575 BLOCK 5 2
9578 ORDER 4775 17 9 32 38 1
9579 ORDER 4776 23 24 3 3 3
9580 ORDER 4777 19 24 34 38 0
9582 ORDER 4778 17 35 2 18 1
9585 BLOCK 17 35
9586 CANCEL 4741
9586 ORDER 4779 18 20 3 23 3
9587 ORDER 4780 29 24 25 37 1
9587 BLOCK 11 37
9590 ORDER 4781 17 17 1 23 0
9591 ORDER 4782 35 5 26 37 1
9593 UNBLOCK 33 29
9593 UNBLOCK 14 8
9593 UNBLOCK 15 38
9593 BLOCK 11 27
9595 ORDER 4783 28 33 2 35 0
9596 ORDER 4784 20 6 24 38 1
9597 ORDER 4785 27 29 3 11 2
9599 ORDER 4786 38 27 2 6 0
9602 ORDER 4787 10 26 27 38 0
9603 UNBLOCK 31 32
9604 ORDER 4788 23 24 1 5 0
9607 ORDER 4789 28 32 2 33 0
9607 BLOCK 32 26
9608 ORDER 4790 22 27 25 37 0
9609 ORDER 4791 14 33 3 29 0
9610 UNBLOCK 39 12
9610 ORDER 4792 33 21 22 38 0
9612 ORDER 4793 28 24 15 38 0
9616 ORDER 4794 21 5 15 37 0
9616 CANCEL 104794
9617 ORDER 4795 26 35 29 37 0
9619 ORDER 4796 28 32 6 37 0
9621 ORDER 4797 23 12 27 37 0
9623 ORDER 4798 21 12 1 1 0
9625 ORDER 4799 8 6 1 28 0
9626 UNBLOCK 17 35
9629 ORDER 4800 31 15 1 13 2
9631 ORDER 4801 26 35 30 38 1
9633 UNBLOCK 14 33
9633 ORDER 4802 15 11 3 5 1
9633 BLOCK 23 29
9634 ORDER 4803 11 35 2 32 0
9635 ORDER 4804 28 27 3 24 1
9637 ORDER 4805 18 11 1 3 1
9638 ORDER 4806 34 27 3 38 3
9642 CANCEL 4753
9642 ORDER 4807 22 24 1 37 0
9645 ORDER 4808 19 35 44 38 2
9646 BLOCK 9 23
9647 ORDER 4809 18 24 1 29 0
9649 CANCEL 4797
9649 ORDER 4810 31 32 26 38 1
9650 ORDER 4811 24 5 15 38 0
9651 UNBLOCK 11 27
9653 ORDER 4812 16 32 1 35 0
9654 CANCEL 4722
9655 UNBLOCK 11 37
9656 ORDER 4813 28 32 3 3 0
9657 ORDER 4814 28 17 45 37 0
9660 ORDER 4815 45 20 1 29 0
9662 UNBLOCK 28 8
9662 ORDER 4816 7 15 3 30 1
9663 ORDER 4817 14 11 12 38 0
9664 CANCEL 4758
9664 ORDER 4818 21 35 3 16 2
9667 ORDER 4819 31 20 1 21 1
9673 ORDER 4820 24 17 32 38 0
9675 ORDER 4821 19 29 2 32 2
9679 ORDER 4822 26 3 25 38 0
9679 BLOCK 35 3
9680 ORDER 4823 26 3 38 38 3
9681 ORDER 4824 40 29 2 29 0
9681 BLOCK 27 15
9683 ORDER 4825 36 33 2 27 0
9685 ORDER 4826 34 8 2 14 0
9688 ORDER 4827 39 15 1 31 0
9689 UNBLOCK 9 23
9689 ORDER 4828 21 18 30 38 1
9691 ORDER 4829 12 12 34 37 0
9694 ORDER 4830 26 14 30 38 3
9696 UNBLOCK 32 26
9696 ORDER 4831 32 15 48 37 0
9697 ORDER 4832 32 8 29 37 0
9698 ORDER 4833 15 30 18 37 0
9700 ORDER 4834 39 15 21 37 0
9701 UNBLOCK 23 29
9704 ORDER 4835 26 23 13 38 2
9705 ORDER 4836 44 14 36 37 0
9706 ORDER 4837 6 3 7 37 3
9710 ORDER 4838 21 29 8 37 1
9711 BLOCK 40 3
9712 ORDER 4839 26 20 3 37 3
9713 UNBLOCK 5 2
9718 ORDER 4840 36 14 3 35 1
9726 ORDER 4841 9 3 46 37 1
9727 ORDER 4842 30 3 2 31 3
9730 ORDER 4843 6 29 1 4 0
9732 ORDER 4844 29 18 1 22 0
9733 ORDER 4845 21 18 7 38 0
9734 ORDER 4846 35 18 2 17 0
9736 ORDER 4847 44 27 3 12 3
9737 ORDER 4848 29 17 1 26 0
9738 ORDER 4849 30 20 37 37 1
9740 ORDER 4850 25 15 2 12 0
9742 BLOCK 22 17
9743 ORDER 4851 29 24 18 37 0
9745 ORDER 4852 38 23 1 3 1
9748 ORDER 4853 10 30 1 37 0
9748 CANCEL 104853
9749 ORDER 4854 37 3 48 37 0
9750 ORDER 4855 33 26 44 38 2
9750 BLOCK 40 26
9753 ORDER 4856 42 18 46 37 3
9754 ORDER 4857 9 5 2 5 1
9755 ORDER 4858 32 15 3 32 0
9757 ORDER 4859 16 27 25 38 2
9758 ORDER 4860 30 15 3 7 1
9761 ORDER 4861 27 21 39 37 1
9762 CANCEL 4827
9763 BLOCK 25 25
9765 ORDER 4862 33 8 41 37 0
9766 ORDER 4863 31 17 17 37 0
9767 BLOCK 16 24
9768 ORDER 4864 6 32 12 38 0
9769 UNBLOCK 22 17
9771 ORDER 4865 38 15 2 36 0
9772 ORDER 4866 32 23 3 38 2
9774 UNBLOCK 40 3
9774 ORDER 4867 6 35 47 37 1
9778 ORDER 4868 41 23 3 1 2
9779 ORDER 4869 39 29 8 37 0
9780 ORDER 4870 13 24 1 10 0
9781 ORDER 4871 31 18 2 31 0
9782 ORDER 4872 10 18 39 38 2
9783 ORDER 4873 18 32 31 37 1
9784 UNBLOCK 35 3
9784 ORDER 4874 36 23 3 16 0
9785 ORDER 4875 16 35 2 32 0
9786 ORDER 4876 43 17 8 37 1
9787 ORDER 4877 7 25 2 30 0
9789 ORDER 4878 27 5 29 37 0
9790 ORDER 4879 30 29 41 37 0
9792 ORDER 4880 32 14 1 25 0
9792 BLOCK 29 2
9794 ORDER 4881 42 24 3 8 0
9795 ORDER 4882 9 14 15 38 1
9798 ORDER 4883 10 26 2 15 0
9799 ORDER 4884 44 8 2 23 2
9800 ORDER 4885 10 24 2 14 1
9801 ORDER 4886 37 24 15 37 1
9803 ORDER 4887 30 26 2 2 2
9806 ORDER 4888 6 11 1 7 0
9809 ORDER 4889 36 12 28 38 0
9810 ORDER 4890 29 26 2 3 1
9813 ORDER 4891 9 20 41 37 0
9816 ORDER 4892 38 21 1 5 0
9817 ORDER 4893 18 20 13 38 0
9818 UNBLOCK 25 25
9819 UNBLOCK 27 15
9821 ORDER 4894 30 18 1 26 0
9822 ORDER 4895 23 14 5 37 0
9823 ORDER 4896 42 24 3 37 0
9824 UNBLOCK 40 26
9825 ORDER 4897 8 21 28 37 2
9826 ORDER 4898 16 30 2 32 0
9827 ORDER 4899 29 30 3 21 0
9829 ORDER 4900 45 35 1 26 0
9830 ORDER 4901 11 24 48 37 0
9831 ORDER 4902 35 9 3 27 0
9832 ORDER 4903 21 5 1 30 1
9834 ORDER 4904 27 23 12 37 2
9837 ORDER 4905 44 14 5 38 0
9838 ORDER 4906 34 35 39 38 1
9838 BLOCK 32 30
9839 ORDER 4907 12 30 3 5 0
9840 BLOCK 29 33
9842 ORDER 4908 14 11 3 36 0
9843 BLOCK 33 16
9844 ORDER 4909 8 32 1 14 0
9847 BLOCK 45 9
9848 CANCEL 4818
9850 ORDER 4910 43 8 20 37 1
9853 ORDER 4911 17 24 31 37 0
9854 ORDER 4912 32 24 2 4 0
9858 CANCEL 104912
9859 ORDER 4913 45 3 12 38 1
9861 ORDER 4914 31 18 2 34 2
9863 ORDER 4915 26 23 48 38 0
9864 ORDER 4916 28 17 35 38 0
9866 ORDER 4917 16 3 3 25 3
9867 ORDER 4918 41 29 3 32 3
9868 ORDER 4919 17 18 19 38 0
9869 ORDER 4920 25 29 1 6 0
9870 ORDER 4921 39 27 45 37 1
9871 ORDER 4922 40 24 41 38 0
9873 ORDER 4923 17 23 23 38 0
9875 ORDER 4924 17 6 3 30 0
9876 UNBLOCK 45 9
9876 ORDER 4925 37 33 1 22 1
9878 ORDER 4926 19 9 1 2 0
9879 ORDER 4927 9 17 3 19 0
9880 ORDER 4928 27 27 33 37 0
9881 ORDER 4929 10 9 9 37 0
9883 CANCEL 4863
9883 ORDER 4930 17 29 46 37 2
9884 ORDER 4931 44 29 3 7 0
9885 ORDER 4932 11 3 43 38 1
9886 ORDER 4933 39 11 38 37 1
9887 BLOCK 28 15
9889 CANCEL 4849
9890 ORDER 4934 25 17 3 13 1
9891 ORDER 4935 31 21 3 18 1
9892 ORDER 4936 38 26 2 20 1
9893 ORDER 4937 40 35 3 32 0
9894 ORDER 4938 43 23 1 18 0
9895 UNBLOCK 16 24
9896 ORDER 4939 20 12 1 19 1
9900 ORDER 4940 37 8 26 37 1
9903 CANCEL 4938
9905 UNBLOCK 29 2
9905 ORDER 4941 10 3 3 26 0
9907 ORDER 4942 8 33 9 38 1
9908 UNBLOCK 28 15
9908 ORDER 4943 16 35 3 10 0
9909 ORDER 4944 16 20 19 38 2
9917 ORDER 4945 30 5 3 7 1
9918 ORDER 4946 9 12 33 38 2
9919 ORDER 4947 10 33 16 37 0
9919 BLOCK 38 2
9920 ORDER 4948 13 3 37 37 1
9921 ORDER 4949 40 5 39 37 1
9922 ORDER 4950 6 11 3 14 0
9923 ORDER 4951 28 20 33 38 0
9924 ORDER 4952 38 32 39 38 0
9925 CANCEL 4871
9925 BLOCK 7 12
9926 ORDER 4953 29 29 10 37 0
9926 BLOCK 45 10
9929 UNBLOCK 29 33
9930 ORDER 4954 39 15 3 27 0
9933 ORDER 4955 25 5 1 27 0
9935 ORDER 4956 26 20 9 38 2
9939 UNBLOCK 33 16
9940 ORDER 4957 21 17 36 38 2
9940 BLOCK 6 38
9941 UNBLOCK 32 30
9941 ORDER 4958 28 29 1 22 1
9942 ORDER 4959 17 20 27 37 0
9943 ORDER 4960 10 15 1 11 0
9947 ORDER 4961 31 11 2 20 0
9950 ORDER 4962 41 24 42 38 0
9951 ORDER 4963 36 3 3 18 0
9953 ORDER 4964 8 23 45 37 1
9955 ORDER 4965 15 11 15 38 0
9956 ORDER 4966 8 20 3 28 1
9956 BLOCK 33 4
9957 ORDER 4967 37 26 1 20 0
9958 ORDER 4968 15 11 33 38 0
9960 ORDER 4969 10 15 29 37 1
9961 ORDER 4970 35 11 1 38 3
9962 UNBLOCK 45 10
9964 ORDER 4971 9 8 29 38 0
9965 ORDER 4972 8 9 3 25 0
9966 ORDER 4973 19 14 1 11 1
9967 ORDER 4974 7 11 9 37 1
9968 ORDER 4975 9 30 2 9 1
9971 ORDER 4976 12 29 3 17 0
9972 ORDER 4977 23 30 10 37 0
9976 ORDER 4978 35 6 1 18 0
9977 ORDER 4979 8 9 26 37 1
9978 ORDER 4980 7 33 5 38 0
9979 ORDER 4981 6 33 18 38 1
9980 UNBLOCK 6 38
9982 ORDER 4982 26 6 2 24 0
9984 ORDER 4983 9 12 8 38 0
9985 ORDER 4984 31 3 34 38 0
9987 ORDER 4985 7 9 3 34 1
9988 ORDER 4986 35 27 1 31 1
9989 ORDER 4987 7 3 5 37 0
9990 ORDER 4988 16 33 3 14 1
9991 ORDER 4989 25 30 1 35 1
9993 UNBLOCK 7 12
9995 ORDER 4990 45 29 7 38 1
9999 ORDER 4991 34 11 1 35 0
10000 ORDER 4992 41 29 31 38 0
10002 ORDER 4993 13 5 3 18 1
10003 ORDER 4994 23 12 9 37 1
10005 ORDER 4995 42 26 46 37 1
10006 UNBLOCK 38 2
10006 ORDER 4996 17 26 10 38 0
10007 ORDER 4997 31 23 21 37 0
10007 BLOCK 23 15
10008 ORDER 4998 33 27 3 26 1
10008 BLOCK 39 35
10010 ORDER 4999 41 17 2 19 0
10011 ORDER 5000 40 14 1 3 0
10012 ORDER 5001 27 24 2 22 0
10018 ORDER 5002 9 24 14 37 3
10020 ORDER 5003 45 33 3 19 0
10021 ORDER 5004 6 27 38 38 1
10022 ORDER 5005 6 5 8 37 0
10024 ORDER 5006 20 26 1 37 2
10025 ORDER 5007 16 29 14 38 1
10026 ORDER 5008 38 27 37 37 0
10028 ORDER 5009 18 17 1 17 1
10029 ORDER 5010 37 20 27 37 0
10029 BLOCK 13 36
10030 ORDER 5011 39 33 1 1 1
10031 CANCEL 4903
10036 ORDER 5012 15 32 30 38 1
10038 ORDER 5013 13 26 5 37 0
10040 ORDER 5014 30 14 3 32 1
10042 ORDER 5015 36 5 1 12 0
10045 UNBLOCK 33 4
10045 ORDER 5016 39 29 1 28 0
10046 ORDER 5017 36 27 2 25 1
10047 ORDER 5018 30 30 28 37 1
10048 ORDER 5019 35 20 13 38 1
10050 ORDER 5020 27 8 25 38 0
10053 ORDER 5021 17 11 3 24 0
10054 ORDER 5022 27 9 33 38 0
10055 ORDER 5023 8 3 1 5 0
10056 ORDER 5024 13 5 26 38 0
10057 ORDER 5025 34 8 3 27 0
10058 ORDER 5026 12 5 10 37 2
10062 ORDER 5027 41 33 15 37 0
10063 ORDER 5028 43 6 9 37 3
10064 ORDER 5029 35 17 26 38 3
10065 ORDER 5030 20 27 41 37 1
10067 ORDER 5031 36 35 33 38 0
10068 ORDER 5032 12 27 3 34 1
10070 ORDER 5033 19 12 35 37 0
10071 ORDER 5034 19 30 27 38 0
10072 ORDER 5035 34 6 1 1 0
10077 CANCEL 4949
10077 ORDER 5036 42 24 24 38 0
10079 ORDER 5037 35 21 2 37 0
10080 ORDER 5038 7 26 34 37 3
10082 ORDER 5039 18 12 1 8 0
10083 ORDER 5040 6 17 3 3 2
10085 ORDER 5041 22 24 3 3 1
10086 ORDER 5042 10 14 1 21 0
10089 ORDER 5043 10 21 22 38 0
10091 ORDER 5044 27 17 2 34 1
10092 ORDER 5045 31 3 2 33 0
10095 ORDER 5046 27 6 2 30 1
10096 ORDER 5047 18 35 38 38 0
10098 ORDER 5048 42 17 1 8 2
10099 BLOCK 44 30
10100 ORDER 5049 6 5 1 9 0
10101 CANCEL 5000
10101 BLOCK 8 27
10105 CANCEL 5007
10107 BLOCK 38 20
10108 ORDER 5050 39 35 2 21 0
10110 ORDER 5051 29 12 35 37 0
10111 ORDER 5052 28 29 8 38 0
10112 ORDER 5053 32 12 11 38 2
10113 ORDER 5054 20 17 46 38 2
10115 ORDER 5055 6 30 2 11 3
10117 ORDER 5056 34 27 29 38 0
10118 ORDER 5057 31 30 3 38 0
10119 UNBLOCK 23 15
10119 ORDER 5058 8 23 2 34 0
10121 ORDER 5059 15 23 37 38 0
10122 UNBLOCK 44 30
10122 ORDER 5060 33 8 3 32 3
10126 ORDER 5061 31 3 1 7 3
10129 UNBLOCK 39 35
10130 ORDER 5062 25 27 45 38 0
10131 ORDER 5063 41 8 6 37 2
10132 BLOCK 14 9
10134 ORDER 5064 41 33 3 30 1
10136 ORDER 5065 11 12 24 37 0
10137 ORDER 5066 28 17 2 12 0
10138 ORDER 5067 9 29 2 25 0
10144 ORDER 5068 25 5 2 31 0
10145 CANCEL 4986
10145 ORDER 5069 10 3 38 37 1
10146 UNBLOCK 38 20
10147 ORDER 5070 10 14 3 31 0
10148 ORDER 5071 7 24 8 38 0
10149 ORDER 5072 13 27 2 4 0
10150 ORDER 5073 45 32 2 37 0
10151 BLOCK 6 11
10152 ORDER 5074 22 24 33 37 0
10153 ORDER 5075 30 33 1 11 3
10155 ORDER 5076 11 24 3 13 0
10156 ORDER 5077 10 26 1 27 0
10157 ORDER 5078 36 35 17 38 0
10158 UNBLOCK 8 27
10159 ORDER 5079 18 15 1 15 0
10160 ORDER 5080 12 26 1 20 0
10163 ORDER 5081 21 27 45 37 0
10164 ORDER 5082 24 11 1 34 0
10165 ORDER 5083 39 29 1 15 0
10166 ORDER 5084 18 18 3 18 1
10167 ORDER 5085 24 17 21 37 1
10168 ORDER 5086 43 23 2 7 3
10169 UNBLOCK 13 36
10169 ORDER 5087 38 11 3 10 1
10171 CANCEL 5051
10173 ORDER 5088 21 26 43 38 0
10174 ORDER 5089 17 24 3 25 0
10175 ORDER 5090 17 18 24 37 1
10180 ORDER 5091 33 29 31 38 0
10180 BLOCK 33 31
10181 ORDER 5092 33 9 2 16 0
10185 ORDER 5093 28 19 1 14 0
10186 ORDER 5094 42 17 23 37 0
10189 ORDER 5095 28 20 47 38 0
10192 ORDER 5096 27 24 3 3 1
10194 BLOCK 15 17
10195 ORDER 5097 26 15 24 38 0
10196 BLOCK 33 3
10198 ORDER 5098 35 29 7 37 0
10199 ORDER 5099 44 14 36 38 2
10200 ORDER 5100 6 30 1 30 0
10205 ORDER 5101 24 35 30 38 1
10206 ORDER 5102 27 14 2 10 2
10207 ORDER 5103 41 12 29 38 0
10209 UNBLOCK 33 31
10210 ORDER 5104 19 30 3 10 0
10212 ORDER 5105 37 35 1 27 1
10213 ORDER 5106 14 26 18 37 0
10216 ORDER 5107 13 5 1 38 0
10217 ORDER 5108 43 8 2 4 0
10222 ORDER 5109 15 21 19 37 0
10224 ORDER 5110 34 30 3 32 0
10225 ORDER 5111 36 23 3 15 0
10227 ORDER 5112 11 24 10 38 0
10228 ORDER 5113 34 35 1 17 0
10229 ORDER 5114 36 6 2 24 0
10230 ORDER 5115 7 6 7 37 1
10233 ORDER 5116 26 29 2 18 0
10233 BLOCK 23 6
10234 ORDER 5117 33 27 2 5 2
10237 BLOCK 13 30
10238 ORDER 5118 28 27 2 35 1
10240 ORDER 5119 29 8 48 38 0
10241 ORDER 5120 26 33 34 37 0
10242 ORDER 5121 20 18 38 38 0
10244 ORDER 5122 31 26 48 38 0
10247 ORDER 5123 11 29 3 5 2
10248 ORDER 5124 31 15 2 7 0
10249 UNBLOCK 6 11
10250 ORDER 5125 34 27 3 10 0
10252 ORDER 5126 9 23 1 8 3
10256 ORDER 5127 7 21 3 7 0
10257 ORDER 5128 15 32 4 38 0
10258 ORDER 5129 39 35 27 37 0
10259 BLOCK 31 7
10260 ORDER 5130 16 18 3 4 0
10264 ORDER 5131 13 26 13 37 2
10266 UNBLOCK 15 17
10266 ORDER 5132 37 20 2 24 2
10267 UNBLOCK 14 9
10274 ORDER 5133 10 12 5 38 1
10275 BLOCK 8 2
10276 ORDER 5134 12 14 11 38 0
10278 BLOCK 37 11
10280 ORDER 5135 28 20 3 8 0
10283 ORDER 5136 32 5 26 38 0
10284 ORDER 5137 45 6 24 37 0
10286 ORDER 5138 6 30 8 37 1
10288 UNBLOCK 13 30
10290 ORDER 5139 21 6 1 9 0
10291 ORDER 5140 18 20 41 37 0
10292 ORDER 5141 45 27 1 26 0
10293 ORDER 5142 40 35 2 11 0
10295 ORDER 5143 11 9 42 38 3
10296 ORDER 5144 42 6 41 37 0
10300 ORDER 5145 9 32 1 14 1
10301 ORDER 5146 40 20 7 38 0
10302 ORDER 5147 17 32 1 11 0
10307 ORDER 5148 10 5 3 36 0
10308 ORDER 5149 39 15 1 8 0
10310 ORDER 5150 37 15 28 37 0
10311 ORDER 5151 40 12 28 37 2
10312 ORDER 5152 24 23 1 22 0
10313 ORDER 5153 43 15 1 10 0
10314 ORDER 5154 29 33 33 38 0
10316 ORDER 5155 26 20 2 10 1
10317 ORDER 5156 6 24 3 7 0
10318 ORDER 5157 6 9 2 32 1
10320 ORDER 5158 44 5 47 37 0
10321 ORDER 5159 28 35 41 37 3
10322 ORDER 5160 38 6 25 37 1
10323 BLOCK 30 11
10324 ORDER 5161 26 21 15 37 1
10326 UNBLOCK 8 2
10326 ORDER 5162 36 15 18 38 1
10328 ORDER 5163 45 8 26 38 0
10329 ORDER 5164 25 23 3 24 0
10331 UNBLOCK 23 6
10333 ORDER 5165 18 6 2 38 2
10335 ORDER 5166 11 6 2 25 1
10341 ORDER 5167 39 3 36 37 0
10342 UNBLOCK 33 3
10345 ORDER 5168 17 15 37 38 1
10346 ORDER 5169 20 23 1 1 3
10347 ORDER 5170 29 17 28 37 0
10350 ORDER 5171 30 32 3 3 2
10351 ORDER 5172 38 21 30 37 0
10352 UNBLOCK 31 7
10352 ORDER 5173 6 3 19 38 0
10358 ORDER 5174 25 27 43 37 3
10359 CANCEL 5097
10361 ORDER 5175 42 15 32 37 0
10364 ORDER 5176 7 30 2 4 1
10365 ORDER 5177 41 17 10 38 0
10367 ORDER 5178 40 18 39 38 0
10368 ORDER 5179 32 12 34 38 0
10371 ORDER 5180 32 24 29 37 0
10372 ORDER 5181 7 20 3 33 2
10374 ORDER 5182 39 12 3 27 1
10376 UNBLOCK 37 11
10376 ORDER 5183 30 32 43 37 0
10378 ORDER 5184 18 23 26 38 0
10380 ORDER 5185 33 6 48 37 1
10381 ORDER 5186 10 8 23 37 0
10383 ORDER 5187 29 6 40 37 0
10386 ORDER 5188 41 15 2 22 0
10390 ORDER 5189 17 12 3 31 0
10391 ORDER 5190 25 15 38 37 0
10392 ORDER 5191 28 21 15 37 2
10393 ORDER 5192 18 29 28 38 0
10394 ORDER 5193 23 21 13 37 3
10395 ORDER 5194 6 30 3 29 0
10396 ORDER 5195 25 27 27 37 0
10398 ORDER 5196 18 8 1 17 0
10399 ORDER 5197 32 14 2 13 3
10402 ORDER 5198 6 33 28 37 2
10404 ORDER 5199 28 3 3 28 2
10405 CANCEL 5137
10406 ORDER 5200 35 32 1 35 0
10408 ORDER 5201 30 20 3 31 1
10410 ORDER 5202 26 29 3 13 1
10411 ORDER 5203 6 8 1 11 0
10412 ORDER 5204 17 26 3 34 0
10413 ORDER 5205 29 5 3 29 0
10415 ORDER 5206 39 17 2 5 1
10415 BLOCK 40 26
10416 ORDER 5207 30 17 2 31 0
10418 ORDER 5208 15 30 2 28 0
10419 ORDER 5209 21 8 2 2 0
10420 ORDER 5210 37 6 34 38 0
10422 ORDER 5211 17 14 31 37 3
10423 ORDER 5212 11 35 3 5 0
10424 ORDER 5213 41 23 9 38 1
10425 ORDER 5214 15 32 2 5 1
10426 ORDER 5215 22 18 1 24 0
10428 ORDER 5216 30 33 2 9 0
10429 ORDER 5217 15 30 7 37 1
10431 ORDER 5218 34 29 30 37 0
10434 ORDER 5219 12 15 1 16 1
10435 ORDER 5220 12 15 37 37 0
10436 ORDER 5221 37 26 7 38 3
10438 ORDER 5222 27 21 2 19 0
10440 ORDER 5223 32 12 48 37 1
10442 ORDER 5224 15 12 10 38 0
10443 ORDER 5225 37 27 31 38 3
10443 BLOCK 7 37
10444 ORDER 5226 18 35 3 16 0
10449 ORDER 5227 28 15 1 13 0
10451 UNBLOCK 30 11
10452 ORDER 5228 29 5 23 38 0
10453 ORDER 5229 19 21 36 37 0
10454 ORDER 5230 11 5 28 38 0
10455 ORDER 5231 44 35 28 38 0
10457 ORDER 5232 26 20 26 38 3
10458 ORDER 5233 41 27 1 37 2
10459 ORDER 5234 11 5 1 16 0
10461 ORDER 5235 44 12 8 37 2
10464 CANCEL 5166
10464 ORDER 5236 42 24 4 37 1
10465 UNBLOCK 40 26
10465 ORDER 5237 27 21 40 37 1
10468 BLOCK 45 6
10469 ORDER 5238 9 30 20 37 0
10470 ORDER 5239 13 29 2 28 1
10471 ORDER 5240 7 26 9 38 0
10472 CANCEL 5184
10472 ORDER 5241 41 18 3 23 1
10474 ORDER 5242 7 18 41 38 2
10475 ORDER 5243 39 20 3 20 1
10476 ORDER 5244 8 14 3 24 0
10477 ORDER 5245 28 8 17 37 0
10478 ORDER 5246 42 21 42 37 1
10478 BLOCK 31 15
10483 ORDER 5247 8 3 3 27 1
10484 ORDER 5248 13 24 13 37 0
10486 ORDER 5249 38 23 11 37 1
10487 ORDER 5250 22 29 3 5 1
10487 BLOCK 42 17
10488 UNBLOCK 7 37
10489 ORDER 5251 29 18 3 21 0
10491 ORDER 5252 19 29 8 37 0
10492 ORDER 5253 25 17 39 38 0
10494 ORDER 5254 19 9 3 2 0
10496 ORDER 5255 39 14 3 29 2
10499 CANCEL 5200
10499 ORDER 5256 19 20 25 37 0
10500 ORDER 5257 32 24 2 6 1
10501 ORDER 5258 35 32 45 37 0
10508 ORDER 5259 8 20 3 27 2
10509 ORDER 5260 15 15 28 38 0
10510 ORDER 5261 19 5 3 28 1
10511 ORDER 5262 9 23 47 37 2
10514 ORDER 5263 24 24 5 37 1
10516 ORDER 5264 37 23 10 38 0
10520 UNBLOCK 31 15
10520 ORDER 5265 22 27 31 37 1
10522 ORDER 5266 11 17 20 37 3
10525 ORDER 5267 42 6 1 20 0
10527 ORDER 5268 38 27 35 38 0
10530 ORDER 5269 11 33 25 37 0
10531 ORDER 5270 38 21 1 31 1
10532 ORDER 5271 26 17 2 28 0
10533 ORDER 5272 17 11 9 38 0
10534 ORDER 5273 6 14 5 37 0
10535 ORDER 5274 28 30 6 37 1
10537 ORDER 5275 26 12 1 16 3
10539 ORDER 5276 42 8 3 32 1
10540 CANCEL 5196
10540 ORDER 5277 12 8 2 21 1
10541 ORDER 5278 25 5 1 5 1
10544 ORDER 5279 31 21 20 37 0
10545 ORDER 5280 40 5 17 38 0
10547 ORDER 5281 16 17 1 36 0
10550 ORDER 5282 12 21 2 10 0
10550 BLOCK 8 29
10551 UNBLOCK 45 6
10551 ORDER 5283 28 30 5 37 0
10552 ORDER 5284 30 12 3 32 1
10553 ORDER 5285 38 24 10 37 0
10554 ORDER 5286 13 24 1 26 3
10556 ORDER 5287 23 14 40 37 1
10558 CANCEL 5236
10558 ORDER 5288 27 33 3 22 0
10560 CANCEL 5252
10560 ORDER 5289 33 14 3 8 0
10560 BLOCK 34 1
10561 ORDER 5290 45 33 3 25 0
10562 ORDER 5291 22 12 2 32 0
10563 ORDER 5292 9 27 3 38 0
10564 ORDER 5293 19 35 26 38 0
10568 UNBLOCK 42 17
10569 ORDER 5294 27 5 1 12 0
10570 ORDER 5295 39 9 3 1 0
10571 ORDER 5296 24 26 1 36 0
10574 ORDER 5297 18 27 45 37 0
10576 ORDER 5298 28 17 32 37 1
10581 UNBLOCK 8 29
10581 ORDER 5299 11 30 3 37 0
10582 ORDER 5300 29 29 15 38 1
10583 ORDER 5301 33 11 23 38 0
10584 ORDER 5302 11 26 2 27 0
10585 ORDER 5303 16 21 32 38 1
10587 ORDER 5304 21 8 3 29 0
10591 ORDER 5305 35 17 3 17 0
10594 ORDER 5306 45 33 1 7 1
10594 BLOCK 34 33
10595 ORDER 5307 22 26 1 38 3
10597 ORDER 5308 12 23 3 17 0
10598 ORDER 5309 10 30 15 37 1
10599 ORDER 5310 10 18 2 8 0
10600 ORDER 5311 12 27 27 38 2
10601 ORDER 5312 13 6 1 34 0
10602 ORDER 5313 27 6 39 38 0
10603 ORDER 5314 26 9 33 37 0
10604 ORDER 5315 6 24 7 37 0
10605 ORDER 5316 39 3 17 38 0
10606 UNBLOCK 34 1
10606 ORDER 5317 11 32 34 37 0
10610 ORDER 5318 8 21 46 37 0
10611 BLOCK 44 1
10613 BLOCK 14 24
10614 ORDER 5319 24 17 1 7 1
10615 ORDER 5320 11 5 2 17 0
10616 BLOCK 33 30
10618 ORDER 5321 32 26 14 37 0
10619 ORDER 5322 44 35 36 38 0
10620 ORDER 5323 15 12 1 18 0
10621 ORDER 5324 11 3 3 22 1
10622 BLOCK 11 9
10623 ORDER 5325 40 20 2 4 0
10625 ORDER 5326 42 9 2 25 1
10626 ORDER 5327 16 18 3 26 0
10627 ORDER 5328 35 17 19 38 1
10630 ORDER 5329 43 17 3 27 3
10631 ORDER 5330 44 12 1 19 1
10632 ORDER 5331 9 23 43 38 1
10633 ORDER 5332 13 20 16 37 0
10635 ORDER 5333 6 33 2 11 1
10637 UNBLOCK 14 24
10637 ORDER 5334 23 20 3 11 1
10637 BLOCK 31 37
10641 CANCEL 5267
10642 ORDER 5335 34 27 3 24 1
10645 ORDER 5336 27 32 23 37 0
10646 ORDER 5337 44 23 3 17 0
10648 ORDER 5338 32 21 22 38 3
10650 ORDER 5339 43 24 3 3 0
10651 ORDER 5340 16 20 22 38 0
10652 ORDER 5341 37 35 3 14 0
10654 ORDER 5342 24 9 3 10 1
10654 BLOCK 11 37
10656 ORDER 5343 20 21 1 27 0
10657 ORDER 5344 30 3 1 32 0
10658 ORDER 5345 17 30 15 38 3
10662 ORDER 5346 19 21 3 11 0
10664 ORDER 5347 9 17 42 38 1
10665 ORDER 5348 20 6 2 35 0
10668 ORDER 5349 12 21 9 37 0
10670 ORDER 5350 7 29 40 38 0
10671 CANCEL 5317
10672 ORDER 5351 34 11 9 37 0
10675 ORDER 5352 10 17 1 26 1
10677 ORDER 5353 16 14 42 38 0
10679 ORDER 5354 27 11 3 23 0
10680 ORDER 5355 25 9 3 27 0
10681 ORDER 5356 37 5 9 37 1
10682 ORDER 5357 9 27 3 14 2
10683 ORDER 5358 22 20 32 37 0
10684 ORDER 5359 13 6 43 37 0
10688 ORDER 5360 8 21 6 37 0
10689 UNBLOCK 33 30
10691 ORDER 5361 32 17 2 1 0
10692 ORDER 5362 6 29 47 38 0
10693 ORDER 5363 16 20 1 21 0
10694 UNBLOCK 44 1
10696 ORDER 5364 21 5 32 38 0
10697 CANCEL 5274
10698 ORDER 5365 17 12 5 38 2
10702 ORDER 5366 43 11 32 37 0
10708 ORDER 5367 26 5 14 38 0
10712 ORDER 5368 43 15 1 22 3
10713 UNBLOCK 34 33
10713 ORDER 5369 26 20 2 25 0
10716 ORDER 5370 29 14 1 34 1
10716 BLOCK 31 30
10717 ORDER 5371 16 23 3 16 0
10718 CANCEL 105371
10719 ORDER 5372 10 29 2 30 0
10720 ORDER 5373 23 21 3 10 1
10721 ORDER 5374 32 26 33 38 1
10724 ORDER 5375 6 33 2 30 0
10725 ORDER 5376 37 23 22 38 0
10726 ORDER 5377 41 24 30 37 1
10726 BLOCK 25 5
10727 CANCEL 5303
10729 ORDER 5378 30 24 2 29 2
10732 ORDER 5379 10 5 3 11 1
10733 ORDER 5380 8 24 3 38 3
10737 ORDER 5381 6 5 3 25 0
10738 ORDER 5382 36 17 2 16 0
10739 ORDER 5383 37 17 3 9 1
10740 ORDER 5384 44 24 21 37 0
10743 ORDER 5385 32 3 28 37 0
10744 ORDER 5386 39 20 1 38 1
10748 ORDER 5387 15 30 13 37 1
10750 ORDER 5388 12 21 2 21 1
10751 ORDER 5389 41 11 1 31 0
10751 BLOCK 10 2
10752 ORDER 5390 43 17 1 13 3
10754 ORDER 5391 9 32 1 9 2
10755 ORDER 5392 31 23 21 38 2
10758 BLOCK 43 28
10759 UNBLOCK 11 9
10759 ORDER 5393 26 27 43 38 1
10760 ORDER 5394 41 15 15 37 0
10761 ORDER 5395 22 26 2 38 0
10762 ORDER 5396 26 8 2 4 0
10766 ORDER 5397 45 14 24 37 0
10767 ORDER 5398 23 9 1 2 0
10768 ORDER 5399 17 29 6 37 1
10770 ORDER 5400 26 5 1 6 0
10772 ORDER 5401 17 33 48 38 0
10773 ORDER 5402 26 35 2 11 0
10774 UNBLOCK 31 37
10774 ORDER 5403 8 29 1 32 0
10775 ORDER 5404 13 18 2 6 1
10778 ORDER 5405 26 3 38 38 0
10779 ORDER 5406 30 35 1 27 0
10782 ORDER 5407 37 6 27 38 0
10783 CANCEL 5331
10786 ORDER 5408 36 8 2 12 0
10787 BLOCK 16 29
10789 ORDER 5409 11 14 2 29 0
10790 UNBLOCK 11 37
10790 ORDER 5410 44 24 2 16 1
10791 ORDER 5411 11 32 45 38 2
10792 ORDER 5412 29 29 3 1 0
10793 CANCEL 5306
10793 ORDER 5413 24 5 3 15 0
10795 ORDER 5414 17 20 31 37 0
10796 UNBLOCK 31 30
10799 CANCEL 5367
10800 ORDER 5415 29 35 2 32 0
10803 CANCEL 5359
10805 ORDER 5416 20 5 1 26 1
10809 ORDER 5417 33 12 3 19 3
10810 ORDER 5418 6 21 31 38 0
10811 ORDER 5419 42 23 1 5 0
10813 ORDER 5420 20 12 12 37 1
10815 ORDER 5421 7 35 1 21 0
10816 BLOCK 32 31
10818 ORDER 5422 7 35 37 38 1
10822 UNBLOCK 25 5
10823 ORDER 5423 16 5 5 38 0
10825 CANCEL 5413
10827 ORDER 5424 43 11 31 37 1
10829 ORDER 5425 10 35 3 16 1
10832 ORDER 5426 12 26 1 5 1
10833 ORDER 5427 8 33 34 37 0
10835 ORDER 5428 45 6 1 2 0
10836 ORDER 5429 15 11 27 37 1
10837 ORDER 5430 11 33 3 29 1
10838 BLOCK 8 2
10841 ORDER 5431 20 18 3 20 0
10843 ORDER 5432 18 35 3 38 1
10844 ORDER 5433 29 6 41 38 0
10844 BLOCK 41 29
10845 UNBLOCK 43 28
10849 ORDER 5434 9 14 3 10 0
10851 ORDER 5435 6 23 31 38 0
10853 ORDER 5436 17 9 32 38 0
10854 ORDER 5437 25 35 5 38 0
10855 CANCEL 5412
10856 ORDER 5438 8 23 2 11 0
10859 ORDER 5439 17 9 14 38 2
10859 BLOCK 13 23
10862 ORDER 5440 21 5 18 38 0
10863 ORDER 5441 13 3 2 34 1
10864 BLOCK 35 3
10865 ORDER 5442 16 17 2 16 0
10868 BLOCK 28 29
10870 ORDER 5443 8 26 3 38 2
10872 ORDER 5444 29 12 2 30 0
10873 UNBLOCK 16 29
10874 UNBLOCK 10 2
10875 ORDER 5445 44 14 14 38 1
10876 ORDER 5446 37 14 1 8 0
10879 ORDER 5447 10 20 32 38 0
10881 ORDER 5448 38 29 3 33 1
10882 ORDER 5449 6 33 24 37 0
10883 ORDER 5450 28 8 38 38 0
10886 ORDER 5451 29 20 20 38 1
10888 ORDER 5452 18 8 2 5 0
10890 ORDER 5453 41 8 2 28 0
10893 UNBLOCK 35 3
10894 ORDER 5454 37 18 2 37 2
10895 ORDER 5455 29 18 7 38 0
10898 ORDER 5456 31 24 30 38 1
10899 ORDER 5457 17 5 16 38 0
10901 ORDER 5458 19 24 14 37 0
10903 ORDER 5459 11 20 3 10 0
10905 ORDER 5460 45 29 1 21 3
10906 ORDER 5461 12 29 2 25 0
10912 ORDER 5462 34 32 1 32 2
10913 ORDER 5463 37 8 38 38 0
10914 ORDER 5464 13 20 42 38 1
10915 ORDER 5465 37 27 3 22 1
10916 ORDER 5466 19 12 2 9 0
10919 ORDER 5467 9 33 1 33 0
10922 ORDER 5468 29 12 6 38 2
10923 ORDER 5469 8 14 2 2 0
10924 CANCEL 5394
10924 ORDER 5470 10 35 2 21 0
10925 ORDER 5471 23 21 3 8 1
10926 ORDER 5472 30 29 17 37 0
10928 ORDER 5473 26 23 41 37 1
10929 ORDER 5474 26 14 3 21 0
10932 ORDER 5475 15 15 5 37 0
10933 BLOCK 36 24
10934 ORDER 5476 39 33 1 12 1
10935 UNBLOCK 32 31
10936 ORDER 5477 36 21 37 37 3
10937 ORDER 5478 34 29 2 34 0
10939 ORDER 5479 25 32 1 35 0
10939 BLOCK 22 38
10940 CANCEL 5423
10940 UNBLOCK 41 29
10945 ORDER 5480 27 18 35 38 2
10946 ORDER 5481 36 24 2 33 2
10947 ORDER 5482 28 34 6 37 0
10948 ORDER 5483 25 21 28 38 2
10949 ORDER 5484 40 35 1 30 0
10950 ORDER 5485 8 26 1 16 2
10952 UNBLOCK 8 2
10952 ORDER 5486 16 5 2 6 1
10953 ORDER 5487 13 8 3 20 0
10954 ORDER 5488 43 17 22 38 0
10955 ORDER 5489 22 18 2 23 0
10956 ORDER 5490 32 17 3 16 2
10958 ORDER 5491 26 12 2 6 0
10959 ORDER 5492 18 6 22 38 1
10960 ORDER 5493 36 15 30 38 1
10961 ORDER 5494 32 11 11 37 1
10962 UNBLOCK 28 29
10963 ORDER 5495 25 17 32 38 0
10966 BLOCK 22 24
10967 ORDER 5496 17 33 24 38 0
10968 ORDER 5497 29 29 18 38 0
10969 ORDER 5498 20 17 20 38 1
10970 ORDER 5499 28 32 1 34 0
10971 ORDER 5500 36 21 2 37 0
10972 ORDER 5501 15 30 3 21 1
10976 ORDER 5502 10 11 1 5 1
10979 ORDER 5503 24 23 47 37 1
10981 UNBLOCK 13 23
10982 ORDER 5504 41 14 1 32 0
10984 ORDER 5505 32 5 24 38 0
10990 ORDER 5506 29 29 31 37 2
10991 ORDER 5507 19 18 3 15 3
10995 ORDER 5508 7 9 3 8 0
10996 ORDER 5509 19 6 2 11 0
10997 ORDER 5510 8 21 3 6 0
10999 ORDER 5511 38 24 34 38 0
10999 BLOCK 16 36
11002 ORDER 5512 44 14 1 33 2
11002 BLOCK 6 27
11004 ORDER 5513 17 27 1 10 0
11005 ORDER 5514 42 17 1 7 0
11013 ORDER 5515 23 20 2 25 3
11014 ORDER 5516 10 8 3 34 0
11016 ORDER 5517 10 20 48 38 0
11020 BLOCK 21 6
11022 ORDER 5518 44 33 1 6 0
11024 ORDER 5519 20 21 3 36 3
11026 ORDER 5520 36 32 1 13 0
11029 ORDER 5521 21 24 35 38 2
11030 UNBLOCK 22 24
11031 ORDER 5522 13 29 2 28 0
11038 ORDER 5523 28 8 7 37 3
11040 ORDER 5524 45 21 6 37 3
11041 ORDER 5525 29 27 47 38 0
11044 BLOCK 35 23
11045 ORDER 5526 11 6 2 21 0
11047 ORDER 5527 22 12 2 5 0
11048 ORDER 5528 36 33 7 38 0
11049 ORDER 5529 39 3 15 38 0
11052 ORDER 5530 7 26 26 38 1
11052 BLOCK 11 12
11053 ORDER 5531 35 33 1 24 0
11054 BLOCK 44 6
11055 UNBLOCK 36 24
11055 UNBLOCK 22 38
11055 ORDER 5532 10 12 15 37 2
11057 ORDER 5533 33 21 3 36 0
11058 ORDER 5534 34 23 2 1 0
11059 ORDER 5535 44 27 6 37 1
11060 BLOCK 40 1
11061 ORDER 5536 11 5 3 29 0
11062 ORDER 5537 42 8 4 38 1
11063 ORDER 5538 40 26 3 24 1
11065 ORDER 5539 17 12 12 38 1
11069 ORDER 5540 21 33 29 37 1
11070 UNBLOCK 35 23
11070 ORDER 5541 8 9 42 37 1
11071 UNBLOCK 16 36
11071 ORDER 5542 43 15 2 7 0
11072 ORDER 5543 27 5 2 23 0
11078 ORDER 5544 20 12 3 24 0
11079 CANCEL 5498
11079 ORDER 5545 8 15 1 16 0
11081 ORDER 5546 31 32 30 37 1
11083 CANCEL 5490
11087 ORDER 5547 31 23 43 37 1
11088 CANCEL 5495
11088 ORDER 5548 8 32 25 38 0
11089 ORDER 5549 13 3 23 38 0
11091 ORDER 5550 19 26 2 5 0
11093 ORDER 5551 36 32 3 29 0
11095 ORDER 5552 27 29 1 9 1
11097 ORDER 5553 24 21 46 37 0
11099 ORDER 5554 18 30 3 3 0
11100 ORDER 5555 40 26 2 3 0
11101 ORDER 5556 16 14 3 19 1
11101 BLOCK 38 9
11102 BLOCK 24 23
11103 ORDER 5557 40 33 35 37 0
11105 ORDER 5558 11 3 3 28 1
11106 ORDER 5559 6 24 48 38 2
11108 UNBLOCK 40 1
11108 ORDER 5560 7 33 26 38 2
11109 ORDER 5561 26 20 16 38 0
11110 ORDER 5562 35 9 3 19 1
11112 ORDER 5563 15 33 2 6 0
11114 ORDER 5564 34 27 34 38 0
11119 ORDER 5565 20 5 2 19 0
11124 ORDER 5566 29 33 3 13 2
11125 ORDER 5567 31 32 8 38 1
11126 UNBLOCK 11 12
11126 ORDER 5568 44 24 1 19 0
11127 ORDER 5569 17 32 34 38 0
11128 ORDER 5570 21 35 37 37 2
11130 ORDER 5571 10 27 11 37 0
11132 ORDER 5572 45 32 3 14 0
11134 ORDER 5573 40 15 1 24 0
11135 ORDER 5574 16 29 18 38 0
11136 ORDER 5575 23 23 9 38 0
11137 BLOCK 38 21
11142 ORDER 5576 17 26 2 24 0
11143 UNBLOCK 6 27
11143 ORDER 5577 19 11 41 37 0
11146 ORDER 5578 18 6 3 27 0
11147 BLOCK 20 24
11148 ORDER 5579 10 32 32 37 1
11149 ORDER 5580 24 24 3 3 1
11149 BLOCK 9 32
11150 ORDER 5581 31 33 4 37 1
11151 ORDER 5582 45 12 1 6 1
11153 ORDER 5583 36 17 1 17 0
11154 ORDER 5584 36 8 7 38 0
11156 ORDER 5585 37 23 2 8 0
11157 ORDER 5586 18 27 1 1 1
11161 BLOCK 38 3
11162 UNBLOCK 21 6
11163 ORDER 5587 17 32 1 7 0
11170 ORDER 5588 6 30 2 37 0
11171 ORDER 5589 21 15 3 37 0
11172 UNBLOCK 9 32
11172 ORDER 5590 16 8 1 28 0
11173 ORDER 5591 30 18 35 38 1
11175 ORDER 5592 6 9 1 27 2
11177 ORDER 5593 21 12 2 20 0
11178 ORDER 5594 29 26 3 20 0
11187 ORDER 5595 16 20 12 37 1
11187 BLOCK 44 19
11188 ORDER 5596 7 32 1 19 1
11189 ORDER 5597 17 6 14 38 1
11190 UNBLOCK 44 6
11190 ORDER 5598 20 6 42 37 2
11191 ORDER 5599 22 27 2 6 0
11192 ORDER 5600 41 6 24 37 0
11193 ORDER 5601 34 21 2 33 0
11195 ORDER 5602 39 29 2 23 3
11197 ORDER 5603 8 24 3 6 0
11198 ORDER 5604 26 29 46 37 1
11199 ORDER 5605 41 18 9 38 1
11200 ORDER 5606 22 14 3 20 0
11201 ORDER 5607 6 23 48 37 0
11202 UNBLOCK 38 9
11209 ORDER 5608 31 11 9 38 1
11213 ORDER 5609 41 9 1 1 1
11214 BLOCK 12 8
11215 ORDER 5610 38 3 13 38 1
11215 CANCEL 105610
11217 ORDER 5611 39 11 19 37 1
11219 ORDER 5612 24 21 25 38 0
11221 ORDER 5613 21 24 3 23 0
11223 ORDER 5614 35 17 28 38 0
11224 ORDER 5615 10 30 12 38 0
11225 ORDER 5616 7 35 44 37 1
11226 CANCEL 5614
11226 ORDER 5617 41 26 21 38 2
11227 ORDER 5618 17 20 12 37 0
11227 BLOCK 13 16
11228 ORDER 5619 31 30 1 36 1
11229 ORDER 5620 9 33 48 37 0
11231 ORDER 5621 32 12 2 3 0
11232 UNBLOCK 24 23
11232 ORDER 5622 45 23 3 2 0
11233 ORDER 5623 14 26 2 4 2
11234 ORDER 5624 36 33 21 38 0
11236 ORDER 5625 10 12 10 37 0
11239 ORDER 5626 29 29 2 9 0
11241 ORDER 5627 35 20 10 38 0
11242 ORDER 5628 14 24 2 32 2
11243 BLOCK 29 2
11244 ORDER 5629 23 18 2 33 0
11246 CANCEL 5570
11247 ORDER 5630 41 29 3 35 2
11248 ORDER 5631 30 24 21 37 2
11249 ORDER 5632 9 33 2 4 0
11251 ORDER 5633 23 9 30 38 2
11252 ORDER 5634 26 17 14 37 0
11252 BLOCK 40 8
11253 BLOCK 36 3
11256 ORDER 5635 36 30 2 13 1
11257 ORDER 5636 9 15 48 37 1
11258 ORDER 5637 13 24 12 38 1
11258 BLOCK 6 26
11259 BLOCK 17 15
11261 ORDER 5638 19 11 18 37 0
11263 ORDER 5639 43 17 6 37 1
11264 ORDER 5640 44 24 1 33 0
11265 ORDER 5641 10 5 2 36 0
11266 ORDER 5642 16 35 41 38 0
11267 ORDER 5643 11 26 44 37 0
11268 ORDER 5644 6 32 1 28 1
11269 UNBLOCK 20 24
11271 ORDER 5645 18 24 44 38 0
11272 ORDER 5646 44 26 34 38 2
11273 ORDER 5647 29 20 5 38 1
11274 UNBLOCK 38 21
11275 UNBLOCK 38 3
11275 ORDER 5648 14 11 39 37 0
11276 ORDER 5649 26 18 1 28 0
11277 ORDER 5650 18 31 3 26 2
11278 CANCEL 5638
11278 ORDER 5651 40 17 3 22 0
11280 ORDER 5652 8 29 3 30 0
11282 ORDER 5653 38 27 10 37 0
11283 ORDER 5654 33 26 42 37 0
11286 ORDER 5655 22 14 1 33 0
11288 ORDER 5656 19 29 7 38 0
11289 UNBLOCK 40 8
11289 ORDER 5657 12 5 1 17 0
11290 ORDER 5658 21 6 3 5 0
11291 ORDER 5659 15 23 47 37 2
11293 ORDER 5660 17 3 2 38 0
11294 ORDER 5661 10 11 3 18 0
11295 ORDER 5662 22 14 3 4 1
11296 ORDER 5663 40 32 3 25 1
11297 ORDER 5664 7 29 24 38 0
11298 ORDER 5665 35 35 2 17 1
11301 ORDER 5666 8 5 36 37 1
11303 BLOCK 10 14
11305 ORDER 5667 17 24 3 14 0
11306 ORDER 5668 35 27 30 37 0
11307 ORDER 5669 44 14 6 38 0
11308 UNBLOCK 13 16
11310 CANCEL 5593
11311 CANCEL 5605
11311 ORDER 5670 12 18 39 38 1
11312 UNBLOCK 36 3
11313 ORDER 5671 20 27 3 13 0
11314 ORDER 5672 7 33 18 37 1
11321 ORDER 5673 43 15 41 37 0
11322 UNBLOCK 44 19
11325 ORDER 5674 8 5 1 12 2
11327 ORDER 5675 28 17 8 38 3
11328 ORDER 5676 15 21 25 38 1
11333 ORDER 5677 11 11 2 2 0
11336 ORDER 5678 23 14 2 24 0
11337 ORDER 5679 36 15 13 37 0
11339 ORDER 5680 17 14 2 14 0
11340 ORDER 5681 44 27 36 38 3
11341 ORDER 5682 39 26 2 10 0
11342 ORDER 5683 8 6 2 29 0
11346 ORDER 5684 41 32 13 38 0
11347 ORDER 5685 6 24 1 37 0
11350 ORDER 5686 8 8 1 33 0
11351 ORDER 5687 38 5 6 38 0
11352 ORDER 5688 26 6 20 37 0
11354 ORDER 5689 27 20 42 38 0
11356 ORDER 5690 43 21 34 38 0
11357 ORDER 5691 45 20 1 5 1
11359 UNBLOCK 12 8
11361 ORDER 5692 25 6 7 37 0
11361 BLOCK 42 30
11362 CANCEL 5589
11362 UNBLOCK 29 2
11364 ORDER 5693 13 26 13 38 1
11366 ORDER 5694 29 18 1 29 2
11369 ORDER 5695 6 3 22 38 0
11370 ORDER 5696 16 30 2 36 0
11371 ORDER 5697 10 15 2 8 0
11373 ORDER 5698 38 27 3 27 1
11374 ORDER 5699 38 27 1 29 0
11376 ORDER 5700 31 14 2 2 1
11377 UNBLOCK 17 15
11377 ORDER 5701 42 24 40 38 0
11378 ORDER 5702 16 9 2 11 1
11379 ORDER 5703 18 8 2 19 1
11385 ORDER 5704 20 21 29 37 2
11388 CANCEL 5610
11388 UNBLOCK 6 26
11389 ORDER 5705 6 12 3 14 0
11390 ORDER 5706 41 8 1 37 0
11391 ORDER 5707 35 6 1 12 1
11395 ORDER 5708 27 9 2 13 0
11396 ORDER 5709 16 8 12 37 0
11399 ORDER 5710 21 8 1 8 0
11400 UNBLOCK 10 14
11402 ORDER 5711 19 20 3 35 1
11403 ORDER 5712 12 5 30 37 1
11404 ORDER 5713 45 20 2 27 1
11405 ORDER 5714 23 21 1 33 0
11409 ORDER 5715 27 6 3 23 0
11412 ORDER 5716 8 6 3 3 0
11413 ORDER 5717 6 3 46 38 0
11414 ORDER 5718 6 15 28 37 0
11415 ORDER 5719 39 14 2 33 0
11416 BLOCK 29 10
11418 ORDER 5720 34 32 38 37 3
11425 ORDER 5721 16 32 46 37 1
11427 ORDER 5722 9 8 42 38 0
11428 BLOCK 15 30
11430 ORDER 5723 19 5 2 26 2
11431 ORDER 5724 11 18 3 2 0
11433 ORDER 5725 13 8 2 25 1
11437 ORDER 5726 19 32 41 38 1
11439 ORDER 5727 24 5 1 16 0
11445 ORDER 5728 21 6 3 17 0
11446 UNBLOCK 42 30
11448 ORDER 5729 29 24 3 24 2
11451 ORDER 5730 23 11 17 38 1
11452 BLOCK 18 30
11454 ORDER 5731 27 20 2 18 0
11455 ORDER 5732 16 3 2 16 1
11456 ORDER 5733 23 23 3 7 0
11457 ORDER 5734 19 21 45 38 1
11459 ORDER 5735 28 5 1 32 1
11460 ORDER 5736 12 29 12 38 1
11463 ORDER 5737 43 8 1 20 0
11464 ORDER 5738 45 23 3 18 0
11465 ORDER 5739 27 21 29 37 1
11466 ORDER 5740 6 3 1 27 0
11467 ORDER 5741 30 32 2 29 0
11476 ORDER 5742 19 18 25 37 0
11477 ORDER 5743 28 14 45 37 1
11479 ORDER 5744 31 14 1 1 0
11480 ORDER 5745 39 11 2 15 0
11482 ORDER 5746 7 23 2 25 0
11485 ORDER 5747 27 33 3 6 0
11487 ORDER 5748 43 8 8 38 1
11488 BLOCK 23 1
11489 ORDER 5749 18 32 4 38 1
11490 ORDER 5750 6 23 7 37 0
11495 ORDER 5751 15 9 3 24 3
11500 ORDER 5752 7 33 11 37 1
11501 ORDER 5753 26 12 1 32 0
11502 ORDER 5754 8 32 1 38 0
11504 ORDER 5755 32 17 1 36 0
11504 BLOCK 21 2
11505 ORDER 5756 35 5 3 9 0
11506 ORDER 5757 36 21 23 38 0
11507 ORDER 5758 24 24 1 8 2
11508 ORDER 5759 38 35 3 24 2
11509 ORDER 5760 27 33 7 37 1
11512 ORDER 5761 20 3 10 37 1
11514 ORDER 5762 19 29 3 1 1
11516 ORDER 5763 11 3 3 12 2
11517 ORDER 5764 9 26 2 22 1
11518 CANCEL 5737
11519 UNBLOCK 23 1
11520 ORDER 5765 36 12 1 15 0
11521 ORDER 5766 36 15 3 27 0
11525 CANCEL 5676
11529 ORDER 5767 45 20 13 37 0
11529 BLOCK 16 8
11530 ORDER 5768 30 11 3 11 0
11531 ORDER 5769 24 24 2 14 0
11532 ORDER 5770 30 18 1 17 0
11534 ORDER 5771 7 18 3 18 2
11536 ORDER 5772 10 5 23 38 0
11538 ORDER 5773 30 5 2 15 0
11540 ORDER 5774 28 5 25 38 1
11541 ORDER 5775 31 33 3 25 3
11542 ORDER 5776 29 8 1 33 1
11543 ORDER 5777 32 13 7 38 1
11544 ORDER 5778 10 23 1 15 0
11546 ORDER 5779 31 20 34 38 0
11547 ORDER 5780 30 12 28 37 0
11549 ORDER 5781 11 17 3 4 0
11552 BLOCK 27 18
11553 UNBLOCK 29 10
11553 CANCEL 5738
11555 UNBLOCK 15 30
11555 ORDER 5782 18 32 47 38 3
11556 UNBLOCK 21 2
11556 ORDER 5783 45 27 1 11 0
11557 ORDER 5784 16 17 46 38 2
11558 CANCEL 5707
11559 UNBLOCK 18 30
11561 ORDER 5785 28 6 12 37 0
11562 ORDER 5786 35 20 1 28 0
11563 ORDER 5787 28 34 2 35 1
11564 ORDER 5788 17 20 38 37 1
11565 ORDER 5789 19 12 3 13 2
11566 ORDER 5790 36 16 3 25 3
11568 ORDER 5791 11 18 46 38 1
11569 ORDER 5792 32 5 7 38 0
11570 ORDER 5793 14 11 3 22 1
11571 ORDER 5794 33 21 20 37 0
11571 BLOCK 18 36
11578 ORDER 5795 20 3 2 34 2
11580 ORDER 5796 40 27 1 9 3
11581 ORDER 5797 27 18 2 27 1
11584 ORDER 5798 26 20 2 11 0
11585 ORDER 5799 11 20 3 3 0
11586 ORDER 5800 16 35 3 14 0
11587 ORDER 5801 29 26 25 37 0
11589 ORDER 5802 15 30 29 38 0
11591 ORDER 5803 37 15 3 4 0
11595 ORDER 5804 8 32 3 32 0
11597 ORDER 5805 36 15 1 34 3
11600 ORDER 5806 16 20 1 33 0
11601 UNBLOCK 27 18
11601 ORDER 5807 7 3 2 3 1
11602 ORDER 5808 13 5 1 13 2
11603 ORDER 5809 24 24 23 37 1
11606 ORDER 5810 35 3 43 38 0
11607 ORDER 5811 34 21 3 27 0
11608 ORDER 5812 33 6 3 21 0
11612 ORDER 5813 42 9 10 37 1
11613 ORDER 5814 27 29 22 37 0
11618 ORDER 5815 9 30 13 38 0
11619 ORDER 5816 19 33 40 37 1
11620 ORDER 5817 41 29 35 38 1
11621 ORDER 5818 37 8 15 37 3
11623 ORDER 5819 40 11 1 25 0
11624 ORDER 5820 21 15 3 17 1
11626 ORDER 5821 35 33 25 38 0
11626 BLOCK 32 1
11628 ORDER 5822 27 30 23 38 1
11629 BLOCK 8 23
11631 UNBLOCK 18 36
11631 ORDER 5823 17 5 2 34 0
11634 ORDER 5824 13 5 1 24 1
11636 ORDER 5825 17 27 15 37 1
11640 ORDER 5826 27 26 25 37 1
11642 ORDER 5827 16 12 8 38 0
11643 ORDER 5828 40 27 1 21 1
11644 ORDER 5829 38 8 3 37 0
11644 BLOCK 37 27
11646 ORDER 5830 22 12 3 25 0
11647 ORDER 5831 41 24 3 36 0
11649 ORDER 5832 8 24 1 20 0
11650 ORDER 5833 29 17 1 24 0
11654 CANCEL 5820
11654 ORDER 5834 28 14 33 38 0
11655 ORDER 5835 24 6 1 7 3
11656 ORDER 5836 18 5 3 24 0
11657 ORDER 5837 39 14 23 37 0
11661 UNBLOCK 16 8
11661 ORDER 5838 38 18 35 38 2
11663 ORDER 5839 38 17 1 38 0
11664 UNBLOCK 8 23
11664 ORDER 5840 15 17 2 11 0
11665 ORDER 5841 36 14 1 22 0
11669 ORDER 5842 27 32 17 38 0
11670 BLOCK 42 29
11671 ORDER 5843 18 9 3 31 0
11672 ORDER 5844 8 27 3 12 0
11673 ORDER 5845 20 23 2 1 0
11677 BLOCK 29 32
11679 ORDER 5846 6 21 31 37 0
11680 ORDER 5847 36 3 2 6 1
11681 ORDER 5848 27 26 3 14 1
11682 ORDER 5849 37 24 2 15 0
11683 ORDER 5850 26 30 2 7 0
11684 ORDER 5851 19 23 1 30 1
11685 ORDER 5852 21 18 1 13 0
11688 ORDER 5853 29 3 42 37 0
11690 ORDER 5854 41 27 2 9 1
11691 ORDER 5855 29 20 1 20 0
11693 ORDER 5856 45 12 46 37 1
11694 ORDER 5857 8 14 24 38 0
11695 ORDER 5858 30 24 3 29 0
11696 BLOCK 36 30
11697 ORDER 5859 43 3 3 6 0
11698 CANCEL 5769
11698 ORDER 5860 34 6 2 36 0
11699 ORDER 5861 11 19 1 21 0
11699 BLOCK 23 38
11700 ORDER 5862 36 26 48 38 0
11702 ORDER 5863 18 21 23 37 0
11703 ORDER 5864 8 24 3 14 0
11705 ORDER 5865 19 6 3 3 2
11707 ORDER 5866 20 29 3 17 0
11708 ORDER 5867 26 27 3 33 0
11709 CANCEL 5819
11711 ORDER 5868 34 27 2 36 2
11713 ORDER 5869 16 29 45 37 0
11714 ORDER 5870 7 26 37 37 1
11716 ORDER 5871 20 27 2 7 3
11719 ORDER 5872 24 5 1 7 0
11721 UNBLOCK 42 29
11721 ORDER 5873 18 24 3 13 1
11722 ORDER 5874 19 26 2 3 0
11722 CANCEL 105874
11723 CANCEL 105874
11724 ORDER 5875 10 29 34 37 1
11725 ORDER 5876 21 29 43 37 2
11728 ORDER 5877 18 17 3 30 0
11729 UNBLOCK 29 32
11729 ORDER 5878 19 12 7 37 0
11732 ORDER 5879 17 14 12 38 1
11734 ORDER 5880 33 9 3 32 0
11736 ORDER 5881 16 18 1 31 0
11738 ORDER 5882 37 8 30 38 0
11739 UNBLOCK 23 38
11739 ORDER 5883 33 9 3 25 2
11740 ORDER 5884 35 21 3 11 0
11743 ORDER 5885 29 14 2 38 1
11744 ORDER 5886 35 33 1 32 1
11748 ORDER 5887 6 17 24 37 1
11751 CANCEL 5814
11752 ORDER 5888 15 17 1 34 2
11753 ORDER 5889 9 33 2 27 1
11756 UNBLOCK 37 27
11756 ORDER 5890 18 12 3 26 0
11757 UNBLOCK 36 30
11758 UNBLOCK 32 1
11759 ORDER 5891 30 33 9 37 0
11759 BLOCK 21 14
11760 ORDER 5892 28 30 3 9 0
11762 CANCEL 5862
11762 ORDER 5893 41 18 2 6 0
11762 BLOCK 6 2
11765 ORDER 5894 8 11 3 13 3
11768 ORDER 5895 40 17 1 27 0
11769 ORDER 5896 40 5 11 37 0
11771 ORDER 5897 8 14 3 5 0
11773 ORDER 5898 45 35 1 19 1
11774 BLOCK 19 23
11776 ORDER 5899 31 3 7 37 0
11777 ORDER 5900 40 17 3 15 0
11779 ORDER 5901 25 5 1 13 3
11780 ORDER 5902 30 33 1 9 0
11781 ORDER 5903 42 26 10 37 0
11786 ORDER 5904 38 18 32 38 0
11787 UNBLOCK 6 2
11787 ORDER 5905 24 30 3 27 0
11788 ORDER 5906 37 18 1 6 0
11790 ORDER 5907 29 18 7 37 2
11791 ORDER 5908 45 30 34 37 1
11792 ORDER 5909 7 33 1 25 1
11794 ORDER 5910 10 21 3 8 0
11795 ORDER 5911 8 6 16 37 0
11796 ORDER 5912 41 12 2 7 1
11797 ORDER 5913 7 12 34 38 1
11800 ORDER 5914 45 35 17 38 1
11801 ORDER 5915 16 14 2 22 0
11810 ORDER 5916 36 30 2 16 0
11811 ORDER 5917 28 8 39 38 0
11813 ORDER 5918 10 18 1 14 1
11814 ORDER 5919 31 21 3 7 0
11815 ORDER 5920 16 33 35 37 0
11816 ORDER 5921 45 20 44 37 0
11816 BLOCK 18 38
11817 ORDER 5922 12 6 31 38 1
11818 ORDER 5923 35 3 2 4 1
11819 ORDER 5924 15 14 4 37 0
11820 BLOCK 30 3
11827 ORDER 5925 36 18 2 36 0
11830 BLOCK 40 18
11833 ORDER 5926 36 26 1 24 1
11835 UNBLOCK 19 23
11837 ORDER 5927 8 15 19 37 1
11838 ORDER 5928 24 9 3 20 1
11840 ORDER 5929 25 11 44 37 0
11843 ORDER 5930 24 21 3 33 0
11844 ORDER 5931 11 6 4 37 0
11845 ORDER 5932 11 35 20 37 3
11847 ORDER 5933 32 15 1 10 1
11848 ORDER 5934 13 18 3 33 0
11849 ORDER 5935 42 20 4 37 1
11851 ORDER 5936 30 24 35 37 1
11853 ORDER 5937 24 21 29 37 1
11856 ORDER 5938 9 24 3 3 0
11857 ORDER 5939 32 3 1 6 1
11858 ORDER 5940 43 8 34 37 0
11859 ORDER 5941 7 29 3 8 0
11860 ORDER 5942 18 6 2 26 0
11862 ORDER 5943 13 20 41 37 1
11863 ORDER 5944 28 5 3 34 0
11865 ORDER 5945 39 17 1 22 1
11866 ORDER 5946 7 32 1 37 0
11868 ORDER 5947 18 33 1 31 1
11869 UNBLOCK 40 18
11870 ORDER 5948 17 3 38 37 0
11871 ORDER 5949 10 14 3 25 1
11872 ORDER 5950 19 20 1 26 0
11873 ORDER 5951 24 15 47 37 0
11874 ORDER 5952 11 27 2 36 0
11876 BLOCK 41 2
11877 ORDER 5953 29 3 3 4 0
11879 UNBLOCK 21 14
11879 CANCEL 5914
11880 ORDER 5954 31 9 41 38 1
11883 ORDER 5955 32 3 3 10 0
11884 ORDER 5956 39 29 2 35 0
11885 ORDER 5957 18 15 33 38 0
11886 ORDER 5958 10 21 16 38 1
11887 CANCEL 5882
11887 ORDER 5959 43 9 3 1 0
11888 ORDER 5960 18 8 10 38 2
11889 ORDER 5961 10 9 1 2 3
11889 BLOCK 17 2
11891 ORDER 5962 27 5 1 4 0
11892 ORDER 5963 26 17 24 37 1
11893 ORDER 5964 35 32 1 34 1
11894 ORDER 5965 12 24 9 37 1
11896 ORDER 5966 36 27 27 38 3
11897 ORDER 5967 35 23 34 38 2
11901 BLOCK 32 21
11902 ORDER 5968 43 23 2 28 1
11904 ORDER 5969 43 6 15 37 1
11905 ORDER 5970 26 6 40 38 0
11907 ORDER 5971 19 18 2 14 1
11908 BLOCK 42 23
11910 ORDER 5972 17 33 3 30 0
11911 UNBLOCK 17 2
11911 ORDER 5973 36 12 3 19 0
11913 ORDER 5974 21 3 1 26 0
11914 ORDER 5975 20 29 1 36 2
11915 ORDER 5976 9 12 1 1 2
11916 ORDER 5977 35 8 31 37 3
11918 ORDER 5978 10 5 2 22 0
11919 ORDER 5979 22 20 2 18 1
11922 CANCEL 105979
11924 UNBLOCK 30 3
11924 ORDER 5980 28 12 3 1 3
11926 ORDER 5981 34 21 1 1 1
11928 ORDER 5982 16 21 3 7 0
11929 UNBLOCK 41 2
11930 ORDER 5983 22 11 4 37 0
11931 ORDER 5984 38 17 2 38 0
11932 CANCEL 5918
11932 UNBLOCK 42 23
11932 ORDER 5985 11 9 2 19 1
11934 ORDER 5986 33 23 3 16 2
11936 ORDER 5987 33 11 2 34 1
11937 ORDER 5988 12 8 2 9 0
11940 ORDER 5989 21 6 3 34 1
11941 ORDER 5990 35 20 1 35 0
11942 ORDER 5991 18 30 1 32 1
11943 BLOCK 20 29
11944 ORDER 5992 19 21 5 38 0
11945 ORDER 5993 18 30 3 38 0
11947 ORDER 5994 9 24 3 17 0
11948 ORDER 5995 32 26 29 38 2
11950 ORDER 5996 7 6 6 37 1
11951 ORDER 5997 7 33 19 37 1
11952 UNBLOCK 18 38
11953 ORDER 5998 7 24 27 37 0
11957 BLOCK 8 27
11958 ORDER 5999 37 12 1 21 1
11960 ORDER 6000 19 32 36 37 0
11961 CANCEL 5936
11963 ORDER 6001 35 27 2 30 0
11964 UNBLOCK 32 21
11965 ORDER 6002 17 29 40 38 0
11966 ORDER 6003 28 5 2 19 0
11966 BLOCK 27 33
11970 ORDER 6004 11 20 2 26 1
11972 ORDER 6005 19 12 2 26 1
11975 ORDER 6006 34 11 19 37 1
11976 ORDER 6007 6 15 22 38 0
11978 ORDER 6008 24 24 2 18 0
11979 ORDER 6009 27 17 1 15 0
11981 ORDER 6010 24 32 3 33 2
11985 ORDER 6011 16 6 2 19 0
11986 ORDER 6012 7 35 27 38 0
11986 BLOCK 10 3
11987 ORDER 6013 26 6 1 6 0
11989 ORDER 6014 23 9 1 15 2
11993 ORDER 6015 21 14 34 37 0
11993 BLOCK 5 22
11994 ORDER 6016 21 12 1 2 0
11995 BLOCK 43 13
11998 ORDER 6017 31 15 44 37 1
