60 46 5000
############################################################
#.....C.........C.........C.........C.........C............#
#..........................................................#
#..........................................................#
#.....########..#######..######..#########..######..####...#
#..........................................................#
#..........................................................#
#.....########..########..######..#########..########..#...#
#..........................................................#
#..........................................................#
#.....########..#######..######..#########..########..##...#
#..........................................................#
#..........................................................#
#.....######..#########..#########..########..######..##...#
#..........................................................#
#..........................................................#
#.....######..#########..#######..#######..#######..####...#
#..........................................................#
#..........................................................#
#.....########..######..#########..######..#######..####...#
#..........................................................#
#..........................................................#
#.....#######..#########..#########..#######..#######..#...#
#..........................................................#
#..........................................................#
#.....#######..######..########..#######..########..####...#
#..........................................................#
#..........................................................#
#.....#######..########..######..#######..######..######...#
#..........................................................#
#..........................................................#
#.....######..#######..######..########..#######..######...#
#..........................................................#
#..........................................................#
#.....#########..#########..#########..########..#######...#
#..........................................................#
#..........................................................#
#.....########..#######..#######..########..########..##...#
#..........................................................#
#..........................................................#
#.....#######..########..######..#########..#######..###...#
#..........................................................#
#..........................................................#
#..........................................................#
#..........................................................#
############################################################
PARAMS 848 42 212 30 50 3
ROBOTS 40
29 9
41 30
44 14
17 27
19 43
13 3
45 27
53 39
52 11
15 37
36 36
10 24
16 42
37 38
33 19
14 21
6 14
13 31
4 9
1 39
51 39
24 6
2 16
53 5
10 1
54 9
35 3
12 39
4 20
45 14
58 33
1 33
23 42
23 43
37 33
47 17
11 1
34 18
5 24
32 25
EVENTS 14236
0 ORDER 1 29 38 52 44 0
0 ORDER 2 6 18 3 21 1
1 ORDER 3 16 8 1 18 0
1 ORDER 4 28 3 3 13 0
2 ORDER 5 45 35 1 31 2
2 ORDER 6 43 35 38 44 0
2 ORDER 7 7 35 2 37 0
3 ORDER 8 17 18 1 36 0
3 ORDER 9 51 32 2 28 0
4 ORDER 10 11 11 3 24 1
4 ORDER 11 25 17 3 41 2
5 ORDER 12 25 24 15 44 2
5 ORDER 13 40 20 10 44 0
5 ORDER 14 25 5 15 43 0
6 ORDER 15 44 26 2 39 0
6 ORDER 16 30 5 18 44 0
7 ORDER 17 44 11 1 36 0
7 ORDER 18 33 30 2 23 0
7 ORDER 19 49 21 4 43 0
8 ORDER 20 10 38 43 43 1
8 ORDER 21 55 11 44 43 0
9 ORDER 22 42 12 55 44 1
9 ORDER 23 16 27 1 18 0
10 ORDER 24 29 5 2 18 0
10 ORDER 25 36 26 3 35 0
11 ORDER 26 55 5 1 21 1
11 ORDER 27 27 18 2 26 2
11 ORDER 28 11 9 20 44 0
12 ORDER 29 51 35 19 43 2
12 ORDER 30 12 27 2 16 0
13 ORDER 31 15 14 1 25 3
13 ORDER 32 37 23 22 43 2
13 ORDER 33 46 14 1 39 2
14 ORDER 34 34 41 2 9 0
14 ORDER 35 49 21 3 27 1
14 ORDER 36 53 27 37 43 0
15 ORDER 37 32 12 54 44 0
15 ORDER 38 49 9 35 44 2
15 ORDER 39 16 32 3 31 0
16 ORDER 40 52 15 6 44 0
16 ORDER 41 29 26 37 43 0
16 ORDER 42 46 3 1 14 0
17 ORDER 43 16 38 1 29 1
17 ORDER 44 44 27 7 44 1
17 ORDER 45 15 32 27 43 0
18 ORDER 46 48 24 34 43 2
18 ORDER 47 17 36 38 44 0
19 ORDER 48 30 23 2 38 0
19 ORDER 49 8 30 13 43 0
20 ORDER 50 46 11 2 35 0
20 ORDER 51 39 12 3 27 0
20 BLOCK 20 14
21 ORDER 52 19 12 35 44 1
21 ORDER 53 50 29 1 18 0
22 ORDER 54 45 20 2 44 0
22 ORDER 55 41 38 21 44 0
22 ORDER 56 28 32 23 44 0
23 ORDER 57 20 9 38 44 1
23 ORDER 58 17 26 51 44 0
24 ORDER 59 16 15 2 38 0
24 ORDER 60 55 38 1 4 0
24 ORDER 61 44 5 2 21 0
25 ORDER 62 20 21 51 44 0
25 ORDER 63 54 5 3 17 0
26 ORDER 64 38 18 3 30 3
26 ORDER 65 50 6 1 39 0
26 ORDER 66 47 21 2 30 3
27 ORDER 67 27 38 2 27 0
27 ORDER 68 42 6 14 44 0
28 ORDER 69 39 9 20 43 1
28 ORDER 70 47 27 3 3 2
29 ORDER 71 47 11 2 39 1
29 ORDER 72 10 36 26 43 0
30 ORDER 73 48 26 27 43 0
30 ORDER 74 44 35 2 33 0
31 ORDER 75 7 35 20 44 0
31 ORDER 76 12 27 1 23 0
32 ORDER 77 47 21 54 44 0
32 ORDER 78 35 17 2 31 0
33 ORDER 79 21 36 31 44 0
33 ORDER 80 44 11 3 28 0
34 ORDER 81 17 38 3 4 1
34 ORDER 82 35 17 3 38 0
35 ORDER 83 34 3 36 43 2
35 ORDER 84 45 3 3 38 1
35 ORDER 85 38 30 3 15 1
36 ORDER 86 55 8 50 43 1
36 ORDER 87 26 15 52 43 2
36 ORDER 88 50 8 5 44 0
37 ORDER 89 9 36 1 10 1
37 ORDER 90 21 8 7 44 1
38 ORDER 91 47 30 1 5 0
38 ORDER 92 29 14 38 43 0
38 ORDER 93 53 5 28 43 0
39 ORDER 94 38 27 1 17 1
39 ORDER 95 30 6 9 43 3
39 ORDER 96 51 30 1 17 2
40 ORDER 97 19 36 1 16 0
40 ORDER 98 55 26 40 43 3
40 ORDER 99 40 39 3 18 3
41 ORDER 100 34 26 1 41 1
41 ORDER 101 17 38 3 36 0
41 ORDER 102 15 17 3 20 0
42 ORDER 103 21 33 35 43 0
42 ORDER 104 39 20 1 11 0
42 ORDER 105 39 36 15 44 0
43 ORDER 106 50 27 41 43 0
43 ORDER 107 19 8 56 44 0
43 ORDER 108 18 15 3 5 0
44 ORDER 109 40 17 18 43 0
44 ORDER 110 6 15 2 40 2
44 ORDER 111 24 20 4 43 1
45 ORDER 112 13 6 12 44 1
45 ORDER 113 9 12 45 43 1
46 CANCEL 96
46 ORDER 114 33 24 2 3 0
46 ORDER 115 20 27 24 43 0
46 ORDER 116 46 38 1 41 0
47 ORDER 117 47 38 58 43 0
47 ORDER 118 7 32 43 43 2
47 ORDER 119 46 41 4 43 1
48 ORDER 120 18 21 2 30 0
48 ORDER 121 9 5 38 44 0
48 ORDER 122 10 24 2 2 0
49 ORDER 123 27 39 26 43 0
49 ORDER 124 46 24 3 32 3
49 ORDER 125 20 35 50 43 0
50 ORDER 126 14 33 3 17 0
50 ORDER 127 39 11 3 25 0
51 ORDER 128 16 8 2 32 0
51 ORDER 129 26 26 19 44 0
52 ORDER 130 43 35 39 43 0
52 ORDER 131 6 12 10 44 0
53 ORDER 132 38 24 3 1 1
53 ORDER 133 22 35 45 44 1
54 CANCEL 11
54 ORDER 134 34 8 32 44 3
54 ORDER 135 55 11 7 44 0
55 ORDER 136 38 12 1 4 1
55 ORDER 137 6 3 39 43 2
56 ORDER 138 44 20 49 43 1
56 ORDER 139 10 11 33 44 0
56 ORDER 140 41 5 1 21 2
57 ORDER 141 26 41 1 33 0
57 ORDER 142 20 35 2 20 1
57 ORDER 143 7 14 1 13 0
58 ORDER 144 18 3 1 18 0
58 ORDER 145 46 8 2 33 1
59 ORDER 146 45 17 28 43 1
59 ORDER 147 11 6 3 27 0
60 ORDER 148 7 3 42 43 0
60 ORDER 149 39 24 9 44 1
61 ORDER 150 21 39 37 43 0
61 ORDER 151 41 14 48 44 1
61 ORDER 152 42 6 58 43 0
62 CANCEL 92
62 ORDER 153 53 17 49 43 3
62 ORDER 154 17 5 22 44 1
62 ORDER 155 46 21 41 43 0
63 ORDER 156 49 5 1 32 1
63 ORDER 157 10 41 1 1 1
64 ORDER 158 47 18 2 3 1
64 ORDER 159 48 14 2 11 0
65 ORDER 160 17 32 31 44 0
65 ORDER 161 48 5 33 44 1
65 ORDER 162 30 21 3 30 1
66 ORDER 163 32 12 3 20 2
66 ORDER 164 28 30 3 24 0
66 ORDER 165 6 39 43 44 1
67 ORDER 166 47 32 10 43 3
67 ORDER 167 43 32 1 28 2
68 ORDER 168 7 15 36 44 0
68 ORDER 169 21 5 1 37 0
68 CANCEL 100169
69 ORDER 170 9 33 36 43 0
69 ORDER 171 11 15 3 6 0
69 ORDER 172 52 6 1 21 1
70 ORDER 173 9 11 22 44 0
70 ORDER 174 37 14 55 44 2
71 ORDER 175 44 38 3 11 1
71 ORDER 176 17 33 55 44 0
71 ORDER 177 10 24 31 43 0
72 ORDER 178 17 3 57 43 0
72 ORDER 179 16 9 53 43 0
72 ORDER 180 10 35 5 43 0
73 ORDER 181 10 30 1 22 3
73 ORDER 182 26 5 3 10 0
74 ORDER 183 37 5 3 16 0
74 ORDER 184 44 18 1 40 0
75 ORDER 185 6 26 54 43 0
75 ORDER 186 47 17 3 1 0
76 ORDER 187 8 3 15 44 0
76 ORDER 188 11 41 3 5 2
76 ORDER 189 37 30 38 43 3
77 ORDER 190 8 23 30 43 2
77 ORDER 191 25 33 1 15 3
77 ORDER 192 35 41 3 30 2
78 ORDER 193 39 9 1 16 1
78 ORDER 194 54 12 1 19 0
79 ORDER 195 25 3 2 26 0
79 ORDER 196 20 20 1 25 0
79 ORDER 197 48 26 3 4 1
80 ORDER 198 43 29 1 41 2
80 ORDER 199 39 36 2 37 1
81 ORDER 200 38 27 1 36 0
81 ORDER 201 11 38 3 9 0
81 ORDER 202 26 21 2 44 0
82 ORDER 203 50 23 2 38 0
82 ORDER 204 43 21 1 27 0
82 ORDER 205 48 9 1 1 0
83 ORDER 206 11 20 2 38 1
83 ORDER 207 6 24 3 15 2
84 ORDER 208 12 35 2 44 0
84 ORDER 209 48 36 53 43 0
84 ORDER 210 31 36 3 36 0
85 CANCEL 147
85 ORDER 211 54 33 14 43 0
85 ORDER 212 25 36 6 44 1
86 ORDER 213 42 26 2 40 1
86 ORDER 214 20 29 1 9 0
86 ORDER 215 54 5 1 37 0
87 ORDER 216 22 14 46 44 2
87 ORDER 217 30 29 4 44 0
87 ORDER 218 17 18 1 31 3
88 CANCEL 59
88 ORDER 219 22 9 2 3 1
88 ORDER 220 43 32 1 44 0
88 ORDER 221 20 26 2 2 1
89 ORDER 222 16 12 2 16 0
89 ORDER 223 8 35 6 43 0
90 CANCEL 140
90 ORDER 224 17 9 3 29 0
90 ORDER 225 29 27 16 43 0
91 CANCEL 124
91 ORDER 226 43 17 13 44 1
91 ORDER 227 26 29 37 43 1
92 ORDER 228 25 11 1 5 0
92 ORDER 229 24 30 38 43 1
92 ORDER 230 17 36 3 29 0
93 ORDER 231 45 18 2 7 1
93 ORDER 232 33 29 29 44 0
93 ORDER 233 38 40 33 44 0
94 CANCEL 182
94 ORDER 234 20 41 55 43 0
94 ORDER 235 27 28 26 44 0
94 ORDER 236 18 38 22 44 0
95 ORDER 237 7 36 1 19 0
95 ORDER 238 34 33 36 43 0
96 ORDER 239 20 36 47 44 0
96 ORDER 240 7 29 3 38 2
97 ORDER 241 23 6 2 44 0
97 ORDER 242 37 18 2 40 0
98 CANCEL 83
98 ORDER 243 49 23 22 43 0
98 ORDER 244 48 18 2 26 1
98 ORDER 245 12 11 3 33 1
99 ORDER 246 17 39 20 43 0
99 ORDER 247 55 8 3 1 0
99 ORDER 248 39 26 1 30 0
100 ORDER 249 11 35 3 26 1
100 ORDER 250 9 33 3 39 0
101 ORDER 251 46 30 1 25 0
101 ORDER 252 29 6 1 12 0
102 ORDER 253 28 18 32 44 0
102 ORDER 254 8 3 1 20 0
103 ORDER 255 30 8 1 43 0
103 ORDER 256 25 30 2 3 2
103 ORDER 257 25 26 1 33 3
104 ORDER 258 19 20 2 28 0
104 ORDER 259 31 20 39 43 0
104 ORDER 260 10 39 1 8 0
105 ORDER 261 17 20 1 7 0
105 ORDER 262 12 8 2 22 0
106 ORDER 263 42 30 10 43 0
106 ORDER 264 8 39 3 3 0
107 ORDER 265 36 6 4 44 0
107 ORDER 266 21 21 1 25 2
108 ORDER 267 49 9 2 41 0
108 ORDER 268 47 6 24 43 3
108 ORDER 269 50 8 1 15 1
109 ORDER 270 43 32 2 30 0
109 ORDER 271 8 18 30 44 1
110 ORDER 272 19 20 4 44 1
110 ORDER 273 48 6 3 17 1
111 ORDER 274 43 15 39 44 0
111 ORDER 275 50 32 10 43 0
111 ORDER 276 52 3 20 43 1
112 CANCEL 58
112 ORDER 277 33 11 37 44 0
112 ORDER 278 10 21 2 21 2
113 ORDER 279 28 24 13 43 0
113 ORDER 280 9 3 46 43 0
113 BLOCK 43 44
114 ORDER 281 27 18 3 44 0
114 ORDER 282 50 41 4 44 1
114 ORDER 283 19 27 2 16 2
115 ORDER 284 43 18 20 43 0
115 ORDER 285 18 5 36 43 2
115 ORDER 286 10 12 1 30 3
116 ORDER 287 49 17 1 14 1
116 ORDER 288 13 36 3 44 0
116 ORDER 289 38 39 1 9 0
117 CANCEL 132
117 ORDER 290 44 26 3 11 1
117 ORDER 291 9 33 3 12 0
117 ORDER 292 45 26 1 6 0
118 ORDER 293 10 9 1 25 1
118 ORDER 294 16 14 56 44 2
118 BLOCK 27 32
119 ORDER 295 33 30 15 43 1
119 ORDER 296 9 23 40 43 2
120 ORDER 297 36 29 40 44 0
120 ORDER 298 10 29 13 44 0
120 ORDER 299 44 20 44 44 1
121 ORDER 300 18 35 20 44 0
121 ORDER 301 21 27 2 38 0
121 ORDER 302 18 30 1 9 0
122 CANCEL 131
122 ORDER 303 49 23 1 22 0
122 ORDER 304 38 36 3 43 0
123 ORDER 305 33 29 3 22 0
123 ORDER 306 15 30 2 20 1
124 ORDER 307 36 32 2 2 0
124 ORDER 308 33 33 3 33 0
124 ORDER 309 29 3 1 26 1
125 ORDER 310 20 17 11 43 0
125 ORDER 311 27 38 3 44 1
126 ORDER 312 12 18 3 40 0
126 ORDER 313 54 18 41 44 1
126 ORDER 314 39 17 34 44 0
127 ORDER 315 48 40 43 43 3
127 ORDER 316 27 21 2 30 0
127 ORDER 317 11 3 52 43 0
128 UNBLOCK 20 14
128 CANCEL 232
128 ORDER 318 24 20 1 40 2
128 ORDER 319 8 27 54 44 0
129 ORDER 320 42 29 3 37 1
129 ORDER 321 55 21 3 12 1
130 ORDER 322 29 39 2 35 0
130 ORDER 323 16 41 3 23 0
131 CANCEL 253
131 ORDER 324 8 15 41 43 2
131 ORDER 325 35 20 13 43 0
131 ORDER 326 54 36 2 43 0
132 ORDER 327 46 33 2 32 2
132 ORDER 328 29 15 52 44 0
133 ORDER 329 9 12 3 31 0
133 ORDER 330 37 24 8 43 0
134 ORDER 331 17 41 8 43 1
134 ORDER 332 17 9 2 25 0
134 ORDER 333 40 3 3 19 0
135 ORDER 334 17 35 1 22 0
135 ORDER 335 8 11 3 44 0
135 ORDER 336 38 24 29 43 0
136 ORDER 337 29 20 25 44 0
136 ORDER 338 38 17 1 5 1
137 ORDER 339 18 12 9 43 2
137 ORDER 340 37 29 3 29 2
137 ORDER 341 12 20 3 17 1
138 CANCEL 61
138 ORDER 342 34 8 3 27 1
138 ORDER 343 18 12 27 44 1
139 ORDER 344 37 38 3 9 0
139 ORDER 345 18 8 2 4 3
139 ORDER 346 40 5 3 38 1
140 ORDER 347 15 29 36 44 0
140 ORDER 348 35 27 1 5 1
141 ORDER 349 38 3 3 12 0
141 ORDER 350 54 17 2 7 0
141 ORDER 351 29 41 14 44 0
142 CANCEL 322
142 ORDER 352 7 36 4 43 2
142 ORDER 353 52 18 44 44 0
143 ORDER 354 27 3 20 44 0
143 ORDER 355 46 38 11 43 0
144 CANCEL 216
144 ORDER 356 34 27 17 43 0
144 ORDER 357 48 18 1 33 0
144 ORDER 358 30 6 16 44 0
145 ORDER 359 48 6 39 44 0
145 ORDER 360 36 33 3 35 0
146 ORDER 361 21 35 46 43 0
146 ORDER 362 7 41 21 43 0
146 ORDER 363 26 11 11 44 1
147 ORDER 364 20 14 2 38 0
147 ORDER 365 39 11 3 15 0
147 ORDER 366 35 39 29 44 0
148 ORDER 367 11 11 1 15 1
148 ORDER 368 33 27 3 6 0
149 ORDER 369 6 35 21 44 0
149 ORDER 370 20 21 5 43 1
149 BLOCK 53 14
150 ORDER 371 11 20 3 18 0
150 ORDER 372 43 26 1 7 1
150 ORDER 373 51 30 48 43 0
151 CANCEL 204
151 ORDER 374 38 11 3 17 0
151 ORDER 375 47 32 3 36 0
151 ORDER 376 13 35 8 43 0
152 ORDER 377 14 17 7 44 2
152 ORDER 378 19 12 34 43 0
152 ORDER 379 46 27 7 43 0
153 ORDER 380 18 33 3 22 0
153 ORDER 381 25 9 3 29 0
154 ORDER 382 45 17 14 44 0
154 ORDER 383 47 36 1 23 0
155 ORDER 384 12 18 1 35 1
155 ORDER 385 13 6 3 16 0
155 ORDER 386 18 27 1 6 3
156 CANCEL 149
156 ORDER 387 16 26 2 24 0
156 ORDER 388 18 33 2 37 1
157 ORDER 389 40 23 53 44 0
157 ORDER 390 22 14 1 29 0
157 ORDER 391 10 18 2 15 0
158 ORDER 392 40 38 43 43 0
158 ORDER 393 8 18 2 37 1
158 ORDER 394 8 35 1 15 1
159 ORDER 395 6 18 3 16 1
159 ORDER 396 51 29 3 2 1
160 ORDER 397 36 33 33 43 2
160 ORDER 398 6 32 41 44 0
160 ORDER 399 46 20 40 44 1
161 ORDER 400 30 17 16 43 3
161 ORDER 401 55 14 3 20 0
162 ORDER 402 47 18 2 11 0
162 ORDER 403 33 24 2 37 0
162 ORDER 404 51 36 3 19 1
163 ORDER 405 11 20 3 30 0
163 ORDER 406 52 21 3 26 0
163 BLOCK 35 30
164 ORDER 407 30 27 3 5 0
164 ORDER 408 28 38 32 44 0
164 ORDER 409 34 11 32 44 0
165 ORDER 410 20 21 2 1 0
165 ORDER 411 20 29 33 43 0
166 ORDER 412 36 15 26 44 1
166 ORDER 413 29 38 16 44 1
166 ORDER 414 48 41 2 40 1
167 ORDER 415 17 23 3 41 0
167 ORDER 416 22 33 3 9 1
167 BLOCK 49 39
168 CANCEL 380
168 ORDER 417 46 39 1 20 2
168 ORDER 418 42 24 2 8 2
168 ORDER 419 19 26 1 3 0
169 ORDER 420 19 41 1 35 0
169 ORDER 421 13 20 4 44 0
169 ORDER 422 40 6 3 14 2
170 ORDER 423 39 23 1 42 3
170 ORDER 424 8 33 1 5 0
170 ORDER 425 30 33 3 21 1
171 ORDER 426 9 39 57 44 0
171 ORDER 427 26 14 33 44 1
171 ORDER 428 49 18 37 44 3
172 CANCEL 256
172 ORDER 429 9 8 2 23 0
172 ORDER 430 9 15 1 38 2
173 CANCEL 16
173 ORDER 431 18 41 26 43 0
173 ORDER 432 42 23 23 44 0
173 ORDER 433 45 39 48 43 1
174 CANCEL 197
174 ORDER 434 43 15 17 43 0
174 ORDER 435 22 11 22 43 0
175 CANCEL 123
175 ORDER 436 55 41 37 44 1
175 ORDER 437 42 21 2 13 2
175 ORDER 438 51 27 2 4 1
176 ORDER 439 48 41 1 20 2
176 ORDER 440 50 41 1 43 1
177 ORDER 441 35 26 3 36 0
177 ORDER 442 36 36 40 43 1
178 ORDER 443 27 41 7 44 0
178 ORDER 444 43 32 34 43 2
179 ORDER 445 33 11 5 43 0
179 ORDER 446 8 6 1 39 1
179 ORDER 447 6 5 1 2 0
180 ORDER 448 26 38 9 44 2
180 ORDER 449 14 17 2 37 0
181 ORDER 450 7 38 29 43 0
181 ORDER 451 10 18 2 38 0
182 ORDER 452 28 8 1 11 0
182 ORDER 453 39 39 3 8 1
182 ORDER 454 42 35 22 44 0
183 ORDER 455 39 3 3 15 2
183 ORDER 456 39 20 1 6 1
183 ORDER 457 40 3 1 19 3
184 ORDER 458 27 23 16 43 2
184 ORDER 459 26 8 18 44 0
184 ORDER 460 52 15 2 5 2
185 ORDER 461 10 32 3 33 0
185 ORDER 462 25 13 1 17 1
185 ORDER 463 25 27 3 43 1
186 CANCEL 173
186 ORDER 464 20 38 54 44 0
186 ORDER 465 25 20 1 40 0
186 ORDER 466 25 29 3 32 0
187 ORDER 467 11 14 40 44 0
187 ORDER 468 12 35 24 44 0
187 ORDER 469 15 30 3 2 1
188 ORDER 470 15 15 25 43 2
188 ORDER 471 50 29 2 34 1
188 ORDER 472 47 3 39 43 0
189 ORDER 473 7 8 17 43 2
189 ORDER 474 10 20 1 27 0
189 ORDER 475 25 14 2 39 0
190 ORDER 476 52 18 50 44 3
190 ORDER 477 18 33 1 44 0
190 ORDER 478 35 39 2 41 0
191 ORDER 479 45 9 2 24 0
191 ORDER 480 21 21 14 44 0
192 CANCEL 351
192 ORDER 481 39 24 1 37 2
192 ORDER 482 41 37 1 17 1
192 ORDER 483 43 21 1 24 0
193 ORDER 484 34 29 1 6 1
193 ORDER 485 54 11 3 15 0
193 ORDER 486 31 23 16 44 2
194 ORDER 487 18 29 3 8 0
194 ORDER 488 30 9 9 43 1
195 ORDER 489 32 14 1 25 3
195 ORDER 490 18 38 2 1 2
196 ORDER 491 48 17 2 41 1
196 ORDER 492 11 12 2 30 2
196 ORDER 493 30 3 3 38 2
197 CANCEL 111
197 ORDER 494 24 20 12 44 0
197 ORDER 495 27 12 56 43 2
197 ORDER 496 20 35 2 38 0
198 ORDER 497 28 18 3 9 1
198 ORDER 498 46 17 42 44 0
199 ORDER 499 48 17 1 29 1
199 ORDER 500 8 23 2 2 0
199 ORDER 501 55 12 11 44 1
199 BLOCK 15 3
200 CANCEL 290
200 CANCEL 431
200 ORDER 502 15 23 2 43 1
200 ORDER 503 47 6 1 39 1
201 ORDER 504 42 14 2 25 0
201 ORDER 505 15 41 43 44 0
201 ORDER 506 27 20 3 1 0
202 CANCEL 459
202 ORDER 507 50 39 2 7 0
202 ORDER 508 52 29 3 36 2
203 ORDER 509 45 39 51 44 0
203 ORDER 510 52 29 3 30 3
204 CANCEL 225
204 ORDER 511 47 29 3 37 1
204 ORDER 512 43 14 21 44 1
205 ORDER 513 28 3 51 44 0
205 ORDER 514 24 26 1 17 0
206 ORDER 515 12 33 33 43 2
206 ORDER 516 43 33 53 43 0
206 ORDER 517 12 24 55 43 0
207 ORDER 518 44 27 2 22 0
207 ORDER 519 44 24 47 44 3
208 ORDER 520 49 24 2 31 3
208 ORDER 521 6 11 3 18 0
209 ORDER 522 33 11 58 44 1
209 ORDER 523 31 30 1 33 0
210 ORDER 524 7 29 3 2 0
210 ORDER 525 54 5 3 8 1
211 ORDER 526 11 8 16 43 0
211 ORDER 527 20 14 53 43 0
211 ORDER 528 36 32 3 28 0
212 CANCEL 265
212 ORDER 529 9 24 49 44 0
212 ORDER 530 21 21 47 43 0
213 ORDER 531 46 5 16 43 1
213 ORDER 532 48 23 36 43 0
214 ORDER 533 17 24 3 31 0
214 ORDER 534 33 29 1 42 2
214 ORDER 535 12 24 2 9 0
215 CANCEL 242
215 ORDER 536 54 24 36 43 0
215 ORDER 537 10 23 2 22 0
216 CANCEL 526
216 ORDER 538 10 41 3 25 0
216 ORDER 539 22 3 2 10 0
217 CANCEL 437
217 ORDER 540 33 33 2 11 0
217 ORDER 541 36 36 6 44 0
218 CANCEL 458
218 ORDER 542 12 6 2 31 1
218 ORDER 543 30 3 31 44 0
219 ORDER 544 8 20 2 19 0
219 ORDER 545 11 35 3 36 2
220 ORDER 546 25 18 47 43 1
220 ORDER 547 44 32 56 44 0
221 CANCEL 350
221 ORDER 548 20 30 46 44 0
221 ORDER 549 30 5 1 21 0
222 ORDER 550 26 18 27 43 0
222 ORDER 551 7 8 3 1 1
223 ORDER 552 7 19 15 43 1
223 ORDER 553 28 20 51 44 0
223 ORDER 554 10 27 22 43 0
224 ORDER 555 25 32 1 28 1
224 ORDER 556 44 36 27 44 0
225 ORDER 557 37 41 11 44 0
225 ORDER 558 36 41 3 40 0
226 ORDER 559 34 3 22 43 0
226 ORDER 560 36 24 3 34 1
226 ORDER 561 6 35 1 20 0
227 ORDER 562 27 3 2 38 0
227 ORDER 563 19 35 2 41 2
227 ORDER 564 51 30 1 32 0
228 ORDER 565 25 3 8 43 0
228 ORDER 566 47 39 56 44 2
228 ORDER 567 54 32 1 44 1
229 ORDER 568 23 6 3 28 0
229 ORDER 569 55 20 1 42 0
229 ORDER 570 53 35 56 43 0
230 UNBLOCK 15 3
230 ORDER 571 36 3 1 25 1
230 ORDER 572 46 8 1 3 1
230 ORDER 573 53 29 2 44 0
231 ORDER 574 35 6 15 43 1
231 ORDER 575 20 38 6 43 0
232 ORDER 576 23 35 45 44 0
232 ORDER 577 49 41 3 7 0
233 CANCEL 519
233 ORDER 578 40 12 44 44 0
233 ORDER 579 22 14 47 43 2
234 UNBLOCK 43 44
234 ORDER 580 7 36 2 19 1
234 ORDER 581 38 14 3 22 1
235 ORDER 582 34 23 1 42 0
235 ORDER 583 12 35 3 43 0
236 ORDER 584 22 41 2 35 2
236 ORDER 585 20 24 3 21 1
236 ORDER 586 38 36 55 43 1
237 ORDER 587 34 33 3 4 2
237 ORDER 588 53 5 2 9 1
237 ORDER 589 14 12 2 26 1
238 ORDER 590 37 6 3 33 2
238 ORDER 591 40 18 1 17 1
238 BLOCK 32 5
239 CANCEL 194
239 CANCEL 367
239 ORDER 592 40 33 1 23 0
239 ORDER 593 17 36 1 22 0
240 ORDER 594 55 14 3 21 0
240 ORDER 595 50 29 45 43 1
241 ORDER 596 17 6 2 40 2
241 ORDER 597 49 5 1 7 0
241 ORDER 598 42 27 40 43 0
242 CANCEL 263
242 CANCEL 394
242 CANCEL 580
242 ORDER 599 16 39 1 39 0
242 ORDER 600 55 17 1 33 0
242 BLOCK 15 2
243 CANCEL 451
243 ORDER 601 16 38 50 44 1
243 ORDER 602 25 27 2 38 1
243 ORDER 603 19 17 5 44 1
244 UNBLOCK 27 32
244 ORDER 604 36 36 1 32 0
244 ORDER 605 12 5 3 6 2
244 ORDER 606 44 11 39 43 0
244 BLOCK 45 27
245 ORDER 607 36 35 1 5 0
245 ORDER 608 51 8 31 44 1
246 ORDER 609 9 27 2 7 0
246 ORDER 610 46 39 27 44 1
246 ORDER 611 18 26 24 43 0
247 ORDER 612 6 17 20 44 0
247 ORDER 613 7 32 21 43 0
247 ORDER 614 10 9 3 17 0
248 ORDER 615 29 36 34 44 0
248 ORDER 616 44 5 23 43 1
249 UNBLOCK 49 39
249 ORDER 617 38 29 1 41 1
249 ORDER 618 54 30 3 3 1
249 ORDER 619 19 18 2 23 0
250 ORDER 620 52 17 3 13 0
250 ORDER 621 13 18 7 44 3
251 ORDER 622 36 8 2 18 1
251 ORDER 623 6 18 14 43 0
251 ORDER 624 11 32 43 44 0
252 ORDER 625 46 8 12 43 0
252 ORDER 626 48 3 1 32 0
253 ORDER 627 10 12 33 43 2
253 ORDER 628 7 23 1 33 0
253 ORDER 629 27 27 3 39 1
254 CANCEL 199
254 ORDER 630 51 12 15 43 2
254 ORDER 631 10 41 1 38 0
255 UNBLOCK 53 14
255 ORDER 632 54 14 19 44 1
255 ORDER 633 10 41 6 44 0
255 ORDER 634 48 3 2 19 0
256 ORDER 635 39 20 1 3 0
256 ORDER 636 34 3 2 36 2
257 CANCEL 178
257 ORDER 637 18 14 29 43 0
257 ORDER 638 14 32 54 44 0
257 ORDER 639 19 23 37 43 2
258 ORDER 640 49 3 4 43 1
258 ORDER 641 44 29 43 44 0
259 ORDER 642 9 3 1 25 0
259 ORDER 643 8 11 1 28 1
260 CANCEL 616
260 ORDER 644 55 23 9 43 0
260 ORDER 645 30 36 2 38 0
261 CANCEL 205
261 ORDER 646 8 9 2 4 1
261 ORDER 647 46 5 53 43 1
262 ORDER 648 9 39 55 44 0
262 ORDER 649 47 21 2 11 0
263 ORDER 650 19 34 21 43 1
263 ORDER 651 26 23 2 4 0
263 ORDER 652 7 3 2 9 3
264 ORDER 653 11 41 1 22 3
264 ORDER 654 25 24 1 26 1
264 ORDER 655 30 36 6 44 0
265 CANCEL 211
265 ORDER 656 15 32 2 36 2
265 ORDER 657 10 32 2 16 2
265 ORDER 658 16 27 13 44 0
266 ORDER 659 26 6 6 44 0
266 ORDER 660 49 11 2 23 0
266 ORDER 661 7 30 32 44 0
267 ORDER 662 42 24 2 14 1
267 ORDER 663 9 14 1 2 1
267 ORDER 664 10 36 17 44 0
268 ORDER 665 18 18 26 44 3
268 ORDER 666 9 3 1 34 0
268 ORDER 667 48 24 2 19 3
269 CANCEL 496
269 ORDER 668 43 21 2 16 0
269 ORDER 669 48 5 50 44 1
269 ORDER 670 36 15 11 43 1
270 ORDER 671 38 24 2 44 0
270 ORDER 672 39 36 1 3 0
270 ORDER 673 47 41 3 5 2
271 ORDER 674 26 18 35 44 0
271 ORDER 675 50 11 2 34 1
271 ORDER 676 7 12 24 43 1
272 ORDER 677 29 41 16 43 3
272 ORDER 678 8 23 2 43 0
272 ORDER 679 54 9 2 29 1
273 ORDER 680 16 11 25 43 0
273 ORDER 681 46 23 2 40 0
273 ORDER 682 24 33 58 44 3
274 ORDER 683 41 39 1 6 0
274 ORDER 684 33 21 3 3 0
274 ORDER 685 38 8 2 21 0
275 CANCEL 210
275 ORDER 686 11 39 7 43 0
275 ORDER 687 46 15 1 7 0
275 ORDER 688 33 24 20 43 2
276 ORDER 689 16 23 18 44 1
276 ORDER 690 24 24 9 44 2
277 ORDER 691 39 21 25 44 0
277 ORDER 692 25 20 3 13 0
278 ORDER 693 36 39 2 14 1
278 ORDER 694 55 3 4 44 0
278 ORDER 695 29 12 10 43 0
279 ORDER 696 30 26 1 3 1
279 ORDER 697 7 5 3 21 0
279 ORDER 698 53 32 29 44 1
280 ORDER 699 16 20 28 44 0
280 ORDER 700 36 18 3 35 2
280 ORDER 701 18 30 37 43 1
281 ORDER 702 55 20 3 14 0
281 ORDER 703 32 21 2 7 0
281 ORDER 704 48 18 57 43 0
282 CANCEL 584
282 CANCEL 658
282 ORDER 705 38 27 46 44 3
282 ORDER 706 49 5 1 39 0
282 ORDER 707 25 12 3 39 1
282 CANCEL 100707
283 ORDER 708 38 36 3 23 1
283 ORDER 709 7 18 2 12 0
284 ORDER 710 19 32 49 43 0
284 ORDER 711 15 21 30 43 1
285 CANCEL 347
285 ORDER 712 19 11 24 44 0
285 ORDER 713 47 12 2 29 0
286 ORDER 714 28 18 43 43 0
286 ORDER 715 8 32 52 43 0
287 CANCEL 491
287 ORDER 716 38 15 8 43 1
287 ORDER 717 43 14 2 25 0
287 ORDER 718 46 32 3 23 0
288 CANCEL 429
288 ORDER 719 19 39 3 7 3
288 ORDER 720 47 27 2 6 0
289 UNBLOCK 35 30
289 ORDER 721 10 20 1 41 3
289 ORDER 722 35 26 17 44 1
289 ORDER 723 18 23 17 44 0
290 ORDER 724 52 3 1 20 0
290 ORDER 725 9 18 1 11 1
291 ORDER 726 20 26 3 19 1
291 ORDER 727 32 30 2 39 0
292 ORDER 728 50 21 16 44 0
292 ORDER 729 18 29 36 43 0
292 ORDER 730 20 38 23 43 0
293 ORDER 731 51 32 47 43 2
293 ORDER 732 55 17 3 44 0
294 ORDER 733 26 14 2 14 0
294 ORDER 734 27 14 2 32 0
295 CANCEL 598
295 ORDER 735 8 36 3 19 1
295 ORDER 736 49 8 1 38 0
296 ORDER 737 42 29 27 44 3
296 ORDER 738 38 9 3 18 0
297 ORDER 739 18 21 2 5 3
297 ORDER 740 25 33 48 44 0
297 ORDER 741 49 35 2 3 0
298 ORDER 742 55 29 2 2 0
298 ORDER 743 9 32 1 29 2
298 ORDER 744 52 33 3 13 0
299 ORDER 745 45 41 18 43 0
299 ORDER 746 19 33 2 34 3
300 ORDER 747 16 41 30 44 2
300 ORDER 748 6 14 22 43 0
300 ORDER 749 46 24 38 44 1
301 ORDER 750 11 9 3 11 1
301 ORDER 751 6 15 1 32 0
301 ORDER 752 18 27 50 44 1
302 ORDER 753 16 39 9 44 2
302 ORDER 754 41 36 3 14 0
302 ORDER 755 39 24 28 43 1
303 ORDER 756 13 20 3 18 0
303 ORDER 757 19 21 2 10 0
303 ORDER 758 55 3 33 44 0
304 ORDER 759 15 32 2 30 0
304 ORDER 760 34 30 13 44 0
305 ORDER 761 14 33 2 28 1
305 ORDER 762 20 30 8 43 2
305 ORDER 763 39 38 3 18 1
306 ORDER 764 16 30 1 9 0
306 ORDER 765 49 39 3 6 1
307 ORDER 766 26 3 1 30 1
307 ORDER 767 21 35 1 29 1
308 ORDER 768 32 30 2 42 2
308 ORDER 769 19 12 11 44 0
309 ORDER 770 19 36 1 44 0
309 ORDER 771 6 20 1 13 0
309 ORDER 772 39 38 12 43 0
310 CANCEL 579
310 ORDER 773 34 27 2 31 0
310 ORDER 774 18 5 1 43 2
311 ORDER 775 24 26 22 43 0
311 ORDER 776 27 18 17 44 0
311 ORDER 777 37 9 2 23 0
312 CANCEL 485
312 UNBLOCK 32 5
312 CANCEL 617
312 CANCEL 642
312 ORDER 778 36 20 2 30 1
312 ORDER 779 38 17 1 14 1
312 ORDER 780 25 27 2 3 3
313 ORDER 781 19 17 21 43 1
313 ORDER 782 21 20 13 43 0
314 ORDER 783 35 3 3 17 2
314 ORDER 784 10 24 1 24 1
315 ORDER 785 54 12 52 44 0
315 ORDER 786 52 27 35 43 0
315 ORDER 787 9 21 3 21 1
316 CANCEL 702
316 ORDER 788 44 27 14 43 0
316 ORDER 789 45 11 9 43 1
316 ORDER 790 12 21 44 44 0
317 ORDER 791 11 27 1 44 1
317 ORDER 792 8 21 22 43 0
318 CANCEL 593
318 ORDER 793 16 20 1 34 0
318 ORDER 794 51 8 34 44 2
319 ORDER 795 12 6 3 16 0
319 ORDER 796 53 35 3 22 1
319 ORDER 797 36 20 2 38 0
320 CANCEL 409
320 ORDER 798 54 27 39 43 1
320 ORDER 799 6 24 3 43 1
321 CANCEL 787
321 ORDER 800 23 35 3 42 0
321 ORDER 801 15 30 6 44 0
322 ORDER 802 13 36 2 7 0
322 ORDER 803 6 11 3 29 0
322 ORDER 804 55 24 2 20 1
323 ORDER 805 38 8 44 44 2
323 ORDER 806 25 14 1 23 3
324 ORDER 807 15 26 4 43 0
324 ORDER 808 19 38 28 44 0
324 ORDER 809 19 6 3 29 1
325 ORDER 810 32 18 52 43 0
325 ORDER 811 19 41 2 36 0
326 CANCEL 413
326 ORDER 812 39 20 20 43 0
326 ORDER 813 38 30 1 18 1
327 CANCEL 490
327 CANCEL 698
327 ORDER 814 38 29 46 44 1
327 ORDER 815 8 41 3 37 0
328 ORDER 816 35 18 3 36 0
328 ORDER 817 31 35 18 43 0
328 ORDER 818 11 5 12 44 0
329 ORDER 819 9 11 36 43 0
329 ORDER 820 39 9 1 37 0
329 ORDER 821 43 15 10 43 2
330 ORDER 822 44 38 1 37 0
330 ORDER 823 10 12 30 44 0
330 ORDER 824 30 41 14 43 0
331 CANCEL 399
331 ORDER 825 30 39 1 19 0
331 ORDER 826 28 30 48 43 0
331 ORDER 827 44 26 23 44 0
332 ORDER 828 45 8 3 27 1
332 ORDER 829 29 24 3 22 0
333 CANCEL 825
333 ORDER 830 42 21 3 18 0
333 ORDER 831 41 3 2 40 0
334 ORDER 832 17 32 2 30 2
334 ORDER 833 38 15 26 44 0
335 ORDER 834 10 9 3 43 0
335 ORDER 835 48 24 2 36 2
336 ORDER 836 49 12 40 44 3
336 ORDER 837 46 5 2 37 0
337 UNBLOCK 15 2
337 ORDER 838 41 30 22 43 0
337 ORDER 839 8 26 3 26 0
337 ORDER 840 12 39 3 17 1
338 ORDER 841 9 18 1 25 0
338 ORDER 842 35 24 14 44 0
338 ORDER 843 54 3 2 13 2
339 ORDER 844 45 18 3 22 1
339 ORDER 845 53 5 22 44 0
339 ORDER 846 46 35 24 43 1
340 ORDER 847 46 5 9 43 1
340 ORDER 848 9 38 3 15 1
340 ORDER 849 10 21 51 43 0
341 CANCEL 405
341 ORDER 850 36 5 50 44 0
341 ORDER 851 12 21 1 20 2
342 CANCEL 635
342 ORDER 852 54 24 2 12 1
342 ORDER 853 15 26 46 44 0
342 ORDER 854 7 26 3 8 1
343 ORDER 855 37 12 3 25 0
343 ORDER 856 7 36 46 44 0
343 ORDER 857 51 11 47 44 0
344 ORDER 858 37 21 47 43 1
344 ORDER 859 15 21 3 9 0
344 ORDER 860 30 38 2 22 0
345 CANCEL 597
345 ORDER 861 11 5 11 43 2
345 ORDER 862 28 17 14 43 3
345 ORDER 863 10 11 2 29 0
346 ORDER 864 25 3 3 24 1
346 ORDER 865 15 29 49 43 1
346 ORDER 866 17 8 39 44 3
347 ORDER 867 8 11 1 6 1
347 ORDER 868 6 29 17 43 0
348 CANCEL 858
348 ORDER 869 25 3 56 44 0
348 ORDER 870 50 9 1 1 1
348 ORDER 871 39 26 2 37 0
349 ORDER 872 19 15 53 44 1
349 ORDER 873 26 20 1 19 0
349 ORDER 874 28 38 3 3 0
350 ORDER 875 41 38 3 1 2
350 ORDER 876 21 35 43 44 3
351 ORDER 877 47 12 43 43 2
351 ORDER 878 7 3 3 21 0
352 CANCEL 553
352 ORDER 879 51 32 2 11 0
352 ORDER 880 8 12 28 44 0
352 ORDER 881 51 27 3 24 0
353 ORDER 882 38 29 45 44 0
353 ORDER 883 36 24 2 37 1
353 ORDER 884 46 30 3 32 0
354 ORDER 885 25 35 25 44 1
354 ORDER 886 36 20 53 43 1
354 ORDER 887 54 30 31 43 0
355 ORDER 888 11 8 2 38 0
355 ORDER 889 44 24 2 13 0
355 ORDER 890 17 6 1 31 3
356 ORDER 891 17 17 7 43 0
356 ORDER 892 49 36 2 41 0
357 ORDER 893 33 21 2 40 0
357 ORDER 894 44 15 30 44 1
357 ORDER 895 13 35 1 34 0
358 ORDER 896 39 35 55 43 1
358 ORDER 897 32 30 1 5 0
358 BLOCK 17 9
359 UNBLOCK 45 27
359 CANCEL 694
359 ORDER 898 29 41 48 44 1
359 ORDER 899 45 33 1 20 0
359 ORDER 900 22 23 4 44 1
360 CANCEL 712
360 ORDER 901 52 35 12 43 1
360 ORDER 902 20 6 6 43 0
361 CANCEL 474
361 ORDER 903 49 5 2 18 1
361 ORDER 904 55 33 3 14 1
361 ORDER 905 44 17 50 43 0
362 ORDER 906 9 9 42 43 0
362 ORDER 907 37 32 41 44 0
362 ORDER 908 50 38 4 43 0
363 ORDER 909 37 18 53 43 0
363 ORDER 910 19 36 2 41 1
364 CANCEL 500
364 ORDER 911 52 33 47 43 0
364 ORDER 912 37 23 1 22 0
364 ORDER 913 34 26 45 44 2
365 ORDER 914 49 11 2 41 0
365 ORDER 915 47 17 42 43 0
365 ORDER 916 26 41 50 44 1
366 ORDER 917 18 8 2 29 3
366 ORDER 918 16 3 2 11 0
366 ORDER 919 26 41 1 4 0
367 ORDER 920 38 14 43 43 0
367 ORDER 921 39 33 6 43 0
367 ORDER 922 40 6 1 36 0
368 CANCEL 724
368 ORDER 923 55 18 45 44 1
368 ORDER 924 28 9 5 43 0
368 ORDER 925 10 15 3 4 0
369 ORDER 926 25 11 2 3 0
369 ORDER 927 28 5 1 10 0
369 ORDER 928 13 37 3 25 3
370 ORDER 929 38 41 43 43 0
370 ORDER 930 43 29 2 35 0
370 ORDER 931 20 11 32 44 2
371 ORDER 932 21 5 1 18 0
371 ORDER 933 37 36 1 33 1
372 ORDER 934 27 30 18 43 0
372 ORDER 935 10 9 33 43 2
372 ORDER 936 35 6 3 9 1
373 ORDER 937 31 14 1 9 0
373 ORDER 938 16 38 2 42 1
373 ORDER 939 24 32 3 20 0
374 ORDER 940 12 29 55 44 0
374 ORDER 941 15 14 57 43 1
374 ORDER 942 11 11 53 44 0
375 ORDER 943 7 3 1 36 1
375 ORDER 944 19 38 2 44 2
375 ORDER 945 6 18 2 43 0
376 ORDER 946 44 33 39 44 0
376 ORDER 947 8 23 34 44 1
376 ORDER 948 17 5 2 37 0
377 ORDER 949 28 9 3 19 0
377 ORDER 950 20 8 1 44 2
378 CANCEL 543
378 CANCEL 595
378 CANCEL 607
378 ORDER 951 41 11 49 44 2
378 ORDER 952 30 18 1 25 1
379 CANCEL 661
379 ORDER 953 27 21 2 40 0
379 ORDER 954 40 15 33 44 0
379 ORDER 955 11 14 3 27 0
380 ORDER 956 39 6 1 16 0
380 ORDER 957 16 32 1 10 0
380 ORDER 958 26 8 55 43 1
381 ORDER 959 17 27 11 43 2
381 ORDER 960 9 29 34 43 1
382 ORDER 961 38 18 57 44 3
382 ORDER 962 16 41 3 37 1
383 ORDER 963 55 12 2 22 0
383 ORDER 964 26 15 3 24 1
384 ORDER 965 17 41 3 18 0
384 ORDER 966 42 23 1 35 0
384 ORDER 967 6 30 2 9 0
385 CANCEL 578
385 ORDER 968 46 36 3 20 0
385 ORDER 969 47 18 48 44 1
386 ORDER 970 37 20 2 28 2
386 ORDER 971 37 39 2 28 0
386 ORDER 972 22 36 2 6 0
387 CANCEL 704
387 ORDER 973 45 17 3 1 0
387 ORDER 974 27 8 2 34 0
388 ORDER 975 39 35 1 9 0
388 ORDER 976 15 32 12 43 1
388 ORDER 977 7 38 2 13 1
389 ORDER 978 40 12 16 43 1
389 ORDER 979 18 13 1 29 1
390 ORDER 980 40 18 42 44 0
390 ORDER 981 30 12 3 42 0
390 ORDER 982 47 32 2 31 1
391 ORDER 983 28 18 1 8 1
391 ORDER 984 33 11 2 10 0
392 ORDER 985 6 3 3 27 0
392 ORDER 986 10 23 8 44 3
393 ORDER 987 18 39 2 7 0
393 ORDER 988 10 24 8 44 1
393 ORDER 989 18 26 3 5 1
394 ORDER 990 24 35 3 43 2
394 ORDER 991 55 18 35 44 1
395 CANCEL 631
395 CANCEL 903
395 ORDER 992 54 29 2 8 0
395 ORDER 993 40 17 2 25 0
396 ORDER 994 52 35 2 13 1
396 ORDER 995 30 36 43 43 1
397 CANCEL 785
397 ORDER 996 15 23 17 43 1
397 ORDER 997 28 36 3 12 0
398 CANCEL 690
398 ORDER 998 55 41 36 43 0
398 ORDER 999 45 27 1 19 0
399 CANCEL 552
399 ORDER 1000 28 30 8 44 3
399 ORDER 1001 43 20 1 32 2
399 ORDER 1002 21 41 38 43 1
400 ORDER 1003 16 8 1 29 1
400 ORDER 1004 16 20 3 6 0
401 ORDER 1005 14 17 2 38 0
401 ORDER 1006 52 30 15 43 0
401 ORDER 1007 48 5 31 44 0
402 ORDER 1008 39 21 1 16 1
402 ORDER 1009 33 35 47 43 0
402 ORDER 1010 52 30 24 43 0
403 ORDER 1011 7 21 23 43 0
403 ORDER 1012 27 18 51 43 1
404 ORDER 1013 32 32 1 36 0
404 ORDER 1014 45 11 1 4 2
405 ORDER 1015 23 33 1 24 0
405 ORDER 1016 42 30 3 22 0
406 CANCEL 730
406 ORDER 1017 34 15 44 44 3
406 ORDER 1018 25 41 36 44 0
407 ORDER 1019 50 6 48 43 0
407 ORDER 1020 6 3 32 43 0
408 ORDER 1021 7 11 49 44 0
408 ORDER 1022 40 8 6 43 0
408 ORDER 1023 21 11 1 20 0
409 ORDER 1024 50 14 49 44 1
409 ORDER 1025 49 9 49 44 2
409 ORDER 1026 16 26 1 5 1
410 ORDER 1027 22 9 1 16 2
410 ORDER 1028 18 3 26 44 0
410 ORDER 1029 25 9 43 43 0
411 CANCEL 752
411 ORDER 1030 26 8 3 15 1
411 ORDER 1031 39 23 2 35 0
411 ORDER 1032 30 17 9 43 0
412 ORDER 1033 31 21 3 39 0
412 ORDER 1034 53 33 50 44 1
413 CANCEL 803
413 ORDER 1035 7 3 1 28 0
413 ORDER 1036 23 24 15 43 3
413 ORDER 1037 29 21 2 19 0
414 ORDER 1038 16 39 29 43 3
414 ORDER 1039 34 8 8 44 1
414 ORDER 1040 37 9 54 43 0
415 ORDER 1041 46 26 8 44 0
415 ORDER 1042 37 23 2 15 0
415 ORDER 1043 33 29 2 7 0
416 ORDER 1044 25 18 2 16 1
416 ORDER 1045 28 11 7 43 1
417 ORDER 1046 32 35 54 43 0
417 ORDER 1047 28 26 3 3 0
418 ORDER 1048 16 32 1 24 0
418 ORDER 1049 18 6 51 44 0
419 CANCEL 823
419 ORDER 1050 18 33 37 43 0
419 ORDER 1051 30 38 41 44 0
420 ORDER 1052 52 6 1 44 0
420 ORDER 1053 54 29 2 36 0
421 CANCEL 588
421 ORDER 1054 10 11 5 44 0
421 ORDER 1055 27 24 2 40 1
421 ORDER 1056 17 29 40 43 0
422 CANCEL 660
422 ORDER 1057 54 33 2 28 0
422 ORDER 1058 40 18 3 42 1
422 ORDER 1059 39 39 1 8 1
423 CANCEL 639
423 ORDER 1060 29 29 1 32 0
423 ORDER 1061 18 20 1 30 0
424 CANCEL 951
424 ORDER 1062 32 18 2 34 0
424 ORDER 1063 45 30 43 44 0
425 CANCEL 716
425 CANCEL 755
425 ORDER 1064 35 20 6 44 2
425 ORDER 1065 36 15 26 44 0
426 ORDER 1066 46 41 20 43 1
426 ORDER 1067 29 39 16 44 0
427 ORDER 1068 20 26 58 43 3
427 ORDER 1069 53 29 2 2 0
427 ORDER 1070 47 38 3 15 2
428 ORDER 1071 50 12 27 44 0
428 ORDER 1072 49 33 13 43 0
428 ORDER 1073 16 21 21 43 0
429 CANCEL 805
429 ORDER 1074 54 12 3 27 0
429 ORDER 1075 41 5 1 1 0
430 CANCEL 609
430 ORDER 1076 17 12 47 43 1
430 ORDER 1077 46 6 39 44 3
431 CANCEL 576
431 ORDER 1078 31 35 1 25 1
431 ORDER 1079 29 36 2 19 0
431 ORDER 1080 9 12 26 44 0
432 ORDER 1081 47 30 3 12 0
432 ORDER 1082 18 23 1 27 0
432 ORDER 1083 53 29 1 30 0
433 CANCEL 727
433 ORDER 1084 36 18 1 1 0
433 ORDER 1085 16 41 1 30 0
434 ORDER 1086 11 14 40 44 0
434 ORDER 1087 22 38 1 7 0
435 ORDER 1088 16 9 36 43 1
435 ORDER 1089 49 36 1 27 0
435 ORDER 1090 45 5 24 44 0
436 ORDER 1091 11 8 8 43 1
436 ORDER 1092 16 5 1 30 0
436 ORDER 1093 11 33 3 43 1
437 CANCEL 774
437 ORDER 1094 20 12 2 5 0
437 ORDER 1095 33 33 3 27 1
437 ORDER 1096 29 18 2 39 1
438 CANCEL 900
438 ORDER 1097 11 12 24 43 0
438 ORDER 1098 46 30 1 1 1
438 ORDER 1099 8 32 55 44 3
438 BLOCK 10 26
439 ORDER 1100 20 15 16 43 0
439 ORDER 1101 11 26 27 44 0
439 ORDER 1102 11 7 57 44 0
440 ORDER 1103 52 20 35 44 1
440 ORDER 1104 22 33 3 33 0
441 ORDER 1105 49 24 3 27 0
441 ORDER 1106 23 24 3 35 0
441 ORDER 1107 17 24 2 12 1
442 CANCEL 1046
442 CANCEL 1050
442 ORDER 1108 31 33 3 42 2
442 ORDER 1109 54 41 1 42 0
442 ORDER 1110 40 6 1 9 0
443 ORDER 1111 23 8 38 44 0
443 ORDER 1112 18 17 1 23 1
443 ORDER 1113 18 6 3 17 0
444 CANCEL 983
444 ORDER 1114 19 39 3 29 0
444 ORDER 1115 29 41 3 15 0
445 ORDER 1116 26 14 1 18 0
445 ORDER 1117 38 6 52 43 3
446 CANCEL 1092
446 ORDER 1118 49 21 2 2 0
446 ORDER 1119 32 30 2 43 2
446 ORDER 1120 10 15 44 43 0
447 ORDER 1121 12 33 25 44 1
447 ORDER 1122 49 36 3 16 0
448 ORDER 1123 6 38 30 44 0
448 ORDER 1124 33 41 2 24 1
448 ORDER 1125 37 17 3 3 2
449 CANCEL 664
449 ORDER 1126 22 9 1 18 0
449 ORDER 1127 22 9 31 43 0
450 ORDER 1128 48 3 3 3 0
450 ORDER 1129 21 3 42 43 0
450 ORDER 1130 46 38 36 44 0
451 ORDER 1131 17 32 35 43 0
451 ORDER 1132 27 23 3 37 0
452 ORDER 1133 13 11 2 29 0
452 ORDER 1134 23 8 1 23 3
453 ORDER 1135 21 6 16 43 0
453 ORDER 1136 32 23 19 43 0
454 ORDER 1137 13 33 54 43 0
454 ORDER 1138 39 12 2 11 0
455 ORDER 1139 10 41 3 23 0
455 ORDER 1140 42 24 1 29 0
455 ORDER 1141 35 17 2 20 1
456 ORDER 1142 19 9 38 44 0
456 ORDER 1143 44 15 40 43 0
456 ORDER 1144 54 26 44 44 0
457 ORDER 1145 10 17 1 17 0
457 ORDER 1146 7 41 3 38 2
458 CANCEL 775
458 ORDER 1147 49 17 51 44 0
458 ORDER 1148 29 23 2 19 1
458 ORDER 1149 52 35 1 40 0
459 ORDER 1150 54 26 44 44 0
459 ORDER 1151 17 15 15 44 1
460 ORDER 1152 50 36 3 5 0
460 ORDER 1153 35 33 36 44 1
460 ORDER 1154 37 20 3 2 3
461 CANCEL 674
461 ORDER 1155 11 21 2 19 1
461 ORDER 1156 9 24 8 43 0
462 ORDER 1157 52 24 22 44 1
462 ORDER 1158 7 6 1 40 2
462 ORDER 1159 40 8 30 43 1
463 CANCEL 1077
463 ORDER 1160 50 6 22 44 0
463 ORDER 1161 21 9 2 13 0
463 ORDER 1162 51 35 55 43 2
464 ORDER 1163 18 11 3 1 0
464 ORDER 1164 6 15 44 43 0
464 ORDER 1165 6 17 2 28 0
465 ORDER 1166 10 14 3 30 1
465 ORDER 1167 6 27 2 18 0
466 ORDER 1168 47 30 16 44 0
466 ORDER 1169 35 9 2 36 0
467 ORDER 1170 48 18 37 44 2
467 ORDER 1171 44 30 3 36 0
467 ORDER 1172 41 23 2 1 0
468 ORDER 1173 21 14 3 4 1
468 ORDER 1174 9 39 19 44 1
468 ORDER 1175 54 29 33 43 1
469 ORDER 1176 30 38 3 27 3
469 ORDER 1177 22 9 16 43 1
470 CANCEL 912
470 ORDER 1178 51 23 2 31 3
470 ORDER 1179 47 29 3 3 2
470 ORDER 1180 22 23 3 9 0
471 ORDER 1181 31 30 1 17 0
471 ORDER 1182 21 15 41 43 0
471 ORDER 1183 45 20 3 27 2
472 ORDER 1184 8 24 41 44 0
472 ORDER 1185 7 27 43 44 1
473 CANCEL 847
473 ORDER 1186 13 6 1 6 1
473 ORDER 1187 26 30 3 27 0
474 ORDER 1188 27 11 22 43 0
474 ORDER 1189 38 17 40 44 1
475 UNBLOCK 17 9
475 ORDER 1190 39 8 48 44 1
475 ORDER 1191 38 14 45 44 0
475 ORDER 1192 48 11 3 2 0
476 ORDER 1193 15 14 34 44 2
476 ORDER 1194 33 26 3 11 0
477 CANCEL 1051
477 ORDER 1195 41 41 3 4 3
477 ORDER 1196 17 17 2 18 2
477 ORDER 1197 24 24 3 32 1
478 ORDER 1198 37 24 56 43 0
478 ORDER 1199 7 35 2 19 2
478 ORDER 1200 20 9 2 31 0
479 ORDER 1201 7 26 2 42 1
479 ORDER 1202 45 30 57 43 0
480 ORDER 1203 39 17 14 44 1
480 ORDER 1204 45 3 2 21 0
481 ORDER 1205 42 33 2 12 1
481 ORDER 1206 47 14 23 43 0
482 ORDER 1207 27 41 1 28 0
482 ORDER 1208 27 39 1 37 1
483 ORDER 1209 29 17 3 25 1
483 ORDER 1210 17 30 45 43 1
483 ORDER 1211 51 29 3 27 0
484 CANCEL 890
484 CANCEL 1167
484 ORDER 1212 35 39 1 1 2
484 ORDER 1213 43 14 2 13 0
484 ORDER 1214 54 41 2 17 0
485 ORDER 1215 42 29 29 43 0
485 ORDER 1216 13 6 39 44 0
486 ORDER 1217 44 35 38 43 0
486 ORDER 1218 20 35 2 7 0
487 ORDER 1219 17 17 2 31 0
487 ORDER 1220 17 11 9 44 0
487 ORDER 1221 15 29 3 40 0
488 CANCEL 873
488 CANCEL 1171
488 ORDER 1222 19 27 1 2 1
488 ORDER 1223 15 41 2 14 0
489 CANCEL 1206
489 ORDER 1224 21 41 3 16 3
489 ORDER 1225 9 30 32 44 0
489 ORDER 1226 47 15 44 44 0
490 ORDER 1227 45 36 3 28 1
490 ORDER 1228 38 15 2 17 2
490 ORDER 1229 35 33 6 43 0
491 ORDER 1230 47 6 38 43 1
491 ORDER 1231 46 5 46 43 0
492 CANCEL 930
492 ORDER 1232 25 26 3 5 0
492 ORDER 1233 30 15 36 44 0
493 CANCEL 977
493 ORDER 1234 33 12 1 20 0
493 ORDER 1235 42 6 38 44 0
493 ORDER 1236 45 18 3 5 0
494 ORDER 1237 43 12 18 44 0
494 ORDER 1238 12 9 1 20 1
494 ORDER 1239 12 5 46 43 0
495 CANCEL 1039
495 ORDER 1240 49 17 1 23 3
495 ORDER 1241 22 33 28 44 0
496 ORDER 1242 35 5 1 17 0
496 ORDER 1243 39 41 2 28 1
496 ORDER 1244 35 39 3 27 0
497 CANCEL 762
497 CANCEL 820
497 ORDER 1245 16 27 2 27 0
497 ORDER 1246 24 32 18 44 1
498 CANCEL 965
498 ORDER 1247 33 30 27 43 3
498 ORDER 1248 35 26 1 34 2
498 ORDER 1249 40 20 1 18 0
499 ORDER 1250 26 39 1 39 0
499 ORDER 1251 19 17 1 10 0
500 ORDER 1252 33 24 32 43 1
500 ORDER 1253 19 38 3 33 0
500 ORDER 1254 40 38 3 17 0
501 CANCEL 1105
501 ORDER 1255 23 23 2 6 3
501 ORDER 1256 18 9 28 44 2
501 ORDER 1257 25 41 1 33 0
502 ORDER 1258 45 15 37 43 0
502 ORDER 1259 36 29 2 35 1
503 CANCEL 1259
503 ORDER 1260 27 21 53 43 0
503 ORDER 1261 44 41 19 44 0
504 CANCEL 1244
504 ORDER 1262 10 11 1 11 2
504 ORDER 1263 7 27 20 44 0
505 ORDER 1264 7 15 2 19 1
505 ORDER 1265 21 23 5 44 1
505 ORDER 1266 39 35 3 40 0
506 ORDER 1267 28 41 1 10 0
506 ORDER 1268 23 8 2 35 2
506 ORDER 1269 46 21 29 44 1
507 ORDER 1270 17 39 1 43 2
507 ORDER 1271 26 14 2 30 1
507 ORDER 1272 30 14 2 35 0
508 ORDER 1273 38 9 55 44 0
508 ORDER 1274 49 38 25 43 1
508 ORDER 1275 14 15 3 17 3
509 ORDER 1276 38 5 2 31 0
509 ORDER 1277 20 26 3 18 0
510 ORDER 1278 50 32 49 44 1
510 ORDER 1279 26 9 1 36 0
511 ORDER 1280 31 21 1 7 0
511 ORDER 1281 25 15 20 44 1
512 ORDER 1282 19 11 1 31 2
512 ORDER 1283 41 14 1 30 0
513 ORDER 1284 9 36 36 43 2
513 ORDER 1285 43 17 1 40 1
514 CANCEL 871
514 CANCEL 878
514 ORDER 1286 12 27 1 8 0
514 ORDER 1287 38 9 33 43 0
514 ORDER 1288 41 11 52 44 0
515 ORDER 1289 51 8 27 43 0
515 ORDER 1290 46 30 41 44 0
516 CANCEL 1267
516 ORDER 1291 28 35 56 43 0
516 ORDER 1292 17 11 35 44 0
517 CANCEL 1264
517 ORDER 1293 20 11 3 13 0
517 ORDER 1294 40 33 1 20 0
517 ORDER 1295 36 20 1 7 2
518 UNBLOCK 10 26
518 CANCEL 1155
518 ORDER 1296 9 26 57 43 0
518 ORDER 1297 8 21 2 38 0
518 ORDER 1298 20 3 23 44 0
519 CANCEL 845
519 ORDER 1299 45 35 2 24 2
519 ORDER 1300 9 5 3 36 0
520 ORDER 1301 12 35 1 38 0
520 ORDER 1302 36 27 48 43 0
520 ORDER 1303 49 35 6 44 0
521 ORDER 1304 45 6 3 22 2
521 ORDER 1305 6 8 51 44 0
522 ORDER 1306 9 36 55 43 3
522 ORDER 1307 25 36 2 24 1
522 ORDER 1308 11 9 54 43 0
523 ORDER 1309 39 18 3 23 0
523 ORDER 1310 43 14 1 28 0
524 ORDER 1311 49 35 9 43 3
524 ORDER 1312 11 17 36 44 0
525 CANCEL 1000
525 ORDER 1313 36 29 3 20 2
525 ORDER 1314 26 18 1 7 2
525 ORDER 1315 55 6 2 29 0
525 BLOCK 40 33
526 ORDER 1316 54 15 1 33 0
526 ORDER 1317 28 14 2 6 2
526 ORDER 1318 19 21 2 21 0
527 CANCEL 1058
527 ORDER 1319 27 26 13 43 0
527 ORDER 1320 55 14 1 42 1
527 ORDER 1321 52 35 45 44 1
528 ORDER 1322 37 24 1 30 3
528 ORDER 1323 36 30 1 35 2
528 ORDER 1324 46 24 22 43 0
529 CANCEL 1099
529 ORDER 1325 49 23 3 40 0
529 ORDER 1326 28 8 58 43 0
529 ORDER 1327 35 15 2 3 0
530 CANCEL 1084
530 ORDER 1328 31 23 16 44 0
530 ORDER 1329 12 36 3 17 1
530 ORDER 1330 40 41 3 4 0
531 ORDER 1331 10 23 49 44 3
531 ORDER 1332 16 3 1 40 0
531 ORDER 1333 55 26 39 44 0
532 CANCEL 1027
532 ORDER 1334 40 17 2 29 0
532 ORDER 1335 28 18 3 9 1
532 ORDER 1336 45 5 3 30 0
533 ORDER 1337 53 41 23 44 0
533 ORDER 1338 37 23 21 43 0
533 ORDER 1339 22 11 33 43 1
534 ORDER 1340 11 6 58 44 0
534 ORDER 1341 41 33 1 32 0
535 ORDER 1342 48 39 1 39 2
535 ORDER 1343 9 26 3 22 1
535 ORDER 1344 16 27 1 2 0
535 BLOCK 22 5
536 CANCEL 1014
536 ORDER 1345 37 26 27 44 2
536 ORDER 1346 38 9 45 43 0
537 ORDER 1347 28 26 1 34 0
537 ORDER 1348 48 21 33 43 2
538 ORDER 1349 35 17 2 25 0
538 ORDER 1350 18 21 51 43 0
538 ORDER 1351 34 41 30 44 0
539 ORDER 1352 48 36 3 4 2
539 ORDER 1353 45 26 1 9 0
540 ORDER 1354 26 39 17 44 0
540 ORDER 1355 53 26 1 8 0
541 ORDER 1356 36 27 16 43 1
541 ORDER 1357 27 30 38 43 0
541 ORDER 1358 52 20 17 43 1
542 ORDER 1359 40 5 8 44 1
542 ORDER 1360 45 8 3 31 0
543 ORDER 1361 42 26 3 36 0
543 ORDER 1362 44 38 1 18 0
544 ORDER 1363 47 41 2 15 0
544 ORDER 1364 25 20 14 44 0
545 ORDER 1365 8 30 1 28 0
545 ORDER 1366 18 30 15 43 0
546 CANCEL 1019
546 CANCEL 1347
546 ORDER 1367 35 3 3 43 0
546 ORDER 1368 35 36 6 43 3
547 ORDER 1369 29 23 2 2 0
547 ORDER 1370 24 26 24 44 0
547 ORDER 1371 44 26 3 22 0
548 CANCEL 1148
548 ORDER 1372 8 15 2 4 0
548 ORDER 1373 8 27 2 19 0
549 ORDER 1374 6 41 35 44 0
549 ORDER 1375 21 11 2 41 2
550 ORDER 1376 45 8 27 43 0
550 ORDER 1377 9 9 2 24 0
551 ORDER 1378 26 29 1 19 0
551 ORDER 1379 27 38 57 44 0
551 ORDER 1380 36 35 3 16 0
552 ORDER 1381 54 41 31 43 1
552 ORDER 1382 49 15 3 5 0
553 ORDER 1383 7 17 3 25 1
553 ORDER 1384 24 20 2 17 3
553 ORDER 1385 6 35 5 44 0
553 BLOCK 8 43
554 ORDER 1386 54 24 36 43 0
554 ORDER 1387 44 35 3 21 0
555 CANCEL 1204
555 CANCEL 1281
555 ORDER 1388 10 30 3 30 1
555 ORDER 1389 48 18 57 44 0
556 ORDER 1390 23 30 2 38 0
556 ORDER 1391 38 38 17 44 2
557 ORDER 1392 20 35 41 44 3
557 ORDER 1393 44 26 3 36 0
558 ORDER 1394 12 20 3 27 1
558 ORDER 1395 12 35 1 27 2
558 ORDER 1396 45 32 2 44 0
559 ORDER 1397 6 32 41 43 0
559 ORDER 1398 35 33 33 43 2
559 ORDER 1399 51 29 10 44 2
560 CANCEL 1002
560 ORDER 1400 16 32 5 44 0
560 ORDER 1401 47 5 1 13 0
560 ORDER 1402 31 30 3 44 0
561 ORDER 1403 33 41 57 43 0
561 ORDER 1404 8 27 1 30 0
561 ORDER 1405 49 11 3 15 0
562 ORDER 1406 11 12 42 44 0
562 ORDER 1407 40 8 33 44 2
562 ORDER 1408 54 3 3 27 2
563 ORDER 1409 10 17 49 44 0
563 ORDER 1410 48 21 2 5 3
564 ORDER 1411 42 27 56 43 0
564 ORDER 1412 7 5 1 13 2
564 ORDER 1413 28 27 51 43 0
565 ORDER 1414 8 18 38 44 2
565 ORDER 1415 17 5 45 43 0
566 CANCEL 1388
566 ORDER 1416 55 30 28 43 1
566 ORDER 1417 44 36 2 30 0
567 ORDER 1418 22 12 8 43 2
567 ORDER 1419 20 36 37 43 0
567 BLOCK 32 41
568 CANCEL 1375
568 ORDER 1420 42 24 1 43 1
568 ORDER 1421 52 27 1 17 1
569 ORDER 1422 7 17 3 8 2
569 ORDER 1423 44 29 2 3 0
569 ORDER 1424 11 21 3 32 0
570 ORDER 1425 39 3 44 44 0
570 ORDER 1426 48 23 3 27 2
570 ORDER 1427 29 15 3 17 0
571 ORDER 1428 26 9 41 44 0
571 ORDER 1429 47 38 2 7 3
571 ORDER 1430 29 27 3 43 2
572 ORDER 1431 39 11 30 44 0
572 ORDER 1432 46 5 25 44 0
572 ORDER 1433 18 3 3 1 2
573 CANCEL 1108
573 ORDER 1434 41 8 3 1 2
573 ORDER 1435 55 26 2 26 1
574 ORDER 1436 26 8 3 34 0
574 ORDER 1437 30 23 16 43 0
574 ORDER 1438 26 16 26 43 0
575 ORDER 1439 30 5 11 43 0
575 ORDER 1440 42 35 30 44 0
576 ORDER 1441 28 14 31 43 0
576 ORDER 1442 40 12 1 42 2
577 ORDER 1443 25 14 2 35 1
577 ORDER 1444 48 3 3 6 0
578 ORDER 1445 40 39 3 27 0
578 ORDER 1446 11 39 30 44 0
579 ORDER 1447 6 36 45 44 2
579 ORDER 1448 25 17 2 10 2
580 CANCEL 1030
580 ORDER 1449 6 17 1 1 0
580 ORDER 1450 28 29 2 26 0
581 ORDER 1451 16 30 38 43 1
581 ORDER 1452 36 41 56 44 1
581 ORDER 1453 29 12 7 44 0
581 BLOCK 43 43
582 ORDER 1454 46 38 1 6 1
582 ORDER 1455 24 35 4 44 0
583 ORDER 1456 48 26 2 22 1
583 ORDER 1457 46 38 15 43 1
583 ORDER 1458 50 35 3 13 2
584 ORDER 1459 16 41 2 37 0
584 ORDER 1460 19 32 37 43 0
584 ORDER 1461 8 38 1 35 0
585 ORDER 1462 33 23 37 43 0
585 ORDER 1463 36 38 55 43 0
586 ORDER 1464 26 29 47 44 1
586 ORDER 1465 34 32 40 43 0
587 ORDER 1466 46 17 32 43 0
587 ORDER 1467 39 15 38 43 2
588 ORDER 1468 9 9 37 44 0
588 ORDER 1469 49 5 3 7 0
589 UNBLOCK 22 5
589 ORDER 1470 18 24 55 43 0
589 ORDER 1471 55 8 3 14 1
589 ORDER 1472 8 32 1 34 0
590 ORDER 1473 36 30 1 4 0
590 ORDER 1474 8 36 2 27 1
591 ORDER 1475 18 18 3 6 2
591 ORDER 1476 46 11 28 43 2
591 ORDER 1477 38 12 1 34 0
592 ORDER 1478 46 41 20 44 3
592 ORDER 1479 19 23 1 13 0
593 ORDER 1480 8 35 1 39 1
593 ORDER 1481 7 38 55 44 0
594 CANCEL 1400
594 ORDER 1482 33 26 2 1 0
594 ORDER 1483 12 26 1 33 1
595 ORDER 1484 8 27 3 7 0
595 ORDER 1485 42 8 1 4 0
595 ORDER 1486 45 30 1 17 1
596 ORDER 1487 15 39 47 44 0
596 ORDER 1488 50 8 1 23 3
597 CANCEL 1116
597 ORDER 1489 40 5 3 32 2
597 ORDER 1490 32 21 33 43 1
597 ORDER 1491 50 39 37 43 0
598 ORDER 1492 51 11 33 43 0
598 ORDER 1493 41 8 1 9 0
598 ORDER 1494 18 15 52 43 0
599 ORDER 1495 54 30 1 34 0
599 ORDER 1496 11 31 3 1 0
599 ORDER 1497 7 36 33 43 0
600 ORDER 1498 55 12 47 43 0
600 ORDER 1499 55 35 25 43 0
601 ORDER 1500 10 23 3 7 1
601 ORDER 1501 27 13 17 44 0
601 ORDER 1502 29 12 51 43 1
602 ORDER 1503 37 9 54 44 2
602 ORDER 1504 9 39 3 18 1
603 CANCEL 1255
603 ORDER 1505 26 8 11 44 1
603 ORDER 1506 8 33 48 43 0
604 ORDER 1507 19 33 2 26 0
604 ORDER 1508 45 33 21 44 0
605 CANCEL 1252
605 CANCEL 1256
605 ORDER 1509 7 18 17 44 3
605 ORDER 1510 38 32 1 44 0
606 CANCEL 1178
606 CANCEL 1192
606 ORDER 1511 9 15 52 43 0
606 ORDER 1512 18 36 2 41 0
606 ORDER 1513 48 24 25 44 0
607 ORDER 1514 41 35 3 26 0
607 ORDER 1515 27 29 58 43 2
608 ORDER 1516 34 5 2 25 0
608 ORDER 1517 11 17 39 44 0
608 ORDER 1518 27 26 9 44 1
609 CANCEL 1038
609 CANCEL 1326
609 ORDER 1519 55 39 2 35 1
609 ORDER 1520 28 8 51 43 1
610 CANCEL 1501
610 CANCEL 1514
610 ORDER 1521 18 21 2 21 0
610 ORDER 1522 12 11 1 25 1
610 ORDER 1523 26 20 3 43 1
611 CANCEL 1409
611 ORDER 1524 25 12 1 29 0
611 ORDER 1525 30 5 44 43 1
612 ORDER 1526 50 11 1 6 0
612 ORDER 1527 19 39 3 14 0
613 CANCEL 1144
613 ORDER 1528 29 8 6 44 3
613 ORDER 1529 31 12 1 31 3
614 CANCEL 1433
614 ORDER 1530 43 29 2 25 0
614 ORDER 1531 40 12 2 2 0
614 ORDER 1532 26 8 15 43 3
615 CANCEL 1063
615 ORDER 1533 6 26 19 44 1
615 ORDER 1534 45 11 45 44 0
615 BLOCK 20 39
616 ORDER 1535 46 41 44 44 1
616 ORDER 1536 49 36 44 43 3
617 CANCEL 1054
617 ORDER 1537 34 11 3 24 0
617 ORDER 1538 25 27 29 44 0
618 CANCEL 1416
618 ORDER 1539 34 29 45 44 0
618 ORDER 1540 37 5 3 4 1
619 ORDER 1541 35 27 49 44 1
619 ORDER 1542 45 11 1 7 2
620 ORDER 1543 17 29 20 43 0
620 ORDER 1544 27 21 1 28 0
621 ORDER 1545 46 41 57 43 0
621 ORDER 1546 33 11 2 29 0
622 ORDER 1547 51 12 18 44 3
622 ORDER 1548 39 21 3 4 1
622 ORDER 1549 50 36 12 43 0
623 CANCEL 1243
623 ORDER 1550 47 17 26 43 0
623 ORDER 1551 46 27 2 28 0
624 CANCEL 1161
624 ORDER 1552 10 12 32 43 2
624 ORDER 1553 52 15 36 43 1
625 CANCEL 1201
625 ORDER 1554 45 6 8 44 3
625 ORDER 1555 20 26 3 2 1
625 ORDER 1556 27 26 1 43 0
626 ORDER 1557 15 29 54 43 1
626 ORDER 1558 12 9 3 31 2
626 ORDER 1559 16 8 3 38 0
627 ORDER 1560 36 5 2 21 0
627 ORDER 1561 17 36 3 31 0
628 UNBLOCK 8 43
628 ORDER 1562 27 20 3 28 0
628 ORDER 1563 33 32 2 7 1
628 ORDER 1564 49 35 2 6 2
629 ORDER 1565 42 33 3 39 2
629 ORDER 1566 19 38 2 15 0
630 CANCEL 1362
630 ORDER 1567 30 36 1 22 0
630 ORDER 1568 35 27 17 44 0
631 ORDER 1569 16 12 18 44 0
631 ORDER 1570 34 38 55 44 0
631 ORDER 1571 42 24 2 42 0
632 CANCEL 1210
632 ORDER 1572 27 3 3 2 0
632 ORDER 1573 28 11 3 30 0
632 ORDER 1574 18 23 2 6 0
633 ORDER 1575 22 38 1 19 0
633 ORDER 1576 50 39 11 43 0
634 ORDER 1577 8 32 5 44 0
634 ORDER 1578 25 17 1 35 0
634 ORDER 1579 49 3 30 43 0
635 CANCEL 1180
635 ORDER 1580 46 14 3 26 1
635 ORDER 1581 36 38 12 44 3
635 ORDER 1582 15 41 39 44 2
636 ORDER 1583 43 17 54 44 0
636 ORDER 1584 55 9 45 43 3
637 ORDER 1585 39 6 7 44 0
637 ORDER 1586 27 6 13 43 0
638 ORDER 1587 40 3 2 6 1
638 ORDER 1588 39 21 1 17 3
638 ORDER 1589 48 15 1 2 0
639 CANCEL 1308
639 ORDER 1590 55 18 1 6 1
639 ORDER 1591 53 20 55 43 0
640 ORDER 1592 6 9 1 36 0
640 ORDER 1593 40 36 51 43 1
641 ORDER 1594 55 14 57 44 1
641 ORDER 1595 42 6 2 4 0
641 ORDER 1596 19 27 3 35 0
642 ORDER 1597 16 36 2 12 1
642 ORDER 1598 41 11 1 36 0
642 ORDER 1599 15 14 3 28 1
643 ORDER 1600 28 8 14 44 0
643 ORDER 1601 41 6 29 44 1
643 ORDER 1602 27 18 2 21 0
644 ORDER 1603 14 15 2 27 0
644 ORDER 1604 50 11 34 44 1
644 ORDER 1605 44 30 42 43 1
645 ORDER 1606 7 21 2 3 1
645 ORDER 1607 51 32 28 44 0
645 ORDER 1608 54 3 40 44 1
646 ORDER 1609 6 41 5 43 0
646 ORDER 1610 9 23 1 26 0
646 ORDER 1611 28 5 3 22 1
647 ORDER 1612 18 14 1 18 2
647 ORDER 1613 11 24 30 43 0
648 ORDER 1614 9 20 1 33 0
648 ORDER 1615 22 23 8 44 0
648 ORDER 1616 49 14 6 43 0
649 ORDER 1617 52 26 3 16 2
649 ORDER 1618 10 6 2 14 0
650 ORDER 1619 17 30 54 44 0
650 ORDER 1620 20 17 8 44 0
650 ORDER 1621 26 38 1 1 0
651 ORDER 1622 45 15 44 44 0
651 ORDER 1623 51 35 1 14 0
651 ORDER 1624 6 6 2 19 0
652 ORDER 1625 38 29 1 44 0
652 ORDER 1626 46 20 2 21 0
652 ORDER 1627 47 14 2 31 0
653 CANCEL 1295
653 ORDER 1628 37 12 2 21 1
653 ORDER 1629 55 15 33 43 2
653 ORDER 1630 29 36 2 4 1
653 BLOCK 41 8
654 ORDER 1631 18 23 3 16 0
654 ORDER 1632 29 14 1 43 0
655 ORDER 1633 24 18 1 16 0
655 ORDER 1634 21 9 44 43 2
656 ORDER 1635 33 29 15 43 0
656 ORDER 1636 31 6 3 30 1
656 ORDER 1637 29 20 35 44 0
657 ORDER 1638 33 27 2 3 1
657 ORDER 1639 54 32 57 43 0
658 ORDER 1640 35 17 3 13 0
658 ORDER 1641 55 41 1 42 1
659 ORDER 1642 55 17 3 26 0
659 ORDER 1643 6 41 1 25 2
659 ORDER 1644 46 27 29 44 2
660 CANCEL 1462
660 ORDER 1645 19 14 1 22 0
660 ORDER 1646 32 20 1 16 1
660 ORDER 1647 9 39 2 28 0
661 CANCEL 1209
661 CANCEL 1540
661 ORDER 1648 36 35 2 27 1
661 ORDER 1649 35 36 3 33 0
662 ORDER 1650 47 27 2 2 1
662 ORDER 1651 15 15 3 38 0
663 ORDER 1652 37 12 2 39 0
663 ORDER 1653 38 5 49 44 0
663 ORDER 1654 11 20 2 40 3
664 CANCEL 1307
664 UNBLOCK 32 41
664 ORDER 1655 33 23 2 3 1
664 ORDER 1656 25 5 17 44 0
665 ORDER 1657 29 8 3 29 0
665 ORDER 1658 38 9 12 44 1
665 ORDER 1659 20 41 1 23 1
666 UNBLOCK 40 33
666 ORDER 1660 54 3 2 15 1
666 ORDER 1661 40 6 3 35 0
667 ORDER 1662 25 5 3 28 0
667 ORDER 1663 38 12 2 38 1
667 ORDER 1664 36 39 3 11 3
668 ORDER 1665 35 8 1 35 0
668 ORDER 1666 45 15 2 4 0
668 ORDER 1667 38 32 14 44 2
669 CANCEL 1484
669 ORDER 1668 25 41 2 3 3
669 ORDER 1669 20 30 3 17 0
670 ORDER 1670 38 21 1 18 2
670 ORDER 1671 55 29 2 32 0
671 CANCEL 1548
671 ORDER 1672 46 26 56 44 3
671 ORDER 1673 50 14 1 2 0
671 ORDER 1674 35 17 54 44 1
672 ORDER 1675 51 30 5 43 0
672 ORDER 1676 55 8 21 43 0
673 CANCEL 1245
673 ORDER 1677 44 41 1 1 1
673 ORDER 1678 6 6 15 43 0
674 ORDER 1679 29 5 54 44 0
674 ORDER 1680 11 30 2 14 0
675 ORDER 1681 29 36 3 22 0
675 ORDER 1682 55 35 27 43 0
675 ORDER 1683 43 17 17 43 1
676 ORDER 1684 17 26 3 27 0
676 ORDER 1685 7 14 4 44 1
676 ORDER 1686 30 35 55 43 0
677 ORDER 1687 35 30 53 43 0
677 ORDER 1688 46 12 2 3 0
677 ORDER 1689 39 5 10 43 0
678 CANCEL 1369
678 ORDER 1690 28 36 2 38 0
678 ORDER 1691 19 29 1 11 1
678 ORDER 1692 7 11 29 43 0
679 ORDER 1693 47 24 35 44 0
679 ORDER 1694 55 29 3 38 0
679 ORDER 1695 6 39 48 43 0
680 CANCEL 1273
680 ORDER 1696 41 21 3 36 0
680 ORDER 1697 7 35 21 44 0
680 ORDER 1698 19 38 31 43 0
681 ORDER 1699 31 35 1 14 2
681 ORDER 1700 27 32 57 44 3
681 ORDER 1701 36 35 3 25 1
682 ORDER 1702 16 9 3 17 0
682 ORDER 1703 11 41 1 18 3
683 ORDER 1704 39 12 1 27 0
683 ORDER 1705 10 11 2 32 0
684 CANCEL 1285
684 CANCEL 1681
684 ORDER 1706 47 5 3 14 1
684 ORDER 1707 23 35 54 44 0
684 ORDER 1708 42 30 42 44 0
685 ORDER 1709 10 8 3 19 0
685 ORDER 1710 29 6 2 12 0
685 ORDER 1711 7 38 1 27 0
686 CANCEL 1226
686 CANCEL 1394
686 ORDER 1712 51 32 5 43 1
686 ORDER 1713 9 33 6 44 0
687 CANCEL 1588
687 ORDER 1714 37 6 26 44 3
687 ORDER 1715 18 17 3 44 0
687 ORDER 1716 40 23 1 15 3
688 ORDER 1717 54 27 6 44 0
688 ORDER 1718 54 38 3 9 1
688 ORDER 1719 28 17 2 13 0
689 ORDER 1720 30 24 27 44 0
689 ORDER 1721 34 17 20 43 0
690 ORDER 1722 50 12 1 27 1
690 ORDER 1723 29 4 1 8 1
690 ORDER 1724 21 35 26 44 3
691 ORDER 1725 52 23 40 43 0
691 ORDER 1726 22 9 56 43 1
691 ORDER 1727 23 21 1 28 2
692 ORDER 1728 39 6 2 14 0
692 ORDER 1729 49 41 2 3 3
692 ORDER 1730 47 23 2 2 0
693 CANCEL 1345
693 ORDER 1731 34 15 41 44 0
693 ORDER 1732 32 32 2 22 0
694 ORDER 1733 55 24 2 37 1
694 ORDER 1734 13 8 40 43 2
694 ORDER 1735 31 20 3 12 0
695 UNBLOCK 43 43
695 CANCEL 1676
695 ORDER 1736 30 5 46 43 1
695 ORDER 1737 25 18 49 43 1
696 ORDER 1738 16 5 51 44 2
696 ORDER 1739 48 38 54 43 1
696 ORDER 1740 26 39 2 3 0
697 ORDER 1741 6 41 54 43 0
697 ORDER 1742 34 24 3 38 2
697 ORDER 1743 19 21 13 44 0
698 CANCEL 1313
698 ORDER 1744 34 38 9 43 1
698 ORDER 1745 22 15 34 44 0
699 ORDER 1746 43 33 9 43 1
699 ORDER 1747 27 11 18 43 0
699 ORDER 1748 53 29 3 22 0
700 ORDER 1749 18 36 1 33 2
700 ORDER 1750 20 3 32 43 0
700 ORDER 1751 9 3 15 43 0
701 ORDER 1752 20 39 56 43 0
701 ORDER 1753 45 33 3 22 1
702 ORDER 1754 29 14 48 43 0
702 ORDER 1755 48 24 2 12 0
702 ORDER 1756 26 8 1 39 0
703 ORDER 1757 41 35 2 18 1
703 ORDER 1758 45 20 2 29 2
704 UNBLOCK 20 39
704 UNBLOCK 41 8
704 ORDER 1759 15 17 1 6 0
704 ORDER 1760 42 6 1 6 0
704 ORDER 1761 21 35 45 43 2
705 CANCEL 1342
705 ORDER 1762 20 27 47 43 0
705 ORDER 1763 8 8 3 2 1
705 ORDER 1764 26 5 44 44 1
706 ORDER 1765 40 14 8 43 1
706 ORDER 1766 48 17 2 24 0
706 ORDER 1767 43 17 2 34 0
707 ORDER 1768 27 41 39 43 0
707 ORDER 1769 34 8 40 43 1
707 ORDER 1770 51 23 32 44 3
707 CANCEL 101770
708 CANCEL 1743
708 ORDER 1771 22 21 29 43 1
708 ORDER 1772 9 8 22 44 2
709 ORDER 1773 55 30 43 44 1
709 ORDER 1774 55 36 2 36 0
709 ORDER 1775 6 9 24 44 3
710 ORDER 1776 52 8 1 36 1
710 ORDER 1777 21 9 3 40 0
711 ORDER 1778 20 3 57 44 0
711 ORDER 1779 52 3 11 44 2
712 ORDER 1780 20 36 7 44 0
712 ORDER 1781 31 8 41 43 1
713 ORDER 1782 20 24 3 24 1
713 ORDER 1783 30 23 2 18 1
714 ORDER 1784 7 33 3 16 0
714 ORDER 1785 47 11 23 43 1
715 ORDER 1786 15 39 2 8 0
715 ORDER 1787 26 5 1 35 1
716 CANCEL 1670
716 ORDER 1788 46 3 2 27 0
716 ORDER 1789 13 33 2 15 1
717 ORDER 1790 18 27 2 14 0
717 ORDER 1791 25 38 2 35 2
718 ORDER 1792 27 15 7 44 0
718 ORDER 1793 9 12 2 24 0
718 ORDER 1794 16 17 7 43 0
719 ORDER 1795 9 15 35 43 1
719 ORDER 1796 46 29 3 12 1
719 ORDER 1797 39 5 31 43 0
720 ORDER 1798 39 6 44 43 0
720 ORDER 1799 53 35 1 8 1
720 ORDER 1800 18 17 40 44 2
721 ORDER 1801 53 5 35 43 0
721 ORDER 1802 55 36 48 43 0
721 ORDER 1803 36 36 8 43 0
722 ORDER 1804 36 33 3 15 0
722 ORDER 1805 8 3 1 12 0
723 ORDER 1806 9 15 19 44 1
723 ORDER 1807 53 15 7 43 0
723 ORDER 1808 28 36 36 44 0
724 ORDER 1809 26 21 28 43 1
724 ORDER 1810 43 35 1 2 0
724 ORDER 1811 21 18 2 17 1
725 ORDER 1812 50 14 7 43 2
725 ORDER 1813 17 41 2 9 0
725 ORDER 1814 20 5 23 43 0
725 BLOCK 12 33
726 ORDER 1815 13 18 53 43 0
726 ORDER 1816 9 29 2 19 0
726 ORDER 1817 45 32 3 14 0
727 ORDER 1818 53 29 3 2 0
727 ORDER 1819 13 8 16 44 0
728 ORDER 1820 49 18 3 3 3
728 ORDER 1821 53 20 3 18 1
729 ORDER 1822 35 6 35 43 3
729 ORDER 1823 55 36 42 44 0
730 ORDER 1824 51 23 5 43 0
730 ORDER 1825 11 11 3 34 1
730 ORDER 1826 16 24 3 13 1
731 CANCEL 1694
731 ORDER 1827 24 35 2 38 0
731 ORDER 1828 7 17 2 23 0
731 ORDER 1829 24 35 1 8 2
732 ORDER 1830 53 3 41 43 0
732 ORDER 1831 40 38 29 44 0
733 CANCEL 1643
733 ORDER 1832 36 36 33 44 1
733 ORDER 1833 46 33 1 44 0
733 ORDER 1834 35 3 2 15 1
734 ORDER 1835 20 23 1 15 0
734 ORDER 1836 6 20 22 44 1
735 ORDER 1837 40 18 3 12 0
735 ORDER 1838 26 3 12 44 0
736 ORDER 1839 47 9 28 43 2
736 ORDER 1840 42 30 1 22 0
737 ORDER 1841 43 27 1 6 2
737 ORDER 1842 40 15 41 43 2
738 ORDER 1843 7 32 3 1 3
738 ORDER 1844 26 17 2 38 1
739 ORDER 1845 30 8 48 44 0
739 ORDER 1846 44 33 3 19 2
740 ORDER 1847 22 36 36 44 1
740 ORDER 1848 20 20 1 23 2
740 ORDER 1849 7 8 2 34 3
741 CANCEL 1603
741 ORDER 1850 48 18 24 43 0
741 ORDER 1851 10 23 1 16 2
741 ORDER 1852 13 38 57 44 3
742 ORDER 1853 20 26 42 43 0
742 ORDER 1854 51 35 57 43 2
742 ORDER 1855 6 25 1 15 0
743 ORDER 1856 44 5 11 44 3
743 ORDER 1857 10 17 52 43 1
743 ORDER 1858 30 35 3 25 0
744 ORDER 1859 53 18 24 43 0
744 ORDER 1860 46 14 27 43 3
745 ORDER 1861 53 41 42 43 2
745 ORDER 1862 11 11 1 22 0
745 ORDER 1863 52 26 2 8 0
746 ORDER 1864 16 12 40 44 0
746 ORDER 1865 12 33 3 26 0
747 CANCEL 1753
747 ORDER 1866 47 11 4 43 0
747 ORDER 1867 31 36 3 32 0
748 CANCEL 1840
748 ORDER 1868 25 38 2 37 0
748 ORDER 1869 29 36 2 32 1
749 ORDER 1870 40 15 48 43 0
749 ORDER 1871 41 3 30 44 1
750 ORDER 1872 10 39 2 44 3
750 ORDER 1873 35 32 2 36 0
751 ORDER 1874 11 26 19 44 0
751 ORDER 1875 37 27 1 35 0
752 ORDER 1876 9 26 39 43 0
752 ORDER 1877 34 41 3 9 1
752 ORDER 1878 25 41 3 5 3
752 BLOCK 8 38
753 CANCEL 1787
753 ORDER 1879 53 20 36 43 0
753 ORDER 1880 12 39 1 42 0
753 ORDER 1881 22 35 27 44 0
754 ORDER 1882 26 9 51 43 1
754 ORDER 1883 28 39 1 23 0
755 CANCEL 1396
755 ORDER 1884 10 38 5 44 0
755 ORDER 1885 7 27 12 43 1
756 ORDER 1886 51 36 42 43 0
756 ORDER 1887 55 12 13 44 0
756 ORDER 1888 16 38 3 43 0
757 CANCEL 1454
757 ORDER 1889 50 12 1 11 0
757 ORDER 1890 36 12 3 36 2
757 ORDER 1891 7 23 13 43 0
758 ORDER 1892 27 41 3 7 1
758 ORDER 1893 10 15 58 44 0
758 ORDER 1894 32 18 31 43 0
759 ORDER 1895 55 32 6 44 0
759 ORDER 1896 43 29 8 43 2
759 CANCEL 101896
760 ORDER 1897 39 38 49 44 0
760 ORDER 1898 43 27 2 3 0
761 ORDER 1899 38 29 2 18 0
761 ORDER 1900 8 6 2 30 0
762 ORDER 1901 51 23 1 37 0
762 ORDER 1902 51 9 2 21 0
762 ORDER 1903 36 35 2 2 0
763 ORDER 1904 19 36 2 8 0
763 ORDER 1905 21 29 2 36 0
764 ORDER 1906 37 15 16 44 0
764 ORDER 1907 48 20 40 44 0
765 CANCEL 1483
765 ORDER 1908 22 11 43 43 0
765 ORDER 1909 43 27 48 43 0
766 ORDER 1910 29 41 52 43 0
766 ORDER 1911 17 20 2 3 3
767 ORDER 1912 6 16 3 22 0
767 ORDER 1913 49 8 24 43 2
767 BLOCK 25 15
768 ORDER 1914 28 38 36 43 0
768 ORDER 1915 12 18 50 43 1
769 ORDER 1916 13 3 1 24 1
769 ORDER 1917 31 18 3 1 1
769 ORDER 1918 47 14 35 44 1
770 CANCEL 1711
770 ORDER 1919 12 11 2 11 0
770 ORDER 1920 41 3 51 43 0
771 CANCEL 1854
771 ORDER 1921 46 36 2 5 0
771 ORDER 1922 36 38 2 39 1
772 ORDER 1923 6 11 1 2 0
772 ORDER 1924 10 17 1 32 0
772 ORDER 1925 19 6 1 6 0
773 CANCEL 1661
773 ORDER 1926 30 17 2 38 0
773 ORDER 1927 8 32 3 3 2
773 BLOCK 49 39
774 ORDER 1928 21 9 40 43 0
774 ORDER 1929 19 9 1 27 0
774 ORDER 1930 8 36 58 44 1
775 ORDER 1931 53 18 40 44 0
775 ORDER 1932 43 15 56 43 0
776 CANCEL 1697
776 ORDER 1933 32 12 28 43 0
776 ORDER 1934 32 18 3 15 0
776 ORDER 1935 37 20 1 20 0
777 ORDER 1936 39 12 3 42 0
777 ORDER 1937 25 9 11 43 0
777 ORDER 1938 6 35 51 43 0
778 ORDER 1939 34 23 2 36 0
778 ORDER 1940 12 9 2 16 1
779 ORDER 1941 16 24 2 23 1
779 ORDER 1942 38 11 25 44 0
780 CANCEL 1617
780 ORDER 1943 17 5 13 44 0
780 ORDER 1944 14 14 2 33 2
781 CANCEL 1659
781 ORDER 1945 38 9 2 34 0
781 ORDER 1946 42 35 1 36 1
781 ORDER 1947 25 27 20 44 1
782 CANCEL 1463
782 ORDER 1948 38 30 37 43 0
782 ORDER 1949 15 23 17 43 1
783 ORDER 1950 44 17 3 15 0
783 ORDER 1951 40 35 1 18 0
784 ORDER 1952 43 35 50 43 0
784 ORDER 1953 15 14 3 28 0
785 ORDER 1954 11 14 1 43 0
785 ORDER 1955 20 29 29 44 0
786 ORDER 1956 37 5 1 18 2
786 ORDER 1957 19 9 1 13 0
786 ORDER 1958 53 32 1 26 0
787 ORDER 1959 21 17 3 43 0
787 ORDER 1960 19 14 11 44 0
788 ORDER 1961 39 5 2 18 0
788 ORDER 1962 9 35 1 35 1
789 CANCEL 1485
789 CANCEL 1799
789 ORDER 1963 41 36 2 32 3
789 ORDER 1964 18 17 54 44 0
789 ORDER 1965 51 29 1 32 0
790 ORDER 1966 6 14 31 43 0
790 ORDER 1967 25 5 2 11 0
790 ORDER 1968 8 9 1 31 2
791 ORDER 1969 47 8 3 44 1
791 ORDER 1970 25 33 2 20 3
792 ORDER 1971 23 21 3 26 0
792 ORDER 1972 22 14 1 18 0
792 ORDER 1973 51 9 29 44 0
793 ORDER 1974 15 30 21 43 0
793 ORDER 1975 22 3 44 44 0
794 CANCEL 1888
794 ORDER 1976 17 35 17 43 1
794 ORDER 1977 10 35 49 43 2
794 ORDER 1978 16 27 35 43 2
795 ORDER 1979 55 12 2 17 0
795 ORDER 1980 6 8 2 18 2
796 ORDER 1981 20 14 10 43 2
796 ORDER 1982 29 21 1 44 0
797 ORDER 1983 46 26 2 32 0
797 ORDER 1984 36 33 1 22 1
797 ORDER 1985 36 39 52 44 0
798 ORDER 1986 9 18 3 29 0
798 ORDER 1987 22 28 3 15 1
798 ORDER 1988 9 8 2 9 0
799 ORDER 1989 54 17 3 25 0
799 ORDER 1990 45 24 2 27 1
799 ORDER 1991 11 26 3 30 0
800 ORDER 1992 39 41 3 43 0
800 ORDER 1993 39 33 3 24 0
801 ORDER 1994 19 40 3 22 0
801 ORDER 1995 42 24 50 43 2
801 ORDER 1996 33 5 1 22 1
802 ORDER 1997 35 41 3 42 0
802 ORDER 1998 22 9 30 43 0
803 ORDER 1999 12 11 12 43 0
803 ORDER 2000 34 17 45 44 1
804 CANCEL 1742
804 ORDER 2001 6 30 20 44 2
804 ORDER 2002 51 33 5 43 0
804 ORDER 2003 50 14 1 3 1
805 ORDER 2004 11 36 45 43 0
805 ORDER 2005 43 18 1 6 2
805 ORDER 2006 49 20 8 44 2
806 CANCEL 1783
806 ORDER 2007 49 12 2 10 0
806 ORDER 2008 29 21 55 43 2
807 ORDER 2009 55 20 2 42 0
807 ORDER 2010 16 26 3 6 2
808 CANCEL 1545
808 UNBLOCK 12 33
808 ORDER 2011 37 27 17 44 0
808 ORDER 2012 14 17 3 4 0
808 BLOCK 44 44
809 ORDER 2013 35 41 13 43 0
809 ORDER 2014 46 32 1 27 0
810 CANCEL 1952
810 ORDER 2015 30 9 1 22 0
810 ORDER 2016 21 12 1 29 0
811 ORDER 2017 12 26 3 10 0
811 ORDER 2018 42 35 3 27 1
811 ORDER 2019 35 35 36 43 1
812 ORDER 2020 17 32 18 44 0
812 ORDER 2021 34 6 3 18 0
812 ORDER 2022 28 14 15 44 0
813 ORDER 2023 23 32 1 3 0
813 ORDER 2024 49 6 2 38 0
814 ORDER 2025 30 5 3 18 0
814 ORDER 2026 6 8 1 8 1
814 BLOCK 18 20
815 CANCEL 1573
815 ORDER 2027 35 6 44 44 0
815 ORDER 2028 50 33 3 38 0
815 ORDER 2029 9 33 3 20 1
816 ORDER 2030 9 24 2 13 0
816 ORDER 2031 30 24 2 22 1
816 ORDER 2032 7 15 29 43 2
817 CANCEL 1761
817 CANCEL 1883
817 ORDER 2033 36 25 1 32 0
817 ORDER 2034 34 32 14 43 1
817 ORDER 2035 31 12 35 44 1
817 CANCEL 102035
818 CANCEL 1830
818 ORDER 2036 16 27 23 43 0
818 ORDER 2037 16 17 58 44 0
818 ORDER 2038 12 11 3 10 0
819 CANCEL 2029
819 ORDER 2039 52 24 3 6 1
819 ORDER 2040 52 33 47 43 1
820 ORDER 2041 49 36 58 43 0
820 ORDER 2042 8 27 32 44 0
820 ORDER 2043 47 28 1 7 0
821 UNBLOCK 8 38
821 ORDER 2044 25 26 27 43 2
821 ORDER 2045 21 21 3 24 0
822 ORDER 2046 32 12 19 44 0
822 ORDER 2047 32 33 48 43 0
822 ORDER 2048 38 6 41 44 1
823 UNBLOCK 25 15
823 ORDER 2049 52 30 3 5 1
823 ORDER 2050 51 11 12 43 1
824 ORDER 2051 51 30 44 43 2
824 ORDER 2052 50 12 1 15 0
825 ORDER 2053 8 26 2 32 0
825 ORDER 2054 22 8 2 31 2
825 ORDER 2055 29 39 2 23 1
826 ORDER 2056 8 12 3 20 0
826 ORDER 2057 38 29 2 28 3
827 CANCEL 1583
827 ORDER 2058 29 12 1 20 0
827 ORDER 2059 10 9 2 3 0
828 ORDER 2060 30 24 34 43 0
828 ORDER 2061 48 3 3 28 0
828 ORDER 2062 25 35 1 14 1
829 ORDER 2063 25 30 28 43 0
829 ORDER 2064 55 18 3 8 1
830 CANCEL 1905
830 ORDER 2065 23 21 54 43 0
830 ORDER 2066 37 17 3 12 0
831 ORDER 2067 48 9 47 43 0
831 ORDER 2068 50 11 3 35 0
832 ORDER 2069 18 30 3 39 1
832 ORDER 2070 37 32 41 44 0
833 ORDER 2071 11 3 26 44 0
833 ORDER 2072 46 29 3 44 3
833 ORDER 2073 9 3 40 44 0
834 UNBLOCK 49 39
834 ORDER 2074 33 12 6 43 0
834 ORDER 2075 29 20 38 44 0
835 CANCEL 2023
835 ORDER 2076 48 3 2 31 1
835 ORDER 2077 52 26 1 36 0
836 ORDER 2078 7 5 2 33 0
836 ORDER 2079 25 32 3 2 1
837 ORDER 2080 15 27 46 43 2
837 ORDER 2081 6 8 20 43 3
838 ORDER 2082 37 39 35 43 2
838 ORDER 2083 21 17 1 28 0
839 ORDER 2084 10 36 2 9 1
839 ORDER 2085 26 32 2 27 2
839 ORDER 2086 18 11 33 43 1
840 ORDER 2087 19 21 10 44 1
840 ORDER 2088 45 18 2 40 0
840 ORDER 2089 54 24 20 43 1
841 ORDER 2090 39 18 15 43 0
841 ORDER 2091 35 41 3 37 0
842 UNBLOCK 44 44
842 ORDER 2092 8 11 1 36 0
842 ORDER 2093 53 15 10 43 0
842 ORDER 2094 29 27 2 26 2
843 ORDER 2095 55 35 41 44 3
843 ORDER 2096 15 24 25 43 3
844 CANCEL 1960
844 ORDER 2097 44 20 1 22 2
844 ORDER 2098 30 6 3 14 0
844 ORDER 2099 46 36 32 44 0
845 ORDER 2100 37 8 1 4 1
845 ORDER 2101 54 9 5 43 0
845 ORDER 2102 26 23 46 44 0
846 ORDER 2103 10 20 3 25 0
846 ORDER 2104 28 38 2 43 0
846 ORDER 2105 49 14 1 6 0
847 ORDER 2106 17 29 26 43 1
847 ORDER 2107 16 18 25 43 0
847 ORDER 2108 55 35 55 43 0
848 ORDER 2109 21 27 1 32 2
848 ORDER 2110 8 5 2 39 2
848 ORDER 2111 39 11 36 43 1
848 BLOCK 23 1
849 ORDER 2112 47 24 2 4 2
849 ORDER 2113 21 41 2 36 1
849 ORDER 2114 28 35 23 43 2
850 ORDER 2115 38 17 14 43 0
850 ORDER 2116 53 18 30 43 0
850 ORDER 2117 52 21 3 44 0
851 ORDER 2118 42 26 2 36 0
851 ORDER 2119 11 30 1 28 0
852 ORDER 2120 30 24 2 9 2
852 ORDER 2121 40 38 53 43 1
853 ORDER 2122 28 27 2 10 2
853 ORDER 2123 18 8 10 44 0
853 ORDER 2124 48 15 22 44 1
854 CANCEL 1867
854 ORDER 2125 55 27 2 2 1
854 ORDER 2126 22 14 23 43 0
855 CANCEL 2026
855 ORDER 2127 17 5 56 44 2
855 ORDER 2128 12 28 3 7 0
856 ORDER 2129 37 5 3 25 0
856 ORDER 2130 26 38 3 44 3
857 CANCEL 1834
857 CANCEL 2032
857 ORDER 2131 15 29 3 10 3
857 ORDER 2132 33 41 37 43 0
858 ORDER 2133 39 11 2 39 0
858 ORDER 2134 37 17 4 43 0
859 ORDER 2135 46 15 22 44 1
859 ORDER 2136 37 15 54 43 2
860 ORDER 2137 47 29 2 22 1
860 ORDER 2138 48 23 1 24 2
860 ORDER 2139 48 20 12 44 1
861 ORDER 2140 32 33 42 43 3
861 ORDER 2141 27 27 2 25 0
862 ORDER 2142 28 36 3 11 1
862 ORDER 2143 38 20 1 36 1
862 ORDER 2144 46 18 16 43 0
863 ORDER 2145 46 30 15 43 1
863 ORDER 2146 39 15 1 16 2
864 CANCEL 1686
864 CANCEL 1817
864 ORDER 2147 47 6 19 44 0
864 ORDER 2148 29 39 2 19 0
865 CANCEL 1934
865 CANCEL 2120
865 ORDER 2149 28 17 1 18 0
865 ORDER 2150 39 27 2 28 2
866 CANCEL 2084
866 ORDER 2151 47 17 52 44 0
866 ORDER 2152 6 21 10 44 0
866 ORDER 2153 16 15 28 44 2
867 ORDER 2154 54 41 2 8 0
867 ORDER 2155 8 33 44 43 0
867 ORDER 2156 6 20 2 18 2
868 CANCEL 1835
868 ORDER 2157 41 36 1 22 3
868 ORDER 2158 22 35 3 3 1
869 ORDER 2159 49 3 57 44 0
869 ORDER 2160 34 29 1 31 0
869 ORDER 2161 16 14 14 44 1
870 ORDER 2162 12 6 3 29 1
870 ORDER 2163 12 3 1 43 0
871 ORDER 2164 38 29 2 22 0
871 ORDER 2165 44 29 3 29 0
871 ORDER 2166 46 8 3 4 0
872 ORDER 2167 27 29 3 8 0
872 ORDER 2168 18 35 3 3 0
873 ORDER 2169 37 8 13 44 1
873 ORDER 2170 15 39 12 43 0
873 ORDER 2171 27 36 11 44 0
874 ORDER 2172 21 15 2 9 1
874 ORDER 2173 11 14 24 43 0
874 ORDER 2174 28 33 24 44 3
875 CANCEL 1752
875 CANCEL 1884
875 ORDER 2175 20 15 51 44 0
875 ORDER 2176 6 33 2 42 1
876 ORDER 2177 55 9 1 7 0
876 ORDER 2178 21 3 1 7 0
876 ORDER 2179 9 38 15 43 0
877 ORDER 2180 9 6 10 44 0
877 ORDER 2181 37 21 1 31 0
878 CANCEL 2146
878 ORDER 2182 44 20 43 44 0
878 ORDER 2183 48 18 1 32 0
878 ORDER 2184 28 20 20 43 0
879 ORDER 2185 53 3 55 44 0
879 ORDER 2186 18 24 46 44 0
879 ORDER 2187 27 5 5 43 0
880 ORDER 2188 34 5 3 35 1
880 ORDER 2189 7 12 4 44 1
880 ORDER 2190 54 37 2 12 3
881 ORDER 2191 55 39 2 7 0
881 ORDER 2192 8 5 10 43 1
882 ORDER 2193 28 35 1 1 0
882 ORDER 2194 44 26 22 43 2
882 ORDER 2195 41 39 2 11 1
883 ORDER 2196 8 18 2 40 1
883 ORDER 2197 20 9 47 44 0
884 ORDER 2198 34 11 49 44 0
884 ORDER 2199 16 30 36 43 3
885 ORDER 2200 43 21 1 43 0
885 ORDER 2201 21 11 1 13 0
886 ORDER 2202 17 29 1 5 0
886 ORDER 2203 9 32 3 12 3
886 ORDER 2204 17 17 56 43 0
887 CANCEL 2134
887 ORDER 2205 30 40 8 44 0
887 ORDER 2206 55 3 1 34 1
888 ORDER 2207 28 20 3 13 0
888 ORDER 2208 42 24 23 44 0
889 ORDER 2209 39 5 3 25 1
889 ORDER 2210 16 9 3 27 0
889 ORDER 2211 44 38 23 44 0
889 BLOCK 21 18
890 ORDER 2212 53 20 53 44 0
890 ORDER 2213 6 29 58 44 1
891 ORDER 2214 6 24 3 41 2
891 ORDER 2215 36 24 3 35 0
892 ORDER 2216 49 12 3 23 2
892 ORDER 2217 54 29 46 43 0
893 ORDER 2218 37 14 3 35 2
893 ORDER 2219 48 3 19 43 0
894 CANCEL 1768
894 ORDER 2220 27 9 56 43 1
894 ORDER 2221 34 6 2 24 0
894 ORDER 2222 14 14 26 43 1
895 CANCEL 2212
895 ORDER 2223 45 9 3 43 0
895 ORDER 2224 42 30 35 44 3
896 CANCEL 2192
896 ORDER 2225 8 35 3 33 0
896 ORDER 2226 35 9 3 33 2
897 CANCEL 1831
897 ORDER 2227 22 15 3 4 0
897 ORDER 2228 8 33 2 6 0
898 ORDER 2229 39 35 1 33 0
898 ORDER 2230 29 23 3 35 0
898 ORDER 2231 29 5 49 44 0
899 ORDER 2232 53 20 49 44 2
899 ORDER 2233 22 27 56 44 1
899 ORDER 2234 26 24 3 17 0
900 ORDER 2235 25 38 40 44 0
900 ORDER 2236 19 15 1 25 1
901 ORDER 2237 25 30 25 44 1
901 ORDER 2238 19 27 6 43 0
902 ORDER 2239 52 6 3 22 1
902 ORDER 2240 43 15 3 1 1
903 CANCEL 1758
903 ORDER 2241 7 26 44 43 3
903 ORDER 2242 35 3 2 39 0
904 ORDER 2243 43 21 6 43 0
904 ORDER 2244 30 5 2 21 1
905 ORDER 2245 13 9 33 43 1
905 ORDER 2246 11 12 15 43 0
905 ORDER 2247 32 23 2 29 0
906 UNBLOCK 18 20
906 CANCEL 2155
906 ORDER 2248 45 39 45 43 0
906 ORDER 2249 29 15 12 44 0
906 ORDER 2250 16 12 2 44 0
907 ORDER 2251 42 24 1 11 0
907 ORDER 2252 27 26 30 43 0
907 ORDER 2253 33 23 38 44 3
908 CANCEL 1791
908 ORDER 2254 7 18 3 14 1
908 ORDER 2255 32 30 2 38 1
908 ORDER 2256 20 27 1 7 2
909 ORDER 2257 37 12 1 43 0
909 ORDER 2258 10 21 1 17 1
910 ORDER 2259 38 41 12 44 0
910 ORDER 2260 34 36 3 8 0
910 ORDER 2261 30 15 49 43 0
911 ORDER 2262 9 35 1 20 2
911 ORDER 2263 39 14 3 16 1
912 CANCEL 1847
912 ORDER 2264 18 15 1 13 2
912 ORDER 2265 47 14 3 14 0
912 ORDER 2266 18 8 2 21 0
913 ORDER 2267 9 29 1 15 2
913 ORDER 2268 18 41 1 14 0
913 ORDER 2269 17 17 4 44 0
914 CANCEL 1873
914 ORDER 2270 39 6 2 15 0
914 ORDER 2271 21 11 31 44 0
914 ORDER 2272 8 23 52 43 0
915 ORDER 2273 22 8 3 16 0
915 ORDER 2274 45 8 2 42 0
916 CANCEL 1792
916 CANCEL 2068
916 ORDER 2275 32 30 3 36 0
916 ORDER 2276 43 35 2 7 0
916 ORDER 2277 6 15 4 44 0
917 ORDER 2278 16 30 49 43 0
917 ORDER 2279 17 33 2 28 0
917 ORDER 2280 46 21 3 28 2
918 ORDER 2281 18 30 33 43 0
918 ORDER 2282 15 26 52 43 1
918 ORDER 2283 21 5 32 44 2
919 ORDER 2284 23 35 2 26 1
919 ORDER 2285 26 30 2 15 0
919 ORDER 2286 35 11 20 43 2
920 ORDER 2287 39 29 2 10 0
920 ORDER 2288 33 27 48 43 0
921 ORDER 2289 47 3 3 21 1
921 ORDER 2290 46 15 34 44 0
921 ORDER 2291 25 12 1 22 1
922 ORDER 2292 40 41 2 13 0
922 ORDER 2293 33 41 3 28 0
923 ORDER 2294 36 27 1 36 1
923 ORDER 2295 42 8 53 43 1
923 ORDER 2296 48 5 7 44 0
924 ORDER 2297 20 39 1 24 1
924 ORDER 2298 34 21 44 44 0
925 ORDER 2299 12 18 7 44 1
925 ORDER 2300 11 38 11 44 0
925 ORDER 2301 9 38 3 36 0
926 CANCEL 1843
926 CANCEL 1897
926 ORDER 2302 25 36 54 43 0
926 ORDER 2303 28 33 1 12 0
926 ORDER 2304 23 32 45 43 0
927 ORDER 2305 7 8 29 43 0
927 ORDER 2306 50 39 1 32 1
927 ORDER 2307 8 8 3 6 0
928 CANCEL 2190
928 CANCEL 2208
928 ORDER 2308 47 18 29 44 0
928 ORDER 2309 42 12 1 10 0
929 CANCEL 2081
929 ORDER 2310 52 18 1 37 0
929 ORDER 2311 36 29 2 17 0
930 CANCEL 1842
930 ORDER 2312 38 8 21 44 0
930 ORDER 2313 20 15 22 43 1
930 ORDER 2314 30 35 31 44 1
931 ORDER 2315 39 18 37 44 0
931 ORDER 2316 44 5 3 16 2
931 ORDER 2317 19 18 48 44 2
932 CANCEL 1937
932 CANCEL 2248
932 ORDER 2318 27 20 3 19 0
932 ORDER 2319 33 11 34 43 0
933 CANCEL 1998
933 ORDER 2320 20 14 3 10 0
933 ORDER 2321 29 27 14 44 0
934 ORDER 2322 10 20 44 43 0
934 ORDER 2323 46 12 55 43 1
934 ORDER 2324 11 36 3 37 1
935 ORDER 2325 9 20 46 44 1
935 ORDER 2326 34 32 34 43 0
936 ORDER 2327 29 3 3 21 0
936 ORDER 2328 42 14 1 25 2
936 ORDER 2329 38 23 1 31 0
937 ORDER 2330 42 33 31 44 0
937 ORDER 2331 47 18 3 35 0
937 ORDER 2332 34 23 22 44 0
938 ORDER 2333 25 41 3 25 0
938 ORDER 2334 26 3 58 44 2
939 CANCEL 1852
939 CANCEL 2195
939 ORDER 2335 53 17 2 43 0
939 ORDER 2336 9 9 55 44 3
940 CANCEL 2286
940 ORDER 2337 11 5 12 43 0
940 ORDER 2338 37 12 3 29 0
940 BLOCK 48 20
941 ORDER 2339 25 15 3 12 1
941 ORDER 2340 6 18 10 44 0
942 ORDER 2341 55 9 1 24 0
942 ORDER 2342 17 26 1 5 0
943 ORDER 2343 7 32 1 27 0
943 ORDER 2344 16 8 2 10 0
944 CANCEL 2138
944 ORDER 2345 50 21 51 43 0
944 ORDER 2346 28 26 29 44 0
944 ORDER 2347 45 39 22 44 0
945 ORDER 2348 46 33 1 36 0
945 ORDER 2349 30 39 1 32 2
946 ORDER 2350 6 12 21 44 1
946 ORDER 2351 40 5 44 44 1
946 ORDER 2352 34 39 2 25 1
947 CANCEL 1999
947 ORDER 2353 30 20 5 44 1
947 ORDER 2354 17 17 39 44 0
948 ORDER 2355 46 35 25 44 0
948 ORDER 2356 20 20 7 43 0
949 CANCEL 2251
949 ORDER 2357 37 17 3 14 0
949 ORDER 2358 48 23 1 19 0
949 ORDER 2359 26 9 14 43 1
950 CANCEL 2315
950 ORDER 2360 10 11 3 25 0
950 ORDER 2361 40 39 2 5 1
951 ORDER 2362 45 29 1 29 3
951 ORDER 2363 26 14 32 43 0
952 ORDER 2364 41 21 3 23 0
952 ORDER 2365 29 3 2 15 1
952 ORDER 2366 17 20 9 43 0
953 ORDER 2367 40 38 38 43 1
953 ORDER 2368 18 5 35 43 0
954 ORDER 2369 44 9 10 43 1
954 ORDER 2370 50 8 46 43 1
955 ORDER 2371 51 9 48 43 0
955 ORDER 2372 32 18 39 43 0
956 ORDER 2373 39 14 1 37 1
956 ORDER 2374 40 11 1 18 0
957 ORDER 2375 17 33 1 34 0
957 ORDER 2376 21 15 24 44 0
958 ORDER 2377 46 35 3 2 0
958 ORDER 2378 9 30 51 43 0
959 ORDER 2379 17 24 1 20 0
959 ORDER 2380 18 39 2 2 1
959 ORDER 2381 34 3 56 44 0
960 ORDER 2382 44 9 2 13 0
960 ORDER 2383 35 18 31 43 0
960 ORDER 2384 8 23 49 43 0
961 ORDER 2385 18 11 1 26 0
961 ORDER 2386 41 30 1 36 1
961 ORDER 2387 26 17 1 31 2
962 ORDER 2388 10 17 32 44 0
962 ORDER 2389 9 20 1 34 0
962 ORDER 2390 16 27 44 44 2
963 ORDER 2391 40 35 56 43 2
963 ORDER 2392 24 24 3 25 0
964 ORDER 2393 29 14 18 43 2
964 ORDER 2394 29 18 55 43 2
964 ORDER 2395 38 21 2 29 0
965 ORDER 2396 27 8 28 43 0
965 ORDER 2397 34 17 26 44 1
965 ORDER 2398 37 9 3 43 0
966 ORDER 2399 52 27 34 44 0
966 ORDER 2400 48 6 1 4 1
966 BLOCK 39 15
967 ORDER 2401 20 33 1 17 3
967 ORDER 2402 12 38 1 14 1
967 ORDER 2403 16 23 1 29 1
968 ORDER 2404 46 41 3 21 0
968 ORDER 2405 33 21 1 27 1
969 CANCEL 2028
969 ORDER 2406 27 14 1 33 0
969 ORDER 2407 55 21 14 44 1
970 ORDER 2408 17 39 2 6 0
970 ORDER 2409 46 29 26 43 0
970 ORDER 2410 30 41 1 16 1
971 ORDER 2411 22 41 3 43 0
971 ORDER 2412 10 32 39 44 0
972 ORDER 2413 30 27 1 16 0
972 ORDER 2414 45 8 20 44 0
972 ORDER 2415 7 20 47 44 2
973 ORDER 2416 19 3 50 43 1
973 ORDER 2417 45 39 27 43 1
974 ORDER 2418 8 39 3 11 0
974 ORDER 2419 27 21 20 43 3
975 UNBLOCK 23 1
975 ORDER 2420 21 15 1 36 0
975 ORDER 2421 54 15 3 38 0
976 UNBLOCK 21 18
976 ORDER 2422 41 6 1 29 0
976 ORDER 2423 44 24 2 4 2
976 ORDER 2424 8 5 31 44 0
977 ORDER 2425 35 29 52 43 0
977 ORDER 2426 38 36 2 40 0
978 ORDER 2427 8 39 11 44 0
978 ORDER 2428 36 35 43 43 0
978 ORDER 2429 55 24 1 11 0
979 ORDER 2430 55 21 50 44 0
979 ORDER 2431 37 5 1 5 0
979 ORDER 2432 16 26 19 43 1
980 ORDER 2433 15 12 21 44 1
980 ORDER 2434 20 41 39 44 2
981 CANCEL 2343
981 ORDER 2435 47 30 3 19 1
981 ORDER 2436 8 38 26 43 0
982 ORDER 2437 15 27 16 44 0
982 ORDER 2438 55 15 15 43 2
982 ORDER 2439 16 26 3 7 0
983 ORDER 2440 34 33 35 43 1
983 ORDER 2441 45 36 1 30 0
983 ORDER 2442 50 12 12 44 1
984 ORDER 2443 26 41 3 3 0
984 ORDER 2444 47 27 17 43 0
985 ORDER 2445 20 32 40 43 0
985 ORDER 2446 38 17 32 44 0
986 CANCEL 2374
986 ORDER 2447 32 12 3 11 0
986 ORDER 2448 45 32 2 15 1
986 ORDER 2449 46 20 2 27 1
987 ORDER 2450 21 27 3 16 0
987 ORDER 2451 14 12 1 30 0
988 ORDER 2452 9 38 41 44 2
988 ORDER 2453 8 15 1 21 1
988 ORDER 2454 8 41 2 12 2
989 CANCEL 2227
989 ORDER 2455 42 6 1 23 0
989 ORDER 2456 53 18 44 43 1
990 ORDER 2457 9 41 3 27 0
990 ORDER 2458 20 23 27 43 0
991 CANCEL 2199
991 ORDER 2459 31 38 2 38 1
991 ORDER 2460 55 12 3 26 3
992 ORDER 2461 8 36 34 43 0
992 ORDER 2462 38 6 14 43 0
992 ORDER 2463 46 26 2 3 0
993 CANCEL 2188
993 ORDER 2464 47 26 2 4 0
993 ORDER 2465 30 33 1 41 0
993 ORDER 2466 13 8 3 15 0
994 ORDER 2467 32 35 11 43 0
994 ORDER 2468 19 24 39 43 0
995 ORDER 2469 38 11 2 32 0
995 ORDER 2470 7 23 3 12 0
995 ORDER 2471 47 12 1 18 2
996 ORDER 2472 10 30 1 33 0
996 ORDER 2473 22 41 3 20 0
997 ORDER 2474 32 12 1 9 0
997 ORDER 2475 15 26 23 43 2
998 ORDER 2476 41 14 3 43 0
998 ORDER 2477 55 17 3 10 0
998 ORDER 2478 35 20 48 44 0
999 ORDER 2479 20 21 3 10 1
999 ORDER 2480 37 5 1 7 2
999 ORDER 2481 6 6 30 43 0
1000 ORDER 2482 45 41 8 43 3
1000 ORDER 2483 22 15 2 19 1
1000 ORDER 2484 29 9 29 44 0
1001 CANCEL 2466
1001 ORDER 2485 22 5 55 44 3
1001 ORDER 2486 38 29 1 16 0
1001 BLOCK 27 20
1002 ORDER 2487 45 37 20 43 0
1002 ORDER 2488 27 21 23 44 1
1002 ORDER 2489 21 3 58 44 0
1002 BLOCK 45 41
1003 ORDER 2490 9 6 2 23 0
1003 ORDER 2491 21 21 2 40 0
1003 ORDER 2492 50 11 11 44 2
1004 ORDER 2493 54 41 3 8 0
1004 ORDER 2494 6 39 3 44 0
1004 ORDER 2495 41 32 2 7 0
1005 CANCEL 2311
1005 ORDER 2496 47 5 1 8 2
1005 ORDER 2497 44 38 29 44 1
1006 ORDER 2498 54 18 19 44 0
1006 ORDER 2499 48 8 5 43 0
1006 ORDER 2500 28 27 13 44 1
1007 ORDER 2501 9 6 1 21 0
1007 ORDER 2502 33 23 54 44 0
1008 ORDER 2503 17 35 40 44 1
1008 ORDER 2504 44 33 22 43 1
1009 CANCEL 2347
1009 CANCEL 2493
1009 ORDER 2505 33 39 39 44 0
1009 ORDER 2506 10 24 20 43 0
1009 ORDER 2507 24 24 3 32 0
1010 ORDER 2508 20 30 3 13 1
1010 ORDER 2509 8 17 6 44 1
1011 ORDER 2510 6 30 1 17 0
1011 ORDER 2511 30 21 15 43 1
1011 ORDER 2512 35 39 1 41 0
1012 ORDER 2513 47 39 2 12 1
1012 ORDER 2514 26 29 2 36 0
1012 ORDER 2515 11 18 42 43 0
1013 ORDER 2516 22 27 3 19 1
1013 ORDER 2517 22 21 1 24 2
1013 ORDER 2518 42 30 21 43 2
1014 ORDER 2519 9 36 3 27 1
1014 ORDER 2520 30 27 2 40 0
1014 ORDER 2521 36 24 1 24 0
1015 CANCEL 2270
1015 ORDER 2522 40 8 1 27 1
1015 ORDER 2523 28 6 2 30 0
1016 ORDER 2524 42 33 3 24 0
1016 ORDER 2525 20 5 3 18 1
1016 ORDER 2526 19 32 3 42 1
1017 ORDER 2527 55 10 33 43 2
1017 ORDER 2528 18 26 32 43 0
1018 ORDER 2529 48 26 3 40 1
1018 ORDER 2530 17 20 1 10 0
1018 ORDER 2531 22 9 45 43 0
1019 CANCEL 2435
1019 ORDER 2532 28 32 3 31 0
1019 ORDER 2533 47 9 1 5 3
1019 ORDER 2534 48 38 1 42 2
1020 CANCEL 2144
1020 CANCEL 2225
1020 ORDER 2535 6 3 1 19 1
1020 ORDER 2536 10 21 3 23 0
1021 CANCEL 2112
1021 ORDER 2537 18 15 1 25 0
1021 ORDER 2538 16 6 3 4 1
1021 ORDER 2539 29 15 8 44 0
1022 CANCEL 2189
1022 ORDER 2540 39 14 1 38 0
1022 ORDER 2541 44 26 1 27 1
1022 ORDER 2542 28 12 56 43 0
1023 ORDER 2543 21 15 2 8 0
1023 ORDER 2544 37 8 3 19 1
1024 ORDER 2545 6 32 3 43 0
1024 ORDER 2546 36 15 1 21 1
1025 ORDER 2547 23 6 22 44 1
1025 ORDER 2548 40 14 44 43 1
1026 ORDER 2549 38 21 51 43 0
1026 ORDER 2550 27 12 2 44 1
1026 ORDER 2551 12 24 2 39 2
1027 ORDER 2552 9 39 58 44 1
1027 ORDER 2553 22 11 3 34 1
1027 ORDER 2554 16 36 57 44 0
1028 ORDER 2555 25 5 3 1 1
1028 ORDER 2556 47 30 1 17 1
1028 ORDER 2557 33 11 31 43 3
1029 ORDER 2558 15 17 1 34 0
1029 ORDER 2559 25 33 1 22 0
1029 ORDER 2560 7 5 2 34 2
1030 ORDER 2561 39 33 40 43 1
1030 ORDER 2562 45 41 8 43 1
1031 CANCEL 2512
1031 ORDER 2563 27 28 4 44 0
1031 ORDER 2564 6 36 3 5 0
1031 ORDER 2565 51 32 11 44 0
1032 ORDER 2566 6 36 55 43 0
1032 ORDER 2567 7 36 49 44 2
1033 ORDER 2568 11 11 3 20 2
1033 ORDER 2569 27 12 1 3 1
1034 CANCEL 2154
1034 ORDER 2570 38 14 7 44 0
1034 ORDER 2571 17 14 21 44 1
1034 ORDER 2572 26 11 1 26 0
1035 ORDER 2573 6 41 1 23 2
1035 ORDER 2574 54 9 15 44 3
1036 ORDER 2575 45 5 2 8 0
1036 ORDER 2576 21 27 2 30 2
1037 ORDER 2577 53 17 48 44 0
1037 ORDER 2578 48 5 2 34 1
1037 ORDER 2579 11 41 2 5 0
1038 ORDER 2580 55 8 36 44 1
1038 ORDER 2581 8 18 1 1 0
1038 ORDER 2582 48 41 7 44 1
1039 ORDER 2583 49 3 35 44 1
1039 ORDER 2584 16 36 1 23 1
1040 ORDER 2585 14 17 3 20 0
1040 ORDER 2586 41 9 36 43 0
1040 ORDER 2587 33 3 33 43 0
1041 CANCEL 2366
1041 CANCEL 2538
1041 ORDER 2588 44 36 1 9 1
1041 ORDER 2589 39 17 1 1 0
1041 ORDER 2590 12 33 41 44 1
1042 ORDER 2591 33 23 21 44 0
1042 ORDER 2592 6 18 1 39 0
1042 BLOCK 49 41
1043 UNBLOCK 39 15
1043 ORDER 2593 33 11 1 22 1
1043 ORDER 2594 31 15 58 43 2
1043 ORDER 2595 55 6 2 6 0
1044 UNBLOCK 48 20
1044 ORDER 2596 9 21 27 43 2
1044 ORDER 2597 34 39 43 44 2
1045 ORDER 2598 49 39 2 1 1
1045 ORDER 2599 33 11 1 38 1
1045 ORDER 2600 20 36 2 36 0
1046 ORDER 2601 18 35 51 44 0
1046 ORDER 2602 50 39 3 33 0
1046 ORDER 2603 43 33 5 43 1
1047 ORDER 2604 16 27 33 43 0
1047 ORDER 2605 20 18 2 36 3
1048 CANCEL 2294
1048 ORDER 2606 16 5 1 29 0
1048 ORDER 2607 22 27 24 43 0
1049 CANCEL 2141
1049 ORDER 2608 7 21 3 8 0
1049 ORDER 2609 17 24 27 44 0
1049 ORDER 2610 28 33 3 8 0
1050 ORDER 2611 17 5 5 44 0
1050 ORDER 2612 28 29 16 44 1
1051 ORDER 2613 26 3 2 41 1
1051 ORDER 2614 36 11 56 44 1
1051 ORDER 2615 35 3 24 44 2
1052 ORDER 2616 54 36 43 44 3
1052 ORDER 2617 16 15 49 44 0
1052 BLOCK 16 20
1053 ORDER 2618 38 9 1 10 0
1053 ORDER 2619 45 39 3 40 1
1053 ORDER 2620 25 12 3 5 0
1054 ORDER 2621 35 5 23 43 0
1054 ORDER 2622 55 26 2 40 3
1055 ORDER 2623 27 27 35 44 1
1055 ORDER 2624 11 3 31 43 0
1055 ORDER 2625 16 41 3 24 1
1056 ORDER 2626 7 12 3 30 1
1056 ORDER 2627 35 27 1 14 0
1056 ORDER 2628 11 21 3 26 1
1057 CANCEL 2289
1057 ORDER 2629 12 33 58 43 0
1057 ORDER 2630 41 23 3 23 0
1058 CANCEL 2529
1058 ORDER 2631 41 30 9 44 1
1058 ORDER 2632 44 24 42 44 1
1059 CANCEL 2517
1059 ORDER 2633 26 14 18 43 0
1059 ORDER 2634 51 36 3 28 0
1059 ORDER 2635 37 14 40 44 0
1060 ORDER 2636 14 17 24 44 0
1060 ORDER 2637 11 38 1 32 1
1061 CANCEL 2341
1061 ORDER 2638 40 14 3 44 1
1061 ORDER 2639 39 33 42 43 0
1061 ORDER 2640 47 24 2 44 1
1062 CANCEL 2357
1062 ORDER 2641 7 26 2 33 0
1062 ORDER 2642 22 41 2 6 0
1063 ORDER 2643 9 17 31 44 0
1063 ORDER 2644 37 11 12 44 0
1063 ORDER 2645 16 17 46 44 1
1064 CANCEL 2635
1064 ORDER 2646 49 9 5 44 0
1064 ORDER 2647 16 27 52 44 1
1064 ORDER 2648 31 30 3 6 1
1065 ORDER 2649 9 16 50 44 0
1065 ORDER 2650 16 12 2 26 0
1065 ORDER 2651 53 18 14 44 0
1066 ORDER 2652 52 29 3 29 1
1066 ORDER 2653 15 39 1 6 0
1066 ORDER 2654 51 9 3 20 0
1067 ORDER 2655 37 15 25 43 0
1067 ORDER 2656 49 38 18 44 1
1067 ORDER 2657 54 26 1 24 0
1068 UNBLOCK 27 20
1068 ORDER 2658 46 17 2 32 0
1068 ORDER 2659 39 12 12 43 0
1069 ORDER 2660 12 9 23 43 1
1069 ORDER 2661 28 6 2 5 0
1070 ORDER 2662 45 3 2 34 2
1070 ORDER 2663 46 9 2 22 1
1070 ORDER 2664 9 23 1 15 0
1071 CANCEL 2408
1071 ORDER 2665 23 32 31 43 0
1071 ORDER 2666 38 41 1 38 1
1071 ORDER 2667 22 29 1 37 0
1072 ORDER 2668 51 21 1 40 0
1072 ORDER 2669 34 27 3 7 3
1072 ORDER 2670 22 41 1 2 2
1073 ORDER 2671 16 14 58 43 1
1073 ORDER 2672 48 12 3 15 1
1073 ORDER 2673 48 18 35 44 1
1074 ORDER 2674 8 33 26 43 0
1074 ORDER 2675 40 18 6 43 1
1075 ORDER 2676 9 30 3 13 0
1075 ORDER 2677 55 12 1 2 1
1076 ORDER 2678 10 17 3 6 0
1076 ORDER 2679 34 24 8 44 0
1077 CANCEL 2667
1077 ORDER 2680 48 9 34 44 1
1077 ORDER 2681 35 9 2 28 3
1077 ORDER 2682 12 18 3 34 0
1078 ORDER 2683 29 5 55 44 1
1078 ORDER 2684 47 12 1 7 0
1079 ORDER 2685 26 11 2 35 1
1079 ORDER 2686 18 33 1 16 0
1080 ORDER 2687 11 20 3 7 1
1080 ORDER 2688 31 21 1 38 2
1081 ORDER 2689 55 38 28 44 0
1081 ORDER 2690 34 32 47 44 1
1082 ORDER 2691 6 15 47 44 0
1082 ORDER 2692 19 3 1 18 0
1082 ORDER 2693 53 27 3 7 0
1083 ORDER 2694 26 5 28 44 0
1083 ORDER 2695 34 38 1 7 0
1084 ORDER 2696 30 14 52 43 1
1084 ORDER 2697 22 14 2 23 0
1084 ORDER 2698 9 24 44 43 1
1085 CANCEL 2302
1085 ORDER 2699 10 36 13 44 0
1085 ORDER 2700 47 27 2 12 0
1085 ORDER 2701 18 38 13 44 2
1086 ORDER 2702 54 36 3 25 0
1086 ORDER 2703 18 26 3 2 0
1087 ORDER 2704 15 14 32 43 0
1087 ORDER 2705 44 36 1 38 0
1087 ORDER 2706 47 32 11 43 0
1088 ORDER 2707 10 32 3 12 1
1088 ORDER 2708 37 41 3 37 0
1088 ORDER 2709 15 30 29 43 0
1089 CANCEL 2596
1089 ORDER 2710 18 18 1 31 0
1089 ORDER 2711 30 24 3 28 0
1090 ORDER 2712 55 20 1 6 0
1090 ORDER 2713 50 11 2 10 1
1090 ORDER 2714 32 12 1 26 1
1091 ORDER 2715 9 8 29 44 0
1091 ORDER 2716 40 38 6 44 3
1091 ORDER 2717 25 39 1 7 0
1092 ORDER 2718 7 9 1 9 0
1092 ORDER 2719 11 12 23 43 0
1093 ORDER 2720 9 12 3 2 1
1093 ORDER 2721 42 33 37 43 0
1093 ORDER 2722 47 6 33 44 0
1094 ORDER 2723 29 37 12 44 0
1094 ORDER 2724 10 14 45 44 0
1094 ORDER 2725 27 39 3 15 0
1095 ORDER 2726 28 32 1 35 1
1095 ORDER 2727 36 24 2 38 0
1095 ORDER 2728 45 5 3 30 1
1096 ORDER 2729 24 20 1 19 2
1096 ORDER 2730 17 26 53 44 0
1096 ORDER 2731 54 41 3 17 0
1097 ORDER 2732 37 15 1 23 0
1097 ORDER 2733 17 15 1 25 0
1098 ORDER 2734 16 23 2 16 0
1098 ORDER 2735 8 18 1 40 1
1098 ORDER 2736 18 17 2 24 0
1099 CANCEL 2604
1099 ORDER 2737 29 38 32 43 0
1099 ORDER 2738 41 30 2 35 0
1100 ORDER 2739 54 38 18 43 0
1100 ORDER 2740 54 26 2 27 0
1101 ORDER 2741 36 39 3 42 1
1101 ORDER 2742 18 27 1 20 0
1101 ORDER 2743 55 29 33 43 0
1102 CANCEL 2477
1102 ORDER 2744 8 27 57 44 0
1102 ORDER 2745 17 12 2 20 0
1102 ORDER 2746 20 33 3 32 0
1103 ORDER 2747 36 26 2 8 0
1103 ORDER 2748 36 30 1 19 1
1104 ORDER 2749 28 21 3 39 0
1104 ORDER 2750 15 24 51 44 2
1104 ORDER 2751 46 8 21 43 1
1105 ORDER 2752 39 27 2 40 1
1105 ORDER 2753 9 6 1 5 1
1106 ORDER 2754 22 41 2 28 0
1106 ORDER 2755 23 30 27 44 0
1107 CANCEL 2744
1107 ORDER 2756 27 30 54 44 0
1107 ORDER 2757 29 6 37 44 3
1107 ORDER 2758 13 11 3 40 0
1108 ORDER 2759 32 14 3 7 0
1108 ORDER 2760 28 35 3 5 0
1108 ORDER 2761 44 3 2 18 0
1109 ORDER 2762 19 41 21 43 1
1109 ORDER 2763 9 38 29 44 0
1110 ORDER 2764 7 3 3 33 0
1110 ORDER 2765 7 14 3 38 1
1110 ORDER 2766 44 33 2 41 2
1111 UNBLOCK 16 20
1111 ORDER 2767 32 21 23 44 3
1111 ORDER 2768 10 41 54 43 2
1111 ORDER 2769 10 32 48 43 0
1112 ORDER 2770 18 21 3 40 0
1112 ORDER 2771 47 41 16 44 1
1113 CANCEL 2488
1113 ORDER 2772 23 35 3 19 0
1113 ORDER 2773 6 27 1 7 0
1114 ORDER 2774 27 9 1 12 0
1114 ORDER 2775 19 21 1 29 0
1114 ORDER 2776 27 3 2 11 0
1115 ORDER 2777 22 39 50 43 0
1115 ORDER 2778 22 29 58 43 2
1115 ORDER 2779 46 5 33 44 0
1116 UNBLOCK 49 41
1116 ORDER 2780 28 21 2 34 1
1116 ORDER 2781 29 8 54 43 0
1117 ORDER 2782 31 21 3 38 0
1117 ORDER 2783 53 29 3 23 2
1118 CANCEL 2633
1118 ORDER 2784 25 12 3 25 0
1118 ORDER 2785 33 23 51 44 1
1118 ORDER 2786 52 6 58 44 0
1119 ORDER 2787 16 30 2 18 0
1119 ORDER 2788 12 11 1 5 0
1119 ORDER 2789 19 35 33 43 3
1120 CANCEL 2665
1120 ORDER 2790 27 5 2 15 0
1120 ORDER 2791 6 29 23 43 2
1121 ORDER 2792 18 11 2 22 0
1121 ORDER 2793 41 41 3 18 0
1122 ORDER 2794 51 29 3 34 0
1122 ORDER 2795 41 12 56 44 1
1123 ORDER 2796 41 3 46 44 1
1123 ORDER 2797 47 26 2 16 0
1123 ORDER 2798 36 24 2 30 2
1124 CANCEL 2619
1124 ORDER 2799 48 18 52 43 0
1124 ORDER 2800 48 26 23 43 0
1124 ORDER 2801 18 17 2 39 2
1125 ORDER 2802 46 26 40 44 1
1125 ORDER 2803 20 26 1 28 0
1126 ORDER 2804 19 35 20 44 0
1126 ORDER 2805 18 18 49 44 0
1126 ORDER 2806 6 38 43 44 0
1127 UNBLOCK 45 41
1127 CANCEL 2549
1127 ORDER 2807 30 15 35 44 0
1127 ORDER 2808 12 21 2 42 0
1128 ORDER 2809 19 32 3 6 0
1128 ORDER 2810 10 30 2 34 2
1129 ORDER 2811 9 30 1 6 0
1129 ORDER 2812 50 29 57 43 0
1130 CANCEL 2585
1130 ORDER 2813 39 26 22 43 1
1130 ORDER 2814 37 38 2 36 0
1131 ORDER 2815 16 24 25 43 1
1131 ORDER 2816 38 11 1 31 0
1131 ORDER 2817 53 39 4 44 0
1131 BLOCK 13 32
1132 ORDER 2818 44 35 1 36 3
1132 ORDER 2819 47 9 1 42 0
1133 CANCEL 2790
1133 ORDER 2820 27 5 1 21 0
1133 ORDER 2821 40 33 3 19 1
1134 ORDER 2822 31 33 1 36 0
1134 ORDER 2823 32 32 45 43 0
1135 CANCEL 2693
1135 ORDER 2824 22 33 15 43 0
1135 ORDER 2825 35 9 28 44 0
1136 ORDER 2826 38 23 28 43 1
1136 ORDER 2827 26 11 2 36 1
1137 CANCEL 2794
1137 ORDER 2828 12 8 2 27 0
1137 ORDER 2829 25 24 15 43 0
1138 ORDER 2830 27 24 32 44 2
1138 ORDER 2831 51 6 53 43 1
1139 ORDER 2832 25 18 43 43 1
1139 ORDER 2833 51 14 2 28 0
1139 ORDER 2834 17 35 1 43 0
1140 ORDER 2835 15 27 3 28 1
1140 ORDER 2836 35 32 56 44 0
1141 CANCEL 2445
1141 ORDER 2837 9 35 1 40 2
1141 ORDER 2838 53 5 41 43 0
1141 ORDER 2839 38 30 1 41 0
1142 ORDER 2840 17 30 14 44 1
1142 ORDER 2841 49 41 6 43 1
1143 CANCEL 2639
1143 ORDER 2842 47 15 1 37 3
1143 ORDER 2843 22 8 1 33 1
1144 ORDER 2844 50 30 48 43 1
1144 ORDER 2845 6 20 12 43 0
1144 ORDER 2846 55 8 1 39 0
1145 CANCEL 2655
1145 ORDER 2847 26 20 3 37 0
1145 ORDER 2848 30 15 17 43 1
1146 ORDER 2849 19 18 2 13 0
1146 ORDER 2850 11 9 3 21 2
1147 ORDER 2851 40 23 1 8 0
1147 ORDER 2852 6 12 3 26 0
1147 ORDER 2853 7 36 3 3 1
1148 ORDER 2854 9 23 2 14 0
1148 ORDER 2855 22 29 15 43 0
1149 ORDER 2856 55 3 40 44 0
1149 ORDER 2857 19 32 3 24 2
1149 ORDER 2858 9 20 29 44 0
1150 ORDER 2859 42 30 3 6 0
1150 ORDER 2860 6 39 3 38 2
1150 ORDER 2861 9 3 2 28 0
1151 CANCEL 2525
1151 CANCEL 2617
1151 ORDER 2862 38 23 43 44 0
1151 ORDER 2863 54 24 50 43 0
1151 ORDER 2864 51 12 52 43 0
1152 CANCEL 2799
1152 ORDER 2865 54 12 54 43 0
1152 ORDER 2866 45 11 3 22 0
1153 CANCEL 2451
1153 ORDER 2867 28 20 2 39 0
1153 ORDER 2868 36 20 1 40 0
1154 ORDER 2869 32 35 34 43 0
1154 ORDER 2870 29 38 23 43 0
1154 ORDER 2871 22 29 20 44 0
1155 CANCEL 2426
1155 ORDER 2872 22 15 12 44 0
1155 ORDER 2873 46 41 43 43 0
1156 CANCEL 2870
1156 ORDER 2874 16 8 1 4 0
1156 ORDER 2875 51 12 2 18 0
1157 CANCEL 2660
1157 CANCEL 2675
1157 CANCEL 2784
1157 ORDER 2876 8 9 1 7 0
1157 ORDER 2877 11 8 3 21 1
1157 ORDER 2878 34 11 1 37 2
1158 ORDER 2879 37 39 2 31 3
1158 ORDER 2880 38 20 3 12 0
1158 ORDER 2881 54 11 3 7 1
1159 ORDER 2882 11 30 50 44 0
1159 ORDER 2883 20 38 38 44 0
1159 ORDER 2884 6 41 4 44 0
1160 ORDER 2885 8 35 55 44 0
1160 ORDER 2886 45 27 44 43 0
1161 CANCEL 2618
1161 ORDER 2887 11 39 37 43 0
1161 ORDER 2888 11 24 3 17 1
1162 ORDER 2889 25 15 2 12 0
1162 ORDER 2890 12 9 11 43 0
1162 ORDER 2891 21 20 2 13 1
1163 ORDER 2892 35 18 52 43 2
1163 ORDER 2893 10 36 3 28 0
1164 CANCEL 2599
1164 ORDER 2894 37 12 33 44 0
1164 ORDER 2895 9 3 3 34 0
1165 ORDER 2896 10 17 47 43 1
1165 ORDER 2897 40 23 1 8 0
1166 ORDER 2898 30 39 2 41 2
1166 ORDER 2899 25 27 1 31 0
1166 ORDER 2900 51 35 39 43 1
1167 ORDER 2901 46 30 1 36 2
1167 ORDER 2902 46 8 2 13 0
1168 ORDER 2903 41 8 3 2 0
1168 ORDER 2904 45 38 3 37 0
1169 CANCEL 2410
1169 ORDER 2905 38 26 1 44 0
1169 ORDER 2906 26 38 2 22 0
1170 CANCEL 2601
1170 ORDER 2907 35 38 3 29 2
1170 ORDER 2908 53 26 50 44 0
1171 CANCEL 2539
1171 ORDER 2909 47 26 58 43 0
1171 ORDER 2910 38 20 2 34 0
1171 ORDER 2911 45 36 18 44 0
1172 CANCEL 2533
1172 CANCEL 2659
1172 ORDER 2912 12 6 3 20 3
1172 ORDER 2913 7 33 1 36 0
1173 CANCEL 2484
1173 ORDER 2914 20 12 49 43 0
1173 ORDER 2915 34 36 8 44 0
1173 ORDER 2916 28 8 2 24 0
1174 ORDER 2917 7 23 1 17 3
1174 ORDER 2918 44 41 9 44 0
1175 ORDER 2919 54 15 2 31 2
1175 ORDER 2920 35 24 16 43 0
1176 ORDER 2921 25 20 56 43 0
1176 ORDER 2922 47 23 2 34 0
1177 ORDER 2923 16 23 11 43 3
1177 ORDER 2924 50 6 5 44 0
1178 ORDER 2925 21 14 3 14 0
1178 ORDER 2926 26 26 1 5 3
1179 ORDER 2927 34 33 29 44 0
1179 ORDER 2928 41 36 3 37 0
1179 ORDER 2929 39 26 11 44 0
1180 ORDER 2930 28 38 1 15 0
1180 ORDER 2931 44 20 41 44 0
1181 ORDER 2932 44 30 56 44 0
1181 ORDER 2933 26 30 15 43 2
1181 ORDER 2934 52 30 1 5 0
1182 ORDER 2935 38 21 44 43 1
1182 ORDER 2936 6 21 1 24 0
1183 ORDER 2937 10 21 1 44 1
1183 ORDER 2938 54 38 5 44 1
1184 ORDER 2939 18 17 53 44 0
1184 ORDER 2940 22 21 58 43 1
1184 ORDER 2941 6 11 3 27 1
1185 ORDER 2942 17 11 2 34 0
1185 ORDER 2943 22 29 2 7 1
1186 ORDER 2944 22 29 3 5 3
1186 ORDER 2945 30 3 52 43 0
1186 ORDER 2946 18 15 34 44 0
1187 ORDER 2947 7 39 49 44 3
1187 ORDER 2948 19 14 51 43 1
1187 ORDER 2949 47 27 2 36 0
1188 ORDER 2950 34 29 1 28 0
1188 ORDER 2951 35 39 2 31 1
1188 ORDER 2952 21 5 35 44 0
1189 ORDER 2953 47 29 1 18 3
1189 ORDER 2954 47 32 1 31 0
1189 ORDER 2955 51 8 39 43 0
1190 CANCEL 2786
1190 ORDER 2956 41 36 37 43 0
1190 ORDER 2957 30 14 1 39 0
1191 ORDER 2958 46 6 1 32 0
1191 ORDER 2959 18 32 3 24 0
1191 ORDER 2960 20 15 41 43 0
1192 ORDER 2961 28 35 2 1 2
1192 ORDER 2962 47 5 35 43 0
1193 CANCEL 2791
1193 ORDER 2963 27 15 11 43 1
1193 ORDER 2964 35 26 2 8 3
1194 ORDER 2965 35 15 2 8 0
1194 ORDER 2966 31 23 50 43 0
1194 ORDER 2967 41 11 2 41 0
1195 CANCEL 2605
1195 ORDER 2968 45 39 45 44 3
1195 ORDER 2969 7 12 50 44 0
1196 ORDER 2970 42 32 1 34 2
1196 ORDER 2971 27 41 2 42 2
1197 ORDER 2972 14 14 56 43 0
1197 ORDER 2973 40 3 1 8 0
1197 ORDER 2974 17 3 1 25 1
1198 CANCEL 2572
1198 CANCEL 2668
1198 ORDER 2975 34 38 2 4 0
1198 ORDER 2976 9 41 11 44 0
1199 ORDER 2977 30 23 17 44 1
1199 ORDER 2978 28 35 13 43 0
1200 ORDER 2979 11 30 3 35 1
1200 ORDER 2980 9 21 13 43 0
1200 ORDER 2981 34 41 2 26 0
1201 CANCEL 2502
1201 CANCEL 2513
1201 CANCEL 2590
1201 CANCEL 2925
1201 ORDER 2982 21 9 1 19 0
1201 ORDER 2983 36 30 2 4 0
1201 ORDER 2984 7 3 1 40 0
1201 BLOCK 14 43
1202 ORDER 2985 7 30 1 39 0
1202 ORDER 2986 18 18 49 44 2
1202 ORDER 2987 53 33 36 43 0
1203 ORDER 2988 9 36 1 28 0
1203 ORDER 2989 37 6 37 44 1
1204 UNBLOCK 13 32
1204 CANCEL 2940
1204 ORDER 2990 22 33 54 43 2
1204 ORDER 2991 11 30 2 11 0
1205 ORDER 2992 53 5 3 12 0
1205 ORDER 2993 35 27 34 43 0
1206 ORDER 2994 15 29 12 43 0
1206 ORDER 2995 47 38 3 3 0
1207 ORDER 2996 41 41 3 36 0
1207 ORDER 2997 20 11 12 43 0
1207 ORDER 2998 55 33 41 43 0
1208 CANCEL 2891
1208 ORDER 2999 8 35 3 34 1
1208 ORDER 3000 30 18 13 43 0
1209 ORDER 3001 52 24 1 17 1
1209 ORDER 3002 46 3 1 43 0
1210 CANCEL 2789
1210 ORDER 3003 15 24 55 44 0
1210 ORDER 3004 24 20 6 43 1
1211 ORDER 3005 19 9 2 17 2
1211 ORDER 3006 29 39 2 3 0
1211 ORDER 3007 10 12 22 44 1
1212 ORDER 3008 13 35 56 43 0
1212 ORDER 3009 34 3 51 44 1
1213 ORDER 3010 41 23 44 43 0
1213 ORDER 3011 11 5 23 44 0
1214 ORDER 3012 34 30 1 16 0
1214 ORDER 3013 50 6 51 43 0
1214 ORDER 3014 27 26 18 44 1
1215 ORDER 3015 28 4 7 43 0
1215 ORDER 3016 14 17 33 44 0
1216 ORDER 3017 19 14 25 44 2
1216 ORDER 3018 28 26 23 44 2
1217 ORDER 3019 45 3 1 21 2
1217 ORDER 3020 53 20 23 44 0
1217 ORDER 3021 34 36 2 29 2
1218 ORDER 3022 27 15 44 43 1
1218 ORDER 3023 45 38 2 14 0
1218 ORDER 3024 41 32 2 37 0
1219 CANCEL 2666
1219 CANCEL 2721
1219 ORDER 3025 20 12 9 44 1
1219 ORDER 3026 36 6 32 44 2
1219 ORDER 3027 41 35 3 23 1
1220 CANCEL 2931
1220 ORDER 3028 30 18 29 44 1
1220 ORDER 3029 38 11 3 40 0
1221 ORDER 3030 20 35 2 15 0
1221 ORDER 3031 41 14 30 43 1
1222 ORDER 3032 36 3 51 43 0
1222 ORDER 3033 28 12 3 36 0
1222 ORDER 3034 33 23 1 33 3
1223 ORDER 3035 35 11 5 44 0
1223 ORDER 3036 38 18 17 43 1
1224 ORDER 3037 30 11 2 23 0
1224 ORDER 3038 7 26 2 34 1
1224 ORDER 3039 18 39 3 34 2
1225 CANCEL 2908
1225 ORDER 3040 38 9 3 42 0
1225 ORDER 3041 40 20 1 22 1
1226 ORDER 3042 38 17 45 44 0
1226 ORDER 3043 34 36 24 43 2
1227 CANCEL 2834
1227 ORDER 3044 44 30 51 43 0
1227 ORDER 3045 36 29 3 33 0
1227 ORDER 3046 14 12 26 44 1
1228 ORDER 3047 46 12 3 36 0
1228 ORDER 3048 50 36 2 42 3
1229 ORDER 3049 52 24 3 2 0
1229 ORDER 3050 32 23 36 43 1
1229 ORDER 3051 19 35 3 34 0
1230 CANCEL 2909
1230 ORDER 3052 31 32 1 7 0
1230 ORDER 3053 34 21 5 44 0
1231 CANCEL 2643
1231 CANCEL 2737
1231 CANCEL 2981
1231 ORDER 3054 47 23 10 44 0
1231 ORDER 3055 28 8 1 30 2
1231 ORDER 3056 21 41 44 43 1
1232 ORDER 3057 13 35 2 20 0
1232 ORDER 3058 16 41 2 32 1
1233 ORDER 3059 20 14 2 36 0
1233 ORDER 3060 29 38 38 43 0
1234 ORDER 3061 16 9 35 44 1
1234 ORDER 3062 6 41 38 43 0
1235 ORDER 3063 21 18 39 44 2
1235 ORDER 3064 31 15 41 43 0
1235 ORDER 3065 8 24 54 43 1
1236 ORDER 3066 8 9 31 44 0
1236 ORDER 3067 21 21 50 44 0
1237 ORDER 3068 40 41 1 6 0
1237 ORDER 3069 42 23 1 19 0
1237 ORDER 3070 12 11 2 33 2
1238 ORDER 3071 52 18 26 43 0
1238 ORDER 3072 39 18 2 29 3
1239 ORDER 3073 49 22 7 44 0
1239 ORDER 3074 25 24 3 33 1
1239 ORDER 3075 44 26 2 7 0
1239 BLOCK 25 38
1240 CANCEL 2684
1240 ORDER 3076 17 20 27 43 0
1240 ORDER 3077 37 17 43 44 0
1240 ORDER 3078 17 29 1 41 1
1241 ORDER 3079 8 21 2 8 0
1241 ORDER 3080 55 36 52 43 0
1241 ORDER 3081 26 20 2 12 0
1242 ORDER 3082 11 38 1 26 0
1242 ORDER 3083 19 35 16 43 3
1243 ORDER 3084 10 15 4 44 0
1243 ORDER 3085 33 33 3 42 1
1243 ORDER 3086 31 14 1 30 0
1244 ORDER 3087 26 38 4 43 0
1244 ORDER 3088 31 17 42 44 0
1244 ORDER 3089 50 27 2 31 0
1245 ORDER 3090 46 39 25 43 0
1245 ORDER 3091 55 32 1 1 0
1246 ORDER 3092 37 3 1 28 1
1246 ORDER 3093 10 5 25 43 0
1246 ORDER 3094 12 38 4 44 3
1247 ORDER 3095 28 32 15 43 0
1247 ORDER 3096 15 24 16 44 0
1247 ORDER 3097 13 3 36 43 0
1248 ORDER 3098 36 18 3 35 0
1248 ORDER 3099 20 38 1 31 0
1249 ORDER 3100 28 33 55 43 3
1249 ORDER 3101 24 32 2 26 0
1249 ORDER 3102 12 35 1 42 0
1250 ORDER 3103 54 17 3 7 0
1250 ORDER 3104 38 20 45 44 1
1250 ORDER 3105 47 11 47 43 0
1251 ORDER 3106 6 35 1 18 0
1251 ORDER 3107 23 6 1 8 0
1252 CANCEL 2912
1252 ORDER 3108 34 23 1 27 0
1252 ORDER 3109 11 36 1 9 0
1253 ORDER 3110 48 26 21 43 3
1253 ORDER 3111 19 6 38 44 0
1254 ORDER 3112 8 35 2 35 0
1254 ORDER 3113 38 14 56 43 0
1255 CANCEL 3003
1255 ORDER 3114 19 21 22 44 2
1255 ORDER 3115 17 17 1 7 2
1256 ORDER 3116 43 29 48 43 1
1256 ORDER 3117 11 23 14 44 0
1256 ORDER 3118 44 11 1 37 2
1256 BLOCK 14 40
1257 ORDER 3119 51 32 56 44 0
1257 ORDER 3120 15 30 15 44 0
1258 ORDER 3121 9 33 1 41 0
1258 ORDER 3122 13 37 2 27 0
1258 ORDER 3123 43 21 2 42 0
1259 ORDER 3124 21 5 6 43 0
1259 ORDER 3125 15 23 1 17 0
1260 ORDER 3126 24 26 1 35 0
1260 ORDER 3127 20 33 1 37 0
1260 ORDER 3128 40 14 3 12 1
1261 CANCEL 2829
1261 ORDER 3129 29 14 2 23 1
1261 ORDER 3130 8 12 3 12 2
1262 ORDER 3131 28 8 3 14 0
1262 ORDER 3132 38 21 8 44 2
1262 ORDER 3133 15 30 2 33 0
1263 ORDER 3134 8 18 26 43 1
1263 ORDER 3135 36 9 1 14 1
1264 UNBLOCK 14 43
1264 ORDER 3136 6 18 40 44 3
1264 ORDER 3137 10 38 12 44 1
1265 ORDER 3138 6 41 48 44 1
1265 ORDER 3139 29 36 30 43 1
1266 ORDER 3140 38 30 15 43 1
1266 ORDER 3141 26 12 2 16 0
1267 ORDER 3142 20 6 19 44 2
1267 ORDER 3143 12 3 36 44 0
1267 ORDER 3144 30 6 8 43 1
1268 ORDER 3145 33 33 2 24 2
1268 ORDER 3146 34 33 33 43 0
1269 ORDER 3147 47 11 2 35 2
1269 ORDER 3148 36 11 3 1 0
1269 ORDER 3149 49 33 3 27 0
1270 CANCEL 2886
1270 ORDER 3150 9 11 8 44 1
1270 ORDER 3151 11 39 1 39 0
1271 CANCEL 2698
1271 ORDER 3152 35 41 1 39 3
1271 ORDER 3153 33 41 57 43 0
1271 BLOCK 30 44
1272 ORDER 3154 20 15 56 44 0
1272 ORDER 3155 8 26 3 41 0
1273 ORDER 3156 35 26 46 44 0
1273 ORDER 3157 7 30 19 43 0
1273 ORDER 3158 18 9 3 34 0
1274 ORDER 3159 29 39 1 32 0
1274 ORDER 3160 7 9 44 44 0
1274 ORDER 3161 55 3 1 26 0
1275 ORDER 3162 45 39 50 43 3
1275 ORDER 3163 48 12 1 30 0
1276 ORDER 3164 15 14 1 20 0
1276 ORDER 3165 45 24 3 38 1
1276 ORDER 3166 54 12 16 43 0
1277 ORDER 3167 18 21 2 11 0
1277 ORDER 3168 41 6 25 44 0
1277 ORDER 3169 55 9 1 23 0
1278 ORDER 3170 16 5 2 4 0
1278 ORDER 3171 22 27 42 43 0
1279 CANCEL 2818
1279 CANCEL 2997
1279 ORDER 3172 45 29 1 9 1
1279 ORDER 3173 47 23 3 36 1
1279 ORDER 3174 8 41 35 43 2
1280 CANCEL 3048
1280 ORDER 3175 53 20 3 19 0
1280 ORDER 3176 31 6 3 36 0
1280 ORDER 3177 47 17 2 33 1
1281 CANCEL 2919
1281 ORDER 3178 20 15 2 44 1
1281 ORDER 3179 26 5 29 44 0
1282 CANCEL 3151
1282 ORDER 3180 21 8 2 44 0
1282 ORDER 3181 50 36 3 26 0
1283 ORDER 3182 11 24 2 38 0
1283 ORDER 3183 20 18 49 43 1
1284 ORDER 3184 19 21 1 44 0
1284 ORDER 3185 53 3 2 35 0
1284 ORDER 3186 34 24 2 10 1
1285 ORDER 3187 23 26 3 22 2
1285 ORDER 3188 43 12 3 19 0
1285 ORDER 3189 28 39 42 44 1
1286 ORDER 3190 38 20 14 43 0
1286 ORDER 3191 16 6 1 4 2
1287 ORDER 3192 18 11 1 25 1
1287 ORDER 3193 39 3 1 31 1
1287 ORDER 3194 27 38 6 44 1
1288 ORDER 3195 26 27 2 27 0
1288 ORDER 3196 27 24 3 1 0
1288 ORDER 3197 54 27 2 42 2
1289 ORDER 3198 27 38 2 3 0
1289 ORDER 3199 35 24 1 44 0
1290 ORDER 3200 55 15 1 14 1
1290 ORDER 3201 53 5 1 20 0
1291 ORDER 3202 6 12 1 6 2
1291 ORDER 3203 48 20 1 31 0
1291 ORDER 3204 11 33 1 27 2
1292 ORDER 3205 7 12 44 43 0
1292 ORDER 3206 52 8 2 44 2
1292 ORDER 3207 35 41 3 30 1
1293 CANCEL 2918
1293 ORDER 3208 37 12 49 43 1
1293 ORDER 3209 26 24 3 24 1
1294 CANCEL 2831
1294 ORDER 3210 19 5 2 25 1
1294 ORDER 3211 47 6 3 40 0
1294 ORDER 3212 30 8 1 8 3
1295 CANCEL 2747
1295 ORDER 3213 41 3 2 12 0
1295 ORDER 3214 30 17 2 18 3
1295 ORDER 3215 36 41 2 7 2
1296 ORDER 3216 38 6 2 12 1
1296 ORDER 3217 32 30 3 17 0
1296 BLOCK 26 44
1297 CANCEL 3007
1297 ORDER 3218 26 26 2 17 1
1297 ORDER 3219 25 32 56 43 2
1298 ORDER 3220 17 36 1 6 0
1298 ORDER 3221 36 33 2 27 1
1298 ORDER 3222 12 24 1 23 2
1299 ORDER 3223 15 32 1 24 1
1299 ORDER 3224 44 17 35 44 0
1300 ORDER 3225 26 15 1 42 1
1300 ORDER 3226 52 23 32 44 0
1300 ORDER 3227 48 14 1 19 0
1301 ORDER 3228 30 38 1 2 1
1301 ORDER 3229 20 20 3 34 0
1302 ORDER 3230 37 14 29 44 3
1302 ORDER 3231 46 9 10 43 0
1302 ORDER 3232 19 29 53 44 2
1303 ORDER 3233 54 36 3 44 2
1303 ORDER 3234 21 5 1 28 0
1303 ORDER 3235 11 33 1 33 0
1304 ORDER 3236 38 18 1 3 0
1304 ORDER 3237 38 41 27 44 0
1305 ORDER 3238 39 6 23 44 1
1305 ORDER 3239 38 38 1 22 0
1305 ORDER 3240 49 9 1 26 0
1306 ORDER 3241 50 9 3 7 2
1306 ORDER 3242 12 9 3 11 2
1307 CANCEL 3096
1307 ORDER 3243 16 26 1 35 1
1307 ORDER 3244 39 11 44 44 0
1307 ORDER 3245 28 15 2 29 2
1308 ORDER 3246 26 23 2 36 0
1308 ORDER 3247 45 32 13 43 0
1308 ORDER 3248 27 3 3 5 1
1309 ORDER 3249 6 18 30 44 1
1309 ORDER 3250 11 14 41 43 0
1309 ORDER 3251 34 17 56 44 0
1310 ORDER 3252 25 12 11 43 0
1310 ORDER 3253 11 36 1 22 3
1310 ORDER 3254 28 20 49 44 0
1311 ORDER 3255 16 14 2 40 1
1311 ORDER 3256 20 26 2 40 1
1311 ORDER 3257 25 29 23 44 1
1312 ORDER 3258 39 33 8 43 0
1312 ORDER 3259 45 5 35 43 0
1312 ORDER 3260 20 6 53 43 0
1313 ORDER 3261 23 21 30 44 2
1313 ORDER 3262 39 15 29 43 0
1313 ORDER 3263 27 23 3 22 0
1314 ORDER 3264 39 5 50 43 1
1314 ORDER 3265 11 23 2 19 0
1315 ORDER 3266 28 3 2 41 0
1315 ORDER 3267 27 6 24 43 0
1316 ORDER 3268 43 35 44 43 0
1316 ORDER 3269 28 31 2 14 1
1316 ORDER 3270 37 9 18 44 0
1317 CANCEL 3245
1317 ORDER 3271 36 29 36 43 1
1317 ORDER 3272 11 3 1 40 0
1317 ORDER 3273 32 12 3 18 2
1318 ORDER 3274 44 5 21 43 0
1318 ORDER 3275 40 33 2 22 0
1318 ORDER 3276 37 18 1 3 0
1319 ORDER 3277 28 30 22 43 0
1319 ORDER 3278 27 14 40 44 1
1319 ORDER 3279 28 39 3 14 1
1320 UNBLOCK 25 38
1320 ORDER 3280 33 41 2 34 1
1320 ORDER 3281 50 8 25 44 0
1320 ORDER 3282 8 5 1 28 0
1321 ORDER 3283 41 3 2 3 0
1321 ORDER 3284 16 18 30 43 0
1322 ORDER 3285 47 41 1 36 0
1322 ORDER 3286 11 20 3 21 0
1323 ORDER 3287 16 17 1 42 1
1323 ORDER 3288 41 21 2 36 3
1324 ORDER 3289 47 41 3 1 0
1324 ORDER 3290 40 6 23 44 1
1325 ORDER 3291 42 24 2 33 0
1325 ORDER 3292 51 23 2 39 0
1325 ORDER 3293 27 3 38 44 0
1326 ORDER 3294 52 23 50 43 0
1326 ORDER 3295 36 6 47 43 0
1326 ORDER 3296 27 21 2 9 0
1327 ORDER 3297 10 5 1 11 1
1327 ORDER 3298 27 11 37 44 1
1327 ORDER 3299 13 33 23 43 2
1328 ORDER 3300 9 12 55 44 0
1328 ORDER 3301 9 33 3 42 1
1328 ORDER 3302 54 20 7 43 0
1329 ORDER 3303 17 15 54 44 0
1329 ORDER 3304 21 14 3 6 0
1329 ORDER 3305 9 9 3 18 0
1330 ORDER 3306 11 8 48 44 0
1330 ORDER 3307 12 26 58 44 0
1330 ORDER 3308 45 38 1 23 0
1331 ORDER 3309 29 24 7 43 0
1331 ORDER 3310 44 17 11 44 0
1331 ORDER 3311 17 26 1 41 0
1332 ORDER 3312 13 3 28 44 1
1332 ORDER 3313 32 14 2 2 0
1332 ORDER 3314 52 20 3 19 0
1333 CANCEL 2988
1333 ORDER 3315 26 5 30 44 0
1333 ORDER 3316 51 14 2 15 1
1333 BLOCK 15 44
1334 ORDER 3317 45 30 2 38 0
1334 ORDER 3318 14 30 51 43 1
1335 CANCEL 3222
1335 ORDER 3319 9 24 43 44 3
1335 ORDER 3320 43 35 42 43 2
1335 ORDER 3321 50 41 39 43 1
1336 ORDER 3322 32 20 1 17 1
1336 ORDER 3323 51 30 56 43 0
1337 ORDER 3324 21 18 41 44 0
1337 ORDER 3325 55 9 3 44 1
1338 ORDER 3326 22 5 3 27 1
1338 ORDER 3327 26 24 2 34 0
1338 ORDER 3328 47 18 2 10 2
1339 ORDER 3329 9 6 3 42 0
1339 ORDER 3330 10 41 3 30 0
1339 ORDER 3331 27 36 13 44 0
1340 CANCEL 3312
1340 ORDER 3332 27 5 1 22 0
1340 ORDER 3333 41 35 1 5 1
1341 ORDER 3334 34 39 51 43 2
1341 ORDER 3335 37 12 1 8 0
1341 ORDER 3336 19 14 2 2 2
1342 ORDER 3337 25 12 3 41 1
1342 ORDER 3338 22 11 3 44 1
1343 ORDER 3339 35 15 10 43 0
1343 ORDER 3340 48 9 58 43 0
1343 ORDER 3341 48 39 27 44 0
1344 CANCEL 3275
1344 ORDER 3342 34 41 2 20 0
1344 ORDER 3343 10 23 47 43 0
1345 ORDER 3344 44 38 48 44 1
1345 ORDER 3345 12 9 1 19 0
1345 ORDER 3346 51 6 2 29 1
1346 ORDER 3347 33 35 58 44 0
1346 ORDER 3348 28 26 4 44 0
1347 CANCEL 2952
1347 ORDER 3349 29 5 1 18 0
1347 ORDER 3350 52 26 9 43 0
1348 ORDER 3351 10 30 3 19 0
1348 ORDER 3352 20 11 54 43 1
1348 ORDER 3353 49 12 3 40 1
1349 ORDER 3354 40 15 4 44 0
1349 ORDER 3355 10 20 40 44 0
1350 ORDER 3356 34 6 2 28 1
1350 ORDER 3357 12 41 4 43 1
1350 ORDER 3358 10 6 2 30 2
1351 ORDER 3359 15 32 3 36 1
1351 ORDER 3360 20 36 43 43 2
1352 ORDER 3361 30 16 2 22 0
1352 ORDER 3362 25 12 2 14 0
1352 ORDER 3363 29 41 3 7 0
1353 ORDER 3364 18 15 43 44 1
1353 ORDER 3365 20 15 3 1 0
1354 ORDER 3366 14 12 4 43 0
1354 ORDER 3367 9 15 1 8 0
1354 ORDER 3368 39 36 2 35 3
1355 ORDER 3369 46 21 25 43 0
1355 ORDER 3370 31 30 3 34 0
1355 ORDER 3371 12 27 2 26 0
1356 ORDER 3372 22 38 3 25 0
1356 ORDER 3373 22 33 19 44 1
1356 ORDER 3374 42 30 40 44 0
1357 ORDER 3375 18 21 2 10 2
1357 ORDER 3376 40 7 54 44 1
1357 ORDER 3377 48 23 3 21 1
1358 CANCEL 3350
1358 ORDER 3378 47 36 55 43 0
1358 ORDER 3379 21 5 36 43 2
1359 CANCEL 2973
1359 ORDER 3380 41 33 4 44 1
1359 ORDER 3381 37 38 1 35 1
1359 ORDER 3382 42 21 3 15 0
1360 ORDER 3383 16 8 6 43 2
1360 ORDER 3384 9 5 35 44 0
1361 ORDER 3385 10 38 36 43 0
1361 ORDER 3386 31 12 30 44 1
1361 ORDER 3387 25 12 53 44 1
1362 ORDER 3388 29 8 3 37 3
1362 ORDER 3389 8 24 1 36 2
1363 CANCEL 3228
1363 ORDER 3390 12 38 3 5 0
1363 ORDER 3391 30 35 1 41 0
1363 ORDER 3392 50 11 22 44 0
1364 ORDER 3393 29 35 15 44 1
1364 ORDER 3394 38 12 47 43 3
1364 ORDER 3395 31 15 2 17 1
1365 CANCEL 2933
1365 ORDER 3396 26 21 2 36 0
1365 ORDER 3397 53 5 3 1 0
1366 ORDER 3398 52 35 41 44 2
1366 ORDER 3399 55 8 41 44 3
1366 ORDER 3400 35 8 2 32 0
1367 UNBLOCK 14 40
1367 ORDER 3401 6 33 37 43 0
1367 ORDER 3402 21 38 48 44 0
1368 CANCEL 3067
1368 ORDER 3403 45 20 1 9 0
1368 ORDER 3404 45 11 27 44 3
1369 ORDER 3405 12 8 1 25 2
1369 ORDER 3406 16 24 21 43 2
1370 CANCEL 3085
1370 CANCEL 3386
1370 ORDER 3407 38 36 3 26 1
1370 ORDER 3408 53 5 3 11 0
1371 ORDER 3409 44 11 1 32 0
1371 ORDER 3410 30 17 17 44 0
1372 ORDER 3411 22 29 55 43 2
1372 ORDER 3412 28 5 1 2 0
1373 CANCEL 3060
1373 CANCEL 3205
1373 ORDER 3413 53 15 1 40 0
1373 ORDER 3414 49 6 1 18 0
1373 ORDER 3415 19 33 58 44 0
1374 CANCEL 3040
1374 ORDER 3416 19 33 29 43 0
1374 ORDER 3417 50 41 32 44 1
1375 ORDER 3418 45 41 3 14 0
1375 ORDER 3419 17 41 2 3 0
1375 ORDER 3420 8 11 20 44 3
1376 ORDER 3421 46 33 28 44 0
1376 ORDER 3422 17 32 3 15 0
1377 ORDER 3423 43 30 39 43 1
1377 ORDER 3424 6 36 47 44 1
1377 ORDER 3425 26 18 48 44 0
1378 ORDER 3426 54 27 3 15 0
1378 ORDER 3427 19 20 3 4 3
1379 ORDER 3428 6 33 1 9 0
1379 ORDER 3429 40 8 1 28 1
1379 ORDER 3430 23 35 3 1 0
1380 ORDER 3431 34 8 24 44 0
1380 ORDER 3432 47 15 22 43 0
1381 ORDER 3433 46 20 17 44 0
1381 ORDER 3434 45 6 13 43 1
1381 ORDER 3435 6 32 19 44 0
1382 CANCEL 2969
1382 ORDER 3436 25 29 31 44 0
1382 ORDER 3437 53 17 13 44 0
1383 CANCEL 3018
1383 ORDER 3438 18 33 1 14 1
1383 ORDER 3439 47 18 1 31 0
1384 ORDER 3440 24 20 3 44 0
1384 ORDER 3441 49 8 21 43 2
1384 ORDER 3442 13 3 31 43 0
1385 ORDER 3443 41 36 48 43 0
1385 ORDER 3444 29 29 43 43 0
1386 ORDER 3445 28 12 23 44 0
1386 ORDER 3446 51 30 2 35 0
1386 ORDER 3447 32 33 1 8 2
1387 CANCEL 3416
1387 ORDER 3448 49 39 5 43 1
1387 ORDER 3449 36 36 2 9 0
1388 CANCEL 3094
1388 ORDER 3450 9 39 30 44 2
1388 ORDER 3451 40 38 20 43 1
1388 ORDER 3452 25 5 2 9 0
1389 ORDER 3453 19 9 1 9 0
1389 ORDER 3454 6 21 44 44 0
1390 ORDER 3455 42 35 54 44 0
1390 ORDER 3456 12 40 45 43 0
1391 ORDER 3457 39 29 2 35 0
1391 ORDER 3458 39 39 1 22 0
1391 ORDER 3459 40 18 7 44 1
1392 CANCEL 3363
1392 ORDER 3460 17 6 30 43 0
1392 ORDER 3461 6 6 3 35 0
1392 ORDER 3462 17 35 46 43 0
1393 UNBLOCK 26 44
1393 ORDER 3463 25 3 2 32 1
1393 ORDER 3464 29 29 2 22 0
1393 ORDER 3465 55 20 1 22 0
1394 ORDER 3466 11 6 3 25 1
1394 ORDER 3467 17 36 2 41 1
1395 ORDER 3468 9 27 36 43 0
1395 ORDER 3469 21 18 2 6 1
1396 ORDER 3470 18 41 2 33 1
1396 ORDER 3471 26 9 3 23 0
1397 ORDER 3472 47 8 2 28 0
1397 ORDER 3473 17 18 1 15 0
1398 CANCEL 3287
1398 UNBLOCK 15 44
1398 ORDER 3474 33 23 1 27 0
1398 ORDER 3475 25 9 1 33 0
1398 ORDER 3476 19 35 18 43 1
1399 CANCEL 2995
1399 ORDER 3477 30 35 1 41 0
1399 ORDER 3478 26 6 44 44 2
1399 ORDER 3479 47 24 56 44 0
1400 ORDER 3480 33 33 3 19 3
1400 ORDER 3481 17 6 50 43 0
1400 ORDER 3482 40 33 9 43 0
1401 ORDER 3483 27 38 2 15 0
1401 ORDER 3484 30 3 2 21 0
1401 ORDER 3485 47 12 1 19 0
1402 ORDER 3486 54 14 9 43 0
1402 ORDER 3487 20 39 46 44 1
1403 ORDER 3488 45 24 10 43 0
1403 ORDER 3489 55 14 10 44 0
1403 ORDER 3490 25 24 3 18 0
1404 ORDER 3491 42 14 3 37 0
1404 ORDER 3492 22 9 20 44 0
1405 ORDER 3493 30 26 2 20 0
1405 ORDER 3494 43 15 18 44 1
1405 ORDER 3495 8 3 41 44 1
1406 ORDER 3496 45 26 47 43 0
1406 ORDER 3497 39 41 4 44 0
1407 UNBLOCK 30 44
1407 CANCEL 3466
1407 ORDER 3498 55 32 3 17 1
1407 ORDER 3499 35 3 3 41 0
1408 ORDER 3500 30 6 1 41 1
1408 ORDER 3501 30 27 36 43 0
1408 ORDER 3502 20 33 2 29 0
1409 ORDER 3503 39 24 1 25 0
1409 ORDER 3504 48 17 2 1 2
1410 CANCEL 3385
1410 ORDER 3505 39 23 1 12 1
1410 ORDER 3506 17 18 5 43 1
1411 ORDER 3507 45 5 27 44 0
1411 ORDER 3508 48 17 47 43 0
1412 ORDER 3509 12 20 3 23 3
1412 ORDER 3510 55 17 49 43 1
1413 ORDER 3511 53 35 1 6 0
1413 ORDER 3512 29 24 34 43 0
1414 ORDER 3513 16 32 3 23 0
1414 ORDER 3514 34 30 49 44 0
1415 ORDER 3515 17 38 2 15 0
1415 ORDER 3516 49 21 39 44 0
1415 ORDER 3517 26 6 1 11 0
1416 ORDER 3518 22 36 15 44 0
1416 ORDER 3519 50 32 33 43 0
1416 ORDER 3520 48 41 2 3 0
1417 CANCEL 3298
1417 ORDER 3521 51 27 11 43 0
1417 ORDER 3522 54 41 1 20 0
1417 ORDER 3523 34 6 18 44 0
1418 CANCEL 3483
1418 ORDER 3524 27 30 1 13 0
1418 ORDER 3525 52 33 47 44 2
1418 ORDER 3526 50 11 51 44 0
1419 ORDER 3527 6 21 53 43 0
1419 ORDER 3528 30 24 34 44 0
1420 ORDER 3529 18 41 36 43 0
1420 ORDER 3530 21 20 48 43 2
1421 CANCEL 3430
1421 ORDER 3531 47 26 1 4 1
1421 ORDER 3532 13 11 2 1 0
1422 CANCEL 3054
1422 CANCEL 3170
1422 ORDER 3533 19 9 1 33 1
1422 ORDER 3534 20 5 3 21 0
1422 ORDER 3535 50 35 53 44 2
1423 CANCEL 3099
1423 ORDER 3536 46 3 27 43 0
1423 ORDER 3537 7 36 35 44 2
1423 ORDER 3538 44 35 3 30 1
1424 ORDER 3539 11 14 11 43 2
1424 ORDER 3540 34 41 3 8 0
1424 ORDER 3541 9 24 2 10 0
1425 ORDER 3542 37 24 25 44 0
1425 ORDER 3543 52 18 28 43 1
1425 ORDER 3544 39 41 3 5 2
1426 ORDER 3545 10 33 1 20 0
1426 ORDER 3546 38 23 3 30 1
1426 ORDER 3547 47 24 2 3 3
1427 ORDER 3548 20 12 7 44 1
1427 ORDER 3549 48 8 13 43 0
1427 ORDER 3550 16 12 1 19 0
1428 ORDER 3551 44 17 3 24 0
1428 ORDER 3552 37 5 44 44 2
1428 ORDER 3553 6 26 2 39 2
1429 ORDER 3554 48 18 56 44 0
1429 ORDER 3555 34 6 11 44 3
1430 CANCEL 3178
1430 ORDER 3556 20 9 2 26 0
1430 ORDER 3557 22 35 40 44 0
1431 ORDER 3558 39 24 3 22 1
1431 ORDER 3559 48 18 50 44 3
1431 ORDER 3560 13 20 1 15 1
1431 BLOCK 52 29
1432 CANCEL 3266
1432 ORDER 3561 15 21 3 11 2
1432 ORDER 3562 36 38 1 3 2
1433 CANCEL 3507
1433 ORDER 3563 26 9 18 44 0
1433 ORDER 3564 36 5 1 3 0
1433 ORDER 3565 25 29 42 43 0
1434 ORDER 3566 29 3 1 15 0
1434 ORDER 3567 34 11 11 44 1
1434 ORDER 3568 14 15 31 43 0
1435 ORDER 3569 54 15 19 44 0
1435 ORDER 3570 26 18 6 43 0
1435 ORDER 3571 54 11 35 43 3
1436 ORDER 3572 12 20 2 12 0
1436 ORDER 3573 43 35 10 44 0
1437 ORDER 3574 22 39 3 18 1
1437 ORDER 3575 24 20 48 43 0
1438 CANCEL 3339
1438 ORDER 3576 33 12 3 17 1
1438 ORDER 3577 47 39 24 43 0
1439 ORDER 3578 11 30 3 40 0
1439 ORDER 3579 7 32 1 11 0
1440 CANCEL 3415
1440 ORDER 3580 33 9 1 42 0
1440 ORDER 3581 16 26 32 44 0
1440 ORDER 3582 29 41 3 12 3
1441 ORDER 3583 41 11 42 44 1
1441 ORDER 3584 6 15 3 25 0
1441 ORDER 3585 8 14 1 11 2
1442 ORDER 3586 28 9 54 44 0
1442 ORDER 3587 21 20 3 6 0
1442 ORDER 3588 35 26 43 43 0
1443 CANCEL 3204
1443 ORDER 3589 8 6 2 41 0
1443 ORDER 3590 6 11 1 4 2
1444 CANCEL 3472
1444 ORDER 3591 55 33 42 44 0
1444 ORDER 3592 33 14 1 10 0
1445 ORDER 3593 22 36 54 44 0
1445 ORDER 3594 33 11 28 43 1
1446 ORDER 3595 49 24 1 1 0
1446 ORDER 3596 51 35 3 7 2
1446 ORDER 3597 38 13 2 34 0
1447 ORDER 3598 45 8 1 40 0
1447 ORDER 3599 18 15 1 9 0
1448 CANCEL 3453
1448 ORDER 3600 11 27 14 44 0
1448 ORDER 3601 19 18 50 43 0
1448 ORDER 3602 47 27 3 33 0
1449 ORDER 3603 51 36 1 32 0
1449 ORDER 3604 48 6 1 29 0
1450 CANCEL 3359
1450 ORDER 3605 49 15 2 5 0
1450 ORDER 3606 45 8 3 29 2
1451 ORDER 3607 23 35 37 43 0
1451 ORDER 3608 38 9 17 44 2
1452 CANCEL 3438
1452 ORDER 3609 19 38 30 43 1
1452 ORDER 3610 9 24 41 44 1
1452 ORDER 3611 37 14 29 43 0
1453 CANCEL 3532
1453 ORDER 3612 27 9 6 43 0
1453 ORDER 3613 31 14 1 5 1
1454 ORDER 3614 49 6 14 44 0
1454 ORDER 3615 29 8 1 22 1
1454 ORDER 3616 18 11 3 25 3
1455 ORDER 3617 52 33 13 44 0
1455 ORDER 3618 53 17 2 30 2
1456 CANCEL 3375
1456 ORDER 3619 7 18 3 12 2
1456 ORDER 3620 55 3 1 36 0
1457 ORDER 3621 35 33 46 44 0
1457 ORDER 3622 50 41 3 20 1
1457 ORDER 3623 27 6 3 10 0
1458 ORDER 3624 26 38 3 27 1
1458 ORDER 3625 53 26 50 43 0
1458 ORDER 3626 42 14 53 44 0
1459 ORDER 3627 9 41 22 43 0
1459 ORDER 3628 23 21 49 44 1
1459 ORDER 3629 50 34 3 7 0
1460 CANCEL 3141
1460 ORDER 3630 37 11 3 21 0
1460 ORDER 3631 38 5 42 43 0
1461 ORDER 3632 43 27 2 27 0
1461 ORDER 3633 35 5 45 44 0
1461 ORDER 3634 39 17 3 3 0
1462 ORDER 3635 31 37 53 44 2
1462 ORDER 3636 45 3 17 44 0
1462 ORDER 3637 37 30 22 43 0
1463 ORDER 3638 20 33 3 43 1
1463 ORDER 3639 32 35 51 44 0
1464 ORDER 3640 9 14 2 24 0
1464 ORDER 3641 27 3 6 44 0
1465 ORDER 3642 7 32 3 10 0
1465 ORDER 3643 54 14 3 31 0
1465 ORDER 3644 28 41 1 13 2
1466 ORDER 3645 16 20 3 43 0
1466 ORDER 3646 42 6 2 41 0
1467 CANCEL 3291
1467 ORDER 3647 29 6 3 34 1
1467 ORDER 3648 26 26 33 43 3
1467 ORDER 3649 16 24 25 43 0
1468 ORDER 3650 33 41 2 19 0
1468 ORDER 3651 44 18 1 21 0
1469 CANCEL 3219
1469 ORDER 3652 46 20 1 10 1
1469 ORDER 3653 44 30 1 4 0
1469 ORDER 3654 33 32 46 44 1
1470 ORDER 3655 10 30 15 44 0
1470 ORDER 3656 43 12 32 43 1
1471 ORDER 3657 49 36 1 32 0
1471 ORDER 3658 46 36 26 44 0
1472 CANCEL 3241
1472 ORDER 3659 52 27 1 34 0
1472 ORDER 3660 35 11 1 27 0
1473 CANCEL 3263
1473 ORDER 3661 35 3 37 44 0
1473 ORDER 3662 47 18 27 43 0
1474 ORDER 3663 48 38 45 44 0
1474 ORDER 3664 21 38 1 24 2
1474 ORDER 3665 16 12 18 44 0
1475 UNBLOCK 52 29
1475 ORDER 3666 25 15 1 6 1
1475 ORDER 3667 55 23 2 1 0
1475 ORDER 3668 16 12 53 43 1
1476 ORDER 3669 19 24 51 43 1
1476 ORDER 3670 7 36 5 44 1
1477 ORDER 3671 50 11 3 7 0
1477 ORDER 3672 25 35 3 31 0
1477 ORDER 3673 11 18 18 43 1
1478 ORDER 3674 22 8 1 20 0
1478 ORDER 3675 55 20 33 44 0
1478 ORDER 3676 28 14 50 44 1
1479 ORDER 3677 33 9 2 28 0
1479 ORDER 3678 43 30 2 37 1
1479 ORDER 3679 6 20 3 8 2
1480 CANCEL 3653
1480 ORDER 3680 50 21 47 43 0
1480 ORDER 3681 39 24 40 43 1
1480 ORDER 3682 19 5 34 43 2
1481 ORDER 3683 19 33 1 18 0
1481 ORDER 3684 51 11 2 14 0
1482 ORDER 3685 45 39 27 43 1
1482 ORDER 3686 19 23 1 6 0
1483 ORDER 3687 17 14 14 44 0
1483 ORDER 3688 18 3 2 28 2
1483 ORDER 3689 51 29 3 42 0
1484 CANCEL 3353
1484 CANCEL 3571
1484 ORDER 3690 37 21 8 44 0
1484 ORDER 3691 37 23 20 44 1
1485 ORDER 3692 27 26 1 36 0
1485 ORDER 3693 37 12 50 43 0
1485 ORDER 3694 51 21 3 42 0
1486 CANCEL 3256
1486 ORDER 3695 8 36 41 43 1
1486 ORDER 3696 45 29 33 43 0
1487 ORDER 3697 48 9 3 8 0
1487 ORDER 3698 19 24 1 13 0
1488 CANCEL 3203
1488 ORDER 3699 16 32 42 44 0
1488 ORDER 3700 9 33 21 43 1
1488 ORDER 3701 46 41 55 44 0
1489 ORDER 3702 21 17 2 29 0
1489 ORDER 3703 25 12 9 44 0
1489 ORDER 3704 44 41 2 43 1
1490 ORDER 3705 9 38 3 7 0
1490 ORDER 3706 11 35 1 12 0
1491 ORDER 3707 55 30 3 11 0
1491 ORDER 3708 12 18 1 14 0
1492 ORDER 3709 39 33 3 34 0
1492 ORDER 3710 7 8 41 44 0
1493 ORDER 3711 36 20 32 44 1
1493 ORDER 3712 46 5 2 37 0
1494 CANCEL 3419
1494 ORDER 3713 53 33 2 37 0
1494 ORDER 3714 26 23 2 11 0
1494 ORDER 3715 12 20 1 7 0
1495 ORDER 3716 22 16 44 43 0
1495 ORDER 3717 7 38 1 7 1
1496 CANCEL 3516
1496 CANCEL 3518
1496 ORDER 3718 32 32 50 43 0
1496 ORDER 3719 53 24 54 43 0
1497 CANCEL 3225
1497 ORDER 3720 31 15 40 43 0
1497 ORDER 3721 45 17 33 43 0
1498 ORDER 3722 6 8 1 10 1
1498 ORDER 3723 36 3 2 7 0
1499 ORDER 3724 33 5 1 44 2
1499 ORDER 3725 29 29 3 29 1
1500 CANCEL 3494
1500 ORDER 3726 36 38 42 44 0
1500 ORDER 3727 30 5 30 43 0
1500 ORDER 3728 49 18 29 43 0
1501 CANCEL 3471
1501 CANCEL 3622
1501 ORDER 3729 12 38 51 44 1
1501 ORDER 3730 6 8 1 27 0
1501 ORDER 3731 27 29 21 44 3
1502 ORDER 3732 38 36 45 43 0
1502 ORDER 3733 8 26 54 44 0
1502 ORDER 3734 48 17 2 19 0
1503 ORDER 3735 38 15 54 44 0
1503 ORDER 3736 8 26 51 43 3
1503 ORDER 3737 49 39 3 18 0
1504 ORDER 3738 7 41 3 21 0
1504 ORDER 3739 54 39 3 33 0
1505 ORDER 3740 45 33 1 23 0
1505 ORDER 3741 21 20 2 4 1
1506 ORDER 3742 6 18 3 8 2
1506 ORDER 3743 36 14 3 26 0
1506 ORDER 3744 22 9 13 43 1
1507 CANCEL 3562
1507 ORDER 3745 31 8 2 11 2
1507 ORDER 3746 44 38 51 44 1
1508 ORDER 3747 12 20 3 38 0
1508 ORDER 3748 8 39 58 43 0
1508 ORDER 3749 18 20 1 4 0
1509 ORDER 3750 55 18 1 41 0
1509 ORDER 3751 30 12 1 7 2
1510 CANCEL 3475
1510 ORDER 3752 31 36 1 17 0
1510 ORDER 3753 26 36 53 43 0
1511 ORDER 3754 13 38 2 28 1
1511 ORDER 3755 51 14 3 23 0
1512 ORDER 3756 20 26 2 44 1
1512 ORDER 3757 28 27 3 5 0
1512 ORDER 3758 46 4 49 43 0
1513 ORDER 3759 11 14 1 28 0
1513 ORDER 3760 53 27 55 44 0
1513 ORDER 3761 44 26 3 16 1
1514 ORDER 3762 16 14 37 43 2
1514 ORDER 3763 31 14 41 44 3
1515 ORDER 3764 16 8 17 43 1
1515 ORDER 3765 54 20 19 44 0
1516 CANCEL 3306
1516 ORDER 3766 19 24 46 44 0
1516 ORDER 3767 29 38 1 22 1
1516 ORDER 3768 26 32 2 27 1
1517 ORDER 3769 25 41 1 32 2
1517 ORDER 3770 40 11 3 24 0
1518 ORDER 3771 12 11 37 43 0
1518 ORDER 3772 46 8 20 44 0
1519 ORDER 3773 49 17 43 44 0
1519 ORDER 3774 42 14 58 44 0
1519 CANCEL 103774
1520 CANCEL 3480
1520 ORDER 3775 25 41 1 15 1
1520 ORDER 3776 37 6 3 39 0
1521 CANCEL 3332
1521 CANCEL 3403
1521 ORDER 3777 6 3 18 44 0
1521 ORDER 3778 27 14 3 21 3
1522 ORDER 3779 19 38 1 11 1
1522 ORDER 3780 51 36 10 44 0
1522 ORDER 3781 34 8 1 36 0
1523 ORDER 3782 37 21 30 44 1
1523 ORDER 3783 35 36 2 24 0
1524 ORDER 3784 12 38 37 43 0
1524 ORDER 3785 44 20 2 2 1
1524 ORDER 3786 36 33 2 15 1
1525 CANCEL 3523
1525 CANCEL 3552
1525 ORDER 3787 38 27 56 44 1
1525 ORDER 3788 55 38 1 30 0
1525 ORDER 3789 20 35 1 26 0
1526 ORDER 3790 34 36 3 9 0
1526 ORDER 3791 44 35 3 30 1
1526 ORDER 3792 26 23 30 43 1
1527 CANCEL 3617
1527 ORDER 3793 23 8 9 44 1
1527 ORDER 3794 16 39 42 44 0
1527 BLOCK 35 20
1528 ORDER 3795 30 26 36 44 2
1528 ORDER 3796 24 24 52 44 1
1528 ORDER 3797 37 29 54 43 1
1529 ORDER 3798 13 18 55 44 0
1529 ORDER 3799 32 14 55 44 1
1529 BLOCK 35 18
1530 ORDER 3800 46 36 3 5 1
1530 ORDER 3801 27 14 2 1 1
1530 ORDER 3802 37 24 13 44 1
1531 CANCEL 3727
1531 ORDER 3803 27 9 38 44 0
1531 ORDER 3804 8 30 13 43 0
1532 ORDER 3805 34 41 3 38 2
1532 ORDER 3806 42 26 13 43 0
1533 ORDER 3807 43 12 11 44 3
1533 ORDER 3808 28 32 3 3 0
1534 ORDER 3809 13 9 3 31 1
1534 ORDER 3810 16 18 54 43 1
1535 CANCEL 3445
1535 CANCEL 3464
1535 ORDER 3811 31 23 3 31 0
1535 ORDER 3812 34 3 58 43 0
1536 ORDER 3813 30 41 2 33 1
1536 ORDER 3814 46 24 2 10 0
1536 ORDER 3815 30 24 1 5 0
1537 ORDER 3816 54 27 12 43 0
1537 ORDER 3817 24 32 1 2 1
1537 ORDER 3818 30 17 2 18 0
1538 ORDER 3819 14 32 1 42 1
1538 ORDER 3820 37 11 48 43 0
1538 ORDER 3821 29 11 22 43 2
1539 ORDER 3822 26 36 52 44 3
1539 ORDER 3823 20 11 8 43 0
1539 ORDER 3824 18 21 32 44 0
1540 ORDER 3825 52 21 3 34 0
1540 ORDER 3826 26 17 2 23 0
1541 CANCEL 3432
1541 CANCEL 3591
1541 ORDER 3827 47 24 33 44 1
1541 ORDER 3828 46 12 1 13 0
1542 CANCEL 3351
1542 CANCEL 3526
1542 CANCEL 3549
1542 CANCEL 3782
1542 ORDER 3829 16 30 9 44 1
1542 ORDER 3830 20 29 1 43 0
1543 ORDER 3831 47 14 23 44 3
1543 ORDER 3832 9 29 52 43 0
1544 ORDER 3833 20 36 1 12 1
1544 ORDER 3834 30 9 3 13 0
1544 ORDER 3835 31 38 2 16 1
1545 CANCEL 3704
1545 ORDER 3836 16 32 15 43 2
1545 ORDER 3837 49 26 2 31 0
1545 ORDER 3838 18 5 32 43 0
1546 CANCEL 3455
1546 ORDER 3839 30 5 54 44 0
1546 ORDER 3840 8 14 2 6 1
1547 ORDER 3841 31 21 2 28 1
1547 ORDER 3842 46 15 51 44 1
1547 ORDER 3843 40 12 3 11 3
1548 ORDER 3844 22 6 1 21 1
1548 ORDER 3845 28 8 28 44 0
1549 ORDER 3846 52 31 3 24 0
1549 ORDER 3847 16 36 40 44 1
1549 ORDER 3848 13 11 1 7 0
1550 ORDER 3849 11 8 2 12 0
1550 ORDER 3850 11 39 49 43 0
1551 ORDER 3851 33 30 34 43 0
1551 ORDER 3852 11 23 3 11 0
1551 ORDER 3853 7 38 18 43 1
1552 ORDER 3854 25 32 50 43 0
1552 ORDER 3855 53 15 2 42 0
1552 ORDER 3856 9 12 13 43 0
1553 ORDER 3857 28 8 2 30 0
1553 ORDER 3858 29 6 2 9 0
1554 ORDER 3859 6 29 1 25 2
1554 ORDER 3860 38 17 27 43 1
1555 CANCEL 3745
1555 ORDER 3861 11 26 35 44 0
1555 ORDER 3862 17 38 55 43 0
1556 ORDER 3863 52 6 1 16 1
1556 ORDER 3864 12 3 12 43 3
1556 ORDER 3865 25 12 1 30 0
1557 CANCEL 3579
1557 ORDER 3866 28 18 1 22 0
1557 ORDER 3867 28 8 55 44 0
1558 CANCEL 3769
1558 ORDER 3868 46 20 36 43 0
1558 ORDER 3869 21 6 3 40 0
1559 CANCEL 3814
1559 ORDER 3870 41 33 45 44 2
1559 ORDER 3871 54 29 31 44 0
1560 ORDER 3872 6 14 27 43 2
1560 ORDER 3873 6 38 18 44 0
1561 CANCEL 3449
1561 ORDER 3874 21 3 15 44 1
1561 ORDER 3875 30 29 1 39 0
1562 CANCEL 3731
1562 ORDER 3876 20 39 17 43 1
1562 ORDER 3877 45 38 41 43 1
1563 ORDER 3878 6 6 33 43 0
1563 ORDER 3879 35 3 1 9 0
1563 ORDER 3880 38 11 40 43 2
1564 ORDER 3881 38 6 3 25 0
1564 ORDER 3882 17 38 3 30 0
1565 ORDER 3883 38 39 2 8 0
1565 ORDER 3884 10 32 2 23 1
1566 CANCEL 3473
1566 ORDER 3885 40 20 1 2 1
1566 ORDER 3886 29 14 26 43 0
1566 CANCEL 103886
1567 ORDER 3887 46 33 2 42 0
1567 ORDER 3888 19 15 23 43 1
1567 ORDER 3889 44 36 53 43 0
1568 ORDER 3890 49 5 25 44 0
1568 ORDER 3891 15 15 1 28 1
1569 ORDER 3892 53 18 2 22 2
1569 ORDER 3893 17 38 28 44 0
1569 ORDER 3894 29 18 1 43 0
1570 ORDER 3895 21 14 29 44 2
1570 ORDER 3896 52 5 1 16 1
1571 ORDER 3897 39 35 3 11 1
1571 ORDER 3898 9 26 2 6 1
1571 ORDER 3899 21 17 35 44 0
1572 ORDER 3900 27 5 8 44 1
1572 ORDER 3901 34 26 56 43 1
1572 ORDER 3902 20 17 33 43 0
1572 BLOCK 24 41
1573 ORDER 3903 34 41 36 43 1
1573 ORDER 3904 55 27 3 25 3
1573 ORDER 3905 44 33 2 7 0
1574 ORDER 3906 27 9 10 43 2
1574 ORDER 3907 27 6 41 43 1
1574 ORDER 3908 11 24 3 31 1
1575 ORDER 3909 11 35 19 44 0
1575 ORDER 3910 8 39 3 29 0
1575 ORDER 3911 52 27 1 44 0
1576 CANCEL 3823
1576 ORDER 3912 55 24 21 43 2
1576 ORDER 3913 35 11 2 17 1
1576 ORDER 3914 22 17 1 29 2
1577 CANCEL 3780
1577 ORDER 3915 33 3 2 6 0
1577 ORDER 3916 41 6 24 44 0
1577 ORDER 3917 37 23 3 41 3
1578 ORDER 3918 43 12 3 35 1
1578 ORDER 3919 51 29 2 20 0
1579 ORDER 3920 45 36 1 44 3
1579 ORDER 3921 39 20 14 43 1
1579 ORDER 3922 18 3 1 44 0
1580 CANCEL 3775
1580 ORDER 3923 32 32 30 43 0
1580 ORDER 3924 35 29 1 26 0
1580 ORDER 3925 8 29 11 44 0
1580 BLOCK 47 23
1581 CANCEL 3601
1581 ORDER 3926 35 30 3 2 0
1581 ORDER 3927 54 30 1 34 0
1582 ORDER 3928 37 26 42 44 0
1582 ORDER 3929 30 26 25 44 0
1582 ORDER 3930 49 6 42 44 0
1582 BLOCK 53 1
1583 ORDER 3931 33 5 3 2 2
1583 ORDER 3932 50 29 3 3 1
1583 ORDER 3933 10 32 46 44 2
1584 CANCEL 3719
1584 CANCEL 3787
1584 ORDER 3934 37 3 1 29 1
1584 ORDER 3935 19 21 12 44 2
1584 ORDER 3936 19 9 1 20 0
1585 CANCEL 3737
1585 ORDER 3937 24 35 19 44 0
1585 ORDER 3938 31 8 2 21 0
1585 ORDER 3939 29 36 2 14 1
1586 ORDER 3940 20 14 18 44 3
1586 ORDER 3941 48 21 45 43 0
1586 ORDER 3942 52 8 54 44 2
1587 ORDER 3943 34 35 1 37 0
1587 ORDER 3944 21 15 2 41 3
1588 ORDER 3945 45 32 2 6 0
1588 ORDER 3946 19 24 3 4 0
1589 ORDER 3947 19 5 43 44 1
1589 ORDER 3948 25 39 13 44 0
1589 ORDER 3949 27 3 1 27 2
1590 ORDER 3950 44 30 39 43 0
1590 ORDER 3951 10 17 3 26 1
1591 UNBLOCK 35 18
1591 ORDER 3952 49 8 39 44 2
1591 ORDER 3953 53 15 26 44 0
1591 ORDER 3954 36 6 1 16 0
1592 CANCEL 3890
1592 ORDER 3955 16 27 3 33 1
1592 ORDER 3956 8 8 1 2 0
1592 ORDER 3957 37 29 2 2 0
1593 CANCEL 3609
1593 ORDER 3958 25 17 44 44 0
1593 ORDER 3959 11 3 27 43 0
1593 ORDER 3960 25 27 3 9 0
1594 CANCEL 3883
1594 ORDER 3961 35 38 4 44 0
1594 ORDER 3962 29 27 38 43 0
1594 ORDER 3963 7 14 3 1 2
1595 CANCEL 3799
1595 ORDER 3964 39 35 3 23 1
1595 ORDER 3965 7 18 3 41 1
1595 ORDER 3966 32 12 32 43 2
1596 UNBLOCK 35 20
1596 ORDER 3967 36 18 1 37 0
1596 ORDER 3968 42 35 29 43 0
1597 CANCEL 3901
1597 ORDER 3969 37 32 1 1 0
1597 ORDER 3970 7 27 3 31 0
1598 ORDER 3971 14 30 3 23 0
1598 ORDER 3972 33 26 48 43 2
1598 ORDER 3973 36 27 38 44 0
1599 ORDER 3974 39 9 1 23 0
1599 ORDER 3975 51 32 23 43 0
1599 ORDER 3976 37 3 41 44 0
1600 ORDER 3977 35 9 2 25 0
1600 ORDER 3978 9 26 2 40 0
1600 ORDER 3979 40 18 3 20 1
1601 ORDER 3980 6 27 5 44 0
1601 ORDER 3981 45 6 55 43 1
1601 BLOCK 36 43
1602 ORDER 3982 23 33 1 9 3
1602 ORDER 3983 8 8 18 43 0
1603 ORDER 3984 39 15 15 44 1
1603 ORDER 3985 49 3 51 43 0
1603 ORDER 3986 12 11 53 43 3
1604 ORDER 3987 12 6 3 20 2
1604 ORDER 3988 17 32 10 44 0
1604 ORDER 3989 34 33 45 44 1
1605 ORDER 3990 19 36 1 31 2
1605 ORDER 3991 35 8 2 34 1
1605 ORDER 3992 53 39 17 44 0
1606 ORDER 3993 10 24 1 22 0
1606 ORDER 3994 41 5 1 5 0
1606 ORDER 3995 10 11 33 43 0
1607 CANCEL 3706
1607 ORDER 3996 30 38 2 44 1
1607 ORDER 3997 20 39 26 43 3
1608 ORDER 3998 26 9 30 43 0
1608 ORDER 3999 46 21 3 9 0
1608 ORDER 4000 28 17 3 33 0
1609 ORDER 4001 47 17 2 8 0
1609 ORDER 4002 38 5 1 32 0
1609 ORDER 4003 6 30 22 44 0
1610 CANCEL 3636
1610 ORDER 4004 27 38 46 44 0
1610 ORDER 4005 29 17 2 27 1
1611 ORDER 4006 38 5 2 33 0
1611 ORDER 4007 49 21 1 34 3
1612 ORDER 4008 31 8 23 44 0
1612 ORDER 4009 52 8 21 44 3
1612 ORDER 4010 20 15 4 44 3
1613 CANCEL 3533
1613 ORDER 4011 28 33 52 43 2
1613 ORDER 4012 10 12 3 33 0
1613 ORDER 4013 39 27 1 27 0
1614 CANCEL 3930
1614 ORDER 4014 20 32 25 43 0
1614 ORDER 4015 29 9 19 43 0
1615 ORDER 4016 36 29 1 8 0
1615 ORDER 4017 36 3 14 43 0
1616 ORDER 4018 26 12 3 10 1
1616 ORDER 4019 41 39 1 34 0
1616 ORDER 4020 28 41 1 22 0
1617 ORDER 4021 42 12 45 44 0
1617 ORDER 4022 20 5 15 43 1
1617 ORDER 4023 19 21 15 44 0
1617 CANCEL 104023
1618 ORDER 4024 37 15 2 3 0
1618 ORDER 4025 31 21 1 13 0
1619 ORDER 4026 16 17 2 1 0
1619 ORDER 4027 19 26 3 5 3
1619 ORDER 4028 18 17 2 25 2
1620 UNBLOCK 24 41
1620 ORDER 4029 25 33 3 19 1
1620 ORDER 4030 38 20 3 41 1
1621 ORDER 4031 39 14 18 43 0
1621 ORDER 4032 31 32 2 17 0
1622 ORDER 4033 38 3 58 43 2
1622 ORDER 4034 12 39 43 44 2
1623 ORDER 4035 26 26 29 43 0
1623 ORDER 4036 18 6 3 18 1
1623 ORDER 4037 47 38 2 11 0
1623 BLOCK 34 30
1624 UNBLOCK 47 23
1624 ORDER 4038 25 12 1 36 0
1624 ORDER 4039 49 9 2 37 1
1624 ORDER 4040 45 17 19 43 1
1625 CANCEL 3560
1625 ORDER 4041 20 5 3 44 3
1625 ORDER 4042 18 9 8 44 1
1625 ORDER 4043 49 18 3 34 0
1626 CANCEL 3629
1626 CANCEL 3707
1626 CANCEL 3836
1626 ORDER 4044 7 26 2 36 1
1626 ORDER 4045 6 33 3 1 0
1627 CANCEL 3815
1627 ORDER 4046 44 39 2 28 1
1627 ORDER 4047 46 38 3 34 2
1628 CANCEL 3577
1628 ORDER 4048 6 21 1 24 1
1628 ORDER 4049 44 3 1 37 1
1629 ORDER 4050 29 41 3 1 2
1629 ORDER 4051 37 24 53 44 2
1630 ORDER 4052 21 36 2 25 0
1630 ORDER 4053 9 36 35 44 0
1631 CANCEL 3685
1631 ORDER 4054 10 14 1 22 0
1631 ORDER 4055 21 14 11 44 1
1632 ORDER 4056 42 27 31 44 1
1632 ORDER 4057 6 11 1 39 3
1632 ORDER 4058 9 30 1 9 0
1633 ORDER 4059 13 33 1 37 1
1633 ORDER 4060 13 38 2 40 0
1634 ORDER 4061 20 38 3 33 1
1634 ORDER 4062 20 26 1 23 0
1635 CANCEL 4010
1635 ORDER 4063 31 17 3 25 1
1635 ORDER 4064 50 39 1 29 0
1636 ORDER 4065 30 17 2 34 0
1636 ORDER 4066 17 36 2 41 0
1637 ORDER 4067 6 30 3 44 3
1637 ORDER 4068 19 36 2 39 0
1637 ORDER 4069 54 36 9 43 1
1638 CANCEL 3754
1638 ORDER 4070 18 15 54 44 0
1638 ORDER 4071 20 32 3 3 0
1639 ORDER 4072 30 14 3 27 1
1639 ORDER 4073 46 24 18 43 0
1639 ORDER 4074 7 30 6 43 0
1640 ORDER 4075 25 5 5 44 2
1640 ORDER 4076 25 3 2 43 0
1640 ORDER 4077 6 17 45 43 0
1641 ORDER 4078 16 17 1 3 0
1641 ORDER 4079 18 27 45 44 0
1641 ORDER 4080 54 9 11 43 1
1642 CANCEL 3768
1642 ORDER 4081 7 9 35 43 0
1642 ORDER 4082 55 33 42 44 2
1643 ORDER 4083 15 23 2 31 2
1643 ORDER 4084 37 32 2 3 3
1644 ORDER 4085 6 30 2 33 1
1644 ORDER 4086 33 23 47 43 0
1644 ORDER 4087 50 14 3 12 0
1645 ORDER 4088 45 5 3 18 2
1645 ORDER 4089 34 27 36 43 0
1645 ORDER 4090 6 41 1 39 0
1646 ORDER 4091 11 18 3 28 1
1646 ORDER 4092 20 17 18 44 1
1646 ORDER 4093 26 9 44 44 0
1647 ORDER 4094 34 6 1 29 2
1647 ORDER 4095 44 18 30 44 0
1648 ORDER 4096 12 33 27 43 0
1648 ORDER 4097 12 21 9 44 0
1648 BLOCK 32 9
1649 ORDER 4098 11 35 4 44 1
1649 ORDER 4099 12 3 25 44 1
1649 ORDER 4100 15 26 3 16 2
1650 CANCEL 3853
1650 ORDER 4101 38 30 1 5 2
1650 ORDER 4102 47 29 11 44 0
1650 ORDER 4103 47 38 12 44 0
1651 ORDER 4104 33 33 1 29 0
1651 ORDER 4105 39 38 21 44 0
1651 ORDER 4106 19 35 1 15 0
1652 ORDER 4107 27 17 7 43 1
1652 ORDER 4108 29 36 5 43 1
1653 ORDER 4109 20 41 18 44 1
1653 ORDER 4110 37 11 26 44 0
1653 ORDER 4111 55 27 2 33 0
1654 ORDER 4112 30 26 2 24 0
1654 ORDER 4113 8 33 20 44 0
1654 ORDER 4114 11 18 3 5 0
1655 ORDER 4115 12 24 15 43 0
1655 ORDER 4116 39 26 32 44 1
1656 CANCEL 3931
1656 ORDER 4117 6 29 3 40 0
1656 ORDER 4118 6 27 3 35 0
1656 ORDER 4119 27 12 13 43 1
1657 CANCEL 3846
1657 ORDER 4120 24 33 28 43 0
1657 ORDER 4121 52 24 12 44 3
1657 ORDER 4122 42 33 11 44 0
1658 ORDER 4123 43 33 39 44 0
1658 ORDER 4124 55 14 34 43 0
1659 ORDER 4125 23 35 49 43 1
1659 ORDER 4126 18 32 29 44 2
1659 ORDER 4127 8 8 1 32 1
1660 ORDER 4128 33 39 2 44 0
1660 ORDER 4129 36 39 53 44 0
1660 ORDER 4130 41 39 2 26 0
1661 CANCEL 3976
1661 ORDER 4131 55 30 15 44 1
1661 ORDER 4132 34 5 7 43 1
1662 ORDER 4133 38 5 3 44 0
1662 ORDER 4134 50 11 2 9 0
1663 CANCEL 3668
1663 ORDER 4135 16 32 45 44 2
1663 ORDER 4136 7 35 2 28 1
1664 ORDER 4137 46 6 40 43 1
1664 ORDER 4138 52 23 2 21 0
1665 ORDER 4139 28 26 27 43 0
1665 ORDER 4140 33 10 47 43 0
1665 ORDER 4141 19 12 1 1 0
1666 ORDER 4142 35 11 51 43 1
1666 ORDER 4143 42 14 13 43 1
1666 ORDER 4144 19 11 3 16 1
1667 CANCEL 4033
1667 ORDER 4145 26 29 1 30 3
1667 ORDER 4146 16 27 43 44 0
1667 BLOCK 55 29
1668 ORDER 4147 8 41 28 43 1
1668 ORDER 4148 38 30 3 44 2
1669 CANCEL 3739
1669 ORDER 4149 49 38 23 43 0
1669 ORDER 4150 26 23 3 38 2
1670 ORDER 4151 11 14 3 35 3
1670 ORDER 4152 51 36 1 33 0
1670 ORDER 4153 47 36 1 18 1
1671 CANCEL 3873
1671 UNBLOCK 53 1
1671 ORDER 4154 48 12 54 43 0
1671 ORDER 4155 8 26 2 3 0
1672 ORDER 4156 6 21 1 44 0
1672 ORDER 4157 23 8 54 44 1
1672 ORDER 4158 21 27 17 43 1
1673 ORDER 4159 54 11 3 19 0
1673 ORDER 4160 22 6 3 7 1
1673 ORDER 4161 52 30 3 6 0
1674 CANCEL 4114
1674 ORDER 4162 43 26 2 28 1
1674 ORDER 4163 18 26 2 1 0
1674 ORDER 4164 23 24 1 25 0
1675 ORDER 4165 45 38 27 44 1
1675 ORDER 4166 17 41 2 7 1
1675 ORDER 4167 54 12 58 44 2
1676 ORDER 4168 55 21 40 44 0
1676 ORDER 4169 15 14 46 43 0
1676 ORDER 4170 30 26 54 44 0
1677 ORDER 4171 26 5 34 44 0
1677 ORDER 4172 49 17 2 29 0
1678 CANCEL 3676
1678 ORDER 4173 16 12 20 44 0
1678 ORDER 4174 42 35 2 32 0
1679 ORDER 4175 42 30 48 44 0
1679 ORDER 4176 6 23 27 43 1
1680 CANCEL 4124
1680 ORDER 4177 18 32 2 4 1
1680 ORDER 4178 11 14 14 43 1
1681 CANCEL 3939
1681 UNBLOCK 32 9
1681 ORDER 4179 45 3 2 11 0
1681 ORDER 4180 30 39 1 20 0
1681 BLOCK 28 12
1682 ORDER 4181 46 17 2 5 2
1682 ORDER 4182 38 18 2 2 0
1682 ORDER 4183 44 24 5 44 0
1683 CANCEL 3696
1683 UNBLOCK 36 43
1683 ORDER 4184 34 3 2 36 0
1683 ORDER 4185 8 6 1 20 0
1684 ORDER 4186 34 9 1 7 1
1684 ORDER 4187 54 18 2 15 0
1684 ORDER 4188 40 23 40 44 0
1685 ORDER 4189 17 8 1 19 2
1685 ORDER 4190 27 20 1 14 0
1685 ORDER 4191 17 27 8 44 1
1686 CANCEL 4103
1686 ORDER 4192 45 36 3 38 0
1686 ORDER 4193 40 3 1 8 1
1686 ORDER 4194 49 33 33 43 0
1687 ORDER 4195 6 11 2 18 3
1687 ORDER 4196 10 27 1 25 0
1687 ORDER 4197 47 3 42 43 2
1688 CANCEL 3798
1688 ORDER 4198 19 11 3 10 1
1688 ORDER 4199 25 11 38 43 0
1689 ORDER 4200 54 33 35 44 1
1689 ORDER 4201 30 11 2 25 1
1690 CANCEL 4020
1690 ORDER 4202 12 35 3 2 1
1690 ORDER 4203 34 30 3 36 1
1690 ORDER 4204 17 29 40 44 1
1691 ORDER 4205 9 8 12 44 0
1691 ORDER 4206 38 24 53 43 1
1692 ORDER 4207 36 32 2 18 1
1692 ORDER 4208 14 17 2 43 2
1693 ORDER 4209 54 27 13 44 0
1693 ORDER 4210 25 35 27 44 0
1693 ORDER 4211 51 11 2 23 1
1694 ORDER 4212 46 23 6 43 1
1694 ORDER 4213 16 39 35 44 2
1695 ORDER 4214 40 11 2 43 1
1695 ORDER 4215 7 20 40 44 0
1696 CANCEL 4048
1696 ORDER 4216 15 12 2 36 3
1696 ORDER 4217 32 32 51 44 1
1696 ORDER 4218 37 23 3 36 0
1697 ORDER 4219 38 15 35 44 0
1697 ORDER 4220 22 29 12 43 1
1698 ORDER 4221 46 41 2 22 1
1698 ORDER 4222 19 33 3 34 0
1698 ORDER 4223 8 6 1 11 0
1699 ORDER 4224 12 39 15 43 0
1699 ORDER 4225 21 15 25 43 0
1699 ORDER 4226 55 12 3 38 1
1700 ORDER 4227 29 26 3 3 0
1700 ORDER 4228 8 6 13 43 0
1701 ORDER 4229 10 32 54 43 0
1701 ORDER 4230 18 17 45 43 2
1701 ORDER 4231 46 38 2 35 0
1702 ORDER 4232 34 5 32 43 1
1702 ORDER 4233 55 14 3 32 1
1703 ORDER 4234 36 39 50 44 0
1703 ORDER 4235 45 32 23 44 0
1703 BLOCK 19 21
1704 ORDER 4236 20 8 3 44 3
1704 ORDER 4237 47 24 28 44 0
1705 ORDER 4238 18 39 52 43 2
1705 ORDER 4239 17 14 1 29 0
1706 ORDER 4240 19 15 44 44 2
1706 ORDER 4241 46 14 2 19 2
1707 CANCEL 4005
1707 ORDER 4242 36 39 13 43 0
1707 ORDER 4243 29 24 2 19 3
1707 ORDER 4244 38 9 2 33 0
1708 ORDER 4245 39 33 3 6 0
1708 ORDER 4246 21 27 39 44 0
1708 ORDER 4247 47 21 2 28 1
1709 ORDER 4248 14 14 1 4 0
1709 ORDER 4249 21 5 3 13 0
1709 ORDER 4250 8 14 16 43 2
1710 CANCEL 4172
1710 ORDER 4251 27 27 5 44 0
1710 ORDER 4252 48 38 3 42 0
1711 CANCEL 4030
1711 ORDER 4253 9 9 1 42 0
1711 ORDER 4254 45 18 3 6 2
1711 ORDER 4255 35 11 3 11 1
1712 ORDER 4256 55 35 1 17 1
1712 ORDER 4257 47 24 18 44 0
1712 ORDER 4258 37 17 3 42 1
1713 ORDER 4259 36 14 29 43 0
1713 ORDER 4260 16 26 13 43 0
1713 ORDER 4261 38 18 22 43 0
1714 CANCEL 4039
1714 ORDER 4262 29 39 3 24 0
1714 ORDER 4263 50 32 1 20 3
1714 ORDER 4264 51 30 3 5 0
1715 ORDER 4265 14 32 31 44 0
1715 ORDER 4266 35 39 3 9 0
1715 ORDER 4267 30 17 1 39 1
1716 ORDER 4268 46 12 2 6 2
1716 ORDER 4269 27 17 12 44 2
1716 ORDER 4270 11 14 29 44 0
1717 ORDER 4271 20 35 2 36 0
1717 ORDER 4272 14 33 16 44 0
1718 ORDER 4273 51 9 17 43 0
1718 ORDER 4274 16 39 3 39 0
1719 CANCEL 4177
1719 ORDER 4275 42 32 6 44 2
1719 ORDER 4276 42 29 2 24 0
1720 ORDER 4277 37 3 1 27 2
1720 ORDER 4278 34 39 14 44 0
1720 ORDER 4279 26 30 55 43 1
1721 CANCEL 4146
1721 ORDER 4280 18 41 2 8 1
1721 ORDER 4281 6 5 33 44 0
1721 ORDER 4282 33 33 41 44 0
1722 ORDER 4283 8 14 1 5 2
1722 ORDER 4284 47 8 1 30 0
1722 ORDER 4285 55 30 28 44 0
1723 ORDER 4286 28 35 32 43 0
1723 ORDER 4287 22 29 2 19 2
1724 ORDER 4288 11 5 2 37 1
1724 ORDER 4289 9 8 1 44 0
1725 ORDER 4290 29 23 28 43 0
1725 ORDER 4291 49 15 1 15 1
1725 ORDER 4292 19 38 6 43 1
1726 ORDER 4293 55 24 3 39 2
1726 ORDER 4294 21 35 23 44 0
1726 ORDER 4295 46 6 1 42 1
1727 CANCEL 3870
1727 ORDER 4296 36 14 1 25 0
1727 ORDER 4297 6 29 1 21 1
1728 ORDER 4298 7 17 32 43 0
1728 ORDER 4299 29 41 2 38 1
1728 ORDER 4300 54 24 3 41 0
1729 ORDER 4301 17 35 3 40 0
1729 ORDER 4302 49 39 1 6 0
1729 ORDER 4303 45 3 2 43 0
1730 ORDER 4304 23 24 1 40 3
1730 ORDER 4305 15 15 10 43 1
1730 ORDER 4306 19 38 1 13 1
1731 CANCEL 3984
1731 ORDER 4307 44 33 3 6 0
1731 ORDER 4308 6 5 3 15 0
1732 ORDER 4309 9 32 2 39 2
1732 ORDER 4310 35 27 25 43 0
1732 ORDER 4311 53 15 3 26 0
1733 ORDER 4312 46 32 4 43 1
1733 ORDER 4313 36 24 25 43 1
1734 ORDER 4314 50 38 36 44 0
1734 ORDER 4315 30 29 3 10 0
1734 ORDER 4316 49 18 1 6 0
1735 UNBLOCK 28 12
1735 ORDER 4317 48 24 25 43 0
1735 ORDER 4318 28 26 56 44 2
1736 CANCEL 4073
1736 CANCEL 4130
1736 ORDER 4319 27 15 1 34 0
1736 ORDER 4320 54 24 51 43 0
1737 ORDER 4321 9 3 27 44 0
1737 ORDER 4322 6 26 3 40 0
1738 ORDER 4323 17 38 3 9 0
1738 ORDER 4324 39 37 19 44 1
1738 ORDER 4325 12 23 3 12 1
1739 ORDER 4326 52 23 13 44 1
1739 ORDER 4327 39 23 2 17 1
1739 ORDER 4328 12 29 2 15 0
1740 ORDER 4329 42 27 9 44 0
1740 ORDER 4330 9 27 6 43 0
1741 ORDER 4331 35 5 2 30 0
1741 ORDER 4332 25 24 37 43 0
1742 ORDER 4333 30 26 24 43 0
1742 ORDER 4334 38 23 1 18 0
1742 ORDER 4335 6 24 1 28 0
1743 CANCEL 4248
1743 ORDER 4336 47 12 2 33 1
1743 ORDER 4337 18 23 34 44 0
1743 ORDER 4338 35 29 3 19 2
1744 ORDER 4339 11 39 3 21 0
1744 ORDER 4340 14 33 2 20 0
1745 ORDER 4341 14 12 2 38 1
1745 ORDER 4342 42 35 1 41 1
1746 ORDER 4343 49 35 3 31 1
1746 ORDER 4344 49 9 3 30 1
1747 CANCEL 4247
1747 ORDER 4345 55 9 2 8 0
1747 ORDER 4346 21 17 3 32 0
1748 CANCEL 3970
1748 ORDER 4347 23 8 2 21 0
1748 ORDER 4348 37 41 32 43 0
1748 ORDER 4349 48 12 3 11 0
1749 ORDER 4350 18 30 2 2 0
1749 ORDER 4351 49 35 33 43 0
1750 ORDER 4352 21 20 3 39 2
1750 ORDER 4353 45 29 2 2 0
1750 ORDER 4354 42 8 3 39 2
1751 ORDER 4355 55 11 2 3 1
1751 ORDER 4356 23 21 9 43 0
1751 ORDER 4357 30 27 2 29 1
1752 ORDER 4358 37 36 2 6 0
1752 ORDER 4359 40 20 1 13 1
1753 ORDER 4360 34 27 2 13 3
1753 ORDER 4361 48 39 2 8 1
1753 ORDER 4362 50 23 2 8 0
1754 CANCEL 4047
1754 ORDER 4363 11 26 2 8 0
1754 ORDER 4364 40 18 1 16 1
1754 ORDER 4365 9 33 38 43 3
1755 ORDER 4366 10 27 38 44 1
1755 ORDER 4367 48 23 30 43 1
1756 CANCEL 3964
1756 ORDER 4368 10 18 1 15 0
1756 ORDER 4369 40 38 3 37 1
1757 ORDER 4370 7 36 2 2 0
1757 ORDER 4371 40 5 22 43 0
1757 ORDER 4372 6 6 34 44 0
1758 ORDER 4373 35 3 45 43 1
1758 ORDER 4374 25 26 2 12 0
1758 ORDER 4375 34 35 2 31 1
1759 ORDER 4376 51 6 2 13 0
1759 ORDER 4377 28 20 2 23 0
1760 ORDER 4378 34 30 47 43 0
1760 ORDER 4379 47 12 1 42 3
1760 ORDER 4380 11 30 34 43 0
1761 ORDER 4381 7 17 2 22 2
1761 ORDER 4382 29 9 1 4 2
1761 ORDER 4383 23 35 3 40 0
1762 ORDER 4384 41 8 2 33 0
1762 ORDER 4385 51 36 16 44 3
1762 ORDER 4386 27 17 2 8 0
1763 ORDER 4387 29 12 41 44 1
1763 ORDER 4388 28 33 52 43 0
1764 ORDER 4389 43 35 3 3 1
1764 ORDER 4390 47 26 39 43 0
1764 ORDER 4391 53 18 2 42 1
1764 BLOCK 35 6
1765 ORDER 4392 10 33 1 41 1
1765 ORDER 4393 7 11 47 44 0
1765 ORDER 4394 33 35 2 11 0
1766 ORDER 4395 50 8 3 31 3
1766 ORDER 4396 37 6 20 43 1
1767 UNBLOCK 34 30
1767 CANCEL 4251
1767 ORDER 4397 8 5 1 9 1
1767 ORDER 4398 7 21 3 43 0
1768 ORDER 4399 44 24 3 23 0
1768 ORDER 4400 28 12 1 32 0
1769 CANCEL 3915
1769 ORDER 4401 27 39 3 9 0
1769 ORDER 4402 35 39 23 43 0
1770 ORDER 4403 48 15 2 24 0
1770 ORDER 4404 22 23 41 43 2
1770 ORDER 4405 37 21 14 44 0
1771 ORDER 4406 52 6 2 35 0
1771 ORDER 4407 36 18 2 21 0
1771 ORDER 4408 27 3 54 44 0
1772 ORDER 4409 21 23 7 43 1
1772 ORDER 4410 6 29 50 44 0
1773 ORDER 4411 26 29 2 6 0
1773 ORDER 4412 32 14 11 43 1
1773 ORDER 4413 22 3 3 44 1
1773 BLOCK 29 30
1774 ORDER 4414 30 35 1 28 0
1774 ORDER 4415 30 41 37 43 0
1775 UNBLOCK 55 29
1775 ORDER 4416 9 14 2 40 3
1775 ORDER 4417 25 27 1 3 0
1776 ORDER 4418 41 5 53 44 2
1776 ORDER 4419 26 41 50 44 0
1777 CANCEL 4192
1777 ORDER 4420 33 14 58 44 0
1777 ORDER 4421 29 12 31 44 0
1777 ORDER 4422 54 32 1 25 2
1778 ORDER 4423 48 11 3 8 1
1778 ORDER 4424 37 21 1 24 3
1779 ORDER 4425 35 24 43 43 1
1779 ORDER 4426 10 6 28 44 2
1780 ORDER 4427 55 41 1 40 0
1780 ORDER 4428 55 20 1 31 2
1781 ORDER 4429 46 29 54 43 1
1781 ORDER 4430 55 21 3 18 1
1782 ORDER 4431 35 32 10 43 0
1782 ORDER 4432 29 6 3 34 0
1782 ORDER 4433 53 26 34 43 1
1783 CANCEL 4242
1783 CANCEL 4414
1783 ORDER 4434 27 17 11 44 0
1783 ORDER 4435 38 24 15 44 1
1784 CANCEL 4327
1784 ORDER 4436 52 20 3 40 0
1784 ORDER 4437 30 11 46 43 0
1784 ORDER 4438 28 30 3 15 0
1785 ORDER 4439 29 17 46 43 1
1785 ORDER 4440 46 36 3 21 0
1785 ORDER 4441 34 30 3 35 0
1786 CANCEL 3941
1786 ORDER 4442 9 5 1 21 0
1786 ORDER 4443 14 17 17 43 0
1787 CANCEL 3978
1787 ORDER 4444 41 41 1 38 0
1787 ORDER 4445 50 8 2 10 0
1788 ORDER 4446 16 36 6 43 0
1788 ORDER 4447 34 5 9 43 0
1789 CANCEL 4119
1789 CANCEL 4353
1789 ORDER 4448 18 12 1 20 0
1789 ORDER 4449 55 29 53 43 0
1789 ORDER 4450 46 36 1 40 0
1790 ORDER 4451 9 32 42 43 0
1790 ORDER 4452 49 26 2 21 1
1791 ORDER 4453 7 36 39 43 0
1791 ORDER 4454 14 14 2 44 1
1791 ORDER 4455 19 26 3 17 1
1792 ORDER 4456 16 41 1 11 1
1792 ORDER 4457 46 6 2 10 1
1792 ORDER 4458 37 9 3 4 2
1793 ORDER 4459 34 21 29 43 1
1793 ORDER 4460 54 32 1 13 0
1794 CANCEL 4382
1794 ORDER 4461 26 12 1 3 1
1794 ORDER 4462 16 38 3 7 0
1794 ORDER 4463 7 38 3 5 3
1795 ORDER 4464 41 39 3 35 0
1795 ORDER 4465 25 36 1 39 0
1795 ORDER 4466 31 12 1 2 0
1795 BLOCK 26 5
1796 ORDER 4467 25 20 17 44 2
1796 ORDER 4468 28 38 2 37 3
1796 ORDER 4469 26 30 15 44 1
1797 CANCEL 3993
1797 ORDER 4470 22 35 2 21 0
1797 ORDER 4471 44 3 23 43 1
1798 ORDER 4472 41 3 56 44 0
1798 ORDER 4473 47 5 1 36 1
1798 ORDER 4474 43 29 3 35 1
1799 ORDER 4475 31 12 3 20 0
1799 ORDER 4476 20 8 3 12 3
1800 CANCEL 4368
1800 ORDER 4477 30 41 2 21 0
1800 ORDER 4478 7 27 1 17 1
1800 ORDER 4479 9 15 1 33 0
1801 ORDER 4480 33 33 3 42 0
1801 ORDER 4481 47 3 1 22 2
1801 ORDER 4482 29 21 52 43 3
1802 ORDER 4483 48 17 15 43 0
1802 ORDER 4484 37 26 16 43 0
1802 ORDER 4485 27 26 2 22 3
1803 ORDER 4486 37 8 2 41 0
1803 ORDER 4487 9 26 53 43 0
1804 CANCEL 4200
1804 ORDER 4488 27 21 2 28 0
1804 ORDER 4489 42 32 2 28 1
1804 ORDER 4490 6 33 3 14 0
1805 ORDER 4491 16 36 24 43 0
1805 ORDER 4492 53 39 51 43 1
1805 ORDER 4493 28 12 1 1 1
1806 ORDER 4494 45 30 31 44 1
1806 ORDER 4495 18 21 58 43 0
1806 ORDER 4496 48 17 51 44 0
1807 ORDER 4497 26 17 7 43 0
1807 ORDER 4498 36 33 17 44 0
1807 ORDER 4499 18 36 1 40 1
1808 ORDER 4500 51 14 2 2 3
1808 ORDER 4501 55 35 23 44 0
1809 ORDER 4502 22 23 30 43 0
1809 ORDER 4503 50 41 6 44 0
1810 ORDER 4504 15 24 3 11 0
1810 ORDER 4505 53 15 46 43 0
1810 ORDER 4506 46 20 38 44 1
1811 CANCEL 4402
1811 ORDER 4507 34 5 32 44 1
1811 ORDER 4508 52 32 48 44 0
1811 ORDER 4509 29 15 2 17 0
1812 CANCEL 4065
1812 ORDER 4510 20 39 2 14 0
1812 ORDER 4511 19 20 57 44 1
1813 ORDER 4512 54 38 25 44 0
1813 ORDER 4513 17 30 31 43 0
1813 ORDER 4514 24 33 2 30 0
1814 ORDER 4515 20 12 1 40 1
1814 ORDER 4516 11 21 2 32 0
1815 CANCEL 4152
1815 ORDER 4517 49 12 3 29 0
1815 ORDER 4518 44 26 18 44 0
1815 ORDER 4519 36 18 55 43 0
1816 CANCEL 4310
1816 ORDER 4520 36 41 3 25 1
1816 ORDER 4521 38 38 19 43 0
1817 ORDER 4522 43 24 54 44 0
1817 ORDER 4523 55 17 24 44 0
1818 ORDER 4524 49 14 1 27 0
1818 ORDER 4525 30 6 3 34 0
1819 CANCEL 4460
1819 ORDER 4526 46 21 3 42 0
1819 ORDER 4527 9 18 23 44 1
1820 CANCEL 4434
1820 ORDER 4528 17 26 51 43 0
1820 ORDER 4529 34 15 2 3 1
1821 CANCEL 4501
1821 ORDER 4530 10 29 27 43 0
1821 ORDER 4531 33 35 2 14 0
1822 ORDER 4532 51 9 2 14 0
1822 ORDER 4533 12 27 41 43 0
1823 ORDER 4534 22 21 2 42 0
1823 ORDER 4535 33 5 11 44 0
1823 ORDER 4536 36 20 2 39 1
1824 ORDER 4537 55 3 1 10 0
1824 ORDER 4538 37 6 3 18 0
1825 ORDER 4539 30 41 2 36 0
1825 ORDER 4540 30 11 4 43 0
1826 UNBLOCK 26 5
1826 ORDER 4541 49 8 2 9 0
1826 ORDER 4542 47 12 40 44 0
1827 UNBLOCK 29 30
1827 ORDER 4543 33 24 3 37 1
1827 ORDER 4544 47 41 2 1 0
1827 ORDER 4545 22 11 2 13 0
1828 ORDER 4546 19 29 1 36 0
1828 ORDER 4547 8 41 1 1 0
1828 ORDER 4548 20 27 3 5 1
1829 CANCEL 4142
1829 ORDER 4549 21 11 52 43 0
1829 ORDER 4550 45 5 1 14 2
1829 ORDER 4551 6 39 2 13 3
1830 CANCEL 4133
1830 ORDER 4552 10 33 11 43 0
1830 ORDER 4553 35 6 2 38 0
1831 CANCEL 4179
1831 ORDER 4554 38 23 2 42 0
1831 ORDER 4555 29 5 3 36 0
1832 CANCEL 4169
1832 ORDER 4556 47 32 38 43 0
1832 ORDER 4557 48 12 32 43 1
1833 ORDER 4558 24 32 2 33 0
1833 ORDER 4559 20 35 1 23 0
1834 CANCEL 4091
1834 ORDER 4560 17 39 1 19 0
1834 ORDER 4561 49 41 1 33 0
1835 ORDER 4562 16 26 33 43 0
1835 ORDER 4563 7 39 1 28 1
1835 ORDER 4564 51 33 14 44 1
1836 ORDER 4565 35 3 2 18 0
1836 ORDER 4566 36 35 47 43 3
1837 ORDER 4567 33 26 3 43 1
1837 ORDER 4568 21 21 5 44 0
1838 CANCEL 4100
1838 CANCEL 4136
1838 ORDER 4569 11 15 2 5 1
1838 ORDER 4570 25 38 52 43 0
1838 ORDER 4571 49 14 1 13 0
1839 ORDER 4572 22 27 22 43 2
1839 ORDER 4573 27 32 2 11 2
1840 ORDER 4574 22 17 1 34 0
1840 ORDER 4575 8 35 3 24 1
1841 CANCEL 4433
1841 ORDER 4576 35 29 3 36 0
1841 ORDER 4577 41 5 1 9 0
1841 ORDER 4578 43 12 1 32 3
1842 UNBLOCK 35 6
1842 ORDER 4579 38 23 1 28 0
1842 ORDER 4580 21 39 11 44 0
1843 ORDER 4581 19 26 51 44 0
1843 ORDER 4582 30 33 19 43 1
1844 ORDER 4583 37 6 42 43 0
1844 ORDER 4584 28 11 12 43 1
1844 ORDER 4585 39 41 2 39 2
1845 CANCEL 4547
1845 ORDER 4586 51 21 56 43 0
1845 ORDER 4587 11 9 22 43 0
1846 ORDER 4588 52 20 14 43 1
1846 ORDER 4589 37 3 2 32 0
1846 ORDER 4590 31 38 1 43 0
1846 BLOCK 55 26
1847 ORDER 4591 16 36 39 43 1
1847 ORDER 4592 37 3 26 43 0
1847 ORDER 4593 44 30 3 29 0
1848 UNBLOCK 19 21
1848 ORDER 4594 50 32 1 38 0
1848 ORDER 4595 53 35 27 44 1
1848 ORDER 4596 23 26 3 1 2
1849 ORDER 4597 8 38 2 7 0
1849 ORDER 4598 15 26 3 21 0
1849 ORDER 4599 21 38 49 43 1
1850 ORDER 4600 16 39 3 37 0
1850 ORDER 4601 18 39 2 16 0
1850 ORDER 4602 26 27 37 43 2
1851 ORDER 4603 30 15 36 44 0
1851 ORDER 4604 39 23 1 21 2
1852 CANCEL 4507
1852 ORDER 4605 10 17 3 4 0
1852 ORDER 4606 11 15 2 3 0
1853 CANCEL 4193
1853 CANCEL 4315
1853 ORDER 4607 29 37 1 6 0
1853 ORDER 4608 17 26 2 15 0
1853 ORDER 4609 40 11 24 43 3
1854 ORDER 4610 11 30 3 29 0
1854 ORDER 4611 22 38 1 9 1
1855 ORDER 4612 51 38 2 44 0
1855 ORDER 4613 12 27 3 41 1
1855 ORDER 4614 50 33 2 8 0
1856 ORDER 4615 38 24 1 9 1
1856 ORDER 4616 53 15 3 10 0
1857 CANCEL 4577
1857 ORDER 4617 8 30 2 32 1
1857 ORDER 4618 18 26 43 44 0
1857 ORDER 4619 26 26 47 44 0
1858 ORDER 4620 27 24 1 30 1
1858 ORDER 4621 38 27 3 13 0
1858 ORDER 4622 47 14 2 41 3
1859 ORDER 4623 36 32 52 44 0
1859 ORDER 4624 9 8 3 14 0
1859 ORDER 4625 6 6 2 10 0
1860 ORDER 4626 47 3 3 7 1
1860 ORDER 4627 7 15 1 5 1
1861 ORDER 4628 44 39 31 44 0
1861 ORDER 4629 46 18 1 3 1
1861 CANCEL 104629
1862 CANCEL 4268
1862 ORDER 4630 16 15 40 44 1
1862 ORDER 4631 15 28 56 43 0
1862 ORDER 4632 38 8 2 40 1
1863 ORDER 4633 15 14 31 44 1
1863 ORDER 4634 20 11 3 11 1
1864 ORDER 4635 6 9 1 21 0
1864 ORDER 4636 16 20 2 31 1
1865 ORDER 4637 46 41 1 16 0
1865 ORDER 4638 18 36 3 4 0
1866 ORDER 4639 7 18 33 43 0
1866 ORDER 4640 30 15 3 25 3
1867 ORDER 4641 47 11 4 44 2
1867 ORDER 4642 6 5 1 39 0
1868 CANCEL 4215
1868 ORDER 4643 28 27 4 44 0
1868 ORDER 4644 12 26 1 27 0
1868 ORDER 4645 22 9 51 44 0
1869 ORDER 4646 54 39 58 43 1
1869 ORDER 4647 17 8 20 43 0
1869 ORDER 4648 46 29 56 44 1
1870 ORDER 4649 48 12 46 44 3
1870 ORDER 4650 16 9 53 43 1
1871 CANCEL 4413
1871 ORDER 4651 18 20 2 39 0
1871 ORDER 4652 22 35 3 27 0
1871 ORDER 4653 10 11 3 22 1
1872 ORDER 4654 43 14 3 37 0
1872 ORDER 4655 7 23 40 44 0
1872 ORDER 4656 49 8 31 43 0
1873 CANCEL 4495
1873 ORDER 4657 18 30 1 5 0
1873 ORDER 4658 6 35 33 44 1
1874 ORDER 4659 17 8 36 44 1
1874 ORDER 4660 12 6 49 43 0
1874 ORDER 4661 20 18 32 43 0
1875 ORDER 4662 45 24 51 43 1
1875 ORDER 4663 54 38 3 27 0
1876 CANCEL 4278
1876 ORDER 4664 6 38 2 12 0
1876 ORDER 4665 45 5 2 22 0
1877 ORDER 4666 44 15 17 43 0
1877 ORDER 4667 28 8 54 43 1
1877 ORDER 4668 16 14 1 40 1
1878 ORDER 4669 27 39 23 44 1
1878 ORDER 4670 31 18 10 44 0
1879 ORDER 4671 33 27 9 44 0
1879 ORDER 4672 36 9 30 43 0
1880 ORDER 4673 40 23 2 23 1
1880 ORDER 4674 39 3 15 44 1
1881 ORDER 4675 47 14 44 43 1
1881 ORDER 4676 19 3 1 33 3
1882 ORDER 4677 15 17 58 43 1
1882 ORDER 4678 53 3 44 44 1
1883 ORDER 4679 7 18 41 44 0
1883 ORDER 4680 9 3 19 44 0
1884 ORDER 4681 27 3 3 19 0
1884 ORDER 4682 42 12 19 43 2
1884 ORDER 4683 16 14 3 19 1
1885 CANCEL 4335
1885 ORDER 4684 40 18 11 43 0
1885 ORDER 4685 7 39 57 43 1
1885 ORDER 4686 34 35 2 9 0
1886 ORDER 4687 7 26 41 43 1
1886 ORDER 4688 20 3 3 17 0
1887 ORDER 4689 27 8 57 44 0
1887 ORDER 4690 12 23 56 44 3
1887 ORDER 4691 34 11 40 43 1
1888 ORDER 4692 38 39 32 44 1
1888 ORDER 4693 49 15 2 23 0
1888 ORDER 4694 19 29 4 44 1
1889 ORDER 4695 18 33 2 1 1
1889 ORDER 4696 42 14 45 43 0
1890 CANCEL 4388
1890 ORDER 4697 30 20 1 32 0
1890 ORDER 4698 54 41 13 44 2
1891 ORDER 4699 25 30 1 31 0
1891 ORDER 4700 39 7 19 43 1
1892 CANCEL 4432
1892 ORDER 4701 47 36 3 37 1
1892 ORDER 4702 22 23 8 43 0
1892 ORDER 4703 31 23 32 44 0
1893 CANCEL 4608
1893 ORDER 4704 18 32 2 36 0
1893 ORDER 4705 43 21 2 20 0
1894 ORDER 4706 29 3 1 43 3
1894 ORDER 4707 18 6 1 3 0
1894 ORDER 4708 55 29 3 21 0
1895 ORDER 4709 37 3 33 44 1
1895 ORDER 4710 40 8 2 8 0
1896 ORDER 4711 8 33 8 43 0
1896 ORDER 4712 21 20 3 16 1
1896 ORDER 4713 7 3 1 37 0
1896 BLOCK 42 26
1897 ORDER 4714 31 23 1 38 0
1897 ORDER 4715 20 15 29 44 0
1898 CANCEL 4407
1898 ORDER 4716 28 18 1 1 2
1898 ORDER 4717 20 27 1 8 0
1899 ORDER 4718 32 30 34 44 2
1899 ORDER 4719 38 3 22 44 0
1899 ORDER 4720 9 8 3 26 0
1900 CANCEL 4549
1900 ORDER 4721 27 32 1 32 0
1900 ORDER 4722 16 8 1 30 1
1901 ORDER 4723 26 14 53 43 0
1901 ORDER 4724 20 35 3 39 0
1901 ORDER 4725 34 33 2 38 2
1902 CANCEL 4553
1902 ORDER 4726 6 8 2 25 1
1902 ORDER 4727 17 38 45 44 2
1903 ORDER 4728 42 8 1 13 0
1903 ORDER 4729 11 33 3 2 0
1903 ORDER 4730 39 36 3 44 0
1904 CANCEL 4357
1904 CANCEL 4633
1904 ORDER 4731 45 3 8 44 1
1904 ORDER 4732 46 23 3 37 3
1904 ORDER 4733 7 21 2 7 2
1905 ORDER 4734 35 24 2 20 0
1905 ORDER 4735 35 18 5 43 3
1905 ORDER 4736 25 17 9 44 1
1906 CANCEL 4367
1906 ORDER 4737 54 41 2 43 0
1906 ORDER 4738 9 14 2 15 0
1906 ORDER 4739 13 20 3 31 0
1907 ORDER 4740 46 29 2 32 0
1907 ORDER 4741 7 20 47 44 0
1908 ORDER 4742 55 26 3 42 0
1908 ORDER 4743 44 18 34 43 0
1908 ORDER 4744 45 18 2 42 0
1909 ORDER 4745 34 30 3 12 2
1909 ORDER 4746 16 18 26 43 0
1910 ORDER 4747 17 21 33 43 0
1910 ORDER 4748 10 29 3 40 1
1910 ORDER 4749 27 38 1 26 2
1911 ORDER 4750 9 6 50 43 1
1911 ORDER 4751 49 24 36 43 0
1911 ORDER 4752 17 17 56 44 0
1912 ORDER 4753 54 38 7 43 0
1912 ORDER 4754 16 36 35 43 0
1912 ORDER 4755 49 18 22 44 0
1913 ORDER 4756 30 11 47 43 1
1913 ORDER 4757 30 14 6 43 0
1913 ORDER 4758 13 9 1 14 0
1914 ORDER 4759 31 30 45 43 0
1914 ORDER 4760 33 11 2 29 0
1915 ORDER 4761 9 26 34 44 3
1915 ORDER 4762 6 8 1 3 1
1915 ORDER 4763 6 14 20 44 0
1916 ORDER 4764 28 3 23 43 0
1916 ORDER 4765 16 9 1 1 1
1917 ORDER 4766 13 18 35 44 1
1917 ORDER 4767 10 5 29 43 0
1918 ORDER 4768 33 21 26 44 3
1918 ORDER 4769 17 15 57 44 0
1919 ORDER 4770 37 38 3 23 3
1919 ORDER 4771 54 38 1 39 2
1920 ORDER 4772 18 5 3 3 0
1920 ORDER 4773 16 26 3 30 0
1920 ORDER 4774 7 27 32 44 0
1921 ORDER 4775 10 20 2 2 1
1921 ORDER 4776 30 17 8 44 1
1921 ORDER 4777 18 8 7 43 0
1922 ORDER 4778 26 24 2 35 1
1922 ORDER 4779 22 11 2 33 0
1922 BLOCK 34 44
1923 ORDER 4780 18 15 27 44 3
1923 ORDER 4781 36 38 57 44 0
1924 ORDER 4782 43 23 26 43 1
1924 ORDER 4783 38 23 3 18 0
1925 ORDER 4784 48 21 1 27 2
1925 ORDER 4785 27 15 41 43 1
1926 CANCEL 4643
1926 ORDER 4786 20 17 27 43 0
1926 ORDER 4787 15 17 52 43 0
1926 ORDER 4788 36 27 6 44 1
1927 ORDER 4789 10 17 2 32 0
1927 ORDER 4790 19 9 1 38 1
1927 ORDER 4791 10 15 1 17 3
1928 ORDER 4792 54 39 13 44 1
1928 ORDER 4793 38 23 1 12 0
1929 CANCEL 4555
1929 ORDER 4794 48 41 2 23 0
1929 ORDER 4795 39 29 1 5 0
1930 ORDER 4796 50 21 5 43 0
1930 ORDER 4797 20 9 3 33 0
1931 CANCEL 4480
1931 ORDER 4798 9 3 46 43 0
1931 ORDER 4799 24 30 8 44 0
1931 ORDER 4800 25 35 2 40 0
1932 ORDER 4801 28 17 20 43 0
1932 ORDER 4802 10 14 1 21 0
1932 ORDER 4803 31 38 2 15 0
1933 CANCEL 4435
1933 UNBLOCK 42 26
1933 ORDER 4804 50 41 51 43 2
1933 ORDER 4805 19 35 3 43 0
1934 ORDER 4806 47 12 3 26 1
1934 ORDER 4807 30 6 49 43 2
1934 ORDER 4808 16 20 50 43 0
1935 ORDER 4809 8 12 43 43 0
1935 ORDER 4810 35 5 2 34 1
1935 ORDER 4811 44 33 3 12 0
1936 ORDER 4812 27 30 1 13 0
1936 ORDER 4813 15 14 38 44 0
1937 ORDER 4814 41 30 2 25 1
1937 ORDER 4815 36 35 35 44 0
1937 ORDER 4816 55 9 3 12 2
1938 CANCEL 4596
1938 CANCEL 4719
1938 ORDER 4817 27 17 50 43 0
1938 ORDER 4818 18 23 2 20 2
1938 ORDER 4819 55 20 42 43 0
1939 CANCEL 4439
1939 ORDER 4820 42 21 2 20 0
1939 ORDER 4821 51 9 1 2 0
1939 ORDER 4822 54 3 1 3 3
1940 ORDER 4823 6 18 29 43 0
1940 ORDER 4824 34 5 4 44 3
1940 ORDER 4825 41 32 43 43 1
1941 UNBLOCK 55 26
1941 ORDER 4826 44 38 3 26 0
1941 ORDER 4827 12 38 2 36 0
1942 CANCEL 4377
1942 ORDER 4828 45 8 2 3 1
1942 ORDER 4829 47 21 37 43 1
1943 ORDER 4830 22 15 18 43 0
1943 ORDER 4831 10 12 3 6 0
1943 BLOCK 52 21
1944 ORDER 4832 54 3 3 9 0
1944 ORDER 4833 36 29 18 44 1
1945 ORDER 4834 55 36 2 8 1
1945 ORDER 4835 27 41 56 44 3
1946 ORDER 4836 49 6 1 38 0
1946 ORDER 4837 51 36 2 29 1
1946 ORDER 4838 12 24 1 20 0
1947 ORDER 4839 23 24 2 35 0
1947 ORDER 4840 44 38 33 43 0
1947 ORDER 4841 41 36 12 44 0
1948 ORDER 4842 51 23 1 34 0
1948 ORDER 4843 21 36 19 44 2
1949 ORDER 4844 53 15 1 38 3
1949 ORDER 4845 27 30 19 43 3
1950 CANCEL 4604
1950 CANCEL 4664
1950 ORDER 4846 25 39 1 44 0
1950 ORDER 4847 20 9 1 7 0
1951 ORDER 4848 28 29 25 44 0
1951 ORDER 4849 7 11 54 44 1
1951 ORDER 4850 18 30 3 7 2
1952 CANCEL 4696
1952 ORDER 4851 22 29 2 6 0
1952 ORDER 4852 18 30 2 12 0
1953 ORDER 4853 42 6 40 44 0
1953 ORDER 4854 12 41 1 6 1
1954 ORDER 4855 28 38 23 43 1
1954 ORDER 4856 21 39 2 16 0
1955 ORDER 4857 9 21 41 43 2
1955 ORDER 4858 29 39 2 3 0
1955 ORDER 4859 29 11 3 14 0
1956 CANCEL 4693
1956 ORDER 4860 54 30 2 41 0
1956 ORDER 4861 20 18 10 43 0
1956 ORDER 4862 29 21 34 43 0
1957 ORDER 4863 54 29 2 38 0
1957 ORDER 4864 11 15 41 44 1
1957 ORDER 4865 18 35 6 44 1
1958 ORDER 4866 37 23 3 27 0
1958 ORDER 4867 11 32 29 44 0
1958 ORDER 4868 45 35 3 41 0
1959 ORDER 4869 40 38 2 25 0
1959 ORDER 4870 6 26 1 41 2
1959 ORDER 4871 20 15 2 12 2
1960 CANCEL 4720
1960 ORDER 4872 19 24 5 43 0
1960 ORDER 4873 11 41 36 44 0
1960 ORDER 4874 28 18 1 32 0
1961 CANCEL 4392
1961 ORDER 4875 17 36 2 32 0
1961 ORDER 4876 28 12 41 43 0
1962 ORDER 4877 6 6 35 44 0
1962 ORDER 4878 17 33 16 43 0
1962 ORDER 4879 39 8 3 25 0
1963 ORDER 4880 15 21 31 43 0
1963 ORDER 4881 27 18 39 44 0
1963 ORDER 4882 49 24 1 32 2
1964 ORDER 4883 7 32 4 44 0
1964 ORDER 4884 28 30 2 30 1
1964 ORDER 4885 47 23 1 27 0
1965 ORDER 4886 37 38 2 20 2
1965 ORDER 4887 16 36 48 44 0
1966 ORDER 4888 7 9 20 44 0
1966 ORDER 4889 37 36 2 13 3
1966 ORDER 4890 25 18 34 44 0
1967 CANCEL 4445
1967 ORDER 4891 38 29 26 44 1
1967 ORDER 4892 54 41 1 13 1
1967 ORDER 4893 38 36 52 43 0
1968 ORDER 4894 15 14 2 40 0
1968 ORDER 4895 45 36 1 33 1
1968 ORDER 4896 35 30 22 44 1
1969 CANCEL 4621
1969 ORDER 4897 19 26 35 44 0
1969 ORDER 4898 29 15 18 44 1
1969 BLOCK 17 43
1970 ORDER 4899 34 35 26 44 0
1970 ORDER 4900 39 15 22 43 0
1970 ORDER 4901 46 6 2 18 0
1971 ORDER 4902 22 33 40 43 1
1971 ORDER 4903 28 18 41 43 2
1971 ORDER 4904 17 21 6 43 0
1972 ORDER 4905 25 26 47 44 0
1972 ORDER 4906 30 18 1 15 0
1972 ORDER 4907 19 18 28 43 1
1973 CANCEL 4844
1973 ORDER 4908 54 11 45 44 3
1973 ORDER 4909 7 30 3 18 0
1974 CANCEL 4770
1974 ORDER 4910 20 39 46 44 0
1974 ORDER 4911 17 29 1 28 0
1974 ORDER 4912 17 20 40 44 3
1975 ORDER 4913 7 26 33 43 0
1975 ORDER 4914 48 14 2 38 1
1975 ORDER 4915 25 32 15 44 1
1976 CANCEL 4842
1976 ORDER 4916 38 29 2 37 1
1976 ORDER 4917 37 11 10 44 0
1977 ORDER 4918 22 39 45 43 0
1977 ORDER 4919 28 5 2 1 0
1978 CANCEL 4648
1978 ORDER 4920 37 27 2 10 1
1978 ORDER 4921 14 15 3 15 2
1978 ORDER 4922 20 6 2 26 2
1979 ORDER 4923 51 9 51 43 0
1979 ORDER 4924 16 9 3 15 1
1980 ORDER 4925 7 41 3 40 0
1980 ORDER 4926 55 24 10 43 0
1980 ORDER 4927 38 36 40 44 0
1981 CANCEL 4674
1981 ORDER 4928 12 6 1 17 0
1981 ORDER 4929 48 12 2 18 1
1982 ORDER 4930 9 21 25 43 1
1982 ORDER 4931 31 21 1 32 0
1983 ORDER 4932 7 12 1 31 0
1983 ORDER 4933 11 29 2 34 0
1983 ORDER 4934 18 39 2 30 1
1984 CANCEL 4843
1984 ORDER 4935 48 24 3 13 1
1984 ORDER 4936 39 39 1 9 1
1984 ORDER 4937 43 14 1 14 0
1985 ORDER 4938 6 38 2 37 0
1985 ORDER 4939 41 5 48 44 0
1986 ORDER 4940 11 14 39 43 2
1986 ORDER 4941 9 17 23 44 0
1987 ORDER 4942 17 24 27 44 0
1987 ORDER 4943 33 29 2 7 0
1988 ORDER 4944 38 3 13 43 2
1988 ORDER 4945 46 9 45 43 0
1988 ORDER 4946 22 11 4 44 1
1989 ORDER 4947 54 30 21 44 0
1989 ORDER 4948 7 38 19 43 0
1990 ORDER 4949 38 3 3 43 1
1990 ORDER 4950 28 17 33 43 1
1990 ORDER 4951 46 6 57 44 0
1991 CANCEL 4803
1991 ORDER 4952 33 24 1 30 0
1991 ORDER 4953 47 6 35 43 2
1992 ORDER 4954 33 3 7 44 1
1992 ORDER 4955 28 36 37 43 0
1993 CANCEL 4721
1993 ORDER 4956 35 30 13 44 0
1993 ORDER 4957 20 36 1 16 0
1994 ORDER 4958 11 38 1 11 1
1994 ORDER 4959 36 9 2 25 2
1994 ORDER 4960 12 6 42 44 0
1995 ORDER 4961 17 21 2 23 0
1995 ORDER 4962 25 33 7 43 3
1995 ORDER 4963 21 41 34 44 0
1996 ORDER 4964 25 15 2 4 0
1996 ORDER 4965 48 11 1 29 2
1997 CANCEL 4548
1997 ORDER 4966 35 41 3 36 0
1997 ORDER 4967 26 20 1 35 1
1997 ORDER 4968 44 18 1 17 0
1998 ORDER 4969 47 11 44 44 0
1998 ORDER 4970 21 5 7 43 0
1998 ORDER 4971 20 3 32 44 0
1999 CANCEL 4756
1999 ORDER 4972 7 18 49 44 1
1999 ORDER 4973 19 41 1 4 0
1999 CANCEL 104973
2000 CANCEL 4788
2000 ORDER 4974 40 14 2 17 0
2000 ORDER 4975 27 5 2 27 0
2001 ORDER 4976 52 15 26 43 1
2001 ORDER 4977 48 21 50 43 0
2001 ORDER 4978 10 5 1 19 1
2002 CANCEL 4486
2002 ORDER 4979 21 5 3 33 0
2002 ORDER 4980 15 14 1 32 0
2003 ORDER 4981 15 30 2 43 0
2003 ORDER 4982 20 15 50 44 0
2003 ORDER 4983 25 29 14 44 2
2004 ORDER 4984 29 12 29 44 2
2004 ORDER 4985 17 15 3 33 0
2004 ORDER 4986 31 35 51 43 0
2005 CANCEL 4600
2005 ORDER 4987 30 12 1 10 0
2005 ORDER 4988 10 41 1 18 1
2006 ORDER 4989 20 3 1 4 0
2006 ORDER 4990 9 29 1 27 0
2006 ORDER 4991 37 8 21 44 0
2007 ORDER 4992 10 39 1 33 0
2007 ORDER 4993 49 3 1 19 0
2007 ORDER 4994 47 15 2 19 1
2008 CANCEL 4774
2008 CANCEL 4807
2008 ORDER 4995 14 35 3 21 0
2008 ORDER 4996 54 3 3 23 0
2009 ORDER 4997 25 30 1 37 0
2009 ORDER 4998 31 7 3 19 1
2010 ORDER 4999 52 30 3 42 0
2010 ORDER 5000 48 36 10 44 3
2011 ORDER 5001 19 8 3 4 0
2011 ORDER 5002 33 32 3 35 0
2011 ORDER 5003 29 15 33 44 0
2012 ORDER 5004 10 15 3 35 0
2012 ORDER 5005 33 35 3 42 0
2013 ORDER 5006 41 36 15 44 0
2013 ORDER 5007 35 26 21 43 0
2013 ORDER 5008 33 21 3 41 0
2013 BLOCK 27 44
2014 ORDER 5009 41 41 3 42 0
2014 ORDER 5010 24 18 30 44 0
2015 ORDER 5011 47 18 47 44 2
2015 ORDER 5012 21 38 11 44 0
2016 CANCEL 4850
2016 ORDER 5013 50 30 2 14 0
2016 ORDER 5014 11 23 29 44 1
2016 ORDER 5015 38 36 32 44 1
2017 ORDER 5016 20 30 3 42 2
2017 ORDER 5017 22 33 9 43 0
2017 ORDER 5018 51 27 34 44 0
2018 ORDER 5019 16 41 3 11 0
2018 ORDER 5020 37 21 1 2 0
2019 CANCEL 4563
2019 ORDER 5021 35 32 54 43 2
2019 ORDER 5022 27 17 18 43 1
2020 ORDER 5023 26 26 40 43 1
2020 ORDER 5024 25 39 54 43 0
2020 ORDER 5025 39 11 2 3 1
2021 ORDER 5026 52 3 2 10 0
2021 ORDER 5027 24 18 2 34 0
2022 ORDER 5028 34 35 2 27 0
2022 ORDER 5029 39 23 19 43 0
2022 ORDER 5030 22 17 56 43 0
2023 UNBLOCK 34 44
2023 ORDER 5031 49 11 41 43 0
2023 ORDER 5032 12 39 3 43 0
2023 ORDER 5033 49 14 3 25 1
2024 ORDER 5034 28 32 28 43 0
2024 ORDER 5035 36 30 23 43 2
2025 ORDER 5036 38 20 1 18 0
2025 ORDER 5037 12 6 38 44 0
2026 ORDER 5038 34 5 1 8 1
2026 ORDER 5039 52 27 41 43 1
2026 ORDER 5040 36 38 3 7 0
2027 ORDER 5041 55 5 1 30 0
2027 ORDER 5042 22 35 1 44 0
2028 ORDER 5043 44 35 1 8 0
2028 ORDER 5044 36 18 1 36 0
2029 ORDER 5045 31 6 1 11 0
2029 ORDER 5046 29 24 42 44 0
2029 ORDER 5047 21 5 21 44 0
2030 ORDER 5048 49 9 30 43 3
2030 ORDER 5049 27 9 13 44 1
2030 ORDER 5050 26 18 6 44 1
2031 ORDER 5051 33 5 1 10 2
2031 ORDER 5052 41 41 1 37 2
2032 CANCEL 4836
2032 CANCEL 4968
2032 ORDER 5053 35 41 1 44 1
2032 ORDER 5054 38 9 1 17 2
2032 BLOCK 7 30
2033 ORDER 5055 6 27 27 43 2
2033 ORDER 5056 51 8 52 44 0
2034 ORDER 5057 33 30 1 33 0
2034 ORDER 5058 16 20 2 27 3
2034 ORDER 5059 22 35 3 11 0
2035 ORDER 5060 38 32 56 43 1
2035 ORDER 5061 41 39 3 27 2
2036 ORDER 5062 7 32 38 43 3
2036 ORDER 5063 38 39 45 43 0
2036 BLOCK 15 2
2037 ORDER 5064 11 35 37 43 2
2037 ORDER 5065 26 26 53 43 1
2038 ORDER 5066 51 23 1 40 1
2038 ORDER 5067 18 38 2 42 0
2038 ORDER 5068 37 23 30 43 3
2039 CANCEL 4792
2039 ORDER 5069 21 21 2 34 0
2039 ORDER 5070 10 38 15 43 1
2040 ORDER 5071 50 30 35 43 0
2040 ORDER 5072 49 26 2 1 1
2041 ORDER 5073 52 18 56 44 0
2041 ORDER 5074 22 5 2 43 0
2042 ORDER 5075 6 9 1 22 0
2042 ORDER 5076 9 3 3 11 1
2043 ORDER 5077 41 21 1 33 1
2043 ORDER 5078 53 5 2 42 0
2043 ORDER 5079 50 36 38 43 3
2044 ORDER 5080 14 14 55 44 1
2044 ORDER 5081 51 8 1 29 2
2045 ORDER 5082 38 11 42 43 0
2045 ORDER 5083 19 38 2 27 0
2045 ORDER 5084 7 41 11 43 0
2046 ORDER 5085 22 29 2 2 1
2046 ORDER 5086 49 15 1 9 3
2046 ORDER 5087 43 29 2 28 0
2047 ORDER 5088 51 21 53 43 0
2047 ORDER 5089 21 3 2 43 0
2047 ORDER 5090 37 23 12 43 0
2048 UNBLOCK 52 21
2048 CANCEL 5083
2048 ORDER 5091 50 8 1 33 1
2048 ORDER 5092 35 41 3 26 0
2048 ORDER 5093 37 27 34 43 0
2049 ORDER 5094 33 39 3 28 1
2049 ORDER 5095 25 18 56 44 0
2050 ORDER 5096 35 6 36 44 3
2050 ORDER 5097 45 8 33 44 1
2050 ORDER 5098 48 23 1 42 1
2051 CANCEL 4612
2051 ORDER 5099 45 11 2 39 0
2051 ORDER 5100 52 24 2 8 1
2052 ORDER 5101 37 24 49 44 1
2052 ORDER 5102 34 17 24 43 1
2053 ORDER 5103 42 24 3 3 0
2053 ORDER 5104 22 11 1 21 1
2054 ORDER 5105 19 12 1 35 1
2054 ORDER 5106 35 11 41 43 0
2054 ORDER 5107 7 26 2 27 0
2055 ORDER 5108 7 30 39 44 0
2055 ORDER 5109 44 30 33 43 1
2055 ORDER 5110 45 11 3 13 0
2056 ORDER 5111 11 11 3 30 2
2056 ORDER 5112 23 24 2 7 0
2057 ORDER 5113 7 39 3 28 1
2057 ORDER 5114 7 32 7 43 0
2057 ORDER 5115 9 27 46 44 0
2058 CANCEL 4875
2058 ORDER 5116 17 41 2 35 0
2058 ORDER 5117 10 26 1 11 0
2058 ORDER 5118 35 39 56 43 1
2059 ORDER 5119 41 11 50 44 0
2059 ORDER 5120 52 17 1 6 0
2059 ORDER 5121 33 29 23 43 2
2060 ORDER 5122 42 23 2 11 0
2060 ORDER 5123 37 8 3 25 0
2060 ORDER 5124 48 9 58 43 1
2061 CANCEL 5056
2061 ORDER 5125 27 21 2 17 0
2061 ORDER 5126 9 38 3 15 2
2061 ORDER 5127 21 41 3 28 0
2062 ORDER 5128 26 30 2 14 1
2062 ORDER 5129 23 30 29 43 0
2063 UNBLOCK 17 43
2063 ORDER 5130 48 5 56 43 0
2063 ORDER 5131 25 17 16 43 0
2064 ORDER 5132 25 18 37 43 0
2064 ORDER 5133 28 12 57 44 3
2065 ORDER 5134 20 12 3 30 2
2065 ORDER 5135 19 11 31 43 0
2065 ORDER 5136 6 29 2 40 0
2066 CANCEL 4742
2066 ORDER 5137 22 8 46 44 1
2066 ORDER 5138 45 41 2 6 0
2067 ORDER 5139 19 5 50 43 1
2067 ORDER 5140 31 33 1 43 0
2067 ORDER 5141 34 26 1 18 0
2068 CANCEL 4754
2068 ORDER 5142 37 39 3 38 1
2068 ORDER 5143 23 32 35 43 0
2069 CANCEL 4755
2069 ORDER 5144 9 41 3 41 0
2069 ORDER 5145 30 29 40 43 0
2069 ORDER 5146 16 12 30 44 0
2070 ORDER 5147 40 17 7 43 0
2070 ORDER 5148 39 18 10 44 0
2070 ORDER 5149 27 38 1 4 1
2071 ORDER 5150 37 41 34 44 3
2071 ORDER 5151 15 29 54 43 0
2071 ORDER 5152 47 20 3 22 0
2072 CANCEL 4928
2072 ORDER 5153 10 17 2 16 0
2072 ORDER 5154 20 35 21 43 1
2073 ORDER 5155 43 30 3 15 3
2073 ORDER 5156 29 33 3 10 0
2074 ORDER 5157 46 36 53 43 1
2074 ORDER 5158 17 36 2 11 1
2075 CANCEL 4897
2075 ORDER 5159 8 23 1 39 2
2075 ORDER 5160 19 35 1 44 1
2075 ORDER 5161 48 5 6 43 0
2076 CANCEL 5068
2076 ORDER 5162 30 8 12 44 0
2076 ORDER 5163 52 18 2 39 0
2076 ORDER 5164 55 18 3 22 0
2077 ORDER 5165 54 33 19 44 0
2077 ORDER 5166 31 14 52 44 0
2078 ORDER 5167 20 29 29 43 1
2078 ORDER 5168 48 21 2 3 1
2078 ORDER 5169 9 30 56 44 0
2079 ORDER 5170 6 41 2 5 2
2079 ORDER 5171 15 41 1 9 1
2080 CANCEL 4676
2080 ORDER 5172 27 30 50 44 0
2080 ORDER 5173 16 29 13 44 0
2080 ORDER 5174 6 38 27 43 0
2081 ORDER 5175 48 3 10 43 1
2081 ORDER 5176 16 14 54 43 0
2081 ORDER 5177 27 26 31 44 0
2082 ORDER 5178 9 24 43 43 1
2082 ORDER 5179 48 26 2 33 0
2083 CANCEL 5044
2083 ORDER 5180 26 17 48 43 0
2083 ORDER 5181 20 39 2 4 1
2084 UNBLOCK 27 44
2084 ORDER 5182 54 14 51 43 2
2084 ORDER 5183 38 14 3 26 0
2084 ORDER 5184 21 17 51 43 1
2085 ORDER 5185 47 38 21 43 0
2085 ORDER 5186 20 29 2 43 2
2085 ORDER 5187 28 38 48 44 0
2086 ORDER 5188 49 8 33 44 0
2086 ORDER 5189 48 26 39 44 0
2087 ORDER 5190 44 3 3 31 0
2087 ORDER 5191 20 36 3 28 0
2088 ORDER 5192 53 20 5 44 2
2088 ORDER 5193 40 20 2 24 1
2089 ORDER 5194 53 18 46 43 0
2089 ORDER 5195 53 39 3 22 0
2090 ORDER 5196 20 33 1 13 0
2090 ORDER 5197 14 33 56 44 0
2091 CANCEL 4747
2091 CANCEL 4994
2091 ORDER 5198 17 9 1 7 1
2091 ORDER 5199 28 33 8 43 1
2091 ORDER 5200 39 8 3 9 0
2092 ORDER 5201 35 32 3 24 3
2092 ORDER 5202 46 30 3 6 0
2093 ORDER 5203 31 36 1 11 0
2093 ORDER 5204 19 33 1 17 0
2093 ORDER 5205 53 33 3 18 0
2094 ORDER 5206 11 3 3 40 0
2094 ORDER 5207 40 14 4 44 2
2094 ORDER 5208 17 30 47 44 0
2095 CANCEL 4722
2095 CANCEL 4941
2095 ORDER 5209 40 12 42 44 2
2095 ORDER 5210 29 15 27 43 1
2095 ORDER 5211 37 14 2 4 0
2096 ORDER 5212 40 11 3 5 0
2096 ORDER 5213 20 26 1 7 0
2096 ORDER 5214 29 26 2 7 1
2097 CANCEL 4796
2097 ORDER 5215 16 15 2 42 0
2097 ORDER 5216 27 18 30 44 0
2097 ORDER 5217 10 41 1 43 0
2098 ORDER 5218 17 28 24 44 0
2098 ORDER 5219 34 32 28 43 1
2099 ORDER 5220 39 38 3 15 0
2099 ORDER 5221 52 23 21 43 0
2100 CANCEL 4797
2100 ORDER 5222 47 11 21 44 1
2100 ORDER 5223 37 11 53 44 2
2101 ORDER 5224 38 29 2 31 1
2101 ORDER 5225 49 8 39 44 0
2101 ORDER 5226 50 36 1 15 0
2102 ORDER 5227 34 40 1 26 0
2102 ORDER 5228 54 41 49 43 0
2102 ORDER 5229 54 26 3 14 1
2103 ORDER 5230 31 8 3 25 1
2103 ORDER 5231 47 11 3 2 0
2104 CANCEL 5162
2104 ORDER 5232 17 14 5 44 0
2104 ORDER 5233 7 39 3 31 0
2105 ORDER 5234 42 33 4 43 1
2105 ORDER 5235 34 3 1 17 0
2106 CANCEL 4898
2106 CANCEL 5020
2106 ORDER 5236 17 9 2 18 1
2106 ORDER 5237 54 24 3 16 3
2106 ORDER 5238 54 32 1 31 0
2107 ORDER 5239 23 35 22 43 3
2107 ORDER 5240 54 5 34 44 0
2107 ORDER 5241 14 17 2 22 0
2108 CANCEL 5218
2108 ORDER 5242 45 36 44 44 0
2108 ORDER 5243 29 5 2 7 0
2109 ORDER 5244 25 41 56 44 2
2109 ORDER 5245 51 35 35 43 0
2109 ORDER 5246 46 32 21 44 0
2110 ORDER 5247 45 36 3 30 2
2110 ORDER 5248 15 31 3 26 0
2111 ORDER 5249 55 17 1 23 2
2111 ORDER 5250 44 15 3 6 0
2112 ORDER 5251 41 8 18 44 0
2112 ORDER 5252 51 27 3 9 0
2113 ORDER 5253 35 32 10 43 1
2113 ORDER 5254 19 3 52 44 1
2113 ORDER 5255 18 38 23 44 0
2114 ORDER 5256 54 20 12 44 1
2114 ORDER 5257 13 18 2 22 3
2114 ORDER 5258 28 38 50 43 0
2115 ORDER 5259 17 35 3 22 1
2115 ORDER 5260 9 41 28 43 0
2116 ORDER 5261 35 36 2 36 0
2116 ORDER 5262 35 30 2 24 2
2116 ORDER 5263 54 11 28 44 2
2117 CANCEL 5243
2117 ORDER 5264 54 35 3 25 0
2117 ORDER 5265 46 38 23 43 0
2118 CANCEL 4816
2118 ORDER 5266 21 15 5 44 2
2118 ORDER 5267 10 11 2 2 0
2118 ORDER 5268 48 15 3 25 0
2119 ORDER 5269 50 38 3 32 2
2119 ORDER 5270 41 39 54 43 0
2119 ORDER 5271 19 20 2 20 0
2120 ORDER 5272 8 41 1 5 0
2120 ORDER 5273 27 27 1 39 1
2121 ORDER 5274 18 36 2 16 0
2121 ORDER 5275 49 11 30 44 1
2121 ORDER 5276 6 15 2 35 0
2122 ORDER 5277 7 26 15 43 1
2122 ORDER 5278 43 26 3 23 0
2122 ORDER 5279 41 8 50 44 0
2123 ORDER 5280 33 27 18 44 0
2123 ORDER 5281 41 23 3 15 1
2123 ORDER 5282 7 20 44 43 0
2124 ORDER 5283 20 6 21 44 0
2124 ORDER 5284 19 23 2 32 0
2125 CANCEL 5202
2125 ORDER 5285 36 17 2 34 2
2125 ORDER 5286 9 12 2 22 1
2126 ORDER 5287 6 39 1 10 0
2126 ORDER 5288 34 9 3 44 0
2127 ORDER 5289 36 6 1 26 0
2127 ORDER 5290 39 9 57 43 0
2128 ORDER 5291 21 15 8 43 3
2128 ORDER 5292 43 29 2 14 0
2129 ORDER 5293 48 9 33 44 1
2129 ORDER 5294 49 26 10 44 0
2130 UNBLOCK 7 30
2130 CANCEL 5156
2130 ORDER 5295 46 12 55 43 0
2130 ORDER 5296 17 5 44 44 3
2131 CANCEL 5110
2131 ORDER 5297 27 29 44 44 0
2131 ORDER 5298 28 27 1 7 0
2131 ORDER 5299 28 3 2 11 2
2132 ORDER 5300 44 32 49 43 1
2132 ORDER 5301 34 3 2 5 0
2132 ORDER 5302 42 24 50 43 0
2133 ORDER 5303 24 33 3 35 1
2133 ORDER 5304 43 20 21 43 0
2134 UNBLOCK 15 2
2134 ORDER 5305 22 41 55 43 0
2134 ORDER 5306 33 27 3 38 0
2135 ORDER 5307 6 23 16 43 3
2135 ORDER 5308 49 15 3 27 3
2135 BLOCK 50 26
2136 ORDER 5309 33 9 1 1 1
2136 ORDER 5310 42 6 3 22 0
2137 ORDER 5311 16 8 43 44 0
2137 ORDER 5312 31 30 3 23 1
2137 ORDER 5313 20 26 31 44 1
2138 ORDER 5314 8 17 2 12 0
2138 ORDER 5315 55 21 29 44 3
2138 ORDER 5316 21 14 34 43 0
2139 ORDER 5317 42 8 1 5 1
2139 ORDER 5318 49 41 1 23 0
2139 ORDER 5319 8 18 1 27 0
2140 ORDER 5320 18 33 3 6 0
2140 ORDER 5321 20 27 3 36 0
2140 ORDER 5322 47 30 2 38 0
2141 ORDER 5323 54 17 2 32 0
2141 ORDER 5324 46 11 3 41 1
2141 ORDER 5325 17 38 16 44 0
2142 ORDER 5326 48 14 1 38 2
2142 ORDER 5327 30 24 2 5 0
2142 ORDER 5328 19 11 49 44 1
2143 ORDER 5329 35 33 23 44 0
2143 ORDER 5330 39 15 30 43 1
2144 ORDER 5331 38 8 50 43 1
2144 ORDER 5332 48 5 30 43 0
2144 ORDER 5333 33 41 2 20 3
2145 ORDER 5334 16 5 35 44 1
2145 ORDER 5335 39 9 1 11 2
2145 ORDER 5336 14 30 2 5 0
2146 ORDER 5337 47 38 1 18 0
2146 ORDER 5338 20 21 3 16 0
2147 CANCEL 5209
2147 ORDER 5339 19 20 5 43 2
2147 ORDER 5340 47 26 53 43 0
2147 ORDER 5341 51 8 50 44 0
2148 ORDER 5342 27 32 27 43 0
2148 ORDER 5343 7 5 3 6 0
2148 ORDER 5344 36 12 1 37 0
2149 ORDER 5345 49 38 44 44 0
2149 ORDER 5346 20 29 1 34 2
2150 CANCEL 5229
2150 ORDER 5347 48 11 3 12 1
2150 ORDER 5348 7 14 24 44 0
2150 ORDER 5349 20 18 1 12 0
2151 CANCEL 4870
2151 ORDER 5350 39 38 2 20 0
2151 ORDER 5351 45 15 45 44 0
2151 ORDER 5352 20 17 56 43 1
2152 ORDER 5353 45 26 57 43 0
2152 ORDER 5354 29 18 3 32 0
2153 ORDER 5355 39 3 52 44 0
2153 ORDER 5356 30 6 2 8 2
2153 ORDER 5357 29 21 2 20 0
2154 CANCEL 5314
2154 ORDER 5358 27 18 3 2 1
2154 ORDER 5359 29 23 34 44 1
2154 ORDER 5360 6 41 2 6 0
2155 ORDER 5361 42 32 3 22 2
2155 ORDER 5362 34 26 3 41 0
2155 ORDER 5363 22 23 2 28 0
2156 ORDER 5364 18 26 1 10 1
2156 ORDER 5365 47 3 2 19 3
2156 ORDER 5366 40 21 55 43 1
2157 ORDER 5367 54 29 2 34 1
2157 ORDER 5368 35 9 38 44 1
2157 ORDER 5369 37 6 47 44 0
2158 CANCEL 5246
2158 ORDER 5370 35 5 8 44 1
2158 ORDER 5371 18 5 22 43 3
2158 ORDER 5372 10 6 5 43 0
2159 CANCEL 5183
2159 ORDER 5373 6 36 52 43 1
2159 ORDER 5374 53 17 35 43 1
2159 ORDER 5375 11 33 3 43 1
2160 ORDER 5376 12 29 52 44 0
2160 ORDER 5377 50 36 2 15 3
2160 ORDER 5378 12 23 3 30 0
2161 ORDER 5379 34 24 26 44 0
2161 ORDER 5380 47 21 2 8 0
2162 ORDER 5381 38 24 12 44 0
2162 ORDER 5382 27 5 11 43 0
2163 CANCEL 4934
2163 CANCEL 5197
2163 ORDER 5383 9 36 3 5 0
2163 ORDER 5384 39 8 2 39 0
2164 CANCEL 5032
2164 ORDER 5385 46 8 1 25 0
2164 ORDER 5386 7 6 1 21 0
2165 CANCEL 5028
2165 ORDER 5387 15 15 2 42 2
2165 ORDER 5388 48 6 1 15 0
2166 CANCEL 5165
2166 ORDER 5389 49 20 46 44 1
2166 ORDER 5390 20 20 1 42 0
2166 ORDER 5391 11 21 2 23 2
2166 BLOCK 30 27
2167 ORDER 5392 47 29 15 44 0
2167 ORDER 5393 55 26 1 4 1
2168 CANCEL 4917
2168 CANCEL 5107
2168 ORDER 5394 7 24 26 43 0
2168 ORDER 5395 35 36 2 2 3
2169 ORDER 5396 44 5 1 37 0
2169 ORDER 5397 13 8 32 43 0
2169 ORDER 5398 16 18 21 44 3
2170 ORDER 5399 26 9 2 23 0
2170 ORDER 5400 8 30 2 29 0
2170 ORDER 5401 48 18 2 15 0
2171 ORDER 5402 41 21 3 41 3
2171 ORDER 5403 48 11 37 44 0
2172 ORDER 5404 32 35 2 7 1
2172 ORDER 5405 36 9 51 43 0
2172 ORDER 5406 39 6 1 6 0
2173 ORDER 5407 37 11 2 32 0
2173 ORDER 5408 10 15 3 23 0
2173 ORDER 5409 46 41 3 27 0
2174 ORDER 5410 30 35 19 43 0
2174 ORDER 5411 30 21 10 43 0
2175 ORDER 5412 13 3 52 43 1
2175 ORDER 5413 46 38 29 44 1
2175 ORDER 5414 48 24 2 15 1
2176 ORDER 5415 47 20 19 44 0
2176 ORDER 5416 52 18 2 31 3
2177 ORDER 5417 53 17 2 11 1
2177 ORDER 5418 7 5 3 39 0
2178 ORDER 5419 45 41 1 37 2
2178 ORDER 5420 21 5 1 1 1
2179 CANCEL 4981
2179 ORDER 5421 35 27 58 44 0
2179 ORDER 5422 50 38 56 44 2
2179 ORDER 5423 38 30 3 37 0
2180 ORDER 5424 12 18 6 43 1
2180 ORDER 5425 28 20 23 44 1
2181 ORDER 5426 18 29 24 43 1
2181 ORDER 5427 6 6 1 35 0
2181 ORDER 5428 37 3 1 31 0
2182 ORDER 5429 39 24 1 44 0
2182 ORDER 5430 12 26 2 27 3
2183 ORDER 5431 7 27 2 18 1
2183 ORDER 5432 7 24 1 16 0
2183 ORDER 5433 21 15 45 44 0
2184 ORDER 5434 48 15 12 43 0
2184 ORDER 5435 46 11 24 43 0
2184 ORDER 5436 23 6 2 37 1
2185 ORDER 5437 49 39 6 43 1
2185 ORDER 5438 7 32 27 43 0
2185 ORDER 5439 55 18 2 21 0
2186 CANCEL 5262
2186 ORDER 5440 21 3 2 13 0
2186 ORDER 5441 21 12 1 1 0
2186 ORDER 5442 49 14 3 18 0
2187 ORDER 5443 24 30 2 28 1
2187 ORDER 5444 44 35 2 10 0
2188 CANCEL 5266
2188 ORDER 5445 35 26 3 5 0
2188 ORDER 5446 44 41 18 43 0
2189 UNBLOCK 50 26
2189 CANCEL 5324
2189 ORDER 5447 10 39 6 44 1
2189 ORDER 5448 21 27 53 43 0
2190 ORDER 5449 6 15 2 5 2
2190 ORDER 5450 8 23 26 44 0
2191 ORDER 5451 19 29 1 4 0
2191 ORDER 5452 45 29 3 44 0
2191 ORDER 5453 9 30 36 43 0
2192 ORDER 5454 40 8 57 43 2
2192 ORDER 5455 47 29 36 44 0
2192 ORDER 5456 35 8 21 44 0
2193 CANCEL 4960
2193 CANCEL 5320
2193 ORDER 5457 17 36 2 3 2
2193 ORDER 5458 11 32 22 43 0
2194 ORDER 5459 37 24 34 43 0
2194 ORDER 5460 46 26 3 21 1
2194 ORDER 5461 45 5 1 36 0
2195 ORDER 5462 46 8 55 44 0
2195 ORDER 5463 35 3 56 43 0
2196 ORDER 5464 33 33 18 43 1
2196 ORDER 5465 37 8 56 44 1
2196 ORDER 5466 50 14 1 21 0
2197 ORDER 5467 42 30 48 44 1
2197 ORDER 5468 55 27 55 43 1
2198 ORDER 5469 6 3 22 44 0
2198 ORDER 5470 31 35 33 44 0
2198 ORDER 5471 22 38 20 43 2
2199 ORDER 5472 45 20 9 44 1
2199 ORDER 5473 47 14 3 3 0
2200 CANCEL 5119
2200 ORDER 5474 49 39 2 27 0
2200 ORDER 5475 53 41 53 43 2
2201 CANCEL 5414
2201 CANCEL 5421
2201 ORDER 5476 44 29 2 42 1
2201 ORDER 5477 25 15 3 24 0
2201 ORDER 5478 40 20 1 31 1
2202 ORDER 5479 9 20 58 43 0
2202 ORDER 5480 34 9 9 43 1
2203 ORDER 5481 23 23 34 43 0
2203 ORDER 5482 35 27 6 43 0
2204 ORDER 5483 17 41 12 44 1
2204 ORDER 5484 29 36 53 43 0
2205 ORDER 5485 50 33 36 44 0
2205 ORDER 5486 31 33 3 2 0
2206 ORDER 5487 32 32 41 44 2
2206 ORDER 5488 20 35 57 44 2
2207 ORDER 5489 19 21 2 26 0
2207 ORDER 5490 33 5 17 44 0
2207 ORDER 5491 12 18 23 44 0
2208 ORDER 5492 35 24 3 41 2
2208 ORDER 5493 10 12 14 43 0
2209 ORDER 5494 42 29 1 10 0
2209 ORDER 5495 9 20 3 26 0
2209 ORDER 5496 39 26 51 43 0
2210 ORDER 5497 49 39 1 23 0
2210 ORDER 5498 28 32 54 43 0
2210 ORDER 5499 16 6 1 2 1
2211 CANCEL 5235
2211 ORDER 5500 33 26 2 31 2
2211 ORDER 5501 38 18 41 43 1
2212 CANCEL 5407
2212 ORDER 5502 51 21 3 8 2
2212 ORDER 5503 8 34 2 42 1
2212 ORDER 5504 6 11 53 44 0
2213 ORDER 5505 29 6 39 44 1
2213 ORDER 5506 38 5 56 43 0
2213 ORDER 5507 15 26 1 16 0
2214 ORDER 5508 27 20 58 44 0
2214 ORDER 5509 47 24 53 44 0
2215 CANCEL 5220
2215 ORDER 5510 26 30 3 36 1
2215 ORDER 5511 8 41 3 9 1
2216 CANCEL 5278
2216 ORDER 5512 36 35 55 43 0
2216 ORDER 5513 51 29 15 43 1
2216 ORDER 5514 19 18 1 32 0
2217 ORDER 5515 33 24 3 44 1
2217 ORDER 5516 55 3 57 44 3
2218 CANCEL 5316
2218 ORDER 5517 32 35 2 11 0
2218 ORDER 5518 18 30 35 43 2
2218 ORDER 5519 17 3 58 44 0
2219 CANCEL 5222
2219 CANCEL 5462
2219 ORDER 5520 55 21 30 43 0
2219 ORDER 5521 51 35 7 44 2
2219 ORDER 5522 54 11 3 6 2
2220 CANCEL 5036
2220 ORDER 5523 16 6 52 44 3
2220 ORDER 5524 38 38 1 22 0
2220 ORDER 5525 33 39 47 43 0
2221 ORDER 5526 47 30 10 44 0
2221 ORDER 5527 34 9 33 43 0
2221 ORDER 5528 14 17 50 44 0
2222 ORDER 5529 18 11 2 35 0
2222 ORDER 5530 15 14 16 44 2
2223 ORDER 5531 35 33 1 8 3
2223 ORDER 5532 25 15 20 43 0
2223 ORDER 5533 41 23 20 44 0
2224 ORDER 5534 16 18 43 44 0
2224 ORDER 5535 24 26 44 44 1
2225 ORDER 5536 7 33 2 1 1
2225 ORDER 5537 41 36 33 44 1
2226 CANCEL 5450
2226 ORDER 5538 38 14 38 44 1
2226 ORDER 5539 46 29 1 6 0
2227 ORDER 5540 22 6 16 44 0
2227 ORDER 5541 35 3 2 42 0
2227 ORDER 5542 50 38 11 44 0
2228 CANCEL 5208
2228 ORDER 5543 51 30 31 43 0
2228 ORDER 5544 17 17 16 43 0
2229 ORDER 5545 38 27 1 1 0
2229 ORDER 5546 27 24 36 44 2
2230 ORDER 5547 29 26 1 8 0
2230 ORDER 5548 39 15 3 12 1
2231 CANCEL 5200
2231 ORDER 5549 45 27 34 44 1
2231 ORDER 5550 30 6 14 44 1
2231 BLOCK 31 24
2232 ORDER 5551 53 26 56 44 0
2232 ORDER 5552 18 5 3 7 1
2232 ORDER 5553 54 17 47 44 0
2233 CANCEL 5147
2233 ORDER 5554 25 5 3 41 0
2233 ORDER 5555 42 33 1 10 0
2234 CANCEL 5163
2234 ORDER 5556 24 35 1 11 0
2234 ORDER 5557 16 11 3 11 1
2234 ORDER 5558 11 14 3 26 0
2235 ORDER 5559 31 23 3 28 3
2235 ORDER 5560 13 35 1 7 1
2235 ORDER 5561 26 23 9 43 0
2236 CANCEL 5387
2236 ORDER 5562 45 36 9 43 0
2236 ORDER 5563 36 39 3 43 2
2236 ORDER 5564 13 11 2 33 2
2237 ORDER 5565 26 21 18 43 0
2237 ORDER 5566 55 38 3 16 0
2238 ORDER 5567 46 11 19 44 2
2238 ORDER 5568 34 3 1 38 2
2239 CANCEL 5206
2239 ORDER 5569 7 8 17 43 0
2239 ORDER 5570 8 41 2 10 3
2240 ORDER 5571 21 29 26 44 0
2240 ORDER 5572 37 5 42 43 0
2240 ORDER 5573 35 29 1 7 0
2241 ORDER 5574 29 26 57 43 0
2241 ORDER 5575 52 24 2 34 0
2242 CANCEL 5484
2242 ORDER 5576 54 36 32 43 0
2242 ORDER 5577 39 14 1 17 0
2243 ORDER 5578 15 26 45 43 0
2243 ORDER 5579 11 35 1 15 2
2244 ORDER 5580 12 23 2 10 0
2244 ORDER 5581 21 35 17 43 1
2244 ORDER 5582 12 38 55 43 0
2245 CANCEL 5101
2245 ORDER 5583 13 3 1 23 0
2245 ORDER 5584 26 17 47 43 0
2246 ORDER 5585 10 18 57 43 0
2246 ORDER 5586 26 5 53 43 1
2247 CANCEL 5090
2247 ORDER 5587 8 27 33 43 0
2247 ORDER 5588 50 38 51 43 2
2247 ORDER 5589 46 5 3 23 0
2248 ORDER 5590 8 8 54 43 0
2248 ORDER 5591 23 26 53 43 0
2249 ORDER 5592 32 18 2 13 0
2249 ORDER 5593 34 33 1 23 1
2249 ORDER 5594 8 8 1 17 1
2249 BLOCK 25 32
2250 ORDER 5595 25 33 38 43 2
2250 ORDER 5596 29 6 3 13 2
2250 ORDER 5597 34 27 3 10 0
2251 ORDER 5598 30 12 55 44 0
2251 ORDER 5599 41 35 21 44 1
2251 ORDER 5600 40 15 27 44 0
2252 ORDER 5601 55 26 22 44 1
2252 ORDER 5602 30 18 52 43 3
2252 ORDER 5603 37 14 2 2 0
2253 ORDER 5604 6 20 55 44 0
2253 ORDER 5605 38 9 2 6 0
2253 ORDER 5606 47 21 1 33 0
2254 CANCEL 5380
2254 ORDER 5607 44 39 3 11 0
2254 ORDER 5608 54 27 44 44 0
2254 ORDER 5609 8 11 15 44 2
2255 ORDER 5610 40 14 2 32 0
2255 ORDER 5611 10 8 12 44 3
2255 ORDER 5612 25 33 1 39 0
2256 ORDER 5613 55 9 51 43 0
2256 ORDER 5614 34 11 1 4 2
2257 ORDER 5615 9 9 3 14 0
2257 ORDER 5616 29 39 3 10 0
2257 ORDER 5617 7 41 29 44 0
2258 ORDER 5618 36 36 7 43 1
2258 ORDER 5619 25 20 3 15 0
2258 ORDER 5620 16 27 56 44 1
2259 ORDER 5621 32 14 2 28 0
2259 ORDER 5622 19 8 57 44 0
2260 ORDER 5623 53 41 29 43 0
2260 ORDER 5624 7 36 48 44 0
2260 ORDER 5625 30 33 30 43 0
2261 CANCEL 5227
2261 CANCEL 5439
2261 ORDER 5626 52 15 39 43 0
2261 ORDER 5627 12 11 2 24 0
2262 CANCEL 5567
2262 ORDER 5628 47 20 8 44 0
2262 ORDER 5629 8 11 1 16 0
2263 ORDER 5630 39 35 2 34 0
2263 ORDER 5631 6 14 6 44 1
2264 ORDER 5632 48 20 2 23 0
2264 ORDER 5633 35 20 2 43 1
2264 ORDER 5634 42 6 3 27 0
2265 CANCEL 5287
2265 ORDER 5635 43 12 3 13 1
2265 ORDER 5636 43 35 1 42 0
2266 CANCEL 5512
2266 ORDER 5637 53 29 5 44 0
2266 ORDER 5638 10 5 3 15 0
2266 ORDER 5639 48 14 1 21 0
2267 ORDER 5640 6 11 17 43 1
2267 ORDER 5641 35 17 2 33 2
2268 ORDER 5642 54 39 3 23 0
2268 ORDER 5643 11 17 2 36 1
2269 ORDER 5644 11 14 1 16 1
2269 ORDER 5645 37 32 2 25 0
2270 CANCEL 5481
2270 ORDER 5646 47 3 3 6 0
2270 ORDER 5647 44 18 3 44 1
2271 ORDER 5648 17 15 1 39 1
2271 ORDER 5649 37 3 2 25 1
2272 ORDER 5650 29 33 3 1 0
2272 ORDER 5651 50 9 1 42 2
2273 CANCEL 5224
2273 CANCEL 5586
2273 ORDER 5652 27 6 3 1 3
2273 ORDER 5653 20 26 3 15 0
2273 ORDER 5654 48 41 31 44 0
2274 CANCEL 5424
2274 ORDER 5655 45 35 1 1 1
2274 ORDER 5656 17 20 2 44 1
2275 ORDER 5657 9 8 4 43 1
2275 ORDER 5658 22 35 1 5 0
2275 ORDER 5659 22 17 1 30 2
2276 ORDER 5660 49 8 3 10 0
2276 ORDER 5661 53 39 3 42 0
2277 ORDER 5662 48 24 2 37 1
2277 ORDER 5663 29 39 15 43 0
2277 ORDER 5664 31 18 2 10 1
2278 ORDER 5665 53 27 23 44 0
2278 ORDER 5666 55 14 2 39 0
2278 ORDER 5667 36 39 8 43 0
2279 UNBLOCK 25 32
2279 ORDER 5668 49 35 3 8 0
2279 ORDER 5669 7 20 2 15 0
2280 ORDER 5670 18 15 2 43 1
2280 ORDER 5671 48 18 32 43 0
2280 ORDER 5672 33 23 3 9 0
2281 CANCEL 5268
2281 CANCEL 5533
2281 ORDER 5673 37 23 51 43 0
2281 ORDER 5674 20 17 55 43 0
2281 ORDER 5675 47 8 40 43 0
2282 CANCEL 5191
2282 ORDER 5676 8 9 30 43 0
2282 ORDER 5677 28 6 3 43 0
2283 ORDER 5678 11 39 31 43 1
2283 ORDER 5679 28 5 2 6 0
2283 ORDER 5680 50 35 24 43 1
2284 ORDER 5681 11 24 24 43 0
2284 ORDER 5682 53 29 38 44 1
2285 ORDER 5683 29 24 39 44 0
2285 ORDER 5684 11 23 3 32 0
2285 ORDER 5685 6 23 7 44 1
2286 UNBLOCK 30 27
2286 ORDER 5686 45 5 1 42 3
2286 ORDER 5687 46 33 3 17 2
2286 ORDER 5688 36 39 3 21 2
2287 ORDER 5689 40 18 1 11 0
2287 ORDER 5690 30 23 27 43 0
2288 ORDER 5691 37 24 44 44 0
2288 ORDER 5692 27 17 3 41 0
2289 CANCEL 5554
2289 ORDER 5693 36 3 7 44 0
2289 ORDER 5694 54 9 7 43 0
2289 ORDER 5695 38 24 2 28 0
2290 CANCEL 5394
2290 ORDER 5696 12 20 57 44 0
2290 ORDER 5697 22 6 3 42 1
2290 ORDER 5698 39 39 3 44 0
2291 ORDER 5699 19 35 3 14 3
2291 ORDER 5700 15 39 2 5 0
2292 ORDER 5701 38 15 2 39 0
2292 ORDER 5702 16 39 18 44 2
2293 ORDER 5703 46 33 37 44 0
2293 ORDER 5704 18 21 22 43 0
2293 ORDER 5705 29 26 1 1 0
2294 CANCEL 5690
2294 ORDER 5706 34 15 10 43 0
2294 ORDER 5707 11 3 2 14 1
2295 CANCEL 5564
2295 ORDER 5708 47 18 44 44 0
2295 ORDER 5709 40 33 2 34 0
2296 ORDER 5710 43 17 8 43 2
2296 ORDER 5711 39 9 37 44 3
2297 CANCEL 5332
2297 ORDER 5712 42 6 33 43 0
2297 ORDER 5713 8 39 2 13 0
2297 ORDER 5714 35 35 3 2 0
2298 ORDER 5715 28 27 33 43 1
2298 ORDER 5716 38 6 1 44 1
2298 ORDER 5717 34 33 3 34 0
2299 CANCEL 5543
2299 ORDER 5718 16 14 2 41 0
2299 ORDER 5719 6 39 9 44 2
2300 ORDER 5720 39 33 51 43 2
2300 ORDER 5721 38 26 42 44 2
2300 ORDER 5722 19 24 9 44 0
2301 CANCEL 5343
2301 CANCEL 5428
2301 CANCEL 5548
2301 ORDER 5723 39 5 1 16 0
2301 ORDER 5724 25 36 25 43 3
2302 ORDER 5725 9 30 55 44 1
2302 ORDER 5726 20 17 2 12 0
2303 CANCEL 5525
2303 ORDER 5727 28 11 31 43 1
2303 ORDER 5728 28 9 24 43 0
2304 ORDER 5729 45 35 9 43 0
2304 ORDER 5730 18 18 1 26 0
2304 ORDER 5731 50 12 3 13 0
2305 ORDER 5732 9 24 23 44 2
2305 ORDER 5733 6 9 1 20 0
2305 ORDER 5734 31 30 1 4 0
2306 CANCEL 5655
2306 ORDER 5735 44 9 2 32 2
2306 ORDER 5736 16 41 2 17 3
2307 ORDER 5737 24 24 2 23 1
2307 ORDER 5738 14 32 31 43 1
2307 ORDER 5739 8 21 22 43 0
2308 ORDER 5740 44 41 7 43 2
2308 ORDER 5741 36 30 3 3 0
2308 ORDER 5742 22 21 28 43 1
2309 ORDER 5743 53 29 2 34 2
2309 ORDER 5744 46 6 28 43 0
2309 ORDER 5745 49 24 1 13 0
2310 ORDER 5746 16 30 39 44 0
2310 ORDER 5747 6 3 1 33 1
2311 ORDER 5748 54 11 45 43 0
2311 ORDER 5749 19 5 28 43 2
2311 ORDER 5750 55 20 1 8 1
2312 ORDER 5751 36 32 3 9 1
2312 ORDER 5752 33 26 1 30 0
2312 ORDER 5753 46 24 47 43 0
2313 ORDER 5754 50 14 37 43 0
2313 ORDER 5755 26 11 38 44 0
2313 ORDER 5756 25 27 2 39 0
2314 ORDER 5757 38 39 43 44 2
2314 ORDER 5758 7 32 2 8 0
2315 UNBLOCK 31 24
2315 ORDER 5759 28 17 2 12 3
2315 ORDER 5760 18 33 13 43 0
2315 ORDER 5761 47 36 2 30 1
2316 ORDER 5762 38 38 51 44 0
2316 ORDER 5763 46 41 3 24 3
2317 ORDER 5764 29 3 41 43 0
2317 ORDER 5765 41 38 12 44 0
2317 ORDER 5766 46 29 3 37 0
2318 ORDER 5767 8 3 24 43 0
2318 ORDER 5768 35 32 2 21 0
2319 ORDER 5769 12 8 2 36 1
2319 ORDER 5770 51 11 1 33 0
2319 ORDER 5771 40 11 3 1 1
2320 ORDER 5772 53 39 24 43 0
2320 ORDER 5773 40 18 32 43 0
2320 ORDER 5774 17 9 1 35 1
2321 ORDER 5775 47 41 57 44 0
2321 ORDER 5776 20 35 11 44 0
2322 CANCEL 5377
2322 ORDER 5777 51 36 41 44 0
2322 ORDER 5778 30 33 3 11 2
2322 ORDER 5779 10 18 47 43 1
2323 ORDER 5780 35 8 35 43 0
2323 ORDER 5781 30 23 2 16 0
2323 ORDER 5782 8 24 1 26 0
2324 ORDER 5783 53 17 2 2 1
2324 ORDER 5784 10 3 45 44 0
2325 ORDER 5785 16 32 3 2 0
2325 ORDER 5786 32 14 1 26 2
2326 ORDER 5787 36 39 19 43 0
2326 ORDER 5788 36 6 1 33 1
2326 ORDER 5789 23 30 2 36 0
2327 CANCEL 5520
2327 ORDER 5790 48 41 2 24 1
2327 ORDER 5791 19 36 3 34 0
2327 ORDER 5792 19 8 2 38 2
2328 ORDER 5793 27 41 2 24 0
2328 ORDER 5794 43 35 19 43 1
2328 ORDER 5795 42 14 3 24 1
2329 ORDER 5796 54 3 23 43 0
2329 ORDER 5797 13 8 2 8 1
2329 ORDER 5798 50 27 1 2 2
2330 ORDER 5799 34 5 1 37 0
2330 ORDER 5800 28 6 3 22 1
2330 ORDER 5801 36 20 3 13 3
2331 ORDER 5802 9 11 1 18 0
2331 ORDER 5803 38 14 19 44 1
2332 ORDER 5804 23 33 3 23 0
2332 ORDER 5805 54 33 44 43 1
2332 ORDER 5806 34 26 41 44 1
2333 ORDER 5807 31 20 1 20 0
2333 ORDER 5808 39 11 1 14 1
2334 ORDER 5809 10 33 3 7 0
2334 ORDER 5810 52 35 3 5 0
2335 ORDER 5811 22 27 2 22 2
2335 ORDER 5812 20 41 3 13 1
2335 ORDER 5813 27 30 3 6 2
2336 ORDER 5814 30 35 3 11 2
2336 ORDER 5815 18 38 3 32 0
2337 ORDER 5816 47 20 54 44 3
2337 ORDER 5817 28 12 1 44 0
2337 ORDER 5818 51 32 3 22 1
2338 CANCEL 5615
2338 ORDER 5819 42 24 24 43 0
2338 ORDER 5820 22 39 2 7 1
2339 ORDER 5821 7 8 1 15 2
2339 ORDER 5822 11 11 47 44 1
2339 ORDER 5823 35 24 1 44 2
2340 CANCEL 5458
2340 ORDER 5824 20 8 1 8 0
2340 ORDER 5825 36 36 1 32 0
2341 ORDER 5826 10 5 1 22 0
2341 ORDER 5827 20 29 9 43 0
2341 ORDER 5828 55 8 2 15 0
2342 CANCEL 5400
2342 ORDER 5829 8 15 22 43 3
2342 ORDER 5830 38 32 1 5 0
2343 CANCEL 5388
2343 CANCEL 5715
2343 ORDER 5831 13 11 2 27 1
2343 ORDER 5832 40 9 16 44 2
2344 ORDER 5833 49 35 3 15 1
2344 ORDER 5834 23 23 1 25 1
2344 ORDER 5835 42 32 21 44 0
2345 ORDER 5836 22 15 2 11 1
2345 ORDER 5837 30 12 57 44 0
2345 ORDER 5838 47 36 22 43 0
2346 CANCEL 5819
2346 ORDER 5839 28 35 3 12 0
2346 ORDER 5840 9 23 34 43 0
2346 ORDER 5841 35 24 2 32 0
2347 ORDER 5842 30 33 1 34 0
2347 ORDER 5843 16 27 3 1 0
2347 ORDER 5844 33 27 2 10 0
2348 ORDER 5845 43 31 12 44 0
2348 ORDER 5846 14 14 3 42 1
2349 ORDER 5847 33 26 50 43 2
2349 ORDER 5848 13 36 2 36 1
2350 ORDER 5849 45 18 2 30 0
2350 ORDER 5850 29 33 1 35 0
2350 ORDER 5851 52 26 3 4 0
2351 ORDER 5852 20 24 2 37 0
2351 ORDER 5853 19 20 2 28 0
2352 CANCEL 5463
2352 ORDER 5854 43 18 1 13 0
2352 ORDER 5855 35 27 23 43 0
2352 ORDER 5856 42 32 1 1 0
2353 ORDER 5857 7 23 2 14 0
2353 ORDER 5858 35 38 1 35 1
2353 ORDER 5859 28 20 3 12 0
2354 ORDER 5860 55 26 3 6 2
2354 ORDER 5861 21 39 2 36 0
2355 CANCEL 5497
2355 ORDER 5862 49 14 2 43 0
2355 ORDER 5863 53 35 16 44 0
2356 ORDER 5864 48 41 3 44 0
2356 ORDER 5865 37 11 2 20 0
2357 CANCEL 5536
2357 ORDER 5866 18 3 2 15 0
2357 ORDER 5867 34 39 1 34 0
2357 ORDER 5868 47 8 2 10 0
2358 ORDER 5869 43 35 1 24 0
2358 ORDER 5870 45 31 2 15 1
2358 ORDER 5871 17 35 2 14 0
2359 ORDER 5872 11 21 3 37 0
2359 ORDER 5873 33 3 1 2 0
2360 CANCEL 5493
2360 ORDER 5874 19 41 1 18 0
2360 ORDER 5875 8 20 3 3 1
2361 CANCEL 5753
2361 ORDER 5876 41 35 2 30 0
2361 ORDER 5877 28 11 3 29 0
2361 ORDER 5878 33 39 3 31 0
2362 ORDER 5879 53 35 9 44 3
2362 ORDER 5880 7 15 1 2 0
2362 BLOCK 24 43
2363 CANCEL 5402
2363 ORDER 5881 37 11 50 43 0
2363 ORDER 5882 50 6 1 5 1
2363 ORDER 5883 35 5 2 38 1
2364 ORDER 5884 20 33 2 14 0
2364 ORDER 5885 55 36 13 43 1
2365 CANCEL 5506
2365 CANCEL 5880
2365 ORDER 5886 29 15 14 43 0
2365 ORDER 5887 15 26 3 39 1
2366 ORDER 5888 45 15 43 44 0
2366 ORDER 5889 31 14 3 35 0
2366 ORDER 5890 48 11 46 43 0
2367 CANCEL 5556
2367 ORDER 5891 21 20 56 44 0
2367 ORDER 5892 20 14 17 43 0
2368 ORDER 5893 51 35 3 12 0
2368 ORDER 5894 48 18 3 24 2
2368 ORDER 5895 47 27 1 43 0
2369 CANCEL 5692
2369 ORDER 5896 49 24 3 12 1
2369 ORDER 5897 7 32 50 43 1
2369 ORDER 5898 54 3 12 43 1
2370 ORDER 5899 11 6 7 44 0
2370 ORDER 5900 45 18 9 44 3
2370 ORDER 5901 53 3 3 17 1
2371 CANCEL 5644
2371 CANCEL 5678
2371 ORDER 5902 11 27 47 43 0
2371 ORDER 5903 55 6 45 43 2
2371 ORDER 5904 40 41 16 44 3
2372 CANCEL 5593
2372 ORDER 5905 43 23 1 21 3
2372 ORDER 5906 11 36 37 44 1
2372 ORDER 5907 39 23 1 40 1
2373 ORDER 5908 20 24 1 30 2
2373 ORDER 5909 6 6 47 43 0
2373 ORDER 5910 42 14 2 5 0
2374 ORDER 5911 29 24 37 44 0
2374 ORDER 5912 33 32 5 44 2
2374 ORDER 5913 36 3 28 44 0
2375 CANCEL 5847
2375 ORDER 5914 49 15 34 44 1
2375 ORDER 5915 43 26 1 36 2
2375 ORDER 5916 43 14 3 42 0
2375 BLOCK 46 9
2376 CANCEL 5566
2376 ORDER 5917 47 3 8 43 0
2376 ORDER 5918 11 30 15 43 0
2376 ORDER 5919 18 27 2 5 0
2377 CANCEL 5640
2377 CANCEL 5663
2377 ORDER 5920 19 20 21 43 0
2377 ORDER 5921 41 9 7 44 0
2377 ORDER 5922 6 32 3 26 1
2378 ORDER 5923 16 3 25 43 0
2378 ORDER 5924 48 15 3 9 3
2379 ORDER 5925 17 29 2 41 0
2379 ORDER 5926 33 29 7 43 1
2379 ORDER 5927 39 38 3 2 0
2380 CANCEL 5630
2380 CANCEL 5696
2380 ORDER 5928 30 8 56 43 0
2380 ORDER 5929 20 15 5 43 1
2381 ORDER 5930 18 41 30 44 0
2381 ORDER 5931 46 26 49 44 1
2382 ORDER 5932 16 20 3 12 0
2382 ORDER 5933 46 35 2 32 2
2382 ORDER 5934 41 33 52 44 1
2383 ORDER 5935 44 33 38 43 0
2383 ORDER 5936 7 26 46 43 0
2383 ORDER 5937 11 21 3 1 3
2384 CANCEL 5539
2384 CANCEL 5923
2384 ORDER 5938 7 35 3 30 0
2384 ORDER 5939 17 38 54 44 0
2384 ORDER 5940 22 11 49 44 0
2385 ORDER 5941 19 26 26 43 1
2385 ORDER 5942 55 3 44 44 0
2386 ORDER 5943 12 38 1 5 0
2386 ORDER 5944 28 35 17 44 0
2387 ORDER 5945 11 26 3 9 1
2387 ORDER 5946 51 38 38 43 1
2388 ORDER 5947 47 38 3 40 0
2388 ORDER 5948 26 26 38 43 0
2388 ORDER 5949 38 14 1 44 0
2389 ORDER 5950 42 35 36 44 1
2389 ORDER 5951 49 38 46 44 1
2390 CANCEL 5654
2390 ORDER 5952 25 26 1 23 3
2390 ORDER 5953 19 20 3 5 0
2391 ORDER 5954 41 33 2 34 2
2391 ORDER 5955 8 21 2 10 2
2392 ORDER 5956 43 29 28 44 2
2392 ORDER 5957 19 15 58 44 1
2393 CANCEL 5583
2393 CANCEL 5841
2393 ORDER 5958 55 33 1 32 0
2393 ORDER 5959 6 32 3 30 0
2394 ORDER 5960 54 35 47 43 3
2394 ORDER 5961 53 33 38 43 1
2395 CANCEL 5894
2395 ORDER 5962 52 23 1 3 0
2395 ORDER 5963 10 11 2 27 0
2395 ORDER 5964 32 14 37 44 0
2396 ORDER 5965 40 41 54 43 2
2396 ORDER 5966 52 20 3 17 1
2396 ORDER 5967 6 17 1 7 0
2397 ORDER 5968 50 11 57 44 1
2397 ORDER 5969 15 30 2 13 0
2397 ORDER 5970 22 27 24 43 0
2398 CANCEL 5557
2398 CANCEL 5860
2398 ORDER 5971 52 32 1 22 0
2398 ORDER 5972 43 30 7 43 0
2398 ORDER 5973 28 23 34 43 0
2399 ORDER 5974 20 27 2 41 0
2399 ORDER 5975 17 39 3 20 1
2400 ORDER 5976 46 18 1 14 0
2400 ORDER 5977 21 14 17 44 0
2400 ORDER 5978 12 27 3 17 0
2401 ORDER 5979 29 6 45 44 0
2401 ORDER 5980 12 20 35 44 2
2401 ORDER 5981 16 15 9 44 0
2402 CANCEL 5495
2402 CANCEL 5797
2402 ORDER 5982 17 9 42 43 0
2402 ORDER 5983 36 24 50 43 0
2403 ORDER 5984 35 32 30 43 1
2403 ORDER 5985 22 41 2 36 2
2403 ORDER 5986 26 14 19 44 0
2404 ORDER 5987 9 9 28 44 0
2404 ORDER 5988 38 23 11 44 1
2404 ORDER 5989 9 18 2 28 0
2405 ORDER 5990 51 30 3 35 1
2405 ORDER 5991 19 3 2 44 0
2406 CANCEL 5540
2406 ORDER 5992 32 20 40 44 0
2406 ORDER 5993 32 35 1 19 0
2407 CANCEL 5582
2407 ORDER 5994 22 3 2 16 0
2407 ORDER 5995 52 23 1 32 0
2408 ORDER 5996 36 5 1 34 0
2408 ORDER 5997 38 15 55 43 1
2408 ORDER 5998 28 41 3 39 1
2409 ORDER 5999 49 36 1 19 0
2409 ORDER 6000 34 36 8 43 0
2410 ORDER 6001 36 27 3 20 0
2410 ORDER 6002 33 41 2 4 3
2411 ORDER 6003 47 9 2 15 0
2411 ORDER 6004 35 35 15 44 1
2412 CANCEL 5711
2412 ORDER 6005 22 21 3 16 1
2412 ORDER 6006 27 36 9 43 0
2412 ORDER 6007 51 11 3 27 1
2413 ORDER 6008 11 3 2 3 0
2413 ORDER 6009 17 8 18 44 0
2414 ORDER 6010 10 14 1 3 0
2414 ORDER 6011 34 9 2 19 0
2415 ORDER 6012 55 20 1 17 1
2415 ORDER 6013 27 11 1 22 0
2415 ORDER 6014 45 33 2 15 2
2416 CANCEL 5528
2416 CANCEL 5741
2416 ORDER 6015 39 33 3 30 0
2416 ORDER 6016 7 3 4 44 0
2416 ORDER 6017 46 30 3 7 0
2417 ORDER 6018 15 27 2 34 2
2417 ORDER 6019 13 38 26 44 0
2418 ORDER 6020 26 39 1 31 2
2418 ORDER 6021 34 23 8 43 3
2419 ORDER 6022 18 29 23 43 0
2419 ORDER 6023 46 3 1 36 1
2419 ORDER 6024 12 26 1 24 0
2420 CANCEL 5558
2420 CANCEL 5610
2420 ORDER 6025 30 9 34 43 0
2420 ORDER 6026 19 3 33 44 0
2421 ORDER 6027 11 18 2 44 0
2421 ORDER 6028 18 14 1 6 0
2421 ORDER 6029 16 5 1 33 1
2422 ORDER 6030 6 18 50 44 0
2422 ORDER 6031 7 3 2 27 2
2423 ORDER 6032 29 17 27 43 0
2423 ORDER 6033 20 3 21 43 0
2424 CANCEL 5810
2424 ORDER 6034 8 12 28 44 2
2424 ORDER 6035 29 17 3 22 0
2424 ORDER 6036 41 21 38 43 0
2425 CANCEL 5925
2425 ORDER 6037 37 21 56 44 1
2425 ORDER 6038 29 24 3 10 0
2425 ORDER 6039 53 41 1 40 0
2426 ORDER 6040 6 24 1 42 0
2426 ORDER 6041 27 8 1 40 1
2426 ORDER 6042 52 24 2 29 0
2427 ORDER 6043 9 41 3 33 1
2427 ORDER 6044 18 35 53 43 1
2427 ORDER 6045 7 6 1 2 1
2428 ORDER 6046 7 14 2 7 1
2428 ORDER 6047 22 29 15 43 0
2429 CANCEL 5829
2429 ORDER 6048 46 35 2 8 1
2429 ORDER 6049 53 3 26 44 0
2430 ORDER 6050 25 11 1 15 2
2430 ORDER 6051 18 27 2 4 0
2431 UNBLOCK 24 43
2431 ORDER 6052 55 33 12 43 1
2431 ORDER 6053 48 15 12 44 0
2432 ORDER 6054 9 35 33 44 0
2432 ORDER 6055 23 32 33 44 0
2433 ORDER 6056 6 12 2 12 0
2433 ORDER 6057 47 27 36 43 0
2434 ORDER 6058 46 41 1 30 2
2434 ORDER 6059 47 8 3 33 1
2435 ORDER 6060 8 38 38 44 0
2435 ORDER 6061 47 6 2 30 1
2435 ORDER 6062 34 21 25 44 0
2436 ORDER 6063 38 26 3 34 0
2436 ORDER 6064 11 26 1 9 0
2436 ORDER 6065 10 3 3 44 0
2437 CANCEL 5943
2437 ORDER 6066 20 20 3 30 0
2437 ORDER 6067 55 14 3 25 0
2437 ORDER 6068 18 38 2 36 3
2438 CANCEL 5718
2438 ORDER 6069 31 14 3 13 0
2438 ORDER 6070 35 26 2 32 2
2439 CANCEL 5726
2439 ORDER 6071 18 31 8 43 1
2439 ORDER 6072 7 9 2 19 0
2440 ORDER 6073 9 36 2 27 2
2440 ORDER 6074 18 12 2 42 0
2440 ORDER 6075 25 39 12 44 0
2441 ORDER 6076 34 21 2 22 0
2441 ORDER 6077 17 32 2 24 0
2441 ORDER 6078 18 38 2 22 1
2442 ORDER 6079 6 3 1 5 1
2442 ORDER 6080 36 27 2 23 2
2443 ORDER 6081 9 6 1 29 0
2443 ORDER 6082 49 36 3 29 0
2444 ORDER 6083 11 33 16 43 3
2444 ORDER 6084 55 8 3 10 2
2444 ORDER 6085 8 3 1 38 0
2445 CANCEL 5981
2445 ORDER 6086 46 14 58 44 3
2445 ORDER 6087 20 29 23 43 0
2445 ORDER 6088 21 3 2 39 0
2446 ORDER 6089 16 36 3 16 3
2446 ORDER 6090 28 33 30 44 1
2446 ORDER 6091 36 15 10 44 1
2447 ORDER 6092 30 23 21 43 0
2447 ORDER 6093 46 8 2 28 2
2447 ORDER 6094 13 33 3 28 0
2448 ORDER 6095 34 3 25 44 1
2448 ORDER 6096 22 36 3 27 0
2449 ORDER 6097 47 36 25 43 0
2449 ORDER 6098 30 9 51 43 1
2450 ORDER 6099 6 15 2 43 0
2450 ORDER 6100 30 21 11 44 2
2450 ORDER 6101 12 39 18 44 0
2451 ORDER 6102 33 32 3 16 0
2451 ORDER 6103 15 12 45 43 1
2452 ORDER 6104 50 27 22 44 2
2452 ORDER 6105 25 12 50 44 1
2452 ORDER 6106 43 30 38 44 0
2453 ORDER 6107 11 26 6 43 0
2453 ORDER 6108 48 6 24 44 0
2453 ORDER 6109 28 29 2 34 0
2454 ORDER 6110 51 29 5 43 1
2454 ORDER 6111 34 6 1 42 0
2455 CANCEL 5706
2455 ORDER 6112 47 15 1 30 0
2455 ORDER 6113 17 32 1 14 0
2456 ORDER 6114 44 11 54 44 0
2456 ORDER 6115 35 38 54 43 0
2456 ORDER 6116 34 23 30 43 2
2457 ORDER 6117 36 41 24 44 0
2457 ORDER 6118 27 26 3 13 1
2457 ORDER 6119 39 3 1 10 0
2458 ORDER 6120 53 5 50 44 1
2458 ORDER 6121 20 33 1 38 3
2459 CANCEL 5801
2459 ORDER 6122 53 20 3 27 1
2459 ORDER 6123 8 33 39 44 0
2459 ORDER 6124 25 5 21 44 0
2460 CANCEL 5890
2460 ORDER 6125 18 8 43 43 1
2460 ORDER 6126 49 38 30 44 0
2460 ORDER 6127 35 6 3 11 0
2461 ORDER 6128 15 21 21 43 0
2461 ORDER 6129 41 8 32 44 2
2462 ORDER 6130 7 41 36 44 0
2462 ORDER 6131 6 14 1 17 0
2462 ORDER 6132 15 12 12 44 0
2463 ORDER 6133 17 41 42 43 3
2463 ORDER 6134 25 27 3 15 0
2463 ORDER 6135 53 5 3 34 1
2464 CANCEL 5833
2464 CANCEL 6033
2464 ORDER 6136 52 32 19 43 1
2464 ORDER 6137 17 24 3 8 2
2465 ORDER 6138 21 39 53 43 1
2465 ORDER 6139 48 36 38 43 0
2466 ORDER 6140 8 9 1 24 1
2466 ORDER 6141 55 26 3 5 0
2467 ORDER 6142 36 41 1 30 1
2467 ORDER 6143 27 41 43 43 0
2467 ORDER 6144 18 38 3 26 1
2468 CANCEL 5661
2468 ORDER 6145 54 26 30 43 1
2468 ORDER 6146 37 41 1 32 0
2469 CANCEL 5989
2469 ORDER 6147 40 17 57 44 0
2469 ORDER 6148 24 18 2 5 0
2470 ORDER 6149 6 14 3 8 0
2470 ORDER 6150 55 26 37 44 0
2471 CANCEL 5817
2471 ORDER 6151 37 21 3 35 1
2471 ORDER 6152 29 5 2 35 2
2471 ORDER 6153 10 32 37 43 0
2472 ORDER 6154 9 32 40 44 2
2472 ORDER 6155 53 3 32 44 0
2472 ORDER 6156 39 6 1 5 1
2473 ORDER 6157 7 29 3 23 0
2473 ORDER 6158 26 15 52 44 0
2473 ORDER 6159 28 20 7 43 0
2473 BLOCK 26 39
2474 ORDER 6160 48 3 52 44 0
2474 ORDER 6161 6 14 14 44 2
2475 ORDER 6162 47 39 2 43 0
2475 ORDER 6163 43 18 2 10 0
2476 ORDER 6164 24 30 1 9 0
2476 ORDER 6165 22 33 1 37 1
2476 ORDER 6166 51 38 2 29 3
2477 CANCEL 5679
2477 ORDER 6167 17 8 3 22 0
2477 ORDER 6168 32 21 16 43 0
2478 ORDER 6169 47 9 1 42 0
2478 ORDER 6170 39 5 3 25 0
2478 ORDER 6171 18 14 49 43 0
2479 ORDER 6172 8 26 1 5 0
2479 ORDER 6173 9 30 1 21 1
2480 CANCEL 5818
2480 ORDER 6174 46 29 2 21 1
2480 ORDER 6175 54 5 1 5 0
2481 CANCEL 5855
2481 ORDER 6176 31 35 25 43 1
2481 ORDER 6177 31 6 19 44 0
2481 ORDER 6178 31 12 30 44 0
2482 ORDER 6179 55 18 3 30 1
2482 ORDER 6180 51 8 3 25 0
2483 ORDER 6181 34 5 28 43 0
2483 ORDER 6182 17 30 3 23 0
2483 ORDER 6183 38 3 2 37 0
2484 ORDER 6184 24 33 43 43 0
2484 ORDER 6185 11 39 3 6 0
2485 ORDER 6186 45 8 2 41 0
2485 ORDER 6187 27 11 20 43 0
2485 ORDER 6188 8 11 3 12 0
2486 ORDER 6189 27 26 1 16 3
2486 ORDER 6190 25 17 51 44 0
2487 CANCEL 5823
2487 ORDER 6191 37 17 1 36 0
2487 ORDER 6192 17 9 26 43 0
2488 ORDER 6193 36 29 35 44 2
2488 ORDER 6194 17 8 2 2 0
2489 ORDER 6195 52 33 1 19 0
2489 ORDER 6196 52 26 7 43 1
2489 ORDER 6197 8 8 1 37 0
2490 CANCEL 6140
2490 ORDER 6198 48 20 5 43 3
2490 ORDER 6199 55 14 2 8 0
2491 CANCEL 6067
2491 ORDER 6200 26 30 6 44 0
2491 ORDER 6201 12 3 1 41 0
2492 ORDER 6202 40 23 1 23 0
2492 ORDER 6203 45 18 36 44 2
2493 ORDER 6204 41 39 34 43 0
2493 ORDER 6205 37 38 1 4 1
2494 ORDER 6206 33 12 29 44 0
2494 ORDER 6207 10 33 1 40 0
2494 ORDER 6208 26 29 52 44 0
2495 ORDER 6209 9 24 1 14 0
2495 ORDER 6210 30 9 1 24 0
2495 ORDER 6211 55 18 7 43 0
2496 CANCEL 5807
2496 CANCEL 5920
2496 ORDER 6212 49 9 2 13 2
2496 ORDER 6213 50 12 43 44 2
2497 ORDER 6214 21 36 32 43 0
2497 ORDER 6215 54 17 1 23 2
2497 ORDER 6216 37 8 2 29 0
2498 ORDER 6217 19 27 3 26 0
2498 ORDER 6218 7 14 2 26 0
2499 ORDER 6219 47 26 2 27 1
2499 ORDER 6220 48 26 3 25 0
2499 ORDER 6221 52 27 10 44 1
2500 ORDER 6222 49 6 2 37 0
2500 ORDER 6223 11 38 34 43 0
2500 ORDER 6224 22 41 2 10 0
2501 ORDER 6225 24 20 2 20 3
2501 ORDER 6226 28 30 48 44 0
2502 ORDER 6227 37 5 58 44 0
2502 ORDER 6228 48 23 1 12 0
2503 CANCEL 5968
2503 CANCEL 5988
2503 ORDER 6229 52 6 2 7 3
2503 ORDER 6230 55 26 15 43 0
2503 ORDER 6231 36 35 49 44 2
2504 CANCEL 6061
2504 ORDER 6232 55 12 1 37 0
2504 ORDER 6233 22 5 8 44 3
2504 ORDER 6234 16 3 3 27 0
2505 ORDER 6235 45 32 5 44 0
2505 ORDER 6236 34 15 1 29 0
2505 ORDER 6237 33 11 55 43 1
2506 ORDER 6238 43 35 3 26 0
2506 ORDER 6239 35 33 6 43 1
2507 ORDER 6240 18 38 3 30 0
2507 ORDER 6241 31 12 3 42 0
2508 UNBLOCK 46 9
2508 ORDER 6242 36 12 1 6 0
2508 ORDER 6243 53 15 3 19 1
2508 ORDER 6244 22 12 2 36 1
2509 ORDER 6245 23 33 3 8 0
2509 ORDER 6246 6 26 2 7 3
2510 ORDER 6247 54 33 6 43 0
2510 ORDER 6248 34 23 53 44 0
2510 ORDER 6249 12 9 43 43 3
2511 CANCEL 5950
2511 ORDER 6250 36 33 13 43 3
2511 ORDER 6251 30 17 20 43 0
2511 ORDER 6252 9 12 1 37 2
2512 ORDER 6253 38 20 24 44 1
2512 ORDER 6254 38 36 37 43 0
2513 CANCEL 5895
2513 CANCEL 6023
2513 ORDER 6255 11 29 1 27 0
2513 ORDER 6256 30 39 1 25 3
2513 ORDER 6257 47 15 2 44 0
2514 ORDER 6258 21 27 39 43 0
2514 ORDER 6259 18 24 3 21 1
2514 ORDER 6260 24 33 8 44 3
2515 ORDER 6261 50 27 49 43 0
2515 ORDER 6262 48 18 1 9 0
2516 CANCEL 6014
2516 ORDER 6263 35 29 3 33 0
2516 ORDER 6264 19 29 2 35 0
2516 ORDER 6265 37 41 2 13 0
2517 ORDER 6266 52 6 22 44 1
2517 ORDER 6267 10 24 25 44 0
2517 ORDER 6268 55 14 3 36 0
2518 ORDER 6269 46 12 14 44 1
2518 ORDER 6270 16 8 2 2 0
2519 ORDER 6271 30 35 2 24 1
2519 ORDER 6272 51 30 8 44 0
2519 ORDER 6273 29 26 3 4 0
2520 ORDER 6274 40 36 19 44 1
2520 ORDER 6275 18 21 23 44 1
2520 ORDER 6276 10 26 1 39 0
2521 CANCEL 5961
2521 CANCEL 6201
2521 ORDER 6277 7 41 2 8 1
2521 ORDER 6278 36 26 36 43 2
2522 CANCEL 6146
2522 ORDER 6279 17 39 1 18 3
2522 ORDER 6280 29 26 17 43 0
2523 ORDER 6281 46 3 1 8 0
2523 ORDER 6282 38 9 21 43 0
2523 ORDER 6283 44 5 3 1 0
2524 CANCEL 5830
2524 ORDER 6284 21 27 33 44 0
2524 ORDER 6285 16 20 1 28 1
2525 ORDER 6286 26 22 2 43 1
2525 ORDER 6287 12 35 9 44 0
2526 CANCEL 6010
2526 ORDER 6288 21 18 37 44 1
2526 ORDER 6289 37 21 1 8 1
2526 ORDER 6290 32 21 2 43 2
2527 ORDER 6291 25 9 3 1 0
2527 ORDER 6292 30 27 18 43 1
2527 ORDER 6293 35 32 2 18 0
2528 CANCEL 5822
2528 ORDER 6294 6 21 1 18 1
2528 ORDER 6295 51 8 1 10 1
2528 ORDER 6296 50 35 3 33 1
2529 ORDER 6297 25 20 19 44 0
2529 ORDER 6298 26 21 1 1 0
2529 ORDER 6299 48 18 55 43 0
2530 ORDER 6300 34 21 33 44 1
2530 ORDER 6301 53 15 2 34 0
2531 CANCEL 6179
2531 ORDER 6302 8 17 3 31 0
2531 ORDER 6303 51 36 21 43 0
2531 ORDER 6304 54 15 40 43 2
2532 ORDER 6305 7 24 1 32 0
2532 ORDER 6306 54 35 8 43 3
2533 ORDER 6307 10 39 3 17 0
2533 ORDER 6308 39 17 2 39 0
2534 ORDER 6309 36 29 37 43 1
2534 ORDER 6310 39 14 23 43 2
2535 CANCEL 6274
2535 CANCEL 6275
2535 ORDER 6311 39 21 2 44 0
2535 ORDER 6312 51 29 41 44 0
2536 ORDER 6313 37 36 1 33 1
2536 ORDER 6314 15 15 2 22 0
2536 ORDER 6315 40 18 3 15 3
2537 ORDER 6316 47 5 3 24 0
2537 ORDER 6317 17 26 42 43 2
2537 ORDER 6318 13 6 1 29 1
2538 CANCEL 6156
2538 ORDER 6319 12 8 1 21 0
2538 ORDER 6320 49 11 1 21 1
2539 CANCEL 6117
2539 ORDER 6321 22 11 50 43 0
2539 ORDER 6322 53 20 56 44 0
2540 ORDER 6323 54 38 2 2 0
2540 ORDER 6324 38 30 2 33 0
2541 ORDER 6325 7 18 3 36 0
2541 ORDER 6326 47 23 26 43 0
2541 ORDER 6327 34 3 46 44 0
2542 CANCEL 6007
2542 CANCEL 6124
2542 ORDER 6328 38 17 1 27 1
2542 ORDER 6329 25 39 3 19 0
2543 ORDER 6330 54 9 1 12 3
2543 ORDER 6331 18 8 2 36 0
2543 ORDER 6332 29 33 9 44 0
2544 CANCEL 6077
2544 ORDER 6333 15 26 47 44 0
2544 ORDER 6334 22 38 1 25 0
2544 ORDER 6335 6 9 1 5 0
2545 ORDER 6336 37 11 2 34 1
2545 ORDER 6337 15 30 56 43 0
2545 ORDER 6338 9 3 3 30 1
2546 CANCEL 5995
2546 ORDER 6339 45 24 2 39 1
2546 ORDER 6340 48 39 3 36 2
2546 ORDER 6341 39 3 1 19 0
2547 CANCEL 6199
2547 ORDER 6342 37 23 7 43 0
2547 ORDER 6343 42 33 2 23 1
2548 ORDER 6344 42 23 56 44 1
2548 ORDER 6345 21 9 52 43 2
2548 ORDER 6346 31 23 1 13 0
2549 ORDER 6347 29 18 12 43 1
2549 ORDER 6348 23 30 56 44 0
2549 ORDER 6349 20 9 14 44 0
2550 ORDER 6350 46 23 2 17 0
2550 ORDER 6351 40 9 11 44 1
2551 ORDER 6352 36 14 17 44 0
2551 ORDER 6353 7 15 2 3 0
2551 ORDER 6354 12 36 54 44 1
2552 CANCEL 5907
2552 CANCEL 6350
2552 ORDER 6355 18 33 44 44 0
2552 ORDER 6356 27 18 44 44 0
2552 ORDER 6357 31 20 51 44 0
2553 ORDER 6358 20 33 28 43 1
2553 ORDER 6359 11 17 28 44 1
2553 ORDER 6360 11 21 3 23 2
2554 CANCEL 6128
2554 ORDER 6361 37 11 2 27 3
2554 ORDER 6362 39 23 3 2 0
2555 ORDER 6363 21 11 24 44 1
2555 ORDER 6364 6 29 22 43 0
2556 ORDER 6365 52 8 1 7 0
2556 ORDER 6366 30 20 33 43 0
2556 ORDER 6367 20 17 54 43 0
2557 ORDER 6368 20 36 55 43 2
2557 ORDER 6369 12 21 11 43 1
2557 ORDER 6370 38 20 10 44 0
2558 ORDER 6371 20 39 1 22 0
2558 ORDER 6372 20 11 3 14 1
2558 ORDER 6373 21 18 1 39 3
2559 CANCEL 5918
2559 CANCEL 6270
2559 ORDER 6374 22 27 3 14 1
2559 ORDER 6375 44 24 2 38 1
2559 ORDER 6376 29 21 2 24 1
2560 ORDER 6377 25 38 2 4 2
2560 ORDER 6378 18 35 24 43 0
2561 ORDER 6379 47 17 41 43 0
2561 ORDER 6380 28 8 22 44 0
2561 ORDER 6381 38 24 3 19 0
2562 ORDER 6382 55 18 47 44 0
2562 ORDER 6383 8 34 57 43 0
2562 ORDER 6384 46 30 3 32 2
2563 ORDER 6385 41 33 2 12 0
2563 ORDER 6386 16 26 3 16 2
2564 ORDER 6387 9 20 3 25 0
2564 ORDER 6388 12 5 55 44 1
2564 ORDER 6389 34 30 2 7 0
2565 ORDER 6390 34 41 4 43 0
2565 ORDER 6391 54 15 33 43 0
2566 ORDER 6392 40 9 8 44 1
2566 ORDER 6393 31 33 50 44 0
2566 ORDER 6394 35 6 3 10 1
2567 CANCEL 6166
2567 ORDER 6395 46 6 3 25 0
2567 ORDER 6396 51 14 10 43 1
2568 ORDER 6397 42 32 3 33 1
2568 ORDER 6398 22 5 3 18 0
2568 ORDER 6399 22 23 13 43 0
2569 CANCEL 6344
2569 ORDER 6400 7 15 2 20 0
2569 ORDER 6401 10 18 1 5 1
2570 ORDER 6402 12 26 13 44 0
2570 ORDER 6403 41 9 3 42 0
2571 CANCEL 6013
2571 ORDER 6404 26 26 10 44 2
2571 ORDER 6405 25 33 18 44 0
2572 UNBLOCK 26 39
2572 ORDER 6406 48 11 2 39 1
2572 ORDER 6407 44 24 49 43 0
2572 ORDER 6408 27 36 19 43 2
2573 CANCEL 6001
2573 CANCEL 6164
2573 ORDER 6409 39 15 6 44 0
2573 ORDER 6410 44 24 29 44 0
2574 ORDER 6411 6 9 46 44 0
2574 ORDER 6412 12 9 18 43 0
2575 ORDER 6413 16 15 53 44 0
2575 ORDER 6414 25 41 9 44 0
2576 CANCEL 6323
2576 ORDER 6415 9 5 2 10 0
2576 ORDER 6416 7 3 3 43 0
2576 BLOCK 12 26
2577 ORDER 6417 49 17 55 44 0
2577 ORDER 6418 51 12 10 43 0
2578 ORDER 6419 46 8 4 44 0
2578 ORDER 6420 22 15 1 43 2
2579 ORDER 6421 36 26 2 43 1
2579 ORDER 6422 27 32 32 43 1
2580 CANCEL 6136
2580 ORDER 6423 47 27 18 43 0
2580 ORDER 6424 18 6 31 43 0
2581 ORDER 6425 22 33 2 13 0
2581 ORDER 6426 31 35 2 26 2
2582 ORDER 6427 46 20 1 23 1
2582 ORDER 6428 51 30 2 16 1
2583 CANCEL 5998
2583 ORDER 6429 53 15 31 43 0
2583 ORDER 6430 20 29 2 19 0
2583 ORDER 6431 7 41 45 43 0
2584 ORDER 6432 44 33 41 43 0
2584 ORDER 6433 13 38 1 31 1
2584 ORDER 6434 6 9 22 44 0
2585 ORDER 6435 54 3 1 35 1
2585 ORDER 6436 11 5 38 44 0
2585 ORDER 6437 29 29 22 44 0
2586 ORDER 6438 18 32 22 44 0
2586 ORDER 6439 27 8 10 44 1
2586 ORDER 6440 10 38 1 7 0
2587 ORDER 6441 34 9 3 31 0
2587 ORDER 6442 38 32 16 43 0
2587 ORDER 6443 40 15 26 44 2
2588 ORDER 6444 10 29 1 8 1
2588 ORDER 6445 47 9 2 10 2
2589 ORDER 6446 47 24 41 44 0
2589 ORDER 6447 13 11 1 25 1
2589 ORDER 6448 32 21 1 26 1
2590 ORDER 6449 26 12 1 37 0
2590 ORDER 6450 12 38 1 41 0
2591 ORDER 6451 8 8 1 39 0
2591 ORDER 6452 28 30 38 44 0
2592 ORDER 6453 7 14 1 5 0
2592 ORDER 6454 32 20 1 3 0
2592 ORDER 6455 47 17 2 40 1
2593 CANCEL 6300
2593 ORDER 6456 34 5 56 43 0
2593 ORDER 6457 16 23 3 29 0
2594 ORDER 6458 18 30 1 41 0
2594 ORDER 6459 14 33 2 9 0
2594 ORDER 6460 7 6 50 43 2
2595 ORDER 6461 36 29 2 44 0
2595 ORDER 6462 11 32 1 33 0
2596 ORDER 6463 36 9 26 44 1
2596 ORDER 6464 21 17 43 43 2
2596 ORDER 6465 20 17 31 44 0
2597 ORDER 6466 22 17 1 36 3
2597 ORDER 6467 33 29 2 3 0
2597 ORDER 6468 11 14 36 44 0
2598 ORDER 6469 39 15 20 44 0
2598 ORDER 6470 50 32 51 43 3
2598 ORDER 6471 52 27 46 43 0
2599 ORDER 6472 46 35 4 43 0
2599 ORDER 6473 50 32 5 43 0
2600 CANCEL 6168
2600 CANCEL 6299
2600 ORDER 6474 7 8 3 8 1
2600 ORDER 6475 34 6 2 8 0
2600 ORDER 6476 34 5 2 17 3
2601 ORDER 6477 7 21 36 43 0
2601 ORDER 6478 41 39 2 38 3
2601 ORDER 6479 19 29 2 40 0
2602 ORDER 6480 24 35 1 35 0
2602 ORDER 6481 7 24 48 44 1
2603 ORDER 6482 35 11 1 35 0
2603 ORDER 6483 46 39 28 44 1
2603 ORDER 6484 51 29 3 11 0
2604 ORDER 6485 39 6 47 44 0
2604 ORDER 6486 36 12 29 43 0
2604 ORDER 6487 46 20 22 43 2
2605 ORDER 6488 29 33 2 27 0
2605 ORDER 6489 16 15 1 32 1
2605 ORDER 6490 20 20 19 44 2
2606 ORDER 6491 12 36 50 44 0
2606 ORDER 6492 7 8 3 26 1
2606 ORDER 6493 19 38 58 44 2
2607 ORDER 6494 11 27 3 23 0
2607 ORDER 6495 25 9 2 21 0
2608 ORDER 6496 45 17 53 43 0
2608 ORDER 6497 49 38 3 42 1
2608 ORDER 6498 7 39 1 2 0
2609 ORDER 6499 8 33 2 3 2
2609 ORDER 6500 17 39 2 9 0
2610 ORDER 6501 21 23 3 5 0
2610 ORDER 6502 11 24 56 43 0
2611 CANCEL 6457
2611 ORDER 6503 21 39 2 43 1
2611 ORDER 6504 55 30 1 6 1
2612 ORDER 6505 17 36 51 44 0
2612 ORDER 6506 30 29 46 44 0
2613 ORDER 6507 45 3 1 38 1
2613 ORDER 6508 16 29 1 3 0
2614 ORDER 6509 48 8 3 13 0
2614 ORDER 6510 33 11 22 43 0
2614 ORDER 6511 29 12 54 43 1
2615 CANCEL 6184
2615 ORDER 6512 35 5 3 39 0
2615 ORDER 6513 39 14 1 1 1
2615 ORDER 6514 34 41 5 43 0
2616 CANCEL 6177
2616 ORDER 6515 30 12 1 23 1
2616 ORDER 6516 31 12 38 43 2
2616 ORDER 6517 46 17 1 27 0
2617 ORDER 6518 31 33 22 43 0
2617 ORDER 6519 55 27 17 44 1
2618 ORDER 6520 37 29 30 44 2
2618 ORDER 6521 27 38 1 28 0
2619 CANCEL 6419
2619 ORDER 6522 22 11 1 38 3
2619 ORDER 6523 52 3 9 43 3
2619 ORDER 6524 30 12 56 44 0
2619 BLOCK 37 17
2620 ORDER 6525 20 29 43 44 2
2620 ORDER 6526 19 39 58 44 1
2621 ORDER 6527 37 36 1 39 2
2621 ORDER 6528 44 3 5 44 0
2621 ORDER 6529 54 14 13 44 0
2621 BLOCK 46 23
2622 ORDER 6530 21 18 48 43 0
2622 ORDER 6531 31 20 1 29 0
2622 ORDER 6532 49 41 1 34 0
2623 ORDER 6533 36 24 3 10 0
2623 ORDER 6534 12 35 1 20 0
2623 ORDER 6535 19 33 32 44 0
2624 CANCEL 6530
2624 ORDER 6536 9 6 1 4 1
2624 ORDER 6537 40 14 14 44 0
2624 ORDER 6538 47 26 1 31 1
2625 ORDER 6539 38 23 2 3 1
2625 ORDER 6540 30 38 58 43 0
2626 ORDER 6541 51 6 3 37 1
2626 ORDER 6542 20 3 2 35 2
2626 ORDER 6543 12 35 3 15 3
2627 ORDER 6544 45 15 55 44 1
2627 ORDER 6545 42 35 32 43 0
2627 ORDER 6546 26 12 23 44 0
2628 ORDER 6547 9 38 13 44 1
2628 ORDER 6548 7 3 6 43 0
2629 CANCEL 6373
2629 ORDER 6549 19 15 3 23 0
2629 ORDER 6550 9 38 37 44 1
2629 ORDER 6551 41 35 1 21 1
2630 ORDER 6552 22 36 28 44 0
2630 ORDER 6553 52 27 1 2 1
2631 CANCEL 6121
2631 CANCEL 6514
2631 ORDER 6554 21 6 36 43 1
2631 ORDER 6555 9 30 38 44 1
2632 CANCEL 6370
2632 ORDER 6556 25 35 17 44 0
2632 ORDER 6557 10 36 3 25 1
2632 ORDER 6558 22 3 17 44 1
2633 ORDER 6559 37 26 1 38 0
2633 ORDER 6560 6 6 21 43 3
2634 ORDER 6561 29 6 11 44 0
2634 ORDER 6562 18 33 1 39 1
2634 ORDER 6563 42 30 3 9 1
2635 ORDER 6564 31 6 44 43 0
2635 ORDER 6565 8 24 29 43 1
2635 ORDER 6566 26 29 2 29 0
2636 ORDER 6567 49 15 34 43 1
2636 ORDER 6568 21 27 1 3 0
2636 ORDER 6569 20 41 1 44 0
2637 ORDER 6570 10 12 52 43 1
2637 ORDER 6571 45 27 2 21 1
2637 ORDER 6572 28 14 18 44 0
2638 CANCEL 6428
2638 ORDER 6573 34 26 3 8 1
2638 ORDER 6574 32 23 3 31 1
2639 ORDER 6575 47 36 30 43 1
2639 ORDER 6576 21 41 1 41 1
2640 ORDER 6577 15 23 2 37 0
2640 ORDER 6578 11 21 52 43 0
2640 ORDER 6579 38 24 29 44 2
2641 ORDER 6580 15 32 1 30 0
2641 ORDER 6581 10 11 1 37 0
2641 ORDER 6582 7 8 3 25 0
2642 CANCEL 6250
2642 ORDER 6583 22 17 57 43 0
2642 ORDER 6584 30 23 52 44 1
2642 ORDER 6585 35 26 15 44 1
2643 ORDER 6586 37 18 43 43 0
2643 ORDER 6587 18 23 41 43 0
2644 CANCEL 6410
2644 ORDER 6588 38 24 51 43 0
2644 ORDER 6589 54 33 32 44 1
2645 ORDER 6590 25 17 32 43 3
2645 ORDER 6591 46 38 31 43 0
2646 ORDER 6592 37 24 32 44 0
2646 ORDER 6593 8 5 3 29 0
2647 ORDER 6594 48 41 1 2 1
2647 ORDER 6595 29 41 3 21 0
2647 ORDER 6596 37 26 50 44 0
2648 ORDER 6597 48 36 1 32 0
2648 ORDER 6598 9 11 3 24 0
2648 ORDER 6599 8 38 13 44 1
2649 CANCEL 6131
2649 ORDER 6600 34 8 3 40 1
2649 ORDER 6601 17 32 3 14 0
2650 ORDER 6602 13 33 2 32 1
2650 ORDER 6603 54 36 3 33 0
2650 ORDER 6604 9 18 3 10 0
2651 ORDER 6605 48 41 1 12 0
2651 ORDER 6606 38 36 46 44 1
2652 ORDER 6607 13 6 41 44 1
2652 ORDER 6608 45 8 28 44 0
2653 ORDER 6609 22 33 43 43 3
2653 ORDER 6610 55 20 47 43 3
2653 ORDER 6611 28 17 54 44 0
2654 ORDER 6612 6 38 2 41 1
2654 ORDER 6613 26 18 3 13 0
2654 ORDER 6614 54 26 19 43 0
2655 CANCEL 6216
2655 ORDER 6615 12 35 2 25 2
2655 ORDER 6616 52 23 25 44 3
2656 ORDER 6617 52 33 7 43 1
2656 ORDER 6618 45 33 57 44 2
2657 CANCEL 6348
2657 ORDER 6619 54 18 37 44 0
2657 ORDER 6620 20 17 34 44 1
2658 ORDER 6621 20 14 3 12 0
2658 ORDER 6622 18 24 1 33 1
2659 ORDER 6623 42 35 2 20 1
2659 ORDER 6624 40 33 1 15 0
2659 ORDER 6625 9 12 1 39 0
2660 ORDER 6626 9 27 2 16 1
2660 ORDER 6627 25 24 1 36 0
2660 ORDER 6628 18 12 3 6 3
2661 ORDER 6629 55 38 2 17 0
2661 ORDER 6630 6 26 46 43 0
2662 ORDER 6631 44 38 17 43 2
2662 ORDER 6632 6 38 2 31 0
2662 ORDER 6633 52 29 52 43 0
2663 ORDER 6634 28 23 12 43 0
2663 ORDER 6635 40 41 4 43 0
2663 ORDER 6636 29 21 2 9 0
2664 ORDER 6637 35 41 3 14 2
2664 ORDER 6638 47 17 15 43 3
2665 ORDER 6639 43 26 3 38 3
2665 ORDER 6640 13 8 56 43 0
2665 ORDER 6641 30 27 3 17 2
2666 ORDER 6642 25 15 3 13 0
2666 ORDER 6643 25 27 3 44 0
2666 ORDER 6644 47 6 2 32 2
2667 ORDER 6645 20 35 48 44 1
2667 ORDER 6646 22 9 48 43 2
2668 ORDER 6647 8 24 15 44 3
2668 ORDER 6648 6 8 6 43 0
2668 ORDER 6649 39 15 1 43 0
2669 ORDER 6650 16 24 1 36 1
2669 ORDER 6651 6 8 2 42 0
2670 CANCEL 6303
2670 ORDER 6652 28 36 23 43 0
2670 ORDER 6653 46 41 3 4 0
2670 ORDER 6654 19 5 1 17 0
2671 ORDER 6655 53 17 3 24 0
2671 ORDER 6656 19 30 45 43 0
2671 ORDER 6657 19 11 41 44 2
2672 ORDER 6658 27 5 6 43 2
2672 ORDER 6659 43 24 3 39 1
2673 ORDER 6660 30 39 27 43 1
2673 ORDER 6661 17 24 1 13 1
2674 ORDER 6662 37 12 51 43 0
2674 ORDER 6663 55 36 1 8 1
2674 ORDER 6664 18 12 51 44 0
2675 ORDER 6665 44 11 2 30 1
2675 ORDER 6666 39 33 3 44 0
2675 ORDER 6667 46 33 37 44 0
2676 ORDER 6668 20 20 2 25 1
2676 ORDER 6669 50 29 2 18 0
2677 ORDER 6670 20 24 2 35 0
2677 ORDER 6671 6 15 2 10 0
2677 ORDER 6672 36 15 1 11 0
2678 ORDER 6673 8 41 3 43 1
2678 ORDER 6674 41 21 39 43 3
2679 ORDER 6675 41 9 3 24 0
2679 ORDER 6676 52 23 3 14 0
2679 ORDER 6677 53 24 3 12 1
2680 ORDER 6678 22 38 47 44 3
2680 ORDER 6679 39 24 2 26 0
2681 UNBLOCK 37 17
2681 ORDER 6680 47 20 10 44 0
2681 ORDER 6681 37 32 3 1 2
2682 ORDER 6682 22 36 1 40 2
2682 ORDER 6683 46 35 58 44 0
2683 ORDER 6684 52 3 20 44 0
2683 ORDER 6685 31 12 4 44 0
2683 ORDER 6686 6 30 13 44 1
2684 CANCEL 6558
2684 ORDER 6687 47 39 45 44 2
2684 ORDER 6688 44 27 23 43 3
2684 ORDER 6689 30 24 2 33 0
2685 CANCEL 6686
2685 ORDER 6690 55 21 57 44 0
2685 ORDER 6691 25 15 51 43 0
2686 ORDER 6692 9 18 42 43 0
2686 ORDER 6693 35 15 29 43 0
2687 ORDER 6694 24 24 17 44 0
2687 ORDER 6695 7 32 9 44 1
2688 ORDER 6696 27 6 56 44 1
2688 ORDER 6697 46 24 36 43 0
2689 ORDER 6698 23 26 1 38 0
2689 ORDER 6699 16 24 1 6 0
2690 CANCEL 6351
2690 ORDER 6700 8 38 1 20 1
2690 ORDER 6701 40 36 14 43 0
2690 ORDER 6702 13 11 2 35 2
2691 ORDER 6703 9 38 42 44 2
2691 ORDER 6704 51 36 7 43 0
2691 ORDER 6705 9 3 30 44 1
2692 ORDER 6706 22 6 46 43 0
2692 ORDER 6707 35 3 30 43 2
2693 CANCEL 6444
2693 ORDER 6708 30 36 1 35 0
2693 ORDER 6709 35 32 3 31 0
2694 CANCEL 6484
2694 CANCEL 6547
2694 ORDER 6710 27 11 3 42 0
2694 ORDER 6711 26 39 13 44 1
2694 ORDER 6712 22 8 54 44 0
2694 BLOCK 12 33
2695 ORDER 6713 36 17 2 9 0
2695 ORDER 6714 9 6 3 34 1
2696 ORDER 6715 43 23 1 43 0
2696 ORDER 6716 20 14 7 44 3
2696 ORDER 6717 46 41 38 43 3
2697 ORDER 6718 55 12 18 43 2
2697 ORDER 6719 49 12 43 43 0
2698 CANCEL 6527
2698 ORDER 6720 49 11 1 30 0
2698 ORDER 6721 7 20 2 3 0
2699 ORDER 6722 39 24 3 30 1
2699 ORDER 6723 49 23 3 14 1
2700 ORDER 6724 51 11 3 34 1
2700 ORDER 6725 22 5 1 24 1
2701 ORDER 6726 13 11 3 11 0
2701 ORDER 6727 36 3 17 43 2
2702 CANCEL 6451
2702 ORDER 6728 9 38 40 43 0
2702 ORDER 6729 6 18 1 3 1
2703 ORDER 6730 18 41 11 43 0
2703 ORDER 6731 7 35 1 11 1
2704 CANCEL 6249
2704 ORDER 6732 51 12 50 43 0
2704 ORDER 6733 31 15 30 44 0
2704 ORDER 6734 33 3 3 39 1
2705 CANCEL 6482
2705 ORDER 6735 47 11 52 43 0
2705 ORDER 6736 17 12 16 44 1
2705 ORDER 6737 17 36 30 44 0
2706 ORDER 6738 17 24 24 44 0
2706 ORDER 6739 28 38 1 20 1
2706 ORDER 6740 38 9 2 21 0
2707 ORDER 6741 31 33 26 44 0
2707 ORDER 6742 28 18 23 43 0
2708 ORDER 6743 10 26 13 44 3
2708 ORDER 6744 35 39 3 44 0
2708 ORDER 6745 36 11 15 43 0
2709 ORDER 6746 29 21 1 20 0
2709 ORDER 6747 48 41 29 44 0
2710 CANCEL 6394
2710 ORDER 6748 20 35 17 44 0
2710 ORDER 6749 53 3 1 36 0
2710 ORDER 6750 50 21 8 44 0
2711 CANCEL 6706
2711 ORDER 6751 14 12 26 44 0
2711 ORDER 6752 26 23 16 43 0
2711 ORDER 6753 17 9 1 13 0
2712 ORDER 6754 7 30 12 44 2
2712 ORDER 6755 14 30 3 13 1
2712 ORDER 6756 49 21 48 43 0
2713 CANCEL 6587
2713 ORDER 6757 36 20 30 44 0
2713 ORDER 6758 11 21 3 30 1
2714 ORDER 6759 25 3 1 23 1
2714 ORDER 6760 46 36 2 3 0
2714 ORDER 6761 34 21 1 1 0
2715 CANCEL 6653
2715 ORDER 6762 12 27 3 20 3
2715 ORDER 6763 29 35 3 21 0
2715 ORDER 6764 33 24 1 23 2
2716 ORDER 6765 21 3 33 43 0
2716 ORDER 6766 19 38 7 44 0
2716 ORDER 6767 19 11 3 24 1
2717 CANCEL 6631
2717 ORDER 6768 15 12 2 16 0
2717 ORDER 6769 28 11 3 37 0
2718 ORDER 6770 18 27 1 20 0
2718 ORDER 6771 45 27 40 43 0
2719 ORDER 6772 38 5 1 4 0
2719 ORDER 6773 29 6 19 43 2
2720 ORDER 6774 9 35 36 43 3
2720 ORDER 6775 30 3 23 44 0
2721 ORDER 6776 8 15 1 14 0
2721 ORDER 6777 19 41 1 37 0
2721 ORDER 6778 46 32 29 43 0
2722 ORDER 6779 22 11 40 44 1
2722 ORDER 6780 29 17 36 44 0
2722 ORDER 6781 45 20 3 11 0
2723 CANCEL 6325
2723 UNBLOCK 12 26
2723 ORDER 6782 48 17 3 28 0
2723 ORDER 6783 49 3 22 43 0
2724 ORDER 6784 11 6 1 41 0
2724 ORDER 6785 28 39 3 18 3
2724 ORDER 6786 32 32 39 43 0
2725 CANCEL 6490
2725 ORDER 6787 53 29 51 44 0
2725 ORDER 6788 41 30 43 43 0
2726 ORDER 6789 9 39 28 44 0
2726 ORDER 6790 22 27 3 31 3
2726 ORDER 6791 53 29 22 43 0
2727 ORDER 6792 39 29 39 44 1
2727 ORDER 6793 9 32 13 44 0
2728 CANCEL 6648
2728 ORDER 6794 7 33 2 23 0
2728 ORDER 6795 36 24 51 43 0
2728 ORDER 6796 39 14 40 43 1
2729 ORDER 6797 29 11 1 21 0
2729 ORDER 6798 23 8 39 44 0
2730 ORDER 6799 40 38 1 7 2
2730 ORDER 6800 48 20 2 20 1
2731 ORDER 6801 37 3 3 20 0
2731 ORDER 6802 37 3 1 4 0
2731 ORDER 6803 39 27 48 44 0
2732 ORDER 6804 7 3 34 43 3
2732 ORDER 6805 53 32 14 44 0
2733 ORDER 6806 20 24 8 44 1
2733 ORDER 6807 55 38 31 43 0
2734 ORDER 6808 39 27 1 41 1
2734 ORDER 6809 22 27 1 35 1
2734 ORDER 6810 43 29 3 23 1
2735 ORDER 6811 30 9 3 41 0
2735 ORDER 6812 11 6 55 43 1
2736 CANCEL 6438
2736 ORDER 6813 34 11 1 23 2
2736 ORDER 6814 10 5 29 44 0
2737 CANCEL 6445
2737 ORDER 6815 34 32 3 7 1
2737 ORDER 6816 27 27 2 7 2
2738 CANCEL 6763
2738 ORDER 6817 30 3 3 37 2
2738 ORDER 6818 10 24 3 42 0
2739 ORDER 6819 6 8 3 39 2
2739 ORDER 6820 48 3 1 12 0
2739 ORDER 6821 38 20 58 44 0
2740 ORDER 6822 20 21 3 3 0
2740 ORDER 6823 9 14 1 4 0
2740 ORDER 6824 53 3 3 44 0
2741 ORDER 6825 27 18 26 43 1
2741 ORDER 6826 30 14 14 43 0
2741 ORDER 6827 21 36 37 44 1
2742 UNBLOCK 46 23
2742 ORDER 6828 31 30 44 43 2
2742 ORDER 6829 47 9 1 15 0
2743 ORDER 6830 24 24 5 44 2
2743 ORDER 6831 36 14 19 44 0
2743 ORDER 6832 7 21 3 37 0
2744 ORDER 6833 25 36 3 39 2
2744 ORDER 6834 50 38 2 8 2
2745 ORDER 6835 31 6 38 43 0
2745 ORDER 6836 28 18 55 43 1
2745 ORDER 6837 40 14 17 43 0
2746 ORDER 6838 17 26 22 43 0
2746 ORDER 6839 8 6 1 6 0
2747 ORDER 6840 34 41 3 32 0
2747 ORDER 6841 43 35 2 19 1
2747 ORDER 6842 33 12 3 38 0
2748 CANCEL 6629
2748 ORDER 6843 51 11 34 43 0
2748 ORDER 6844 49 3 2 10 0
2749 ORDER 6845 37 6 3 30 0
2749 ORDER 6846 33 26 8 43 0
2749 ORDER 6847 40 6 3 36 1
2750 ORDER 6848 40 9 40 44 0
2750 ORDER 6849 29 27 2 28 0
2751 ORDER 6850 48 15 1 43 1
2751 ORDER 6851 9 14 52 43 1
2752 ORDER 6852 48 38 28 44 0
2752 ORDER 6853 45 17 7 44 1
2753 ORDER 6854 50 6 57 44 2
2753 ORDER 6855 35 36 1 32 0
2754 ORDER 6856 13 11 3 43 1
2754 ORDER 6857 50 6 3 40 0
2755 ORDER 6858 39 33 34 43 1
2755 ORDER 6859 27 41 3 25 0
2755 ORDER 6860 6 33 5 43 2
2756 CANCEL 6497
2756 CANCEL 6776
2756 ORDER 6861 28 3 1 26 2
2756 ORDER 6862 22 41 16 44 1
2756 ORDER 6863 16 12 26 44 1
2757 ORDER 6864 37 17 33 43 0
2757 ORDER 6865 18 17 3 24 0
2757 ORDER 6866 27 21 3 15 0
2758 CANCEL 6379
2758 ORDER 6867 26 15 1 17 0
2758 ORDER 6868 15 32 3 11 0
2759 ORDER 6869 18 11 3 42 0
2759 ORDER 6870 11 6 24 44 0
2760 ORDER 6871 54 35 24 44 1
2760 ORDER 6872 30 23 1 1 0
2760 ORDER 6873 19 36 3 5 1
2761 ORDER 6874 45 36 9 44 0
2761 ORDER 6875 44 35 3 19 2
2762 ORDER 6876 28 6 27 43 1
2762 ORDER 6877 29 8 8 43 0
2763 ORDER 6878 15 41 2 35 0
2763 ORDER 6879 28 6 2 4 0
2764 ORDER 6880 23 26 2 40 0
2764 ORDER 6881 29 36 3 11 0
2764 ORDER 6882 52 30 49 44 2
2765 ORDER 6883 44 15 10 43 0
2765 ORDER 6884 8 26 3 7 0
2765 ORDER 6885 50 36 1 8 1
2766 ORDER 6886 20 39 10 43 0
2766 ORDER 6887 46 36 27 43 0
2767 ORDER 6888 30 18 3 43 3
2767 ORDER 6889 34 6 3 18 1
2767 ORDER 6890 40 15 1 31 1
2768 CANCEL 6531
2768 ORDER 6891 11 4 2 29 0
2768 ORDER 6892 29 9 1 30 0
2769 ORDER 6893 7 26 48 43 1
2769 ORDER 6894 53 3 3 40 1
2769 ORDER 6895 46 32 36 43 0
2770 ORDER 6896 11 29 2 4 1
2770 ORDER 6897 15 39 2 14 0
2771 CANCEL 6813
2771 ORDER 6898 29 39 20 43 1
2771 ORDER 6899 21 21 1 42 1
2771 ORDER 6900 49 17 7 43 1
2772 ORDER 6901 22 38 17 43 0
2772 ORDER 6902 16 15 2 15 1
2773 ORDER 6903 26 12 1 36 0
2773 ORDER 6904 29 21 12 44 1
2773 ORDER 6905 11 17 1 35 2
2774 CANCEL 6567
2774 ORDER 6906 30 15 3 23 0
2774 ORDER 6907 50 12 22 43 0
2775 ORDER 6908 28 5 21 43 0
2775 ORDER 6909 55 32 1 34 2
2775 ORDER 6910 9 17 3 2 0
2776 ORDER 6911 16 12 1 27 1
2776 ORDER 6912 16 36 19 43 0
2777 ORDER 6913 9 8 2 25 2
2777 ORDER 6914 41 32 1 33 2
2777 ORDER 6915 35 15 1 39 0
2778 ORDER 6916 19 15 3 11 0
2778 ORDER 6917 48 8 1 22 1
2779 ORDER 6918 49 5 21 44 0
2779 ORDER 6919 21 20 54 43 3
2779 BLOCK 32 8
2780 ORDER 6920 41 21 1 27 0
2780 ORDER 6921 55 5 35 44 2
2780 CANCEL 106921
2781 ORDER 6922 30 3 2 2 1
2781 ORDER 6923 38 38 28 44 0
2782 CANCEL 6907
2782 ORDER 6924 32 32 15 44 1
2782 ORDER 6925 30 9 2 7 1
2782 ORDER 6926 26 32 3 29 0
2783 CANCEL 6874
2783 ORDER 6927 55 29 29 44 0
2783 ORDER 6928 49 39 1 26 2
2784 ORDER 6929 54 5 50 43 0
2784 ORDER 6930 7 24 22 44 2
2785 ORDER 6931 54 18 1 29 0
2785 ORDER 6932 20 6 37 44 1
2785 ORDER 6933 39 20 34 43 0
2786 ORDER 6934 13 35 2 42 0
2786 ORDER 6935 51 23 20 44 3
2787 CANCEL 6699
2787 CANCEL 6919
2787 ORDER 6936 45 36 42 44 0
2787 ORDER 6937 45 5 2 23 0
2787 ORDER 6938 31 33 5 43 1
2788 CANCEL 6731
2788 CANCEL 6853
2788 ORDER 6939 23 26 3 28 1
2788 ORDER 6940 54 5 15 44 1
2788 ORDER 6941 10 41 49 44 1
2789 ORDER 6942 51 36 14 44 0
2789 ORDER 6943 47 41 29 44 0
2790 ORDER 6944 53 17 2 24 0
2790 ORDER 6945 55 33 41 43 2
2791 ORDER 6946 12 11 2 42 0
2791 ORDER 6947 47 14 2 39 2
2792 ORDER 6948 11 15 2 1 0
2792 ORDER 6949 32 35 1 10 2
2792 ORDER 6950 39 23 58 43 1
2793 ORDER 6951 44 18 31 43 1
2793 ORDER 6952 43 32 2 40 0
2793 ORDER 6953 47 5 2 39 0
2794 ORDER 6954 6 35 1 36 0
2794 ORDER 6955 33 9 38 43 2
2795 CANCEL 6877
2795 ORDER 6956 29 26 49 44 1
2795 ORDER 6957 29 12 16 44 0
2795 ORDER 6958 29 8 15 43 0
2796 CANCEL 6594
2796 ORDER 6959 28 12 1 10 0
2796 ORDER 6960 11 17 1 11 0
2797 ORDER 6961 39 39 55 43 0
2797 ORDER 6962 10 17 45 44 1
2798 ORDER 6963 8 35 1 30 0
2798 ORDER 6964 32 33 29 44 0
2798 ORDER 6965 54 3 13 44 0
2799 ORDER 6966 12 18 19 44 1
2799 ORDER 6967 42 23 31 44 1
2800 CANCEL 6564
2800 CANCEL 6802
2800 ORDER 6968 19 3 2 12 2
2800 ORDER 6969 26 30 1 1 2
2800 ORDER 6970 21 8 2 6 0
2801 CANCEL 6663
2801 ORDER 6971 15 29 3 32 1
2801 ORDER 6972 37 9 2 36 2
2802 CANCEL 6619
2802 ORDER 6973 44 38 2 27 0
2802 ORDER 6974 31 23 2 41 0
2803 ORDER 6975 19 24 2 5 0
2803 ORDER 6976 27 9 15 44 2
2804 ORDER 6977 31 20 39 43 2
2804 ORDER 6978 28 36 4 43 0
2805 ORDER 6979 49 24 3 37 2
2805 ORDER 6980 28 5 15 43 0
2806 ORDER 6981 19 11 40 44 2
2806 ORDER 6982 17 14 3 13 0
2807 CANCEL 6556
2807 ORDER 6983 51 36 2 6 3
2807 ORDER 6984 41 11 3 29 1
2808 ORDER 6985 20 18 2 1 0
2808 ORDER 6986 37 18 44 43 0
2808 ORDER 6987 23 8 2 9 0
2809 CANCEL 6760
2809 ORDER 6988 7 12 2 38 0
2809 ORDER 6989 13 20 2 10 0
2810 ORDER 6990 28 20 3 10 0
2810 ORDER 6991 55 8 50 43 0
2810 ORDER 6992 49 39 2 28 1
2811 CANCEL 6647
2811 ORDER 6993 18 15 55 44 0
2811 ORDER 6994 51 11 52 44 0
2812 ORDER 6995 35 9 2 14 0
2812 ORDER 6996 14 17 6 44 0
2812 ORDER 6997 55 24 55 43 0
2813 ORDER 6998 19 24 1 9 0
2813 ORDER 6999 49 11 3 40 1
2813 ORDER 7000 39 36 3 34 1
2814 ORDER 7001 16 38 6 44 1
2814 ORDER 7002 9 26 1 44 0
2815 ORDER 7003 16 11 45 44 1
2815 ORDER 7004 28 30 3 20 1
2815 ORDER 7005 16 12 9 43 0
2816 ORDER 7006 12 26 40 44 3
2816 ORDER 7007 33 12 1 35 1
2816 ORDER 7008 48 11 32 44 1
2817 ORDER 7009 27 6 1 36 0
2817 ORDER 7010 43 23 54 44 2
2818 CANCEL 6553
2818 CANCEL 6820
2818 CANCEL 6896
2818 ORDER 7011 43 29 2 12 1
2818 ORDER 7012 34 38 56 44 2
2819 ORDER 7013 39 36 3 17 0
2819 ORDER 7014 52 3 1 36 1
2819 ORDER 7015 9 27 2 24 1
2820 CANCEL 6576
2820 ORDER 7016 27 29 3 31 0
2820 ORDER 7017 11 9 11 43 0
2820 ORDER 7018 20 17 3 40 0
2821 ORDER 7019 25 41 30 43 0
2821 ORDER 7020 38 39 51 44 1
2821 ORDER 7021 7 21 3 9 0
2822 ORDER 7022 33 14 3 28 0
2822 ORDER 7023 26 29 2 40 0
2822 BLOCK 46 24
2823 ORDER 7024 50 41 18 43 3
2823 ORDER 7025 38 3 36 44 0
2824 CANCEL 6718
2824 CANCEL 6724
2824 ORDER 7026 10 3 3 3 3
2824 ORDER 7027 25 18 3 25 0
2825 CANCEL 6697
2825 ORDER 7028 44 24 45 43 0
2825 ORDER 7029 52 18 1 18 1
2825 ORDER 7030 22 36 3 27 0
2826 ORDER 7031 20 38 3 22 0
2826 ORDER 7032 7 35 25 44 0
2827 ORDER 7033 8 5 31 44 0
2827 ORDER 7034 33 9 2 13 0
2827 ORDER 7035 27 5 2 10 0
2828 ORDER 7036 11 6 3 30 1
2828 ORDER 7037 18 27 1 33 0
2828 ORDER 7038 48 38 3 13 1
2829 CANCEL 6782
2829 ORDER 7039 46 29 3 34 0
2829 ORDER 7040 44 33 9 43 0
2829 ORDER 7041 9 9 2 21 0
2830 ORDER 7042 19 29 17 44 2
2830 ORDER 7043 25 32 1 2 0
2830 ORDER 7044 45 24 1 9 1
2831 CANCEL 6816
2831 ORDER 7045 6 35 23 44 1
2831 ORDER 7046 10 20 8 44 0
2832 ORDER 7047 27 27 2 22 0
2832 ORDER 7048 47 3 10 43 2
2833 UNBLOCK 12 33
2833 ORDER 7049 8 38 25 43 0
2833 ORDER 7050 40 38 1 28 0
2833 ORDER 7051 49 33 18 43 0
2834 ORDER 7052 45 38 2 4 1
2834 ORDER 7053 42 21 12 43 1
2835 ORDER 7054 25 18 3 34 0
2835 ORDER 7055 47 30 53 43 2
2835 ORDER 7056 55 39 2 33 0
2836 ORDER 7057 16 24 1 24 1
2836 ORDER 7058 39 38 1 25 2
2836 ORDER 7059 33 39 58 44 1
2837 CANCEL 6609
2837 ORDER 7060 41 23 3 28 0
2837 ORDER 7061 45 18 9 43 0
2838 ORDER 7062 15 26 32 43 1
2838 ORDER 7063 27 21 2 13 1
2839 ORDER 7064 9 18 39 43 0
2839 ORDER 7065 17 15 14 44 0
2840 ORDER 7066 29 33 17 43 0
2840 ORDER 7067 28 29 56 43 1
2841 ORDER 7068 28 24 27 43 2
2841 ORDER 7069 17 41 48 43 1
2841 ORDER 7070 26 17 3 41 0
2842 CANCEL 7042
2842 ORDER 7071 46 21 30 43 1
2842 ORDER 7072 40 33 12 44 2
2842 ORDER 7073 10 6 3 13 1
2843 CANCEL 6942
2843 ORDER 7074 42 27 37 43 1
2843 ORDER 7075 6 38 8 44 0
2843 ORDER 7076 39 17 2 12 2
2844 ORDER 7077 54 35 33 44 0
2844 ORDER 7078 11 8 44 44 1
2844 ORDER 7079 37 24 56 43 1
2845 ORDER 7080 6 30 1 30 0
2845 ORDER 7081 37 23 40 43 2
2845 ORDER 7082 39 23 44 44 0
2846 ORDER 7083 22 6 49 43 0
2846 ORDER 7084 51 14 3 13 3
2847 ORDER 7085 30 6 45 44 2
2847 ORDER 7086 34 17 3 5 1
2848 ORDER 7087 8 33 2 24 3
2848 ORDER 7088 16 21 56 43 1
2848 ORDER 7089 41 32 3 21 2
2849 ORDER 7090 37 32 17 43 0
2849 ORDER 7091 51 8 3 31 0
2850 ORDER 7092 45 32 3 22 1
2850 ORDER 7093 18 32 55 43 1
2850 ORDER 7094 46 17 53 44 2
2851 ORDER 7095 10 8 1 13 1
2851 ORDER 7096 25 3 46 43 2
2852 ORDER 7097 7 3 6 43 0
2852 ORDER 7098 26 9 1 44 0
2853 ORDER 7099 55 14 39 44 0
2853 ORDER 7100 32 20 13 43 2
2854 ORDER 7101 25 38 2 36 3
2854 ORDER 7102 20 6 37 43 0
2855 ORDER 7103 30 21 35 43 2
2855 ORDER 7104 46 5 13 43 0
2856 ORDER 7105 22 15 40 44 0
2856 ORDER 7106 38 27 2 9 0
2856 ORDER 7107 6 23 1 35 0
2857 ORDER 7108 50 6 1 20 1
2857 ORDER 7109 32 30 10 43 1
2857 ORDER 7110 13 18 15 43 0
2857 BLOCK 29 38
2858 ORDER 7111 7 35 2 22 0
2858 ORDER 7112 55 17 57 43 0
2859 ORDER 7113 19 29 3 24 0
2859 ORDER 7114 10 27 9 43 0
2859 ORDER 7115 6 35 3 7 0
2860 ORDER 7116 33 33 2 15 0
2860 ORDER 7117 37 41 2 18 1
2860 ORDER 7118 10 39 2 22 1
2861 ORDER 7119 18 38 20 43 0
2861 ORDER 7120 36 5 1 34 0
2862 ORDER 7121 41 36 47 44 1
2862 ORDER 7122 53 26 37 43 0
2862 ORDER 7123 28 18 3 28 1
2863 UNBLOCK 32 8
2863 ORDER 7124 41 9 1 4 0
2863 ORDER 7125 7 21 28 44 2
2863 ORDER 7126 47 41 2 19 1
2864 ORDER 7127 21 8 2 5 1
2864 ORDER 7128 48 18 2 4 0
2865 ORDER 7129 11 33 53 44 0
2865 ORDER 7130 48 41 2 13 0
2865 ORDER 7131 55 23 1 20 0
2866 ORDER 7132 42 29 2 39 0
2866 ORDER 7133 8 9 2 39 1
2867 ORDER 7134 39 6 51 43 1
2867 ORDER 7135 26 17 3 41 1
2867 ORDER 7136 18 14 45 43 0
2868 CANCEL 6844
2868 ORDER 7137 15 14 10 43 0
2868 ORDER 7138 39 17 1 31 3
2868 ORDER 7139 26 23 1 27 1
2869 ORDER 7140 20 32 33 44 0
2869 ORDER 7141 18 5 31 44 1
2870 CANCEL 6850
2870 CANCEL 6871
2870 ORDER 7142 17 20 2 14 2
2870 ORDER 7143 9 6 2 36 0
2870 ORDER 7144 29 17 1 8 0
2871 ORDER 7145 48 8 2 42 0
2871 ORDER 7146 6 11 27 43 1
2872 ORDER 7147 44 9 2 5 1
2872 ORDER 7148 55 35 49 44 2
2872 ORDER 7149 28 24 3 34 0
2873 ORDER 7150 20 20 1 4 0
2873 ORDER 7151 26 27 56 43 1
2874 ORDER 7152 54 30 48 43 1
2874 ORDER 7153 30 27 2 38 2
2874 ORDER 7154 42 6 24 43 0
2875 ORDER 7155 35 11 10 44 1
2875 ORDER 7156 44 26 3 43 0
2876 ORDER 7157 54 17 2 26 1
2876 ORDER 7158 6 12 7 44 0
2876 ORDER 7159 22 15 3 43 0
2877 CANCEL 6933
2877 ORDER 7160 16 21 1 30 0
2877 ORDER 7161 6 36 2 40 0
2878 CANCEL 7122
2878 ORDER 7162 24 33 2 1 0
2878 ORDER 7163 9 35 1 30 0
2879 CANCEL 6682
2879 ORDER 7164 41 32 2 38 2
2879 ORDER 7165 11 33 31 44 0
2880 ORDER 7166 21 5 14 43 3
2880 ORDER 7167 47 30 1 41 1
2880 ORDER 7168 49 41 3 23 0
2881 ORDER 7169 15 21 2 19 1
2881 ORDER 7170 10 30 16 44 0
2881 ORDER 7171 38 39 3 44 0
2882 ORDER 7172 17 29 3 2 0
2882 ORDER 7173 52 21 1 38 1
2882 ORDER 7174 33 30 41 43 0
2883 ORDER 7175 37 20 2 2 3
2883 ORDER 7176 43 12 54 43 0
2883 ORDER 7177 47 30 1 19 0
2884 ORDER 7178 29 41 3 34 0
2884 ORDER 7179 26 12 2 43 0
2885 ORDER 7180 47 30 49 43 0
2885 ORDER 7181 11 26 2 30 0
2886 ORDER 7182 33 32 2 15 1
2886 ORDER 7183 18 3 1 29 0
2886 ORDER 7184 15 12 3 17 0
2887 ORDER 7185 7 18 3 12 1
2887 ORDER 7186 54 14 2 38 0
2887 ORDER 7187 54 38 3 7 0
2888 ORDER 7188 8 24 1 15 0
2888 ORDER 7189 49 8 2 30 0
2888 ORDER 7190 16 29 9 44 1
2889 ORDER 7191 28 36 39 44 0
2889 ORDER 7192 10 33 56 44 1
2890 ORDER 7193 30 24 40 43 1
2890 ORDER 7194 20 21 2 10 0
2891 ORDER 7195 10 26 3 21 2
2891 ORDER 7196 9 14 3 20 0
2891 ORDER 7197 11 17 2 34 2
2892 ORDER 7198 9 18 2 29 0
2892 ORDER 7199 6 17 1 31 0
2893 ORDER 7200 46 6 42 44 0
2893 ORDER 7201 18 17 41 43 0
2893 ORDER 7202 38 12 35 44 2
2894 ORDER 7203 25 12 12 44 2
2894 ORDER 7204 32 12 26 43 1
2894 ORDER 7205 17 18 1 41 3
2895 ORDER 7206 8 24 58 43 0
2895 ORDER 7207 7 23 2 37 1
2896 CANCEL 7107
2896 CANCEL 7190
2896 ORDER 7208 33 39 2 8 2
2896 ORDER 7209 20 4 18 44 0
2897 UNBLOCK 46 24
2897 CANCEL 7195
2897 ORDER 7210 50 35 1 8 1
2897 ORDER 7211 28 35 19 44 3
2897 ORDER 7212 10 27 2 38 1
2898 ORDER 7213 39 38 2 16 0
2898 ORDER 7214 8 21 6 43 0
2898 ORDER 7215 47 36 2 18 0
2898 BLOCK 7 43
2899 ORDER 7216 35 29 39 44 2
2899 ORDER 7217 27 27 8 44 0
2899 ORDER 7218 39 3 3 40 1
2900 ORDER 7219 14 15 30 44 0
2900 ORDER 7220 38 32 12 43 0
2901 ORDER 7221 12 26 55 44 0
2901 ORDER 7222 52 18 1 29 1
2901 ORDER 7223 18 17 1 23 0
2902 ORDER 7224 6 29 1 5 0
2902 ORDER 7225 9 30 22 44 1
2903 ORDER 7226 38 29 3 35 1
2903 ORDER 7227 45 29 1 26 1
2904 CANCEL 6892
2904 ORDER 7228 17 26 3 15 0
2904 ORDER 7229 30 17 51 44 3
2905 ORDER 7230 40 38 27 44 0
2905 ORDER 7231 53 32 26 43 0
2905 ORDER 7232 10 32 3 7 0
2906 CANCEL 6998
2906 ORDER 7233 16 3 15 44 1
2906 ORDER 7234 11 41 2 5 2
2907 ORDER 7235 11 41 37 44 3
2907 ORDER 7236 54 41 2 15 1
2908 ORDER 7237 6 6 57 43 0
2908 ORDER 7238 40 3 38 44 3
2909 ORDER 7239 39 21 2 29 1
2909 ORDER 7240 54 35 3 41 0
2909 BLOCK 39 32
2910 ORDER 7241 7 27 10 44 0
2910 ORDER 7242 17 8 10 43 0
2910 ORDER 7243 41 11 1 27 1
2911 ORDER 7244 24 30 3 17 0
2911 ORDER 7245 22 27 57 43 1
2911 ORDER 7246 39 18 3 16 2
2912 ORDER 7247 25 17 3 31 0
2912 ORDER 7248 41 14 10 44 0
2912 ORDER 7249 38 9 11 44 0
2913 ORDER 7250 41 36 3 41 1
2913 ORDER 7251 20 38 2 40 3
2914 ORDER 7252 55 5 30 43 2
2914 ORDER 7253 37 5 1 43 0
2914 ORDER 7254 7 11 2 24 0
2915 CANCEL 7068
2915 ORDER 7255 18 39 2 26 0
2915 ORDER 7256 52 23 10 43 0
2915 ORDER 7257 37 23 30 44 0
2916 ORDER 7258 31 21 1 24 1
2916 ORDER 7259 29 17 43 43 1
2916 ORDER 7260 55 20 1 14 0
2917 ORDER 7261 39 15 1 18 0
2917 ORDER 7262 30 5 43 44 0
2917 ORDER 7263 17 21 36 44 1
2918 ORDER 7264 11 11 2 2 3
2918 ORDER 7265 54 35 1 4 1
2919 ORDER 7266 30 21 2 5 0
2919 ORDER 7267 20 18 3 43 0
2920 ORDER 7268 17 9 2 8 0
2920 ORDER 7269 6 38 40 43 1
2921 ORDER 7270 43 17 45 44 0
2921 ORDER 7271 25 41 31 43 0
2922 ORDER 7272 8 9 2 12 0
2922 ORDER 7273 26 6 44 44 0
2923 ORDER 7274 34 9 3 13 1
2923 ORDER 7275 54 26 3 15 2
2923 ORDER 7276 11 39 2 42 0
2924 ORDER 7277 49 6 34 43 0
2924 ORDER 7278 25 29 22 43 0
2925 ORDER 7279 39 35 1 32 0
2925 ORDER 7280 12 24 1 4 0
2926 ORDER 7281 55 27 7 43 0
2926 ORDER 7282 52 26 2 3 2
2927 ORDER 7283 30 6 1 42 0
2927 ORDER 7284 34 5 1 7 0
2927 ORDER 7285 29 5 3 34 0
2928 ORDER 7286 8 18 1 40 1
2928 ORDER 7287 48 11 2 5 0
2928 ORDER 7288 50 31 42 43 3
2929 CANCEL 6839
2929 ORDER 7289 36 8 2 23 0
2929 ORDER 7290 11 23 38 43 3
2930 ORDER 7291 30 15 28 43 2
2930 ORDER 7292 29 14 3 40 2
2930 ORDER 7293 30 17 1 18 0
2931 CANCEL 7186
2931 ORDER 7294 8 41 2 15 0
2931 ORDER 7295 30 35 52 44 1
2931 ORDER 7296 31 20 1 42 2
2932 ORDER 7297 8 35 52 44 3
2932 ORDER 7298 47 20 39 43 0
2933 ORDER 7299 12 18 51 43 1
2933 ORDER 7300 46 9 1 16 1
2934 CANCEL 6911
2934 ORDER 7301 7 36 9 43 1
2934 ORDER 7302 9 33 2 11 2
2935 ORDER 7303 10 24 3 15 0
2935 ORDER 7304 33 33 3 11 1
2936 ORDER 7305 20 6 1 33 1
2936 ORDER 7306 29 41 46 44 0
2936 ORDER 7307 26 14 2 29 2
2937 ORDER 7308 29 15 3 40 0
2937 ORDER 7309 18 5 3 29 0
2937 ORDER 7310 45 27 1 44 0
2938 ORDER 7311 33 27 3 18 0
2938 ORDER 7312 20 39 16 43 0
2938 ORDER 7313 46 30 18 43 1
2939 ORDER 7314 12 24 34 43 0
2939 ORDER 7315 33 23 18 44 0
2940 ORDER 7316 36 11 2 21 1
2940 ORDER 7317 17 41 2 3 1
2941 ORDER 7318 16 11 33 44 0
2941 ORDER 7319 38 5 2 26 0
2942 ORDER 7320 20 23 3 32 1
2942 ORDER 7321 29 15 51 44 0
2943 ORDER 7322 6 9 40 43 1
2943 ORDER 7323 33 32 21 43 0
2944 CANCEL 6972
2944 ORDER 7324 9 33 2 7 0
2944 ORDER 7325 43 27 37 43 0
2944 ORDER 7326 17 17 32 43 0
2945 ORDER 7327 37 32 1 41 0
2945 ORDER 7328 33 21 26 43 2
2945 ORDER 7329 46 12 2 21 1
2946 ORDER 7330 39 24 37 44 0
2946 ORDER 7331 30 14 46 44 1
2946 ORDER 7332 27 29 3 30 1
2947 CANCEL 7217
2947 ORDER 7333 39 11 3 24 0
2947 ORDER 7334 29 14 3 30 0
2947 ORDER 7335 37 9 8 44 1
2948 ORDER 7336 43 12 1 31 1
2948 ORDER 7337 9 27 3 24 1
2949 ORDER 7338 26 23 3 35 0
2949 ORDER 7339 43 20 14 43 2
2950 ORDER 7340 17 41 10 44 1
2950 ORDER 7341 12 6 2 30 0
2950 ORDER 7342 20 6 3 42 0
2951 UNBLOCK 7 43
2951 ORDER 7343 26 41 42 44 0
2951 ORDER 7344 27 23 30 44 0
2951 ORDER 7345 44 39 1 30 1
2952 ORDER 7346 29 29 3 16 0
2952 ORDER 7347 28 21 41 43 1
2953 CANCEL 7218
2953 ORDER 7348 48 18 2 10 0
2953 ORDER 7349 13 35 1 3 1
2954 CANCEL 7240
2954 ORDER 7350 36 20 3 14 2
2954 ORDER 7351 9 11 27 44 0
2955 ORDER 7352 36 29 2 1 0
2955 ORDER 7353 8 35 3 29 1
2956 ORDER 7354 7 14 3 38 1
2956 ORDER 7355 17 6 12 43 0
2957 ORDER 7356 51 27 41 43 1
2957 ORDER 7357 21 27 46 43 0
2958 ORDER 7358 20 23 1 8 0
2958 ORDER 7359 8 41 2 23 1
2958 ORDER 7360 33 12 2 43 3
2959 ORDER 7361 11 30 47 44 0
2959 ORDER 7362 53 18 57 43 2
2959 ORDER 7363 30 36 3 17 2
2960 ORDER 7364 45 33 2 26 1
2960 ORDER 7365 38 41 3 12 1
2961 CANCEL 7109
2961 ORDER 7366 17 26 3 25 0
2961 ORDER 7367 24 30 2 5 1
2961 ORDER 7368 36 41 2 15 0
2962 ORDER 7369 7 5 43 44 3
2962 ORDER 7370 7 12 1 2 1
2963 ORDER 7371 36 18 3 14 0
2963 ORDER 7372 21 36 2 1 2
2964 ORDER 7373 33 32 1 30 1
2964 ORDER 7374 12 21 1 10 1
2964 ORDER 7375 52 5 16 44 0
2965 ORDER 7376 55 14 1 30 0
2965 ORDER 7377 19 30 49 43 1
2965 ORDER 7378 50 9 18 44 0
2966 ORDER 7379 41 32 2 40 0
2966 ORDER 7380 40 12 1 10 0
2966 ORDER 7381 11 8 2 21 0
2967 CANCEL 7065
2967 ORDER 7382 29 12 2 32 0
2967 ORDER 7383 50 23 1 40 0
2967 ORDER 7384 42 12 1 10 0
2968 CANCEL 7207
2968 ORDER 7385 20 32 43 43 1
2968 ORDER 7386 16 29 21 44 1
2969 ORDER 7387 18 30 31 43 0
2969 ORDER 7388 35 36 53 43 0
2970 ORDER 7389 36 33 2 16 0
2970 ORDER 7390 52 17 3 6 0
2971 CANCEL 7263
2971 ORDER 7391 21 36 2 10 2
2971 ORDER 7392 38 27 6 43 0
2971 ORDER 7393 33 14 2 35 0
2972 ORDER 7394 30 26 31 44 1
2972 ORDER 7395 14 15 3 11 1
2973 CANCEL 7367
2973 ORDER 7396 31 33 1 35 0
2973 ORDER 7397 17 41 39 43 0
2973 ORDER 7398 30 16 3 2 1
2974 ORDER 7399 36 41 2 18 0
2974 ORDER 7400 16 41 33 44 0
2974 ORDER 7401 18 15 3 21 0
2975 CANCEL 6963
2975 CANCEL 7144
2975 CANCEL 7344
2975 ORDER 7402 20 21 3 25 0
2975 ORDER 7403 6 39 3 43 0
2975 ORDER 7404 20 35 3 8 0
2976 ORDER 7405 20 30 3 27 0
2976 ORDER 7406 37 5 12 44 0
2977 CANCEL 6924
2977 CANCEL 6949
2977 ORDER 7407 12 8 9 44 0
2977 ORDER 7408 17 35 2 33 1
2977 ORDER 7409 32 30 13 43 1
2978 ORDER 7410 10 18 54 44 0
2978 ORDER 7411 27 29 45 43 0
2979 ORDER 7412 40 15 47 43 2
2979 ORDER 7413 41 6 2 33 0
2980 CANCEL 7060
2980 ORDER 7414 28 33 23 43 1
2980 ORDER 7415 6 24 2 10 0
2981 ORDER 7416 35 8 3 20 0
2981 ORDER 7417 53 30 1 36 0
2982 ORDER 7418 10 3 3 10 0
2982 ORDER 7419 41 35 40 43 1
2982 ORDER 7420 50 23 19 43 1
2983 ORDER 7421 19 15 34 43 1
2983 ORDER 7422 8 35 2 39 1
2983 ORDER 7423 6 20 24 44 0
2984 ORDER 7424 49 24 1 3 2
2984 ORDER 7425 27 8 1 42 1
2985 ORDER 7426 38 41 40 44 0
2985 ORDER 7427 37 14 2 11 1
2985 ORDER 7428 11 32 2 7 0
2986 CANCEL 7205
2986 ORDER 7429 11 20 33 43 0
2986 ORDER 7430 46 6 8 43 0
2987 ORDER 7431 9 24 1 9 0
2987 ORDER 7432 6 41 13 43 0
2988 CANCEL 7293
2988 ORDER 7433 24 20 3 32 1
2988 ORDER 7434 20 32 3 31 0
2988 ORDER 7435 40 21 12 44 0
2989 CANCEL 7145
2989 UNBLOCK 39 32
2989 ORDER 7436 44 39 32 43 0
2989 ORDER 7437 53 27 3 28 0
2989 ORDER 7438 29 33 1 35 0
2990 ORDER 7439 10 41 32 43 0
2990 ORDER 7440 45 39 23 43 1
2991 ORDER 7441 35 26 43 43 0
2991 ORDER 7442 27 20 40 44 1
2991 ORDER 7443 9 12 1 29 0
2992 ORDER 7444 36 24 29 43 0
2992 ORDER 7445 17 36 54 44 0
2992 ORDER 7446 18 18 23 43 0
2993 CANCEL 7106
2993 ORDER 7447 39 3 1 27 1
2993 ORDER 7448 48 15 2 30 0
2994 CANCEL 7055
2994 ORDER 7449 55 5 2 12 0
2994 ORDER 7450 21 17 2 16 0
2995 ORDER 7451 11 26 28 43 0
2995 ORDER 7452 37 12 3 37 0
2996 ORDER 7453 34 5 3 32 2
2996 ORDER 7454 22 29 36 43 0
2996 ORDER 7455 22 21 18 43 0
2997 ORDER 7456 47 38 2 22 0
2997 ORDER 7457 20 33 26 43 0
2997 ORDER 7458 9 15 2 44 0
2998 UNBLOCK 29 38
2998 CANCEL 7389
2998 ORDER 7459 6 41 1 24 0
2998 ORDER 7460 51 36 49 43 1
2999 ORDER 7461 29 14 1 12 0
2999 ORDER 7462 7 41 2 9 1
3000 ORDER 7463 30 38 1 41 1
3000 ORDER 7464 41 35 46 43 0
3000 ORDER 7465 28 12 50 44 0
3001 CANCEL 7232
3001 ORDER 7466 40 12 54 43 1
3001 ORDER 7467 38 16 50 43 2
3002 ORDER 7468 39 35 2 16 1
3002 ORDER 7469 41 9 41 44 0
3003 ORDER 7470 35 8 40 44 0
3003 ORDER 7471 45 18 11 43 0
3003 ORDER 7472 45 27 2 33 0
3004 CANCEL 7387
3004 ORDER 7473 11 32 10 43 0
3004 ORDER 7474 6 35 53 43 0
3005 ORDER 7475 50 8 20 43 1
3005 ORDER 7476 37 18 1 35 1
3005 ORDER 7477 39 29 3 7 3
3006 ORDER 7478 9 6 3 13 0
3006 ORDER 7479 44 38 2 28 0
3007 ORDER 7480 47 27 2 27 0
3007 ORDER 7481 35 11 3 23 0
3007 ORDER 7482 44 11 1 23 0
3008 CANCEL 7272
3008 ORDER 7483 44 3 1 28 0
3008 ORDER 7484 6 3 45 43 0
3009 ORDER 7485 6 8 3 31 0
3009 ORDER 7486 51 32 1 1 0
3009 ORDER 7487 34 41 40 44 1
3010 ORDER 7488 13 6 38 43 0
3010 ORDER 7489 18 9 21 44 2
3011 ORDER 7490 38 39 45 43 2
3011 ORDER 7491 17 3 2 21 1
3011 ORDER 7492 41 14 12 44 0
3012 ORDER 7493 8 27 3 12 2
3012 ORDER 7494 33 9 2 1 1
3013 CANCEL 7118
3013 ORDER 7495 33 32 3 35 0
3013 ORDER 7496 48 15 51 44 0
3013 ORDER 7497 38 38 2 4 0
3014 ORDER 7498 24 18 3 3 0
3014 ORDER 7499 11 30 2 24 1
3014 ORDER 7500 35 29 24 43 0
3015 CANCEL 7311
3015 ORDER 7501 18 21 2 1 1
3015 ORDER 7502 55 41 24 43 0
3016 ORDER 7503 42 8 2 40 0
3016 ORDER 7504 37 15 1 38 0
3017 ORDER 7505 19 36 12 44 1
3017 ORDER 7506 10 23 3 26 0
3018 CANCEL 7318
3018 ORDER 7507 10 33 2 16 0
3018 ORDER 7508 44 11 1 3 0
3018 ORDER 7509 49 35 26 44 0
3019 ORDER 7510 36 27 3 35 0
3019 ORDER 7511 19 35 26 43 1
3019 ORDER 7512 46 9 5 43 0
3020 ORDER 7513 23 24 35 44 2
3020 ORDER 7514 17 15 2 13 0
3020 BLOCK 46 5
3021 ORDER 7515 23 35 24 43 0
3021 ORDER 7516 46 3 2 30 0
3021 ORDER 7517 6 18 1 1 3
3022 ORDER 7518 45 9 1 31 2
3022 ORDER 7519 20 36 1 33 0
3023 ORDER 7520 19 38 14 43 1
3023 ORDER 7521 8 38 21 44 0
3024 ORDER 7522 38 20 26 44 3
3024 ORDER 7523 18 15 41 43 3
3024 ORDER 7524 52 15 1 33 1
3025 ORDER 7525 18 8 2 38 0
3025 ORDER 7526 39 18 28 44 0
3025 ORDER 7527 28 9 51 43 0
3026 ORDER 7528 35 35 16 43 0
3026 ORDER 7529 50 38 29 43 0
3027 CANCEL 7319
3027 ORDER 7530 55 17 1 6 0
3027 ORDER 7531 10 8 2 27 0
3027 ORDER 7532 48 11 1 29 0
3028 ORDER 7533 18 6 2 30 2
3028 ORDER 7534 36 32 3 43 0
3029 ORDER 7535 37 15 31 43 3
3029 ORDER 7536 39 18 2 23 0
3030 CANCEL 7432
3030 ORDER 7537 27 27 45 43 1
3030 ORDER 7538 25 32 3 30 0
3031 ORDER 7539 9 6 3 5 0
3031 ORDER 7540 31 32 16 44 0
3031 ORDER 7541 40 38 1 33 0
3032 ORDER 7542 8 35 9 43 0
3032 ORDER 7543 31 30 39 43 1
3032 ORDER 7544 25 39 30 44 0
3033 ORDER 7545 18 30 1 44 0
3033 ORDER 7546 32 18 11 44 0
3034 ORDER 7547 7 39 3 27 0
3034 ORDER 7548 10 11 3 31 1
3035 CANCEL 7266
3035 ORDER 7549 36 9 3 19 0
3035 ORDER 7550 30 21 3 2 1
3035 ORDER 7551 39 35 2 43 0
3036 ORDER 7552 27 41 2 7 1
3036 ORDER 7553 15 15 50 44 0
3037 ORDER 7554 40 11 3 7 0
3037 ORDER 7555 26 21 44 43 1
3038 ORDER 7556 32 18 1 32 0
3038 ORDER 7557 46 8 2 3 2
3039 CANCEL 7391
3039 ORDER 7558 43 26 2 44 0
3039 ORDER 7559 10 15 49 43 1
3040 ORDER 7560 30 15 15 44 0
3040 ORDER 7561 27 12 25 43 1
3041 ORDER 7562 51 21 2 44 1
3041 ORDER 7563 51 9 3 19 0
3041 ORDER 7564 40 23 47 44 0
3042 CANCEL 7103
3042 ORDER 7565 26 11 2 34 1
3042 ORDER 7566 44 11 2 32 0
3042 ORDER 7567 6 12 41 44 3
3043 CANCEL 7324
3043 ORDER 7568 51 9 58 44 2
3043 ORDER 7569 48 6 2 12 0
3044 ORDER 7570 38 29 1 15 2
3044 ORDER 7571 43 15 3 21 0
3044 ORDER 7572 52 5 18 43 0
3045 ORDER 7573 48 11 1 35 0
3045 ORDER 7574 7 41 2 13 0
3045 ORDER 7575 10 23 3 30 0
3046 ORDER 7576 23 35 28 44 2
3046 ORDER 7577 28 12 1 9 2
3046 CANCEL 107577
3047 CANCEL 7514
3047 ORDER 7578 25 17 2 20 1
3047 ORDER 7579 28 29 16 43 2
3048 ORDER 7580 23 26 21 44 0
3048 ORDER 7581 39 21 30 44 1
3048 ORDER 7582 39 29 1 38 0
3049 ORDER 7583 6 39 22 43 0
3049 ORDER 7584 12 5 1 37 0
3049 ORDER 7585 52 21 1 34 0
3050 CANCEL 7228
3050 ORDER 7586 15 23 2 10 0
3050 ORDER 7587 50 32 3 31 1
3051 ORDER 7588 39 27 31 43 0
3051 ORDER 7589 46 29 51 43 0
3051 ORDER 7590 17 24 27 44 0
3052 CANCEL 7498
3052 ORDER 7591 41 36 51 43 0
3052 ORDER 7592 8 5 27 43 0
3053 ORDER 7593 48 18 1 36 0
3053 ORDER 7594 21 5 3 7 0
3054 ORDER 7595 8 11 51 44 0
3054 ORDER 7596 21 8 46 43 1
3054 ORDER 7597 55 17 51 43 0
3055 ORDER 7598 25 15 3 42 0
3055 ORDER 7599 38 14 1 23 2
3055 ORDER 7600 21 41 3 4 0
3056 ORDER 7601 43 23 1 11 0
3056 ORDER 7602 37 8 2 40 0
3056 ORDER 7603 44 3 10 43 0
3057 ORDER 7604 16 32 3 21 1
3057 ORDER 7605 36 41 53 43 0
3057 ORDER 7606 24 24 3 35 1
3058 ORDER 7607 12 37 1 36 1
3058 ORDER 7608 20 30 34 43 2
3059 ORDER 7609 35 3 1 33 0
3059 ORDER 7610 31 8 2 43 0
3059 ORDER 7611 17 26 2 40 0
3060 ORDER 7612 20 38 16 43 0
3060 ORDER 7613 7 17 2 44 0
3061 ORDER 7614 34 21 14 44 0
3061 ORDER 7615 52 17 2 22 1
3061 ORDER 7616 50 38 35 43 1
3062 ORDER 7617 35 5 58 43 0
3062 ORDER 7618 24 20 11 44 1
3062 ORDER 7619 47 23 2 43 0
3063 ORDER 7620 52 17 1 13 0
3063 ORDER 7621 20 41 1 15 0
3063 ORDER 7622 28 3 1 43 0
3064 CANCEL 7327
3064 ORDER 7623 16 26 1 29 1
3064 ORDER 7624 9 11 1 12 1
3064 ORDER 7625 17 21 3 27 2
3065 ORDER 7626 29 3 2 21 0
3065 ORDER 7627 48 14 12 43 0
3066 ORDER 7628 28 24 22 43 0
3066 ORDER 7629 55 41 2 9 0
3066 ORDER 7630 12 29 3 16 0
3067 ORDER 7631 35 24 3 18 0
3067 ORDER 7632 18 26 35 44 0
3068 ORDER 7633 31 15 2 42 3
3068 ORDER 7634 7 15 39 44 0
3068 ORDER 7635 7 5 57 43 0
3069 CANCEL 7238
3069 ORDER 7636 46 5 2 44 0
3069 ORDER 7637 51 27 7 43 0
3069 ORDER 7638 34 36 56 43 2
3069 BLOCK 22 42
3070 ORDER 7639 8 30 2 30 0
3070 ORDER 7640 7 12 40 44 0
3070 ORDER 7641 46 6 39 44 0
3071 ORDER 7642 40 38 41 43 0
3071 ORDER 7643 27 15 25 43 0
3071 ORDER 7644 20 36 3 24 0
3072 ORDER 7645 28 39 16 43 1
3072 ORDER 7646 11 20 47 44 1
3072 ORDER 7647 6 17 2 10 2
3073 ORDER 7648 16 32 3 42 2
3073 ORDER 7649 26 38 2 6 0
3074 ORDER 7650 42 23 2 37 1
3074 ORDER 7651 35 8 3 25 1
3074 ORDER 7652 44 33 1 41 0
3075 ORDER 7653 31 23 19 44 1
3075 ORDER 7654 18 12 2 33 2
3075 BLOCK 51 36
3076 ORDER 7655 35 6 1 28 0
3076 ORDER 7656 51 32 25 44 1
3077 ORDER 7657 21 9 50 43 0
3077 ORDER 7658 21 3 49 43 0
3078 ORDER 7659 51 33 1 7 1
3078 ORDER 7660 51 38 2 24 0
3078 ORDER 7661 15 21 3 33 1
3079 ORDER 7662 25 35 2 7 0
3079 ORDER 7663 33 26 49 43 0
3080 CANCEL 7379
3080 ORDER 7664 8 41 16 44 0
3080 ORDER 7665 55 27 3 6 1
3081 CANCEL 7504
3081 ORDER 7666 44 35 56 44 0
3081 ORDER 7667 23 35 2 36 0
3081 ORDER 7668 41 30 2 30 0
3082 ORDER 7669 42 12 38 44 0
3082 ORDER 7670 8 38 1 25 0
3082 ORDER 7671 23 33 29 44 0
3083 ORDER 7672 32 21 2 9 0
3083 ORDER 7673 36 39 46 44 3
3084 ORDER 7674 52 21 3 26 2
3084 ORDER 7675 32 30 3 34 0
3085 CANCEL 7517
3085 ORDER 7676 27 17 1 30 0
3085 ORDER 7677 26 36 2 18 0
3086 ORDER 7678 53 35 53 43 2
3086 ORDER 7679 55 38 3 6 1
3087 CANCEL 7662
3087 ORDER 7680 38 41 6 43 0
3087 ORDER 7681 21 9 2 40 0
3087 ORDER 7682 41 9 5 43 0
3088 ORDER 7683 17 35 44 43 2
3088 ORDER 7684 6 11 2 25 0
3088 ORDER 7685 34 8 1 19 1
3089 CANCEL 7423
3089 ORDER 7686 16 11 54 43 1
3089 ORDER 7687 17 38 15 43 0
3089 ORDER 7688 47 24 3 20 0
3090 ORDER 7689 47 16 1 12 0
3090 ORDER 7690 23 21 2 22 3
3091 ORDER 7691 18 33 1 1 2
3091 ORDER 7692 18 17 3 44 1
3091 ORDER 7693 42 6 1 21 1
3091 BLOCK 10 5
3092 ORDER 7694 39 38 2 1 2
3092 ORDER 7695 28 24 38 43 0
3092 ORDER 7696 10 18 54 44 0
3093 ORDER 7697 47 26 2 44 0
3093 ORDER 7698 19 40 54 44 1
3093 ORDER 7699 21 29 1 35 1
3094 ORDER 7700 17 5 1 24 0
3094 ORDER 7701 39 17 44 43 2
3095 ORDER 7702 41 30 2 44 1
3095 ORDER 7703 16 27 8 43 0
3096 ORDER 7704 29 6 15 43 0
3096 ORDER 7705 9 3 14 43 0
3097 ORDER 7706 22 8 3 17 0
3097 ORDER 7707 46 21 2 38 1
3098 ORDER 7708 50 38 1 6 0
3098 ORDER 7709 12 41 18 43 1
3098 ORDER 7710 35 5 17 43 0
3099 ORDER 7711 6 11 15 43 2
3099 ORDER 7712 37 6 1 9 1
3100 ORDER 7713 15 23 2 43 1
3100 ORDER 7714 22 17 1 43 0
3101 ORDER 7715 55 9 29 44 0
3101 ORDER 7716 14 33 50 44 1
3102 ORDER 7717 44 36 3 7 0
3102 ORDER 7718 27 36 9 44 1
3102 ORDER 7719 17 26 51 44 0
3103 ORDER 7720 26 8 1 5 0
3103 ORDER 7721 27 21 39 44 0
3104 ORDER 7722 12 39 1 35 2
3104 ORDER 7723 14 32 1 15 2
3104 ORDER 7724 30 3 21 43 0
3105 ORDER 7725 30 26 1 19 0
3105 ORDER 7726 16 27 2 19 0
3105 ORDER 7727 38 29 3 37 0
3106 ORDER 7728 43 32 2 11 0
3106 ORDER 7729 29 15 29 44 1
3107 ORDER 7730 47 29 3 8 0
3107 ORDER 7731 37 39 3 44 2
3107 ORDER 7732 12 39 38 43 3
3108 ORDER 7733 19 8 36 43 3
3108 ORDER 7734 54 32 3 20 1
3109 CANCEL 7587
3109 ORDER 7735 16 20 2 25 0
3109 ORDER 7736 6 41 36 43 1
3109 ORDER 7737 26 23 3 9 1
3110 CANCEL 7291
3110 ORDER 7738 42 23 3 12 1
3110 ORDER 7739 54 38 1 25 1
3111 ORDER 7740 53 3 15 44 3
3111 ORDER 7741 22 17 3 3 0
3112 ORDER 7742 50 31 3 28 0
3112 ORDER 7743 18 11 1 13 1
3112 ORDER 7744 51 35 3 42 0
3113 ORDER 7745 33 24 23 43 1
3113 ORDER 7746 36 3 30 43 0
3113 ORDER 7747 20 36 3 22 0
3114 ORDER 7748 44 27 2 43 1
3114 ORDER 7749 46 26 51 43 0
3115 ORDER 7750 35 18 2 39 2
3115 ORDER 7751 38 39 23 43 0
3116 CANCEL 7529
3116 ORDER 7752 51 8 2 11 1
3116 ORDER 7753 39 17 3 23 1
3116 ORDER 7754 20 5 2 9 0
3117 ORDER 7755 28 33 32 43 0
3117 ORDER 7756 55 3 41 43 0
3117 ORDER 7757 22 29 12 43 0
3118 UNBLOCK 46 5
3118 CANCEL 7682
3118 ORDER 7758 29 5 3 6 0
3118 ORDER 7759 40 36 3 9 0
3118 ORDER 7760 38 21 1 11 1
3119 ORDER 7761 16 36 2 22 0
3119 ORDER 7762 42 8 2 16 0
3119 BLOCK 12 16
3120 CANCEL 7626
3120 ORDER 7763 48 9 23 43 2
3120 ORDER 7764 53 20 1 36 0
3121 ORDER 7765 23 21 2 4 1
3121 ORDER 7766 38 38 45 43 0
3122 ORDER 7767 18 18 3 39 1
3122 ORDER 7768 16 9 28 43 0
3122 ORDER 7769 19 27 1 1 0
3123 CANCEL 7739
3123 ORDER 7770 30 39 1 32 0
3123 ORDER 7771 39 29 1 31 2
3123 ORDER 7772 35 39 56 44 1
3124 ORDER 7773 27 8 2 4 1
3124 ORDER 7774 33 9 2 38 2
3124 ORDER 7775 52 15 1 37 0
3125 ORDER 7776 38 11 3 44 1
3125 ORDER 7777 20 30 1 40 1
3126 CANCEL 7384
3126 ORDER 7778 15 27 2 10 1
3126 ORDER 7779 49 15 33 43 0
3127 ORDER 7780 16 20 3 16 1
3127 ORDER 7781 34 23 1 24 0
3127 ORDER 7782 45 20 2 36 3
3128 ORDER 7783 13 3 43 43 0
3128 ORDER 7784 27 3 36 44 2
3129 ORDER 7785 26 18 1 41 0
3129 ORDER 7786 54 15 48 43 0
3130 ORDER 7787 35 15 48 43 0
3130 ORDER 7788 19 20 3 22 0
3130 ORDER 7789 48 23 27 43 2
3131 ORDER 7790 7 41 2 19 0
3131 ORDER 7791 40 6 51 43 0
3131 ORDER 7792 11 23 2 5 0
3132 ORDER 7793 11 23 45 44 0
3132 ORDER 7794 30 21 51 44 1
3133 ORDER 7795 52 20 2 27 0
3133 ORDER 7796 36 20 18 43 0
3133 ORDER 7797 36 9 31 43 1
3134 ORDER 7798 42 26 19 44 1
3134 ORDER 7799 15 24 39 44 1
3135 ORDER 7800 19 5 13 44 0
3135 ORDER 7801 51 32 3 24 0
3135 ORDER 7802 9 15 1 10 1
3136 ORDER 7803 20 23 28 43 0
3136 ORDER 7804 17 27 1 9 3
3136 ORDER 7805 27 9 1 13 0
3137 ORDER 7806 40 21 2 29 1
3137 ORDER 7807 10 18 2 36 0
3138 ORDER 7808 50 14 34 43 2
3138 ORDER 7809 37 12 1 28 0
3138 ORDER 7810 25 29 23 43 1
3139 ORDER 7811 7 39 26 44 0
3139 ORDER 7812 25 11 32 43 0
3140 ORDER 7813 19 12 1 23 0
3140 ORDER 7814 26 38 17 44 0
3140 ORDER 7815 46 14 1 20 0
3141 CANCEL 7396
3141 ORDER 7816 19 30 3 13 1
3141 ORDER 7817 40 9 3 18 0
3141 ORDER 7818 37 17 58 44 0
3142 ORDER 7819 55 6 27 44 1
3142 ORDER 7820 12 3 1 36 0
3143 ORDER 7821 36 35 3 21 0
3143 ORDER 7822 49 38 3 11 0
3144 ORDER 7823 44 33 49 43 1
3144 ORDER 7824 36 35 4 43 2
3145 ORDER 7825 41 39 2 23 0
3145 ORDER 7826 12 36 3 7 2
3146 CANCEL 7588
3146 ORDER 7827 39 9 1 1 0
3146 ORDER 7828 38 11 38 43 0
3147 CANCEL 7641
3147 ORDER 7829 22 17 2 16 3
3147 ORDER 7830 25 36 9 43 0
3147 ORDER 7831 42 27 44 44 1
3147 BLOCK 25 1
3148 ORDER 7832 11 12 46 43 2
3148 ORDER 7833 9 36 1 6 0
3148 ORDER 7834 53 29 1 9 0
3149 ORDER 7835 53 41 1 31 2
3149 ORDER 7836 26 17 1 6 0
3150 CANCEL 7425
3150 CANCEL 7732
3150 CANCEL 7737
3150 ORDER 7837 47 24 2 8 3
3150 ORDER 7838 33 39 34 43 1
3151 ORDER 7839 27 23 56 43 0
3151 ORDER 7840 50 27 2 6 3
3152 ORDER 7841 37 17 2 23 0
3152 ORDER 7842 50 39 1 18 0
3152 ORDER 7843 33 23 24 43 0
3153 ORDER 7844 10 24 3 15 1
3153 ORDER 7845 35 29 6 43 0
3153 ORDER 7846 49 36 46 43 0
3154 ORDER 7847 54 41 26 44 1
3154 ORDER 7848 45 4 1 1 1
3155 ORDER 7849 45 6 28 44 0
3155 ORDER 7850 37 30 1 29 2
3156 ORDER 7851 52 18 3 37 0
3156 ORDER 7852 30 15 35 44 0
3156 ORDER 7853 27 13 3 24 0
3157 ORDER 7854 33 39 2 6 0
3157 ORDER 7855 45 9 2 29 2
3157 ORDER 7856 18 21 34 43 0
3158 ORDER 7857 39 39 50 44 0
3158 ORDER 7858 37 32 1 5 0
3159 CANCEL 7669
3159 ORDER 7859 34 33 1 24 0
3159 ORDER 7860 48 38 52 43 1
3159 ORDER 7861 10 41 3 12 1
3160 ORDER 7862 10 9 55 43 0
3160 ORDER 7863 37 8 22 43 0
3161 CANCEL 7785
3161 ORDER 7864 53 29 42 44 0
3161 ORDER 7865 20 39 1 8 1
3162 ORDER 7866 21 5 1 13 0
3162 ORDER 7867 39 33 2 11 3
3162 ORDER 7868 49 3 24 44 0
3163 CANCEL 7575
3163 CANCEL 7838
3163 ORDER 7869 39 36 1 26 0
3163 ORDER 7870 25 32 21 43 0
3164 ORDER 7871 22 5 1 39 0
3164 ORDER 7872 43 35 3 7 0
3165 CANCEL 7555
3165 ORDER 7873 28 30 3 4 0
3165 ORDER 7874 51 6 1 26 0
3166 ORDER 7875 28 14 16 44 0
3166 ORDER 7876 25 36 3 13 3
3166 ORDER 7877 25 39 1 6 0
3167 CANCEL 7655
3167 ORDER 7878 31 18 1 11 0
3167 ORDER 7879 31 6 2 7 2
3167 ORDER 7880 50 23 3 41 0
3168 ORDER 7881 22 6 41 43 3
3168 ORDER 7882 54 38 2 42 0
3168 ORDER 7883 46 36 13 44 0
3169 ORDER 7884 39 9 30 44 0
3169 ORDER 7885 10 26 50 43 2
3169 ORDER 7886 9 30 26 43 0
3170 ORDER 7887 50 35 1 15 0
3170 ORDER 7888 32 32 2 15 1
3171 UNBLOCK 12 16
3171 ORDER 7889 11 35 3 15 2
3171 ORDER 7890 8 5 1 37 0
3172 UNBLOCK 51 36
3172 ORDER 7891 11 35 3 38 2
3172 ORDER 7892 7 18 3 21 1
3173 ORDER 7893 12 9 1 38 0
3173 ORDER 7894 21 23 1 20 0
3174 ORDER 7895 31 35 31 43 0
3174 ORDER 7896 49 3 24 44 0
3174 ORDER 7897 35 18 1 25 1
3175 ORDER 7898 38 23 50 44 0
3175 ORDER 7899 38 27 3 22 0
3176 ORDER 7900 47 17 3 16 0
3176 ORDER 7901 20 12 2 5 0
3176 ORDER 7902 47 11 50 44 2
3177 ORDER 7903 36 39 50 44 0
3177 ORDER 7904 15 23 4 44 1
3177 ORDER 7905 37 36 3 44 3
3178 UNBLOCK 22 42
3178 CANCEL 7762
3178 ORDER 7906 15 15 43 44 1
3178 ORDER 7907 38 30 1 22 1
3179 ORDER 7908 16 11 1 39 0
3179 ORDER 7909 46 3 3 42 0
3179 ORDER 7910 46 30 58 43 0
3180 ORDER 7911 39 15 35 43 1
3180 ORDER 7912 45 33 29 44 0
3181 ORDER 7913 18 35 1 4 0
3181 ORDER 7914 44 33 50 44 0
3182 ORDER 7915 48 8 3 25 0
3182 ORDER 7916 33 14 1 20 0
3182 BLOCK 5 30
3183 ORDER 7917 46 35 45 43 3
3183 ORDER 7918 35 8 3 10 0
3183 ORDER 7919 44 30 1 39 0
3184 ORDER 7920 6 20 3 32 1
3184 ORDER 7921 9 23 3 2 0
3185 CANCEL 7524
3185 CANCEL 7665
3185 ORDER 7922 18 14 1 10 0
3185 ORDER 7923 54 40 3 29 0
3186 CANCEL 7728
3186 ORDER 7924 48 17 17 43 2
3186 ORDER 7925 11 35 12 44 2
3186 ORDER 7926 52 30 2 33 0
3187 ORDER 7927 27 12 3 24 1
3187 ORDER 7928 55 35 2 35 1
3188 ORDER 7929 22 12 3 38 1
3188 ORDER 7930 31 14 3 27 0
3189 ORDER 7931 43 33 17 44 0
3189 ORDER 7932 13 38 3 27 0
3189 BLOCK 24 8
3190 ORDER 7933 44 39 54 43 0
3190 ORDER 7934 28 41 55 43 2
3191 UNBLOCK 25 1
3191 ORDER 7935 52 21 2 30 0
3191 ORDER 7936 19 32 1 13 0
3192 ORDER 7937 25 33 1 10 0
3192 ORDER 7938 18 21 1 5 0
3193 ORDER 7939 6 27 3 43 0
3193 ORDER 7940 54 26 3 18 0
3194 ORDER 7941 54 26 2 38 0
3194 ORDER 7942 13 6 3 14 1
3195 ORDER 7943 16 23 50 44 3
3195 ORDER 7944 22 12 46 43 0
3196 ORDER 7945 28 12 30 43 0
3196 ORDER 7946 43 15 39 44 1
3197 ORDER 7947 11 30 2 29 0
3197 ORDER 7948 11 5 1 8 0
3197 ORDER 7949 55 15 2 39 1
3198 ORDER 7950 10 29 1 37 0
3198 ORDER 7951 10 32 19 43 0
3198 ORDER 7952 8 30 57 43 0
3199 UNBLOCK 10 5
3199 ORDER 7953 43 23 2 24 0
3199 ORDER 7954 48 8 2 35 0
3200 ORDER 7955 27 9 3 22 0
3200 ORDER 7956 39 33 1 7 0
3201 ORDER 7957 28 12 2 42 1
3201 ORDER 7958 30 6 41 43 0
3202 ORDER 7959 54 15 22 44 0
3202 ORDER 7960 25 29 23 43 0
3202 ORDER 7961 51 35 57 43 0
3203 CANCEL 7554
3203 ORDER 7962 12 6 3 5 0
3203 ORDER 7963 35 9 31 43 1
3204 ORDER 7964 25 38 3 4 1
3204 ORDER 7965 11 26 24 44 0
3205 ORDER 7966 15 23 27 44 0
3205 ORDER 7967 6 21 4 43 0
3206 ORDER 7968 45 29 1 42 0
3206 ORDER 7969 25 5 1 36 2
3206 ORDER 7970 42 26 3 31 1
3207 ORDER 7971 49 26 2 17 0
3207 ORDER 7972 37 39 48 43 0
3207 ORDER 7973 20 5 47 44 0
3208 ORDER 7974 55 38 2 35 0
3208 ORDER 7975 30 41 47 44 0
3209 ORDER 7976 26 9 28 44 1
3209 ORDER 7977 41 33 2 27 0
3209 ORDER 7978 11 3 16 44 1
3210 ORDER 7979 30 15 2 6 1
3210 ORDER 7980 18 32 1 10 0
3210 ORDER 7981 38 36 2 41 3
3211 ORDER 7982 55 27 2 29 3
3211 ORDER 7983 28 31 3 7 0
3212 ORDER 7984 6 3 1 23 2
3212 ORDER 7985 9 14 3 22 3
3212 BLOCK 25 38
3213 ORDER 7986 8 11 1 30 1
3213 ORDER 7987 16 38 58 43 1
3214 ORDER 7988 29 41 42 44 0
3214 ORDER 7989 45 41 2 32 2
3215 ORDER 7990 39 14 2 19 0
3215 ORDER 7991 21 20 39 44 0
3215 ORDER 7992 31 20 45 43 1
3216 CANCEL 7820
3216 ORDER 7993 8 17 1 10 1
3216 ORDER 7994 22 5 1 24 1
3216 ORDER 7995 54 3 27 44 1
3217 ORDER 7996 46 3 3 15 0
3217 ORDER 7997 32 23 2 14 1
3217 ORDER 7998 9 41 3 43 0
3218 ORDER 7999 26 41 3 16 1
3218 ORDER 8000 35 30 2 37 3
3219 ORDER 8001 55 5 1 1 1
3219 ORDER 8002 17 9 38 44 0
3219 ORDER 8003 36 24 1 2 0
3220 ORDER 8004 21 33 2 29 0
3220 ORDER 8005 7 29 32 44 3
3220 ORDER 8006 6 5 3 26 0
3221 ORDER 8007 32 12 1 9 2
3221 ORDER 8008 40 21 18 43 0
3221 ORDER 8009 17 41 31 43 0
3222 ORDER 8010 40 21 22 43 1
3222 ORDER 8011 25 29 3 44 1
3222 ORDER 8012 25 33 3 4 0
3223 ORDER 8013 28 24 35 44 0
3223 ORDER 8014 53 5 1 12 2
3223 ORDER 8015 27 39 28 43 0
3223 BLOCK 49 12
3224 ORDER 8016 54 33 2 19 2
3224 ORDER 8017 30 41 49 44 0
3224 ORDER 8018 7 17 12 44 2
3225 ORDER 8019 45 36 3 18 0
3225 ORDER 8020 41 33 38 43 0
3225 ORDER 8021 41 38 3 10 0
3226 ORDER 8022 51 9 46 43 0
3226 ORDER 8023 46 12 58 43 1
3226 ORDER 8024 41 23 3 8 0
3227 CANCEL 7608
3227 ORDER 8025 49 23 44 44 3
3227 ORDER 8026 42 26 11 43 0
3227 ORDER 8027 29 29 33 44 1
3228 ORDER 8028 40 35 19 43 1
3228 ORDER 8029 25 9 9 44 1
3228 ORDER 8030 52 33 49 43 0
3229 ORDER 8031 17 8 3 1 2
3229 ORDER 8032 20 17 51 44 0
3230 CANCEL 7583
3230 CANCEL 7954
3230 ORDER 8033 42 23 1 38 2
3230 ORDER 8034 21 39 15 44 2
3231 CANCEL 7707
3231 ORDER 8035 36 8 16 43 0
3231 ORDER 8036 37 20 1 42 1
3231 ORDER 8037 42 27 32 44 1
3232 CANCEL 7834
3232 CANCEL 7977
3232 ORDER 8038 34 36 3 3 1
3232 ORDER 8039 39 15 1 4 1
3233 CANCEL 7902
3233 UNBLOCK 5 30
3233 ORDER 8040 23 33 2 26 0
3233 ORDER 8041 45 27 6 44 2
3233 ORDER 8042 33 23 11 43 0
3234 CANCEL 7889
3234 ORDER 8043 46 11 3 6 0
3234 ORDER 8044 49 11 3 43 1
3235 ORDER 8045 37 32 6 44 0
3235 ORDER 8046 22 11 50 43 1
3235 ORDER 8047 19 3 3 9 0
3236 ORDER 8048 54 12 2 30 1
3236 ORDER 8049 16 30 2 29 0
3237 ORDER 8050 45 15 2 35 1
3237 ORDER 8051 33 30 11 44 0
3237 ORDER 8052 40 8 13 44 0
3238 ORDER 8053 10 3 40 44 1
3238 ORDER 8054 29 3 2 14 1
3239 ORDER 8055 28 33 3 6 0
3239 ORDER 8056 11 26 3 16 2
3239 ORDER 8057 28 24 1 18 0
3240 CANCEL 7947
3240 ORDER 8058 30 14 4 43 1
3240 ORDER 8059 32 18 2 7 0
3241 ORDER 8060 13 38 2 40 0
3241 ORDER 8061 17 26 3 41 0
3242 ORDER 8062 35 6 17 43 0
3242 ORDER 8063 17 9 3 4 0
3243 ORDER 8064 17 12 25 43 2
3243 ORDER 8065 6 18 1 6 1
3243 ORDER 8066 48 41 3 36 3
3244 ORDER 8067 16 36 10 43 1
3244 ORDER 8068 53 20 3 24 3
3244 CANCEL 108068
3245 ORDER 8069 19 33 2 12 0
3245 ORDER 8070 37 20 2 10 0
3246 ORDER 8071 38 7 1 40 0
3246 ORDER 8072 18 24 1 39 0
3247 CANCEL 7975
3247 ORDER 8073 32 33 2 20 0
3247 ORDER 8074 17 23 3 26 0
3247 ORDER 8075 29 18 2 14 0
3248 ORDER 8076 45 32 24 43 0
3248 ORDER 8077 19 8 3 2 0
3248 ORDER 8078 13 5 3 15 0
3249 CANCEL 7948
3249 ORDER 8079 11 27 1 10 2
3249 ORDER 8080 51 8 1 26 1
3249 ORDER 8081 27 28 47 43 1
3250 CANCEL 7802
3250 ORDER 8082 34 15 2 11 1
3250 ORDER 8083 16 14 15 44 0
3250 ORDER 8084 44 30 1 1 1
3251 ORDER 8085 32 30 18 43 2
3251 ORDER 8086 21 12 44 43 0
3252 ORDER 8087 33 30 54 43 0
3252 ORDER 8088 8 9 3 3 0
3252 ORDER 8089 17 6 3 2 0
3253 CANCEL 7858
3253 ORDER 8090 21 35 17 43 0
3253 ORDER 8091 34 6 51 43 0
3253 ORDER 8092 46 21 33 44 0
3254 ORDER 8093 12 35 2 12 1
3254 ORDER 8094 41 3 16 44 3
3255 ORDER 8095 52 20 1 5 1
3255 ORDER 8096 44 29 55 43 0
3255 ORDER 8097 37 36 3 40 0
3255 BLOCK 55 6
3256 CANCEL 7928
3256 ORDER 8098 35 11 48 44 1
3256 ORDER 8099 36 20 1 4 1
3256 ORDER 8100 22 33 2 38 0
3257 CANCEL 8070
3257 ORDER 8101 52 30 41 43 0
3257 ORDER 8102 38 32 28 43 2
3257 ORDER 8103 40 9 31 43 0
3258 CANCEL 7708
3258 CANCEL 7887
3258 ORDER 8104 36 35 1 35 0
3258 ORDER 8105 22 29 1 1 1
3258 ORDER 8106 8 26 21 43 1
3259 CANCEL 7712
3259 CANCEL 7988
3259 ORDER 8107 32 33 37 44 1
3259 ORDER 8108 33 12 20 44 2
3259 ORDER 8109 38 8 55 43 0
3260 CANCEL 7871
3260 ORDER 8110 29 21 36 44 1
3260 ORDER 8111 20 15 2 20 0
3260 ORDER 8112 28 29 2 22 0
3261 CANCEL 7715
3261 CANCEL 8045
3261 ORDER 8113 12 29 51 43 0
3261 ORDER 8114 6 26 2 43 3
3261 ORDER 8115 37 23 1 30 0
3262 ORDER 8116 43 18 30 43 0
3262 ORDER 8117 22 23 2 18 0
3262 ORDER 8118 19 21 3 33 3
3263 CANCEL 7892
3263 ORDER 8119 27 30 57 43 1
3263 ORDER 8120 26 21 4 44 2
3263 ORDER 8121 41 35 3 34 1
3264 ORDER 8122 47 30 26 44 0
3264 ORDER 8123 11 29 55 44 1
3265 ORDER 8124 27 12 35 43 1
3265 ORDER 8125 51 27 1 24 0
3265 ORDER 8126 36 12 29 44 2
3266 ORDER 8127 8 23 32 44 0
3266 ORDER 8128 51 14 26 43 2
3266 ORDER 8129 41 38 2 4 3
3267 ORDER 8130 34 26 2 39 1
3267 ORDER 8131 45 5 2 24 1
3267 ORDER 8132 53 24 57 43 1
3268 CANCEL 7649
3268 ORDER 8133 40 6 2 11 0
3268 ORDER 8134 41 21 1 8 0
3268 ORDER 8135 43 29 34 43 3
3269 ORDER 8136 23 26 2 21 3
3269 ORDER 8137 8 9 3 1 1
3269 ORDER 8138 26 36 3 41 0
3270 ORDER 8139 21 9 41 43 2
3270 ORDER 8140 46 27 1 41 0
3270 ORDER 8141 22 17 14 44 0
3270 BLOCK 44 22
3271 ORDER 8142 45 17 28 44 3
3271 ORDER 8143 10 20 2 4 1
3272 CANCEL 8140
3272 ORDER 8144 26 32 2 2 0
3272 ORDER 8145 47 14 47 44 0
3272 ORDER 8146 41 32 1 41 0
3273 ORDER 8147 20 6 29 43 0
3273 ORDER 8148 29 36 39 44 1
3273 ORDER 8149 24 24 1 39 2
3274 ORDER 8150 52 23 14 44 0
3274 ORDER 8151 26 11 53 43 0
3274 ORDER 8152 18 38 35 44 0
3275 ORDER 8153 12 20 1 44 0
3275 ORDER 8154 55 3 1 25 3
3276 ORDER 8155 55 8 3 43 0
3276 ORDER 8156 9 35 3 16 1
3277 ORDER 8157 28 3 3 39 0
3277 ORDER 8158 44 5 2 34 1
3277 ORDER 8159 31 8 48 44 0
3278 CANCEL 7946
3278 ORDER 8160 33 21 38 43 1
3278 ORDER 8161 12 39 2 20 0
3278 ORDER 8162 37 36 48 43 0
3279 ORDER 8163 44 29 32 44 0
3279 ORDER 8164 7 3 3 21 1
3279 ORDER 8165 7 3 28 43 0
3280 ORDER 8166 35 17 9 44 2
3280 ORDER 8167 37 21 2 4 0
3281 CANCEL 8026
3281 ORDER 8168 36 29 17 43 0
3281 ORDER 8169 30 36 3 22 0
3282 ORDER 8170 10 23 1 40 0
3282 ORDER 8171 30 24 3 33 0
3283 ORDER 8172 42 26 1 27 0
3283 ORDER 8173 34 30 1 30 0
3284 ORDER 8174 18 15 22 44 0
3284 ORDER 8175 45 29 37 43 0
3285 ORDER 8176 9 30 22 43 0
3285 ORDER 8177 46 38 42 44 0
3286 ORDER 8178 55 17 14 43 2
3286 ORDER 8179 10 35 42 44 0
3287 ORDER 8180 10 35 3 23 0
3287 ORDER 8181 25 40 23 43 0
3287 ORDER 8182 46 39 2 6 3
3288 UNBLOCK 24 8
3288 CANCEL 8105
3288 ORDER 8183 8 12 1 15 1
3288 ORDER 8184 50 14 55 43 0
3288 ORDER 8185 45 26 50 43 1
3289 ORDER 8186 17 6 1 38 0
3289 ORDER 8187 12 20 58 44 0
3290 CANCEL 8027
3290 ORDER 8188 17 41 1 19 0
3290 ORDER 8189 42 35 2 9 2
3290 ORDER 8190 47 9 2 1 1
3291 ORDER 8191 36 5 3 12 1
3291 ORDER 8192 19 39 15 43 0
3292 ORDER 8193 16 8 3 37 1
3292 ORDER 8194 28 39 52 43 0
3293 CANCEL 7872
3293 ORDER 8195 49 24 5 44 0
3293 ORDER 8196 52 20 46 44 1
3294 ORDER 8197 40 35 29 44 0
3294 ORDER 8198 6 26 24 44 2
3294 ORDER 8199 6 41 2 40 0
3295 ORDER 8200 34 17 50 43 0
3295 ORDER 8201 38 16 1 44 0
3295 ORDER 8202 11 14 33 44 1
3296 ORDER 8203 53 5 2 42 0
3296 ORDER 8204 52 18 2 41 0
3296 ORDER 8205 41 38 1 7 1
3296 BLOCK 35 5
3297 ORDER 8206 29 5 34 43 0
3297 ORDER 8207 9 6 23 43 2
3298 ORDER 8208 27 30 38 43 0
3298 ORDER 8209 36 30 2 21 0
3299 ORDER 8210 54 27 7 43 0
3299 ORDER 8211 40 39 2 7 0
3300 ORDER 8212 34 6 4 43 0
3300 ORDER 8213 11 29 1 39 0
3300 ORDER 8214 19 12 10 43 0
3301 CANCEL 7999
3301 ORDER 8215 29 3 1 25 1
3301 ORDER 8216 39 36 31 44 0
3301 ORDER 8217 46 12 2 5 0
3302 CANCEL 8182
3302 ORDER 8218 21 8 44 44 0
3302 ORDER 8219 29 11 2 42 1
3303 ORDER 8220 7 5 2 41 0
3303 ORDER 8221 17 26 1 16 2
3303 ORDER 8222 52 33 9 44 0
3304 ORDER 8223 32 12 3 16 0
3304 ORDER 8224 35 35 37 44 1
3305 ORDER 8225 14 32 2 21 1
3305 ORDER 8226 37 8 1 23 1
3306 ORDER 8227 35 18 47 43 0
3306 ORDER 8228 55 33 45 43 1
3306 ORDER 8229 25 27 3 12 0
3307 ORDER 8230 11 14 3 38 0
3307 ORDER 8231 28 5 21 43 1
3307 ORDER 8232 7 41 53 44 2
3308 CANCEL 8191
3308 ORDER 8233 7 41 2 24 1
3308 ORDER 8234 54 11 39 43 1
3308 ORDER 8235 44 5 53 44 0
3309 ORDER 8236 49 41 1 36 1
3309 ORDER 8237 6 14 1 22 0
3310 CANCEL 7873
3310 ORDER 8238 40 8 33 44 2
3310 ORDER 8239 54 26 2 26 1
3310 ORDER 8240 21 8 2 41 3
3311 ORDER 8241 47 36 1 3 0
3311 ORDER 8242 43 17 2 34 0
3312 ORDER 8243 33 9 24 44 1
3312 ORDER 8244 34 33 1 40 1
3312 ORDER 8245 50 21 26 43 0
3313 ORDER 8246 9 9 2 5 0
3313 ORDER 8247 31 35 2 25 0
3313 ORDER 8248 52 33 3 30 0
3314 CANCEL 8050
3314 CANCEL 8098
3314 ORDER 8249 51 23 27 44 3
3314 ORDER 8250 21 20 1 31 0
3314 ORDER 8251 30 3 33 43 2
3315 ORDER 8252 8 20 1 31 0
3315 ORDER 8253 32 13 2 7 0
3316 ORDER 8254 39 39 1 26 0
3316 ORDER 8255 45 15 51 43 1
3316 ORDER 8256 53 24 12 44 1
3317 ORDER 8257 31 20 8 44 0
3317 ORDER 8258 45 26 27 43 0
3318 ORDER 8259 36 20 16 43 0
3318 ORDER 8260 50 32 51 44 0
3319 ORDER 8261 45 8 24 44 3
3319 ORDER 8262 51 30 3 20 1
3319 ORDER 8263 55 8 17 43 0
3320 ORDER 8264 46 29 46 44 1
3320 ORDER 8265 54 24 1 11 0
3321 CANCEL 8146
3321 ORDER 8266 11 26 57 44 1
3321 ORDER 8267 44 38 25 44 0
3321 ORDER 8268 47 6 25 43 0
3321 BLOCK 47 9
3322 ORDER 8269 24 33 4 44 2
3322 ORDER 8270 40 14 14 43 0
3322 ORDER 8271 27 3 2 11 0
3323 ORDER 8272 16 29 1 36 2
3323 ORDER 8273 9 30 3 5 2
3323 ORDER 8274 55 26 1 19 0
3324 ORDER 8275 32 23 21 43 0
3324 ORDER 8276 15 27 3 6 0
3324 ORDER 8277 24 35 3 22 0
3325 ORDER 8278 47 20 1 30 1
3325 ORDER 8279 38 3 42 43 0
3325 ORDER 8280 11 15 13 43 0
3326 CANCEL 8002
3326 ORDER 8281 25 20 1 29 0
3326 ORDER 8282 40 11 8 44 0
3326 ORDER 8283 39 14 12 43 2
3327 CANCEL 8068
3327 ORDER 8284 7 15 1 5 0
3327 ORDER 8285 25 14 2 40 1
3327 ORDER 8286 38 8 38 44 0
3328 CANCEL 7846
3328 UNBLOCK 49 12
3328 CANCEL 8119
3328 ORDER 8287 6 3 3 36 0
3328 ORDER 8288 49 35 35 44 0
3328 ORDER 8289 18 35 2 20 0
3329 ORDER 8290 17 5 14 43 0
3329 ORDER 8291 53 27 2 13 1
3329 ORDER 8292 34 8 3 21 1
3330 ORDER 8293 27 12 2 9 0
3330 ORDER 8294 53 20 40 43 1
3331 CANCEL 8226
3331 ORDER 8295 42 30 1 32 0
3331 ORDER 8296 29 39 3 38 0
3331 ORDER 8297 9 21 1 39 0
3332 ORDER 8298 50 36 11 44 0
3332 ORDER 8299 11 6 50 44 0
3332 ORDER 8300 49 6 1 4 0
3333 ORDER 8301 9 17 2 5 0
3333 ORDER 8302 22 3 1 1 1
3334 CANCEL 8271
3334 ORDER 8303 20 41 3 21 0
3334 ORDER 8304 34 11 3 30 0
3335 ORDER 8305 19 27 48 43 0
3335 ORDER 8306 28 23 33 43 0
3335 ORDER 8307 25 5 1 39 2
3336 ORDER 8308 26 30 2 44 0
3336 ORDER 8309 16 38 1 18 0
3336 ORDER 8310 24 24 2 15 0
3337 ORDER 8311 30 26 48 44 0
3337 ORDER 8312 37 20 31 43 0
3337 ORDER 8313 24 32 3 9 2
3338 UNBLOCK 25 38
3338 ORDER 8314 13 20 2 12 0
3338 ORDER 8315 33 11 1 22 1
3339 ORDER 8316 24 20 2 41 0
3339 ORDER 8317 53 30 1 34 0
3340 CANCEL 8249
3340 ORDER 8318 38 21 2 44 0
3340 ORDER 8319 43 35 53 44 1
3341 ORDER 8320 29 27 2 34 1
3341 ORDER 8321 44 26 42 43 0
3342 ORDER 8322 48 24 46 43 0
3342 ORDER 8323 53 33 2 24 0
3343 ORDER 8324 17 29 22 44 0
3343 ORDER 8325 25 33 1 19 0
3344 CANCEL 7865
3344 ORDER 8326 23 33 2 6 0
3344 ORDER 8327 39 15 32 44 0
3344 ORDER 8328 26 9 2 29 1
3345 ORDER 8329 29 11 40 43 0
3345 ORDER 8330 24 18 20 43 1
3345 ORDER 8331 35 5 41 44 0
3346 ORDER 8332 32 21 1 11 0
3346 ORDER 8333 8 30 30 43 1
3347 ORDER 8334 20 29 3 30 0
3347 ORDER 8335 18 11 3 17 0
3348 ORDER 8336 51 6 3 16 0
3348 ORDER 8337 6 6 18 44 0
3348 ORDER 8338 34 15 5 44 0
3348 BLOCK 41 8
3349 CANCEL 8135
3349 ORDER 8339 8 18 2 32 0
3349 ORDER 8340 16 24 2 1 0
3349 BLOCK 41 35
3350 CANCEL 8287
3350 ORDER 8341 25 3 35 44 1
3350 ORDER 8342 39 23 2 11 3
3350 ORDER 8343 19 24 44 43 0
3351 ORDER 8344 7 6 1 31 1
3351 ORDER 8345 9 35 51 43 0
3352 ORDER 8346 27 32 41 43 0
3352 ORDER 8347 47 38 38 44 0
3352 ORDER 8348 29 17 2 25 0
3353 CANCEL 7976
3353 ORDER 8349 8 6 3 36 3
3353 ORDER 8350 35 5 48 44 0
3353 ORDER 8351 36 27 2 27 2
3354 ORDER 8352 11 6 2 10 1
3354 ORDER 8353 30 11 1 40 0
3355 ORDER 8354 23 33 1 13 0
3355 ORDER 8355 16 27 2 7 0
3356 ORDER 8356 30 17 3 21 3
3356 ORDER 8357 22 8 28 44 0
3356 ORDER 8358 28 41 2 13 0
3357 ORDER 8359 20 18 1 32 0
3357 ORDER 8360 17 6 3 13 1
3358 ORDER 8361 16 38 16 44 2
3358 ORDER 8362 44 5 1 37 1
3359 ORDER 8363 37 29 1 2 0
3359 ORDER 8364 12 38 2 31 3
3360 ORDER 8365 39 20 2 6 0
3360 ORDER 8366 51 27 1 19 0
3360 ORDER 8367 10 20 49 44 0
3361 ORDER 8368 16 30 10 44 0
3361 ORDER 8369 36 38 2 10 0
3362 ORDER 8370 6 39 43 43 2
3362 ORDER 8371 14 30 1 44 1
3362 ORDER 8372 15 12 55 43 0
3363 ORDER 8373 24 18 2 3 0
3363 ORDER 8374 25 9 28 44 0
3364 ORDER 8375 27 15 3 1 1
3364 ORDER 8376 50 35 1 1 0
3364 ORDER 8377 37 6 41 44 0
3365 CANCEL 8300
3365 ORDER 8378 41 14 1 3 0
3365 ORDER 8379 49 39 1 9 0
3366 ORDER 8380 51 8 1 20 1
3366 ORDER 8381 55 3 3 8 2
3367 ORDER 8382 10 6 52 43 0
3367 ORDER 8383 33 33 8 43 0
3367 ORDER 8384 41 23 52 44 2
3368 ORDER 8385 41 8 55 44 1
3368 ORDER 8386 25 18 15 43 0
3368 ORDER 8387 13 6 25 43 2
3369 ORDER 8388 10 6 9 44 0
3369 ORDER 8389 46 20 1 10 0
3370 ORDER 8390 37 32 3 9 0
3370 ORDER 8391 26 39 2 33 0
3370 ORDER 8392 7 18 3 9 0
3371 ORDER 8393 29 33 2 34 2
3371 ORDER 8394 30 23 20 43 0
3372 CANCEL 8000
3372 ORDER 8395 6 39 2 24 0
3372 ORDER 8396 15 15 34 43 0
3372 BLOCK 19 42
3373 ORDER 8397 23 8 3 2 1
3373 ORDER 8398 23 23 2 8 1
3373 ORDER 8399 24 20 7 43 1
3374 ORDER 8400 9 38 36 43 3
3374 ORDER 8401 36 24 1 1 0
3375 ORDER 8402 10 19 41 43 0
3375 ORDER 8403 9 5 3 35 1
3375 ORDER 8404 27 38 48 43 0
3376 ORDER 8405 44 20 52 43 1
3376 ORDER 8406 19 32 1 34 0
3377 ORDER 8407 46 29 1 36 1
3377 ORDER 8408 30 33 33 43 1
3378 CANCEL 8148
3378 ORDER 8409 33 9 2 38 1
3378 ORDER 8410 46 24 2 4 0
3378 ORDER 8411 36 32 1 25 3
3379 ORDER 8412 7 38 1 27 0
3379 ORDER 8413 24 33 1 17 2
3380 ORDER 8414 45 18 2 13 0
3380 ORDER 8415 53 41 1 23 1
3380 ORDER 8416 26 14 46 44 1
3381 CANCEL 8048
3381 UNBLOCK 44 22
3381 ORDER 8417 55 8 3 40 0
3381 ORDER 8418 47 30 58 44 0
3381 ORDER 8419 19 38 21 43 3
3382 ORDER 8420 20 26 1 37 0
3382 ORDER 8421 51 36 3 14 0
3382 ORDER 8422 11 26 47 44 0
3383 ORDER 8423 37 5 1 33 3
3383 ORDER 8424 28 38 2 7 0
3383 ORDER 8425 44 9 2 3 0
3384 UNBLOCK 55 6
3384 UNBLOCK 35 5
3384 ORDER 8426 24 26 42 43 0
3384 ORDER 8427 36 20 3 27 0
3384 ORDER 8428 14 15 2 24 1
3385 ORDER 8429 8 15 30 43 2
3385 ORDER 8430 29 5 3 1 2
3386 ORDER 8431 20 38 3 3 0
3386 ORDER 8432 43 27 17 44 0
3387 ORDER 8433 47 8 13 43 1
3387 ORDER 8434 29 11 3 1 0
3387 ORDER 8435 25 30 3 23 1
3388 ORDER 8436 6 39 1 40 0
3388 ORDER 8437 19 24 1 25 0
3388 ORDER 8438 39 5 2 6 0
3389 CANCEL 8087
3389 ORDER 8439 29 29 13 44 0
3389 ORDER 8440 43 14 56 44 2
3389 ORDER 8441 41 39 1 1 1
3390 CANCEL 8317
3390 ORDER 8442 29 27 31 43 3
3390 ORDER 8443 37 14 54 44 2
3391 CANCEL 8092
3391 CANCEL 8358
3391 ORDER 8444 13 33 7 44 3
3391 ORDER 8445 38 3 32 43 0
3391 ORDER 8446 16 36 1 3 0
3392 ORDER 8447 21 36 43 44 1
3392 ORDER 8448 41 36 3 29 1
3393 ORDER 8449 37 27 2 5 1
3393 ORDER 8450 43 27 1 7 1
3393 ORDER 8451 49 20 1 40 1
3394 CANCEL 8302
3394 ORDER 8452 7 30 40 43 0
3394 ORDER 8453 28 33 16 43 0
3394 ORDER 8454 52 20 1 17 1
3395 ORDER 8455 44 33 1 43 3
3395 ORDER 8456 30 14 6 44 1
3396 CANCEL 8208
3396 ORDER 8457 51 36 3 13 0
3396 ORDER 8458 12 21 3 1 0
3396 ORDER 8459 55 14 54 44 0
3396 BLOCK 32 14
3397 ORDER 8460 8 27 1 3 3
3397 ORDER 8461 43 17 36 44 0
3398 ORDER 8462 50 21 2 38 2
3398 ORDER 8463 26 8 2 10 0
3398 ORDER 8464 6 29 3 26 1
3399 ORDER 8465 55 12 3 36 0
3399 ORDER 8466 12 3 2 43 1
3400 CANCEL 8189
3400 ORDER 8467 34 11 26 43 0
3400 ORDER 8468 50 11 58 43 2
3401 CANCEL 8061
3401 ORDER 8469 8 8 2 39 0
3401 ORDER 8470 22 9 2 1 3
3402 ORDER 8471 19 39 24 43 0
3402 ORDER 8472 28 15 3 23 1
3402 ORDER 8473 15 23 13 43 0
3403 ORDER 8474 27 17 29 44 2
3403 ORDER 8475 38 21 2 12 0
3403 ORDER 8476 33 27 43 44 0
3404 UNBLOCK 47 9
3404 CANCEL 8404
3404 ORDER 8477 29 38 1 37 1
3404 ORDER 8478 9 5 1 5 0
3405 CANCEL 8089
3405 CANCEL 8170
3405 ORDER 8479 30 39 50 44 0
3405 ORDER 8480 21 38 1 10 1
3406 ORDER 8481 35 26 43 44 0
3406 ORDER 8482 26 14 20 44 0
3406 ORDER 8483 38 38 1 32 0
3407 CANCEL 8264
3407 ORDER 8484 17 41 2 1 1
3407 ORDER 8485 46 15 3 43 2
3407 ORDER 8486 55 6 47 44 0
3408 ORDER 8487 27 32 31 44 0
3408 ORDER 8488 55 35 9 44 0
3409 ORDER 8489 17 11 2 24 0
3409 ORDER 8490 11 17 29 44 0
3409 ORDER 8491 35 5 43 43 0
3410 CANCEL 8152
3410 ORDER 8492 7 36 2 33 0
3410 ORDER 8493 15 32 3 25 1
3410 ORDER 8494 52 8 1 10 2
3411 CANCEL 8285
3411 ORDER 8495 42 14 9 43 0
3411 ORDER 8496 49 14 2 5 1
3411 ORDER 8497 52 32 57 44 0
3412 CANCEL 8015
3412 ORDER 8498 35 41 3 32 0
3412 ORDER 8499 7 30 14 44 0
3412 ORDER 8500 45 41 3 3 0
3413 ORDER 8501 51 38 36 44 1
3413 ORDER 8502 25 33 2 5 0
3414 CANCEL 8019
3414 ORDER 8503 55 6 1 33 2
3414 ORDER 8504 12 38 3 35 0
3415 ORDER 8505 34 23 3 33 0
3415 ORDER 8506 30 17 57 44 0
3415 ORDER 8507 17 33 22 44 2
3416 ORDER 8508 19 33 2 27 0
3416 ORDER 8509 7 15 33 43 2
3416 ORDER 8510 13 11 52 44 3
3417 ORDER 8511 18 8 3 32 0
3417 ORDER 8512 47 15 31 44 0
3418 ORDER 8513 16 17 2 40 1
3418 ORDER 8514 43 26 36 43 1
3418 ORDER 8515 30 5 33 44 0
3419 ORDER 8516 38 14 35 44 1
3419 ORDER 8517 7 14 1 28 0
3420 UNBLOCK 41 8
3420 ORDER 8518 37 20 3 23 0
3420 ORDER 8519 19 29 1 33 0
3421 ORDER 8520 16 29 5 43 1
3421 ORDER 8521 18 41 1 7 1
3422 ORDER 8522 48 21 19 43 0
3422 ORDER 8523 12 23 2 37 1
3423 ORDER 8524 12 27 3 17 1
3423 ORDER 8525 29 36 3 37 1
3424 ORDER 8526 42 29 2 20 0
3424 ORDER 8527 36 30 1 12 0
3424 ORDER 8528 48 11 3 39 0
3425 ORDER 8529 11 24 1 27 0
3425 ORDER 8530 49 12 1 30 1
3426 CANCEL 8160
3426 CANCEL 8224
3426 ORDER 8531 12 36 3 27 1
3426 ORDER 8532 8 27 30 43 0
3427 ORDER 8533 21 33 40 43 0
3427 ORDER 8534 35 38 2 8 0
3428 ORDER 8535 51 9 56 43 0
3428 ORDER 8536 18 27 16 43 2
3429 CANCEL 8425
3429 ORDER 8537 51 33 30 44 0
3429 ORDER 8538 35 36 1 21 1
3430 ORDER 8539 24 24 54 44 1
3430 ORDER 8540 16 14 1 18 0
3431 ORDER 8541 6 33 3 20 0
3431 ORDER 8542 6 33 54 43 2
3432 CANCEL 8074
3432 ORDER 8543 11 12 2 1 1
3432 ORDER 8544 48 23 53 44 0
3432 ORDER 8545 8 26 2 3 0
3433 ORDER 8546 33 41 28 44 2
3433 ORDER 8547 43 28 2 7 0
3434 ORDER 8548 43 14 1 42 1
3434 ORDER 8549 45 5 23 43 0
3435 ORDER 8550 39 9 2 4 0
3435 ORDER 8551 9 32 20 43 1
3436 ORDER 8552 36 38 30 43 1
3436 ORDER 8553 16 15 41 44 1
3437 CANCEL 8429
3437 ORDER 8554 48 14 3 22 3
3437 ORDER 8555 18 27 1 15 1
3438 ORDER 8556 26 9 2 33 3
3438 ORDER 8557 31 36 58 44 1
3438 ORDER 8558 29 6 30 43 0
3439 CANCEL 8422
3439 ORDER 8559 55 5 56 44 0
3439 ORDER 8560 9 33 3 1 0
3439 ORDER 8561 52 18 1 35 1
3440 ORDER 8562 19 6 1 17 1
3440 ORDER 8563 34 15 2 1 0
3440 ORDER 8564 39 18 2 18 1
3441 ORDER 8565 27 36 1 13 0
3441 ORDER 8566 42 6 44 43 0
3442 CANCEL 8363
3442 ORDER 8567 51 29 10 44 1
3442 ORDER 8568 30 26 43 44 1
3442 ORDER 8569 30 11 2 7 1
3443 ORDER 8570 48 41 2 37 1
3443 ORDER 8571 28 29 3 20 0
3443 ORDER 8572 18 36 42 44 0
3444 ORDER 8573 8 11 7 43 0
3444 ORDER 8574 47 3 3 28 0
3444 ORDER 8575 18 8 4 43 0
3445 ORDER 8576 8 29 1 16 0
3445 ORDER 8577 46 12 2 32 0
3445 ORDER 8578 12 8 1 12 0
3446 ORDER 8579 12 27 22 43 0
3446 ORDER 8580 54 20 4 44 0
3446 ORDER 8581 39 23 3 15 1
3447 ORDER 8582 19 29 2 25 1
3447 ORDER 8583 27 23 1 26 1
3447 ORDER 8584 10 30 2 26 0
3448 ORDER 8585 29 36 35 43 0
3448 ORDER 8586 51 21 46 43 1
3448 ORDER 8587 22 39 9 44 1
3449 ORDER 8588 25 20 34 43 2
3449 ORDER 8589 34 8 13 43 0
3450 CANCEL 8103
3450 ORDER 8590 40 15 55 44 0
3450 ORDER 8591 15 24 1 18 0
3450 ORDER 8592 32 23 1 21 1
3451 ORDER 8593 17 39 1 36 0
3451 ORDER 8594 44 33 43 44 1
3452 ORDER 8595 26 9 3 28 1
3452 ORDER 8596 17 12 18 44 0
3453 ORDER 8597 18 12 3 14 0
3453 ORDER 8598 16 38 3 31 0
3454 UNBLOCK 41 35
3454 ORDER 8599 25 24 53 44 1
3454 ORDER 8600 48 12 2 26 0
3455 ORDER 8601 6 5 1 7 0
3455 ORDER 8602 30 6 45 44 0
3456 CANCEL 8288
3456 ORDER 8603 21 6 3 22 0
3456 ORDER 8604 18 11 26 43 0
3456 ORDER 8605 19 38 1 7 0
3457 ORDER 8606 8 32 42 43 0
3457 ORDER 8607 32 23 2 38 0
3457 ORDER 8608 38 9 2 7 0
3458 ORDER 8609 6 11 3 14 0
3458 ORDER 8610 27 24 2 8 1
3459 ORDER 8611 7 8 28 43 3
3459 ORDER 8612 23 24 1 14 0
3459 ORDER 8613 46 20 38 44 1
3460 ORDER 8614 28 29 2 27 0
3460 ORDER 8615 12 20 6 44 2
3460 ORDER 8616 22 6 2 23 2
3461 ORDER 8617 28 11 12 44 1
3461 ORDER 8618 39 21 2 33 2
3461 ORDER 8619 11 36 1 36 1
3462 CANCEL 8307
3462 CANCEL 8412
3462 ORDER 8620 43 27 3 30 0
3462 ORDER 8621 10 39 20 43 0
3463 ORDER 8622 41 39 1 42 0
3463 ORDER 8623 46 5 3 3 0
3463 ORDER 8624 13 11 3 13 1
3464 CANCEL 8559
3464 ORDER 8625 17 32 3 29 0
3464 ORDER 8626 55 14 12 44 1
3464 ORDER 8627 19 20 2 17 2
3465 CANCEL 8380
3465 ORDER 8628 28 23 1 21 0
3465 ORDER 8629 20 39 9 43 0
3466 ORDER 8630 8 17 3 18 0
3466 ORDER 8631 18 18 4 43 0
3467 ORDER 8632 53 3 19 43 1
3467 ORDER 8633 15 21 48 44 0
3467 ORDER 8634 44 24 1 38 0
3468 ORDER 8635 9 32 3 31 0
3468 ORDER 8636 13 8 18 44 1
3469 ORDER 8637 19 9 1 22 0
3469 ORDER 8638 19 3 3 25 1
3469 ORDER 8639 47 36 1 38 0
3470 CANCEL 8416
3470 ORDER 8640 14 12 43 44 0
3470 ORDER 8641 27 41 1 17 0
3470 ORDER 8642 33 35 1 29 1
3471 CANCEL 8615
3471 ORDER 8643 18 11 1 7 0
3471 ORDER 8644 17 18 53 43 1
3471 ORDER 8645 49 15 58 44 1
3472 CANCEL 8183
3472 ORDER 8646 30 8 2 12 1
3472 ORDER 8647 31 19 3 25 0
3472 ORDER 8648 39 9 2 24 2
3473 ORDER 8649 47 23 28 43 0
3473 ORDER 8650 21 15 3 24 1
3473 ORDER 8651 34 26 17 43 0
3473 BLOCK 31 10
3474 ORDER 8652 33 24 2 14 0
3474 ORDER 8653 10 15 1 38 2
3475 ORDER 8654 25 24 2 14 0
3475 ORDER 8655 19 9 2 27 0
3476 ORDER 8656 11 18 2 5 0
3476 ORDER 8657 38 18 6 44 1
3477 ORDER 8658 46 8 27 44 0
3477 ORDER 8659 45 18 34 43 1
3478 ORDER 8660 20 3 21 44 3
3478 ORDER 8661 14 14 28 43 0
3478 ORDER 8662 49 41 1 32 0
3479 ORDER 8663 7 9 2 11 1
3479 ORDER 8664 54 41 3 15 2
3480 ORDER 8665 41 41 1 27 0
3480 ORDER 8666 26 8 1 3 0
3481 ORDER 8667 20 6 45 44 1
3481 ORDER 8668 18 14 3 31 1
3482 ORDER 8669 27 21 1 8 0
3482 ORDER 8670 17 26 3 44 0
3483 ORDER 8671 46 6 1 30 1
3483 ORDER 8672 35 9 3 14 0
3483 ORDER 8673 45 8 7 44 0
3484 UNBLOCK 32 14
3484 CANCEL 8529
3484 ORDER 8674 41 11 3 28 0
3484 ORDER 8675 19 27 3 34 0
3485 CANCEL 8624
3485 ORDER 8676 30 29 3 36 0
3485 ORDER 8677 6 23 3 36 0
3485 ORDER 8678 38 15 7 43 0
3486 ORDER 8679 35 29 19 43 1
3486 ORDER 8680 55 18 2 4 0
3487 ORDER 8681 38 12 11 43 1
3487 ORDER 8682 20 23 1 28 0
3487 ORDER 8683 20 38 16 44 0
3488 ORDER 8684 19 26 17 44 0
3488 ORDER 8685 19 3 2 41 0
3488 ORDER 8686 42 6 1 25 3
3489 ORDER 8687 45 29 10 43 1
3489 ORDER 8688 47 24 1 36 0
3490 ORDER 8689 42 6 3 5 1
3490 ORDER 8690 49 20 3 7 3
3491 ORDER 8691 12 33 3 7 0
3491 ORDER 8692 17 38 1 30 0
3492 ORDER 8693 26 17 3 35 0
3492 ORDER 8694 51 35 1 36 2
3493 CANCEL 8282
3493 CANCEL 8431
3493 ORDER 8695 48 24 23 44 0
3493 ORDER 8696 33 26 36 44 0
3493 ORDER 8697 31 20 29 43 0
3494 ORDER 8698 51 38 2 31 0
3494 ORDER 8699 42 24 19 44 0
3495 CANCEL 8320
3495 ORDER 8700 7 12 37 43 0
3495 ORDER 8701 51 23 2 11 1
3496 ORDER 8702 54 11 36 44 0
3496 ORDER 8703 9 5 14 44 2
3496 ORDER 8704 47 17 5 43 3
3497 ORDER 8705 35 33 3 32 0
3497 ORDER 8706 15 12 48 43 1
3498 CANCEL 8410
3498 CANCEL 8512
3498 CANCEL 8650
3498 ORDER 8707 47 36 55 44 3
3498 ORDER 8708 37 41 51 44 0
3498 ORDER 8709 22 29 2 32 0
3499 CANCEL 8299
3499 ORDER 8710 10 6 34 44 0
3499 ORDER 8711 8 33 32 43 0
3499 ORDER 8712 49 18 1 17 0
3500 ORDER 8713 39 9 2 9 0
3500 ORDER 8714 37 11 2 16 0
3500 ORDER 8715 50 9 25 43 0
3501 ORDER 8716 29 18 1 24 0
3501 ORDER 8717 16 15 28 44 0
3501 ORDER 8718 46 9 44 44 0
3502 ORDER 8719 31 32 37 43 0
3502 ORDER 8720 26 17 2 42 0
3502 ORDER 8721 46 24 3 16 0
3503 ORDER 8722 54 36 41 44 0
3503 ORDER 8723 27 11 55 44 0
3503 ORDER 8724 41 33 1 41 1
3504 ORDER 8725 53 30 26 44 1
3504 ORDER 8726 23 23 46 44 0
3505 CANCEL 8266
3505 UNBLOCK 19 42
3505 CANCEL 8585
3505 ORDER 8727 43 24 1 5 0
3505 ORDER 8728 7 26 28 44 3
3505 ORDER 8729 41 9 3 44 0
3506 ORDER 8730 18 29 1 1 0
3506 ORDER 8731 53 33 50 43 0
3506 ORDER 8732 52 26 2 36 1
3507 ORDER 8733 34 9 54 44 0
3507 ORDER 8734 46 11 46 44 0
3508 ORDER 8735 8 21 1 10 0
3508 ORDER 8736 21 9 42 43 1
3509 CANCEL 8526
3509 ORDER 8737 36 38 2 7 0
3509 ORDER 8738 20 30 24 43 2
3509 ORDER 8739 49 15 11 44 1
3510 ORDER 8740 29 26 9 44 0
3510 ORDER 8741 10 12 2 33 0
3511 ORDER 8742 13 35 13 43 0
3511 ORDER 8743 11 29 42 43 0
3511 ORDER 8744 53 39 47 43 0
3512 CANCEL 8500
3512 ORDER 8745 48 17 3 35 1
3512 ORDER 8746 16 24 13 44 0
3513 ORDER 8747 7 39 30 44 0
3513 ORDER 8748 11 30 9 44 0
3513 ORDER 8749 49 26 2 14 2
3514 ORDER 8750 49 33 57 43 0
3514 ORDER 8751 48 4 3 7 0
3515 ORDER 8752 44 33 42 44 0
3515 ORDER 8753 26 20 1 37 0
3516 ORDER 8754 29 17 6 43 0
3516 ORDER 8755 12 3 2 1 2
3517 CANCEL 8392
3517 ORDER 8756 25 24 1 2 0
3517 ORDER 8757 37 39 3 2 1
3517 ORDER 8758 29 14 1 31 0
3518 ORDER 8759 37 20 3 40 1
3518 ORDER 8760 47 36 1 24 1
3519 ORDER 8761 41 30 58 43 2
3519 ORDER 8762 49 24 1 26 0
3519 ORDER 8763 39 24 2 10 3
3520 CANCEL 8385
3520 ORDER 8764 17 9 2 44 0
3520 ORDER 8765 52 5 44 44 1
3520 CANCEL 108765
3521 CANCEL 8535
3521 ORDER 8766 26 39 31 43 2
3521 ORDER 8767 22 12 37 43 0
3522 CANCEL 8388
3522 CANCEL 8723
3522 ORDER 8768 54 32 2 43 1
3522 ORDER 8769 10 14 30 44 0
3522 ORDER 8770 7 5 2 35 1
3523 CANCEL 8414
3523 ORDER 8771 52 35 51 44 0
3523 ORDER 8772 22 8 9 43 1
3523 ORDER 8773 25 3 3 30 1
3524 ORDER 8774 35 38 24 44 0
3524 ORDER 8775 40 20 29 43 0
3524 ORDER 8776 11 41 2 36 1
3525 ORDER 8777 16 14 1 5 0
3525 ORDER 8778 12 21 3 34 1
3526 ORDER 8779 39 14 3 37 1
3526 ORDER 8780 50 30 24 44 1
3526 ORDER 8781 27 17 1 25 2
3527 CANCEL 8310
3527 ORDER 8782 13 5 35 44 1
3527 ORDER 8783 44 41 45 44 1
3528 ORDER 8784 11 29 1 32 0
3528 ORDER 8785 9 18 5 43 0
3529 ORDER 8786 25 41 1 9 1
3529 ORDER 8787 52 24 42 43 0
3529 ORDER 8788 40 39 51 43 3
3530 ORDER 8789 25 15 2 34 0
3530 ORDER 8790 17 23 47 44 1
3530 ORDER 8791 25 15 32 43 0
3531 ORDER 8792 28 29 3 37 0
3531 ORDER 8793 46 8 53 44 2
3532 ORDER 8794 44 24 2 26 0
3532 ORDER 8795 52 18 2 13 0
3533 CANCEL 8435
3533 CANCEL 8502
3533 ORDER 8796 25 5 3 41 0
3533 ORDER 8797 55 30 42 44 3
3534 ORDER 8798 21 20 45 44 0
3534 ORDER 8799 34 17 3 28 0
3534 ORDER 8800 29 14 12 43 2
3535 ORDER 8801 16 36 1 44 0
3535 ORDER 8802 52 15 53 44 1
3536 ORDER 8803 29 11 3 14 1
3536 ORDER 8804 34 32 2 5 1
3536 ORDER 8805 10 8 20 44 2
3537 CANCEL 8757
3537 ORDER 8806 16 5 8 44 0
3537 ORDER 8807 51 27 26 43 0
3538 ORDER 8808 19 36 3 13 2
3538 ORDER 8809 38 30 1 5 0
3539 CANCEL 8771
3539 ORDER 8810 9 35 5 44 0
3539 ORDER 8811 45 6 1 27 1
3539 ORDER 8812 38 11 1 6 0
3540 CANCEL 8733
3540 ORDER 8813 36 15 1 26 0
3540 ORDER 8814 27 6 3 33 1
3541 ORDER 8815 32 35 44 43 0
3541 ORDER 8816 21 29 5 44 0
3541 ORDER 8817 21 29 31 44 0
3542 ORDER 8818 51 27 1 6 0
3542 ORDER 8819 45 15 3 21 0
3542 ORDER 8820 48 5 45 44 0
3543 ORDER 8821 36 39 2 35 0
3543 ORDER 8822 20 29 1 37 0
3544 ORDER 8823 19 27 5 44 0
3544 ORDER 8824 47 39 1 17 1
3545 ORDER 8825 44 5 23 44 0
3545 ORDER 8826 24 20 39 43 0
3546 ORDER 8827 27 41 2 19 0
3546 ORDER 8828 51 14 11 43 1
3547 ORDER 8829 52 5 37 43 0
3547 ORDER 8830 37 36 3 38 0
3548 ORDER 8831 10 3 38 44 1
3548 ORDER 8832 54 36 3 33 0
3548 ORDER 8833 35 6 2 7 0
3549 ORDER 8834 8 36 19 44 0
3549 ORDER 8835 26 41 1 5 1
3550 ORDER 8836 20 23 3 12 0
3550 ORDER 8837 9 39 18 44 0
3550 ORDER 8838 35 8 13 44 0
3551 ORDER 8839 20 41 2 29 1
3551 ORDER 8840 38 32 21 44 0
3551 ORDER 8841 30 39 27 44 0
3552 ORDER 8842 23 6 3 7 0
3552 ORDER 8843 16 30 2 7 0
3552 ORDER 8844 39 33 8 44 1
3553 ORDER 8845 54 3 34 43 0
3553 ORDER 8846 15 21 45 44 0
3554 CANCEL 8619
3554 ORDER 8847 8 5 3 6 0
3554 ORDER 8848 40 35 2 2 0
3554 ORDER 8849 12 5 3 32 1
3555 ORDER 8850 29 15 2 25 1
3555 ORDER 8851 38 31 1 7 2
3555 ORDER 8852 37 29 50 44 0
3556 CANCEL 8468
3556 ORDER 8853 12 8 3 29 3
3556 ORDER 8854 54 3 52 44 1
3557 ORDER 8855 54 36 16 44 0
3557 ORDER 8856 44 24 51 44 0
3558 ORDER 8857 44 17 1 9 0
3558 ORDER 8858 36 27 2 21 0
3559 ORDER 8859 13 9 14 44 0
3559 ORDER 8860 15 21 47 44 0
3560 ORDER 8861 39 15 40 44 0
3560 ORDER 8862 6 36 22 44 1
3560 ORDER 8863 27 27 2 34 1
3561 ORDER 8864 43 12 42 44 1
3561 ORDER 8865 8 14 36 43 0
3562 ORDER 8866 27 18 6 43 0
3562 ORDER 8867 40 5 2 42 0
3563 ORDER 8868 54 11 2 19 0
3563 ORDER 8869 25 17 23 44 0
3563 ORDER 8870 46 39 1 34 2
3564 CANCEL 8713
3564 ORDER 8871 25 5 2 44 3
3564 ORDER 8872 52 27 6 43 0
3564 ORDER 8873 44 15 18 44 0
3565 ORDER 8874 33 9 3 28 0
3565 ORDER 8875 18 12 2 4 0
3565 ORDER 8876 53 15 2 17 0
3566 ORDER 8877 12 8 3 39 0
3566 ORDER 8878 10 38 2 3 0
3567 ORDER 8879 39 18 46 44 1
3567 ORDER 8880 20 36 27 44 0
3568 ORDER 8881 55 30 48 44 0
3568 ORDER 8882 19 33 2 35 0
3568 ORDER 8883 12 27 3 6 2
3569 ORDER 8884 28 17 1 13 1
3569 ORDER 8885 30 23 2 29 0
3570 CANCEL 8441
3570 ORDER 8886 22 5 20 44 1
3570 ORDER 8887 37 6 6 44 2
3571 ORDER 8888 19 39 3 16 0
3571 ORDER 8889 21 18 2 27 0
3571 ORDER 8890 37 39 2 28 0
3572 ORDER 8891 28 9 3 9 0
3572 ORDER 8892 19 6 24 44 1
3572 ORDER 8893 33 14 1 14 0
3573 CANCEL 8451
3573 ORDER 8894 26 15 2 14 0
3573 ORDER 8895 26 3 43 44 0
3573 ORDER 8896 7 14 8 43 0
3574 ORDER 8897 26 3 45 44 1
3574 ORDER 8898 11 9 1 8 1
3575 ORDER 8899 15 14 1 33 0
3575 ORDER 8900 10 11 21 44 1
3575 ORDER 8901 16 25 6 43 1
3576 ORDER 8902 8 23 10 44 0
3576 ORDER 8903 25 30 3 19 1
3576 ORDER 8904 19 39 1 42 3
3577 ORDER 8905 16 12 2 28 0
3577 ORDER 8906 48 20 27 43 2
3577 ORDER 8907 37 8 1 28 0
3578 CANCEL 8476
3578 CANCEL 8560
3578 ORDER 8908 30 36 1 20 0
3578 ORDER 8909 23 24 3 28 0
3579 ORDER 8910 20 17 40 43 2
3579 ORDER 8911 12 39 26 44 0
3579 ORDER 8912 16 26 3 44 0
3580 ORDER 8913 36 8 27 44 0
3580 ORDER 8914 33 11 34 43 0
3581 ORDER 8915 55 27 3 42 1
3581 ORDER 8916 33 21 24 43 3
3581 ORDER 8917 37 3 6 43 1
3582 CANCEL 8577
3582 CANCEL 8743
3582 CANCEL 8872
3582 ORDER 8918 55 21 1 5 1
3582 ORDER 8919 46 32 34 44 1
3583 ORDER 8920 28 15 49 43 1
3583 ORDER 8921 27 29 3 21 0
3584 ORDER 8922 43 26 30 44 0
3584 ORDER 8923 41 41 1 20 0
3585 CANCEL 8474
3585 ORDER 8924 17 36 11 43 2
3585 ORDER 8925 40 15 3 39 0
3586 ORDER 8926 7 14 40 44 1
3586 ORDER 8927 39 39 42 43 3
3586 ORDER 8928 13 3 19 44 0
3587 ORDER 8929 55 41 2 38 0
3587 ORDER 8930 33 12 47 44 0
3587 ORDER 8931 38 15 23 43 1
3588 UNBLOCK 31 10
3588 CANCEL 8846
3588 ORDER 8932 16 39 2 39 0
3588 ORDER 8933 13 8 3 42 1
3589 ORDER 8934 18 17 51 44 0
3589 ORDER 8935 28 23 29 44 1
3589 ORDER 8936 50 38 19 43 3
3590 ORDER 8937 55 30 8 43 0
3590 ORDER 8938 32 30 15 43 1
3591 ORDER 8939 37 36 40 43 1
3591 ORDER 8940 48 26 28 44 3
3592 ORDER 8941 20 38 28 44 0
3592 ORDER 8942 18 39 3 17 0
3592 ORDER 8943 53 26 1 8 0
3593 ORDER 8944 34 32 2 3 1
3593 ORDER 8945 49 5 37 43 1
3594 CANCEL 8587
3594 CANCEL 8755
3594 ORDER 8946 45 26 27 43 0
3594 ORDER 8947 29 14 2 19 3
3595 CANCEL 8874
3595 CANCEL 8902
3595 ORDER 8948 38 9 24 43 2
3595 ORDER 8949 34 17 3 24 0
3596 ORDER 8950 16 8 40 43 0
3596 ORDER 8951 12 33 1 42 0
3596 ORDER 8952 34 3 3 15 0
3597 ORDER 8953 17 12 3 26 0
3597 ORDER 8954 16 11 3 29 0
3598 ORDER 8955 9 15 55 44 2
3598 ORDER 8956 34 15 3 31 0
3599 CANCEL 8496
3599 ORDER 8957 18 30 48 44 0
3599 ORDER 8958 54 15 1 21 1
3600 ORDER 8959 38 9 2 38 0
3600 ORDER 8960 35 29 3 44 1
3600 ORDER 8961 42 33 1 21 0
3601 ORDER 8962 41 21 12 43 1
3601 ORDER 8963 51 23 3 23 0
3602 ORDER 8964 43 33 1 10 0
3602 ORDER 8965 22 6 22 43 0
3602 ORDER 8966 9 30 2 23 0
3603 ORDER 8967 28 9 9 43 0
3603 ORDER 8968 36 33 2 30 0
3604 CANCEL 8508
3604 ORDER 8969 43 31 21 43 1
3604 ORDER 8970 46 30 51 44 0
3604 ORDER 8971 39 11 2 42 0
3605 ORDER 8972 34 27 20 44 0
3605 ORDER 8973 30 8 1 4 0
3605 BLOCK 5 11
3606 CANCEL 8927
3606 ORDER 8974 53 30 32 43 3
3606 ORDER 8975 50 27 44 43 2
3606 ORDER 8976 53 20 3 39 0
3607 CANCEL 8840
3607 ORDER 8977 19 38 1 35 2
3607 ORDER 8978 41 33 13 44 1
3607 ORDER 8979 7 5 54 44 0
3608 ORDER 8980 12 35 2 18 0
3608 ORDER 8981 41 35 2 29 1
3608 ORDER 8982 40 9 49 44 0
3609 CANCEL 8600
3609 ORDER 8983 39 8 2 22 0
3609 ORDER 8984 41 14 2 1 1
3610 ORDER 8985 23 8 38 44 3
3610 ORDER 8986 48 12 1 35 0
3610 ORDER 8987 29 12 2 4 0
3611 ORDER 8988 17 17 2 42 0
3611 ORDER 8989 46 18 3 44 0
3612 ORDER 8990 35 20 7 44 1
3612 ORDER 8991 40 21 45 43 0
3612 ORDER 8992 27 5 36 43 1
3613 ORDER 8993 50 33 4 44 0
3613 ORDER 8994 39 20 43 43 2
3614 ORDER 8995 26 5 1 19 1
3614 ORDER 8996 43 23 3 13 1
3614 BLOCK 44 29
3615 ORDER 8997 35 24 2 14 1
3615 ORDER 8998 9 6 2 28 0
3616 ORDER 8999 27 9 17 44 0
3616 ORDER 9000 6 6 3 8 3
3616 ORDER 9001 36 24 19 43 0
3617 ORDER 9002 39 15 29 44 0
3617 ORDER 9003 40 12 1 44 1
3617 ORDER 9004 33 33 26 44 1
3618 CANCEL 8522
3618 ORDER 9005 48 20 1 4 0
3618 ORDER 9006 38 18 2 37 0
3618 ORDER 9007 55 33 3 35 0
3619 CANCEL 8986
3619 ORDER 9008 30 3 3 40 0
3619 ORDER 9009 11 15 17 43 1
3619 ORDER 9010 34 41 50 43 1
3620 ORDER 9011 11 27 3 9 0
3620 ORDER 9012 22 5 2 11 1
3620 ORDER 9013 47 21 4 44 0
3621 ORDER 9014 39 29 2 7 0
3621 ORDER 9015 15 17 3 34 1
3622 CANCEL 8849
3622 CANCEL 8917
3622 ORDER 9016 50 41 39 43 0
3622 ORDER 9017 17 11 57 43 1
3623 ORDER 9018 8 21 36 44 0
3623 ORDER 9019 24 33 1 23 0
3624 ORDER 9020 30 20 3 35 0
3624 ORDER 9021 34 15 1 35 0
3624 ORDER 9022 52 21 2 42 1
3624 BLOCK 54 14
3625 ORDER 9023 17 32 25 44 1
3625 ORDER 9024 39 17 42 44 0
3626 ORDER 9025 13 8 3 31 1
3626 ORDER 9026 31 35 2 17 0
3626 ORDER 9027 27 39 1 41 0
3627 ORDER 9028 46 35 31 44 0
3627 ORDER 9029 28 21 1 27 0
3628 ORDER 9030 18 27 3 38 2
3628 ORDER 9031 19 32 16 44 2
3629 ORDER 9032 44 36 3 11 1
3629 ORDER 9033 20 9 1 12 0
3629 ORDER 9034 46 17 3 32 1
3630 CANCEL 8707
3630 ORDER 9035 39 6 1 18 0
3630 ORDER 9036 20 14 17 43 3
3631 ORDER 9037 21 36 13 43 1
3631 ORDER 9038 6 17 38 43 0
3632 ORDER 9039 17 27 3 12 0
3632 ORDER 9040 26 15 55 43 0
3632 ORDER 9041 37 5 1 38 2
3633 ORDER 9042 12 11 11 44 0
3633 ORDER 9043 53 41 8 44 2
3633 ORDER 9044 55 14 2 15 0
3634 ORDER 9045 8 18 48 44 1
3634 ORDER 9046 30 41 3 43 1
3634 ORDER 9047 26 26 29 43 1
3635 ORDER 9048 28 27 2 25 0
3635 ORDER 9049 18 20 8 43 2
3636 ORDER 9050 55 17 22 44 3
3636 ORDER 9051 13 20 3 20 0
3636 ORDER 9052 6 14 2 28 0
3637 ORDER 9053 54 30 51 44 0
3637 ORDER 9054 8 8 1 31 0
3637 ORDER 9055 6 30 1 22 1
3638 CANCEL 8607
3638 ORDER 9056 49 5 2 22 0
3638 ORDER 9057 52 20 39 43 0
3639 ORDER 9058 43 27 3 36 0
3639 ORDER 9059 22 8 24 43 0
3639 ORDER 9060 29 5 34 43 0
3640 ORDER 9061 49 33 7 43 0
3640 ORDER 9062 46 20 3 39 1
3641 CANCEL 8799
3641 ORDER 9063 46 24 47 44 1
3641 ORDER 9064 29 35 2 35 0
3641 ORDER 9065 32 23 3 8 1
3642 ORDER 9066 48 14 2 4 0
3642 ORDER 9067 37 3 2 16 0
3643 ORDER 9068 16 9 3 44 0
3643 ORDER 9069 9 41 42 43 1
3643 ORDER 9070 16 21 3 33 0
3644 ORDER 9071 36 29 9 44 0
3644 ORDER 9072 51 35 37 44 0
3645 CANCEL 8789
3645 ORDER 9073 52 6 3 32 1
3645 ORDER 9074 25 17 1 40 1
3646 CANCEL 9034
3646 ORDER 9075 46 5 1 23 3
3646 ORDER 9076 55 5 3 44 0
3647 ORDER 9077 46 21 2 19 0
3647 ORDER 9078 51 12 55 44 1
3648 ORDER 9079 16 12 3 11 0
3648 ORDER 9080 45 39 57 43 0
3648 ORDER 9081 29 8 31 44 1
3649 CANCEL 8684
3649 ORDER 9082 23 6 26 44 2
3649 ORDER 9083 19 14 51 44 0
3649 ORDER 9084 54 14 3 3 0
3650 ORDER 9085 55 39 24 44 0
3650 ORDER 9086 49 41 22 44 3
3650 ORDER 9087 19 36 3 8 2
3651 CANCEL 8830
3651 ORDER 9088 37 30 1 11 3
3651 ORDER 9089 23 8 27 43 0
3651 ORDER 9090 17 20 14 44 1
3652 CANCEL 8731
3652 CANCEL 9061
3652 ORDER 9091 49 17 35 44 0
3652 ORDER 9092 19 14 14 43 0
3653 ORDER 9093 25 33 2 20 1
3653 ORDER 9094 21 34 1 25 0
3653 ORDER 9095 7 11 1 29 0
3654 ORDER 9096 54 25 1 37 1
3654 ORDER 9097 6 5 8 44 0
3655 CANCEL 8604
3655 ORDER 9098 11 6 3 16 1
3655 ORDER 9099 39 21 3 26 0
3656 ORDER 9100 54 33 1 34 2
3656 ORDER 9101 28 36 8 43 0
3656 ORDER 9102 18 29 1 22 0
3657 ORDER 9103 31 15 2 20 1
3657 ORDER 9104 7 36 1 12 1
3658 CANCEL 8896
3658 ORDER 9105 49 3 3 39 3
3658 ORDER 9106 18 30 3 15 0
3659 ORDER 9107 15 41 2 10 0
3659 ORDER 9108 29 17 2 2 1
3660 UNBLOCK 54 14
3660 ORDER 9109 17 20 15 43 1
3660 ORDER 9110 25 18 22 43 0
3660 ORDER 9111 47 32 2 4 0
3661 ORDER 9112 54 12 3 28 3
3661 ORDER 9113 47 38 6 44 1
3661 ORDER 9114 33 33 14 43 0
3662 ORDER 9115 52 5 1 31 2
3662 ORDER 9116 11 15 2 39 3
3663 ORDER 9117 40 39 31 43 0
3663 ORDER 9118 55 35 58 44 2
3664 ORDER 9119 25 5 24 44 1
3664 ORDER 9120 43 32 6 43 0
3664 ORDER 9121 53 26 30 43 0
3665 ORDER 9122 22 5 9 44 0
3665 ORDER 9123 17 23 3 10 0
3666 ORDER 9124 33 27 36 43 0
3666 ORDER 9125 16 39 2 1 3
3666 ORDER 9126 45 3 2 1 0
3667 ORDER 9127 46 27 3 24 0
3667 ORDER 9128 36 36 3 35 0
3668 ORDER 9129 42 33 1 20 0
3668 ORDER 9130 34 33 28 44 2
3668 ORDER 9131 22 15 40 43 0
3669 CANCEL 8945
3669 ORDER 9132 54 9 46 44 0
3669 ORDER 9133 21 20 1 35 3
3669 ORDER 9134 35 27 45 44 0
3670 ORDER 9135 23 26 1 36 1
3670 ORDER 9136 7 27 2 12 1
3671 ORDER 9137 11 12 1 1 1
3671 ORDER 9138 38 41 25 43 0
3671 ORDER 9139 12 8 13 44 1
3672 CANCEL 8701
3672 ORDER 9140 50 12 2 26 0
3672 ORDER 9141 46 5 3 20 1
3673 CANCEL 8776
3673 ORDER 9142 49 23 54 43 1
3673 ORDER 9143 28 9 3 39 1
3673 ORDER 9144 8 35 1 37 0
3674 ORDER 9145 9 24 2 36 0
3674 ORDER 9146 49 36 52 44 0
3675 ORDER 9147 11 17 1 20 0
3675 ORDER 9148 17 30 1 2 0
3675 ORDER 9149 50 8 33 44 0
3676 ORDER 9150 39 6 29 44 0
3676 ORDER 9151 40 3 48 44 0
3676 ORDER 9152 17 8 2 35 0
3677 ORDER 9153 25 29 15 43 1
3677 ORDER 9154 15 41 55 44 0
3677 ORDER 9155 29 5 30 44 1
3678 CANCEL 8732
3678 ORDER 9156 6 3 16 43 0
3678 ORDER 9157 32 20 54 44 0
3678 ORDER 9158 30 20 5 44 0
3679 CANCEL 8892
3679 CANCEL 8959
3679 ORDER 9159 52 21 2 43 3
3679 ORDER 9160 10 32 3 21 1
3679 ORDER 9161 7 12 56 43 0
3680 ORDER 9162 17 18 3 34 0
3680 ORDER 9163 6 35 2 17 1
3681 UNBLOCK 44 29
3681 ORDER 9164 18 36 15 43 0
3681 ORDER 9165 54 38 19 44 0
3681 ORDER 9166 45 24 39 43 0
3682 CANCEL 9141
3682 ORDER 9167 28 17 2 7 0
3682 ORDER 9168 33 26 1 19 0
3683 ORDER 9169 6 11 8 43 0
3683 ORDER 9170 40 39 52 43 1
3683 ORDER 9171 10 17 1 8 0
3684 ORDER 9172 52 6 3 43 1
3684 ORDER 9173 39 36 2 29 0
3685 ORDER 9174 37 24 3 20 3
3685 ORDER 9175 17 5 26 43 2
3685 ORDER 9176 29 11 3 2 1
3686 CANCEL 8860
3686 ORDER 9177 6 11 1 29 3
3686 ORDER 9178 35 39 35 43 0
3687 ORDER 9179 8 23 55 44 0
3687 ORDER 9180 8 36 18 43 2
3687 ORDER 9181 55 18 1 19 1
3688 ORDER 9182 8 35 20 43 0
3688 ORDER 9183 32 18 39 44 0
3688 ORDER 9184 45 6 22 44 0
3689 ORDER 9185 12 27 3 28 3
3689 ORDER 9186 46 38 36 44 0
3689 ORDER 9187 20 8 3 11 1
3690 ORDER 9188 12 41 2 20 0
3690 ORDER 9189 50 32 46 43 0
3691 ORDER 9190 55 23 24 44 0
3691 ORDER 9191 40 11 23 43 1
3692 CANCEL 9032
3692 ORDER 9192 13 9 2 33 0
3692 ORDER 9193 15 27 2 8 0
3693 ORDER 9194 34 21 3 29 0
3693 ORDER 9195 41 23 1 11 1
3693 ORDER 9196 50 32 32 44 0
3694 CANCEL 8848
3694 ORDER 9197 27 24 13 43 1
3694 ORDER 9198 35 17 3 30 0
3695 CANCEL 8836
3695 ORDER 9199 16 12 2 9 0
3695 ORDER 9200 17 26 23 44 0
3696 ORDER 9201 14 17 3 3 0
3696 ORDER 9202 28 20 3 8 1
3697 CANCEL 8852
3697 ORDER 9203 7 29 3 43 0
3697 ORDER 9204 52 24 3 42 1
3697 ORDER 9205 40 11 1 11 1
3698 CANCEL 8758
3698 ORDER 9206 47 17 11 43 1
3698 ORDER 9207 42 12 1 18 0
3698 BLOCK 52 10
3699 ORDER 9208 20 6 2 2 1
3699 ORDER 9209 7 14 55 43 0
3699 ORDER 9210 39 21 44 43 0
3700 ORDER 9211 8 29 2 15 3
3700 ORDER 9212 38 27 54 43 1
3701 ORDER 9213 46 3 1 8 1
3701 ORDER 9214 18 11 3 36 0
3701 ORDER 9215 40 5 3 2 0
3702 UNBLOCK 5 11
3702 ORDER 9216 10 17 2 5 0
3702 ORDER 9217 34 21 57 43 1
3703 ORDER 9218 8 3 46 44 1
3703 ORDER 9219 9 24 33 43 2
3703 ORDER 9220 50 9 2 7 0
3704 ORDER 9221 44 24 26 43 0
3704 ORDER 9222 36 11 2 24 0
3705 ORDER 9223 40 12 42 43 1
3705 ORDER 9224 7 38 2 20 0
3706 ORDER 9225 10 23 27 44 0
3706 ORDER 9226 11 20 3 19 0
3707 CANCEL 8895
3707 ORDER 9227 37 24 1 12 1
3707 ORDER 9228 38 36 1 23 0
3708 ORDER 9229 6 3 12 44 0
3708 ORDER 9230 54 35 48 44 0
3708 ORDER 9231 29 26 22 43 0
3709 CANCEL 9075
3709 ORDER 9232 48 17 24 44 0
3709 ORDER 9233 43 15 2 43 0
3710 ORDER 9234 55 41 1 17 0
3710 ORDER 9235 37 11 1 39 1
3711 CANCEL 9019
3711 ORDER 9236 27 18 1 12 0
3711 ORDER 9237 12 38 13 44 0
3711 ORDER 9238 28 27 37 43 1
3712 ORDER 9239 35 24 1 9 0
3712 ORDER 9240 13 38 1 8 0
3713 ORDER 9241 45 33 24 44 2
3713 ORDER 9242 36 26 29 43 1
3714 ORDER 9243 42 21 3 19 2
3714 ORDER 9244 18 5 1 28 0
3714 ORDER 9245 32 20 2 14 0
3715 ORDER 9246 40 3 3 40 0
3715 ORDER 9247 38 11 3 40 0
3715 ORDER 9248 46 41 45 44 2
3716 ORDER 9249 16 29 12 43 0
3716 ORDER 9250 33 39 30 44 1
3716 ORDER 9251 28 41 2 39 0
3717 ORDER 9252 9 32 1 37 0
3717 ORDER 9253 21 14 3 33 1
3717 ORDER 9254 7 17 33 43 0
3718 CANCEL 9210
3718 ORDER 9255 29 18 13 43 1
3718 ORDER 9256 23 24 35 44 2
3718 ORDER 9257 35 38 2 39 0
3719 ORDER 9258 51 33 47 43 0
3719 ORDER 9259 7 8 55 43 1
3719 ORDER 9260 40 6 52 43 0
3720 ORDER 9261 45 41 3 12 0
3720 ORDER 9262 55 35 1 21 0
3720 ORDER 9263 35 36 3 28 0
3721 ORDER 9264 13 11 2 3 0
3721 ORDER 9265 52 26 2 31 1
3721 ORDER 9266 11 30 3 21 0
3722 ORDER 9267 55 20 24 43 1
3722 ORDER 9268 43 17 39 43 0
3723 CANCEL 9202
3723 ORDER 9269 14 14 43 44 0
3723 ORDER 9270 11 23 44 44 0
3724 ORDER 9271 11 20 3 23 2
3724 ORDER 9272 15 30 2 5 1
3724 ORDER 9273 44 32 2 38 2
3725 CANCEL 8973
3725 ORDER 9274 19 17 19 44 1
3725 ORDER 9275 37 41 1 42 0
3725 ORDER 9276 24 18 40 44 1
3726 ORDER 9277 38 15 1 6 3
3726 ORDER 9278 36 5 1 23 0
3727 ORDER 9279 17 18 2 20 1
3727 ORDER 9280 13 35 3 3 0
3728 ORDER 9281 11 20 1 22 1
3728 ORDER 9282 35 24 38 43 0
3729 ORDER 9283 19 3 1 10 2
3729 ORDER 9284 10 27 1 44 2
3730 ORDER 9285 44 11 1 4 0
3730 ORDER 9286 6 38 2 30 1
3730 ORDER 9287 30 3 1 28 0
3731 ORDER 9288 19 20 39 43 0
3731 ORDER 9289 27 3 1 19 2
3732 ORDER 9290 26 24 2 26 1
3732 ORDER 9291 20 9 43 44 0
3733 ORDER 9292 46 3 32 43 0
3733 ORDER 9293 13 38 19 43 0
3734 CANCEL 8832
3734 ORDER 9294 39 15 27 44 0
3734 ORDER 9295 32 35 6 44 0
3735 CANCEL 8919
3735 ORDER 9296 26 39 23 44 0
3735 ORDER 9297 53 20 3 16 0
3735 ORDER 9298 48 41 2 30 1
3736 ORDER 9299 49 12 3 5 0
3736 ORDER 9300 31 6 22 43 0
3736 BLOCK 51 5
3737 ORDER 9301 20 15 2 6 0
3737 ORDER 9302 17 24 28 43 0
3737 ORDER 9303 44 17 1 38 0
3738 ORDER 9304 44 41 2 29 3
3738 ORDER 9305 51 6 20 44 0
3738 ORDER 9306 30 14 1 9 0
3739 ORDER 9307 27 41 2 37 1
3739 ORDER 9308 45 38 52 44 1
3739 ORDER 9309 26 11 49 44 2
3740 ORDER 9310 53 39 2 31 0
3740 ORDER 9311 36 9 3 4 3
3740 ORDER 9312 46 29 9 44 0
3741 CANCEL 9079
3741 ORDER 9313 20 17 41 43 0
3741 ORDER 9314 36 12 3 34 0
3742 ORDER 9315 46 6 1 14 2
3742 ORDER 9316 45 17 50 44 1
3742 ORDER 9317 44 35 1 23 1
3743 ORDER 9318 8 41 3 22 1
3743 ORDER 9319 26 18 2 43 0
3744 ORDER 9320 10 38 2 39 0
3744 ORDER 9321 54 35 34 43 2
3745 CANCEL 9253
3745 CANCEL 9262
3745 ORDER 9322 11 30 32 43 2
3745 ORDER 9323 8 32 57 43 0
3745 ORDER 9324 34 5 2 43 0
3746 ORDER 9325 6 27 1 14 1
3746 ORDER 9326 30 9 53 43 1
3746 BLOCK 19 24
3747 CANCEL 9231
3747 ORDER 9327 55 9 1 21 0
3747 ORDER 9328 8 6 2 15 1
3747 ORDER 9329 29 6 2 17 0
3748 CANCEL 9305
3748 ORDER 9330 42 23 3 25 0
3748 ORDER 9331 29 26 1 23 0
3748 ORDER 9332 17 21 27 44 0
3749 ORDER 9333 7 21 10 43 0
3749 ORDER 9334 29 8 3 40 1
3750 ORDER 9335 22 35 3 29 1
3750 ORDER 9336 13 38 1 37 0
3751 ORDER 9337 51 23 2 11 1
3751 ORDER 9338 16 5 36 43 0
3751 ORDER 9339 11 26 24 43 0
3752 ORDER 9340 22 11 14 44 1
3752 ORDER 9341 17 3 2 21 0
3753 ORDER 9342 6 24 3 41 0
3753 ORDER 9343 21 20 1 33 0
3754 ORDER 9344 18 6 38 43 0
3754 ORDER 9345 17 36 24 44 0
3754 ORDER 9346 23 24 2 16 0
3755 ORDER 9347 12 3 57 44 0
3755 ORDER 9348 18 41 2 44 0
3756 ORDER 9349 20 18 3 21 1
3756 ORDER 9350 41 35 14 43 0
3757 ORDER 9351 9 29 4 43 1
3757 ORDER 9352 52 18 8 43 0
3757 ORDER 9353 55 39 3 6 0
3758 ORDER 9354 25 18 1 16 0
3758 ORDER 9355 28 32 44 44 0
3759 ORDER 9356 52 32 29 43 3
3759 ORDER 9357 19 20 7 43 0
3759 ORDER 9358 39 18 5 43 1
3760 ORDER 9359 36 5 41 43 0
3760 ORDER 9360 27 14 3 19 1
3761 ORDER 9361 36 14 1 16 1
3761 ORDER 9362 46 14 27 43 0
3761 ORDER 9363 40 35 2 15 0
3762 CANCEL 9266
3762 ORDER 9364 36 18 3 25 2
3762 ORDER 9365 21 17 17 44 0
3762 ORDER 9366 38 26 58 43 0
3763 ORDER 9367 47 26 29 44 0
3763 ORDER 9368 34 8 2 3 2
3763 ORDER 9369 45 15 47 44 0
3764 CANCEL 9046
3764 ORDER 9370 14 32 2 28 0
3764 ORDER 9371 51 6 2 33 0
3765 ORDER 9372 31 38 46 44 1
3765 ORDER 9373 33 12 3 12 0
3766 ORDER 9374 13 36 34 44 0
3766 ORDER 9375 42 24 12 44 0
3766 ORDER 9376 41 36 57 43 2
3767 CANCEL 8909
3767 CANCEL 9299
3767 ORDER 9377 20 23 4 43 1
3767 ORDER 9378 20 8 32 43 0
3768 ORDER 9379 31 18 2 20 0
3768 ORDER 9380 8 33 45 43 0
3768 ORDER 9381 53 5 3 37 2
3769 ORDER 9382 54 27 38 43 0
3769 ORDER 9383 14 15 2 1 0
3769 ORDER 9384 39 8 17 44 2
3770 ORDER 9385 52 30 1 1 0
3770 ORDER 9386 45 29 1 42 0
3770 ORDER 9387 45 17 3 26 0
3771 CANCEL 9257
3771 ORDER 9388 26 27 3 34 1
3771 ORDER 9389 40 36 2 35 0
3771 ORDER 9390 17 24 2 17 0
3772 CANCEL 9044
3772 ORDER 9391 23 24 43 44 0
3772 ORDER 9392 51 9 37 44 0
3773 CANCEL 9240
3773 ORDER 9393 43 18 2 28 0
3773 ORDER 9394 33 12 39 43 1
3773 ORDER 9395 47 9 21 44 1
3774 ORDER 9396 6 36 2 41 0
3774 ORDER 9397 19 3 3 41 0
3775 ORDER 9398 54 9 3 16 0
3775 ORDER 9399 40 39 3 32 1
3775 ORDER 9400 25 17 8 44 0
3776 ORDER 9401 50 30 1 8 1
3776 ORDER 9402 52 5 26 44 1
3777 ORDER 9403 7 6 52 44 0
3777 ORDER 9404 28 20 2 5 0
3778 ORDER 9405 25 29 2 21 1
3778 ORDER 9406 36 15 1 18 1
3778 ORDER 9407 29 39 44 44 1
3779 CANCEL 9142
3779 ORDER 9408 9 38 1 27 1
3779 ORDER 9409 30 11 33 43 1
3779 ORDER 9410 25 39 3 35 0
3780 ORDER 9411 36 38 6 43 0
3780 ORDER 9412 42 21 2 26 1
3781 CANCEL 9406
3781 ORDER 9413 15 21 18 44 0
3781 ORDER 9414 35 20 18 43 1
3781 ORDER 9415 46 11 3 22 3
3782 ORDER 9416 27 8 1 36 0
3782 ORDER 9417 38 6 44 43 1
3783 ORDER 9418 31 32 49 43 0
3783 ORDER 9419 46 15 2 29 1
3783 ORDER 9420 52 30 39 43 0
3784 ORDER 9421 48 22 1 15 0
3784 ORDER 9422 9 20 23 44 3
3784 ORDER 9423 20 39 1 4 1
3785 ORDER 9424 33 23 3 38 1
3785 ORDER 9425 16 14 1 17 2
3785 ORDER 9426 55 38 1 35 1
3786 ORDER 9427 12 39 56 43 0
3786 ORDER 9428 36 38 22 44 0
3786 ORDER 9429 8 15 1 11 1
3787 ORDER 9430 27 17 32 43 0
3787 ORDER 9431 25 35 48 44 0
3788 ORDER 9432 13 6 45 43 0
3788 ORDER 9433 54 3 3 1 0
3789 ORDER 9434 30 18 52 44 2
3789 ORDER 9435 8 36 1 14 1
3789 ORDER 9436 27 6 28 43 2
3790 ORDER 9437 16 30 34 44 1
3790 ORDER 9438 32 12 36 44 0
3791 ORDER 9439 39 26 46 44 3
3791 ORDER 9440 22 5 19 43 0
3792 ORDER 9441 44 38 2 7 3
3792 ORDER 9442 7 20 3 22 0
3793 ORDER 9443 12 35 30 44 2
3793 ORDER 9444 48 14 3 42 2
3794 ORDER 9445 35 30 54 44 2
3794 ORDER 9446 47 3 2 9 0
3794 ORDER 9447 45 27 34 44 1
3795 ORDER 9448 47 28 2 25 1
3795 ORDER 9449 30 8 3 10 0
3795 ORDER 9450 52 18 1 38 0
3796 ORDER 9451 48 12 29 44 1
3796 ORDER 9452 9 21 9 44 1
3797 ORDER 9453 55 38 44 44 0
3797 ORDER 9454 26 41 47 44 1
3798 ORDER 9455 50 6 2 22 0
3798 ORDER 9456 37 27 1 9 2
3798 ORDER 9457 48 6 51 43 0
3799 ORDER 9458 45 15 1 1 0
3799 ORDER 9459 14 30 45 43 0
3799 ORDER 9460 6 32 24 43 0
3800 ORDER 9461 12 6 3 36 0
3800 ORDER 9462 13 6 3 22 0
3800 ORDER 9463 37 20 8 44 0
3801 ORDER 9464 47 15 1 27 2
3801 ORDER 9465 10 8 2 43 3
3801 ORDER 9466 17 15 3 25 1
3802 ORDER 9467 18 17 25 43 0
3802 ORDER 9468 13 6 1 9 1
3802 ORDER 9469 31 6 2 37 0
3803 UNBLOCK 52 10
3803 CANCEL 9437
3803 ORDER 9470 21 20 46 43 1
3803 ORDER 9471 51 21 3 19 1
3803 ORDER 9472 37 41 2 28 2
3804 ORDER 9473 18 23 1 13 2
3804 ORDER 9474 18 29 1 31 3
3805 CANCEL 8977
3805 ORDER 9475 39 6 38 43 0
3805 ORDER 9476 29 18 2 4 3
3806 ORDER 9477 8 23 2 28 1
3806 ORDER 9478 7 24 2 41 1
3806 ORDER 9479 31 15 3 20 3
3807 ORDER 9480 22 8 7 43 0
3807 ORDER 9481 7 41 3 21 3
3807 ORDER 9482 53 27 48 43 2
3808 ORDER 9483 52 15 3 9 0
3808 ORDER 9484 8 26 47 43 0
3808 ORDER 9485 31 14 1 31 1
3809 ORDER 9486 46 3 17 43 1
3809 ORDER 9487 54 20 16 44 0
3809 ORDER 9488 20 41 21 44 0
3810 ORDER 9489 36 26 25 43 1
3810 ORDER 9490 38 24 36 43 0
3810 ORDER 9491 7 24 46 44 1
3811 ORDER 9492 47 39 46 43 0
3811 ORDER 9493 7 38 5 44 0
3811 ORDER 9494 6 29 42 43 1
3812 ORDER 9495 19 29 16 43 0
3812 ORDER 9496 28 39 2 40 0
3813 CANCEL 9363
3813 ORDER 9497 54 27 3 41 1
3813 ORDER 9498 18 41 26 44 0
3814 ORDER 9499 25 27 2 13 0
3814 ORDER 9500 42 33 41 43 1
3815 ORDER 9501 36 30 2 39 0
3815 ORDER 9502 21 14 18 43 3
3816 ORDER 9503 43 15 3 15 2
3816 ORDER 9504 40 14 1 25 0
3816 ORDER 9505 48 5 3 36 1
3817 ORDER 9506 18 33 3 7 2
3817 ORDER 9507 43 29 1 33 3
3818 ORDER 9508 19 20 9 44 0
3818 ORDER 9509 24 33 2 33 1
3819 ORDER 9510 22 6 1 24 0
3819 ORDER 9511 27 3 24 43 3
3820 ORDER 9512 44 20 3 37 2
3820 ORDER 9513 50 14 4 43 0
3820 ORDER 9514 26 18 46 43 0
3821 UNBLOCK 51 5
3821 ORDER 9515 6 39 30 43 1
3821 ORDER 9516 36 3 2 6 0
3821 ORDER 9517 33 32 13 44 3
3822 ORDER 9518 34 24 33 44 1
3822 ORDER 9519 29 3 17 44 0
3822 ORDER 9520 43 30 18 43 0
3823 CANCEL 9230
3823 ORDER 9521 49 18 34 43 0
3823 ORDER 9522 37 29 2 10 0
3823 ORDER 9523 9 20 2 11 3
3824 ORDER 9524 35 36 38 44 0
3824 ORDER 9525 51 29 3 6 0
3824 ORDER 9526 23 21 16 44 3
3825 ORDER 9527 48 21 49 44 1
3825 ORDER 9528 34 11 18 43 1
3826 ORDER 9529 38 3 42 43 1
3826 ORDER 9530 34 21 2 43 0
3827 ORDER 9531 7 3 3 12 1
3827 ORDER 9532 10 41 2 23 2
3827 ORDER 9533 11 18 3 14 0
3828 ORDER 9534 23 24 2 3 0
3828 ORDER 9535 28 41 1 30 0
3829 ORDER 9536 39 23 47 43 1
3829 ORDER 9537 47 26 41 44 2
3829 ORDER 9538 32 21 31 44 1
3830 CANCEL 9109
3830 CANCEL 9402
3830 ORDER 9539 13 33 50 43 0
3830 ORDER 9540 6 27 36 43 1
3830 ORDER 9541 40 20 1 18 1
3831 ORDER 9542 31 32 25 43 0
3831 ORDER 9543 9 26 1 40 0
3832 CANCEL 9338
3832 ORDER 9544 7 33 2 41 0
3832 ORDER 9545 8 5 10 44 1
3833 ORDER 9546 49 23 2 18 0
3833 ORDER 9547 9 21 1 27 0
3834 CANCEL 9522
3834 ORDER 9548 34 23 2 11 0
3834 ORDER 9549 30 33 1 5 0
3835 ORDER 9550 18 26 28 43 0
3835 ORDER 9551 8 29 2 14 0
3835 ORDER 9552 12 5 2 2 0
3836 ORDER 9553 9 26 24 44 0
3836 ORDER 9554 43 21 7 43 2
3837 ORDER 9555 16 8 2 36 0
3837 ORDER 9556 51 38 2 11 1
3838 CANCEL 9077
3838 CANCEL 9301
3838 ORDER 9557 44 9 2 20 1
3838 ORDER 9558 8 11 2 11 0
3838 ORDER 9559 30 23 27 44 1
3839 ORDER 9560 29 20 3 26 0
3839 ORDER 9561 53 41 58 44 0
3839 BLOCK 52 13
3840 ORDER 9562 34 24 3 4 0
3840 ORDER 9563 10 23 2 19 1
3841 ORDER 9564 29 35 2 34 1
3841 ORDER 9565 38 9 1 10 0
3842 ORDER 9566 37 11 3 28 2
3842 ORDER 9567 7 39 3 12 1
3842 ORDER 9568 12 38 50 44 0
3843 CANCEL 9489
3843 ORDER 9569 17 24 2 5 0
3843 ORDER 9570 47 6 3 4 1
3843 ORDER 9571 54 38 44 43 0
3844 ORDER 9572 11 26 47 43 0
3844 ORDER 9573 15 21 3 40 0
3844 ORDER 9574 34 35 2 14 0
3845 CANCEL 9465
3845 ORDER 9575 21 15 1 18 1
3845 ORDER 9576 55 8 25 43 1
3846 ORDER 9577 52 8 1 13 0
3846 ORDER 9578 12 11 1 1 0
3847 ORDER 9579 31 8 4 43 0
3847 ORDER 9580 51 32 21 43 1
3847 ORDER 9581 16 29 3 12 0
3848 CANCEL 9268
3848 ORDER 9582 25 38 35 43 0
3848 ORDER 9583 12 11 40 43 0
3848 ORDER 9584 26 36 40 43 0
3849 CANCEL 9161
3849 ORDER 9585 8 18 38 43 0
3849 ORDER 9586 18 9 1 38 0
3850 CANCEL 9284
3850 ORDER 9587 48 20 2 28 0
3850 ORDER 9588 32 32 1 20 0
3850 ORDER 9589 27 3 2 5 1
3851 ORDER 9590 36 33 1 6 0
3851 ORDER 9591 50 12 1 14 1
3851 ORDER 9592 28 23 3 15 2
3852 CANCEL 9222
3852 ORDER 9593 20 29 35 43 2
3852 ORDER 9594 10 6 2 27 2
3853 ORDER 9595 49 6 5 43 0
3853 ORDER 9596 27 24 19 44 0
3854 ORDER 9597 49 15 50 44 1
3854 ORDER 9598 27 5 50 43 0
3854 ORDER 9599 11 5 22 44 0
3855 CANCEL 9237
3855 ORDER 9600 51 8 1 20 0
3855 ORDER 9601 28 33 1 26 1
3856 CANCEL 9436
3856 ORDER 9602 34 6 3 38 1
3856 ORDER 9603 44 39 3 41 0
3856 ORDER 9604 18 32 3 9 2
3856 BLOCK 12 11
3857 ORDER 9605 38 29 2 43 0
3857 ORDER 9606 44 3 3 37 0
3858 ORDER 9607 16 27 3 33 1
3858 ORDER 9608 7 33 24 44 1
3859 UNBLOCK 19 24
3859 ORDER 9609 10 15 52 44 1
3859 ORDER 9610 23 21 2 26 3
3860 ORDER 9611 20 41 1 36 0
3860 ORDER 9612 55 39 21 43 0
3860 ORDER 9613 12 27 24 43 0
3861 ORDER 9614 52 29 53 43 0
3861 ORDER 9615 11 32 37 43 0
3861 ORDER 9616 51 36 1 30 1
3862 ORDER 9617 53 5 2 1 0
3862 ORDER 9618 36 6 55 44 0
3863 CANCEL 9527
3863 ORDER 9619 33 39 3 13 2
3863 ORDER 9620 39 15 30 44 0
3864 ORDER 9621 49 35 3 13 0
3864 ORDER 9622 38 17 1 25 0
3864 ORDER 9623 31 36 2 2 0
3865 ORDER 9624 21 36 19 43 0
3865 ORDER 9625 39 17 3 16 0
3866 ORDER 9626 46 21 1 35 0
3866 ORDER 9627 20 26 2 17 0
3866 ORDER 9628 8 26 31 43 0
3867 ORDER 9629 25 3 2 40 0
3867 ORDER 9630 31 30 3 41 0
3868 CANCEL 9461
3868 ORDER 9631 21 18 1 27 2
3868 ORDER 9632 38 24 2 27 0
3869 ORDER 9633 36 18 43 44 1
3869 ORDER 9634 9 24 2 3 1
3870 ORDER 9635 52 26 32 44 0
3870 ORDER 9636 21 33 3 43 2
3871 ORDER 9637 37 38 3 30 0
3871 ORDER 9638 21 38 11 44 3
3871 ORDER 9639 46 20 22 43 0
3872 ORDER 9640 12 3 21 44 0
3872 ORDER 9641 27 11 54 43 0
3872 ORDER 9642 21 6 34 43 0
3873 CANCEL 9355
3873 ORDER 9643 43 27 25 43 0
3873 ORDER 9644 54 5 2 9 2
3874 ORDER 9645 7 8 2 3 0
3874 ORDER 9646 10 38 1 7 0
3875 ORDER 9647 41 32 3 39 0
3875 ORDER 9648 35 36 2 35 0
3875 ORDER 9649 7 3 10 44 1
3876 ORDER 9650 9 11 1 18 0
3876 ORDER 9651 39 9 35 43 0
3877 ORDER 9652 17 41 3 43 2
3877 ORDER 9653 31 8 2 38 0
3877 ORDER 9654 54 5 25 43 1
3878 ORDER 9655 53 5 24 44 0
3878 ORDER 9656 47 3 55 44 0
3879 ORDER 9657 38 20 1 26 1
3879 ORDER 9658 11 17 2 13 3
3879 ORDER 9659 40 3 18 44 1
3880 ORDER 9660 26 38 2 19 3
3880 ORDER 9661 47 39 1 30 0
3880 ORDER 9662 49 17 38 43 0
3881 ORDER 9663 38 4 3 27 0
3881 ORDER 9664 8 5 2 32 1
3881 ORDER 9665 50 21 1 30 0
3882 ORDER 9666 16 8 2 3 0
3882 ORDER 9667 40 9 40 43 0
3883 ORDER 9668 55 3 3 7 0
3883 ORDER 9669 47 6 16 43 0
3883 ORDER 9670 41 21 10 43 1
3884 CANCEL 9545
3884 ORDER 9671 14 17 1 33 0
3884 ORDER 9672 11 35 2 18 0
3885 CANCEL 9273
3885 ORDER 9673 26 26 1 8 0
3885 ORDER 9674 47 36 3 18 1
3885 ORDER 9675 9 8 1 9 2
3886 ORDER 9676 43 12 3 42 0
3886 ORDER 9677 42 23 3 4 0
3886 ORDER 9678 48 9 46 43 2
3887 ORDER 9679 51 11 39 44 0
3887 ORDER 9680 31 17 6 43 1
3888 ORDER 9681 23 24 4 44 3
3888 ORDER 9682 34 9 1 43 0
3888 ORDER 9683 18 15 3 38 1
3889 ORDER 9684 15 21 29 44 0
3889 ORDER 9685 9 17 31 43 0
3890 ORDER 9686 9 9 3 40 0
3890 ORDER 9687 41 12 49 44 0
3891 ORDER 9688 54 36 3 43 0
3891 ORDER 9689 54 5 27 44 0
3892 CANCEL 9326
3892 ORDER 9690 49 26 2 21 1
3892 ORDER 9691 20 41 5 43 0
3892 ORDER 9692 17 36 1 32 2
3893 CANCEL 9428
3893 ORDER 9693 27 26 3 10 1
3893 ORDER 9694 40 23 2 10 0
3894 ORDER 9695 44 29 11 43 1
3894 ORDER 9696 39 23 51 44 0
3894 ORDER 9697 37 39 54 44 0
3895 ORDER 9698 9 5 22 44 0
3895 ORDER 9699 29 17 3 17 2
3896 ORDER 9700 24 20 2 20 1
3896 ORDER 9701 44 27 3 5 2
3896 ORDER 9702 16 32 27 44 1
3897 ORDER 9703 39 15 1 21 0
3897 ORDER 9704 15 27 50 44 1
3897 ORDER 9705 7 8 45 44 0
3898 ORDER 9706 22 12 3 28 0
3898 ORDER 9707 41 33 2 17 0
3898 ORDER 9708 38 22 58 44 1
3899 ORDER 9709 28 3 1 2 1
3899 ORDER 9710 30 23 2 7 0
3899 ORDER 9711 49 38 27 44 0
3900 ORDER 9712 41 30 2 28 0
3900 ORDER 9713 18 3 43 43 3
3900 ORDER 9714 24 24 1 4 1
3901 CANCEL 9286
3901 CANCEL 9664
3901 ORDER 9715 19 39 2 10 0
3901 ORDER 9716 10 18 16 44 2
3902 ORDER 9717 33 9 11 43 0
3902 ORDER 9718 51 6 3 31 0
3902 ORDER 9719 12 27 25 43 0
3903 CANCEL 9648
3903 ORDER 9720 16 3 16 43 0
3903 ORDER 9721 7 9 2 31 0
3903 ORDER 9722 8 20 3 24 0
3904 ORDER 9723 43 17 14 43 1
3904 ORDER 9724 39 38 2 9 1
3905 ORDER 9725 18 11 2 7 0
3905 ORDER 9726 18 3 5 44 1
3905 ORDER 9727 19 14 2 16 0
3906 CANCEL 9287
3906 ORDER 9728 27 32 2 25 0
3906 ORDER 9729 49 35 49 44 0
3906 ORDER 9730 19 20 1 18 2
3907 ORDER 9731 52 32 1 3 1
3907 ORDER 9732 32 23 47 43 2
3908 ORDER 9733 41 36 2 39 2
3908 ORDER 9734 18 39 1 36 0
3908 ORDER 9735 30 35 55 43 0
3909 ORDER 9736 39 5 28 44 2
3909 ORDER 9737 9 38 1 36 2
3909 ORDER 9738 43 24 19 44 0
3909 BLOCK 45 8
3910 CANCEL 9697
3910 ORDER 9739 39 33 2 22 0
3910 ORDER 9740 27 9 2 1 1
3911 ORDER 9741 30 9 20 43 0
3911 ORDER 9742 38 30 36 44 2
3911 ORDER 9743 46 12 1 38 1
3912 ORDER 9744 26 3 44 44 3
3912 ORDER 9745 11 8 4 44 0
3912 ORDER 9746 51 32 2 20 0
3913 CANCEL 9703
3913 CANCEL 9730
3913 ORDER 9747 50 41 1 3 0
3913 ORDER 9748 32 18 45 44 1
3913 ORDER 9749 11 26 33 44 0
3914 ORDER 9750 28 35 2 22 0
3914 ORDER 9751 33 29 55 44 1
3915 ORDER 9752 53 20 1 33 0
3915 ORDER 9753 17 36 2 32 1
3915 ORDER 9754 42 26 1 43 0
3916 ORDER 9755 40 15 3 38 0
3916 ORDER 9756 25 33 19 44 0
3916 ORDER 9757 19 41 58 44 0
3917 ORDER 9758 54 26 50 44 1
3917 ORDER 9759 16 5 2 38 3
3917 ORDER 9760 44 17 6 43 0
3918 ORDER 9761 51 23 3 27 0
3918 ORDER 9762 14 30 3 20 0
3919 CANCEL 9558
3919 ORDER 9763 38 9 2 9 0
3919 ORDER 9764 18 39 9 44 0
3919 ORDER 9765 12 27 12 44 0
3920 ORDER 9766 6 9 35 44 1
3920 ORDER 9767 29 17 2 26 2
3920 BLOCK 52 18
3921 ORDER 9768 29 5 2 16 1
3921 ORDER 9769 45 32 3 42 1
3921 ORDER 9770 49 17 3 12 0
3922 ORDER 9771 46 23 1 5 1
3922 ORDER 9772 22 3 3 25 2
3922 ORDER 9773 17 24 21 44 1
3923 ORDER 9774 19 6 29 43 1
3923 ORDER 9775 30 27 3 29 1
3924 ORDER 9776 45 18 2 26 1
3924 ORDER 9777 48 14 13 43 0
3925 CANCEL 9771
3925 ORDER 9778 7 29 2 41 2
3925 ORDER 9779 16 36 1 7 0
3925 ORDER 9780 8 41 56 43 0
3926 CANCEL 9679
3926 ORDER 9781 20 18 3 12 0
3926 ORDER 9782 44 26 51 44 0
3927 CANCEL 9495
3927 CANCEL 9605
3927 ORDER 9783 10 20 2 13 1
3927 ORDER 9784 54 3 31 43 0
3928 CANCEL 9385
3928 ORDER 9785 27 15 3 43 0
3928 ORDER 9786 11 12 3 15 0
3929 ORDER 9787 22 17 10 44 0
3929 ORDER 9788 28 12 3 38 3
3930 ORDER 9789 22 33 1 32 1
3930 ORDER 9790 51 23 6 43 0
3931 ORDER 9791 54 3 3 44 0
3931 ORDER 9792 54 32 49 44 0
3931 ORDER 9793 55 8 1 13 0
3932 ORDER 9794 29 36 7 43 0
3932 ORDER 9795 29 12 16 43 1
3933 ORDER 9796 52 17 44 43 0
3933 ORDER 9797 22 39 50 43 0
3933 ORDER 9798 30 11 58 44 2
3934 ORDER 9799 17 14 3 24 0
3934 ORDER 9800 18 32 32 44 0
3934 ORDER 9801 45 6 1 2 1
3935 CANCEL 9593
3935 ORDER 9802 46 35 58 44 0
3935 ORDER 9803 39 41 6 44 0
3936 ORDER 9804 54 30 10 43 0
3936 ORDER 9805 31 23 2 10 0
3936 ORDER 9806 20 6 21 44 1
3937 ORDER 9807 33 41 36 44 0
3937 ORDER 9808 32 20 2 19 0
3937 ORDER 9809 38 9 39 44 0
3938 ORDER 9810 48 24 3 29 1
3938 ORDER 9811 9 11 1 10 1
3938 ORDER 9812 55 39 1 32 0
3939 ORDER 9813 55 11 48 44 0
3939 ORDER 9814 17 39 3 30 0
3940 ORDER 9815 39 17 50 44 0
3940 ORDER 9816 36 41 2 13 0
3940 ORDER 9817 55 5 2 22 0
3941 CANCEL 9330
3941 ORDER 9818 41 35 1 8 0
3941 ORDER 9819 10 21 10 44 0
3941 ORDER 9820 45 9 1 44 1
3942 ORDER 9821 15 24 14 43 0
3942 ORDER 9822 6 20 3 43 1
3942 ORDER 9823 21 9 24 43 2
3943 CANCEL 9384
3943 ORDER 9824 55 24 3 13 1
3943 ORDER 9825 28 9 42 44 0
3944 ORDER 9826 54 35 1 22 0
3944 ORDER 9827 6 39 3 38 0
3944 ORDER 9828 39 5 3 24 1
3945 CANCEL 9806
3945 ORDER 9829 27 11 22 43 0
3945 ORDER 9830 39 21 1 18 1
3945 BLOCK 53 13
3946 ORDER 9831 53 5 1 20 0
3946 ORDER 9832 28 14 1 2 1
3946 ORDER 9833 11 38 47 43 0
3947 ORDER 9834 54 24 18 43 2
3947 ORDER 9835 10 5 41 43 0
3948 CANCEL 9821
3948 ORDER 9836 43 21 2 25 2
3948 ORDER 9837 18 24 3 29 0
3949 CANCEL 9345
3949 CANCEL 9612
3949 ORDER 9838 20 17 2 13 1
3949 ORDER 9839 29 12 24 43 1
3949 ORDER 9840 38 27 25 44 0
3950 ORDER 9841 11 27 1 27 2
3950 ORDER 9842 45 24 38 43 0
3950 ORDER 9843 31 23 48 43 0
3951 ORDER 9844 7 36 1 2 1
3951 ORDER 9845 27 17 3 17 1
3951 ORDER 9846 24 18 23 44 0
3952 ORDER 9847 25 38 49 44 3
3952 ORDER 9848 55 3 57 43 2
3952 ORDER 9849 53 15 2 10 0
3953 ORDER 9850 24 26 5 43 0
3953 ORDER 9851 29 11 46 44 1
3954 ORDER 9852 47 20 3 15 0
3954 ORDER 9853 8 32 3 20 0
3954 ORDER 9854 25 9 1 2 0
3955 CANCEL 9598
3955 ORDER 9855 44 5 3 13 0
3955 ORDER 9856 10 3 48 43 0
3955 BLOCK 52 40
3956 ORDER 9857 11 11 38 44 0
3956 ORDER 9858 34 6 2 3 0
3956 ORDER 9859 41 8 53 44 1
3957 ORDER 9860 31 18 36 43 0
3957 ORDER 9861 32 12 11 43 0
3958 ORDER 9862 48 24 1 19 2
3958 ORDER 9863 49 41 3 9 1
3959 CANCEL 9643
3959 ORDER 9864 43 20 3 39 0
3959 ORDER 9865 48 20 30 43 0
3959 ORDER 9866 16 27 2 4 1
3960 CANCEL 9409
3960 ORDER 9867 37 8 2 10 1
3960 ORDER 9868 9 5 10 43 0
3960 ORDER 9869 47 32 38 44 0
3961 ORDER 9870 18 32 1 12 0
3961 ORDER 9871 9 36 1 38 0
3962 ORDER 9872 39 21 3 10 2
3962 ORDER 9873 37 36 1 35 3
3962 ORDER 9874 28 33 3 5 0
3963 ORDER 9875 54 18 10 43 3
3963 ORDER 9876 18 23 6 44 0
3963 ORDER 9877 35 3 2 16 0
3964 ORDER 9878 11 38 1 5 0
3964 ORDER 9879 53 26 1 31 3
3964 ORDER 9880 39 27 2 1 0
3965 ORDER 9881 29 3 3 10 1
3965 ORDER 9882 38 15 3 29 0
3965 ORDER 9883 11 14 57 43 1
3966 ORDER 9884 39 15 9 44 0
3966 ORDER 9885 34 36 54 44 1
3967 CANCEL 9472
3967 ORDER 9886 30 15 44 44 2
3967 ORDER 9887 22 35 6 44 2
3968 CANCEL 9506
3968 CANCEL 9665
3968 CANCEL 9886
3968 ORDER 9888 34 9 57 44 0
3968 ORDER 9889 21 12 3 7 0
3968 ORDER 9890 44 26 41 43 1
3969 CANCEL 9825
3969 CANCEL 9861
3969 ORDER 9891 10 12 3 8 0
3969 ORDER 9892 41 12 3 7 0
3970 UNBLOCK 52 13
3970 ORDER 9893 31 23 2 31 0
3970 ORDER 9894 39 35 15 44 0
3971 CANCEL 9867
3971 ORDER 9895 54 35 44 43 0
3971 ORDER 9896 55 27 56 44 1
3971 ORDER 9897 45 24 45 44 0
3972 ORDER 9898 11 6 2 3 0
3972 ORDER 9899 43 12 2 7 1
3973 ORDER 9900 54 27 40 44 0
3973 ORDER 9901 18 33 3 31 1
3974 ORDER 9902 11 6 1 12 1
3974 ORDER 9903 7 20 16 44 0
3975 ORDER 9904 21 9 3 3 2
3975 ORDER 9905 38 36 44 43 1
3975 ORDER 9906 53 20 47 44 1
3976 ORDER 9907 47 30 42 43 2
3976 ORDER 9908 26 30 26 44 1
3977 ORDER 9909 48 17 19 43 1
3977 ORDER 9910 26 29 35 44 0
3977 ORDER 9911 18 14 2 32 2
3978 ORDER 9912 21 17 2 28 0
3978 ORDER 9913 7 33 58 43 0
3979 ORDER 9914 45 8 6 44 0
3979 ORDER 9915 41 32 3 21 0
3979 ORDER 9916 7 27 45 43 0
3980 ORDER 9917 8 11 3 3 0
3980 ORDER 9918 6 33 50 44 0
3980 ORDER 9919 37 8 3 35 1
3981 ORDER 9920 47 5 8 44 0
3981 ORDER 9921 35 36 12 44 0
3981 ORDER 9922 51 35 2 38 0
3982 CANCEL 9455
3982 UNBLOCK 12 11
3982 CANCEL 9779
3982 ORDER 9923 42 27 1 21 0
3982 ORDER 9924 6 3 3 6 0
3982 ORDER 9925 18 6 2 4 1
3983 UNBLOCK 45 8
3983 ORDER 9926 54 14 2 40 1
3983 ORDER 9927 21 29 24 43 1
3983 CANCEL 109927
3984 ORDER 9928 37 5 1 27 0
3984 ORDER 9929 34 24 6 43 2
3985 CANCEL 9729
3985 ORDER 9930 16 32 38 43 1
3985 ORDER 9931 54 29 57 44 2
3985 ORDER 9932 47 6 30 43 0
3986 ORDER 9933 22 39 3 25 0
3986 ORDER 9934 33 11 3 17 0
3987 ORDER 9935 22 14 3 14 1
3987 ORDER 9936 9 23 1 38 0
3987 BLOCK 21 42
3988 CANCEL 9755
3988 ORDER 9937 51 21 49 44 0
3988 ORDER 9938 39 41 3 22 0
3988 ORDER 9939 13 3 33 43 1
3988 BLOCK 40 32
3989 CANCEL 9468
3989 ORDER 9940 36 25 1 43 1
3989 ORDER 9941 8 3 25 44 0
3990 ORDER 9942 55 15 1 28 1
3990 ORDER 9943 17 17 3 39 0
3991 CANCEL 9655
3991 ORDER 9944 16 8 26 44 0
3991 ORDER 9945 27 39 2 28 0
3992 ORDER 9946 23 33 1 4 0
3992 ORDER 9947 41 21 29 44 0
3993 ORDER 9948 28 20 58 44 1
3993 ORDER 9949 31 21 4 44 1
3994 ORDER 9950 19 6 1 39 0
3994 ORDER 9951 35 38 2 38 0
3995 ORDER 9952 39 41 2 41 0
3995 ORDER 9953 37 30 3 4 0
3995 ORDER 9954 14 17 2 25 1
3996 ORDER 9955 10 3 19 43 1
3996 ORDER 9956 37 26 1 5 0
3997 CANCEL 9888
3997 ORDER 9957 49 17 3 19 0
3997 ORDER 9958 7 6 2 30 1
3998 ORDER 9959 46 14 1 11 1
3998 ORDER 9960 17 9 3 13 2
3998 ORDER 9961 38 24 2 11 0
3999 ORDER 9962 41 23 54 44 0
3999 ORDER 9963 51 32 1 2 0
3999 ORDER 9964 33 14 37 43 0
4000 ORDER 9965 9 3 11 43 2
4000 ORDER 9966 55 41 2 13 0
4000 ORDER 9967 33 30 48 44 0
4001 CANCEL 9856
4001 ORDER 9968 39 35 2 11 1
4001 ORDER 9969 41 6 1 16 0
4001 ORDER 9970 19 17 3 30 0
4002 ORDER 9971 54 33 1 41 1
4002 ORDER 9972 19 39 10 43 0
4003 ORDER 9973 34 5 2 30 2
4003 ORDER 9974 18 38 22 43 0
4004 ORDER 9975 15 17 26 43 2
4004 ORDER 9976 36 5 27 43 0
4004 ORDER 9977 28 23 42 43 1
4005 CANCEL 9524
4005 CANCEL 9943
4005 ORDER 9978 55 12 32 43 1
4005 ORDER 9979 26 15 14 44 0
4006 ORDER 9980 16 14 8 43 0
4006 ORDER 9981 49 8 14 44 1
4007 ORDER 9982 19 20 3 8 3
4007 ORDER 9983 6 12 1 36 0
4007 BLOCK 29 3
4008 ORDER 9984 16 38 3 8 0
4008 ORDER 9985 44 33 44 43 0
4009 ORDER 9986 11 23 10 43 0
4009 ORDER 9987 20 39 46 43 0
4010 ORDER 9988 35 35 1 11 1
4010 ORDER 9989 31 23 2 43 0
4010 ORDER 9990 22 11 24 43 0
4011 ORDER 9991 11 27 1 13 0
4011 ORDER 9992 19 26 3 28 3
4012 ORDER 9993 51 32 29 44 2
4012 ORDER 9994 16 32 8 43 1
4013 ORDER 9995 30 35 15 44 3
4013 ORDER 9996 50 38 1 33 1
4014 ORDER 9997 49 14 46 43 0
4014 ORDER 9998 8 18 33 43 2
4014 ORDER 9999 45 8 2 42 0
4015 ORDER 10000 54 26 1 40 0
4015 ORDER 10001 22 33 1 37 0
4015 ORDER 10002 17 14 2 36 0
4016 CANCEL 9637
4016 ORDER 10003 6 41 8 43 2
4016 ORDER 10004 20 24 50 43 1
4017 UNBLOCK 53 13
4017 ORDER 10005 35 17 15 43 1
4017 ORDER 10006 51 14 48 44 2
4018 ORDER 10007 53 20 22 43 0
4018 ORDER 10008 51 27 1 12 1
4019 ORDER 10009 8 38 56 44 1
4019 ORDER 10010 13 9 53 43 0
4019 ORDER 10011 50 11 2 26 0
4020 ORDER 10012 19 18 1 43 2
4020 ORDER 10013 49 8 15 44 0
4021 ORDER 10014 8 39 18 44 0
4021 ORDER 10015 22 29 2 39 1
4021 ORDER 10016 6 33 40 43 0
4022 ORDER 10017 30 35 45 43 0
4022 ORDER 10018 49 15 41 43 1
4022 ORDER 10019 34 21 3 25 0
4022 BLOCK 7 24
4023 CANCEL 9636
4023 ORDER 10020 7 32 49 43 1
4023 ORDER 10021 51 38 24 43 1
4023 ORDER 10022 45 26 13 44 1
4024 UNBLOCK 52 18
4024 CANCEL 9819
4024 ORDER 10023 39 29 9 44 0
4024 ORDER 10024 21 23 2 25 1
4025 ORDER 10025 38 9 14 44 1
4025 ORDER 10026 29 24 2 33 0
4025 ORDER 10027 41 35 36 43 2
4026 CANCEL 9791
4026 ORDER 10028 33 30 3 37 0
4026 ORDER 10029 21 12 1 13 0
4027 ORDER 10030 54 39 3 42 1
4027 ORDER 10031 34 27 56 43 0
4027 ORDER 10032 50 41 40 43 0
4028 ORDER 10033 9 35 3 30 0
4028 ORDER 10034 35 27 47 43 0
4029 ORDER 10035 9 18 3 2 0
4029 ORDER 10036 49 17 5 44 2
4030 ORDER 10037 34 27 10 43 0
4030 ORDER 10038 55 32 1 2 0
4031 ORDER 10039 32 32 1 33 0
4031 ORDER 10040 34 23 3 24 0
4031 ORDER 10041 15 12 6 43 1
4032 CANCEL 9603
4032 ORDER 10042 19 39 35 44 0
4032 ORDER 10043 29 36 2 5 0
4032 ORDER 10044 9 41 1 37 1
4032 BLOCK 15 9
4033 CANCEL 9818
4033 ORDER 10045 9 33 21 44 0
4033 ORDER 10046 50 12 3 27 1
4034 ORDER 10047 8 23 15 43 0
4034 ORDER 10048 28 36 3 14 1
4034 ORDER 10049 20 24 40 44 0
4035 ORDER 10050 20 41 3 13 0
4035 ORDER 10051 21 11 2 27 1
4036 ORDER 10052 39 38 41 43 0
4036 ORDER 10053 42 8 3 30 0
4036 ORDER 10054 54 15 3 30 2
4037 ORDER 10055 43 17 15 44 0
4037 ORDER 10056 30 8 17 44 0
4037 ORDER 10057 21 5 34 44 0
4038 ORDER 10058 43 15 1 17 0
4038 ORDER 10059 29 15 2 25 0
4039 ORDER 10060 54 38 43 44 0
4039 ORDER 10061 8 20 1 25 0
4040 ORDER 10062 27 3 1 43 0
4040 ORDER 10063 41 41 7 43 1
4041 ORDER 10064 10 21 3 43 0
4041 ORDER 10065 53 24 2 9 0
4042 ORDER 10066 47 29 47 43 0
4042 ORDER 10067 19 23 3 30 0
4043 ORDER 10068 20 8 1 25 0
4043 ORDER 10069 12 36 27 43 0
4044 CANCEL 9974
4044 ORDER 10070 11 14 5 43 1
4044 ORDER 10071 36 15 1 24 2
4044 ORDER 10072 26 41 23 44 0
4045 ORDER 10073 51 12 2 4 2
4045 ORDER 10074 18 12 54 43 0
4046 ORDER 10075 18 36 1 16 0
4046 ORDER 10076 46 18 1 16 2
4047 ORDER 10077 13 8 1 15 0
4047 ORDER 10078 33 14 2 25 1
4047 ORDER 10079 24 26 27 44 0
4048 CANCEL 9686
4048 ORDER 10080 49 23 6 43 0
4048 ORDER 10081 54 35 3 4 2
4049 UNBLOCK 52 40
4049 ORDER 10082 32 23 3 38 1
4049 ORDER 10083 10 32 2 13 0
4050 UNBLOCK 29 3
4050 ORDER 10084 35 35 1 21 2
4050 ORDER 10085 26 41 42 43 0
4051 ORDER 10086 44 32 4 43 1
4051 ORDER 10087 52 15 35 44 1
4051 BLOCK 27 38
4052 ORDER 10088 48 36 2 40 1
4052 ORDER 10089 44 32 2 44 2
4052 ORDER 10090 28 3 1 2 1
4053 ORDER 10091 31 33 5 44 0
4053 ORDER 10092 21 33 13 44 0
4054 ORDER 10093 18 41 2 24 0
4054 ORDER 10094 19 35 2 4 2
4055 ORDER 10095 10 3 1 32 1
4055 ORDER 10096 6 26 3 43 0
4056 ORDER 10097 25 35 1 41 0
4056 ORDER 10098 29 41 14 43 1
4056 ORDER 10099 8 17 3 6 0
4057 ORDER 10100 12 20 2 2 0
4057 ORDER 10101 54 15 58 43 2
4058 ORDER 10102 27 6 3 2 1
4058 ORDER 10103 45 24 2 9 0
4059 ORDER 10104 29 5 3 14 0
4059 ORDER 10105 10 17 3 26 0
4060 CANCEL 9863
4060 ORDER 10106 43 30 1 36 0
4060 ORDER 10107 45 35 2 9 0
4060 ORDER 10108 21 6 27 43 0
4061 ORDER 10109 52 23 44 43 0
4061 ORDER 10110 27 27 2 40 0
4062 ORDER 10111 45 8 1 44 0
4062 ORDER 10112 21 3 15 44 1
4062 ORDER 10113 6 12 2 28 2
4063 ORDER 10114 23 30 14 43 0
4063 ORDER 10115 25 24 1 43 0
4064 ORDER 10116 11 27 54 43 0
4064 ORDER 10117 55 32 27 43 0
4065 ORDER 10118 25 3 1 29 0
4065 ORDER 10119 49 17 3 21 2
4066 ORDER 10120 45 9 34 43 0
4066 ORDER 10121 17 29 3 21 1
4066 ORDER 10122 20 26 56 44 2
4067 ORDER 10123 15 39 34 43 1
4067 ORDER 10124 20 18 5 43 0
4067 ORDER 10125 9 30 2 19 0
4068 ORDER 10126 39 36 43 43 0
4068 ORDER 10127 49 18 2 5 1
4069 ORDER 10128 51 29 50 43 0
4069 ORDER 10129 10 30 1 37 1
4069 ORDER 10130 15 41 19 43 2
4070 CANCEL 9903
4070 ORDER 10131 28 17 56 43 0
4070 ORDER 10132 16 6 2 38 0
4070 ORDER 10133 20 18 26 43 0
4071 CANCEL 9683
4071 ORDER 10134 13 36 45 43 1
4071 ORDER 10135 53 17 58 43 0
4071 ORDER 10136 7 26 56 44 0
4072 CANCEL 9868
4072 ORDER 10137 45 39 1 15 0
4072 ORDER 10138 33 9 1 24 3
4073 UNBLOCK 7 24
4073 ORDER 10139 34 41 5 44 0
4073 ORDER 10140 42 23 13 43 0
4074 ORDER 10141 18 20 15 43 2
4074 ORDER 10142 6 20 3 9 2
4074 ORDER 10143 51 30 7 43 0
4075 CANCEL 9781
4075 CANCEL 9990
4075 ORDER 10144 25 32 2 40 0
4075 ORDER 10145 29 6 2 39 2
4076 CANCEL 9750
4076 ORDER 10146 49 8 2 2 0
4076 ORDER 10147 48 26 29 43 1
4077 ORDER 10148 55 26 30 44 3
4077 ORDER 10149 53 20 32 43 2
4078 CANCEL 9859
4078 ORDER 10150 46 17 3 24 2
4078 ORDER 10151 25 35 8 44 0
4079 ORDER 10152 10 11 29 43 1
4079 ORDER 10153 21 12 1 42 0
4079 ORDER 10154 28 14 1 22 0
4080 UNBLOCK 40 32
4080 ORDER 10155 23 24 1 8 0
4080 ORDER 10156 39 36 53 43 0
4081 ORDER 10157 39 39 30 44 0
4081 ORDER 10158 50 21 1 20 0
4082 ORDER 10159 9 33 2 1 0
4082 ORDER 10160 19 27 15 43 1
4083 ORDER 10161 29 5 2 36 0
4083 ORDER 10162 37 32 13 43 2
4083 ORDER 10163 45 29 2 32 0
4084 CANCEL 10098
4084 ORDER 10164 55 30 1 1 0
4084 ORDER 10165 37 26 53 43 0
4085 ORDER 10166 36 18 37 44 1
4085 ORDER 10167 6 26 3 7 0
4085 ORDER 10168 29 24 2 27 1
4086 ORDER 10169 43 14 1 14 1
4086 ORDER 10170 20 32 1 39 0
4086 ORDER 10171 46 15 2 3 0
4087 ORDER 10172 26 20 1 4 0
4087 ORDER 10173 13 6 2 38 1
4088 ORDER 10174 29 18 9 44 0
4088 ORDER 10175 7 17 4 43 1
4088 ORDER 10176 28 17 40 43 2
4089 ORDER 10177 18 23 1 44 0
4089 ORDER 10178 34 21 9 44 2
4089 ORDER 10179 7 11 31 43 0
4090 ORDER 10180 26 30 1 36 1
4090 ORDER 10181 19 27 49 44 0
4090 ORDER 10182 10 41 57 43 0
4091 CANCEL 9713
4091 CANCEL 9766
4091 ORDER 10183 55 22 31 44 1
4091 ORDER 10184 31 22 2 9 0
4092 ORDER 10185 42 26 35 43 0
4092 ORDER 10186 45 24 3 34 1
4092 ORDER 10187 44 41 1 4 0
4093 CANCEL 9939
4093 ORDER 10188 22 41 1 11 0
4093 ORDER 10189 9 35 2 19 0
4094 CANCEL 9908
4094 ORDER 10190 38 27 2 37 0
4094 ORDER 10191 40 36 47 43 0
4094 ORDER 10192 38 41 8 43 0
4095 ORDER 10193 29 14 58 44 0
4095 ORDER 10194 10 29 51 44 0
4095 ORDER 10195 51 8 2 12 2
4096 ORDER 10196 9 41 2 13 1
4096 ORDER 10197 55 38 57 43 1
4096 ORDER 10198 33 41 3 18 0
4097 ORDER 10199 34 23 23 44 0
4097 ORDER 10200 46 18 3 37 0
4098 ORDER 10201 30 3 1 30 3
4098 ORDER 10202 51 38 23 44 1
4098 ORDER 10203 54 39 1 23 0
4099 ORDER 10204 9 32 2 31 2
4099 ORDER 10205 33 29 2 1 1
4099 ORDER 10206 53 29 52 44 0
4100 ORDER 10207 12 29 1 25 1
4100 ORDER 10208 14 35 29 44 3
4100 ORDER 10209 55 32 31 44 2
4101 CANCEL 9760
4101 ORDER 10210 52 24 2 39 0
4101 ORDER 10211 37 12 2 21 2
4101 ORDER 10212 33 41 2 14 0
4102 ORDER 10213 34 35 42 44 0
4102 ORDER 10214 50 12 37 44 0
4103 ORDER 10215 28 41 57 44 0
4103 ORDER 10216 54 5 31 43 0
4104 ORDER 10217 11 29 2 26 1
4104 ORDER 10218 40 39 7 44 1
4104 ORDER 10219 28 3 55 44 1
4105 CANCEL 10113
4105 ORDER 10220 7 5 3 7 1
4105 ORDER 10221 50 23 54 43 1
4106 ORDER 10222 42 35 2 43 0
4106 ORDER 10223 34 26 29 44 0
4106 ORDER 10224 42 33 8 43 1
4107 ORDER 10225 7 11 1 36 1
4107 ORDER 10226 11 7 43 44 0
4107 ORDER 10227 28 12 55 44 2
4108 ORDER 10228 27 29 20 44 2
4108 ORDER 10229 36 18 1 17 0
4108 ORDER 10230 21 18 3 15 3
4109 ORDER 10231 15 26 21 44 0
4109 ORDER 10232 8 9 2 6 0
4110 ORDER 10233 15 15 3 16 0
4110 ORDER 10234 17 11 28 44 0
4110 ORDER 10235 8 27 3 18 2
4111 ORDER 10236 35 20 51 44 0
4111 ORDER 10237 49 5 3 9 1
4112 ORDER 10238 21 15 3 33 0
4112 ORDER 10239 40 21 2 33 0
4113 UNBLOCK 21 42
4113 ORDER 10240 25 36 53 44 0
4113 ORDER 10241 33 27 1 31 0
4114 ORDER 10242 46 27 18 43 0
4114 ORDER 10243 48 21 1 4 0
4114 ORDER 10244 52 24 18 44 0
4115 ORDER 10245 32 21 3 34 1
4115 ORDER 10246 46 41 2 24 0
4116 ORDER 10247 30 9 13 43 0
4116 ORDER 10248 47 6 2 23 2
4116 ORDER 10249 53 41 10 43 1
4117 CANCEL 10099
4117 ORDER 10250 52 8 1 14 0
4117 ORDER 10251 26 12 1 4 1
4117 ORDER 10252 8 32 16 44 0
4118 ORDER 10253 17 17 2 27 0
4118 ORDER 10254 30 39 2 2 0
4119 CANCEL 10078
4119 ORDER 10255 27 23 3 19 1
4119 ORDER 10256 17 11 46 43 0
4120 ORDER 10257 22 27 1 16 0
4120 ORDER 10258 38 36 3 43 1
4121 ORDER 10259 54 12 40 43 0
4121 ORDER 10260 50 30 1 23 0
4121 ORDER 10261 36 14 3 43 3
4122 ORDER 10262 16 41 31 44 0
4122 ORDER 10263 10 23 1 44 1
4123 CANCEL 10144
4123 ORDER 10264 43 30 45 43 0
4123 ORDER 10265 27 6 18 43 0
4124 ORDER 10266 21 18 25 43 2
4124 ORDER 10267 48 3 44 44 1
4125 ORDER 10268 6 23 1 44 0
4125 ORDER 10269 48 3 3 16 2
4126 ORDER 10270 33 24 16 43 0
4126 ORDER 10271 11 41 30 43 0
4126 ORDER 10272 17 35 30 43 0
4127 ORDER 10273 54 3 52 43 0
4127 ORDER 10274 44 32 2 13 1
4128 ORDER 10275 22 3 2 14 0
4128 ORDER 10276 37 18 2 22 0
4128 ORDER 10277 53 33 2 22 0
4129 ORDER 10278 43 25 1 14 1
4129 ORDER 10279 28 21 11 44 0
4129 ORDER 10280 12 23 43 44 0
4130 ORDER 10281 40 38 3 20 1
4130 ORDER 10282 29 5 1 18 0
4130 ORDER 10283 16 23 2 36 1
4131 ORDER 10284 22 39 26 44 0
4131 ORDER 10285 20 15 1 11 1
4132 ORDER 10286 33 29 53 43 0
4132 ORDER 10287 32 23 17 43 0
4132 ORDER 10288 35 18 3 8 0
4133 ORDER 10289 27 23 3 3 0
4133 ORDER 10290 22 9 2 3 0
4134 CANCEL 9923
4134 CANCEL 9927
4134 ORDER 10291 43 20 1 42 0
4134 ORDER 10292 39 3 32 44 0
4134 ORDER 10293 41 5 50 44 0
4135 ORDER 10294 12 24 48 43 2
4135 ORDER 10295 26 24 3 34 1
4135 ORDER 10296 36 29 1 8 0
4136 CANCEL 9851
4136 ORDER 10297 27 27 35 43 0
4136 ORDER 10298 52 21 1 32 0
4136 ORDER 10299 39 18 2 37 3
4137 ORDER 10300 36 9 3 25 0
4137 ORDER 10301 28 32 3 10 1
4137 ORDER 10302 49 17 3 43 0
4138 ORDER 10303 32 18 41 44 0
4138 ORDER 10304 41 32 2 39 1
4139 ORDER 10305 38 12 56 44 0
4139 ORDER 10306 15 17 28 43 2
4140 ORDER 10307 54 29 8 43 1
4140 ORDER 10308 22 36 57 44 1
4140 ORDER 10309 17 11 2 18 3
4141 ORDER 10310 13 18 3 1 0
4141 ORDER 10311 55 3 9 43 1
4141 ORDER 10312 28 14 2 26 0
4142 ORDER 10313 6 30 32 43 0
4142 ORDER 10314 6 8 2 21 0
4143 CANCEL 9878
4143 CANCEL 10133
4143 ORDER 10315 20 33 1 2 0
4143 ORDER 10316 39 38 28 44 2
4144 ORDER 10317 21 11 46 44 1
4144 ORDER 10318 37 21 1 42 0
4145 UNBLOCK 15 9
4145 ORDER 10319 22 38 1 10 1
4145 ORDER 10320 17 11 3 17 0
4145 ORDER 10321 29 8 23 43 1
4146 ORDER 10322 49 38 2 22 1
4146 ORDER 10323 55 11 2 42 0
4147 CANCEL 9909
4147 ORDER 10324 15 21 1 14 3
4147 ORDER 10325 14 30 3 12 0
4147 ORDER 10326 8 15 24 43 0
4148 CANCEL 9941
4148 ORDER 10327 16 39 39 43 0
4148 ORDER 10328 52 8 51 44 2
4148 ORDER 10329 35 20 3 7 0
4149 ORDER 10330 44 26 2 5 0
4149 ORDER 10331 53 32 11 44 1
4150 ORDER 10332 15 21 3 28 0
4150 ORDER 10333 38 27 1 12 1
4151 ORDER 10334 55 29 2 2 0
4151 ORDER 10335 40 3 31 44 2
4151 ORDER 10336 42 24 28 43 3
4152 CANCEL 10325
4152 ORDER 10337 16 3 3 32 0
4152 ORDER 10338 21 35 14 44 0
4152 ORDER 10339 16 6 2 36 0
4153 ORDER 10340 8 6 3 13 0
4153 ORDER 10341 36 8 24 44 0
4153 ORDER 10342 20 14 8 43 2
4154 ORDER 10343 45 32 1 27 1
4154 ORDER 10344 7 30 2 26 0
4155 ORDER 10345 21 8 33 43 0
4155 ORDER 10346 19 20 54 43 1
4156 ORDER 10347 46 17 1 1 0
4156 ORDER 10348 7 36 2 28 0
4156 BLOCK 15 19
4157 ORDER 10349 31 33 2 17 0
4157 ORDER 10350 35 9 2 44 0
4158 ORDER 10351 28 23 7 44 1
4158 ORDER 10352 33 39 1 26 0
4158 ORDER 10353 9 20 53 43 1
4159 ORDER 10354 8 17 2 42 0
4159 ORDER 10355 41 21 1 24 0
4160 CANCEL 9985
4160 ORDER 10356 50 12 42 43 0
4160 ORDER 10357 20 41 3 36 0
4160 ORDER 10358 23 26 41 44 0
4161 ORDER 10359 44 29 2 7 0
4161 ORDER 10360 52 24 11 44 0
4162 CANCEL 10265
4162 ORDER 10361 8 26 58 43 0
4162 ORDER 10362 35 33 2 6 0
4163 ORDER 10363 48 9 13 43 1
4163 ORDER 10364 44 33 3 4 0
4163 ORDER 10365 31 38 3 6 0
4164 ORDER 10366 16 24 2 19 0
4164 ORDER 10367 14 35 2 31 2
4164 ORDER 10368 30 24 3 1 0
4165 ORDER 10369 32 32 3 21 0
4165 ORDER 10370 40 20 2 4 0
4166 ORDER 10371 51 27 12 43 2
4166 ORDER 10372 47 26 36 44 1
4167 ORDER 10373 30 24 2 27 1
4167 ORDER 10374 44 11 1 1 1
4167 ORDER 10375 33 9 1 2 0
4168 CANCEL 9935
4168 ORDER 10376 53 29 2 33 0
4168 ORDER 10377 33 23 1 28 1
4169 UNBLOCK 27 38
4169 ORDER 10378 17 21 4 43 1
4169 ORDER 10379 21 12 1 7 1
4170 CANCEL 10005
4170 ORDER 10380 37 15 1 30 1
4170 ORDER 10381 36 30 30 43 3
4171 ORDER 10382 48 24 1 29 0
4171 ORDER 10383 12 20 41 44 0
4171 ORDER 10384 27 6 35 44 1
4172 ORDER 10385 17 14 2 23 0
4172 ORDER 10386 17 35 1 26 0
4173 CANCEL 10200
4173 ORDER 10387 54 9 3 23 1
4173 ORDER 10388 39 18 3 43 0
4173 ORDER 10389 12 6 3 14 2
4174 CANCEL 10354
4174 ORDER 10390 33 21 1 22 0
4174 ORDER 10391 36 16 3 19 1
4174 ORDER 10392 33 9 31 44 0
4175 ORDER 10393 32 20 48 43 0
4175 ORDER 10394 11 9 13 43 3
4175 ORDER 10395 18 35 1 23 0
4176 ORDER 10396 54 9 33 44 1
4176 ORDER 10397 8 18 1 17 0
4177 ORDER 10398 38 26 1 7 2
4177 ORDER 10399 48 24 2 36 0
4178 ORDER 10400 24 24 2 18 0
4178 ORDER 10401 12 23 38 43 1
4179 ORDER 10402 49 6 43 43 0
4179 ORDER 10403 11 21 25 44 0
4179 ORDER 10404 46 17 30 44 0
4180 ORDER 10405 54 5 3 29 1
4180 ORDER 10406 7 14 17 43 0
4181 ORDER 10407 29 36 3 22 0
4181 ORDER 10408 30 15 46 44 0
4181 ORDER 10409 19 23 3 43 1
4182 ORDER 10410 43 14 8 43 1
4182 ORDER 10411 48 21 1 30 1
4183 ORDER 10412 41 5 43 44 1
4183 ORDER 10413 33 33 1 23 0
4183 ORDER 10414 14 15 3 44 0
4184 ORDER 10415 44 17 1 10 2
4184 ORDER 10416 38 29 53 43 0
4185 ORDER 10417 34 36 48 44 2
4185 ORDER 10418 19 24 2 5 0
4186 ORDER 10419 9 30 2 23 0
4186 ORDER 10420 7 26 3 32 1
4186 ORDER 10421 44 20 10 43 0
4187 ORDER 10422 40 38 1 11 0
4187 ORDER 10423 40 9 3 39 1
4188 ORDER 10424 25 14 49 44 0
4188 ORDER 10425 12 26 3 25 2
4189 ORDER 10426 8 36 3 33 0
4189 ORDER 10427 35 5 55 44 0
4190 CANCEL 10105
4190 ORDER 10428 50 12 44 44 0
4190 ORDER 10429 25 9 3 3 0
4191 ORDER 10430 35 41 2 27 0
4191 ORDER 10431 34 23 1 33 0
4191 ORDER 10432 48 9 2 12 1
4192 ORDER 10433 27 6 3 29 1
4192 ORDER 10434 42 8 5 43 0
4193 ORDER 10435 6 17 3 35 0
4193 ORDER 10436 33 3 21 44 0
4193 ORDER 10437 18 26 2 13 1
4194 ORDER 10438 45 17 32 43 1
4194 ORDER 10439 33 23 2 42 0
4194 ORDER 10440 40 41 12 44 2
4195 CANCEL 10191
4195 ORDER 10441 25 29 1 22 0
4195 ORDER 10442 10 20 2 44 0
4196 ORDER 10443 45 41 12 43 0
4196 ORDER 10444 18 9 49 43 0
4197 CANCEL 10076
4197 ORDER 10445 8 30 30 44 0
4197 ORDER 10446 40 38 3 26 0
4197 ORDER 10447 26 18 3 28 1
4198 ORDER 10448 48 12 46 44 0
4198 ORDER 10449 38 12 2 36 2
4199 ORDER 10450 47 15 1 16 0
4199 ORDER 10451 27 8 29 43 0
4200 ORDER 10452 43 35 2 34 0
4200 ORDER 10453 20 41 15 43 0
4201 CANCEL 10123
4201 ORDER 10454 53 30 3 8 0
4201 ORDER 10455 29 6 2 18 0
4202 ORDER 10456 29 20 52 44 0
4202 ORDER 10457 32 23 1 9 0
4203 ORDER 10458 11 26 3 17 0
4203 ORDER 10459 30 11 2 33 0
4204 ORDER 10460 12 9 34 44 1
4204 ORDER 10461 32 14 3 27 1
4205 ORDER 10462 19 41 3 37 1
4205 ORDER 10463 10 38 16 43 0
4205 ORDER 10464 45 18 3 39 0
4206 CANCEL 10044
4206 ORDER 10465 36 29 3 6 0
4206 ORDER 10466 54 12 40 44 1
4207 ORDER 10467 26 36 27 44 0
4207 ORDER 10468 25 11 1 7 0
4208 CANCEL 10170
4208 ORDER 10469 6 17 58 43 0
4208 ORDER 10470 32 32 37 43 0
4209 CANCEL 10309
4209 ORDER 10471 44 35 9 44 3
4209 ORDER 10472 18 30 2 22 2
4209 ORDER 10473 20 18 6 44 3
4210 ORDER 10474 19 24 25 44 2
4210 ORDER 10475 37 17 2 12 0
4210 ORDER 10476 19 3 2 27 0
4211 ORDER 10477 13 5 2 37 0
4211 ORDER 10478 28 14 1 6 3
4212 CANCEL 10290
4212 ORDER 10479 9 5 32 43 0
4212 ORDER 10480 54 17 3 37 1
4213 ORDER 10481 28 8 2 5 1
4213 ORDER 10482 54 18 6 44 0
4213 ORDER 10483 31 30 1 22 1
4214 ORDER 10484 30 26 1 30 1
4214 ORDER 10485 55 36 30 43 0
4214 ORDER 10486 55 23 3 26 0
4215 CANCEL 10321
4215 ORDER 10487 21 14 11 43 3
4215 ORDER 10488 12 5 49 43 1
4215 ORDER 10489 38 29 44 44 0
4216 ORDER 10490 10 29 1 8 0
4216 ORDER 10491 55 35 3 43 0
4217 ORDER 10492 8 20 55 43 1
4217 ORDER 10493 17 24 2 29 0
4217 ORDER 10494 37 9 1 41 1
4218 ORDER 10495 35 17 57 43 0
4218 ORDER 10496 49 41 3 6 0
4218 ORDER 10497 44 32 2 33 0
4219 ORDER 10498 11 3 22 44 0
4219 ORDER 10499 28 38 29 43 0
4219 ORDER 10500 47 18 3 31 0
4220 ORDER 10501 40 12 2 13 2
4220 ORDER 10502 54 20 11 44 1
4220 ORDER 10503 29 17 1 6 1
4221 ORDER 10504 6 24 3 1 1
4221 ORDER 10505 9 21 3 14 0
4221 ORDER 10506 15 17 18 44 0
4222 ORDER 10507 26 21 1 33 0
4222 ORDER 10508 29 5 1 17 1
4222 ORDER 10509 8 8 2 30 0
4223 ORDER 10510 7 8 58 43 0
4223 ORDER 10511 11 30 2 2 1
4224 ORDER 10512 21 27 3 8 2
4224 ORDER 10513 6 5 3 40 0
4224 ORDER 10514 11 9 1 10 0
4225 CANCEL 10461
4225 ORDER 10515 10 27 1 26 3
4225 ORDER 10516 50 11 1 26 0
4225 ORDER 10517 18 17 3 24 1
4226 ORDER 10518 54 15 1 23 0
4226 ORDER 10519 32 30 1 5 0
4226 ORDER 10520 6 3 1 39 0
4227 ORDER 10521 11 33 2 20 1
4227 ORDER 10522 9 39 11 43 0
4227 ORDER 10523 17 14 1 13 0
4227 BLOCK 39 12
4228 ORDER 10524 54 29 26 43 1
4228 ORDER 10525 27 15 1 34 2
4229 ORDER 10526 55 20 40 43 0
4229 ORDER 10527 46 23 3 39 1
4230 ORDER 10528 6 5 1 24 1
4230 ORDER 10529 18 30 1 27 0
4230 ORDER 10530 23 6 26 43 0
4231 CANCEL 10214
4231 ORDER 10531 24 32 2 31 0
4231 ORDER 10532 44 36 1 36 0
4231 ORDER 10533 49 38 14 44 0
4232 ORDER 10534 32 33 3 18 1
4232 ORDER 10535 37 32 3 26 0
4232 ORDER 10536 27 36 15 43 0
4233 ORDER 10537 33 30 3 12 1
4233 ORDER 10538 47 5 16 44 0
4234 ORDER 10539 43 15 56 44 1
4234 ORDER 10540 46 20 57 43 0
4234 BLOCK 7 27
4235 ORDER 10541 19 5 55 43 0
4235 ORDER 10542 28 23 2 8 0
4235 ORDER 10543 6 9 57 43 0
4236 ORDER 10544 37 20 51 44 0
4236 ORDER 10545 6 5 3 1 1
4237 ORDER 10546 17 15 1 35 0
4237 ORDER 10547 19 12 1 12 0
4237 ORDER 10548 18 18 2 6 0
4238 ORDER 10549 20 24 18 44 0
4238 ORDER 10550 20 39 1 2 1
4238 ORDER 10551 52 3 41 43 1
4239 CANCEL 10466
4239 ORDER 10552 53 32 2 34 0
4239 ORDER 10553 7 3 1 38 1
4240 ORDER 10554 9 3 1 26 0
4240 ORDER 10555 8 36 3 21 0
4241 ORDER 10556 16 3 3 21 1
4241 ORDER 10557 46 27 2 44 1
4242 ORDER 10558 16 24 36 44 0
4242 ORDER 10559 43 21 3 18 3
4242 ORDER 10560 25 33 3 41 0
4243 ORDER 10561 38 38 2 41 0
4243 ORDER 10562 17 15 28 43 1
4244 ORDER 10563 48 39 39 44 2
4244 ORDER 10564 20 24 47 44 0
4244 ORDER 10565 29 26 21 43 1
4245 CANCEL 10559
4245 ORDER 10566 20 17 1 6 2
4245 ORDER 10567 44 38 20 44 0
4245 ORDER 10568 40 9 15 44 0
4246 CANCEL 10511
4246 ORDER 10569 55 36 1 34 0
4246 ORDER 10570 30 6 1 4 0
4246 ORDER 10571 8 29 51 43 1
4247 ORDER 10572 19 41 1 13 1
4247 ORDER 10573 31 20 39 44 1
4248 ORDER 10574 52 21 3 34 0
4248 ORDER 10575 33 27 11 44 2
4249 ORDER 10576 9 15 57 43 0
4249 ORDER 10577 10 6 1 26 2
4249 ORDER 10578 6 23 2 24 0
4250 ORDER 10579 43 27 1 18 0
4250 ORDER 10580 18 12 29 43 0
4250 ORDER 10581 46 32 41 43 1
4251 CANCEL 10269
4251 ORDER 10582 26 11 41 43 3
4251 ORDER 10583 37 36 48 44 1
4251 ORDER 10584 49 21 36 43 0
4251 BLOCK 9 39
4252 ORDER 10585 51 11 4 43 0
4252 ORDER 10586 30 8 3 30 2
4253 ORDER 10587 43 18 9 44 0
4253 ORDER 10588 10 18 57 43 0
4254 ORDER 10589 46 16 3 36 0
4254 ORDER 10590 7 5 10 44 0
4254 ORDER 10591 8 5 2 13 1
4255 ORDER 10592 31 6 2 5 0
4255 ORDER 10593 10 3 31 44 3
4256 ORDER 10594 26 5 27 43 0
4256 ORDER 10595 55 30 3 2 0
4257 ORDER 10596 37 3 14 44 2
4257 ORDER 10597 46 18 1 22 0
4257 ORDER 10598 27 38 13 43 0
4258 ORDER 10599 35 32 48 44 2
4258 ORDER 10600 25 25 1 7 1
4258 ORDER 10601 11 27 2 44 1
4259 ORDER 10602 40 15 27 43 0
4259 ORDER 10603 18 33 41 43 0
4260 ORDER 10604 21 14 1 12 0
4260 ORDER 10605 18 6 41 44 0
4260 ORDER 10606 26 36 22 44 1
4261 ORDER 10607 23 24 4 43 1
4261 ORDER 10608 11 18 16 43 1
4261 ORDER 10609 18 27 2 29 2
4262 ORDER 10610 8 20 1 36 0
4262 ORDER 10611 8 26 2 4 0
4263 ORDER 10612 28 12 1 41 0
4263 ORDER 10613 17 20 14 44 1
4264 ORDER 10614 29 17 28 43 0
4264 ORDER 10615 43 15 3 35 1
4264 ORDER 10616 10 33 3 32 3
4265 CANCEL 10458
4265 ORDER 10617 54 29 1 30 0
4265 ORDER 10618 10 14 3 5 0
4265 ORDER 10619 17 38 2 33 0
4266 ORDER 10620 21 18 3 11 3
4266 ORDER 10621 30 39 1 5 0
4267 ORDER 10622 13 11 1 18 1
4267 ORDER 10623 11 29 36 44 1
4267 ORDER 10624 35 18 14 44 1
4268 ORDER 10625 28 26 22 44 0
4268 ORDER 10626 20 33 2 37 0
4268 ORDER 10627 15 14 1 28 0
4269 CANCEL 10357
4269 ORDER 10628 9 5 20 43 0
4269 ORDER 10629 40 41 3 29 1
4269 ORDER 10630 21 15 3 33 2
4270 CANCEL 10335
4270 CANCEL 10391
4270 CANCEL 10569
4270 ORDER 10631 25 20 2 20 0
4270 ORDER 10632 25 12 2 20 1
4270 ORDER 10633 12 20 36 44 1
4271 ORDER 10634 18 12 3 1 0
4271 ORDER 10635 8 23 2 17 1
4272 ORDER 10636 53 29 2 5 0
4272 ORDER 10637 42 32 1 13 0
4273 CANCEL 10519
4273 ORDER 10638 7 36 8 43 2
4273 ORDER 10639 29 26 2 29 2
4273 ORDER 10640 8 33 49 43 0
4274 ORDER 10641 16 11 56 43 1
4274 ORDER 10642 43 14 29 44 1
4274 ORDER 10643 29 33 14 43 0
4275 CANCEL 10177
4275 CANCEL 10271
4275 CANCEL 10376
4275 CANCEL 10616
4275 ORDER 10644 55 30 1 36 0
4275 ORDER 10645 46 36 2 35 0
4276 CANCEL 10361
4276 ORDER 10646 23 24 3 15 2
4276 ORDER 10647 41 35 8 43 0
4277 ORDER 10648 16 41 24 43 2
4277 ORDER 10649 38 6 1 31 0
4277 BLOCK 22 29
4278 ORDER 10650 55 6 42 44 0
4278 ORDER 10651 46 33 1 16 0
4278 ORDER 10652 15 39 52 43 0
4279 ORDER 10653 6 26 1 26 2
4279 ORDER 10654 11 41 1 36 0
4280 CANCEL 10478
4280 CANCEL 10531
4280 ORDER 10655 47 41 3 10 0
4280 ORDER 10656 12 21 15 43 0
4281 CANCEL 10556
4281 ORDER 10657 7 39 3 33 1
4281 ORDER 10658 55 37 2 9 0
4281 ORDER 10659 26 9 3 26 0
4282 CANCEL 10383
4282 ORDER 10660 25 17 12 43 1
4282 ORDER 10661 26 6 16 44 0
4283 ORDER 10662 37 36 41 44 0
4283 ORDER 10663 26 30 18 44 0
4283 ORDER 10664 10 9 2 21 0
4284 ORDER 10665 29 15 12 43 0
4284 ORDER 10666 43 26 1 20 1
4284 ORDER 10667 28 30 21 43 0
4284 BLOCK 23 1
4285 ORDER 10668 28 36 20 44 1
4285 ORDER 10669 18 29 3 25 0
4285 ORDER 10670 25 3 1 8 1
4285 CANCEL 110670
4286 ORDER 10671 47 3 3 25 0
4286 ORDER 10672 21 27 1 12 1
4286 ORDER 10673 37 39 20 43 0
4287 ORDER 10674 19 5 38 44 0
4287 ORDER 10675 31 15 1 16 0
4287 ORDER 10676 28 23 3 31 1
4288 ORDER 10677 55 8 16 43 0
4288 ORDER 10678 23 21 2 22 0
4288 ORDER 10679 17 32 1 29 0
4289 ORDER 10680 25 15 23 44 3
4289 ORDER 10681 28 36 1 10 0
4289 ORDER 10682 18 15 37 44 0
4290 ORDER 10683 44 17 3 17 1
4290 ORDER 10684 25 12 1 8 2
4291 CANCEL 10564
4291 ORDER 10685 35 4 1 11 0
4291 ORDER 10686 6 24 1 25 3
4292 CANCEL 10196
4292 ORDER 10687 9 21 2 32 0
4292 ORDER 10688 27 26 3 43 0
4292 ORDER 10689 7 9 3 40 0
4293 ORDER 10690 34 27 3 11 1
4293 ORDER 10691 21 36 2 40 3
4293 ORDER 10692 7 9 31 43 0
4294 CANCEL 10379
4294 ORDER 10693 30 29 1 40 3
4294 ORDER 10694 26 9 3 2 1
4295 ORDER 10695 11 24 2 32 0
4295 ORDER 10696 52 35 51 44 0
4296 CANCEL 10548
4296 ORDER 10697 39 26 2 17 1
4296 ORDER 10698 12 6 2 32 1
4296 ORDER 10699 36 20 30 43 1
4297 CANCEL 10334
4297 CANCEL 10399
4297 CANCEL 10495
4297 ORDER 10700 46 5 2 21 1
4297 ORDER 10701 7 39 24 43 0
4298 ORDER 10702 20 17 3 12 1
4298 ORDER 10703 9 23 36 43 0
4298 ORDER 10704 6 11 7 44 1
4299 ORDER 10705 27 9 21 44 2
4299 ORDER 10706 18 41 2 6 2
4299 ORDER 10707 10 5 31 43 0
4300 ORDER 10708 17 17 2 3 0
4300 ORDER 10709 33 30 15 44 0
4300 ORDER 10710 39 24 4 44 0
4301 ORDER 10711 27 38 1 35 0
4301 ORDER 10712 53 33 2 36 0
4301 ORDER 10713 15 12 27 43 1
4302 ORDER 10714 12 27 17 43 2
4302 ORDER 10715 52 20 3 5 1
4302 ORDER 10716 22 36 2 31 0
4303 UNBLOCK 15 19
4303 CANCEL 10716
4303 ORDER 10717 21 27 2 38 0
4303 ORDER 10718 16 30 18 44 1
4303 ORDER 10719 8 17 2 14 0
4304 CANCEL 10532
4304 ORDER 10720 44 30 2 24 0
4304 ORDER 10721 45 6 2 27 0
4305 ORDER 10722 46 29 2 38 0
4305 ORDER 10723 29 18 12 43 0
4306 ORDER 10724 24 20 2 43 0
4306 ORDER 10725 22 6 2 40 0
4306 ORDER 10726 13 9 1 24 0
4307 ORDER 10727 46 32 1 13 2
4307 ORDER 10728 53 32 1 44 0
4307 ORDER 10729 43 14 30 43 0
4308 ORDER 10730 29 38 10 44 2
4308 ORDER 10731 30 17 39 43 0
4308 ORDER 10732 31 23 3 3 0
4309 ORDER 10733 39 17 37 44 0
4309 ORDER 10734 21 15 13 43 1
4309 ORDER 10735 36 15 9 44 2
4310 ORDER 10736 30 35 32 44 0
4310 ORDER 10737 44 18 1 10 1
4311 CANCEL 10514
4311 UNBLOCK 22 29
4311 ORDER 10738 39 36 2 37 3
4311 ORDER 10739 48 36 14 44 0
4311 ORDER 10740 14 17 3 2 0
4312 ORDER 10741 20 32 3 29 0
4312 ORDER 10742 36 18 41 44 0
4313 ORDER 10743 45 38 24 43 0
4313 ORDER 10744 35 15 1 6 0
4313 ORDER 10745 11 32 41 44 0
4314 ORDER 10746 54 26 1 24 2
4314 ORDER 10747 52 33 3 19 0
4314 ORDER 10748 51 33 1 27 0
4315 ORDER 10749 29 9 2 37 0
4315 ORDER 10750 6 20 7 44 0
4316 ORDER 10751 40 5 46 43 0
4316 ORDER 10752 34 5 2 43 1
4316 ORDER 10753 18 39 1 35 0
4317 ORDER 10754 18 9 1 4 0
4317 ORDER 10755 54 18 18 43 0
4317 ORDER 10756 17 33 1 37 2
4318 CANCEL 10341
4318 ORDER 10757 8 20 34 44 0
4318 ORDER 10758 10 39 45 44 3
4319 ORDER 10759 28 17 14 44 1
4319 ORDER 10760 28 21 1 39 3
4320 ORDER 10761 43 15 2 22 1
4320 ORDER 10762 49 24 19 43 3
4321 ORDER 10763 44 38 3 28 0
4321 ORDER 10764 30 20 18 43 0
4321 BLOCK 25 36
4322 CANCEL 10298
4322 ORDER 10765 39 35 37 43 1
4322 ORDER 10766 52 35 30 44 2
4323 ORDER 10767 48 24 2 8 0
4323 ORDER 10768 16 12 44 43 2
4324 ORDER 10769 26 3 26 44 0
4324 ORDER 10770 16 41 2 39 0
4325 ORDER 10771 47 18 43 44 3
4325 ORDER 10772 52 3 2 42 0
4325 ORDER 10773 24 32 4 44 0
4326 CANCEL 10655
4326 ORDER 10774 16 3 1 28 0
4326 ORDER 10775 33 33 48 43 1
4327 UNBLOCK 7 27
4327 ORDER 10776 35 33 56 43 1
4327 ORDER 10777 54 5 12 44 0
4328 UNBLOCK 9 39
4328 CANCEL 10720
4328 ORDER 10778 15 14 1 3 0
4328 ORDER 10779 19 11 29 44 0
4329 ORDER 10780 34 36 5 44 1
4329 ORDER 10781 49 41 55 44 1
4330 ORDER 10782 32 20 55 43 2
4330 ORDER 10783 17 12 6 43 0
4331 ORDER 10784 28 23 30 44 0
4331 ORDER 10785 37 29 17 44 0
4332 ORDER 10786 10 3 33 43 2
4332 ORDER 10787 37 38 1 31 0
4332 ORDER 10788 46 41 2 2 2
4333 CANCEL 10751
4333 CANCEL 10781
4333 ORDER 10789 39 9 3 10 1
4333 ORDER 10790 47 41 4 43 0
4333 BLOCK 17 17
4334 ORDER 10791 30 35 1 17 1
4334 ORDER 10792 6 33 42 44 0
4334 ORDER 10793 40 15 3 11 0
4335 CANCEL 10445
4335 ORDER 10794 49 26 13 43 0
4335 ORDER 10795 6 35 2 41 0
4336 ORDER 10796 31 14 3 7 3
4336 ORDER 10797 49 12 1 31 0
4336 ORDER 10798 29 41 2 29 0
4337 ORDER 10799 49 14 2 36 3
4337 ORDER 10800 52 20 14 43 0
4338 ORDER 10801 15 17 16 43 0
4338 ORDER 10802 35 36 2 23 0
4338 ORDER 10803 10 41 25 44 0
4339 CANCEL 10609
4339 ORDER 10804 19 6 37 44 0
4339 ORDER 10805 7 3 3 41 0
4340 ORDER 10806 6 23 7 43 1
4340 ORDER 10807 35 5 53 43 0
4340 ORDER 10808 53 20 22 43 0
4341 CANCEL 10678
4341 ORDER 10809 15 24 43 44 0
4341 ORDER 10810 21 21 57 43 0
4341 ORDER 10811 23 26 1 40 0
4342 ORDER 10812 24 18 1 29 0
4342 ORDER 10813 27 26 1 36 2
4342 ORDER 10814 52 23 10 43 1
4343 CANCEL 10681
4343 ORDER 10815 9 27 23 44 0
4343 ORDER 10816 35 29 3 34 0
4343 ORDER 10817 39 14 1 20 1
4344 CANCEL 10377
4344 ORDER 10818 35 24 14 44 0
4344 ORDER 10819 46 24 13 44 0
4344 ORDER 10820 17 26 12 44 0
4345 ORDER 10821 25 15 18 44 0
4345 ORDER 10822 50 11 48 43 0
4346 CANCEL 10386
4346 CANCEL 10657
4346 ORDER 10823 28 26 2 42 1
4346 ORDER 10824 52 6 3 16 0
4347 ORDER 10825 50 9 3 3 0
4347 ORDER 10826 25 29 3 3 2
4347 ORDER 10827 53 20 11 43 0
4348 CANCEL 10803
4348 ORDER 10828 36 38 2 4 2
4348 ORDER 10829 20 5 46 43 1
4348 ORDER 10830 30 6 7 43 0
4349 CANCEL 10426
4349 ORDER 10831 18 32 1 11 0
4349 ORDER 10832 37 8 7 44 0
4350 ORDER 10833 41 8 41 44 0
4350 ORDER 10834 32 18 1 19 0
4350 ORDER 10835 54 30 3 6 1
4351 ORDER 10836 19 15 2 13 0
4351 ORDER 10837 17 11 1 44 0
4352 ORDER 10838 19 5 28 44 1
4352 ORDER 10839 28 17 1 20 1
4353 CANCEL 10626
4353 ORDER 10840 19 15 3 21 0
4353 ORDER 10841 10 29 2 29 0
4353 ORDER 10842 45 11 25 44 0
4354 CANCEL 10488
4354 ORDER 10843 12 29 3 36 0
4354 ORDER 10844 20 24 3 24 0
4354 ORDER 10845 40 39 29 43 0
4355 UNBLOCK 23 1
4355 ORDER 10846 51 9 14 44 0
4355 ORDER 10847 17 36 1 7 1
4355 ORDER 10848 27 5 48 43 0
4356 ORDER 10849 54 35 7 44 1
4356 ORDER 10850 49 39 45 44 0
4357 ORDER 10851 36 36 1 4 0
4357 ORDER 10852 49 11 7 44 0
4357 ORDER 10853 55 23 28 43 0
4358 ORDER 10854 15 39 13 43 1
4358 ORDER 10855 43 27 55 43 1
4358 ORDER 10856 20 17 10 44 0
4359 CANCEL 10734
4359 ORDER 10857 6 11 2 42 0
4359 ORDER 10858 35 26 48 44 0
4359 ORDER 10859 19 38 1 28 0
4360 UNBLOCK 39 12
4360 CANCEL 10660
4360 ORDER 10860 46 33 7 43 2
4360 ORDER 10861 35 35 2 33 0
4361 ORDER 10862 30 20 2 40 0
4361 ORDER 10863 31 36 1 3 0
4362 ORDER 10864 29 41 3 28 0
4362 ORDER 10865 44 17 1 19 1
4363 CANCEL 10492
4363 ORDER 10866 35 18 55 44 2
4363 ORDER 10867 30 27 18 44 1
4364 ORDER 10868 13 35 1 28 0
4364 ORDER 10869 39 41 45 44 0
4364 ORDER 10870 36 5 1 15 0
4365 CANCEL 10784
4365 ORDER 10871 35 32 21 44 3
4365 ORDER 10872 38 20 46 43 2
4365 ORDER 10873 46 35 1 24 1
4366 ORDER 10874 49 12 55 43 0
4366 ORDER 10875 36 3 56 44 2
4367 CANCEL 10513
4367 ORDER 10876 47 23 3 26 0
4367 ORDER 10877 45 5 52 44 2
4367 ORDER 10878 50 41 14 43 1
4368 ORDER 10879 46 18 3 20 3
4368 ORDER 10880 22 12 26 43 1
4369 ORDER 10881 6 14 2 19 1
4369 ORDER 10882 51 33 1 15 1
4370 ORDER 10883 25 41 3 5 0
4370 ORDER 10884 21 39 3 23 1
4370 ORDER 10885 8 5 1 6 1
4371 CANCEL 10846
4371 ORDER 10886 53 29 1 2 0
4371 ORDER 10887 45 33 1 10 0
4372 CANCEL 10872
4372 ORDER 10888 36 8 19 43 0
4372 ORDER 10889 50 29 1 14 1
4373 CANCEL 10591
4373 ORDER 10890 46 27 20 44 0
4373 ORDER 10891 31 6 6 44 0
4374 CANCEL 10411
4374 ORDER 10892 51 30 2 26 0
4374 ORDER 10893 29 20 7 44 0
4374 ORDER 10894 11 6 46 43 0
4375 ORDER 10895 16 24 2 29 1
4375 ORDER 10896 48 5 3 13 0
4375 ORDER 10897 45 15 3 15 1
4376 ORDER 10898 20 18 39 43 1
4376 ORDER 10899 41 14 5 43 0
4376 ORDER 10900 53 35 17 44 0
4377 ORDER 10901 9 5 3 27 0
4377 ORDER 10902 44 32 2 44 0
4377 ORDER 10903 20 18 2 23 1
4378 ORDER 10904 55 3 1 1 0
4378 ORDER 10905 7 18 3 28 0
4378 ORDER 10906 37 30 2 7 1
4379 ORDER 10907 25 24 3 33 0
4379 ORDER 10908 19 6 2 38 0
4380 ORDER 10909 20 33 3 14 1
4380 ORDER 10910 23 8 57 43 2
4381 ORDER 10911 31 38 3 33 0
4381 ORDER 10912 55 6 3 17 1
4381 ORDER 10913 33 35 1 36 0
4382 ORDER 10914 7 14 52 43 0
4382 ORDER 10915 33 30 1 22 0
4383 CANCEL 10737
4383 ORDER 10916 19 21 3 8 0
4383 ORDER 10917 45 33 58 44 1
4383 ORDER 10918 41 36 31 44 0
4384 CANCEL 10419
4384 UNBLOCK 25 36
4384 ORDER 10919 54 5 43 43 2
4384 ORDER 10920 54 18 20 43 2
4385 CANCEL 10592
4385 ORDER 10921 45 20 38 44 1
4385 ORDER 10922 18 41 2 13 0
4386 ORDER 10923 47 11 39 44 2
4386 ORDER 10924 54 29 1 42 1
4386 ORDER 10925 38 23 3 22 1
4387 ORDER 10926 27 14 3 13 0
4387 ORDER 10927 17 24 2 37 0
4387 ORDER 10928 12 3 2 29 1
4388 ORDER 10929 20 21 11 43 0
4388 ORDER 10930 35 18 20 44 0
4388 ORDER 10931 34 27 8 43 0
4389 CANCEL 10438
4389 ORDER 10932 31 6 3 40 0
4389 ORDER 10933 12 29 27 43 0
4389 ORDER 10934 9 11 25 43 0
4390 ORDER 10935 48 21 29 44 0
4390 ORDER 10936 49 24 25 44 0
4390 ORDER 10937 11 15 1 7 0
4391 ORDER 10938 18 35 3 38 2
4391 ORDER 10939 11 29 2 2 1
4392 ORDER 10940 9 18 2 14 0
4392 ORDER 10941 39 3 1 3 0
4392 ORDER 10942 12 8 7 43 0
4393 CANCEL 10773
4393 ORDER 10943 48 36 49 43 2
4393 ORDER 10944 38 20 43 44 0
4394 ORDER 10945 53 29 55 44 0
4394 ORDER 10946 19 29 2 42 3
4394 ORDER 10947 12 33 49 43 0
4395 ORDER 10948 17 24 36 44 1
4395 ORDER 10949 14 30 16 43 0
4395 ORDER 10950 33 23 1 15 0
4396 ORDER 10951 46 26 23 43 2
4396 ORDER 10952 48 23 1 12 0
4397 ORDER 10953 31 8 3 18 2
4397 ORDER 10954 8 39 3 3 0
4398 ORDER 10955 47 11 52 44 0
4398 ORDER 10956 37 16 3 31 0
4399 ORDER 10957 19 23 2 25 0
4399 ORDER 10958 22 27 3 24 2
4400 ORDER 10959 36 6 3 41 1
4400 ORDER 10960 50 38 29 43 1
4401 CANCEL 10651
4401 CANCEL 10886
4401 CANCEL 10938
4401 ORDER 10961 47 30 3 2 0
4401 ORDER 10962 29 36 12 43 1
4401 ORDER 10963 8 29 1 8 2
4402 ORDER 10964 44 29 1 32 0
4402 ORDER 10965 20 30 29 44 0
4402 ORDER 10966 29 12 3 41 0
4403 ORDER 10967 27 3 43 43 0
4403 ORDER 10968 30 11 44 43 0
4404 CANCEL 10709
4404 ORDER 10969 6 9 3 6 0
4404 ORDER 10970 42 32 8 44 2
4405 ORDER 10971 12 18 6 44 1
4405 ORDER 10972 34 21 7 44 1
4405 ORDER 10973 33 12 1 28 1
4406 ORDER 10974 30 8 3 13 1
4406 ORDER 10975 17 35 2 41 1
4407 ORDER 10976 54 9 18 43 0
4407 ORDER 10977 50 33 4 44 0
4407 ORDER 10978 15 26 2 35 0
4408 ORDER 10979 19 29 1 24 0
4408 ORDER 10980 18 15 21 43 0
4408 ORDER 10981 10 41 3 9 1
4409 ORDER 10982 6 41 2 3 2
4409 ORDER 10983 49 9 3 35 1
4409 ORDER 10984 16 24 2 28 0
4410 ORDER 10985 15 15 2 2 0
4410 ORDER 10986 36 36 1 1 1
4410 ORDER 10987 55 21 55 44 2
4411 ORDER 10988 55 21 1 22 3
4411 ORDER 10989 52 30 15 44 0
4412 ORDER 10990 46 27 1 31 1
4412 ORDER 10991 26 6 32 44 1
4413 ORDER 10992 48 38 40 43 0
4413 ORDER 10993 11 41 36 44 0
4413 ORDER 10994 30 21 10 43 1
4414 ORDER 10995 10 30 3 13 1
4414 ORDER 10996 10 18 48 43 0
4415 CANCEL 10879
4415 ORDER 10997 29 5 3 22 0
4415 ORDER 10998 54 17 39 44 1
4416 CANCEL 10648
4416 ORDER 10999 20 5 29 43 1
4416 ORDER 11000 46 15 1 37 1
4416 ORDER 11001 30 21 44 43 0
4417 ORDER 11002 14 12 1 37 1
4417 ORDER 11003 41 3 1 17 0
4417 ORDER 11004 33 30 20 44 0
4418 CANCEL 10922
4418 ORDER 11005 13 38 31 44 1
4418 ORDER 11006 8 21 9 44 2
4419 ORDER 11007 47 15 3 22 0
4419 ORDER 11008 15 26 2 36 1
4419 ORDER 11009 34 5 15 44 0
4420 ORDER 11010 20 9 1 7 1
4420 ORDER 11011 40 17 1 39 2
4421 CANCEL 10727
4421 ORDER 11012 21 13 18 43 0
4421 ORDER 11013 10 35 20 44 2
4421 ORDER 11014 9 9 2 34 0
4422 ORDER 11015 29 5 25 43 1
4422 ORDER 11016 49 15 1 43 0
4422 ORDER 11017 55 36 2 34 2
4423 CANCEL 10895
4423 ORDER 11018 15 29 2 13 0
4423 ORDER 11019 30 41 16 43 0
4423 ORDER 11020 40 22 1 13 0
4424 ORDER 11021 49 15 20 44 0
4424 ORDER 11022 33 9 1 21 0
4424 ORDER 11023 38 38 4 44 3
4425 CANCEL 10875
4425 ORDER 11024 8 24 1 25 0
4425 ORDER 11025 19 41 51 43 1
4425 ORDER 11026 51 36 2 7 0
4426 ORDER 11027 8 27 44 43 0
4426 ORDER 11028 10 32 30 44 0
4426 ORDER 11029 28 12 3 24 0
4427 ORDER 11030 13 35 2 34 1
4427 ORDER 11031 20 5 47 43 2
4427 ORDER 11032 36 15 44 44 0
4428 ORDER 11033 40 12 14 44 2
4428 ORDER 11034 13 3 2 38 0
4429 CANCEL 10735
4429 ORDER 11035 49 9 33 44 1
4429 ORDER 11036 46 29 2 9 0
4429 ORDER 11037 41 36 1 18 1
4430 CANCEL 10990
4430 ORDER 11038 36 6 36 43 0
4430 ORDER 11039 35 17 1 34 0
4431 ORDER 11040 50 14 3 12 1
4431 ORDER 11041 11 24 2 34 0
4431 ORDER 11042 8 20 3 20 0
4432 ORDER 11043 30 38 1 29 1
4432 ORDER 11044 55 6 1 22 0
4433 ORDER 11045 50 33 1 17 0
4433 ORDER 11046 38 38 38 44 2
4434 CANCEL 10688
4434 ORDER 11047 7 23 2 15 2
4434 ORDER 11048 31 14 2 42 0
4434 ORDER 11049 21 3 46 43 2
4435 ORDER 11050 27 24 11 43 3
4435 ORDER 11051 50 36 45 44 0
4436 ORDER 11052 54 5 9 43 1
4436 ORDER 11053 19 38 3 9 1
4436 ORDER 11054 32 23 5 43 1
4437 ORDER 11055 6 38 3 35 2
4437 ORDER 11056 52 31 3 7 0
4438 ORDER 11057 27 9 2 4 0
4438 ORDER 11058 50 32 12 44 0
4439 ORDER 11059 45 8 1 16 0
4439 ORDER 11060 19 14 1 44 2
4439 ORDER 11061 49 5 28 44 3
4440 ORDER 11062 37 15 5 43 1
4440 ORDER 11063 31 15 2 16 0
4440 ORDER 11064 30 3 16 43 0
4441 CANCEL 11033
4441 ORDER 11065 13 33 9 44 1
4441 ORDER 11066 21 33 1 7 1
4442 CANCEL 11022
4442 ORDER 11067 43 23 23 44 1
4442 ORDER 11068 27 26 14 44 2
4442 ORDER 11069 42 24 1 21 1
4443 ORDER 11070 19 23 20 44 0
4443 ORDER 11071 10 30 37 44 1
4443 ORDER 11072 28 39 3 36 0
4444 CANCEL 10723
4444 ORDER 11073 38 26 57 44 1
4444 ORDER 11074 10 23 3 35 0
4444 ORDER 11075 18 36 3 27 0
4445 ORDER 11076 11 6 58 43 0
4445 ORDER 11077 12 38 37 44 0
4446 ORDER 11078 20 36 3 13 0
4446 ORDER 11079 17 29 34 44 0
4446 ORDER 11080 43 26 16 43 2
4447 CANCEL 10951
4447 ORDER 11081 18 35 45 43 0
4447 ORDER 11082 29 18 3 18 1
4448 ORDER 11083 47 15 30 43 1
4448 ORDER 11084 52 33 1 12 3
4449 ORDER 11085 9 5 41 44 0
4449 ORDER 11086 10 32 40 44 2
4449 ORDER 11087 37 5 1 36 1
4450 ORDER 11088 13 18 1 24 1
4450 ORDER 11089 8 18 58 44 0
4451 ORDER 11090 48 11 2 7 0
4451 ORDER 11091 48 23 47 44 0
4451 ORDER 11092 20 35 3 26 1
4452 CANCEL 10761
4452 ORDER 11093 38 8 3 29 0
4452 ORDER 11094 18 29 2 5 0
4452 ORDER 11095 8 41 2 27 0
4453 ORDER 11096 22 11 3 40 1
4453 ORDER 11097 52 15 31 44 1
4453 ORDER 11098 36 11 27 43 0
4454 ORDER 11099 27 29 16 43 0
4454 ORDER 11100 20 30 1 44 0
4454 ORDER 11101 26 26 1 30 0
4455 ORDER 11102 40 17 33 43 0
4455 ORDER 11103 50 6 3 11 1
4455 ORDER 11104 15 26 1 12 0
4456 ORDER 11105 17 27 1 41 0
4456 ORDER 11106 20 41 22 44 0
4456 ORDER 11107 6 21 28 44 1
4457 ORDER 11108 40 39 2 20 0
4457 ORDER 11109 36 6 2 15 0
4458 ORDER 11110 17 5 2 38 2
4458 ORDER 11111 21 38 3 33 0
4458 ORDER 11112 52 3 1 42 2
4459 ORDER 11113 41 9 44 44 0
4459 ORDER 11114 20 24 44 43 0
4459 ORDER 11115 52 35 3 10 0
4460 ORDER 11116 43 20 23 43 0
4460 ORDER 11117 21 41 1 31 0
4460 ORDER 11118 29 33 5 43 1
4461 ORDER 11119 33 11 3 25 2
4461 ORDER 11120 29 24 4 43 2
4461 ORDER 11121 8 20 3 32 2
4462 ORDER 11122 51 35 43 44 1
4462 ORDER 11123 16 17 34 44 0
4463 CANCEL 10656
4463 CANCEL 10897
4463 ORDER 11124 38 21 36 44 0
4463 ORDER 11125 37 11 1 41 1
4464 CANCEL 10739
4464 ORDER 11126 45 20 47 43 0
4464 ORDER 11127 23 6 51 44 1
4465 CANCEL 10999
4465 ORDER 11128 10 30 48 44 1
4465 ORDER 11129 53 15 1 30 0
4465 ORDER 11130 49 11 1 33 0
4466 ORDER 11131 16 14 1 9 0
4466 ORDER 11132 50 28 2 25 0
4467 ORDER 11133 19 39 2 44 0
4467 ORDER 11134 36 38 3 1 0
4467 ORDER 11135 38 17 23 43 0
4468 ORDER 11136 23 6 28 43 0
4468 ORDER 11137 7 8 2 42 0
4469 ORDER 11138 10 33 2 35 0
4469 ORDER 11139 8 11 25 43 1
4469 ORDER 11140 41 23 3 4 1
4470 ORDER 11141 29 24 47 43 1
4470 ORDER 11142 9 14 52 43 0
4470 ORDER 11143 43 29 47 44 1
4471 CANCEL 10919
4471 ORDER 11144 6 39 38 43 1
4471 ORDER 11145 55 38 2 26 0
4472 UNBLOCK 17 17
4472 CANCEL 10870
4472 CANCEL 10916
4472 ORDER 11146 25 27 21 44 0
4472 ORDER 11147 52 26 28 44 1
4472 ORDER 11148 39 29 3 23 0
4473 ORDER 11149 19 9 44 43 0
4473 ORDER 11150 19 39 36 44 2
4474 ORDER 11151 11 17 27 44 1
4474 ORDER 11152 26 18 2 2 0
4475 ORDER 11153 31 38 32 43 0
4475 ORDER 11154 27 12 3 11 0
4475 ORDER 11155 17 33 29 44 0
4476 ORDER 11156 51 38 20 44 3
4476 ORDER 11157 18 3 50 43 0
4476 ORDER 11158 40 3 3 21 0
4476 BLOCK 32 18
4477 ORDER 11159 50 35 2 24 0
4477 ORDER 11160 53 15 2 14 1
4478 ORDER 11161 19 9 3 22 0
4478 ORDER 11162 29 9 2 43 1
4479 ORDER 11163 30 29 1 43 2
4479 ORDER 11164 22 9 3 23 1
4479 ORDER 11165 38 8 1 20 1
4480 CANCEL 10867
4480 ORDER 11166 31 36 16 44 1
4480 ORDER 11167 43 33 1 44 2
4481 ORDER 11168 22 38 2 11 3
4481 ORDER 11169 18 11 24 43 0
4482 CANCEL 10748
4482 ORDER 11170 29 29 3 26 0
4482 ORDER 11171 33 33 43 44 0
4482 ORDER 11172 11 21 53 43 0
4483 ORDER 11173 17 33 35 43 0
4483 ORDER 11174 20 18 37 44 2
4483 ORDER 11175 12 35 2 39 0
4484 CANCEL 11071
4484 ORDER 11176 38 39 2 41 2
4484 ORDER 11177 44 36 1 26 0
4484 ORDER 11178 44 15 3 25 0
4485 CANCEL 10851
4485 ORDER 11179 12 27 3 40 1
4485 ORDER 11180 50 14 11 43 0
4486 CANCEL 10929
4486 ORDER 11181 54 11 2 1 0
4486 ORDER 11182 41 32 14 43 2
4487 ORDER 11183 10 3 3 26 0
4487 ORDER 11184 17 20 2 10 1
4487 ORDER 11185 29 8 1 5 0
4488 CANCEL 11076
4488 ORDER 11186 27 12 1 25 1
4488 ORDER 11187 37 14 2 11 1
4488 ORDER 11188 11 30 1 22 0
4489 ORDER 11189 17 30 12 44 0
4489 ORDER 11190 40 21 5 43 0
4489 ORDER 11191 19 32 3 14 0
4490 ORDER 11192 45 3 13 44 3
4490 ORDER 11193 33 29 3 2 0
4491 ORDER 11194 47 14 25 44 0
4491 ORDER 11195 35 35 20 43 1
4491 ORDER 11196 9 33 1 33 1
4492 ORDER 11197 47 39 3 35 1
4492 ORDER 11198 29 38 1 42 0
4492 ORDER 11199 21 5 18 44 2
4493 ORDER 11200 41 8 1 18 1
4493 ORDER 11201 9 5 2 5 0
4493 ORDER 11202 27 23 58 43 0
4494 ORDER 11203 25 41 1 21 0
4494 ORDER 11204 28 38 1 25 0
4495 ORDER 11205 7 37 2 13 1
4495 ORDER 11206 6 37 29 43 1
4496 ORDER 11207 55 17 41 44 2
4496 ORDER 11208 10 21 3 42 1
4496 ORDER 11209 52 29 3 19 1
4497 ORDER 11210 33 11 2 41 1
4497 ORDER 11211 26 6 2 18 1
4498 CANCEL 10988
4498 ORDER 11212 25 20 46 44 0
4498 ORDER 11213 46 3 25 43 1
4498 ORDER 11214 16 23 2 36 0
4499 CANCEL 10813
4499 ORDER 11215 43 21 46 44 0
4499 ORDER 11216 9 39 3 28 2
4500 ORDER 11217 17 26 1 11 0
4500 ORDER 11218 18 35 49 43 0
4500 ORDER 11219 34 24 4 43 0
4501 ORDER 11220 30 27 2 25 0
4501 ORDER 11221 46 5 3 25 0
4501 ORDER 11222 44 41 48 44 0
4502 ORDER 11223 52 20 1 19 1
4502 ORDER 11224 25 41 2 44 0
4502 ORDER 11225 9 3 53 44 0
4503 CANCEL 10955
4503 ORDER 11226 13 36 47 44 0
4503 ORDER 11227 53 20 9 43 0
4504 ORDER 11228 28 41 1 14 0
4504 ORDER 11229 45 36 2 19 1
4504 ORDER 11230 34 41 3 33 1
4505 ORDER 11231 46 23 48 44 0
4505 ORDER 11232 47 12 3 24 1
4505 ORDER 11233 43 24 30 44 1
4506 ORDER 11234 20 27 3 34 1
4506 ORDER 11235 15 26 32 43 1
4507 ORDER 11236 52 30 1 8 0
4507 ORDER 11237 36 33 1 13 0
4508 CANCEL 10910
4508 ORDER 11238 14 17 38 43 3
4508 ORDER 11239 8 15 3 29 0
4509 ORDER 11240 38 20 2 37 0
4509 ORDER 11241 29 26 1 2 1
4509 ORDER 11242 44 36 42 44 0
4510 CANCEL 11116
4510 ORDER 11243 55 14 2 10 1
4510 ORDER 11244 25 18 56 44 0
4511 ORDER 11245 20 32 55 43 0
4511 ORDER 11246 6 17 37 44 1
4511 ORDER 11247 22 41 30 44 0
4512 ORDER 11248 22 9 1 24 0
4512 ORDER 11249 27 17 1 11 1
4513 ORDER 11250 19 26 33 43 0
4513 ORDER 11251 6 26 3 43 1
4513 ORDER 11252 32 23 28 44 0
4514 ORDER 11253 49 17 3 17 0
4514 ORDER 11254 15 13 3 24 2
4514 ORDER 11255 9 41 10 44 3
4515 ORDER 11256 29 9 49 44 1
4515 ORDER 11257 21 14 2 28 0
4515 ORDER 11258 47 21 40 43 3
4516 ORDER 11259 36 18 2 17 0
4516 ORDER 11260 44 15 13 43 1
4516 ORDER 11261 11 8 2 11 1
4517 ORDER 11262 19 21 1 14 2
4517 ORDER 11263 8 24 1 38 2
4517 ORDER 11264 50 30 43 43 0
4518 UNBLOCK 32 18
4518 ORDER 11265 8 14 1 19 0
4518 ORDER 11266 44 35 1 34 0
4519 CANCEL 11152
4519 ORDER 11267 36 33 2 30 2
4519 ORDER 11268 20 12 3 35 1
4519 ORDER 11269 35 39 1 41 0
4520 ORDER 11270 33 9 57 44 0
4520 ORDER 11271 37 12 26 44 0
4521 CANCEL 11209
4521 ORDER 11272 27 30 1 19 0
4521 ORDER 11273 13 5 1 8 0
4522 ORDER 11274 51 8 23 43 2
4522 ORDER 11275 25 33 1 2 0
4523 CANCEL 11120
4523 ORDER 11276 49 5 1 6 0
4523 ORDER 11277 31 18 53 43 2
4523 BLOCK 37 20
4524 ORDER 11278 19 9 3 29 1
4524 ORDER 11279 31 17 2 6 0
4524 ORDER 11280 6 26 3 10 0
4525 ORDER 11281 33 3 1 27 2
4525 ORDER 11282 29 8 22 43 0
4526 ORDER 11283 15 14 58 44 0
4526 ORDER 11284 24 20 3 38 0
4527 ORDER 11285 33 9 2 21 2
4527 ORDER 11286 10 35 54 44 1
4528 ORDER 11287 19 21 42 44 3
4528 ORDER 11288 30 27 2 20 1
4529 CANCEL 11157
4529 ORDER 11289 29 6 7 43 3
4529 ORDER 11290 55 5 2 37 2
4529 ORDER 11291 29 39 12 43 1
4530 ORDER 11292 39 8 53 44 1
4530 ORDER 11293 18 39 2 2 0
4531 ORDER 11294 7 9 12 43 1
4531 ORDER 11295 48 5 3 40 3
4532 ORDER 11296 49 8 31 43 1
4532 ORDER 11297 42 29 1 14 0
4532 ORDER 11298 9 30 42 44 1
4533 ORDER 11299 42 12 2 16 0
4533 ORDER 11300 47 20 3 3 0
4534 ORDER 11301 51 32 3 43 0
4534 ORDER 11302 28 38 20 43 1
4534 ORDER 11303 17 23 3 34 0
4535 ORDER 11304 46 20 49 44 3
4535 ORDER 11305 25 18 1 29 0
4536 CANCEL 10905
4536 CANCEL 11206
4536 ORDER 11306 9 39 37 43 0
4536 ORDER 11307 22 39 47 44 0
4537 ORDER 11308 54 38 27 44 0
4537 ORDER 11309 49 9 2 41 1
4537 ORDER 11310 38 36 1 31 0
4538 CANCEL 11305
4538 ORDER 11311 39 38 3 21 3
4538 ORDER 11312 11 14 3 9 0
4538 ORDER 11313 7 15 3 26 1
4539 CANCEL 11183
4539 ORDER 11314 21 23 3 36 1
4539 ORDER 11315 6 27 2 3 2
4539 ORDER 11316 6 41 16 43 1
4540 CANCEL 11238
4540 ORDER 11317 40 9 2 34 0
4540 ORDER 11318 52 32 23 43 0
4541 ORDER 11319 48 24 13 44 0
4541 ORDER 11320 44 36 3 17 1
4542 ORDER 11321 44 15 54 44 1
4542 ORDER 11322 36 14 2 38 2
4543 ORDER 11323 27 18 1 41 3
4543 ORDER 11324 40 36 22 43 0
4543 ORDER 11325 28 9 11 44 0
4544 CANCEL 10930
4544 ORDER 11326 50 14 27 43 0
4544 ORDER 11327 52 35 41 44 0
4544 ORDER 11328 40 20 2 31 0
4545 ORDER 11329 46 21 2 2 0
4545 ORDER 11330 45 18 2 15 0
4545 ORDER 11331 43 12 6 43 0
4546 ORDER 11332 10 36 26 43 1
4546 ORDER 11333 33 39 14 43 0
4546 ORDER 11334 9 11 2 44 0
4547 ORDER 11335 31 35 38 44 0
4547 ORDER 11336 47 24 49 44 0
4548 ORDER 11337 26 29 29 43 0
4548 ORDER 11338 21 5 3 7 2
4548 ORDER 11339 24 26 1 16 0
4549 ORDER 11340 48 18 1 24 1
4549 ORDER 11341 44 32 47 43 2
4549 ORDER 11342 43 26 48 43 0
4550 ORDER 11343 20 5 3 23 0
4550 ORDER 11344 26 30 31 43 0
4550 ORDER 11345 26 14 2 40 1
4551 ORDER 11346 6 39 3 30 2
4551 ORDER 11347 20 11 1 1 3
4551 ORDER 11348 30 36 2 21 0
4552 ORDER 11349 18 38 2 3 1
4552 ORDER 11350 19 3 2 14 1
4553 CANCEL 10898
4553 ORDER 11351 26 18 3 14 0
4553 ORDER 11352 14 12 1 19 0
4554 CANCEL 11306
4554 ORDER 11353 47 14 1 25 0
4554 ORDER 11354 7 29 3 14 1
4555 ORDER 11355 28 27 2 2 3
4555 ORDER 11356 20 29 1 37 0
4556 ORDER 11357 20 33 2 15 0
4556 ORDER 11358 47 15 1 25 1
4557 ORDER 11359 36 17 4 44 0
4557 ORDER 11360 17 33 3 15 0
4558 ORDER 11361 44 24 5 44 1
4558 ORDER 11362 31 14 1 26 1
4558 ORDER 11363 43 29 3 13 0
4559 CANCEL 11252
4559 ORDER 11364 34 9 32 44 2
4559 ORDER 11365 6 6 28 44 0
4560 CANCEL 11184
4560 ORDER 11366 23 23 24 44 0
4560 ORDER 11367 50 14 1 21 0
4561 ORDER 11368 26 8 3 42 0
4561 ORDER 11369 20 33 2 2 0
4562 ORDER 11370 30 6 3 28 0
4562 ORDER 11371 11 32 3 31 0
4562 ORDER 11372 49 17 3 22 0
4563 ORDER 11373 20 41 1 38 0
4563 ORDER 11374 26 15 44 44 1
4563 ORDER 11375 11 9 44 43 1
4564 ORDER 11376 19 27 20 44 0
4564 ORDER 11377 40 20 2 38 0
4565 ORDER 11378 50 32 37 43 0
4565 ORDER 11379 14 17 29 44 0
4565 ORDER 11380 17 38 2 32 0
4566 CANCEL 11307
4566 ORDER 11381 11 33 43 43 0
4566 ORDER 11382 27 23 24 43 0
4566 ORDER 11383 14 15 2 22 3
4567 ORDER 11384 37 23 2 21 0
4567 ORDER 11385 19 20 2 13 0
4568 ORDER 11386 10 21 1 32 0
4568 ORDER 11387 37 27 43 44 0
4568 ORDER 11388 44 18 2 27 0
4569 CANCEL 11085
4569 ORDER 11389 25 15 2 26 0
4569 ORDER 11390 53 39 29 44 0
4570 CANCEL 11100
4570 ORDER 11391 45 32 10 43 1
4570 ORDER 11392 52 6 22 43 0
4570 ORDER 11393 27 20 32 43 2
4571 ORDER 11394 20 35 19 44 1
4571 ORDER 11395 53 3 43 44 0
4572 ORDER 11396 16 8 23 44 0
4572 ORDER 11397 16 26 44 44 0
4572 ORDER 11398 21 6 52 44 1
4573 UNBLOCK 37 20
4573 ORDER 11399 9 41 3 17 0
4573 ORDER 11400 37 11 56 43 0
4574 ORDER 11401 39 39 25 43 0
4574 ORDER 11402 8 17 2 41 1
4574 ORDER 11403 8 30 41 43 0
4575 ORDER 11404 40 20 1 43 0
4575 ORDER 11405 16 36 2 29 1
4575 ORDER 11406 53 18 3 40 0
4576 ORDER 11407 39 9 3 31 2
4576 ORDER 11408 15 14 53 43 1
4577 CANCEL 11052
4577 ORDER 11409 8 11 2 32 1
4577 ORDER 11410 40 3 1 32 1
4578 ORDER 11411 54 39 21 43 2
4578 ORDER 11412 52 26 15 44 0
4579 ORDER 11413 26 9 1 6 1
4579 ORDER 11414 21 15 2 16 1
4579 ORDER 11415 55 20 3 43 1
4580 ORDER 11416 12 41 49 44 0
4580 ORDER 11417 12 35 39 43 0
4580 ORDER 11418 22 6 2 5 0
4581 ORDER 11419 48 21 57 44 0
4581 ORDER 11420 36 41 51 44 0
4581 ORDER 11421 50 12 3 43 1
4582 CANCEL 11093
4582 CANCEL 11337
4582 ORDER 11422 49 23 3 9 2
4582 ORDER 11423 50 33 1 36 0
4582 ORDER 11424 27 5 39 43 0
4583 CANCEL 11325
4583 ORDER 11425 17 6 3 29 0
4583 ORDER 11426 30 20 3 42 3
4584 CANCEL 11014
4584 CANCEL 11262
4584 ORDER 11427 34 38 42 43 3
4584 ORDER 11428 23 30 1 17 2
4584 ORDER 11429 22 39 2 1 0
4585 ORDER 11430 46 39 53 44 0
4585 ORDER 11431 38 19 29 43 0
4586 ORDER 11432 27 21 26 43 0
4586 ORDER 11433 55 3 7 43 2
4587 CANCEL 11128
4587 ORDER 11434 11 18 1 1 0
4587 ORDER 11435 45 33 22 44 1
4588 ORDER 11436 12 33 2 16 0
4588 ORDER 11437 44 38 32 43 0
4588 ORDER 11438 7 15 44 44 0
4589 ORDER 11439 10 27 1 9 2
4589 ORDER 11440 44 24 54 44 0
4589 ORDER 11441 11 14 27 44 0
4590 CANCEL 11268
4590 ORDER 11442 17 36 49 44 1
4590 ORDER 11443 44 38 2 26 0
4590 ORDER 11444 40 36 2 15 0
4591 ORDER 11445 43 29 45 43 0
4591 ORDER 11446 28 26 2 39 0
4592 CANCEL 11038
4592 ORDER 11447 18 11 34 43 0
4592 ORDER 11448 49 39 28 44 0
4593 ORDER 11449 37 20 2 35 2
4593 ORDER 11450 39 6 3 35 0
4593 ORDER 11451 8 23 35 43 0
4594 CANCEL 11391
4594 ORDER 11452 38 41 2 36 0
4594 ORDER 11453 10 29 49 44 0
4595 ORDER 11454 51 30 2 15 2
4595 ORDER 11455 25 11 1 31 1
4595 ORDER 11456 6 33 49 44 3
4596 ORDER 11457 21 12 2 27 0
4596 ORDER 11458 6 30 45 43 1
4597 ORDER 11459 18 26 3 42 2
4597 ORDER 11460 18 20 43 44 0
4597 ORDER 11461 36 26 3 36 0
4598 ORDER 11462 44 30 1 9 2
4598 ORDER 11463 11 8 3 17 0
4598 ORDER 11464 38 23 25 43 0
4599 ORDER 11465 10 24 11 43 3
4599 ORDER 11466 17 9 3 7 0
4599 ORDER 11467 46 27 36 43 0
4600 ORDER 11468 35 18 2 38 0
4600 ORDER 11469 27 15 49 43 1
4600 ORDER 11470 42 33 1 25 0
4601 ORDER 11471 17 24 52 44 0
4601 ORDER 11472 9 8 1 6 0
4602 ORDER 11473 49 3 1 2 1
4602 ORDER 11474 18 38 2 34 0
4602 ORDER 11475 23 32 1 2 0
4603 CANCEL 11090
4603 ORDER 11476 21 35 1 19 0
4603 ORDER 11477 55 3 2 26 0
4603 ORDER 11478 46 5 2 6 3
4604 ORDER 11479 38 6 3 25 0
4604 ORDER 11480 31 17 1 13 1
4605 ORDER 11481 14 12 2 25 0
4605 ORDER 11482 28 9 3 36 0
4606 CANCEL 10985
4606 ORDER 11483 29 26 57 44 1
4606 ORDER 11484 36 38 2 43 2
4606 ORDER 11485 7 32 2 31 1
4607 ORDER 11486 35 18 24 44 0
4607 ORDER 11487 54 32 3 23 0
4607 ORDER 11488 31 8 43 44 1
4608 ORDER 11489 39 38 1 34 0
4608 ORDER 11490 49 8 55 43 1
4608 ORDER 11491 46 6 1 26 1
4609 ORDER 11492 54 15 3 21 0
4609 ORDER 11493 25 33 15 44 0
4610 CANCEL 11203
4610 ORDER 11494 9 11 3 14 0
4610 ORDER 11495 33 24 26 43 1
4610 ORDER 11496 18 5 3 3 2
4611 ORDER 11497 40 41 1 27 0
4611 ORDER 11498 6 12 40 43 1
4611 ORDER 11499 6 39 3 43 0
4612 ORDER 11500 26 30 40 43 0
4612 ORDER 11501 24 24 2 35 1
4613 ORDER 11502 14 33 2 22 0
4613 ORDER 11503 36 27 2 22 0
4613 ORDER 11504 7 17 3 10 0
4614 ORDER 11505 38 9 2 2 1
4614 ORDER 11506 30 24 3 20 2
4615 CANCEL 11359
4615 ORDER 11507 50 41 3 6 1
4615 ORDER 11508 8 32 2 26 1
4616 ORDER 11509 24 18 57 43 1
4616 ORDER 11510 49 23 55 44 0
4616 ORDER 11511 7 24 55 43 0
4617 ORDER 11512 40 15 56 44 0
4617 ORDER 11513 27 9 2 4 3
4618 ORDER 11514 21 15 1 26 0
4618 ORDER 11515 40 14 11 43 0
4618 ORDER 11516 21 9 3 10 0
4619 ORDER 11517 53 24 2 39 1
4619 ORDER 11518 29 36 41 43 0
4619 ORDER 11519 13 38 2 25 2
4620 ORDER 11520 27 17 19 43 3
4620 ORDER 11521 29 8 1 39 0
4620 ORDER 11522 10 30 22 43 0
4621 CANCEL 11449
4621 ORDER 11523 6 33 2 33 1
4621 ORDER 11524 18 9 24 44 1
4621 ORDER 11525 47 5 25 43 0
4622 ORDER 11526 48 23 15 44 0
4622 ORDER 11527 25 33 39 43 1
4623 ORDER 11528 49 3 56 43 1
4623 ORDER 11529 50 21 3 22 1
4624 CANCEL 11404
4624 ORDER 11530 40 41 3 31 1
4624 ORDER 11531 30 26 34 43 3
4624 ORDER 11532 49 23 3 2 1
4625 ORDER 11533 20 8 2 30 1
4625 ORDER 11534 23 32 24 44 2
4625 ORDER 11535 13 20 1 7 0
4626 ORDER 11536 22 39 7 44 0
4626 ORDER 11537 19 36 1 31 0
4627 ORDER 11538 22 14 1 32 0
4627 ORDER 11539 10 33 2 22 0
4628 ORDER 11540 16 18 3 36 2
4628 ORDER 11541 51 9 2 2 1
4628 ORDER 11542 13 35 1 28 0
4629 CANCEL 11201
4629 CANCEL 11488
4629 ORDER 11543 9 33 34 44 3
4629 ORDER 11544 22 9 58 44 0
4630 ORDER 11545 26 17 7 43 1
4630 ORDER 11546 25 9 31 44 0
4630 ORDER 11547 52 17 2 30 0
4631 ORDER 11548 51 27 50 43 1
4631 ORDER 11549 9 36 53 44 0
4632 CANCEL 11205
4632 ORDER 11550 55 41 1 28 1
4632 ORDER 11551 44 17 53 43 0
4632 ORDER 11552 40 33 21 44 0
4633 CANCEL 11396
4633 ORDER 11553 43 21 1 44 0
4633 ORDER 11554 55 30 45 44 0
4634 ORDER 11555 46 6 1 30 0
4634 ORDER 11556 43 23 3 35 0
4635 ORDER 11557 23 32 27 44 0
4635 ORDER 11558 6 14 32 44 0
4636 ORDER 11559 52 33 44 43 3
4636 ORDER 11560 49 8 15 43 0
4636 ORDER 11561 25 26 3 30 0
4637 ORDER 11562 9 8 8 44 1
4637 ORDER 11563 11 32 38 43 0
4637 ORDER 11564 9 35 5 43 1
4638 CANCEL 11272
4638 ORDER 11565 47 30 5 43 0
4638 ORDER 11566 48 23 1 30 0
4638 ORDER 11567 6 34 15 43 0
4639 ORDER 11568 12 3 2 30 0
4639 ORDER 11569 28 32 49 43 0
4640 ORDER 11570 14 14 3 12 1
4640 ORDER 11571 21 8 42 43 0
4641 ORDER 11572 19 6 8 43 2
4641 ORDER 11573 44 15 10 43 3
4641 ORDER 11574 44 26 3 37 1
4642 CANCEL 11445
4642 ORDER 11575 39 5 6 43 1
4642 ORDER 11576 38 6 3 39 1
4642 CANCEL 111576
4642 BLOCK 37 39
4643 CANCEL 11176
4643 ORDER 11577 23 21 2 22 0
4643 ORDER 11578 55 26 1 9 0
4644 CANCEL 11549
4644 ORDER 11579 44 33 2 20 1
4644 ORDER 11580 18 8 2 20 0
4645 ORDER 11581 6 27 3 10 0
4645 ORDER 11582 34 32 43 43 2
4646 ORDER 11583 43 35 46 44 0
4646 ORDER 11584 40 38 36 44 0
4646 ORDER 11585 29 11 3 23 0
4647 ORDER 11586 53 18 19 44 3
4647 ORDER 11587 8 35 40 43 0
4648 ORDER 11588 44 17 52 43 0
4648 ORDER 11589 8 3 1 19 1
4648 ORDER 11590 17 11 11 43 0
4649 ORDER 11591 29 24 31 44 0
4649 ORDER 11592 17 17 23 44 0
4650 ORDER 11593 30 14 26 44 0
4650 ORDER 11594 16 23 19 44 0
4650 ORDER 11595 42 24 12 44 3
4651 ORDER 11596 42 8 38 43 0
4651 ORDER 11597 38 6 10 44 0
4651 ORDER 11598 47 27 11 43 0
4652 ORDER 11599 30 12 30 44 0
4652 ORDER 11600 16 36 1 8 2
4652 ORDER 11601 19 18 1 17 0
4653 CANCEL 11581
4653 ORDER 11602 8 39 3 28 0
4653 ORDER 11603 44 5 34 43 0
4654 ORDER 11604 51 27 14 44 0
4654 ORDER 11605 54 38 17 44 3
4654 ORDER 11606 23 23 40 43 0
4655 ORDER 11607 50 38 1 24 0
4655 ORDER 11608 34 17 2 11 3
4656 ORDER 11609 16 15 3 8 0
4656 ORDER 11610 49 11 1 12 0
4656 ORDER 11611 6 6 28 43 0
4657 CANCEL 11178
4657 ORDER 11612 16 12 1 1 1
4657 ORDER 11613 44 24 41 44 1
4657 ORDER 11614 20 12 3 4 2
4657 BLOCK 24 39
4658 ORDER 11615 31 6 43 43 1
4658 ORDER 11616 11 21 6 44 0
4659 ORDER 11617 9 15 55 44 2
4659 ORDER 11618 41 3 2 18 0
4659 ORDER 11619 24 24 3 21 0
4660 ORDER 11620 48 24 2 30 1
4660 ORDER 11621 18 32 2 6 1
4660 ORDER 11622 34 41 47 43 0
4661 ORDER 11623 29 36 3 37 0
4661 ORDER 11624 7 36 49 44 2
4661 ORDER 11625 19 6 3 13 1
4662 ORDER 11626 49 39 46 44 1
4662 ORDER 11627 20 29 3 6 0
4662 ORDER 11628 41 14 56 43 0
4663 ORDER 11629 55 20 25 44 0
4663 ORDER 11630 30 33 3 19 0
4663 ORDER 11631 38 9 26 43 1
4664 ORDER 11632 37 27 51 43 1
4664 ORDER 11633 41 33 2 1 3
4664 ORDER 11634 39 12 34 43 0
4665 ORDER 11635 53 26 2 6 0
4665 ORDER 11636 29 5 1 28 1
4665 ORDER 11637 27 15 2 14 0
4666 CANCEL 11469
4666 ORDER 11638 54 26 4 43 0
4666 ORDER 11639 8 20 56 43 0
4667 ORDER 11640 30 27 3 37 0
4667 ORDER 11641 49 21 41 44 0
4668 ORDER 11642 8 20 28 43 1
4668 ORDER 11643 18 15 1 4 2
4669 ORDER 11644 46 3 3 9 2
4669 ORDER 11645 48 3 3 38 1
4669 ORDER 11646 41 21 44 43 1
4670 ORDER 11647 9 5 8 44 0
4670 ORDER 11648 36 3 3 10 1
4670 ORDER 11649 29 15 2 14 0
4670 BLOCK 7 30
4671 ORDER 11650 33 35 32 44 0
4671 ORDER 11651 12 18 2 19 0
4672 ORDER 11652 35 15 3 15 0
4672 ORDER 11653 20 29 1 33 0
4673 ORDER 11654 13 9 3 44 0
4673 ORDER 11655 21 33 21 44 1
4674 CANCEL 11340
4674 ORDER 11656 30 18 3 37 1
4674 ORDER 11657 34 38 37 43 1
4674 ORDER 11658 34 6 31 43 0
4675 ORDER 11659 32 35 2 1 0
4675 ORDER 11660 26 30 33 44 1
4676 ORDER 11661 28 9 7 43 0
4676 ORDER 11662 14 14 4 44 2
4676 ORDER 11663 26 11 9 44 0
4677 ORDER 11664 44 9 53 43 0
4677 ORDER 11665 16 21 18 43 0
4678 ORDER 11666 15 15 41 43 1
4678 ORDER 11667 15 12 17 43 0
4678 ORDER 11668 12 18 1 7 0
4679 CANCEL 11598
4679 ORDER 11669 25 11 31 43 0
4679 ORDER 11670 46 21 12 44 1
4679 ORDER 11671 21 39 1 19 0
4680 CANCEL 11301
4680 ORDER 11672 53 17 14 44 1
4680 ORDER 11673 12 21 35 43 2
4681 ORDER 11674 21 3 2 25 0
4681 ORDER 11675 33 29 8 44 2
4682 ORDER 11676 53 41 6 44 3
4682 ORDER 11677 47 6 1 31 0
4682 ORDER 11678 27 6 2 4 1
4683 ORDER 11679 18 12 1 20 0
4683 ORDER 11680 37 21 3 11 3
4683 ORDER 11681 46 15 6 43 1
4684 ORDER 11682 28 39 13 43 1
4684 ORDER 11683 55 24 2 32 0
4685 CANCEL 11511
4685 ORDER 11684 10 20 34 43 3
4685 ORDER 11685 17 8 37 44 0
4686 ORDER 11686 27 26 35 43 0
4686 ORDER 11687 34 5 2 42 3
4687 ORDER 11688 54 14 1 2 0
4687 ORDER 11689 55 26 4 44 0
4688 ORDER 11690 7 24 2 44 0
4688 ORDER 11691 27 38 1 41 2
4688 ORDER 11692 41 14 20 44 1
4689 ORDER 11693 8 18 12 44 2
4689 ORDER 11694 46 35 28 43 0
4689 ORDER 11695 11 5 2 23 0
4690 ORDER 11696 44 17 2 36 0
4690 ORDER 11697 43 21 7 44 2
4690 ORDER 11698 26 20 1 25 0
4691 ORDER 11699 19 15 12 44 0
4691 ORDER 11700 10 35 46 44 0
4692 ORDER 11701 38 30 1 13 0
4692 ORDER 11702 20 35 1 32 0
4692 ORDER 11703 41 12 57 43 0
4693 CANCEL 11444
4693 ORDER 11704 15 23 40 44 1
4693 ORDER 11705 55 17 26 44 0
4693 ORDER 11706 21 6 2 21 0
4694 ORDER 11707 12 9 2 5 0
4694 ORDER 11708 46 26 1 43 0
4695 ORDER 11709 52 30 55 43 0
4695 ORDER 11710 46 9 1 8 0
4696 ORDER 11711 20 8 2 13 0
4696 ORDER 11712 33 39 1 14 0
4697 ORDER 11713 50 32 40 44 1
4697 ORDER 11714 54 27 1 1 0
4698 ORDER 11715 49 20 2 40 0
4698 ORDER 11716 45 15 1 43 0
4699 ORDER 11717 20 9 3 35 1
4699 ORDER 11718 31 30 3 17 0
4699 ORDER 11719 20 17 3 21 0
4700 ORDER 11720 8 3 3 2 0
4700 ORDER 11721 43 30 3 7 1
4701 ORDER 11722 20 21 6 44 0
4701 ORDER 11723 41 9 41 43 0
4701 ORDER 11724 55 5 1 14 1
4702 ORDER 11725 54 20 20 44 3
4702 ORDER 11726 6 6 57 43 0
4702 ORDER 11727 22 8 1 26 1
4703 ORDER 11728 34 36 26 44 0
4703 ORDER 11729 37 23 35 44 0
4704 ORDER 11730 12 22 38 43 1
4704 ORDER 11731 28 9 1 40 1
4705 ORDER 11732 50 21 48 43 1
4705 ORDER 11733 20 26 20 43 0
4706 ORDER 11734 53 18 52 44 1
4706 ORDER 11735 26 20 55 43 1
4706 ORDER 11736 22 9 17 43 0
4707 CANCEL 11363
4707 CANCEL 11513
4707 ORDER 11737 14 32 9 44 1
4707 ORDER 11738 29 39 1 21 1
4708 CANCEL 11270
4708 CANCEL 11632
4708 ORDER 11739 12 36 2 23 0
4708 ORDER 11740 53 17 33 43 0
4709 ORDER 11741 6 18 2 4 0
4709 ORDER 11742 47 11 8 44 1
4709 ORDER 11743 10 41 37 43 1
4710 CANCEL 11426
4710 ORDER 11744 13 18 23 44 0
4710 ORDER 11745 35 24 2 23 1
4711 ORDER 11746 43 15 2 4 1
4711 ORDER 11747 36 6 4 44 1
4711 ORDER 11748 9 21 3 18 1
4712 ORDER 11749 29 21 46 43 1
4712 ORDER 11750 22 8 3 10 1
4713 ORDER 11751 10 41 50 44 0
4713 ORDER 11752 35 30 7 44 0
4713 ORDER 11753 37 32 25 43 0
4714 ORDER 11754 35 33 2 37 1
4714 ORDER 11755 40 14 41 43 2
4714 ORDER 11756 7 14 29 44 0
4715 ORDER 11757 28 9 2 39 0
4715 ORDER 11758 50 35 2 2 0
4716 ORDER 11759 19 23 56 44 1
4716 ORDER 11760 41 6 1 44 0
4717 ORDER 11761 43 23 51 44 0
4717 ORDER 11762 6 39 3 9 0
4717 ORDER 11763 27 18 55 43 1
4718 ORDER 11764 12 38 43 43 2
4718 ORDER 11765 33 30 28 43 1
4718 BLOCK 31 9
4719 ORDER 11766 28 26 2 25 1
4719 ORDER 11767 42 21 43 43 2
4720 ORDER 11768 53 18 42 44 0
4720 ORDER 11769 27 41 3 4 2
4720 ORDER 11770 13 38 54 43 0
4721 CANCEL 11347
4721 ORDER 11771 8 27 11 44 1
4721 ORDER 11772 39 5 3 17 1
4721 ORDER 11773 28 15 58 44 0
4722 ORDER 11774 37 5 1 34 0
4722 ORDER 11775 54 29 3 8 0
4723 ORDER 11776 9 36 1 24 0
4723 ORDER 11777 13 18 10 43 0
4724 ORDER 11778 9 38 1 7 3
4724 ORDER 11779 39 24 3 20 1
4725 CANCEL 11480
4725 CANCEL 11607
4725 ORDER 11780 21 35 6 44 0
4725 ORDER 11781 42 33 1 38 0
4726 CANCEL 11770
4726 ORDER 11782 13 18 2 29 1
4726 ORDER 11783 46 17 1 10 0
4726 ORDER 11784 7 29 2 43 0
4727 CANCEL 11487
4727 ORDER 11785 16 27 42 43 0
4727 ORDER 11786 40 20 1 37 0
4728 ORDER 11787 34 23 10 44 0
4728 ORDER 11788 20 26 50 44 2
4728 ORDER 11789 10 23 1 36 1
4729 ORDER 11790 20 20 1 13 0
4729 ORDER 11791 30 5 3 10 1
4729 ORDER 11792 18 8 1 21 0
4730 ORDER 11793 49 41 11 43 2
4730 ORDER 11794 6 20 1 13 0
4730 ORDER 11795 11 5 1 29 0
4731 ORDER 11796 17 9 27 44 3
4731 ORDER 11797 6 18 3 25 0
4732 ORDER 11798 49 12 1 39 0
4732 ORDER 11799 55 3 33 43 1
4732 ORDER 11800 7 18 1 2 1
4733 CANCEL 11367
4733 ORDER 11801 38 3 1 10 3
4733 ORDER 11802 50 27 2 43 0
4733 ORDER 11803 26 24 1 32 0
4734 ORDER 11804 9 12 3 21 0
4734 ORDER 11805 54 18 5 44 0
4735 CANCEL 11571
4735 ORDER 11806 54 38 47 43 1
4735 ORDER 11807 6 3 2 20 1
4735 ORDER 11808 36 32 25 44 0
4736 ORDER 11809 19 39 46 43 1
4736 ORDER 11810 55 32 57 44 0
4736 ORDER 11811 7 20 1 22 3
4737 ORDER 11812 47 24 3 32 1
4737 ORDER 11813 13 20 3 20 0
4737 ORDER 11814 9 11 13 44 0
4738 ORDER 11815 22 23 11 43 0
4738 ORDER 11816 18 14 45 43 0
4739 ORDER 11817 10 8 3 3 0
4739 ORDER 11818 9 11 1 8 0
4739 ORDER 11819 22 8 1 29 2
4740 CANCEL 11659
4740 ORDER 11820 29 27 24 43 0
4740 ORDER 11821 49 39 13 43 1
4741 ORDER 11822 25 11 1 39 3
4741 ORDER 11823 26 21 2 17 0
4742 ORDER 11824 34 30 3 13 0
4742 ORDER 11825 39 23 11 43 1
4742 ORDER 11826 7 26 2 5 2
4743 ORDER 11827 26 11 3 25 1
4743 ORDER 11828 45 35 1 39 2
4743 ORDER 11829 43 12 1 17 0
4744 ORDER 11830 8 41 3 43 0
4744 ORDER 11831 30 23 31 44 0
4744 ORDER 11832 14 35 3 40 1
4745 ORDER 11833 38 30 2 30 0
4745 ORDER 11834 33 29 2 4 0
4745 ORDER 11835 6 35 56 44 0
4746 ORDER 11836 21 20 2 14 0
4746 ORDER 11837 10 33 9 43 1
4747 ORDER 11838 7 38 48 44 0
4747 ORDER 11839 7 29 1 3 0
4748 ORDER 11840 55 26 1 42 0
4748 ORDER 11841 10 17 3 14 3
4748 ORDER 11842 26 12 1 35 2
4749 CANCEL 11558
4749 ORDER 11843 21 5 53 44 0
4749 ORDER 11844 30 8 1 6 0
4749 ORDER 11845 10 33 33 43 3
4750 ORDER 11846 41 11 38 44 2
4750 ORDER 11847 22 5 1 16 0
4751 CANCEL 11606
4751 UNBLOCK 24 39
4751 ORDER 11848 36 6 1 22 0
4751 ORDER 11849 17 9 11 43 0
4751 ORDER 11850 38 6 3 36 1
4752 ORDER 11851 38 21 3 18 0
4752 ORDER 11852 9 21 29 44 2
4753 ORDER 11853 7 11 1 25 1
4753 ORDER 11854 25 36 50 43 1
4753 ORDER 11855 55 8 20 43 1
4754 UNBLOCK 37 39
4754 ORDER 11856 46 20 3 1 0
4754 ORDER 11857 7 35 37 44 0
4754 ORDER 11858 48 14 1 9 1
4755 CANCEL 11461
4755 ORDER 11859 46 33 2 40 0
4755 ORDER 11860 18 5 3 21 0
4755 ORDER 11861 21 38 54 43 0
4756 CANCEL 11737
4756 ORDER 11862 24 24 1 43 1
4756 ORDER 11863 6 21 11 43 1
4756 ORDER 11864 54 9 2 14 0
4757 ORDER 11865 10 6 1 23 0
4757 ORDER 11866 9 24 23 44 0
4757 ORDER 11867 27 12 2 4 0
4758 CANCEL 11597
4758 ORDER 11868 36 11 1 6 1
4758 ORDER 11869 35 26 13 43 0
4759 ORDER 11870 8 33 3 42 0
4759 ORDER 11871 50 14 1 18 1
4760 ORDER 11872 35 11 57 43 1
4760 ORDER 11873 36 20 20 44 3
4761 CANCEL 11525
4761 ORDER 11874 32 18 58 43 0
4761 ORDER 11875 33 23 2 15 0
4761 ORDER 11876 52 17 2 3 1
4762 ORDER 11877 38 3 2 12 0
4762 ORDER 11878 53 27 12 43 0
4763 UNBLOCK 7 30
4763 ORDER 11879 33 12 2 5 0
4763 ORDER 11880 30 9 3 16 0
4764 ORDER 11881 10 32 3 35 0
4764 ORDER 11882 50 6 9 43 3
4764 ORDER 11883 27 5 36 44 0
4765 ORDER 11884 12 24 25 43 0
4765 ORDER 11885 10 32 2 43 0
4765 ORDER 11886 40 23 3 30 0
4766 ORDER 11887 26 25 3 17 0
4766 ORDER 11888 10 26 40 44 1
4766 ORDER 11889 55 21 36 44 0
4767 CANCEL 11517
4767 ORDER 11890 49 35 1 26 2
4767 ORDER 11891 52 24 48 44 0
4768 ORDER 11892 46 36 1 1 0
4768 ORDER 11893 35 27 40 44 0
4768 ORDER 11894 55 11 37 44 1
4769 ORDER 11895 26 41 2 20 0
4769 ORDER 11896 44 20 2 27 1
4770 CANCEL 11795
4770 ORDER 11897 26 23 22 43 0
4770 ORDER 11898 35 33 43 44 0
4771 CANCEL 11660
4771 ORDER 11899 18 15 3 17 2
4771 ORDER 11900 42 23 12 43 0
4772 ORDER 11901 29 41 40 44 0
4772 ORDER 11902 10 29 2 7 0
4773 CANCEL 11620
4773 CANCEL 11684
4773 CANCEL 11878
4773 ORDER 11903 55 18 1 7 0
4773 ORDER 11904 29 5 1 25 3
4773 ORDER 11905 44 26 2 7 1
4774 ORDER 11906 18 9 3 40 0
4774 ORDER 11907 9 14 6 43 0
4775 ORDER 11908 7 26 29 43 0
4775 ORDER 11909 8 39 1 8 0
4776 ORDER 11910 29 17 1 26 1
4776 ORDER 11911 27 26 53 43 0
4777 ORDER 11912 10 3 2 32 1
4777 ORDER 11913 10 32 3 42 1
4777 ORDER 11914 11 36 53 43 0
4778 CANCEL 11734
4778 ORDER 11915 18 36 3 20 1
4778 ORDER 11916 46 21 38 43 3
4779 ORDER 11917 13 38 32 44 2
4779 ORDER 11918 30 14 10 44 0
4780 ORDER 11919 55 35 1 24 0
4780 ORDER 11920 18 20 1 15 1
4781 ORDER 11921 9 15 44 44 0
4781 ORDER 11922 8 30 3 41 0
4782 ORDER 11923 44 11 1 15 1
4782 ORDER 11924 55 12 3 42 0
4782 ORDER 11925 34 5 2 37 0
4783 CANCEL 11628
4783 ORDER 11926 53 26 1 31 0
4783 ORDER 11927 38 38 2 11 0
4784 ORDER 11928 50 12 7 43 0
4784 ORDER 11929 17 39 51 43 1
4784 ORDER 11930 40 35 1 30 3
4785 ORDER 11931 19 8 2 4 2
4785 ORDER 11932 7 33 2 8 0
4786 ORDER 11933 50 38 3 35 1
4786 ORDER 11934 25 15 2 4 1
4787 CANCEL 11831
4787 ORDER 11935 27 18 26 44 0
4787 ORDER 11936 19 33 2 14 1
4787 ORDER 11937 18 8 1 9 1
4788 ORDER 11938 28 35 2 34 0
4788 ORDER 11939 20 41 7 44 1
4788 ORDER 11940 18 12 3 31 0
4789 ORDER 11941 40 33 38 43 1
4789 ORDER 11942 53 35 38 44 0
4789 ORDER 11943 39 38 30 44 0
4790 ORDER 11944 25 39 19 44 1
4790 ORDER 11945 44 15 3 13 0
4790 ORDER 11946 17 29 1 1 0
4791 ORDER 11947 29 18 2 16 0
4791 ORDER 11948 18 6 1 7 3
4791 ORDER 11949 29 26 42 44 1
4792 CANCEL 11489
4792 CANCEL 11708
4792 ORDER 11950 35 11 3 34 0
4792 ORDER 11951 10 9 42 44 0
4793 CANCEL 11544
4793 ORDER 11952 46 14 30 43 1
4793 ORDER 11953 25 29 1 17 0
4794 ORDER 11954 47 38 3 44 0
4794 ORDER 11955 6 5 1 22 1
4795 ORDER 11956 36 24 3 20 0
4795 ORDER 11957 17 26 2 42 0
4795 ORDER 11958 41 14 54 43 0
4796 ORDER 11959 29 23 3 14 2
4796 ORDER 11960 46 12 38 43 0
4797 ORDER 11961 50 36 21 44 1
4797 ORDER 11962 12 23 3 11 0
4798 ORDER 11963 46 5 1 17 0
4798 ORDER 11964 54 3 3 42 3
4798 ORDER 11965 50 6 2 34 1
4799 ORDER 11966 40 14 17 44 2
4799 ORDER 11967 42 29 23 43 1
4800 ORDER 11968 50 6 49 44 0
4800 ORDER 11969 37 36 42 44 1
4801 CANCEL 11484
4801 ORDER 11970 22 12 2 20 2
4801 ORDER 11971 48 9 22 43 0
4802 ORDER 11972 34 38 14 43 1
4802 ORDER 11973 10 32 33 43 1
4802 ORDER 11974 39 29 2 30 0
4803 ORDER 11975 55 15 56 44 1
4803 ORDER 11976 18 21 1 42 0
4803 ORDER 11977 54 3 2 15 0
4804 ORDER 11978 15 17 3 13 0
4804 ORDER 11979 20 41 19 43 3
4805 ORDER 11980 18 3 2 17 1
4805 ORDER 11981 11 12 2 32 0
4806 ORDER 11982 11 32 3 23 0
4806 ORDER 11983 29 21 3 4 0
4806 ORDER 11984 11 29 1 19 0
4807 ORDER 11985 49 36 3 18 1
4807 ORDER 11986 11 6 10 43 0
4808 ORDER 11987 55 27 2 43 1
4808 ORDER 11988 42 24 4 44 0
4809 CANCEL 11551
4809 ORDER 11989 19 26 24 43 0
4809 ORDER 11990 38 23 3 22 0
4810 ORDER 11991 26 6 11 44 0
4810 ORDER 11992 53 5 3 5 0
4810 ORDER 11993 33 21 34 44 1
4811 ORDER 11994 20 6 2 1 1
4811 ORDER 11995 29 11 9 44 3
4812 ORDER 11996 45 32 43 43 2
4812 ORDER 11997 49 38 39 44 0
4813 ORDER 11998 28 27 2 18 0
4813 ORDER 11999 18 6 26 44 1
4813 ORDER 12000 50 6 21 43 0
4814 CANCEL 11860
4814 ORDER 12001 6 12 50 44 1
4814 ORDER 12002 44 32 1 38 0
4814 ORDER 12003 40 11 36 43 0
4815 ORDER 12004 22 11 13 43 0
4815 ORDER 12005 38 38 1 8 0
4816 ORDER 12006 53 29 2 35 1
4816 ORDER 12007 43 18 4 43 0
4817 ORDER 12008 48 20 44 43 0
4817 ORDER 12009 44 20 39 44 2
4817 ORDER 12010 6 17 35 44 1
4818 ORDER 12011 34 27 24 43 0
4818 ORDER 12012 17 27 47 44 0
4819 ORDER 12013 28 8 4 44 0
4819 ORDER 12014 8 24 31 43 1
4820 ORDER 12015 30 23 13 43 0
4820 ORDER 12016 39 14 24 44 0
4820 ORDER 12017 28 41 2 11 0
4821 ORDER 12018 30 5 23 44 1
4821 ORDER 12019 6 20 22 43 0
4822 ORDER 12020 46 21 41 43 0
4822 ORDER 12021 7 11 46 44 1
4823 ORDER 12022 13 8 2 24 2
4823 ORDER 12023 25 35 3 6 1
4823 ORDER 12024 49 18 3 17 0
4824 ORDER 12025 39 35 16 43 1
4824 ORDER 12026 17 5 2 7 0
4825 CANCEL 11902
4825 ORDER 12027 44 20 2 1 0
4825 ORDER 12028 52 17 41 44 0
4825 ORDER 12029 48 11 2 6 1
4826 ORDER 12030 8 14 28 44 0
4826 ORDER 12031 37 20 19 44 2
4827 CANCEL 11750
4827 CANCEL 11805
4827 ORDER 12032 23 35 1 40 0
4827 ORDER 12033 10 39 1 33 0
4827 ORDER 12034 17 23 19 44 0
4828 ORDER 12035 21 33 1 33 0
4828 ORDER 12036 49 12 3 8 0
4828 ORDER 12037 6 32 1 19 0
4828 BLOCK 55 17
4829 ORDER 12038 22 35 2 36 0
4829 ORDER 12039 35 32 5 43 1
4830 ORDER 12040 31 33 3 34 1
4830 ORDER 12041 38 27 1 32 0
4831 CANCEL 12027
4831 ORDER 12042 22 17 54 43 1
4831 ORDER 12043 46 17 2 42 0
4832 ORDER 12044 47 39 40 44 1
4832 ORDER 12045 7 17 2 24 3
4833 ORDER 12046 25 14 3 40 1
4833 ORDER 12047 9 15 49 44 1
4834 CANCEL 11658
4834 ORDER 12048 11 30 24 43 1
4834 ORDER 12049 44 32 9 44 0
4835 ORDER 12050 48 11 2 6 1
4835 ORDER 12051 34 5 2 8 0
4836 ORDER 12052 11 27 3 42 0
4836 ORDER 12053 47 14 36 44 0
4836 ORDER 12054 11 8 58 43 1
4837 ORDER 12055 18 29 54 43 0
4837 ORDER 12056 12 18 2 41 0
4837 ORDER 12057 35 11 11 44 3
4838 CANCEL 11766
4838 ORDER 12058 42 32 3 35 1
4838 ORDER 12059 28 26 41 43 0
4839 CANCEL 11669
4839 ORDER 12060 34 8 1 9 0
4839 ORDER 12061 42 32 1 5 1
4840 CANCEL 11609
4840 ORDER 12062 16 36 32 43 0
4840 ORDER 12063 18 23 56 44 1
4841 ORDER 12064 8 24 1 41 1
4841 ORDER 12065 19 5 55 43 1
4842 ORDER 12066 10 30 3 5 0
4842 ORDER 12067 53 27 3 31 3
4843 ORDER 12068 28 5 1 25 0
4843 ORDER 12069 9 29 2 9 0
4843 ORDER 12070 31 20 3 34 1
4844 CANCEL 11668
4844 CANCEL 11801
4844 ORDER 12071 9 27 51 43 0
4844 ORDER 12072 40 17 24 43 0
4844 ORDER 12073 30 5 44 44 0
4845 ORDER 12074 36 29 34 44 0
4845 ORDER 12075 15 14 6 43 1
4845 ORDER 12076 10 18 2 24 0
4846 ORDER 12077 11 17 12 44 0
4846 ORDER 12078 26 15 38 44 0
4847 ORDER 12079 12 23 17 44 3
4847 ORDER 12080 18 39 1 35 0
4847 ORDER 12081 6 6 20 43 0
4848 ORDER 12082 29 12 3 34 0
4848 ORDER 12083 27 27 46 43 1
4849 ORDER 12084 8 26 17 44 0
4849 ORDER 12085 39 36 44 43 3
4849 ORDER 12086 49 20 3 6 0
4850 ORDER 12087 52 3 2 32 0
4850 ORDER 12088 55 33 1 36 0
4850 ORDER 12089 28 20 45 44 0
4851 ORDER 12090 42 14 38 44 2
4851 ORDER 12091 30 27 1 44 0
4851 ORDER 12092 30 24 1 4 1
4852 ORDER 12093 11 41 3 23 2
4852 ORDER 12094 55 26 54 43 0
4852 ORDER 12095 23 6 1 12 1
4853 ORDER 12096 21 6 20 44 1
4853 ORDER 12097 41 6 3 29 0
4854 ORDER 12098 48 8 55 43 0
4854 ORDER 12099 38 17 1 23 2
4854 ORDER 12100 31 32 1 15 0
4855 ORDER 12101 6 38 27 44 1
4855 ORDER 12102 45 29 52 44 1
4855 ORDER 12103 38 11 54 43 0
4856 CANCEL 11756
4856 UNBLOCK 31 9
4856 ORDER 12104 25 5 3 37 1
4856 ORDER 12105 33 26 1 28 0
4856 ORDER 12106 25 36 18 43 1
4857 CANCEL 11740
4857 ORDER 12107 33 21 3 26 0
4857 ORDER 12108 19 6 2 22 0
4858 CANCEL 11969
4858 ORDER 12109 7 39 21 43 0
4858 ORDER 12110 7 30 1 39 0
4859 ORDER 12111 10 20 30 44 1
4859 ORDER 12112 8 3 6 43 1
4859 ORDER 12113 19 9 53 43 3
4860 ORDER 12114 42 21 40 44 1
4860 ORDER 12115 25 24 2 26 0
4861 CANCEL 11703
4861 CANCEL 11841
4861 ORDER 12116 42 35 45 44 0
4861 ORDER 12117 8 20 6 43 0
4861 ORDER 12118 23 30 3 10 0
4862 ORDER 12119 18 33 3 30 3
4862 ORDER 12120 6 5 19 44 0
4863 CANCEL 11749
4863 ORDER 12121 26 39 2 1 0
4863 ORDER 12122 26 11 3 38 3
4863 ORDER 12123 11 38 41 43 2
4864 ORDER 12124 43 15 3 16 0
4864 ORDER 12125 11 27 58 43 0
4865 ORDER 12126 32 33 1 24 1
4865 ORDER 12127 18 30 44 44 0
4865 ORDER 12128 26 23 57 43 1
4866 ORDER 12129 45 3 2 34 0
4866 ORDER 12130 18 20 1 27 3
4867 ORDER 12131 49 8 39 43 0
4867 ORDER 12132 53 39 55 44 1
4867 ORDER 12133 43 24 3 22 1
4868 ORDER 12134 8 36 40 43 2
4868 ORDER 12135 38 3 3 28 1
4868 ORDER 12136 40 15 58 43 0
4869 ORDER 12137 51 29 3 42 1
4869 ORDER 12138 30 9 38 43 0
4870 ORDER 12139 54 30 10 44 0
4870 ORDER 12140 16 23 43 44 2
4871 ORDER 12141 43 24 52 44 3
4871 ORDER 12142 18 15 19 44 1
4871 ORDER 12143 8 17 39 43 2
4872 CANCEL 11724
4872 ORDER 12144 46 20 50 43 0
4872 ORDER 12145 6 26 44 43 2
4872 ORDER 12146 35 26 1 13 0
4873 ORDER 12147 47 32 1 2 0
4873 ORDER 12148 27 39 3 11 0
4873 ORDER 12149 20 12 53 44 0
4874 ORDER 12150 41 12 20 44 0
4874 ORDER 12151 7 32 3 24 2
4875 CANCEL 11686
4875 ORDER 12152 35 32 3 42 0
4875 ORDER 12153 9 21 1 7 2
4875 ORDER 12154 27 15 52 44 0
4876 ORDER 12155 14 17 43 44 0
4876 ORDER 12156 40 35 33 44 0
4877 ORDER 12157 21 41 2 7 0
4877 ORDER 12158 9 39 36 43 0
4878 ORDER 12159 29 27 2 16 0
4878 ORDER 12160 52 7 1 7 0
4879 CANCEL 11817
4879 CANCEL 11867
4879 CANCEL 12017
4879 ORDER 12161 40 21 28 44 2
4879 ORDER 12162 24 18 3 21 0
4880 CANCEL 12085
4880 ORDER 12163 45 27 17 44 0
4880 ORDER 12164 10 35 2 15 3
4881 CANCEL 12013
4881 ORDER 12165 48 9 1 42 3
4881 ORDER 12166 43 17 3 3 3
4882 ORDER 12167 22 23 57 43 0
4882 ORDER 12168 6 29 21 43 2
4882 BLOCK 42 20
4883 ORDER 12169 25 35 50 44 0
4883 ORDER 12170 26 30 35 43 0
4884 ORDER 12171 45 6 2 24 0
4884 ORDER 12172 12 9 1 36 0
4884 ORDER 12173 26 30 18 44 0
4885 CANCEL 11848
4885 ORDER 12174 35 27 3 35 0
4885 ORDER 12175 24 31 2 4 0
4886 ORDER 12176 28 8 2 31 3
4886 ORDER 12177 27 15 1 2 0
4886 ORDER 12178 47 38 1 16 1
4887 ORDER 12179 27 18 56 43 0
4887 ORDER 12180 35 33 50 44 0
4888 ORDER 12181 52 33 1 28 0
4888 ORDER 12182 34 9 42 43 0
4889 CANCEL 12045
4889 CANCEL 12073
4889 ORDER 12183 30 33 2 12 0
4889 ORDER 12184 33 21 40 44 2
4890 ORDER 12185 42 27 36 43 0
4890 ORDER 12186 46 39 39 44 2
4891 ORDER 12187 44 18 3 24 0
4891 ORDER 12188 38 32 46 43 0
4891 ORDER 12189 27 17 3 23 0
4892 ORDER 12190 34 26 58 44 0
4892 ORDER 12191 26 41 12 44 1
4892 ORDER 12192 43 20 4 43 0
4892 BLOCK 30 18
4893 ORDER 12193 39 18 3 31 0
4893 ORDER 12194 38 36 1 28 2
4894 ORDER 12195 32 32 29 44 1
4894 ORDER 12196 41 8 3 17 1
4895 ORDER 12197 55 12 2 3 0
4895 ORDER 12198 48 3 2 18 0
4895 ORDER 12199 45 39 2 8 0
4896 ORDER 12200 50 38 3 27 0
4896 ORDER 12201 35 15 3 20 0
4897 ORDER 12202 9 11 54 43 0
4897 ORDER 12203 46 21 9 44 0
4897 ORDER 12204 54 5 3 18 0
4897 CANCEL 112204
4898 ORDER 12205 45 5 4 44 1
4898 ORDER 12206 19 6 3 36 0
4898 ORDER 12207 54 11 1 4 0
4899 ORDER 12208 38 36 31 43 1
4899 ORDER 12209 18 35 33 43 0
4900 CANCEL 11827
4900 ORDER 12210 47 6 11 43 1
4900 ORDER 12211 8 20 44 44 0
4900 ORDER 12212 39 21 1 27 0
4901 ORDER 12213 29 41 7 43 0
4901 ORDER 12214 6 26 12 43 1
4901 ORDER 12215 39 3 28 43 1
4902 ORDER 12216 22 39 3 39 0
4902 ORDER 12217 46 26 3 12 0
4902 BLOCK 6 3
4903 CANCEL 11940
4903 ORDER 12218 40 3 1 20 1
4903 ORDER 12219 43 12 2 16 1
4904 ORDER 12220 47 21 3 36 1
4904 ORDER 12221 35 5 1 29 1
4905 ORDER 12222 32 32 34 44 2
4905 ORDER 12223 32 21 20 44 0
4906 CANCEL 12212
4906 ORDER 12224 12 35 37 44 0
4906 ORDER 12225 9 12 1 44 3
4907 ORDER 12226 42 12 2 19 0
4907 ORDER 12227 6 23 3 19 0
4907 ORDER 12228 55 41 3 21 0
4908 ORDER 12229 15 12 42 43 0
4908 ORDER 12230 48 11 17 44 2
4909 ORDER 12231 42 26 47 44 1
4909 ORDER 12232 12 18 10 44 1
4909 ORDER 12233 21 11 3 22 0
4910 ORDER 12234 45 24 43 44 0
4910 ORDER 12235 43 26 6 43 0
4911 ORDER 12236 19 3 1 12 1
4911 ORDER 12237 18 8 11 44 0
4912 CANCEL 11797
4912 ORDER 12238 49 23 1 23 2
4912 ORDER 12239 22 21 35 44 1
4913 ORDER 12240 34 17 2 2 0
4913 ORDER 12241 21 3 3 43 0
4913 ORDER 12242 21 12 35 44 0
4914 ORDER 12243 16 15 18 43 0
4914 ORDER 12244 20 3 2 26 0
4914 ORDER 12245 11 17 3 23 0
4915 CANCEL 11852
4915 ORDER 12246 26 38 3 4 2
4915 ORDER 12247 7 39 2 10 0
4916 ORDER 12248 34 8 3 15 0
4916 ORDER 12249 50 14 5 44 1
4916 ORDER 12250 6 8 10 43 1
4917 CANCEL 11952
4917 ORDER 12251 42 29 3 13 0
4917 ORDER 12252 48 17 5 43 3
4917 ORDER 12253 10 14 3 2 2
4918 ORDER 12254 52 16 1 15 0
4918 ORDER 12255 23 35 58 43 0
4919 ORDER 12256 39 5 3 43 0
4919 ORDER 12257 48 14 2 9 1
4919 ORDER 12258 50 33 2 18 0
4920 ORDER 12259 46 29 34 44 1
4920 ORDER 12260 7 41 25 44 0
4920 ORDER 12261 16 3 2 23 0
4921 CANCEL 11905
4921 ORDER 12262 19 35 27 43 1
4921 ORDER 12263 36 32 3 28 0
4921 ORDER 12264 30 20 1 8 1
4922 ORDER 12265 46 30 46 44 1
4922 ORDER 12266 28 8 1 4 0
4923 ORDER 12267 51 9 48 44 0
4923 ORDER 12268 48 38 3 2 0
4924 ORDER 12269 10 12 2 43 0
4924 ORDER 12270 30 21 1 43 2
4924 ORDER 12271 48 18 2 26 2
4925 ORDER 12272 10 5 2 4 0
4925 ORDER 12273 46 8 2 31 0
4926 CANCEL 12157
4926 UNBLOCK 30 18
4926 CANCEL 12245
4926 ORDER 12274 46 26 3 19 1
4926 ORDER 12275 36 15 1 1 0
4926 ORDER 12276 39 35 1 24 1
4926 BLOCK 50 25
4927 ORDER 12277 15 29 2 21 0
4927 ORDER 12278 40 23 17 43 0
4928 ORDER 12279 37 12 2 6 0
4928 ORDER 12280 36 35 4 43 1
4928 ORDER 12281 47 15 3 21 2
4929 ORDER 12282 32 33 2 7 0
4929 ORDER 12283 49 14 22 43 0
4930 CANCEL 12275
4930 ORDER 12284 29 26 7 44 0
4930 ORDER 12285 48 20 1 13 0
4931 ORDER 12286 18 33 1 22 0
4931 ORDER 12287 14 14 2 38 0
4932 CANCEL 12049
4932 ORDER 12288 16 41 43 44 0
4932 ORDER 12289 52 33 7 43 0
4932 ORDER 12290 13 9 2 30 1
4933 ORDER 12291 54 14 2 31 0
4933 ORDER 12292 40 15 55 43 1
4934 CANCEL 12022
4934 ORDER 12293 28 20 3 11 3
4934 ORDER 12294 52 33 23 43 1
4934 ORDER 12295 25 39 46 44 2
4935 CANCEL 12230
4935 ORDER 12296 36 17 2 2 0
4935 ORDER 12297 39 11 48 44 0
4936 CANCEL 12018
4936 ORDER 12298 27 21 3 24 1
4936 ORDER 12299 49 6 34 44 0
4936 ORDER 12300 29 6 2 21 1
4937 ORDER 12301 6 21 2 21 2
4937 ORDER 12302 53 39 44 43 0
4937 BLOCK 6 20
4938 CANCEL 11900
4938 ORDER 12303 23 33 57 44 1
4938 ORDER 12304 31 14 2 40 0
4938 ORDER 12305 28 6 1 30 1
4938 BLOCK 23 27
4939 ORDER 12306 42 30 33 44 0
4939 ORDER 12307 23 23 1 37 1
4939 ORDER 12308 27 17 2 26 1
4940 ORDER 12309 17 23 1 26 2
4940 ORDER 12310 18 36 3 2 1
4941 ORDER 12311 24 33 1 40 0
4941 ORDER 12312 55 33 3 42 0
4942 ORDER 12313 14 15 3 9 2
4942 ORDER 12314 55 8 32 44 0
4942 ORDER 12315 40 9 15 43 1
4943 CANCEL 12180
4943 ORDER 12316 9 27 29 43 2
4943 ORDER 12317 20 27 56 44 0
4943 ORDER 12318 31 14 2 33 0
4944 CANCEL 11914
4944 ORDER 12319 21 18 2 35 0
4944 ORDER 12320 22 8 1 30 0
4944 ORDER 12321 33 14 2 20 0
4945 CANCEL 12207
4945 ORDER 12322 22 17 1 37 0
4945 ORDER 12323 28 26 37 44 1
4945 ORDER 12324 6 15 29 43 2
4946 UNBLOCK 42 20
4946 ORDER 12325 45 38 29 43 3
4946 ORDER 12326 10 36 5 44 0
4946 ORDER 12327 32 21 23 44 0
4947 ORDER 12328 50 8 2 31 0
4947 ORDER 12329 33 9 3 29 1
4947 ORDER 12330 55 33 2 18 1
4948 ORDER 12331 13 20 11 43 0
4948 ORDER 12332 39 5 1 12 1
4948 ORDER 12333 11 17 35 44 0
4949 CANCEL 12148
4949 ORDER 12334 54 32 28 44 0
4949 ORDER 12335 38 12 1 12 0
4950 ORDER 12336 47 27 26 43 0
4950 ORDER 12337 43 27 1 21 1
4951 ORDER 12338 29 14 2 43 2
4951 ORDER 12339 50 29 37 44 0
4952 ORDER 12340 7 26 3 29 2
4952 ORDER 12341 29 5 1 32 2
4953 ORDER 12342 17 30 41 43 0
4953 ORDER 12343 47 12 3 23 1
4953 ORDER 12344 47 41 1 35 2
4954 CANCEL 11931
4954 ORDER 12345 36 5 2 35 0
4954 ORDER 12346 42 30 7 44 0
4954 ORDER 12347 38 8 3 31 2
4955 ORDER 12348 10 35 1 29 2
4955 ORDER 12349 52 24 6 44 1
4955 ORDER 12350 20 39 23 44 0
4956 ORDER 12351 25 25 58 43 0
4956 ORDER 12352 31 17 10 44 1
4957 ORDER 12353 7 18 51 43 0
4957 ORDER 12354 33 21 3 30 1
4958 ORDER 12355 30 12 42 43 0
4958 ORDER 12356 48 18 42 44 0
4958 ORDER 12357 34 6 33 44 1
4959 ORDER 12358 36 33 2 35 3
4959 ORDER 12359 21 35 37 43 0
4959 ORDER 12360 50 12 3 5 1
4960 CANCEL 12002
4960 ORDER 12361 19 38 2 27 0
4960 ORDER 12362 22 6 3 38 0
4960 ORDER 12363 25 18 57 43 3
4961 ORDER 12364 28 20 27 44 2
4961 ORDER 12365 37 11 15 43 0
4961 ORDER 12366 28 5 36 43 1
4962 ORDER 12367 52 35 22 44 0
4962 ORDER 12368 17 14 3 14 0
4962 ORDER 12369 29 20 3 37 1
4963 ORDER 12370 32 23 3 28 0
4963 ORDER 12371 49 21 2 4 1
4964 ORDER 12372 48 5 1 21 0
4964 ORDER 12373 39 21 1 23 0
4964 ORDER 12374 26 6 44 44 0
4965 CANCEL 12335
4965 ORDER 12375 24 20 17 44 0
4965 ORDER 12376 26 30 47 44 0
4965 ORDER 12377 17 35 3 19 1
4966 ORDER 12378 22 12 6 43 0
4966 ORDER 12379 46 17 41 43 0
4966 ORDER 12380 49 35 31 43 0
4967 ORDER 12381 23 6 2 40 0
4967 ORDER 12382 33 21 2 44 1
4968 ORDER 12383 27 32 3 21 1
4968 ORDER 12384 21 9 2 20 1
4968 ORDER 12385 12 24 1 10 2
4969 UNBLOCK 55 17
4969 ORDER 12386 29 14 3 13 0
4969 ORDER 12387 18 3 1 13 3
4969 ORDER 12388 8 33 28 43 0
4970 ORDER 12389 37 21 3 39 1
4970 ORDER 12390 36 12 3 8 0
4971 ORDER 12391 32 21 1 11 1
4971 ORDER 12392 33 5 47 43 1
4972 ORDER 12393 43 30 3 36 0
4972 ORDER 12394 9 6 3 20 1
4972 ORDER 12395 21 23 34 43 0
4973 UNBLOCK 50 25
4973 ORDER 12396 43 27 52 44 2
4973 ORDER 12397 6 26 3 38 1
4973 ORDER 12398 55 38 23 43 0
4974 ORDER 12399 47 6 2 18 0
4974 ORDER 12400 34 27 6 43 0
4974 ORDER 12401 18 9 12 43 1
4975 ORDER 12402 48 15 56 43 0
4975 ORDER 12403 43 29 2 4 0
4975 ORDER 12404 24 30 14 44 0
4976 ORDER 12405 44 24 9 44 1
4976 ORDER 12406 45 11 1 16 0
4977 ORDER 12407 32 21 41 43 3
4977 ORDER 12408 53 15 4 44 2
4978 ORDER 12409 10 13 35 43 0
4978 ORDER 12410 27 14 1 25 0
4978 ORDER 12411 35 35 1 16 0
4979 UNBLOCK 6 3
4979 ORDER 12412 6 27 20 43 1
4979 ORDER 12413 11 39 3 24 0
4980 ORDER 12414 38 27 1 13 0
4980 ORDER 12415 32 12 2 7 0
4981 CANCEL 12036
4981 ORDER 12416 48 23 3 7 0
4981 ORDER 12417 38 5 2 15 0
4981 ORDER 12418 50 30 30 43 0
4982 ORDER 12419 54 35 1 14 0
4982 ORDER 12420 20 17 43 43 0
4982 CANCEL 112420
4983 CANCEL 11950
4983 ORDER 12421 33 9 6 43 1
4983 ORDER 12422 55 36 36 43 0
4984 ORDER 12423 13 5 2 17 0
4984 ORDER 12424 10 20 52 44 0
4984 ORDER 12425 55 21 3 7 0
4985 CANCEL 12359
4985 ORDER 12426 36 27 1 42 1
4985 ORDER 12427 49 24 1 26 0
4985 ORDER 12428 48 5 3 5 3
4986 ORDER 12429 37 29 3 13 1
4986 ORDER 12430 34 15 1 7 1
4986 ORDER 12431 8 24 34 43 0
4987 ORDER 12432 38 38 2 10 0
4987 ORDER 12433 43 18 42 43 0
4988 CANCEL 12424
4988 ORDER 12434 17 35 55 44 0
4988 ORDER 12435 30 11 3 44 2
4989 ORDER 12436 29 3 1 21 0
4989 ORDER 12437 18 41 46 44 1
4990 ORDER 12438 31 35 3 18 1
4990 ORDER 12439 17 36 32 43 1
4990 ORDER 12440 8 35 1 43 1
4991 ORDER 12441 39 12 1 20 3
4991 ORDER 12442 8 9 21 44 0
4992 ORDER 12443 49 38 3 13 2
4992 ORDER 12444 53 17 2 2 1
4992 ORDER 12445 36 41 9 44 0
4993 ORDER 12446 36 12 33 43 3
4993 ORDER 12447 10 9 2 17 1
4994 CANCEL 12121
4994 ORDER 12448 44 39 15 43 0
4994 ORDER 12449 21 27 1 26 3
4994 ORDER 12450 46 29 3 32 0
4995 ORDER 12451 6 17 41 44 1
4995 ORDER 12452 54 32 3 38 0
4995 ORDER 12453 30 17 3 38 1
4996 CANCEL 12381
4996 ORDER 12454 48 17 2 41 0
4996 ORDER 12455 7 32 15 44 0
4997 ORDER 12456 36 24 3 44 0
4997 ORDER 12457 38 12 1 42 0
4998 ORDER 12458 40 23 49 44 1
4998 ORDER 12459 32 31 30 44 1
4998 ORDER 12460 34 26 1 30 0
4999 ORDER 12461 29 15 2 18 0
4999 ORDER 12462 36 41 48 43 0
