60 46 6000
############################################################
#.....C.C.C.C.C.C.C.C.C.C.C.C.C.C.C.C.C.C.C.C..............#
#..........................................................#
#..........................................................#
#.....#######..#########..######..########..#########..#...#
#..........................................................#
#..........................................................#
#.....#########..######..######..#########..#########..#...#
#..........................................................#
#..........................................................#
#.....#######..######..######..######..########..#######...#
#..........................................................#
#..........................................................#
#.....#######..########..########..#########..########.....#
#..........................................................#
#..........................................................#
#.....########..#######..#########..######..######..####...#
#..........................................................#
#..........................................................#
#.....#########..#########..#######..######..#########.....#
#..........................................................#
#..........................................................#
#.....#########..#######..########..#########..#########...#
#..........................................................#
#..........................................................#
#.....######..########..#######..#########..########..##...#
#..........................................................#
#..........................................................#
#.....########..######..#########..#########..######..##...#
#..........................................................#
#..........................................................#
#.....#######..#########..######..########..########..##...#
#..........................................................#
#..........................................................#
#.....######..########..#########..######..######..#####...#
#..........................................................#
#..........................................................#
#.....######..######..#########..#######..########..####...#
#..........................................................#
#..........................................................#
#.....######..########..#######..######..########..#####...#
#..........................................................#
#..........................................................#
#..........................................................#
#..........................................................#
############################################################
PARAMS 848 42 212 30 50 3
ROBOTS 130
53 36
17 39
56 26
4 17
1 16
50 37
24 33
46 2
19 32
58 39
19 5
37 14
31 26
23 38
46 18
39 42
2 31
56 10
31 6
55 24
27 42
46 9
45 8
21 44
28 38
22 23
35 5
41 38
28 32
57 26
25 27
41 42
1 37
5 34
51 42
30 11
2 25
27 15
24 41
43 19
36 27
1 26
24 18
57 32
31 14
10 11
16 29
11 15
11 18
5 16
16 22
20 9
21 12
52 1
24 14
7 2
28 11
7 9
39 2
49 18
17 33
25 36
7 8
50 41
23 3
18 3
4 19
33 34
50 20
29 32
34 13
42 4
21 24
58 12
34 28
36 12
3 3
31 17
7 41
58 6
24 30
22 6
8 11
34 21
11 5
50 9
1 28
40 2
3 33
2 27
45 44
44 11
5 39
38 36
41 14
31 42
46 8
57 14
13 15
13 8
17 27
16 33
32 3
56 42
16 39
7 26
10 36
57 36
27 35
56 27
40 23
11 29
8 21
6 39
30 39
46 6
8 29
21 37
39 1
29 43
21 30
24 21
6 30
6 15
2 12
53 30
53 35
5 41
22 5
29 17
EVENTS 7767
0 ORDER 1 8 24 29 43 0
0 ORDER 2 37 5 3 2 1
1 ORDER 3 35 3 40 44 1
2 ORDER 4 28 38 2 17 2
2 ORDER 5 27 38 43 44 2
3 ORDER 6 21 30 44 43 0
4 ORDER 7 19 38 2 23 1
5 ORDER 8 36 17 1 37 1
6 ORDER 9 53 21 53 43 0
7 ORDER 10 41 5 2 37 0
7 ORDER 11 33 26 48 44 0
8 ORDER 12 51 21 1 27 1
9 ORDER 13 34 32 2 13 0
10 ORDER 14 26 39 1 38 1
10 ORDER 15 36 38 20 43 1
11 ORDER 16 16 9 25 44 2
12 ORDER 17 27 35 1 24 1
12 ORDER 18 37 33 1 37 0
13 ORDER 19 19 38 2 5 0
14 ORDER 20 6 18 2 40 2
15 ORDER 21 40 20 29 43 0
16 ORDER 22 43 35 12 44 1
17 ORDER 23 21 12 3 7 0
18 ORDER 24 11 29 3 10 1
19 ORDER 25 39 17 3 11 0
20 ORDER 26 53 33 1 19 1
21 ORDER 27 47 30 38 43 1
22 ORDER 28 27 15 1 31 3
23 ORDER 29 55 24 23 44 0
23 BLOCK 38 21
24 ORDER 30 10 36 57 44 0
25 ORDER 31 20 18 3 30 0
26 ORDER 32 39 33 54 44 0
27 ORDER 33 9 18 10 43 2
28 ORDER 34 45 18 2 44 0
29 ORDER 35 53 20 3 28 0
30 ORDER 36 6 12 1 20 1
30 ORDER 37 25 41 33 44 2
31 ORDER 38 53 38 3 30 1
31 ORDER 39 24 27 2 42 0
32 ORDER 40 40 24 1 8 3
33 ORDER 41 25 6 57 44 1
33 ORDER 42 31 20 1 30 1
34 ORDER 43 19 35 3 30 1
35 ORDER 44 27 17 1 14 2
36 ORDER 45 11 8 38 44 0
37 ORDER 46 21 21 2 14 1
38 ORDER 47 20 3 1 27 0
39 ORDER 48 52 14 43 43 1
40 ORDER 49 7 33 33 44 1
41 ORDER 50 37 24 35 44 1
41 BLOCK 18 3
42 ORDER 51 11 39 50 43 0
43 ORDER 52 55 35 2 38 0
44 ORDER 53 49 38 2 34 0
45 ORDER 54 20 12 25 43 1
45 ORDER 55 15 36 1 41 0
46 ORDER 56 54 39 3 8 0
47 ORDER 57 29 34 3 42 0
48 ORDER 58 8 15 3 1 0
49 ORDER 59 30 15 42 43 0
50 ORDER 60 49 11 29 43 0
51 ORDER 61 24 11 1 9 0
52 ORDER 62 30 32 2 18 0
53 ORDER 63 38 23 3 12 0
54 ORDER 64 17 18 2 9 1
55 ORDER 65 38 23 58 43 0
56 ORDER 66 42 21 3 24 0
56 ORDER 67 40 27 1 1 1
57 ORDER 68 28 29 3 41 0
58 ORDER 69 49 32 21 43 0
59 ORDER 70 10 12 1 38 3
60 ORDER 71 46 17 30 44 0
61 ORDER 72 22 32 19 43 1
62 ORDER 73 14 36 55 43 0
62 ORDER 74 9 14 10 44 1
63 ORDER 75 21 27 58 43 2
64 ORDER 76 29 18 2 15 2
65 ORDER 77 16 3 1 2 0
66 ORDER 78 45 5 3 42 3
66 ORDER 79 30 5 41 43 2
67 ORDER 80 16 39 42 44 0
68 ORDER 81 50 30 2 31 0
69 ORDER 82 46 18 24 44 0
70 ORDER 83 50 23 2 28 0
71 ORDER 84 7 36 58 43 0
71 ORDER 85 37 12 18 43 0
72 ORDER 86 33 36 33 44 0
73 ORDER 87 18 12 40 43 2
73 ORDER 88 23 18 2 12 0
74 ORDER 89 38 14 4 43 0
75 ORDER 90 6 23 1 19 0
76 UNBLOCK 38 21
76 ORDER 91 10 29 1 43 2
76 ORDER 92 14 39 2 28 0
77 ORDER 93 42 38 2 27 1
78 ORDER 94 46 8 32 43 0
79 ORDER 95 28 21 2 11 2
80 ORDER 96 9 21 3 4 0
81 ORDER 97 25 27 24 44 0
82 ORDER 98 22 23 56 44 0
82 ORDER 99 17 6 3 8 2
83 ORDER 100 18 24 25 43 1
83 ORDER 101 48 6 2 23 2
84 ORDER 102 9 27 57 44 0
85 ORDER 103 33 21 2 44 0
86 ORDER 104 39 18 1 7 1
87 ORDER 105 39 17 3 42 1
88 ORDER 106 49 32 2 44 0
89 ORDER 107 47 5 41 43 0
90 ORDER 108 8 15 10 44 0
90 ORDER 109 26 5 25 44 0
91 ORDER 110 36 41 2 12 0
92 ORDER 111 30 41 20 43 0
93 ORDER 112 25 6 2 42 0
94 ORDER 113 33 38 54 44 0
94 ORDER 114 8 20 3 24 3
95 ORDER 115 28 20 1 34 0
96 ORDER 116 38 14 42 43 0
97 ORDER 117 11 35 46 44 2
98 ORDER 118 15 12 2 30 2
99 ORDER 119 23 11 32 43 0
100 ORDER 120 23 30 32 44 0
101 ORDER 121 19 26 20 43 0
102 ORDER 122 37 30 1 30 0
103 ORDER 123 12 6 2 22 0
104 ORDER 124 28 12 29 43 0
105 ORDER 125 22 36 39 44 2
105 ORDER 126 41 26 19 43 1
106 ORDER 127 10 27 22 43 1
106 ORDER 128 21 21 1 25 0
107 ORDER 129 45 30 9 44 0
108 ORDER 130 54 21 2 4 0
109 ORDER 131 28 41 3 5 0
109 ORDER 132 38 30 25 43 1
110 ORDER 133 20 11 20 43 0
111 ORDER 134 9 26 2 6 0
112 ORDER 135 44 24 26 43 1
112 ORDER 136 23 32 53 43 0
113 ORDER 137 26 21 3 28 0
114 CANCEL 109
114 ORDER 138 43 23 2 15 1
115 ORDER 139 33 41 37 43 0
116 ORDER 140 18 11 2 2 1
117 ORDER 141 12 5 2 2 1
118 ORDER 142 25 27 8 43 0
119 ORDER 143 8 39 1 40 0
120 ORDER 144 48 12 7 43 2
121 ORDER 145 47 26 9 43 0
121 ORDER 146 48 21 1 27 0
122 ORDER 147 15 39 6 43 0
123 ORDER 148 6 23 2 11 0
123 ORDER 149 21 12 1 44 1
124 ORDER 150 35 41 3 13 1
125 ORDER 151 54 15 2 39 0
126 ORDER 152 38 29 1 11 1
127 ORDER 153 27 32 39 43 0
127 ORDER 154 47 27 1 1 0
128 ORDER 155 27 32 37 44 0
129 ORDER 156 33 15 15 43 1
130 ORDER 157 26 26 2 32 0
131 ORDER 158 29 14 3 38 2
131 ORDER 159 6 38 11 43 3
132 ORDER 160 36 41 1 14 0
133 ORDER 161 19 29 36 43 2
134 ORDER 162 42 38 2 6 0
134 ORDER 163 28 14 45 44 1
134 CANCEL 100163
135 UNBLOCK 18 3
135 ORDER 164 39 26 3 42 2
136 ORDER 165 7 18 2 20 1
137 ORDER 166 10 9 2 32 0
138 ORDER 167 9 3 3 32 0
138 ORDER 168 38 18 1 35 0
139 ORDER 169 23 3 57 44 0
140 ORDER 170 28 14 1 25 1
141 ORDER 171 44 38 3 44 0
142 ORDER 172 46 30 2 44 2
142 ORDER 173 51 8 58 43 0
143 ORDER 174 32 15 2 34 0
143 ORDER 175 28 8 1 9 2
144 ORDER 176 47 23 27 43 0
144 BLOCK 30 3
145 ORDER 177 13 27 58 44 3
146 ORDER 178 36 24 49 43 2
147 ORDER 179 26 41 2 13 2
147 ORDER 180 37 14 55 44 0
148 ORDER 181 34 3 1 8 0
149 ORDER 182 38 24 34 44 0
150 ORDER 183 41 12 50 44 1
151 ORDER 184 39 33 52 43 0
152 ORDER 185 9 12 3 22 0
153 ORDER 186 33 11 3 12 0
154 ORDER 187 11 11 2 8 0
155 ORDER 188 15 35 22 44 1
156 ORDER 189 19 20 2 26 1
156 ORDER 190 20 14 2 19 0
157 ORDER 191 46 6 3 23 0
158 ORDER 192 55 39 1 7 1
159 ORDER 193 55 24 1 20 0
160 ORDER 194 48 14 2 38 0
161 ORDER 195 47 32 3 44 0
161 ORDER 196 46 8 43 43 0
162 ORDER 197 38 38 42 43 1
163 ORDER 198 53 17 28 43 0
163 ORDER 199 37 30 22 44 0
164 ORDER 200 43 29 52 43 0
164 ORDER 201 20 15 2 25 1
165 ORDER 202 41 30 3 37 1
165 ORDER 203 18 27 56 43 1
166 ORDER 204 8 12 3 19 1
166 ORDER 205 40 20 1 19 0
167 ORDER 206 39 6 50 43 0
168 ORDER 207 17 33 31 43 0
169 ORDER 208 29 12 2 27 1
169 ORDER 209 9 36 44 44 0
170 ORDER 210 23 32 2 26 0
171 ORDER 211 32 29 3 44 0
171 ORDER 212 45 15 7 44 1
172 ORDER 213 52 38 1 37 1
173 ORDER 214 16 15 1 41 0
173 ORDER 215 10 26 1 18 2
174 ORDER 216 26 23 10 43 0
175 ORDER 217 12 17 3 4 1
176 ORDER 218 10 6 1 11 0
177 ORDER 219 10 24 3 22 0
178 ORDER 220 28 39 3 14 0
179 ORDER 221 37 26 30 43 0
180 ORDER 222 19 17 1 6 0
181 ORDER 223 40 24 33 44 0
182 ORDER 224 48 20 3 22 0
183 CANCEL 5
183 ORDER 225 37 20 3 18 2
183 ORDER 226 17 9 1 19 1
184 ORDER 227 10 18 3 8 1
185 ORDER 228 34 8 9 43 0
186 ORDER 229 52 5 46 43 0
187 ORDER 230 28 33 28 44 1
187 ORDER 231 22 17 28 44 0
188 ORDER 232 55 9 18 43 3
189 ORDER 233 16 11 2 24 2
190 ORDER 234 40 6 11 44 1
191 ORDER 235 22 15 2 30 2
192 ORDER 236 47 32 28 44 1
192 ORDER 237 48 15 3 18 0
193 ORDER 238 37 8 50 43 0
194 ORDER 239 12 23 39 43 0
194 CANCEL 100239
195 ORDER 240 54 9 43 44 0
196 ORDER 241 12 9 2 16 1
196 ORDER 242 40 14 28 43 1
197 ORDER 243 33 6 34 44 0
198 ORDER 244 38 38 2 10 0
199 ORDER 245 26 17 1 33 0
200 ORDER 246 9 8 1 17 0
201 ORDER 247 22 20 1 11 0
201 BLOCK 23 39
202 ORDER 248 25 36 42 43 2
203 ORDER 249 54 21 2 9 0
204 ORDER 250 26 17 33 44 0
205 ORDER 251 21 17 3 17 0
206 ORDER 252 18 15 53 44 0
207 ORDER 253 45 24 9 44 0
207 ORDER 254 51 11 20 44 0
208 ORDER 255 50 26 2 3 0
209 ORDER 256 43 29 20 43 0
210 ORDER 257 27 38 34 44 1
210 BLOCK 44 36
211 ORDER 258 18 20 2 26 0
211 ORDER 259 6 24 2 24 0
212 ORDER 260 11 26 15 44 2
213 ORDER 261 20 6 23 44 1
214 UNBLOCK 30 3
214 ORDER 262 54 32 2 5 2
214 ORDER 263 11 35 1 38 0
215 ORDER 264 38 3 22 43 0
216 ORDER 265 30 24 7 43 0
217 ORDER 266 33 9 39 44 0
218 ORDER 267 11 30 44 44 1
219 ORDER 268 49 27 1 39 0
220 ORDER 269 39 35 30 43 0
221 ORDER 270 10 41 2 7 0
222 ORDER 271 51 29 32 44 2
223 ORDER 272 45 11 30 44 1
224 ORDER 273 25 38 49 44 2
224 ORDER 274 10 30 1 43 0
225 ORDER 275 6 39 53 43 1
225 ORDER 276 34 26 21 43 0
226 ORDER 277 32 12 18 43 0
227 ORDER 278 45 35 2 21 2
227 ORDER 279 32 23 2 41 0
228 ORDER 280 18 14 19 43 0
229 ORDER 281 20 11 16 43 0
229 ORDER 282 45 32 7 44 2
230 ORDER 283 54 39 2 27 0
230 ORDER 284 9 12 2 32 0
231 CANCEL 211
231 ORDER 285 27 15 1 18 1
232 ORDER 286 36 5 54 43 1
233 ORDER 287 45 6 1 19 0
233 ORDER 288 47 8 3 36 0
234 ORDER 289 43 33 11 43 1
235 ORDER 290 28 11 54 43 0
236 ORDER 291 35 30 2 5 0
237 ORDER 292 19 23 1 5 0
238 ORDER 293 39 11 3 13 0
239 ORDER 294 10 39 58 43 0
240 ORDER 295 38 3 46 44 1
241 CANCEL 114
241 ORDER 296 30 23 1 32 1
242 ORDER 297 52 9 1 15 2
242 ORDER 298 36 21 1 32 1
242 BLOCK 23 17
243 ORDER 299 27 29 50 44 0
244 CANCEL 155
244 ORDER 300 46 39 26 44 0
245 ORDER 301 38 24 1 24 0
246 ORDER 302 29 18 22 43 0
247 ORDER 303 8 32 2 29 0
248 CANCEL 77
248 ORDER 304 44 32 52 43 1
249 ORDER 305 31 32 47 44 0
250 ORDER 306 6 39 36 44 0
251 ORDER 307 50 26 25 44 3
252 ORDER 308 44 8 6 43 0
253 ORDER 309 54 15 55 43 1
254 ORDER 310 39 26 3 34 2
255 ORDER 311 26 38 1 28 1
256 ORDER 312 7 41 3 16 1
256 ORDER 313 30 23 1 15 0
257 ORDER 314 10 8 2 2 0
258 ORDER 315 8 17 2 4 0
259 ORDER 316 49 24 2 10 1
260 CANCEL 194
260 ORDER 317 19 18 2 24 0
260 ORDER 318 21 20 5 43 0
261 ORDER 319 10 38 27 44 1
262 ORDER 320 6 3 2 2 0
263 ORDER 321 18 38 3 4 1
264 ORDER 322 30 41 3 16 1
265 ORDER 323 18 29 23 43 0
266 ORDER 324 15 24 44 43 0
267 ORDER 325 52 35 2 43 0
268 ORDER 326 28 11 46 44 0
268 ORDER 327 28 24 1 29 0
269 ORDER 328 52 9 2 40 3
270 ORDER 329 17 27 2 12 3
271 ORDER 330 48 18 3 9 2
272 CANCEL 215
272 ORDER 331 32 27 24 44 2
273 ORDER 332 35 39 3 27 1
273 BLOCK 45 5
274 ORDER 333 43 35 3 25 0
274 ORDER 334 19 33 7 44 0
275 ORDER 335 38 39 30 44 2
275 ORDER 336 39 26 55 43 0
276 ORDER 337 10 29 3 27 0
277 ORDER 338 29 35 3 18 0
278 ORDER 339 6 24 2 12 0
278 ORDER 340 37 33 21 43 0
279 ORDER 341 52 36 3 17 0
279 BLOCK 7 29
280 ORDER 342 12 15 1 40 2
281 ORDER 343 27 30 44 43 1
282 ORDER 344 40 24 3 9 3
283 ORDER 345 28 15 3 37 1
283 ORDER 346 11 18 3 8 1
284 ORDER 347 49 30 1 10 0
285 ORDER 348 28 35 3 37 0
286 UNBLOCK 23 39
286 ORDER 349 47 38 42 43 0
287 ORDER 350 55 32 11 43 0
287 ORDER 351 11 41 47 43 1
288 ORDER 352 34 24 1 31 0
289 ORDER 353 27 15 47 44 1
290 ORDER 354 24 29 35 43 0
291 ORDER 355 19 39 23 44 0
292 ORDER 356 11 18 13 44 0
293 ORDER 357 13 23 47 44 0
294 ORDER 358 26 8 2 23 0
294 ORDER 359 29 6 1 42 0
294 BLOCK 40 9
295 ORDER 360 45 33 29 44 0
296 ORDER 361 23 9 22 43 0
297 ORDER 362 37 5 3 26 0
298 ORDER 363 41 17 1 37 0
298 ORDER 364 19 21 1 35 0
299 ORDER 365 10 41 1 19 1
300 ORDER 366 31 21 1 25 0
301 ORDER 367 30 24 19 43 0
302 UNBLOCK 44 36
302 ORDER 368 39 11 1 16 1
302 ORDER 369 34 18 53 43 0
303 ORDER 370 7 17 1 39 1
304 ORDER 371 55 11 11 44 0
305 ORDER 372 46 35 3 27 2
305 ORDER 373 18 32 1 18 0
306 ORDER 374 6 23 1 31 0
307 ORDER 375 29 33 48 43 0
308 ORDER 376 13 6 6 43 1
309 ORDER 377 41 9 54 43 1
310 UNBLOCK 23 17
310 ORDER 378 18 8 22 44 1
311 UNBLOCK 45 5
311 ORDER 379 43 41 32 44 2
312 ORDER 380 6 14 55 44 0
313 ORDER 381 30 35 2 29 1
314 ORDER 382 40 20 1 10 0
315 ORDER 383 49 8 2 9 2
316 ORDER 384 9 23 32 43 0
317 ORDER 385 42 36 10 44 2
318 ORDER 386 8 9 46 44 1
319 ORDER 387 49 21 13 43 0
320 ORDER 388 34 26 44 44 0
321 ORDER 389 29 14 51 43 1
321 BLOCK 54 35
322 ORDER 390 34 11 3 14 1
323 ORDER 391 50 14 54 43 0
324 ORDER 392 11 39 32 43 1
325 UNBLOCK 40 9
325 ORDER 393 46 5 29 44 1
326 ORDER 394 52 15 2 15 0
327 ORDER 395 50 12 20 43 1
328 ORDER 396 29 32 42 43 1
329 ORDER 397 46 30 29 43 1
330 ORDER 398 39 24 7 44 0
331 ORDER 399 25 36 38 43 0
331 ORDER 400 29 24 37 43 1
332 ORDER 401 19 29 3 19 0
333 ORDER 402 17 41 28 43 2
333 ORDER 403 6 20 1 13 0
334 ORDER 404 9 12 2 15 2
335 ORDER 405 48 26 2 8 0
336 ORDER 406 8 6 1 44 1
337 ORDER 407 19 32 28 43 0
338 ORDER 408 49 17 2 28 2
339 ORDER 409 20 21 3 14 2
340 ORDER 410 45 20 34 43 0
341 ORDER 411 18 8 1 4 1
341 ORDER 412 25 18 6 44 0
342 CANCEL 186
342 ORDER 413 16 36 14 43 0
343 ORDER 414 27 3 9 44 0
344 ORDER 415 51 30 30 44 0
345 ORDER 416 12 11 2 34 0
345 ORDER 417 19 26 9 43 2
346 ORDER 418 21 17 46 43 0
347 ORDER 419 8 5 1 28 1
348 ORDER 420 35 5 35 44 0
349 ORDER 421 14 21 3 27 0
350 ORDER 422 11 3 1 11 1
351 ORDER 423 44 32 3 9 0
352 ORDER 424 28 38 1 30 0
353 ORDER 425 48 39 34 43 2
354 ORDER 426 27 24 2 29 0
355 ORDER 427 31 35 46 43 1
356 ORDER 428 9 18 50 44 0
357 ORDER 429 27 29 3 5 0
358 ORDER 430 10 33 57 43 1
359 ORDER 431 36 8 3 27 0
360 ORDER 432 19 26 1 14 0
361 ORDER 433 11 8 2 7 3
362 CANCEL 271
362 ORDER 434 20 39 7 43 0
363 ORDER 435 36 5 24 43 0
364 ORDER 436 30 30 46 44 0
365 ORDER 437 54 27 43 43 0
366 ORDER 438 19 11 3 39 0
367 ORDER 439 45 20 13 43 0
368 ORDER 440 31 12 22 43 0
369 UNBLOCK 7 29
369 ORDER 441 27 24 25 44 1
369 ORDER 442 14 18 2 40 1
370 CANCEL 362
370 ORDER 443 26 27 38 43 2
371 ORDER 444 28 3 41 44 3
372 ORDER 445 38 20 7 44 1
373 ORDER 446 40 6 1 37 3
373 ORDER 447 14 18 2 16 0
374 ORDER 448 25 9 53 43 1
374 ORDER 449 10 20 39 44 0
375 ORDER 450 19 24 1 31 1
376 ORDER 451 10 9 3 23 2
377 ORDER 452 18 11 58 44 0
377 ORDER 453 6 15 23 44 0
378 ORDER 454 28 5 40 44 0
379 ORDER 455 52 33 1 12 0
380 ORDER 456 52 3 1 18 2
380 ORDER 457 37 41 3 26 0
381 ORDER 458 32 33 2 8 1
381 ORDER 459 51 12 36 44 0
382 ORDER 460 29 8 3 41 0
383 ORDER 461 44 17 2 18 1
384 ORDER 462 55 8 44 44 0
385 ORDER 463 21 6 33 43 1
386 CANCEL 414
386 ORDER 464 36 30 26 44 0
387 ORDER 465 30 14 1 2 0
388 ORDER 466 26 15 9 44 0
389 CANCEL 396
389 ORDER 467 43 21 2 4 0
390 ORDER 468 50 6 43 43 0
390 ORDER 469 19 36 1 21 0
391 ORDER 470 38 21 1 44 0
391 BLOCK 14 18
392 ORDER 471 19 15 27 43 1
393 ORDER 472 44 38 39 43 0
393 ORDER 473 25 41 2 1 0
393 BLOCK 31 11
394 ORDER 474 18 35 4 43 0
395 ORDER 475 45 11 2 8 0
396 ORDER 476 38 3 6 43 2
397 ORDER 477 32 11 32 44 0
398 ORDER 478 29 17 29 44 0
399 ORDER 479 27 41 26 43 0
400 ORDER 480 24 9 1 10 1
401 ORDER 481 33 15 25 43 1
402 ORDER 482 20 35 11 44 0
403 ORDER 483 12 5 12 44 0
404 ORDER 484 36 5 33 44 0
405 ORDER 485 25 10 4 43 0
406 ORDER 486 10 14 14 44 0
407 ORDER 487 37 41 2 4 2
408 ORDER 488 51 11 2 27 2
409 ORDER 489 47 6 1 10 2
410 ORDER 490 38 24 24 44 0
411 ORDER 491 18 24 2 39 1
412 ORDER 492 39 17 3 16 0
412 BLOCK 7 11
413 ORDER 493 12 14 3 43 0
414 ORDER 494 16 11 11 43 0
414 ORDER 495 41 17 57 44 1
415 ORDER 496 36 11 48 43 2
415 ORDER 497 48 36 1 16 1
416 ORDER 498 18 8 2 32 3
417 ORDER 499 55 6 49 43 0
418 ORDER 500 16 33 3 27 0
419 ORDER 501 35 8 2 16 0
420 ORDER 502 36 35 1 26 1
421 ORDER 503 32 9 2 34 0
421 ORDER 504 52 5 23 44 0
422 ORDER 505 16 38 1 3 0
423 ORDER 506 26 39 55 44 1
423 ORDER 507 28 29 3 28 2
424 ORDER 508 23 5 2 19 1
425 ORDER 509 36 35 3 34 2
426 ORDER 510 32 21 3 23 0
426 ORDER 511 44 30 48 43 1
427 ORDER 512 9 36 53 44 1
427 ORDER 513 51 11 33 44 0
428 ORDER 514 29 33 30 43 0
429 ORDER 515 33 26 29 43 0
430 ORDER 516 29 17 16 44 0
431 ORDER 517 24 26 10 43 0
431 ORDER 518 22 38 57 43 2
432 ORDER 519 33 26 4 44 2
433 ORDER 520 7 23 49 43 2
434 ORDER 521 22 12 21 43 0
435 ORDER 522 26 11 1 24 0
436 ORDER 523 51 24 36 44 0
437 ORDER 524 22 12 3 37 1
438 ORDER 525 16 41 3 19 0
439 UNBLOCK 54 35
439 ORDER 526 25 24 1 23 1
439 ORDER 527 24 18 30 44 1
440 ORDER 528 41 12 2 43 0
440 ORDER 529 40 6 3 14 0
441 ORDER 530 20 30 2 3 0
442 ORDER 531 55 17 3 22 2
443 ORDER 532 24 39 2 10 0
443 ORDER 533 26 12 44 43 2
444 ORDER 534 54 39 2 32 0
444 ORDER 535 26 5 1 30 0
445 ORDER 536 36 9 13 43 1
445 ORDER 537 10 36 2 38 1
446 ORDER 538 45 17 2 10 0
447 ORDER 539 46 39 2 30 0
448 ORDER 540 7 38 1 17 0
449 ORDER 541 31 33 3 42 0
450 CANCEL 323
450 ORDER 542 8 21 2 26 0
451 ORDER 543 55 30 1 18 0
452 ORDER 544 7 26 42 43 0
452 ORDER 545 10 11 12 44 0
453 ORDER 546 49 5 1 32 1
454 ORDER 547 34 5 12 43 0
455 ORDER 548 39 26 1 8 0
456 CANCEL 484
456 ORDER 549 29 26 21 44 0
457 ORDER 550 26 17 3 39 0
458 ORDER 551 21 33 1 33 0
458 ORDER 552 9 20 2 5 2
459 ORDER 553 33 39 1 2 0
460 ORDER 554 55 6 36 43 2
461 ORDER 555 12 20 2 26 0
462 ORDER 556 12 20 2 14 0
462 ORDER 557 22 30 16 44 0
463 ORDER 558 30 21 2 23 0
464 ORDER 559 53 20 39 43 1
465 ORDER 560 22 6 1 17 0
465 ORDER 561 39 38 2 14 0
465 BLOCK 21 6
466 ORDER 562 49 15 3 17 0
467 ORDER 563 28 38 44 43 2
467 ORDER 564 28 6 52 43 2
468 ORDER 565 7 15 54 44 1
468 ORDER 566 49 9 41 43 0
469 ORDER 567 53 36 55 44 2
470 ORDER 568 27 14 46 44 0
470 ORDER 569 32 21 3 7 0
471 ORDER 570 37 24 1 3 0
472 ORDER 571 9 17 1 27 1
473 ORDER 572 20 27 58 44 0
474 ORDER 573 8 11 3 16 1
475 ORDER 574 12 17 2 1 0
475 ORDER 575 15 33 24 44 0
476 ORDER 576 22 5 50 44 0
477 ORDER 577 25 36 2 1 0
478 ORDER 578 53 14 10 43 0
479 ORDER 579 9 39 3 32 1
479 ORDER 580 39 5 3 21 2
480 ORDER 581 35 3 1 6 1
481 UNBLOCK 31 11
481 CANCEL 495
481 ORDER 582 50 18 11 44 1
482 ORDER 583 20 20 1 17 1
483 ORDER 584 43 39 3 39 0
484 ORDER 585 42 39 37 43 1
485 ORDER 586 26 5 2 43 1
486 ORDER 587 9 23 18 43 1
487 ORDER 588 54 26 3 34 0
488 ORDER 589 28 35 3 33 1
489 ORDER 590 27 32 1 38 1
490 ORDER 591 45 35 2 43 0
490 BLOCK 13 38
491 UNBLOCK 7 11
491 ORDER 592 11 32 41 44 0
491 ORDER 593 15 38 3 10 0
492 ORDER 594 16 36 31 44 0
493 ORDER 595 46 26 17 44 0
494 ORDER 596 40 6 53 44 2
495 ORDER 597 27 12 44 44 0
496 ORDER 598 39 6 1 19 1
497 ORDER 599 36 26 1 29 0
497 ORDER 600 36 29 3 22 2
498 ORDER 601 46 24 3 17 0
498 ORDER 602 50 27 42 44 1
499 ORDER 603 7 27 3 28 1
500 ORDER 604 12 21 4 44 0
501 ORDER 605 33 26 2 21 0
502 ORDER 606 15 5 2 21 1
503 ORDER 607 22 18 9 43 3
504 ORDER 608 44 26 2 38 1
505 ORDER 609 11 11 3 22 0
506 ORDER 610 14 7 3 19 1
506 ORDER 611 38 23 1 38 0
507 ORDER 612 48 38 8 43 0
508 UNBLOCK 14 18
508 ORDER 613 18 33 6 43 0
508 ORDER 614 53 12 1 28 1
509 ORDER 615 28 33 24 44 0
509 ORDER 616 46 15 1 2 0
510 ORDER 617 29 33 1 17 0
510 ORDER 618 8 3 31 43 1
511 ORDER 619 7 33 2 32 0
512 ORDER 620 32 29 27 43 3
513 ORDER 621 49 36 56 44 1
514 ORDER 622 51 39 19 43 1
515 ORDER 623 39 29 27 43 1
516 ORDER 624 40 21 30 44 0
516 ORDER 625 20 9 35 44 0
517 ORDER 626 7 39 2 39 2
518 ORDER 627 50 30 3 15 0
519 ORDER 628 20 33 2 13 2
520 UNBLOCK 13 38
520 ORDER 629 31 20 57 44 0
521 ORDER 630 11 35 45 43 3
522 ORDER 631 34 20 18 43 0
523 ORDER 632 38 21 1 28 0
524 ORDER 633 20 8 14 43 2
525 ORDER 634 9 32 9 43 0
526 ORDER 635 8 17 26 43 0
527 CANCEL 510
527 ORDER 636 55 27 22 44 0
528 ORDER 637 38 18 39 44 0
528 BLOCK 36 15
529 ORDER 638 46 6 41 44 0
529 ORDER 639 34 20 2 19 2
530 ORDER 640 55 27 3 39 1
530 ORDER 641 54 41 47 44 0
531 ORDER 642 22 12 35 43 0
532 ORDER 643 55 36 33 43 0
533 ORDER 644 8 23 54 43 0
534 ORDER 645 30 26 1 32 1
535 ORDER 646 8 41 10 43 0
536 ORDER 647 55 3 2 2 0
536 ORDER 648 45 17 30 44 0
537 ORDER 649 11 26 8 44 1
538 ORDER 650 42 29 51 44 0
538 ORDER 651 9 29 30 44 0
539 ORDER 652 9 35 3 34 0
539 ORDER 653 54 9 19 43 0
540 ORDER 654 37 27 2 33 0
541 UNBLOCK 21 6
541 ORDER 655 26 39 2 13 0
542 ORDER 656 10 12 3 3 0
542 ORDER 657 15 26 3 44 0
543 ORDER 658 18 24 5 44 0
544 ORDER 659 17 35 3 26 2
545 ORDER 660 7 39 46 43 1
546 ORDER 661 38 35 2 25 1
547 ORDER 662 38 32 1 14 0
548 ORDER 663 23 18 10 44 0
549 ORDER 664 29 41 1 31 0
550 ORDER 665 44 30 38 44 1
551 ORDER 666 34 36 1 25 0
552 ORDER 667 30 18 20 43 0
553 ORDER 668 28 14 2 29 2
553 ORDER 669 38 41 1 8 0
554 ORDER 670 39 32 47 43 0
555 ORDER 671 9 24 1 18 0
555 ORDER 672 51 41 52 44 0
556 ORDER 673 38 39 45 44 0
557 ORDER 674 52 33 9 44 0
558 ORDER 675 17 33 45 44 0
559 ORDER 676 23 32 1 34 2
559 BLOCK 9 32
560 ORDER 677 38 36 1 15 0
561 ORDER 678 17 39 27 43 0
562 ORDER 679 44 30 2 20 0
563 ORDER 680 17 29 1 4 0
564 ORDER 681 35 6 44 43 1
565 ORDER 682 48 6 10 44 0
566 ORDER 683 15 5 13 43 0
567 ORDER 684 19 35 57 44 0
568 ORDER 685 52 23 26 43 0
569 ORDER 686 47 5 3 25 0
569 ORDER 687 28 6 3 14 0
570 ORDER 688 13 15 17 43 0
570 ORDER 689 49 27 3 17 1
571 ORDER 690 20 24 28 44 0
572 CANCEL 500
572 ORDER 691 47 3 55 43 0
573 ORDER 692 8 35 3 5 0
573 BLOCK 30 2
574 ORDER 693 40 30 30 43 3
575 ORDER 694 47 36 2 28 1
576 ORDER 695 10 36 1 17 0
577 ORDER 696 25 27 2 39 2
577 ORDER 697 17 8 14 43 2
578 ORDER 698 54 23 1 12 2
579 CANCEL 625
579 ORDER 699 20 5 3 23 3
580 ORDER 700 20 30 3 17 0
581 ORDER 701 36 32 1 44 1
581 ORDER 702 47 32 57 44 0
582 ORDER 703 40 27 3 7 0
583 ORDER 704 47 6 1 17 1
584 ORDER 705 48 5 36 43 1
585 ORDER 706 25 24 2 4 0
586 ORDER 707 35 29 44 43 0
587 ORDER 708 33 41 51 43 3
587 ORDER 709 51 29 3 2 0
588 ORDER 710 55 35 1 42 0
588 ORDER 711 47 12 3 6 1
589 CANCEL 694
589 ORDER 712 34 39 1 13 1
590 ORDER 713 40 24 1 17 0
591 ORDER 714 37 20 2 38 0
592 ORDER 715 36 3 2 32 0
593 ORDER 716 28 15 40 43 0
594 ORDER 717 15 38 2 31 1
594 ORDER 718 31 17 3 29 3
595 ORDER 719 16 26 1 4 0
595 ORDER 720 55 27 3 10 0
596 UNBLOCK 9 32
596 ORDER 721 38 3 2 32 0
596 ORDER 722 28 29 36 43 2
597 ORDER 723 38 36 53 43 0
598 ORDER 724 42 36 51 44 0
599 ORDER 725 55 3 3 39 0
600 UNBLOCK 36 15
600 ORDER 726 50 3 55 43 0
601 ORDER 727 19 30 2 14 1
602 ORDER 728 17 30 2 33 0
603 ORDER 729 33 21 52 43 1
604 ORDER 730 52 8 52 43 1
604 ORDER 731 10 36 1 16 0
605 ORDER 732 20 5 40 43 3
605 ORDER 733 16 5 45 44 2
606 ORDER 734 25 11 3 31 0
607 ORDER 735 29 39 2 33 1
608 ORDER 736 39 8 2 31 1
609 ORDER 737 41 20 45 43 1
610 ORDER 738 53 39 3 18 0
610 ORDER 739 46 12 47 43 0
611 ORDER 740 33 6 2 9 0
612 ORDER 741 28 20 3 33 1
612 ORDER 742 36 33 3 44 1
613 ORDER 743 6 41 3 26 0
613 ORDER 744 28 21 51 44 1
614 ORDER 745 26 12 2 42 1
615 ORDER 746 23 5 49 43 2
616 ORDER 747 28 39 1 31 0
617 ORDER 748 20 6 39 43 0
618 ORDER 749 43 39 55 44 1
619 ORDER 750 20 23 29 43 3
620 ORDER 751 47 12 23 43 0
621 ORDER 752 10 38 40 43 1
622 ORDER 753 9 35 1 2 0
623 ORDER 754 31 30 1 34 1
623 BLOCK 45 33
624 ORDER 755 21 26 2 33 1
625 ORDER 756 48 20 2 42 1
625 ORDER 757 21 39 11 44 0
626 ORDER 758 19 5 58 44 3
626 ORDER 759 55 6 56 44 0
627 CANCEL 533
627 ORDER 760 55 23 2 9 0
628 ORDER 761 18 27 51 44 0
629 ORDER 762 28 30 22 43 0
629 ORDER 763 38 12 17 44 0
630 ORDER 764 29 41 56 43 0
630 ORDER 765 51 8 5 43 1
631 ORDER 766 9 8 3 37 0
632 ORDER 767 10 27 3 9 1
633 ORDER 768 14 26 1 20 0
633 ORDER 769 10 21 2 35 0
634 ORDER 770 53 36 3 11 0
635 ORDER 771 8 23 11 43 1
636 ORDER 772 34 8 42 43 0
636 ORDER 773 8 20 1 25 1
637 ORDER 774 15 41 55 44 2
638 ORDER 775 8 12 21 43 0
639 ORDER 776 47 14 2 27 1
640 ORDER 777 50 24 9 43 0
640 ORDER 778 13 17 1 27 2
641 ORDER 779 51 5 39 44 0
642 ORDER 780 51 32 58 43 0
643 ORDER 781 23 23 2 39 0
644 ORDER 782 17 30 30 44 0
644 ORDER 783 10 17 1 25 1
645 ORDER 784 51 32 45 43 2
645 BLOCK 18 14
646 ORDER 785 19 23 16 44 0
647 ORDER 786 35 41 22 43 0
648 ORDER 787 19 26 3 42 3
649 ORDER 788 9 26 2 19 0
650 ORDER 789 30 39 2 10 0
651 ORDER 790 6 8 26 43 1
652 ORDER 791 33 23 3 42 0
652 BLOCK 45 5
653 ORDER 792 52 3 3 18 1
654 ORDER 793 32 23 1 13 0
655 ORDER 794 52 18 3 40 0
656 ORDER 795 17 17 1 7 0
657 ORDER 796 50 11 3 24 0
658 ORDER 797 35 29 28 44 0
658 ORDER 798 41 29 1 5 2
659 ORDER 799 24 39 3 8 3
660 ORDER 800 13 8 1 39 0
660 ORDER 801 16 29 57 44 1
661 ORDER 802 11 5 3 29 0
662 ORDER 803 28 18 2 43 2
663 UNBLOCK 30 2
663 ORDER 804 38 17 3 8 3
664 ORDER 805 38 3 1 7 0
664 ORDER 806 38 15 3 35 3
665 ORDER 807 46 9 23 44 1
666 ORDER 808 28 3 55 43 0
666 ORDER 809 20 35 1 17 0
667 ORDER 810 19 14 1 24 0
668 CANCEL 723
668 ORDER 811 50 9 3 2 0
669 ORDER 812 9 24 3 3 1
670 ORDER 813 47 8 3 38 0
671 ORDER 814 28 17 5 44 0
671 ORDER 815 30 32 1 28 0
672 ORDER 816 30 12 18 44 1
673 ORDER 817 26 36 3 35 0
674 ORDER 818 47 39 1 22 0
674 ORDER 819 55 6 3 8 0
675 ORDER 820 55 36 13 44 3
676 CANCEL 793
676 ORDER 821 8 3 1 1 0
677 ORDER 822 23 9 2 24 3
678 ORDER 823 28 30 2 10 1
679 ORDER 824 48 38 2 21 0
680 ORDER 825 32 15 17 44 1
681 ORDER 826 16 38 1 10 0
681 ORDER 827 7 33 26 44 0
682 ORDER 828 11 36 1 28 1
683 ORDER 829 38 14 1 24 0
684 UNBLOCK 18 14
684 ORDER 830 33 21 2 41 2
684 ORDER 831 28 11 54 43 0
685 ORDER 832 46 27 37 43 0
686 ORDER 833 39 27 20 43 2
686 ORDER 834 15 14 2 14 0
687 ORDER 835 41 39 2 44 0
688 ORDER 836 31 32 1 27 1
688 ORDER 837 50 20 19 44 2
689 ORDER 838 19 8 3 8 0
690 UNBLOCK 45 5
690 ORDER 839 19 17 8 43 3
691 ORDER 840 13 6 2 32 1
691 ORDER 841 7 24 2 6 1
692 ORDER 842 24 35 1 25 0
693 ORDER 843 30 12 21 44 0
694 ORDER 844 29 17 4 43 0
695 ORDER 845 40 30 2 16 0
696 ORDER 846 45 38 1 37 0
696 ORDER 847 43 12 2 12 0
697 ORDER 848 40 17 9 44 0
698 ORDER 849 16 30 1 31 3
699 ORDER 850 21 29 2 44 1
700 ORDER 851 12 20 2 14 0
701 ORDER 852 52 14 40 43 0
702 ORDER 853 44 17 21 43 0
703 ORDER 854 11 24 3 6 2
704 ORDER 855 52 41 2 32 0
705 ORDER 856 26 33 1 3 0
706 ORDER 857 17 20 2 18 0
707 CANCEL 770
707 ORDER 858 34 9 3 1 0
707 ORDER 859 18 36 17 44 3
708 ORDER 860 26 32 1 22 0
708 ORDER 861 52 18 3 12 0
709 ORDER 862 17 16 26 44 0
710 ORDER 863 21 27 35 43 1
711 ORDER 864 21 27 2 7 0
712 CANCEL 804
712 ORDER 865 34 24 26 44 2
713 ORDER 866 31 32 36 44 1
714 ORDER 867 7 9 24 44 0
714 ORDER 868 40 12 14 44 0
715 ORDER 869 54 35 3 9 1
715 ORDER 870 47 36 3 3 1
716 ORDER 871 9 26 49 43 1
716 BLOCK 55 1
717 ORDER 872 7 14 1 27 2
717 ORDER 873 25 14 2 28 0
718 ORDER 874 36 39 4 43 0
719 ORDER 875 37 20 32 44 1
720 ORDER 876 48 36 10 43 2
720 ORDER 877 40 29 1 5 0
721 ORDER 878 45 20 9 44 0
722 ORDER 879 47 38 2 3 0
723 ORDER 880 9 8 2 24 0
723 ORDER 881 24 29 45 43 1
724 ORDER 882 38 8 22 44 1
725 ORDER 883 7 11 1 44 0
726 ORDER 884 11 29 3 33 2
727 ORDER 885 28 11 1 12 1
728 ORDER 886 47 3 38 44 0
728 ORDER 887 15 24 2 16 0
729 ORDER 888 10 24 1 20 0
729 BLOCK 12 18
730 ORDER 889 47 20 10 43 2
731 ORDER 890 49 6 2 38 0
732 ORDER 891 45 38 2 17 1
732 ORDER 892 8 41 1 34 1
733 ORDER 893 51 23 2 28 1
733 ORDER 894 55 33 1 33 0
734 CANCEL 871
734 ORDER 895 7 32 3 20 0
735 ORDER 896 15 9 13 43 0
736 ORDER 897 27 32 3 42 3
736 ORDER 898 26 24 26 43 1
737 UNBLOCK 45 33
737 ORDER 899 43 9 2 14 1
738 ORDER 900 9 21 1 11 1
739 ORDER 901 41 14 38 44 0
740 ORDER 902 8 3 5 43 1
741 ORDER 903 10 39 45 44 0
742 ORDER 904 51 20 2 32 1
742 ORDER 905 25 27 30 43 0
743 ORDER 906 25 41 3 19 0
744 ORDER 907 20 24 2 22 0
744 ORDER 908 14 18 5 44 0
745 ORDER 909 15 24 37 44 1
746 ORDER 910 51 27 1 36 0
746 ORDER 911 38 15 3 42 2
747 ORDER 912 50 6 5 43 0
748 ORDER 913 40 3 24 44 0
749 ORDER 914 39 18 2 23 1
749 ORDER 915 51 41 39 43 2
750 ORDER 916 35 30 1 2 0
750 ORDER 917 7 8 39 44 0
751 ORDER 918 31 18 4 44 1
752 ORDER 919 9 21 3 38 1
753 ORDER 920 28 33 3 39 1
754 ORDER 921 36 5 3 32 0
755 ORDER 922 22 30 51 44 0
756 ORDER 923 38 41 2 17 0
757 ORDER 924 6 32 3 32 1
758 ORDER 925 17 30 2 39 0
759 ORDER 926 29 26 1 27 0
760 ORDER 927 17 33 1 39 0
760 ORDER 928 28 15 44 44 0
761 ORDER 929 50 26 1 17 1
762 ORDER 930 22 18 36 44 0
763 ORDER 931 30 3 1 31 0
764 ORDER 932 41 3 34 44 0
765 ORDER 933 27 11 1 40 1
766 ORDER 934 7 3 2 24 0
767 ORDER 935 44 23 3 5 0
768 ORDER 936 11 30 14 44 0
769 ORDER 937 6 21 50 44 2
769 ORDER 938 30 35 2 28 0
770 ORDER 939 12 8 43 44 1
771 ORDER 940 52 8 1 25 2
772 ORDER 941 12 15 35 43 0
773 ORDER 942 44 38 26 44 1
774 ORDER 943 40 23 3 15 0
775 ORDER 944 55 17 2 35 1
775 ORDER 945 40 8 1 27 0
776 ORDER 946 8 38 37 44 0
777 ORDER 947 49 5 2 41 1
778 ORDER 948 44 35 22 43 2
778 ORDER 949 50 3 49 43 0
779 ORDER 950 34 3 2 22 1
780 ORDER 951 10 18 47 43 0
781 ORDER 952 35 41 41 44 2
781 ORDER 953 40 12 38 43 0
782 ORDER 954 15 24 14 43 0
783 ORDER 955 42 21 1 2 2
784 ORDER 956 7 35 37 44 2
785 ORDER 957 9 26 1 2 0
785 BLOCK 25 32
786 ORDER 958 52 18 49 43 0
786 ORDER 959 40 14 42 43 2
787 ORDER 960 11 11 1 13 0
788 ORDER 961 27 11 55 44 0
789 ORDER 962 49 5 1 3 0
789 ORDER 963 26 23 1 20 1
790 ORDER 964 25 9 37 44 1
791 ORDER 965 13 6 2 23 1
791 BLOCK 24 29
792 ORDER 966 26 11 1 44 0
792 BLOCK 36 35
793 ORDER 967 16 14 1 10 3
793 BLOCK 30 2
794 ORDER 968 6 41 1 1 0
794 ORDER 969 34 18 57 44 0
795 ORDER 970 17 24 27 43 0
796 ORDER 971 53 12 3 4 0
797 ORDER 972 51 30 23 44 2
797 ORDER 973 29 3 3 21 1
798 ORDER 974 11 38 24 44 3
799 ORDER 975 29 35 13 43 0
800 ORDER 976 53 21 1 44 0
801 ORDER 977 20 14 3 16 0
802 ORDER 978 19 23 1 25 3
803 ORDER 979 51 21 1 21 0
804 ORDER 980 54 38 2 38 0
805 ORDER 981 11 39 2 36 0
806 ORDER 982 16 36 2 8 0
807 ORDER 983 41 5 40 44 3
808 ORDER 984 28 3 12 43 3
808 ORDER 985 35 41 17 43 1
809 ORDER 986 25 41 2 40 0
809 ORDER 987 28 38 3 5 0
810 ORDER 988 31 11 2 8 1
810 ORDER 989 17 39 3 3 0
811 ORDER 990 9 20 1 23 0
812 ORDER 991 55 36 9 44 0
813 ORDER 992 27 38 3 21 0
813 ORDER 993 25 9 2 17 3
814 ORDER 994 49 12 45 43 0
815 ORDER 995 46 6 3 7 2
816 ORDER 996 10 15 2 38 0
817 ORDER 997 16 35 44 43 1
818 ORDER 998 36 35 3 40 0
818 ORDER 999 53 36 23 44 2
819 ORDER 1000 17 21 16 43 1
820 UNBLOCK 55 1
820 ORDER 1001 40 14 2 25 2
821 ORDER 1002 19 9 3 42 0
822 ORDER 1003 41 26 37 43 1
822 ORDER 1004 6 21 35 44 0
823 UNBLOCK 12 18
823 ORDER 1005 11 17 1 1 1
823 ORDER 1006 36 33 54 43 1
824 ORDER 1007 52 6 3 10 0
825 CANCEL 973
825 ORDER 1008 35 8 3 10 0
826 ORDER 1009 34 8 19 44 2
827 ORDER 1010 55 23 6 43 0
828 ORDER 1011 32 12 14 43 1
829 ORDER 1012 19 20 42 43 0
830 ORDER 1013 27 33 1 41 1
831 ORDER 1014 31 32 4 43 0
832 ORDER 1015 30 5 54 44 2
833 ORDER 1016 34 30 25 44 0
834 ORDER 1017 28 12 9 43 0
835 ORDER 1018 36 15 44 44 0
836 ORDER 1019 29 41 29 43 3
836 ORDER 1020 38 36 32 43 0
837 ORDER 1021 33 24 1 44 0
837 ORDER 1022 50 20 2 6 1
838 UNBLOCK 25 32
838 ORDER 1023 43 11 36 43 3
839 ORDER 1024 32 18 3 44 1
840 UNBLOCK 36 35
840 ORDER 1025 49 8 2 8 0
840 ORDER 1026 35 27 52 43 1
841 CANCEL 991
841 ORDER 1027 39 20 3 10 1
842 ORDER 1028 6 29 37 43 1
843 ORDER 1029 7 12 6 44 0
844 ORDER 1030 35 8 1 44 0
845 CANCEL 963
845 ORDER 1031 8 26 51 44 1
845 ORDER 1032 16 11 47 43 0
846 ORDER 1033 29 24 3 9 2
847 ORDER 1034 44 11 29 44 0
848 ORDER 1035 46 8 37 44 1
849 ORDER 1036 55 41 46 44 0
850 ORDER 1037 47 29 1 3 0
851 ORDER 1038 35 28 35 43 1
852 ORDER 1039 11 26 1 41 0
853 ORDER 1040 6 41 1 35 0
854 UNBLOCK 24 29
854 ORDER 1041 37 29 1 20 0
855 ORDER 1042 6 32 29 44 0
856 ORDER 1043 49 17 30 44 0
857 ORDER 1044 10 11 53 44 3
858 ORDER 1045 28 14 3 17 0
859 ORDER 1046 38 41 31 43 1
860 ORDER 1047 31 30 1 10 0
861 ORDER 1048 49 18 1 27 0
861 ORDER 1049 44 9 2 26 0
861 BLOCK 33 12
862 ORDER 1050 30 14 1 30 1
863 ORDER 1051 50 8 28 44 0
864 ORDER 1052 9 9 17 43 0
865 ORDER 1053 28 7 19 44 0
866 ORDER 1054 22 14 7 44 0
867 ORDER 1055 6 8 21 43 0
868 ORDER 1056 34 30 48 43 0
869 ORDER 1057 35 6 10 44 0
870 UNBLOCK 30 2
870 ORDER 1058 54 15 56 43 2
871 ORDER 1059 15 5 2 19 0
872 ORDER 1060 51 26 3 36 1
872 ORDER 1061 8 41 1 7 1
873 ORDER 1062 50 8 2 38 0
874 ORDER 1063 42 23 3 3 0
875 ORDER 1064 37 17 58 44 0
875 ORDER 1065 17 17 48 44 2
876 ORDER 1066 37 8 1 24 1
877 ORDER 1067 50 21 48 43 0
877 BLOCK 43 1
878 ORDER 1068 27 17 2 44 0
879 ORDER 1069 24 27 12 43 0
879 ORDER 1070 14 24 2 7 0
880 ORDER 1071 27 23 43 44 0
880 ORDER 1072 51 35 16 43 0
881 ORDER 1073 11 35 1 20 0
882 ORDER 1074 47 5 3 16 0
882 CANCEL 101074
883 ORDER 1075 18 26 13 44 0
883 ORDER 1076 14 18 2 42 0
884 ORDER 1077 20 8 1 32 0
884 ORDER 1078 37 20 1 33 0
885 ORDER 1079 19 23 33 43 1
886 ORDER 1080 29 36 1 16 1
887 ORDER 1081 38 15 2 36 0
888 ORDER 1082 17 35 3 9 0
888 ORDER 1083 51 24 2 41 2
889 ORDER 1084 9 3 3 3 0
889 ORDER 1085 55 8 8 43 0
890 ORDER 1086 39 36 1 18 1
891 ORDER 1087 31 12 40 44 0
891 ORDER 1088 54 35 3 11 3
892 ORDER 1089 49 30 38 44 0
893 ORDER 1090 38 35 3 30 1
894 ORDER 1091 11 27 16 43 2
894 BLOCK 16 24
895 ORDER 1092 43 29 3 24 0
896 ORDER 1093 53 23 1 28 0
897 ORDER 1094 40 12 3 24 0
897 ORDER 1095 26 9 13 44 0
898 ORDER 1096 39 24 1 11 2
899 ORDER 1097 19 33 10 43 0
900 ORDER 1098 7 11 30 44 0
901 ORDER 1099 54 26 4 44 2
901 ORDER 1100 9 41 2 24 0
902 ORDER 1101 10 11 2 21 0
903 ORDER 1102 34 11 9 43 0
904 ORDER 1103 37 6 24 43 0
905 ORDER 1104 18 26 2 25 0
905 ORDER 1105 29 20 26 44 0
906 ORDER 1106 24 36 2 9 0
907 ORDER 1107 54 38 3 2 2
908 UNBLOCK 43 1
908 ORDER 1108 13 27 2 40 0
909 ORDER 1109 41 18 17 44 1
910 ORDER 1110 21 32 39 44 2
911 ORDER 1111 46 5 2 25 0
912 ORDER 1112 23 3 24 44 1
913 ORDER 1113 41 18 16 44 0
914 ORDER 1114 7 12 22 44 0
915 CANCEL 965
915 ORDER 1115 8 39 21 44 1
916 ORDER 1116 13 8 1 4 0
917 ORDER 1117 47 5 30 43 0
917 ORDER 1118 45 41 2 37 0
918 CANCEL 988
918 ORDER 1119 19 17 2 6 0
919 ORDER 1120 27 41 6 43 3
920 ORDER 1121 41 6 7 44 0
921 ORDER 1122 13 17 1 10 0
922 ORDER 1123 54 26 31 43 2
923 ORDER 1124 38 8 1 1 0
924 ORDER 1125 43 21 20 43 0
925 ORDER 1126 11 30 3 2 1
925 ORDER 1127 11 12 47 43 0
926 ORDER 1128 27 11 3 32 0
927 ORDER 1129 48 33 28 43 1
927 ORDER 1130 48 26 23 43 0
928 ORDER 1131 39 35 56 43 0
928 ORDER 1132 37 5 5 43 0
929 ORDER 1133 17 33 2 9 0
930 ORDER 1134 42 38 46 43 0
931 ORDER 1135 23 21 30 44 2
932 ORDER 1136 44 11 3 29 0
933 UNBLOCK 33 12
933 ORDER 1137 12 18 3 7 0
934 ORDER 1138 22 6 9 43 0
935 ORDER 1139 19 5 2 31 0
936 ORDER 1140 21 8 3 11 0
937 ORDER 1141 30 30 11 43 1
938 ORDER 1142 8 12 1 24 0
939 ORDER 1143 36 38 45 44 2
940 ORDER 1144 30 35 1 38 0
941 CANCEL 1044
941 ORDER 1145 32 35 3 7 0
942 ORDER 1146 27 36 1 44 0
942 ORDER 1147 38 36 17 44 0
943 ORDER 1148 36 14 3 19 0
944 ORDER 1149 52 23 2 20 1
945 ORDER 1150 11 8 43 44 0
945 ORDER 1151 35 41 54 44 0
946 ORDER 1152 18 24 2 26 1
947 ORDER 1153 15 32 3 9 1
947 ORDER 1154 47 6 1 21 0
948 ORDER 1155 54 17 17 44 0
949 ORDER 1156 55 8 13 43 1
950 ORDER 1157 17 20 41 43 0
950 ORDER 1158 54 39 5 43 3
951 ORDER 1159 41 29 3 6 0
952 UNBLOCK 16 24
952 ORDER 1160 8 35 1 5 0
953 CANCEL 1005
953 ORDER 1161 36 24 47 44 0
954 ORDER 1162 31 18 2 5 0
954 ORDER 1163 45 17 3 33 0
955 ORDER 1164 6 3 3 28 0
956 ORDER 1165 43 35 50 44 0
957 ORDER 1166 45 33 1 36 0
958 ORDER 1167 12 17 1 11 0
958 ORDER 1168 47 33 3 3 1
959 ORDER 1169 22 6 34 44 0
959 ORDER 1170 28 20 3 44 0
960 CANCEL 1030
960 ORDER 1171 17 29 1 1 1
961 ORDER 1172 20 14 19 44 0
962 ORDER 1173 46 8 22 44 1
962 BLOCK 41 1
963 ORDER 1174 14 6 31 44 0
964 ORDER 1175 19 8 1 30 0
964 ORDER 1176 45 33 2 16 0
965 ORDER 1177 39 6 9 43 0
965 ORDER 1178 22 18 1 25 0
966 ORDER 1179 20 39 15 43 0
967 ORDER 1180 49 24 7 43 0
968 ORDER 1181 41 8 48 44 0
969 ORDER 1182 8 6 2 4 0
970 ORDER 1183 41 23 3 40 0
971 ORDER 1184 53 12 3 2 1
972 ORDER 1185 24 27 1 23 0
973 ORDER 1186 42 29 18 44 0
974 ORDER 1187 39 14 16 44 0
975 ORDER 1188 14 18 6 43 1
976 ORDER 1189 50 30 55 43 0
977 ORDER 1190 38 24 50 43 1
978 ORDER 1191 28 27 3 8 1
979 ORDER 1192 6 21 58 43 0
980 ORDER 1193 6 32 47 43 0
981 ORDER 1194 23 11 1 15 0
982 ORDER 1195 20 20 25 44 1
983 ORDER 1196 21 23 38 43 1
983 ORDER 1197 6 11 2 20 0
984 ORDER 1198 15 14 7 43 0
985 ORDER 1199 17 5 1 40 1
986 ORDER 1200 39 21 2 33 0
987 ORDER 1201 16 32 2 24 0
988 ORDER 1202 44 11 26 44 3
989 ORDER 1203 50 24 3 36 3
990 ORDER 1204 11 12 3 9 0
990 ORDER 1205 9 26 1 1 2
991 ORDER 1206 49 18 19 43 0
992 ORDER 1207 18 18 54 43 0
993 ORDER 1208 41 6 2 16 0
994 ORDER 1209 22 21 52 43 0
995 ORDER 1210 41 21 1 21 0
995 BLOCK 38 44
996 ORDER 1211 54 29 3 34 0
997 ORDER 1212 54 41 4 44 2
998 ORDER 1213 30 12 2 23 0
998 ORDER 1214 25 33 45 43 0
999 ORDER 1215 38 18 46 44 1
1000 ORDER 1216 15 11 38 44 0
1001 ORDER 1217 16 29 2 44 0
1001 ORDER 1218 46 5 2 38 1
1002 ORDER 1219 36 15 3 25 0
1003 ORDER 1220 27 12 27 44 0
1003 ORDER 1221 9 36 16 43 0
1004 ORDER 1222 52 20 1 40 0
1005 ORDER 1223 26 35 2 24 1
1006 ORDER 1224 31 5 28 44 0
1006 ORDER 1225 19 24 16 44 2
1007 ORDER 1226 18 32 2 10 1
1008 ORDER 1227 37 15 54 43 0
1009 ORDER 1228 49 9 29 44 1
1009 ORDER 1229 34 9 2 24 0
1010 ORDER 1230 46 12 54 43 0
1011 ORDER 1231 32 16 1 14 0
1012 ORDER 1232 16 32 9 44 2
1013 ORDER 1233 40 17 2 23 0
1014 ORDER 1234 32 12 2 12 0
1015 ORDER 1235 40 32 3 21 0
1015 ORDER 1236 23 30 2 12 1
1016 ORDER 1237 21 20 14 43 1
1017 ORDER 1238 9 8 5 44 2
1017 ORDER 1239 51 41 26 43 0
1018 ORDER 1240 37 14 3 26 0
1018 ORDER 1241 11 5 2 33 2
1019 ORDER 1242 52 18 2 3 0
1019 BLOCK 27 15
1020 ORDER 1243 36 36 1 3 0
1020 ORDER 1244 43 23 15 44 2
1021 ORDER 1245 19 39 50 44 0
1022 ORDER 1246 48 23 50 44 0
1023 ORDER 1247 29 27 1 42 1
1024 ORDER 1248 49 3 18 43 0
1025 ORDER 1249 37 32 2 18 0
1026 ORDER 1250 20 6 42 43 0
1027 ORDER 1251 24 29 3 30 0
1027 ORDER 1252 16 33 48 44 1
1028 ORDER 1253 28 38 1 16 1
1029 ORDER 1254 9 3 2 37 0
1030 ORDER 1255 36 38 2 22 0
1031 ORDER 1256 47 21 40 43 0
1032 ORDER 1257 7 30 2 6 1
1033 ORDER 1258 26 41 13 44 0
1034 ORDER 1259 35 24 50 43 1
1035 ORDER 1260 52 9 2 39 0
1036 ORDER 1261 35 37 46 43 0
1037 ORDER 1262 17 3 3 18 1
1037 ORDER 1263 16 3 17 44 0
1038 ORDER 1264 52 15 54 43 1
1039 ORDER 1265 50 20 41 43 1
1040 ORDER 1266 45 8 18 43 0
1041 ORDER 1267 24 38 1 12 0
1042 ORDER 1268 6 9 1 37 0
1043 ORDER 1269 21 3 14 43 0
1044 ORDER 1270 21 35 2 15 0
1045 ORDER 1271 11 36 1 6 0
1046 ORDER 1272 29 6 3 8 0
1047 ORDER 1273 17 6 50 44 1
1048 ORDER 1274 48 17 54 43 0
1049 ORDER 1275 26 38 14 43 1
1050 ORDER 1276 14 18 36 43 0
1051 ORDER 1277 30 8 9 44 0
1052 ORDER 1278 37 14 1 43 0
1053 ORDER 1279 46 8 38 44 1
1053 ORDER 1280 47 39 3 9 0
1054 ORDER 1281 47 17 14 44 1
1055 ORDER 1282 16 41 1 17 0
1056 ORDER 1283 15 3 12 44 1
1057 ORDER 1284 42 36 1 44 1
1058 ORDER 1285 32 35 1 1 2
1059 ORDER 1286 51 12 42 43 0
1060 ORDER 1287 25 38 3 38 0
1060 ORDER 1288 49 3 2 14 0
1061 ORDER 1289 24 35 2 19 1
1062 ORDER 1290 55 33 43 43 1
1062 ORDER 1291 14 18 54 43 0
1063 ORDER 1292 25 8 40 44 0
1064 ORDER 1293 49 24 30 44 0
1065 ORDER 1294 9 14 54 43 0
1066 ORDER 1295 8 38 2 43 1
1067 ORDER 1296 52 35 1 35 0
1068 ORDER 1297 48 38 55 43 0
1069 ORDER 1298 43 38 16 43 1
1070 ORDER 1299 33 24 36 44 3
1071 ORDER 1300 32 17 1 21 2
1072 ORDER 1301 29 6 12 44 0
1072 ORDER 1302 48 21 3 41 0
1073 ORDER 1303 51 3 1 1 1
1074 UNBLOCK 41 1
1074 ORDER 1304 6 41 45 44 0
1074 ORDER 1305 41 21 3 5 1
1075 ORDER 1306 31 5 2 18 0
1075 ORDER 1307 27 5 21 43 0
1076 ORDER 1308 51 9 44 44 1
1077 ORDER 1309 9 39 2 12 0
1078 ORDER 1310 28 39 2 9 1
1079 ORDER 1311 41 32 9 43 0
1080 ORDER 1312 6 41 14 44 0
1081 CANCEL 1270
1081 ORDER 1313 16 14 2 3 2
1082 ORDER 1314 41 11 1 32 1
1082 ORDER 1315 34 10 17 44 0
1083 ORDER 1316 9 15 31 44 0
1084 ORDER 1317 6 3 1 42 3
1085 ORDER 1318 42 20 3 16 1
1086 ORDER 1319 8 17 1 44 1
1087 ORDER 1320 8 38 17 43 3
1088 CANCEL 1305
1088 ORDER 1321 18 41 1 31 0
1089 ORDER 1322 19 20 55 44 0
1090 ORDER 1323 40 23 1 30 3
1091 ORDER 1324 38 23 3 44 1
1092 ORDER 1325 20 33 3 28 0
1092 ORDER 1326 8 32 3 11 0
1093 ORDER 1327 27 11 25 44 1
1094 ORDER 1328 18 11 2 2 0
1095 ORDER 1329 8 20 19 44 0
1096 ORDER 1330 38 41 1 3 0
1097 ORDER 1331 6 26 11 43 0
1098 ORDER 1332 19 12 39 43 0
1099 ORDER 1333 37 30 3 2 2
1100 ORDER 1334 26 33 1 42 0
1101 ORDER 1335 7 32 3 36 0
1102 CANCEL 1276
1102 ORDER 1336 39 30 42 43 0
1103 ORDER 1337 20 33 3 31 0
1104 ORDER 1338 30 20 10 44 0
1105 ORDER 1339 6 38 10 44 0
1105 ORDER 1340 53 36 47 44 2
1106 ORDER 1341 18 12 2 26 0
1107 ORDER 1342 32 17 1 7 2
1108 ORDER 1343 18 23 1 28 0
1109 ORDER 1344 44 9 3 24 1
1109 ORDER 1345 18 17 57 43 1
1110 ORDER 1346 30 35 1 37 0
1111 ORDER 1347 48 36 23 43 0
1112 UNBLOCK 38 44
1112 ORDER 1348 16 11 3 16 2
1113 ORDER 1349 6 26 3 31 0
1114 ORDER 1350 55 15 40 43 0
1114 ORDER 1351 11 39 2 32 0
1115 ORDER 1352 12 32 58 44 0
1115 ORDER 1353 46 41 2 37 0
1116 ORDER 1354 46 38 28 43 0
1117 ORDER 1355 22 3 37 43 0
1118 ORDER 1356 23 9 1 1 0
1118 ORDER 1357 31 14 2 23 1
1119 ORDER 1358 32 15 17 43 1
1120 ORDER 1359 26 11 2 30 0
1120 BLOCK 38 24
1121 ORDER 1360 48 8 3 20 0
1122 CANCEL 1219
1122 ORDER 1361 53 20 11 44 0
1123 ORDER 1362 35 27 46 44 0
1123 ORDER 1363 43 27 1 4 0
1124 ORDER 1364 29 17 1 39 0
1124 BLOCK 55 12
1125 UNBLOCK 27 15
1125 ORDER 1365 52 11 25 44 0
1126 ORDER 1366 32 20 1 41 1
1127 ORDER 1367 38 29 37 44 0
1128 ORDER 1368 9 6 2 19 0
1129 ORDER 1369 9 39 3 34 1
1130 ORDER 1370 22 23 3 1 1
1131 ORDER 1371 6 24 3 39 1
1132 CANCEL 1181
1132 ORDER 1372 49 27 28 43 2
1132 ORDER 1373 15 41 45 43 0
1133 ORDER 1374 37 30 3 3 1
1134 ORDER 1375 15 32 2 37 0
1135 ORDER 1376 48 38 44 43 2
1135 ORDER 1377 54 9 1 5 0
1136 ORDER 1378 20 39 14 44 0
1137 ORDER 1379 28 29 2 14 0
1138 ORDER 1380 20 35 1 32 1
1139 ORDER 1381 54 17 25 43 1
1140 ORDER 1382 14 19 3 40 0
1141 ORDER 1383 47 20 46 43 0
1142 ORDER 1384 26 35 1 22 0
1142 ORDER 1385 43 9 3 34 3
1143 ORDER 1386 19 18 9 44 2
1144 ORDER 1387 12 3 9 44 1
1145 ORDER 1388 52 33 2 1 0
1145 ORDER 1389 26 32 53 43 2
1145 BLOCK 13 12
1146 ORDER 1390 26 30 3 27 0
1147 ORDER 1391 46 26 52 43 1
1148 ORDER 1392 11 32 2 32 0
1149 ORDER 1393 23 38 23 43 1
1150 ORDER 1394 36 38 35 44 0
1151 ORDER 1395 39 6 2 41 3
1152 ORDER 1396 16 9 45 43 1
1153 ORDER 1397 30 15 55 43 0
1153 ORDER 1398 52 21 38 44 3
1154 ORDER 1399 40 6 1 25 1
1155 ORDER 1400 41 23 2 36 0
1156 ORDER 1401 26 24 2 8 0
1157 ORDER 1402 36 12 2 5 3
1157 ORDER 1403 35 39 3 14 0
1158 ORDER 1404 7 27 2 22 0
1158 ORDER 1405 24 24 1 31 1
1159 ORDER 1406 35 41 2 43 0
1160 ORDER 1407 49 9 3 1 0
1161 ORDER 1408 19 29 31 43 0
1161 ORDER 1409 9 32 54 44 0
1162 ORDER 1410 52 15 49 44 1
1163 ORDER 1411 26 5 49 43 2
1164 UNBLOCK 55 12
1164 ORDER 1412 12 11 2 6 0
1165 ORDER 1413 43 29 1 28 0
1166 ORDER 1414 53 33 45 44 1
1167 ORDER 1415 34 18 22 43 0
1168 ORDER 1416 31 11 36 44 1
1169 ORDER 1417 54 30 2 44 1
1169 ORDER 1418 30 8 3 35 0
1170 ORDER 1419 9 39 44 43 1
1171 ORDER 1420 44 35 24 43 2
1172 ORDER 1421 38 27 18 44 3
1173 ORDER 1422 53 23 3 11 1
1174 ORDER 1423 39 32 1 2 0
1175 ORDER 1424 16 38 56 43 0
1176 ORDER 1425 25 36 46 44 0
1177 ORDER 1426 35 27 23 44 0
1178 ORDER 1427 36 11 15 44 0
1179 CANCEL 1380
1179 ORDER 1428 45 30 1 16 0
1179 BLOCK 36 35
1180 ORDER 1429 27 9 2 4 0
1181 ORDER 1430 47 18 1 21 1
1181 ORDER 1431 23 3 2 31 2
1182 ORDER 1432 41 39 3 30 0
1182 ORDER 1433 35 9 27 43 0
1183 ORDER 1434 50 30 3 28 1
1184 ORDER 1435 31 35 11 44 0
1185 ORDER 1436 51 32 26 44 1
1186 UNBLOCK 13 12
1186 ORDER 1437 30 20 1 34 3
1187 ORDER 1438 46 9 22 44 2
1188 ORDER 1439 12 5 37 44 1
1189 ORDER 1440 53 9 1 19 2
1189 ORDER 1441 16 30 21 44 0
1190 ORDER 1442 26 36 57 43 0
1191 ORDER 1443 27 21 46 44 1
1192 ORDER 1444 9 32 3 34 1
1193 ORDER 1445 6 36 40 43 0
1194 ORDER 1446 19 20 3 44 0
1195 ORDER 1447 24 9 3 26 0
1196 ORDER 1448 16 14 3 3 0
1196 ORDER 1449 49 24 36 43 0
1197 ORDER 1450 43 21 23 44 0
1198 ORDER 1451 17 20 55 44 0
1199 ORDER 1452 43 27 28 43 0
1200 ORDER 1453 20 9 2 6 0
1200 ORDER 1454 39 22 20 44 0
1201 ORDER 1455 9 32 1 4 1
1202 ORDER 1456 41 18 1 18 0
1203 ORDER 1457 26 26 46 43 2
1204 ORDER 1458 19 38 47 43 1
1205 ORDER 1459 25 14 3 2 2
1205 ORDER 1460 24 39 32 44 0
1206 ORDER 1461 46 5 3 5 1
1207 ORDER 1462 7 39 3 26 0
1207 ORDER 1463 52 11 28 43 1
1208 ORDER 1464 19 6 2 10 1
1208 ORDER 1465 17 6 7 43 0
1209 ORDER 1466 12 32 45 44 0
1210 ORDER 1467 41 6 1 12 0
1210 ORDER 1468 50 14 1 38 1
1211 ORDER 1469 43 21 2 27 0
1212 ORDER 1470 35 32 1 9 0
1213 ORDER 1471 7 29 3 18 0
1213 ORDER 1472 14 26 6 43 1
1214 ORDER 1473 13 17 3 21 0
1215 ORDER 1474 24 33 2 31 0
1216 ORDER 1475 21 30 38 44 2
1217 ORDER 1476 24 18 29 43 1
1218 ORDER 1477 53 23 23 43 0
1219 ORDER 1478 7 23 3 4 1
1220 ORDER 1479 28 26 2 11 0
1221 ORDER 1480 31 5 56 44 0
1222 UNBLOCK 36 35
1222 ORDER 1481 14 20 14 44 2
1223 ORDER 1482 53 34 2 42 1
1224 ORDER 1483 41 23 23 43 1
1225 ORDER 1484 39 32 1 26 2
1226 ORDER 1485 30 41 7 44 2
1227 ORDER 1486 46 9 3 20 0
1228 ORDER 1487 54 27 45 44 1
1229 ORDER 1488 39 5 2 17 0
1229 ORDER 1489 27 21 55 43 0
1230 ORDER 1490 6 20 3 32 0
1230 ORDER 1491 44 21 23 43 1
1231 ORDER 1492 20 39 3 31 0
1232 UNBLOCK 38 24
1232 ORDER 1493 31 11 24 44 3
1232 ORDER 1494 49 4 2 28 0
1233 ORDER 1495 7 38 52 43 1
1234 ORDER 1496 27 11 1 32 0
1235 ORDER 1497 17 27 39 44 1
1236 ORDER 1498 37 23 3 22 1
1236 ORDER 1499 19 38 1 30 0
1237 ORDER 1500 29 18 13 44 0
1238 ORDER 1501 28 28 35 43 0
1238 ORDER 1502 32 29 49 44 0
1239 ORDER 1503 44 39 3 7 0
1240 ORDER 1504 14 36 51 43 1
1241 ORDER 1505 8 27 3 26 0
1242 ORDER 1506 6 14 2 29 0
1243 ORDER 1507 38 30 2 5 0
1244 ORDER 1508 51 8 3 1 1
1245 ORDER 1509 40 18 2 21 1
1245 ORDER 1510 8 12 3 22 1
1246 ORDER 1511 25 12 19 44 0
1247 ORDER 1512 50 21 50 44 0
1247 BLOCK 5 42
1248 ORDER 1513 22 30 2 30 0
1249 ORDER 1514 26 39 3 40 0
1250 ORDER 1515 44 41 1 33 1
1251 ORDER 1516 41 18 57 44 1
1252 ORDER 1517 47 21 23 44 0
1253 ORDER 1518 20 6 1 36 0
1253 ORDER 1519 19 24 51 44 0
1254 ORDER 1520 27 26 10 43 0
1254 ORDER 1521 7 6 1 37 0
1255 ORDER 1522 6 15 27 43 1
1256 ORDER 1523 16 38 3 41 2
1257 ORDER 1524 15 32 35 44 1
1258 ORDER 1525 38 32 1 23 0
1259 ORDER 1526 33 36 3 4 1
1260 ORDER 1527 18 5 16 44 0
1261 ORDER 1528 21 32 3 38 2
1262 ORDER 1529 44 3 3 37 2
1262 ORDER 1530 29 36 9 44 0
1263 ORDER 1531 51 9 3 37 1
1264 ORDER 1532 6 8 1 22 1
1265 ORDER 1533 39 12 40 43 0
1266 ORDER 1534 50 5 51 43 0
1267 ORDER 1535 36 8 1 8 1
1268 CANCEL 1479
1268 ORDER 1536 55 41 3 33 0
1269 ORDER 1537 31 17 2 16 0
1270 ORDER 1538 42 29 19 43 0
1271 ORDER 1539 23 23 1 6 0
1272 ORDER 1540 12 12 45 43 3
1273 ORDER 1541 51 8 8 43 0
1274 CANCEL 1410
1274 ORDER 1542 40 30 32 44 2
1275 ORDER 1543 18 39 1 7 0
1275 ORDER 1544 8 3 2 35 1
1276 ORDER 1545 21 30 1 33 1
1277 ORDER 1546 27 11 1 14 1
1277 BLOCK 44 6
1278 ORDER 1547 38 8 3 6 0
1279 ORDER 1548 26 9 47 44 0
1280 ORDER 1549 39 11 16 43 1
1281 ORDER 1550 10 39 3 33 0
1281 ORDER 1551 26 15 46 43 0
1282 ORDER 1552 46 14 2 9 0
1283 ORDER 1553 48 5 1 43 3
1284 ORDER 1554 29 27 3 5 0
1285 ORDER 1555 30 12 2 40 1
1286 ORDER 1556 54 15 22 43 1
1287 ORDER 1557 30 8 1 13 1
1288 ORDER 1558 44 26 27 44 0
1289 ORDER 1559 50 27 41 44 3
1289 ORDER 1560 49 8 2 7 0
1290 ORDER 1561 50 23 14 43 1
1290 BLOCK 40 18
1291 CANCEL 1383
1291 ORDER 1562 28 5 3 15 0
1292 ORDER 1563 17 23 12 43 1
1293 ORDER 1564 52 8 30 43 1
1294 ORDER 1565 39 12 6 43 0
1294 ORDER 1566 18 26 2 11 0
1295 ORDER 1567 52 11 2 3 0
1295 ORDER 1568 11 5 42 43 1
1296 ORDER 1569 7 15 21 44 0
1297 ORDER 1570 44 41 20 44 1
1298 ORDER 1571 24 11 24 44 1
1298 ORDER 1572 44 8 5 43 0
1299 ORDER 1573 55 23 3 17 0
1300 ORDER 1574 11 15 13 43 0
1301 ORDER 1575 52 23 1 42 0
1302 ORDER 1576 17 26 28 43 0
1303 ORDER 1577 37 29 37 43 0
1304 ORDER 1578 17 11 2 44 0
1305 ORDER 1579 18 11 2 26 1
1305 ORDER 1580 50 6 2 26 0
1306 ORDER 1581 11 35 2 12 0
1307 ORDER 1582 45 33 10 44 3
1308 ORDER 1583 49 14 35 43 1
1308 ORDER 1584 28 5 13 43 0
1309 ORDER 1585 18 29 32 43 0
1309 ORDER 1586 6 3 1 24 1
1310 ORDER 1587 32 12 2 31 1
1311 ORDER 1588 18 41 3 24 0
1312 ORDER 1589 41 17 20 44 0
1313 ORDER 1590 29 6 6 43 0
1314 ORDER 1591 16 15 17 44 1
1315 ORDER 1592 18 26 2 12 3
1316 ORDER 1593 43 9 11 43 0
1316 ORDER 1594 45 32 34 43 0
1317 ORDER 1595 17 5 1 41 2
1317 ORDER 1596 22 23 29 44 0
1318 ORDER 1597 28 36 50 44 2
1319 ORDER 1598 46 20 2 17 1
1320 ORDER 1599 12 12 42 43 0
1321 ORDER 1600 21 39 3 9 0
1322 ORDER 1601 9 17 2 24 3
1323 ORDER 1602 55 15 2 32 1
1324 CANCEL 1518
1324 ORDER 1603 47 30 57 43 0
1325 ORDER 1604 52 17 51 43 1
1326 UNBLOCK 5 42
1326 UNBLOCK 44 6
1326 ORDER 1605 23 38 2 4 0
1327 ORDER 1606 9 21 3 30 0
1328 ORDER 1607 23 38 3 24 1
1328 ORDER 1608 15 14 3 36 0
1329 ORDER 1609 11 6 3 36 0
1330 ORDER 1610 20 20 15 43 1
1331 ORDER 1611 41 32 1 31 1
1332 ORDER 1612 44 3 1 19 0
1333 ORDER 1613 28 21 30 44 2
1334 ORDER 1614 22 38 41 43 0
1335 ORDER 1615 20 41 2 31 0
1336 ORDER 1616 19 17 2 36 1
1337 ORDER 1617 51 9 3 36 0
1338 ORDER 1618 26 30 2 43 2
1339 ORDER 1619 6 26 1 2 1
1340 ORDER 1620 44 23 29 44 0
1341 ORDER 1621 42 21 2 33 0
1342 ORDER 1622 31 35 1 10 0
1343 ORDER 1623 6 8 35 43 0
1343 ORDER 1624 17 36 7 44 0
1343 BLOCK 49 12
1344 ORDER 1625 23 32 39 44 0
1345 ORDER 1626 51 23 48 43 2
1346 ORDER 1627 9 9 3 17 0
1346 ORDER 1628 30 18 1 26 0
1347 ORDER 1629 37 18 4 44 1
1348 ORDER 1630 34 32 3 11 0
1348 ORDER 1631 49 20 1 13 0
1349 ORDER 1632 52 23 3 29 0
1350 ORDER 1633 10 9 1 7 1
1351 ORDER 1634 44 5 3 34 1
1352 ORDER 1635 24 38 2 40 0
1353 ORDER 1636 16 32 40 43 0
1354 ORDER 1637 39 12 3 26 0
1355 ORDER 1638 30 22 17 43 0
1356 ORDER 1639 7 39 47 44 1
1357 CANCEL 1509
1357 ORDER 1640 55 6 37 44 2
1358 ORDER 1641 26 36 2 4 2
1359 ORDER 1642 44 6 3 9 0
1360 ORDER 1643 47 3 2 32 2
1361 ORDER 1644 20 8 2 2 1
1361 ORDER 1645 51 3 52 43 1
1362 ORDER 1646 8 35 51 44 0
1362 ORDER 1647 38 14 1 42 1
1363 ORDER 1648 53 9 1 29 0
1364 ORDER 1649 54 39 3 5 0
1365 ORDER 1650 32 35 3 4 0
1366 ORDER 1651 9 24 56 43 2
1367 ORDER 1652 31 17 3 5 0
1368 ORDER 1653 52 35 47 43 1
1369 ORDER 1654 23 11 55 43 0
1370 ORDER 1655 44 38 1 15 1
1371 ORDER 1656 38 14 2 37 0
1372 ORDER 1657 49 24 1 34 0
1372 ORDER 1658 46 29 1 30 0
1373 ORDER 1659 28 8 9 44 1
1373 ORDER 1660 34 11 2 5 1
1374 ORDER 1661 6 35 1 43 0
1375 ORDER 1662 38 21 1 35 1
1375 ORDER 1663 40 23 2 41 0
1376 ORDER 1664 51 21 3 28 0
1377 ORDER 1665 18 39 3 8 0
1377 ORDER 1666 47 5 41 43 0
1378 ORDER 1667 49 24 32 43 0
1379 ORDER 1668 52 33 1 8 0
1380 ORDER 1669 33 11 1 17 3
1381 ORDER 1670 43 23 43 44 2
1382 ORDER 1671 29 17 1 1 0
1383 ORDER 1672 7 39 2 34 0
1384 ORDER 1673 28 8 1 33 1
1385 ORDER 1674 22 30 2 22 1
1386 ORDER 1675 29 20 20 43 0
1387 CANCEL 1566
1387 ORDER 1676 9 18 2 11 2
1388 ORDER 1677 51 6 4 43 1
1388 ORDER 1678 32 9 3 1 0
1389 ORDER 1679 12 11 38 44 0
1390 ORDER 1680 19 20 2 15 0
1391 ORDER 1681 16 17 2 19 0
1392 ORDER 1682 50 23 5 44 1
1393 ORDER 1683 47 17 3 10 0
1394 ORDER 1684 44 33 1 6 0
1395 ORDER 1685 41 23 2 16 1
1396 UNBLOCK 40 18
1396 ORDER 1686 26 15 40 43 1
1396 ORDER 1687 47 3 2 29 1
1397 ORDER 1688 15 36 1 21 2
1398 ORDER 1689 7 29 1 39 3
1398 ORDER 1690 19 35 1 16 0
1399 ORDER 1691 37 18 24 43 1
1400 ORDER 1692 51 21 54 43 2
1401 ORDER 1693 20 23 1 34 0
1401 ORDER 1694 15 5 40 44 1
1402 ORDER 1695 37 38 42 43 1
1403 ORDER 1696 10 6 3 2 3
1404 ORDER 1697 23 5 3 37 1
1405 ORDER 1698 44 8 1 27 0
1406 ORDER 1699 48 41 6 44 0
1407 ORDER 1700 39 8 26 43 0
1408 ORDER 1701 23 23 1 43 0
1409 ORDER 1702 27 38 5 43 2
1410 ORDER 1703 55 38 52 43 0
1411 ORDER 1704 8 17 40 43 1
1412 ORDER 1705 12 30 10 43 1
1413 ORDER 1706 41 26 1 7 0
1413 ORDER 1707 10 18 1 36 0
1414 ORDER 1708 32 13 16 44 1
1415 ORDER 1709 28 5 2 30 1
1415 ORDER 1710 39 20 1 38 0
1416 ORDER 1711 43 41 3 12 0
1417 ORDER 1712 28 29 35 43 1
1418 ORDER 1713 25 33 2 38 0
1419 ORDER 1714 14 20 13 43 1
1420 ORDER 1715 9 23 42 43 0
1421 ORDER 1716 40 5 23 44 2
1422 ORDER 1717 7 18 13 44 0
1423 ORDER 1718 12 32 1 8 0
1424 UNBLOCK 49 12
1424 ORDER 1719 38 18 2 38 1
1424 ORDER 1720 43 13 3 27 0
1425 ORDER 1721 45 5 27 43 0
1425 ORDER 1722 7 33 50 44 0
1426 ORDER 1723 18 35 1 35 1
1426 ORDER 1724 18 26 2 37 1
1427 ORDER 1725 26 32 1 40 0
1428 ORDER 1726 46 33 45 44 1
1429 ORDER 1727 12 11 1 25 3
1429 BLOCK 16 41
1430 ORDER 1728 44 22 1 31 0
1431 ORDER 1729 20 8 32 44 1
1432 ORDER 1730 15 41 1 27 0
1433 ORDER 1731 21 27 9 44 0
1434 ORDER 1732 47 20 2 21 0
1435 ORDER 1733 17 23 1 7 0
1436 ORDER 1734 11 6 1 9 0
1437 ORDER 1735 28 8 1 13 0
1438 ORDER 1736 23 18 56 43 0
1439 ORDER 1737 55 11 2 19 2
1440 ORDER 1738 46 12 58 44 0
1441 ORDER 1739 12 3 2 27 1
1442 ORDER 1740 48 17 3 25 0
1443 ORDER 1741 55 39 41 43 3
1444 ORDER 1742 50 21 3 17 0
1445 ORDER 1743 26 32 37 43 0
1446 ORDER 1744 14 35 3 5 1
1447 ORDER 1745 49 6 2 41 0
1447 ORDER 1746 38 17 6 43 0
1448 ORDER 1747 47 24 2 34 0
1449 ORDER 1748 22 20 34 44 1
1450 ORDER 1749 36 30 34 44 2
1451 ORDER 1750 10 3 1 31 0
1452 ORDER 1751 52 23 3 24 0
1452 ORDER 1752 27 39 44 44 0
1453 ORDER 1753 15 41 1 38 0
1454 ORDER 1754 52 21 2 36 0
1455 ORDER 1755 8 29 2 30 0
1456 ORDER 1756 29 14 3 20 0
1457 ORDER 1757 19 17 2 39 0
1458 ORDER 1758 41 17 2 22 0
1458 ORDER 1759 50 18 55 44 0
1459 ORDER 1760 46 38 3 5 0
1460 ORDER 1761 12 27 42 43 0
1461 ORDER 1762 18 27 1 30 1
1462 ORDER 1763 46 3 21 43 0
1463 ORDER 1764 32 29 42 43 1
1464 ORDER 1765 12 30 54 44 0
1465 ORDER 1766 50 24 10 44 0
1465 ORDER 1767 19 12 1 5 1
1466 ORDER 1768 14 24 1 35 1
1467 ORDER 1769 13 29 3 38 0
1468 ORDER 1770 9 35 1 19 0
1469 ORDER 1771 49 14 2 36 3
1470 ORDER 1772 40 21 2 22 1
1471 ORDER 1773 11 3 3 37 1
1472 ORDER 1774 29 5 3 25 2
1472 ORDER 1775 24 35 44 43 0
1473 ORDER 1776 49 3 2 9 0
1473 ORDER 1777 47 21 8 43 0
1474 ORDER 1778 18 32 19 44 0
1475 ORDER 1779 29 39 1 7 0
1476 ORDER 1780 26 35 3 23 0
1477 ORDER 1781 51 12 1 30 2
1477 ORDER 1782 26 27 8 43 3
1478 ORDER 1783 18 38 3 18 0
1479 ORDER 1784 28 41 2 26 0
1480 ORDER 1785 25 29 3 21 0
1481 ORDER 1786 25 29 3 25 0
1482 ORDER 1787 47 23 54 44 0
1483 ORDER 1788 37 39 2 10 3
1484 ORDER 1789 41 29 54 43 0
1485 ORDER 1790 6 12 3 21 0
1486 ORDER 1791 29 3 39 43 0
1487 ORDER 1792 39 33 32 43 0
1488 ORDER 1793 15 9 24 43 0
1489 ORDER 1794 6 17 2 26 0
1490 ORDER 1795 50 27 23 44 1
1491 ORDER 1796 10 36 40 43 1
1492 ORDER 1797 28 38 51 44 0
1493 ORDER 1798 49 21 49 44 0
1494 ORDER 1799 37 8 33 43 0
1494 BLOCK 21 26
1495 ORDER 1800 39 38 1 31 1
1495 ORDER 1801 38 32 14 44 0
1496 ORDER 1802 49 20 22 43 0
1497 ORDER 1803 29 36 32 44 0
1498 ORDER 1804 31 12 2 17 2
1498 ORDER 1805 44 9 41 43 0
1499 UNBLOCK 16 41
1499 ORDER 1806 51 41 2 2 1
1500 ORDER 1807 21 17 3 8 1
1501 ORDER 1808 8 14 38 43 1
1502 ORDER 1809 49 21 39 43 3
1502 ORDER 1810 9 30 30 44 0
1502 BLOCK 18 9
1503 ORDER 1811 46 14 24 43 0
1503 ORDER 1812 55 38 34 44 0
1504 ORDER 1813 41 17 2 17 0
1504 ORDER 1814 17 41 19 43 0
1505 ORDER 1815 17 30 1 26 3
1505 ORDER 1816 35 9 2 3 0
1506 ORDER 1817 50 32 2 2 0
1506 ORDER 1818 36 8 3 28 0
1507 ORDER 1819 37 5 58 44 3
1508 ORDER 1820 32 35 1 25 0
1509 ORDER 1821 40 35 2 35 1
1510 ORDER 1822 18 9 26 43 0
1511 ORDER 1823 49 30 1 41 0
1512 ORDER 1824 14 36 1 33 0
1513 ORDER 1825 15 3 34 44 1
1514 ORDER 1826 49 8 1 22 0
1515 ORDER 1827 38 30 29 43 0
1515 ORDER 1828 36 23 3 19 0
1516 ORDER 1829 29 3 1 33 0
1517 ORDER 1830 24 20 38 44 1
1517 ORDER 1831 40 27 1 10 1
1518 ORDER 1832 38 26 7 44 1
1519 ORDER 1833 13 29 2 21 3
1520 ORDER 1834 9 33 1 24 0
1521 ORDER 1835 45 11 3 3 1
1522 ORDER 1836 21 18 2 42 2
1522 ORDER 1837 26 24 27 44 0
1523 ORDER 1838 26 29 1 40 1
1524 ORDER 1839 6 24 26 44 2
1525 ORDER 1840 19 41 38 43 0
1525 ORDER 1841 36 9 44 44 0
1526 ORDER 1842 29 18 21 44 0
1527 ORDER 1843 17 17 35 44 0
1528 ORDER 1844 48 15 3 11 1
1529 ORDER 1845 16 33 3 12 0
1530 ORDER 1846 47 21 2 9 2
1531 ORDER 1847 20 8 1 12 0
1532 ORDER 1848 45 3 31 43 2
1532 BLOCK 51 16
1533 ORDER 1849 26 33 2 40 2
1534 ORDER 1850 37 12 2 20 1
1535 ORDER 1851 55 9 50 44 1
1536 ORDER 1852 44 32 3 16 0
1537 ORDER 1853 10 30 1 41 1
1538 ORDER 1854 46 29 3 10 0
1539 ORDER 1855 39 14 56 44 3
1540 ORDER 1856 7 38 41 43 0
1541 ORDER 1857 33 9 44 44 0
1542 ORDER 1858 24 38 51 43 0
1542 ORDER 1859 36 24 37 43 0
1543 ORDER 1860 10 37 57 43 0
1544 ORDER 1861 24 24 3 44 0
1545 CANCEL 1710
1545 ORDER 1862 6 41 24 43 0
1546 ORDER 1863 22 15 2 24 1
1547 ORDER 1864 12 12 34 44 0
1548 ORDER 1865 35 14 2 11 0
1549 ORDER 1866 18 12 20 43 1
1550 ORDER 1867 12 27 2 26 0
1550 ORDER 1868 41 17 2 13 0
1551 ORDER 1869 55 33 4 43 0
1552 ORDER 1870 17 41 1 25 0
1553 ORDER 1871 27 33 1 44 1
1554 ORDER 1872 49 30 54 43 2
1555 ORDER 1873 16 3 44 44 1
1556 ORDER 1874 11 32 2 32 0
1557 ORDER 1875 6 36 29 44 0
1558 CANCEL 1747
1558 ORDER 1876 6 27 2 16 0
1559 ORDER 1877 21 5 3 3 1
1560 ORDER 1878 47 30 1 4 0
1560 ORDER 1879 9 3 50 43 0
1561 ORDER 1880 38 36 34 43 0
1562 ORDER 1881 19 30 2 11 0
1563 ORDER 1882 40 32 2 31 0
1563 ORDER 1883 34 30 2 41 0
1564 ORDER 1884 26 15 5 44 0
1565 ORDER 1885 32 18 39 44 0
1566 ORDER 1886 7 36 1 30 2
1567 ORDER 1887 16 39 30 43 1
1568 ORDER 1888 26 3 29 44 0
1569 ORDER 1889 26 32 47 44 1
1570 ORDER 1890 37 21 24 43 0
1571 ORDER 1891 25 17 19 43 0
1572 ORDER 1892 11 41 3 33 0
1573 ORDER 1893 36 30 24 43 0
1573 ORDER 1894 50 5 37 43 0
1574 UNBLOCK 51 16
1574 ORDER 1895 54 39 2 4 0
1575 ORDER 1896 46 38 40 43 2
1576 ORDER 1897 48 8 18 43 0
1577 CANCEL 1720
1577 ORDER 1898 35 3 41 43 0
1578 ORDER 1899 8 29 43 44 0
1579 CANCEL 1815
1579 ORDER 1900 20 5 1 42 0
1580 ORDER 1901 7 36 1 33 0
1581 ORDER 1902 31 18 2 23 1
1582 ORDER 1903 44 3 1 38 0
1583 ORDER 1904 39 6 57 43 0
1584 ORDER 1905 11 3 3 29 0
1585 ORDER 1906 44 8 1 5 0
1586 ORDER 1907 37 27 1 25 1
1587 ORDER 1908 46 14 1 4 0
1588 ORDER 1909 10 23 3 26 1
1589 ORDER 1910 27 9 24 43 1
1590 ORDER 1911 15 33 2 38 0
1591 ORDER 1912 40 30 36 44 0
1592 ORDER 1913 48 24 3 27 1
1593 UNBLOCK 21 26
1593 ORDER 1914 30 5 3 24 0
1594 ORDER 1915 28 6 1 24 1
1595 ORDER 1916 44 41 53 43 1
1596 ORDER 1917 14 26 2 42 0
1597 ORDER 1918 48 5 25 43 1
1597 ORDER 1919 46 39 26 43 0
1598 ORDER 1920 45 33 22 43 0
1599 ORDER 1921 41 39 3 26 1
1600 ORDER 1922 44 17 2 3 0
1600 ORDER 1923 50 8 20 44 0
1601 ORDER 1924 51 41 1 38 0
1602 ORDER 1925 27 32 2 8 1
1603 ORDER 1926 47 8 1 11 1
1604 ORDER 1927 35 38 11 44 2
1605 ORDER 1928 8 15 3 44 1
1606 ORDER 1929 55 33 3 9 0
1607 UNBLOCK 18 9
1607 ORDER 1930 21 6 3 33 1
1608 ORDER 1931 30 20 3 37 1
1609 ORDER 1932 20 15 2 35 0
1610 ORDER 1933 27 23 1 4 0
1611 ORDER 1934 11 3 6 43 1
1612 ORDER 1935 10 38 1 43 1
1613 ORDER 1936 35 38 20 43 0
1614 ORDER 1937 6 38 10 43 0
1615 ORDER 1938 41 41 2 36 2
1616 ORDER 1939 21 18 35 43 2
1617 ORDER 1940 52 20 13 44 2
1618 ORDER 1941 33 20 2 39 1
1619 ORDER 1942 43 29 3 19 0
1620 ORDER 1943 25 36 3 6 0
1620 ORDER 1944 38 15 3 20 0
1621 ORDER 1945 47 14 8 43 0
1621 ORDER 1946 6 41 1 6 0
1622 ORDER 1947 13 20 2 43 1
1622 ORDER 1948 40 30 22 43 0
1623 ORDER 1949 42 14 2 42 1
1624 ORDER 1950 13 29 2 5 0
1625 ORDER 1951 15 39 43 44 0
1626 ORDER 1952 49 5 6 43 0
1627 ORDER 1953 26 5 15 44 0
1628 ORDER 1954 22 36 20 44 3
1629 ORDER 1955 55 9 2 6 0
1630 ORDER 1956 44 6 2 34 0
1631 ORDER 1957 15 26 42 44 3
1632 ORDER 1958 33 21 1 30 0
1633 ORDER 1959 30 24 1 35 0
1634 ORDER 1960 45 35 5 43 1
1634 ORDER 1961 36 32 11 44 0
1635 ORDER 1962 20 29 2 2 1
1636 ORDER 1963 31 18 1 23 0
1636 ORDER 1964 27 38 55 44 1
1637 ORDER 1965 51 27 3 44 0
1637 ORDER 1966 27 30 2 11 1
1638 ORDER 1967 28 12 1 11 0
1639 ORDER 1968 10 3 3 13 3
1640 ORDER 1969 47 29 2 32 0
1641 ORDER 1970 17 33 16 43 1
1642 CANCEL 1888
1642 ORDER 1971 11 36 56 43 0
1642 ORDER 1972 46 29 24 44 1
1643 ORDER 1973 10 12 3 30 0
1644 ORDER 1974 16 3 29 44 0
1645 ORDER 1975 7 18 2 14 0
1646 ORDER 1976 30 18 36 44 3
1647 ORDER 1977 55 36 52 43 0
1648 ORDER 1978 36 14 1 41 1
1648 ORDER 1979 39 15 26 43 0
1649 ORDER 1980 39 24 27 44 1
1650 ORDER 1981 28 3 10 43 1
1651 ORDER 1982 54 22 5 44 0
1652 ORDER 1983 43 21 2 41 0
1653 ORDER 1984 20 20 11 44 0
1654 ORDER 1985 49 29 32 44 1
1655 ORDER 1986 39 38 2 43 1
1655 ORDER 1987 32 12 15 43 1
1656 ORDER 1988 21 30 9 44 0
1657 ORDER 1989 41 24 43 44 0
1658 ORDER 1990 46 41 3 10 1
1659 ORDER 1991 21 29 2 20 0
1659 ORDER 1992 31 20 24 43 0
1660 ORDER 1993 41 12 1 39 0
1660 BLOCK 38 9
1661 ORDER 1994 12 18 33 43 0
1662 ORDER 1995 19 27 2 12 0
1663 ORDER 1996 6 8 17 44 0
1664 ORDER 1997 18 32 3 16 2
1665 ORDER 1998 21 20 2 24 0
1666 ORDER 1999 34 6 16 43 1
1667 ORDER 2000 37 23 39 43 3
1668 ORDER 2001 25 14 44 44 0
1669 CANCEL 1984
1669 ORDER 2002 11 11 3 13 0
1670 ORDER 2003 33 41 2 37 1
1670 ORDER 2004 49 5 1 31 0
1671 ORDER 2005 36 24 31 44 0
1672 ORDER 2006 15 12 11 44 0
1672 ORDER 2007 17 24 1 44 3
1673 ORDER 2008 11 17 3 10 0
1673 ORDER 2009 16 3 56 44 0
1674 ORDER 2010 50 21 13 44 0
1674 ORDER 2011 11 29 1 11 0
1675 ORDER 2012 47 35 3 16 1
1676 ORDER 2013 26 12 15 44 1
1677 ORDER 2014 53 9 23 44 3
1678 ORDER 2015 42 9 42 43 2
1679 ORDER 2016 8 3 55 43 0
1680 ORDER 2017 17 33 1 41 0
1680 ORDER 2018 54 27 1 37 0
1681 ORDER 2019 52 23 2 18 0
1682 ORDER 2020 7 32 2 11 0
1683 ORDER 2021 18 23 19 43 0
1684 ORDER 2022 45 35 2 37 1
1685 ORDER 2023 37 14 43 43 3
1685 ORDER 2024 24 29 6 43 1
1686 ORDER 2025 30 6 39 44 0
1687 ORDER 2026 17 11 18 43 2
1688 ORDER 2027 31 14 48 44 0
1688 BLOCK 38 8
1689 ORDER 2028 46 27 18 44 2
1690 ORDER 2029 51 11 16 43 0
1691 ORDER 2030 53 23 1 6 0
1692 ORDER 2031 42 36 53 44 2
1692 ORDER 2032 52 3 18 43 0
1693 ORDER 2033 37 36 7 44 0
1694 CANCEL 1893
1694 ORDER 2034 47 29 5 43 0
1695 ORDER 2035 39 6 2 1 1
1695 ORDER 2036 52 14 2 2 2
1696 ORDER 2037 34 30 1 42 0
1697 ORDER 2038 7 3 34 43 1
1697 ORDER 2039 18 35 36 44 0
1698 ORDER 2040 32 18 2 19 1
1699 CANCEL 1920
1699 ORDER 2041 43 29 33 43 0
1700 ORDER 2042 26 15 1 23 0
1701 ORDER 2043 43 9 1 33 0
1701 ORDER 2044 51 33 3 18 1
1702 ORDER 2045 39 6 1 22 0
1703 ORDER 2046 38 6 5 44 1
1704 ORDER 2047 30 33 3 39 0
1705 ORDER 2048 46 24 2 30 0
1706 ORDER 2049 40 33 1 1 3
1707 ORDER 2050 17 30 12 44 0
1707 BLOCK 41 17
1708 ORDER 2051 36 27 2 9 1
1708 ORDER 2052 50 8 24 44 0
1709 ORDER 2053 7 15 43 44 0
1710 ORDER 2054 36 36 1 27 0
1711 ORDER 2055 10 26 3 23 2
1712 ORDER 2056 17 41 28 44 0
1713 ORDER 2057 16 5 50 44 1
1713 ORDER 2058 7 18 25 43 0
1714 ORDER 2059 12 18 41 44 0
1714 ORDER 2060 38 38 25 44 0
1715 ORDER 2061 50 32 10 43 0
1716 ORDER 2062 42 14 2 29 1
1717 ORDER 2063 42 38 14 44 0
1718 ORDER 2064 47 6 1 21 1
1718 ORDER 2065 52 41 1 33 0
1719 ORDER 2066 11 14 2 15 0
1720 ORDER 2067 9 20 28 44 1
1721 ORDER 2068 7 15 3 10 1
1722 ORDER 2069 11 12 2 12 0
1723 ORDER 2070 43 33 45 44 2
1724 ORDER 2071 15 11 3 23 0
1724 BLOCK 35 26
1725 ORDER 2072 52 20 2 18 3
1726 ORDER 2073 7 20 16 43 1
1726 ORDER 2074 38 14 37 44 0
1727 UNBLOCK 38 9
1727 ORDER 2075 17 41 3 28 0
1727 ORDER 2076 8 35 12 44 0
1728 CANCEL 1869
1728 ORDER 2077 36 27 3 27 0
1728 ORDER 2078 44 11 3 20 0
1729 UNBLOCK 38 8
1729 ORDER 2079 28 20 3 31 2
1730 ORDER 2080 20 34 23 44 0
1730 ORDER 2081 14 23 3 7 0
1731 ORDER 2082 18 26 49 44 0
1731 CANCEL 102082
1732 ORDER 2083 49 36 2 4 0
1733 ORDER 2084 15 39 9 43 0
1734 ORDER 2085 33 15 1 23 0
1735 ORDER 2086 18 15 1 31 0
1736 ORDER 2087 39 27 39 43 0
1736 ORDER 2088 31 17 12 44 0
1737 UNBLOCK 41 17
1737 ORDER 2089 40 29 2 13 0
1738 ORDER 2090 6 8 47 44 2
1739 ORDER 2091 28 35 3 4 1
1740 ORDER 2092 18 18 2 28 3
1741 ORDER 2093 55 23 3 38 0
1742 ORDER 2094 41 41 48 44 1
1743 ORDER 2095 10 6 3 42 0
1743 ORDER 2096 31 23 1 28 0
1744 ORDER 2097 24 33 3 4 0
1744 ORDER 2098 7 38 10 43 0
1745 ORDER 2099 55 17 1 12 0
1746 ORDER 2100 30 6 3 43 0
1747 ORDER 2101 30 23 38 43 0
1748 ORDER 2102 26 21 48 44 1
1748 ORDER 2103 21 26 2 39 0
1749 ORDER 2104 27 35 1 37 2
1749 ORDER 2105 54 33 3 17 0
1750 ORDER 2106 28 3 1 22 0
1751 ORDER 2107 50 26 40 44 1
1752 ORDER 2108 26 5 3 35 1
1753 ORDER 2109 18 26 55 44 0
1754 ORDER 2110 15 38 47 43 0
1754 ORDER 2111 8 9 2 11 0
1755 ORDER 2112 51 21 14 43 2
1756 ORDER 2113 35 41 2 4 0
1757 ORDER 2114 14 24 1 21 0
1758 ORDER 2115 39 38 1 12 1
1758 ORDER 2116 7 5 34 43 1
1759 ORDER 2117 36 35 27 44 1
1760 ORDER 2118 29 24 1 9 3
1761 ORDER 2119 54 41 1 11 0
1762 ORDER 2120 23 3 35 43 2
1763 ORDER 2121 9 11 2 14 0
1764 ORDER 2122 15 24 3 15 0
1765 ORDER 2123 49 24 1 24 0
1765 ORDER 2124 29 14 3 1 0
1766 ORDER 2125 36 32 2 39 0
1766 ORDER 2126 40 18 3 28 0
1767 CANCEL 2123
1767 ORDER 2127 36 15 15 44 0
1768 ORDER 2128 54 33 2 17 0
1768 ORDER 2129 25 17 46 43 0
1769 ORDER 2130 39 29 16 43 0
1770 ORDER 2131 55 30 43 43 0
1771 ORDER 2132 46 30 14 43 1
1772 ORDER 2133 11 23 39 44 0
1773 ORDER 2134 52 33 24 43 0
1774 ORDER 2135 43 39 28 44 2
1775 ORDER 2136 48 14 48 43 0
1776 ORDER 2137 10 5 48 43 0
1777 ORDER 2138 27 30 1 28 0
1778 ORDER 2139 17 18 3 29 1
1779 ORDER 2140 18 8 3 12 0
1779 ORDER 2141 55 24 1 20 1
1780 ORDER 2142 31 27 34 44 0
1781 ORDER 2143 46 36 2 24 1
1782 ORDER 2144 44 41 1 30 1
1783 ORDER 2145 38 15 46 43 3
1783 ORDER 2146 19 36 45 44 2
1784 ORDER 2147 51 26 50 43 0
1785 ORDER 2148 51 9 2 25 0
1786 ORDER 2149 50 14 3 43 0
1787 ORDER 2150 13 20 46 44 3
1788 ORDER 2151 32 18 5 43 1
1789 ORDER 2152 44 23 56 43 0
1790 ORDER 2153 38 14 3 6 1
1791 ORDER 2154 30 21 3 41 0
1791 BLOCK 12 15
1792 ORDER 2155 8 11 23 43 0
1793 ORDER 2156 10 36 3 1 1
1794 ORDER 2157 49 5 3 31 0
1794 ORDER 2158 35 14 2 21 3
1795 ORDER 2159 33 38 42 43 1
1796 ORDER 2160 14 38 2 23 0
1797 ORDER 2161 42 27 6 43 1
1798 ORDER 2162 44 8 2 1 0
1799 ORDER 2163 47 12 27 44 0
1800 ORDER 2164 6 29 45 43 0
1801 ORDER 2165 7 18 3 17 0
1801 ORDER 2166 30 15 3 17 0
1802 UNBLOCK 35 26
1802 ORDER 2167 45 36 2 7 0
1803 ORDER 2168 13 29 31 43 1
1804 ORDER 2169 41 41 25 43 0
1805 ORDER 2170 50 12 3 41 1
1806 ORDER 2171 31 33 2 40 0
1807 ORDER 2172 38 18 1 38 0
1808 ORDER 2173 30 15 3 8 0
1809 ORDER 2174 18 32 27 44 0
1810 CANCEL 2006
1810 ORDER 2175 34 18 29 44 3
1810 ORDER 2176 24 35 16 43 1
1811 ORDER 2177 32 20 1 29 2
1812 ORDER 2178 22 30 30 44 1
1813 ORDER 2179 8 3 3 37 1
1814 ORDER 2180 47 27 1 6 2
1814 ORDER 2181 32 23 14 44 0
1815 ORDER 2182 28 17 3 8 0
1816 ORDER 2183 38 21 1 1 1
1817 ORDER 2184 22 8 9 44 0
1818 ORDER 2185 19 36 8 43 0
1818 ORDER 2186 28 24 29 44 0
1819 ORDER 2187 37 4 1 5 0
1820 ORDER 2188 20 18 2 28 1
1821 ORDER 2189 53 11 1 42 0
1822 ORDER 2190 7 33 1 19 0
1822 ORDER 2191 18 3 2 14 0
1823 ORDER 2192 7 20 3 6 1
1824 ORDER 2193 34 41 3 35 0
1825 ORDER 2194 46 24 3 32 0
1825 ORDER 2195 29 3 3 3 0
1826 ORDER 2196 14 21 3 37 2
1827 ORDER 2197 29 18 53 44 0
1828 ORDER 2198 47 21 2 35 0
1829 ORDER 2199 43 39 54 44 3
1830 ORDER 2200 33 11 1 3 0
1830 ORDER 2201 53 21 50 44 0
1831 ORDER 2202 31 30 2 23 2
1832 ORDER 2203 10 29 41 44 3
1833 ORDER 2204 12 30 1 36 0
1834 ORDER 2205 16 33 1 18 0
1835 ORDER 2206 11 8 2 28 2
1835 ORDER 2207 54 29 2 13 1
1836 ORDER 2208 23 11 57 44 0
1837 ORDER 2209 33 23 42 43 0
1838 ORDER 2210 42 38 3 17 0
1839 ORDER 2211 40 27 49 43 1
1840 ORDER 2212 10 29 2 32 0
1841 ORDER 2213 52 15 55 44 1
1842 ORDER 2214 16 39 2 29 0
1843 ORDER 2215 24 24 3 19 2
1844 ORDER 2216 28 24 1 15 1
1845 ORDER 2217 30 30 57 43 0
1846 ORDER 2218 52 12 41 43 0
1846 ORDER 2219 9 17 2 42 0
1847 ORDER 2220 13 29 2 11 0
1848 ORDER 2221 9 24 2 3 0
1849 ORDER 2222 13 29 36 44 0
1850 ORDER 2223 47 26 46 43 1
1851 ORDER 2224 51 20 52 43 2
1851 ORDER 2225 49 29 54 43 0
1852 ORDER 2226 48 24 8 44 0
1853 ORDER 2227 13 20 57 43 0
1854 ORDER 2228 54 26 5 43 1
1855 ORDER 2229 34 39 38 43 0
1856 ORDER 2230 43 29 21 43 3
1857 ORDER 2231 39 21 3 1 0
1858 ORDER 2232 17 39 1 29 0
1859 ORDER 2233 28 27 2 26 0
1860 ORDER 2234 17 21 1 20 0
1861 ORDER 2235 34 39 40 44 0
1861 ORDER 2236 9 9 2 24 1
1862 ORDER 2237 29 33 2 14 0
1863 ORDER 2238 51 26 12 44 2
1864 ORDER 2239 47 27 21 43 3
1864 ORDER 2240 11 23 2 40 2
1865 ORDER 2241 37 21 2 11 3
1866 ORDER 2242 27 29 34 44 0
1867 UNBLOCK 12 15
1867 ORDER 2243 29 20 11 44 2
1868 ORDER 2244 49 29 35 43 0
1868 ORDER 2245 46 11 45 43 2
1869 ORDER 2246 8 41 4 43 2
1870 ORDER 2247 16 17 1 4 0
1871 ORDER 2248 8 15 38 44 0
1872 ORDER 2249 34 24 1 39 0
1873 ORDER 2250 26 5 55 44 1
1874 ORDER 2251 19 29 12 44 2
1875 ORDER 2252 19 20 3 32 0
1875 ORDER 2253 36 29 26 44 2
1876 ORDER 2254 20 9 44 43 1
1877 ORDER 2255 15 11 8 43 0
1877 ORDER 2256 33 11 15 44 0
1878 ORDER 2257 38 23 5 44 0
1879 ORDER 2258 26 5 34 43 1
1880 ORDER 2259 29 41 2 11 0
1880 ORDER 2260 40 14 50 44 0
1881 ORDER 2261 51 11 2 22 3
1882 ORDER 2262 9 15 3 6 0
1882 ORDER 2263 8 6 3 17 2
1883 ORDER 2264 53 17 3 6 2
1884 ORDER 2265 52 3 2 15 0
1885 ORDER 2266 39 36 35 43 1
1886 ORDER 2267 38 35 49 43 0
1887 ORDER 2268 38 21 21 43 3
1887 ORDER 2269 7 36 19 43 2
1888 ORDER 2270 38 21 1 24 0
1889 ORDER 2271 38 12 19 44 0
1890 ORDER 2272 24 39 1 29 1
1891 ORDER 2273 20 20 3 43 0
1892 ORDER 2274 20 32 37 44 0
1893 ORDER 2275 10 24 21 43 0
1894 ORDER 2276 6 3 1 35 0
1895 ORDER 2277 55 27 25 43 0
1896 ORDER 2278 47 8 3 37 0
1897 ORDER 2279 47 5 47 44 0
1898 ORDER 2280 21 23 1 1 0
1898 ORDER 2281 27 33 18 43 0
1899 ORDER 2282 18 41 57 44 0
1900 ORDER 2283 49 38 3 27 0
1901 ORDER 2284 50 21 54 43 3
1902 ORDER 2285 41 15 7 43 0
1903 ORDER 2286 50 32 20 44 0
1904 CANCEL 2232
1904 ORDER 2287 20 14 48 44 0
1904 ORDER 2288 44 8 6 44 0
1905 ORDER 2289 19 9 2 29 0
1905 ORDER 2290 18 33 42 43 0
1906 ORDER 2291 50 3 51 43 1
1907 ORDER 2292 38 20 27 44 0
1908 ORDER 2293 44 3 1 40 0
1909 ORDER 2294 26 24 2 34 0
1910 ORDER 2295 24 27 1 35 0
1911 ORDER 2296 50 8 2 16 0
1912 ORDER 2297 14 6 1 43 1
1912 ORDER 2298 44 17 34 44 2
1913 ORDER 2299 48 6 1 43 3
1914 ORDER 2300 43 37 2 1 1
1915 ORDER 2301 12 18 1 37 1
1916 ORDER 2302 35 26 1 36 0
1917 ORDER 2303 26 32 2 35 1
1918 ORDER 2304 47 36 53 44 3
1919 ORDER 2305 11 15 12 44 1
1919 ORDER 2306 47 12 8 44 2
1920 ORDER 2307 29 36 27 43 0
1921 ORDER 2308 36 15 2 2 1
1922 ORDER 2309 13 23 31 43 0
1922 ORDER 2310 36 33 3 3 3
1922 BLOCK 32 31
1923 ORDER 2311 17 23 2 31 0
1924 ORDER 2312 31 18 46 44 0
1925 ORDER 2313 19 41 1 19 0
1926 ORDER 2314 24 39 3 9 0
1927 ORDER 2315 37 38 1 20 0
1928 ORDER 2316 24 11 14 43 3
1929 ORDER 2317 25 38 3 12 0
1929 ORDER 2318 31 12 1 4 1
1930 ORDER 2319 16 40 3 17 1
1931 ORDER 2320 27 35 10 43 0
1932 ORDER 2321 42 11 38 43 0
1933 ORDER 2322 41 9 50 43 0
1934 ORDER 2323 21 15 1 44 1
1934 ORDER 2324 12 11 38 44 0
1935 ORDER 2325 54 27 2 31 1
1936 ORDER 2326 46 30 40 43 0
1936 BLOCK 46 18
1937 ORDER 2327 11 38 13 43 1
1937 ORDER 2328 55 22 32 44 2
1938 ORDER 2329 9 8 1 43 2
1939 CANCEL 2206
1939 ORDER 2330 27 35 37 44 0
1940 ORDER 2331 30 35 35 44 0
1941 ORDER 2332 10 35 47 43 1
1942 ORDER 2333 44 26 11 44 0
1942 ORDER 2334 8 22 40 43 1
1943 ORDER 2335 8 32 10 44 0
1944 ORDER 2336 10 8 19 43 0
1945 ORDER 2337 47 26 25 44 3
1945 ORDER 2338 6 26 28 43 0
1946 ORDER 2339 17 26 58 44 2
1947 ORDER 2340 26 36 2 7 0
1947 ORDER 2341 49 4 29 44 0
1948 ORDER 2342 50 3 3 24 1
1948 ORDER 2343 20 9 7 44 0
1949 ORDER 2344 53 18 2 36 0
1950 ORDER 2345 28 26 1 20 0
1951 ORDER 2346 31 27 1 34 0
1952 ORDER 2347 38 41 2 36 0
1953 ORDER 2348 37 17 2 16 3
1953 ORDER 2349 21 17 12 43 1
1954 ORDER 2350 29 36 2 20 1
1955 ORDER 2351 33 17 11 43 0
1956 ORDER 2352 14 36 51 43 0
1957 ORDER 2353 22 4 1 17 2
1957 ORDER 2354 16 3 1 42 0
1958 ORDER 2355 20 26 2 28 2
1959 ORDER 2356 9 11 26 43 0
1960 ORDER 2357 44 5 2 16 0
1961 ORDER 2358 54 32 2 34 1
1961 ORDER 2359 52 33 2 15 0
1962 ORDER 2360 29 17 22 43 0
1963 ORDER 2361 55 33 10 43 0
1964 ORDER 2362 37 30 2 35 2
1964 ORDER 2363 9 8 17 44 0
1965 ORDER 2364 35 26 1 17 1
1966 ORDER 2365 55 23 3 11 0
1967 ORDER 2366 39 12 2 6 0
1968 ORDER 2367 46 17 14 43 3
1969 ORDER 2368 19 41 3 33 0
1970 ORDER 2369 42 20 3 40 0
1971 ORDER 2370 11 14 28 44 3
1971 ORDER 2371 24 11 1 27 0
1972 ORDER 2372 7 41 49 43 2
1972 ORDER 2373 52 8 1 28 2
1973 ORDER 2374 14 6 2 11 1
1973 ORDER 2375 15 24 2 24 1
1974 ORDER 2376 16 39 3 30 1
1975 ORDER 2377 10 33 3 33 0
1976 ORDER 2378 26 41 2 20 0
1977 ORDER 2379 25 39 3 39 0
1978 UNBLOCK 32 31
1978 ORDER 2380 37 35 1 39 1
1978 CANCEL 102380
1979 ORDER 2381 12 32 2 15 1
1980 ORDER 2382 41 20 23 43 2
1981 ORDER 2383 18 20 34 44 1
1982 ORDER 2384 52 35 21 44 0
1983 ORDER 2385 17 15 1 20 1
1984 ORDER 2386 46 8 3 36 0
1985 CANCEL 2327
1985 CANCEL 2329
1985 ORDER 2387 26 6 2 16 0
1986 ORDER 2388 35 27 1 8 3
1986 ORDER 2389 52 36 2 36 0
1987 ORDER 2390 48 33 24 44 0
1987 BLOCK 23 26
1988 UNBLOCK 46 18
1988 ORDER 2391 24 18 3 11 0
1988 BLOCK 5 38
1989 ORDER 2392 46 32 57 43 0
1989 ORDER 2393 32 11 3 25 2
1990 ORDER 2394 7 41 1 26 0
1991 ORDER 2395 16 26 47 44 0
1992 ORDER 2396 29 8 24 43 0
1993 ORDER 2397 24 18 48 43 0
1994 ORDER 2398 29 24 49 44 3
1994 BLOCK 15 38
1995 CANCEL 2253
1995 ORDER 2399 9 15 7 43 0
1996 ORDER 2400 27 3 12 43 1
1997 ORDER 2401 10 39 16 44 0
1998 ORDER 2402 21 23 3 38 3
1999 ORDER 2403 29 38 2 16 0
2000 ORDER 2404 30 3 1 15 0
2001 ORDER 2405 30 20 2 23 1
2001 ORDER 2406 54 32 31 44 0
2001 BLOCK 26 14
2002 ORDER 2407 55 6 27 44 0
2003 ORDER 2408 39 18 57 44 1
2004 CANCEL 2397
2004 ORDER 2409 17 11 3 1 0
2004 ORDER 2410 40 3 6 43 0
2005 ORDER 2411 29 5 3 10 1
2006 ORDER 2412 55 15 55 43 1
2006 ORDER 2413 55 39 54 43 0
2007 ORDER 2414 9 26 3 41 0
2008 ORDER 2415 12 21 3 6 2
2009 ORDER 2416 9 5 53 43 2
2010 ORDER 2417 20 12 3 17 0
2011 ORDER 2418 18 35 1 17 0
2012 ORDER 2419 18 38 1 36 0
2013 ORDER 2420 51 12 20 43 2
2014 ORDER 2421 47 27 12 43 0
2015 ORDER 2422 29 36 2 28 0
2016 ORDER 2423 45 5 39 43 1
2017 ORDER 2424 55 32 53 43 1
2018 CANCEL 2398
2018 ORDER 2425 49 12 3 28 2
2019 ORDER 2426 51 41 48 44 1
2020 ORDER 2427 25 39 10 43 0
2021 CANCEL 2324
2021 ORDER 2428 7 18 1 28 0
2022 ORDER 2429 14 35 8 44 1
2022 ORDER 2430 44 26 3 43 0
2023 ORDER 2431 36 8 3 41 0
2024 ORDER 2432 11 11 3 7 1
2025 ORDER 2433 49 36 4 43 1
2026 ORDER 2434 45 17 46 44 0
2027 ORDER 2435 53 41 11 43 0
2028 ORDER 2436 55 9 1 34 2
2029 ORDER 2437 36 24 2 35 1
2030 ORDER 2438 17 21 42 43 2
2031 ORDER 2439 19 6 2 24 0
2032 ORDER 2440 14 36 3 24 0
2033 ORDER 2441 9 18 32 44 0
2033 ORDER 2442 19 26 1 28 0
2034 ORDER 2443 28 36 2 38 1
2035 ORDER 2444 27 17 46 44 0
2036 ORDER 2445 8 9 29 44 1
2037 CANCEL 2219
2037 ORDER 2446 53 36 2 39 2
2038 ORDER 2447 54 11 5 44 0
2039 ORDER 2448 18 15 1 30 0
2040 ORDER 2449 44 11 50 44 0
2041 ORDER 2450 33 20 1 16 0
2042 ORDER 2451 21 26 42 43 2
2043 ORDER 2452 6 11 43 44 1
2044 ORDER 2453 18 21 20 44 2
2045 CANCEL 2301
2045 ORDER 2454 27 26 3 19 0
2046 ORDER 2455 21 27 25 43 0
2047 CANCEL 2279
2047 ORDER 2456 46 27 2 4 0
2048 ORDER 2457 47 33 57 43 0
2049 ORDER 2458 27 23 3 8 0
2050 ORDER 2459 16 35 21 44 0
2051 ORDER 2460 16 9 1 22 0
2052 ORDER 2461 28 15 5 44 0
2052 ORDER 2462 8 26 55 44 0
2053 ORDER 2463 47 12 1 20 0
2054 ORDER 2464 11 20 1 40 0
2055 ORDER 2465 15 14 1 32 0
2056 UNBLOCK 5 38
2056 ORDER 2466 31 20 2 32 0
2056 ORDER 2467 45 8 3 16 2
2057 ORDER 2468 41 24 52 43 1
2058 ORDER 2469 22 8 3 30 1
2059 ORDER 2470 11 14 37 43 0
2059 ORDER 2471 25 11 3 7 0
2060 UNBLOCK 23 26
2060 ORDER 2472 42 18 3 15 0
2061 ORDER 2473 14 6 4 43 0
2062 ORDER 2474 9 30 46 44 0
2063 ORDER 2475 35 27 3 1 0
2063 ORDER 2476 21 41 5 44 0
2064 ORDER 2477 10 6 3 24 0
2064 ORDER 2478 53 41 2 9 1
2065 ORDER 2479 55 9 1 10 1
2066 ORDER 2480 7 32 16 43 3
2067 ORDER 2481 11 20 3 21 0
2068 ORDER 2482 42 20 56 43 0
2069 ORDER 2483 30 17 27 43 1
2069 ORDER 2484 11 33 2 25 1
2070 ORDER 2485 48 20 2 27 1
2070 ORDER 2486 9 15 2 14 2
2071 CANCEL 2347
2071 ORDER 2487 28 39 45 43 0
2072 ORDER 2488 8 11 3 42 0
2072 ORDER 2489 19 26 12 43 0
2073 ORDER 2490 10 41 3 6 0
2074 ORDER 2491 6 15 2 31 0
2075 ORDER 2492 48 41 38 44 2
2075 ORDER 2493 55 30 52 43 1
2076 ORDER 2494 26 29 1 19 0
2077 ORDER 2495 51 39 1 22 1
2078 ORDER 2496 35 14 2 18 1
2079 ORDER 2497 34 36 3 26 0
2080 ORDER 2498 43 36 1 43 0
2081 ORDER 2499 9 12 1 18 1
2082 ORDER 2500 34 6 2 43 1
2083 ORDER 2501 29 3 3 10 3
2084 ORDER 2502 24 9 57 43 3
2085 ORDER 2503 38 3 32 43 0
2086 ORDER 2504 6 9 32 43 0
2087 ORDER 2505 42 27 3 1 1
2088 ORDER 2506 15 38 51 43 1
2088 ORDER 2507 39 38 2 7 0
2089 CANCEL 2476
2089 ORDER 2508 10 12 50 43 3
2090 ORDER 2509 23 3 2 39 0
2091 UNBLOCK 26 14
2091 ORDER 2510 52 21 3 28 0
2091 ORDER 2511 44 23 47 43 0
2092 ORDER 2512 21 28 29 44 0
2093 ORDER 2513 6 38 35 44 0
2093 ORDER 2514 39 17 8 44 0
2094 UNBLOCK 15 38
2094 ORDER 2515 38 18 43 43 1
2095 ORDER 2516 25 15 17 43 2
2096 ORDER 2517 48 36 9 43 0
2096 ORDER 2518 40 35 1 12 0
2097 ORDER 2519 10 27 1 14 1
2098 ORDER 2520 23 23 1 8 0
2099 CANCEL 2369
2099 ORDER 2521 40 24 5 44 2
2100 ORDER 2522 16 29 1 11 0
2101 ORDER 2523 22 6 39 44 1
2102 ORDER 2524 54 32 2 10 0
2102 ORDER 2525 44 8 25 43 1
2103 ORDER 2526 51 5 1 6 3
2104 ORDER 2527 38 18 1 1 0
2105 ORDER 2528 49 36 2 42 0
2105 ORDER 2529 11 30 2 2 0
2106 ORDER 2530 22 32 3 7 2
2107 ORDER 2531 26 5 35 44 0
2108 ORDER 2532 28 35 54 43 3
2108 ORDER 2533 36 3 3 13 1
2109 ORDER 2534 35 26 56 44 3
2110 ORDER 2535 49 14 2 3 1
2110 ORDER 2536 27 15 19 44 2
2111 ORDER 2537 49 29 3 19 1
2112 ORDER 2538 11 35 1 43 0
2112 ORDER 2539 29 32 11 43 0
2113 ORDER 2540 6 33 3 28 0
2114 ORDER 2541 32 33 25 43 0
2115 ORDER 2542 34 11 2 37 2
2116 ORDER 2543 23 3 3 38 0
2116 BLOCK 9 24
2117 ORDER 2544 38 18 2 17 1
2118 ORDER 2545 50 24 3 41 0
2119 ORDER 2546 27 35 49 43 0
2120 ORDER 2547 17 27 51 44 1
2120 BLOCK 55 44
2121 ORDER 2548 35 11 14 44 2
2122 ORDER 2549 13 18 2 32 2
2123 ORDER 2550 15 14 9 43 0
2124 ORDER 2551 35 6 3 13 0
2124 ORDER 2552 19 27 34 44 0
2124 BLOCK 46 8
2125 ORDER 2553 21 18 31 44 2
2125 ORDER 2554 36 27 2 37 0
2126 ORDER 2555 40 30 1 14 0
2126 ORDER 2556 43 27 50 43 1
2127 ORDER 2557 6 29 56 43 1
2128 ORDER 2558 8 8 3 5 0
2129 ORDER 2559 28 27 4 43 1
2129 ORDER 2560 19 21 1 18 0
2130 ORDER 2561 8 6 1 25 1
2131 ORDER 2562 12 17 17 44 0
2132 ORDER 2563 30 32 13 44 1
2133 ORDER 2564 42 14 52 44 0
2133 ORDER 2565 18 30 26 43 0
2134 ORDER 2566 47 5 1 29 3
2135 ORDER 2567 54 9 28 44 0
2136 ORDER 2568 46 33 3 22 0
2137 ORDER 2569 27 5 13 43 0
2138 ORDER 2570 30 26 3 30 0
2139 ORDER 2571 53 21 1 23 0
2140 ORDER 2572 28 17 26 43 0
2141 ORDER 2573 47 41 3 11 0
2142 ORDER 2574 25 20 55 44 0
2142 ORDER 2575 44 9 35 43 0
2143 ORDER 2576 44 39 1 23 1
2144 ORDER 2577 40 14 9 44 0
2144 ORDER 2578 37 29 3 38 0
2145 ORDER 2579 20 30 1 11 0
2146 ORDER 2580 9 12 41 43 0
2147 ORDER 2581 47 26 1 24 0
2148 ORDER 2582 31 5 35 43 0
2149 ORDER 2583 36 9 7 44 0
2150 ORDER 2584 21 21 1 20 1
2151 ORDER 2585 27 15 1 25 1
2152 ORDER 2586 15 39 53 44 1
2153 ORDER 2587 31 35 3 44 0
2153 ORDER 2588 37 36 3 1 3
2154 ORDER 2589 19 15 1 38 0
2155 ORDER 2590 48 26 17 43 0
2156 ORDER 2591 37 29 29 43 0
2157 ORDER 2592 46 24 1 24 0
2158 ORDER 2593 40 35 3 9 0
2159 ORDER 2594 9 39 43 44 0
2159 BLOCK 18 38
2160 ORDER 2595 28 17 3 16 0
2160 ORDER 2596 48 23 58 43 0
2161 ORDER 2597 36 12 49 43 3
2162 ORDER 2598 29 30 58 44 0
2163 ORDER 2599 9 21 55 43 2
2164 ORDER 2600 53 18 36 43 0
2165 ORDER 2601 27 30 3 42 0
2165 ORDER 2602 36 36 3 6 0
2166 ORDER 2603 22 18 11 43 1
2167 ORDER 2604 51 3 2 19 0
2167 ORDER 2605 8 9 12 44 1
2168 ORDER 2606 27 14 34 43 0
2169 ORDER 2607 33 39 41 44 0
2170 ORDER 2608 55 27 2 42 0
2171 ORDER 2609 10 8 1 42 0
2172 ORDER 2610 48 12 1 13 0
2173 ORDER 2611 18 36 1 32 1
2174 ORDER 2612 33 26 22 44 0
2175 ORDER 2613 47 12 21 43 0
2176 ORDER 2614 37 32 3 43 0
2176 ORDER 2615 7 33 43 43 0
2177 ORDER 2616 20 18 1 2 2
2178 UNBLOCK 9 24
2178 ORDER 2617 54 15 22 44 2
2179 ORDER 2618 29 18 55 44 0
2179 ORDER 2619 11 11 3 8 0
2180 ORDER 2620 26 38 1 37 0
2180 ORDER 2621 38 38 2 44 0
2181 ORDER 2622 52 20 2 37 1
2182 ORDER 2623 9 39 19 44 0
2182 ORDER 2624 27 8 2 31 0
2183 ORDER 2625 41 9 3 7 1
2184 ORDER 2626 21 30 1 36 1
2185 ORDER 2627 18 18 1 14 0
2186 ORDER 2628 43 29 2 12 0
2187 ORDER 2629 26 26 52 44 1
2188 ORDER 2630 6 11 2 18 1
2189 ORDER 2631 49 21 25 43 0
2190 ORDER 2632 52 23 2 29 0
2191 CANCEL 2406
2191 ORDER 2633 17 21 3 1 0
2192 ORDER 2634 35 38 21 44 3
2193 ORDER 2635 55 6 2 8 0
2194 ORDER 2636 27 39 1 28 2
2195 ORDER 2637 25 12 1 24 0
2196 ORDER 2638 37 6 55 43 0
2196 ORDER 2639 35 5 10 43 0
2197 ORDER 2640 51 9 24 43 1
2198 ORDER 2641 24 39 1 32 1
2198 ORDER 2642 10 9 1 30 0
2199 ORDER 2643 25 24 19 43 0
2200 ORDER 2644 16 32 2 24 0
2201 ORDER 2645 25 11 3 30 0
2202 ORDER 2646 28 9 1 22 0
2203 UNBLOCK 46 8
2203 ORDER 2647 46 41 56 44 0
2204 ORDER 2648 24 35 3 27 2
2205 ORDER 2649 8 33 40 43 2
2206 ORDER 2650 34 41 1 14 1
2206 ORDER 2651 26 8 33 44 0
2207 ORDER 2652 23 32 3 24 2
2208 UNBLOCK 18 38
2208 ORDER 2653 19 17 2 18 0
2209 ORDER 2654 19 26 1 19 0
2210 ORDER 2655 45 26 28 44 1
2211 ORDER 2656 21 27 3 32 0
2212 ORDER 2657 41 32 1 10 0
2213 ORDER 2658 12 21 1 30 1
2214 ORDER 2659 50 24 42 43 3
2215 ORDER 2660 12 21 3 12 2
2216 ORDER 2661 45 8 3 12 0
2217 ORDER 2662 17 5 2 12 0
2218 ORDER 2663 35 12 47 43 1
2219 ORDER 2664 40 5 2 28 0
2220 ORDER 2665 28 11 11 44 0
2221 ORDER 2666 7 5 3 10 3
2222 ORDER 2667 24 11 24 43 0
2223 ORDER 2668 46 17 12 43 0
2224 ORDER 2669 51 9 17 43 1
2225 ORDER 2670 28 23 1 42 0
2226 ORDER 2671 28 30 34 44 0
2227 ORDER 2672 42 21 21 43 0
2227 ORDER 2673 11 27 1 27 0
2228 ORDER 2674 39 32 1 35 0
2228 ORDER 2675 50 11 1 33 0
2229 ORDER 2676 44 23 24 44 0
2230 UNBLOCK 55 44
2230 ORDER 2677 27 21 3 6 3
2231 ORDER 2678 40 29 30 43 0
2232 ORDER 2679 29 24 45 43 0
2233 ORDER 2680 50 30 1 13 0
2234 ORDER 2681 26 5 1 17 0
2234 ORDER 2682 17 33 3 28 0
2235 ORDER 2683 18 36 1 14 3
2236 ORDER 2684 38 38 4 43 0
2237 ORDER 2685 36 9 30 43 0
2237 ORDER 2686 49 15 57 44 2
2238 ORDER 2687 36 27 2 10 1
2239 ORDER 2688 34 30 33 43 0
2240 ORDER 2689 7 41 2 39 1
2241 ORDER 2690 48 6 2 32 0
2242 ORDER 2691 27 39 5 43 0
2243 ORDER 2692 10 27 3 5 0
2243 ORDER 2693 33 23 18 44 0
2244 ORDER 2694 35 26 2 26 0
2245 ORDER 2695 11 21 1 31 1
2246 ORDER 2696 44 33 3 1 0
2247 ORDER 2697 46 29 1 20 1
2248 ORDER 2698 19 30 2 3 0
2249 ORDER 2699 22 8 3 37 1
2250 ORDER 2700 35 5 1 23 2
2251 ORDER 2701 10 38 6 44 0
2252 ORDER 2702 34 24 1 11 0
2253 ORDER 2703 53 14 1 31 0
2254 ORDER 2704 10 8 3 33 0
2255 ORDER 2705 34 6 3 38 0
2255 ORDER 2706 30 18 1 31 0
2256 ORDER 2707 38 33 2 32 3
2257 ORDER 2708 10 36 35 43 0
2258 ORDER 2709 19 26 3 8 0
2258 BLOCK 9 2
2259 ORDER 2710 31 27 12 44 0
2260 ORDER 2711 42 39 22 44 0
2261 ORDER 2712 17 32 1 24 1
2262 ORDER 2713 19 15 1 14 1
2263 ORDER 2714 8 29 3 40 1
2264 ORDER 2715 46 11 1 2 0
2265 ORDER 2716 11 36 47 43 1
2266 ORDER 2717 38 18 3 28 3
2266 ORDER 2718 12 21 3 21 0
2267 ORDER 2719 8 18 3 32 0
2267 ORDER 2720 41 15 2 3 0
2268 ORDER 2721 9 29 2 19 1
2269 ORDER 2722 46 14 31 44 0
2270 ORDER 2723 32 9 11 43 1
2271 ORDER 2724 29 38 6 43 0
2272 ORDER 2725 13 27 49 44 0
2273 ORDER 2726 20 8 3 12 2
2274 ORDER 2727 10 20 3 10 0
2275 ORDER 2728 44 3 2 21 2
2276 ORDER 2729 21 24 48 44 1
2276 ORDER 2730 31 18 31 44 0
2277 ORDER 2731 17 17 57 44 0
2278 ORDER 2732 28 17 1 35 0
2278 ORDER 2733 38 26 24 44 0
2279 ORDER 2734 17 33 29 43 0
2279 ORDER 2735 27 12 40 43 0
2280 ORDER 2736 48 3 3 5 0
2281 ORDER 2737 20 14 2 42 0
2282 ORDER 2738 45 32 1 27 1
2283 ORDER 2739 36 22 1 9 0
2284 ORDER 2740 37 5 50 44 0
2285 ORDER 2741 27 27 31 43 0
2285 BLOCK 17 43
2286 ORDER 2742 18 3 2 36 0
2287 ORDER 2743 55 15 10 43 1
2287 ORDER 2744 13 23 1 36 0
2288 ORDER 2745 44 17 3 14 0
2289 ORDER 2746 53 17 1 43 1
2290 ORDER 2747 48 39 2 19 0
2291 ORDER 2748 22 14 14 43 0
2292 ORDER 2749 19 29 26 43 1
2293 ORDER 2750 43 29 3 30 0
2294 ORDER 2751 35 39 17 44 0
2295 ORDER 2752 29 27 3 39 1
2296 ORDER 2753 9 5 2 30 2
2297 ORDER 2754 6 14 2 2 1
2298 ORDER 2755 18 23 45 43 0
2299 ORDER 2756 21 18 13 43 0
2300 ORDER 2757 8 18 3 30 2
2301 ORDER 2758 48 30 3 14 0
2302 ORDER 2759 39 32 2 6 1
2303 ORDER 2760 33 17 7 43 2
2304 ORDER 2761 38 12 3 8 1
2305 ORDER 2762 19 35 2 25 0
2306 ORDER 2763 37 8 2 40 0
2307 ORDER 2764 33 17 1 27 1
2308 ORDER 2765 37 27 58 43 0
2309 ORDER 2766 7 17 38 43 3
2310 CANCEL 2535
2310 ORDER 2767 26 21 3 19 0
2311 ORDER 2768 28 33 14 43 0
2312 ORDER 2769 51 33 2 10 1
2313 ORDER 2770 38 21 26 44 0
2314 ORDER 2771 43 14 3 32 0
2314 ORDER 2772 51 11 3 17 0
2315 ORDER 2773 24 26 3 23 3
2316 ORDER 2774 12 14 42 43 0
2317 ORDER 2775 12 14 25 44 1
2317 ORDER 2776 49 22 3 39 2
2318 UNBLOCK 17 43
2318 ORDER 2777 38 14 2 27 0
2319 ORDER 2778 45 41 2 44 0
2319 ORDER 2779 7 35 3 28 1
2320 ORDER 2780 22 18 27 44 0
2321 ORDER 2781 9 24 1 17 1
2322 ORDER 2782 23 18 37 43 1
2323 ORDER 2783 53 11 3 2 0
2324 ORDER 2784 52 15 2 8 0
2325 CANCEL 2730
2325 ORDER 2785 33 23 2 26 0
2326 ORDER 2786 35 12 12 44 0
2327 ORDER 2787 41 14 3 26 0
2328 ORDER 2788 17 23 3 43 0
2328 ORDER 2789 33 18 40 43 1
2329 ORDER 2790 38 32 1 5 0
2330 ORDER 2791 11 5 3 24 0
2331 ORDER 2792 12 30 3 17 0
2332 ORDER 2793 26 32 1 31 0
2333 ORDER 2794 46 39 2 35 2
2334 ORDER 2795 49 12 3 15 0
2335 ORDER 2796 21 21 14 44 1
2336 UNBLOCK 9 2
2336 ORDER 2797 23 21 2 18 0
2337 ORDER 2798 7 36 1 24 1
2338 ORDER 2799 52 41 32 44 1
2339 ORDER 2800 6 27 34 44 1
2340 ORDER 2801 22 12 14 44 0
2341 ORDER 2802 22 18 5 43 0
2342 ORDER 2803 26 29 18 44 0
2343 ORDER 2804 46 17 3 9 3
2343 ORDER 2805 11 39 49 44 0
2344 ORDER 2806 25 36 1 16 0
2345 ORDER 2807 49 24 51 43 0
2346 ORDER 2808 11 27 9 44 2
2347 CANCEL 2635
2347 ORDER 2809 30 27 1 11 0
2348 ORDER 2810 26 17 2 6 0
2349 ORDER 2811 6 20 3 33 1
2350 ORDER 2812 24 39 1 3 0
2351 ORDER 2813 7 6 1 11 2
2352 ORDER 2814 40 33 3 3 2
2353 ORDER 2815 50 27 1 6 0
2354 ORDER 2816 45 15 3 28 1
2355 ORDER 2817 53 11 39 43 0
2356 ORDER 2818 38 17 33 44 0
2357 ORDER 2819 55 26 1 25 0
2358 ORDER 2820 41 30 17 43 2
2358 ORDER 2821 48 8 1 37 0
2359 ORDER 2822 46 39 1 10 1
2360 CANCEL 2616
2360 ORDER 2823 14 41 2 11 1
2360 ORDER 2824 54 23 1 43 0
2361 ORDER 2825 11 3 53 43 1
2362 ORDER 2826 22 12 34 44 0
2362 ORDER 2827 12 3 56 44 2
2363 ORDER 2828 49 27 13 43 0
2364 ORDER 2829 10 8 1 40 0
2364 ORDER 2830 6 29 56 44 0
2365 ORDER 2831 35 41 3 32 0
2366 ORDER 2832 27 9 55 44 2
2367 ORDER 2833 11 23 1 36 1
2368 ORDER 2834 11 34 3 42 1
2369 ORDER 2835 8 41 27 43 0
2370 ORDER 2836 10 35 1 20 2
2371 ORDER 2837 26 26 1 31 0
2372 ORDER 2838 37 5 1 17 0
2373 ORDER 2839 11 27 2 26 1
2374 ORDER 2840 22 21 1 16 1
2375 ORDER 2841 24 39 2 2 1
2376 ORDER 2842 49 30 2 15 0
2377 ORDER 2843 38 36 30 43 0
2378 ORDER 2844 16 11 1 37 2
2378 ORDER 2845 51 41 1 26 1
2379 ORDER 2846 8 3 9 44 0
2380 ORDER 2847 11 33 3 20 1
2381 ORDER 2848 21 8 1 23 0
2382 ORDER 2849 32 9 44 44 0
2382 ORDER 2850 8 27 2 42 0
2383 ORDER 2851 51 41 2 35 0
2383 BLOCK 20 20
2384 ORDER 2852 40 11 21 44 0
2384 ORDER 2853 36 32 11 44 0
2385 ORDER 2854 18 17 3 44 3
2386 ORDER 2855 33 26 2 4 3
2387 ORDER 2856 6 17 3 42 0
2387 ORDER 2857 6 41 2 28 0
2388 ORDER 2858 7 18 21 43 0
2389 ORDER 2859 8 15 3 23 0
2389 BLOCK 43 18
2390 ORDER 2860 14 35 13 43 1
2391 ORDER 2861 12 20 18 44 0
2392 ORDER 2862 47 33 8 44 2
2393 ORDER 2863 49 26 3 25 0
2394 ORDER 2864 52 8 2 38 1
2395 ORDER 2865 42 20 2 31 1
2396 ORDER 2866 43 12 3 3 0
2397 ORDER 2867 45 5 7 44 2
2398 ORDER 2868 18 9 41 44 0
2398 ORDER 2869 8 12 1 26 0
2399 ORDER 2870 16 17 3 14 0
2399 BLOCK 37 21
2400 ORDER 2871 27 38 1 24 0
2400 BLOCK 45 8
2401 ORDER 2872 49 27 1 39 1
2401 ORDER 2873 27 5 2 42 3
2402 ORDER 2874 31 29 17 44 0
2403 ORDER 2875 51 26 23 44 0
2404 ORDER 2876 33 38 33 43 0
2404 ORDER 2877 37 38 1 24 1
2405 ORDER 2878 38 29 1 19 0
2406 ORDER 2879 52 14 2 43 0
2407 ORDER 2880 50 32 2 4 2
2408 ORDER 2881 35 12 3 1 1
2409 ORDER 2882 41 14 3 1 0
2409 ORDER 2883 19 41 1 18 0
2410 ORDER 2884 31 33 3 37 2
2410 ORDER 2885 19 27 3 24 0
2411 ORDER 2886 36 5 42 43 2
2412 ORDER 2887 11 32 28 43 2
2413 ORDER 2888 41 26 2 28 0
2414 ORDER 2889 51 30 56 43 1
2415 ORDER 2890 21 3 3 15 1
2416 ORDER 2891 54 36 1 25 0
2417 UNBLOCK 20 20
2417 ORDER 2892 20 23 1 36 1
2418 ORDER 2893 28 20 52 44 0
2419 ORDER 2894 53 41 33 44 0
2420 ORDER 2895 22 32 1 37 1
2421 ORDER 2896 26 6 31 44 0
2421 ORDER 2897 10 6 46 43 1
2422 ORDER 2898 33 11 2 3 0
2423 ORDER 2899 12 12 2 42 0
2424 ORDER 2900 43 21 7 43 0
2425 ORDER 2901 19 23 22 43 1
2425 ORDER 2902 11 35 12 43 0
2426 ORDER 2903 41 17 27 44 0
2427 ORDER 2904 28 12 40 43 0
2428 ORDER 2905 45 3 3 37 0
2429 ORDER 2906 9 29 30 43 0
2430 ORDER 2907 8 24 13 44 0
2431 ORDER 2908 52 39 1 5 0
2432 ORDER 2909 43 23 1 17 0
2432 ORDER 2910 40 12 28 43 1
2433 UNBLOCK 45 8
2433 ORDER 2911 46 5 1 12 0
2434 ORDER 2912 32 27 32 44 0
2435 ORDER 2913 45 20 20 44 0
2436 ORDER 2914 9 39 45 43 0
2436 ORDER 2915 13 27 2 44 0
2437 ORDER 2916 8 38 2 22 0
2437 ORDER 2917 32 35 52 44 0
2438 ORDER 2918 30 5 2 14 0
2438 BLOCK 30 8
2439 ORDER 2919 13 8 13 44 0
2440 ORDER 2920 55 39 3 40 0
2441 ORDER 2921 12 8 13 44 0
2442 ORDER 2922 24 9 1 23 0
2443 ORDER 2923 36 23 12 43 0
2444 ORDER 2924 48 39 2 17 3
2445 ORDER 2925 47 6 1 4 0
2446 ORDER 2926 18 17 3 21 3
2447 ORDER 2927 16 38 1 1 1
2447 ORDER 2928 7 35 12 44 1
2448 ORDER 2929 37 14 56 43 2
2449 ORDER 2930 47 27 3 3 1
2450 ORDER 2931 23 36 3 21 0
2450 ORDER 2932 11 37 13 43 0
2451 ORDER 2933 51 29 2 6 1
2452 ORDER 2934 20 12 13 44 0
2452 ORDER 2935 26 36 3 34 0
2453 ORDER 2936 8 17 35 43 1
2454 ORDER 2937 37 17 15 44 3
2454 ORDER 2938 38 30 29 43 1
2455 ORDER 2939 26 39 33 44 1
2455 ORDER 2940 29 15 24 43 0
2456 ORDER 2941 45 11 14 43 0
2457 ORDER 2942 24 18 36 44 0
2457 BLOCK 29 3
2458 ORDER 2943 20 30 18 44 2
2459 ORDER 2944 9 14 1 18 2
2460 ORDER 2945 12 20 15 44 1
2460 ORDER 2946 6 12 6 43 0
2461 ORDER 2947 45 6 7 44 0
2461 ORDER 2948 38 23 47 43 0
2462 ORDER 2949 33 6 2 35 0
2462 BLOCK 50 20
2463 ORDER 2950 12 6 2 37 0
2464 ORDER 2951 24 26 3 6 1
2465 ORDER 2952 15 41 3 29 0
2466 ORDER 2953 16 14 1 32 0
2467 ORDER 2954 25 24 2 39 1
2468 ORDER 2955 44 17 3 32 0
2469 ORDER 2956 39 27 54 44 0
2470 ORDER 2957 42 29 43 44 0
2471 ORDER 2958 20 6 20 43 0
2472 ORDER 2959 52 6 58 44 0
2472 ORDER 2960 12 23 7 43 0
2473 ORDER 2961 15 30 3 44 1
2474 ORDER 2962 18 9 20 43 0
2475 ORDER 2963 46 15 1 22 0
2475 ORDER 2964 18 21 1 33 0
2476 UNBLOCK 43 18
2476 ORDER 2965 38 35 2 36 0
2476 ORDER 2966 35 27 24 44 0
2477 ORDER 2967 51 32 1 38 2
2478 ORDER 2968 26 17 3 22 2
2478 ORDER 2969 17 20 3 44 0
2479 ORDER 2970 35 33 44 44 1
2480 ORDER 2971 41 32 45 44 0
2481 ORDER 2972 38 26 3 14 3
2482 ORDER 2973 35 8 1 25 0
2483 CANCEL 2744
2483 ORDER 2974 47 27 35 43 2
2484 UNBLOCK 37 21
2484 ORDER 2975 10 32 8 43 0
2485 ORDER 2976 6 18 1 36 2
2486 ORDER 2977 55 38 45 43 0
2487 ORDER 2978 37 38 12 43 0
2488 ORDER 2979 46 11 1 20 0
2489 ORDER 2980 9 17 23 44 0
2489 ORDER 2981 53 23 36 43 2
2490 ORDER 2982 15 35 5 44 0
2491 ORDER 2983 11 33 40 43 0
2492 ORDER 2984 44 11 35 44 0
2493 ORDER 2985 35 39 48 44 0
2494 ORDER 2986 31 17 46 44 1
2495 ORDER 2987 24 27 21 43 0
2496 ORDER 2988 46 8 2 31 1
2497 ORDER 2989 26 3 12 44 0
2497 ORDER 2990 8 14 20 43 0
2497 BLOCK 11 1
2498 ORDER 2991 37 35 1 30 0
2499 ORDER 2992 16 35 44 44 3
2500 ORDER 2993 12 23 30 44 2
2501 ORDER 2994 37 36 2 18 0
2502 ORDER 2995 35 29 8 43 3
2503 ORDER 2996 39 32 29 44 0
2503 ORDER 2997 7 41 33 44 0
2504 ORDER 2998 27 23 1 37 0
2505 ORDER 2999 53 17 3 38 0
2506 ORDER 3000 16 29 1 38 1
2506 ORDER 3001 8 35 13 43 0
2507 ORDER 3002 46 17 42 43 0
2508 ORDER 3003 51 12 1 21 0
2509 ORDER 3004 30 5 1 31 0
2510 ORDER 3005 27 23 2 24 0
2511 ORDER 3006 19 27 5 44 0
2511 ORDER 3007 21 6 9 44 0
2512 ORDER 3008 14 20 3 4 0
2513 ORDER 3009 49 32 1 11 0
2514 ORDER 3010 19 20 3 12 1
2515 ORDER 3011 24 35 35 43 0
2516 ORDER 3012 25 17 2 1 2
2517 CANCEL 2889
2517 ORDER 3013 36 23 6 44 0
2518 ORDER 3014 10 6 33 44 0
2519 ORDER 3015 12 3 47 44 0
2520 ORDER 3016 16 36 2 11 2
2521 ORDER 3017 53 17 40 44 0
2522 ORDER 3018 40 32 3 23 1
2523 ORDER 3019 21 33 3 23 2
2523 ORDER 3020 28 27 3 20 0
2524 ORDER 3021 15 11 14 43 0
2524 ORDER 3022 26 38 21 43 0
2525 ORDER 3023 18 23 1 33 3
2526 UNBLOCK 30 8
2526 ORDER 3024 40 23 2 33 0
2527 ORDER 3025 19 21 3 5 0
2528 ORDER 3026 39 5 54 44 0
2528 ORDER 3027 27 39 16 43 1
2529 ORDER 3028 27 9 2 1 0
2530 ORDER 3029 55 23 1 27 0
2531 ORDER 3030 13 21 45 43 2
2532 ORDER 3031 6 32 37 43 1
2533 ORDER 3032 32 27 18 43 2
2534 ORDER 3033 52 3 3 20 0
2535 ORDER 3034 15 3 53 44 3
2535 ORDER 3035 7 33 3 3 2
2536 ORDER 3036 19 29 1 13 0
2537 CANCEL 2887
2537 ORDER 3037 45 5 23 43 0
2538 ORDER 3038 16 5 1 40 0
2539 ORDER 3039 30 23 7 44 1
2540 ORDER 3040 6 15 38 44 0
2541 ORDER 3041 37 23 31 43 0
2542 ORDER 3042 30 32 2 2 0
2543 ORDER 3043 18 3 51 43 2
2543 ORDER 3044 6 20 5 43 0
2544 UNBLOCK 50 20
2544 ORDER 3045 29 29 52 44 0
2545 ORDER 3046 45 24 9 44 0
2545 ORDER 3047 16 11 26 44 0
2546 ORDER 3048 15 32 14 43 0
2547 CANCEL 2904
2547 ORDER 3049 36 33 22 43 2
2547 ORDER 3050 25 11 52 44 1
2548 ORDER 3051 11 17 46 43 0
2548 BLOCK 41 18
2549 UNBLOCK 29 3
2549 ORDER 3052 45 9 55 44 1
2550 ORDER 3053 6 3 48 44 1
2551 ORDER 3054 37 36 20 43 0
2552 ORDER 3055 14 18 2 1 0
2553 ORDER 3056 6 21 11 44 0
2553 ORDER 3057 28 41 21 44 0
2554 ORDER 3058 7 38 1 42 1
2554 ORDER 3059 34 24 49 44 1
2555 ORDER 3060 17 16 14 44 1
2556 ORDER 3061 20 32 3 26 2
2557 ORDER 3062 54 29 3 8 0
2558 ORDER 3063 36 9 3 30 0
2558 ORDER 3064 53 39 2 16 0
2559 ORDER 3065 10 8 2 22 0
2559 ORDER 3066 15 33 8 44 0
2560 ORDER 3067 15 39 7 44 0
2561 ORDER 3068 7 30 21 43 1
2562 ORDER 3069 49 17 53 43 0
2563 ORDER 3070 26 41 22 43 0
2564 ORDER 3071 19 21 2 37 0
2565 ORDER 3072 7 5 2 13 1
2566 CANCEL 2913
2566 ORDER 3073 19 18 1 38 0
2567 ORDER 3074 43 21 1 4 0
2567 ORDER 3075 40 6 29 43 0
2568 ORDER 3076 28 26 3 20 0
2568 ORDER 3077 8 29 12 44 1
2569 ORDER 3078 11 38 3 5 1
2570 ORDER 3079 26 38 36 44 1
2571 ORDER 3080 7 17 3 12 0
2572 ORDER 3081 41 20 3 15 1
2573 ORDER 3082 47 3 3 21 1
2574 ORDER 3083 30 8 31 43 0
2575 ORDER 3084 51 6 3 25 0
2576 ORDER 3085 34 24 1 11 0
2577 ORDER 3086 28 23 3 19 3
2578 ORDER 3087 52 20 3 24 0
2579 ORDER 3088 9 14 7 43 1
2579 ORDER 3089 25 40 3 40 0
2580 ORDER 3090 18 5 16 44 1
2581 UNBLOCK 11 1
2581 ORDER 3091 14 23 3 30 2
2582 CANCEL 2994
2582 ORDER 3092 20 39 3 6 1
2582 ORDER 3093 52 11 13 44 0
2583 ORDER 3094 7 3 2 26 0
2584 ORDER 3095 40 32 47 44 0
2585 ORDER 3096 34 41 1 29 0
2585 ORDER 3097 40 8 3 21 3
2586 ORDER 3098 42 21 1 3 0
2587 ORDER 3099 34 9 18 44 1
2588 ORDER 3100 45 38 20 44 0
2588 ORDER 3101 47 18 2 24 0
2589 ORDER 3102 8 15 48 44 1
2590 ORDER 3103 49 21 1 18 2
2590 ORDER 3104 10 27 1 44 0
2591 ORDER 3105 51 39 1 33 0
2592 ORDER 3106 9 8 2 35 0
2593 ORDER 3107 8 39 14 44 0
2594 ORDER 3108 47 38 1 38 0
2595 ORDER 3109 29 20 1 18 0
2596 ORDER 3110 27 14 2 37 0
2597 ORDER 3111 7 18 3 29 0
2598 ORDER 3112 32 12 36 43 0
2599 ORDER 3113 32 9 3 18 0
2600 ORDER 3114 50 23 45 44 0
2601 ORDER 3115 33 6 1 10 0
2602 ORDER 3116 54 24 44 43 0
2603 ORDER 3117 38 39 3 44 2
2603 ORDER 3118 46 33 3 9 0
2604 ORDER 3119 44 30 2 12 0
2605 ORDER 3120 8 23 50 43 0
2606 ORDER 3121 6 33 30 43 0
2606 ORDER 3122 54 29 23 44 0
2607 ORDER 3123 27 38 32 43 0
2608 ORDER 3124 45 24 53 44 1
2609 ORDER 3125 36 11 3 41 0
2610 ORDER 3126 28 14 3 2 0
2610 ORDER 3127 44 39 11 44 1
2611 ORDER 3128 22 36 2 8 1
2612 ORDER 3129 20 3 3 22 1
2613 ORDER 3130 47 41 2 22 0
2614 ORDER 3131 46 39 2 15 0
2615 ORDER 3132 47 39 2 42 0
2616 ORDER 3133 20 24 54 44 0
2617 ORDER 3134 46 27 15 44 0
2618 CANCEL 2931
2618 ORDER 3135 51 32 3 25 0
2619 ORDER 3136 36 27 2 24 1
2620 ORDER 3137 25 12 3 37 1
2621 ORDER 3138 21 20 30 43 0
2621 ORDER 3139 29 26 29 44 0
2622 ORDER 3140 29 5 1 32 0
2623 ORDER 3141 40 14 1 11 0
2624 ORDER 3142 32 12 4 44 1
2625 ORDER 3143 28 36 2 36 0
2626 ORDER 3144 34 36 16 44 2
2626 ORDER 3145 12 29 13 43 0
2627 ORDER 3146 36 26 31 44 0
2628 ORDER 3147 51 6 36 43 0
2629 ORDER 3148 19 32 2 35 0
2629 ORDER 3149 35 11 1 15 0
2630 ORDER 3150 39 17 2 10 0
2631 ORDER 3151 42 20 30 44 0
2632 ORDER 3152 12 8 3 32 0
2632 ORDER 3153 8 29 35 44 1
2633 ORDER 3154 31 20 6 43 1
2633 ORDER 3155 19 28 3 38 0
2634 ORDER 3156 22 15 37 43 0
2635 ORDER 3157 6 6 56 44 2
2636 ORDER 3158 37 39 33 44 1
2637 ORDER 3159 11 15 3 42 1
2638 ORDER 3160 55 26 18 43 0
2639 ORDER 3161 26 9 45 44 0
2640 ORDER 3162 17 24 3 37 2
2640 ORDER 3163 31 11 53 44 0
2641 ORDER 3164 41 26 36 44 1
2642 ORDER 3165 26 24 3 13 0
2643 ORDER 3166 28 11 35 43 0
2644 ORDER 3167 36 6 3 29 0
2645 ORDER 3168 25 11 3 21 2
2646 ORDER 3169 40 31 2 12 0
2647 ORDER 3170 22 5 18 44 2
2648 ORDER 3171 49 15 1 41 1
2648 ORDER 3172 37 39 1 22 0
2649 ORDER 3173 46 5 1 16 0
2650 ORDER 3174 9 12 2 38 0
2651 CANCEL 2954
2651 CANCEL 3038
2651 ORDER 3175 14 33 2 28 1
2651 ORDER 3176 9 39 1 27 0
2652 ORDER 3177 54 17 36 44 3
2653 ORDER 3178 52 5 2 37 0
2654 ORDER 3179 19 18 1 31 0
2655 ORDER 3180 7 36 2 18 0
2655 ORDER 3181 52 38 2 8 0
2656 ORDER 3182 29 3 3 24 2
2657 CANCEL 3021
2657 ORDER 3183 40 14 3 40 0
2658 ORDER 3184 38 24 3 9 0
2659 ORDER 3185 38 8 23 44 0
2660 ORDER 3186 51 39 3 31 0
2661 ORDER 3187 19 8 2 2 1
2662 ORDER 3188 55 27 3 1 0
2663 UNBLOCK 41 18
2663 ORDER 3189 54 26 2 12 0
2664 ORDER 3190 21 24 2 18 0
2665 ORDER 3191 34 41 3 38 2
2666 ORDER 3192 6 29 26 43 2
2667 ORDER 3193 9 9 2 39 0
2668 CANCEL 3164
2668 ORDER 3194 50 9 2 19 0
2669 ORDER 3195 46 30 3 12 1
2670 ORDER 3196 46 9 5 44 1
2671 ORDER 3197 19 11 2 44 1
2672 ORDER 3198 46 15 54 44 0
2673 ORDER 3199 19 6 27 43 0
2674 ORDER 3200 35 33 51 43 1
2674 ORDER 3201 19 9 39 43 1
2675 ORDER 3202 26 15 15 43 0
2676 ORDER 3203 6 5 16 43 2
2677 ORDER 3204 8 9 15 43 0
2678 ORDER 3205 52 12 3 5 1
2679 ORDER 3206 55 36 1 21 0
2680 ORDER 3207 55 3 3 27 0
2681 ORDER 3208 48 20 2 27 1
2681 ORDER 3209 37 23 3 43 0
2682 ORDER 3210 27 41 18 44 2
2682 ORDER 3211 32 15 16 43 0
2683 ORDER 3212 53 36 22 44 0
2684 ORDER 3213 43 14 2 25 2
2685 ORDER 3214 14 6 33 44 1
2686 ORDER 3215 48 26 2 37 0
2687 ORDER 3216 33 39 2 18 0
2688 ORDER 3217 17 35 19 44 1
2689 ORDER 3218 50 24 1 12 0
2689 ORDER 3219 26 30 1 39 0
2690 ORDER 3220 14 24 2 38 0
2691 ORDER 3221 11 3 5 43 0
2692 ORDER 3222 21 41 3 24 0
2693 ORDER 3223 46 41 3 24 0
2694 ORDER 3224 26 17 2 9 0
2695 ORDER 3225 20 12 2 42 0
2696 ORDER 3226 54 36 38 44 1
2697 ORDER 3227 48 12 24 43 0
2697 CANCEL 103227
2698 ORDER 3228 39 32 2 27 2
2699 ORDER 3229 28 23 3 36 0
2700 ORDER 3230 51 8 2 16 0
2701 ORDER 3231 28 6 2 26 0
2702 ORDER 3232 27 3 26 43 0
2703 ORDER 3233 50 9 31 43 1
2704 ORDER 3234 35 11 11 43 0
2705 ORDER 3235 42 12 19 43 1
2705 BLOCK 14 33
2706 ORDER 3236 29 8 9 43 0
2707 ORDER 3237 53 33 2 4 0
2708 ORDER 3238 46 27 1 4 1
2709 ORDER 3239 8 17 10 44 0
2710 ORDER 3240 46 35 3 5 1
2711 ORDER 3241 14 23 5 43 0
2711 ORDER 3242 22 14 53 43 0
2712 ORDER 3243 38 18 1 40 0
2712 ORDER 3244 20 23 5 43 1
2713 ORDER 3245 30 30 2 37 0
2714 ORDER 3246 35 24 2 41 0
2714 BLOCK 47 15
2715 ORDER 3247 18 41 3 10 0
2715 ORDER 3248 17 8 31 44 2
2716 ORDER 3249 47 39 14 44 0
2717 ORDER 3250 28 33 3 17 0
2717 ORDER 3251 42 39 33 44 0
2718 ORDER 3252 17 5 3 42 1
2719 ORDER 3253 53 14 16 43 3
2720 ORDER 3254 49 11 3 25 0
2721 ORDER 3255 17 3 3 13 0
2722 ORDER 3256 38 32 1 14 1
2723 CANCEL 3025
2723 ORDER 3257 32 21 24 44 0
2724 ORDER 3258 38 21 26 43 0
2725 ORDER 3259 39 17 17 43 1
2726 ORDER 3260 40 26 9 43 1
2726 ORDER 3261 37 8 34 43 0
2727 ORDER 3262 31 16 3 13 0
2728 ORDER 3263 36 14 1 13 0
2729 ORDER 3264 48 26 45 44 1
2730 ORDER 3265 39 36 3 25 0
2731 ORDER 3266 17 5 36 44 3
2731 ORDER 3267 54 23 3 29 1
2732 ORDER 3268 37 35 1 42 2
2733 ORDER 3269 36 33 34 44 0
2734 ORDER 3270 34 36 3 20 2
2735 ORDER 3271 48 21 2 27 0
2736 ORDER 3272 39 32 37 43 0
2737 ORDER 3273 32 15 52 43 0
2738 ORDER 3274 25 38 11 44 1
2739 ORDER 3275 28 11 10 43 0
2740 ORDER 3276 28 8 3 21 0
2741 ORDER 3277 10 32 36 44 0
2742 ORDER 3278 12 9 24 44 0
2743 CANCEL 3117
2743 ORDER 3279 39 14 1 3 2
2744 ORDER 3280 11 18 9 44 0
2745 ORDER 3281 39 3 54 44 0
2745 ORDER 3282 16 12 52 44 0
2746 ORDER 3283 28 33 55 44 0
2747 UNBLOCK 47 15
2747 ORDER 3284 38 12 1 1 1
2747 ORDER 3285 18 3 1 18 1
2748 ORDER 3286 11 15 2 34 1
2749 ORDER 3287 44 17 1 33 1
2750 ORDER 3288 30 20 30 43 1
2751 ORDER 3289 40 18 2 43 0
2752 ORDER 3290 16 33 1 28 1
2753 ORDER 3291 40 18 3 16 2
2754 ORDER 3292 44 6 1 3 0
2755 ORDER 3293 29 5 1 4 0
2756 ORDER 3294 45 39 41 43 0
2757 ORDER 3295 40 24 3 26 0
2757 ORDER 3296 21 41 12 44 0
2758 ORDER 3297 18 5 9 44 2
2759 ORDER 3298 43 9 51 43 0
2759 ORDER 3299 37 39 26 43 1
2760 ORDER 3300 51 12 2 13 0
2761 ORDER 3301 55 36 52 44 2
2762 ORDER 3302 8 32 1 1 3
2762 ORDER 3303 6 29 55 43 0
2763 ORDER 3304 13 8 6 44 0
2764 ORDER 3305 17 33 50 44 1
2765 ORDER 3306 48 12 10 43 0
2766 ORDER 3307 20 8 37 43 0
2766 ORDER 3308 34 20 58 43 1
2767 ORDER 3309 49 24 1 35 1
2767 ORDER 3310 15 35 58 43 1
2768 ORDER 3311 30 36 39 44 0
2769 ORDER 3312 54 29 49 44 3
2770 ORDER 3313 54 21 28 43 0
2770 ORDER 3314 25 14 3 5 1
2771 ORDER 3315 54 30 21 43 0
2772 ORDER 3316 55 24 18 43 0
2772 BLOCK 18 33
2773 ORDER 3317 24 35 1 37 0
2773 ORDER 3318 52 35 2 39 0
2774 ORDER 3319 13 15 13 44 1
2775 ORDER 3320 30 32 1 41 2
2776 ORDER 3321 49 29 34 43 0
2777 ORDER 3322 35 24 1 30 0
2778 ORDER 3323 16 29 1 20 0
2779 UNBLOCK 14 33
2779 CANCEL 3255
2779 ORDER 3324 28 33 1 18 3
2779 ORDER 3325 12 30 37 44 0
2780 ORDER 3326 12 8 22 44 0
2780 ORDER 3327 25 8 2 23 0
2781 ORDER 3328 30 33 3 25 0
2782 ORDER 3329 43 36 54 43 1
2782 ORDER 3330 29 21 2 30 1
2783 ORDER 3331 6 26 1 14 0
2783 ORDER 3332 17 29 2 5 1
2784 ORDER 3333 10 35 2 7 0
2785 ORDER 3334 22 5 2 31 1
2786 ORDER 3335 6 21 32 43 1
2787 ORDER 3336 12 14 9 43 1
2788 ORDER 3337 46 8 1 13 2
2789 ORDER 3338 29 14 16 44 1
2790 ORDER 3339 17 9 55 43 0
2791 ORDER 3340 17 23 1 30 0
2791 ORDER 3341 22 21 1 15 0
2792 ORDER 3342 10 39 2 23 2
2793 ORDER 3343 32 21 3 25 0
2794 ORDER 3344 40 27 3 18 2
2795 ORDER 3345 36 39 4 43 0
2796 ORDER 3346 29 32 3 26 1
2797 ORDER 3347 45 39 2 37 1
2798 ORDER 3348 31 9 45 44 0
2799 ORDER 3349 50 32 2 22 1
2800 ORDER 3350 34 39 1 33 0
2801 ORDER 3351 32 27 32 43 3
2802 ORDER 3352 17 21 1 6 0
2802 ORDER 3353 53 14 2 16 0
2803 ORDER 3354 52 38 1 12 2
2804 ORDER 3355 52 14 3 13 1
2804 ORDER 3356 16 30 1 17 2
2804 BLOCK 7 43
2805 ORDER 3357 20 6 2 33 0
2806 ORDER 3358 17 3 46 43 0
2807 ORDER 3359 28 35 11 44 0
2807 ORDER 3360 19 6 1 1 1
2808 ORDER 3361 10 5 26 44 0
2809 ORDER 3362 21 12 1 25 0
2809 ORDER 3363 8 5 53 44 0
2810 ORDER 3364 28 41 57 43 0
2811 ORDER 3365 28 12 3 29 0
2812 CANCEL 3149
2812 ORDER 3366 32 33 28 44 0
2813 ORDER 3367 26 8 8 43 1
2814 ORDER 3368 7 41 9 44 1
2815 UNBLOCK 18 33
2815 ORDER 3369 38 39 3 7 0
2816 ORDER 3370 39 30 26 43 0
2817 ORDER 3371 44 35 1 10 0
2817 BLOCK 50 38
2818 ORDER 3372 41 11 2 3 0
2819 ORDER 3373 20 33 2 24 1
2820 ORDER 3374 42 38 2 14 0
2821 ORDER 3375 43 14 24 44 0
2822 ORDER 3376 33 17 32 44 1
2823 ORDER 3377 26 38 3 28 0
2823 ORDER 3378 41 5 2 31 1
2824 ORDER 3379 28 22 8 43 0
2825 ORDER 3380 10 38 1 36 0
2826 ORDER 3381 16 35 3 31 0
2827 ORDER 3382 47 26 3 8 0
2828 ORDER 3383 50 21 13 43 3
2829 ORDER 3384 42 41 1 3 1
2829 BLOCK 20 3
2830 ORDER 3385 48 41 1 17 1
2831 ORDER 3386 39 27 3 13 0
2831 ORDER 3387 42 18 3 5 0
2832 ORDER 3388 40 17 30 44 1
2833 ORDER 3389 39 5 4 44 1
2834 ORDER 3390 18 12 2 41 0
2835 ORDER 3391 44 21 33 44 0
2836 ORDER 3392 7 36 3 37 0
2836 BLOCK 49 11
2837 ORDER 3393 47 20 1 40 0
2838 ORDER 3394 20 12 1 3 0
2839 ORDER 3395 36 3 1 26 3
2840 ORDER 3396 38 15 42 44 1
2840 BLOCK 32 2
2841 ORDER 3397 39 23 3 13 1
2842 ORDER 3398 7 7 22 43 0
2843 ORDER 3399 49 14 3 34 1
2844 ORDER 3400 30 12 54 43 0
2845 ORDER 3401 20 5 13 43 2
2846 ORDER 3402 34 6 1 18 0
2847 ORDER 3403 26 36 2 17 0
2847 ORDER 3404 41 14 3 43 0
2848 ORDER 3405 6 15 4 44 0
2849 ORDER 3406 49 24 1 25 0
2850 CANCEL 3361
2850 ORDER 3407 20 32 38 44 2
2851 ORDER 3408 52 18 21 44 2
2851 ORDER 3409 13 23 1 29 0
2852 ORDER 3410 43 11 3 6 0
2852 ORDER 3411 30 35 25 44 0
2853 ORDER 3412 44 23 1 42 0
2854 ORDER 3413 22 12 49 43 0
2855 ORDER 3414 30 20 33 43 0
2856 ORDER 3415 52 15 3 3 1
2857 ORDER 3416 52 12 1 29 0
2858 ORDER 3417 27 23 1 4 0
2858 ORDER 3418 17 36 51 43 1
2859 ORDER 3419 18 5 20 44 0
2859 ORDER 3420 45 5 46 44 0
2860 ORDER 3421 45 30 54 43 0
2861 ORDER 3422 52 17 3 25 0
2862 ORDER 3423 6 29 31 44 1
2863 ORDER 3424 8 29 16 44 0
2864 ORDER 3425 42 18 2 38 0
2864 ORDER 3426 29 17 55 44 3
2865 ORDER 3427 30 6 3 25 0
2865 ORDER 3428 38 14 22 43 2
2866 ORDER 3429 10 19 41 44 2
2867 ORDER 3430 39 36 55 44 0
2868 ORDER 3431 54 41 47 44 0
2869 ORDER 3432 20 20 44 43 0
2869 ORDER 3433 19 27 2 2 1
2870 ORDER 3434 34 24 1 28 0
2871 ORDER 3435 24 9 33 43 0
2872 ORDER 3436 12 20 3 22 0
2873 ORDER 3437 18 3 1 36 0
2874 ORDER 3438 19 27 45 44 0
2875 ORDER 3439 54 33 8 44 0
2876 ORDER 3440 54 39 1 21 1
2876 ORDER 3441 21 12 10 43 0
2877 ORDER 3442 42 41 53 44 0
2878 ORDER 3443 23 11 6 44 0
2879 ORDER 3444 28 14 36 43 0
2879 ORDER 3445 10 26 2 43 0
2880 ORDER 3446 55 17 1 25 0
2881 ORDER 3447 23 20 40 43 0
2881 ORDER 3448 11 20 1 34 1
2882 ORDER 3449 53 15 29 43 0
2883 ORDER 3450 6 9 28 44 0
2884 ORDER 3451 32 27 2 20 0
2885 ORDER 3452 49 23 52 44 2
2886 ORDER 3453 40 24 8 43 0
2887 ORDER 3454 32 35 3 38 0
2888 ORDER 3455 25 29 3 27 0
2889 ORDER 3456 16 24 24 44 2
2890 ORDER 3457 21 30 1 44 0
2891 ORDER 3458 12 14 2 34 1
2892 ORDER 3459 21 20 49 44 0
2893 ORDER 3460 17 15 3 22 2
2893 BLOCK 15 16
2894 UNBLOCK 20 3
2894 ORDER 3461 32 9 1 2 2
2895 UNBLOCK 32 2
2895 ORDER 3462 45 15 2 27 0
2896 ORDER 3463 53 36 40 44 0
2896 ORDER 3464 36 15 1 21 0
2897 ORDER 3465 37 18 2 26 0
2898 ORDER 3466 35 11 2 34 1
2898 ORDER 3467 20 26 3 6 0
2899 ORDER 3468 35 38 19 44 0
2900 ORDER 3469 7 6 40 44 3
2901 ORDER 3470 18 33 2 29 2
2901 ORDER 3471 18 21 42 44 2
2901 BLOCK 39 32
2902 ORDER 3472 27 8 3 16 0
2903 UNBLOCK 7 43
2903 ORDER 3473 47 32 16 43 1
2904 ORDER 3474 49 11 1 36 1
2904 ORDER 3475 29 23 18 43 0
2905 ORDER 3476 11 17 50 43 0
2906 UNBLOCK 49 11
2906 ORDER 3477 46 39 1 5 0
2907 ORDER 3478 8 24 3 5 0
2908 ORDER 3479 10 3 3 40 0
2909 ORDER 3480 10 8 1 15 0
2909 ORDER 3481 38 41 1 37 0
2910 ORDER 3482 14 38 50 44 2
2911 ORDER 3483 19 35 3 44 3
2912 ORDER 3484 45 32 41 43 0
2913 ORDER 3485 45 9 3 36 1
2914 ORDER 3486 47 6 1 11 1
2915 ORDER 3487 14 41 2 40 0
2916 ORDER 3488 20 21 3 8 0
2917 ORDER 3489 20 29 2 44 2
2918 CANCEL 3449
2918 ORDER 3490 44 8 46 43 1
2919 ORDER 3491 28 17 54 43 1
2920 ORDER 3492 21 26 55 43 1
2921 ORDER 3493 10 24 2 2 0
2922 ORDER 3494 26 30 2 8 0
2923 ORDER 3495 19 6 1 26 0
2924 ORDER 3496 30 26 1 40 0
2924 ORDER 3497 44 11 38 43 0
2925 UNBLOCK 50 38
2925 ORDER 3498 39 15 3 35 1
2926 ORDER 3499 39 23 45 43 0
2927 CANCEL 3282
2927 ORDER 3500 9 36 56 44 1
2928 ORDER 3501 23 20 2 23 1
2928 ORDER 3502 7 3 27 44 2
2929 ORDER 3503 13 6 3 3 0
2930 ORDER 3504 29 20 17 44 0
2931 ORDER 3505 31 3 3 13 1
2932 ORDER 3506 44 8 1 2 0
2933 ORDER 3507 25 9 1 20 1
2934 ORDER 3508 32 11 30 43 0
2934 ORDER 3509 12 3 3 15 3
2935 ORDER 3510 48 27 46 44 0
2936 ORDER 3511 51 8 22 43 1
2937 ORDER 3512 11 30 2 31 0
2937 BLOCK 54 42
2938 ORDER 3513 16 12 1 33 0
2939 ORDER 3514 51 14 2 3 0
2940 ORDER 3515 25 8 1 1 1
2940 ORDER 3516 49 23 3 36 2
2941 ORDER 3517 40 21 1 1 0
2941 ORDER 3518 42 27 2 24 0
2942 ORDER 3519 21 20 3 36 3
2942 ORDER 3520 8 23 3 36 1
2943 ORDER 3521 30 6 3 10 0
2943 ORDER 3522 11 11 2 41 1
2944 ORDER 3523 22 17 1 13 0
2944 ORDER 3524 47 18 1 3 1
2945 ORDER 3525 35 32 32 44 0
2946 ORDER 3526 18 11 50 43 1
2947 ORDER 3527 36 30 27 44 2
2948 ORDER 3528 34 8 6 43 0
2948 ORDER 3529 10 6 3 7 0
2949 ORDER 3530 50 8 3 39 0
2950 ORDER 3531 45 15 2 19 0
2951 ORDER 3532 40 5 38 44 0
2951 BLOCK 44 44
2952 ORDER 3533 35 26 1 8 0
2953 ORDER 3534 9 17 1 20 3
2953 ORDER 3535 45 39 16 43 0
2954 ORDER 3536 50 18 1 15 1
2955 UNBLOCK 15 16
2955 ORDER 3537 37 17 40 44 0
2955 ORDER 3538 52 14 50 44 0
2956 ORDER 3539 49 15 3 6 1
2956 ORDER 3540 39 15 3 42 1
2957 ORDER 3541 51 5 54 44 0
2958 ORDER 3542 46 6 3 40 0
2958 ORDER 3543 52 8 2 13 0
2959 ORDER 3544 45 18 50 43 2
2960 ORDER 3545 47 24 3 23 0
2961 ORDER 3546 27 36 6 44 0
2962 ORDER 3547 39 26 1 25 0
2962 ORDER 3548 7 3 1 10 0
2963 ORDER 3549 50 29 56 44 0
2964 ORDER 3550 34 38 2 23 0
2965 ORDER 3551 20 24 1 15 3
2966 ORDER 3552 52 12 34 44 1
2967 ORDER 3553 33 36 1 7 2
2967 ORDER 3554 7 23 3 14 0
2968 ORDER 3555 11 27 2 39 2
2969 ORDER 3556 26 3 25 44 0
2970 UNBLOCK 54 42
2970 ORDER 3557 44 26 27 43 1
2971 ORDER 3558 21 21 1 4 0
2971 CANCEL 103558
2972 ORDER 3559 7 5 3 20 3
2973 ORDER 3560 20 12 3 31 2
2974 ORDER 3561 38 32 3 30 0
2975 ORDER 3562 26 27 3 10 0
2975 ORDER 3563 53 9 2 1 3
2976 ORDER 3564 16 41 31 44 1
2976 ORDER 3565 23 3 2 27 0
2977 ORDER 3566 31 23 18 44 0
2978 ORDER 3567 12 6 11 43 0
2979 ORDER 3568 28 29 2 20 0
2979 ORDER 3569 55 29 40 44 2
2980 ORDER 3570 19 39 45 44 0
2981 ORDER 3571 26 12 29 44 2
2982 ORDER 3572 19 38 42 44 0
2983 ORDER 3573 49 26 21 43 0
2984 ORDER 3574 54 29 28 43 3
2985 ORDER 3575 27 38 5 43 0
2986 ORDER 3576 47 26 1 30 2
2987 ORDER 3577 31 3 9 43 1
2988 ORDER 3578 8 36 2 8 0
2989 CANCEL 3480
2989 ORDER 3579 6 38 45 43 0
2989 ORDER 3580 44 5 1 30 0
2990 ORDER 3581 19 21 3 18 0
2991 ORDER 3582 52 18 1 39 2
2992 ORDER 3583 17 12 2 18 0
2993 ORDER 3584 41 15 2 38 0
2994 ORDER 3585 44 5 52 44 1
2995 ORDER 3586 20 3 1 44 0
2996 ORDER 3587 28 20 1 22 0
2997 ORDER 3588 9 26 2 8 1
2997 ORDER 3589 39 12 2 18 1
2998 ORDER 3590 8 11 1 1 0
2999 ORDER 3591 10 24 42 43 0
3000 ORDER 3592 51 26 3 37 0
3001 ORDER 3593 6 9 11 44 2
3002 ORDER 3594 26 33 2 40 3
3003 ORDER 3595 55 26 8 44 0
3004 ORDER 3596 34 18 46 43 1
3005 ORDER 3597 12 17 3 21 0
3006 ORDER 3598 14 35 18 43 0
3006 ORDER 3599 53 21 1 34 3
3007 ORDER 3600 31 21 1 44 0
3008 ORDER 3601 17 8 52 44 0
3008 ORDER 3602 36 38 40 44 0
3009 ORDER 3603 36 36 18 44 0
3010 ORDER 3604 50 27 3 30 2
3011 UNBLOCK 39 32
3011 ORDER 3605 55 26 2 12 1
3012 ORDER 3606 30 28 25 43 0
3012 ORDER 3607 17 6 35 43 0
3013 ORDER 3608 49 5 3 8 1
3014 ORDER 3609 16 39 1 40 2
3015 ORDER 3610 43 27 2 37 2
3016 UNBLOCK 44 44
3016 ORDER 3611 50 26 1 42 1
3017 ORDER 3612 51 8 3 41 3
3018 ORDER 3613 35 6 19 44 1
3018 ORDER 3614 6 35 1 44 3
3019 ORDER 3615 40 12 1 33 2
3020 ORDER 3616 36 9 3 25 0
3021 ORDER 3617 10 35 3 31 0
3022 ORDER 3618 46 17 41 43 0
3023 ORDER 3619 7 8 3 27 0
3024 ORDER 3620 26 36 2 5 1
3024 ORDER 3621 50 3 1 36 0
3025 ORDER 3622 23 11 3 9 0
3026 ORDER 3623 54 35 3 35 2
3027 ORDER 3624 38 36 2 7 0
3028 CANCEL 3489
3028 ORDER 3625 48 8 2 28 0
3029 ORDER 3626 32 23 38 44 0
3030 ORDER 3627 51 12 2 34 0
3031 ORDER 3628 17 32 23 44 0
3032 CANCEL 3405
3032 ORDER 3629 33 18 1 30 0
3033 CANCEL 3554
3033 ORDER 3630 14 26 1 19 0
3034 ORDER 3631 12 23 37 43 1
3035 ORDER 3632 40 6 2 6 1
3036 ORDER 3633 20 23 3 5 0
3037 ORDER 3634 16 39 3 23 1
3038 ORDER 3635 8 5 2 19 0
3039 ORDER 3636 18 21 3 13 0
3040 ORDER 3637 39 20 3 6 1
3041 ORDER 3638 14 41 1 1 2
3042 ORDER 3639 16 24 3 32 0
3042 ORDER 3640 7 17 2 42 2
3043 ORDER 3641 9 39 18 43 0
3044 ORDER 3642 26 39 2 23 1
3045 ORDER 3643 24 27 19 43 1
3045 ORDER 3644 29 41 2 42 1
3046 ORDER 3645 50 29 10 43 0
3047 ORDER 3646 25 11 38 43 0
3048 ORDER 3647 18 38 3 14 0
3049 ORDER 3648 55 3 3 37 0
3050 ORDER 3649 7 6 1 17 1
3051 CANCEL 3436
3051 ORDER 3650 11 5 3 38 2
3052 ORDER 3651 6 20 16 43 0
3052 ORDER 3652 9 24 25 43 1
3053 ORDER 3653 38 36 28 44 1
3054 ORDER 3654 8 24 2 12 1
3055 ORDER 3655 22 38 42 44 0
3055 ORDER 3656 18 33 10 43 0
3056 ORDER 3657 33 15 2 24 0
3057 ORDER 3658 51 18 1 30 0
3058 ORDER 3659 8 8 1 13 0
3059 ORDER 3660 38 33 2 26 0
3060 ORDER 3661 48 14 32 43 0
3061 ORDER 3662 15 41 1 36 0
3062 ORDER 3663 55 24 3 24 0
3062 ORDER 3664 41 18 3 23 1
3063 ORDER 3665 33 38 2 41 0
3064 ORDER 3666 49 21 1 4 1
3065 ORDER 3667 38 41 2 20 0
3066 ORDER 3668 21 12 24 44 0
3066 ORDER 3669 48 41 1 42 1
3067 ORDER 3670 42 29 32 43 1
3067 ORDER 3671 37 36 3 29 0
3068 ORDER 3672 7 6 14 44 2
3068 ORDER 3673 48 6 9 43 0
3069 ORDER 3674 30 29 1 3 2
3069 ORDER 3675 45 30 1 38 2
3070 ORDER 3676 39 17 33 44 0
3071 ORDER 3677 39 36 17 44 2
3072 ORDER 3678 46 6 1 22 0
3072 ORDER 3679 31 17 2 17 0
3073 ORDER 3680 36 27 47 44 2
3074 ORDER 3681 29 15 57 43 0
3074 ORDER 3682 6 32 3 35 0
3075 ORDER 3683 6 26 1 32 1
3076 ORDER 3684 22 18 56 44 1
3077 ORDER 3685 50 8 3 34 0
3077 ORDER 3686 47 38 1 9 0
3078 ORDER 3687 47 23 3 32 1
3079 ORDER 3688 50 12 26 43 1
3079 ORDER 3689 10 38 35 44 1
3080 ORDER 3690 51 6 18 43 1
3081 ORDER 3691 49 15 8 43 0
3082 ORDER 3692 14 33 3 24 2
3082 ORDER 3693 26 15 2 30 1
3083 ORDER 3694 32 11 24 43 1
3084 ORDER 3695 40 30 2 4 0
3084 ORDER 3696 17 33 21 43 2
3085 ORDER 3697 51 24 6 44 0
3086 ORDER 3698 26 39 3 24 1
3087 ORDER 3699 20 33 24 43 0
3088 ORDER 3700 7 17 37 43 2
3089 ORDER 3701 15 32 2 17 3
3090 ORDER 3702 38 6 36 43 0
3090 ORDER 3703 16 41 26 43 0
3091 ORDER 3704 27 33 2 19 0
3092 ORDER 3705 39 12 2 21 1
3093 ORDER 3706 14 20 3 22 1
3094 ORDER 3707 49 18 37 44 1
3095 ORDER 3708 7 30 3 43 1
3096 ORDER 3709 40 6 37 43 0
3096 ORDER 3710 33 11 1 3 0
3097 ORDER 3711 12 5 21 44 0
3097 ORDER 3712 16 14 27 43 3
3098 ORDER 3713 9 32 3 19 1
3098 ORDER 3714 40 11 43 43 0
3099 ORDER 3715 30 38 22 43 1
3100 ORDER 3716 37 36 58 43 0
3101 ORDER 3717 9 5 2 19 0
3102 ORDER 3718 16 30 2 22 0
3103 ORDER 3719 14 21 24 43 2
3103 BLOCK 35 20
3104 ORDER 3720 38 21 22 44 0
3105 ORDER 3721 13 8 14 43 1
3106 ORDER 3722 32 27 36 44 0
3107 ORDER 3723 24 39 3 24 0
3108 ORDER 3724 47 38 1 10 3
3109 ORDER 3725 38 20 2 12 0
3109 ORDER 3726 50 9 1 39 0
3110 ORDER 3727 27 29 13 44 2
3110 ORDER 3728 16 27 22 44 0
3111 ORDER 3729 31 3 1 13 1
3112 ORDER 3730 20 23 1 21 1
3112 ORDER 3731 48 38 2 3 0
3113 ORDER 3732 43 12 30 43 0
3113 ORDER 3733 27 12 50 44 0
3114 ORDER 3734 30 30 38 43 1
3115 ORDER 3735 32 14 1 41 0
3116 ORDER 3736 16 5 16 44 1
3117 ORDER 3737 33 9 3 3 0
3118 ORDER 3738 43 36 38 44 0
3119 ORDER 3739 34 26 51 43 2
3119 ORDER 3740 11 36 3 36 1
3120 ORDER 3741 23 32 1 3 3
3121 ORDER 3742 25 36 18 43 0
3121 ORDER 3743 32 27 38 44 2
3122 ORDER 3744 19 11 1 14 0
3123 ORDER 3745 50 6 2 25 0
3124 ORDER 3746 12 3 2 25 0
3125 ORDER 3747 6 27 4 43 0
3126 ORDER 3748 51 27 1 7 0
3127 ORDER 3749 35 30 28 44 0
3127 ORDER 3750 6 8 2 39 1
3128 ORDER 3751 32 18 44 44 1
3129 ORDER 3752 49 18 1 39 0
3130 ORDER 3753 27 11 1 16 2
3131 ORDER 3754 43 27 45 44 1
3132 ORDER 3755 8 30 1 34 0
3132 ORDER 3756 41 41 47 43 2
3133 ORDER 3757 19 24 1 19 0
3133 ORDER 3758 39 3 1 8 0
3134 ORDER 3759 10 5 3 17 0
3135 ORDER 3760 27 12 26 44 2
3135 ORDER 3761 16 9 3 35 2
3136 ORDER 3762 52 33 3 28 0
3137 ORDER 3763 51 18 1 30 2
3138 ORDER 3764 40 33 2 13 1
3139 ORDER 3765 19 11 25 43 0
3139 BLOCK 44 32
3140 ORDER 3766 41 18 2 25 1
3141 ORDER 3767 27 29 9 43 1
3142 ORDER 3768 53 36 2 8 1
3142 BLOCK 52 1
3143 ORDER 3769 35 36 1 3 0
3144 ORDER 3770 46 12 16 44 0
3145 ORDER 3771 41 29 8 43 2
3146 ORDER 3772 16 26 8 44 1
3147 ORDER 3773 47 36 2 30 0
3148 ORDER 3774 30 26 47 44 1
3149 ORDER 3775 10 29 3 16 0
3150 ORDER 3776 35 27 24 44 0
3151 ORDER 3777 43 12 49 44 1
3152 CANCEL 3773
3152 ORDER 3778 37 24 2 20 0
3153 ORDER 3779 8 14 3 3 1
3154 ORDER 3780 33 39 3 36 0
3154 ORDER 3781 7 20 41 43 0
3155 ORDER 3782 36 9 2 28 0
3156 ORDER 3783 12 15 1 32 0
3157 ORDER 3784 20 15 2 2 0
3157 ORDER 3785 52 8 1 24 0
3158 ORDER 3786 45 8 46 43 1
3159 ORDER 3787 37 12 2 13 0
3159 ORDER 3788 34 32 1 18 1
3160 ORDER 3789 19 38 1 15 0
3161 ORDER 3790 28 17 1 8 0
3162 ORDER 3791 12 21 1 14 2
3163 ORDER 3792 36 29 2 26 0
3163 ORDER 3793 47 23 1 2 0
3164 ORDER 3794 46 15 2 31 0
3165 ORDER 3795 22 30 33 44 3
3166 ORDER 3796 12 3 4 43 1
3167 ORDER 3797 13 27 3 22 3
3168 ORDER 3798 17 14 3 39 1
3169 ORDER 3799 46 20 2 22 0
3170 ORDER 3800 55 3 3 1 0
3171 ORDER 3801 49 3 57 44 3
3171 ORDER 3802 43 39 51 43 0
3172 ORDER 3803 10 24 1 8 2
3173 ORDER 3804 27 15 3 34 1
3174 ORDER 3805 41 6 54 43 1
3174 ORDER 3806 9 9 1 28 0
3175 ORDER 3807 12 9 12 43 0
3176 ORDER 3808 49 24 2 6 0
3177 ORDER 3809 31 18 42 43 0
3178 ORDER 3810 25 25 3 26 1
3179 ORDER 3811 12 27 2 36 0
3179 ORDER 3812 16 29 54 44 1
3180 ORDER 3813 22 18 12 44 3
3180 ORDER 3814 26 27 3 42 1
3180 BLOCK 21 15
3181 ORDER 3815 49 11 3 19 1
3182 ORDER 3816 9 9 45 43 1
3183 ORDER 3817 22 36 42 43 0
3184 ORDER 3818 22 38 3 25 0
3185 ORDER 3819 27 12 43 43 1
3186 ORDER 3820 25 6 23 44 0
3187 ORDER 3821 26 27 21 44 0
3188 CANCEL 3590
3188 ORDER 3822 47 27 2 25 1
3189 ORDER 3823 22 5 3 8 1
3190 ORDER 3824 18 24 11 44 0
3191 ORDER 3825 28 24 15 43 1
3192 ORDER 3826 6 3 1 10 2
3192 ORDER 3827 14 36 45 43 0
3193 ORDER 3828 19 38 40 43 1
3193 ORDER 3829 8 21 23 44 0
3194 ORDER 3830 47 18 1 17 0
3195 ORDER 3831 13 20 26 43 0
3196 ORDER 3832 31 22 1 26 2
3197 ORDER 3833 10 23 3 10 0
3198 CANCEL 3666
3198 ORDER 3834 43 35 6 43 2
3199 ORDER 3835 33 41 26 43 0
3200 ORDER 3836 36 21 44 43 0
3201 ORDER 3837 38 36 14 44 1
3202 ORDER 3838 26 33 11 43 0
3203 ORDER 3839 13 17 1 3 0
3204 ORDER 3840 35 24 37 44 3
3204 ORDER 3841 36 23 57 43 1
3205 ORDER 3842 30 5 36 43 1
3206 ORDER 3843 15 3 8 43 0
3207 ORDER 3844 47 3 3 37 1
3208 ORDER 3845 52 15 50 43 0
3209 ORDER 3846 13 15 13 43 1
3210 ORDER 3847 11 26 2 26 0
3211 ORDER 3848 21 8 54 44 0
3212 ORDER 3849 26 23 1 9 1
3213 ORDER 3850 8 27 2 35 2
3214 ORDER 3851 25 27 3 36 0
3215 ORDER 3852 32 35 1 22 0
3216 UNBLOCK 35 20
3216 ORDER 3853 43 9 1 12 1
3217 ORDER 3854 11 26 18 44 3
3218 CANCEL 3777
3218 ORDER 3855 30 15 1 34 2
3219 ORDER 3856 29 5 1 13 0
3220 ORDER 3857 9 3 3 41 0
3220 ORDER 3858 35 41 38 43 1
3221 ORDER 3859 16 9 3 4 1
3221 ORDER 3860 32 29 1 35 2
3222 ORDER 3861 16 24 8 44 0
3223 ORDER 3862 23 5 3 33 2
3224 ORDER 3863 38 18 25 43 1
3224 ORDER 3864 41 32 3 5 1
3225 ORDER 3865 18 21 3 22 0
3226 ORDER 3866 11 14 49 43 0
3227 ORDER 3867 48 5 3 27 0
3228 ORDER 3868 20 41 27 44 0
3228 ORDER 3869 20 33 2 8 0
3229 ORDER 3870 15 3 1 42 0
3229 ORDER 3871 9 41 3 8 0
3230 ORDER 3872 20 35 9 44 1
3231 ORDER 3873 40 30 45 44 2
3231 ORDER 3874 48 38 3 16 1
3232 ORDER 3875 10 23 53 43 0
3233 ORDER 3876 14 23 3 24 0
3234 ORDER 3877 41 21 3 25 0
3235 ORDER 3878 45 6 3 42 0
3236 ORDER 3879 55 27 39 44 1
3237 ORDER 3880 24 29 12 44 0
3237 CANCEL 103880
3238 ORDER 3881 44 9 1 29 0
3238 ORDER 3882 30 41 10 43 0
3239 ORDER 3883 34 5 27 43 0
3240 ORDER 3884 41 3 36 44 1
3241 ORDER 3885 24 26 2 23 0
3242 UNBLOCK 52 1
3242 ORDER 3886 23 32 3 12 0
3243 ORDER 3887 28 29 22 43 1
3243 ORDER 3888 46 6 5 43 1
3244 ORDER 3889 19 18 12 43 1
3245 ORDER 3890 46 14 1 15 0
3246 UNBLOCK 44 32
3246 ORDER 3891 43 14 56 44 1
3247 ORDER 3892 17 20 56 43 1
3248 ORDER 3893 19 39 2 29 0
3248 ORDER 3894 43 21 18 44 3
3249 ORDER 3895 8 33 2 33 0
3249 ORDER 3896 42 23 34 44 0
3250 ORDER 3897 47 27 12 44 0
3250 ORDER 3898 28 14 1 2 0
3250 BLOCK 35 11
3251 ORDER 3899 26 3 19 44 0
3252 ORDER 3900 8 39 1 9 0
3253 ORDER 3901 21 5 3 5 0
3253 ORDER 3902 8 21 1 40 0
3254 ORDER 3903 36 24 1 7 0
3255 ORDER 3904 28 35 40 43 0
3255 ORDER 3905 17 18 14 43 0
3256 ORDER 3906 49 15 2 34 0
3257 UNBLOCK 21 15
3257 ORDER 3907 14 21 2 11 0
3258 ORDER 3908 47 21 2 4 2
3258 ORDER 3909 17 40 40 43 2
3259 ORDER 3910 54 36 1 14 0
3259 ORDER 3911 39 5 46 43 1
3260 ORDER 3912 20 5 3 39 0
3261 ORDER 3913 33 36 3 2 0
3262 ORDER 3914 28 15 2 24 0
3263 ORDER 3915 29 21 2 3 2
3264 ORDER 3916 46 35 50 43 0
3265 ORDER 3917 49 20 54 43 1
3266 ORDER 3918 44 30 20 44 0
3267 ORDER 3919 51 35 2 1 0
3268 ORDER 3920 22 12 3 42 1
3269 ORDER 3921 36 27 3 8 0
3270 ORDER 3922 45 9 45 44 1
3271 ORDER 3923 49 3 1 1 1
3272 ORDER 3924 30 21 41 44 0
3273 ORDER 3925 6 27 2 10 0
3274 ORDER 3926 8 18 3 11 1
3275 ORDER 3927 24 29 44 43 0
3276 ORDER 3928 30 15 3 7 2
3277 ORDER 3929 25 14 3 34 0
3277 ORDER 3930 34 9 52 44 0
3278 ORDER 3931 7 27 58 44 0
3278 ORDER 3932 19 18 36 43 0
3279 ORDER 3933 38 23 3 33 1
3280 ORDER 3934 11 38 15 43 0
3281 ORDER 3935 11 27 2 15 0
3282 ORDER 3936 39 30 1 41 1
3283 ORDER 3937 27 21 1 33 1
3283 BLOCK 32 20
3284 ORDER 3938 36 30 3 25 0
3285 ORDER 3939 48 30 3 31 1
3286 ORDER 3940 40 11 1 5 0
3287 ORDER 3941 55 41 2 41 0
3288 ORDER 3942 44 41 2 36 1
3288 ORDER 3943 19 24 41 44 0
3289 ORDER 3944 54 39 2 17 0
3290 ORDER 3945 46 41 25 44 0
3290 ORDER 3946 39 14 20 44 0
3291 ORDER 3947 28 32 1 10 0
3291 BLOCK 30 3
3292 ORDER 3948 55 9 3 37 2
3292 BLOCK 38 20
3293 ORDER 3949 34 30 2 2 0
3294 ORDER 3950 32 15 46 43 1
3295 ORDER 3951 35 39 3 9 2
3296 ORDER 3952 37 17 4 43 0
3297 ORDER 3953 28 5 1 29 0
3298 ORDER 3954 23 20 1 9 0
3299 ORDER 3955 49 11 24 43 0
3300 ORDER 3956 54 21 2 31 0
3301 ORDER 3957 30 36 23 43 3
3302 ORDER 3958 7 12 2 22 0
3303 ORDER 3959 47 30 2 3 0
3303 ORDER 3960 47 12 1 22 0
3304 ORDER 3961 28 8 23 44 0
3305 ORDER 3962 29 23 56 44 1
3306 ORDER 3963 55 41 3 27 2
3306 ORDER 3964 40 5 24 43 0
3307 ORDER 3965 39 23 55 43 0
3308 ORDER 3966 8 29 20 43 0
3309 ORDER 3967 21 6 3 31 0
3309 BLOCK 21 10
3310 ORDER 3968 45 36 47 43 2
3310 ORDER 3969 27 21 2 9 1
3311 ORDER 3970 54 30 46 43 0
3312 ORDER 3971 42 21 2 17 0
3313 ORDER 3972 52 5 37 44 0
3314 ORDER 3973 11 17 2 3 1
3315 ORDER 3974 30 3 2 40 0
3315 ORDER 3975 19 15 3 9 0
3316 ORDER 3976 19 5 51 43 0
3317 ORDER 3977 29 35 3 31 0
3317 ORDER 3978 27 32 2 4 1
3318 ORDER 3979 49 12 16 43 1
3319 ORDER 3980 32 27 1 21 1
3319 ORDER 3981 50 32 2 21 2
3320 ORDER 3982 20 5 2 27 0
3321 ORDER 3983 40 5 3 10 1
3321 ORDER 3984 28 24 37 43 1
3322 ORDER 3985 32 15 2 41 1
3322 BLOCK 15 39
3323 ORDER 3986 52 18 3 2 1
3324 ORDER 3987 10 12 36 43 0
3325 ORDER 3988 40 15 38 43 2
3326 CANCEL 3936
3326 ORDER 3989 19 20 3 25 0
3326 ORDER 3990 46 33 3 44 0
3327 ORDER 3991 29 36 3 11 0
3327 ORDER 3992 40 16 3 41 0
3328 ORDER 3993 7 12 2 28 0
3329 ORDER 3994 52 5 2 15 1
3329 ORDER 3995 33 8 3 36 1
3330 ORDER 3996 7 26 10 44 3
3331 ORDER 3997 23 36 24 43 3
3332 ORDER 3998 6 30 10 43 1
3333 ORDER 3999 10 9 52 43 0
3334 ORDER 4000 52 38 47 44 0
3335 ORDER 4001 40 24 3 33 3
3336 ORDER 4002 11 38 36 43 0
3337 UNBLOCK 38 20
3337 ORDER 4003 52 5 47 43 1
3338 ORDER 4004 42 23 1 5 0
3339 ORDER 4005 34 32 32 44 0
3340 ORDER 4006 7 33 22 44 1
3341 ORDER 4007 31 30 26 44 0
3342 ORDER 4008 23 21 27 44 2
3342 ORDER 4009 7 38 1 4 0
3343 CANCEL 3953
3343 ORDER 4010 45 35 3 14 0
3343 ORDER 4011 26 32 16 43 1
3344 ORDER 4012 54 23 36 43 2
3344 ORDER 4013 24 20 17 44 0
3345 ORDER 4014 24 38 37 43 1
3345 ORDER 4015 23 32 42 43 0
3346 CANCEL 3879
3346 ORDER 4016 27 9 1 20 0
3347 ORDER 4017 47 39 3 22 0
3348 UNBLOCK 35 11
3348 ORDER 4018 21 35 3 38 2
3349 ORDER 4019 17 21 2 20 1
3350 ORDER 4020 19 30 1 2 0
3351 ORDER 4021 8 38 2 44 0
3351 BLOCK 47 15
3352 ORDER 4022 26 24 2 42 1
3353 ORDER 4023 34 20 2 10 1
3353 ORDER 4024 38 14 32 43 0
3354 ORDER 4025 40 24 32 43 0
3355 ORDER 4026 32 35 2 43 0
3356 ORDER 4027 52 6 1 44 0
3357 ORDER 4028 48 21 22 43 3
3358 ORDER 4029 12 30 3 43 0
3359 ORDER 4030 32 21 1 29 0
3360 ORDER 4031 34 36 55 43 1
3361 ORDER 4032 50 8 1 24 0
3361 ORDER 4033 12 11 21 44 0
3362 ORDER 4034 9 26 3 10 0
3362 ORDER 4035 50 30 3 27 0
3363 ORDER 4036 32 14 2 21 0
3363 ORDER 4037 47 27 14 43 0
3364 ORDER 4038 50 14 1 22 1
3365 ORDER 4039 15 32 3 12 0
3366 ORDER 4040 45 39 2 30 0
3366 ORDER 4041 13 23 3 33 2
3367 ORDER 4042 22 30 2 9 0
3368 ORDER 4043 41 18 1 33 1
3369 ORDER 4044 26 26 2 36 0
3370 UNBLOCK 15 39
3370 ORDER 4045 39 14 3 19 0
3371 ORDER 4046 10 20 1 14 2
3372 ORDER 4047 11 30 3 14 1
3373 ORDER 4048 18 18 3 40 0
3374 ORDER 4049 28 27 21 44 0
3374 ORDER 4050 30 21 17 44 1
3375 CANCEL 3839
3375 ORDER 4051 37 24 31 43 1
3376 ORDER 4052 11 20 20 44 0
3377 UNBLOCK 32 20
3377 CANCEL 4048
3377 ORDER 4053 18 24 2 16 0
3378 ORDER 4054 19 21 2 1 0
3379 ORDER 4055 19 21 1 21 0
3380 ORDER 4056 49 23 3 18 0
3381 ORDER 4057 7 27 48 44 2
3382 ORDER 4058 52 14 53 43 0
3382 ORDER 4059 52 23 1 10 0
3383 ORDER 4060 49 30 27 43 1
3384 ORDER 4061 28 23 50 44 0
3385 ORDER 4062 34 9 1 21 2
3386 UNBLOCK 21 10
3386 ORDER 4063 7 39 2 44 0
3387 UNBLOCK 30 3
3387 ORDER 4064 27 24 19 43 3
3388 ORDER 4065 36 15 28 44 0
3388 ORDER 4066 41 15 3 16 2
3389 ORDER 4067 14 23 25 44 1
3390 ORDER 4068 18 20 8 43 0
3390 BLOCK 19 18
3391 ORDER 4069 54 41 3 5 0
3392 ORDER 4070 31 33 2 40 0
3393 ORDER 4071 18 3 1 33 0
3394 ORDER 4072 35 3 12 44 0
3395 ORDER 4073 8 35 52 43 1
3395 ORDER 4074 11 24 1 39 1
3396 ORDER 4075 31 21 46 44 0
3397 ORDER 4076 6 39 3 10 1
3398 ORDER 4077 10 3 1 16 0
3398 ORDER 4078 26 38 44 44 1
3399 ORDER 4079 18 29 28 44 1
3399 ORDER 4080 31 27 1 4 0
3400 ORDER 4081 38 39 2 17 1
3400 ORDER 4082 33 39 22 44 1
3401 ORDER 4083 6 32 1 22 3
3402 ORDER 4084 32 11 3 14 2
3403 ORDER 4085 18 6 3 39 0
3404 ORDER 4086 52 12 24 43 0
3404 ORDER 4087 9 18 3 31 1
3405 ORDER 4088 49 26 2 41 0
3406 ORDER 4089 34 9 3 18 0
3407 ORDER 4090 19 17 31 43 0
3407 ORDER 4091 21 24 54 44 3
3408 ORDER 4092 50 18 3 25 0
3408 BLOCK 26 26
3409 ORDER 4093 21 33 1 38 0
3410 ORDER 4094 28 8 8 44 1
3411 ORDER 4095 46 11 1 35 0
3411 ORDER 4096 44 21 57 44 0
3412 ORDER 4097 43 12 4 43 0
3412 ORDER 4098 48 17 33 44 0
3413 ORDER 4099 40 27 52 44 0
3414 ORDER 4100 48 23 37 44 3
3415 ORDER 4101 46 5 3 15 0
3416 ORDER 4102 49 11 3 6 0
3416 ORDER 4103 9 29 24 43 1
3417 ORDER 4104 27 26 35 43 0
3418 ORDER 4105 13 18 3 30 0
3418 ORDER 4106 22 21 3 7 0
3419 ORDER 4107 39 8 6 43 0
3420 ORDER 4108 23 21 1 1 0
3420 BLOCK 22 12
3421 ORDER 4109 51 5 3 16 0
3421 ORDER 4110 49 26 3 14 0
3422 ORDER 4111 53 23 1 36 0
3423 ORDER 4112 51 27 46 43 0
3423 ORDER 4113 24 29 1 39 0
3424 ORDER 4114 47 39 27 43 3
3425 ORDER 4115 48 8 1 31 0
3426 ORDER 4116 22 3 5 43 0
3427 ORDER 4117 53 35 2 38 1
3428 CANCEL 3911
3428 ORDER 4118 49 3 29 43 0
3429 CANCEL 3969
3429 ORDER 4119 8 21 49 43 1
3430 ORDER 4120 14 24 51 43 0
3431 ORDER 4121 9 15 45 44 2
3432 ORDER 4122 23 9 3 33 1
3433 ORDER 4123 9 9 10 43 0
3434 ORDER 4124 43 29 2 9 1
3434 ORDER 4125 34 39 3 2 0
3435 UNBLOCK 19 18
3435 ORDER 4126 19 12 8 44 0
3435 ORDER 4127 54 26 2 33 1
3436 ORDER 4128 44 6 36 44 0
3436 BLOCK 17 8
3437 ORDER 4129 33 41 15 44 0
3438 CANCEL 4011
3438 ORDER 4130 53 14 3 12 1
3439 ORDER 4131 26 39 3 26 0
3440 ORDER 4132 47 33 3 22 0
3441 ORDER 4133 24 36 1 31 0
3441 ORDER 4134 41 9 44 43 2
3442 ORDER 4135 52 23 3 23 2
3442 ORDER 4136 8 9 5 44 2
3443 ORDER 4137 21 14 3 15 0
3444 ORDER 4138 16 3 1 4 0
3445 ORDER 4139 21 21 38 43 0
3446 ORDER 4140 12 3 35 43 1
3446 ORDER 4141 49 18 2 32 0
3447 ORDER 4142 20 8 27 44 1
3448 ORDER 4143 40 14 1 43 3
3449 ORDER 4144 45 6 53 44 0
3450 ORDER 4145 48 35 2 37 1
3451 ORDER 4146 36 39 55 43 0
3452 ORDER 4147 33 9 1 30 0
3453 ORDER 4148 30 18 53 44 3
3453 ORDER 4149 26 5 55 44 1
3454 ORDER 4150 12 9 3 7 0
3455 ORDER 4151 28 36 2 2 2
3456 ORDER 4152 42 20 3 29 0
3457 ORDER 4153 34 6 58 44 0
3458 ORDER 4154 39 18 55 44 1
3458 ORDER 4155 52 23 6 44 1
3459 ORDER 4156 20 18 1 41 3
3460 ORDER 4157 16 5 57 44 0
3460 BLOCK 19 15
3461 ORDER 4158 45 30 17 44 0
3461 ORDER 4159 6 3 17 44 0
3462 ORDER 4160 29 8 1 23 1
3463 ORDER 4161 37 5 2 6 2
3463 ORDER 4162 11 38 56 44 1
3464 ORDER 4163 8 14 1 30 0
3465 ORDER 4164 41 9 53 44 1
3466 ORDER 4165 41 41 34 43 3
3466 ORDER 4166 6 17 26 43 0
3467 ORDER 4167 44 8 34 44 1
3468 ORDER 4168 27 33 2 20 0
3469 ORDER 4169 41 17 3 25 0
3470 UNBLOCK 47 15
3470 ORDER 4170 36 15 20 43 0
3470 ORDER 4171 33 20 2 16 0
3471 UNBLOCK 26 26
3471 ORDER 4172 24 38 29 43 1
3471 BLOCK 21 12
3472 ORDER 4173 17 8 6 43 0
3473 ORDER 4174 19 14 1 10 0
3473 ORDER 4175 24 26 44 44 2
3474 ORDER 4176 48 33 16 43 0
3475 ORDER 4177 55 27 1 29 0
3476 ORDER 4178 27 14 3 11 2
3477 ORDER 4179 45 24 43 43 0
3478 ORDER 4180 27 11 1 25 0
3479 ORDER 4181 9 32 55 44 2
3479 ORDER 4182 29 21 41 44 2
3480 ORDER 4183 31 14 2 28 1
3481 ORDER 4184 45 35 3 29 1
3481 ORDER 4185 48 21 3 18 1
3482 UNBLOCK 22 12
3482 ORDER 4186 46 36 3 27 0
3483 ORDER 4187 50 26 3 5 0
3484 ORDER 4188 17 3 26 43 0
3485 ORDER 4189 31 35 1 13 0
3486 ORDER 4190 28 11 18 43 0
3486 ORDER 4191 44 32 29 44 0
3487 ORDER 4192 27 14 13 44 0
3488 ORDER 4193 52 36 3 4 1
3489 ORDER 4194 48 27 3 42 3
3489 ORDER 4195 16 24 2 11 1
3490 ORDER 4196 25 11 2 26 1
3491 ORDER 4197 55 21 23 44 2
3492 ORDER 4198 46 32 18 44 1
3492 ORDER 4199 25 39 1 11 2
3493 ORDER 4200 39 27 1 44 0
3494 ORDER 4201 28 36 2 2 3
3495 ORDER 4202 46 32 50 44 3
3495 ORDER 4203 47 8 2 36 0
3496 CANCEL 4198
3496 ORDER 4204 21 41 15 43 3
3497 ORDER 4205 24 29 27 44 0
3498 ORDER 4206 47 33 3 30 0
3499 ORDER 4207 33 15 38 43 0
3499 ORDER 4208 34 32 3 12 3
3500 ORDER 4209 16 26 10 43 1
3501 ORDER 4210 37 17 55 43 0
3501 ORDER 4211 10 21 1 44 0
3502 ORDER 4212 48 26 3 10 0
3503 ORDER 4213 34 24 30 43 1
3503 ORDER 4214 39 32 3 4 0
3504 ORDER 4215 40 30 1 20 1
3505 ORDER 4216 39 11 2 32 0
3506 ORDER 4217 20 23 18 43 3
3507 ORDER 4218 19 9 36 44 3
3508 ORDER 4219 20 29 31 44 0
3509 ORDER 4220 48 8 39 43 1
3510 ORDER 4221 33 11 39 44 0
3511 ORDER 4222 16 12 2 25 0
3512 ORDER 4223 6 30 2 44 2
3513 ORDER 4224 46 30 1 18 0
3514 ORDER 4225 8 27 1 28 0
3515 UNBLOCK 19 15
3515 ORDER 4226 12 27 2 42 1
3516 ORDER 4227 47 35 1 21 0
3517 ORDER 4228 48 36 1 2 0
3518 ORDER 4229 38 26 1 18 1
3518 ORDER 4230 47 26 41 43 2
3519 ORDER 4231 16 15 12 44 1
3519 ORDER 4232 21 39 29 44 0
3520 ORDER 4233 25 20 1 5 2
3521 ORDER 4234 19 29 24 44 0
3522 ORDER 4235 18 35 3 18 1
3523 ORDER 4236 37 6 42 43 2
3524 ORDER 4237 29 8 3 28 0
3524 ORDER 4238 39 29 2 17 0
3525 ORDER 4239 44 30 2 12 0
3526 ORDER 4240 35 9 1 33 2
3527 ORDER 4241 48 17 45 44 1
3528 ORDER 4242 36 14 3 8 0
3529 ORDER 4243 40 11 1 4 0
3530 ORDER 4244 50 14 2 5 1
3531 ORDER 4245 24 11 2 43 1
3532 ORDER 4246 7 29 41 44 1
3533 ORDER 4247 51 39 1 30 1
3534 ORDER 4248 34 32 1 40 1
3535 ORDER 4249 47 3 42 43 0
3536 UNBLOCK 17 8
3536 ORDER 4250 41 6 3 2 1
3537 ORDER 4251 18 41 21 43 3
3538 ORDER 4252 42 14 3 2 0
3538 ORDER 4253 46 3 2 10 2
3539 ORDER 4254 17 26 12 44 1
3540 ORDER 4255 20 29 3 29 0
3540 ORDER 4256 22 5 1 7 0
3541 ORDER 4257 14 24 3 4 0
3542 ORDER 4258 28 38 1 25 0
3543 ORDER 4259 38 15 2 30 0
3544 ORDER 4260 41 29 1 25 1
3545 ORDER 4261 42 20 2 36 0
3546 ORDER 4262 55 33 19 43 0
3547 ORDER 4263 38 17 24 43 0
3548 ORDER 4264 22 20 38 43 0
3548 ORDER 4265 27 23 3 38 0
3549 ORDER 4266 26 41 2 33 0
3549 ORDER 4267 18 14 1 7 0
3550 ORDER 4268 40 6 16 44 0
3551 CANCEL 4027
3551 ORDER 4269 48 24 20 43 0
3552 CANCEL 4253
3552 ORDER 4270 20 21 2 32 1
3553 ORDER 4271 28 29 1 18 0
3554 ORDER 4272 41 30 24 43 0
3555 ORDER 4273 54 39 3 1 1
3555 ORDER 4274 28 17 11 44 0
3556 ORDER 4275 41 18 49 44 1
3557 ORDER 4276 20 29 5 43 1
3558 ORDER 4277 51 33 41 43 1
3559 ORDER 4278 43 35 19 43 1
3559 BLOCK 53 1
3560 ORDER 4279 19 8 2 2 0
3560 ORDER 4280 37 23 3 39 1
3561 ORDER 4281 54 41 5 43 0
3562 ORDER 4282 18 30 24 43 1
3563 ORDER 4283 39 12 1 28 0
3564 ORDER 4284 32 21 45 44 0
3565 ORDER 4285 43 41 3 17 3
3566 ORDER 4286 31 21 2 37 0
3566 ORDER 4287 6 35 26 44 0
3567 ORDER 4288 49 36 3 28 0
3568 ORDER 4289 29 21 1 32 0
3568 ORDER 4290 51 24 9 44 1
3569 ORDER 4291 10 30 3 41 0
3570 ORDER 4292 21 20 44 44 0
3571 ORDER 4293 52 23 1 18 0
3572 UNBLOCK 21 12
3572 ORDER 4294 39 12 8 44 0
3573 ORDER 4295 46 20 1 6 0
3574 ORDER 4296 21 29 49 44 0
3574 BLOCK 18 36
3575 ORDER 4297 46 41 27 43 0
3576 ORDER 4298 21 26 49 44 0
3577 ORDER 4299 29 6 10 43 0
3578 ORDER 4300 11 12 1 30 1
3579 ORDER 4301 52 21 51 43 0
3580 ORDER 4302 44 38 2 21 0
3581 ORDER 4303 6 30 3 13 2
3582 ORDER 4304 37 41 42 44 0
3583 ORDER 4305 26 11 3 28 1
3583 ORDER 4306 43 38 15 43 0
3584 ORDER 4307 17 11 1 16 0
3585 ORDER 4308 21 5 3 38 2
3586 ORDER 4309 12 32 1 36 0
3587 ORDER 4310 55 23 58 44 0
3588 ORDER 4311 49 37 33 43 3
3589 ORDER 4312 38 14 39 43 1
3590 ORDER 4313 11 32 41 43 1
3590 ORDER 4314 47 26 3 37 1
3591 ORDER 4315 47 36 7 43 1
3591 ORDER 4316 40 3 1 30 0
3592 ORDER 4317 19 3 2 22 2
3593 ORDER 4318 37 27 1 43 0
3594 ORDER 4319 17 29 1 6 0
3595 ORDER 4320 46 36 3 13 1
3595 ORDER 4321 15 14 1 13 0
3596 ORDER 4322 40 8 35 43 0
3597 ORDER 4323 32 9 4 44 1
3598 ORDER 4324 10 39 19 43 0
3599 ORDER 4325 45 15 3 38 0
3600 ORDER 4326 19 36 2 6 0
3601 ORDER 4327 34 18 1 34 0
3601 BLOCK 8 27
3602 CANCEL 4209
3602 ORDER 4328 54 30 58 44 1
3603 CANCEL 4297
3603 ORDER 4329 37 30 1 12 0
3603 ORDER 4330 20 9 23 43 0
3604 ORDER 4331 33 9 2 16 0
3604 ORDER 4332 20 9 3 9 0
3605 ORDER 4333 39 36 1 12 0
3606 ORDER 4334 37 3 2 33 2
3607 ORDER 4335 53 20 26 43 0
3607 BLOCK 40 27
3608 ORDER 4336 11 21 34 44 0
3609 ORDER 4337 9 41 32 43 1
3610 ORDER 4338 19 38 3 26 0
3611 ORDER 4339 24 20 54 43 0
3612 ORDER 4340 49 38 12 44 0
3613 ORDER 4341 46 27 1 41 0
3614 ORDER 4342 50 27 3 25 1
3615 ORDER 4343 48 36 2 22 2
3616 ORDER 4344 51 21 1 32 2
3617 ORDER 4345 36 39 1 5 0
3618 ORDER 4346 46 12 2 37 1
3618 BLOCK 42 3
3619 ORDER 4347 29 12 1 27 2
3619 ORDER 4348 42 9 1 42 0
3620 ORDER 4349 30 41 2 39 3
3621 ORDER 4350 38 5 11 44 2
3621 ORDER 4351 37 29 3 14 0
3621 BLOCK 33 39
3622 CANCEL 4337
3622 ORDER 4352 48 26 3 44 2
3623 UNBLOCK 53 1
3623 ORDER 4353 44 17 1 33 0
3624 ORDER 4354 38 5 2 40 0
3625 CANCEL 4231
3625 ORDER 4355 8 41 31 43 0
3626 CANCEL 4199
3626 ORDER 4356 8 38 2 1 0
3627 ORDER 4357 22 21 1 42 0
3628 ORDER 4358 18 9 1 43 0
3629 ORDER 4359 48 29 3 32 1
3630 ORDER 4360 18 39 43 44 3
3630 ORDER 4361 28 4 2 20 2
3631 ORDER 4362 7 41 1 14 0
3631 ORDER 4363 6 24 3 24 0
3632 ORDER 4364 49 9 2 19 0
3633 ORDER 4365 11 11 2 18 3
3634 CANCEL 4230
3634 ORDER 4366 24 18 2 15 3
3635 ORDER 4367 51 23 2 6 0
3636 ORDER 4368 43 9 2 15 0
3637 ORDER 4369 53 9 25 44 2
3638 ORDER 4370 11 24 45 44 0
3639 ORDER 4371 31 32 28 44 0
3639 ORDER 4372 49 9 1 13 0
3640 ORDER 4373 33 39 28 44 1
3641 ORDER 4374 6 11 3 41 1
3642 CANCEL 4216
3642 ORDER 4375 27 24 3 15 0
3643 ORDER 4376 17 39 9 43 0
3643 ORDER 4377 10 24 3 33 1
3644 ORDER 4378 22 36 44 43 0
3645 ORDER 4379 32 9 3 28 3
3646 ORDER 4380 39 32 8 43 0
3647 ORDER 4381 12 20 21 43 0
3648 ORDER 4382 15 5 4 43 0
3649 ORDER 4383 26 29 3 34 3
3650 ORDER 4384 40 14 1 4 0
3651 ORDER 4385 20 32 22 43 0
3652 ORDER 4386 17 35 14 44 0
3653 ORDER 4387 52 14 1 6 3
3654 ORDER 4388 34 18 13 44 1
3655 ORDER 4389 34 6 10 44 1
3656 ORDER 4390 38 3 22 44 0
3657 ORDER 4391 12 30 3 13 0
3658 ORDER 4392 9 26 6 44 0
3658 BLOCK 48 14
3659 ORDER 4393 33 11 56 43 1
3660 ORDER 4394 20 24 3 36 0
3661 ORDER 4395 6 15 13 44 0
3662 ORDER 4396 48 39 3 40 0
3663 ORDER 4397 19 36 3 22 2
3664 ORDER 4398 31 20 13 43 0
3665 ORDER 4399 39 11 2 10 2
3665 ORDER 4400 47 30 12 43 2
3666 UNBLOCK 40 27
3666 ORDER 4401 14 18 9 43 1
3667 ORDER 4402 39 24 3 7 0
3668 ORDER 4403 49 21 13 44 0
3668 BLOCK 50 18
3669 ORDER 4404 16 5 16 43 0
3670 ORDER 4405 44 11 2 24 1
3671 ORDER 4406 30 12 3 9 0
3672 ORDER 4407 39 30 3 35 0
3673 ORDER 4408 42 9 2 11 0
3674 ORDER 4409 6 32 3 43 1
3675 ORDER 4410 26 6 56 44 1
3676 ORDER 4411 47 12 16 43 1
3676 ORDER 4412 44 26 50 44 1
3677 ORDER 4413 53 17 14 44 3
3677 ORDER 4414 18 17 3 27 0
3678 CANCEL 4378
3678 ORDER 4415 20 26 3 24 0
3679 ORDER 4416 29 6 1 11 2
3680 UNBLOCK 8 27
3680 ORDER 4417 17 17 50 44 0
3681 ORDER 4418 52 8 3 18 1
3682 ORDER 4419 7 32 12 44 1
3683 ORDER 4420 8 21 3 14 1
3684 ORDER 4421 12 18 1 32 0
3685 ORDER 4422 32 12 13 44 0
3685 ORDER 4423 40 26 1 5 2
3686 ORDER 4424 31 15 48 43 0
3687 ORDER 4425 15 12 58 44 0
3688 ORDER 4426 39 30 12 43 1
3689 UNBLOCK 42 3
3689 ORDER 4427 35 9 38 44 0
3690 ORDER 4428 37 29 56 43 0
3691 ORDER 4429 6 27 3 17 0
3692 ORDER 4430 47 29 2 2 2
3692 ORDER 4431 7 36 2 12 0
3693 UNBLOCK 18 36
3693 ORDER 4432 8 39 49 43 1
3693 ORDER 4433 30 18 13 43 2
3694 ORDER 4434 40 35 23 44 0
3694 ORDER 4435 53 23 3 42 1
3695 ORDER 4436 48 24 3 18 1
3696 ORDER 4437 28 35 31 43 0
3697 ORDER 4438 27 9 21 44 1
3698 ORDER 4439 9 15 3 44 0
3699 ORDER 4440 11 23 2 38 0
3700 ORDER 4441 7 35 3 3 3
3701 ORDER 4442 52 37 1 42 0
3702 ORDER 4443 41 29 1 26 0
3703 UNBLOCK 50 18
3703 ORDER 4444 6 30 47 43 0
3703 ORDER 4445 46 18 1 28 0
3704 ORDER 4446 16 30 1 20 1
3705 ORDER 4447 20 27 2 20 0
3706 ORDER 4448 37 33 29 43 1
3706 ORDER 4449 39 12 2 9 2
3707 ORDER 4450 24 39 54 44 1
3708 ORDER 4451 20 16 1 30 0
3709 ORDER 4452 15 32 3 14 0
3710 CANCEL 4444
3710 ORDER 4453 20 33 2 23 0
3711 ORDER 4454 8 22 2 43 0
3712 UNBLOCK 33 39
3712 ORDER 4455 11 17 8 43 0
3712 ORDER 4456 27 3 43 44 0
3712 BLOCK 30 33
3713 ORDER 4457 17 18 2 32 0
3714 ORDER 4458 45 18 2 12 0
3715 ORDER 4459 18 26 3 38 0
3715 ORDER 4460 36 11 3 31 0
3716 ORDER 4461 51 14 3 22 1
3717 ORDER 4462 34 8 2 37 0
3717 BLOCK 29 42
3718 ORDER 4463 42 29 1 16 0
3719 ORDER 4464 45 35 1 9 0
3720 ORDER 4465 36 14 24 44 0
3721 ORDER 4466 39 5 40 43 2
3722 ORDER 4467 15 36 1 3 0
3723 ORDER 4468 44 5 18 44 0
3723 ORDER 4469 37 20 2 26 0
3724 ORDER 4470 43 35 2 34 0
3724 CANCEL 104470
3725 ORDER 4471 44 39 3 34 0
3726 ORDER 4472 45 41 2 20 3
3727 ORDER 4473 19 35 52 43 1
3728 ORDER 4474 44 36 52 43 0
3729 ORDER 4475 37 29 2 6 1
3729 BLOCK 39 9
3730 ORDER 4476 29 36 3 30 0
3731 CANCEL 4431
3731 ORDER 4477 52 8 13 44 0
3731 BLOCK 28 14
3732 ORDER 4478 49 26 35 43 0
3733 ORDER 4479 21 23 1 19 0
3733 ORDER 4480 51 9 1 29 0
3734 ORDER 4481 15 3 2 29 0
3734 BLOCK 24 7
3735 ORDER 4482 29 15 1 25 0
3736 ORDER 4483 25 11 49 43 0
3737 ORDER 4484 6 17 1 1 0
3738 ORDER 4485 17 39 32 44 0
3739 ORDER 4486 15 12 47 44 0
3739 ORDER 4487 43 39 1 10 1
3740 ORDER 4488 27 24 50 44 0
3740 ORDER 4489 50 3 20 43 0
3741 ORDER 4490 29 32 2 21 0
3742 UNBLOCK 48 14
3742 ORDER 4491 10 29 4 43 1
3743 ORDER 4492 24 26 45 43 2
3744 ORDER 4493 27 32 1 22 3
3745 ORDER 4494 32 33 3 36 0
3746 ORDER 4495 47 8 4 44 0
3747 ORDER 4496 31 5 3 33 1
3748 UNBLOCK 29 42
3748 ORDER 4497 39 17 2 8 0
3749 ORDER 4498 45 39 26 43 1
3750 ORDER 4499 33 6 1 22 0
3751 ORDER 4500 21 41 46 43 3
3752 ORDER 4501 14 24 2 26 0
3753 ORDER 4502 27 30 33 44 1
3753 CANCEL 104502
3754 ORDER 4503 20 29 2 23 0
3755 ORDER 4504 24 9 3 30 0
3756 ORDER 4505 39 15 7 44 0
3757 ORDER 4506 53 35 1 36 0
3758 ORDER 4507 24 35 1 22 0
3759 ORDER 4508 52 20 1 39 0
3760 ORDER 4509 6 15 2 10 0
3761 ORDER 4510 50 29 3 24 0
3762 ORDER 4511 31 17 1 17 0
3763 ORDER 4512 48 17 51 44 0
3764 ORDER 4513 36 27 1 25 1
3765 ORDER 4514 40 14 2 12 0
3766 ORDER 4515 41 3 49 43 0
3766 ORDER 4516 25 26 3 1 0
3767 ORDER 4517 51 11 34 43 0
3768 ORDER 4518 27 6 23 44 0
3769 ORDER 4519 31 30 3 28 2
3770 ORDER 4520 21 35 13 43 0
3770 ORDER 4521 33 38 1 7 1
3771 ORDER 4522 45 5 1 7 1
3772 ORDER 4523 22 21 2 23 1
3773 ORDER 4524 46 20 40 43 0
3774 ORDER 4525 28 6 1 31 0
3775 ORDER 4526 9 33 31 43 1
3776 ORDER 4527 37 14 3 42 2
3777 ORDER 4528 31 30 37 43 1
3778 CANCEL 4465
3778 ORDER 4529 53 11 2 24 0
3779 ORDER 4530 39 18 37 43 0
3780 ORDER 4531 38 15 1 7 0
3781 ORDER 4532 15 30 16 44 0
3782 ORDER 4533 10 41 19 43 0
3783 ORDER 4534 9 38 3 2 1
3784 ORDER 4535 38 12 3 29 0
3785 ORDER 4536 47 38 31 44 0
3786 CANCEL 4321
3786 CANCEL 4457
3786 ORDER 4537 10 12 1 39 0
3786 ORDER 4538 39 23 1 43 0
3787 ORDER 4539 41 29 2 1 0
3788 ORDER 4540 30 18 2 30 2
3789 ORDER 4541 45 8 1 18 0
3790 ORDER 4542 31 15 1 13 1
3791 ORDER 4543 29 18 3 34 0
3792 ORDER 4544 30 20 2 30 0
3793 ORDER 4545 9 5 4 44 0
3793 ORDER 4546 12 21 1 32 1
3794 ORDER 4547 55 9 46 43 1
3794 BLOCK 8 17
3795 ORDER 4548 18 35 1 11 1
3796 ORDER 4549 31 33 2 37 0
3797 ORDER 4550 12 29 37 43 1
3798 ORDER 4551 22 20 19 44 1
3799 ORDER 4552 43 23 1 41 1
3800 ORDER 4553 8 15 3 40 3
3801 ORDER 4554 42 12 25 44 1
3802 UNBLOCK 24 7
3802 ORDER 4555 34 18 43 43 0
3802 ORDER 4556 54 32 1 15 0
3803 ORDER 4557 23 9 3 29 0
3803 ORDER 4558 39 12 46 44 0
3804 ORDER 4559 7 33 53 44 0
3805 ORDER 4560 40 18 3 5 0
3806 ORDER 4561 16 41 28 43 1
3807 ORDER 4562 52 3 48 44 1
3808 CANCEL 4350
3808 ORDER 4563 40 9 27 44 0
3809 ORDER 4564 32 35 1 9 0
3810 ORDER 4565 35 24 19 43 1
3811 ORDER 4566 29 5 2 2 0
3812 ORDER 4567 40 5 30 44 0
3813 ORDER 4568 20 26 2 32 0
3814 ORDER 4569 6 35 58 43 1
3815 UNBLOCK 30 33
3815 UNBLOCK 39 9
3815 ORDER 4570 42 23 51 44 0
3816 ORDER 4571 41 26 8 44 1
3817 ORDER 4572 11 26 1 37 0
3817 ORDER 4573 37 32 2 38 1
3818 ORDER 4574 30 6 2 17 0
3818 ORDER 4575 17 9 33 43 0
3819 ORDER 4576 9 8 1 30 0
3820 ORDER 4577 24 27 2 8 0
3820 ORDER 4578 16 29 2 29 0
3820 BLOCK 34 23
3821 ORDER 4579 12 3 2 24 1
3822 ORDER 4580 29 18 16 44 0
3823 CANCEL 4395
3823 ORDER 4581 9 9 1 4 1
3824 UNBLOCK 28 14
3824 ORDER 4582 33 11 1 18 0
3825 CANCEL 4493
3825 ORDER 4583 18 14 2 16 1
3825 ORDER 4584 53 17 2 30 0
3826 ORDER 4585 10 18 43 43 0
3826 ORDER 4586 28 39 2 12 3
3827 CANCEL 4568
3827 ORDER 4587 40 26 3 43 1
3827 ORDER 4588 21 3 31 44 0
3828 ORDER 4589 54 23 2 38 1
3828 ORDER 4590 46 41 47 43 1
3829 ORDER 4591 24 41 19 43 0
3830 ORDER 4592 32 14 1 30 0
3831 ORDER 4593 26 30 56 44 0
3832 ORDER 4594 39 9 3 35 0
3833 ORDER 4595 51 9 1 11 1
3834 ORDER 4596 10 35 1 1 2
3835 ORDER 4597 30 12 52 43 0
3836 ORDER 4598 15 38 58 43 0
3837 ORDER 4599 32 15 1 34 0
3838 ORDER 4600 17 26 1 29 0
3839 ORDER 4601 12 8 16 44 0
3840 ORDER 4602 18 11 3 14 0
3841 ORDER 4603 52 21 23 43 0
3842 ORDER 4604 30 23 1 39 0
3843 ORDER 4605 50 30 6 44 3
3844 ORDER 4606 7 23 30 43 0
3845 ORDER 4607 40 30 44 43 2
3846 ORDER 4608 52 14 2 10 0
3847 ORDER 4609 46 36 3 37 1
3848 ORDER 4610 44 17 1 34 0
3849 ORDER 4611 10 9 20 44 0
3850 CANCEL 4507
3850 ORDER 4612 41 20 41 43 0
3851 ORDER 4613 47 24 3 16 0
3852 ORDER 4614 19 14 29 43 3
3853 ORDER 4615 8 41 30 43 3
3854 ORDER 4616 22 31 2 39 0
3855 ORDER 4617 28 27 25 44 1
3856 ORDER 4618 41 30 46 44 1
3857 ORDER 4619 11 33 22 44 2
3858 ORDER 4620 24 29 2 30 0
3859 ORDER 4621 20 39 3 11 2
3859 ORDER 4622 21 23 57 44 0
3860 ORDER 4623 36 39 27 44 0
3860 ORDER 4624 29 20 1 44 2
3861 ORDER 4625 6 14 3 41 1
3862 ORDER 4626 17 35 3 37 0
3862 ORDER 4627 47 30 1 10 0
3863 ORDER 4628 27 17 37 44 1
3864 ORDER 4629 16 24 3 15 0
3865 ORDER 4630 32 9 3 7 0
3866 UNBLOCK 34 23
3866 ORDER 4631 13 20 3 33 1
3867 ORDER 4632 17 18 3 1 1
3867 ORDER 4633 40 20 1 10 0
3868 ORDER 4634 10 29 9 44 1
3869 ORDER 4635 27 8 2 37 2
3869 ORDER 4636 22 23 3 31 1
3870 ORDER 4637 36 23 29 44 0
3871 ORDER 4638 10 24 2 34 0
3872 ORDER 4639 22 15 36 44 0
3873 ORDER 4640 34 6 33 44 1
3874 ORDER 4641 9 5 2 24 0
3875 ORDER 4642 39 12 2 28 0
3875 ORDER 4643 21 26 2 7 0
3876 ORDER 4644 30 36 15 43 0
3877 ORDER 4645 31 32 1 37 1
3878 ORDER 4646 52 18 42 44 0
3878 ORDER 4647 18 36 17 44 0
3879 ORDER 4648 20 18 1 18 1
3880 ORDER 4649 9 18 42 43 0
3881 ORDER 4650 49 14 42 43 2
3882 ORDER 4651 29 14 9 44 0
3883 ORDER 4652 16 32 45 43 3
3884 ORDER 4653 12 23 1 27 2
3885 ORDER 4654 14 35 44 44 0
3886 ORDER 4655 24 33 3 34 0
3887 CANCEL 4495
3887 ORDER 4656 43 36 20 44 0
3888 ORDER 4657 19 9 2 8 0
3889 ORDER 4658 36 33 25 44 0
3890 ORDER 4659 30 5 2 33 0
3891 ORDER 4660 11 18 52 44 1
3892 ORDER 4661 30 14 2 44 0
3892 ORDER 4662 20 14 3 44 3
3893 ORDER 4663 40 30 58 44 0
3893 ORDER 4664 40 33 3 40 1
3894 ORDER 4665 12 20 3 17 0
3895 ORDER 4666 46 24 48 44 1
3895 BLOCK 13 36
3896 CANCEL 4532
3896 UNBLOCK 8 17
3896 ORDER 4667 26 35 16 44 1
3897 ORDER 4668 20 12 49 43 1
3898 ORDER 4669 12 17 1 40 0
3898 ORDER 4670 40 23 1 5 0
3899 ORDER 4671 52 15 3 12 0
3900 ORDER 4672 19 6 1 5 1
3901 ORDER 4673 51 29 3 33 0
3901 ORDER 4674 44 32 1 27 1
3902 ORDER 4675 37 24 39 43 1
3903 ORDER 4676 20 9 54 44 0
3903 ORDER 4677 54 35 4 43 0
3904 ORDER 4678 18 21 30 43 3
3905 ORDER 4679 51 24 7 43 1
3906 ORDER 4680 26 23 1 42 0
3907 ORDER 4681 21 30 8 43 2
3908 ORDER 4682 54 38 22 43 2
3909 ORDER 4683 37 18 1 12 1
3910 ORDER 4684 37 3 2 30 0
3911 ORDER 4685 27 33 16 44 1
3912 ORDER 4686 18 39 54 44 1
3913 ORDER 4687 48 36 9 44 0
3913 ORDER 4688 8 11 2 29 1
3914 ORDER 4689 17 11 1 12 1
3915 ORDER 4690 19 5 20 43 1
3916 ORDER 4691 19 35 2 13 0
3917 ORDER 4692 29 14 13 43 0
3918 ORDER 4693 37 32 34 43 1
3919 ORDER 4694 31 14 5 44 0
3920 ORDER 4695 54 27 3 25 0
3921 ORDER 4696 28 35 2 38 1
3922 ORDER 4697 46 26 1 32 1
3923 CANCEL 4542
3923 ORDER 4698 30 15 6 43 0
3924 ORDER 4699 23 36 1 18 0
3925 ORDER 4700 49 27 43 44 0
3926 ORDER 4701 46 30 43 44 1
3927 ORDER 4702 54 32 43 44 0
3928 ORDER 4703 44 26 23 43 1
3928 ORDER 4704 50 27 56 44 0
3929 ORDER 4705 35 35 3 36 3
3930 ORDER 4706 28 5 30 44 0
3930 ORDER 4707 53 41 3 22 0
3931 ORDER 4708 44 30 6 43 2
3931 ORDER 4709 37 14 3 12 1
3932 ORDER 4710 19 6 3 25 1
3933 ORDER 4711 39 15 28 43 0
3934 ORDER 4712 12 8 2 6 1
3935 ORDER 4713 54 9 3 2 0
3935 ORDER 4714 30 30 2 13 0
3936 ORDER 4715 41 8 1 7 1
3937 ORDER 4716 49 3 16 43 0
3938 ORDER 4717 46 11 57 43 0
3939 ORDER 4718 22 3 17 43 0
3940 ORDER 4719 30 12 3 40 2
3941 ORDER 4720 43 23 20 43 0
3942 ORDER 4721 37 17 2 24 3
3943 ORDER 4722 16 15 3 24 0
3944 ORDER 4723 47 14 3 7 0
3945 ORDER 4724 20 12 1 40 0
3945 ORDER 4725 16 35 47 44 3
3946 UNBLOCK 13 36
3946 ORDER 4726 17 14 1 35 3
3946 ORDER 4727 6 33 4 44 0
3947 ORDER 4728 27 27 2 26 2
3948 ORDER 4729 48 14 2 23 1
3949 ORDER 4730 36 17 7 43 0
3950 ORDER 4731 54 21 1 30 0
3951 ORDER 4732 14 36 2 26 0
3952 ORDER 4733 6 15 1 2 1
3953 ORDER 4734 35 30 1 41 0
3954 CANCEL 4614
3954 ORDER 4735 6 33 2 44 0
3954 ORDER 4736 38 14 48 43 0
3955 ORDER 4737 52 14 3 44 3
3956 ORDER 4738 32 27 1 22 1
3957 ORDER 4739 38 6 1 1 1
3957 ORDER 4740 9 14 1 24 0
3957 BLOCK 22 11
3958 ORDER 4741 30 35 14 43 1
3959 ORDER 4742 45 5 22 44 1
3959 ORDER 4743 45 11 1 9 0
3960 ORDER 4744 7 6 54 44 0
3961 ORDER 4745 34 41 2 5 0
3962 ORDER 4746 10 11 2 30 0
3963 CANCEL 4687
3963 ORDER 4747 37 41 2 32 0
3964 ORDER 4748 37 24 2 3 0
3965 ORDER 4749 9 8 3 3 0
3966 ORDER 4750 50 26 3 13 1
3967 ORDER 4751 18 3 39 43 0
3968 ORDER 4752 18 18 21 44 0
3969 ORDER 4753 54 35 2 44 1
3970 ORDER 4754 46 38 29 43 0
3971 ORDER 4755 23 30 3 39 3
3972 ORDER 4756 23 36 3 42 0
3973 ORDER 4757 18 35 2 25 0
3974 ORDER 4758 28 30 2 26 0
3975 ORDER 4759 51 35 40 44 0
3976 ORDER 4760 26 14 1 11 0
3977 ORDER 4761 28 20 43 44 0
3978 ORDER 4762 27 35 53 44 0
3979 ORDER 4763 28 8 12 43 0
3979 ORDER 4764 34 11 2 30 0
3980 ORDER 4765 55 30 3 15 0
3981 ORDER 4766 16 41 3 22 0
3982 ORDER 4767 44 33 1 6 0
3983 ORDER 4768 24 29 3 7 0
3984 ORDER 4769 27 29 1 25 1
3984 ORDER 4770 45 30 38 44 1
3985 CANCEL 4538
3985 ORDER 4771 16 32 1 28 0
3986 ORDER 4772 41 21 2 30 1
3986 ORDER 4773 24 29 50 43 0
3987 ORDER 4774 13 15 27 44 3
3988 ORDER 4775 26 14 41 44 0
3989 ORDER 4776 15 26 3 34 1
3990 ORDER 4777 50 11 1 3 1
3991 ORDER 4778 22 6 34 43 0
3992 ORDER 4779 18 39 11 43 0
3992 ORDER 4780 37 19 2 30 0
3993 ORDER 4781 25 29 13 43 1
3994 ORDER 4782 41 15 1 29 1
3995 ORDER 4783 38 23 3 42 0
3996 ORDER 4784 39 9 15 44 0
3997 ORDER 4785 40 6 1 29 3
3998 ORDER 4786 55 36 2 14 1
3998 ORDER 4787 21 15 34 43 0
3999 ORDER 4788 38 38 3 11 2
3999 ORDER 4789 6 6 1 36 1
4000 ORDER 4790 54 15 3 3 2
4001 ORDER 4791 47 8 42 44 0
4002 ORDER 4792 22 5 2 35 1
4003 ORDER 4793 43 36 14 43 0
4004 ORDER 4794 20 20 1 39 0
4005 ORDER 4795 39 15 1 36 2
4006 ORDER 4796 10 9 3 38 1
4007 ORDER 4797 9 15 51 43 1
4008 ORDER 4798 43 12 3 43 0
4009 ORDER 4799 54 38 3 40 2
4010 ORDER 4800 21 26 18 43 2
4011 ORDER 4801 49 18 2 44 1
4012 ORDER 4802 8 11 18 44 0
4013 ORDER 4803 38 23 57 43 0
4013 ORDER 4804 30 26 3 31 0
4014 ORDER 4805 12 15 2 10 0
4014 ORDER 4806 26 36 31 43 0
4015 ORDER 4807 6 41 2 12 0
4016 ORDER 4808 40 24 1 20 1
4017 CANCEL 4637
4017 ORDER 4809 35 38 1 24 0
4018 ORDER 4810 52 23 12 44 1
4019 ORDER 4811 43 9 3 10 1
4020 ORDER 4812 39 32 32 43 0
4021 ORDER 4813 39 32 2 35 1
4022 ORDER 4814 51 12 3 32 0
4023 ORDER 4815 51 32 1 27 0
4023 ORDER 4816 17 11 1 1 0
4024 ORDER 4817 22 18 6 43 0
4025 ORDER 4818 55 41 36 43 0
4026 ORDER 4819 27 39 34 43 0
4027 ORDER 4820 53 36 31 44 3
4028 ORDER 4821 47 29 17 44 0
4029 ORDER 4822 16 27 23 44 1
4029 ORDER 4823 49 32 2 44 0
4030 ORDER 4824 28 8 37 43 0
4030 ORDER 4825 13 29 35 44 0
4030 CANCEL 104825
4031 ORDER 4826 38 20 3 41 1
4032 ORDER 4827 35 31 11 43 0
4033 ORDER 4828 8 17 2 30 0
4034 ORDER 4829 35 41 3 29 0
4035 ORDER 4830 48 5 47 44 0
4035 ORDER 4831 52 9 2 17 0
4036 ORDER 4832 27 6 8 44 1
4037 ORDER 4833 48 15 2 40 0
4038 ORDER 4834 8 38 16 43 0
4039 ORDER 4835 8 41 30 44 2
4039 ORDER 4836 40 32 41 44 0
4040 ORDER 4837 52 35 30 43 0
4041 ORDER 4838 11 21 2 29 0
4042 ORDER 4839 43 12 54 44 0
4043 UNBLOCK 22 11
4043 ORDER 4840 37 32 2 15 0
4044 ORDER 4841 39 26 1 23 0
4045 ORDER 4842 23 23 33 44 0
4046 ORDER 4843 29 38 2 23 0
4046 CANCEL 104843
4047 ORDER 4844 39 11 2 19 1
4048 ORDER 4845 46 17 2 24 1
4049 ORDER 4846 8 27 56 44 0
4050 ORDER 4847 34 6 1 35 0
4051 ORDER 4848 26 36 3 12 0
4052 ORDER 4849 8 18 47 44 0
4053 ORDER 4850 24 27 22 44 1
4053 ORDER 4851 42 23 1 36 0
4054 ORDER 4852 51 39 45 43 0
4054 ORDER 4853 34 36 19 43 0
4055 ORDER 4854 33 18 3 8 1
4056 ORDER 4855 21 27 21 43 0
4057 ORDER 4856 46 26 1 27 0
4058 ORDER 4857 20 5 50 44 0
4059 ORDER 4858 14 20 1 12 0
4059 ORDER 4859 17 38 34 44 0
4060 ORDER 4860 9 30 2 27 0
4061 ORDER 4861 16 24 26 44 0
4062 ORDER 4862 34 18 2 28 2
4062 ORDER 4863 39 35 42 44 2
4063 ORDER 4864 19 5 53 44 2
4064 ORDER 4865 11 8 1 21 0
4065 ORDER 4866 37 6 3 14 0
4065 ORDER 4867 39 30 25 44 0
4066 ORDER 4868 38 41 8 43 0
4067 ORDER 4869 11 9 36 43 1
4068 ORDER 4870 32 33 1 24 0
4069 ORDER 4871 46 29 2 2 1
4069 ORDER 4872 39 18 9 43 0
4070 ORDER 4873 22 36 1 27 0
4071 ORDER 4874 9 35 48 43 1
4072 ORDER 4875 34 11 2 33 0
4073 ORDER 4876 24 38 2 39 0
4074 ORDER 4877 42 23 31 44 0
4075 ORDER 4878 36 27 13 44 2
4076 ORDER 4879 19 23 3 40 0
4076 ORDER 4880 8 30 27 43 2
4077 ORDER 4881 28 21 2 18 0
4078 ORDER 4882 40 23 1 17 2
4079 ORDER 4883 55 8 56 44 1
4080 ORDER 4884 20 26 32 43 2
4080 ORDER 4885 52 21 3 1 2
4081 ORDER 4886 17 20 33 44 1
4082 ORDER 4887 6 27 50 44 0
4083 ORDER 4888 49 6 1 13 1
4084 ORDER 4889 50 26 45 43 0
4085 ORDER 4890 29 20 2 10 0
4085 ORDER 4891 7 24 3 32 0
4086 ORDER 4892 45 5 3 30 0
4086 ORDER 4893 20 32 16 43 0
4087 ORDER 4894 13 27 17 44 2
4088 ORDER 4895 53 39 2 43 2
4088 ORDER 4896 25 35 30 43 0
4089 ORDER 4897 10 35 2 20 0
4089 ORDER 4898 8 30 4 43 3
4090 ORDER 4899 27 21 2 6 0
4091 ORDER 4900 10 27 58 43 3
4092 ORDER 4901 48 35 48 43 0
4093 ORDER 4902 53 39 33 43 0
4094 ORDER 4903 42 20 1 26 1
4095 ORDER 4904 8 11 43 43 0
4096 ORDER 4905 8 39 43 43 0
4097 ORDER 4906 44 9 22 43 0
4098 ORDER 4907 7 17 3 18 0
4099 ORDER 4908 20 33 3 11 0
4100 ORDER 4909 8 9 18 44 0
4101 ORDER 4910 54 38 2 36 0
4102 ORDER 4911 34 8 1 28 1
4102 ORDER 4912 44 11 2 25 0
4103 ORDER 4913 30 5 31 43 2
4104 ORDER 4914 52 9 2 6 0
4104 ORDER 4915 30 29 3 9 2
4105 ORDER 4916 41 18 52 43 0
4106 ORDER 4917 27 27 1 30 1
4107 ORDER 4918 42 29 23 44 1
4108 CANCEL 4877
4108 ORDER 4919 47 5 4 44 1
4109 ORDER 4920 18 35 3 30 0
4110 ORDER 4921 12 5 3 36 1
4111 ORDER 4922 55 24 54 44 0
4111 BLOCK 8 2
4112 ORDER 4923 13 23 1 21 1
4113 ORDER 4924 12 5 3 25 1
4114 ORDER 4925 32 27 12 44 1
4115 ORDER 4926 8 26 35 44 0
4116 ORDER 4927 16 17 3 35 1
4116 ORDER 4928 20 11 27 43 3
4117 ORDER 4929 10 26 26 43 0
4117 ORDER 4930 17 8 1 4 2
4118 ORDER 4931 22 14 29 43 1
4119 ORDER 4932 46 3 2 7 1
4119 ORDER 4933 8 23 17 44 2
4120 ORDER 4934 47 18 3 17 0
4121 ORDER 4935 55 29 50 44 3
4122 ORDER 4936 19 30 43 44 0
4123 ORDER 4937 24 39 43 43 3
4124 ORDER 4938 20 11 38 43 0
4125 ORDER 4939 17 29 1 35 2
4125 ORDER 4940 21 33 48 44 0
4126 CANCEL 4723
4126 ORDER 4941 20 41 1 40 0
4126 ORDER 4942 46 17 1 35 0
4127 ORDER 4943 7 23 1 21 0
4128 ORDER 4944 43 11 2 13 0
4129 ORDER 4945 29 15 3 29 0
4130 ORDER 4946 31 5 1 42 1
4131 ORDER 4947 30 29 51 44 1
4132 ORDER 4948 12 29 27 43 0
4133 ORDER 4949 28 18 32 44 0
4134 ORDER 4950 15 38 32 43 1
4135 ORDER 4951 18 17 1 37 2
4135 CANCEL 104951
4136 ORDER 4952 30 5 34 43 0
4137 ORDER 4953 46 5 3 38 0
4137 ORDER 4954 53 23 1 9 0
4138 ORDER 4955 54 30 44 43 0
4138 ORDER 4956 40 11 1 27 0
4138 BLOCK 40 20
4139 ORDER 4957 20 24 2 32 2
4140 ORDER 4958 42 9 47 44 0
4140 ORDER 4959 55 6 53 44 0
4141 ORDER 4960 29 24 3 26 0
4142 ORDER 4961 49 18 2 44 1
4143 ORDER 4962 42 11 3 44 0
4144 ORDER 4963 20 15 56 43 0
4145 ORDER 4964 39 26 1 22 0
4146 ORDER 4965 49 21 3 24 0
4146 ORDER 4966 46 41 35 43 1
4147 ORDER 4967 29 21 3 14 0
4148 ORDER 4968 51 28 2 40 0
4149 ORDER 4969 47 18 31 44 2
4150 ORDER 4970 48 3 2 34 0
4151 ORDER 4971 19 38 2 11 0
4151 ORDER 4972 37 35 1 22 0
4152 ORDER 4973 48 18 2 5 0
4152 ORDER 4974 23 3 34 43 0
4153 ORDER 4975 35 41 3 2 0
4154 ORDER 4976 48 5 2 4 2
4155 ORDER 4977 43 23 3 14 3
4155 ORDER 4978 47 21 23 44 0
4156 ORDER 4979 7 39 38 44 0
4157 ORDER 4980 15 3 40 43 0
4157 ORDER 4981 15 39 55 44 1
4158 ORDER 4982 52 20 33 44 0
4159 ORDER 4983 51 29 1 38 0
4160 ORDER 4984 26 17 33 43 0
4161 ORDER 4985 17 6 2 42 0
4162 ORDER 4986 31 35 1 39 0
4163 ORDER 4987 16 32 1 33 0
4163 ORDER 4988 24 39 8 44 0
4164 ORDER 4989 41 32 33 43 0
4165 ORDER 4990 42 18 38 44 2
4166 ORDER 4991 27 39 19 44 0
4167 ORDER 4992 29 14 3 42 1
4168 ORDER 4993 22 3 5 44 3
4169 ORDER 4994 19 38 13 43 0
4170 ORDER 4995 39 9 2 6 1
4171 ORDER 4996 8 32 3 32 0
4171 BLOCK 34 21
4172 ORDER 4997 25 26 42 43 0
4173 ORDER 4998 9 30 3 16 0
4174 ORDER 4999 8 26 3 7 1
4175 ORDER 5000 8 35 10 43 1
4175 ORDER 5001 15 33 33 44 0
4176 ORDER 5002 26 38 23 43 0
4176 ORDER 5003 9 12 2 1 1
4177 ORDER 5004 8 17 1 25 0
4178 ORDER 5005 16 29 54 43 0
4179 ORDER 5006 41 3 2 35 2
4180 ORDER 5007 19 14 3 4 0
4181 ORDER 5008 9 27 51 44 0
4181 ORDER 5009 7 38 1 9 0
4182 ORDER 5010 20 32 51 44 0
4183 ORDER 5011 51 20 29 44 0
4184 ORDER 5012 18 20 3 29 0
4185 ORDER 5013 51 8 21 43 0
4186 ORDER 5014 38 32 3 31 3
4187 ORDER 5015 55 30 7 44 0
4188 ORDER 5016 33 39 51 43 0
4189 ORDER 5017 7 17 2 23 1
4190 ORDER 5018 25 8 19 43 1
4191 ORDER 5019 11 5 32 44 1
4192 ORDER 5020 47 6 10 43 1
4192 ORDER 5021 48 26 28 44 3
4193 ORDER 5022 41 23 1 28 0
4194 ORDER 5023 49 14 2 6 0
4194 ORDER 5024 20 21 1 17 0
4195 ORDER 5025 28 33 12 43 0
4195 ORDER 5026 9 23 2 22 0
4196 ORDER 5027 22 38 3 22 0
4197 ORDER 5028 23 38 37 44 1
4197 ORDER 5029 9 20 3 42 0
4198 ORDER 5030 26 35 2 20 0
4199 ORDER 5031 8 17 1 33 0
4200 ORDER 5032 18 26 34 44 3
4200 ORDER 5033 35 3 33 43 1
4200 BLOCK 55 32
4201 ORDER 5034 48 20 1 26 0
4201 ORDER 5035 55 29 27 43 1
4202 ORDER 5036 55 26 3 26 0
4203 UNBLOCK 40 20
4203 ORDER 5037 20 18 1 19 0
4204 UNBLOCK 34 21
4204 ORDER 5038 46 11 3 10 1
4205 ORDER 5039 6 39 8 43 1
4205 ORDER 5040 9 3 46 44 0
4206 ORDER 5041 9 9 42 44 2
4207 CANCEL 4805
4207 UNBLOCK 8 2
4207 ORDER 5042 47 35 1 9 0
4208 ORDER 5043 20 27 3 26 3
4208 ORDER 5044 28 8 45 43 1
4209 ORDER 5045 51 41 3 17 0
4209 ORDER 5046 48 5 1 17 0
4210 ORDER 5047 22 23 2 19 1
4210 ORDER 5048 35 35 1 29 0
4211 ORDER 5049 25 18 48 44 0
4212 ORDER 5050 49 21 20 43 1
4213 ORDER 5051 7 29 14 43 0
4214 ORDER 5052 36 17 2 25 1
4215 CANCEL 4931
4215 ORDER 5053 21 39 35 43 0
4216 ORDER 5054 8 38 3 7 0
4217 ORDER 5055 15 32 42 44 0
4218 ORDER 5056 17 39 2 13 0
4218 ORDER 5057 49 12 56 44 1
4219 ORDER 5058 7 30 1 11 0
4219 ORDER 5059 43 11 51 43 0
4220 ORDER 5060 36 11 25 44 1
4221 ORDER 5061 48 35 25 44 0
4221 ORDER 5062 6 8 2 2 0
4222 ORDER 5063 55 33 16 43 0
4223 ORDER 5064 26 5 2 4 0
4223 ORDER 5065 29 12 1 2 3
4224 ORDER 5066 54 35 3 42 1
4225 ORDER 5067 32 14 2 20 3
4226 ORDER 5068 13 21 57 44 2
4227 ORDER 5069 43 41 21 44 2
4228 ORDER 5070 48 32 1 30 0
4229 ORDER 5071 44 24 40 43 1
4230 ORDER 5072 21 17 3 6 0
4231 UNBLOCK 55 32
4231 ORDER 5073 21 35 45 43 1
4232 ORDER 5074 38 12 2 1 2
4233 ORDER 5075 28 17 37 44 0
4234 ORDER 5076 33 21 2 5 0
4235 ORDER 5077 46 27 21 44 0
4236 ORDER 5078 25 12 23 44 1
4237 ORDER 5079 15 5 7 44 0
4238 ORDER 5080 41 20 3 44 0
4239 ORDER 5081 37 29 2 36 1
4240 ORDER 5082 38 15 47 43 0
4241 CANCEL 5075
4241 ORDER 5083 19 32 56 44 0
4242 ORDER 5084 21 32 3 28 0
4243 ORDER 5085 45 38 3 20 1
4243 ORDER 5086 40 15 21 43 1
4244 ORDER 5087 40 8 6 44 2
4244 ORDER 5088 9 24 2 35 0
4245 CANCEL 4985
4245 ORDER 5089 16 29 2 33 0
4246 ORDER 5090 29 5 8 43 0
4247 ORDER 5091 33 18 3 43 0
4248 ORDER 5092 41 26 3 23 0
4248 ORDER 5093 24 18 57 43 0
4249 ORDER 5094 44 21 1 34 0
4250 ORDER 5095 11 11 4 44 1
4251 ORDER 5096 38 30 2 4 1
4251 ORDER 5097 25 14 1 12 0
4252 ORDER 5098 28 41 1 42 0
4253 ORDER 5099 22 20 2 19 0
4254 ORDER 5100 50 23 2 2 0
4255 ORDER 5101 34 26 45 43 0
4256 ORDER 5102 30 35 44 44 1
4256 ORDER 5103 7 15 7 44 3
4257 ORDER 5104 11 14 17 44 2
4258 ORDER 5105 24 29 12 44 0
4259 ORDER 5106 8 21 2 29 0
4260 ORDER 5107 55 33 25 44 1
4260 ORDER 5108 12 6 1 21 0
4261 ORDER 5109 45 38 8 44 1
4262 ORDER 5110 40 6 38 44 0
4263 ORDER 5111 30 6 1 15 0
4263 ORDER 5112 51 23 2 39 1
4264 ORDER 5113 44 38 32 43 2
4265 ORDER 5114 13 21 3 14 0
4266 ORDER 5115 25 26 3 31 0
4267 ORDER 5116 20 17 3 3 0
4267 ORDER 5117 48 17 1 13 1
4268 ORDER 5118 35 11 2 44 1
4269 ORDER 5119 43 29 14 44 1
4269 ORDER 5120 30 35 38 44 0
4270 ORDER 5121 7 9 2 14 0
4271 ORDER 5122 44 23 1 2 3
4272 ORDER 5123 19 35 7 44 1
4273 ORDER 5124 20 6 49 44 1
4274 ORDER 5125 17 29 16 43 1
4275 ORDER 5126 39 32 2 32 1
4275 ORDER 5127 37 14 3 22 1
4276 ORDER 5128 26 27 1 25 0
4277 ORDER 5129 18 5 9 44 0
4278 ORDER 5130 39 18 13 43 0
4279 ORDER 5131 50 28 47 44 2
4280 ORDER 5132 30 5 3 32 1
4281 ORDER 5133 35 41 1 20 1
4282 CANCEL 4924
4282 ORDER 5134 37 36 18 43 0
4283 ORDER 5135 31 32 18 44 0
4284 ORDER 5136 29 26 1 34 0
4284 ORDER 5137 47 38 39 43 1
4285 ORDER 5138 35 9 2 19 0
4286 ORDER 5139 43 21 57 43 0
4287 ORDER 5140 33 21 1 10 2
4287 ORDER 5141 15 12 19 44 1
4288 ORDER 5142 52 41 2 8 0
4289 ORDER 5143 16 32 2 22 0
4290 ORDER 5144 55 30 44 43 1
4290 ORDER 5145 30 15 52 44 1
4291 ORDER 5146 43 33 3 18 0
4292 ORDER 5147 44 8 46 43 0
4293 ORDER 5148 11 35 3 6 1
4294 ORDER 5149 8 5 3 8 1
4295 ORDER 5150 18 32 3 4 0
4296 ORDER 5151 30 17 6 43 0
4297 ORDER 5152 9 39 43 44 1
4298 ORDER 5153 32 18 2 34 0
4299 ORDER 5154 50 26 41 43 0
4300 ORDER 5155 20 32 3 39 1
4301 ORDER 5156 26 23 51 43 1
4302 ORDER 5157 9 35 51 43 0
4303 ORDER 5158 29 21 2 10 3
4304 ORDER 5159 28 14 3 38 0
4305 ORDER 5160 49 14 1 16 1
4306 ORDER 5161 17 21 3 28 1
4307 ORDER 5162 17 20 35 44 0
4308 ORDER 5163 40 5 23 44 0
4309 ORDER 5164 14 41 34 43 0
4309 ORDER 5165 16 5 3 31 0
4310 ORDER 5166 24 9 1 39 1
4311 ORDER 5167 38 17 37 44 2
4312 ORDER 5168 29 21 1 36 0
4313 ORDER 5169 46 27 2 10 0
4313 ORDER 5170 9 26 2 30 0
4314 ORDER 5171 43 41 2 6 0
4314 BLOCK 35 30
4315 ORDER 5172 41 9 24 43 0
4315 ORDER 5173 48 5 2 17 0
4316 ORDER 5174 28 37 50 43 0
4317 CANCEL 4957
4317 ORDER 5175 51 41 3 31 1
4318 ORDER 5176 31 17 2 13 0
4319 ORDER 5177 42 12 3 44 1
4320 ORDER 5178 19 23 3 26 0
4321 ORDER 5179 27 8 9 44 0
4322 ORDER 5180 49 17 5 43 0
4323 ORDER 5181 30 27 3 23 0
4324 ORDER 5182 12 20 40 43 0
4325 ORDER 5183 42 21 3 4 0
4326 ORDER 5184 28 8 44 43 0
4327 ORDER 5185 7 26 8 44 1
4328 ORDER 5186 19 41 24 43 1
4329 ORDER 5187 28 35 1 28 2
4329 ORDER 5188 15 11 11 44 0
4330 ORDER 5189 19 8 1 7 1
4331 ORDER 5190 19 32 36 43 0
4332 ORDER 5191 7 36 3 7 1
4332 ORDER 5192 44 17 3 18 0
4333 ORDER 5193 31 27 33 44 0
4333 ORDER 5194 15 39 2 29 0
4334 ORDER 5195 45 41 2 24 0
4335 ORDER 5196 55 3 2 41 0
4335 ORDER 5197 18 20 3 36 1
4336 ORDER 5198 33 20 29 43 0
4337 ORDER 5199 54 36 12 44 2
4337 BLOCK 21 26
4338 ORDER 5200 36 17 39 44 0
4339 ORDER 5201 48 39 1 38 3
4340 ORDER 5202 21 24 2 32 2
4340 ORDER 5203 8 14 3 43 0
4341 ORDER 5204 30 39 1 31 2
4342 ORDER 5205 36 12 39 43 0
4343 ORDER 5206 8 39 23 44 0
4343 ORDER 5207 33 15 17 43 1
4344 ORDER 5208 52 11 55 44 0
4345 ORDER 5209 11 12 8 44 1
4346 ORDER 5210 28 41 1 34 2
4346 ORDER 5211 40 27 43 44 1
4347 ORDER 5212 49 29 52 43 0
4348 ORDER 5213 35 39 44 44 0
4349 ORDER 5214 10 9 1 17 0
4350 ORDER 5215 16 12 9 44 1
4351 ORDER 5216 15 41 3 44 0
4352 ORDER 5217 41 9 3 30 0
4353 ORDER 5218 38 38 1 34 1
4354 ORDER 5219 52 12 24 44 2
4355 ORDER 5220 28 3 2 14 0
4356 ORDER 5221 53 14 52 43 2
4357 ORDER 5222 51 8 37 43 0
4358 ORDER 5223 21 32 1 27 0
4359 ORDER 5224 37 26 45 44 2
4360 ORDER 5225 46 3 56 44 1
4360 ORDER 5226 26 5 39 44 0
4361 CANCEL 4990
4361 ORDER 5227 31 33 42 43 0
4362 ORDER 5228 40 24 8 44 0
4362 ORDER 5229 25 17 2 16 0
4363 ORDER 5230 13 19 18 43 1
4364 ORDER 5231 45 8 17 44 1
4364 ORDER 5232 17 29 53 43 2
4365 ORDER 5233 20 33 42 43 0
4366 ORDER 5234 40 29 7 44 0
4367 ORDER 5235 29 21 6 44 1
4368 ORDER 5236 50 9 47 43 0
4369 ORDER 5237 34 36 21 44 0
4370 ORDER 5238 8 12 3 15 0
4371 ORDER 5239 6 21 6 43 1
4371 ORDER 5240 23 3 43 43 1
4372 ORDER 5241 6 21 6 43 2
4373 ORDER 5242 6 29 2 42 0
4374 ORDER 5243 54 9 2 43 0
4375 ORDER 5244 35 33 2 21 0
4375 ORDER 5245 46 39 4 43 1
4376 ORDER 5246 29 35 1 12 0
4376 ORDER 5247 21 32 9 43 2
4377 ORDER 5248 18 21 3 35 1
4378 ORDER 5249 27 9 3 31 0
4379 ORDER 5250 29 12 18 43 0
4379 ORDER 5251 32 11 2 32 0
4380 ORDER 5252 18 39 2 40 2
4381 ORDER 5253 20 20 2 11 0
4382 ORDER 5254 14 41 31 43 0
4382 ORDER 5255 13 27 6 44 0
4383 ORDER 5256 27 26 14 44 0
4384 ORDER 5257 29 8 28 43 0
4384 ORDER 5258 9 32 2 23 1
4385 ORDER 5259 7 36 39 43 0
4386 ORDER 5260 15 9 46 44 0
4387 ORDER 5261 54 9 26 44 0
4388 ORDER 5262 42 18 7 44 0
4389 ORDER 5263 43 27 1 37 0
4390 ORDER 5264 15 41 2 19 0
4391 ORDER 5265 47 8 2 9 2
4392 ORDER 5266 28 3 3 37 0
4392 ORDER 5267 45 35 31 44 0
4393 ORDER 5268 41 23 2 30 0
4394 ORDER 5269 26 24 39 43 0
4395 UNBLOCK 21 26
4395 ORDER 5270 40 29 16 44 1
4395 ORDER 5271 33 41 3 43 1
4396 ORDER 5272 11 24 30 43 0
4397 ORDER 5273 15 35 1 30 0
4398 ORDER 5274 46 26 2 17 1
4399 ORDER 5275 55 32 20 43 0
4400 ORDER 5276 48 39 2 33 1
4401 ORDER 5277 10 30 2 6 0
4402 ORDER 5278 10 8 28 43 0
4403 ORDER 5279 20 6 20 43 2
4404 ORDER 5280 25 33 33 44 3
4405 ORDER 5281 50 20 3 28 2
4406 ORDER 5282 16 30 35 43 0
4407 ORDER 5283 54 27 30 44 3
4408 ORDER 5284 6 15 1 44 0
4409 ORDER 5285 36 41 3 3 0
4410 ORDER 5286 41 9 1 13 3
4411 ORDER 5287 15 5 24 43 0
4412 ORDER 5288 7 26 36 43 1
4412 ORDER 5289 43 29 2 7 0
4413 ORDER 5290 8 20 9 43 2
4413 ORDER 5291 51 12 45 44 2
4414 ORDER 5292 44 15 2 6 0
4415 ORDER 5293 44 32 3 25 1
4416 ORDER 5294 49 18 2 13 0
4417 ORDER 5295 19 30 3 39 0
4418 ORDER 5296 15 41 49 43 2
4419 ORDER 5297 10 11 3 33 0
4420 ORDER 5298 29 35 52 43 2
4421 ORDER 5299 33 15 3 1 1
4422 ORDER 5300 51 11 9 43 1
4423 ORDER 5301 54 38 3 40 0
4424 ORDER 5302 27 21 35 43 2
4424 ORDER 5303 21 8 1 22 1
4425 ORDER 5304 52 23 28 43 2
4425 ORDER 5305 49 21 19 43 0
4426 ORDER 5306 42 29 2 34 1
4427 ORDER 5307 46 3 2 4 1
4427 ORDER 5308 54 15 40 43 0
4428 ORDER 5309 14 21 31 43 2
4429 UNBLOCK 35 30
4429 ORDER 5310 27 38 44 44 0
4430 CANCEL 5191
4430 ORDER 5311 39 26 3 17 0
4430 ORDER 5312 9 3 3 11 0
4431 ORDER 5313 31 33 2 16 0
4432 ORDER 5314 28 12 3 37 2
4432 BLOCK 43 2
4433 ORDER 5315 11 41 23 44 0
4433 ORDER 5316 29 17 3 6 0
4434 ORDER 5317 26 38 3 23 1
4435 ORDER 5318 25 6 3 7 0
4435 BLOCK 55 30
4436 ORDER 5319 42 29 3 42 0
4437 ORDER 5320 52 5 2 14 3
4438 ORDER 5321 20 41 2 32 0
4439 ORDER 5322 19 23 24 44 0
4440 ORDER 5323 7 30 13 44 0
4440 ORDER 5324 40 14 12 44 0
4441 ORDER 5325 16 26 3 17 0
4442 ORDER 5326 21 18 2 5 0
4442 ORDER 5327 47 21 26 43 1
4443 ORDER 5328 45 5 1 44 1
4444 ORDER 5329 16 11 3 11 1
4445 ORDER 5330 8 12 3 37 2
4445 BLOCK 33 13
4446 ORDER 5331 17 30 3 42 0
4447 ORDER 5332 38 36 2 17 1
4447 ORDER 5333 44 30 2 3 0
4448 ORDER 5334 17 33 22 43 2
4449 ORDER 5335 8 5 1 11 0
4450 ORDER 5336 23 5 2 36 0
4450 ORDER 5337 11 11 3 16 3
4451 ORDER 5338 42 39 9 43 0
4452 CANCEL 5252
4452 ORDER 5339 10 26 56 44 0
4452 ORDER 5340 30 5 3 29 1
4453 ORDER 5341 29 38 22 44 0
4454 ORDER 5342 18 20 48 43 3
4455 ORDER 5343 16 11 56 44 0
4456 ORDER 5344 7 8 42 43 1
4457 ORDER 5345 18 15 1 24 0
4458 ORDER 5346 29 29 3 23 1
4459 ORDER 5347 23 11 4 44 0
4460 ORDER 5348 50 32 5 44 0
4461 ORDER 5349 10 33 3 6 2
4462 ORDER 5350 15 33 1 24 0
4462 ORDER 5351 24 41 29 43 0
4463 ORDER 5352 31 27 3 2 0
4464 ORDER 5353 17 20 10 43 1
4464 BLOCK 42 5
4465 ORDER 5354 31 17 54 43 0
4466 ORDER 5355 41 41 1 21 0
4467 ORDER 5356 28 9 30 44 1
4468 ORDER 5357 17 15 1 12 0
4469 ORDER 5358 7 35 2 34 2
4469 ORDER 5359 6 12 3 28 0
4470 ORDER 5360 53 23 6 44 0
4471 ORDER 5361 21 21 2 25 2
4472 ORDER 5362 37 30 2 1 0
4473 ORDER 5363 14 39 49 43 0
4474 ORDER 5364 51 41 50 43 1
4475 ORDER 5365 26 26 2 38 0
4476 CANCEL 5331
4476 ORDER 5366 43 23 2 39 2
4477 ORDER 5367 41 11 2 33 0
4478 ORDER 5368 48 41 1 33 0
4479 ORDER 5369 30 29 47 43 1
4480 ORDER 5370 6 9 3 32 1
4480 ORDER 5371 30 24 1 40 0
4481 ORDER 5372 40 29 26 43 0
4482 ORDER 5373 49 38 56 44 2
4483 ORDER 5374 24 35 1 5 2
4483 ORDER 5375 20 32 5 43 0
4484 ORDER 5376 53 17 1 27 1
4485 ORDER 5377 39 36 2 40 1
4486 ORDER 5378 36 3 3 1 0
4486 ORDER 5379 44 5 13 44 0
4487 CANCEL 5170
4487 ORDER 5380 31 33 32 44 0
4488 ORDER 5381 38 36 27 43 0
4489 ORDER 5382 17 33 13 43 0
4489 ORDER 5383 49 6 51 43 0
4490 ORDER 5384 29 18 3 16 0
4491 ORDER 5385 29 18 3 14 0
4492 ORDER 5386 7 3 46 43 1
4493 ORDER 5387 38 26 47 43 0
4493 ORDER 5388 50 32 2 28 2
4494 ORDER 5389 47 14 42 43 1
4495 ORDER 5390 7 14 3 39 0
4496 ORDER 5391 18 21 37 44 0
4497 UNBLOCK 43 2
4497 ORDER 5392 21 3 1 16 1
4498 ORDER 5393 41 39 52 43 0
4499 ORDER 5394 16 36 2 2 0
4500 ORDER 5395 51 33 32 43 1
4501 ORDER 5396 31 5 35 43 1
4501 ORDER 5397 25 35 3 18 1
4502 ORDER 5398 24 29 1 16 1
4502 ORDER 5399 37 12 2 27 0
4503 ORDER 5400 38 15 1 25 0
4504 ORDER 5401 8 18 43 43 0
4505 ORDER 5402 9 33 49 43 1
4506 ORDER 5403 37 29 22 43 1
4507 ORDER 5404 48 23 3 18 0
4508 ORDER 5405 28 20 37 43 0
4509 ORDER 5406 28 9 2 11 1
4510 ORDER 5407 10 38 33 44 2
4510 ORDER 5408 32 20 3 16 0
4511 ORDER 5409 42 39 1 7 0
4511 ORDER 5410 29 6 2 6 0
4512 ORDER 5411 22 8 19 43 0
4512 ORDER 5412 27 3 50 43 0
4513 ORDER 5413 26 8 3 4 2
4514 ORDER 5414 13 8 30 44 1
4515 ORDER 5415 39 9 1 12 0
4516 ORDER 5416 39 11 30 44 0
4517 ORDER 5417 20 20 21 43 0
4517 BLOCK 49 38
4518 CANCEL 5401
4518 ORDER 5418 30 14 55 44 0
4519 ORDER 5419 11 26 3 3 0
4520 ORDER 5420 35 39 19 44 1
4521 ORDER 5421 16 35 57 43 0
4521 ORDER 5422 16 38 2 16 0
4522 ORDER 5423 47 23 3 39 0
4523 ORDER 5424 6 10 15 44 1
4524 ORDER 5425 6 26 30 44 0
4525 CANCEL 5321
4525 ORDER 5426 23 20 57 44 0
4525 ORDER 5427 44 21 18 44 0
4526 ORDER 5428 14 26 54 44 0
4526 ORDER 5429 38 15 3 12 0
4527 UNBLOCK 55 30
4527 ORDER 5430 6 32 22 43 0
4528 ORDER 5431 17 15 19 43 0
4529 ORDER 5432 9 33 25 44 0
4530 ORDER 5433 41 21 2 44 2
4531 ORDER 5434 35 41 3 23 0
4532 ORDER 5435 17 20 1 10 1
4532 ORDER 5436 22 30 31 44 0
4533 CANCEL 5353
4533 ORDER 5437 15 11 3 21 0
4534 ORDER 5438 34 41 1 2 3
4535 ORDER 5439 29 38 9 44 0
4536 ORDER 5440 22 38 16 43 1
4536 ORDER 5441 31 29 49 44 0
4537 ORDER 5442 7 6 2 15 2
4538 ORDER 5443 52 41 1 31 3
4538 ORDER 5444 49 15 12 44 0
4539 ORDER 5445 55 11 3 10 1
4539 ORDER 5446 38 37 3 8 1
4539 BLOCK 8 39
4540 ORDER 5447 55 35 1 37 0
4541 ORDER 5448 52 9 1 17 3
4542 ORDER 5449 54 17 2 8 0
4543 ORDER 5450 38 20 1 41 0
4544 ORDER 5451 25 9 19 44 0
4545 ORDER 5452 22 15 22 43 0
4546 ORDER 5453 55 38 6 44 1
4547 ORDER 5454 40 33 2 42 0
4548 ORDER 5455 50 27 18 43 0
4548 ORDER 5456 31 12 46 44 0
4549 ORDER 5457 27 14 3 40 0
4550 ORDER 5458 12 11 1 42 2
4550 BLOCK 20 32
4551 ORDER 5459 48 23 54 44 0
4551 ORDER 5460 31 32 56 44 1
4552 ORDER 5461 55 3 3 17 0
4553 ORDER 5462 10 14 2 22 0
4554 ORDER 5463 45 6 18 44 0
4555 ORDER 5464 42 23 8 44 0
4555 BLOCK 29 36
4556 ORDER 5465 20 33 10 43 3
4556 ORDER 5466 20 5 2 18 0
4557 ORDER 5467 18 6 56 43 3
4558 ORDER 5468 47 15 9 43 2
4559 ORDER 5469 19 36 1 16 0
4559 ORDER 5470 26 21 5 44 0
4560 ORDER 5471 28 9 1 28 2
4561 ORDER 5472 15 5 1 12 0
4562 ORDER 5473 38 20 22 43 0
4563 ORDER 5474 33 9 56 44 0
4564 UNBLOCK 33 13
4564 ORDER 5475 42 39 3 14 1
4564 ORDER 5476 19 23 1 41 0
4565 ORDER 5477 35 3 1 10 0
4565 ORDER 5478 51 8 28 43 2
4566 ORDER 5479 37 15 23 43 1
4567 ORDER 5480 23 20 20 44 0
4568 ORDER 5481 55 39 46 43 0
4569 CANCEL 5439
4569 ORDER 5482 8 36 3 7 0
4570 ORDER 5483 47 24 8 43 0
4570 ORDER 5484 18 35 3 7 1
4571 ORDER 5485 11 23 42 43 0
4572 ORDER 5486 31 33 1 8 3
4573 ORDER 5487 22 3 3 19 0
4574 ORDER 5488 19 3 2 11 0
4574 ORDER 5489 19 5 1 40 1
4575 ORDER 5490 42 11 2 10 3
4575 ORDER 5491 36 8 26 44 0
4576 ORDER 5492 31 15 48 43 1
4577 ORDER 5493 48 5 3 30 0
4577 ORDER 5494 48 24 54 44 0
4578 ORDER 5495 48 29 3 38 3
4579 ORDER 5496 22 23 2 18 0
4580 ORDER 5497 35 36 1 21 0
4581 ORDER 5498 50 6 42 43 1
4582 UNBLOCK 42 5
4582 ORDER 5499 7 26 1 4 0
4583 ORDER 5500 15 3 2 35 0
4584 CANCEL 5315
4584 ORDER 5501 37 18 1 37 1
4584 ORDER 5502 20 9 1 36 0
4585 ORDER 5503 50 20 2 14 0
4586 ORDER 5504 7 30 5 44 0
4587 CANCEL 5352
4587 ORDER 5505 45 30 1 36 0
4588 ORDER 5506 32 35 3 43 0
4589 ORDER 5507 44 35 24 44 1
4590 ORDER 5508 51 32 45 44 0
4591 ORDER 5509 49 26 2 29 1
4592 ORDER 5510 16 39 1 33 0
4593 ORDER 5511 18 23 9 44 0
4594 ORDER 5512 43 39 2 15 1
4594 ORDER 5513 24 41 3 37 1
4595 ORDER 5514 48 15 16 44 2
4596 ORDER 5515 25 14 38 44 0
4597 ORDER 5516 32 27 53 43 0
4598 ORDER 5517 41 11 1 43 0
4598 BLOCK 44 12
4599 ORDER 5518 20 14 51 44 0
4599 ORDER 5519 46 41 1 17 0
4600 ORDER 5520 43 14 1 20 0
4601 ORDER 5521 47 12 23 43 0
4602 ORDER 5522 18 20 45 44 0
4603 ORDER 5523 24 11 57 43 2
4604 ORDER 5524 45 26 2 35 0
4605 ORDER 5525 29 15 44 43 1
4606 ORDER 5526 35 3 3 3 0
4607 ORDER 5527 43 9 8 44 0
4608 ORDER 5528 38 29 3 13 0
4609 ORDER 5529 50 20 1 18 0
4610 ORDER 5530 33 6 30 44 2
4611 ORDER 5531 24 24 41 43 1
4611 BLOCK 17 30
4612 ORDER 5532 37 20 3 23 1
4613 ORDER 5533 46 39 2 31 0
4614 ORDER 5534 50 5 3 1 0
4615 ORDER 5535 34 38 1 33 0
4616 UNBLOCK 20 32
4616 ORDER 5536 47 15 2 24 2
4616 ORDER 5537 37 24 47 44 0
4616 BLOCK 8 15
4617 ORDER 5538 35 12 35 43 1
4617 ORDER 5539 19 17 1 26 0
4618 UNBLOCK 8 39
4618 ORDER 5540 38 18 2 18 1
4619 ORDER 5541 32 29 2 41 3
4620 ORDER 5542 17 39 3 22 0
4621 ORDER 5543 29 31 1 39 0
4622 ORDER 5544 30 39 24 44 0
4623 ORDER 5545 8 32 1 12 0
4623 ORDER 5546 35 39 3 16 1
4624 ORDER 5547 55 33 6 44 0
4625 ORDER 5548 17 27 20 44 1
4626 ORDER 5549 9 12 1 40 3
4627 ORDER 5550 49 30 6 44 2
4627 ORDER 5551 9 38 2 35 0
4628 ORDER 5552 28 8 3 5 0
4629 ORDER 5553 38 18 21 44 0
4630 ORDER 5554 20 17 1 34 1
4631 ORDER 5555 11 27 2 34 1
4632 ORDER 5556 30 33 1 33 2
4633 ORDER 5557 20 15 29 44 0
4634 ORDER 5558 29 36 2 43 0
4635 UNBLOCK 49 38
4635 ORDER 5559 11 3 3 28 0
4636 ORDER 5560 7 39 7 44 0
4637 ORDER 5561 55 17 2 39 2
4638 ORDER 5562 14 23 3 30 0
4639 ORDER 5563 25 24 2 2 1
4640 ORDER 5564 18 35 43 43 0
4641 ORDER 5565 8 9 3 27 1
4642 ORDER 5566 46 15 1 30 1
4643 ORDER 5567 53 38 1 27 0
4644 ORDER 5568 47 30 3 12 0
4645 ORDER 5569 31 21 50 43 1
4646 ORDER 5570 15 35 3 3 0
4647 ORDER 5571 20 21 22 43 0
4648 ORDER 5572 33 18 1 30 0
4648 ORDER 5573 28 23 2 8 1
4649 ORDER 5574 17 27 5 44 2
4650 ORDER 5575 41 5 34 44 1
4651 ORDER 5576 8 20 3 40 0
4652 ORDER 5577 44 39 8 44 0
4653 ORDER 5578 24 26 1 16 0
4654 ORDER 5579 7 29 3 10 0
4655 ORDER 5580 37 6 3 7 0
4656 ORDER 5581 36 29 52 43 0
4657 ORDER 5582 30 3 3 35 0
4658 ORDER 5583 18 23 2 13 2
4658 ORDER 5584 18 27 3 44 1
4659 ORDER 5585 17 5 40 43 0
4660 ORDER 5586 40 18 1 35 0
4661 ORDER 5587 38 17 49 44 0
4662 ORDER 5588 40 30 2 44 0
4663 UNBLOCK 44 12
4663 ORDER 5589 20 32 3 5 1
4663 ORDER 5590 55 6 3 26 1
4664 ORDER 5591 29 15 2 26 3
4665 ORDER 5592 39 20 2 16 0
4666 ORDER 5593 14 21 1 43 1
4667 ORDER 5594 54 27 39 43 0
4667 ORDER 5595 37 8 52 44 0
4668 ORDER 5596 50 14 2 18 0
4669 ORDER 5597 13 17 2 5 0
4670 ORDER 5598 24 20 1 32 0
4671 ORDER 5599 9 18 2 33 2
4672 UNBLOCK 29 36
4672 ORDER 5600 17 33 1 3 0
4673 ORDER 5601 52 14 49 43 0
4674 ORDER 5602 29 35 3 18 0
4675 ORDER 5603 46 30 1 40 0
4676 ORDER 5604 7 27 20 43 3
4677 ORDER 5605 22 5 2 13 0
4678 ORDER 5606 16 11 51 44 2
4679 ORDER 5607 18 38 3 30 2
4679 ORDER 5608 40 32 1 40 0
4680 ORDER 5609 48 39 35 44 0
4681 ORDER 5610 55 6 2 20 2
4682 ORDER 5611 41 39 50 43 0
4683 ORDER 5612 22 32 38 44 0
4684 ORDER 5613 9 9 21 44 2
4685 CANCEL 5379
4685 ORDER 5614 11 27 1 31 0
4686 ORDER 5615 37 24 2 3 0
4687 UNBLOCK 8 15
4687 ORDER 5616 18 13 8 44 2
4688 CANCEL 5510
4688 ORDER 5617 55 3 40 43 0
4689 ORDER 5618 40 5 2 3 0
4690 ORDER 5619 8 38 19 44 0
4691 ORDER 5620 29 5 13 43 0
4692 ORDER 5621 44 32 3 17 0
4692 ORDER 5622 10 24 2 44 2
4693 ORDER 5623 42 21 10 44 2
4694 ORDER 5624 20 11 2 33 0
4695 ORDER 5625 41 39 7 43 0
4696 ORDER 5626 45 36 30 44 0
4697 ORDER 5627 44 6 2 18 0
4698 ORDER 5628 15 36 44 44 0
4699 ORDER 5629 46 20 2 18 0
4700 ORDER 5630 10 24 32 43 0
4701 ORDER 5631 44 5 48 43 0
4702 ORDER 5632 17 17 31 43 0
4703 ORDER 5633 35 8 8 43 0
4704 ORDER 5634 37 41 7 43 0
4705 ORDER 5635 27 7 3 21 1
4705 ORDER 5636 13 20 30 44 1
4706 ORDER 5637 17 33 3 37 0
4707 ORDER 5638 19 15 1 24 0
4707 BLOCK 22 41
4708 ORDER 5639 11 8 20 43 0
4709 ORDER 5640 51 5 1 34 0
4710 ORDER 5641 9 21 27 44 0
4710 ORDER 5642 17 15 29 43 0
4711 ORDER 5643 6 27 2 7 0
4711 ORDER 5644 15 5 2 18 1
4712 ORDER 5645 36 17 4 44 0
4713 ORDER 5646 28 41 2 28 0
4714 ORDER 5647 48 21 33 43 1
4714 ORDER 5648 43 9 42 43 1
4715 ORDER 5649 9 26 1 17 0
4716 ORDER 5650 11 33 2 11 1
4717 ORDER 5651 26 41 1 7 2
4717 ORDER 5652 29 38 3 12 1
4718 ORDER 5653 52 18 21 43 0
4719 CANCEL 5477
4719 UNBLOCK 17 30
4719 ORDER 5654 44 17 33 44 0
4720 ORDER 5655 20 33 3 37 1
4721 ORDER 5656 39 5 2 6 0
4721 ORDER 5657 44 41 1 17 1
4722 ORDER 5658 22 23 29 43 1
4723 ORDER 5659 26 38 1 32 1
4723 ORDER 5660 33 20 20 44 1
4724 ORDER 5661 35 3 42 44 1
4724 ORDER 5662 16 41 30 44 0
4725 ORDER 5663 28 11 3 1 1
4726 ORDER 5664 17 6 27 43 0
4727 ORDER 5665 16 35 2 15 3
4728 ORDER 5666 8 24 1 12 0
4729 ORDER 5667 41 18 3 8 2
4730 ORDER 5668 7 15 2 31 0
4730 ORDER 5669 18 11 10 43 0
4731 ORDER 5670 28 11 1 17 1
4731 ORDER 5671 17 5 39 43 0
4732 ORDER 5672 51 41 14 43 2
4733 ORDER 5673 41 12 14 44 1
4734 ORDER 5674 41 24 3 5 1
4735 ORDER 5675 26 35 1 15 1
4736 ORDER 5676 39 6 51 43 0
4737 ORDER 5677 36 23 3 43 0
4738 ORDER 5678 22 12 1 8 0
4739 ORDER 5679 23 3 1 15 1
4740 ORDER 5680 8 30 46 44 0
4741 ORDER 5681 25 27 1 27 3
4741 ORDER 5682 34 32 2 8 1
4742 ORDER 5683 20 32 1 7 1
4743 ORDER 5684 27 11 26 43 0
4743 ORDER 5685 27 32 44 43 2
4743 BLOCK 22 39
4744 ORDER 5686 25 29 3 18 1
4745 CANCEL 5464
4745 ORDER 5687 44 23 49 44 1
4746 ORDER 5688 50 11 32 43 1
4747 ORDER 5689 18 32 3 25 0
4748 ORDER 5690 19 11 3 28 1
4749 ORDER 5691 33 38 29 44 0
4750 ORDER 5692 41 17 1 40 0
4750 ORDER 5693 25 33 1 44 0
4751 ORDER 5694 11 35 3 19 0
4752 ORDER 5695 16 38 27 44 1
4752 ORDER 5696 44 38 31 44 0
4753 CANCEL 5566
4753 ORDER 5697 55 38 1 5 1
4753 ORDER 5698 39 15 46 43 3
4754 ORDER 5699 51 3 1 25 0
4755 ORDER 5700 40 8 48 43 1
4756 ORDER 5701 40 33 41 44 0
4757 ORDER 5702 20 9 2 28 1
4758 ORDER 5703 35 38 57 44 2
4759 ORDER 5704 10 14 1 5 2
4759 ORDER 5705 51 33 2 10 0
4760 ORDER 5706 27 36 44 43 0
4761 ORDER 5707 47 3 2 8 3
4761 ORDER 5708 50 27 2 41 0
4762 ORDER 5709 21 32 8 43 0
4763 ORDER 5710 6 14 3 8 0
4764 ORDER 5711 26 30 1 38 1
4765 ORDER 5712 54 21 2 5 1
4766 ORDER 5713 48 24 42 43 1
4767 ORDER 5714 28 9 2 4 0
4768 ORDER 5715 51 8 49 43 3
4769 ORDER 5716 39 3 7 43 0
4770 ORDER 5717 17 21 2 23 1
4771 ORDER 5718 48 20 37 44 0
4772 ORDER 5719 53 12 1 16 0
4772 ORDER 5720 17 26 11 43 1
4773 ORDER 5721 15 35 32 43 1
4774 ORDER 5722 14 38 2 13 3
4775 ORDER 5723 26 38 3 5 1
4775 ORDER 5724 25 41 1 10 0
4776 ORDER 5725 49 30 1 37 0
4777 ORDER 5726 6 39 42 43 0
4777 ORDER 5727 9 3 2 30 2
4778 ORDER 5728 11 20 38 44 3
4779 ORDER 5729 37 18 3 28 0
4780 ORDER 5730 36 5 2 41 1
4781 ORDER 5731 25 36 1 23 1
4782 ORDER 5732 55 26 31 44 0
4783 ORDER 5733 30 5 3 26 0
4784 ORDER 5734 9 30 2 16 2
4785 ORDER 5735 32 18 2 20 2
4786 ORDER 5736 48 39 16 44 1
4787 ORDER 5737 30 28 3 26 0
4788 ORDER 5738 21 5 44 44 0
4789 ORDER 5739 52 8 44 43 0
4790 ORDER 5740 47 13 2 43 0
4791 ORDER 5741 50 27 1 6 0
4792 ORDER 5742 8 30 34 43 0
4793 ORDER 5743 8 8 5 43 1
4793 ORDER 5744 47 21 37 43 0
4794 ORDER 5745 44 38 3 31 1
4795 ORDER 5746 8 3 16 44 0
4796 ORDER 5747 34 38 24 43 1
4797 ORDER 5748 23 5 3 40 0
4798 ORDER 5749 28 20 5 43 0
4799 UNBLOCK 22 41
4799 ORDER 5750 20 14 1 15 0
4800 ORDER 5751 8 20 3 44 1
4801 ORDER 5752 9 26 24 44 0
4802 ORDER 5753 52 35 1 9 1
4803 ORDER 5754 22 20 42 43 0
4804 ORDER 5755 47 21 1 14 1
4805 ORDER 5756 17 5 2 30 0
4806 ORDER 5757 25 29 1 13 0
4807 ORDER 5758 12 5 2 9 0
4808 ORDER 5759 51 29 1 44 1
4809 ORDER 5760 55 6 17 43 3
4810 ORDER 5761 55 33 1 23 0
4811 ORDER 5762 55 3 58 44 0
4812 ORDER 5763 34 9 3 32 2
4813 ORDER 5764 53 11 1 18 0
4814 ORDER 5765 42 39 3 19 0
4815 ORDER 5766 26 11 3 24 1
4815 BLOCK 35 15
4816 ORDER 5767 33 41 3 32 0
4816 BLOCK 35 41
4817 ORDER 5768 42 38 1 27 0
4817 ORDER 5769 52 38 2 29 0
4818 ORDER 5770 39 38 48 43 1
4818 ORDER 5771 55 33 32 43 1
4819 ORDER 5772 15 11 4 44 0
4820 ORDER 5773 16 9 45 44 1
4820 ORDER 5774 32 9 2 40 1
4821 ORDER 5775 40 29 3 11 1
4822 ORDER 5776 29 35 54 43 1
4823 CANCEL 5667
4823 ORDER 5777 44 30 2 29 0
4824 ORDER 5778 10 29 1 41 0
4825 ORDER 5779 8 14 2 5 0
4826 UNBLOCK 22 39
4826 ORDER 5780 28 39 50 44 0
4827 ORDER 5781 25 8 12 43 0
4828 ORDER 5782 21 41 1 31 0
4829 ORDER 5783 54 17 57 44 0
4830 ORDER 5784 51 3 33 44 0
4831 ORDER 5785 7 21 3 22 0
4832 ORDER 5786 29 5 12 43 1
4833 ORDER 5787 15 36 3 22 1
4834 ORDER 5788 49 24 2 31 0
4835 ORDER 5789 21 18 31 43 2
4836 ORDER 5790 55 3 1 31 0
4836 ORDER 5791 52 41 3 44 0
4836 BLOCK 25 42
4837 ORDER 5792 11 15 1 5 1
4837 ORDER 5793 44 23 23 44 0
4838 ORDER 5794 33 39 16 44 0
4839 ORDER 5795 41 20 1 32 0
4840 ORDER 5796 43 9 2 41 0
4841 ORDER 5797 51 18 3 5 0
4842 ORDER 5798 30 15 2 19 3
4843 ORDER 5799 26 21 1 43 0
4843 ORDER 5800 10 6 2 13 0
4844 ORDER 5801 21 24 3 23 0
4845 ORDER 5802 7 17 23 43 0
4846 ORDER 5803 11 29 3 8 0
4847 ORDER 5804 55 23 3 40 1
4848 ORDER 5805 26 36 3 2 0
4849 ORDER 5806 37 15 3 42 0
4850 UNBLOCK 35 41
4850 ORDER 5807 28 14 1 36 2
4851 ORDER 5808 39 30 2 7 1
4852 ORDER 5809 53 38 1 25 0
4853 ORDER 5810 19 18 3 10 3
4853 ORDER 5811 8 36 26 43 2
4854 ORDER 5812 12 3 3 5 0
4855 ORDER 5813 38 23 1 15 0
4856 ORDER 5814 21 8 3 3 0
4857 ORDER 5815 27 9 42 43 0
4858 ORDER 5816 33 24 58 43 0
4859 ORDER 5817 25 20 34 43 0
4859 ORDER 5818 10 27 32 43 2
4860 CANCEL 5785
4860 ORDER 5819 28 17 45 43 0
4861 ORDER 5820 50 11 1 39 2
4862 ORDER 5821 19 33 39 43 0
4863 ORDER 5822 29 6 1 11 0
4864 ORDER 5823 21 27 14 43 0
4865 ORDER 5824 12 8 3 21 0
4866 ORDER 5825 30 18 4 44 0
4867 ORDER 5826 10 24 7 44 0
4868 ORDER 5827 15 38 51 43 0
4868 ORDER 5828 21 21 2 29 0
4869 CANCEL 5666
4869 ORDER 5829 50 6 45 43 1
4870 ORDER 5830 44 8 2 27 0
4871 ORDER 5831 28 14 17 43 3
4872 ORDER 5832 32 12 3 37 1
4873 ORDER 5833 38 39 3 43 0
4874 ORDER 5834 12 8 1 28 1
4875 ORDER 5835 8 24 1 7 0
4876 ORDER 5836 36 41 16 44 0
4876 BLOCK 6 32
4877 ORDER 5837 38 14 1 10 0
4878 ORDER 5838 53 11 2 24 0
4879 ORDER 5839 47 41 2 5 0
4880 ORDER 5840 52 14 31 43 2
4881 ORDER 5841 6 41 1 21 1
4882 ORDER 5842 33 41 3 18 1
4883 ORDER 5843 17 11 28 44 3
4884 ORDER 5844 38 30 7 44 0
4885 ORDER 5845 29 15 5 43 0
4886 ORDER 5846 10 41 2 22 0
4887 ORDER 5847 19 9 58 44 2
4888 ORDER 5848 38 15 3 24 1
4888 ORDER 5849 34 6 49 44 0
4889 ORDER 5850 33 26 2 19 2
4890 ORDER 5851 17 15 22 44 1
4891 ORDER 5852 9 27 33 44 0
4892 ORDER 5853 51 8 26 44 0
4892 BLOCK 39 5
4893 ORDER 5854 30 29 23 43 3
4894 ORDER 5855 25 36 23 43 0
4894 BLOCK 8 44
4895 UNBLOCK 35 15
4895 ORDER 5856 48 6 45 43 1
4896 ORDER 5857 32 29 14 44 0
4897 ORDER 5858 18 14 4 44 0
4898 ORDER 5859 36 11 3 31 2
4899 ORDER 5860 26 8 1 34 0
4899 ORDER 5861 9 41 14 44 0
4900 ORDER 5862 51 5 15 44 3
4900 ORDER 5863 10 15 3 12 2
4901 ORDER 5864 8 30 53 44 1
4902 ORDER 5865 22 5 36 43 2
4903 ORDER 5866 8 11 54 43 0
4904 ORDER 5867 36 30 2 27 0
4905 ORDER 5868 55 30 42 44 0
4906 ORDER 5869 13 27 22 44 0
4907 ORDER 5870 15 41 3 32 0
4907 BLOCK 44 8
4908 ORDER 5871 19 8 3 7 0
4909 ORDER 5872 37 20 2 5 0
4910 ORDER 5873 13 8 18 44 0
4911 ORDER 5874 8 18 42 44 1
4912 ORDER 5875 21 3 53 43 2
4913 ORDER 5876 7 9 3 34 0
4914 UNBLOCK 25 42
4914 ORDER 5877 19 9 1 5 0
4915 ORDER 5878 7 35 3 19 0
4915 ORDER 5879 35 12 37 44 0
4916 ORDER 5880 44 38 3 43 1
4916 ORDER 5881 20 9 5 44 0
4917 ORDER 5882 41 12 2 26 0
4918 ORDER 5883 9 8 3 12 0
4919 ORDER 5884 9 32 46 43 1
4920 ORDER 5885 11 29 16 43 0
4921 ORDER 5886 19 5 3 6 1
4921 ORDER 5887 11 35 24 44 0
4922 ORDER 5888 44 6 3 4 0
4923 ORDER 5889 17 3 3 36 1
4923 ORDER 5890 55 9 2 15 1
4924 ORDER 5891 10 8 1 32 0
4925 UNBLOCK 39 5
4925 ORDER 5892 6 15 1 31 1
4926 ORDER 5893 43 12 51 43 0
4927 ORDER 5894 32 20 1 26 0
4928 ORDER 5895 8 32 31 43 3
4929 UNBLOCK 6 32
4929 ORDER 5896 51 9 38 44 1
4930 ORDER 5897 12 30 10 44 0
4931 ORDER 5898 13 18 49 44 0
4932 ORDER 5899 51 6 25 43 1
4933 ORDER 5900 33 36 2 27 0
4933 ORDER 5901 8 5 20 43 0
4934 ORDER 5902 14 38 3 25 1
4935 ORDER 5903 27 3 49 43 1
4936 ORDER 5904 47 17 58 43 0
4937 ORDER 5905 36 30 13 44 0
4938 ORDER 5906 40 32 42 43 2
4939 ORDER 5907 28 21 11 44 0
4939 ORDER 5908 49 26 32 43 0
4940 ORDER 5909 6 8 18 44 1
4941 ORDER 5910 26 23 2 30 0
4941 ORDER 5911 30 12 1 14 0
4942 ORDER 5912 27 21 1 36 1
4943 CANCEL 5744
4943 ORDER 5913 36 11 2 8 0
4944 ORDER 5914 28 18 2 20 0
4945 ORDER 5915 48 38 2 19 0
4946 ORDER 5916 30 32 43 43 0
4947 ORDER 5917 33 18 2 13 0
4948 ORDER 5918 31 12 46 44 1
4949 ORDER 5919 18 35 2 4 1
4950 ORDER 5920 39 30 2 25 3
4951 ORDER 5921 50 24 31 43 1
4952 ORDER 5922 16 36 1 10 1
4952 ORDER 5923 37 17 1 24 0
4953 ORDER 5924 24 27 2 23 2
4954 ORDER 5925 47 15 31 43 0
4955 ORDER 5926 6 29 1 7 0
4956 ORDER 5927 48 29 1 4 0
4956 ORDER 5928 13 17 44 43 1
4957 ORDER 5929 51 9 25 43 1
4958 ORDER 5930 28 30 2 29 0
4958 ORDER 5931 39 35 1 11 0
4959 ORDER 5932 29 20 34 44 2
4960 ORDER 5933 40 14 16 43 0
4960 ORDER 5934 20 24 20 43 0
4961 ORDER 5935 49 23 2 21 0
4961 ORDER 5936 45 15 3 22 0
4962 ORDER 5937 17 23 55 44 0
4962 ORDER 5938 8 41 2 4 0
4963 UNBLOCK 44 8
4963 ORDER 5939 54 23 24 43 0
4964 ORDER 5940 55 41 16 43 0
4965 ORDER 5941 38 30 2 27 0
4965 BLOCK 53 4
4966 CANCEL 5925
4966 ORDER 5942 16 35 3 11 0
4967 UNBLOCK 8 44
4967 ORDER 5943 11 33 9 43 1
4968 ORDER 5944 6 5 3 4 0
4969 ORDER 5945 45 36 3 24 0
4969 ORDER 5946 16 9 3 13 0
4970 ORDER 5947 40 5 39 43 1
4970 ORDER 5948 9 41 9 43 0
4971 ORDER 5949 49 5 1 34 1
4972 ORDER 5950 24 35 1 19 1
4973 ORDER 5951 28 27 1 11 1
4973 ORDER 5952 45 5 3 26 0
4974 ORDER 5953 29 35 1 28 2
4974 ORDER 5954 39 27 34 44 1
4975 ORDER 5955 7 27 1 32 0
4976 ORDER 5956 45 18 2 33 0
4977 ORDER 5957 46 8 3 40 2
4977 ORDER 5958 39 17 37 43 1
4978 ORDER 5959 9 6 55 44 0
4978 ORDER 5960 39 32 8 43 0
4979 ORDER 5961 6 29 46 43 1
4979 ORDER 5962 24 18 48 44 2
4980 ORDER 5963 18 20 3 33 1
4981 ORDER 5964 43 29 47 44 2
4982 ORDER 5965 6 41 37 44 1
4982 ORDER 5966 17 41 39 43 0
4983 ORDER 5967 27 40 2 32 1
4983 ORDER 5968 38 12 57 44 0
4984 ORDER 5969 10 39 57 43 0
4985 ORDER 5970 37 33 3 38 0
4986 ORDER 5971 41 17 2 18 0
4987 ORDER 5972 8 36 3 3 0
4988 ORDER 5973 17 32 38 43 1
4989 ORDER 5974 9 21 13 44 1
4989 ORDER 5975 28 12 2 14 1
4990 ORDER 5976 46 26 10 43 1
4990 ORDER 5977 50 9 1 18 3
4991 ORDER 5978 43 27 3 30 0
4992 ORDER 5979 48 18 22 43 0
4993 ORDER 5980 27 9 2 24 0
4994 ORDER 5981 16 27 3 33 0
4995 ORDER 5982 30 33 1 43 0
4996 ORDER 5983 40 33 12 44 0
4996 ORDER 5984 23 20 1 13 0
4997 ORDER 5985 45 32 1 38 3
4997 ORDER 5986 40 15 2 32 0
4998 ORDER 5987 7 39 3 4 0
4998 ORDER 5988 44 39 29 43 0
4999 ORDER 5989 21 39 14 44 1
5000 ORDER 5990 41 23 2 15 2
5000 ORDER 5991 27 39 2 8 0
5001 ORDER 5992 37 27 3 43 0
5002 ORDER 5993 38 15 10 44 0
5003 ORDER 5994 8 33 44 44 0
5004 ORDER 5995 47 18 11 44 0
5005 ORDER 5996 32 18 1 35 1
5006 ORDER 5997 8 27 1 22 0
5007 ORDER 5998 20 35 2 13 2
5008 ORDER 5999 37 20 3 27 0
5008 ORDER 6000 51 20 3 40 0
5009 ORDER 6001 29 21 47 43 1
5010 ORDER 6002 12 21 4 43 1
5011 ORDER 6003 17 35 1 20 2
5011 ORDER 6004 25 27 1 19 3
5012 ORDER 6005 29 39 3 7 0
5013 ORDER 6006 31 17 57 43 0
5014 ORDER 6007 53 21 2 22 0
5015 CANCEL 5834
5015 CANCEL 5962
5015 ORDER 6008 52 35 12 44 1
5016 ORDER 6009 25 26 3 37 0
5017 ORDER 6010 17 17 7 44 2
5018 ORDER 6011 37 12 3 11 1
5019 UNBLOCK 53 4
5019 ORDER 6012 53 9 1 13 0
5020 ORDER 6013 10 30 47 43 0
5021 ORDER 6014 54 26 2 2 0
5022 ORDER 6015 51 23 2 27 0
5023 ORDER 6016 34 5 35 44 0
5023 ORDER 6017 44 38 28 43 0
5024 ORDER 6018 12 11 30 43 0
5025 ORDER 6019 51 8 1 4 1
5026 CANCEL 5942
5026 ORDER 6020 40 14 9 44 2
5027 ORDER 6021 17 14 3 20 2
5027 ORDER 6022 9 6 2 6 0
5028 ORDER 6023 49 21 3 39 0
5029 ORDER 6024 21 35 3 33 3
5030 ORDER 6025 7 27 3 16 0
5031 ORDER 6026 41 29 33 44 0
5031 ORDER 6027 24 36 3 42 0
5032 ORDER 6028 34 26 1 32 3
5033 ORDER 6029 40 18 1 5 1
5033 ORDER 6030 22 21 2 17 0
5034 ORDER 6031 34 5 3 20 0
5035 ORDER 6032 53 36 44 43 1
5036 ORDER 6033 52 3 3 20 0
5037 ORDER 6034 23 23 15 43 1
5038 ORDER 6035 34 20 3 7 0
5039 ORDER 6036 33 36 21 44 0
5039 ORDER 6037 14 24 3 14 0
5040 ORDER 6038 10 36 2 40 0
5041 ORDER 6039 37 30 2 32 0
5041 ORDER 6040 26 26 1 42 0
5042 ORDER 6041 30 33 3 1 0
5043 ORDER 6042 46 3 50 43 1
5044 ORDER 6043 45 30 1 21 2
5045 ORDER 6044 18 18 56 43 0
5045 ORDER 6045 27 27 50 43 2
5046 ORDER 6046 47 24 48 43 0
5047 ORDER 6047 13 20 42 44 1
5048 ORDER 6048 49 29 32 44 1
5049 ORDER 6049 18 38 35 44 1
5049 BLOCK 6 27
5050 ORDER 6050 50 29 3 40 1
5051 CANCEL 5954
5051 ORDER 6051 55 8 2 44 0
5051 ORDER 6052 9 5 17 43 1
5052 ORDER 6053 29 30 2 26 0
5053 ORDER 6054 26 15 12 44 0
5054 ORDER 6055 19 9 1 39 0
5055 ORDER 6056 12 11 47 44 0
5056 ORDER 6057 23 18 2 43 0
5057 ORDER 6058 44 5 23 43 0
5057 ORDER 6059 43 36 3 25 1
5058 ORDER 6060 16 14 25 43 0
5059 ORDER 6061 25 41 1 29 0
5060 ORDER 6062 47 41 5 44 0
5061 ORDER 6063 26 26 47 44 0
5062 ORDER 6064 7 41 2 8 0
5063 ORDER 6065 6 33 1 7 0
5064 ORDER 6066 41 14 2 44 0
5065 ORDER 6067 32 14 1 25 0
5066 ORDER 6068 47 12 10 44 0
5066 ORDER 6069 17 41 3 19 1
5067 ORDER 6070 37 30 14 43 0
5067 ORDER 6071 36 27 1 38 0
5068 ORDER 6072 29 32 5 44 0
5068 BLOCK 21 23
5069 ORDER 6073 49 29 14 43 1
5070 ORDER 6074 9 11 1 32 0
5071 ORDER 6075 43 39 54 43 0
5072 ORDER 6076 20 5 34 44 2
5073 ORDER 6077 27 23 3 43 0
5073 ORDER 6078 54 30 3 5 2
5073 BLOCK 42 36
5074 ORDER 6079 47 38 2 1 1
5075 ORDER 6080 27 11 40 44 0
5075 ORDER 6081 31 23 3 16 1
5076 ORDER 6082 46 35 1 9 0
5077 ORDER 6083 49 26 2 20 0
5078 ORDER 6084 6 38 14 43 1
5079 ORDER 6085 26 8 3 7 1
5079 ORDER 6086 51 18 34 44 1
5080 ORDER 6087 45 5 3 8 1
5081 CANCEL 6000
5081 UNBLOCK 6 27
5081 ORDER 6088 30 3 2 4 0
5082 ORDER 6089 32 11 35 43 0
5083 ORDER 6090 18 5 3 25 0
5084 ORDER 6091 11 18 57 44 1
5084 ORDER 6092 11 11 28 43 0
5085 ORDER 6093 46 15 6 43 0
5086 ORDER 6094 34 24 1 35 2
5087 ORDER 6095 18 29 54 43 0
5088 ORDER 6096 6 3 53 44 0
5089 ORDER 6097 34 36 14 44 2
5090 ORDER 6098 39 26 3 43 0
5091 ORDER 6099 6 8 13 43 1
5092 ORDER 6100 47 35 45 44 0
5093 ORDER 6101 52 33 35 43 1
5094 ORDER 6102 25 33 3 40 1
5094 ORDER 6103 20 27 2 19 0
5095 ORDER 6104 15 41 3 39 1
5096 ORDER 6105 19 30 30 43 0
5097 ORDER 6106 51 33 2 7 0
5098 ORDER 6107 50 12 3 27 0
5099 ORDER 6108 55 9 21 44 1
5100 ORDER 6109 39 29 2 35 1
5100 BLOCK 31 9
5101 ORDER 6110 7 18 3 29 3
5102 ORDER 6111 6 39 29 43 0
5103 ORDER 6112 53 36 3 7 1
5104 ORDER 6113 47 6 49 43 1
5105 ORDER 6114 43 36 3 25 3
5106 ORDER 6115 19 8 3 39 0
5106 ORDER 6116 39 21 29 44 0
5107 ORDER 6117 15 26 3 31 0
5108 ORDER 6118 53 41 2 24 0
5109 ORDER 6119 9 3 35 43 1
5110 ORDER 6120 42 40 2 28 1
5110 ORDER 6121 48 33 12 43 0
5111 ORDER 6122 40 30 56 43 2
5112 ORDER 6123 23 38 2 13 2
5113 ORDER 6124 14 18 3 19 0
5114 ORDER 6125 19 30 25 44 0
5115 ORDER 6126 32 33 16 43 0
5116 ORDER 6127 19 12 48 43 0
5116 ORDER 6128 42 27 2 17 0
5117 ORDER 6129 10 23 1 24 0
5117 ORDER 6130 18 5 7 44 1
5118 ORDER 6131 17 20 15 44 3
5119 ORDER 6132 47 36 2 4 3
5120 ORDER 6133 9 38 1 3 0
5121 ORDER 6134 43 29 2 44 1
5121 ORDER 6135 7 17 43 43 0
5122 ORDER 6136 9 41 1 34 1
5123 CANCEL 6132
5123 ORDER 6137 6 14 22 43 0
5124 ORDER 6138 32 29 1 35 1
5125 ORDER 6139 37 6 26 43 1
5126 ORDER 6140 32 11 56 44 0
5127 ORDER 6141 35 32 26 43 1
5128 UNBLOCK 42 36
5128 ORDER 6142 54 41 46 43 0
5129 ORDER 6143 33 39 2 30 0
5129 ORDER 6144 14 6 2 17 1
5130 ORDER 6145 52 9 1 3 1
5131 ORDER 6146 27 6 2 38 2
5132 ORDER 6147 54 17 10 43 1
5132 ORDER 6148 26 30 1 39 0
5133 CANCEL 6051
5133 ORDER 6149 9 27 14 43 0
5134 ORDER 6150 11 38 58 44 1
5134 ORDER 6151 6 27 2 35 0
5135 CANCEL 5905
5135 ORDER 6152 10 8 36 44 0
5136 ORDER 6153 30 31 47 44 1
5137 ORDER 6154 10 29 2 37 1
5138 ORDER 6155 33 17 20 43 2
5139 ORDER 6156 34 41 1 25 0
5140 ORDER 6157 25 35 18 43 0
5140 ORDER 6158 19 17 3 8 3
5141 ORDER 6159 6 14 19 43 1
5141 ORDER 6160 15 33 3 18 0
5142 ORDER 6161 25 38 3 24 0
5143 ORDER 6162 17 14 1 31 0
5143 ORDER 6163 16 39 37 44 1
5144 ORDER 6164 11 36 3 25 0
5145 ORDER 6165 14 20 21 44 2
5145 ORDER 6166 37 30 3 26 0
5146 ORDER 6167 17 9 1 25 0
5147 ORDER 6168 17 33 27 43 0
5148 ORDER 6169 47 15 25 44 0
5149 ORDER 6170 8 14 35 43 0
5150 ORDER 6171 41 27 2 42 1
5151 ORDER 6172 28 23 2 24 1
5152 UNBLOCK 21 23
5152 ORDER 6173 17 3 2 5 0
5153 ORDER 6174 31 15 42 44 1
5154 ORDER 6175 6 18 1 38 0
5155 ORDER 6176 8 29 9 44 0
5156 CANCEL 5964
5156 ORDER 6177 41 6 19 44 0
5157 ORDER 6178 13 23 3 2 0
5158 ORDER 6179 20 23 28 44 0
5159 ORDER 6180 8 20 3 15 2
5159 ORDER 6181 40 5 3 9 1
5160 ORDER 6182 53 12 37 44 1
5161 ORDER 6183 36 39 2 43 0
5161 ORDER 6184 23 3 39 43 1
5162 ORDER 6185 51 32 33 43 2
5162 ORDER 6186 47 26 1 13 2
5163 ORDER 6187 6 41 3 37 1
5164 ORDER 6188 22 38 1 10 0
5164 ORDER 6189 55 35 1 9 1
5165 ORDER 6190 22 30 3 18 0
5166 ORDER 6191 36 41 2 21 1
5166 ORDER 6192 50 21 1 20 2
5167 ORDER 6193 26 41 36 44 0
5168 ORDER 6194 30 32 2 26 2
5168 ORDER 6195 7 11 1 27 0
5169 ORDER 6196 36 27 2 21 1
5170 ORDER 6197 18 14 1 8 0
5171 ORDER 6198 47 38 7 43 1
5172 ORDER 6199 9 26 43 43 2
5173 ORDER 6200 32 27 3 20 0
5174 ORDER 6201 28 15 3 6 2
5175 ORDER 6202 41 17 2 20 2
5176 CANCEL 6146
5176 ORDER 6203 33 24 2 16 0
5177 ORDER 6204 27 15 1 12 0
5178 ORDER 6205 20 29 2 9 1
5179 ORDER 6206 25 14 2 18 0
5179 ORDER 6207 9 24 1 9 3
5180 ORDER 6208 9 6 2 17 1
5181 ORDER 6209 16 15 1 20 3
5182 ORDER 6210 53 33 34 43 1
5183 ORDER 6211 35 36 49 43 0
5184 CANCEL 5975
5184 ORDER 6212 55 6 54 43 0
5185 CANCEL 6153
5185 ORDER 6213 47 35 47 44 1
5186 ORDER 6214 6 39 37 43 1
5187 ORDER 6215 51 3 1 16 1
5187 ORDER 6216 44 6 1 11 2
5188 ORDER 6217 49 27 3 6 1
5189 ORDER 6218 33 36 27 43 2
5190 ORDER 6219 17 9 1 19 0
5190 ORDER 6220 14 24 3 27 0
5191 ORDER 6221 53 33 46 43 0
5191 ORDER 6222 41 5 1 5 1
5192 ORDER 6223 55 39 1 15 1
5192 ORDER 6224 20 14 45 44 0
5193 ORDER 6225 41 18 2 34 0
5193 BLOCK 40 24
5194 ORDER 6226 41 14 1 25 0
5195 ORDER 6227 11 3 2 41 0
5196 ORDER 6228 20 21 27 44 2
5197 ORDER 6229 50 27 2 7 0
5197 BLOCK 22 25
5198 ORDER 6230 6 30 1 9 1
5199 ORDER 6231 46 8 3 30 2
5200 ORDER 6232 17 30 1 31 0
5201 ORDER 6233 35 5 6 43 0
5201 ORDER 6234 51 11 14 44 0
5201 BLOCK 45 32
5202 ORDER 6235 40 26 2 18 0
5203 ORDER 6236 24 20 3 41 0
5204 ORDER 6237 30 20 2 33 0
5205 ORDER 6238 11 29 2 39 1
5206 ORDER 6239 20 18 1 37 0
5206 ORDER 6240 53 18 6 44 1
5207 ORDER 6241 23 23 1 17 0
5208 ORDER 6242 41 14 3 41 0
5209 UNBLOCK 31 9
5209 ORDER 6243 36 5 3 36 1
5209 ORDER 6244 17 38 36 43 0
5210 ORDER 6245 7 18 1 2 0
5210 ORDER 6246 45 36 37 43 0
5211 ORDER 6247 34 18 16 44 1
5212 ORDER 6248 43 33 56 43 1
5213 ORDER 6249 35 41 1 35 0
5214 ORDER 6250 37 24 51 43 0
5215 ORDER 6251 40 24 6 43 0
5216 ORDER 6252 25 26 2 16 0
5217 ORDER 6253 33 18 3 4 0
5218 ORDER 6254 23 9 1 11 0
5219 ORDER 6255 38 3 1 36 0
5220 ORDER 6256 24 24 2 2 0
5220 ORDER 6257 39 35 2 32 0
5221 ORDER 6258 48 18 12 43 0
5221 ORDER 6259 22 6 3 38 0
5222 ORDER 6260 27 41 11 43 0
5223 ORDER 6261 40 5 44 44 1
5224 CANCEL 6073
5224 ORDER 6262 19 8 32 43 0
5225 ORDER 6263 6 27 2 13 1
5226 ORDER 6264 31 18 2 39 1
5227 ORDER 6265 38 24 1 20 0
5228 ORDER 6266 48 39 37 44 2
5229 ORDER 6267 8 12 32 43 1
5230 ORDER 6268 41 23 1 37 0
5230 ORDER 6269 39 36 1 3 0
5231 ORDER 6270 48 29 1 1 1
5231 ORDER 6271 41 8 1 1 0
5231 BLOCK 48 3
5232 ORDER 6272 19 33 6 44 0
5232 ORDER 6273 38 24 2 27 1
5233 ORDER 6274 40 24 3 18 1
5234 ORDER 6275 15 39 13 44 1
5235 CANCEL 6217
5235 ORDER 6276 18 8 14 44 0
5235 BLOCK 46 17
5236 ORDER 6277 18 3 55 44 0
5237 ORDER 6278 45 36 7 43 2
5238 ORDER 6279 10 26 58 44 2
5238 ORDER 6280 38 23 44 43 0
5239 ORDER 6281 34 18 20 44 0
5240 ORDER 6282 46 11 2 6 0
5241 ORDER 6283 38 29 9 43 1
5242 ORDER 6284 48 32 26 43 0
5243 ORDER 6285 8 35 20 44 0
5243 ORDER 6286 29 20 1 1 0
5244 ORDER 6287 51 33 2 22 2
5245 ORDER 6288 31 33 1 8 0
5246 ORDER 6289 52 36 1 35 3
5246 ORDER 6290 17 30 1 19 0
5247 ORDER 6291 20 17 16 43 1
5248 ORDER 6292 28 39 2 41 0
5248 ORDER 6293 35 40 51 44 0
5249 ORDER 6294 25 17 1 23 2
5249 ORDER 6295 24 18 15 43 0
5250 UNBLOCK 45 32
5250 ORDER 6296 6 27 1 2 2
5250 ORDER 6297 24 18 5 43 1
5251 ORDER 6298 45 39 2 37 0
5251 ORDER 6299 29 3 2 22 1
5252 ORDER 6300 47 27 1 33 2
5253 ORDER 6301 48 29 48 44 0
5254 ORDER 6302 8 23 3 39 1
5254 ORDER 6303 28 27 1 6 0
5255 ORDER 6304 25 41 18 44 0
5255 ORDER 6305 38 24 1 33 1
5256 UNBLOCK 40 24
5256 ORDER 6306 6 33 31 44 1
5257 ORDER 6307 17 30 7 44 3
5258 ORDER 6308 25 14 26 43 0
5259 ORDER 6309 26 30 14 44 1
5260 ORDER 6310 36 17 42 44 0
5261 ORDER 6311 23 36 3 40 0
5262 ORDER 6312 52 3 3 39 0
5263 ORDER 6313 10 32 2 21 1
5264 ORDER 6314 40 35 1 34 3
5265 ORDER 6315 7 38 2 3 1
5266 ORDER 6316 38 27 2 16 0
5267 ORDER 6317 14 41 2 6 2
5268 ORDER 6318 50 24 21 43 1
5269 ORDER 6319 32 9 2 6 0
5270 ORDER 6320 16 38 28 44 0
5271 ORDER 6321 49 11 29 44 0
5272 ORDER 6322 48 32 10 44 1
5272 ORDER 6323 55 23 4 44 0
5273 ORDER 6324 25 8 44 43 2
5274 ORDER 6325 37 21 51 43 2
5275 ORDER 6326 48 6 1 30 1
5275 ORDER 6327 12 9 2 12 2
5276 ORDER 6328 12 14 3 16 0
5277 ORDER 6329 39 9 41 43 2
5278 ORDER 6330 10 20 30 43 0
5279 ORDER 6331 55 38 1 23 0
5280 ORDER 6332 9 29 56 43 0
5281 ORDER 6333 9 41 55 43 0
5282 ORDER 6334 35 11 53 43 0
5283 CANCEL 6256
5283 ORDER 6335 33 6 2 28 0
5284 ORDER 6336 35 30 1 29 0
5285 ORDER 6337 25 39 1 11 0
5286 ORDER 6338 28 6 1 14 1
5287 ORDER 6339 18 11 1 4 2
5288 ORDER 6340 14 23 2 5 0
5289 UNBLOCK 22 25
5289 ORDER 6341 19 36 16 44 0
5289 ORDER 6342 42 29 1 1 1
5290 ORDER 6343 51 39 3 12 0
5291 ORDER 6344 21 30 39 44 0
5292 ORDER 6345 27 33 3 30 0
5292 ORDER 6346 42 21 1 29 0
5293 ORDER 6347 18 12 3 4 0
5294 ORDER 6348 12 29 5 43 0
5295 ORDER 6349 37 39 44 44 1
5296 ORDER 6350 35 9 41 43 3
5297 CANCEL 6178
5297 ORDER 6351 13 15 3 1 0
5298 ORDER 6352 35 35 56 44 1
5298 ORDER 6353 29 38 1 25 0
5299 ORDER 6354 35 9 26 43 0
5300 ORDER 6355 46 27 35 44 0
5301 ORDER 6356 34 8 2 40 2
5302 ORDER 6357 9 24 34 43 0
5303 ORDER 6358 37 35 1 23 1
5304 ORDER 6359 8 5 20 43 1
5305 ORDER 6360 6 20 1 42 1
5306 ORDER 6361 7 9 3 3 2
5307 ORDER 6362 27 6 3 34 0
5308 ORDER 6363 36 32 1 31 0
5309 CANCEL 6247
5309 ORDER 6364 35 39 2 9 3
5310 ORDER 6365 39 5 3 30 0
5310 ORDER 6366 10 38 1 32 1
5311 ORDER 6367 55 17 2 3 0
5312 UNBLOCK 48 3
5312 ORDER 6368 36 36 2 37 3
5313 ORDER 6369 17 24 2 44 0
5314 ORDER 6370 49 8 50 43 0
5315 UNBLOCK 46 17
5315 ORDER 6371 52 39 25 43 0
5315 ORDER 6372 44 11 25 43 1
5316 ORDER 6373 15 33 2 7 0
5317 ORDER 6374 24 29 35 44 0
5318 ORDER 6375 19 38 37 44 0
5318 ORDER 6376 45 33 45 43 0
5318 BLOCK 49 12
5319 ORDER 6377 46 29 2 44 0
5320 ORDER 6378 53 33 1 28 2
5321 ORDER 6379 35 11 3 8 1
5322 ORDER 6380 32 16 3 33 0
5323 ORDER 6381 55 21 53 44 2
5323 ORDER 6382 38 36 16 43 1
5324 ORDER 6383 9 12 49 43 0
5325 ORDER 6384 9 35 2 27 0
5326 ORDER 6385 51 5 2 39 0
5326 ORDER 6386 12 30 3 28 0
5327 ORDER 6387 21 30 2 22 0
5328 ORDER 6388 25 36 3 36 1
5329 ORDER 6389 52 38 36 44 0
5329 ORDER 6390 47 30 13 44 2
5330 ORDER 6391 51 39 44 43 0
5331 ORDER 6392 33 26 1 44 0
5332 CANCEL 6290
5332 ORDER 6393 18 6 3 15 0
5332 ORDER 6394 36 35 18 43 1
5333 ORDER 6395 19 11 14 43 1
5333 ORDER 6396 30 32 6 44 0
5334 ORDER 6397 20 14 3 23 1
5335 ORDER 6398 46 32 14 43 0
5336 ORDER 6399 28 33 8 44 0
5337 ORDER 6400 37 30 3 30 0
5338 ORDER 6401 22 38 2 43 1
5339 ORDER 6402 19 30 43 43 0
5339 BLOCK 8 5
5340 ORDER 6403 27 8 12 43 0
5341 ORDER 6404 17 17 49 44 0
5341 ORDER 6405 7 38 3 24 0
5342 ORDER 6406 19 11 1 36 2
5343 ORDER 6407 6 26 3 23 0
5344 ORDER 6408 21 23 54 43 2
5344 BLOCK 17 36
5345 ORDER 6409 51 27 1 16 0
5346 ORDER 6410 45 33 7 44 0
5347 ORDER 6411 30 27 40 44 0
5347 ORDER 6412 16 29 47 44 0
5347 BLOCK 8 24
5348 CANCEL 6258
5348 ORDER 6413 42 21 7 43 0
5349 ORDER 6414 46 38 21 43 3
5350 ORDER 6415 42 9 3 11 0
5351 ORDER 6416 19 21 1 11 1
5352 ORDER 6417 25 39 1 14 0
5353 ORDER 6418 6 14 19 44 0
5354 ORDER 6419 9 24 2 25 0
5355 ORDER 6420 6 36 1 43 0
5356 ORDER 6421 27 15 11 43 0
5357 ORDER 6422 50 5 15 43 0
5357 BLOCK 43 4
5358 ORDER 6423 15 11 29 44 1
5359 ORDER 6424 9 39 3 35 0
5359 ORDER 6425 33 41 1 20 0
5360 ORDER 6426 52 33 3 21 0
5361 ORDER 6427 31 35 1 29 0
5362 ORDER 6428 44 6 1 1 1
5363 ORDER 6429 35 9 1 43 0
5364 ORDER 6430 50 29 52 43 0
5365 ORDER 6431 6 35 13 43 0
5365 ORDER 6432 40 32 18 43 0
5366 ORDER 6433 34 32 39 44 0
5367 ORDER 6434 49 8 1 43 0
5368 ORDER 6435 34 32 1 36 0
5368 ORDER 6436 13 18 3 9 1
5369 ORDER 6437 35 14 52 44 0
5370 ORDER 6438 14 6 2 4 0
5370 ORDER 6439 39 11 47 44 2
5371 ORDER 6440 28 8 42 43 1
5372 ORDER 6441 42 9 2 19 3
5373 ORDER 6442 42 20 1 16 0
5374 ORDER 6443 48 15 27 43 2
5375 ORDER 6444 24 11 3 2 2
5376 ORDER 6445 6 8 49 43 0
5377 ORDER 6446 51 26 35 43 1
5377 ORDER 6447 34 5 4 44 0
5378 ORDER 6448 17 12 2 26 0
5379 ORDER 6449 49 6 1 1 0
5380 ORDER 6450 23 9 17 44 0
5381 ORDER 6451 22 15 1 7 0
5381 ORDER 6452 34 36 2 25 2
5382 ORDER 6453 49 6 35 43 0
5383 ORDER 6454 41 17 18 43 2
5384 ORDER 6455 32 17 1 17 0
5385 ORDER 6456 7 29 6 43 0
5386 ORDER 6457 10 5 45 43 0
5387 ORDER 6458 49 9 3 15 2
5388 UNBLOCK 8 5
5388 ORDER 6459 17 35 3 38 2
5389 ORDER 6460 44 3 8 44 0
5390 ORDER 6461 33 26 51 44 0
5390 ORDER 6462 42 18 1 22 0
5391 ORDER 6463 16 41 3 32 1
5392 ORDER 6464 37 12 57 44 0
5393 ORDER 6465 27 23 2 15 0
5394 ORDER 6466 54 30 1 2 0
5395 ORDER 6467 28 6 51 44 2
5396 ORDER 6468 18 5 2 30 2
5396 ORDER 6469 7 14 1 12 0
5397 ORDER 6470 18 6 2 44 0
5398 ORDER 6471 24 33 20 43 1
5399 ORDER 6472 21 14 2 43 0
5400 UNBLOCK 49 12
5400 ORDER 6473 33 21 57 44 1
5401 ORDER 6474 16 9 43 43 0
5401 ORDER 6475 9 36 5 44 0
5402 ORDER 6476 46 27 3 27 0
5403 ORDER 6477 32 15 1 3 0
5404 ORDER 6478 25 17 1 32 1
5405 ORDER 6479 21 32 40 43 0
5406 ORDER 6480 22 14 1 26 2
5407 ORDER 6481 51 32 24 44 0
5408 ORDER 6482 50 21 24 44 2
5408 ORDER 6483 54 9 1 27 1
5409 ORDER 6484 30 6 2 10 0
5410 ORDER 6485 48 15 17 43 0
5411 ORDER 6486 28 14 14 44 0
5412 ORDER 6487 8 24 1 27 0
5413 ORDER 6488 33 24 29 43 2
5413 ORDER 6489 46 26 1 21 0
5414 UNBLOCK 17 36
5414 ORDER 6490 55 33 17 43 0
5415 ORDER 6491 32 15 1 12 1
5416 ORDER 6492 8 8 12 44 0
5416 ORDER 6493 42 18 51 43 1
5417 ORDER 6494 38 26 2 18 0
5418 ORDER 6495 8 41 2 3 0
5419 ORDER 6496 10 15 42 44 2
5420 ORDER 6497 16 15 2 43 0
5421 ORDER 6498 41 5 50 44 0
5421 ORDER 6499 10 12 33 44 0
5422 ORDER 6500 47 17 20 43 0
5423 ORDER 6501 19 8 54 44 1
5424 ORDER 6502 36 41 2 8 2
5425 ORDER 6503 39 18 3 11 2
5426 ORDER 6504 39 32 3 26 1
5427 ORDER 6505 39 36 2 16 0
5427 ORDER 6506 17 6 16 44 0
5428 UNBLOCK 43 4
5428 ORDER 6507 10 38 1 39 0
5429 ORDER 6508 48 26 1 26 0
5430 ORDER 6509 30 33 5 43 0
5431 ORDER 6510 14 23 2 15 1
5432 ORDER 6511 54 36 15 44 0
5433 ORDER 6512 33 24 2 23 0
5434 ORDER 6513 12 5 2 11 1
5435 ORDER 6514 39 9 34 44 0
5436 ORDER 6515 48 35 2 20 0
5437 ORDER 6516 6 23 38 44 1
5438 ORDER 6517 42 11 29 44 0
5439 ORDER 6518 37 38 3 16 1
5440 ORDER 6519 34 39 3 20 0
5441 ORDER 6520 22 23 1 3 0
5442 ORDER 6521 45 6 3 42 0
5443 ORDER 6522 8 20 3 20 1
5444 ORDER 6523 9 15 32 43 0
5445 ORDER 6524 55 36 15 43 0
5446 ORDER 6525 36 24 18 43 0
5447 ORDER 6526 13 27 31 43 2
5448 ORDER 6527 43 41 49 44 0
5449 ORDER 6528 50 12 12 44 1
5450 ORDER 6529 51 33 2 35 3
5451 CANCEL 6314
5451 ORDER 6530 10 35 39 44 0
5452 ORDER 6531 52 6 1 6 0
5453 ORDER 6532 21 33 3 10 2
5454 ORDER 6533 9 12 2 29 0
5454 ORDER 6534 38 39 2 34 0
5455 ORDER 6535 41 30 50 43 0
5456 ORDER 6536 48 20 57 43 0
5457 ORDER 6537 36 6 1 25 0
5458 ORDER 6538 21 39 1 1 1
5458 ORDER 6539 42 23 2 4 0
5459 UNBLOCK 8 24
5459 ORDER 6540 30 26 3 21 2
5459 ORDER 6541 50 23 23 43 1
5460 ORDER 6542 23 11 1 3 1
5461 ORDER 6543 11 24 3 12 1
5462 ORDER 6544 34 32 2 34 2
5462 ORDER 6545 37 27 46 44 0
5463 ORDER 6546 16 27 30 43 0
5464 ORDER 6547 34 40 35 44 0
5465 ORDER 6548 24 26 2 37 0
5466 ORDER 6549 18 6 1 28 0
5466 ORDER 6550 22 14 1 8 0
5467 ORDER 6551 15 38 1 44 1
5468 ORDER 6552 28 24 5 43 0
5469 CANCEL 6341
5469 ORDER 6553 39 8 57 44 0
5469 BLOCK 14 17
5470 ORDER 6554 23 36 1 11 1
5471 ORDER 6555 55 6 17 44 0
5472 ORDER 6556 17 18 6 43 0
5472 ORDER 6557 44 9 3 34 0
5473 ORDER 6558 10 29 2 2 0
5474 ORDER 6559 48 8 18 44 0
5475 ORDER 6560 50 24 37 43 1
5476 ORDER 6561 50 3 16 44 0
5477 ORDER 6562 53 9 37 44 0
5478 ORDER 6563 39 35 1 17 0
5479 ORDER 6564 20 3 50 44 0
5480 ORDER 6565 49 5 3 27 1
5481 ORDER 6566 41 5 15 44 0
5481 ORDER 6567 38 36 1 9 1
5482 ORDER 6568 29 38 1 30 1
5483 ORDER 6569 51 26 1 38 0
5484 ORDER 6570 35 14 8 44 0
5485 ORDER 6571 36 26 3 33 1
5486 ORDER 6572 21 8 1 10 1
5487 ORDER 6573 28 17 3 6 1
5487 ORDER 6574 33 21 1 8 0
5488 ORDER 6575 20 6 3 33 3
5489 ORDER 6576 21 32 31 43 0
5490 ORDER 6577 25 29 1 10 1
5491 ORDER 6578 35 3 38 43 0
5491 ORDER 6579 37 39 3 25 3
5492 ORDER 6580 35 33 3 8 2
5493 ORDER 6581 36 36 23 43 0
5494 ORDER 6582 10 20 1 27 0
5495 ORDER 6583 50 27 36 44 2
5496 ORDER 6584 51 30 1 32 2
5497 ORDER 6585 55 38 35 44 0
5497 ORDER 6586 10 30 50 44 0
5498 ORDER 6587 34 38 39 44 1
5498 ORDER 6588 6 12 3 2 0
5499 ORDER 6589 8 31 2 29 0
5500 ORDER 6590 16 29 13 44 0
5501 ORDER 6591 10 9 3 9 0
5501 ORDER 6592 21 15 3 1 0
5502 ORDER 6593 31 11 2 14 0
5502 ORDER 6594 13 18 1 9 0
5503 ORDER 6595 40 8 1 23 0
5504 ORDER 6596 44 8 2 34 0
5505 ORDER 6597 21 29 3 38 0
5505 ORDER 6598 8 23 1 29 0
5506 ORDER 6599 54 29 31 43 0
5507 ORDER 6600 26 12 51 43 1
5507 ORDER 6601 19 39 57 43 1
5508 ORDER 6602 44 11 2 6 1
5509 ORDER 6603 35 39 1 39 1
5510 ORDER 6604 36 14 16 44 0
5511 ORDER 6605 55 24 27 43 1
5512 ORDER 6606 22 6 1 22 1
5513 ORDER 6607 24 39 3 35 0
5513 ORDER 6608 7 14 3 15 0
5514 ORDER 6609 23 5 28 44 0
5515 CANCEL 6588
5515 ORDER 6610 33 38 2 33 1
5515 ORDER 6611 19 11 2 16 0
5516 CANCEL 6573
5516 ORDER 6612 26 33 3 5 0
5517 ORDER 6613 36 5 2 16 1
5518 ORDER 6614 38 21 2 38 0
5519 ORDER 6615 19 23 3 38 1
5520 ORDER 6616 35 41 3 24 1
5521 ORDER 6617 9 29 3 16 1
5522 ORDER 6618 53 23 25 44 2
5523 ORDER 6619 50 8 32 44 0
5524 CANCEL 6498
5524 ORDER 6620 37 12 2 29 1
5525 ORDER 6621 27 30 2 20 0
5526 ORDER 6622 39 11 3 29 0
5527 ORDER 6623 48 35 17 43 1
5528 CANCEL 6503
5528 ORDER 6624 37 32 56 44 1
5528 BLOCK 46 35
5529 ORDER 6625 36 36 8 44 0
5530 ORDER 6626 15 36 55 43 0
5531 ORDER 6627 18 12 3 18 1
5532 ORDER 6628 17 5 1 28 1
5533 ORDER 6629 22 36 3 25 0
5533 ORDER 6630 18 23 13 44 2
5534 ORDER 6631 44 17 1 6 3
5535 ORDER 6632 36 36 2 7 1
5536 CANCEL 6560
5536 ORDER 6633 25 18 24 43 0
5536 BLOCK 32 31
5537 CANCEL 6549
5537 ORDER 6634 31 5 3 32 0
5538 ORDER 6635 55 39 56 44 2
5539 CANCEL 6591
5539 ORDER 6636 7 27 9 43 0
5540 ORDER 6637 36 15 1 38 0
5541 ORDER 6638 19 41 2 16 3
5542 ORDER 6639 39 8 3 5 0
5543 ORDER 6640 18 36 13 44 2
5544 ORDER 6641 24 9 22 43 0
5545 ORDER 6642 8 41 9 44 0
5546 ORDER 6643 17 27 24 44 0
5547 ORDER 6644 46 38 49 44 0
5547 CANCEL 106644
5548 ORDER 6645 33 6 29 43 0
5548 ORDER 6646 37 6 41 44 0
5549 ORDER 6647 19 9 1 43 1
5550 ORDER 6648 9 33 23 43 2
5551 ORDER 6649 8 32 2 10 1
5551 BLOCK 37 30
5552 ORDER 6650 27 14 3 19 0
5553 ORDER 6651 48 6 2 19 0
5554 ORDER 6652 21 33 2 21 0
5555 ORDER 6653 33 8 1 38 0
5555 ORDER 6654 36 9 1 38 3
5556 ORDER 6655 46 18 1 29 0
5556 ORDER 6656 41 23 2 3 0
5557 ORDER 6657 38 38 1 15 0
5558 UNBLOCK 14 17
5558 ORDER 6658 46 36 26 44 0
5559 ORDER 6659 16 29 8 44 0
5560 ORDER 6660 28 12 1 9 0
5561 ORDER 6661 36 15 24 43 0
5562 ORDER 6662 19 23 3 17 0
5563 ORDER 6663 28 6 2 20 0
5563 ORDER 6664 22 18 2 20 1
5564 ORDER 6665 50 32 3 23 2
5564 ORDER 6666 37 41 2 14 0
5565 ORDER 6667 48 15 3 31 0
5566 ORDER 6668 41 21 2 9 0
5567 ORDER 6669 8 38 1 11 0
5568 ORDER 6670 28 18 2 36 0
5569 ORDER 6671 19 3 31 44 0
5570 ORDER 6672 41 6 1 34 2
5571 ORDER 6673 16 26 21 44 0
5571 ORDER 6674 7 35 3 6 0
5572 ORDER 6675 6 36 2 2 0
5573 ORDER 6676 46 14 3 15 1
5574 ORDER 6677 20 12 2 15 0
5575 ORDER 6678 39 11 2 42 0
5576 ORDER 6679 36 32 16 43 0
5577 ORDER 6680 50 29 54 44 0
5577 ORDER 6681 41 26 2 18 0
5578 ORDER 6682 16 26 27 44 0
5579 ORDER 6683 47 8 16 44 1
5580 ORDER 6684 49 8 5 44 0
5581 CANCEL 6646
5581 ORDER 6685 30 12 40 43 0
5582 ORDER 6686 46 11 1 7 1
5583 ORDER 6687 11 3 51 43 0
5584 ORDER 6688 38 26 2 1 1
5584 ORDER 6689 37 23 1 23 0
5585 UNBLOCK 32 31
5585 ORDER 6690 46 30 3 34 0
5585 ORDER 6691 18 12 4 43 0
5586 ORDER 6692 20 30 2 38 0
5587 ORDER 6693 41 24 20 44 3
5588 CANCEL 6475
5588 ORDER 6694 39 5 1 21 0
5589 ORDER 6695 32 9 11 43 1
5589 ORDER 6696 18 15 5 44 0
5590 ORDER 6697 9 3 2 22 0
5591 ORDER 6698 37 6 4 44 0
5591 ORDER 6699 32 12 2 36 0
5592 ORDER 6700 19 8 39 44 0
5593 ORDER 6701 39 3 57 44 3
5594 ORDER 6702 11 6 35 43 0
5595 UNBLOCK 37 30
5595 ORDER 6703 17 39 3 1 0
5595 ORDER 6704 18 27 3 43 0
5596 ORDER 6705 52 33 21 43 0
5597 ORDER 6706 11 21 1 3 1
5598 ORDER 6707 10 12 48 43 0
5599 ORDER 6708 9 26 1 31 0
5600 ORDER 6709 28 3 1 19 0
5601 ORDER 6710 8 12 1 44 0
5602 ORDER 6711 46 3 2 21 0
5603 ORDER 6712 45 11 27 44 2
5604 ORDER 6713 12 27 1 30 0
5605 ORDER 6714 28 29 37 43 0
5605 ORDER 6715 18 15 51 44 0
5606 UNBLOCK 46 35
5606 ORDER 6716 47 15 2 11 1
5607 ORDER 6717 48 15 2 27 0
5608 ORDER 6718 47 29 2 33 0
5608 ORDER 6719 38 26 27 43 2
5609 ORDER 6720 29 6 1 4 2
5610 ORDER 6721 11 33 1 35 0
5611 ORDER 6722 40 18 2 20 0
5612 ORDER 6723 48 8 1 23 0
5613 ORDER 6724 19 24 52 43 2
5614 ORDER 6725 14 18 1 24 2
5615 ORDER 6726 18 41 37 43 0
5616 ORDER 6727 17 27 2 2 1
5617 ORDER 6728 16 9 3 31 1
5618 ORDER 6729 39 21 3 39 0
5618 ORDER 6730 8 5 25 44 0
5619 ORDER 6731 9 11 2 37 2
5620 ORDER 6732 50 20 48 43 0
5621 ORDER 6733 47 26 42 44 1
5622 ORDER 6734 39 20 2 14 0
5623 ORDER 6735 17 27 1 17 2
5623 ORDER 6736 46 12 5 43 0
5624 ORDER 6737 38 41 2 7 0
5625 ORDER 6738 49 27 3 17 3
5626 ORDER 6739 49 3 1 38 2
5626 ORDER 6740 53 21 1 43 0
5627 ORDER 6741 29 24 55 44 0
5627 ORDER 6742 20 14 3 35 0
5628 ORDER 6743 8 41 55 43 1
5629 ORDER 6744 50 5 3 26 0
5630 ORDER 6745 30 32 2 39 1
5631 ORDER 6746 48 3 16 44 2
5632 ORDER 6747 28 26 12 44 0
5633 ORDER 6748 36 41 57 43 0
5634 ORDER 6749 12 23 2 37 2
5635 CANCEL 6625
5635 ORDER 6750 40 32 41 44 0
5636 ORDER 6751 36 30 1 4 0
5637 ORDER 6752 32 20 2 25 1
5637 ORDER 6753 20 35 3 18 0
5638 ORDER 6754 36 32 1 20 0
5639 ORDER 6755 19 33 36 43 0
5640 ORDER 6756 36 35 2 4 0
5641 ORDER 6757 46 28 6 43 0
5642 CANCEL 6559
5642 ORDER 6758 46 35 2 37 1
5643 ORDER 6759 41 24 3 38 0
5643 ORDER 6760 51 27 23 43 1
5644 ORDER 6761 34 41 3 20 1
5645 ORDER 6762 27 27 3 2 1
5646 ORDER 6763 20 39 2 26 0
5647 ORDER 6764 52 20 44 44 1
5647 ORDER 6765 6 3 3 32 0
5648 ORDER 6766 55 29 2 18 0
5649 ORDER 6767 30 36 1 8 0
5650 ORDER 6768 17 38 13 43 0
5650 ORDER 6769 37 17 41 44 0
5651 ORDER 6770 40 15 51 43 0
5651 ORDER 6771 8 17 1 5 1
5652 ORDER 6772 6 5 1 22 0
5653 ORDER 6773 35 30 41 43 0
5654 ORDER 6774 37 27 40 43 1
5655 ORDER 6775 18 25 43 43 0
5656 ORDER 6776 9 28 3 14 1
5657 ORDER 6777 10 36 5 43 1
5658 ORDER 6778 41 32 2 10 1
5659 ORDER 6779 15 3 39 43 0
5660 ORDER 6780 33 26 22 43 3
5660 BLOCK 35 16
5661 ORDER 6781 8 39 3 16 0
5662 ORDER 6782 19 15 35 44 2
5663 ORDER 6783 38 22 45 43 1
5663 BLOCK 37 18
5664 ORDER 6784 47 38 1 2 1
5665 ORDER 6785 21 14 16 44 1
5666 ORDER 6786 6 11 3 2 0
5667 ORDER 6787 7 30 2 40 0
5668 ORDER 6788 12 17 26 43 3
5668 ORDER 6789 25 29 3 17 0
5669 ORDER 6790 10 9 3 11 0
5670 ORDER 6791 19 29 7 44 0
5671 ORDER 6792 26 41 28 44 0
5671 ORDER 6793 25 33 3 23 1
5672 ORDER 6794 50 8 2 11 1
5673 ORDER 6795 6 27 2 16 0
5674 ORDER 6796 46 8 37 43 1
5675 CANCEL 6578
5675 ORDER 6797 45 8 5 44 0
5676 ORDER 6798 8 11 57 43 0
5677 ORDER 6799 50 18 1 43 1
5678 ORDER 6800 17 23 27 44 1
5678 ORDER 6801 12 8 1 18 1
5679 ORDER 6802 54 26 1 36 0
5679 ORDER 6803 18 35 3 22 1
5680 ORDER 6804 53 15 5 44 0
5681 ORDER 6805 54 11 2 18 0
5682 ORDER 6806 27 21 1 35 1
5683 ORDER 6807 50 30 1 17 2
5684 ORDER 6808 20 15 3 6 0
5685 ORDER 6809 19 20 1 2 0
5686 ORDER 6810 37 17 25 43 1
5687 ORDER 6811 38 26 29 44 1
5687 ORDER 6812 18 9 1 43 0
5688 ORDER 6813 26 5 1 26 2
5688 ORDER 6814 10 21 17 43 1
5689 ORDER 6815 11 39 31 43 0
5690 ORDER 6816 12 3 1 38 0
5690 ORDER 6817 52 17 1 22 0
5690 BLOCK 40 39
5691 ORDER 6818 38 20 1 36 1
5692 ORDER 6819 20 5 1 5 0
5693 ORDER 6820 29 25 29 43 0
5694 ORDER 6821 53 11 1 36 1
5695 ORDER 6822 41 17 28 43 0
5696 ORDER 6823 7 30 18 44 1
5697 ORDER 6824 28 26 19 44 1
5697 ORDER 6825 37 30 35 43 0
5698 ORDER 6826 8 36 2 6 0
5699 ORDER 6827 38 38 6 43 0
5699 ORDER 6828 15 5 2 3 3
5700 ORDER 6829 24 20 3 20 0
5701 CANCEL 6614
5701 ORDER 6830 47 14 37 43 0
5701 BLOCK 30 2
5702 ORDER 6831 35 30 3 40 0
5703 ORDER 6832 31 18 3 7 1
5703 ORDER 6833 40 21 25 43 3
5704 ORDER 6834 38 39 1 28 0
5704 ORDER 6835 39 24 1 15 1
5705 ORDER 6836 51 26 3 33 0
5706 ORDER 6837 20 15 2 44 1
5707 ORDER 6838 8 41 2 23 0
5708 ORDER 6839 9 35 3 33 0
5709 ORDER 6840 27 15 2 19 3
5709 BLOCK 28 9
5710 ORDER 6841 25 9 9 43 0
5710 ORDER 6842 19 30 1 41 1
5710 BLOCK 43 38
5711 ORDER 6843 41 18 46 44 0
5712 CANCEL 6611
5712 ORDER 6844 6 14 54 44 0
5713 ORDER 6845 39 5 3 10 0
5714 ORDER 6846 44 21 8 44 0
5715 ORDER 6847 19 30 19 44 2
5716 ORDER 6848 44 23 1 1 0
5717 ORDER 6849 36 35 51 44 0
5718 ORDER 6850 26 21 1 32 1
5719 ORDER 6851 50 30 31 43 0
5720 ORDER 6852 23 18 2 7 1
5721 CANCEL 6801
5721 ORDER 6853 54 39 2 22 0
5722 ORDER 6854 17 17 7 44 1
5723 ORDER 6855 41 24 6 43 2
5724 ORDER 6856 49 24 1 38 0
5724 ORDER 6857 30 26 2 33 0
5725 ORDER 6858 16 26 58 43 0
5726 ORDER 6859 51 5 3 34 0
5726 ORDER 6860 44 41 1 12 1
5727 ORDER 6861 28 24 1 32 2
5728 ORDER 6862 16 14 1 23 3
5729 ORDER 6863 7 20 2 7 1
5729 ORDER 6864 20 24 3 37 0
5730 ORDER 6865 28 5 40 44 2
5731 UNBLOCK 30 2
5731 ORDER 6866 51 27 14 44 0
5732 ORDER 6867 39 35 1 37 0
5732 ORDER 6868 7 41 2 6 0
5732 BLOCK 7 24
5733 ORDER 6869 28 23 3 6 1
5734 ORDER 6870 36 23 2 11 1
5734 ORDER 6871 9 3 53 43 0
5735 ORDER 6872 47 32 3 19 0
5735 ORDER 6873 38 41 2 28 0
5736 ORDER 6874 29 20 1 42 0
5737 ORDER 6875 55 35 44 43 0
5738 ORDER 6876 50 20 1 30 0
5739 ORDER 6877 17 36 2 35 0
5740 ORDER 6878 45 17 2 8 0
5741 ORDER 6879 20 29 27 44 0
5742 ORDER 6880 45 30 2 4 1
5743 ORDER 6881 42 11 39 43 2
5744 CANCEL 6649
5744 ORDER 6882 38 5 3 28 0
5745 ORDER 6883 26 32 55 43 0
5746 ORDER 6884 46 27 51 43 3
5747 UNBLOCK 37 18
5747 ORDER 6885 49 36 1 9 0
5748 ORDER 6886 17 35 3 5 0
5749 ORDER 6887 28 41 37 44 0
5749 BLOCK 45 35
5750 ORDER 6888 28 35 13 44 0
5751 ORDER 6889 38 26 3 34 0
5751 ORDER 6890 7 35 34 43 0
5752 ORDER 6891 43 12 32 43 0
5753 ORDER 6892 36 27 54 44 0
5753 ORDER 6893 38 12 3 6 0
5754 ORDER 6894 45 3 3 29 0
5755 ORDER 6895 49 15 2 7 1
5756 UNBLOCK 43 38
5756 ORDER 6896 43 21 1 27 0
5757 ORDER 6897 49 24 3 43 1
5757 BLOCK 12 8
5758 UNBLOCK 28 9
5758 ORDER 6898 19 11 2 29 0
5759 ORDER 6899 6 26 9 43 1
5759 ORDER 6900 11 33 1 33 0
5760 ORDER 6901 37 30 28 43 2
5761 ORDER 6902 22 8 3 20 0
5762 ORDER 6903 53 17 1 36 1
5763 UNBLOCK 35 16
5763 ORDER 6904 26 39 48 44 0
5764 ORDER 6905 13 6 58 44 0
5764 ORDER 6906 30 3 15 44 0
5765 ORDER 6907 37 20 3 20 2
5765 ORDER 6908 19 38 34 44 0
5766 ORDER 6909 26 36 33 44 1
5767 ORDER 6910 14 18 33 44 1
5767 ORDER 6911 10 23 2 30 0
5768 ORDER 6912 43 12 2 15 0
5769 ORDER 6913 33 6 50 43 0
5770 ORDER 6914 32 17 3 41 0
5771 ORDER 6915 34 41 42 44 1
5772 ORDER 6916 46 41 3 30 0
5773 ORDER 6917 42 23 2 32 0
5773 ORDER 6918 20 6 39 43 0
5774 ORDER 6919 30 32 46 44 0
5774 ORDER 6920 22 32 3 2 3
5775 ORDER 6921 9 14 2 21 0
5775 CANCEL 106921
5776 CANCEL 6827
5776 ORDER 6922 50 21 2 11 0
5777 ORDER 6923 47 26 27 44 0
5778 ORDER 6924 11 5 1 6 0
5778 ORDER 6925 34 18 3 40 0
5779 ORDER 6926 17 20 24 43 2
5779 ORDER 6927 33 36 1 7 1
5780 ORDER 6928 9 36 50 44 1
5781 ORDER 6929 29 6 1 17 1
5782 ORDER 6930 35 14 1 35 0
5783 UNBLOCK 40 39
5783 ORDER 6931 18 36 3 35 2
5783 ORDER 6932 41 29 2 43 0
5784 ORDER 6933 11 38 27 43 3
5785 ORDER 6934 54 32 1 31 0
5785 ORDER 6935 36 21 3 30 1
5786 ORDER 6936 7 9 9 43 1
5786 ORDER 6937 36 39 2 22 1
5787 ORDER 6938 19 5 1 23 1
5788 ORDER 6939 41 23 5 43 0
5789 ORDER 6940 11 24 45 43 2
5790 ORDER 6941 51 25 31 44 0
5790 ORDER 6942 45 9 7 44 0
5791 ORDER 6943 17 17 1 41 0
5792 ORDER 6944 20 39 2 32 0
5793 ORDER 6945 8 27 23 44 0
5793 ORDER 6946 24 36 1 1 3
5794 ORDER 6947 9 29 2 27 1
5795 ORDER 6948 20 17 2 14 2
5796 ORDER 6949 14 18 3 4 0
5797 ORDER 6950 41 14 3 26 0
5798 ORDER 6951 21 8 3 22 1
5798 ORDER 6952 37 20 2 3 2
5799 ORDER 6953 40 33 25 43 0
5800 ORDER 6954 35 9 5 44 0
5801 ORDER 6955 42 21 2 29 1
5802 ORDER 6956 11 20 1 7 0
5803 ORDER 6957 49 23 30 43 3
5803 ORDER 6958 18 9 2 29 0
5804 ORDER 6959 8 15 41 44 1
5804 ORDER 6960 47 36 3 41 0
5805 ORDER 6961 31 18 2 24 0
5806 ORDER 6962 16 24 3 13 1
5807 ORDER 6963 11 6 10 43 0
5808 ORDER 6964 11 9 14 44 2
5809 ORDER 6965 32 29 4 43 1
5809 ORDER 6966 6 20 2 18 0
5810 ORDER 6967 6 33 1 34 0
5811 ORDER 6968 17 23 2 38 0
5812 ORDER 6969 39 17 25 43 1
5813 ORDER 6970 17 33 3 1 0
5814 ORDER 6971 48 5 3 21 1
5815 ORDER 6972 7 30 58 43 0
5816 ORDER 6973 31 23 3 16 2
5817 ORDER 6974 6 29 2 22 1
5818 ORDER 6975 38 12 37 44 1
5819 ORDER 6976 51 24 3 12 1
5820 ORDER 6977 10 9 2 11 0
5821 ORDER 6978 6 6 52 43 2
5822 ORDER 6979 28 26 52 44 0
5823 CANCEL 6841
5823 ORDER 6980 46 41 17 44 0
5823 ORDER 6981 48 15 2 7 0
5824 ORDER 6982 39 29 52 44 1
5825 ORDER 6983 8 26 1 19 0
5826 ORDER 6984 36 6 49 44 0
5827 ORDER 6985 34 24 14 43 3
5828 ORDER 6986 27 3 3 15 1
5829 ORDER 6987 26 12 2 39 1
5830 ORDER 6988 16 11 3 30 0
5831 ORDER 6989 44 36 2 1 0
5832 CANCEL 6989
5832 ORDER 6990 53 17 18 43 0
5833 ORDER 6991 41 30 20 44 0
5834 ORDER 6992 6 35 45 44 0
5835 ORDER 6993 37 35 3 37 1
5836 ORDER 6994 50 18 12 43 0
5836 ORDER 6995 21 15 2 4 2
5837 ORDER 6996 45 11 3 14 2
5838 ORDER 6997 37 12 49 44 1
5839 ORDER 6998 27 17 3 44 0
5840 UNBLOCK 12 8
5840 ORDER 6999 22 36 1 16 0
5841 ORDER 7000 36 27 52 44 0
5842 ORDER 7001 50 26 1 2 3
5842 ORDER 7002 33 17 1 29 1
5843 ORDER 7003 6 18 38 44 2
5844 ORDER 7004 17 18 20 43 0
5844 ORDER 7005 34 9 28 44 3
5845 ORDER 7006 11 26 50 44 0
5846 CANCEL 6858
5846 ORDER 7007 17 41 3 42 0
5847 UNBLOCK 7 24
5847 ORDER 7008 21 24 1 39 0
5847 ORDER 7009 17 23 1 26 0
5848 ORDER 7010 37 35 28 44 1
5848 ORDER 7011 26 26 3 27 2
5849 ORDER 7012 6 14 58 44 1
5850 ORDER 7013 7 38 1 1 0
5850 ORDER 7014 39 35 49 44 1
5851 ORDER 7015 51 20 3 11 2
5852 ORDER 7016 51 27 22 43 0
5853 ORDER 7017 49 32 3 10 2
5854 ORDER 7018 38 32 39 43 1
5855 ORDER 7019 10 9 8 44 1
5856 ORDER 7020 28 9 31 44 0
5857 ORDER 7021 28 11 40 43 0
5858 ORDER 7022 18 18 3 42 1
5859 ORDER 7023 54 35 1 11 3
5860 ORDER 7024 33 36 1 43 0
5861 ORDER 7025 37 12 3 44 0
5862 ORDER 7026 28 36 13 44 1
5863 ORDER 7027 50 6 18 44 0
5863 ORDER 7028 11 33 25 44 0
5864 ORDER 7029 34 5 1 8 0
5865 ORDER 7030 26 8 1 9 0
5866 ORDER 7031 45 35 1 10 0
5867 ORDER 7032 46 24 8 44 0
5868 UNBLOCK 45 35
5868 ORDER 7033 43 36 57 43 0
5869 ORDER 7034 49 24 5 43 0
5869 ORDER 7035 27 14 1 35 0
5870 ORDER 7036 37 21 29 43 1
5871 ORDER 7037 21 35 1 19 0
5872 ORDER 7038 14 38 15 43 2
5873 ORDER 7039 26 8 20 44 1
5874 CANCEL 6909
5874 ORDER 7040 17 6 7 44 2
5875 ORDER 7041 22 38 57 44 0
5876 ORDER 7042 24 33 23 44 0
5877 ORDER 7043 19 11 3 2 0
5878 ORDER 7044 18 5 1 23 0
5879 ORDER 7045 46 35 39 43 2
5880 ORDER 7046 43 27 2 38 0
5880 ORDER 7047 44 23 3 4 1
5881 ORDER 7048 24 20 1 2 1
5882 ORDER 7049 6 32 30 44 0
5883 ORDER 7050 17 21 13 44 0
5884 ORDER 7051 33 15 4 44 0
5884 ORDER 7052 33 26 1 25 1
5884 CANCEL 107052
5885 ORDER 7053 36 32 53 44 0
5886 ORDER 7054 43 27 3 28 1
5886 BLOCK 37 20
5887 CANCEL 7035
5887 ORDER 7055 45 36 1 35 1
5888 ORDER 7056 26 38 49 43 1
5889 ORDER 7057 37 27 2 4 0
5889 ORDER 7058 42 41 2 17 0
5890 ORDER 7059 35 5 2 24 1
5891 ORDER 7060 39 14 21 43 0
5892 ORDER 7061 35 41 43 43 0
5893 ORDER 7062 11 35 30 43 0
5894 ORDER 7063 16 14 2 26 0
5895 ORDER 7064 26 9 52 44 0
5896 ORDER 7065 18 11 2 15 1
5897 ORDER 7066 53 21 30 44 0
5898 ORDER 7067 48 23 18 44 1
5899 ORDER 7068 54 32 13 43 0
5900 ORDER 7069 8 32 30 43 0
5901 ORDER 7070 26 14 21 44 2
5902 ORDER 7071 16 17 2 39 0
5903 ORDER 7072 9 38 2 35 1
5903 ORDER 7073 40 29 58 43 0
5904 ORDER 7074 34 26 11 44 0
5904 ORDER 7075 8 12 1 14 0
5905 ORDER 7076 31 35 3 6 0
5906 ORDER 7077 7 35 53 43 0
5907 ORDER 7078 36 21 32 43 0
5908 ORDER 7079 53 39 38 44 1
5909 ORDER 7080 10 35 17 43 0
5909 BLOCK 55 17
5910 ORDER 7081 41 18 3 11 0
5910 ORDER 7082 21 26 54 44 0
5911 ORDER 7083 35 39 1 11 1
5912 ORDER 7084 13 17 27 43 0
5912 ORDER 7085 10 39 8 43 0
5913 ORDER 7086 42 9 26 44 1
5914 ORDER 7087 52 14 40 43 0
5915 ORDER 7088 11 12 47 44 0
5916 ORDER 7089 54 24 37 43 0
5916 ORDER 7090 8 9 1 14 0
5917 CANCEL 7031
5917 ORDER 7091 52 8 3 21 1
5918 ORDER 7092 41 27 2 10 0
5919 ORDER 7093 33 8 36 44 1
5920 ORDER 7094 39 29 21 44 2
5921 ORDER 7095 19 8 53 44 2
5921 ORDER 7096 23 30 40 43 0
5922 ORDER 7097 43 38 3 5 0
5922 ORDER 7098 46 18 5 44 0
5923 ORDER 7099 27 5 1 16 1
5924 ORDER 7100 16 36 2 11 2
5925 ORDER 7101 44 5 3 26 0
5926 ORDER 7102 6 17 3 3 0
5927 ORDER 7103 9 11 2 4 0
5928 ORDER 7104 26 23 18 44 0
5929 ORDER 7105 39 12 3 44 0
5930 ORDER 7106 34 8 48 43 1
5930 ORDER 7107 52 35 14 44 0
5931 ORDER 7108 55 23 3 18 0
5932 ORDER 7109 46 11 56 44 1
5933 ORDER 7110 11 23 41 44 0
5933 ORDER 7111 49 14 57 44 0
5934 ORDER 7112 42 27 41 44 0
5935 ORDER 7113 33 39 22 44 3
5936 ORDER 7114 32 18 42 43 2
5937 ORDER 7115 21 17 38 43 0
5938 ORDER 7116 46 17 2 24 0
5939 ORDER 7117 16 25 3 36 0
5940 ORDER 7118 37 18 2 35 0
5941 ORDER 7119 26 9 28 44 3
5941 ORDER 7120 37 35 8 44 0
5942 ORDER 7121 37 20 1 7 0
5943 ORDER 7122 20 12 12 44 1
5944 ORDER 7123 30 15 28 43 1
5945 ORDER 7124 29 23 18 44 2
5946 ORDER 7125 35 9 2 16 1
5947 ORDER 7126 49 17 2 28 1
5948 ORDER 7127 20 9 15 43 2
5948 ORDER 7128 37 30 57 44 0
5949 UNBLOCK 37 20
5949 ORDER 7129 40 19 2 2 1
5950 ORDER 7130 22 14 3 42 1
5951 ORDER 7131 28 8 3 16 3
5951 ORDER 7132 52 38 1 28 0
5952 ORDER 7133 40 12 42 43 2
5953 ORDER 7134 15 3 1 25 1
5954 ORDER 7135 28 38 2 40 0
5955 ORDER 7136 25 9 2 41 1
5956 ORDER 7137 29 14 1 34 3
5957 ORDER 7138 55 35 38 44 2
5957 ORDER 7139 9 12 3 3 0
5958 ORDER 7140 35 8 1 37 0
5959 ORDER 7141 25 17 4 44 0
5960 ORDER 7142 7 5 3 19 0
5961 ORDER 7143 51 29 2 21 1
5962 ORDER 7144 52 39 10 43 0
5963 ORDER 7145 39 38 3 21 1
5963 ORDER 7146 47 5 7 43 0
5964 CANCEL 7107
5964 ORDER 7147 37 23 30 44 0
5965 ORDER 7148 31 9 2 3 0
5966 ORDER 7149 46 35 46 43 0
5967 ORDER 7150 10 33 3 20 0
5968 ORDER 7151 50 14 15 44 0
5969 ORDER 7152 27 21 22 43 0
5970 ORDER 7153 10 24 27 44 0
5971 ORDER 7154 30 26 18 43 0
5972 ORDER 7155 8 3 3 7 2
5973 ORDER 7156 31 12 56 44 0
5973 ORDER 7157 35 39 3 2 0
5974 ORDER 7158 21 12 26 44 0
5974 ORDER 7159 44 21 2 3 1
5975 ORDER 7160 13 27 49 43 2
5976 ORDER 7161 16 9 12 43 2
5977 ORDER 7162 19 18 3 42 0
5978 ORDER 7163 11 18 2 33 0
5979 ORDER 7164 43 21 2 11 0
5980 ORDER 7165 19 9 2 32 0
5981 ORDER 7166 48 41 3 43 0
5981 ORDER 7167 39 15 1 24 0
5982 ORDER 7168 41 17 1 39 0
5983 ORDER 7169 41 14 56 43 1
5984 ORDER 7170 15 39 3 31 0
5984 ORDER 7171 23 11 2 35 2
5985 ORDER 7172 11 23 53 43 3
5985 ORDER 7173 29 5 2 34 0
5986 ORDER 7174 37 26 3 6 2
5987 ORDER 7175 40 3 7 43 0
5988 ORDER 7176 9 36 11 44 1
5989 ORDER 7177 8 15 2 25 0
5989 ORDER 7178 41 14 1 28 0
5990 ORDER 7179 21 6 2 32 0
5990 ORDER 7180 49 38 2 25 1
5991 ORDER 7181 17 14 6 43 1
5992 ORDER 7182 45 9 15 43 0
5993 ORDER 7183 18 18 3 29 0
5993 ORDER 7184 30 26 31 43 0
5994 ORDER 7185 43 9 1 2 0
5995 ORDER 7186 26 33 44 44 0
5995 CANCEL 107186
5996 UNBLOCK 55 17
5996 ORDER 7187 40 24 44 44 1
5996 ORDER 7188 38 3 45 44 2
5997 ORDER 7189 36 15 45 44 1
5998 ORDER 7190 7 30 28 44 2
5999 ORDER 7191 35 6 2 4 1
