0 ASSIGN 1 R48 2
1 ASSIGN 2 R43 6
1 PICK 1 R48
3 ASSIGN 3 R56 4
6 ASSIGN 4 R79 2
6 PICK 2 R43
6 PICK 3 R56
7 PICK 4 R79
8 ASSIGN 5 R27 0
8 PICK 5 R27
9 ASSIGN 6 R30 1
9 PICK 6 R30
11 ASSIGN 7 R65 9
12 ASSIGN 8 R32 1
12 PICK 8 R32
13 SIDESTEP R79
15 ASSIGN 9 R15 5
15 SIDESTEP R56
16 ASSIGN 10 R23 1
16 PICK 10 R23
16 SIDESTEP R27
17 ASSIGN 11 R72 6
18 ASSIGN 12 R7 7
19 ASSIGN 13 R16 4
19 PICK 9 R15
19 PICK 7 R65
19 SIDESTEP R79
20 SIDESTEP R32
21 ASSIGN 14 R66 5
21 SIDESTEP R30
21 SIDESTEP R56
22 ASSIGN 15 R68 3
22 PICK 13 R16
22 SIDESTEP R27
22 PICK 11 R72
24 REJECT 16
24 PICK 15 R68
25 PICK 12 R7
25 PICK 14 R66
25 SIDESTEP R79
26 ASSIGN 17 R54 1
26 SIDESTEP R32
26 PICK 17 R54
27 ASSIGN 18 R75 3
27 SIDESTEP R30
27 SIDESTEP R56
28 ASSIGN 19 R41 1
28 SIDESTEP R27
28 PICK 19 R41
29 ASSIGN 20 R45 5
29 PICK 18 R75
31 SIDESTEP R68
31 SIDESTEP R79
32 ASSIGN 21 R34 8
32 SIDESTEP R32
32 SIDESTEP R72
33 SIDESTEP R30
33 DELIVER 2 R43 32
33 PICK 20 R45
33 SIDESTEP R56
34 ASSIGN 22 R62 4
34 SIDESTEP R27
35 ASSIGN 23 R0 2
36 ASSIGN 24 R47 1
36 PICK 23 R0
36 PICK 24 R47
37 ASSIGN 25 R49 3
37 PICK 22 R62
37 SIDESTEP R68
37 SIDESTEP R79
38 ASSIGN 26 R58 11
38 SIDESTEP R32
38 SIDESTEP R56
38 SIDESTEP R72
39 SIDESTEP R30
39 PICK 21 R34
39 PICK 25 R49
40 ASSIGN 27 R46 1
40 SIDESTEP R23
40 SIDESTEP R27
40 SIDESTEP R45
40 PICK 27 R46
41 ASSIGN 28 R39 5
42 ASSIGN 29 R26 6
42 SIDESTEP R66
43 ASSIGN 30 R5 12
43 SIDESTEP R48
43 SIDESTEP R56
43 SIDESTEP R68
43 SIDESTEP R79
44 ASSIGN 31 R37 1
44 SIDESTEP R32
44 PICK 31 R37
44 SIDESTEP R41
44 SIDESTEP R72
45 ASSIGN 32 R51 3
45 SIDESTEP R30
45 SIDESTEP R45
46 ASSIGN 33 R17 3
47 ASSIGN 34 R70 2
47 PICK 29 R26
47 SIDESTEP R47
47 PICK 32 R51
48 ASSIGN 35 R18 7
48 PICK 33 R17
48 PICK 28 R39
48 SIDESTEP R66
48 PICK 34 R70
49 ASSIGN 36 R44 4
49 SIDESTEP R23
49 SIDESTEP R48
49 SIDESTEP R68
49 SIDESTEP R79
49 REPORT pending=0 idle=46 to_pickup=4 delivering=30 to_charger=0 charging=0 dead=0 hot=25,20,5
50 ASSIGN 37 R33 0
50 SIDESTEP R32
50 PICK 37 R33
50 SIDESTEP R72
51 SIDESTEP R30
51 PICK 26 R58
52 PICK 36 R44
52 SIDESTEP R47
53 ASSIGN 38 R24 12
54 ASSIGN 39 R59 5
54 PICK 30 R5
54 PICK 35 R18
54 SIDESTEP R26
54 SIDESTEP R66
55 DELIVER 9 R15 40
55 SIDESTEP R23
55 SIDESTEP R33
55 SIDESTEP R46
55 SIDESTEP R48
55 SIDESTEP R68
55 SIDESTEP R79
56 ASSIGN 40 R8 9
56 SIDESTEP R32
56 SIDESTEP R56
56 SIDESTEP R72
57 ASSIGN 41 R20 2
57 DELIVER 21 R34 25
57 SIDESTEP R47
57 SIDESTEP R58
58 ASSIGN 42 R19 2
58 PICK 41 R20
58 SIDESTEP R51
59 ASSIGN 43 R74 6
59 PICK 42 R19
59 SIDESTEP R26
60 ASSIGN 44 R53 7
60 SIDESTEP R33
60 SIDESTEP R48
60 SIDESTEP R66
61 SIDESTEP R7
61 SIDESTEP R68
61 SIDESTEP R79
62 ASSIGN 45 R10 2
62 SIDESTEP R32
62 SIDESTEP R56
62 SIDESTEP R72
63 PICK 45 R10
64 ASSIGN 46 R52 5
64 PICK 40 R8
64 SIDESTEP R26
64 SIDESTEP R51
64 PICK 43 R74
65 ASSIGN 47 R14 4
65 SIDESTEP R18
65 SIDESTEP R33
65 SIDESTEP R48
66 ASSIGN 48 R61 2
66 SIDESTEP R66
67 ASSIGN 49 R76 10
67 SIDESTEP R7
67 PICK 38 R24
67 PICK 48 R61
67 SIDESTEP R68
67 SIDESTEP R79
68 ASSIGN 50 R42 5
68 PICK 47 R14
68 SIDESTEP R32
68 SIDESTEP R45
68 PICK 46 R52
68 SIDESTEP R56
68 SIDESTEP R72
69 ASSIGN 51 R21 4
69 DELIVER 22 R62 35
70 SIDESTEP R18
70 SIDESTEP R33
70 SIDESTEP R48
70 SIDESTEP R51
70 SIDESTEP R53
71 ASSIGN 52 R50 6
71 SIDESTEP R20
71 PICK 39 R59
72 CANCEL_FAIL 100053
72 ASSIGN 53 R34 11
72 PICK 51 R21
72 SIDESTEP R42
73 SIDESTEP R7
73 SIDESTEP R68
73 SIDESTEP R79
74 DELIVER 10 R23 58
74 SIDESTEP R32
74 DELIVER 28 R39 33
74 SIDESTEP R45
74 SIDESTEP R56
74 SIDESTEP R72
75 SIDESTEP R18
75 SIDESTEP R33
75 SIDESTEP R48
75 SIDESTEP R53
75 SIDESTEP R54
76 ASSIGN 54 R55 4
76 SIDESTEP R20
76 SIDESTEP R41
76 PICK 52 R50
76 SIDESTEP R51
76 SIDESTEP R59
77 ASSIGN 55 R77 7
77 DELIVER 23 R0 42
78 ASSIGN 56 R67 9
78 SIDESTEP R10
78 SIDESTEP R24
79 ASSIGN 57 R12 3
79 PICK 54 R55
79 SIDESTEP R58
79 SIDESTEP R61
79 SIDESTEP R68
79 SIDESTEP R79
80 ASSIGN 58 R38 1
80 DELIVER 12 R7 62
80 SIDESTEP R18
80 SIDESTEP R32
80 SIDESTEP R33
80 PICK 58 R38
80 PICK 50 R42
80 SIDESTEP R45
80 SIDESTEP R48
80 SIDESTEP R72
80 PICK 49 R76
81 ASSIGN 59 R1 5
81 PICK 57 R12
81 SIDESTEP R20
81 SIDESTEP R41
81 SIDESTEP R54
81 SIDESTEP R59
81 SIDESTEP R74
82 ASSIGN 60 R73 10
82 SIDESTEP R17
82 PICK 53 R34
83 ASSIGN 61 R3 13
83 SIDESTEP R10
83 SIDESTEP R27
83 SIDESTEP R70
83 PICK 55 R77
84 ASSIGN 62 R4 9
84 DELIVER 3 R56 81
85 ASSIGN 63 R63 1
85 PICK 59 R1
85 SIDESTEP R18
85 SIDESTEP R33
85 SIDESTEP R48
85 SIDESTEP R58
85 PICK 63 R63
85 SIDESTEP R68
85 SIDESTEP R79
86 SIDESTEP R20
86 SIDESTEP R32
86 SIDESTEP R38
86 SIDESTEP R41
86 SIDESTEP R55
86 DELIVER 14 R66 65
86 PICK 56 R67
86 SIDESTEP R72
87 ASSIGN 64 R60 11
87 SIDESTEP R50
87 SIDESTEP R54
87 DELIVER 34 R70 40
88 ASSIGN 65 R29 13
88 SIDESTEP R17
89 ASSIGN 66 R25 14
89 SIDESTEP R27
90 ASSIGN 67 R78 5
90 SIDESTEP R18
90 SIDESTEP R48
91 SIDESTEP R41
91 SIDESTEP R55
91 SIDESTEP R58
91 SIDESTEP R61
91 DELIVER 7 R65 80
91 SIDESTEP R68
91 PICK 60 R73
92 ASSIGN 68 R65 9
92 SIDESTEP R32
92 SIDESTEP R37
92 SIDESTEP R72
93 ASSIGN 69 R35 9
93 PICK 62 R4
93 SIDESTEP R54
94 ASSIGN 70 R39 8
94 SIDESTEP R5
94 SIDESTEP R17
94 DELIVER 27 R46 54
95 SIDESTEP R18
95 SIDESTEP R27
95 SIDESTEP R48
95 PICK 44 R53
96 ASSIGN 71 R40 9
96 SIDESTEP R41
96 SIDESTEP R49
96 SIDESTEP R55
96 SIDESTEP R68
97 ASSIGN 72 R2 7
97 SIDESTEP R58
97 PICK 64 R60
97 SIDESTEP R61
97 SIDESTEP R63
98 ASSIGN 73 R69 6
98 SIDESTEP R32
98 DELIVER 53 R34 26
98 SIDESTEP R37
98 SIDESTEP R72
98 PICK 67 R78
99 ASSIGN 74 R57 5
99 PICK 61 R3
99 SIDESTEP R54
99 REPORT pending=0 idle=21 to_pickup=9 delivering=50 to_charger=0 charging=0 dead=0 hot=25,37,10
100 ASSIGN 75 R71 16
100 DELIVER 40 R8 44
100 SIDESTEP R17
100 SIDESTEP R18
100 SIDESTEP R26
100 PICK 65 R29
100 DELIVER 50 R42 32
100 DELIVER 24 R47 64
100 SIDESTEP R48
100 PICK 68 R65
101 ASSIGN 76 R70 21
101 SIDESTEP R27
101 PICK 69 R35
101 PICK 70 R39
101 SIDESTEP R41
101 SIDESTEP R55
102 ASSIGN 77 R22 8
102 PICK 66 R25
102 SIDESTEP R33
102 SIDESTEP R69
103 ASSIGN 78 R28 10
103 PICK 72 R2
103 SIDESTEP R20
103 SIDESTEP R44
103 PICK 74 R57
103 SIDESTEP R61
103 SIDESTEP R63
104 ASSIGN 79 R43 7
104 SIDESTEP R10
104 SIDESTEP R19
104 SIDESTEP R32
104 SIDESTEP R37
104 PICK 71 R40
104 DELIVER 26 R58 66
105 ASSIGN 80 R13 7
105 SIDESTEP R17
105 SIDESTEP R21
105 SIDESTEP R26
105 SIDESTEP R48
105 SIDESTEP R54
106 ASSIGN 81 R58 5
106 SIDESTEP R1
106 DELIVER 30 R5 63
106 SIDESTEP R41
106 SIDESTEP R55
107 ASSIGN 82 R6 23
107 SIDESTEP R27
107 DELIVER 25 R49 70
107 SIDESTEP R69
108 SIDESTEP R20
108 SIDESTEP R43
109 SIDESTEP R19
109 PICK 77 R22
109 SIDESTEP R61
109 SIDESTEP R76
110 SIDESTEP R10
110 DELIVER 13 R16 91
110 SIDESTEP R30
110 SIDESTEP R37
110 SIDESTEP R48
110 PICK 81 R58
111 ASSIGN 83 R16 8
111 PICK 80 R13
111 SIDESTEP R33
111 SIDESTEP R38
111 SIDESTEP R41
111 SIDESTEP R54
111 SIDESTEP R55
112 ASSIGN 84 R8 6
112 SIDESTEP R17
112 PICK 78 R28
112 DELIVER 32 R51 67
113 ASSIGN 85 R46 10
113 SIDESTEP R20
113 SIDESTEP R27
114 ASSIGN 86 R64 24
114 SIDESTEP R19
115 ASSIGN 87 R49 4
115 SIDESTEP R1
115 SIDESTEP R16
115 DELIVER 36 R44 66
115 SIDESTEP R48
115 SIDESTEP R53
115 SIDESTEP R61
115 SIDESTEP R76
116 ASSIGN 88 R62 8
116 SIDESTEP R10
116 SIDESTEP R21
116 SIDESTEP R30
116 SIDESTEP R33
116 SIDESTEP R38
116 PICK 79 R43
116 SIDESTEP R55
117 SIDESTEP R40
117 SIDESTEP R54
117 SIDESTEP R73
118 SIDESTEP R20
118 SIDESTEP R35
119 ASSIGN 89 R5 39
119 SIDESTEP R8
119 SIDESTEP R27
120 ASSIGN 90 R42 15
120 SIDESTEP R1
120 SIDESTEP R16
120 SIDESTEP R17
120 DELIVER 31 R37 76
120 SIDESTEP R48
120 SIDESTEP R53
120 SIDESTEP R72
121 ASSIGN 91 R0 16
121 SIDESTEP R21
121 SIDESTEP R30
121 SIDESTEP R33
121 PICK 87 R49
121 SIDESTEP R52
121 SIDESTEP R61
121 SIDESTEP R69
121 PICK 76 R70
121 SIDESTEP R76
122 SIDESTEP R39
122 PICK 85 R46
122 DELIVER 60 R73 40
123 ASSIGN 92 R44 24
123 SIDESTEP R20
123 SIDESTEP R35
123 DELIVER 52 R50 52
123 SIDESTEP R54
123 DELIVER 64 R60 36
123 SIDESTEP R62
124 ASSIGN 93 R60 31
124 SIDESTEP R8
124 SIDESTEP R19
124 SIDESTEP R22
125 ASSIGN 94 R51 18
125 SIDESTEP R16
125 SIDESTEP R27
125 SIDESTEP R48
125 SIDESTEP R53
125 SIDESTEP R72
126 SIDESTEP R1
126 SIDESTEP R17
126 SIDESTEP R30
126 SIDESTEP R33
126 SIDESTEP R45
126 DELIVER 87 R49 11
126 PICK 75 R71
127 SIDESTEP R44
127 SIDESTEP R52
127 DELIVER 39 R59 73
127 SIDESTEP R61
127 DELIVER 43 R74 68
128 ASSIGN 95 R50 6
128 SIDESTEP R21
128 DELIVER 70 R39 34
128 SIDESTEP R62
129 SIDESTEP R8
129 SIDESTEP R19
129 DELIVER 58 R38 49
129 SIDESTEP R54
129 PICK 73 R69
130 DELIVER 29 R26 88
130 DELIVER 65 R29 42
130 SIDESTEP R75
131 ASSIGN 96 R74 14
131 SIDESTEP R27
131 SIDESTEP R28
131 SIDESTEP R33
132 SIDESTEP R25
132 SIDESTEP R45
132 SIDESTEP R52
132 SIDESTEP R65
132 SIDESTEP R76
133 DELIVER 47 R14 68
133 SIDESTEP R17
133 SIDESTEP R24
133 SIDESTEP R44
133 SIDESTEP R61
133 SIDESTEP R62
134 ASSIGN 97 R9 34
134 SIDESTEP R1
134 SIDESTEP R8
134 SIDESTEP R12
134 SIDESTEP R19
134 PICK 90 R42
134 SIDESTEP R50
134 SIDESTEP R54
134 DELIVER 56 R67 56
135 ASSIGN 98 R59 8
135 SIDESTEP R4
136 ASSIGN 99 R49 5
136 PICK 91 R0
136 SIDESTEP R28
136 DELIVER 19 R41 108
137 ASSIGN 100 R23 6
137 PICK 82 R6
137 SIDESTEP R27
137 PICK 86 R64
137 SIDESTEP R65
137 SIDESTEP R76
138 ASSIGN 101 R41 27
138 SIDESTEP R17
138 SIDESTEP R21
138 SIDESTEP R30
138 DELIVER 71 R40 42
138 SIDESTEP R45
138 SIDESTEP R62
139 ASSIGN 102 R67 34
139 SIDESTEP R8
139 SIDESTEP R19
139 SIDESTEP R50
139 SIDESTEP R54
139 SIDESTEP R61
140 ASSIGN 103 R38 19
140 SIDESTEP R4
140 SIDESTEP R12
140 SIDESTEP R46
141 ASSIGN 104 R40 7
141 SIDESTEP R3
141 SIDESTEP R28
141 SIDESTEP R33
142 ASSIGN 105 R11 10
142 SIDESTEP R5
142 PICK 100 R23
142 DELIVER 1 R48 142
142 SIDESTEP R74
142 SIDESTEP R76
143 SIDESTEP R17
143 SIDESTEP R21
143 SIDESTEP R27
143 SIDESTEP R45
143 SIDESTEP R52
143 SIDESTEP R62
143 SIDESTEP R79
144 ASSIGN 106 R48 11
144 SIDESTEP R8
144 SIDESTEP R19
144 PICK 99 R49
144 SIDESTEP R50
144 SIDESTEP R71
144 SIDESTEP R78
145 ASSIGN 107 R29 8
145 SIDESTEP R4
145 SIDESTEP R58
146 ASSIGN 108 R34 34
146 DELIVER 66 R25 57
146 SIDESTEP R28
146 DELIVER 6 R30 137
146 PICK 98 R59
147 ASSIGN 109 R37 29
147 SIDESTEP R1
147 SIDESTEP R61
147 SIDESTEP R74
147 SIDESTEP R76
148 ASSIGN 110 R25 21
148 SIDESTEP R2
148 SIDESTEP R17
148 SIDESTEP R23
148 SIDESTEP R40
148 SIDESTEP R41
148 SIDESTEP R62
148 DELIVER 73 R69 50
149 DELIVER 57 R12 70
149 SIDESTEP R19
149 SIDESTEP R27
149 SIDESTEP R29
149 SIDESTEP R50
149 SIDESTEP R79
149 REPORT pending=0 idle=14 to_pickup=20 delivering=46 to_charger=0 charging=0 dead=0 hot=5,21,9
150 ASSIGN 111 R12 20
150 SIDESTEP R4
150 DELIVER 38 R24 97
150 SIDESTEP R51
150 SIDESTEP R58
150 SIDESTEP R72
151 ASSIGN 112 R36 19
151 SIDESTEP R8
151 SIDESTEP R22
151 SIDESTEP R28
151 SIDESTEP R37
152 ASSIGN 113 R24 15
152 DELIVER 35 R18 104
152 SIDESTEP R76
153 ASSIGN 114 R39 13
153 SIDESTEP R1
153 PICK 105 R11
153 SIDESTEP R13
153 PICK 83 R16
153 DELIVER 17 R54 127
153 SIDESTEP R61
153 DELIVER 55 R77 76
154 ASSIGN 115 R77 32
154 DELIVER 33 R17 108
154 PICK 104 R40
154 PICK 93 R60
154 DELIVER 75 R71 54
154 SIDESTEP R79
155 ASSIGN 116 R14 11
155 SIDESTEP R27
155 SIDESTEP R45
155 SIDESTEP R58
155 SIDESTEP R72
155 DELIVER 67 R78 65
156 SIDESTEP R0
156 SIDESTEP R8
156 SIDESTEP R22
156 SIDESTEP R23
156 SIDESTEP R28
156 SIDESTEP R49
156 DELIVER 54 R55 80
157 ASSIGN 117 R55 24
157 DELIVER 72 R2 60
157 SIDESTEP R4
157 SIDESTEP R76
158 ASSIGN 118 R78 21
158 SIDESTEP R19
158 PICK 107 R29
158 PICK 106 R48
158 SIDESTEP R65
159 ASSIGN 119 R54 24
159 SIDESTEP R1
159 DELIVER 69 R35 66
159 SIDESTEP R36
159 DELIVER 74 R57 60
159 SIDESTEP R68
160 ASSIGN 120 R57 6
160 DELIVER 80 R13 55
160 DELIVER 48 R61 94
160 SIDESTEP R75
160 SIDESTEP R79
161 ASSIGN 121 R13 15
161 SIDESTEP R11
161 SIDESTEP R27
161 SIDESTEP R28
161 SIDESTEP R45
161 SIDESTEP R49
161 SIDESTEP R64
162 ASSIGN 122 R30 8
162 SIDESTEP R0
162 SIDESTEP R4
162 SIDESTEP R23
162 PICK 103 R38
162 SIDESTEP R40
162 DELIVER 79 R43 58
162 SIDESTEP R46
162 SIDESTEP R55
162 SIDESTEP R72
162 SIDESTEP R76
163 ASSIGN 123 R43 24
163 SIDESTEP R22
163 SIDESTEP R62
163 DELIVER 68 R65 71
164 ASSIGN 124 R18 40
164 SIDESTEP R68
165 SIDESTEP R1
165 PICK 116 R14
165 SIDESTEP R36
165 PICK 114 R39
165 PICK 120 R57
165 SIDESTEP R63
165 DELIVER 76 R70 64
166 SIDESTEP R11
166 SIDESTEP R28
166 SIDESTEP R49
166 SIDESTEP R59
166 SIDESTEP R75
167 ASSIGN 125 R47 26
167 PICK 113 R24
167 SIDESTEP R27
167 SIDESTEP R72
167 SIDESTEP R76
168 ASSIGN 126 R69 11
168 SIDESTEP R0
168 DELIVER 41 R20 111
168 SIDESTEP R23
168 SIDESTEP R55
168 SIDESTEP R58
168 SIDESTEP R62
168 SIDESTEP R79
169 ASSIGN 127 R35 22
169 PICK 111 R12
169 PICK 110 R25
169 SIDESTEP R43
169 PICK 92 R44
169 SIDESTEP R45
169 DELIVER 85 R46 56
169 PICK 94 R51
170 ASSIGN 128 R73 11
170 PICK 122 R30
170 SIDESTEP R63
170 PICK 96 R74
171 SIDESTEP R1
171 SIDESTEP R11
171 SIDESTEP R28
171 DELIVER 107 R29 26
171 SIDESTEP R36
171 SIDESTEP R49
171 SIDESTEP R59
171 SIDESTEP R68
171 DELIVER 18 R75 144
172 ASSIGN 129 R29 36
172 SIDESTEP R76
173 DELIVER 42 R19 115
173 SIDESTEP R27
174 ASSIGN 130 R70 31
174 DELIVER 82 R6 67
174 SIDESTEP R23
174 SIDESTEP R73
175 ASSIGN 131 R20 6
175 DELIVER 61 R3 92
175 SIDESTEP R55
175 SIDESTEP R62
175 SIDESTEP R63
176 ASSIGN 132 R71 9
176 SIDESTEP R0
176 SIDESTEP R11
176 SIDESTEP R28
176 DELIVER 8 R32 164
176 SIDESTEP R39
176 SIDESTEP R49
176 SIDESTEP R58
176 SIDESTEP R59
176 SIDESTEP R79
177 ASSIGN 133 R75 45
177 SIDESTEP R1
177 SIDESTEP R36
177 SIDESTEP R45
177 SIDESTEP R68
177 SIDESTEP R76
178 ASSIGN 134 R61 9
178 DELIVER 37 R33 128
178 SIDESTEP R64
178 PICK 126 R69
179 ASSIGN 135 R6 24
179 SIDESTEP R27
179 SIDESTEP R57
179 SIDESTEP R73
180 ASSIGN 136 R2 14
180 PICK 131 R20
180 SIDESTEP R23
180 SIDESTEP R29
180 SIDESTEP R62
180 SIDESTEP R63
180 SIDESTEP R70
180 SIDESTEP R71
181 ASSIGN 137 R33 11
181 DELIVER 62 R4 97
181 SIDESTEP R11
181 SIDESTEP R28
181 PICK 109 R37
181 SIDESTEP R39
181 DELIVER 90 R42 61
181 SIDESTEP R48
181 SIDESTEP R49
181 SIDESTEP R58
181 SIDESTEP R59
182 ASSIGN 138 R4 12
182 PICK 95 R50
182 SIDESTEP R68
183 ASSIGN 139 R17 43
183 SIDESTEP R1
183 PICK 84 R8
183 SIDESTEP R36
183 SIDESTEP R51
183 SIDESTEP R64
184 SIDESTEP R0
184 SIDESTEP R79
185 ASSIGN 140 R26 38
185 SIDESTEP R27
185 SIDESTEP R45
185 SIDESTEP R62
185 SIDESTEP R63
185 PICK 115 R77
186 SIDESTEP R23
186 DELIVER 113 R24 34
186 SIDESTEP R28
186 DELIVER 103 R38 46
186 SIDESTEP R39
186 SIDESTEP R48
186 SIDESTEP R49
186 SIDESTEP R59
186 PICK 134 R61
187 ASSIGN 141 R38 32
187 SIDESTEP R12
187 SIDESTEP R50
187 DELIVER 44 R53 127
187 SIDESTEP R60
187 SIDESTEP R68
188 ASSIGN 142 R46 22
188 SIDESTEP R51
188 PICK 132 R71
188 DELIVER 96 R74 57
188 SIDESTEP R76
189 ASSIGN 143 R74 15
189 SIDESTEP R17
189 DELIVER 77 R22 87
189 SIDESTEP R36
190 ASSIGN 144 R24 41
190 SIDESTEP R13
190 PICK 127 R35
190 SIDESTEP R62
190 PICK 128 R73
191 ASSIGN 145 R31 3
191 SIDESTEP R11
191 DELIVER 131 R20 16
191 SIDESTEP R27
191 SIDESTEP R28
191 PICK 137 R33
191 SIDESTEP R39
191 SIDESTEP R48
191 SIDESTEP R49
191 PICK 119 R54
191 SIDESTEP R59
192 ASSIGN 146 R53 32
192 SIDESTEP R0
192 SIDESTEP R23
192 SIDESTEP R30
192 SIDESTEP R37
192 SIDESTEP R50
192 SIDESTEP R58
192 SIDESTEP R60
192 SIDESTEP R68
192 SIDESTEP R79
193 PICK 136 R2
193 PICK 138 R4
193 PICK 145 R31
193 SIDESTEP R45
193 PICK 125 R47
194 ASSIGN 147 R20 10
194 SIDESTEP R36
194 PICK 101 R41
194 DELIVER 86 R64 80
195 ASSIGN 148 R64 11
195 SIDESTEP R26
196 ASSIGN 149 R32 46
196 SIDESTEP R17
196 DELIVER 5 R27 188
196 SIDESTEP R28
196 SIDESTEP R39
196 SIDESTEP R49
196 SIDESTEP R59
196 SIDESTEP R72
196 SIDESTEP R78
197 ASSIGN 150 R65 9
197 SIDESTEP R30
197 DELIVER 145 R31 6
197 SIDESTEP R50
197 SIDESTEP R58
197 SIDESTEP R60
197 SIDESTEP R68
197 DELIVER 49 R76 130
198 ASSIGN 151 R15 11
198 SIDESTEP R1
198 PICK 121 R13
198 SIDESTEP R23
198 SIDESTEP R69
199 ASSIGN 152 R3 11
199 DELIVER 45 R10 137
199 DELIVER 116 R14 44
199 SIDESTEP R36
199 DELIVER 46 R52 135
199 SIDESTEP R79
199 REPORT pending=0 idle=12 to_pickup=27 delivering=41 to_charger=0 charging=0 dead=0 hot=12,37,9
200 ASSIGN 153 R14 4
200 DELIVER 110 R25 52
200 SIDESTEP R45
201 ASSIGN 154 R76 10
201 SIDESTEP R17
201 SIDESTEP R26
201 SIDESTEP R28
201 PICK 108 R34
201 SIDESTEP R39
201 SIDESTEP R49
201 SIDESTEP R59
201 SIDESTEP R63
201 SIDESTEP R78
202 ASSIGN 155 R25 40
202 PICK 135 R6
202 DELIVER 83 R16 91
202 SIDESTEP R50
202 SIDESTEP R60
202 SIDESTEP R68
203 ASSIGN 156 R52 33
203 PICK 97 R9
203 PICK 147 R20
203 SIDESTEP R55
203 SIDESTEP R69
203 SIDESTEP R72
203 PICK 143 R74
204 SIDESTEP R23
204 SIDESTEP R62
204 SIDESTEP R79
205 ASSIGN 157 R16 20
205 SIDESTEP R45
205 SIDESTEP R58
205 PICK 148 R64
205 PICK 150 R65
206 SIDESTEP R0
206 SIDESTEP R17
206 SIDESTEP R28
206 SIDESTEP R32
206 SIDESTEP R37
206 SIDESTEP R41
206 DELIVER 92 R44 83
206 SIDESTEP R49
206 SIDESTEP R59
206 SIDESTEP R63
206 SIDESTEP R78
207 ASSIGN 158 R44 30
207 SIDESTEP R1
207 SIDESTEP R26
207 SIDESTEP R50
207 SIDESTEP R68
208 ASSIGN 159 R22 56
208 PICK 123 R43
208 SIDESTEP R55
208 SIDESTEP R69
208 PICK 130 R70
208 SIDESTEP R72
209 PICK 152 R3
209 DELIVER 111 R12 59
209 PICK 142 R46
209 SIDESTEP R61
210 ASSIGN 160 R12 30
210 SIDESTEP R6
210 SIDESTEP R11
210 PICK 124 R18
210 SIDESTEP R23
210 SIDESTEP R25
210 SIDESTEP R45
210 SIDESTEP R47
211 CANCEL_FAIL 82
211 SIDESTEP R0
211 SIDESTEP R4
211 SIDESTEP R17
211 SIDESTEP R28
211 SIDESTEP R57
211 SIDESTEP R59
211 SIDESTEP R62
211 SIDESTEP R63
211 SIDESTEP R65
211 SIDESTEP R74
211 SIDESTEP R78
212 ASSIGN 161 R10 28
212 PICK 153 R14
212 PICK 151 R15
212 SIDESTEP R32
212 DELIVER 137 R33 31
212 SIDESTEP R50
212 SIDESTEP R58
213 ASSIGN 162 R33 25
213 SIDESTEP R26
213 PICK 129 R29
213 DELIVER 94 R51 88
214 ASSIGN 163 R51 49
214 SIDESTEP R61
214 SIDESTEP R68
215 SIDESTEP R11
215 SIDESTEP R45
215 SIDESTEP R47
216 ASSIGN 164 R7 40
216 SIDESTEP R0
216 SIDESTEP R23
216 SIDESTEP R28
216 SIDESTEP R41
216 SIDESTEP R57
216 SIDESTEP R63
217 ASSIGN 165 R42 34
217 SIDESTEP R37
217 SIDESTEP R50
218 ASSIGN 166 R19 40
218 SIDESTEP R4
218 DELIVER 151 R15 20
218 SIDESTEP R32
218 SIDESTEP R40
218 DELIVER 106 R48 74
218 SIDESTEP R62
218 SIDESTEP R74
219 DELIVER 135 R6 40
219 SIDESTEP R26
219 SIDESTEP R46
219 SIDESTEP R68
219 PICK 118 R78
220 SIDESTEP R11
220 SIDESTEP R47
221 SIDESTEP R28
221 SIDESTEP R29
221 SIDESTEP R41
222 ASSIGN 167 R15 16
222 SIDESTEP R23
222 SIDESTEP R30
222 SIDESTEP R37
223 SIDESTEP R4
223 SIDESTEP R36
223 SIDESTEP R45
223 PICK 146 R53
223 SIDESTEP R62
223 SIDESTEP R74
223 SIDESTEP R79
224 ASSIGN 168 R31 23
224 PICK 157 R16
224 SIDESTEP R32
224 SIDESTEP R46
224 SIDESTEP R68
225 ASSIGN 169 R6 38
225 SIDESTEP R11
225 SIDESTEP R25
225 SIDESTEP R26
225 SIDESTEP R47
225 DELIVER 120 R57 65
225 PICK 133 R75
226 SIDESTEP R17
226 SIDESTEP R28
226 SIDESTEP R29
226 SIDESTEP R41
226 SIDESTEP R65
226 SIDESTEP R70
226 PICK 154 R76
226 SIDESTEP R77
227 SIDESTEP R30
227 SIDESTEP R37
228 ASSIGN 170 R57 37
228 SIDESTEP R4
228 SIDESTEP R23
228 SIDESTEP R36
228 SIDESTEP R62
228 SIDESTEP R74
228 SIDESTEP R79
229 ASSIGN 171 R56 29
229 DELIVER 114 R39 76
229 SIDESTEP R46
229 SIDESTEP R60
229 SIDESTEP R68
230 REJECT 172
230 DELIVER 91 R0 109
230 SIDESTEP R32
230 DELIVER 20 R45 201
230 SIDESTEP R47
231 SIDESTEP R26
231 SIDESTEP R28
231 SIDESTEP R41
232 SIDESTEP R10
232 SIDESTEP R14
232 SIDESTEP R20
232 SIDESTEP R30
232 SIDESTEP R42
232 SIDESTEP R65
232 SIDESTEP R70
233 REJECT 173
233 SIDESTEP R4
233 SIDESTEP R36
233 SIDESTEP R51
233 SIDESTEP R62
233 SIDESTEP R74
233 SIDESTEP R79
234 ASSIGN 174 R45 15
234 SIDESTEP R1
234 SIDESTEP R46
234 SIDESTEP R68
235 ASSIGN 175 R39 44
235 SIDESTEP R47
236 ASSIGN 176 R27 50
236 SIDESTEP R28
236 PICK 141 R38
236 SIDESTEP R41
236 DELIVER 132 R71 60
236 SIDESTEP R76
237 ASSIGN 177 R0 30
237 SIDESTEP R10
237 SIDESTEP R14
237 DELIVER 51 R21 168
237 SIDESTEP R22
237 SIDESTEP R65
237 SIDESTEP R70
237 DELIVER 115 R77 83
238 ASSIGN 178 R21 11
238 SIDESTEP R3
238 SIDESTEP R4
238 SIDESTEP R7
238 DELIVER 105 R11 96
238 SIDESTEP R15
238 SIDESTEP R20
238 SIDESTEP R36
238 SIDESTEP R50
238 SIDESTEP R51
238 SIDESTEP R62
238 SIDESTEP R74
238 SIDESTEP R79
239 ASSIGN 179 R11 4
239 PICK 160 R12
239 DELIVER 99 R49 103
239 SIDESTEP R68
240 ASSIGN 180 R71 12
240 SIDESTEP R1
240 PICK 162 R33
240 PICK 158 R44
240 DELIVER 98 R59 105
241 ASSIGN 181 R77 41
241 SIDESTEP R28
241 DELIVER 119 R54 82
241 DELIVER 128 R73 71
241 SIDESTEP R76
242 ASSIGN 182 R73 24
242 SIDESTEP R5
242 PICK 179 R11
242 DELIVER 104 R40 101
243 REJECT 183
243 DELIVER 136 R2 63
243 SIDESTEP R36
243 SIDESTEP R62
243 SIDESTEP R74
244 ASSIGN 184 R49 23
244 SIDESTEP R58
244 DELIVER 134 R61 66
244 PICK 102 R67
244 SIDESTEP R68
245 ASSIGN 185 R59 19
245 SIDESTEP R44
245 DELIVER 63 R63 160
246 ASSIGN 186 R63 28
246 SIDESTEP R1
246 DELIVER 84 R8 134
246 DELIVER 121 R13 85
246 SIDESTEP R16
246 SIDESTEP R20
246 SIDESTEP R28
246 SIDESTEP R35
246 SIDESTEP R60
246 SIDESTEP R76
247 PICK 168 R31
248 SIDESTEP R10
248 PICK 167 R15
248 PICK 178 R21
248 SIDESTEP R36
248 SIDESTEP R62
248 SIDESTEP R74
249 ASSIGN 187 R54 43
249 SIDESTEP R7
249 SIDESTEP R27
249 SIDESTEP R68
249 REPORT pending=0 idle=7 to_pickup=30 delivering=43 to_charger=0 charging=0 dead=0 hot=14,30,11
250 ASSIGN 188 R8 13
250 DELIVER 11 R72 233
250 SIDESTEP R73
251 ASSIGN 189 R72 40
251 SIDESTEP R1
251 SIDESTEP R4
251 SIDESTEP R20
251 DELIVER 100 R23 114
251 SIDESTEP R28
251 SIDESTEP R35
251 SIDESTEP R45
251 SIDESTEP R50
251 SIDESTEP R60
251 SIDESTEP R65
251 PICK 180 R71
252 ASSIGN 190 R13 35
252 SIDESTEP R16
252 SIDESTEP R57
252 SIDESTEP R79
253 ASSIGN 191 R61 55
253 SIDESTEP R10
253 SIDESTEP R36
253 SIDESTEP R38
253 DELIVER 154 R76 52
254 ASSIGN 192 R76 19
254 SIDESTEP R7
254 SIDESTEP R17
254 PICK 156 R52
254 SIDESTEP R64
255 ASSIGN 193 R40 50
255 SIDESTEP R73
256 DELIVER 152 R3 57
256 DELIVER 97 R9 122
256 SIDESTEP R20
256 SIDESTEP R28
256 SIDESTEP R35
256 SIDESTEP R41
256 SIDESTEP R60
256 SIDESTEP R65
257 ASSIGN 194 R9 39
257 SIDESTEP R1
257 SIDESTEP R16
257 SIDESTEP R21
257 DELIVER 108 R34 111
257 PICK 165 R42
257 PICK 174 R45
257 PICK 117 R55
257 SIDESTEP R57
258 ASSIGN 195 R3 32
258 SIDESTEP R11
258 SIDESTEP R15
258 PICK 166 R19
258 SIDESTEP R36
258 SIDESTEP R47
258 SIDESTEP R62
258 SIDESTEP R79
259 ASSIGN 196 R23 26
259 SIDESTEP R17
260 ASSIGN 197 R2 11
260 SIDESTEP R10
260 SIDESTEP R14
260 SIDESTEP R37
260 SIDESTEP R64
260 SIDESTEP R73
261 ASSIGN 198 R48 34
261 SIDESTEP R20
261 SIDESTEP R28
261 SIDESTEP R35
261 SIDESTEP R41
261 SIDESTEP R60
262 ASSIGN 199 R34 52
262 PICK 169 R6
262 SIDESTEP R16
262 SIDESTEP R21
262 DELIVER 122 R30 100
262 SIDESTEP R57
262 DELIVER 133 R75 85
263 ASSIGN 200 R30 38
263 SIDESTEP R1
263 SIDESTEP R11
263 SIDESTEP R47
263 PICK 185 R59
263 SIDESTEP R62
263 DELIVER 4 R79 257
264 DELIVER 138 R4 82
264 SIDESTEP R9
264 SIDESTEP R77
265 ASSIGN 201 R75 27
265 SIDESTEP R37
265 SIDESTEP R46
265 SIDESTEP R64
265 DELIVER 126 R69 97
265 SIDESTEP R73
265 DELIVER 118 R78 107
266 ASSIGN 202 R4 19
266 DELIVER 124 R18 102
266 SIDESTEP R41
266 DELIVER 158 R44 59
266 SIDESTEP R49
267 ASSIGN 203 R79 24
267 SIDESTEP R10
267 SIDESTEP R16
267 SIDESTEP R21
267 SIDESTEP R29
267 SIDESTEP R57
268 ASSIGN 204 R66 50
268 SIDESTEP R0
268 SIDESTEP R11
268 PICK 140 R26
268 SIDESTEP R47
268 SIDESTEP R53
268 SIDESTEP R62
269 ASSIGN 205 R44 30
269 DELIVER 59 R1 188
269 SIDESTEP R2
269 SIDESTEP R9
269 PICK 159 R22
269 SIDESTEP R25
269 SIDESTEP R38
269 SIDESTEP R77
270 ASSIGN 206 R1 20
270 SIDESTEP R12
270 SIDESTEP R37
270 SIDESTEP R64
270 SIDESTEP R68
270 SIDESTEP R73
271 SIDESTEP R41
271 DELIVER 123 R43 108
271 SIDESTEP R49
271 SIDESTEP R52
271 SIDESTEP R67
272 ASSIGN 207 R18 35
272 PICK 89 R5
272 SIDESTEP R21
272 SIDESTEP R29
272 SIDESTEP R31
272 SIDESTEP R57
272 SIDESTEP R61
273 ASSIGN 208 R69 16
273 SIDESTEP R11
273 SIDESTEP R62
274 SIDESTEP R2
274 SIDESTEP R9
274 PICK 144 R24
274 SIDESTEP R38
274 SIDESTEP R53
274 DELIVER 93 R60 150
274 SIDESTEP R77
275 ASSIGN 209 R43 42
275 SIDESTEP R12
275 SIDESTEP R16
275 DELIVER 81 R58 169
275 SIDESTEP R64
275 SIDESTEP R73
276 ASSIGN 210 R78 14
276 SIDESTEP R10
276 SIDESTEP R41
276 SIDESTEP R49
276 DELIVER 95 R50 148
277 ASSIGN 211 R50 37
277 SIDESTEP R21
277 SIDESTEP R29
277 SIDESTEP R31
277 PICK 112 R36
277 DELIVER 156 R52 74
277 SIDESTEP R57
278 ASSIGN 212 R58 25
278 DELIVER 147 R20 84
278 PICK 149 R32
278 PICK 175 R39
278 SIDESTEP R63
279 SIDESTEP R2
279 DELIVER 153 R14 79
279 SIDESTEP R38
279 SIDESTEP R43
279 DELIVER 142 R46 91
279 SIDESTEP R53
280 SIDESTEP R12
280 SIDESTEP R16
280 SIDESTEP R19
280 DELIVER 162 R33 67
280 SIDESTEP R64
280 DELIVER 130 R70 106
281 SIDESTEP R41
281 SIDESTEP R49
282 ASSIGN 213 R20 14
282 SIDESTEP R21
282 SIDESTEP R29
282 DELIVER 165 R42 65
282 SIDESTEP R57
283 ASSIGN 214 R33 30
283 SIDESTEP R31
284 ASSIGN 215 R52 21
284 PICK 177 R0
284 SIDESTEP R2
284 PICK 202 R4
284 SIDESTEP R38
284 PICK 186 R63
284 SIDESTEP R71
285 ASSIGN 216 R42 34
285 SIDESTEP R12
285 SIDESTEP R53
285 SIDESTEP R59
285 SIDESTEP R64
285 SIDESTEP R65
286 ASSIGN 217 R70 28
286 SIDESTEP R41
286 SIDESTEP R45
286 SIDESTEP R49
286 DELIVER 143 R74 97
287 DELIVER 167 R15 65
287 SIDESTEP R21
287 SIDESTEP R29
287 DELIVER 109 R37 140
287 SIDESTEP R57
288 ASSIGN 218 R37 35
288 SIDESTEP R5
288 PICK 188 R8
288 SIDESTEP R31
288 PICK 208 R69
289 ASSIGN 219 R14 59
289 PICK 206 R1
289 SIDESTEP R38
289 PICK 163 R51
289 SIDESTEP R71
289 PICK 210 R78
290 ASSIGN 220 R60 20
290 SIDESTEP R12
290 PICK 190 R13
290 SIDESTEP R59
290 SIDESTEP R64
290 DELIVER 102 R67 151
290 PICK 203 R79
291 ASSIGN 221 R67 43
291 SIDESTEP R22
291 SIDESTEP R41
291 SIDESTEP R49
291 PICK 187 R54
291 SIDESTEP R65
292 ASSIGN 222 R46 48
292 SIDESTEP R21
292 SIDESTEP R28
292 SIDESTEP R29
292 SIDESTEP R57
293 SIDESTEP R31
293 DELIVER 127 R35 124
293 DELIVER 15 R68 271
294 DELIVER 166 R19 76
294 SIDESTEP R71
294 SIDESTEP R75
295 ASSIGN 223 R19 24
295 SIDESTEP R12
295 PICK 213 R20
295 SIDESTEP R47
295 SIDESTEP R59
295 SIDESTEP R64
295 SIDESTEP R77
296 ASSIGN 224 R68 15
296 SIDESTEP R22
296 SIDESTEP R38
296 SIDESTEP R41
296 SIDESTEP R49
296 SIDESTEP R65
297 SIDESTEP R21
297 SIDESTEP R28
297 SIDESTEP R29
297 SIDESTEP R42
297 SIDESTEP R57
297 PICK 201 R75
297 PICK 192 R76
298 ASSIGN 225 R74 27
298 SIDESTEP R31
298 SIDESTEP R69
299 ASSIGN 226 R15 39
299 PICK 205 R44
299 PICK 198 R48
299 SIDESTEP R71
299 PICK 182 R73
299 REPORT pending=0 idle=1 to_pickup=37 delivering=42 to_charger=0 charging=0 dead=0 hot=21,11,9
300 ASSIGN 227 R35 33
300 SIDESTEP R0
300 SIDESTEP R12
300 SIDESTEP R47
300 SIDESTEP R59
300 SIDESTEP R64
301 SIDESTEP R22
301 PICK 176 R27
301 PICK 200 R30
301 SIDESTEP R38
301 SIDESTEP R41
301 SIDESTEP R49
302 SIDESTEP R6
302 SIDESTEP R21
302 SIDESTEP R28
302 SIDESTEP R29
302 SIDESTEP R36
302 SIDESTEP R42
302 SIDESTEP R57
303 SIDESTEP R1
303 SIDESTEP R31
303 SIDESTEP R46
303 PICK 212 R58
303 SIDESTEP R69
304 DELIVER 202 R4 38
304 PICK 193 R40
304 SIDESTEP R48
304 SIDESTEP R71
305 ASSIGN 230 R4 45
305 SIDESTEP R0
305 SIDESTEP R12
305 SIDESTEP R47
305 PICK 171 R56
305 SIDESTEP R59
305 PICK 88 R62
305 PICK 181 R77
305 SIDESTEP R79
306 SIDESTEP R24
306 SIDESTEP R38
306 SIDESTEP R41
306 SIDESTEP R53
307 SIDESTEP R6
307 SIDESTEP R28
307 SIDESTEP R29
307 SIDESTEP R36
308 SIDESTEP R1
308 SIDESTEP R17
308 SIDESTEP R31
308 SIDESTEP R46
308 DELIVER 117 R55 151
309 ASSIGN 233 R55 36
309 SIDESTEP R23
309 SIDESTEP R42
309 PICK 184 R49
310 SIDESTEP R0
310 SIDESTEP R12
310 PICK 207 R18
310 SIDESTEP R26
310 SIDESTEP R47
310 SIDESTEP R57
310 PICK 224 R68
311 SIDESTEP R21
311 SIDESTEP R24
311 SIDESTEP R38
311 SIDESTEP R41
311 SIDESTEP R74
312 SIDESTEP R6
312 SIDESTEP R25
312 SIDESTEP R28
312 SIDESTEP R65
313 SIDESTEP R1
313 SIDESTEP R17
313 SIDESTEP R32
313 PICK 199 R34
313 SIDESTEP R46
313 DELIVER 88 R62 197
314 ASSIGN 237 R62 44
314 SIDESTEP R42
314 PICK 211 R50
314 SIDESTEP R72
315 SIDESTEP R0
315 PICK 161 R10
315 SIDESTEP R12
315 SIDESTEP R29
315 SIDESTEP R51
315 SIDESTEP R57
315 SIDESTEP R64
316 SIDESTEP R21
316 SIDESTEP R23
316 SIDESTEP R41
317 SIDESTEP R6
317 SIDESTEP R7
317 SIDESTEP R18
317 SIDESTEP R24
317 SIDESTEP R25
317 SIDESTEP R28
317 PICK 204 R66
318 SIDESTEP R1
318 PICK 194 R9
318 SIDESTEP R17
318 PICK 223 R19
318 SIDESTEP R46
318 DELIVER 146 R53 126
318 PICK 220 R60
318 PICK 217 R70
319 ASSIGN 235 R53 45
319 SIDESTEP R42
320 SIDESTEP R4
320 DELIVER 188 R8 70
320 DELIVER 157 R16 115
320 PICK 196 R23
320 DELIVER 140 R26 135
320 SIDESTEP R51
321 ASSIGN 234 R8 18
321 ASSIGN 228 R26 20
321 ASSIGN 229 R16 40
321 DELIVER 179 R11 82
321 SIDESTEP R30
321 DELIVER 180 R71 81
322 ASSIGN 246 R11 26
322 ASSIGN 231 R71 48
322 SIDESTEP R6
322 SIDESTEP R13
322 SIDESTEP R24
322 SIDESTEP R25
322 SIDESTEP R28
322 DELIVER 171 R56 93
322 DELIVER 150 R65 125
323 ASSIGN 232 R56 13
323 ASSIGN 236 R65 34
323 SIDESTEP R1
323 PICK 197 R2
323 SIDESTEP R17
323 DELIVER 159 R22 115
323 SIDESTEP R46
323 PICK 215 R52
324 ASSIGN 238 R22 41
324 SIDESTEP R55
324 SIDESTEP R59
325 PICK 195 R3
325 SIDESTEP R51
326 DELIVER 89 R5 207
326 SIDESTEP R30
327 ASSIGN 239 R5 64
327 SIDESTEP R25
327 SIDESTEP R28
327 SIDESTEP R38
328 CANCEL_FAIL 100250
328 SIDESTEP R21
328 SIDESTEP R31
328 SIDESTEP R41
328 PICK 170 R57
328 DELIVER 212 R58 50
328 SIDESTEP R69
329 ASSIGN 240 R58 34
329 SIDESTEP R45
329 SIDESTEP R55
329 PICK 189 R72
330 SIDESTEP R15
330 DELIVER 223 R19 35
330 SIDESTEP R51
330 DELIVER 203 R79 63
331 ASSIGN 241 R79 22
331 ASSIGN 242 R19 21
331 SIDESTEP R23
331 SIDESTEP R75
332 SIDESTEP R25
332 SIDESTEP R28
332 PICK 227 R35
332 SIDESTEP R38
332 SIDESTEP R46
332 SIDESTEP R74
333 SIDESTEP R12
333 SIDESTEP R31
333 PICK 218 R37
333 DELIVER 193 R40 78
333 SIDESTEP R41
333 DELIVER 198 R48 72
333 DELIVER 184 R49 89
333 SIDESTEP R50
333 SIDESTEP R64
334 ASSIGN 254 R48 41
334 ASSIGN 256 R40 8
334 ASSIGN 243 R49 18
334 PICK 164 R7
334 DELIVER 210 R78 58
335 ASSIGN 257 R78 30
335 SIDESTEP R10
335 SIDESTEP R36
335 SIDESTEP R51
336 PICK 139 R17
336 SIDESTEP R23
336 DELIVER 125 R47 169
336 SIDESTEP R75
337 ASSIGN 244 R47 44
337 SIDESTEP R25
337 SIDESTEP R28
337 SIDESTEP R30
337 SIDESTEP R38
337 SIDESTEP R62
337 PICK 221 R67
338 SIDESTEP R12
338 SIDESTEP R22
338 SIDESTEP R39
338 SIDESTEP R41
338 DELIVER 205 R44 69
338 SIDESTEP R50
338 SIDESTEP R64
339 ASSIGN 259 R44 32
339 DELIVER 149 R32 143
339 DELIVER 208 R69 66
339 PICK 225 R74
340 ASSIGN 245 R32 18
340 ASSIGN 247 R69 7
340 SIDESTEP R10
340 SIDESTEP R27
340 SIDESTEP R31
340 SIDESTEP R36
340 SIDESTEP R63
340 SIDESTEP R77
341 PICK 228 R26
341 DELIVER 199 R34 79
341 SIDESTEP R75
342 ASSIGN 248 R34 45
342 SIDESTEP R28
342 SIDESTEP R30
342 PICK 256 R40
342 SIDESTEP R51
342 SIDESTEP R62
342 SIDESTEP R79
343 DELIVER 177 R0 106
343 SIDESTEP R9
343 SIDESTEP R12
343 SIDESTEP R22
343 SIDESTEP R23
343 SIDESTEP R39
343 SIDESTEP R41
343 SIDESTEP R50
343 SIDESTEP R55
343 SIDESTEP R64
344 ASSIGN 262 R0 14
344 SIDESTEP R54
344 SIDESTEP R56
344 DELIVER 170 R57 116
344 DELIVER 182 R73 102
345 ASSIGN 249 R73 41
345 ASSIGN 250 R57 46
345 SIDESTEP R10
345 SIDESTEP R19
345 SIDESTEP R27
345 SIDESTEP R31
345 SIDESTEP R63
346 SIDESTEP R2
346 SIDESTEP R38
346 PICK 247 R69
347 SIDESTEP R1
347 PICK 219 R14
347 DELIVER 213 R20 65
347 SIDESTEP R28
347 SIDESTEP R37
347 SIDESTEP R51
347 SIDESTEP R62
348 ASSIGN 266 R20 30
348 SIDESTEP R7
348 SIDESTEP R12
348 SIDESTEP R50
348 SIDESTEP R52
348 SIDESTEP R64
348 SIDESTEP R79
349 SIDESTEP R3
349 SIDESTEP R49
349 REPORT pending=11 idle=0 to_pickup=33 delivering=47 to_charger=0 charging=0 dead=0 hot=15,21,10
350 SIDESTEP R10
350 SIDESTEP R19
350 SIDESTEP R40
350 SIDESTEP R46
350 SIDESTEP R60
350 SIDESTEP R63
351 DELIVER 169 R6 126
351 SIDESTEP R18
351 SIDESTEP R38
351 SIDESTEP R55
352 ASSIGN 267 R6 44
352 PICK 226 R15
352 SIDESTEP R28
352 DELIVER 129 R29 180
352 SIDESTEP R51
352 SIDESTEP R65
352 DELIVER 225 R74 54
353 ASSIGN 270 R29 39
353 ASSIGN 251 R74 27
353 DELIVER 178 R21 115
353 SIDESTEP R27
353 SIDESTEP R50
353 SIDESTEP R52
353 SIDESTEP R59
353 SIDESTEP R79
354 ASSIGN 252 R21 69
354 SIDESTEP R1
354 SIDESTEP R16
354 SIDESTEP R37
354 SIDESTEP R64
355 SIDESTEP R10
355 SIDESTEP R12
355 SIDESTEP R19
355 SIDESTEP R24
355 SIDESTEP R36
355 DELIVER 175 R39 120
355 SIDESTEP R60
355 SIDESTEP R63
355 SIDESTEP R77
356 ASSIGN 272 R39 43
356 SIDESTEP R18
356 SIDESTEP R31
356 SIDESTEP R38
356 SIDESTEP R44
356 SIDESTEP R48
356 SIDESTEP R55
356 SIDESTEP R66
356 DELIVER 224 R68 60
357 CANCEL_FAIL 169
357 ASSIGN 253 R68 51
357 PICK 262 R0
357 DELIVER 194 R9 100
357 SIDESTEP R28
357 DELIVER 187 R54 108
358 ASSIGN 275 R9 20
358 ASSIGN 255 R54 6
358 SIDESTEP R3
358 PICK 246 R11
358 SIDESTEP R23
358 PICK 155 R25
358 SIDESTEP R50
358 SIDESTEP R59
359 SIDESTEP R40
359 SIDESTEP R42
360 SIDESTEP R1
360 SIDESTEP R19
360 SIDESTEP R36
360 SIDESTEP R52
360 SIDESTEP R60
360 SIDESTEP R63
360 SIDESTEP R77
361 PICK 230 R4
361 SIDESTEP R18
361 SIDESTEP R31
361 PICK 245 R32
361 SIDESTEP R44
361 SIDESTEP R46
361 SIDESTEP R47
361 SIDESTEP R56
361 SIDESTEP R66
362 PICK 234 R8
362 SIDESTEP R28
362 SIDESTEP R30
362 SIDESTEP R38
362 PICK 191 R61
363 DELIVER 197 R2 103
363 SIDESTEP R3
363 SIDESTEP R12
363 SIDESTEP R50
363 PICK 255 R54
364 ASSIGN 258 R2 57
364 DELIVER 174 R45 130
364 SIDESTEP R69
364 PICK 257 R78
365 ASSIGN 260 R45 64
365 SIDESTEP R16
365 SIDESTEP R35
365 SIDESTEP R36
365 PICK 232 R56
365 SIDESTEP R63
365 PICK 236 R65
365 DELIVER 189 R72 114
365 SIDESTEP R79
366 ASSIGN 261 R72 25
366 DELIVER 139 R17 183
366 SIDESTEP R23
366 SIDESTEP R31
366 SIDESTEP R46
366 SIDESTEP R48
366 SIDESTEP R57
367 ASSIGN 263 R17 33
367 SIDESTEP R20
367 SIDESTEP R28
367 SIDESTEP R30
367 SIDESTEP R55
368 SIDESTEP R38
368 SIDESTEP R50
368 DELIVER 148 R64 173
369 ASSIGN 264 R64 23
369 DELIVER 190 R13 117
369 SIDESTEP R68
370 ASSIGN 265 R13 49
370 SIDESTEP R59
371 SIDESTEP R15
371 SIDESTEP R23
371 SIDESTEP R34
371 SIDESTEP R52
372 SIDESTEP R9
372 SIDESTEP R28
372 SIDESTEP R30
372 SIDESTEP R31
372 PICK 214 R33
372 SIDESTEP R55
372 SIDESTEP R66
373 SIDESTEP R0
373 SIDESTEP R19
373 DELIVER 176 R27 137
373 SIDESTEP R38
373 SIDESTEP R48
373 SIDESTEP R50
373 SIDESTEP R79
374 ASSIGN 268 R27 42
374 SIDESTEP R1
374 SIDESTEP R3
374 SIDESTEP R37
374 PICK 243 R49
374 SIDESTEP R62
374 SIDESTEP R68
374 DELIVER 217 R70 88
375 ASSIGN 269 R70 31
375 SIDESTEP R5
375 DELIVER 161 R10 163
375 SIDESTEP R11
375 PICK 240 R58
375 SIDESTEP R69
376 ASSIGN 271 R10 19
376 SIDESTEP R6
376 SIDESTEP R23
376 SIDESTEP R34
376 DELIVER 101 R41 238
377 ASSIGN 273 R41 27
377 SIDESTEP R9
377 SIDESTEP R28
377 SIDESTEP R31
377 DELIVER 112 R36 226
377 SIDESTEP R46
377 SIDESTEP R55
377 SIDESTEP R63
377 SIDESTEP R66
378 ASSIGN 274 R36 41
378 SIDESTEP R12
378 SIDESTEP R15
378 SIDESTEP R19
378 SIDESTEP R50
378 DELIVER 181 R77 137
378 SIDESTEP R79
379 ASSIGN 289 R77 52
379 SIDESTEP R1
379 DELIVER 144 R24 189
379 SIDESTEP R38
379 SIDESTEP R71
379 PICK 251 R74
380 ASSIGN 276 R24 39
380 SIDESTEP R3
380 SIDESTEP R4
380 SIDESTEP R13
380 SIDESTEP R56
381 SIDESTEP R23
381 SIDESTEP R45
381 SIDESTEP R68
382 SIDESTEP R9
382 DELIVER 228 R26 81
382 SIDESTEP R28
382 SIDESTEP R34
382 SIDESTEP R44
382 SIDESTEP R46
382 SIDESTEP R48
382 SIDESTEP R55
382 SIDESTEP R63
382 SIDESTEP R66
383 ASSIGN 290 R26 60
383 DELIVER 164 R7 167
383 SIDESTEP R12
383 SIDESTEP R15
383 SIDESTEP R31
383 SIDESTEP R36
383 DELIVER 256 R40 49
383 SIDESTEP R59
383 DELIVER 192 R76 129
384 ASSIGN 277 R40 10
384 ASSIGN 278 R7 23
384 ASSIGN 279 R76 6
384 SIDESTEP R37
384 SIDESTEP R38
384 SIDESTEP R71
385 SIDESTEP R2
385 SIDESTEP R4
385 SIDESTEP R25
385 SIDESTEP R56
385 SIDESTEP R57
385 DELIVER 221 R67 94
385 PICK 249 R73
386 ASSIGN 280 R67 21
386 DELIVER 262 R0 43
386 SIDESTEP R1
386 SIDESTEP R3
386 SIDESTEP R8
386 SIDESTEP R23
386 SIDESTEP R68
386 SIDESTEP R70
387 ASSIGN 281 R0 39
387 SIDESTEP R9
387 SIDESTEP R28
387 SIDESTEP R34
387 SIDESTEP R44
387 SIDESTEP R45
387 SIDESTEP R48
387 SIDESTEP R63
388 SIDESTEP R12
388 SIDESTEP R14
388 SIDESTEP R15
388 SIDESTEP R22
388 SIDESTEP R31
388 SIDESTEP R46
388 SIDESTEP R59
389 DELIVER 247 R69 66
389 PICK 279 R76
390 ASSIGN 292 R69 57
390 SIDESTEP R4
390 SIDESTEP R38
390 SIDESTEP R57
390 PICK 261 R72
391 SIDESTEP R8
391 SIDESTEP R17
391 DELIVER 207 R18 119
391 SIDESTEP R23
391 SIDESTEP R25
391 PICK 216 R42
391 SIDESTEP R68
391 SIDESTEP R70
392 CANCEL_FAIL 218
392 ASSIGN 293 R18 49
392 SIDESTEP R2
392 SIDESTEP R3
392 SIDESTEP R9
392 SIDESTEP R28
392 PICK 270 R29
392 SIDESTEP R34
392 SIDESTEP R36
392 SIDESTEP R44
392 SIDESTEP R56
392 SIDESTEP R63
393 SIDESTEP R12
393 SIDESTEP R14
393 SIDESTEP R22
393 SIDESTEP R31
393 PICK 277 R40
393 SIDESTEP R46
394 PICK 271 R10
394 PICK 242 R19
394 DELIVER 227 R35 94
394 SIDESTEP R55
394 SIDESTEP R59
394 PICK 237 R62
395 ASSIGN 294 R35 35
395 SIDESTEP R4
395 SIDESTEP R5
395 SIDESTEP R57
396 SIDESTEP R8
396 SIDESTEP R17
396 SIDESTEP R23
396 SIDESTEP R58
396 DELIVER 191 R61 143
396 SIDESTEP R68
396 SIDESTEP R70
396 SIDESTEP R74
396 SIDESTEP R77
397 ASSIGN 295 R61 24
397 SIDESTEP R2
397 SIDESTEP R9
397 SIDESTEP R28
397 SIDESTEP R33
397 SIDESTEP R34
397 SIDESTEP R44
397 SIDESTEP R56
397 SIDESTEP R63
398 SIDESTEP R12
398 SIDESTEP R14
398 SIDESTEP R31
398 PICK 272 R39
398 SIDESTEP R54
399 SIDESTEP R3
399 SIDESTEP R55
399 DELIVER 201 R75 134
399 REPORT pending=12 idle=1 to_pickup=38 delivering=41 to_charger=0 charging=0 dead=0 hot=15,22,10
400 ASSIGN 299 R75 33
400 SIDESTEP R4
400 SIDESTEP R5
400 DELIVER 220 R60 110
401 ASSIGN 282 R60 33
401 SIDESTEP R8
401 SIDESTEP R17
401 SIDESTEP R51
401 SIDESTEP R58
401 SIDESTEP R64
401 SIDESTEP R68
401 SIDESTEP R71
402 CANCEL 248
402 ASSIGN 283 R34 48
402 SIDESTEP R28
402 SIDESTEP R44
402 SIDESTEP R45
402 SIDESTEP R53
402 SIDESTEP R56
402 SIDESTEP R57
402 SIDESTEP R63
403 CANCEL_FAIL 251
403 SIDESTEP R1
403 SIDESTEP R14
403 SIDESTEP R31
403 SIDESTEP R33
403 PICK 273 R41
404 SIDESTEP R3
404 SIDESTEP R9
404 SIDESTEP R69
405 SIDESTEP R4
405 SIDESTEP R5
405 SIDESTEP R12
405 SIDESTEP R16
406 SIDESTEP R8
406 DELIVER 245 R32 85
406 SIDESTEP R51
406 SIDESTEP R58
406 SIDESTEP R59
406 SIDESTEP R68
407 ASSIGN 284 R32 29
407 SIDESTEP R28
407 SIDESTEP R56
407 SIDESTEP R63
407 PICK 280 R67
408 SIDESTEP R31
408 SIDESTEP R33
408 SIDESTEP R53
408 SIDESTEP R57
409 SIDESTEP R14
409 DELIVER 200 R30 146
409 SIDESTEP R52
409 SIDESTEP R71
409 SIDESTEP R79
410 CANCEL 229
410 ASSIGN 307 R30 16
410 ASSIGN 285 R16 53
410 SIDESTEP R5
410 SIDESTEP R11
410 DELIVER 236 R65 98
411 ASSIGN 310 R65 41
411 PICK 266 R20
411 SIDESTEP R27
411 SIDESTEP R51
411 SIDESTEP R54
411 SIDESTEP R58
411 SIDESTEP R59
411 SIDESTEP R64
412 SIDESTEP R4
412 SIDESTEP R28
412 SIDESTEP R56
412 SIDESTEP R60
412 SIDESTEP R63
413 SIDESTEP R31
413 SIDESTEP R32
413 DELIVER 273 R41 57
413 SIDESTEP R57
414 ASSIGN 312 R41 34
414 SIDESTEP R52
414 SIDESTEP R71
414 PICK 241 R79
415 SIDESTEP R5
415 SIDESTEP R25
415 SIDESTEP R38
416 SIDESTEP R27
416 SIDESTEP R58
416 SIDESTEP R59
417 DELIVER 271 R10 63
417 SIDESTEP R23
417 SIDESTEP R28
417 SIDESTEP R42
417 SIDESTEP R60
418 ASSIGN 314 R10 32
418 SIDESTEP R7
418 SIDESTEP R11
418 SIDESTEP R31
418 SIDESTEP R57
418 SIDESTEP R64
419 SIDESTEP R22
419 SIDESTEP R52
419 DELIVER 204 R66 151
419 SIDESTEP R77
419 DELIVER 257 R78 84
420 ASSIGN 311 R66 19
420 ASSIGN 313 R78 8
420 SIDESTEP R5
420 SIDESTEP R14
420 SIDESTEP R35
420 PICK 295 R61
420 SIDESTEP R70
420 SIDESTEP R76
421 SIDESTEP R36
421 SIDESTEP R58
421 SIDESTEP R65
421 SIDESTEP R71
421 DELIVER 261 R72 80
422 ASSIGN 315 R72 31
422 SIDESTEP R28
422 SIDESTEP R42
422 DELIVER 163 R51 208
422 SIDESTEP R54
422 SIDESTEP R60
423 ASSIGN 286 R51 27
423 DELIVER 206 R1 153
423 SIDESTEP R7
423 SIDESTEP R13
423 PICK 263 R17
423 PICK 252 R21
423 DELIVER 232 R56 117
424 ASSIGN 287 R1 16
424 ASSIGN 288 R56 15
424 PICK 267 R6
424 SIDESTEP R22
424 SIDESTEP R53
424 SIDESTEP R63
424 SIDESTEP R64
424 SIDESTEP R77
425 SIDESTEP R5
425 SIDESTEP R32
425 PICK 259 R44
425 SIDESTEP R46
426 SIDESTEP R23
426 PICK 307 R30
426 SIDESTEP R31
426 SIDESTEP R36
426 DELIVER 243 R49 107
426 SIDESTEP R58
426 SIDESTEP R65
426 SIDESTEP R71
427 ASSIGN 321 R49 30
427 SIDESTEP R39
427 SIDESTEP R42
427 SIDESTEP R54
427 SIDESTEP R60
427 PICK 313 R78
428 SIDESTEP R13
428 PICK 244 R47
428 SIDESTEP R62
428 DELIVER 251 R74 99
429 ASSIGN 322 R74 47
430 SIDESTEP R9
430 PICK 276 R24
430 SIDESTEP R44
430 SIDESTEP R77
431 SIDESTEP R22
431 SIDESTEP R23
431 PICK 268 R27
431 SIDESTEP R31
431 SIDESTEP R36
431 SIDESTEP R58
431 SIDESTEP R63
431 SIDESTEP R65
431 SIDESTEP R68
432 SIDESTEP R35
432 SIDESTEP R39
432 PICK 209 R43
432 SIDESTEP R60
432 SIDESTEP R66
432 PICK 299 R75
433 DELIVER 141 R38 246
433 SIDESTEP R79
434 ASSIGN 328 R38 22
434 PICK 254 R48
434 SIDESTEP R59
434 DELIVER 280 R67 67
435 ASSIGN 325 R67 26
435 SIDESTEP R2
435 SIDESTEP R9
435 SIDESTEP R14
435 DELIVER 211 R50 158
435 SIDESTEP R56
436 ASSIGN 291 R50 52
436 SIDESTEP R7
436 DELIVER 234 R8 128
436 SIDESTEP R13
436 SIDESTEP R22
436 SIDESTEP R23
436 SIDESTEP R31
436 SIDESTEP R36
436 SIDESTEP R58
436 SIDESTEP R63
436 SIDESTEP R68
437 ASSIGN 331 R8 58
437 SIDESTEP R15
437 SIDESTEP R35
437 SIDESTEP R37
437 SIDESTEP R39
437 SIDESTEP R66
438 PICK 264 R64
438 PICK 269 R70
439 PICK 287 R1
439 DELIVER 155 R25 237
439 SIDESTEP R29
439 SIDESTEP R59
439 SIDESTEP R78
440 ASSIGN 332 R25 27
440 SIDESTEP R14
440 DELIVER 215 R52 156
441 ASSIGN 296 R52 42
441 DELIVER 195 R3 183
441 SIDESTEP R5
441 SIDESTEP R13
441 PICK 293 R18
441 SIDESTEP R22
441 SIDESTEP R23
441 SIDESTEP R31
441 SIDESTEP R63
441 SIDESTEP R73
442 ASSIGN 297 R3 5
442 SIDESTEP R15
442 SIDESTEP R19
442 SIDESTEP R35
442 SIDESTEP R37
442 SIDESTEP R39
442 SIDESTEP R66
442 SIDESTEP R71
443 DELIVER 230 R4 139
443 SIDESTEP R16
443 SIDESTEP R27
443 SIDESTEP R69
444 ASSIGN 337 R4 35
444 SIDESTEP R59
445 SIDESTEP R26
445 DELIVER 214 R33 162
445 PICK 235 R53
445 SIDESTEP R56
446 ASSIGN 339 R33 45
446 PICK 297 R3
446 SIDESTEP R5
446 SIDESTEP R32
446 SIDESTEP R44
446 SIDESTEP R63
446 SIDESTEP R73
447 SIDESTEP R0
447 PICK 275 R9
447 DELIVER 160 R12 237
447 SIDESTEP R19
447 PICK 238 R22
447 SIDESTEP R35
447 SIDESTEP R39
447 SIDESTEP R40
447 PICK 312 R41
447 SIDESTEP R66
447 SIDESTEP R71
448 ASSIGN 340 R12 30
448 SIDESTEP R11
448 DELIVER 263 R17 104
448 SIDESTEP R58
448 SIDESTEP R69
449 ASSIGN 341 R17 42
449 PICK 314 R10
449 SIDESTEP R34
449 SIDESTEP R37
449 REPORT pending=27 idle=0 to_pickup=37 delivering=43 to_charger=0 charging=0 dead=0 hot=24,31,9
450 PICK 278 R7
450 DELIVER 293 R18 58
450 PICK 290 R26
450 SIDESTEP R31
450 PICK 286 R51
450 SIDESTEP R56
450 SIDESTEP R67
451 ASSIGN 343 R18 28
451 SIDESTEP R5
451 SIDESTEP R32
451 PICK 222 R46
451 DELIVER 235 R53 142
451 SIDESTEP R59
451 DELIVER 295 R61 56
451 SIDESTEP R73
452 ASSIGN 298 R61 20
452 ASSIGN 300 R53 37
452 SIDESTEP R54
452 SIDESTEP R66
452 SIDESTEP R71
453 SIDESTEP R11
453 SIDESTEP R13
453 PICK 233 R55
453 SIDESTEP R58
453 SIDESTEP R60
453 SIDESTEP R68
453 SIDESTEP R69
454 SIDESTEP R1
454 SIDESTEP R21
454 SIDESTEP R34
454 SIDESTEP R50
455 SIDESTEP R4
455 SIDESTEP R7
455 SIDESTEP R31
455 SIDESTEP R43
455 SIDESTEP R74
455 DELIVER 241 R79 138
456 ASSIGN 346 R79 41
456 SIDESTEP R5
456 DELIVER 307 R30 48
456 SIDESTEP R37
456 SIDESTEP R59
456 SIDESTEP R70
456 SIDESTEP R73
457 ASSIGN 348 R30 40
457 SIDESTEP R16
457 SIDESTEP R54
457 SIDESTEP R66
457 SIDESTEP R71
458 SIDESTEP R13
459 DELIVER 219 R14 170
459 DELIVER 266 R20 111
459 SIDESTEP R21
459 SIDESTEP R34
459 SIDESTEP R38
459 SIDESTEP R47
460 ASSIGN 351 R20 17
460 ASSIGN 349 R14 35
460 SIDESTEP R1
460 SIDESTEP R4
460 SIDESTEP R7
460 SIDESTEP R19
460 SIDESTEP R31
460 SIDESTEP R60
460 SIDESTEP R64
461 SIDESTEP R5
461 SIDESTEP R70
461 SIDESTEP R73
461 SIDESTEP R76
461 DELIVER 313 R78 47
462 ASSIGN 355 R78 21
462 SIDESTEP R3
462 DELIVER 314 R10 46
462 SIDESTEP R16
462 DELIVER 78 R28 359
462 SIDESTEP R50
462 SIDESTEP R54
462 SIDESTEP R59
462 SIDESTEP R66
462 SIDESTEP R77
463 ASSIGN 301 R28 27
463 ASSIGN 302 R10 54
463 SIDESTEP R13
463 PICK 284 R32
463 SIDESTEP R56
464 SIDESTEP R9
464 SIDESTEP R21
464 SIDESTEP R34
464 SIDESTEP R45
464 SIDESTEP R52
465 SIDESTEP R1
465 SIDESTEP R19
465 PICK 294 R35
465 PICK 328 R38
465 SIDESTEP R60
465 DELIVER 237 R62 152
466 ASSIGN 357 R62 27
466 DELIVER 196 R23 207
466 PICK 332 R25
466 SIDESTEP R39
466 SIDESTEP R73
466 SIDESTEP R76
467 ASSIGN 360 R23 26
467 SIDESTEP R3
467 SIDESTEP R17
467 SIDESTEP R18
467 PICK 274 R36
467 PICK 321 R49
467 SIDESTEP R65
468 SIDESTEP R24
468 SIDESTEP R53
468 SIDESTEP R59
468 SIDESTEP R64
469 SIDESTEP R9
469 SIDESTEP R20
469 SIDESTEP R21
469 SIDESTEP R34
469 SIDESTEP R45
469 SIDESTEP R52
470 SIDESTEP R1
470 SIDESTEP R5
470 DELIVER 267 R6 121
470 DELIVER 226 R15 171
470 SIDESTEP R40
470 SIDESTEP R60
470 SIDESTEP R74
471 ASSIGN 363 R6 38
471 ASSIGN 303 R15 41
471 SIDESTEP R39
471 SIDESTEP R66
471 SIDESTEP R73
471 SIDESTEP R76
472 DELIVER 270 R29 119
472 SIDESTEP R65
472 SIDESTEP R77
473 ASSIGN 364 R29 36
473 SIDESTEP R7
473 SIDESTEP R13
473 SIDESTEP R24
473 SIDESTEP R41
473 SIDESTEP R53
473 SIDESTEP R54
473 SIDESTEP R64
473 SIDESTEP R70
474 SIDESTEP R9
474 SIDESTEP R20
474 SIDESTEP R21
474 SIDESTEP R25
474 SIDESTEP R34
474 DELIVER 216 R42 189
474 DELIVER 259 R44 135
474 SIDESTEP R45
474 SIDESTEP R78
475 ASSIGN 367 R44 42
475 ASSIGN 304 R42 29
475 SIDESTEP R1
475 SIDESTEP R4
475 SIDESTEP R12
475 SIDESTEP R40
475 SIDESTEP R74
476 SIDESTEP R0
476 SIDESTEP R35
476 DELIVER 328 R38 43
476 SIDESTEP R43
476 SIDESTEP R69
476 SIDESTEP R73
477 ASSIGN 369 R38 37
477 SIDESTEP R22
477 DELIVER 254 R48 145
477 SIDESTEP R60
477 SIDESTEP R65
477 PICK 325 R67
477 SIDESTEP R77
478 ASSIGN 370 R48 33
478 SIDESTEP R7
478 SIDESTEP R13
478 SIDESTEP R41
478 SIDESTEP R50
478 SIDESTEP R53
478 SIDESTEP R56
478 SIDESTEP R64
478 SIDESTEP R68
478 SIDESTEP R70
478 PICK 231 R71
478 DELIVER 299 R75 79
479 ASSIGN 305 R75 26
479 SIDESTEP R20
479 SIDESTEP R21
479 SIDESTEP R25
479 SIDESTEP R34
479 DELIVER 233 R55 172
480 ASSIGN 372 R55 50
480 SIDESTEP R4
480 SIDESTEP R6
480 SIDESTEP R9
480 SIDESTEP R11
480 SIDESTEP R78
481 SIDESTEP R24
481 SIDESTEP R35
481 SIDESTEP R43
481 SIDESTEP R61
481 PICK 315 R72
482 SIDESTEP R5
482 SIDESTEP R10
482 SIDESTEP R27
482 SIDESTEP R65
482 SIDESTEP R74
483 SIDESTEP R7
483 SIDESTEP R13
483 SIDESTEP R56
483 PICK 250 R57
483 SIDESTEP R70
484 SIDESTEP R21
484 SIDESTEP R25
484 SIDESTEP R46
484 SIDESTEP R48
484 DELIVER 321 R49 59
484 DELIVER 286 R51 108
485 ASSIGN 373 R51 28
485 ASSIGN 306 R49 21
485 SIDESTEP R6
485 SIDESTEP R9
485 SIDESTEP R11
485 SIDESTEP R19
485 SIDESTEP R36
485 DELIVER 255 R54 152
485 SIDESTEP R77
485 SIDESTEP R78
486 ASSIGN 308 R54 13
486 SIDESTEP R35
486 SIDESTEP R72
486 SIDESTEP R79
487 SIDESTEP R5
487 SIDESTEP R10
487 SIDESTEP R20
487 SIDESTEP R27
487 SIDESTEP R52
487 SIDESTEP R58
487 SIDESTEP R65
487 SIDESTEP R74
487 SIDESTEP R76
488 SIDESTEP R1
488 SIDESTEP R7
488 SIDESTEP R43
488 SIDESTEP R70
489 PICK 281 R0
489 SIDESTEP R21
489 SIDESTEP R25
489 SIDESTEP R33
489 SIDESTEP R45
489 SIDESTEP R46
489 SIDESTEP R48
490 SIDESTEP R6
490 SIDESTEP R9
490 SIDESTEP R19
490 SIDESTEP R26
490 PICK 311 R66
490 SIDESTEP R67
490 SIDESTEP R77
490 SIDESTEP R78
491 PICK 258 R2
491 DELIVER 276 R24 130
491 SIDESTEP R35
491 SIDESTEP R38
491 SIDESTEP R62
492 ASSIGN 379 R24 33
492 SIDESTEP R10
492 SIDESTEP R20
492 DELIVER 238 R22 178
492 PICK 360 R23
492 SIDESTEP R27
492 SIDESTEP R51
492 SIDESTEP R52
492 SIDESTEP R58
492 SIDESTEP R65
492 SIDESTEP R74
492 SIDESTEP R76
493 ASSIGN 309 R22 63
493 SIDESTEP R7
493 SIDESTEP R8
493 DELIVER 218 R37 205
493 SIDESTEP R69
493 SIDESTEP R70
494 ASSIGN 316 R37 20
494 SIDESTEP R18
494 SIDESTEP R25
494 SIDESTEP R33
494 SIDESTEP R45
494 SIDESTEP R48
495 SIDESTEP R6
495 SIDESTEP R9
495 SIDESTEP R19
495 SIDESTEP R26
495 SIDESTEP R31
495 SIDESTEP R67
495 SIDESTEP R71
495 SIDESTEP R77
496 SIDESTEP R38
496 SIDESTEP R53
496 SIDESTEP R62
496 SIDESTEP R73
497 DELIVER 281 R0 128
497 SIDESTEP R10
497 PICK 341 R17
497 SIDESTEP R20
497 SIDESTEP R51
497 SIDESTEP R58
497 SIDESTEP R65
497 SIDESTEP R74
497 SIDESTEP R76
498 ASSIGN 383 R0 34
498 SIDESTEP R1
498 SIDESTEP R7
498 SIDESTEP R16
498 SIDESTEP R43
498 SIDESTEP R70
499 SIDESTEP R5
499 SIDESTEP R18
499 SIDESTEP R25
499 SIDESTEP R33
499 SIDESTEP R45
499 SIDESTEP R48
499 SIDESTEP R55
499 REPORT pending=42 idle=0 to_pickup=45 delivering=35 to_charger=0 charging=0 dead=0 hot=32,32,12
500 SIDESTEP R6
500 PICK 331 R8
500 SIDESTEP R9
500 SIDESTEP R19
500 SIDESTEP R26
500 SIDESTEP R31
500 SIDESTEP R40
500 SIDESTEP R54
500 DELIVER 311 R66 88
500 SIDESTEP R67
501 ASSIGN 385 R66 52
501 SIDESTEP R38
501 SIDESTEP R53
501 SIDESTEP R62
501 SIDESTEP R73
501 SIDESTEP R77
502 SIDESTEP R10
502 SIDESTEP R20
502 SIDESTEP R51
502 SIDESTEP R58
502 SIDESTEP R65
502 SIDESTEP R74
502 SIDESTEP R76
503 SIDESTEP R7
503 PICK 304 R42
504 SIDESTEP R3
504 SIDESTEP R5
504 SIDESTEP R25
504 SIDESTEP R33
504 SIDESTEP R37
504 SIDESTEP R48
504 PICK 298 R61
504 PICK 305 R75
505 SIDESTEP R0
505 SIDESTEP R6
505 SIDESTEP R9
505 DELIVER 360 R23 38
505 SIDESTEP R26
505 PICK 283 R34
505 SIDESTEP R36
505 SIDESTEP R54
505 SIDESTEP R67
506 ASSIGN 386 R23 39
506 SIDESTEP R1
506 SIDESTEP R19
506 DELIVER 272 R39 151
506 SIDESTEP R44
506 SIDESTEP R69
506 SIDESTEP R73
507 CANCEL 370
507 ASSIGN 388 R39 9
507 ASSIGN 317 R48 31
507 SIDESTEP R10
507 SIDESTEP R20
507 SIDESTEP R51
507 SIDESTEP R58
507 SIDESTEP R63
507 SIDESTEP R70
507 SIDESTEP R76
508 SIDESTEP R7
508 DELIVER 246 R11 186
508 SIDESTEP R13
508 DELIVER 268 R27 158
508 SIDESTEP R35
508 SIDESTEP R55
509 ASSIGN 392 R27 13
509 ASSIGN 318 R11 33
509 SIDESTEP R3
509 SIDESTEP R5
509 SIDESTEP R33
509 SIDESTEP R37
509 SIDESTEP R49
509 SIDESTEP R52
509 PICK 288 R56
510 SIDESTEP R0
510 SIDESTEP R6
510 SIDESTEP R9
510 PICK 340 R12
510 SIDESTEP R26
510 SIDESTEP R54
510 PICK 282 R60
510 SIDESTEP R67
510 SIDESTEP R77
510 SIDESTEP R78
511 SIDESTEP R48
511 SIDESTEP R59
511 SIDESTEP R65
511 PICK 253 R68
511 SIDESTEP R69
511 SIDESTEP R73
511 SIDESTEP R75
512 PICK 343 R18
512 SIDESTEP R20
512 SIDESTEP R24
512 SIDESTEP R62
512 SIDESTEP R63
513 SIDESTEP R7
513 PICK 364 R29
513 DELIVER 283 R34 142
513 SIDESTEP R41
513 SIDESTEP R51
513 SIDESTEP R79
514 ASSIGN 395 R34 12
514 DELIVER 258 R2 176
514 SIDESTEP R5
514 SIDESTEP R50
514 SIDESTEP R66
515 ASSIGN 396 R2 22
515 SIDESTEP R6
515 SIDESTEP R9
515 SIDESTEP R26
515 SIDESTEP R54
515 SIDESTEP R67
515 SIDESTEP R77
515 SIDESTEP R78
516 SIDESTEP R39
516 SIDESTEP R47
516 SIDESTEP R59
516 SIDESTEP R61
516 SIDESTEP R65
516 SIDESTEP R73
516 SIDESTEP R75
517 SIDESTEP R49
518 SIDESTEP R3
518 SIDESTEP R7
518 SIDESTEP R13
518 SIDESTEP R19
518 DELIVER 222 R46 226
518 DELIVER 185 R59 273
518 DELIVER 264 R64 172
518 DELIVER 269 R70 167
519 ASSIGN 400 R59 40
519 ASSIGN 319 R46 22
519 ASSIGN 320 R64 34
519 ASSIGN 323 R70 25
519 SIDESTEP R2
519 SIDESTEP R21
519 SIDESTEP R22
519 SIDESTEP R72
520 DELIVER 277 R40 158
520 SIDESTEP R50
520 SIDESTEP R54
520 SIDESTEP R67
520 SIDESTEP R77
521 ASSIGN 324 R40 23
521 SIDESTEP R5
521 SIDESTEP R9
521 SIDESTEP R17
521 PICK 392 R27
521 SIDESTEP R33
521 PICK 260 R45
521 PICK 306 R49
521 SIDESTEP R58
521 SIDESTEP R61
521 SIDESTEP R62
521 SIDESTEP R73
521 SIDESTEP R79
522 DELIVER 274 R36 165
523 ASSIGN 326 R36 52
523 SIDESTEP R13
523 DELIVER 279 R76 158
524 ASSIGN 403 R76 44
524 PICK 322 R74
525 SIDESTEP R8
525 SIDESTEP R50
525 SIDESTEP R67
525 SIDESTEP R77
526 REJECT 405
526 SIDESTEP R0
526 DELIVER 297 R3 129
526 SIDESTEP R5
526 SIDESTEP R9
526 SIDESTEP R17
526 DELIVER 294 R35 133
526 PICK 367 R44
526 PICK 296 R52
526 SIDESTEP R58
526 SIDESTEP R61
526 SIDESTEP R62
526 SIDESTEP R73
526 SIDESTEP R75
526 PICK 355 R78
526 SIDESTEP R79
527 ASSIGN 406 R35 50
527 ASSIGN 327 R3 37
527 SIDESTEP R16
527 SIDESTEP R33
527 DELIVER 250 R57 199
528 ASSIGN 329 R57 38
528 SIDESTEP R4
528 SIDESTEP R13
528 DELIVER 242 R19 210
528 SIDESTEP R25
528 PICK 348 R30
528 SIDESTEP R31
528 PICK 388 R39
528 SIDESTEP R49
529 ASSIGN 408 R19 5
530 PICK 395 R34
530 DELIVER 244 R47 210
530 SIDESTEP R50
530 SIDESTEP R59
530 PICK 292 R69
530 SIDESTEP R77
531 ASSIGN 330 R47 56
531 SIDESTEP R58
531 SIDESTEP R62
531 SIDESTEP R65
531 SIDESTEP R73
531 SIDESTEP R79
532 SIDESTEP R16
532 SIDESTEP R17
532 PICK 351 R20
532 SIDESTEP R26
532 SIDESTEP R32
532 SIDESTEP R33
532 DELIVER 388 R39 30
532 SIDESTEP R53
532 SIDESTEP R54
532 SIDESTEP R60
532 SIDESTEP R61
532 SIDESTEP R64
532 SIDESTEP R72
532 SIDESTEP R75
533 ASSIGN 411 R39 37
533 SIDESTEP R4
533 PICK 408 R19
533 SIDESTEP R25
533 PICK 301 R28
533 SIDESTEP R31
533 SIDESTEP R38
533 SIDESTEP R49
533 DELIVER 288 R56 155
534 ASSIGN 412 R56 43
534 SIDESTEP R13
534 PICK 349 R14
534 PICK 379 R24
535 PICK 316 R37
536 SIDESTEP R52
536 SIDESTEP R62
537 SIDESTEP R16
537 SIDESTEP R33
537 SIDESTEP R53
537 SIDESTEP R54
537 SIDESTEP R60
537 SIDESTEP R64
537 SIDESTEP R72
537 SIDESTEP R74
537 SIDESTEP R75
538 SIDESTEP R9
538 DELIVER 408 R19 9
538 SIDESTEP R25
538 SIDESTEP R31
538 SIDESTEP R42
538 SIDESTEP R61
539 ASSIGN 333 R19 41
539 SIDESTEP R12
539 SIDESTEP R38
540 DELIVER 278 R7 176
540 SIDESTEP R13
540 DELIVER 260 R45 200
540 SIDESTEP R51
541 ASSIGN 418 R7 14
541 ASSIGN 334 R45 19
541 PICK 319 R46
541 SIDESTEP R52
541 SIDESTEP R62
542 SIDESTEP R1
542 SIDESTEP R2
542 SIDESTEP R16
542 SIDESTEP R27
542 SIDESTEP R33
542 SIDESTEP R54
542 SIDESTEP R58
542 SIDESTEP R74
542 SIDESTEP R75
543 SIDESTEP R24
543 SIDESTEP R25
543 SIDESTEP R26
543 SIDESTEP R31
543 SIDESTEP R39
543 SIDESTEP R42
543 SIDESTEP R61
543 SIDESTEP R77
543 SIDESTEP R79
544 SIDESTEP R18
544 SIDESTEP R38
545 DELIVER 341 R17 97
545 DELIVER 209 R43 270
545 SIDESTEP R65
546 ASSIGN 421 R17 18
546 ASSIGN 419 R43 57
546 SIDESTEP R3
546 SIDESTEP R13
546 SIDESTEP R62
546 DELIVER 186 R63 300
546 DELIVER 231 R71 241
546 SIDESTEP R76
547 ASSIGN 335 R63 8
547 ASSIGN 336 R71 31
547 PICK 337 R4
547 SIDESTEP R15
547 SIDESTEP R16
547 SIDESTEP R27
547 SIDESTEP R33
547 SIDESTEP R54
547 DELIVER 325 R67 117
547 SIDESTEP R74
548 ASSIGN 338 R67 20
548 SIDESTEP R5
548 SIDESTEP R24
548 SIDESTEP R25
548 SIDESTEP R31
548 SIDESTEP R61
548 SIDESTEP R75
548 SIDESTEP R77
548 SIDESTEP R79
549 SIDESTEP R2
549 SIDESTEP R6
549 SIDESTEP R9
549 SIDESTEP R32
549 SIDESTEP R39
549 SIDESTEP R49
549 REPORT pending=51 idle=0 to_pickup=44 delivering=36 to_charger=0 charging=0 dead=0 hot=24,31,12
550 SIDESTEP R26
550 DELIVER 395 R34 36
550 SIDESTEP R42
550 SIDESTEP R58
550 SIDESTEP R65
551 ASSIGN 426 R34 40
551 SIDESTEP R0
551 SIDESTEP R51
551 SIDESTEP R62
552 SIDESTEP R16
552 DELIVER 252 R21 222
552 SIDESTEP R27
552 SIDESTEP R33
552 SIDESTEP R74
553 ASSIGN 427 R21 39
553 SIDESTEP R5
553 SIDESTEP R7
553 SIDESTEP R24
553 SIDESTEP R25
553 SIDESTEP R61
553 SIDESTEP R72
554 SIDESTEP R2
554 SIDESTEP R6
554 SIDESTEP R9
554 PICK 303 R15
554 SIDESTEP R32
554 SIDESTEP R38
554 SIDESTEP R48
554 SIDESTEP R60
554 PICK 335 R63
554 SIDESTEP R75
554 SIDESTEP R76
554 SIDESTEP R77
555 SIDESTEP R1
555 SIDESTEP R26
555 SIDESTEP R39
555 SIDESTEP R42
555 SIDESTEP R58
555 SIDESTEP R79
556 SIDESTEP R17
556 SIDESTEP R35
556 DELIVER 312 R41 143
557 ASSIGN 430 R41 9
557 SIDESTEP R8
557 SIDESTEP R10
557 PICK 318 R11
557 SIDESTEP R14
557 SIDESTEP R27
557 SIDESTEP R56
557 DELIVER 249 R73 231
558 ASSIGN 429 R73 45
558 SIDESTEP R5
558 SIDESTEP R7
558 SIDESTEP R25
558 DELIVER 316 R37 140
558 PICK 308 R54
558 SIDESTEP R72
559 ASSIGN 432 R37 19
559 SIDESTEP R20
559 SIDESTEP R32
559 PICK 334 R45
559 SIDESTEP R61
559 DELIVER 253 R68 228
559 DELIVER 355 R78 97
560 ASSIGN 342 R78 24
560 ASSIGN 344 R68 48
560 SIDESTEP R1
560 SIDESTEP R4
560 PICK 324 R40
560 SIDESTEP R42
560 SIDESTEP R43
560 SIDESTEP R48
560 SIDESTEP R58
560 PICK 385 R66
560 SIDESTEP R74
560 DELIVER 305 R75 154
561 ASSIGN 436 R75 24
561 SIDESTEP R6
561 SIDESTEP R13
561 SIDESTEP R17
561 SIDESTEP R35
561 SIDESTEP R36
561 SIDESTEP R39
561 PICK 291 R50
561 SIDESTEP R79
562 SIDESTEP R2
562 SIDESTEP R8
562 SIDESTEP R10
562 SIDESTEP R27
563 SIDESTEP R5
563 SIDESTEP R7
563 SIDESTEP R25
564 SIDESTEP R20
564 PICK 386 R23
564 SIDESTEP R24
564 DELIVER 348 R30 109
564 SIDESTEP R61
564 SIDESTEP R72
565 ASSIGN 438 R30 46
565 SIDESTEP R4
565 PICK 430 R41
565 SIDESTEP R43
565 SIDESTEP R48
565 SIDESTEP R74
566 SIDESTEP R6
566 SIDESTEP R13
566 SIDESTEP R26
566 SIDESTEP R35
566 SIDESTEP R53
566 SIDESTEP R58
566 SIDESTEP R79
567 REJECT 441
567 SIDESTEP R8
567 SIDESTEP R9
567 SIDESTEP R10
567 DELIVER 349 R14 111
567 SIDESTEP R27
567 DELIVER 319 R46 144
567 SIDESTEP R77
568 ASSIGN 439 R14 31
568 ASSIGN 345 R46 28
568 SIDESTEP R5
568 SIDESTEP R7
568 SIDESTEP R25
568 SIDESTEP R29
568 DELIVER 168 R31 344
568 SIDESTEP R50
569 ASSIGN 347 R31 33
569 SIDESTEP R20
569 SIDESTEP R24
569 SIDESTEP R30
569 SIDESTEP R61
569 SIDESTEP R64
570 SIDESTEP R0
570 SIDESTEP R4
570 SIDESTEP R39
570 SIDESTEP R40
570 DELIVER 292 R69 182
570 SIDESTEP R74
571 ASSIGN 350 R69 24
571 SIDESTEP R12
571 PICK 285 R16
571 SIDESTEP R26
571 SIDESTEP R35
571 SIDESTEP R60
571 SIDESTEP R79
572 SIDESTEP R8
572 SIDESTEP R9
572 SIDESTEP R45
572 SIDESTEP R54
572 SIDESTEP R58
572 SIDESTEP R67
572 SIDESTEP R77
573 SIDESTEP R5
573 SIDESTEP R7
573 SIDESTEP R25
573 SIDESTEP R33
573 SIDESTEP R44
573 SIDESTEP R50
574 SIDESTEP R1
574 SIDESTEP R47
574 PICK 300 R53
574 SIDESTEP R61
574 PICK 357 R62
574 SIDESTEP R71
575 SIDESTEP R0
575 SIDESTEP R4
575 SIDESTEP R20
575 SIDESTEP R40
575 SIDESTEP R59
575 SIDESTEP R75
576 SIDESTEP R60
576 SIDESTEP R79
577 SIDESTEP R8
577 SIDESTEP R18
577 SIDESTEP R43
577 DELIVER 306 R49 170
577 SIDESTEP R56
577 SIDESTEP R58
577 SIDESTEP R67
578 ASSIGN 448 R49 34
578 SIDESTEP R5
578 SIDESTEP R7
578 SIDESTEP R13
578 DELIVER 285 R16 204
578 SIDESTEP R25
578 SIDESTEP R26
578 DELIVER 301 R28 177
578 SIDESTEP R33
578 SIDESTEP R44
579 ASSIGN 445 R16 27
579 ASSIGN 446 R28 49
579 SIDESTEP R1
579 SIDESTEP R21
579 SIDESTEP R23
579 SIDESTEP R32
579 SIDESTEP R37
579 DELIVER 296 R52 183
579 SIDESTEP R71
579 SIDESTEP R72
580 ASSIGN 447 R52 9
580 SIDESTEP R2
580 SIDESTEP R10
580 SIDESTEP R11
580 SIDESTEP R20
580 SIDESTEP R40
580 SIDESTEP R55
580 SIDESTEP R65
580 SIDESTEP R75
580 PICK 403 R76
581 SIDESTEP R0
581 SIDESTEP R35
581 SIDESTEP R60
581 SIDESTEP R64
581 SIDESTEP R74
581 SIDESTEP R79
582 SIDESTEP R8
582 SIDESTEP R18
582 SIDESTEP R22
582 PICK 373 R51
582 SIDESTEP R67
583 SIDESTEP R5
583 SIDESTEP R13
583 SIDESTEP R25
583 SIDESTEP R38
583 SIDESTEP R44
583 SIDESTEP R63
583 PICK 342 R78
584 SIDESTEP R1
584 SIDESTEP R9
584 SIDESTEP R17
584 SIDESTEP R32
584 SIDESTEP R72
584 SIDESTEP R77
585 SIDESTEP R2
585 SIDESTEP R15
585 SIDESTEP R21
585 PICK 432 R37
585 PICK 310 R65
586 SIDESTEP R6
586 SIDESTEP R26
586 SIDESTEP R39
586 SIDESTEP R40
586 SIDESTEP R71
586 SIDESTEP R75
586 SIDESTEP R79
587 SIDESTEP R8
587 SIDESTEP R18
587 SIDESTEP R22
587 DELIVER 291 R50 200
587 SIDESTEP R67
588 ASSIGN 451 R50 35
588 SIDESTEP R5
588 SIDESTEP R24
588 PICK 447 R52
588 SIDESTEP R61
589 SIDESTEP R16
589 SIDESTEP R17
589 SIDESTEP R32
589 SIDESTEP R44
589 SIDESTEP R45
589 SIDESTEP R47
589 SIDESTEP R54
589 DELIVER 357 R62 125
589 SIDESTEP R72
589 SIDESTEP R77
590 ASSIGN 452 R62 32
590 SIDESTEP R2
590 SIDESTEP R12
590 SIDESTEP R13
590 SIDESTEP R15
590 SIDESTEP R21
590 SIDESTEP R33
590 SIDESTEP R69
590 SIDESTEP R74
591 SIDESTEP R36
591 SIDESTEP R39
591 SIDESTEP R40
591 PICK 400 R59
591 PICK 323 R70
591 SIDESTEP R71
591 SIDESTEP R75
592 SIDESTEP R8
592 SIDESTEP R11
592 SIDESTEP R18
592 SIDESTEP R35
592 SIDESTEP R67
593 SIDESTEP R24
593 SIDESTEP R30
593 SIDESTEP R43
593 PICK 412 R56
593 SIDESTEP R76
594 PICK 327 R3
594 SIDESTEP R17
594 SIDESTEP R44
594 SIDESTEP R47
594 SIDESTEP R54
594 SIDESTEP R72
595 SIDESTEP R1
595 SIDESTEP R2
595 SIDESTEP R15
595 SIDESTEP R23
595 SIDESTEP R33
595 PICK 329 R57
595 SIDESTEP R69
595 SIDESTEP R74
596 SIDESTEP R9
596 SIDESTEP R40
596 SIDESTEP R50
597 SIDESTEP R11
597 SIDESTEP R18
597 PICK 345 R46
597 SIDESTEP R53
597 SIDESTEP R67
598 SIDESTEP R6
598 PICK 418 R7
598 SIDESTEP R8
598 SIDESTEP R24
598 SIDESTEP R61
599 SIDESTEP R17
599 PICK 309 R22
599 SIDESTEP R30
599 SIDESTEP R42
599 SIDESTEP R47
599 SIDESTEP R54
599 PICK 372 R55
599 DELIVER 282 R60 229
599 SIDESTEP R64
599 SIDESTEP R76
599 REPORT pending=69 idle=1 to_pickup=35 delivering=44 to_charger=0 charging=0 dead=0 hot=24,25,14
600 ASSIGN 454 R60 23
600 SIDESTEP R1
600 SIDESTEP R2
600 DELIVER 340 R12 153
600 SIDESTEP R71
600 SIDESTEP R77
600 SIDESTEP R79
601 ASSIGN 462 R12 23
601 SIDESTEP R4
601 SIDESTEP R5
601 SIDESTEP R9
601 SIDESTEP R13
601 DELIVER 392 R27 92
601 PICK 347 R31
601 SIDESTEP R33
601 SIDESTEP R34
601 SIDESTEP R40
601 SIDESTEP R43
601 SIDESTEP R70
602 ASSIGN 352 R27 43
602 SIDESTEP R11
602 DELIVER 332 R25 164
603 ASSIGN 353 R25 6
603 SIDESTEP R6
603 PICK 333 R19
603 SIDESTEP R24
603 SIDESTEP R61
604 SIDESTEP R17
604 SIDESTEP R30
604 SIDESTEP R42
604 SIDESTEP R47
604 DELIVER 240 R58 288
604 SIDESTEP R62
604 SIDESTEP R64
604 SIDESTEP R68
605 ASSIGN 354 R58 49
605 SIDESTEP R53
605 SIDESTEP R77
606 SIDESTEP R5
606 SIDESTEP R33
606 SIDESTEP R41
606 SIDESTEP R43
606 PICK 338 R67
606 SIDESTEP R74
607 SIDESTEP R13
608 SIDESTEP R20
608 SIDESTEP R32
608 DELIVER 367 R44 133
608 DELIVER 310 R65 197
608 PICK 436 R75
609 ASSIGN 467 R65 37
609 ASSIGN 469 R44 64
609 SIDESTEP R17
609 DELIVER 290 R26 226
609 SIDESTEP R30
609 SIDESTEP R42
609 SIDESTEP R47
610 ASSIGN 356 R26 43
610 DELIVER 364 R29 138
610 SIDESTEP R52
610 SIDESTEP R54
610 SIDESTEP R77
611 ASSIGN 358 R29 38
611 SIDESTEP R5
611 SIDESTEP R6
611 SIDESTEP R21
611 DELIVER 329 R57 177
611 SIDESTEP R64
611 SIDESTEP R69
612 CANCEL 443
612 ASSIGN 472 R57 11
612 PICK 396 R2
612 PICK 302 R10
612 SIDESTEP R13
612 SIDESTEP R33
612 SIDESTEP R63
612 SIDESTEP R74
613 SIDESTEP R23
613 DELIVER 379 R24 122
613 PICK 353 R25
613 SIDESTEP R28
613 SIDESTEP R32
613 SIDESTEP R41
613 DELIVER 373 R51 132
613 PICK 336 R71
613 SIDESTEP R72
614 ASSIGN 359 R51 38
614 ASSIGN 361 R24 18
614 SIDESTEP R3
614 PICK 445 R16
614 SIDESTEP R17
614 SIDESTEP R18
614 SIDESTEP R36
614 SIDESTEP R42
614 SIDESTEP R47
614 SIDESTEP R49
614 SIDESTEP R53
615 SIDESTEP R54
615 SIDESTEP R73
615 SIDESTEP R77
616 SIDESTEP R0
616 SIDESTEP R5
616 PICK 426 R34
616 PICK 317 R48
616 SIDESTEP R69
617 SIDESTEP R6
617 SIDESTEP R13
618 SIDESTEP R4
618 SIDESTEP R9
618 SIDESTEP R23
618 SIDESTEP R26
618 SIDESTEP R33
618 SIDESTEP R40
618 SIDESTEP R52
618 SIDESTEP R55
618 SIDESTEP R72
618 SIDESTEP R74
619 SIDESTEP R1
619 SIDESTEP R3
619 DELIVER 331 R8 182
619 SIDESTEP R36
619 SIDESTEP R37
619 SIDESTEP R42
619 SIDESTEP R47
619 SIDESTEP R53
619 SIDESTEP R63
619 SIDESTEP R70
620 ASSIGN 477 R8 29
621 SIDESTEP R0
621 SIDESTEP R5
621 DELIVER 303 R15 217
621 SIDESTEP R59
621 SIDESTEP R62
621 SIDESTEP R76
622 ASSIGN 475 R15 68
622 SIDESTEP R13
622 SIDESTEP R30
622 PICK 472 R57
622 PICK 454 R60
623 SIDESTEP R26
623 SIDESTEP R40
623 SIDESTEP R52
623 SIDESTEP R55
623 SIDESTEP R56
623 SIDESTEP R58
623 SIDESTEP R61
623 SIDESTEP R71
623 SIDESTEP R77
624 SIDESTEP R1
624 SIDESTEP R3
624 SIDESTEP R7
624 SIDESTEP R8
624 SIDESTEP R17
624 DELIVER 343 R18 174
624 SIDESTEP R28
624 SIDESTEP R36
624 SIDESTEP R45
624 SIDESTEP R47
624 SIDESTEP R53
624 SIDESTEP R63
625 ASSIGN 481 R18 31
625 SIDESTEP R4
625 SIDESTEP R6
625 SIDESTEP R38
625 SIDESTEP R67
626 SIDESTEP R5
626 DELIVER 351 R20 168
626 SIDESTEP R27
626 SIDESTEP R29
626 DELIVER 432 R37 69
626 SIDESTEP R42
626 DELIVER 385 R66 127
626 PICK 350 R69
626 SIDESTEP R70
627 ASSIGN 485 R20 15
627 ASSIGN 362 R37 31
627 ASSIGN 365 R66 39
627 SIDESTEP R13
627 DELIVER 386 R23 127
627 SIDESTEP R30
627 SIDESTEP R51
628 ASSIGN 366 R23 40
628 SIDESTEP R40
628 SIDESTEP R52
628 SIDESTEP R55
628 SIDESTEP R56
628 SIDESTEP R73
629 SIDESTEP R3
629 SIDESTEP R7
629 SIDESTEP R28
629 SIDESTEP R33
629 SIDESTEP R36
629 SIDESTEP R41
629 SIDESTEP R47
629 PICK 451 R50
629 SIDESTEP R63
629 SIDESTEP R72
629 SIDESTEP R76
630 SIDESTEP R4
630 SIDESTEP R35
630 SIDESTEP R61
630 SIDESTEP R67
631 PICK 383 R0
631 SIDESTEP R1
631 PICK 361 R24
631 SIDESTEP R42
631 SIDESTEP R59
632 PICK 369 R38
633 SIDESTEP R12
633 SIDESTEP R52
633 SIDESTEP R73
634 SIDESTEP R3
634 SIDESTEP R17
634 SIDESTEP R28
634 SIDESTEP R32
634 SIDESTEP R36
634 SIDESTEP R46
634 SIDESTEP R68
634 SIDESTEP R79
635 SIDESTEP R6
635 SIDESTEP R11
635 SIDESTEP R26
635 SIDESTEP R27
635 SIDESTEP R30
635 SIDESTEP R35
635 SIDESTEP R51
635 SIDESTEP R53
635 SIDESTEP R61
635 SIDESTEP R64
635 SIDESTEP R67
635 SIDESTEP R69
636 REJECT 492
636 DELIVER 396 R2 121
636 DELIVER 275 R9 278
636 SIDESTEP R13
636 SIDESTEP R42
636 SIDESTEP R72
636 DELIVER 342 R78 187
637 ASSIGN 489 R2 10
637 ASSIGN 488 R78 15
637 ASSIGN 368 R9 33
637 SIDESTEP R58
638 DELIVER 302 R10 235
638 SIDESTEP R73
639 ASSIGN 371 R10 18
639 SIDESTEP R0
639 SIDESTEP R3
639 SIDESTEP R19
639 SIDESTEP R28
639 SIDESTEP R32
639 SIDESTEP R36
639 SIDESTEP R62
639 SIDESTEP R68
640 SIDESTEP R6
640 SIDESTEP R26
640 SIDESTEP R27
640 SIDESTEP R30
640 SIDESTEP R51
640 SIDESTEP R52
640 SIDESTEP R61
640 SIDESTEP R64
640 SIDESTEP R67
640 SIDESTEP R69
640 SIDESTEP R70
641 CANCEL 393
641 DELIVER 418 R7 101
641 SIDESTEP R20
641 SIDESTEP R25
641 SIDESTEP R33
641 SIDESTEP R35
641 SIDESTEP R39
641 SIDESTEP R42
641 SIDESTEP R72
642 ASSIGN 498 R7 27
642 PICK 427 R21
643 SIDESTEP R29
643 DELIVER 345 R46 191
643 DELIVER 412 R56 109
643 SIDESTEP R73
644 ASSIGN 499 R46 30
644 ASSIGN 374 R56 35
644 SIDESTEP R0
644 SIDESTEP R3
644 SIDESTEP R14
644 SIDESTEP R19
644 SIDESTEP R28
644 SIDESTEP R32
644 SIDESTEP R55
644 DELIVER 436 R75 83
645 ASSIGN 375 R75 58
645 SIDESTEP R6
645 DELIVER 334 R45 205
645 SIDESTEP R47
645 SIDESTEP R67
646 ASSIGN 376 R45 16
646 PICK 489 R2
646 SIDESTEP R27
646 SIDESTEP R39
646 SIDESTEP R42
646 SIDESTEP R58
646 SIDESTEP R62
646 SIDESTEP R69
647 DELIVER 309 R22 237
647 SIDESTEP R71
648 ASSIGN 377 R22 61
648 SIDESTEP R21
648 SIDESTEP R31
648 SIDESTEP R34
649 SIDESTEP R3
649 SIDESTEP R17
649 DELIVER 361 R24 181
649 SIDESTEP R25
649 SIDESTEP R28
649 SIDESTEP R32
649 SIDESTEP R36
649 SIDESTEP R55
649 REPORT pending=78 idle=1 to_pickup=44 delivering=35 to_charger=0 charging=0 dead=0 hot=30,20,8
650 ASSIGN 378 R24 44
650 DELIVER 287 R1 273
650 SIDESTEP R6
650 SIDESTEP R40
650 DELIVER 447 R52 75
650 SIDESTEP R67
650 DELIVER 323 R70 223
651 ASSIGN 380 R52 39
651 ASSIGN 381 R1 36
651 ASSIGN 382 R70 41
651 SIDESTEP R9
651 SIDESTEP R39
651 SIDESTEP R42
651 DELIVER 400 R59 132
651 PICK 488 R78
652 ASSIGN 384 R59 43
652 PICK 462 R12
652 SIDESTEP R71
653 SIDESTEP R7
653 SIDESTEP R21
653 SIDESTEP R34
653 SIDESTEP R61
653 SIDESTEP R62
654 SIDESTEP R3
654 DELIVER 445 R16 81
654 SIDESTEP R20
654 SIDESTEP R28
654 SIDESTEP R32
654 SIDESTEP R36
655 ASSIGN 508 R16 7
655 DELIVER 383 R0 158
655 PICK 239 R5
655 SIDESTEP R6
655 SIDESTEP R10
655 SIDESTEP R25
655 DELIVER 300 R53 255
655 DELIVER 335 R63 213
655 SIDESTEP R67
656 CANCEL 502
656 ASSIGN 387 R53 27
656 ASSIGN 389 R0 45
656 ASSIGN 390 R63 30
656 SIDESTEP R9
656 PICK 481 R18
656 SIDESTEP R39
656 SIDESTEP R42
656 SIDESTEP R52
657 PICK 362 R37
657 SIDESTEP R71
658 SIDESTEP R1
658 DELIVER 489 R2 26
658 SIDESTEP R21
658 PICK 358 R29
658 SIDESTEP R34
658 SIDESTEP R61
658 SIDESTEP R62
658 SIDESTEP R69
659 ASSIGN 512 R2 55
659 SIDESTEP R20
659 SIDESTEP R28
659 DELIVER 347 R31 205
659 SIDESTEP R32
659 SIDESTEP R36
660 ASSIGN 511 R31 15
660 SIDESTEP R6
660 PICK 371 R10
660 DELIVER 318 R11 239
660 SIDESTEP R14
660 PICK 421 R17
660 SIDESTEP R75
660 PICK 346 R79
661 ASSIGN 391 R11 52
661 PICK 508 R16
661 DELIVER 324 R40 232
661 PICK 376 R45
661 SIDESTEP R60
661 DELIVER 315 R72 244
662 ASSIGN 394 R72 33
662 ASSIGN 397 R40 33
662 PICK 339 R33
662 PICK 411 R39
662 SIDESTEP R63
662 SIDESTEP R71
662 PICK 289 R77
663 SIDESTEP R1
663 SIDESTEP R18
663 SIDESTEP R19
663 SIDESTEP R21
663 SIDESTEP R34
663 PICK 448 R49
663 SIDESTEP R61
663 SIDESTEP R62
663 SIDESTEP R69
664 SIDESTEP R27
664 SIDESTEP R28
664 SIDESTEP R32
664 SIDESTEP R36
664 DELIVER 488 R78 34
665 ASSIGN 514 R78 30
665 SIDESTEP R6
665 SIDESTEP R13
665 SIDESTEP R14
665 SIDESTEP R42
665 SIDESTEP R47
665 PICK 365 R66
665 SIDESTEP R67
665 PICK 429 R73
666 SIDESTEP R50
666 SIDESTEP R60
667 DELIVER 337 R4 223
667 DELIVER 508 R16 14
667 PICK 366 R23
667 SIDESTEP R24
667 DELIVER 430 R41 112
667 SIDESTEP R63
668 ASSIGN 398 R16 21
668 ASSIGN 399 R4 30
668 ASSIGN 401 R41 16
668 SIDESTEP R1
668 SIDESTEP R19
668 SIDESTEP R21
668 SIDESTEP R34
668 SIDESTEP R61
668 SIDESTEP R69
669 SIDESTEP R26
669 DELIVER 317 R48 250
669 PICK 359 R51
669 DELIVER 403 R76 145
670 ASSIGN 402 R48 37
670 ASSIGN 404 R76 25
670 SIDESTEP R13
670 SIDESTEP R20
670 SIDESTEP R30
670 SIDESTEP R39
670 SIDESTEP R42
670 SIDESTEP R47
670 SIDESTEP R55
670 SIDESTEP R67
671 SIDESTEP R50
671 SIDESTEP R53
671 SIDESTEP R54
671 SIDESTEP R60
671 PICK 320 R64
672 SIDESTEP R8
672 SIDESTEP R25
672 PICK 419 R43
672 PICK 469 R44
672 SIDESTEP R63
673 PICK 477 R8
673 SIDESTEP R19
673 SIDESTEP R21
673 SIDESTEP R34
673 SIDESTEP R40
673 SIDESTEP R49
673 SIDESTEP R62
673 SIDESTEP R69
673 SIDESTEP R75
674 PICK 511 R31
674 DELIVER 376 R45 187
674 SIDESTEP R66
675 ASSIGN 524 R45 51
675 SIDESTEP R20
675 SIDESTEP R42
675 SIDESTEP R47
675 SIDESTEP R55
675 SIDESTEP R67
676 SIDESTEP R13
676 SIDESTEP R14
676 SIDESTEP R37
676 SIDESTEP R50
676 SIDESTEP R78
677 SIDESTEP R25
677 SIDESTEP R39
677 SIDESTEP R63
677 SIDESTEP R72
678 SIDESTEP R19
678 SIDESTEP R21
678 PICK 352 R27
678 SIDESTEP R34
678 DELIVER 308 R54 269
678 SIDESTEP R62
679 ASSIGN 526 R54 33
679 SIDESTEP R26
679 SIDESTEP R31
679 SIDESTEP R66
679 DELIVER 322 R74 253
680 ASSIGN 527 R74 40
680 DELIVER 339 R33 234
680 SIDESTEP R42
680 SIDESTEP R67
680 SIDESTEP R69
681 ASSIGN 407 R33 22
681 SIDESTEP R13
681 SIDESTEP R18
681 SIDESTEP R37
681 SIDESTEP R50
681 SIDESTEP R56
682 SIDESTEP R9
682 SIDESTEP R24
683 SIDESTEP R3
683 DELIVER 462 R12 86
683 SIDESTEP R14
683 SIDESTEP R21
683 DELIVER 366 R23 209
683 SIDESTEP R34
683 PICK 401 R41
683 SIDESTEP R62
683 SIDESTEP R78
684 ASSIGN 530 R12 14
684 ASSIGN 409 R23 55
684 SIDESTEP R15
684 SIDESTEP R26
684 SIDESTEP R31
684 SIDESTEP R66
684 PICK 344 R68
685 SIDESTEP R42
685 PICK 467 R65
685 SIDESTEP R67
685 SIDESTEP R69
686 DELIVER 284 R32 314
686 SIDESTEP R37
686 PICK 387 R53
686 DELIVER 298 R61 288
686 SIDESTEP R71
686 SIDESTEP R73
687 ASSIGN 532 R61 49
687 ASSIGN 410 R32 32
687 SIDESTEP R5
687 DELIVER 369 R38 210
687 SIDESTEP R49
687 DELIVER 346 R79 234
688 ASSIGN 413 R79 25
688 ASSIGN 414 R38 56
688 SIDESTEP R3
688 SIDESTEP R14
688 SIDESTEP R24
688 SIDESTEP R34
688 SIDESTEP R45
688 SIDESTEP R78
689 SIDESTEP R26
689 SIDESTEP R31
689 SIDESTEP R66
690 SIDESTEP R42
690 SIDESTEP R67
690 SIDESTEP R74
691 SIDESTEP R37
691 SIDESTEP R56
691 SIDESTEP R73
692 SIDESTEP R5
692 SIDESTEP R20
692 SIDESTEP R49
692 SIDESTEP R72
692 SIDESTEP R75
693 SIDESTEP R3
693 SIDESTEP R6
693 SIDESTEP R14
693 SIDESTEP R24
693 SIDESTEP R34
693 SIDESTEP R45
693 DELIVER 472 R57 81
693 SIDESTEP R78
694 ASSIGN 539 R57 51
694 SIDESTEP R26
694 SIDESTEP R27
694 SIDESTEP R31
694 SIDESTEP R55
694 SIDESTEP R66
694 SIDESTEP R69
694 PICK 404 R76
695 PICK 475 R15
695 SIDESTEP R22
695 SIDESTEP R42
695 SIDESTEP R44
695 SIDESTEP R51
695 SIDESTEP R53
695 SIDESTEP R63
695 SIDESTEP R67
695 SIDESTEP R74
696 SIDESTEP R37
696 PICK 374 R56
697 PICK 399 R4
697 PICK 530 R12
698 SIDESTEP R14
698 SIDESTEP R23
698 SIDESTEP R45
698 SIDESTEP R49
698 SIDESTEP R73
698 SIDESTEP R78
699 PICK 485 R20
699 SIDESTEP R26
699 SIDESTEP R27
699 DELIVER 358 R29 234
699 SIDESTEP R31
699 SIDESTEP R47
699 DELIVER 454 R60 113
699 SIDESTEP R69
699 REPORT pending=84 idle=2 to_pickup=40 delivering=38 to_charger=0 charging=0 dead=0 hot=25,26,9
700 ASSIGN 536 R29 47
700 ASSIGN 537 R60 40
700 PICK 389 R0
700 SIDESTEP R3
700 SIDESTEP R6
700 SIDESTEP R42
700 SIDESTEP R44
700 SIDESTEP R51
700 SIDESTEP R62
700 SIDESTEP R63
700 SIDESTEP R67
700 SIDESTEP R75
701 SIDESTEP R1
701 SIDESTEP R37
701 SIDESTEP R61
702 PICK 265 R13
702 SIDESTEP R32
702 PICK 384 R59
702 PICK 452 R62
703 SIDESTEP R14
703 SIDESTEP R23
703 PICK 407 R33
703 SIDESTEP R45
703 SIDESTEP R78
704 DELIVER 481 R18 82
704 SIDESTEP R26
704 SIDESTEP R28
705 ASSIGN 541 R18 51
705 SIDESTEP R3
705 SIDESTEP R9
705 SIDESTEP R44
705 SIDESTEP R51
705 SIDESTEP R53
705 SIDESTEP R56
705 SIDESTEP R67
706 SIDESTEP R5
706 SIDESTEP R7
706 SIDESTEP R31
706 SIDESTEP R37
706 PICK 402 R48
706 SIDESTEP R52
706 SIDESTEP R71
706 SIDESTEP R77
707 SIDESTEP R6
707 SIDESTEP R32
707 SIDESTEP R38
707 SIDESTEP R69
708 SIDESTEP R1
708 SIDESTEP R4
708 SIDESTEP R14
708 PICK 398 R16
708 SIDESTEP R23
708 SIDESTEP R34
708 SIDESTEP R45
708 PICK 354 R58
708 SIDESTEP R61
708 DELIVER 320 R64 284
708 SIDESTEP R78
709 ASSIGN 549 R64 38
709 SIDESTEP R19
709 DELIVER 372 R55 229
709 SIDESTEP R66
710 ASSIGN 535 R55 35
710 SIDESTEP R3
710 PICK 498 R7
710 SIDESTEP R9
710 SIDESTEP R25
710 SIDESTEP R44
710 SIDESTEP R53
710 SIDESTEP R56
711 CANCEL 409
711 ASSIGN 542 R23 36
711 SIDESTEP R5
711 SIDESTEP R13
711 SIDESTEP R37
711 PICK 330 R47
711 SIDESTEP R52
711 PICK 526 R54
711 SIDESTEP R77
712 SIDESTEP R6
712 PICK 391 R11
712 SIDESTEP R20
712 SIDESTEP R22
712 DELIVER 451 R50 132
712 SIDESTEP R69
712 SIDESTEP R72
712 SIDESTEP R73
712 PICK 413 R79
713 ASSIGN 545 R50 65
713 SIDESTEP R1
713 SIDESTEP R4
713 SIDESTEP R14
713 SIDESTEP R34
713 SIDESTEP R45
713 SIDESTEP R61
713 SIDESTEP R63
713 DELIVER 336 R71 270
713 SIDESTEP R78
714 ASSIGN 548 R71 38
714 PICK 512 R2
714 SIDESTEP R21
714 SIDESTEP R66
715 SIDESTEP R3
715 SIDESTEP R59
716 SIDESTEP R5
716 SIDESTEP R37
716 SIDESTEP R52
717 SIDESTEP R20
717 SIDESTEP R22
717 DELIVER 353 R25 257
717 SIDESTEP R36
717 SIDESTEP R73
718 ASSIGN 555 R25 47
718 SIDESTEP R1
718 SIDESTEP R4
718 SIDESTEP R14
718 SIDESTEP R26
718 SIDESTEP R34
718 DELIVER 401 R41 197
718 DELIVER 419 R43 176
718 SIDESTEP R45
718 PICK 499 R46
718 SIDESTEP R49
718 SIDESTEP R63
718 SIDESTEP R72
718 SIDESTEP R78
719 ASSIGN 557 R43 49
719 ASSIGN 415 R41 27
719 SIDESTEP R32
719 SIDESTEP R66
720 SIDESTEP R3
721 SIDESTEP R5
721 DELIVER 333 R19 282
721 SIDESTEP R37
721 SIDESTEP R52
722 ASSIGN 560 R19 26
722 DELIVER 477 R8 104
722 SIDESTEP R9
722 SIDESTEP R44
722 SIDESTEP R60
722 DELIVER 404 R76 197
723 CANCEL_FAIL 467
723 ASSIGN 416 R8 23
723 ASSIGN 417 R76 31
723 SIDESTEP R26
723 SIDESTEP R30
723 SIDESTEP R34
723 PICK 406 R35
723 SIDESTEP R45
723 SIDESTEP R49
723 SIDESTEP R69
723 SIDESTEP R72
723 SIDESTEP R78
724 SIDESTEP R6
724 SIDESTEP R16
724 SIDESTEP R22
724 SIDESTEP R28
724 SIDESTEP R32
724 SIDESTEP R33
724 SIDESTEP R54
724 SIDESTEP R61
724 SIDESTEP R66
725 SIDESTEP R1
725 SIDESTEP R2
725 SIDESTEP R3
725 SIDESTEP R27
725 DELIVER 452 R62 143
725 SIDESTEP R74
725 SIDESTEP R75
726 ASSIGN 565 R62 33
726 SIDESTEP R5
726 SIDESTEP R37
726 SIDESTEP R42
727 SIDESTEP R9
727 SIDESTEP R21
727 SIDESTEP R44
727 SIDESTEP R60
728 SIDESTEP R26
728 SIDESTEP R34
728 SIDESTEP R45
728 SIDESTEP R57
728 DELIVER 338 R67 283
728 SIDESTEP R69
728 SIDESTEP R73
728 SIDESTEP R78
729 ASSIGN 567 R67 33
729 SIDESTEP R6
729 SIDESTEP R13
729 SIDESTEP R16
729 SIDESTEP R38
729 SIDESTEP R55
729 SIDESTEP R61
729 SIDESTEP R63
729 SIDESTEP R64
729 DELIVER 467 R65 122
729 SIDESTEP R66
729 SIDESTEP R77
730 ASSIGN 566 R65 35
730 SIDESTEP R2
730 SIDESTEP R3
730 SIDESTEP R14
730 SIDESTEP R29
730 SIDESTEP R58
730 SIDESTEP R59
731 DELIVER 371 R10 252
731 DELIVER 344 R68 280
731 SIDESTEP R74
731 SIDESTEP R75
732 ASSIGN 569 R10 40
732 ASSIGN 570 R68 20
732 SIDESTEP R21
732 SIDESTEP R37
732 SIDESTEP R44
732 SIDESTEP R53
732 SIDESTEP R60
733 SIDESTEP R26
733 SIDESTEP R34
733 SIDESTEP R45
733 SIDESTEP R57
733 SIDESTEP R73
733 SIDESTEP R78
734 SIDESTEP R13
734 SIDESTEP R38
734 DELIVER 330 R47 298
734 SIDESTEP R49
734 SIDESTEP R63
734 SIDESTEP R66
734 SIDESTEP R77
735 ASSIGN 572 R47 25
735 SIDESTEP R2
735 SIDESTEP R3
735 SIDESTEP R55
735 SIDESTEP R56
735 SIDESTEP R61
735 SIDESTEP R72
736 SIDESTEP R15
736 SIDESTEP R32
736 SIDESTEP R46
736 SIDESTEP R58
736 SIDESTEP R75
737 SIDESTEP R11
737 SIDESTEP R14
737 SIDESTEP R44
737 SIDESTEP R53
737 SIDESTEP R60
737 SIDESTEP R67
738 SIDESTEP R0
738 SIDESTEP R9
738 SIDESTEP R26
738 SIDESTEP R33
738 SIDESTEP R34
738 PICK 397 R40
738 SIDESTEP R45
738 DELIVER 359 R51 272
738 SIDESTEP R57
738 SIDESTEP R78
739 ASSIGN 575 R51 20
739 SIDESTEP R28
739 SIDESTEP R38
739 SIDESTEP R49
739 SIDESTEP R76
740 SIDESTEP R19
740 DELIVER 485 R20 113
740 SIDESTEP R72
741 ASSIGN 578 R20 45
741 SIDESTEP R6
741 SIDESTEP R32
741 SIDESTEP R56
741 SIDESTEP R63
742 SIDESTEP R54
742 SIDESTEP R55
742 SIDESTEP R60
742 SIDESTEP R67
743 SIDESTEP R0
743 SIDESTEP R9
743 SIDESTEP R11
743 SIDESTEP R21
743 SIDESTEP R23
743 SIDESTEP R26
743 SIDESTEP R30
743 PICK 326 R36
743 DELIVER 304 R42 338
743 SIDESTEP R45
743 SIDESTEP R47
743 SIDESTEP R57
743 SIDESTEP R78
744 ASSIGN 420 R42 22
744 SIDESTEP R28
744 SIDESTEP R33
744 SIDESTEP R38
744 SIDESTEP R49
744 PICK 380 R52
744 SIDESTEP R66
745 PICK 416 R8
745 SIDESTEP R13
745 PICK 415 R41
745 SIDESTEP R71
746 SIDESTEP R6
746 SIDESTEP R63
746 PICK 527 R74
747 SIDESTEP R55
747 SIDESTEP R56
747 SIDESTEP R58
747 SIDESTEP R60
747 SIDESTEP R64
747 SIDESTEP R67
747 SIDESTEP R72
747 SIDESTEP R77
748 SIDESTEP R0
748 SIDESTEP R3
748 SIDESTEP R21
748 SIDESTEP R45
748 SIDESTEP R47
748 SIDESTEP R53
748 SIDESTEP R57
748 SIDESTEP R78
749 SIDESTEP R28
749 SIDESTEP R34
749 SIDESTEP R38
749 DELIVER 413 R79 214
749 REPORT pending=104 idle=1 to_pickup=40 delivering=39 to_charger=0 charging=0 dead=0 hot=31,18,11
750 ASSIGN 583 R79 36
750 SIDESTEP R13
750 SIDESTEP R15
750 SIDESTEP R25
750 PICK 438 R30
750 SIDESTEP R71
751 DELIVER 239 R5 436
751 SIDESTEP R11
751 PICK 570 R68
752 ASSIGN 581 R5 40
752 SIDESTEP R22
752 PICK 378 R24
752 SIDESTEP R46
752 SIDESTEP R76
753 CANCEL 478
753 DELIVER 498 R7 111
753 SIDESTEP R12
753 SIDESTEP R14
753 PICK 542 R23
753 SIDESTEP R32
753 SIDESTEP R43
753 SIDESTEP R45
753 SIDESTEP R47
753 SIDESTEP R53
753 SIDESTEP R55
753 SIDESTEP R57
753 SIDESTEP R63
753 SIDESTEP R78
754 ASSIGN 589 R7 51
754 SIDESTEP R9
754 SIDESTEP R18
754 PICK 377 R22
754 SIDESTEP R34
754 SIDESTEP R38
755 SIDESTEP R13
755 SIDESTEP R15
755 DELIVER 350 R69 298
755 SIDESTEP R71
755 SIDESTEP R72
755 SIDESTEP R77
756 REJECT 591
756 ASSIGN 590 R69 29
756 DELIVER 512 R2 97
756 DELIVER 399 R4 238
757 ASSIGN 422 R4 44
757 ASSIGN 423 R2 26
757 SIDESTEP R3
757 SIDESTEP R46
757 SIDESTEP R61
757 DELIVER 429 R73 203
757 SIDESTEP R76
758 ASSIGN 424 R73 25
758 SIDESTEP R12
758 SIDESTEP R14
758 SIDESTEP R19
758 DELIVER 511 R31 101
758 SIDESTEP R32
758 SIDESTEP R40
758 SIDESTEP R45
758 SIDESTEP R47
758 DELIVER 402 R48 236
758 PICK 575 R51
758 SIDESTEP R53
758 SIDESTEP R57
758 SIDESTEP R78
759 ASSIGN 593 R48 40
759 ASSIGN 425 R31 37
759 SIDESTEP R9
759 SIDESTEP R21
759 SIDESTEP R30
759 SIDESTEP R37
759 SIDESTEP R38
760 SIDESTEP R13
760 SIDESTEP R15
760 SIDESTEP R55
760 PICK 565 R62
760 SIDESTEP R72
760 SIDESTEP R77
761 SIDESTEP R6
761 DELIVER 421 R17 216
762 ASSIGN 594 R17 55
762 SIDESTEP R61
763 PICK 541 R18
763 SIDESTEP R45
763 PICK 549 R64
763 SIDESTEP R66
764 SIDESTEP R0
764 SIDESTEP R21
764 SIDESTEP R26
764 SIDESTEP R30
764 SIDESTEP R33
764 SIDESTEP R35
764 SIDESTEP R37
764 SIDESTEP R38
764 SIDESTEP R46
764 SIDESTEP R53
765 SIDESTEP R1
765 SIDESTEP R13
765 SIDESTEP R19
765 DELIVER 415 R41 228
765 SIDESTEP R67
765 SIDESTEP R69
766 ASSIGN 598 R41 12
766 SIDESTEP R6
766 DELIVER 411 R39 233
767 ASSIGN 596 R39 59
767 SIDESTEP R5
767 DELIVER 530 R12 85
767 SIDESTEP R27
767 PICK 536 R29
767 DELIVER 426 R34 217
767 SIDESTEP R58
767 PICK 566 R65
767 SIDESTEP R72
768 ASSIGN 601 R34 38
768 ASSIGN 428 R12 30
768 SIDESTEP R25
768 SIDESTEP R40
768 SIDESTEP R66
768 SIDESTEP R73
769 SIDESTEP R0
769 SIDESTEP R14
769 SIDESTEP R26
769 SIDESTEP R35
769 SIDESTEP R46
769 SIDESTEP R62
769 DELIVER 570 R68 38
769 SIDESTEP R71
770 ASSIGN 603 R68 39
770 SIDESTEP R9
770 SIDESTEP R19
770 SIDESTEP R37
770 SIDESTEP R47
770 SIDESTEP R53
770 SIDESTEP R63
770 SIDESTEP R67
770 SIDESTEP R69
770 SIDESTEP R75
771 SIDESTEP R6
771 SIDESTEP R22
771 SIDESTEP R23
771 PICK 446 R28
771 SIDESTEP R61
772 SIDESTEP R3
772 SIDESTEP R58
772 SIDESTEP R72
773 SIDESTEP R15
773 SIDESTEP R25
773 SIDESTEP R43
774 SIDESTEP R0
774 SIDESTEP R14
774 SIDESTEP R35
774 SIDESTEP R40
774 SIDESTEP R44
774 SIDESTEP R46
774 SIDESTEP R76
775 SIDESTEP R9
775 PICK 569 R10
775 SIDESTEP R19
775 SIDESTEP R21
775 SIDESTEP R37
775 SIDESTEP R54
775 SIDESTEP R62
775 SIDESTEP R67
775 SIDESTEP R69
776 SIDESTEP R16
776 SIDESTEP R22
776 SIDESTEP R23
776 SIDESTEP R32
776 SIDESTEP R61
777 SIDESTEP R1
777 SIDESTEP R3
777 SIDESTEP R13
777 SIDESTEP R58
777 SIDESTEP R77
778 SIDESTEP R6
778 SIDESTEP R15
778 PICK 598 R41
778 SIDESTEP R74
779 SIDESTEP R0
779 SIDESTEP R8
779 SIDESTEP R14
779 SIDESTEP R35
779 SIDESTEP R44
779 PICK 545 R50
779 PICK 537 R60
779 SIDESTEP R66
779 SIDESTEP R72
779 SIDESTEP R76
780 SIDESTEP R9
780 SIDESTEP R19
780 SIDESTEP R21
780 SIDESTEP R26
780 SIDESTEP R54
780 SIDESTEP R69
781 SIDESTEP R11
781 SIDESTEP R30
781 SIDESTEP R55
781 DELIVER 384 R59 283
782 ASSIGN 606 R59 14
782 PICK 423 R2
782 SIDESTEP R13
782 DELIVER 377 R22 294
782 SIDESTEP R58
783 ASSIGN 607 R22 46
783 SIDESTEP R16
783 SIDESTEP R20
783 PICK 555 R25
783 PICK 557 R43
783 SIDESTEP R74
783 SIDESTEP R77
784 SIDESTEP R0
784 SIDESTEP R35
784 SIDESTEP R44
784 DELIVER 448 R49 207
784 SIDESTEP R61
784 SIDESTEP R66
784 SIDESTEP R71
785 ASSIGN 543 R49 30
785 SIDESTEP R6
785 SIDESTEP R9
785 SIDESTEP R21
785 SIDESTEP R26
785 SIDESTEP R33
785 SIDESTEP R72
785 SIDESTEP R73
785 PICK 375 R75
786 SIDESTEP R23
786 DELIVER 352 R27 327
786 SIDESTEP R30
786 SIDESTEP R55
787 ASSIGN 617 R27 47
787 SIDESTEP R8
787 SIDESTEP R14
787 SIDESTEP R22
788 SIDESTEP R20
788 SIDESTEP R34
788 PICK 572 R47
788 SIDESTEP R70
788 SIDESTEP R77
789 SIDESTEP R35
789 PICK 420 R42
789 SIDESTEP R44
789 SIDESTEP R52
789 PICK 390 R63
789 SIDESTEP R66
790 SIDESTEP R26
790 SIDESTEP R29
790 SIDESTEP R33
790 SIDESTEP R53
790 SIDESTEP R67
790 SIDESTEP R72
791 SIDESTEP R9
791 SIDESTEP R36
791 SIDESTEP R60
791 PICK 548 R71
792 SIDESTEP R8
792 DELIVER 575 R51 55
792 PICK 424 R73
793 ASSIGN 614 R51 5
793 SIDESTEP R7
793 SIDESTEP R11
793 SIDESTEP R14
793 SIDESTEP R20
793 SIDESTEP R46
793 SIDESTEP R55
793 SIDESTEP R77
794 DELIVER 398 R16 277
794 SIDESTEP R35
794 SIDESTEP R40
794 PICK 539 R57
794 SIDESTEP R66
794 SIDESTEP R74
795 ASSIGN 624 R16 58
795 PICK 425 R31
795 SIDESTEP R33
795 SIDESTEP R37
795 SIDESTEP R53
795 PICK 606 R59
795 SIDESTEP R67
795 PICK 417 R76
796 SIDESTEP R23
796 SIDESTEP R36
796 SIDESTEP R60
796 SIDESTEP R71
796 SIDESTEP R72
797 SIDESTEP R0
797 SIDESTEP R8
797 SIDESTEP R9
797 SIDESTEP R13
797 PICK 614 R51
797 SIDESTEP R78
798 PICK 428 R12
798 SIDESTEP R14
798 SIDESTEP R20
798 PICK 414 R38
798 PICK 593 R48
798 SIDESTEP R55
798 DELIVER 374 R56 316
798 SIDESTEP R69
798 SIDESTEP R77
799 ASSIGN 625 R56 48
799 SIDESTEP R19
799 SIDESTEP R66
799 SIDESTEP R74
799 SIDESTEP R79
799 REPORT pending=123 idle=0 to_pickup=29 delivering=51 to_charger=0 charging=0 dead=0 hot=31,20,17
800 SIDESTEP R37
800 SIDESTEP R53
800 DELIVER 354 R58 339
800 SIDESTEP R59
800 SIDESTEP R67
801 ASSIGN 615 R58 29
801 SIDESTEP R2
801 PICK 422 R4
801 SIDESTEP R21
801 SIDESTEP R23
801 SIDESTEP R44
801 SIDESTEP R60
801 SIDESTEP R71
802 SIDESTEP R3
802 SIDESTEP R29
802 SIDESTEP R36
802 SIDESTEP R45
803 SIDESTEP R0
803 SIDESTEP R7
803 SIDESTEP R8
803 SIDESTEP R9
803 SIDESTEP R15
803 SIDESTEP R20
803 SIDESTEP R28
803 SIDESTEP R30
803 SIDESTEP R32
803 SIDESTEP R77
803 SIDESTEP R78
804 SIDESTEP R1
804 SIDESTEP R14
804 SIDESTEP R66
804 SIDESTEP R74
805 SIDESTEP R13
806 SIDESTEP R71
807 SIDESTEP R3
807 SIDESTEP R17
807 SIDESTEP R19
807 SIDESTEP R29
807 SIDESTEP R36
807 DELIVER 499 R46 163
807 DELIVER 614 R51 26
807 SIDESTEP R67
807 SIDESTEP R75
808 ASSIGN 632 R46 15
808 ASSIGN 631 R51 38
808 DELIVER 422 R4 262
808 SIDESTEP R7
808 SIDESTEP R8
808 SIDESTEP R15
808 SIDESTEP R20
808 SIDESTEP R32
808 SIDESTEP R77
809 ASSIGN 618 R4 42
809 SIDESTEP R44
809 SIDESTEP R66
809 SIDESTEP R72
809 DELIVER 424 R73 261
809 PICK 583 R79
810 ASSIGN 619 R73 23
810 SIDESTEP R9
810 SIDESTEP R13
810 SIDESTEP R26
810 SIDESTEP R28
810 SIDESTEP R30
810 SIDESTEP R37
810 SIDESTEP R45
810 DELIVER 565 R62 85
810 PICK 603 R68
810 SIDESTEP R70
811 ASSIGN 639 R62 39
811 SIDESTEP R5
811 SIDESTEP R23
811 SIDESTEP R61
811 SIDESTEP R63
812 SIDESTEP R2
812 DELIVER 391 R11 305
812 SIDESTEP R12
812 SIDESTEP R17
812 SIDESTEP R19
812 SIDESTEP R29
812 SIDESTEP R67
813 ASSIGN 620 R11 21
813 DELIVER 541 R18 117
813 SIDESTEP R20
813 SIDESTEP R25
813 SIDESTEP R32
813 DELIVER 598 R41 49
813 DELIVER 380 R52 321
814 ASSIGN 626 R18 23
814 ASSIGN 627 R52 28
814 ASSIGN 633 R41 34
814 PICK 363 R6
814 SIDESTEP R36
814 DELIVER 572 R47 81
814 PICK 543 R49
814 SIDESTEP R66
815 ASSIGN 642 R47 32
815 SIDESTEP R21
815 SIDESTEP R33
815 SIDESTEP R53
815 DELIVER 539 R57 121
815 SIDESTEP R70
816 ASSIGN 634 R57 33
816 SIDESTEP R5
816 SIDESTEP R22
816 SIDESTEP R23
816 DELIVER 397 R40 300
816 SIDESTEP R45
816 SIDESTEP R61
816 SIDESTEP R63
816 SIDESTEP R77
817 ASSIGN 636 R40 36
817 SIDESTEP R2
817 SIDESTEP R13
817 SIDESTEP R17
817 SIDESTEP R19
817 SIDESTEP R29
817 SIDESTEP R67
817 PICK 394 R72
818 DELIVER 569 R10 88
818 SIDESTEP R20
818 SIDESTEP R25
818 SIDESTEP R32
818 SIDESTEP R38
819 ASSIGN 646 R10 45
819 SIDESTEP R66
820 SIDESTEP R1
820 SIDESTEP R21
820 DELIVER 406 R35 293
820 SIDESTEP R50
820 SIDESTEP R53
820 SIDESTEP R58
821 ASSIGN 640 R35 54
821 SIDESTEP R7
821 SIDESTEP R22
821 DELIVER 378 R24 332
821 DELIVER 557 R43 104
821 SIDESTEP R63
821 SIDESTEP R68
822 CANCEL 534
822 ASSIGN 644 R43 56
822 ASSIGN 431 R24 20
822 SIDESTEP R3
822 SIDESTEP R17
822 SIDESTEP R19
822 SIDESTEP R23
822 SIDESTEP R29
822 PICK 632 R46
822 SIDESTEP R70
823 SIDESTEP R13
823 SIDESTEP R25
823 SIDESTEP R28
823 SIDESTEP R38
823 SIDESTEP R39
823 SIDESTEP R61
824 SIDESTEP R14
824 SIDESTEP R66
824 SIDESTEP R75
825 SIDESTEP R1
825 SIDESTEP R15
825 SIDESTEP R58
825 SIDESTEP R60
825 SIDESTEP R71
826 PICK 581 R5
826 SIDESTEP R7
826 SIDESTEP R22
826 SIDESTEP R32
826 SIDESTEP R63
826 SIDESTEP R68
826 SIDESTEP R77
827 SIDESTEP R3
827 SIDESTEP R17
827 SIDESTEP R19
827 SIDESTEP R41
827 DELIVER 526 R54 150
827 SIDESTEP R70
828 ASSIGN 650 R54 30
828 SIDESTEP R13
828 SIDESTEP R23
828 SIDESTEP R28
829 SIDESTEP R14
829 SIDESTEP R37
829 SIDESTEP R66
830 SIDESTEP R1
830 SIDESTEP R15
830 SIDESTEP R44
830 SIDESTEP R58
831 SIDESTEP R7
831 SIDESTEP R22
831 SIDESTEP R31
831 SIDESTEP R38
831 SIDESTEP R63
831 SIDESTEP R68
831 SIDESTEP R75
831 SIDESTEP R77
831 PICK 514 R78
832 SIDESTEP R3
832 SIDESTEP R4
832 SIDESTEP R10
832 SIDESTEP R19
832 SIDESTEP R20
832 SIDESTEP R25
832 SIDESTEP R30
832 SIDESTEP R32
832 SIDESTEP R40
832 PICK 619 R73
833 PICK 620 R11
833 SIDESTEP R23
833 SIDESTEP R28
833 SIDESTEP R47
834 SIDESTEP R13
834 SIDESTEP R14
834 SIDESTEP R37
834 DELIVER 632 R46 30
834 DELIVER 417 R76 295
835 ASSIGN 656 R76 26
835 ASSIGN 657 R46 20
835 SIDESTEP R9
835 SIDESTEP R15
835 SIDESTEP R53
836 SIDESTEP R31
836 SIDESTEP R61
836 SIDESTEP R68
836 DELIVER 619 R73 47
837 ASSIGN 659 R73 31
837 SIDESTEP R3
837 SIDESTEP R12
837 SIDESTEP R19
837 SIDESTEP R20
837 PICK 617 R27
837 SIDESTEP R32
838 SIDESTEP R10
838 SIDESTEP R11
838 SIDESTEP R16
838 SIDESTEP R23
838 SIDESTEP R29
838 PICK 596 R39
838 SIDESTEP R55
838 SIDESTEP R67
839 SIDESTEP R2
839 SIDESTEP R4
839 SIDESTEP R13
839 SIDESTEP R14
839 SIDESTEP R28
839 SIDESTEP R37
839 SIDESTEP R63
840 SIDESTEP R1
840 SIDESTEP R9
840 SIDESTEP R30
840 SIDESTEP R53
840 SIDESTEP R79
841 SIDESTEP R31
841 PICK 601 R34
841 SIDESTEP R35
841 PICK 627 R52
841 SIDESTEP R75
842 SIDESTEP R3
842 SIDESTEP R20
842 PICK 431 R24
842 SIDESTEP R32
842 DELIVER 549 R64 135
843 ASSIGN 665 R64 11
843 SIDESTEP R16
843 SIDESTEP R41
843 SIDESTEP R59
843 SIDESTEP R67
844 SIDESTEP R2
844 SIDESTEP R4
844 SIDESTEP R36
844 SIDESTEP R37
844 SIDESTEP R47
845 SIDESTEP R1
845 SIDESTEP R15
845 PICK 631 R51
845 DELIVER 566 R65 119
845 DELIVER 527 R74 167
845 SIDESTEP R79
846 ASSIGN 662 R65 48
846 ASSIGN 666 R74 51
846 DELIVER 416 R8 308
846 PICK 625 R56
846 SIDESTEP R75
847 ASSIGN 667 R8 45
847 DELIVER 389 R0 342
847 PICK 560 R19
847 SIDESTEP R20
847 SIDESTEP R35
847 SIDESTEP R38
847 SIDESTEP R53
848 ASSIGN 670 R0 14
848 SIDESTEP R7
848 SIDESTEP R9
848 SIDESTEP R10
848 SIDESTEP R16
848 PICK 626 R18
848 SIDESTEP R25
848 SIDESTEP R32
848 SIDESTEP R33
848 SIDESTEP R41
848 SIDESTEP R55
848 PICK 634 R57
848 SIDESTEP R58
848 SIDESTEP R71
849 SIDESTEP R2
849 SIDESTEP R37
849 SIDESTEP R44
849 SIDESTEP R45
849 SIDESTEP R60
849 PICK 639 R62
849 SIDESTEP R68
849 SIDESTEP R69
849 REPORT pending=141 idle=0 to_pickup=33 delivering=47 to_charger=0 charging=0 dead=0 hot=32,17,12
850 SIDESTEP R15
850 SIDESTEP R59
851 SIDESTEP R4
851 SIDESTEP R12
851 SIDESTEP R42
851 SIDESTEP R75
852 SIDESTEP R20
852 SIDESTEP R38
852 SIDESTEP R53
852 PICK 382 R70
853 SIDESTEP R0
853 SIDESTEP R9
853 SIDESTEP R16
853 SIDESTEP R41
853 SIDESTEP R57
853 SIDESTEP R58
853 PICK 665 R64
853 SIDESTEP R78
854 SIDESTEP R2
854 SIDESTEP R25
854 PICK 356 R26
854 SIDESTEP R32
854 SIDESTEP R44
854 SIDESTEP R45
854 SIDESTEP R46
854 SIDESTEP R55
854 SIDESTEP R67
854 SIDESTEP R69
854 DELIVER 394 R72 343
854 SIDESTEP R76
855 ASSIGN 673 R72 41
856 SIDESTEP R42
856 SIDESTEP R75
857 SIDESTEP R38
857 SIDESTEP R53
857 DELIVER 537 R60 165
858 ASSIGN 678 R60 21
858 SIDESTEP R0
858 SIDESTEP R9
858 PICK 650 R54
858 DELIVER 625 R56 63
858 SIDESTEP R58
858 SIDESTEP R78
859 CANCEL 576
859 ASSIGN 682 R56 28
859 SIDESTEP R16
859 SIDESTEP R23
859 SIDESTEP R30
859 DELIVER 425 R31 310
859 SIDESTEP R40
859 SIDESTEP R44
859 SIDESTEP R45
859 SIDESTEP R55
859 SIDESTEP R67
859 SIDESTEP R70
860 ASSIGN 683 R31 24
860 SIDESTEP R2
860 SIDESTEP R5
860 SIDESTEP R22
860 SIDESTEP R41
860 PICK 657 R46
860 DELIVER 545 R50 158
860 SIDESTEP R76
861 ASSIGN 679 R50 20
861 SIDESTEP R8
861 SIDESTEP R42
861 SIDESTEP R75
862 SIDESTEP R38
862 SIDESTEP R53
862 SIDESTEP R66
862 SIDESTEP R69
863 SIDESTEP R0
863 SIDESTEP R9
863 DELIVER 620 R11 73
863 SIDESTEP R52
863 SIDESTEP R78
864 ASSIGN 686 R11 41
864 SIDESTEP R16
864 SIDESTEP R23
864 SIDESTEP R25
864 SIDESTEP R35
864 SIDESTEP R37
864 SIDESTEP R40
864 SIDESTEP R45
864 SIDESTEP R47
864 SIDESTEP R67
864 SIDESTEP R70
865 SIDESTEP R2
865 SIDESTEP R5
865 SIDESTEP R13
865 SIDESTEP R15
865 SIDESTEP R17
865 SIDESTEP R20
865 SIDESTEP R22
865 SIDESTEP R68
865 SIDESTEP R76
866 SIDESTEP R3
866 SIDESTEP R8
866 DELIVER 427 R21 315
866 SIDESTEP R41
866 SIDESTEP R59
866 DELIVER 390 R63 360
866 SIDESTEP R73
866 SIDESTEP R75
867 ASSIGN 687 R63 39
867 ASSIGN 688 R21 48
867 SIDESTEP R32
867 SIDESTEP R38
867 SIDESTEP R53
867 SIDESTEP R62
868 SIDESTEP R14
868 SIDESTEP R34
868 SIDESTEP R52
869 SIDESTEP R6
869 SIDESTEP R16
869 SIDESTEP R30
869 SIDESTEP R36
869 SIDESTEP R37
869 DELIVER 596 R39 107
869 SIDESTEP R40
869 SIDESTEP R45
869 SIDESTEP R47
869 SIDESTEP R64
869 SIDESTEP R70
870 ASSIGN 692 R39 26
870 SIDESTEP R2
870 SIDESTEP R5
870 SIDESTEP R13
870 SIDESTEP R15
870 SIDESTEP R17
870 SIDESTEP R19
870 SIDESTEP R20
871 SIDESTEP R3
871 SIDESTEP R4
871 SIDESTEP R9
871 SIDESTEP R10
871 SIDESTEP R41
871 SIDESTEP R68
872 DELIVER 626 R18 76
872 SIDESTEP R32
872 SIDESTEP R38
872 SIDESTEP R58
873 GO_CHARGE R18 24 1
873 SIDESTEP R0
873 SIDESTEP R14
873 SIDESTEP R52
873 DELIVER 650 R54 49
873 SIDESTEP R62
873 SIDESTEP R73
873 DELIVER 289 R77 494
873 SIDESTEP R79
874 ASSIGN 690 R77 42
874 ASSIGN 433 R54 15
874 SIDESTEP R6
874 SIDESTEP R16
874 DELIVER 536 R29 183
874 SIDESTEP R35
874 SIDESTEP R45
874 SIDESTEP R59
874 SIDESTEP R64
874 SIDESTEP R70
875 GO_CHARGE R29 6 1
875 PICK 381 R1
875 SIDESTEP R2
875 SIDESTEP R12
875 SIDESTEP R19
875 SIDESTEP R20
875 SIDESTEP R30
875 SIDESTEP R44
875 SIDESTEP R47
875 SIDESTEP R69
876 SIDESTEP R3
876 SIDESTEP R41
876 DELIVER 631 R51 73
876 SIDESTEP R63
877 GO_CHARGE R51 14 1
877 SIDESTEP R27
877 SIDESTEP R32
877 SIDESTEP R58
877 SIDESTEP R78
878 SIDESTEP R0
878 SIDESTEP R14
878 DELIVER 431 R24 322
878 DELIVER 543 R49 178
878 PICK 678 R60
878 SIDESTEP R62
878 PICK 656 R76
879 ASSIGN 701 R49 34
879 GO_CHARGE R24 22 1
879 SIDESTEP R6
879 SIDESTEP R16
879 SIDESTEP R26
879 SIDESTEP R35
879 DELIVER 420 R42 336
879 SIDESTEP R52
879 SIDESTEP R53
879 SIDESTEP R66
880 ASSIGN 698 R42 21
880 SIDESTEP R2
880 SIDESTEP R7
880 SIDESTEP R12
880 DELIVER 407 R33 352
880 DELIVER 326 R36 449
880 SIDESTEP R37
880 SIDESTEP R44
880 DELIVER 593 R48 121
880 SIDESTEP R67
880 SIDESTEP R75
881 ASSIGN 700 R36 16
881 ASSIGN 434 R33 56
881 GO_CHARGE R48 12 1
881 SIDESTEP R3
881 SIDESTEP R13
881 PICK 439 R14
881 SIDESTEP R41
881 PICK 644 R43
881 SIDESTEP R45
881 PICK 535 R55
882 SIDESTEP R20
882 SIDESTEP R27
882 SIDESTEP R32
882 SIDESTEP R58
882 DELIVER 548 R71 176
882 SIDESTEP R78
883 ASSIGN 435 R71 25
883 SIDESTEP R11
883 SIDESTEP R40
883 SIDESTEP R62
883 SIDESTEP R64
883 SIDESTEP R73
884 SIDESTEP R6
884 PICK 589 R7
884 SIDESTEP R35
884 DELIVER 606 R59 111
885 ASSIGN 704 R59 38
885 SIDESTEP R2
885 SIDESTEP R12
885 SIDESTEP R17
885 DELIVER 560 R19 165
885 DELIVER 634 R57 79
885 SIDESTEP R67
885 SIDESTEP R69
886 ASSIGN 705 R19 41
886 ASSIGN 437 R57 26
886 SIDESTEP R3
886 SIDESTEP R4
886 SIDESTEP R8
886 SIDESTEP R9
886 SIDESTEP R22
886 SIDESTEP R41
886 SIDESTEP R45
886 SIDESTEP R65
887 CANCEL 649
887 SIDESTEP R16
887 SIDESTEP R27
887 SIDESTEP R32
887 SIDESTEP R36
887 SIDESTEP R58
887 SIDESTEP R78
888 PICK 646 R10
888 SIDESTEP R40
888 SIDESTEP R47
888 PICK 679 R50
888 SIDESTEP R73
889 SIDESTEP R6
889 SIDESTEP R30
889 PICK 433 R54
890 SIDESTEP R24
891 SIDESTEP R4
891 SIDESTEP R9
891 SIDESTEP R12
891 SIDESTEP R41
891 SIDESTEP R53
891 SIDESTEP R65
892 SIDESTEP R2
892 SIDESTEP R18
892 SIDESTEP R25
892 SIDESTEP R27
892 SIDESTEP R32
892 SIDESTEP R38
892 SIDESTEP R51
892 SIDESTEP R58
892 SIDESTEP R59
892 SIDESTEP R69
892 SIDESTEP R78
893 SIDESTEP R22
893 SIDESTEP R40
893 SIDESTEP R64
894 SIDESTEP R6
894 SIDESTEP R15
894 SIDESTEP R16
894 SIDESTEP R30
894 PICK 682 R56
895 SIDESTEP R24
895 SIDESTEP R48
896 SIDESTEP R9
896 DELIVER 601 R34 129
896 SIDESTEP R41
896 PICK 532 R61
896 DELIVER 365 R66 423
896 PICK 666 R74
897 ASSIGN 710 R34 40
897 ASSIGN 711 R66 31
897 SIDESTEP R2
897 SIDESTEP R18
897 SIDESTEP R32
897 SIDESTEP R38
897 SIDESTEP R50
897 SIDESTEP R55
897 SIDESTEP R58
897 SIDESTEP R59
897 SIDESTEP R69
897 SIDESTEP R70
897 SIDESTEP R75
897 SIDESTEP R78
898 SIDESTEP R22
898 SIDESTEP R40
898 SIDESTEP R52
898 SIDESTEP R62
898 SIDESTEP R64
898 SIDESTEP R65
899 SIDESTEP R6
899 SIDESTEP R16
899 SIDESTEP R21
899 SIDESTEP R25
899 SIDESTEP R31
899 SIDESTEP R51
899 SIDESTEP R67
899 REPORT pending=161 idle=0 to_pickup=36 delivering=39 to_charger=5 charging=0 dead=0 hot=16,23,12
900 DELIVER 327 R3 468
900 PICK 594 R17
900 SIDESTEP R46
900 SIDESTEP R49
901 ASSIGN 440 R3 12
901 SIDESTEP R9
901 PICK 692 R39
902 SIDESTEP R2
902 SIDESTEP R32
902 SIDESTEP R42
902 SIDESTEP R59
902 SIDESTEP R69
902 SIDESTEP R75
902 SIDESTEP R78
903 PICK 670 R0
903 DELIVER 475 R15 288
903 SIDESTEP R22
903 SIDESTEP R27
903 SIDESTEP R35
903 SIDESTEP R37
903 SIDESTEP R40
903 SIDESTEP R53
903 DELIVER 678 R60 49
903 SIDESTEP R62
903 SIDESTEP R64
903 SIDESTEP R65
903 SIDESTEP R76
904 CANCEL 621
904 ASSIGN 442 R15 23
904 ASSIGN 444 R60 71
904 SIDESTEP R4
904 SIDESTEP R6
904 SIDESTEP R25
904 SIDESTEP R30
904 PICK 700 R36
904 SIDESTEP R38
904 SIDESTEP R43
904 SIDESTEP R50
904 SIDESTEP R51
905 SIDESTEP R48
905 SIDESTEP R52
906 DELIVER 581 R5 161
906 SIDESTEP R41
906 PICK 698 R42
906 SIDESTEP R44
906 DELIVER 603 R68 137
906 SIDESTEP R74
907 ASSIGN 719 R68 42
907 ASSIGN 449 R5 30
907 DELIVER 670 R0 62
907 SIDESTEP R32
907 SIDESTEP R46
907 PICK 435 R71
907 SIDESTEP R78
908 ASSIGN 722 R0 17
908 SIDESTEP R14
908 SIDESTEP R22
908 SIDESTEP R27
908 CHARGE R29
908 SIDESTEP R35
908 SIDESTEP R37
908 SIDESTEP R40
908 SIDESTEP R62
908 SIDESTEP R64
908 SIDESTEP R65
908 SIDESTEP R69
909 SIDESTEP R6
909 SIDESTEP R10
909 SIDESTEP R20
909 DELIVER 446 R28 335
909 SIDESTEP R30
909 SIDESTEP R38
909 SIDESTEP R75
910 ASSIGN 724 R28 25
910 SIDESTEP R12
910 SIDESTEP R21
910 SIDESTEP R36
910 SIDESTEP R48
911 SIDESTEP R41
911 SIDESTEP R57
911 PICK 659 R73
911 SIDESTEP R74
912 PICK 440 R3
912 SIDESTEP R11
912 SIDESTEP R46
912 SIDESTEP R78
913 REJECT 727
913 SIDESTEP R27
913 SIDESTEP R37
913 SIDESTEP R40
913 SIDESTEP R62
913 SIDESTEP R64
913 SIDESTEP R65
913 SIDESTEP R69
914 SIDESTEP R6
914 SIDESTEP R10
914 DELIVER 594 R17 154
914 DELIVER 542 R23 215
914 SIDESTEP R30
914 SIDESTEP R31
914 SIDESTEP R38
914 DELIVER 535 R55 225
914 SIDESTEP R75
914 DELIVER 583 R79 167
915 ASSIGN 729 R79 10
915 ASSIGN 450 R23 28
915 ASSIGN 453 R17 43
915 ASSIGN 455 R55 24
915 SIDESTEP R12
915 SIDESTEP R36
915 SIDESTEP R51
915 PICK 690 R77
916 SIDESTEP R41
916 SIDESTEP R50
916 SIDESTEP R57
916 PICK 567 R67
916 SIDESTEP R74
917 SIDESTEP R11
917 DELIVER 265 R13 570
917 SIDESTEP R45
917 SIDESTEP R46
917 SIDESTEP R52
917 SIDESTEP R78
918 ASSIGN 730 R13 33
918 SIDESTEP R14
918 SIDESTEP R27
918 SIDESTEP R32
918 SIDESTEP R37
918 SIDESTEP R40
918 SIDESTEP R58
918 SIDESTEP R62
918 SIDESTEP R64
918 SIDESTEP R65
918 SIDESTEP R69
919 SIDESTEP R6
919 SIDESTEP R10
919 SIDESTEP R30
919 SIDESTEP R38
919 SIDESTEP R43
919 SIDESTEP R75
920 SIDESTEP R36
920 DELIVER 469 R44 311
920 SIDESTEP R56
921 GO_CHARGE R44 8 1
921 SIDESTEP R41
921 SIDESTEP R57
921 SIDESTEP R74
922 SIDESTEP R11
922 SIDESTEP R45
922 SIDESTEP R46
922 SIDESTEP R76
923 CANCEL_FAIL 100735
923 CHARGED R29
923 ASSIGN 734 R29 19
923 SIDESTEP R14
923 SIDESTEP R27
923 SIDESTEP R32
923 SIDESTEP R58
923 SIDESTEP R62
923 SIDESTEP R64
923 SIDESTEP R65
923 SIDESTEP R69
923 SIDESTEP R78
924 SIDESTEP R1
924 SIDESTEP R6
924 SIDESTEP R10
924 SIDESTEP R30
924 SIDESTEP R38
924 DELIVER 698 R42 48
924 SIDESTEP R49
924 SIDESTEP R67
924 SIDESTEP R75
924 PICK 729 R79
925 ASSIGN 456 R42 52
925 SIDESTEP R50
926 PICK 722 R0
926 PICK 368 R9
926 PICK 442 R15
926 SIDESTEP R17
926 PICK 607 R22
926 SIDESTEP R39
926 SIDESTEP R41
926 SIDESTEP R74
927 SIDESTEP R5
927 SIDESTEP R11
927 PICK 578 R20
927 SIDESTEP R23
927 DELIVER 356 R26 464
927 SIDESTEP R28
927 SIDESTEP R45
927 SIDESTEP R46
927 SIDESTEP R57
927 SIDESTEP R76
928 ASSIGN 457 R26 17
928 SIDESTEP R14
928 SIDESTEP R27
928 SIDESTEP R32
928 SIDESTEP R35
928 SIDESTEP R51
928 SIDESTEP R58
928 SIDESTEP R62
928 SIDESTEP R64
928 SIDESTEP R65
928 SIDESTEP R69
928 SIDESTEP R71
928 SIDESTEP R78
929 SIDESTEP R6
929 SIDESTEP R10
929 SIDESTEP R30
929 SIDESTEP R38
929 SIDESTEP R40
929 SIDESTEP R48
929 SIDESTEP R67
929 SIDESTEP R75
930 SIDESTEP R50
930 SIDESTEP R53
931 SIDESTEP R54
931 PICK 711 R66
931 SIDESTEP R74
932 SIDESTEP R5
932 DELIVER 555 R25 218
933 ASSIGN 744 R25 22
933 SIDESTEP R27
933 SIDESTEP R58
933 SIDESTEP R62
933 SIDESTEP R64
933 SIDESTEP R65
933 SIDESTEP R78
934 SIDESTEP R2
934 SIDESTEP R10
934 SIDESTEP R30
934 SIDESTEP R38
934 SIDESTEP R40
934 SIDESTEP R45
934 SIDESTEP R47
934 SIDESTEP R75
935 SIDESTEP R11
935 SIDESTEP R14
935 SIDESTEP R32
935 SIDESTEP R46
935 SIDESTEP R50
935 SIDESTEP R52
935 SIDESTEP R53
935 SIDESTEP R57
935 DELIVER 532 R61 249
935 SIDESTEP R69
936 ASSIGN 743 R61 26
936 SIDESTEP R48
936 SIDESTEP R73
936 SIDESTEP R74
937 SIDESTEP R5
937 SIDESTEP R51
937 SIDESTEP R54
938 SIDESTEP R0
938 SIDESTEP R27
938 PICK 455 R55
938 SIDESTEP R58
938 SIDESTEP R62
938 SIDESTEP R65
938 SIDESTEP R78
939 SIDESTEP R1
939 SIDESTEP R2
939 SIDESTEP R7
939 SIDESTEP R10
939 SIDESTEP R30
939 PICK 683 R31
939 DELIVER 362 R37 469
939 SIDESTEP R38
939 SIDESTEP R40
939 SIDESTEP R45
939 SIDESTEP R47
939 DELIVER 682 R56 80
939 SIDESTEP R64
939 SIDESTEP R75
940 ASSIGN 748 R56 25
940 ASSIGN 458 R37 11
940 SIDESTEP R11
940 SIDESTEP R14
940 SIDESTEP R32
940 PICK 710 R34
940 SIDESTEP R50
940 SIDESTEP R52
940 SIDESTEP R53
940 SIDESTEP R57
941 PICK 734 R29
941 SIDESTEP R35
941 SIDESTEP R48
941 SIDESTEP R74
942 SIDESTEP R5
942 SIDESTEP R51
943 SIDESTEP R12
943 SIDESTEP R26
943 SIDESTEP R27
943 SIDESTEP R58
943 SIDESTEP R62
943 SIDESTEP R65
944 SIDESTEP R1
944 SIDESTEP R2
944 SIDESTEP R7
944 SIDESTEP R21
944 SIDESTEP R30
944 SIDESTEP R38
944 SIDESTEP R45
944 SIDESTEP R75
945 SIDESTEP R14
945 SIDESTEP R19
945 SIDESTEP R42
945 SIDESTEP R50
945 SIDESTEP R52
945 SIDESTEP R53
945 SIDESTEP R69
945 SIDESTEP R76
946 SIDESTEP R10
946 SIDESTEP R33
946 SIDESTEP R39
946 SIDESTEP R48
946 SIDESTEP R74
947 SIDESTEP R51
948 SIDESTEP R0
948 DELIVER 363 R6 477
948 SIDESTEP R27
948 SIDESTEP R40
948 SIDESTEP R47
948 SIDESTEP R54
948 SIDESTEP R64
948 SIDESTEP R65
948 SIDESTEP R78
949 ASSIGN 751 R6 40
949 SIDESTEP R2
949 SIDESTEP R7
949 SIDESTEP R21
949 SIDESTEP R24
949 SIDESTEP R28
949 SIDESTEP R38
949 SIDESTEP R41
949 SIDESTEP R43
949 SIDESTEP R75
949 REPORT pending=177 idle=0 to_pickup=35 delivering=40 to_charger=5 charging=0 dead=0 hot=26,21,16
950 SIDESTEP R11
950 PICK 450 R23
950 PICK 457 R26
950 PICK 458 R37
950 SIDESTEP R50
950 SIDESTEP R52
950 PICK 687 R63
950 SIDESTEP R69
950 SIDESTEP R70
950 SIDESTEP R76
950 DELIVER 729 R79 35
951 ASSIGN 753 R79 31
951 SIDESTEP R8
951 DELIVER 428 R12 398
951 SIDESTEP R39
951 SIDESTEP R44
951 SIDESTEP R48
952 ASSIGN 459 R12 6
952 SIDESTEP R10
952 SIDESTEP R51
952 SIDESTEP R61
953 SIDESTEP R54
953 SIDESTEP R78
954 SIDESTEP R24
954 SIDESTEP R28
954 SIDESTEP R38
954 SIDESTEP R40
954 SIDESTEP R41
954 SIDESTEP R47
954 SIDESTEP R68
954 SIDESTEP R75
955 SIDESTEP R45
955 SIDESTEP R50
955 SIDESTEP R52
955 SIDESTEP R62
955 SIDESTEP R69
955 SIDESTEP R70
955 SIDESTEP R76
956 SIDESTEP R2
956 SIDESTEP R4
956 SIDESTEP R7
956 SIDESTEP R8
956 SIDESTEP R14
956 SIDESTEP R15
956 SIDESTEP R33
956 SIDESTEP R44
956 SIDESTEP R48
956 SIDESTEP R66
957 SIDESTEP R10
957 PICK 459 R12
957 SIDESTEP R51
957 SIDESTEP R53
958 SIDESTEP R9
958 PICK 744 R25
958 SIDESTEP R54
959 SIDESTEP R30
959 DELIVER 700 R36 81
959 SIDESTEP R47
959 SIDESTEP R58
959 SIDESTEP R64
959 SIDESTEP R78
960 ASSIGN 764 R36 44
960 SIDESTEP R38
960 SIDESTEP R40
960 SIDESTEP R45
960 SIDESTEP R52
960 SIDESTEP R62
960 SIDESTEP R65
960 SIDESTEP R70
960 SIDESTEP R76
961 SIDESTEP R4
961 SIDESTEP R8
961 SIDESTEP R14
961 SIDESTEP R15
961 SIDESTEP R18
961 SIDESTEP R22
961 SIDESTEP R27
961 SIDESTEP R32
961 SIDESTEP R41
961 SIDESTEP R44
961 PICK 701 R49
961 SIDESTEP R50
962 SIDESTEP R10
962 SIDESTEP R33
962 SIDESTEP R46
962 SIDESTEP R51
962 SIDESTEP R53
962 SIDESTEP R74
963 SIDESTEP R7
963 SIDESTEP R9
964 SIDESTEP R30
964 SIDESTEP R34
964 SIDESTEP R54
964 PICK 748 R56
964 SIDESTEP R58
964 SIDESTEP R64
964 SIDESTEP R78
965 SIDESTEP R0
965 SIDESTEP R5
965 SIDESTEP R40
965 SIDESTEP R47
965 SIDESTEP R48
965 SIDESTEP R52
965 PICK 437 R57
965 SIDESTEP R65
965 PICK 673 R72
965 DELIVER 690 R77 98
966 ASSIGN 765 R77 41
966 DELIVER 381 R1 472
966 DELIVER 578 R20 226
966 SIDESTEP R41
967 ASSIGN 767 R20 17
967 ASSIGN 460 R1 26
967 SIDESTEP R22
967 SIDESTEP R24
967 SIDESTEP R33
967 SIDESTEP R49
967 SIDESTEP R74
967 SIDESTEP R79
968 SIDESTEP R9
968 SIDESTEP R14
968 SIDESTEP R28
968 SIDESTEP R42
968 SIDESTEP R55
968 SIDESTEP R69
969 SIDESTEP R2
969 SIDESTEP R8
969 SIDESTEP R30
969 SIDESTEP R34
969 SIDESTEP R38
969 PICK 704 R59
969 SIDESTEP R64
969 SIDESTEP R78
970 SIDESTEP R5
970 SIDESTEP R35
970 SIDESTEP R40
970 SIDESTEP R47
971 SIDESTEP R7
971 SIDESTEP R29
971 SIDESTEP R41
971 SIDESTEP R73
972 DELIVER 442 R15 404
972 SIDESTEP R22
972 SIDESTEP R24
972 SIDESTEP R26
972 SIDESTEP R74
973 ASSIGN 770 R15 12
973 SIDESTEP R9
973 SIDESTEP R25
973 SIDESTEP R28
973 SIDESTEP R42
973 SIDESTEP R76
974 SIDESTEP R8
974 PICK 686 R11
974 SIDESTEP R18
974 SIDESTEP R30
974 SIDESTEP R38
974 SIDESTEP R69
975 SIDESTEP R3
975 SIDESTEP R4
975 SIDESTEP R5
975 PICK 624 R16
975 SIDESTEP R70
976 SIDESTEP R7
976 SIDESTEP R29
976 SIDESTEP R41
976 SIDESTEP R49
976 PICK 444 R60
976 SIDESTEP R73
977 SIDESTEP R22
977 DELIVER 657 R46 145
977 SIDESTEP R74
977 SIDESTEP R77
978 GO_CHARGE R46 6 1
978 SIDESTEP R9
978 SIDESTEP R17
978 SIDESTEP R25
978 SIDESTEP R28
978 SIDESTEP R43
978 SIDESTEP R45
978 SIDESTEP R55
978 SIDESTEP R59
978 SIDESTEP R62
979 SIDESTEP R8
979 SIDESTEP R24
979 SIDESTEP R26
979 SIDESTEP R30
979 SIDESTEP R50
980 SIDESTEP R4
980 SIDESTEP R5
980 DELIVER 450 R23 401
980 DELIVER 387 R53 479
980 SIDESTEP R64
980 DELIVER 673 R72 131
981 ASSIGN 777 R53 23
981 ASSIGN 461 R72 52
981 GO_CHARGE R23 10 1
981 SIDESTEP R7
981 DELIVER 459 R12 388
981 SIDESTEP R29
981 SIDESTEP R33
981 SIDESTEP R42
981 SIDESTEP R73
981 SIDESTEP R79
982 ASSIGN 463 R12 22
982 DELIVER 458 R37 390
982 SIDESTEP R38
982 SIDESTEP R40
982 SIDESTEP R69
982 SIDESTEP R74
982 SIDESTEP R77
983 ASSIGN 464 R37 17
983 SIDESTEP R9
983 SIDESTEP R14
983 PICK 767 R20
983 PICK 640 R35
983 SIDESTEP R49
983 SIDESTEP R59
984 CANCEL 747
984 SIDESTEP R0
984 SIDESTEP R26
984 SIDESTEP R30
984 SIDESTEP R50
984 SIDESTEP R55
985 SIDESTEP R2
985 SIDESTEP R3
985 DELIVER 646 R10 166
985 SIDESTEP R13
985 SIDESTEP R43
985 SIDESTEP R58
985 SIDESTEP R64
985 DELIVER 435 R71 425
986 ASSIGN 785 R10 28
986 ASSIGN 465 R71 24
986 SIDESTEP R7
986 SIDESTEP R27
986 SIDESTEP R33
986 SIDESTEP R42
986 SIDESTEP R47
986 SIDESTEP R48
986 SIDESTEP R63
986 SIDESTEP R73
987 SIDESTEP R38
987 SIDESTEP R40
987 DELIVER 433 R54 429
987 SIDESTEP R69
987 SIDESTEP R74
987 SIDESTEP R77
987 SIDESTEP R78
988 GO_CHARGE R54 16 1
988 SIDESTEP R9
988 SIDESTEP R15
988 SIDESTEP R22
988 SIDESTEP R52
988 SIDESTEP R59
989 SIDESTEP R0
989 PICK 618 R4
989 SIDESTEP R26
989 SIDESTEP R29
989 SIDESTEP R36
989 SIDESTEP R50
989 SIDESTEP R57
990 SIDESTEP R3
990 CHARGE R18
990 SIDESTEP R43
990 PICK 719 R68
991 SIDESTEP R16
991 SIDESTEP R24
991 DELIVER 683 R31 131
991 SIDESTEP R47
991 SIDESTEP R48
991 SIDESTEP R63
992 ASSIGN 790 R31 41
992 SIDESTEP R5
992 SIDESTEP R7
992 SIDESTEP R8
992 PICK 770 R15
992 SIDESTEP R49
992 SIDESTEP R55
992 SIDESTEP R74
992 SIDESTEP R77
993 SIDESTEP R9
993 SIDESTEP R17
993 DELIVER 767 R20 30
993 SIDESTEP R52
993 SIDESTEP R58
993 SIDESTEP R78
994 ASSIGN 786 R20 25
994 SIDESTEP R26
994 SIDESTEP R33
994 DELIVER 710 R34 102
994 SIDESTEP R36
994 CHARGE R46
994 SIDESTEP R50
994 SIDESTEP R57
995 GO_CHARGE R34 18 1
995 PICK 460 R1
995 SIDESTEP R41
996 SIDESTEP R16
996 SIDESTEP R24
996 SIDESTEP R63
997 SIDESTEP R2
997 SIDESTEP R5
997 SIDESTEP R13
997 SIDESTEP R14
997 SIDESTEP R43
997 SIDESTEP R49
997 SIDESTEP R55
997 SIDESTEP R74
997 SIDESTEP R76
997 SIDESTEP R77
998 SIDESTEP R8
998 SIDESTEP R9
998 SIDESTEP R52
998 SIDESTEP R58
998 SIDESTEP R78
999 DELIVER 770 R15 31
999 PICK 410 R32
999 SIDESTEP R36
999 PICK 464 R37
999 SIDESTEP R47
999 SIDESTEP R57
999 REPORT pending=203 idle=1 to_pickup=28 delivering=42 to_charger=7 charging=2 dead=0 hot=26,23,14
1000 CANCEL 749
1000 ASSIGN 795 R15 36
1000 SIDESTEP R41
1000 CHARGE R51
1000 SIDESTEP R59
1000 SIDESTEP R62
1001 SIDESTEP R16
1001 SIDESTEP R26
1001 PICK 590 R69
1001 SIDESTEP R71
1002 SIDESTEP R2
1002 SIDESTEP R5
1002 SIDESTEP R14
1002 PICK 688 R21
1002 SIDESTEP R35
1002 SIDESTEP R43
1002 SIDESTEP R54
1002 SIDESTEP R55
1002 SIDESTEP R74
1002 SIDESTEP R77
1003 SIDESTEP R8
1003 PICK 463 R12
1003 SIDESTEP R13
1003 SIDESTEP R17
1003 SIDESTEP R24
1003 PICK 724 R28
1003 SIDESTEP R33
1003 SIDESTEP R45
1003 SIDESTEP R52
1003 PICK 743 R61
1003 DELIVER 656 R76 172
1004 ASSIGN 787 R76 36
1004 SIDESTEP R57
1004 SIDESTEP R63
1005 SIDESTEP R30
1005 SIDESTEP R59
1006 CHARGED R18
1006 ASSIGN 791 R18 20
1006 SIDESTEP R26
1006 DELIVER 617 R27 219
1006 SIDESTEP R71
1007 GO_CHARGE R27 20 1
1007 SIDESTEP R2
1007 SIDESTEP R74
1007 SIDESTEP R77
1008 CHARGED R46
1008 ASSIGN 793 R46 51
1008 SIDESTEP R17
1008 SIDESTEP R33
1008 SIDESTEP R52
1008 DELIVER 567 R67 281
1008 SIDESTEP R75
1009 ASSIGN 798 R67 17
1009 SIDESTEP R45
1009 SIDESTEP R78
1010 SIDESTEP R13
1010 DELIVER 607 R22 236
1010 SIDESTEP R25
1010 SIDESTEP R47
1010 SIDESTEP R50
1010 SIDESTEP R54
1010 SIDESTEP R59
1010 SIDESTEP R72
1011 ASSIGN 801 R22 21
1011 SIDESTEP R5
1011 SIDESTEP R24
1011 SIDESTEP R40
1011 SIDESTEP R64
1012 SIDESTEP R2
1012 SIDESTEP R8
1012 SIDESTEP R20
1012 DELIVER 734 R29 91
1012 PICK 633 R41
1012 SIDESTEP R42
1012 PICK 777 R53
1012 PICK 615 R58
1012 SIDESTEP R62
1012 SIDESTEP R74
1012 SIDESTEP R77
1013 ASSIGN 466 R29 31
1013 SIDESTEP R3
1013 SIDESTEP R17
1013 DELIVER 688 R21 148
1013 SIDESTEP R33
1013 SIDESTEP R38
1013 SIDESTEP R52
1013 SIDESTEP R66
1013 SIDESTEP R67
1014 ASSIGN 468 R21 48
1014 DELIVER 692 R39 145
1014 SIDESTEP R78
1015 GO_CHARGE R39 6 1
1015 SIDESTEP R25
1015 SIDESTEP R45
1015 SIDESTEP R54
1015 SIDESTEP R59
1016 CHARGED R51
1016 ASSIGN 807 R51 35
1016 SIDESTEP R11
1016 SIDESTEP R13
1016 SIDESTEP R24
1016 SIDESTEP R64
1016 SIDESTEP R72
1017 SIDESTEP R2
1017 SIDESTEP R7
1017 SIDESTEP R8
1017 SIDESTEP R50
1017 SIDESTEP R55
1017 SIDESTEP R62
1017 DELIVER 659 R73 183
1017 SIDESTEP R74
1017 SIDESTEP R77
1018 GO_CHARGE R73 24 1
1018 SIDESTEP R3
1018 SIDESTEP R33
1018 PICK 456 R42
1018 SIDESTEP R46
1018 SIDESTEP R49
1018 SIDESTEP R52
1018 PICK 662 R65
1018 SIDESTEP R66
1019 SIDESTEP R14
1019 CHARGE R48
1019 PICK 465 R71
1019 PICK 753 R79
1020 SIDESTEP R25
1020 SIDESTEP R37
1020 SIDESTEP R45
1020 SIDESTEP R59
1021 SIDESTEP R13
1021 SIDESTEP R24
1021 SIDESTEP R64
1022 SIDESTEP R8
1022 SIDESTEP R32
1022 SIDESTEP R40
1022 SIDESTEP R50
1022 SIDESTEP R55
1022 SIDESTEP R57
1022 SIDESTEP R62
1022 SIDESTEP R74
1022 DELIVER 375 R75 538
1022 SIDESTEP R77
1023 GO_CHARGE R75 26 1
1023 SIDESTEP R2
1023 SIDESTEP R3
1023 SIDESTEP R33
1023 SIDESTEP R46
1023 SIDESTEP R52
1023 SIDESTEP R60
1023 SIDESTEP R72
1023 SIDESTEP R78
1024 SIDESTEP R14
1024 SIDESTEP R28
1024 DELIVER 438 R30 460
1024 SIDESTEP R44
1025 ASSIGN 810 R30 31
1025 PICK 791 R18
1025 PICK 786 R20
1025 SIDESTEP R59
1026 CANCEL 671
1026 DELIVER 368 R9 550
1026 SIDESTEP R24
1026 CHARGE R39
1027 ASSIGN 811 R9 41
1027 SIDESTEP R8
1027 SIDESTEP R29
1027 SIDESTEP R40
1027 SIDESTEP R43
1027 SIDESTEP R47
1027 SIDESTEP R50
1027 SIDESTEP R67
1027 SIDESTEP R69
1027 SIDESTEP R74
1028 SIDESTEP R2
1028 SIDESTEP R3
1028 PICK 785 R10
1028 SIDESTEP R16
1028 SIDESTEP R31
1028 SIDESTEP R33
1028 SIDESTEP R34
1028 SIDESTEP R52
1028 SIDESTEP R57
1028 SIDESTEP R62
1028 DELIVER 711 R66 134
1028 DELIVER 382 R70 533
1028 SIDESTEP R72
1028 SIDESTEP R78
1029 ASSIGN 813 R70 26
1029 ASSIGN 816 R66 28
1029 SIDESTEP R14
1029 SIDESTEP R25
1029 DELIVER 464 R37 428
1029 SIDESTEP R38
1029 SIDESTEP R41
1029 SIDESTEP R64
1029 DELIVER 719 R68 124
1029 SIDESTEP R71
1030 GO_CHARGE R37 14 1
1030 GO_CHARGE R68 28 1
1030 DELIVER 460 R1 436
1031 ASSIGN 815 R1 34
1031 DELIVER 722 R0 123
1031 DELIVER 618 R4 243
1031 PICK 801 R22
1031 SIDESTEP R24
1031 SIDESTEP R79
1032 ASSIGN 470 R0 15
1032 GO_CHARGE R4 30 1
1032 SIDESTEP R8
1032 SIDESTEP R36
1032 SIDESTEP R43
1032 SIDESTEP R47
1032 SIDESTEP R50
1032 SIDESTEP R55
1032 DELIVER 743 R61 100
1032 SIDESTEP R67
1032 SIDESTEP R74
1033 ASSIGN 471 R61 54
1033 SIDESTEP R2
1033 SIDESTEP R11
1033 SIDESTEP R16
1033 SIDESTEP R54
1033 SIDESTEP R56
1033 SIDESTEP R69
1033 SIDESTEP R72
1033 SIDESTEP R78
1034 SIDESTEP R14
1034 SIDESTEP R25
1034 SIDESTEP R34
1034 SIDESTEP R44
1034 SIDESTEP R46
1034 SIDESTEP R49
1034 SIDESTEP R64
1034 SIDESTEP R71
1034 SIDESTEP R76
1035 CHARGED R48
1035 ASSIGN 819 R48 9
1035 SIDESTEP R40
1035 SIDESTEP R42
1035 DELIVER 437 R57 473
1036 GO_CHARGE R57 12 1
1036 SIDESTEP R24
1036 SIDESTEP R30
1036 SIDESTEP R70
1037 SIDESTEP R43
1037 SIDESTEP R50
1037 SIDESTEP R67
1037 SIDESTEP R74
1038 SIDESTEP R5
1038 SIDESTEP R15
1038 SIDESTEP R21
1038 SIDESTEP R26
1038 SIDESTEP R32
1038 SIDESTEP R33
1038 SIDESTEP R36
1038 SIDESTEP R69
1038 SIDESTEP R72
1038 SIDESTEP R78
1039 SIDESTEP R2
1039 SIDESTEP R7
1039 PICK 730 R13
1039 SIDESTEP R14
1039 SIDESTEP R25
1039 SIDESTEP R28
1039 SIDESTEP R46
1039 SIDESTEP R56
1039 SIDESTEP R79
1040 CHARGED R39
1040 ASSIGN 820 R39 47
1040 SIDESTEP R23
1040 SIDESTEP R52
1041 SIDESTEP R24
1041 SIDESTEP R38
1041 SIDESTEP R49
1041 SIDESTEP R70
1041 SIDESTEP R71
1042 CHARGE R34
1042 CHARGE R44
1042 SIDESTEP R53
1042 SIDESTEP R67
1042 SIDESTEP R74
1043 REJECT 827
1043 SIDESTEP R15
1043 SIDESTEP R16
1043 SIDESTEP R21
1043 SIDESTEP R26
1043 SIDESTEP R35
1043 SIDESTEP R36
1043 PICK 819 R48
1043 SIDESTEP R73
1043 SIDESTEP R78
1044 CANCEL 817
1044 SIDESTEP R7
1044 SIDESTEP R11
1044 SIDESTEP R25
1044 SIDESTEP R28
1044 SIDESTEP R41
1044 SIDESTEP R56
1044 SIDESTEP R60
1044 DELIVER 662 R65 207
1044 SIDESTEP R66
1044 SIDESTEP R75
1045 GO_CHARGE R65 32 1
1045 SIDESTEP R31
1045 SIDESTEP R43
1045 SIDESTEP R46
1045 SIDESTEP R52
1045 SIDESTEP R55
1045 PICK 787 R76
1045 SIDESTEP R79
1046 PICK 470 R0
1046 SIDESTEP R9
1047 SIDESTEP R17
1047 PICK 524 R45
1047 SIDESTEP R53
1047 SIDESTEP R59
1047 SIDESTEP R67
1047 SIDESTEP R74
1047 SIDESTEP R77
1048 SIDESTEP R16
1048 SIDESTEP R18
1048 SIDESTEP R21
1048 SIDESTEP R26
1048 SIDESTEP R35
1048 SIDESTEP R42
1048 SIDESTEP R54
1048 SIDESTEP R73
1049 SIDESTEP R7
1049 SIDESTEP R11
1049 SIDESTEP R14
1049 SIDESTEP R20
1049 SIDESTEP R25
1049 SIDESTEP R30
1049 SIDESTEP R41
1049 SIDESTEP R56
1049 SIDESTEP R60
1049 SIDESTEP R63
1049 REPORT pending=217 idle=0 to_pickup=25 delivering=42 to_charger=11 charging=2 dead=0 hot=25,24,13
1050 SIDESTEP R33
1050 SIDESTEP R43
1050 SIDESTEP R52
1051 DELIVER 440 R3 485
1051 SIDESTEP R9
1051 DELIVER 463 R12 453
1051 SIDESTEP R13
1051 SIDESTEP R70
1051 SIDESTEP R75
1052 ASSIGN 821 R3 57
1052 GO_CHARGE R12 6 1
1052 DELIVER 410 R32 520
1052 SIDESTEP R67
1052 SIDESTEP R74
1052 SIDESTEP R77
1052 SIDESTEP R79
1053 ASSIGN 822 R32 26
1053 SIDESTEP R16
1053 SIDESTEP R21
1053 SIDESTEP R26
1053 SIDESTEP R35
1053 PICK 642 R47
1053 SIDESTEP R50
1053 SIDESTEP R58
1053 SIDESTEP R73
1054 SIDESTEP R11
1054 SIDESTEP R25
1054 SIDESTEP R27
1054 SIDESTEP R30
1054 SIDESTEP R60
1055 SIDESTEP R20
1055 SIDESTEP R29
1055 DELIVER 414 R38 519
1055 SIDESTEP R43
1056 ASSIGN 823 R38 9
1056 SIDESTEP R7
1056 SIDESTEP R13
1056 PICK 453 R17
1056 DELIVER 639 R62 245
1056 SIDESTEP R64
1056 SIDESTEP R75
1057 ASSIGN 825 R62 54
1057 PICK 705 R19
1057 SIDESTEP R77
1058 CHARGED R34
1058 CHARGED R44
1058 ASSIGN 839 R34 41
1058 ASSIGN 829 R44 39
1058 SIDESTEP R9
1058 SIDESTEP R16
1058 SIDESTEP R21
1058 SIDESTEP R26
1058 PICK 790 R31
1058 SIDESTEP R35
1058 SIDESTEP R39
1058 SIDESTEP R47
1058 SIDESTEP R50
1058 SIDESTEP R56
1058 SIDESTEP R61
1058 SIDESTEP R69
1058 SIDESTEP R73
1059 SIDESTEP R11
1059 SIDESTEP R25
1059 SIDESTEP R27
1059 SIDESTEP R30
1059 PICK 434 R33
1060 SIDESTEP R43
1060 SIDESTEP R65
1061 SIDESTEP R10
1061 SIDESTEP R42
1061 SIDESTEP R45
1061 DELIVER 627 R52 263
1061 DELIVER 777 R53 86
1061 SIDESTEP R60
1061 SIDESTEP R75
1062 ASSIGN 833 R53 54
1062 GO_CHARGE R52 8 1
1062 PICK 751 R6
1062 DELIVER 724 R28 152
1062 SIDESTEP R32
1062 SIDESTEP R54
1063 REJECT 844
1063 ASSIGN 835 R28 35
1063 PICK 449 R5
1063 SIDESTEP R16
1063 SIDESTEP R21
1063 SIDESTEP R26
1063 SIDESTEP R39
1063 SIDESTEP R50
1063 SIDESTEP R56
1063 SIDESTEP R67
1063 DELIVER 590 R69 308
1063 SIDESTEP R73
1063 SIDESTEP R76
1064 ASSIGN 841 R69 47
1064 SIDESTEP R9
1064 SIDESTEP R11
1064 SIDESTEP R25
1064 SIDESTEP R30
1064 SIDESTEP R78
1065 SIDESTEP R22
1065 SIDESTEP R41
1065 SIDESTEP R43
1066 SIDESTEP R42
1066 SIDESTEP R75
1067 PICK 667 R8
1067 DELIVER 785 R10 81
1067 SIDESTEP R49
1067 SIDESTEP R71
1068 GO_CHARGE R10 18 1
1068 DELIVER 786 R20 81
1068 SIDESTEP R32
1068 CHARGE R37
1068 SIDESTEP R45
1068 SIDESTEP R50
1068 SIDESTEP R57
1068 SIDESTEP R66
1068 SIDESTEP R67
1068 SIDESTEP R73
1068 SIDESTEP R76
1069 GO_CHARGE R20 6 1
1069 SIDESTEP R11
1069 SIDESTEP R25
1069 SIDESTEP R28
1070 SIDESTEP R0
1070 DELIVER 423 R2 523
1070 DELIVER 791 R18 78
1070 PICK 823 R38
1070 SIDESTEP R40
1070 SIDESTEP R41
1070 SIDESTEP R43
1070 DELIVER 615 R58 288
1071 ASSIGN 848 R2 34
1071 ASSIGN 842 R18 24
1071 ASSIGN 473 R58 9
1071 SIDESTEP R13
1071 SIDESTEP R75
1072 SIDESTEP R62
1072 SIDESTEP R71
1073 CHARGE R27
1073 SIDESTEP R29
1073 SIDESTEP R32
1073 SIDESTEP R47
1073 SIDESTEP R50
1073 PICK 816 R66
1073 SIDESTEP R70
1073 SIDESTEP R76
1074 SIDESTEP R5
1074 SIDESTEP R11
1074 SIDESTEP R48
1074 PICK 807 R51
1074 DELIVER 687 R63 210
1074 PICK 461 R72
1075 ASSIGN 474 R63 31
1075 SIDESTEP R0
1075 SIDESTEP R34
1075 SIDESTEP R40
1075 SIDESTEP R41
1076 SIDESTEP R13
1076 DELIVER 704 R59 191
1076 SIDESTEP R60
1076 SIDESTEP R75
1077 GO_CHARGE R59 6 1
1077 SIDESTEP R3
1077 PICK 764 R36
1077 SIDESTEP R55
1077 SIDESTEP R62
1077 SIDESTEP R71
1078 SIDESTEP R2
1078 SIDESTEP R16
1078 DELIVER 801 R22 73
1078 SIDESTEP R32
1078 SIDESTEP R35
1078 SIDESTEP R46
1078 SIDESTEP R47
1078 SIDESTEP R50
1078 SIDESTEP R56
1078 CHARGE R68
1078 SIDESTEP R70
1078 SIDESTEP R76
1079 GO_CHARGE R22 6 1
1079 SIDESTEP R5
1079 SIDESTEP R31
1079 DELIVER 434 R33 520
1079 SIDESTEP R54
1079 CHARGE R57
1079 SIDESTEP R67
1080 ASSIGN 853 R33 34
1080 SIDESTEP R0
1080 SIDESTEP R34
1080 SIDESTEP R40
1081 SIDESTEP R13
1081 SIDESTEP R26
1081 SIDESTEP R60
1082 PICK 795 R15
1082 SIDESTEP R45
1082 SIDESTEP R55
1082 PICK 473 R58
1082 SIDESTEP R62
1083 CHARGED R37
1083 ASSIGN 856 R37 61
1083 SIDESTEP R2
1083 SIDESTEP R16
1083 PICK 810 R30
1083 SIDESTEP R32
1083 SIDESTEP R50
1083 SIDESTEP R56
1083 SIDESTEP R76
1084 SIDESTEP R4
1084 SIDESTEP R5
1084 SIDESTEP R21
1084 SIDESTEP R25
1084 SIDESTEP R46
1084 SIDESTEP R54
1084 SIDESTEP R67
1085 SIDESTEP R0
1085 SIDESTEP R36
1085 DELIVER 456 R42 495
1086 GO_CHARGE R42 14 1
1086 SIDESTEP R13
1086 SIDESTEP R18
1086 SIDESTEP R26
1086 SIDESTEP R29
1086 DELIVER 640 R35 273
1086 SIDESTEP R53
1086 SIDESTEP R77
1087 GO_CHARGE R35 6 1
1087 SIDESTEP R45
1088 SIDESTEP R11
1088 CHARGE R12
1088 DELIVER 439 R14 523
1088 SIDESTEP R15
1088 SIDESTEP R56
1088 SIDESTEP R58
1089 ASSIGN 857 R14 18
1089 SIDESTEP R7
1089 SIDESTEP R8
1089 DELIVER 453 R17 506
1089 SIDESTEP R21
1089 SIDESTEP R25
1089 SIDESTEP R46
1089 SIDESTEP R64
1089 SIDESTEP R67
1089 SIDESTEP R71
1089 SIDESTEP R75
1090 CHARGED R27
1090 ASSIGN 864 R27 13
1090 ASSIGN 476 R17 26
1090 SIDESTEP R0
1090 SIDESTEP R1
1090 SIDESTEP R2
1090 SIDESTEP R4
1090 SIDESTEP R5
1090 SIDESTEP R23
1090 SIDESTEP R24
1090 SIDESTEP R41
1090 SIDESTEP R70
1090 SIDESTEP R78
1091 SIDESTEP R13
1091 SIDESTEP R26
1091 DELIVER 701 R49 212
1091 SIDESTEP R54
1091 DELIVER 666 R74 250
1091 DELIVER 753 R79 146
1092 GO_CHARGE R49 20 1
1092 GO_CHARGE R74 32 1
1092 GO_CHARGE R79 14 1
1092 SIDESTEP R3
1092 DELIVER 790 R31 101
1092 DELIVER 823 R38 54
1093 ASSIGN 866 R31 39
1093 ASSIGN 479 R38 28
1093 SIDESTEP R6
1093 SIDESTEP R60
1094 SIDESTEP R21
1094 SIDESTEP R45
1094 SIDESTEP R46
1094 SIDESTEP R51
1094 SIDESTEP R55
1094 PICK 813 R70
1094 SIDESTEP R71
1094 SIDESTEP R73
1094 SIDESTEP R75
1095 CHARGED R57
1095 CHARGED R68
1095 ASSIGN 867 R68 52
1095 ASSIGN 480 R57 28
1095 SIDESTEP R0
1095 SIDESTEP R1
1095 SIDESTEP R2
1095 SIDESTEP R5
1095 PICK 466 R29
1095 SIDESTEP R32
1095 SIDESTEP R41
1095 DELIVER 679 R50 239
1095 SIDESTEP R59
1096 GO_CHARGE R50 12 1
1096 SIDESTEP R26
1096 SIDESTEP R40
1097 DELIVER 589 R7 343
1097 SIDESTEP R13
1098 ASSIGN 482 R7 20
1098 CHARGE R4
1098 SIDESTEP R60
1099 SIDESTEP R11
1099 SIDESTEP R35
1099 SIDESTEP R45
1099 SIDESTEP R47
1099 SIDESTEP R48
1099 SIDESTEP R56
1099 SIDESTEP R73
1099 REPORT pending=232 idle=0 to_pickup=30 delivering=31 to_charger=17 charging=2 dead=0 hot=5,2,8
1100 REJECT 872
1100 SIDESTEP R2
1100 SIDESTEP R18
1100 SIDESTEP R19
1100 SIDESTEP R21
1100 SIDESTEP R41
1100 DELIVER 455 R55 512
1100 SIDESTEP R59
1100 SIDESTEP R63
1101 ASSIGN 873 R55 43
1101 SIDESTEP R10
1101 SIDESTEP R25
1101 SIDESTEP R26
1101 SIDESTEP R40
1101 SIDESTEP R61
1101 DELIVER 816 R66 72
1101 SIDESTEP R70
1101 SIDESTEP R75
1102 GO_CHARGE R66 28 1
1102 SIDESTEP R13
1102 SIDESTEP R14
1102 DELIVER 810 R30 83
1102 DELIVER 644 R43 285
1102 SIDESTEP R51
1103 GO_CHARGE R30 24 1
1103 GO_CHARGE R43 24 1
1103 SIDESTEP R9
1103 SIDESTEP R60
1104 CHARGED R12
1104 ASSIGN 874 R12 52
1104 CHARGE R22
1104 PICK 864 R27
1104 SIDESTEP R47
1104 SIDESTEP R52
1104 SIDESTEP R56
1105 SIDESTEP R16
1105 SIDESTEP R19
1105 SIDESTEP R41
1105 DELIVER 819 R48 71
1105 SIDESTEP R58
1106 ASSIGN 483 R48 37
1106 SIDESTEP R6
1106 SIDESTEP R10
1106 SIDESTEP R20
1106 SIDESTEP R23
1106 SIDESTEP R26
1106 SIDESTEP R40
1106 SIDESTEP R45
1106 CHARGE R65
1106 SIDESTEP R75
1107 SIDESTEP R8
1107 SIDESTEP R13
1107 SIDESTEP R14
1107 SIDESTEP R53
1108 SIDESTEP R1
1108 SIDESTEP R9
1108 SIDESTEP R60
1109 SIDESTEP R39
1109 CHARGE R54
1109 SIDESTEP R64
1110 CHARGE R24
1110 SIDESTEP R41
1110 SIDESTEP R58
1110 SIDESTEP R71
1111 SIDESTEP R6
1111 SIDESTEP R10
1111 SIDESTEP R19
1111 SIDESTEP R20
1111 SIDESTEP R26
1111 SIDESTEP R35
1111 SIDESTEP R40
1111 SIDESTEP R56
1111 SIDESTEP R75
1112 DELIVER 470 R0 502
1112 SIDESTEP R8
1112 SIDESTEP R13
1112 SIDESTEP R51
1112 SIDESTEP R53
1113 CHARGED R4
1113 ASSIGN 880 R4 24
1113 GO_CHARGE R0 30 1
1113 SIDESTEP R2
1113 DELIVER 744 R25 180
1113 PICK 853 R33
1113 SIDESTEP R55
1113 SIDESTEP R61
1114 GO_CHARGE R25 6 1
1114 SIDESTEP R30
1114 SIDESTEP R39
1114 PICK 474 R63
1114 SIDESTEP R64
1115 DELIVER 795 R15 118
1116 GO_CHARGE R15 14 1
1116 SIDESTEP R10
1116 SIDESTEP R19
1116 SIDESTEP R20
1116 SIDESTEP R26
1116 SIDESTEP R35
1116 SIDESTEP R40
1116 SIDESTEP R52
1116 SIDESTEP R56
1116 SIDESTEP R71
1116 SIDESTEP R75
1116 SIDESTEP R76
1117 SIDESTEP R8
1117 SIDESTEP R12
1117 PICK 842 R18
1117 SIDESTEP R45
1117 SIDESTEP R46
1117 SIDESTEP R51
1117 SIDESTEP R53
1117 SIDESTEP R62
1118 PICK 482 R7
1118 SIDESTEP R21
1118 SIDESTEP R61
1118 PICK 798 R67
1119 CHARGED R22
1119 ASSIGN 886 R22 53
1119 SIDESTEP R38
1119 SIDESTEP R39
1119 DELIVER 633 R41 314
1119 SIDESTEP R49
1119 CHARGE R59
1119 SIDESTEP R64
1120 GO_CHARGE R41 6 1
1120 DELIVER 686 R11 257
1120 DELIVER 813 R70 96
1121 CANCEL 868
1121 ASSIGN 881 R11 33
1121 GO_CHARGE R70 6 1
1121 SIDESTEP R40
1121 SIDESTEP R75
1122 CHARGED R65
1122 ASSIGN 885 R65 21
1122 SIDESTEP R6
1122 SIDESTEP R8
1122 SIDESTEP R19
1122 SIDESTEP R34
1122 DELIVER 764 R36 163
1122 SIDESTEP R45
1122 SIDESTEP R46
1122 SIDESTEP R52
1122 SIDESTEP R60
1122 DELIVER 514 R78 459
1123 ASSIGN 888 R36 23
1123 GO_CHARGE R78 6 1
1123 SIDESTEP R21
1123 SIDESTEP R26
1123 SIDESTEP R61
1123 PICK 765 R77
1124 PICK 815 R1
1124 SIDESTEP R3
1124 PICK 857 R14
1124 SIDESTEP R17
1124 SIDESTEP R30
1124 PICK 822 R32
1124 SIDESTEP R39
1124 SIDESTEP R49
1124 SIDESTEP R51
1124 SIDESTEP R64
1125 CHARGED R54
1125 ASSIGN 891 R54 40
1125 PICK 829 R44
1126 CHARGED R24
1126 ASSIGN 484 R24 14
1126 SIDESTEP R23
1126 PICK 835 R28
1126 DELIVER 642 R47 311
1126 DELIVER 798 R67 124
1126 SIDESTEP R74
1126 SIDESTEP R75
1127 GO_CHARGE R47 22 1
1127 GO_CHARGE R67 16 1
1127 SIDESTEP R6
1127 PICK 479 R38
1127 DELIVER 473 R58 514
1127 SIDESTEP R71
1128 ASSIGN 486 R58 46
1128 CHARGE R10
1128 SIDESTEP R18
1128 SIDESTEP R52
1128 SIDESTEP R60
1128 SIDESTEP R61
1128 SIDESTEP R73
1129 SIDESTEP R3
1129 DELIVER 730 R13 213
1129 SIDESTEP R19
1129 SIDESTEP R33
1129 SIDESTEP R37
1129 SIDESTEP R39
1129 SIDESTEP R46
1129 SIDESTEP R51
1129 SIDESTEP R64
1130 ASSIGN 896 R13 45
1130 SIDESTEP R57
1130 DELIVER 461 R72 534
1130 SIDESTEP R78
1131 GO_CHARGE R72 6 1
1131 SIDESTEP R31
1132 REJECT 899
1132 SIDESTEP R5
1132 SIDESTEP R11
1132 SIDESTEP R23
1133 CHARGED R59
1133 ASSIGN 897 R59 30
1133 SIDESTEP R18
1133 SIDESTEP R52
1133 SIDESTEP R60
1133 SIDESTEP R61
1133 DELIVER 474 R63 519
1134 GO_CHARGE R63 6 1
1134 SIDESTEP R3
1134 SIDESTEP R8
1134 CHARGE R20
1134 SIDESTEP R27
1134 SIDESTEP R30
1134 SIDESTEP R41
1134 SIDESTEP R46
1134 SIDESTEP R51
1135 PICK 811 R9
1135 PICK 476 R17
1135 SIDESTEP R21
1135 SIDESTEP R49
1136 DELIVER 857 R14 55
1136 SIDESTEP R16
1136 SIDESTEP R50
1137 ASSIGN 902 R14 40
1137 SIDESTEP R5
1137 DELIVER 811 R9 115
1137 SIDESTEP R53
1137 PICK 841 R69
1137 SIDESTEP R79
1138 ASSIGN 487 R9 25
1138 SIDESTEP R18
1138 SIDESTEP R23
1138 SIDESTEP R52
1138 SIDESTEP R75
1139 SIDESTEP R3
1139 SIDESTEP R22
1139 SIDESTEP R26
1139 SIDESTEP R27
1139 SIDESTEP R41
1139 SIDESTEP R46
1139 SIDESTEP R61
1139 SIDESTEP R66
1140 SIDESTEP R11
1141 PICK 820 R39
1141 SIDESTEP R55
1142 SIDESTEP R0
1142 PICK 880 R4
1142 DELIVER 466 R29 537
1142 SIDESTEP R43
1142 PICK 885 R65
1143 ASSIGN 903 R29 24
1143 SIDESTEP R18
1143 SIDESTEP R23
1143 PICK 839 R34
1143 SIDESTEP R48
1143 SIDESTEP R52
1143 PICK 480 R57
1143 SIDESTEP R62
1143 SIDESTEP R75
1144 CHARGED R10
1144 ASSIGN 907 R10 16
1144 SIDESTEP R3
1144 SIDESTEP R15
1144 SIDESTEP R26
1144 SIDESTEP R41
1144 SIDESTEP R46
1144 SIDESTEP R53
1144 SIDESTEP R56
1144 SIDESTEP R66
1144 SIDESTEP R70
1145 SIDESTEP R11
1145 SIDESTEP R50
1145 SIDESTEP R64
1145 SIDESTEP R73
1145 DELIVER 765 R77 184
1146 GO_CHARGE R77 18 1
1146 PICK 888 R36
1147 CHARGE R23
1147 PICK 866 R31
1147 SIDESTEP R43
1148 DELIVER 835 R28 95
1148 SIDESTEP R33
1148 SIDESTEP R52
1148 SIDESTEP R75
1149 ASSIGN 912 R28 18
1149 SIDESTEP R26
1149 SIDESTEP R42
1149 SIDESTEP R56
1149 SIDESTEP R66
1149 SIDESTEP R70
1149 SIDESTEP R78
1149 REPORT pending=253 idle=0 to_pickup=25 delivering=30 to_charger=23 charging=2 dead=0 hot=4,2,12
1150 CHARGED R20
1150 ASSIGN 490 R20 31
1150 CHARGE R35
1150 SIDESTEP R47
1150 SIDESTEP R50
1150 SIDESTEP R61
1150 SIDESTEP R62
1150 SIDESTEP R64
1150 SIDESTEP R67
1150 PICK 867 R68
1151 SIDESTEP R27
1151 SIDESTEP R60
1151 SIDESTEP R71
1152 DELIVER 624 R16 358
1152 SIDESTEP R43
1152 SIDESTEP R46
1152 CHARGE R52
1152 SIDESTEP R63
1152 CHARGE R74
1153 GO_CHARGE R16 6 1
1153 SIDESTEP R33
1153 SIDESTEP R39
1153 SIDESTEP R51
1154 SIDESTEP R19
1154 SIDESTEP R26
1154 SIDESTEP R76
1155 PICK 848 R2
1155 PICK 484 R24
1155 SIDESTEP R47
1155 SIDESTEP R49
1155 SIDESTEP R50
1155 SIDESTEP R53
1155 SIDESTEP R56
1155 SIDESTEP R61
1155 SIDESTEP R62
1155 SIDESTEP R64
1155 SIDESTEP R78
1156 SIDESTEP R0
1156 SIDESTEP R13
1156 SIDESTEP R27
1156 SIDESTEP R31
1156 SIDESTEP R42
1156 SIDESTEP R60
1156 SIDESTEP R66
1156 SIDESTEP R75
1157 SIDESTEP R11
1157 SIDESTEP R20
1157 SIDESTEP R46
1157 SIDESTEP R63
1157 SIDESTEP R77
1158 SIDESTEP R39
1158 SIDESTEP R51
1159 PICK 907 R10
1159 PICK 874 R12
1159 SIDESTEP R76
1160 SIDESTEP R32
1160 SIDESTEP R49
1160 SIDESTEP R50
1160 SIDESTEP R56
1160 SIDESTEP R61
1160 SIDESTEP R64
1160 SIDESTEP R78
1161 SIDESTEP R0
1161 SIDESTEP R13
1161 SIDESTEP R25
1161 SIDESTEP R42
1161 DELIVER 524 R45 486
1161 SIDESTEP R60
1162 ASSIGN 919 R45 27
1162 SIDESTEP R11
1162 SIDESTEP R29
1162 SIDESTEP R66
1163 CHARGED R23
1163 ASSIGN 922 R23 16
1163 DELIVER 449 R5 585
1163 PICK 487 R9
1163 SIDESTEP R19
1163 SIDESTEP R27
1163 SIDESTEP R39
1163 SIDESTEP R43
1163 SIDESTEP R63
1164 CHARGED R35
1164 ASSIGN 924 R35 24
1164 ASSIGN 926 R5 37
1164 SIDESTEP R1
1164 SIDESTEP R3
1164 SIDESTEP R40
1164 CHARGE R41
1164 DELIVER 829 R44 118
1164 PICK 891 R54
1164 SIDESTEP R76
1164 SIDESTEP R79
1165 ASSIGN 927 R44 45
1165 SIDESTEP R32
1165 SIDESTEP R47
1165 DELIVER 480 R57 544
1165 SIDESTEP R64
1166 ASSIGN 491 R57 37
1166 SIDESTEP R13
1166 PICK 856 R37
1167 CHARGED R52
1167 ASSIGN 493 R52 22
1167 SIDESTEP R0
1167 SIDESTEP R29
1167 SIDESTEP R62
1167 SIDESTEP R67
1167 CHARGE R73
1167 SIDESTEP R78
1168 SIDESTEP R18
1168 SIDESTEP R33
1168 DELIVER 479 R38 548
1168 SIDESTEP R39
1168 SIDESTEP R43
1168 SIDESTEP R66
1169 GO_CHARGE R38 8 1
1169 SIDESTEP R1
1169 SIDESTEP R3
1169 SIDESTEP R11
1169 SIDESTEP R36
1169 PICK 636 R40
1169 SIDESTEP R65
1170 CHARGED R74
1170 ASSIGN 930 R74 23
1170 DELIVER 667 R8 328
1170 DELIVER 476 R17 554
1170 SIDESTEP R32
1170 SIDESTEP R47
1170 SIDESTEP R58
1170 SIDESTEP R64
1171 GO_CHARGE R8 10 1
1171 GO_CHARGE R17 32 1
1171 SIDESTEP R13
1172 SIDESTEP R0
1172 SIDESTEP R29
1172 PICK 483 R48
1172 SIDESTEP R53
1172 SIDESTEP R57
1172 SIDESTEP R67
1172 SIDESTEP R78
1173 SIDESTEP R25
1173 SIDESTEP R39
1173 SIDESTEP R66
1173 SIDESTEP R72
1174 SIDESTEP R1
1174 SIDESTEP R3
1174 DELIVER 856 R37 94
1174 SIDESTEP R50
1174 PICK 873 R55
1175 ASSIGN 934 R37 63
1175 SIDESTEP R32
1175 SIDESTEP R64
1176 PICK 902 R14
1176 SIDESTEP R15
1176 SIDESTEP R18
1176 SIDESTEP R65
1176 DELIVER 465 R71 573
1177 GO_CHARGE R71 6 1
1177 SIDESTEP R11
1177 SIDESTEP R24
1177 SIDESTEP R29
1177 SIDESTEP R40
1177 SIDESTEP R78
1178 SIDESTEP R0
1178 SIDESTEP R16
1178 PICK 922 R23
1178 SIDESTEP R39
1178 SIDESTEP R52
1178 SIDESTEP R67
1178 SIDESTEP R72
1179 CHARGED R41
1179 ASSIGN 931 R41 42
1179 SIDESTEP R1
1179 SIDESTEP R3
1179 SIDESTEP R25
1179 SIDESTEP R27
1179 SIDESTEP R46
1179 SIDESTEP R50
1179 SIDESTEP R63
1179 CHARGE R70
1180 DELIVER 751 R6 239
1180 SIDESTEP R13
1180 SIDESTEP R32
1180 PICK 486 R58
1180 SIDESTEP R64
1181 GO_CHARGE R6 14 1
1181 SIDESTEP R34
1181 DELIVER 444 R60 611
1182 GO_CHARGE R60 24 1
1182 SIDESTEP R17
1182 SIDESTEP R29
1182 SIDESTEP R40
1182 DELIVER 867 R68 88
1183 CHARGED R73
1183 ASSIGN 941 R68 13
1183 ASSIGN 932 R73 45
1183 SIDESTEP R18
1183 SIDESTEP R39
1183 SIDESTEP R52
1183 SIDESTEP R67
1184 SIDESTEP R1
1184 SIDESTEP R5
1184 SIDESTEP R25
1184 SIDESTEP R26
1184 SIDESTEP R27
1184 SIDESTEP R49
1184 SIDESTEP R56
1184 SIDESTEP R78
1185 SIDESTEP R13
1185 SIDESTEP R47
1185 SIDESTEP R63
1185 SIDESTEP R72
1185 CHARGE R79
1186 SIDESTEP R34
1186 SIDESTEP R50
1186 SIDESTEP R74
1187 SIDESTEP R29
1187 SIDESTEP R40
1187 SIDESTEP R42
1187 SIDESTEP R46
1187 SIDESTEP R53
1187 SIDESTEP R62
1187 SIDESTEP R73
1188 SIDESTEP R18
1188 DELIVER 705 R19 302
1188 CHARGE R30
1188 SIDESTEP R35
1188 SIDESTEP R39
1189 GO_CHARGE R19 6 1
1189 SIDESTEP R1
1189 SIDESTEP R11
1189 SIDESTEP R25
1189 PICK 919 R45
1189 SIDESTEP R77
1190 SIDESTEP R0
1190 SIDESTEP R13
1190 SIDESTEP R47
1190 SIDESTEP R49
1191 SIDESTEP R27
1191 SIDESTEP R34
1191 SIDESTEP R44
1191 SIDESTEP R48
1191 SIDESTEP R50
1191 PICK 471 R61
1191 SIDESTEP R74
1192 SIDESTEP R29
1192 SIDESTEP R40
1192 SIDESTEP R42
1192 SIDESTEP R43
1192 SIDESTEP R62
1192 SIDESTEP R63
1192 SIDESTEP R64
1193 CHARGED R70
1193 ASSIGN 943 R70 30
1193 SIDESTEP R7
1193 DELIVER 484 R24 567
1193 PICK 912 R28
1193 SIDESTEP R38
1193 DELIVER 891 R54 71
1193 CHARGE R72
1193 SIDESTEP R75
1194 ASSIGN 945 R24 28
1194 ASSIGN 949 R54 3
1194 SIDESTEP R1
1194 SIDESTEP R5
1194 SIDESTEP R11
1194 SIDESTEP R12
1194 SIDESTEP R25
1195 SIDESTEP R9
1195 PICK 468 R21
1195 SIDESTEP R31
1195 SIDESTEP R56
1196 SIDESTEP R34
1196 SIDESTEP R48
1196 SIDESTEP R49
1196 DELIVER 807 R51 180
1196 PICK 949 R54
1196 SIDESTEP R60
1196 SIDESTEP R74
1197 ASSIGN 494 R51 27
1197 SIDESTEP R22
1197 SIDESTEP R42
1197 SIDESTEP R43
1197 SIDESTEP R50
1197 SIDESTEP R62
1197 SIDESTEP R63
1197 SIDESTEP R64
1197 SIDESTEP R67
1198 SIDESTEP R38
1198 SIDESTEP R55
1198 SIDESTEP R66
1199 SIDESTEP R1
1199 SIDESTEP R11
1199 SIDESTEP R36
1199 DELIVER 820 R39 164
1199 DELIVER 841 R69 139
1199 REPORT pending=278 idle=2 to_pickup=23 delivering=30 to_charger=22 charging=3 dead=0 hot=4,1,12
1200 CANCEL 895
1200 ASSIGN 954 R39 35
1200 ASSIGN 495 R69 50
1200 SIDESTEP R9
1200 SIDESTEP R18
1200 SIDESTEP R25
1200 SIDESTEP R31
1200 DELIVER 853 R33 123
1200 SIDESTEP R56
1201 CHARGED R79
1201 ASSIGN 957 R79 23
1201 GO_CHARGE R33 6 1
1201 SIDESTEP R20
1201 SIDESTEP R34
1201 SIDESTEP R48
1201 PICK 493 R52
1202 CHARGE R15
1202 SIDESTEP R42
1202 SIDESTEP R49
1202 SIDESTEP R50
1202 SIDESTEP R62
1202 SIDESTEP R63
1202 SIDESTEP R64
1202 SIDESTEP R67
1202 SIDESTEP R78
1203 CHARGED R30
1203 ASSIGN 959 R30 23
1203 DELIVER 457 R26 612
1203 DELIVER 912 R28 55
1203 SIDESTEP R32
1203 PICK 924 R35
1203 PICK 897 R59
1203 PICK 941 R68
1203 SIDESTEP R71
1204 ASSIGN 496 R28 21
1204 GO_CHARGE R26 6 1
1204 SIDESTEP R1
1204 SIDESTEP R2
1204 DELIVER 864 R27 114
1205 ASSIGN 961 R27 18
1205 SIDESTEP R11
1205 SIDESTEP R14
1205 SIDESTEP R18
1205 SIDESTEP R31
1205 PICK 833 R53
1205 SIDESTEP R60
1206 SIDESTEP R20
1206 SIDESTEP R34
1206 SIDESTEP R36
1206 SIDESTEP R38
1206 SIDESTEP R51
1206 SIDESTEP R56
1206 DELIVER 787 R76 218
1207 GO_CHARGE R76 24 1
1207 SIDESTEP R3
1207 SIDESTEP R6
1207 SIDESTEP R42
1207 SIDESTEP R49
1207 SIDESTEP R62
1207 CHARGE R66
1207 SIDESTEP R70
1207 SIDESTEP R75
1207 SIDESTEP R78
1208 CHARGED R72
1208 ASSIGN 497 R72 71
1208 SIDESTEP R0
1208 SIDESTEP R13
1208 CHARGE R50
1208 SIDESTEP R71
1209 SIDESTEP R1
1209 CHARGE R16
1209 PICK 903 R29
1210 SIDESTEP R14
1210 SIDESTEP R31
1210 SIDESTEP R67
1210 PICK 930 R74
1211 SIDESTEP R20
1211 DELIVER 922 R23 51
1211 SIDESTEP R36
1211 SIDESTEP R40
1212 ASSIGN 967 R23 44
1212 SIDESTEP R6
1212 SIDESTEP R7
1212 SIDESTEP R39
1212 SIDESTEP R42
1212 SIDESTEP R49
1212 SIDESTEP R57
1212 SIDESTEP R62
1212 SIDESTEP R78
1213 PICK 926 R5
1213 SIDESTEP R13
1213 SIDESTEP R71
1214 SIDESTEP R1
1214 SIDESTEP R8
1215 SIDESTEP R31
1215 SIDESTEP R47
1215 SIDESTEP R67
1216 SIDESTEP R0
1216 SIDESTEP R20
1216 DELIVER 468 R21 608
1216 SIDESTEP R34
1216 SIDESTEP R36
1216 SIDESTEP R40
1216 PICK 491 R57
1216 SIDESTEP R73
1217 GO_CHARGE R21 6 1
1217 SIDESTEP R9
1217 SIDESTEP R42
1217 SIDESTEP R43
1217 SIDESTEP R62
1217 SIDESTEP R72
1217 SIDESTEP R78
1217 SIDESTEP R79
1218 SIDESTEP R13
1218 SIDESTEP R38
1218 CHARGE R49
1219 CHARGED R15
1219 ASSIGN 970 R15 21
1219 SIDESTEP R1
1219 SIDESTEP R48
1219 DELIVER 493 R52 582
1219 DELIVER 949 R54 27
1219 SIDESTEP R77
1220 ASSIGN 974 R54 7
1220 ASSIGN 972 R52 39
1220 SIDESTEP R24
1220 SIDESTEP R31
1220 SIDESTEP R41
1220 SIDESTEP R47
1220 SIDESTEP R67
1220 SIDESTEP R70
1221 SIDESTEP R0
1221 SIDESTEP R17
1221 SIDESTEP R26
1221 SIDESTEP R34
1221 SIDESTEP R36
1221 SIDESTEP R40
1221 SIDESTEP R58
1221 DELIVER 885 R65 106
1221 SIDESTEP R73
1222 ASSIGN 500 R65 14
1222 PICK 961 R27
1222 SIDESTEP R35
1222 SIDESTEP R42
1222 SIDESTEP R75
1222 SIDESTEP R78
1223 CHARGED R66
1223 ASSIGN 976 R66 14
1223 SIDESTEP R13
1224 CHARGED R50
1224 ASSIGN 501 R50 58
1224 SIDESTEP R1
1225 CHARGED R16
1225 ASSIGN 503 R16 35
1225 SIDESTEP R23
1225 SIDESTEP R24
1225 SIDESTEP R31
1225 SIDESTEP R41
1225 SIDESTEP R43
1225 SIDESTEP R47
1225 SIDESTEP R67
1226 SIDESTEP R0
1226 SIDESTEP R17
1226 SIDESTEP R26
1226 DELIVER 903 R29 87
1226 SIDESTEP R34
1226 SIDESTEP R36
1226 SIDESTEP R38
1226 PICK 974 R54
1226 SIDESTEP R58
1226 SIDESTEP R73
1227 ASSIGN 979 R29 12
1227 SIDESTEP R14
1227 SIDESTEP R28
1227 DELIVER 471 R61 616
1227 SIDESTEP R70
1227 SIDESTEP R71
1227 SIDESTEP R75
1228 GO_CHARGE R61 12 1
1228 SIDESTEP R8
1228 SIDESTEP R13
1228 SIDESTEP R19
1228 SIDESTEP R32
1229 SIDESTEP R1
1229 PICK 959 R30
1229 SIDESTEP R51
1229 DELIVER 748 R56 292
1230 GO_CHARGE R56 28 1
1230 SIDESTEP R3
1230 SIDESTEP R24
1230 SIDESTEP R31
1230 SIDESTEP R41
1230 SIDESTEP R67
1230 SIDESTEP R72
1231 DELIVER 907 R10 88
1231 SIDESTEP R29
1231 SIDESTEP R36
1231 SIDESTEP R58
1231 SIDESTEP R62
1231 SIDESTEP R76
1231 PICK 957 R79
1232 ASSIGN 983 R10 53
1232 SIDESTEP R0
1232 PICK 821 R3
1232 SIDESTEP R14
1232 DELIVER 842 R18 171
1232 SIDESTEP R71
1232 SIDESTEP R75
1233 ASSIGN 981 R18 15
1233 SIDESTEP R8
1233 PICK 927 R44
1233 DELIVER 873 R55 132
1233 SIDESTEP R57
1233 SIDESTEP R60
1234 CHARGED R49
1234 ASSIGN 978 R49 33
1234 GO_CHARGE R55 20 1
1234 SIDESTEP R1
1234 SIDESTEP R26
1234 SIDESTEP R38
1234 PICK 793 R46
1234 SIDESTEP R52
1235 SIDESTEP R5
1235 SIDESTEP R24
1235 SIDESTEP R31
1235 SIDESTEP R41
1235 SIDESTEP R50
1235 SIDESTEP R51
1235 PICK 500 R65
1235 SIDESTEP R67
1236 SIDESTEP R10
1236 PICK 886 R22
1236 SIDESTEP R36
1236 DELIVER 919 R45 80
1236 SIDESTEP R58
1236 SIDESTEP R62
1236 SIDESTEP R64
1236 PICK 976 R66
1236 SIDESTEP R76
1237 GO_CHARGE R45 32 1
1237 DELIVER 848 R2 168
1237 SIDESTEP R71
1238 GO_CHARGE R2 6 1
1238 SIDESTEP R0
1238 SIDESTEP R48
1238 SIDESTEP R60
1238 SIDESTEP R69
1238 SIDESTEP R75
1238 SIDESTEP R79
1239 SIDESTEP R1
1239 PICK 970 R15
1239 PICK 490 R20
1239 SIDESTEP R26
1239 SIDESTEP R38
1239 SIDESTEP R52
1240 SIDESTEP R4
1240 SIDESTEP R19
1240 SIDESTEP R33
1240 SIDESTEP R41
1240 SIDESTEP R50
1241 SIDESTEP R31
1241 SIDESTEP R36
1241 SIDESTEP R58
1241 SIDESTEP R62
1241 SIDESTEP R76
1241 SIDESTEP R77
1242 PICK 979 R29
1242 SIDESTEP R43
1242 SIDESTEP R57
1242 SIDESTEP R64
1242 SIDESTEP R68
1242 SIDESTEP R71
1243 DELIVER 839 R34 185
1243 PICK 934 R37
1243 SIDESTEP R48
1243 SIDESTEP R69
1243 PICK 943 R70
1243 SIDESTEP R79
1244 ASSIGN 982 R34 17
1244 SIDESTEP R1
1244 DELIVER 874 R12 142
1244 SIDESTEP R26
1244 SIDESTEP R38
1244 PICK 954 R39
1244 PICK 494 R51
1245 ASSIGN 984 R12 42
1245 SIDESTEP R4
1245 SIDESTEP R19
1245 SIDESTEP R49
1245 SIDESTEP R50
1246 SIDESTEP R0
1246 SIDESTEP R36
1246 SIDESTEP R52
1246 SIDESTEP R55
1246 SIDESTEP R58
1246 CHARGE R67
1246 SIDESTEP R74
1247 PICK 981 R18
1247 SIDESTEP R21
1247 SIDESTEP R24
1247 SIDESTEP R33
1247 SIDESTEP R68
1248 SIDESTEP R6
1248 PICK 881 R11
1248 SIDESTEP R43
1248 SIDESTEP R48
1248 SIDESTEP R64
1248 SIDESTEP R69
1249 SIDESTEP R26
1249 REPORT pending=300 idle=0 to_pickup=16 delivering=38 to_charger=25 charging=1 dead=0 hot=5,2,12
1250 SIDESTEP R4
1250 DELIVER 902 R14 114
1250 SIDESTEP R19
1250 PICK 496 R28
1250 SIDESTEP R49
1250 SIDESTEP R50
1250 SIDESTEP R66
1251 GO_CHARGE R14 24 1
1251 SIDESTEP R0
1251 SIDESTEP R8
1251 SIDESTEP R47
1251 SIDESTEP R55
1252 SIDESTEP R24
1252 SIDESTEP R33
1252 SIDESTEP R40
1252 SIDESTEP R41
1253 SIDESTEP R3
1253 SIDESTEP R6
1253 SIDESTEP R27
1253 SIDESTEP R48
1253 SIDESTEP R52
1253 SIDESTEP R69
1254 SIDESTEP R26
1254 SIDESTEP R58
1254 SIDESTEP R64
1255 SIDESTEP R4
1255 PICK 896 R13
1255 SIDESTEP R19
1255 SIDESTEP R38
1255 CHARGE R43
1255 DELIVER 927 R44 90
1256 ASSIGN 999 R44 35
1256 SIDESTEP R0
1256 DELIVER 926 R5 92
1256 SIDESTEP R8
1256 SIDESTEP R29
1256 SIDESTEP R37
1256 SIDESTEP R47
1256 SIDESTEP R55
1256 SIDESTEP R75
1257 GO_CHARGE R5 6 1
1257 SIDESTEP R21
1257 DELIVER 959 R30 54
1257 SIDESTEP R41
1257 SIDESTEP R59
1257 SIDESTEP R66
1257 SIDESTEP R71
1258 ASSIGN 1002 R30 50
1258 SIDESTEP R1
1258 SIDESTEP R6
1258 SIDESTEP R27
1258 SIDESTEP R48
1258 SIDESTEP R52
1258 SIDESTEP R57
1258 SIDESTEP R68
1258 SIDESTEP R69
1259 CHARGE R17
1259 SIDESTEP R51
1259 SIDESTEP R58
1260 SIDESTEP R3
1260 SIDESTEP R14
1260 SIDESTEP R38
1260 SIDESTEP R64
1261 CHARGED R67
1261 ASSIGN 987 R67 46
1261 SIDESTEP R8
1261 SIDESTEP R29
1261 DELIVER 866 R31 168
1261 SIDESTEP R37
1261 SIDESTEP R47
1261 SIDESTEP R74
1262 GO_CHARGE R31 16 1
1262 SIDESTEP R19
1262 SIDESTEP R21
1262 SIDESTEP R26
1262 SIDESTEP R59
1262 SIDESTEP R60
1262 SIDESTEP R62
1262 SIDESTEP R66
1262 SIDESTEP R71
1263 SIDESTEP R1
1263 SIDESTEP R6
1263 SIDESTEP R13
1263 SIDESTEP R27
1263 DELIVER 924 R35 101
1263 SIDESTEP R48
1263 SIDESTEP R50
1263 SIDESTEP R52
1263 SIDESTEP R55
1263 SIDESTEP R68
1263 SIDESTEP R69
1264 ASSIGN 988 R35 46
1264 SIDESTEP R51
1264 DELIVER 833 R53 213
1264 SIDESTEP R58
1265 GO_CHARGE R53 6 1
1265 SIDESTEP R3
1265 DELIVER 880 R4 155
1265 DELIVER 822 R32 228
1265 SIDESTEP R34
1265 SIDESTEP R36
1265 SIDESTEP R38
1266 ASSIGN 1009 R4 13
1266 GO_CHARGE R32 24 1
1266 SIDESTEP R29
1266 SIDESTEP R37
1266 SIDESTEP R44
1266 SIDESTEP R47
1266 SIDESTEP R54
1266 SIDESTEP R61
1266 SIDESTEP R64
1266 SIDESTEP R74
1266 SIDESTEP R77
1267 SIDESTEP R8
1267 DELIVER 487 R9 638
1267 SIDESTEP R21
1267 SIDESTEP R42
1267 SIDESTEP R59
1267 SIDESTEP R60
1267 SIDESTEP R71
1268 CANCEL 932
1268 ASSIGN 989 R73 17
1268 GO_CHARGE R9 24 1
1268 SIDESTEP R7
1268 PICK 967 R23
1268 SIDESTEP R26
1268 SIDESTEP R27
1268 SIDESTEP R50
1268 SIDESTEP R52
1268 SIDESTEP R55
1268 DEAD R60
1268 SIDESTEP R68
1268 DELIVER 957 R79 67
1269 ASSIGN 992 R79 19
1269 SIDESTEP R0
1269 SIDESTEP R20
1269 SIDESTEP R51
1269 SIDESTEP R58
1270 SIDESTEP R3
1270 SIDESTEP R34
1270 SIDESTEP R36
1270 SIDESTEP R41
1271 SIDESTEP R2
1271 SIDESTEP R29
1271 SIDESTEP R37
1271 SIDESTEP R44
1271 SIDESTEP R49
1271 SIDESTEP R54
1271 SIDESTEP R77
1272 CHARGED R43
1272 ASSIGN 1011 R43 49
1272 SIDESTEP R12
1272 SIDESTEP R38
1272 SIDESTEP R59
1272 SIDESTEP R64
1272 SIDESTEP R71
1272 SIDESTEP R72
1273 SIDESTEP R27
1273 SIDESTEP R52
1273 SIDESTEP R55
1273 PICK 825 R62
1273 SIDESTEP R68
1274 SIDESTEP R0
1274 SIDESTEP R20
1274 SIDESTEP R26
1274 SIDESTEP R51
1274 SIDESTEP R58
1274 SIDESTEP R61
1274 SIDESTEP R75
1275 CHARGED R17
1275 ASSIGN 994 R17 36
1275 SIDESTEP R3
1275 SIDESTEP R19
1275 SIDESTEP R21
1276 SIDESTEP R8
1276 SIDESTEP R48
1276 SIDESTEP R49
1276 CHARGE R75
1277 SIDESTEP R12
1277 SIDESTEP R38
1277 SIDESTEP R40
1277 SIDESTEP R59
1277 SIDESTEP R71
1277 SIDESTEP R72
1278 SIDESTEP R1
1278 PICK 1009 R4
1278 SIDESTEP R27
1278 SIDESTEP R29
1278 SIDESTEP R54
1278 SIDESTEP R64
1279 SIDESTEP R51
1279 SIDESTEP R58
1279 DELIVER 500 R65 634
1280 ASSIGN 996 R65 54
1280 SIDESTEP R3
1280 DELIVER 482 R7 657
1280 SIDESTEP R19
1280 SIDESTEP R20
1280 SIDESTEP R21
1280 SIDESTEP R26
1280 SIDESTEP R30
1280 SIDESTEP R62
1281 ASSIGN 1007 R7 12
1281 SIDESTEP R8
1281 SIDESTEP R48
1281 SIDESTEP R49
1282 SIDESTEP R12
1282 SIDESTEP R22
1282 SIDESTEP R34
1282 SIDESTEP R37
1282 SIDESTEP R40
1282 PICK 931 R41
1282 SIDESTEP R47
1282 SIDESTEP R59
1282 SIDESTEP R73
1282 SIDESTEP R77
1283 SIDESTEP R0
1283 SIDESTEP R1
1283 SIDESTEP R2
1283 SIDESTEP R27
1283 SIDESTEP R38
1283 SIDESTEP R56
1283 SIDESTEP R66
1284 DELIVER 896 R13 155
1284 PICK 945 R24
1284 SIDESTEP R42
1284 SIDESTEP R55
1284 SIDESTEP R58
1284 SIDESTEP R64
1285 GO_CHARGE R13 6 1
1285 SIDESTEP R3
1285 SIDESTEP R19
1285 SIDESTEP R20
1285 SIDESTEP R21
1285 SIDESTEP R30
1286 SIDESTEP R8
1286 SIDESTEP R26
1286 SIDESTEP R48
1287 DELIVER 1009 R4 22
1287 SIDESTEP R12
1287 SIDESTEP R34
1287 SIDESTEP R37
1287 SIDESTEP R59
1287 SIDESTEP R77
1288 ASSIGN 1025 R4 24
1288 SIDESTEP R0
1288 SIDESTEP R2
1288 DELIVER 793 R46 294
1288 SIDESTEP R61
1288 SIDESTEP R66
1288 SIDESTEP R73
1289 ASSIGN 1005 R46 8
1289 SIDESTEP R1
1289 SIDESTEP R29
1289 SIDESTEP R36
1289 SIDESTEP R38
1289 SIDESTEP R42
1289 SIDESTEP R43
1289 SIDESTEP R58
1289 SIDESTEP R71
1290 SIDESTEP R3
1290 SIDESTEP R5
1290 PICK 983 R10
1290 SIDESTEP R17
1290 DELIVER 981 R18 61
1290 SIDESTEP R19
1290 SIDESTEP R20
1290 SIDESTEP R21
1290 SIDESTEP R30
1290 SIDESTEP R64
1291 ASSIGN 1010 R18 46
1291 SIDESTEP R62
1291 SIDESTEP R70
1292 SIDESTEP R15
1292 SIDESTEP R26
1292 DELIVER 491 R57 657
1292 SIDESTEP R59
1292 SIDESTEP R72
1293 ASSIGN 1020 R57 51
1293 SIDESTEP R0
1293 SIDESTEP R2
1293 SIDESTEP R39
1293 SIDESTEP R73
1294 CHARGED R75
1294 ASSIGN 1023 R75 49
1294 SIDESTEP R1
1294 DELIVER 886 R22 178
1294 SIDESTEP R34
1294 SIDESTEP R38
1294 SIDESTEP R42
1294 SIDESTEP R43
1294 SIDESTEP R49
1294 SIDESTEP R58
1294 SIDESTEP R67
1294 SIDESTEP R77
1295 ASSIGN 1026 R22 9
1295 SIDESTEP R3
1295 SIDESTEP R7
1295 SIDESTEP R17
1295 SIDESTEP R19
1295 SIDESTEP R20
1295 SIDESTEP R30
1295 SIDESTEP R36
1295 SIDESTEP R64
1296 SIDESTEP R21
1296 PICK 1005 R46
1296 SIDESTEP R70
1297 SIDESTEP R15
1297 SIDESTEP R33
1297 SIDESTEP R59
1297 SIDESTEP R72
1297 DELIVER 930 R74 128
1298 ASSIGN 1030 R74 22
1298 SIDESTEP R0
1298 SIDESTEP R2
1298 SIDESTEP R5
1298 SIDESTEP R26
1298 SIDESTEP R73
1299 REJECT 1036
1299 SIDESTEP R1
1299 SIDESTEP R37
1299 SIDESTEP R42
1299 SIDESTEP R49
1299 SIDESTEP R58
1299 SIDESTEP R77
1299 REPORT pending=318 idle=0 to_pickup=24 delivering=27 to_charger=28 charging=0 dead=1 hot=5,2,17
1300 SIDESTEP R3
1300 SIDESTEP R6
1300 SIDESTEP R12
1300 SIDESTEP R17
1300 SIDESTEP R20
1300 SIDESTEP R30
1300 SIDESTEP R36
1300 SIDESTEP R71
1301 SIDESTEP R8
1301 SIDESTEP R39
1301 PICK 495 R69
1301 SIDESTEP R76
1302 SIDESTEP R28
1302 SIDESTEP R33
1302 SIDESTEP R59
1302 SIDESTEP R72
1303 SIDESTEP R0
1303 SIDESTEP R2
1303 SIDESTEP R5
1303 SIDESTEP R26
1303 DELIVER 636 R40 495
1303 SIDESTEP R53
1303 SIDESTEP R61
1304 GO_CHARGE R40 26 1
1304 SIDESTEP R1
1304 SIDESTEP R7
1304 SIDESTEP R13
1304 SIDESTEP R42
1304 SIDESTEP R58
1304 SIDESTEP R64
1305 SIDESTEP R3
1305 SIDESTEP R12
1305 SIDESTEP R15
1305 SIDESTEP R17
1305 SIDESTEP R20
1305 SIDESTEP R30
1305 SIDESTEP R62
1305 SIDESTEP R71
1305 PICK 992 R79
1306 SIDESTEP R8
1306 SIDESTEP R24
1306 SIDESTEP R31
1306 SIDESTEP R38
1306 SIDESTEP R39
1306 SIDESTEP R67
1306 SIDESTEP R70
1306 SIDESTEP R76
1307 SIDESTEP R28
1307 SIDESTEP R37
1307 CHARGE R47
1307 SIDESTEP R59
1307 SIDESTEP R72
1308 SIDESTEP R26
1308 DELIVER 483 R48 684
1308 SIDESTEP R53
1308 SIDESTEP R61
1309 ASSIGN 1038 R48 42
1309 SIDESTEP R1
1309 SIDESTEP R5
1309 SIDESTEP R7
1309 SIDESTEP R19
1309 SIDESTEP R21
1309 SIDESTEP R42
1309 SIDESTEP R55
1309 SIDESTEP R58
1309 SIDESTEP R64
1309 PICK 989 R73
1310 SIDESTEP R3
1310 SIDESTEP R13
1310 SIDESTEP R20
1310 SIDESTEP R33
1310 PICK 999 R44
1310 SIDESTEP R52
1310 SIDESTEP R62
1311 SIDESTEP R0
1311 SIDESTEP R2
1311 PICK 1025 R4
1311 SIDESTEP R8
1311 SIDESTEP R24
1311 PICK 982 R34
1311 DELIVER 495 R69 672
1311 SIDESTEP R76
1312 GO_CHARGE R69 6 1
1312 DELIVER 983 R10 81
1312 SIDESTEP R28
1312 SIDESTEP R37
1312 SIDESTEP R51
1312 SIDESTEP R59
1312 SIDESTEP R66
1312 SIDESTEP R72
1313 ASSIGN 1047 R10 16
1313 DELIVER 881 R11 202
1313 SIDESTEP R26
1313 SIDESTEP R27
1313 SIDESTEP R29
1313 PICK 988 R35
1313 SIDESTEP R53
1313 SIDESTEP R61
1313 SIDESTEP R67
1313 SIDESTEP R71
1314 GO_CHARGE R11 6 1
1314 SIDESTEP R1
1314 SIDESTEP R5
1314 SIDESTEP R19
1314 SIDESTEP R21
1314 DELIVER 967 R23 103
1314 SIDESTEP R58
1315 ASSIGN 1032 R23 45
1315 SIDESTEP R15
1315 SIDESTEP R20
1315 SIDESTEP R40
1315 SIDESTEP R52
1315 SIDESTEP R62
1316 SIDESTEP R2
1316 SIDESTEP R6
1316 SIDESTEP R38
1316 SIDESTEP R42
1316 SIDESTEP R49
1316 SIDESTEP R79
1317 SIDESTEP R28
1317 SIDESTEP R59
1317 SIDESTEP R66
1317 SIDESTEP R70
1317 SIDESTEP R72
1318 SIDESTEP R11
1318 SIDESTEP R26
1318 SIDESTEP R37
1318 SIDESTEP R53
1318 SIDESTEP R54
1318 SIDESTEP R61
1319 SIDESTEP R5
1319 SIDESTEP R13
1319 SIDESTEP R19
1319 SIDESTEP R21
1319 SIDESTEP R24
1319 SIDESTEP R41
1319 SIDESTEP R58
1319 SIDESTEP R67
1319 SIDESTEP R71
1320 PICK 1007 R7
1320 SIDESTEP R15
1320 SIDESTEP R29
1320 SIDESTEP R33
1320 SIDESTEP R52
1320 SIDESTEP R62
1320 PICK 1030 R74
1321 SIDESTEP R2
1321 SIDESTEP R3
1321 SIDESTEP R20
1321 SIDESTEP R38
1321 SIDESTEP R49
1321 SIDESTEP R55
1321 SIDESTEP R64
1321 CHARGE R76
1321 CHARGE R77
1322 SIDESTEP R28
1322 SIDESTEP R31
1322 SIDESTEP R59
1322 SIDESTEP R70
1322 SIDESTEP R72
1323 CHARGED R47
1323 ASSIGN 1033 R47 54
1323 SIDESTEP R11
1323 PICK 1026 R22
1323 SIDESTEP R37
1323 SIDESTEP R53
1323 SIDESTEP R54
1323 SIDESTEP R61
1323 DELIVER 941 R68 140
1324 ASSIGN 1035 R68 43
1324 SIDESTEP R0
1324 SIDESTEP R58
1325 SIDESTEP R29
1326 SIDESTEP R2
1326 CHARGE R6
1326 SIDESTEP R33
1326 SIDESTEP R38
1326 DELIVER 825 R62 286
1327 GO_CHARGE R62 22 1
1327 SIDESTEP R28
1327 SIDESTEP R42
1327 SIDESTEP R51
1327 SIDESTEP R59
1327 SIDESTEP R64
1327 SIDESTEP R72
1328 SIDESTEP R5
1328 PICK 1047 R10
1328 PICK 984 R12
1328 SIDESTEP R13
1328 SIDESTEP R14
1328 SIDESTEP R27
1328 DELIVER 954 R39 130
1328 SIDESTEP R41
1328 SIDESTEP R47
1329 ASSIGN 1043 R39 30
1329 SIDESTEP R24
1329 SIDESTEP R37
1329 SIDESTEP R55
1329 SIDESTEP R58
1329 SIDESTEP R70
1329 SIDESTEP R71
1329 DELIVER 992 R79 88
1330 ASSIGN 1044 R79 19
1330 SIDESTEP R4
1330 SIDESTEP R29
1330 SIDESTEP R61
1331 SIDESTEP R2
1331 SIDESTEP R33
1331 SIDESTEP R53
1331 SIDESTEP R69
1332 SIDESTEP R15
1332 SIDESTEP R51
1332 SIDESTEP R59
1332 SIDESTEP R68
1332 SIDESTEP R72
1332 SIDESTEP R75
1333 SIDESTEP R5
1333 SIDESTEP R13
1333 SIDESTEP R14
1333 SIDESTEP R19
1333 SIDESTEP R20
1333 SIDESTEP R27
1333 SIDESTEP R41
1333 SIDESTEP R42
1333 SIDESTEP R49
1334 SIDESTEP R40
1334 SIDESTEP R58
1335 SIDESTEP R1
1335 SIDESTEP R4
1335 SIDESTEP R29
1336 SIDESTEP R2
1336 DELIVER 888 R36 217
1336 SIDESTEP R53
1336 SIDESTEP R61
1336 SIDESTEP R64
1337 GO_CHARGE R36 6 1
1337 SIDESTEP R11
1337 SIDESTEP R15
1337 PICK 1010 R18
1337 SIDESTEP R21
1337 SIDESTEP R31
1337 SIDESTEP R51
1337 SIDESTEP R55
1337 SIDESTEP R59
1337 SIDESTEP R71
1337 SIDESTEP R72
1337 DELIVER 989 R73 100
1337 SIDESTEP R75
1338 CHARGED R77
1338 ASSIGN 1066 R77 23
1338 ASSIGN 1046 R73 45
1338 SIDESTEP R0
1338 SIDESTEP R5
1338 SIDESTEP R8
1338 SIDESTEP R13
1338 SIDESTEP R19
1338 SIDESTEP R24
1338 SIDESTEP R26
1338 SIDESTEP R27
1338 SIDESTEP R32
1338 PICK 978 R49
1339 CHARGED R76
1339 ASSIGN 1051 R76 31
1339 SIDESTEP R38
1339 SIDESTEP R42
1339 PICK 1011 R43
1339 SIDESTEP R50
1339 SIDESTEP R58
1339 SIDESTEP R65
1339 SIDESTEP R66
1340 DELIVER 815 R1 312
1340 SIDESTEP R4
1340 DELIVER 1047 R10 30
1340 SIDESTEP R29
1340 SIDESTEP R35
1340 SIDESTEP R41
1340 DELIVER 974 R54 120
1341 CANCEL 914
1341 ASSIGN 1053 R54 26
1341 ASSIGN 1057 R10 63
1341 GO_CHARGE R1 18 1
1341 SIDESTEP R2
1341 DELIVER 821 R3 305
1341 DELIVER 496 R28 701
1341 DELIVER 982 R34 111
1341 SIDESTEP R53
1341 SIDESTEP R61
1342 CHARGED R6
1342 ASSIGN 1061 R6 20
1342 ASSIGN 1062 R34 27
1342 GO_CHARGE R3 6 1
1342 GO_CHARGE R28 6 1
1342 SIDESTEP R21
1342 SIDESTEP R33
1342 SIDESTEP R51
1342 SIDESTEP R59
1342 SIDESTEP R71
1342 SIDESTEP R75
1343 SIDESTEP R24
1343 SIDESTEP R27
1343 SIDESTEP R30
1343 SIDESTEP R55
1343 SIDESTEP R69
1344 SIDESTEP R0
1344 SIDESTEP R9
1344 PICK 994 R17
1344 DELIVER 1005 R46 86
1344 SIDESTEP R58
1345 ASSIGN 1063 R46 37
1345 SIDESTEP R4
1345 SIDESTEP R15
1345 SIDESTEP R29
1345 SIDESTEP R67
1346 SIDESTEP R53
1346 SIDESTEP R61
1346 SIDESTEP R64
1346 SIDESTEP R77
1347 SIDESTEP R21
1347 SIDESTEP R32
1347 SIDESTEP R33
1347 SIDESTEP R51
1347 SIDESTEP R59
1347 SIDESTEP R66
1347 SIDESTEP R75
1347 SIDESTEP R79
1348 SIDESTEP R18
1348 SIDESTEP R24
1348 SIDESTEP R26
1348 SIDESTEP R27
1348 SIDESTEP R30
1348 SIDESTEP R55
1348 SIDESTEP R62
1348 SIDESTEP R69
1348 SIDESTEP R72
1349 SIDESTEP R0
1349 SIDESTEP R8
1349 SIDESTEP R13
1349 SIDESTEP R36
1349 SIDESTEP R38
1349 SIDESTEP R48
1349 SIDESTEP R58
1349 SIDESTEP R71
1349 REPORT pending=343 idle=0 to_pickup=23 delivering=24 to_charger=32 charging=0 dead=1 hot=4,2,16
1350 SIDESTEP R4
1350 SIDESTEP R11
1350 SIDESTEP R29
1350 SIDESTEP R67
1351 DELIVER 984 R12 119
1351 SIDESTEP R39
1351 SIDESTEP R53
1351 SIDESTEP R61
1352 ASSIGN 1064 R12 27
1352 SIDESTEP R9
1352 SIDESTEP R21
1352 SIDESTEP R32
1352 SIDESTEP R33
1352 SIDESTEP R42
1352 DELIVER 978 R49 126
1352 SIDESTEP R51
1352 SIDESTEP R59
1352 SIDESTEP R66
1352 SIDESTEP R79
1353 ASSIGN 1069 R49 32
1353 SIDESTEP R18
1353 SIDESTEP R24
1353 SIDESTEP R26
1353 SIDESTEP R52
1353 SIDESTEP R64
1353 SIDESTEP R69
1353 SIDESTEP R72
1353 SIDESTEP R75
1354 SIDESTEP R0
1354 SIDESTEP R8
1354 SIDESTEP R13
1354 SIDESTEP R38
1354 SIDESTEP R58
1354 SIDESTEP R65
1355 SIDESTEP R2
1355 SIDESTEP R4
1355 DELIVER 1007 R7 95
1355 SIDESTEP R11
1355 SIDESTEP R15
1355 SIDESTEP R29
1355 SIDESTEP R67
1355 DELIVER 1030 R74 63
1356 ASSIGN 1072 R74 42
1356 GO_CHARGE R7 6 1
1356 SIDESTEP R5
1356 SIDESTEP R37
1356 SIDESTEP R48
1356 SIDESTEP R55
1356 SIDESTEP R70
1356 SIDESTEP R71
1357 SIDESTEP R32
1357 SIDESTEP R33
1357 SIDESTEP R42
1357 SIDESTEP R47
1357 SIDESTEP R51
1357 SIDESTEP R59
1357 SIDESTEP R66
1357 SIDESTEP R79
1358 SIDESTEP R26
1358 SIDESTEP R41
1358 SIDESTEP R64
1359 SIDESTEP R0
1359 SIDESTEP R8
1359 SIDESTEP R13
1359 SIDESTEP R14
1359 SIDESTEP R19
1359 SIDESTEP R35
1359 SIDESTEP R52
1359 SIDESTEP R53
1359 SIDESTEP R58
1360 SIDESTEP R2
1360 SIDESTEP R9
1360 SIDESTEP R15
1360 SIDESTEP R21
1360 SIDESTEP R29
1360 SIDESTEP R61
1360 SIDESTEP R62
1360 SIDESTEP R67
1361 SIDESTEP R11
1361 SIDESTEP R37
1361 SIDESTEP R48
1361 SIDESTEP R55
1361 SIDESTEP R70
1361 SIDESTEP R71
1362 SIDESTEP R1
1362 SIDESTEP R34
1362 SIDESTEP R42
1362 SIDESTEP R59
1362 SIDESTEP R68
1362 SIDESTEP R77
1363 SIDESTEP R50
1363 SIDESTEP R64
1364 SIDESTEP R13
1364 DELIVER 1011 R43 94
1365 ASSIGN 1088 R43 19
1365 SIDESTEP R2
1365 SIDESTEP R8
1365 SIDESTEP R15
1365 SIDESTEP R20
1365 SIDESTEP R21
1365 SIDESTEP R53
1365 SIDESTEP R61
1365 SIDESTEP R62
1365 SIDESTEP R67
1366 SIDESTEP R5
1366 SIDESTEP R28
1366 SIDESTEP R37
1366 SIDESTEP R48
1366 PICK 1053 R54
1366 SIDESTEP R69
1366 SIDESTEP R70
1366 PICK 1044 R79
1367 SIDESTEP R34
1367 SIDESTEP R46
1367 SIDESTEP R59
1368 RESCUE R60
1368 ASSIGN 1089 R60 24
1368 SIDESTEP R17
1368 CHARGE R31
1368 SIDESTEP R55
1368 SIDESTEP R71
1368 PICK 1066 R77
1369 SIDESTEP R64
1369 PICK 1051 R76
1370 SIDESTEP R13
1370 SIDESTEP R20
1370 DELIVER 961 R27 165
1370 SIDESTEP R33
1370 SIDESTEP R52
1370 SIDESTEP R53
1370 SIDESTEP R66
1370 SIDESTEP R67
1371 ASSIGN 1091 R27 52
1371 SIDESTEP R11
1371 SIDESTEP R37
1371 SIDESTEP R48
1371 PICK 501 R50
1371 SIDESTEP R61
1371 SIDESTEP R62
1371 SIDESTEP R70
1372 SIDESTEP R3
1372 SIDESTEP R10
1372 SIDESTEP R28
1372 SIDESTEP R36
1372 SIDESTEP R59
1373 SIDESTEP R0
1373 PICK 1061 R6
1373 SIDESTEP R17
1374 PICK 1002 R30
1374 CHARGE R32
1374 CHARGE R40
1374 PICK 1020 R57
1374 SIDESTEP R64
1374 SIDESTEP R71
1375 SIDESTEP R15
1375 PICK 1032 R23
1375 SIDESTEP R26
1375 SIDESTEP R33
1375 SIDESTEP R43
1375 CHARGE R45
1375 SIDESTEP R52
1375 SIDESTEP R67
1376 SIDESTEP R37
1376 SIDESTEP R42
1376 PICK 996 R65
1376 SIDESTEP R70
1377 SIDESTEP R3
1377 SIDESTEP R10
1377 SIDESTEP R22
1377 SIDESTEP R34
1377 DELIVER 494 R51 739
1377 SIDESTEP R59
1377 SIDESTEP R61
1377 SIDESTEP R79
1378 ASSIGN 1075 R51 36
1378 SIDESTEP R0
1378 SIDESTEP R13
1378 SIDESTEP R17
1378 DELIVER 988 R35 142
1378 SIDESTEP R36
1378 SIDESTEP R38
1378 DELIVER 931 R41 208
1378 SIDESTEP R66
1379 ASSIGN 1083 R41 51
1379 ASSIGN 1084 R35 40
1379 PICK 1064 R12
1379 SIDESTEP R18
1379 PICK 1035 R68
1380 SIDESTEP R15
1380 SIDESTEP R26
1380 SIDESTEP R43
1380 SIDESTEP R52
1380 SIDESTEP R55
1380 SIDESTEP R67
1381 CANCEL 1075
1381 ASSIGN 1098 R51 22
1381 SIDESTEP R14
1381 SIDESTEP R33
1381 SIDESTEP R37
1381 PICK 1038 R48
1381 SIDESTEP R49
1381 SIDESTEP R70
1382 SIDESTEP R10
1382 SIDESTEP R21
1382 SIDESTEP R22
1382 DELIVER 945 R24 194
1382 SIDESTEP R34
1382 SIDESTEP R42
1382 SIDESTEP R59
1382 SIDESTEP R61
1382 SIDESTEP R77
1383 ASSIGN 1099 R24 39
1383 SIDESTEP R2
1383 SIDESTEP R3
1383 SIDESTEP R13
1383 SIDESTEP R17
1383 SIDESTEP R19
1383 SIDESTEP R36
1383 SIDESTEP R38
1383 SIDESTEP R69
1383 SIDESTEP R71
1384 CHARGED R31
1384 ASSIGN 1100 R31 39
1384 DELIVER 1025 R4 98
1384 SIDESTEP R20
1385 ASSIGN 504 R4 29
1385 SIDESTEP R26
1385 SIDESTEP R28
1385 SIDESTEP R43
1385 SIDESTEP R53
1385 SIDESTEP R66
1385 SIDESTEP R67
1386 SIDESTEP R12
1386 SIDESTEP R15
1386 SIDESTEP R18
1386 SIDESTEP R33
1386 SIDESTEP R37
1386 CHARGE R42
1386 SIDESTEP R46
1386 SIDESTEP R55
1386 SIDESTEP R70
1387 SIDESTEP R21
1387 DELIVER 999 R44 138
1387 SIDESTEP R59
1388 ASSIGN 505 R44 28
1388 SIDESTEP R2
1388 SIDESTEP R17
1388 SIDESTEP R19
1388 SIDESTEP R38
1388 SIDESTEP R64
1388 SIDESTEP R69
1388 SIDESTEP R71
1389 CHARGED R40
1389 ASSIGN 506 R40 30
1389 SIDESTEP R3
1389 SIDESTEP R5
1389 SIDESTEP R6
1389 SIDESTEP R20
1389 SIDESTEP R27
1389 SIDESTEP R62
1390 PICK 972 R52
1390 SIDESTEP R53
1390 SIDESTEP R66
1390 DELIVER 1051 R76 75
1391 CHARGED R32
1391 CHARGED R45
1391 ASSIGN 1106 R32 21
1391 ASSIGN 1107 R45 11
1391 ASSIGN 507 R76 44
1391 SIDESTEP R15
1391 SIDESTEP R18
1391 SIDESTEP R26
1391 SIDESTEP R33
1391 SIDESTEP R39
1391 PICK 1089 R60
1391 SIDESTEP R67
1391 SIDESTEP R70
1392 SIDESTEP R21
1392 SIDESTEP R59
1393 SIDESTEP R2
1393 SIDESTEP R17
1393 SIDESTEP R19
1393 PICK 1069 R49
1393 SIDESTEP R61
1393 SIDESTEP R69
1393 SIDESTEP R71
1393 PICK 1023 R75
1394 SIDESTEP R3
1394 SIDESTEP R5
1394 SIDESTEP R6
1394 SIDESTEP R7
1394 SIDESTEP R8
1394 SIDESTEP R20
1394 SIDESTEP R55
1394 SIDESTEP R62
1394 PICK 1046 R73
1395 SIDESTEP R11
1395 SIDESTEP R13
1395 SIDESTEP R32
1395 SIDESTEP R64
1395 SIDESTEP R66
1396 SIDESTEP R0
1396 CHARGE R9
1396 SIDESTEP R15
1396 SIDESTEP R18
1396 SIDESTEP R26
1396 SIDESTEP R33
1396 SIDESTEP R39
1396 SIDESTEP R52
1396 SIDESTEP R70
1397 SIDESTEP R21
1397 DELIVER 1026 R22 110
1397 DELIVER 501 R50 751
1397 SIDESTEP R59
1398 ASSIGN 1109 R50 32
1398 ASSIGN 1110 R22 34
1398 SIDESTEP R17
1398 DELIVER 979 R29 171
1398 SIDESTEP R54
1398 SIDESTEP R61
1398 SIDESTEP R69
1399 ASSIGN 1111 R29 15
1399 SIDESTEP R5
1399 SIDESTEP R6
1399 SIDESTEP R8
1399 SIDESTEP R20
1399 SIDESTEP R27
1399 SIDESTEP R38
1399 SIDESTEP R55
1399 SIDESTEP R62
1399 REPORT pending=358 idle=0 to_pickup=25 delivering=26 to_charger=27 charging=2 dead=0 hot=6,2,16
1400 SIDESTEP R11
1400 SIDESTEP R13
1400 SIDESTEP R28
1400 SIDESTEP R32
1400 PICK 1033 R47
1400 DELIVER 486 R58 772
1400 SIDESTEP R66
1400 PICK 497 R72
1401 CANCEL 1090
1401 GO_CHARGE R58 32 1
1401 SIDESTEP R18
1401 SIDESTEP R33
1401 PICK 1107 R45
1401 SIDESTEP R52
1402 SIDESTEP R10
1402 PICK 1088 R43
1402 PICK 1098 R51
1402 SIDESTEP R71
1403 REJECT 1117
1403 CHARGED R42
1403 ASSIGN 1115 R42 41
1403 SIDESTEP R21
1403 SIDESTEP R26
1403 SIDESTEP R54
1403 SIDESTEP R69
1404 REJECT 1118
1404 SIDESTEP R2
1404 SIDESTEP R8
1404 SIDESTEP R15
1404 SIDESTEP R19
1404 SIDESTEP R20
1404 SIDESTEP R36
1404 SIDESTEP R38
1404 SIDESTEP R53
1404 SIDESTEP R62
1404 SIDESTEP R64
1405 SIDESTEP R4
1405 SIDESTEP R11
1405 SIDESTEP R66
1406 SIDESTEP R5
1406 SIDESTEP R18
1406 DELIVER 934 R37 231
1406 SIDESTEP R55
1406 SIDESTEP R61
1406 DELIVER 1046 R73 97
1407 ASSIGN 509 R37 40
1407 ASSIGN 510 R73 38
1407 SIDESTEP R10
1407 SIDESTEP R33
1407 PICK 1063 R46
1408 SIDESTEP R21
1408 DELIVER 1032 R23 113
1408 SIDESTEP R26
1408 SIDESTEP R54
1408 SIDESTEP R69
1409 ASSIGN 513 R23 50
1409 SIDESTEP R2
1409 SIDESTEP R15
1409 SIDESTEP R19
1409 SIDESTEP R20
1409 SIDESTEP R36
1409 SIDESTEP R57
1410 SIDESTEP R4
1410 SIDESTEP R38
1410 SIDESTEP R41
1410 SIDESTEP R50
1410 SIDESTEP R64
1411 CHARGED R9
1411 ASSIGN 1123 R9 22
1411 SIDESTEP R3
1411 SIDESTEP R5
1411 SIDESTEP R8
1411 CHARGE R14
1411 SIDESTEP R18
1411 SIDESTEP R66
1411 SIDESTEP R71
1411 SIDESTEP R74
1412 SIDESTEP R39
1412 DELIVER 1044 R79 105
1413 ASSIGN 515 R79 29
1413 SIDESTEP R21
1413 SIDESTEP R26
1413 PICK 1111 R29
1413 PICK 1062 R34
1413 SIDESTEP R35
1413 SIDESTEP R52
1413 SIDESTEP R54
1413 SIDESTEP R60
1414 SIDESTEP R2
1414 SIDESTEP R19
1414 SIDESTEP R36
1414 SIDESTEP R57
1414 SIDESTEP R61
1414 PICK 987 R67
1414 SIDESTEP R69
1414 DELIVER 943 R70 228
1415 ASSIGN 1126 R70 33
1415 SIDESTEP R0
1415 SIDESTEP R11
1415 SIDESTEP R30
1415 SIDESTEP R38
1415 PICK 505 R44
1415 SIDESTEP R50
1415 SIDESTEP R53
1415 SIDESTEP R64
1416 SIDESTEP R3
1416 SIDESTEP R8
1416 SIDESTEP R18
1416 SIDESTEP R22
1416 SIDESTEP R28
1416 SIDESTEP R31
1416 SIDESTEP R66
1416 SIDESTEP R74
1417 SIDESTEP R4
1417 SIDESTEP R39
1417 DELIVER 1069 R49 79
1417 CHARGE R56
1418 ASSIGN 1129 R49 36
1418 SIDESTEP R26
1418 SIDESTEP R33
1418 PICK 506 R40
1418 SIDESTEP R52
1418 SIDESTEP R54
1418 SIDESTEP R60
1419 SIDESTEP R2
1419 SIDESTEP R12
1419 SIDESTEP R19
1419 SIDESTEP R21
1419 DELIVER 1111 R29 24
1419 SIDESTEP R57
1419 SIDESTEP R61
1420 ASSIGN 1131 R29 35
1420 SIDESTEP R0
1420 SIDESTEP R11
1420 SIDESTEP R13
1420 SIDESTEP R30
1420 SIDESTEP R38
1420 SIDESTEP R50
1420 SIDESTEP R53
1420 SIDESTEP R64
1421 SIDESTEP R18
1421 SIDESTEP R28
1421 PICK 1106 R32
1421 SIDESTEP R35
1421 SIDESTEP R36
1421 SIDESTEP R66
1421 SIDESTEP R68
1422 SIDESTEP R3
1422 SIDESTEP R4
1422 DELIVER 994 R17 179
1422 PICK 1099 R24
1422 SIDESTEP R43
1422 SIDESTEP R65
1423 ASSIGN 1132 R17 21
1423 SIDESTEP R33
1423 DELIVER 1033 R47 127
1423 DELIVER 1038 R48 122
1423 SIDESTEP R51
1423 SIDESTEP R52
1423 SIDESTEP R60
1424 ASSIGN 1134 R48 30
1424 ASSIGN 516 R47 40
1424 SIDESTEP R19
1424 SIDESTEP R21
1424 SIDESTEP R39
1424 DELIVER 987 R67 189
1424 SIDESTEP R76
1425 ASSIGN 1137 R67 42
1425 SIDESTEP R0
1425 SIDESTEP R2
1425 SIDESTEP R11
1425 SIDESTEP R13
1425 SIDESTEP R30
1425 SIDESTEP R53
1425 SIDESTEP R57
1425 SIDESTEP R62
1425 SIDESTEP R64
1425 SIDESTEP R69
1425 SIDESTEP R71
1426 CHARGE R8
1426 SIDESTEP R15
1426 SIDESTEP R20
1426 SIDESTEP R28
1426 SIDESTEP R35
1426 SIDESTEP R36
1426 SIDESTEP R44
1426 SIDESTEP R61
1427 SIDESTEP R7
1427 SIDESTEP R29
1428 CANCEL_FAIL 1117
1428 CHARGED R14
1428 ASSIGN 1139 R14 40
1428 SIDESTEP R51
1428 SIDESTEP R52
1428 DELIVER 1053 R54 110
1428 SIDESTEP R60
1428 SIDESTEP R75
1429 ASSIGN 517 R54 28
1429 SIDESTEP R19
1429 SIDESTEP R39
1429 SIDESTEP R59
1429 SIDESTEP R76
1430 SIDESTEP R2
1430 SIDESTEP R11
1430 SIDESTEP R13
1430 SIDESTEP R38
1430 SIDESTEP R53
1430 SIDESTEP R55
1430 SIDESTEP R62
1430 SIDESTEP R69
1430 SIDESTEP R71
1430 SIDESTEP R74
1431 SIDESTEP R26
1431 SIDESTEP R28
1431 SIDESTEP R36
1431 SIDESTEP R61
1431 SIDESTEP R64
1432 SIDESTEP R0
1432 SIDESTEP R21
1432 SIDESTEP R29
1432 DELIVER 996 R65 186
1433 CHARGED R56
1433 ASSIGN 1142 R56 13
1433 ASSIGN 1144 R65 27
1433 SIDESTEP R35
1433 SIDESTEP R51
1433 SIDESTEP R52
1433 SIDESTEP R60
1433 SIDESTEP R75
1433 SIDESTEP R79
1434 DELIVER 1064 R12 104
1434 SIDESTEP R19
1434 DELIVER 1062 R34 106
1434 SIDESTEP R59
1435 ASSIGN 1145 R12 27
1435 ASSIGN 518 R34 17
1435 SIDESTEP R11
1435 SIDESTEP R38
1435 SIDESTEP R53
1435 SIDESTEP R69
1435 SIDESTEP R71
1435 SIDESTEP R74
1436 SIDESTEP R3
1436 SIDESTEP R4
1436 SIDESTEP R15
1436 SIDESTEP R26
1436 SIDESTEP R33
1436 SIDESTEP R36
1436 SIDESTEP R39
1436 SIDESTEP R55
1436 SIDESTEP R61
1436 SIDESTEP R64
1436 DELIVER 1066 R77 103
1437 ASSIGN 519 R77 60
1437 SIDESTEP R0
1437 SIDESTEP R5
1437 SIDESTEP R20
1437 SIDESTEP R21
1437 SIDESTEP R28
1437 DELIVER 1002 R30 183
1437 PICK 1083 R41
1438 ASSIGN 520 R30 9
1438 SIDESTEP R51
1438 SIDESTEP R52
1438 SIDESTEP R60
1438 SIDESTEP R75
1438 SIDESTEP R79
1439 SIDESTEP R19
1439 PICK 1100 R31
1439 SIDESTEP R37
1439 SIDESTEP R57
1439 SIDESTEP R59
1440 PICK 1123 R9
1440 SIDESTEP R11
1440 SIDESTEP R38
1440 SIDESTEP R45
1440 SIDESTEP R53
1440 SIDESTEP R69
1440 SIDESTEP R71
1440 SIDESTEP R74
1441 SIDESTEP R3
1441 SIDESTEP R7
1441 SIDESTEP R13
1441 SIDESTEP R15
1441 SIDESTEP R29
1441 SIDESTEP R64
1441 SIDESTEP R72
1442 SIDESTEP R5
1442 SIDESTEP R21
1442 SIDESTEP R26
1442 PICK 1091 R27
1442 SIDESTEP R36
1442 SIDESTEP R39
1442 SIDESTEP R46
1442 SIDESTEP R55
1443 CHARGED R8
1443 ASSIGN 1152 R8 18
1443 SIDESTEP R0
1443 SIDESTEP R2
1443 SIDESTEP R17
1443 DELIVER 1088 R43 78
1443 PICK 1109 R50
1443 SIDESTEP R51
1443 SIDESTEP R60
1443 SIDESTEP R67
1443 SIDESTEP R75
1443 SIDESTEP R79
1444 ASSIGN 1153 R43 19
1444 SIDESTEP R19
1444 SIDESTEP R32
1444 SIDESTEP R37
1444 SIDESTEP R57
1444 SIDESTEP R59
1445 PICK 504 R4
1445 SIDESTEP R42
1445 PICK 1142 R56
1445 SIDESTEP R69
1445 SIDESTEP R74
1446 SIDESTEP R3
1446 SIDESTEP R7
1446 SIDESTEP R9
1446 SIDESTEP R11
1446 SIDESTEP R15
1446 PICK 1110 R22
1446 SIDESTEP R23
1446 SIDESTEP R71
1446 SIDESTEP R72
1447 SIDESTEP R20
1447 SIDESTEP R21
1447 SIDESTEP R26
1447 SIDESTEP R29
1447 SIDESTEP R46
1448 SIDESTEP R2
1448 SIDESTEP R13
1448 SIDESTEP R28
1448 SIDESTEP R51
1448 SIDESTEP R55
1448 SIDESTEP R60
1448 SIDESTEP R75
1448 SIDESTEP R76
1448 SIDESTEP R79
1449 SIDESTEP R5
1449 SIDESTEP R19
1449 SIDESTEP R37
1449 SIDESTEP R57
1449 SIDESTEP R59
1449 REPORT pending=377 idle=0 to_pickup=27 delivering=28 to_charger=25 charging=0 dead=0 hot=6,2,14
1450 PICK 520 R30
1450 DELIVER 1035 R68 152
1450 SIDESTEP R74
1451 ASSIGN 1155 R68 45
1451 SIDESTEP R7
1451 SIDESTEP R9
1451 SIDESTEP R11
1451 PICK 518 R34
1451 SIDESTEP R52
1451 SIDESTEP R71
1451 SIDESTEP R72
1452 SIDESTEP R3
1452 PICK 1132 R17
1452 SIDESTEP R20
1452 SIDESTEP R21
1452 SIDESTEP R26
1452 SIDESTEP R29
1452 SIDESTEP R31
1452 SIDESTEP R46
1452 SIDESTEP R61
1452 SIDESTEP R64
1453 SIDESTEP R2
1453 SIDESTEP R13
1453 SIDESTEP R15
1453 SIDESTEP R28
1453 SIDESTEP R36
1453 CHARGE R38
1453 PICK 1134 R48
1453 SIDESTEP R51
1453 SIDESTEP R60
1453 SIDESTEP R76
1454 SIDESTEP R19
1454 SIDESTEP R37
1454 SIDESTEP R53
1454 SIDESTEP R57
1454 SIDESTEP R59
1454 SIDESTEP R65
1455 SIDESTEP R5
1455 SIDESTEP R35
1455 SIDESTEP R54
1455 SIDESTEP R74
1455 SIDESTEP R79
1456 SIDESTEP R7
1456 SIDESTEP R9
1456 SIDESTEP R11
1456 SIDESTEP R23
1456 SIDESTEP R52
1456 SIDESTEP R71
1456 SIDESTEP R72
1457 SIDESTEP R3
1457 SIDESTEP R21
1457 SIDESTEP R26
1457 SIDESTEP R31
1457 SIDESTEP R46
1457 SIDESTEP R55
1457 SIDESTEP R64
1458 SIDESTEP R2
1458 SIDESTEP R13
1458 SIDESTEP R28
1458 SIDESTEP R29
1458 SIDESTEP R33
1458 SIDESTEP R36
1458 SIDESTEP R51
1458 SIDESTEP R60
1458 SIDESTEP R76
1459 SIDESTEP R0
1459 SIDESTEP R8
1459 SIDESTEP R19
1459 SIDESTEP R37
1459 PICK 1115 R42
1459 SIDESTEP R53
1459 SIDESTEP R58
1459 SIDESTEP R59
1460 SIDESTEP R5
1460 DELIVER 1099 R24 79
1460 SIDESTEP R35
1460 SIDESTEP R54
1461 ASSIGN 1160 R24 43
1461 SIDESTEP R11
1461 PICK 1145 R12
1461 SIDESTEP R23
1461 SIDESTEP R75
1462 SIDESTEP R3
1462 SIDESTEP R21
1462 SIDESTEP R26
1462 SIDESTEP R31
1462 SIDESTEP R46
1462 SIDESTEP R55
1462 SIDESTEP R71
1463 SIDESTEP R2
1463 SIDESTEP R28
1463 DELIVER 1106 R32 73
1463 SIDESTEP R33
1463 PICK 1084 R35
1463 SIDESTEP R36
1463 SIDESTEP R51
1463 SIDESTEP R60
1463 DELIVER 976 R66 240
1463 SIDESTEP R73
1464 ASSIGN 1157 R32 10
1464 ASSIGN 1158 R66 42
1464 SIDESTEP R0
1464 SIDESTEP R8
1464 SIDESTEP R15
1464 SIDESTEP R19
1464 SIDESTEP R37
1464 SIDESTEP R39
1464 SIDESTEP R59
1464 SIDESTEP R61
1464 SIDESTEP R76
1465 SIDESTEP R4
1465 SIDESTEP R54
1466 SIDESTEP R11
1466 SIDESTEP R13
1466 DELIVER 1010 R18 198
1466 SIDESTEP R23
1466 SIDESTEP R56
1466 SIDESTEP R67
1466 SIDESTEP R75
1467 ASSIGN 1165 R18 37
1467 SIDESTEP R3
1467 SIDESTEP R5
1467 SIDESTEP R14
1467 SIDESTEP R20
1467 SIDESTEP R21
1467 SIDESTEP R26
1467 SIDESTEP R31
1467 SIDESTEP R52
1467 SIDESTEP R55
1467 CHARGE R62
1467 SIDESTEP R71
1468 SIDESTEP R2
1468 SIDESTEP R7
1468 SIDESTEP R33
1468 DELIVER 518 R34 800
1468 SIDESTEP R51
1468 SIDESTEP R60
1468 SIDESTEP R64
1468 SIDESTEP R77
1469 CANCEL 1093
1469 ASSIGN 1171 R34 12
1469 SIDESTEP R0
1469 CHARGE R1
1469 SIDESTEP R8
1469 SIDESTEP R19
1469 SIDESTEP R37
1469 SIDESTEP R39
1469 DELIVER 505 R44 819
1469 SIDESTEP R59
1469 SIDESTEP R61
1469 SIDESTEP R69
1469 SIDESTEP R76
1470 CHARGED R38
1470 ASSIGN 521 R38 34
1470 ASSIGN 522 R44 23
1470 SIDESTEP R4
1470 DELIVER 1061 R6 143
1470 SIDESTEP R36
1470 PICK 1153 R43
1470 SIDESTEP R54
1471 ASSIGN 523 R6 26
1471 SIDESTEP R11
1471 SIDESTEP R15
1471 SIDESTEP R67
1471 SIDESTEP R75
1472 SIDESTEP R13
1472 SIDESTEP R14
1472 SIDESTEP R21
1472 SIDESTEP R26
1472 SIDESTEP R31
1472 SIDESTEP R52
1472 SIDESTEP R71
1473 SIDESTEP R2
1473 SIDESTEP R7
1473 SIDESTEP R20
1473 SIDESTEP R23
1473 PICK 1157 R32
1473 SIDESTEP R51
1473 SIDESTEP R60
1473 SIDESTEP R64
1473 SIDESTEP R77
1474 SIDESTEP R0
1474 SIDESTEP R3
1474 SIDESTEP R5
1474 SIDESTEP R8
1474 DELIVER 1132 R17 54
1474 SIDESTEP R29
1474 SIDESTEP R34
1474 SIDESTEP R37
1474 SIDESTEP R55
1474 SIDESTEP R59
1474 SIDESTEP R61
1474 SIDESTEP R69
1475 ASSIGN 1175 R17 41
1476 SIDESTEP R15
1476 SIDESTEP R28
1477 SIDESTEP R21
1477 SIDESTEP R26
1477 PICK 1126 R70
1478 SIDESTEP R13
1478 SIDESTEP R14
1478 SIDESTEP R19
1478 SIDESTEP R52
1478 SIDESTEP R60
1478 SIDESTEP R75
1478 SIDESTEP R77
1479 SIDESTEP R2
1479 SIDESTEP R3
1479 DELIVER 1123 R9 68
1479 SIDESTEP R20
1479 SIDESTEP R29
1479 SIDESTEP R55
1479 SIDESTEP R59
1479 SIDESTEP R61
1479 SIDESTEP R69
1479 SIDESTEP R74
1480 ASSIGN 1176 R9 25
1480 SIDESTEP R0
1480 SIDESTEP R5
1480 SIDESTEP R38
1480 DELIVER 1107 R45 89
1480 SIDESTEP R54
1481 ASSIGN 525 R45 29
1481 SIDESTEP R15
1481 SIDESTEP R28
1481 SIDESTEP R33
1481 DELIVER 506 R40 830
1481 SIDESTEP R64
1482 ASSIGN 528 R40 18
1482 SIDESTEP R27
1482 PICK 1043 R39
1483 DELIVER 1100 R31 99
1483 SIDESTEP R52
1483 SIDESTEP R60
1483 PICK 510 R73
1483 SIDESTEP R75
1483 SIDESTEP R77
1483 PICK 515 R79
1484 CHARGED R1
1484 ASSIGN 529 R31 41
1484 ASSIGN 531 R1 13
1484 SIDESTEP R2
1484 SIDESTEP R3
1484 SIDESTEP R11
1484 SIDESTEP R19
1484 SIDESTEP R43
1484 SIDESTEP R55
1484 SIDESTEP R59
1485 CHARGED R62
1485 ASSIGN 533 R62 30
1485 SIDESTEP R4
1485 SIDESTEP R20
1485 SIDESTEP R54
1486 SIDESTEP R7
1486 SIDESTEP R14
1486 SIDESTEP R15
1486 SIDESTEP R28
1486 SIDESTEP R33
1486 PICK 1171 R34
1486 DELIVER 1020 R57 207
1486 SIDESTEP R64
1486 PICK 1137 R67
1487 CANCEL 1086
1487 ASSIGN 1184 R57 48
1487 SIDESTEP R27
1487 DELIVER 520 R30 817
1487 SIDESTEP R36
1488 ASSIGN 1185 R30 31
1488 SIDESTEP R1
1488 DELIVER 1145 R12 54
1488 SIDESTEP R32
1488 SIDESTEP R35
1488 SIDESTEP R48
1488 SIDESTEP R52
1488 DEAD R53
1488 SIDESTEP R60
1488 CHARGE R61
1488 SIDESTEP R75
1488 PICK 507 R76
1489 ASSIGN 538 R12 6
1489 SIDESTEP R3
1489 SIDESTEP R11
1489 SIDESTEP R13
1489 DELIVER 1115 R42 88
1489 PICK 516 R47
1489 SIDESTEP R55
1489 SIDESTEP R56
1489 SIDESTEP R59
1490 ASSIGN 540 R42 43
1490 DELIVER 1109 R50 97
1491 ASSIGN 544 R50 39
1491 SIDESTEP R7
1491 SIDESTEP R14
1491 SIDESTEP R15
1491 SIDESTEP R20
1491 SIDESTEP R28
1491 SIDESTEP R33
1491 SIDESTEP R71
1492 PICK 1057 R10
1492 SIDESTEP R36
1492 PICK 509 R37
1492 DELIVER 1083 R41 133
1492 PICK 522 R44
1493 ASSIGN 546 R41 7
1493 SIDESTEP R9
1493 DELIVER 1110 R22 99
1493 SIDESTEP R32
1493 SIDESTEP R35
1493 SIDESTEP R38
1493 SIDESTEP R48
1493 SIDESTEP R52
1493 PICK 517 R54
1493 SIDESTEP R60
1493 DELIVER 497 R72 852
1494 ASSIGN 1191 R72 28
1494 ASSIGN 547 R22 3
1494 SIDESTEP R3
1494 SIDESTEP R5
1494 PICK 538 R12
1494 SIDESTEP R59
1494 SIDESTEP R62
1494 SIDESTEP R73
1494 SIDESTEP R75
1495 SIDESTEP R13
1495 SIDESTEP R23
1495 SIDESTEP R56
1496 PICK 523 R6
1496 SIDESTEP R15
1496 PICK 547 R22
1496 SIDESTEP R26
1496 SIDESTEP R28
1496 SIDESTEP R33
1496 SIDESTEP R76
1497 SIDESTEP R20
1497 SIDESTEP R21
1497 SIDESTEP R71
1497 PICK 1072 R74
1498 SIDESTEP R2
1498 SIDESTEP R9
1498 SIDESTEP R11
1498 PICK 1139 R14
1498 SIDESTEP R31
1498 SIDESTEP R32
1498 SIDESTEP R38
1498 SIDESTEP R48
1498 SIDESTEP R60
1499 SIDESTEP R5
1499 SIDESTEP R27
1499 PICK 546 R41
1499 SIDESTEP R59
1499 PICK 1155 R68
1499 REPORT pending=388 idle=0 to_pickup=23 delivering=35 to_charger=20 charging=1 dead=1 hot=6,1,13
SUMMARY delivered=709 lost=0 rejected=16 cancelled=29 open=446
LATENCY sum=127785 max=852 avg=180
ROBOT R0 15 1 40 TO_CHARGER 680 736
ROBOT R1 23 6 655 TO_PICKUP 605 800
ROBOT R2 18 1 9 TO_CHARGER 711 654
ROBOT R3 5 3 86 TO_CHARGER 634 759
ROBOT R4 9 8 390 DELIVERING 870 531
ROBOT R5 8 3 36 TO_CHARGER 684 761
ROBOT R6 17 26 544 DELIVERING 752 617
ROBOT R7 4 1 75 TO_CHARGER 645 702
ROBOT R8 5 10 640 TO_PICKUP 692 722
ROBOT R9 26 30 599 TO_PICKUP 661 691
ROBOT R10 36 1 399 DELIVERING 897 514
ROBOT R11 19 2 87 TO_CHARGER 633 725
ROBOT R12 6 15 368 DELIVERING 928 478
ROBOT R13 5 2 82 TO_CHARGER 638 752
ROBOT R14 35 27 615 DELIVERING 717 672
ROBOT R15 17 1 588 DELIVERING 744 569
ROBOT R16 6 1 683 TO_PICKUP 613 851
ROBOT R17 28 11 497 TO_PICKUP 799 612
ROBOT R18 2 4 342 TO_PICKUP 954 467
ROBOT R19 19 1 42 TO_CHARGER 678 720
ROBOT R20 7 2 558 DELIVERING 738 679
ROBOT R21 18 2 94 TO_CHARGER 626 805
ROBOT R22 5 34 432 DELIVERING 828 538
ROBOT R23 24 20 428 TO_PICKUP 868 532
ROBOT R24 37 9 411 TO_PICKUP 885 543
ROBOT R25 5 1 129 TO_CHARGER 591 818
ROBOT R26 16 2 23 TO_CHARGER 697 707
ROBOT R27 23 28 408 DELIVERING 924 512
ROBOT R28 15 2 92 TO_CHARGER 628 769
ROBOT R29 23 3 336 TO_PICKUP 924 460
ROBOT R30 1 6 443 TO_PICKUP 817 645
ROBOT R31 25 29 574 TO_PICKUP 722 546
ROBOT R32 26 29 597 DELIVERING 735 718
ROBOT R33 16 1 18 TO_CHARGER 702 743
ROBOT R34 26 36 386 DELIVERING 910 478
ROBOT R35 24 21 423 DELIVERING 801 578
ROBOT R36 9 1 131 TO_CHARGER 589 760
ROBOT R37 46 24 426 DELIVERING 834 582
ROBOT R38 12 2 646 TO_PICKUP 686 708
ROBOT R39 5 25 414 DELIVERING 810 588
ROBOT R40 12 35 573 TO_PICKUP 687 689
ROBOT R41 34 35 446 DELIVERING 814 643
ROBOT R42 11 23 569 TO_PICKUP 763 597
ROBOT R43 5 11 497 DELIVERING 835 575
ROBOT R44 29 35 369 DELIVERING 927 500
ROBOT R45 5 20 559 TO_PICKUP 737 716
ROBOT R46 5 8 382 DELIVERING 842 557
ROBOT R47 41 33 535 DELIVERING 761 622
ROBOT R48 15 21 369 DELIVERING 927 515
ROBOT R49 48 15 508 TO_PICKUP 788 640
ROBOT R50 11 35 494 TO_PICKUP 802 608
ROBOT R51 24 31 416 DELIVERING 880 548
ROBOT R52 26 20 510 DELIVERING 750 663
ROBOT R53 8 1 0 DEAD 720 704
ROBOT R54 14 3 394 DELIVERING 902 545
ROBOT R55 4 2 59 TO_CHARGER 661 763
ROBOT R56 26 21 613 DELIVERING 683 655
ROBOT R57 6 29 407 TO_PICKUP 889 495
ROBOT R58 47 14 24 TO_CHARGER 696 763
ROBOT R59 48 13 519 DELIVERING 705 717
ROBOT R60 47 13 301 DELIVERING 779 519
ROBOT R61 12 1 430 CHARGING 686 712
ROBOT R62 16 3 671 TO_PICKUP 697 706
ROBOT R63 6 2 146 TO_CHARGER 574 841
ROBOT R64 8 2 116 DELIVERING 604 782
ROBOT R65 25 20 432 TO_PICKUP 864 577
ROBOT R66 15 22 548 TO_PICKUP 748 535
ROBOT R67 34 30 511 DELIVERING 749 655
ROBOT R68 27 17 382 DELIVERING 950 510
ROBOT R69 8 1 71 TO_CHARGER 649 727
ROBOT R70 26 22 502 DELIVERING 722 692
ROBOT R71 3 1 65 TO_CHARGER 655 721
ROBOT R72 5 15 497 TO_PICKUP 763 706
ROBOT R73 28 20 469 DELIVERING 827 529
ROBOT R74 12 6 467 DELIVERING 901 509
ROBOT R75 27 20 562 DELIVERING 806 643
ROBOT R76 24 29 562 DELIVERING 806 607
ROBOT R77 23 20 550 TO_PICKUP 782 622
ROBOT R78 7 1 112 TO_CHARGER 608 790
ROBOT R79 24 28 447 DELIVERING 849 627
