60 46 5000
############################################################
#.....C.........C.........C.........C.........C............#
#..........................................................#
#..........................................................#
#.....#########..#########..######..#########..######..#...#
#..........................................................#
#..........................................................#
#.....########..########..#########..#######..#########....#
#..........................................................#
#..........................................................#
#.....######..########..#########..######..######..#####...#
#..........................................................#
#..........................................................#
#.....#########..#######..#######..#######..#########..#...#
#..........................................................#
#..........................................................#
#.....#########..#######..########..#########..######..#...#
#..........................................................#
#..........................................................#
#.....######..#########..########..########..#######..##...#
#..........................................................#
#..........................................................#
#.....########..#########..#######..#######..########..#...#
#..........................................................#
#..........................................................#
#.....######..########..#######..########..######..#####...#
#..........................................................#
#..........................................................#
#.....######..#######..#########..######..#######..#####...#
#..........................................................#
#..........................................................#
#.....########..#######..######..#######..#########..###...#
#..........................................................#
#..........................................................#
#.....#######..######..########..######..#########..####...#
#..........................................................#
#..........................................................#
#.....#########..########..########..#######..#########....#
#..........................................................#
#..........................................................#
#.....########..#########..#########..########..########...#
#..........................................................#
#..........................................................#
#..........................................................#
#..........................................................#
############################################################
PARAMS 848 42 212 30 50 3 50 2
ROBOTS 40
30 39
41 30
49 17
5 6
49 12
31 44
50 14
25 16
46 35
40 41
53 43
51 9
17 6
2 41
43 1
34 26
31 2
41 20
47 42
45 11
22 41
30 20
56 5
58 6
25 2
7 12
55 18
47 17
22 3
42 21
46 3
36 15
16 4
24 6
26 24
35 3
44 9
56 39
25 35
17 30
EVENTS 14276
0 ORDER 1 23 3 1 1 2
0 ORDER 2 41 14 2 3 0
0 ORDER 3 21 12 1 26 0
1 ORDER 4 49 36 2 11 0
1 ORDER 5 44 17 10 43 0
2 ORDER 6 30 24 12 43 0
2 ORDER 7 45 35 1 16 0
2 ORDER 8 41 3 33 44 1
3 ORDER 9 39 23 1 32 0
3 ORDER 10 45 39 4 43 0
3 ORDER 11 18 17 47 44 2
4 ORDER 12 38 12 1 29 0
4 ORDER 13 48 33 44 44 0
4 ORDER 14 19 33 39 43 1
5 ORDER 15 20 30 7 43 1
5 ORDER 16 47 23 9 43 2
6 ORDER 17 23 8 2 43 2
6 ORDER 18 17 18 2 22 0
6 ORDER 19 32 8 14 43 0
7 ORDER 20 18 9 2 13 0
7 ORDER 21 33 21 4 43 0
8 ORDER 22 48 38 21 43 0
8 ORDER 23 54 29 1 20 0
8 ORDER 24 28 33 21 44 1
9 ORDER 25 8 9 28 43 0
9 ORDER 26 55 5 20 44 0
10 ORDER 27 42 15 52 44 0
10 ORDER 28 43 9 2 5 1
10 ORDER 29 16 35 52 43 0
11 ORDER 30 27 38 3 6 1
11 ORDER 31 52 3 3 33 2
11 ORDER 32 34 30 26 43 0
12 ORDER 33 34 8 26 43 2
12 ORDER 34 18 21 28 44 0
12 ORDER 35 17 20 55 43 1
13 ORDER 36 53 36 58 44 2
13 ORDER 37 29 6 54 43 1
14 ORDER 38 55 35 2 18 0
14 ORDER 39 17 35 46 44 1
14 BLOCK 8 33
15 ORDER 40 30 32 26 44 2
15 ORDER 41 6 9 58 44 0
15 BLOCK 23 21
16 ORDER 42 39 29 3 30 0
16 ORDER 43 22 39 2 6 0
17 ORDER 44 28 27 2 34 0
17 ORDER 45 20 5 41 44 1
17 ORDER 46 49 35 32 44 1
18 ORDER 47 41 5 3 20 1
18 ORDER 48 43 36 2 1 0
19 ORDER 49 28 3 2 15 1
19 ORDER 50 35 14 3 25 0
20 ORDER 51 8 35 3 18 0
20 ORDER 52 55 21 14 43 0
20 ORDER 53 8 17 1 41 0
21 ORDER 54 17 39 41 44 0
21 ORDER 55 40 36 33 43 0
22 ORDER 56 12 5 2 15 1
22 ORDER 57 33 38 3 11 0
23 ORDER 58 8 9 3 43 0
23 ORDER 59 42 4 1 14 2
24 ORDER 60 46 18 29 43 0
24 ORDER 61 19 27 51 44 0
24 ORDER 62 6 9 53 43 0
25 CANCEL 30
25 ORDER 63 9 38 2 12 0
25 ORDER 64 27 36 4 44 0
26 ORDER 65 29 14 10 44 0
26 ORDER 66 26 32 3 28 0
27 ORDER 67 46 24 1 28 1
27 ORDER 68 15 18 3 33 0
27 ORDER 69 54 41 1 43 0
28 ORDER 70 25 33 12 43 2
28 ORDER 71 37 23 45 43 0
29 ORDER 72 36 21 1 38 1
29 ORDER 73 35 24 40 44 1
29 ORDER 74 39 11 14 43 0
30 ORDER 75 8 20 3 6 1
30 ORDER 76 30 12 2 28 0
31 ORDER 77 32 20 3 42 0
31 ORDER 78 8 41 24 44 1
32 ORDER 79 16 23 3 11 0
32 ORDER 80 37 38 17 44 2
32 ORDER 81 7 14 7 43 1
33 ORDER 82 39 11 23 43 0
33 ORDER 83 11 11 52 43 0
34 ORDER 84 8 6 1 20 0
34 ORDER 85 18 17 2 4 2
35 ORDER 86 22 3 29 43 0
35 ORDER 87 30 20 1 6 0
36 ORDER 88 34 26 32 43 1
36 ORDER 89 9 20 34 43 2
36 ORDER 90 55 39 2 10 2
37 ORDER 91 45 27 3 40 1
37 ORDER 92 48 5 30 43 1
37 ORDER 93 54 8 1 39 0
38 ORDER 94 8 26 3 10 0
38 ORDER 95 26 32 19 43 1
39 ORDER 96 17 35 53 43 0
39 ORDER 97 10 39 26 44 0
40 ORDER 98 30 9 12 44 0
40 ORDER 99 34 39 2 32 0
40 ORDER 100 39 32 46 43 0
41 ORDER 101 40 39 1 10 1
41 ORDER 102 12 15 1 14 1
41 ORDER 103 13 3 43 43 0
41 CANCEL 100103
42 ORDER 104 28 32 3 10 0
42 ORDER 105 38 17 3 30 0
42 ORDER 106 51 39 1 6 1
43 ORDER 107 41 20 3 5 0
43 ORDER 108 32 3 7 44 1
43 ORDER 109 38 20 37 43 0
44 ORDER 110 9 26 54 43 0
44 ORDER 111 14 24 32 44 1
45 ORDER 112 7 15 2 3 0
45 ORDER 113 21 3 2 31 3
45 ORDER 114 26 11 31 44 0
46 ORDER 115 11 30 1 44 1
46 ORDER 116 19 6 1 36 0
47 ORDER 117 15 27 3 1 0
47 ORDER 118 37 32 3 9 0
48 ORDER 119 49 35 3 3 1
48 ORDER 120 31 21 45 44 3
49 UNBLOCK 8 33
49 ORDER 121 47 23 2 14 1
49 ORDER 122 9 32 33 43 2
50 ORDER 123 19 27 42 43 1
50 ORDER 124 43 35 3 11 0
51 ORDER 125 35 14 58 43 0
51 ORDER 126 17 21 37 44 0
51 BLOCK 45 12
52 ORDER 127 27 18 2 1 0
52 ORDER 128 28 14 1 16 0
53 ORDER 129 36 26 37 44 0
53 ORDER 130 52 29 1 28 0
53 ORDER 131 37 5 3 23 1
54 ORDER 132 45 23 3 39 0
54 ORDER 133 31 3 1 34 0
54 ORDER 134 14 9 3 3 2
55 ORDER 135 37 36 1 44 1
55 ORDER 136 37 11 47 43 1
56 ORDER 137 19 14 3 31 3
56 ORDER 138 24 23 2 25 3
56 ORDER 139 9 9 2 8 0
57 ORDER 140 19 12 3 39 0
57 ORDER 141 28 30 5 44 2
58 ORDER 142 52 5 17 44 0
58 ORDER 143 30 35 3 9 0
58 ORDER 144 42 17 7 44 0
59 CANCEL 104
59 ORDER 145 41 38 3 7 0
59 ORDER 146 9 23 18 43 0
60 ORDER 147 49 30 41 44 3
60 ORDER 148 52 33 2 12 0
61 CANCEL 116
61 ORDER 149 26 33 54 44 1
61 ORDER 150 43 8 33 44 0
61 ORDER 151 38 11 1 23 1
62 ORDER 152 34 26 57 43 1
62 ORDER 153 39 29 1 28 0
63 ORDER 154 26 17 2 1 1
63 ORDER 155 20 6 2 44 0
64 ORDER 156 30 32 1 33 0
64 ORDER 157 36 3 2 10 0
64 ORDER 158 48 25 15 44 1
65 ORDER 159 32 12 11 44 3
65 ORDER 160 49 38 2 41 1
66 ORDER 161 34 27 27 44 0
66 ORDER 162 8 9 1 2 0
67 CANCEL 73
67 ORDER 163 17 32 53 43 0
67 ORDER 164 30 41 43 43 0
68 ORDER 165 40 9 1 23 0
68 ORDER 166 30 8 3 24 1
68 ORDER 167 9 26 2 23 0
69 ORDER 168 19 21 1 40 0
69 ORDER 169 20 6 38 44 0
69 ORDER 170 14 29 2 29 1
70 ORDER 171 38 41 23 43 0
70 ORDER 172 55 17 11 43 0
71 ORDER 173 41 41 2 20 0
71 ORDER 174 9 11 18 44 1
72 ORDER 175 29 18 3 40 1
72 ORDER 176 50 21 2 42 0
72 ORDER 177 8 39 3 23 0
73 ORDER 178 40 24 50 44 1
73 ORDER 179 46 35 9 43 1
74 ORDER 180 11 15 3 26 1
74 ORDER 181 46 27 2 21 0
75 ORDER 182 10 27 7 44 0
75 ORDER 183 38 26 49 43 1
75 ORDER 184 45 14 46 43 0
76 ORDER 185 43 41 23 44 0
76 ORDER 186 20 30 1 24 0
76 ORDER 187 54 39 6 43 0
77 ORDER 188 41 14 42 44 3
77 ORDER 189 8 33 38 44 0
78 ORDER 190 25 33 2 30 1
78 ORDER 191 39 30 8 43 0
79 ORDER 192 36 15 2 7 0
79 ORDER 193 23 27 1 36 0
80 ORDER 194 54 35 1 42 0
80 ORDER 195 33 38 3 41 0
81 CANCEL 17
81 ORDER 196 21 38 1 21 0
81 ORDER 197 14 27 3 31 1
82 ORDER 198 31 11 52 44 0
82 ORDER 199 52 3 18 44 0
83 ORDER 200 44 24 1 36 1
83 ORDER 201 20 39 1 3 0
84 ORDER 202 14 26 1 23 3
84 ORDER 203 46 27 2 34 0
85 ORDER 204 17 24 2 6 0
85 ORDER 205 19 20 3 13 0
85 ORDER 206 35 24 44 44 1
86 ORDER 207 30 20 12 44 0
86 ORDER 208 35 35 29 43 1
86 ORDER 209 51 36 51 43 1
87 ORDER 210 44 33 47 44 1
87 ORDER 211 12 33 21 44 1
88 ORDER 212 10 20 3 25 0
88 ORDER 213 39 27 5 43 0
88 ORDER 214 13 38 3 6 0
89 ORDER 215 42 39 14 44 1
89 ORDER 216 8 41 1 33 2
90 ORDER 217 8 14 51 44 0
90 ORDER 218 10 17 17 43 3
90 ORDER 219 17 23 14 43 1
91 ORDER 220 55 41 3 16 0
91 ORDER 221 18 8 11 43 0
92 ORDER 222 43 30 2 4 2
92 ORDER 223 20 5 20 43 1
92 ORDER 224 42 36 34 44 0
93 ORDER 225 27 11 2 33 0
93 ORDER 226 50 38 27 43 0
93 ORDER 227 45 32 2 43 0
94 ORDER 228 11 32 3 20 0
94 ORDER 229 25 27 3 16 0
95 CANCEL 159
95 ORDER 230 6 27 3 25 1
95 ORDER 231 49 32 34 43 1
95 ORDER 232 37 6 3 21 0
96 ORDER 233 16 41 27 44 0
96 ORDER 234 17 41 57 43 1
96 ORDER 235 28 17 3 37 1
97 CANCEL 130
97 ORDER 236 16 9 38 43 1
97 ORDER 237 26 32 4 44 0
97 ORDER 238 39 23 43 43 0
98 ORDER 239 46 26 6 44 1
98 ORDER 240 13 36 2 7 1
99 ORDER 241 37 17 1 26 1
99 ORDER 242 38 27 3 21 0
100 ORDER 243 11 35 3 39 0
100 ORDER 244 14 36 1 32 1
100 ORDER 245 45 33 3 11 0
101 ORDER 246 24 35 34 44 1
101 ORDER 247 30 35 1 4 2
102 ORDER 248 48 32 55 44 0
102 ORDER 249 16 27 38 43 0
103 ORDER 250 32 18 29 43 2
103 ORDER 251 21 30 26 44 0
103 ORDER 252 20 27 2 16 0
104 ORDER 253 10 27 1 24 0
104 ORDER 254 36 3 45 44 0
104 ORDER 255 44 5 3 6 1
105 ORDER 256 23 12 11 43 1
105 ORDER 257 13 30 7 43 0
105 ORDER 258 19 24 34 44 0
106 ORDER 259 52 41 23 43 0
106 ORDER 260 39 24 1 35 1
107 ORDER 261 39 29 20 43 0
107 ORDER 262 17 11 42 43 0
107 ORDER 263 17 20 43 43 2
108 ORDER 264 39 27 3 9 0
108 ORDER 265 27 12 1 9 1
108 ORDER 266 45 9 19 43 0
109 ORDER 267 51 23 58 44 1
109 ORDER 268 39 12 1 33 0
110 CANCEL 167
110 ORDER 269 21 23 3 10 0
110 ORDER 270 9 18 2 8 0
111 ORDER 271 36 17 6 43 2
111 ORDER 272 54 6 1 14 0
111 BLOCK 34 20
112 ORDER 273 48 5 11 44 0
112 ORDER 274 46 35 21 43 0
113 ORDER 275 44 15 18 43 0
113 ORDER 276 20 6 51 43 0
113 ORDER 277 51 12 47 44 2
114 ORDER 278 53 27 1 20 0
114 ORDER 279 47 36 2 19 2
114 ORDER 280 42 32 12 44 0
115 CANCEL 140
115 ORDER 281 13 17 3 16 1
115 ORDER 282 7 8 2 37 0
115 ORDER 283 29 17 33 43 1
116 ORDER 284 35 27 41 44 1
116 ORDER 285 22 18 5 43 0
117 ORDER 286 29 36 1 22 0
117 ORDER 287 48 9 17 43 0
117 ORDER 288 38 27 54 43 0
118 ORDER 289 52 3 3 1 3
118 ORDER 290 6 21 48 44 3
118 ORDER 291 30 30 2 33 2
119 ORDER 292 45 14 14 44 0
119 ORDER 293 22 5 2 31 0
120 UNBLOCK 23 21
120 ORDER 294 10 8 44 43 1
120 ORDER 295 46 30 2 23 0
121 ORDER 296 55 5 2 42 2
121 ORDER 297 39 15 1 22 0
122 ORDER 298 46 8 24 43 0
122 ORDER 299 31 15 1 11 0
123 ORDER 300 20 3 5 43 0
123 ORDER 301 17 31 1 36 2
124 ORDER 302 36 26 2 35 1
124 ORDER 303 31 20 12 44 1
125 CANCEL 285
125 ORDER 304 13 3 3 19 0
125 ORDER 305 43 38 3 26 2
126 ORDER 306 20 23 53 44 0
126 ORDER 307 20 35 1 11 0
126 ORDER 308 26 17 35 43 1
127 ORDER 309 9 21 9 43 0
127 ORDER 310 42 33 4 43 0
127 ORDER 311 45 24 52 43 0
128 ORDER 312 51 8 50 43 0
128 ORDER 313 53 36 25 44 2
128 ORDER 314 54 6 20 43 0
129 ORDER 315 19 11 25 44 0
129 ORDER 316 40 8 51 44 0
129 ORDER 317 55 39 3 43 1
130 ORDER 318 38 14 46 43 0
130 ORDER 319 27 8 1 40 0
131 ORDER 320 38 14 2 19 1
131 ORDER 321 54 33 2 1 0
132 CANCEL 223
132 ORDER 322 23 29 2 44 3
132 ORDER 323 19 23 24 44 0
133 ORDER 324 43 30 3 12 0
133 ORDER 325 35 20 3 25 0
133 ORDER 326 32 36 2 25 0
134 ORDER 327 9 23 38 44 2
134 ORDER 328 35 32 51 44 0
134 ORDER 329 51 6 1 31 0
135 ORDER 330 34 35 21 43 2
135 ORDER 331 21 15 4 44 1
135 ORDER 332 29 6 1 29 1
136 CANCEL 107
136 ORDER 333 52 39 2 40 0
136 ORDER 334 55 29 52 44 0
136 ORDER 335 36 11 18 44 0
137 ORDER 336 52 29 27 43 0
137 ORDER 337 37 35 40 44 0
137 ORDER 338 28 41 56 44 1
138 ORDER 339 45 9 1 23 0
138 ORDER 340 20 11 18 44 1
138 ORDER 341 52 33 31 43 0
139 ORDER 342 37 18 56 44 0
139 ORDER 343 11 20 1 10 0
139 ORDER 344 17 23 1 15 0
139 BLOCK 28 35
140 CANCEL 222
140 ORDER 345 20 30 1 17 0
140 ORDER 346 14 36 3 14 0
140 ORDER 347 18 17 45 43 0
141 CANCEL 58
141 ORDER 348 36 20 1 40 3
141 ORDER 349 52 29 27 44 0
141 ORDER 350 25 26 1 24 0
142 ORDER 351 21 30 3 40 0
142 ORDER 352 10 30 2 4 0
142 ORDER 353 55 15 12 43 2
143 ORDER 354 15 20 1 23 0
143 ORDER 355 43 35 3 25 0
144 ORDER 356 9 5 13 44 0
144 ORDER 357 11 35 55 44 1
144 ORDER 358 18 33 1 5 0
145 ORDER 359 27 17 1 39 2
145 ORDER 360 21 36 14 43 1
145 ORDER 361 41 14 3 18 0
146 CANCEL 225
146 ORDER 362 24 23 57 43 1
146 ORDER 363 40 21 11 43 0
147 ORDER 364 32 36 1 13 1
147 ORDER 365 23 6 43 44 0
148 ORDER 366 38 30 6 44 1
148 ORDER 367 11 39 1 6 0
149 ORDER 368 36 24 1 23 1
149 ORDER 369 46 38 2 7 0
150 ORDER 370 26 29 1 13 3
150 ORDER 371 22 41 25 43 0
150 ORDER 372 11 24 3 29 1
151 ORDER 373 52 6 52 43 2
151 ORDER 374 52 39 3 24 0
151 ORDER 375 18 38 3 13 1
152 ORDER 376 27 33 1 17 0
152 ORDER 377 7 15 28 44 1
152 ORDER 378 42 15 47 44 2
153 ORDER 379 45 30 2 31 0
153 ORDER 380 53 24 35 43 1
153 ORDER 381 54 35 3 22 0
154 CANCEL 230
154 ORDER 382 38 33 10 43 0
154 ORDER 383 9 33 3 5 0
154 ORDER 384 27 12 3 3 3
155 UNBLOCK 45 12
155 ORDER 385 20 27 3 31 2
155 ORDER 386 32 9 3 12 0
155 ORDER 387 48 17 1 4 0
156 CANCEL 284
156 ORDER 388 47 5 43 43 2
156 ORDER 389 20 17 58 44 0
157 ORDER 390 45 9 52 44 2
157 ORDER 391 42 17 1 13 0
158 CANCEL 125
158 ORDER 392 43 33 46 43 0
158 ORDER 393 47 24 29 43 0
159 ORDER 394 10 5 3 39 0
159 ORDER 395 20 24 29 44 2
159 ORDER 396 6 17 21 43 0
160 ORDER 397 34 27 6 43 3
160 ORDER 398 54 30 42 43 0
161 ORDER 399 42 30 17 43 2
161 ORDER 400 55 29 3 39 0
161 ORDER 401 55 16 2 12 1
162 ORDER 402 17 38 1 23 2
162 ORDER 403 20 12 3 44 1
163 ORDER 404 32 17 27 43 0
163 ORDER 405 17 24 33 43 0
164 ORDER 406 28 3 1 43 0
164 ORDER 407 48 14 1 21 0
165 ORDER 408 53 27 2 8 0
165 ORDER 409 13 39 3 32 1
165 ORDER 410 23 3 1 9 0
166 ORDER 411 15 24 39 44 2
166 ORDER 412 37 30 1 1 0
166 ORDER 413 51 11 21 43 0
167 ORDER 414 52 12 3 17 2
167 ORDER 415 12 33 2 38 0
167 ORDER 416 54 35 2 27 1
168 ORDER 417 41 17 10 44 1
168 ORDER 418 16 30 11 44 1
168 ORDER 419 20 15 2 29 0
169 ORDER 420 52 24 2 17 0
169 ORDER 421 54 29 35 44 0
170 ORDER 422 48 41 21 43 1
170 ORDER 423 22 20 30 44 1
170 ORDER 424 42 41 25 43 2
171 ORDER 425 40 26 1 39 3
171 ORDER 426 27 30 53 43 0
172 CANCEL 96
172 ORDER 427 37 35 1 8 0
172 ORDER 428 49 18 26 44 2
173 ORDER 429 6 36 3 2 0
173 ORDER 430 29 9 54 43 1
173 ORDER 431 14 24 3 32 0
174 ORDER 432 51 15 1 44 0
174 ORDER 433 41 20 1 11 1
174 ORDER 434 13 38 1 21 0
175 ORDER 435 19 23 2 22 0
175 ORDER 436 22 6 3 17 0
176 CANCEL 395
176 ORDER 437 53 29 3 33 0
176 ORDER 438 40 38 1 19 2
177 CANCEL 413
177 ORDER 439 26 17 1 6 3
177 ORDER 440 52 27 42 44 0
177 ORDER 441 52 17 1 37 0
178 CANCEL 188
178 ORDER 442 46 14 2 43 2
178 ORDER 443 28 36 35 44 2
178 ORDER 444 37 11 11 44 2
179 ORDER 445 41 41 2 37 1
179 ORDER 446 48 12 10 44 0
180 ORDER 447 52 21 1 25 3
180 ORDER 448 37 35 50 44 0
180 ORDER 449 12 30 3 42 0
181 ORDER 450 17 36 22 43 0
181 ORDER 451 42 5 3 21 0
181 ORDER 452 55 27 1 20 0
182 CANCEL 207
182 CANCEL 292
182 ORDER 453 36 33 1 36 0
182 ORDER 454 43 38 53 43 0
183 ORDER 455 39 5 43 44 1
183 ORDER 456 16 11 51 44 0
184 ORDER 457 50 41 51 44 0
184 ORDER 458 7 15 1 19 2
184 ORDER 459 29 9 1 34 0
185 ORDER 460 47 24 2 8 0
185 ORDER 461 51 11 1 2 1
185 ORDER 462 41 3 3 9 0
186 ORDER 463 30 30 1 28 1
186 ORDER 464 11 36 37 44 1
187 CANCEL 164
187 ORDER 465 21 5 2 2 1
187 ORDER 466 11 17 24 43 0
187 ORDER 467 46 20 15 43 0
188 ORDER 468 26 12 25 44 1
188 ORDER 469 29 3 1 42 0
189 ORDER 470 10 21 2 27 0
189 ORDER 471 27 20 2 15 1
190 ORDER 472 55 18 1 14 2
190 ORDER 473 35 20 52 44 2
190 ORDER 474 49 23 29 43 0
191 CANCEL 21
191 ORDER 475 41 15 44 43 1
191 ORDER 476 21 11 5 44 3
192 ORDER 477 28 34 1 26 0
192 ORDER 478 37 5 3 20 1
192 ORDER 479 47 5 1 34 0
193 ORDER 480 36 5 30 43 1
193 ORDER 481 37 33 3 11 0
193 ORDER 482 51 3 40 44 0
193 BLOCK 53 18
194 CANCEL 49
194 ORDER 483 51 23 34 44 1
194 ORDER 484 35 26 3 41 0
194 ORDER 485 52 36 2 24 1
195 ORDER 486 24 26 8 43 0
195 ORDER 487 33 23 2 37 2
195 ORDER 488 13 32 38 43 1
196 ORDER 489 47 11 1 13 1
196 ORDER 490 26 27 2 23 1
196 ORDER 491 36 3 11 43 0
197 ORDER 492 32 8 4 43 0
197 ORDER 493 52 17 55 43 1
198 ORDER 494 20 39 3 3 0
198 ORDER 495 27 11 2 4 0
199 ORDER 496 29 15 2 41 1
199 ORDER 497 8 9 3 12 0
200 ORDER 498 51 41 2 23 0
200 ORDER 499 54 9 1 6 0
201 ORDER 500 18 27 38 44 0
201 ORDER 501 29 35 37 44 0
202 ORDER 502 8 15 5 43 0
202 ORDER 503 48 12 1 13 3
202 ORDER 504 52 29 30 44 0
203 ORDER 505 28 15 1 41 0
203 ORDER 506 8 9 1 37 0
204 ORDER 507 37 17 22 43 0
204 ORDER 508 51 11 2 4 0
204 ORDER 509 7 41 30 43 0
205 ORDER 510 37 30 2 33 1
205 ORDER 511 7 17 1 7 0
205 ORDER 512 7 17 2 4 0
206 ORDER 513 55 14 3 40 2
206 ORDER 514 29 24 3 35 3
207 ORDER 515 45 14 1 1 0
207 ORDER 516 55 3 1 37 0
207 ORDER 517 10 30 2 34 1
208 ORDER 518 36 35 1 42 0
208 ORDER 519 47 17 10 44 1
209 CANCEL 254
209 CANCEL 282
209 ORDER 520 33 39 1 23 1
209 ORDER 521 31 21 1 38 1
210 ORDER 522 26 6 40 43 1
210 ORDER 523 26 33 18 43 0
210 ORDER 524 26 8 1 21 3
211 ORDER 525 13 5 21 44 1
211 ORDER 526 39 3 22 43 0
211 ORDER 527 29 18 33 43 0
212 ORDER 528 47 33 32 43 0
212 ORDER 529 52 15 22 44 0
212 ORDER 530 22 18 2 43 0
213 ORDER 531 31 6 3 29 0
213 ORDER 532 27 35 2 36 0
213 ORDER 533 37 38 35 43 1
214 ORDER 534 27 41 2 19 1
214 ORDER 535 46 38 2 35 0
215 ORDER 536 24 39 28 44 0
215 ORDER 537 37 3 18 43 0
215 ORDER 538 10 38 21 43 0
216 ORDER 539 31 3 12 43 0
216 ORDER 540 33 33 3 10 0
217 ORDER 541 37 14 1 12 0
217 ORDER 542 27 35 39 44 0
218 ORDER 543 20 21 2 24 2
218 ORDER 544 50 21 10 44 0
219 CANCEL 293
219 ORDER 545 22 14 14 44 0
219 ORDER 546 44 15 1 34 1
220 UNBLOCK 34 20
220 ORDER 547 28 36 1 40 0
220 ORDER 548 52 29 1 37 1
220 ORDER 549 24 38 26 43 0
221 CANCEL 520
221 ORDER 550 11 38 54 44 0
221 ORDER 551 44 15 3 37 0
222 ORDER 552 44 33 14 43 0
222 ORDER 553 48 9 50 43 1
223 ORDER 554 55 3 8 43 0
223 ORDER 555 29 21 50 43 1
223 ORDER 556 36 32 19 43 0
224 ORDER 557 36 5 1 37 1
224 ORDER 558 22 3 3 43 0
224 BLOCK 54 5
225 ORDER 559 7 41 1 39 1
225 ORDER 560 12 8 2 4 0
225 ORDER 561 8 3 1 9 1
226 ORDER 562 27 21 24 43 0
226 ORDER 563 53 35 2 28 0
226 ORDER 564 49 17 1 25 0
227 ORDER 565 28 8 52 44 0
227 ORDER 566 32 38 28 44 0
227 ORDER 567 28 35 2 12 1
228 ORDER 568 45 11 10 43 0
228 ORDER 569 55 35 58 44 2
229 CANCEL 351
229 ORDER 570 31 3 2 2 0
229 ORDER 571 38 9 3 3 0
229 ORDER 572 52 35 47 44 1
229 BLOCK 48 6
230 UNBLOCK 28 35
230 ORDER 573 39 3 2 37 2
230 ORDER 574 9 9 52 43 1
231 ORDER 575 7 29 2 20 0
231 ORDER 576 53 32 5 44 1
232 ORDER 577 17 6 3 1 0
232 ORDER 578 44 32 11 43 0
233 ORDER 579 32 12 1 14 0
233 ORDER 580 8 36 1 25 1
233 ORDER 581 49 21 2 5 2
234 ORDER 582 8 39 45 44 1
234 ORDER 583 36 35 3 13 0
234 BLOCK 34 11
235 ORDER 584 38 36 1 43 0
235 ORDER 585 53 29 2 31 1
236 ORDER 586 9 12 3 14 0
236 ORDER 587 20 33 1 25 1
236 ORDER 588 16 35 2 21 2
237 ORDER 589 41 17 32 44 2
237 ORDER 590 47 23 37 43 0
237 ORDER 591 18 33 3 22 0
238 ORDER 592 16 26 3 26 1
238 ORDER 593 11 21 2 37 1
238 ORDER 594 17 29 2 27 1
239 ORDER 595 52 29 2 4 1
239 ORDER 596 51 20 2 32 2
239 ORDER 597 49 5 3 27 0
240 ORDER 598 26 27 1 14 1
240 ORDER 599 49 35 3 27 2
240 ORDER 600 10 5 1 20 0
241 ORDER 601 26 35 28 44 0
241 ORDER 602 18 30 11 44 0
241 ORDER 603 40 18 20 43 0
242 ORDER 604 52 24 54 43 0
242 ORDER 605 19 39 52 44 0
242 ORDER 606 10 8 1 5 0
243 ORDER 607 51 41 2 43 0
243 ORDER 608 22 39 8 43 2
243 ORDER 609 32 21 51 43 0
244 CANCEL 447
244 ORDER 610 19 11 1 13 0
244 ORDER 611 53 29 3 12 1
245 ORDER 612 20 20 18 44 0
245 ORDER 613 10 23 2 16 0
246 ORDER 614 45 18 3 15 0
246 ORDER 615 10 23 3 12 1
247 ORDER 616 32 21 33 43 1
247 ORDER 617 37 18 3 29 0
248 ORDER 618 9 14 1 9 0
248 ORDER 619 13 32 1 4 2
248 ORDER 620 43 24 32 43 1
249 ORDER 621 39 18 14 43 0
249 ORDER 622 20 14 1 12 1
249 ORDER 623 43 39 3 40 0
250 ORDER 624 55 39 33 44 0
250 ORDER 625 32 14 1 5 1
251 ORDER 626 8 38 2 22 0
251 ORDER 627 28 6 1 22 0
251 ORDER 628 25 29 5 44 1
252 ORDER 629 54 11 14 43 2
252 ORDER 630 50 23 22 44 0
252 ORDER 631 48 21 1 30 1
253 CANCEL 211
253 ORDER 632 13 23 21 43 1
253 ORDER 633 12 8 54 44 0
254 ORDER 634 27 29 33 44 1
254 ORDER 635 53 30 3 10 0
254 ORDER 636 19 14 3 6 1
255 ORDER 637 14 11 2 2 0
255 ORDER 638 8 6 39 44 0
255 ORDER 639 52 38 2 43 0
256 ORDER 640 33 3 1 11 0
256 ORDER 641 40 18 1 31 1
257 ORDER 642 34 35 19 43 1
257 ORDER 643 31 21 3 13 1
257 ORDER 644 20 32 20 43 1
258 ORDER 645 11 29 2 3 0
258 ORDER 646 11 17 2 37 2
259 ORDER 647 18 9 49 44 0
259 ORDER 648 41 14 1 9 0
259 ORDER 649 42 5 22 44 0
260 ORDER 650 17 5 2 22 1
260 ORDER 651 8 12 2 36 1
261 CANCEL 354
261 ORDER 652 47 30 57 44 0
261 ORDER 653 20 26 36 43 1
261 ORDER 654 29 8 1 34 0
262 CANCEL 312
262 ORDER 655 10 32 3 10 2
262 ORDER 656 33 36 2 2 0
263 ORDER 657 43 5 13 43 0
263 ORDER 658 10 33 1 21 1
263 ORDER 659 47 3 47 44 0
264 ORDER 660 46 27 34 43 0
264 ORDER 661 46 9 2 1 0
264 ORDER 662 9 9 1 15 0
265 ORDER 663 36 23 3 40 0
265 ORDER 664 11 29 2 21 0
265 ORDER 665 26 17 13 44 1
266 ORDER 666 36 5 42 43 1
266 ORDER 667 29 23 3 35 0
267 ORDER 668 49 8 13 43 0
267 ORDER 669 39 15 1 6 0
268 CANCEL 247
268 CANCEL 535
268 UNBLOCK 54 5
268 ORDER 670 27 11 18 43 3
268 ORDER 671 44 27 1 7 0
268 BLOCK 37 41
269 ORDER 672 23 15 40 44 2
269 ORDER 673 42 36 2 40 0
269 ORDER 674 38 17 2 33 1
270 CANCEL 571
270 CANCEL 602
270 ORDER 675 38 33 55 43 0
270 ORDER 676 43 11 2 25 0
270 ORDER 677 23 5 7 43 1
271 ORDER 678 23 38 10 43 0
271 ORDER 679 19 41 3 4 0
271 ORDER 680 6 36 33 43 2
272 CANCEL 199
272 ORDER 681 9 35 1 31 0
272 ORDER 682 29 39 2 44 1
273 ORDER 683 35 29 45 44 1
273 ORDER 684 16 24 1 4 0
274 CANCEL 450
274 ORDER 685 43 32 39 44 0
274 ORDER 686 20 30 54 44 0
274 ORDER 687 48 33 43 43 0
274 BLOCK 20 5
275 CANCEL 304
275 ORDER 688 9 32 41 44 1
275 ORDER 689 29 29 2 13 1
276 CANCEL 344
276 ORDER 690 44 14 38 43 0
276 ORDER 691 55 5 41 43 1
276 ORDER 692 29 21 27 43 0
277 ORDER 693 44 39 3 26 0
277 ORDER 694 9 15 1 29 0
278 ORDER 695 28 11 21 44 0
278 ORDER 696 14 29 3 25 2
278 ORDER 697 6 36 1 7 3
278 BLOCK 42 26
279 ORDER 698 31 8 36 44 1
279 ORDER 699 8 27 48 43 0
280 ORDER 700 30 12 3 38 1
280 ORDER 701 21 9 8 43 1
280 ORDER 702 12 35 2 33 1
281 CANCEL 400
281 ORDER 703 39 31 32 43 1
281 ORDER 704 32 11 1 24 0
281 ORDER 705 7 15 3 21 0
282 ORDER 706 31 5 1 43 0
282 ORDER 707 50 6 3 44 0
283 CANCEL 406
283 ORDER 708 47 9 2 23 0
283 ORDER 709 27 35 55 44 0
283 ORDER 710 41 19 1 28 2
284 ORDER 711 35 27 13 43 1
284 ORDER 712 12 30 3 23 0
285 ORDER 713 33 36 1 37 0
285 ORDER 714 24 9 2 16 0
285 ORDER 715 22 3 54 44 0
286 ORDER 716 9 14 53 43 0
286 ORDER 717 30 36 1 31 1
287 ORDER 718 20 17 1 33 0
287 ORDER 719 29 23 2 14 0
288 ORDER 720 28 27 6 43 0
288 ORDER 721 46 30 56 44 2
289 ORDER 722 9 5 25 43 1
289 ORDER 723 24 11 41 44 0
290 ORDER 724 53 32 2 29 1
290 ORDER 725 18 32 3 7 0
291 ORDER 726 24 5 3 27 2
291 ORDER 727 42 33 36 43 0
292 ORDER 728 35 26 1 2 0
292 ORDER 729 6 23 53 44 0
293 ORDER 730 7 23 2 27 0
293 ORDER 731 8 5 2 36 0
293 BLOCK 55 2
294 ORDER 732 7 32 3 1 0
294 ORDER 733 32 11 27 43 0
295 ORDER 734 8 32 36 44 0
295 ORDER 735 7 17 2 17 2
296 CANCEL 666
296 ORDER 736 39 39 44 44 0
296 ORDER 737 24 5 4 43 1
296 ORDER 738 30 12 24 44 0
297 ORDER 739 28 20 3 19 1
297 ORDER 740 11 11 45 44 1
298 CANCEL 655
298 ORDER 741 23 33 5 43 2
298 ORDER 742 6 24 3 6 0
299 ORDER 743 31 8 2 1 0
299 ORDER 744 13 15 51 44 0
300 ORDER 745 20 27 36 43 3
300 ORDER 746 48 38 2 33 1
301 ORDER 747 50 6 25 44 0
301 ORDER 748 37 35 1 4 0
301 ORDER 749 31 23 2 9 0
302 ORDER 750 44 41 12 44 0
302 ORDER 751 10 17 4 44 0
302 ORDER 752 44 30 31 43 0
303 CANCEL 353
303 ORDER 753 19 29 2 26 0
303 ORDER 754 27 11 3 15 1
303 ORDER 755 32 12 2 31 0
304 CANCEL 378
304 ORDER 756 25 20 3 13 0
304 ORDER 757 38 20 19 43 0
304 ORDER 758 51 21 1 17 0
305 ORDER 759 38 11 1 38 0
305 ORDER 760 41 3 3 42 1
305 ORDER 761 10 18 1 15 2
306 ORDER 762 38 3 21 43 0
306 ORDER 763 12 30 1 38 0
306 ORDER 764 30 41 50 44 0
307 ORDER 765 36 14 3 16 0
307 ORDER 766 36 9 2 44 1
308 CANCEL 757
308 ORDER 767 8 23 2 28 0
308 ORDER 768 35 41 41 43 2
309 ORDER 769 37 21 3 3 0
309 ORDER 770 34 8 1 28 0
310 ORDER 771 51 27 48 43 0
310 ORDER 772 37 23 3 38 0
310 ORDER 773 31 9 1 34 0
311 CANCEL 682
311 ORDER 774 7 5 55 44 0
311 ORDER 775 47 14 34 44 0
312 UNBLOCK 53 18
312 ORDER 776 35 24 1 17 0
312 ORDER 777 39 41 27 44 1
313 ORDER 778 26 24 1 38 2
313 ORDER 779 45 29 13 43 1
314 ORDER 780 39 21 55 44 1
314 ORDER 781 32 5 3 19 1
314 ORDER 782 50 12 26 43 1
315 CANCEL 683
315 ORDER 783 30 35 3 35 2
315 ORDER 784 54 9 1 42 0
315 ORDER 785 47 8 2 6 0
316 ORDER 786 53 27 1 20 1
316 ORDER 787 40 11 46 44 2
317 ORDER 788 14 26 2 8 0
317 ORDER 789 7 8 56 43 1
317 ORDER 790 37 6 10 43 0
318 ORDER 791 14 29 1 39 1
318 ORDER 792 16 20 1 1 1
318 ORDER 793 10 9 31 44 0
319 CANCEL 644
319 ORDER 794 41 6 2 11 1
319 ORDER 795 29 21 38 44 0
320 ORDER 796 11 21 3 2 0
320 ORDER 797 6 18 20 43 0
320 ORDER 798 37 11 2 28 1
321 ORDER 799 9 9 2 5 0
321 ORDER 800 49 5 3 14 0
322 CANCEL 793
322 ORDER 801 17 11 24 44 0
322 ORDER 802 41 8 16 44 1
323 ORDER 803 47 35 2 12 2
323 ORDER 804 30 11 29 43 0
324 CANCEL 376
324 ORDER 805 10 11 1 36 0
324 ORDER 806 47 3 17 43 0
325 ORDER 807 11 38 2 41 0
325 ORDER 808 31 36 6 44 0
326 ORDER 809 51 20 2 41 0
326 ORDER 810 48 5 3 18 0
327 ORDER 811 51 38 2 5 0
327 ORDER 812 20 6 3 43 0
327 ORDER 813 42 21 3 25 0
328 ORDER 814 39 29 3 37 0
328 ORDER 815 6 15 37 44 0
328 ORDER 816 10 36 10 43 0
328 BLOCK 52 26
329 ORDER 817 39 23 3 23 1
329 ORDER 818 49 35 1 23 0
330 CANCEL 368
330 ORDER 819 55 24 1 38 1
330 ORDER 820 7 27 19 43 0
330 ORDER 821 30 20 18 43 0
331 ORDER 822 48 3 28 44 1
331 ORDER 823 38 8 1 41 0
332 ORDER 824 30 16 1 27 1
332 ORDER 825 9 14 33 43 1
333 ORDER 826 21 6 2 43 0
333 ORDER 827 38 30 1 17 0
334 ORDER 828 36 17 37 43 1
334 ORDER 829 12 12 2 22 1
334 ORDER 830 51 36 44 43 0
335 ORDER 831 19 18 2 8 0
335 ORDER 832 18 5 1 26 0
336 UNBLOCK 34 11
336 ORDER 833 48 20 1 24 1
336 ORDER 834 39 27 1 5 1
336 ORDER 835 28 9 3 44 1
337 ORDER 836 34 26 4 43 0
337 ORDER 837 24 9 56 43 0
337 ORDER 838 6 23 1 43 0
338 CANCEL 414
338 ORDER 839 23 6 21 44 0
338 ORDER 840 43 9 3 2 1
338 ORDER 841 47 18 2 32 0
339 CANCEL 677
339 ORDER 842 9 35 1 31 0
339 ORDER 843 55 29 3 41 0
339 ORDER 844 24 27 1 21 0
339 BLOCK 25 14
340 ORDER 845 10 41 3 27 2
340 ORDER 846 23 41 49 44 0
340 ORDER 847 36 27 2 31 0
341 ORDER 848 51 9 3 3 0
341 ORDER 849 19 20 36 43 1
342 ORDER 850 31 29 35 44 3
342 ORDER 851 38 27 23 43 0
342 ORDER 852 22 15 42 43 2
343 ORDER 853 47 32 2 43 1
343 ORDER 854 29 8 1 27 2
343 ORDER 855 10 9 43 44 0
344 ORDER 856 28 32 1 43 2
344 ORDER 857 55 30 48 44 0
345 ORDER 858 38 12 31 44 2
345 ORDER 859 13 41 9 43 0
346 ORDER 860 52 27 1 25 0
346 ORDER 861 28 24 2 33 0
347 CANCEL 662
347 ORDER 862 41 39 1 18 0
347 ORDER 863 38 12 1 20 2
347 ORDER 864 23 41 55 43 1
348 CANCEL 468
348 ORDER 865 11 15 50 44 0
348 ORDER 866 11 27 21 44 0
349 UNBLOCK 37 41
349 ORDER 867 8 30 2 17 0
349 ORDER 868 47 23 6 43 0
350 CANCEL 743
350 ORDER 869 54 41 3 39 0
350 ORDER 870 31 36 3 35 1
351 ORDER 871 8 14 1 8 0
351 ORDER 872 46 8 1 21 0
352 CANCEL 427
352 ORDER 873 31 27 43 43 1
352 ORDER 874 11 36 2 1 1
352 ORDER 875 54 41 2 12 0
353 CANCEL 524
353 ORDER 876 38 27 1 18 2
353 ORDER 877 39 27 20 44 0
354 ORDER 878 23 6 32 44 2
354 ORDER 879 54 11 2 33 0
354 ORDER 880 52 41 2 14 0
355 ORDER 881 13 36 32 43 1
355 ORDER 882 9 23 1 32 0
355 ORDER 883 13 12 3 11 0
355 BLOCK 36 6
356 ORDER 884 9 38 1 24 0
356 ORDER 885 29 14 45 44 0
357 ORDER 886 18 6 2 36 0
357 ORDER 887 17 18 45 43 1
357 ORDER 888 28 11 53 43 0
358 ORDER 889 26 27 11 43 0
358 ORDER 890 55 14 3 16 0
358 BLOCK 52 31
359 ORDER 891 19 41 3 25 0
359 ORDER 892 10 29 1 19 0
360 ORDER 893 48 15 2 21 2
360 ORDER 894 39 26 1 41 0
360 ORDER 895 12 21 2 2 1
361 CANCEL 542
361 ORDER 896 44 3 58 43 0
361 ORDER 897 20 15 53 44 1
361 ORDER 898 10 16 2 14 3
362 ORDER 899 22 18 15 43 1
362 ORDER 900 34 33 1 35 0
363 ORDER 901 19 23 2 25 1
363 ORDER 902 34 32 38 43 1
363 ORDER 903 42 18 2 9 1
364 ORDER 904 11 38 3 24 0
364 ORDER 905 52 36 51 43 1
364 ORDER 906 27 10 55 43 0
365 ORDER 907 25 32 17 44 0
365 ORDER 908 39 18 2 22 0
366 ORDER 909 46 32 57 43 0
366 ORDER 910 31 17 2 16 0
366 ORDER 911 22 6 58 44 0
367 ORDER 912 55 33 2 1 2
367 ORDER 913 21 41 3 20 0
368 ORDER 914 19 3 21 44 1
368 ORDER 915 12 32 23 43 0
368 ORDER 916 38 23 39 44 0
369 CANCEL 803
369 ORDER 917 10 20 3 24 2
369 ORDER 918 24 26 2 4 1
370 ORDER 919 32 11 2 26 0
370 ORDER 920 44 17 3 36 0
371 ORDER 921 30 39 44 44 0
371 ORDER 922 16 18 12 44 0
372 ORDER 923 40 24 1 10 1
372 ORDER 924 45 12 34 43 0
373 CANCEL 689
373 ORDER 925 26 29 58 43 0
373 ORDER 926 8 23 3 11 1
373 ORDER 927 50 41 2 12 0
374 CANCEL 599
374 ORDER 928 37 18 31 43 0
374 ORDER 929 39 38 1 2 1
374 ORDER 930 36 29 56 43 0
375 ORDER 931 37 21 2 31 3
375 ORDER 932 9 9 3 23 1
375 ORDER 933 15 11 1 7 0
376 ORDER 934 42 38 1 18 3
376 ORDER 935 50 23 47 44 0
377 UNBLOCK 48 6
377 ORDER 936 31 27 1 3 0
377 ORDER 937 30 36 50 43 1
377 ORDER 938 11 15 2 12 1
378 ORDER 939 14 12 21 44 0
378 ORDER 940 23 3 1 38 0
378 ORDER 941 35 29 2 17 1
379 CANCEL 716
379 CANCEL 729
379 ORDER 942 55 24 35 44 2
379 ORDER 943 44 9 2 41 0
380 CANCEL 760
380 ORDER 944 32 18 1 12 1
380 ORDER 945 17 11 3 31 0
381 ORDER 946 37 8 1 24 1
381 ORDER 947 6 3 45 44 3
381 ORDER 948 45 24 3 20 0
381 BLOCK 53 33
382 ORDER 949 40 6 39 43 0
382 ORDER 950 13 8 2 44 0
382 ORDER 951 28 23 55 44 0
383 ORDER 952 22 8 35 43 0
383 ORDER 953 10 17 4 44 2
384 ORDER 954 44 26 2 33 0
384 ORDER 955 50 8 9 44 0
384 ORDER 956 55 11 6 44 1
385 ORDER 957 16 35 46 44 0
385 ORDER 958 16 18 50 44 0
386 ORDER 959 30 3 2 31 0
386 ORDER 960 11 26 37 43 1
387 ORDER 961 43 29 3 5 3
387 ORDER 962 38 29 54 43 0
388 CANCEL 590
388 CANCEL 593
388 ORDER 963 37 18 2 23 1
388 ORDER 964 26 17 2 6 3
388 ORDER 965 28 29 3 30 0
389 CANCEL 620
389 CANCEL 897
389 ORDER 966 19 14 1 9 1
389 ORDER 967 41 14 35 43 0
390 ORDER 968 39 18 58 43 1
390 ORDER 969 26 9 49 43 0
391 UNBLOCK 20 5
391 ORDER 970 20 6 20 44 0
391 ORDER 971 7 6 38 44 2
392 ORDER 972 11 13 2 26 0
392 ORDER 973 7 12 3 38 0
392 ORDER 974 19 29 29 43 1
393 UNBLOCK 52 26
393 ORDER 975 52 29 3 26 0
393 ORDER 976 51 38 57 44 0
394 CANCEL 592
394 ORDER 977 25 20 3 19 2
394 ORDER 978 14 26 3 2 0
394 ORDER 979 19 6 19 43 0
395 ORDER 980 26 17 2 23 0
395 ORDER 981 32 14 18 44 0
396 ORDER 982 54 8 3 28 1
396 ORDER 983 28 14 4 43 1
396 ORDER 984 42 36 24 43 3
397 ORDER 985 43 3 21 44 0
397 ORDER 986 14 24 21 43 3
398 ORDER 987 28 17 22 44 0
398 ORDER 988 7 36 1 34 0
398 ORDER 989 21 8 9 44 2
399 ORDER 990 9 20 24 43 0
399 ORDER 991 30 21 9 44 1
399 ORDER 992 15 27 9 43 0
400 ORDER 993 51 21 3 7 0
400 ORDER 994 41 35 2 17 1
401 CANCEL 596
401 ORDER 995 9 21 1 40 1
401 ORDER 996 9 35 2 24 1
401 ORDER 997 30 14 55 44 1
402 ORDER 998 36 20 29 43 0
402 ORDER 999 13 32 3 36 1
402 BLOCK 37 38
403 ORDER 1000 38 18 15 44 2
403 ORDER 1001 45 39 1 32 0
403 ORDER 1002 40 5 2 1 0
403 BLOCK 52 3
404 ORDER 1003 37 36 1 6 1
404 ORDER 1004 32 6 2 44 1
405 ORDER 1005 52 24 22 44 0
405 ORDER 1006 35 35 3 31 0
406 ORDER 1007 47 35 3 15 1
406 ORDER 1008 34 33 2 20 1
406 ORDER 1009 16 33 1 20 1
407 ORDER 1010 27 12 3 26 0
407 ORDER 1011 38 36 3 29 0
408 ORDER 1012 39 14 3 7 0
408 ORDER 1013 33 15 2 32 2
408 ORDER 1014 7 3 37 43 1
409 ORDER 1015 8 36 51 44 0
409 ORDER 1016 8 27 2 41 0
409 ORDER 1017 21 5 54 43 2
410 ORDER 1018 30 14 10 44 1
410 ORDER 1019 35 26 2 44 0
411 ORDER 1020 42 17 56 43 0
411 ORDER 1021 43 15 39 44 0
411 ORDER 1022 8 23 3 6 0
412 UNBLOCK 52 31
412 ORDER 1023 19 24 2 26 0
412 ORDER 1024 6 20 11 43 0
412 ORDER 1025 30 23 2 38 2
413 ORDER 1026 15 20 3 28 2
413 ORDER 1027 53 41 52 43 0
414 ORDER 1028 29 14 1 5 0
414 ORDER 1029 18 8 25 44 1
415 UNBLOCK 42 26
415 ORDER 1030 49 20 10 44 3
415 ORDER 1031 55 27 2 41 1
415 ORDER 1032 6 33 33 44 0
416 ORDER 1033 29 18 3 29 1
416 ORDER 1034 11 30 2 14 0
416 ORDER 1035 44 39 55 44 1
417 ORDER 1036 37 38 3 37 0
417 ORDER 1037 11 27 2 10 1
418 ORDER 1038 48 5 37 44 0
418 ORDER 1039 18 27 32 44 0
419 ORDER 1040 28 8 2 36 0
419 ORDER 1041 37 9 3 33 0
419 ORDER 1042 37 11 53 43 0
420 ORDER 1043 38 32 3 29 0
420 ORDER 1044 38 38 2 2 1
421 ORDER 1045 53 29 13 43 0
421 ORDER 1046 21 15 3 39 0
422 ORDER 1047 26 26 42 44 0
422 ORDER 1048 45 33 48 44 0
422 ORDER 1049 38 9 40 43 1
423 CANCEL 982
423 ORDER 1050 41 5 13 43 0
423 ORDER 1051 12 23 48 44 0
423 ORDER 1052 52 15 23 44 0
424 ORDER 1053 45 14 2 8 1
424 ORDER 1054 15 33 3 9 3
424 ORDER 1055 23 8 22 43 0
425 ORDER 1056 8 35 18 44 1
425 ORDER 1057 42 32 1 14 1
425 ORDER 1058 17 17 3 11 0
426 UNBLOCK 55 2
426 ORDER 1059 39 5 3 32 1
426 ORDER 1060 38 8 39 43 1
427 ORDER 1061 40 11 32 43 0
427 ORDER 1062 40 12 51 44 2
428 ORDER 1063 9 36 28 43 0
428 ORDER 1064 44 32 24 43 0
428 ORDER 1065 9 35 1 19 0
429 CANCEL 923
429 ORDER 1066 7 32 2 5 0
429 ORDER 1067 22 8 2 9 0
429 ORDER 1068 30 14 1 4 1
430 ORDER 1069 49 41 1 38 1
430 ORDER 1070 17 17 37 43 0
431 ORDER 1071 38 8 19 43 1
431 ORDER 1072 14 38 21 43 1
431 ORDER 1073 54 38 3 5 2
432 CANCEL 970
432 ORDER 1074 46 30 2 41 0
432 ORDER 1075 20 11 15 44 1
432 ORDER 1076 46 18 3 40 3
433 ORDER 1077 35 30 1 43 1
433 ORDER 1078 12 6 1 27 1
433 ORDER 1079 32 15 25 43 1
434 ORDER 1080 8 33 6 44 0
434 ORDER 1081 6 39 1 9 0
435 ORDER 1082 39 3 35 43 2
435 ORDER 1083 39 18 42 43 0
436 ORDER 1084 16 6 1 15 1
436 ORDER 1085 8 23 2 4 0
436 ORDER 1086 22 30 53 43 0
437 ORDER 1087 52 23 57 44 2
437 ORDER 1088 7 5 3 42 0
438 ORDER 1089 18 24 27 43 1
438 ORDER 1090 24 26 1 2 2
439 ORDER 1091 55 27 3 35 0
439 ORDER 1092 17 41 45 44 0
440 ORDER 1093 17 20 28 44 0
440 ORDER 1094 42 35 1 32 0
440 ORDER 1095 49 23 3 2 0
440 BLOCK 13 29
441 ORDER 1096 29 39 2 9 1
441 ORDER 1097 31 21 3 30 0
441 ORDER 1098 39 8 14 44 0
442 ORDER 1099 9 24 2 33 1
442 ORDER 1100 27 32 1 40 0
443 ORDER 1101 10 11 2 16 2
443 ORDER 1102 6 41 45 44 1
444 ORDER 1103 25 18 36 43 0
444 ORDER 1104 36 17 8 44 0
445 ORDER 1105 31 9 1 7 0
445 ORDER 1106 55 30 14 43 1
445 ORDER 1107 39 26 14 43 0
446 CANCEL 802
446 ORDER 1108 28 3 14 44 0
446 ORDER 1109 21 3 2 19 1
446 ORDER 1110 15 27 2 35 0
447 ORDER 1111 55 21 1 32 1
447 ORDER 1112 15 18 3 7 1
447 ORDER 1113 43 38 21 44 0
448 ORDER 1114 48 35 18 43 1
448 ORDER 1115 12 5 38 44 3
448 ORDER 1116 19 26 8 43 0
449 ORDER 1117 33 39 2 35 0
449 ORDER 1118 32 3 58 43 0
450 CANCEL 795
450 ORDER 1119 30 18 2 36 0
450 ORDER 1120 20 29 26 43 1
450 ORDER 1121 28 9 1 21 1
451 ORDER 1122 28 32 12 44 1
451 ORDER 1123 48 35 3 35 0
451 ORDER 1124 8 38 1 3 0
452 ORDER 1125 33 3 3 37 1
452 ORDER 1126 23 15 2 44 2
453 ORDER 1127 14 18 45 44 0
453 ORDER 1128 8 26 27 44 0
453 ORDER 1129 24 26 28 44 3
454 CANCEL 899
454 CANCEL 951
454 ORDER 1130 36 30 13 43 1
454 ORDER 1131 39 27 1 7 0
455 UNBLOCK 25 14
455 CANCEL 1023
455 ORDER 1132 35 41 1 32 1
455 ORDER 1133 23 8 1 13 0
456 ORDER 1134 14 29 2 30 1
456 ORDER 1135 39 3 10 43 3
456 ORDER 1136 45 12 3 22 1
457 UNBLOCK 53 33
457 ORDER 1137 34 36 3 17 2
457 ORDER 1138 54 24 35 43 1
458 ORDER 1139 24 41 26 44 0
458 ORDER 1140 9 23 40 43 0
458 ORDER 1141 25 11 57 44 0
459 ORDER 1142 27 23 2 21 2
459 ORDER 1143 39 30 2 9 0
459 ORDER 1144 21 9 10 44 0
460 ORDER 1145 18 6 1 9 0
460 ORDER 1146 8 29 34 43 0
461 CANCEL 942
461 ORDER 1147 6 38 3 11 0
461 ORDER 1148 12 33 1 32 0
462 CANCEL 1077
462 ORDER 1149 7 14 1 43 0
462 ORDER 1150 17 29 2 24 0
462 ORDER 1151 27 12 48 43 0
463 CANCEL 980
463 ORDER 1152 42 23 32 43 0
463 ORDER 1153 17 6 25 43 0
463 ORDER 1154 25 33 10 44 0
464 ORDER 1155 43 15 11 43 0
464 ORDER 1156 12 30 29 44 2
464 ORDER 1157 35 12 8 44 1
465 ORDER 1158 21 20 3 6 0
465 ORDER 1159 38 36 30 44 0
466 ORDER 1160 20 38 2 12 1
466 ORDER 1161 24 38 1 2 0
466 ORDER 1162 20 38 48 44 1
467 ORDER 1163 9 14 1 26 0
467 ORDER 1164 46 21 3 38 3
468 CANCEL 950
468 ORDER 1165 32 12 3 2 0
468 ORDER 1166 26 6 3 34 0
469 ORDER 1167 40 18 1 2 3
469 ORDER 1168 10 36 15 43 0
469 ORDER 1169 40 23 2 23 0
470 ORDER 1170 42 8 35 44 0
470 ORDER 1171 30 15 1 17 1
470 ORDER 1172 10 6 3 33 2
471 CANCEL 881
471 CANCEL 1129
471 ORDER 1173 40 11 2 14 0
471 ORDER 1174 37 11 1 40 0
472 CANCEL 768
472 ORDER 1175 53 38 1 16 0
472 ORDER 1176 43 3 2 33 0
473 ORDER 1177 21 20 3 39 1
473 ORDER 1178 21 36 28 43 0
473 ORDER 1179 10 30 2 3 0
474 ORDER 1180 24 35 2 40 2
474 ORDER 1181 43 39 55 43 0
475 UNBLOCK 13 29
475 ORDER 1182 29 26 3 27 2
475 ORDER 1183 26 33 13 44 3
475 ORDER 1184 11 23 8 43 3
476 ORDER 1185 10 6 2 30 0
476 ORDER 1186 17 38 3 32 0
477 ORDER 1187 17 11 2 13 0
477 ORDER 1188 6 6 35 43 0
478 CANCEL 908
478 ORDER 1189 37 6 53 44 2
478 ORDER 1190 37 16 3 39 0
478 ORDER 1191 30 8 3 43 0
479 ORDER 1192 43 11 2 8 2
479 ORDER 1193 55 41 3 2 2
480 UNBLOCK 37 38
480 ORDER 1194 36 18 7 44 1
480 ORDER 1195 25 29 25 44 1
481 ORDER 1196 7 29 33 44 0
481 ORDER 1197 17 26 9 43 0
481 ORDER 1198 39 11 57 43 3
482 ORDER 1199 30 38 36 43 0
482 ORDER 1200 10 33 1 14 0
482 ORDER 1201 9 18 2 1 0
483 ORDER 1202 28 29 45 43 1
483 ORDER 1203 33 38 2 2 0
483 ORDER 1204 41 5 41 44 2
484 ORDER 1205 39 20 2 42 0
484 ORDER 1206 37 18 36 44 0
484 ORDER 1207 6 20 2 23 1
485 CANCEL 887
485 UNBLOCK 52 3
485 ORDER 1208 53 41 54 43 1
485 ORDER 1209 26 17 1 12 0
485 ORDER 1210 19 11 54 43 0
486 ORDER 1211 11 24 23 43 0
486 ORDER 1212 45 33 1 37 2
487 ORDER 1213 39 14 41 44 0
487 ORDER 1214 48 36 3 8 0
488 CANCEL 937
488 ORDER 1215 8 32 3 14 0
488 ORDER 1216 19 27 27 43 0
489 ORDER 1217 20 33 42 44 1
489 ORDER 1218 17 33 3 16 0
489 ORDER 1219 18 41 2 7 2
490 CANCEL 938
490 ORDER 1220 18 12 1 39 0
490 ORDER 1221 31 6 2 36 0
491 CANCEL 978
491 CANCEL 981
491 ORDER 1222 20 11 44 43 1
491 ORDER 1223 27 27 33 44 0
491 ORDER 1224 18 23 42 44 0
492 ORDER 1225 54 32 2 41 1
492 ORDER 1226 47 17 1 18 1
492 ORDER 1227 47 38 3 7 1
493 CANCEL 862
493 ORDER 1228 40 15 2 13 0
493 ORDER 1229 20 35 1 21 1
493 ORDER 1230 26 12 3 43 0
494 ORDER 1231 14 3 3 29 0
494 ORDER 1232 20 15 33 44 2
495 ORDER 1233 20 30 48 43 0
495 ORDER 1234 30 11 2 25 0
496 ORDER 1235 19 23 1 27 1
496 ORDER 1236 27 32 3 31 1
496 ORDER 1237 55 5 53 44 0
497 ORDER 1238 51 17 55 43 0
497 ORDER 1239 37 5 52 43 0
497 ORDER 1240 48 8 3 18 1
498 ORDER 1241 28 9 1 1 0
498 ORDER 1242 17 30 1 41 0
499 ORDER 1243 28 23 55 44 0
499 ORDER 1244 24 33 23 44 0
499 ORDER 1245 35 33 1 5 0
500 ORDER 1246 21 8 2 28 1
500 ORDER 1247 16 9 43 44 0
501 ORDER 1248 26 30 3 41 0
501 ORDER 1249 38 6 39 43 1
502 CANCEL 1200
502 ORDER 1250 48 33 47 43 0
502 ORDER 1251 44 41 1 2 0
502 ORDER 1252 39 17 1 6 0
503 UNBLOCK 36 6
503 CANCEL 894
503 ORDER 1253 20 36 3 30 0
503 ORDER 1254 23 5 14 43 0
504 ORDER 1255 28 29 46 43 0
504 ORDER 1256 44 9 2 30 0
505 ORDER 1257 38 3 2 21 0
505 ORDER 1258 8 15 3 21 0
506 ORDER 1259 44 41 2 44 0
506 ORDER 1260 19 3 6 44 0
507 ORDER 1261 55 9 2 2 0
507 ORDER 1262 40 11 38 43 1
508 CANCEL 1071
508 CANCEL 1149
508 ORDER 1263 21 8 2 33 3
508 ORDER 1264 45 35 27 44 0
508 ORDER 1265 18 12 3 16 3
509 ORDER 1266 17 8 1 24 0
509 ORDER 1267 45 29 3 18 1
509 ORDER 1268 12 15 49 43 2
510 ORDER 1269 22 30 35 44 1
510 ORDER 1270 50 15 2 16 0
511 ORDER 1271 24 5 49 43 1
511 ORDER 1272 23 35 31 44 1
512 ORDER 1273 52 11 12 43 0
512 ORDER 1274 54 39 49 43 3
512 ORDER 1275 40 23 45 44 0
513 CANCEL 944
513 ORDER 1276 40 24 2 3 0
513 ORDER 1277 42 15 13 44 0
514 CANCEL 971
514 ORDER 1278 51 15 43 43 0
514 ORDER 1279 37 26 48 43 0
515 ORDER 1280 30 32 2 29 0
515 ORDER 1281 16 20 2 34 0
516 ORDER 1282 45 32 2 5 0
516 ORDER 1283 24 41 35 44 0
516 ORDER 1284 7 29 11 43 0
517 ORDER 1285 20 33 53 44 0
517 ORDER 1286 23 17 1 27 0
517 ORDER 1287 29 17 3 32 0
518 ORDER 1288 13 17 2 37 2
518 ORDER 1289 43 6 3 16 0
519 ORDER 1290 27 20 3 19 1
519 ORDER 1291 7 17 2 44 0
520 CANCEL 1181
520 ORDER 1292 40 23 2 16 1
520 ORDER 1293 51 11 31 44 3
521 ORDER 1294 26 17 1 27 1
521 ORDER 1295 37 33 3 26 0
521 ORDER 1296 20 18 1 10 0
522 ORDER 1297 32 8 1 18 2
522 ORDER 1298 10 29 3 29 1
522 ORDER 1299 27 17 39 44 1
523 ORDER 1300 30 35 17 43 0
523 ORDER 1301 35 41 46 43 0
523 ORDER 1302 31 41 21 43 3
524 CANCEL 1003
524 ORDER 1303 49 36 13 43 0
524 ORDER 1304 46 35 2 38 1
524 ORDER 1305 38 38 37 44 0
525 CANCEL 1118
525 ORDER 1306 28 38 2 18 3
525 ORDER 1307 22 39 3 44 0
526 CANCEL 1273
526 ORDER 1308 20 39 42 44 0
526 ORDER 1309 45 35 50 44 0
527 ORDER 1310 11 29 2 35 3
527 ORDER 1311 35 39 18 43 0
527 BLOCK 21 42
528 ORDER 1312 21 39 53 44 1
528 ORDER 1313 21 30 24 44 0
529 CANCEL 1292
529 ORDER 1314 41 5 28 44 0
529 ORDER 1315 30 21 4 43 1
530 CANCEL 1294
530 ORDER 1316 35 33 24 43 0
530 ORDER 1317 35 33 2 22 0
531 CANCEL 1271
531 ORDER 1318 36 27 2 11 0
531 ORDER 1319 11 17 2 14 0
531 ORDER 1320 24 3 9 44 1
532 ORDER 1321 10 30 37 43 0
532 ORDER 1322 10 11 51 44 1
532 ORDER 1323 33 23 3 30 2
533 CANCEL 1175
533 ORDER 1324 9 20 1 22 0
533 ORDER 1325 6 36 18 44 1
534 ORDER 1326 32 38 1 44 0
534 ORDER 1327 42 15 18 43 2
535 ORDER 1328 28 3 2 26 0
535 ORDER 1329 21 32 40 43 0
536 ORDER 1330 30 14 33 44 3
536 ORDER 1331 45 20 36 43 0
536 ORDER 1332 42 18 3 9 0
536 BLOCK 37 38
537 ORDER 1333 12 35 11 44 0
537 ORDER 1334 17 3 48 44 0
537 ORDER 1335 28 18 32 44 0
538 CANCEL 969
538 ORDER 1336 28 23 29 44 0
538 ORDER 1337 10 3 51 44 0
539 ORDER 1338 47 3 2 4 2
539 ORDER 1339 21 38 2 10 2
540 ORDER 1340 10 21 1 22 1
540 ORDER 1341 31 29 33 43 1
541 CANCEL 1096
541 ORDER 1342 21 23 29 43 2
541 ORDER 1343 22 6 33 44 2
542 ORDER 1344 37 18 3 28 1
542 ORDER 1345 55 32 1 35 3
543 ORDER 1346 23 36 27 43 3
543 ORDER 1347 32 6 2 12 2
543 ORDER 1348 16 35 3 16 0
544 ORDER 1349 14 38 3 1 0
544 ORDER 1350 38 32 1 21 0
544 ORDER 1351 27 38 1 7 1
545 ORDER 1352 39 9 3 28 0
545 ORDER 1353 45 12 2 14 1
545 ORDER 1354 53 26 2 4 0
546 ORDER 1355 7 38 49 43 0
546 ORDER 1356 42 30 8 43 0
547 CANCEL 922
547 CANCEL 1186
547 ORDER 1357 9 11 1 5 0
547 ORDER 1358 27 18 3 7 1
547 ORDER 1359 54 35 58 43 0
548 ORDER 1360 34 32 3 20 0
548 ORDER 1361 40 21 19 44 3
549 ORDER 1362 18 12 3 35 1
549 ORDER 1363 46 38 2 19 0
549 ORDER 1364 20 23 36 43 1
550 ORDER 1365 28 23 3 44 1
550 ORDER 1366 49 15 1 38 1
550 ORDER 1367 6 15 3 35 1
551 CANCEL 1029
551 ORDER 1368 9 36 1 34 0
551 ORDER 1369 45 20 3 17 0
552 ORDER 1370 29 23 1 9 0
552 ORDER 1371 16 11 1 4 0
553 ORDER 1372 20 11 3 41 2
553 ORDER 1373 48 17 2 24 1
553 ORDER 1374 30 36 34 44 0
554 ORDER 1375 47 33 30 43 0
554 ORDER 1376 15 20 1 21 0
554 ORDER 1377 30 27 1 44 1
555 CANCEL 1022
555 ORDER 1378 54 30 12 43 0
555 ORDER 1379 46 14 7 43 2
556 ORDER 1380 37 8 1 26 2
556 ORDER 1381 45 29 2 35 1
556 ORDER 1382 9 21 2 20 1
557 CANCEL 966
557 ORDER 1383 19 29 1 24 0
557 ORDER 1384 13 14 3 11 1
558 ORDER 1385 22 20 2 40 1
558 ORDER 1386 29 20 1 8 0
558 ORDER 1387 6 9 41 43 1
559 ORDER 1388 6 39 2 28 0
559 ORDER 1389 26 19 54 43 0
559 BLOCK 40 5
560 ORDER 1390 53 35 10 43 0
560 ORDER 1391 34 33 1 30 1
560 ORDER 1392 22 41 41 44 0
561 ORDER 1393 38 26 2 30 0
561 ORDER 1394 36 5 3 16 0
561 ORDER 1395 22 14 30 44 3
562 ORDER 1396 14 5 3 4 1
562 ORDER 1397 24 39 22 43 3
562 ORDER 1398 11 20 3 27 0
563 ORDER 1399 26 32 1 31 2
563 ORDER 1400 53 41 23 44 0
563 ORDER 1401 17 35 36 44 1
564 ORDER 1402 36 24 3 26 1
564 ORDER 1403 48 24 42 43 0
565 ORDER 1404 53 41 25 44 0
565 ORDER 1405 55 21 1 35 2
565 ORDER 1406 27 35 3 3 1
566 CANCEL 1226
566 ORDER 1407 55 32 14 44 0
566 ORDER 1408 7 32 2 26 0
566 ORDER 1409 10 29 50 44 0
567 ORDER 1410 13 5 4 43 1
567 ORDER 1411 16 21 3 39 2
568 ORDER 1412 6 35 28 44 0
568 ORDER 1413 39 18 50 44 0
568 ORDER 1414 52 38 5 43 0
569 ORDER 1415 27 21 3 18 0
569 ORDER 1416 33 23 21 44 2
570 CANCEL 998
570 CANCEL 1179
570 ORDER 1417 20 27 3 37 1
570 ORDER 1418 21 20 2 34 0
571 ORDER 1419 17 33 11 44 1
571 ORDER 1420 50 12 3 25 0
571 ORDER 1421 50 30 13 44 0
572 ORDER 1422 17 8 39 44 0
572 ORDER 1423 7 29 3 25 0
573 ORDER 1424 53 27 1 6 1
573 ORDER 1425 39 12 1 44 1
574 ORDER 1426 39 21 12 44 0
574 ORDER 1427 37 27 2 3 3
575 ORDER 1428 27 12 1 36 0
575 ORDER 1429 19 38 1 21 0
576 ORDER 1430 19 8 46 43 0
576 ORDER 1431 30 20 3 6 0
577 ORDER 1432 23 3 3 4 1
577 ORDER 1433 11 9 2 34 0
577 ORDER 1434 29 11 55 43 1
578 ORDER 1435 26 24 46 43 3
578 ORDER 1436 49 20 1 37 0
579 CANCEL 1085
579 ORDER 1437 24 23 54 43 0
579 ORDER 1438 8 9 2 26 0
579 ORDER 1439 35 14 3 27 0
580 CANCEL 1252
580 ORDER 1440 47 29 2 12 0
580 ORDER 1441 6 8 34 44 0
580 ORDER 1442 31 3 1 40 1
581 ORDER 1443 30 26 49 43 0
581 ORDER 1444 38 39 26 43 0
581 ORDER 1445 44 33 21 43 0
582 CANCEL 1047
582 CANCEL 1054
582 ORDER 1446 11 6 49 43 3
582 ORDER 1447 44 24 2 18 0
583 ORDER 1448 26 8 36 43 1
583 ORDER 1449 38 14 3 41 2
583 ORDER 1450 13 23 3 35 0
584 ORDER 1451 8 29 52 43 0
584 ORDER 1452 34 41 52 44 0
584 ORDER 1453 47 9 18 44 1
585 ORDER 1454 47 17 5 43 1
585 ORDER 1455 17 30 1 43 0
585 ORDER 1456 8 3 55 43 0
586 ORDER 1457 43 30 1 7 0
586 ORDER 1458 8 6 35 44 0
586 ORDER 1459 47 5 42 43 0
587 ORDER 1460 11 30 33 43 1
587 ORDER 1461 40 17 33 43 0
588 ORDER 1462 35 39 3 30 0
588 ORDER 1463 16 21 2 8 1
589 ORDER 1464 32 9 3 1 0
589 ORDER 1465 38 30 50 44 2
589 ORDER 1466 52 39 51 44 3
590 ORDER 1467 41 38 2 19 1
590 ORDER 1468 42 21 2 40 2
591 ORDER 1469 7 9 13 44 1
591 ORDER 1470 47 12 13 43 0
592 ORDER 1471 39 18 40 44 0
592 ORDER 1472 53 30 1 3 1
592 ORDER 1473 29 12 1 31 2
593 ORDER 1474 42 15 18 43 1
593 ORDER 1475 9 32 2 15 0
594 UNBLOCK 21 42
594 ORDER 1476 40 11 57 43 1
594 ORDER 1477 55 11 2 25 0
594 ORDER 1478 49 39 29 43 0
595 ORDER 1479 18 8 2 6 0
595 ORDER 1480 22 30 2 24 0
596 ORDER 1481 12 6 3 34 2
596 ORDER 1482 23 21 32 44 0
597 ORDER 1483 8 36 2 41 2
597 ORDER 1484 16 30 3 28 0
598 ORDER 1485 55 20 29 43 1
598 ORDER 1486 46 14 1 11 1
598 ORDER 1487 23 39 47 43 1
599 ORDER 1488 45 32 20 44 0
599 ORDER 1489 49 41 10 43 2
600 ORDER 1490 43 35 1 33 0
600 ORDER 1491 16 6 3 24 0
600 ORDER 1492 22 21 1 21 1
601 ORDER 1493 45 24 1 25 3
601 ORDER 1494 51 8 3 27 0
601 ORDER 1495 9 9 1 37 1
602 ORDER 1496 46 23 3 19 0
602 ORDER 1497 23 15 1 7 1
602 ORDER 1498 10 12 1 44 0
603 CANCEL 1236
603 ORDER 1499 38 33 31 43 2
603 ORDER 1500 33 5 2 5 0
603 ORDER 1501 15 20 2 8 2
604 ORDER 1502 33 8 1 9 1
604 ORDER 1503 41 36 2 31 0
605 ORDER 1504 11 29 16 44 2
605 ORDER 1505 15 33 16 44 2
606 ORDER 1506 20 9 2 2 2
606 ORDER 1507 8 21 1 9 0
607 ORDER 1508 55 17 50 43 0
607 ORDER 1509 36 15 1 22 0
607 ORDER 1510 6 38 3 7 2
608 ORDER 1511 6 18 8 44 0
608 ORDER 1512 30 6 3 22 0
608 ORDER 1513 50 8 1 37 2
609 CANCEL 1044
609 ORDER 1514 21 8 2 36 1
609 ORDER 1515 37 3 1 32 0
609 ORDER 1516 39 36 1 11 0
610 ORDER 1517 6 23 1 14 0
610 ORDER 1518 31 38 30 44 3
611 ORDER 1519 9 33 49 43 2
611 ORDER 1520 23 6 22 44 2
612 CANCEL 1217
612 ORDER 1521 40 23 2 6 0
612 ORDER 1522 10 11 1 38 1
613 CANCEL 1456
613 ORDER 1523 24 29 2 34 0
613 ORDER 1524 21 3 1 37 0
614 ORDER 1525 35 29 3 16 0
614 ORDER 1526 8 27 1 34 0
615 ORDER 1527 32 9 35 44 0
615 ORDER 1528 25 11 2 3 2
616 CANCEL 1155
616 ORDER 1529 27 30 2 34 0
616 ORDER 1530 47 8 53 43 2
616 ORDER 1531 27 36 2 14 0
617 ORDER 1532 51 24 48 43 0
617 ORDER 1533 18 3 38 44 1
618 CANCEL 1130
618 ORDER 1534 20 23 2 27 3
618 ORDER 1535 11 20 1 8 0
619 ORDER 1536 14 18 39 43 2
619 ORDER 1537 18 9 27 44 1
619 ORDER 1538 51 5 3 4 2
620 ORDER 1539 19 36 2 16 1
620 ORDER 1540 50 17 1 13 0
621 ORDER 1541 9 3 1 5 0
621 ORDER 1542 35 26 3 43 0
621 ORDER 1543 39 39 57 43 0
622 ORDER 1544 26 30 5 44 0
622 ORDER 1545 31 27 1 10 3
622 ORDER 1546 42 18 13 43 0
623 ORDER 1547 23 21 1 22 1
623 ORDER 1548 11 21 55 43 1
624 ORDER 1549 41 36 53 43 0
624 ORDER 1550 39 38 1 43 0
624 ORDER 1551 19 24 23 43 1
625 ORDER 1552 45 14 2 40 0
625 ORDER 1553 22 39 21 43 1
626 ORDER 1554 12 5 1 5 1
626 ORDER 1555 42 8 1 6 0
626 ORDER 1556 24 29 2 7 0
627 ORDER 1557 48 3 37 44 1
627 ORDER 1558 44 41 1 28 1
627 ORDER 1559 16 29 1 11 1
628 ORDER 1560 21 12 3 26 2
628 ORDER 1561 51 17 16 43 1
629 CANCEL 1490
629 ORDER 1562 21 30 3 31 0
629 ORDER 1563 40 14 1 42 1
629 ORDER 1564 46 14 2 44 0
630 CANCEL 1229
630 ORDER 1565 29 29 14 43 1
630 ORDER 1566 8 14 2 15 3
631 ORDER 1567 13 30 2 30 2
631 ORDER 1568 10 38 18 43 0
632 CANCEL 1325
632 ORDER 1569 23 8 2 35 1
632 ORDER 1570 10 3 10 43 3
632 ORDER 1571 52 29 53 44 0
633 ORDER 1572 25 9 3 12 0
633 ORDER 1573 27 24 36 43 1
633 ORDER 1574 37 36 22 44 3
633 CANCEL 101574
634 ORDER 1575 33 21 12 43 3
634 ORDER 1576 47 21 24 44 2
634 ORDER 1577 27 14 34 43 2
635 CANCEL 1343
635 ORDER 1578 36 17 56 44 0
635 ORDER 1579 32 9 3 14 0
635 ORDER 1580 53 11 42 43 0
636 UNBLOCK 37 38
636 ORDER 1581 22 3 1 11 0
636 ORDER 1582 18 8 3 19 0
636 BLOCK 38 35
637 ORDER 1583 49 41 2 5 1
637 ORDER 1584 6 27 26 43 0
638 ORDER 1585 8 23 2 26 0
638 ORDER 1586 18 36 1 12 0
638 ORDER 1587 42 39 3 1 1
639 CANCEL 1174
639 ORDER 1588 48 38 1 9 0
639 ORDER 1589 6 41 3 11 0
640 CANCEL 1205
640 CANCEL 1560
640 ORDER 1590 29 23 23 44 0
640 ORDER 1591 29 30 1 44 0
641 ORDER 1592 28 12 37 43 0
641 ORDER 1593 20 3 47 44 0
642 CANCEL 1398
642 ORDER 1594 25 30 39 43 0
642 ORDER 1595 49 33 41 44 0
642 ORDER 1596 30 26 3 20 0
643 ORDER 1597 8 35 45 44 0
643 ORDER 1598 19 29 20 44 1
643 ORDER 1599 6 36 1 42 1
644 ORDER 1600 16 41 1 30 0
644 ORDER 1601 44 3 2 20 0
645 ORDER 1602 55 3 2 8 2
645 ORDER 1603 28 17 2 5 1
646 ORDER 1604 22 5 2 18 0
646 ORDER 1605 20 35 57 43 0
646 ORDER 1606 28 20 8 43 0
647 ORDER 1607 48 9 2 4 0
647 ORDER 1608 21 15 2 15 1
647 ORDER 1609 11 9 39 43 0
648 ORDER 1610 34 30 25 44 1
648 ORDER 1611 20 17 2 2 2
649 ORDER 1612 6 11 3 7 0
649 ORDER 1613 32 17 36 43 2
649 ORDER 1614 41 21 2 8 0
650 CANCEL 1204
650 CANCEL 1368
650 ORDER 1615 43 39 47 44 0
650 ORDER 1616 43 33 38 43 3
651 ORDER 1617 8 18 3 22 0
651 ORDER 1618 52 11 50 44 1
652 ORDER 1619 22 17 16 44 1
652 ORDER 1620 36 21 38 44 0
652 ORDER 1621 55 17 1 9 1
653 CANCEL 1218
653 ORDER 1622 19 17 46 44 0
653 ORDER 1623 45 27 35 44 2
653 ORDER 1624 55 30 3 9 0
654 ORDER 1625 27 18 2 27 1
654 ORDER 1626 36 12 44 43 3
654 ORDER 1627 19 11 12 43 1
655 ORDER 1628 9 12 23 43 2
655 ORDER 1629 19 35 1 13 0
656 ORDER 1630 11 8 48 44 1
656 ORDER 1631 46 20 1 9 3
656 ORDER 1632 31 3 39 43 1
657 ORDER 1633 27 6 5 43 0
657 ORDER 1634 48 35 11 44 1
658 CANCEL 1177
658 CANCEL 1557
658 ORDER 1635 54 29 1 40 0
658 ORDER 1636 7 15 2 11 1
658 ORDER 1637 51 27 3 29 1
659 ORDER 1638 42 39 1 39 0
659 ORDER 1639 27 11 20 43 0
659 ORDER 1640 19 41 3 15 1
660 CANCEL 1162
660 CANCEL 1605
660 ORDER 1641 25 26 2 36 0
660 ORDER 1642 22 5 3 38 0
660 ORDER 1643 17 38 41 44 1
661 ORDER 1644 39 14 35 44 1
661 ORDER 1645 15 33 2 7 0
662 ORDER 1646 41 38 2 26 0
662 ORDER 1647 32 18 3 31 0
662 BLOCK 28 15
663 ORDER 1648 26 8 1 23 0
663 ORDER 1649 15 26 2 29 0
664 ORDER 1650 22 12 45 43 0
664 ORDER 1651 51 6 2 25 1
664 ORDER 1652 20 5 1 14 0
665 ORDER 1653 6 38 2 16 1
665 ORDER 1654 11 35 22 44 0
666 ORDER 1655 20 6 1 10 2
666 ORDER 1656 30 3 1 24 0
666 ORDER 1657 47 15 56 44 0
667 CANCEL 1339
667 CANCEL 1488
667 ORDER 1658 6 30 47 44 0
667 ORDER 1659 17 23 2 40 2
667 ORDER 1660 52 11 3 22 0
668 CANCEL 1552
668 ORDER 1661 40 23 4 44 0
668 ORDER 1662 44 11 32 44 0
669 ORDER 1663 32 9 3 16 1
669 ORDER 1664 14 5 31 44 0
670 ORDER 1665 35 35 3 37 2
670 ORDER 1666 50 8 21 43 0
671 ORDER 1667 52 41 3 11 0
671 ORDER 1668 22 39 7 43 1
672 ORDER 1669 41 35 47 44 0
672 ORDER 1670 51 26 2 43 3
673 CANCEL 1440
673 ORDER 1671 9 35 58 44 0
673 ORDER 1672 8 23 2 11 1
673 ORDER 1673 14 26 29 43 0
674 ORDER 1674 18 24 1 19 0
674 ORDER 1675 14 36 1 4 3
674 BLOCK 26 4
675 ORDER 1676 38 3 1 39 2
675 ORDER 1677 37 5 54 44 0
675 ORDER 1678 22 41 1 20 1
676 ORDER 1679 31 9 36 44 0
676 ORDER 1680 42 39 16 43 0
676 ORDER 1681 13 17 56 44 0
677 CANCEL 1260
677 ORDER 1682 22 14 2 18 0
677 ORDER 1683 54 39 3 9 0
678 ORDER 1684 32 6 1 39 1
678 ORDER 1685 20 35 3 22 0
679 CANCEL 1438
679 ORDER 1686 20 20 3 35 0
679 ORDER 1687 19 36 56 44 0
679 ORDER 1688 37 21 2 25 1
680 ORDER 1689 8 35 9 44 1
680 ORDER 1690 27 15 10 44 0
680 ORDER 1691 13 32 3 30 1
681 ORDER 1692 21 8 2 9 0
681 ORDER 1693 51 5 2 5 1
681 ORDER 1694 41 41 1 37 0
682 ORDER 1695 54 20 44 43 0
682 ORDER 1696 12 35 31 44 1
682 ORDER 1697 36 14 1 24 0
683 CANCEL 1253
683 ORDER 1698 47 15 2 27 0
683 ORDER 1699 17 9 39 44 0
683 ORDER 1700 25 24 2 26 3
684 ORDER 1701 38 17 46 43 1
684 ORDER 1702 23 41 56 44 0
685 ORDER 1703 26 20 32 44 0
685 ORDER 1704 50 14 2 10 0
686 CANCEL 1426
686 ORDER 1705 26 29 2 35 0
686 ORDER 1706 42 8 26 44 0
687 ORDER 1707 11 41 1 10 0
687 ORDER 1708 8 41 2 5 1
687 ORDER 1709 51 29 2 7 0
688 CANCEL 1418
688 ORDER 1710 23 6 3 31 0
688 ORDER 1711 48 12 1 44 1
689 CANCEL 1572
689 ORDER 1712 13 21 3 36 0
689 ORDER 1713 12 41 45 44 1
690 ORDER 1714 47 6 57 44 3
690 ORDER 1715 37 24 3 44 1
691 ORDER 1716 51 5 2 16 2
691 ORDER 1717 11 38 23 43 0
691 ORDER 1718 44 3 13 44 0
692 ORDER 1719 39 8 2 37 2
692 ORDER 1720 26 27 55 43 0
693 ORDER 1721 19 20 51 43 0
693 ORDER 1722 11 39 51 44 0
693 ORDER 1723 20 5 2 18 1
694 UNBLOCK 40 5
694 ORDER 1724 34 39 1 5 1
694 ORDER 1725 46 32 42 44 0
694 BLOCK 25 41
695 ORDER 1726 37 21 2 1 2
695 ORDER 1727 11 41 29 43 0
695 ORDER 1728 12 3 2 44 2
696 ORDER 1729 46 38 2 7 0
696 ORDER 1730 35 30 19 43 3
696 ORDER 1731 32 36 1 35 0
697 ORDER 1732 50 41 40 44 3
697 ORDER 1733 27 29 31 44 0
697 ORDER 1734 47 32 3 35 0
698 CANCEL 1406
698 ORDER 1735 21 11 33 44 0
698 ORDER 1736 51 38 3 18 0
698 ORDER 1737 41 36 6 44 0
699 ORDER 1738 33 36 2 39 0
699 ORDER 1739 6 36 16 43 1
699 ORDER 1740 38 24 35 43 3
700 CANCEL 1583
700 CANCEL 1738
700 ORDER 1741 20 27 1 33 1
700 ORDER 1742 27 38 3 11 1
700 ORDER 1743 28 41 44 43 1
701 ORDER 1744 29 17 26 44 1
701 ORDER 1745 54 20 53 44 1
702 ORDER 1746 50 15 3 27 2
702 ORDER 1747 28 5 28 43 2
702 ORDER 1748 28 5 43 43 0
703 CANCEL 1470
703 ORDER 1749 33 24 29 44 1
703 ORDER 1750 41 14 7 43 0
704 ORDER 1751 27 8 2 33 0
704 ORDER 1752 26 26 41 43 1
705 ORDER 1753 20 6 3 4 1
705 ORDER 1754 45 9 14 44 0
706 CANCEL 1409
706 ORDER 1755 7 17 27 43 0
706 ORDER 1756 8 38 7 43 0
706 ORDER 1757 37 35 25 43 1
707 ORDER 1758 28 12 3 21 0
707 ORDER 1759 18 30 3 19 2
707 ORDER 1760 33 36 14 44 0
708 ORDER 1761 38 11 2 14 0
708 ORDER 1762 17 23 50 44 0
709 ORDER 1763 52 29 1 28 0
709 ORDER 1764 39 27 1 22 0
710 ORDER 1765 34 33 37 44 0
710 ORDER 1766 29 32 1 19 0
711 ORDER 1767 35 33 38 43 0
711 ORDER 1768 46 27 43 44 1
711 CANCEL 101768
712 ORDER 1769 33 23 32 43 3
712 ORDER 1770 20 36 1 15 3
712 ORDER 1771 6 15 1 35 0
712 BLOCK 44 20
713 CANCEL 1468
713 ORDER 1772 46 27 3 38 0
713 ORDER 1773 19 38 1 40 0
714 CANCEL 1316
714 ORDER 1774 18 29 7 43 0
714 ORDER 1775 34 30 1 21 2
714 ORDER 1776 39 5 3 30 0
715 ORDER 1777 48 32 37 44 0
715 ORDER 1778 10 26 44 43 0
715 ORDER 1779 19 8 1 4 0
716 ORDER 1780 17 23 9 44 1
716 ORDER 1781 24 11 41 44 0
717 ORDER 1782 22 8 30 43 0
717 ORDER 1783 10 39 2 29 0
717 ORDER 1784 6 32 49 44 0
718 ORDER 1785 9 30 2 19 2
718 ORDER 1786 13 15 32 43 0
718 ORDER 1787 17 27 46 44 0
719 CANCEL 1521
719 CANCEL 1591
719 ORDER 1788 38 41 3 2 0
719 ORDER 1789 51 18 54 43 2
720 ORDER 1790 52 26 3 34 0
720 ORDER 1791 27 14 44 44 0
720 ORDER 1792 25 11 10 44 0
721 CANCEL 1393
721 ORDER 1793 33 38 1 22 0
721 ORDER 1794 20 3 27 43 0
721 ORDER 1795 11 21 3 23 0
722 ORDER 1796 10 33 18 43 0
722 ORDER 1797 17 35 48 44 0
723 ORDER 1798 16 26 1 19 0
723 ORDER 1799 39 32 1 20 0
724 ORDER 1800 52 8 2 38 2
724 ORDER 1801 15 20 2 36 3
725 ORDER 1802 42 20 7 43 1
725 ORDER 1803 44 32 2 42 1
726 ORDER 1804 48 36 46 43 3
726 ORDER 1805 12 12 1 8 0
726 ORDER 1806 54 30 52 43 0
726 BLOCK 34 2
727 CANCEL 1727
727 ORDER 1807 10 33 14 44 0
727 ORDER 1808 20 29 2 6 2
728 ORDER 1809 29 32 3 31 1
728 ORDER 1810 6 39 2 42 0
728 ORDER 1811 29 29 2 13 0
729 CANCEL 1374
729 UNBLOCK 26 4
729 CANCEL 1707
729 ORDER 1812 6 20 3 39 1
729 ORDER 1813 38 32 46 43 0
730 ORDER 1814 17 26 58 43 0
730 ORDER 1815 48 20 14 43 0
731 ORDER 1816 45 20 22 43 0
731 ORDER 1817 8 27 22 44 0
732 UNBLOCK 25 41
732 ORDER 1818 31 18 3 5 2
732 ORDER 1819 41 17 46 44 2
733 ORDER 1820 31 20 1 4 0
733 ORDER 1821 40 3 3 7 2
733 ORDER 1822 42 30 3 25 3
734 ORDER 1823 51 21 6 44 0
734 ORDER 1824 29 27 3 5 0
734 ORDER 1825 42 39 18 44 1
735 ORDER 1826 10 24 3 27 1
735 ORDER 1827 9 14 38 43 1
735 ORDER 1828 22 30 2 17 2
736 ORDER 1829 55 35 18 43 0
736 ORDER 1830 17 21 1 19 0
737 ORDER 1831 21 38 36 44 0
737 ORDER 1832 36 24 7 43 0
737 ORDER 1833 29 30 1 32 1
737 BLOCK 15 30
738 ORDER 1834 32 23 2 35 1
738 ORDER 1835 39 23 47 43 0
738 ORDER 1836 21 30 2 27 0
739 ORDER 1837 49 18 52 43 1
739 ORDER 1838 17 41 2 33 0
740 ORDER 1839 12 41 26 44 0
740 ORDER 1840 49 5 3 16 0
740 ORDER 1841 27 29 3 12 0
741 ORDER 1842 38 33 1 29 2
741 ORDER 1843 38 30 41 44 0
741 ORDER 1844 40 17 1 27 0
742 ORDER 1845 52 12 41 44 1
742 ORDER 1846 52 39 36 43 1
742 ORDER 1847 11 29 3 20 0
743 CANCEL 1691
743 ORDER 1848 31 21 41 43 1
743 ORDER 1849 34 35 2 27 0
744 ORDER 1850 14 18 27 43 0
744 ORDER 1851 13 32 9 43 0
745 ORDER 1852 17 14 48 44 2
745 ORDER 1853 43 8 43 44 0
745 ORDER 1854 44 14 2 35 0
746 ORDER 1855 55 9 3 29 1
746 ORDER 1856 17 33 4 44 0
747 ORDER 1857 35 18 40 44 0
747 ORDER 1858 46 23 2 5 0
747 ORDER 1859 45 27 3 20 0
748 ORDER 1860 49 38 2 24 0
748 ORDER 1861 40 38 49 43 0
749 ORDER 1862 28 27 3 29 0
749 ORDER 1863 39 11 43 43 2
749 ORDER 1864 22 32 3 12 2
750 ORDER 1865 50 18 3 11 0
750 ORDER 1866 31 41 3 32 1
751 ORDER 1867 39 30 3 32 2
751 ORDER 1868 23 41 2 9 0
751 ORDER 1869 18 33 3 21 2
752 CANCEL 1687
752 ORDER 1870 8 9 2 7 0
752 ORDER 1871 51 12 3 31 0
753 ORDER 1872 52 21 34 44 2
753 ORDER 1873 42 3 35 44 0
753 ORDER 1874 22 6 57 44 0
754 CANCEL 1686
754 ORDER 1875 12 5 1 14 1
754 ORDER 1876 29 24 51 43 0
754 ORDER 1877 41 17 1 23 0
755 UNBLOCK 38 35
755 ORDER 1878 35 26 49 43 0
755 ORDER 1879 10 15 2 19 1
756 CANCEL 1447
756 ORDER 1880 36 5 58 43 2
756 ORDER 1881 8 9 11 44 0
756 ORDER 1882 14 14 1 35 1
757 CANCEL 1524
757 ORDER 1883 31 9 1 14 0
757 ORDER 1884 14 38 7 43 0
758 CANCEL 1386
758 ORDER 1885 10 21 2 3 1
758 ORDER 1886 14 12 3 9 0
759 ORDER 1887 48 29 33 43 0
759 ORDER 1888 6 39 2 33 1
759 ORDER 1889 43 27 3 6 0
760 ORDER 1890 48 18 3 17 0
760 ORDER 1891 51 29 1 2 0
761 ORDER 1892 28 8 1 19 0
761 ORDER 1893 7 39 3 4 1
761 BLOCK 45 29
762 ORDER 1894 22 30 23 44 3
762 ORDER 1895 39 11 41 44 1
763 ORDER 1896 36 18 2 14 0
763 ORDER 1897 37 29 1 39 0
763 ORDER 1898 30 15 3 24 2
764 ORDER 1899 50 36 3 38 2
764 ORDER 1900 19 26 3 36 0
764 ORDER 1901 30 12 39 44 1
765 ORDER 1902 31 11 1 20 1
765 ORDER 1903 28 33 29 44 1
765 ORDER 1904 9 33 18 44 0
766 ORDER 1905 55 35 48 43 2
766 ORDER 1906 40 36 38 44 0
767 ORDER 1907 47 35 52 44 3
767 ORDER 1908 36 12 2 34 0
767 ORDER 1909 8 35 3 17 0
768 ORDER 1910 18 5 1 6 1
768 ORDER 1911 24 26 52 43 0
768 ORDER 1912 36 3 14 43 1
769 CANCEL 1547
769 ORDER 1913 9 14 17 43 0
769 ORDER 1914 17 26 30 44 0
770 ORDER 1915 21 23 20 43 0
770 ORDER 1916 10 24 1 33 0
770 ORDER 1917 18 23 3 41 0
771 ORDER 1918 28 21 1 38 1
771 ORDER 1919 30 12 13 44 1
771 BLOCK 18 9
772 CANCEL 1467
772 CANCEL 1566
772 CANCEL 1574
772 ORDER 1920 29 5 11 43 1
772 ORDER 1921 29 17 35 43 0
773 CANCEL 1517
773 ORDER 1922 18 12 6 43 1
773 ORDER 1923 47 21 2 6 1
774 ORDER 1924 49 5 3 10 0
774 ORDER 1925 28 41 2 6 0
774 ORDER 1926 31 36 27 44 2
775 ORDER 1927 50 32 54 43 0
775 ORDER 1928 22 21 35 43 0
775 ORDER 1929 50 30 1 2 1
776 ORDER 1930 35 41 13 44 1
776 ORDER 1931 25 32 3 10 0
777 CANCEL 1900
777 ORDER 1932 52 23 22 44 1
777 ORDER 1933 7 38 3 37 0
777 ORDER 1934 20 35 2 28 2
778 ORDER 1935 20 41 47 43 1
778 ORDER 1936 19 33 58 43 1
779 UNBLOCK 44 20
779 ORDER 1937 18 39 15 43 0
779 ORDER 1938 33 23 2 36 0
779 ORDER 1939 27 11 12 44 0
780 CANCEL 1764
780 ORDER 1940 13 41 7 44 0
780 ORDER 1941 44 30 54 43 0
780 ORDER 1942 37 32 55 43 0
781 ORDER 1943 43 5 19 44 0
781 ORDER 1944 49 23 45 43 1
782 ORDER 1945 50 6 2 28 1
782 ORDER 1946 43 8 2 5 0
782 ORDER 1947 11 14 1 13 0
783 UNBLOCK 28 15
783 ORDER 1948 19 3 2 42 0
783 ORDER 1949 34 6 3 4 0
783 ORDER 1950 29 15 3 28 0
784 ORDER 1951 39 12 3 15 0
784 ORDER 1952 28 3 3 40 0
784 ORDER 1953 49 13 46 43 2
785 ORDER 1954 18 21 33 44 0
785 ORDER 1955 41 35 31 43 1
786 CANCEL 1510
786 CANCEL 1540
786 ORDER 1956 51 38 21 43 0
786 ORDER 1957 28 18 3 15 2
787 ORDER 1958 35 14 44 43 0
787 ORDER 1959 29 15 3 10 2
788 ORDER 1960 29 20 3 4 0
788 ORDER 1961 51 9 1 32 1
789 CANCEL 1918
789 ORDER 1962 24 21 1 39 0
789 ORDER 1963 24 35 3 14 1
790 ORDER 1964 37 26 44 44 0
790 ORDER 1965 43 11 3 5 0
791 ORDER 1966 37 3 33 43 1
791 ORDER 1967 6 18 3 20 1
792 ORDER 1968 7 14 45 43 2
792 ORDER 1969 47 8 10 43 0
793 ORDER 1970 43 15 3 8 1
793 ORDER 1971 37 14 23 44 1
793 ORDER 1972 51 6 3 28 0
794 ORDER 1973 40 3 2 42 0
794 ORDER 1974 30 17 3 36 0
795 ORDER 1975 14 12 1 28 0
795 ORDER 1976 25 35 43 43 0
796 ORDER 1977 42 21 2 32 1
796 ORDER 1978 50 12 1 26 0
796 ORDER 1979 11 18 1 16 1
797 ORDER 1980 32 38 12 44 0
797 ORDER 1981 30 18 32 44 1
798 ORDER 1982 53 9 34 43 3
798 ORDER 1983 50 14 24 44 0
799 CANCEL 1618
799 ORDER 1984 11 14 2 8 0
799 ORDER 1985 50 6 2 26 0
799 ORDER 1986 48 3 17 44 1
800 ORDER 1987 30 3 2 10 0
800 ORDER 1988 38 6 3 12 0
801 ORDER 1989 19 39 37 43 0
801 ORDER 1990 31 3 3 19 0
801 ORDER 1991 10 30 42 44 0
802 ORDER 1992 8 26 2 10 1
802 ORDER 1993 9 20 1 44 1
802 ORDER 1994 15 35 6 44 0
803 CANCEL 1696
803 ORDER 1995 48 27 1 13 0
803 ORDER 1996 11 27 51 44 1
803 ORDER 1997 24 5 43 43 0
804 ORDER 1998 44 41 3 33 1
804 ORDER 1999 13 39 25 44 3
804 ORDER 2000 51 41 56 43 0
805 CANCEL 1785
805 ORDER 2001 55 14 1 9 0
805 ORDER 2002 25 24 17 44 0
805 ORDER 2003 18 17 2 36 1
806 ORDER 2004 24 21 19 43 1
806 ORDER 2005 14 29 1 29 0
806 ORDER 2006 38 9 1 13 0
807 ORDER 2007 31 3 1 32 2
807 ORDER 2008 28 29 1 35 1
808 ORDER 2009 50 20 3 15 1
808 ORDER 2010 29 18 1 2 2
808 ORDER 2011 30 36 14 44 0
809 ORDER 2012 6 24 24 43 0
809 ORDER 2013 22 32 44 44 1
810 CANCEL 1819
810 ORDER 2014 11 27 52 44 1
810 ORDER 2015 55 41 3 25 0
811 ORDER 2016 30 30 3 17 3
811 ORDER 2017 9 12 20 43 3
812 CANCEL 1620
812 CANCEL 1680
812 ORDER 2018 18 6 2 26 1
812 ORDER 2019 20 23 1 8 1
812 ORDER 2020 38 11 5 44 2
813 CANCEL 1703
813 ORDER 2021 10 32 26 43 0
813 ORDER 2022 46 24 27 44 1
814 UNBLOCK 18 9
814 ORDER 2023 17 30 3 42 0
814 ORDER 2024 47 26 1 19 0
815 CANCEL 1594
815 ORDER 2025 8 30 19 43 0
815 ORDER 2026 33 24 2 3 0
815 ORDER 2027 12 6 1 39 1
816 ORDER 2028 21 30 2 35 0
816 ORDER 2029 12 30 1 15 2
817 CANCEL 1588
817 ORDER 2030 6 30 32 43 3
817 ORDER 2031 26 30 8 43 0
818 ORDER 2032 23 5 2 41 0
818 ORDER 2033 26 14 3 16 0
818 ORDER 2034 37 18 30 43 0
819 ORDER 2035 20 8 1 25 0
819 ORDER 2036 53 9 1 32 2
819 ORDER 2037 35 11 50 43 0
820 ORDER 2038 17 21 30 43 1
820 ORDER 2039 18 9 3 21 1
820 ORDER 2040 43 27 1 12 0
821 ORDER 2041 53 24 16 44 1
821 ORDER 2042 43 27 1 3 0
822 ORDER 2043 28 30 2 23 0
822 ORDER 2044 51 3 44 43 0
822 ORDER 2045 20 29 4 44 0
823 ORDER 2046 42 35 50 43 2
823 ORDER 2047 48 30 1 16 0
823 ORDER 2048 9 18 2 4 0
824 ORDER 2049 38 33 2 6 0
824 ORDER 2050 49 3 44 43 1
824 ORDER 2051 21 11 34 44 0
825 ORDER 2052 41 33 26 43 0
825 ORDER 2053 11 33 2 2 2
825 ORDER 2054 29 36 49 44 0
826 ORDER 2055 44 24 1 15 2
826 ORDER 2056 18 30 2 29 0
827 ORDER 2057 8 14 51 44 0
827 ORDER 2058 40 18 3 10 0
827 ORDER 2059 16 23 16 44 1
828 ORDER 2060 6 12 2 40 1
828 ORDER 2061 13 8 2 13 0
829 ORDER 2062 17 38 2 37 1
829 ORDER 2063 21 9 32 44 3
830 CANCEL 1807
830 ORDER 2064 46 26 2 1 0
830 ORDER 2065 50 31 3 21 1
830 ORDER 2066 20 24 3 29 0
831 ORDER 2067 6 11 1 20 0
831 ORDER 2068 44 14 24 43 1
831 ORDER 2069 12 38 22 43 0
832 ORDER 2070 35 18 6 44 0
832 ORDER 2071 41 20 2 21 1
833 ORDER 2072 22 6 39 43 1
833 ORDER 2073 53 29 1 22 3
833 ORDER 2074 18 26 3 19 0
834 ORDER 2075 18 12 1 22 2
834 ORDER 2076 19 21 1 5 1
834 ORDER 2077 35 35 27 44 0
835 CANCEL 1675
835 ORDER 2078 37 11 3 32 0
835 ORDER 2079 37 6 3 30 1
835 ORDER 2080 37 6 3 16 1
836 ORDER 2081 52 23 29 44 1
836 ORDER 2082 26 32 36 44 0
836 BLOCK 38 33
837 CANCEL 1646
837 CANCEL 1804
837 UNBLOCK 15 30
837 ORDER 2083 41 38 2 23 0
837 ORDER 2084 43 11 2 32 0
838 ORDER 2085 9 6 2 38 0
838 ORDER 2086 21 26 3 23 1
839 ORDER 2087 9 17 2 36 0
839 ORDER 2088 29 5 24 43 0
839 ORDER 2089 52 23 1 18 1
840 ORDER 2090 32 38 1 9 3
840 ORDER 2091 47 3 1 11 0
841 ORDER 2092 20 5 3 28 3
841 ORDER 2093 27 26 3 30 0
841 ORDER 2094 51 39 3 16 0
842 ORDER 2095 30 26 19 43 0
842 ORDER 2096 29 23 2 37 0
843 ORDER 2097 52 14 50 43 0
843 ORDER 2098 32 15 43 43 1
843 ORDER 2099 39 17 31 43 2
844 ORDER 2100 37 6 2 36 3
844 ORDER 2101 37 27 27 44 0
844 ORDER 2102 28 29 3 13 0
845 CANCEL 1677
845 CANCEL 1823
845 CANCEL 1960
845 ORDER 2103 23 14 1 33 2
845 ORDER 2104 30 9 1 9 1
845 ORDER 2105 33 32 2 7 1
846 ORDER 2106 23 21 3 12 0
846 ORDER 2107 23 8 1 38 1
847 ORDER 2108 26 35 3 32 0
847 ORDER 2109 51 24 54 43 0
848 ORDER 2110 6 17 22 44 0
848 ORDER 2111 38 11 2 41 0
849 ORDER 2112 29 18 40 44 0
849 ORDER 2113 30 18 9 43 2
849 ORDER 2114 27 27 1 31 1
850 ORDER 2115 19 23 19 43 0
850 ORDER 2116 34 39 41 44 1
851 CANCEL 1921
851 ORDER 2117 32 8 2 10 3
851 ORDER 2118 20 21 54 44 0
852 CANCEL 1786
852 UNBLOCK 34 2
852 ORDER 2119 48 39 3 34 3
852 ORDER 2120 46 24 3 31 0
853 CANCEL 1661
853 ORDER 2121 7 14 2 33 3
853 ORDER 2122 40 26 2 10 2
853 ORDER 2123 43 5 50 43 0
854 CANCEL 2032
854 ORDER 2124 40 15 2 34 0
854 ORDER 2125 17 35 3 14 1
854 ORDER 2126 11 14 31 43 3
855 CANCEL 1820
855 ORDER 2127 12 41 2 8 2
855 ORDER 2128 19 12 45 44 2
855 ORDER 2129 7 24 53 44 0
856 ORDER 2130 18 27 32 43 0
856 ORDER 2131 43 36 6 44 0
856 ORDER 2132 9 32 3 1 1
857 CANCEL 1961
857 ORDER 2133 38 11 2 36 0
857 ORDER 2134 40 41 4 43 0
858 UNBLOCK 45 29
858 ORDER 2135 48 11 1 41 0
858 ORDER 2136 46 26 56 44 2
859 ORDER 2137 50 41 2 44 1
859 ORDER 2138 28 32 1 34 0
859 ORDER 2139 10 9 50 44 1
860 CANCEL 1682
860 ORDER 2140 48 21 47 43 1
860 ORDER 2141 31 21 25 43 1
860 BLOCK 47 23
861 ORDER 2142 37 14 55 44 0
861 ORDER 2143 50 21 32 43 1
861 ORDER 2144 23 12 5 43 0
862 CANCEL 1905
862 ORDER 2145 55 21 2 30 2
862 ORDER 2146 53 36 2 39 0
863 ORDER 2147 10 26 3 26 0
863 ORDER 2148 9 5 1 34 0
864 ORDER 2149 43 7 46 43 1
864 ORDER 2150 55 18 2 30 0
865 CANCEL 1774
865 ORDER 2151 14 17 1 32 3
865 ORDER 2152 49 39 2 22 0
866 ORDER 2153 21 8 34 44 0
866 ORDER 2154 10 29 2 19 0
867 ORDER 2155 34 33 29 43 1
867 ORDER 2156 19 18 3 23 0
868 ORDER 2157 38 39 3 8 1
868 ORDER 2158 40 5 1 21 0
868 ORDER 2159 16 32 2 24 0
869 ORDER 2160 47 3 1 4 0
869 ORDER 2161 41 20 3 9 0
869 ORDER 2162 14 18 9 43 0
870 ORDER 2163 7 32 38 44 0
870 ORDER 2164 19 32 2 27 2
871 ORDER 2165 6 18 32 43 0
871 ORDER 2166 17 9 3 43 0
871 ORDER 2167 50 32 3 16 0
872 ORDER 2168 36 23 1 19 0
872 ORDER 2169 42 5 36 43 0
873 ORDER 2170 52 29 2 22 1
873 ORDER 2171 7 14 20 44 0
873 ORDER 2172 42 3 1 22 1
874 ORDER 2173 13 39 3 37 2
874 ORDER 2174 28 27 2 11 1
874 ORDER 2175 37 9 1 41 1
875 ORDER 2176 13 32 13 44 0
875 ORDER 2177 34 39 2 9 0
876 ORDER 2178 22 15 2 12 1
876 ORDER 2179 21 20 28 43 0
877 ORDER 2180 30 24 3 40 1
877 ORDER 2181 53 24 2 8 1
877 ORDER 2182 17 32 29 44 0
878 ORDER 2183 24 24 1 25 0
878 ORDER 2184 12 38 46 43 0
878 ORDER 2185 17 36 22 44 2
879 ORDER 2186 12 14 3 32 0
879 ORDER 2187 11 5 2 41 0
880 CANCEL 1924
880 ORDER 2188 7 24 44 44 0
880 ORDER 2189 35 32 1 14 2
881 ORDER 2190 38 26 3 33 0
881 ORDER 2191 14 17 41 44 0
882 ORDER 2192 28 24 3 40 0
882 ORDER 2193 25 32 2 33 0
882 ORDER 2194 41 18 2 22 0
883 ORDER 2195 7 23 2 17 0
883 ORDER 2196 35 39 1 14 1
883 ORDER 2197 28 41 47 44 0
884 ORDER 2198 33 8 23 43 0
884 ORDER 2199 18 18 1 16 2
885 CANCEL 1839
885 ORDER 2200 55 35 1 40 0
885 ORDER 2201 55 12 2 7 0
886 ORDER 2202 18 27 2 10 0
886 ORDER 2203 32 20 1 10 2
886 ORDER 2204 25 26 33 43 0
887 ORDER 2205 47 23 1 11 0
887 ORDER 2206 38 11 3 17 0
887 ORDER 2207 6 8 2 1 2
888 ORDER 2208 28 18 21 43 0
888 ORDER 2209 25 9 44 43 0
888 ORDER 2210 6 12 1 37 0
889 CANCEL 1942
889 ORDER 2211 40 3 3 13 1
889 ORDER 2212 54 38 12 44 2
890 ORDER 2213 51 18 40 44 2
890 ORDER 2214 42 15 2 16 1
890 ORDER 2215 33 5 1 34 0
891 ORDER 2216 36 15 1 13 0
891 ORDER 2217 48 12 24 44 0
892 ORDER 2218 48 18 3 40 0
892 ORDER 2219 50 17 21 43 2
893 ORDER 2220 46 21 1 5 0
893 ORDER 2221 8 18 57 43 0
893 ORDER 2222 6 36 14 44 1
893 CANCEL 102222
894 ORDER 2223 31 8 2 20 1
894 ORDER 2224 42 5 48 43 0
895 ORDER 2225 8 23 13 44 3
895 ORDER 2226 11 41 55 43 1
896 ORDER 2227 53 39 3 40 0
896 ORDER 2228 52 21 3 3 2
897 ORDER 2229 22 23 3 42 2
897 ORDER 2230 36 21 21 43 0
897 ORDER 2231 36 15 1 37 0
898 CANCEL 1809
898 ORDER 2232 33 26 10 43 0
898 ORDER 2233 53 29 16 43 0
898 ORDER 2234 37 17 3 24 0
899 ORDER 2235 14 29 1 39 0
899 ORDER 2236 52 36 42 43 1
899 ORDER 2237 52 14 54 44 0
900 ORDER 2238 45 24 3 23 1
900 ORDER 2239 29 39 3 10 1
900 ORDER 2240 9 17 15 44 0
901 ORDER 2241 26 35 55 44 0
901 ORDER 2242 7 8 35 44 0
901 ORDER 2243 32 8 2 10 0
902 ORDER 2244 14 3 35 44 0
902 ORDER 2245 21 38 23 43 1
903 ORDER 2246 15 27 54 43 2
903 ORDER 2247 28 30 18 44 1
903 ORDER 2248 21 3 3 1 0
904 CANCEL 2233
904 ORDER 2249 26 15 58 43 1
904 ORDER 2250 46 26 1 39 0
904 ORDER 2251 43 39 18 44 0
905 ORDER 2252 40 38 5 43 1
905 ORDER 2253 26 18 2 19 0
905 ORDER 2254 46 32 32 43 1
906 ORDER 2255 39 30 1 15 0
906 ORDER 2256 24 21 3 30 0
906 ORDER 2257 9 17 20 43 3
907 ORDER 2258 38 24 35 43 0
907 ORDER 2259 43 30 2 17 0
907 ORDER 2260 15 9 1 24 0
908 ORDER 2261 27 24 38 44 0
908 ORDER 2262 14 12 3 10 0
909 CANCEL 1949
909 ORDER 2263 26 12 3 20 0
909 ORDER 2264 30 26 1 22 0
910 ORDER 2265 45 18 1 30 1
910 ORDER 2266 39 41 33 43 1
911 ORDER 2267 41 14 2 25 3
911 ORDER 2268 54 18 2 12 2
912 ORDER 2269 52 33 16 43 0
912 ORDER 2270 40 8 53 43 1
912 ORDER 2271 27 21 3 39 0
913 ORDER 2272 16 33 2 22 0
913 ORDER 2273 21 38 1 15 2
913 BLOCK 43 13
914 ORDER 2274 11 39 2 23 1
914 ORDER 2275 18 15 41 44 3
914 ORDER 2276 12 32 1 7 0
915 CANCEL 2224
915 ORDER 2277 29 24 1 38 3
915 ORDER 2278 50 17 9 44 1
915 ORDER 2279 29 24 2 16 1
916 ORDER 2280 48 27 7 44 1
916 ORDER 2281 16 8 1 43 2
917 ORDER 2282 29 38 2 10 2
917 ORDER 2283 28 14 2 8 0
917 ORDER 2284 39 6 2 7 0
918 CANCEL 2014
918 ORDER 2285 39 26 10 44 2
918 ORDER 2286 35 35 1 22 2
919 ORDER 2287 33 32 2 37 0
919 ORDER 2288 21 20 3 11 0
919 ORDER 2289 22 17 31 43 0
920 ORDER 2290 47 20 3 20 3
920 ORDER 2291 29 29 44 44 2
921 CANCEL 1870
921 ORDER 2292 21 6 2 7 0
921 ORDER 2293 11 30 2 36 0
922 ORDER 2294 40 12 2 39 0
922 ORDER 2295 28 17 18 43 0
923 ORDER 2296 49 12 1 22 0
923 ORDER 2297 12 38 40 44 0
924 ORDER 2298 54 6 51 43 1
924 ORDER 2299 29 38 44 44 3
924 ORDER 2300 49 30 3 6 0
925 ORDER 2301 28 26 1 31 0
925 ORDER 2302 11 29 3 41 0
926 ORDER 2303 18 17 42 44 0
926 ORDER 2304 45 41 1 11 0
926 ORDER 2305 31 27 3 31 0
927 ORDER 2306 24 27 2 34 0
927 ORDER 2307 40 14 40 43 0
928 ORDER 2308 20 11 38 44 0
928 ORDER 2309 14 11 2 17 0
928 ORDER 2310 16 26 1 34 1
929 ORDER 2311 7 14 3 17 2
929 ORDER 2312 37 11 6 43 2
930 UNBLOCK 38 33
930 ORDER 2313 10 29 2 23 2
930 ORDER 2314 31 36 53 44 2
931 ORDER 2315 11 17 54 44 0
931 ORDER 2316 34 24 2 23 3
931 ORDER 2317 35 39 12 44 1
932 ORDER 2318 45 23 2 17 0
932 ORDER 2319 19 23 2 1 0
933 CANCEL 2264
933 ORDER 2320 39 39 49 43 2
933 ORDER 2321 33 36 45 44 2
934 ORDER 2322 27 10 57 43 0
934 ORDER 2323 13 36 1 27 1
934 ORDER 2324 23 8 3 19 2
935 CANCEL 2273
935 ORDER 2325 16 27 12 44 2
935 ORDER 2326 28 41 17 43 1
935 ORDER 2327 32 18 47 43 0
936 ORDER 2328 45 12 30 43 1
936 ORDER 2329 31 14 18 44 0
937 ORDER 2330 48 8 47 44 0
937 ORDER 2331 13 21 1 2 0
937 ORDER 2332 10 6 2 40 1
938 ORDER 2333 22 38 1 34 0
938 ORDER 2334 17 32 3 17 0
939 ORDER 2335 8 8 47 43 0
939 ORDER 2336 43 41 58 44 0
939 ORDER 2337 18 26 2 38 0
940 ORDER 2338 52 14 3 32 1
940 ORDER 2339 38 41 5 44 0
941 ORDER 2340 48 7 1 30 2
941 ORDER 2341 44 9 36 44 0
941 ORDER 2342 8 36 22 43 0
942 ORDER 2343 55 15 50 44 0
942 ORDER 2344 39 17 40 43 1
943 ORDER 2345 36 12 20 44 2
943 ORDER 2346 20 20 16 43 3
944 ORDER 2347 10 26 58 43 1
944 ORDER 2348 37 5 51 43 3
945 ORDER 2349 7 18 24 44 1
945 ORDER 2350 29 33 1 44 0
946 ORDER 2351 53 9 3 4 1
946 ORDER 2352 45 23 3 1 0
946 ORDER 2353 10 29 27 44 0
947 CANCEL 2088
947 ORDER 2354 28 8 2 43 0
947 ORDER 2355 12 3 21 44 1
948 ORDER 2356 54 9 3 8 0
948 ORDER 2357 53 8 3 10 2
948 ORDER 2358 7 14 24 43 0
949 CANCEL 2075
949 ORDER 2359 31 41 1 9 0
949 ORDER 2360 55 39 21 44 0
949 ORDER 2361 40 15 1 13 1
950 CANCEL 1974
950 ORDER 2362 55 18 1 21 0
950 ORDER 2363 50 32 35 44 1
950 ORDER 2364 23 38 3 26 0
951 CANCEL 1979
951 ORDER 2365 54 33 1 9 0
951 ORDER 2366 44 32 43 44 2
951 ORDER 2367 35 18 27 43 1
952 CANCEL 2115
952 CANCEL 2203
952 ORDER 2368 31 3 1 38 0
952 ORDER 2369 51 26 3 34 0
953 UNBLOCK 47 23
953 ORDER 2370 15 20 3 12 0
953 ORDER 2371 26 27 54 43 1
954 CANCEL 2216
954 ORDER 2372 44 17 2 10 0
954 ORDER 2373 52 6 1 38 0
954 ORDER 2374 36 3 3 33 0
955 ORDER 2375 30 5 2 15 0
955 ORDER 2376 21 41 1 24 0
955 ORDER 2377 46 30 41 44 0
956 ORDER 2378 20 17 3 25 0
956 ORDER 2379 21 5 53 44 1
957 CANCEL 2037
957 CANCEL 2321
957 ORDER 2380 30 32 20 44 2
957 ORDER 2381 7 15 3 29 2
958 ORDER 2382 7 6 3 34 0
958 ORDER 2383 53 39 50 43 0
958 ORDER 2384 12 35 1 40 0
959 ORDER 2385 47 38 39 43 0
959 ORDER 2386 42 8 16 44 0
959 ORDER 2387 41 20 2 12 1
960 CANCEL 2277
960 ORDER 2388 18 35 25 44 0
960 ORDER 2389 23 35 25 43 1
961 ORDER 2390 42 6 2 28 0
961 ORDER 2391 37 38 2 17 0
961 ORDER 2392 6 17 52 43 0
962 ORDER 2393 29 21 7 43 0
962 ORDER 2394 17 18 23 44 0
962 ORDER 2395 46 6 3 9 0
963 ORDER 2396 8 15 1 13 2
963 ORDER 2397 48 27 2 42 0
964 ORDER 2398 27 12 14 44 0
964 ORDER 2399 7 38 26 44 1
965 ORDER 2400 29 8 2 42 0
965 ORDER 2401 51 36 56 44 1
965 ORDER 2402 29 32 2 10 1
966 ORDER 2403 24 3 3 14 0
966 ORDER 2404 17 8 3 12 0
966 ORDER 2405 15 27 6 43 0
967 CANCEL 2369
967 ORDER 2406 22 6 3 42 1
967 ORDER 2407 22 23 2 23 1
967 ORDER 2408 33 38 54 44 3
968 CANCEL 2049
968 ORDER 2409 12 6 29 43 0
968 ORDER 2410 9 20 1 32 0
968 ORDER 2411 45 35 1 7 0
969 ORDER 2412 24 9 2 2 2
969 ORDER 2413 6 39 1 19 0
969 ORDER 2414 17 6 2 22 0
970 CANCEL 1933
970 CANCEL 1991
970 CANCEL 2191
970 ORDER 2415 33 30 23 43 0
970 ORDER 2416 45 33 51 43 2
970 ORDER 2417 44 30 2 35 2
971 CANCEL 2019
971 ORDER 2418 36 9 3 21 0
971 ORDER 2419 9 3 23 43 0
971 ORDER 2420 47 20 1 4 1
972 ORDER 2421 38 6 1 2 0
972 ORDER 2422 31 5 3 41 0
972 ORDER 2423 32 17 18 43 0
973 CANCEL 2107
973 ORDER 2424 48 33 57 44 0
973 ORDER 2425 54 6 56 44 1
974 ORDER 2426 45 12 2 44 0
974 ORDER 2427 13 3 3 10 0
975 CANCEL 2195
975 ORDER 2428 45 14 10 44 0
975 ORDER 2429 32 38 3 17 3
975 ORDER 2430 23 39 2 3 1
975 BLOCK 29 6
976 ORDER 2431 42 20 2 4 0
976 ORDER 2432 53 32 10 43 0
977 ORDER 2433 52 3 12 43 0
977 ORDER 2434 46 20 22 43 2
978 ORDER 2435 24 39 3 41 0
978 ORDER 2436 38 27 1 16 0
979 ORDER 2437 34 36 51 43 1
979 ORDER 2438 34 26 55 43 2
980 ORDER 2439 10 39 52 43 0
980 ORDER 2440 32 3 42 43 2
980 ORDER 2441 39 38 42 43 0
981 ORDER 2442 29 14 13 44 0
981 ORDER 2443 18 23 41 43 0
981 ORDER 2444 6 39 50 43 1
982 ORDER 2445 21 39 6 44 0
982 ORDER 2446 51 24 11 44 1
983 ORDER 2447 23 15 1 26 0
983 ORDER 2448 16 9 45 43 0
984 CANCEL 2021
984 ORDER 2449 48 27 50 43 1
984 ORDER 2450 37 11 2 39 0
985 ORDER 2451 43 35 1 30 0
985 ORDER 2452 6 20 10 43 2
985 ORDER 2453 51 18 3 35 2
986 ORDER 2454 45 21 40 43 0
986 ORDER 2455 25 5 18 43 0
987 ORDER 2456 45 21 48 43 3
987 ORDER 2457 37 24 2 24 0
988 ORDER 2458 15 18 3 22 0
988 ORDER 2459 15 29 1 1 0
988 ORDER 2460 6 8 3 42 0
989 ORDER 2461 13 38 50 43 0
989 ORDER 2462 17 12 2 41 1
989 ORDER 2463 39 15 3 27 1
990 CANCEL 2424
990 ORDER 2464 36 14 50 44 0
990 ORDER 2465 20 33 1 35 2
991 ORDER 2466 24 33 16 43 1
991 ORDER 2467 48 38 21 44 0
992 CANCEL 2133
992 ORDER 2468 18 27 27 44 3
992 ORDER 2469 8 9 3 42 0
993 ORDER 2470 36 35 2 1 0
993 ORDER 2471 31 36 2 43 0
994 CANCEL 2349
994 ORDER 2472 35 35 1 39 1
994 ORDER 2473 29 39 27 44 0
994 ORDER 2474 50 3 7 43 0
995 ORDER 2475 12 3 42 44 0
995 ORDER 2476 12 35 1 8 0
995 ORDER 2477 51 27 1 42 1
996 ORDER 2478 6 14 3 11 1
996 ORDER 2479 47 33 3 25 1
997 ORDER 2480 47 32 22 44 1
997 ORDER 2481 54 35 1 19 3
997 ORDER 2482 48 32 3 43 0
998 ORDER 2483 35 30 2 22 0
998 ORDER 2484 37 17 11 43 0
999 CANCEL 2202
999 ORDER 2485 36 17 8 43 0
999 ORDER 2486 17 14 1 28 1
1000 ORDER 2487 7 35 38 44 1
1000 ORDER 2488 28 36 1 27 0
1000 ORDER 2489 46 26 1 4 3
1001 ORDER 2490 55 24 3 15 2
1001 ORDER 2491 54 32 11 44 2
1002 ORDER 2492 10 30 7 44 0
1002 ORDER 2493 8 6 1 31 1
1003 ORDER 2494 9 35 37 44 0
1003 ORDER 2495 27 6 41 43 0
1004 CANCEL 2022
1004 CANCEL 2141
1004 ORDER 2496 42 39 2 37 0
1004 ORDER 2497 19 33 18 43 1
1004 ORDER 2498 8 6 21 43 0
1005 ORDER 2499 29 32 4 44 0
1005 ORDER 2500 17 22 2 11 0
1005 ORDER 2501 42 18 2 1 0
1006 ORDER 2502 32 39 1 6 0
1006 ORDER 2503 20 18 21 43 0
1006 ORDER 2504 6 6 7 44 0
1007 CANCEL 2130
1007 ORDER 2505 37 11 3 1 0
1007 ORDER 2506 41 20 14 44 0
1007 ORDER 2507 44 27 10 44 0
1008 ORDER 2508 38 39 1 18 2
1008 ORDER 2509 48 8 29 44 0
1008 ORDER 2510 13 41 2 27 0
1009 ORDER 2511 16 27 52 43 0
1009 ORDER 2512 48 27 2 5 1
1009 ORDER 2513 20 41 1 13 3
1010 ORDER 2514 9 17 55 43 0
1010 ORDER 2515 12 36 32 44 0
1011 ORDER 2516 18 9 3 31 2
1011 ORDER 2517 45 24 43 43 3
1012 ORDER 2518 26 26 1 40 2
1012 ORDER 2519 16 35 1 39 0
1012 ORDER 2520 12 30 56 43 1
1013 ORDER 2521 14 17 21 44 2
1013 ORDER 2522 50 36 17 43 0
1014 UNBLOCK 29 6
1014 ORDER 2523 21 3 26 44 1
1014 ORDER 2524 37 21 48 44 0
1014 BLOCK 8 3
1015 CANCEL 2436
1015 ORDER 2525 50 14 15 43 1
1015 ORDER 2526 30 9 2 10 0
1016 CANCEL 2074
1016 ORDER 2527 47 3 19 43 0
1016 ORDER 2528 13 17 2 21 0
1016 ORDER 2529 39 15 27 43 0
1017 ORDER 2530 18 14 48 43 1
1017 ORDER 2531 25 27 9 43 0
1017 ORDER 2532 11 27 2 29 1
1018 ORDER 2533 17 35 2 26 1
1018 ORDER 2534 32 9 13 44 0
1019 ORDER 2535 15 20 29 43 1
1019 ORDER 2536 43 35 2 35 1
1020 ORDER 2537 18 27 2 25 0
1020 ORDER 2538 44 26 16 43 3
1021 CANCEL 2410
1021 CANCEL 2517
1021 ORDER 2539 47 17 42 43 0
1021 ORDER 2540 51 12 13 44 0
1022 ORDER 2541 12 3 2 25 0
1022 ORDER 2542 7 35 25 43 2
1023 ORDER 2543 34 35 35 44 2
1023 ORDER 2544 43 17 43 43 0
1023 ORDER 2545 21 6 1 26 0
1024 ORDER 2546 19 29 46 44 0
1024 ORDER 2547 11 35 2 11 0
1025 ORDER 2548 32 39 1 40 0
1025 ORDER 2549 36 26 1 41 0
1025 ORDER 2550 28 24 40 43 0
1026 ORDER 2551 30 41 1 27 1
1026 ORDER 2552 7 17 2 10 0
1026 BLOCK 38 6
1027 ORDER 2553 36 11 3 11 1
1027 ORDER 2554 23 15 1 15 2
1028 ORDER 2555 8 38 46 44 0
1028 ORDER 2556 46 12 3 41 2
1028 ORDER 2557 55 24 2 8 0
1029 ORDER 2558 7 17 58 44 1
1029 ORDER 2559 19 32 12 44 0
1029 ORDER 2560 46 20 2 29 0
1030 CANCEL 2158
1030 ORDER 2561 32 3 1 5 3
1030 ORDER 2562 17 35 15 44 0
1030 ORDER 2563 16 41 21 44 1
1031 ORDER 2564 30 12 4 43 0
1031 ORDER 2565 22 8 49 44 0
1031 ORDER 2566 18 12 51 44 0
1032 ORDER 2567 27 21 45 43 0
1032 ORDER 2568 7 24 1 21 1
1033 ORDER 2569 6 9 35 43 1
1033 ORDER 2570 20 20 53 44 0
1033 ORDER 2571 38 30 1 22 0
1034 ORDER 2572 18 32 2 40 0
1034 ORDER 2573 34 38 9 44 0
1034 ORDER 2574 18 15 2 5 1
1035 CANCEL 2429
1035 CANCEL 2548
1035 ORDER 2575 34 8 3 4 0
1035 ORDER 2576 15 33 53 44 1
1035 ORDER 2577 54 20 13 43 3
1036 CANCEL 2193
1036 CANCEL 2285
1036 ORDER 2578 10 41 1 32 3
1036 ORDER 2579 55 24 2 21 0
1036 ORDER 2580 48 36 3 4 1
1037 ORDER 2581 25 24 25 44 0
1037 ORDER 2582 46 36 1 27 0
1038 ORDER 2583 43 39 22 44 0
1038 ORDER 2584 18 18 4 43 0
1038 ORDER 2585 53 27 2 27 0
1039 ORDER 2586 9 41 3 25 0
1039 ORDER 2587 38 5 32 44 0
1040 ORDER 2588 11 30 1 31 0
1040 ORDER 2589 21 21 2 33 0
1041 ORDER 2590 33 41 50 44 0
1041 ORDER 2591 17 41 40 43 0
1042 ORDER 2592 19 23 56 43 0
1042 ORDER 2593 37 36 48 44 3
1042 ORDER 2594 7 29 1 27 0
1043 CANCEL 2440
1043 ORDER 2595 17 20 3 39 1
1043 ORDER 2596 18 12 52 44 0
1043 ORDER 2597 36 26 3 44 2
1044 ORDER 2598 51 17 3 30 1
1044 ORDER 2599 42 18 1 30 3
1045 ORDER 2600 28 33 7 43 0
1045 ORDER 2601 42 33 3 29 0
1046 CANCEL 2213
1046 ORDER 2602 28 24 3 3 2
1046 ORDER 2603 7 21 4 43 1
1046 ORDER 2604 21 6 7 43 1
1047 UNBLOCK 43 13
1047 ORDER 2605 10 32 1 17 3
1047 ORDER 2606 43 32 1 29 0
1048 ORDER 2607 35 14 3 36 0
1048 ORDER 2608 24 9 1 8 3
1048 ORDER 2609 44 14 21 44 0
1049 ORDER 2610 9 30 3 7 0
1049 ORDER 2611 7 20 2 29 0
1050 ORDER 2612 43 26 1 32 0
1050 ORDER 2613 54 38 3 6 0
1051 CANCEL 2280
1051 ORDER 2614 17 15 2 28 0
1051 ORDER 2615 17 6 3 8 0
1051 ORDER 2616 34 35 49 44 0
1052 CANCEL 2272
1052 CANCEL 2494
1052 ORDER 2617 29 9 1 19 0
1052 ORDER 2618 37 14 2 12 0
1053 ORDER 2619 29 14 3 17 1
1053 ORDER 2620 18 26 3 16 3
1054 ORDER 2621 14 29 1 26 0
1054 ORDER 2622 13 17 2 23 2
1055 ORDER 2623 41 15 3 31 0
1055 ORDER 2624 13 12 2 21 0
1055 ORDER 2625 28 17 2 17 0
1056 ORDER 2626 52 6 36 43 0
1056 ORDER 2627 48 24 1 32 0
1057 CANCEL 2147
1057 ORDER 2628 45 32 2 27 0
1057 ORDER 2629 27 9 30 43 2
1058 CANCEL 2236
1058 ORDER 2630 47 29 3 12 1
1058 ORDER 2631 40 12 2 2 1
1058 ORDER 2632 22 8 2 19 1
1059 CANCEL 2245
1059 ORDER 2633 39 17 3 33 1
1059 ORDER 2634 43 35 2 11 0
1059 ORDER 2635 42 29 11 43 1
1059 BLOCK 38 33
1060 CANCEL 2542
1060 ORDER 2636 18 21 3 27 0
1060 ORDER 2637 55 33 42 44 0
1060 ORDER 2638 22 41 37 43 0
1061 CANCEL 2231
1061 ORDER 2639 26 17 1 2 0
1061 ORDER 2640 50 38 1 38 1
1061 ORDER 2641 8 3 1 14 0
1062 ORDER 2642 13 14 49 43 0
1062 ORDER 2643 33 39 32 43 2
1063 ORDER 2644 32 9 1 15 0
1063 ORDER 2645 18 5 33 43 0
1064 CANCEL 2567
1064 ORDER 2646 13 21 1 17 0
1064 ORDER 2647 28 18 26 43 1
1064 ORDER 2648 8 26 2 8 2
1065 ORDER 2649 33 33 2 16 0
1065 ORDER 2650 18 38 22 43 0
1065 ORDER 2651 11 20 3 40 0
1066 CANCEL 2237
1066 ORDER 2652 41 8 31 44 3
1066 ORDER 2653 32 23 32 44 1
1067 CANCEL 2472
1067 ORDER 2654 47 32 22 44 1
1067 ORDER 2655 19 18 49 43 0
1067 ORDER 2656 40 23 36 44 2
1068 ORDER 2657 33 26 2 44 0
1068 ORDER 2658 31 6 3 1 0
1069 ORDER 2659 29 38 13 43 1
1069 ORDER 2660 8 17 2 36 2
1070 UNBLOCK 8 3
1070 ORDER 2661 14 12 25 43 0
1070 ORDER 2662 28 39 3 42 2
1071 ORDER 2663 29 39 3 11 2
1071 ORDER 2664 27 8 13 43 0
1072 CANCEL 2563
1072 ORDER 2665 45 14 40 43 1
1072 ORDER 2666 6 41 5 44 0
1072 ORDER 2667 15 27 1 4 0
1073 ORDER 2668 30 29 3 30 0
1073 ORDER 2669 36 26 21 44 0
1073 ORDER 2670 31 38 3 21 0
1074 ORDER 2671 38 20 35 43 1
1074 ORDER 2672 15 20 26 44 0
1074 ORDER 2673 49 17 46 44 1
1075 CANCEL 2572
1075 ORDER 2674 24 11 3 33 0
1075 ORDER 2675 26 17 45 44 0
1075 ORDER 2676 8 30 2 2 1
1076 ORDER 2677 11 18 56 44 0
1076 ORDER 2678 16 30 11 44 0
1076 ORDER 2679 33 36 2 22 1
1077 ORDER 2680 24 33 2 14 2
1077 ORDER 2681 19 30 2 11 1
1077 ORDER 2682 15 20 14 44 0
1078 ORDER 2683 11 29 2 8 0
1078 ORDER 2684 8 15 2 36 0
1078 ORDER 2685 50 30 43 44 0
1079 ORDER 2686 36 26 2 18 0
1079 ORDER 2687 11 29 3 19 0
1080 CANCEL 2626
1080 ORDER 2688 15 20 2 16 0
1080 ORDER 2689 18 27 1 24 1
1080 ORDER 2690 47 3 21 44 0
1081 CANCEL 2326
1081 CANCEL 2352
1081 ORDER 2691 43 27 46 44 0
1081 ORDER 2692 30 29 2 26 0
1081 ORDER 2693 40 15 3 42 1
1082 ORDER 2694 33 21 1 32 1
1082 ORDER 2695 53 8 14 43 0
1083 ORDER 2696 39 23 42 44 1
1083 ORDER 2697 42 29 1 29 0
1083 ORDER 2698 32 3 27 43 0
1084 ORDER 2699 9 39 3 23 0
1084 ORDER 2700 19 38 38 43 0
1084 ORDER 2701 21 39 3 23 0
1085 CANCEL 2372
1085 ORDER 2702 24 35 31 44 1
1085 ORDER 2703 45 23 41 43 0
1086 ORDER 2704 51 26 41 44 3
1086 ORDER 2705 11 17 54 43 0
1087 CANCEL 2495
1087 ORDER 2706 40 14 32 44 0
1087 ORDER 2707 49 14 2 14 0
1087 ORDER 2708 35 39 2 24 1
1088 CANCEL 2450
1088 ORDER 2709 16 26 1 40 0
1088 ORDER 2710 48 24 2 22 3
1089 ORDER 2711 21 21 52 44 2
1089 ORDER 2712 55 39 2 11 0
1090 ORDER 2713 30 18 57 44 2
1090 ORDER 2714 30 26 44 44 2
1090 ORDER 2715 44 14 22 44 2
1091 CANCEL 2554
1091 ORDER 2716 28 5 41 43 2
1091 ORDER 2717 49 38 2 31 0
1091 ORDER 2718 16 29 1 38 2
1092 ORDER 2719 50 21 1 21 0
1092 ORDER 2720 22 21 23 43 0
1092 ORDER 2721 14 24 1 3 1
1093 ORDER 2722 25 9 18 43 2
1093 ORDER 2723 29 14 1 7 0
1093 BLOCK 26 35
1094 ORDER 2724 53 24 3 9 0
1094 ORDER 2725 25 9 2 18 1
1095 ORDER 2726 9 12 35 44 1
1095 ORDER 2727 29 14 1 4 0
1096 UNBLOCK 38 6
1096 ORDER 2728 36 33 1 43 0
1096 ORDER 2729 7 20 37 43 1
1097 ORDER 2730 34 38 3 28 1
1097 ORDER 2731 36 3 1 7 0
1097 ORDER 2732 22 3 52 43 0
1098 ORDER 2733 20 33 2 29 3
1098 ORDER 2734 23 38 1 31 0
1098 ORDER 2735 20 21 32 44 0
1099 ORDER 2736 28 17 5 44 0
1099 ORDER 2737 19 36 29 43 0
1100 ORDER 2738 7 23 25 43 0
1100 ORDER 2739 35 14 27 43 0
1100 ORDER 2740 28 36 57 43 2
1101 ORDER 2741 46 35 23 43 0
1101 ORDER 2742 47 6 1 1 2
1102 ORDER 2743 44 32 3 15 1
1102 ORDER 2744 16 30 2 24 0
1102 ORDER 2745 25 11 1 1 1
1103 CANCEL 2607
1103 ORDER 2746 54 30 20 44 0
1103 ORDER 2747 10 9 1 21 0
1104 ORDER 2748 31 27 37 44 1
1104 ORDER 2749 17 5 58 43 0
1105 CANCEL 2475
1105 ORDER 2750 20 23 3 11 1
1105 ORDER 2751 23 36 28 43 0
1105 ORDER 2752 39 23 53 43 1
1106 CANCEL 2682
1106 ORDER 2753 47 32 3 42 0
1106 ORDER 2754 37 24 21 43 3
1107 ORDER 2755 22 8 17 44 0
1107 ORDER 2756 38 8 21 43 1
1108 ORDER 2757 10 12 3 8 0
1108 ORDER 2758 15 11 3 15 0
1109 CANCEL 2286
1109 ORDER 2759 27 17 2 19 0
1109 ORDER 2760 48 35 45 44 0
1109 ORDER 2761 28 36 39 43 2
1110 CANCEL 2338
1110 ORDER 2762 19 39 19 44 1
1110 ORDER 2763 12 32 2 11 0
1110 ORDER 2764 10 33 11 43 0
1111 ORDER 2765 22 18 2 5 1
1111 ORDER 2766 38 30 3 29 0
1111 ORDER 2767 22 36 3 25 0
1112 ORDER 2768 14 15 1 3 2
1112 ORDER 2769 47 27 3 37 2
1113 ORDER 2770 20 12 1 32 0
1113 ORDER 2771 9 8 49 44 2
1114 ORDER 2772 24 23 22 43 1
1114 ORDER 2773 13 3 3 4 0
1115 CANCEL 2413
1115 ORDER 2774 55 32 3 25 0
1115 ORDER 2775 47 33 1 20 2
1115 ORDER 2776 39 9 9 44 2
1116 CANCEL 2420
1116 ORDER 2777 47 12 29 43 0
1116 ORDER 2778 21 41 16 44 1
1117 CANCEL 2334
1117 CANCEL 2403
1117 CANCEL 2549
1117 ORDER 2779 29 6 5 44 2
1117 ORDER 2780 27 8 3 41 0
1118 ORDER 2781 19 9 3 44 0
1118 ORDER 2782 40 20 2 18 0
1118 ORDER 2783 26 35 3 28 1
1119 ORDER 2784 50 15 1 42 1
1119 ORDER 2785 17 23 30 44 0
1119 ORDER 2786 17 9 1 9 0
1120 ORDER 2787 39 30 17 44 0
1120 ORDER 2788 51 24 1 41 1
1120 ORDER 2789 48 23 57 43 0
1121 ORDER 2790 30 39 3 13 1
1121 ORDER 2791 35 18 3 8 0
1121 ORDER 2792 37 26 2 19 0
1122 ORDER 2793 47 38 2 32 1
1122 ORDER 2794 53 32 3 19 0
1123 ORDER 2795 52 6 3 17 0
1123 ORDER 2796 42 23 40 44 1
1123 ORDER 2797 41 17 2 35 0
1124 CANCEL 2415
1124 ORDER 2798 8 17 3 24 1
1124 ORDER 2799 28 8 3 14 0
1124 ORDER 2800 19 11 14 43 0
1125 ORDER 2801 40 20 9 44 1
1125 ORDER 2802 16 41 1 10 0
1125 ORDER 2803 10 9 35 43 3
1126 ORDER 2804 52 39 37 43 0
1126 ORDER 2805 48 12 2 16 3
1127 ORDER 2806 37 38 1 10 1
1127 ORDER 2807 54 24 15 44 1
1127 ORDER 2808 44 24 3 32 0
1128 ORDER 2809 30 32 2 3 1
1128 ORDER 2810 55 11 3 37 0
1129 CANCEL 2384
1129 CANCEL 2408
1129 ORDER 2811 11 26 11 43 0
1129 ORDER 2812 36 24 1 24 0
1129 ORDER 2813 6 9 29 44 0
1130 ORDER 2814 36 11 48 44 0
1130 ORDER 2815 20 29 2 20 2
1131 ORDER 2816 22 6 2 27 1
1131 ORDER 2817 54 20 3 2 0
1131 ORDER 2818 25 35 2 26 0
1132 ORDER 2819 25 35 1 33 2
1132 ORDER 2820 32 11 3 12 1
1132 ORDER 2821 35 27 18 44 0
1133 CANCEL 2421
1133 ORDER 2822 21 32 14 44 0
1133 ORDER 2823 31 17 46 43 0
1134 ORDER 2824 23 12 8 43 0
1134 ORDER 2825 51 8 3 41 0
1134 ORDER 2826 26 9 1 26 0
1135 ORDER 2827 36 11 40 43 0
1135 ORDER 2828 23 23 3 2 1
1136 ORDER 2829 23 39 2 7 1
1136 ORDER 2830 27 27 46 44 1
1137 CANCEL 2606
1137 ORDER 2831 8 24 2 12 0
1137 ORDER 2832 34 36 3 4 0
1137 ORDER 2833 39 3 27 43 0
1138 ORDER 2834 51 6 3 39 0
1138 ORDER 2835 40 12 49 44 1
1139 ORDER 2836 9 36 1 27 0
1139 ORDER 2837 10 9 41 44 1
1139 ORDER 2838 39 23 3 4 1
1140 UNBLOCK 38 33
1140 CANCEL 2782
1140 ORDER 2839 53 8 1 5 3
1140 ORDER 2840 55 30 44 43 1
1140 ORDER 2841 40 36 10 43 1
1141 ORDER 2842 23 14 21 44 0
1141 ORDER 2843 20 15 57 43 1
1141 ORDER 2844 10 24 2 13 0
1142 ORDER 2845 48 11 47 44 1
1142 ORDER 2846 21 14 3 7 0
1142 ORDER 2847 33 8 3 29 0
1143 ORDER 2848 51 23 2 31 2
1143 ORDER 2849 49 8 3 1 0
1144 CANCEL 2347
1144 ORDER 2850 54 35 6 44 0
1144 ORDER 2851 43 29 18 43 0
1145 ORDER 2852 28 6 2 9 1
1145 ORDER 2853 42 20 54 44 0
1145 ORDER 2854 15 20 2 10 1
1146 CANCEL 2539
1146 CANCEL 2551
1146 ORDER 2855 17 20 41 44 1
1146 ORDER 2856 53 33 3 9 2
1147 CANCEL 2640
1147 ORDER 2857 45 21 47 43 0
1147 ORDER 2858 43 24 29 44 3
1148 ORDER 2859 15 33 53 43 0
1148 ORDER 2860 11 35 25 43 0
1148 ORDER 2861 10 12 1 44 0
1149 CANCEL 2861
1149 ORDER 2862 52 17 5 43 0
1149 ORDER 2863 40 17 3 15 0
1149 ORDER 2864 32 15 3 38 1
1150 ORDER 2865 29 29 3 16 0
1150 ORDER 2866 51 8 28 44 1
1150 ORDER 2867 16 23 2 12 3
1151 ORDER 2868 50 15 1 29 0
1151 ORDER 2869 40 21 33 44 0
1152 ORDER 2870 28 8 1 6 0
1152 ORDER 2871 43 3 5 44 0
1153 ORDER 2872 36 20 2 8 1
1153 ORDER 2873 18 26 15 43 1
1153 ORDER 2874 16 30 57 44 0
1154 CANCEL 2562
1154 ORDER 2875 20 41 3 36 0
1154 ORDER 2876 23 41 3 31 0
1155 ORDER 2877 47 5 2 21 3
1155 ORDER 2878 35 20 1 4 1
1155 ORDER 2879 22 8 23 43 2
1156 ORDER 2880 41 41 2 5 1
1156 ORDER 2881 10 9 12 43 3
1156 ORDER 2882 11 8 1 40 1
1157 CANCEL 2560
1157 ORDER 2883 29 5 42 43 1
1157 ORDER 2884 25 35 34 44 0
1157 ORDER 2885 10 3 11 44 0
1158 ORDER 2886 12 32 15 43 0
1158 ORDER 2887 52 12 54 44 1
1159 ORDER 2888 52 15 3 34 0
1159 ORDER 2889 27 8 35 43 1
1159 ORDER 2890 10 3 2 35 1
1160 ORDER 2891 27 36 54 44 3
1160 ORDER 2892 45 20 8 43 0
1160 ORDER 2893 24 26 32 43 0
1161 ORDER 2894 40 23 13 44 0
1161 ORDER 2895 39 11 2 12 0
1162 ORDER 2896 48 8 1 35 3
1162 ORDER 2897 32 20 3 25 0
1162 ORDER 2898 39 26 2 38 0
1163 CANCEL 2717
1163 ORDER 2899 54 35 2 27 0
1163 ORDER 2900 17 15 2 30 0
1163 CANCEL 102900
1164 ORDER 2901 17 29 3 34 0
1164 ORDER 2902 21 9 28 43 1
1165 ORDER 2903 44 5 25 44 0
1165 ORDER 2904 48 3 3 3 1
1165 ORDER 2905 48 35 40 44 1
1166 CANCEL 2870
1166 ORDER 2906 24 36 2 35 2
1166 ORDER 2907 28 32 3 36 1
1167 ORDER 2908 20 18 3 19 1
1167 ORDER 2909 39 14 1 20 0
1168 ORDER 2910 20 9 1 33 0
1168 ORDER 2911 45 12 7 44 0
1169 ORDER 2912 17 3 27 44 3
1169 ORDER 2913 12 39 45 44 0
1170 ORDER 2914 27 35 9 44 0
1170 ORDER 2915 20 36 1 33 0
1171 ORDER 2916 39 17 1 32 1
1171 ORDER 2917 47 12 1 3 2
1171 ORDER 2918 43 5 3 42 0
1172 ORDER 2919 29 33 2 42 0
1172 ORDER 2920 32 15 2 15 1
1173 CANCEL 2706
1173 CANCEL 2845
1173 ORDER 2921 32 18 23 43 0
1173 ORDER 2922 18 9 32 43 0
1174 ORDER 2923 19 8 42 43 0
1174 ORDER 2924 6 33 49 44 0
1174 ORDER 2925 7 33 1 15 3
1175 CANCEL 2879
1175 ORDER 2926 52 6 5 43 0
1175 ORDER 2927 29 6 28 43 0
1175 ORDER 2928 18 21 50 43 0
1176 ORDER 2929 25 5 34 44 1
1176 ORDER 2930 16 26 31 43 1
1176 ORDER 2931 35 18 3 9 0
1177 ORDER 2932 6 23 45 44 1
1177 ORDER 2933 12 32 2 18 0
1178 ORDER 2934 20 33 55 44 1
1178 ORDER 2935 11 15 4 43 3
1178 ORDER 2936 32 21 1 40 0
1179 ORDER 2937 47 36 2 25 0
1179 ORDER 2938 10 21 3 41 0
1180 ORDER 2939 20 20 23 43 1
1180 ORDER 2940 16 31 12 43 1
1180 ORDER 2941 32 6 40 43 0
1181 ORDER 2942 40 3 2 18 0
1181 ORDER 2943 46 14 19 43 0
1182 UNBLOCK 26 35
1182 ORDER 2944 15 33 10 43 0
1182 ORDER 2945 10 12 2 41 0
1183 CANCEL 2503
1183 ORDER 2946 23 38 1 31 1
1183 ORDER 2947 51 23 2 2 1
1184 CANCEL 2814
1184 ORDER 2948 6 29 36 44 0
1184 ORDER 2949 23 36 41 44 1
1185 ORDER 2950 40 6 20 43 0
1185 ORDER 2951 8 5 10 43 0
1186 ORDER 2952 19 5 24 43 0
1186 ORDER 2953 7 36 1 5 0
1186 ORDER 2954 7 38 3 13 1
1187 ORDER 2955 42 30 53 44 0
1187 ORDER 2956 28 38 8 43 1
1188 ORDER 2957 23 39 1 17 0
1188 ORDER 2958 30 36 2 38 2
1188 ORDER 2959 15 11 1 23 0
1189 CANCEL 2561
1189 ORDER 2960 10 29 35 43 1
1189 ORDER 2961 43 41 47 44 1
1189 ORDER 2962 24 3 41 43 1
1189 BLOCK 31 38
1190 ORDER 2963 39 17 2 31 0
1190 ORDER 2964 8 8 35 43 2
1191 ORDER 2965 40 6 3 3 0
1191 ORDER 2966 9 41 18 44 1
1191 ORDER 2967 24 39 1 30 0
1192 ORDER 2968 39 5 2 25 0
1192 ORDER 2969 7 5 2 19 0
1192 ORDER 2970 38 11 2 16 1
1193 ORDER 2971 41 35 3 8 1
1193 ORDER 2972 17 30 1 29 0
1194 ORDER 2973 34 33 10 43 0
1194 ORDER 2974 23 3 3 36 0
1195 ORDER 2975 30 41 11 44 0
1195 ORDER 2976 31 38 3 28 0
1195 ORDER 2977 36 20 3 21 1
1196 ORDER 2978 31 18 1 36 0
1196 ORDER 2979 7 5 2 27 1
1196 ORDER 2980 39 9 25 44 0
1197 ORDER 2981 18 29 3 31 1
1197 ORDER 2982 19 38 49 43 0
1198 ORDER 2983 54 35 1 22 0
1198 ORDER 2984 22 6 45 44 0
1198 ORDER 2985 54 20 1 39 1
1199 ORDER 2986 28 6 56 43 2
1199 ORDER 2987 39 32 42 44 0
1200 CANCEL 2923
1200 CANCEL 2928
1200 ORDER 2988 20 12 2 1 0
1200 ORDER 2989 32 8 36 43 0
1200 ORDER 2990 51 5 1 39 0
1201 ORDER 2991 26 15 22 43 1
1201 ORDER 2992 47 36 2 16 2
1202 ORDER 2993 50 41 2 31 1
1202 ORDER 2994 16 26 24 44 0
1203 CANCEL 2571
1203 CANCEL 2838
1203 ORDER 2995 42 23 3 23 1
1203 ORDER 2996 48 33 1 19 1
1203 ORDER 2997 52 14 30 43 0
1204 ORDER 2998 54 18 41 44 0
1204 ORDER 2999 9 36 23 43 3
1205 ORDER 3000 9 12 2 28 0
1205 ORDER 3001 37 30 22 43 0
1206 ORDER 3002 41 38 5 44 1
1206 ORDER 3003 17 24 30 43 0
1207 CANCEL 2546
1207 ORDER 3004 6 38 47 43 0
1207 ORDER 3005 29 14 2 31 0
1208 ORDER 3006 33 5 1 10 0
1208 ORDER 3007 21 20 36 44 0
1208 ORDER 3008 16 27 34 44 0
1209 ORDER 3009 39 9 2 1 0
1209 ORDER 3010 51 23 2 1 2
1210 ORDER 3011 47 14 40 43 0
1210 ORDER 3012 29 39 3 42 1
1211 ORDER 3013 39 9 2 38 2
1211 ORDER 3014 19 3 2 43 0
1211 ORDER 3015 29 21 4 44 2
1212 ORDER 3016 17 29 36 44 0
1212 ORDER 3017 35 30 36 43 2
1213 ORDER 3018 30 27 44 44 0
1213 ORDER 3019 28 35 1 35 1
1214 ORDER 3020 40 26 2 23 0
1214 ORDER 3021 16 33 34 43 0
1214 ORDER 3022 41 5 2 4 0
1215 CANCEL 2824
1215 ORDER 3023 6 9 3 29 0
1215 ORDER 3024 47 20 3 29 0
1216 ORDER 3025 28 9 1 34 0
1216 ORDER 3026 7 6 2 28 0
1217 CANCEL 2772
1217 CANCEL 2781
1217 CANCEL 2926
1217 ORDER 3027 20 36 1 35 1
1217 ORDER 3028 38 21 32 44 0
1217 ORDER 3029 15 11 2 1 1
1218 ORDER 3030 21 26 56 43 0
1218 ORDER 3031 46 11 37 44 0
1218 ORDER 3032 49 36 43 44 0
1219 ORDER 3033 50 18 30 43 0
1219 ORDER 3034 20 39 19 44 0
1219 ORDER 3035 9 20 1 31 0
1220 ORDER 3036 18 9 3 43 0
1220 ORDER 3037 45 12 3 35 0
1220 ORDER 3038 47 12 3 1 0
1221 CANCEL 2900
1221 UNBLOCK 31 38
1221 ORDER 3039 7 18 1 15 0
1221 ORDER 3040 10 24 21 44 0
1221 ORDER 3041 48 11 2 30 0
1222 ORDER 3042 31 12 2 2 0
1222 ORDER 3043 40 41 2 10 0
1222 ORDER 3044 22 32 3 9 0
1223 CANCEL 2777
1223 ORDER 3045 35 9 35 43 2
1223 ORDER 3046 33 30 2 24 3
1223 ORDER 3047 51 17 3 44 1
1224 ORDER 3048 22 30 14 44 1
1224 ORDER 3049 8 41 33 43 0
1225 ORDER 3050 49 6 2 3 0
1225 ORDER 3051 30 5 11 43 0
1226 CANCEL 2745
1226 ORDER 3052 26 15 2 6 3
1226 ORDER 3053 30 26 49 44 0
1227 ORDER 3054 47 9 1 38 0
1227 ORDER 3055 9 15 53 43 0
1227 ORDER 3056 38 20 2 6 0
1228 ORDER 3057 39 39 41 43 3
1228 ORDER 3058 51 18 2 26 0
1229 ORDER 3059 24 39 10 43 0
1229 ORDER 3060 12 38 12 44 0
1230 ORDER 3061 28 12 8 44 0
1230 ORDER 3062 53 33 29 44 0
1230 ORDER 3063 16 39 2 38 1
1231 ORDER 3064 52 24 40 44 2
1231 ORDER 3065 26 32 3 20 0
1232 CANCEL 2892
1232 ORDER 3066 27 35 16 43 0
1232 ORDER 3067 41 8 30 43 2
1232 ORDER 3068 10 29 41 43 1
1233 ORDER 3069 10 41 36 44 0
1233 ORDER 3070 6 3 1 13 0
1233 ORDER 3071 6 38 1 5 0
1234 CANCEL 2841
1234 ORDER 3072 35 33 22 43 0
1234 ORDER 3073 41 21 2 31 0
1235 ORDER 3074 25 24 1 27 0
1235 ORDER 3075 34 39 2 18 0
1235 ORDER 3076 47 17 35 43 1
1236 ORDER 3077 18 22 10 43 0
1236 ORDER 3078 46 24 46 44 0
1237 ORDER 3079 42 20 8 44 0
1237 ORDER 3080 8 15 2 16 1
1237 ORDER 3081 39 21 2 13 1
1238 ORDER 3082 19 21 51 44 0
1238 ORDER 3083 39 36 2 33 2
1239 CANCEL 2764
1239 ORDER 3084 54 24 1 17 0
1239 ORDER 3085 39 9 26 43 0
1239 ORDER 3086 29 20 3 7 0
1240 ORDER 3087 52 33 2 13 0
1240 ORDER 3088 6 39 3 28 0
1240 ORDER 3089 49 38 2 2 0
1241 ORDER 3090 30 6 1 40 0
1241 ORDER 3091 24 26 1 26 2
1241 ORDER 3092 7 39 1 5 1
1242 ORDER 3093 50 41 38 43 0
1242 ORDER 3094 25 30 33 44 0
1242 ORDER 3095 49 5 2 25 0
1243 ORDER 3096 29 29 2 11 0
1243 ORDER 3097 17 39 1 9 0
1243 ORDER 3098 46 23 1 14 0
1244 CANCEL 2705
1244 ORDER 3099 51 8 17 44 0
1244 ORDER 3100 28 41 38 44 1
1245 ORDER 3101 9 33 3 31 0
1245 ORDER 3102 27 41 52 43 0
1245 ORDER 3103 54 6 3 35 0
1246 CANCEL 3076
1246 ORDER 3104 31 3 3 32 1
1246 ORDER 3105 27 36 3 5 1
1246 ORDER 3106 39 9 7 43 0
1247 ORDER 3107 18 30 2 13 0
1247 ORDER 3108 50 3 30 43 0
1248 CANCEL 3079
1248 ORDER 3109 16 41 31 44 2
1248 ORDER 3110 32 18 14 43 1
1249 ORDER 3111 21 30 3 6 0
1249 ORDER 3112 33 21 2 32 0
1250 ORDER 3113 50 20 1 32 1
1250 ORDER 3114 26 20 3 8 0
1251 ORDER 3115 39 23 3 34 0
1251 ORDER 3116 11 6 56 44 0
1251 ORDER 3117 29 36 2 21 3
1252 ORDER 3118 48 5 3 1 2
1252 ORDER 3119 31 5 1 16 0
1252 ORDER 3120 16 30 3 42 0
1253 ORDER 3121 47 15 10 44 0
1253 ORDER 3122 14 26 49 43 0
1253 ORDER 3123 7 27 2 12 2
1254 CANCEL 2820
1254 CANCEL 2862
1254 ORDER 3124 11 14 2 24 0
1254 ORDER 3125 16 29 2 30 3
1255 ORDER 3126 16 41 1 31 1
1255 ORDER 3127 28 24 2 35 0
1256 ORDER 3128 31 20 20 44 0
1256 ORDER 3129 11 14 1 36 1
1257 ORDER 3130 33 41 2 22 2
1257 ORDER 3131 44 33 3 18 2
1258 ORDER 3132 10 20 58 44 0
1258 ORDER 3133 18 38 19 44 0
1259 ORDER 3134 51 6 1 15 2
1259 ORDER 3135 54 27 18 44 0
1260 ORDER 3136 16 32 1 31 0
1260 ORDER 3137 48 9 42 44 1
1260 BLOCK 14 31
1261 ORDER 3138 14 3 3 13 0
1261 ORDER 3139 26 9 20 44 0
1261 ORDER 3140 55 17 2 17 0
1262 ORDER 3141 30 39 11 44 1
1262 ORDER 3142 7 17 56 43 3
1262 ORDER 3143 36 24 3 36 0
1263 ORDER 3144 52 27 6 43 1
1263 ORDER 3145 17 12 3 7 3
1264 ORDER 3146 41 5 14 43 0
1264 ORDER 3147 11 27 7 44 1
1265 ORDER 3148 49 14 27 44 1
1265 ORDER 3149 25 26 19 43 1
1265 ORDER 3150 9 35 11 44 0
1266 CANCEL 2774
1266 ORDER 3151 18 32 10 44 0
1266 ORDER 3152 13 8 3 32 0
1266 ORDER 3153 21 39 2 29 3
1267 ORDER 3154 12 38 3 33 1
1267 ORDER 3155 40 15 15 43 0
1267 ORDER 3156 15 18 38 44 0
1268 ORDER 3157 46 33 3 37 0
1268 ORDER 3158 47 33 2 10 0
1268 ORDER 3159 49 6 3 9 0
1269 CANCEL 2729
1269 ORDER 3160 9 21 7 44 1
1269 ORDER 3161 39 12 1 10 1
1270 ORDER 3162 27 38 32 43 0
1270 ORDER 3163 26 15 5 44 0
1271 ORDER 3164 33 35 4 43 0
1271 ORDER 3165 21 32 1 1 1
1271 ORDER 3166 40 11 31 43 1
1272 CANCEL 3056
1272 ORDER 3167 22 20 3 13 0
1272 ORDER 3168 21 5 23 44 1
1272 ORDER 3169 20 33 1 3 0
1273 ORDER 3170 7 35 37 43 2
1273 ORDER 3171 47 17 57 44 0
1273 ORDER 3172 8 20 1 23 0
1274 ORDER 3173 23 38 1 18 1
1274 ORDER 3174 36 11 17 44 0
1274 ORDER 3175 12 6 44 44 0
1275 ORDER 3176 52 9 1 12 0
1275 ORDER 3177 48 39 34 43 3
1275 ORDER 3178 10 9 50 43 0
1276 ORDER 3179 13 41 22 44 0
1276 ORDER 3180 6 11 21 43 0
1276 ORDER 3181 20 41 11 43 1
1277 ORDER 3182 9 12 31 43 1
1277 ORDER 3183 29 6 1 25 0
1278 ORDER 3184 32 15 6 44 1
1278 ORDER 3185 30 41 1 23 0
1278 ORDER 3186 40 39 3 22 1
1279 ORDER 3187 9 26 30 44 3
1279 ORDER 3188 53 26 1 43 0
1280 ORDER 3189 53 27 44 43 0
1280 ORDER 3190 38 9 3 40 1
1280 ORDER 3191 25 24 3 11 0
1281 ORDER 3192 42 27 12 43 0
1281 ORDER 3193 12 39 2 42 1
1282 CANCEL 2766
1282 ORDER 3194 42 18 58 43 1
1282 ORDER 3195 49 36 11 44 0
1282 ORDER 3196 22 32 3 17 0
1283 ORDER 3197 36 3 17 44 0
1283 ORDER 3198 35 18 52 44 0
1284 ORDER 3199 17 35 1 18 3
1284 ORDER 3200 39 39 53 43 0
1285 ORDER 3201 54 35 2 30 1
1285 ORDER 3202 48 26 1 8 0
1285 ORDER 3203 29 21 37 44 0
1286 ORDER 3204 46 27 4 44 0
1286 ORDER 3205 55 21 2 5 0
1286 ORDER 3206 23 41 12 43 1
1287 ORDER 3207 38 15 2 21 0
1287 ORDER 3208 37 17 2 39 0
1288 CANCEL 2920
1288 ORDER 3209 12 12 1 33 0
1288 ORDER 3210 23 29 25 43 0
1288 ORDER 3211 38 23 23 43 0
1289 ORDER 3212 42 6 3 37 0
1289 ORDER 3213 46 30 1 39 0
1290 ORDER 3214 38 38 36 44 0
1290 ORDER 3215 40 14 12 44 2
1290 ORDER 3216 26 6 3 21 0
1291 ORDER 3217 16 9 2 18 0
1291 ORDER 3218 42 35 52 44 1
1291 ORDER 3219 55 5 3 13 3
1292 CANCEL 2837
1292 ORDER 3220 9 14 1 21 1
1292 ORDER 3221 29 32 3 9 0
1292 ORDER 3222 35 12 2 23 1
1293 CANCEL 2969
1293 ORDER 3223 23 5 2 37 0
1293 ORDER 3224 10 39 1 11 0
1294 CANCEL 2986
1294 ORDER 3225 12 23 2 10 2
1294 ORDER 3226 44 11 2 38 1
1295 CANCEL 3020
1295 CANCEL 3180
1295 ORDER 3227 7 38 29 44 0
1295 ORDER 3228 34 38 1 28 2
1295 ORDER 3229 48 17 3 36 3
1296 ORDER 3230 44 26 10 44 0
1296 ORDER 3231 17 18 1 10 3
1297 ORDER 3232 52 29 3 30 0
1297 ORDER 3233 39 30 3 7 1
1297 ORDER 3234 26 6 28 43 1
1298 ORDER 3235 44 39 1 40 0
1298 ORDER 3236 50 12 43 44 1
1299 ORDER 3237 25 30 3 5 0
1299 ORDER 3238 48 32 2 28 1
1299 ORDER 3239 31 14 40 43 0
1300 CANCEL 2738
1300 ORDER 3240 35 41 23 44 0
1300 ORDER 3241 23 3 27 43 0
1300 ORDER 3242 47 11 12 43 0
1301 ORDER 3243 17 9 5 43 2
1301 ORDER 3244 14 14 1 7 1
1301 ORDER 3245 17 32 50 43 3
1302 ORDER 3246 21 26 1 26 0
1302 ORDER 3247 51 15 48 44 1
1303 ORDER 3248 28 29 46 44 0
1303 ORDER 3249 51 29 55 44 0
1303 ORDER 3250 28 17 4 44 1
1304 ORDER 3251 32 20 4 43 0
1304 ORDER 3252 6 36 34 43 1
1304 ORDER 3253 27 26 1 22 0
1305 CANCEL 2803
1305 CANCEL 3133
1305 ORDER 3254 13 39 29 44 0
1305 ORDER 3255 37 38 3 42 0
1306 CANCEL 2770
1306 ORDER 3256 41 21 2 2 0
1306 ORDER 3257 17 32 3 9 0
1306 ORDER 3258 38 9 39 44 0
1307 ORDER 3259 14 18 27 44 1
1307 ORDER 3260 18 35 19 43 0
1307 ORDER 3261 6 21 2 34 0
1308 ORDER 3262 15 29 34 44 0
1308 ORDER 3263 20 9 8 44 1
1309 ORDER 3264 52 15 57 43 0
1309 ORDER 3265 50 14 3 7 0
1309 ORDER 3266 12 36 46 43 2
1310 ORDER 3267 49 21 3 24 1
1310 ORDER 3268 8 33 3 19 0
1311 ORDER 3269 44 35 26 43 0
1311 ORDER 3270 49 15 2 13 1
1312 ORDER 3271 28 21 45 44 1
1312 ORDER 3272 21 20 12 44 0
1312 ORDER 3273 31 15 7 43 0
1313 ORDER 3274 52 14 2 4 0
1313 ORDER 3275 8 15 1 4 1
1313 ORDER 3276 40 17 3 31 2
1314 ORDER 3277 41 8 31 43 2
1314 ORDER 3278 49 8 50 43 1
1315 CANCEL 3052
1315 ORDER 3279 10 15 8 44 1
1315 ORDER 3280 33 23 50 43 1
1316 ORDER 3281 18 29 1 12 1
1316 ORDER 3282 28 21 2 37 1
1316 BLOCK 34 36
1317 ORDER 3283 29 18 2 36 2
1317 ORDER 3284 10 5 4 43 0
1318 CANCEL 3051
1318 ORDER 3285 34 24 34 44 0
1318 ORDER 3286 15 35 8 44 2
1318 ORDER 3287 35 14 23 44 0
1319 ORDER 3288 51 20 50 44 0
1319 ORDER 3289 7 32 2 35 0
1320 CANCEL 3245
1320 ORDER 3290 45 35 3 44 0
1320 ORDER 3291 37 38 32 44 3
1321 ORDER 3292 11 14 3 34 0
1321 ORDER 3293 55 32 27 43 0
1321 ORDER 3294 9 6 52 44 0
1322 ORDER 3295 9 14 1 15 1
1322 ORDER 3296 30 3 2 36 0
1323 ORDER 3297 52 9 32 44 0
1323 ORDER 3298 24 11 3 36 0
1324 ORDER 3299 43 41 15 44 0
1324 ORDER 3300 9 30 47 43 0
1324 ORDER 3301 43 27 3 32 1
1325 CANCEL 2873
1325 ORDER 3302 15 24 2 6 1
1325 ORDER 3303 43 11 3 15 0
1326 ORDER 3304 26 9 3 8 2
1326 ORDER 3305 30 12 2 44 0
1327 ORDER 3306 39 12 2 13 1
1327 ORDER 3307 18 15 56 43 1
1327 ORDER 3308 38 32 1 26 1
1328 CANCEL 2991
1328 ORDER 3309 37 38 54 43 0
1328 ORDER 3310 38 24 1 42 0
1328 ORDER 3311 29 27 3 12 0
1329 ORDER 3312 27 27 2 22 0
1329 ORDER 3313 27 15 9 43 1
1330 CANCEL 3307
1330 ORDER 3314 16 18 57 44 3
1330 ORDER 3315 39 36 2 38 0
1330 ORDER 3316 53 41 54 44 1
1331 ORDER 3317 22 7 6 44 0
1331 ORDER 3318 44 32 48 43 1
1331 ORDER 3319 49 5 18 44 1
1332 ORDER 3320 8 36 43 44 0
1332 ORDER 3321 48 33 32 43 0
1332 ORDER 3322 55 41 2 24 2
1333 ORDER 3323 47 33 1 1 3
1333 ORDER 3324 14 20 17 44 0
1334 ORDER 3325 9 15 18 43 0
1334 ORDER 3326 35 26 32 43 1
1334 ORDER 3327 29 35 16 43 3
1335 ORDER 3328 44 14 2 27 0
1335 ORDER 3329 15 9 2 6 0
1335 ORDER 3330 17 12 41 44 0
1336 ORDER 3331 55 3 51 43 2
1336 ORDER 3332 8 39 1 33 0
1336 ORDER 3333 19 11 3 3 0
1337 ORDER 3334 25 18 2 4 0
1337 ORDER 3335 6 23 1 15 0
1337 ORDER 3336 48 5 3 34 0
1338 ORDER 3337 20 21 29 44 0
1338 ORDER 3338 6 18 3 27 0
1339 CANCEL 2948
1339 ORDER 3339 27 26 45 44 0
1339 ORDER 3340 38 21 16 43 0
1340 ORDER 3341 32 5 49 43 0
1340 ORDER 3342 52 26 43 44 3
1340 ORDER 3343 37 33 3 24 0
1341 CANCEL 3070
1341 ORDER 3344 12 12 2 29 0
1341 ORDER 3345 52 15 3 12 0
1341 ORDER 3346 30 21 2 5 0
1342 CANCEL 3146
1342 ORDER 3347 21 23 7 44 0
1342 ORDER 3348 13 41 4 43 0
1342 ORDER 3349 37 18 47 43 0
1343 ORDER 3350 30 27 46 44 0
1343 ORDER 3351 39 23 3 11 1
1344 ORDER 3352 41 35 3 33 2
1344 ORDER 3353 42 29 1 20 0
1344 ORDER 3354 23 36 2 41 1
1345 CANCEL 2946
1345 ORDER 3355 20 8 24 43 1
1345 ORDER 3356 35 35 35 43 0
1345 ORDER 3357 27 6 41 44 0
1346 CANCEL 3331
1346 ORDER 3358 54 27 3 16 0
1346 ORDER 3359 46 18 2 34 2
1347 CANCEL 2956
1347 ORDER 3360 40 41 16 44 0
1347 ORDER 3361 45 12 2 43 2
1347 ORDER 3362 47 35 40 43 2
1348 CANCEL 3188
1348 ORDER 3363 19 14 47 43 2
1348 ORDER 3364 19 30 3 2 0
1349 ORDER 3365 20 29 19 43 0
1349 ORDER 3366 45 33 22 43 0
1350 ORDER 3367 15 26 1 12 0
1350 ORDER 3368 46 14 18 44 3
1351 CANCEL 3098
1351 CANCEL 3250
1351 ORDER 3369 42 39 15 44 3
1351 ORDER 3370 19 36 10 44 0
1351 ORDER 3371 53 33 31 44 0
1352 CANCEL 3240
1352 ORDER 3372 35 20 41 43 1
1352 ORDER 3373 48 6 21 43 0
1352 ORDER 3374 28 18 3 15 0
1353 ORDER 3375 9 35 45 44 0
1353 ORDER 3376 19 12 57 44 0
1353 ORDER 3377 14 38 41 43 0
1354 ORDER 3378 42 21 1 10 2
1354 ORDER 3379 54 26 1 1 1
1354 ORDER 3380 12 39 11 43 1
1355 ORDER 3381 47 21 47 44 1
1355 ORDER 3382 28 18 1 31 0
1355 ORDER 3383 39 11 1 25 0
1356 CANCEL 3233
1356 CANCEL 3311
1356 ORDER 3384 36 33 47 44 0
1356 ORDER 3385 18 29 46 43 0
1357 ORDER 3386 13 41 58 43 0
1357 ORDER 3387 19 12 3 40 0
1357 ORDER 3388 23 12 49 43 1
1358 CANCEL 2919
1358 ORDER 3389 35 12 3 10 0
1358 ORDER 3390 43 29 30 43 0
1359 CANCEL 3093
1359 ORDER 3391 52 24 25 44 0
1359 ORDER 3392 17 6 3 35 0
1359 ORDER 3393 40 14 1 35 0
1360 ORDER 3394 29 11 3 24 0
1360 ORDER 3395 28 35 3 7 1
1361 CANCEL 3032
1361 UNBLOCK 14 31
1361 CANCEL 3375
1361 ORDER 3396 52 5 15 44 0
1361 ORDER 3397 6 12 28 43 1
1362 ORDER 3398 44 15 2 36 1
1362 ORDER 3399 36 29 2 3 0
1362 ORDER 3400 10 5 1 15 1
1363 ORDER 3401 29 6 2 8 1
1363 ORDER 3402 22 18 3 22 0
1363 ORDER 3403 44 11 9 43 1
1364 ORDER 3404 51 14 2 44 0
1364 ORDER 3405 29 29 24 44 0
1365 CANCEL 2908
1365 CANCEL 2927
1365 ORDER 3406 33 24 3 38 0
1365 ORDER 3407 12 6 28 44 0
1366 ORDER 3408 19 17 43 44 0
1366 ORDER 3409 30 41 58 44 0
1367 ORDER 3410 52 9 3 41 0
1367 ORDER 3411 37 35 14 43 0
1368 CANCEL 3273
1368 CANCEL 3384
1368 ORDER 3412 8 9 35 44 1
1368 ORDER 3413 7 17 45 43 1
1369 ORDER 3414 25 3 13 44 1
1369 ORDER 3415 27 14 16 43 1
1369 ORDER 3416 22 14 2 38 0
1370 CANCEL 3037
1370 ORDER 3417 39 18 1 39 0
1370 ORDER 3418 42 35 2 17 0
1370 ORDER 3419 44 24 6 43 2
1371 ORDER 3420 51 21 2 25 2
1371 ORDER 3421 25 24 2 17 0
1372 ORDER 3422 17 11 57 43 0
1372 ORDER 3423 31 14 2 22 3
1373 ORDER 3424 10 33 1 14 1
1373 ORDER 3425 29 36 3 37 1
1373 ORDER 3426 32 21 1 43 0
1373 BLOCK 15 20
1374 ORDER 3427 47 18 3 22 1
1374 ORDER 3428 48 15 13 44 1
1375 ORDER 3429 26 32 2 6 0
1375 ORDER 3430 19 36 2 2 1
1376 ORDER 3431 19 39 2 41 1
1376 ORDER 3432 27 29 1 7 0
1377 CANCEL 3101
1377 ORDER 3433 38 8 3 44 3
1377 ORDER 3434 39 39 23 44 1
1377 ORDER 3435 33 15 13 43 0
1377 BLOCK 17 44
1378 CANCEL 2996
1378 ORDER 3436 19 17 31 44 3
1378 ORDER 3437 44 9 38 43 0
1378 ORDER 3438 8 24 1 20 0
1379 CANCEL 3068
1379 ORDER 3439 18 24 58 43 0
1379 ORDER 3440 34 36 55 44 0
1379 ORDER 3441 51 21 36 44 0
1380 ORDER 3442 6 5 46 43 0
1380 ORDER 3443 48 30 23 44 1
1381 ORDER 3444 47 26 1 35 1
1381 ORDER 3445 51 36 22 43 0
1381 ORDER 3446 55 20 7 44 0
1382 ORDER 3447 20 11 1 13 0
1382 ORDER 3448 48 26 11 43 0
1383 ORDER 3449 23 14 3 3 0
1383 ORDER 3450 18 21 2 18 1
1383 ORDER 3451 43 5 2 40 1
1384 CANCEL 3242
1384 ORDER 3452 17 39 36 43 0
1384 ORDER 3453 28 14 2 32 0
1384 ORDER 3454 19 14 54 44 0
1385 ORDER 3455 9 23 2 35 1
1385 ORDER 3456 20 15 3 17 0
1385 ORDER 3457 30 6 10 43 1
1386 ORDER 3458 16 26 2 2 1
1386 ORDER 3459 6 15 56 43 1
1386 ORDER 3460 52 23 50 44 0
1387 ORDER 3461 18 39 23 43 0
1387 ORDER 3462 9 36 55 43 1
1387 ORDER 3463 45 33 3 12 1
1388 CANCEL 3033
1388 CANCEL 3457
1388 ORDER 3464 49 3 24 44 3
1388 ORDER 3465 12 15 2 20 0
1388 ORDER 3466 28 27 2 30 0
1389 ORDER 3467 51 9 3 32 0
1389 ORDER 3468 51 26 2 42 0
1389 ORDER 3469 28 5 55 44 0
1390 ORDER 3470 47 17 1 15 0
1390 ORDER 3471 14 38 12 44 0
1390 ORDER 3472 50 30 29 43 2
1391 ORDER 3473 35 27 37 43 1
1391 ORDER 3474 15 20 25 43 0
1391 ORDER 3475 25 20 6 43 2
1392 ORDER 3476 49 6 47 44 0
1392 ORDER 3477 48 33 2 11 0
1392 ORDER 3478 21 11 38 44 0
1393 ORDER 3479 48 5 3 7 0
1393 ORDER 3480 21 12 1 28 1
1393 ORDER 3481 46 32 1 17 0
1394 CANCEL 2998
1394 ORDER 3482 9 11 3 30 0
1394 ORDER 3483 45 27 10 44 3
1394 ORDER 3484 24 21 2 2 0
1395 ORDER 3485 17 41 3 34 0
1395 ORDER 3486 53 41 3 40 2
1395 ORDER 3487 32 17 33 43 0
1396 ORDER 3488 48 5 1 30 0
1396 ORDER 3489 10 9 2 36 1
1396 ORDER 3490 39 30 55 43 1
1396 BLOCK 40 28
1397 ORDER 3491 33 15 2 44 0
1397 ORDER 3492 11 30 14 43 3
1397 ORDER 3493 7 18 1 42 0
1398 ORDER 3494 33 21 2 21 1
1398 ORDER 3495 48 26 1 18 0
1399 ORDER 3496 45 30 1 18 1
1399 ORDER 3497 6 36 2 27 2
1399 ORDER 3498 23 27 57 44 1
1400 ORDER 3499 42 41 2 34 0
1400 ORDER 3500 36 12 1 42 0
1400 ORDER 3501 50 23 49 43 0
1401 ORDER 3502 9 18 3 27 0
1401 ORDER 3503 7 11 2 26 2
1402 ORDER 3504 53 8 3 38 0
1402 ORDER 3505 38 6 40 43 1
1402 ORDER 3506 55 5 11 43 0
1403 CANCEL 3004
1403 CANCEL 3158
1403 ORDER 3507 54 27 2 28 0
1403 ORDER 3508 6 16 2 35 0
1403 ORDER 3509 40 18 2 23 0
1404 ORDER 3510 50 18 9 44 1
1404 ORDER 3511 50 41 1 21 2
1404 ORDER 3512 8 17 1 13 3
1405 ORDER 3513 45 20 1 9 0
1405 ORDER 3514 38 29 38 43 1
1406 ORDER 3515 55 12 51 43 0
1406 ORDER 3516 54 20 1 23 0
1406 BLOCK 21 9
1407 ORDER 3517 30 24 26 44 0
1407 ORDER 3518 27 21 43 44 3
1407 ORDER 3519 18 41 40 44 0
1408 ORDER 3520 46 38 3 22 0
1408 ORDER 3521 20 35 2 41 1
1408 ORDER 3522 8 39 2 37 0
1409 ORDER 3523 32 6 19 43 0
1409 ORDER 3524 8 30 23 43 0
1409 ORDER 3525 41 3 17 43 1
1410 ORDER 3526 36 17 12 43 0
1410 ORDER 3527 40 3 39 44 0
1411 CANCEL 3026
1411 ORDER 3528 39 9 3 8 0
1411 ORDER 3529 51 6 3 20 1
1411 ORDER 3530 34 36 2 36 0
1412 ORDER 3531 39 14 3 27 0
1412 ORDER 3532 33 36 55 44 1
1413 ORDER 3533 21 20 1 23 0
1413 ORDER 3534 30 8 9 43 0
1413 ORDER 3535 53 24 3 36 0
1414 CANCEL 3377
1414 ORDER 3536 38 23 1 7 0
1414 ORDER 3537 29 15 30 44 0
1414 ORDER 3538 7 35 1 36 1
1415 CANCEL 3069
1415 CANCEL 3134
1415 ORDER 3539 18 18 1 5 2
1415 ORDER 3540 54 6 2 2 0
1415 ORDER 3541 13 14 3 40 2
1416 CANCEL 3063
1416 ORDER 3542 24 24 3 44 0
1416 ORDER 3543 21 14 38 43 2
1416 ORDER 3544 31 17 1 27 0
1417 ORDER 3545 27 26 2 30 0
1417 ORDER 3546 19 6 3 44 1
1417 ORDER 3547 41 23 3 8 0
1418 CANCEL 3045
1418 ORDER 3548 6 39 2 23 0
1418 ORDER 3549 48 15 24 43 1
1418 ORDER 3550 40 21 43 44 1
1419 ORDER 3551 41 38 2 19 2
1419 ORDER 3552 43 29 2 20 0
1420 ORDER 3553 14 27 6 43 3
1420 ORDER 3554 19 24 3 4 0
1420 ORDER 3555 36 24 2 10 0
1421 CANCEL 3410
1421 ORDER 3556 30 20 3 44 0
1421 ORDER 3557 12 35 30 43 0
1421 ORDER 3558 39 13 2 43 3
1421 BLOCK 48 21
1422 ORDER 3559 38 5 54 43 1
1422 ORDER 3560 37 12 47 44 0
1422 ORDER 3561 27 14 58 44 1
1423 CANCEL 3314
1423 ORDER 3562 7 21 42 43 0
1423 ORDER 3563 43 38 3 24 1
1424 CANCEL 3536
1424 ORDER 3564 8 5 31 44 0
1424 ORDER 3565 20 11 43 43 0
1424 ORDER 3566 33 24 1 8 2
1425 ORDER 3567 40 15 2 21 1
1425 ORDER 3568 17 21 35 44 0
1425 ORDER 3569 41 38 1 39 1
1426 ORDER 3570 13 36 2 34 1
1426 ORDER 3571 14 27 41 43 0
1427 ORDER 3572 38 29 31 43 0
1427 ORDER 3573 46 30 3 27 0
1427 ORDER 3574 48 14 2 4 3
1428 ORDER 3575 40 15 49 43 1
1428 ORDER 3576 10 38 23 44 1
1428 ORDER 3577 12 6 18 44 1
1429 ORDER 3578 22 23 2 23 0
1429 ORDER 3579 28 21 1 10 1
1429 ORDER 3580 29 35 2 8 1
1430 ORDER 3581 24 5 33 43 0
1430 ORDER 3582 53 38 1 2 3
1430 ORDER 3583 41 14 2 33 1
1431 ORDER 3584 29 26 15 43 0
1431 ORDER 3585 30 5 54 44 0
1432 ORDER 3586 45 12 1 31 1
1432 ORDER 3587 27 14 45 43 2
1433 CANCEL 3524
1433 ORDER 3588 55 9 3 13 0
1433 ORDER 3589 8 11 3 39 1
1434 ORDER 3590 54 27 2 37 0
1434 ORDER 3591 15 26 2 37 1
1434 BLOCK 49 36
1435 ORDER 3592 27 39 3 17 0
1435 ORDER 3593 17 5 25 44 1
1435 ORDER 3594 53 24 55 43 0
1436 ORDER 3595 37 32 1 12 1
1436 ORDER 3596 11 26 17 44 1
1436 ORDER 3597 41 35 7 43 0
1437 ORDER 3598 17 3 3 27 0
1437 ORDER 3599 38 6 1 35 0
1437 ORDER 3600 23 36 3 31 0
1438 ORDER 3601 42 35 17 43 1
1438 ORDER 3602 45 26 3 7 0
1439 UNBLOCK 34 36
1439 CANCEL 3454
1439 ORDER 3603 20 17 28 44 1
1439 ORDER 3604 42 32 1 26 0
1440 ORDER 3605 35 35 1 11 0
1440 ORDER 3606 17 14 51 43 0
1441 ORDER 3607 29 11 19 44 0
1441 ORDER 3608 31 8 43 44 0
1442 CANCEL 3151
1442 ORDER 3609 52 3 1 30 0
1442 ORDER 3610 41 5 3 43 1
1442 ORDER 3611 31 20 3 1 0
1443 CANCEL 3525
1443 ORDER 3612 43 8 8 44 1
1443 ORDER 3613 29 23 43 43 0
1443 ORDER 3614 51 20 3 32 0
1444 UNBLOCK 17 44
1444 ORDER 3615 53 8 15 44 0
1444 ORDER 3616 35 41 47 44 0
1445 CANCEL 3508
1445 ORDER 3617 49 39 23 44 0
1445 ORDER 3618 12 23 1 25 2
1446 ORDER 3619 37 38 3 24 0
1446 ORDER 3620 36 14 3 40 0
1447 ORDER 3621 54 36 20 44 0
1447 ORDER 3622 53 24 26 44 0
1447 ORDER 3623 6 9 3 18 0
1448 CANCEL 3220
1448 ORDER 3624 44 17 2 35 0
1448 ORDER 3625 19 18 3 23 0
1448 ORDER 3626 25 35 1 11 1
1449 UNBLOCK 15 20
1449 ORDER 3627 38 3 35 44 0
1449 ORDER 3628 41 21 27 44 1
1450 CANCEL 3251
1450 CANCEL 3618
1450 ORDER 3629 38 12 23 43 0
1450 ORDER 3630 7 35 20 44 1
1451 CANCEL 3478
1451 ORDER 3631 22 18 2 18 0
1451 ORDER 3632 24 21 1 42 0
1451 ORDER 3633 24 26 2 37 0
1452 ORDER 3634 6 9 2 38 0
1452 ORDER 3635 9 3 9 43 0
1452 ORDER 3636 27 32 2 37 0
1453 ORDER 3637 31 3 3 1 1
1453 ORDER 3638 7 5 44 43 1
1454 ORDER 3639 44 26 38 44 0
1454 ORDER 3640 36 14 13 44 0
1454 ORDER 3641 30 41 3 4 0
1455 ORDER 3642 19 33 33 44 0
1455 ORDER 3643 44 26 11 44 2
1456 CANCEL 3523
1456 ORDER 3644 33 24 1 40 0
1456 ORDER 3645 52 27 41 43 1
1457 ORDER 3646 12 23 3 28 0
1457 ORDER 3647 39 36 20 43 0
1458 ORDER 3648 36 26 3 38 1
1458 ORDER 3649 53 38 3 2 1
1458 ORDER 3650 38 39 50 43 0
1459 CANCEL 3261
1459 ORDER 3651 26 9 21 44 0
1459 ORDER 3652 13 8 19 43 0
1459 ORDER 3653 25 32 3 31 1
1460 ORDER 3654 42 29 1 39 0
1460 ORDER 3655 46 20 29 43 2
1460 ORDER 3656 10 17 1 15 3
1461 ORDER 3657 48 41 32 44 1
1461 ORDER 3658 8 3 1 9 0
1462 ORDER 3659 52 24 7 44 0
1462 ORDER 3660 46 38 50 44 2
1462 ORDER 3661 15 27 36 43 0
1463 ORDER 3662 31 17 49 43 3
1463 ORDER 3663 38 32 38 44 1
1463 ORDER 3664 10 21 1 38 0
1464 ORDER 3665 10 3 3 20 1
1464 ORDER 3666 38 26 2 44 1
1465 CANCEL 3573
1465 ORDER 3667 29 23 2 20 0
1465 ORDER 3668 23 3 2 40 1
1465 ORDER 3669 18 15 1 32 0
1466 ORDER 3670 18 33 2 23 0
1466 ORDER 3671 10 17 3 37 0
1466 ORDER 3672 43 27 2 43 0
1467 ORDER 3673 27 12 1 38 0
1467 ORDER 3674 54 26 1 23 0
1468 ORDER 3675 54 26 37 43 1
1468 ORDER 3676 35 24 9 44 0
1469 ORDER 3677 36 33 29 44 0
1469 ORDER 3678 30 9 3 9 0
1469 ORDER 3679 25 27 2 43 0
1470 ORDER 3680 24 41 10 44 0
1470 ORDER 3681 47 9 10 44 0
1471 ORDER 3682 31 41 31 44 0
1471 ORDER 3683 52 29 1 32 0
1472 CANCEL 3301
1472 CANCEL 3318
1472 ORDER 3684 45 29 41 44 1
1472 ORDER 3685 37 33 55 44 1
1472 ORDER 3686 16 32 30 43 0
1473 ORDER 3687 15 18 57 43 0
1473 ORDER 3688 17 3 2 14 0
1474 CANCEL 3443
1474 ORDER 3689 41 21 10 44 0
1474 ORDER 3690 54 41 2 44 0
1474 ORDER 3691 40 17 21 43 2
1475 ORDER 3692 45 9 2 38 0
1475 ORDER 3693 38 38 2 27 0
1476 CANCEL 3439
1476 ORDER 3694 30 6 43 43 0
1476 ORDER 3695 44 3 2 44 0
1476 ORDER 3696 39 23 3 43 1
1477 ORDER 3697 47 6 3 30 0
1477 ORDER 3698 29 36 52 44 0
1478 ORDER 3699 55 24 38 44 0
1478 ORDER 3700 51 36 1 43 1
1479 CANCEL 3644
1479 ORDER 3701 11 35 2 11 1
1479 ORDER 3702 50 21 2 26 2
1480 ORDER 3703 42 33 1 23 1
1480 ORDER 3704 11 8 30 44 0
1480 BLOCK 20 20
1481 CANCEL 3321
1481 ORDER 3705 34 38 24 43 2
1481 ORDER 3706 42 18 25 43 2
1481 ORDER 3707 51 36 8 43 0
1482 ORDER 3708 50 36 30 44 0
1482 ORDER 3709 26 27 1 34 0
1483 ORDER 3710 21 6 45 44 0
1483 ORDER 3711 55 17 3 42 0
1484 ORDER 3712 32 5 2 27 1
1484 ORDER 3713 16 35 33 43 0
1485 ORDER 3714 29 35 54 44 2
1485 ORDER 3715 39 5 2 3 0
1485 ORDER 3716 32 41 3 36 0
1486 ORDER 3717 24 3 2 38 0
1486 ORDER 3718 49 41 2 44 0
1487 ORDER 3719 28 39 29 44 0
1487 ORDER 3720 18 33 2 20 0
1487 ORDER 3721 35 35 39 44 1
1488 ORDER 3722 32 17 13 43 1
1488 ORDER 3723 34 30 1 35 0
1488 ORDER 3724 55 27 46 44 1
1489 ORDER 3725 13 17 2 38 1
1489 ORDER 3726 48 5 2 39 0
1489 ORDER 3727 33 21 21 43 0
1490 UNBLOCK 49 36
1490 ORDER 3728 28 21 1 12 0
1490 ORDER 3729 11 9 3 11 0
1490 ORDER 3730 18 27 3 27 0
1491 ORDER 3731 44 14 1 21 0
1491 ORDER 3732 23 21 3 23 0
1491 ORDER 3733 47 9 1 30 1
1492 CANCEL 3253
1492 CANCEL 3289
1492 CANCEL 3353
1492 CANCEL 3656
1492 ORDER 3734 25 29 1 29 0
1492 ORDER 3735 12 5 2 41 0
1492 ORDER 3736 52 21 2 43 0
1493 CANCEL 3450
1493 ORDER 3737 48 9 49 43 0
1493 ORDER 3738 19 24 3 7 1
1494 CANCEL 3582
1494 ORDER 3739 9 20 3 2 3
1494 ORDER 3740 31 11 3 31 2
1494 ORDER 3741 47 6 28 44 1
1495 CANCEL 3734
1495 ORDER 3742 6 27 3 37 3
1495 ORDER 3743 54 11 50 44 0
1495 ORDER 3744 17 8 2 42 1
1496 CANCEL 3328
1496 CANCEL 3444
1496 ORDER 3745 32 9 1 10 1
1496 ORDER 3746 39 26 3 2 1
1497 ORDER 3747 19 35 38 43 1
1497 ORDER 3748 31 5 36 43 0
1498 UNBLOCK 40 28
1498 ORDER 3749 17 28 1 6 1
1498 ORDER 3750 47 4 3 28 0
1498 ORDER 3751 24 36 51 44 0
1499 CANCEL 3645
1499 ORDER 3752 47 36 25 44 1
1499 ORDER 3753 26 17 1 11 2
1500 CANCEL 3735
1500 ORDER 3754 53 26 1 21 1
1500 ORDER 3755 9 32 13 44 0
1500 ORDER 3756 18 15 54 44 0
1501 ORDER 3757 11 8 2 38 0
1501 ORDER 3758 16 26 3 1 1
1501 ORDER 3759 30 33 31 43 1
1502 UNBLOCK 48 21
1502 ORDER 3760 38 35 9 43 1
1502 ORDER 3761 7 27 31 44 3
1503 ORDER 3762 15 35 23 44 2
1503 ORDER 3763 8 24 55 43 0
1504 ORDER 3764 7 39 2 38 0
1504 ORDER 3765 6 27 3 6 0
1504 ORDER 3766 41 8 2 36 2
1505 ORDER 3767 19 12 1 25 3
1505 ORDER 3768 35 35 1 21 1
1506 ORDER 3769 49 6 3 26 0
1506 ORDER 3770 49 3 3 34 0
1506 ORDER 3771 43 29 1 12 1
1506 BLOCK 24 33
1507 ORDER 3772 18 18 39 44 0
1507 ORDER 3773 36 12 27 44 0
1507 ORDER 3774 13 30 2 4 0
1508 CANCEL 3681
1508 ORDER 3775 17 30 15 43 1
1508 ORDER 3776 34 6 3 7 0
1509 CANCEL 3532
1509 ORDER 3777 13 41 3 4 3
1509 ORDER 3778 46 14 2 14 2
1509 ORDER 3779 20 11 1 22 0
1510 ORDER 3780 13 6 45 44 0
1510 ORDER 3781 50 21 36 43 1
1510 ORDER 3782 51 8 2 8 1
1511 ORDER 3783 39 17 3 44 3
1511 ORDER 3784 46 14 3 25 0
1511 ORDER 3785 52 33 1 22 2
1512 ORDER 3786 47 5 58 43 0
1512 ORDER 3787 27 9 56 43 1
1512 ORDER 3788 30 20 26 43 3
1513 ORDER 3789 9 24 3 9 3
1513 ORDER 3790 19 41 2 42 0
1514 ORDER 3791 42 8 3 24 0
1514 ORDER 3792 26 11 37 44 0
1514 ORDER 3793 30 8 2 20 0
1515 ORDER 3794 17 21 9 44 0
1515 ORDER 3795 39 18 31 44 1
1515 ORDER 3796 27 18 40 43 1
1516 ORDER 3797 8 35 57 44 0
1516 ORDER 3798 27 38 3 42 0
1516 ORDER 3799 30 18 21 44 0
1517 ORDER 3800 18 26 3 15 0
1517 ORDER 3801 30 27 34 44 0
1517 ORDER 3802 30 41 1 6 2
1518 ORDER 3803 27 32 1 18 0
1518 ORDER 3804 25 32 2 37 0
1519 ORDER 3805 42 18 26 43 0
1519 ORDER 3806 53 8 47 44 0
1520 ORDER 3807 13 32 33 43 0
1520 ORDER 3808 15 35 38 44 0
1520 ORDER 3809 27 14 40 43 0
1521 ORDER 3810 19 23 1 17 0
1521 ORDER 3811 40 12 1 41 1
1521 ORDER 3812 51 12 3 26 1
1522 ORDER 3813 6 15 27 43 0
1522 ORDER 3814 31 20 7 43 0
1522 ORDER 3815 19 26 3 35 1
1523 ORDER 3816 8 5 1 39 1
1523 ORDER 3817 36 24 55 44 2
1524 CANCEL 3491
1524 ORDER 3818 7 11 3 39 0
1524 ORDER 3819 22 12 12 43 1
1525 ORDER 3820 39 9 1 17 0
1525 ORDER 3821 39 11 2 20 2
1525 BLOCK 22 25
1526 ORDER 3822 14 9 1 12 2
1526 ORDER 3823 17 35 27 44 3
1527 ORDER 3824 36 23 1 32 0
1527 ORDER 3825 44 11 1 40 2
1528 ORDER 3826 24 21 57 44 2
1528 ORDER 3827 6 24 31 43 2
1528 ORDER 3828 54 6 2 35 1
1529 ORDER 3829 32 11 1 2 0
1529 ORDER 3830 18 14 32 44 0
1530 ORDER 3831 35 39 24 43 0
1530 ORDER 3832 10 3 21 43 0
1531 CANCEL 3668
1531 ORDER 3833 54 30 3 6 0
1531 ORDER 3834 38 9 4 43 0
1532 ORDER 3835 27 14 2 19 0
1532 ORDER 3836 33 3 2 28 1
1532 ORDER 3837 18 27 2 20 2
1533 CANCEL 3379
1533 ORDER 3838 55 29 3 39 2
1533 ORDER 3839 25 5 40 43 2
1533 ORDER 3840 18 24 2 25 0
1534 ORDER 3841 32 5 3 23 0
1534 ORDER 3842 17 26 27 43 1
1534 ORDER 3843 21 18 1 37 1
1535 ORDER 3844 48 27 23 43 3
1535 ORDER 3845 51 6 23 43 0
1535 ORDER 3846 35 20 4 44 0
1536 ORDER 3847 9 8 1 24 1
1536 ORDER 3848 10 5 2 37 0
1537 ORDER 3849 17 24 2 20 0
1537 ORDER 3850 38 15 1 5 0
1538 ORDER 3851 7 39 1 24 0
1538 ORDER 3852 44 12 1 6 1
1539 ORDER 3853 50 8 2 17 2
1539 ORDER 3854 49 18 5 44 0
1539 ORDER 3855 7 9 3 26 0
1540 CANCEL 3441
1540 UNBLOCK 21 9
1540 ORDER 3856 28 39 1 31 0
1540 ORDER 3857 41 3 46 44 1
1541 ORDER 3858 29 41 49 43 2
1541 ORDER 3859 20 39 3 27 0
1541 ORDER 3860 43 39 3 39 0
1542 ORDER 3861 6 32 35 44 0
1542 ORDER 3862 8 8 51 44 0
1543 ORDER 3863 49 18 33 43 1
1543 ORDER 3864 27 8 3 4 0
1543 ORDER 3865 40 18 3 37 0
1544 ORDER 3866 18 36 8 44 0
1544 ORDER 3867 47 6 26 43 1
1545 ORDER 3868 13 23 1 41 0
1545 ORDER 3869 27 32 2 16 3
1545 ORDER 3870 7 6 50 44 1
1546 ORDER 3871 48 36 55 43 0
1546 ORDER 3872 29 18 1 3 0
1547 ORDER 3873 6 41 13 44 0
1547 ORDER 3874 31 12 46 43 1
1547 ORDER 3875 42 30 25 44 0
1547 BLOCK 32 29
1548 ORDER 3876 13 6 43 43 0
1548 ORDER 3877 43 38 3 13 0
1548 ORDER 3878 48 26 1 41 3
1549 ORDER 3879 33 33 3 31 0
1549 ORDER 3880 52 14 3 20 0
1550 ORDER 3881 12 3 43 43 0
1550 ORDER 3882 44 41 1 12 2
1551 ORDER 3883 28 20 3 7 3
1551 ORDER 3884 30 27 1 1 0
1551 ORDER 3885 35 30 29 43 0
1552 CANCEL 3531
1552 ORDER 3886 45 24 56 44 1
1552 ORDER 3887 37 17 19 44 0
1552 ORDER 3888 24 9 26 44 0
1553 CANCEL 3854
1553 ORDER 3889 26 30 2 31 1
1553 ORDER 3890 6 8 13 44 0
1553 ORDER 3891 18 27 3 12 0
1554 ORDER 3892 16 41 15 43 1
1554 ORDER 3893 53 9 29 43 0
1554 ORDER 3894 49 19 51 44 1
1555 ORDER 3895 45 12 45 43 0
1555 ORDER 3896 6 3 23 44 0
1555 BLOCK 51 9
1556 ORDER 3897 38 8 2 38 0
1556 ORDER 3898 6 38 3 10 0
1557 CANCEL 3392
1557 ORDER 3899 18 30 40 43 2
1557 ORDER 3900 28 12 1 38 0
1558 ORDER 3901 22 5 52 44 2
1558 ORDER 3902 39 3 38 44 1
1559 ORDER 3903 10 29 18 43 2
1559 ORDER 3904 14 24 1 32 0
1559 ORDER 3905 45 20 28 44 0
1560 CANCEL 3780
1560 ORDER 3906 51 18 18 43 0
1560 ORDER 3907 17 15 3 23 0
1560 ORDER 3908 7 21 2 23 2
1561 CANCEL 3515
1561 CANCEL 3552
1561 CANCEL 3616
1561 ORDER 3909 26 6 41 44 0
1561 ORDER 3910 39 38 15 44 1
1561 BLOCK 5 32
1562 ORDER 3911 7 38 11 43 0
1562 ORDER 3912 48 21 14 43 1
1562 ORDER 3913 23 5 1 17 0
1562 BLOCK 37 14
1563 ORDER 3914 49 17 16 43 0
1563 ORDER 3915 9 38 3 44 1
1564 CANCEL 3415
1564 ORDER 3916 43 39 2 23 0
1564 ORDER 3917 43 6 2 18 0
1564 BLOCK 48 42
1565 CANCEL 3688
1565 CANCEL 3783
1565 ORDER 3918 28 17 20 43 0
1565 ORDER 3919 52 27 2 9 1
1565 ORDER 3920 42 32 2 18 2
1566 ORDER 3921 52 33 3 20 1
1566 ORDER 3922 42 21 17 44 1
1566 ORDER 3923 28 14 2 11 1
1567 ORDER 3924 35 11 40 43 0
1567 ORDER 3925 27 33 3 17 2
1568 ORDER 3926 7 35 56 43 1
1568 ORDER 3927 17 17 56 44 2
1569 CANCEL 3513
1569 CANCEL 3722
1569 ORDER 3928 24 36 1 20 0
1569 ORDER 3929 47 9 2 33 0
1570 ORDER 3930 43 26 20 43 0
1570 ORDER 3931 20 36 40 44 0
1571 ORDER 3932 39 30 47 43 1
1571 ORDER 3933 29 38 26 43 0
1571 ORDER 3934 42 20 3 40 0
1572 ORDER 3935 52 24 1 23 0
1572 ORDER 3936 30 33 2 26 0
1573 ORDER 3937 9 41 56 44 0
1573 ORDER 3938 44 11 2 2 0
1574 ORDER 3939 20 41 13 44 1
1574 ORDER 3940 17 3 2 24 1
1574 ORDER 3941 6 27 50 43 0
1575 ORDER 3942 10 36 56 44 1
1575 ORDER 3943 51 14 3 32 2
1576 ORDER 3944 35 14 44 43 2
1576 ORDER 3945 38 6 54 44 0
1576 ORDER 3946 38 32 3 26 0
1577 CANCEL 3661
1577 CANCEL 3871
1577 ORDER 3947 55 23 3 26 3
1577 ORDER 3948 14 15 25 43 0
1577 ORDER 3949 43 33 45 43 1
1578 ORDER 3950 7 35 3 30 2
1578 ORDER 3951 13 21 3 13 0
1579 ORDER 3952 46 38 34 44 0
1579 ORDER 3953 38 27 2 33 2
1579 ORDER 3954 30 14 38 44 0
1580 CANCEL 3818
1580 ORDER 3955 52 29 37 43 1
1580 ORDER 3956 45 14 2 6 0
1580 BLOCK 15 38
1581 ORDER 3957 22 36 10 43 1
1581 ORDER 3958 18 41 4 43 1
1581 ORDER 3959 10 35 43 43 1
1582 ORDER 3960 46 26 18 43 1
1582 ORDER 3961 44 17 3 13 0
1583 ORDER 3962 14 3 55 43 0
1583 ORDER 3963 42 33 25 43 0
1584 ORDER 3964 51 21 49 44 0
1584 ORDER 3965 38 3 45 43 0
1585 ORDER 3966 25 35 3 20 3
1585 ORDER 3967 33 26 1 36 1
1586 ORDER 3968 34 33 1 12 3
1586 ORDER 3969 11 29 2 22 0
1587 ORDER 3970 19 36 3 5 3
1587 ORDER 3971 50 15 37 43 0
1587 ORDER 3972 30 6 3 21 0
1588 CANCEL 3488
1588 ORDER 3973 29 14 1 5 0
1588 ORDER 3974 26 26 3 31 3
1588 ORDER 3975 40 41 3 21 2
1589 ORDER 3976 47 29 3 8 0
1589 ORDER 3977 29 30 9 43 0
1589 ORDER 3978 11 9 2 44 2
1589 BLOCK 29 43
1590 ORDER 3979 9 15 45 43 1
1590 ORDER 3980 50 8 55 44 3
1590 ORDER 3981 37 15 24 43 0
1591 CANCEL 3509
1591 ORDER 3982 39 17 24 43 1
1591 ORDER 3983 49 38 33 43 1
1592 ORDER 3984 18 14 1 4 1
1592 ORDER 3985 30 39 57 43 0
1593 ORDER 3986 20 11 1 11 0
1593 ORDER 3987 21 39 11 44 0
1593 ORDER 3988 7 17 3 20 1
1594 ORDER 3989 55 30 3 31 0
1594 ORDER 3990 8 21 2 30 2
1594 ORDER 3991 48 9 14 43 0
1595 CANCEL 3858
1595 UNBLOCK 51 9
1595 ORDER 3992 11 12 35 43 1
1595 ORDER 3993 20 8 2 1 0
1596 CANCEL 3567
1596 UNBLOCK 32 29
1596 ORDER 3994 22 17 3 33 0
1596 ORDER 3995 17 20 38 44 0
1596 ORDER 3996 18 21 4 44 3
1597 ORDER 3997 25 29 3 24 0
1597 ORDER 3998 29 9 3 5 1
1597 ORDER 3999 34 29 3 12 0
1598 ORDER 4000 50 36 42 44 0
1598 ORDER 4001 17 26 23 44 2
1598 ORDER 4002 42 33 3 2 0
1599 ORDER 4003 17 8 47 43 1
1599 ORDER 4004 7 36 2 41 0
1599 ORDER 4005 28 41 1 32 0
1600 ORDER 4006 21 12 40 44 1
1600 ORDER 4007 54 9 2 18 1
1601 UNBLOCK 22 25
1601 ORDER 4008 53 27 1 34 1
1601 ORDER 4009 29 23 3 31 0
1602 ORDER 4010 41 17 35 43 1
1602 ORDER 4011 42 8 2 30 1
1603 CANCEL 3695
1603 ORDER 4012 17 34 2 39 0
1603 ORDER 4013 25 9 1 11 0
1603 ORDER 4014 22 38 53 44 1
1604 ORDER 4015 48 30 2 7 0
1604 ORDER 4016 17 29 58 44 0
1605 ORDER 4017 6 36 28 43 0
1605 ORDER 4018 16 32 1 29 0
1605 ORDER 4019 31 21 58 44 1
1606 UNBLOCK 24 33
1606 ORDER 4020 40 17 1 4 2
1606 ORDER 4021 43 39 1 14 0
1606 ORDER 4022 41 33 1 12 0
1607 CANCEL 3571
1607 ORDER 4023 42 8 2 2 0
1607 ORDER 4024 22 41 1 25 0
1608 CANCEL 3648
1608 CANCEL 3870
1608 ORDER 4025 48 5 50 43 1
1608 ORDER 4026 50 14 2 5 1
1608 ORDER 4027 22 12 3 8 0
1609 CANCEL 3593
1609 ORDER 4028 10 30 15 44 0
1609 ORDER 4029 22 20 40 43 0
1610 ORDER 4030 22 15 3 35 0
1610 ORDER 4031 24 39 1 13 1
1611 ORDER 4032 37 9 18 43 0
1611 ORDER 4033 35 32 13 44 1
1611 ORDER 4034 44 15 35 43 1
1612 ORDER 4035 16 6 10 43 2
1612 ORDER 4036 49 15 3 25 0
1613 CANCEL 4012
1613 ORDER 4037 54 30 2 32 0
1613 ORDER 4038 11 8 13 44 0
1613 ORDER 4039 19 29 1 22 0
1614 UNBLOCK 5 32
1614 ORDER 4040 21 24 1 39 1
1614 ORDER 4041 32 18 7 44 3
1615 ORDER 4042 29 5 30 43 0
1615 ORDER 4043 27 16 2 15 0
1616 ORDER 4044 44 27 18 44 1
1616 ORDER 4045 33 38 23 44 0
1616 ORDER 4046 44 29 18 44 3
1617 CANCEL 3781
1617 ORDER 4047 41 21 3 22 1
1617 ORDER 4048 44 12 15 44 3
1617 ORDER 4049 18 3 3 35 2
1618 CANCEL 3943
1618 ORDER 4050 55 15 1 44 0
1618 ORDER 4051 20 12 52 43 0
1619 ORDER 4052 53 8 2 34 0
1619 ORDER 4053 32 5 3 43 2
1619 ORDER 4054 45 40 51 44 0
1620 ORDER 4055 53 6 13 44 0
1620 ORDER 4056 11 8 12 44 0
1621 UNBLOCK 20 20
1621 ORDER 4057 46 23 2 27 0
1621 ORDER 4058 44 9 38 44 1
1621 ORDER 4059 17 31 2 11 0
1622 ORDER 4060 35 27 50 43 0
1622 ORDER 4061 42 36 2 39 1
1622 ORDER 4062 19 11 2 12 1
1623 ORDER 4063 46 23 32 43 0
1623 ORDER 4064 34 26 2 9 0
1623 ORDER 4065 25 29 44 43 2
1624 ORDER 4066 12 15 2 23 0
1624 ORDER 4067 12 38 3 1 0
1625 ORDER 4068 51 36 2 40 1
1625 ORDER 4069 20 38 19 44 1
1626 UNBLOCK 48 42
1626 ORDER 4070 32 36 55 43 0
1626 ORDER 4071 41 18 6 43 1
1626 ORDER 4072 49 5 2 33 1
1627 ORDER 4073 30 38 33 44 0
1627 ORDER 4074 49 8 41 44 1
1628 ORDER 4075 16 41 3 30 2
1628 ORDER 4076 51 38 3 37 2
1628 ORDER 4077 23 39 2 41 1
1629 ORDER 4078 30 15 1 43 0
1629 ORDER 4079 34 30 19 44 1
1629 ORDER 4080 28 17 26 43 3
1630 ORDER 4081 36 18 34 43 0
1630 ORDER 4082 9 9 2 27 0
1630 ORDER 4083 51 23 1 23 2
1631 ORDER 4084 45 35 1 27 1
1631 ORDER 4085 8 36 1 7 0
1632 ORDER 4086 38 29 1 27 3
1632 ORDER 4087 20 14 37 43 1
1632 ORDER 4088 12 23 31 43 2
1633 ORDER 4089 18 38 1 40 0
1633 ORDER 4090 47 18 2 39 0
1634 ORDER 4091 47 38 39 43 0
1634 ORDER 4092 20 32 18 44 1
1634 ORDER 4093 7 21 2 9 0
1635 CANCEL 3967
1635 ORDER 4094 39 41 1 34 2
1635 ORDER 4095 53 26 3 40 0
1635 BLOCK 20 18
1636 ORDER 4096 21 3 5 44 0
1636 ORDER 4097 30 18 9 43 0
1636 ORDER 4098 28 30 26 43 0
1637 CANCEL 3989
1637 ORDER 4099 54 8 8 44 1
1637 ORDER 4100 43 15 10 44 1
1638 ORDER 4101 20 39 13 43 0
1638 ORDER 4102 54 9 23 43 1
1639 ORDER 4103 37 35 52 44 0
1639 ORDER 4104 9 21 17 43 2
1639 ORDER 4105 43 29 22 43 1
1640 ORDER 4106 19 32 11 43 0
1640 ORDER 4107 10 26 4 44 0
1641 CANCEL 3879
1641 ORDER 4108 38 26 3 24 1
1641 ORDER 4109 6 39 8 43 1
1641 ORDER 4110 10 29 19 44 0
1642 UNBLOCK 37 14
1642 ORDER 4111 17 41 1 38 1
1642 ORDER 4112 18 32 3 37 0
1643 CANCEL 3909
1643 ORDER 4113 18 36 1 14 0
1643 ORDER 4114 9 24 20 43 3
1644 ORDER 4115 6 18 18 44 0
1644 ORDER 4116 44 29 1 6 1
1644 ORDER 4117 12 23 14 44 1
1645 ORDER 4118 16 18 2 17 0
1645 ORDER 4119 20 24 10 43 0
1645 ORDER 4120 46 32 1 37 0
1646 CANCEL 3652
1646 ORDER 4121 26 30 13 44 0
1646 ORDER 4122 52 38 30 43 0
1647 ORDER 4123 53 39 2 43 0
1647 ORDER 4124 24 11 20 43 0
1648 CANCEL 3785
1648 ORDER 4125 26 18 2 33 1
1648 ORDER 4126 37 17 1 25 0
1649 ORDER 4127 25 26 36 44 0
1649 ORDER 4128 19 41 1 20 0
1650 UNBLOCK 15 38
1650 CANCEL 4049
1650 ORDER 4129 40 24 36 43 0
1650 ORDER 4130 38 32 43 43 0
1651 ORDER 4131 54 32 20 44 0
1651 ORDER 4132 10 29 41 43 1
1651 ORDER 4133 13 36 1 3 0
1651 CANCEL 104133
1652 ORDER 4134 19 35 56 43 1
1652 ORDER 4135 10 8 50 44 0
1653 ORDER 4136 18 18 3 34 0
1653 ORDER 4137 19 18 42 44 1
1654 ORDER 4138 22 36 38 43 3
1654 ORDER 4139 48 18 37 44 0
1654 ORDER 4140 12 38 45 44 2
1655 ORDER 4141 9 11 2 19 0
1655 ORDER 4142 44 9 4 43 3
1656 ORDER 4143 8 9 6 44 2
1656 ORDER 4144 22 3 1 19 2
1657 ORDER 4145 27 25 51 44 0
1657 ORDER 4146 31 18 1 28 1
1658 ORDER 4147 9 23 1 12 0
1658 ORDER 4148 55 11 44 44 0
1658 ORDER 4149 27 18 1 1 3
1659 ORDER 4150 24 5 1 34 0
1659 ORDER 4151 8 12 29 43 1
1660 ORDER 4152 32 36 36 43 3
1660 ORDER 4153 46 12 7 43 0
1660 ORDER 4154 53 9 33 44 2
1661 ORDER 4155 27 24 2 8 1
1661 ORDER 4156 17 29 1 5 3
1662 ORDER 4157 50 39 3 38 0
1662 ORDER 4158 29 23 1 30 0
1663 ORDER 4159 45 33 1 1 0
1663 ORDER 4160 18 38 3 18 0
1663 ORDER 4161 28 36 1 38 1
1664 ORDER 4162 53 29 3 29 0
1664 ORDER 4163 22 15 30 44 0
1665 ORDER 4164 31 20 4 43 1
1665 ORDER 4165 33 41 58 44 3
1665 ORDER 4166 14 27 22 44 1
1666 ORDER 4167 8 23 3 17 3
1666 ORDER 4168 38 15 1 17 1
1667 ORDER 4169 34 36 1 11 0
1667 ORDER 4170 37 5 2 28 0
1668 ORDER 4171 17 9 48 44 0
1668 ORDER 4172 49 23 3 23 1
1668 ORDER 4173 10 23 2 28 1
1669 ORDER 4174 37 26 40 43 0
1669 ORDER 4175 49 23 38 43 2
1669 ORDER 4176 36 24 1 23 0
1670 CANCEL 3743
1670 ORDER 4177 20 9 2 22 1
1670 ORDER 4178 46 38 2 30 0
1670 ORDER 4179 51 6 1 4 1
1671 ORDER 4180 34 36 2 43 3
1671 ORDER 4181 6 41 1 27 0
1671 ORDER 4182 43 38 20 43 1
1672 CANCEL 3717
1672 ORDER 4183 30 14 3 23 2
1672 ORDER 4184 51 20 3 2 0
1672 ORDER 4185 47 38 3 24 0
1673 ORDER 4186 17 15 2 40 0
1673 ORDER 4187 45 41 3 35 0
1674 CANCEL 3887
1674 CANCEL 4037
1674 ORDER 4188 52 17 3 42 0
1674 ORDER 4189 9 24 40 43 1
1675 CANCEL 3965
1675 ORDER 4190 18 21 22 44 1
1675 ORDER 4191 45 30 30 43 1
1676 ORDER 4192 21 41 2 39 1
1676 ORDER 4193 18 38 58 43 0
1676 ORDER 4194 20 41 3 23 1
1677 ORDER 4195 38 26 1 32 1
1677 ORDER 4196 30 9 1 6 2
1678 CANCEL 4158
1678 ORDER 4197 27 12 1 23 0
1678 ORDER 4198 30 36 1 24 3
1678 ORDER 4199 33 32 29 43 0
1679 ORDER 4200 17 33 2 37 0
1679 ORDER 4201 40 3 29 43 0
1679 ORDER 4202 8 24 56 44 0
1680 ORDER 4203 19 29 44 43 1
1680 ORDER 4204 34 35 3 25 0
1680 ORDER 4205 30 15 35 43 1
1681 CANCEL 3993
1681 ORDER 4206 20 17 2 8 0
1681 ORDER 4207 6 39 57 44 0
1681 ORDER 4208 37 9 45 44 0
1682 ORDER 4209 44 26 40 43 0
1682 ORDER 4210 21 24 3 43 1
1682 ORDER 4211 33 30 25 43 3
1683 ORDER 4212 32 3 2 6 1
1683 ORDER 4213 39 23 51 44 0
1684 ORDER 4214 53 41 1 20 2
1684 ORDER 4215 17 5 26 44 1
1684 ORDER 4216 40 14 2 8 0
1685 CANCEL 3927
1685 ORDER 4217 23 17 47 43 1
1685 ORDER 4218 7 41 4 44 2
1685 ORDER 4219 13 30 2 43 0
1686 ORDER 4220 29 6 32 43 1
1686 ORDER 4221 49 18 3 42 0
1687 ORDER 4222 8 33 26 44 0
1687 ORDER 4223 51 41 40 44 0
1687 ORDER 4224 11 35 55 44 1
1687 BLOCK 5 30
1688 ORDER 4225 28 5 1 29 0
1688 ORDER 4226 36 29 2 38 0
1689 CANCEL 3976
1689 ORDER 4227 14 20 44 43 0
1689 ORDER 4228 21 9 1 12 3
1689 ORDER 4229 12 39 1 37 0
1690 ORDER 4230 35 33 22 43 0
1690 ORDER 4231 34 39 2 1 0
1690 ORDER 4232 20 14 1 12 0
1691 ORDER 4233 50 8 5 44 0
1691 ORDER 4234 20 39 35 43 2
1691 ORDER 4235 40 21 38 43 0
1692 ORDER 4236 52 5 9 44 0
1692 ORDER 4237 43 41 56 44 1
1693 ORDER 4238 17 33 58 43 1
1693 ORDER 4239 13 3 2 10 1
1694 ORDER 4240 10 11 4 44 0
1694 ORDER 4241 21 17 1 31 2
1695 CANCEL 3778
1695 ORDER 4242 51 14 2 6 0
1695 ORDER 4243 33 35 46 43 0
1695 ORDER 4244 14 36 10 43 1
1696 ORDER 4245 9 39 10 43 1
1696 ORDER 4246 39 3 56 44 3
1696 ORDER 4247 18 12 1 32 1
1697 ORDER 4248 12 36 45 44 0
1697 ORDER 4249 34 38 3 28 1
1697 ORDER 4250 22 3 2 35 0
1698 CANCEL 4028
1698 ORDER 4251 46 29 1 4 0
1698 ORDER 4252 43 26 3 19 0
1698 ORDER 4253 40 36 2 9 2
1699 ORDER 4254 17 20 3 21 0
1699 ORDER 4255 24 9 2 20 0
1700 CANCEL 4211
1700 ORDER 4256 40 11 48 43 0
1700 ORDER 4257 8 9 2 26 0
1701 CANCEL 3771
1701 ORDER 4258 7 5 48 44 0
1701 ORDER 4259 19 11 42 43 0
1701 ORDER 4260 26 29 36 43 2
1702 ORDER 4261 31 15 37 43 0
1702 ORDER 4262 46 30 18 43 0
1702 ORDER 4263 10 15 39 43 0
1703 ORDER 4264 17 23 3 34 0
1703 ORDER 4265 43 29 44 44 1
1704 ORDER 4266 54 24 38 44 1
1704 ORDER 4267 33 15 3 30 2
1704 ORDER 4268 55 18 2 31 0
1705 CANCEL 3817
1705 ORDER 4269 9 24 12 44 0
1705 ORDER 4270 10 20 2 30 2
1706 ORDER 4271 51 27 1 28 1
1706 ORDER 4272 54 6 8 44 0
1706 ORDER 4273 24 41 16 44 0
1707 CANCEL 4060
1707 ORDER 4274 48 15 3 10 1
1707 ORDER 4275 23 6 35 43 0
1708 ORDER 4276 49 18 48 44 1
1708 ORDER 4277 48 15 1 15 0
1708 ORDER 4278 39 8 1 36 1
1709 ORDER 4279 6 15 2 32 2
1709 ORDER 4280 49 14 53 43 0
1709 ORDER 4281 9 8 12 43 0
1710 CANCEL 3868
1710 ORDER 4282 38 6 3 6 3
1710 ORDER 4283 18 11 37 43 1
1710 ORDER 4284 41 18 2 3 1
1711 CANCEL 3910
1711 ORDER 4285 27 14 6 44 0
1711 ORDER 4286 10 36 34 43 0
1712 ORDER 4287 9 20 22 43 3
1712 ORDER 4288 10 20 2 16 1
1712 ORDER 4289 8 26 52 43 3
1713 ORDER 4290 39 30 22 43 2
1713 ORDER 4291 48 26 50 44 0
1713 ORDER 4292 26 20 23 44 1
1714 CANCEL 3960
1714 ORDER 4293 37 21 18 43 0
1714 ORDER 4294 49 14 17 43 1
1714 ORDER 4295 39 12 2 44 1
1715 ORDER 4296 30 8 3 31 1
1715 ORDER 4297 52 39 3 19 0
1716 CANCEL 3974
1716 ORDER 4298 35 33 20 44 1
1716 ORDER 4299 10 23 11 43 0
1716 ORDER 4300 14 20 2 37 0
1717 ORDER 4301 33 15 3 44 0
1717 ORDER 4302 14 9 30 44 0
1718 ORDER 4303 20 35 1 16 0
1718 ORDER 4304 50 6 2 26 0
1719 ORDER 4305 10 41 57 44 1
1719 ORDER 4306 45 21 2 6 0
1720 ORDER 4307 49 39 24 43 2
1720 ORDER 4308 36 20 2 1 1
1721 ORDER 4309 43 8 3 34 0
1721 ORDER 4310 11 32 1 42 1
1721 ORDER 4311 32 17 2 35 0
1722 CANCEL 4184
1722 CANCEL 4229
1722 ORDER 4312 21 30 1 34 0
1722 ORDER 4313 32 39 49 44 0
1723 ORDER 4314 28 18 54 43 0
1723 ORDER 4315 43 35 41 43 0
1723 BLOCK 23 2
1724 CANCEL 4262
1724 ORDER 4316 28 21 38 43 0
1724 ORDER 4317 37 15 55 44 0
1724 ORDER 4318 20 9 3 19 0
1725 ORDER 4319 49 33 1 44 1
1725 ORDER 4320 27 6 48 44 1
1726 ORDER 4321 12 3 34 44 0
1726 ORDER 4322 12 35 1 44 0
1727 ORDER 4323 55 23 1 6 0
1727 ORDER 4324 27 41 1 8 0
1727 ORDER 4325 47 36 3 24 0
1727 BLOCK 40 14
1728 ORDER 4326 39 18 45 43 0
1728 ORDER 4327 47 23 23 44 1
1729 CANCEL 4200
1729 ORDER 4328 32 10 45 44 0
1729 ORDER 4329 8 6 3 24 0
1729 ORDER 4330 35 14 21 43 0
1730 ORDER 4331 50 8 3 29 2
1730 ORDER 4332 11 20 1 16 2
1730 ORDER 4333 11 27 19 44 1
1731 ORDER 4334 55 30 2 19 0
1731 ORDER 4335 31 14 32 44 0
1731 ORDER 4336 41 38 47 44 1
1732 CANCEL 4046
1732 ORDER 4337 19 3 1 34 0
1732 ORDER 4338 13 15 19 43 3
1733 CANCEL 3852
1733 ORDER 4339 54 20 1 7 1
1733 ORDER 4340 51 21 1 16 0
1734 UNBLOCK 29 43
1734 ORDER 4341 29 24 1 5 0
1734 ORDER 4342 25 11 42 44 1
1734 ORDER 4343 30 5 35 43 0
1735 ORDER 4344 15 27 1 11 2
1735 ORDER 4345 50 12 57 44 0
1736 CANCEL 4115
1736 ORDER 4346 52 5 45 43 0
1736 ORDER 4347 15 27 10 44 1
1737 ORDER 4348 52 23 1 43 0
1737 ORDER 4349 45 30 1 42 0
1737 ORDER 4350 40 21 9 43 0
1738 CANCEL 4148
1738 ORDER 4351 20 33 1 22 0
1738 ORDER 4352 33 26 28 43 2
1739 CANCEL 4040
1739 UNBLOCK 5 30
1739 ORDER 4353 47 33 2 14 0
1739 ORDER 4354 24 36 14 44 0
1739 ORDER 4355 54 33 15 43 2
1740 CANCEL 4247
1740 ORDER 4356 47 35 2 41 0
1740 ORDER 4357 41 39 6 43 0
1741 ORDER 4358 39 6 1 3 0
1741 ORDER 4359 37 15 3 5 1
1741 ORDER 4360 47 29 17 43 0
1742 ORDER 4361 49 36 55 44 3
1742 ORDER 4362 45 33 1 21 0
1742 ORDER 4363 20 39 40 44 1
1743 ORDER 4364 21 23 3 24 0
1743 ORDER 4365 31 41 1 39 0
1744 CANCEL 4141
1744 ORDER 4366 45 30 3 32 0
1744 ORDER 4367 50 38 1 17 1
1744 ORDER 4368 24 21 3 14 0
1745 ORDER 4369 54 27 55 44 0
1745 ORDER 4370 50 36 43 43 3
1746 ORDER 4371 10 33 17 43 2
1746 ORDER 4372 51 8 3 14 2
1747 CANCEL 4186
1747 ORDER 4373 39 30 1 22 1
1747 ORDER 4374 11 6 6 43 1
1747 ORDER 4375 49 21 14 43 0
1748 ORDER 4376 55 27 2 12 2
1748 ORDER 4377 19 38 39 44 2
1749 CANCEL 4180
1749 CANCEL 4336
1749 ORDER 4378 43 35 1 2 0
1749 ORDER 4379 28 36 4 44 0
1750 CANCEL 4376
1750 ORDER 4380 19 20 42 43 0
1750 ORDER 4381 32 41 15 43 1
1751 CANCEL 4267
1751 ORDER 4382 16 29 2 36 1
1751 ORDER 4383 12 3 2 35 0
1752 ORDER 4384 42 3 56 43 0
1752 ORDER 4385 17 11 2 16 0
1752 ORDER 4386 8 17 3 8 0
1753 ORDER 4387 38 18 2 7 3
1753 ORDER 4388 47 30 1 6 2
1754 ORDER 4389 47 15 1 7 1
1754 ORDER 4390 20 14 58 44 2
1755 ORDER 4391 34 39 3 13 0
1755 ORDER 4392 43 15 9 44 1
1756 ORDER 4393 6 11 1 42 1
1756 ORDER 4394 45 33 2 36 1
1757 CANCEL 3998
1757 CANCEL 4050
1757 ORDER 4395 42 29 15 44 0
1757 ORDER 4396 40 26 1 34 0
1757 ORDER 4397 55 22 2 27 0
1758 ORDER 4398 38 6 2 1 0
1758 ORDER 4399 51 38 1 42 0
1759 ORDER 4400 40 3 3 39 0
1759 ORDER 4401 33 38 3 34 0
1759 ORDER 4402 48 23 3 14 2
1760 ORDER 4403 10 33 2 17 1
1760 ORDER 4404 22 18 2 37 0
1760 ORDER 4405 27 29 3 16 1
1761 ORDER 4406 6 3 35 43 0
1761 ORDER 4407 50 5 14 43 2
1762 ORDER 4408 39 32 1 3 0
1762 ORDER 4409 18 36 39 44 0
1763 ORDER 4410 14 36 3 2 0
1763 ORDER 4411 49 5 2 9 2
1763 ORDER 4412 17 9 3 11 1
1764 ORDER 4413 46 32 2 21 0
1764 ORDER 4414 31 18 7 44 0
1765 ORDER 4415 14 3 40 43 3
1765 ORDER 4416 13 15 43 44 0
1766 ORDER 4417 12 23 37 43 2
1766 ORDER 4418 22 38 3 40 2
1767 CANCEL 3941
1767 UNBLOCK 23 2
1767 ORDER 4419 23 39 1 36 0
1767 ORDER 4420 12 39 2 19 1
1768 CANCEL 4058
1768 ORDER 4421 35 39 2 16 0
1768 ORDER 4422 36 26 2 3 1
1768 ORDER 4423 23 33 2 12 0
1769 ORDER 4424 17 39 3 25 1
1769 ORDER 4425 42 27 1 27 0
1769 ORDER 4426 10 11 9 44 0
1770 CANCEL 4072
1770 ORDER 4427 26 8 3 9 1
1770 ORDER 4428 28 3 2 19 0
1770 CANCEL 104428
1771 CANCEL 4425
1771 ORDER 4429 43 32 40 44 3
1771 ORDER 4430 13 6 42 43 0
1772 ORDER 4431 55 26 10 44 1
1772 ORDER 4432 30 17 33 43 0
1772 ORDER 4433 32 39 26 43 0
1773 ORDER 4434 44 32 8 44 1
1773 ORDER 4435 54 38 29 43 1
1774 ORDER 4436 28 11 58 44 2
1774 ORDER 4437 7 36 1 12 1
1774 ORDER 4438 16 9 49 44 0
1775 ORDER 4439 41 17 2 37 2
1775 ORDER 4440 27 33 52 44 2
1775 ORDER 4441 31 36 37 44 1
1776 CANCEL 4316
1776 ORDER 4442 41 20 41 43 0
1776 ORDER 4443 38 29 18 43 0
1776 ORDER 4444 44 32 46 44 1
1777 CANCEL 4243
1777 ORDER 4445 18 18 46 44 0
1777 ORDER 4446 8 38 2 40 3
1777 ORDER 4447 10 11 2 40 1
1778 CANCEL 4032
1778 ORDER 4448 15 35 22 44 0
1778 ORDER 4449 44 26 26 44 1
1778 ORDER 4450 20 5 2 19 3
1779 UNBLOCK 20 18
1779 ORDER 4451 10 14 2 9 0
1779 ORDER 4452 50 5 2 41 0
1780 ORDER 4453 12 8 24 44 1
1780 ORDER 4454 41 14 51 43 0
1780 ORDER 4455 12 33 2 27 0
1781 ORDER 4456 46 8 1 3 0
1781 ORDER 4457 43 5 21 43 0
1782 ORDER 4458 42 38 35 43 0
1782 ORDER 4459 37 9 1 2 0
1782 ORDER 4460 29 39 2 40 0
1783 ORDER 4461 48 14 3 25 0
1783 ORDER 4462 55 17 39 44 0
1784 ORDER 4463 10 32 1 28 0
1784 ORDER 4464 45 29 3 18 0
1784 ORDER 4465 31 38 44 43 0
1785 ORDER 4466 35 12 56 44 3
1785 ORDER 4467 34 29 36 44 0
1785 ORDER 4468 6 3 12 44 0
1786 CANCEL 4292
1786 ORDER 4469 49 17 3 26 0
1786 ORDER 4470 27 38 29 43 0
1787 CANCEL 4286
1787 ORDER 4471 11 27 3 24 2
1787 ORDER 4472 24 35 49 44 1
1788 ORDER 4473 37 6 55 43 0
1788 ORDER 4474 24 39 36 44 0
1788 ORDER 4475 49 33 3 40 0
1789 ORDER 4476 40 6 2 36 0
1789 ORDER 4477 11 23 22 44 0
1790 ORDER 4478 10 8 1 8 1
1790 ORDER 4479 9 11 3 33 0
1791 ORDER 4480 51 3 1 5 0
1791 ORDER 4481 18 27 1 38 0
1792 ORDER 4482 55 26 41 44 0
1792 ORDER 4483 9 32 28 43 0
1793 ORDER 4484 20 11 3 35 0
1793 ORDER 4485 41 5 2 7 0
1793 ORDER 4486 54 9 1 35 0
1794 ORDER 4487 12 36 25 43 0
1794 ORDER 4488 7 9 3 10 0
1795 UNBLOCK 40 14
1795 CANCEL 4464
1795 ORDER 4489 17 36 1 15 1
1795 ORDER 4490 15 27 3 22 0
1796 CANCEL 4004
1796 ORDER 4491 15 27 1 15 0
1796 ORDER 4492 32 41 37 43 0
1797 ORDER 4493 23 12 1 34 0
1797 ORDER 4494 10 20 3 28 0
1798 ORDER 4495 55 17 12 43 0
1798 ORDER 4496 55 14 2 3 1
1799 ORDER 4497 50 18 15 44 1
1799 ORDER 4498 51 3 16 43 0
1799 ORDER 4499 51 14 1 31 0
1800 CANCEL 4044
1800 CANCEL 4193
1800 ORDER 4500 14 17 33 44 0
1800 ORDER 4501 50 6 2 40 0
1800 ORDER 4502 11 11 40 43 0
1801 ORDER 4503 36 23 2 22 0
1801 ORDER 4504 20 3 17 44 0
1802 ORDER 4505 23 6 21 43 2
1802 ORDER 4506 13 38 10 44 2
1802 ORDER 4507 29 32 1 39 0
1803 ORDER 4508 9 21 38 43 0
1803 ORDER 4509 29 20 2 5 1
1804 ORDER 4510 17 11 8 43 0
1804 ORDER 4511 38 29 2 38 0
1804 ORDER 4512 55 3 1 39 1
1805 ORDER 4513 52 41 47 43 0
1805 ORDER 4514 9 36 3 26 0
1805 ORDER 4515 54 32 3 28 0
1806 ORDER 4516 13 30 14 44 2
1806 ORDER 4517 46 32 58 44 1
1806 ORDER 4518 31 5 1 37 0
1807 ORDER 4519 41 33 3 32 0
1807 ORDER 4520 17 32 1 7 1
1808 ORDER 4521 23 14 3 22 0
1808 ORDER 4522 20 23 10 44 0
1809 ORDER 4523 43 35 3 33 1
1809 ORDER 4524 27 8 1 23 0
1809 ORDER 4525 24 11 2 12 1
1810 ORDER 4526 26 32 15 43 1
1810 ORDER 4527 24 3 55 43 1
1810 ORDER 4528 53 30 43 44 1
1811 ORDER 4529 54 38 3 21 0
1811 ORDER 4530 47 5 14 44 0
1811 ORDER 4531 12 36 44 44 1
1812 ORDER 4532 48 32 52 44 0
1812 ORDER 4533 44 12 2 12 0
1813 CANCEL 4124
1813 ORDER 4534 42 27 2 3 0
1813 ORDER 4535 47 18 3 41 2
1813 ORDER 4536 35 18 27 44 1
1814 ORDER 4537 52 21 30 43 0
1814 ORDER 4538 37 29 29 43 0
1815 ORDER 4539 20 20 2 9 1
1815 ORDER 4540 10 5 39 44 2
1815 ORDER 4541 10 11 11 44 0
1816 ORDER 4542 34 27 17 43 0
1816 ORDER 4543 13 21 16 43 2
1816 ORDER 4544 28 35 38 43 0
1817 ORDER 4545 30 26 9 44 0
1817 ORDER 4546 8 20 20 44 0
1818 ORDER 4547 20 27 58 44 0
1818 ORDER 4548 26 12 3 42 3
1818 ORDER 4549 7 9 2 33 0
1819 ORDER 4550 36 9 3 17 0
1819 ORDER 4551 13 14 1 32 0
1819 ORDER 4552 51 15 43 44 1
1820 CANCEL 4552
1820 ORDER 4553 12 17 1 1 2
1820 ORDER 4554 11 14 53 43 2
1821 ORDER 4555 46 21 1 35 2
1821 ORDER 4556 11 15 1 16 1
1821 ORDER 4557 6 26 1 20 0
1822 ORDER 4558 27 39 29 44 1
1822 ORDER 4559 44 24 44 44 0
1823 CANCEL 4230
1823 ORDER 4560 9 6 1 4 3
1823 ORDER 4561 49 5 3 37 0
1824 CANCEL 4344
1824 ORDER 4562 40 20 56 44 0
1824 ORDER 4563 8 36 55 44 1
1824 ORDER 4564 33 8 7 43 2
1825 ORDER 4565 32 20 4 43 1
1825 ORDER 4566 7 23 1 2 0
1825 ORDER 4567 33 26 2 10 0
1826 ORDER 4568 39 12 35 43 0
1826 ORDER 4569 10 38 43 44 0
1827 CANCEL 4351
1827 ORDER 4570 48 24 46 43 3
1827 ORDER 4571 29 20 1 27 3
1828 CANCEL 4470
1828 ORDER 4572 20 23 51 44 2
1828 ORDER 4573 49 33 1 7 0
1828 ORDER 4574 38 15 1 21 1
1829 ORDER 4575 46 23 17 44 0
1829 ORDER 4576 30 24 3 16 2
1830 ORDER 4577 38 8 38 44 1
1830 ORDER 4578 16 30 11 44 3
1830 ORDER 4579 52 9 57 44 2
1831 ORDER 4580 28 9 23 44 2
1831 ORDER 4581 22 23 1 40 0
1831 ORDER 4582 34 27 3 33 0
1832 ORDER 4583 15 9 3 40 0
1832 ORDER 4584 29 39 29 44 0
1833 CANCEL 4194
1833 ORDER 4585 8 15 7 43 1
1833 ORDER 4586 35 26 1 34 2
1834 ORDER 4587 25 27 1 2 0
1834 ORDER 4588 30 18 1 25 0
1834 ORDER 4589 33 5 2 39 0
1835 ORDER 4590 51 6 3 26 0
1835 ORDER 4591 47 8 24 43 3
1836 ORDER 4592 10 20 2 10 0
1836 ORDER 4593 40 23 3 38 2
1836 ORDER 4594 33 33 2 23 0
1837 ORDER 4595 17 33 1 28 0
1837 ORDER 4596 52 29 7 43 0
1838 ORDER 4597 39 20 11 44 0
1838 ORDER 4598 9 9 1 21 0
1839 ORDER 4599 6 20 19 43 1
1839 ORDER 4600 6 17 8 44 1
1839 ORDER 4601 27 32 1 32 1
1840 ORDER 4602 29 30 58 43 0
1840 ORDER 4603 10 12 1 13 0
1841 ORDER 4604 25 26 3 2 0
1841 ORDER 4605 13 3 37 44 1
1842 ORDER 4606 55 9 2 34 0
1842 ORDER 4607 40 8 2 27 0
1843 CANCEL 4285
1843 ORDER 4608 24 9 1 29 2
1843 ORDER 4609 38 33 2 28 0
1844 CANCEL 4534
1844 ORDER 4610 26 11 1 2 1
1844 ORDER 4611 46 18 2 16 0
1844 ORDER 4612 54 32 3 18 0
1845 ORDER 4613 16 41 3 27 0
1845 ORDER 4614 36 15 3 14 0
1845 ORDER 4615 45 12 1 10 0
1846 ORDER 4616 38 21 3 9 0
1846 ORDER 4617 51 17 3 36 0
1846 ORDER 4618 25 24 16 43 0
1847 ORDER 4619 23 33 23 44 1
1847 ORDER 4620 16 24 2 27 1
1848 ORDER 4621 26 33 3 26 0
1848 ORDER 4622 9 33 35 44 0
1849 ORDER 4623 6 9 3 14 0
1849 ORDER 4624 21 32 20 43 0
1850 ORDER 4625 44 35 3 28 0
1850 ORDER 4626 11 12 3 41 0
1851 ORDER 4627 31 3 38 44 1
1851 ORDER 4628 51 15 18 43 0
1851 ORDER 4629 6 14 11 43 0
1852 ORDER 4630 27 23 2 25 1
1852 ORDER 4631 19 27 34 44 1
1853 ORDER 4632 34 27 1 13 0
1853 ORDER 4633 39 23 2 27 0
1854 ORDER 4634 29 26 18 43 0
1854 ORDER 4635 37 14 1 40 1
1854 ORDER 4636 8 41 39 43 0
1855 ORDER 4637 30 23 3 16 1
1855 ORDER 4638 24 24 23 44 1
1856 ORDER 4639 17 33 3 43 0
1856 ORDER 4640 30 29 41 44 0
1857 ORDER 4641 23 23 34 43 0
1857 ORDER 4642 27 23 1 21 0
1857 ORDER 4643 50 20 2 19 1
1858 CANCEL 4586
1858 ORDER 4644 44 3 1 6 0
1858 ORDER 4645 24 23 50 44 0
1858 ORDER 4646 42 21 16 43 1
1859 ORDER 4647 27 26 41 43 0
1859 ORDER 4648 43 27 1 20 2
1859 ORDER 4649 27 17 38 44 0
1860 ORDER 4650 43 8 3 9 0
1860 ORDER 4651 53 29 34 43 0
1860 ORDER 4652 8 5 50 44 2
1861 ORDER 4653 15 11 3 26 1
1861 ORDER 4654 7 17 50 44 0
1862 ORDER 4655 6 30 2 9 2
1862 ORDER 4656 23 21 37 43 0
1863 CANCEL 4325
1863 ORDER 4657 48 41 3 26 1
1863 ORDER 4658 27 9 16 44 0
1863 ORDER 4659 10 18 57 44 0
1864 ORDER 4660 6 14 3 7 1
1864 ORDER 4661 48 15 17 44 2
1865 ORDER 4662 31 27 13 43 1
1865 ORDER 4663 27 14 1 20 1
1866 ORDER 4664 52 14 3 39 1
1866 ORDER 4665 46 24 14 44 0
1866 ORDER 4666 18 3 23 43 1
1867 CANCEL 4190
1867 CANCEL 4282
1867 CANCEL 4574
1867 ORDER 4667 6 3 3 22 0
1867 ORDER 4668 8 33 36 44 1
1868 ORDER 4669 53 8 28 43 0
1868 ORDER 4670 48 20 1 7 0
1869 ORDER 4671 20 17 2 25 3
1869 ORDER 4672 55 11 51 44 1
1869 ORDER 4673 27 32 2 28 0
1870 ORDER 4674 20 20 9 43 0
1870 ORDER 4675 24 27 2 43 0
1870 ORDER 4676 50 15 3 15 0
1871 ORDER 4677 22 8 2 39 0
1871 ORDER 4678 16 32 49 43 0
1871 ORDER 4679 47 29 2 35 1
1872 ORDER 4680 16 20 31 43 0
1872 ORDER 4681 8 24 24 43 0
1873 ORDER 4682 24 23 17 43 1
1873 ORDER 4683 46 29 5 44 1
1873 ORDER 4684 27 30 35 44 1
1874 CANCEL 4559
1874 ORDER 4685 23 41 18 43 1
1874 ORDER 4686 14 20 45 44 0
1874 ORDER 4687 46 27 1 20 0
1875 CANCEL 4430
1875 ORDER 4688 33 26 2 27 0
1875 ORDER 4689 50 41 18 43 0
1875 ORDER 4690 54 24 3 27 1
1876 CANCEL 4529
1876 ORDER 4691 7 39 3 40 1
1876 ORDER 4692 37 9 40 43 0
1876 ORDER 4693 41 20 41 44 0
1877 ORDER 4694 9 15 40 44 0
1877 ORDER 4695 12 36 1 21 0
1877 ORDER 4696 49 18 52 44 0
1878 CANCEL 4374
1878 ORDER 4697 45 14 1 31 2
1878 ORDER 4698 13 3 1 8 0
1879 ORDER 4699 13 14 26 43 1
1879 ORDER 4700 12 5 1 19 0
1880 ORDER 4701 37 11 3 1 0
1880 ORDER 4702 32 14 3 41 1
1881 ORDER 4703 26 35 32 43 1
1881 ORDER 4704 9 36 1 41 0
1881 ORDER 4705 7 36 1 37 1
1882 ORDER 4706 46 30 58 44 0
1882 ORDER 4707 52 39 1 13 1
1883 ORDER 4708 17 29 8 43 0
1883 ORDER 4709 46 6 25 44 0
1884 ORDER 4710 34 24 2 30 0
1884 ORDER 4711 8 9 36 43 0
1884 ORDER 4712 46 33 10 44 1
1885 CANCEL 4680
1885 ORDER 4713 30 21 3 30 2
1885 ORDER 4714 35 27 12 44 0
1885 ORDER 4715 8 15 3 41 0
1886 ORDER 4716 40 39 1 38 0
1886 ORDER 4717 51 26 38 43 0
1887 ORDER 4718 32 17 3 4 0
1887 ORDER 4719 50 18 14 44 0
1887 BLOCK 11 9
1888 ORDER 4720 14 15 4 43 3
1888 ORDER 4721 40 12 5 44 0
1889 ORDER 4722 15 35 20 43 1
1889 ORDER 4723 7 38 2 34 0
1890 ORDER 4724 34 30 10 43 1
1890 ORDER 4725 40 36 26 43 0
1890 ORDER 4726 48 14 46 43 0
1891 ORDER 4727 54 30 3 1 1
1891 ORDER 4728 11 14 3 4 2
1892 CANCEL 4514
1892 ORDER 4729 46 18 2 17 0
1892 ORDER 4730 46 30 53 43 2
1892 ORDER 4731 44 14 41 44 0
1893 ORDER 4732 39 21 49 44 1
1893 ORDER 4733 29 32 1 21 2
1893 ORDER 4734 20 39 27 43 0
1894 ORDER 4735 27 33 3 35 1
1894 ORDER 4736 19 9 41 43 0
1894 ORDER 4737 47 21 3 33 0
1895 ORDER 4738 52 29 2 32 1
1895 ORDER 4739 11 9 2 44 0
1895 BLOCK 17 38
1896 CANCEL 4568
1896 ORDER 4740 55 14 3 26 0
1896 ORDER 4741 47 5 1 11 0
1897 ORDER 4742 49 14 23 44 1
1897 ORDER 4743 38 15 33 44 0
1897 ORDER 4744 43 17 55 44 0
1898 ORDER 4745 40 3 1 3 0
1898 ORDER 4746 20 29 36 44 0
1899 CANCEL 4338
1899 ORDER 4747 49 20 54 44 1
1899 ORDER 4748 22 18 8 44 0
1899 ORDER 4749 46 24 2 34 2
1900 ORDER 4750 40 16 2 41 0
1900 ORDER 4751 13 12 51 44 0
1900 ORDER 4752 14 15 4 43 0
1901 ORDER 4753 47 29 2 14 0
1901 ORDER 4754 48 29 35 44 2
1902 CANCEL 4341
1902 ORDER 4755 38 12 12 43 1
1902 ORDER 4756 48 23 6 44 0
1903 ORDER 4757 55 17 57 44 0
1903 ORDER 4758 37 15 51 43 1
1904 ORDER 4759 36 9 1 19 0
1904 ORDER 4760 49 32 1 5 0
1904 ORDER 4761 9 17 3 30 1
1905 ORDER 4762 30 27 2 11 0
1905 ORDER 4763 41 12 3 9 0
1906 ORDER 4764 55 29 3 24 0
1906 ORDER 4765 16 24 37 43 1
1906 BLOCK 25 32
1907 ORDER 4766 28 21 3 40 0
1907 ORDER 4767 36 23 2 36 1
1908 ORDER 4768 13 15 2 10 0
1908 ORDER 4769 16 20 3 25 0
1909 ORDER 4770 11 30 1 15 1
1909 ORDER 4771 20 11 3 42 2
1909 ORDER 4772 11 29 3 35 0
1910 ORDER 4773 16 33 3 34 0
1910 ORDER 4774 33 15 3 2 1
1911 ORDER 4775 14 27 2 3 0
1911 ORDER 4776 17 36 2 27 0
1912 ORDER 4777 22 36 9 43 0
1912 ORDER 4778 22 8 11 44 1
1913 ORDER 4779 34 6 1 43 0
1913 ORDER 4780 48 18 3 24 0
1913 ORDER 4781 49 20 2 32 0
1914 CANCEL 4328
1914 ORDER 4782 46 8 3 40 2
1914 ORDER 4783 48 26 3 20 2
1914 ORDER 4784 55 35 2 12 0
1915 CANCEL 4692
1915 ORDER 4785 25 27 51 44 1
1915 ORDER 4786 11 38 3 4 0
1916 ORDER 4787 49 14 51 43 1
1916 ORDER 4788 17 41 3 1 2
1917 CANCEL 4720
1917 ORDER 4789 51 17 52 44 0
1917 ORDER 4790 49 17 2 15 0
1917 ORDER 4791 12 39 7 44 0
1918 ORDER 4792 33 33 3 12 0
1918 ORDER 4793 39 26 1 4 0
1918 ORDER 4794 46 27 3 1 2
1919 CANCEL 4782
1919 ORDER 4795 15 24 1 19 1
1919 ORDER 4796 53 6 2 11 1
1919 ORDER 4797 54 24 1 33 2
1920 CANCEL 4512
1920 ORDER 4798 41 14 9 43 1
1920 ORDER 4799 8 6 43 43 0
1921 ORDER 4800 31 3 25 43 0
1921 ORDER 4801 11 17 2 24 1
1922 ORDER 4802 21 26 1 12 0
1922 ORDER 4803 20 17 3 19 1
1922 ORDER 4804 51 23 2 30 0
1923 ORDER 4805 54 35 38 44 3
1923 ORDER 4806 39 23 2 38 2
1923 ORDER 4807 43 28 15 44 0
1924 ORDER 4808 39 9 3 21 0
1924 ORDER 4809 11 23 39 43 0
1925 CANCEL 4375
1925 ORDER 4810 31 14 3 13 0
1925 ORDER 4811 19 24 16 43 0
1925 ORDER 4812 36 9 3 11 0
1926 CANCEL 4498
1926 ORDER 4813 12 15 2 8 0
1926 ORDER 4814 38 3 49 44 0
1926 ORDER 4815 23 5 2 23 0
1927 ORDER 4816 34 33 3 37 0
1927 ORDER 4817 18 20 3 15 1
1928 ORDER 4818 55 11 2 5 1
1928 ORDER 4819 17 27 2 32 1
1928 ORDER 4820 18 20 1 21 0
1929 ORDER 4821 8 15 2 14 1
1929 ORDER 4822 28 12 4 43 0
1929 ORDER 4823 16 41 3 17 2
1930 CANCEL 4396
1930 CANCEL 4398
1930 CANCEL 4452
1930 ORDER 4824 38 14 43 44 0
1930 ORDER 4825 38 30 3 26 0
1930 ORDER 4826 18 21 1 41 0
1931 CANCEL 4632
1931 ORDER 4827 9 3 3 37 0
1931 ORDER 4828 38 32 9 44 2
1932 ORDER 4829 47 9 3 37 0
1932 ORDER 4830 7 11 3 4 1
1932 ORDER 4831 6 20 54 44 0
1933 ORDER 4832 33 38 1 25 0
1933 ORDER 4833 46 35 4 44 0
1934 ORDER 4834 48 23 3 12 2
1934 ORDER 4835 40 41 2 36 0
1934 ORDER 4836 55 23 3 21 0
1934 BLOCK 5 6
1935 ORDER 4837 11 36 1 10 0
1935 ORDER 4838 42 8 1 6 0
1935 ORDER 4839 23 36 2 12 0
1936 CANCEL 4752
1936 ORDER 4840 10 17 27 44 0
1936 ORDER 4841 54 29 1 5 2
1936 ORDER 4842 20 15 20 44 0
1937 ORDER 4843 11 21 1 18 0
1937 ORDER 4844 52 41 24 44 1
1938 ORDER 4845 25 27 6 43 0
1938 ORDER 4846 53 35 2 17 0
1939 CANCEL 4418
1939 ORDER 4847 27 18 1 21 0
1939 ORDER 4848 7 35 2 5 0
1939 ORDER 4849 14 29 41 44 3
1940 ORDER 4850 30 18 14 43 2
1940 ORDER 4851 17 3 31 43 0
1940 ORDER 4852 55 5 3 2 1
1941 ORDER 4853 39 30 2 24 0
1941 ORDER 4854 33 8 27 44 0
1942 ORDER 4855 6 3 1 8 2
1942 ORDER 4856 41 7 2 38 0
1942 ORDER 4857 22 23 30 44 1
1943 CANCEL 4532
1943 ORDER 4858 34 29 6 44 1
1943 ORDER 4859 49 6 3 32 1
1944 CANCEL 4618
1944 ORDER 4860 51 6 17 43 1
1944 ORDER 4861 54 20 46 43 0
1945 ORDER 4862 37 11 1 27 2
1945 ORDER 4863 42 36 36 43 2
1946 CANCEL 4463
1946 ORDER 4864 16 11 15 44 3
1946 ORDER 4865 53 38 1 6 2
1947 ORDER 4866 28 17 50 44 1
1947 ORDER 4867 39 5 41 43 0
1947 ORDER 4868 34 33 1 38 0
1948 ORDER 4869 52 11 1 23 0
1948 ORDER 4870 53 29 1 42 1
1949 ORDER 4871 14 17 18 44 0
1949 ORDER 4872 33 17 39 44 1
1950 ORDER 4873 49 20 3 38 2
1950 ORDER 4874 17 17 1 11 1
1950 ORDER 4875 30 11 3 1 2
1951 ORDER 4876 13 36 2 22 2
1951 ORDER 4877 7 33 12 43 0
1952 ORDER 4878 30 24 48 44 3
1952 ORDER 4879 44 39 2 8 0
1952 ORDER 4880 54 29 42 44 0
1953 ORDER 4881 7 36 3 6 3
1953 ORDER 4882 20 15 39 44 0
1953 ORDER 4883 27 14 3 21 0
1954 CANCEL 4688
1954 ORDER 4884 21 38 1 33 1
1954 ORDER 4885 40 14 1 15 0
1955 CANCEL 4627
1955 ORDER 4886 48 29 1 11 1
1955 ORDER 4887 50 12 3 24 1
1956 ORDER 4888 29 27 34 43 0
1956 ORDER 4889 33 36 3 20 1
1956 ORDER 4890 14 15 29 43 0
1957 UNBLOCK 17 38
1957 UNBLOCK 25 32
1957 ORDER 4891 6 9 26 44 1
1957 ORDER 4892 17 33 20 43 1
1958 ORDER 4893 11 3 56 43 1
1958 ORDER 4894 14 29 2 16 1
1959 CANCEL 4880
1959 ORDER 4895 11 33 25 44 3
1959 ORDER 4896 38 35 58 44 0
1960 ORDER 4897 53 33 3 39 2
1960 ORDER 4898 11 17 1 43 0
1961 CANCEL 4780
1961 ORDER 4899 31 23 30 43 0
1961 ORDER 4900 28 17 14 44 0
1961 ORDER 4901 9 39 1 20 0
1962 ORDER 4902 53 29 3 16 0
1962 ORDER 4903 6 17 20 43 1
1963 ORDER 4904 39 32 3 40 1
1963 ORDER 4905 20 15 3 10 1
1963 ORDER 4906 31 21 1 11 0
1963 BLOCK 45 8
1964 ORDER 4907 33 33 3 23 0
1964 ORDER 4908 53 9 1 43 0
1965 ORDER 4909 16 20 3 21 1
1965 ORDER 4910 45 26 41 43 0
1966 ORDER 4911 37 27 3 39 2
1966 ORDER 4912 47 5 8 43 1
1967 ORDER 4913 29 9 30 43 2
1967 ORDER 4914 11 11 1 15 0
1968 ORDER 4915 38 29 2 6 3
1968 ORDER 4916 47 29 25 43 1
1968 ORDER 4917 12 3 30 43 1
1969 ORDER 4918 17 17 3 16 1
1969 ORDER 4919 19 36 1 36 0
1969 ORDER 4920 21 26 49 44 1
1970 ORDER 4921 28 29 44 43 0
1970 ORDER 4922 18 26 3 16 0
1970 ORDER 4923 18 21 18 44 1
1971 ORDER 4924 49 15 2 30 0
1971 ORDER 4925 8 30 47 44 0
1972 ORDER 4926 39 9 22 44 1
1972 ORDER 4927 44 12 2 8 1
1972 ORDER 4928 28 12 1 12 1
1973 ORDER 4929 11 33 3 21 0
1973 ORDER 4930 11 35 41 44 0
1973 ORDER 4931 29 36 1 5 0
1974 ORDER 4932 6 8 8 43 0
1974 ORDER 4933 10 27 39 44 0
1974 ORDER 4934 40 39 3 13 0
1975 ORDER 4935 26 14 1 8 2
1975 ORDER 4936 16 21 3 43 0
1975 ORDER 4937 17 8 28 44 0
1976 ORDER 4938 22 20 23 43 0
1976 ORDER 4939 8 15 15 44 1
1976 ORDER 4940 7 12 6 43 0
1977 ORDER 4941 51 9 3 11 0
1977 ORDER 4942 43 24 3 36 0
1978 ORDER 4943 46 12 3 3 0
1978 ORDER 4944 37 23 29 43 1
1978 ORDER 4945 39 36 30 44 2
1979 ORDER 4946 49 14 2 18 0
1979 ORDER 4947 36 15 2 37 0
1980 ORDER 4948 25 32 9 44 0
1980 ORDER 4949 17 23 51 44 0
1981 ORDER 4950 28 30 1 5 1
1981 ORDER 4951 55 14 3 6 0
1981 ORDER 4952 23 35 1 24 1
1982 UNBLOCK 11 9
1982 ORDER 4953 17 23 2 20 0
1982 ORDER 4954 42 5 2 37 0
1982 ORDER 4955 17 29 1 35 0
1983 ORDER 4956 53 38 2 41 1
1983 ORDER 4957 30 26 1 17 0
1984 CANCEL 4571
1984 ORDER 4958 9 35 2 19 1
1984 ORDER 4959 54 18 1 10 1
1984 ORDER 4960 19 41 3 34 0
1985 ORDER 4961 46 24 1 22 0
1985 ORDER 4962 44 41 1 17 0
1985 ORDER 4963 8 35 43 43 1
1986 ORDER 4964 18 18 46 43 1
1986 ORDER 4965 46 11 18 43 0
1987 ORDER 4966 8 21 45 43 0
1987 ORDER 4967 51 14 2 23 0
1988 CANCEL 4652
1988 CANCEL 4760
1988 ORDER 4968 20 11 1 18 0
1988 ORDER 4969 29 17 1 10 0
1988 CANCEL 104969
1989 ORDER 4970 39 32 58 43 0
1989 ORDER 4971 55 35 26 43 1
1989 ORDER 4972 26 14 3 30 0
1990 ORDER 4973 52 3 1 2 0
1990 ORDER 4974 11 11 49 44 1
1990 ORDER 4975 41 35 44 44 0
1991 ORDER 4976 18 32 2 37 0
1991 ORDER 4977 48 18 1 31 0
1992 CANCEL 4924
1992 ORDER 4978 27 35 3 25 1
1992 ORDER 4979 38 30 3 20 1
1993 ORDER 4980 17 15 47 43 0
1993 ORDER 4981 8 21 3 23 0
1994 ORDER 4982 33 38 2 5 0
1994 ORDER 4983 21 9 31 44 1
1994 ORDER 4984 34 8 49 43 1
1995 CANCEL 4730
1995 CANCEL 4921
1995 ORDER 4985 12 5 3 40 0
1995 ORDER 4986 32 41 56 43 0
1996 ORDER 4987 31 41 20 43 1
1996 ORDER 4988 19 8 49 44 0
1996 ORDER 4989 33 6 1 17 0
1997 ORDER 4990 25 29 3 19 0
1997 ORDER 4991 20 12 24 44 1
1998 CANCEL 4657
1998 ORDER 4992 12 41 1 13 0
1998 ORDER 4993 26 18 1 25 0
1998 ORDER 4994 17 30 13 44 0
1999 CANCEL 4622
1999 CANCEL 4763
1999 ORDER 4995 28 38 3 42 3
1999 ORDER 4996 52 41 1 13 0
1999 ORDER 4997 7 14 28 44 0
2000 ORDER 4998 44 32 2 29 0
2000 ORDER 4999 24 39 3 4 1
2001 ORDER 5000 6 30 2 23 0
2001 ORDER 5001 45 30 2 17 0
2001 ORDER 5002 41 33 11 44 0
2002 ORDER 5003 38 39 3 11 2
2002 ORDER 5004 21 23 1 21 0
2003 ORDER 5005 11 8 26 43 0
2003 ORDER 5006 41 5 44 43 0
2003 ORDER 5007 8 36 13 43 1
2004 ORDER 5008 47 18 1 40 0
2004 ORDER 5009 30 29 38 44 0
2005 ORDER 5010 41 3 2 2 1
2005 ORDER 5011 17 29 1 12 0
2006 ORDER 5012 41 17 2 35 0
2006 ORDER 5013 44 26 9 44 0
2006 ORDER 5014 37 23 46 44 0
2007 CANCEL 4635
2007 ORDER 5015 25 35 2 7 0
2007 ORDER 5016 16 27 20 44 0
2008 ORDER 5017 35 33 2 6 0
2008 ORDER 5018 27 29 19 44 3
2009 ORDER 5019 17 32 32 43 0
2009 ORDER 5020 13 30 3 42 0
2010 CANCEL 4670
2010 ORDER 5021 30 38 3 30 1
2010 ORDER 5022 27 20 3 40 3
2011 ORDER 5023 41 20 3 15 1
2011 ORDER 5024 48 8 2 30 0
2011 ORDER 5025 13 39 32 43 0
2012 ORDER 5026 40 38 2 33 1
2012 ORDER 5027 42 3 2 3 1
2012 ORDER 5028 25 18 3 25 0
2013 CANCEL 4708
2013 ORDER 5029 48 12 36 43 0
2013 ORDER 5030 18 32 2 31 0
2013 ORDER 5031 46 35 2 6 1
2014 CANCEL 5024
2014 ORDER 5032 17 29 37 43 0
2014 ORDER 5033 9 18 3 19 0
2014 ORDER 5034 9 38 1 41 1
2015 ORDER 5035 12 23 2 28 1
2015 ORDER 5036 18 39 2 2 0
2015 ORDER 5037 21 8 20 44 1
2016 ORDER 5038 40 17 1 22 1
2016 ORDER 5039 35 39 27 43 1
2017 ORDER 5040 11 3 44 43 0
2017 ORDER 5041 39 11 2 17 1
2017 ORDER 5042 31 39 1 23 0
2018 ORDER 5043 38 8 1 11 0
2018 ORDER 5044 22 6 11 44 1
2018 ORDER 5045 18 8 13 44 0
2018 BLOCK 30 2
2019 ORDER 5046 11 33 2 19 0
2019 ORDER 5047 29 32 5 43 0
2020 UNBLOCK 45 8
2020 ORDER 5048 16 21 2 24 0
2020 ORDER 5049 52 9 22 43 0
2021 CANCEL 4897
2021 ORDER 5050 15 24 40 44 1
2021 ORDER 5051 32 36 2 15 0
2021 ORDER 5052 30 24 2 43 0
2022 ORDER 5053 11 32 44 44 0
2022 ORDER 5054 10 32 2 34 0
2022 ORDER 5055 29 38 41 43 1
2023 ORDER 5056 18 3 17 44 0
2023 ORDER 5057 44 41 49 43 3
2024 ORDER 5058 52 11 2 27 1
2024 ORDER 5059 45 41 17 44 1
2025 ORDER 5060 48 30 51 43 1
2025 ORDER 5061 6 38 21 44 0
2025 ORDER 5062 42 27 16 44 3
2026 ORDER 5063 19 17 1 10 0
2026 ORDER 5064 20 6 2 33 2
2027 CANCEL 4641
2027 ORDER 5065 39 41 14 44 1
2027 ORDER 5066 43 32 13 44 1
2027 ORDER 5067 31 11 30 44 0
2028 ORDER 5068 21 24 1 18 2
2028 ORDER 5069 16 11 28 43 0
2028 ORDER 5070 38 27 3 5 0
2029 CANCEL 4781
2029 ORDER 5071 55 26 2 14 1
2029 ORDER 5072 31 14 3 22 0
2029 ORDER 5073 14 20 1 33 2
2030 CANCEL 4751
2030 ORDER 5074 23 21 3 35 2
2030 ORDER 5075 14 29 43 43 0
2030 ORDER 5076 45 9 16 44 0
2031 ORDER 5077 23 17 1 38 1
2031 ORDER 5078 11 19 3 9 0
2032 ORDER 5079 27 32 36 43 2
2032 ORDER 5080 8 36 3 31 2
2032 ORDER 5081 22 32 2 7 0
2033 ORDER 5082 22 36 32 43 1
2033 ORDER 5083 7 17 1 18 1
2033 ORDER 5084 11 3 2 29 0
2034 CANCEL 4916
2034 ORDER 5085 39 18 3 38 1
2034 ORDER 5086 11 12 2 23 0
2034 ORDER 5087 32 21 3 18 0
2035 ORDER 5088 40 14 41 43 2
2035 ORDER 5089 52 14 3 36 0
2035 ORDER 5090 35 32 1 33 1
2036 ORDER 5091 29 12 1 5 0
2036 ORDER 5092 18 24 11 44 0
2036 ORDER 5093 14 24 3 13 0
2037 ORDER 5094 36 15 3 43 0
2037 ORDER 5095 14 17 1 39 0
2037 BLOCK 45 42
2038 CANCEL 4616
2038 ORDER 5096 25 29 3 24 0
2038 ORDER 5097 18 38 56 44 0
2038 ORDER 5098 7 24 1 3 0
2039 ORDER 5099 32 36 3 19 0
2039 ORDER 5100 8 21 53 43 3
2040 ORDER 5101 51 38 2 26 2
2040 ORDER 5102 51 9 58 44 0
2041 ORDER 5103 28 21 3 35 2
2041 ORDER 5104 36 21 47 44 2
2041 ORDER 5105 55 33 13 44 0
2042 ORDER 5106 35 20 5 44 1
2042 ORDER 5107 54 36 1 27 0
2043 ORDER 5108 39 16 1 22 3
2043 ORDER 5109 18 41 56 44 0
2044 ORDER 5110 29 9 2 17 0
2044 ORDER 5111 21 21 3 5 0
2044 ORDER 5112 8 22 3 19 0
2045 ORDER 5113 47 27 12 43 0
2045 ORDER 5114 22 23 48 43 0
2046 ORDER 5115 19 21 43 43 1
2046 ORDER 5116 44 14 23 44 0
2047 ORDER 5117 54 29 2 32 1
2047 ORDER 5118 26 12 33 44 0
2047 ORDER 5119 50 23 1 27 2
2048 ORDER 5120 9 39 44 43 2
2048 ORDER 5121 12 33 3 12 0
2049 ORDER 5122 35 35 40 44 3
2049 ORDER 5123 54 28 18 43 0
2049 ORDER 5124 45 41 2 40 0
2050 ORDER 5125 16 23 37 44 1
2050 ORDER 5126 13 15 2 16 0
2050 BLOCK 19 5
2051 CANCEL 5020
2051 ORDER 5127 42 23 2 39 0
2051 ORDER 5128 8 27 15 43 1
2052 ORDER 5129 11 38 8 44 2
2052 ORDER 5130 29 18 2 23 0
2052 ORDER 5131 48 3 2 4 0
2053 CANCEL 4799
2053 ORDER 5132 11 5 44 43 0
2053 ORDER 5133 32 23 3 27 0
2054 ORDER 5134 48 35 1 9 0
2054 ORDER 5135 31 17 1 35 0
2054 ORDER 5136 48 41 1 3 0
2055 CANCEL 5044
2055 ORDER 5137 53 6 49 43 2
2055 ORDER 5138 48 39 56 44 0
2055 ORDER 5139 36 17 53 43 0
2056 ORDER 5140 37 8 1 12 0
2056 ORDER 5141 30 30 46 43 0
2057 ORDER 5142 34 26 37 44 0
2057 ORDER 5143 20 12 2 15 0
2058 CANCEL 4833
2058 ORDER 5144 33 8 13 44 2
2058 ORDER 5145 52 41 32 44 2
2058 ORDER 5146 22 6 51 43 0
2059 ORDER 5147 29 17 3 27 3
2059 ORDER 5148 27 26 1 6 0
2060 CANCEL 4734
2060 UNBLOCK 5 6
2060 CANCEL 5076
2060 ORDER 5149 55 17 17 44 0
2060 ORDER 5150 23 8 3 1 0
2060 ORDER 5151 6 3 11 43 3
2061 ORDER 5152 18 9 44 44 3
2061 ORDER 5153 35 27 30 44 2
2061 ORDER 5154 49 23 2 5 0
2062 CANCEL 4756
2062 ORDER 5155 9 24 1 38 0
2062 ORDER 5156 34 31 3 3 1
2063 CANCEL 4715
2063 ORDER 5157 26 6 42 44 0
2063 ORDER 5158 55 18 3 2 1
2063 ORDER 5159 36 18 1 5 3
2064 CANCEL 4890
2064 ORDER 5160 45 24 3 7 0
2064 ORDER 5161 36 5 1 40 1
2065 ORDER 5162 9 14 3 13 0
2065 ORDER 5163 38 41 3 19 0
2066 ORDER 5164 46 30 3 41 0
2066 ORDER 5165 26 18 53 43 0
2066 ORDER 5166 18 5 25 43 1
2067 ORDER 5167 23 14 24 43 0
2067 ORDER 5168 22 38 13 43 0
2068 ORDER 5169 45 39 5 43 1
2068 ORDER 5170 38 18 3 11 0
2068 ORDER 5171 35 30 17 44 1
2069 CANCEL 4773
2069 ORDER 5172 28 35 54 43 1
2069 ORDER 5173 47 36 1 29 0
2069 BLOCK 28 6
2070 CANCEL 5168
2070 ORDER 5174 11 11 1 31 0
2070 ORDER 5175 34 35 2 39 0
2071 ORDER 5176 11 35 33 44 0
2071 ORDER 5177 9 27 1 21 0
2071 ORDER 5178 43 33 26 43 1
2072 ORDER 5179 38 39 1 21 1
2072 ORDER 5180 7 9 3 23 0
2073 ORDER 5181 19 21 3 29 0
2073 ORDER 5182 27 17 1 9 0
2074 ORDER 5183 19 14 2 4 1
2074 ORDER 5184 11 18 24 44 0
2074 ORDER 5185 25 11 2 42 2
2075 ORDER 5186 55 35 25 44 1
2075 ORDER 5187 39 17 2 31 3
2075 ORDER 5188 29 27 3 18 0
2076 ORDER 5189 29 27 17 43 0
2076 ORDER 5190 12 23 1 14 0
2077 ORDER 5191 53 33 1 8 2
2077 ORDER 5192 55 15 2 6 0
2078 ORDER 5193 9 3 1 16 0
2078 ORDER 5194 12 17 3 28 0
2079 ORDER 5195 27 27 2 26 1
2079 ORDER 5196 29 23 28 43 1
2079 ORDER 5197 31 23 1 40 1
2080 CANCEL 4729
2080 ORDER 5198 22 39 3 19 0
2080 ORDER 5199 39 32 1 6 3
2081 CANCEL 5077
2081 ORDER 5200 44 11 1 21 0
2081 ORDER 5201 30 17 2 3 0
2082 ORDER 5202 41 38 2 31 0
2082 ORDER 5203 24 3 56 43 0
2083 CANCEL 5183
2083 ORDER 5204 47 11 14 44 0
2083 ORDER 5205 11 18 1 32 3
2084 CANCEL 5203
2084 ORDER 5206 17 18 47 43 0
2084 ORDER 5207 37 26 3 38 1
2084 BLOCK 54 14
2085 ORDER 5208 11 21 1 25 1
2085 ORDER 5209 34 30 2 10 0
2085 ORDER 5210 14 17 1 34 0
2086 ORDER 5211 14 14 46 43 2
2086 ORDER 5212 25 5 20 43 0
2086 ORDER 5213 37 9 3 21 3
2087 CANCEL 4976
2087 ORDER 5214 26 27 2 18 0
2087 ORDER 5215 53 30 2 30 1
2087 ORDER 5216 52 5 2 14 1
2088 ORDER 5217 23 8 2 4 1
2088 ORDER 5218 25 32 1 6 2
2088 ORDER 5219 9 27 8 44 0
2089 UNBLOCK 30 2
2089 ORDER 5220 10 21 1 44 2
2089 ORDER 5221 10 32 43 44 0
2089 ORDER 5222 35 30 27 43 0
2090 ORDER 5223 26 12 3 13 1
2090 ORDER 5224 6 3 58 44 1
2090 ORDER 5225 52 15 3 22 0
2091 ORDER 5226 10 35 15 44 2
2091 ORDER 5227 51 5 3 40 0
2091 ORDER 5228 35 35 3 35 0
2092 ORDER 5229 26 17 44 44 0
2092 ORDER 5230 51 8 2 30 0
2093 ORDER 5231 33 17 1 23 2
2093 ORDER 5232 33 41 3 23 0
2093 ORDER 5233 13 14 10 43 1
2094 ORDER 5234 26 30 48 44 0
2094 ORDER 5235 45 21 3 14 0
2094 ORDER 5236 42 8 2 24 0
2095 CANCEL 4865
2095 UNBLOCK 19 5
2095 ORDER 5237 17 26 2 28 1
2095 ORDER 5238 34 6 27 43 1
2095 ORDER 5239 11 21 3 43 0
2096 ORDER 5240 26 32 41 43 1
2096 ORDER 5241 19 3 40 44 2
2097 CANCEL 5204
2097 ORDER 5242 44 11 45 43 1
2097 ORDER 5243 19 27 3 8 2
2098 ORDER 5244 22 41 41 44 3
2098 ORDER 5245 18 3 3 9 3
2099 ORDER 5246 28 23 3 30 0
2099 ORDER 5247 24 22 3 3 0
2100 ORDER 5248 35 27 23 43 2
2100 ORDER 5249 49 3 1 3 0
2101 ORDER 5250 10 36 2 44 0
2101 ORDER 5251 16 35 2 41 1
2101 ORDER 5252 36 30 10 43 0
2102 ORDER 5253 7 21 22 43 0
2102 ORDER 5254 12 35 1 4 2
2103 ORDER 5255 41 41 8 44 2
2103 ORDER 5256 26 6 13 43 0
2104 CANCEL 4837
2104 ORDER 5257 29 24 1 10 3
2104 ORDER 5258 28 27 1 18 0
2105 ORDER 5259 36 18 3 8 2
2105 ORDER 5260 41 6 1 39 0
2105 ORDER 5261 8 35 51 43 0
2106 ORDER 5262 27 30 1 5 0
2106 ORDER 5263 43 41 3 16 3
2107 UNBLOCK 28 6
2107 ORDER 5264 13 39 51 43 0
2107 ORDER 5265 19 33 36 44 0
2108 CANCEL 4856
2108 ORDER 5266 39 24 10 43 1
2108 ORDER 5267 13 8 10 44 0
2109 ORDER 5268 12 3 33 44 1
2109 ORDER 5269 44 41 1 3 0
2110 ORDER 5270 19 6 1 39 0
2110 ORDER 5271 38 38 2 23 0
2110 ORDER 5272 42 32 12 43 0
2111 ORDER 5273 17 36 22 43 1
2111 ORDER 5274 15 33 3 9 0
2112 CANCEL 4881
2112 ORDER 5275 30 21 2 34 1
2112 ORDER 5276 15 9 3 33 0
2112 ORDER 5277 18 21 1 16 0
2113 ORDER 5278 36 26 48 44 1
2113 ORDER 5279 9 8 56 44 2
2113 ORDER 5280 22 36 3 27 0
2114 ORDER 5281 16 18 3 39 0
2114 ORDER 5282 12 6 2 30 1
2114 ORDER 5283 28 17 2 24 2
2114 BLOCK 51 35
2115 CANCEL 5160
2115 ORDER 5284 14 24 2 43 0
2115 ORDER 5285 50 20 55 43 1
2116 ORDER 5286 16 24 50 44 3
2116 ORDER 5287 35 18 2 17 1
2116 ORDER 5288 43 33 3 28 0
2117 ORDER 5289 18 8 2 19 1
2117 ORDER 5290 9 41 1 2 1
2118 ORDER 5291 23 41 34 44 0
2118 ORDER 5292 31 20 1 28 0
2119 ORDER 5293 36 12 1 31 0
2119 ORDER 5294 51 6 2 43 0
2120 ORDER 5295 34 33 54 43 0
2120 ORDER 5296 39 24 2 40 2
2120 ORDER 5297 50 32 1 5 1
2121 ORDER 5298 36 29 2 11 1
2121 ORDER 5299 49 12 2 5 0
2122 CANCEL 5070
2122 ORDER 5300 26 11 35 43 0
2122 ORDER 5301 54 27 1 26 0
2122 ORDER 5302 7 18 2 29 1
2123 CANCEL 5104
2123 ORDER 5303 30 12 53 44 0
2123 ORDER 5304 20 30 19 44 0
2124 ORDER 5305 55 11 2 15 0
2124 ORDER 5306 19 32 4 44 0
2124 ORDER 5307 8 26 2 42 0
2125 ORDER 5308 43 3 1 5 0
2125 ORDER 5309 43 35 3 8 2
2126 ORDER 5310 11 26 2 4 0
2126 ORDER 5311 6 30 7 44 1
2127 CANCEL 5200
2127 ORDER 5312 40 5 43 44 1
2127 ORDER 5313 41 14 1 14 0
2127 ORDER 5314 11 27 2 11 0
2128 ORDER 5315 23 39 2 10 0
2128 ORDER 5316 7 21 2 21 2
2129 CANCEL 4981
2129 CANCEL 5196
2129 ORDER 5317 36 30 54 44 0
2129 ORDER 5318 20 41 54 43 0
2130 ORDER 5319 29 14 2 21 1
2130 ORDER 5320 51 20 49 43 0
2130 ORDER 5321 16 21 1 20 0
2131 ORDER 5322 45 24 1 6 0
2131 ORDER 5323 36 26 1 14 0
2131 ORDER 5324 45 41 2 40 1
2132 CANCEL 5056
2132 ORDER 5325 51 23 17 44 2
2132 ORDER 5326 37 23 2 9 1
2133 UNBLOCK 54 14
2133 ORDER 5327 11 32 2 44 2
2133 ORDER 5328 14 24 3 40 0
2134 ORDER 5329 38 32 3 40 0
2134 ORDER 5330 17 15 3 22 0
2134 ORDER 5331 49 38 37 43 0
2135 ORDER 5332 42 27 56 43 1
2135 ORDER 5333 8 32 1 28 0
2135 ORDER 5334 48 32 24 43 0
2136 CANCEL 4841
2136 ORDER 5335 18 15 19 43 1
2136 ORDER 5336 17 33 21 43 0
2136 ORDER 5337 55 21 1 33 0
2136 BLOCK 22 1
2137 CANCEL 4944
2137 ORDER 5338 43 29 1 1 1
2137 ORDER 5339 13 5 1 21 1
2137 ORDER 5340 30 24 2 12 0
2138 CANCEL 5094
2138 ORDER 5341 43 30 2 32 0
2138 ORDER 5342 50 41 37 44 0
2138 ORDER 5343 18 40 3 39 2
2139 ORDER 5344 27 12 38 44 0
2139 ORDER 5345 43 27 43 44 1
2139 ORDER 5346 22 6 1 28 0
2140 CANCEL 4977
2140 CANCEL 5300
2140 ORDER 5347 40 14 3 13 0
2140 ORDER 5348 26 11 52 43 0
2140 ORDER 5349 46 36 15 43 0
2141 ORDER 5350 26 15 3 27 0
2141 ORDER 5351 8 9 2 28 1
2141 ORDER 5352 47 30 3 25 0
2142 ORDER 5353 20 27 28 44 0
2142 ORDER 5354 15 9 55 44 0
2142 ORDER 5355 41 3 1 37 1
2143 ORDER 5356 17 33 2 29 0
2143 ORDER 5357 14 38 2 37 0
2143 ORDER 5358 48 15 3 34 0
2144 ORDER 5359 9 21 2 33 0
2144 ORDER 5360 7 38 1 22 1
2145 ORDER 5361 36 24 2 21 1
2145 ORDER 5362 43 32 3 30 0
2145 ORDER 5363 28 39 2 14 0
2146 ORDER 5364 48 20 2 4 3
2146 ORDER 5365 48 33 31 44 0
2147 ORDER 5366 39 24 4 44 0
2147 ORDER 5367 8 23 1 13 0
2147 ORDER 5368 35 33 29 44 0
2148 ORDER 5369 12 32 57 44 0
2148 ORDER 5370 43 11 36 43 1
2148 ORDER 5371 37 9 2 26 0
2149 ORDER 5372 33 6 1 3 0
2149 ORDER 5373 53 11 3 28 1
2150 CANCEL 4888
2150 ORDER 5374 17 9 1 25 1
2150 ORDER 5375 51 11 2 34 0
2150 ORDER 5376 28 3 33 43 0
2151 CANCEL 4988
2151 ORDER 5377 16 20 41 43 1
2151 ORDER 5378 12 21 52 43 0
2151 ORDER 5379 19 12 2 35 1
2152 CANCEL 4987
2152 ORDER 5380 48 8 2 40 2
2152 ORDER 5381 52 37 31 43 0
2152 ORDER 5382 11 14 3 44 1
2153 CANCEL 5039
2153 ORDER 5383 23 38 2 36 0
2153 ORDER 5384 9 12 2 23 1
2154 CANCEL 5255
2154 ORDER 5385 54 36 2 16 0
2154 ORDER 5386 17 8 2 21 0
2155 ORDER 5387 27 32 1 14 1
2155 ORDER 5388 41 36 3 10 0
2156 ORDER 5389 41 39 2 9 0
2156 ORDER 5390 13 38 5 43 1
2157 ORDER 5391 14 20 58 44 0
2157 ORDER 5392 44 9 9 44 0
2158 ORDER 5393 23 38 5 43 0
2158 ORDER 5394 34 29 26 43 1
2158 ORDER 5395 16 41 24 44 0
2159 CANCEL 5012
2159 ORDER 5396 49 23 2 30 0
2159 ORDER 5397 30 20 11 44 0
2160 ORDER 5398 10 33 29 44 0
2160 ORDER 5399 10 8 1 23 0
2160 ORDER 5400 14 27 27 44 0
2160 BLOCK 46 39
2161 ORDER 5401 25 20 21 43 0
2161 ORDER 5402 30 3 32 43 0
2161 ORDER 5403 54 6 53 43 2
2162 ORDER 5404 44 33 2 38 0
2162 ORDER 5405 30 18 2 8 0
2162 ORDER 5406 54 30 3 32 1
2163 ORDER 5407 54 30 44 43 0
2163 ORDER 5408 49 33 3 15 1
2163 ORDER 5409 48 18 3 20 2
2164 ORDER 5410 51 41 1 10 0
2164 ORDER 5411 17 24 2 36 0
2165 ORDER 5412 52 39 2 30 0
2165 ORDER 5413 53 8 28 43 0
2166 CANCEL 5121
2166 CANCEL 5354
2166 ORDER 5414 52 36 32 43 0
2166 ORDER 5415 27 39 2 12 3
2166 ORDER 5416 18 8 29 43 3
2167 CANCEL 5151
2167 ORDER 5417 20 6 18 43 0
2167 ORDER 5418 43 17 1 27 0
2168 ORDER 5419 51 27 16 43 2
2168 ORDER 5420 14 36 3 34 0
2169 ORDER 5421 29 8 40 43 0
2169 ORDER 5422 20 41 2 43 0
2170 ORDER 5423 20 17 3 12 1
2170 ORDER 5424 39 14 2 38 2
2171 ORDER 5425 16 8 1 13 0
2171 ORDER 5426 20 8 1 26 3
2172 ORDER 5427 18 6 5 44 3
2172 ORDER 5428 34 35 21 43 2
2173 CANCEL 5210
2173 ORDER 5429 35 39 2 1 0
2173 ORDER 5430 44 14 19 44 0
2174 ORDER 5431 33 30 3 1 0
2174 ORDER 5432 10 12 31 43 1
2174 ORDER 5433 7 6 1 26 0
2175 ORDER 5434 37 18 14 43 0
2175 ORDER 5435 40 6 2 27 0
2175 ORDER 5436 49 33 2 32 3
2176 UNBLOCK 45 42
2176 ORDER 5437 12 6 1 29 2
2176 ORDER 5438 26 11 11 43 0
2177 ORDER 5439 54 18 2 40 0
2177 ORDER 5440 28 21 1 1 1
2177 ORDER 5441 48 27 35 44 0
2178 ORDER 5442 29 27 3 25 0
2178 ORDER 5443 25 27 1 35 3
2178 ORDER 5444 10 33 11 44 0
2179 ORDER 5445 30 30 2 8 0
2179 ORDER 5446 20 22 35 44 1
2180 CANCEL 5114
2180 ORDER 5447 11 24 49 43 0
2180 ORDER 5448 31 23 1 1 0
2181 ORDER 5449 47 24 3 20 0
2181 ORDER 5450 31 21 15 43 0
2181 ORDER 5451 47 15 2 20 3
2182 ORDER 5452 8 12 18 44 0
2182 ORDER 5453 55 14 3 15 1
2183 ORDER 5454 24 3 35 44 2
2183 ORDER 5455 20 9 47 44 0
2183 ORDER 5456 23 36 1 34 1
2184 ORDER 5457 31 8 2 28 0
2184 ORDER 5458 17 26 16 44 1
2185 ORDER 5459 8 41 2 16 0
2185 ORDER 5460 27 30 13 44 0
2185 ORDER 5461 44 39 1 35 3
2186 CANCEL 5101
2186 ORDER 5462 14 26 3 1 0
2186 ORDER 5463 47 30 6 43 0
2186 ORDER 5464 33 23 1 14 0
2187 CANCEL 4980
2187 ORDER 5465 27 6 57 43 1
2187 ORDER 5466 24 33 26 44 0
2188 ORDER 5467 29 38 44 44 1
2188 ORDER 5468 29 3 1 12 1
2188 ORDER 5469 47 20 14 43 0
2189 ORDER 5470 48 32 1 4 0
2189 ORDER 5471 38 27 2 44 0
2189 ORDER 5472 34 29 2 12 2
2190 ORDER 5473 29 41 44 44 0
2190 ORDER 5474 12 5 1 17 1
2190 ORDER 5475 32 38 29 43 0
2191 CANCEL 5409
2191 ORDER 5476 8 23 3 9 2
2191 ORDER 5477 20 18 53 43 0
2192 ORDER 5478 15 18 52 43 1
2192 ORDER 5479 7 3 56 43 1
2193 CANCEL 5327
2193 ORDER 5480 46 30 2 13 2
2193 ORDER 5481 6 24 3 29 3
2194 CANCEL 5128
2194 ORDER 5482 29 8 47 43 0
2194 ORDER 5483 38 15 26 44 0
2194 ORDER 5484 46 9 47 44 3
2195 ORDER 5485 9 20 52 43 0
2195 ORDER 5486 10 21 1 37 0
2195 ORDER 5487 47 27 2 9 0
2196 ORDER 5488 6 39 2 29 2
2196 ORDER 5489 36 29 58 43 0
2196 ORDER 5490 17 9 3 33 0
2197 ORDER 5491 33 39 1 24 0
2197 ORDER 5492 46 29 1 36 0
2197 ORDER 5493 41 41 26 43 0
2198 ORDER 5494 18 35 2 2 0
2198 ORDER 5495 31 36 34 43 0
2198 ORDER 5496 6 26 3 32 3
2199 ORDER 5497 10 39 8 44 1
2199 ORDER 5498 7 39 3 40 0
2200 ORDER 5499 31 11 2 30 0
2200 ORDER 5500 36 27 1 41 0
2200 ORDER 5501 12 39 3 37 0
2201 CANCEL 5132
2201 CANCEL 5182
2201 ORDER 5502 17 3 51 43 1
2201 ORDER 5503 6 32 15 43 0
2201 ORDER 5504 28 11 2 13 0
2202 ORDER 5505 50 5 1 9 1
2202 ORDER 5506 30 24 2 2 0
2203 CANCEL 5353
2203 ORDER 5507 53 29 1 8 0
2203 ORDER 5508 16 6 56 44 1
2204 ORDER 5509 35 33 21 43 0
2204 ORDER 5510 33 39 2 13 0
2204 ORDER 5511 11 24 47 44 1
2205 ORDER 5512 49 23 4 43 0
2205 ORDER 5513 48 5 3 20 1
2205 ORDER 5514 51 21 21 44 2
2206 CANCEL 5447
2206 ORDER 5515 48 12 2 13 0
2206 ORDER 5516 13 36 52 44 1
2206 ORDER 5517 8 35 3 12 2
2207 ORDER 5518 54 29 2 24 1
2207 ORDER 5519 17 11 2 17 0
2208 CANCEL 5193
2208 ORDER 5520 36 20 3 28 0
2208 ORDER 5521 9 18 6 43 0
2209 UNBLOCK 51 35
2209 CANCEL 5521
2209 ORDER 5522 31 27 47 44 0
2209 ORDER 5523 50 23 52 44 0
2210 ORDER 5524 7 35 51 44 0
2210 ORDER 5525 12 3 1 22 0
2210 ORDER 5526 7 39 3 25 1
2211 ORDER 5527 41 35 31 43 0
2211 ORDER 5528 47 20 1 22 0
2212 ORDER 5529 41 36 1 38 0
2212 ORDER 5530 18 32 2 32 0
2212 ORDER 5531 48 8 3 18 0
2213 ORDER 5532 49 23 16 43 0
2213 ORDER 5533 7 8 2 39 1
2213 ORDER 5534 16 35 1 42 1
2214 ORDER 5535 52 39 1 19 1
2214 ORDER 5536 33 39 44 44 0
2214 ORDER 5537 23 36 20 44 0
2215 ORDER 5538 36 23 2 7 1
2215 ORDER 5539 24 36 3 27 0
2215 ORDER 5540 6 6 3 30 0
2216 ORDER 5541 46 12 2 1 0
2216 ORDER 5542 55 5 2 30 0
2216 ORDER 5543 41 3 55 44 0
2217 CANCEL 5325
2217 ORDER 5544 11 5 1 35 1
2217 ORDER 5545 43 35 20 44 1
2217 ORDER 5546 24 23 2 1 1
2218 ORDER 5547 7 30 39 43 1
2218 ORDER 5548 36 21 31 44 0
2219 CANCEL 5057
2219 ORDER 5549 22 41 2 22 0
2219 ORDER 5550 44 32 3 41 0
2220 ORDER 5551 48 20 1 17 0
2220 ORDER 5552 9 11 3 39 1
2221 ORDER 5553 6 21 26 44 2
2221 ORDER 5554 12 38 52 44 2
2222 ORDER 5555 55 3 28 44 0
2222 ORDER 5556 46 18 35 43 0
2223 ORDER 5557 43 36 24 44 0
2223 ORDER 5558 12 6 3 21 0
2224 ORDER 5559 55 20 8 44 0
2224 ORDER 5560 30 39 3 7 0
2224 ORDER 5561 40 39 54 44 0
2225 ORDER 5562 44 35 3 14 2
2225 ORDER 5563 7 41 26 44 1
2225 ORDER 5564 38 18 3 16 1
2226 ORDER 5565 55 26 24 44 0
2226 ORDER 5566 21 36 3 32 0
2226 ORDER 5567 17 21 2 43 1
2227 CANCEL 5192
2227 ORDER 5568 45 20 2 5 2
2227 ORDER 5569 17 36 22 43 1
2227 ORDER 5570 19 29 2 13 0
2228 CANCEL 5171
2228 ORDER 5571 34 39 3 7 0
2228 ORDER 5572 37 11 29 44 0
2228 ORDER 5573 12 41 32 44 1
2229 ORDER 5574 11 11 12 44 0
2229 ORDER 5575 53 41 2 13 0
2229 ORDER 5576 24 9 1 43 0
2230 CANCEL 5369
2230 ORDER 5577 18 41 1 18 0
2230 ORDER 5578 38 11 2 13 0
2231 ORDER 5579 46 12 48 43 2
2231 ORDER 5580 41 33 2 4 0
2232 CANCEL 5127
2232 ORDER 5581 34 33 30 43 0
2232 ORDER 5582 37 18 53 43 0
2232 ORDER 5583 50 12 29 44 2
2233 ORDER 5584 25 20 14 43 0
2233 ORDER 5585 21 3 33 44 1
2234 ORDER 5586 47 18 52 43 0
2234 ORDER 5587 46 35 2 12 0
2235 ORDER 5588 49 35 3 36 1
2235 ORDER 5589 19 14 20 43 0
2236 ORDER 5590 33 17 40 43 2
2236 ORDER 5591 34 32 1 24 0
2237 CANCEL 5565
2237 ORDER 5592 50 6 8 43 3
2237 ORDER 5593 45 33 2 1 2
2237 ORDER 5594 32 41 29 44 1
2238 ORDER 5595 51 41 6 44 0
2238 ORDER 5596 16 11 50 44 0
2238 ORDER 5597 34 36 3 7 1
2239 CANCEL 5310
2239 ORDER 5598 31 3 38 43 0
2239 ORDER 5599 28 33 1 26 2
2239 ORDER 5600 7 23 3 22 1
2240 ORDER 5601 40 23 3 34 1
2240 ORDER 5602 23 21 10 43 0
2240 ORDER 5603 54 20 42 43 1
2241 ORDER 5604 29 23 3 5 1
2241 ORDER 5605 43 38 3 21 0
2241 ORDER 5606 39 12 3 27 0
2242 ORDER 5607 7 11 1 3 0
2242 ORDER 5608 35 41 31 44 0
2242 ORDER 5609 32 9 14 44 0
2243 ORDER 5610 19 32 43 44 0
2243 ORDER 5611 9 3 29 44 0
2243 ORDER 5612 44 41 45 44 1
2244 ORDER 5613 29 23 1 17 0
2244 ORDER 5614 19 17 17 44 0
2244 ORDER 5615 51 23 6 43 0
2245 CANCEL 5528
2245 ORDER 5616 44 29 11 44 0
2245 ORDER 5617 39 36 53 43 0
2246 ORDER 5618 52 15 2 27 2
2246 ORDER 5619 30 39 18 44 0
2246 ORDER 5620 55 14 1 32 0
2247 ORDER 5621 6 35 1 2 1
2247 ORDER 5622 49 6 1 5 0
2247 ORDER 5623 8 23 1 16 0
2248 ORDER 5624 7 41 23 44 1
2248 ORDER 5625 22 3 2 24 1
2248 ORDER 5626 20 30 2 25 0
2249 CANCEL 5256
2249 ORDER 5627 24 23 2 40 0
2249 ORDER 5628 18 18 1 3 0
2249 ORDER 5629 38 5 34 44 0
2250 CANCEL 5217
2250 ORDER 5630 41 5 1 43 0
2250 ORDER 5631 18 38 58 43 1
2250 ORDER 5632 27 30 3 12 0
2251 CANCEL 5201
2251 CANCEL 5493
2251 ORDER 5633 52 21 22 44 1
2251 ORDER 5634 27 35 7 44 0
2251 ORDER 5635 16 18 52 44 0
2252 ORDER 5636 37 35 6 44 0
2252 ORDER 5637 42 23 2 3 0
2252 ORDER 5638 8 3 20 44 0
2253 ORDER 5639 12 41 2 32 0
2253 ORDER 5640 17 12 2 11 2
2253 ORDER 5641 30 20 16 44 0
2254 CANCEL 5350
2254 ORDER 5642 35 12 2 7 1
2254 ORDER 5643 9 26 1 43 0
2254 ORDER 5644 7 32 22 43 0
2255 ORDER 5645 7 12 34 43 0
2255 ORDER 5646 40 41 3 16 0
2255 ORDER 5647 28 21 2 14 0
2256 ORDER 5648 39 18 53 43 1
2256 ORDER 5649 52 27 46 43 2
2257 UNBLOCK 22 1
2257 ORDER 5650 26 20 1 24 0
2257 ORDER 5651 10 14 45 44 0
2258 ORDER 5652 45 18 29 44 0
2258 ORDER 5653 43 29 1 42 0
2259 CANCEL 5238
2259 ORDER 5654 18 18 1 26 0
2259 ORDER 5655 7 32 1 18 1
2259 ORDER 5656 10 38 1 35 0
2260 ORDER 5657 22 20 3 36 0
2260 ORDER 5658 14 29 24 43 0
2261 ORDER 5659 7 8 26 44 0
2261 ORDER 5660 7 30 2 44 1
2261 ORDER 5661 23 21 50 43 0
2262 CANCEL 5363
2262 ORDER 5662 22 5 32 43 0
2262 ORDER 5663 6 29 12 44 0
2262 ORDER 5664 21 5 3 44 0
2263 CANCEL 5505
2263 CANCEL 5639
2263 ORDER 5665 28 35 29 43 0
2263 ORDER 5666 10 6 43 43 0
2264 ORDER 5667 47 12 1 23 0
2264 ORDER 5668 49 20 42 43 0
2265 CANCEL 5199
2265 ORDER 5669 14 18 2 43 0
2265 ORDER 5670 16 32 10 43 0
2265 ORDER 5671 12 8 1 6 0
2266 ORDER 5672 37 15 1 18 0
2266 ORDER 5673 30 23 45 44 0
2267 CANCEL 5394
2267 ORDER 5674 14 15 3 42 0
2267 ORDER 5675 52 14 47 44 1
2267 ORDER 5676 14 12 1 15 0
2268 CANCEL 5275
2268 ORDER 5677 16 33 2 22 2
2268 ORDER 5678 9 8 2 2 0
2269 ORDER 5679 19 29 2 25 0
2269 ORDER 5680 36 12 2 15 1
2270 CANCEL 5188
2270 CANCEL 5448
2270 ORDER 5681 28 9 2 11 0
2270 ORDER 5682 11 5 9 43 3
2270 ORDER 5683 39 5 3 32 0
2271 ORDER 5684 24 11 30 44 0
2271 ORDER 5685 45 11 57 43 0
2271 ORDER 5686 38 24 1 22 1
2272 ORDER 5687 37 30 3 41 1
2272 ORDER 5688 24 41 42 44 1
2273 ORDER 5689 39 12 47 43 0
2273 ORDER 5690 32 3 10 44 2
2273 ORDER 5691 13 30 7 43 0
2274 ORDER 5692 48 17 3 23 1
2274 ORDER 5693 15 24 1 21 0
2274 ORDER 5694 52 11 26 44 0
2275 ORDER 5695 26 18 43 43 0
2275 ORDER 5696 55 17 55 44 0
2276 ORDER 5697 40 41 2 23 0
2276 ORDER 5698 13 23 17 43 0
2277 ORDER 5699 22 32 2 9 3
2277 ORDER 5700 37 17 5 44 0
2278 ORDER 5701 50 8 21 44 1
2278 ORDER 5702 55 20 2 3 0
2279 ORDER 5703 12 5 1 31 0
2279 ORDER 5704 11 21 45 43 3
2279 ORDER 5705 8 5 6 43 0
2280 ORDER 5706 39 11 25 43 0
2280 ORDER 5707 39 18 2 22 0
2281 ORDER 5708 47 5 49 44 1
2281 ORDER 5709 20 11 53 44 0
2282 ORDER 5710 35 24 2 39 1
2282 ORDER 5711 33 24 52 44 0
2283 ORDER 5712 42 17 35 43 1
2283 ORDER 5713 31 6 3 36 3
2284 ORDER 5714 30 18 3 22 1
2284 ORDER 5715 42 36 3 38 1
2284 ORDER 5716 55 41 44 43 0
2285 ORDER 5717 14 18 6 44 0
2285 ORDER 5718 40 14 3 5 3
2286 CANCEL 5227
2286 CANCEL 5365
2286 ORDER 5719 35 12 42 43 0
2286 ORDER 5720 7 23 3 12 3
2287 ORDER 5721 16 21 2 30 1
2287 ORDER 5722 11 36 37 43 0
2288 ORDER 5723 50 30 1 41 3
2288 ORDER 5724 41 18 36 43 3
2288 ORDER 5725 41 15 3 33 0
2288 CANCEL 105725
2289 CANCEL 5592
2289 ORDER 5726 25 26 2 30 0
2289 ORDER 5727 9 38 1 15 0
2290 ORDER 5728 26 30 3 29 0
2290 ORDER 5729 16 11 1 38 0
2290 ORDER 5730 43 32 3 18 0
2291 ORDER 5731 42 21 2 2 0
2291 ORDER 5732 11 24 35 44 0
2291 ORDER 5733 11 38 2 16 2
2292 ORDER 5734 8 5 14 43 0
2292 ORDER 5735 14 24 3 16 2
2293 ORDER 5736 11 29 3 9 3
2293 ORDER 5737 17 14 2 10 0
2294 ORDER 5738 49 35 49 43 0
2294 ORDER 5739 29 21 17 44 1
2295 CANCEL 5251
2295 ORDER 5740 26 8 20 43 0
2295 ORDER 5741 6 17 2 42 0
2296 CANCEL 5547
2296 ORDER 5742 45 30 2 34 2
2296 ORDER 5743 49 18 30 43 0
2296 ORDER 5744 46 18 3 29 2
2297 CANCEL 5614
2297 ORDER 5745 17 3 28 44 0
2297 ORDER 5746 24 24 3 23 0
2298 ORDER 5747 36 32 2 6 2
2298 ORDER 5748 16 9 40 44 0
2298 ORDER 5749 42 3 38 43 1
2299 ORDER 5750 28 9 2 27 1
2299 ORDER 5751 11 21 58 43 0
2300 ORDER 5752 12 38 1 25 0
2300 ORDER 5753 37 35 2 24 0
2300 ORDER 5754 17 15 2 7 0
2301 ORDER 5755 18 6 1 1 0
2301 ORDER 5756 26 9 11 43 1
2301 ORDER 5757 25 11 9 43 0
2302 UNBLOCK 46 39
2302 ORDER 5758 8 39 41 43 1
2302 ORDER 5759 54 9 3 8 1
2303 ORDER 5760 7 39 3 11 0
2303 ORDER 5761 52 26 3 20 0
2304 CANCEL 5442
2304 ORDER 5762 32 36 2 13 2
2304 ORDER 5763 18 24 52 43 3
2305 ORDER 5764 27 32 2 11 1
2305 ORDER 5765 7 10 9 43 0
2305 ORDER 5766 41 6 32 44 0
2306 ORDER 5767 12 12 14 43 2
2306 ORDER 5768 36 9 1 8 0
2306 ORDER 5769 10 6 44 43 0
2307 CANCEL 5432
2307 ORDER 5770 10 9 46 44 0
2307 ORDER 5771 13 8 2 42 0
2308 CANCEL 5590
2308 ORDER 5772 23 17 32 43 0
2308 ORDER 5773 40 20 3 10 1
2308 ORDER 5774 11 20 3 12 1
2309 ORDER 5775 19 8 3 25 2
2309 ORDER 5776 30 29 29 43 1
2309 ORDER 5777 24 21 8 44 2
2310 ORDER 5778 30 39 2 34 3
2310 ORDER 5779 29 27 1 14 2
2311 CANCEL 5532
2311 ORDER 5780 7 35 1 26 2
2311 ORDER 5781 29 35 1 29 2
2312 ORDER 5782 33 30 36 44 0
2312 ORDER 5783 12 5 2 27 1
2312 ORDER 5784 55 9 1 2 1
2313 CANCEL 5383
2313 ORDER 5785 7 11 3 39 0
2313 ORDER 5786 35 12 2 11 0
2314 CANCEL 5673
2314 ORDER 5787 34 36 2 35 1
2314 ORDER 5788 50 38 34 43 0
2315 ORDER 5789 10 15 3 11 0
2315 ORDER 5790 36 23 35 44 0
2316 ORDER 5791 18 5 1 7 0
2316 ORDER 5792 29 23 13 43 3
2317 ORDER 5793 20 30 14 44 0
2317 ORDER 5794 47 23 3 13 0
2318 ORDER 5795 46 12 23 44 3
2318 ORDER 5796 19 20 2 1 0
2319 ORDER 5797 38 23 3 44 1
2319 ORDER 5798 20 8 2 22 0
2320 ORDER 5799 7 32 2 22 0
2320 ORDER 5800 39 6 34 43 0
2320 ORDER 5801 27 35 2 26 1
2321 CANCEL 5526
2321 CANCEL 5535
2321 ORDER 5802 49 3 35 44 1
2321 ORDER 5803 20 6 2 18 0
2321 ORDER 5804 52 21 39 44 1
2322 ORDER 5805 37 26 2 41 0
2322 ORDER 5806 24 38 24 44 2
2322 ORDER 5807 30 21 1 39 0
2323 ORDER 5808 17 9 2 37 0
2323 ORDER 5809 51 23 2 37 0
2323 ORDER 5810 52 12 1 1 0
2324 ORDER 5811 38 33 56 44 1
2324 ORDER 5812 39 27 2 15 1
2324 ORDER 5813 54 18 39 43 0
2325 CANCEL 5543
2325 CANCEL 5775
2325 ORDER 5814 18 17 1 38 1
2325 ORDER 5815 42 36 2 39 0
2326 ORDER 5816 47 26 3 16 0
2326 ORDER 5817 39 41 44 43 0
2326 ORDER 5818 14 26 1 14 2
2327 ORDER 5819 7 7 3 5 0
2327 ORDER 5820 9 21 3 44 0
2327 ORDER 5821 20 33 15 44 2
2328 ORDER 5822 48 14 1 43 0
2328 ORDER 5823 50 32 35 44 0
2328 ORDER 5824 7 18 35 43 0
2329 ORDER 5825 25 32 2 10 0
2329 ORDER 5826 28 11 38 43 3
2330 ORDER 5827 53 27 2 15 0
2330 ORDER 5828 17 14 25 43 1
2330 ORDER 5829 30 26 2 12 0
2331 ORDER 5830 40 11 49 44 0
2331 ORDER 5831 16 30 18 43 2
2331 ORDER 5832 9 30 43 43 0
2332 ORDER 5833 14 24 1 15 0
2332 ORDER 5834 10 41 25 44 2
2332 ORDER 5835 19 3 48 43 0
2333 ORDER 5836 21 32 31 44 0
2333 ORDER 5837 17 41 5 44 0
2333 ORDER 5838 33 6 2 3 0
2334 CANCEL 5434
2334 CANCEL 5610
2334 ORDER 5839 10 12 6 44 0
2334 ORDER 5840 7 8 47 43 0
2335 ORDER 5841 12 6 3 28 1
2335 ORDER 5842 9 17 3 31 3
2336 ORDER 5843 17 14 29 44 2
2336 ORDER 5844 30 29 2 26 0
2336 ORDER 5845 42 33 2 17 0
2337 ORDER 5846 28 8 12 44 0
2337 ORDER 5847 13 39 32 44 1
2337 ORDER 5848 48 35 41 44 1
2338 ORDER 5849 23 41 49 43 1
2338 ORDER 5850 19 14 3 10 0
2339 CANCEL 5744
2339 ORDER 5851 9 21 3 4 1
2339 ORDER 5852 33 8 33 44 0
2339 ORDER 5853 23 15 3 5 2
2340 ORDER 5854 29 5 2 8 2
2340 ORDER 5855 6 15 2 32 0
2341 ORDER 5856 10 30 12 44 0
2341 ORDER 5857 19 17 2 15 0
2342 ORDER 5858 20 33 3 41 3
2342 ORDER 5859 20 17 3 34 0
2343 CANCEL 5574
2343 ORDER 5860 12 12 36 43 1
2343 ORDER 5861 35 12 3 34 1
2343 ORDER 5862 19 21 42 43 0
2344 ORDER 5863 51 24 13 43 0
2344 ORDER 5864 36 33 37 43 0
2345 ORDER 5865 10 29 2 17 0
2345 ORDER 5866 43 3 2 9 0
2345 ORDER 5867 55 15 3 2 0
2346 ORDER 5868 25 26 37 43 0
2346 ORDER 5869 48 35 54 43 0
2347 CANCEL 5377
2347 ORDER 5870 7 21 46 44 0
2347 ORDER 5871 30 8 6 44 3
2347 ORDER 5872 46 35 3 20 0
2348 ORDER 5873 12 39 34 43 1
2348 ORDER 5874 28 21 3 1 2
2348 ORDER 5875 16 41 2 34 1
2349 ORDER 5876 9 33 16 44 1
2349 ORDER 5877 34 41 11 44 0
2349 ORDER 5878 13 15 1 1 0
2350 ORDER 5879 46 38 3 42 0
2350 ORDER 5880 47 24 1 24 1
2350 ORDER 5881 23 12 1 29 0
2351 ORDER 5882 54 35 12 44 0
2351 ORDER 5883 38 21 10 44 0
2351 ORDER 5884 19 5 2 28 2
2352 ORDER 5885 10 29 10 44 0
2352 ORDER 5886 11 29 3 42 2
2352 ORDER 5887 35 39 25 44 2
2353 CANCEL 5855
2353 ORDER 5888 11 15 1 40 0
2353 ORDER 5889 18 32 10 44 1
2353 ORDER 5890 34 29 35 43 0
2354 ORDER 5891 11 6 23 44 2
2354 ORDER 5892 43 30 39 44 1
2355 ORDER 5893 43 24 3 35 0
2355 ORDER 5894 27 15 13 44 0
2355 ORDER 5895 40 17 12 44 1
2356 ORDER 5896 9 11 3 7 0
2356 ORDER 5897 28 8 1 33 1
2357 CANCEL 5561
2357 ORDER 5898 54 26 50 44 2
2357 ORDER 5899 43 35 26 43 0
2357 ORDER 5900 41 41 1 13 0
2358 CANCEL 5818
2358 ORDER 5901 11 8 24 43 0
2358 ORDER 5902 53 33 35 44 0
2359 ORDER 5903 20 25 20 43 0
2359 ORDER 5904 14 3 3 38 1
2359 ORDER 5905 33 24 29 44 0
2360 CANCEL 5408
2360 ORDER 5906 30 12 2 15 0
2360 ORDER 5907 29 21 47 43 0
2361 ORDER 5908 21 26 1 25 1
2361 ORDER 5909 49 35 1 11 0
2361 ORDER 5910 17 21 2 22 0
2362 ORDER 5911 12 32 33 44 1
2362 ORDER 5912 25 30 2 15 0
2362 BLOCK 18 5
2363 ORDER 5913 13 23 58 44 0
2363 ORDER 5914 35 35 2 24 2
2363 ORDER 5915 37 20 11 44 1
2364 CANCEL 5621
2364 ORDER 5916 9 11 39 44 1
2364 ORDER 5917 45 20 2 2 0
2364 ORDER 5918 36 21 1 33 0
2365 ORDER 5919 43 27 3 8 0
2365 ORDER 5920 22 32 2 33 0
2365 ORDER 5921 6 18 2 2 1
2366 CANCEL 5546
2366 ORDER 5922 31 41 29 43 0
2366 ORDER 5923 43 39 3 4 1
2366 ORDER 5924 43 36 2 35 0
2367 ORDER 5925 17 21 2 16 0
2367 ORDER 5926 18 41 18 44 1
2368 ORDER 5927 41 6 2 40 0
2368 ORDER 5928 43 29 17 43 3
2369 ORDER 5929 10 35 17 43 2
2369 ORDER 5930 14 36 1 38 0
2369 ORDER 5931 20 26 3 36 0
2370 ORDER 5932 27 23 1 12 0
2370 ORDER 5933 9 12 2 8 0
2370 ORDER 5934 11 24 3 14 1
2371 ORDER 5935 16 21 3 39 0
2371 ORDER 5936 10 41 14 43 0
2372 ORDER 5937 9 11 1 7 1
2372 ORDER 5938 19 23 37 44 0
2373 ORDER 5939 17 6 47 44 0
2373 ORDER 5940 18 17 1 20 2
2373 ORDER 5941 46 29 1 6 0
2373 CANCEL 105941
2374 ORDER 5942 52 15 11 44 1
2374 ORDER 5943 46 21 1 25 0
2375 ORDER 5944 44 27 3 41 1
2375 ORDER 5945 13 6 2 31 0
2376 ORDER 5946 16 18 2 24 0
2376 ORDER 5947 22 3 27 43 1
2376 ORDER 5948 17 18 3 32 0
2377 CANCEL 5453
2377 ORDER 5949 18 11 1 21 0
2377 ORDER 5950 30 18 45 44 0
2378 CANCEL 5629
2378 CANCEL 5699
2378 ORDER 5951 8 24 3 1 0
2378 ORDER 5952 11 36 1 44 0
2379 ORDER 5953 37 32 3 7 3
2379 ORDER 5954 39 6 2 37 1
2379 ORDER 5955 21 26 38 43 0
2380 ORDER 5956 21 20 2 43 0
2380 ORDER 5957 30 38 51 43 0
2380 ORDER 5958 25 9 24 44 0
2381 CANCEL 5884
2381 ORDER 5959 13 30 3 44 0
2381 ORDER 5960 33 23 24 44 0
2381 ORDER 5961 11 24 25 43 1
2382 CANCEL 5762
2382 ORDER 5962 8 8 11 44 2
2382 ORDER 5963 51 11 2 18 2
2383 CANCEL 5623
2383 ORDER 5964 33 41 3 1 1
2383 ORDER 5965 18 30 3 5 1
2384 CANCEL 5640
2384 ORDER 5966 45 35 1 21 0
2384 ORDER 5967 43 7 49 43 0
2385 ORDER 5968 42 32 53 44 1
2385 ORDER 5969 11 11 1 26 1
2386 ORDER 5970 20 9 1 28 1
2386 ORDER 5971 12 15 3 6 0
2387 ORDER 5972 45 21 24 43 1
2387 ORDER 5973 41 33 41 44 1
2388 ORDER 5974 22 30 39 43 1
2388 ORDER 5975 55 14 2 20 0
2388 ORDER 5976 39 32 27 44 1
2389 ORDER 5977 52 36 15 43 0
2389 ORDER 5978 20 27 1 28 1
2390 ORDER 5979 42 6 16 44 0
2390 ORDER 5980 13 14 47 43 3
2391 ORDER 5981 52 3 41 43 0
2391 ORDER 5982 40 6 6 44 0
2391 ORDER 5983 12 14 46 43 1
2392 ORDER 5984 39 11 1 31 0
2392 ORDER 5985 11 36 3 16 0
2392 ORDER 5986 43 36 3 8 1
2393 ORDER 5987 53 36 1 35 2
2393 ORDER 5988 49 39 14 44 0
2393 ORDER 5989 35 18 36 44 1
2394 ORDER 5990 55 35 54 43 0
2394 ORDER 5991 33 33 2 24 1
2395 ORDER 5992 7 35 6 44 0
2395 ORDER 5993 32 23 20 44 0
2396 ORDER 5994 41 23 1 39 0
2396 ORDER 5995 29 11 12 43 0
2396 ORDER 5996 31 29 2 42 1
2397 CANCEL 5719
2397 ORDER 5997 20 41 2 14 0
2397 ORDER 5998 22 23 11 44 0
2397 ORDER 5999 32 38 2 26 0
2398 CANCEL 5964
2398 ORDER 6000 8 24 1 43 0
2398 ORDER 6001 40 24 2 26 0
2398 ORDER 6002 6 14 12 43 2
2399 ORDER 6003 14 14 36 44 3
2399 ORDER 6004 38 41 3 23 0
2399 ORDER 6005 15 18 35 44 0
2400 ORDER 6006 20 11 5 43 0
2400 ORDER 6007 29 5 16 44 1
2401 CANCEL 5589
2401 CANCEL 5713
2401 CANCEL 5993
2401 ORDER 6008 32 23 2 32 0
2401 ORDER 6009 53 11 24 44 0
2401 ORDER 6010 17 8 35 44 1
2402 ORDER 6011 8 36 49 44 0
2402 ORDER 6012 54 38 3 17 1
2403 ORDER 6013 16 9 3 43 0
2403 ORDER 6014 47 26 1 12 0
2404 ORDER 6015 40 25 40 43 2
2404 ORDER 6016 8 41 3 27 0
2405 ORDER 6017 36 27 2 10 0
2405 ORDER 6018 45 18 2 37 0
2405 ORDER 6019 14 9 11 44 0
2406 CANCEL 5611
2406 ORDER 6020 40 9 51 44 0
2406 ORDER 6021 39 23 3 18 0
2406 ORDER 6022 20 18 3 9 1
2407 ORDER 6023 6 3 3 2 1
2407 ORDER 6024 55 32 2 36 1
2407 ORDER 6025 47 26 19 44 0
2408 ORDER 6026 38 39 18 44 0
2408 ORDER 6027 53 36 1 7 0
2408 ORDER 6028 27 24 1 37 0
2408 BLOCK 54 16
2409 ORDER 6029 27 18 1 26 0
2409 ORDER 6030 39 20 14 44 1
2409 ORDER 6031 8 31 37 43 2
2410 CANCEL 5563
2410 CANCEL 5631
2410 CANCEL 5958
2410 ORDER 6032 28 21 2 6 0
2410 ORDER 6033 16 32 2 37 1
2411 ORDER 6034 39 24 2 22 1
2411 ORDER 6035 28 3 1 1 1
2412 ORDER 6036 7 11 25 43 3
2412 ORDER 6037 19 20 10 44 1
2413 ORDER 6038 48 26 50 43 1
2413 ORDER 6039 42 6 42 43 0
2414 CANCEL 5548
2414 ORDER 6040 10 17 25 44 0
2414 ORDER 6041 50 20 1 3 1
2414 CANCEL 106041
2415 ORDER 6042 20 36 51 44 0
2415 ORDER 6043 48 11 1 32 0
2416 ORDER 6044 12 33 1 20 0
2416 ORDER 6045 18 36 48 44 0
2417 ORDER 6046 14 27 3 3 1
2417 ORDER 6047 12 41 55 43 0
2417 ORDER 6048 14 38 6 44 0
2418 CANCEL 5759
2418 ORDER 6049 40 20 1 39 1
2418 ORDER 6050 34 36 35 44 1
2418 ORDER 6051 17 32 34 44 0
2419 ORDER 6052 18 17 1 24 0
2419 ORDER 6053 20 11 3 38 2
2420 ORDER 6054 30 30 1 13 3
2420 ORDER 6055 10 26 3 29 2
2421 ORDER 6056 46 32 1 37 0
2421 ORDER 6057 18 33 2 2 0
2421 ORDER 6058 46 11 2 30 2
2422 ORDER 6059 6 21 1 23 0
2422 ORDER 6060 8 9 3 22 0
2422 ORDER 6061 19 18 3 34 0
2423 ORDER 6062 14 26 1 32 0
2423 ORDER 6063 44 5 32 43 0
2424 ORDER 6064 21 20 3 35 1
2424 ORDER 6065 22 30 30 44 3
2424 ORDER 6066 54 27 58 44 0
2425 CANCEL 6064
2425 ORDER 6067 30 6 2 36 0
2425 ORDER 6068 20 6 3 33 0
2426 ORDER 6069 19 9 3 24 1
2426 ORDER 6070 50 23 55 44 0
2426 ORDER 6071 39 38 19 44 2
2427 ORDER 6072 41 14 1 33 0
2427 ORDER 6073 47 32 1 26 0
2428 ORDER 6074 6 14 9 43 0
2428 ORDER 6075 8 36 45 43 0
2429 CANCEL 5581
2429 ORDER 6076 51 6 1 34 0
2429 ORDER 6077 15 24 22 43 0
2430 CANCEL 5718
2430 ORDER 6078 46 30 1 15 0
2430 ORDER 6079 25 30 13 43 2
2431 ORDER 6080 51 24 3 16 1
2431 ORDER 6081 31 27 3 1 1
2432 ORDER 6082 18 34 2 39 0
2432 ORDER 6083 11 29 42 43 2
2432 ORDER 6084 20 32 1 43 1
2433 ORDER 6085 26 8 39 44 2
2433 ORDER 6086 9 11 3 27 0
2433 ORDER 6087 51 8 3 10 0
2433 BLOCK 45 44
2434 ORDER 6088 34 27 8 44 1
2434 ORDER 6089 8 17 40 44 0
2434 ORDER 6090 14 18 55 44 0
2435 ORDER 6091 32 12 33 43 1
2435 ORDER 6092 19 34 3 2 0
2436 ORDER 6093 6 6 1 28 1
2436 ORDER 6094 14 24 1 37 2
2437 ORDER 6095 45 32 33 43 2
2437 ORDER 6096 21 11 2 11 1
2438 ORDER 6097 43 39 7 44 1
2438 ORDER 6098 24 23 5 44 1
2438 BLOCK 10 21
2439 CANCEL 5655
2439 ORDER 6099 50 30 16 43 0
2439 ORDER 6100 53 35 1 30 1
2439 ORDER 6101 16 21 29 44 1
2439 BLOCK 5 31
2440 ORDER 6102 55 21 3 36 0
2440 ORDER 6103 6 32 33 43 1
2441 ORDER 6104 11 30 2 2 1
2441 ORDER 6105 9 35 1 14 0
2441 ORDER 6106 8 26 2 36 0
2442 ORDER 6107 40 12 42 43 0
2442 ORDER 6108 22 32 2 38 1
2443 ORDER 6109 41 38 3 34 2
2443 ORDER 6110 8 8 2 31 0
2444 ORDER 6111 26 14 1 33 0
2444 ORDER 6112 17 30 1 30 0
2444 ORDER 6113 29 18 34 44 0
2445 ORDER 6114 53 38 12 44 0
2445 ORDER 6115 44 11 4 43 0
2446 ORDER 6116 22 15 2 19 0
2446 ORDER 6117 11 41 1 6 0
2446 ORDER 6118 48 35 45 43 0
2447 ORDER 6119 6 36 2 21 1
2447 ORDER 6120 43 25 7 43 0
2448 ORDER 6121 17 23 2 38 0
2448 ORDER 6122 7 6 53 44 0
2448 ORDER 6123 42 3 3 13 2
2449 CANCEL 5869
2449 ORDER 6124 20 39 2 41 0
2449 ORDER 6125 6 17 1 6 2
2449 ORDER 6126 10 6 20 43 1
2450 ORDER 6127 19 15 7 43 3
2450 ORDER 6128 55 35 37 44 0
2450 ORDER 6129 26 9 2 27 0
2451 CANCEL 5959
2451 CANCEL 6123
2451 ORDER 6130 19 36 34 43 0
2451 ORDER 6131 8 24 1 28 0
2451 ORDER 6132 9 11 30 44 0
2452 UNBLOCK 18 5
2452 ORDER 6133 21 5 3 7 0
2452 ORDER 6134 31 5 42 43 1
2453 ORDER 6135 28 21 53 44 0
2453 ORDER 6136 39 23 3 12 3
2453 ORDER 6137 54 31 1 5 0
2454 ORDER 6138 31 29 1 3 3
2454 ORDER 6139 7 15 50 43 0
2454 ORDER 6140 50 6 3 23 1
2455 CANCEL 6111
2455 ORDER 6141 40 21 12 43 0
2455 ORDER 6142 42 15 1 11 2
2455 ORDER 6143 54 8 1 1 0
2456 ORDER 6144 39 30 10 44 2
2456 ORDER 6145 26 30 56 44 0
2457 ORDER 6146 48 14 3 22 0
2457 ORDER 6147 30 30 4 43 1
2458 ORDER 6148 13 17 1 19 0
2458 ORDER 6149 34 27 3 4 0
2458 ORDER 6150 43 9 22 43 1
2459 ORDER 6151 19 21 40 43 0
2459 ORDER 6152 21 5 3 25 0
2459 ORDER 6153 38 30 50 44 0
2460 CANCEL 5783
2460 ORDER 6154 16 18 1 9 0
2460 ORDER 6155 12 17 2 36 2
2460 ORDER 6156 27 30 1 35 1
2461 CANCEL 5914
2461 CANCEL 5982
2461 CANCEL 5996
2461 ORDER 6157 15 33 54 44 0
2461 ORDER 6158 36 18 3 19 1
2462 ORDER 6159 6 20 3 8 0
2462 ORDER 6160 36 17 3 42 0
2463 ORDER 6161 13 8 3 41 0
2463 ORDER 6162 43 39 46 43 0
2464 ORDER 6163 36 27 3 9 0
2464 ORDER 6164 12 12 44 43 0
2465 CANCEL 6139
2465 ORDER 6165 30 11 2 19 0
2465 ORDER 6166 51 17 57 44 0
2466 ORDER 6167 29 26 40 43 0
2466 ORDER 6168 32 41 58 43 0
2467 ORDER 6169 13 15 18 44 0
2467 ORDER 6170 46 35 41 43 0
2467 ORDER 6171 19 11 25 44 2
2468 CANCEL 5878
2468 UNBLOCK 54 16
2468 ORDER 6172 39 38 21 44 0
2468 ORDER 6173 50 21 3 35 0
2468 ORDER 6174 12 8 41 43 1
2469 CANCEL 6118
2469 ORDER 6175 49 17 33 44 0
2469 ORDER 6176 46 23 28 43 0
2470 ORDER 6177 20 29 3 7 0
2470 ORDER 6178 34 6 20 44 0
2471 ORDER 6179 34 36 1 37 0
2471 ORDER 6180 33 32 3 10 1
2472 ORDER 6181 9 38 1 13 1
2472 ORDER 6182 45 29 3 14 0
2473 ORDER 6183 20 33 30 44 0
2473 ORDER 6184 26 33 7 44 1
2474 CANCEL 5911
2474 UNBLOCK 45 44
2474 ORDER 6185 39 41 3 35 1
2474 ORDER 6186 12 14 3 20 1
2474 ORDER 6187 15 18 23 44 0
2475 ORDER 6188 33 35 18 44 0
2475 ORDER 6189 48 32 22 43 0
2476 ORDER 6190 47 35 2 34 2
2476 ORDER 6191 17 3 44 44 0
2476 ORDER 6192 31 3 16 43 0
2477 ORDER 6193 28 38 45 44 1
2477 ORDER 6194 25 20 3 17 0
2477 ORDER 6195 11 5 1 31 1
2478 ORDER 6196 7 35 6 43 0
2478 ORDER 6197 20 23 53 43 0
2479 CANCEL 6133
2479 ORDER 6198 51 41 1 41 1
2479 ORDER 6199 40 21 49 43 0
2480 CANCEL 6171
2480 ORDER 6200 16 29 3 17 0
2480 ORDER 6201 7 9 1 23 0
2481 ORDER 6202 46 26 42 43 1
2481 ORDER 6203 8 11 2 15 0
2481 ORDER 6204 15 33 2 31 1
2482 ORDER 6205 50 14 7 43 1
2482 ORDER 6206 18 14 1 7 0
2482 ORDER 6207 14 11 1 41 1
2483 CANCEL 5720
2483 CANCEL 5801
2483 ORDER 6208 23 12 5 44 0
2483 ORDER 6209 9 5 5 44 1
2483 ORDER 6210 29 38 33 44 0
2484 CANCEL 6169
2484 ORDER 6211 31 5 1 36 1
2484 ORDER 6212 39 32 2 11 0
2484 ORDER 6213 36 14 1 17 0
2485 ORDER 6214 48 11 3 21 0
2485 ORDER 6215 11 21 2 22 0
2485 ORDER 6216 40 21 1 25 0
2486 ORDER 6217 24 11 2 32 0
2486 ORDER 6218 9 3 3 37 3
2487 ORDER 6219 34 26 35 44 0
2487 ORDER 6220 39 26 1 37 2
2488 ORDER 6221 44 35 24 43 0
2488 ORDER 6222 35 41 1 22 3
2488 ORDER 6223 6 26 3 2 0
2489 ORDER 6224 21 12 3 32 0
2489 ORDER 6225 27 14 3 13 1
2490 ORDER 6226 50 5 32 44 0
2490 ORDER 6227 54 8 1 24 1
2490 ORDER 6228 29 9 3 1 0
2491 ORDER 6229 52 5 1 13 2
2491 ORDER 6230 33 35 2 27 0
2491 ORDER 6231 19 35 18 44 1
2492 ORDER 6232 36 15 1 13 0
2492 ORDER 6233 17 14 13 43 0
2493 ORDER 6234 28 33 1 37 2
2493 ORDER 6235 54 32 2 5 0
2494 ORDER 6236 27 9 2 12 0
2494 ORDER 6237 45 21 2 34 0
2494 ORDER 6238 9 17 2 19 0
2495 ORDER 6239 33 6 43 44 0
2495 ORDER 6240 27 18 3 26 2
2496 CANCEL 5972
2496 ORDER 6241 15 11 1 14 0
2496 ORDER 6242 33 8 2 23 2
2496 ORDER 6243 17 8 3 39 0
2497 ORDER 6244 20 9 3 14 0
2497 ORDER 6245 25 33 1 2 1
2498 ORDER 6246 12 6 18 43 0
2498 ORDER 6247 11 18 22 43 0
2499 CANCEL 6044
2499 ORDER 6248 28 41 3 38 0
2499 ORDER 6249 18 33 20 44 0
2499 ORDER 6250 7 27 3 31 3
2500 CANCEL 5848
2500 ORDER 6251 46 20 2 42 0
2500 ORDER 6252 10 36 19 43 0
2501 CANCEL 5810
2501 ORDER 6253 36 26 11 44 0
2501 ORDER 6254 10 18 3 17 0
2501 ORDER 6255 20 3 30 44 1
2502 ORDER 6256 11 32 1 4 0
2502 ORDER 6257 12 35 2 25 0
2502 ORDER 6258 7 32 5 43 0
2502 BLOCK 51 41
2503 ORDER 6259 27 23 39 43 0
2503 ORDER 6260 30 29 1 10 1
2503 ORDER 6261 19 3 6 43 2
2504 ORDER 6262 16 8 26 44 3
2504 ORDER 6263 39 38 46 44 0
2504 ORDER 6264 26 14 6 44 0
2505 ORDER 6265 30 39 13 43 1
2505 ORDER 6266 25 3 6 44 1
2506 ORDER 6267 13 21 3 32 1
2506 ORDER 6268 27 29 2 6 0
2506 ORDER 6269 15 29 22 43 1
2507 CANCEL 6078
2507 ORDER 6270 17 21 22 43 0
2507 ORDER 6271 52 41 2 6 0
2508 ORDER 6272 46 14 47 43 1
2508 ORDER 6273 36 33 3 13 0
2509 ORDER 6274 21 30 49 44 3
2509 ORDER 6275 11 18 17 44 0
2510 CANCEL 6094
2510 ORDER 6276 39 41 33 43 0
2510 ORDER 6277 19 21 9 44 1
2511 ORDER 6278 28 26 57 44 0
2511 ORDER 6279 20 3 29 43 0
2512 CANCEL 6105
2512 ORDER 6280 25 5 16 43 0
2512 ORDER 6281 22 12 32 44 0
2512 ORDER 6282 28 9 1 26 1
2513 CANCEL 5788
2513 ORDER 6283 13 6 1 19 0
2513 ORDER 6284 15 26 3 32 0
2514 ORDER 6285 42 27 2 7 0
2514 ORDER 6286 55 29 2 10 1
2514 BLOCK 22 38
2515 CANCEL 5843
2515 ORDER 6287 10 39 3 35 0
2515 ORDER 6288 19 23 19 44 2
2516 ORDER 6289 38 27 3 38 0
2516 ORDER 6290 28 27 2 17 2
2516 ORDER 6291 19 27 16 44 0
2517 ORDER 6292 48 3 2 26 1
2517 ORDER 6293 13 38 6 44 1
2518 CANCEL 5796
2518 ORDER 6294 26 27 30 43 0
2518 ORDER 6295 28 24 39 44 1
2519 ORDER 6296 8 14 2 41 1
2519 ORDER 6297 25 3 2 43 1
2520 ORDER 6298 32 8 1 41 2
2520 ORDER 6299 11 32 11 43 1
2521 ORDER 6300 42 38 15 43 0
2521 ORDER 6301 49 41 3 34 0
2521 ORDER 6302 8 8 9 43 1
2522 CANCEL 6108
2522 ORDER 6303 10 38 2 2 0
2522 ORDER 6304 13 14 35 43 1
2523 CANCEL 6271
2523 ORDER 6305 12 32 54 43 0
2523 ORDER 6306 11 41 50 43 0
2524 ORDER 6307 8 20 1 23 0
2524 ORDER 6308 19 41 50 43 2
2524 ORDER 6309 29 8 2 24 0
2525 CANCEL 6129
2525 ORDER 6310 55 33 16 44 1
2525 ORDER 6311 20 18 3 29 1
2526 ORDER 6312 9 15 3 13 0
2526 ORDER 6313 15 33 20 44 1
2526 ORDER 6314 50 6 3 43 0
2527 ORDER 6315 55 12 1 7 1
2527 ORDER 6316 9 20 3 39 1
2527 ORDER 6317 19 24 8 44 1
2528 CANCEL 5944
2528 ORDER 6318 46 14 1 31 0
2528 ORDER 6319 51 27 18 44 0
2528 ORDER 6320 34 27 58 44 0
2529 ORDER 6321 13 30 13 43 0
2529 ORDER 6322 51 6 1 25 1
2529 ORDER 6323 10 23 1 19 0
2530 ORDER 6324 26 30 44 44 1
2530 ORDER 6325 11 26 1 33 0
2531 CANCEL 6002
2531 ORDER 6326 8 9 1 42 1
2531 ORDER 6327 13 32 8 43 0
2531 ORDER 6328 29 36 2 13 0
2532 ORDER 6329 42 36 2 32 0
2532 ORDER 6330 26 14 16 44 0
2533 ORDER 6331 38 9 5 43 1
2533 ORDER 6332 17 6 25 44 0
2533 ORDER 6333 54 32 12 43 0
2534 CANCEL 6089
2534 ORDER 6334 25 11 18 43 0
2534 ORDER 6335 18 21 1 31 1
2535 ORDER 6336 52 8 1 32 1
2535 ORDER 6337 7 12 3 26 0
2535 ORDER 6338 30 17 2 20 0
2536 ORDER 6339 30 5 2 40 1
2536 ORDER 6340 37 38 2 21 0
2536 ORDER 6341 26 15 5 43 0
2537 ORDER 6342 13 21 2 24 0
2537 ORDER 6343 20 9 1 26 0
2538 CANCEL 6212
2538 ORDER 6344 29 30 2 29 0
2538 ORDER 6345 38 39 3 32 0
2538 ORDER 6346 55 15 1 9 1
2539 ORDER 6347 18 6 2 15 0
2539 ORDER 6348 52 12 47 43 2
2540 ORDER 6349 38 30 16 44 0
2540 ORDER 6350 33 30 34 44 0
2541 UNBLOCK 5 31
2541 ORDER 6351 46 32 8 43 0
2541 ORDER 6352 14 17 5 44 0
2541 ORDER 6353 19 12 2 41 1
2542 ORDER 6354 29 30 2 41 0
2542 ORDER 6355 52 8 3 15 0
2543 ORDER 6356 55 27 43 43 1
2543 ORDER 6357 53 33 36 43 0
2544 ORDER 6358 46 24 1 37 1
2544 ORDER 6359 43 26 2 3 1
2544 ORDER 6360 40 15 2 34 1
2545 ORDER 6361 55 5 2 16 0
2545 ORDER 6362 52 14 2 29 0
2546 ORDER 6363 10 41 1 33 1
2546 ORDER 6364 36 3 2 3 0
2547 CANCEL 5941
2547 CANCEL 6198
2547 ORDER 6365 48 38 3 33 1
2547 ORDER 6366 51 26 48 44 1
2547 ORDER 6367 33 41 1 13 0
2548 ORDER 6368 29 23 31 43 2
2548 ORDER 6369 6 8 45 43 1
2548 ORDER 6370 40 18 16 43 1
2549 ORDER 6371 8 11 31 43 1
2549 ORDER 6372 51 8 2 8 1
2550 ORDER 6373 44 24 41 44 1
2550 ORDER 6374 44 26 54 44 1
2550 ORDER 6375 18 9 27 44 2
2551 ORDER 6376 12 39 3 39 1
2551 ORDER 6377 35 18 2 2 0
2552 UNBLOCK 10 21
2552 ORDER 6378 38 35 3 28 2
2552 ORDER 6379 22 12 3 40 0
2553 CANCEL 6231
2553 UNBLOCK 22 38
2553 ORDER 6380 9 20 43 44 0
2553 ORDER 6381 36 32 1 6 0
2554 ORDER 6382 30 32 2 7 0
2554 ORDER 6383 9 23 3 15 0
2555 ORDER 6384 24 5 17 43 0
2555 ORDER 6385 39 24 2 41 0
2555 ORDER 6386 25 29 21 44 3
2556 ORDER 6387 30 6 52 44 0
2556 ORDER 6388 31 20 3 25 1
2557 ORDER 6389 54 28 6 44 1
2557 ORDER 6390 9 41 1 42 0
2557 ORDER 6391 8 21 1 16 1
2558 ORDER 6392 46 33 2 20 0
2558 ORDER 6393 49 32 17 43 0
2559 CANCEL 6242
2559 ORDER 6394 51 20 3 33 0
2559 ORDER 6395 29 20 1 15 2
2560 ORDER 6396 8 27 3 34 0
2560 ORDER 6397 21 21 43 43 1
2560 ORDER 6398 30 30 42 43 0
2561 ORDER 6399 26 18 56 43 1
2561 ORDER 6400 12 5 26 43 0
2562 ORDER 6401 48 33 3 27 1
2562 ORDER 6402 24 26 3 40 2
2562 ORDER 6403 20 41 13 43 0
2563 ORDER 6404 46 23 2 1 0
2563 ORDER 6405 10 20 1 24 1
2563 ORDER 6406 55 12 44 43 1
2564 ORDER 6407 7 39 3 42 1
2564 ORDER 6408 32 8 51 43 3
2564 ORDER 6409 48 32 56 44 2
2565 ORDER 6410 38 6 47 43 0
2565 ORDER 6411 50 12 1 29 0
2565 ORDER 6412 21 36 2 16 0
2566 ORDER 6413 45 24 3 28 0
2566 ORDER 6414 38 14 1 39 3
2566 ORDER 6415 8 17 36 43 1
2567 ORDER 6416 28 6 34 43 0
2567 ORDER 6417 33 30 2 34 0
2567 ORDER 6418 45 35 3 43 3
2568 ORDER 6419 42 30 13 43 0
2568 ORDER 6420 53 6 3 11 2
2568 ORDER 6421 40 41 2 15 2
2569 ORDER 6422 48 9 36 43 0
2569 ORDER 6423 49 30 3 14 2
2569 ORDER 6424 9 9 24 43 0
2570 CANCEL 6167
2570 ORDER 6425 8 6 47 44 2
2570 ORDER 6426 24 33 3 30 0
2571 ORDER 6427 22 36 29 43 0
2571 ORDER 6428 55 12 6 43 0
2571 ORDER 6429 24 33 3 40 0
2572 CANCEL 6357
2572 ORDER 6430 11 12 7 44 0
2572 ORDER 6431 42 32 1 42 1
2572 ORDER 6432 7 9 2 37 0
2573 ORDER 6433 34 32 2 35 1
2573 ORDER 6434 38 14 3 29 0
2574 ORDER 6435 23 27 1 19 0
2574 ORDER 6436 8 30 2 11 1
2574 ORDER 6437 46 11 2 42 3
2575 ORDER 6438 31 11 2 30 2
2575 ORDER 6439 18 38 2 16 2
2576 ORDER 6440 46 14 44 43 0
2576 ORDER 6441 12 14 1 41 1
2576 ORDER 6442 45 30 2 6 1
2577 CANCEL 6090
2577 ORDER 6443 35 35 1 31 0
2577 ORDER 6444 55 21 44 44 0
2577 ORDER 6445 48 33 49 44 0
2578 CANCEL 6408
2578 ORDER 6446 32 9 2 29 1
2578 ORDER 6447 44 30 2 1 0
2579 ORDER 6448 16 33 30 44 0
2579 ORDER 6449 42 35 1 41 1
2580 ORDER 6450 37 20 2 44 0
2580 ORDER 6451 40 3 2 22 0
2581 CANCEL 6022
2581 ORDER 6452 54 20 3 17 0
2581 ORDER 6453 37 9 2 39 0
2582 ORDER 6454 48 32 50 44 0
2582 ORDER 6455 39 36 53 44 0
2582 ORDER 6456 54 9 3 14 0
2583 CANCEL 6005
2583 ORDER 6457 10 12 3 17 0
2583 ORDER 6458 22 8 3 6 0
2584 ORDER 6459 9 18 2 19 0
2584 ORDER 6460 36 15 31 43 0
2584 ORDER 6461 14 26 3 32 0
2585 ORDER 6462 54 35 48 43 2
2585 ORDER 6463 41 23 1 20 0
2586 ORDER 6464 23 15 5 43 0
2586 ORDER 6465 52 14 3 25 0
2587 ORDER 6466 20 23 29 44 0
2587 ORDER 6467 43 36 19 44 0
2587 ORDER 6468 14 18 47 43 0
2588 CANCEL 6309
2588 CANCEL 6443
2588 ORDER 6469 7 38 38 44 0
2588 ORDER 6470 55 12 3 7 2
2589 ORDER 6471 32 15 16 43 0
2589 ORDER 6472 8 11 2 36 0
2589 ORDER 6473 13 3 1 29 0
2590 ORDER 6474 35 41 3 11 1
2590 ORDER 6475 31 9 1 6 2
2590 ORDER 6476 21 12 2 25 0
2591 ORDER 6477 48 20 2 41 2
2591 ORDER 6478 41 5 3 3 0
2591 ORDER 6479 6 20 3 29 0
2592 ORDER 6480 33 8 1 31 2
2592 ORDER 6481 51 3 43 44 0
2593 ORDER 6482 9 26 58 44 1
2593 ORDER 6483 52 39 41 44 2
2593 ORDER 6484 54 41 2 5 0
2594 ORDER 6485 10 32 34 43 1
2594 ORDER 6486 23 33 6 44 0
2594 ORDER 6487 7 36 2 12 2
2595 ORDER 6488 17 24 3 17 0
2595 ORDER 6489 21 5 31 43 0
2595 ORDER 6490 27 8 17 44 2
2596 ORDER 6491 32 14 2 34 2
2596 ORDER 6492 33 17 2 36 2
2597 ORDER 6493 12 39 12 43 3
2597 ORDER 6494 40 38 12 44 0
2598 ORDER 6495 9 12 2 9 0
2598 ORDER 6496 29 32 3 36 0
2599 ORDER 6497 47 17 3 7 0
2599 ORDER 6498 12 21 1 15 0
2599 BLOCK 11 39
2600 ORDER 6499 17 38 4 44 0
2600 ORDER 6500 54 29 38 44 0
2601 ORDER 6501 51 24 8 43 0
2601 ORDER 6502 29 29 53 43 0
2601 ORDER 6503 18 9 1 20 0
2602 CANCEL 6235
2602 CANCEL 6421
2602 ORDER 6504 28 32 24 43 0
2602 ORDER 6505 28 3 2 24 0
2602 ORDER 6506 20 3 51 43 1
2603 ORDER 6507 23 29 43 43 0
2603 ORDER 6508 36 17 3 11 0
2603 ORDER 6509 38 32 3 23 0
2604 ORDER 6510 37 36 3 39 0
2604 ORDER 6511 10 39 2 44 0
2604 ORDER 6512 38 38 1 25 1
2605 ORDER 6513 44 30 20 43 0
2605 ORDER 6514 47 35 1 25 1
2605 ORDER 6515 32 41 2 26 0
2606 ORDER 6516 47 8 55 44 0
2606 ORDER 6517 22 5 1 23 2
2607 ORDER 6518 7 26 10 43 1
2607 ORDER 6519 48 29 2 41 0
2607 ORDER 6520 40 20 3 44 1
2608 ORDER 6521 55 23 3 18 0
2608 ORDER 6522 14 3 3 13 1
2608 ORDER 6523 41 5 3 22 0
2609 ORDER 6524 10 11 19 44 0
2609 ORDER 6525 45 26 39 43 0
2610 CANCEL 6295
2610 ORDER 6526 17 29 54 44 1
2610 ORDER 6527 16 27 2 19 1
2610 ORDER 6528 35 20 2 33 0
2611 ORDER 6529 50 5 2 28 0
2611 ORDER 6530 52 35 29 44 2
2612 ORDER 6531 40 21 34 43 1
2612 ORDER 6532 23 27 1 34 1
2612 ORDER 6533 50 17 2 22 0
2613 ORDER 6534 47 3 3 21 0
2613 ORDER 6535 28 12 14 43 1
2613 ORDER 6536 52 33 52 43 0
2614 ORDER 6537 32 9 3 29 1
2614 ORDER 6538 9 38 1 25 1
2614 ORDER 6539 30 15 3 36 0
2615 ORDER 6540 46 18 7 44 0
2615 ORDER 6541 53 41 37 43 0
2616 ORDER 6542 18 32 3 13 1
2616 ORDER 6543 31 3 44 43 0
2616 ORDER 6544 34 29 1 7 0
2617 ORDER 6545 47 36 3 36 0
2617 ORDER 6546 23 5 3 23 1
2617 ORDER 6547 43 5 15 44 1
2618 ORDER 6548 55 39 3 26 0
2618 ORDER 6549 7 35 50 44 0
2619 CANCEL 6393
2619 ORDER 6550 53 6 2 10 1
2619 ORDER 6551 36 12 37 44 1
2619 ORDER 6552 31 29 2 16 0
2620 ORDER 6553 17 12 1 32 0
2620 ORDER 6554 9 17 2 5 1
2620 ORDER 6555 36 33 30 44 0
2621 CANCEL 6390
2621 ORDER 6556 47 21 48 43 0
2621 ORDER 6557 55 15 3 21 0
2621 ORDER 6558 45 39 3 32 0
2622 CANCEL 6418
2622 ORDER 6559 36 3 54 43 0
2622 ORDER 6560 47 17 2 5 2
2622 ORDER 6561 39 23 2 29 2
2623 ORDER 6562 43 6 2 43 0
2623 ORDER 6563 11 15 1 18 0
2624 ORDER 6564 42 15 4 43 2
2624 ORDER 6565 28 23 14 43 1
2625 ORDER 6566 36 12 40 44 0
2625 ORDER 6567 40 24 3 22 2
2626 ORDER 6568 7 15 3 40 0
2626 ORDER 6569 11 41 38 43 1
2627 CANCEL 6283
2627 ORDER 6570 32 21 2 33 1
2627 ORDER 6571 12 37 54 43 1
2628 CANCEL 6570
2628 ORDER 6572 18 12 47 44 0
2628 ORDER 6573 48 8 3 2 1
2629 CANCEL 6536
2629 ORDER 6574 46 9 3 32 0
2629 ORDER 6575 51 27 40 44 0
2629 ORDER 6576 25 29 3 38 2
2629 BLOCK 42 27
2630 ORDER 6577 33 35 8 43 0
2630 ORDER 6578 48 6 19 44 2
2630 ORDER 6579 30 14 2 38 1
2631 ORDER 6580 43 36 26 44 0
2631 ORDER 6581 14 3 43 44 1
2632 ORDER 6582 15 27 3 13 1
2632 ORDER 6583 45 20 36 44 0
2632 ORDER 6584 9 14 1 33 0
2633 CANCEL 6360
2633 ORDER 6585 47 12 43 44 3
2633 ORDER 6586 12 8 3 3 0
2634 CANCEL 6552
2634 ORDER 6587 10 15 1 34 0
2634 ORDER 6588 11 26 13 43 1
2635 CANCEL 6193
2635 CANCEL 6312
2635 ORDER 6589 47 11 1 11 1
2635 ORDER 6590 9 36 2 34 0
2635 ORDER 6591 30 8 46 44 0
2636 ORDER 6592 23 27 55 43 0
2636 ORDER 6593 9 12 2 32 0
2636 ORDER 6594 17 35 35 44 3
2637 CANCEL 6516
2637 CANCEL 6541
2637 ORDER 6595 31 36 13 44 2
2637 ORDER 6596 28 23 1 34 0
2637 ORDER 6597 37 26 57 44 0
2638 CANCEL 6299
2638 CANCEL 6495
2638 ORDER 6598 50 32 3 30 0
2638 ORDER 6599 22 6 1 1 1
2639 CANCEL 6437
2639 ORDER 6600 14 38 1 29 0
2639 ORDER 6601 14 20 6 44 0
2639 ORDER 6602 29 26 53 43 2
2640 CANCEL 6127
2640 ORDER 6603 6 21 46 44 0
2640 ORDER 6604 28 17 23 44 0
2640 ORDER 6605 24 33 3 21 0
2641 ORDER 6606 18 6 56 44 0
2641 ORDER 6607 44 11 1 35 0
2641 ORDER 6608 38 15 3 44 1
2642 ORDER 6609 32 9 2 42 1
2642 ORDER 6610 30 20 10 44 0
2643 CANCEL 6338
2643 ORDER 6611 17 41 53 44 1
2643 ORDER 6612 38 41 5 43 1
2643 ORDER 6613 25 9 49 44 3
2644 CANCEL 6140
2644 ORDER 6614 32 21 32 43 0
2644 ORDER 6615 17 14 1 10 0
2645 UNBLOCK 51 41
2645 CANCEL 6581
2645 ORDER 6616 53 29 3 1 2
2645 ORDER 6617 40 15 13 43 0
2645 ORDER 6618 10 27 1 9 0
2646 ORDER 6619 47 8 2 42 0
2646 ORDER 6620 49 30 16 43 0
2647 CANCEL 6300
2647 ORDER 6621 51 5 51 44 1
2647 ORDER 6622 40 14 6 43 0
2647 ORDER 6623 32 14 1 39 3
2648 CANCEL 6181
2648 CANCEL 6192
2648 ORDER 6624 53 36 11 44 0
2648 ORDER 6625 15 35 12 43 0
2649 ORDER 6626 12 5 5 44 2
2649 ORDER 6627 43 9 2 40 0
2650 CANCEL 6307
2650 ORDER 6628 14 38 2 35 1
2650 ORDER 6629 6 14 2 34 1
2650 ORDER 6630 47 30 36 43 0
2651 ORDER 6631 27 36 1 26 1
2651 ORDER 6632 32 12 9 44 2
2651 BLOCK 16 43
2652 ORDER 6633 11 5 6 44 3
2652 ORDER 6634 43 3 3 21 0
2652 ORDER 6635 32 6 3 24 0
2653 CANCEL 6206
2653 ORDER 6636 29 17 3 43 0
2653 ORDER 6637 8 38 18 44 1
2654 ORDER 6638 17 9 27 44 0
2654 ORDER 6639 46 38 30 43 0
2655 ORDER 6640 37 26 1 19 2
2655 ORDER 6641 14 5 1 2 1
2656 ORDER 6642 23 14 49 44 2
2656 ORDER 6643 10 27 1 26 1
2656 ORDER 6644 23 12 3 30 1
2657 ORDER 6645 16 6 43 43 0
2657 ORDER 6646 41 18 26 44 0
2657 ORDER 6647 46 8 13 43 0
2658 CANCEL 6277
2658 ORDER 6648 29 23 1 35 0
2658 ORDER 6649 25 29 2 30 0
2658 ORDER 6650 7 26 3 40 0
2659 CANCEL 6155
2659 ORDER 6651 10 5 2 34 1
2659 ORDER 6652 31 3 10 43 0
2659 ORDER 6653 20 20 3 33 3
2660 ORDER 6654 38 5 10 44 0
2660 ORDER 6655 18 38 2 2 0
2661 ORDER 6656 30 39 3 37 0
2661 ORDER 6657 30 9 2 11 0
2662 ORDER 6658 9 15 50 44 1
2662 ORDER 6659 26 18 2 19 0
2663 CANCEL 6389
2663 CANCEL 6445
2663 ORDER 6660 41 39 3 5 0
2663 ORDER 6661 14 15 1 23 1
2664 ORDER 6662 37 18 2 44 1
2664 ORDER 6663 9 33 9 44 1
2664 ORDER 6664 8 20 2 24 0
2665 ORDER 6665 27 24 1 12 0
2665 ORDER 6666 10 5 6 44 1
2665 ORDER 6667 53 41 3 10 0
2666 ORDER 6668 24 24 52 44 2
2666 ORDER 6669 15 26 1 6 0
2666 ORDER 6670 6 8 16 44 0
2667 ORDER 6671 29 27 17 44 1
2667 ORDER 6672 43 8 42 44 0
2668 ORDER 6673 52 35 2 16 0
2668 ORDER 6674 48 39 4 44 1
2668 ORDER 6675 28 14 3 22 0
2669 ORDER 6676 51 26 2 7 1
2669 ORDER 6677 19 14 1 6 0
2669 ORDER 6678 30 15 50 43 0
2670 ORDER 6679 18 20 39 43 1
2670 ORDER 6680 50 15 1 35 2
2670 ORDER 6681 22 30 3 38 0
2671 ORDER 6682 28 8 12 44 0
2671 ORDER 6683 18 32 1 7 3
2672 CANCEL 6660
2672 ORDER 6684 29 33 2 3 2
2672 ORDER 6685 28 3 11 44 1
2672 ORDER 6686 53 41 15 44 1
2673 ORDER 6687 8 8 3 15 0
2673 ORDER 6688 48 5 16 43 0
2673 ORDER 6689 51 24 25 44 0
2673 BLOCK 28 23
2674 ORDER 6690 16 23 2 12 1
2674 ORDER 6691 39 11 11 43 0
2675 ORDER 6692 19 38 44 43 0
2675 ORDER 6693 38 9 2 24 1
2675 BLOCK 53 3
2676 ORDER 6694 8 12 4 43 0
2676 ORDER 6695 37 35 1 18 0
2676 ORDER 6696 29 27 2 30 1
2677 CANCEL 6358
2677 CANCEL 6397
2677 ORDER 6697 22 20 15 44 0
2677 ORDER 6698 21 11 1 29 0
2678 ORDER 6699 8 8 1 3 0
2678 ORDER 6700 26 17 2 30 0
2679 ORDER 6701 36 35 1 26 0
2679 ORDER 6702 20 23 3 41 1
2680 ORDER 6703 22 41 1 11 3
2680 ORDER 6704 20 41 23 43 0
2680 ORDER 6705 9 5 28 44 2
2681 ORDER 6706 24 33 1 9 2
2681 ORDER 6707 14 12 3 20 1
2682 ORDER 6708 10 6 3 20 2
2682 ORDER 6709 30 18 2 6 1
2682 ORDER 6710 23 17 1 12 1
2683 ORDER 6711 23 21 1 26 0
2683 ORDER 6712 33 26 2 42 1
2684 ORDER 6713 17 5 18 44 1
2684 ORDER 6714 22 3 44 43 0
2685 ORDER 6715 17 15 1 11 0
2685 ORDER 6716 12 30 2 2 1
2685 ORDER 6717 38 32 22 43 2
2686 CANCEL 6641
2686 ORDER 6718 52 8 43 44 0
2686 ORDER 6719 23 35 51 43 0
2687 ORDER 6720 44 14 2 40 0
2687 ORDER 6721 45 23 13 44 0
2687 ORDER 6722 22 39 2 36 0
2688 ORDER 6723 13 3 3 9 1
2688 ORDER 6724 55 9 1 8 1
2689 ORDER 6725 37 20 50 43 0
2689 ORDER 6726 45 39 3 14 1
2689 ORDER 6727 44 12 29 44 0
2690 ORDER 6728 30 24 36 43 0
2690 ORDER 6729 51 38 2 8 0
2691 CANCEL 6416
2691 CANCEL 6705
2691 ORDER 6730 37 23 44 43 0
2691 ORDER 6731 17 29 23 43 0
2691 ORDER 6732 31 21 45 44 0
2692 ORDER 6733 53 38 34 44 0
2692 ORDER 6734 31 29 3 19 0
2692 ORDER 6735 14 29 40 44 0
2693 ORDER 6736 18 23 1 12 0
2693 ORDER 6737 27 39 1 14 0
2693 ORDER 6738 49 6 1 18 1
2694 ORDER 6739 25 11 2 19 0
2694 ORDER 6740 48 23 29 43 0
2695 ORDER 6741 47 32 3 7 0
2695 ORDER 6742 27 39 2 15 0
2695 ORDER 6743 16 24 20 44 1
2696 ORDER 6744 18 14 2 15 2
2696 ORDER 6745 42 20 3 36 0
2696 ORDER 6746 18 41 35 43 0
2697 ORDER 6747 37 6 2 6 1
2697 ORDER 6748 27 9 3 38 0
2697 ORDER 6749 26 20 41 44 0
2697 BLOCK 31 43
2698 CANCEL 6731
2698 ORDER 6750 42 30 1 43 1
2698 ORDER 6751 24 38 2 29 0
2698 ORDER 6752 27 24 1 18 0
2699 UNBLOCK 11 39
2699 ORDER 6753 41 14 11 43 0
2699 ORDER 6754 54 36 44 44 0
2700 CANCEL 6469
2700 ORDER 6755 12 21 1 32 0
2700 ORDER 6756 6 23 27 44 0
2701 ORDER 6757 15 33 2 9 3
2701 ORDER 6758 45 23 3 26 1
2702 ORDER 6759 47 33 2 10 0
2702 ORDER 6760 20 11 2 21 0
2702 ORDER 6761 28 29 2 21 2
2703 ORDER 6762 50 21 39 44 0
2703 ORDER 6763 21 32 3 29 1
2704 ORDER 6764 10 41 1 22 0
2704 ORDER 6765 19 33 3 40 0
2705 ORDER 6766 20 3 21 43 1
2705 ORDER 6767 44 24 34 44 0
2705 ORDER 6768 39 23 1 31 0
2706 ORDER 6769 36 26 7 44 1
2706 ORDER 6770 29 30 37 44 0
2707 ORDER 6771 40 26 55 43 0
2707 ORDER 6772 38 5 2 24 1
2708 ORDER 6773 11 33 5 44 0
2708 ORDER 6774 44 39 44 43 1
2709 ORDER 6775 43 11 33 44 2
2709 ORDER 6776 38 21 3 25 0
2709 ORDER 6777 14 17 2 44 0
2710 ORDER 6778 28 29 3 41 1
2710 ORDER 6779 40 41 3 2 1
2711 ORDER 6780 21 39 31 44 0
2711 ORDER 6781 44 30 21 44 0
2711 ORDER 6782 22 12 52 44 1
2712 ORDER 6783 13 12 49 43 0
2712 ORDER 6784 8 32 27 43 0
2712 ORDER 6785 52 25 34 43 0
2713 ORDER 6786 50 38 1 7 0
2713 ORDER 6787 55 35 1 43 0
2714 ORDER 6788 15 11 57 44 1
2714 ORDER 6789 11 23 2 9 0
2714 ORDER 6790 10 18 3 27 0
2715 CANCEL 6336
2715 ORDER 6791 47 8 1 18 0
2715 ORDER 6792 23 36 2 43 3
2716 ORDER 6793 20 21 1 20 0
2716 ORDER 6794 8 36 19 43 0
2717 ORDER 6795 21 18 1 44 1
2717 ORDER 6796 20 12 32 43 0
2718 CANCEL 6789
2718 ORDER 6797 7 5 3 31 2
2718 ORDER 6798 27 38 3 29 0
2718 ORDER 6799 48 11 26 43 0
2719 ORDER 6800 33 26 2 20 1
2719 ORDER 6801 44 33 2 23 0
2720 ORDER 6802 8 41 58 43 3
2720 ORDER 6803 28 5 3 44 1
2721 CANCEL 6428
2721 ORDER 6804 50 15 35 44 0
2721 ORDER 6805 19 8 48 43 1
2722 ORDER 6806 16 18 1 20 2
2722 ORDER 6807 32 8 1 28 0
2723 ORDER 6808 40 18 55 43 0
2723 ORDER 6809 35 26 41 43 0
2724 ORDER 6810 37 33 28 43 0
2724 ORDER 6811 32 6 56 43 0
2724 ORDER 6812 32 20 1 32 2
2725 CANCEL 6743
2725 CANCEL 6763
2725 ORDER 6813 7 24 8 44 0
2725 ORDER 6814 16 6 2 34 0
2726 ORDER 6815 31 39 20 44 0
2726 ORDER 6816 37 12 2 40 3
2726 ORDER 6817 34 35 1 15 0
2727 CANCEL 6348
2727 ORDER 6818 39 26 47 43 0
2727 ORDER 6819 29 12 1 18 0
2727 ORDER 6820 8 20 3 32 2
2728 ORDER 6821 38 6 3 40 2
2728 ORDER 6822 6 11 1 3 0
2729 ORDER 6823 15 29 3 35 1
2729 ORDER 6824 43 3 2 16 0
2730 ORDER 6825 9 12 3 15 0
2730 ORDER 6826 11 14 51 43 1
2731 ORDER 6827 27 35 3 25 0
2731 ORDER 6828 18 4 4 44 1
2731 ORDER 6829 11 30 3 3 0
2732 ORDER 6830 20 15 20 43 1
2732 ORDER 6831 44 33 41 43 1
2732 ORDER 6832 41 8 7 44 0
2733 CANCEL 6515
2733 UNBLOCK 16 43
2733 ORDER 6833 10 9 34 44 0
2733 ORDER 6834 46 23 6 43 1
2733 ORDER 6835 54 11 3 2 0
2734 UNBLOCK 42 27
2734 ORDER 6836 30 26 1 19 0
2734 ORDER 6837 17 12 3 34 0
2734 ORDER 6838 40 6 2 42 0
2735 CANCEL 6580
2735 ORDER 6839 52 14 14 44 0
2735 ORDER 6840 42 38 36 43 1
2736 CANCEL 6344
2736 ORDER 6841 16 6 50 44 1
2736 ORDER 6842 26 32 3 27 0
2737 ORDER 6843 34 30 13 44 0
2737 ORDER 6844 37 12 12 43 0
2738 CANCEL 6434
2738 ORDER 6845 47 8 57 44 2
2738 ORDER 6846 33 38 21 43 1
2739 ORDER 6847 41 15 47 44 0
2739 ORDER 6848 44 35 24 44 0
2739 ORDER 6849 47 5 3 24 0
2740 ORDER 6850 7 3 43 43 0
2740 ORDER 6851 36 14 53 43 0
2741 CANCEL 6578
2741 ORDER 6852 9 23 3 4 0
2741 ORDER 6853 37 5 36 43 1
2741 ORDER 6854 51 20 1 9 1
2742 ORDER 6855 19 36 48 43 0
2742 ORDER 6856 8 8 1 10 0
2742 ORDER 6857 33 33 54 44 0
2743 CANCEL 6374
2743 CANCEL 6622
2743 ORDER 6858 13 41 57 43 1
2743 ORDER 6859 31 18 1 9 2
2744 ORDER 6860 40 26 1 32 0
2744 ORDER 6861 7 14 54 43 1
2745 ORDER 6862 20 12 1 3 0
2745 ORDER 6863 25 35 3 31 0
2745 ORDER 6864 28 21 55 43 2
2746 ORDER 6865 17 6 23 44 1
2746 ORDER 6866 12 17 2 29 0
2746 ORDER 6867 10 35 33 44 0
2747 ORDER 6868 18 11 54 43 0
2747 ORDER 6869 33 32 45 43 1
2747 ORDER 6870 51 23 17 44 1
2748 CANCEL 6866
2748 ORDER 6871 44 3 45 44 0
2748 ORDER 6872 52 39 1 21 0
2748 ORDER 6873 9 11 13 44 1
2749 CANCEL 6533
2749 CANCEL 6694
2749 ORDER 6874 43 30 1 34 0
2749 ORDER 6875 42 15 42 44 0
2750 ORDER 6876 8 17 2 30 0
2750 ORDER 6877 40 11 1 24 0
2751 ORDER 6878 47 17 3 15 0
2751 ORDER 6879 28 31 2 5 1
2751 BLOCK 37 8
2752 ORDER 6880 6 17 16 43 1
2752 ORDER 6881 20 32 24 44 0
2753 ORDER 6882 45 24 1 42 0
2753 ORDER 6883 46 36 1 6 1
2754 ORDER 6884 36 15 53 43 1
2754 ORDER 6885 11 8 3 2 2
2754 ORDER 6886 35 32 54 43 1
2755 CANCEL 6843
2755 ORDER 6887 8 32 29 43 0
2755 ORDER 6888 9 20 30 43 1
2756 ORDER 6889 45 39 1 30 1
2756 ORDER 6890 20 21 1 4 1
2756 ORDER 6891 29 8 1 6 0
2756 BLOCK 10 6
2757 CANCEL 6683
2757 ORDER 6892 52 23 2 11 2
2757 ORDER 6893 20 14 34 44 0
2758 ORDER 6894 50 23 46 43 0
2758 ORDER 6895 47 30 2 35 0
2759 ORDER 6896 25 33 2 2 1
2759 ORDER 6897 12 32 33 44 0
2760 CANCEL 6431
2760 CANCEL 6569
2760 CANCEL 6778
2760 ORDER 6898 47 15 14 43 0
2760 ORDER 6899 24 11 1 20 0
2760 ORDER 6900 7 12 54 43 0
2761 CANCEL 6891
2761 ORDER 6901 17 32 1 27 0
2761 ORDER 6902 10 24 3 27 0
2761 ORDER 6903 51 9 2 30 0
2761 BLOCK 49 11
2762 ORDER 6904 19 41 2 17 0
2762 ORDER 6905 18 9 3 12 1
2762 BLOCK 14 6
2763 CANCEL 6638
2763 ORDER 6906 27 17 2 6 2
2763 ORDER 6907 49 33 3 34 1
2764 ORDER 6908 6 26 1 27 1
2764 ORDER 6909 42 6 2 24 0
2764 ORDER 6910 42 36 41 44 1
2765 CANCEL 6868
2765 ORDER 6911 8 33 2 44 0
2765 ORDER 6912 51 26 1 16 0
2766 CANCEL 6761
2766 ORDER 6913 36 23 42 44 0
2766 ORDER 6914 20 32 28 44 0
2766 ORDER 6915 39 15 22 44 0
2767 UNBLOCK 28 23
2767 ORDER 6916 9 17 3 41 0
2767 ORDER 6917 48 33 2 9 2
2767 ORDER 6918 41 8 13 43 1
2768 ORDER 6919 41 3 48 44 2
2768 ORDER 6920 46 12 1 30 0
2768 ORDER 6921 50 20 3 4 0
2769 ORDER 6922 42 15 3 6 0
2769 ORDER 6923 9 21 3 21 0
2769 ORDER 6924 17 36 44 43 0
2770 ORDER 6925 31 38 1 32 0
2770 ORDER 6926 39 20 3 32 1
2771 ORDER 6927 20 39 3 2 0
2771 ORDER 6928 47 5 2 26 0
2771 ORDER 6929 22 23 9 44 0
2772 ORDER 6930 34 33 10 44 0
2772 ORDER 6931 18 23 3 32 3
2773 ORDER 6932 46 18 2 10 0
2773 ORDER 6933 44 33 3 29 1
2773 ORDER 6934 48 9 51 43 2
2774 ORDER 6935 21 39 1 22 1
2774 ORDER 6936 49 35 1 20 0
2774 ORDER 6937 7 17 2 3 1
2775 ORDER 6938 44 5 2 15 0
2775 ORDER 6939 44 14 9 44 0
2776 CANCEL 6746
2776 ORDER 6940 32 9 3 38 1
2776 ORDER 6941 22 41 8 43 0
2776 ORDER 6942 7 17 1 43 0
2777 ORDER 6943 9 35 1 32 3
2777 ORDER 6944 21 41 1 20 1
2777 ORDER 6945 30 5 33 43 0
2778 ORDER 6946 11 21 1 38 0
2778 ORDER 6947 16 6 2 36 1
2778 ORDER 6948 50 32 1 29 0
2779 ORDER 6949 37 26 7 44 0
2779 ORDER 6950 19 14 7 43 1
2780 ORDER 6951 6 29 3 35 0
2780 ORDER 6952 51 20 46 44 0
2781 ORDER 6953 33 41 3 18 1
2781 ORDER 6954 21 36 1 27 1
2782 CANCEL 6592
2782 ORDER 6955 8 26 19 43 1
2782 ORDER 6956 37 17 1 14 2
2782 ORDER 6957 29 9 46 44 0
2783 CANCEL 6938
2783 ORDER 6958 47 5 3 17 0
2783 ORDER 6959 30 15 3 13 0
2783 ORDER 6960 7 18 1 6 0
2784 ORDER 6961 11 30 2 12 0
2784 ORDER 6962 53 9 2 2 1
2784 ORDER 6963 41 3 11 43 1
2785 CANCEL 6849
2785 ORDER 6964 55 20 9 43 1
2785 ORDER 6965 19 5 2 43 0
2785 ORDER 6966 30 8 2 2 2
2786 ORDER 6967 29 15 2 12 1
2786 ORDER 6968 25 3 2 31 1
2787 ORDER 6969 46 12 19 44 0
2787 ORDER 6970 6 24 1 7 0
2787 ORDER 6971 47 8 1 33 0
2788 CANCEL 6772
2788 ORDER 6972 42 20 2 37 1
2788 ORDER 6973 44 3 31 44 0
2789 ORDER 6974 52 21 3 33 1
2789 ORDER 6975 17 8 1 14 0
2789 ORDER 6976 20 36 34 43 0
2790 CANCEL 6507
2790 ORDER 6977 27 36 36 44 2
2790 ORDER 6978 49 18 2 12 0
2791 ORDER 6979 50 38 6 43 1
2791 ORDER 6980 36 26 2 31 2
2792 ORDER 6981 47 29 54 44 0
2792 ORDER 6982 48 27 3 44 3
2793 ORDER 6983 19 26 1 33 1
2793 ORDER 6984 42 5 11 44 1
2794 ORDER 6985 32 14 1 11 0
2794 ORDER 6986 28 15 40 44 1
2795 ORDER 6987 12 17 25 43 0
2795 ORDER 6988 25 9 41 43 1
2795 ORDER 6989 8 38 1 7 0
2796 ORDER 6990 28 3 2 20 1
2796 ORDER 6991 19 18 41 43 0
2796 ORDER 6992 46 23 2 27 0
2797 CANCEL 6553
2797 ORDER 6993 6 18 1 3 1
2797 ORDER 6994 45 24 22 43 1
2797 ORDER 6995 12 21 4 43 0
2798 ORDER 6996 51 29 2 26 0
2798 ORDER 6997 53 30 1 42 1
2799 ORDER 6998 32 39 1 7 0
2799 ORDER 6999 40 6 37 44 1
2799 ORDER 7000 11 29 24 44 0
2800 CANCEL 6908
2800 ORDER 7001 30 17 28 44 0
2800 ORDER 7002 32 8 23 44 0
2801 ORDER 7003 53 9 37 44 1
2801 ORDER 7004 9 15 1 2 0
2801 ORDER 7005 28 18 48 44 3
2802 ORDER 7006 18 18 1 1 0
2802 ORDER 7007 55 11 10 43 0
2802 ORDER 7008 54 27 2 16 1
2803 ORDER 7009 29 23 2 21 0
2803 ORDER 7010 38 27 41 44 1
2804 CANCEL 6723
2804 ORDER 7011 20 24 3 13 1
2804 ORDER 7012 44 39 48 43 0
2805 CANCEL 6640
2805 ORDER 7013 7 12 2 37 0
2805 ORDER 7014 44 39 29 43 3
2806 UNBLOCK 53 3
2806 ORDER 7015 48 18 21 43 0
2806 ORDER 7016 47 38 45 44 2
2807 CANCEL 6598
2807 ORDER 7017 38 15 12 44 0
2807 ORDER 7018 50 41 22 43 0
2807 ORDER 7019 30 30 3 15 0
2808 ORDER 7020 22 5 22 43 0
2808 ORDER 7021 47 21 3 2 3
2809 ORDER 7022 28 3 2 30 0
2809 ORDER 7023 32 5 3 12 2
2810 ORDER 7024 17 9 1 14 0
2810 ORDER 7025 23 27 31 43 0
2810 ORDER 7026 13 39 38 44 2
2811 ORDER 7027 54 41 3 17 0
2811 ORDER 7028 16 30 26 43 0
2811 ORDER 7029 52 36 26 44 3
2812 ORDER 7030 29 12 39 43 0
2812 ORDER 7031 25 9 1 25 0
2813 ORDER 7032 48 41 35 44 1
2813 ORDER 7033 40 15 3 1 1
2814 CANCEL 6665
2814 ORDER 7034 9 18 22 43 0
2814 ORDER 7035 16 32 3 17 0
2815 UNBLOCK 37 8
2815 ORDER 7036 9 9 3 11 1
2815 ORDER 7037 28 18 57 43 0
2815 ORDER 7038 43 11 13 44 0
2816 ORDER 7039 11 12 20 44 1
2816 ORDER 7040 48 18 5 43 1
2816 ORDER 7041 37 26 42 43 0
2817 ORDER 7042 17 21 52 44 0
2817 ORDER 7043 37 38 32 43 0
2818 ORDER 7044 54 36 15 44 0
2818 ORDER 7045 51 11 53 43 1
2818 ORDER 7046 8 23 40 43 0
2819 ORDER 7047 10 9 55 44 0
2819 ORDER 7048 34 32 3 30 0
2820 CANCEL 6967
2820 ORDER 7049 52 5 2 5 1
2820 ORDER 7050 37 36 2 22 1
2821 ORDER 7051 8 35 36 43 1
2821 ORDER 7052 11 35 1 6 0
2822 ORDER 7053 38 6 2 13 0
2822 ORDER 7054 42 41 1 24 2
2822 ORDER 7055 55 26 26 43 0
2823 ORDER 7056 34 29 47 44 1
2823 ORDER 7057 27 17 3 40 2
2823 ORDER 7058 55 39 1 2 2
2824 ORDER 7059 29 20 42 43 1
2824 ORDER 7060 13 36 2 31 1
2825 ORDER 7061 28 33 36 44 0
2825 ORDER 7062 43 26 1 25 0
2826 CANCEL 7014
2826 ORDER 7063 54 32 3 12 0
2826 ORDER 7064 27 11 1 1 0
2827 ORDER 7065 55 29 11 44 0
2827 ORDER 7066 40 8 13 43 0
2827 ORDER 7067 48 39 1 29 2
2828 ORDER 7068 46 9 29 44 2
2828 ORDER 7069 8 3 47 43 0
2828 ORDER 7070 42 15 47 43 1
2829 ORDER 7071 38 21 19 43 0
2829 ORDER 7072 7 36 32 44 0
2830 ORDER 7073 27 36 3 44 0
2830 ORDER 7074 27 30 3 32 0
2830 ORDER 7075 43 39 18 43 1
2831 ORDER 7076 40 15 1 10 0
2831 ORDER 7077 46 27 1 1 0
2832 ORDER 7078 14 14 48 43 0
2832 ORDER 7079 54 8 2 35 0
2832 ORDER 7080 18 38 40 43 1
2833 ORDER 7081 50 20 29 43 1
2833 ORDER 7082 27 35 56 44 0
2833 BLOCK 47 8
2834 ORDER 7083 39 30 3 25 0
2834 ORDER 7084 36 32 56 44 0
2834 ORDER 7085 25 33 37 44 0
2835 ORDER 7086 19 9 3 41 0
2835 ORDER 7087 10 30 20 44 0
2835 ORDER 7088 9 33 48 43 0
2836 ORDER 7089 39 21 36 44 0
2836 ORDER 7090 13 8 13 44 1
2837 ORDER 7091 55 9 2 11 2
2837 ORDER 7092 43 32 50 43 0
2838 ORDER 7093 21 24 2 15 0
2838 ORDER 7094 19 17 3 41 1
2838 ORDER 7095 47 15 34 43 0
2839 CANCEL 6923
2839 ORDER 7096 42 30 6 44 0
2839 ORDER 7097 9 36 3 26 1
2840 UNBLOCK 31 43
2840 ORDER 7098 43 26 1 35 0
2840 ORDER 7099 22 36 58 44 0
2840 ORDER 7100 35 35 33 44 0
2841 CANCEL 6986
2841 ORDER 7101 38 39 1 42 1
2841 ORDER 7102 35 32 58 44 2
2842 CANCEL 7072
2842 ORDER 7103 34 8 2 41 0
2842 ORDER 7104 38 3 1 6 2
2842 ORDER 7105 36 5 46 44 0
2843 ORDER 7106 20 17 3 27 0
2843 ORDER 7107 15 20 41 43 3
2843 ORDER 7108 18 33 50 44 0
2844 ORDER 7109 30 17 2 20 0
2844 ORDER 7110 52 39 2 1 0
2844 ORDER 7111 32 38 2 36 3
2845 CANCEL 6729
2845 CANCEL 6953
2845 ORDER 7112 55 3 3 26 0
2845 ORDER 7113 38 5 2 37 3
2846 ORDER 7114 31 5 3 29 1
2846 ORDER 7115 20 20 46 43 3
2847 CANCEL 6722
2847 ORDER 7116 21 12 3 15 0
2847 ORDER 7117 7 26 3 29 0
2847 ORDER 7118 47 36 3 20 1
2848 ORDER 7119 16 30 36 43 3
2848 ORDER 7120 18 21 39 43 0
2849 UNBLOCK 14 6
2849 ORDER 7121 44 14 2 1 0
2849 ORDER 7122 37 26 3 44 0
2850 CANCEL 6645
2850 CANCEL 7074
2850 ORDER 7123 24 11 3 27 1
2850 ORDER 7124 10 8 10 44 0
2851 ORDER 7125 17 21 3 24 3
2851 ORDER 7126 36 33 3 2 0
2852 ORDER 7127 8 30 47 43 1
2852 ORDER 7128 32 20 2 9 1
2853 ORDER 7129 9 39 2 39 1
2853 ORDER 7130 17 21 2 18 0
2853 ORDER 7131 39 18 16 44 2
2854 CANCEL 6929
2854 CANCEL 7030
2854 CANCEL 7115
2854 ORDER 7132 12 35 3 13 1
2854 ORDER 7133 20 32 30 43 0
2855 ORDER 7134 33 36 2 36 1
2855 ORDER 7135 38 29 16 44 1
2856 ORDER 7136 19 38 28 44 1
2856 ORDER 7137 24 38 1 35 2
2857 UNBLOCK 10 6
2857 CANCEL 6948
2857 ORDER 7138 47 35 20 44 1
2857 ORDER 7139 30 41 2 21 0
2857 ORDER 7140 40 18 3 8 0
2858 CANCEL 6835
2858 UNBLOCK 49 11
2858 ORDER 7141 37 20 17 44 1
2858 ORDER 7142 6 35 30 44 0
2858 ORDER 7143 49 6 5 44 1
2859 ORDER 7144 46 20 2 26 0
2859 ORDER 7145 54 32 2 11 1
2860 ORDER 7146 23 21 8 43 0
2860 ORDER 7147 32 21 20 43 1
2861 ORDER 7148 19 11 1 36 0
2861 ORDER 7149 41 39 26 43 0
2862 CANCEL 6889
2862 ORDER 7150 10 27 25 44 0
2862 ORDER 7151 7 39 22 43 1
2863 ORDER 7152 34 27 1 36 0
2863 ORDER 7153 11 3 16 44 1
2863 ORDER 7154 8 32 25 44 0
2864 ORDER 7155 30 38 3 27 0
2864 ORDER 7156 48 26 2 15 1
2865 ORDER 7157 26 24 1 17 2
2865 ORDER 7158 8 5 1 16 1
2866 CANCEL 6669
2866 ORDER 7159 28 23 3 13 0
2866 ORDER 7160 20 9 1 36 1
2867 ORDER 7161 33 41 1 42 0
2867 ORDER 7162 31 8 3 23 0
2867 ORDER 7163 18 15 52 43 0
2868 CANCEL 7043
2868 ORDER 7164 47 15 43 43 0
2868 ORDER 7165 49 17 2 28 1
2868 ORDER 7166 10 14 2 10 0
2869 ORDER 7167 17 15 3 27 0
2869 ORDER 7168 42 30 3 11 0
2870 ORDER 7169 26 27 39 43 0
2870 ORDER 7170 8 38 3 9 0
2871 ORDER 7171 34 24 10 43 1
2871 ORDER 7172 16 21 3 20 0
2871 ORDER 7173 39 11 3 41 1
2872 ORDER 7174 32 15 35 44 0
2872 ORDER 7175 54 38 51 43 0
2873 CANCEL 6799
2873 ORDER 7176 45 26 2 9 0
2873 ORDER 7177 19 29 3 18 0
2874 ORDER 7178 30 5 53 43 1
2874 ORDER 7179 42 15 3 5 0
2874 ORDER 7180 7 3 26 44 0
2875 ORDER 7181 42 33 7 44 0
2875 ORDER 7182 10 3 33 44 0
2876 ORDER 7183 20 35 28 44 1
2876 ORDER 7184 23 15 1 18 1
2877 CANCEL 7078
2877 ORDER 7185 20 39 3 20 3
2877 ORDER 7186 30 23 27 43 1
2877 BLOCK 51 33
2878 ORDER 7187 18 6 43 43 0
2878 ORDER 7188 34 6 2 37 0
2878 ORDER 7189 28 6 3 17 1
2879 CANCEL 6818
2879 CANCEL 7107
2879 ORDER 7190 24 27 1 12 0
2879 ORDER 7191 41 37 55 43 0
2879 ORDER 7192 30 38 46 43 0
2880 CANCEL 7180
2880 ORDER 7193 43 26 1 42 1
2880 ORDER 7194 28 3 3 44 3
2881 ORDER 7195 48 6 1 40 2
2881 ORDER 7196 19 17 1 26 1
2881 ORDER 7197 7 38 27 43 0
2882 CANCEL 7104
2882 ORDER 7198 52 15 2 38 0
2882 ORDER 7199 29 5 48 44 1
2882 ORDER 7200 52 36 18 43 2
2883 CANCEL 6895
2883 ORDER 7201 21 38 2 44 0
2883 ORDER 7202 27 18 35 44 0
2884 CANCEL 6787
2884 ORDER 7203 44 33 16 43 0
2884 ORDER 7204 35 41 1 31 1
2884 ORDER 7205 23 3 56 44 1
2885 CANCEL 6977
2885 ORDER 7206 12 15 10 44 0
2885 ORDER 7207 27 32 14 43 3
2885 ORDER 7208 25 9 40 43 0
2886 CANCEL 7084
2886 ORDER 7209 12 30 34 43 1
2886 ORDER 7210 21 11 42 43 0
2886 ORDER 7211 51 6 46 44 0
2887 ORDER 7212 30 23 30 43 1
2887 ORDER 7213 39 28 1 24 3
2887 ORDER 7214 14 27 52 44 2
2888 CANCEL 6917
2888 ORDER 7215 30 39 21 43 1
2888 ORDER 7216 37 15 53 43 1
2889 CANCEL 6910
2889 ORDER 7217 20 9 1 35 1
2889 ORDER 7218 43 9 3 13 1
2890 ORDER 7219 31 23 1 6 2
2890 ORDER 7220 46 21 55 44 0
2890 ORDER 7221 20 18 2 34 2
2891 ORDER 7222 7 18 1 15 0
2891 ORDER 7223 22 12 1 34 0
2891 ORDER 7224 35 33 3 27 1
2892 ORDER 7225 20 12 3 17 0
2892 ORDER 7226 41 12 1 6 0
2893 CANCEL 6922
2893 ORDER 7227 50 15 1 33 2
2893 ORDER 7228 29 27 54 43 1
2893 ORDER 7229 12 33 17 44 0
2894 ORDER 7230 7 36 3 5 1
2894 ORDER 7231 36 20 1 24 0
2895 ORDER 7232 41 5 3 25 0
2895 ORDER 7233 26 35 53 43 0
2895 ORDER 7234 21 14 8 44 0
2896 CANCEL 7073
2896 ORDER 7235 34 24 1 7 1
2896 ORDER 7236 26 29 1 9 0
2897 ORDER 7237 28 33 40 44 0
2897 ORDER 7238 28 20 32 43 1
2898 CANCEL 6994
2898 CANCEL 7123
2898 ORDER 7239 16 9 3 43 1
2898 ORDER 7240 37 21 14 44 0
2899 ORDER 7241 9 41 44 44 0
2899 ORDER 7242 53 8 35 43 0
2899 ORDER 7243 11 27 3 38 1
2900 ORDER 7244 29 35 50 43 0
2900 ORDER 7245 38 35 18 44 0
2901 ORDER 7246 48 12 53 44 3
2901 ORDER 7247 21 11 30 44 0
2902 ORDER 7248 47 11 1 29 1
2902 ORDER 7249 7 38 2 11 1
2903 CANCEL 6875
2903 ORDER 7250 11 29 18 43 0
2903 ORDER 7251 26 9 1 6 0
2903 ORDER 7252 22 12 2 12 0
2904 ORDER 7253 17 5 3 14 2
2904 ORDER 7254 39 21 3 40 2
2904 ORDER 7255 41 38 3 37 2
2905 ORDER 7256 11 3 1 25 1
2905 ORDER 7257 20 8 1 18 1
2906 ORDER 7258 24 36 16 43 2
2906 ORDER 7259 48 36 30 43 1
2907 ORDER 7260 38 21 17 44 0
2907 ORDER 7261 32 6 1 37 1
2908 ORDER 7262 20 39 1 26 0
2908 ORDER 7263 27 9 1 10 0
2908 ORDER 7264 52 27 20 43 0
2909 ORDER 7265 47 6 2 23 1
2909 ORDER 7266 39 24 2 31 2
2909 ORDER 7267 30 5 1 21 0
2910 ORDER 7268 45 41 2 6 0
2910 ORDER 7269 55 32 1 34 0
2911 ORDER 7270 28 39 36 43 2
2911 ORDER 7271 52 11 2 11 1
2912 ORDER 7272 49 39 1 40 0
2912 ORDER 7273 37 34 3 44 1
2912 ORDER 7274 48 29 2 12 2
2913 ORDER 7275 54 29 1 6 0
2913 ORDER 7276 51 29 1 3 0
2913 ORDER 7277 39 14 2 8 1
2914 ORDER 7278 47 21 16 43 0
2914 ORDER 7279 27 10 33 43 1
2914 ORDER 7280 9 14 1 1 0
2915 ORDER 7281 28 20 1 16 0
2915 ORDER 7282 6 12 3 22 0
2915 ORDER 7283 18 20 3 16 1
2916 ORDER 7284 35 39 17 44 2
2916 ORDER 7285 11 11 3 10 2
2917 ORDER 7286 50 41 19 44 2
2917 ORDER 7287 6 24 2 36 0
2917 ORDER 7288 24 9 1 3 2
2918 CANCEL 7251
2918 ORDER 7289 26 14 3 8 1
2918 ORDER 7290 51 9 3 43 0
2918 ORDER 7291 42 39 3 39 0
2919 CANCEL 7214
2919 ORDER 7292 17 30 1 13 1
2919 ORDER 7293 46 6 3 8 0
2920 ORDER 7294 50 39 35 43 0
2920 ORDER 7295 52 41 10 43 1
2921 ORDER 7296 43 8 3 40 1
2921 ORDER 7297 51 23 33 43 0
2921 ORDER 7298 30 21 40 43 1
2922 CANCEL 7249
2922 ORDER 7299 43 15 3 21 0
2922 ORDER 7300 25 35 37 44 1
2922 ORDER 7301 37 17 2 1 0
2923 UNBLOCK 51 33
2923 ORDER 7302 55 18 26 44 0
2923 ORDER 7303 20 19 2 18 0
2924 ORDER 7304 37 12 33 43 0
2924 ORDER 7305 25 20 2 41 0
2925 ORDER 7306 28 9 3 2 1
2925 ORDER 7307 55 33 44 43 0
2926 ORDER 7308 48 41 1 43 0
2926 ORDER 7309 20 41 3 28 0
2926 ORDER 7310 39 11 1 24 3
2927 ORDER 7311 14 14 5 43 0
2927 ORDER 7312 28 6 3 32 0
2927 ORDER 7313 44 32 26 43 1
2928 ORDER 7314 54 27 3 10 1
2928 ORDER 7315 42 32 1 26 0
2928 ORDER 7316 38 14 11 44 1
2929 ORDER 7317 20 21 3 43 0
2929 ORDER 7318 17 20 25 43 0
2929 ORDER 7319 51 26 1 26 0
2930 CANCEL 7252
2930 ORDER 7320 47 36 2 15 2
2930 ORDER 7321 35 35 2 10 3
2930 ORDER 7322 46 14 3 1 0
2931 CANCEL 7085
2931 ORDER 7323 13 23 1 14 3
2931 ORDER 7324 31 21 17 44 0
2931 ORDER 7325 39 12 3 40 1
2932 CANCEL 6876
2932 CANCEL 6971
2932 ORDER 7326 21 36 2 24 3
2932 ORDER 7327 45 32 22 44 0
2932 ORDER 7328 47 38 36 43 0
2933 ORDER 7329 34 30 40 44 0
2933 ORDER 7330 28 29 37 44 0
2933 ORDER 7331 38 36 43 44 0
2934 ORDER 7332 46 27 2 32 0
2934 ORDER 7333 41 21 3 20 1
2935 ORDER 7334 20 38 14 44 3
2935 ORDER 7335 46 11 51 43 0
2936 ORDER 7336 54 35 1 22 0
2936 ORDER 7337 51 26 2 10 0
2936 ORDER 7338 16 18 32 44 0
2937 ORDER 7339 31 27 2 10 0
2937 ORDER 7340 6 11 3 5 0
2938 ORDER 7341 51 27 7 44 0
2938 ORDER 7342 21 9 2 41 0
2939 ORDER 7343 18 18 2 38 0
2939 ORDER 7344 35 26 2 15 0
2939 ORDER 7345 29 18 1 42 1
2940 CANCEL 7039
2940 ORDER 7346 40 23 42 44 1
2940 ORDER 7347 35 29 2 37 1
2941 CANCEL 7253
2941 ORDER 7348 40 17 1 43 0
2941 ORDER 7349 19 39 43 43 2
2942 ORDER 7350 24 33 1 23 1
2942 ORDER 7351 37 24 1 7 2
2942 ORDER 7352 12 32 3 30 2
2943 CANCEL 7090
2943 ORDER 7353 9 18 1 11 0
2943 ORDER 7354 22 17 3 19 0
2944 ORDER 7355 25 30 3 24 1
2944 ORDER 7356 49 12 56 43 0
2945 ORDER 7357 39 14 2 43 0
2945 ORDER 7358 10 20 36 44 0
2945 ORDER 7359 45 18 50 43 0
2946 ORDER 7360 35 24 48 43 2
2946 ORDER 7361 17 9 2 33 1
2946 ORDER 7362 22 14 3 20 1
2947 CANCEL 7026
2947 ORDER 7363 49 8 41 43 0
2947 ORDER 7364 32 3 21 44 0
2947 ORDER 7365 52 6 2 19 0
2948 ORDER 7366 50 23 10 44 0
2948 ORDER 7367 53 24 31 43 0
2948 ORDER 7368 15 29 21 43 3
2949 CANCEL 6918
2949 ORDER 7369 26 6 2 17 1
2949 ORDER 7370 39 36 3 32 0
2949 ORDER 7371 30 18 36 43 2
2950 ORDER 7372 20 39 3 2 1
2950 ORDER 7373 48 37 3 29 1
2950 ORDER 7374 44 39 3 37 1
2951 CANCEL 7057
2951 ORDER 7375 17 30 1 40 0
2951 ORDER 7376 47 26 3 38 1
2951 ORDER 7377 10 17 16 43 1
2952 ORDER 7378 42 30 2 5 0
2952 ORDER 7379 28 14 1 4 0
2952 ORDER 7380 27 11 29 43 0
2953 ORDER 7381 51 24 2 5 3
2953 ORDER 7382 6 12 7 44 1
2954 ORDER 7383 8 18 21 44 1
2954 ORDER 7384 19 20 13 44 1
2955 ORDER 7385 10 23 40 44 0
2955 ORDER 7386 26 20 1 14 2
2955 ORDER 7387 29 8 50 43 0
2956 ORDER 7388 41 33 3 43 0
2956 ORDER 7389 50 41 16 43 0
2957 ORDER 7390 11 26 3 13 0
2957 ORDER 7391 7 11 3 16 0
2958 CANCEL 7046
2958 ORDER 7392 15 33 54 44 3
2958 ORDER 7393 31 39 2 29 1
2958 ORDER 7394 48 10 1 10 0
2958 BLOCK 34 18
2959 ORDER 7395 25 35 1 16 0
2959 ORDER 7396 54 41 3 14 0
2959 ORDER 7397 44 11 48 44 1
2960 ORDER 7398 23 5 22 43 0
2960 ORDER 7399 19 3 1 20 0
2960 ORDER 7400 11 17 44 43 1
2961 CANCEL 6976
2961 ORDER 7401 35 11 3 29 3
2961 ORDER 7402 51 14 3 40 1
2961 ORDER 7403 38 14 2 31 0
2962 CANCEL 6933
2962 CANCEL 7239
2962 ORDER 7404 45 30 1 38 1
2962 ORDER 7405 39 6 3 15 0
2962 ORDER 7406 7 18 4 44 0
2963 CANCEL 6960
2963 ORDER 7407 53 27 2 32 0
2963 ORDER 7408 44 17 3 11 1
2963 ORDER 7409 46 18 1 19 0
2964 CANCEL 7322
2964 ORDER 7410 45 24 2 34 2
2964 ORDER 7411 40 24 1 27 2
2964 ORDER 7412 24 23 2 13 3
2965 ORDER 7413 23 5 1 22 1
2965 ORDER 7414 31 6 12 44 1
2965 ORDER 7415 40 39 3 40 0
2966 ORDER 7416 21 14 2 8 0
2966 ORDER 7417 19 30 55 44 0
2967 CANCEL 7010
2967 ORDER 7418 34 41 44 44 0
2967 ORDER 7419 9 35 2 12 1
2968 ORDER 7420 33 3 10 43 1
2968 ORDER 7421 22 17 1 17 0
2969 CANCEL 7165
2969 ORDER 7422 49 41 21 44 0
2969 ORDER 7423 50 36 3 30 0
2970 ORDER 7424 36 23 2 35 1
2970 ORDER 7425 30 24 1 1 0
2971 ORDER 7426 23 38 1 11 0
2971 ORDER 7427 39 9 37 43 0
2972 ORDER 7428 27 26 52 44 0
2972 ORDER 7429 40 3 13 43 2
2972 ORDER 7430 20 9 31 44 0
2973 UNBLOCK 47 8
2973 ORDER 7431 37 38 3 21 3
2973 ORDER 7432 10 6 1 11 0
2974 ORDER 7433 9 32 8 44 0
2974 ORDER 7434 18 33 3 9 0
2974 ORDER 7435 15 27 14 43 0
2975 CANCEL 7205
2975 ORDER 7436 34 33 3 9 3
2975 ORDER 7437 52 8 44 43 0
2976 ORDER 7438 12 15 56 44 1
2976 ORDER 7439 17 35 50 44 0
2976 ORDER 7440 7 21 3 25 1
2977 ORDER 7441 17 23 2 3 0
2977 ORDER 7442 10 30 19 44 1
2977 ORDER 7443 34 8 1 10 3
2978 ORDER 7444 27 36 49 44 0
2978 ORDER 7445 52 23 2 10 2
2979 ORDER 7446 29 3 1 39 0
2979 ORDER 7447 42 21 2 42 0
2980 ORDER 7448 54 24 3 16 0
2980 ORDER 7449 20 38 3 33 0
2980 ORDER 7450 8 24 27 43 1
2981 CANCEL 7110
2981 ORDER 7451 25 33 43 43 1
2981 ORDER 7452 6 17 46 43 1
2981 ORDER 7453 47 14 3 37 0
2982 CANCEL 7146
2982 ORDER 7454 52 26 2 10 0
2982 ORDER 7455 50 36 6 43 2
2982 ORDER 7456 44 12 1 24 1
2983 ORDER 7457 26 20 1 44 0
2983 ORDER 7458 20 29 27 44 0
2984 ORDER 7459 50 39 52 44 0
2984 ORDER 7460 33 15 1 17 1
2984 ORDER 7461 30 24 4 43 0
2985 ORDER 7462 42 17 3 7 1
2985 ORDER 7463 32 14 50 44 0
2985 ORDER 7464 30 39 1 26 0
2986 ORDER 7465 27 27 31 43 1
2986 ORDER 7466 19 33 3 4 0
2986 ORDER 7467 21 39 16 43 1
2987 ORDER 7468 47 24 2 36 0
2987 ORDER 7469 18 5 1 16 0
2987 ORDER 7470 19 11 1 5 3
2988 ORDER 7471 32 23 2 9 1
2988 ORDER 7472 21 26 3 40 0
2989 ORDER 7473 8 14 23 44 0
2989 ORDER 7474 19 38 3 2 3
2990 CANCEL 7020
2990 ORDER 7475 7 38 12 43 0
2990 ORDER 7476 10 23 2 33 0
2991 ORDER 7477 27 41 35 44 1
2991 ORDER 7478 25 27 1 9 1
2992 CANCEL 7169
2992 ORDER 7479 35 20 3 29 2
2992 ORDER 7480 22 20 24 44 2
2993 ORDER 7481 46 30 6 44 2
2993 ORDER 7482 52 3 3 31 0
2994 ORDER 7483 38 6 2 22 0
2994 ORDER 7484 29 6 32 43 0
2994 ORDER 7485 24 26 28 44 0
2995 ORDER 7486 36 18 46 44 1
2995 ORDER 7487 21 11 26 44 0
2996 ORDER 7488 36 30 2 41 0
2996 ORDER 7489 29 6 15 43 0
2997 ORDER 7490 21 9 3 41 1
2997 ORDER 7491 37 3 2 19 0
2997 ORDER 7492 14 20 17 43 1
2998 ORDER 7493 17 32 2 36 0
2998 ORDER 7494 51 12 3 16 0
2999 CANCEL 7393
2999 ORDER 7495 36 18 3 42 0
2999 ORDER 7496 6 29 1 30 0
2999 ORDER 7497 10 3 33 43 0
3000 ORDER 7498 44 14 1 16 0
3000 ORDER 7499 38 24 2 36 0
3000 ORDER 7500 6 39 44 44 0
3001 CANCEL 7022
3001 CANCEL 7194
3001 ORDER 7501 35 9 3 44 1
3001 ORDER 7502 35 18 1 16 1
3002 ORDER 7503 38 26 7 43 3
3002 ORDER 7504 43 29 50 43 0
3003 CANCEL 7217
3003 ORDER 7505 28 26 46 43 0
3003 ORDER 7506 32 5 3 22 0
3004 CANCEL 7068
3004 ORDER 7507 55 15 25 43 1
3004 ORDER 7508 44 5 1 6 1
3004 ORDER 7509 49 14 3 41 0
3005 ORDER 7510 36 27 26 44 2
3005 ORDER 7511 30 17 56 44 1
3006 ORDER 7512 19 27 52 44 0
3006 ORDER 7513 26 17 3 43 2
3006 ORDER 7514 35 20 3 33 1
3007 ORDER 7515 49 6 1 43 0
3007 ORDER 7516 13 8 2 3 0
3007 ORDER 7517 8 36 1 18 0
3008 ORDER 7518 44 32 45 43 0
3008 ORDER 7519 14 29 25 44 0
3009 CANCEL 7050
3009 ORDER 7520 38 35 2 43 0
3009 ORDER 7521 41 17 23 44 0
3009 ORDER 7522 47 17 16 43 0
3010 ORDER 7523 29 8 29 43 0
3010 ORDER 7524 14 9 3 33 0
3011 ORDER 7525 40 6 5 44 2
3011 ORDER 7526 38 20 2 5 0
3011 ORDER 7527 41 14 1 11 0
3012 ORDER 7528 11 32 14 43 0
3012 ORDER 7529 38 30 3 9 0
3013 ORDER 7530 11 38 2 28 0
3013 ORDER 7531 16 33 18 44 2
3013 ORDER 7532 37 17 53 44 1
3014 ORDER 7533 33 39 1 3 3
3014 ORDER 7534 21 18 3 11 0
3014 BLOCK 53 13
3015 CANCEL 7144
3015 ORDER 7535 22 30 40 44 2
3015 ORDER 7536 12 23 57 44 0
3015 ORDER 7537 21 21 31 43 0
3016 CANCEL 7191
3016 ORDER 7538 24 36 25 43 0
3016 ORDER 7539 6 27 3 37 0
3016 ORDER 7540 19 3 48 43 0
3017 CANCEL 7341
3017 ORDER 7541 37 27 2 40 2
3017 ORDER 7542 10 3 3 23 1
3017 ORDER 7543 39 30 55 43 2
3018 ORDER 7544 41 15 1 6 0
3018 ORDER 7545 46 26 3 44 1
3019 ORDER 7546 51 38 1 4 2
3019 ORDER 7547 33 30 2 10 0
3020 CANCEL 7371
3020 CANCEL 7461
3020 ORDER 7548 19 33 2 1 0
3020 ORDER 7549 13 21 56 44 1
3021 ORDER 7550 28 32 9 43 0
3021 ORDER 7551 7 39 2 1 0
3022 ORDER 7552 19 23 2 23 0
3022 ORDER 7553 47 18 2 33 3
3023 UNBLOCK 34 18
3023 ORDER 7554 18 26 2 42 0
3023 ORDER 7555 47 38 1 10 0
3024 CANCEL 7142
3024 ORDER 7556 10 30 2 15 0
3024 ORDER 7557 6 35 34 44 0
3024 ORDER 7558 8 35 27 44 0
3025 ORDER 7559 49 35 3 31 1
3025 ORDER 7560 9 11 1 1 3
3025 ORDER 7561 25 11 3 14 1
3026 CANCEL 7273
3026 ORDER 7562 35 9 3 42 0
3026 ORDER 7563 21 24 1 24 0
3026 ORDER 7564 29 8 3 32 3
3027 ORDER 7565 20 38 24 44 2
3027 ORDER 7566 13 3 3 37 0
3028 CANCEL 7230
3028 ORDER 7567 27 23 1 14 1
3028 ORDER 7568 32 8 30 43 0
3029 ORDER 7569 49 33 31 44 0
3029 ORDER 7570 8 38 2 29 0
3029 ORDER 7571 51 9 3 3 1
3030 ORDER 7572 47 30 1 11 0
3030 ORDER 7573 20 15 2 30 1
3030 ORDER 7574 55 24 46 44 1
3031 ORDER 7575 30 9 2 27 2
3031 ORDER 7576 33 33 19 43 0
3031 ORDER 7577 10 38 1 8 0
3032 ORDER 7578 54 26 1 34 1
3032 ORDER 7579 31 27 2 15 0
3033 ORDER 7580 45 29 3 7 0
3033 ORDER 7581 47 33 3 30 1
3033 ORDER 7582 25 9 2 28 1
3034 ORDER 7583 34 33 28 43 2
3034 ORDER 7584 38 21 2 27 1
3034 ORDER 7585 24 26 3 6 3
3035 CANCEL 7117
3035 ORDER 7586 14 3 3 31 0
3035 ORDER 7587 43 38 40 44 0
3035 ORDER 7588 37 17 1 5 0
3036 ORDER 7589 50 18 3 30 0
3036 ORDER 7590 50 21 42 43 0
3036 ORDER 7591 10 30 3 37 1
3037 CANCEL 7512
3037 ORDER 7592 42 5 12 44 1
3037 ORDER 7593 26 20 13 44 1
3037 ORDER 7594 8 9 16 43 0
3038 ORDER 7595 24 24 11 43 0
3038 ORDER 7596 15 35 29 44 0
3039 ORDER 7597 51 38 42 44 2
3039 ORDER 7598 22 23 54 44 0
3039 ORDER 7599 41 38 5 44 0
3040 CANCEL 7354
3040 ORDER 7600 37 11 1 25 0
3040 ORDER 7601 44 27 3 30 1
3040 ORDER 7602 17 35 13 43 0
3041 ORDER 7603 15 20 1 5 0
3041 ORDER 7604 39 27 22 44 1
3041 ORDER 7605 29 17 2 11 1
3042 ORDER 7606 44 32 3 13 0
3042 ORDER 7607 10 29 7 44 1
3043 ORDER 7608 17 3 2 14 0
3043 ORDER 7609 35 20 2 1 0
3044 ORDER 7610 14 9 57 43 0
3044 ORDER 7611 6 8 1 20 0
3044 ORDER 7612 55 14 2 27 0
3045 ORDER 7613 36 18 1 44 0
3045 ORDER 7614 11 32 50 44 0
3045 ORDER 7615 50 21 17 44 1
3046 ORDER 7616 13 15 50 44 0
3046 ORDER 7617 48 38 2 28 0
3046 ORDER 7618 7 39 2 39 0
3047 ORDER 7619 20 33 1 37 1
3047 ORDER 7620 7 29 7 44 0
3047 ORDER 7621 12 39 2 20 1
3048 CANCEL 7526
3048 ORDER 7622 7 30 2 30 0
3048 ORDER 7623 9 5 2 30 1
3049 ORDER 7624 6 21 3 23 1
3049 ORDER 7625 45 32 48 44 0
3049 ORDER 7626 27 30 1 28 0
3050 CANCEL 7317
3050 ORDER 7627 52 14 23 43 2
3050 ORDER 7628 27 17 3 29 1
3050 ORDER 7629 21 11 36 43 2
3051 ORDER 7630 28 23 2 13 1
3051 ORDER 7631 26 9 23 43 1
3051 ORDER 7632 28 32 1 36 1
3052 ORDER 7633 6 5 48 44 0
3052 ORDER 7634 27 36 2 7 0
3052 ORDER 7635 18 41 19 44 1
3053 CANCEL 7478
3053 ORDER 7636 6 21 3 1 0
3053 ORDER 7637 34 35 3 18 1
3054 ORDER 7638 29 5 8 44 0
3054 ORDER 7639 30 27 44 43 0
3055 ORDER 7640 30 3 1 32 0
3055 ORDER 7641 30 3 8 43 0
3055 ORDER 7642 14 29 1 8 0
3056 ORDER 7643 22 20 3 15 0
3056 ORDER 7644 47 38 29 43 0
3057 ORDER 7645 53 6 1 33 0
3057 ORDER 7646 8 32 2 8 1
3058 ORDER 7647 23 8 32 43 0
3058 ORDER 7648 40 39 1 27 0
3058 ORDER 7649 28 23 3 36 0
3059 ORDER 7650 54 27 40 44 0
3059 ORDER 7651 8 41 35 43 0
3060 ORDER 7652 33 6 2 39 3
3060 ORDER 7653 9 26 1 23 0
3061 ORDER 7654 32 18 7 44 0
3061 ORDER 7655 36 14 22 44 0
3061 ORDER 7656 24 5 38 43 0
3062 ORDER 7657 19 14 46 44 1
3062 ORDER 7658 39 5 36 44 0
3062 BLOCK 7 8
3063 CANCEL 7268
3063 ORDER 7659 40 24 6 44 2
3063 ORDER 7660 28 8 1 34 0
3063 ORDER 7661 17 38 2 40 0
3064 ORDER 7662 54 6 40 44 0
3064 ORDER 7663 6 6 8 43 0
3065 ORDER 7664 21 15 3 17 2
3065 ORDER 7665 8 26 2 2 0
3066 ORDER 7666 28 27 55 44 3
3066 ORDER 7667 8 38 16 44 1
3066 ORDER 7668 43 29 15 44 0
3067 ORDER 7669 14 20 3 1 0
3067 ORDER 7670 54 32 1 15 1
3067 ORDER 7671 29 24 7 44 1
3068 ORDER 7672 11 38 37 44 1
3068 ORDER 7673 11 38 6 43 2
3069 ORDER 7674 9 15 42 43 3
3069 ORDER 7675 9 33 3 15 1
3070 ORDER 7676 11 33 42 44 0
3070 ORDER 7677 29 5 2 35 0
3070 ORDER 7678 38 18 48 43 1
3071 ORDER 7679 15 9 2 30 0
3071 ORDER 7680 42 20 1 30 0
3072 ORDER 7681 9 11 34 43 0
3072 ORDER 7682 15 20 43 44 1
3073 CANCEL 7306
3073 ORDER 7683 35 39 1 19 1
3073 ORDER 7684 46 21 21 44 1
3073 ORDER 7685 43 32 53 44 0
3074 CANCEL 7600
3074 ORDER 7686 53 33 3 41 0
3074 ORDER 7687 50 39 3 40 1
3075 ORDER 7688 11 26 3 15 2
3075 ORDER 7689 53 39 1 6 0
3076 ORDER 7690 7 32 2 34 0
3076 ORDER 7691 12 5 24 44 2
3077 ORDER 7692 38 32 34 44 2
3077 ORDER 7693 40 21 2 2 0
3078 ORDER 7694 51 5 24 44 0
3078 ORDER 7695 52 23 43 44 0
3078 ORDER 7696 10 8 20 44 0
3079 CANCEL 7532
3079 ORDER 7697 36 15 1 23 0
3079 ORDER 7698 54 26 3 23 0
3079 BLOCK 19 18
3080 ORDER 7699 13 3 3 2 0
3080 ORDER 7700 7 21 21 43 0
3081 ORDER 7701 52 35 3 39 2
3081 ORDER 7702 17 41 2 10 0
3082 ORDER 7703 30 8 51 44 0
3082 ORDER 7704 26 8 1 10 1
3083 ORDER 7705 32 11 2 29 1
3083 ORDER 7706 20 39 6 44 2
3084 ORDER 7707 6 6 2 22 3
3084 ORDER 7708 38 35 1 36 0
3084 ORDER 7709 38 14 42 44 0
3085 CANCEL 7586
3085 ORDER 7710 16 26 33 44 0
3085 ORDER 7711 10 3 3 15 0
3086 ORDER 7712 6 24 3 27 1
3086 ORDER 7713 7 27 1 9 0
3086 ORDER 7714 7 41 1 40 1
3087 ORDER 7715 31 8 15 43 3
3087 ORDER 7716 48 33 28 44 0
3088 ORDER 7717 25 18 11 44 0
3088 ORDER 7718 37 29 53 44 0
3088 ORDER 7719 49 23 37 43 0
3089 ORDER 7720 52 24 1 35 0
3089 ORDER 7721 47 14 2 42 0
3089 ORDER 7722 39 17 3 26 1
3090 ORDER 7723 30 39 45 44 1
3090 ORDER 7724 16 33 53 44 0
3091 ORDER 7725 17 38 1 39 0
3091 ORDER 7726 16 27 2 19 0
3092 ORDER 7727 31 12 22 44 2
3092 ORDER 7728 45 41 3 31 3
3093 ORDER 7729 49 8 3 33 0
3093 ORDER 7730 28 39 51 44 1
3093 ORDER 7731 12 32 2 23 0
3094 ORDER 7732 27 15 44 43 0
3094 ORDER 7733 28 18 2 20 3
3095 UNBLOCK 53 13
3095 ORDER 7734 39 36 1 38 0
3095 ORDER 7735 34 27 1 18 0
3096 ORDER 7736 48 32 1 30 0
3096 ORDER 7737 42 27 3 17 0
3097 ORDER 7738 43 24 57 43 1
3097 ORDER 7739 8 6 38 44 1
3098 ORDER 7740 29 35 8 44 0
3098 ORDER 7741 19 35 7 44 0
3099 ORDER 7742 35 26 32 44 3
3099 ORDER 7743 9 18 2 10 1
3100 ORDER 7744 30 33 55 43 0
3100 ORDER 7745 7 14 39 43 2
3101 ORDER 7746 28 20 3 34 3
3101 ORDER 7747 40 36 44 44 3
3102 CANCEL 7470
3102 ORDER 7748 44 15 3 16 1
3102 ORDER 7749 12 38 25 44 1
3103 ORDER 7750 48 20 2 8 1
3103 ORDER 7751 46 38 1 2 0
3103 ORDER 7752 44 32 14 44 0
3104 ORDER 7753 38 38 32 43 1
3104 ORDER 7754 10 35 18 44 0
3104 ORDER 7755 17 21 1 30 1
3105 ORDER 7756 17 14 2 36 0
3105 ORDER 7757 52 41 2 33 0
3106 ORDER 7758 30 14 34 43 2
3106 ORDER 7759 55 41 31 44 0
3107 ORDER 7760 6 6 14 43 0
3107 ORDER 7761 32 6 11 43 0
3107 ORDER 7762 18 11 9 43 2
3108 UNBLOCK 7 8
3108 CANCEL 7721
3108 ORDER 7763 38 36 50 44 2
3108 ORDER 7764 49 17 1 31 1
3109 ORDER 7765 16 26 1 13 0
3109 ORDER 7766 11 36 2 40 0
3110 CANCEL 7455
3110 CANCEL 7502
3110 ORDER 7767 10 26 29 44 0
3110 ORDER 7768 30 18 14 43 0
3111 ORDER 7769 51 15 3 29 2
3111 ORDER 7770 18 39 1 15 0
3111 ORDER 7771 40 39 45 44 1
3112 CANCEL 7666
3112 ORDER 7772 9 5 33 43 0
3112 ORDER 7773 40 9 1 19 1
3113 ORDER 7774 44 35 1 9 1
3113 ORDER 7775 46 26 2 17 0
3113 ORDER 7776 20 35 2 42 1
3114 ORDER 7777 52 23 3 24 1
3114 ORDER 7778 29 41 1 24 0
3114 ORDER 7779 13 21 2 26 0
3115 ORDER 7780 38 30 1 17 1
3115 ORDER 7781 15 9 14 44 2
3115 ORDER 7782 36 9 45 44 1
3116 ORDER 7783 7 23 21 43 0
3116 ORDER 7784 41 23 11 44 0
3117 ORDER 7785 7 9 34 44 0
3117 ORDER 7786 32 5 9 44 1
3117 ORDER 7787 39 23 2 26 2
3118 CANCEL 7636
3118 ORDER 7788 11 11 17 44 0
3118 ORDER 7789 48 30 18 44 0
3119 CANCEL 7576
3119 ORDER 7790 6 34 1 13 1
3119 ORDER 7791 51 39 43 44 0
3119 ORDER 7792 40 12 2 2 1
3120 ORDER 7793 44 5 1 3 0
3120 ORDER 7794 31 23 1 12 0
3121 CANCEL 7654
3121 ORDER 7795 37 21 38 43 2
3121 ORDER 7796 42 36 3 38 0
3122 CANCEL 7409
3122 ORDER 7797 21 30 2 23 3
3122 ORDER 7798 21 39 57 43 1
3122 ORDER 7799 45 11 27 43 0
3123 ORDER 7800 37 5 3 1 0
3123 ORDER 7801 13 17 3 3 0
3124 ORDER 7802 50 3 2 42 0
3124 ORDER 7803 44 17 42 44 0
3124 ORDER 7804 31 11 8 44 0
3125 ORDER 7805 48 9 1 8 0
3125 ORDER 7806 6 27 2 37 0
3126 ORDER 7807 10 30 1 1 0
3126 ORDER 7808 11 35 3 28 2
3127 ORDER 7809 44 35 2 36 0
3127 ORDER 7810 22 23 15 43 1
3127 ORDER 7811 29 14 1 41 0
3128 CANCEL 7362
3128 UNBLOCK 19 18
3128 ORDER 7812 52 23 1 19 0
3128 ORDER 7813 32 6 17 44 0
3128 ORDER 7814 29 33 2 41 0
3129 CANCEL 7658
3129 ORDER 7815 54 35 2 39 1
3129 ORDER 7816 13 36 14 44 0
3130 CANCEL 7743
3130 ORDER 7817 29 18 20 44 0
3130 ORDER 7818 55 18 51 44 0
3131 ORDER 7819 31 18 17 44 1
3131 ORDER 7820 32 36 24 43 2
3131 ORDER 7821 7 29 13 44 0
3132 CANCEL 7558
3132 ORDER 7822 17 38 1 8 0
3132 ORDER 7823 33 32 2 21 1
3132 ORDER 7824 22 20 3 7 1
3133 ORDER 7825 9 23 2 27 0
3133 ORDER 7826 21 32 2 19 1
3133 CANCEL 107826
3134 ORDER 7827 39 18 3 17 0
3134 ORDER 7828 47 23 51 43 2
3135 ORDER 7829 21 21 3 42 0
3135 ORDER 7830 18 39 8 43 3
3136 ORDER 7831 6 35 1 39 0
3136 ORDER 7832 13 38 8 44 0
3136 ORDER 7833 42 27 50 44 2
3137 ORDER 7834 7 29 3 36 0
3137 ORDER 7835 11 15 3 10 0
3138 ORDER 7836 24 26 2 14 0
3138 ORDER 7837 42 20 1 21 0
3139 ORDER 7838 23 39 2 21 0
3139 ORDER 7839 17 38 51 43 2
3139 ORDER 7840 38 3 1 35 0
3140 CANCEL 7491
3140 ORDER 7841 25 11 3 19 1
3140 ORDER 7842 21 20 2 7 0
3140 ORDER 7843 21 3 2 19 1
3141 ORDER 7844 8 17 14 44 0
3141 ORDER 7845 46 6 2 28 1
3141 ORDER 7846 11 41 17 43 0
3142 ORDER 7847 10 30 3 27 0
3142 ORDER 7848 27 20 3 9 2
3142 ORDER 7849 32 12 45 43 0
3143 ORDER 7850 55 29 17 43 2
3143 ORDER 7851 48 11 2 33 1
3143 ORDER 7852 9 35 1 43 0
3144 CANCEL 7430
3144 ORDER 7853 43 33 12 44 1
3144 ORDER 7854 32 12 46 43 0
3144 ORDER 7855 12 5 2 41 0
3144 BLOCK 42 12
3145 ORDER 7856 49 5 2 44 0
3145 ORDER 7857 8 23 7 43 0
3145 ORDER 7858 18 26 50 44 0
3146 ORDER 7859 12 6 3 35 0
3146 ORDER 7860 40 20 32 43 0
3147 ORDER 7861 9 27 1 9 0
3147 ORDER 7862 25 5 27 43 0
3148 ORDER 7863 12 30 1 37 0
3148 ORDER 7864 33 21 2 28 0
3148 ORDER 7865 21 12 13 43 1
3149 ORDER 7866 18 27 32 43 0
3149 ORDER 7867 7 5 2 24 0
3149 ORDER 7868 55 20 34 44 0
3150 CANCEL 7628
3150 ORDER 7869 35 33 1 17 1
3150 ORDER 7870 29 27 3 35 0
3151 CANCEL 7782
3151 CANCEL 7783
3151 ORDER 7871 35 39 2 10 1
3151 ORDER 7872 45 32 10 43 1
3151 BLOCK 6 5
3152 ORDER 7873 7 32 1 22 1
3152 ORDER 7874 25 5 2 38 0
3153 CANCEL 7406
3153 ORDER 7875 25 26 8 43 0
3153 ORDER 7876 30 39 55 44 0
3154 CANCEL 7506
3154 ORDER 7877 10 14 5 43 0
3154 ORDER 7878 48 15 16 43 3
3155 ORDER 7879 51 3 19 44 3
3155 ORDER 7880 35 27 16 43 0
3155 ORDER 7881 55 18 1 18 0
3156 CANCEL 7626
3156 ORDER 7882 24 23 2 38 2
3156 ORDER 7883 51 6 3 23 1
3156 ORDER 7884 43 35 58 44 0
3157 ORDER 7885 13 14 49 44 1
3157 ORDER 7886 37 14 28 44 0
3157 ORDER 7887 47 8 23 43 0
3158 CANCEL 7821
3158 CANCEL 7862
3158 ORDER 7888 51 39 5 43 0
3158 ORDER 7889 35 27 21 44 0
3158 ORDER 7890 52 35 52 44 0
3159 ORDER 7891 11 29 14 44 0
3159 ORDER 7892 27 15 55 44 0
3160 ORDER 7893 15 20 2 28 3
3160 ORDER 7894 45 33 24 43 0
3160 ORDER 7895 35 30 50 44 1
3160 BLOCK 37 39
3161 CANCEL 7835
3161 ORDER 7896 30 11 20 43 0
3161 ORDER 7897 33 35 56 44 2
3162 ORDER 7898 10 14 3 13 1
3162 ORDER 7899 45 29 1 5 0
3162 ORDER 7900 49 20 1 24 1
3163 ORDER 7901 17 23 1 31 0
3163 ORDER 7902 50 8 15 43 2
3164 ORDER 7903 31 8 2 31 0
3164 ORDER 7904 33 33 2 42 1
3164 ORDER 7905 55 21 3 14 0
3165 ORDER 7906 26 24 2 22 2
3165 ORDER 7907 48 26 27 44 0
3165 ORDER 7908 19 8 1 6 0
3166 ORDER 7909 29 30 17 44 0
3166 ORDER 7910 49 38 38 43 3
3166 ORDER 7911 19 21 1 7 1
3167 CANCEL 7646
3167 ORDER 7912 22 18 35 43 1
3167 ORDER 7913 20 30 45 44 0
3168 CANCEL 7685
3168 ORDER 7914 21 41 9 44 1
3168 ORDER 7915 8 32 24 44 0
3168 ORDER 7916 49 17 2 37 0
3169 ORDER 7917 18 21 2 7 1
3169 ORDER 7918 18 9 40 44 0
3170 ORDER 7919 29 23 2 8 0
3170 ORDER 7920 44 14 9 43 0
3170 ORDER 7921 47 26 3 40 2
3171 CANCEL 7911
3171 ORDER 7922 48 36 3 16 1
3171 ORDER 7923 44 5 2 15 1
3172 ORDER 7924 33 3 25 44 2
3172 ORDER 7925 31 17 49 43 3
3173 ORDER 7926 23 33 29 44 1
3173 ORDER 7927 34 41 51 44 0
3173 ORDER 7928 47 32 1 26 0
3174 ORDER 7929 24 23 5 43 0
3174 ORDER 7930 8 28 2 10 3
3174 ORDER 7931 38 3 43 44 1
3175 ORDER 7932 29 12 1 14 1
3175 ORDER 7933 30 29 3 24 0
3175 ORDER 7934 18 18 3 11 0
3176 CANCEL 7515
3176 ORDER 7935 21 23 1 6 0
3176 ORDER 7936 51 17 40 43 1
3177 ORDER 7937 8 21 17 43 0
3177 ORDER 7938 31 5 3 35 0
3178 CANCEL 7618
3178 ORDER 7939 40 26 1 34 0
3178 ORDER 7940 48 38 55 44 0
3178 ORDER 7941 10 38 1 40 1
3179 ORDER 7942 43 39 50 43 0
3179 ORDER 7943 47 17 3 13 0
3180 ORDER 7944 44 30 1 2 2
3180 ORDER 7945 28 23 51 43 2
3181 CANCEL 7473
3181 CANCEL 7905
3181 ORDER 7946 28 11 26 44 1
3181 ORDER 7947 18 3 3 11 0
3182 CANCEL 7784
3182 ORDER 7948 31 9 3 28 0
3182 ORDER 7949 36 15 37 43 0
3182 ORDER 7950 20 11 1 13 0
3183 ORDER 7951 35 9 2 22 0
3183 ORDER 7952 26 8 55 43 0
3183 ORDER 7953 7 35 25 43 2
3184 CANCEL 7749
3184 ORDER 7954 20 24 1 11 0
3184 ORDER 7955 35 24 17 44 2
3185 ORDER 7956 21 6 56 43 1
3185 ORDER 7957 10 38 2 43 0
3185 ORDER 7958 8 36 3 19 2
3186 ORDER 7959 7 35 1 38 0
3186 ORDER 7960 12 35 2 7 2
3187 ORDER 7961 38 8 2 4 0
3187 ORDER 7962 31 27 25 43 0
3188 ORDER 7963 13 36 28 43 1
3188 ORDER 7964 27 20 58 44 2
3189 CANCEL 7915
3189 ORDER 7965 16 8 3 1 0
3189 ORDER 7966 37 6 16 44 0
3189 ORDER 7967 44 14 2 41 1
3189 BLOCK 49 8
3190 CANCEL 7895
3190 ORDER 7968 23 38 1 36 1
3190 ORDER 7969 12 32 1 28 0
3191 CANCEL 7770
3191 ORDER 7970 45 27 40 43 1
3191 ORDER 7971 7 30 3 26 0
3192 ORDER 7972 32 6 3 13 0
3192 ORDER 7973 12 5 48 43 0
3193 ORDER 7974 14 12 52 43 0
3193 ORDER 7975 33 21 3 12 1
3194 CANCEL 7490
3194 ORDER 7976 42 6 47 44 0
3194 ORDER 7977 7 21 28 43 0
3194 ORDER 7978 55 35 27 43 2
3195 ORDER 7979 26 24 38 44 0
3195 ORDER 7980 41 21 3 37 0
3195 BLOCK 9 33
3196 ORDER 7981 47 14 3 43 1
3196 ORDER 7982 27 33 50 43 0
3197 ORDER 7983 9 12 54 44 0
3197 ORDER 7984 17 6 17 43 0
3197 ORDER 7985 10 35 15 44 1
3198 ORDER 7986 36 30 3 10 0
3198 ORDER 7987 51 14 1 28 0
3199 ORDER 7988 24 21 50 43 1
3199 ORDER 7989 47 17 1 21 0
3199 ORDER 7990 9 33 35 44 0
3200 ORDER 7991 12 39 3 1 0
3200 ORDER 7992 54 33 46 44 1
3200 ORDER 7993 43 27 40 43 1
3201 ORDER 7994 10 23 3 22 0
3201 ORDER 7995 50 23 3 17 0
3201 ORDER 7996 37 17 2 6 1
3202 CANCEL 7974
3202 ORDER 7997 49 41 3 18 0
3202 ORDER 7998 28 20 2 31 0
3203 ORDER 7999 21 7 2 17 1
3203 ORDER 8000 17 20 1 10 0
3204 CANCEL 7818
3204 ORDER 8001 30 5 41 44 0
3204 ORDER 8002 9 6 57 43 0
3205 ORDER 8003 38 20 1 44 1
3205 ORDER 8004 46 27 1 21 3
3206 ORDER 8005 45 39 1 28 1
3206 ORDER 8006 50 41 48 44 1
3207 ORDER 8007 16 20 51 44 0
3207 ORDER 8008 44 39 2 23 3
3207 ORDER 8009 27 12 54 43 1
3208 UNBLOCK 37 39
3208 ORDER 8010 46 36 2 10 1
3208 ORDER 8011 35 18 38 43 0
3209 UNBLOCK 6 5
3209 ORDER 8012 49 39 1 7 1
3209 ORDER 8013 28 26 26 44 0
3209 ORDER 8014 18 33 31 44 1
3210 ORDER 8015 21 8 13 44 0
3210 ORDER 8016 36 27 51 44 0
3211 CANCEL 7696
3211 ORDER 8017 27 38 3 37 1
3211 ORDER 8018 20 36 26 43 0
3212 CANCEL 7672
3212 ORDER 8019 43 41 3 22 0
3212 ORDER 8020 28 35 3 33 1
3213 ORDER 8021 24 11 3 8 0
3213 ORDER 8022 11 3 2 30 0
3213 ORDER 8023 35 9 20 44 0
3214 ORDER 8024 51 5 1 18 1
3214 ORDER 8025 27 23 19 44 1
3214 ORDER 8026 54 36 1 20 0
3215 ORDER 8027 11 3 2 7 0
3215 ORDER 8028 35 32 3 25 0
3215 ORDER 8029 40 4 9 44 0
3216 ORDER 8030 38 32 3 28 0
3216 ORDER 8031 22 36 49 43 0
3216 ORDER 8032 42 15 28 43 0
3217 ORDER 8033 6 41 58 44 2
3217 ORDER 8034 32 9 3 37 0
3217 ORDER 8035 34 26 14 43 0
3218 ORDER 8036 11 20 1 18 1
3218 ORDER 8037 48 14 1 17 0
3218 ORDER 8038 16 20 3 38 0
3219 CANCEL 7725
3219 ORDER 8039 49 3 1 35 0
3219 ORDER 8040 6 39 21 43 0
3220 CANCEL 7697
3220 ORDER 8041 54 32 18 44 3
3220 ORDER 8042 20 30 29 44 0
3220 ORDER 8043 51 39 36 43 3
3221 CANCEL 7833
3221 ORDER 8044 55 12 3 1 0
3221 ORDER 8045 10 32 2 17 0
3222 CANCEL 7671
3222 ORDER 8046 52 15 2 6 0
3222 ORDER 8047 13 5 1 12 1
3222 ORDER 8048 28 30 2 35 0
3223 ORDER 8049 34 38 3 18 0
3223 ORDER 8050 6 12 1 26 3
3223 ORDER 8051 9 33 3 10 0
3223 BLOCK 30 6
3224 CANCEL 7791
3224 ORDER 8052 30 17 26 44 2
3224 ORDER 8053 29 23 3 6 1
3225 ORDER 8054 28 41 4 44 0
3225 ORDER 8055 48 5 4 44 1
3226 ORDER 8056 53 8 1 2 2
3226 ORDER 8057 25 27 3 36 0
3227 UNBLOCK 42 12
3227 ORDER 8058 9 35 3 6 0
3227 ORDER 8059 29 12 50 43 0
3228 ORDER 8060 50 5 1 27 0
3228 ORDER 8061 31 8 1 34 0
3228 ORDER 8062 42 35 23 44 1
3229 ORDER 8063 30 39 21 43 0
3229 ORDER 8064 27 15 28 44 0
3230 ORDER 8065 35 41 2 32 1
3230 ORDER 8066 10 29 34 44 0
3230 ORDER 8067 31 14 2 9 0
3231 ORDER 8068 28 32 1 30 0
3231 ORDER 8069 9 35 19 44 0
3231 ORDER 8070 37 24 36 44 0
3232 ORDER 8071 36 18 13 44 1
3232 ORDER 8072 33 6 1 3 0
3232 ORDER 8073 16 39 37 44 0
3233 ORDER 8074 52 8 1 25 0
3233 ORDER 8075 39 8 42 43 1
3233 ORDER 8076 28 8 32 43 1
3234 ORDER 8077 51 12 22 44 2
3234 ORDER 8078 29 33 2 32 1
3234 ORDER 8079 14 17 20 44 3
3235 ORDER 8080 15 35 3 38 0
3235 ORDER 8081 49 20 1 6 0
3235 ORDER 8082 12 14 3 39 2
3236 ORDER 8083 11 5 53 43 1
3236 ORDER 8084 8 41 2 12 0
3236 ORDER 8085 52 14 2 40 1
3237 ORDER 8086 23 39 4 44 1
3237 ORDER 8087 17 35 2 14 0
3237 ORDER 8088 51 8 57 43 0
3238 CANCEL 7812
3238 CANCEL 7995
3238 ORDER 8089 9 15 2 5 2
3238 ORDER 8090 28 9 1 25 0
3239 ORDER 8091 27 17 4 44 3
3239 ORDER 8092 29 20 50 43 0
3240 CANCEL 7982
3240 ORDER 8093 14 11 1 21 1
3240 ORDER 8094 23 23 2 36 0
3240 ORDER 8095 16 27 3 8 0
3241 UNBLOCK 9 33
3241 ORDER 8096 55 14 50 43 0
3241 ORDER 8097 22 36 42 43 0
3242 CANCEL 7965
3242 ORDER 8098 31 3 31 43 0
3242 ORDER 8099 49 30 17 44 3
3242 ORDER 8100 44 3 26 43 0
3243 ORDER 8101 29 27 3 9 2
3243 ORDER 8102 32 9 2 29 0
3243 ORDER 8103 43 32 3 28 0
3244 ORDER 8104 48 27 8 43 0
3244 ORDER 8105 7 30 23 44 3
3244 ORDER 8106 20 36 2 15 0
3245 ORDER 8107 38 35 2 20 1
3245 ORDER 8108 14 5 44 43 0
3245 ORDER 8109 51 8 3 36 1
3246 ORDER 8110 17 32 3 7 0
3246 ORDER 8111 20 20 40 44 0
3247 ORDER 8112 29 24 3 33 1
3247 ORDER 8113 30 36 2 7 1
3248 ORDER 8114 34 35 1 40 2
3248 ORDER 8115 17 9 21 43 0
3248 ORDER 8116 6 27 2 22 3
3249 CANCEL 7809
3249 ORDER 8117 51 5 1 37 0
3249 ORDER 8118 39 26 7 43 3
3250 CANCEL 7807
3250 ORDER 8119 46 38 2 15 0
3250 ORDER 8120 54 6 3 44 0
3250 ORDER 8121 38 18 12 44 3
3251 CANCEL 7826
3251 ORDER 8122 10 15 2 32 2
3251 ORDER 8123 38 27 3 8 0
3251 CANCEL 108123
3252 ORDER 8124 55 9 1 5 0
3252 ORDER 8125 52 36 3 18 0
3252 ORDER 8126 27 20 1 25 0
3253 CANCEL 8017
3253 ORDER 8127 26 20 58 44 2
3253 ORDER 8128 27 7 36 44 0
3254 ORDER 8129 6 8 1 12 2
3254 ORDER 8130 7 9 17 44 0
3255 ORDER 8131 33 6 2 33 1
3255 ORDER 8132 42 17 52 43 2
3256 CANCEL 7970
3256 ORDER 8133 6 6 3 15 0
3256 ORDER 8134 38 41 46 43 0
3256 ORDER 8135 51 27 3 12 2
3257 ORDER 8136 53 11 2 43 0
3257 ORDER 8137 20 20 4 44 1
3258 CANCEL 7878
3258 ORDER 8138 16 41 50 43 1
3258 ORDER 8139 20 12 27 43 0
3258 BLOCK 15 37
3259 ORDER 8140 51 18 58 43 0
3259 ORDER 8141 25 35 26 43 0
3260 ORDER 8142 39 29 3 42 1
3260 ORDER 8143 11 8 38 44 1
3261 ORDER 8144 44 14 3 5 1
3261 ORDER 8145 6 18 2 14 0
3262 ORDER 8146 9 29 36 43 0
3262 ORDER 8147 34 30 51 43 0
3262 ORDER 8148 20 17 1 24 0
3263 ORDER 8149 24 36 32 43 0
3263 ORDER 8150 22 15 25 44 0
3264 CANCEL 8112
3264 CANCEL 8134
3264 ORDER 8151 42 38 2 26 2
3264 ORDER 8152 38 24 58 43 0
3264 ORDER 8153 37 20 41 44 1
3265 CANCEL 7761
3265 ORDER 8154 28 8 5 43 0
3265 ORDER 8155 52 27 3 41 1
3265 ORDER 8156 38 26 30 43 1
3266 ORDER 8157 19 38 16 43 0
3266 ORDER 8158 10 32 3 15 0
3266 ORDER 8159 51 21 29 44 1
3267 ORDER 8160 45 23 1 21 0
3267 ORDER 8161 48 29 1 41 1
3268 ORDER 8162 20 29 2 5 1
3268 ORDER 8163 28 18 54 44 1
3268 ORDER 8164 29 9 3 32 0
3269 ORDER 8165 47 29 3 29 1
3269 ORDER 8166 19 11 3 2 0
3269 ORDER 8167 47 12 21 44 0
3270 CANCEL 7894
3270 ORDER 8168 45 18 3 18 3
3270 ORDER 8169 19 14 1 12 1
3270 ORDER 8170 46 9 1 6 0
3271 ORDER 8171 28 17 26 44 1
3271 ORDER 8172 37 32 1 12 1
3271 ORDER 8173 6 8 1 1 2
3272 ORDER 8174 35 18 57 44 1
3272 ORDER 8175 48 5 1 28 0
3272 ORDER 8176 21 9 56 44 1
3273 ORDER 8177 26 9 2 29 0
3273 ORDER 8178 39 20 3 15 0
3274 ORDER 8179 7 35 3 16 0
3274 ORDER 8180 9 8 3 37 0
3274 ORDER 8181 10 5 19 44 0
3275 ORDER 8182 21 11 1 5 1
3275 ORDER 8183 29 21 2 31 2
3276 CANCEL 7861
3276 ORDER 8184 13 39 2 2 0
3276 ORDER 8185 45 20 15 43 1
3277 ORDER 8186 36 18 1 28 0
3277 ORDER 8187 41 14 1 37 0
3278 ORDER 8188 17 24 3 20 2
3278 ORDER 8189 28 9 57 44 0
3278 ORDER 8190 19 6 2 27 1
3279 CANCEL 8104
3279 ORDER 8191 6 21 2 44 3
3279 ORDER 8192 21 8 3 21 0
3280 ORDER 8193 27 30 1 1 0
3280 ORDER 8194 25 32 1 20 1
3281 ORDER 8195 38 14 3 35 0
3281 ORDER 8196 8 24 23 44 1
3282 ORDER 8197 9 9 11 44 0
3282 ORDER 8198 19 6 3 25 3
3282 ORDER 8199 17 18 23 44 0
3283 ORDER 8200 38 18 1 3 0
3283 ORDER 8201 27 9 40 44 1
3283 ORDER 8202 6 14 45 43 0
3283 BLOCK 49 12
3284 ORDER 8203 11 17 20 43 2
3284 ORDER 8204 28 12 3 42 1
3284 BLOCK 35 33
3285 CANCEL 7768
3285 ORDER 8205 52 35 2 5 1
3285 ORDER 8206 10 39 4 43 3
3286 ORDER 8207 20 8 19 44 0
3286 ORDER 8208 46 20 9 43 0
3286 ORDER 8209 40 23 3 31 0
3287 ORDER 8210 27 6 3 38 1
3287 ORDER 8211 44 15 1 28 2
3287 ORDER 8212 17 38 14 44 2
3288 ORDER 8213 32 8 1 29 0
3288 ORDER 8214 13 3 34 44 0
3288 ORDER 8215 49 6 1 14 0
3289 ORDER 8216 24 21 45 43 0
3289 ORDER 8217 9 23 1 42 0
3289 ORDER 8218 7 12 1 15 2
3290 ORDER 8219 11 30 56 44 0
3290 ORDER 8220 21 8 14 43 0
3291 CANCEL 8038
3291 ORDER 8221 13 39 2 17 1
3291 ORDER 8222 21 11 2 25 2
3292 ORDER 8223 19 3 6 44 0
3292 ORDER 8224 43 6 22 44 0
3293 ORDER 8225 51 24 2 31 1
3293 ORDER 8226 22 5 1 43 2
3294 CANCEL 7840
3294 ORDER 8227 36 35 1 38 1
3294 ORDER 8228 48 5 21 43 0
3295 CANCEL 7949
3295 ORDER 8229 31 8 13 43 1
3295 ORDER 8230 33 5 15 43 0
3295 ORDER 8231 30 38 3 6 0
3296 ORDER 8232 38 8 32 44 0
3296 ORDER 8233 21 5 15 43 0
3296 ORDER 8234 19 15 1 3 0
3297 ORDER 8235 21 41 35 43 0
3297 ORDER 8236 44 27 2 36 1
3298 ORDER 8237 32 39 30 44 0
3298 ORDER 8238 37 36 3 3 2
3299 CANCEL 7793
3299 ORDER 8239 11 24 39 43 1
3299 ORDER 8240 26 20 3 41 1
3300 ORDER 8241 20 26 1 15 0
3300 ORDER 8242 33 36 2 21 0
3301 ORDER 8243 36 21 11 43 2
3301 ORDER 8244 28 3 11 43 1
3302 ORDER 8245 50 20 2 10 0
3302 ORDER 8246 31 41 26 43 0
3303 ORDER 8247 22 8 1 36 0
3303 ORDER 8248 32 20 1 11 0
3303 ORDER 8249 48 8 18 43 1
3304 ORDER 8250 41 35 28 43 0
3304 ORDER 8251 9 38 51 44 0
3305 ORDER 8252 48 29 3 33 0
3305 ORDER 8253 24 35 3 27 0
3305 ORDER 8254 9 15 3 43 0
3306 ORDER 8255 42 33 3 26 0
3306 ORDER 8256 49 8 25 43 0
3306 ORDER 8257 38 39 3 35 0
3307 ORDER 8258 41 14 15 44 0
3307 ORDER 8259 37 36 24 43 2
3308 ORDER 8260 18 27 37 44 0
3308 ORDER 8261 29 11 35 43 3
3308 ORDER 8262 48 24 23 44 0
3309 ORDER 8263 52 3 1 24 0
3309 ORDER 8264 29 11 32 44 1
3310 ORDER 8265 46 20 1 15 1
3310 ORDER 8266 26 15 43 44 1
3311 ORDER 8267 37 5 16 43 0
3311 ORDER 8268 23 35 11 44 1
3312 CANCEL 8213
3312 ORDER 8269 53 29 34 44 0
3312 ORDER 8270 10 30 13 44 0
3312 ORDER 8271 54 6 3 13 1
3313 ORDER 8272 49 14 1 17 0
3313 ORDER 8273 55 20 3 28 1
3313 ORDER 8274 20 20 3 20 1
3314 CANCEL 8135
3314 ORDER 8275 11 18 5 44 1
3314 ORDER 8276 39 29 3 32 0
3314 ORDER 8277 50 38 35 44 1
3315 CANCEL 8079
3315 CANCEL 8097
3315 CANCEL 8099
3315 ORDER 8278 48 29 2 24 1
3315 ORDER 8279 48 6 55 44 1
3315 ORDER 8280 6 30 16 44 0
3316 ORDER 8281 33 15 2 6 2
3316 ORDER 8282 18 12 41 44 0
3316 ORDER 8283 9 26 3 20 0
3317 ORDER 8284 54 6 13 43 2
3317 ORDER 8285 6 12 2 37 0
3317 ORDER 8286 26 12 3 19 1
3318 ORDER 8287 13 12 18 44 0
3318 ORDER 8288 46 33 3 44 1
3318 ORDER 8289 28 30 39 44 0
3319 ORDER 8290 30 30 1 27 3
3319 ORDER 8291 37 17 3 35 0
3320 CANCEL 8031
3320 ORDER 8292 19 3 3 27 2
3320 ORDER 8293 43 17 2 7 0
3320 ORDER 8294 9 17 38 43 0
3321 CANCEL 7947
3321 ORDER 8295 44 9 20 43 1
3321 ORDER 8296 36 14 2 8 0
3321 ORDER 8297 41 17 3 19 0
3322 CANCEL 8004
3322 ORDER 8298 27 24 1 32 1
3322 ORDER 8299 12 23 1 18 0
3322 ORDER 8300 53 29 2 24 1
3323 ORDER 8301 36 26 39 44 0
3323 ORDER 8302 17 41 1 1 0
3323 ORDER 8303 45 29 46 43 0
3324 CANCEL 8224
3324 ORDER 8304 43 36 44 43 0
3324 ORDER 8305 30 9 6 43 0
3325 UNBLOCK 35 33
3325 ORDER 8306 11 27 2 24 0
3325 ORDER 8307 29 24 49 43 0
3325 ORDER 8308 24 36 21 43 0
3326 UNBLOCK 49 8
3326 ORDER 8309 19 9 44 44 0
3326 ORDER 8310 42 41 1 18 0
3327 ORDER 8311 54 24 22 44 1
3327 ORDER 8312 13 17 19 43 0
3327 ORDER 8313 25 30 44 44 0
3328 ORDER 8314 7 38 32 44 0
3328 ORDER 8315 9 39 21 44 0
3328 ORDER 8316 42 20 2 38 0
3329 ORDER 8317 11 35 32 43 0
3329 ORDER 8318 39 32 2 38 1
3330 CANCEL 8275
3330 ORDER 8319 31 14 3 2 0
3330 ORDER 8320 40 20 55 44 0
3331 CANCEL 8268
3331 ORDER 8321 11 29 24 43 0
3331 ORDER 8322 53 39 29 44 0
3332 CANCEL 7973
3332 ORDER 8323 53 29 2 3 1
3332 ORDER 8324 8 29 1 44 0
3333 ORDER 8325 27 21 41 44 2
3333 ORDER 8326 52 8 2 6 2
3333 ORDER 8327 20 38 41 43 0
3333 BLOCK 5 35
3334 UNBLOCK 30 6
3334 ORDER 8328 30 20 1 40 0
3334 ORDER 8329 29 18 2 27 3
3334 ORDER 8330 47 18 1 1 0
3335 ORDER 8331 41 15 50 44 1
3335 ORDER 8332 22 36 3 41 0
3336 CANCEL 8332
3336 ORDER 8333 38 6 29 43 3
3336 ORDER 8334 42 23 3 27 0
3336 ORDER 8335 11 38 2 25 0
3337 UNBLOCK 49 12
3337 ORDER 8336 31 41 2 7 0
3337 ORDER 8337 34 29 12 43 3
3338 CANCEL 7890
3338 CANCEL 8096
3338 ORDER 8338 23 3 6 44 0
3338 ORDER 8339 11 18 3 27 0
3338 ORDER 8340 55 9 5 44 0
3339 ORDER 8341 45 41 44 43 1
3339 ORDER 8342 29 39 3 8 0
3340 ORDER 8343 14 17 10 44 2
3340 ORDER 8344 11 35 2 43 0
3340 ORDER 8345 29 14 53 43 0
3341 ORDER 8346 13 38 3 29 1
3341 ORDER 8347 41 15 1 14 0
3342 ORDER 8348 10 3 3 30 1
3342 ORDER 8349 55 17 3 29 0
3343 ORDER 8350 15 20 6 43 0
3343 ORDER 8351 20 6 37 43 2
3344 ORDER 8352 26 11 12 43 1
3344 ORDER 8353 53 32 36 43 1
3345 ORDER 8354 55 14 1 41 0
3345 ORDER 8355 48 32 12 44 0
3346 ORDER 8356 44 29 1 5 3
3346 ORDER 8357 44 29 1 3 0
3347 ORDER 8358 27 11 1 44 1
3347 ORDER 8359 41 12 23 43 2
3348 ORDER 8360 33 32 51 43 1
3348 ORDER 8361 18 23 35 44 1
3349 ORDER 8362 48 36 1 14 2
3349 ORDER 8363 20 15 3 9 0
3350 CANCEL 8252
3350 ORDER 8364 14 38 1 18 0
3350 ORDER 8365 55 5 16 44 0
3351 ORDER 8366 10 18 56 44 3
3351 ORDER 8367 43 32 1 27 0
3352 ORDER 8368 44 35 1 23 1
3352 ORDER 8369 21 12 38 44 2
3353 CANCEL 8284
3353 ORDER 8370 38 6 53 43 0
3353 ORDER 8371 53 29 45 43 2
3354 ORDER 8372 46 33 3 44 0
3354 ORDER 8373 29 6 44 43 0
3355 ORDER 8374 32 21 5 44 3
3355 ORDER 8375 17 33 3 11 0
3355 ORDER 8376 41 4 3 4 0
3356 CANCEL 8366
3356 ORDER 8377 40 5 3 11 0
3356 ORDER 8378 18 24 1 29 0
3357 ORDER 8379 28 26 35 43 0
3357 ORDER 8380 41 18 10 44 0
3357 ORDER 8381 38 14 2 25 2
3358 CANCEL 8342
3358 ORDER 8382 7 38 3 37 1
3358 ORDER 8383 19 11 2 14 1
3359 ORDER 8384 52 23 36 44 0
3359 ORDER 8385 41 3 2 8 1
3359 ORDER 8386 48 14 2 42 0
3360 ORDER 8387 46 33 32 43 1
3360 ORDER 8388 20 23 14 44 3
3360 ORDER 8389 19 23 3 35 0
3361 ORDER 8390 44 12 3 7 2
3361 ORDER 8391 19 29 55 43 3
3361 ORDER 8392 38 38 52 44 0
3362 ORDER 8393 55 30 3 14 1
3362 ORDER 8394 55 29 1 22 0
3363 ORDER 8395 26 32 1 40 0
3363 ORDER 8396 40 20 41 43 3
3364 ORDER 8397 42 32 3 22 0
3364 ORDER 8398 40 17 3 33 1
3365 ORDER 8399 52 3 3 26 2
3365 ORDER 8400 53 32 37 44 1
3366 CANCEL 7921
3366 ORDER 8401 6 24 1 33 2
3366 ORDER 8402 36 27 17 44 1
3366 ORDER 8403 52 39 37 44 0
3367 ORDER 8404 47 12 2 7 0
3367 ORDER 8405 47 8 56 43 0
3368 ORDER 8406 20 24 30 43 1
3368 ORDER 8407 45 20 23 44 1
3368 ORDER 8408 53 11 57 43 0
3369 ORDER 8409 26 8 3 25 0
3369 ORDER 8410 44 30 24 44 0
3369 ORDER 8411 41 6 31 44 0
3370 ORDER 8412 31 17 1 36 0
3370 ORDER 8413 23 6 3 25 0
3371 CANCEL 8227
3371 ORDER 8414 39 23 3 37 3
3371 ORDER 8415 52 21 44 43 0
3372 CANCEL 8070
3372 UNBLOCK 15 37
3372 ORDER 8416 54 33 1 14 1
3372 ORDER 8417 34 8 3 41 1
3372 ORDER 8418 29 6 1 31 0
3373 ORDER 8419 46 20 48 44 1
3373 ORDER 8420 54 41 3 41 0
3374 ORDER 8421 16 21 2 34 0
3374 ORDER 8422 12 41 14 44 2
3374 ORDER 8423 19 9 40 43 1
3375 ORDER 8424 27 18 3 8 0
3375 ORDER 8425 44 26 1 26 0
3376 ORDER 8426 55 26 3 19 0
3376 ORDER 8427 21 26 1 20 0
3376 ORDER 8428 10 14 2 35 0
3377 ORDER 8429 50 5 3 10 0
3377 ORDER 8430 28 11 1 23 1
3377 ORDER 8431 44 11 13 44 0
3378 ORDER 8432 21 17 1 10 0
3378 ORDER 8433 7 20 2 9 0
3378 ORDER 8434 46 20 1 34 1
3379 ORDER 8435 26 29 20 44 0
3379 ORDER 8436 37 17 44 43 1
3380 ORDER 8437 30 27 51 44 1
3380 ORDER 8438 52 38 2 34 2
3380 ORDER 8439 42 38 41 43 3
3381 ORDER 8440 11 30 47 43 0
3381 ORDER 8441 30 36 2 22 3
3382 ORDER 8442 31 5 3 44 0
3382 ORDER 8443 12 17 3 37 0
3383 CANCEL 8402
3383 ORDER 8444 17 17 5 44 0
3383 ORDER 8445 10 15 2 34 0
3383 ORDER 8446 29 15 2 23 1
3384 CANCEL 8003
3384 ORDER 8447 19 27 2 9 0
3384 ORDER 8448 21 6 4 43 0
3385 ORDER 8449 46 12 2 17 0
3385 ORDER 8450 24 41 12 43 0
3386 ORDER 8451 30 6 9 44 0
3386 ORDER 8452 46 12 5 44 0
3387 ORDER 8453 38 11 3 28 0
3387 ORDER 8454 6 3 2 23 0
3387 ORDER 8455 14 15 31 43 0
3388 ORDER 8456 36 29 3 34 0
3388 ORDER 8457 50 20 2 40 1
3388 ORDER 8458 27 27 45 43 0
3389 CANCEL 7987
3389 ORDER 8459 34 36 2 16 0
3389 ORDER 8460 48 35 2 35 2
3390 ORDER 8461 6 20 45 43 0
3390 ORDER 8462 23 38 1 37 1
3390 ORDER 8463 28 30 3 24 0
3391 ORDER 8464 31 18 28 44 0
3391 ORDER 8465 51 15 3 15 0
3391 ORDER 8466 29 15 2 6 0
3392 ORDER 8467 8 9 1 23 1
3392 ORDER 8468 23 35 57 43 1
3393 CANCEL 8306
3393 ORDER 8469 48 24 3 29 0
3393 ORDER 8470 6 33 10 43 0
3394 ORDER 8471 55 24 54 43 1
3394 ORDER 8472 13 30 5 44 2
3394 ORDER 8473 27 21 3 28 3
3395 ORDER 8474 51 17 52 44 1
3395 ORDER 8475 48 21 41 44 0
3395 ORDER 8476 21 12 3 36 0
3396 ORDER 8477 31 39 25 43 1
3396 ORDER 8478 42 38 24 44 0
3397 ORDER 8479 20 15 5 43 0
3397 ORDER 8480 37 26 12 44 0
3397 ORDER 8481 50 4 1 21 1
3398 ORDER 8482 32 15 13 43 2
3398 ORDER 8483 28 26 30 43 0
3398 ORDER 8484 29 23 1 5 0
3399 ORDER 8485 17 33 2 25 1
3399 ORDER 8486 21 26 45 43 2
3400 ORDER 8487 28 5 3 33 0
3400 ORDER 8488 15 33 3 25 0
3401 ORDER 8489 35 35 3 38 0
3401 ORDER 8490 43 27 2 20 0
3402 ORDER 8491 50 32 3 24 0
3402 ORDER 8492 53 30 41 44 0
3402 ORDER 8493 38 27 1 13 0
3403 ORDER 8494 42 15 25 44 1
3403 ORDER 8495 38 11 2 14 3
3403 ORDER 8496 30 36 50 43 1
3404 CANCEL 8380
3404 CANCEL 8486
3404 ORDER 8497 34 26 4 44 0
3404 ORDER 8498 18 14 28 44 0
3404 ORDER 8499 8 23 54 44 1
3405 ORDER 8500 33 15 23 44 2
3405 ORDER 8501 26 35 3 11 0
3406 CANCEL 8462
3406 ORDER 8502 27 26 1 37 1
3406 ORDER 8503 54 41 44 43 3
3406 CANCEL 108503
3407 ORDER 8504 44 12 58 43 1
3407 ORDER 8505 18 11 36 43 3
3407 ORDER 8506 20 27 11 43 0
3408 ORDER 8507 23 21 2 24 0
3408 ORDER 8508 29 36 3 20 1
3409 ORDER 8509 39 15 3 24 2
3409 ORDER 8510 16 41 16 44 1
3410 CANCEL 8337
3410 ORDER 8511 32 5 18 43 1
3410 ORDER 8512 7 32 2 23 0
3411 CANCEL 8245
3411 ORDER 8513 43 11 1 3 0
3411 ORDER 8514 53 26 53 44 0
3412 ORDER 8515 11 41 3 16 1
3412 ORDER 8516 9 15 3 43 0
3412 ORDER 8517 20 5 52 43 0
3413 ORDER 8518 30 10 3 12 1
3413 ORDER 8519 46 9 2 39 0
3414 ORDER 8520 55 32 3 43 1
3414 ORDER 8521 12 15 16 43 1
3415 ORDER 8522 9 29 1 35 1
3415 ORDER 8523 16 18 57 43 0
3415 ORDER 8524 19 26 3 1 1
3416 ORDER 8525 52 41 1 36 0
3416 ORDER 8526 9 30 1 3 0
3417 ORDER 8527 46 9 2 21 0
3417 ORDER 8528 30 6 46 43 3
3417 ORDER 8529 38 6 1 16 0
3418 ORDER 8530 26 15 2 31 2
3418 ORDER 8531 29 11 24 43 0
3419 ORDER 8532 19 11 2 5 1
3419 ORDER 8533 38 5 4 44 0
3420 CANCEL 8116
3420 ORDER 8534 47 32 17 44 0
3420 ORDER 8535 33 38 51 43 0
3421 ORDER 8536 23 41 3 8 0
3421 ORDER 8537 10 26 1 35 0
3422 ORDER 8538 46 35 2 14 3
3422 ORDER 8539 10 21 46 43 0
3423 ORDER 8540 50 8 3 8 1
3423 ORDER 8541 51 5 44 44 1
3423 ORDER 8542 36 18 50 44 1
3424 ORDER 8543 37 36 42 44 0
3424 ORDER 8544 43 5 1 14 1
3425 CANCEL 8533
3425 ORDER 8545 33 15 29 43 2
3425 ORDER 8546 7 31 7 44 0
3425 ORDER 8547 49 39 26 43 2
3426 ORDER 8548 45 20 34 44 3
3426 ORDER 8549 8 11 3 21 1
3427 ORDER 8550 21 17 7 43 0
3427 ORDER 8551 25 27 1 3 1
3427 ORDER 8552 19 29 2 11 0
3428 ORDER 8553 24 36 1 17 0
3428 ORDER 8554 24 27 29 44 1
3428 ORDER 8555 35 26 6 43 0
3429 ORDER 8556 14 18 3 9 0
3429 ORDER 8557 33 32 54 44 0
3429 ORDER 8558 14 9 1 3 0
3430 CANCEL 8406
3430 ORDER 8559 44 12 1 44 0
3430 ORDER 8560 48 30 56 43 0
3431 CANCEL 8453
3431 ORDER 8561 17 9 2 18 2
3431 ORDER 8562 42 17 1 35 0
3432 UNBLOCK 5 35
3432 ORDER 8563 38 41 1 32 1
3432 ORDER 8564 24 39 2 22 1
3433 ORDER 8565 20 8 1 6 1
3433 ORDER 8566 46 20 3 39 1
3433 ORDER 8567 7 17 20 44 1
3434 ORDER 8568 22 12 3 8 0
3434 ORDER 8569 32 15 2 39 0
3435 CANCEL 8550
3435 ORDER 8570 28 6 3 35 0
3435 ORDER 8571 6 41 1 16 1
3436 CANCEL 8552
3436 ORDER 8572 55 33 2 36 2
3436 ORDER 8573 7 30 2 9 3
3437 ORDER 8574 44 26 2 6 0
3437 ORDER 8575 22 38 1 4 0
3438 ORDER 8576 11 26 2 26 1
3438 ORDER 8577 18 12 2 17 0
3438 ORDER 8578 50 3 41 44 0
3439 CANCEL 8170
3439 CANCEL 8260
3439 ORDER 8579 17 24 36 44 2
3439 ORDER 8580 52 29 1 40 0
3439 ORDER 8581 10 9 44 43 1
3440 ORDER 8582 27 38 3 2 0
3440 ORDER 8583 47 36 2 14 0
3441 ORDER 8584 19 8 10 43 0
3441 ORDER 8585 7 20 53 43 0
3442 CANCEL 8417
3442 ORDER 8586 6 33 30 43 1
3442 ORDER 8587 30 39 2 21 2
3443 CANCEL 8546
3443 ORDER 8588 23 35 47 44 0
3443 ORDER 8589 11 5 57 44 0
3444 CANCEL 8290
3444 CANCEL 8466
3444 ORDER 8590 10 41 3 10 0
3444 ORDER 8591 16 39 5 43 0
3444 ORDER 8592 47 26 3 40 0
3444 BLOCK 48 8
3445 ORDER 8593 20 39 24 43 0
3445 ORDER 8594 44 3 43 44 1
3446 ORDER 8595 47 6 1 35 0
3446 ORDER 8596 15 18 3 19 0
3446 ORDER 8597 13 30 37 44 2
3447 ORDER 8598 26 33 1 7 1
3447 ORDER 8599 17 14 24 43 0
3447 ORDER 8600 19 30 19 43 0
3448 CANCEL 8420
3448 ORDER 8601 8 18 30 44 1
3448 ORDER 8602 21 3 11 43 0
3449 ORDER 8603 15 35 2 25 2
3449 ORDER 8604 20 24 3 28 0
3450 CANCEL 8374
3450 ORDER 8605 38 38 2 25 2
3450 ORDER 8606 6 6 2 11 0
3451 ORDER 8607 19 24 3 4 3
3451 ORDER 8608 40 18 20 43 0
3451 ORDER 8609 38 41 15 43 1
3452 ORDER 8610 39 38 3 7 0
3452 ORDER 8611 38 35 19 44 0
3452 ORDER 8612 19 17 31 44 0
3453 ORDER 8613 9 14 16 43 1
3453 ORDER 8614 11 29 1 31 0
3454 ORDER 8615 14 38 28 44 2
3454 ORDER 8616 32 36 1 19 2
3455 ORDER 8617 55 26 3 7 2
3455 ORDER 8618 12 17 2 1 0
3456 ORDER 8619 33 23 2 3 0
3456 ORDER 8620 27 39 50 43 2
3456 ORDER 8621 22 20 10 43 1
3457 ORDER 8622 41 38 27 43 0
3457 ORDER 8623 42 21 39 44 0
3457 ORDER 8624 48 8 12 43 0
3458 CANCEL 8591
3458 ORDER 8625 20 33 3 33 0
3458 ORDER 8626 53 32 2 9 2
3458 ORDER 8627 18 24 2 21 2
3459 ORDER 8628 6 36 1 41 1
3459 ORDER 8629 13 23 45 44 1
3460 ORDER 8630 50 8 1 11 1
3460 ORDER 8631 17 23 58 43 0
3461 ORDER 8632 35 30 31 43 0
3461 ORDER 8633 52 5 33 44 0
3462 ORDER 8634 25 26 1 12 1
3462 ORDER 8635 22 5 2 5 0
3463 ORDER 8636 49 18 1 43 0
3463 ORDER 8637 46 6 35 44 0
3464 ORDER 8638 23 27 2 1 1
3464 ORDER 8639 21 23 4 43 2
3465 ORDER 8640 30 6 20 43 1
3465 ORDER 8641 10 3 2 27 0
3466 ORDER 8642 12 36 3 27 1
3466 ORDER 8643 44 29 57 44 2
3466 ORDER 8644 43 30 6 43 1
3467 ORDER 8645 40 11 30 43 2
3467 ORDER 8646 37 14 3 2 2
3468 ORDER 8647 36 12 1 26 1
3468 ORDER 8648 46 9 37 44 0
3468 ORDER 8649 37 36 5 43 1
3469 ORDER 8650 22 32 4 44 2
3469 ORDER 8651 28 6 3 2 0
3469 ORDER 8652 33 32 10 44 0
3470 ORDER 8653 55 5 52 44 0
3470 ORDER 8654 11 32 49 43 0
3470 ORDER 8655 35 32 2 31 0
3471 ORDER 8656 50 17 1 20 0
3471 ORDER 8657 18 21 1 41 0
3471 ORDER 8658 6 20 3 3 0
3471 CANCEL 108658
3472 ORDER 8659 46 9 19 43 0
3472 ORDER 8660 29 11 1 37 0
3473 ORDER 8661 26 9 8 43 0
3473 ORDER 8662 26 8 3 25 1
3473 ORDER 8663 22 3 3 42 1
3474 ORDER 8664 48 21 48 43 0
3474 ORDER 8665 36 30 5 43 2
3474 ORDER 8666 18 20 10 44 0
3475 ORDER 8667 35 9 24 43 1
3475 ORDER 8668 42 39 33 43 0
3475 ORDER 8669 26 17 58 43 0
3476 ORDER 8670 9 9 16 44 0
3476 ORDER 8671 54 37 47 44 0
3476 ORDER 8672 16 7 1 39 1
3477 ORDER 8673 40 15 25 43 2
3477 ORDER 8674 31 17 34 44 0
3478 ORDER 8675 55 11 42 43 0
3478 ORDER 8676 52 21 2 26 0
3479 ORDER 8677 49 41 43 43 0
3479 ORDER 8678 23 14 3 30 0
3479 ORDER 8679 7 12 1 37 0
3480 ORDER 8680 55 39 3 15 0
3480 ORDER 8681 28 30 3 2 3
3480 BLOCK 24 5
3481 ORDER 8682 34 29 1 29 0
3481 ORDER 8683 37 18 1 7 1
3482 ORDER 8684 30 15 1 38 0
3482 ORDER 8685 34 8 39 43 0
3482 ORDER 8686 51 14 1 12 2
3483 ORDER 8687 16 20 1 29 0
3483 ORDER 8688 7 27 2 33 0
3483 ORDER 8689 35 9 3 2 0
3484 CANCEL 8299
3484 ORDER 8690 38 9 37 43 0
3484 ORDER 8691 14 38 2 26 0
3485 ORDER 8692 38 33 27 44 1
3485 ORDER 8693 27 20 5 44 1
3485 ORDER 8694 17 9 2 33 0
3486 ORDER 8695 7 9 25 43 1
3486 ORDER 8696 35 11 51 43 0
3486 ORDER 8697 51 14 1 31 0
3487 ORDER 8698 19 9 50 43 0
3487 ORDER 8699 13 12 38 43 0
3487 ORDER 8700 31 21 1 15 2
3488 ORDER 8701 37 32 29 44 0
3488 ORDER 8702 46 8 3 38 0
3488 ORDER 8703 12 30 1 20 0
3489 ORDER 8704 33 41 31 44 1
3489 ORDER 8705 11 41 26 44 0
3490 ORDER 8706 18 36 7 44 1
3490 ORDER 8707 44 41 2 25 2
3490 ORDER 8708 20 3 2 5 0
3491 ORDER 8709 33 38 39 44 0
3491 ORDER 8710 42 15 2 36 1
3491 ORDER 8711 47 21 10 43 0
3492 ORDER 8712 22 17 3 44 1
3492 ORDER 8713 16 27 5 44 0
3492 ORDER 8714 20 3 28 44 3
3493 ORDER 8715 37 3 1 13 0
3493 ORDER 8716 47 35 22 44 1
3494 ORDER 8717 49 35 1 18 0
3494 ORDER 8718 50 8 26 43 0
3495 CANCEL 8350
3495 ORDER 8719 43 26 16 44 0
3495 ORDER 8720 23 8 3 22 0
3496 ORDER 8721 26 6 40 44 0
3496 ORDER 8722 52 38 25 43 3
3496 ORDER 8723 41 14 1 36 1
3497 ORDER 8724 51 38 42 44 0
3497 ORDER 8725 41 38 24 44 0
3498 ORDER 8726 39 20 29 44 1
3498 ORDER 8727 43 3 22 44 0
3499 ORDER 8728 27 36 57 43 1
3499 ORDER 8729 24 21 3 30 2
3500 ORDER 8730 16 32 48 43 2
3500 ORDER 8731 47 29 45 43 0
3500 ORDER 8732 46 32 3 32 1
3501 ORDER 8733 40 9 4 44 2
3501 ORDER 8734 24 33 10 44 1
3501 ORDER 8735 47 30 56 43 2
3502 ORDER 8736 10 32 31 43 1
3502 ORDER 8737 29 41 1 34 1
3502 ORDER 8738 46 38 2 31 1
3503 ORDER 8739 48 27 2 41 0
3503 ORDER 8740 30 26 9 44 2
3503 ORDER 8741 22 36 3 44 0
3504 ORDER 8742 14 18 21 44 0
3504 ORDER 8743 24 39 2 34 1
3504 ORDER 8744 27 24 2 28 1
3505 ORDER 8745 46 27 57 43 1
3505 ORDER 8746 38 33 21 44 0
3505 ORDER 8747 17 3 3 25 2
3506 CANCEL 8294
3506 ORDER 8748 49 15 5 44 1
3506 ORDER 8749 15 27 22 44 0
3506 ORDER 8750 18 14 3 34 0
3507 CANCEL 8638
3507 ORDER 8751 49 17 1 30 0
3507 ORDER 8752 19 9 1 41 1
3508 ORDER 8753 8 9 1 26 0
3508 ORDER 8754 37 12 37 44 0
3508 ORDER 8755 9 21 1 43 1
3509 ORDER 8756 18 9 40 43 0
3509 ORDER 8757 20 5 7 43 0
3510 ORDER 8758 18 14 2 17 0
3510 ORDER 8759 20 36 1 22 0
3511 CANCEL 8359
3511 ORDER 8760 45 32 37 43 0
3511 ORDER 8761 8 8 28 43 1
3512 CANCEL 8436
3512 UNBLOCK 48 8
3512 ORDER 8762 43 33 38 44 1
3512 ORDER 8763 47 14 39 43 1
3512 CANCEL 108763
3513 CANCEL 8728
3513 ORDER 8764 42 8 42 43 1
3513 ORDER 8765 54 38 43 43 0
3513 ORDER 8766 52 24 51 44 1
3514 ORDER 8767 7 17 2 17 0
3514 ORDER 8768 23 39 2 37 1
3515 ORDER 8769 46 8 2 17 0
3515 ORDER 8770 27 8 29 44 0
3516 ORDER 8771 28 23 39 43 0
3516 ORDER 8772 52 17 48 44 0
3517 ORDER 8773 37 12 2 32 0
3517 ORDER 8774 33 39 2 20 0
3518 ORDER 8775 6 27 38 44 1
3518 ORDER 8776 49 36 3 36 0
3519 ORDER 8777 51 18 41 43 1
3519 ORDER 8778 55 18 40 43 1
3519 ORDER 8779 31 27 2 38 1
3520 ORDER 8780 12 8 1 37 1
3520 ORDER 8781 25 20 3 30 0
3521 CANCEL 8445
3521 CANCEL 8626
3521 ORDER 8782 20 33 3 25 2
3521 ORDER 8783 7 33 2 33 0
3521 ORDER 8784 42 6 2 43 2
3522 ORDER 8785 10 32 25 43 2
3522 ORDER 8786 9 20 8 43 0
3523 CANCEL 8611
3523 ORDER 8787 49 36 3 19 0
3523 ORDER 8788 8 11 32 43 1
3523 ORDER 8789 16 8 2 17 1
3524 ORDER 8790 9 29 3 14 3
3524 ORDER 8791 27 20 34 44 0
3524 ORDER 8792 22 39 2 21 0
3525 CANCEL 8633
3525 ORDER 8793 39 5 30 44 1
3525 ORDER 8794 22 17 43 43 0
3525 ORDER 8795 27 26 1 30 0
3526 ORDER 8796 26 14 2 42 1
3526 ORDER 8797 31 17 23 43 0
3527 ORDER 8798 10 23 22 43 0
3527 ORDER 8799 39 21 23 43 0
3527 ORDER 8800 11 32 2 17 0
3528 ORDER 8801 46 23 43 43 1
3528 ORDER 8802 22 30 14 43 0
3528 ORDER 8803 34 27 28 44 0
3529 CANCEL 8423
3529 ORDER 8804 36 14 1 13 0
3529 ORDER 8805 54 41 50 44 0
3529 ORDER 8806 33 35 2 31 0
3530 CANCEL 8790
3530 ORDER 8807 7 26 3 19 2
3530 ORDER 8808 48 14 1 24 0
3531 ORDER 8809 43 30 2 39 1
3531 ORDER 8810 29 38 47 43 1
3531 ORDER 8811 31 21 1 42 0
3532 ORDER 8812 21 39 2 13 0
3532 ORDER 8813 55 26 9 43 0
3533 ORDER 8814 48 11 1 5 2
3533 ORDER 8815 37 18 8 43 2
3533 ORDER 8816 29 18 3 43 0
3534 ORDER 8817 9 15 20 43 0
3534 ORDER 8818 39 26 2 37 1
3534 ORDER 8819 37 11 3 41 0
3535 ORDER 8820 40 14 1 7 0
3535 ORDER 8821 40 17 10 44 1
3536 CANCEL 8409
3536 ORDER 8822 22 6 13 43 0
3536 ORDER 8823 22 3 2 34 0
3537 ORDER 8824 33 15 2 30 0
3537 ORDER 8825 44 27 2 20 0
3538 CANCEL 8549
3538 CANCEL 8672
3538 ORDER 8826 37 24 49 44 0
3538 ORDER 8827 17 41 2 44 0
3539 ORDER 8828 27 26 1 17 0
3539 ORDER 8829 18 33 2 36 1
3540 ORDER 8830 33 5 13 43 3
3540 ORDER 8831 48 36 20 44 0
3540 ORDER 8832 19 41 1 8 0
3541 CANCEL 8376
3541 ORDER 8833 12 30 1 4 0
3541 ORDER 8834 22 36 3 13 0
3542 ORDER 8835 46 33 3 18 0
3542 ORDER 8836 11 12 1 38 0
3542 ORDER 8837 8 21 51 43 0
3543 ORDER 8838 42 27 58 43 0
3543 ORDER 8839 25 29 2 14 0
3544 CANCEL 8836
3544 ORDER 8840 17 8 34 44 2
3544 ORDER 8841 55 21 2 12 0
3544 ORDER 8842 47 30 32 43 0
3545 ORDER 8843 19 8 9 43 1
3545 ORDER 8844 6 24 1 19 2
3545 ORDER 8845 18 29 14 43 0
3546 CANCEL 8373
3546 ORDER 8846 41 6 1 39 1
3546 ORDER 8847 30 33 34 43 0
3547 CANCEL 8655
3547 ORDER 8848 21 17 9 44 1
3547 ORDER 8849 28 41 42 43 0
3548 CANCEL 8608
3548 CANCEL 8706
3548 ORDER 8850 16 41 1 11 0
3548 ORDER 8851 31 9 1 24 1
3549 ORDER 8852 29 36 1 38 0
3549 ORDER 8853 11 15 7 44 0
3550 ORDER 8854 27 39 43 43 1
3550 ORDER 8855 8 35 5 44 0
3551 ORDER 8856 24 35 1 21 0
3551 ORDER 8857 23 5 1 20 3
3552 ORDER 8858 28 26 1 2 0
3552 ORDER 8859 14 27 3 23 0
3552 ORDER 8860 39 5 25 44 1
3553 ORDER 8861 11 11 6 43 0
3553 ORDER 8862 29 18 2 15 1
3553 ORDER 8863 42 27 1 18 0
3554 ORDER 8864 31 17 22 44 2
3554 ORDER 8865 31 39 1 14 0
3554 ORDER 8866 27 30 55 43 1
3555 ORDER 8867 28 26 2 29 0
3555 ORDER 8868 38 18 19 43 0
3555 ORDER 8869 17 23 1 28 0
3556 ORDER 8870 7 14 3 23 0
3556 ORDER 8871 46 14 3 40 0
3556 ORDER 8872 12 3 18 44 1
3557 CANCEL 8534
3557 ORDER 8873 33 8 27 44 3
3557 ORDER 8874 50 36 35 43 0
3557 ORDER 8875 23 38 53 43 1
3558 ORDER 8876 39 30 3 41 0
3558 ORDER 8877 32 41 2 11 0
3558 ORDER 8878 10 17 3 34 0
3559 CANCEL 8451
3559 ORDER 8879 48 5 30 44 1
3559 ORDER 8880 18 15 3 16 1
3559 ORDER 8881 38 17 50 44 1
3560 CANCEL 8751
3560 ORDER 8882 29 6 8 43 0
3560 ORDER 8883 47 9 1 7 2
3561 ORDER 8884 23 38 3 23 3
3561 ORDER 8885 54 38 1 43 0
3561 ORDER 8886 18 6 3 31 1
3562 UNBLOCK 24 5
3562 ORDER 8887 36 29 26 43 0
3562 ORDER 8888 30 21 27 44 1
3563 ORDER 8889 37 12 1 12 1
3563 ORDER 8890 18 36 22 43 1
3564 ORDER 8891 55 17 1 23 0
3564 ORDER 8892 55 33 1 10 0
3564 ORDER 8893 19 21 12 44 0
3565 ORDER 8894 9 32 3 20 0
3565 ORDER 8895 36 3 17 44 2
3566 ORDER 8896 27 33 1 44 1
3566 ORDER 8897 7 27 30 43 0
3567 CANCEL 8768
3567 ORDER 8898 38 32 37 44 0
3567 ORDER 8899 51 26 3 42 1
3568 ORDER 8900 28 33 3 21 0
3568 ORDER 8901 46 27 2 17 0
3569 ORDER 8902 32 23 32 43 0
3569 ORDER 8903 30 12 32 44 0
3569 ORDER 8904 26 15 16 43 1
3570 ORDER 8905 48 36 55 44 0
3570 ORDER 8906 54 30 47 43 0
3570 ORDER 8907 28 21 2 20 0
3571 ORDER 8908 29 5 1 7 1
3571 ORDER 8909 21 6 19 43 0
3572 CANCEL 8427
3572 ORDER 8910 26 20 2 27 3
3572 ORDER 8911 18 5 20 44 0
3572 ORDER 8912 9 30 28 43 0
3573 CANCEL 8874
3573 ORDER 8913 9 6 1 36 0
3573 ORDER 8914 43 30 1 41 2
3573 ORDER 8915 47 29 36 43 0
3573 BLOCK 50 8
3574 ORDER 8916 51 37 18 44 0
3574 ORDER 8917 44 17 3 18 0
3574 BLOCK 48 21
3575 ORDER 8918 47 30 18 43 0
3575 ORDER 8919 46 35 3 33 0
3575 ORDER 8920 8 20 53 43 0
3576 CANCEL 8771
3576 ORDER 8921 36 11 11 43 0
3576 ORDER 8922 31 23 1 33 2
3576 ORDER 8923 54 39 49 44 0
3577 ORDER 8924 16 32 1 22 0
3577 ORDER 8925 55 39 52 44 2
3577 ORDER 8926 36 14 2 15 0
3578 ORDER 8927 14 29 12 44 0
3578 ORDER 8928 46 35 1 44 0
3578 ORDER 8929 11 8 9 44 0
3579 ORDER 8930 35 32 32 43 0
3579 ORDER 8931 7 11 1 44 1
3579 ORDER 8932 26 6 5 43 0
3580 CANCEL 8878
3580 ORDER 8933 39 36 1 19 0
3580 ORDER 8934 22 30 17 43 3
3580 ORDER 8935 25 24 6 44 0
3581 CANCEL 8911
3581 ORDER 8936 28 8 50 44 0
3581 ORDER 8937 37 33 2 16 0
3582 ORDER 8938 39 32 2 12 1
3582 ORDER 8939 20 32 26 44 0
3583 CANCEL 8899
3583 ORDER 8940 29 17 1 21 0
3583 ORDER 8941 10 30 2 25 0
3583 ORDER 8942 30 38 56 44 0
3584 ORDER 8943 48 6 2 39 1
3584 ORDER 8944 32 38 1 13 0
3584 ORDER 8945 19 27 1 36 2
3585 ORDER 8946 53 11 3 27 1
3585 ORDER 8947 43 15 1 18 1
3586 CANCEL 8517
3586 ORDER 8948 7 11 1 30 1
3586 ORDER 8949 11 27 2 32 0
3587 ORDER 8950 6 8 2 19 0
3587 ORDER 8951 35 9 2 22 0
3588 CANCEL 8562
3588 ORDER 8952 21 8 3 14 2
3588 ORDER 8953 24 39 3 24 0
3588 ORDER 8954 32 5 1 30 1
3588 BLOCK 6 32
3589 CANCEL 8806
3589 ORDER 8955 8 12 2 11 2
3589 ORDER 8956 49 36 40 44 0
3590 CANCEL 8505
3590 ORDER 8957 8 14 3 6 0
3590 ORDER 8958 9 3 41 44 0
3591 ORDER 8959 33 41 2 4 1
3591 ORDER 8960 12 6 34 44 0
3592 ORDER 8961 52 9 3 40 1
3592 ORDER 8962 17 9 3 15 1
3592 ORDER 8963 6 12 52 44 0
3593 ORDER 8964 6 5 53 43 1
3593 ORDER 8965 45 12 3 17 0
3593 ORDER 8966 52 29 42 44 0
3594 ORDER 8967 55 20 3 19 0
3594 ORDER 8968 30 14 2 30 0
3595 ORDER 8969 47 3 33 44 0
3595 ORDER 8970 14 24 4 43 3
3595 ORDER 8971 49 14 20 43 0
3596 CANCEL 8755
3596 ORDER 8972 32 41 2 32 0
3596 ORDER 8973 24 3 27 43 1
3596 ORDER 8974 20 12 25 44 0
3596 BLOCK 55 33
3597 ORDER 8975 34 27 1 18 2
3597 ORDER 8976 22 36 9 43 0
3598 ORDER 8977 6 3 42 43 0
3598 ORDER 8978 51 11 18 43 0
3598 ORDER 8979 29 41 2 40 1
3599 CANCEL 8686
3599 ORDER 8980 49 12 40 44 0
3599 ORDER 8981 6 12 15 44 0
3600 CANCEL 8620
3600 ORDER 8982 54 18 3 24 0
3600 ORDER 8983 8 39 2 39 1
3600 ORDER 8984 41 21 2 34 0
3601 CANCEL 8690
3601 CANCEL 8700
3601 ORDER 8985 28 25 1 34 0
3601 ORDER 8986 55 26 1 4 0
3602 CANCEL 8901
3602 ORDER 8987 55 27 2 24 1
3602 ORDER 8988 11 32 6 44 0
3602 ORDER 8989 17 29 1 23 3
3603 ORDER 8990 11 32 48 44 0
3603 ORDER 8991 52 41 47 44 1
3603 ORDER 8992 45 11 20 44 0
3604 ORDER 8993 42 41 44 43 0
3604 ORDER 8994 27 21 12 43 1
3604 ORDER 8995 26 20 3 24 1
3605 CANCEL 8930
3605 ORDER 8996 52 9 1 12 3
3605 ORDER 8997 16 41 18 44 0
3606 ORDER 8998 17 3 2 13 0
3606 ORDER 8999 29 9 25 44 0
3606 ORDER 9000 46 33 3 6 0
3607 ORDER 9001 38 6 1 10 0
3607 ORDER 9002 35 41 3 31 1
3607 BLOCK 49 12
3608 ORDER 9003 37 30 43 43 0
3608 ORDER 9004 13 6 3 33 0
3608 ORDER 9005 36 29 2 19 2
3609 CANCEL 8870
3609 ORDER 9006 46 26 46 44 0
3609 ORDER 9007 14 27 7 43 0
3609 ORDER 9008 27 9 5 43 0
3610 ORDER 9009 22 5 2 13 0
3610 ORDER 9010 20 28 2 6 0
3610 ORDER 9011 30 6 9 44 0
3611 ORDER 9012 10 12 1 2 0
3611 ORDER 9013 41 15 1 19 1
3611 ORDER 9014 51 12 55 44 0
3612 CANCEL 8716
3612 ORDER 9015 37 14 3 4 0
3612 ORDER 9016 53 11 57 44 1
3613 ORDER 9017 17 15 2 26 1
3613 ORDER 9018 47 6 48 44 0
3614 ORDER 9019 23 6 1 16 0
3614 ORDER 9020 52 8 51 44 2
3614 ORDER 9021 26 9 2 44 2
3615 CANCEL 8994
3615 ORDER 9022 30 35 22 43 1
3615 ORDER 9023 11 11 16 43 0
3615 ORDER 9024 54 27 2 32 0
3616 CANCEL 8792
3616 CANCEL 8955
3616 ORDER 9025 19 17 1 23 0
3616 ORDER 9026 9 26 45 44 0
3617 ORDER 9027 46 38 2 29 1
3617 ORDER 9028 30 21 2 10 0
3617 ORDER 9029 28 11 2 40 1
3618 ORDER 9030 35 26 2 42 1
3618 ORDER 9031 51 3 2 4 1
3618 ORDER 9032 37 21 13 43 1
3619 ORDER 9033 46 32 51 43 0
3619 ORDER 9034 19 3 40 43 0
3620 CANCEL 8980
3620 ORDER 9035 16 30 3 21 0
3620 ORDER 9036 9 26 3 19 0
3620 ORDER 9037 45 41 2 10 1
3621 CANCEL 8572
3621 ORDER 9038 53 32 1 8 0
3621 ORDER 9039 6 20 2 10 0
3622 ORDER 9040 52 24 54 44 1
3622 ORDER 9041 14 15 3 31 0
3622 ORDER 9042 48 5 3 25 0
3623 ORDER 9043 7 21 16 44 1
3623 ORDER 9044 30 29 1 32 0
3624 ORDER 9045 7 5 1 30 0
3624 ORDER 9046 43 5 54 44 0
3624 ORDER 9047 18 9 21 44 2
3624 CANCEL 109047
3625 CANCEL 8575
3625 CANCEL 8892
3625 ORDER 9048 49 41 1 23 0
3625 ORDER 9049 36 12 3 17 0
3626 ORDER 9050 11 23 3 28 1
3626 ORDER 9051 17 5 32 44 0
3627 CANCEL 8570
3627 ORDER 9052 17 8 2 21 0
3627 ORDER 9053 50 30 2 35 2
3628 ORDER 9054 37 36 51 44 1
3628 ORDER 9055 40 20 12 44 2
3628 ORDER 9056 7 24 7 43 0
3629 CANCEL 8723
3629 CANCEL 8818
3629 ORDER 9057 25 20 3 39 1
3629 ORDER 9058 52 29 43 44 0
3630 ORDER 9059 6 26 36 44 0
3630 ORDER 9060 50 8 7 43 3
3631 ORDER 9061 20 17 2 38 2
3631 ORDER 9062 25 5 3 24 0
3631 ORDER 9063 19 35 3 36 0
3632 ORDER 9064 50 8 3 2 0
3632 ORDER 9065 39 15 41 44 2
3633 ORDER 9066 6 3 54 43 1
3633 ORDER 9067 6 5 1 40 0
3633 ORDER 9068 21 38 42 44 1
3634 ORDER 9069 43 24 1 13 3
3634 ORDER 9070 20 23 2 42 0
3635 ORDER 9071 44 9 1 9 2
3635 ORDER 9072 49 39 23 43 0
3636 CANCEL 8767
3636 ORDER 9073 20 3 21 43 1
3636 ORDER 9074 29 35 3 42 0
3636 ORDER 9075 51 6 1 27 0
3637 ORDER 9076 8 18 30 44 0
3637 ORDER 9077 9 8 49 43 1
3637 ORDER 9078 37 36 42 43 0
3638 ORDER 9079 14 14 35 44 2
3638 ORDER 9080 14 9 3 30 1
3639 CANCEL 8952
3639 ORDER 9081 19 12 2 10 2
3639 ORDER 9082 14 9 33 43 2
3640 ORDER 9083 20 30 2 27 0
3640 ORDER 9084 19 12 27 43 1
3641 UNBLOCK 50 8
3641 ORDER 9085 10 17 55 43 1
3641 ORDER 9086 7 24 54 44 0
3641 ORDER 9087 40 11 13 44 1
3642 CANCEL 8857
3642 CANCEL 8880
3642 ORDER 9088 8 32 7 43 1
3642 ORDER 9089 7 5 2 33 0
3642 ORDER 9090 36 33 16 44 1
3643 ORDER 9091 38 32 3 17 0
3643 ORDER 9092 8 41 2 39 2
3643 BLOCK 29 20
3644 CANCEL 8979
3644 ORDER 9093 29 9 18 43 0
3644 ORDER 9094 38 41 45 44 1
3645 ORDER 9095 39 38 12 43 0
3645 ORDER 9096 43 39 2 15 0
3645 ORDER 9097 44 3 54 44 0
3646 ORDER 9098 10 8 10 43 0
3646 ORDER 9099 19 27 2 19 3
3646 ORDER 9100 38 3 3 25 2
3647 ORDER 9101 45 14 37 43 0
3647 ORDER 9102 47 5 2 38 0
3648 CANCEL 8907
3648 ORDER 9103 39 15 46 43 1
3648 ORDER 9104 29 6 1 22 1
3648 ORDER 9105 23 29 27 44 1
3649 ORDER 9106 23 3 1 7 1
3649 ORDER 9107 20 20 3 2 0
3650 ORDER 9108 54 18 2 25 0
3650 ORDER 9109 35 11 39 44 0
3651 ORDER 9110 38 11 1 24 2
3651 ORDER 9111 7 14 19 44 0
3651 ORDER 9112 54 9 40 44 0
3652 ORDER 9113 9 20 3 34 3
3652 ORDER 9114 45 35 21 43 1
3652 ORDER 9115 8 38 58 43 0
3653 ORDER 9116 51 21 2 7 0
3653 ORDER 9117 21 20 1 5 2
3653 ORDER 9118 40 12 2 43 2
3654 CANCEL 8963
3654 CANCEL 9014
3654 ORDER 9119 13 21 34 43 0
3654 ORDER 9120 55 41 9 44 3
3655 ORDER 9121 7 30 20 43 0
3655 ORDER 9122 14 13 3 16 0
3656 ORDER 9123 27 35 3 9 0
3656 ORDER 9124 35 9 3 41 0
3657 UNBLOCK 55 33
3657 ORDER 9125 36 18 19 44 3
3657 ORDER 9126 47 29 25 43 2
3657 ORDER 9127 55 15 1 11 0
3658 ORDER 9128 39 39 38 44 1
3658 ORDER 9129 34 36 3 37 0
3658 BLOCK 30 17
3659 ORDER 9130 33 5 3 10 0
3659 ORDER 9131 51 24 2 15 1
3659 BLOCK 22 33
3660 ORDER 9132 49 15 1 21 3
3660 ORDER 9133 36 35 3 36 0
3660 ORDER 9134 30 3 3 33 0
3661 ORDER 9135 16 30 1 17 1
3661 ORDER 9136 19 8 6 43 1
3661 ORDER 9137 43 25 43 44 0
3662 ORDER 9138 32 12 16 43 0
3662 ORDER 9139 6 3 3 41 2
3663 ORDER 9140 23 39 2 41 3
3663 ORDER 9141 34 32 3 30 3
3663 ORDER 9142 48 15 1 18 0
3664 ORDER 9143 9 34 3 6 1
3664 ORDER 9144 27 33 1 11 0
3665 ORDER 9145 55 41 2 42 0
3665 ORDER 9146 48 30 3 22 1
3665 ORDER 9147 19 18 36 44 0
3666 ORDER 9148 45 18 1 37 0
3666 ORDER 9149 28 38 58 43 1
3666 ORDER 9150 37 3 3 25 0
3667 UNBLOCK 48 21
3667 ORDER 9151 47 33 1 26 0
3667 ORDER 9152 6 36 50 43 0
3667 ORDER 9153 18 21 45 44 1
3668 ORDER 9154 47 18 1 16 0
3668 ORDER 9155 24 41 1 38 0
3669 ORDER 9156 35 9 2 44 0
3669 ORDER 9157 32 17 47 44 0
3669 ORDER 9158 41 8 2 32 1
3670 CANCEL 8854
3670 UNBLOCK 49 12
3670 ORDER 9159 38 27 28 43 0
3670 ORDER 9160 51 20 57 43 0
3670 ORDER 9161 22 41 2 8 1
3671 CANCEL 9139
3671 ORDER 9162 17 33 40 44 0
3671 ORDER 9163 47 11 2 20 0
3672 UNBLOCK 6 32
3672 ORDER 9164 54 33 1 40 3
3672 ORDER 9165 55 35 49 43 0
3673 ORDER 9166 48 33 3 30 3
3673 ORDER 9167 35 27 3 6 1
3673 ORDER 9168 50 21 31 44 1
3674 ORDER 9169 41 6 42 43 0
3674 ORDER 9170 24 9 2 39 0
3675 ORDER 9171 6 27 25 44 3
3675 ORDER 9172 22 17 34 44 0
3675 ORDER 9173 39 14 8 44 0
3676 ORDER 9174 21 15 53 44 2
3676 ORDER 9175 40 20 3 32 2
3676 ORDER 9176 14 24 34 43 0
3677 CANCEL 8718
3677 CANCEL 8725
3677 ORDER 9177 38 9 1 22 0
3677 ORDER 9178 18 18 2 6 0
3677 ORDER 9179 26 30 1 13 0
3678 ORDER 9180 54 26 1 1 0
3678 ORDER 9181 23 14 3 44 0
3678 ORDER 9182 29 23 2 40 1
3679 ORDER 9183 33 23 2 40 1
3679 ORDER 9184 44 5 45 44 0
3679 ORDER 9185 21 30 3 11 0
3680 ORDER 9186 12 38 1 42 0
3680 ORDER 9187 19 23 2 43 0
3681 ORDER 9188 19 26 3 36 2
3681 ORDER 9189 35 18 3 35 1
3681 ORDER 9190 42 32 1 26 0
3682 ORDER 9191 47 29 44 43 1
3682 ORDER 9192 22 32 49 44 3
3683 ORDER 9193 18 39 51 44 2
3683 ORDER 9194 7 26 3 32 0
3683 ORDER 9195 39 6 1 15 3
3684 ORDER 9196 24 35 27 43 2
3684 ORDER 9197 26 8 2 7 0
3685 ORDER 9198 31 41 1 32 0
3685 ORDER 9199 28 15 3 4 1
3685 ORDER 9200 50 12 1 14 1
3686 ORDER 9201 7 34 2 16 0
3686 ORDER 9202 39 8 42 43 1
3687 ORDER 9203 30 18 3 22 0
3687 ORDER 9204 19 29 16 43 1
3688 CANCEL 8844
3688 CANCEL 8847
3688 CANCEL 9012
3688 ORDER 9205 24 41 7 44 0
3688 ORDER 9206 23 14 19 44 0
3689 ORDER 9207 17 5 1 13 2
3689 ORDER 9208 23 6 49 43 1
3689 ORDER 9209 10 5 24 43 2
3690 ORDER 9210 6 17 30 43 2
3690 ORDER 9211 31 15 52 44 0
3691 ORDER 9212 30 38 8 43 1
3691 ORDER 9213 47 5 56 44 0
3691 ORDER 9214 53 32 27 44 0
3692 ORDER 9215 42 35 16 43 0
3692 ORDER 9216 9 23 39 44 0
3693 CANCEL 8835
3693 ORDER 9217 27 20 52 44 0
3693 ORDER 9218 37 24 1 4 0
3694 ORDER 9219 32 15 15 44 1
3694 ORDER 9220 38 24 1 20 0
3695 ORDER 9221 7 15 38 44 3
3695 ORDER 9222 29 8 24 44 3
3696 CANCEL 9173
3696 ORDER 9223 26 8 3 6 0
3696 ORDER 9224 24 36 18 43 0
3696 ORDER 9225 32 36 3 22 0
3697 CANCEL 8915
3697 ORDER 9226 8 26 50 44 0
3697 ORDER 9227 25 33 1 20 0
3697 ORDER 9228 51 38 39 44 0
3698 ORDER 9229 17 18 1 11 0
3698 ORDER 9230 47 3 26 43 0
3699 ORDER 9231 55 27 2 39 1
3699 ORDER 9232 25 18 10 43 1
3699 ORDER 9233 36 33 1 27 1
3700 ORDER 9234 30 15 39 43 1
3700 ORDER 9235 18 24 58 43 0
3701 ORDER 9236 24 26 21 44 0
3701 ORDER 9237 9 3 21 43 1
3702 ORDER 9238 7 39 6 44 0
3702 ORDER 9239 41 12 7 44 1
3702 ORDER 9240 9 24 2 19 0
3703 ORDER 9241 22 23 1 31 0
3703 ORDER 9242 26 30 30 43 2
3703 ORDER 9243 48 18 1 3 3
3704 ORDER 9244 42 35 27 43 1
3704 ORDER 9245 29 23 1 1 1
3705 CANCEL 9157
3705 ORDER 9246 21 20 2 31 2
3705 ORDER 9247 47 5 2 32 0
3705 ORDER 9248 47 33 2 18 0
3706 ORDER 9249 23 23 23 43 0
3706 ORDER 9250 28 15 1 37 0
3707 CANCEL 8848
3707 ORDER 9251 18 20 56 43 0
3707 ORDER 9252 48 41 2 37 0
3707 ORDER 9253 13 8 46 43 0
3708 ORDER 9254 52 21 44 44 1
3708 ORDER 9255 29 15 25 44 0
3709 ORDER 9256 38 24 3 6 1
3709 ORDER 9257 52 17 3 35 1
3710 ORDER 9258 54 27 55 44 0
3710 ORDER 9259 38 39 8 44 0
3711 ORDER 9260 19 3 22 44 0
3711 ORDER 9261 18 29 21 43 2
3712 ORDER 9262 8 30 14 43 1
3712 ORDER 9263 26 35 19 43 1
3713 ORDER 9264 26 29 47 44 0
3713 ORDER 9265 52 36 2 26 1
3714 ORDER 9266 44 27 29 43 2
3714 ORDER 9267 38 39 2 17 2
3714 ORDER 9268 44 29 1 42 0
3715 CANCEL 8903
3715 ORDER 9269 9 27 43 43 2
3715 ORDER 9270 13 36 47 44 0
3715 ORDER 9271 50 36 19 44 0
3716 ORDER 9272 30 20 3 35 0
3716 ORDER 9273 27 6 3 3 1
3716 ORDER 9274 6 32 38 44 1
3717 ORDER 9275 52 35 1 21 0
3717 ORDER 9276 46 21 3 3 0
3717 ORDER 9277 47 21 1 2 0
3718 CANCEL 9121
3718 ORDER 9278 55 3 3 33 0
3718 ORDER 9279 20 39 2 23 0
3719 ORDER 9280 51 3 2 38 1
3719 ORDER 9281 54 27 43 44 0
3719 ORDER 9282 20 32 1 26 0
3720 ORDER 9283 7 30 23 43 1
3720 ORDER 9284 54 30 6 44 1
3721 CANCEL 9072
3721 ORDER 9285 46 27 23 43 0
3721 ORDER 9286 21 18 46 44 0
3722 ORDER 9287 16 8 1 10 2
3722 ORDER 9288 7 27 1 8 0
3723 ORDER 9289 53 24 21 44 1
3723 ORDER 9290 46 6 1 3 0
3723 CANCEL 109290
3724 ORDER 9291 35 26 3 16 0
3724 ORDER 9292 9 24 3 28 0
3724 ORDER 9293 47 20 28 43 0
3725 ORDER 9294 30 33 18 43 0
3725 ORDER 9295 32 23 3 35 0
3725 ORDER 9296 7 38 18 43 0
3726 ORDER 9297 6 24 3 10 0
3726 ORDER 9298 41 17 3 7 2
3726 ORDER 9299 13 21 3 10 1
3727 ORDER 9300 8 3 29 44 0
3727 ORDER 9301 22 8 2 23 0
3728 ORDER 9302 48 27 7 44 0
3728 ORDER 9303 25 29 2 42 0
3728 ORDER 9304 30 20 34 43 0
3729 ORDER 9305 8 23 21 44 0
3729 ORDER 9306 6 27 3 2 0
3729 ORDER 9307 10 8 2 40 1
3730 ORDER 9308 28 30 2 28 0
3730 ORDER 9309 41 6 32 43 1
3731 ORDER 9310 23 38 1 20 1
3731 ORDER 9311 28 41 38 43 0
3731 ORDER 9312 12 35 3 25 1
3732 ORDER 9313 30 3 1 5 1
3732 ORDER 9314 8 39 2 30 0
3733 ORDER 9315 36 32 13 43 0
3733 ORDER 9316 40 3 38 43 1
3734 ORDER 9317 22 32 2 7 1
3734 ORDER 9318 18 27 52 44 0
3735 CANCEL 9284
3735 ORDER 9319 44 29 1 25 3
3735 ORDER 9320 27 15 3 25 0
3736 ORDER 9321 20 21 8 44 0
3736 ORDER 9322 44 29 43 44 0
3736 ORDER 9323 30 14 1 2 3
3737 ORDER 9324 9 21 9 43 0
3737 ORDER 9325 39 20 2 20 0
3737 ORDER 9326 6 23 2 6 1
3738 ORDER 9327 25 20 2 11 1
3738 ORDER 9328 24 33 2 39 0
3739 ORDER 9329 17 8 3 9 1
3739 ORDER 9330 47 8 28 44 2
3740 ORDER 9331 53 8 39 44 0
3740 ORDER 9332 55 12 25 44 1
3740 ORDER 9333 47 15 14 43 0
3741 ORDER 9334 24 23 1 40 1
3741 ORDER 9335 34 35 1 44 0
3741 ORDER 9336 33 6 1 39 0
3742 ORDER 9337 16 11 2 20 0
3742 ORDER 9338 48 8 14 44 0
3742 ORDER 9339 50 18 6 43 1
3743 ORDER 9340 18 18 2 2 1
3743 ORDER 9341 23 38 3 42 0
3744 ORDER 9342 25 33 15 44 0
3744 ORDER 9343 29 30 29 43 1
3744 ORDER 9344 11 18 3 25 0
3745 ORDER 9345 18 12 3 32 1
3745 ORDER 9346 50 14 26 44 1
3745 ORDER 9347 10 8 11 43 1
3746 CANCEL 9172
3746 ORDER 9348 48 29 2 33 0
3746 ORDER 9349 37 26 1 11 0
3747 ORDER 9350 6 17 3 20 0
3747 ORDER 9351 27 11 49 43 0
3747 ORDER 9352 34 35 1 15 1
3748 UNBLOCK 30 17
3748 CANCEL 9151
3748 ORDER 9353 52 24 1 22 1
3748 ORDER 9354 37 32 1 4 0
3748 ORDER 9355 12 14 51 44 0
3749 ORDER 9356 7 23 2 20 3
3749 ORDER 9357 31 41 27 43 0
3749 ORDER 9358 54 30 4 44 0
3750 ORDER 9359 10 14 47 43 1
3750 ORDER 9360 36 14 2 26 0
3751 ORDER 9361 25 26 1 22 0
3751 ORDER 9362 7 27 14 43 3
3751 ORDER 9363 43 27 1 43 1
3752 ORDER 9364 45 26 28 43 1
3752 ORDER 9365 9 30 6 43 1
3753 ORDER 9366 36 27 3 27 0
3753 ORDER 9367 7 32 3 32 2
3753 ORDER 9368 31 38 30 43 0
3754 CANCEL 9325
3754 ORDER 9369 9 11 2 4 1
3754 ORDER 9370 26 33 51 43 0
3754 ORDER 9371 30 12 2 18 0
3755 ORDER 9372 34 39 2 25 2
3755 ORDER 9373 20 36 42 44 1
3756 ORDER 9374 33 32 1 43 0
3756 ORDER 9375 46 35 27 44 0
3756 ORDER 9376 33 3 1 9 0
3757 ORDER 9377 10 5 2 24 0
3757 ORDER 9378 55 33 1 36 1
3758 ORDER 9379 51 18 36 44 0
3758 ORDER 9380 21 30 2 25 3
3758 ORDER 9381 28 14 57 43 1
3759 CANCEL 9311
3759 ORDER 9382 21 6 2 37 0
3759 ORDER 9383 55 23 16 44 2
3759 ORDER 9384 37 16 49 43 1
3760 ORDER 9385 28 20 35 43 1
3760 ORDER 9386 27 26 1 13 2
3760 ORDER 9387 18 27 2 43 0
3761 ORDER 9388 33 39 3 42 0
3761 ORDER 9389 15 24 3 9 2
3761 BLOCK 43 3
3762 ORDER 9390 27 35 3 20 0
3762 ORDER 9391 7 17 2 39 0
3763 ORDER 9392 30 15 30 44 0
3763 ORDER 9393 33 26 10 43 1
3763 ORDER 9394 50 5 2 42 0
3764 ORDER 9395 12 39 53 43 0
3764 ORDER 9396 32 39 13 43 0
3765 ORDER 9397 9 11 43 43 3
3765 ORDER 9398 43 17 3 32 1
3765 ORDER 9399 38 21 3 8 0
3766 ORDER 9400 37 36 33 44 2
3766 ORDER 9401 12 5 23 44 1
3766 BLOCK 20 14
3767 ORDER 9402 9 17 2 15 0
3767 ORDER 9403 36 17 3 4 0
3768 ORDER 9404 50 5 1 16 3
3768 ORDER 9405 15 33 39 44 1
3769 UNBLOCK 29 20
3769 ORDER 9406 45 20 3 34 1
3769 ORDER 9407 10 35 17 44 0
3770 ORDER 9408 30 11 44 43 0
3770 ORDER 9409 55 33 1 26 1
3770 ORDER 9410 24 23 3 39 0
3771 ORDER 9411 10 14 23 44 0
3771 ORDER 9412 10 30 3 5 0
3772 ORDER 9413 19 3 41 43 1
3772 ORDER 9414 20 15 3 18 1
3773 ORDER 9415 27 30 2 36 0
3773 ORDER 9416 48 14 1 25 2
3774 CANCEL 9024
3774 ORDER 9417 25 26 26 44 2
3774 ORDER 9418 29 14 46 43 1
3775 ORDER 9419 9 9 56 43 1
3775 ORDER 9420 23 23 18 43 0
3776 CANCEL 9197
3776 ORDER 9421 53 30 39 44 2
3776 ORDER 9422 20 39 58 44 0
3776 ORDER 9423 20 35 3 13 1
3777 ORDER 9424 11 11 1 24 0
3777 ORDER 9425 42 35 12 44 0
3777 ORDER 9426 18 11 3 23 0
3778 CANCEL 9112
3778 ORDER 9427 48 26 3 35 1
3778 ORDER 9428 16 9 2 3 1
3778 ORDER 9429 51 15 27 43 0
3779 CANCEL 9031
3779 ORDER 9430 55 17 52 43 0
3779 ORDER 9431 31 11 2 27 0
3779 ORDER 9432 26 9 20 44 3
3780 ORDER 9433 22 16 3 9 0
3780 ORDER 9434 46 18 3 7 1
3781 CANCEL 9053
3781 ORDER 9435 36 12 1 3 0
3781 ORDER 9436 37 36 32 43 2
3782 ORDER 9437 27 39 2 36 0
3782 ORDER 9438 39 5 1 24 0
3782 ORDER 9439 30 11 50 43 0
3783 ORDER 9440 10 36 12 44 0
3783 ORDER 9441 33 6 19 43 0
3783 ORDER 9442 36 17 2 6 0
3784 ORDER 9443 20 20 36 43 0
3784 ORDER 9444 40 15 3 10 0
3785 ORDER 9445 53 36 14 44 0
3785 ORDER 9446 24 23 38 43 2
3785 ORDER 9447 7 11 3 17 1
3786 CANCEL 9039
3786 CANCEL 9148
3786 CANCEL 9342
3786 ORDER 9448 13 36 3 17 1
3786 ORDER 9449 55 11 46 43 0
3786 ORDER 9450 9 18 2 28 1
3787 ORDER 9451 32 20 3 38 2
3787 ORDER 9452 12 15 3 33 0
3787 ORDER 9453 43 27 30 43 1
3788 ORDER 9454 42 38 3 24 3
3788 ORDER 9455 33 30 53 43 2
3789 ORDER 9456 11 35 22 43 0
3789 ORDER 9457 51 14 13 43 3
3790 CANCEL 9407
3790 ORDER 9458 7 39 39 43 0
3790 ORDER 9459 41 14 1 1 0
3791 CANCEL 9146
3791 ORDER 9460 49 15 3 32 1
3791 ORDER 9461 13 6 1 39 0
3791 ORDER 9462 29 26 2 3 0
3792 ORDER 9463 6 30 2 14 0
3792 ORDER 9464 32 15 1 13 1
3792 ORDER 9465 47 12 5 43 0
3793 ORDER 9466 21 18 2 28 3
3793 ORDER 9467 29 36 1 8 2
3793 ORDER 9468 11 32 3 33 0
3794 ORDER 9469 46 36 3 39 0
3794 ORDER 9470 50 18 53 44 0
3794 ORDER 9471 32 15 2 18 1
3795 ORDER 9472 19 14 2 1 1
3795 ORDER 9473 21 41 5 43 0
3796 CANCEL 9082
3796 ORDER 9474 50 17 3 35 0
3796 ORDER 9475 46 27 3 23 2
3796 ORDER 9476 26 24 41 44 0
3797 ORDER 9477 9 3 3 7 0
3797 ORDER 9478 10 30 1 25 0
3798 ORDER 9479 17 11 37 43 0
3798 ORDER 9480 18 35 1 14 0
3799 ORDER 9481 48 17 3 8 0
3799 ORDER 9482 26 14 2 14 1
3799 ORDER 9483 40 23 22 44 1
3800 UNBLOCK 22 33
3800 ORDER 9484 29 18 1 42 0
3800 ORDER 9485 45 26 30 44 1
3800 ORDER 9486 7 30 16 44 1
3801 ORDER 9487 7 18 37 44 0
3801 ORDER 9488 38 23 4 43 1
3801 ORDER 9489 8 6 1 3 1
3802 ORDER 9490 8 12 1 10 0
3802 ORDER 9491 23 21 2 6 3
3803 ORDER 9492 18 18 3 4 1
3803 ORDER 9493 36 12 1 39 3
3803 ORDER 9494 33 26 27 44 0
3804 CANCEL 9060
3804 CANCEL 9404
3804 CANCEL 9420
3804 ORDER 9495 19 24 3 3 3
3804 ORDER 9496 6 15 3 32 0
3804 ORDER 9497 29 6 32 43 1
3805 ORDER 9498 28 9 2 36 1
3805 ORDER 9499 14 20 1 14 0
3806 CANCEL 9375
3806 ORDER 9500 28 33 11 44 0
3806 ORDER 9501 8 14 1 6 2
3807 CANCEL 9015
3807 ORDER 9502 25 29 3 23 0
3807 ORDER 9503 47 3 3 35 0
3808 ORDER 9504 18 34 18 44 0
3808 ORDER 9505 37 11 27 44 0
3809 ORDER 9506 23 35 2 38 0
3809 ORDER 9507 37 29 13 43 2
3809 ORDER 9508 24 36 1 44 0
3810 CANCEL 9384
3810 ORDER 9509 13 17 13 43 0
3810 ORDER 9510 12 32 2 5 0
3811 CANCEL 9096
3811 CANCEL 9390
3811 ORDER 9511 22 23 3 12 0
3811 ORDER 9512 28 23 1 43 0
3811 ORDER 9513 23 15 2 16 1
3812 CANCEL 9231
3812 ORDER 9514 41 41 3 12 0
3812 ORDER 9515 22 15 3 35 0
3812 ORDER 9516 30 18 1 38 0
3813 CANCEL 9411
3813 ORDER 9517 29 23 3 38 0
3813 ORDER 9518 19 11 45 43 1
3813 ORDER 9519 47 14 1 36 1
3814 ORDER 9520 13 3 3 8 1
3814 ORDER 9521 44 14 20 44 0
3815 CANCEL 9057
3815 ORDER 9522 32 9 41 43 0
3815 ORDER 9523 28 17 25 43 1
3816 ORDER 9524 21 32 56 43 1
3816 ORDER 9525 33 30 12 43 0
3817 ORDER 9526 33 41 36 44 2
3817 ORDER 9527 18 26 33 43 0
3818 ORDER 9528 6 36 2 7 0
3818 ORDER 9529 16 26 31 43 0
3818 ORDER 9530 53 33 1 5 0
3819 CANCEL 9111
3819 CANCEL 9212
3819 ORDER 9531 39 11 3 19 1
3819 ORDER 9532 21 32 3 29 0
3820 ORDER 9533 12 23 39 43 0
3820 ORDER 9534 35 12 53 44 0
3820 ORDER 9535 14 26 3 37 1
3821 CANCEL 9097
3821 CANCEL 9394
3821 ORDER 9536 17 33 12 43 0
3821 ORDER 9537 38 38 3 26 1
3821 ORDER 9538 11 18 2 13 2
3822 ORDER 9539 45 26 1 39 1
3822 ORDER 9540 51 15 1 1 0
3822 ORDER 9541 11 8 40 44 0
3823 ORDER 9542 17 14 52 43 1
3823 ORDER 9543 40 36 16 43 0
3823 ORDER 9544 19 35 3 4 0
3824 ORDER 9545 14 11 12 44 0
3824 ORDER 9546 33 38 3 11 1
3825 ORDER 9547 32 23 1 10 1
3825 ORDER 9548 31 27 9 43 0
3826 CANCEL 9125
3826 ORDER 9549 8 9 1 11 1
3826 ORDER 9550 34 39 18 43 1
3826 ORDER 9551 16 41 4 43 0
3827 ORDER 9552 46 11 3 9 0
3827 ORDER 9553 54 26 53 43 1
3828 ORDER 9554 31 8 2 16 1
3828 ORDER 9555 7 24 2 30 0
3829 CANCEL 9414
3829 ORDER 9556 23 36 2 30 0
3829 ORDER 9557 6 20 23 44 1
3829 ORDER 9558 40 21 3 24 0
3830 CANCEL 9126
3830 ORDER 9559 24 11 21 43 3
3830 ORDER 9560 29 27 2 37 0
3831 ORDER 9561 54 35 3 8 1
3831 ORDER 9562 13 12 54 44 1
3831 ORDER 9563 30 35 3 23 0
3832 ORDER 9564 6 24 29 44 3
3832 ORDER 9565 20 30 1 8 1
3832 ORDER 9566 19 21 4 43 0
3833 CANCEL 9316
3833 ORDER 9567 10 21 9 43 0
3833 ORDER 9568 16 6 3 12 1
3833 ORDER 9569 18 30 58 43 0
3834 ORDER 9570 53 27 2 15 0
3834 ORDER 9571 10 38 3 33 0
3834 ORDER 9572 6 38 43 44 0
3835 ORDER 9573 48 9 1 24 1
3835 ORDER 9574 39 20 9 44 1
3836 ORDER 9575 36 24 3 25 0
3836 ORDER 9576 37 29 35 44 1
3836 ORDER 9577 17 12 3 13 0
3837 ORDER 9578 35 9 3 23 0
3837 ORDER 9579 35 30 21 43 3
3837 ORDER 9580 12 39 2 15 0
3838 ORDER 9581 18 34 1 29 0
3838 ORDER 9582 43 26 3 19 0
3838 ORDER 9583 50 18 36 44 1
3839 ORDER 9584 30 36 3 26 2
3839 ORDER 9585 50 19 2 6 1
3840 CANCEL 9345
3840 ORDER 9586 18 35 56 43 0
3840 ORDER 9587 32 12 1 40 0
3841 ORDER 9588 46 8 28 44 1
3841 ORDER 9589 6 27 2 30 3
3842 ORDER 9590 24 23 32 44 0
3842 ORDER 9591 28 15 1 19 0
3842 ORDER 9592 14 14 2 26 0
3843 ORDER 9593 40 15 52 44 0
3843 ORDER 9594 37 23 3 19 1
3844 ORDER 9595 29 30 38 44 0
3844 ORDER 9596 50 39 30 44 1
3845 ORDER 9597 10 36 3 30 0
3845 ORDER 9598 43 17 2 32 0
3846 ORDER 9599 22 3 29 44 0
3846 ORDER 9600 38 24 3 29 0
3847 ORDER 9601 38 32 27 44 1
3847 ORDER 9602 9 12 44 44 0
3847 ORDER 9603 17 23 2 38 1
3848 CANCEL 9122
3848 CANCEL 9549
3848 ORDER 9604 41 3 3 26 1
3848 ORDER 9605 50 32 2 24 0
3849 CANCEL 9583
3849 ORDER 9606 33 36 2 28 0
3849 ORDER 9607 34 6 1 32 1
3849 ORDER 9608 48 32 12 43 0
3850 ORDER 9609 22 39 11 44 1
3850 ORDER 9610 8 36 29 43 0
3851 ORDER 9611 40 6 35 44 1
3851 ORDER 9612 7 33 2 7 0
3851 ORDER 9613 50 17 21 43 0
3852 ORDER 9614 8 20 3 17 0
3852 ORDER 9615 29 33 56 44 0
3852 ORDER 9616 13 8 3 13 1
3853 CANCEL 9603
3853 ORDER 9617 18 33 10 44 0
3853 ORDER 9618 41 14 3 1 0
3853 ORDER 9619 44 29 2 23 0
3854 ORDER 9620 46 11 1 21 1
3854 ORDER 9621 18 15 2 26 0
3855 ORDER 9622 19 15 1 4 0
3855 ORDER 9623 26 6 3 16 0
3855 ORDER 9624 19 8 32 43 0
3856 ORDER 9625 55 21 7 44 3
3856 ORDER 9626 35 20 2 41 0
3857 ORDER 9627 55 18 45 44 0
3857 ORDER 9628 24 33 2 2 1
3858 ORDER 9629 46 26 1 15 0
3858 ORDER 9630 54 27 45 44 0
3858 ORDER 9631 31 17 35 44 0
3859 CANCEL 9564
3859 ORDER 9632 24 11 36 44 0
3859 ORDER 9633 24 27 30 44 1
3859 ORDER 9634 9 5 40 43 0
3860 ORDER 9635 49 39 36 44 1
3860 ORDER 9636 51 36 17 44 2
3861 ORDER 9637 16 8 4 43 0
3861 ORDER 9638 28 21 8 44 0
3861 ORDER 9639 10 24 1 22 0
3862 ORDER 9640 38 41 2 5 0
3862 ORDER 9641 26 33 12 44 0
3862 ORDER 9642 39 37 2 26 0
3863 ORDER 9643 52 21 3 7 1
3863 ORDER 9644 39 36 16 43 0
3863 ORDER 9645 29 29 3 2 1
3864 ORDER 9646 10 32 23 44 0
3864 ORDER 9647 50 14 3 29 1
3864 ORDER 9648 7 20 3 26 1
3865 CANCEL 9323
3865 CANCEL 9508
3865 ORDER 9649 31 41 42 44 0
3865 ORDER 9650 48 14 3 8 0
3865 BLOCK 33 1
3866 CANCEL 9630
3866 ORDER 9651 9 33 2 7 1
3866 ORDER 9652 49 38 3 36 0
3866 ORDER 9653 7 27 1 1 1
3867 ORDER 9654 39 30 26 43 2
3867 ORDER 9655 52 41 3 17 0
3868 CANCEL 9645
3868 ORDER 9656 49 15 2 36 1
3868 ORDER 9657 35 24 2 36 2
3868 ORDER 9658 19 35 21 44 0
3869 ORDER 9659 36 30 2 44 0
3869 ORDER 9660 11 9 1 12 0
3870 CANCEL 9161
3870 CANCEL 9192
3870 CANCEL 9523
3870 ORDER 9661 39 11 1 25 0
3870 ORDER 9662 17 23 5 44 0
3871 CANCEL 9182
3871 ORDER 9663 47 11 3 26 1
3871 ORDER 9664 29 12 3 25 0
3872 ORDER 9665 47 32 1 14 0
3872 ORDER 9666 28 14 28 43 0
3872 ORDER 9667 17 18 50 44 0
3873 ORDER 9668 12 38 3 13 1
3873 ORDER 9669 7 32 44 43 3
3874 ORDER 9670 27 30 3 37 2
3874 ORDER 9671 30 35 1 3 0
3875 ORDER 9672 30 15 3 28 1
3875 ORDER 9673 20 6 30 43 0
3876 ORDER 9674 51 38 1 37 0
3876 ORDER 9675 36 9 33 44 1
3876 ORDER 9676 49 14 1 34 0
3877 ORDER 9677 6 11 1 29 0
3877 ORDER 9678 30 11 3 26 1
3877 ORDER 9679 35 26 1 2 1
3878 ORDER 9680 7 21 2 25 0
3878 ORDER 9681 47 32 42 44 1
3878 ORDER 9682 53 33 2 21 0
3879 ORDER 9683 22 18 2 5 0
3879 ORDER 9684 21 23 3 2 2
3879 ORDER 9685 10 33 2 42 0
3880 CANCEL 9648
3880 ORDER 9686 18 14 2 4 0
3880 ORDER 9687 37 29 3 28 0
3881 ORDER 9688 10 14 32 43 0
3881 ORDER 9689 36 17 3 28 0
3881 ORDER 9690 40 26 1 43 0
3882 ORDER 9691 8 3 52 44 0
3882 ORDER 9692 20 35 9 44 1
3883 CANCEL 9372
3883 ORDER 9693 17 8 18 44 0
3883 ORDER 9694 37 27 27 43 0
3884 ORDER 9695 20 18 3 18 1
3884 ORDER 9696 12 30 34 44 0
3884 ORDER 9697 42 15 3 3 1
3885 ORDER 9698 7 33 15 43 1
3885 ORDER 9699 30 30 2 4 2
3886 ORDER 9700 30 29 35 44 0
3886 ORDER 9701 17 20 1 15 1
3887 CANCEL 9232
3887 ORDER 9702 10 15 1 39 0
3887 ORDER 9703 9 20 31 43 1
3887 ORDER 9704 15 35 3 35 2
3888 ORDER 9705 30 12 1 40 0
3888 ORDER 9706 55 33 3 29 1
3889 CANCEL 9504
3889 ORDER 9707 51 15 3 27 3
3889 ORDER 9708 17 41 3 19 0
3889 ORDER 9709 27 29 2 28 2
3890 ORDER 9710 25 11 33 43 0
3890 ORDER 9711 23 12 40 44 1
3890 ORDER 9712 12 12 18 43 0
3891 ORDER 9713 11 9 2 43 0
3891 ORDER 9714 6 23 3 33 3
3892 ORDER 9715 43 24 16 44 0
3892 ORDER 9716 38 15 31 43 1
3892 ORDER 9717 41 12 1 18 0
3893 CANCEL 9679
3893 ORDER 9718 11 18 1 21 0
3893 ORDER 9719 47 27 37 43 1
3894 ORDER 9720 27 36 2 38 2
3894 ORDER 9721 32 41 3 34 0
3894 ORDER 9722 52 12 1 28 0
3895 ORDER 9723 8 29 19 43 0
3895 ORDER 9724 34 29 1 40 0
3896 ORDER 9725 11 20 3 6 0
3896 ORDER 9726 6 20 2 40 0
3897 ORDER 9727 7 33 24 43 1
3897 ORDER 9728 27 14 1 32 0
3897 ORDER 9729 24 26 3 14 0
3898 ORDER 9730 22 18 1 3 0
3898 ORDER 9731 23 5 51 43 0
3899 ORDER 9732 44 17 29 43 1
3899 ORDER 9733 36 14 2 43 0
3900 ORDER 9734 27 38 1 30 0
3900 ORDER 9735 28 18 1 9 0
3901 CANCEL 9565
3901 ORDER 9736 51 6 58 43 1
3901 ORDER 9737 9 5 3 15 0
3902 CANCEL 9354
3902 ORDER 9738 25 26 35 43 1
3902 ORDER 9739 9 39 1 13 0
3903 ORDER 9740 22 18 51 43 1
3903 ORDER 9741 9 15 10 44 0
3904 ORDER 9742 30 39 2 5 1
3904 ORDER 9743 37 3 52 44 2
3905 UNBLOCK 20 14
3905 CANCEL 9468
3905 ORDER 9744 52 3 2 5 2
3905 ORDER 9745 22 5 5 43 0
3905 ORDER 9746 22 5 1 43 0
3906 ORDER 9747 42 27 2 44 2
3906 ORDER 9748 26 26 1 19 1
3907 ORDER 9749 44 24 2 9 0
3907 ORDER 9750 39 27 25 43 0
3908 ORDER 9751 25 24 49 43 0
3908 ORDER 9752 53 11 1 39 2
3908 ORDER 9753 20 30 27 43 2
3909 ORDER 9754 10 26 56 43 1
3909 ORDER 9755 43 32 3 11 0
3909 ORDER 9756 31 39 2 36 0
3910 CANCEL 9380
3910 ORDER 9757 31 41 19 43 1
3910 ORDER 9758 54 33 3 5 2
3911 UNBLOCK 43 3
3911 CANCEL 9530
3911 ORDER 9759 7 8 2 21 0
3911 ORDER 9760 43 36 1 28 1
3912 ORDER 9761 7 39 3 20 0
3912 ORDER 9762 24 23 1 16 0
3913 CANCEL 9712
3913 ORDER 9763 6 24 55 43 0
3913 ORDER 9764 33 39 1 32 1
3913 ORDER 9765 40 23 10 43 0
3914 ORDER 9766 8 21 3 44 1
3914 ORDER 9767 12 5 3 40 1
3915 CANCEL 9455
3915 ORDER 9768 48 39 40 43 2
3915 ORDER 9769 11 35 17 43 0
3916 CANCEL 9715
3916 ORDER 9770 30 29 1 13 2
3916 ORDER 9771 37 14 11 44 1
3916 ORDER 9772 44 15 17 43 0
3917 ORDER 9773 42 15 1 27 0
3917 ORDER 9774 13 36 2 28 0
3917 ORDER 9775 16 26 53 44 0
3918 ORDER 9776 37 17 28 44 0
3918 ORDER 9777 35 33 3 12 2
3919 ORDER 9778 25 9 1 32 1
3919 ORDER 9779 21 3 49 44 1
3920 CANCEL 9488
3920 ORDER 9780 42 15 1 40 0
3920 ORDER 9781 48 8 2 12 2
3921 ORDER 9782 20 8 1 5 0
3921 ORDER 9783 38 15 1 5 0
3921 ORDER 9784 14 15 1 19 0
3922 CANCEL 9470
3922 ORDER 9785 33 8 2 22 1
3922 ORDER 9786 55 21 3 37 0
3923 ORDER 9787 7 38 19 43 0
3923 ORDER 9788 51 12 3 3 0
3923 ORDER 9789 20 33 3 8 1
3924 ORDER 9790 17 12 14 43 0
3924 ORDER 9791 55 20 2 31 0
3924 ORDER 9792 13 39 6 43 0
3925 ORDER 9793 16 18 39 44 1
3925 ORDER 9794 28 24 2 31 0
3925 ORDER 9795 45 29 14 44 0
3926 ORDER 9796 9 20 5 43 0
3926 ORDER 9797 15 11 2 21 0
3927 ORDER 9798 20 12 1 23 0
3927 ORDER 9799 20 14 53 43 0
3927 ORDER 9800 31 15 27 44 3
3928 CANCEL 9409
3928 ORDER 9801 41 20 5 43 1
3928 ORDER 9802 6 21 52 43 1
3928 ORDER 9803 13 32 49 43 0
3929 CANCEL 9768
3929 ORDER 9804 28 17 1 2 0
3929 ORDER 9805 30 12 3 14 1
3930 ORDER 9806 8 9 9 44 0
3930 ORDER 9807 27 30 27 44 0
3930 ORDER 9808 43 29 1 8 1
3931 ORDER 9809 15 24 3 26 0
3931 ORDER 9810 54 8 21 44 0
3931 ORDER 9811 47 18 47 43 0
3932 CANCEL 9590
3932 ORDER 9812 16 18 8 43 0
3932 ORDER 9813 48 17 3 20 0
3933 ORDER 9814 27 14 2 13 0
3933 ORDER 9815 28 11 1 4 0
3933 ORDER 9816 10 29 34 44 0
3934 ORDER 9817 37 14 1 43 1
3934 ORDER 9818 49 32 1 17 2
3934 ORDER 9819 11 35 9 44 1
3935 ORDER 9820 52 29 3 34 0
3935 ORDER 9821 30 17 2 9 1
3935 ORDER 9822 27 39 37 43 0
3936 ORDER 9823 38 24 6 44 3
3936 ORDER 9824 31 29 54 44 0
3937 ORDER 9825 12 21 2 23 1
3937 ORDER 9826 35 14 55 43 0
3937 ORDER 9827 22 36 3 12 0
3938 CANCEL 9412
3938 ORDER 9828 49 30 44 44 2
3938 ORDER 9829 9 29 1 2 2
3939 ORDER 9830 40 6 2 41 1
3939 ORDER 9831 10 27 48 43 0
3939 ORDER 9832 46 33 1 28 1
3940 ORDER 9833 20 14 57 44 0
3940 ORDER 9834 29 36 3 27 0
3940 ORDER 9835 44 29 17 44 1
3941 ORDER 9836 48 23 1 12 0
3941 ORDER 9837 42 17 3 32 1
3941 ORDER 9838 46 11 1 44 0
3941 BLOCK 25 41
3942 ORDER 9839 42 15 33 44 1
3942 ORDER 9840 39 18 12 44 0
3942 ORDER 9841 25 35 27 43 0
3943 ORDER 9842 18 36 3 11 1
3943 ORDER 9843 40 36 28 44 0
3943 ORDER 9844 8 11 17 43 1
3944 ORDER 9845 14 27 2 32 1
3944 ORDER 9846 50 21 41 44 2
3945 ORDER 9847 44 12 28 43 0
3945 ORDER 9848 8 15 2 36 0
3945 ORDER 9849 50 8 3 16 0
3946 ORDER 9850 49 30 10 44 0
3946 ORDER 9851 38 23 30 44 0
3947 ORDER 9852 38 24 16 43 0
3947 ORDER 9853 27 39 13 43 2
3947 ORDER 9854 38 33 28 44 1
3948 ORDER 9855 54 8 43 43 1
3948 ORDER 9856 18 35 3 39 0
3949 ORDER 9857 49 21 3 44 3
3949 ORDER 9858 46 32 36 43 0
3949 ORDER 9859 51 15 1 20 0
3950 ORDER 9860 42 27 30 44 0
3950 ORDER 9861 40 38 54 43 0
3951 CANCEL 9810
3951 ORDER 9862 50 8 17 43 1
3951 ORDER 9863 22 3 1 40 0
3951 ORDER 9864 49 14 31 44 2
3952 CANCEL 9684
3952 ORDER 9865 51 15 2 17 2
3952 ORDER 9866 37 15 2 30 0
3953 ORDER 9867 30 39 3 21 2
3953 ORDER 9868 11 36 21 43 2
3954 ORDER 9869 6 14 3 10 0
3954 ORDER 9870 15 27 48 43 0
3954 ORDER 9871 26 35 3 2 0
3955 ORDER 9872 32 38 10 44 2
3955 ORDER 9873 48 27 16 44 2
3955 ORDER 9874 54 11 56 43 0
3956 ORDER 9875 37 30 19 43 1
3956 ORDER 9876 10 32 3 36 0
3956 ORDER 9877 35 30 26 43 0
3957 ORDER 9878 10 15 3 5 0
3957 ORDER 9879 28 17 1 37 0
3957 ORDER 9880 27 32 32 44 1
3958 CANCEL 9802
3958 ORDER 9881 18 15 1 3 1
3958 ORDER 9882 8 35 5 44 0
3958 ORDER 9883 43 33 1 22 2
3959 ORDER 9884 42 39 25 44 0
3959 ORDER 9885 20 36 18 43 0
3959 ORDER 9886 18 27 1 36 0
3960 ORDER 9887 35 29 2 7 1
3960 ORDER 9888 8 6 35 43 0
3961 ORDER 9889 53 38 54 44 0
3961 ORDER 9890 32 5 28 44 1
3962 ORDER 9891 48 29 40 44 0
3962 ORDER 9892 22 5 2 25 0
3963 ORDER 9893 54 24 2 16 1
3963 ORDER 9894 16 18 17 44 0
3963 ORDER 9895 43 29 3 11 3
3964 UNBLOCK 33 1
3964 CANCEL 9873
3964 ORDER 9896 48 27 1 28 1
3964 ORDER 9897 45 18 3 11 2
3965 CANCEL 9677
3965 ORDER 9898 30 29 2 40 0
3965 ORDER 9899 19 38 39 43 3
3965 ORDER 9900 32 11 2 35 0
3966 ORDER 9901 29 29 31 43 2
3966 ORDER 9902 13 39 2 20 1
3966 ORDER 9903 6 17 37 44 0
3967 ORDER 9904 43 15 1 31 2
3967 ORDER 9905 38 38 3 16 2
3967 ORDER 9906 8 24 44 43 1
3967 BLOCK 35 36
3968 ORDER 9907 39 6 3 38 1
3968 ORDER 9908 9 5 1 3 1
3968 ORDER 9909 47 35 1 2 2
3969 ORDER 9910 36 21 53 43 0
3969 ORDER 9911 47 12 23 44 1
3970 CANCEL 9458
3970 ORDER 9912 44 14 27 44 0
3970 ORDER 9913 35 41 3 26 0
3971 ORDER 9914 41 36 1 17 0
3971 ORDER 9915 21 11 3 37 0
3972 ORDER 9916 48 3 2 44 2
3972 ORDER 9917 13 8 21 44 1
3973 ORDER 9918 13 38 41 43 0
3973 ORDER 9919 42 18 26 43 0
3974 CANCEL 9511
3974 ORDER 9920 32 38 49 44 3
3974 ORDER 9921 14 5 2 29 0
3974 ORDER 9922 8 9 58 43 0
3975 ORDER 9923 12 15 34 43 0
3975 ORDER 9924 51 3 45 43 0
3975 ORDER 9925 14 15 48 43 1
3976 ORDER 9926 39 32 41 43 1
3976 ORDER 9927 21 14 1 7 0
3976 BLOCK 49 44
3977 ORDER 9928 17 32 36 43 2
3977 ORDER 9929 29 27 26 44 0
3977 ORDER 9930 38 20 36 44 1
3978 CANCEL 9864
3978 ORDER 9931 31 39 3 6 2
3978 ORDER 9932 29 24 32 44 0
3979 CANCEL 9842
3979 ORDER 9933 48 27 2 3 0
3979 ORDER 9934 55 3 2 16 0
3979 ORDER 9935 25 29 8 43 0
3980 CANCEL 9784
3980 ORDER 9936 55 30 44 44 3
3980 ORDER 9937 24 33 1 24 3
3980 ORDER 9938 18 30 3 8 0
3981 ORDER 9939 6 6 1 12 2
3981 ORDER 9940 47 36 2 18 0
3981 ORDER 9941 28 14 2 32 0
3982 ORDER 9942 24 27 1 29 0
3982 ORDER 9943 49 7 9 44 0
3982 ORDER 9944 11 33 28 43 0
3983 ORDER 9945 29 15 34 43 2
3983 ORDER 9946 41 20 2 35 3
3983 ORDER 9947 24 27 3 9 0
3984 CANCEL 9475
3984 CANCEL 9763
3984 ORDER 9948 55 12 1 29 1
3984 ORDER 9949 8 5 23 43 1
3985 ORDER 9950 37 36 3 13 1
3985 ORDER 9951 8 30 47 43 0
3985 ORDER 9952 17 21 1 18 1
3986 ORDER 9953 44 30 1 22 0
3986 ORDER 9954 35 41 51 44 0
3987 ORDER 9955 39 11 32 43 0
3987 ORDER 9956 30 8 3 13 2
3988 CANCEL 9480
3988 CANCEL 9718
3988 ORDER 9957 46 23 3 2 1
3988 ORDER 9958 40 26 7 43 0
3989 ORDER 9959 32 41 1 7 2
3989 ORDER 9960 7 12 2 10 0
3990 ORDER 9961 35 9 15 44 0
3990 ORDER 9962 40 20 3 5 0
3991 ORDER 9963 43 36 13 44 0
3991 ORDER 9964 6 33 23 44 0
3992 ORDER 9965 37 27 2 34 0
3992 ORDER 9966 43 36 2 27 0
3992 ORDER 9967 7 18 1 10 2
3993 CANCEL 9606
3993 CANCEL 9909
3993 ORDER 9968 12 32 58 43 0
3993 ORDER 9969 27 14 1 10 1
3993 ORDER 9970 12 6 1 38 0
3994 UNBLOCK 25 41
3994 ORDER 9971 37 15 5 43 2
3994 ORDER 9972 30 29 11 44 2
3995 ORDER 9973 8 32 43 43 0
3995 ORDER 9974 28 20 2 32 0
3996 ORDER 9975 43 29 32 44 1
3996 ORDER 9976 43 9 3 13 0
3996 ORDER 9977 16 32 2 21 0
3997 ORDER 9978 37 24 52 43 0
3997 ORDER 9979 54 30 3 4 1
3998 UNBLOCK 35 36
3998 ORDER 9980 26 33 3 24 0
3998 ORDER 9981 33 30 15 44 0
3998 ORDER 9982 40 3 11 43 3
3999 CANCEL 9503
3999 ORDER 9983 26 12 39 43 0
3999 ORDER 9984 51 38 51 43 3
4000 ORDER 9985 25 26 42 43 0
4000 ORDER 9986 21 15 2 15 0
4001 ORDER 9987 48 8 15 43 0
4001 ORDER 9988 29 3 14 44 0
4001 ORDER 9989 10 14 2 11 1
4002 ORDER 9990 30 6 1 10 0
4002 ORDER 9991 24 38 33 43 0
4002 BLOCK 45 41
4003 CANCEL 9963
4003 ORDER 9992 9 36 6 44 0
4003 ORDER 9993 40 24 1 8 0
4004 ORDER 9994 10 11 1 36 3
4004 ORDER 9995 31 36 58 43 0
4004 ORDER 9996 37 27 3 28 3
4005 ORDER 9997 33 33 47 43 2
4005 ORDER 9998 39 30 55 43 0
4006 ORDER 9999 6 27 23 44 0
4006 ORDER 10000 38 27 3 32 2
4007 ORDER 10001 43 35 48 43 0
4007 ORDER 10002 46 33 3 26 2
4007 ORDER 10003 20 11 1 24 0
4008 ORDER 10004 13 8 1 41 0
4008 ORDER 10005 10 27 3 9 0
4009 ORDER 10006 32 23 2 9 0
4009 ORDER 10007 29 35 41 44 0
4010 CANCEL 9568
4010 CANCEL 9793
4010 ORDER 10008 25 28 1 8 1
4010 ORDER 10009 38 14 26 43 0
4010 ORDER 10010 6 23 3 33 0
4011 ORDER 10011 27 31 17 44 0
4011 ORDER 10012 53 24 21 43 0
4012 ORDER 10013 11 36 2 1 0
4012 ORDER 10014 19 15 12 43 0
4012 ORDER 10015 39 32 1 9 0
4013 ORDER 10016 35 20 37 43 0
4013 ORDER 10017 48 26 15 43 1
4013 ORDER 10018 45 23 1 16 2
4014 ORDER 10019 16 11 2 44 0
4014 ORDER 10020 54 33 33 43 0
4014 ORDER 10021 47 17 2 22 1
4015 CANCEL 9656
4015 CANCEL 9669
4015 ORDER 10022 31 29 2 10 2
4015 ORDER 10023 12 14 41 44 0
4015 ORDER 10024 7 14 2 41 2
4016 ORDER 10025 9 35 58 44 1
4016 ORDER 10026 26 11 3 20 0
4016 ORDER 10027 40 26 2 15 2
4017 CANCEL 9725
4017 ORDER 10028 41 12 3 35 0
4017 ORDER 10029 29 15 3 20 0
4017 ORDER 10030 42 33 29 43 2
4017 BLOCK 5 25
4018 ORDER 10031 7 17 1 28 2
4018 ORDER 10032 35 14 1 28 0
4019 CANCEL 9695
4019 ORDER 10033 28 35 30 43 1
4019 ORDER 10034 47 3 31 43 0
4019 ORDER 10035 54 35 35 43 1
4020 ORDER 10036 26 32 2 17 1
4020 ORDER 10037 49 14 28 43 0
4021 ORDER 10038 31 29 1 28 3
4021 ORDER 10039 55 29 7 44 0
4021 ORDER 10040 38 14 2 34 1
4022 ORDER 10041 30 6 44 44 1
4022 ORDER 10042 27 21 1 42 0
4023 CANCEL 9907
4023 ORDER 10043 32 41 43 43 1
4023 ORDER 10044 24 11 2 23 1
4023 ORDER 10045 27 38 3 34 0
4024 CANCEL 9710
4024 ORDER 10046 13 15 47 43 0
4024 ORDER 10047 50 39 3 10 0
4025 ORDER 10048 41 41 3 26 1
4025 ORDER 10049 11 32 37 44 0
4026 ORDER 10050 21 20 3 39 0
4026 ORDER 10051 35 24 57 43 0
4026 ORDER 10052 14 17 3 16 0
4027 CANCEL 9582
4027 ORDER 10053 55 3 35 43 0
4027 ORDER 10054 35 41 3 28 3
4028 CANCEL 9949
4028 ORDER 10055 20 33 3 34 0
4028 ORDER 10056 37 38 47 43 0
4028 ORDER 10057 26 27 58 44 3
4029 ORDER 10058 20 21 29 43 0
4029 ORDER 10059 19 32 24 44 0
4030 CANCEL 9614
4030 ORDER 10060 35 30 3 30 1
4030 ORDER 10061 54 24 3 42 0
4031 CANCEL 9749
4031 ORDER 10062 9 6 39 44 0
4031 ORDER 10063 17 15 56 43 0
4032 ORDER 10064 20 20 2 1 2
4032 ORDER 10065 10 7 3 27 0
4033 ORDER 10066 27 18 52 43 0
4033 ORDER 10067 46 14 1 37 2
4034 UNBLOCK 49 44
4034 ORDER 10068 24 38 32 44 1
4034 ORDER 10069 38 27 2 36 1
4034 ORDER 10070 29 9 37 44 0
4035 ORDER 10071 37 38 1 26 0
4035 ORDER 10072 22 23 1 44 1
4036 ORDER 10073 27 17 1 44 1
4036 ORDER 10074 17 11 2 25 2
4036 ORDER 10075 53 11 51 44 0
4037 ORDER 10076 19 6 4 44 0
4037 ORDER 10077 33 32 3 44 0
4037 ORDER 10078 12 3 21 43 0
4038 ORDER 10079 24 33 9 44 0
4038 ORDER 10080 37 24 37 44 1
4039 ORDER 10081 22 32 2 26 0
4039 ORDER 10082 18 26 20 43 2
4039 ORDER 10083 29 36 32 44 1
4040 ORDER 10084 20 9 3 2 0
4040 ORDER 10085 20 32 1 22 0
4040 ORDER 10086 7 17 3 34 2
4041 ORDER 10087 47 30 3 35 0
4041 ORDER 10088 36 26 1 17 0
4041 ORDER 10089 45 35 8 43 3
4042 ORDER 10090 35 9 29 44 0
4042 ORDER 10091 7 20 3 1 0
4043 ORDER 10092 38 15 3 28 0
4043 ORDER 10093 47 26 3 22 3
4044 ORDER 10094 13 38 2 35 1
4044 ORDER 10095 19 11 37 44 0
4044 ORDER 10096 40 21 53 44 1
4045 ORDER 10097 36 12 2 16 2
4045 ORDER 10098 25 35 1 23 0
4046 ORDER 10099 17 38 5 43 0
4046 ORDER 10100 28 27 3 9 0
4046 ORDER 10101 25 33 58 43 1
4047 ORDER 10102 7 5 3 15 0
4047 ORDER 10103 20 8 2 11 0
4048 ORDER 10104 38 9 1 42 0
4048 ORDER 10105 50 21 1 6 1
4049 ORDER 10106 52 21 3 44 0
4049 ORDER 10107 35 24 23 43 0
4050 CANCEL 9839
4050 ORDER 10108 38 36 57 44 2
4050 ORDER 10109 39 15 35 43 0
4050 ORDER 10110 40 3 2 22 0
4051 CANCEL 10088
4051 ORDER 10111 6 35 29 44 2
4051 ORDER 10112 24 11 3 15 1
4051 ORDER 10113 10 12 50 44 0
4052 ORDER 10114 37 9 3 35 1
4052 ORDER 10115 55 27 1 5 1
4052 ORDER 10116 38 9 2 30 0
4053 ORDER 10117 8 12 47 43 0
4053 ORDER 10118 15 24 1 11 1
4054 CANCEL 9742
4054 CANCEL 9985
4054 ORDER 10119 33 26 9 44 0
4054 ORDER 10120 36 32 3 42 1
4054 ORDER 10121 49 5 26 44 0
4055 ORDER 10122 30 15 19 43 0
4055 ORDER 10123 21 17 24 44 1
4056 ORDER 10124 37 23 1 12 0
4056 ORDER 10125 27 33 2 20 0
4057 ORDER 10126 27 29 1 41 1
4057 ORDER 10127 26 30 10 44 0
4058 ORDER 10128 32 8 2 22 1
4058 ORDER 10129 48 17 10 44 1
4058 ORDER 10130 30 3 7 44 1
4059 ORDER 10131 33 17 3 2 1
4059 ORDER 10132 36 12 2 20 0
4059 ORDER 10133 20 33 41 44 0
4060 ORDER 10134 52 36 52 44 0
4060 ORDER 10135 47 32 22 43 2
4061 UNBLOCK 5 25
4061 ORDER 10136 46 36 46 43 0
4061 ORDER 10137 29 20 1 40 0
4061 ORDER 10138 28 35 5 44 0
4062 ORDER 10139 13 3 3 22 0
4062 ORDER 10140 21 36 1 20 0
4063 CANCEL 9862
4063 ORDER 10141 54 36 3 2 0
4063 ORDER 10142 44 11 1 40 1
4064 ORDER 10143 17 38 31 43 1
4064 ORDER 10144 27 32 1 7 1
4065 ORDER 10145 51 8 10 43 0
4065 ORDER 10146 32 12 2 1 0
4066 ORDER 10147 38 24 1 38 0
4066 ORDER 10148 39 9 3 37 1
4067 ORDER 10149 45 18 32 44 1
4067 ORDER 10150 49 23 31 43 1
4068 ORDER 10151 19 27 22 44 0
4068 ORDER 10152 36 23 2 20 1
4068 ORDER 10153 16 33 1 6 0
4069 ORDER 10154 19 15 18 43 2
4069 ORDER 10155 49 12 57 44 1
4070 ORDER 10156 9 33 1 15 2
4070 ORDER 10157 38 30 3 13 0
4070 ORDER 10158 47 30 1 35 0
4071 ORDER 10159 15 9 2 24 2
4071 ORDER 10160 48 17 18 44 0
4071 ORDER 10161 14 17 1 28 0
4072 ORDER 10162 24 3 3 25 0
4072 ORDER 10163 34 30 3 1 0
4072 ORDER 10164 31 27 14 44 0
4073 ORDER 10165 48 20 20 43 2
4073 ORDER 10166 30 24 3 5 1
4073 ORDER 10167 30 41 33 44 0
4074 ORDER 10168 31 3 3 35 0
4074 ORDER 10169 26 30 3 17 1
4074 ORDER 10170 43 39 30 43 1
4075 ORDER 10171 30 24 17 44 2
4075 ORDER 10172 17 11 48 44 2
4076 ORDER 10173 26 32 43 43 1
4076 ORDER 10174 18 6 1 1 1
4076 ORDER 10175 39 9 44 43 1
4077 ORDER 10176 27 36 31 43 1
4077 ORDER 10177 25 32 11 43 2
4077 ORDER 10178 22 38 47 43 2
4078 ORDER 10179 29 9 1 18 0
4078 ORDER 10180 43 36 1 3 0
4078 ORDER 10181 17 26 41 43 2
4079 ORDER 10182 29 38 39 44 2
4079 ORDER 10183 8 38 47 43 2
4079 BLOCK 31 11
4080 ORDER 10184 27 36 53 43 2
4080 ORDER 10185 14 5 12 44 2
4080 ORDER 10186 55 17 10 43 0
4081 CANCEL 9836
4081 ORDER 10187 15 18 1 37 2
4081 ORDER 10188 49 36 53 44 1
4082 ORDER 10189 26 33 46 43 0
4082 ORDER 10190 23 39 7 43 0
4083 ORDER 10191 29 36 23 43 2
4083 ORDER 10192 38 17 9 43 3
4084 ORDER 10193 47 12 3 36 0
4084 ORDER 10194 34 29 3 35 0
4085 ORDER 10195 31 41 2 40 0
4085 ORDER 10196 14 29 48 43 0
4085 ORDER 10197 20 8 1 22 1
4086 CANCEL 9981
4086 ORDER 10198 26 26 39 44 2
4086 ORDER 10199 10 26 2 17 0
4087 CANCEL 9773
4087 ORDER 10200 51 18 1 1 0
4087 ORDER 10201 46 9 28 43 0
4088 ORDER 10202 51 20 3 21 0
4088 ORDER 10203 9 15 3 7 0
4089 ORDER 10204 25 18 3 10 0
4089 ORDER 10205 51 23 3 10 2
4089 ORDER 10206 39 17 19 43 1
4090 ORDER 10207 38 24 42 43 0
4090 ORDER 10208 27 23 3 17 0
4091 ORDER 10209 32 41 3 15 1
4091 ORDER 10210 6 32 1 24 1
4092 ORDER 10211 11 18 19 43 0
4092 ORDER 10212 7 36 2 31 1
4093 ORDER 10213 35 30 3 24 2
4093 ORDER 10214 54 41 4 43 1
4094 CANCEL 10182
4094 ORDER 10215 6 30 1 25 0
4094 ORDER 10216 30 17 2 30 3
4094 ORDER 10217 30 41 2 7 0
4095 CANCEL 9956
4095 ORDER 10218 25 19 37 43 1
4095 ORDER 10219 6 38 2 19 0
4095 ORDER 10220 11 8 41 44 0
4096 CANCEL 10093
4096 ORDER 10221 51 26 49 44 1
4096 ORDER 10222 18 30 9 44 1
4097 ORDER 10223 10 8 1 8 0
4097 ORDER 10224 41 15 1 6 0
4098 CANCEL 9954
4098 ORDER 10225 30 29 2 7 0
4098 ORDER 10226 45 26 1 28 0
4099 ORDER 10227 46 36 2 17 0
4099 ORDER 10228 7 27 2 37 1
4100 ORDER 10229 9 36 1 3 0
4100 ORDER 10230 33 3 3 17 2
4101 ORDER 10231 39 32 31 44 0
4101 ORDER 10232 13 17 36 44 2
4101 ORDER 10233 30 9 9 44 1
4102 ORDER 10234 41 5 53 44 0
4102 ORDER 10235 33 24 40 43 1
4103 CANCEL 10172
4103 ORDER 10236 14 38 3 13 0
4103 ORDER 10237 45 35 53 44 2
4104 CANCEL 9997
4104 ORDER 10238 37 24 1 28 2
4104 ORDER 10239 19 8 6 44 2
4105 ORDER 10240 36 17 16 44 0
4105 ORDER 10241 40 6 1 37 0
4105 ORDER 10242 25 3 19 44 2
4106 ORDER 10243 33 5 39 43 2
4106 ORDER 10244 10 29 4 44 3
4106 ORDER 10245 48 30 1 11 1
4107 ORDER 10246 52 21 2 24 0
4107 ORDER 10247 51 27 1 12 0
4107 ORDER 10248 38 39 36 44 0
4108 ORDER 10249 18 32 1 42 0
4108 ORDER 10250 26 30 1 31 0
4109 ORDER 10251 11 33 55 43 0
4109 ORDER 10252 54 26 29 44 1
4110 ORDER 10253 6 24 1 32 1
4110 ORDER 10254 10 30 11 44 0
4111 ORDER 10255 52 38 1 4 0
4111 ORDER 10256 42 38 3 28 2
4111 ORDER 10257 36 20 27 44 1
4112 ORDER 10258 51 18 38 44 0
4112 ORDER 10259 28 20 1 10 2
4112 ORDER 10260 42 8 10 43 0
4113 ORDER 10261 36 32 3 8 0
4113 ORDER 10262 17 33 8 44 0
4114 ORDER 10263 54 29 3 7 1
4114 ORDER 10264 41 20 2 17 0
4115 ORDER 10265 53 9 38 44 0
4115 ORDER 10266 7 41 1 39 1
4115 ORDER 10267 19 26 1 6 1
4116 CANCEL 10266
4116 ORDER 10268 41 21 56 43 0
4116 ORDER 10269 16 23 9 44 1
4116 ORDER 10270 49 35 42 43 0
4117 CANCEL 10155
4117 ORDER 10271 11 9 28 44 1
4117 ORDER 10272 41 33 22 44 0
4117 ORDER 10273 29 19 54 43 0
4118 ORDER 10274 10 12 45 44 0
4118 ORDER 10275 52 8 3 27 1
4118 ORDER 10276 45 21 47 44 0
4119 ORDER 10277 14 36 38 44 0
4119 ORDER 10278 49 41 2 25 1
4119 ORDER 10279 54 24 3 6 0
4120 ORDER 10280 13 21 2 21 0
4120 ORDER 10281 9 21 37 43 1
4120 ORDER 10282 31 41 3 18 1
4121 CANCEL 10083
4121 ORDER 10283 55 24 2 36 0
4121 ORDER 10284 38 32 3 40 0
4121 ORDER 10285 10 5 1 29 0
4122 ORDER 10286 55 20 58 43 1
4122 ORDER 10287 20 12 37 44 1
4123 ORDER 10288 6 17 2 38 0
4123 ORDER 10289 30 3 10 43 0
4124 ORDER 10290 25 9 9 43 0
4124 ORDER 10291 33 38 9 44 0
4124 ORDER 10292 52 36 9 43 2
4125 ORDER 10293 23 3 3 2 0
4125 ORDER 10294 6 20 2 1 0
4125 ORDER 10295 14 29 3 36 0
4126 CANCEL 10217
4126 ORDER 10296 15 35 2 2 0
4126 ORDER 10297 23 27 21 43 0
4126 ORDER 10298 45 11 3 38 2
4127 CANCEL 10173
4127 ORDER 10299 27 41 1 5 0
4127 ORDER 10300 43 38 1 41 0
4128 CANCEL 9968
4128 ORDER 10301 38 29 20 43 0
4128 ORDER 10302 20 9 1 24 1
4128 ORDER 10303 18 27 2 29 1
4129 ORDER 10304 21 24 25 43 0
4129 ORDER 10305 10 18 1 28 0
4129 ORDER 10306 25 20 5 43 0
4130 ORDER 10307 19 3 1 10 2
4130 ORDER 10308 22 38 2 8 2
4131 ORDER 10309 31 23 38 44 1
4131 ORDER 10310 33 33 2 1 3
4132 CANCEL 9883
4132 UNBLOCK 45 41
4132 CANCEL 10091
4132 ORDER 10311 19 23 3 12 2
4132 ORDER 10312 37 35 49 43 1
4133 CANCEL 10008
4133 ORDER 10313 11 38 1 33 1
4133 ORDER 10314 13 41 2 8 0
4133 ORDER 10315 38 27 1 37 0
4134 ORDER 10316 23 12 34 44 0
4134 ORDER 10317 28 30 1 40 1
4134 ORDER 10318 52 8 43 43 1
4135 ORDER 10319 11 23 36 44 1
4135 ORDER 10320 32 39 52 43 1
4135 ORDER 10321 12 33 49 43 3
4136 CANCEL 9847
4136 ORDER 10322 7 29 13 43 0
4136 ORDER 10323 48 41 23 44 2
4136 ORDER 10324 14 12 32 43 0
4137 ORDER 10325 11 41 3 31 0
4137 ORDER 10326 6 26 3 23 0
4137 ORDER 10327 26 8 9 44 0
4138 CANCEL 9938
4138 ORDER 10328 7 27 40 43 1
4138 ORDER 10329 9 11 48 44 0
4138 ORDER 10330 35 9 2 33 0
4139 ORDER 10331 28 32 2 41 0
4139 ORDER 10332 50 3 6 43 1
4140 ORDER 10333 36 18 49 44 1
4140 ORDER 10334 22 14 2 20 0
4141 ORDER 10335 12 36 28 44 0
4141 ORDER 10336 27 24 2 42 0
4141 ORDER 10337 53 38 3 14 0
4142 CANCEL 10184
4142 ORDER 10338 54 6 49 44 0
4142 ORDER 10339 43 36 21 43 1
4143 ORDER 10340 7 11 21 43 0
4143 ORDER 10341 13 14 2 36 2
4144 ORDER 10342 48 9 42 44 1
4144 ORDER 10343 22 20 1 29 0
4145 ORDER 10344 6 33 3 42 0
4145 ORDER 10345 28 17 1 20 0
4146 ORDER 10346 24 39 1 21 3
4146 ORDER 10347 12 4 3 2 0
4147 ORDER 10348 30 33 1 9 1
4147 ORDER 10349 31 14 1 26 1
4147 ORDER 10350 54 38 30 44 0
4148 ORDER 10351 21 18 1 1 1
4148 ORDER 10352 9 11 3 2 0
4148 ORDER 10353 35 29 3 14 0
4149 CANCEL 9916
4149 ORDER 10354 39 36 2 28 0
4149 ORDER 10355 10 19 3 14 0
4149 ORDER 10356 25 5 2 14 0
4150 CANCEL 10056
4150 ORDER 10357 39 5 2 33 0
4150 ORDER 10358 51 41 2 7 0
4150 ORDER 10359 9 38 2 29 2
4151 ORDER 10360 39 17 2 42 0
4151 ORDER 10361 53 27 2 2 0
4152 ORDER 10362 17 41 1 20 2
4152 ORDER 10363 32 6 3 35 2
4153 ORDER 10364 43 29 2 26 3
4153 ORDER 10365 38 12 53 43 0
4154 CANCEL 10221
4154 CANCEL 10272
4154 ORDER 10366 54 38 2 6 0
4154 ORDER 10367 19 5 2 37 0
4154 ORDER 10368 39 5 14 43 0
4155 ORDER 10369 6 11 19 43 2
4155 ORDER 10370 48 32 29 43 0
4155 ORDER 10371 27 6 18 43 1
4156 ORDER 10372 30 5 27 44 0
4156 ORDER 10373 9 30 1 29 0
4157 CANCEL 9902
4157 ORDER 10374 26 29 1 4 0
4157 ORDER 10375 46 35 2 22 3
4157 ORDER 10376 54 8 57 44 0
4158 CANCEL 10004
4158 UNBLOCK 31 11
4158 ORDER 10377 55 24 28 44 1
4158 ORDER 10378 54 20 3 15 1
4158 BLOCK 32 15
4159 ORDER 10379 22 39 3 2 1
4159 ORDER 10380 38 24 3 37 0
4160 ORDER 10381 41 36 4 43 0
4160 ORDER 10382 29 11 2 11 0
4160 ORDER 10383 49 17 3 6 1
4161 CANCEL 9893
4161 ORDER 10384 36 26 2 39 1
4161 ORDER 10385 47 18 2 39 0
4162 ORDER 10386 26 18 3 41 0
4162 ORDER 10387 18 17 1 38 0
4163 ORDER 10388 47 15 1 26 0
4163 ORDER 10389 35 11 21 44 0
4164 CANCEL 10147
4164 ORDER 10390 31 38 1 41 2
4164 ORDER 10391 32 14 6 43 0
4165 CANCEL 9991
4165 CANCEL 10086
4165 ORDER 10392 10 3 2 43 0
4165 ORDER 10393 49 20 1 6 0
4165 ORDER 10394 54 18 3 30 0
4166 ORDER 10395 23 35 1 7 0
4166 ORDER 10396 11 18 52 44 0
4166 ORDER 10397 23 29 54 44 0
4167 ORDER 10398 55 9 3 14 0
4167 ORDER 10399 51 3 40 44 1
4168 ORDER 10400 35 29 2 20 1
4168 ORDER 10401 43 11 20 43 0
4168 ORDER 10402 18 14 41 43 1
4169 ORDER 10403 12 36 29 44 0
4169 ORDER 10404 49 17 29 43 0
4169 ORDER 10405 38 24 1 42 0
4170 CANCEL 9975
4170 CANCEL 10281
4170 CANCEL 10310
4170 ORDER 10406 29 3 39 43 0
4170 ORDER 10407 20 24 2 9 0
4170 ORDER 10408 23 41 5 43 0
4171 CANCEL 10334
4171 ORDER 10409 54 24 34 43 0
4171 ORDER 10410 24 38 29 43 0
4172 ORDER 10411 47 35 47 44 2
4172 ORDER 10412 44 14 2 34 1
4173 CANCEL 9929
4173 CANCEL 10153
4173 CANCEL 10354
4173 ORDER 10413 50 36 17 44 0
4173 ORDER 10414 44 35 1 8 0
4173 ORDER 10415 36 17 11 44 0
4174 ORDER 10416 24 33 2 31 1
4174 ORDER 10417 43 3 1 28 1
4175 ORDER 10418 44 27 3 33 1
4175 ORDER 10419 15 29 3 41 0
4175 ORDER 10420 41 14 29 43 0
4176 ORDER 10421 38 33 1 25 0
4176 ORDER 10422 34 32 25 44 0
4176 ORDER 10423 41 8 5 43 0
4177 CANCEL 10073
4177 ORDER 10424 6 36 23 43 2
4177 ORDER 10425 54 38 7 44 2
4178 ORDER 10426 40 20 37 44 0
4178 ORDER 10427 35 33 3 38 0
4179 ORDER 10428 39 32 2 3 3
4179 ORDER 10429 35 14 3 27 2
4179 ORDER 10430 38 30 37 43 0
4180 ORDER 10431 24 29 3 23 0
4180 ORDER 10432 44 11 16 43 0
4180 ORDER 10433 17 30 2 5 0
4181 ORDER 10434 8 3 15 44 1
4181 ORDER 10435 6 32 44 44 2
4182 ORDER 10436 12 32 1 23 3
4182 ORDER 10437 10 3 2 36 0
4182 ORDER 10438 27 9 57 44 1
4183 ORDER 10439 22 15 1 22 0
4183 ORDER 10440 21 6 29 44 0
4184 ORDER 10441 43 32 1 41 1
4184 ORDER 10442 18 23 3 4 0
4184 ORDER 10443 42 30 3 20 3
4185 ORDER 10444 8 29 1 26 0
4185 ORDER 10445 19 41 1 13 0
4186 ORDER 10446 46 36 58 44 1
4186 ORDER 10447 33 36 26 44 0
4187 ORDER 10448 18 3 58 44 0
4187 ORDER 10449 22 12 33 43 0
4187 ORDER 10450 49 33 3 30 0
4188 ORDER 10451 27 12 3 7 1
4188 ORDER 10452 45 18 3 17 0
4188 ORDER 10453 45 24 24 43 3
4189 ORDER 10454 45 21 2 23 0
4189 ORDER 10455 30 11 2 37 1
4190 CANCEL 10128
4190 CANCEL 10288
4190 ORDER 10456 55 11 11 44 0
4190 ORDER 10457 23 23 8 43 0
4190 ORDER 10458 33 3 42 44 0
4191 ORDER 10459 46 33 42 43 0
4191 ORDER 10460 9 30 3 18 0
4192 ORDER 10461 17 20 26 43 0
4192 ORDER 10462 18 24 2 16 1
4192 ORDER 10463 54 36 3 44 2
4193 CANCEL 10240
4193 ORDER 10464 44 27 2 18 2
4193 ORDER 10465 8 21 1 27 1
4193 ORDER 10466 55 29 2 12 2
4194 ORDER 10467 9 12 33 44 0
4194 ORDER 10468 13 38 2 11 0
4195 ORDER 10469 45 12 2 2 0
4195 ORDER 10470 18 23 1 42 0
4195 ORDER 10471 14 38 2 15 0
4196 ORDER 10472 11 5 16 43 0
4196 ORDER 10473 16 35 3 2 0
4196 ORDER 10474 19 24 2 34 0
4197 ORDER 10475 30 35 23 43 1
4197 ORDER 10476 21 3 3 42 0
4197 ORDER 10477 30 20 2 1 2
4198 ORDER 10478 13 15 3 9 0
4198 ORDER 10479 23 23 1 40 0
4198 ORDER 10480 17 41 54 44 1
4199 ORDER 10481 39 23 1 5 0
4199 ORDER 10482 51 23 14 43 1
4200 ORDER 10483 12 21 3 8 0
4200 ORDER 10484 35 29 40 43 1
4200 ORDER 10485 8 38 1 37 0
4201 ORDER 10486 44 26 34 43 1
4201 ORDER 10487 35 32 3 32 0
4201 ORDER 10488 18 36 3 9 1
4202 ORDER 10489 30 17 1 28 0
4202 ORDER 10490 48 33 2 18 1
4203 ORDER 10491 54 20 3 22 0
4203 ORDER 10492 51 14 1 27 3
4203 ORDER 10493 37 9 1 10 3
4204 CANCEL 10305
4204 CANCEL 10377
4204 ORDER 10494 27 24 1 25 1
4204 ORDER 10495 9 8 16 43 0
4204 ORDER 10496 48 5 1 1 1
4205 ORDER 10497 18 32 47 44 0
4205 ORDER 10498 35 14 3 15 0
4206 ORDER 10499 36 15 48 43 0
4206 ORDER 10500 37 23 58 44 0
4206 ORDER 10501 23 8 1 39 1
4207 ORDER 10502 20 29 3 10 0
4207 ORDER 10503 39 26 51 43 0
4207 ORDER 10504 23 15 3 1 0
4208 ORDER 10505 26 8 43 43 0
4208 ORDER 10506 33 8 57 43 0
4208 ORDER 10507 47 12 58 44 0
4209 ORDER 10508 18 17 1 17 2
4209 ORDER 10509 41 12 2 6 0
4210 ORDER 10510 51 38 48 43 1
4210 ORDER 10511 42 36 2 21 0
4210 ORDER 10512 19 33 2 44 0
4211 CANCEL 10140
4211 ORDER 10513 50 38 2 10 0
4211 ORDER 10514 27 23 40 43 0
4212 ORDER 10515 42 17 36 44 3
4212 ORDER 10516 42 38 3 1 2
4213 CANCEL 10126
4213 ORDER 10517 46 14 41 44 3
4213 ORDER 10518 19 32 1 41 2
4213 ORDER 10519 17 21 1 7 1
4214 ORDER 10520 48 35 1 21 0
4214 ORDER 10521 51 15 57 44 0
4215 ORDER 10522 9 30 1 28 1
4215 ORDER 10523 21 23 27 43 0
4215 ORDER 10524 48 8 2 22 0
4216 ORDER 10525 29 5 1 5 1
4216 ORDER 10526 43 36 1 10 0
4217 CANCEL 10030
4217 CANCEL 10353
4217 ORDER 10527 52 36 21 44 0
4217 ORDER 10528 7 17 1 23 0
4218 ORDER 10529 36 23 44 43 1
4218 ORDER 10530 25 30 3 44 0
4218 ORDER 10531 41 8 3 42 0
4219 ORDER 10532 50 18 2 27 3
4219 ORDER 10533 30 8 43 44 1
4219 ORDER 10534 43 8 2 20 0
4220 ORDER 10535 30 27 2 7 2
4220 ORDER 10536 54 24 28 43 0
4221 ORDER 10537 37 20 2 26 0
4221 ORDER 10538 39 9 1 23 0
4222 ORDER 10539 7 11 2 22 0
4222 ORDER 10540 18 38 3 10 0
4223 ORDER 10541 35 20 1 3 2
4223 ORDER 10542 45 23 1 13 1
4223 ORDER 10543 49 33 3 39 2
4224 ORDER 10544 33 15 1 19 1
4224 ORDER 10545 29 9 2 34 0
4225 CANCEL 10544
4225 ORDER 10546 13 15 2 42 1
4225 ORDER 10547 18 27 58 43 0
4225 ORDER 10548 32 15 1 25 1
4226 ORDER 10549 50 21 15 43 0
4226 ORDER 10550 26 17 1 15 3
4226 ORDER 10551 20 21 18 44 3
4227 CANCEL 10236
4227 ORDER 10552 7 9 17 44 1
4227 ORDER 10553 46 14 12 44 0
4227 ORDER 10554 18 33 27 43 0
4228 ORDER 10555 40 14 33 43 0
4228 ORDER 10556 12 35 2 5 0
4228 ORDER 10557 10 36 1 10 0
4229 ORDER 10558 21 41 14 44 0
4229 ORDER 10559 31 38 3 5 0
4229 ORDER 10560 51 18 3 27 1
4230 CANCEL 10181
4230 ORDER 10561 52 12 32 43 0
4230 ORDER 10562 50 30 3 38 2
4230 ORDER 10563 49 33 2 33 0
4231 CANCEL 10243
4231 ORDER 10564 39 32 51 43 2
4231 ORDER 10565 28 36 2 1 2
4231 ORDER 10566 11 21 16 43 0
4232 ORDER 10567 10 33 3 21 1
4232 ORDER 10568 23 38 6 43 0
4233 ORDER 10569 14 26 2 32 1
4233 ORDER 10570 10 13 31 44 1
4233 ORDER 10571 6 33 2 41 1
4234 ORDER 10572 29 36 1 24 0
4234 ORDER 10573 15 26 23 44 0
4234 ORDER 10574 6 18 3 13 3
4235 ORDER 10575 16 23 49 44 0
4235 ORDER 10576 10 3 31 43 0
4236 ORDER 10577 33 41 51 43 0
4236 ORDER 10578 54 33 7 44 0
4237 CANCEL 10112
4237 ORDER 10579 28 38 1 20 0
4237 ORDER 10580 55 35 1 5 0
4237 ORDER 10581 31 38 2 33 0
4238 CANCEL 10426
4238 ORDER 10582 28 26 13 44 0
4238 ORDER 10583 40 23 44 43 1
4239 ORDER 10584 54 29 3 30 0
4239 ORDER 10585 18 24 3 37 0
4239 ORDER 10586 7 29 2 9 0
4240 ORDER 10587 26 6 6 44 0
4240 ORDER 10588 19 36 20 43 1
4240 ORDER 10589 21 20 7 44 0
4241 ORDER 10590 28 5 3 27 0
4241 ORDER 10591 40 9 3 25 0
4242 ORDER 10592 53 9 8 44 0
4242 ORDER 10593 41 17 2 31 0
4243 CANCEL 10162
4243 ORDER 10594 15 18 47 44 0
4243 ORDER 10595 55 27 47 43 0
4244 ORDER 10596 39 29 3 41 2
4244 ORDER 10597 9 9 1 25 0
4244 ORDER 10598 10 27 2 26 0
4245 CANCEL 10287
4245 ORDER 10599 27 29 31 43 0
4245 ORDER 10600 54 41 19 43 0
4245 ORDER 10601 16 39 3 42 0
4246 ORDER 10602 33 39 30 44 1
4246 ORDER 10603 22 5 3 43 0
4247 CANCEL 10251
4247 ORDER 10604 38 33 1 15 1
4247 ORDER 10605 28 11 56 43 1
4247 ORDER 10606 10 38 2 19 2
4248 ORDER 10607 38 27 3 41 0
4248 ORDER 10608 21 23 24 43 0
4248 ORDER 10609 42 27 3 25 1
4249 CANCEL 10557
4249 ORDER 10610 7 20 39 43 0
4249 ORDER 10611 48 17 20 44 0
4250 ORDER 10612 13 38 56 43 1
4250 ORDER 10613 36 11 1 33 0
4251 ORDER 10614 41 18 1 1 0
4251 ORDER 10615 31 36 43 43 1
4251 ORDER 10616 50 6 14 43 0
4252 ORDER 10617 34 29 1 38 1
4252 ORDER 10618 32 14 2 25 0
4252 BLOCK 9 1
4253 CANCEL 10440
4253 ORDER 10619 14 24 1 44 0
4253 ORDER 10620 26 20 3 22 0
4253 ORDER 10621 51 20 2 36 0
4254 ORDER 10622 22 38 3 11 0
4254 ORDER 10623 28 20 2 6 0
4254 ORDER 10624 43 29 37 44 0
4255 CANCEL 10150
4255 ORDER 10625 42 23 17 43 0
4255 ORDER 10626 7 20 2 16 0
4255 ORDER 10627 54 38 2 11 2
4256 ORDER 10628 34 41 2 36 0
4256 ORDER 10629 8 35 2 9 0
4256 CANCEL 110629
4257 ORDER 10630 20 29 11 44 0
4257 ORDER 10631 47 38 50 43 1
4257 ORDER 10632 46 12 1 25 0
4258 UNBLOCK 32 15
4258 ORDER 10633 47 9 1 35 3
4258 ORDER 10634 21 24 2 9 3
4259 ORDER 10635 44 33 1 39 1
4259 ORDER 10636 52 15 11 43 0
4259 ORDER 10637 9 8 2 25 0
4260 ORDER 10638 44 41 1 38 0
4260 ORDER 10639 6 20 10 44 1
4260 ORDER 10640 10 36 39 43 1
4261 ORDER 10641 10 23 41 44 0
4261 ORDER 10642 46 9 37 43 0
4262 ORDER 10643 17 3 43 43 1
4262 ORDER 10644 45 30 20 43 0
4263 ORDER 10645 31 23 2 43 0
4263 ORDER 10646 17 20 3 22 2
4264 ORDER 10647 46 38 58 44 0
4264 ORDER 10648 38 39 2 12 0
4265 ORDER 10649 30 29 28 43 0
4265 ORDER 10650 53 26 41 43 0
4266 CANCEL 10459
4266 ORDER 10651 39 12 33 44 1
4266 ORDER 10652 19 11 10 44 0
4266 ORDER 10653 24 27 50 43 1
4267 ORDER 10654 43 39 54 44 0
4267 ORDER 10655 7 17 47 44 0
4268 CANCEL 10336
4268 ORDER 10656 39 9 3 21 3
4268 ORDER 10657 12 23 39 44 0
4268 ORDER 10658 16 26 2 34 0
4269 CANCEL 10471
4269 ORDER 10659 26 32 3 13 0
4269 ORDER 10660 11 30 3 12 0
4270 ORDER 10661 34 8 52 43 0
4270 ORDER 10662 45 18 14 43 1
4270 BLOCK 36 43
4271 CANCEL 10531
4271 ORDER 10663 24 9 25 43 0
4271 ORDER 10664 53 6 3 6 0
4271 ORDER 10665 38 20 2 8 0
4272 CANCEL 10616
4272 ORDER 10666 6 27 3 28 1
4272 ORDER 10667 42 21 1 27 0
4273 ORDER 10668 34 41 35 44 1
4273 ORDER 10669 19 18 2 16 1
4273 ORDER 10670 29 20 3 18 0
4274 ORDER 10671 22 39 3 38 1
4274 ORDER 10672 48 30 2 12 3
4274 ORDER 10673 26 9 2 7 3
4275 CANCEL 10561
4275 ORDER 10674 22 36 2 20 0
4275 ORDER 10675 29 9 3 10 2
4275 ORDER 10676 35 39 25 43 0
4276 ORDER 10677 37 15 41 43 1
4276 ORDER 10678 19 18 14 44 0
4276 ORDER 10679 14 9 15 43 1
4277 ORDER 10680 21 8 1 43 1
4277 ORDER 10681 30 20 2 42 0
4277 ORDER 10682 38 20 3 26 0
4278 ORDER 10683 47 8 2 25 0
4278 ORDER 10684 19 33 37 43 0
4279 ORDER 10685 11 3 22 44 0
4279 ORDER 10686 40 17 28 43 0
4280 CANCEL 10444
4280 ORDER 10687 54 24 4 43 1
4280 ORDER 10688 52 38 54 43 1
4281 ORDER 10689 21 20 3 5 2
4281 ORDER 10690 40 36 1 31 3
4282 ORDER 10691 18 12 45 44 1
4282 ORDER 10692 39 9 1 3 0
4283 ORDER 10693 49 39 3 9 1
4283 ORDER 10694 29 12 2 25 1
4283 ORDER 10695 24 35 34 43 2
4284 CANCEL 10390
4284 ORDER 10696 26 11 3 1 0
4284 ORDER 10697 12 5 31 43 1
4285 CANCEL 10466
4285 ORDER 10698 41 12 1 16 0
4285 ORDER 10699 7 8 42 43 0
4286 ORDER 10700 9 3 3 42 0
4286 ORDER 10701 39 8 58 44 2
4287 ORDER 10702 39 17 1 12 0
4287 ORDER 10703 7 20 1 44 1
4287 ORDER 10704 12 23 2 9 2
4288 ORDER 10705 22 23 52 44 0
4288 ORDER 10706 24 38 29 43 0
4289 CANCEL 10235
4289 ORDER 10707 6 29 1 14 2
4289 ORDER 10708 13 3 2 7 0
4289 ORDER 10709 34 6 1 26 1
4290 ORDER 10710 24 27 45 43 1
4290 ORDER 10711 39 6 48 44 0
4290 ORDER 10712 30 24 49 44 1
4291 ORDER 10713 36 9 2 41 0
4291 ORDER 10714 53 35 24 43 0
4291 ORDER 10715 35 39 2 19 0
4292 CANCEL 10554
4292 ORDER 10716 38 27 3 17 1
4292 ORDER 10717 23 17 49 44 0
4293 ORDER 10718 31 12 3 8 0
4293 ORDER 10719 13 38 2 23 0
4293 ORDER 10720 48 20 3 40 0
4294 CANCEL 10445
4294 ORDER 10721 11 39 58 44 0
4294 ORDER 10722 49 15 1 19 3
4294 ORDER 10723 47 38 24 44 0
4295 ORDER 10724 52 3 3 13 0
4295 ORDER 10725 23 12 1 10 0
4296 CANCEL 10607
4296 ORDER 10726 50 38 2 34 0
4296 ORDER 10727 7 32 36 43 0
4297 ORDER 10728 39 20 2 4 1
4297 ORDER 10729 14 26 54 44 1
4297 ORDER 10730 39 20 3 8 0
4298 CANCEL 10523
4298 ORDER 10731 46 35 43 43 2
4298 ORDER 10732 29 23 2 12 0
4298 ORDER 10733 31 29 34 44 1
4299 ORDER 10734 19 5 36 43 2
4299 ORDER 10735 25 18 17 44 1
4299 ORDER 10736 12 23 44 44 0
4300 ORDER 10737 16 9 51 44 1
4300 ORDER 10738 54 27 1 38 0
4300 ORDER 10739 41 38 26 43 0
4301 ORDER 10740 27 27 1 14 0
4301 ORDER 10741 22 15 33 44 0
4302 ORDER 10742 16 32 28 43 0
4302 ORDER 10743 30 15 49 44 1
4302 ORDER 10744 26 11 11 43 1
4303 ORDER 10745 50 18 3 23 0
4303 ORDER 10746 35 41 55 44 0
4303 ORDER 10747 17 18 2 13 0
4304 CANCEL 10284
4304 ORDER 10748 28 15 29 43 0
4304 ORDER 10749 6 26 42 44 1
4305 ORDER 10750 16 29 27 43 0
4305 ORDER 10751 42 29 47 43 1
4306 ORDER 10752 29 38 2 22 1
4306 ORDER 10753 41 21 22 44 0
4306 ORDER 10754 18 20 1 41 0
4307 ORDER 10755 33 5 34 43 0
4307 ORDER 10756 42 30 39 43 0
4308 ORDER 10757 49 23 19 43 0
4308 ORDER 10758 32 9 2 24 0
4308 ORDER 10759 20 41 2 24 3
4309 ORDER 10760 23 8 2 27 2
4309 ORDER 10761 39 41 31 44 1
4310 ORDER 10762 6 30 1 18 0
4310 ORDER 10763 48 12 13 43 0
4310 ORDER 10764 17 36 2 35 0
4311 CANCEL 10613
4311 ORDER 10765 50 20 2 43 2
4311 ORDER 10766 43 39 56 43 3
4311 ORDER 10767 46 30 3 3 0
4312 CANCEL 10376
4312 ORDER 10768 25 11 1 42 0
4312 ORDER 10769 17 30 25 43 0
4313 ORDER 10770 9 36 50 43 0
4313 ORDER 10771 37 24 1 16 0
4314 CANCEL 10673
4314 ORDER 10772 8 30 22 43 1
4314 ORDER 10773 52 26 3 44 1
4315 ORDER 10774 17 20 1 7 2
4315 ORDER 10775 42 23 44 44 0
4315 ORDER 10776 11 32 3 10 0
4316 ORDER 10777 40 12 1 41 0
4316 ORDER 10778 33 23 3 8 1
4317 ORDER 10779 35 39 51 44 0
4317 ORDER 10780 42 38 46 44 1
4318 ORDER 10781 55 24 1 17 1
4318 ORDER 10782 44 14 5 44 1
4319 ORDER 10783 30 33 3 41 0
4319 ORDER 10784 55 29 18 44 2
4320 CANCEL 10367
4320 CANCEL 10594
4320 UNBLOCK 36 43
4320 ORDER 10785 49 15 17 44 0
4320 ORDER 10786 16 8 3 3 0
4320 ORDER 10787 47 11 13 43 1
4321 ORDER 10788 16 32 1 4 0
4321 ORDER 10789 6 20 2 6 2
4322 ORDER 10790 34 39 2 44 0
4322 ORDER 10791 8 32 3 12 0
4323 ORDER 10792 44 12 3 40 0
4323 ORDER 10793 41 3 3 42 0
4323 ORDER 10794 17 33 1 5 0
4324 ORDER 10795 24 23 39 43 0
4324 ORDER 10796 55 11 32 44 3
4324 ORDER 10797 8 39 20 43 0
4325 ORDER 10798 18 30 1 35 1
4325 ORDER 10799 48 20 20 43 0
4325 ORDER 10800 43 39 2 29 0
4326 ORDER 10801 7 8 1 15 1
4326 ORDER 10802 48 21 11 44 2
4326 ORDER 10803 32 38 9 44 0
4327 ORDER 10804 26 20 1 40 0
4327 ORDER 10805 30 38 1 27 0
4327 ORDER 10806 21 38 34 43 0
4328 ORDER 10807 8 38 1 13 0
4328 ORDER 10808 7 26 3 34 3
4328 ORDER 10809 21 9 2 3 0
4329 ORDER 10810 30 35 46 44 1
4329 ORDER 10811 14 24 36 43 0
4329 ORDER 10812 37 27 1 12 0
4330 CANCEL 10314
4330 CANCEL 10744
4330 ORDER 10813 31 21 1 12 1
4330 ORDER 10814 19 29 3 25 1
4330 ORDER 10815 31 23 37 44 1
4331 ORDER 10816 42 27 1 44 2
4331 ORDER 10817 53 24 48 43 0
4331 ORDER 10818 29 41 1 20 0
4332 CANCEL 10480
4332 ORDER 10819 37 24 51 44 1
4332 ORDER 10820 51 41 3 44 0
4333 CANCEL 10574
4333 ORDER 10821 35 32 51 44 0
4333 ORDER 10822 7 15 3 6 0
4333 ORDER 10823 17 33 13 44 2
4334 ORDER 10824 27 15 1 29 0
4334 ORDER 10825 33 23 1 42 0
4334 ORDER 10826 32 21 41 44 0
4335 ORDER 10827 51 23 3 34 0
4335 ORDER 10828 42 15 1 35 0
4335 ORDER 10829 51 11 48 43 2
4336 ORDER 10830 22 3 17 43 0
4336 ORDER 10831 45 24 46 43 0
4336 ORDER 10832 18 35 3 18 0
4337 ORDER 10833 36 21 41 43 1
4337 ORDER 10834 46 24 39 44 1
4337 ORDER 10835 18 36 15 44 0
4338 CANCEL 10749
4338 ORDER 10836 28 9 26 44 1
4338 ORDER 10837 29 18 1 39 0
4339 CANCEL 10785
4339 ORDER 10838 9 38 36 43 0
4339 ORDER 10839 48 21 2 23 2
4339 ORDER 10840 18 35 3 23 0
4340 CANCEL 10559
4340 ORDER 10841 51 24 1 27 1
4340 ORDER 10842 25 32 3 9 0
4341 CANCEL 10674
4341 ORDER 10843 35 32 2 4 0
4341 ORDER 10844 38 32 3 27 1
4342 CANCEL 10495
4342 ORDER 10845 41 5 1 10 1
4342 ORDER 10846 11 17 53 43 1
4343 CANCEL 10658
4343 ORDER 10847 23 39 3 8 2
4343 ORDER 10848 47 36 1 23 0
4343 ORDER 10849 31 15 1 30 0
4344 ORDER 10850 53 8 21 43 0
4344 ORDER 10851 47 17 3 19 0
4345 ORDER 10852 13 14 2 4 2
4345 ORDER 10853 28 20 1 10 0
4346 CANCEL 10726
4346 ORDER 10854 13 14 1 42 2
4346 ORDER 10855 9 14 24 44 0
4347 ORDER 10856 8 27 2 22 0
4347 ORDER 10857 42 18 25 43 2
4348 ORDER 10858 39 10 2 39 1
4348 ORDER 10859 27 30 2 5 1
4349 ORDER 10860 39 29 1 43 1
4349 ORDER 10861 34 36 2 23 0
4349 ORDER 10862 6 26 24 43 1
4350 ORDER 10863 52 9 45 44 0
4350 ORDER 10864 41 3 3 16 0
4351 ORDER 10865 50 38 23 43 1
4351 ORDER 10866 27 20 13 43 0
4352 ORDER 10867 46 18 3 35 0
4352 ORDER 10868 24 24 2 14 0
4352 ORDER 10869 6 6 54 43 3
4353 ORDER 10870 44 3 3 27 1
4353 ORDER 10871 38 26 3 20 0
4354 ORDER 10872 43 30 1 13 0
4354 ORDER 10873 26 15 2 2 1
4355 ORDER 10874 36 23 26 43 0
4355 ORDER 10875 47 32 2 2 0
4355 ORDER 10876 19 5 2 39 0
4356 CANCEL 10389
4356 ORDER 10877 6 39 3 27 2
4356 ORDER 10878 35 39 54 43 0
4356 ORDER 10879 43 28 3 22 1
4357 ORDER 10880 47 24 15 44 1
4357 ORDER 10881 33 38 33 43 0
4358 CANCEL 10482
4358 ORDER 10882 38 35 33 43 0
4358 ORDER 10883 12 36 46 43 0
4359 CANCEL 10875
4359 ORDER 10884 52 25 1 26 0
4359 ORDER 10885 27 14 22 44 0
4360 ORDER 10886 18 8 50 44 0
4360 ORDER 10887 51 17 10 44 0
4361 ORDER 10888 42 20 3 42 0
4361 ORDER 10889 38 12 1 3 3
4362 ORDER 10890 43 26 1 31 2
4362 ORDER 10891 10 33 28 44 0
4363 CANCEL 10460
4363 ORDER 10892 49 41 3 31 0
4363 ORDER 10893 33 17 1 40 1
4364 ORDER 10894 27 14 1 14 2
4364 ORDER 10895 8 5 48 43 3
4364 ORDER 10896 35 12 2 28 0
4365 CANCEL 10632
4365 CANCEL 10664
4365 ORDER 10897 42 29 1 14 2
4365 ORDER 10898 14 20 55 44 0
4366 ORDER 10899 49 18 1 29 0
4366 ORDER 10900 49 20 26 44 0
4367 ORDER 10901 46 36 1 4 0
4367 ORDER 10902 49 18 35 44 1
4368 ORDER 10903 16 26 18 43 0
4368 ORDER 10904 55 32 1 26 0
4368 ORDER 10905 28 30 45 44 0
4369 ORDER 10906 48 5 1 10 2
4369 ORDER 10907 13 30 37 43 0
4369 ORDER 10908 35 35 1 3 1
4370 ORDER 10909 20 24 3 17 1
4370 ORDER 10910 8 20 3 32 0
4371 ORDER 10911 38 8 2 34 2
4371 ORDER 10912 21 32 3 21 2
4371 ORDER 10913 36 12 50 43 3
4372 ORDER 10914 9 23 2 42 0
4372 ORDER 10915 26 20 54 44 0
4372 ORDER 10916 31 18 1 16 0
4373 ORDER 10917 34 41 2 20 1
4373 ORDER 10918 28 32 51 43 3
4374 ORDER 10919 26 30 3 23 0
4374 ORDER 10920 31 3 47 44 1
4375 ORDER 10921 38 15 2 29 0
4375 ORDER 10922 28 35 42 43 1
4376 ORDER 10923 21 32 50 44 0
4376 ORDER 10924 30 29 51 44 1
4376 ORDER 10925 44 17 2 41 1
4377 UNBLOCK 9 1
4377 ORDER 10926 28 18 54 43 0
4377 ORDER 10927 8 36 32 44 0
4378 ORDER 10928 9 12 2 29 1
4378 ORDER 10929 41 12 2 6 0
4379 ORDER 10930 28 38 3 38 0
4379 ORDER 10931 41 18 3 36 0
4379 ORDER 10932 22 21 1 14 0
4380 ORDER 10933 19 23 3 11 0
4380 ORDER 10934 49 8 2 17 1
4380 ORDER 10935 29 32 4 44 1
4381 CANCEL 10735
4381 ORDER 10936 29 6 1 34 0
4381 ORDER 10937 14 27 43 43 0
4381 ORDER 10938 38 23 1 26 1
4382 ORDER 10939 14 3 52 43 2
4382 ORDER 10940 41 8 2 26 0
4383 ORDER 10941 30 18 3 31 1
4383 ORDER 10942 30 18 46 44 0
4383 ORDER 10943 17 9 58 43 0
4384 ORDER 10944 50 30 1 3 1
4384 ORDER 10945 18 23 27 44 2
4384 ORDER 10946 30 32 12 43 0
4385 ORDER 10947 39 11 36 44 0
4385 ORDER 10948 46 8 1 26 1
4385 ORDER 10949 41 15 2 19 0
4386 CANCEL 10756
4386 ORDER 10950 19 36 14 44 3
4386 ORDER 10951 28 9 1 18 1
4386 ORDER 10952 29 5 26 43 1
4387 ORDER 10953 53 9 35 43 1
4387 ORDER 10954 18 32 53 43 0
4387 ORDER 10955 52 12 1 21 0
4388 ORDER 10956 6 5 3 12 0
4388 ORDER 10957 32 11 2 26 0
4388 ORDER 10958 49 20 15 43 0
4389 ORDER 10959 6 36 51 44 0
4389 ORDER 10960 18 39 48 44 0
4390 ORDER 10961 26 26 1 38 0
4390 ORDER 10962 48 39 3 30 0
4390 ORDER 10963 46 23 1 38 0
4391 ORDER 10964 49 15 14 44 1
4391 ORDER 10965 27 14 1 1 1
4391 ORDER 10966 40 14 3 10 0
4392 ORDER 10967 24 26 46 44 0
4392 ORDER 10968 53 29 26 44 0
4393 ORDER 10969 51 15 22 44 0
4393 ORDER 10970 41 14 2 18 1
4393 ORDER 10971 10 23 57 44 0
4394 CANCEL 10881
4394 ORDER 10972 31 39 22 43 1
4394 ORDER 10973 55 32 3 15 0
4395 CANCEL 10501
4395 CANCEL 10757
4395 ORDER 10974 42 6 40 44 0
4395 ORDER 10975 18 17 12 44 0
4396 ORDER 10976 12 41 3 17 0
4396 ORDER 10977 39 27 33 44 1
4397 ORDER 10978 11 41 1 24 1
4397 ORDER 10979 10 3 54 43 0
4398 ORDER 10980 7 39 2 39 0
4398 ORDER 10981 46 35 40 44 0
4399 ORDER 10982 35 32 24 44 0
4399 ORDER 10983 38 33 28 44 0
4399 ORDER 10984 17 21 2 17 1
4400 ORDER 10985 16 35 2 37 0
4400 ORDER 10986 30 7 3 30 1
4400 ORDER 10987 55 3 15 43 0
4401 ORDER 10988 12 17 1 16 2
4401 ORDER 10989 52 17 3 31 0
4402 ORDER 10990 38 41 3 31 3
4402 ORDER 10991 10 27 7 44 1
4402 ORDER 10992 11 41 45 43 1
4403 CANCEL 10821
4403 ORDER 10993 38 16 4 43 2
4403 ORDER 10994 41 15 3 19 1
4404 ORDER 10995 23 7 3 18 0
4404 ORDER 10996 28 5 5 43 1
4405 ORDER 10997 49 15 3 25 0
4405 ORDER 10998 51 21 3 37 2
4405 ORDER 10999 51 9 1 25 1
4406 ORDER 11000 30 38 32 44 0
4406 ORDER 11001 47 32 13 44 1
4407 CANCEL 10504
4407 CANCEL 10894
4407 ORDER 11002 18 39 2 2 0
4407 ORDER 11003 38 5 3 22 0
4408 ORDER 11004 51 5 57 44 0
4408 ORDER 11005 43 24 48 43 1
4408 ORDER 11006 12 33 1 24 0
4409 CANCEL 10938
4409 ORDER 11007 11 36 2 13 0
4409 ORDER 11008 9 17 2 2 1
4409 ORDER 11009 6 38 3 14 1
4410 ORDER 11010 7 12 2 18 0
4410 ORDER 11011 31 27 3 12 1
4411 ORDER 11012 7 26 1 11 0
4411 ORDER 11013 18 20 3 30 0
4411 ORDER 11014 26 18 37 43 3
4412 CANCEL 10565
4412 ORDER 11015 12 32 1 30 0
4412 ORDER 11016 54 9 2 25 0
4412 ORDER 11017 47 32 2 44 0
4413 ORDER 11018 44 14 38 44 0
4413 ORDER 11019 6 11 1 2 0
4413 ORDER 11020 33 32 2 21 3
4414 ORDER 11021 8 9 3 38 0
4414 ORDER 11022 30 30 2 16 0
4414 ORDER 11023 39 29 49 43 2
4415 CANCEL 10863
4415 ORDER 11024 38 35 36 44 2
4415 ORDER 11025 13 39 1 16 2
4415 ORDER 11026 14 18 5 43 1
4416 ORDER 11027 51 39 19 44 0
4416 ORDER 11028 51 27 3 42 2
4416 ORDER 11029 28 30 3 15 2
4417 ORDER 11030 16 39 1 4 1
4417 ORDER 11031 20 18 2 35 0
4417 ORDER 11032 23 21 1 32 0
4418 ORDER 11033 18 6 3 15 0
4418 ORDER 11034 49 20 30 44 2
4419 CANCEL 10542
4419 ORDER 11035 47 30 57 43 2
4419 ORDER 11036 24 3 33 44 1
4420 ORDER 11037 17 15 1 43 1
4420 ORDER 11038 37 27 40 44 1
4420 ORDER 11039 25 11 15 44 0
4421 ORDER 11040 16 29 32 44 0
4421 ORDER 11041 22 23 42 44 0
4421 ORDER 11042 50 30 8 43 0
4422 ORDER 11043 12 41 2 39 0
4422 ORDER 11044 34 26 8 43 0
4422 ORDER 11045 17 33 1 18 0
4423 CANCEL 11045
4423 ORDER 11046 41 15 1 16 0
4423 ORDER 11047 19 5 34 44 2
4424 ORDER 11048 11 11 20 43 0
4424 ORDER 11049 7 39 2 29 0
4425 ORDER 11050 45 29 47 44 0
4425 ORDER 11051 51 39 33 44 0
4425 ORDER 11052 39 36 39 43 0
4426 ORDER 11053 15 26 52 44 0
4426 ORDER 11054 48 32 16 43 0
4427 ORDER 11055 9 33 3 26 0
4427 ORDER 11056 7 39 35 44 0
4428 ORDER 11057 42 27 1 37 0
4428 ORDER 11058 32 21 14 43 0
4428 ORDER 11059 30 29 1 26 0
4429 CANCEL 10647
4429 CANCEL 10671
4429 ORDER 11060 22 3 1 2 0
4429 ORDER 11061 20 26 3 41 2
4429 ORDER 11062 47 36 1 36 0
4430 ORDER 11063 32 8 1 30 2
4430 ORDER 11064 30 5 1 21 1
4431 CANCEL 10853
4431 ORDER 11065 13 15 53 44 1
4431 ORDER 11066 26 11 50 43 1
4431 ORDER 11067 41 18 57 43 0
4432 CANCEL 10659
4432 ORDER 11068 38 9 1 16 2
4432 ORDER 11069 6 15 31 43 2
4432 ORDER 11070 53 41 39 43 0
4433 ORDER 11071 16 39 3 15 3
4433 ORDER 11072 26 15 31 44 1
4434 ORDER 11073 51 12 2 31 0
4434 ORDER 11074 23 38 1 28 0
4435 ORDER 11075 11 38 25 44 0
4435 ORDER 11076 37 33 23 43 0
4435 ORDER 11077 37 8 2 20 0
4436 CANCEL 10817
4436 ORDER 11078 33 26 36 43 0
4436 ORDER 11079 21 12 3 44 1
4436 ORDER 11080 26 30 1 39 0
4437 ORDER 11081 45 29 1 38 1
4437 ORDER 11082 49 35 1 11 2
4438 ORDER 11083 23 29 2 13 0
4438 ORDER 11084 45 20 6 43 1
4439 ORDER 11085 21 17 3 9 0
4439 ORDER 11086 26 20 24 44 0
4440 ORDER 11087 31 3 53 43 0
4440 ORDER 11088 9 11 1 36 1
4440 ORDER 11089 30 5 20 43 2
4441 ORDER 11090 18 29 3 4 1
4441 ORDER 11091 45 18 1 2 1
4441 ORDER 11092 15 18 2 44 0
4442 ORDER 11093 21 12 1 1 1
4442 ORDER 11094 40 26 2 31 0
4443 ORDER 11095 25 9 17 43 0
4443 ORDER 11096 12 6 10 44 0
4444 CANCEL 10696
4444 ORDER 11097 7 8 48 43 2
4444 ORDER 11098 29 5 3 44 2
4445 CANCEL 10814
4445 ORDER 11099 45 39 17 44 1
4445 ORDER 11100 28 24 2 37 0
4446 ORDER 11101 22 14 2 35 0
4446 ORDER 11102 19 38 3 4 0
4447 CANCEL 11088
4447 ORDER 11103 48 30 34 43 0
4447 ORDER 11104 28 11 3 29 3
4448 ORDER 11105 28 9 22 43 2
4448 ORDER 11106 30 27 29 43 0
4449 CANCEL 10960
4449 ORDER 11107 35 33 24 44 0
4449 ORDER 11108 45 25 3 39 2
4449 ORDER 11109 29 17 3 27 1
4450 ORDER 11110 34 38 1 25 0
4450 ORDER 11111 52 33 33 44 1
4450 ORDER 11112 44 27 2 25 0
4451 ORDER 11113 46 36 51 44 2
4451 ORDER 11114 31 11 2 11 0
4451 ORDER 11115 11 3 3 14 0
4452 ORDER 11116 41 14 6 44 0
4452 ORDER 11117 19 3 1 39 0
4453 ORDER 11118 6 26 1 44 3
4453 ORDER 11119 13 8 3 37 2
4453 ORDER 11120 9 29 1 4 0
4454 ORDER 11121 17 21 1 32 1
4454 ORDER 11122 6 15 3 20 1
4455 ORDER 11123 7 32 3 44 0
4455 ORDER 11124 29 14 54 43 0
4456 ORDER 11125 34 8 18 44 1
4456 ORDER 11126 17 8 11 43 0
4457 ORDER 11127 26 26 1 14 1
4457 ORDER 11128 20 12 2 26 0
4457 ORDER 11129 31 9 7 43 2
4458 ORDER 11130 31 6 43 44 1
4458 ORDER 11131 54 41 24 43 0
4458 BLOCK 27 21
4459 ORDER 11132 27 11 2 33 1
4459 ORDER 11133 11 18 3 28 1
4459 ORDER 11134 17 14 29 44 1
4460 ORDER 11135 52 26 49 44 0
4460 ORDER 11136 30 35 3 42 0
4460 ORDER 11137 36 15 41 43 0
4461 CANCEL 11052
4461 ORDER 11138 15 24 1 42 0
4461 ORDER 11139 14 9 3 3 0
4461 ORDER 11140 46 23 13 44 0
4462 ORDER 11141 50 32 35 43 0
4462 ORDER 11142 26 32 58 43 0
4463 CANCEL 11113
4463 ORDER 11143 33 21 57 43 1
4463 ORDER 11144 49 6 34 43 1
4463 ORDER 11145 13 5 2 14 0
4464 CANCEL 10846
4464 ORDER 11146 47 20 21 44 0
4464 ORDER 11147 50 39 1 31 0
4465 ORDER 11148 34 27 43 43 0
4465 ORDER 11149 17 41 57 43 1
4465 ORDER 11150 27 11 1 1 0
4466 ORDER 11151 19 18 37 44 2
4466 ORDER 11152 43 26 17 44 0
4467 CANCEL 10725
4467 ORDER 11153 45 24 33 44 1
4467 ORDER 11154 21 9 2 43 3
4467 ORDER 11155 21 20 20 44 0
4468 ORDER 11156 34 35 2 32 0
4468 ORDER 11157 25 11 3 8 1
4469 ORDER 11158 17 36 50 43 3
4469 ORDER 11159 21 32 1 24 0
4470 ORDER 11160 18 12 53 44 1
4470 ORDER 11161 22 41 1 5 0
4471 ORDER 11162 11 35 2 35 0
4471 ORDER 11163 32 15 3 13 0
4471 ORDER 11164 6 41 1 29 2
4472 CANCEL 10797
4472 ORDER 11165 43 36 54 43 0
4472 ORDER 11166 20 26 40 43 0
4472 ORDER 11167 47 21 2 26 0
4473 CANCEL 10783
4473 ORDER 11168 6 3 1 21 0
4473 ORDER 11169 28 36 1 11 1
4473 ORDER 11170 47 35 58 44 1
4474 CANCEL 11051
4474 ORDER 11171 51 26 2 31 0
4474 ORDER 11172 12 36 2 39 0
4475 ORDER 11173 26 14 1 7 1
4475 ORDER 11174 42 5 3 8 2
4475 ORDER 11175 15 9 2 30 0
4476 CANCEL 11008
4476 ORDER 11176 43 39 34 44 1
4476 ORDER 11177 36 26 14 43 0
4477 ORDER 11178 52 35 1 38 2
4477 ORDER 11179 44 24 3 39 1
4478 ORDER 11180 28 26 3 25 0
4478 ORDER 11181 46 14 1 30 0
4478 ORDER 11182 48 17 9 43 0
4479 CANCEL 10767
4479 ORDER 11183 8 36 1 23 1
4479 ORDER 11184 8 41 1 14 0
4480 ORDER 11185 44 32 2 39 0
4480 ORDER 11186 27 18 1 22 0
4481 CANCEL 11037
4481 ORDER 11187 30 33 24 43 0
4481 ORDER 11188 54 33 3 12 0
4482 ORDER 11189 47 6 42 44 1
4482 ORDER 11190 6 12 16 43 0
4483 ORDER 11191 23 6 1 28 1
4483 ORDER 11192 7 8 53 43 0
4483 ORDER 11193 22 6 1 20 0
4483 BLOCK 17 2
4484 CANCEL 11181
4484 ORDER 11194 48 23 24 44 0
4484 ORDER 11195 36 32 4 43 0
4484 ORDER 11196 19 6 18 43 2
4485 CANCEL 10841
4485 ORDER 11197 52 5 24 43 1
4485 ORDER 11198 42 33 2 42 2
4485 ORDER 11199 41 14 44 44 0
4486 ORDER 11200 12 30 3 44 1
4486 ORDER 11201 50 32 33 43 0
4487 ORDER 11202 18 27 40 44 2
4487 ORDER 11203 36 23 1 25 0
4488 ORDER 11204 54 8 2 2 0
4488 ORDER 11205 43 9 2 29 0
4488 BLOCK 11 26
4489 ORDER 11206 12 23 1 38 0
4489 ORDER 11207 41 38 33 44 1
4490 ORDER 11208 43 26 50 44 0
4490 ORDER 11209 41 20 45 43 1
4491 ORDER 11210 18 9 1 5 1
4491 ORDER 11211 6 32 46 43 0
4492 ORDER 11212 17 20 1 11 0
4492 ORDER 11213 16 41 3 11 0
4493 ORDER 11214 33 41 6 44 0
4493 ORDER 11215 12 3 1 3 0
4493 ORDER 11216 21 26 3 32 1
4494 ORDER 11217 22 36 42 43 0
4494 ORDER 11218 34 36 7 44 0
4495 ORDER 11219 8 3 41 43 0
4495 ORDER 11220 49 33 5 43 3
4496 CANCEL 11165
4496 ORDER 11221 52 3 2 38 0
4496 ORDER 11222 14 14 3 35 2
4496 ORDER 11223 29 11 2 11 0
4497 ORDER 11224 9 23 2 32 0
4497 ORDER 11225 35 20 3 16 0
4498 ORDER 11226 10 24 3 10 1
4498 ORDER 11227 21 12 1 34 0
4498 ORDER 11228 45 41 2 26 0
4499 ORDER 11229 39 26 1 10 0
4499 ORDER 11230 28 30 13 43 0
4499 ORDER 11231 7 18 21 44 0
4500 ORDER 11232 7 9 1 23 2
4500 ORDER 11233 36 24 42 43 0
4500 ORDER 11234 7 8 2 8 0
4501 ORDER 11235 20 39 46 43 0
4501 ORDER 11236 17 21 48 43 0
4502 ORDER 11237 46 30 2 22 0
4502 ORDER 11238 38 24 4 43 0
4503 ORDER 11239 16 39 10 44 1
4503 ORDER 11240 19 8 1 5 0
4504 CANCEL 10861
4504 CANCEL 10862
4504 ORDER 11241 42 3 16 44 0
4504 ORDER 11242 50 23 3 18 1
4505 ORDER 11243 16 39 9 43 2
4505 ORDER 11244 15 24 3 20 0
4506 CANCEL 11085
4506 ORDER 11245 53 6 39 43 0
4506 ORDER 11246 17 41 16 43 0
4506 ORDER 11247 14 27 19 44 2
4507 ORDER 11248 8 11 3 28 1
4507 ORDER 11249 25 27 29 44 1
4507 ORDER 11250 37 35 55 43 2
4508 CANCEL 10780
4508 ORDER 11251 24 26 38 43 1
4508 ORDER 11252 23 21 1 3 1
4508 ORDER 11253 44 41 36 43 0
4509 ORDER 11254 29 32 1 8 1
4509 ORDER 11255 20 30 1 13 0
4509 ORDER 11256 24 33 43 43 1
4510 ORDER 11257 27 39 3 1 0
4510 ORDER 11258 51 29 3 8 0
4511 ORDER 11259 23 23 1 21 1
4511 ORDER 11260 46 21 3 34 1
4512 ORDER 11261 38 26 23 43 3
4512 ORDER 11262 11 39 16 44 0
4512 ORDER 11263 30 3 2 21 0
4513 ORDER 11264 8 27 3 2 1
4513 ORDER 11265 54 8 1 30 0
4513 ORDER 11266 52 15 1 9 0
4514 ORDER 11267 27 30 3 29 1
4514 ORDER 11268 49 5 6 43 2
4515 ORDER 11269 49 35 2 43 1
4515 ORDER 11270 38 30 3 14 2
4516 CANCEL 11227
4516 ORDER 11271 36 15 15 43 1
4516 ORDER 11272 20 35 2 18 1
4517 ORDER 11273 6 26 2 18 0
4517 ORDER 11274 7 3 25 44 0
4517 ORDER 11275 8 15 22 44 0
4518 CANCEL 11223
4518 ORDER 11276 23 12 45 43 1
4518 ORDER 11277 19 8 2 18 0
4519 ORDER 11278 51 39 6 43 1
4519 ORDER 11279 44 14 18 43 0
4520 ORDER 11280 7 6 2 30 2
4520 ORDER 11281 47 33 14 44 0
4521 ORDER 11282 11 8 3 22 0
4521 ORDER 11283 48 11 2 20 0
4522 CANCEL 10885
4522 ORDER 11284 47 21 49 43 1
4522 ORDER 11285 23 29 1 12 3
4522 ORDER 11286 19 29 7 44 0
4523 ORDER 11287 12 23 1 25 0
4523 ORDER 11288 39 36 7 43 2
4523 ORDER 11289 50 12 3 32 2
4524 ORDER 11290 40 24 2 37 0
4524 ORDER 11291 28 27 40 43 0
4525 ORDER 11292 20 32 2 6 0
4525 ORDER 11293 24 11 1 5 0
4525 ORDER 11294 6 8 2 33 0
4526 ORDER 11295 18 33 39 43 0
4526 ORDER 11296 20 14 3 44 2
4527 ORDER 11297 29 8 3 23 1
4527 ORDER 11298 13 15 13 44 1
4528 CANCEL 11252
4528 ORDER 11299 42 3 49 44 0
4528 ORDER 11300 46 36 1 26 3
4529 ORDER 11301 19 41 42 44 1
4529 ORDER 11302 20 24 2 37 1
4529 ORDER 11303 43 9 2 19 0
4530 CANCEL 11230
4530 ORDER 11304 39 17 6 43 0
4530 ORDER 11305 50 23 26 43 0
4530 ORDER 11306 19 18 23 43 0
4531 ORDER 11307 39 9 22 43 0
4531 ORDER 11308 40 11 40 43 0
4531 ORDER 11309 14 15 8 43 0
4532 CANCEL 11133
4532 ORDER 11310 35 26 6 43 0
4532 ORDER 11311 32 36 3 20 1
4532 ORDER 11312 51 20 1 38 0
4533 ORDER 11313 8 29 2 29 3
4533 ORDER 11314 54 39 2 5 0
4533 ORDER 11315 37 35 7 43 2
4534 CANCEL 10857
4534 ORDER 11316 52 9 45 44 0
4534 ORDER 11317 22 17 3 36 1
4535 ORDER 11318 46 20 1 41 0
4535 ORDER 11319 30 14 52 43 1
4535 ORDER 11320 7 23 2 44 1
4536 ORDER 11321 26 29 43 43 2
4536 ORDER 11322 10 39 1 24 0
4536 ORDER 11323 39 18 22 44 0
4537 ORDER 11324 52 23 3 10 0
4537 ORDER 11325 23 33 35 44 2
4537 ORDER 11326 26 27 4 44 0
4538 CANCEL 11213
4538 ORDER 11327 27 26 1 5 2
4538 ORDER 11328 55 5 55 44 0
4539 UNBLOCK 27 21
4539 ORDER 11329 18 12 2 9 0
4539 ORDER 11330 52 14 45 43 0
4539 ORDER 11331 17 5 1 27 1
4540 ORDER 11332 39 36 3 13 0
4540 ORDER 11333 17 12 3 31 0
4541 ORDER 11334 13 17 18 43 3
4541 ORDER 11335 8 3 2 11 0
4542 ORDER 11336 24 29 34 44 0
4542 ORDER 11337 46 21 58 43 1
4543 ORDER 11338 17 3 2 7 0
4543 ORDER 11339 44 29 2 17 0
4543 ORDER 11340 27 36 2 34 0
4544 CANCEL 11159
4544 ORDER 11341 33 3 45 43 0
4544 ORDER 11342 9 33 3 43 0
4545 ORDER 11343 20 35 45 43 1
4545 ORDER 11344 25 3 10 43 0
4546 ORDER 11345 14 38 2 15 0
4546 ORDER 11346 34 39 1 32 0
4547 ORDER 11347 52 26 1 42 0
4547 ORDER 11348 18 32 3 17 0
4548 ORDER 11349 37 17 1 20 3
4548 ORDER 11350 17 30 1 42 0
4549 ORDER 11351 11 20 3 35 0
4549 ORDER 11352 21 11 7 44 0
4550 ORDER 11353 38 41 2 27 1
4550 ORDER 11354 49 39 2 39 0
4551 CANCEL 10916
4551 ORDER 11355 6 21 2 29 1
4551 ORDER 11356 20 11 2 43 0
4551 ORDER 11357 52 26 1 33 1
4552 CANCEL 11244
4552 ORDER 11358 16 8 33 44 0
4552 ORDER 11359 32 41 3 26 0
4552 ORDER 11360 24 29 43 43 0
4553 ORDER 11361 38 17 40 44 0
4553 ORDER 11362 43 3 15 43 3
4554 ORDER 11363 21 24 6 44 0
4554 ORDER 11364 25 32 1 44 0
4555 ORDER 11365 24 3 1 41 3
4555 ORDER 11366 11 30 3 12 0
4555 ORDER 11367 6 23 10 44 3
4556 ORDER 11368 48 38 2 43 1
4556 ORDER 11369 23 23 1 40 1
4556 ORDER 11370 40 39 2 5 3
4557 CANCEL 10933
4557 ORDER 11371 23 41 2 17 0
4557 ORDER 11372 41 18 2 12 0
4558 ORDER 11373 20 15 12 43 1
4558 ORDER 11374 43 9 3 19 3
4559 ORDER 11375 47 29 1 23 1
4559 ORDER 11376 18 20 37 44 0
4559 ORDER 11377 48 24 47 43 0
4560 CANCEL 11203
4560 ORDER 11378 48 21 48 43 1
4560 ORDER 11379 42 27 3 19 1
4560 ORDER 11380 41 15 28 43 2
4561 ORDER 11381 47 15 2 38 0
4561 ORDER 11382 31 27 48 44 1
4561 ORDER 11383 13 6 3 39 0
4562 ORDER 11384 44 12 1 44 1
4562 ORDER 11385 48 11 1 22 0
4562 ORDER 11386 30 39 52 43 0
4563 ORDER 11387 36 33 2 23 2
4563 ORDER 11388 11 3 14 43 1
4564 ORDER 11389 36 20 2 44 0
4564 ORDER 11390 38 26 53 44 0
4564 ORDER 11391 22 8 1 34 1
4565 ORDER 11392 19 29 42 44 0
4565 ORDER 11393 47 3 20 43 0
4565 ORDER 11394 45 35 30 44 2
4566 ORDER 11395 19 6 3 13 2
4566 ORDER 11396 47 33 42 44 3
4567 ORDER 11397 11 18 3 2 0
4567 ORDER 11398 51 15 2 34 0
4567 ORDER 11399 7 9 31 44 1
4568 ORDER 11400 38 41 1 12 1
4568 ORDER 11401 32 8 7 43 0
4569 CANCEL 11104
4569 ORDER 11402 21 30 46 44 2
4569 ORDER 11403 33 23 44 44 0
4570 ORDER 11404 9 36 49 44 0
4570 ORDER 11405 12 17 2 18 1
4571 ORDER 11406 27 21 3 22 0
4571 ORDER 11407 41 23 2 43 3
4572 ORDER 11408 27 18 3 42 1
4572 ORDER 11409 22 30 56 43 0
4573 ORDER 11410 15 35 12 44 0
4573 ORDER 11411 50 18 45 43 0
4573 BLOCK 28 1
4574 ORDER 11412 9 29 1 41 0
4574 ORDER 11413 52 35 1 24 0
4574 ORDER 11414 18 15 1 14 0
4575 ORDER 11415 21 17 3 15 0
4575 ORDER 11416 48 36 10 44 0
4576 ORDER 11417 20 23 2 13 0
4576 ORDER 11418 36 23 1 31 1
4576 ORDER 11419 37 8 1 13 0
4577 ORDER 11420 49 17 2 11 0
4577 ORDER 11421 13 14 1 15 1
4578 CANCEL 11053
4578 ORDER 11422 7 40 2 27 0
4578 ORDER 11423 31 29 4 44 0
4578 ORDER 11424 8 12 43 43 0
4579 CANCEL 11011
4579 CANCEL 11319
4579 ORDER 11425 23 21 1 29 0
4579 ORDER 11426 46 33 46 43 0
4580 ORDER 11427 25 24 51 44 0
4580 ORDER 11428 22 21 3 19 0
4580 ORDER 11429 48 26 36 44 1
4581 CANCEL 11393
4581 ORDER 11430 43 38 54 43 1
4581 ORDER 11431 43 38 1 40 1
4582 ORDER 11432 55 18 31 43 1
4582 ORDER 11433 53 8 3 10 0
4582 ORDER 11434 32 41 8 43 0
4582 BLOCK 31 41
4583 ORDER 11435 48 5 1 37 0
4583 ORDER 11436 29 29 36 43 1
4583 ORDER 11437 52 6 2 43 1
4584 UNBLOCK 17 2
4584 ORDER 11438 29 9 19 43 0
4584 ORDER 11439 33 38 1 16 0
4584 ORDER 11440 20 11 36 43 0
4585 CANCEL 11071
4585 ORDER 11441 31 38 56 44 1
4585 ORDER 11442 39 32 1 39 3
4585 ORDER 11443 19 5 15 44 0
4586 CANCEL 11327
4586 ORDER 11444 26 15 3 21 0
4586 ORDER 11445 17 14 29 44 0
4587 ORDER 11446 10 5 12 43 0
4587 ORDER 11447 28 20 2 10 1
4587 ORDER 11448 8 21 1 43 1
4588 CANCEL 11270
4588 ORDER 11449 37 6 3 3 1
4588 ORDER 11450 9 38 6 43 0
4588 ORDER 11451 46 21 2 30 0
4589 ORDER 11452 38 21 17 44 1
4589 ORDER 11453 38 12 1 6 2
4590 ORDER 11454 55 21 2 24 1
4590 ORDER 11455 20 35 10 44 0
4591 ORDER 11456 34 39 1 24 0
4591 ORDER 11457 26 11 2 7 3
4591 ORDER 11458 16 30 3 36 0
4592 ORDER 11459 26 8 1 34 1
4592 ORDER 11460 49 3 1 5 0
4593 CANCEL 11235
4593 ORDER 11461 40 24 23 44 0
4593 ORDER 11462 43 24 43 44 0
4593 ORDER 11463 38 26 1 14 0
4594 ORDER 11464 36 3 2 37 2
4594 ORDER 11465 11 30 1 25 0
4595 ORDER 11466 15 26 1 6 0
4595 ORDER 11467 30 11 50 43 2
4595 ORDER 11468 29 20 11 43 2
4596 ORDER 11469 19 35 3 19 0
4596 ORDER 11470 35 30 38 43 2
4597 ORDER 11471 47 11 2 41 0
4597 ORDER 11472 41 8 6 43 2
4598 ORDER 11473 29 23 3 31 1
4598 ORDER 11474 21 3 3 30 1
4598 ORDER 11475 6 23 1 35 0
4599 ORDER 11476 30 32 2 4 3
4599 ORDER 11477 48 8 3 10 0
4599 ORDER 11478 18 36 1 44 2
4600 CANCEL 11386
4600 ORDER 11479 30 18 2 42 1
4600 ORDER 11480 48 9 1 3 0
4601 ORDER 11481 40 12 1 32 0
4601 ORDER 11482 49 32 35 43 1
4602 ORDER 11483 33 35 2 2 0
4602 ORDER 11484 31 27 36 44 0
4602 ORDER 11485 54 32 14 43 1
4603 ORDER 11486 13 15 1 37 0
4603 ORDER 11487 42 15 46 43 3
4604 ORDER 11488 36 29 2 12 1
4604 ORDER 11489 31 17 10 43 0
4604 ORDER 11490 36 15 1 38 0
4605 ORDER 11491 55 14 1 12 0
4605 ORDER 11492 34 35 25 43 0
4606 ORDER 11493 31 17 37 43 1
4606 ORDER 11494 17 24 19 43 1
4607 ORDER 11495 11 15 2 25 0
4607 ORDER 11496 20 30 1 24 2
4608 CANCEL 11435
4608 ORDER 11497 27 15 6 44 2
4608 ORDER 11498 55 29 3 38 0
4608 ORDER 11499 16 20 3 1 0
4609 ORDER 11500 26 18 1 41 0
4609 ORDER 11501 41 17 2 13 0
4610 CANCEL 11137
4610 ORDER 11502 26 35 26 44 1
4610 ORDER 11503 18 23 56 43 0
4610 ORDER 11504 7 32 44 44 2
4611 ORDER 11505 26 32 52 44 0
4611 ORDER 11506 20 20 3 43 1
4612 ORDER 11507 10 9 31 44 2
4612 ORDER 11508 20 32 45 43 0
4613 ORDER 11509 33 6 8 43 0
4613 ORDER 11510 19 36 21 43 0
4613 ORDER 11511 29 3 2 40 1
4614 ORDER 11512 54 29 20 44 0
4614 ORDER 11513 42 36 1 30 2
4615 ORDER 11514 29 38 27 43 3
4615 ORDER 11515 33 24 3 17 1
4616 CANCEL 11350
4616 ORDER 11516 13 41 5 43 1
4616 ORDER 11517 36 11 2 6 0
4616 ORDER 11518 8 14 39 43 1
4617 UNBLOCK 11 26
4617 ORDER 11519 13 8 48 43 1
4617 ORDER 11520 46 8 22 43 1
4618 CANCEL 11145
4618 ORDER 11521 18 36 3 21 0
4618 ORDER 11522 38 26 20 43 0
4618 ORDER 11523 38 9 9 44 0
4619 ORDER 11524 49 14 3 10 0
4619 ORDER 11525 36 29 1 8 0
4619 ORDER 11526 39 11 46 44 1
4620 CANCEL 11152
4620 ORDER 11527 39 12 39 44 1
4620 ORDER 11528 41 20 53 44 1
4620 ORDER 11529 12 36 1 2 0
4621 ORDER 11530 52 21 1 24 1
4621 ORDER 11531 36 18 55 44 0
4621 ORDER 11532 44 5 18 43 1
4622 ORDER 11533 13 32 1 1 1
4622 ORDER 11534 46 23 2 13 1
4623 CANCEL 11394
4623 ORDER 11535 33 30 10 44 1
4623 ORDER 11536 25 11 2 27 1
4624 CANCEL 11259
4624 ORDER 11537 20 20 3 20 1
4624 ORDER 11538 43 33 42 43 0
4625 ORDER 11539 32 8 20 44 0
4625 ORDER 11540 20 15 2 22 0
4626 CANCEL 11222
4626 ORDER 11541 17 8 2 30 0
4626 ORDER 11542 17 41 27 44 0
4627 ORDER 11543 28 30 29 43 1
4627 ORDER 11544 8 41 54 44 0
4628 ORDER 11545 18 29 13 43 0
4628 ORDER 11546 19 36 3 4 0
4628 ORDER 11547 19 24 44 44 3
4629 ORDER 11548 47 36 3 37 0
4629 ORDER 11549 28 12 3 21 1
4629 ORDER 11550 36 9 57 44 1
4630 CANCEL 11542
4630 ORDER 11551 54 6 2 10 1
4630 ORDER 11552 36 29 2 9 1
4631 CANCEL 11279
4631 ORDER 11553 45 39 2 6 0
4631 ORDER 11554 52 23 11 44 1
4631 ORDER 11555 19 39 39 44 1
4632 ORDER 11556 30 8 1 21 0
4632 ORDER 11557 9 20 14 44 0
4632 ORDER 11558 23 8 46 43 0
4633 CANCEL 11264
4633 ORDER 11559 42 20 1 39 1
4633 ORDER 11560 32 38 3 40 0
4633 ORDER 11561 35 32 3 24 0
4634 ORDER 11562 23 27 2 5 3
4634 ORDER 11563 54 20 51 44 0
4635 ORDER 11564 23 14 1 4 2
4635 ORDER 11565 53 6 1 1 2
4635 ORDER 11566 45 9 2 8 2
4636 ORDER 11567 19 36 2 33 1
4636 ORDER 11568 34 36 30 44 3
4636 ORDER 11569 21 30 3 24 1
4637 UNBLOCK 31 41
4637 ORDER 11570 48 12 22 44 3
4637 ORDER 11571 19 12 52 44 2
4637 ORDER 11572 9 9 33 44 0
4638 ORDER 11573 27 29 1 28 0
4638 ORDER 11574 29 10 58 43 1
4638 ORDER 11575 36 12 3 38 0
4639 ORDER 11576 14 38 2 26 0
4639 ORDER 11577 18 9 3 43 0
4639 ORDER 11578 31 39 43 43 1
4639 BLOCK 16 12
4640 ORDER 11579 53 9 51 43 2
4640 ORDER 11580 32 18 39 44 0
4641 CANCEL 11238
4641 ORDER 11581 55 20 1 40 0
4641 ORDER 11582 52 11 16 43 1
4641 BLOCK 7 9
4642 ORDER 11583 10 23 1 9 1
4642 ORDER 11584 45 23 34 44 0
4642 ORDER 11585 36 27 26 43 0
4643 ORDER 11586 31 23 2 34 3
4643 ORDER 11587 12 33 40 44 0
4644 ORDER 11588 28 38 3 14 0
4644 ORDER 11589 15 33 3 39 0
4644 ORDER 11590 37 5 2 37 0
4645 ORDER 11591 37 33 3 18 1
4645 ORDER 11592 12 6 3 14 0
4645 ORDER 11593 53 36 1 42 1
4646 ORDER 11594 35 27 33 44 1
4646 ORDER 11595 55 29 2 33 3
4646 ORDER 11596 19 26 2 44 0
4647 ORDER 11597 53 33 48 43 0
4647 ORDER 11598 23 39 2 44 0
4648 ORDER 11599 35 14 2 34 1
4648 ORDER 11600 18 33 3 41 0
4648 ORDER 11601 20 9 3 16 3
4649 CANCEL 11156
4649 ORDER 11602 51 21 17 43 0
4649 ORDER 11603 37 23 1 29 0
4649 ORDER 11604 24 33 19 44 3
4650 CANCEL 11409
4650 ORDER 11605 16 30 14 43 0
4650 ORDER 11606 8 14 14 43 0
4651 ORDER 11607 12 41 3 16 0
4651 ORDER 11608 24 24 1 22 1
4652 ORDER 11609 41 17 2 9 1
4652 ORDER 11610 30 39 1 35 2
4653 CANCEL 11225
4653 ORDER 11611 20 8 2 6 1
4653 ORDER 11612 43 33 38 44 1
4653 ORDER 11613 25 29 2 28 1
4654 ORDER 11614 24 24 15 43 0
4654 ORDER 11615 32 5 2 26 2
4654 ORDER 11616 37 15 55 43 0
4655 ORDER 11617 48 9 5 43 1
4655 ORDER 11618 47 11 44 43 0
4655 ORDER 11619 10 33 8 44 1
4656 CANCEL 11588
4656 ORDER 11620 43 9 3 35 0
4656 ORDER 11621 34 41 24 44 0
4656 ORDER 11622 24 27 1 42 1
4657 CANCEL 11162
4657 CANCEL 11370
4657 ORDER 11623 13 6 2 22 2
4657 ORDER 11624 30 21 1 24 0
4657 ORDER 11625 54 26 2 10 0
4658 CANCEL 11150
4658 ORDER 11626 48 9 3 23 3
4658 ORDER 11627 30 6 3 39 1
4658 ORDER 11628 8 27 2 38 1
4659 ORDER 11629 36 26 2 20 2
4659 ORDER 11630 27 8 38 43 0
4660 ORDER 11631 47 23 2 41 0
4660 ORDER 11632 32 21 3 2 0
4661 ORDER 11633 6 17 46 44 0
4661 ORDER 11634 8 21 3 36 1
4661 ORDER 11635 28 3 15 43 0
4662 ORDER 11636 14 37 42 44 1
4662 ORDER 11637 49 32 2 11 1
4663 CANCEL 11580
4663 ORDER 11638 16 6 3 26 0
4663 ORDER 11639 16 33 1 36 0
4664 ORDER 11640 45 41 1 35 0
4664 ORDER 11641 42 32 30 43 1
4665 ORDER 11642 9 36 54 44 2
4665 ORDER 11643 47 9 2 34 0
4666 CANCEL 11266
4666 ORDER 11644 27 38 14 44 0
4666 ORDER 11645 52 11 3 9 0
4666 ORDER 11646 29 29 3 25 0
4667 ORDER 11647 12 5 32 43 0
4667 ORDER 11648 28 17 1 19 2
4668 ORDER 11649 10 39 43 43 0
4668 ORDER 11650 7 21 3 17 0
4668 ORDER 11651 26 34 2 9 1
4669 ORDER 11652 42 6 6 44 0
4669 ORDER 11653 10 32 53 44 1
4670 CANCEL 11504
4670 ORDER 11654 47 8 27 43 1
4670 ORDER 11655 9 3 3 30 0
4671 ORDER 11656 35 32 1 8 0
4671 ORDER 11657 8 27 13 44 0
4671 ORDER 11658 31 41 44 43 3
4672 ORDER 11659 43 27 5 44 0
4672 ORDER 11660 30 32 16 44 0
4672 ORDER 11661 28 30 1 35 0
4673 CANCEL 11380
4673 ORDER 11662 10 15 1 28 0
4673 ORDER 11663 50 17 47 43 1
4673 ORDER 11664 16 11 1 41 1
4674 CANCEL 11267
4674 ORDER 11665 10 15 56 43 0
4674 ORDER 11666 55 14 2 39 0
4675 ORDER 11667 30 11 11 44 2
4675 ORDER 11668 37 23 9 43 0
4676 ORDER 11669 53 26 31 44 0
4676 ORDER 11670 6 27 1 8 0
4677 ORDER 11671 27 32 7 43 0
4677 ORDER 11672 18 11 2 21 0
4677 ORDER 11673 31 36 49 43 0
4678 CANCEL 11429
4678 ORDER 11674 33 36 1 41 3
4678 ORDER 11675 36 14 41 44 1
4678 ORDER 11676 19 24 2 15 0
4679 CANCEL 11587
4679 ORDER 11677 17 12 23 44 2
4679 ORDER 11678 26 32 1 13 3
4679 ORDER 11679 55 23 29 43 0
4680 ORDER 11680 38 38 3 33 1
4680 ORDER 11681 30 30 1 9 0
4681 ORDER 11682 12 39 8 44 1
4681 ORDER 11683 10 15 56 43 0
4681 ORDER 11684 36 17 14 43 2
4682 CANCEL 11551
4682 ORDER 11685 55 23 44 44 0
4682 ORDER 11686 40 5 39 43 1
4682 ORDER 11687 32 11 3 15 0
4683 ORDER 11688 17 39 3 32 0
4683 ORDER 11689 6 36 3 24 2
4684 ORDER 11690 11 18 1 10 1
4684 ORDER 11691 54 11 1 42 1
4685 ORDER 11692 44 33 2 21 1
4685 ORDER 11693 28 9 3 1 1
4685 ORDER 11694 25 9 25 43 3
4686 ORDER 11695 48 33 52 43 0
4686 ORDER 11696 44 41 35 43 0
4686 ORDER 11697 17 14 24 44 0
4687 ORDER 11698 50 38 15 44 1
4687 ORDER 11699 38 9 13 43 0
4687 ORDER 11700 42 39 31 44 1
4688 ORDER 11701 10 29 27 44 0
4688 ORDER 11702 49 21 3 11 1
4689 ORDER 11703 26 9 57 43 0
4689 ORDER 11704 49 15 31 43 0
4690 CANCEL 11439
4690 ORDER 11705 43 5 1 11 1
4690 ORDER 11706 44 11 2 35 1
4691 ORDER 11707 21 18 3 6 0
4691 ORDER 11708 47 9 1 25 0
4691 ORDER 11709 27 38 36 44 0
4692 CANCEL 11609
4692 ORDER 11710 17 9 44 43 0
4692 ORDER 11711 28 17 1 20 0
4693 ORDER 11712 50 3 1 43 1
4693 ORDER 11713 32 14 2 41 0
4693 ORDER 11714 19 9 3 38 0
4694 ORDER 11715 38 12 1 41 2
4694 ORDER 11716 36 14 3 7 0
4694 ORDER 11717 33 5 1 16 0
4695 CANCEL 11320
4695 CANCEL 11468
4695 ORDER 11718 50 38 2 36 3
4695 ORDER 11719 46 24 29 44 1
4695 ORDER 11720 18 36 1 8 0
4696 ORDER 11721 45 12 45 44 0
4696 ORDER 11722 14 24 57 44 0
4696 ORDER 11723 48 36 1 41 0
4697 ORDER 11724 26 14 27 44 0
4697 ORDER 11725 36 29 19 43 1
4697 ORDER 11726 55 32 2 9 1
4698 ORDER 11727 23 5 3 18 0
4698 ORDER 11728 50 14 31 44 2
4699 ORDER 11729 9 29 1 44 0
4699 ORDER 11730 22 14 8 44 0
4700 CANCEL 11247
4700 ORDER 11731 27 15 3 24 0
4700 ORDER 11732 46 29 9 44 0
4701 CANCEL 11514
4701 ORDER 11733 25 11 20 44 2
4701 ORDER 11734 45 23 17 43 1
4702 ORDER 11735 9 15 24 43 0
4702 ORDER 11736 10 12 2 8 3
4703 ORDER 11737 22 38 2 37 0
4703 ORDER 11738 23 29 17 43 0
4703 ORDER 11739 7 20 19 44 0
4704 ORDER 11740 10 32 1 7 0
4704 ORDER 11741 37 6 1 37 0
4705 CANCEL 11566
4705 ORDER 11742 39 3 3 5 1
4705 ORDER 11743 19 23 5 43 0
4706 ORDER 11744 40 20 34 44 1
4706 ORDER 11745 37 21 40 43 0
4707 CANCEL 11694
4707 ORDER 11746 39 18 17 44 0
4707 ORDER 11747 18 23 7 43 0
4708 ORDER 11748 25 24 1 43 0
4708 ORDER 11749 49 8 10 44 0
4709 ORDER 11750 19 5 27 44 0
4709 ORDER 11751 14 20 58 44 1
4710 ORDER 11752 38 24 2 20 1
4710 ORDER 11753 17 26 37 43 1
4710 ORDER 11754 35 33 47 44 0
4711 ORDER 11755 29 23 1 18 2
4711 ORDER 11756 20 15 4 43 0
4711 ORDER 11757 43 17 1 22 0
4712 ORDER 11758 36 12 1 22 1
4712 ORDER 11759 51 3 3 4 0
4713 CANCEL 11379
4713 ORDER 11760 54 8 17 44 0
4713 ORDER 11761 49 12 3 3 0
4713 ORDER 11762 31 11 41 43 0
4714 ORDER 11763 16 24 52 43 0
4714 ORDER 11764 30 14 48 44 0
4714 ORDER 11765 35 29 9 44 0
4715 ORDER 11766 30 9 2 43 2
4715 ORDER 11767 37 32 1 38 1
4715 ORDER 11768 17 6 11 44 0
4716 ORDER 11769 52 8 2 6 0
4716 ORDER 11770 26 35 3 6 0
4716 ORDER 11771 45 23 1 7 0
4717 ORDER 11772 35 33 3 8 3
4717 ORDER 11773 6 35 52 43 1
4718 ORDER 11774 31 41 1 31 0
4718 ORDER 11775 14 24 35 44 1
4719 ORDER 11776 31 15 37 44 0
4719 ORDER 11777 45 32 39 44 2
4720 CANCEL 11416
4720 CANCEL 11555
4720 ORDER 11778 9 15 19 43 1
4720 ORDER 11779 33 15 11 43 0
4721 CANCEL 11682
4721 ORDER 11780 7 32 22 43 1
4721 ORDER 11781 38 14 1 7 0
4721 ORDER 11782 44 35 2 8 0
4722 ORDER 11783 30 20 27 44 0
4722 ORDER 11784 41 21 1 20 0
4722 ORDER 11785 34 38 1 22 0
4723 UNBLOCK 28 1
4723 ORDER 11786 11 41 2 4 1
4723 ORDER 11787 19 30 31 43 0
4724 CANCEL 11625
4724 CANCEL 11787
4724 ORDER 11788 48 3 3 30 0
4724 ORDER 11789 48 5 28 44 0
4725 ORDER 11790 45 39 4 43 1
4725 ORDER 11791 10 33 34 44 2
4725 ORDER 11792 35 35 6 43 1
4726 ORDER 11793 29 30 33 44 3
4726 ORDER 11794 10 26 4 44 2
4726 ORDER 11795 32 39 8 44 0
4727 ORDER 11796 10 24 3 29 0
4727 ORDER 11797 21 5 5 44 1
4727 ORDER 11798 36 20 49 44 0
4728 CANCEL 11547
4728 ORDER 11799 16 11 2 32 1
4728 ORDER 11800 26 24 2 15 2
4728 ORDER 11801 35 39 3 27 1
4729 CANCEL 11502
4729 ORDER 11802 23 29 22 43 3
4729 ORDER 11803 40 39 1 3 0
4730 ORDER 11804 43 9 2 22 1
4730 ORDER 11805 44 9 22 44 0
4730 ORDER 11806 53 9 26 44 0
4731 ORDER 11807 6 18 36 44 0
4731 ORDER 11808 26 14 1 33 0
4732 ORDER 11809 11 24 2 42 2
4732 ORDER 11810 8 6 14 44 3
4732 ORDER 11811 19 29 3 5 2
4733 ORDER 11812 7 33 51 44 0
4733 ORDER 11813 9 32 3 33 1
4734 ORDER 11814 39 12 1 3 2
4734 ORDER 11815 18 30 5 44 1
4735 UNBLOCK 7 9
4735 ORDER 11816 9 23 2 24 1
4735 ORDER 11817 41 17 35 43 1
4735 ORDER 11818 45 35 3 4 2
4735 BLOCK 45 3
4736 CANCEL 11608
4736 ORDER 11819 42 27 3 1 0
4736 ORDER 11820 48 41 38 44 0
4736 ORDER 11821 18 11 30 43 3
4737 ORDER 11822 36 21 1 31 0
4737 ORDER 11823 28 15 3 27 0
4738 ORDER 11824 29 38 2 25 2
4738 ORDER 11825 21 23 3 40 2
4738 ORDER 11826 16 9 2 31 0
4739 CANCEL 11399
4739 CANCEL 11765
4739 ORDER 11827 20 15 1 35 1
4739 ORDER 11828 17 3 2 11 0
4740 CANCEL 11779
4740 ORDER 11829 33 17 5 44 0
4740 ORDER 11830 40 36 2 40 0
4741 ORDER 11831 21 15 25 44 3
4741 ORDER 11832 50 23 44 43 0
4741 ORDER 11833 36 9 2 44 1
4742 ORDER 11834 6 20 1 22 0
4742 ORDER 11835 31 3 1 41 0
4742 ORDER 11836 26 17 1 6 2
4743 ORDER 11837 52 17 1 14 2
4743 ORDER 11838 44 41 1 43 1
4743 ORDER 11839 17 15 37 44 0
4744 CANCEL 11402
4744 ORDER 11840 47 8 15 43 0
4744 ORDER 11841 25 32 2 42 0
4745 ORDER 11842 41 36 1 29 0
4745 ORDER 11843 10 41 53 44 0
4745 ORDER 11844 25 32 19 43 0
4746 ORDER 11845 19 34 1 11 1
4746 ORDER 11846 20 8 3 34 0
4746 ORDER 11847 29 32 1 14 0
4747 CANCEL 11515
4747 CANCEL 11576
4747 ORDER 11848 12 38 30 44 1
4747 ORDER 11849 18 17 31 44 1
4747 ORDER 11850 34 32 3 1 0
4748 ORDER 11851 18 24 3 9 0
4748 ORDER 11852 25 33 3 37 3
4748 ORDER 11853 7 17 2 26 0
4749 CANCEL 11531
4749 ORDER 11854 45 29 34 43 3
4749 ORDER 11855 12 17 5 44 1
4750 CANCEL 11411
4750 CANCEL 11424
4750 ORDER 11856 6 29 2 10 3
4750 ORDER 11857 39 24 48 43 1
4751 ORDER 11858 18 20 1 23 0
4751 ORDER 11859 7 11 15 43 1
4751 ORDER 11860 7 5 17 43 1
4752 ORDER 11861 17 29 1 22 0
4752 ORDER 11862 51 39 3 16 0
4753 ORDER 11863 52 15 33 44 0
4753 ORDER 11864 41 15 1 21 0
4754 CANCEL 11802
4754 ORDER 11865 15 9 1 3 0
4754 ORDER 11866 18 36 18 43 1
4755 CANCEL 11508
4755 CANCEL 11513
4755 ORDER 11867 16 20 56 44 1
4755 ORDER 11868 6 8 23 44 1
4755 BLOCK 27 29
4756 CANCEL 11773
4756 ORDER 11869 31 9 1 35 0
4756 ORDER 11870 47 8 39 44 2
4756 ORDER 11871 34 6 56 44 2
4757 ORDER 11872 19 9 12 44 0
4757 ORDER 11873 54 33 2 41 1
4757 ORDER 11874 21 41 26 43 0
4758 ORDER 11875 21 3 2 24 0
4758 ORDER 11876 10 14 39 44 0
4759 ORDER 11877 10 27 12 43 0
4759 ORDER 11878 50 15 3 16 0
4760 ORDER 11879 37 26 16 43 0
4760 ORDER 11880 26 12 25 44 0
4760 ORDER 11881 26 27 8 43 0
4761 ORDER 11882 48 39 1 20 0
4761 ORDER 11883 32 5 3 6 0
4762 ORDER 11884 40 26 1 15 1
4762 ORDER 11885 43 17 54 43 1
4762 ORDER 11886 26 33 3 26 0
4763 UNBLOCK 16 12
4763 ORDER 11887 53 6 25 44 0
4763 ORDER 11888 29 6 2 6 0
4763 ORDER 11889 7 18 2 35 0
4764 CANCEL 11864
4764 ORDER 11890 44 30 20 43 0
4764 ORDER 11891 48 33 3 4 0
4765 ORDER 11892 41 36 1 10 0
4765 ORDER 11893 17 8 46 44 0
4766 ORDER 11894 26 8 51 44 0
4766 ORDER 11895 6 33 37 44 1
4767 ORDER 11896 11 39 31 43 2
4767 ORDER 11897 45 41 1 2 0
4768 CANCEL 11425
4768 CANCEL 11622
4768 ORDER 11898 45 26 2 6 0
4768 ORDER 11899 26 8 2 36 0
4769 ORDER 11900 40 21 2 32 0
4769 ORDER 11901 23 41 3 35 0
4770 ORDER 11902 32 41 3 26 0
4770 ORDER 11903 38 20 1 25 0
4771 ORDER 11904 38 17 2 41 2
4771 ORDER 11905 30 9 1 40 2
4771 ORDER 11906 51 41 10 44 0
4772 ORDER 11907 52 29 29 43 0
4772 ORDER 11908 7 21 56 44 0
4772 ORDER 11909 30 9 1 34 1
4773 ORDER 11910 12 39 54 44 0
4773 ORDER 11911 30 27 3 16 0
4773 ORDER 11912 24 3 3 20 0
4774 CANCEL 11518
4774 ORDER 11913 53 6 3 39 1
4774 ORDER 11914 23 27 2 37 0
4775 CANCEL 11447
4775 ORDER 11915 11 36 3 16 0
4775 ORDER 11916 37 30 2 6 3
4776 ORDER 11917 14 12 2 13 0
4776 ORDER 11918 40 15 2 34 1
4777 ORDER 11919 38 33 46 44 2
4777 ORDER 11920 55 14 1 43 0
4778 ORDER 11921 9 23 29 43 0
4778 ORDER 11922 48 38 55 43 0
4779 ORDER 11923 49 15 3 11 3
4779 ORDER 11924 32 8 1 41 0
4779 ORDER 11925 35 27 33 43 0
4779 BLOCK 6 23
4780 ORDER 11926 52 35 3 14 0
4780 ORDER 11927 52 3 2 44 0
4781 ORDER 11928 7 29 1 1 1
4781 ORDER 11929 21 21 1 32 0
4782 CANCEL 11484
4782 ORDER 11930 9 33 27 43 0
4782 ORDER 11931 23 12 1 12 0
4783 CANCEL 11749
4783 ORDER 11932 48 21 1 7 0
4783 ORDER 11933 42 3 3 34 0
4783 ORDER 11934 26 27 2 37 1
4784 ORDER 11935 36 33 47 43 1
4784 ORDER 11936 37 14 2 17 0
4785 ORDER 11937 19 35 54 44 0
4785 ORDER 11938 39 39 45 44 1
4785 ORDER 11939 49 38 21 43 1
4785 BLOCK 14 11
4786 ORDER 11940 50 38 12 43 0
4786 ORDER 11941 26 35 22 44 2
4787 CANCEL 11726
4787 ORDER 11942 20 39 2 14 0
4787 ORDER 11943 54 33 3 6 0
4787 ORDER 11944 7 17 47 43 2
4788 UNBLOCK 45 3
4788 ORDER 11945 46 29 1 6 1
4788 ORDER 11946 24 22 1 27 1
4788 ORDER 11947 11 32 1 12 0
4789 ORDER 11948 21 18 48 43 1
4789 ORDER 11949 19 35 2 40 0
4790 ORDER 11950 13 14 27 44 0
4790 ORDER 11951 21 39 3 28 0
4791 ORDER 11952 55 3 3 42 0
4791 ORDER 11953 31 18 1 12 1
4791 ORDER 11954 53 9 58 43 2
4792 CANCEL 11790
4792 ORDER 11955 48 36 20 44 0
4792 ORDER 11956 48 38 2 21 0
4792 ORDER 11957 20 23 31 43 0
4793 ORDER 11958 39 18 2 44 0
4793 ORDER 11959 39 20 1 32 2
4794 CANCEL 11672
4794 ORDER 11960 17 20 51 43 0
4794 ORDER 11961 18 9 3 37 0
4795 ORDER 11962 12 35 3 22 1
4795 ORDER 11963 22 12 39 43 0
4795 ORDER 11964 49 6 51 44 2
4796 ORDER 11965 54 6 1 9 1
4796 ORDER 11966 18 20 20 43 0
4796 ORDER 11967 26 17 46 43 0
4796 BLOCK 33 35
4797 ORDER 11968 10 26 3 9 0
4797 ORDER 11969 28 21 1 15 0
4797 ORDER 11970 25 27 1 17 0
4798 ORDER 11971 8 41 2 42 0
4798 ORDER 11972 39 17 49 44 0
4799 CANCEL 11520
4799 ORDER 11973 19 12 1 29 0
4799 ORDER 11974 35 18 14 44 1
4799 ORDER 11975 6 6 26 43 0
4800 ORDER 11976 32 3 3 4 1
4800 ORDER 11977 41 18 46 43 1
4801 CANCEL 11735
4801 ORDER 11978 35 20 57 44 1
4801 ORDER 11979 30 26 3 42 0
4802 CANCEL 11738
4802 ORDER 11980 11 15 1 32 0
4802 ORDER 11981 40 9 41 43 2
4802 ORDER 11982 6 8 1 39 0
4803 ORDER 11983 16 20 18 43 1
4803 ORDER 11984 25 9 2 34 0
4804 ORDER 11985 17 41 47 43 1
4804 ORDER 11986 11 39 2 18 3
4805 CANCEL 11827
4805 ORDER 11987 45 9 1 43 2
4805 ORDER 11988 26 14 43 43 1
4805 ORDER 11989 11 39 2 6 0
4806 ORDER 11990 7 14 13 44 3
4806 ORDER 11991 11 18 51 43 0
4807 ORDER 11992 15 35 1 12 3
4807 ORDER 11993 7 39 2 37 0
4808 ORDER 11994 11 32 16 44 0
4808 ORDER 11995 46 24 42 44 0
4809 ORDER 11996 14 38 7 43 1
4809 ORDER 11997 21 38 53 44 2
4810 ORDER 11998 8 5 56 43 1
4810 ORDER 11999 26 26 51 44 1
4810 ORDER 12000 9 39 3 33 0
4811 CANCEL 11511
4811 ORDER 12001 53 27 2 8 0
4811 ORDER 12002 41 38 3 2 2
4812 CANCEL 11872
4812 ORDER 12003 13 21 2 13 0
4812 ORDER 12004 26 33 21 43 0
4813 CANCEL 11809
4813 ORDER 12005 17 12 17 43 1
4813 ORDER 12006 10 24 36 44 0
4813 ORDER 12007 42 29 2 30 0
4814 ORDER 12008 18 27 41 43 0
4814 ORDER 12009 9 17 2 34 0
4814 ORDER 12010 52 29 57 44 1
4815 ORDER 12011 33 39 43 44 0
4815 ORDER 12012 11 24 3 42 1
4816 ORDER 12013 20 20 41 43 0
4816 ORDER 12014 55 21 2 34 0
4816 ORDER 12015 46 6 1 11 0
4817 ORDER 12016 24 35 2 11 0
4817 ORDER 12017 34 24 1 13 1
4817 ORDER 12018 38 24 1 8 0
4818 ORDER 12019 12 8 2 12 0
4818 ORDER 12020 23 12 44 43 3
4819 CANCEL 11604
4819 ORDER 12021 48 9 51 43 1
4819 ORDER 12022 32 23 44 44 0
4820 ORDER 12023 50 30 3 8 1
4820 ORDER 12024 33 30 48 43 0
4820 ORDER 12025 33 32 2 38 0
4821 ORDER 12026 32 3 54 44 1
4821 ORDER 12027 25 35 1 6 0
4822 ORDER 12028 32 6 56 44 0
4822 ORDER 12029 55 20 24 43 0
4823 ORDER 12030 20 39 32 44 0
4823 ORDER 12031 48 5 1 14 0
4823 ORDER 12032 17 21 2 44 0
4824 ORDER 12033 16 8 2 7 0
4824 ORDER 12034 18 23 54 44 0
4824 ORDER 12035 19 9 34 43 0
4825 CANCEL 11946
4825 ORDER 12036 42 38 1 12 0
4825 ORDER 12037 12 21 1 19 0
4826 ORDER 12038 41 14 28 44 0
4826 ORDER 12039 7 23 5 43 0
4827 ORDER 12040 50 5 4 43 1
4827 ORDER 12041 9 3 43 44 2
4827 ORDER 12042 46 20 1 3 0
4828 ORDER 12043 22 21 2 13 2
4828 ORDER 12044 23 5 3 16 0
4829 ORDER 12045 28 41 2 27 1
4829 ORDER 12046 45 39 50 44 0
4829 ORDER 12047 17 12 30 43 2
4830 ORDER 12048 8 23 2 44 0
4830 ORDER 12049 48 20 2 32 0
4830 ORDER 12050 24 11 14 43 0
4831 ORDER 12051 41 41 34 43 0
4831 ORDER 12052 44 32 9 44 0
4831 ORDER 12053 30 6 1 16 0
4832 ORDER 12054 49 6 2 40 2
4832 ORDER 12055 41 23 3 41 1
4832 ORDER 12056 19 14 3 2 0
4833 CANCEL 11642
4833 ORDER 12057 7 20 1 28 0
4833 ORDER 12058 13 17 54 44 1
4834 CANCEL 11632
4834 CANCEL 11813
4834 ORDER 12059 51 17 2 6 0
4834 ORDER 12060 12 14 58 44 0
4834 ORDER 12061 30 22 3 12 1
4835 ORDER 12062 21 36 3 6 2
4835 ORDER 12063 24 35 24 43 0
4836 CANCEL 11715
4836 CANCEL 11722
4836 ORDER 12064 37 29 1 29 1
4836 ORDER 12065 41 38 1 15 2
4837 ORDER 12066 48 12 3 36 0
4837 ORDER 12067 29 6 3 2 0
4838 ORDER 12068 45 35 2 8 1
4838 ORDER 12069 17 17 32 44 0
4839 ORDER 12070 47 21 2 25 1
4839 ORDER 12071 23 33 31 43 0
4840 ORDER 12072 46 9 15 44 1
4840 ORDER 12073 34 29 43 43 0
4840 ORDER 12074 31 12 44 43 0
4841 ORDER 12075 11 29 48 43 1
4841 ORDER 12076 28 41 1 35 0
4841 ORDER 12077 50 32 35 44 1
4842 UNBLOCK 33 35
4842 ORDER 12078 40 11 2 4 1
4842 ORDER 12079 23 6 1 18 0
4843 ORDER 12080 41 39 1 36 1
4843 ORDER 12081 12 23 35 44 1
4843 ORDER 12082 22 32 2 3 2
4844 ORDER 12083 47 30 52 43 2
4844 ORDER 12084 9 33 1 6 1
4845 ORDER 12085 27 30 49 43 0
4845 ORDER 12086 20 39 1 21 1
4845 ORDER 12087 55 17 1 19 1
4846 CANCEL 12022
4846 ORDER 12088 28 15 2 9 1
4846 ORDER 12089 6 5 1 16 0
4846 ORDER 12090 37 33 3 23 1
4847 ORDER 12091 41 38 46 44 0
4847 ORDER 12092 21 15 30 43 0
4848 ORDER 12093 35 39 15 44 0
4848 ORDER 12094 28 6 34 44 0
4849 ORDER 12095 12 17 2 13 0
4849 ORDER 12096 7 32 1 25 0
4849 ORDER 12097 15 18 54 43 3
4850 ORDER 12098 19 8 14 44 0
4850 ORDER 12099 53 38 3 15 1
4850 ORDER 12100 35 35 46 43 0
4851 CANCEL 12036
4851 ORDER 12101 8 30 1 39 3
4851 ORDER 12102 27 33 16 44 0
4851 ORDER 12103 17 27 2 10 0
4851 BLOCK 51 27
4852 ORDER 12104 13 12 38 43 0
4852 ORDER 12105 42 21 2 34 0
4853 ORDER 12106 8 32 23 43 0
4853 ORDER 12107 7 21 31 44 0
4853 ORDER 12108 49 8 1 41 0
4854 CANCEL 11615
4854 ORDER 12109 27 41 1 34 0
4854 ORDER 12110 43 26 53 43 1
4854 CANCEL 112110
4855 CANCEL 11649
4855 ORDER 12111 22 39 21 43 3
4855 ORDER 12112 17 14 2 16 0
4856 ORDER 12113 21 36 1 40 0
4856 ORDER 12114 17 20 3 6 0
4856 ORDER 12115 11 38 3 37 0
4856 BLOCK 15 8
4857 CANCEL 11903
4857 CANCEL 11911
4857 UNBLOCK 6 23
4857 ORDER 12116 7 11 3 16 0
4857 ORDER 12117 19 33 1 38 0
4858 ORDER 12118 11 30 1 30 0
4858 ORDER 12119 22 12 49 43 0
4859 CANCEL 11717
4859 ORDER 12120 6 11 1 24 0
4859 ORDER 12121 44 32 1 21 0
4860 ORDER 12122 52 27 51 43 3
4860 ORDER 12123 10 33 54 44 0
4861 ORDER 12124 38 11 46 44 1
4861 ORDER 12125 48 20 3 6 0
4861 ORDER 12126 26 15 3 9 2
4862 ORDER 12127 7 14 5 43 2
4862 ORDER 12128 43 11 46 43 0
4862 ORDER 12129 44 32 50 43 1
4863 ORDER 12130 39 41 48 44 0
4863 ORDER 12131 48 35 7 44 0
4863 ORDER 12132 33 6 15 43 0
4864 CANCEL 12072
4864 ORDER 12133 40 8 3 5 0
4864 ORDER 12134 50 39 1 3 1
4865 CANCEL 11948
4865 ORDER 12135 44 11 1 19 2
4865 ORDER 12136 36 11 57 44 0
4865 ORDER 12137 38 39 11 43 0
4866 CANCEL 11977
4866 ORDER 12138 40 23 57 43 0
4866 ORDER 12139 37 15 3 25 0
4867 ORDER 12140 12 21 2 5 0
4867 ORDER 12141 9 12 52 43 0
4868 ORDER 12142 31 29 3 39 3
4868 ORDER 12143 51 18 47 43 2
4868 ORDER 12144 55 23 3 32 0
4869 ORDER 12145 7 12 45 44 0
4869 ORDER 12146 7 12 1 37 1
4869 ORDER 12147 19 38 9 43 0
4870 CANCEL 11742
4870 ORDER 12148 15 18 21 43 0
4870 ORDER 12149 17 33 57 43 0
4870 BLOCK 39 34
4871 ORDER 12150 46 24 3 22 0
4871 ORDER 12151 42 32 1 1 1
4872 CANCEL 11711
4872 ORDER 12152 17 27 48 44 0
4872 ORDER 12153 32 9 1 33 0
4872 ORDER 12154 12 33 35 43 0
4873 ORDER 12155 43 27 29 43 0
4873 ORDER 12156 54 29 3 33 1
4873 ORDER 12157 17 27 3 12 3
4874 ORDER 12158 8 20 17 44 2
4874 ORDER 12159 18 11 2 28 2
4874 ORDER 12160 45 26 53 43 3
4875 CANCEL 11896
4875 ORDER 12161 21 3 46 43 0
4875 ORDER 12162 7 9 49 43 0
4876 ORDER 12163 14 24 3 6 1
4876 ORDER 12164 42 8 18 44 0
4876 ORDER 12165 48 15 2 13 1
4877 ORDER 12166 49 21 3 21 0
4877 ORDER 12167 18 14 3 21 1
4877 ORDER 12168 51 8 50 43 0
4878 ORDER 12169 23 5 29 44 0
4878 ORDER 12170 35 35 1 35 0
4878 ORDER 12171 26 11 3 22 1
4879 CANCEL 12030
4879 ORDER 12172 39 30 14 43 0
4879 ORDER 12173 11 5 42 43 0
4880 CANCEL 12051
4880 ORDER 12174 23 35 54 44 0
4880 ORDER 12175 18 20 3 22 0
4880 ORDER 12176 39 8 22 44 0
4881 ORDER 12177 31 41 51 43 0
4881 ORDER 12178 28 9 2 10 1
4881 ORDER 12179 31 21 25 43 0
4882 UNBLOCK 27 29
4882 ORDER 12180 46 20 2 19 1
4882 ORDER 12181 17 5 2 42 1
4883 ORDER 12182 28 9 32 44 2
4883 ORDER 12183 20 24 52 43 2
4883 ORDER 12184 41 18 3 36 0
4884 ORDER 12185 45 14 1 5 1
4884 ORDER 12186 33 38 47 44 1
4885 ORDER 12187 10 29 34 43 1
4885 ORDER 12188 6 27 38 43 1
4885 ORDER 12189 39 29 42 44 3
4886 ORDER 12190 28 6 37 43 2
4886 ORDER 12191 54 8 3 23 0
4886 ORDER 12192 33 35 3 27 1
4887 ORDER 12193 15 18 1 12 0
4887 ORDER 12194 23 12 47 44 0
4888 ORDER 12195 32 36 3 37 0
4888 ORDER 12196 18 29 14 43 0
4889 ORDER 12197 31 27 1 22 1
4889 ORDER 12198 7 15 3 9 2
4890 CANCEL 12125
4890 ORDER 12199 18 14 10 44 0
4890 ORDER 12200 8 17 3 12 1
4890 ORDER 12201 48 39 26 44 0
4891 CANCEL 11956
4891 ORDER 12202 29 38 1 43 0
4891 ORDER 12203 55 29 49 44 1
4891 ORDER 12204 54 27 2 43 3
4892 ORDER 12205 18 27 7 44 0
4892 ORDER 12206 6 33 3 27 3
4893 ORDER 12207 30 3 2 41 0
4893 ORDER 12208 19 11 2 12 0
4894 ORDER 12209 28 38 18 43 0
4894 ORDER 12210 19 3 1 12 0
4894 ORDER 12211 30 26 1 2 2
4895 CANCEL 11963
4895 ORDER 12212 47 35 6 43 0
4895 ORDER 12213 31 23 48 44 2
4896 ORDER 12214 24 27 22 44 0
4896 ORDER 12215 10 20 10 43 0
4897 ORDER 12216 50 23 32 44 0
4897 ORDER 12217 32 8 2 6 3
4898 ORDER 12218 22 6 32 43 0
4898 ORDER 12219 51 14 15 44 3
4899 CANCEL 12015
4899 CANCEL 12053
4899 ORDER 12220 53 36 2 6 0
4899 ORDER 12221 19 5 15 44 0
4900 CANCEL 11757
4900 ORDER 12222 29 26 37 44 1
4900 ORDER 12223 53 26 3 14 0
4900 ORDER 12224 44 32 5 44 2
4901 ORDER 12225 6 21 1 21 3
4901 ORDER 12226 16 11 51 44 1
4902 ORDER 12227 52 21 11 43 1
4902 ORDER 12228 22 17 16 44 0
4903 ORDER 12229 17 20 41 44 1
4903 ORDER 12230 9 11 1 14 3
4903 ORDER 12231 37 27 49 44 2
4904 ORDER 12232 48 6 3 44 1
4904 ORDER 12233 12 41 3 33 0
4904 ORDER 12234 53 26 34 43 1
4905 UNBLOCK 14 11
4905 ORDER 12235 48 23 3 28 0
4905 ORDER 12236 53 11 57 44 0
4905 ORDER 12237 55 23 9 43 0
4906 ORDER 12238 40 15 1 25 0
4906 ORDER 12239 29 3 3 10 0
4906 ORDER 12240 6 9 17 44 0
4907 ORDER 12241 32 9 23 43 0
4907 ORDER 12242 20 20 31 44 0
4907 ORDER 12243 19 21 19 43 0
4908 ORDER 12244 40 8 2 20 0
4908 ORDER 12245 34 6 1 32 0
4909 ORDER 12246 22 18 2 37 0
4909 ORDER 12247 30 6 3 36 1
4909 ORDER 12248 15 33 45 44 1
4910 ORDER 12249 16 20 52 43 0
4910 ORDER 12250 20 20 5 44 0
4910 ORDER 12251 51 41 32 43 1
4911 ORDER 12252 16 27 45 44 1
4911 ORDER 12253 28 38 12 43 2
4911 ORDER 12254 19 36 7 43 2
4912 ORDER 12255 17 32 2 18 0
4912 ORDER 12256 28 6 1 15 1
4913 ORDER 12257 51 5 58 43 0
4913 ORDER 12258 51 36 2 15 0
4914 ORDER 12259 51 6 2 36 0
4914 ORDER 12260 53 32 2 7 0
4914 ORDER 12261 10 9 13 43 2
4915 ORDER 12262 54 24 57 44 0
4915 ORDER 12263 29 27 6 43 0
4916 ORDER 12264 23 39 3 28 1
4916 ORDER 12265 50 23 1 34 0
4917 CANCEL 12193
4917 ORDER 12266 38 17 3 6 0
4917 ORDER 12267 25 5 19 43 0
4918 ORDER 12268 12 6 44 43 0
4918 ORDER 12269 31 5 45 44 0
4918 ORDER 12270 36 27 2 9 2
4919 CANCEL 11969
4919 UNBLOCK 51 27
4919 CANCEL 12214
4919 ORDER 12271 22 14 3 31 0
4919 ORDER 12272 6 3 1 4 1
4919 ORDER 12273 51 17 2 30 0
4919 BLOCK 18 9
4920 ORDER 12274 18 15 1 29 1
4920 ORDER 12275 11 27 3 39 0
4920 ORDER 12276 17 23 2 31 2
4921 ORDER 12277 29 29 22 43 2
4921 ORDER 12278 10 20 18 43 1
4922 CANCEL 12071
4922 ORDER 12279 35 30 24 43 0
4922 ORDER 12280 17 17 11 43 0
4922 ORDER 12281 45 14 48 44 0
4923 ORDER 12282 33 6 3 27 0
4923 ORDER 12283 39 8 51 43 0
4924 ORDER 12284 19 33 47 44 0
4924 ORDER 12285 51 12 2 30 0
4925 CANCEL 12061
4925 ORDER 12286 19 30 1 17 2
4925 ORDER 12287 41 38 2 16 0
4925 ORDER 12288 19 17 3 12 1
4926 ORDER 12289 26 20 2 5 0
4926 ORDER 12290 18 41 3 40 0
4927 CANCEL 12263
4927 ORDER 12291 29 23 1 4 3
4927 ORDER 12292 42 29 2 9 0
4927 ORDER 12293 11 32 3 13 0
4928 ORDER 12294 27 6 54 43 0
4928 ORDER 12295 16 39 3 13 0
4929 ORDER 12296 51 11 48 43 0
4929 ORDER 12297 33 23 57 44 1
4929 ORDER 12298 23 38 2 37 0
4930 ORDER 12299 38 14 36 43 0
4930 ORDER 12300 40 8 8 43 0
4930 ORDER 12301 48 17 2 6 0
4931 CANCEL 11992
4931 ORDER 12302 14 20 53 43 1
4931 ORDER 12303 53 27 32 43 0
4931 ORDER 12304 51 6 2 17 0
4932 ORDER 12305 21 12 1 29 2
4932 ORDER 12306 51 27 6 44 0
4933 CANCEL 12271
4933 ORDER 12307 22 30 42 44 1
4933 ORDER 12308 26 30 25 43 0
4933 ORDER 12309 52 5 3 20 1
4934 ORDER 12310 53 41 3 42 2
4934 ORDER 12311 48 14 10 44 0
4934 ORDER 12312 20 33 2 16 0
4935 ORDER 12313 18 9 3 3 1
4935 ORDER 12314 9 12 6 44 1
4936 ORDER 12315 8 36 34 44 0
4936 ORDER 12316 30 5 52 44 0
4936 ORDER 12317 50 20 26 43 1
4937 ORDER 12318 14 5 56 43 0
4937 ORDER 12319 30 36 29 43 0
4937 ORDER 12320 7 6 57 44 0
4938 ORDER 12321 32 15 3 37 0
4938 ORDER 12322 53 11 1 28 1
4938 ORDER 12323 17 24 31 43 0
4939 ORDER 12324 37 20 4 43 0
4939 ORDER 12325 17 3 35 44 0
4939 ORDER 12326 9 9 1 22 0
4940 ORDER 12327 20 15 1 8 2
4940 ORDER 12328 53 38 2 18 1
4941 CANCEL 11996
4941 ORDER 12329 10 20 19 44 0
4941 ORDER 12330 8 30 22 44 1
4941 ORDER 12331 36 15 3 39 0
4942 ORDER 12332 38 18 3 12 1
4942 ORDER 12333 25 3 32 43 0
4942 ORDER 12334 29 38 1 39 0
4943 ORDER 12335 41 39 2 7 0
4943 ORDER 12336 32 11 42 43 1
4943 ORDER 12337 48 3 3 31 0
4944 ORDER 12338 41 35 51 43 1
4944 ORDER 12339 29 30 49 44 0
4945 ORDER 12340 36 33 23 44 1
4945 ORDER 12341 16 35 3 37 0
4945 ORDER 12342 14 14 3 44 0
4946 ORDER 12343 37 26 6 43 2
4946 ORDER 12344 24 24 54 44 1
4947 ORDER 12345 46 20 27 43 2
4947 ORDER 12346 8 20 2 15 2
4947 ORDER 12347 28 12 44 43 0
4948 CANCEL 12027
4948 ORDER 12348 23 21 42 44 0
4948 ORDER 12349 19 41 41 44 0
4948 ORDER 12350 36 30 2 14 0
4949 ORDER 12351 13 36 51 44 0
4949 ORDER 12352 27 24 33 44 0
4950 CANCEL 12025
4950 ORDER 12353 6 11 53 44 0
4950 ORDER 12354 51 27 19 44 1
4951 ORDER 12355 36 27 1 19 2
4951 ORDER 12356 36 3 3 30 0
4951 ORDER 12357 27 41 36 43 2
4952 ORDER 12358 28 32 57 43 0
4952 ORDER 12359 44 11 43 43 0
4953 ORDER 12360 11 3 1 6 0
4953 ORDER 12361 29 21 1 8 0
4954 ORDER 12362 12 33 3 2 0
4954 ORDER 12363 19 36 9 43 1
4954 ORDER 12364 37 36 1 22 0
4955 ORDER 12365 52 38 1 13 0
4955 ORDER 12366 38 20 1 5 0
4956 ORDER 12367 38 21 56 44 0
4956 ORDER 12368 17 35 2 28 0
4956 ORDER 12369 14 3 2 29 0
4957 ORDER 12370 51 11 1 37 0
4957 ORDER 12371 55 30 46 44 0
4957 ORDER 12372 47 29 3 42 0
4958 ORDER 12373 10 32 1 28 0
4958 ORDER 12374 19 38 2 31 1
4958 ORDER 12375 33 8 52 43 0
4959 CANCEL 12218
4959 ORDER 12376 9 30 19 43 0
4959 ORDER 12377 38 41 29 44 1
4959 ORDER 12378 10 14 2 38 0
4960 CANCEL 11884
4960 ORDER 12379 8 26 8 43 1
4960 ORDER 12380 51 12 3 37 0
4960 ORDER 12381 33 4 3 15 0
4961 ORDER 12382 13 39 2 8 0
4961 ORDER 12383 10 39 2 33 1
4961 ORDER 12384 7 11 3 19 1
4962 CANCEL 11962
4962 CANCEL 12180
4962 ORDER 12385 45 23 45 43 0
4962 ORDER 12386 38 33 1 11 3
4962 ORDER 12387 48 15 2 40 0
4963 ORDER 12388 7 32 3 42 3
4963 ORDER 12389 22 38 24 44 0
4964 ORDER 12390 7 39 56 43 0
4964 ORDER 12391 18 12 50 43 0
4965 ORDER 12392 37 20 45 43 0
4965 ORDER 12393 9 36 46 44 2
4965 ORDER 12394 11 3 2 3 1
4966 ORDER 12395 50 15 44 44 0
4966 ORDER 12396 7 20 15 43 0
4966 ORDER 12397 41 35 7 44 2
4967 ORDER 12398 9 29 2 6 0
4967 ORDER 12399 41 20 33 43 2
4967 ORDER 12400 15 35 11 43 2
4968 ORDER 12401 10 11 30 43 2
4968 ORDER 12402 38 17 46 44 0
4968 ORDER 12403 11 21 19 44 0
4969 ORDER 12404 40 8 6 44 0
4969 ORDER 12405 29 30 2 21 0
4970 ORDER 12406 11 12 1 8 0
4970 ORDER 12407 20 11 31 44 2
4971 ORDER 12408 35 32 31 43 2
4971 ORDER 12409 19 18 54 44 1
4971 ORDER 12410 45 23 5 44 2
4972 ORDER 12411 37 30 1 5 0
4972 ORDER 12412 10 27 2 5 0
4972 ORDER 12413 18 11 2 2 0
4973 ORDER 12414 7 32 42 44 0
4973 ORDER 12415 22 6 1 42 0
4974 ORDER 12416 12 41 1 42 0
4974 ORDER 12417 21 5 12 44 1
4975 ORDER 12418 38 27 2 6 1
4975 ORDER 12419 29 29 26 43 2
4975 ORDER 12420 30 9 1 12 1
4976 ORDER 12421 43 36 19 43 3
4976 ORDER 12422 7 41 45 44 0
4977 ORDER 12423 52 14 2 1 0
4977 ORDER 12424 24 29 2 41 0
4977 ORDER 12425 26 6 18 43 0
4978 ORDER 12426 21 9 44 44 0
4978 ORDER 12427 7 36 3 25 0
4978 ORDER 12428 30 20 41 44 0
4979 ORDER 12429 10 36 3 43 1
4979 ORDER 12430 46 11 42 44 0
4979 ORDER 12431 55 15 2 21 0
4980 ORDER 12432 53 8 28 44 1
4980 ORDER 12433 39 26 4 43 1
4981 CANCEL 12342
4981 ORDER 12434 11 20 2 32 0
4981 ORDER 12435 28 15 2 14 0
4982 ORDER 12436 34 36 32 43 1
4982 ORDER 12437 12 15 2 6 1
4983 CANCEL 12351
4983 ORDER 12438 31 39 8 43 1
4983 ORDER 12439 16 32 3 30 1
4984 ORDER 12440 47 6 1 15 0
4984 ORDER 12441 39 17 4 44 0
4984 ORDER 12442 19 27 3 4 3
4985 ORDER 12443 10 41 6 43 2
4985 ORDER 12444 43 36 40 44 0
4986 CANCEL 12041
4986 ORDER 12445 39 18 34 43 1
4986 ORDER 12446 18 3 9 43 2
4987 ORDER 12447 12 36 48 44 1
4987 ORDER 12448 47 17 43 43 1
4987 ORDER 12449 7 6 17 44 0
4988 ORDER 12450 10 18 1 4 1
4988 ORDER 12451 10 32 1 20 2
4988 ORDER 12452 6 41 18 43 0
4988 BLOCK 50 24
4989 ORDER 12453 55 24 3 43 3
4989 ORDER 12454 30 9 28 44 1
4990 ORDER 12455 10 32 31 43 1
4990 ORDER 12456 26 12 2 3 3
4991 ORDER 12457 41 3 50 43 0
4991 ORDER 12458 37 14 19 44 0
4992 CANCEL 12337
4992 ORDER 12459 6 14 2 44 1
4992 ORDER 12460 12 8 2 44 0
4993 UNBLOCK 39 34
4993 CANCEL 12435
4993 ORDER 12461 15 35 2 13 1
4993 ORDER 12462 50 32 2 41 0
4994 ORDER 12463 36 17 32 44 0
4994 ORDER 12464 26 20 1 6 0
4994 ORDER 12465 51 8 47 43 1
4995 ORDER 12466 51 11 32 43 0
4995 ORDER 12467 23 15 2 3 0
4995 ORDER 12468 39 41 2 39 1
4996 CANCEL 12219
4996 ORDER 12469 53 35 8 43 0
4996 ORDER 12470 30 33 3 16 0
4996 ORDER 12471 29 24 3 35 0
4997 ORDER 12472 19 5 3 18 1
4997 ORDER 12473 14 27 1 11 1
4998 ORDER 12474 18 23 2 22 2
4998 ORDER 12475 7 30 21 44 0
4998 ORDER 12476 19 24 2 37 1
4999 UNBLOCK 15 8
4999 ORDER 12477 20 12 10 44 1
4999 ORDER 12478 29 36 3 31 0
