120 90 6000
########################################################################################################################
#.....C.....C.....C.....C.....C.....C.....C.....C.....C.....C.....C.....C.....C.....C.....C.....C.....C.....C..........#
#......................................................................................................................#
#......................................................................................................................#
#.....########..########..#######..######..######..######..#######..#########..#######..#######..########..########....#
#......................................................................................................................#
#......................................................................................................................#
#.....########..#######..#########..######..#######..#######..######..#######..#######..#######..#########..#######....#
#......................................................................................................................#
#......................................................................................................................#
#.....#########..#########..#######..########..#######..#########..######..########..#########..#########..########....#
#......................................................................................................................#
#......................................................................................................................#
#.....########..######..########..########..#########..######..#########..########..#######..########..#########..##...#
#......................................................................................................................#
#......................................................................................................................#
#.....#######..########..#######..#########..#######..#######..#########..######..########..########..#######..#####...#
#......................................................................................................................#
#......................................................................................................................#
#.....#########..########..#########..#######..#######..########..#######..######..########..########..#########..##...#
#......................................................................................................................#
#......................................................................................................................#
#.....#########..#######..#######..#########..########..######..########..#######..#########..#######..#######..####...#
#......................................................................................................................#
#......................................................................................................................#
#.....#######..########..########..########..#######..######..########..#######..#######..#########..#########..####...#
#......................................................................................................................#
#......................................................................................................................#
#.....#########..########..######..######..#########..######..########..########..########..######..########..######...#
#......................................................................................................................#
#......................................................................................................................#
#.....######..######..########..#########..#######..######..#######..######..#########..########..######..#######..#...#
#......................................................................................................................#
#......................................................................................................................#
#.....#########..#########..########..#######..#######..#########..#########..########..#########..######..#########...#
#......................................................................................................................#
#......................................................................................................................#
#.....#########..######..########..########..######..#########..#########..#########..######..#######..######..#####...#
#......................................................................................................................#
#......................................................................................................................#
#.....########..#######..#######..######..######..#########..#######..#########..########..#########..######..######...#
#......................................................................................................................#
#......................................................................................................................#
#.....#########..########..########..######..######..#########..########..######..######..########..######..#######....#
#......................................................................................................................#
#......................................................................................................................#
#.....######..######..########..#######..######..#######..#######..######..######..#######..########..########..####...#
#......................................................................................................................#
#......................................................................................................................#
#.....########..######..######..#########..#######..######..#########..######..######..########..######..#######..##...#
#......................................................................................................................#
#......................................................................................................................#
#.....########..########..#######..########..########..######..#########..######..######..######..######..#######..#...#
#......................................................................................................................#
#......................................................................................................................#
#.....#######..#######..#######..########..#######..#######..#########..#######..######..#######..#########..#######...#
#......................................................................................................................#
#......................................................................................................................#
#.....#########..#########..########..#######..########..#######..######..#########..########..########..#########.....#
#......................................................................................................................#
#......................................................................................................................#
#.....#########..######..######..########..######..#########..######..#######..########..#######..########..#######....#
#......................................................................................................................#
#......................................................................................................................#
#.....######..########..#######..#######..########..#######..#######..######..#########..########..########..#######...#
#......................................................................................................................#
#......................................................................................................................#
#.....########..#######..######..######..########..#######..######..######..########..########..######..######..####...#
#......................................................................................................................#
#......................................................................................................................#
#.....######..######..########..######..#######..#######..#######..######..########..######..#########..######..####...#
#......................................................................................................................#
#......................................................................................................................#
#.....######..#########..#######..#######..#######..#########..######..######..######..######..######..########..###...#
#......................................................................................................................#
#......................................................................................................................#
#.....#######..#######..#######..########..#######..########..#########..#######..######..########..#########..#####...#
#......................................................................................................................#
#......................................................................................................................#
#.....########..######..#########..########..#########..#######..########..#########..#########..#######..######..##...#
#......................................................................................................................#
#......................................................................................................................#
#.....#########..########..########..######..######..#######..######..#######..#########..######..######..#######..#...#
#......................................................................................................................#
#......................................................................................................................#
#.....######..#########..######..#########..######..######..########..######..########..########..#######..######..#...#
#......................................................................................................................#
#......................................................................................................................#
#......................................................................................................................#
########################################################################################################################
PARAMS 1680 84 420 30 50 3 80 2
ROBOTS 120
42 71
70 49
24 4
37 80
112 74
10 68
43 36
33 74
69 60
50 44
72 21
97 74
30 21
63 88
76 38
10 80
45 14
84 57
47 84
81 5
113 19
98 69
46 34
47 14
106 8
99 33
12 41
64 60
79 56
90 81
15 4
97 65
89 56
64 88
29 48
98 24
94 17
7 26
107 86
67 56
7 51
53 86
25 1
96 87
77 6
6 12
9 80
4 37
53 41
74 84
104 9
36 43
102 59
87 65
41 80
4 72
81 30
70 27
85 18
99 84
64 83
35 39
90 18
10 71
115 12
72 41
57 33
59 49
20 35
23 76
77 45
4 73
95 3
46 66
13 15
70 88
118 33
53 17
63 59
23 24
43 51
116 74
103 15
33 5
48 86
90 68
96 33
15 83
62 83
68 71
10 69
90 20
83 62
11 59
110 70
57 35
111 70
80 3
49 84
7 75
75 65
27 51
82 17
72 14
46 47
22 42
44 42
75 31
6 20
39 20
76 20
118 14
56 68
88 15
26 10
35 18
117 23
114 72
36 53
16 9
EVENTS 12333
0 ORDER 1 38 11 3 77 0
1 ORDER 2 14 72 3 77 0
1 BLOCK 88 41
2 ORDER 3 46 6 2 81 2
3 ORDER 4 36 36 46 87 1
3 BLOCK 11 65
4 ORDER 5 87 81 1 49 0
4 BLOCK 81 12
5 ORDER 6 75 59 96 87 1
5 BLOCK 44 77
6 ORDER 7 79 72 110 87 1
7 ORDER 8 106 45 40 87 1
8 ORDER 9 27 54 3 80 1
8 BLOCK 74 39
9 ORDER 10 79 3 3 19 1
9 BLOCK 5 29
10 UNBLOCK 81 12
10 ORDER 11 95 24 2 1 0
10 BLOCK 53 2
11 ORDER 12 45 60 1 76 1
12 ORDER 13 103 62 3 78 1
12 BLOCK 13 84
13 ORDER 14 91 86 80 87 0
14 ORDER 15 53 35 90 87 0
15 ORDER 16 40 62 1 32 0
15 BLOCK 48 30
16 ORDER 17 9 30 15 88 0
16 BLOCK 106 32
17 ORDER 18 49 53 91 88 0
18 ORDER 19 51 9 74 87 1
19 ORDER 20 70 47 108 87 1
19 BLOCK 14 81
20 ORDER 21 40 6 111 87 0
20 BLOCK 15 54
21 ORDER 22 99 39 1 75 0
21 BLOCK 34 36
22 UNBLOCK 53 2
22 ORDER 23 63 33 3 50 0
22 BLOCK 12 21
23 ORDER 24 17 5 8 88 0
24 ORDER 25 77 21 3 6 0
24 BLOCK 107 75
25 UNBLOCK 14 81
25 ORDER 26 40 18 116 87 0
26 ORDER 27 51 51 113 87 1
26 BLOCK 9 74
27 CANCEL 27
27 ORDER 28 47 63 54 88 0
27 BLOCK 84 57
28 ORDER 29 65 17 15 87 2
29 UNBLOCK 106 32
29 ORDER 30 62 48 3 1 0
30 ORDER 31 10 45 1 81 1
30 BLOCK 82 57
31 ORDER 32 67 26 3 59 0
31 BLOCK 43 60
32 UNBLOCK 88 41
32 ORDER 33 13 48 5 88 3
32 BLOCK 43 26
33 ORDER 34 61 54 70 88 0
34 UNBLOCK 107 75
34 ORDER 35 114 26 89 88 0
35 ORDER 36 8 62 1 1 0
35 BLOCK 54 87
36 UNBLOCK 13 84
36 ORDER 37 76 71 3 11 2
37 ORDER 38 48 74 1 56 3
38 ORDER 39 99 60 1 14 1
39 ORDER 40 115 33 40 88 0
39 BLOCK 42 84
40 UNBLOCK 44 77
40 UNBLOCK 43 60
40 ORDER 41 64 39 3 75 0
41 UNBLOCK 34 36
41 ORDER 42 59 8 2 83 0
42 ORDER 43 56 56 29 87 3
42 BLOCK 98 35
43 ORDER 44 40 78 3 26 0
43 BLOCK 106 10
44 UNBLOCK 15 54
44 ORDER 45 55 45 2 41 0
45 ORDER 46 76 36 38 88 0
45 BLOCK 109 20
46 ORDER 47 11 66 1 75 1
46 BLOCK 42 77
47 ORDER 48 88 12 1 50 0
47 BLOCK 111 57
48 ORDER 49 27 86 1 84 0
48 BLOCK 47 48
49 ORDER 50 35 33 63 88 0
50 ORDER 51 80 20 75 88 1
51 UNBLOCK 12 21
51 ORDER 52 53 38 101 87 2
51 BLOCK 39 2
52 ORDER 53 24 32 56 87 0
52 BLOCK 113 74
53 UNBLOCK 48 30
53 ORDER 54 56 84 61 87 2
54 ORDER 55 101 53 1 23 1
54 BLOCK 100 59
55 UNBLOCK 74 39
55 ORDER 56 43 5 71 88 1
56 ORDER 57 6 23 116 87 3
57 ORDER 58 78 29 19 88 2
57 BLOCK 108 26
58 ORDER 59 76 11 32 87 0
59 ORDER 60 93 65 108 87 0
59 BLOCK 95 86
60 ORDER 61 50 36 36 88 0
60 BLOCK 76 5
61 ORDER 62 52 68 2 77 0
62 UNBLOCK 11 65
62 CANCEL 30
62 UNBLOCK 106 10
62 ORDER 63 57 66 2 87 0
63 UNBLOCK 5 29
63 UNBLOCK 108 26
63 ORDER 64 46 21 58 87 2
64 ORDER 65 11 47 82 87 1
64 BLOCK 81 80
65 ORDER 66 94 86 55 87 0
66 UNBLOCK 42 77
66 ORDER 67 6 75 70 88 0
67 UNBLOCK 54 87
67 ORDER 68 17 35 56 87 0
68 ORDER 69 49 27 1 42 0
69 UNBLOCK 43 26
69 ORDER 70 54 66 108 88 1
69 BLOCK 8 81
70 ORDER 71 86 66 25 88 0
70 BLOCK 99 68
71 UNBLOCK 82 57
71 ORDER 72 76 15 29 87 0
71 BLOCK 86 75
72 ORDER 73 53 33 48 88 2
72 BLOCK 22 56
73 ORDER 74 49 32 40 87 1
73 BLOCK 111 59
74 ORDER 75 107 26 1 44 1
74 BLOCK 106 63
75 UNBLOCK 111 57
75 ORDER 76 103 77 1 87 1
76 UNBLOCK 95 86
76 ORDER 77 48 66 60 87 1
77 UNBLOCK 84 57
77 ORDER 78 87 14 1 30 2
77 BLOCK 104 52
78 ORDER 79 12 57 25 88 0
78 BLOCK 103 20
79 UNBLOCK 9 74
79 UNBLOCK 81 80
79 UNBLOCK 8 81
79 ORDER 80 96 17 1 80 0
80 UNBLOCK 98 35
80 ORDER 81 112 15 1 44 1
81 ORDER 82 69 12 1 85 2
81 BLOCK 17 18
82 UNBLOCK 47 48
82 ORDER 83 43 75 76 87 1
82 BLOCK 29 47
83 UNBLOCK 109 20
83 UNBLOCK 113 74
83 ORDER 84 102 41 3 18 0
83 BLOCK 11 23
84 ORDER 85 24 33 1 70 0
84 BLOCK 31 74
85 ORDER 86 56 34 3 85 0
86 ORDER 87 38 86 2 54 0
86 BLOCK 60 80
87 UNBLOCK 22 56
87 ORDER 88 85 62 13 87 1
88 ORDER 89 90 69 116 88 0
88 BLOCK 42 72
89 ORDER 90 6 15 1 58 1
89 BLOCK 82 23
90 UNBLOCK 99 68
90 ORDER 91 44 48 3 5 0
91 UNBLOCK 86 75
91 ORDER 92 6 11 14 88 0
92 UNBLOCK 39 2
92 UNBLOCK 17 18
92 ORDER 93 86 71 2 23 2
93 ORDER 94 34 86 2 67 0
93 BLOCK 52 88
94 ORDER 95 49 59 69 87 0
94 BLOCK 92 57
95 ORDER 96 115 23 39 88 0
96 ORDER 97 21 54 3 40 1
97 ORDER 98 95 21 29 87 0
98 UNBLOCK 42 84
98 UNBLOCK 42 72
98 ORDER 99 112 5 1 67 0
98 BLOCK 37 12
99 UNBLOCK 111 59
99 UNBLOCK 82 23
99 ORDER 100 24 45 30 88 0
100 UNBLOCK 76 5
100 UNBLOCK 106 63
100 ORDER 101 77 9 72 87 2
101 ORDER 102 104 74 62 88 1
102 ORDER 103 70 21 1 55 0
102 BLOCK 16 59
103 CANCEL 33
103 ORDER 104 74 57 2 65 0
104 UNBLOCK 100 59
104 UNBLOCK 103 20
104 ORDER 105 79 18 1 84 0
105 ORDER 106 34 66 3 46 2
105 BLOCK 14 68
106 ORDER 107 47 80 3 43 0
107 ORDER 108 111 38 2 6 0
108 UNBLOCK 16 59
108 ORDER 109 111 77 12 88 0
108 BLOCK 27 78
109 ORDER 110 18 42 69 87 3
109 BLOCK 76 26
110 ORDER 111 69 44 3 76 0
111 ORDER 112 47 11 61 87 0
111 BLOCK 54 80
112 ORDER 113 41 24 2 60 0
113 UNBLOCK 11 23
113 ORDER 114 12 57 64 88 2
113 BLOCK 52 53
114 ORDER 115 58 75 57 87 1
115 ORDER 116 109 80 73 87 0
116 ORDER 117 58 71 3 74 0
116 BLOCK 16 36
117 ORDER 118 8 33 23 87 0
117 BLOCK 71 42
118 ORDER 119 27 8 3 3 1
118 BLOCK 32 71
119 UNBLOCK 54 80
119 ORDER 120 30 27 98 87 2
120 ORDER 121 89 57 3 46 0
120 BLOCK 12 44
121 ORDER 122 62 84 73 88 0
122 ORDER 123 82 9 76 88 1
123 UNBLOCK 76 26
123 ORDER 124 16 54 53 88 0
124 UNBLOCK 60 80
124 UNBLOCK 52 53
124 UNBLOCK 71 42
124 ORDER 125 67 21 1 61 1
125 ORDER 126 22 5 3 9 0
125 BLOCK 31 83
126 UNBLOCK 92 57
126 ORDER 127 67 72 2 31 0
127 UNBLOCK 52 88
127 ORDER 128 59 3 3 28 1
128 ORDER 129 74 57 97 88 0
128 BLOCK 81 75
129 CANCEL 102
129 UNBLOCK 32 71
129 ORDER 130 72 56 17 87 0
129 BLOCK 60 36
130 UNBLOCK 104 52
130 ORDER 131 10 3 23 87 1
130 BLOCK 8 53
131 ORDER 132 35 35 3 51 2
132 ORDER 133 6 24 13 87 1
133 UNBLOCK 31 74
133 UNBLOCK 37 12
133 ORDER 134 47 33 87 87 0
133 BLOCK 75 18
134 UNBLOCK 31 83
134 ORDER 135 35 23 12 87 0
135 ORDER 136 46 62 1 86 1
136 ORDER 137 35 72 3 32 0
136 BLOCK 56 75
137 ORDER 138 108 86 12 88 1
138 ORDER 139 110 5 98 87 0
138 BLOCK 103 35
139 UNBLOCK 29 47
139 UNBLOCK 75 18
139 ORDER 140 30 74 1 85 3
140 UNBLOCK 16 36
140 ORDER 141 24 35 113 87 0
141 ORDER 142 24 57 2 68 1
142 UNBLOCK 56 75
142 ORDER 143 81 71 3 26 0
142 BLOCK 39 3
143 ORDER 144 61 23 3 45 3
143 BLOCK 92 56
144 UNBLOCK 12 44
144 UNBLOCK 81 75
144 ORDER 145 104 11 32 88 0
145 ORDER 146 105 27 91 88 0
146 ORDER 147 112 29 64 87 0
147 ORDER 148 63 72 5 88 1
148 ORDER 149 80 68 26 88 2
148 BLOCK 40 62
149 ORDER 150 34 59 79 88 1
150 ORDER 151 76 53 72 87 2
151 ORDER 152 98 69 64 87 0
151 BLOCK 52 80
152 ORDER 153 55 69 2 71 0
153 ORDER 154 9 5 73 88 1
154 UNBLOCK 14 68
154 UNBLOCK 27 78
154 ORDER 155 44 68 2 13 1
154 BLOCK 63 87
155 ORDER 156 12 56 3 18 0
156 ORDER 157 112 60 3 26 0
156 BLOCK 49 9
157 UNBLOCK 92 56
157 ORDER 158 22 6 47 87 2
157 BLOCK 8 75
158 ORDER 159 48 50 42 88 0
159 ORDER 160 49 36 1 14 0
159 BLOCK 78 2
160 UNBLOCK 103 35
160 ORDER 161 33 44 6 87 0
160 BLOCK 73 36
161 UNBLOCK 8 53
161 ORDER 162 104 18 97 87 1
162 ORDER 163 111 9 1 76 1
162 BLOCK 72 21
163 ORDER 164 115 53 7 88 2
163 BLOCK 43 38
164 ORDER 165 112 45 3 40 0
164 BLOCK 112 74
165 ORDER 166 102 53 113 87 0
165 BLOCK 42 39
166 ORDER 167 47 72 105 88 1
167 ORDER 168 21 42 3 21 0
168 ORDER 169 101 9 2 81 0
169 ORDER 170 35 3 92 88 0
169 BLOCK 31 5
170 ORDER 171 21 74 27 87 0
171 ORDER 172 49 47 2 36 2
172 ORDER 173 105 42 2 31 1
172 BLOCK 50 63
173 ORDER 174 7 8 64 88 0
173 BLOCK 69 35
174 CANCEL 119
174 ORDER 175 17 15 76 88 0
174 BLOCK 39 12
175 ORDER 176 17 18 1 55 2
175 BLOCK 44 24
176 ORDER 177 55 50 39 88 0
176 BLOCK 34 23
177 ORDER 178 75 23 62 88 0
178 ORDER 179 60 35 60 88 2
179 ORDER 180 59 77 50 87 0
179 BLOCK 77 30
180 UNBLOCK 112 74
180 ORDER 181 76 59 14 88 0
180 BLOCK 22 45
181 UNBLOCK 52 80
181 UNBLOCK 69 35
181 ORDER 182 55 24 3 76 0
182 ORDER 183 88 57 2 81 0
182 BLOCK 99 86
183 UNBLOCK 60 36
183 ORDER 184 23 69 3 81 1
184 ORDER 185 31 11 1 19 1
185 ORDER 186 31 17 1 67 2
186 UNBLOCK 63 87
186 ORDER 187 78 59 20 87 0
187 ORDER 188 80 65 78 88 0
188 ORDER 189 83 8 118 87 2
188 BLOCK 108 54
189 CANCEL 168
189 ORDER 190 69 56 52 88 0
189 BLOCK 63 68
190 CANCEL 62
190 ORDER 191 63 6 52 88 1
191 UNBLOCK 8 75
191 ORDER 192 29 38 114 87 0
192 UNBLOCK 39 3
192 ORDER 193 8 56 2 33 0
192 BLOCK 50 33
193 ORDER 194 65 62 2 22 2
194 CANCEL 142
194 ORDER 195 47 84 2 75 0
194 BLOCK 42 50
195 ORDER 196 16 72 3 57 2
195 BLOCK 20 3
196 ORDER 197 92 83 116 88 0
197 UNBLOCK 39 12
197 ORDER 198 89 9 9 88 1
197 BLOCK 51 77
198 ORDER 199 81 39 1 7 0
199 UNBLOCK 78 2
199 ORDER 200 57 57 1 68 1
200 UNBLOCK 31 5
200 ORDER 201 70 11 52 87 3
200 BLOCK 86 75
201 ORDER 202 85 45 2 85 1
201 BLOCK 23 27
202 UNBLOCK 43 38
202 UNBLOCK 22 45
202 UNBLOCK 42 50
202 ORDER 203 94 60 2 21 2
203 UNBLOCK 40 62
203 ORDER 204 111 36 45 87 0
204 ORDER 205 89 27 3 87 0
205 UNBLOCK 50 33
205 ORDER 206 103 86 70 88 0
206 ORDER 207 28 21 42 87 3
206 BLOCK 50 53
207 UNBLOCK 42 39
207 ORDER 208 90 53 3 13 0
208 UNBLOCK 49 9
208 ORDER 209 81 24 70 88 0
209 UNBLOCK 72 21
209 ORDER 210 104 6 2 63 1
210 ORDER 211 12 15 79 88 2
211 ORDER 212 7 8 95 88 0
212 UNBLOCK 34 23
212 ORDER 213 28 48 59 87 0
212 BLOCK 75 71
213 UNBLOCK 44 24
213 UNBLOCK 50 53
213 ORDER 214 75 78 32 88 0
213 BLOCK 62 77
214 ORDER 215 75 8 1 2 1
215 UNBLOCK 51 77
215 ORDER 216 89 6 97 88 0
215 BLOCK 16 23
216 UNBLOCK 63 68
216 CANCEL 216
216 ORDER 217 69 32 1 77 2
217 UNBLOCK 73 36
217 ORDER 218 49 57 98 88 0
217 BLOCK 90 83
218 UNBLOCK 99 86
218 ORDER 219 30 12 2 8 0
218 BLOCK 66 80
219 ORDER 220 101 11 15 88 0
219 BLOCK 85 80
220 UNBLOCK 50 63
220 ORDER 221 48 66 1 73 0
220 BLOCK 63 26
221 ORDER 222 88 9 3 21 1
221 BLOCK 102 67
222 ORDER 223 30 27 1 47 1
222 BLOCK 17 66
223 ORDER 224 13 42 3 43 2
223 BLOCK 29 74
224 ORDER 225 64 5 2 18 0
224 BLOCK 8 54
225 ORDER 226 61 63 2 6 1
226 ORDER 227 100 54 2 22 1
226 BLOCK 90 84
227 ORDER 228 98 50 2 5 0
228 ORDER 229 106 68 2 18 2
229 ORDER 230 31 39 1 9 1
230 ORDER 231 64 27 49 87 0
231 CANCEL 181
231 ORDER 232 81 83 1 49 3
232 ORDER 233 21 39 71 88 1
232 BLOCK 114 54
233 ORDER 234 56 17 62 88 2
234 ORDER 235 92 35 3 69 0
234 BLOCK 107 43
235 ORDER 236 103 62 75 87 2
235 BLOCK 13 66
236 CANCEL 124
236 ORDER 237 115 50 38 88 0
237 UNBLOCK 23 27
237 ORDER 238 68 17 49 87 3
238 UNBLOCK 20 3
238 UNBLOCK 62 77
238 UNBLOCK 66 80
238 UNBLOCK 85 80
238 UNBLOCK 17 66
238 ORDER 239 38 32 3 55 1
238 BLOCK 84 53
239 UNBLOCK 77 30
239 ORDER 240 27 81 9 88 0
240 UNBLOCK 29 74
240 ORDER 241 72 78 2 61 0
240 BLOCK 42 42
241 ORDER 242 95 57 33 88 1
242 ORDER 243 15 75 3 14 1
242 BLOCK 38 2
243 ORDER 244 112 23 3 55 1
243 BLOCK 98 17
244 ORDER 245 41 18 2 81 1
245 UNBLOCK 108 54
245 ORDER 246 75 23 3 7 0
246 CANCEL 122
246 ORDER 247 87 42 3 43 2
247 UNBLOCK 86 75
247 ORDER 248 110 33 3 56 0
247 BLOCK 60 35
248 ORDER 249 34 41 78 88 1
248 BLOCK 68 39
249 ORDER 250 39 80 1 57 1
250 ORDER 251 7 8 3 65 3
251 ORDER 252 110 78 3 56 0
252 ORDER 253 55 32 1 2 0
252 BLOCK 32 44
253 ORDER 254 39 20 97 88 0
254 UNBLOCK 42 42
254 ORDER 255 68 69 2 10 0
254 BLOCK 36 32
255 ORDER 256 8 20 34 87 0
255 BLOCK 16 27
256 ORDER 257 29 11 3 87 0
256 BLOCK 38 71
257 UNBLOCK 75 71
257 ORDER 258 86 27 3 52 0
257 BLOCK 7 53
258 UNBLOCK 32 44
258 ORDER 259 81 78 114 88 0
258 BLOCK 49 68
259 UNBLOCK 102 67
259 ORDER 260 95 26 3 70 0
259 BLOCK 32 54
260 ORDER 261 63 59 80 88 0
261 UNBLOCK 63 26
261 CANCEL 246
261 ORDER 262 104 17 42 88 2
262 UNBLOCK 90 84
262 ORDER 263 80 3 103 87 0
263 UNBLOCK 16 23
263 ORDER 264 112 45 31 88 2
264 ORDER 265 44 56 112 88 1
265 ORDER 266 16 15 81 87 0
266 ORDER 267 94 32 3 64 1
267 ORDER 268 36 72 5 87 0
267 BLOCK 9 14
268 UNBLOCK 84 53
268 UNBLOCK 98 17
268 UNBLOCK 7 53
268 ORDER 269 67 36 3 74 0
269 UNBLOCK 8 54
269 ORDER 270 62 84 2 38 0
269 BLOCK 21 38
270 CANCEL 175
270 ORDER 271 24 29 1 67 0
270 CANCEL 100271
270 BLOCK 100 21
271 ORDER 272 18 42 58 87 1
272 UNBLOCK 16 27
272 ORDER 273 55 39 76 88 1
273 UNBLOCK 107 43
273 ORDER 274 98 15 3 8 1
274 UNBLOCK 114 54
274 ORDER 275 56 74 101 87 0
275 UNBLOCK 36 32
275 ORDER 276 77 29 22 87 1
275 BLOCK 107 71
276 ORDER 277 103 60 2 15 0
276 BLOCK 36 12
277 UNBLOCK 90 83
277 ORDER 278 91 44 34 87 1
278 UNBLOCK 9 14
278 ORDER 279 9 77 30 87 0
279 UNBLOCK 32 54
279 ORDER 280 66 81 3 72 2
279 BLOCK 61 65
280 ORDER 281 25 72 1 53 0
280 BLOCK 38 20
281 ORDER 282 103 47 91 88 1
282 ORDER 283 32 11 36 88 0
283 ORDER 284 83 26 2 11 3
283 BLOCK 100 1
284 ORDER 285 39 20 75 87 1
285 UNBLOCK 100 21
285 ORDER 286 34 54 44 87 3
285 BLOCK 23 9
286 ORDER 287 46 8 2 27 0
286 BLOCK 5 32
287 ORDER 288 78 21 3 15 0
287 BLOCK 61 33
288 ORDER 289 71 5 40 88 0
288 BLOCK 61 2
289 UNBLOCK 107 71
289 ORDER 290 7 27 81 88 1
290 ORDER 291 110 65 7 87 0
290 BLOCK 96 65
291 UNBLOCK 13 66
291 ORDER 292 53 3 4 87 1
292 UNBLOCK 38 2
292 ORDER 293 13 83 2 11 1
293 ORDER 294 8 12 1 67 2
293 BLOCK 19 33
294 UNBLOCK 61 65
294 UNBLOCK 38 20
294 ORDER 295 82 36 107 88 0
295 ORDER 296 49 21 3 4 0
295 BLOCK 84 5
296 UNBLOCK 60 35
296 ORDER 297 48 86 50 87 0
296 BLOCK 13 44
297 UNBLOCK 100 1
297 ORDER 298 56 6 2 87 0
297 BLOCK 107 41
298 ORDER 299 99 84 3 19 0
299 ORDER 300 40 42 1 2 2
299 BLOCK 102 17
300 UNBLOCK 61 2
300 ORDER 301 85 86 37 87 1
301 ORDER 302 87 26 95 88 3
302 ORDER 303 63 33 2 72 0
303 UNBLOCK 23 9
303 ORDER 304 10 21 40 87 0
304 CANCEL 198
304 UNBLOCK 38 71
304 ORDER 305 54 8 98 88 0
304 BLOCK 82 17
305 UNBLOCK 49 68
305 ORDER 306 48 5 26 88 0
305 BLOCK 97 60
306 UNBLOCK 68 39
306 ORDER 307 19 47 1 36 0
307 ORDER 308 91 48 3 14 0
308 UNBLOCK 102 17
308 ORDER 309 109 62 104 87 0
309 ORDER 310 28 53 28 87 0
309 BLOCK 49 6
310 ORDER 311 107 27 2 77 0
310 BLOCK 60 44
311 ORDER 312 100 48 2 66 2
311 BLOCK 62 30
312 UNBLOCK 36 12
312 ORDER 313 95 39 3 21 0
313 ORDER 314 41 53 3 6 1
313 BLOCK 6 81
314 ORDER 315 9 72 3 60 0
315 UNBLOCK 19 33
315 ORDER 316 98 8 93 88 1
316 UNBLOCK 84 5
316 UNBLOCK 13 44
316 UNBLOCK 60 44
316 ORDER 317 94 86 3 41 0
316 BLOCK 11 18
317 CANCEL 128
317 UNBLOCK 82 17
317 ORDER 318 13 27 3 86 0
318 ORDER 319 35 86 2 57 1
318 BLOCK 40 88
319 ORDER 320 80 6 3 46 1
319 BLOCK 112 80
320 ORDER 321 61 47 3 49 1
321 ORDER 322 7 45 3 71 0
321 BLOCK 99 1
322 UNBLOCK 21 38
322 ORDER 323 53 84 37 87 0
323 ORDER 324 30 67 2 9 0
323 BLOCK 14 21
324 ORDER 325 27 12 1 22 1
324 BLOCK 114 60
325 UNBLOCK 61 33
325 ORDER 326 27 29 14 88 1
326 ORDER 327 51 68 68 88 2
326 BLOCK 60 7
327 UNBLOCK 96 65
327 ORDER 328 22 83 1 86 0
328 ORDER 329 71 60 2 22 0
328 BLOCK 90 26
329 UNBLOCK 97 60
329 ORDER 330 17 30 2 85 1
330 UNBLOCK 6 81
330 ORDER 331 45 71 3 25 0
331 ORDER 332 41 68 1 65 0
331 BLOCK 30 83
332 ORDER 333 45 81 3 71 0
333 ORDER 334 7 14 1 86 0
334 ORDER 335 19 84 3 51 2
335 ORDER 336 88 11 17 87 0
335 BLOCK 38 1
336 UNBLOCK 40 88
336 ORDER 337 67 24 1 37 0
337 ORDER 338 86 18 3 74 1
337 BLOCK 65 84
338 ORDER 339 39 48 2 57 0
338 BLOCK 34 72
339 ORDER 340 58 59 3 20 0
340 ORDER 341 53 66 38 87 0
340 BLOCK 59 51
341 UNBLOCK 5 32
341 ORDER 342 97 15 31 87 1
342 ORDER 343 50 53 112 87 0
343 UNBLOCK 114 60
343 UNBLOCK 34 72
343 ORDER 344 62 59 2 41 1
343 BLOCK 84 75
344 UNBLOCK 60 7
344 ORDER 345 68 14 2 49 0
345 UNBLOCK 107 41
345 ORDER 346 27 60 22 88 0
345 BLOCK 31 86
346 ORDER 347 31 80 2 44 0
347 UNBLOCK 49 6
347 ORDER 348 23 45 105 88 0
347 BLOCK 56 88
348 UNBLOCK 62 30
348 ORDER 349 56 36 74 88 0
349 ORDER 350 37 78 1 49 0
350 ORDER 351 75 42 1 61 1
351 ORDER 352 30 80 1 28 0
351 BLOCK 64 75
352 ORDER 353 55 3 2 75 0
352 BLOCK 79 71
353 ORDER 354 24 45 3 20 1
353 BLOCK 95 26
354 ORDER 355 34 50 3 24 0
354 BLOCK 91 48
355 ORDER 356 103 56 114 87 0
355 BLOCK 98 87
356 CANCEL 190
356 ORDER 357 34 32 30 87 2
356 BLOCK 104 59
357 UNBLOCK 99 1
357 UNBLOCK 38 1
357 ORDER 358 65 38 76 88 0
357 BLOCK 105 81
358 ORDER 359 93 71 2 66 0
358 BLOCK 20 8
359 UNBLOCK 14 21
359 ORDER 360 10 50 33 88 1
360 UNBLOCK 65 84
360 ORDER 361 75 47 110 87 0
360 BLOCK 97 1
361 CANCEL 298
361 UNBLOCK 11 18
361 ORDER 362 29 30 1 19 0
362 UNBLOCK 112 80
362 UNBLOCK 90 26
362 UNBLOCK 105 81
362 ORDER 363 46 39 1 57 1
362 BLOCK 114 39
363 ORDER 364 67 83 27 87 1
364 ORDER 365 54 54 63 88 2
365 ORDER 366 111 62 3 15 1
366 ORDER 367 101 53 3 38 0
367 ORDER 368 106 24 2 34 0
368 ORDER 369 38 84 3 39 0
368 BLOCK 28 17
369 UNBLOCK 59 51
369 ORDER 370 76 72 2 18 1
370 ORDER 371 94 18 3 31 0
371 ORDER 372 25 36 3 29 0
371 BLOCK 91 44
372 ORDER 373 6 75 56 88 1
372 BLOCK 63 41
373 ORDER 374 8 12 39 87 2
373 BLOCK 105 42
374 UNBLOCK 30 83
374 ORDER 375 115 72 6 88 0
375 ORDER 376 84 81 104 88 0
375 BLOCK 69 69
376 ORDER 377 31 15 2 11 1
376 BLOCK 109 15
377 UNBLOCK 104 59
377 UNBLOCK 97 1
377 ORDER 378 11 53 2 10 2
377 BLOCK 37 69
378 ORDER 379 64 36 60 88 1
379 ORDER 380 14 47 2 7 0
380 ORDER 381 65 51 1 30 0
380 BLOCK 13 63
381 UNBLOCK 79 71
381 ORDER 382 68 3 3 8 1
381 BLOCK 6 71
382 ORDER 383 108 36 3 70 0
382 BLOCK 98 69
383 ORDER 384 26 80 34 87 1
384 ORDER 385 107 27 39 87 0
384 BLOCK 19 69
385 CANCEL 203
385 ORDER 386 101 65 90 88 1
386 ORDER 387 82 33 3 4 1
387 ORDER 388 112 56 3 64 0
388 ORDER 389 111 50 3 42 0
389 ORDER 390 96 18 1 54 0
389 BLOCK 23 76
390 UNBLOCK 84 75
390 ORDER 391 53 8 1 87 0
390 BLOCK 50 6
391 UNBLOCK 114 39
391 ORDER 392 34 18 27 87 0
391 BLOCK 68 77
392 ORDER 393 58 81 28 87 0
393 ORDER 394 73 84 2 78 0
393 BLOCK 112 5
394 UNBLOCK 95 26
394 ORDER 395 71 84 1 56 1
394 BLOCK 42 30
395 ORDER 396 46 84 2 85 0
395 BLOCK 70 26
396 UNBLOCK 98 69
396 ORDER 397 20 26 2 48 3
396 BLOCK 88 48
397 UNBLOCK 19 69
397 ORDER 398 65 42 2 58 0
397 BLOCK 97 34
398 ORDER 399 76 83 2 80 0
399 UNBLOCK 56 88
399 ORDER 400 6 24 2 9 1
399 BLOCK 9 50
400 UNBLOCK 64 75
400 UNBLOCK 91 44
400 ORDER 401 27 3 1 16 0
400 BLOCK 96 35
401 UNBLOCK 31 86
401 UNBLOCK 69 69
401 ORDER 402 27 15 2 60 1
402 UNBLOCK 28 17
402 ORDER 403 51 51 1 83 0
403 ORDER 404 34 65 2 32 0
404 ORDER 405 53 80 1 32 1
405 ORDER 406 85 6 2 63 1
406 UNBLOCK 91 48
406 UNBLOCK 68 77
406 UNBLOCK 42 30
406 ORDER 407 32 5 3 42 3
407 ORDER 408 21 81 2 13 0
407 BLOCK 99 51
408 ORDER 409 36 84 2 47 0
409 UNBLOCK 20 8
409 UNBLOCK 37 69
409 ORDER 410 23 29 1 74 0
409 BLOCK 95 7
410 UNBLOCK 105 42
410 ORDER 411 9 80 3 70 2
411 UNBLOCK 6 71
411 ORDER 412 19 35 13 87 1
412 ORDER 413 40 11 2 24 1
412 BLOCK 20 29
413 ORDER 414 115 69 13 88 0
414 UNBLOCK 98 87
414 ORDER 415 93 9 8 88 0
415 ORDER 416 84 86 1 82 3
416 UNBLOCK 70 26
416 ORDER 417 83 6 4 88 0
417 UNBLOCK 9 50
417 ORDER 418 81 84 2 24 2
418 ORDER 419 36 6 2 66 0
419 ORDER 420 33 50 2 20 0
419 BLOCK 26 20
420 ORDER 421 109 8 106 88 1
420 BLOCK 16 75
421 ORDER 422 60 36 3 86 0
421 BLOCK 34 79
422 ORDER 423 48 11 3 38 0
423 UNBLOCK 63 41
423 UNBLOCK 96 35
423 ORDER 424 64 27 12 88 0
423 BLOCK 11 42
424 ORDER 425 57 35 1 51 0
424 BLOCK 72 78
425 UNBLOCK 99 51
425 UNBLOCK 20 29
425 ORDER 426 66 63 2 15 2
426 ORDER 427 86 59 1 40 0
426 BLOCK 52 41
427 ORDER 428 46 42 53 87 3
427 BLOCK 33 2
428 ORDER 429 58 59 2 10 1
428 BLOCK 60 50
429 UNBLOCK 109 15
429 ORDER 430 107 75 2 36 1
429 BLOCK 13 24
430 UNBLOCK 34 79
430 ORDER 431 100 5 3 1 0
431 UNBLOCK 16 75
431 ORDER 432 92 77 14 88 0
431 BLOCK 54 13
432 ORDER 433 93 78 2 48 0
433 ORDER 434 84 86 74 88 0
433 BLOCK 99 63
434 UNBLOCK 23 76
434 ORDER 435 22 6 2 78 0
435 ORDER 436 27 12 57 88 0
436 ORDER 437 46 71 36 88 0
437 CANCEL 349
437 UNBLOCK 13 63
437 ORDER 438 35 21 44 88 0
438 ORDER 439 66 80 1 37 0
438 BLOCK 103 11
439 ORDER 440 31 21 62 88 0
439 BLOCK 41 17
440 ORDER 441 112 41 3 32 0
440 BLOCK 102 37
441 ORDER 442 17 20 42 88 0
441 BLOCK 102 19
442 ORDER 443 49 75 59 87 0
442 BLOCK 73 24
443 UNBLOCK 112 5
443 ORDER 444 33 83 2 86 0
443 BLOCK 60 76
444 UNBLOCK 88 48
444 UNBLOCK 13 24
444 ORDER 445 69 29 3 57 0
444 BLOCK 59 66
445 CANCEL 325
445 ORDER 446 23 30 57 88 0
445 BLOCK 65 84
446 UNBLOCK 50 6
446 ORDER 447 86 66 3 42 0
447 ORDER 448 46 74 3 13 0
447 BLOCK 15 26
448 ORDER 449 110 62 81 87 1
448 BLOCK 5 41
449 UNBLOCK 102 19
449 ORDER 450 102 62 1 63 0
449 BLOCK 79 72
450 ORDER 451 108 14 2 77 1
450 BLOCK 70 41
451 UNBLOCK 95 7
451 ORDER 452 18 17 1 42 0
452 UNBLOCK 97 34
452 ORDER 453 11 69 2 52 0
453 UNBLOCK 26 20
453 ORDER 454 70 57 2 9 0
454 UNBLOCK 15 26
454 ORDER 455 43 27 35 88 0
455 UNBLOCK 59 66
455 ORDER 456 86 45 73 88 0
455 BLOCK 51 65
456 ORDER 457 99 12 3 41 0
456 BLOCK 93 74
457 ORDER 458 92 81 1 20 0
457 BLOCK 90 75
458 ORDER 459 83 3 7 87 1
459 ORDER 460 30 8 3 68 0
460 ORDER 461 40 24 77 88 2
461 CANCEL 388
461 UNBLOCK 41 17
461 UNBLOCK 70 41
461 ORDER 462 46 15 3 61 3
461 BLOCK 45 69
462 CANCEL 453
462 ORDER 463 88 59 3 14 0
462 BLOCK 88 23
463 ORDER 464 67 61 2 19 0
464 UNBLOCK 11 42
464 ORDER 465 85 53 103 88 1
465 ORDER 466 29 54 105 88 1
465 BLOCK 9 17
466 ORDER 467 92 60 61 88 1
467 UNBLOCK 102 37
467 ORDER 468 61 48 53 87 0
467 BLOCK 69 20
468 UNBLOCK 72 78
468 UNBLOCK 60 50
468 ORDER 469 110 41 42 88 0
469 UNBLOCK 79 72
469 ORDER 470 29 71 1 72 1
470 UNBLOCK 99 63
470 ORDER 471 100 3 2 49 2
471 ORDER 472 58 78 58 87 3
471 BLOCK 80 6
472 ORDER 473 43 29 2 54 2
473 ORDER 474 40 71 51 88 0
474 UNBLOCK 54 13
474 ORDER 475 6 51 12 87 0
475 UNBLOCK 60 76
475 ORDER 476 52 33 1 71 0
476 ORDER 477 32 18 2 85 0
476 BLOCK 78 86
477 UNBLOCK 52 41
477 ORDER 478 35 60 53 87 0
477 BLOCK 5 57
478 ORDER 479 96 12 1 82 0
479 ORDER 480 43 9 1 3 0
479 BLOCK 101 73
480 UNBLOCK 9 17
480 ORDER 481 98 23 3 43 1
480 BLOCK 62 60
481 ORDER 482 6 8 64 88 1
481 BLOCK 39 41
482 ORDER 483 11 20 33 87 2
483 ORDER 484 107 78 2 50 0
484 CANCEL 433
484 ORDER 485 64 3 8 88 0
485 ORDER 486 19 30 93 87 1
486 UNBLOCK 103 11
486 ORDER 487 62 26 97 87 3
486 BLOCK 50 15
487 UNBLOCK 33 2
487 UNBLOCK 51 65
487 ORDER 488 25 48 106 88 0
488 UNBLOCK 73 24
488 ORDER 489 11 71 5 88 0
489 UNBLOCK 69 20
489 ORDER 490 69 24 112 88 1
490 ORDER 491 93 69 37 88 0
490 BLOCK 57 30
491 UNBLOCK 65 84
491 UNBLOCK 5 41
491 UNBLOCK 93 74
491 ORDER 492 80 66 3 31 0
492 ORDER 493 92 30 79 87 0
493 ORDER 494 63 66 74 88 3
493 BLOCK 44 41
494 ORDER 495 41 36 25 88 0
495 ORDER 496 98 83 57 88 0
495 BLOCK 54 81
496 UNBLOCK 90 75
496 ORDER 497 57 11 1 63 1
497 UNBLOCK 50 15
497 ORDER 498 16 68 99 87 2
498 ORDER 499 46 84 58 88 2
499 UNBLOCK 39 41
499 ORDER 500 101 24 3 45 0
500 UNBLOCK 78 86
500 UNBLOCK 44 41
500 ORDER 501 11 8 1 51 1
501 ORDER 502 73 29 3 28 2
501 BLOCK 37 66
502 ORDER 503 43 11 59 88 0
503 ORDER 504 19 20 1 52 2
503 BLOCK 40 50
504 ORDER 505 97 68 3 85 0
505 ORDER 506 94 54 21 87 1
506 UNBLOCK 88 23
506 ORDER 507 57 78 56 87 0
507 ORDER 508 101 60 1 87 0
508 ORDER 509 33 8 1 54 0
508 BLOCK 6 88
509 ORDER 510 106 39 2 53 0
510 ORDER 511 74 12 63 88 0
510 BLOCK 93 30
511 ORDER 512 81 65 4 88 0
512 CANCEL 488
512 UNBLOCK 54 81
512 ORDER 513 17 62 50 88 2
513 UNBLOCK 5 57
513 ORDER 514 114 21 102 88 0
514 ORDER 515 38 5 77 88 0
515 ORDER 516 63 65 54 88 2
515 BLOCK 31 41
516 ORDER 517 20 41 110 88 0
517 ORDER 518 75 51 20 88 0
517 BLOCK 83 32
518 ORDER 519 33 56 1 75 0
519 ORDER 520 100 35 2 58 0
519 BLOCK 43 15
520 UNBLOCK 45 69
520 ORDER 521 34 65 1 11 0
521 ORDER 522 63 32 104 87 0
521 BLOCK 46 45
522 ORDER 523 108 77 66 88 3
522 BLOCK 110 51
523 ORDER 524 62 83 105 87 0
523 BLOCK 47 60
524 UNBLOCK 101 73
524 ORDER 525 110 41 116 87 1
525 UNBLOCK 80 6
525 ORDER 526 49 12 16 87 0
526 UNBLOCK 62 60
526 ORDER 527 31 57 51 88 0
527 ORDER 528 21 65 2 40 3
527 BLOCK 16 50
528 ORDER 529 19 32 68 87 0
529 ORDER 530 108 45 2 66 0
530 CANCEL 361
530 ORDER 531 56 53 1 69 0
530 BLOCK 88 30
531 ORDER 532 74 65 3 33 2
532 ORDER 533 12 36 49 87 0
533 ORDER 534 82 11 46 88 0
533 BLOCK 18 74
534 ORDER 535 70 18 2 84 0
535 ORDER 536 94 77 1 11 0
535 BLOCK 15 39
536 UNBLOCK 47 60
536 ORDER 537 87 77 103 88 0
536 BLOCK 89 76
537 UNBLOCK 6 88
537 ORDER 538 44 66 2 10 0
538 ORDER 539 66 59 3 85 1
539 ORDER 540 58 65 1 57 0
539 BLOCK 51 41
540 ORDER 541 56 75 3 79 0
540 BLOCK 9 41
541 CANCEL 486
541 UNBLOCK 57 30
541 ORDER 542 96 66 3 39 3
542 ORDER 543 48 51 2 55 2
543 ORDER 544 39 48 116 87 0
543 BLOCK 112 81
544 ORDER 545 42 20 1 30 0
545 UNBLOCK 93 30
545 UNBLOCK 9 41
545 ORDER 546 71 5 61 88 2
545 BLOCK 96 80
546 ORDER 547 17 38 51 87 0
546 BLOCK 63 18
547 ORDER 548 114 15 1 43 0
547 BLOCK 51 26
548 ORDER 549 60 36 82 88 0
548 BLOCK 13 47
549 UNBLOCK 40 50
549 ORDER 550 35 60 2 85 1
550 ORDER 551 114 39 2 24 0
550 BLOCK 99 48
551 ORDER 552 61 65 64 87 0
552 UNBLOCK 37 66
552 ORDER 553 67 36 19 88 0
553 ORDER 554 111 30 24 88 0
554 ORDER 555 90 68 2 33 2
555 UNBLOCK 99 48
555 ORDER 556 66 50 26 87 1
556 ORDER 557 6 80 2 63 1
557 UNBLOCK 110 51
557 ORDER 558 38 54 12 87 0
558 ORDER 559 107 14 47 88 0
558 BLOCK 70 44
559 ORDER 560 95 23 3 59 0
560 UNBLOCK 51 41
560 ORDER 561 35 12 2 20 0
560 BLOCK 70 44
561 ORDER 562 31 20 12 88 2
561 BLOCK 8 20
562 UNBLOCK 16 50
562 ORDER 563 106 39 3 7 0
562 BLOCK 93 47
563 ORDER 564 87 14 81 87 0
564 UNBLOCK 46 45
564 ORDER 565 43 11 112 88 0
565 UNBLOCK 15 39
565 ORDER 566 28 20 14 88 0
566 UNBLOCK 18 74
566 UNBLOCK 89 76
566 ORDER 567 29 9 3 47 0
567 ORDER 568 51 20 65 88 0
568 ORDER 569 94 5 28 88 0
568 BLOCK 29 59
569 UNBLOCK 63 18
569 ORDER 570 36 30 3 49 0
570 ORDER 571 34 32 73 88 0
570 BLOCK 7 81
571 ORDER 572 105 41 74 87 0
572 CANCEL 465
572 ORDER 573 10 59 2 66 0
573 UNBLOCK 83 32
573 ORDER 574 15 63 1 21 0
574 UNBLOCK 31 41
574 ORDER 575 16 32 65 88 3
574 BLOCK 87 2
575 ORDER 576 26 45 3 73 3
575 BLOCK 92 22
576 UNBLOCK 43 15
576 ORDER 577 52 21 50 88 0
576 BLOCK 18 45
577 ORDER 578 25 14 2 68 0
578 UNBLOCK 29 59
578 ORDER 579 34 32 116 87 0
578 BLOCK 67 33
579 UNBLOCK 7 81
579 ORDER 580 109 5 3 40 1
579 BLOCK 23 11
580 UNBLOCK 93 47
580 ORDER 581 21 81 3 65 3
581 ORDER 582 38 78 30 88 0
581 BLOCK 51 49
582 UNBLOCK 112 81
582 ORDER 583 9 30 2 60 2
582 BLOCK 57 59
583 ORDER 584 82 68 2 32 1
584 ORDER 585 107 33 117 87 1
585 ORDER 586 26 12 1 31 0
585 BLOCK 59 2
586 ORDER 587 94 50 2 18 0
586 BLOCK 38 29
587 UNBLOCK 96 80
587 UNBLOCK 70 44
587 UNBLOCK 18 45
587 ORDER 588 88 71 69 87 0
587 BLOCK 7 69
588 UNBLOCK 87 2
588 ORDER 589 108 48 44 88 0
588 BLOCK 14 74
589 UNBLOCK 88 30
589 UNBLOCK 67 33
589 ORDER 590 7 77 3 6 0
589 BLOCK 114 57
590 UNBLOCK 57 59
590 ORDER 591 109 12 2 67 1
590 BLOCK 12 60
591 ORDER 592 19 32 1 14 2
591 BLOCK 81 26
592 UNBLOCK 7 69
592 ORDER 593 79 84 4 87 1
593 ORDER 594 58 6 97 88 0
593 BLOCK 38 11
594 ORDER 595 41 53 105 88 1
595 ORDER 596 13 34 2 70 0
595 BLOCK 98 48
596 ORDER 597 11 50 3 84 0
596 BLOCK 87 48
597 ORDER 598 81 59 3 9 1
598 ORDER 599 13 50 89 88 0
598 BLOCK 7 14
599 ORDER 600 12 83 3 87 1
600 UNBLOCK 13 47
600 ORDER 601 114 54 82 88 3
601 ORDER 602 82 28 3 43 1
601 BLOCK 51 86
602 UNBLOCK 70 44
602 ORDER 603 91 80 3 60 0
603 ORDER 604 37 6 84 88 1
603 BLOCK 93 30
604 UNBLOCK 8 20
604 ORDER 605 38 41 72 88 0
604 BLOCK 81 39
605 ORDER 606 19 62 2 44 0
605 BLOCK 89 42
606 ORDER 607 79 36 3 62 1
607 UNBLOCK 51 26
607 ORDER 608 92 75 1 14 1
607 BLOCK 105 41
608 ORDER 609 114 75 13 87 0
609 ORDER 610 33 11 109 87 2
610 ORDER 611 81 24 74 87 0
611 UNBLOCK 81 26
611 ORDER 612 60 47 3 74 2
611 BLOCK 72 76
612 ORDER 613 50 42 82 88 1
612 BLOCK 102 17
613 UNBLOCK 92 22
613 ORDER 614 91 30 111 88 0
614 ORDER 615 8 63 1 6 2
615 ORDER 616 8 35 1 56 1
615 BLOCK 54 50
616 ORDER 617 23 30 3 42 1
616 BLOCK 65 71
617 ORDER 618 11 26 78 87 1
618 UNBLOCK 89 42
618 UNBLOCK 72 76
618 ORDER 619 64 42 2 27 1
619 UNBLOCK 14 74
619 UNBLOCK 81 39
619 ORDER 620 7 66 1 17 1
620 UNBLOCK 98 48
620 ORDER 621 103 39 2 29 1
621 ORDER 622 109 20 1 85 0
621 BLOCK 55 47
622 UNBLOCK 59 2
622 ORDER 623 61 66 15 87 0
622 BLOCK 44 86
623 ORDER 624 89 3 82 88 3
624 UNBLOCK 38 29
624 ORDER 625 37 42 45 87 0
624 BLOCK 78 50
625 UNBLOCK 65 71
625 ORDER 626 19 69 22 88 2
626 ORDER 627 15 63 2 36 0
627 ORDER 628 58 23 102 87 2
628 ORDER 629 11 35 2 70 2
629 UNBLOCK 93 30
629 ORDER 630 91 36 1 51 1
630 UNBLOCK 51 49
630 ORDER 631 49 29 82 88 2
631 UNBLOCK 23 11
631 ORDER 632 45 74 87 88 0
631 BLOCK 76 85
632 ORDER 633 40 42 4 88 0
633 ORDER 634 95 81 62 87 0
634 UNBLOCK 44 86
634 ORDER 635 48 59 2 42 0
635 ORDER 636 71 81 2 31 0
635 BLOCK 47 74
636 ORDER 637 110 65 1 28 1
636 BLOCK 88 64
637 ORDER 638 91 68 1 79 1
638 UNBLOCK 102 17
638 ORDER 639 84 77 95 87 0
639 ORDER 640 84 86 73 87 0
639 BLOCK 9 66
640 ORDER 641 70 39 3 76 2
640 BLOCK 56 62
641 ORDER 642 90 11 33 88 1
642 ORDER 643 59 69 77 88 1
643 ORDER 644 57 44 1 51 1
643 BLOCK 47 88
644 ORDER 645 53 66 3 62 0
644 BLOCK 50 54
645 UNBLOCK 12 60
645 UNBLOCK 38 11
645 ORDER 646 52 14 1 15 0
645 BLOCK 85 80
646 UNBLOCK 114 57
646 ORDER 647 29 39 2 74 0
647 UNBLOCK 78 50
647 ORDER 648 12 57 2 56 0
647 BLOCK 71 59
648 UNBLOCK 88 64
648 ORDER 649 88 23 71 87 0
648 BLOCK 97 34
649 UNBLOCK 7 14
649 ORDER 650 30 51 1 61 0
649 BLOCK 51 48
650 UNBLOCK 51 86
650 ORDER 651 58 44 81 87 0
650 BLOCK 78 44
651 ORDER 652 20 18 29 87 0
651 BLOCK 5 8
652 ORDER 653 55 17 114 88 0
652 BLOCK 42 4
653 ORDER 654 63 51 70 87 1
654 UNBLOCK 54 50
654 ORDER 655 45 68 87 88 1
654 BLOCK 63 21
655 ORDER 656 76 56 2 77 0
656 UNBLOCK 87 48
656 ORDER 657 110 57 1 7 1
656 BLOCK 114 84
657 ORDER 658 87 74 2 82 0
658 UNBLOCK 97 34
658 ORDER 659 6 41 1 63 3
658 BLOCK 8 50
659 ORDER 660 6 21 3 49 1
659 BLOCK 29 9
660 CANCEL 478
660 ORDER 661 7 56 3 80 0
660 BLOCK 26 50
661 UNBLOCK 105 41
661 UNBLOCK 55 47
661 ORDER 662 9 50 24 87 1
662 UNBLOCK 51 48
662 ORDER 663 10 82 14 87 2
663 ORDER 664 58 12 38 87 0
663 BLOCK 55 74
664 ORDER 665 96 27 2 60 0
664 BLOCK 57 87
665 UNBLOCK 71 59
665 CANCEL 655
665 UNBLOCK 114 84
665 ORDER 666 111 75 1 16 0
665 BLOCK 95 32
666 ORDER 667 96 39 107 88 1
667 ORDER 668 48 78 2 74 1
668 UNBLOCK 42 4
668 ORDER 669 80 48 43 87 1
668 BLOCK 26 78
669 CANCEL 667
669 ORDER 670 38 39 85 88 1
670 UNBLOCK 76 85
670 UNBLOCK 9 66
670 ORDER 671 108 32 3 53 0
670 BLOCK 75 65
671 CANCEL 513
671 UNBLOCK 50 54
671 ORDER 672 58 80 1 24 0
671 BLOCK 46 75
672 ORDER 673 45 29 1 39 0
673 ORDER 674 19 45 7 88 1
673 BLOCK 78 26
674 UNBLOCK 5 8
674 ORDER 675 81 30 40 87 0
675 ORDER 676 79 3 33 87 0
675 BLOCK 61 15
676 UNBLOCK 85 80
676 ORDER 677 95 14 2 4 2
677 UNBLOCK 47 88
677 ORDER 678 82 57 23 87 0
678 UNBLOCK 47 74
678 UNBLOCK 95 32
678 ORDER 679 72 24 23 88 1
678 BLOCK 100 77
679 ORDER 680 33 59 1 13 0
680 ORDER 681 81 69 1 53 1
680 BLOCK 15 34
681 UNBLOCK 56 62
681 ORDER 682 101 26 1 36 0
682 ORDER 683 88 57 3 51 2
682 BLOCK 105 27
683 ORDER 684 13 12 1 23 1
683 BLOCK 72 76
684 ORDER 685 107 81 100 88 0
684 BLOCK 62 48
685 ORDER 686 48 48 1 55 0
686 UNBLOCK 75 65
686 ORDER 687 88 11 2 72 3
687 UNBLOCK 26 78
687 ORDER 688 68 18 3 84 1
688 ORDER 689 7 60 3 52 3
689 ORDER 690 29 26 81 87 0
689 BLOCK 90 68
690 UNBLOCK 62 48
690 ORDER 691 8 42 1 81 0
690 BLOCK 77 26
691 ORDER 692 38 78 51 88 1
692 ORDER 693 69 11 2 35 0
693 ORDER 694 28 74 37 87 3
693 BLOCK 72 86
694 ORDER 695 65 63 1 84 1
694 BLOCK 57 24
695 ORDER 696 70 23 3 66 1
696 ORDER 697 56 8 99 87 0
697 ORDER 698 13 60 2 14 3
697 BLOCK 44 59
698 ORDER 699 64 50 3 55 2
698 BLOCK 98 59
699 ORDER 700 38 51 1 29 0
699 BLOCK 22 32
700 ORDER 701 70 86 103 87 0
701 ORDER 702 100 57 96 88 2
701 BLOCK 25 75
702 UNBLOCK 72 76
702 ORDER 703 7 56 1 23 0
703 UNBLOCK 78 44
703 ORDER 704 36 74 2 31 1
704 UNBLOCK 61 15
704 ORDER 705 114 42 5 88 3
704 BLOCK 92 41
705 UNBLOCK 8 50
705 ORDER 706 70 57 1 20 2
705 BLOCK 105 15
706 UNBLOCK 63 21
706 UNBLOCK 26 50
706 UNBLOCK 105 27
706 ORDER 707 30 63 13 87 0
707 ORDER 708 87 71 26 87 0
707 BLOCK 26 57
708 ORDER 709 7 33 89 87 1
708 BLOCK 38 56
709 ORDER 710 13 36 3 22 1
709 BLOCK 47 6
710 UNBLOCK 15 34
710 ORDER 711 28 60 44 87 0
711 ORDER 712 66 86 3 20 1
712 UNBLOCK 57 87
712 ORDER 713 107 29 3 82 1
713 UNBLOCK 55 74
713 ORDER 714 10 15 1 35 0
714 ORDER 715 67 18 2 57 0
715 UNBLOCK 98 59
715 UNBLOCK 22 32
715 ORDER 716 9 71 19 87 3
716 UNBLOCK 44 59
716 ORDER 717 30 74 3 79 0
717 ORDER 718 47 74 54 87 0
718 ORDER 719 105 26 99 87 0
718 BLOCK 110 81
719 UNBLOCK 29 9
719 ORDER 720 114 18 3 21 0
719 BLOCK 33 12
720 ORDER 721 17 51 2 57 0
721 ORDER 722 84 54 3 85 1
721 BLOCK 87 21
722 UNBLOCK 100 77
722 UNBLOCK 57 24
722 ORDER 723 54 26 33 88 0
723 UNBLOCK 92 41
723 ORDER 724 79 6 49 87 3
723 BLOCK 74 69
724 ORDER 725 97 27 2 3 0
724 BLOCK 51 41
725 UNBLOCK 78 26
725 UNBLOCK 25 75
725 CANCEL 718
725 ORDER 726 111 6 76 87 0
726 UNBLOCK 46 75
726 ORDER 727 60 12 57 87 1
726 BLOCK 60 60
727 ORDER 728 36 56 110 88 0
727 BLOCK 76 50
728 UNBLOCK 110 81
728 ORDER 729 49 38 21 87 0
728 BLOCK 28 8
729 ORDER 730 111 49 2 18 0
729 BLOCK 10 30
730 ORDER 731 29 30 2 70 3
730 BLOCK 54 75
731 ORDER 732 82 9 2 45 0
731 BLOCK 61 18
732 ORDER 733 72 69 114 88 0
732 BLOCK 55 14
733 ORDER 734 106 38 1 20 1
733 BLOCK 33 22
734 ORDER 735 103 27 53 88 1
734 BLOCK 98 87
735 ORDER 736 44 54 27 88 0
736 UNBLOCK 76 50
736 ORDER 737 17 42 2 24 1
737 UNBLOCK 87 21
737 ORDER 738 42 44 1 4 0
738 ORDER 739 38 12 99 88 0
738 BLOCK 60 28
739 UNBLOCK 72 86
739 ORDER 740 24 81 107 87 1
739 BLOCK 111 50
740 UNBLOCK 54 75
740 ORDER 741 64 65 2 83 1
741 UNBLOCK 105 15
741 UNBLOCK 26 57
741 ORDER 742 54 86 3 48 1
741 BLOCK 50 36
742 UNBLOCK 90 68
742 UNBLOCK 33 12
742 ORDER 743 93 56 3 10 2
743 ORDER 744 83 32 61 87 1
744 ORDER 745 77 27 24 87 0
744 BLOCK 5 17
745 ORDER 746 46 79 2 43 1
745 BLOCK 20 8
746 ORDER 747 69 5 3 75 0
746 BLOCK 16 21
747 ORDER 748 45 56 1 20 0
747 BLOCK 59 75
748 ORDER 749 47 23 2 49 0
749 UNBLOCK 77 26
749 ORDER 750 76 36 58 88 1
750 ORDER 751 83 72 1 76 2
751 ORDER 752 66 17 3 64 0
751 BLOCK 19 24
752 ORDER 753 36 47 1 74 0
752 BLOCK 58 84
753 UNBLOCK 20 8
753 ORDER 754 91 75 1 41 0
753 BLOCK 10 54
754 UNBLOCK 10 30
754 ORDER 755 82 15 1 17 0
754 BLOCK 114 88
755 ORDER 756 28 74 73 87 0
756 UNBLOCK 74 69
756 ORDER 757 72 50 38 88 0
756 BLOCK 97 81
757 ORDER 758 90 36 39 87 0
758 ORDER 759 19 86 3 60 1
758 BLOCK 58 51
759 UNBLOCK 28 8
759 ORDER 760 30 23 3 57 0
759 BLOCK 8 68
760 UNBLOCK 50 36
760 ORDER 761 76 57 2 46 0
760 BLOCK 19 69
761 ORDER 762 94 71 1 9 0
762 UNBLOCK 33 22
762 UNBLOCK 19 24
762 ORDER 763 87 36 1 29 0
762 BLOCK 44 3
763 UNBLOCK 97 81
763 ORDER 764 96 12 116 88 0
764 ORDER 765 103 65 2 8 0
765 ORDER 766 68 21 3 62 0
766 UNBLOCK 111 50
766 UNBLOCK 16 21
766 ORDER 767 98 5 2 53 1
767 UNBLOCK 47 6
767 UNBLOCK 51 41
767 UNBLOCK 44 3
767 ORDER 768 38 45 2 31 0
767 BLOCK 18 39
768 UNBLOCK 38 56
768 UNBLOCK 61 18
768 ORDER 769 88 32 1 3 1
769 CANCEL 661
769 ORDER 770 6 21 1 43 0
769 BLOCK 28 78
770 ORDER 771 62 83 1 32 0
771 UNBLOCK 8 68
771 ORDER 772 27 80 2 18 1
772 ORDER 773 9 86 3 62 0
773 ORDER 774 9 72 25 87 0
773 BLOCK 92 21
774 UNBLOCK 60 60
774 UNBLOCK 18 39
774 ORDER 775 8 29 85 87 3
774 BLOCK 28 71
775 ORDER 776 37 60 3 63 0
775 BLOCK 50 69
776 ORDER 777 99 66 79 87 1
777 ORDER 778 14 20 48 87 0
777 BLOCK 70 12
778 UNBLOCK 28 78
778 ORDER 779 64 8 45 88 1
778 BLOCK 67 27
779 CANCEL 649
779 ORDER 780 33 62 2 51 0
780 ORDER 781 28 63 33 87 0
781 ORDER 782 36 74 2 69 2
781 BLOCK 58 57
782 ORDER 783 26 39 1 31 0
782 BLOCK 66 53
783 ORDER 784 39 20 1 66 2
784 ORDER 785 81 12 34 87 0
785 ORDER 786 27 41 1 81 1
786 ORDER 787 20 5 117 88 0
786 BLOCK 19 74
787 UNBLOCK 98 87
787 UNBLOCK 60 28
787 ORDER 788 31 35 3 30 0
787 BLOCK 50 51
788 UNBLOCK 55 14
788 UNBLOCK 28 71
788 ORDER 789 29 74 82 88 1
788 BLOCK 36 45
789 ORDER 790 9 54 1 20 2
790 ORDER 791 53 60 2 86 0
791 UNBLOCK 10 54
791 ORDER 792 16 66 63 88 3
792 ORDER 793 35 66 3 70 1
793 UNBLOCK 114 88
793 UNBLOCK 70 12
793 ORDER 794 98 71 1 24 3
793 BLOCK 70 81
794 ORDER 795 108 60 3 54 1
794 BLOCK 50 50
795 ORDER 796 91 9 110 87 3
796 ORDER 797 75 63 4 87 0
796 BLOCK 97 17
797 ORDER 798 43 9 76 87 0
797 BLOCK 50 11
798 CANCEL 703
798 ORDER 799 80 48 51 88 3
798 CANCEL 100799
798 BLOCK 11 33
799 UNBLOCK 5 17
799 ORDER 800 77 39 84 88 1
799 BLOCK 25 71
800 ORDER 801 70 71 3 65 2
801 UNBLOCK 50 50
801 ORDER 802 51 78 28 87 1
801 BLOCK 12 69
802 ORDER 803 24 12 3 34 3
803 ORDER 804 6 53 12 87 0
803 BLOCK 66 74
804 ORDER 805 82 51 1 30 0
805 UNBLOCK 59 75
805 UNBLOCK 19 69
805 ORDER 806 8 27 102 88 0
805 BLOCK 18 84
806 UNBLOCK 66 53
806 ORDER 807 48 18 2 67 0
806 BLOCK 97 18
807 UNBLOCK 58 84
807 UNBLOCK 36 45
807 ORDER 808 94 83 2 29 0
807 BLOCK 67 15
808 ORDER 809 93 86 83 88 2
808 BLOCK 64 58
809 ORDER 810 103 54 14 88 0
809 BLOCK 28 69
810 ORDER 811 16 63 76 88 2
811 ORDER 812 105 57 73 87 0
812 UNBLOCK 12 69
812 ORDER 813 99 3 3 18 0
813 ORDER 814 60 3 70 88 3
813 BLOCK 87 21
814 ORDER 815 43 75 100 88 0
814 BLOCK 87 32
815 UNBLOCK 58 51
815 UNBLOCK 67 27
815 ORDER 816 44 72 2 29 1
815 BLOCK 77 65
816 UNBLOCK 70 81
816 UNBLOCK 11 33
816 ORDER 817 63 17 2 19 0
817 UNBLOCK 97 18
817 ORDER 818 64 48 2 25 0
818 CANCEL 620
818 UNBLOCK 50 69
818 ORDER 819 67 45 3 28 2
818 BLOCK 107 56
819 ORDER 820 83 39 3 81 0
819 BLOCK 15 15
820 UNBLOCK 58 57
820 ORDER 821 67 14 3 82 0
821 UNBLOCK 87 21
821 ORDER 822 68 77 39 88 0
822 UNBLOCK 64 58
822 ORDER 823 91 50 3 53 2
823 ORDER 824 100 83 91 88 0
824 ORDER 825 73 24 16 87 0
824 BLOCK 43 81
825 ORDER 826 111 44 90 88 0
826 ORDER 827 105 75 65 88 1
826 BLOCK 10 5
827 ORDER 828 46 39 2 84 0
827 BLOCK 6 72
828 UNBLOCK 92 21
828 UNBLOCK 25 71
828 ORDER 829 53 69 3 45 0
829 ORDER 830 112 54 35 88 0
829 BLOCK 91 16
830 CANCEL 695
830 ORDER 831 93 48 1 15 0
831 ORDER 832 83 51 82 87 0
832 ORDER 833 30 80 14 87 3
833 ORDER 834 64 33 1 25 0
834 ORDER 835 6 80 1 59 0
835 ORDER 836 98 81 104 88 0
836 UNBLOCK 50 11
836 UNBLOCK 91 16
836 ORDER 837 36 69 1 33 1
837 UNBLOCK 50 51
837 ORDER 838 27 12 3 75 0
838 ORDER 839 17 48 2 10 0
839 ORDER 840 65 65 3 30 1
840 ORDER 841 49 53 37 88 0
840 BLOCK 42 60
841 UNBLOCK 67 15
841 ORDER 842 112 54 2 34 0
841 BLOCK 110 8
842 UNBLOCK 19 74
842 ORDER 843 25 86 2 53 0
843 UNBLOCK 18 84
843 ORDER 844 84 27 86 87 1
844 ORDER 845 11 50 1 80 0
845 ORDER 846 20 48 87 88 0
845 BLOCK 51 26
846 ORDER 847 109 12 74 87 0
846 BLOCK 32 65
847 UNBLOCK 77 65
847 ORDER 848 89 72 1 17 1
848 CANCEL 656
848 ORDER 849 109 12 85 87 3
848 BLOCK 55 48
849 ORDER 850 30 44 1 44 1
850 UNBLOCK 87 32
850 UNBLOCK 107 56
850 ORDER 851 11 14 3 18 0
851 UNBLOCK 97 17
851 ORDER 852 97 11 102 88 0
851 BLOCK 16 42
852 UNBLOCK 6 72
852 ORDER 853 97 74 1 57 0
853 ORDER 854 62 35 89 88 2
854 ORDER 855 76 59 37 88 0
855 UNBLOCK 43 81
855 ORDER 856 55 6 90 87 0
855 BLOCK 46 9
856 UNBLOCK 66 74
856 ORDER 857 43 54 2 20 0
856 BLOCK 40 81
857 ORDER 858 52 86 1 41 0
857 BLOCK 27 38
858 ORDER 859 79 42 38 87 0
858 BLOCK 20 1
859 UNBLOCK 32 65
859 ORDER 860 9 9 105 88 1
860 UNBLOCK 51 26
860 UNBLOCK 46 9
860 ORDER 861 21 53 115 87 1
861 ORDER 862 111 11 86 87 0
861 BLOCK 95 67
862 ORDER 863 107 83 40 88 0
863 ORDER 864 59 42 63 88 0
864 UNBLOCK 28 69
864 ORDER 865 44 32 3 79 0
864 BLOCK 100 41
865 ORDER 866 8 9 82 88 0
866 ORDER 867 35 20 8 88 1
867 UNBLOCK 110 8
867 ORDER 868 92 24 3 63 0
867 BLOCK 46 21
868 ORDER 869 10 8 1 52 0
868 BLOCK 86 8
869 ORDER 870 48 42 2 55 0
870 ORDER 871 91 62 71 87 1
871 UNBLOCK 15 15
871 UNBLOCK 95 67
871 ORDER 872 71 32 3 74 0
871 BLOCK 42 20
872 ORDER 873 35 26 1 41 0
873 ORDER 874 75 3 3 27 0
874 UNBLOCK 10 5
874 ORDER 875 82 83 69 88 0
874 BLOCK 18 63
875 ORDER 876 39 50 94 88 0
876 ORDER 877 75 83 1 64 2
877 ORDER 878 39 81 106 87 0
878 ORDER 879 9 63 3 44 0
878 BLOCK 38 38
879 UNBLOCK 20 1
879 ORDER 880 75 21 94 88 0
880 UNBLOCK 16 42
880 UNBLOCK 100 41
880 ORDER 881 17 47 36 87 2
881 ORDER 882 58 8 3 57 0
881 BLOCK 105 27
882 ORDER 883 22 66 2 26 2
883 ORDER 884 28 74 2 87 0
884 ORDER 885 72 74 8 88 1
885 ORDER 886 114 5 3 81 0
886 UNBLOCK 42 60
886 ORDER 887 30 80 105 88 0
887 ORDER 888 7 39 1 55 1
887 BLOCK 14 14
888 ORDER 889 22 47 3 75 1
888 BLOCK 57 17
889 ORDER 890 107 3 2 62 0
890 UNBLOCK 105 27
890 ORDER 891 33 60 45 87 0
890 BLOCK 79 18
891 ORDER 892 97 77 2 86 0
891 BLOCK 55 50
892 ORDER 893 54 6 1 31 2
893 UNBLOCK 55 48
893 ORDER 894 57 65 2 40 0
893 BLOCK 35 21
894 ORDER 895 103 86 10 88 0
894 BLOCK 102 80
895 ORDER 896 71 74 1 60 0
896 ORDER 897 97 11 2 85 0
896 BLOCK 105 33
897 UNBLOCK 40 81
897 ORDER 898 8 54 97 88 2
898 ORDER 899 77 21 2 54 0
899 ORDER 900 109 14 1 32 0
899 BLOCK 89 68
900 ORDER 901 22 5 78 87 0
900 BLOCK 96 49
901 ORDER 902 81 41 2 12 0
901 BLOCK 37 34
902 UNBLOCK 38 38
902 ORDER 903 105 74 107 88 0
903 ORDER 904 13 27 2 43 0
903 BLOCK 34 88
904 UNBLOCK 18 63
904 ORDER 905 80 32 44 87 1
905 ORDER 906 70 86 2 11 0
906 UNBLOCK 86 8
906 UNBLOCK 57 17
906 ORDER 907 15 71 1 67 0
907 ORDER 908 87 77 49 88 1
908 CANCEL 756
908 UNBLOCK 55 50
908 ORDER 909 10 44 19 87 1
909 ORDER 910 47 15 3 69 0
910 ORDER 911 114 17 61 87 0
911 UNBLOCK 46 21
911 ORDER 912 94 26 3 66 1
912 UNBLOCK 27 38
912 ORDER 913 92 59 1 84 0
912 BLOCK 43 37
913 ORDER 914 106 21 3 6 0
914 UNBLOCK 42 20
914 UNBLOCK 105 33
914 ORDER 915 48 84 32 88 0
914 BLOCK 110 42
915 ORDER 916 90 26 1 57 0
916 UNBLOCK 37 34
916 ORDER 917 6 29 1 75 0
916 BLOCK 5 48
917 ORDER 918 36 53 1 20 0
917 BLOCK 104 20
918 ORDER 919 8 11 1 86 1
919 ORDER 920 36 80 116 87 0
919 BLOCK 72 33
920 ORDER 921 32 29 47 88 0
921 ORDER 922 22 81 86 87 1
921 BLOCK 21 62
922 UNBLOCK 79 18
922 ORDER 923 39 42 3 45 3
922 BLOCK 60 78
923 ORDER 924 10 15 32 88 0
923 BLOCK 90 18
924 ORDER 925 83 47 3 74 1
925 ORDER 926 26 39 16 88 1
925 BLOCK 35 5
926 ORDER 927 26 70 2 78 1
927 UNBLOCK 14 14
927 UNBLOCK 104 20
927 ORDER 928 11 42 1 5 0
928 CANCEL 757
928 ORDER 929 115 78 1 65 0
929 ORDER 930 6 33 87 88 0
930 ORDER 931 42 45 39 88 1
931 ORDER 932 85 32 68 88 2
932 UNBLOCK 35 21
932 ORDER 933 56 5 90 87 0
932 BLOCK 111 6
933 ORDER 934 97 69 52 87 1
933 BLOCK 103 42
934 UNBLOCK 21 62
934 ORDER 935 78 11 61 88 0
935 ORDER 936 98 15 55 87 0
935 BLOCK 46 56
936 ORDER 937 59 71 1 6 0
937 ORDER 938 88 3 2 21 0
937 BLOCK 37 53
938 UNBLOCK 103 42
938 ORDER 939 83 78 2 83 0
939 ORDER 940 98 60 2 80 0
939 BLOCK 42 8
940 ORDER 941 86 29 2 50 2
940 BLOCK 32 1
941 CANCEL 870
941 UNBLOCK 5 48
941 ORDER 942 30 9 52 87 0
941 BLOCK 19 80
942 ORDER 943 42 11 1 35 2
942 BLOCK 50 47
943 ORDER 944 14 47 3 76 0
943 BLOCK 99 86
944 CANCEL 805
944 ORDER 945 95 75 3 58 0
945 ORDER 946 105 65 64 88 0
946 ORDER 947 86 66 1 43 0
946 BLOCK 63 9
947 ORDER 948 25 56 1 18 2
947 BLOCK 104 23
948 ORDER 949 48 72 105 87 1
948 BLOCK 106 17
949 UNBLOCK 35 5
949 UNBLOCK 37 53
949 UNBLOCK 99 86
949 ORDER 950 17 41 3 26 1
949 BLOCK 57 21
950 ORDER 951 57 27 2 30 0
951 UNBLOCK 102 80
951 UNBLOCK 110 42
951 ORDER 952 87 15 2 26 0
951 BLOCK 8 86
952 UNBLOCK 72 33
952 ORDER 953 64 54 2 37 0
953 ORDER 954 82 84 2 11 2
953 BLOCK 53 30
954 UNBLOCK 111 6
954 ORDER 955 70 21 16 87 0
955 ORDER 956 30 8 35 88 0
956 ORDER 957 40 20 3 61 0
957 ORDER 958 38 33 2 47 0
957 BLOCK 10 32
958 ORDER 959 68 59 2 69 2
959 UNBLOCK 89 68
959 ORDER 960 48 81 99 87 0
960 UNBLOCK 96 49
960 UNBLOCK 19 80
960 ORDER 961 53 56 92 87 0
960 BLOCK 34 23
961 ORDER 962 16 14 17 87 0
962 UNBLOCK 104 23
962 ORDER 963 38 14 2 80 0
963 UNBLOCK 34 88
963 UNBLOCK 43 37
963 ORDER 964 38 56 2 2 0
963 BLOCK 20 57
964 CANCEL 873
964 UNBLOCK 106 17
964 ORDER 965 86 69 10 87 0
964 BLOCK 115 78
965 ORDER 966 44 18 2 40 0
966 ORDER 967 10 77 14 87 1
966 BLOCK 109 62
967 ORDER 968 25 48 3 3 0
968 ORDER 969 82 44 2 33 0
969 UNBLOCK 46 56
969 ORDER 970 37 23 2 38 1
970 ORDER 971 85 62 1 70 0
970 BLOCK 59 14
971 ORDER 972 28 32 44 87 3
972 UNBLOCK 63 9
972 ORDER 973 58 8 2 19 0
972 BLOCK 91 53
973 ORDER 974 78 24 3 5 0
973 BLOCK 9 48
974 ORDER 975 31 35 3 69 3
974 BLOCK 65 19
975 ORDER 976 108 44 46 88 0
976 ORDER 977 19 42 51 87 0
977 ORDER 978 70 5 3 50 1
978 UNBLOCK 60 78
978 ORDER 979 47 32 93 87 0
979 ORDER 980 68 15 2 8 2
979 BLOCK 102 50
980 UNBLOCK 8 86
980 UNBLOCK 109 62
980 ORDER 981 62 68 30 87 0
981 UNBLOCK 90 18
981 UNBLOCK 10 32
981 ORDER 982 57 75 100 88 0
981 BLOCK 103 84
982 UNBLOCK 32 1
982 ORDER 983 83 77 3 85 0
983 CANCEL 912
983 ORDER 984 73 48 3 10 2
984 ORDER 985 27 83 55 87 1
985 ORDER 986 86 81 66 88 2
986 ORDER 987 111 80 3 17 1
986 BLOCK 102 69
987 ORDER 988 45 53 3 83 0
987 BLOCK 105 87
988 ORDER 989 46 14 1 60 2
988 BLOCK 33 6
989 ORDER 990 33 71 1 15 0
990 ORDER 991 91 26 93 88 0
991 UNBLOCK 57 21
991 ORDER 992 37 30 64 87 0
991 BLOCK 89 35
992 UNBLOCK 65 19
992 ORDER 993 71 11 86 87 0
993 ORDER 994 61 66 1 71 0
993 BLOCK 35 23
994 ORDER 995 13 27 77 88 1
995 UNBLOCK 42 8
995 ORDER 996 78 54 1 80 2
996 UNBLOCK 105 87
996 ORDER 997 49 53 79 88 0
997 UNBLOCK 34 23
997 ORDER 998 28 62 21 87 0
997 BLOCK 47 29
998 ORDER 999 64 81 1 74 0
998 BLOCK 6 71
999 UNBLOCK 50 47
999 UNBLOCK 53 30
999 ORDER 1000 75 20 57 88 0
999 BLOCK 109 53
1000 ORDER 1001 28 60 36 88 0
1000 BLOCK 98 83
1001 ORDER 1002 69 32 31 88 0
1002 UNBLOCK 20 57
1002 ORDER 1003 10 54 1 16 1
1003 UNBLOCK 89 35
1003 ORDER 1004 28 9 4 88 3
1003 BLOCK 67 62
1004 ORDER 1005 103 29 104 87 1
1004 BLOCK 99 42
1005 UNBLOCK 102 50
1005 ORDER 1006 80 59 51 87 0
1006 UNBLOCK 91 53
1006 ORDER 1007 108 14 3 86 0
1007 UNBLOCK 9 48
1007 UNBLOCK 103 84
1007 ORDER 1008 96 68 1 10 0
1008 ORDER 1009 62 54 3 24 0
1008 BLOCK 9 35
1009 CANCEL 838
1009 ORDER 1010 19 72 74 87 0
1009 BLOCK 57 33
1010 ORDER 1011 110 29 86 87 3
1011 ORDER 1012 75 24 3 50 1
1011 BLOCK 59 62
1012 ORDER 1013 67 83 1 38 0
1013 ORDER 1014 98 3 40 88 0
1013 BLOCK 54 36
1014 ORDER 1015 71 66 3 68 0
1014 BLOCK 9 51
1015 ORDER 1016 11 60 38 88 0
1016 UNBLOCK 115 78
1016 UNBLOCK 59 14
1016 UNBLOCK 102 69
1016 UNBLOCK 57 33
1016 ORDER 1017 64 56 2 16 1
1016 BLOCK 95 47
1017 UNBLOCK 33 6
1017 UNBLOCK 59 62
1017 ORDER 1018 21 74 101 87 2
1017 BLOCK 28 6
1018 ORDER 1019 85 15 1 24 3
1019 CANCEL 931
1019 ORDER 1020 83 68 115 88 1
1019 BLOCK 31 86
1020 UNBLOCK 99 42
1020 ORDER 1021 9 12 1 81 1
1021 ORDER 1022 34 12 3 13 0
1022 ORDER 1023 29 78 1 3 0
1022 BLOCK 61 5
1023 ORDER 1024 58 36 3 35 0
1024 ORDER 1025 104 33 3 48 1
1025 UNBLOCK 6 71
1025 ORDER 1026 10 54 3 83 1
1026 ORDER 1027 67 38 38 88 0
1027 ORDER 1028 59 18 1 22 1
1027 BLOCK 95 71
1028 ORDER 1029 76 53 1 9 0
1028 BLOCK 110 9
1029 ORDER 1030 81 35 45 87 3
1030 ORDER 1031 36 69 1 32 0
1031 UNBLOCK 35 23
1031 UNBLOCK 47 29
1031 UNBLOCK 98 83
1031 ORDER 1032 98 69 38 87 1
1031 BLOCK 73 5
1032 ORDER 1033 31 72 104 88 2
1032 BLOCK 92 75
1033 UNBLOCK 9 35
1033 ORDER 1034 15 15 3 66 1
1034 ORDER 1035 10 36 36 88 0
1035 ORDER 1036 113 33 2 48 0
1036 ORDER 1037 7 41 101 88 2
1037 ORDER 1038 77 51 3 78 0
1038 UNBLOCK 109 53
1038 ORDER 1039 49 6 9 88 0
1038 BLOCK 74 67
1039 ORDER 1040 6 3 2 11 1
1039 BLOCK 42 24
1040 ORDER 1041 113 36 2 33 0
1040 BLOCK 27 74
1041 UNBLOCK 73 5
1041 ORDER 1042 54 44 21 87 1
1042 ORDER 1043 39 11 42 88 1
1042 BLOCK 38 30
1043 UNBLOCK 95 71
1043 ORDER 1044 52 84 3 32 1
1044 ORDER 1045 28 81 2 78 0
1044 BLOCK 18 11
1045 ORDER 1046 68 18 70 88 2
1046 UNBLOCK 42 24
1046 UNBLOCK 27 74
1046 ORDER 1047 98 80 3 86 0
1046 BLOCK 104 21
1047 ORDER 1048 96 11 49 87 0
1048 ORDER 1049 56 26 15 88 0
1049 UNBLOCK 67 62
1049 ORDER 1050 36 48 85 87 0
1049 BLOCK 95 9
1050 UNBLOCK 95 47
1050 ORDER 1051 31 3 1 16 2
1050 BLOCK 29 41
1051 ORDER 1052 17 48 2 83 1
1051 BLOCK 48 62
1052 UNBLOCK 9 51
1052 ORDER 1053 56 8 3 44 3
1053 ORDER 1054 66 21 103 88 1
1054 ORDER 1055 9 24 117 88 0
1055 UNBLOCK 110 9
1055 ORDER 1056 79 9 2 54 0
1056 ORDER 1057 18 18 44 87 0
1057 ORDER 1058 12 44 87 87 1
1058 ORDER 1059 30 6 71 88 0
1059 ORDER 1060 12 4 27 88 0
1060 CANCEL 941
1060 CANCEL 1049
1060 ORDER 1061 26 63 1 61 0
1061 UNBLOCK 31 86
1061 UNBLOCK 74 67
1061 ORDER 1062 58 8 96 87 1
1061 BLOCK 109 78
1062 ORDER 1063 63 66 3 67 0
1063 ORDER 1064 75 33 46 87 0
1063 BLOCK 51 54
1064 UNBLOCK 104 21
1064 ORDER 1065 81 68 54 87 0
1064 BLOCK 60 60
1065 ORDER 1066 59 35 87 87 0
1065 BLOCK 12 39
1066 ORDER 1067 78 12 3 27 0
1067 ORDER 1068 99 71 54 87 0
1068 ORDER 1069 49 77 1 57 2
1069 ORDER 1070 17 68 10 88 0
1070 ORDER 1071 64 66 29 87 1
1071 UNBLOCK 92 75
1071 ORDER 1072 9 50 24 87 2
1072 UNBLOCK 54 36
1072 UNBLOCK 38 30
1072 ORDER 1073 6 35 2 29 1
1073 ORDER 1074 64 45 42 88 0
1074 UNBLOCK 28 6
1074 ORDER 1075 32 29 1 31 0
1075 UNBLOCK 18 11
1075 ORDER 1076 37 23 2 83 3
1076 ORDER 1077 79 53 3 7 0
1076 BLOCK 50 73
1077 ORDER 1078 85 39 39 88 2
1077 BLOCK 60 6
1078 ORDER 1079 28 30 96 87 0
1078 BLOCK 85 17
1079 UNBLOCK 61 5
1079 ORDER 1080 7 47 2 60 0
1079 BLOCK 109 51
1080 ORDER 1081 35 27 3 2 0
1081 UNBLOCK 60 60
1081 ORDER 1082 111 60 43 87 1
1082 ORDER 1083 17 42 33 88 1
1083 ORDER 1084 25 35 77 88 1
1084 ORDER 1085 25 57 3 79 0
1085 ORDER 1086 57 11 1 63 0
1085 BLOCK 98 59
1086 ORDER 1087 39 8 1 3 0
1087 ORDER 1088 55 5 3 9 1
1087 BLOCK 76 83
1088 ORDER 1089 109 5 3 4 2
1088 BLOCK 77 78
1089 ORDER 1090 12 68 2 13 0
1090 UNBLOCK 60 6
1090 ORDER 1091 25 54 3 86 3
1091 UNBLOCK 48 62
1091 ORDER 1092 79 62 84 87 2
1091 BLOCK 22 49
1092 UNBLOCK 29 41
1092 ORDER 1093 31 27 58 87 0
1093 ORDER 1094 19 77 3 78 0
1093 BLOCK 52 59
1094 UNBLOCK 95 9
1094 ORDER 1095 42 51 3 9 1
1095 ORDER 1096 76 48 3 85 0
1096 ORDER 1097 79 29 3 52 0
1097 ORDER 1098 52 80 13 88 0
1098 ORDER 1099 76 74 2 28 0
1099 ORDER 1100 46 14 1 2 0
1099 BLOCK 26 44
1100 UNBLOCK 51 54
1100 ORDER 1101 75 72 3 12 1
1101 UNBLOCK 98 59
1101 ORDER 1102 39 5 1 11 1
1102 ORDER 1103 98 20 44 88 0
1103 UNBLOCK 12 39
1103 ORDER 1104 60 86 16 88 0
1104 UNBLOCK 77 78
1104 ORDER 1105 72 36 71 88 1
1105 ORDER 1106 49 81 81 88 1
1105 BLOCK 108 2
1106 ORDER 1107 50 27 3 58 0
1106 BLOCK 11 14
1107 ORDER 1108 46 21 66 87 1
1108 ORDER 1109 46 12 3 58 0
1109 ORDER 1110 34 39 105 87 3
1110 UNBLOCK 109 78
1110 ORDER 1111 85 63 1 9 3
1111 ORDER 1112 67 57 2 77 0
1112 ORDER 1113 6 39 3 48 0
1113 ORDER 1114 81 74 3 23 2
1113 BLOCK 35 17
1114 CANCEL 1051
1114 ORDER 1115 58 56 1 42 0
1114 BLOCK 92 57
1115 UNBLOCK 108 2
1115 ORDER 1116 13 57 46 87 0
1116 UNBLOCK 22 49
1116 ORDER 1117 13 78 2 1 0
1116 BLOCK 12 24
1117 UNBLOCK 26 44
1117 ORDER 1118 92 15 85 87 0
1118 ORDER 1119 27 36 2 81 0
1118 BLOCK 61 65
1119 ORDER 1120 79 18 86 88 2
1119 BLOCK 15 50
1120 ORDER 1121 6 77 28 88 0
1120 BLOCK 108 63
1121 ORDER 1122 6 65 3 16 3
1121 BLOCK 87 62
1122 UNBLOCK 109 51
1122 ORDER 1123 84 51 117 87 3
1123 ORDER 1124 25 35 105 88 1
1123 BLOCK 17 72
1124 ORDER 1125 49 77 36 87 2
1125 ORDER 1126 111 5 66 88 0
1126 ORDER 1127 53 77 3 62 0
1127 UNBLOCK 50 73
1127 UNBLOCK 76 83
1127 ORDER 1128 65 21 3 12 0
1127 BLOCK 109 28
1128 UNBLOCK 15 50
1128 ORDER 1129 41 17 3 77 1
1129 ORDER 1130 65 3 97 88 0
1130 ORDER 1131 75 51 3 23 0
1131 UNBLOCK 85 17
1131 ORDER 1132 39 24 2 14 3
1132 ORDER 1133 85 81 1 9 0
1132 BLOCK 27 12
1133 UNBLOCK 109 28
1133 ORDER 1134 38 72 54 88 3
1134 ORDER 1135 29 65 32 88 0
1135 ORDER 1136 82 71 29 88 3
1135 BLOCK 83 72
1136 UNBLOCK 11 14
1136 UNBLOCK 35 17
1136 ORDER 1137 28 11 76 88 0
1137 UNBLOCK 61 65
1137 ORDER 1138 86 53 3 19 1
1138 ORDER 1139 18 39 88 88 1
1139 ORDER 1140 25 84 20 87 0
1139 BLOCK 80 16
1140 ORDER 1141 69 26 3 11 0
1140 BLOCK 83 87
1141 ORDER 1142 106 74 27 87 0
1142 UNBLOCK 108 63
1142 CANCEL 1139
1142 ORDER 1143 46 75 2 79 0
1143 UNBLOCK 52 59
1143 ORDER 1144 52 59 2 53 3
1144 ORDER 1145 100 54 44 88 0
1145 UNBLOCK 80 16
1145 ORDER 1146 10 23 3 25 0
1145 BLOCK 46 48
1146 ORDER 1147 99 23 2 47 0
1146 BLOCK 21 57
1147 ORDER 1148 71 50 15 87 0
1147 BLOCK 56 33
1148 ORDER 1149 51 60 3 69 0
1149 ORDER 1150 31 39 1 34 0
1149 BLOCK 101 59
1150 ORDER 1151 110 60 1 66 3
1151 ORDER 1152 95 35 2 39 0
1152 ORDER 1153 28 68 1 8 1
1152 BLOCK 14 53
1153 UNBLOCK 21 57
1153 ORDER 1154 102 33 82 87 1
1154 ORDER 1155 11 29 27 87 2
1155 CANCEL 1008
1155 ORDER 1156 62 27 3 72 0
1155 BLOCK 16 82
1156 ORDER 1157 61 47 2 7 2
1157 ORDER 1158 70 21 3 26 0
1157 BLOCK 62 17
1158 ORDER 1159 39 36 2 7 0
1159 ORDER 1160 100 18 1 19 2
1160 UNBLOCK 83 87
1160 ORDER 1161 97 80 2 67 0
1160 BLOCK 105 44
1161 ORDER 1162 64 50 2 25 1
1162 UNBLOCK 83 72
1162 UNBLOCK 14 53
1162 ORDER 1163 51 26 1 82 2
1162 BLOCK 61 74
1163 ORDER 1164 85 63 114 87 0
1163 BLOCK 37 24
1164 UNBLOCK 27 12
1164 ORDER 1165 44 59 3 42 0
1164 BLOCK 86 18
1165 CANCEL 968
1165 ORDER 1166 83 38 1 46 1
1166 UNBLOCK 56 33
1166 ORDER 1167 51 26 21 88 0
1167 UNBLOCK 12 24
1167 ORDER 1168 55 48 90 87 1
1168 UNBLOCK 101 59
1168 ORDER 1169 83 62 1 13 0
1168 BLOCK 90 26
1169 ORDER 1170 20 81 2 34 1
1170 UNBLOCK 105 44
1170 ORDER 1171 81 32 61 87 0
1171 UNBLOCK 87 62
1171 ORDER 1172 109 32 3 31 0
1172 ORDER 1173 46 17 2 29 1
1172 BLOCK 51 59
1173 ORDER 1174 91 42 35 87 0
1173 BLOCK 87 60
1174 UNBLOCK 92 57
1174 ORDER 1175 91 51 3 40 3
1174 BLOCK 21 9
1175 UNBLOCK 16 82
1175 ORDER 1176 20 21 93 88 0
1175 BLOCK 111 81
1176 ORDER 1177 76 29 38 87 0
1176 BLOCK 88 52
1177 UNBLOCK 17 72
1177 ORDER 1178 44 84 62 88 0
1177 BLOCK 5 21
1178 ORDER 1179 95 24 59 87 0
1178 BLOCK 35 5
1179 ORDER 1180 89 60 2 62 0
1180 ORDER 1181 63 68 77 87 0
1181 ORDER 1182 56 38 116 87 2
1182 UNBLOCK 62 17
1182 UNBLOCK 61 74
1182 UNBLOCK 37 24
1182 ORDER 1183 48 54 1 13 0
1183 ORDER 1184 38 14 23 88 1
1183 BLOCK 54 79
1184 UNBLOCK 86 18
1184 UNBLOCK 90 26
1184 ORDER 1185 89 27 18 87 0
1184 BLOCK 5 5
1185 ORDER 1186 99 47 2 28 1
1186 UNBLOCK 87 60
1186 ORDER 1187 56 68 1 82 0
1187 ORDER 1188 61 56 3 62 0
1187 BLOCK 93 62
1188 ORDER 1189 13 59 1 50 1
1188 BLOCK 18 51
1189 ORDER 1190 74 29 3 64 0
1190 ORDER 1191 72 6 59 87 0
1191 UNBLOCK 51 59
1191 ORDER 1192 31 59 76 88 0
1192 ORDER 1193 25 48 2 6 0
1193 ORDER 1194 107 69 1 65 0
1193 BLOCK 114 48
1194 ORDER 1195 14 85 2 64 0
1195 ORDER 1196 97 17 1 1 0
1196 UNBLOCK 46 48
1196 UNBLOCK 5 5
1196 ORDER 1197 55 6 99 88 1
1196 BLOCK 33 25
1197 ORDER 1198 112 42 89 88 1
1198 ORDER 1199 63 8 3 14 0
1199 ORDER 1200 24 81 1 60 0
1199 BLOCK 16 72
1200 UNBLOCK 93 62
1200 ORDER 1201 30 21 26 88 1
1201 ORDER 1202 79 23 96 88 1
1202 CANCEL 1081
1202 ORDER 1203 103 60 44 87 0
1202 BLOCK 34 11
1203 ORDER 1204 114 41 2 15 0
1203 BLOCK 43 9
1204 ORDER 1205 17 59 102 87 2
1205 ORDER 1206 57 36 1 24 1
1206 ORDER 1207 69 18 11 87 3
1207 UNBLOCK 114 48
1207 ORDER 1208 30 44 2 83 0
1207 BLOCK 17 59
1208 ORDER 1209 93 78 3 36 0
1208 BLOCK 27 63
1209 ORDER 1210 90 38 76 87 0
1209 BLOCK 113 15
1210 ORDER 1211 114 80 1 8 0
1210 BLOCK 69 39
1211 ORDER 1212 59 11 3 13 1
1212 ORDER 1213 75 12 2 40 0
1213 ORDER 1214 74 39 3 3 0
1214 ORDER 1215 102 53 23 88 2
1214 BLOCK 101 23
1215 UNBLOCK 17 59
1215 ORDER 1216 29 56 9 87 1
1216 UNBLOCK 111 81
1216 ORDER 1217 100 36 45 88 0
1216 BLOCK 25 24
1217 ORDER 1218 110 27 2 62 3
1218 CANCEL 1091
1218 ORDER 1219 61 41 42 87 0
1219 ORDER 1220 36 63 47 88 0
1220 ORDER 1221 91 63 60 87 0
1220 BLOCK 60 54
1221 UNBLOCK 69 39
1221 ORDER 1222 35 36 39 87 0
1221 BLOCK 94 29
1222 UNBLOCK 54 79
1222 UNBLOCK 16 72
1222 ORDER 1223 82 71 90 88 3
1222 BLOCK 62 22
1223 UNBLOCK 5 21
1223 ORDER 1224 51 29 3 10 0
1224 UNBLOCK 21 9
1224 ORDER 1225 8 18 3 76 0
1224 BLOCK 105 27
1225 ORDER 1226 111 48 4 88 0
1226 ORDER 1227 86 51 55 87 1
1227 ORDER 1228 91 24 2 82 0
1227 BLOCK 6 83
1228 ORDER 1229 35 23 108 87 0
1228 BLOCK 34 84
1229 UNBLOCK 113 15
1229 ORDER 1230 67 44 46 87 0
1230 ORDER 1231 85 42 93 88 1
1230 BLOCK 37 65
1231 UNBLOCK 88 52
1231 UNBLOCK 35 5
1231 ORDER 1232 108 26 1 18 3
1232 ORDER 1233 107 69 3 88 0
1232 BLOCK 92 48
1233 ORDER 1234 106 32 2 40 0
1233 BLOCK 49 56
1234 ORDER 1235 80 60 3 23 0
1234 BLOCK 77 47
1235 ORDER 1236 27 83 96 87 0
1235 BLOCK 103 41
1236 ORDER 1237 9 5 49 88 0
1237 UNBLOCK 62 22
1237 ORDER 1238 58 38 1 9 1
1238 ORDER 1239 14 65 17 88 0
1239 ORDER 1240 66 59 72 88 0
1240 UNBLOCK 33 25
1240 ORDER 1241 46 12 3 9 2
1240 BLOCK 106 78
1241 CANCEL 1148
1241 UNBLOCK 92 48
1241 ORDER 1242 58 59 2 41 2
1242 ORDER 1243 108 24 1 32 2
1243 ORDER 1244 28 80 3 27 1
1243 CANCEL 101244
1244 UNBLOCK 34 11
1244 ORDER 1245 30 83 3 73 0
1244 BLOCK 52 6
1245 ORDER 1246 83 21 1 61 0
1246 ORDER 1247 83 24 1 53 1
1247 UNBLOCK 94 29
1247 ORDER 1248 88 11 86 87 1
1248 UNBLOCK 18 51
1248 ORDER 1249 22 68 3 39 0
1249 ORDER 1250 99 59 86 87 1
1249 BLOCK 18 60
1250 UNBLOCK 27 63
1250 UNBLOCK 25 24
1250 ORDER 1251 65 54 1 14 0
1250 BLOCK 15 54
1251 ORDER 1252 80 66 1 46 0
1251 BLOCK 83 23
1252 ORDER 1253 82 57 24 87 0
1253 ORDER 1254 110 5 66 88 1
1254 ORDER 1255 94 71 1 43 1
1255 ORDER 1256 74 75 117 87 2
1256 ORDER 1257 17 44 82 88 0
1257 ORDER 1258 30 42 1 86 0
1258 UNBLOCK 43 9
1258 ORDER 1259 56 18 3 58 0
1258 BLOCK 96 21
1259 ORDER 1260 109 80 74 87 0
1260 UNBLOCK 15 54
1260 ORDER 1261 6 36 112 87 2
1261 ORDER 1262 44 69 1 64 1
1262 ORDER 1263 97 50 77 88 0
1262 BLOCK 99 11
1263 UNBLOCK 34 84
1263 ORDER 1264 6 29 1 82 1
1263 BLOCK 18 17
1264 UNBLOCK 106 78
1264 ORDER 1265 113 72 2 7 0
1265 UNBLOCK 18 60
1265 ORDER 1266 81 30 1 86 0
1265 BLOCK 11 21
1266 ORDER 1267 75 86 18 88 1
1267 ORDER 1268 66 80 33 87 1
1267 BLOCK 103 71
1268 UNBLOCK 101 23
1268 ORDER 1269 27 62 89 88 2
1268 BLOCK 53 33
1269 ORDER 1270 6 72 16 88 1
1269 BLOCK 84 14
1270 UNBLOCK 105 27
1270 ORDER 1271 46 56 18 87 0
1271 CANCEL 1082
1271 ORDER 1272 35 54 2 35 0
1272 UNBLOCK 103 41
1272 ORDER 1273 100 62 15 87 0
1272 BLOCK 21 23
1273 UNBLOCK 6 83
1273 ORDER 1274 17 71 62 88 1
1273 BLOCK 76 6
1274 ORDER 1275 59 42 2 41 2
1274 BLOCK 32 84
1275 UNBLOCK 37 65
1275 ORDER 1276 55 50 3 70 2
1275 BLOCK 49 77
1276 ORDER 1277 70 51 3 55 0
1277 ORDER 1278 83 81 1 53 1
1277 BLOCK 70 83
1278 UNBLOCK 52 6
1278 ORDER 1279 39 84 2 64 2
1279 ORDER 1280 13 3 110 88 0
1279 BLOCK 54 34
1280 UNBLOCK 60 54
1280 ORDER 1281 50 69 2 74 0
1281 UNBLOCK 49 77
1281 ORDER 1282 52 39 3 32 1
1281 BLOCK 44 32
1282 ORDER 1283 54 27 73 88 1
1283 UNBLOCK 49 56
1283 ORDER 1284 100 5 3 25 0
1283 BLOCK 14 57
1284 ORDER 1285 53 41 1 28 1
1285 ORDER 1286 105 66 29 87 3
1286 UNBLOCK 96 21
1286 ORDER 1287 19 62 1 61 2
1286 BLOCK 109 50
1287 ORDER 1288 20 11 2 10 1
1288 UNBLOCK 77 47
1288 ORDER 1289 49 23 3 51 0
1289 UNBLOCK 21 23
1289 ORDER 1290 43 11 2 17 1
1289 BLOCK 51 3
1290 UNBLOCK 54 34
1290 ORDER 1291 29 14 2 58 1
1290 BLOCK 108 12
1291 ORDER 1292 90 35 1 32 0
1291 BLOCK 77 50
1292 ORDER 1293 38 83 96 88 0
1293 ORDER 1294 24 75 35 87 0
1294 ORDER 1295 90 68 110 87 1
1294 BLOCK 107 21
1295 ORDER 1296 23 35 45 87 0
1296 ORDER 1297 80 74 2 29 0
1297 ORDER 1298 64 35 1 64 3
1298 UNBLOCK 77 50
1298 ORDER 1299 82 72 99 87 0
1299 UNBLOCK 18 17
1299 UNBLOCK 107 21
1299 ORDER 1300 59 9 2 39 0
1299 BLOCK 33 32
1300 UNBLOCK 99 11
1300 UNBLOCK 11 21
1300 ORDER 1301 106 26 10 87 0
1300 BLOCK 31 23
1301 ORDER 1302 21 9 115 87 1
1301 BLOCK 79 88
1302 UNBLOCK 84 14
1302 ORDER 1303 102 48 3 32 0
1303 UNBLOCK 83 23
1303 ORDER 1304 6 53 105 88 0
1303 BLOCK 102 66
1304 ORDER 1305 9 5 2 26 0
1305 UNBLOCK 53 33
1305 ORDER 1306 80 8 4 87 0
1306 ORDER 1307 24 47 3 86 1
1307 ORDER 1308 34 86 2 3 1
1307 BLOCK 92 12
1308 ORDER 1309 90 84 3 31 1
1309 UNBLOCK 103 71
1309 ORDER 1310 30 44 99 88 2
1309 BLOCK 20 9
1310 ORDER 1311 25 24 3 31 1
1311 ORDER 1312 53 33 1 69 0
1311 BLOCK 79 78
1312 ORDER 1313 28 36 1 50 0
1312 BLOCK 73 23
1313 ORDER 1314 94 51 13 87 2
1314 ORDER 1315 10 39 1 61 0
1315 UNBLOCK 108 12
1315 ORDER 1316 100 75 2 3 0
1315 BLOCK 95 72
1316 ORDER 1317 109 12 2 52 2
1317 ORDER 1318 25 54 84 87 1
1317 BLOCK 16 65
1318 ORDER 1319 13 14 2 59 0
1318 BLOCK 103 35
1319 ORDER 1320 8 86 107 87 0
1320 UNBLOCK 70 83
1320 ORDER 1321 65 39 25 88 0
1320 BLOCK 9 45
1321 ORDER 1322 78 68 4 87 1
1321 BLOCK 106 18
1322 UNBLOCK 102 66
1322 ORDER 1323 66 75 3 38 0
1322 CANCEL 101323
1322 BLOCK 15 30
1323 ORDER 1324 25 50 2 41 2
1324 UNBLOCK 103 35
1324 ORDER 1325 12 83 2 64 0
1325 ORDER 1326 98 51 45 88 1
1326 ORDER 1327 108 50 55 88 0
1327 ORDER 1328 65 23 51 88 1
1327 BLOCK 83 77
1328 ORDER 1329 19 62 3 54 0
1328 BLOCK 102 41
1329 UNBLOCK 32 84
1329 UNBLOCK 73 23
1329 ORDER 1330 51 29 82 88 3
1329 BLOCK 91 81
1330 ORDER 1331 66 39 1 75 0
1331 UNBLOCK 76 6
1331 UNBLOCK 16 65
1331 ORDER 1332 37 32 2 34 1
1331 BLOCK 35 47
1332 UNBLOCK 79 88
1332 UNBLOCK 9 45
1332 ORDER 1333 79 18 74 88 1
1332 BLOCK 95 35
1333 ORDER 1334 81 3 1 75 1
1334 UNBLOCK 51 3
1334 ORDER 1335 106 12 3 5 1
1335 ORDER 1336 74 39 3 50 2
1335 BLOCK 12 14
1336 ORDER 1337 93 39 40 87 0
1337 ORDER 1338 70 14 110 88 0
1337 BLOCK 10 21
1338 UNBLOCK 44 32
1338 ORDER 1339 43 72 96 87 3
1338 BLOCK 16 83
1339 UNBLOCK 31 23
1339 ORDER 1340 12 42 1 60 0
1339 BLOCK 43 57
1340 ORDER 1341 83 21 2 41 1
1341 ORDER 1342 100 81 3 14 1
1342 UNBLOCK 83 77
1342 ORDER 1343 7 80 52 88 0
1343 UNBLOCK 14 57
1343 UNBLOCK 95 72
1343 ORDER 1344 90 8 2 17 0
1343 BLOCK 108 5
1344 UNBLOCK 109 50
1344 UNBLOCK 33 32
1344 ORDER 1345 26 39 3 69 0
1345 ORDER 1346 81 33 29 87 0
1345 BLOCK 66 71
1346 UNBLOCK 20 9
1346 ORDER 1347 68 48 2 72 2
1346 BLOCK 114 14
1347 ORDER 1348 114 71 1 53 0
1348 ORDER 1349 83 81 1 21 0
1349 ORDER 1350 65 63 35 87 0
1349 CANCEL 101350
1350 UNBLOCK 15 30
1350 ORDER 1351 106 57 22 88 0
1350 BLOCK 115 36
1351 ORDER 1352 58 56 3 58 0
1352 ORDER 1353 85 11 3 30 0
1353 ORDER 1354 91 78 103 87 2
1354 ORDER 1355 40 62 1 23 0
1354 BLOCK 43 8
1355 ORDER 1356 60 15 108 88 0
1356 ORDER 1357 75 41 94 87 0
1357 ORDER 1358 111 33 3 75 0
1357 BLOCK 62 37
1358 ORDER 1359 90 81 3 29 1
1359 UNBLOCK 79 78
1359 UNBLOCK 106 18
1359 ORDER 1360 83 36 76 87 0
1359 BLOCK 26 3
1360 UNBLOCK 92 12
1360 ORDER 1361 55 39 1 86 0
1361 ORDER 1362 28 36 15 88 1
1362 UNBLOCK 35 47
1362 ORDER 1363 43 59 2 86 0
1362 BLOCK 78 32
1363 UNBLOCK 108 5
1363 ORDER 1364 18 63 62 88 0
1364 ORDER 1365 42 33 1 75 0
1364 BLOCK 57 23
1365 UNBLOCK 12 14
1365 ORDER 1366 101 32 116 88 1
1365 BLOCK 108 45
1366 ORDER 1367 84 35 3 45 2
1367 ORDER 1368 94 84 2 74 2
1367 BLOCK 31 20
1368 ORDER 1369 67 50 71 88 0
1369 ORDER 1370 79 15 111 87 0
1370 ORDER 1371 79 23 3 72 0
1371 UNBLOCK 114 14
1371 ORDER 1372 113 35 16 88 0
1371 BLOCK 64 62
1372 UNBLOCK 31 20
1372 ORDER 1373 26 24 83 88 1
1373 CANCEL 1224
1373 ORDER 1374 38 77 1 82 0
1374 ORDER 1375 55 3 2 36 1
1375 ORDER 1376 109 5 2 25 2
1375 BLOCK 99 51
1376 ORDER 1377 92 59 54 87 1
1377 UNBLOCK 102 41
1377 ORDER 1378 45 60 78 87 0
1378 ORDER 1379 113 17 3 73 0
1379 UNBLOCK 91 81
1379 ORDER 1380 62 60 92 87 0
1380 UNBLOCK 95 35
1380 ORDER 1381 81 30 38 88 1
1380 BLOCK 34 83
1381 ORDER 1382 7 17 25 88 0
1381 BLOCK 99 84
1382 UNBLOCK 10 21
1382 ORDER 1383 114 24 90 88 0
1382 BLOCK 20 20
1383 ORDER 1384 15 30 1 21 0
1383 BLOCK 84 45
1384 CANCEL 1186
1384 CANCEL 1347
1384 ORDER 1385 46 65 1 71 1
1385 ORDER 1386 82 44 1 46 0
1386 ORDER 1387 24 20 3 21 0
1387 UNBLOCK 16 83
1387 ORDER 1388 83 39 2 57 0
1387 BLOCK 61 9
1388 ORDER 1389 105 36 41 88 0
1388 BLOCK 61 42
1389 ORDER 1390 87 45 2 65 0
1390 ORDER 1391 103 83 98 88 2
1391 UNBLOCK 66 71
1391 ORDER 1392 44 9 112 87 0
1392 UNBLOCK 26 3
1392 ORDER 1393 99 32 21 87 1
1393 ORDER 1394 55 42 2 11 0
1394 UNBLOCK 61 9
1394 ORDER 1395 37 3 2 81 0
1395 ORDER 1396 85 35 2 55 0
1396 UNBLOCK 43 57
1396 ORDER 1397 47 84 94 88 0
1396 BLOCK 59 1
1397 UNBLOCK 99 51
1397 ORDER 1398 37 50 2 81 1
1398 ORDER 1399 40 74 42 88 0
1399 UNBLOCK 57 23
1399 ORDER 1400 52 77 3 21 2
1400 ORDER 1401 88 3 13 87 0
1401 UNBLOCK 108 45
1401 ORDER 1402 102 56 102 87 0
1401 BLOCK 110 47
1402 ORDER 1403 67 86 13 88 0
1403 ORDER 1404 101 33 3 71 0
1403 BLOCK 8 65
1404 UNBLOCK 62 37
1404 ORDER 1405 43 41 77 87 1
1404 BLOCK 58 59
1405 ORDER 1406 45 44 1 28 1
1406 UNBLOCK 115 36
1406 ORDER 1407 71 50 81 88 1
1406 BLOCK 81 21
1407 ORDER 1408 93 26 3 17 0
1408 ORDER 1409 7 6 2 80 1
1409 ORDER 1410 35 69 1 37 0
1409 BLOCK 12 32
1410 UNBLOCK 59 1
1410 ORDER 1411 52 18 3 85 2
1410 BLOCK 18 59
1411 ORDER 1412 102 44 33 87 1
1412 UNBLOCK 78 32
1412 CANCEL 1412
1412 ORDER 1413 83 29 1 82 0
1412 BLOCK 44 80
1413 UNBLOCK 43 8
1413 ORDER 1414 115 17 107 88 1
1413 BLOCK 46 3
1414 UNBLOCK 12 32
1414 ORDER 1415 74 42 2 18 1
1414 BLOCK 7 24
1415 ORDER 1416 19 3 32 88 0
1416 ORDER 1417 71 65 34 88 1
1417 ORDER 1418 63 35 1 58 1
1418 ORDER 1419 47 5 3 80 0
1419 UNBLOCK 64 62
1419 ORDER 1420 102 51 110 87 2
1420 UNBLOCK 99 84
1420 ORDER 1421 81 6 30 88 0
1420 BLOCK 109 60
1421 ORDER 1422 45 50 3 79 1
1421 BLOCK 33 36
1422 ORDER 1423 56 41 3 6 1
1422 BLOCK 98 83
1423 UNBLOCK 61 42
1423 ORDER 1424 42 65 1 69 0
1423 BLOCK 39 56
1424 ORDER 1425 18 84 93 88 0
1424 BLOCK 7 26
1425 ORDER 1426 112 15 3 72 0
1426 ORDER 1427 115 56 1 26 0
1427 CANCEL 1365
1427 ORDER 1428 108 5 1 19 0
1427 BLOCK 67 78
1428 ORDER 1429 49 51 1 14 2
1429 ORDER 1430 6 69 2 27 1
1430 ORDER 1431 42 66 2 79 0
1431 UNBLOCK 34 83
1431 ORDER 1432 101 48 2 52 3
1431 BLOCK 15 77
1432 ORDER 1433 90 69 1 24 0
1432 BLOCK 12 46
1433 ORDER 1434 20 23 1 74 1
1433 BLOCK 63 84
1434 ORDER 1435 66 62 57 88 0
1434 BLOCK 77 82
1435 ORDER 1436 8 26 111 88 1
1436 CANCEL 1383
1436 ORDER 1437 95 17 82 87 0
1436 BLOCK 50 36
1437 CANCEL 1434
1437 ORDER 1438 37 21 1 9 1
1437 BLOCK 16 57
1438 ORDER 1439 86 71 6 88 0
1438 BLOCK 29 84
1439 UNBLOCK 20 20
1439 ORDER 1440 24 63 82 88 0
1439 BLOCK 72 38
1440 UNBLOCK 84 45
1440 ORDER 1441 8 15 103 87 0
1440 BLOCK 72 47
1441 UNBLOCK 33 36
1441 ORDER 1442 102 75 2 1 1
1441 BLOCK 81 84
1442 ORDER 1443 37 56 2 67 0
1442 BLOCK 5 15
1443 UNBLOCK 39 56
1443 ORDER 1444 53 32 48 88 0
1444 ORDER 1445 100 9 106 88 0
1444 BLOCK 51 82
1445 UNBLOCK 18 59
1445 UNBLOCK 44 80
1445 ORDER 1446 99 33 36 88 0
1445 BLOCK 28 8
1446 ORDER 1447 24 11 1 48 1
1447 UNBLOCK 8 65
1447 ORDER 1448 46 56 75 88 1
1447 BLOCK 74 44
1448 ORDER 1449 34 59 3 16 0
1448 BLOCK 28 65
1449 ORDER 1450 64 41 17 87 0
1449 CANCEL 101450
1449 BLOCK 110 48
1450 UNBLOCK 72 47
1450 ORDER 1451 35 77 1 75 0
1450 BLOCK 20 81
1451 ORDER 1452 107 66 3 9 2
1452 UNBLOCK 72 38
1452 ORDER 1453 39 24 26 88 3
1453 ORDER 1454 96 71 2 52 3
1454 ORDER 1455 74 41 1 22 0
1455 UNBLOCK 16 57
1455 ORDER 1456 98 78 3 23 0
1456 ORDER 1457 42 53 3 51 0
1457 ORDER 1458 51 35 1 39 1
1457 BLOCK 40 35
1458 UNBLOCK 5 15
1458 ORDER 1459 81 32 2 37 1
1459 UNBLOCK 58 59
1459 ORDER 1460 55 27 3 15 0
1460 UNBLOCK 67 78
1460 UNBLOCK 50 36
1460 ORDER 1461 8 39 2 32 0
1460 BLOCK 50 42
1461 UNBLOCK 110 47
1461 UNBLOCK 77 82
1461 ORDER 1462 100 11 67 88 1
1462 UNBLOCK 81 21
1462 ORDER 1463 29 36 100 88 0
1462 BLOCK 24 71
1463 CANCEL 1346
1463 ORDER 1464 79 27 1 9 0
1463 BLOCK 105 80
1464 UNBLOCK 28 8
1464 ORDER 1465 91 80 1 55 3
1464 BLOCK 72 77
1465 UNBLOCK 7 26
1465 UNBLOCK 15 77
1465 ORDER 1466 65 68 1 68 1
1466 UNBLOCK 46 3
1466 ORDER 1467 83 15 103 88 0
1467 UNBLOCK 7 24
1467 UNBLOCK 29 84
1467 CANCEL 1448
1467 ORDER 1468 69 47 3 85 0
1467 BLOCK 22 5
1468 ORDER 1469 38 26 11 87 0
1468 BLOCK 109 51
1469 ORDER 1470 79 33 50 87 1
1469 BLOCK 46 11
1470 CANCEL 1401
1470 UNBLOCK 72 77
1470 ORDER 1471 67 27 3 51 0
1471 UNBLOCK 109 60
1471 ORDER 1472 40 50 60 88 0
1471 BLOCK 52 9
1472 ORDER 1473 105 26 1 80 2
1472 BLOCK 44 23
1473 UNBLOCK 98 83
1473 ORDER 1474 35 24 2 82 1
1473 BLOCK 103 5
1474 UNBLOCK 51 82
1474 ORDER 1475 34 17 2 32 1
1475 ORDER 1476 25 41 87 88 2
1476 ORDER 1477 35 14 83 88 2
1477 ORDER 1478 44 39 2 3 1
1478 ORDER 1479 69 26 1 3 0
1479 UNBLOCK 20 81
1479 UNBLOCK 44 23
1479 ORDER 1480 68 56 2 49 0
1480 ORDER 1481 70 35 3 36 0
1481 ORDER 1482 115 12 76 88 1
1481 BLOCK 43 30
1482 UNBLOCK 63 84
1482 ORDER 1483 18 62 67 87 1
1482 BLOCK 69 44
1483 ORDER 1484 72 26 55 88 0
1484 CANCEL 1385
1484 ORDER 1485 71 8 2 6 0
1484 BLOCK 17 65
1485 ORDER 1486 56 78 88 87 0
1485 BLOCK 79 23
1486 UNBLOCK 50 42
1486 ORDER 1487 65 40 58 88 1
1486 BLOCK 78 69
1487 UNBLOCK 12 46
1487 UNBLOCK 24 71
1487 ORDER 1488 13 36 1 21 0
1488 UNBLOCK 81 84
1488 ORDER 1489 112 59 54 88 0
1488 BLOCK 91 1
1489 ORDER 1490 103 18 34 88 2
1489 BLOCK 6 6
1490 ORDER 1491 65 86 99 88 1
1491 ORDER 1492 42 83 114 87 0
1492 UNBLOCK 46 11
1492 ORDER 1493 74 27 59 88 1
1493 UNBLOCK 74 44
1493 ORDER 1494 26 30 55 88 1
1494 ORDER 1495 101 54 107 88 1
1495 ORDER 1496 106 32 75 88 0
1496 ORDER 1497 69 23 3 37 0
1496 BLOCK 48 69
1497 UNBLOCK 110 48
1497 UNBLOCK 6 6
1497 ORDER 1498 58 80 6 87 0
1497 BLOCK 41 72
1498 ORDER 1499 112 9 90 87 0
1498 BLOCK 58 21
1499 ORDER 1500 17 48 4 88 0
1500 UNBLOCK 105 80
1500 ORDER 1501 59 78 1 34 0
1501 UNBLOCK 40 35
1501 ORDER 1502 110 35 3 79 0
1502 ORDER 1503 112 21 35 88 1
1502 BLOCK 15 69
1503 UNBLOCK 52 9
1503 ORDER 1504 83 23 28 88 0
1503 BLOCK 107 2
1504 UNBLOCK 28 65
1504 ORDER 1505 16 50 2 34 0
1505 ORDER 1506 48 75 1 51 1
1505 BLOCK 23 8
1506 ORDER 1507 67 45 1 64 0
1507 ORDER 1508 28 39 1 36 0
1508 ORDER 1509 63 66 59 87 1
1509 UNBLOCK 22 5
1509 ORDER 1510 31 6 2 68 1
1510 ORDER 1511 37 80 56 88 0
1511 ORDER 1512 21 74 40 87 0
1511 BLOCK 114 32
1512 UNBLOCK 109 51
1512 UNBLOCK 69 44
1512 ORDER 1513 53 18 3 10 1
1513 ORDER 1514 108 69 3 37 0
1513 BLOCK 98 21
1514 ORDER 1515 51 24 43 87 0
1514 BLOCK 78 15
1515 ORDER 1516 68 50 1 67 0
1515 BLOCK 7 18
1516 UNBLOCK 103 5
1516 ORDER 1517 38 30 36 88 0
1517 ORDER 1518 18 53 1 17 0
1518 ORDER 1519 64 17 37 88 0
1518 BLOCK 100 1
1519 ORDER 1520 38 5 3 52 2
1520 UNBLOCK 23 8
1520 ORDER 1521 39 5 49 87 0
1521 ORDER 1522 44 11 2 82 2
1521 BLOCK 71 5
1522 CANCEL 1428
1522 UNBLOCK 17 65
1522 UNBLOCK 58 21
1522 ORDER 1523 62 32 3 14 0
1523 ORDER 1524 71 35 1 70 0
1524 UNBLOCK 114 32
1524 ORDER 1525 65 12 106 87 1
1525 UNBLOCK 48 69
1525 ORDER 1526 21 12 8 88 0
1526 ORDER 1527 102 63 15 87 0
1526 BLOCK 59 86
1527 UNBLOCK 79 23
1527 ORDER 1528 62 84 1 20 2
1527 BLOCK 5 78
1528 UNBLOCK 71 5
1528 ORDER 1529 77 23 3 57 0
1529 UNBLOCK 78 69
1529 ORDER 1530 40 8 33 88 0
1529 BLOCK 37 45
1530 ORDER 1531 35 18 7 87 1
1530 BLOCK 94 48
1531 ORDER 1532 75 9 3 56 1
1531 BLOCK 37 68
1532 ORDER 1533 54 69 80 87 0
1532 BLOCK 15 75
1533 ORDER 1534 47 14 3 13 2
1533 BLOCK 89 51
1534 UNBLOCK 91 1
1534 UNBLOCK 107 2
1534 ORDER 1535 99 38 1 22 0
1535 ORDER 1536 109 60 6 88 1
1535 BLOCK 38 2
1536 UNBLOCK 37 45
1536 ORDER 1537 29 86 60 87 0
1537 ORDER 1538 76 27 33 88 1
1537 BLOCK 112 30
1538 UNBLOCK 98 21
1538 ORDER 1539 60 23 58 87 0
1538 BLOCK 15 41
1539 ORDER 1540 64 54 86 88 2
1540 UNBLOCK 43 30
1540 ORDER 1541 46 51 3 51 1
1541 ORDER 1542 23 71 27 88 1
1542 ORDER 1543 77 66 2 88 0
1542 BLOCK 7 50
1543 CANCEL 1450
1543 ORDER 1544 87 66 76 88 0
1544 ORDER 1545 52 3 74 88 0
1545 UNBLOCK 37 68
1545 ORDER 1546 91 68 15 88 0
1546 ORDER 1547 74 81 65 87 2
1547 UNBLOCK 5 78
1547 ORDER 1548 57 51 3 27 3
1547 BLOCK 9 36
1548 UNBLOCK 15 41
1548 ORDER 1549 6 63 2 58 3
1548 BLOCK 38 33
1549 UNBLOCK 41 72
1549 CANCEL 1512
1549 ORDER 1550 93 62 19 87 0
1550 ORDER 1551 100 81 1 7 0
1551 ORDER 1552 59 6 1 66 1
1552 UNBLOCK 15 69
1552 ORDER 1553 21 42 16 87 0
1552 BLOCK 53 13
1553 UNBLOCK 7 18
1553 CANCEL 1518
1553 UNBLOCK 38 33
1553 ORDER 1554 30 62 1 26 0
1553 BLOCK 27 26
1554 UNBLOCK 100 1
1554 UNBLOCK 94 48
1554 ORDER 1555 37 51 1 22 1
1554 BLOCK 50 53
1555 ORDER 1556 66 72 3 20 0
1556 ORDER 1557 39 48 3 57 2
1556 BLOCK 99 20
1557 ORDER 1558 67 44 1 23 0
1557 BLOCK 114 84
1558 ORDER 1559 24 63 3 35 0
1558 BLOCK 30 46
1559 ORDER 1560 6 18 1 22 0
1560 UNBLOCK 112 30
1560 ORDER 1561 107 51 3 74 2
1561 UNBLOCK 53 13
1561 ORDER 1562 93 86 2 32 2
1562 ORDER 1563 35 45 1 74 1
1562 BLOCK 65 35
1563 CANCEL 1381
1563 UNBLOCK 99 20
1563 ORDER 1564 39 81 97 87 1
1563 BLOCK 10 83
1564 ORDER 1565 88 20 26 88 0
1565 UNBLOCK 7 50
1565 ORDER 1566 55 29 2 19 2
1566 UNBLOCK 78 15
1566 ORDER 1567 105 36 3 24 1
1567 UNBLOCK 15 75
1567 ORDER 1568 97 50 3 43 3
1567 BLOCK 112 44
1568 UNBLOCK 10 83
1568 ORDER 1569 47 48 1 27 1
1569 ORDER 1570 17 38 1 14 0
1569 BLOCK 86 12
1570 ORDER 1571 101 29 2 62 0
1570 BLOCK 48 74
1571 ORDER 1572 88 69 2 67 1
1572 ORDER 1573 91 63 1 11 1
1572 BLOCK 91 59
1573 ORDER 1574 104 17 1 38 0
1574 ORDER 1575 104 68 105 87 0
1575 ORDER 1576 50 78 2 57 2
1576 ORDER 1577 32 44 3 76 1
1576 BLOCK 114 26
1577 ORDER 1578 60 69 59 87 0
1578 UNBLOCK 38 2
1578 ORDER 1579 92 86 10 87 0
1579 UNBLOCK 48 74
1579 ORDER 1580 12 35 40 88 0
1579 BLOCK 50 51
1580 ORDER 1581 30 41 115 88 0
1580 BLOCK 89 36
1581 ORDER 1582 112 30 9 87 0
1582 ORDER 1583 36 6 2 16 0
1582 BLOCK 76 38
1583 ORDER 1584 28 62 63 88 0
1583 BLOCK 106 18
1584 ORDER 1585 74 24 10 87 3
1585 UNBLOCK 59 86
1585 UNBLOCK 89 51
1585 UNBLOCK 114 84
1585 ORDER 1586 79 18 48 87 0
1586 ORDER 1587 40 32 1 50 0
1587 ORDER 1588 50 36 59 88 2
1588 UNBLOCK 50 53
1588 ORDER 1589 107 72 41 87 1
1589 UNBLOCK 27 26
1589 ORDER 1590 40 72 2 62 3
1589 BLOCK 112 20
1590 ORDER 1591 110 33 3 31 1
1591 ORDER 1592 83 20 3 70 2
1591 BLOCK 27 11
1592 ORDER 1593 48 14 40 87 0
1593 ORDER 1594 89 62 87 88 0
1594 ORDER 1595 32 53 81 88 0
1595 UNBLOCK 9 36
1595 ORDER 1596 59 21 1 83 0
1595 BLOCK 13 15
1596 ORDER 1597 20 83 97 88 1
1596 BLOCK 112 50
1597 UNBLOCK 112 44
1597 ORDER 1598 69 30 3 16 0
1598 UNBLOCK 91 59
1598 ORDER 1599 93 8 2 49 1
1598 BLOCK 111 60
1599 ORDER 1600 110 18 1 5 1
1600 UNBLOCK 112 20
1600 ORDER 1601 65 8 2 68 2
1600 BLOCK 32 87
1601 UNBLOCK 86 12
1601 ORDER 1602 109 71 89 88 0
1601 BLOCK 53 6
1602 ORDER 1603 53 6 73 88 0
1602 BLOCK 93 58
1603 UNBLOCK 30 46
1603 ORDER 1604 106 78 3 71 0
1604 ORDER 1605 86 29 70 87 0
1605 ORDER 1606 58 56 1 54 0
1605 BLOCK 66 18
1606 UNBLOCK 106 18
1606 ORDER 1607 91 86 2 2 0
1606 BLOCK 83 56
1607 CANCEL 1570
1607 ORDER 1608 63 6 26 87 1
1608 ORDER 1609 110 27 107 88 3
1608 BLOCK 23 53
1609 ORDER 1610 54 84 3 22 0
1610 ORDER 1611 6 48 33 87 0
1610 BLOCK 22 6
1611 ORDER 1612 111 44 12 88 0
1611 BLOCK 57 6
1612 CANCEL 1484
1612 ORDER 1613 56 63 3 72 1
1612 BLOCK 64 12
1613 UNBLOCK 111 60
1613 ORDER 1614 34 54 112 87 0
1614 ORDER 1615 64 44 2 69 0
1614 BLOCK 99 87
1615 ORDER 1616 30 86 2 63 0
1616 UNBLOCK 112 50
1616 UNBLOCK 93 58
1616 ORDER 1617 20 33 48 87 0
1616 BLOCK 46 47
1617 UNBLOCK 65 35
1617 ORDER 1618 21 11 1 31 0
1617 BLOCK 82 84
1618 ORDER 1619 40 5 3 12 0
1619 ORDER 1620 57 35 2 65 0
1620 UNBLOCK 50 51
1620 ORDER 1621 42 17 3 86 0
1621 ORDER 1622 92 63 1 11 0
1622 ORDER 1623 71 63 2 1 0
1623 ORDER 1624 84 44 3 72 0
1623 BLOCK 24 80
1624 UNBLOCK 114 26
1624 ORDER 1625 46 32 3 51 0
1625 ORDER 1626 8 45 2 49 1
1626 ORDER 1627 93 29 79 87 1
1626 BLOCK 32 21
1627 UNBLOCK 13 15
1627 ORDER 1628 61 3 26 88 0
1628 ORDER 1629 103 30 2 88 0
1628 BLOCK 97 56
1629 ORDER 1630 34 15 1 71 3
1629 BLOCK 46 14
1630 UNBLOCK 24 80
1630 ORDER 1631 45 78 18 88 0
1631 UNBLOCK 99 87
1631 ORDER 1632 11 83 3 51 3
1631 BLOCK 33 74
1632 ORDER 1633 87 15 1 70 1
1633 UNBLOCK 32 87
1633 ORDER 1634 71 83 3 26 1
1634 UNBLOCK 22 6
1634 ORDER 1635 107 15 11 87 1
1634 BLOCK 93 8
1635 UNBLOCK 89 36
1635 ORDER 1636 69 68 1 65 0
1635 BLOCK 63 54
1636 ORDER 1637 76 80 2 88 0
1637 ORDER 1638 22 23 3 41 3
1637 BLOCK 105 31
1638 UNBLOCK 23 53
1638 ORDER 1639 88 35 107 87 0
1639 ORDER 1640 115 12 3 7 0
1639 BLOCK 69 41
1640 CANCEL 1476
1640 ORDER 1641 105 50 1 30 0
1640 BLOCK 59 24
1641 UNBLOCK 53 6
1641 UNBLOCK 83 56
1641 ORDER 1642 94 81 60 87 0
1642 UNBLOCK 76 38
1642 ORDER 1643 21 6 1 85 1
1642 BLOCK 41 71
1643 CANCEL 1445
1643 ORDER 1644 82 78 1 69 3
1643 BLOCK 19 74
1644 ORDER 1645 102 11 101 88 0
1644 BLOCK 16 27
1645 CANCEL 1494
1645 ORDER 1646 52 18 1 46 2
1646 UNBLOCK 27 11
1646 ORDER 1647 27 23 15 87 0
1647 UNBLOCK 59 24
1647 ORDER 1648 101 56 3 38 0
1647 BLOCK 36 80
1648 ORDER 1649 11 78 2 32 1
1648 BLOCK 73 68
1649 ORDER 1650 25 74 2 50 0
1649 BLOCK 20 46
1650 ORDER 1651 71 59 99 88 0
1651 ORDER 1652 47 51 32 87 0
1652 UNBLOCK 46 47
1652 ORDER 1653 41 20 106 88 0
1652 BLOCK 79 12
1653 ORDER 1654 7 35 2 21 0
1653 BLOCK 41 29
1654 UNBLOCK 93 8
1654 ORDER 1655 92 84 42 88 2
1654 BLOCK 96 17
1655 UNBLOCK 64 12
1655 ORDER 1656 54 30 2 17 0
1655 BLOCK 69 72
1656 ORDER 1657 27 26 2 60 0
1657 ORDER 1658 80 66 1 85 1
1657 BLOCK 26 44
1658 UNBLOCK 82 84
1658 UNBLOCK 33 74
1658 ORDER 1659 83 60 41 88 0
1658 BLOCK 35 42
1659 UNBLOCK 63 54
1659 ORDER 1660 80 19 20 87 1
1660 UNBLOCK 32 21
1660 UNBLOCK 46 14
1660 ORDER 1661 11 29 1 21 1
1660 BLOCK 23 71
1661 ORDER 1662 71 53 12 88 0
1662 ORDER 1663 33 9 30 87 0
1662 BLOCK 101 13
1663 ORDER 1664 109 53 3 3 0
1663 BLOCK 87 7
1664 UNBLOCK 66 18
1664 UNBLOCK 26 44
1664 ORDER 1665 67 21 3 19 0
1665 UNBLOCK 79 12
1665 ORDER 1666 64 26 2 60 0
1666 ORDER 1667 59 42 39 87 0
1667 ORDER 1668 40 32 18 87 1
1668 UNBLOCK 69 41
1668 UNBLOCK 20 46
1668 ORDER 1669 53 23 1 64 1
1668 BLOCK 44 23
1669 ORDER 1670 76 42 1 79 0
1670 ORDER 1671 8 66 2 19 0
1671 UNBLOCK 57 6
1671 CANCEL 1628
1671 UNBLOCK 23 71
1671 ORDER 1672 10 75 108 87 0
1672 ORDER 1673 106 12 1 87 0
1672 BLOCK 67 2
1673 UNBLOCK 19 74
1673 ORDER 1674 28 62 64 88 0
1674 ORDER 1675 112 45 92 88 0
1674 BLOCK 14 53
1675 ORDER 1676 83 36 1 38 1
1675 BLOCK 22 78
1676 ORDER 1677 56 53 1 45 0
1677 UNBLOCK 44 23
1677 ORDER 1678 94 54 2 61 0
1678 ORDER 1679 65 81 58 88 0
1679 UNBLOCK 41 29
1679 ORDER 1680 49 29 1 36 1
1679 BLOCK 61 60
1680 ORDER 1681 102 59 3 54 0
1681 CANCEL 1593
1681 UNBLOCK 36 80
1681 ORDER 1682 35 3 3 71 0
1682 ORDER 1683 26 24 3 86 0
1683 UNBLOCK 14 53
1683 ORDER 1684 94 29 3 13 1
1683 BLOCK 22 69
1684 ORDER 1685 86 17 65 88 1
1684 BLOCK 110 11
1685 UNBLOCK 97 56
1685 ORDER 1686 48 54 27 87 1
1685 BLOCK 40 2
1686 ORDER 1687 8 41 3 82 0
1686 BLOCK 75 31
1687 UNBLOCK 105 31
1687 ORDER 1688 94 18 1 70 1
1688 ORDER 1689 62 6 2 61 2
1688 BLOCK 78 84
1689 ORDER 1690 53 66 1 53 0
1690 ORDER 1691 107 20 2 79 0
1691 UNBLOCK 16 27
1691 UNBLOCK 69 72
1691 UNBLOCK 101 13
1691 ORDER 1692 93 26 25 87 1
1691 BLOCK 39 84
1692 UNBLOCK 35 42
1692 ORDER 1693 44 30 1 80 0
1693 ORDER 1694 13 3 1 19 0
1693 BLOCK 6 87
1694 ORDER 1695 48 18 2 87 0
1695 ORDER 1696 91 6 23 87 0
1696 UNBLOCK 110 11
1696 ORDER 1697 85 51 76 88 0
1697 ORDER 1698 61 5 34 88 0
1697 BLOCK 54 77
1698 ORDER 1699 11 42 111 87 0
1698 BLOCK 34 41
1699 UNBLOCK 41 71
1699 UNBLOCK 73 68
1699 UNBLOCK 22 78
1699 ORDER 1700 7 26 67 88 0
1699 BLOCK 54 19
1700 ORDER 1701 40 23 2 39 1
1701 UNBLOCK 75 31
1701 ORDER 1702 47 23 37 87 1
1702 ORDER 1703 28 81 2 41 0
1703 CANCEL 1572
1703 ORDER 1704 49 54 26 87 0
1704 ORDER 1705 25 9 1 10 0
1704 BLOCK 83 30
1705 ORDER 1706 23 18 41 87 0
1706 ORDER 1707 84 51 22 88 1
1706 BLOCK 72 65
1707 UNBLOCK 96 17
1707 ORDER 1708 111 17 110 88 0
1708 ORDER 1709 28 47 3 31 0
1709 UNBLOCK 34 41
1709 ORDER 1710 55 72 3 74 0
1709 BLOCK 87 56
1710 UNBLOCK 61 60
1710 ORDER 1711 28 5 1 6 1
1711 ORDER 1712 72 27 1 57 0
1711 BLOCK 21 68
1712 UNBLOCK 54 77
1712 ORDER 1713 13 5 84 88 1
1712 BLOCK 100 54
1713 ORDER 1714 28 17 92 88 0
1714 ORDER 1715 75 69 2 49 0
1714 BLOCK 81 57
1715 ORDER 1716 21 83 109 88 1
1716 ORDER 1717 63 62 2 70 0
1717 UNBLOCK 67 2
1717 ORDER 1718 57 12 38 87 0
1718 CANCEL 1587
1718 ORDER 1719 75 60 85 87 0
1719 ORDER 1720 65 14 2 79 0
1719 BLOCK 113 75
1720 ORDER 1721 40 83 3 46 1
1721 UNBLOCK 21 68
1721 ORDER 1722 58 24 43 87 0
1721 BLOCK 64 27
1722 UNBLOCK 87 7
1722 ORDER 1723 28 17 22 87 0
1723 ORDER 1724 94 77 3 43 1
1723 BLOCK 26 11
1724 UNBLOCK 81 57
1724 UNBLOCK 113 75
1724 ORDER 1725 97 71 3 3 1
1724 BLOCK 47 65
1725 ORDER 1726 77 53 25 88 0
1725 BLOCK 104 27
1726 UNBLOCK 6 87
1726 ORDER 1727 78 45 51 88 0
1727 UNBLOCK 78 84
1727 ORDER 1728 54 74 1 2 0
1727 BLOCK 13 12
1728 ORDER 1729 96 42 7 87 0
1728 BLOCK 91 63
1729 ORDER 1730 101 48 10 88 0
1729 BLOCK 38 1
1730 ORDER 1731 12 38 2 60 0
1731 UNBLOCK 40 2
1731 ORDER 1732 74 32 3 49 0
1731 BLOCK 47 33
1732 ORDER 1733 59 17 37 87 0
1732 BLOCK 87 20
1733 ORDER 1734 28 14 2 27 0
1733 BLOCK 107 3
1734 ORDER 1735 47 81 54 88 0
1734 BLOCK 51 15
1735 ORDER 1736 47 83 1 30 0
1735 BLOCK 114 85
1736 ORDER 1737 52 18 3 14 1
1736 BLOCK 12 56
1737 CANCEL 1676
1737 ORDER 1738 79 35 3 54 1
1738 UNBLOCK 39 84
1738 ORDER 1739 53 21 2 5 0
1738 BLOCK 107 88
1739 ORDER 1740 45 75 3 75 0
1740 UNBLOCK 64 27
1740 ORDER 1741 22 24 24 88 1
1740 BLOCK 66 69
1741 UNBLOCK 22 69
1741 UNBLOCK 12 56
1741 ORDER 1742 90 14 75 87 0
1741 BLOCK 38 63
1742 ORDER 1743 113 11 2 65 1
1742 BLOCK 71 60
1743 UNBLOCK 47 65
1743 ORDER 1744 6 48 3 49 0
1744 ORDER 1745 104 27 3 83 0
1744 BLOCK 29 57
1745 ORDER 1746 30 14 6 87 0
1746 ORDER 1747 44 57 82 88 1
1747 ORDER 1748 89 6 28 88 2
1748 ORDER 1749 84 84 83 88 0
1749 ORDER 1750 33 59 1 72 2
1749 BLOCK 84 10
1750 UNBLOCK 38 1
1750 ORDER 1751 35 71 2 20 0
1751 UNBLOCK 54 19
1751 UNBLOCK 72 65
1751 UNBLOCK 87 56
1751 ORDER 1752 29 23 112 87 1
1752 ORDER 1753 17 72 3 3 1
1752 BLOCK 49 17
1753 ORDER 1754 49 69 51 88 2
1753 BLOCK 41 77
1754 ORDER 1755 41 17 65 87 1
1754 BLOCK 92 1
1755 UNBLOCK 71 60
1755 ORDER 1756 53 56 2 13 3
1755 BLOCK 12 71
1756 ORDER 1757 79 17 13 87 0
1756 BLOCK 54 29
1757 ORDER 1758 16 5 70 87 1
1757 BLOCK 55 26
1758 UNBLOCK 83 30
1758 ORDER 1759 76 62 1 45 0
1759 UNBLOCK 47 33
1759 ORDER 1760 34 77 32 88 1
1759 BLOCK 114 12
1760 UNBLOCK 104 27
1760 ORDER 1761 91 24 19 88 0
1761 ORDER 1762 33 69 3 18 0
1762 CANCEL 1586
1762 ORDER 1763 49 53 3 46 0
1762 BLOCK 78 47
1763 UNBLOCK 100 54
1763 ORDER 1764 94 47 85 87 0
1763 BLOCK 40 74
1764 UNBLOCK 107 3
1764 ORDER 1765 100 65 53 87 0
1764 BLOCK 8 77
1765 UNBLOCK 26 11
1765 UNBLOCK 12 71
1765 ORDER 1766 59 44 2 83 3
1766 UNBLOCK 114 12
1766 ORDER 1767 85 54 2 80 3
1766 BLOCK 56 86
1767 ORDER 1768 86 75 1 13 1
1767 BLOCK 44 50
1768 UNBLOCK 92 1
1768 UNBLOCK 40 74
1768 ORDER 1769 94 51 3 59 0
1769 ORDER 1770 90 86 2 26 0
1770 ORDER 1771 44 33 2 2 0
1771 UNBLOCK 49 17
1771 ORDER 1772 73 35 108 88 0
1772 ORDER 1773 25 9 118 88 2
1773 UNBLOCK 29 57
1773 UNBLOCK 56 86
1773 ORDER 1774 93 84 13 88 0
1773 BLOCK 56 45
1774 ORDER 1775 55 32 1 84 0
1774 BLOCK 61 83
1775 ORDER 1776 11 9 118 88 0
1776 UNBLOCK 51 15
1776 UNBLOCK 55 26
1776 ORDER 1777 10 17 4 88 1
1776 BLOCK 53 27
1777 UNBLOCK 114 85
1777 ORDER 1778 77 47 2 59 1
1778 CANCEL 1610
1778 ORDER 1779 73 48 2 86 0
1779 CANCEL 1712
1779 UNBLOCK 91 63
1779 ORDER 1780 21 59 2 78 0
1779 BLOCK 92 36
1780 ORDER 1781 51 26 3 59 0
1780 BLOCK 63 23
1781 ORDER 1782 17 57 106 87 0
1782 ORDER 1783 14 71 52 88 1
1782 BLOCK 93 66
1783 ORDER 1784 41 86 86 87 0
1783 BLOCK 71 78
1784 ORDER 1785 37 53 95 87 0
1784 BLOCK 48 18
1785 UNBLOCK 66 69
1785 ORDER 1786 65 24 96 88 0
1786 UNBLOCK 13 12
1786 ORDER 1787 47 39 116 88 1
1786 BLOCK 10 24
1787 UNBLOCK 87 20
1787 UNBLOCK 41 77
1787 ORDER 1788 27 5 27 88 0
1788 UNBLOCK 107 88
1788 UNBLOCK 63 23
1788 ORDER 1789 45 44 13 88 1
1789 UNBLOCK 56 45
1789 ORDER 1790 36 15 36 87 0
1789 BLOCK 91 42
1790 UNBLOCK 44 50
1790 ORDER 1791 107 75 3 85 0
1791 ORDER 1792 113 39 3 48 0
1792 ORDER 1793 77 15 97 87 0
1793 ORDER 1794 54 60 3 37 0
1793 BLOCK 18 80
1794 ORDER 1795 54 57 3 16 2
1795 ORDER 1796 93 32 66 87 0
1796 ORDER 1797 37 41 3 31 0
1796 BLOCK 101 23
1797 UNBLOCK 78 47
1797 ORDER 1798 11 54 1 25 1
1798 UNBLOCK 38 63
1798 UNBLOCK 10 24
1798 ORDER 1799 46 17 3 8 0
1798 BLOCK 43 88
1799 ORDER 1800 64 60 3 69 0
1799 BLOCK 25 81
1800 ORDER 1801 95 69 2 31 0
1801 CANCEL 1699
1801 UNBLOCK 93 66
1801 ORDER 1802 86 38 88 88 0
1802 CANCEL 1674
1802 CANCEL 1745
1802 ORDER 1803 100 36 74 88 1
1802 BLOCK 11 38
1803 ORDER 1804 9 17 58 87 0
1803 BLOCK 108 57
1804 ORDER 1805 46 54 2 36 0
1804 BLOCK 27 51
1805 ORDER 1806 59 59 2 53 1
1806 ORDER 1807 35 24 2 32 1
1806 BLOCK 40 74
1807 UNBLOCK 84 10
1807 ORDER 1808 50 57 1 9 0
1808 CANCEL 1796
1808 ORDER 1809 62 81 98 88 3
1808 BLOCK 38 65
1809 UNBLOCK 18 80
1809 ORDER 1810 82 59 113 88 0
1809 BLOCK 111 75
1810 UNBLOCK 48 18
1810 UNBLOCK 25 81
1810 ORDER 1811 51 69 68 87 0
1811 UNBLOCK 54 29
1811 ORDER 1812 58 38 1 51 0
1811 BLOCK 69 48
1812 ORDER 1813 31 36 2 82 0
1812 BLOCK 19 84
1813 UNBLOCK 61 83
1813 UNBLOCK 43 88
1813 ORDER 1814 95 32 87 88 0
1814 UNBLOCK 8 77
1814 ORDER 1815 95 36 48 88 1
1814 BLOCK 111 46
1815 ORDER 1816 72 48 3 73 0
1816 UNBLOCK 91 42
1816 ORDER 1817 18 63 1 21 0
1817 ORDER 1818 26 68 50 87 1
1818 ORDER 1819 14 42 8 88 0
1819 ORDER 1820 29 68 3 55 0
1819 BLOCK 73 13
1820 UNBLOCK 101 23
1820 ORDER 1821 100 29 106 88 2
1820 BLOCK 30 66
1821 CANCEL 1716
1821 UNBLOCK 92 36
1821 ORDER 1822 63 30 20 87 1
1822 ORDER 1823 64 77 38 88 0
1823 ORDER 1824 47 68 1 82 0
1824 ORDER 1825 28 45 62 88 2
1825 ORDER 1826 81 84 3 21 1
1825 BLOCK 92 62
1826 ORDER 1827 27 48 1 35 2
1827 ORDER 1828 97 18 116 87 1
1828 ORDER 1829 108 38 83 87 0
1828 BLOCK 86 18
1829 UNBLOCK 53 27
1829 ORDER 1830 85 23 1 55 1
1830 ORDER 1831 18 42 12 88 3
1830 BLOCK 103 45
1831 UNBLOCK 27 51
1831 UNBLOCK 38 65
1831 ORDER 1832 108 71 3 84 0
1832 ORDER 1833 55 17 1 58 0
1833 ORDER 1834 40 86 19 88 0
1834 ORDER 1835 92 42 2 68 2
1834 BLOCK 40 33
1835 UNBLOCK 71 78
1835 ORDER 1836 42 20 3 70 0
1835 BLOCK 5 77
1836 ORDER 1837 30 65 23 88 0
1837 ORDER 1838 100 9 2 12 0
1838 CANCEL 1780
1838 ORDER 1839 29 29 2 46 0
1839 ORDER 1840 7 59 52 87 0
1840 UNBLOCK 108 57
1840 ORDER 1841 65 74 52 87 0
1840 BLOCK 32 3
1841 UNBLOCK 111 75
1841 ORDER 1842 36 21 3 85 1
1841 BLOCK 92 68
1842 ORDER 1843 38 5 2 57 0
1842 BLOCK 55 41
1843 ORDER 1844 14 59 3 71 0
1843 BLOCK 9 78
1844 UNBLOCK 40 74
1844 UNBLOCK 30 66
1844 ORDER 1845 62 75 110 87 2
1845 UNBLOCK 11 38
1845 ORDER 1846 54 30 3 46 1
1846 ORDER 1847 65 78 89 88 0
1847 UNBLOCK 55 41
1847 ORDER 1848 114 75 2 41 0
1848 UNBLOCK 92 68
1848 ORDER 1849 99 68 3 19 0
1848 BLOCK 16 14
1849 ORDER 1850 18 17 1 76 1
1850 ORDER 1851 33 35 3 13 1
1851 ORDER 1852 75 65 3 21 0
1852 UNBLOCK 19 84
1852 ORDER 1853 100 62 11 88 1
1852 BLOCK 96 63
1853 UNBLOCK 86 18
1853 ORDER 1854 70 15 1 59 0
1853 BLOCK 62 73
1854 UNBLOCK 16 14
1854 ORDER 1855 45 60 1 67 2
1854 BLOCK 91 12
1855 UNBLOCK 9 78
1855 ORDER 1856 104 65 1 67 0
1856 ORDER 1857 55 26 1 80 0
1856 BLOCK 73 19
1857 CANCEL 1686
1857 ORDER 1858 76 11 1 20 0
1857 BLOCK 78 29
1858 ORDER 1859 96 63 1 18 1
1859 ORDER 1860 58 54 32 88 1
1860 UNBLOCK 96 63
1860 UNBLOCK 62 73
1860 ORDER 1861 65 80 3 19 0
1860 BLOCK 48 18
1861 UNBLOCK 69 48
1861 ORDER 1862 14 21 3 44 0
1862 CANCEL 1687
1862 UNBLOCK 73 13
1862 ORDER 1863 63 86 39 87 0
1862 BLOCK 113 66
1863 UNBLOCK 5 77
1863 ORDER 1864 6 29 2 76 0
1864 ORDER 1865 106 69 1 87 2
1865 ORDER 1866 94 69 50 87 0
1865 BLOCK 70 69
1866 ORDER 1867 109 42 3 5 0
1867 UNBLOCK 111 46
1867 UNBLOCK 103 45
1867 ORDER 1868 58 17 3 41 1
1868 ORDER 1869 13 53 74 88 1
1868 BLOCK 26 26
1869 ORDER 1870 80 83 66 87 0
1870 UNBLOCK 92 62
1870 ORDER 1871 49 56 58 88 1
1870 BLOCK 68 68
1871 UNBLOCK 40 33
1871 ORDER 1872 33 44 45 87 0
1872 UNBLOCK 32 3
1872 ORDER 1873 55 30 107 87 1
1873 ORDER 1874 87 21 3 24 1
1873 BLOCK 46 87
1874 ORDER 1875 69 26 10 87 2
1875 ORDER 1876 61 44 1 82 0
1875 BLOCK 88 78
1876 ORDER 1877 79 17 2 17 0
1877 UNBLOCK 48 18
1877 ORDER 1878 47 33 95 87 0
1878 ORDER 1879 113 63 1 78 0
1878 BLOCK 22 74
1879 ORDER 1880 20 26 3 36 0
1879 BLOCK 71 25
1880 ORDER 1881 51 15 46 87 0
1880 BLOCK 44 65
1881 ORDER 1882 102 42 3 26 2
1882 ORDER 1883 35 60 94 88 0
1883 ORDER 1884 113 15 53 87 0
1884 ORDER 1885 99 63 3 50 3
1885 UNBLOCK 88 78
1885 ORDER 1886 44 48 91 88 0
1886 ORDER 1887 45 27 2 69 1
1886 BLOCK 61 65
1887 ORDER 1888 53 35 50 88 1
1887 BLOCK 80 53
1888 ORDER 1889 32 21 3 69 0
1889 ORDER 1890 13 21 1 55 0
1889 BLOCK 40 88
1890 ORDER 1891 56 36 2 23 2
1891 UNBLOCK 68 68
1891 ORDER 1892 15 75 80 88 0
1891 BLOCK 67 44
1892 ORDER 1893 25 14 3 78 1
1893 UNBLOCK 78 29
1893 ORDER 1894 65 63 1 47 0
1894 ORDER 1895 78 80 111 87 1
1894 BLOCK 85 66
1895 ORDER 1896 93 30 2 67 0
1895 BLOCK 67 32
1896 ORDER 1897 93 86 42 88 1
1896 BLOCK 90 5
1897 ORDER 1898 17 59 20 88 0
1897 BLOCK 100 69
1898 UNBLOCK 113 66
1898 ORDER 1899 63 53 2 16 0
1898 BLOCK 18 2
1899 ORDER 1900 64 42 3 82 3
1900 UNBLOCK 67 32
1900 ORDER 1901 47 68 17 88 0
1900 BLOCK 109 48
1901 ORDER 1902 111 82 1 28 0
1901 BLOCK 32 66
1902 ORDER 1903 21 66 2 33 0
1902 BLOCK 8 78
1903 UNBLOCK 73 19
1903 ORDER 1904 92 15 3 29 0
1904 ORDER 1905 25 50 2 16 3
1904 BLOCK 69 12
1905 UNBLOCK 70 69
1905 ORDER 1906 56 36 3 42 1
1905 BLOCK 34 51
1906 ORDER 1907 17 53 53 88 0
1906 BLOCK 12 86
1907 UNBLOCK 32 66
1907 ORDER 1908 94 12 1 53 0
1907 BLOCK 115 4
1908 UNBLOCK 91 12
1908 ORDER 1909 20 17 1 85 2
1909 ORDER 1910 34 69 71 88 1
1909 BLOCK 91 51
1910 UNBLOCK 67 44
1910 ORDER 1911 14 72 2 51 2
1911 ORDER 1912 76 68 2 6 1
1911 BLOCK 81 63
1912 ORDER 1913 42 26 100 88 1
1912 BLOCK 109 88
1913 ORDER 1914 76 27 68 87 1
1913 BLOCK 101 65
1914 ORDER 1915 85 71 42 87 1
1914 BLOCK 21 69
1915 UNBLOCK 100 69
1915 ORDER 1916 34 77 1 20 1
1915 BLOCK 8 20
1916 ORDER 1917 75 33 2 28 0
1916 BLOCK 105 48
1917 ORDER 1918 52 69 1 71 1
1917 BLOCK 16 65
1918 ORDER 1919 94 12 3 61 1
1919 UNBLOCK 22 74
1919 ORDER 1920 74 75 2 38 0
1920 ORDER 1921 33 60 1 78 0
1921 UNBLOCK 105 48
1921 ORDER 1922 36 74 18 88 2
1921 BLOCK 68 8
1922 ORDER 1923 102 35 2 59 0
1923 UNBLOCK 46 87
1923 UNBLOCK 80 53
1923 CANCEL 1894
1923 ORDER 1924 76 17 1 62 0
1924 ORDER 1925 110 29 5 88 0
1924 BLOCK 91 86
1925 UNBLOCK 8 20
1925 ORDER 1926 22 35 2 20 1
1925 BLOCK 58 29
1926 CANCEL 1748
1926 ORDER 1927 29 39 115 87 0
1926 BLOCK 62 50
1927 ORDER 1928 111 78 65 88 1
1927 BLOCK 33 79
1928 UNBLOCK 26 26
1928 UNBLOCK 8 78
1928 ORDER 1929 113 26 1 85 1
1928 BLOCK 31 74
1929 UNBLOCK 101 65
1929 ORDER 1930 102 78 2 42 0
1929 BLOCK 55 38
1930 ORDER 1931 87 48 8 87 0
1930 BLOCK 52 27
1931 UNBLOCK 62 50
1931 ORDER 1932 8 60 81 87 1
1932 UNBLOCK 71 25
1932 ORDER 1933 54 50 2 80 2
1933 UNBLOCK 12 86
1933 UNBLOCK 16 65
1933 ORDER 1934 7 18 1 29 1
1934 UNBLOCK 44 65
1934 ORDER 1935 64 33 3 77 3
1935 ORDER 1936 10 23 99 87 3
1935 BLOCK 62 15
1936 ORDER 1937 45 47 20 88 0
1937 UNBLOCK 109 88
1937 ORDER 1938 108 45 54 88 0
1938 ORDER 1939 97 27 24 87 2
1939 UNBLOCK 61 65
1939 UNBLOCK 40 88
1939 UNBLOCK 81 63
1939 ORDER 1940 93 53 27 88 1
1940 ORDER 1941 62 11 3 48 0
1940 BLOCK 91 60
1941 UNBLOCK 58 29
1941 ORDER 1942 39 51 9 88 1
1942 ORDER 1943 36 38 49 87 0
1942 BLOCK 107 71
1943 UNBLOCK 85 66
1943 UNBLOCK 31 74
1943 ORDER 1944 92 30 105 87 2
1944 UNBLOCK 69 12
1944 ORDER 1945 75 65 11 88 2
1945 ORDER 1946 40 57 1 22 3
1945 BLOCK 24 27
1946 UNBLOCK 18 2
1946 UNBLOCK 34 51
1946 UNBLOCK 115 4
1946 ORDER 1947 100 44 1 81 2
1946 BLOCK 30 5
1947 ORDER 1948 115 69 100 87 2
1948 CANCEL 1819
1948 ORDER 1949 93 6 3 17 2
1949 UNBLOCK 109 48
1949 UNBLOCK 91 86
1949 UNBLOCK 52 27
1949 ORDER 1950 49 38 2 2 0
1949 BLOCK 52 74
1950 ORDER 1951 56 53 27 87 0
1950 BLOCK 51 77
1951 ORDER 1952 7 54 82 87 0
1951 BLOCK 10 20
1952 ORDER 1953 13 18 63 87 2
1952 BLOCK 29 69
1953 ORDER 1954 58 74 57 87 0
1954 UNBLOCK 90 5
1954 ORDER 1955 64 26 114 88 0
1955 ORDER 1956 62 68 1 64 0
1955 BLOCK 29 51
1956 ORDER 1957 74 73 2 11 1
1956 BLOCK 76 53
1957 ORDER 1958 91 86 70 88 0
1957 BLOCK 48 74
1958 ORDER 1959 40 50 39 88 0
1959 ORDER 1960 37 8 1 76 0
1959 BLOCK 41 23
1960 UNBLOCK 62 15
1960 ORDER 1961 48 36 83 88 0
1960 BLOCK 49 44
1961 UNBLOCK 24 27
1961 ORDER 1962 105 20 1 69 0
1962 UNBLOCK 68 8
1962 ORDER 1963 39 24 3 24 0
1963 UNBLOCK 107 71
1963 ORDER 1964 100 50 7 88 1
1963 BLOCK 48 45
1964 UNBLOCK 55 38
1964 ORDER 1965 94 69 2 66 2
1965 UNBLOCK 33 79
1965 ORDER 1966 77 39 98 88 0
1966 ORDER 1967 102 17 92 87 1
1967 UNBLOCK 91 51
1967 ORDER 1968 94 45 2 70 0
1968 UNBLOCK 76 53
1968 ORDER 1969 74 44 2 63 1
1968 BLOCK 114 69
1969 UNBLOCK 21 69
1969 UNBLOCK 41 23
1969 ORDER 1970 6 39 2 75 2
1969 BLOCK 39 32
1970 UNBLOCK 10 20
1970 ORDER 1971 85 77 36 88 0
1970 BLOCK 23 65
1971 UNBLOCK 49 44
1971 ORDER 1972 50 36 3 24 2
1972 ORDER 1973 33 57 99 88 2
1973 ORDER 1974 77 21 3 85 0
1974 ORDER 1975 83 62 29 87 0
1974 BLOCK 36 48
1975 CANCEL 1920
1975 ORDER 1976 91 32 20 88 0
1976 ORDER 1977 32 59 76 88 0
1977 ORDER 1978 99 59 2 70 0
1978 UNBLOCK 91 60
1978 ORDER 1979 44 8 33 87 0
1978 BLOCK 7 63
1979 ORDER 1980 73 29 1 73 1
1979 BLOCK 84 33
1980 ORDER 1981 43 69 3 12 3
1981 ORDER 1982 20 80 94 87 0
1982 ORDER 1983 21 74 2 14 0
1983 ORDER 1984 76 11 67 88 1
1983 BLOCK 46 34
1984 ORDER 1985 30 57 73 87 2
1984 BLOCK 87 62
1985 ORDER 1986 111 29 31 87 1
1986 ORDER 1987 39 26 71 88 0
1987 UNBLOCK 51 77
1987 UNBLOCK 48 74
1987 ORDER 1988 82 54 103 87 1
1988 ORDER 1989 37 17 56 87 1
1989 CANCEL 1803
1989 UNBLOCK 52 74
1989 ORDER 1990 64 24 76 88 2
1989 BLOCK 90 18
1990 CANCEL 1928
1990 ORDER 1991 100 78 4 87 0
1990 BLOCK 75 78
1991 UNBLOCK 7 63
1991 ORDER 1992 113 72 3 65 1
1991 BLOCK 106 14
1992 ORDER 1993 50 8 2 87 1
1992 BLOCK 51 20
1993 ORDER 1994 89 60 2 31 0
1994 UNBLOCK 23 65
1994 ORDER 1995 107 26 3 36 1
1994 BLOCK 108 11
1995 ORDER 1996 51 23 8 87 1
1995 BLOCK 8 56
1996 ORDER 1997 36 75 67 87 0
1997 ORDER 1998 8 29 1 3 0
1997 BLOCK 65 72
1998 UNBLOCK 46 34
1998 UNBLOCK 75 78
1998 ORDER 1999 44 39 3 24 1
1998 BLOCK 24 84
1999 ORDER 2000 89 17 47 88 0
1999 BLOCK 60 61
2000 CANCEL 1921
2000 UNBLOCK 36 48
2000 ORDER 2001 53 36 83 87 1
2000 BLOCK 76 27
2001 UNBLOCK 29 69
2001 ORDER 2002 86 11 3 24 0
2002 UNBLOCK 51 20
2002 ORDER 2003 36 71 1 11 2
2003 ORDER 2004 93 50 1 22 3
2004 ORDER 2005 26 78 11 88 1
2004 BLOCK 93 88
2005 ORDER 2006 13 13 1 79 0
2005 BLOCK 112 3
2006 UNBLOCK 30 5
2006 ORDER 2007 57 51 3 54 0
2006 BLOCK 106 24
2007 ORDER 2008 70 8 1 1 1
2007 BLOCK 20 77
2008 UNBLOCK 65 72
2008 ORDER 2009 83 83 2 22 0
2008 BLOCK 38 62
2009 UNBLOCK 60 61
2009 ORDER 2010 96 63 74 88 1
2009 BLOCK 12 8
2010 UNBLOCK 29 51
2010 UNBLOCK 108 11
2010 ORDER 2011 13 11 40 87 1
2010 BLOCK 14 63
2011 ORDER 2012 29 32 11 87 1
2012 ORDER 2013 84 24 2 34 0
2012 BLOCK 28 77
2013 UNBLOCK 48 45
2013 ORDER 2014 87 12 20 88 0
2013 BLOCK 61 44
2014 ORDER 2015 17 30 37 87 2
2015 ORDER 2016 33 63 1 8 0
2016 UNBLOCK 87 62
2016 UNBLOCK 112 3
2016 ORDER 2017 30 18 2 1 0
2016 BLOCK 70 26
2017 UNBLOCK 114 69
2017 ORDER 2018 68 72 15 87 0
2017 BLOCK 88 39
2018 ORDER 2019 47 50 109 88 1
2019 ORDER 2020 64 32 1 87 0
2020 ORDER 2021 84 75 2 52 1
2021 UNBLOCK 61 44
2021 ORDER 2022 103 21 4 88 1
2021 BLOCK 71 20
2022 UNBLOCK 90 18
2022 ORDER 2023 54 62 15 87 0
2022 BLOCK 26 11
2023 UNBLOCK 39 32
2023 UNBLOCK 93 88
2023 ORDER 2024 71 47 3 62 0
2023 BLOCK 114 20
2024 ORDER 2025 28 47 112 87 0
2024 BLOCK 54 20
2025 ORDER 2026 21 33 2 43 0
2025 BLOCK 109 36
2026 UNBLOCK 84 33
2026 ORDER 2027 104 44 50 87 0
2027 ORDER 2028 18 63 65 88 0
2028 CANCEL 1998
2028 ORDER 2029 14 44 39 87 0
2029 ORDER 2030 56 11 2 6 0
2029 BLOCK 21 88
2030 ORDER 2031 70 57 1 65 2
2031 UNBLOCK 114 20
2031 ORDER 2032 28 8 74 88 0
2032 UNBLOCK 106 14
2032 ORDER 2033 75 20 3 79 0
2033 ORDER 2034 89 47 2 81 2
2034 ORDER 2035 13 5 1 23 0
2034 BLOCK 9 84
2035 UNBLOCK 8 56
2035 ORDER 2036 92 72 115 88 0
2035 BLOCK 103 2
2036 ORDER 2037 102 33 25 87 2
2036 BLOCK 61 28
2037 UNBLOCK 106 24
2037 ORDER 2038 9 3 2 85 1
2037 BLOCK 102 35
2038 UNBLOCK 24 84
2038 ORDER 2039 110 83 1 41 0
2038 BLOCK 54 86
2039 ORDER 2040 102 11 2 51 0
2039 BLOCK 28 80
2040 UNBLOCK 54 20
2040 ORDER 2041 70 75 3 34 1
2040 BLOCK 77 50
2041 ORDER 2042 69 23 117 88 0
2041 BLOCK 97 59
2042 ORDER 2043 67 80 3 5 0
2043 ORDER 2044 114 62 2 37 0
2044 ORDER 2045 103 74 2 87 0
2044 BLOCK 76 53
2045 ORDER 2046 45 77 1 20 0
2045 BLOCK 95 53
2046 UNBLOCK 14 63
2046 UNBLOCK 109 36
2046 ORDER 2047 95 14 15 88 0
2046 BLOCK 16 10
2047 ORDER 2048 111 6 1 42 0
2047 BLOCK 17 66
2048 UNBLOCK 21 88
2048 UNBLOCK 61 28
2048 ORDER 2049 50 11 12 88 0
2049 UNBLOCK 70 26
2049 ORDER 2050 16 53 64 88 0
2050 ORDER 2051 7 75 3 41 0
2050 BLOCK 73 16
2051 UNBLOCK 76 27
2051 ORDER 2052 92 8 55 87 1
2051 BLOCK 72 13
2052 ORDER 2053 71 36 5 87 0
2052 BLOCK 62 71
2053 ORDER 2054 66 74 72 87 0
2053 BLOCK 79 54
2054 ORDER 2055 105 56 2 13 0
2054 BLOCK 31 41
2055 UNBLOCK 95 53
2055 ORDER 2056 57 74 13 88 0
2055 BLOCK 17 88
2056 UNBLOCK 88 39
2056 UNBLOCK 76 53
2056 ORDER 2057 111 38 12 87 0
2056 BLOCK 81 50
2057 UNBLOCK 77 50
2057 ORDER 2058 83 63 17 87 3
2057 BLOCK 79 55
2058 UNBLOCK 38 62
2058 ORDER 2059 34 62 16 87 0
2059 ORDER 2060 38 63 41 88 0
2059 BLOCK 99 25
2060 UNBLOCK 20 77
2060 ORDER 2061 7 66 10 88 0
2060 BLOCK 25 27
2061 UNBLOCK 12 8
2061 ORDER 2062 48 38 37 87 0
2062 ORDER 2063 11 26 73 88 1
2062 BLOCK 83 44
2063 UNBLOCK 28 77
2063 ORDER 2064 31 5 20 88 1
2064 ORDER 2065 25 45 2 72 1
2065 ORDER 2066 56 9 2 19 1
2065 BLOCK 51 38
2066 ORDER 2067 12 54 1 60 0
2067 ORDER 2068 41 71 118 87 0
2067 BLOCK 101 73
2068 UNBLOCK 99 25
2068 ORDER 2069 30 33 2 60 1
2069 UNBLOCK 31 41
2069 ORDER 2070 72 71 114 88 0
2070 ORDER 2071 109 50 81 88 0
2071 UNBLOCK 72 13
2071 ORDER 2072 69 78 41 87 1
2072 UNBLOCK 26 11
2072 ORDER 2073 54 59 2 86 0
2072 BLOCK 80 27
2073 ORDER 2074 46 41 51 88 2
2074 UNBLOCK 81 50
2074 UNBLOCK 51 38
2074 ORDER 2075 72 29 1 27 3
2074 BLOCK 35 7
2075 UNBLOCK 28 80
2075 ORDER 2076 67 69 3 49 2
2075 BLOCK 38 88
2076 UNBLOCK 73 16
2076 ORDER 2077 26 84 62 88 3
2076 BLOCK 111 22
2077 ORDER 2078 114 60 57 88 2
2077 BLOCK 18 68
2078 ORDER 2079 85 20 2 39 1
2079 ORDER 2080 107 72 29 88 0
2080 CANCEL 2006
2080 UNBLOCK 71 20
2080 ORDER 2081 85 57 2 52 1
2080 BLOCK 12 83
2081 ORDER 2082 71 81 29 87 0
2081 BLOCK 57 6
2082 ORDER 2083 55 24 19 88 1
2082 BLOCK 16 77
2083 ORDER 2084 20 39 3 22 2
2084 UNBLOCK 17 66
2084 ORDER 2085 30 33 116 87 1
2084 BLOCK 108 72
2085 UNBLOCK 18 68
2085 ORDER 2086 35 54 100 87 0
2086 ORDER 2087 21 14 95 87 0
2086 BLOCK 45 50
2087 ORDER 2088 60 86 1 20 0
2087 BLOCK 58 56
2088 UNBLOCK 35 7
2088 ORDER 2089 53 20 69 88 0
2089 UNBLOCK 9 84
2089 ORDER 2090 50 18 1 16 0
2090 ORDER 2091 11 41 38 88 3
2090 BLOCK 56 1
2091 UNBLOCK 103 2
2091 ORDER 2092 28 45 19 88 0
2091 BLOCK 6 87
2092 ORDER 2093 45 27 74 88 0
2093 ORDER 2094 49 81 3 88 0
2093 BLOCK 52 56
2094 ORDER 2095 93 63 103 87 0
2095 UNBLOCK 102 35
2095 UNBLOCK 16 10
2095 ORDER 2096 60 68 40 87 0
2095 BLOCK 11 48
2096 UNBLOCK 79 54
2096 ORDER 2097 36 63 11 88 1
2096 BLOCK 64 27
2097 UNBLOCK 54 86
2097 UNBLOCK 97 59
2097 ORDER 2098 90 57 5 88 1
2097 BLOCK 43 39
2098 ORDER 2099 95 57 1 27 1
2099 ORDER 2100 37 44 1 49 1
2100 UNBLOCK 17 88
2100 UNBLOCK 79 55
2100 ORDER 2101 14 59 65 88 0
2100 BLOCK 62 47
2101 ORDER 2102 57 8 27 88 0
2101 BLOCK 23 1
2102 UNBLOCK 83 44
2102 ORDER 2103 94 60 2 27 0
2102 BLOCK 46 41
2103 UNBLOCK 101 73
2103 ORDER 2104 89 20 1 22 1
2104 UNBLOCK 52 56
2104 ORDER 2105 49 24 36 87 2
2105 ORDER 2106 90 12 3 5 1
2105 BLOCK 65 12
2106 UNBLOCK 56 1
2106 UNBLOCK 6 87
2106 ORDER 2107 101 11 3 36 0
2107 ORDER 2108 75 17 2 24 0
2107 BLOCK 60 5
2108 UNBLOCK 62 71
2108 UNBLOCK 64 27
2108 ORDER 2109 6 83 51 87 2
2108 BLOCK 109 81
2109 UNBLOCK 57 6
2109 UNBLOCK 58 56
2109 ORDER 2110 7 68 43 87 0
2109 BLOCK 97 26
2110 UNBLOCK 45 50
2110 ORDER 2111 63 50 3 58 0
2110 BLOCK 55 81
2111 ORDER 2112 16 50 2 21 0
2111 BLOCK 107 17
2112 UNBLOCK 25 27
2112 ORDER 2113 39 74 2 49 0
2112 BLOCK 57 4
2113 ORDER 2114 101 57 13 88 3
2114 ORDER 2115 17 47 50 87 2
2115 ORDER 2116 59 77 1 84 1
2115 BLOCK 50 3
2116 ORDER 2117 48 78 112 87 0
2117 UNBLOCK 108 72
2117 UNBLOCK 57 4
2117 ORDER 2118 7 5 1 34 2
2117 BLOCK 37 26
2118 ORDER 2119 26 30 34 88 1
2119 ORDER 2120 85 62 3 38 0
2120 ORDER 2121 81 12 82 87 1
2121 UNBLOCK 109 81
2121 ORDER 2122 78 56 2 68 1
2121 BLOCK 39 87
2122 UNBLOCK 37 26
2122 ORDER 2123 16 85 63 87 0
2123 ORDER 2124 58 75 2 4 1
2123 BLOCK 78 23
2124 UNBLOCK 80 27
2124 UNBLOCK 111 22
2124 UNBLOCK 65 12
2124 ORDER 2125 46 17 2 28 0
2124 BLOCK 25 44
2125 UNBLOCK 43 39
2125 UNBLOCK 107 17
2125 ORDER 2126 100 69 2 76 1
2126 UNBLOCK 60 5
2126 ORDER 2127 96 35 1 54 0
2126 BLOCK 7 30
2127 UNBLOCK 55 81
2127 ORDER 2128 65 14 2 49 0
2128 ORDER 2129 65 32 3 35 1
2128 BLOCK 110 11
2129 ORDER 2130 45 62 19 87 0
2130 UNBLOCK 16 77
2130 ORDER 2131 20 74 1 25 1
2130 BLOCK 6 62
2131 ORDER 2132 78 78 118 87 0
2131 BLOCK 32 74
2132 UNBLOCK 38 88
2132 UNBLOCK 50 3
2132 ORDER 2133 8 57 1 68 0
2132 BLOCK 66 54
2133 CANCEL 2084
2133 CANCEL 2120
2133 ORDER 2134 106 39 3 6 0
2133 BLOCK 43 7
2134 ORDER 2135 94 65 2 2 0
2134 BLOCK 89 12
2135 ORDER 2136 69 3 2 43 1
2136 ORDER 2137 7 62 33 88 0
2137 ORDER 2138 108 59 32 88 0
2138 ORDER 2139 49 53 38 87 0
2139 ORDER 2140 43 33 3 60 1
2139 BLOCK 114 2
2140 UNBLOCK 12 83
2140 ORDER 2141 18 72 116 88 2
2141 ORDER 2142 81 71 7 88 0
2142 UNBLOCK 62 47
2142 ORDER 2143 28 72 3 29 2
2142 BLOCK 111 5
2143 ORDER 2144 55 45 1 85 0
2144 ORDER 2145 75 8 64 87 0
2145 UNBLOCK 78 23
2145 ORDER 2146 92 74 26 87 2
2146 ORDER 2147 41 24 15 88 0
2146 BLOCK 12 15
2147 UNBLOCK 46 41
2147 ORDER 2148 55 77 3 49 3
2148 UNBLOCK 11 48
2148 ORDER 2149 82 56 3 78 2
2148 BLOCK 45 22
2149 ORDER 2150 9 9 1 59 0
2150 ORDER 2151 111 44 2 18 2
2151 ORDER 2152 103 53 1 69 0
2151 BLOCK 45 87
2152 ORDER 2153 6 41 56 88 0
2152 BLOCK 10 69
2153 UNBLOCK 23 1
2153 CANCEL 2107
2153 ORDER 2154 32 70 38 87 0
2154 ORDER 2155 48 78 10 87 1
2155 UNBLOCK 7 30
2155 ORDER 2156 18 56 72 87 1
2155 BLOCK 15 41
2156 ORDER 2157 21 38 1 14 0
2156 BLOCK 88 45
2157 UNBLOCK 89 12
2157 ORDER 2158 83 68 101 87 0
2158 ORDER 2159 52 5 61 88 0
2158 BLOCK 114 84
2159 ORDER 2160 55 54 85 87 1
2160 ORDER 2161 94 56 2 84 0
2160 BLOCK 24 56
2161 ORDER 2162 46 54 15 87 1
2161 BLOCK 68 71
2162 ORDER 2163 93 50 2 6 0
2162 BLOCK 51 44
2163 ORDER 2164 29 23 112 88 0
2163 BLOCK 80 81
2164 ORDER 2165 47 32 95 88 1
2165 UNBLOCK 97 26
2165 UNBLOCK 25 44
2165 ORDER 2166 70 78 2 19 0
2165 BLOCK 58 59
2166 CANCEL 2108
2166 UNBLOCK 110 11
2166 ORDER 2167 55 48 2 10 1
2167 UNBLOCK 39 87
2167 UNBLOCK 45 22
2167 UNBLOCK 68 71
2167 ORDER 2168 78 23 2 26 1
2167 BLOCK 5 20
2168 ORDER 2169 18 66 43 88 0
2169 ORDER 2170 93 63 3 85 0
2170 ORDER 2171 51 12 87 87 0
2171 ORDER 2172 62 78 3 10 2
2172 ORDER 2173 9 50 118 87 0
2172 BLOCK 28 60
2173 UNBLOCK 32 74
2173 UNBLOCK 80 81
2173 ORDER 2174 105 72 3 38 0
2173 BLOCK 42 68
2174 ORDER 2175 81 69 2 34 0
2175 ORDER 2176 47 54 1 45 0
2175 BLOCK 98 59
2176 CANCEL 2024
2176 UNBLOCK 43 7
2176 UNBLOCK 51 44
2176 ORDER 2177 17 83 90 88 0
2176 BLOCK 99 39
2177 ORDER 2178 21 83 48 88 0
2178 ORDER 2179 114 44 3 63 1
2178 BLOCK 93 5
2179 ORDER 2180 70 30 1 61 0
2180 ORDER 2181 81 84 115 87 2
2180 BLOCK 22 57
2181 UNBLOCK 114 84
2181 ORDER 2182 70 21 3 67 0
2181 BLOCK 94 20
2182 UNBLOCK 58 59
2182 ORDER 2183 7 21 3 70 0
2182 BLOCK 12 21
2183 UNBLOCK 6 62
2183 ORDER 2184 45 36 53 87 2
2183 BLOCK 67 42
2184 ORDER 2185 93 29 98 88 2
2185 UNBLOCK 12 15
2185 ORDER 2186 64 51 50 87 1
2185 BLOCK 61 17
2186 ORDER 2187 14 72 2 31 2
2186 BLOCK 62 18
2187 ORDER 2188 20 75 2 14 0
2188 UNBLOCK 22 57
2188 ORDER 2189 59 57 3 42 0
2188 BLOCK 92 65
2189 ORDER 2190 95 60 3 83 0
2189 BLOCK 32 41
2190 ORDER 2191 32 45 7 87 0
2191 CANCEL 1992
2191 ORDER 2192 26 60 2 30 0
2191 BLOCK 15 17
2192 UNBLOCK 66 54
2192 ORDER 2193 35 3 2 6 3
2192 BLOCK 99 81
2193 UNBLOCK 114 2
2193 ORDER 2194 112 41 3 67 1
2193 BLOCK 5 64
2194 UNBLOCK 61 17
2194 ORDER 2195 22 3 2 6 1
2194 BLOCK 73 48
2195 ORDER 2196 35 3 1 82 2
2196 ORDER 2197 63 50 79 87 3
2197 UNBLOCK 111 5
2197 UNBLOCK 5 20
2197 ORDER 2198 83 63 110 87 0
2198 ORDER 2199 91 41 1 1 0
2198 BLOCK 57 32
2199 UNBLOCK 88 45
2199 ORDER 2200 50 18 1 55 1
2199 BLOCK 21 47
2200 UNBLOCK 67 42
2200 ORDER 2201 46 5 84 87 1
2201 UNBLOCK 24 56
2201 ORDER 2202 49 74 85 88 1
2201 BLOCK 112 3
2202 UNBLOCK 42 68
2202 ORDER 2203 9 72 2 66 1
2202 BLOCK 15 83
2203 ORDER 2204 112 62 74 88 2
2203 BLOCK 97 33
2204 UNBLOCK 45 87
2204 ORDER 2205 90 65 14 87 1
2204 BLOCK 98 17
2205 ORDER 2206 93 65 1 87 1
2205 BLOCK 26 69
2206 UNBLOCK 10 69
2206 UNBLOCK 32 41
2206 ORDER 2207 85 54 79 88 1
2207 ORDER 2208 38 65 11 87 1
2208 ORDER 2209 56 51 59 87 0
2209 ORDER 2210 29 26 3 48 0
2209 BLOCK 20 5
2210 UNBLOCK 15 41
2210 ORDER 2211 11 66 115 87 0
2211 ORDER 2212 56 30 3 6 1
2211 BLOCK 58 23
2212 ORDER 2213 115 20 2 51 1
2213 UNBLOCK 93 5
2213 UNBLOCK 15 17
2213 ORDER 2214 81 12 1 39 1
2213 BLOCK 20 29
2214 ORDER 2215 107 72 73 87 1
2214 BLOCK 92 32
2215 UNBLOCK 12 21
2215 ORDER 2216 59 29 106 87 0
2215 BLOCK 76 6
2216 ORDER 2217 39 29 3 14 2
2216 BLOCK 85 44
2217 ORDER 2218 53 60 2 60 3
2217 BLOCK 115 60
2218 UNBLOCK 5 64
2218 ORDER 2219 102 44 107 87 1
2218 BLOCK 69 73
2219 ORDER 2220 47 38 24 87 2
2219 BLOCK 34 2
2220 ORDER 2221 47 60 2 87 1
2221 ORDER 2222 90 60 73 87 0
2221 BLOCK 94 10
2222 ORDER 2223 89 71 3 87 0
2222 BLOCK 106 33
2223 UNBLOCK 98 59
2223 ORDER 2224 13 18 14 88 2
2223 BLOCK 16 69
2224 UNBLOCK 20 29
2224 ORDER 2225 100 63 33 88 1
2225 UNBLOCK 69 73
2225 ORDER 2226 27 5 3 39 1
2226 UNBLOCK 62 18
2226 ORDER 2227 50 57 1 41 2
2227 ORDER 2228 82 65 3 38 0
2228 UNBLOCK 57 32
2228 ORDER 2229 53 62 1 7 1
2229 UNBLOCK 97 33
2229 ORDER 2230 40 83 30 88 0
2229 BLOCK 57 63
2230 UNBLOCK 28 60
2230 UNBLOCK 94 20
2230 ORDER 2231 58 29 3 74 1
2231 ORDER 2232 26 24 34 88 0
2231 BLOCK 23 15
2232 ORDER 2233 101 11 9 88 3
2233 UNBLOCK 92 65
2233 UNBLOCK 58 23
2233 ORDER 2234 12 12 1 74 0
2234 ORDER 2235 53 86 3 40 0
2234 BLOCK 50 20
2235 CANCEL 2115
2235 UNBLOCK 99 39
2235 ORDER 2236 41 11 18 87 1
2235 BLOCK 60 64
2236 UNBLOCK 21 47
2236 ORDER 2237 35 12 22 88 1
2237 UNBLOCK 99 81
2237 ORDER 2238 104 86 76 87 1
2238 UNBLOCK 26 69
2238 UNBLOCK 76 6
2238 ORDER 2239 12 38 2 73 0
2238 BLOCK 66 70
2239 UNBLOCK 15 83
2239 ORDER 2240 12 21 2 80 0
2240 UNBLOCK 98 17
2240 ORDER 2241 26 68 75 87 1
2240 BLOCK 45 62
2241 CANCEL 2166
2241 UNBLOCK 34 2
2241 ORDER 2242 73 56 82 87 0
2242 UNBLOCK 92 32
2242 ORDER 2243 96 71 14 88 2
2243 ORDER 2244 29 78 2 10 1
2244 ORDER 2245 91 30 1 8 0
2244 BLOCK 43 74
2245 UNBLOCK 73 48
2245 ORDER 2246 115 45 118 87 0
2246 ORDER 2247 78 38 1 5 1
2246 BLOCK 77 27
2247 ORDER 2248 80 62 3 63 0
2247 BLOCK 25 26
2248 UNBLOCK 20 5
2248 ORDER 2249 102 41 12 87 1
2248 BLOCK 83 30
2249 ORDER 2250 51 20 18 88 0
2249 BLOCK 93 80
2250 ORDER 2251 28 5 15 88 0
2251 ORDER 2252 90 65 41 88 1
2252 UNBLOCK 23 15
2252 ORDER 2253 105 56 2 11 1
2253 UNBLOCK 115 60
2253 ORDER 2254 24 57 100 87 0
2253 BLOCK 80 55
2254 ORDER 2255 16 63 5 87 0
2255 UNBLOCK 112 3
2255 ORDER 2256 37 29 3 32 0
2256 ORDER 2257 65 81 3 25 0
2256 BLOCK 111 3
2257 UNBLOCK 93 80
2257 ORDER 2258 114 10 1 60 0
2258 ORDER 2259 95 77 2 88 0
2259 ORDER 2260 86 78 3 38 0
2259 BLOCK 25 75
2260 UNBLOCK 60 64
2260 ORDER 2261 47 15 20 88 0
2260 BLOCK 83 87
2261 ORDER 2262 53 57 1 81 0
2261 BLOCK 97 38
2262 UNBLOCK 83 30
2262 ORDER 2263 33 6 1 47 0
2262 BLOCK 96 56
2263 CANCEL 2258
2263 ORDER 2264 103 27 2 68 1
2264 UNBLOCK 106 33
2264 ORDER 2265 33 47 94 88 0
2264 BLOCK 85 36
2265 UNBLOCK 83 87
2265 ORDER 2266 16 56 2 79 0
2266 ORDER 2267 101 54 99 88 0
2267 UNBLOCK 85 44
2267 ORDER 2268 102 29 1 62 0
2268 CANCEL 2253
2268 ORDER 2269 76 80 67 87 2
2268 BLOCK 57 56
2269 ORDER 2270 83 83 13 88 0
2269 BLOCK 75 26
2270 ORDER 2271 29 30 35 88 0
2271 UNBLOCK 16 69
2271 UNBLOCK 45 62
2271 UNBLOCK 111 3
2271 ORDER 2272 40 27 71 88 0
2271 BLOCK 103 68
2272 ORDER 2273 31 53 3 49 0
2272 BLOCK 16 15
2273 ORDER 2274 63 83 51 88 0
2273 BLOCK 21 5
2274 UNBLOCK 57 63
2274 ORDER 2275 22 69 1 43 0
2274 BLOCK 42 69
2275 ORDER 2276 28 40 1 28 2
2276 ORDER 2277 10 54 1 43 3
2276 BLOCK 27 36
2277 UNBLOCK 77 27
2277 ORDER 2278 36 14 1 70 1
2278 UNBLOCK 94 10
2278 ORDER 2279 77 58 2 7 0
2279 UNBLOCK 50 20
2279 UNBLOCK 75 26
2279 ORDER 2280 104 68 2 36 0
2279 BLOCK 10 69
2280 ORDER 2281 91 48 3 4 0
2281 ORDER 2282 23 32 88 88 0
2281 BLOCK 17 3
2282 ORDER 2283 20 44 2 13 1
2283 ORDER 2284 93 41 1 40 0
2283 BLOCK 102 26
2284 UNBLOCK 10 69
2284 ORDER 2285 35 35 3 33 0
2285 ORDER 2286 59 3 64 87 0
2285 BLOCK 98 17
2286 UNBLOCK 25 75
2286 ORDER 2287 6 44 53 88 0
2287 ORDER 2288 48 65 2 75 1
2288 UNBLOCK 25 26
2288 UNBLOCK 57 56
2288 ORDER 2289 53 6 11 88 2
2288 BLOCK 18 6
2289 ORDER 2290 8 33 3 82 1
2290 UNBLOCK 43 74
2290 UNBLOCK 103 68
2290 ORDER 2291 41 80 82 88 0
2290 BLOCK 87 33
2291 ORDER 2292 36 50 1 12 0
2291 BLOCK 17 72
2292 ORDER 2293 115 21 1 80 0
2293 UNBLOCK 66 70
2293 UNBLOCK 16 15
2293 ORDER 2294 13 18 76 87 1
2293 BLOCK 114 14
2294 UNBLOCK 42 69
2294 ORDER 2295 35 21 2 31 2
2294 BLOCK 92 33
2295 ORDER 2296 103 39 3 56 0
2295 BLOCK 13 26
2296 ORDER 2297 57 66 15 88 2
2297 ORDER 2298 81 60 1 7 0
2298 UNBLOCK 80 55
2298 ORDER 2299 67 62 1 14 1
2298 BLOCK 58 1
2299 ORDER 2300 66 56 95 88 0
2300 ORDER 2301 54 74 97 88 1
2300 BLOCK 54 42
2301 ORDER 2302 67 74 2 29 0
2301 BLOCK 60 55
2302 ORDER 2303 30 54 3 9 0
2303 ORDER 2304 12 51 1 62 1
2304 UNBLOCK 114 14
2304 ORDER 2305 26 38 1 9 0
2304 BLOCK 18 39
2305 ORDER 2306 98 80 39 88 0
2305 BLOCK 96 52
2306 UNBLOCK 97 38
2306 ORDER 2307 111 15 3 80 1
2306 BLOCK 51 65
2307 UNBLOCK 18 6
2307 ORDER 2308 71 32 2 22 0
2307 BLOCK 96 7
2308 UNBLOCK 54 42
2308 ORDER 2309 69 44 90 87 3
2308 BLOCK 84 67
2309 ORDER 2310 15 56 55 87 0
2309 BLOCK 75 47
2310 UNBLOCK 102 26
2310 ORDER 2311 10 12 89 87 1
2310 BLOCK 15 80
2311 UNBLOCK 21 5
2311 UNBLOCK 27 36
2311 ORDER 2312 15 69 1 10 1
2311 BLOCK 101 65
2312 ORDER 2313 65 78 2 16 2
2313 UNBLOCK 96 7
2313 ORDER 2314 21 57 77 87 0
2314 ORDER 2315 7 81 71 87 0
2315 ORDER 2316 89 5 2 28 0
2315 BLOCK 22 41
2316 ORDER 2317 42 47 99 87 0
2316 BLOCK 90 18
2317 UNBLOCK 58 1
2317 ORDER 2318 8 12 91 87 1
2318 ORDER 2319 54 81 2 48 1
2318 BLOCK 82 71
2319 UNBLOCK 17 72
2319 ORDER 2320 79 29 99 88 0
2320 UNBLOCK 96 56
2320 UNBLOCK 85 36
2320 UNBLOCK 98 17
2320 UNBLOCK 87 33
2320 UNBLOCK 60 55
2320 ORDER 2321 55 74 3 50 3
2321 ORDER 2322 7 83 2 39 1
2322 ORDER 2323 65 84 13 87 0
2322 BLOCK 37 35
2323 UNBLOCK 84 67
2323 ORDER 2324 32 83 2 82 0
2324 ORDER 2325 115 69 5 88 0
2325 ORDER 2326 48 86 30 88 0
2326 UNBLOCK 92 33
2326 ORDER 2327 88 21 31 88 0
2326 BLOCK 87 86
2327 UNBLOCK 82 71
2327 ORDER 2328 9 35 38 88 2
2328 ORDER 2329 107 57 3 24 1
2328 BLOCK 72 18
2329 UNBLOCK 96 52
2329 ORDER 2330 35 45 98 88 0
2330 ORDER 2331 48 60 2 77 2
2330 BLOCK 76 41
2331 ORDER 2332 108 57 51 87 0
2331 BLOCK 81 3
2332 CANCEL 2255
2332 ORDER 2333 63 29 97 88 2
2333 UNBLOCK 17 3
2333 UNBLOCK 18 39
2333 ORDER 2334 28 30 1 42 0
2333 BLOCK 86 8
2334 ORDER 2335 39 86 3 2 0
2335 ORDER 2336 92 62 65 88 2
2336 ORDER 2337 21 20 58 88 2
2337 ORDER 2338 37 51 2 35 1
2337 BLOCK 92 84
2338 ORDER 2339 78 59 2 28 0
2338 BLOCK 6 32
2339 ORDER 2340 94 35 4 87 0
2339 BLOCK 54 59
2340 ORDER 2341 70 36 37 87 0
2340 BLOCK 115 74
2341 ORDER 2342 32 80 101 88 3
2342 ORDER 2343 31 20 1 75 0
2342 BLOCK 78 39
2343 ORDER 2344 60 11 52 88 1
2344 ORDER 2345 87 68 18 87 1
2344 BLOCK 29 39
2345 ORDER 2346 108 32 63 87 1
2346 UNBLOCK 75 47
2346 ORDER 2347 52 11 3 24 0
2347 ORDER 2348 43 71 77 88 1
2347 BLOCK 110 84
2348 ORDER 2349 107 20 1 37 0
2349 ORDER 2350 64 5 3 70 1
2350 ORDER 2351 12 15 2 52 1
2351 UNBLOCK 13 26
2351 UNBLOCK 15 80
2351 UNBLOCK 101 65
2351 ORDER 2352 58 65 2 78 0
2351 BLOCK 83 21
2352 ORDER 2353 8 30 3 16 1
2352 BLOCK 6 9
2353 ORDER 2354 29 54 10 87 0
2353 BLOCK 109 84
2354 UNBLOCK 22 41
2354 ORDER 2355 17 36 2 86 0
2354 BLOCK 74 14
2355 UNBLOCK 51 65
2355 ORDER 2356 62 32 3 37 3
2356 UNBLOCK 37 35
2356 ORDER 2357 77 56 34 87 0
2356 BLOCK 105 69
2357 ORDER 2358 85 62 1 31 3
2358 ORDER 2359 45 39 91 88 3
2359 ORDER 2360 17 18 1 61 0
2360 ORDER 2361 95 44 3 40 0
2361 UNBLOCK 86 8
2361 ORDER 2362 16 30 79 87 0
2362 ORDER 2363 86 53 34 87 0
2363 UNBLOCK 87 86
2363 ORDER 2364 47 24 3 14 2
2363 BLOCK 55 62
2364 UNBLOCK 110 84
2364 UNBLOCK 105 69
2364 ORDER 2365 63 62 2 81 0
2364 BLOCK 24 7
2365 ORDER 2366 19 5 3 86 0
2366 UNBLOCK 6 32
2366 ORDER 2367 84 33 45 88 1
2366 BLOCK 45 11
2367 UNBLOCK 90 18
2367 ORDER 2368 9 20 2 38 0
2367 BLOCK 24 33
2368 ORDER 2369 61 66 2 56 0
2369 UNBLOCK 78 39
2369 ORDER 2370 39 59 2 16 1
2369 BLOCK 34 57
2370 UNBLOCK 109 84
2370 ORDER 2371 90 30 3 6 1
2371 ORDER 2372 84 39 2 59 0
2372 ORDER 2373 72 18 26 87 0
2373 UNBLOCK 81 3
2373 ORDER 2374 66 29 2 41 0
2374 ORDER 2375 110 39 7 87 2
2375 ORDER 2376 22 51 2 41 0
2376 ORDER 2377 55 17 3 77 3
2376 BLOCK 51 50
2377 UNBLOCK 6 9
2377 ORDER 2378 114 12 35 88 2
2378 ORDER 2379 59 51 22 87 0
2378 BLOCK 52 66
2379 UNBLOCK 72 18
2379 ORDER 2380 60 45 9 87 1
2380 ORDER 2381 7 69 3 65 0
2380 BLOCK 61 56
2381 UNBLOCK 29 39
2381 ORDER 2382 82 32 91 88 2
2382 UNBLOCK 54 59
2382 ORDER 2383 17 20 67 87 0
2383 ORDER 2384 56 36 10 87 1
2384 ORDER 2385 100 53 1 65 0
2384 BLOCK 87 56
2385 ORDER 2386 24 20 1 2 0
2386 CANCEL 2251
2386 ORDER 2387 17 72 3 53 0
2387 UNBLOCK 76 41
2387 ORDER 2388 6 68 97 87 0
2388 ORDER 2389 45 50 69 88 0
2389 ORDER 2390 10 84 3 12 0
2389 BLOCK 50 86
2390 ORDER 2391 102 47 3 21 0
2390 BLOCK 114 82
2391 ORDER 2392 21 68 89 87 0
2391 BLOCK 28 1
2392 ORDER 2393 70 75 2 51 1
2392 BLOCK 109 42
2393 ORDER 2394 112 23 26 88 1
2394 ORDER 2395 91 42 3 81 0
2395 UNBLOCK 92 84
2395 UNBLOCK 61 56
2395 ORDER 2396 26 71 3 23 0
2395 BLOCK 26 23
2396 UNBLOCK 115 74
2396 ORDER 2397 31 41 3 28 0
2397 ORDER 2398 74 60 2 27 0
2398 ORDER 2399 13 68 1 23 3
2399 UNBLOCK 83 21
2399 UNBLOCK 55 62
2399 ORDER 2400 94 32 1 28 0
2399 BLOCK 45 78
2400 CANCEL 2290
2400 UNBLOCK 52 66
2400 ORDER 2401 20 62 3 61 1
2401 UNBLOCK 114 82
2401 ORDER 2402 7 68 3 11 1
2402 ORDER 2403 98 14 2 34 0
2402 BLOCK 48 30
2403 UNBLOCK 74 14
2403 ORDER 2404 109 18 30 88 1
2403 BLOCK 32 72
2404 UNBLOCK 87 56
2404 ORDER 2405 70 47 118 87 1
2404 BLOCK 72 80
2405 ORDER 2406 52 63 56 87 0
2405 BLOCK 46 17
2406 ORDER 2407 55 86 2 21 0
2406 BLOCK 17 12
2407 ORDER 2408 29 78 3 7 0
2407 BLOCK 32 20
2408 UNBLOCK 24 7
2408 UNBLOCK 26 23
2408 ORDER 2409 21 17 64 87 1
2408 BLOCK 98 69
2409 ORDER 2410 78 68 54 88 1
2410 ORDER 2411 72 69 2 34 0
2410 BLOCK 18 30
2411 ORDER 2412 29 65 2 41 0
2411 BLOCK 102 32
2412 ORDER 2413 87 15 3 20 0
2413 ORDER 2414 107 48 109 88 0
2414 UNBLOCK 72 80
2414 ORDER 2415 8 44 2 45 1
2415 ORDER 2416 49 33 2 20 2
2415 BLOCK 76 63
2416 UNBLOCK 102 32
2416 ORDER 2417 13 38 1 63 2
2417 ORDER 2418 32 11 3 63 1
2418 ORDER 2419 26 39 1 75 0
2418 BLOCK 38 48
2419 UNBLOCK 45 11
2419 ORDER 2420 63 47 2 86 3
2420 ORDER 2421 66 18 3 57 0
2420 BLOCK 63 12
2421 UNBLOCK 24 33
2421 ORDER 2422 16 77 3 76 2
2421 BLOCK 105 42
2422 ORDER 2423 48 20 1 17 1
2423 UNBLOCK 28 1
2423 ORDER 2424 97 74 1 68 2
2423 BLOCK 114 11
2424 CANCEL 2352
2424 ORDER 2425 58 63 61 88 0
2425 ORDER 2426 10 54 12 87 0
2425 BLOCK 101 84
2426 CANCEL 2426
2426 ORDER 2427 57 41 1 36 2
2426 BLOCK 107 47
2427 ORDER 2428 16 24 1 41 1
2428 ORDER 2429 63 41 55 87 0
2429 UNBLOCK 34 57
2429 ORDER 2430 28 36 23 87 0
2430 UNBLOCK 50 86
2430 ORDER 2431 63 45 22 87 1
2431 UNBLOCK 18 30
2431 ORDER 2432 62 11 1 39 2
2432 ORDER 2433 70 75 2 12 0
2432 BLOCK 96 15
2433 UNBLOCK 63 12
2433 ORDER 2434 51 78 103 87 0
2433 BLOCK 32 16
2434 UNBLOCK 101 84
2434 ORDER 2435 32 71 1 17 1
2434 BLOCK 63 44
2435 ORDER 2436 84 63 81 87 0
2436 UNBLOCK 51 50
2436 ORDER 2437 19 65 71 88 3
2436 BLOCK 56 23
2437 ORDER 2438 80 18 52 88 1
2438 UNBLOCK 48 30
2438 ORDER 2439 115 18 99 87 0
2438 BLOCK 14 14
2439 UNBLOCK 32 20
2439 ORDER 2440 81 65 3 70 0
2439 BLOCK 104 68
2440 UNBLOCK 45 78
2440 ORDER 2441 104 23 93 88 0
2440 BLOCK 66 72
2441 ORDER 2442 92 65 2 29 0
2441 BLOCK 5 30
2442 ORDER 2443 98 66 1 65 0
2442 BLOCK 24 83
2443 ORDER 2444 47 12 58 87 0
2443 BLOCK 83 35
2444 ORDER 2445 107 18 46 87 0
2445 ORDER 2446 57 8 3 63 0
2446 UNBLOCK 5 30
2446 ORDER 2447 75 5 2 14 0
2446 BLOCK 89 75
2447 ORDER 2448 65 8 16 88 0
2448 ORDER 2449 68 59 64 87 0
2449 ORDER 2450 30 17 23 88 3
2450 UNBLOCK 109 42
2450 UNBLOCK 96 15
2450 ORDER 2451 69 68 2 16 0
2451 UNBLOCK 76 63
2451 UNBLOCK 38 48
2451 ORDER 2452 23 81 116 87 0
2452 UNBLOCK 46 17
2452 ORDER 2453 21 18 1 50 3
2452 BLOCK 27 12
2453 CANCEL 2402
2453 ORDER 2454 29 80 3 4 0
2454 ORDER 2455 54 59 85 88 2
2455 UNBLOCK 56 23
2455 ORDER 2456 54 50 100 87 0
2456 ORDER 2457 11 8 2 25 0
2456 BLOCK 15 27
2457 ORDER 2458 58 38 3 47 1
2457 BLOCK 112 8
2458 UNBLOCK 17 12
2458 UNBLOCK 114 11
2458 UNBLOCK 27 12
2458 ORDER 2459 10 27 2 29 0
2459 ORDER 2460 53 9 70 87 0
2459 BLOCK 28 26
2460 UNBLOCK 32 72
2460 ORDER 2461 59 83 3 78 0
2460 BLOCK 18 2
2461 ORDER 2462 82 24 2 19 1
2462 ORDER 2463 22 53 104 87 0
2462 BLOCK 11 74
2463 ORDER 2464 115 54 115 88 1
2463 BLOCK 81 2
2464 ORDER 2465 98 66 3 60 0
2464 BLOCK 56 18
2465 ORDER 2466 67 29 47 87 1
2465 BLOCK 68 3
2466 ORDER 2467 59 3 71 88 0
2467 UNBLOCK 98 69
2467 ORDER 2468 75 63 3 88 1
2467 BLOCK 100 35
2468 ORDER 2469 76 57 2 7 0
2468 BLOCK 20 26
2469 UNBLOCK 107 47
2469 ORDER 2470 29 72 55 87 0
2469 BLOCK 29 51
2470 ORDER 2471 86 78 2 21 1
2470 BLOCK 18 68
2471 ORDER 2472 52 18 3 56 0
2472 ORDER 2473 50 71 58 87 0
2472 BLOCK 84 67
2473 ORDER 2474 113 77 1 51 1
2474 UNBLOCK 81 2
2474 ORDER 2475 35 30 3 44 0
2475 ORDER 2476 91 74 3 87 3
2476 ORDER 2477 42 9 20 88 1
2476 BLOCK 100 57
2477 ORDER 2478 87 29 3 21 0
2477 BLOCK 66 9
2478 UNBLOCK 104 68
2478 UNBLOCK 15 27
2478 UNBLOCK 112 8
2478 ORDER 2479 78 59 78 87 0
2479 ORDER 2480 78 12 2 63 2
2480 UNBLOCK 14 14
2480 ORDER 2481 98 53 3 57 0
2481 UNBLOCK 105 42
2481 UNBLOCK 32 16
2481 ORDER 2482 111 15 76 87 1
2481 BLOCK 110 36
2482 UNBLOCK 100 57
2482 ORDER 2483 87 29 3 9 0
2482 BLOCK 66 18
2483 CANCEL 2437
2483 UNBLOCK 68 3
2483 ORDER 2484 45 45 68 88 0
2484 UNBLOCK 66 72
2484 ORDER 2485 30 24 26 88 0
2485 ORDER 2486 13 53 2 61 0
2486 ORDER 2487 114 74 2 26 2
2486 BLOCK 76 17
2487 ORDER 2488 59 59 2 32 0
2488 UNBLOCK 100 35
2488 ORDER 2489 39 29 3 85 1
2489 ORDER 2490 94 60 56 88 3
2489 BLOCK 115 43
2490 ORDER 2491 98 48 81 88 0
2491 ORDER 2492 79 72 3 50 0
2491 BLOCK 73 48
2492 UNBLOCK 66 18
2492 ORDER 2493 8 14 3 68 0
2492 BLOCK 23 30
2493 UNBLOCK 84 67
2493 ORDER 2494 38 53 3 60 0
2493 BLOCK 111 22
2494 CANCEL 2390
2494 UNBLOCK 63 44
2494 UNBLOCK 83 35
2494 UNBLOCK 89 75
2494 UNBLOCK 28 26
2494 ORDER 2495 75 48 2 72 1
2495 ORDER 2496 70 84 2 71 0
2495 BLOCK 33 1
2496 UNBLOCK 11 74
2496 UNBLOCK 29 51
2496 ORDER 2497 70 83 7 87 0
2497 ORDER 2498 104 24 1 62 0
2497 BLOCK 107 86
2498 ORDER 2499 111 53 47 87 3
2498 BLOCK 92 11
2499 UNBLOCK 18 68
2499 ORDER 2500 83 72 3 9 0
2499 BLOCK 58 56
2500 ORDER 2501 10 53 3 26 0
2500 BLOCK 84 12
2501 ORDER 2502 115 47 36 88 0
2501 BLOCK 89 14
2502 UNBLOCK 24 83
2502 ORDER 2503 31 14 67 88 1
2502 BLOCK 82 26
2503 ORDER 2504 45 48 60 88 2
2503 BLOCK 57 80
2504 UNBLOCK 18 2
2504 ORDER 2505 32 80 2 64 0
2504 BLOCK 16 14
2505 UNBLOCK 66 9
2505 ORDER 2506 94 29 93 87 0
2505 BLOCK 24 23
2506 UNBLOCK 56 18
2506 UNBLOCK 111 22
2506 ORDER 2507 9 6 3 48 0
2506 BLOCK 86 30
2507 CANCEL 2499
2507 ORDER 2508 63 35 1 41 2
2507 BLOCK 44 80
2508 ORDER 2509 71 8 46 88 0
2509 CANCEL 2365
2509 ORDER 2510 41 38 3 38 0
2510 ORDER 2511 29 66 37 88 1
2511 ORDER 2512 49 78 3 6 0
2511 BLOCK 69 39
2512 ORDER 2513 112 65 114 88 1
2512 BLOCK 83 70
2513 ORDER 2514 40 38 3 55 1
2514 UNBLOCK 73 48
2514 UNBLOCK 24 23
2514 ORDER 2515 25 74 71 88 2
2514 BLOCK 50 88
2515 UNBLOCK 20 26
2515 ORDER 2516 83 3 3 69 1
2515 BLOCK 94 20
2516 ORDER 2517 46 17 2 16 1
2516 BLOCK 43 27
2517 CANCEL 2327
2517 ORDER 2518 17 41 2 73 0
2518 ORDER 2519 17 36 84 87 0
2519 UNBLOCK 115 43
2519 ORDER 2520 96 69 2 9 0
2519 BLOCK 52 48
2520 UNBLOCK 33 1
2520 UNBLOCK 89 14
2520 UNBLOCK 57 80
2520 ORDER 2521 60 15 3 16 1
2521 UNBLOCK 84 12
2521 ORDER 2522 41 78 2 4 2
2521 BLOCK 108 11
2522 ORDER 2523 39 30 66 88 0
2523 ORDER 2524 72 11 1 35 1
2523 BLOCK 75 77
2524 ORDER 2525 66 56 1 53 0
2525 ORDER 2526 6 23 3 36 0
2525 BLOCK 26 71
2526 UNBLOCK 43 27
2526 ORDER 2527 54 69 3 39 0
2526 BLOCK 78 6
2527 ORDER 2528 97 8 64 87 0
2528 UNBLOCK 69 39
2528 ORDER 2529 31 23 1 7 0
2529 UNBLOCK 107 86
2529 ORDER 2530 6 69 3 14 0
2529 BLOCK 42 63
2530 UNBLOCK 82 26
2530 ORDER 2531 109 5 8 87 0
2530 BLOCK 82 57
2531 CANCEL 2335
2531 UNBLOCK 75 77
2531 ORDER 2532 79 80 3 11 0
2532 ORDER 2533 34 77 58 88 2
2533 ORDER 2534 75 74 58 88 1
2534 UNBLOCK 23 30
2534 UNBLOCK 16 14
2534 ORDER 2535 7 65 1 72 0
2535 ORDER 2536 7 81 1 40 1
2536 UNBLOCK 58 56
2536 ORDER 2537 77 32 1 16 0
2537 UNBLOCK 44 80
2537 ORDER 2538 67 41 30 88 1
2537 BLOCK 97 41
2538 ORDER 2539 100 63 3 28 0
2538 BLOCK 95 50
2539 ORDER 2540 68 57 3 38 0
2539 BLOCK 65 8
2540 UNBLOCK 110 36
2540 ORDER 2541 82 32 1 83 0
2540 BLOCK 60 21
2541 ORDER 2542 107 68 92 87 2
2541 BLOCK 50 85
2542 ORDER 2543 49 63 35 87 0
2543 ORDER 2544 22 8 1 47 3
2544 ORDER 2545 70 65 1 6 0
2545 UNBLOCK 76 17
2545 ORDER 2546 74 73 2 44 0
2545 BLOCK 68 71
2546 CANCEL 2501
2546 UNBLOCK 52 48
2546 UNBLOCK 42 63
2546 ORDER 2547 10 38 40 88 2
2546 BLOCK 86 53
2547 UNBLOCK 50 88
2547 UNBLOCK 78 6
2547 ORDER 2548 72 60 1 47 0
2547 BLOCK 85 73
2548 UNBLOCK 108 11
2548 UNBLOCK 95 50
2548 ORDER 2549 36 68 8 87 0
2549 ORDER 2550 25 41 32 87 1
2550 ORDER 2551 100 56 36 88 2
2551 UNBLOCK 86 30
2551 ORDER 2552 60 68 2 81 0
2551 BLOCK 94 12
2552 ORDER 2553 80 33 90 88 0
2553 ORDER 2554 66 72 2 24 1
2553 BLOCK 101 18
2554 UNBLOCK 85 73
2554 ORDER 2555 17 65 3 9 0
2554 BLOCK 47 54
2555 UNBLOCK 92 11
2555 ORDER 2556 8 24 50 88 0
2555 BLOCK 17 50
2556 ORDER 2557 6 62 47 88 2
2557 ORDER 2558 38 18 3 76 0
2558 UNBLOCK 82 57
2558 UNBLOCK 97 41
2558 ORDER 2559 86 41 3 75 1
2559 UNBLOCK 68 71
2559 ORDER 2560 112 39 97 87 0
2559 BLOCK 69 38
2560 UNBLOCK 47 54
2560 ORDER 2561 112 51 2 1 3
2560 BLOCK 27 29
2561 ORDER 2562 39 17 43 88 0
2561 BLOCK 94 6
2562 UNBLOCK 83 70
2562 ORDER 2563 36 17 8 87 1
2562 BLOCK 109 48
2563 ORDER 2564 70 30 57 88 2
2563 BLOCK 92 18
2564 ORDER 2565 28 30 2 21 1
2565 UNBLOCK 65 8
2565 ORDER 2566 9 18 2 73 0
2565 BLOCK 85 1
2566 ORDER 2567 60 18 104 88 0
2567 ORDER 2568 32 6 1 62 0
2568 ORDER 2569 85 17 38 87 0
2569 UNBLOCK 69 38
2569 ORDER 2570 68 50 3 15 0
2569 BLOCK 28 32
2570 UNBLOCK 94 12
2570 ORDER 2571 29 69 33 87 0
2571 UNBLOCK 94 20
2571 ORDER 2572 109 12 18 87 0
2572 CANCEL 2457
2572 ORDER 2573 21 26 2 62 2
2572 BLOCK 77 32
2573 UNBLOCK 60 21
2573 ORDER 2574 35 17 2 49 1
2574 ORDER 2575 17 53 64 87 0
2575 UNBLOCK 109 48
2575 ORDER 2576 13 81 114 87 0
2576 ORDER 2577 75 54 1 63 0
2577 ORDER 2578 95 20 1 79 0
2577 BLOCK 37 6
2578 ORDER 2579 37 68 40 87 0
2579 ORDER 2580 12 14 1 69 0
2580 ORDER 2581 12 59 3 84 0
2581 UNBLOCK 26 71
2581 UNBLOCK 85 1
2581 ORDER 2582 76 26 4 88 1
2581 BLOCK 69 6
2582 ORDER 2583 105 38 50 87 1
2583 ORDER 2584 112 53 2 7 3
2584 UNBLOCK 77 32
2584 ORDER 2585 73 6 1 76 0
2585 ORDER 2586 111 56 6 88 0
2585 BLOCK 76 38
2586 UNBLOCK 50 85
2586 ORDER 2587 24 48 48 88 2
2586 BLOCK 42 21
2587 ORDER 2588 28 48 3 73 0
2588 ORDER 2589 30 14 2 3 0
2588 BLOCK 10 45
2589 ORDER 2590 18 35 2 38 0
2590 ORDER 2591 63 57 69 87 0
2591 UNBLOCK 101 18
2591 ORDER 2592 21 26 2 54 0
2592 CANCEL 2517
2592 ORDER 2593 103 63 52 87 1
2592 BLOCK 111 70
2593 UNBLOCK 28 32
2593 ORDER 2594 56 9 89 88 0
2594 ORDER 2595 21 9 55 87 0
2595 ORDER 2596 21 14 26 87 0
2595 BLOCK 52 37
2596 ORDER 2597 55 26 94 88 0
2597 ORDER 2598 71 48 116 87 0
2598 UNBLOCK 76 38
2598 ORDER 2599 68 66 1 79 0
2599 ORDER 2600 67 86 3 61 2
2600 ORDER 2601 62 41 2 80 2
2601 ORDER 2602 42 15 60 87 0
2601 BLOCK 102 27
2602 ORDER 2603 43 50 48 87 0
2603 UNBLOCK 86 53
2603 ORDER 2604 9 38 3 71 1
2604 ORDER 2605 85 6 86 87 0
2605 UNBLOCK 17 50
2605 ORDER 2606 109 20 1 80 0
2606 ORDER 2607 113 45 1 14 0
2607 UNBLOCK 92 18
2607 ORDER 2608 71 33 1 72 0
2607 BLOCK 103 42
2608 UNBLOCK 52 37
2608 ORDER 2609 46 45 1 50 0
2609 ORDER 2610 111 57 107 87 3
2609 BLOCK 51 51
2610 ORDER 2611 43 50 9 88 1
2610 CANCEL 102611
2610 BLOCK 84 54
2611 UNBLOCK 27 29
2611 ORDER 2612 31 78 1 76 0
2612 ORDER 2613 40 62 1 27 1
2613 ORDER 2614 29 30 90 88 0
2614 UNBLOCK 69 6
2614 UNBLOCK 42 21
2614 ORDER 2615 6 63 3 56 0
2614 BLOCK 67 44
2615 ORDER 2616 57 38 46 87 1
2615 BLOCK 8 72
2616 ORDER 2617 12 3 21 88 0
2616 BLOCK 85 48
2617 ORDER 2618 44 41 24 88 0
2617 BLOCK 81 47
2618 ORDER 2619 78 45 3 43 0
2619 ORDER 2620 80 38 87 87 1
2619 BLOCK 41 21
2620 ORDER 2621 31 26 3 25 0
2620 BLOCK 91 86
2621 UNBLOCK 94 6
2621 ORDER 2622 93 56 1 44 1
2621 BLOCK 17 88
2622 UNBLOCK 37 6
2622 ORDER 2623 72 39 2 23 0
2622 BLOCK 98 66
2623 CANCEL 2558
2623 ORDER 2624 79 4 4 88 1
2624 ORDER 2625 31 44 3 48 0
2624 BLOCK 86 51
2625 ORDER 2626 87 9 1 32 0
2625 BLOCK 31 55
2626 UNBLOCK 91 86
2626 ORDER 2627 62 39 14 88 0
2627 ORDER 2628 22 42 54 87 1
2628 ORDER 2629 75 18 100 87 0
2628 BLOCK 22 1
2629 UNBLOCK 86 51
2629 ORDER 2630 27 23 2 80 0
2629 BLOCK 109 54
2630 UNBLOCK 84 54
2630 ORDER 2631 8 42 34 87 0
2631 ORDER 2632 112 27 2 55 1
2631 BLOCK 72 44
2632 ORDER 2633 48 77 1 72 0
2633 ORDER 2634 65 78 88 88 1
2634 ORDER 2635 82 41 1 84 1
2635 ORDER 2636 95 36 3 39 0
2635 BLOCK 64 72
2636 UNBLOCK 85 48
2636 ORDER 2637 16 45 3 20 0
2636 BLOCK 113 60
2637 UNBLOCK 31 55
2637 ORDER 2638 38 83 93 87 0
2637 BLOCK 100 66
2638 UNBLOCK 67 44
2638 ORDER 2639 83 47 3 13 3
2639 UNBLOCK 102 27
2639 ORDER 2640 100 72 2 6 0
2640 UNBLOCK 103 42
2640 UNBLOCK 98 66
2640 ORDER 2641 109 80 1 34 0
2641 ORDER 2642 49 24 2 9 0
2641 BLOCK 53 3
2642 ORDER 2643 82 9 1 21 1
2642 BLOCK 106 87
2643 CANCEL 2475
2643 ORDER 2644 84 84 85 88 1
2643 BLOCK 81 41
2644 UNBLOCK 10 45
2644 ORDER 2645 29 33 3 17 0
2644 BLOCK 105 47
2645 ORDER 2646 7 78 3 76 2
2646 UNBLOCK 51 51
2646 ORDER 2647 95 44 89 88 0
2647 CANCEL 2555
2647 ORDER 2648 36 78 2 4 1
2648 ORDER 2649 100 63 3 82 1
2649 ORDER 2650 58 59 3 16 0
2649 BLOCK 96 86
2650 ORDER 2651 36 24 3 32 3
2650 BLOCK 53 59
2651 ORDER 2652 28 81 8 88 0
2652 UNBLOCK 111 70
2652 UNBLOCK 8 72
2652 ORDER 2653 59 18 1 70 1
2653 ORDER 2654 16 30 59 88 0
2654 ORDER 2655 6 78 3 14 0
2655 ORDER 2656 76 15 2 10 0
2656 ORDER 2657 28 36 2 71 0
2657 ORDER 2658 81 65 2 5 0
2657 BLOCK 63 48
2658 UNBLOCK 22 1
2658 UNBLOCK 105 47
2658 ORDER 2659 7 75 53 88 0
2659 ORDER 2660 100 54 3 13 0
2659 CANCEL 102660
2660 ORDER 2661 21 29 2 45 1
2660 BLOCK 33 80
2661 ORDER 2662 107 30 2 76 0
2662 ORDER 2663 6 80 46 88 1
2662 BLOCK 7 45
2663 ORDER 2664 33 54 9 88 1
2664 UNBLOCK 17 88
2664 UNBLOCK 63 48
2664 ORDER 2665 103 41 1 50 3
2664 BLOCK 22 30
2665 ORDER 2666 74 59 23 87 1
2666 UNBLOCK 100 66
2666 ORDER 2667 36 45 73 88 0
2667 UNBLOCK 81 41
2667 ORDER 2668 11 21 2 53 1
2667 BLOCK 69 35
2668 ORDER 2669 43 41 2 81 0
2668 BLOCK 113 71
2669 UNBLOCK 72 44
2669 ORDER 2670 28 30 2 77 0
2669 BLOCK 90 20
2670 UNBLOCK 41 21
2670 ORDER 2671 53 69 3 24 0
2671 ORDER 2672 108 5 17 87 3
2671 BLOCK 13 68
2672 UNBLOCK 22 30
2672 ORDER 2673 60 44 79 87 1
2672 BLOCK 25 32
2673 UNBLOCK 81 47
2673 ORDER 2674 115 15 57 88 0
2673 BLOCK 18 2
2674 ORDER 2675 76 50 3 54 1
2674 BLOCK 75 6
2675 ORDER 2676 100 83 1 11 0
2675 BLOCK 16 74
2676 ORDER 2677 68 57 1 71 0
2676 BLOCK 65 6
2677 UNBLOCK 53 59
2677 ORDER 2678 115 71 3 18 2
2678 ORDER 2679 111 5 110 88 1
2678 BLOCK 97 69
2679 UNBLOCK 53 3
2679 ORDER 2680 89 32 118 87 0
2679 BLOCK 37 50
2680 UNBLOCK 109 54
2680 ORDER 2681 68 15 1 56 0
2681 ORDER 2682 101 59 54 87 2
2682 UNBLOCK 106 87
2682 ORDER 2683 76 68 1 81 0
2682 BLOCK 102 2
2683 CANCEL 2606
2683 UNBLOCK 113 60
2683 ORDER 2684 23 11 31 88 0
2683 BLOCK 85 53
2684 ORDER 2685 60 84 1 53 1
2685 ORDER 2686 73 50 2 69 0
2685 BLOCK 99 25
2686 ORDER 2687 70 5 1 77 0
2687 UNBLOCK 96 86
2687 UNBLOCK 18 2
2687 ORDER 2688 6 30 63 88 0
2687 BLOCK 115 62
2688 UNBLOCK 13 68
2688 ORDER 2689 57 51 3 29 3
2689 ORDER 2690 27 26 24 87 1
2689 BLOCK 69 47
2690 ORDER 2691 22 60 3 52 0
2691 ORDER 2692 83 8 3 7 1
2692 ORDER 2693 64 17 2 63 1
2692 BLOCK 105 18
2693 CANCEL 2561
2693 ORDER 2694 44 62 45 87 0
2693 BLOCK 20 83
2694 ORDER 2695 90 24 2 57 1
2695 UNBLOCK 64 72
2695 ORDER 2696 30 83 3 17 0
2695 BLOCK 25 5
2696 ORDER 2697 62 18 1 73 2
2696 BLOCK 43 71
2697 UNBLOCK 7 45
2697 UNBLOCK 75 6
2697 ORDER 2698 81 71 2 80 0
2697 BLOCK 10 77
2698 ORDER 2699 98 57 83 88 0
2698 BLOCK 41 75
2699 ORDER 2700 65 14 3 8 0
2699 BLOCK 63 57
2700 ORDER 2701 18 41 67 87 2
2701 UNBLOCK 90 20
2701 ORDER 2702 14 69 3 88 1
2701 BLOCK 91 18
2702 ORDER 2703 27 45 1 81 0
2703 ORDER 2704 77 11 34 87 1
2703 BLOCK 31 51
2704 ORDER 2705 73 56 1 87 0
2705 UNBLOCK 69 35
2705 ORDER 2706 28 27 2 31 1
2706 ORDER 2707 48 21 70 87 2
2707 UNBLOCK 20 83
2707 ORDER 2708 39 56 1 37 0
2708 UNBLOCK 33 80
2708 ORDER 2709 83 48 112 87 1
2709 ORDER 2710 98 78 1 21 2
2710 UNBLOCK 65 6
2710 UNBLOCK 99 25
2710 ORDER 2711 90 74 3 5 3
2711 ORDER 2712 31 38 23 87 1
2711 BLOCK 66 56
2712 ORDER 2713 37 66 44 87 2
2713 ORDER 2714 36 39 2 41 0
2714 ORDER 2715 26 8 14 87 1
2714 BLOCK 80 66
2715 ORDER 2716 89 15 3 36 1
2716 UNBLOCK 63 57
2716 ORDER 2717 22 20 1 36 1
2716 BLOCK 81 65
2717 UNBLOCK 66 56
2717 ORDER 2718 22 71 3 5 0
2718 ORDER 2719 53 78 106 88 2
2718 BLOCK 26 66
2719 UNBLOCK 97 69
2719 ORDER 2720 9 59 2 48 1
2720 ORDER 2721 64 44 31 87 2
2720 BLOCK 76 60
2721 UNBLOCK 25 32
2721 UNBLOCK 16 74
2721 ORDER 2722 98 47 2 17 0
2722 UNBLOCK 113 71
2722 UNBLOCK 25 5
2722 ORDER 2723 73 6 117 88 0
2722 BLOCK 32 27
2723 ORDER 2724 88 39 47 88 0
2723 BLOCK 110 18
2724 UNBLOCK 102 2
2724 ORDER 2725 68 3 3 78 1
2725 CANCEL 2693
2725 ORDER 2726 26 77 13 88 0
2725 BLOCK 25 68
2726 ORDER 2727 93 62 75 88 0
2727 UNBLOCK 105 18
2727 UNBLOCK 31 51
2727 ORDER 2728 89 48 84 88 0
2727 BLOCK 24 35
2728 ORDER 2729 80 6 92 88 1
2729 ORDER 2730 63 72 92 88 0
2729 BLOCK 39 27
2730 UNBLOCK 41 75
2730 UNBLOCK 32 27
2730 ORDER 2731 27 36 91 87 1
2731 UNBLOCK 76 60
2731 ORDER 2732 70 69 2 31 1
2731 BLOCK 69 88
2732 ORDER 2733 109 12 2 55 1
2733 UNBLOCK 37 50
2733 UNBLOCK 80 66
2733 ORDER 2734 66 51 1 11 2
2734 UNBLOCK 85 53
2734 UNBLOCK 110 18
2734 ORDER 2735 30 66 3 75 0
2735 UNBLOCK 10 77
2735 ORDER 2736 72 47 1 48 1
2736 UNBLOCK 115 62
2736 UNBLOCK 69 88
2736 ORDER 2737 67 56 3 63 0
2736 BLOCK 70 5
2737 UNBLOCK 43 71
2737 ORDER 2738 77 69 103 88 0
2737 BLOCK 54 65
2738 ORDER 2739 39 57 1 52 1
2739 ORDER 2740 53 3 2 9 0
2739 BLOCK 107 33
2740 UNBLOCK 25 68
2740 ORDER 2741 30 8 64 88 0
2740 BLOCK 72 80
2741 ORDER 2742 99 23 98 88 0
2742 ORDER 2743 85 11 61 88 0
2743 ORDER 2744 112 33 3 71 0
2744 ORDER 2745 88 33 20 88 1
2744 BLOCK 102 35
2745 UNBLOCK 91 18
2745 ORDER 2746 113 63 88 87 0
2745 BLOCK 64 81
2746 ORDER 2747 51 47 8 87 0
2747 UNBLOCK 81 65
2747 ORDER 2748 65 77 10 87 2
2748 ORDER 2749 49 36 81 88 3
2748 BLOCK 84 88
2749 UNBLOCK 69 47
2749 ORDER 2750 100 44 18 88 3
2749 BLOCK 23 17
2750 ORDER 2751 42 18 84 87 0
2750 BLOCK 63 29
2751 ORDER 2752 45 68 2 46 0
2751 BLOCK 85 20
2752 ORDER 2753 57 56 56 88 0
2753 UNBLOCK 24 35
2753 ORDER 2754 62 32 1 36 0
2754 ORDER 2755 6 81 57 88 1
2754 BLOCK 96 20
2755 ORDER 2756 102 81 25 87 1
2755 BLOCK 22 13
2756 ORDER 2757 62 27 77 87 1
2757 ORDER 2758 81 14 75 88 1
2758 ORDER 2759 86 36 3 18 0
2758 BLOCK 65 9
2759 UNBLOCK 26 66
2759 ORDER 2760 102 47 24 87 0
2760 ORDER 2761 96 23 3 17 1
2760 BLOCK 5 20
2761 ORDER 2762 51 59 1 23 0
2762 CANCEL 2707
2762 ORDER 2763 28 9 80 88 0
2763 ORDER 2764 8 8 2 79 0
2763 BLOCK 93 71
2764 ORDER 2765 70 78 79 87 0
2765 ORDER 2766 12 78 1 73 3
2765 BLOCK 23 18
2766 ORDER 2767 41 83 2 73 0
2767 ORDER 2768 98 21 2 25 0
2768 ORDER 2769 41 69 6 87 0
2768 BLOCK 87 78
2769 ORDER 2770 20 35 47 87 0
2769 BLOCK 107 12
2770 ORDER 2771 105 26 2 61 3
2770 BLOCK 107 66
2771 UNBLOCK 70 5
2771 ORDER 2772 22 83 60 87 1
2771 BLOCK 98 68
2772 UNBLOCK 96 20
2772 ORDER 2773 104 9 2 76 1
2773 ORDER 2774 98 81 2 84 0
2774 ORDER 2775 78 12 115 87 0
2775 UNBLOCK 39 27
2775 UNBLOCK 93 71
2775 ORDER 2776 76 56 102 87 0
2776 ORDER 2777 103 27 54 87 0
2777 UNBLOCK 22 13
2777 ORDER 2778 63 12 92 88 2
2777 BLOCK 79 68
2778 ORDER 2779 101 50 71 88 0
2778 BLOCK 64 20
2779 ORDER 2780 24 32 51 87 1
2780 ORDER 2781 78 75 22 87 1
2780 BLOCK 61 84
2781 ORDER 2782 47 35 85 88 1
2782 UNBLOCK 72 80
2782 ORDER 2783 99 30 72 87 0
2782 BLOCK 84 29
2783 ORDER 2784 92 8 1 1 0
2784 ORDER 2785 87 68 1 13 0
2784 BLOCK 65 54
2785 ORDER 2786 113 9 81 88 0
2786 ORDER 2787 96 35 2 41 0
2787 UNBLOCK 102 35
2787 ORDER 2788 72 84 3 63 0
2788 UNBLOCK 98 68
2788 ORDER 2789 95 44 65 88 1
2789 UNBLOCK 107 33
2789 ORDER 2790 17 18 2 14 0
2790 UNBLOCK 84 29
2790 ORDER 2791 93 20 22 87 1
2791 UNBLOCK 54 65
2791 UNBLOCK 64 81
2791 ORDER 2792 21 63 3 83 0
2792 UNBLOCK 23 17
2792 UNBLOCK 63 29
2792 ORDER 2793 96 69 3 82 0
2792 BLOCK 89 47
2793 ORDER 2794 7 68 1 61 1
2794 UNBLOCK 84 88
2794 ORDER 2795 26 38 66 87 0
2795 ORDER 2796 12 56 2 86 0
2796 ORDER 2797 11 78 1 59 1
2796 BLOCK 9 30
2797 UNBLOCK 107 66
2797 ORDER 2798 44 11 1 30 0
2798 ORDER 2799 6 51 118 87 0
2798 BLOCK 68 69
2799 ORDER 2800 22 59 1 68 2
2799 BLOCK 54 19
2800 ORDER 2801 49 83 3 36 2
2801 ORDER 2802 30 24 33 88 2
2802 ORDER 2803 58 78 1 21 0
2803 UNBLOCK 107 12
2803 ORDER 2804 63 39 2 51 0
2803 BLOCK 29 47
2804 CANCEL 2670
2804 UNBLOCK 87 78
2804 ORDER 2805 115 80 3 10 0
2805 CANCEL 2797
2805 ORDER 2806 46 77 67 88 0
2806 UNBLOCK 85 20
2806 UNBLOCK 65 9
2806 ORDER 2807 94 24 3 27 0
2807 ORDER 2808 71 39 2 17 0
2808 UNBLOCK 61 84
2808 ORDER 2809 83 80 2 56 0
2809 UNBLOCK 5 20
2809 ORDER 2810 39 38 3 35 3
2810 ORDER 2811 77 21 3 33 2
2810 BLOCK 19 17
2811 ORDER 2812 85 45 3 69 0
2812 ORDER 2813 106 75 11 87 0
2813 UNBLOCK 23 18
2813 ORDER 2814 38 15 1 84 3
2814 ORDER 2815 9 42 2 5 0
2814 BLOCK 41 6
2815 ORDER 2816 52 77 58 87 1
2815 BLOCK 42 44
2816 ORDER 2817 7 75 49 87 2
2817 ORDER 2818 20 12 3 19 0
2817 BLOCK 57 71
2818 ORDER 2819 49 45 46 87 0
2818 BLOCK 52 83
2819 UNBLOCK 79 68
2819 ORDER 2820 81 6 2 17 0
2820 UNBLOCK 65 54
2820 UNBLOCK 68 69
2820 UNBLOCK 29 47
2820 ORDER 2821 48 11 2 39 0
2820 BLOCK 66 69
2821 ORDER 2822 102 15 2 15 2
2822 ORDER 2823 80 8 3 31 0
2822 BLOCK 72 18
2823 UNBLOCK 52 83
2823 ORDER 2824 46 3 1 14 2
2823 BLOCK 75 15
2824 ORDER 2825 104 71 3 31 0
2825 ORDER 2826 7 21 25 88 0
2825 BLOCK 18 86
2826 ORDER 2827 63 71 3 77 0
2826 BLOCK 54 78
2827 ORDER 2828 64 45 23 87 0
2828 UNBLOCK 57 71
2828 ORDER 2829 27 84 59 87 0
2829 UNBLOCK 42 44
2829 ORDER 2830 34 32 1 28 2
2829 BLOCK 31 27
2830 ORDER 2831 73 60 2 85 1
2831 ORDER 2832 107 72 3 85 1
2832 UNBLOCK 9 30
2832 ORDER 2833 20 74 52 87 0
2833 ORDER 2834 15 77 60 87 1
2833 BLOCK 112 36
2834 ORDER 2835 24 48 3 37 0
2834 BLOCK 5 27
2835 ORDER 2836 52 59 7 88 0
2836 UNBLOCK 41 6
2836 ORDER 2837 12 81 1 13 0
2836 BLOCK 5 11
2837 UNBLOCK 54 78
2837 ORDER 2838 106 21 34 87 0
2837 BLOCK 87 53
2838 UNBLOCK 64 20
2838 ORDER 2839 29 29 3 14 0
2838 BLOCK 61 28
2839 UNBLOCK 5 27
2839 ORDER 2840 53 86 80 87 0
2839 BLOCK 43 79
2840 ORDER 2841 65 41 27 88 0
2841 ORDER 2842 47 81 3 17 3
2841 BLOCK 58 39
2842 ORDER 2843 11 18 73 88 0
2842 BLOCK 12 24
2843 ORDER 2844 66 80 86 88 0
2843 BLOCK 35 59
2844 ORDER 2845 26 3 97 87 0
2845 UNBLOCK 72 18
2845 ORDER 2846 22 33 71 87 1
2846 UNBLOCK 66 69
2846 ORDER 2847 99 53 1 38 0
2846 BLOCK 67 45
2847 ORDER 2848 76 66 3 76 0
2848 UNBLOCK 35 59
2848 ORDER 2849 82 50 113 87 0
2848 BLOCK 100 5
2849 ORDER 2850 71 53 42 87 1
2850 UNBLOCK 89 47
2850 ORDER 2851 20 65 30 87 1
2850 BLOCK 57 78
2851 ORDER 2852 64 62 15 87 0
2851 BLOCK 30 27
2852 ORDER 2853 79 65 3 49 0
2852 BLOCK 23 1
2853 UNBLOCK 75 15
2853 ORDER 2854 19 29 3 49 0
2854 ORDER 2855 56 5 28 87 2
2855 CANCEL 2684
2855 ORDER 2856 39 48 86 88 0
2856 UNBLOCK 112 36
2856 ORDER 2857 37 78 115 87 1
2857 ORDER 2858 52 63 80 87 0
2857 BLOCK 23 29
2858 ORDER 2859 41 71 72 88 0
2859 UNBLOCK 54 19
2859 ORDER 2860 92 45 98 88 2
2859 BLOCK 82 8
2860 ORDER 2861 91 59 3 32 0
2861 ORDER 2862 44 62 115 87 0
2861 BLOCK 59 21
2862 ORDER 2863 13 53 1 53 1
2863 ORDER 2864 48 30 2 76 0
2864 ORDER 2865 74 59 95 87 0
2864 BLOCK 68 3
2865 UNBLOCK 100 5
2865 ORDER 2866 27 69 1 52 0
2866 ORDER 2867 58 39 22 88 0
2867 UNBLOCK 19 17
2867 ORDER 2868 59 78 43 88 1
2868 ORDER 2869 90 8 1 68 0
2868 BLOCK 101 37
2869 ORDER 2870 74 56 63 88 0
2869 BLOCK 15 14
2870 UNBLOCK 67 45
2870 ORDER 2871 51 27 117 88 2
2870 BLOCK 52 6
2871 ORDER 2872 30 9 2 27 0
2871 BLOCK 70 83
2872 ORDER 2873 19 45 1 85 0
2872 BLOCK 20 15
2873 ORDER 2874 72 29 32 87 0
2874 UNBLOCK 61 28
2874 ORDER 2875 65 5 1 76 0
2875 UNBLOCK 31 27
2875 ORDER 2876 113 69 89 87 0
2876 ORDER 2877 88 12 103 88 1
2876 BLOCK 17 39
2877 UNBLOCK 18 86
2877 UNBLOCK 23 29
2877 ORDER 2878 100 75 3 35 0
2878 ORDER 2879 48 32 1 85 1
2879 ORDER 2880 104 24 33 88 1
2880 ORDER 2881 39 42 94 87 0
2880 BLOCK 17 54
2881 UNBLOCK 43 79
2881 ORDER 2882 46 36 1 57 0
2881 BLOCK 101 8
2882 UNBLOCK 57 78
2882 ORDER 2883 71 9 21 88 3
2882 BLOCK 12 84
2883 UNBLOCK 15 14
2883 ORDER 2884 65 36 3 66 0
2884 ORDER 2885 90 60 1 5 0
2884 BLOCK 58 85
2885 ORDER 2886 102 11 98 88 0
2886 UNBLOCK 59 21
2886 ORDER 2887 80 57 3 26 0
2886 BLOCK 112 9
2887 ORDER 2888 6 26 108 87 0
2887 BLOCK 52 71
2888 UNBLOCK 101 37
2888 UNBLOCK 12 84
2888 ORDER 2889 6 75 60 87 0
2889 CANCEL 2763
2889 UNBLOCK 87 53
2889 ORDER 2890 8 53 101 88 0
2889 BLOCK 85 30
2890 ORDER 2891 61 35 2 54 0
2890 BLOCK 115 88
2891 UNBLOCK 23 1
2891 ORDER 2892 6 33 3 22 0
2892 UNBLOCK 70 83
2892 ORDER 2893 71 17 1 31 0
2893 UNBLOCK 17 39
2893 ORDER 2894 49 74 3 49 0
2893 BLOCK 108 8
2894 UNBLOCK 58 39
2894 ORDER 2895 91 33 1 42 0
2894 BLOCK 19 24
2895 UNBLOCK 17 54
2895 ORDER 2896 54 45 36 88 1
2895 BLOCK 17 78
2896 UNBLOCK 5 11
2896 ORDER 2897 48 27 3 83 1
2897 UNBLOCK 52 71
2897 ORDER 2898 70 32 30 88 0
2897 BLOCK 82 72
2898 ORDER 2899 40 56 113 87 1
2898 BLOCK 51 75
2899 ORDER 2900 61 44 2 59 1
2900 ORDER 2901 86 69 1 78 0
2900 BLOCK 30 23
2901 ORDER 2902 84 8 3 34 1
2901 BLOCK 67 4
2902 UNBLOCK 12 24
2902 UNBLOCK 19 24
2902 ORDER 2903 7 59 1 20 1
2902 BLOCK 94 48
2903 UNBLOCK 68 3
2903 UNBLOCK 20 15
2903 ORDER 2904 80 8 67 87 0
2903 BLOCK 101 54
2904 ORDER 2905 38 11 3 49 0
2904 BLOCK 74 69
2905 ORDER 2906 6 59 8 88 0
2905 BLOCK 104 53
2906 UNBLOCK 82 72
2906 ORDER 2907 7 75 32 88 0
2906 BLOCK 27 56
2907 CANCEL 2798
2907 ORDER 2908 45 77 39 88 0
2908 ORDER 2909 34 47 2 72 0
2909 ORDER 2910 114 6 1 59 0
2909 BLOCK 62 57
2910 UNBLOCK 94 48
2910 ORDER 2911 72 50 84 87 0
2910 BLOCK 54 23
2911 CANCEL 2748
2911 UNBLOCK 30 27
2911 UNBLOCK 85 30
2911 UNBLOCK 115 88
2911 ORDER 2912 66 12 83 87 0
2911 BLOCK 99 56
2912 UNBLOCK 101 8
2912 ORDER 2913 114 6 1 61 0
2912 BLOCK 34 26
2913 UNBLOCK 27 56
2913 ORDER 2914 10 68 3 33 0
2914 ORDER 2915 9 15 3 52 0
2915 ORDER 2916 90 66 58 88 0
2916 ORDER 2917 107 33 2 80 0
2917 UNBLOCK 17 78
2917 ORDER 2918 84 39 7 87 0
2917 BLOCK 113 86
2918 ORDER 2919 32 5 98 88 0
2919 UNBLOCK 82 8
2919 UNBLOCK 52 6
2919 ORDER 2920 39 9 16 87 0
2919 BLOCK 31 20
2920 ORDER 2921 72 81 3 61 3
2920 BLOCK 8 74
2921 ORDER 2922 97 24 2 55 0
2922 ORDER 2923 69 36 75 87 0
2923 UNBLOCK 30 23
2923 ORDER 2924 42 18 3 47 0
2923 BLOCK 43 16
2924 ORDER 2925 49 27 1 61 2
2925 ORDER 2926 108 71 2 68 2
2925 BLOCK 107 20
2926 ORDER 2927 110 81 69 88 0
2927 UNBLOCK 51 75
2927 ORDER 2928 77 9 31 87 0
2927 BLOCK 51 35
2928 ORDER 2929 17 74 51 88 1
2928 BLOCK 44 79
2929 ORDER 2930 56 78 1 34 0
2929 BLOCK 66 38
2930 UNBLOCK 62 57
2930 ORDER 2931 34 77 71 88 1
2930 BLOCK 57 56
2931 ORDER 2932 73 83 20 87 1
2931 BLOCK 33 38
2932 ORDER 2933 73 84 2 66 1
2932 BLOCK 58 8
2933 UNBLOCK 108 8
2933 ORDER 2934 115 67 51 87 3
2933 BLOCK 74 20
2934 UNBLOCK 112 9
2934 UNBLOCK 51 35
2934 ORDER 2935 103 51 1 43 2
2934 BLOCK 38 63
2935 ORDER 2936 8 51 67 87 1
2936 ORDER 2937 19 41 3 87 0
2937 ORDER 2938 60 33 2 53 0
2938 UNBLOCK 54 23
2938 ORDER 2939 18 21 28 87 0
2939 ORDER 2940 63 59 76 87 3
2940 UNBLOCK 58 85
2940 ORDER 2941 9 27 1 48 0
2941 ORDER 2942 87 26 83 88 1
2941 BLOCK 33 37
2942 ORDER 2943 68 29 1 14 0
2943 ORDER 2944 87 75 99 88 0
2943 BLOCK 9 56
2944 UNBLOCK 74 69
2944 ORDER 2945 85 42 5 87 0
2944 BLOCK 103 47
2945 ORDER 2946 55 6 1 76 0
2945 BLOCK 44 75
2946 UNBLOCK 101 54
2946 ORDER 2947 19 12 31 87 2
2947 ORDER 2948 14 23 19 87 1
2947 BLOCK 90 69
2948 ORDER 2949 71 12 2 4 0
2949 ORDER 2950 52 72 2 78 1
2950 ORDER 2951 14 10 104 88 0
2951 UNBLOCK 43 16
2951 UNBLOCK 9 56
2951 ORDER 2952 7 3 92 87 1
2952 ORDER 2953 110 35 2 30 3
2952 BLOCK 54 69
2953 ORDER 2954 86 47 3 39 1
2954 ORDER 2955 67 81 3 30 0
2955 ORDER 2956 78 80 115 88 0
2956 UNBLOCK 67 4
2956 UNBLOCK 31 20
2956 UNBLOCK 58 8
2956 ORDER 2957 37 32 3 26 2
2957 UNBLOCK 57 56
2957 ORDER 2958 38 4 116 87 2
2957 BLOCK 110 75
2958 CANCEL 2903
2958 ORDER 2959 48 32 24 87 1
2959 ORDER 2960 39 51 89 88 0
2960 CANCEL 2874
2960 UNBLOCK 74 20
2960 ORDER 2961 8 77 1 51 0
2960 BLOCK 91 77
2961 CANCEL 2871
2961 ORDER 2962 35 75 19 87 1
2961 BLOCK 51 81
2962 UNBLOCK 99 56
2962 ORDER 2963 85 71 3 83 0
2962 BLOCK 114 36
2963 UNBLOCK 113 86
2963 CANCEL 2944
2963 ORDER 2964 45 27 111 88 0
2963 BLOCK 56 81
2964 ORDER 2965 80 38 1 51 0
2964 BLOCK 102 24
2965 UNBLOCK 104 53
2965 ORDER 2966 102 9 3 13 0
2966 ORDER 2967 47 39 1 46 1
2967 UNBLOCK 107 20
2967 ORDER 2968 7 59 2 50 1
2967 BLOCK 43 51
2968 UNBLOCK 8 74
2968 UNBLOCK 103 47
2968 ORDER 2969 115 48 99 88 0
2969 UNBLOCK 66 38
2969 ORDER 2970 115 80 75 87 0
2969 BLOCK 18 80
2970 ORDER 2971 69 51 1 80 1
2970 BLOCK 68 5
2971 UNBLOCK 38 63
2971 ORDER 2972 84 53 2 17 2
2971 BLOCK 65 21
2972 UNBLOCK 34 26
2972 ORDER 2973 51 15 111 88 1
2972 BLOCK 5 5
2973 UNBLOCK 33 38
2973 UNBLOCK 44 75
2973 ORDER 2974 58 20 37 87 2
2974 UNBLOCK 54 69
2974 ORDER 2975 23 47 2 15 2
2975 ORDER 2976 9 38 15 87 0
2975 BLOCK 89 39
2976 ORDER 2977 22 51 2 17 0
2976 BLOCK 16 54
2977 ORDER 2978 109 60 2 54 0
2977 BLOCK 34 71
2978 ORDER 2979 64 54 2 40 3
2979 UNBLOCK 43 51
2979 ORDER 2980 17 36 2 65 1
2980 ORDER 2981 68 47 3 67 0
2980 BLOCK 96 45
2981 ORDER 2982 47 33 40 87 1
2982 ORDER 2983 103 81 3 6 0
2982 BLOCK 21 12
2983 UNBLOCK 33 37
2983 ORDER 2984 101 32 49 88 0
2983 BLOCK 14 32
2984 ORDER 2985 29 42 2 39 2
2985 UNBLOCK 56 81
2985 UNBLOCK 18 80
2985 ORDER 2986 89 78 50 88 0
2985 BLOCK 51 18
2986 UNBLOCK 91 77
2986 ORDER 2987 106 68 104 87 1
2986 BLOCK 68 81
2987 UNBLOCK 16 54
2987 ORDER 2988 57 54 2 66 0
2988 UNBLOCK 44 79
2988 ORDER 2989 6 66 2 9 0
2989 UNBLOCK 114 36
2989 ORDER 2990 100 9 77 88 1
2989 BLOCK 50 77
2990 UNBLOCK 90 69
2990 ORDER 2991 31 27 3 9 0
2990 BLOCK 17 29
2991 ORDER 2992 92 74 3 12 0
2991 BLOCK 62 45
2992 ORDER 2993 10 75 3 88 0
2992 BLOCK 78 87
2993 ORDER 2994 102 80 87 88 1
2994 UNBLOCK 51 81
2994 ORDER 2995 62 26 1 58 0
2995 ORDER 2996 101 81 3 8 0
2995 BLOCK 31 46
2996 ORDER 2997 36 38 2 81 1
2997 ORDER 2998 18 29 2 26 0
2997 BLOCK 110 29
2998 ORDER 2999 114 75 2 17 1
2999 ORDER 3000 17 53 1 47 0
2999 BLOCK 79 8
3000 ORDER 3001 108 35 72 88 1
3001 UNBLOCK 110 75
3001 ORDER 3002 24 50 56 87 0
3001 BLOCK 58 2
3002 CANCEL 2959
3002 ORDER 3003 46 5 2 68 0
3002 BLOCK 17 5
3003 ORDER 3004 10 23 2 25 0
3004 UNBLOCK 21 12
3004 UNBLOCK 50 77
3004 ORDER 3005 49 17 1 75 1
3004 BLOCK 111 78
3005 ORDER 3006 9 57 10 88 0
3005 BLOCK 13 31
3006 UNBLOCK 68 81
3006 ORDER 3007 59 20 1 30 1
3007 UNBLOCK 31 46
3007 ORDER 3008 46 81 3 11 2
3008 ORDER 3009 52 3 63 88 0
3009 ORDER 3010 55 69 2 35 0
3009 BLOCK 93 77
3010 ORDER 3011 54 74 1 71 0
3011 CANCEL 2947
3011 ORDER 3012 56 42 1 12 0
3012 ORDER 3013 11 30 5 88 0
3012 BLOCK 96 39
3013 ORDER 3014 107 17 3 23 0
3013 BLOCK 35 8
3014 CANCEL 2879
3014 ORDER 3015 10 45 39 88 0
3014 BLOCK 10 26
3015 UNBLOCK 102 24
3015 ORDER 3016 90 38 2 11 1
3015 BLOCK 112 53
3016 ORDER 3017 50 57 3 46 0
3017 ORDER 3018 61 9 43 88 0
3017 BLOCK 41 23
3018 ORDER 3019 47 5 48 87 0
3019 UNBLOCK 65 21
3019 ORDER 3020 80 20 3 49 0
3020 ORDER 3021 58 29 2 76 0
3021 UNBLOCK 110 29
3021 ORDER 3022 108 72 22 87 1
3022 ORDER 3023 84 83 97 87 1
3022 BLOCK 27 48
3023 UNBLOCK 58 2
3023 ORDER 3024 28 5 44 88 0
3024 UNBLOCK 68 5
3024 UNBLOCK 78 87
3024 ORDER 3025 113 77 84 87 1
3024 BLOCK 42 81
3025 ORDER 3026 47 62 2 18 0
3026 CANCEL 2837
3026 ORDER 3027 115 14 115 87 0
3027 UNBLOCK 14 32
3027 UNBLOCK 62 45
3027 ORDER 3028 58 39 2 2 0
3028 CANCEL 2858
3028 ORDER 3029 16 12 1 40 0
3028 BLOCK 97 1
3029 CANCEL 2915
3029 UNBLOCK 89 39
3029 UNBLOCK 42 81
3029 ORDER 3030 97 23 34 87 3
3029 BLOCK 75 36
3030 UNBLOCK 5 5
3030 ORDER 3031 17 65 3 26 0
3031 UNBLOCK 96 45
3031 ORDER 3032 82 5 25 87 0
3032 ORDER 3033 50 71 6 88 1
3033 UNBLOCK 27 48
3033 ORDER 3034 56 50 105 87 1
3034 UNBLOCK 79 8
3034 ORDER 3035 21 3 91 88 0
3035 ORDER 3036 103 18 2 45 0
3036 ORDER 3037 69 56 2 81 2
3036 BLOCK 92 62
3037 UNBLOCK 34 71
3037 UNBLOCK 111 78
3037 ORDER 3038 106 18 43 88 1
3037 BLOCK 89 35
3038 ORDER 3039 27 8 3 15 1
3039 UNBLOCK 51 18
3039 ORDER 3040 31 42 2 5 3
3040 ORDER 3041 11 18 1 49 0
3040 BLOCK 112 32
3041 ORDER 3042 78 66 3 18 2
3041 BLOCK 73 63
3042 UNBLOCK 89 35
3042 ORDER 3043 32 45 3 24 1
3042 BLOCK 45 38
3043 ORDER 3044 26 80 1 65 2
3044 ORDER 3045 95 47 99 87 1
3045 ORDER 3046 85 9 3 18 0
3045 BLOCK 86 60
3046 UNBLOCK 97 1
3046 ORDER 3047 82 72 3 20 2
3046 BLOCK 108 35
3047 ORDER 3048 41 80 115 88 0
3047 BLOCK 110 38
3048 UNBLOCK 35 8
3048 ORDER 3049 32 5 40 87 0
3049 ORDER 3050 95 54 7 88 0
3050 UNBLOCK 17 29
3050 UNBLOCK 13 31
3050 UNBLOCK 96 39
3050 UNBLOCK 41 23
3050 ORDER 3051 7 68 62 87 3
3051 UNBLOCK 75 36
3051 ORDER 3052 77 11 14 88 2
3051 BLOCK 38 56
3052 ORDER 3053 49 38 41 88 0
3052 BLOCK 29 41
3053 UNBLOCK 93 77
3053 ORDER 3054 7 35 106 88 0
3054 UNBLOCK 17 5
3054 ORDER 3055 76 36 1 6 0
3055 ORDER 3056 95 23 3 4 0
3055 BLOCK 87 54
3056 ORDER 3057 38 11 2 84 1
3057 ORDER 3058 102 77 2 78 1
3058 ORDER 3059 89 18 70 88 0
3059 ORDER 3060 17 84 56 88 1
3060 CANCEL 2955
3060 ORDER 3061 11 30 3 42 0
3061 UNBLOCK 92 62
3061 ORDER 3062 95 15 69 88 0
3062 ORDER 3063 99 32 27 87 1
3063 ORDER 3064 46 86 2 15 1
3063 BLOCK 108 44
3064 ORDER 3065 12 17 85 88 0
3064 BLOCK 28 63
3065 ORDER 3066 57 68 3 28 1
3065 BLOCK 41 84
3066 UNBLOCK 73 63
3066 UNBLOCK 87 54
3066 ORDER 3067 12 6 2 24 1
3067 ORDER 3068 19 12 37 88 0
3068 UNBLOCK 108 35
3068 ORDER 3069 84 56 1 37 0
3069 UNBLOCK 86 60
3069 ORDER 3070 59 20 71 87 1
3070 UNBLOCK 112 32
3070 ORDER 3071 80 69 30 88 1
3070 BLOCK 66 10
3071 UNBLOCK 10 26
3071 ORDER 3072 49 48 2 37 2
3072 UNBLOCK 108 44
3072 ORDER 3073 109 65 1 54 1
3073 CANCEL 2976
3073 ORDER 3074 89 69 76 87 0
3073 BLOCK 69 44
3074 UNBLOCK 112 53
3074 UNBLOCK 110 38
3074 ORDER 3075 45 75 1 5 1
3074 BLOCK 77 35
3075 ORDER 3076 46 47 1 85 1
3075 BLOCK 97 66
3076 ORDER 3077 39 6 3 39 1
3076 BLOCK 26 59
3077 ORDER 3078 75 59 18 87 0
3077 BLOCK 74 67
3078 ORDER 3079 11 48 1 19 0
3079 ORDER 3080 38 74 113 88 1
3079 BLOCK 50 88
3080 ORDER 3081 56 80 45 88 0
3080 BLOCK 107 20
3081 ORDER 3082 27 51 41 88 0
3081 BLOCK 6 26
3082 UNBLOCK 97 66
3082 ORDER 3083 39 20 2 76 0
3082 BLOCK 30 60
3083 ORDER 3084 39 12 2 31 0
3083 BLOCK 74 83
3084 ORDER 3085 58 59 32 88 1
3084 BLOCK 17 8
3085 UNBLOCK 38 56
3085 ORDER 3086 22 36 2 56 0
3086 ORDER 3087 79 86 1 80 2
3086 BLOCK 34 87
3087 UNBLOCK 29 41
3087 ORDER 3088 76 44 3 46 0
3088 UNBLOCK 50 88
3088 ORDER 3089 8 57 112 87 0
3088 BLOCK 44 32
3089 ORDER 3090 88 30 58 88 1
3089 BLOCK 25 33
3090 ORDER 3091 100 27 2 29 0
3091 ORDER 3092 70 57 6 88 0
3092 ORDER 3093 106 39 3 48 1
3093 UNBLOCK 45 38
3093 ORDER 3094 79 27 72 88 0
3094 ORDER 3095 11 83 3 64 0
3094 BLOCK 5 41
3095 UNBLOCK 107 20
3095 ORDER 3096 10 84 3 48 0
3095 BLOCK 40 32
3096 UNBLOCK 77 35
3096 ORDER 3097 10 15 95 87 0
3096 BLOCK 5 50
3097 UNBLOCK 28 63
3097 ORDER 3098 56 29 2 61 1
3098 ORDER 3099 7 63 91 87 0
3099 ORDER 3100 13 12 80 88 0
3099 BLOCK 50 18
3100 ORDER 3101 24 56 82 87 1
3100 BLOCK 51 66
3101 UNBLOCK 40 32
3101 ORDER 3102 36 12 70 87 1
3102 ORDER 3103 67 60 83 88 0
3103 UNBLOCK 41 84
3103 ORDER 3104 16 14 2 1 0
3103 BLOCK 59 55
3104 ORDER 3105 94 75 1 24 1
3105 ORDER 3106 43 30 26 88 1
3105 BLOCK 16 63
3106 ORDER 3107 19 78 2 10 0
3107 ORDER 3108 67 83 2 24 0
3108 UNBLOCK 59 55
3108 ORDER 3109 83 20 96 88 0
3109 ORDER 3110 14 74 97 87 0
3109 BLOCK 67 87
3110 UNBLOCK 30 60
3110 UNBLOCK 17 8
3110 ORDER 3111 38 26 1 40 0
3111 UNBLOCK 66 10
3111 UNBLOCK 26 59
3111 ORDER 3112 55 8 88 87 0
3112 ORDER 3113 107 29 2 44 0
3113 UNBLOCK 5 41
3113 ORDER 3114 60 84 59 87 0
3113 BLOCK 49 44
3114 CANCEL 3051
3114 ORDER 3115 77 14 100 88 0
3114 BLOCK 10 32
3115 ORDER 3116 28 74 105 87 0
3116 CANCEL 3009
3116 UNBLOCK 16 63
3116 ORDER 3117 79 70 3 74 1
3116 BLOCK 97 72
3117 ORDER 3118 33 9 3 59 1
3118 ORDER 3119 31 29 1 4 0
3118 BLOCK 50 74
3119 ORDER 3120 78 12 1 71 1
3120 ORDER 3121 97 4 3 60 0
3121 ORDER 3122 6 3 66 87 0
3121 BLOCK 67 20
3122 ORDER 3123 65 8 112 88 0
3122 BLOCK 71 66
3123 ORDER 3124 69 35 1 77 1
3124 ORDER 3125 109 42 2 45 2
3125 UNBLOCK 6 26
3125 ORDER 3126 18 5 80 87 1
3125 BLOCK 67 48
3126 UNBLOCK 51 66
3126 ORDER 3127 95 26 103 87 2
3127 UNBLOCK 69 44
3127 ORDER 3128 105 18 1 53 0
3128 CANCEL 3048
3128 UNBLOCK 50 18
3128 ORDER 3129 77 12 3 59 0
3129 ORDER 3130 64 44 109 87 1
3129 BLOCK 82 11
3130 ORDER 3131 9 77 1 54 0
3131 UNBLOCK 34 87
3131 ORDER 3132 56 14 2 49 0
3132 UNBLOCK 74 67
3132 UNBLOCK 67 48
3132 ORDER 3133 18 75 3 31 1
3132 BLOCK 59 74
3133 UNBLOCK 44 32
3133 ORDER 3134 27 81 1 77 0
3134 ORDER 3135 109 74 112 87 0
3134 BLOCK 74 62
3135 ORDER 3136 30 75 115 88 0
3136 UNBLOCK 74 83
3136 ORDER 3137 51 80 3 11 0
3136 BLOCK 69 64
3137 UNBLOCK 67 87
3137 ORDER 3138 107 50 3 46 0
3137 BLOCK 42 15
3138 ORDER 3139 57 39 3 71 1
3138 BLOCK 8 63
3139 ORDER 3140 15 63 3 46 0
3139 BLOCK 66 54
3140 ORDER 3141 24 29 3 74 2
3140 BLOCK 112 62
3141 UNBLOCK 5 50
3141 ORDER 3142 88 32 1 85 1
3142 ORDER 3143 98 84 9 88 1
3143 UNBLOCK 25 33
3143 ORDER 3144 17 38 1 18 2
3144 ORDER 3145 20 39 36 87 1
3145 CANCEL 2960
3145 ORDER 3146 60 74 2 78 0
3145 BLOCK 68 57
3146 CANCEL 3097
3146 UNBLOCK 42 15
3146 ORDER 3147 6 69 93 88 0
3146 BLOCK 98 43
3147 ORDER 3148 54 50 45 87 0
3148 ORDER 3149 93 60 1 21 0
3149 UNBLOCK 49 44
3149 UNBLOCK 69 64
3149 UNBLOCK 66 54
3149 ORDER 3150 26 41 83 88 0
3149 BLOCK 38 66
3150 ORDER 3151 87 41 1 48 2
3150 BLOCK 36 39
3151 ORDER 3152 94 63 118 88 2
3152 ORDER 3153 89 23 3 62 2
3152 BLOCK 33 54
3153 ORDER 3154 98 21 3 26 0
3153 BLOCK 41 8
3154 ORDER 3155 83 33 2 9 1
3154 BLOCK 48 60
3155 ORDER 3156 115 86 3 53 1
3156 UNBLOCK 8 63
3156 ORDER 3157 76 8 103 88 0
3157 UNBLOCK 112 62
3157 ORDER 3158 56 17 1 59 0
3157 BLOCK 51 11
3158 UNBLOCK 10 32
3158 UNBLOCK 82 11
3158 UNBLOCK 38 66
3158 ORDER 3159 110 65 3 30 0
3158 BLOCK 96 15
3159 ORDER 3160 94 17 107 87 2
3159 BLOCK 92 77
3160 UNBLOCK 67 20
3160 UNBLOCK 59 74
3160 ORDER 3161 88 80 51 87 1
3160 BLOCK 25 71
3161 ORDER 3162 44 47 117 87 0
3161 BLOCK 55 6
3162 ORDER 3163 94 45 8 88 0
3162 BLOCK 55 57
3163 ORDER 3164 61 41 46 88 1
3164 ORDER 3165 60 53 1 66 0
3165 ORDER 3166 6 59 10 87 0
3166 UNBLOCK 74 62
3166 UNBLOCK 25 71
3166 ORDER 3167 101 86 114 87 2
3166 BLOCK 76 74
3167 UNBLOCK 50 74
3167 ORDER 3168 39 57 26 88 0
3168 ORDER 3169 32 69 53 88 0
3168 BLOCK 95 78
3169 ORDER 3170 11 23 3 71 0
3169 BLOCK 24 75
3170 ORDER 3171 41 59 2 25 0
3171 ORDER 3172 11 32 1 57 0
3172 ORDER 3173 106 59 98 88 0
3173 UNBLOCK 97 72
3173 ORDER 3174 83 60 55 88 0
3173 BLOCK 65 60
3174 UNBLOCK 76 74
3174 ORDER 3175 113 60 1 22 1
3175 UNBLOCK 24 75
3175 ORDER 3176 66 41 2 44 0
3175 BLOCK 5 8
3176 ORDER 3177 30 5 92 88 1
3177 ORDER 3178 24 45 3 68 1
3178 UNBLOCK 96 15
3178 ORDER 3179 114 65 40 87 0
3179 CANCEL 3161
3179 ORDER 3180 108 81 1 80 1
3179 BLOCK 76 59
3180 ORDER 3181 44 29 1 64 0
3181 UNBLOCK 71 66
3181 ORDER 3182 86 20 1 30 0
3181 BLOCK 84 41
3182 ORDER 3183 53 77 25 87 2
3182 BLOCK 34 29
3183 UNBLOCK 51 11
3183 ORDER 3184 70 66 3 70 2
3183 BLOCK 105 52
3184 UNBLOCK 98 43
3184 ORDER 3185 56 65 1 25 2
3184 BLOCK 97 60
3185 ORDER 3186 21 23 1 53 0
3185 BLOCK 99 2
3186 ORDER 3187 34 65 81 87 0
3187 UNBLOCK 92 77
3187 ORDER 3188 16 67 2 28 1
3188 UNBLOCK 48 60
3188 ORDER 3189 15 72 71 87 1
3188 BLOCK 24 44
3189 ORDER 3190 75 42 43 88 0
3189 BLOCK 100 9
3190 ORDER 3191 10 17 3 53 0
3190 BLOCK 46 68
3191 UNBLOCK 33 54
3191 ORDER 3192 17 84 3 25 0
3191 BLOCK 17 60
3192 CANCEL 3081
3192 ORDER 3193 97 71 38 87 1
3192 BLOCK 69 57
3193 UNBLOCK 97 60
3193 ORDER 3194 105 44 39 88 1
3194 ORDER 3195 53 36 3 54 0
3195 ORDER 3196 100 63 3 2 0
3196 UNBLOCK 95 78
3196 ORDER 3197 89 47 3 39 0
3196 CANCEL 103197
3197 UNBLOCK 24 44
3197 ORDER 3198 75 60 1 42 0
3198 ORDER 3199 96 36 33 88 0
3198 BLOCK 11 12
3199 ORDER 3200 54 56 1 12 3
3200 UNBLOCK 69 57
3200 ORDER 3201 65 56 9 88 0
3201 CANCEL 3047
3201 ORDER 3202 42 26 88 87 0
3202 ORDER 3203 82 29 30 88 0
3202 BLOCK 24 50
3203 UNBLOCK 68 57
3203 UNBLOCK 76 59
3203 UNBLOCK 100 9
3203 ORDER 3204 67 18 1 11 0
3204 ORDER 3205 97 9 3 47 0
3205 UNBLOCK 17 60
3205 ORDER 3206 93 12 3 26 0
3206 UNBLOCK 105 52
3206 ORDER 3207 100 71 94 87 0
3206 BLOCK 103 56
3207 UNBLOCK 36 39
3207 ORDER 3208 10 66 83 87 0
3207 BLOCK 57 51
3208 ORDER 3209 77 32 5 87 3
3208 BLOCK 84 58
3209 UNBLOCK 11 12
3209 ORDER 3210 39 74 76 88 1
3210 UNBLOCK 55 6
3210 ORDER 3211 98 15 2 54 0
3211 ORDER 3212 43 48 2 70 3
3211 BLOCK 97 55
3212 UNBLOCK 41 8
3212 ORDER 3213 108 6 1 3 1
3212 BLOCK 85 15
3213 UNBLOCK 55 57
3213 ORDER 3214 46 83 1 36 2
3214 ORDER 3215 74 35 3 35 0
3214 BLOCK 71 6
3215 ORDER 3216 18 50 106 87 2
3216 ORDER 3217 10 41 2 68 0
3217 UNBLOCK 5 8
3217 CANCEL 3200
3217 ORDER 3218 89 14 94 88 0
3218 UNBLOCK 65 60
3218 ORDER 3219 12 76 1 88 1
3219 UNBLOCK 85 15
3219 ORDER 3220 90 59 1 12 0
3219 BLOCK 53 72
3220 UNBLOCK 84 41
3220 ORDER 3221 24 27 2 69 0
3220 BLOCK 47 2
3221 ORDER 3222 67 86 112 88 0
3222 UNBLOCK 24 50
3222 ORDER 3223 58 78 2 2 0
3222 BLOCK 71 48
3223 ORDER 3224 79 20 105 88 0
3223 BLOCK 9 72
3224 ORDER 3225 65 21 3 3 0
3225 ORDER 3226 13 44 1 29 1
3225 BLOCK 45 11
3226 ORDER 3227 6 53 1 44 0
3226 BLOCK 49 44
3227 ORDER 3228 72 69 40 87 0
3228 UNBLOCK 34 29
3228 UNBLOCK 53 72
3228 ORDER 3229 16 75 1 61 1
3229 ORDER 3230 7 86 3 33 0
3230 ORDER 3231 10 81 2 58 0
3230 BLOCK 49 80
3231 ORDER 3232 24 32 42 87 0
3232 ORDER 3233 66 57 2 13 0
3233 UNBLOCK 99 2
3233 ORDER 3234 52 71 2 37 0
3233 BLOCK 97 44
3234 ORDER 3235 88 39 1 11 0
3235 UNBLOCK 97 55
3235 ORDER 3236 108 74 2 50 2
3236 ORDER 3237 85 33 2 7 0
3237 ORDER 3238 82 68 1 52 0
3238 UNBLOCK 71 6
3238 ORDER 3239 10 66 1 39 0
3238 BLOCK 23 5
3239 ORDER 3240 79 49 3 72 0
3239 BLOCK 49 24
3240 UNBLOCK 46 68
3240 ORDER 3241 107 86 3 81 0
3240 BLOCK 45 5
3241 UNBLOCK 49 44
3241 ORDER 3242 45 54 114 87 0
3241 BLOCK 91 15
3242 ORDER 3243 18 15 2 34 0
3242 BLOCK 30 27
3243 ORDER 3244 56 20 1 87 2
3244 UNBLOCK 57 51
3244 ORDER 3245 110 20 19 87 0
3244 BLOCK 106 69
3245 UNBLOCK 49 80
3245 ORDER 3246 14 47 3 6 0
3246 CANCEL 3055
3246 ORDER 3247 22 74 2 26 0
3246 CANCEL 103247
3247 ORDER 3248 39 24 35 87 2
3248 ORDER 3249 13 3 71 87 1
3249 ORDER 3250 36 23 2 46 0
3250 UNBLOCK 84 58
3250 ORDER 3251 109 23 2 59 1
3251 UNBLOCK 91 15
3251 ORDER 3252 9 8 3 17 1
3252 CANCEL 3215
3252 ORDER 3253 31 3 90 87 1
3253 ORDER 3254 109 66 111 87 0
3254 CANCEL 3067
3254 UNBLOCK 103 56
3254 UNBLOCK 45 11
3254 ORDER 3255 45 75 1 73 0
3255 ORDER 3256 91 39 1 65 0
3256 ORDER 3257 76 80 1 69 1
3257 UNBLOCK 30 27
3257 ORDER 3258 20 39 1 71 1
3257 BLOCK 64 66
3258 ORDER 3259 34 75 1 57 2
3258 BLOCK 44 65
3259 CANCEL 3136
3259 UNBLOCK 9 72
3259 ORDER 3260 23 11 2 28 1
3259 BLOCK 18 24
3260 ORDER 3261 13 27 2 30 0
3260 BLOCK 28 77
3261 ORDER 3262 43 63 1 84 3
3262 UNBLOCK 71 48
3262 ORDER 3263 108 47 116 87 0
3263 UNBLOCK 97 44
3263 UNBLOCK 45 5
3263 ORDER 3264 62 25 34 88 0
3264 ORDER 3265 71 18 1 2 0
3265 ORDER 3266 29 9 84 87 0
3266 ORDER 3267 107 17 1 67 0
3266 BLOCK 32 44
3267 ORDER 3268 7 27 3 38 0
3267 BLOCK 47 77
3268 ORDER 3269 48 74 2 25 1
3269 ORDER 3270 25 62 1 51 2
3269 BLOCK 26 60
3270 UNBLOCK 18 24
3270 ORDER 3271 26 84 2 68 0
3271 ORDER 3272 94 60 1 38 0
3272 ORDER 3273 19 59 65 88 1
3273 UNBLOCK 47 2
3273 ORDER 3274 110 29 1 63 0
3273 BLOCK 104 24
3274 UNBLOCK 32 44
3274 ORDER 3275 110 54 2 34 1
3274 BLOCK 21 51
3275 UNBLOCK 23 5
3275 ORDER 3276 49 9 3 85 2
3276 ORDER 3277 62 33 3 12 0
3276 BLOCK 97 75
3277 ORDER 3278 104 45 3 76 0
3277 BLOCK 63 53
3278 UNBLOCK 64 66
3278 ORDER 3279 35 5 12 88 0
3279 ORDER 3280 81 68 3 27 0
3280 ORDER 3281 51 62 1 9 0
3281 ORDER 3282 16 66 1 3 1
3281 BLOCK 30 84
3282 ORDER 3283 57 18 114 88 0
3282 BLOCK 13 70
3283 ORDER 3284 16 45 86 87 0
3284 UNBLOCK 47 77
3284 ORDER 3285 56 38 3 23 1
3284 BLOCK 95 6
3285 ORDER 3286 59 57 27 88 0
3285 BLOCK 69 11
3286 UNBLOCK 49 24
3286 ORDER 3287 17 23 21 88 0
3287 ORDER 3288 90 60 2 88 1
3288 ORDER 3289 79 42 32 88 0
3288 BLOCK 107 84
3289 UNBLOCK 106 69
3289 UNBLOCK 44 65
3289 UNBLOCK 28 77
3289 ORDER 3290 105 26 39 88 0
3290 ORDER 3291 12 78 1 26 3
3290 BLOCK 42 77
3291 ORDER 3292 58 27 1 28 0
3291 BLOCK 14 51
3292 ORDER 3293 10 20 30 88 1
3292 BLOCK 26 12
3293 UNBLOCK 97 75
3293 ORDER 3294 16 63 2 72 1
3294 UNBLOCK 26 60
3294 ORDER 3295 37 56 1 70 2
3295 ORDER 3296 103 36 95 87 0
3295 BLOCK 69 33
3296 UNBLOCK 69 11
3296 ORDER 3297 109 80 3 65 0
3297 UNBLOCK 30 84
3297 ORDER 3298 76 15 1 64 0
3297 BLOCK 54 87
3298 ORDER 3299 94 63 29 88 0
3299 ORDER 3300 18 84 1 8 1
3300 ORDER 3301 35 84 3 69 0
3300 BLOCK 21 6
3301 ORDER 3302 49 63 2 66 1
3302 ORDER 3303 47 48 65 87 1
3302 BLOCK 81 68
3303 ORDER 3304 64 41 27 88 0
3304 UNBLOCK 95 6
3304 ORDER 3305 49 11 3 21 2
3305 ORDER 3306 52 21 61 87 1
3305 BLOCK 61 81
3306 ORDER 3307 55 39 20 88 0
3307 UNBLOCK 104 24
3307 UNBLOCK 107 84
3307 ORDER 3308 52 53 2 63 0
3307 BLOCK 79 15
3308 UNBLOCK 42 77
3308 ORDER 3309 48 32 3 83 2
3308 BLOCK 102 88
3309 ORDER 3310 106 80 41 88 0
3309 BLOCK 30 14
3310 UNBLOCK 13 70
3310 ORDER 3311 30 74 94 87 0
3310 BLOCK 18 77
3311 ORDER 3312 99 69 69 87 1
3311 BLOCK 12 64
3312 ORDER 3313 9 69 1 77 1
3312 BLOCK 100 32
3313 ORDER 3314 103 21 1 50 1
3313 BLOCK 91 84
3314 UNBLOCK 63 53
3314 UNBLOCK 61 81
3314 ORDER 3315 68 74 48 88 1
3314 BLOCK 95 39
3315 CANCEL 3137
3315 ORDER 3316 53 86 2 21 0
3316 UNBLOCK 26 12
3316 ORDER 3317 91 35 1 10 1
3317 UNBLOCK 79 15
3317 ORDER 3318 64 12 1 6 2
3317 BLOCK 59 78
3318 UNBLOCK 102 88
3318 ORDER 3319 24 18 3 58 1
3318 BLOCK 102 47
3319 UNBLOCK 18 77
3319 UNBLOCK 12 64
3319 ORDER 3320 35 3 29 88 0
3319 BLOCK 67 48
3320 UNBLOCK 21 6
3320 ORDER 3321 33 32 14 88 0
3321 ORDER 3322 76 69 1 14 0
3322 CANCEL 3252
3322 ORDER 3323 62 39 2 47 2
3322 BLOCK 26 19
3323 ORDER 3324 76 48 96 87 1
3324 ORDER 3325 62 6 3 27 3
3324 BLOCK 23 40
3325 UNBLOCK 14 51
3325 ORDER 3326 106 12 27 87 1
3326 UNBLOCK 81 68
3326 ORDER 3327 65 77 3 24 2
3326 BLOCK 112 30
3327 UNBLOCK 91 84
3327 ORDER 3328 102 6 42 88 1
3327 BLOCK 44 53
3328 UNBLOCK 67 48
3328 ORDER 3329 38 27 1 69 0
3329 CANCEL 3305
3329 UNBLOCK 100 32
3329 ORDER 3330 58 6 1 39 1
3330 UNBLOCK 30 14
3330 ORDER 3331 79 8 69 88 0
3331 ORDER 3332 41 9 117 88 0
3332 ORDER 3333 106 23 113 88 1
3333 CANCEL 3236
3333 UNBLOCK 21 51
3333 ORDER 3334 78 21 14 88 1
3333 BLOCK 26 26
3334 ORDER 3335 91 36 25 88 1
3335 ORDER 3336 50 41 1 31 0
3336 UNBLOCK 54 87
3336 ORDER 3337 28 33 1 65 0
3336 BLOCK 5 15
3337 UNBLOCK 26 19
3337 ORDER 3338 49 51 2 1 0
3337 BLOCK 67 5
3338 ORDER 3339 76 41 2 45 0
3338 BLOCK 100 45
3339 CANCEL 3264
3339 UNBLOCK 102 47
3339 ORDER 3340 87 72 67 88 1
3339 BLOCK 53 29
3340 ORDER 3341 77 24 50 87 0
3340 BLOCK 59 9
3341 ORDER 3342 20 26 3 81 1
3342 ORDER 3343 100 8 3 53 0
3342 BLOCK 67 54
3343 ORDER 3344 88 39 25 87 0
3344 ORDER 3345 21 81 116 88 0
3344 BLOCK 9 30
3345 ORDER 3346 34 14 1 65 0
3345 BLOCK 109 69
3346 UNBLOCK 69 33
3346 ORDER 3347 9 51 28 88 1
3347 UNBLOCK 59 9
3347 ORDER 3348 62 11 88 87 0
3347 BLOCK 18 62
3348 ORDER 3349 44 8 81 87 0
3349 ORDER 3350 9 81 3 6 0
3350 UNBLOCK 112 30
3350 ORDER 3351 76 77 93 87 0
3350 BLOCK 59 41
3351 ORDER 3352 38 77 7 87 2
3352 ORDER 3353 69 9 10 87 0
3353 UNBLOCK 109 69
3353 ORDER 3354 20 3 64 88 0
3354 UNBLOCK 95 39
3354 ORDER 3355 74 57 26 87 3
3354 BLOCK 33 24
3355 UNBLOCK 26 26
3355 ORDER 3356 39 6 2 4 1
3356 UNBLOCK 23 40
3356 ORDER 3357 65 84 2 17 2
3357 ORDER 3358 9 69 118 88 0
3358 ORDER 3359 12 60 3 53 0
3358 BLOCK 50 72
3359 CANCEL 3164
3359 ORDER 3360 30 36 1 52 1
3360 CANCEL 3342
3360 ORDER 3361 47 15 2 51 1
3360 BLOCK 61 36
3361 ORDER 3362 104 8 3 5 1
3361 BLOCK 100 62
3362 ORDER 3363 13 3 60 87 0
3363 ORDER 3364 113 56 45 88 2
3363 BLOCK 53 72
3364 ORDER 3365 95 20 3 58 0
3365 UNBLOCK 44 53
3365 ORDER 3366 17 27 1 80 0
3365 BLOCK 9 59
3366 ORDER 3367 98 41 1 18 1
3366 BLOCK 98 32
3367 ORDER 3368 95 29 1 26 0
3367 BLOCK 43 30
3368 ORDER 3369 81 30 10 88 0
3368 BLOCK 34 29
3369 ORDER 3370 84 72 84 88 0
3369 BLOCK 98 23
3370 UNBLOCK 33 24
3370 ORDER 3371 13 57 2 59 0
3371 ORDER 3372 99 54 2 15 0
3371 BLOCK 67 57
3372 UNBLOCK 59 78
3372 ORDER 3373 92 48 1 56 1
3373 UNBLOCK 43 30
3373 ORDER 3374 107 15 3 57 0
3374 UNBLOCK 61 36
3374 ORDER 3375 28 41 2 59 0
3374 BLOCK 7 56
3375 ORDER 3376 67 81 73 87 0
3375 BLOCK 53 26
3376 ORDER 3377 55 86 87 88 1
3376 BLOCK 82 54
3377 UNBLOCK 34 29
3377 ORDER 3378 52 9 3 40 0
3377 BLOCK 13 87
3378 ORDER 3379 34 83 2 37 0
3379 UNBLOCK 9 30
3379 ORDER 3380 72 3 16 87 0
3379 BLOCK 17 39
3380 ORDER 3381 57 44 3 49 0
3380 BLOCK 85 60
3381 UNBLOCK 82 54
3381 ORDER 3382 81 83 101 88 0
3381 BLOCK 36 68
3382 ORDER 3383 26 60 89 88 0
3382 BLOCK 113 85
3383 UNBLOCK 5 15
3383 UNBLOCK 18 62
3383 ORDER 3384 45 45 60 87 0
3383 BLOCK 109 51
3384 UNBLOCK 59 41
3384 ORDER 3385 37 72 40 88 2
3384 BLOCK 23 27
3385 ORDER 3386 99 3 1 17 2
3385 BLOCK 44 69
3386 UNBLOCK 9 59
3386 ORDER 3387 38 43 90 88 0
3387 UNBLOCK 53 29
3387 ORDER 3388 64 14 71 88 0
3387 BLOCK 49 69
3388 UNBLOCK 67 5
3388 UNBLOCK 67 54
3388 ORDER 3389 94 5 56 87 1
3388 BLOCK 55 65
3389 CANCEL 3361
3389 ORDER 3390 85 62 89 87 0
3390 UNBLOCK 17 39
3390 ORDER 3391 22 33 90 87 0
3391 ORDER 3392 61 86 2 2 3
3392 ORDER 3393 75 14 1 71 2
3393 UNBLOCK 55 65
3393 ORDER 3394 86 63 3 30 0
3393 BLOCK 8 23
3394 ORDER 3395 11 62 3 75 0
3394 BLOCK 109 87
3395 UNBLOCK 85 60
3395 ORDER 3396 6 86 31 88 1
3396 UNBLOCK 67 57
3396 ORDER 3397 115 21 2 2 0
3396 BLOCK 92 68
3397 ORDER 3398 75 12 89 87 0
3397 BLOCK 38 33
3398 UNBLOCK 100 45
3398 UNBLOCK 100 62
3398 UNBLOCK 13 87
3398 ORDER 3399 12 3 3 3 0
3398 BLOCK 19 18
3399 ORDER 3400 7 50 64 87 1
3399 BLOCK 115 24
3400 ORDER 3401 71 63 10 87 1
3401 UNBLOCK 109 87
3401 ORDER 3402 8 45 1 32 0
3401 BLOCK 72 84
3402 UNBLOCK 109 51
3402 UNBLOCK 92 68
3402 ORDER 3403 44 45 91 87 0
3402 BLOCK 86 75
3403 ORDER 3404 45 56 3 10 0
3404 ORDER 3405 20 6 1 41 0
3405 ORDER 3406 60 74 3 88 1
3406 ORDER 3407 34 63 27 87 1
3407 ORDER 3408 81 62 76 88 1
3408 ORDER 3409 100 71 3 44 1
3408 BLOCK 107 62
3409 ORDER 3410 71 57 13 88 0
3409 BLOCK 54 50
3410 ORDER 3411 28 39 1 73 0
3410 BLOCK 32 30
3411 ORDER 3412 76 42 1 24 0
3412 UNBLOCK 53 72
3412 ORDER 3413 104 18 3 87 0
3412 BLOCK 18 74
3413 ORDER 3414 114 63 45 88 0
3413 BLOCK 56 38
3414 UNBLOCK 44 69
3414 UNBLOCK 86 75
3414 ORDER 3415 44 50 1 29 0
3414 BLOCK 37 21
3415 ORDER 3416 55 17 1 72 0
3415 BLOCK 101 88
3416 ORDER 3417 22 60 90 88 0
3416 BLOCK 51 14
3417 UNBLOCK 50 72
3417 ORDER 3418 104 11 39 88 0
3418 ORDER 3419 106 74 2 32 0
3419 ORDER 3420 22 51 100 88 0
3420 UNBLOCK 113 85
3420 ORDER 3421 56 36 7 87 2
3420 BLOCK 13 70
3421 UNBLOCK 101 88
3421 ORDER 3422 29 51 2 36 0
3421 BLOCK 52 2
3422 ORDER 3423 42 42 108 87 1
3423 UNBLOCK 38 33
3423 ORDER 3424 80 23 2 85 0
3424 UNBLOCK 53 26
3424 ORDER 3425 7 48 3 86 0
3425 UNBLOCK 98 32
3425 ORDER 3426 9 32 30 88 0
3425 BLOCK 101 51
3426 UNBLOCK 49 69
3426 ORDER 3427 25 65 2 88 2
3427 ORDER 3428 79 59 3 7 0
3428 UNBLOCK 98 23
3428 UNBLOCK 36 68
3428 UNBLOCK 19 18
3428 UNBLOCK 115 24
3428 ORDER 3429 54 41 12 87 0
3429 ORDER 3430 18 65 105 88 0
3430 ORDER 3431 108 57 32 87 1
3431 ORDER 3432 54 48 113 88 3
3432 UNBLOCK 7 56
3432 ORDER 3433 95 83 1 27 1
3432 BLOCK 100 65
3433 ORDER 3434 66 30 34 87 2
3434 ORDER 3435 112 66 96 87 0
3434 BLOCK 108 72
3435 CANCEL 3322
3435 ORDER 3436 86 77 81 87 0
3435 BLOCK 72 45
3436 ORDER 3437 102 45 106 87 2
3437 ORDER 3438 43 18 1 41 0
3437 BLOCK 29 8
3438 ORDER 3439 83 30 117 87 0
3438 BLOCK 22 17
3439 UNBLOCK 23 27
3439 UNBLOCK 18 74
3439 ORDER 3440 65 41 110 87 0
3439 BLOCK 86 45
3440 ORDER 3441 103 5 1 69 0
3440 BLOCK 73 58
3441 UNBLOCK 54 50
3441 ORDER 3442 97 42 51 88 2
3442 UNBLOCK 29 8
3442 ORDER 3443 99 41 3 74 0
3443 ORDER 3444 51 39 42 87 0
3444 ORDER 3445 40 23 2 61 3
3445 UNBLOCK 8 23
3445 UNBLOCK 51 14
3445 ORDER 3446 85 3 3 66 2
3446 ORDER 3447 100 72 2 62 1
3446 BLOCK 26 8
3447 UNBLOCK 107 62
3447 ORDER 3448 19 35 3 35 1
3447 BLOCK 110 8
3448 ORDER 3449 8 59 50 87 0
3448 BLOCK 79 87
3449 UNBLOCK 73 58
3449 ORDER 3450 114 72 1 32 0
3449 BLOCK 22 5
3450 UNBLOCK 32 30
3450 ORDER 3451 92 42 1 4 3
3451 ORDER 3452 28 50 2 65 0
3452 ORDER 3453 35 17 1 56 0
3452 BLOCK 60 44
3453 ORDER 3454 10 24 89 88 0
3454 ORDER 3455 18 56 6 88 1
3455 ORDER 3456 88 18 52 88 0
3456 UNBLOCK 26 8
3456 ORDER 3457 79 81 2 21 1
3456 BLOCK 32 62
3457 UNBLOCK 22 5
3457 ORDER 3458 84 62 3 82 0
3458 ORDER 3459 75 18 3 21 0
3458 BLOCK 59 78
3459 UNBLOCK 72 84
3459 UNBLOCK 37 21
3459 UNBLOCK 101 51
3459 ORDER 3460 21 48 2 25 0
3460 UNBLOCK 100 65
3460 ORDER 3461 54 83 61 87 0
3461 ORDER 3462 70 60 2 8 0
3461 BLOCK 67 47
3462 ORDER 3463 27 20 102 88 3
3463 UNBLOCK 52 2
3463 UNBLOCK 59 78
3463 ORDER 3464 93 27 3 77 0
3464 ORDER 3465 17 65 2 27 0
3464 BLOCK 100 11
3465 ORDER 3466 9 74 115 88 0
3465 BLOCK 15 1
3466 ORDER 3467 80 5 1 58 1
3467 UNBLOCK 56 38
3467 ORDER 3468 39 78 3 72 0
3468 UNBLOCK 13 70
3468 ORDER 3469 113 38 1 27 3
3469 ORDER 3470 56 65 3 6 0
3469 BLOCK 106 35
3470 ORDER 3471 67 11 40 87 1
3471 UNBLOCK 108 72
3471 ORDER 3472 95 14 1 1 1
3472 ORDER 3473 100 30 101 88 0
3473 UNBLOCK 72 45
3473 ORDER 3474 62 30 2 86 0
3473 BLOCK 30 87
3474 ORDER 3475 65 6 1 71 0
3475 ORDER 3476 114 14 2 33 1
3475 BLOCK 61 33
3476 ORDER 3477 83 38 21 88 0
3476 BLOCK 94 74
3477 UNBLOCK 15 1
3477 ORDER 3478 57 26 34 88 1
3478 ORDER 3479 86 59 87 87 2
3479 ORDER 3480 41 24 96 87 2
3480 UNBLOCK 86 45
3480 ORDER 3481 110 8 7 88 0
3480 BLOCK 49 47
3481 UNBLOCK 22 17
3481 ORDER 3482 34 66 95 87 0
3481 BLOCK 92 62
3482 ORDER 3483 104 6 14 87 0
3482 BLOCK 111 15
3483 ORDER 3484 66 72 107 88 0
3484 ORDER 3485 10 69 2 33 2
3484 BLOCK 46 58
3485 ORDER 3486 52 5 3 75 3
3485 BLOCK 15 7
3486 ORDER 3487 115 72 2 34 0
3486 BLOCK 16 17
3487 ORDER 3488 97 71 2 30 0
3488 ORDER 3489 40 74 1 51 0
3489 CANCEL 3425
3489 ORDER 3490 110 74 2 31 0
3489 BLOCK 56 45
3490 UNBLOCK 46 58
3490 ORDER 3491 66 48 103 88 0
3491 ORDER 3492 97 18 2 32 0
3491 BLOCK 23 61
3492 UNBLOCK 15 7
3492 UNBLOCK 16 17
3492 ORDER 3493 58 36 85 88 0
3493 ORDER 3494 6 48 3 11 2
3493 BLOCK 93 56
3494 ORDER 3495 50 17 108 87 3
3495 ORDER 3496 77 69 80 88 0
3495 BLOCK 84 23
3496 ORDER 3497 64 22 1 85 1
3497 ORDER 3498 99 41 31 88 0
3498 UNBLOCK 110 8
3498 ORDER 3499 59 44 56 88 1
3499 UNBLOCK 79 87
3499 ORDER 3500 63 5 2 17 1
3500 UNBLOCK 100 11
3500 UNBLOCK 61 33
3500 ORDER 3501 28 63 71 87 0
3500 BLOCK 44 2
3501 UNBLOCK 94 74
3501 ORDER 3502 66 72 3 85 3
3502 ORDER 3503 63 51 3 28 0
3503 UNBLOCK 32 62
3503 UNBLOCK 67 47
3503 ORDER 3504 32 50 61 88 3
3503 BLOCK 40 48
3504 ORDER 3505 31 8 33 87 2
3504 BLOCK 32 74
3505 ORDER 3506 62 83 3 37 0
3506 ORDER 3507 95 69 1 47 0
3507 ORDER 3508 102 86 3 72 0
3507 BLOCK 32 72
3508 ORDER 3509 19 83 100 88 0
3508 BLOCK 50 78
3509 CANCEL 3369
3509 UNBLOCK 111 15
3509 ORDER 3510 81 54 58 88 0
3509 BLOCK 6 75
3510 ORDER 3511 40 59 2 61 3
3510 BLOCK 111 39
3511 UNBLOCK 60 44
3511 UNBLOCK 23 61
3511 ORDER 3512 16 66 2 48 2
3511 BLOCK 90 41
3512 ORDER 3513 93 80 2 79 0
3512 BLOCK 5 70
3513 UNBLOCK 49 47
3513 ORDER 3514 46 5 2 85 0
3513 BLOCK 12 54
3514 ORDER 3515 46 36 3 12 2
3514 BLOCK 45 38
3515 ORDER 3516 92 45 40 88 0
3516 ORDER 3517 45 3 47 87 0
3517 UNBLOCK 106 35
3517 ORDER 3518 11 24 21 88 1
3517 BLOCK 113 81
3518 ORDER 3519 65 17 1 43 1
3519 UNBLOCK 56 45
3519 ORDER 3520 6 65 75 88 0
3520 ORDER 3521 89 17 3 42 0
3520 BLOCK 39 36
3521 CANCEL 3430
3521 ORDER 3522 78 45 38 88 0
3522 ORDER 3523 27 60 86 88 3
3523 ORDER 3524 17 81 76 88 1
3524 ORDER 3525 96 65 15 87 0
3524 BLOCK 80 51
3525 UNBLOCK 30 87
3525 ORDER 3526 115 65 1 61 1
3525 BLOCK 31 3
3526 ORDER 3527 107 48 63 88 0
3526 BLOCK 42 7
3527 ORDER 3528 36 65 2 65 1
3527 BLOCK 101 38
3528 ORDER 3529 39 56 56 87 0
3529 UNBLOCK 40 48
3529 ORDER 3530 96 41 52 88 0
3530 ORDER 3531 33 68 26 87 0
3530 BLOCK 29 51
3531 UNBLOCK 44 2
3531 ORDER 3532 77 45 30 88 0
3532 ORDER 3533 81 3 28 88 0
3533 ORDER 3534 28 53 46 88 3
3534 ORDER 3535 49 35 1 27 1
3534 BLOCK 41 41
3535 UNBLOCK 42 7
3535 ORDER 3536 71 41 72 88 0
3535 BLOCK 37 34
3536 ORDER 3537 29 62 26 88 0
3536 BLOCK 51 35
3537 CANCEL 3450
3537 ORDER 3538 37 36 22 88 1
3537 BLOCK 14 77
3538 ORDER 3539 68 36 36 88 2
3539 ORDER 3540 59 3 2 8 0
3539 BLOCK 24 68
3540 UNBLOCK 92 62
3540 UNBLOCK 6 75
3540 ORDER 3541 109 83 2 60 0
3541 UNBLOCK 29 51
3541 ORDER 3542 46 24 69 87 1
3541 BLOCK 34 54
3542 ORDER 3543 9 11 3 62 0
3542 BLOCK 67 81
3543 UNBLOCK 32 74
3543 ORDER 3544 44 5 1 20 0
3544 ORDER 3545 32 24 1 86 0
3544 BLOCK 62 69
3545 ORDER 3546 82 50 25 87 0
3545 BLOCK 5 79
3546 UNBLOCK 93 56
3546 ORDER 3547 104 74 1 77 0
3546 BLOCK 8 35
3547 UNBLOCK 32 72
3547 ORDER 3548 25 69 2 72 1
3548 ORDER 3549 104 69 2 5 0
3549 UNBLOCK 90 41
3549 ORDER 3550 53 11 57 87 0
3549 BLOCK 14 56
3550 UNBLOCK 101 38
3550 ORDER 3551 48 83 1 43 0
3551 UNBLOCK 84 23
3551 UNBLOCK 111 39
3551 UNBLOCK 31 3
3551 ORDER 3552 88 8 85 88 1
3551 BLOCK 61 27
3552 UNBLOCK 39 36
3552 ORDER 3553 67 72 1 34 2
3552 BLOCK 6 8
3553 UNBLOCK 41 41
3553 ORDER 3554 98 5 3 13 2
3553 BLOCK 78 72
3554 ORDER 3555 68 50 17 88 3
3555 UNBLOCK 113 81
3555 ORDER 3556 65 26 3 67 0
3556 ORDER 3557 29 51 45 88 3
3556 BLOCK 32 38
3557 ORDER 3558 12 51 30 87 2
3558 UNBLOCK 50 78
3558 UNBLOCK 12 54
3558 UNBLOCK 80 51
3558 UNBLOCK 51 35
3558 ORDER 3559 109 59 1 46 1
3558 BLOCK 33 47
3559 ORDER 3560 69 29 66 88 0
3559 BLOCK 66 17
3560 ORDER 3561 12 57 2 22 0
3561 ORDER 3562 19 57 107 87 0
3561 BLOCK 102 54
3562 UNBLOCK 45 38
3562 UNBLOCK 14 77
3562 ORDER 3563 20 12 65 88 0
3562 BLOCK 79 5
3563 ORDER 3564 82 35 3 17 0
3564 UNBLOCK 78 72
3564 ORDER 3565 112 77 2 6 1
3565 UNBLOCK 5 70
3565 UNBLOCK 67 81
3565 ORDER 3566 65 15 2 43 0
3566 ORDER 3567 66 38 2 22 1
3566 BLOCK 49 42
3567 ORDER 3568 22 53 2 76 3
3568 UNBLOCK 37 34
3568 ORDER 3569 105 75 1 6 0
3568 BLOCK 98 18
3569 UNBLOCK 5 79
3569 ORDER 3570 37 17 111 88 0
3570 ORDER 3571 111 84 3 45 0
3570 BLOCK 65 65
3571 ORDER 3572 111 48 49 88 0
3571 BLOCK 42 57
3572 ORDER 3573 49 38 6 88 0
3572 BLOCK 105 17
3573 ORDER 3574 42 20 15 88 1
3573 BLOCK 36 21
3574 UNBLOCK 24 68
3574 UNBLOCK 34 54
3574 ORDER 3575 112 44 3 24 0
3574 BLOCK 80 81
3575 ORDER 3576 6 50 2 9 0
3575 BLOCK 43 86
3576 ORDER 3577 49 53 3 11 1
3577 ORDER 3578 72 26 56 88 0
3577 BLOCK 71 55
3578 UNBLOCK 8 35
3578 ORDER 3579 108 68 2 55 1
3578 BLOCK 7 29
3579 ORDER 3580 19 14 2 58 1
3579 BLOCK 113 52
3580 ORDER 3581 57 83 116 88 0
3581 UNBLOCK 36 21
3581 ORDER 3582 16 32 1 18 0
3582 UNBLOCK 62 69
3582 UNBLOCK 105 17
3582 ORDER 3583 30 15 1 77 0
3583 UNBLOCK 43 86
3583 ORDER 3584 112 69 3 23 1
3583 BLOCK 113 6
3584 UNBLOCK 14 56
3584 UNBLOCK 7 29
3584 ORDER 3585 51 35 79 88 0
3584 BLOCK 87 60
3585 ORDER 3586 54 62 19 87 0
3586 CANCEL 3552
3586 UNBLOCK 98 18
3586 ORDER 3587 89 23 1 55 2
3586 BLOCK 113 31
3587 CANCEL 3508
3587 UNBLOCK 61 27
3587 ORDER 3588 103 51 32 87 0
3587 BLOCK 97 3
3588 ORDER 3589 54 3 1 38 2
3588 BLOCK 22 54
3589 UNBLOCK 6 8
3589 ORDER 3590 36 24 8 88 0
3589 BLOCK 42 36
3590 ORDER 3591 94 83 3 37 0
3590 BLOCK 45 10
3591 ORDER 3592 6 75 107 88 3
3592 UNBLOCK 49 42
3592 ORDER 3593 69 54 3 61 0
3592 BLOCK 95 26
3593 UNBLOCK 65 65
3593 ORDER 3594 65 12 2 7 0
3594 CANCEL 3553
3594 ORDER 3595 55 30 2 14 0
3594 BLOCK 21 71
3595 UNBLOCK 79 5
3595 ORDER 3596 27 48 40 87 0
3595 BLOCK 5 4
3596 UNBLOCK 80 81
3596 ORDER 3597 19 35 57 87 0
3597 UNBLOCK 42 36
3597 ORDER 3598 51 71 1 82 0
3598 ORDER 3599 111 41 99 88 0
3598 BLOCK 81 42
3599 CANCEL 3463
3599 UNBLOCK 32 38
3599 ORDER 3600 62 86 3 87 1
3599 BLOCK 96 61
3600 ORDER 3601 112 86 3 76 1
3600 BLOCK 82 36
3601 ORDER 3602 94 80 3 52 2
3601 BLOCK 89 47
3602 CANCEL 3568
3602 ORDER 3603 50 33 3 55 0
3602 BLOCK 79 71
3603 UNBLOCK 113 52
3603 UNBLOCK 22 54
3603 ORDER 3604 79 59 3 54 0
3603 BLOCK 32 44
3604 ORDER 3605 47 57 27 88 0
3605 ORDER 3606 13 41 2 44 0
3606 UNBLOCK 42 57
3606 ORDER 3607 9 18 1 83 0
3607 ORDER 3608 79 27 30 88 1
3608 ORDER 3609 55 60 2 57 0
3608 BLOCK 34 66
3609 UNBLOCK 33 47
3609 ORDER 3610 19 35 2 28 2
3609 BLOCK 5 44
3610 ORDER 3611 101 63 31 88 1
3611 ORDER 3612 84 86 3 21 0
3612 ORDER 3613 68 71 1 52 1
3613 UNBLOCK 102 54
3613 ORDER 3614 83 63 3 51 1
3613 BLOCK 76 51
3614 ORDER 3615 94 71 1 44 2
3615 UNBLOCK 5 44
3615 ORDER 3616 12 23 105 87 3
3616 CANCEL 3426
3616 ORDER 3617 112 54 88 88 2
3616 BLOCK 46 75
3617 UNBLOCK 66 17
3617 ORDER 3618 111 9 3 26 2
3618 UNBLOCK 89 47
3618 ORDER 3619 113 75 93 88 0
3618 BLOCK 24 35
3619 UNBLOCK 95 26
3619 ORDER 3620 98 41 104 88 3
3619 BLOCK 38 57
3620 UNBLOCK 34 66
3620 ORDER 3621 51 14 3 51 0
3620 BLOCK 53 84
3621 UNBLOCK 71 55
3621 ORDER 3622 46 54 21 87 0
3621 BLOCK 82 11
3622 UNBLOCK 45 10
3622 ORDER 3623 17 68 43 88 2
3623 ORDER 3624 104 47 10 88 0
3624 UNBLOCK 32 44
3624 ORDER 3625 19 69 40 87 0
3625 ORDER 3626 55 8 33 88 2
3625 BLOCK 64 68
3626 ORDER 3627 105 75 2 64 0
3627 ORDER 3628 78 66 116 87 0
3627 BLOCK 65 34
3628 ORDER 3629 39 15 103 87 0
3628 BLOCK 89 52
3629 ORDER 3630 31 29 74 88 1
3630 ORDER 3631 39 18 1 5 1
3630 BLOCK 43 33
3631 UNBLOCK 113 6
3631 ORDER 3632 37 9 1 58 0
3631 BLOCK 67 78
3632 CANCEL 3485
3632 UNBLOCK 87 60
3632 ORDER 3633 100 78 1 4 0
3632 BLOCK 35 21
3633 UNBLOCK 97 3
3633 ORDER 3634 91 68 3 60 0
3633 BLOCK 38 65
3634 CANCEL 3468
3634 ORDER 3635 48 83 2 60 0
3635 ORDER 3636 33 45 65 88 3
3636 CANCEL 3536
3636 ORDER 3637 88 74 1 13 1
3637 UNBLOCK 96 61
3637 ORDER 3638 66 29 108 87 2
3638 ORDER 3639 109 48 5 88 0
3639 ORDER 3640 39 33 3 2 0
3640 UNBLOCK 113 31
3640 UNBLOCK 21 71
3640 ORDER 3641 115 50 2 8 1
3641 ORDER 3642 50 33 3 34 1
3641 BLOCK 8 38
3642 UNBLOCK 5 4
3642 UNBLOCK 81 42
3642 ORDER 3643 15 86 2 54 0
3642 BLOCK 66 42
3643 UNBLOCK 76 51
3643 ORDER 3644 62 66 2 57 0
3644 ORDER 3645 93 9 2 23 1
3645 UNBLOCK 64 68
3645 ORDER 3646 100 48 104 87 0
3645 BLOCK 10 54
3646 ORDER 3647 38 39 82 87 0
3646 BLOCK 71 39
3647 ORDER 3648 95 74 97 87 1
3648 ORDER 3649 26 32 2 8 0
3649 ORDER 3650 9 84 17 87 0
3650 ORDER 3651 55 66 1 37 0
3651 UNBLOCK 82 36
3651 ORDER 3652 32 26 2 82 2
3652 ORDER 3653 81 38 1 44 0
3653 UNBLOCK 10 54
3653 ORDER 3654 79 30 2 47 0
3654 ORDER 3655 94 39 71 87 1
3654 BLOCK 44 25
3655 ORDER 3656 7 33 52 87 0
3655 BLOCK 74 35
3656 UNBLOCK 35 21
3656 ORDER 3657 61 33 2 29 0
3656 BLOCK 64 30
3657 ORDER 3658 98 38 83 88 0
3658 ORDER 3659 68 44 1 80 0
3658 BLOCK 114 39
3659 UNBLOCK 79 71
3659 UNBLOCK 24 35
3659 UNBLOCK 82 11
3659 ORDER 3660 100 80 65 88 2
3659 BLOCK 6 35
3660 ORDER 3661 37 36 82 88 1
3660 BLOCK 38 21
3661 CANCEL 3537
3661 ORDER 3662 108 68 2 27 0
3662 ORDER 3663 42 59 25 87 0
3663 ORDER 3664 50 38 2 51 0
3663 BLOCK 109 1
3664 UNBLOCK 43 33
3664 ORDER 3665 7 80 27 87 2
3664 BLOCK 16 86
3665 UNBLOCK 8 38
3665 ORDER 3666 95 59 3 27 0
3665 BLOCK 9 51
3666 UNBLOCK 89 52
3666 ORDER 3667 71 33 53 88 0
3667 UNBLOCK 46 75
3667 ORDER 3668 58 57 36 88 0
3667 BLOCK 29 69
3668 ORDER 3669 98 72 1 37 1
3668 BLOCK 21 11
3669 ORDER 3670 98 53 2 81 0
3669 BLOCK 17 60
3670 ORDER 3671 64 8 43 88 0
3671 UNBLOCK 109 1
3671 ORDER 3672 93 35 19 88 0
3672 UNBLOCK 67 78
3672 CANCEL 3647
3672 ORDER 3673 57 51 3 18 0
3672 BLOCK 104 18
3673 CANCEL 3669
3673 ORDER 3674 35 5 2 40 1
3674 UNBLOCK 53 84
3674 ORDER 3675 54 84 113 88 0
3675 UNBLOCK 66 42
3675 ORDER 3676 63 6 44 87 3
3676 ORDER 3677 8 29 115 87 0
3676 BLOCK 25 35
3677 ORDER 3678 90 80 85 87 0
3678 UNBLOCK 38 57
3678 ORDER 3679 66 86 1 65 1
3678 BLOCK 104 20
3679 ORDER 3680 57 26 118 87 0
3679 BLOCK 29 44
3680 UNBLOCK 65 34
3680 ORDER 3681 16 6 23 88 1
3681 UNBLOCK 6 35
3681 ORDER 3682 93 39 90 87 0
3682 ORDER 3683 52 32 1 17 2
3682 BLOCK 11 87
3683 ORDER 3684 46 47 2 1 1
3684 ORDER 3685 37 75 3 56 0
3685 UNBLOCK 29 44
3685 ORDER 3686 92 83 1 53 3
3685 BLOCK 96 24
3686 ORDER 3687 49 69 3 29 0
3686 BLOCK 76 57
3687 ORDER 3688 42 68 87 87 0
3688 ORDER 3689 7 5 101 88 0
3689 ORDER 3690 67 69 61 87 1
3689 BLOCK 67 48
3690 UNBLOCK 64 30
3690 ORDER 3691 63 3 1 60 1
3690 BLOCK 33 72
3691 UNBLOCK 38 65
3691 ORDER 3692 62 77 92 87 0
3691 BLOCK 105 53
3692 UNBLOCK 38 21
3692 ORDER 3693 42 44 2 19 0
3692 BLOCK 98 8
3693 ORDER 3694 79 71 1 62 1
3694 ORDER 3695 38 50 64 88 0
3694 BLOCK 60 29
3695 ORDER 3696 92 81 21 88 1
3696 ORDER 3697 107 36 2 84 0
3697 UNBLOCK 11 87
3697 UNBLOCK 76 57
3697 ORDER 3698 45 81 3 24 1
3697 BLOCK 63 5
3698 UNBLOCK 71 39
3698 ORDER 3699 96 66 1 55 0
3699 ORDER 3700 103 6 96 88 1
3699 BLOCK 14 66
3700 ORDER 3701 45 6 2 28 1
3701 ORDER 3702 22 84 67 87 0
3702 UNBLOCK 44 25
3702 ORDER 3703 25 17 2 22 0
3703 ORDER 3704 103 75 86 88 0
3703 BLOCK 108 54
3704 CANCEL 3600
3704 UNBLOCK 98 8
3704 ORDER 3705 7 84 3 20 0
3705 ORDER 3706 59 3 2 48 0
3706 ORDER 3707 45 80 3 28 0
3706 BLOCK 23 2
3707 UNBLOCK 9 51
3707 UNBLOCK 21 11
3707 ORDER 3708 96 27 3 75 0
3707 BLOCK 89 60
3708 ORDER 3709 17 86 26 87 0
3709 UNBLOCK 74 35
3709 UNBLOCK 114 39
3709 UNBLOCK 104 20
3709 ORDER 3710 43 33 114 88 1
3709 BLOCK 69 62
3710 CANCEL 3628
3710 ORDER 3711 98 83 117 88 1
3711 ORDER 3712 39 21 10 87 1
3712 ORDER 3713 74 53 2 77 1
3712 BLOCK 72 13
3713 ORDER 3714 35 21 41 87 0
3713 BLOCK 109 51
3714 UNBLOCK 96 24
3714 ORDER 3715 71 72 1 56 1
3714 BLOCK 12 63
3715 ORDER 3716 7 62 3 46 0
3715 BLOCK 37 72
3716 ORDER 3717 38 23 3 25 0
3716 BLOCK 64 57
3717 UNBLOCK 17 60
3717 ORDER 3718 73 8 41 87 0
3718 UNBLOCK 63 5
3718 ORDER 3719 13 80 1 34 0
3718 BLOCK 71 72
3719 UNBLOCK 16 86
3719 ORDER 3720 106 38 84 87 0
3719 BLOCK 73 63
3720 ORDER 3721 74 39 34 87 0
3721 ORDER 3722 113 5 2 69 0
3722 ORDER 3723 46 27 1 31 0
3722 BLOCK 49 40
3723 UNBLOCK 29 69
3723 UNBLOCK 60 29
3723 ORDER 3724 50 79 2 56 0
3724 ORDER 3725 20 36 51 88 0
3724 BLOCK 67 35
3725 UNBLOCK 104 18
3725 UNBLOCK 67 48
3725 ORDER 3726 59 36 68 88 0
3725 BLOCK 68 47
3726 ORDER 3727 12 77 65 87 0
3726 BLOCK 26 50
3727 UNBLOCK 14 66
3727 UNBLOCK 109 51
3727 ORDER 3728 41 6 1 15 1
3728 ORDER 3729 19 29 3 84 0
3728 BLOCK 89 52
3729 UNBLOCK 105 53
3729 ORDER 3730 34 72 68 88 0
3729 BLOCK 41 33
3730 ORDER 3731 9 81 41 87 0
3731 ORDER 3732 55 69 3 38 3
3731 BLOCK 112 15
3732 ORDER 3733 18 39 1 43 0
3733 ORDER 3734 82 60 1 9 0
3733 BLOCK 49 77
3734 UNBLOCK 25 35
3734 UNBLOCK 89 60
3734 ORDER 3735 84 27 11 87 0
3734 BLOCK 51 1
3735 ORDER 3736 87 41 2 57 3
3736 ORDER 3737 98 9 2 85 1
3736 BLOCK 66 15
3737 CANCEL 3696
3737 ORDER 3738 30 35 3 3 1
3737 BLOCK 94 1
3738 ORDER 3739 13 35 1 42 2
3738 BLOCK 115 83
3739 ORDER 3740 39 15 46 88 0
3739 BLOCK 63 74
3740 ORDER 3741 115 65 13 88 0
3740 BLOCK 29 32
3741 UNBLOCK 33 72
3741 ORDER 3742 20 60 1 39 0
3741 BLOCK 32 5
3742 UNBLOCK 49 40
3742 ORDER 3743 57 23 32 87 1
3742 BLOCK 94 71
3743 UNBLOCK 67 35
3743 ORDER 3744 57 53 3 47 1
3743 BLOCK 31 3
3744 ORDER 3745 100 35 1 43 0
3745 UNBLOCK 37 72
3745 ORDER 3746 29 39 3 78 0
3746 ORDER 3747 94 53 2 15 2
3747 ORDER 3748 20 63 44 87 0
3747 BLOCK 50 8
3748 ORDER 3749 29 57 1 39 1
3749 ORDER 3750 6 17 91 88 1
3750 UNBLOCK 89 52
3750 ORDER 3751 112 32 1 81 0
3751 ORDER 3752 23 18 1 34 0
3751 BLOCK 47 9
3752 UNBLOCK 72 13
3752 ORDER 3753 110 53 94 88 0
3752 BLOCK 54 8
3753 CANCEL 3563
3753 ORDER 3754 36 45 1 39 1
3754 UNBLOCK 71 72
3754 ORDER 3755 92 29 3 64 1
3755 UNBLOCK 68 47
3755 ORDER 3756 26 71 3 31 0
3756 UNBLOCK 23 2
3756 ORDER 3757 20 63 94 88 0
3756 BLOCK 74 78
3757 ORDER 3758 18 60 94 88 0
3757 BLOCK 41 83
3758 UNBLOCK 108 54
3758 UNBLOCK 69 62
3758 ORDER 3759 58 27 61 87 0
3758 BLOCK 49 4
3759 ORDER 3760 41 69 1 57 1
3759 BLOCK 36 14
3760 ORDER 3761 80 11 10 88 2
3760 BLOCK 16 33
3761 UNBLOCK 73 63
3761 UNBLOCK 74 78
3761 ORDER 3762 103 17 2 24 0
3762 UNBLOCK 64 57
3762 UNBLOCK 49 77
3762 ORDER 3763 66 77 2 53 0
3762 BLOCK 34 83
3763 UNBLOCK 66 15
3763 ORDER 3764 85 26 3 40 1
3763 BLOCK 12 73
3764 ORDER 3765 52 32 1 78 0
3765 ORDER 3766 111 56 2 75 1
3765 BLOCK 92 48
3766 UNBLOCK 51 1
3766 UNBLOCK 32 5
3766 ORDER 3767 97 80 3 17 0
3766 BLOCK 115 42
3767 UNBLOCK 12 63
3767 ORDER 3768 18 71 1 75 3
3767 BLOCK 67 30
3768 ORDER 3769 49 11 54 87 0
3768 BLOCK 49 67
3769 ORDER 3770 103 72 1 88 1
3770 UNBLOCK 29 32
3770 ORDER 3771 57 48 32 88 1
3770 BLOCK 16 18
3771 UNBLOCK 41 33
3771 UNBLOCK 92 48
3771 ORDER 3772 60 78 2 49 0
3771 BLOCK 86 15
3772 UNBLOCK 47 9
3772 ORDER 3773 33 33 3 24 0
3772 BLOCK 34 26
3773 ORDER 3774 25 72 1 75 0
3773 BLOCK 107 78
3774 UNBLOCK 49 4
3774 UNBLOCK 49 67
3774 ORDER 3775 60 47 1 43 0
3775 ORDER 3776 59 78 2 24 0
3775 BLOCK 114 51
3776 ORDER 3777 83 84 78 87 0
3777 ORDER 3778 38 26 115 87 0
3777 BLOCK 79 45
3778 ORDER 3779 54 36 3 32 0
3779 ORDER 3780 114 47 92 88 0
3780 ORDER 3781 55 77 3 59 0
3781 UNBLOCK 94 1
3781 ORDER 3782 18 15 20 88 0
3782 ORDER 3783 67 15 2 54 1
3782 BLOCK 75 68
3783 UNBLOCK 26 50
3783 ORDER 3784 70 42 33 87 0
3784 ORDER 3785 18 3 1 75 1
3785 UNBLOCK 31 3
3785 ORDER 3786 27 45 24 88 0
3785 BLOCK 58 30
3786 CANCEL 3736
3786 UNBLOCK 34 26
3786 ORDER 3787 23 30 3 57 0
3786 BLOCK 46 27
3787 ORDER 3788 45 69 3 79 0
3788 ORDER 3789 101 30 3 88 3
3789 UNBLOCK 50 8
3789 UNBLOCK 75 68
3789 ORDER 3790 79 59 2 60 0
3789 BLOCK 67 31
3790 UNBLOCK 34 83
3790 UNBLOCK 67 30
3790 ORDER 3791 77 56 3 49 3
3791 UNBLOCK 112 15
3791 UNBLOCK 115 83
3791 UNBLOCK 94 71
3791 ORDER 3792 70 59 3 28 1
3792 UNBLOCK 16 18
3792 ORDER 3793 75 71 3 78 0
3792 BLOCK 8 63
3793 ORDER 3794 58 35 3 83 0
3793 BLOCK 9 74
3794 UNBLOCK 54 8
3794 ORDER 3795 29 24 99 88 0
3794 BLOCK 58 54
3795 UNBLOCK 12 73
3795 ORDER 3796 78 29 34 88 1
3796 UNBLOCK 16 33
3796 ORDER 3797 70 39 21 87 0
3796 BLOCK 75 83
3797 CANCEL 3719
3797 ORDER 3798 40 3 54 88 2
3797 BLOCK 32 17
3798 UNBLOCK 36 14
3798 ORDER 3799 50 45 2 82 1
3799 UNBLOCK 63 74
3799 ORDER 3800 71 15 1 29 0
3800 UNBLOCK 9 74
3800 ORDER 3801 76 17 10 88 0
3801 UNBLOCK 115 42
3801 ORDER 3802 26 14 2 74 0
3802 ORDER 3803 98 48 1 39 2
3802 BLOCK 9 42
3803 ORDER 3804 16 71 3 19 0
3804 ORDER 3805 60 72 3 27 2
3805 ORDER 3806 97 44 3 44 1
3805 BLOCK 111 53
3806 UNBLOCK 79 45
3806 ORDER 3807 91 36 82 87 1
3806 BLOCK 59 72
3807 UNBLOCK 58 30
3807 ORDER 3808 17 77 99 87 0
3807 BLOCK 24 80
3808 ORDER 3809 39 53 1 25 3
3808 BLOCK 65 57
3809 ORDER 3810 92 68 11 88 0
3810 ORDER 3811 33 30 3 20 0
3811 UNBLOCK 41 83
3811 ORDER 3812 64 84 97 88 0
3812 ORDER 3813 111 8 104 88 0
3812 BLOCK 13 6
3813 ORDER 3814 67 9 11 88 0
3813 BLOCK 62 88
3814 ORDER 3815 8 31 16 88 0
3815 ORDER 3816 114 44 1 31 0
3816 ORDER 3817 13 57 2 7 0
3817 ORDER 3818 20 57 79 88 1
3818 UNBLOCK 114 51
3818 ORDER 3819 79 8 60 88 2
3818 BLOCK 55 79
3819 UNBLOCK 75 83
3819 ORDER 3820 65 54 2 22 0
3819 BLOCK 83 87
3820 ORDER 3821 27 53 1 10 0
3821 ORDER 3822 27 42 2 75 0
3822 ORDER 3823 39 21 1 44 2
3823 UNBLOCK 32 17
3823 ORDER 3824 109 45 20 87 1
3824 UNBLOCK 86 15
3824 ORDER 3825 92 3 79 88 0
3825 ORDER 3826 28 3 53 88 3
3825 BLOCK 14 55
3826 ORDER 3827 86 47 58 88 1
3827 CANCEL 3755
3827 ORDER 3828 38 72 3 75 1
3827 BLOCK 115 62
3828 UNBLOCK 107 78
3828 UNBLOCK 46 27
3828 UNBLOCK 67 31
3828 ORDER 3829 7 35 108 87 1
3829 ORDER 3830 16 80 1 9 0
3829 BLOCK 94 41
3830 ORDER 3831 81 62 2 53 2
3830 BLOCK 25 50
3831 ORDER 3832 11 17 36 87 0
3832 ORDER 3833 108 83 76 88 1
3833 ORDER 3834 46 83 83 88 2
3833 BLOCK 94 9
3834 UNBLOCK 59 72
3834 UNBLOCK 55 79
3834 ORDER 3835 108 53 1 48 1
3835 CANCEL 3745
3835 ORDER 3836 34 72 2 63 3
3836 ORDER 3837 50 38 63 88 0
3837 UNBLOCK 58 54
3837 ORDER 3838 6 23 2 55 0
3838 UNBLOCK 24 80
3838 ORDER 3839 37 6 3 19 3
3838 BLOCK 68 11
3839 ORDER 3840 114 54 3 80 0
3840 UNBLOCK 13 6
3840 ORDER 3841 74 41 102 88 2
3841 ORDER 3842 37 14 80 88 2
3842 UNBLOCK 62 88
3842 ORDER 3843 100 11 1 17 0
3843 ORDER 3844 67 80 28 88 1
3844 ORDER 3845 108 75 3 80 0
3845 UNBLOCK 94 41
3845 ORDER 3846 69 66 41 87 0
3846 ORDER 3847 65 12 1 34 0
3847 UNBLOCK 8 63
3847 UNBLOCK 14 55
3847 ORDER 3848 60 3 2 67 0
3847 BLOCK 98 39
3848 ORDER 3849 7 57 3 86 0
3849 ORDER 3850 32 69 1 20 1
3849 BLOCK 23 11
3850 ORDER 3851 47 59 1 52 0
3850 BLOCK 105 47
3851 UNBLOCK 9 42
3851 ORDER 3852 56 83 3 10 3
3851 BLOCK 69 2
3852 ORDER 3853 112 8 10 87 0
3853 CANCEL 3793
3853 ORDER 3854 66 80 96 87 2
3854 ORDER 3855 16 48 101 88 0
3855 ORDER 3856 90 36 108 88 0
3855 BLOCK 77 64
3856 UNBLOCK 111 53
3856 ORDER 3857 87 78 2 11 1
3857 ORDER 3858 97 75 1 30 2
3858 ORDER 3859 84 21 23 88 1
3858 BLOCK 48 9
3859 UNBLOCK 115 62
3859 UNBLOCK 94 9
3859 UNBLOCK 23 11
3859 ORDER 3860 103 11 74 87 0
3859 BLOCK 111 77
3860 ORDER 3861 88 6 108 88 0
3861 ORDER 3862 63 11 116 87 0
3861 BLOCK 41 53
3862 ORDER 3863 110 44 1 45 0
3863 UNBLOCK 65 57
3863 UNBLOCK 68 11
3863 ORDER 3864 36 5 2 42 3
3863 BLOCK 51 50
3864 UNBLOCK 105 47
3864 ORDER 3865 19 75 3 37 0
3864 BLOCK 110 2
3865 ORDER 3866 110 48 1 34 1
3865 BLOCK 47 88
3866 CANCEL 3707
3866 ORDER 3867 115 36 3 62 0
3866 BLOCK 44 43
3867 ORDER 3868 84 81 50 87 0
3867 BLOCK 106 11
3868 ORDER 3869 48 86 1 18 0
3868 BLOCK 106 56
3869 UNBLOCK 51 50
3869 ORDER 3870 112 47 1 7 0
3870 ORDER 3871 79 20 102 87 1
3871 ORDER 3872 47 78 91 88 0
3871 BLOCK 113 36
3872 UNBLOCK 83 87
3872 ORDER 3873 58 80 3 55 2
3872 BLOCK 27 8
3873 ORDER 3874 41 14 2 80 3
3874 ORDER 3875 110 60 12 88 0
3875 UNBLOCK 25 50
3875 UNBLOCK 111 77
3875 ORDER 3876 62 20 3 31 1
3875 BLOCK 67 42
3876 ORDER 3877 39 18 2 49 0
3877 ORDER 3878 111 36 52 87 0
3877 BLOCK 74 30
3878 ORDER 3879 86 47 1 18 1
3878 BLOCK 17 57
3879 UNBLOCK 106 56
3879 ORDER 3880 8 6 102 88 2
3880 ORDER 3881 10 11 3 77 0
3880 BLOCK 14 80
3881 ORDER 3882 8 51 1 69 3
3882 UNBLOCK 41 53
3882 UNBLOCK 110 2
3882 ORDER 3883 71 71 2 82 1
3883 ORDER 3884 19 68 56 87 1
3884 ORDER 3885 13 42 1 78 1
3885 ORDER 3886 91 51 2 17 2
3885 BLOCK 30 24
3886 ORDER 3887 26 86 3 13 1
3887 UNBLOCK 69 2
3887 ORDER 3888 25 33 83 88 0
3887 BLOCK 41 87
3888 ORDER 3889 75 50 115 88 0
3889 ORDER 3890 46 38 2 7 2
3889 BLOCK 40 88
3890 UNBLOCK 17 57
3890 ORDER 3891 34 9 44 88 1
3890 BLOCK 70 48
3891 UNBLOCK 98 39
3891 ORDER 3892 26 30 6 88 0
3891 BLOCK 48 47
3892 ORDER 3893 46 75 104 87 0
3893 ORDER 3894 115 29 3 49 0
3893 BLOCK 75 63
3894 UNBLOCK 44 43
3894 UNBLOCK 30 24
3894 ORDER 3895 59 15 1 47 0
3895 ORDER 3896 8 83 3 63 2
3896 ORDER 3897 88 29 3 80 0
3897 ORDER 3898 56 11 2 44 0
3898 ORDER 3899 72 84 1 26 1
3898 BLOCK 44 11
3899 ORDER 3900 85 77 8 87 2
3900 ORDER 3901 96 27 112 87 0
3901 ORDER 3902 65 42 63 88 0
3902 ORDER 3903 49 30 1 40 0
3902 BLOCK 20 8
3903 CANCEL 3819
3903 ORDER 3904 83 41 3 68 1
3904 ORDER 3905 99 11 41 88 2
3905 ORDER 3906 99 59 71 88 0
3906 ORDER 3907 47 50 83 88 1
3907 UNBLOCK 27 8
3907 UNBLOCK 14 80
3907 ORDER 3908 111 18 1 37 2
3907 BLOCK 49 27
3908 UNBLOCK 77 64
3908 UNBLOCK 48 9
3908 ORDER 3909 98 39 1 21 1
3908 BLOCK 86 83
3909 UNBLOCK 106 11
3909 ORDER 3910 60 3 37 87 0
3910 UNBLOCK 47 88
3910 ORDER 3911 30 17 43 87 1
3911 ORDER 3912 76 71 99 87 0
3912 ORDER 3913 79 85 1 68 1
3912 BLOCK 14 36
3913 CANCEL 3846
3913 ORDER 3914 10 14 3 75 0
3913 BLOCK 10 56
3914 UNBLOCK 74 30
3914 ORDER 3915 27 69 2 71 0
3914 BLOCK 105 35
3915 UNBLOCK 75 63
3915 ORDER 3916 112 5 72 87 0
3915 BLOCK 80 52
3916 ORDER 3917 44 9 29 87 0
3917 ORDER 3918 11 48 64 88 1
3917 BLOCK 97 51
3918 UNBLOCK 70 48
3918 ORDER 3919 55 51 64 87 0
3919 ORDER 3920 30 21 2 51 1
3920 CANCEL 3892
3920 ORDER 3921 114 6 1 79 1
3920 BLOCK 111 23
3921 ORDER 3922 47 18 58 88 0
3921 BLOCK 47 3
3922 UNBLOCK 44 11
3922 ORDER 3923 104 12 80 87 0
3923 UNBLOCK 41 87
3923 ORDER 3924 95 65 38 87 0
3923 BLOCK 112 45
3924 ORDER 3925 114 18 86 87 0
3924 BLOCK 90 71
3925 ORDER 3926 31 38 1 40 2
3925 BLOCK 31 87
3926 UNBLOCK 86 83
3926 ORDER 3927 46 74 70 88 3
3927 ORDER 3928 17 69 5 88 1
3927 BLOCK 11 9
3928 ORDER 3929 8 57 58 87 1
3929 CANCEL 3749
3929 ORDER 3930 50 41 8 87 0
3930 UNBLOCK 113 36
3930 UNBLOCK 48 47
3930 ORDER 3931 46 53 1 18 0
3930 BLOCK 46 30
3931 UNBLOCK 67 42
3931 ORDER 3932 85 75 2 52 3
3931 BLOCK 38 2
3932 UNBLOCK 105 35
3932 ORDER 3933 15 30 92 87 0
3933 ORDER 3934 11 36 54 87 3
3933 BLOCK 87 42
3934 UNBLOCK 14 36
3934 ORDER 3935 12 11 2 17 0
3934 BLOCK 83 63
3935 UNBLOCK 80 52
3935 ORDER 3936 92 32 3 41 2
3935 BLOCK 89 86
3936 ORDER 3937 37 24 2 39 0
3937 CANCEL 3915
3937 UNBLOCK 97 51
3937 UNBLOCK 112 45
3937 ORDER 3938 115 24 56 87 0
3938 ORDER 3939 31 39 3 60 0
3939 ORDER 3940 85 71 75 87 0
3940 ORDER 3941 17 20 3 7 0
3941 ORDER 3942 56 60 1 71 1
3942 UNBLOCK 47 3
3942 ORDER 3943 47 72 15 87 0
3943 ORDER 3944 12 6 1 65 1
3943 CANCEL 103944
3943 BLOCK 85 83
3944 ORDER 3945 42 21 1 81 1
3945 CANCEL 3895
3945 UNBLOCK 87 42
3945 ORDER 3946 92 24 66 88 0
3946 UNBLOCK 20 8
3946 ORDER 3947 81 62 3 48 0
3946 BLOCK 76 17
3947 ORDER 3948 97 6 3 20 0
3948 ORDER 3949 90 6 77 88 1
3948 BLOCK 68 42
3949 UNBLOCK 40 88
3949 CANCEL 3942
3949 ORDER 3950 7 15 21 87 2
3950 ORDER 3951 32 53 1 65 1
3950 BLOCK 53 47
3951 ORDER 3952 62 66 55 87 0
3951 BLOCK 82 19
3952 ORDER 3953 36 60 2 32 0
3952 BLOCK 17 18
3953 UNBLOCK 49 27
3953 ORDER 3954 28 12 102 88 0
3953 BLOCK 64 45
3954 UNBLOCK 90 71
3954 ORDER 3955 45 83 82 88 1
3954 BLOCK 10 20
3955 UNBLOCK 89 86
3955 ORDER 3956 55 60 1 28 1
3956 ORDER 3957 106 56 78 88 0
3956 BLOCK 57 44
3957 UNBLOCK 83 63
3957 ORDER 3958 12 17 59 88 1
3958 ORDER 3959 79 15 1 31 0
3958 BLOCK 10 65
3959 ORDER 3960 63 86 73 87 0
3960 UNBLOCK 76 17
3960 UNBLOCK 17 18
3960 ORDER 3961 77 66 1 68 3
3961 UNBLOCK 10 56
3961 UNBLOCK 31 87
3961 ORDER 3962 71 36 3 23 1
3961 BLOCK 97 41
3962 ORDER 3963 22 72 8 88 2
3962 BLOCK 78 27
3963 ORDER 3964 35 68 39 88 0
3963 BLOCK 39 77
3964 ORDER 3965 83 80 14 87 0
3964 BLOCK 5 37
3965 ORDER 3966 76 11 1 73 0
3966 ORDER 3967 20 65 2 88 2
3967 ORDER 3968 81 14 32 88 0
3967 BLOCK 47 69
3968 UNBLOCK 111 23
3968 UNBLOCK 38 2
3968 ORDER 3969 94 45 61 87 1
3969 ORDER 3970 105 39 62 88 0
3969 BLOCK 34 4
3970 UNBLOCK 46 30
3970 ORDER 3971 57 9 2 33 0
3971 ORDER 3972 19 32 3 84 3
3971 BLOCK 5 76
3972 ORDER 3973 54 41 1 69 1
3973 CANCEL 3897
3973 ORDER 3974 78 36 107 87 0
3974 ORDER 3975 10 20 117 87 1
3974 BLOCK 15 33
3975 ORDER 3976 84 48 85 87 0
3975 BLOCK 64 47
3976 ORDER 3977 82 27 75 88 0
3976 BLOCK 86 80
3977 UNBLOCK 97 41
3977 ORDER 3978 96 59 2 53 2
3978 UNBLOCK 34 4
3978 ORDER 3979 39 51 2 38 0
3979 ORDER 3980 28 35 2 26 0
3979 BLOCK 49 61
3980 ORDER 3981 18 36 35 88 0
3980 BLOCK 80 25
3981 ORDER 3982 33 84 69 87 1
3982 UNBLOCK 5 76
3982 ORDER 3983 52 50 112 88 1
3983 UNBLOCK 10 20
3983 ORDER 3984 79 3 7 88 0
3983 BLOCK 46 12
3984 ORDER 3985 79 18 87 87 2
3984 BLOCK 81 63
3985 ORDER 3986 69 12 5 87 0
3986 ORDER 3987 29 47 1 70 0
3986 BLOCK 94 71
3987 UNBLOCK 11 9
3987 ORDER 3988 85 8 2 61 1
3988 UNBLOCK 64 45
3988 ORDER 3989 25 57 3 22 0
3988 BLOCK 63 54
3989 ORDER 3990 84 50 109 87 2
3990 UNBLOCK 68 42
3990 ORDER 3991 96 12 52 87 0
3990 BLOCK 49 67
3991 ORDER 3992 75 69 1 63 0
3991 CANCEL 103992
3992 ORDER 3993 99 59 1 30 0
3993 ORDER 3994 18 50 57 88 1
3993 BLOCK 98 34
3994 ORDER 3995 99 60 2 77 2
3994 BLOCK 83 66
3995 UNBLOCK 49 67
3995 ORDER 3996 53 18 117 88 0
3995 BLOCK 93 83
3996 ORDER 3997 39 83 14 87 0
3997 ORDER 3998 33 11 1 73 0
3997 BLOCK 65 1
3998 ORDER 3999 14 21 3 86 2
3999 ORDER 4000 62 66 19 87 0
4000 UNBLOCK 82 19
4000 UNBLOCK 98 34
4000 ORDER 4001 45 48 26 88 1
4001 UNBLOCK 85 83
4001 CANCEL 3982
4001 ORDER 4002 30 14 100 87 1
4002 ORDER 4003 81 81 59 88 3
4002 BLOCK 53 17
4003 UNBLOCK 10 65
4003 UNBLOCK 47 69
4003 UNBLOCK 64 47
4003 ORDER 4004 109 21 58 88 0
4003 BLOCK 17 9
4004 ORDER 4005 109 26 1 59 1
4005 ORDER 4006 50 78 111 87 3
4005 BLOCK 9 47
4006 ORDER 4007 70 39 76 87 1
4007 ORDER 4008 17 21 47 88 0
4008 UNBLOCK 53 47
4008 UNBLOCK 46 12
4008 ORDER 4009 110 8 2 7 0
4008 BLOCK 15 82
4009 UNBLOCK 78 27
4009 ORDER 4010 50 53 3 68 1
4009 BLOCK 25 22
4010 ORDER 4011 65 53 2 54 0
4010 BLOCK 10 86
4011 UNBLOCK 39 77
4011 UNBLOCK 53 17
4011 ORDER 4012 109 6 3 1 0
4011 BLOCK 15 49
4012 UNBLOCK 5 37
4012 ORDER 4013 95 45 98 87 2
4012 BLOCK 5 47
4013 UNBLOCK 94 71
4013 ORDER 4014 104 14 3 79 1
4014 UNBLOCK 57 44
4014 ORDER 4015 88 38 2 69 1
4015 UNBLOCK 15 33
4015 ORDER 4016 107 29 1 37 0
4016 ORDER 4017 43 63 1 6 0
4016 BLOCK 5 75
4017 UNBLOCK 93 83
4017 ORDER 4018 55 65 105 88 2
4017 BLOCK 26 71
4018 ORDER 4019 50 26 1 75 2
4019 ORDER 4020 99 72 112 87 0
4020 UNBLOCK 83 66
4020 ORDER 4021 64 33 2 10 0
4021 CANCEL 3994
4021 ORDER 4022 30 44 1 3 2
4022 ORDER 4023 84 51 14 88 1
4022 BLOCK 54 59
4023 ORDER 4024 105 60 2 87 0
4024 UNBLOCK 81 63
4024 ORDER 4025 35 35 77 87 3
4025 CANCEL 3867
4025 UNBLOCK 17 9
4025 ORDER 4026 55 29 63 87 0
4025 CANCEL 104026
4026 UNBLOCK 49 61
4026 ORDER 4027 18 14 3 78 0
4027 UNBLOCK 86 80
4027 UNBLOCK 65 1
4027 ORDER 4028 19 20 105 87 0
4027 BLOCK 97 38
4028 ORDER 4029 87 42 99 88 0
4029 ORDER 4030 36 6 2 13 2
4030 ORDER 4031 6 17 111 87 0
4030 BLOCK 81 84
4031 UNBLOCK 25 22
4031 ORDER 4032 19 62 66 88 0
4031 BLOCK 98 35
4032 ORDER 4033 17 77 1 75 0
4033 UNBLOCK 15 82
4033 UNBLOCK 5 75
4033 ORDER 4034 89 54 51 88 0
4033 BLOCK 106 69
4034 ORDER 4035 21 42 3 5 0
4035 UNBLOCK 9 47
4035 ORDER 4036 44 14 107 87 0
4036 ORDER 4037 69 35 1 40 0
4037 ORDER 4038 53 36 2 51 0
4038 ORDER 4039 24 69 29 87 0
4038 BLOCK 92 69
4039 ORDER 4040 82 53 2 38 0
4039 BLOCK 46 8
4040 UNBLOCK 80 25
4040 ORDER 4041 62 9 84 87 0
4040 BLOCK 10 75
4041 ORDER 4042 37 12 5 88 0
4041 BLOCK 27 33
4042 ORDER 4043 82 56 3 10 0
4043 ORDER 4044 37 5 1 81 0
4043 BLOCK 58 20
4044 ORDER 4045 33 65 3 47 0
4045 ORDER 4046 102 78 8 88 0
4045 BLOCK 32 76
4046 UNBLOCK 63 54
4046 UNBLOCK 10 86
4046 ORDER 4047 75 9 2 7 1
4046 BLOCK 33 77
4047 ORDER 4048 98 54 3 47 0
4047 BLOCK 81 44
4048 ORDER 4049 18 72 3 69 0
4048 BLOCK 8 3
4049 ORDER 4050 86 18 1 15 0
4050 ORDER 4051 101 77 2 77 3
4050 BLOCK 102 15
4051 ORDER 4052 23 59 27 88 3
4051 BLOCK 63 72
4052 ORDER 4053 12 11 1 32 3
4052 BLOCK 19 83
4053 ORDER 4054 80 14 2 66 2
4053 BLOCK 71 5
4054 ORDER 4055 28 36 1 35 3
4054 BLOCK 73 72
4055 ORDER 4056 12 33 1 68 3
4055 BLOCK 79 65
4056 UNBLOCK 5 47
4056 ORDER 4057 54 86 3 15 2
4056 BLOCK 83 62
4057 UNBLOCK 15 49
4057 UNBLOCK 46 8
4057 ORDER 4058 88 18 1 35 2
4058 ORDER 4059 114 45 79 87 2
4059 ORDER 4060 27 30 65 87 3
4060 ORDER 4061 33 77 1 44 0
4061 ORDER 4062 12 68 17 87 0
4062 UNBLOCK 54 59
4062 UNBLOCK 32 76
4062 UNBLOCK 81 44
4062 ORDER 4063 18 45 3 82 0
4062 BLOCK 92 77
4063 ORDER 4064 101 66 1 29 0
4063 BLOCK 111 25
4064 ORDER 4065 23 47 105 88 0
4065 CANCEL 4028
4065 ORDER 4066 59 71 2 16 0
4066 UNBLOCK 63 72
4066 ORDER 4067 40 8 99 87 0
4066 BLOCK 15 4
4067 ORDER 4068 30 8 2 50 0
4067 BLOCK 41 26
4068 ORDER 4069 85 14 3 43 0
4068 BLOCK 33 38
4069 UNBLOCK 58 20
4069 ORDER 4070 53 41 1 83 0
4070 UNBLOCK 33 77
4070 UNBLOCK 73 72
4070 ORDER 4071 64 56 72 87 1
4070 BLOCK 32 86
4071 UNBLOCK 8 3
4071 ORDER 4072 10 45 52 88 0
4071 BLOCK 36 14
4072 ORDER 4073 9 18 1 85 0
4073 UNBLOCK 102 15
4073 ORDER 4074 75 75 77 88 1
4073 BLOCK 12 56
4074 ORDER 4075 31 12 1 65 1
4074 BLOCK 99 78
4075 UNBLOCK 71 5
4075 ORDER 4076 84 14 49 87 0
4076 UNBLOCK 10 75
4076 ORDER 4077 54 56 2 5 0
4076 BLOCK 55 57
4077 UNBLOCK 26 71
4077 UNBLOCK 98 35
4077 ORDER 4078 92 29 3 49 2
4077 BLOCK 60 82
4078 ORDER 4079 103 60 3 5 3
4079 ORDER 4080 26 41 1 66 0
4079 BLOCK 40 54
4080 UNBLOCK 97 38
4080 ORDER 4081 20 80 2 86 3
4080 BLOCK 44 88
4081 ORDER 4082 12 36 11 87 0
4081 BLOCK 22 69
4082 ORDER 4083 60 57 2 27 0
4083 ORDER 4084 27 83 72 87 0
4083 BLOCK 62 57
4084 CANCEL 4017
4084 UNBLOCK 32 86
4084 ORDER 4085 46 30 2 4 2
4085 UNBLOCK 81 84
4085 ORDER 4086 75 81 66 87 0
4085 BLOCK 107 51
4086 ORDER 4087 22 83 56 88 0
4086 BLOCK 16 32
4087 ORDER 4088 23 21 3 11 0
4088 ORDER 4089 102 56 1 69 0
4089 UNBLOCK 111 25
4089 ORDER 4090 103 84 55 87 1
4089 BLOCK 106 72
4090 ORDER 4091 85 9 2 49 0
4090 BLOCK 115 78
4091 UNBLOCK 27 33
4091 UNBLOCK 92 77
4091 ORDER 4092 76 44 3 65 1
4091 BLOCK 77 44
4092 UNBLOCK 106 69
4092 ORDER 4093 107 39 73 87 0
4093 ORDER 4094 70 86 2 10 0
4094 UNBLOCK 92 69
4094 UNBLOCK 19 83
4094 ORDER 4095 44 29 3 9 0
4094 BLOCK 10 68
4095 ORDER 4096 56 3 3 65 1
4095 BLOCK 50 18
4096 CANCEL 4046
4096 UNBLOCK 15 4
4096 ORDER 4097 80 69 1 80 1
4096 BLOCK 44 43
4097 UNBLOCK 36 14
4097 ORDER 4098 90 66 2 24 2
4098 ORDER 4099 86 80 108 88 0
4098 BLOCK 58 49
4099 ORDER 4100 75 6 95 87 0
4100 ORDER 4101 8 38 2 18 1
4101 ORDER 4102 48 59 12 87 1
4101 BLOCK 18 20
4102 ORDER 4103 93 84 17 88 0
4102 BLOCK 44 78
4103 ORDER 4104 14 59 2 54 1
4104 UNBLOCK 99 78
4104 ORDER 4105 103 78 2 44 0
4105 UNBLOCK 22 69
4105 ORDER 4106 94 78 3 64 1
4105 BLOCK 76 36
4106 UNBLOCK 33 38
4106 UNBLOCK 44 88
4106 ORDER 4107 83 3 2 73 0
4107 ORDER 4108 41 84 1 18 2
4107 BLOCK 109 84
4108 UNBLOCK 79 65
4108 ORDER 4109 7 45 98 88 0
4109 ORDER 4110 78 78 52 88 0
4109 BLOCK 52 3
4110 UNBLOCK 115 78
4110 ORDER 4111 77 12 2 10 0
4110 BLOCK 19 23
4111 UNBLOCK 16 32
4111 UNBLOCK 10 68
4111 ORDER 4112 67 56 3 71 0
4112 ORDER 4113 103 72 3 18 1
4113 ORDER 4114 7 56 1 1 1
4114 ORDER 4115 40 49 2 35 2
4114 BLOCK 23 71
4115 UNBLOCK 58 49
4115 ORDER 4116 90 50 2 24 2
4116 UNBLOCK 83 62
4116 ORDER 4117 114 45 77 87 0
4117 ORDER 4118 46 71 116 88 0
4118 UNBLOCK 40 54
4118 ORDER 4119 74 8 1 20 1
4119 ORDER 4120 54 56 3 42 0
4119 BLOCK 15 20
4120 UNBLOCK 50 18
4120 ORDER 4121 18 69 3 63 1
4121 ORDER 4122 27 3 3 23 1
4122 UNBLOCK 60 82
4122 ORDER 4123 47 77 3 73 1
4123 UNBLOCK 44 78
4123 ORDER 4124 33 81 1 25 1
4123 BLOCK 23 78
4124 UNBLOCK 55 57
4124 ORDER 4125 39 23 2 61 0
4125 ORDER 4126 107 80 3 49 1
4125 BLOCK 54 2
4126 UNBLOCK 41 26
4126 CANCEL 4120
4126 ORDER 4127 29 51 2 57 0
4127 ORDER 4128 59 3 2 64 1
4127 BLOCK 52 35
4128 UNBLOCK 77 44
4128 ORDER 4129 89 29 1 29 0
4129 ORDER 4130 39 51 2 81 0
4129 BLOCK 85 59
4130 UNBLOCK 76 36
4130 ORDER 4131 22 8 80 88 2
4131 ORDER 4132 40 50 3 59 2
4132 ORDER 4133 66 36 1 15 0
4132 BLOCK 105 77
4133 UNBLOCK 12 56
4133 UNBLOCK 62 57
4133 UNBLOCK 18 20
4133 ORDER 4134 105 36 3 13 2
4134 UNBLOCK 106 72
4134 ORDER 4135 37 29 102 87 1
4134 BLOCK 14 80
4135 ORDER 4136 108 18 3 81 0
4135 BLOCK 36 5
4136 ORDER 4137 34 59 84 87 1
4136 BLOCK 38 86
4137 ORDER 4138 26 23 1 36 0
4138 UNBLOCK 107 51
4138 UNBLOCK 19 23
4138 ORDER 4139 85 83 1 3 0
4138 BLOCK 92 33
4139 ORDER 4140 82 80 97 87 1
4140 ORDER 4141 61 50 38 87 0
4141 ORDER 4142 99 62 9 88 2
4142 UNBLOCK 85 59
4142 ORDER 4143 102 56 3 88 0
4143 ORDER 4144 108 62 112 87 1
4143 BLOCK 93 58
4144 UNBLOCK 38 86
4144 ORDER 4145 91 63 2 9 2
4144 BLOCK 102 45
4145 ORDER 4146 103 78 1 47 0
4145 BLOCK 15 38
4146 ORDER 4147 108 84 12 88 0
4146 BLOCK 85 78
4147 ORDER 4148 60 35 1 67 1
4147 BLOCK 39 81
4148 UNBLOCK 105 77
4148 ORDER 4149 67 54 42 88 1
4148 BLOCK 57 62
4149 UNBLOCK 44 43
4149 UNBLOCK 52 3
4149 ORDER 4150 89 36 109 88 1
4150 ORDER 4151 93 69 74 88 0
4151 UNBLOCK 92 33
4151 ORDER 4152 61 44 92 88 1
4151 BLOCK 21 3
4152 ORDER 4153 74 75 2 59 0
4153 ORDER 4154 59 69 1 14 0
4154 UNBLOCK 23 71
4154 ORDER 4155 57 66 3 31 1
4154 BLOCK 64 33
4155 UNBLOCK 15 20
4155 ORDER 4156 76 23 3 50 0
4156 UNBLOCK 93 58
4156 ORDER 4157 55 41 46 88 2
4157 ORDER 4158 59 8 4 87 0
4158 ORDER 4159 100 68 3 61 0
4158 BLOCK 33 59
4159 ORDER 4160 112 30 83 88 1
4160 UNBLOCK 85 78
4160 UNBLOCK 64 33
4160 ORDER 4161 62 3 92 88 0
4160 BLOCK 89 54
4161 ORDER 4162 49 83 3 2 2
4162 UNBLOCK 109 84
4162 ORDER 4163 34 47 33 88 2
4163 UNBLOCK 15 38
4163 ORDER 4164 25 74 2 45 0
4164 ORDER 4165 54 50 2 53 0
4165 ORDER 4166 65 62 60 87 0
4165 BLOCK 55 69
4166 ORDER 4167 85 56 1 1 0
4167 ORDER 4168 57 24 17 88 0
4167 BLOCK 110 68
4168 UNBLOCK 14 80
4168 ORDER 4169 7 30 3 65 0
4168 BLOCK 60 82
4169 UNBLOCK 54 2
4169 ORDER 4170 11 17 116 87 0
4169 BLOCK 17 21
4170 ORDER 4171 71 21 3 47 1
4170 BLOCK 105 24
4171 ORDER 4172 110 63 3 62 1
4171 BLOCK 42 80
4172 CANCEL 4016
4172 UNBLOCK 52 35
4172 UNBLOCK 36 5
4172 ORDER 4173 47 6 2 13 0
4172 BLOCK 21 29
4173 UNBLOCK 55 69
4173 ORDER 4174 94 23 1 24 0
4174 UNBLOCK 39 81
4174 ORDER 4175 8 75 1 65 2
4174 BLOCK 58 17
4175 ORDER 4176 67 56 6 88 1
4176 ORDER 4177 31 74 94 87 0
4177 ORDER 4178 67 59 1 55 1
4178 ORDER 4179 112 44 3 18 1
4179 ORDER 4180 29 63 3 22 1
4179 BLOCK 77 17
4180 ORDER 4181 17 20 94 87 2
4181 UNBLOCK 42 80
4181 ORDER 4182 81 50 108 87 0
4182 UNBLOCK 23 78
4182 UNBLOCK 110 68
4182 UNBLOCK 58 17
4182 ORDER 4183 37 60 24 88 0
4183 UNBLOCK 21 3
4183 ORDER 4184 53 6 98 87 0
4183 BLOCK 16 37
4184 ORDER 4185 58 9 1 2 0
4184 BLOCK 32 74
4185 ORDER 4186 83 78 23 87 1
4185 BLOCK 25 18
4186 ORDER 4187 37 6 1 19 0
4187 ORDER 4188 31 80 65 87 0
4188 ORDER 4189 33 81 1 85 0
4189 ORDER 4190 76 54 54 88 0
4189 BLOCK 54 69
4190 ORDER 4191 64 11 78 88 0
4190 BLOCK 107 9
4191 ORDER 4192 20 62 114 87 0
4191 BLOCK 34 14
4192 ORDER 4193 111 6 1 27 1
4193 UNBLOCK 102 45
4193 UNBLOCK 89 54
4193 ORDER 4194 96 66 109 87 1
4194 UNBLOCK 57 62
4194 ORDER 4195 98 24 79 87 0
4194 BLOCK 76 63
4195 ORDER 4196 90 26 3 32 2
4195 BLOCK 40 71
4196 ORDER 4197 77 56 103 88 2
4196 BLOCK 6 69
4197 ORDER 4198 96 74 60 88 0
4197 BLOCK 93 12
4198 ORDER 4199 88 78 1 62 3
4198 BLOCK 25 47
4199 ORDER 4200 31 51 16 87 2
4199 BLOCK 87 15
4200 ORDER 4201 70 5 2 66 0
4200 BLOCK 43 53
4201 UNBLOCK 60 82
4201 UNBLOCK 54 69
4201 ORDER 4202 10 38 107 88 2
4202 ORDER 4203 71 80 2 13 0
4203 ORDER 4204 21 23 25 87 0
4203 BLOCK 43 53
4204 UNBLOCK 25 47
4204 ORDER 4205 10 23 31 87 0
4205 ORDER 4206 30 40 89 88 0
4205 BLOCK 112 62
4206 ORDER 4207 88 41 1 85 0
4207 ORDER 4208 49 85 50 87 0
4207 BLOCK 43 15
4208 ORDER 4209 62 57 102 88 0
4208 BLOCK 54 36
4209 ORDER 4210 114 77 102 88 0
4210 ORDER 4211 9 56 49 88 0
4210 BLOCK 73 87
4211 ORDER 4212 58 39 3 76 0
4212 CANCEL 4127
4212 UNBLOCK 17 21
4212 ORDER 4213 19 29 112 87 1
4212 BLOCK 58 84
4213 ORDER 4214 32 47 34 88 1
4213 BLOCK 110 36
4214 UNBLOCK 21 29
4214 ORDER 4215 35 71 3 79 0
4214 BLOCK 114 65
4215 ORDER 4216 6 8 52 87 0
4216 ORDER 4217 80 3 1 75 1
4217 UNBLOCK 54 36
4217 ORDER 4218 51 14 117 88 0
4218 UNBLOCK 33 59
4218 CANCEL 4198
4218 ORDER 4219 22 39 2 19 0
4218 BLOCK 70 29
4219 UNBLOCK 32 74
4219 ORDER 4220 98 23 73 88 0
4219 BLOCK 115 74
4220 ORDER 4221 28 8 1 83 1
4220 BLOCK 34 51
4221 ORDER 4222 61 65 3 29 0
4221 BLOCK 101 2
4222 ORDER 4223 21 72 42 87 0
4223 ORDER 4224 94 5 1 5 1
4224 UNBLOCK 112 62
4224 ORDER 4225 60 23 90 87 0
4224 BLOCK 6 26
4225 UNBLOCK 6 69
4225 ORDER 4226 19 20 110 87 0
4225 BLOCK 113 2
4226 ORDER 4227 17 48 88 88 2
4226 BLOCK 41 80
4227 ORDER 4228 111 44 2 19 0
4227 BLOCK 37 21
4228 UNBLOCK 43 53
4228 ORDER 4229 36 29 2 22 2
4228 BLOCK 30 14
4229 UNBLOCK 105 24
4229 ORDER 4230 16 66 2 51 3
4230 UNBLOCK 16 37
4230 ORDER 4231 26 17 24 88 1
4230 BLOCK 25 28
4231 UNBLOCK 34 14
4231 ORDER 4232 36 38 24 87 0
4232 UNBLOCK 70 29
4232 ORDER 4233 109 59 1 10 0
4233 ORDER 4234 71 11 2 83 3
4233 BLOCK 59 21
4234 UNBLOCK 30 14
4234 ORDER 4235 109 23 99 88 1
4235 ORDER 4236 81 30 42 87 0
4235 BLOCK 35 32
4236 ORDER 4237 97 26 3 32 1
4236 BLOCK 26 2
4237 UNBLOCK 77 17
4237 ORDER 4238 64 53 96 88 2
4238 UNBLOCK 76 63
4238 ORDER 4239 36 38 1 37 3
4238 BLOCK 45 10
4239 UNBLOCK 93 12
4239 UNBLOCK 34 51
4239 ORDER 4240 107 26 81 87 0
4240 UNBLOCK 25 18
4240 ORDER 4241 54 39 3 70 0
4241 CANCEL 4130
4241 ORDER 4242 99 72 63 88 1
4242 UNBLOCK 107 9
4242 ORDER 4243 79 3 1 59 0
4242 BLOCK 15 28
4243 UNBLOCK 87 15
4243 ORDER 4244 80 48 51 88 0
4243 BLOCK 34 69
4244 ORDER 4245 32 5 54 88 0
4244 BLOCK 112 29
4245 ORDER 4246 63 47 101 87 1
4245 BLOCK 20 14
4246 UNBLOCK 115 74
4246 UNBLOCK 6 26
4246 ORDER 4247 98 68 1 18 0
4246 BLOCK 15 9
4247 ORDER 4248 68 23 2 75 0
4248 ORDER 4249 68 14 1 56 0
4249 ORDER 4250 115 74 1 55 0
4250 UNBLOCK 40 71
4250 ORDER 4251 88 74 1 15 0
4251 ORDER 4252 102 15 89 88 0
4251 BLOCK 22 59
4252 UNBLOCK 114 65
4252 ORDER 4253 113 27 110 87 1
4252 BLOCK 110 2
4253 UNBLOCK 58 84
4253 ORDER 4254 10 17 27 87 1
4254 ORDER 4255 114 39 66 88 0
4255 UNBLOCK 45 10
4255 ORDER 4256 81 33 66 88 0
4255 BLOCK 112 2
4256 UNBLOCK 43 53
4256 ORDER 4257 76 69 53 87 0
4256 BLOCK 96 14
4257 ORDER 4258 48 8 2 60 0
4257 BLOCK 108 84
4258 UNBLOCK 43 15
4258 UNBLOCK 73 87
4258 ORDER 4259 39 53 5 87 0
4258 BLOCK 111 3
4259 ORDER 4260 79 21 4 87 3
4259 BLOCK 61 66
4260 UNBLOCK 37 21
4260 ORDER 4261 53 41 13 88 0
4261 UNBLOCK 113 2
4261 ORDER 4262 60 30 2 42 1
4261 BLOCK 42 87
4262 ORDER 4263 37 71 40 87 0
4263 ORDER 4264 29 6 101 87 1
4263 BLOCK 101 40
4264 ORDER 4265 103 33 40 88 0
4265 ORDER 4266 47 33 74 88 2
4266 ORDER 4267 98 6 3 62 0
4266 BLOCK 95 47
4267 UNBLOCK 15 9
4267 ORDER 4268 68 27 3 58 0
4267 BLOCK 71 12
4268 UNBLOCK 26 2
4268 ORDER 4269 107 36 56 88 0
4269 ORDER 4270 48 48 68 87 0
4270 ORDER 4271 29 78 1 77 1
4270 BLOCK 85 71
4271 CANCEL 4204
4271 ORDER 4272 107 80 67 88 0
4272 UNBLOCK 35 32
4272 UNBLOCK 15 28
4272 ORDER 4273 104 74 2 79 0
4273 UNBLOCK 110 36
4273 UNBLOCK 101 40
4273 ORDER 4274 75 5 2 16 3
4273 BLOCK 86 3
4274 ORDER 4275 50 26 110 87 0
4274 BLOCK 105 52
4275 UNBLOCK 41 80
4275 UNBLOCK 71 12
4275 ORDER 4276 95 86 50 87 2
4276 UNBLOCK 112 29
4276 ORDER 4277 100 29 2 30 0
4276 BLOCK 51 69
4277 UNBLOCK 101 2
4277 ORDER 4278 71 30 45 88 0
4278 ORDER 4279 70 75 2 24 0
4279 UNBLOCK 25 28
4279 ORDER 4280 70 57 2 59 0
4279 BLOCK 100 68
4280 ORDER 4281 64 41 21 88 2
4281 ORDER 4282 93 42 1 39 0
4282 ORDER 4283 83 72 7 87 0
4283 ORDER 4284 46 45 104 87 1
4283 BLOCK 104 50
4284 ORDER 4285 43 27 1 36 0
4284 BLOCK 72 59
4285 ORDER 4286 82 15 98 87 0
4286 ORDER 4287 7 35 2 78 0
4287 UNBLOCK 96 14
4287 ORDER 4288 11 86 3 62 0
4288 CANCEL 4182
4288 ORDER 4289 82 41 18 87 0
4288 BLOCK 64 88
4289 UNBLOCK 85 71
4289 ORDER 4290 7 53 78 87 1
4290 ORDER 4291 70 18 72 88 0
4291 UNBLOCK 110 2
4291 ORDER 4292 78 39 2 85 0
4292 UNBLOCK 59 21
4292 UNBLOCK 111 3
4292 UNBLOCK 42 87
4292 ORDER 4293 73 30 60 87 1
4293 ORDER 4294 93 33 117 87 1
4293 BLOCK 92 39
4294 ORDER 4295 52 21 18 87 1
4294 BLOCK 113 54
4295 ORDER 4296 22 38 2 68 0
4296 ORDER 4297 110 29 74 88 0
4296 BLOCK 37 83
4297 ORDER 4298 56 60 103 88 0
4298 UNBLOCK 108 84
4298 ORDER 4299 18 86 1 59 0
4298 BLOCK 72 77
4299 UNBLOCK 20 14
4299 ORDER 4300 97 78 1 16 1
4300 ORDER 4301 53 56 3 21 1
4300 BLOCK 77 4
4301 ORDER 4302 104 66 1 2 0
4302 UNBLOCK 22 59
4302 ORDER 4303 65 77 33 88 0
4302 BLOCK 103 36
4303 CANCEL 4237
4303 UNBLOCK 34 69
4303 UNBLOCK 72 77
4303 ORDER 4304 87 75 3 29 0
4304 ORDER 4305 18 36 3 19 0
4304 BLOCK 105 5
4305 UNBLOCK 112 2
4305 ORDER 4306 97 21 53 88 1
4306 ORDER 4307 82 72 3 49 0
4307 UNBLOCK 86 3
4307 ORDER 4308 100 27 1 70 1
4307 BLOCK 113 48
4308 ORDER 4309 55 5 3 52 0
4308 CANCEL 104309
4308 BLOCK 13 60
4309 ORDER 4310 62 41 1 69 1
4310 ORDER 4311 46 78 1 26 1
4310 BLOCK 59 42
4311 ORDER 4312 87 78 3 7 0
4312 ORDER 4313 56 20 1 53 0
4312 BLOCK 46 80
4313 CANCEL 4118
4313 ORDER 4314 99 57 1 37 0
4314 CANCEL 4263
4314 ORDER 4315 85 71 49 87 0
4314 BLOCK 51 20
4315 ORDER 4316 58 17 1 70 2
4315 BLOCK 21 5
4316 UNBLOCK 77 4
4316 UNBLOCK 13 60
4316 ORDER 4317 78 36 46 87 0
4317 UNBLOCK 61 66
4317 ORDER 4318 27 45 112 87 0
4317 BLOCK 14 13
4318 CANCEL 4266
4318 ORDER 4319 103 6 3 59 0
4318 BLOCK 12 60
4319 UNBLOCK 104 50
4319 ORDER 4320 98 55 2 45 0
4320 ORDER 4321 91 33 1 61 0
4320 BLOCK 32 71
4321 ORDER 4322 36 5 45 88 1
4322 UNBLOCK 105 52
4322 ORDER 4323 82 72 3 9 0
4322 BLOCK 71 60
4323 ORDER 4324 8 60 74 87 2
4324 UNBLOCK 95 47
4324 ORDER 4325 18 8 33 88 1
4325 ORDER 4326 103 24 2 26 1
4325 BLOCK 98 59
4326 ORDER 4327 63 47 110 88 1
4327 ORDER 4328 98 15 74 87 0
4327 BLOCK 83 42
4328 ORDER 4329 110 72 87 88 0
4329 UNBLOCK 100 68
4329 ORDER 4330 75 74 1 47 0
4330 UNBLOCK 113 54
4330 UNBLOCK 71 60
4330 ORDER 4331 80 18 21 87 0
4330 BLOCK 9 29
4331 ORDER 4332 47 5 3 6 0
4332 UNBLOCK 51 69
4332 UNBLOCK 113 48
4332 ORDER 4333 90 80 70 87 3
4332 BLOCK 86 23
4333 UNBLOCK 105 5
4333 ORDER 4334 12 21 2 39 0
4333 BLOCK 41 66
4334 UNBLOCK 72 59
4334 ORDER 4335 87 18 1 13 2
4335 ORDER 4336 8 80 42 87 0
4335 BLOCK 77 60
4336 UNBLOCK 37 83
4336 ORDER 4337 69 26 3 49 0
4336 BLOCK 64 41
4337 UNBLOCK 51 20
4337 ORDER 4338 26 32 1 32 0
4338 UNBLOCK 103 36
4338 UNBLOCK 21 5
4338 ORDER 4339 52 69 2 36 0
4338 BLOCK 29 35
4339 ORDER 4340 103 80 20 87 0
4340 ORDER 4341 13 38 34 87 0
4340 BLOCK 100 60
4341 ORDER 4342 81 8 78 88 0
4342 UNBLOCK 64 88
4342 ORDER 4343 56 29 3 64 0
4342 BLOCK 38 23
4343 UNBLOCK 92 39
4343 ORDER 4344 55 7 1 72 3
4344 ORDER 4345 42 78 1 57 1
4344 BLOCK 41 69
4345 ORDER 4346 70 39 2 75 0
4345 BLOCK 5 76
4346 ORDER 4347 104 5 116 88 0
4347 ORDER 4348 37 11 1 5 0
4347 BLOCK 94 30
4348 ORDER 4349 75 44 1 34 0
4349 ORDER 4350 90 68 114 88 1
4349 BLOCK 33 53
4350 ORDER 4351 45 47 3 59 0
4351 UNBLOCK 14 13
4351 UNBLOCK 29 35
4351 ORDER 4352 16 72 12 87 0
4351 BLOCK 33 86
4352 ORDER 4353 88 20 1 26 0
4353 ORDER 4354 29 3 100 87 2
4353 BLOCK 114 80
4354 UNBLOCK 46 80
4354 ORDER 4355 109 12 3 68 2
4355 UNBLOCK 83 42
4355 ORDER 4356 8 44 2 7 1
4355 BLOCK 105 6
4356 ORDER 4357 66 53 28 88 0
4356 BLOCK 110 51
4357 UNBLOCK 59 42
4357 UNBLOCK 32 71
4357 ORDER 4358 85 9 3 57 0
4357 BLOCK 5 2
4358 ORDER 4359 56 27 1 58 0
4358 BLOCK 88 29
4359 CANCEL 4319
4359 UNBLOCK 12 60
4359 ORDER 4360 85 45 1 3 0
4359 BLOCK 82 42
4360 ORDER 4361 40 81 115 88 1
4361 ORDER 4362 33 86 1 41 2
4361 BLOCK 16 74
4362 ORDER 4363 98 54 1 23 0
4362 BLOCK 74 83
4363 UNBLOCK 86 23
4363 UNBLOCK 100 60
4363 UNBLOCK 5 2
4363 ORDER 4364 96 24 1 43 0
4363 BLOCK 11 3
4364 UNBLOCK 77 60
4364 ORDER 4365 74 59 60 88 0
4364 BLOCK 50 35
4365 ORDER 4366 90 74 91 87 0
4366 ORDER 4367 64 65 2 49 0
4367 ORDER 4368 104 12 3 35 1
4368 UNBLOCK 94 30
4368 UNBLOCK 105 6
4368 UNBLOCK 16 74
4368 ORDER 4369 112 63 106 87 1
4368 BLOCK 104 23
4369 ORDER 4370 7 36 100 88 0
4369 BLOCK 31 15
4370 ORDER 4371 104 14 75 88 1
4370 BLOCK 34 4
4371 UNBLOCK 9 29
4371 ORDER 4372 53 56 42 88 2
4371 BLOCK 28 63
4372 UNBLOCK 110 51
4372 ORDER 4373 110 35 1 20 0
4372 BLOCK 31 18
4373 ORDER 4374 48 12 98 88 0
4373 BLOCK 80 77
4374 ORDER 4375 65 3 2 6 1
4375 UNBLOCK 33 53
4375 ORDER 4376 45 12 1 22 0
4376 UNBLOCK 98 59
4376 ORDER 4377 112 5 2 15 1
4376 BLOCK 113 51
4377 ORDER 4378 61 68 111 87 0
4378 UNBLOCK 34 4
4378 ORDER 4379 112 39 67 87 0
4379 UNBLOCK 41 66
4379 UNBLOCK 74 83
4379 ORDER 4380 68 78 51 88 0
4380 UNBLOCK 64 41
4380 ORDER 4381 62 65 30 88 0
4381 UNBLOCK 114 80
4381 ORDER 4382 29 26 111 88 1
4382 ORDER 4383 77 54 28 87 0
4382 BLOCK 106 68
4383 ORDER 4384 79 23 2 16 2
4383 BLOCK 38 11
4384 ORDER 4385 65 32 61 87 1
4385 ORDER 4386 101 26 3 79 1
4385 BLOCK 8 60
4386 ORDER 4387 80 14 117 87 0
4387 ORDER 4388 83 50 10 87 1
4388 CANCEL 4221
4388 UNBLOCK 41 69
4388 ORDER 4389 69 53 55 87 0
4388 BLOCK 71 30
4389 UNBLOCK 82 42
4389 UNBLOCK 31 15
4389 ORDER 4390 84 51 65 87 2
4390 CANCEL 4209
4390 UNBLOCK 5 76
4390 ORDER 4391 21 35 95 88 0
4390 BLOCK 98 72
4391 UNBLOCK 38 23
4391 ORDER 4392 8 42 3 3 0
4392 ORDER 4393 75 72 2 28 0
4392 BLOCK 51 57
4393 ORDER 4394 45 60 24 87 1
4394 ORDER 4395 89 48 50 87 0
4395 CANCEL 4311
4395 ORDER 4396 36 41 2 49 0
4396 UNBLOCK 98 72
4396 ORDER 4397 56 54 2 14 3
4397 ORDER 4398 78 42 3 81 0
4398 ORDER 4399 17 57 11 88 0
4398 BLOCK 90 80
4399 ORDER 4400 84 26 22 87 0
4400 UNBLOCK 106 68
4400 ORDER 4401 16 51 6 87 0
4400 BLOCK 13 86
4401 ORDER 4402 29 66 23 88 0
4401 BLOCK 107 23
4402 CANCEL 4285
4402 ORDER 4403 58 60 102 88 1
4403 UNBLOCK 80 77
4403 ORDER 4404 10 51 1 30 0
4403 BLOCK 49 83
4404 ORDER 4405 9 77 61 87 0
4404 BLOCK 81 84
4405 ORDER 4406 94 65 49 87 0
4406 ORDER 4407 27 45 2 37 0
4407 ORDER 4408 113 44 3 86 0
4407 BLOCK 61 83
4408 ORDER 4409 48 72 3 2 0
4409 UNBLOCK 88 29
4409 ORDER 4410 44 32 1 69 0
4409 BLOCK 57 47
4410 ORDER 4411 115 35 1 18 0
4410 BLOCK 84 47
4411 UNBLOCK 33 86
4411 UNBLOCK 90 80
4411 ORDER 4412 80 47 2 13 1
4411 BLOCK 67 44
4412 ORDER 4413 68 15 3 50 0
4412 BLOCK 32 51
4413 UNBLOCK 50 35
4413 ORDER 4414 107 66 40 88 0
4413 BLOCK 23 57
4414 UNBLOCK 31 18
4414 ORDER 4415 67 41 2 10 0
4414 BLOCK 83 63
4415 UNBLOCK 107 23
4415 ORDER 4416 8 73 2 25 1
4416 ORDER 4417 48 29 105 88 1
4416 BLOCK 17 78
4417 UNBLOCK 49 83
4417 ORDER 4418 40 8 2 39 0
4418 UNBLOCK 11 3
4418 UNBLOCK 57 47
4418 ORDER 4419 72 78 1 54 0
4419 ORDER 4420 76 69 3 33 0
4419 BLOCK 76 32
4420 UNBLOCK 104 23
4420 ORDER 4421 24 63 77 88 1
4420 BLOCK 111 87
4421 ORDER 4422 38 59 67 87 1
4421 BLOCK 112 45
4422 ORDER 4423 86 23 2 3 0
4422 BLOCK 38 68
4423 ORDER 4424 70 39 103 87 0
4423 BLOCK 16 1
4424 UNBLOCK 28 63
4424 ORDER 4425 80 81 2 60 0
4424 BLOCK 107 50
4425 ORDER 4426 21 65 58 87 0
4425 BLOCK 110 16
4426 ORDER 4427 115 68 57 88 0
4427 UNBLOCK 38 11
4427 ORDER 4428 86 57 97 88 1
4428 ORDER 4429 9 48 1 30 1
4429 ORDER 4430 76 40 1 88 0
4430 ORDER 4431 69 38 56 87 1
4430 BLOCK 15 69
4431 UNBLOCK 83 63
4431 ORDER 4432 56 83 2 10 0
4432 ORDER 4433 21 35 26 87 3
4432 BLOCK 85 62
4433 UNBLOCK 113 51
4433 ORDER 4434 26 75 2 87 2
4434 ORDER 4435 60 12 1 72 3
4435 ORDER 4436 92 83 3 27 0
4435 BLOCK 103 9
4436 ORDER 4437 64 54 118 87 1
4437 ORDER 4438 16 17 3 57 0
4438 UNBLOCK 71 30
4438 UNBLOCK 13 86
4438 CANCEL 4407
4438 ORDER 4439 100 68 2 18 3
4438 BLOCK 110 1
4439 ORDER 4440 67 38 3 71 0
4440 ORDER 4441 77 47 3 23 0
4440 BLOCK 58 20
4441 UNBLOCK 81 84
4441 ORDER 4442 49 53 3 2 0
4441 BLOCK 81 44
4442 ORDER 4443 76 20 43 88 2
4442 BLOCK 65 74
4443 UNBLOCK 8 60
4443 ORDER 4444 87 75 3 24 0
4444 UNBLOCK 51 57
4444 ORDER 4445 53 81 2 72 0
4444 BLOCK 28 6
4445 UNBLOCK 111 87
4445 ORDER 4446 27 65 3 65 0
4445 BLOCK 53 14
4446 ORDER 4447 24 54 87 87 1
4446 BLOCK 5 36
4447 UNBLOCK 112 45
4447 ORDER 4448 28 5 1 3 1
4447 BLOCK 77 71
4448 ORDER 4449 28 65 2 49 0
4449 UNBLOCK 32 51
4449 ORDER 4450 72 38 3 54 3
4450 UNBLOCK 23 57
4450 ORDER 4451 19 48 75 87 0
4450 BLOCK 62 11
4451 ORDER 4452 13 81 108 88 0
4452 UNBLOCK 110 16
4452 ORDER 4453 47 78 2 46 0
4453 ORDER 4454 99 53 3 31 0
4453 BLOCK 29 84
4454 ORDER 4455 37 68 1 27 1
4454 BLOCK 99 76
4455 ORDER 4456 46 66 1 67 1
4455 BLOCK 12 5
4456 CANCEL 4317
4456 UNBLOCK 67 44
4456 UNBLOCK 16 1
4456 UNBLOCK 15 69
4456 ORDER 4457 31 38 95 88 0
4457 ORDER 4458 91 56 86 87 0
4457 BLOCK 17 5
4458 UNBLOCK 65 74
4458 ORDER 4459 111 39 99 88 1
4458 BLOCK 69 33
4459 ORDER 4460 22 26 3 43 0
4459 BLOCK 95 36
4460 ORDER 4461 35 15 36 87 0
4460 BLOCK 95 63
4461 UNBLOCK 61 83
4461 UNBLOCK 5 36
4461 ORDER 4462 11 21 3 80 2
4461 BLOCK 34 5
4462 UNBLOCK 17 78
4462 ORDER 4463 109 33 63 88 1
4463 UNBLOCK 17 5
4463 ORDER 4464 101 44 67 88 0
4464 UNBLOCK 81 44
4464 ORDER 4465 34 18 1 57 0
4465 UNBLOCK 84 47
4465 UNBLOCK 85 62
4465 UNBLOCK 29 84
4465 ORDER 4466 68 5 27 88 3
4466 ORDER 4467 88 14 60 87 1
4467 ORDER 4468 48 60 56 87 0
4467 BLOCK 23 17
4468 UNBLOCK 103 9
4468 UNBLOCK 77 71
4468 ORDER 4469 65 36 35 88 0
4468 BLOCK 86 6
4469 ORDER 4470 43 68 12 88 2
4469 BLOCK 24 5
4470 ORDER 4471 110 44 110 87 0
4470 BLOCK 56 39
4471 CANCEL 4301
4471 UNBLOCK 107 50
4471 ORDER 4472 49 8 2 53 1
4472 UNBLOCK 95 63
4472 ORDER 4473 112 45 3 61 2
4472 BLOCK 33 18
4473 ORDER 4474 27 72 2 24 0
4474 ORDER 4475 49 53 91 87 0
4474 BLOCK 108 29
4475 ORDER 4476 31 53 93 87 0
4475 BLOCK 7 77
4476 ORDER 4477 86 42 3 78 0
4476 BLOCK 45 54
4477 UNBLOCK 76 32
4477 UNBLOCK 28 6
4477 ORDER 4478 76 12 1 40 1
4477 BLOCK 75 45
4478 UNBLOCK 58 20
4478 ORDER 4479 106 57 78 88 2
4479 UNBLOCK 38 68
4479 ORDER 4480 36 77 10 87 0
4479 BLOCK 63 84
4480 ORDER 4481 43 47 3 38 0
4480 BLOCK 26 44
4481 ORDER 4482 115 38 45 87 0
4482 ORDER 4483 115 86 3 44 1
4482 BLOCK 68 14
4483 ORDER 4484 97 41 2 79 0
4484 UNBLOCK 7 77
4484 ORDER 4485 64 3 1 10 0
4484 BLOCK 15 75
4485 ORDER 4486 114 42 3 78 0
4486 CANCEL 4387
4486 UNBLOCK 53 14
4486 ORDER 4487 44 14 73 87 0
4486 BLOCK 37 33
4487 UNBLOCK 62 11
4487 ORDER 4488 92 41 3 24 1
4488 UNBLOCK 110 1
4488 UNBLOCK 75 45
4488 ORDER 4489 66 59 3 12 0
4488 BLOCK 43 52
4489 ORDER 4490 70 47 1 80 0
4489 BLOCK 41 57
4490 ORDER 4491 85 42 2 41 0
4490 BLOCK 88 55
4491 ORDER 4492 96 11 3 85 0
4491 BLOCK 9 51
4492 ORDER 4493 30 5 45 88 0
4493 ORDER 4494 57 78 1 49 1
4493 BLOCK 14 51
4494 UNBLOCK 23 17
4494 ORDER 4495 68 58 7 88 0
4495 UNBLOCK 12 5
4495 ORDER 4496 98 69 3 67 0
4496 ORDER 4497 114 62 67 87 1
4496 BLOCK 99 72
4497 ORDER 4498 76 66 91 88 0
4497 BLOCK 26 84
4498 UNBLOCK 33 18
4498 ORDER 4499 56 9 39 88 1
4499 UNBLOCK 69 33
4499 ORDER 4500 21 78 2 81 1
4499 BLOCK 98 12
4500 ORDER 4501 35 20 73 87 1
4500 BLOCK 94 10
4501 UNBLOCK 24 5
4501 ORDER 4502 62 35 1 30 0
4502 UNBLOCK 95 36
4502 UNBLOCK 56 39
4502 ORDER 4503 20 50 1 28 0
4503 ORDER 4504 44 60 2 64 3
4504 UNBLOCK 86 6
4504 ORDER 4505 93 14 35 87 0
4504 BLOCK 78 48
4505 ORDER 4506 28 84 1 61 0
4505 BLOCK 96 65
4506 ORDER 4507 7 3 1 8 3
4507 UNBLOCK 34 5
4507 UNBLOCK 99 72
4507 ORDER 4508 83 17 2 16 1
4507 BLOCK 68 60
4508 UNBLOCK 43 52
4508 ORDER 4509 94 20 45 87 0
4508 BLOCK 64 63
4509 ORDER 4510 30 65 2 84 0
4509 BLOCK 9 87
4510 ORDER 4511 107 21 10 87 0
4511 CANCEL 4486
4511 ORDER 4512 108 26 108 88 0
4512 CANCEL 4359
4512 UNBLOCK 99 76
4512 UNBLOCK 37 33
4512 ORDER 4513 21 42 3 1 1
4512 BLOCK 106 66
4513 UNBLOCK 63 84
4513 UNBLOCK 78 48
4513 ORDER 4514 75 12 2 76 0
4513 BLOCK 45 20
4514 UNBLOCK 9 51
4514 UNBLOCK 96 65
4514 ORDER 4515 52 59 91 87 1
4515 ORDER 4516 96 9 1 24 0
4516 UNBLOCK 94 10
4516 ORDER 4517 84 63 3 58 0
4517 ORDER 4518 46 30 69 87 1
4517 BLOCK 95 32
4518 ORDER 4519 41 26 1 13 0
4519 ORDER 4520 81 78 2 4 1
4520 UNBLOCK 98 12
4520 ORDER 4521 63 15 83 87 0
4520 BLOCK 22 77
4521 ORDER 4522 74 44 1 54 0
4521 BLOCK 8 29
4522 ORDER 4523 19 24 104 88 0
4522 BLOCK 64 18
4523 ORDER 4524 63 47 2 28 0
4524 ORDER 4525 54 81 78 88 1
4525 ORDER 4526 10 50 40 88 1
4525 BLOCK 53 12
4526 UNBLOCK 26 44
4526 UNBLOCK 15 75
4526 ORDER 4527 106 75 55 87 0
4526 BLOCK 56 20
4527 ORDER 4528 26 84 1 56 0
4527 BLOCK 104 15
4528 ORDER 4529 62 30 3 24 0
4529 UNBLOCK 45 54
4529 ORDER 4530 47 33 114 88 0
4529 BLOCK 89 53
4530 UNBLOCK 108 29
4530 UNBLOCK 26 84
4530 ORDER 4531 106 65 3 20 0
4530 BLOCK 60 87
4531 ORDER 4532 31 39 1 48 3
4532 ORDER 4533 57 62 90 87 1
4533 UNBLOCK 64 63
4533 ORDER 4534 88 72 23 87 1
4533 BLOCK 108 24
4534 ORDER 4535 20 78 1 68 1
4534 BLOCK 85 42
4535 UNBLOCK 95 32
4535 ORDER 4536 103 15 2 60 1
4535 BLOCK 79 36
4536 ORDER 4537 65 23 2 19 0
4536 BLOCK 39 9
4537 ORDER 4538 71 68 3 10 1
4538 UNBLOCK 106 66
4538 UNBLOCK 22 77
4538 ORDER 4539 95 24 2 43 0
4538 BLOCK 88 54
4539 ORDER 4540 81 48 3 80 1
4539 BLOCK 66 15
4540 UNBLOCK 68 14
4540 ORDER 4541 94 33 38 88 0
4540 BLOCK 58 27
4541 ORDER 4542 54 5 1 16 0
4542 UNBLOCK 41 57
4542 UNBLOCK 88 55
4542 ORDER 4543 76 29 35 88 2
4543 UNBLOCK 14 51
4543 UNBLOCK 64 18
4543 ORDER 4544 87 9 77 87 0
4543 BLOCK 16 87
4544 ORDER 4545 108 3 1 11 1
4544 BLOCK 98 87
4545 ORDER 4546 75 23 20 87 0
4545 BLOCK 60 12
4546 ORDER 4547 57 44 2 10 0
4546 BLOCK 96 84
4547 ORDER 4548 42 36 1 80 2
4547 BLOCK 37 58
4548 ORDER 4549 112 62 1 65 0
4548 BLOCK 21 2
4549 UNBLOCK 104 15
4549 ORDER 4550 61 20 26 88 1
4550 ORDER 4551 39 30 67 87 1
4550 BLOCK 72 21
4551 ORDER 4552 63 83 3 52 0
4551 BLOCK 27 69
4552 UNBLOCK 39 9
4552 ORDER 4553 99 21 25 88 1
4553 CANCEL 4525
4553 UNBLOCK 60 87
4553 ORDER 4554 12 12 54 88 0
4554 UNBLOCK 89 53
4554 ORDER 4555 14 72 17 87 0
4554 BLOCK 69 68
4555 CANCEL 4452
4555 ORDER 4556 58 56 1 7 1
4555 BLOCK 79 44
4556 ORDER 4557 66 27 2 66 0
4557 ORDER 4558 67 63 30 87 2
4557 BLOCK 114 8
4558 ORDER 4559 65 32 1 56 3
4559 UNBLOCK 69 68
4559 ORDER 4560 29 6 2 69 1
4559 BLOCK 106 45
4560 UNBLOCK 96 84
4560 ORDER 4561 76 71 47 87 3
4560 BLOCK 75 6
4561 UNBLOCK 108 24
4561 ORDER 4562 101 75 77 87 0
4562 UNBLOCK 9 87
4562 CANCEL 4517
4562 ORDER 4563 29 12 37 88 0
4563 CANCEL 4455
4563 UNBLOCK 45 20
4563 ORDER 4564 14 28 93 88 3
4563 BLOCK 97 47
4564 UNBLOCK 53 12
4564 UNBLOCK 16 87
4564 ORDER 4565 47 54 1 44 1
4565 ORDER 4566 44 35 3 27 0
4566 UNBLOCK 66 15
4566 ORDER 4567 31 6 1 35 0
4566 BLOCK 84 66
4567 UNBLOCK 68 60
4567 ORDER 4568 108 32 2 24 0
4568 ORDER 4569 57 48 96 88 1
4569 ORDER 4570 86 81 2 2 1
4569 BLOCK 56 88
4570 UNBLOCK 75 6
4570 ORDER 4571 28 56 1 86 1
4571 UNBLOCK 8 29
4571 UNBLOCK 58 27
4571 ORDER 4572 84 44 2 74 0
4571 BLOCK 52 77
4572 CANCEL 4378
4572 ORDER 4573 111 50 3 19 0
4572 BLOCK 77 14
4573 UNBLOCK 79 36
4573 ORDER 4574 12 78 3 36 0
4573 BLOCK 110 27
4574 UNBLOCK 56 20
4574 ORDER 4575 40 24 2 6 2
4575 CANCEL 4382
4575 ORDER 4576 46 32 14 87 1
4576 ORDER 4577 76 39 103 88 2
4576 BLOCK 54 14
4577 ORDER 4578 92 60 63 87 1
4578 UNBLOCK 85 42
4578 UNBLOCK 88 54
4578 ORDER 4579 46 72 113 87 0
4579 UNBLOCK 21 2
4579 UNBLOCK 79 44
4579 ORDER 4580 55 42 91 87 0
4579 BLOCK 5 85
4580 ORDER 4581 47 78 29 87 0
4580 BLOCK 102 56
4581 ORDER 4582 80 81 60 88 3
4581 BLOCK 52 45
4582 ORDER 4583 44 86 2 42 1
4582 BLOCK 27 60
4583 ORDER 4584 107 38 26 87 0
4583 BLOCK 18 27
4584 ORDER 4585 65 36 1 24 0
4585 ORDER 4586 24 63 35 87 2
4586 UNBLOCK 5 85
4586 ORDER 4587 64 36 3 1 1
4587 UNBLOCK 60 12
4587 UNBLOCK 27 69
4587 UNBLOCK 114 8
4587 ORDER 4588 49 84 109 88 0
4588 ORDER 4589 10 30 45 88 0
4589 UNBLOCK 52 45
4589 ORDER 4590 36 27 103 87 0
4589 BLOCK 9 54
4590 UNBLOCK 18 27
4590 ORDER 4591 99 59 2 9 0
4590 BLOCK 77 88
4591 ORDER 4592 69 14 6 87 0
4592 UNBLOCK 37 58
4592 ORDER 4593 84 6 1 59 0
4593 ORDER 4594 42 33 2 22 1
4593 BLOCK 23 26
4594 ORDER 4595 105 45 40 88 0
4595 UNBLOCK 106 45
4595 ORDER 4596 83 23 38 88 0
4595 BLOCK 19 12
4596 ORDER 4597 25 56 2 32 1
4596 BLOCK 5 34
4597 ORDER 4598 42 51 20 88 0
4597 BLOCK 13 30
4598 ORDER 4599 57 39 1 4 0
4599 ORDER 4600 48 29 51 88 0
4599 BLOCK 75 21
4600 CANCEL 4434
4600 ORDER 4601 34 56 2 5 2
4600 BLOCK 48 41
4601 UNBLOCK 72 21
4601 ORDER 4602 39 74 2 49 0
4601 BLOCK 30 75
4602 UNBLOCK 98 87
4602 UNBLOCK 52 77
4602 ORDER 4603 84 75 2 70 1
4603 UNBLOCK 77 14
4603 ORDER 4604 57 20 2 32 2
4603 BLOCK 60 59
4604 ORDER 4605 107 11 40 88 2
4605 ORDER 4606 78 84 2 88 0
4605 BLOCK 97 81
4606 ORDER 4607 98 38 15 87 0
4606 BLOCK 53 39
4607 UNBLOCK 110 27
4607 UNBLOCK 48 41
4607 UNBLOCK 30 75
4607 ORDER 4608 49 14 1 34 0
4608 ORDER 4609 8 30 29 87 2
4609 UNBLOCK 54 14
4609 ORDER 4610 89 66 62 87 0
4610 ORDER 4611 56 20 58 88 0
4610 BLOCK 58 8
4611 UNBLOCK 77 88
4611 UNBLOCK 75 21
4611 ORDER 4612 30 36 3 36 2
4612 ORDER 4613 86 12 1 41 0
4613 ORDER 4614 102 39 2 56 0
4614 UNBLOCK 102 56
4614 ORDER 4615 39 36 2 69 1
4614 BLOCK 20 41
4615 ORDER 4616 83 47 3 48 2
4615 BLOCK 12 46
4616 UNBLOCK 9 54
4616 ORDER 4617 7 15 2 60 1
4616 CANCEL 104617
4617 UNBLOCK 56 88
4617 UNBLOCK 19 12
4617 ORDER 4618 45 15 2 70 0
4617 BLOCK 63 33
4618 ORDER 4619 82 72 88 88 1
4619 ORDER 4620 96 57 3 44 0
4619 BLOCK 71 50
4620 ORDER 4621 73 33 2 85 1
4620 BLOCK 50 65
4621 UNBLOCK 97 47
4621 ORDER 4622 6 41 1 3 0
4621 BLOCK 73 54
4622 UNBLOCK 84 66
4622 ORDER 4623 22 62 2 23 3
4623 ORDER 4624 19 69 2 58 1
4623 BLOCK 71 54
4624 CANCEL 4588
4624 ORDER 4625 92 30 116 88 0
4625 UNBLOCK 60 59
4625 UNBLOCK 63 33
4625 ORDER 4626 101 63 3 29 2
4626 ORDER 4627 100 56 1 74 1
4626 BLOCK 108 41
4627 ORDER 4628 12 35 3 79 0
4627 BLOCK 88 48
4628 ORDER 4629 84 84 104 87 0
4628 BLOCK 77 80
4629 ORDER 4630 59 21 3 57 1
4629 BLOCK 28 87
4630 UNBLOCK 97 81
4630 UNBLOCK 50 65
4630 ORDER 4631 102 60 17 87 0
4630 BLOCK 45 65
4631 UNBLOCK 5 34
4631 ORDER 4632 35 15 77 88 0
4631 BLOCK 33 88
4632 UNBLOCK 13 30
4632 ORDER 4633 39 12 3 5 1
4632 BLOCK 6 20
4633 CANCEL 4557
4633 ORDER 4634 66 39 104 87 1
4634 ORDER 4635 46 68 43 88 0
4634 BLOCK 30 6
4635 UNBLOCK 27 60
4635 UNBLOCK 20 41
4635 ORDER 4636 111 29 71 88 3
4636 ORDER 4637 46 51 65 87 0
4636 BLOCK 109 30
4637 ORDER 4638 72 38 3 76 0
4638 UNBLOCK 6 20
4638 ORDER 4639 10 60 1 16 2
4639 ORDER 4640 32 45 2 67 0
4640 ORDER 4641 74 75 3 83 0
4640 BLOCK 42 61
4641 ORDER 4642 18 43 3 20 1
4641 BLOCK 104 71
4642 ORDER 4643 7 75 1 2 1
4642 BLOCK 60 11
4643 ORDER 4644 10 9 118 87 0
4643 BLOCK 51 15
4644 ORDER 4645 90 32 1 6 1
4644 BLOCK 73 53
4645 ORDER 4646 93 86 3 43 0
4645 BLOCK 24 45
4646 ORDER 4647 69 9 3 39 1
4646 BLOCK 81 12
4647 UNBLOCK 53 39
4647 ORDER 4648 22 6 77 88 0
4648 ORDER 4649 93 68 1 27 1
4648 BLOCK 16 88
4649 UNBLOCK 23 26
4649 ORDER 4650 44 8 1 84 0
4649 BLOCK 94 3
4650 UNBLOCK 30 6
4650 ORDER 4651 76 47 3 77 1
4650 BLOCK 91 72
4651 UNBLOCK 42 61
4651 ORDER 4652 57 41 65 87 0
4652 ORDER 4653 112 60 7 87 0
4652 BLOCK 93 12
4653 UNBLOCK 77 80
4653 ORDER 4654 75 51 6 87 0
4654 ORDER 4655 36 54 95 87 0
4655 ORDER 4656 40 74 85 88 2
4655 BLOCK 77 26
4656 UNBLOCK 58 8
4656 UNBLOCK 71 54
4656 ORDER 4657 95 54 47 87 2
4656 BLOCK 34 39
4657 UNBLOCK 33 88
4657 UNBLOCK 73 53
4657 ORDER 4658 96 57 3 51 0
4658 UNBLOCK 93 12
4658 ORDER 4659 115 36 82 87 1
4659 UNBLOCK 73 54
4659 ORDER 4660 81 30 2 80 0
4660 UNBLOCK 12 46
4660 ORDER 4661 55 42 3 50 2
4660 BLOCK 110 42
4661 ORDER 4662 62 29 2 78 0
4662 ORDER 4663 50 57 1 16 0
4663 ORDER 4664 108 38 3 16 0
4663 BLOCK 76 59
4664 ORDER 4665 11 3 2 77 0
4664 BLOCK 97 80
4665 UNBLOCK 77 26
4665 ORDER 4666 40 56 30 87 0
4665 BLOCK 97 82
4666 ORDER 4667 74 54 3 29 2
4667 ORDER 4668 65 42 41 88 0
4668 ORDER 4669 102 26 1 72 0
4669 UNBLOCK 28 87
4669 ORDER 4670 10 81 39 87 0
4669 BLOCK 32 83
4670 ORDER 4671 67 77 2 37 0
4671 ORDER 4672 72 84 68 87 2
4672 CANCEL 4474
4672 UNBLOCK 91 72
4672 ORDER 4673 61 23 61 88 2
4672 BLOCK 78 20
4673 UNBLOCK 71 50
4673 UNBLOCK 109 30
4673 ORDER 4674 67 39 2 34 0
4674 UNBLOCK 104 71
4674 ORDER 4675 70 57 60 88 0
4674 BLOCK 71 88
4675 UNBLOCK 81 12
4675 ORDER 4676 84 15 2 23 0
4676 UNBLOCK 110 42
4676 ORDER 4677 10 66 2 47 1
4676 BLOCK 45 3
4677 UNBLOCK 45 65
4677 ORDER 4678 69 11 1 44 0
4677 BLOCK 9 38
4678 ORDER 4679 54 69 36 87 1
4678 BLOCK 87 63
4679 UNBLOCK 88 48
4679 ORDER 4680 89 15 1 45 0
4680 ORDER 4681 105 36 75 87 2
4680 BLOCK 38 3
4681 ORDER 4682 73 72 2 1 0
4681 BLOCK 109 71
4682 ORDER 4683 112 71 37 87 0
4682 BLOCK 59 39
4683 ORDER 4684 113 68 92 88 1
4683 BLOCK 69 20
4684 UNBLOCK 24 45
4684 UNBLOCK 87 63
4684 ORDER 4685 8 84 25 88 1
4685 ORDER 4686 12 54 3 71 0
4685 BLOCK 88 60
4686 UNBLOCK 108 41
4686 ORDER 4687 103 29 107 87 0
4687 ORDER 4688 102 80 9 88 0
4687 BLOCK 14 52
4688 ORDER 4689 72 29 3 61 0
4689 ORDER 4690 11 11 21 87 0
4689 BLOCK 73 22
4690 UNBLOCK 16 88
4690 ORDER 4691 61 63 2 19 1
4690 BLOCK 75 15
4691 ORDER 4692 28 48 2 35 0
4692 UNBLOCK 34 39
4692 ORDER 4693 54 69 3 32 0
4693 ORDER 4694 111 20 3 48 0
4694 ORDER 4695 94 69 2 46 0
4695 ORDER 4696 89 9 108 87 1
4696 ORDER 4697 98 52 3 38 1
4697 UNBLOCK 51 15
4697 ORDER 4698 11 9 19 88 0
4697 BLOCK 113 81
4698 ORDER 4699 16 78 12 87 2
4698 BLOCK 39 23
4699 UNBLOCK 60 11
4699 UNBLOCK 45 3
4699 ORDER 4700 57 18 2 60 0
4699 BLOCK 113 65
4700 UNBLOCK 94 3
4700 ORDER 4701 73 63 1 23 1
4700 BLOCK 48 15
4701 ORDER 4702 49 71 81 87 0
4701 BLOCK 109 5
4702 ORDER 4703 94 47 102 88 1
4702 BLOCK 65 23
4703 UNBLOCK 69 20
4703 ORDER 4704 75 78 89 88 0
4704 ORDER 4705 59 33 56 87 1
4705 ORDER 4706 34 18 107 87 3
4705 BLOCK 52 81
4706 ORDER 4707 37 68 75 88 3
4706 BLOCK 45 10
4707 UNBLOCK 32 83
4707 ORDER 4708 94 17 106 87 1
4708 ORDER 4709 17 20 99 88 0
4708 BLOCK 46 10
4709 UNBLOCK 109 5
4709 ORDER 4710 76 62 1 66 0
4710 ORDER 4711 74 29 67 88 0
4710 BLOCK 70 50
4711 ORDER 4712 62 8 41 87 1
4712 UNBLOCK 109 71
4712 ORDER 4713 102 9 3 50 1
4712 BLOCK 89 21
4713 UNBLOCK 97 82
4713 ORDER 4714 96 9 53 87 1
4713 BLOCK 99 69
4714 UNBLOCK 9 38
4714 ORDER 4715 92 66 111 87 0
4714 BLOCK 101 74
4715 UNBLOCK 73 22
4715 ORDER 4716 41 14 60 88 0
4715 BLOCK 85 44
4716 UNBLOCK 78 20
4716 ORDER 4717 82 5 3 86 1
4717 ORDER 4718 12 56 51 88 0
4717 BLOCK 98 14
4718 ORDER 4719 20 12 13 88 0
4719 UNBLOCK 65 23
4719 ORDER 4720 106 36 2 75 0
4719 BLOCK 109 5
4720 UNBLOCK 76 59
4720 ORDER 4721 73 3 2 31 0
4721 UNBLOCK 97 80
4721 UNBLOCK 38 3
4721 ORDER 4722 79 45 6 88 3
4722 CANCEL 4633
4722 UNBLOCK 46 10
4722 ORDER 4723 53 77 1 5 0
4723 ORDER 4724 51 24 3 20 1
4723 BLOCK 93 14
4724 UNBLOCK 52 81
4724 ORDER 4725 83 56 83 88 2
4725 ORDER 4726 57 8 3 73 3
4725 BLOCK 37 38
4726 ORDER 4727 113 66 2 63 0
4727 UNBLOCK 14 52
4727 ORDER 4728 38 41 1 1 0
4728 UNBLOCK 39 23
4728 ORDER 4729 30 72 3 78 0
4728 BLOCK 97 20
4729 ORDER 4730 60 48 3 84 0
4730 ORDER 4731 24 56 3 2 0
4730 BLOCK 80 20
4731 ORDER 4732 27 6 2 31 0
4732 UNBLOCK 71 88
4732 UNBLOCK 113 65
4732 UNBLOCK 45 10
4732 ORDER 4733 99 50 2 60 0
4733 UNBLOCK 101 74
4733 ORDER 4734 37 11 3 72 1
4733 BLOCK 27 27
4734 ORDER 4735 48 66 2 14 1
4734 BLOCK 69 68
4735 ORDER 4736 98 60 2 46 0
4736 ORDER 4737 96 65 115 87 0
4737 ORDER 4738 48 42 1 33 1
4738 UNBLOCK 59 39
4738 ORDER 4739 89 47 113 87 1
4739 UNBLOCK 48 15
4739 ORDER 4740 78 54 99 88 0
4740 ORDER 4741 67 86 1 3 0
4741 ORDER 4742 20 17 2 2 0
4742 UNBLOCK 113 81
4742 UNBLOCK 89 21
4742 ORDER 4743 80 14 43 87 0
4743 UNBLOCK 88 60
4743 ORDER 4744 90 56 1 73 0
4744 ORDER 4745 52 23 118 88 0
4745 ORDER 4746 61 63 63 87 0
4745 BLOCK 110 17
4746 CANCEL 4616
4746 ORDER 4747 24 35 3 28 0
4746 BLOCK 61 51
4747 ORDER 4748 45 3 2 71 0
4748 UNBLOCK 75 15
4748 ORDER 4749 10 86 26 88 0
4748 BLOCK 84 72
4749 UNBLOCK 37 38
4749 ORDER 4750 27 39 100 88 0
4749 BLOCK 103 48
4750 CANCEL 4718
4750 ORDER 4751 85 77 75 88 0
4751 ORDER 4752 21 24 20 87 0
4752 ORDER 4753 50 35 97 88 0
4752 BLOCK 71 57
4753 ORDER 4754 46 6 2 45 1
4754 CANCEL 4595
4754 ORDER 4755 20 12 109 87 0
4755 ORDER 4756 74 3 2 64 0
4756 ORDER 4757 78 86 3 81 0
4757 ORDER 4758 35 59 3 15 0
4757 BLOCK 61 5
4758 UNBLOCK 109 5
4758 ORDER 4759 29 72 99 87 0
4759 ORDER 4760 75 5 61 88 2
4760 ORDER 4761 34 86 1 61 2
4761 UNBLOCK 98 14
4761 ORDER 4762 103 15 1 46 1
4762 ORDER 4763 57 12 2 48 1
4763 ORDER 4764 114 33 64 88 0
4763 BLOCK 103 53
4764 ORDER 4765 78 54 2 48 1
4764 BLOCK 31 66
4765 ORDER 4766 102 47 3 46 1
4766 UNBLOCK 85 44
4766 UNBLOCK 97 20
4766 ORDER 4767 40 14 88 88 0
4766 BLOCK 60 76
4767 UNBLOCK 93 14
4767 ORDER 4768 18 78 1 13 1
4767 BLOCK 105 29
4768 ORDER 4769 85 14 23 87 1
4769 ORDER 4770 29 57 1 55 1
4770 UNBLOCK 70 50
4770 ORDER 4771 33 66 1 51 0
4770 BLOCK 11 32
4771 UNBLOCK 80 20
4771 UNBLOCK 84 72
4771 ORDER 4772 95 51 2 61 0
4772 UNBLOCK 99 69
4772 UNBLOCK 71 57
4772 ORDER 4773 42 83 3 74 1
4773 UNBLOCK 27 27
4773 CANCEL 4760
4773 ORDER 4774 92 11 3 25 1
4774 ORDER 4775 63 66 2 59 0
4775 ORDER 4776 19 26 1 40 0
4776 ORDER 4777 9 71 59 87 1
4777 ORDER 4778 28 75 1 52 0
4777 BLOCK 62 84
4778 ORDER 4779 88 12 1 32 0
4778 BLOCK 24 45
4779 ORDER 4780 110 80 2 39 0
4780 UNBLOCK 69 68
4780 ORDER 4781 10 74 3 68 0
4781 ORDER 4782 96 36 3 25 1
4781 BLOCK 34 56
4782 ORDER 4783 78 42 1 27 0
4782 BLOCK 99 83
4783 ORDER 4784 57 14 48 88 2
4784 ORDER 4785 88 32 8 87 1
4785 ORDER 4786 48 33 2 5 0
4786 UNBLOCK 61 5
4786 UNBLOCK 62 84
4786 ORDER 4787 90 32 1 60 0
4787 ORDER 4788 33 42 14 88 0
4788 ORDER 4789 47 75 21 87 0
4788 BLOCK 83 42
4789 UNBLOCK 61 51
4789 ORDER 4790 108 38 2 68 0
4790 ORDER 4791 73 50 72 88 0
4790 BLOCK 38 71
4791 UNBLOCK 110 17
4791 ORDER 4792 74 17 74 88 0
4791 BLOCK 10 21
4792 ORDER 4793 38 38 2 42 2
4793 ORDER 4794 58 78 1 9 3
4793 BLOCK 12 38
4794 ORDER 4795 9 53 2 39 0
4794 BLOCK 111 65
4795 ORDER 4796 110 33 39 87 1
4795 BLOCK 11 24
4796 ORDER 4797 30 21 27 88 0
4797 ORDER 4798 9 33 2 75 0
4798 ORDER 4799 95 59 3 49 0
4798 BLOCK 106 47
4799 UNBLOCK 103 48
4799 UNBLOCK 12 38
4799 ORDER 4800 35 5 2 47 0
4800 ORDER 4801 38 59 1 80 0
4801 ORDER 4802 83 21 98 88 1
4802 CANCEL 4705
4802 ORDER 4803 60 69 1 14 1
4803 ORDER 4804 58 14 3 38 3
4804 UNBLOCK 103 53
4804 ORDER 4805 65 84 1 10 0
4805 ORDER 4806 11 41 34 87 0
4806 UNBLOCK 106 47
4806 ORDER 4807 104 84 1 57 0
4807 ORDER 4808 51 27 3 4 1
4807 BLOCK 73 63
4808 ORDER 4809 106 78 3 33 0
4808 BLOCK 35 2
4809 UNBLOCK 60 76
4809 ORDER 4810 52 59 60 87 0
4810 UNBLOCK 38 71
4810 ORDER 4811 40 26 16 88 2
4810 BLOCK 10 72
4811 ORDER 4812 14 9 49 88 0
4811 BLOCK 74 36
4812 UNBLOCK 105 29
4812 ORDER 4813 20 83 2 65 1
4813 ORDER 4814 89 71 2 81 1
4814 ORDER 4815 62 86 2 80 0
4815 ORDER 4816 67 81 1 46 0
4815 BLOCK 94 57
4816 UNBLOCK 83 42
4816 ORDER 4817 82 9 58 88 0
4816 BLOCK 31 46
4817 UNBLOCK 74 36
4817 ORDER 4818 46 80 3 82 1
4817 BLOCK 7 68
4818 ORDER 4819 29 21 3 80 0
4819 ORDER 4820 94 41 3 35 0
4819 BLOCK 99 28
4820 UNBLOCK 73 63
4820 ORDER 4821 76 54 83 87 1
4821 CANCEL 4733
4821 ORDER 4822 15 47 1 24 1
4822 UNBLOCK 31 66
4822 ORDER 4823 75 17 25 87 3
4822 BLOCK 12 21
4823 UNBLOCK 34 56
4823 ORDER 4824 92 56 66 88 1
4823 BLOCK 96 20
4824 ORDER 4825 15 77 1 12 0
4824 BLOCK 48 65
4825 UNBLOCK 24 45
4825 ORDER 4826 29 80 1 24 0
4825 BLOCK 9 47
4826 ORDER 4827 94 24 3 27 0
4826 BLOCK 62 15
4827 CANCEL 4653
4827 UNBLOCK 99 83
4827 ORDER 4828 6 84 1 88 0
4827 CANCEL 104828
4828 ORDER 4829 19 45 2 43 0
4829 UNBLOCK 111 65
4829 ORDER 4830 20 12 2 85 0
4830 UNBLOCK 11 32
4830 ORDER 4831 30 27 3 56 0
4830 BLOCK 92 83
4831 ORDER 4832 62 41 68 88 2
4832 ORDER 4833 34 62 27 88 0
4833 ORDER 4834 6 59 9 87 0
4833 BLOCK 80 17
4834 ORDER 4835 101 44 1 28 1
4835 ORDER 4836 38 48 1 62 0
4835 BLOCK 61 86
4836 ORDER 4837 78 45 21 87 1
4837 UNBLOCK 10 72
4837 ORDER 4838 19 71 102 88 0
4837 BLOCK 70 42
4838 UNBLOCK 10 21
4838 UNBLOCK 92 83
4838 ORDER 4839 72 5 57 88 0
4839 ORDER 4840 71 57 2 66 0
4840 UNBLOCK 99 28
4840 ORDER 4841 6 75 2 79 1
4840 BLOCK 76 5
4841 ORDER 4842 20 39 63 88 0
4841 BLOCK 38 53
4842 ORDER 4843 24 54 23 87 0
4843 ORDER 4844 75 60 3 59 0
4844 ORDER 4845 8 73 3 25 2
4844 BLOCK 88 59
4845 ORDER 4846 74 5 3 32 1
4845 BLOCK 54 33
4846 ORDER 4847 59 3 1 41 1
4846 BLOCK 6 26
4847 ORDER 4848 37 71 24 87 0
4848 UNBLOCK 31 46
4848 ORDER 4849 107 68 35 87 3
4848 BLOCK 115 4
4849 UNBLOCK 11 24
4849 UNBLOCK 61 86
4849 ORDER 4850 24 77 73 87 1
4849 BLOCK 78 38
4850 ORDER 4851 29 48 1 41 0
4850 BLOCK 32 85
4851 ORDER 4852 90 11 2 9 0
4851 BLOCK 22 32
4852 ORDER 4853 20 6 36 87 0
4852 BLOCK 73 66
4853 ORDER 4854 46 66 5 88 1
4853 BLOCK 66 45
4854 ORDER 4855 25 38 1 28 0
4855 UNBLOCK 78 38
4855 ORDER 4856 6 56 2 12 0
4855 BLOCK 20 51
4856 ORDER 4857 66 30 20 88 2
4857 UNBLOCK 12 21
4857 UNBLOCK 96 20
4857 ORDER 4858 79 44 85 88 3
4857 BLOCK 25 9
4858 ORDER 4859 106 68 92 88 0
4859 ORDER 4860 25 32 3 76 1
4860 ORDER 4861 79 82 21 87 0
4861 ORDER 4862 115 26 76 87 0
4861 BLOCK 112 69
4862 ORDER 4863 86 80 19 87 2
4863 ORDER 4864 82 75 2 2 0
4864 UNBLOCK 62 15
4864 ORDER 4865 76 14 15 88 0
4864 BLOCK 44 33
4865 UNBLOCK 20 51
4865 ORDER 4866 75 80 1 79 0
4866 ORDER 4867 22 8 108 88 2
4866 BLOCK 26 6
4867 UNBLOCK 38 53
4867 ORDER 4868 36 66 112 88 0
4867 BLOCK 93 63
4868 UNBLOCK 35 2
4868 UNBLOCK 54 33
4868 ORDER 4869 25 75 70 88 1
4869 CANCEL 4822
4869 ORDER 4870 79 65 12 87 0
4870 UNBLOCK 48 65
4870 ORDER 4871 22 38 108 88 0
4870 BLOCK 21 44
4871 ORDER 4872 27 8 95 88 0
4871 BLOCK 58 4
4872 ORDER 4873 68 12 2 5 1
4872 BLOCK 80 52
4873 UNBLOCK 94 57
4873 UNBLOCK 7 68
4873 UNBLOCK 22 32
4873 ORDER 4874 101 77 1 75 3
4874 UNBLOCK 9 47
4874 ORDER 4875 101 34 2 46 1
4874 BLOCK 54 66
4875 ORDER 4876 86 78 1 6 0
4876 ORDER 4877 65 38 1 25 0
4876 BLOCK 98 23
4877 UNBLOCK 70 42
4877 ORDER 4878 100 59 2 24 1
4878 ORDER 4879 25 24 36 87 0
4879 UNBLOCK 80 52
4879 ORDER 4880 87 41 31 88 0
4880 ORDER 4881 31 35 117 87 0
4881 UNBLOCK 32 85
4881 ORDER 4882 24 35 74 87 0
4881 BLOCK 6 44
4882 ORDER 4883 21 12 2 44 0
4883 UNBLOCK 73 66
4883 ORDER 4884 71 36 15 88 0
4884 ORDER 4885 22 30 3 33 1
4885 ORDER 4886 111 83 102 88 1
4886 ORDER 4887 32 20 101 88 0
4887 ORDER 4888 107 41 2 45 0
4888 UNBLOCK 80 17
4888 UNBLOCK 98 23
4888 ORDER 4889 42 35 1 61 0
4888 BLOCK 37 62
4889 ORDER 4890 14 42 101 88 1
4889 BLOCK 51 64
4890 ORDER 4891 106 59 97 88 1
4891 UNBLOCK 76 5
4891 ORDER 4892 61 23 32 88 0
4891 BLOCK 30 68
4892 ORDER 4893 53 35 3 25 1
4893 ORDER 4894 83 21 1 12 0
4893 BLOCK 50 21
4894 UNBLOCK 112 69
4894 ORDER 4895 44 48 98 88 0
4894 BLOCK 37 5
4895 ORDER 4896 22 15 101 87 2
4895 BLOCK 89 76
4896 UNBLOCK 25 9
4896 ORDER 4897 30 42 42 87 0
4897 UNBLOCK 58 4
4897 ORDER 4898 70 38 50 88 0
4898 UNBLOCK 66 45
4898 ORDER 4899 63 5 53 87 1
4899 ORDER 4900 14 32 1 82 0
4899 BLOCK 22 49
4900 ORDER 4901 47 50 3 68 3
4900 BLOCK 114 47
4901 ORDER 4902 91 38 1 80 1
4902 CANCEL 4748
4902 UNBLOCK 6 26
4902 UNBLOCK 115 4
4902 ORDER 4903 61 32 25 87 1
4902 BLOCK 24 4
4903 UNBLOCK 37 62
4903 ORDER 4904 27 27 47 88 0
4904 UNBLOCK 88 59
4904 ORDER 4905 58 83 44 87 1
4905 UNBLOCK 22 49
4905 ORDER 4906 96 24 2 87 0
4905 BLOCK 62 77
4906 ORDER 4907 8 51 1 20 1
4906 BLOCK 51 36
4907 UNBLOCK 51 64
4907 ORDER 4908 69 69 2 85 1
4908 UNBLOCK 37 5
4908 ORDER 4909 49 36 2 40 0
4909 ORDER 4910 68 33 1 42 0
4910 ORDER 4911 73 41 36 87 2
4911 ORDER 4912 106 15 12 87 0
4912 ORDER 4913 38 29 7 88 0
4913 ORDER 4914 100 78 3 5 0
4913 BLOCK 55 88
4914 ORDER 4915 39 14 2 36 2
4914 BLOCK 32 87
4915 ORDER 4916 113 36 3 38 1
4916 UNBLOCK 24 4
4916 ORDER 4917 104 86 2 4 1
4917 ORDER 4918 51 66 1 43 0
4917 BLOCK 31 85
4918 UNBLOCK 21 44
4918 ORDER 4919 92 8 43 87 0
4919 ORDER 4920 20 23 111 87 1
4919 BLOCK 45 3
4920 CANCEL 4744
4920 ORDER 4921 50 59 1 11 0
4920 BLOCK 53 38
4921 CANCEL 4853
4921 UNBLOCK 93 63
4921 ORDER 4922 7 71 2 71 0
4921 BLOCK 88 77
4922 UNBLOCK 44 33
4922 UNBLOCK 55 88
4922 ORDER 4923 53 5 2 41 0
4923 UNBLOCK 54 66
4923 ORDER 4924 19 78 2 87 1
4924 ORDER 4925 49 50 1 67 0
4924 BLOCK 56 30
4925 UNBLOCK 26 6
4925 ORDER 4926 27 48 1 51 1
4926 UNBLOCK 88 77
4926 ORDER 4927 54 50 2 8 1
4927 ORDER 4928 66 44 1 9 0
4927 BLOCK 105 15
4928 ORDER 4929 97 6 3 88 0
4928 BLOCK 47 72
4929 UNBLOCK 89 76
4929 ORDER 4930 65 44 2 10 3
4929 BLOCK 97 21
4930 UNBLOCK 62 77
4930 ORDER 4931 53 33 2 7 3
4930 BLOCK 87 27
4931 ORDER 4932 88 50 2 24 0
4932 ORDER 4933 63 81 2 39 0
4933 ORDER 4934 69 24 113 88 3
4934 ORDER 4935 106 20 2 58 1
4935 ORDER 4936 63 75 56 87 1
4936 ORDER 4937 43 18 107 87 0
4936 BLOCK 54 48
4937 UNBLOCK 6 44
4937 ORDER 4938 49 83 97 87 0
4937 BLOCK 11 3
4938 UNBLOCK 30 68
4938 ORDER 4939 97 57 2 68 2
4938 BLOCK 111 86
4939 UNBLOCK 105 15
4939 ORDER 4940 40 11 1 39 0
4940 UNBLOCK 114 47
4940 ORDER 4941 96 33 3 10 0
4941 ORDER 4942 37 86 29 88 1
4942 ORDER 4943 97 9 1 69 0
4942 BLOCK 43 13
4943 ORDER 4944 78 42 2 4 0
4944 ORDER 4945 51 3 114 87 1
4944 BLOCK 31 68
4945 ORDER 4946 111 83 3 61 0
4945 BLOCK 22 57
4946 ORDER 4947 51 12 1 75 2
4946 BLOCK 41 64
4947 UNBLOCK 32 87
4947 ORDER 4948 113 23 2 2 2
4947 BLOCK 60 6
4948 ORDER 4949 46 69 87 88 0
4948 BLOCK 86 75
4949 UNBLOCK 56 30
4949 ORDER 4950 37 17 54 87 2
4949 BLOCK 84 78
4950 UNBLOCK 111 86
4950 ORDER 4951 50 26 1 12 2
4950 BLOCK 8 20
4951 ORDER 4952 75 15 30 87 0
4951 BLOCK 31 11
4952 ORDER 4953 22 26 3 80 1
4953 UNBLOCK 50 21
4953 UNBLOCK 53 38
4953 ORDER 4954 34 33 1 8 2
4954 UNBLOCK 43 13
4954 ORDER 4955 16 53 79 88 0
4955 ORDER 4956 103 42 3 29 2
4955 BLOCK 68 14
4956 UNBLOCK 8 20
4956 ORDER 4957 54 38 48 87 0
4956 BLOCK 58 1
4957 UNBLOCK 51 36
4957 ORDER 4958 20 38 47 87 0
4957 BLOCK 32 69
4958 UNBLOCK 11 3
4958 ORDER 4959 19 71 1 63 1
4959 ORDER 4960 56 8 3 31 2
4959 BLOCK 105 81
4960 ORDER 4961 30 17 9 87 0
4960 BLOCK 106 50
4961 ORDER 4962 96 21 2 4 0
4961 BLOCK 28 42
4962 ORDER 4963 48 62 43 88 0
4962 BLOCK 25 65
4963 UNBLOCK 22 57
4963 ORDER 4964 111 81 9 87 0
4964 UNBLOCK 97 21
4964 ORDER 4965 9 68 5 87 3
4964 BLOCK 78 61
4965 ORDER 4966 19 14 2 29 0
4965 BLOCK 61 29
4966 ORDER 4967 79 84 2 2 0
4967 UNBLOCK 47 72
4967 ORDER 4968 58 12 44 88 1
4968 ORDER 4969 8 23 2 64 0
4969 ORDER 4970 103 30 3 53 0
4969 BLOCK 84 6
4970 UNBLOCK 58 1
4970 UNBLOCK 78 61
4970 ORDER 4971 42 33 1 14 2
4971 UNBLOCK 60 6
4971 ORDER 4972 69 69 1 39 0
4971 BLOCK 110 11
4972 UNBLOCK 54 48
4972 UNBLOCK 32 69
4972 ORDER 4973 55 6 1 12 1
4972 BLOCK 31 30
4973 ORDER 4974 52 12 2 82 0
4974 UNBLOCK 31 85
4974 UNBLOCK 45 3
4974 ORDER 4975 26 62 27 88 0
4974 BLOCK 36 3
4975 ORDER 4976 47 54 3 14 1
4976 UNBLOCK 68 14
4976 ORDER 4977 97 5 2 27 0
4976 BLOCK 82 80
4977 ORDER 4978 104 33 3 86 0
4978 ORDER 4979 109 12 3 13 0
4979 ORDER 4980 16 66 83 87 1
4979 BLOCK 20 78
4980 UNBLOCK 28 42
4980 ORDER 4981 45 54 2 32 0
4981 UNBLOCK 31 68
4981 UNBLOCK 106 50
4981 ORDER 4982 36 63 2 19 2
4982 ORDER 4983 56 86 2 51 2
4982 BLOCK 52 32
4983 UNBLOCK 87 27
4983 ORDER 4984 64 41 2 79 0
4983 BLOCK 71 36
4984 ORDER 4985 79 62 1 74 0
4985 ORDER 4986 69 44 3 65 0
4985 BLOCK 83 23
4986 ORDER 4987 73 54 61 87 0
4987 ORDER 4988 18 44 3 21 3
4988 ORDER 4989 47 27 1 29 0
4989 ORDER 4990 99 23 1 30 1
4990 ORDER 4991 34 30 3 52 1
4990 BLOCK 35 63
4991 UNBLOCK 86 75
4991 ORDER 4992 111 60 3 69 0
4992 ORDER 4993 64 69 1 53 0
4992 BLOCK 73 66
4993 UNBLOCK 105 81
4993 ORDER 4994 26 45 69 87 0
4994 UNBLOCK 41 64
4994 ORDER 4995 96 77 2 55 1
4994 BLOCK 100 66
4995 ORDER 4996 82 30 1 66 1
4995 BLOCK 111 42
4996 UNBLOCK 82 80
4996 ORDER 4997 36 54 3 58 0
4996 BLOCK 47 8
4997 ORDER 4998 86 78 1 13 0
4997 BLOCK 97 62
4998 ORDER 4999 68 78 36 87 1
4998 BLOCK 41 45
4999 UNBLOCK 31 11
4999 ORDER 5000 78 17 3 37 2
4999 BLOCK 73 2
5000 UNBLOCK 84 6
5000 UNBLOCK 110 11
5000 ORDER 5001 106 26 3 39 2
5001 ORDER 5002 92 30 99 88 1
5002 UNBLOCK 84 78
5002 ORDER 5003 62 77 113 87 0
5002 BLOCK 107 11
5003 UNBLOCK 20 78
5003 ORDER 5004 36 32 89 87 2
5004 UNBLOCK 83 23
5004 UNBLOCK 100 66
5004 ORDER 5005 40 42 58 87 1
5005 UNBLOCK 35 63
5005 ORDER 5006 18 58 45 87 0
5006 ORDER 5007 104 9 59 87 0
5006 BLOCK 58 67
5007 CANCEL 4900
5007 UNBLOCK 31 30
5007 ORDER 5008 25 71 51 88 0
5007 BLOCK 31 45
5008 ORDER 5009 8 71 55 88 0
5009 ORDER 5010 51 14 43 87 1
5009 BLOCK 54 59
5010 ORDER 5011 98 32 1 18 2
5011 CANCEL 4962
5011 ORDER 5012 64 41 99 87 0
5011 BLOCK 104 24
5012 ORDER 5013 95 20 25 88 1
5012 BLOCK 96 47
5013 ORDER 5014 16 45 2 50 0
5014 ORDER 5015 94 45 112 88 2
5015 ORDER 5016 27 24 3 42 1
5015 BLOCK 91 1
5016 UNBLOCK 73 66
5016 UNBLOCK 31 45
5016 ORDER 5017 99 86 100 87 0
5016 BLOCK 16 54
5017 ORDER 5018 67 83 2 22 0
5017 BLOCK 105 9
5018 UNBLOCK 61 29
5018 ORDER 5019 112 77 36 87 3
5018 BLOCK 108 71
5019 ORDER 5020 108 77 1 34 0
5020 UNBLOCK 25 65
5020 ORDER 5021 65 5 3 58 3
5020 BLOCK 60 48
5021 ORDER 5022 43 63 71 87 1
5021 BLOCK 112 69
5022 ORDER 5023 106 36 3 16 0
5022 BLOCK 38 60
5023 UNBLOCK 36 3
5023 UNBLOCK 71 36
5023 ORDER 5024 107 12 2 21 0
5024 ORDER 5025 8 75 1 54 3
5025 ORDER 5026 90 56 3 19 0
5026 ORDER 5027 32 29 1 36 0
5027 ORDER 5028 55 42 48 87 0
5028 UNBLOCK 52 32
5028 ORDER 5029 59 18 2 43 0
5028 BLOCK 83 14
5029 ORDER 5030 63 83 69 87 0
5029 BLOCK 41 26
5030 ORDER 5031 65 78 3 78 0
5030 BLOCK 72 48
5031 UNBLOCK 54 59
5031 UNBLOCK 16 54
5031 ORDER 5032 69 12 34 87 0
5032 UNBLOCK 107 11
5032 UNBLOCK 38 60
5032 ORDER 5033 77 29 3 48 0
5032 BLOCK 52 29
5033 UNBLOCK 47 8
5033 UNBLOCK 97 62
5033 ORDER 5034 75 45 48 87 0
5034 ORDER 5035 78 77 106 87 2
5034 BLOCK 40 6
5035 ORDER 5036 74 51 29 88 0
5035 BLOCK 105 21
5036 ORDER 5037 13 53 47 87 0
5037 ORDER 5038 9 14 3 48 2
5037 BLOCK 89 50
5038 UNBLOCK 41 26
5038 ORDER 5039 72 81 3 19 0
5039 ORDER 5040 108 12 74 87 0
5039 BLOCK 19 57
5040 ORDER 5041 47 9 12 87 0
5041 UNBLOCK 96 47
5041 ORDER 5042 56 74 3 80 2
5041 BLOCK 7 39
5042 UNBLOCK 111 42
5042 UNBLOCK 108 71
5042 ORDER 5043 95 54 3 30 0
5043 ORDER 5044 112 83 1 23 0
5043 BLOCK 87 48
5044 ORDER 5045 108 80 1 46 0
5044 BLOCK 82 26
5045 ORDER 5046 10 35 103 87 0
5045 BLOCK 114 82
5046 ORDER 5047 10 71 2 80 1
5047 UNBLOCK 91 1
5047 ORDER 5048 27 51 2 11 1
5047 BLOCK 26 24
5048 UNBLOCK 58 67
5048 ORDER 5049 72 83 70 88 0
5048 BLOCK 82 75
5049 UNBLOCK 41 45
5049 ORDER 5050 112 17 78 87 0
5050 UNBLOCK 105 21
5050 ORDER 5051 95 63 43 87 1
5050 BLOCK 64 68
5051 ORDER 5052 12 29 46 87 1
5051 BLOCK 62 13
5052 ORDER 5053 75 77 64 87 0
5052 BLOCK 40 17
5053 UNBLOCK 73 2
5053 ORDER 5054 96 38 2 46 0
5053 BLOCK 98 44
5054 ORDER 5055 72 50 2 54 1
5055 UNBLOCK 89 50
5055 ORDER 5056 55 83 81 87 0
5056 ORDER 5057 45 24 2 77 0
5056 BLOCK 9 66
5057 ORDER 5058 59 60 3 37 0
5058 UNBLOCK 60 48
5058 UNBLOCK 82 26
5058 ORDER 5059 43 75 3 40 0
5059 ORDER 5060 54 57 1 38 0
5059 BLOCK 65 35
5060 UNBLOCK 112 69
5060 UNBLOCK 72 48
5060 ORDER 5061 113 56 53 87 0
5061 ORDER 5062 101 3 2 40 3
5062 ORDER 5063 67 48 106 88 0
5063 ORDER 5064 75 3 1 67 0
5064 UNBLOCK 87 48
5064 ORDER 5065 43 27 1 54 0
5064 BLOCK 49 21
5065 ORDER 5066 27 42 2 68 0
5065 BLOCK 43 65
5066 UNBLOCK 64 68
5066 ORDER 5067 57 6 2 22 0
5066 BLOCK 113 53
5067 CANCEL 5002
5067 ORDER 5068 76 29 1 26 0
5067 BLOCK 88 75
5068 UNBLOCK 52 29
5068 ORDER 5069 104 45 1 37 0
5068 BLOCK 95 88
5069 UNBLOCK 62 13
5069 ORDER 5070 99 14 3 28 0
5069 BLOCK 109 37
5070 ORDER 5071 28 47 1 12 0
5070 BLOCK 29 57
5071 UNBLOCK 104 24
5071 UNBLOCK 83 14
5071 ORDER 5072 9 41 1 33 0
5072 UNBLOCK 98 44
5072 ORDER 5073 113 8 3 27 0
5072 BLOCK 104 23
5073 CANCEL 4975
5073 ORDER 5074 70 62 86 87 1
5074 UNBLOCK 40 6
5074 ORDER 5075 39 24 2 48 1
5074 BLOCK 28 75
5075 UNBLOCK 105 9
5075 ORDER 5076 114 62 7 87 0
5076 ORDER 5077 94 83 85 87 0
5076 BLOCK 59 6
5077 UNBLOCK 88 75
5077 ORDER 5078 89 18 2 47 1
5078 ORDER 5079 111 80 83 88 0
5078 BLOCK 115 53
5079 ORDER 5080 10 6 19 88 2
5079 BLOCK 98 45
5080 ORDER 5081 77 51 97 87 0
5081 UNBLOCK 104 23
5081 ORDER 5082 9 21 2 42 0
5081 BLOCK 53 12
5082 UNBLOCK 114 82
5082 ORDER 5083 53 11 2 4 0
5083 UNBLOCK 26 24
5083 UNBLOCK 115 53
5083 ORDER 5084 10 38 1 14 0
5083 CANCEL 105084
5083 BLOCK 75 24
5084 ORDER 5085 59 38 2 64 0
5084 BLOCK 40 11
5085 ORDER 5086 18 71 2 32 2
5085 BLOCK 36 30
5086 ORDER 5087 23 44 2 84 1
5086 BLOCK 44 63
5087 ORDER 5088 44 71 3 2 1
5087 BLOCK 47 53
5088 UNBLOCK 43 65
5088 ORDER 5089 82 57 84 88 0
5089 UNBLOCK 7 39
5089 ORDER 5090 95 12 76 88 2
5089 BLOCK 55 48
5090 ORDER 5091 99 47 76 88 0
5091 ORDER 5092 53 75 1 13 3
5091 BLOCK 93 23
5092 UNBLOCK 59 6
5092 ORDER 5093 77 69 2 20 0
5093 CANCEL 5028
5093 ORDER 5094 29 53 1 54 0
5094 UNBLOCK 29 57
5094 UNBLOCK 55 48
5094 ORDER 5095 7 42 2 6 1
5094 BLOCK 98 44
5095 UNBLOCK 19 57
5095 ORDER 5096 89 21 2 10 0
5096 UNBLOCK 9 66
5096 ORDER 5097 107 53 3 29 0
5096 BLOCK 9 9
5097 CANCEL 4933
5097 ORDER 5098 83 47 1 30 0
5097 BLOCK 32 88
5098 ORDER 5099 50 78 1 74 0
5098 BLOCK 47 84
5099 ORDER 5100 113 23 50 88 1
5100 ORDER 5101 104 8 17 88 1
5100 BLOCK 105 83
5101 UNBLOCK 28 75
5101 ORDER 5102 82 65 93 87 0
5101 BLOCK 114 74
5102 UNBLOCK 113 53
5102 ORDER 5103 17 63 2 18 0
5103 UNBLOCK 47 53
5103 ORDER 5104 30 56 2 66 1
5103 BLOCK 58 21
5104 ORDER 5105 57 62 3 46 2
5105 UNBLOCK 65 35
5105 UNBLOCK 40 11
5105 ORDER 5106 49 75 3 73 0
5106 UNBLOCK 82 75
5106 ORDER 5107 55 75 8 88 0
5106 BLOCK 86 17
5107 UNBLOCK 75 24
5107 ORDER 5108 99 45 82 88 0
5107 BLOCK 90 35
5108 UNBLOCK 36 30
5108 ORDER 5109 56 44 2 2 0
5109 ORDER 5110 83 21 54 87 0
5110 ORDER 5111 33 56 42 87 1
5111 UNBLOCK 40 17
5111 ORDER 5112 9 17 3 66 1
5111 BLOCK 23 83
5112 UNBLOCK 109 37
5112 ORDER 5113 21 51 3 43 0
5112 BLOCK 15 13
5113 UNBLOCK 86 17
5113 ORDER 5114 64 62 2 63 1
5113 BLOCK 107 61
5114 UNBLOCK 95 88
5114 ORDER 5115 40 44 24 88 0
5114 BLOCK 101 87
5115 UNBLOCK 49 21
5115 ORDER 5116 26 69 2 21 0
5116 ORDER 5117 26 45 2 15 0
5116 BLOCK 81 21
5117 UNBLOCK 98 45
5117 UNBLOCK 53 12
5117 UNBLOCK 32 88
5117 ORDER 5118 52 60 2 72 1
5117 BLOCK 58 63
5118 ORDER 5119 99 48 95 87 2
5118 BLOCK 101 30
5119 ORDER 5120 58 35 43 87 0
5119 BLOCK 57 2
5120 ORDER 5121 22 8 3 4 1
5121 ORDER 5122 78 41 2 62 1
5122 ORDER 5123 20 20 1 66 0
5122 BLOCK 24 44
5123 ORDER 5124 97 68 3 13 0
5124 ORDER 5125 115 23 1 39 0
5125 UNBLOCK 105 83
5125 ORDER 5126 17 23 73 87 0
5126 UNBLOCK 9 9
5126 ORDER 5127 51 68 118 88 1
5126 BLOCK 93 24
5127 ORDER 5128 114 74 2 61 1
5127 BLOCK 16 24
5128 UNBLOCK 93 23
5128 ORDER 5129 109 14 1 78 0
5129 ORDER 5130 37 62 3 54 0
5129 BLOCK 75 63
5130 UNBLOCK 114 74
5130 ORDER 5131 90 86 11 88 0
5131 UNBLOCK 58 21
5131 ORDER 5132 6 62 2 66 0
5131 BLOCK 40 24
5132 ORDER 5133 31 57 23 88 0
5132 BLOCK 110 68
5133 ORDER 5134 8 42 3 38 0
5133 BLOCK 20 21
5134 UNBLOCK 98 44
5134 ORDER 5135 100 62 14 88 0
5135 ORDER 5136 30 74 2 32 0
5135 BLOCK 99 69
5136 ORDER 5137 102 29 66 88 0
5137 ORDER 5138 62 29 87 88 0
5137 BLOCK 80 81
5138 ORDER 5139 62 80 90 87 1
5139 UNBLOCK 47 84
5139 UNBLOCK 75 63
5139 ORDER 5140 106 54 20 87 0
5139 BLOCK 93 66
5140 UNBLOCK 23 83
5140 ORDER 5141 31 6 1 44 0
5140 BLOCK 85 67
5141 ORDER 5142 111 35 1 12 1
5141 BLOCK 64 33
5142 UNBLOCK 44 63
5142 UNBLOCK 99 69
5142 ORDER 5143 70 18 46 88 0
5143 UNBLOCK 20 21
5143 ORDER 5144 61 18 5 87 0
5143 BLOCK 98 17
5144 ORDER 5145 8 72 1 72 0
5144 BLOCK 64 83
5145 ORDER 5146 55 6 2 5 0
5146 UNBLOCK 80 81
5146 ORDER 5147 62 66 53 87 2
5146 BLOCK 28 74
5147 UNBLOCK 101 87
5147 ORDER 5148 56 83 33 88 0
5148 ORDER 5149 69 68 115 88 0
5149 UNBLOCK 107 61
5149 ORDER 5150 104 14 10 87 0
5149 BLOCK 58 78
5150 ORDER 5151 77 27 2 87 1
5151 UNBLOCK 58 63
5151 ORDER 5152 68 51 5 87 0
5151 BLOCK 24 36
5152 ORDER 5153 105 69 19 87 0
5152 BLOCK 109 75
5153 ORDER 5154 41 23 108 88 0
5153 BLOCK 30 36
5154 ORDER 5155 110 41 1 63 0
5154 BLOCK 34 62
5155 UNBLOCK 85 67
5155 ORDER 5156 49 20 2 61 1
5155 BLOCK 18 30
5156 ORDER 5157 39 15 3 47 1
5156 BLOCK 36 65
5157 UNBLOCK 16 24
5157 UNBLOCK 28 74
5157 ORDER 5158 106 17 3 29 0
5158 UNBLOCK 64 83
5158 ORDER 5159 96 57 69 87 1
5159 ORDER 5160 94 42 93 87 0
5160 ORDER 5161 81 8 3 88 0
5161 UNBLOCK 93 66
5161 ORDER 5162 71 72 3 26 1
5161 BLOCK 47 38
5162 UNBLOCK 90 35
5162 ORDER 5163 99 63 34 88 2
5162 BLOCK 96 23
5163 ORDER 5164 61 50 2 58 1
5164 UNBLOCK 40 24
5164 ORDER 5165 87 66 71 88 0
5164 BLOCK 112 69
5165 ORDER 5166 110 29 3 52 0
5165 BLOCK 9 50
5166 UNBLOCK 15 13
5166 UNBLOCK 64 33
5166 UNBLOCK 24 36
5166 ORDER 5167 55 36 3 28 0
5167 CANCEL 5132
5167 ORDER 5168 43 69 2 26 3
5168 ORDER 5169 83 48 88 87 0
5168 BLOCK 34 80
5169 UNBLOCK 101 30
5169 ORDER 5170 87 68 1 22 1
5169 BLOCK 51 65
5170 ORDER 5171 106 74 3 23 0
5171 ORDER 5172 38 63 1 64 0
5171 BLOCK 54 84
5172 UNBLOCK 34 62
5172 ORDER 5173 18 65 51 87 0
5173 ORDER 5174 30 42 1 77 2
5174 UNBLOCK 96 23
5174 ORDER 5175 14 63 2 1 1
5174 BLOCK 111 45
5175 UNBLOCK 24 44
5175 UNBLOCK 36 65
5175 ORDER 5176 21 12 2 14 2
5176 UNBLOCK 81 21
5176 UNBLOCK 57 2
5176 UNBLOCK 18 30
5176 ORDER 5177 104 62 2 16 0
5177 ORDER 5178 66 41 38 87 0
5178 ORDER 5179 111 6 2 48 1
5179 UNBLOCK 93 24
5179 UNBLOCK 110 68
5179 ORDER 5180 68 27 1 37 0
5179 BLOCK 87 8
5180 CANCEL 5139
5180 ORDER 5181 78 86 80 88 0
5180 BLOCK 32 87
5181 ORDER 5182 78 17 2 5 0
5181 BLOCK 93 50
5182 CANCEL 5082
5182 ORDER 5183 76 80 66 88 1
5183 UNBLOCK 30 36
5183 ORDER 5184 44 86 1 13 1
5183 BLOCK 51 64
5184 ORDER 5185 13 80 3 38 0
5185 ORDER 5186 43 9 2 78 0
5185 BLOCK 34 65
5186 ORDER 5187 44 6 3 3 0
5186 BLOCK 31 3
5187 ORDER 5188 59 14 65 88 0
5187 BLOCK 92 59
5188 ORDER 5189 48 20 56 87 2
5188 BLOCK 67 3
5189 ORDER 5190 65 41 3 14 1
5189 BLOCK 81 23
5190 ORDER 5191 21 27 1 78 1
5190 BLOCK 51 60
5191 ORDER 5192 95 84 14 88 0
5192 ORDER 5193 54 84 16 87 0
5192 BLOCK 40 20
5193 UNBLOCK 32 87
5193 ORDER 5194 106 32 1 88 1
5193 BLOCK 98 59
5194 UNBLOCK 98 17
5194 ORDER 5195 37 54 1 75 0
5195 UNBLOCK 93 50
5195 ORDER 5196 84 77 2 62 3
5195 BLOCK 25 84
5196 ORDER 5197 24 11 3 25 0
5196 BLOCK 115 39
5197 ORDER 5198 67 53 2 72 1
5198 UNBLOCK 109 75
5198 ORDER 5199 72 47 1 63 1
5198 BLOCK 110 39
5199 ORDER 5200 21 74 3 50 0
5199 BLOCK 34 77
5200 ORDER 5201 7 14 1 72 0
5200 BLOCK 101 54
5201 ORDER 5202 73 60 1 35 0
5202 CANCEL 5120
5202 ORDER 5203 15 63 1 79 2
5202 BLOCK 66 12
5203 ORDER 5204 7 48 2 50 0
5203 BLOCK 61 47
5204 UNBLOCK 34 80
5204 ORDER 5205 25 84 32 87 0
5204 BLOCK 27 48
5205 UNBLOCK 58 78
5205 UNBLOCK 111 45
5205 UNBLOCK 110 39
5205 ORDER 5206 80 38 2 5 1
5206 UNBLOCK 81 23
5206 ORDER 5207 110 81 3 35 3
5206 BLOCK 87 17
5207 UNBLOCK 51 64
5207 ORDER 5208 17 81 22 87 0
5207 BLOCK 96 30
5208 UNBLOCK 47 38
5208 UNBLOCK 112 69
5208 ORDER 5209 12 38 73 87 1
5208 BLOCK 19 33
5209 ORDER 5210 73 50 2 42 0
5209 BLOCK 11 65
5210 ORDER 5211 35 15 107 88 0
5211 UNBLOCK 92 59
5211 ORDER 5212 31 35 2 18 1
5212 UNBLOCK 87 8
5212 ORDER 5213 18 54 1 29 1
5213 ORDER 5214 92 35 112 87 1
5213 BLOCK 97 83
5214 UNBLOCK 9 50
5214 ORDER 5215 30 41 3 70 0
5215 ORDER 5216 85 24 94 87 0
5215 BLOCK 11 35
5216 ORDER 5217 19 80 34 88 0
5216 BLOCK 46 81
5217 ORDER 5218 86 71 3 50 0
5218 UNBLOCK 31 3
5218 UNBLOCK 101 54
5218 ORDER 5219 102 51 2 30 0
5219 ORDER 5220 79 30 1 21 0
5220 UNBLOCK 54 84
5220 ORDER 5221 62 29 2 88 0
5220 BLOCK 23 49
5221 ORDER 5222 30 84 3 62 0
5222 ORDER 5223 86 45 1 28 0
5223 UNBLOCK 34 77
5223 UNBLOCK 27 48
5223 ORDER 5224 21 41 102 87 0
5223 BLOCK 14 7
5224 ORDER 5225 72 62 44 87 0
5225 UNBLOCK 97 83
5225 ORDER 5226 72 83 1 17 2
5226 UNBLOCK 51 65
5226 UNBLOCK 23 49
5226 ORDER 5227 33 45 1 18 0
5226 BLOCK 34 15
5227 ORDER 5228 15 84 19 88 1
5227 BLOCK 43 77
5228 CANCEL 5201
5228 ORDER 5229 96 68 3 36 0
5229 ORDER 5230 27 26 81 87 0
5229 BLOCK 9 54
5230 ORDER 5231 69 35 1 49 1
5230 BLOCK 37 68
5231 UNBLOCK 61 47
5231 ORDER 5232 26 17 2 39 2
5232 UNBLOCK 40 20
5232 ORDER 5233 107 83 70 88 1
5232 BLOCK 111 14
5233 UNBLOCK 34 65
5233 ORDER 5234 45 83 63 88 0
5233 BLOCK 68 21
5234 UNBLOCK 51 60
5234 UNBLOCK 25 84
5234 ORDER 5235 26 23 2 30 0
5234 BLOCK 100 11
5235 ORDER 5236 10 6 76 87 2
5235 BLOCK 37 12
5236 ORDER 5237 45 26 1 57 0
5237 ORDER 5238 57 21 100 88 2
5238 UNBLOCK 111 14
5238 ORDER 5239 7 75 4 88 0
5238 BLOCK 67 4
5239 ORDER 5240 93 27 3 68 1
5240 UNBLOCK 115 39
5240 ORDER 5241 101 53 60 88 0
5241 ORDER 5242 46 50 3 24 0
5241 BLOCK 31 18
5242 UNBLOCK 98 59
5242 ORDER 5243 95 56 116 87 1
5242 BLOCK 55 63
5243 ORDER 5244 29 42 2 40 2
5243 BLOCK 8 84
5244 UNBLOCK 67 3
5244 ORDER 5245 109 53 92 87 1
5245 UNBLOCK 87 17
5245 ORDER 5246 8 21 62 87 0
5246 ORDER 5247 29 6 22 88 1
5247 UNBLOCK 67 4
5247 ORDER 5248 103 75 39 88 0
5248 ORDER 5249 79 48 5 88 0
5249 ORDER 5250 17 27 110 88 0
5249 BLOCK 60 76
5250 ORDER 5251 64 48 1 62 0
5250 BLOCK 46 32
5251 UNBLOCK 46 81
5251 ORDER 5252 89 29 3 62 0
5251 BLOCK 82 46
5252 UNBLOCK 34 15
5252 ORDER 5253 77 68 2 6 2
5252 BLOCK 101 54
5253 ORDER 5254 54 65 3 67 0
5253 BLOCK 88 59
5254 UNBLOCK 43 77
5254 UNBLOCK 37 68
5254 ORDER 5255 56 82 49 88 0
5254 BLOCK 51 47
5255 UNBLOCK 66 12
5255 ORDER 5256 97 24 33 87 1
5256 UNBLOCK 60 76
5256 ORDER 5257 91 63 2 49 0
5257 ORDER 5258 92 84 6 88 0
5258 ORDER 5259 99 39 97 88 3
5259 ORDER 5260 76 54 1 66 0
5260 UNBLOCK 11 65
5260 ORDER 5261 114 18 3 71 1
5260 BLOCK 77 68
5261 CANCEL 5112
5261 ORDER 5262 70 60 10 88 0
5262 UNBLOCK 100 11
5262 ORDER 5263 16 80 40 88 0
5263 ORDER 5264 30 29 2 14 0
5264 UNBLOCK 55 63
5264 ORDER 5265 91 26 46 88 0
5265 UNBLOCK 96 30
5265 UNBLOCK 19 33
5265 ORDER 5266 98 50 48 88 0
5266 UNBLOCK 46 32
5266 UNBLOCK 51 47
5266 ORDER 5267 49 23 14 88 2
5266 BLOCK 34 68
5267 ORDER 5268 48 27 81 88 0
5267 BLOCK 47 87
5268 ORDER 5269 78 53 2 66 1
5269 ORDER 5270 50 29 2 32 1
5270 ORDER 5271 7 69 3 10 1
5271 UNBLOCK 11 35
5271 ORDER 5272 39 48 83 88 1
5271 BLOCK 23 88
5272 ORDER 5273 9 17 21 87 0
5273 ORDER 5274 103 53 16 87 1
5274 ORDER 5275 13 83 2 42 1
5274 BLOCK 19 17
5275 ORDER 5276 62 57 38 88 3
5276 UNBLOCK 14 7
5276 UNBLOCK 31 18
5276 ORDER 5277 39 33 64 88 3
5277 ORDER 5278 112 86 2 11 0
5277 BLOCK 36 57
5278 UNBLOCK 88 59
5278 CANCEL 5258
5278 ORDER 5279 14 62 2 9 0
5278 BLOCK 78 17
5279 UNBLOCK 68 21
5279 ORDER 5280 96 77 116 88 0
5280 ORDER 5281 80 32 75 88 1
5280 BLOCK 24 6
5281 ORDER 5282 49 63 4 87 0
5282 CANCEL 5125
5282 UNBLOCK 82 46
5282 ORDER 5283 95 62 72 88 0
5282 BLOCK 59 38
5283 ORDER 5284 85 51 1 38 0
5284 ORDER 5285 71 51 1 8 0
5285 ORDER 5286 101 44 2 73 0
5286 ORDER 5287 112 65 2 53 0
5287 ORDER 5288 62 62 28 88 0
5287 BLOCK 46 84
5288 ORDER 5289 40 56 2 59 2
5289 UNBLOCK 9 54
5289 ORDER 5290 68 38 1 61 0
5290 UNBLOCK 34 68
5290 ORDER 5291 29 36 6 87 1
5290 BLOCK 106 84
5291 UNBLOCK 8 84
5291 ORDER 5292 13 60 73 87 1
5291 BLOCK 16 27
5292 ORDER 5293 103 42 28 87 0
5292 BLOCK 42 42
5293 ORDER 5294 10 29 2 51 0
5293 BLOCK 96 50
5294 ORDER 5295 40 53 91 87 0
5295 UNBLOCK 37 12
5295 UNBLOCK 46 84
5295 ORDER 5296 58 7 2 66 0
5295 BLOCK 62 36
5296 ORDER 5297 88 18 112 88 1
5296 BLOCK 52 78
5297 UNBLOCK 42 42
5297 ORDER 5298 48 66 61 88 0
5298 ORDER 5299 28 6 7 88 1
5299 ORDER 5300 23 32 10 88 1
5300 ORDER 5301 12 6 99 87 1
5301 UNBLOCK 101 54
5301 ORDER 5302 26 26 1 26 0
5301 BLOCK 97 77
5302 ORDER 5303 46 26 27 88 0
5303 ORDER 5304 22 20 1 50 1
5303 BLOCK 79 6
5304 ORDER 5305 63 69 2 72 1
5304 BLOCK 25 17
5305 ORDER 5306 81 57 53 88 0
5305 BLOCK 37 86
5306 UNBLOCK 24 6
5306 ORDER 5307 12 23 97 87 0
5306 BLOCK 13 31
5307 UNBLOCK 16 27
5307 ORDER 5308 82 54 1 66 2
5307 BLOCK 8 14
5308 ORDER 5309 58 36 77 88 0
5308 BLOCK 64 20
5309 ORDER 5310 39 83 93 87 0
5310 ORDER 5311 84 84 71 87 0
5310 BLOCK 51 42
5311 ORDER 5312 63 39 100 88 2
5312 ORDER 5313 98 12 1 29 0
5313 ORDER 5314 18 32 1 69 0
5313 BLOCK 59 44
5314 ORDER 5315 104 17 82 88 2
5314 BLOCK 82 65
5315 ORDER 5316 86 20 111 87 1
5316 UNBLOCK 96 50
5316 ORDER 5317 29 35 15 88 0
5316 BLOCK 31 2
5317 UNBLOCK 62 36
5317 ORDER 5318 92 32 58 87 0
5318 ORDER 5319 90 62 11 87 0
5318 BLOCK 67 41
5319 UNBLOCK 78 17
5319 ORDER 5320 80 69 114 88 0
5319 BLOCK 102 18
5320 UNBLOCK 77 68
5320 ORDER 5321 94 60 45 87 0
5321 ORDER 5322 86 68 100 87 2
5321 BLOCK 56 54
5322 UNBLOCK 23 88
5322 ORDER 5323 79 66 69 87 0
5322 BLOCK 33 65
5323 UNBLOCK 47 87
5323 UNBLOCK 106 84
5323 UNBLOCK 59 44
5323 ORDER 5324 7 53 64 87 0
5323 BLOCK 115 84
5324 UNBLOCK 64 20
5324 ORDER 5325 78 77 115 87 0
5324 BLOCK 37 3
5325 ORDER 5326 20 75 3 56 0
5325 BLOCK 9 23
5326 ORDER 5327 84 6 2 62 0
5327 ORDER 5328 35 24 71 87 0
5327 BLOCK 39 47
5328 ORDER 5329 12 20 2 44 0
5328 BLOCK 90 88
5329 ORDER 5330 12 62 3 48 0
5329 BLOCK 16 6
5330 ORDER 5331 88 21 53 87 0
5330 BLOCK 92 21
5331 ORDER 5332 67 59 3 75 1
5331 BLOCK 26 72
5332 UNBLOCK 19 17
5332 ORDER 5333 114 21 59 87 0
5332 BLOCK 101 74
5333 ORDER 5334 102 63 3 10 2
5334 ORDER 5335 29 6 27 87 2
5334 BLOCK 62 69
5335 ORDER 5336 83 8 113 88 0
5335 BLOCK 51 5
5336 UNBLOCK 79 6
5336 ORDER 5337 38 9 1 31 0
5337 UNBLOCK 36 57
5337 UNBLOCK 8 14
5337 ORDER 5338 26 66 100 87 0
5338 ORDER 5339 72 84 2 77 2
5339 ORDER 5340 77 56 101 88 1
5339 BLOCK 63 41
5340 ORDER 5341 99 54 1 80 3
5340 BLOCK 79 86
5341 UNBLOCK 59 38
5341 UNBLOCK 33 65
5341 ORDER 5342 10 72 3 49 0
5341 BLOCK 113 66
5342 ORDER 5343 108 69 1 49 0
5343 UNBLOCK 37 3
5343 ORDER 5344 33 47 2 74 0
5343 BLOCK 55 74
5344 ORDER 5345 36 71 71 88 0
5345 UNBLOCK 52 78
5345 UNBLOCK 25 17
5345 ORDER 5346 115 17 2 46 3
5346 ORDER 5347 32 32 1 16 0
5347 UNBLOCK 101 74
5347 ORDER 5348 86 9 46 87 0
5347 BLOCK 96 84
5348 ORDER 5349 92 3 109 87 2
5348 BLOCK 24 9
5349 UNBLOCK 51 5
5349 UNBLOCK 55 74
5349 ORDER 5350 59 78 1 27 1
5349 BLOCK 84 33
5350 UNBLOCK 37 86
5350 ORDER 5351 83 20 2 80 0
5351 ORDER 5352 41 81 49 88 1
5351 BLOCK 5 77
5352 UNBLOCK 39 47
5352 ORDER 5353 83 3 1 44 0
5352 BLOCK 34 88
5353 UNBLOCK 92 21
5353 ORDER 5354 75 3 3 76 0
5354 UNBLOCK 97 77
5354 ORDER 5355 38 74 2 4 0
5355 UNBLOCK 13 31
5355 ORDER 5356 76 29 14 87 2
5355 BLOCK 109 42
5356 ORDER 5357 47 5 1 43 1
5356 BLOCK 94 78
5357 UNBLOCK 90 88
5357 ORDER 5358 112 17 2 83 0
5357 BLOCK 111 2
5358 UNBLOCK 82 65
5358 UNBLOCK 31 2
5358 UNBLOCK 5 77
5358 ORDER 5359 106 41 22 88 2
5358 BLOCK 38 9
5359 ORDER 5360 105 60 3 7 1
5359 BLOCK 115 2
5360 UNBLOCK 102 18
5360 ORDER 5361 47 24 2 84 0
5360 BLOCK 70 38
5361 ORDER 5362 82 24 46 88 0
5362 ORDER 5363 29 35 3 26 0
5363 UNBLOCK 9 23
5363 UNBLOCK 79 86
5363 ORDER 5364 52 74 60 88 0
5363 BLOCK 50 41
5364 ORDER 5365 83 77 6 88 1
5365 UNBLOCK 51 42
5365 ORDER 5366 52 63 1 8 2
5366 CANCEL 5326
5366 ORDER 5367 54 83 82 88 0
5366 BLOCK 83 10
5367 UNBLOCK 113 66
5367 ORDER 5368 73 26 2 12 0
5368 ORDER 5369 58 83 1 28 3
5369 ORDER 5370 95 54 77 88 0
5370 UNBLOCK 16 6
5370 ORDER 5371 107 11 1 77 0
5370 BLOCK 98 12
5371 CANCEL 5329
5371 ORDER 5372 61 48 100 88 1
5372 ORDER 5373 29 42 36 88 0
5372 BLOCK 84 59
5373 ORDER 5374 96 68 82 88 0
5374 UNBLOCK 56 54
5374 ORDER 5375 100 65 38 88 0
5374 BLOCK 40 20
5375 UNBLOCK 67 41
5375 UNBLOCK 115 84
5375 ORDER 5376 70 32 3 60 0
5375 BLOCK 82 63
5376 ORDER 5377 7 77 3 83 0
5377 ORDER 5378 6 11 110 87 1
5377 BLOCK 21 35
5378 UNBLOCK 111 2
5378 UNBLOCK 115 2
5378 ORDER 5379 87 14 2 72 2
5378 BLOCK 55 26
5379 ORDER 5380 20 65 2 39 1
5379 BLOCK 47 65
5380 ORDER 5381 99 57 104 87 2
5380 BLOCK 43 23
5381 UNBLOCK 38 9
5381 ORDER 5382 107 84 113 88 1
5382 UNBLOCK 62 69
5382 UNBLOCK 96 84
5382 UNBLOCK 84 33
5382 UNBLOCK 40 20
5382 ORDER 5383 83 20 43 88 0
5383 UNBLOCK 63 41
5383 ORDER 5384 15 47 2 88 0
5383 BLOCK 73 84
5384 ORDER 5385 30 41 2 62 2
5385 UNBLOCK 82 63
5385 UNBLOCK 47 65
5385 ORDER 5386 18 86 12 87 0
5385 BLOCK 49 77
5386 ORDER 5387 12 78 2 54 1
5386 BLOCK 115 23
5387 ORDER 5388 41 8 3 83 0
5388 ORDER 5389 32 78 2 57 2
5389 UNBLOCK 26 72
5389 ORDER 5390 16 69 1 58 0
5390 UNBLOCK 50 41
5390 ORDER 5391 22 35 115 88 0
5390 BLOCK 87 84
5391 ORDER 5392 17 77 1 84 2
5392 ORDER 5393 110 72 44 87 1
5393 UNBLOCK 24 9
5393 UNBLOCK 98 12
5393 ORDER 5394 9 59 3 43 0
5394 UNBLOCK 49 77
5394 ORDER 5395 60 71 63 88 0
5394 BLOCK 62 60
5395 ORDER 5396 30 18 46 87 0
5395 BLOCK 64 12
5396 ORDER 5397 48 63 1 27 1
5396 BLOCK 79 5
5397 ORDER 5398 13 11 3 9 0
5398 ORDER 5399 102 84 1 29 1
5398 BLOCK 26 54
5399 ORDER 5400 47 6 118 87 0
5400 ORDER 5401 91 63 2 44 0
5400 BLOCK 16 61
5401 UNBLOCK 84 59
5401 ORDER 5402 37 26 3 66 0
5401 BLOCK 103 8
5402 ORDER 5403 69 45 99 87 2
5403 CANCEL 5312
5403 ORDER 5404 102 78 2 38 2
5404 ORDER 5405 8 83 111 87 0
5405 ORDER 5406 44 29 2 75 0
5405 BLOCK 55 57
5406 ORDER 5407 34 41 1 26 0
5406 BLOCK 17 45
5407 UNBLOCK 34 88
5407 ORDER 5408 10 6 98 88 0
5408 ORDER 5409 94 86 1 82 1
5409 UNBLOCK 55 26
5409 ORDER 5410 6 12 2 15 0
5409 BLOCK 78 50
5410 UNBLOCK 83 10
5410 ORDER 5411 86 23 108 88 1
5411 UNBLOCK 62 60
5411 ORDER 5412 19 21 1 75 0
5411 BLOCK 89 53
5412 UNBLOCK 70 38
5412 ORDER 5413 74 27 1 36 3
5413 UNBLOCK 87 84
5413 ORDER 5414 39 42 3 83 2
5413 BLOCK 31 85
5414 UNBLOCK 109 42
5414 UNBLOCK 79 5
5414 ORDER 5415 74 86 14 87 2
5415 ORDER 5416 74 72 3 59 1
5415 BLOCK 49 12
5416 UNBLOCK 94 78
5416 ORDER 5417 101 59 85 87 1
5416 BLOCK 60 21
5417 ORDER 5418 31 24 3 21 0
5418 UNBLOCK 73 84
5418 ORDER 5419 51 23 83 88 0
5418 BLOCK 68 56
5419 ORDER 5420 16 72 110 88 1
5419 BLOCK 37 88
5420 UNBLOCK 49 12
5420 ORDER 5421 88 84 42 88 0
5421 UNBLOCK 43 23
5421 ORDER 5422 115 14 3 2 0
5422 ORDER 5423 24 33 3 36 1
5423 UNBLOCK 21 35
5423 ORDER 5424 31 26 42 87 0
5424 CANCEL 5236
5424 ORDER 5425 36 80 1 44 0
5425 UNBLOCK 103 8
5425 ORDER 5426 58 63 100 87 2
5426 UNBLOCK 64 12
5426 ORDER 5427 92 72 79 87 0
5427 ORDER 5428 110 12 28 88 0
5427 BLOCK 90 23
5428 ORDER 5429 82 84 3 11 0
5428 BLOCK 13 54
5429 ORDER 5430 107 32 20 87 0
5430 ORDER 5431 39 24 1 79 0
5430 BLOCK 91 24
5431 ORDER 5432 7 78 1 66 1
5432 ORDER 5433 45 24 3 10 0
5433 ORDER 5434 84 6 77 88 1
5433 BLOCK 101 14
5434 UNBLOCK 115 23
5434 ORDER 5435 82 54 72 88 0
5434 BLOCK 105 3
5435 ORDER 5436 39 5 2 9 0
5435 BLOCK 16 65
5436 ORDER 5437 85 32 27 87 0
5436 BLOCK 95 18
5437 ORDER 5438 15 17 31 87 0
5438 UNBLOCK 101 14
5438 ORDER 5439 39 8 44 87 0
5438 BLOCK 62 59
5439 ORDER 5440 45 26 2 84 3
5439 BLOCK 114 81
5440 ORDER 5441 38 54 1 69 0
5441 UNBLOCK 26 54
5441 ORDER 5442 84 30 2 39 0
5442 ORDER 5443 19 42 1 53 0
5443 CANCEL 5359
5443 ORDER 5444 27 5 2 39 0
5444 ORDER 5445 7 56 40 88 0
5445 ORDER 5446 12 35 2 47 0
5445 BLOCK 32 9
5446 ORDER 5447 101 65 1 71 0
5447 UNBLOCK 31 85
5447 UNBLOCK 114 81
5447 ORDER 5448 90 24 71 88 0
5448 UNBLOCK 55 57
5448 ORDER 5449 53 35 85 87 1
5448 BLOCK 108 14
5449 UNBLOCK 78 50
5449 ORDER 5450 103 41 38 88 1
5450 ORDER 5451 103 23 1 22 0
5451 UNBLOCK 60 21
5451 ORDER 5452 64 36 98 87 1
5451 BLOCK 94 27
5452 ORDER 5453 52 30 13 88 1
5453 ORDER 5454 86 51 89 87 1
5454 UNBLOCK 13 54
5454 UNBLOCK 32 9
5454 ORDER 5455 28 74 22 87 0
5455 ORDER 5456 81 48 115 88 1
5456 ORDER 5457 11 62 14 87 2
5457 CANCEL 5322
5457 ORDER 5458 111 9 103 88 1
5457 BLOCK 48 71
5458 UNBLOCK 37 88
5458 ORDER 5459 72 33 2 25 0
5458 BLOCK 40 46
5459 UNBLOCK 16 61
5459 ORDER 5460 112 65 38 88 0
5460 UNBLOCK 17 45
5460 ORDER 5461 6 47 64 87 0
5460 BLOCK 106 15
5461 CANCEL 5344
5461 CANCEL 5416
5461 UNBLOCK 68 56
5461 ORDER 5462 26 54 71 88 0
5462 UNBLOCK 16 65
5462 ORDER 5463 31 72 3 20 0
5463 ORDER 5464 12 54 2 43 1
5463 BLOCK 16 2
5464 ORDER 5465 91 33 39 87 0
5464 BLOCK 104 51
5465 ORDER 5466 60 84 96 88 1
5465 BLOCK 80 44
5466 UNBLOCK 108 14
5466 ORDER 5467 83 24 2 42 0
5467 ORDER 5468 40 78 2 74 0
5468 ORDER 5469 115 38 3 73 0
5468 BLOCK 14 20
5469 UNBLOCK 89 53
5469 CANCEL 5429
5469 ORDER 5470 39 9 3 23 0
5469 BLOCK 11 62
5470 CANCEL 5384
5470 ORDER 5471 18 11 96 87 0
5471 ORDER 5472 43 30 65 88 1
5471 BLOCK 110 24
5472 ORDER 5473 104 47 3 11 2
5472 BLOCK 58 78
5473 ORDER 5474 88 11 3 31 0
5474 UNBLOCK 94 27
5474 UNBLOCK 40 46
5474 ORDER 5475 22 17 1 80 1
5475 UNBLOCK 91 24
5475 ORDER 5476 83 17 1 63 0
5475 BLOCK 96 88
5476 ORDER 5477 43 48 3 4 2
5476 BLOCK 54 81
5477 ORDER 5478 44 68 48 87 0
5477 BLOCK 46 78
5478 ORDER 5479 65 36 6 88 0
5479 UNBLOCK 58 78
5479 ORDER 5480 105 66 16 87 0
5479 BLOCK 90 9
5480 ORDER 5481 59 44 2 68 0
5480 BLOCK 20 69
5481 UNBLOCK 90 23
5481 ORDER 5482 76 8 13 87 0
5481 BLOCK 101 6
5482 ORDER 5483 97 8 3 13 1
5483 ORDER 5484 38 86 3 53 1
5483 BLOCK 21 5
5484 UNBLOCK 106 15
5484 ORDER 5485 91 86 3 63 1
5485 UNBLOCK 96 88
5485 ORDER 5486 68 80 34 88 1
5485 BLOCK 103 23
5486 ORDER 5487 18 36 36 87 1
5487 UNBLOCK 105 3
5487 ORDER 5488 25 49 2 45 0
5487 BLOCK 16 23
5488 UNBLOCK 62 59
5488 UNBLOCK 21 5
5488 ORDER 5489 103 86 96 87 0
5489 CANCEL 5361
5489 ORDER 5490 99 62 25 88 3
5489 BLOCK 23 72
5490 ORDER 5491 67 59 2 39 0
5491 UNBLOCK 54 81
5491 ORDER 5492 7 60 54 88 0
5492 UNBLOCK 16 23
5492 ORDER 5493 115 84 2 52 1
5493 ORDER 5494 89 27 2 47 0
5493 BLOCK 67 62
5494 ORDER 5495 72 48 2 83 0
5494 BLOCK 112 19
5495 UNBLOCK 95 18
5495 ORDER 5496 80 83 3 5 2
5496 ORDER 5497 80 69 2 25 0
5496 BLOCK 11 86
5497 UNBLOCK 80 44
5497 UNBLOCK 20 69
5497 ORDER 5498 9 39 82 87 0
5498 ORDER 5499 55 27 90 88 0
5498 BLOCK 9 5
5499 ORDER 5500 96 72 105 88 0
5500 ORDER 5501 38 47 45 88 2
5501 ORDER 5502 70 23 77 88 1
5502 ORDER 5503 18 41 1 7 1
5503 UNBLOCK 48 71
5503 ORDER 5504 50 21 1 50 0
5504 ORDER 5505 47 57 1 18 0
5504 BLOCK 98 43
5505 UNBLOCK 101 6
5505 ORDER 5506 15 69 7 88 1
5505 BLOCK 93 6
5506 ORDER 5507 59 23 8 88 0
5506 BLOCK 27 38
5507 UNBLOCK 16 2
5507 ORDER 5508 86 68 98 87 0
5508 UNBLOCK 104 51
5508 ORDER 5509 107 21 79 87 2
5509 UNBLOCK 11 62
5509 ORDER 5510 74 29 2 20 1
5509 BLOCK 56 53
5510 ORDER 5511 53 5 35 87 2
5510 BLOCK 50 61
5511 ORDER 5512 57 12 1 25 1
5511 BLOCK 25 5
5512 ORDER 5513 109 57 3 39 2
5513 ORDER 5514 36 60 3 27 0
5513 BLOCK 48 66
5514 ORDER 5515 65 42 1 14 2
5514 BLOCK 21 78
5515 ORDER 5516 91 54 2 77 0
5516 ORDER 5517 8 63 2 28 1
5516 BLOCK 98 29
5517 UNBLOCK 14 20
5517 UNBLOCK 67 62
5517 ORDER 5518 48 65 1 46 0
5517 BLOCK 35 63
5518 ORDER 5519 77 17 2 12 0
5518 BLOCK 59 6
5519 ORDER 5520 21 63 89 87 0
5520 ORDER 5521 13 57 92 88 0
5520 BLOCK 64 6
5521 ORDER 5522 40 72 62 87 3
5522 ORDER 5523 34 15 1 32 1
5523 UNBLOCK 93 6
5523 UNBLOCK 21 78
5523 CANCEL 5517
5523 ORDER 5524 101 9 59 88 1
5524 UNBLOCK 90 9
5524 ORDER 5525 47 48 74 88 1
5524 BLOCK 26 63
5525 ORDER 5526 88 84 1 12 0
5525 BLOCK 55 36
5526 UNBLOCK 23 72
5526 ORDER 5527 50 59 3 19 0
5526 BLOCK 69 61
5527 ORDER 5528 81 80 35 88 2
5528 UNBLOCK 46 78
5528 ORDER 5529 86 24 60 88 0
5529 UNBLOCK 110 24
5529 UNBLOCK 50 61
5529 ORDER 5530 9 72 31 87 0
5529 BLOCK 62 74
5530 UNBLOCK 103 23
5530 ORDER 5531 11 45 116 87 0
5530 BLOCK 6 14
5531 CANCEL 5522
5531 ORDER 5532 41 8 43 88 0
5531 BLOCK 75 65
5532 UNBLOCK 11 86
5532 ORDER 5533 79 75 98 87 0
5533 ORDER 5534 47 78 2 49 0
5533 BLOCK 99 12
5534 ORDER 5535 93 60 3 26 0
5535 UNBLOCK 112 19
5535 UNBLOCK 9 5
5535 UNBLOCK 27 38
5535 ORDER 5536 94 27 41 88 0
5536 CANCEL 5460
5536 ORDER 5537 113 9 106 88 0
5537 ORDER 5538 14 57 1 76 0
5538 ORDER 5539 51 45 63 87 0
5539 UNBLOCK 98 29
5539 ORDER 5540 25 39 8 87 3
5540 ORDER 5541 54 38 2 18 2
5541 ORDER 5542 63 30 3 61 2
5541 BLOCK 14 41
5542 ORDER 5543 81 3 1 66 2
5543 UNBLOCK 98 43
5543 ORDER 5544 89 45 105 87 0
5543 BLOCK 31 49
5544 UNBLOCK 25 5
5544 UNBLOCK 35 63
5544 ORDER 5545 87 57 3 66 0
5544 BLOCK 85 51
5545 UNBLOCK 64 6
5545 ORDER 5546 25 86 2 88 3
5546 ORDER 5547 108 32 73 87 1
5547 ORDER 5548 71 81 3 65 0
5548 ORDER 5549 90 54 36 87 0
5549 ORDER 5550 45 36 12 88 0
5549 BLOCK 11 44
5550 ORDER 5551 45 44 3 84 1
5551 ORDER 5552 41 38 1 7 0
5552 UNBLOCK 56 53
5552 UNBLOCK 6 14
5552 ORDER 5553 107 68 4 88 1
5553 ORDER 5554 100 12 2 19 0
5554 CANCEL 5543
5554 ORDER 5555 14 57 1 58 2
5554 BLOCK 43 3
5555 UNBLOCK 75 65
5555 ORDER 5556 26 38 65 87 0
5555 BLOCK 69 15
5556 ORDER 5557 63 39 3 30 2
5557 CANCEL 5490
5557 ORDER 5558 24 48 57 88 0
5557 BLOCK 72 57
5558 ORDER 5559 13 83 65 87 0
5559 UNBLOCK 48 66
5559 ORDER 5560 85 5 82 88 0
5560 CANCEL 5449
5560 ORDER 5561 8 42 112 87 3
5560 BLOCK 107 43
5561 ORDER 5562 74 86 26 87 0
5562 UNBLOCK 69 61
5562 UNBLOCK 14 41
5562 ORDER 5563 39 29 69 87 0
5562 BLOCK 103 84
5563 ORDER 5564 108 23 53 88 0
5563 BLOCK 91 66
5564 UNBLOCK 72 57
5564 ORDER 5565 97 74 2 45 0
5565 ORDER 5566 11 17 58 87 0
5566 ORDER 5567 40 24 37 87 2
5566 BLOCK 72 22
5567 UNBLOCK 62 74
5567 ORDER 5568 97 66 35 88 1
5567 BLOCK 79 11
5568 ORDER 5569 80 12 77 87 0
5569 UNBLOCK 69 15
5569 ORDER 5570 18 35 40 87 1
5569 BLOCK 38 3
5570 UNBLOCK 55 36
5570 ORDER 5571 63 14 3 69 0
5571 ORDER 5572 43 74 101 88 0
5572 ORDER 5573 32 6 93 88 0
5573 ORDER 5574 110 3 60 88 0
5574 UNBLOCK 26 63
5574 ORDER 5575 41 8 63 88 0
5574 BLOCK 31 8
5575 ORDER 5576 14 23 3 57 0
5575 BLOCK 14 52
5576 ORDER 5577 33 20 2 80 1
5576 BLOCK 29 26
5577 UNBLOCK 59 6
5577 ORDER 5578 12 68 2 64 0
5578 CANCEL 5549
5578 ORDER 5579 83 62 3 9 0
5578 BLOCK 15 9
5579 ORDER 5580 51 47 2 74 0
5580 ORDER 5581 23 69 1 24 2
5580 BLOCK 45 19
5581 UNBLOCK 99 12
5581 ORDER 5582 12 60 3 60 0
5582 ORDER 5583 40 71 101 87 2
5583 UNBLOCK 29 26
5583 ORDER 5584 47 3 83 88 0
5583 BLOCK 25 77
5584 ORDER 5585 9 15 42 87 0
5585 UNBLOCK 91 66
5585 ORDER 5586 25 41 18 87 0
5585 BLOCK 63 39
5586 CANCEL 5465
5586 ORDER 5587 101 56 71 87 2
5586 BLOCK 33 78
5587 ORDER 5588 70 32 2 74 0
5587 BLOCK 58 36
5588 ORDER 5589 24 14 1 25 0
5588 BLOCK 65 70
5589 ORDER 5590 16 47 3 14 0
5589 BLOCK 73 11
5590 ORDER 5591 34 69 30 87 3
5591 ORDER 5592 12 23 76 88 1
5592 UNBLOCK 43 3
5592 ORDER 5593 71 41 2 37 0
5593 UNBLOCK 31 49
5593 UNBLOCK 11 44
5593 UNBLOCK 38 3
5593 ORDER 5594 97 48 2 22 1
5594 ORDER 5595 88 20 2 33 1
5594 BLOCK 85 41
5595 ORDER 5596 93 9 2 21 1
5596 ORDER 5597 34 17 3 27 0
5597 UNBLOCK 85 51
5597 ORDER 5598 34 75 61 87 0
5598 ORDER 5599 71 11 2 64 0
5599 ORDER 5600 99 48 83 88 1
5600 UNBLOCK 73 11
5600 ORDER 5601 93 68 3 56 0
5600 BLOCK 47 80
5601 UNBLOCK 79 11
5601 ORDER 5602 105 68 3 14 0
5601 BLOCK 58 1
5602 ORDER 5603 14 20 1 35 0
5603 ORDER 5604 105 27 15 88 0
5604 ORDER 5605 7 44 1 61 0
5604 BLOCK 71 27
5605 UNBLOCK 58 36
5605 ORDER 5606 115 48 2 74 2
5606 UNBLOCK 103 84
5606 ORDER 5607 40 38 3 5 0
5606 BLOCK 24 59
5607 ORDER 5608 100 80 3 43 1
5607 BLOCK 36 18
5608 ORDER 5609 7 38 93 88 0
5609 UNBLOCK 25 77
5609 ORDER 5610 12 77 114 87 0
5609 BLOCK 90 32
5610 ORDER 5611 81 72 42 88 0
5610 BLOCK 59 71
5611 ORDER 5612 93 65 1 16 0
5611 BLOCK 39 38
5612 ORDER 5613 67 82 1 41 0
5612 BLOCK 93 39
5613 UNBLOCK 85 41
5613 ORDER 5614 78 12 3 38 1
5614 ORDER 5615 61 54 1 25 0
5615 ORDER 5616 98 32 116 88 0
5616 ORDER 5617 44 57 1 36 0
5617 ORDER 5618 76 6 4 87 1
5617 BLOCK 101 78
5618 UNBLOCK 107 43
5618 CANCEL 5586
5618 ORDER 5619 78 17 1 79 0
5618 BLOCK 23 56
5619 ORDER 5620 63 56 2 5 3
5620 UNBLOCK 24 59
5620 ORDER 5621 56 74 2 51 0
5621 ORDER 5622 83 17 3 48 0
5621 BLOCK 72 68
5622 UNBLOCK 31 8
5622 UNBLOCK 59 71
5622 ORDER 5623 90 80 3 73 0
5623 UNBLOCK 15 9
5623 ORDER 5624 18 28 2 83 0
5624 UNBLOCK 72 22
5624 ORDER 5625 72 18 3 61 3
5624 BLOCK 41 2
5625 ORDER 5626 7 14 23 87 0
5626 ORDER 5627 49 29 3 55 0
5626 BLOCK 89 60
5627 ORDER 5628 27 60 3 29 1
5627 BLOCK 66 26
5628 UNBLOCK 33 78
5628 ORDER 5629 73 26 80 88 1
5628 BLOCK 44 65
5629 UNBLOCK 23 56
5629 ORDER 5630 27 81 3 6 1
5630 UNBLOCK 14 52
5630 UNBLOCK 45 19
5630 UNBLOCK 101 78
5630 UNBLOCK 41 2
5630 ORDER 5631 7 60 63 88 1
5631 UNBLOCK 89 60
5631 ORDER 5632 78 21 1 51 0
5631 BLOCK 113 5
5632 ORDER 5633 32 53 1 3 0
5633 ORDER 5634 70 65 1 58 2
5633 BLOCK 35 57
5634 ORDER 5635 69 12 95 87 0
5634 BLOCK 76 35
5635 ORDER 5636 55 72 2 87 0
5635 BLOCK 75 26
5636 UNBLOCK 90 32
5636 ORDER 5637 31 59 3 34 0
5636 BLOCK 8 5
5637 ORDER 5638 7 78 2 75 0
5638 ORDER 5639 73 3 1 10 0
5638 BLOCK 54 77
5639 UNBLOCK 65 70
5639 UNBLOCK 72 68
5639 ORDER 5640 115 32 2 13 0
5639 BLOCK 39 35
5640 ORDER 5641 28 29 96 87 0
5641 ORDER 5642 30 44 1 54 1
5642 ORDER 5643 90 63 109 88 0
5642 BLOCK 38 2
5643 ORDER 5644 50 35 18 87 0
5644 UNBLOCK 63 39
5644 ORDER 5645 62 6 2 17 0
5644 BLOCK 77 8
5645 UNBLOCK 35 57
5645 ORDER 5646 79 23 31 87 0
5645 BLOCK 50 6
5646 ORDER 5647 7 77 2 48 0
5646 BLOCK 45 66
5647 ORDER 5648 97 36 42 88 0
5647 BLOCK 115 17
5648 CANCEL 5633
5648 ORDER 5649 20 83 1 5 0
5648 BLOCK 12 60
5649 ORDER 5650 107 30 82 87 0
5649 BLOCK 90 77
5650 UNBLOCK 36 18
5650 UNBLOCK 39 38
5650 ORDER 5651 109 54 2 82 0
5650 BLOCK 112 45
5651 ORDER 5652 11 17 2 43 2
5651 BLOCK 114 11
5652 ORDER 5653 58 20 61 87 0
5652 BLOCK 58 23
5653 UNBLOCK 58 1
5653 UNBLOCK 71 27
5653 CANCEL 5614
5653 ORDER 5654 76 83 16 88 0
5653 BLOCK 97 38
5654 ORDER 5655 23 51 7 88 0
5655 UNBLOCK 8 5
5655 UNBLOCK 54 77
5655 ORDER 5656 82 3 1 86 1
5656 CANCEL 5594
5656 ORDER 5657 8 12 12 87 0
5657 UNBLOCK 38 2
5657 ORDER 5658 37 71 1 9 1
5658 ORDER 5659 56 86 36 87 1
5658 BLOCK 51 36
5659 ORDER 5660 62 65 2 3 1
5659 BLOCK 22 47
5660 UNBLOCK 47 80
5660 UNBLOCK 58 23
5660 ORDER 5661 50 83 3 38 0
5661 ORDER 5662 34 74 3 40 0
5662 UNBLOCK 76 35
5662 ORDER 5663 96 33 49 88 0
5662 BLOCK 16 77
5663 UNBLOCK 113 5
5663 ORDER 5664 10 81 61 88 1
5663 BLOCK 105 44
5664 CANCEL 5635
5664 ORDER 5665 48 51 3 51 0
5665 CANCEL 5489
5665 CANCEL 5599
5665 UNBLOCK 45 66
5665 ORDER 5666 82 15 2 59 0
5665 BLOCK 106 15
5666 UNBLOCK 66 26
5666 ORDER 5667 83 78 102 87 0
5667 ORDER 5668 92 47 34 88 0
5667 BLOCK 70 24
5668 ORDER 5669 8 41 97 88 1
5669 ORDER 5670 70 44 1 42 1
5669 BLOCK 114 78
5670 ORDER 5671 12 41 19 88 0
5671 ORDER 5672 6 57 77 88 2
5672 UNBLOCK 93 39
5672 ORDER 5673 35 53 86 87 1
5672 BLOCK 92 48
5673 ORDER 5674 53 18 3 42 0
5673 BLOCK 8 51
5674 ORDER 5675 73 6 1 87 0
5674 BLOCK 38 50
5675 ORDER 5676 7 78 3 68 0
5675 BLOCK 18 48
5676 UNBLOCK 97 38
5676 ORDER 5677 6 26 24 87 2
5676 BLOCK 99 39
5677 UNBLOCK 77 8
5677 ORDER 5678 52 20 1 5 0
5678 UNBLOCK 75 26
5678 ORDER 5679 73 24 69 87 0
5678 BLOCK 41 56
5679 UNBLOCK 105 44
5679 ORDER 5680 47 20 1 57 1
5680 UNBLOCK 112 45
5680 ORDER 5681 77 29 1 66 0
5681 UNBLOCK 44 65
5681 ORDER 5682 75 81 1 11 1
5681 BLOCK 38 65
5682 ORDER 5683 38 50 15 87 0
5683 UNBLOCK 38 50
5683 ORDER 5684 28 51 2 9 0
5683 BLOCK 108 63
5684 CANCEL 5555
5684 UNBLOCK 39 35
5684 ORDER 5685 64 15 3 1 0
5685 ORDER 5686 98 47 2 60 1
5686 ORDER 5687 93 44 1 60 1
5686 BLOCK 71 87
5687 ORDER 5688 66 39 3 87 2
5688 CANCEL 5513
5688 UNBLOCK 114 78
5688 ORDER 5689 88 45 2 5 0
5688 BLOCK 93 6
5689 ORDER 5690 21 51 102 87 0
5690 ORDER 5691 19 11 92 88 0
5691 ORDER 5692 23 29 117 87 0
5692 UNBLOCK 90 77
5692 ORDER 5693 95 30 3 88 0
5693 UNBLOCK 115 17
5693 ORDER 5694 8 54 1 59 2
5693 BLOCK 72 83
5694 UNBLOCK 8 51
5694 ORDER 5695 32 69 3 42 0
5695 UNBLOCK 22 47
5695 ORDER 5696 96 21 66 87 0
5695 BLOCK 19 87
5696 UNBLOCK 106 15
5696 ORDER 5697 76 50 53 88 0
5696 BLOCK 31 17
5697 ORDER 5698 15 56 28 88 0
5698 ORDER 5699 83 23 36 87 3
5698 BLOCK 41 44
5699 UNBLOCK 71 87
5699 ORDER 5700 110 80 2 67 2
5700 UNBLOCK 50 6
5700 ORDER 5701 7 30 1 15 3
5701 UNBLOCK 70 24
5701 ORDER 5702 52 84 3 35 0
5701 BLOCK 6 8
5702 UNBLOCK 12 60
5702 ORDER 5703 90 20 1 85 2
5703 ORDER 5704 68 44 3 32 1
5704 ORDER 5705 79 6 2 77 2
5705 UNBLOCK 99 39
5705 ORDER 5706 75 38 8 87 1
5705 BLOCK 97 86
5706 ORDER 5707 86 42 1 67 2
5707 ORDER 5708 88 84 2 49 1
5707 BLOCK 78 86
5708 ORDER 5709 34 59 88 87 0
5709 ORDER 5710 105 62 1 85 0
5709 BLOCK 61 12
5710 UNBLOCK 41 56
5710 ORDER 5711 79 59 1 31 0
5710 BLOCK 80 30
5711 UNBLOCK 114 11
5711 ORDER 5712 79 11 1 43 0
5712 ORDER 5713 89 45 1 87 1
5713 UNBLOCK 51 36
5713 ORDER 5714 7 72 5 88 2
5714 UNBLOCK 78 86
5714 ORDER 5715 104 66 2 41 0
5714 BLOCK 91 9
5715 ORDER 5716 17 29 90 88 2
5715 BLOCK 63 50
5716 ORDER 5717 95 83 2 35 1
5717 ORDER 5718 56 44 1 10 0
5718 UNBLOCK 72 83
5718 ORDER 5719 43 21 2 28 1
5718 BLOCK 24 18
5719 UNBLOCK 16 77
5719 UNBLOCK 19 87
5719 ORDER 5720 42 20 1 58 0
5719 BLOCK 101 47
5720 UNBLOCK 97 86
5720 ORDER 5721 109 6 62 87 0
5721 ORDER 5722 54 47 102 87 0
5722 ORDER 5723 92 3 11 87 0
5723 ORDER 5724 48 86 27 88 1
5723 BLOCK 24 23
5724 UNBLOCK 92 48
5724 UNBLOCK 38 65
5724 ORDER 5725 63 56 19 88 0
5724 BLOCK 77 60
5725 UNBLOCK 18 48
5725 UNBLOCK 93 6
5725 UNBLOCK 41 44
5725 ORDER 5726 86 42 20 88 1
5725 BLOCK 96 17
5726 ORDER 5727 113 36 70 87 1
5727 ORDER 5728 53 9 116 88 1
5727 BLOCK 7 65
5728 ORDER 5729 66 41 64 87 0
5728 BLOCK 114 47
5729 ORDER 5730 40 32 99 87 2
5729 BLOCK 40 14
5730 ORDER 5731 91 24 92 88 1
5730 BLOCK 21 62
5731 UNBLOCK 6 8
5731 ORDER 5732 41 79 3 33 3
5732 UNBLOCK 108 63
5732 UNBLOCK 80 30
5732 UNBLOCK 101 47
5732 ORDER 5733 19 48 1 65 0
5733 ORDER 5734 58 75 2 84 0
5733 BLOCK 45 62
5734 ORDER 5735 51 9 59 88 1
5735 ORDER 5736 45 42 1 75 2
5735 BLOCK 36 41
5736 UNBLOCK 96 17
5736 ORDER 5737 35 21 3 67 0
5736 BLOCK 82 30
5737 ORDER 5738 8 17 1 1 1
5737 BLOCK 78 82
5738 UNBLOCK 24 23
5738 UNBLOCK 7 65
5738 ORDER 5739 41 8 1 78 0
5739 ORDER 5740 48 72 82 87 0
5739 BLOCK 8 44
5740 UNBLOCK 114 47
5740 ORDER 5741 40 84 27 88 2
5740 BLOCK 79 88
5741 ORDER 5742 114 3 2 58 1
5742 UNBLOCK 61 12
5742 ORDER 5743 46 75 58 87 0
5743 ORDER 5744 33 44 41 87 1
5743 BLOCK 77 61
5744 ORDER 5745 85 56 1 10 0
5745 UNBLOCK 77 60
5745 ORDER 5746 49 54 70 88 3
5745 BLOCK 100 84
5746 UNBLOCK 31 17
5746 ORDER 5747 77 17 56 88 0
5747 ORDER 5748 9 51 2 35 1
5747 BLOCK 18 74
5748 ORDER 5749 54 39 70 87 3
5749 UNBLOCK 24 18
5749 ORDER 5750 46 66 114 87 1
5750 ORDER 5751 19 44 109 88 3
5750 BLOCK 51 36
5751 UNBLOCK 91 9
5751 ORDER 5752 75 8 1 13 0
5751 BLOCK 13 72
5752 ORDER 5753 29 80 1 57 1
5752 BLOCK 102 39
5753 ORDER 5754 53 59 89 88 2
5753 BLOCK 70 41
5754 ORDER 5755 28 63 113 88 2
5755 UNBLOCK 18 74
5755 ORDER 5756 6 57 36 87 0
5755 BLOCK 32 62
5756 UNBLOCK 78 82
5756 ORDER 5757 70 30 14 87 0
5757 ORDER 5758 20 75 39 87 0
5757 BLOCK 114 14
5758 ORDER 5759 30 36 34 88 0
5758 BLOCK 45 53
5759 ORDER 5760 92 68 115 88 0
5759 BLOCK 62 8
5760 ORDER 5761 21 77 79 88 1
5760 BLOCK 9 78
5761 ORDER 5762 103 63 3 29 0
5761 BLOCK 33 9
5762 ORDER 5763 29 54 47 87 0
5762 BLOCK 52 48
5763 ORDER 5764 12 35 3 34 2
5764 UNBLOCK 45 62
5764 UNBLOCK 114 14
5764 ORDER 5765 23 32 86 88 1
5764 BLOCK 5 31
5765 ORDER 5766 30 77 22 88 0
5766 ORDER 5767 60 80 41 88 0
5766 BLOCK 42 44
5767 ORDER 5768 99 62 33 87 0
5768 ORDER 5769 114 69 5 87 0
5768 BLOCK 78 60
5769 UNBLOCK 36 41
5769 ORDER 5770 50 41 1 1 0
5770 CANCEL 5663
5770 UNBLOCK 32 62
5770 UNBLOCK 9 78
5770 UNBLOCK 5 31
5770 ORDER 5771 95 86 1 53 1
5771 UNBLOCK 63 50
5771 ORDER 5772 86 75 2 65 0
5772 UNBLOCK 40 14
5772 ORDER 5773 29 69 1 49 0
5773 CANCEL 5703
5773 ORDER 5774 82 5 3 21 1
5773 BLOCK 49 21
5774 ORDER 5775 64 9 3 17 0
5775 ORDER 5776 7 6 78 87 0
5776 ORDER 5777 55 32 3 7 0
5777 ORDER 5778 82 75 101 87 1
5777 BLOCK 104 44
5778 UNBLOCK 77 61
5778 ORDER 5779 66 54 3 14 0
5778 BLOCK 56 74
5779 UNBLOCK 82 30
5779 ORDER 5780 94 35 1 82 1
5779 BLOCK 107 32
5780 ORDER 5781 19 59 58 87 1
5781 ORDER 5782 10 30 2 54 0
5781 BLOCK 96 49
5782 CANCEL 5721
5782 ORDER 5783 67 20 1 88 2
5782 BLOCK 86 15
5783 ORDER 5784 17 74 32 87 1
5783 BLOCK 64 75
5784 ORDER 5785 83 50 1 50 1
5784 BLOCK 9 35
5785 CANCEL 5665
5785 ORDER 5786 34 47 89 88 2
5785 BLOCK 23 38
5786 UNBLOCK 79 88
5786 UNBLOCK 102 39
5786 ORDER 5787 90 69 9 88 0
5787 UNBLOCK 100 84
5787 ORDER 5788 25 62 2 83 0
5788 UNBLOCK 21 62
5788 ORDER 5789 39 11 3 88 0
5789 UNBLOCK 86 15
5789 ORDER 5790 53 36 2 68 0
5789 BLOCK 62 41
5790 ORDER 5791 55 38 2 21 0
5790 BLOCK 100 30
5791 ORDER 5792 17 15 2 46 0
5792 ORDER 5793 104 9 2 54 0
5792 BLOCK 55 45
5793 ORDER 5794 55 14 2 38 0
5793 BLOCK 44 51
5794 UNBLOCK 13 72
5794 CANCEL 5785
5794 ORDER 5795 93 15 3 79 0
5795 UNBLOCK 70 41
5795 ORDER 5796 31 27 2 18 2
5795 BLOCK 112 71
5796 UNBLOCK 51 36
5796 ORDER 5797 7 65 6 88 0
5797 ORDER 5798 27 3 3 63 0
5798 ORDER 5799 64 39 3 1 0
5798 BLOCK 80 40
5799 UNBLOCK 8 44
5799 ORDER 5800 21 8 2 21 0
5800 ORDER 5801 18 8 47 88 0
5801 ORDER 5802 12 75 1 26 0
5801 BLOCK 47 77
5802 ORDER 5803 55 32 1 69 1
5802 BLOCK 23 17
5803 ORDER 5804 114 54 1 65 1
5804 UNBLOCK 45 53
5804 UNBLOCK 100 30
5804 UNBLOCK 112 71
5804 ORDER 5805 59 75 3 22 0
5805 ORDER 5806 7 51 3 77 1
5805 BLOCK 76 39
5806 UNBLOCK 62 8
5806 UNBLOCK 33 9
5806 UNBLOCK 78 60
5806 UNBLOCK 62 41
5806 ORDER 5807 72 80 1 48 1
5807 UNBLOCK 96 49
5807 ORDER 5808 36 8 71 87 0
5808 ORDER 5809 28 53 1 65 1
5808 BLOCK 114 69
5809 ORDER 5810 6 60 92 87 0
5809 BLOCK 68 33
5810 ORDER 5811 64 42 2 21 0
5810 BLOCK 19 20
5811 UNBLOCK 56 74
5811 UNBLOCK 47 77
5811 ORDER 5812 94 48 1 36 1
5811 BLOCK 42 13
5812 ORDER 5813 100 3 24 87 3
5812 BLOCK 12 41
5813 UNBLOCK 52 48
5813 ORDER 5814 75 35 111 87 0
5813 CANCEL 105814
5814 ORDER 5815 58 12 3 78 2
5815 CANCEL 5746
5815 ORDER 5816 8 42 2 9 0
5816 UNBLOCK 9 35
5816 ORDER 5817 32 78 3 21 0
5817 UNBLOCK 44 51
5817 ORDER 5818 22 27 27 88 1
5817 BLOCK 82 86
5818 ORDER 5819 68 26 84 87 0
5819 UNBLOCK 49 21
5819 UNBLOCK 23 38
5819 ORDER 5820 64 75 2 71 1
5819 BLOCK 89 21
5820 ORDER 5821 58 81 1 83 1
5820 BLOCK 81 26
5821 UNBLOCK 42 44
5821 ORDER 5822 14 20 3 87 0
5821 BLOCK 112 33
5822 UNBLOCK 80 40
5822 ORDER 5823 64 33 2 44 0
5823 UNBLOCK 107 32
5823 ORDER 5824 79 66 55 88 0
5823 BLOCK 34 5
5824 UNBLOCK 104 44
5824 ORDER 5825 97 45 2 36 3
5825 CANCEL 5651
5825 ORDER 5826 104 3 1 59 0
5825 BLOCK 41 86
5826 ORDER 5827 97 37 3 40 0
5826 BLOCK 113 69
5827 ORDER 5828 92 77 74 88 3
5827 BLOCK 89 33
5828 UNBLOCK 55 45
5828 UNBLOCK 19 20
5828 ORDER 5829 113 5 1 76 0
5828 BLOCK 37 47
5829 ORDER 5830 75 59 2 69 0
5829 BLOCK 88 61
5830 UNBLOCK 114 69
5830 ORDER 5831 107 38 2 86 0
5831 ORDER 5832 66 75 3 74 1
5831 BLOCK 104 23
5832 ORDER 5833 9 59 36 87 0
5833 UNBLOCK 76 39
5833 ORDER 5834 99 69 2 43 0
5834 ORDER 5835 27 83 2 22 0
5835 ORDER 5836 86 27 30 87 1
5836 ORDER 5837 86 41 92 87 0
5837 UNBLOCK 89 33
5837 ORDER 5838 56 79 21 88 1
5838 ORDER 5839 57 26 79 88 0
5838 BLOCK 67 11
5839 ORDER 5840 53 35 21 88 1
5840 ORDER 5841 98 56 102 87 1
5840 BLOCK 77 50
5841 UNBLOCK 41 86
5841 ORDER 5842 111 29 27 88 3
5842 ORDER 5843 105 27 1 56 0
5842 BLOCK 26 58
5843 UNBLOCK 64 75
5843 ORDER 5844 50 27 62 88 0
5844 ORDER 5845 108 51 30 88 0
5844 BLOCK 86 12
5845 ORDER 5846 83 21 62 88 0
5845 BLOCK 12 33
5846 ORDER 5847 29 21 3 87 0
5846 BLOCK 30 8
5847 ORDER 5848 57 72 112 88 0
5847 BLOCK 36 33
5848 UNBLOCK 67 11
5848 ORDER 5849 44 3 3 32 0
5848 BLOCK 28 66
5849 UNBLOCK 42 13
5849 ORDER 5850 70 15 91 88 0
5849 BLOCK 86 77
5850 ORDER 5851 47 30 31 88 0
5850 BLOCK 113 3
5851 ORDER 5852 41 47 1 11 1
5851 BLOCK 101 83
5852 ORDER 5853 91 38 111 88 1
5853 UNBLOCK 12 33
5853 ORDER 5854 29 5 1 14 0
5853 BLOCK 64 79
5854 ORDER 5855 62 50 2 51 0
5854 BLOCK 13 5
5855 UNBLOCK 23 17
5855 ORDER 5856 90 6 79 87 0
5855 BLOCK 107 44
5856 UNBLOCK 104 23
5856 ORDER 5857 55 50 2 21 0
5857 CANCEL 5769
5857 ORDER 5858 26 26 2 69 2
5857 BLOCK 15 42
5858 UNBLOCK 82 86
5858 UNBLOCK 34 5
5858 ORDER 5859 112 39 79 87 0
5858 BLOCK 34 17
5859 ORDER 5860 58 14 103 88 1
5860 ORDER 5861 111 32 108 87 3
5861 CANCEL 5755
5861 ORDER 5862 18 5 113 88 0
5862 ORDER 5863 62 26 3 17 1
5862 BLOCK 73 22
5863 UNBLOCK 68 33
5863 ORDER 5864 10 33 1 15 0
5864 UNBLOCK 81 26
5864 ORDER 5865 111 51 1 4 1
5864 BLOCK 99 77
5865 UNBLOCK 26 58
5865 UNBLOCK 28 66
5865 UNBLOCK 34 17
5865 ORDER 5866 43 66 3 43 1
5866 ORDER 5867 59 5 1 32 1
5867 UNBLOCK 37 47
5867 UNBLOCK 88 61
5867 ORDER 5868 68 47 33 88 1
5867 BLOCK 51 80
5868 CANCEL 5749
5868 UNBLOCK 107 44
5868 ORDER 5869 47 75 1 75 1
5869 ORDER 5870 85 63 2 69 0
5869 BLOCK 101 66
5870 UNBLOCK 89 21
5870 ORDER 5871 112 38 118 87 0
5871 UNBLOCK 12 41
5871 UNBLOCK 30 8
5871 ORDER 5872 68 14 2 79 1
5872 ORDER 5873 57 74 47 87 0
5873 ORDER 5874 30 6 2 72 0
5874 ORDER 5875 111 44 2 6 0
5874 BLOCK 28 39
5875 UNBLOCK 112 33
5875 ORDER 5876 69 66 1 61 1
5875 BLOCK 75 51
5876 UNBLOCK 36 33
5876 UNBLOCK 64 79
5876 ORDER 5877 85 86 34 87 0
5876 BLOCK 12 26
5877 ORDER 5878 114 48 1 5 0
5877 BLOCK 8 66
5878 ORDER 5879 45 50 51 87 0
5878 BLOCK 58 65
5879 ORDER 5880 90 3 3 45 0
5880 ORDER 5881 24 65 110 87 0
5881 CANCEL 5722
5881 UNBLOCK 15 42
5881 ORDER 5882 24 20 2 53 1
5882 UNBLOCK 86 77
5882 ORDER 5883 57 14 3 75 0
5882 BLOCK 22 29
5883 ORDER 5884 113 45 10 88 1
5884 ORDER 5885 59 35 87 88 1
5885 UNBLOCK 113 69
5885 ORDER 5886 47 24 2 18 1
5886 ORDER 5887 37 42 57 87 0
5886 BLOCK 84 33
5887 ORDER 5888 96 66 10 88 1
5888 ORDER 5889 108 11 2 16 1
5888 BLOCK 77 39
5889 CANCEL 5835
5889 ORDER 5890 96 39 31 88 0
5890 ORDER 5891 65 23 35 88 0
5890 BLOCK 33 17
5891 ORDER 5892 37 3 3 57 3
5891 BLOCK 83 74
5892 UNBLOCK 77 50
5892 ORDER 5893 58 83 3 28 0
5893 ORDER 5894 107 50 1 13 3
5894 ORDER 5895 111 30 27 88 1
5895 UNBLOCK 113 3
5895 ORDER 5896 64 23 2 14 3
5896 ORDER 5897 17 41 3 17 0
5896 BLOCK 55 21
5897 UNBLOCK 86 12
5897 ORDER 5898 64 68 2 21 0
5898 ORDER 5899 84 42 44 88 2
5898 BLOCK 37 75
5899 ORDER 5900 10 81 1 5 1
5900 ORDER 5901 11 38 1 65 0
5901 UNBLOCK 13 5
5901 ORDER 5902 105 12 1 11 0
5901 BLOCK 115 78
5902 ORDER 5903 40 14 2 80 2
5902 BLOCK 29 2
5903 ORDER 5904 31 35 1 66 0
5904 UNBLOCK 75 51
5904 ORDER 5905 48 26 102 87 0
5905 ORDER 5906 34 9 75 87 0
5905 BLOCK 65 17
5906 UNBLOCK 101 66
5906 ORDER 5907 34 32 1 39 0
5907 UNBLOCK 73 22
5907 UNBLOCK 37 75
5907 ORDER 5908 88 18 28 87 0
5907 BLOCK 100 75
5908 ORDER 5909 44 63 3 13 0
5908 BLOCK 48 42
5909 ORDER 5910 90 74 12 87 1
5909 BLOCK 80 24
5910 UNBLOCK 101 83
5910 UNBLOCK 55 21
5910 ORDER 5911 39 44 1 34 1
5911 UNBLOCK 84 33
5911 ORDER 5912 78 71 80 87 0
5911 BLOCK 19 8
5912 UNBLOCK 99 77
5912 ORDER 5913 11 48 3 66 0
5913 ORDER 5914 65 27 1 54 1
5913 BLOCK 114 69
5914 UNBLOCK 51 80
5914 ORDER 5915 105 74 82 88 0
5915 ORDER 5916 52 20 92 88 0
5915 BLOCK 54 21
5916 UNBLOCK 65 17
5916 ORDER 5917 80 20 2 66 1
5917 ORDER 5918 14 84 1 45 0
5917 BLOCK 105 65
5918 CANCEL 5795
5918 ORDER 5919 9 50 2 21 0
5918 BLOCK 91 66
5919 UNBLOCK 8 66
5919 ORDER 5920 89 80 3 83 1
5920 ORDER 5921 8 12 3 21 1
5920 BLOCK 105 86
5921 ORDER 5922 94 41 2 14 0
5922 ORDER 5923 97 23 1 88 0
5922 BLOCK 76 64
5923 ORDER 5924 70 14 98 87 0
5924 ORDER 5925 111 48 2 74 0
5925 ORDER 5926 100 35 1 58 0
5926 UNBLOCK 58 65
5926 ORDER 5927 107 35 3 73 2
5927 UNBLOCK 29 2
5927 UNBLOCK 100 75
5927 ORDER 5928 19 59 2 50 1
5927 BLOCK 19 24
5928 ORDER 5929 32 47 3 10 0
5929 UNBLOCK 83 74
5929 ORDER 5930 46 86 41 87 2
5929 BLOCK 21 88
5930 UNBLOCK 105 65
5930 ORDER 5931 22 69 96 88 3
5931 ORDER 5932 29 27 105 88 2
5932 ORDER 5933 35 27 8 88 0
5932 BLOCK 59 3
5933 UNBLOCK 28 39
5933 ORDER 5934 77 15 42 87 1
5934 ORDER 5935 16 45 84 87 2
5935 UNBLOCK 77 39
5935 UNBLOCK 54 21
5935 ORDER 5936 113 27 2 10 0
5935 BLOCK 11 20
5936 CANCEL 5823
5936 UNBLOCK 12 26
5936 ORDER 5937 71 62 73 88 0
5937 UNBLOCK 105 86
5937 ORDER 5938 99 35 1 17 0
5937 BLOCK 113 26
5938 ORDER 5939 33 57 80 87 0
5939 UNBLOCK 114 69
5939 ORDER 5940 115 66 21 88 0
5940 ORDER 5941 46 78 3 22 1
5940 BLOCK 51 56
5941 UNBLOCK 22 29
5941 ORDER 5942 45 27 2 86 0
5942 ORDER 5943 57 57 3 15 1
5942 BLOCK 44 71
5943 ORDER 5944 54 50 1 30 1
5944 ORDER 5945 71 3 3 63 0
5944 BLOCK 48 3
5945 UNBLOCK 48 42
5945 ORDER 5946 39 80 3 87 0
5946 ORDER 5947 20 72 17 88 2
5947 CANCEL 5892
5947 ORDER 5948 45 8 98 87 0
5947 BLOCK 96 24
5948 UNBLOCK 33 17
5948 ORDER 5949 34 9 100 87 2
5949 UNBLOCK 19 8
5949 ORDER 5950 12 36 1 47 0
5949 BLOCK 97 42
5950 ORDER 5951 65 51 1 13 3
5950 BLOCK 91 23
5951 UNBLOCK 113 26
5951 ORDER 5952 76 42 1 48 2
5952 ORDER 5953 80 86 74 88 0
5952 BLOCK 35 59
5953 CANCEL 5820
5953 ORDER 5954 37 47 95 87 1
5953 BLOCK 42 84
5954 UNBLOCK 44 71
5954 ORDER 5955 56 8 58 87 0
5955 UNBLOCK 59 3
5955 ORDER 5956 9 45 2 53 0
5955 BLOCK 76 8
5956 ORDER 5957 109 57 3 32 0
5956 BLOCK 16 29
5957 UNBLOCK 91 66
5957 ORDER 5958 43 60 2 85 0
5958 ORDER 5959 100 33 3 4 0
5958 BLOCK 50 31
5959 ORDER 5960 74 74 113 87 0
5959 BLOCK 74 79
5960 ORDER 5961 58 47 3 41 0
5960 BLOCK 48 21
5961 UNBLOCK 115 78
5961 ORDER 5962 40 71 1 67 0
5961 BLOCK 35 43
5962 UNBLOCK 80 24
5962 ORDER 5963 40 48 79 87 0
5962 BLOCK 11 66
5963 ORDER 5964 29 30 1 42 0
5963 BLOCK 52 62
5964 ORDER 5965 88 23 1 15 1
5965 ORDER 5966 112 68 3 68 0
5965 BLOCK 106 5
5966 ORDER 5967 76 18 2 40 1
5966 BLOCK 62 75
5967 UNBLOCK 48 3
5967 ORDER 5968 99 11 2 38 1
5967 BLOCK 87 15
5968 ORDER 5969 10 81 2 7 1
5969 ORDER 5970 66 77 1 17 3
5970 ORDER 5971 64 38 14 87 0
5971 UNBLOCK 35 43
5971 ORDER 5972 66 80 1 53 0
5972 UNBLOCK 76 64
5972 UNBLOCK 48 21
5972 ORDER 5973 35 79 1 77 0
5973 ORDER 5974 86 20 20 88 1
5974 UNBLOCK 50 31
5974 UNBLOCK 74 79
5974 ORDER 5975 20 26 89 88 2
5974 BLOCK 15 28
5975 ORDER 5976 41 14 39 87 0
5976 CANCEL 5842
5976 UNBLOCK 76 8
5976 ORDER 5977 79 47 79 87 0
5976 BLOCK 104 24
5977 UNBLOCK 11 20
5977 UNBLOCK 97 42
5977 ORDER 5978 10 23 58 87 1
5977 BLOCK 94 84
5978 ORDER 5979 100 21 48 88 0
5979 ORDER 5980 50 24 1 59 1
5979 BLOCK 25 43
5980 UNBLOCK 21 88
5980 ORDER 5981 9 45 1 55 0
5980 BLOCK 47 78
5981 UNBLOCK 19 24
5981 ORDER 5982 92 11 42 87 1
5982 UNBLOCK 96 24
5982 ORDER 5983 49 65 2 4 0
5983 ORDER 5984 63 86 2 7 0
5984 ORDER 5985 90 77 19 88 0
5985 ORDER 5986 112 54 87 88 0
5986 ORDER 5987 49 70 87 87 0
5986 BLOCK 36 60
5987 UNBLOCK 91 23
5987 ORDER 5988 20 84 3 77 2
5988 UNBLOCK 16 29
5988 ORDER 5989 46 62 50 88 0
5989 ORDER 5990 27 63 2 24 0
5989 BLOCK 11 2
5990 ORDER 5991 65 44 1 52 0
5990 BLOCK 94 23
5991 ORDER 5992 50 15 2 71 0
5992 UNBLOCK 106 5
5992 ORDER 5993 58 71 100 87 0
5993 ORDER 5994 82 3 76 87 0
5994 ORDER 5995 76 6 2 25 2
5995 ORDER 5996 96 72 2 48 2
5996 ORDER 5997 10 9 1 9 2
5997 UNBLOCK 62 75
5997 ORDER 5998 52 20 47 88 2
5997 BLOCK 80 2
5998 ORDER 5999 55 71 3 84 1
5998 BLOCK 84 72
5999 UNBLOCK 51 56
5999 ORDER 6000 80 50 1 24 0
