100 70 8000
####################################################################################################
#.....C..C..C..C..C..C..C..C..C..C..C..C..C..C..C..C..C..C..C..C..C..C..C..C..C..C..C..C..C..C.....#
#..................................................................................................#
#..................................................................................................#
#.....######..######..########..#######..#########..########..#######..######..#######..########...#
#..................................................................................................#
#..................................................................................................#
#.....#######..########..######..########..########..########..######..#########..#######..#####...#
#..................................................................................................#
#..................................................................................................#
#.....######..########..#######..######..########..#######..########..########..#######..#######...#
#..................................................................................................#
#..................................................................................................#
#.....#########..########..#######..#########..#########..######..#########..#########..######.....#
#..................................................................................................#
#..................................................................................................#
#.....#######..######..#########..#######..#########..######..#########..######..#########..####...#
#..................................................................................................#
#..................................................................................................#
#.....#######..#######..#########..#########..######..########..#######..#########..########..##...#
#..................................................................................................#
#..................................................................................................#
#.....#########..########..######..#######..######..######..#######..######..#######..#########....#
#..................................................................................................#
#..................................................................................................#
#.....########..#########..######..#######..#######..#######..#########..#########..#######..###...#
#..................................................................................................#
#..................................................................................................#
#.....#########..#########..#######..#########..#########..######..######..#########..########.....#
#..................................................................................................#
#..................................................................................................#
#.....######..#######..#########..########..########..#######..#######..######..########..######...#
#..................................................................................................#
#..................................................................................................#
#.....########..########..#########..########..######..######..######..#########..#######..#####...#
#..................................................................................................#
#..................................................................................................#
#.....######..#######..#########..#########..#######..######..#######..######..######..########....#
#..................................................................................................#
#..................................................................................................#
#.....#########..#######..#########..########..########..######..######..#######..#########..###...#
#..................................................................................................#
#..................................................................................................#
#.....#######..#########..########..########..######..######..#########..######..########..#####...#
#..................................................................................................#
#..................................................................................................#
#.....#########..########..########..#########..########..#######..########..#########..########...#
#..................................................................................................#
#..................................................................................................#
#.....#########..########..########..########..#######..#######..########..######..#######..####...#
#..................................................................................................#
#..................................................................................................#
#.....#######..######..#######..#########..#######..#########..########..########..########..###...#
#..................................................................................................#
#..................................................................................................#
#.....########..########..#########..######..######..######..#######..#########..#######..######...#
#..................................................................................................#
#..................................................................................................#
#.....########..######..#######..#########..######..######..######..######..######..########..##...#
#..................................................................................................#
#..................................................................................................#
#.....#######..#########..######..#########..#######..########..#######..######..######..######....#
#..................................................................................................#
#..................................................................................................#
#.....######..#########..######..#########..#########..#######..#######..#######..#########..###...#
#..................................................................................................#
#..................................................................................................#
#..................................................................................................#
#..................................................................................................#
####################################################################################################
PARAMS 1360 68 340 30 50 3 120 3
ROBOTS 200
67 67
42 30
44 51
24 8
86 17
96 32
8 5
16 26
96 55
80 23
42 22
50 30
81 39
64 66
13 64
28 23
1 42
84 28
86 8
60 43
51 2
11 14
90 33
53 5
9 63
4 34
18 24
66 66
46 63
65 44
21 24
44 6
82 49
72 2
91 39
59 35
94 32
27 17
49 21
25 21
37 18
9 53
21 54
50 4
65 29
35 54
53 39
5 32
39 10
25 17
62 66
15 22
79 12
63 35
52 2
78 5
23 39
26 18
69 63
33 53
41 62
16 6
98 1
76 20
29 62
72 62
97 58
58 30
21 56
8 44
17 51
10 60
98 36
48 41
77 21
31 35
95 50
68 27
42 57
1 6
50 27
52 50
2 61
85 18
37 24
13 48
84 26
3 43
16 38
63 6
64 9
53 51
24 48
65 46
53 19
42 56
52 11
17 68
50 1
28 33
27 32
51 60
60 11
64 2
36 59
96 51
40 30
80 11
89 45
39 14
59 15
63 17
54 23
74 44
97 17
79 66
66 46
44 61
94 21
29 50
53 21
39 24
65 66
12 5
22 58
29 21
83 21
26 12
12 50
11 56
79 55
60 47
86 27
4 42
72 67
88 61
42 53
4 59
71 47
17 14
17 38
43 44
27 36
53 68
34 26
18 23
87 32
49 51
34 39
98 7
11 2
49 6
2 21
58 47
31 56
69 3
65 36
24 54
12 60
75 41
47 38
98 15
23 20
96 62
13 9
22 52
25 39
35 5
50 24
70 37
41 8
48 29
40 42
69 32
37 2
73 53
44 20
53 47
3 16
15 59
6 44
58 42
63 23
87 20
8 24
85 47
29 1
14 48
54 30
30 12
33 15
68 60
6 67
37 33
36 3
31 1
88 11
40 62
7 51
36 21
EVENTS 15748
0 ORDER 1 71 56 2 20 0
0 ORDER 2 47 51 69 68 1
1 ORDER 3 23 14 1 38 0
1 ORDER 4 95 53 1 40 0
2 ORDER 5 57 50 21 68 1
2 ORDER 6 60 11 72 67 0
2 BLOCK 73 68
3 ORDER 7 19 3 39 67 0
3 ORDER 8 75 29 32 67 2
4 ORDER 9 6 53 2 68 0
4 ORDER 10 17 15 3 52 0
5 ORDER 11 62 5 96 67 0
6 ORDER 12 30 12 3 63 0
7 ORDER 13 93 54 31 68 0
7 BLOCK 88 42
8 ORDER 14 23 26 3 3 3
8 ORDER 15 57 54 2 25 1
9 ORDER 16 81 45 21 68 1
10 ORDER 17 10 30 3 24 0
10 ORDER 18 55 24 64 67 0
11 ORDER 19 76 44 81 67 0
12 ORDER 20 92 15 97 68 1
13 ORDER 21 56 17 3 1 0
13 BLOCK 89 3
14 ORDER 22 43 12 2 13 2
14 ORDER 23 70 41 45 67 1
15 ORDER 24 87 48 1 67 1
15 BLOCK 42 57
16 ORDER 25 77 6 64 67 0
17 ORDER 26 37 47 3 9 0
17 BLOCK 24 32
18 ORDER 27 57 24 3 16 1
18 ORDER 28 13 14 2 49 2
19 ORDER 29 87 42 2 56 0
19 ORDER 30 64 18 2 34 3
20 ORDER 31 9 3 2 7 0
21 ORDER 32 37 11 44 67 0
21 ORDER 33 36 11 89 67 0
22 ORDER 34 50 15 80 67 1
22 ORDER 35 18 48 76 68 1
23 ORDER 36 72 47 46 67 0
23 ORDER 37 40 29 3 39 0
24 ORDER 38 18 53 2 58 0
25 ORDER 39 29 32 2 7 0
25 ORDER 40 26 65 1 17 0
26 ORDER 41 54 60 2 21 1
26 BLOCK 42 62
27 ORDER 42 95 59 38 68 1
27 ORDER 43 45 21 92 68 2
28 ORDER 44 32 29 69 67 0
28 ORDER 45 44 14 2 12 2
29 ORDER 46 81 45 42 68 2
29 ORDER 47 89 5 15 68 2
30 ORDER 48 8 51 1 21 3
31 ORDER 49 25 36 1 42 0
31 ORDER 50 22 47 43 67 0
32 ORDER 51 13 56 1 35 0
32 ORDER 52 6 48 21 68 1
33 ORDER 53 80 21 10 68 0
34 ORDER 54 82 23 1 24 0
34 ORDER 55 63 47 2 13 0
34 BLOCK 51 22
35 ORDER 56 77 45 21 68 0
36 ORDER 57 31 20 2 27 0
36 ORDER 58 95 20 3 23 0
37 ORDER 59 8 65 2 27 0
37 ORDER 60 80 45 62 68 3
38 ORDER 61 76 51 82 67 1
39 ORDER 62 83 30 85 68 1
39 ORDER 63 18 21 3 30 2
40 ORDER 64 43 51 2 64 1
41 ORDER 65 88 27 2 18 0
41 ORDER 66 34 15 3 51 0
42 ORDER 67 58 45 1 10 2
42 ORDER 68 29 59 1 61 0
42 BLOCK 24 57
43 ORDER 69 30 62 1 19 0
44 ORDER 70 57 38 3 7 0
44 ORDER 71 69 48 1 38 0
45 ORDER 72 45 11 74 68 0
45 ORDER 73 34 48 1 6 0
46 ORDER 74 28 44 3 13 0
47 ORDER 75 29 39 2 22 3
47 ORDER 76 51 9 2 6 1
48 ORDER 77 36 9 46 68 0
48 ORDER 78 29 15 59 67 1
48 BLOCK 54 48
49 ORDER 79 66 65 20 67 0
50 ORDER 80 6 59 3 8 2
50 ORDER 81 30 59 2 32 0
51 ORDER 82 62 15 2 61 0
52 ORDER 83 7 38 88 67 1
53 ORDER 84 50 12 15 67 1
53 ORDER 85 11 29 1 62 0
53 BLOCK 75 29
54 ORDER 86 89 21 1 33 0
54 ORDER 87 10 42 75 68 2
55 ORDER 88 80 59 2 64 0
56 ORDER 89 7 15 57 67 2
56 BLOCK 78 50
57 UNBLOCK 24 32
57 ORDER 90 12 8 3 19 0
57 ORDER 91 21 60 64 67 0
57 BLOCK 76 26
58 ORDER 92 89 63 3 48 0
58 ORDER 93 14 12 12 67 0
59 UNBLOCK 42 62
59 ORDER 94 6 24 1 15 2
59 ORDER 95 95 20 26 68 0
60 ORDER 96 54 8 60 67 0
60 ORDER 97 66 6 94 68 0
61 ORDER 98 82 56 30 68 0
62 ORDER 99 19 3 42 68 0
63 ORDER 100 48 24 48 67 2
63 ORDER 101 7 21 87 68 3
64 ORDER 102 22 21 1 57 0
64 ORDER 103 93 17 3 31 0
65 UNBLOCK 88 42
65 ORDER 104 86 48 2 50 1
65 ORDER 105 90 11 2 26 2
66 ORDER 106 22 5 1 25 0
67 ORDER 107 75 39 86 68 0
68 CANCEL 6
68 UNBLOCK 78 50
68 ORDER 108 74 14 2 6 0
68 ORDER 109 57 8 62 67 0
69 ORDER 110 37 41 18 67 0
70 UNBLOCK 54 48
70 ORDER 111 6 20 65 67 0
70 ORDER 112 26 30 43 67 0
70 BLOCK 24 50
71 ORDER 113 95 47 3 61 0
71 ORDER 114 54 59 1 42 2
72 ORDER 115 29 17 3 26 0
73 ORDER 116 11 56 91 68 0
73 ORDER 117 85 39 49 68 0
74 ORDER 118 68 29 3 42 2
74 ORDER 119 18 44 11 68 0
75 ORDER 120 57 41 2 47 1
75 ORDER 121 70 60 3 32 0
75 BLOCK 14 21
76 ORDER 122 10 20 16 67 1
76 ORDER 123 62 9 27 67 0
77 ORDER 124 94 45 90 68 0
78 ORDER 125 29 47 9 68 0
78 BLOCK 24 5
79 ORDER 126 7 3 2 59 2
79 ORDER 127 56 3 2 51 0
80 UNBLOCK 42 57
80 UNBLOCK 75 29
80 ORDER 128 77 23 93 68 1
80 ORDER 129 42 18 3 60 0
81 ORDER 130 17 30 2 19 0
81 ORDER 131 89 48 1 21 1
82 UNBLOCK 76 26
82 ORDER 132 80 29 90 68 0
83 ORDER 133 73 53 89 68 0
84 ORDER 134 10 51 77 67 0
84 ORDER 135 80 11 51 67 0
85 ORDER 136 23 51 3 29 0
86 ORDER 137 71 14 3 13 0
87 ORDER 138 21 14 15 67 1
88 UNBLOCK 51 22
88 ORDER 139 89 15 50 68 0
89 ORDER 140 42 11 2 27 1
89 BLOCK 16 12
90 ORDER 141 89 36 18 67 0
90 ORDER 142 78 12 1 35 3
91 ORDER 143 66 32 17 68 0
91 ORDER 144 39 29 95 67 0
92 ORDER 145 82 6 3 9 0
93 ORDER 146 85 17 2 43 1
93 ORDER 147 14 30 1 43 0
94 ORDER 148 6 9 1 15 0
95 UNBLOCK 73 68
95 ORDER 149 28 21 68 68 1
95 ORDER 150 93 30 19 68 0
95 BLOCK 20 23
96 ORDER 151 73 5 3 6 0
97 ORDER 152 8 53 2 37 0
97 ORDER 153 41 9 77 68 0
98 ORDER 154 27 8 13 67 0
98 ORDER 155 49 12 60 68 2
99 ORDER 156 21 42 10 68 0
99 ORDER 157 20 26 3 17 0
100 ORDER 158 35 20 25 68 2
101 ORDER 159 93 23 62 67 0
102 ORDER 160 90 18 2 51 0
103 UNBLOCK 16 12
103 ORDER 161 66 51 3 61 0
103 ORDER 162 90 59 3 49 0
104 ORDER 163 37 59 56 68 0
104 ORDER 164 59 63 37 68 0
105 UNBLOCK 24 50
105 ORDER 165 77 33 16 67 1
105 ORDER 166 69 48 89 67 0
106 ORDER 167 84 44 2 46 0
107 ORDER 168 80 51 1 10 0
108 ORDER 169 7 48 3 40 0
108 ORDER 170 41 23 7 67 0
109 ORDER 171 60 33 10 67 0
109 ORDER 172 89 21 45 67 1
110 UNBLOCK 89 3
110 ORDER 173 83 32 97 67 1
111 ORDER 174 68 41 1 33 3
111 ORDER 175 35 51 31 68 0
112 ORDER 176 48 20 4 67 0
113 ORDER 177 82 21 27 68 0
113 ORDER 178 91 59 2 40 1
114 UNBLOCK 24 57
114 ORDER 179 63 57 3 59 1
114 ORDER 180 37 20 2 65 0
115 CANCEL 114
115 ORDER 181 24 21 1 10 0
115 ORDER 182 57 59 60 67 0
116 ORDER 183 49 3 1 45 1
117 ORDER 184 19 17 59 68 2
117 ORDER 185 9 65 2 49 0
118 ORDER 186 24 24 78 68 0
118 ORDER 187 6 11 3 63 1
119 ORDER 188 68 30 67 67 1
119 ORDER 189 49 24 33 68 0
119 BLOCK 34 18
120 ORDER 190 83 9 27 68 1
120 ORDER 191 39 62 59 68 0
121 ORDER 192 93 62 18 68 0
122 ORDER 193 12 57 93 67 3
122 ORDER 194 15 8 9 68 0
123 ORDER 195 44 17 98 68 1
123 ORDER 196 19 5 3 51 1
124 ORDER 197 95 47 2 36 2
124 BLOCK 79 12
125 ORDER 198 56 20 2 47 0
126 ORDER 199 28 44 3 39 0
127 ORDER 200 82 38 8 67 0
128 ORDER 201 90 5 3 68 2
128 ORDER 202 71 27 42 68 3
129 ORDER 203 38 12 3 50 3
129 BLOCK 21 24
130 ORDER 204 19 12 64 68 1
130 ORDER 205 22 6 1 24 0
131 ORDER 206 59 50 2 34 3
132 ORDER 207 81 36 3 59 0
133 ORDER 208 80 36 10 67 1
133 BLOCK 64 5
134 ORDER 209 36 6 3 65 0
134 ORDER 210 75 53 3 56 0
135 CANCEL 179
135 ORDER 211 66 62 97 68 2
135 ORDER 212 12 35 7 67 0
136 ORDER 213 95 48 56 68 1
136 ORDER 214 52 27 3 30 2
137 ORDER 215 22 23 5 68 0
137 ORDER 216 20 35 44 67 0
138 ORDER 217 19 30 6 67 0
139 ORDER 218 90 11 15 67 1
139 ORDER 219 42 44 5 67 0
140 CANCEL 110
140 ORDER 220 22 23 2 49 0
141 UNBLOCK 21 24
141 ORDER 221 73 60 2 44 1
141 ORDER 222 9 41 3 67 1
142 ORDER 223 68 27 1 3 0
142 ORDER 224 89 47 2 53 0
143 ORDER 225 90 30 68 68 0
144 ORDER 226 71 21 46 68 0
145 ORDER 227 85 12 13 67 0
145 ORDER 228 10 9 35 67 0
146 ORDER 229 67 30 90 67 0
147 ORDER 230 45 24 4 68 0
148 ORDER 231 59 47 90 68 0
148 ORDER 232 54 9 92 67 0
149 ORDER 233 53 48 3 49 3
150 UNBLOCK 20 23
150 ORDER 234 48 53 64 68 0
150 ORDER 235 18 11 2 14 0
151 ORDER 236 91 44 34 67 0
151 ORDER 237 73 36 2 26 0
152 UNBLOCK 14 21
152 CANCEL 173
152 CANCEL 230
152 ORDER 238 83 64 37 68 2
152 ORDER 239 29 51 2 54 0
153 ORDER 240 48 17 53 68 0
154 ORDER 241 66 20 2 67 0
155 ORDER 242 38 6 96 67 0
156 ORDER 243 65 20 50 67 1
157 UNBLOCK 24 5
157 ORDER 244 75 8 75 68 1
158 ORDER 245 28 53 39 67 0
159 ORDER 246 13 54 2 60 2
159 ORDER 247 34 35 2 36 0
160 ORDER 248 52 53 89 68 0
161 ORDER 249 73 59 2 9 0
161 ORDER 250 93 65 3 6 0
162 ORDER 251 56 50 24 68 1
162 BLOCK 77 57
163 ORDER 252 69 27 4 68 0
163 ORDER 253 38 21 62 67 1
163 BLOCK 47 56
164 ORDER 254 60 21 3 9 1
164 CANCEL 100254
165 ORDER 255 11 11 1 61 2
166 ORDER 256 92 5 35 68 1
166 BLOCK 78 20
167 ORDER 257 53 3 90 67 1
168 UNBLOCK 64 5
168 ORDER 258 63 36 3 16 0
169 ORDER 259 10 29 81 68 0
169 ORDER 260 68 63 1 9 1
170 ORDER 261 70 59 1 21 0
171 ORDER 262 35 17 81 68 1
172 ORDER 263 42 41 3 25 0
172 ORDER 264 94 56 3 63 1
173 CANCEL 224
173 ORDER 265 7 27 2 5 1
173 ORDER 266 61 50 1 39 2
174 ORDER 267 86 65 1 2 2
175 ORDER 268 29 59 2 51 3
176 ORDER 269 78 39 89 67 0
177 ORDER 270 10 56 3 49 1
177 ORDER 271 66 41 3 29 2
178 ORDER 272 13 39 2 15 1
178 ORDER 273 62 15 1 8 0
179 ORDER 274 93 17 68 67 1
180 ORDER 275 42 9 3 22 0
180 ORDER 276 18 26 3 17 0
181 ORDER 277 66 42 13 67 1
181 ORDER 278 15 38 74 68 1
182 ORDER 279 77 17 1 22 0
182 BLOCK 25 48
183 ORDER 280 62 59 93 68 0
184 ORDER 281 16 20 2 39 1
184 ORDER 282 18 6 1 14 0
185 CANCEL 245
185 ORDER 283 27 65 75 68 3
185 ORDER 284 11 21 18 68 0
186 ORDER 285 84 32 2 51 2
186 ORDER 286 75 51 63 67 0
187 ORDER 287 18 48 78 67 1
188 ORDER 288 71 23 22 67 0
189 ORDER 289 18 9 2 14 0
190 ORDER 290 89 65 94 67 0
191 ORDER 291 77 30 3 68 0
191 ORDER 292 74 53 1 26 0
192 ORDER 293 29 15 21 68 1
192 ORDER 294 84 36 2 44 1
193 ORDER 295 36 44 36 67 1
194 CANCEL 252
194 ORDER 296 61 27 81 68 3
194 BLOCK 53 21
195 ORDER 297 93 42 3 65 1
196 ORDER 298 90 41 1 4 0
196 ORDER 299 40 60 2 44 0
197 ORDER 300 19 44 81 67 0
197 ORDER 301 85 35 23 67 2
198 ORDER 302 41 20 79 67 0
198 ORDER 303 53 6 3 63 0
199 ORDER 304 10 26 91 67 0
200 ORDER 305 17 59 21 68 2
200 ORDER 306 66 36 1 10 0
201 ORDER 307 38 50 76 67 0
202 ORDER 308 43 11 3 3 2
202 ORDER 309 47 3 96 67 2
202 BLOCK 42 68
203 ORDER 310 27 63 21 67 0
204 UNBLOCK 34 18
204 ORDER 311 32 44 2 24 1
204 ORDER 312 9 21 13 67 3
205 ORDER 313 85 60 3 2 0
206 ORDER 314 16 60 6 67 0
206 ORDER 315 44 48 46 68 0
207 ORDER 316 36 51 26 68 1
207 ORDER 317 45 24 94 67 1
208 ORDER 318 87 21 3 53 0
208 ORDER 319 85 24 2 7 1
209 UNBLOCK 79 12
209 ORDER 320 60 30 16 67 1
209 ORDER 321 30 42 1 4 0
209 BLOCK 47 56
210 ORDER 322 64 18 49 67 2
210 ORDER 323 23 33 2 35 0
210 BLOCK 25 18
211 ORDER 324 64 24 3 42 0
211 ORDER 325 14 30 8 67 0
212 ORDER 326 67 47 43 68 0
213 CANCEL 154
213 ORDER 327 15 63 6 68 1
213 ORDER 328 9 9 5 68 3
214 ORDER 329 41 30 59 67 2
214 BLOCK 54 38
215 ORDER 330 82 35 1 48 1
215 ORDER 331 11 14 36 67 0
216 ORDER 332 64 17 3 21 0
217 ORDER 333 68 63 7 67 0
217 ORDER 334 52 11 2 56 0
218 ORDER 335 49 6 1 4 0
218 ORDER 336 68 15 1 17 0
218 BLOCK 7 15
219 ORDER 337 52 59 2 22 0
220 ORDER 338 30 35 1 20 1
220 ORDER 339 35 63 2 63 0
221 ORDER 340 47 60 61 68 0
221 ORDER 341 62 12 91 68 2
222 ORDER 342 39 14 64 68 1
223 ORDER 343 95 39 75 68 0
224 ORDER 344 69 44 2 44 2
225 ORDER 345 32 33 1 60 0
225 ORDER 346 39 64 3 32 0
226 ORDER 347 33 44 1 9 1
227 ORDER 348 89 62 2 20 0
227 ORDER 349 58 54 6 68 2
228 ORDER 350 30 8 2 2 0
229 ORDER 351 65 11 75 68 0
230 ORDER 352 90 18 3 44 0
230 BLOCK 41 42
231 ORDER 353 31 33 53 67 1
231 ORDER 354 53 57 40 68 0
232 ORDER 355 79 29 3 11 0
232 ORDER 356 43 5 38 68 0
232 BLOCK 27 17
233 ORDER 357 12 33 68 67 0
233 ORDER 358 20 8 2 54 2
234 ORDER 359 13 57 68 67 1
234 ORDER 360 39 45 3 62 1
235 UNBLOCK 53 21
235 ORDER 361 30 65 62 67 1
235 BLOCK 74 24
236 UNBLOCK 54 38
236 ORDER 362 93 45 58 68 2
237 ORDER 363 87 29 2 14 0
238 UNBLOCK 47 56
238 ORDER 364 49 54 3 3 0
238 ORDER 365 12 21 2 40 0
239 UNBLOCK 47 56
239 ORDER 366 16 35 73 67 1
239 ORDER 367 43 27 44 68 2
240 ORDER 368 80 32 18 67 0
241 ORDER 369 91 47 3 12 1
241 ORDER 370 76 17 3 49 2
242 ORDER 371 13 29 2 7 0
243 ORDER 372 65 23 65 68 2
244 ORDER 373 63 38 85 68 0
245 ORDER 374 50 14 1 38 0
246 ORDER 375 81 32 66 67 0
247 ORDER 376 40 30 1 7 0
248 ORDER 377 46 21 2 42 0
249 UNBLOCK 25 48
249 ORDER 378 28 41 1 28 0
250 ORDER 379 49 37 3 25 0
251 ORDER 380 74 3 3 12 0
251 BLOCK 58 53
252 ORDER 381 77 48 1 39 0
252 BLOCK 30 30
253 ORDER 382 34 38 97 68 0
254 UNBLOCK 77 57
254 ORDER 383 47 59 1 19 3
255 ORDER 384 40 17 2 58 3
256 UNBLOCK 41 42
256 ORDER 385 68 57 76 67 0
257 UNBLOCK 78 20
257 ORDER 386 29 29 38 68 0
257 ORDER 387 57 9 2 3 0
258 ORDER 388 19 21 1 39 0
258 ORDER 389 27 41 3 30 0
259 ORDER 390 81 38 1 5 0
259 ORDER 391 60 35 4 68 0
260 ORDER 392 34 56 3 63 1
260 ORDER 393 82 9 90 67 0
261 ORDER 394 40 27 6 68 0
261 BLOCK 83 47
262 ORDER 395 50 60 1 40 1
262 ORDER 396 72 14 58 67 0
263 ORDER 397 54 17 1 26 2
263 ORDER 398 26 59 12 68 1
264 ORDER 399 92 36 76 68 3
265 UNBLOCK 42 68
265 UNBLOCK 25 18
265 ORDER 400 24 57 3 44 0
266 ORDER 401 55 63 27 67 1
266 CANCEL 100401
267 ORDER 402 6 11 2 19 1
268 UNBLOCK 27 17
268 ORDER 403 36 8 55 68 1
269 ORDER 404 8 18 58 67 0
270 ORDER 405 92 48 1 57 1
270 ORDER 406 36 17 1 15 0
271 ORDER 407 13 47 7 67 1
271 ORDER 408 51 17 2 16 1
272 ORDER 409 61 59 2 31 1
273 ORDER 410 29 3 1 28 1
273 ORDER 411 32 14 87 67 0
274 ORDER 412 93 50 1 12 2
274 ORDER 413 56 9 2 21 1
275 ORDER 414 12 18 2 39 0
276 ORDER 415 19 45 3 7 0
277 ORDER 416 27 33 3 12 2
277 ORDER 417 78 65 1 6 0
278 CANCEL 164
278 ORDER 418 80 23 13 68 0
278 ORDER 419 13 35 80 68 0
278 BLOCK 71 50
279 ORDER 420 74 47 1 3 3
280 ORDER 421 59 50 7 68 0
281 ORDER 422 17 39 45 68 2
281 ORDER 423 19 17 18 67 0
282 ORDER 424 89 59 1 54 0
282 ORDER 425 20 54 46 68 1
283 ORDER 426 10 14 8 67 0
284 ORDER 427 13 54 21 67 1
284 ORDER 428 7 60 1 35 0
285 ORDER 429 8 44 1 16 0
285 ORDER 430 64 32 3 53 0
286 ORDER 431 23 48 2 30 1
287 ORDER 432 85 6 20 67 0
287 ORDER 433 29 39 1 64 0
288 ORDER 434 69 30 77 67 0
289 ORDER 435 6 63 25 68 0
289 ORDER 436 35 38 33 68 0
290 ORDER 437 34 11 2 3 2
290 ORDER 438 56 24 79 68 0
291 ORDER 439 27 48 43 68 0
292 ORDER 440 36 14 20 68 0
292 ORDER 441 85 62 15 67 0
293 ORDER 442 40 50 2 7 1
294 ORDER 443 7 5 1 20 1
294 ORDER 444 78 42 84 67 0
294 BLOCK 31 26
295 ORDER 445 48 11 3 24 0
295 ORDER 446 38 57 70 68 0
296 ORDER 447 8 9 3 61 0
296 ORDER 448 80 50 19 68 0
297 ORDER 449 70 54 36 67 0
297 ORDER 450 65 51 38 68 0
298 UNBLOCK 74 24
298 ORDER 451 18 57 51 67 0
299 ORDER 452 25 51 1 51 0
299 ORDER 453 54 27 38 67 0
300 ORDER 454 44 51 1 34 3
301 ORDER 455 93 56 90 68 0
302 ORDER 456 46 5 76 67 0
302 ORDER 457 79 50 3 57 2
303 ORDER 458 30 32 45 68 0
303 BLOCK 45 13
304 ORDER 459 88 5 50 67 1
304 ORDER 460 55 32 2 39 0
305 UNBLOCK 30 30
305 ORDER 461 69 26 3 4 0
306 UNBLOCK 71 50
306 ORDER 462 39 56 61 67 1
307 ORDER 463 74 36 1 25 1
308 ORDER 464 58 41 21 68 2
308 ORDER 465 67 42 2 36 1
309 ORDER 466 88 15 4 67 1
309 BLOCK 80 1
310 ORDER 467 23 23 29 67 1
311 ORDER 468 82 23 35 68 0
312 ORDER 469 89 38 2 24 0
313 ORDER 470 14 3 2 42 0
314 ORDER 471 49 60 70 67 1
315 ORDER 472 61 45 1 5 0
316 UNBLOCK 58 53
316 ORDER 473 73 47 2 8 1
316 ORDER 474 12 6 33 68 1
317 UNBLOCK 7 15
317 ORDER 475 6 6 33 68 0
318 ORDER 476 85 63 1 27 0
319 ORDER 477 8 15 3 62 1
320 ORDER 478 7 30 1 44 0
320 ORDER 479 38 32 2 37 0
321 ORDER 480 39 57 97 67 3
321 ORDER 481 11 65 3 8 0
321 BLOCK 52 41
322 ORDER 482 22 47 39 68 2
322 BLOCK 42 51
323 ORDER 483 28 63 5 68 0
324 ORDER 484 20 41 2 58 1
324 ORDER 485 64 17 39 68 0
324 BLOCK 9 68
325 ORDER 486 24 36 1 14 0
325 ORDER 487 16 30 2 47 0
326 ORDER 488 63 35 3 67 0
326 ORDER 489 54 38 19 67 1
327 ORDER 490 50 38 1 68 3
328 ORDER 491 83 27 83 67 1
328 ORDER 492 57 6 3 29 0
329 ORDER 493 18 30 2 51 0
330 ORDER 494 82 47 11 67 1
330 ORDER 495 8 39 59 68 0
331 ORDER 496 59 14 1 15 0
332 ORDER 497 18 53 3 33 1
332 ORDER 498 76 18 77 67 2
333 ORDER 499 88 27 29 67 1
333 ORDER 500 79 23 3 13 0
334 ORDER 501 23 33 1 21 3
334 ORDER 502 52 23 3 18 0
335 ORDER 503 37 30 20 68 0
335 ORDER 504 36 20 3 36 1
336 UNBLOCK 83 47
336 ORDER 505 59 35 20 68 2
336 BLOCK 79 66
337 ORDER 506 76 35 1 47 2
337 BLOCK 28 17
338 ORDER 507 35 3 1 1 0
339 ORDER 508 27 30 2 66 0
339 BLOCK 31 42
340 ORDER 509 34 63 2 40 1
340 ORDER 510 82 45 3 19 0
341 ORDER 511 40 24 18 68 0
341 ORDER 512 15 30 47 67 0
342 ORDER 513 21 29 70 68 0
342 ORDER 514 6 5 1 2 2
343 CANCEL 294
343 ORDER 515 55 12 9 67 0
344 ORDER 516 16 11 1 24 0
344 ORDER 517 51 38 91 68 0
344 BLOCK 56 8
345 ORDER 518 47 17 3 57 0
345 ORDER 519 92 30 22 68 0
345 BLOCK 6 57
346 ORDER 520 77 23 75 67 0
347 ORDER 521 26 51 2 35 2
348 ORDER 522 24 38 76 67 1
349 ORDER 523 46 53 96 68 1
349 BLOCK 81 34
350 UNBLOCK 28 17
350 ORDER 524 40 53 94 68 0
350 ORDER 525 43 29 53 68 0
351 ORDER 526 38 60 3 31 2
351 ORDER 527 7 18 88 67 0
352 ORDER 528 16 20 1 18 1
353 ORDER 529 14 48 1 1 0
354 ORDER 530 31 29 2 62 1
355 ORDER 531 85 39 1 46 0
355 ORDER 532 20 21 1 42 0
356 ORDER 533 79 24 18 67 1
357 ORDER 534 57 63 33 67 2
357 ORDER 535 94 8 1 37 0
357 BLOCK 49 42
358 ORDER 536 22 39 69 68 1
359 ORDER 537 36 20 56 68 0
359 ORDER 538 12 23 81 68 0
360 UNBLOCK 52 41
360 ORDER 539 54 41 3 13 1
360 ORDER 540 34 50 88 68 1
361 UNBLOCK 80 1
361 ORDER 541 94 5 1 67 0
361 ORDER 542 54 12 62 68 0
361 BLOCK 82 25
362 ORDER 543 87 48 57 67 0
363 ORDER 544 48 15 1 33 1
363 ORDER 545 80 21 82 67 0
363 BLOCK 41 59
364 ORDER 546 64 54 44 68 1
365 ORDER 547 89 53 5 67 3
366 ORDER 548 45 65 4 68 0
366 ORDER 549 69 27 35 68 0
367 ORDER 550 12 8 1 68 1
367 ORDER 551 39 41 90 67 0
367 BLOCK 31 35
368 ORDER 552 63 57 25 68 2
369 ORDER 553 94 21 2 42 0
370 ORDER 554 23 14 2 65 2
370 ORDER 555 30 44 2 38 0
371 ORDER 556 95 56 32 68 0
371 ORDER 557 19 24 2 14 0
372 ORDER 558 64 44 2 48 0
372 ORDER 559 49 51 67 68 1
373 UNBLOCK 31 26
373 ORDER 560 42 33 1 10 2
374 ORDER 561 56 3 49 68 2
374 ORDER 562 9 17 53 68 0
374 BLOCK 94 66
375 ORDER 563 9 62 62 68 0
375 ORDER 564 28 65 3 11 2
376 ORDER 565 22 26 3 57 0
376 ORDER 566 21 50 58 67 1
377 ORDER 567 93 11 1 63 0
377 ORDER 568 75 18 1 17 0
378 ORDER 569 56 60 1 24 0
378 BLOCK 82 23
379 ORDER 570 41 12 1 25 0
380 UNBLOCK 31 42
380 ORDER 571 76 8 2 37 1
381 ORDER 572 23 42 52 68 1
382 ORDER 573 78 35 1 59 1
383 ORDER 574 83 38 2 62 0
383 ORDER 575 37 39 33 68 1
383 BLOCK 91 5
384 ORDER 576 33 3 1 3 0
385 ORDER 577 72 29 1 64 0
385 ORDER 578 80 9 2 35 0
386 ORDER 579 49 5 69 67 0
386 BLOCK 84 51
387 ORDER 580 83 53 65 67 1
387 BLOCK 77 32
388 ORDER 581 94 62 36 67 1
389 ORDER 582 21 44 3 27 1
389 BLOCK 57 46
390 UNBLOCK 41 59
390 ORDER 583 70 9 68 68 0
390 ORDER 584 68 33 16 68 3
391 ORDER 585 63 30 30 67 0
392 ORDER 586 14 32 32 68 2
392 BLOCK 10 14
393 ORDER 587 67 42 2 61 1
394 ORDER 588 31 45 3 66 1
394 ORDER 589 86 8 2 27 2
395 ORDER 590 89 57 78 68 0
396 ORDER 591 14 38 3 31 0
396 ORDER 592 86 65 1 21 0
397 ORDER 593 71 50 1 55 2
398 ORDER 594 30 39 16 67 1
398 ORDER 595 49 26 33 67 1
399 UNBLOCK 45 13
399 ORDER 596 6 44 3 50 3
400 UNBLOCK 42 51
400 ORDER 597 10 53 30 67 1
400 ORDER 598 70 12 48 67 0
400 BLOCK 40 53
401 ORDER 599 56 17 3 6 1
402 ORDER 600 45 65 15 67 1
403 ORDER 601 57 11 1 8 0
403 ORDER 602 78 20 43 68 0
404 UNBLOCK 82 23
404 ORDER 603 50 24 3 63 2
405 ORDER 604 58 39 2 63 0
405 ORDER 605 37 41 80 67 0
406 CANCEL 413
406 UNBLOCK 49 42
406 ORDER 606 79 51 49 68 0
406 ORDER 607 20 8 3 42 0
407 UNBLOCK 9 68
407 ORDER 608 64 27 2 17 0
408 ORDER 609 58 8 3 18 3
409 ORDER 610 19 36 85 68 0
410 ORDER 611 49 38 27 68 1
411 CANCEL 451
411 ORDER 612 71 35 59 67 0
412 ORDER 613 17 44 3 50 1
412 ORDER 614 91 14 2 68 1
413 UNBLOCK 82 25
413 ORDER 615 16 5 3 31 1
414 ORDER 616 56 21 71 67 0
414 ORDER 617 28 63 2 62 0
415 ORDER 618 67 41 2 58 0
415 ORDER 619 66 35 50 68 0
416 ORDER 620 13 47 1 20 1
416 ORDER 621 78 26 34 67 1
417 ORDER 622 27 62 3 48 1
418 ORDER 623 21 54 13 68 1
418 ORDER 624 11 21 1 24 0
418 BLOCK 28 9
419 ORDER 625 64 31 3 28 0
419 ORDER 626 17 48 83 67 0
420 ORDER 627 87 39 1 40 0
421 ORDER 628 49 44 1 30 0
421 ORDER 629 41 56 3 36 1
422 ORDER 630 64 59 1 56 0
422 ORDER 631 83 27 1 14 1
423 ORDER 632 74 35 2 10 0
424 CANCEL 516
424 ORDER 633 22 47 2 20 1
425 UNBLOCK 56 8
425 ORDER 634 19 21 2 62 0
425 ORDER 635 61 11 8 67 0
426 UNBLOCK 10 14
426 ORDER 636 7 45 52 68 1
426 ORDER 637 45 38 3 65 1
427 ORDER 638 54 45 3 46 0
427 ORDER 639 34 41 44 68 0
428 UNBLOCK 6 57
428 ORDER 640 48 17 2 60 2
428 ORDER 641 9 32 86 68 0
429 ORDER 642 66 20 1 30 0
429 ORDER 643 57 63 3 54 0
429 BLOCK 8 15
430 UNBLOCK 79 66
430 UNBLOCK 81 34
430 ORDER 644 39 59 1 57 0
430 ORDER 645 11 60 2 62 0
431 ORDER 646 9 18 3 59 0
432 ORDER 647 51 20 3 11 0
432 ORDER 648 53 57 63 67 0
433 UNBLOCK 57 46
433 ORDER 649 46 53 48 67 2
433 ORDER 650 26 59 2 42 0
434 CANCEL 411
434 UNBLOCK 84 51
434 ORDER 651 6 15 1 37 0
435 UNBLOCK 94 66
435 UNBLOCK 91 5
435 ORDER 652 83 8 1 26 0
436 CANCEL 362
436 ORDER 653 39 42 2 14 1
437 ORDER 654 25 18 38 68 1
438 ORDER 655 10 35 34 68 2
438 ORDER 656 38 35 3 49 2
439 ORDER 657 36 38 3 45 0
439 ORDER 658 77 62 3 57 0
440 ORDER 659 28 30 3 30 0
441 ORDER 660 89 18 79 68 1
442 ORDER 661 55 27 23 67 0
442 ORDER 662 29 14 3 12 1
443 ORDER 663 21 60 3 17 1
444 ORDER 664 82 60 3 17 0
444 ORDER 665 76 51 37 67 0
445 CANCEL 381
445 CANCEL 524
445 ORDER 666 59 30 69 68 2
446 ORDER 667 41 59 1 46 1
446 ORDER 668 43 27 3 8 0
447 ORDER 669 55 11 1 45 0
447 ORDER 670 36 23 2 43 1
448 ORDER 671 19 14 3 38 1
448 BLOCK 36 6
449 ORDER 672 70 14 44 68 2
450 ORDER 673 93 30 96 68 1
451 ORDER 674 85 63 2 63 0
451 BLOCK 16 65
452 ORDER 675 68 59 3 4 0
452 ORDER 676 37 18 1 65 0
453 ORDER 677 9 54 3 24 2
454 CANCEL 475
454 ORDER 678 49 51 68 68 0
454 ORDER 679 28 44 67 67 1
455 UNBLOCK 28 9
455 ORDER 680 16 42 58 67 0
455 ORDER 681 51 36 1 48 3
456 ORDER 682 36 8 41 68 0
456 ORDER 683 85 54 95 67 0
457 ORDER 684 67 24 2 36 0
457 ORDER 685 11 57 21 68 0
458 ORDER 686 86 53 70 68 2
459 ORDER 687 77 26 35 67 0
459 ORDER 688 83 44 1 62 1
459 BLOCK 69 67
460 ORDER 689 82 6 50 68 2
461 ORDER 690 12 48 41 68 1
461 ORDER 691 43 27 2 42 0
462 ORDER 692 54 51 1 40 1
462 ORDER 693 61 11 2 50 2
463 ORDER 694 53 51 61 67 1
464 CANCEL 512
464 CANCEL 575
464 ORDER 695 93 42 31 68 2
465 ORDER 696 30 21 1 26 1
465 ORDER 697 35 15 66 68 0
466 ORDER 698 70 60 2 5 0
467 UNBLOCK 31 35
467 ORDER 699 86 65 51 68 1
467 ORDER 700 20 8 41 68 0
468 ORDER 701 20 50 1 59 3
469 ORDER 702 89 14 2 57 0
470 ORDER 703 59 8 75 68 0
470 ORDER 704 75 5 64 68 1
471 ORDER 705 65 11 3 8 0
471 ORDER 706 43 29 22 68 0
472 ORDER 707 59 36 3 2 0
472 ORDER 708 85 56 2 53 0
472 BLOCK 37 57
473 ORDER 709 45 38 1 64 1
473 ORDER 710 51 33 3 63 2
474 ORDER 711 37 56 2 60 0
475 ORDER 712 89 12 92 68 1
476 ORDER 713 52 33 78 68 0
477 ORDER 714 28 62 2 11 1
477 ORDER 715 68 40 1 15 0
477 BLOCK 16 23
478 ORDER 716 47 18 1 52 2
478 ORDER 717 91 42 3 9 1
479 ORDER 718 83 23 37 68 2
480 ORDER 719 31 26 3 62 0
480 ORDER 720 94 18 25 67 2
481 ORDER 721 55 5 1 43 2
482 ORDER 722 89 39 3 57 0
482 ORDER 723 46 51 2 65 1
483 ORDER 724 74 54 1 61 1
484 ORDER 725 43 14 65 67 0
484 BLOCK 39 29
485 ORDER 726 79 20 86 68 1
485 BLOCK 23 11
486 UNBLOCK 77 32
486 ORDER 727 76 42 1 5 0
487 ORDER 728 81 54 5 67 0
487 BLOCK 80 12
488 CANCEL 565
488 ORDER 729 51 27 1 23 2
488 BLOCK 91 65
489 CANCEL 649
489 ORDER 730 25 5 64 68 0
489 ORDER 731 24 36 1 44 0
490 ORDER 732 75 33 3 44 1
491 UNBLOCK 16 65
491 ORDER 733 93 32 65 68 1
492 ORDER 734 65 53 4 67 0
492 BLOCK 30 47
493 ORDER 735 34 29 3 68 1
493 ORDER 736 42 41 2 39 0
494 UNBLOCK 40 53
494 ORDER 737 68 35 49 67 0
494 BLOCK 85 26
495 ORDER 738 50 47 3 60 1
496 ORDER 739 33 6 1 36 1
496 ORDER 740 29 30 2 64 0
497 UNBLOCK 23 11
497 ORDER 741 24 14 65 68 2
497 ORDER 742 95 63 56 68 0
497 BLOCK 19 29
498 ORDER 743 46 3 62 67 0
498 ORDER 744 35 51 33 67 2
499 ORDER 745 86 30 2 32 2
500 UNBLOCK 8 15
500 ORDER 746 9 57 62 67 1
500 ORDER 747 50 15 72 67 0
501 ORDER 748 81 21 1 65 0
501 ORDER 749 10 8 95 68 0
502 ORDER 750 82 65 2 10 1
502 BLOCK 17 2
503 ORDER 751 51 9 1 37 0
504 ORDER 752 94 56 52 67 0
505 ORDER 753 37 62 2 66 0
506 UNBLOCK 80 12
506 ORDER 754 41 62 1 37 0
506 ORDER 755 15 60 42 68 0
507 ORDER 756 78 53 1 40 0
508 ORDER 757 20 26 3 66 1
508 ORDER 758 46 63 36 67 0
509 ORDER 759 86 6 3 32 1
510 UNBLOCK 36 6
510 ORDER 760 38 23 1 55 2
511 ORDER 761 21 47 1 4 3
511 BLOCK 53 33
512 ORDER 762 88 45 61 67 3
512 ORDER 763 88 20 42 67 0
513 ORDER 764 57 65 74 68 1
514 ORDER 765 80 3 60 67 0
515 ORDER 766 33 47 2 13 1
516 ORDER 767 91 30 41 68 0
517 ORDER 768 67 56 5 67 0
518 UNBLOCK 85 26
518 ORDER 769 48 65 1 38 0
519 ORDER 770 59 53 2 26 0
519 ORDER 771 66 65 2 2 0
520 UNBLOCK 17 2
520 ORDER 772 93 27 18 68 2
520 ORDER 773 18 48 23 68 0
521 ORDER 774 59 18 57 67 0
521 BLOCK 16 68
522 ORDER 775 40 53 1 28 1
522 ORDER 776 62 38 89 67 0
523 ORDER 777 22 62 73 68 0
523 ORDER 778 21 41 3 40 2
523 BLOCK 40 30
524 ORDER 779 72 50 1 47 0
524 BLOCK 59 39
525 ORDER 780 32 44 9 68 1
525 ORDER 781 38 57 11 68 2
526 ORDER 782 7 36 1 16 1
527 ORDER 783 68 38 26 67 0
527 ORDER 784 23 27 32 68 0
528 ORDER 785 59 26 3 29 0
529 ORDER 786 54 22 60 67 0
530 ORDER 787 20 36 86 68 0
531 ORDER 788 17 11 20 67 0
531 BLOCK 24 62
532 ORDER 789 26 5 67 68 3
532 ORDER 790 12 18 32 68 0
533 UNBLOCK 37 57
533 UNBLOCK 16 68
533 ORDER 791 46 44 1 40 1
534 ORDER 792 94 65 13 68 1
535 UNBLOCK 39 29
535 ORDER 793 28 17 3 4 0
535 ORDER 794 29 65 3 23 0
536 ORDER 795 71 8 1 5 0
536 ORDER 796 39 38 3 28 0
537 CANCEL 561
537 ORDER 797 88 44 64 67 1
537 BLOCK 26 18
538 ORDER 798 73 45 28 67 0
538 ORDER 799 65 39 2 61 0
539 ORDER 800 30 42 15 67 0
539 ORDER 801 23 27 59 68 3
540 ORDER 802 63 6 3 54 0
540 ORDER 803 28 29 65 68 0
541 ORDER 804 26 39 71 67 0
542 ORDER 805 85 11 26 68 0
543 ORDER 806 42 48 17 67 0
543 ORDER 807 7 14 53 67 1
543 BLOCK 71 36
544 ORDER 808 20 63 50 68 0
545 UNBLOCK 69 67
545 ORDER 809 85 12 2 12 0
545 ORDER 810 95 41 54 67 0
546 ORDER 811 55 65 10 68 0
546 ORDER 812 76 36 2 39 2
547 ORDER 813 39 30 2 29 0
548 ORDER 814 23 38 1 57 0
548 BLOCK 65 47
549 UNBLOCK 30 47
549 ORDER 815 75 11 68 67 2
550 UNBLOCK 26 18
550 ORDER 816 17 47 54 68 0
550 ORDER 817 22 60 3 32 0
551 ORDER 818 39 62 1 37 1
551 ORDER 819 89 3 88 68 0
552 ORDER 820 93 8 3 44 2
552 ORDER 821 90 3 29 67 0
553 ORDER 822 30 31 61 68 1
554 ORDER 823 32 44 3 28 0
554 ORDER 824 41 44 3 32 2
555 ORDER 825 70 42 1 37 1
555 ORDER 826 43 27 1 39 2
556 ORDER 827 73 62 10 68 0
556 ORDER 828 21 41 9 67 0
557 ORDER 829 95 45 26 68 1
557 ORDER 830 69 15 85 67 0
557 BLOCK 5 15
558 ORDER 831 59 65 3 51 3
559 ORDER 832 53 27 94 68 1
560 CANCEL 596
560 UNBLOCK 53 33
560 ORDER 833 17 44 3 32 0
560 ORDER 834 20 45 3 21 1
561 UNBLOCK 16 23
561 ORDER 835 47 23 2 30 0
561 ORDER 836 44 17 66 67 0
562 ORDER 837 59 53 2 15 1
562 BLOCK 59 15
563 ORDER 838 53 29 1 16 1
563 ORDER 839 76 62 56 68 2
564 ORDER 840 73 9 90 68 1
564 ORDER 841 11 17 3 16 0
565 ORDER 842 57 62 69 68 2
566 ORDER 843 54 26 47 68 0
567 ORDER 844 35 24 16 67 0
567 ORDER 845 63 23 2 25 0
567 BLOCK 59 23
568 UNBLOCK 91 65
568 UNBLOCK 40 30
568 UNBLOCK 65 47
568 ORDER 846 41 35 3 47 3
568 BLOCK 21 53
569 UNBLOCK 24 62
569 ORDER 847 67 27 1 21 2
570 ORDER 848 29 62 5 68 1
570 ORDER 849 74 11 26 67 1
571 ORDER 850 90 14 92 68 1
571 ORDER 851 80 27 82 68 0
571 BLOCK 14 45
572 CANCEL 748
572 ORDER 852 26 59 43 68 2
573 ORDER 853 75 15 1 40 0
573 ORDER 854 65 56 1 67 2
574 UNBLOCK 59 15
574 ORDER 855 73 54 11 68 1
574 ORDER 856 7 32 1 17 0
575 ORDER 857 28 17 41 67 0
575 BLOCK 21 30
576 ORDER 858 74 12 2 58 1
576 ORDER 859 58 12 2 38 0
577 ORDER 860 56 32 67 68 0
577 ORDER 861 88 39 1 42 0
578 ORDER 862 24 59 98 67 0
578 ORDER 863 19 38 22 68 0
579 ORDER 864 66 9 53 67 2
579 ORDER 865 41 42 10 68 1
580 ORDER 866 30 26 3 10 0
581 UNBLOCK 59 39
581 ORDER 867 77 47 1 56 0
581 ORDER 868 54 45 2 30 0
581 BLOCK 22 5
582 ORDER 869 19 15 78 68 1
582 ORDER 870 70 26 1 28 0
583 ORDER 871 49 23 3 42 0
583 ORDER 872 39 48 65 68 1
584 ORDER 873 54 8 79 68 3
584 ORDER 874 17 57 34 67 1
585 ORDER 875 20 39 74 67 0
586 UNBLOCK 19 29
586 ORDER 876 17 45 3 34 2
586 ORDER 877 52 5 16 68 2
587 CANCEL 870
587 ORDER 878 68 53 94 68 1
587 ORDER 879 74 39 2 7 1
588 ORDER 880 66 12 3 17 0
589 ORDER 881 12 21 3 52 0
589 ORDER 882 56 44 3 57 2
590 UNBLOCK 14 45
590 ORDER 883 89 27 1 46 0
590 ORDER 884 38 26 32 68 0
590 BLOCK 11 66
591 ORDER 885 49 62 1 26 3
592 ORDER 886 85 48 1 55 0
592 BLOCK 90 68
593 ORDER 887 37 56 88 67 0
594 ORDER 888 47 41 57 67 0
595 ORDER 889 78 18 1 17 2
595 ORDER 890 41 65 2 43 0
596 ORDER 891 46 5 2 45 0
597 ORDER 892 43 27 18 68 0
598 UNBLOCK 71 36
598 ORDER 893 48 59 51 67 2
599 ORDER 894 12 52 3 10 0
599 ORDER 895 21 11 3 43 0
599 BLOCK 91 25
600 ORDER 896 90 59 3 57 0
600 ORDER 897 6 5 1 58 1
601 CANCEL 671
601 ORDER 898 35 6 71 67 0
601 BLOCK 61 36
602 ORDER 899 94 59 3 1 0
602 ORDER 900 62 21 41 68 1
603 UNBLOCK 21 30
603 ORDER 901 16 38 1 50 1
604 ORDER 902 49 14 3 44 0
604 ORDER 903 52 35 56 67 0
605 ORDER 904 52 65 2 23 2
606 ORDER 905 48 12 2 56 2
607 ORDER 906 58 60 64 67 2
607 ORDER 907 63 5 42 68 0
607 BLOCK 92 53
608 ORDER 908 88 8 22 68 1
608 ORDER 909 26 53 1 28 0
609 ORDER 910 16 11 38 68 1
609 ORDER 911 32 42 1 41 2
609 BLOCK 42 54
610 ORDER 912 92 36 46 67 2
611 ORDER 913 11 32 1 4 1
611 ORDER 914 94 30 20 67 0
612 ORDER 915 7 29 39 68 0
613 ORDER 916 48 23 1 46 2
614 ORDER 917 26 57 3 35 0
614 BLOCK 54 3
615 ORDER 918 36 62 77 68 1
616 ORDER 919 80 5 45 67 0
616 ORDER 920 21 6 2 58 2
617 ORDER 921 86 50 39 67 1
617 ORDER 922 21 27 3 6 0
618 UNBLOCK 59 23
618 ORDER 923 8 56 3 31 0
618 ORDER 924 41 36 1 55 0
619 ORDER 925 94 35 3 18 1
620 ORDER 926 68 24 2 4 2
620 ORDER 927 26 56 2 24 0
621 ORDER 928 66 32 1 68 1
621 ORDER 929 47 30 3 37 0
621 BLOCK 25 55
622 ORDER 930 52 47 3 35 2
622 ORDER 931 33 57 64 68 1
623 CANCEL 818
623 UNBLOCK 90 68
623 ORDER 932 26 33 69 68 0
623 ORDER 933 91 18 3 49 1
624 ORDER 934 78 54 95 68 0
624 ORDER 935 30 65 3 50 1
624 BLOCK 75 12
625 ORDER 936 71 59 1 23 2
625 ORDER 937 62 21 2 56 0
625 BLOCK 45 40
626 ORDER 938 30 35 1 3 0
626 BLOCK 64 12
627 ORDER 939 48 9 2 41 1
627 ORDER 940 69 47 51 68 0
628 ORDER 941 68 41 1 31 1
628 BLOCK 10 57
629 ORDER 942 60 50 83 67 0
629 ORDER 943 20 17 83 68 0
629 BLOCK 5 7
630 CANCEL 795
630 ORDER 944 42 44 3 55 0
630 ORDER 945 62 50 15 68 1
631 ORDER 946 59 5 1 50 0
631 ORDER 947 29 24 57 68 2
632 UNBLOCK 5 15
632 ORDER 948 46 56 35 67 0
633 ORDER 949 77 53 87 68 0
634 CANCEL 948
634 ORDER 950 62 41 1 67 0
634 BLOCK 77 68
635 ORDER 951 9 18 3 14 0
635 BLOCK 73 59
636 UNBLOCK 61 36
636 ORDER 952 73 41 2 65 0
637 UNBLOCK 42 54
637 ORDER 953 82 29 33 68 3
638 UNBLOCK 92 53
638 ORDER 954 95 20 41 67 0
639 ORDER 955 38 23 75 68 0
639 ORDER 956 10 18 1 19 0
640 ORDER 957 67 32 47 68 3
640 ORDER 958 65 30 2 2 1
641 CANCEL 900
641 ORDER 959 95 9 3 52 1
641 ORDER 960 56 36 1 11 3
642 ORDER 961 77 26 2 5 0
642 BLOCK 62 11
643 ORDER 962 56 36 8 67 0
644 CANCEL 930
644 UNBLOCK 10 57
644 ORDER 963 93 47 10 68 3
644 ORDER 964 16 44 1 5 0
645 ORDER 965 41 9 33 67 0
645 ORDER 966 55 15 90 68 3
646 ORDER 967 10 51 1 62 1
646 ORDER 968 84 5 85 67 1
646 BLOCK 36 39
647 ORDER 969 36 8 2 36 1
647 ORDER 970 8 45 81 67 1
648 UNBLOCK 21 53
648 ORDER 971 73 33 3 65 0
648 ORDER 972 92 60 2 19 0
649 ORDER 973 23 21 16 67 1
649 BLOCK 31 50
650 ORDER 974 43 41 79 68 0
651 ORDER 975 10 48 2 21 0
651 ORDER 976 19 21 1 58 0
652 ORDER 977 70 62 2 6 0
653 ORDER 978 59 32 2 29 0
654 ORDER 979 76 65 72 68 0
655 ORDER 980 47 62 1 19 0
655 ORDER 981 39 14 3 33 0
656 ORDER 982 47 32 2 36 0
657 ORDER 983 58 51 45 68 1
657 ORDER 984 63 26 2 62 1
658 ORDER 985 39 21 6 68 2
658 ORDER 986 52 50 1 53 0
659 ORDER 987 49 36 3 19 3
659 ORDER 988 58 56 1 18 0
660 ORDER 989 72 59 95 67 1
661 ORDER 990 41 3 1 66 0
661 BLOCK 76 39
662 ORDER 991 20 35 2 37 1
662 ORDER 992 78 24 33 68 0
663 ORDER 993 45 11 23 67 2
663 ORDER 994 36 44 3 13 0
664 ORDER 995 52 9 64 67 0
664 ORDER 996 65 44 2 25 0
664 BLOCK 8 12
665 UNBLOCK 11 66
665 UNBLOCK 75 12
665 ORDER 997 15 11 72 67 3
665 ORDER 998 19 42 3 21 0
666 ORDER 999 35 11 3 34 0
667 UNBLOCK 36 39
667 ORDER 1000 79 50 36 68 0
668 ORDER 1001 71 54 2 20 0
669 ORDER 1002 44 3 3 25 0
669 ORDER 1003 92 23 1 35 3
670 UNBLOCK 45 40
670 ORDER 1004 12 59 21 68 0
671 ORDER 1005 56 23 3 13 2
671 ORDER 1006 73 42 21 68 0
672 UNBLOCK 25 55
672 ORDER 1007 70 44 67 68 1
672 ORDER 1008 59 38 2 47 0
672 BLOCK 56 13
673 UNBLOCK 73 59
673 ORDER 1009 69 14 3 18 0
673 BLOCK 7 59
674 UNBLOCK 22 5
674 CANCEL 919
674 ORDER 1010 54 3 3 47 1
674 ORDER 1011 81 15 38 68 0
674 BLOCK 25 65
675 ORDER 1012 6 8 69 67 0
675 ORDER 1013 20 47 2 64 0
676 ORDER 1014 19 38 42 67 0
676 ORDER 1015 53 29 3 20 1
677 ORDER 1016 29 15 3 27 1
677 ORDER 1017 48 17 64 67 1
678 ORDER 1018 86 63 1 6 0
679 ORDER 1019 41 30 59 68 0
679 ORDER 1020 58 5 3 24 3
680 UNBLOCK 62 11
680 ORDER 1021 6 30 2 65 0
681 ORDER 1022 56 3 1 66 2
681 BLOCK 56 23
682 ORDER 1023 63 53 28 68 0
683 CANCEL 966
683 ORDER 1024 52 63 69 67 1
683 ORDER 1025 68 41 3 25 0
684 ORDER 1026 69 27 3 44 1
684 ORDER 1027 70 26 1 61 1
684 BLOCK 89 36
685 ORDER 1028 9 17 74 68 0
686 UNBLOCK 76 39
686 UNBLOCK 56 13
686 ORDER 1029 89 5 50 67 2
687 ORDER 1030 61 59 1 68 2
687 ORDER 1031 23 14 89 68 3
688 ORDER 1032 65 63 2 42 2
689 ORDER 1033 38 54 1 53 1
689 ORDER 1034 32 20 87 67 2
690 UNBLOCK 5 7
690 ORDER 1035 64 32 82 68 1
691 ORDER 1036 77 65 3 44 0
692 UNBLOCK 91 25
692 ORDER 1037 48 39 88 68 0
692 ORDER 1038 92 11 2 42 0
693 ORDER 1039 83 41 78 67 0
694 UNBLOCK 25 65
694 ORDER 1040 60 27 1 37 0
695 ORDER 1041 20 21 79 67 3
696 UNBLOCK 54 3
696 ORDER 1042 74 33 1 44 1
697 ORDER 1043 90 38 96 67 1
698 ORDER 1044 44 9 2 44 0
698 ORDER 1045 50 38 2 4 0
699 ORDER 1046 88 8 3 63 0
700 ORDER 1047 71 9 63 68 1
700 ORDER 1048 12 41 1 60 0
701 ORDER 1049 86 39 2 28 1
701 ORDER 1050 19 29 7 68 0
702 ORDER 1051 61 21 22 68 1
703 ORDER 1052 57 41 2 22 0
703 BLOCK 38 62
704 ORDER 1053 41 18 47 68 0
704 ORDER 1054 18 56 1 46 3
705 ORDER 1055 11 47 17 67 0
705 ORDER 1056 85 11 42 67 2
705 BLOCK 60 51
706 ORDER 1057 7 36 3 17 0
707 CANCEL 797
707 ORDER 1058 54 5 1 56 0
708 UNBLOCK 31 50
708 ORDER 1059 54 3 32 67 1
708 ORDER 1060 16 33 3 29 0
709 UNBLOCK 56 23
709 ORDER 1061 7 30 15 67 0
709 CANCEL 101061
710 ORDER 1062 72 14 16 67 0
710 ORDER 1063 35 63 14 68 1
711 UNBLOCK 64 12
711 ORDER 1064 28 57 8 67 0
712 UNBLOCK 8 12
712 ORDER 1065 41 42 45 68 0
712 BLOCK 31 58
713 ORDER 1066 8 38 31 68 0
714 ORDER 1067 36 65 35 67 1
714 ORDER 1068 87 63 1 34 0
715 ORDER 1069 34 30 3 27 1
716 UNBLOCK 7 59
716 UNBLOCK 89 36
716 ORDER 1070 31 33 30 68 0
716 ORDER 1071 67 15 61 68 0
717 UNBLOCK 38 62
717 ORDER 1072 49 39 1 13 2
718 ORDER 1073 83 39 1 39 0
719 ORDER 1074 51 50 86 67 1
719 BLOCK 90 49
720 ORDER 1075 45 53 85 68 0
720 ORDER 1076 90 39 50 67 2
721 ORDER 1077 49 45 1 18 0
722 ORDER 1078 73 57 75 68 1
722 BLOCK 44 59
723 ORDER 1079 84 41 88 67 3
724 ORDER 1080 22 48 3 43 0
724 ORDER 1081 80 50 2 22 0
725 ORDER 1082 16 5 3 13 1
725 ORDER 1083 58 39 3 3 1
725 BLOCK 95 68
726 ORDER 1084 11 41 1 54 0
726 ORDER 1085 37 35 42 68 0
727 ORDER 1086 10 6 57 67 0
727 ORDER 1087 55 60 37 68 0
727 BLOCK 37 11
728 ORDER 1088 77 26 54 68 0
728 ORDER 1089 87 26 2 19 0
729 UNBLOCK 77 68
729 UNBLOCK 31 58
729 ORDER 1090 53 23 1 51 1
730 ORDER 1091 81 47 3 57 1
730 ORDER 1092 70 42 89 68 0
731 ORDER 1093 59 18 3 32 0
731 BLOCK 36 23
732 ORDER 1094 28 35 2 54 3
733 ORDER 1095 89 23 3 1 2
733 ORDER 1096 85 6 19 68 0
734 ORDER 1097 79 12 3 13 0
735 ORDER 1098 23 32 35 67 1
735 ORDER 1099 7 17 2 55 0
736 ORDER 1100 70 45 3 20 3
736 ORDER 1101 66 11 3 53 0
737 ORDER 1102 49 57 3 56 1
737 ORDER 1103 95 45 49 68 0
738 ORDER 1104 32 3 11 67 0
738 ORDER 1105 11 8 57 67 0
739 ORDER 1106 87 27 32 68 0
739 ORDER 1107 32 20 61 67 0
740 ORDER 1108 38 57 3 24 2
740 ORDER 1109 91 59 2 22 0
741 ORDER 1110 40 57 42 67 0
741 ORDER 1111 27 42 2 11 0
741 BLOCK 78 47
742 ORDER 1112 49 5 73 67 2
742 ORDER 1113 69 20 3 67 0
742 BLOCK 56 12
743 ORDER 1114 67 27 68 68 2
743 ORDER 1115 56 23 1 55 1
743 BLOCK 89 34
744 ORDER 1116 71 14 3 35 0
744 ORDER 1117 85 8 1 47 1
745 UNBLOCK 90 49
745 ORDER 1118 38 30 98 68 0
746 UNBLOCK 36 23
746 ORDER 1119 13 35 48 67 3
747 CANCEL 1114
747 ORDER 1120 84 6 1 51 1
748 ORDER 1121 41 35 11 68 0
748 ORDER 1122 60 20 15 68 0
749 ORDER 1123 30 41 22 68 1
750 ORDER 1124 47 14 2 19 0
751 ORDER 1125 7 33 2 55 0
751 BLOCK 90 44
752 ORDER 1126 10 32 90 68 0
753 CANCEL 863
753 ORDER 1127 76 50 7 68 2
754 ORDER 1128 35 38 3 28 0
754 ORDER 1129 13 26 87 68 0
754 BLOCK 12 10
755 ORDER 1130 59 32 1 50 0
755 ORDER 1131 65 18 13 67 1
756 CANCEL 1000
756 ORDER 1132 47 23 69 68 2
756 ORDER 1133 66 36 1 3 2
757 ORDER 1134 92 30 2 66 0
757 ORDER 1135 93 29 2 58 0
758 ORDER 1136 89 65 1 24 0
759 CANCEL 907
759 ORDER 1137 16 51 2 66 0
760 ORDER 1138 19 38 18 68 0
760 ORDER 1139 18 12 2 64 3
761 ORDER 1140 70 11 2 62 0
761 ORDER 1141 11 29 2 41 1
762 ORDER 1142 89 62 3 10 0
762 ORDER 1143 83 27 3 16 1
763 ORDER 1144 23 23 25 67 0
763 ORDER 1145 47 20 3 27 1
764 ORDER 1146 9 33 2 22 3
764 ORDER 1147 36 59 92 67 0
765 ORDER 1148 83 33 1 7 1
765 ORDER 1149 39 53 39 67 0
766 ORDER 1150 27 15 42 68 0
767 CANCEL 890
767 ORDER 1151 54 14 2 20 0
767 ORDER 1152 58 17 72 67 0
768 ORDER 1153 14 36 2 36 0
769 UNBLOCK 56 12
769 ORDER 1154 46 60 24 67 1
769 ORDER 1155 80 59 52 68 3
770 ORDER 1156 88 65 7 68 0
770 ORDER 1157 27 11 15 67 0
771 ORDER 1158 24 53 3 12 0
772 ORDER 1159 86 63 20 67 0
772 ORDER 1160 15 62 2 51 1
773 ORDER 1161 58 3 57 68 0
774 ORDER 1162 30 36 1 54 2
774 CANCEL 101162
774 BLOCK 90 27
775 CANCEL 913
775 ORDER 1163 59 14 3 32 0
775 ORDER 1164 90 52 79 68 3
776 ORDER 1165 17 38 6 68 0
777 UNBLOCK 95 68
777 ORDER 1166 11 51 1 53 0
778 UNBLOCK 12 10
778 ORDER 1167 76 39 4 68 1
779 ORDER 1168 79 21 1 1 1
780 ORDER 1169 23 15 2 19 1
780 ORDER 1170 71 21 88 67 1
781 ORDER 1171 77 42 2 60 0
782 ORDER 1172 82 41 2 52 0
783 ORDER 1173 80 21 2 60 0
783 ORDER 1174 66 32 1 30 1
784 ORDER 1175 34 56 2 11 3
785 CANCEL 992
785 ORDER 1176 64 26 3 50 0
786 ORDER 1177 75 35 32 68 3
786 ORDER 1178 19 39 98 67 0
787 ORDER 1179 58 39 2 19 1
787 ORDER 1180 10 5 92 67 1
788 ORDER 1181 40 33 19 68 0
788 ORDER 1182 30 42 47 68 1
789 ORDER 1183 63 30 53 67 0
789 ORDER 1184 64 23 60 67 0
789 BLOCK 9 57
790 ORDER 1185 24 14 1 5 1
790 ORDER 1186 60 33 67 68 0
791 ORDER 1187 14 38 73 68 2
791 ORDER 1188 61 54 2 60 0
792 ORDER 1189 67 36 50 67 1
792 ORDER 1190 38 8 21 68 1
792 BLOCK 60 21
793 ORDER 1191 50 36 7 67 0
794 ORDER 1192 92 32 1 10 0
794 BLOCK 55 24
795 UNBLOCK 44 59
795 ORDER 1193 63 56 3 21 0
795 ORDER 1194 45 24 31 68 1
795 BLOCK 38 66
796 ORDER 1195 16 60 2 20 0
796 ORDER 1196 6 62 15 67 0
797 ORDER 1197 52 57 2 68 0
798 UNBLOCK 60 51
798 ORDER 1198 34 33 58 67 2
799 ORDER 1199 6 63 34 67 2
800 ORDER 1200 82 3 39 68 2
800 ORDER 1201 74 33 71 68 0
800 BLOCK 89 41
801 ORDER 1202 65 21 48 67 0
801 ORDER 1203 10 17 3 48 1
802 ORDER 1204 90 53 55 68 0
803 ORDER 1205 54 42 1 15 1
804 ORDER 1206 47 26 3 38 0
804 ORDER 1207 30 54 89 67 0
805 ORDER 1208 69 26 1 23 1
805 ORDER 1209 21 62 52 67 2
806 ORDER 1210 13 35 3 34 2
807 ORDER 1211 94 32 2 12 0
807 ORDER 1212 82 27 1 6 0
808 UNBLOCK 38 66
808 ORDER 1213 10 50 36 68 0
809 ORDER 1214 50 56 2 62 2
810 UNBLOCK 90 27
810 ORDER 1215 16 9 11 68 1
811 ORDER 1216 95 45 2 12 0
811 ORDER 1217 36 9 1 22 1
812 UNBLOCK 37 11
812 ORDER 1218 40 50 83 68 2
813 ORDER 1219 25 27 35 67 0
814 ORDER 1220 77 11 88 67 1
815 ORDER 1221 86 6 18 68 1
816 ORDER 1222 49 65 98 68 1
817 ORDER 1223 45 38 2 63 1
818 ORDER 1224 37 41 3 63 1
819 ORDER 1225 79 12 3 22 0
819 ORDER 1226 59 5 1 5 0
819 BLOCK 23 15
820 ORDER 1227 83 6 3 33 1
820 ORDER 1228 66 42 2 22 0
821 ORDER 1229 83 33 2 19 0
821 ORDER 1230 62 29 94 67 1
821 BLOCK 62 19
822 ORDER 1231 8 33 91 67 0
823 ORDER 1232 60 9 85 68 2
823 ORDER 1233 54 47 2 16 1
824 ORDER 1234 57 11 1 42 0
825 ORDER 1235 48 57 3 66 1
825 ORDER 1236 32 14 29 67 3
826 ORDER 1237 26 60 6 67 0
826 ORDER 1238 22 12 3 16 0
826 BLOCK 31 59
827 ORDER 1239 59 12 62 68 0
828 ORDER 1240 81 44 72 68 3
828 ORDER 1241 52 59 27 68 0
829 UNBLOCK 78 47
829 ORDER 1242 87 30 1 28 1
829 ORDER 1243 26 9 5 68 0
830 UNBLOCK 90 44
830 ORDER 1244 8 26 94 68 0
830 ORDER 1245 29 44 2 64 0
830 BLOCK 41 47
831 ORDER 1246 17 45 3 63 1
832 UNBLOCK 89 34
832 ORDER 1247 41 42 1 32 0
833 ORDER 1248 65 17 96 67 1
834 ORDER 1249 49 60 48 68 1
834 BLOCK 80 14
835 UNBLOCK 9 57
835 ORDER 1250 6 54 2 29 0
835 ORDER 1251 36 36 71 68 0
835 BLOCK 65 1
836 ORDER 1252 43 50 75 67 0
837 ORDER 1253 68 38 22 67 0
838 ORDER 1254 44 45 3 68 0
838 ORDER 1255 84 35 70 67 2
839 ORDER 1256 79 24 2 46 0
839 ORDER 1257 23 5 47 67 0
840 ORDER 1258 35 30 1 7 2
840 BLOCK 69 30
841 ORDER 1259 19 36 11 68 0
841 ORDER 1260 65 32 93 68 0
842 ORDER 1261 36 15 63 68 0
842 ORDER 1262 44 9 1 51 0
843 ORDER 1263 7 57 3 48 0
843 ORDER 1264 46 57 1 6 0
844 ORDER 1265 46 59 67 67 1
844 ORDER 1266 65 35 1 7 0
845 ORDER 1267 31 38 18 67 0
846 ORDER 1268 40 36 3 51 0
847 ORDER 1269 33 29 5 68 2
847 BLOCK 35 48
848 ORDER 1270 85 45 3 27 0
848 BLOCK 90 30
849 CANCEL 1113
849 ORDER 1271 86 32 2 42 0
849 ORDER 1272 22 14 75 67 1
850 UNBLOCK 89 41
850 ORDER 1273 29 26 1 6 0
851 ORDER 1274 34 56 3 14 0
851 ORDER 1275 40 17 10 67 1
852 ORDER 1276 6 42 83 67 0
852 ORDER 1277 83 21 66 68 0
853 ORDER 1278 6 35 2 31 0
853 BLOCK 16 57
854 ORDER 1279 85 24 2 65 0
854 ORDER 1280 68 65 90 68 1
855 ORDER 1281 91 62 60 68 2
856 ORDER 1282 81 26 2 13 0
857 ORDER 1283 33 8 96 67 0
858 ORDER 1284 75 9 1 4 1
858 ORDER 1285 6 6 86 68 1
859 ORDER 1286 10 20 3 37 0
859 ORDER 1287 38 8 3 31 0
860 ORDER 1288 30 11 23 68 0
861 ORDER 1289 69 44 3 25 1
862 ORDER 1290 8 15 1 64 3
863 ORDER 1291 11 42 1 42 0
863 ORDER 1292 77 47 3 68 0
864 ORDER 1293 9 51 48 67 1
864 ORDER 1294 75 53 62 67 0
865 UNBLOCK 69 30
865 ORDER 1295 16 51 1 44 0
866 ORDER 1296 84 14 75 68 0
867 UNBLOCK 55 24
867 ORDER 1297 50 65 3 43 0
868 ORDER 1298 83 9 98 67 0
868 ORDER 1299 9 11 45 67 0
869 ORDER 1300 74 60 22 67 0
870 UNBLOCK 65 1
870 ORDER 1301 29 17 5 67 2
871 ORDER 1302 36 59 32 68 0
872 ORDER 1303 38 27 36 68 0
873 ORDER 1304 27 35 1 10 2
874 ORDER 1305 93 47 2 61 0
875 ORDER 1306 63 12 48 67 1
875 ORDER 1307 51 9 56 67 1
876 UNBLOCK 80 14
876 ORDER 1308 46 42 2 50 0
877 ORDER 1309 72 45 3 48 1
877 ORDER 1310 77 27 2 52 0
878 ORDER 1311 79 39 60 68 2
878 ORDER 1312 87 63 1 5 0
878 BLOCK 24 29
879 ORDER 1313 84 39 3 23 0
879 BLOCK 88 18
880 UNBLOCK 60 21
880 ORDER 1314 87 44 32 68 0
881 ORDER 1315 65 38 3 17 1
882 ORDER 1316 75 54 3 16 0
883 ORDER 1317 39 44 2 17 0
883 ORDER 1318 48 26 3 59 2
884 ORDER 1319 47 18 48 68 0
884 ORDER 1320 50 36 98 67 0
885 UNBLOCK 31 59
885 ORDER 1321 50 38 3 38 0
885 ORDER 1322 79 65 3 35 2
885 BLOCK 26 59
886 UNBLOCK 23 15
886 ORDER 1323 82 36 10 67 1
887 ORDER 1324 17 14 30 68 0
888 ORDER 1325 48 27 45 67 0
888 ORDER 1326 34 39 1 6 0
889 ORDER 1327 89 11 2 4 2
890 ORDER 1328 77 21 21 68 1
890 BLOCK 59 39
891 ORDER 1329 68 60 63 68 1
891 ORDER 1330 55 7 57 68 0
891 BLOCK 76 29
892 ORDER 1331 82 41 31 67 2
892 ORDER 1332 18 39 1 51 0
892 BLOCK 27 9
893 ORDER 1333 7 59 2 3 0
894 ORDER 1334 87 21 19 67 0
894 BLOCK 27 56
895 ORDER 1335 38 44 61 67 0
896 ORDER 1336 95 30 46 68 0
896 ORDER 1337 31 36 1 15 1
897 ORDER 1338 75 27 67 68 3
897 ORDER 1339 30 60 30 68 1
898 ORDER 1340 52 12 1 57 2
898 ORDER 1341 71 36 3 55 0
899 ORDER 1342 18 65 65 67 1
900 ORDER 1343 79 48 3 53 0
900 ORDER 1344 63 14 1 27 0
901 ORDER 1345 65 59 37 67 0
901 ORDER 1346 11 35 2 42 2
902 ORDER 1347 7 56 3 4 0
902 ORDER 1348 95 47 2 21 0
903 ORDER 1349 45 65 7 67 0
903 ORDER 1350 10 24 3 32 2
903 BLOCK 59 54
904 ORDER 1351 22 44 1 57 0
905 ORDER 1352 28 62 60 67 0
905 ORDER 1353 9 6 27 68 0
906 ORDER 1354 6 59 44 67 1
906 ORDER 1355 48 33 3 47 0
907 ORDER 1356 66 44 1 23 0
908 ORDER 1357 28 36 97 68 2
909 ORDER 1358 40 6 2 38 0
909 ORDER 1359 51 62 15 68 0
910 ORDER 1360 78 35 11 68 1
910 ORDER 1361 8 57 11 68 0
911 UNBLOCK 62 19
911 UNBLOCK 24 29
911 ORDER 1362 37 14 2 53 0
912 ORDER 1363 49 56 1 68 3
912 ORDER 1364 32 48 1 13 0
913 UNBLOCK 41 47
913 ORDER 1365 62 24 59 67 0
913 ORDER 1366 6 48 1 25 1
914 CANCEL 1080
914 ORDER 1367 79 20 2 37 1
914 ORDER 1368 59 6 30 68 0
915 ORDER 1369 67 14 55 67 2
915 BLOCK 9 12
916 ORDER 1370 64 33 24 68 1
917 ORDER 1371 39 30 2 16 3
918 ORDER 1372 27 59 2 31 2
919 ORDER 1373 36 18 2 36 0
920 ORDER 1374 40 21 19 68 0
920 ORDER 1375 22 48 15 67 0
921 ORDER 1376 32 20 1 5 1
922 ORDER 1377 44 45 63 68 1
922 ORDER 1378 12 20 24 67 0
922 BLOCK 19 38
923 UNBLOCK 59 54
923 ORDER 1379 15 4 3 57 1
924 ORDER 1380 21 48 3 38 3
924 BLOCK 37 23
925 UNBLOCK 9 12
925 ORDER 1381 30 17 1 9 1
925 ORDER 1382 75 9 1 59 3
926 ORDER 1383 43 39 24 67 3
927 UNBLOCK 90 30
927 ORDER 1384 81 5 2 51 0
928 ORDER 1385 71 48 1 56 0
929 ORDER 1386 76 44 40 68 0
930 ORDER 1387 51 33 2 64 2
930 ORDER 1388 53 29 3 15 1
931 ORDER 1389 30 18 64 67 3
931 ORDER 1390 49 15 77 68 0
932 ORDER 1391 34 59 1 16 0
932 ORDER 1392 83 38 77 68 1
933 ORDER 1393 28 24 2 13 3
933 ORDER 1394 70 47 1 37 2
934 UNBLOCK 27 9
934 ORDER 1395 28 14 2 30 1
934 BLOCK 48 18
935 ORDER 1396 41 54 1 36 1
935 BLOCK 52 67
936 ORDER 1397 32 54 82 67 0
936 ORDER 1398 95 20 50 67 2
937 ORDER 1399 95 50 85 68 1
937 BLOCK 51 6
938 ORDER 1400 49 36 3 34 1
938 ORDER 1401 27 8 3 41 0
939 ORDER 1402 74 5 2 37 0
940 ORDER 1403 61 40 1 6 1
940 BLOCK 94 9
941 UNBLOCK 27 56
941 ORDER 1404 63 29 2 59 1
941 ORDER 1405 70 45 3 29 1
942 ORDER 1406 23 26 50 67 0
942 ORDER 1407 18 41 51 67 1
943 UNBLOCK 35 48
943 ORDER 1408 34 33 1 42 0
943 ORDER 1409 95 17 77 68 0
943 BLOCK 86 11
944 ORDER 1410 30 36 2 6 1
944 ORDER 1411 30 60 3 43 0
945 UNBLOCK 59 39
945 ORDER 1412 84 5 55 67 0
946 UNBLOCK 16 57
946 ORDER 1413 17 30 46 68 0
947 ORDER 1414 8 9 33 68 1
947 ORDER 1415 69 48 3 54 0
947 BLOCK 56 32
948 ORDER 1416 58 32 88 67 0
948 ORDER 1417 84 63 3 22 0
949 ORDER 1418 7 44 96 67 0
950 UNBLOCK 88 18
950 ORDER 1419 24 51 2 2 0
950 ORDER 1420 32 56 2 14 1
951 ORDER 1421 16 20 1 6 0
952 ORDER 1422 55 53 2 10 0
953 ORDER 1423 68 48 2 52 3
953 ORDER 1424 18 18 51 67 1
954 ORDER 1425 27 21 24 68 0
955 ORDER 1426 21 33 2 1 0
955 ORDER 1427 94 38 2 3 0
955 BLOCK 61 51
956 ORDER 1428 81 38 69 67 3
957 ORDER 1429 8 57 87 67 0
957 ORDER 1430 61 47 3 33 1
957 BLOCK 13 64
958 UNBLOCK 86 11
958 ORDER 1431 43 3 77 68 0
958 ORDER 1432 53 24 3 26 1
958 BLOCK 90 45
959 UNBLOCK 19 38
959 ORDER 1433 80 26 2 30 3
960 ORDER 1434 61 29 96 67 0
960 ORDER 1435 6 38 2 44 0
961 ORDER 1436 30 15 2 46 1
961 ORDER 1437 69 44 79 67 0
962 UNBLOCK 94 9
962 ORDER 1438 29 5 3 11 0
962 ORDER 1439 51 63 1 25 1
963 ORDER 1440 24 53 94 68 0
964 ORDER 1441 53 53 2 2 1
964 BLOCK 9 56
965 ORDER 1442 56 63 5 67 0
966 ORDER 1443 39 47 2 51 0
967 CANCEL 1164
967 ORDER 1444 70 65 3 65 1
968 ORDER 1445 41 47 2 35 0
968 ORDER 1446 39 48 77 68 0
969 ORDER 1447 44 41 1 1 1
970 ORDER 1448 63 9 1 5 0
970 ORDER 1449 66 3 90 67 1
970 BLOCK 52 26
971 ORDER 1450 25 36 75 68 0
972 ORDER 1451 59 33 69 68 0
973 ORDER 1452 77 21 1 63 0
973 ORDER 1453 95 35 3 31 0
974 ORDER 1454 65 48 73 68 0
975 ORDER 1455 20 39 20 68 1
975 ORDER 1456 83 8 11 68 1
976 ORDER 1457 38 57 1 58 1
977 UNBLOCK 26 59
977 ORDER 1458 69 47 2 30 0
977 ORDER 1459 25 30 1 35 0
977 BLOCK 51 32
978 ORDER 1460 57 41 2 10 0
978 ORDER 1461 66 60 71 67 1
979 ORDER 1462 58 26 2 64 0
979 ORDER 1463 95 63 2 40 0
980 UNBLOCK 76 29
980 ORDER 1464 32 39 74 68 0
980 ORDER 1465 12 14 1 63 2
980 BLOCK 63 6
981 ORDER 1466 63 24 53 68 0
981 ORDER 1467 85 51 33 68 1
981 BLOCK 89 57
982 ORDER 1468 64 44 2 9 0
983 UNBLOCK 61 51
983 ORDER 1469 59 27 3 54 0
983 ORDER 1470 55 20 87 68 1
984 CANCEL 1436
984 ORDER 1471 69 39 23 68 0
984 ORDER 1472 84 47 63 67 1
985 ORDER 1473 60 32 3 25 3
986 ORDER 1474 53 57 2 29 0
986 BLOCK 20 48
987 UNBLOCK 13 64
987 ORDER 1475 61 20 89 68 1
988 ORDER 1476 33 41 2 15 0
989 CANCEL 1301
989 ORDER 1477 50 17 83 67 1
989 ORDER 1478 81 23 70 67 0
990 ORDER 1479 41 12 86 68 0
991 ORDER 1480 86 51 1 1 1
991 ORDER 1481 9 36 94 67 0
992 ORDER 1482 48 24 2 19 0
992 ORDER 1483 32 24 1 61 0
993 ORDER 1484 11 39 1 15 0
994 ORDER 1485 17 51 3 55 1
994 ORDER 1486 82 62 89 68 1
995 UNBLOCK 52 26
995 ORDER 1487 75 17 81 68 0
995 BLOCK 84 22
996 ORDER 1488 63 38 58 67 2
996 ORDER 1489 73 45 54 67 0
997 ORDER 1490 66 62 1 43 0
998 CANCEL 1358
998 ORDER 1491 20 23 12 68 1
999 ORDER 1492 12 20 2 22 1
999 ORDER 1493 64 23 39 67 0
1000 ORDER 1494 15 5 21 68 0
1000 ORDER 1495 50 54 3 2 3
1001 UNBLOCK 52 67
1001 CANCEL 1416
1001 ORDER 1496 64 29 3 51 0
1001 BLOCK 21 16
1002 ORDER 1497 83 3 1 61 0
1002 ORDER 1498 41 3 3 65 0
1003 ORDER 1499 55 58 1 22 2
1004 CANCEL 1485
1004 ORDER 1500 44 51 26 68 1
1005 ORDER 1501 77 53 1 47 0
1006 CANCEL 1259
1006 ORDER 1502 39 41 3 3 1
1006 ORDER 1503 67 17 64 67 0
1006 BLOCK 65 28
1007 ORDER 1504 17 33 1 13 1
1007 ORDER 1505 48 17 1 65 1
1008 ORDER 1506 93 47 4 68 1
1008 BLOCK 21 4
1009 ORDER 1507 57 8 1 14 0
1009 ORDER 1508 85 32 37 68 0
1010 ORDER 1509 48 20 8 67 0
1010 ORDER 1510 30 23 2 24 0
1011 ORDER 1511 19 36 90 68 1
1011 ORDER 1512 94 15 1 7 0
1011 BLOCK 21 21
1012 ORDER 1513 89 17 13 67 2
1012 ORDER 1514 65 41 36 67 0
1012 BLOCK 47 30
1013 ORDER 1515 74 33 3 47 0
1013 ORDER 1516 72 3 1 68 0
1014 ORDER 1517 74 60 1 11 1
1015 ORDER 1518 41 57 3 24 0
1015 ORDER 1519 90 29 1 66 1
1016 ORDER 1520 84 65 61 68 0
1016 ORDER 1521 76 51 39 67 1
1017 ORDER 1522 28 26 2 46 0
1018 UNBLOCK 90 45
1018 ORDER 1523 51 11 90 68 1
1019 UNBLOCK 37 23
1019 ORDER 1524 57 56 2 47 1
1020 UNBLOCK 63 6
1020 ORDER 1525 68 51 26 68 0
1020 ORDER 1526 19 26 2 18 1
1021 ORDER 1527 94 50 80 67 2
1021 ORDER 1528 77 17 8 68 1
1022 ORDER 1529 6 44 78 68 0
1022 ORDER 1530 70 60 2 8 0
1023 ORDER 1531 46 17 3 66 2
1023 ORDER 1532 70 11 2 11 0
1023 BLOCK 41 66
1024 UNBLOCK 48 18
1024 ORDER 1533 66 15 3 51 0
1025 ORDER 1534 87 24 1 29 1
1025 ORDER 1535 95 59 3 26 3
1026 ORDER 1536 9 57 34 67 0
1026 ORDER 1537 61 64 3 17 0
1027 UNBLOCK 51 6
1027 ORDER 1538 89 53 3 44 1
1027 BLOCK 74 9
1028 UNBLOCK 20 48
1028 ORDER 1539 82 29 2 12 0
1028 ORDER 1540 17 23 1 21 0
1029 ORDER 1541 19 33 44 67 1
1029 ORDER 1542 25 15 92 67 0
1030 UNBLOCK 9 56
1030 ORDER 1543 90 41 3 57 1
1030 ORDER 1544 85 42 95 67 1
1031 ORDER 1545 58 35 3 60 0
1031 BLOCK 82 9
1032 ORDER 1546 75 29 2 42 0
1032 ORDER 1547 73 63 10 67 1
1033 ORDER 1548 33 65 93 67 2
1034 ORDER 1549 6 15 57 68 1
1034 ORDER 1550 60 62 73 68 3
1034 BLOCK 20 38
1035 UNBLOCK 56 32
1035 ORDER 1551 81 26 84 68 0
1035 ORDER 1552 15 65 17 67 0
1036 ORDER 1553 60 33 1 7 0
1036 ORDER 1554 41 23 3 46 0
1036 BLOCK 6 24
1037 CANCEL 1323
1037 ORDER 1555 33 14 2 10 0
1037 ORDER 1556 17 3 3 29 1
1038 ORDER 1557 10 21 2 53 0
1039 ORDER 1558 42 50 1 66 0
1039 ORDER 1559 28 45 38 68 0
1040 ORDER 1560 69 27 95 67 1
1041 ORDER 1561 24 20 56 67 0
1041 ORDER 1562 93 36 59 68 0
1042 CANCEL 1400
1042 UNBLOCK 21 4
1042 ORDER 1563 8 39 48 68 0
1042 BLOCK 32 36
1043 ORDER 1564 65 15 3 14 0
1044 ORDER 1565 30 30 17 68 0
1045 ORDER 1566 86 41 2 10 0
1045 ORDER 1567 39 36 87 68 1
1045 BLOCK 92 44
1046 ORDER 1568 56 29 2 38 1
1046 ORDER 1569 66 18 55 68 0
1047 ORDER 1570 74 12 2 59 0
1047 BLOCK 25 5
1048 ORDER 1571 37 36 2 19 0
1048 ORDER 1572 34 56 2 23 1
1049 UNBLOCK 74 9
1049 ORDER 1573 83 36 3 32 0
1049 ORDER 1574 30 45 3 6 0
1050 ORDER 1575 47 12 3 5 2
1051 ORDER 1576 19 54 3 50 0
1051 ORDER 1577 39 21 1 20 0
1052 UNBLOCK 51 32
1052 ORDER 1578 83 14 3 22 0
1052 ORDER 1579 59 20 1 11 0
1053 ORDER 1580 28 12 95 68 2
1053 ORDER 1581 61 45 1 22 0
1053 BLOCK 60 24
1054 ORDER 1582 19 29 47 68 0
1054 ORDER 1583 70 17 1 11 1
1055 ORDER 1584 74 38 14 67 0
1056 ORDER 1585 15 63 84 68 0
1057 CANCEL 1337
1057 ORDER 1586 49 32 1 34 1
1058 ORDER 1587 84 53 53 68 0
1059 ORDER 1588 89 27 3 9 1
1059 BLOCK 21 23
1060 ORDER 1589 31 41 83 68 0
1060 ORDER 1590 51 20 1 60 0
1060 BLOCK 84 68
1061 ORDER 1591 38 53 60 68 3
1061 ORDER 1592 66 8 3 20 0
1062 CANCEL 1589
1062 ORDER 1593 71 56 2 25 0
1062 BLOCK 31 36
1063 ORDER 1594 72 48 30 67 0
1063 ORDER 1595 36 36 2 38 2
1064 ORDER 1596 71 23 2 20 0
1065 ORDER 1597 6 54 2 6 2
1065 ORDER 1598 32 56 93 67 2
1065 BLOCK 53 12
1066 ORDER 1599 61 48 2 41 0
1066 ORDER 1600 51 29 22 68 0
1067 ORDER 1601 90 23 3 4 0
1068 ORDER 1602 48 57 1 30 2
1068 ORDER 1603 14 5 1 44 0
1069 ORDER 1604 70 47 1 46 2
1069 ORDER 1605 30 11 22 67 2
1070 ORDER 1606 17 60 2 21 0
1071 ORDER 1607 17 20 3 9 0
1071 ORDER 1608 59 26 85 68 1
1072 ORDER 1609 76 3 2 47 1
1072 ORDER 1610 38 15 90 67 0
1073 UNBLOCK 92 44
1073 ORDER 1611 93 12 3 3 1
1073 BLOCK 24 29
1074 ORDER 1612 61 45 3 26 0
1075 ORDER 1613 11 62 34 68 1
1076 UNBLOCK 20 38
1076 ORDER 1614 28 54 2 63 2
1077 UNBLOCK 89 57
1077 ORDER 1615 90 56 1 26 1
1078 UNBLOCK 6 24
1078 ORDER 1616 44 8 68 68 1
1078 ORDER 1617 18 11 1 66 1
1079 ORDER 1618 70 12 3 32 3
1079 BLOCK 5 65
1080 UNBLOCK 21 16
1080 ORDER 1619 31 36 1 28 0
1080 ORDER 1620 48 30 21 67 0
1081 UNBLOCK 47 30
1081 ORDER 1621 47 59 3 16 0
1081 ORDER 1622 95 50 2 62 0
1082 ORDER 1623 10 41 2 50 0
1083 ORDER 1624 49 15 1 24 0
1083 ORDER 1625 77 35 1 10 1
1083 BLOCK 57 18
1084 ORDER 1626 79 26 3 33 0
1085 UNBLOCK 84 22
1085 ORDER 1627 69 41 1 51 0
1085 ORDER 1628 55 42 1 12 0
1086 UNBLOCK 84 68
1086 ORDER 1629 22 26 2 28 0
1087 ORDER 1630 67 39 3 61 0
1087 BLOCK 43 59
1088 UNBLOCK 24 29
1088 ORDER 1631 37 54 1 48 0
1089 ORDER 1632 52 27 2 10 0
1089 BLOCK 42 64
1090 ORDER 1633 58 26 42 67 0
1090 ORDER 1634 94 38 3 16 1
1091 ORDER 1635 10 45 1 49 0
1091 ORDER 1636 27 45 66 67 0
1092 ORDER 1637 44 45 3 34 2
1092 ORDER 1638 37 20 2 14 0
1093 ORDER 1639 40 51 46 68 0
1093 ORDER 1640 9 60 2 13 1
1094 ORDER 1641 37 27 3 55 0
1095 ORDER 1642 57 8 51 68 0
1095 BLOCK 42 27
1096 ORDER 1643 37 33 3 40 0
1096 ORDER 1644 63 36 66 68 0
1097 UNBLOCK 65 28
1097 ORDER 1645 13 29 2 56 2
1097 ORDER 1646 63 5 2 38 0
1098 CANCEL 1362
1098 UNBLOCK 41 66
1098 ORDER 1647 9 23 15 67 2
1098 ORDER 1648 14 30 2 68 0
1099 ORDER 1649 71 29 1 37 0
1100 UNBLOCK 21 21
1100 ORDER 1650 73 54 2 3 0
1101 ORDER 1651 37 48 3 15 1
1101 ORDER 1652 75 29 51 67 1
1102 UNBLOCK 25 5
1102 ORDER 1653 27 3 49 67 2
1103 ORDER 1654 35 60 7 68 1
1104 UNBLOCK 82 9
1104 ORDER 1655 62 17 2 11 1
1104 ORDER 1656 32 14 1 35 1
1105 ORDER 1657 45 60 1 33 0
1105 ORDER 1658 35 24 3 51 0
1106 ORDER 1659 72 9 3 42 0
1106 ORDER 1660 29 5 1 53 0
1107 ORDER 1661 37 30 24 68 1
1107 ORDER 1662 39 20 3 49 0
1108 CANCEL 1363
1108 ORDER 1663 21 6 45 68 0
1108 ORDER 1664 72 23 96 68 1
1109 ORDER 1665 61 57 30 68 0
1109 ORDER 1666 64 17 2 19 1
1110 ORDER 1667 58 18 68 68 0
1110 ORDER 1668 72 21 21 67 0
1111 ORDER 1669 37 26 1 18 0
1112 CANCEL 1547
1112 ORDER 1670 88 33 34 68 0
1113 ORDER 1671 48 11 2 16 3
1114 UNBLOCK 21 23
1114 ORDER 1672 38 65 2 51 0
1114 ORDER 1673 64 6 2 3 2
1115 UNBLOCK 60 24
1115 ORDER 1674 77 27 3 57 0
1115 ORDER 1675 30 12 92 67 1
1116 ORDER 1676 82 17 2 43 2
1117 ORDER 1677 83 50 2 46 3
1117 ORDER 1678 50 32 2 5 1
1118 ORDER 1679 34 32 57 68 0
1118 ORDER 1680 41 56 1 21 0
1119 UNBLOCK 5 65
1119 ORDER 1681 49 14 71 67 0
1119 ORDER 1682 11 9 2 62 0
1120 ORDER 1683 40 6 41 68 1
1120 ORDER 1684 79 38 3 35 0
1121 UNBLOCK 32 36
1121 ORDER 1685 57 56 1 44 0
1121 ORDER 1686 57 57 1 5 3
1121 BLOCK 58 51
1122 ORDER 1687 79 63 37 68 0
1122 ORDER 1688 55 3 62 68 0
1123 ORDER 1689 10 11 15 68 3
1124 ORDER 1690 39 24 1 38 2
1125 ORDER 1691 71 11 1 29 0
1125 ORDER 1692 73 65 3 54 1
1126 ORDER 1693 21 6 15 68 0
1127 ORDER 1694 60 39 87 68 0
1127 ORDER 1695 14 30 55 68 0
1127 BLOCK 75 67
1128 ORDER 1696 95 47 3 23 1
1129 ORDER 1697 93 53 62 68 2
1129 ORDER 1698 32 5 2 35 1
1129 BLOCK 54 68
1130 ORDER 1699 60 11 93 68 0
1130 BLOCK 89 59
1131 ORDER 1700 57 35 3 46 3
1131 ORDER 1701 34 47 1 1 0
1132 CANCEL 1487
1132 ORDER 1702 56 56 1 65 0
1133 ORDER 1703 93 47 57 68 0
1133 ORDER 1704 30 21 2 3 0
1134 UNBLOCK 57 18
1134 ORDER 1705 48 5 1 50 0
1134 ORDER 1706 58 50 3 65 0
1135 UNBLOCK 31 36
1135 UNBLOCK 43 59
1135 ORDER 1707 73 41 1 52 2
1135 BLOCK 81 32
1136 ORDER 1708 76 38 87 68 0
1136 BLOCK 42 12
1137 ORDER 1709 30 12 32 68 0
1138 ORDER 1710 93 60 5 67 0
1139 ORDER 1711 56 3 1 11 0
1139 ORDER 1712 55 26 91 67 0
1140 ORDER 1713 26 17 57 68 0
1141 ORDER 1714 16 18 40 67 0
1141 ORDER 1715 45 59 74 67 0
1141 BLOCK 33 30
1142 UNBLOCK 89 59
1142 ORDER 1716 36 65 12 67 0
1143 ORDER 1717 37 65 1 36 2
1144 ORDER 1718 71 36 2 14 0
1144 ORDER 1719 23 24 24 68 0
1145 CANCEL 1481
1145 UNBLOCK 75 67
1145 ORDER 1720 21 56 2 55 1
1145 ORDER 1721 56 3 1 23 0
1145 BLOCK 42 52
1146 ORDER 1722 88 29 1 37 0
1146 ORDER 1723 35 23 3 49 0
1147 ORDER 1724 55 35 3 27 1
1147 ORDER 1725 86 26 33 67 0
1148 ORDER 1726 42 62 18 67 3
1149 UNBLOCK 42 27
1149 ORDER 1727 55 56 65 67 0
1149 ORDER 1728 6 5 2 22 0
1150 ORDER 1729 17 56 2 62 3
1150 ORDER 1730 94 6 16 67 0
1151 ORDER 1731 63 42 2 23 0
1151 BLOCK 51 55
1152 ORDER 1732 93 12 2 64 0
1153 CANCEL 1489
1153 ORDER 1733 9 6 2 60 0
1153 ORDER 1734 30 59 81 68 2
1153 BLOCK 38 63
1154 ORDER 1735 37 18 18 67 0
1154 BLOCK 90 9
1155 UNBLOCK 42 64
1155 ORDER 1736 38 47 47 68 1
1156 ORDER 1737 26 65 60 68 1
1156 BLOCK 43 15
1157 ORDER 1738 82 23 89 67 1
1158 ORDER 1739 90 45 2 33 0
1158 ORDER 1740 20 63 2 55 0
1159 ORDER 1741 90 65 1 54 2
1159 ORDER 1742 17 26 2 62 0
1160 ORDER 1743 56 24 3 3 1
1161 ORDER 1744 18 33 3 39 2
1162 ORDER 1745 83 60 3 34 0
1162 ORDER 1746 70 57 1 55 0
1163 ORDER 1747 20 44 62 68 1
1163 ORDER 1748 30 39 53 67 0
1164 UNBLOCK 58 51
1164 ORDER 1749 64 11 3 12 0
1164 ORDER 1750 56 59 3 61 0
1165 UNBLOCK 53 12
1165 ORDER 1751 28 39 1 40 0
1165 ORDER 1752 70 24 79 67 3
1166 ORDER 1753 6 12 85 68 0
1166 ORDER 1754 24 20 3 60 1
1166 BLOCK 41 17
1167 ORDER 1755 89 18 49 68 0
1167 ORDER 1756 35 8 3 14 0
1168 CANCEL 1587
1168 ORDER 1757 24 36 5 68 1
1168 ORDER 1758 20 42 8 68 1
1169 UNBLOCK 54 68
1169 ORDER 1759 45 15 3 55 0
1169 ORDER 1760 35 38 76 68 2
1170 ORDER 1761 88 44 3 39 2
1171 ORDER 1762 86 53 1 32 0
1171 BLOCK 37 33
1172 CANCEL 1576
1172 ORDER 1763 93 3 89 67 0
1173 ORDER 1764 54 42 2 39 0
1173 BLOCK 9 29
1174 ORDER 1765 18 24 60 67 0
1174 BLOCK 69 42
1175 ORDER 1766 10 44 3 22 0
1175 ORDER 1767 38 5 23 67 0
1176 ORDER 1768 86 57 44 68 0
1176 ORDER 1769 9 60 18 68 0
1177 ORDER 1770 14 63 39 67 3
1177 BLOCK 29 48
1178 ORDER 1771 29 36 39 67 0
1179 ORDER 1772 54 27 14 68 0
1179 ORDER 1773 40 23 1 37 0
1180 ORDER 1774 12 57 2 41 0
1180 ORDER 1775 11 59 24 67 0
1181 ORDER 1776 25 18 2 9 0
1181 BLOCK 21 47
1182 ORDER 1777 46 57 3 34 0
1182 ORDER 1778 84 18 98 68 1
1183 ORDER 1779 48 5 39 68 0
1183 ORDER 1780 51 65 53 68 0
1184 ORDER 1781 70 53 40 67 0
1185 CANCEL 1732
1185 ORDER 1782 93 48 2 2 0
1185 ORDER 1783 21 56 2 23 0
1186 ORDER 1784 58 24 5 68 0
1186 BLOCK 79 14
1187 ORDER 1785 10 50 1 62 0
1187 ORDER 1786 12 39 30 68 0
1188 ORDER 1787 54 15 60 68 2
1188 ORDER 1788 30 6 3 26 0
1189 UNBLOCK 43 15
1189 ORDER 1789 66 17 2 7 0
1189 ORDER 1790 18 11 2 12 1
1190 ORDER 1791 59 6 2 66 0
1190 BLOCK 38 5
1191 UNBLOCK 42 52
1191 ORDER 1792 80 23 1 27 3
1191 ORDER 1793 54 36 1 18 1
1192 ORDER 1794 27 38 2 68 1
1192 ORDER 1795 20 54 35 68 1
1193 ORDER 1796 25 32 15 67 0
1193 ORDER 1797 46 65 50 68 0
1194 ORDER 1798 11 23 42 68 0
1194 ORDER 1799 86 44 1 4 0
1195 ORDER 1800 54 53 89 68 3
1195 BLOCK 17 12
1196 ORDER 1801 25 53 1 41 1
1197 ORDER 1802 82 54 32 67 0
1197 ORDER 1803 59 27 1 4 1
1198 ORDER 1804 69 32 1 35 0
1199 ORDER 1805 61 54 2 56 1
1200 ORDER 1806 77 44 3 20 0
1201 ORDER 1807 8 50 2 12 0
1202 ORDER 1808 75 6 7 67 0
1202 BLOCK 12 42
1203 CANCEL 1645
1203 ORDER 1809 52 45 36 67 0
1204 ORDER 1810 11 33 12 67 0
1204 BLOCK 93 3
1205 ORDER 1811 71 56 2 58 1
1205 ORDER 1812 10 47 50 68 0
1206 ORDER 1813 95 20 1 53 0
1206 ORDER 1814 48 54 1 1 1
1207 ORDER 1815 44 14 1 38 1
1208 CANCEL 1523
1208 ORDER 1816 69 30 51 68 0
1209 UNBLOCK 37 33
1209 ORDER 1817 80 14 3 9 0
1209 BLOCK 86 54
1210 ORDER 1818 77 18 19 68 0
1210 ORDER 1819 66 5 3 54 0
1211 ORDER 1820 93 56 14 68 1
1211 BLOCK 28 23
1212 UNBLOCK 38 5
1212 ORDER 1821 32 24 77 67 1
1213 UNBLOCK 42 12
1213 ORDER 1822 86 27 2 23 0
1213 ORDER 1823 82 23 72 68 0
1214 UNBLOCK 90 9
1214 UNBLOCK 29 48
1214 ORDER 1824 20 45 2 68 1
1215 ORDER 1825 19 51 33 67 1
1216 ORDER 1826 19 17 77 67 2
1217 UNBLOCK 79 14
1217 ORDER 1827 27 58 2 12 0
1217 ORDER 1828 23 30 26 68 0
1218 ORDER 1829 48 8 3 13 0
1219 ORDER 1830 21 60 4 67 0
1219 ORDER 1831 92 50 1 15 0
1219 BLOCK 58 3
1220 ORDER 1832 8 11 1 6 0
1220 ORDER 1833 47 60 21 68 0
1220 BLOCK 6 59
1221 UNBLOCK 51 55
1221 ORDER 1834 67 38 2 64 0
1221 ORDER 1835 8 44 42 67 0
1222 ORDER 1836 42 14 1 57 1
1222 ORDER 1837 86 39 45 68 0
1223 ORDER 1838 7 15 16 67 0
1223 ORDER 1839 7 57 55 67 3
1224 ORDER 1840 66 48 4 67 1
1224 ORDER 1841 30 6 18 67 0
1224 BLOCK 24 11
1225 ORDER 1842 34 17 1 58 1
1225 ORDER 1843 41 30 2 48 1
1225 BLOCK 62 57
1226 ORDER 1844 17 44 47 67 0
1227 UNBLOCK 81 32
1227 ORDER 1845 59 17 3 41 0
1228 ORDER 1846 78 18 2 8 0
1228 ORDER 1847 6 54 2 9 1
1229 CANCEL 1564
1229 ORDER 1848 62 24 16 67 3
1229 ORDER 1849 24 38 3 28 1
1230 ORDER 1850 57 59 21 68 0
1230 ORDER 1851 53 53 1 39 0
1230 BLOCK 10 9
1231 UNBLOCK 6 59
1231 ORDER 1852 30 62 3 48 2
1232 ORDER 1853 52 11 1 7 2
1233 UNBLOCK 38 63
1233 ORDER 1854 16 42 2 48 0
1234 ORDER 1855 12 62 2 20 0
1234 ORDER 1856 19 38 1 17 0
1235 UNBLOCK 41 17
1235 ORDER 1857 65 63 96 67 0
1235 ORDER 1858 76 8 72 67 2
1236 UNBLOCK 58 3
1236 ORDER 1859 50 35 18 68 0
1236 ORDER 1860 56 36 44 68 0
1236 BLOCK 58 1
1237 ORDER 1861 77 57 92 67 1
1238 ORDER 1862 8 33 52 68 2
1238 BLOCK 62 42
1239 ORDER 1863 89 41 2 6 2
1239 ORDER 1864 20 38 3 41 1
1239 BLOCK 59 30
1240 ORDER 1865 74 38 2 41 2
1240 ORDER 1866 6 59 3 28 0
1241 UNBLOCK 33 30
1241 ORDER 1867 29 11 1 2 0
1241 ORDER 1868 15 38 3 52 0
1242 ORDER 1869 25 38 63 68 0
1242 ORDER 1870 80 21 27 68 3
1243 ORDER 1871 83 3 3 13 2
1244 ORDER 1872 87 50 2 54 2
1244 ORDER 1873 64 32 59 68 0
1245 ORDER 1874 56 60 1 63 0
1245 ORDER 1875 84 57 97 68 2
1246 ORDER 1876 84 38 1 19 0
1246 ORDER 1877 71 12 2 50 2
1247 ORDER 1878 46 65 2 67 2
1247 BLOCK 36 57
1248 UNBLOCK 17 12
1248 ORDER 1879 91 12 3 12 1
1248 ORDER 1880 95 44 66 67 3
1249 ORDER 1881 19 62 3 36 0
1249 ORDER 1882 76 3 1 1 0
1250 UNBLOCK 12 42
1250 ORDER 1883 87 29 46 68 1
1251 ORDER 1884 84 8 1 19 1
1251 ORDER 1885 43 14 3 52 0
1252 ORDER 1886 37 42 3 38 0
1252 CANCEL 101886
1252 BLOCK 5 28
1253 UNBLOCK 28 23
1253 ORDER 1887 55 9 37 68 1
1254 ORDER 1888 56 44 53 67 1
1254 BLOCK 73 42
1255 ORDER 1889 15 17 7 67 0
1255 ORDER 1890 27 47 12 68 0
1255 BLOCK 58 29
1256 ORDER 1891 17 17 2 32 1
1256 ORDER 1892 82 35 3 68 3
1257 ORDER 1893 20 48 32 67 0
1257 ORDER 1894 91 54 72 67 1
1258 ORDER 1895 48 17 73 68 1
1259 ORDER 1896 41 36 3 40 0
1259 ORDER 1897 17 23 80 67 0
1260 CANCEL 1821
1260 ORDER 1898 82 11 31 67 2
1261 ORDER 1899 55 30 20 68 0
1262 ORDER 1900 41 60 3 60 0
1263 ORDER 1901 91 42 3 5 0
1264 ORDER 1902 87 29 2 67 0
1264 ORDER 1903 38 11 2 32 0
1264 BLOCK 52 60
1265 UNBLOCK 9 29
1265 ORDER 1904 60 62 3 55 1
1266 ORDER 1905 39 45 2 41 3
1267 ORDER 1906 82 39 96 67 0
1268 ORDER 1907 59 38 1 63 0
1268 ORDER 1908 21 57 53 67 0
1268 BLOCK 40 29
1269 ORDER 1909 74 12 1 41 0
1270 ORDER 1910 93 27 2 26 0
1270 ORDER 1911 40 36 1 34 2
1271 UNBLOCK 58 1
1271 ORDER 1912 25 51 92 67 0
1271 ORDER 1913 29 23 40 67 0
1272 CANCEL 1622
1272 ORDER 1914 76 53 55 67 0
1273 ORDER 1915 30 57 1 12 0
1274 UNBLOCK 69 42
1274 ORDER 1916 22 63 89 67 0
1274 ORDER 1917 81 27 2 61 3
1275 ORDER 1918 24 29 95 67 1
1275 ORDER 1919 76 62 1 1 1
1276 ORDER 1920 47 17 21 68 3
1276 ORDER 1921 31 23 3 19 1
1277 ORDER 1922 8 50 19 68 0
1277 ORDER 1923 56 57 67 67 1
1278 UNBLOCK 21 47
1278 ORDER 1924 93 33 1 10 2
1278 ORDER 1925 19 18 23 68 1
1279 ORDER 1926 93 39 3 54 0
1279 ORDER 1927 61 47 97 68 2
1280 ORDER 1928 78 63 49 68 0
1280 ORDER 1929 53 48 77 67 2
1281 ORDER 1930 12 27 1 68 0
1282 ORDER 1931 55 38 53 67 2
1283 UNBLOCK 52 60
1283 ORDER 1932 47 11 36 67 1
1283 ORDER 1933 75 29 71 68 1
1284 ORDER 1934 20 12 3 20 1
1285 ORDER 1935 12 39 46 68 0
1286 ORDER 1936 67 8 2 28 1
1287 ORDER 1937 17 54 1 32 0
1287 ORDER 1938 67 5 16 68 0
1288 CANCEL 1856
1288 ORDER 1939 44 14 1 48 0
1288 ORDER 1940 73 45 2 27 1
1288 BLOCK 40 18
1289 UNBLOCK 86 54
1289 ORDER 1941 10 59 1 17 0
1290 UNBLOCK 10 9
1290 ORDER 1942 22 48 94 67 3
1290 ORDER 1943 29 26 34 68 0
1291 UNBLOCK 93 3
1291 ORDER 1944 86 9 3 26 0
1291 ORDER 1945 49 5 1 20 1
1291 BLOCK 13 48
1292 ORDER 1946 9 12 1 53 3
1292 BLOCK 29 45
1293 ORDER 1947 76 11 86 68 0
1293 ORDER 1948 27 14 1 56 0
1294 ORDER 1949 41 29 65 68 1
1294 ORDER 1950 92 48 2 8 1
1295 ORDER 1951 94 33 3 51 1
1295 ORDER 1952 28 59 1 9 0
1296 ORDER 1953 71 35 93 67 0
1296 ORDER 1954 56 5 77 67 1
1297 UNBLOCK 40 29
1297 ORDER 1955 23 48 65 67 0
1298 CANCEL 1931
1298 ORDER 1956 45 60 56 68 0
1298 ORDER 1957 57 11 54 67 0
1299 ORDER 1958 8 63 1 63 1
1299 ORDER 1959 6 30 2 15 0
1299 BLOCK 45 43
1300 ORDER 1960 82 54 1 53 2
1300 ORDER 1961 42 39 57 68 0
1301 ORDER 1962 38 29 77 67 0
1302 ORDER 1963 27 44 49 68 1
1302 ORDER 1964 41 5 62 67 1
1303 ORDER 1965 19 6 3 20 0
1303 ORDER 1966 32 26 60 68 2
1303 BLOCK 78 10
1304 ORDER 1967 24 51 2 62 0
1305 ORDER 1968 67 20 3 30 0
1306 ORDER 1969 12 45 3 23 1
1307 ORDER 1970 41 62 84 68 0
1307 BLOCK 24 34
1308 ORDER 1971 8 44 1 4 0
1308 ORDER 1972 25 38 49 68 0
1309 ORDER 1973 51 12 5 68 1
1310 UNBLOCK 62 42
1310 ORDER 1974 30 65 19 68 0
1311 UNBLOCK 62 57
1311 ORDER 1975 54 12 3 63 0
1311 ORDER 1976 83 36 2 52 0
1312 CANCEL 1880
1312 ORDER 1977 95 15 38 67 0
1313 ORDER 1978 63 56 15 67 0
1313 ORDER 1979 19 8 32 67 0
1314 UNBLOCK 24 11
1314 UNBLOCK 59 30
1314 UNBLOCK 58 29
1314 ORDER 1980 14 50 22 68 3
1315 ORDER 1981 52 51 26 68 0
1316 ORDER 1982 33 50 34 67 3
1316 ORDER 1983 30 23 2 2 1
1317 ORDER 1984 46 6 91 67 0
1318 ORDER 1985 45 23 3 43 0
1318 ORDER 1986 43 9 7 67 3
1319 ORDER 1987 91 21 32 68 0
1319 ORDER 1988 83 54 23 67 1
1319 BLOCK 21 5
1320 ORDER 1989 19 4 1 59 0
1320 ORDER 1990 75 24 2 65 2
1320 BLOCK 13 1
1321 ORDER 1991 86 42 15 68 0
1321 ORDER 1992 38 65 44 68 0
1321 BLOCK 74 27
1322 ORDER 1993 47 15 36 67 0
1322 ORDER 1994 53 12 42 68 0
1322 BLOCK 28 57
1323 UNBLOCK 78 10
1323 ORDER 1995 46 38 28 68 0
1324 ORDER 1996 9 5 82 68 0
1325 ORDER 1997 88 6 1 34 0
1325 ORDER 1998 50 48 3 18 0
1326 ORDER 1999 43 19 2 20 1
1327 ORDER 2000 68 57 1 56 0
1327 BLOCK 27 9
1328 UNBLOCK 73 42
1328 ORDER 2001 62 47 43 67 2
1328 ORDER 2002 80 26 56 68 3
1329 ORDER 2003 16 54 39 67 0
1330 ORDER 2004 87 51 75 67 0
1331 UNBLOCK 36 57
1331 ORDER 2005 59 3 5 68 1
1332 ORDER 2006 35 6 3 35 1
1332 ORDER 2007 59 29 93 68 0
1333 UNBLOCK 13 1
1333 ORDER 2008 95 15 87 67 0
1334 ORDER 2009 29 21 3 38 0
1334 BLOCK 62 52
1335 ORDER 2010 55 36 46 67 0
1336 ORDER 2011 63 17 2 27 1
1337 ORDER 2012 14 14 1 9 0
1338 ORDER 2013 52 12 3 4 2
1339 UNBLOCK 45 43
1339 ORDER 2014 31 26 2 45 0
1339 ORDER 2015 27 47 98 67 0
1340 UNBLOCK 5 28
1340 ORDER 2016 45 5 3 8 1
1341 ORDER 2017 77 48 82 67 1
1341 ORDER 2018 95 51 24 68 1
1342 ORDER 2019 20 21 23 68 0
1343 UNBLOCK 24 34
1343 ORDER 2020 45 15 83 68 0
1344 ORDER 2021 94 9 48 68 2
1344 ORDER 2022 56 51 1 68 0
1344 BLOCK 64 30
1345 ORDER 2023 65 15 3 23 0
1346 ORDER 2024 89 36 70 68 1
1347 UNBLOCK 13 48
1347 ORDER 2025 12 27 2 17 0
1348 ORDER 2026 67 63 78 68 0
1348 ORDER 2027 60 35 2 34 1
1349 ORDER 2028 17 45 1 36 0
1350 UNBLOCK 29 45
1350 ORDER 2029 95 54 1 36 0
1350 ORDER 2030 35 17 97 67 0
1350 BLOCK 13 42
1351 ORDER 2031 24 27 54 68 2
1351 ORDER 2032 62 38 93 67 0
1352 CANCEL 1741
1352 ORDER 2033 36 9 3 55 0
1352 ORDER 2034 67 8 76 67 0
1353 ORDER 2035 21 9 1 32 0
1353 BLOCK 80 23
1354 ORDER 2036 88 38 1 42 0
1354 ORDER 2037 30 36 69 68 0
1355 ORDER 2038 17 48 2 27 0
1356 CANCEL 1813
1356 ORDER 2039 94 46 3 33 2
1357 ORDER 2040 58 56 3 42 1
1357 ORDER 2041 49 50 3 27 0
1357 BLOCK 9 21
1358 ORDER 2042 9 11 3 34 0
1359 ORDER 2043 39 53 41 68 2
1360 ORDER 2044 49 38 90 67 1
1360 ORDER 2045 69 20 81 68 1
1360 BLOCK 41 56
1361 UNBLOCK 40 18
1361 ORDER 2046 92 33 3 31 0
1361 ORDER 2047 31 56 40 67 1
1362 ORDER 2048 18 53 1 32 0
1362 BLOCK 15 45
1363 ORDER 2049 10 48 3 14 0
1363 ORDER 2050 88 50 88 67 1
1363 BLOCK 93 63
1364 ORDER 2051 24 45 1 49 1
1365 ORDER 2052 39 12 75 67 2
1365 BLOCK 51 60
1366 ORDER 2053 36 11 28 68 1
1366 ORDER 2054 50 14 74 67 0
1367 ORDER 2055 38 20 97 68 2
1367 ORDER 2056 80 45 2 4 0
1368 ORDER 2057 88 51 3 36 0
1368 BLOCK 73 41
1369 ORDER 2058 53 56 1 16 0
1369 ORDER 2059 77 12 39 67 0
1370 ORDER 2060 28 30 11 67 0
1370 ORDER 2061 62 36 2 49 1
1371 ORDER 2062 12 12 88 68 2
1372 UNBLOCK 74 27
1372 ORDER 2063 48 45 3 40 0
1372 ORDER 2064 72 57 41 68 0
1373 ORDER 2065 67 50 18 67 0
1374 ORDER 2066 11 63 65 68 0
1374 ORDER 2067 11 21 1 10 1
1375 ORDER 2068 87 18 27 68 0
1375 ORDER 2069 77 12 2 64 0
1375 BLOCK 40 63
1376 ORDER 2070 48 6 2 38 1
1376 ORDER 2071 38 59 12 67 0
1376 BLOCK 31 17
1377 UNBLOCK 41 56
1377 ORDER 2072 68 51 27 67 0
1377 ORDER 2073 38 36 98 67 1
1378 ORDER 2074 81 37 3 9 0
1378 ORDER 2075 51 36 8 68 1
1378 BLOCK 34 11
1379 UNBLOCK 64 30
1379 ORDER 2076 32 20 70 67 0
1379 ORDER 2077 87 51 2 7 0
1380 ORDER 2078 55 63 94 68 1
1380 ORDER 2079 54 12 82 67 3
1381 ORDER 2080 58 55 1 57 1
1381 ORDER 2081 82 12 3 25 0
1382 ORDER 2082 26 36 91 68 1
1383 ORDER 2083 93 50 90 67 0
1383 BLOCK 86 9
1384 ORDER 2084 74 33 2 19 0
1384 ORDER 2085 67 41 2 45 1
1385 UNBLOCK 28 57
1385 ORDER 2086 48 57 3 33 0
1386 ORDER 2087 46 9 3 54 1
1387 ORDER 2088 89 53 3 26 0
1387 ORDER 2089 43 39 3 47 0
1387 BLOCK 71 54
1388 ORDER 2090 55 30 3 61 0
1388 ORDER 2091 95 6 73 68 2
1389 ORDER 2092 89 53 1 8 0
1389 ORDER 2093 13 57 27 67 1
1390 ORDER 2094 27 24 1 32 2
1391 ORDER 2095 18 3 58 67 1
1392 ORDER 2096 82 27 55 68 0
1392 ORDER 2097 86 39 3 35 2
1393 ORDER 2098 32 12 3 32 0
1394 ORDER 2099 23 5 2 19 1
1395 ORDER 2100 73 5 34 67 1
1396 ORDER 2101 43 33 38 68 0
1396 ORDER 2102 84 65 62 68 0
1397 UNBLOCK 62 52
1397 ORDER 2103 84 54 27 67 0
1397 ORDER 2104 85 56 61 68 0
1398 ORDER 2105 19 21 2 33 0
1399 ORDER 2106 14 32 1 9 0
1400 ORDER 2107 65 56 98 68 0
1400 BLOCK 28 51
1401 ORDER 2108 65 59 42 68 2
1401 ORDER 2109 49 21 1 61 0
1401 BLOCK 46 48
1402 UNBLOCK 21 5
1402 UNBLOCK 80 23
1402 ORDER 2110 55 24 1 16 0
1403 ORDER 2111 7 57 23 67 2
1403 ORDER 2112 61 59 35 67 3
1404 ORDER 2113 74 14 3 19 0
1404 ORDER 2114 79 23 2 4 1
1405 ORDER 2115 78 59 37 67 0
1406 ORDER 2116 84 45 1 14 0
1406 ORDER 2117 42 20 41 67 0
1406 BLOCK 38 9
1407 UNBLOCK 73 41
1407 ORDER 2118 62 44 78 68 0
1408 ORDER 2119 34 41 2 7 3
1409 ORDER 2120 69 12 85 68 0
1409 ORDER 2121 6 45 14 67 0
1409 BLOCK 57 24
1410 ORDER 2122 62 57 2 46 0
1410 ORDER 2123 64 32 48 68 0
1410 BLOCK 32 36
1411 ORDER 2124 30 47 2 39 2
1412 UNBLOCK 86 9
1412 ORDER 2125 35 63 3 1 2
1413 ORDER 2126 53 23 97 67 1
1414 ORDER 2127 70 50 35 68 0
1414 ORDER 2128 85 26 1 65 0
1414 BLOCK 22 32
1415 UNBLOCK 46 48
1415 ORDER 2129 60 62 2 8 0
1416 CANCEL 2119
1416 ORDER 2130 44 58 46 67 1
1416 ORDER 2131 41 26 2 11 1
1417 UNBLOCK 51 60
1417 ORDER 2132 53 51 11 68 1
1417 ORDER 2133 52 12 1 45 1
1418 ORDER 2134 77 17 68 68 1
1418 ORDER 2135 54 39 93 68 1
1419 UNBLOCK 27 9
1419 ORDER 2136 35 36 73 68 0
1420 CANCEL 2095
1420 ORDER 2137 48 32 61 67 0
1420 ORDER 2138 69 27 53 68 1
1421 UNBLOCK 15 45
1421 ORDER 2139 49 48 1 42 0
1421 ORDER 2140 93 63 1 17 0
1421 BLOCK 35 53
1422 ORDER 2141 9 29 1 8 3
1423 ORDER 2142 10 17 53 67 1
1423 ORDER 2143 78 54 11 67 0
1424 ORDER 2144 60 32 62 67 1
1424 ORDER 2145 18 17 72 68 0
1425 ORDER 2146 12 20 13 68 1
1426 UNBLOCK 71 54
1426 ORDER 2147 47 64 5 68 0
1426 ORDER 2148 17 24 2 27 0
1427 ORDER 2149 68 30 2 67 0
1427 ORDER 2150 55 9 44 67 1
1428 UNBLOCK 13 42
1428 ORDER 2151 15 3 3 65 0
1428 ORDER 2152 9 41 65 67 1
1429 UNBLOCK 9 21
1429 ORDER 2153 59 5 80 68 0
1429 ORDER 2154 34 53 46 68 0
1429 BLOCK 81 48
1430 ORDER 2155 18 26 30 68 0
1430 ORDER 2156 43 53 2 50 0
1431 ORDER 2157 13 56 3 20 0
1431 ORDER 2158 41 30 76 68 1
1431 BLOCK 68 65
1432 CANCEL 2061
1432 ORDER 2159 40 48 2 25 0
1433 ORDER 2160 65 56 1 51 0
1433 ORDER 2161 94 39 2 55 0
1434 ORDER 2162 19 27 3 17 1
1434 ORDER 2163 89 48 79 68 0
1435 ORDER 2164 11 8 26 67 0
1435 BLOCK 64 41
1436 ORDER 2165 49 63 3 52 0
1436 BLOCK 13 54
1437 ORDER 2166 48 48 3 23 0
1437 ORDER 2167 56 27 3 27 1
1438 ORDER 2168 33 3 80 68 0
1439 UNBLOCK 57 24
1439 ORDER 2169 84 20 53 68 0
1440 UNBLOCK 28 51
1440 ORDER 2170 65 20 7 67 0
1441 ORDER 2171 45 38 1 3 0
1442 ORDER 2172 32 39 50 67 0
1442 ORDER 2173 78 47 3 36 0
1443 ORDER 2174 74 35 2 32 0
1443 ORDER 2175 91 9 1 3 1
1444 UNBLOCK 38 9
1444 UNBLOCK 81 48
1444 ORDER 2176 65 41 3 58 0
1444 ORDER 2177 13 48 31 68 3
1445 ORDER 2178 83 12 14 67 1
1445 ORDER 2179 49 48 76 68 0
1446 ORDER 2180 84 17 43 67 1
1447 CANCEL 2027
1447 ORDER 2181 61 47 81 67 1
1448 ORDER 2182 39 44 3 18 0
1449 ORDER 2183 27 53 15 68 0
1450 CANCEL 2036
1450 ORDER 2184 20 44 1 62 0
1450 ORDER 2185 41 39 2 22 0
1451 ORDER 2186 54 30 39 67 0
1451 ORDER 2187 83 17 25 68 1
1451 BLOCK 18 63
1452 ORDER 2188 11 6 2 35 0
1452 ORDER 2189 75 51 2 10 1
1453 ORDER 2190 73 8 1 22 1
1453 ORDER 2191 31 29 19 67 0
1454 UNBLOCK 34 11
1454 ORDER 2192 92 34 1 23 0
1454 ORDER 2193 41 48 2 3 0
1455 ORDER 2194 39 21 22 68 0
1456 ORDER 2195 19 18 2 49 3
1457 ORDER 2196 79 20 3 33 0
1457 ORDER 2197 11 6 5 67 0
1458 UNBLOCK 93 63
1458 ORDER 2198 21 41 96 67 1
1459 UNBLOCK 40 63
1459 ORDER 2199 88 29 2 48 0
1459 ORDER 2200 81 29 58 67 1
1460 ORDER 2201 41 5 39 68 0
1460 ORDER 2202 55 60 1 58 0
1460 BLOCK 16 62
1461 ORDER 2203 24 36 8 67 0
1462 ORDER 2204 67 60 3 62 1
1462 ORDER 2205 25 38 91 68 0
1463 ORDER 2206 39 45 2 22 0
1464 CANCEL 2181
1464 ORDER 2207 60 52 3 7 0
1464 ORDER 2208 84 26 62 68 0
1464 BLOCK 50 17
1465 ORDER 2209 60 6 41 68 0
1465 BLOCK 32 7
1466 ORDER 2210 24 53 79 68 0
1466 ORDER 2211 18 62 3 5 0
1466 BLOCK 35 18
1467 ORDER 2212 41 41 56 68 0
1468 ORDER 2213 77 42 1 64 0
1468 ORDER 2214 26 3 2 8 1
1469 UNBLOCK 22 32
1469 ORDER 2215 66 21 2 16 0
1469 ORDER 2216 55 26 2 51 0
1470 ORDER 2217 89 62 3 47 1
1470 ORDER 2218 48 18 3 9 2
1470 BLOCK 91 42
1471 ORDER 2219 63 57 87 68 0
1471 ORDER 2220 9 8 62 67 0
1472 ORDER 2221 12 50 2 43 2
1472 ORDER 2222 83 8 3 46 1
1472 BLOCK 6 8
1473 ORDER 2223 34 57 19 68 1
1474 ORDER 2224 17 57 76 67 0
1474 ORDER 2225 63 38 2 56 0
1475 ORDER 2226 25 5 63 68 0
1475 ORDER 2227 37 24 62 67 1
1476 UNBLOCK 31 17
1476 ORDER 2228 74 45 1 34 0
1476 ORDER 2229 27 44 46 67 0
1477 CANCEL 2137
1477 ORDER 2230 11 30 81 68 0
1478 UNBLOCK 68 65
1478 UNBLOCK 35 18
1478 ORDER 2231 55 21 2 14 0
1479 ORDER 2232 34 60 1 52 0
1479 BLOCK 11 33
1480 ORDER 2233 74 8 1 16 0
1480 ORDER 2234 32 24 80 67 0
1481 ORDER 2235 67 50 62 67 1
1481 ORDER 2236 7 17 89 67 0
1482 ORDER 2237 66 3 93 68 0
1483 UNBLOCK 6 8
1483 ORDER 2238 23 3 93 67 0
1483 ORDER 2239 62 14 3 54 0
1483 BLOCK 65 47
1484 ORDER 2240 64 18 24 68 0
1484 ORDER 2241 83 12 1 36 0
1484 BLOCK 84 38
1485 ORDER 2242 35 38 1 12 0
1485 ORDER 2243 53 8 92 68 0
1486 ORDER 2244 64 62 6 67 0
1486 ORDER 2245 19 48 2 55 0
1487 UNBLOCK 32 36
1487 ORDER 2246 86 26 1 5 2
1487 BLOCK 79 21
1488 ORDER 2247 40 6 2 28 1
1489 ORDER 2248 41 42 2 29 0
1490 ORDER 2249 8 27 1 12 0
1491 ORDER 2250 29 12 2 59 0
1492 ORDER 2251 16 35 19 68 0
1492 BLOCK 91 54
1493 ORDER 2252 81 12 1 49 1
1493 ORDER 2253 15 3 44 68 0
1493 BLOCK 14 54
1494 ORDER 2254 82 30 23 68 0
1494 ORDER 2255 86 21 2 60 0
1494 BLOCK 41 38
1495 ORDER 2256 81 36 3 39 1
1496 ORDER 2257 33 50 74 68 0
1496 ORDER 2258 51 42 22 67 0
1497 UNBLOCK 18 63
1497 ORDER 2259 37 6 15 67 0
1498 ORDER 2260 80 9 2 29 0
1498 ORDER 2261 54 32 30 68 1
1498 BLOCK 10 67
1499 UNBLOCK 65 47
1499 ORDER 2262 51 29 4 67 2
1499 ORDER 2263 83 15 3 27 2
1499 BLOCK 67 38
1500 ORDER 2264 19 33 2 11 0
1500 ORDER 2265 39 38 35 67 1
1501 ORDER 2266 63 53 9 68 0
1501 ORDER 2267 54 42 2 11 1
1502 ORDER 2268 7 41 33 67 0
1502 ORDER 2269 8 21 3 5 2
1503 CANCEL 2091
1503 ORDER 2270 64 54 88 67 0
1504 ORDER 2271 77 42 2 40 3
1504 ORDER 2272 38 59 1 36 0
1505 UNBLOCK 50 17
1505 ORDER 2273 34 57 34 67 1
1505 ORDER 2274 16 5 93 68 1
1506 CANCEL 2261
1506 ORDER 2275 67 11 2 53 3
1506 ORDER 2276 60 30 95 67 0
1506 BLOCK 89 59
1507 ORDER 2277 32 33 80 67 0
1507 ORDER 2278 37 50 63 67 2
1508 ORDER 2279 57 44 3 22 0
1508 ORDER 2280 57 21 3 46 0
1509 ORDER 2281 76 50 87 68 1
1509 ORDER 2282 17 30 2 19 1
1510 ORDER 2283 46 26 51 68 0
1510 BLOCK 95 20
1511 UNBLOCK 35 53
1511 ORDER 2284 13 39 1 57 0
1511 ORDER 2285 66 54 16 67 1
1512 UNBLOCK 16 62
1512 ORDER 2286 67 18 1 64 0
1513 ORDER 2287 38 20 70 67 1
1513 ORDER 2288 25 8 1 55 1
1513 BLOCK 18 14
1514 UNBLOCK 64 41
1514 ORDER 2289 41 50 3 66 0
1514 ORDER 2290 77 9 51 68 0
1515 ORDER 2291 77 41 60 67 2
1515 ORDER 2292 15 9 2 32 0
1515 BLOCK 91 40
1516 ORDER 2293 18 6 29 67 0
1517 ORDER 2294 29 11 78 68 0
1517 ORDER 2295 8 42 2 60 1
1518 ORDER 2296 92 44 1 38 0
1518 ORDER 2297 69 14 2 63 0
1518 BLOCK 74 68
1519 UNBLOCK 13 54
1519 ORDER 2298 9 63 79 67 0
1519 BLOCK 72 57
1520 ORDER 2299 18 48 3 47 0
1521 ORDER 2300 46 21 1 52 2
1521 ORDER 2301 15 63 16 67 0
1521 BLOCK 52 44
1522 CANCEL 2171
1522 ORDER 2302 76 57 1 4 0
1522 ORDER 2303 30 32 77 68 3
1523 ORDER 2304 10 26 15 67 0
1524 ORDER 2305 16 15 1 36 1
1524 BLOCK 83 48
1525 UNBLOCK 41 38
1525 ORDER 2306 9 56 2 32 2
1525 ORDER 2307 17 20 28 67 0
1526 ORDER 2308 89 51 3 7 0
1527 UNBLOCK 91 40
1527 ORDER 2309 59 65 3 64 1
1527 ORDER 2310 21 47 73 68 2
1528 ORDER 2311 57 8 2 22 1
1528 ORDER 2312 52 50 3 3 1
1529 ORDER 2313 76 44 1 52 0
1529 ORDER 2314 75 32 2 25 0
1529 BLOCK 80 27
1530 ORDER 2315 84 38 38 68 0
1531 ORDER 2316 80 12 2 59 0
1532 ORDER 2317 95 50 1 61 1
1532 ORDER 2318 82 12 86 68 0
1533 ORDER 2319 86 8 1 55 0
1533 BLOCK 41 11
1534 ORDER 2320 45 62 3 14 0
1535 ORDER 2321 67 60 40 67 0
1536 UNBLOCK 91 54
1536 ORDER 2322 48 15 3 45 1
1537 ORDER 2323 43 35 59 68 1
1537 ORDER 2324 33 11 90 67 0
1538 UNBLOCK 11 33
1538 UNBLOCK 74 68
1538 ORDER 2325 78 27 56 68 2
1538 ORDER 2326 16 54 2 56 2
1539 UNBLOCK 79 21
1539 ORDER 2327 47 51 51 68 3
1540 ORDER 2328 13 26 39 67 0
1540 ORDER 2329 94 41 81 68 0
1541 CANCEL 2203
1541 ORDER 2330 9 15 2 9 2
1541 ORDER 2331 89 53 46 68 0
1542 ORDER 2332 27 48 46 68 1
1543 ORDER 2333 7 33 88 68 0
1543 ORDER 2334 30 18 3 2 0
1544 ORDER 2335 67 8 85 67 0
1544 ORDER 2336 51 37 3 68 2
1544 BLOCK 74 39
1545 ORDER 2337 33 6 73 68 0
1546 ORDER 2338 38 36 3 64 0
1546 BLOCK 56 50
1547 ORDER 2339 74 51 68 67 2
1548 ORDER 2340 34 6 3 4 0
1548 ORDER 2341 56 18 2 1 0
1548 BLOCK 14 23
1549 ORDER 2342 29 42 3 4 0
1550 ORDER 2343 43 51 8 68 0
1551 UNBLOCK 10 67
1551 ORDER 2344 73 60 51 67 0
1551 ORDER 2345 92 29 3 53 1
1552 ORDER 2346 39 24 1 33 2
1552 ORDER 2347 94 23 16 67 2
1552 BLOCK 55 1
1553 ORDER 2348 35 23 3 37 0
1554 ORDER 2349 58 62 80 67 2
1555 ORDER 2350 7 57 40 67 0
1555 BLOCK 5 44
1556 ORDER 2351 78 23 55 68 1
1556 ORDER 2352 8 33 60 67 1
1557 UNBLOCK 91 42
1557 ORDER 2353 39 21 13 68 1
1558 UNBLOCK 32 7
1558 ORDER 2354 60 14 49 68 1
1558 BLOCK 27 45
1559 ORDER 2355 48 44 1 59 0
1559 ORDER 2356 18 15 28 67 0
1559 BLOCK 90 21
1560 UNBLOCK 18 14
1560 ORDER 2357 32 45 2 68 0
1560 BLOCK 56 3
1561 ORDER 2358 29 17 84 68 0
1561 ORDER 2359 41 26 1 13 1
1562 ORDER 2360 91 21 31 67 0
1563 ORDER 2361 87 65 2 17 1
1563 BLOCK 58 9
1564 UNBLOCK 67 38
1564 ORDER 2362 49 8 3 1 0
1565 ORDER 2363 55 14 88 67 0
1566 UNBLOCK 14 23
1566 ORDER 2364 56 59 73 68 1
1566 ORDER 2365 69 17 3 58 2
1567 ORDER 2366 85 26 62 68 1
1567 ORDER 2367 27 24 3 36 0
1568 ORDER 2368 22 56 1 3 1
1568 ORDER 2369 30 44 3 44 0
1568 BLOCK 13 20
1569 ORDER 2370 28 23 1 45 0
1569 ORDER 2371 73 60 41 67 1
1570 ORDER 2372 90 9 1 52 0
1571 ORDER 2373 34 60 1 61 0
1571 BLOCK 83 67
1572 ORDER 2374 13 39 2 8 0
1572 ORDER 2375 38 60 37 67 1
1573 ORDER 2376 62 57 88 67 3
1574 ORDER 2377 7 65 3 68 0
1574 ORDER 2378 46 8 77 68 2
1575 UNBLOCK 72 57
1575 ORDER 2379 32 47 2 52 0
1575 ORDER 2380 94 33 1 30 0
1575 BLOCK 31 59
1576 UNBLOCK 84 38
1576 ORDER 2381 17 26 1 52 1
1576 ORDER 2382 63 3 2 47 2
1577 ORDER 2383 66 42 57 68 0
1577 ORDER 2384 38 12 73 67 3
1578 ORDER 2385 66 20 48 68 1
1578 ORDER 2386 83 35 1 48 0
1578 BLOCK 60 21
1579 UNBLOCK 13 20
1579 ORDER 2387 72 45 1 8 0
1579 BLOCK 84 24
1580 UNBLOCK 27 45
1580 ORDER 2388 83 30 1 67 0
1581 ORDER 2389 50 56 52 68 0
1581 ORDER 2390 85 17 15 68 0
1582 ORDER 2391 54 12 2 12 0
1583 CANCEL 2107
1583 ORDER 2392 33 8 1 20 1
1584 CANCEL 2169
1584 UNBLOCK 83 48
1584 ORDER 2393 10 33 3 31 0
1585 ORDER 2394 18 21 1 48 0
1585 ORDER 2395 8 21 3 39 0
1586 ORDER 2396 23 32 3 1 0
1587 ORDER 2397 37 17 1 3 0
1588 ORDER 2398 64 57 78 68 0
1588 ORDER 2399 11 42 3 1 1
1589 CANCEL 2340
1589 ORDER 2400 20 48 64 68 0
1589 ORDER 2401 55 6 1 41 1
1590 ORDER 2402 91 59 64 68 1
1590 ORDER 2403 35 63 1 34 0
1591 ORDER 2404 35 3 3 31 0
1592 ORDER 2405 88 21 49 68 0
1593 UNBLOCK 14 54
1593 ORDER 2406 81 12 1 58 0
1594 ORDER 2407 71 56 3 27 0
1594 ORDER 2408 53 29 16 68 0
1595 ORDER 2409 19 32 1 49 1
1595 ORDER 2410 35 15 2 47 0
1595 BLOCK 35 38
1596 CANCEL 2111
1596 ORDER 2411 37 21 47 67 1
1596 ORDER 2412 56 21 92 68 0
1596 BLOCK 24 12
1597 UNBLOCK 89 59
1597 UNBLOCK 60 21
1597 ORDER 2413 92 11 3 55 0
1598 ORDER 2414 69 29 96 67 1
1598 ORDER 2415 78 60 49 67 0
1599 ORDER 2416 27 53 24 67 0
1600 ORDER 2417 52 39 1 5 1
1601 CANCEL 2195
1601 UNBLOCK 90 21
1601 ORDER 2418 41 36 1 67 0
1601 ORDER 2419 14 45 75 67 0
1602 CANCEL 2134
1602 UNBLOCK 52 44
1602 ORDER 2420 59 65 68 68 1
1602 ORDER 2421 51 41 5 67 0
1603 ORDER 2422 69 59 1 51 1
1603 ORDER 2423 80 47 1 51 1
1604 UNBLOCK 95 20
1604 ORDER 2424 34 38 3 41 0
1605 UNBLOCK 55 1
1605 ORDER 2425 61 21 79 67 1
1606 ORDER 2426 79 36 3 42 0
1607 ORDER 2427 54 54 3 24 0
1608 ORDER 2428 87 36 29 68 0
1609 ORDER 2429 46 5 2 50 1
1609 ORDER 2430 89 12 71 68 1
1610 ORDER 2431 30 63 3 26 0
1610 ORDER 2432 25 29 3 10 0
1611 ORDER 2433 90 9 3 59 0
1611 ORDER 2434 65 21 6 67 0
1612 ORDER 2435 10 41 96 67 0
1612 ORDER 2436 54 30 44 67 0
1613 UNBLOCK 80 27
1613 ORDER 2437 49 24 45 67 0
1613 ORDER 2438 73 53 2 65 0
1614 ORDER 2439 12 48 1 34 0
1614 ORDER 2440 37 24 2 32 1
1615 ORDER 2441 56 57 2 64 1
1616 ORDER 2442 71 9 3 42 1
1616 ORDER 2443 13 59 2 7 0
1617 CANCEL 2339
1617 ORDER 2444 89 60 2 13 0
1617 ORDER 2445 50 48 61 68 0
1617 BLOCK 12 14
1618 ORDER 2446 7 50 23 68 0
1619 UNBLOCK 56 3
1619 ORDER 2447 6 8 2 12 1
1620 UNBLOCK 31 59
1620 ORDER 2448 83 62 3 66 1
1621 ORDER 2449 24 59 1 13 1
1622 CANCEL 2153
1622 ORDER 2450 60 12 3 51 0
1622 ORDER 2451 47 26 81 68 0
1623 ORDER 2452 51 39 1 62 3
1624 UNBLOCK 41 11
1624 ORDER 2453 78 50 1 8 1
1625 UNBLOCK 83 67
1625 ORDER 2454 9 38 31 67 1
1625 ORDER 2455 50 24 3 11 0
1626 UNBLOCK 74 39
1626 UNBLOCK 5 44
1626 ORDER 2456 65 30 33 67 2
1627 ORDER 2457 59 42 2 53 0
1627 ORDER 2458 76 24 3 37 1
1628 UNBLOCK 56 50
1628 ORDER 2459 44 12 49 67 0
1629 UNBLOCK 12 14
1629 ORDER 2460 31 42 2 62 0
1629 ORDER 2461 29 51 22 67 0
1629 BLOCK 47 18
1630 ORDER 2462 10 5 2 21 2
1631 ORDER 2463 16 3 92 68 0
1631 ORDER 2464 32 18 40 68 0
1632 ORDER 2465 38 18 48 68 1
1632 ORDER 2466 31 44 2 30 0
1633 ORDER 2467 9 32 71 67 2
1633 ORDER 2468 84 36 3 57 1
1634 ORDER 2469 16 18 96 67 0
1634 ORDER 2470 49 26 2 16 0
1635 CANCEL 2219
1635 UNBLOCK 58 9
1635 ORDER 2471 12 17 1 47 0
1636 ORDER 2472 58 6 39 68 1
1636 ORDER 2473 78 17 41 67 2
1637 ORDER 2474 77 20 2 1 0
1638 CANCEL 2207
1638 ORDER 2475 77 60 2 22 1
1638 ORDER 2476 77 39 2 9 0
1639 ORDER 2477 77 65 73 68 1
1639 ORDER 2478 24 57 1 50 0
1639 BLOCK 86 2
1640 ORDER 2479 93 29 37 67 1
1640 BLOCK 80 55
1641 UNBLOCK 47 18
1641 ORDER 2480 42 44 89 68 0
1641 ORDER 2481 47 11 32 68 2
1642 UNBLOCK 24 12
1642 ORDER 2482 41 24 1 21 0
1642 ORDER 2483 49 18 68 67 3
1642 BLOCK 46 44
1643 ORDER 2484 47 23 3 59 1
1644 ORDER 2485 7 3 84 68 0
1645 ORDER 2486 49 21 1 35 0
1646 ORDER 2487 75 3 82 67 1
1646 BLOCK 21 23
1647 ORDER 2488 63 59 45 67 0
1647 ORDER 2489 32 50 3 4 0
1648 ORDER 2490 29 8 2 59 3
1648 ORDER 2491 92 47 3 60 0
1648 BLOCK 51 21
1649 ORDER 2492 21 57 72 68 0
1649 ORDER 2493 25 29 2 9 1
1650 ORDER 2494 44 39 3 47 0
1651 ORDER 2495 61 57 53 68 0
1651 ORDER 2496 66 6 1 22 1
1652 ORDER 2497 76 18 6 68 0
1652 ORDER 2498 43 48 2 42 0
1652 BLOCK 79 54
1653 ORDER 2499 24 21 88 67 0
1653 ORDER 2500 54 41 2 10 1
1654 ORDER 2501 16 54 1 18 0
1654 ORDER 2502 54 8 8 68 3
1655 ORDER 2503 34 35 3 1 0
1655 BLOCK 68 26
1656 ORDER 2504 6 53 30 67 0
1656 ORDER 2505 13 24 2 17 0
1657 ORDER 2506 40 64 3 42 0
1657 ORDER 2507 48 32 52 68 3
1657 BLOCK 65 66
1658 ORDER 2508 19 53 22 68 0
1658 BLOCK 43 11
1659 ORDER 2509 56 8 26 68 0
1659 ORDER 2510 80 20 52 67 1
1660 ORDER 2511 77 20 2 41 0
1660 ORDER 2512 67 13 3 12 1
1661 ORDER 2513 45 63 30 68 1
1661 ORDER 2514 29 30 36 67 0
1662 ORDER 2515 27 18 1 66 0
1662 ORDER 2516 7 20 3 18 1
1663 ORDER 2517 84 50 65 67 0
1663 ORDER 2518 84 60 2 40 1
1663 BLOCK 64 53
1664 ORDER 2519 6 54 93 67 0
1664 ORDER 2520 82 42 1 47 2
1665 ORDER 2521 56 62 30 68 0
1665 ORDER 2522 86 35 3 28 2
1666 ORDER 2523 91 44 1 43 0
1666 ORDER 2524 45 56 8 67 0
1667 ORDER 2525 33 29 65 67 0
1668 ORDER 2526 34 53 3 53 0
1668 ORDER 2527 49 32 1 36 2
1669 ORDER 2528 54 53 2 6 0
1669 ORDER 2529 16 26 2 2 2
1670 ORDER 2530 91 27 1 60 0
1671 ORDER 2531 64 29 79 68 1
1671 ORDER 2532 9 30 88 67 2
1671 BLOCK 30 6
1672 ORDER 2533 23 41 2 10 0
1673 CANCEL 2466
1673 ORDER 2534 73 62 40 68 1
1674 UNBLOCK 84 24
1674 ORDER 2535 87 48 6 67 1
1674 ORDER 2536 91 38 3 44 2
1675 ORDER 2537 14 65 77 67 2
1675 ORDER 2538 48 24 81 68 1
1676 ORDER 2539 40 8 2 61 0
1676 ORDER 2540 21 11 1 29 0
1677 ORDER 2541 95 44 9 68 2
1677 BLOCK 24 51
1678 ORDER 2542 61 39 76 67 0
1678 BLOCK 10 45
1679 UNBLOCK 65 66
1679 ORDER 2543 59 30 3 35 0
1679 BLOCK 59 30
1680 ORDER 2544 12 20 81 67 0
1680 ORDER 2545 47 33 21 68 0
1681 ORDER 2546 83 44 90 67 0
1681 ORDER 2547 46 53 93 68 1
1682 ORDER 2548 47 6 3 53 1
1683 ORDER 2549 39 38 2 8 0
1684 UNBLOCK 64 53
1684 ORDER 2550 55 44 70 68 0
1684 ORDER 2551 42 27 40 67 0
1685 ORDER 2552 17 54 3 35 0
1685 ORDER 2553 69 27 3 2 2
1685 BLOCK 61 47
1686 ORDER 2554 58 42 2 24 0
1687 UNBLOCK 80 55
1687 ORDER 2555 84 60 40 68 1
1687 ORDER 2556 13 48 96 68 0
1688 ORDER 2557 40 27 1 24 1
1689 ORDER 2558 41 44 2 35 1
1690 UNBLOCK 79 54
1690 ORDER 2559 78 54 3 55 1
1691 ORDER 2560 14 47 1 14 0
1691 ORDER 2561 86 51 75 67 0
1691 BLOCK 82 36
1692 ORDER 2562 94 18 83 67 3
1693 ORDER 2563 17 29 28 68 0
1693 ORDER 2564 21 47 36 67 0
1694 UNBLOCK 35 38
1694 UNBLOCK 86 2
1694 ORDER 2565 40 45 76 68 1
1695 ORDER 2566 72 9 1 40 1
1695 BLOCK 52 37
1696 ORDER 2567 43 33 3 63 1
1696 BLOCK 10 54
1697 UNBLOCK 46 44
1697 ORDER 2568 61 60 2 62 0
1697 ORDER 2569 33 54 66 68 1
1698 ORDER 2570 67 6 3 42 2
1698 ORDER 2571 41 60 3 7 2
1699 CANCEL 2435
1699 CANCEL 2499
1699 ORDER 2572 43 20 19 67 0
1700 UNBLOCK 10 45
1700 ORDER 2573 49 21 96 67 0
1701 ORDER 2574 70 59 22 68 0
1701 BLOCK 75 27
1702 ORDER 2575 92 42 9 67 0
1703 ORDER 2576 83 32 73 67 0
1703 ORDER 2577 53 12 2 55 1
1704 ORDER 2578 91 36 89 67 0
1705 CANCEL 2484
1705 ORDER 2579 63 9 3 17 1
1705 ORDER 2580 50 47 87 68 1
1706 ORDER 2581 83 6 3 17 1
1707 ORDER 2582 62 59 3 60 0
1707 ORDER 2583 79 24 84 67 0
1708 ORDER 2584 62 5 1 18 0
1708 BLOCK 30 18
1709 ORDER 2585 73 51 3 40 1
1709 ORDER 2586 57 57 3 29 1
1710 ORDER 2587 30 32 1 68 1
1711 ORDER 2588 64 3 92 67 0
1711 BLOCK 38 21
1712 UNBLOCK 30 6
1712 UNBLOCK 52 37
1712 ORDER 2589 18 39 3 11 0
1712 ORDER 2590 95 42 19 67 0
1713 ORDER 2591 12 51 3 15 0
1713 ORDER 2592 7 29 2 17 0
1714 ORDER 2593 7 6 93 67 2
1714 ORDER 2594 92 30 3 12 0
1715 ORDER 2595 51 14 73 68 0
1715 ORDER 2596 82 6 89 67 1
1715 BLOCK 53 18
1716 ORDER 2597 62 47 1 24 3
1716 ORDER 2598 55 59 94 68 0
1717 ORDER 2599 46 60 2 51 1
1717 ORDER 2600 61 9 21 68 0
1718 ORDER 2601 21 44 3 54 0
1719 ORDER 2602 77 17 77 67 0
1719 ORDER 2603 80 47 1 26 0
1719 BLOCK 61 5
1720 CANCEL 2359
1720 ORDER 2604 93 53 1 60 0
1720 ORDER 2605 42 47 3 37 1
1721 ORDER 2606 32 29 2 52 0
1721 ORDER 2607 87 36 2 57 0
1722 ORDER 2608 73 3 68 67 0
1722 ORDER 2609 67 41 77 68 1
1723 ORDER 2610 10 51 2 1 0
1724 ORDER 2611 63 32 3 4 0
1725 ORDER 2612 6 20 1 11 1
1726 UNBLOCK 21 23
1726 ORDER 2613 73 30 18 68 0
1727 ORDER 2614 67 11 2 21 1
1728 UNBLOCK 82 36
1728 ORDER 2615 29 6 74 67 0
1728 ORDER 2616 39 23 71 68 0
1729 ORDER 2617 65 56 1 27 1
1729 ORDER 2618 54 45 1 27 0
1730 ORDER 2619 59 36 63 68 1
1730 ORDER 2620 40 20 3 67 0
1731 ORDER 2621 65 8 1 36 0
1732 ORDER 2622 95 30 75 67 1
1732 ORDER 2623 9 42 16 68 1
1733 UNBLOCK 43 11
1733 ORDER 2624 36 53 2 15 1
1733 ORDER 2625 20 59 82 68 0
1733 BLOCK 72 61
1734 ORDER 2626 94 34 1 65 0
1734 ORDER 2627 87 17 22 68 1
1735 ORDER 2628 43 17 90 68 1
1735 BLOCK 75 56
1736 ORDER 2629 38 20 1 52 1
1736 ORDER 2630 8 20 6 67 0
1737 ORDER 2631 37 18 27 67 2
1738 UNBLOCK 68 26
1738 ORDER 2632 85 32 27 68 1
1739 ORDER 2633 80 14 85 68 1
1740 ORDER 2634 47 38 3 15 0
1741 ORDER 2635 50 63 92 67 0
1741 ORDER 2636 70 53 1 11 0
1742 UNBLOCK 51 21
1742 ORDER 2637 19 53 3 25 0
1742 ORDER 2638 40 20 1 68 0
1743 ORDER 2639 89 26 2 57 0
1743 ORDER 2640 9 24 94 67 0
1744 UNBLOCK 10 54
1744 ORDER 2641 91 60 3 29 1
1744 ORDER 2642 39 60 38 68 0
1744 BLOCK 19 21
1745 ORDER 2643 73 11 72 67 0
1745 ORDER 2644 41 21 2 45 3
1745 BLOCK 15 62
1746 ORDER 2645 10 8 2 67 0
1747 ORDER 2646 44 50 1 12 0
1747 ORDER 2647 8 38 94 67 0
1748 ORDER 2648 27 59 27 68 3
1749 ORDER 2649 68 6 3 32 0
1749 ORDER 2650 31 29 2 34 0
1750 ORDER 2651 43 51 1 1 0
1751 ORDER 2652 52 41 75 68 0
1752 ORDER 2653 20 17 63 67 0
1752 ORDER 2654 26 20 90 67 0
1753 ORDER 2655 29 32 2 7 0
1754 ORDER 2656 37 11 1 44 2
1754 ORDER 2657 87 20 6 68 1
1755 ORDER 2658 22 34 1 60 3
1756 UNBLOCK 61 5
1756 ORDER 2659 92 45 12 68 2
1757 ORDER 2660 89 62 8 68 0
1758 ORDER 2661 67 35 19 68 1
1758 ORDER 2662 82 45 2 65 0
1759 ORDER 2663 8 44 1 57 1
1759 ORDER 2664 56 21 1 9 0
1760 UNBLOCK 75 56
1760 ORDER 2665 75 39 1 29 1
1760 ORDER 2666 20 27 13 68 1
1761 UNBLOCK 75 27
1761 ORDER 2667 67 36 2 68 0
1762 ORDER 2668 65 3 2 22 1
1762 ORDER 2669 52 29 88 68 0
1762 BLOCK 72 56
1763 ORDER 2670 65 42 3 50 2
1764 UNBLOCK 24 51
1764 UNBLOCK 61 47
1764 ORDER 2671 69 14 81 68 0
1764 ORDER 2672 68 48 2 35 0
1765 ORDER 2673 77 50 98 68 0
1765 ORDER 2674 49 53 86 68 0
1766 CANCEL 2583
1766 ORDER 2675 41 42 3 54 0
1767 UNBLOCK 15 62
1767 ORDER 2676 7 63 1 47 0
1767 ORDER 2677 17 29 52 68 2
1768 ORDER 2678 34 45 2 59 1
1769 ORDER 2679 67 17 68 68 0
1769 ORDER 2680 87 27 35 67 0
1770 ORDER 2681 51 29 33 67 2
1771 UNBLOCK 59 30
1771 ORDER 2682 54 29 39 68 2
1771 ORDER 2683 23 35 2 55 2
1772 ORDER 2684 38 20 23 67 3
1772 BLOCK 55 3
1773 UNBLOCK 38 21
1773 ORDER 2685 31 17 3 56 2
1773 ORDER 2686 91 56 1 7 1
1774 ORDER 2687 74 21 78 67 2
1774 BLOCK 50 29
1775 ORDER 2688 42 54 3 45 0
1775 ORDER 2689 40 15 1 16 0
1776 ORDER 2690 65 8 3 67 1
1776 ORDER 2691 8 5 41 67 0
1776 BLOCK 18 35
1777 ORDER 2692 71 36 81 67 0
1777 ORDER 2693 63 11 2 50 0
1778 ORDER 2694 93 44 55 67 0
1779 ORDER 2695 58 3 3 44 0
1780 ORDER 2696 27 44 60 67 2
1780 ORDER 2697 59 65 40 67 0
1781 ORDER 2698 67 60 1 37 0
1781 ORDER 2699 48 32 63 68 1
1782 ORDER 2700 70 65 69 67 0
1783 ORDER 2701 90 3 9 68 0
1784 ORDER 2702 38 63 7 67 0
1785 ORDER 2703 84 56 1 17 0
1786 ORDER 2704 65 50 3 63 0
1786 BLOCK 89 7
1787 ORDER 2705 91 56 2 18 0
1787 ORDER 2706 8 20 1 51 0
1788 ORDER 2707 46 53 78 67 0
1788 ORDER 2708 7 21 2 2 0
1789 ORDER 2709 8 51 2 11 0
1790 ORDER 2710 22 33 3 54 0
1791 ORDER 2711 84 48 78 68 3
1792 ORDER 2712 44 12 1 30 0
1792 ORDER 2713 69 23 2 10 1
1793 ORDER 2714 93 53 85 67 1
1794 ORDER 2715 54 54 3 21 1
1794 ORDER 2716 77 44 3 22 0
1795 UNBLOCK 30 18
1795 CANCEL 2657
1795 ORDER 2717 43 14 3 67 3
1795 ORDER 2718 14 47 96 67 0
1795 BLOCK 14 43
1796 ORDER 2719 45 8 3 3 0
1796 ORDER 2720 55 35 1 51 2
1797 ORDER 2721 51 38 47 67 0
1797 ORDER 2722 72 8 40 68 0
1798 UNBLOCK 72 56
1798 ORDER 2723 90 11 29 67 3
1798 ORDER 2724 91 23 23 67 0
1799 UNBLOCK 19 21
1799 ORDER 2725 89 20 87 67 0
1799 ORDER 2726 77 42 24 68 0
1800 ORDER 2727 44 53 1 29 1
1800 ORDER 2728 65 9 3 39 1
1801 CANCEL 2601
1801 ORDER 2729 46 18 44 67 0
1801 ORDER 2730 61 59 40 68 1
1802 ORDER 2731 44 8 30 68 0
1802 ORDER 2732 38 65 28 68 0
1803 ORDER 2733 41 3 81 68 0
1803 ORDER 2734 74 21 64 68 0
1804 ORDER 2735 18 56 1 57 1
1805 ORDER 2736 64 30 2 40 0
1805 ORDER 2737 48 56 58 68 2
1806 ORDER 2738 11 18 1 61 0
1806 ORDER 2739 32 48 69 68 1
1807 ORDER 2740 29 11 34 67 1
1808 ORDER 2741 57 42 76 68 0
1809 ORDER 2742 65 65 3 37 0
1809 ORDER 2743 73 24 18 68 0
1810 CANCEL 2556
1810 ORDER 2744 11 33 96 67 0
1810 ORDER 2745 20 12 2 6 0
1811 ORDER 2746 28 29 2 13 0
1811 ORDER 2747 38 24 26 68 2
1812 ORDER 2748 69 62 2 47 2
1812 BLOCK 30 12
1813 ORDER 2749 17 27 17 68 2
1814 ORDER 2750 16 38 51 68 1
1814 ORDER 2751 58 44 25 67 0
1815 UNBLOCK 53 18
1815 ORDER 2752 64 26 3 53 0
1816 ORDER 2753 44 24 20 67 0
1816 BLOCK 24 2
1817 ORDER 2754 40 35 2 60 1
1817 ORDER 2755 34 4 1 6 1
1817 BLOCK 86 66
1818 ORDER 2756 29 9 4 68 3
1818 ORDER 2757 69 51 56 67 0
1819 ORDER 2758 51 42 52 67 2
1819 ORDER 2759 85 63 66 68 0
1820 ORDER 2760 36 51 1 29 2
1821 ORDER 2761 33 59 3 28 1
1821 ORDER 2762 93 33 67 68 1
1822 ORDER 2763 65 33 17 67 1
1823 ORDER 2764 72 35 97 67 1
1823 ORDER 2765 77 35 1 8 0
1824 ORDER 2766 69 51 3 61 2
1825 UNBLOCK 18 35
1825 ORDER 2767 84 36 1 59 0
1825 ORDER 2768 67 54 1 46 1
1826 ORDER 2769 15 53 64 67 0
1826 ORDER 2770 46 3 1 61 0
1827 ORDER 2771 62 45 79 67 0
1828 UNBLOCK 86 66
1828 ORDER 2772 88 33 3 14 0
1829 ORDER 2773 65 11 1 30 0
1829 ORDER 2774 27 21 93 68 0
1830 ORDER 2775 54 15 7 67 0
1830 ORDER 2776 37 30 3 27 1
1831 UNBLOCK 72 61
1831 ORDER 2777 78 59 2 41 0
1831 ORDER 2778 48 9 2 8 1
1832 ORDER 2779 47 35 2 27 0
1832 ORDER 2780 92 36 3 34 0
1832 BLOCK 41 35
1833 ORDER 2781 27 3 22 68 0
1834 ORDER 2782 85 39 43 67 0
1834 ORDER 2783 44 27 23 67 0
1835 ORDER 2784 84 60 67 67 2
1835 ORDER 2785 89 47 31 68 0
1836 ORDER 2786 70 65 94 68 0
1836 ORDER 2787 27 41 93 67 0
1837 ORDER 2788 11 14 34 67 2
1838 ORDER 2789 85 3 55 68 1
1838 ORDER 2790 39 36 12 68 0
1839 CANCEL 2559
1839 ORDER 2791 92 5 9 67 0
1840 UNBLOCK 50 29
1840 ORDER 2792 40 23 3 67 1
1840 BLOCK 18 9
1841 ORDER 2793 77 17 3 2 2
1842 ORDER 2794 59 26 3 47 0
1842 ORDER 2795 35 65 1 30 1
1843 ORDER 2796 22 47 3 38 0
1843 ORDER 2797 25 63 62 67 1
1844 UNBLOCK 55 3
1844 ORDER 2798 87 44 76 68 0
1845 ORDER 2799 77 48 1 65 0
1846 ORDER 2800 78 48 14 68 0
1846 ORDER 2801 39 21 73 68 2
1847 ORDER 2802 87 56 14 67 0
1848 ORDER 2803 79 5 1 23 0
1848 ORDER 2804 75 56 56 67 3
1849 ORDER 2805 15 11 40 68 3
1850 ORDER 2806 39 48 96 68 0
1851 ORDER 2807 58 42 2 10 0
1851 ORDER 2808 61 20 58 68 2
1852 ORDER 2809 16 17 2 40 0
1853 ORDER 2810 9 45 67 68 0
1853 BLOCK 63 62
1854 ORDER 2811 73 33 1 44 1
1854 ORDER 2812 62 41 75 67 1
1855 ORDER 2813 36 3 36 67 1
1856 ORDER 2814 81 9 1 3 1
1857 ORDER 2815 50 24 2 47 2
1858 ORDER 2816 67 9 8 67 0
1858 ORDER 2817 31 56 1 54 0
1858 BLOCK 28 32
1859 ORDER 2818 10 60 1 50 0
1859 ORDER 2819 73 14 18 68 0
1860 ORDER 2820 68 50 2 38 0
1860 ORDER 2821 17 14 2 50 0
1861 UNBLOCK 41 35
1861 ORDER 2822 87 54 6 68 1
1862 ORDER 2823 75 41 3 33 0
1862 ORDER 2824 73 51 2 22 0
1863 ORDER 2825 37 51 11 68 2
1863 BLOCK 47 11
1864 ORDER 2826 43 27 1 10 0
1865 ORDER 2827 29 42 3 36 3
1866 ORDER 2828 87 32 92 67 0
1866 ORDER 2829 35 51 1 45 0
1867 ORDER 2830 85 26 2 24 0
1867 ORDER 2831 14 14 2 8 1
1868 ORDER 2832 55 12 1 11 0
1868 ORDER 2833 29 63 28 68 1
1869 ORDER 2834 46 3 39 67 0
1870 ORDER 2835 47 33 3 28 0
1870 ORDER 2836 39 65 5 68 0
1871 ORDER 2837 64 35 2 12 0
1871 ORDER 2838 58 48 89 68 0
1872 ORDER 2839 63 12 9 68 0
1873 ORDER 2840 32 33 1 32 1
1874 ORDER 2841 33 9 2 43 0
1875 UNBLOCK 89 7
1875 ORDER 2842 49 54 3 53 1
1875 ORDER 2843 50 17 1 42 0
1876 ORDER 2844 20 57 1 11 0
1876 ORDER 2845 36 65 3 14 1
1877 ORDER 2846 41 29 3 54 1
1877 ORDER 2847 78 27 42 68 0
1878 ORDER 2848 19 53 2 13 0
1878 ORDER 2849 65 44 1 24 1
1878 BLOCK 40 38
1879 ORDER 2850 17 53 95 68 1
1879 ORDER 2851 69 48 2 57 1
1880 ORDER 2852 64 5 1 51 1
1881 UNBLOCK 24 2
1881 ORDER 2853 8 47 1 54 0
1881 ORDER 2854 55 65 36 67 2
1882 ORDER 2855 91 20 2 10 0
1883 ORDER 2856 9 45 13 68 1
1884 ORDER 2857 11 5 1 26 2
1884 ORDER 2858 78 20 91 67 0
1885 ORDER 2859 16 33 2 37 0
1886 ORDER 2860 54 56 50 68 2
1887 ORDER 2861 59 26 44 67 1
1887 BLOCK 70 51
1888 ORDER 2862 70 53 9 68 3
1889 ORDER 2863 54 38 27 68 0
1889 ORDER 2864 21 48 1 64 1
1890 UNBLOCK 14 43
1890 ORDER 2865 76 44 4 68 1
1890 ORDER 2866 17 47 43 68 0
1891 ORDER 2867 42 44 73 67 2
1892 ORDER 2868 48 65 2 57 0
1893 ORDER 2869 11 32 2 9 1
1893 ORDER 2870 81 27 63 67 0
1893 BLOCK 87 41
1894 ORDER 2871 17 18 12 67 0
1895 ORDER 2872 59 47 2 55 1
1895 ORDER 2873 72 12 2 18 2
1896 ORDER 2874 17 36 27 67 0
1896 ORDER 2875 37 30 72 68 0
1897 ORDER 2876 55 8 88 67 0
1897 ORDER 2877 78 56 3 63 0
1898 ORDER 2878 67 14 1 42 0
1898 ORDER 2879 53 51 1 50 2
1899 ORDER 2880 10 44 35 68 0
1900 ORDER 2881 74 45 56 67 0
1900 ORDER 2882 66 11 2 57 2
1901 ORDER 2883 84 18 37 68 0
1901 ORDER 2884 52 27 1 51 1
1902 ORDER 2885 52 63 8 67 0
1902 ORDER 2886 53 39 92 67 0
1903 UNBLOCK 30 12
1903 ORDER 2887 57 32 52 68 1
1904 ORDER 2888 57 56 2 36 0
1904 ORDER 2889 67 6 38 67 2
1904 BLOCK 20 20
1905 ORDER 2890 41 41 3 34 1
1906 ORDER 2891 29 45 77 68 0
1906 BLOCK 64 32
1907 ORDER 2892 73 26 2 59 1
1907 ORDER 2893 20 29 1 8 1
1908 UNBLOCK 47 11
1908 ORDER 2894 8 32 3 40 1
1909 ORDER 2895 30 41 1 63 0
1909 ORDER 2896 51 45 3 68 0
1910 ORDER 2897 11 9 3 11 3
1911 UNBLOCK 28 32
1911 ORDER 2898 8 44 60 67 0
1912 ORDER 2899 69 51 13 67 0
1913 ORDER 2900 9 62 36 67 0
1913 ORDER 2901 22 21 3 59 2
1914 ORDER 2902 46 62 16 67 0
1915 CANCEL 2882
1915 ORDER 2903 65 23 3 51 1
1916 ORDER 2904 13 47 31 67 0
1916 ORDER 2905 18 47 1 67 1
1917 ORDER 2906 76 9 30 68 0
1917 ORDER 2907 67 45 3 59 0
1917 BLOCK 16 38
1918 ORDER 2908 87 30 3 25 1
1918 ORDER 2909 11 8 3 30 0
1918 BLOCK 62 34
1919 ORDER 2910 59 65 3 67 0
1919 ORDER 2911 35 5 2 13 3
1920 UNBLOCK 20 20
1920 ORDER 2912 26 56 43 68 1
1920 ORDER 2913 86 62 93 68 0
1921 ORDER 2914 44 57 26 67 0
1922 ORDER 2915 19 14 2 38 0
1922 ORDER 2916 79 14 2 5 3
1923 ORDER 2917 83 54 2 13 2
1923 BLOCK 65 29
1924 ORDER 2918 48 33 60 67 0
1925 ORDER 2919 95 6 1 2 0
1925 BLOCK 52 20
1926 ORDER 2920 42 14 24 68 0
1926 BLOCK 44 45
1927 ORDER 2921 91 32 3 26 1
1928 ORDER 2922 21 63 3 55 1
1928 ORDER 2923 39 29 93 67 0
1929 ORDER 2924 26 39 2 41 1
1929 ORDER 2925 17 18 96 68 0
1930 ORDER 2926 10 33 3 41 2
1930 ORDER 2927 92 38 2 19 0
1930 BLOCK 93 59
1931 ORDER 2928 45 30 3 41 1
1932 ORDER 2929 59 20 36 67 1
1933 ORDER 2930 33 35 2 49 0
1934 ORDER 2931 84 39 24 68 1
1934 ORDER 2932 39 26 3 5 0
1935 ORDER 2933 24 12 1 28 0
1935 ORDER 2934 19 36 3 43 0
1936 ORDER 2935 27 6 3 5 0
1936 ORDER 2936 42 44 1 39 2
1937 UNBLOCK 18 9
1937 ORDER 2937 63 47 2 53 1
1938 ORDER 2938 41 33 1 46 1
1938 ORDER 2939 95 18 44 68 0
1939 ORDER 2940 74 23 3 42 0
1940 ORDER 2941 78 45 92 68 0
1940 ORDER 2942 64 51 1 38 2
1941 ORDER 2943 28 35 3 42 0
1941 ORDER 2944 83 62 57 67 2
1941 BLOCK 45 17
1942 UNBLOCK 63 62
1942 ORDER 2945 59 60 82 68 0
1943 ORDER 2946 10 15 32 67 0
1943 BLOCK 20 14
1944 ORDER 2947 66 21 2 30 1
1945 ORDER 2948 91 5 12 68 0
1946 ORDER 2949 66 41 24 68 1
1946 ORDER 2950 77 60 2 48 0
1947 ORDER 2951 62 47 97 67 0
1948 UNBLOCK 70 51
1948 ORDER 2952 31 23 29 68 1
1949 ORDER 2953 44 33 14 67 2
1949 ORDER 2954 32 50 3 54 0
1950 ORDER 2955 8 42 3 44 1
1950 ORDER 2956 28 18 1 66 0
1950 BLOCK 20 45
1951 CANCEL 2899
1951 ORDER 2957 39 29 20 67 2
1951 ORDER 2958 74 21 2 20 0
1951 BLOCK 91 49
1952 ORDER 2959 84 65 17 67 2
1952 ORDER 2960 71 29 2 53 1
1952 BLOCK 26 15
1953 ORDER 2961 55 36 7 68 3
1954 ORDER 2962 74 6 60 67 0
1954 BLOCK 85 56
1955 ORDER 2963 69 45 62 67 0
1955 ORDER 2964 17 21 40 68 2
1956 ORDER 2965 8 44 3 29 0
1957 ORDER 2966 52 57 2 13 0
1957 ORDER 2967 47 41 2 43 0
1958 UNBLOCK 40 38
1958 ORDER 2968 45 57 2 23 0
1958 ORDER 2969 56 56 3 12 1
1959 ORDER 2970 55 57 3 14 0
1959 BLOCK 45 27
1960 ORDER 2971 89 5 21 68 0
1960 ORDER 2972 84 59 28 68 0
1961 ORDER 2973 74 36 88 67 0
1962 ORDER 2974 67 29 74 67 1
1962 ORDER 2975 30 35 27 67 0
1962 BLOCK 50 32
1963 ORDER 2976 83 30 63 68 1
1963 ORDER 2977 50 12 3 5 1
1964 ORDER 2978 8 27 54 68 1
1965 ORDER 2979 21 63 94 68 0
1965 ORDER 2980 94 8 98 68 0
1965 BLOCK 22 26
1966 UNBLOCK 45 17
1966 ORDER 2981 15 6 1 12 3
1966 BLOCK 85 54
1967 ORDER 2982 57 23 46 67 1
1968 UNBLOCK 62 34
1968 ORDER 2983 74 24 47 68 0
1969 ORDER 2984 26 5 73 68 0
1970 ORDER 2985 77 51 95 68 2
1971 ORDER 2986 35 21 69 67 0
1972 CANCEL 2760
1972 UNBLOCK 20 45
1972 ORDER 2987 37 65 2 31 0
1973 ORDER 2988 74 53 3 44 0
1973 ORDER 2989 36 11 1 31 1
1974 ORDER 2990 49 30 96 68 0
1975 ORDER 2991 41 63 2 22 0
1975 ORDER 2992 38 35 2 17 0
1975 BLOCK 23 56
1976 ORDER 2993 10 26 3 44 0
1977 UNBLOCK 87 41
1977 ORDER 2994 93 56 45 67 0
1978 ORDER 2995 88 47 78 68 1
1978 BLOCK 26 47
1979 ORDER 2996 11 54 20 67 0
1979 ORDER 2997 7 51 3 25 2
1980 ORDER 2998 7 54 77 68 0
1980 ORDER 2999 75 53 84 68 1
1980 BLOCK 60 21
1981 ORDER 3000 36 57 88 67 1
1981 ORDER 3001 7 32 93 68 0
1982 ORDER 3002 89 62 86 67 1
1982 ORDER 3003 26 51 1 51 0
1983 UNBLOCK 22 26
1983 ORDER 3004 75 62 48 67 0
1983 ORDER 3005 12 56 2 41 0
1984 ORDER 3006 80 38 2 53 1
1984 BLOCK 27 47
1985 ORDER 3007 9 41 1 59 0
1986 CANCEL 2852
1986 ORDER 3008 59 63 26 68 1
1986 ORDER 3009 94 35 1 14 1
1987 UNBLOCK 16 38
1987 ORDER 3010 54 15 2 10 0
1988 UNBLOCK 50 32
1988 ORDER 3011 77 17 55 68 0
1988 BLOCK 9 48
1989 ORDER 3012 82 12 3 32 0
1989 ORDER 3013 42 56 83 67 2
1990 UNBLOCK 65 29
1990 CANCEL 2947
1990 ORDER 3014 16 35 88 68 0
1990 BLOCK 85 14
1991 CANCEL 2982
1991 ORDER 3015 59 41 3 41 2
1992 ORDER 3016 67 39 93 67 0
1992 ORDER 3017 56 17 2 25 0
1992 BLOCK 47 11
1993 ORDER 3018 91 12 45 67 1
1993 BLOCK 23 15
1994 UNBLOCK 64 32
1994 ORDER 3019 57 32 1 14 0
1994 ORDER 3020 58 60 52 68 0
1995 ORDER 3021 71 21 3 34 3
1995 BLOCK 32 33
1996 ORDER 3022 48 59 10 67 0
1996 ORDER 3023 62 56 37 67 0
1997 ORDER 3024 7 65 2 51 0
1997 ORDER 3025 8 44 15 68 2
1998 ORDER 3026 7 36 3 60 0
1999 ORDER 3027 94 24 3 35 0
2000 ORDER 3028 17 44 3 41 1
2001 CANCEL 2971
2001 ORDER 3029 62 12 55 68 0
2001 ORDER 3030 39 15 39 68 0
2001 BLOCK 70 17
2002 ORDER 3031 87 36 87 67 0
2003 ORDER 3032 59 38 59 67 3
2003 ORDER 3033 12 44 38 68 0
2004 UNBLOCK 60 21
2004 ORDER 3034 56 59 54 68 1
2004 ORDER 3035 31 47 9 68 2
2005 ORDER 3036 60 41 68 68 0
2005 ORDER 3037 10 51 77 67 0
2006 ORDER 3038 82 47 75 68 0
2007 ORDER 3039 27 23 81 67 0
2008 ORDER 3040 36 53 3 26 2
2008 ORDER 3041 43 35 1 2 0
2009 UNBLOCK 26 15
2009 ORDER 3042 12 51 95 68 0
2009 ORDER 3043 86 23 13 68 0
2010 ORDER 3044 86 27 2 63 0
2010 BLOCK 93 19
2011 ORDER 3045 11 11 53 67 0
2011 ORDER 3046 6 12 68 68 0
2012 ORDER 3047 54 6 10 68 0
2012 CANCEL 103047
2013 ORDER 3048 20 53 1 40 3
2013 ORDER 3049 72 54 63 68 1
2014 UNBLOCK 45 27
2014 ORDER 3050 35 18 2 1 0
2014 BLOCK 84 14
2015 ORDER 3051 66 63 88 67 1
2015 ORDER 3052 74 54 1 31 0
2015 BLOCK 85 53
2016 UNBLOCK 44 45
2016 ORDER 3053 36 6 3 14 1
2017 ORDER 3054 78 41 8 67 0
2018 ORDER 3055 43 5 3 66 0
2018 ORDER 3056 58 3 10 67 0
2018 BLOCK 20 27
2019 ORDER 3057 82 38 3 48 3
2019 ORDER 3058 68 36 2 1 0
2020 UNBLOCK 93 59
2020 ORDER 3059 87 21 2 66 0
2021 ORDER 3060 71 33 71 68 0
2021 BLOCK 49 47
2022 UNBLOCK 52 20
2022 UNBLOCK 93 19
2022 ORDER 3061 18 35 73 67 0
2023 ORDER 3062 11 21 1 63 0
2023 ORDER 3063 83 33 1 51 0
2024 ORDER 3064 35 63 27 68 2
2025 ORDER 3065 52 47 2 53 0
2026 ORDER 3066 23 15 3 68 0
2027 ORDER 3067 45 45 3 7 2
2028 UNBLOCK 20 14
2028 UNBLOCK 26 47
2028 ORDER 3068 67 11 2 35 1
2028 ORDER 3069 13 27 91 67 0
2029 ORDER 3070 58 33 78 68 1
2029 BLOCK 95 56
2030 UNBLOCK 85 14
2030 ORDER 3071 32 24 2 50 0
2030 ORDER 3072 9 53 4 68 0
2031 ORDER 3073 35 65 3 46 0
2031 ORDER 3074 76 5 60 68 1
2032 ORDER 3075 90 56 1 5 1
2032 ORDER 3076 65 63 46 68 0
2033 UNBLOCK 9 48
2033 ORDER 3077 29 21 56 67 0
2033 ORDER 3078 47 35 2 1 2
2034 ORDER 3079 57 8 21 67 1
2034 ORDER 3080 50 15 2 30 0
2035 ORDER 3081 84 42 95 67 0
2036 ORDER 3082 20 26 6 67 0
2036 ORDER 3083 94 38 72 67 1
2037 ORDER 3084 58 51 2 5 0
2037 ORDER 3085 94 11 8 67 1
2037 BLOCK 15 13
2038 CANCEL 3041
2038 ORDER 3086 27 12 35 67 3
2038 BLOCK 30 56
2039 UNBLOCK 85 56
2039 ORDER 3087 63 47 6 67 0
2039 ORDER 3088 10 3 4 68 3
2040 ORDER 3089 17 12 64 68 1
2041 ORDER 3090 34 56 3 39 0
2042 ORDER 3091 54 21 96 68 0
2042 ORDER 3092 14 29 75 68 0
2043 CANCEL 3077
2043 ORDER 3093 88 5 94 68 0
2044 ORDER 3094 43 27 42 68 1
2044 ORDER 3095 84 35 75 68 0
2045 UNBLOCK 91 49
2045 ORDER 3096 81 12 77 68 0
2046 ORDER 3097 62 21 35 67 0
2047 ORDER 3098 11 36 1 1 0
2047 ORDER 3099 23 5 34 68 1
2048 ORDER 3100 66 51 1 47 0
2048 ORDER 3101 86 59 98 68 1
2049 ORDER 3102 16 63 42 68 0
2049 ORDER 3103 17 35 64 68 0
2050 UNBLOCK 27 47
2050 ORDER 3104 73 14 1 62 0
2051 ORDER 3105 22 60 51 68 0
2051 ORDER 3106 21 6 3 43 1
2051 BLOCK 20 60
2052 ORDER 3107 33 33 15 68 2
2052 ORDER 3108 66 20 2 61 2
2053 ORDER 3109 90 11 1 49 0
2053 ORDER 3110 59 44 3 2 0
2054 ORDER 3111 54 15 3 11 0
2055 UNBLOCK 85 54
2055 UNBLOCK 49 47
2055 ORDER 3112 64 35 95 68 0
2055 BLOCK 86 65
2056 ORDER 3113 34 51 1 61 1
2056 CANCEL 103113
2057 ORDER 3114 55 17 2 43 2
2058 ORDER 3115 84 41 1 6 0
2058 ORDER 3116 49 50 3 10 0
2059 UNBLOCK 47 11
2059 ORDER 3117 37 21 2 68 1
2059 BLOCK 38 33
2060 ORDER 3118 20 20 1 10 0
2060 ORDER 3119 38 12 3 23 0
2061 ORDER 3120 47 15 2 49 1
2061 ORDER 3121 8 23 3 48 0
2062 UNBLOCK 70 17
2062 UNBLOCK 15 13
2062 ORDER 3122 95 3 3 57 0
2062 ORDER 3123 92 32 40 68 0
2063 ORDER 3124 88 15 58 68 0
2063 ORDER 3125 29 41 2 56 1
2064 UNBLOCK 23 56
2064 ORDER 3126 79 48 3 59 1
2065 ORDER 3127 13 41 2 41 0
2066 ORDER 3128 18 24 3 21 0
2066 ORDER 3129 37 36 2 44 0
2067 ORDER 3130 40 42 61 68 0
2067 ORDER 3131 70 54 16 68 1
2067 BLOCK 94 21
2068 ORDER 3132 19 11 93 67 0
2068 ORDER 3133 68 42 2 53 0
2069 ORDER 3134 69 24 18 68 2
2069 ORDER 3135 26 63 3 58 3
2070 UNBLOCK 85 53
2070 ORDER 3136 36 62 78 67 0
2071 ORDER 3137 13 48 15 67 2
2072 ORDER 3138 40 29 20 68 2
2072 BLOCK 95 48
2073 ORDER 3139 31 20 30 68 0
2074 UNBLOCK 38 33
2074 ORDER 3140 21 9 65 67 0
2074 ORDER 3141 37 51 73 68 0
2074 BLOCK 85 18
2075 ORDER 3142 12 26 2 45 2
2076 UNBLOCK 23 15
2076 ORDER 3143 67 6 2 65 0
2077 ORDER 3144 89 3 57 67 1
2078 ORDER 3145 42 27 3 47 1
2079 ORDER 3146 40 27 2 53 1
2080 ORDER 3147 74 6 32 67 1
2080 ORDER 3148 40 8 43 67 3
2081 ORDER 3149 64 6 82 67 1
2081 ORDER 3150 25 8 3 40 1
2082 UNBLOCK 32 33
2082 ORDER 3151 8 30 12 67 0
2083 ORDER 3152 67 48 3 26 0
2083 ORDER 3153 6 38 2 25 2
2084 ORDER 3154 95 11 13 67 0
2084 BLOCK 35 42
2085 ORDER 3155 91 23 98 67 0
2085 ORDER 3156 19 35 42 67 0
2086 ORDER 3157 44 24 3 39 0
2086 BLOCK 85 17
2087 ORDER 3158 9 62 61 67 1
2088 UNBLOCK 20 27
2088 ORDER 3159 75 63 69 68 0
2088 ORDER 3160 19 54 72 67 2
2089 UNBLOCK 84 14
2089 ORDER 3161 21 44 52 68 1
2090 ORDER 3162 41 44 2 17 1
2090 BLOCK 81 7
2091 CANCEL 3023
2091 ORDER 3163 23 51 81 68 1
2091 ORDER 3164 90 63 1 34 0
2092 ORDER 3165 95 50 45 68 0
2093 ORDER 3166 14 50 1 10 1
2093 ORDER 3167 90 27 79 67 0
2094 UNBLOCK 95 56
2094 ORDER 3168 38 41 2 30 1
2094 BLOCK 88 32
2095 ORDER 3169 7 59 2 36 1
2096 ORDER 3170 89 3 47 67 0
2097 ORDER 3171 88 23 2 35 2
2097 ORDER 3172 48 5 1 11 1
2097 BLOCK 29 44
2098 ORDER 3173 52 45 1 41 0
2099 ORDER 3174 20 6 40 68 0
2100 UNBLOCK 20 60
2100 ORDER 3175 38 32 39 67 0
2101 ORDER 3176 27 8 35 67 0
2102 ORDER 3177 83 30 16 67 0
2102 ORDER 3178 19 23 1 56 3
2103 UNBLOCK 85 17
2103 ORDER 3179 61 23 76 68 2
2103 ORDER 3180 19 8 18 67 0
2104 ORDER 3181 91 12 22 68 2
2104 ORDER 3182 73 17 3 62 1
2105 ORDER 3183 6 9 2 30 2
2106 ORDER 3184 83 44 16 67 0
2106 BLOCK 32 5
2107 ORDER 3185 17 11 60 67 2
2107 ORDER 3186 49 41 23 67 0
2108 ORDER 3187 18 23 1 31 0
2108 ORDER 3188 49 42 1 45 1
2109 ORDER 3189 13 49 53 67 0
2109 ORDER 3190 31 20 86 68 1
2110 ORDER 3191 12 54 1 21 2
2110 ORDER 3192 85 30 65 67 1
2111 ORDER 3193 35 6 3 28 1
2112 ORDER 3194 64 11 3 50 0
2112 ORDER 3195 63 3 1 26 0
2113 ORDER 3196 89 26 58 67 0
2113 ORDER 3197 28 45 93 67 0
2114 ORDER 3198 10 17 70 67 0
2115 ORDER 3199 93 11 47 68 3
2115 ORDER 3200 55 15 49 68 0
2116 UNBLOCK 30 56
2116 ORDER 3201 66 54 2 46 1
2116 ORDER 3202 31 12 96 68 0
2117 ORDER 3203 27 14 1 63 3
2118 ORDER 3204 54 36 88 68 1
2119 ORDER 3205 43 18 1 27 1
2119 ORDER 3206 56 53 87 68 0
2120 ORDER 3207 63 14 3 37 0
2121 UNBLOCK 29 44
2121 ORDER 3208 31 62 11 68 1
2121 ORDER 3209 33 41 75 67 0
2121 BLOCK 70 21
2122 ORDER 3210 28 35 1 26 0
2123 UNBLOCK 85 18
2123 ORDER 3211 55 18 2 37 0
2124 ORDER 3212 24 14 2 58 0
2124 BLOCK 71 30
2125 ORDER 3213 9 51 17 67 0
2126 ORDER 3214 59 27 44 67 2
2127 ORDER 3215 27 20 3 58 0
2128 ORDER 3216 35 5 2 33 0
2129 ORDER 3217 75 60 1 8 0
2130 ORDER 3218 93 33 2 33 0
2130 ORDER 3219 94 5 2 53 0
2130 BLOCK 42 22
2131 ORDER 3220 58 12 2 65 2
2131 ORDER 3221 79 20 29 68 0
2132 UNBLOCK 95 48
2132 ORDER 3222 34 32 2 1 1
2133 ORDER 3223 6 23 3 14 1
2133 ORDER 3224 82 12 55 68 0
2134 ORDER 3225 82 15 8 68 0
2134 BLOCK 61 57
2135 ORDER 3226 94 54 70 68 3
2135 ORDER 3227 64 11 90 67 0
2136 ORDER 3228 52 9 1 19 1
2136 ORDER 3229 44 53 76 67 0
2137 ORDER 3230 23 24 41 68 0
2137 ORDER 3231 21 48 90 67 1
2138 ORDER 3232 37 65 33 67 0
2138 ORDER 3233 6 56 1 35 3
2139 ORDER 3234 59 41 70 67 1
2139 ORDER 3235 19 27 76 67 1
2140 ORDER 3236 8 33 28 67 0
2140 ORDER 3237 73 54 43 68 1
2141 ORDER 3238 47 50 50 68 0
2141 ORDER 3239 94 57 54 67 0
2142 UNBLOCK 88 32
2142 ORDER 3240 55 45 92 67 3
2143 ORDER 3241 70 42 59 67 3
2143 BLOCK 24 27
2144 UNBLOCK 86 65
2144 ORDER 3242 32 39 1 53 0
2144 BLOCK 52 60
2145 ORDER 3243 20 48 3 51 1
2146 CANCEL 3117
2146 ORDER 3244 54 60 87 68 1
2147 ORDER 3245 84 42 2 38 3
2148 ORDER 3246 56 9 94 68 0
2149 UNBLOCK 94 21
2149 ORDER 3247 52 65 1 8 0
2149 BLOCK 25 25
2150 ORDER 3248 42 18 2 48 2
2151 ORDER 3249 22 27 57 67 0
2152 ORDER 3250 60 60 3 31 0
2152 ORDER 3251 90 12 1 23 0
2153 UNBLOCK 81 7
2153 ORDER 3252 18 8 6 67 0
2154 UNBLOCK 24 27
2154 ORDER 3253 77 63 36 67 0
2155 ORDER 3254 50 12 2 53 0
2156 ORDER 3255 25 38 2 56 0
2156 ORDER 3256 93 47 1 41 0
2157 ORDER 3257 39 18 1 51 0
2157 ORDER 3258 59 63 1 61 0
2157 BLOCK 10 47
2158 ORDER 3259 17 50 78 68 1
2159 UNBLOCK 70 21
2159 ORDER 3260 14 27 97 67 0
2159 ORDER 3261 14 27 3 10 0
2160 ORDER 3262 58 60 75 67 0
2160 ORDER 3263 26 11 1 48 0
2161 ORDER 3264 69 15 3 1 0
2162 ORDER 3265 41 59 1 11 1
2163 ORDER 3266 94 17 49 68 1
2163 ORDER 3267 41 65 6 68 0
2164 ORDER 3268 27 32 3 62 1
2165 ORDER 3269 61 12 1 2 1
2165 ORDER 3270 82 41 3 62 2
2166 ORDER 3271 6 60 79 67 0
2166 ORDER 3272 90 56 3 53 0
2167 UNBLOCK 32 5
2167 ORDER 3273 66 56 41 68 0
2167 ORDER 3274 95 17 3 65 0
2168 UNBLOCK 35 42
2168 ORDER 3275 36 26 97 68 1
2168 ORDER 3276 18 53 68 67 0
2169 ORDER 3277 89 29 3 9 0
2170 ORDER 3278 75 8 2 30 0
2170 ORDER 3279 33 14 3 2 0
2170 BLOCK 9 68
2171 ORDER 3280 37 38 2 33 0
2171 ORDER 3281 26 65 58 67 0
2172 ORDER 3282 72 6 19 67 0
2172 ORDER 3283 8 62 7 68 0
2173 ORDER 3284 83 50 52 68 1
2174 ORDER 3285 29 23 1 66 0
2174 BLOCK 5 61
2175 ORDER 3286 87 63 67 68 0
2175 ORDER 3287 70 14 1 64 0
2176 UNBLOCK 25 25
2176 ORDER 3288 64 47 40 67 0
2176 ORDER 3289 40 47 75 68 3
2177 ORDER 3290 9 11 2 66 0
2177 ORDER 3291 30 45 12 68 0
2178 CANCEL 3157
2178 ORDER 3292 6 51 80 67 2
2179 ORDER 3293 13 26 67 67 0
2180 ORDER 3294 20 26 3 67 0
2181 ORDER 3295 38 63 2 14 1
2182 ORDER 3296 58 45 54 68 1
2182 ORDER 3297 69 23 1 52 0
2183 ORDER 3298 65 56 1 17 0
2184 ORDER 3299 18 47 2 49 0
2184 ORDER 3300 50 6 3 35 0
2185 UNBLOCK 61 57
2185 ORDER 3301 56 50 3 16 0
2185 ORDER 3302 71 59 2 58 1
2186 ORDER 3303 34 11 25 67 0
2186 ORDER 3304 52 51 1 30 0
2187 ORDER 3305 79 33 70 68 0
2187 ORDER 3306 94 6 21 68 1
2188 ORDER 3307 41 60 13 67 2
2188 ORDER 3308 64 53 87 67 1
2189 ORDER 3309 64 24 2 67 1
2190 ORDER 3310 89 39 2 48 2
2191 ORDER 3311 6 53 30 68 0
2191 ORDER 3312 66 33 46 67 0
2192 ORDER 3313 75 18 50 67 1
2193 ORDER 3314 37 41 33 67 2
2193 BLOCK 15 26
2194 ORDER 3315 62 23 21 68 2
2194 ORDER 3316 62 26 2 34 3
2195 CANCEL 3266
2195 ORDER 3317 36 26 61 67 0
2196 ORDER 3318 77 39 45 68 1
2197 ORDER 3319 64 27 3 49 0
2198 ORDER 3320 8 38 14 67 1
2198 ORDER 3321 59 45 3 44 1
2199 ORDER 3322 68 50 2 55 0
2200 ORDER 3323 51 28 65 68 3
2200 ORDER 3324 73 65 97 67 1
2200 BLOCK 44 44
2201 ORDER 3325 25 57 3 12 0
2201 BLOCK 94 13
2202 ORDER 3326 20 9 2 3 0
2203 UNBLOCK 52 60
2203 ORDER 3327 58 35 2 61 1
2204 CANCEL 3327
2204 ORDER 3328 7 39 31 68 2
2204 ORDER 3329 40 36 1 44 1
2204 BLOCK 54 3
2205 ORDER 3330 61 23 42 67 0
2205 BLOCK 95 9
2206 ORDER 3331 39 41 2 21 1
2206 BLOCK 88 3
2207 ORDER 3332 87 20 45 68 0
2207 BLOCK 91 5
2208 UNBLOCK 71 30
2208 ORDER 3333 35 38 1 27 0
2209 ORDER 3334 44 5 3 37 0
2209 ORDER 3335 16 20 96 67 3
2210 ORDER 3336 21 42 3 42 0
2211 UNBLOCK 42 22
2211 ORDER 3337 57 50 3 52 1
2212 ORDER 3338 66 17 14 68 0
2212 ORDER 3339 89 21 1 36 0
2213 ORDER 3340 28 42 51 67 1
2213 BLOCK 82 15
2214 ORDER 3341 95 42 3 16 1
2214 ORDER 3342 23 50 11 67 0
2214 BLOCK 86 26
2215 ORDER 3343 49 30 10 67 0
2216 ORDER 3344 67 60 87 68 1
2217 ORDER 3345 22 50 2 20 0
2217 ORDER 3346 40 8 2 52 0
2218 ORDER 3347 85 17 10 67 3
2218 BLOCK 16 21
2219 ORDER 3348 41 56 1 53 1
2220 UNBLOCK 44 44
2220 ORDER 3349 86 26 19 68 1
2221 CANCEL 3276
2221 CANCEL 3348
2221 ORDER 3350 10 6 82 67 1
2222 ORDER 3351 16 56 48 68 0
2222 BLOCK 66 65
2223 ORDER 3352 56 29 38 67 2
2224 ORDER 3353 45 17 1 19 1
2224 ORDER 3354 61 11 3 40 0
2225 UNBLOCK 91 5
2225 ORDER 3355 92 62 2 25 0
2225 ORDER 3356 86 56 51 67 0
2225 BLOCK 57 8
2226 ORDER 3357 16 36 69 68 1
2226 ORDER 3358 55 20 36 68 0
2227 ORDER 3359 26 18 93 68 0
2228 ORDER 3360 7 17 84 67 0
2229 ORDER 3361 83 60 1 33 0
2230 ORDER 3362 24 5 39 68 1
2230 ORDER 3363 27 3 84 68 0
2231 ORDER 3364 28 5 37 67 0
2232 ORDER 3365 11 57 45 68 3
2232 ORDER 3366 70 44 98 68 0
2233 ORDER 3367 13 54 2 21 1
2233 ORDER 3368 30 24 33 68 0
2234 ORDER 3369 65 23 2 10 0
2235 ORDER 3370 49 35 75 68 0
2236 UNBLOCK 54 3
2236 ORDER 3371 63 54 9 67 0
2236 ORDER 3372 32 20 3 49 0
2237 ORDER 3373 39 60 2 61 1
2237 ORDER 3374 20 39 55 67 0
2238 UNBLOCK 95 9
2238 ORDER 3375 80 47 85 68 0
2238 ORDER 3376 28 38 25 68 1
2239 ORDER 3377 46 54 17 67 1
2239 ORDER 3378 73 17 50 67 0
2240 ORDER 3379 93 47 3 5 1
2241 ORDER 3380 42 29 1 1 0
2242 ORDER 3381 8 29 1 36 0
2242 ORDER 3382 63 44 2 5 0
2242 BLOCK 81 56
2243 ORDER 3383 17 27 86 67 0
2243 BLOCK 42 42
2244 ORDER 3384 45 60 1 67 1
2244 ORDER 3385 78 57 1 31 0
2245 ORDER 3386 38 56 2 38 1
2245 ORDER 3387 57 56 3 61 0
2246 ORDER 3388 33 41 3 67 1
2246 ORDER 3389 62 44 3 9 0
2247 ORDER 3390 79 45 91 68 0
2248 CANCEL 3253
2248 ORDER 3391 94 38 2 54 1
2248 ORDER 3392 37 17 1 60 1
2249 ORDER 3393 81 32 1 30 1
2249 BLOCK 73 9
2250 ORDER 3394 29 5 7 68 1
2251 UNBLOCK 10 47
2251 ORDER 3395 48 17 98 67 1
2251 ORDER 3396 34 56 3 6 0
2252 UNBLOCK 15 26
2252 UNBLOCK 82 15
2252 UNBLOCK 16 21
2252 ORDER 3397 30 30 76 67 0
2252 BLOCK 23 45
2253 ORDER 3398 74 20 1 54 2
2254 ORDER 3399 76 17 23 67 0
2255 ORDER 3400 18 48 12 68 0
2256 UNBLOCK 94 13
2256 ORDER 3401 93 51 3 25 0
2256 ORDER 3402 62 27 59 67 0
2256 BLOCK 93 18
2257 UNBLOCK 9 68
2257 ORDER 3403 29 39 75 67 0
2258 ORDER 3404 52 45 1 26 0
2259 ORDER 3405 67 36 25 68 2
2259 ORDER 3406 35 24 44 67 0
2259 BLOCK 42 26
2260 ORDER 3407 88 38 3 52 0
2260 ORDER 3408 68 48 28 67 1
2261 ORDER 3409 54 26 40 67 1
2262 ORDER 3410 73 18 8 67 0
2263 ORDER 3411 10 55 2 12 0
2264 UNBLOCK 5 61
2264 ORDER 3412 75 24 62 67 0
2265 ORDER 3413 41 48 41 68 0
2266 ORDER 3414 37 23 25 68 0
2266 ORDER 3415 80 53 13 67 1
2266 BLOCK 75 44
2267 ORDER 3416 20 53 95 68 0
2267 ORDER 3417 68 35 46 68 0
2268 ORDER 3418 74 51 3 39 3
2268 ORDER 3419 86 8 98 68 0
2269 ORDER 3420 21 39 2 50 0
2269 ORDER 3421 10 3 22 68 1
2270 ORDER 3422 76 8 22 68 0
2270 ORDER 3423 36 60 1 19 3
2270 BLOCK 78 21
2271 ORDER 3424 91 38 3 56 0
2271 ORDER 3425 16 17 35 67 0
2272 UNBLOCK 88 3
2272 ORDER 3426 38 38 41 67 1
2272 ORDER 3427 39 42 61 68 0
2273 ORDER 3428 73 11 2 64 1
2274 ORDER 3429 89 14 62 67 0
2274 ORDER 3430 41 29 96 68 0
2275 ORDER 3431 29 17 1 43 1
2275 ORDER 3432 19 57 40 68 2
2276 CANCEL 3307
2276 ORDER 3433 17 38 67 68 2
2276 ORDER 3434 52 12 1 37 1
2277 ORDER 3435 33 56 55 67 0
2278 ORDER 3436 51 27 90 67 0
2279 ORDER 3437 48 18 1 58 0
2280 ORDER 3438 22 56 41 68 0
2280 BLOCK 87 21
2281 ORDER 3439 16 60 38 68 3
2281 ORDER 3440 7 47 85 67 1
2282 UNBLOCK 78 21
2282 ORDER 3441 27 47 1 12 0
2283 ORDER 3442 56 65 1 12 0
2283 ORDER 3443 11 53 42 68 1
2284 ORDER 3444 93 23 41 68 3
2284 CANCEL 103444
2285 ORDER 3445 68 62 66 67 0
2285 ORDER 3446 11 18 2 9 2
2286 ORDER 3447 34 38 54 67 0
2287 ORDER 3448 87 18 1 6 3
2287 BLOCK 84 41
2288 ORDER 3449 34 11 1 14 1
2288 ORDER 3450 44 41 1 55 0
2289 ORDER 3451 37 35 2 26 3
2289 ORDER 3452 86 60 1 32 0
2290 UNBLOCK 66 65
2290 UNBLOCK 57 8
2290 ORDER 3453 79 26 1 38 1
2291 ORDER 3454 7 62 90 67 3
2291 ORDER 3455 76 24 1 33 0
2291 BLOCK 93 26
2292 UNBLOCK 75 44
2292 ORDER 3456 48 39 62 67 1
2292 BLOCK 31 52
2293 ORDER 3457 30 18 2 2 0
2293 ORDER 3458 68 63 3 15 0
2294 UNBLOCK 73 9
2294 ORDER 3459 56 29 1 55 0
2295 ORDER 3460 8 14 3 20 0
2295 BLOCK 36 56
2296 ORDER 3461 48 38 49 68 1
2296 ORDER 3462 7 26 1 40 0
2297 ORDER 3463 29 60 3 30 1
2297 ORDER 3464 34 38 35 67 0
2298 ORDER 3465 49 56 50 68 0
2298 ORDER 3466 56 57 2 65 0
2299 ORDER 3467 17 60 1 51 0
2300 ORDER 3468 55 8 2 1 0
2301 ORDER 3469 69 32 37 67 0
2302 ORDER 3470 31 14 98 67 0
2302 ORDER 3471 41 9 82 68 0
2302 BLOCK 19 54
2303 ORDER 3472 78 20 51 67 0
2303 ORDER 3473 46 53 3 66 3
2304 ORDER 3474 14 32 2 42 1
2304 ORDER 3475 21 8 1 23 0
2305 ORDER 3476 8 47 8 67 0
2305 BLOCK 32 63
2306 ORDER 3477 63 5 3 48 0
2307 ORDER 3478 74 24 96 68 1
2307 ORDER 3479 37 38 1 56 0
2308 ORDER 3480 11 26 53 67 1
2309 ORDER 3481 15 20 1 42 0
2309 ORDER 3482 89 59 2 58 0
2310 UNBLOCK 86 26
2310 ORDER 3483 74 62 54 68 0
2311 ORDER 3484 37 42 3 62 1
2311 ORDER 3485 10 17 13 68 3
2311 BLOCK 61 36
2312 ORDER 3486 52 12 3 3 0
2313 ORDER 3487 14 32 29 68 2
2313 ORDER 3488 9 42 1 45 0
2314 ORDER 3489 27 56 3 44 0
2314 ORDER 3490 93 3 48 68 0
2315 CANCEL 3487
2315 ORDER 3491 88 53 1 32 0
2315 ORDER 3492 8 60 18 68 1
2316 ORDER 3493 14 50 83 68 0
2317 ORDER 3494 36 65 1 61 0
2318 ORDER 3495 65 18 84 68 2
2318 ORDER 3496 73 62 81 67 1
2319 UNBLOCK 32 63
2319 ORDER 3497 31 26 3 1 1
2319 BLOCK 28 47
2320 ORDER 3498 18 45 3 4 2
2320 BLOCK 93 38
2321 ORDER 3499 84 48 3 30 2
2321 ORDER 3500 47 54 2 50 0
2322 UNBLOCK 93 18
2322 UNBLOCK 42 26
2322 ORDER 3501 41 48 1 11 1
2323 ORDER 3502 68 60 16 68 1
2324 ORDER 3503 39 42 72 68 0
2324 ORDER 3504 10 44 29 68 0
2325 ORDER 3505 89 3 77 67 1
2325 ORDER 3506 86 8 3 38 0
2326 ORDER 3507 17 9 56 67 1
2326 BLOCK 52 18
2327 UNBLOCK 61 36
2327 ORDER 3508 76 60 19 67 0
2328 ORDER 3509 18 56 1 41 0
2328 BLOCK 67 59
2329 ORDER 3510 6 11 2 29 1
2330 ORDER 3511 23 47 21 67 1
2331 CANCEL 3259
2331 ORDER 3512 84 42 43 67 1
2331 ORDER 3513 73 42 3 41 1
2331 BLOCK 45 29
2332 ORDER 3514 85 41 3 7 1
2332 ORDER 3515 6 60 38 68 0
2332 BLOCK 44 23
2333 ORDER 3516 84 65 95 67 0
2334 ORDER 3517 59 20 1 9 0
2335 ORDER 3518 73 63 10 68 0
2335 ORDER 3519 64 47 27 68 1
2336 ORDER 3520 24 21 2 36 0
2337 ORDER 3521 12 60 48 67 3
2337 ORDER 3522 47 51 2 47 0
2337 BLOCK 74 38
2338 ORDER 3523 64 60 1 30 1
2338 ORDER 3524 13 14 32 67 1
2338 BLOCK 33 54
2339 ORDER 3525 93 42 74 68 2
2339 BLOCK 54 60
2340 UNBLOCK 81 56
2340 ORDER 3526 29 27 3 52 0
2340 ORDER 3527 61 27 10 68 0
2340 BLOCK 91 66
2341 ORDER 3528 86 27 46 67 2
2341 ORDER 3529 30 54 1 45 0
2342 UNBLOCK 36 56
2342 ORDER 3530 66 11 2 8 1
2342 ORDER 3531 47 30 60 68 0
2343 UNBLOCK 42 42
2343 ORDER 3532 36 36 1 23 2
2343 ORDER 3533 19 21 86 67 3
2344 UNBLOCK 52 18
2344 ORDER 3534 70 48 56 67 0
2345 ORDER 3535 41 11 2 64 1
2345 BLOCK 46 35
2346 UNBLOCK 87 21
2346 ORDER 3536 59 36 2 18 0
2347 UNBLOCK 23 45
2347 ORDER 3537 29 47 28 68 0
2348 ORDER 3538 65 24 81 68 2
2348 ORDER 3539 48 48 34 68 1
2349 ORDER 3540 13 23 1 22 0
2350 ORDER 3541 10 11 1 16 1
2351 UNBLOCK 31 52
2351 ORDER 3542 86 39 67 68 2
2351 ORDER 3543 94 47 10 68 1
2352 ORDER 3544 68 12 83 68 1
2353 UNBLOCK 84 41
2353 UNBLOCK 54 60
2353 ORDER 3545 23 44 3 60 0
2354 ORDER 3546 77 23 77 67 0
2354 ORDER 3547 43 45 80 68 0
2355 ORDER 3548 83 29 89 68 0
2355 ORDER 3549 7 44 2 18 0
2356 ORDER 3550 27 14 88 68 1
2356 ORDER 3551 29 44 2 31 0
2357 ORDER 3552 40 15 9 68 1
2358 ORDER 3553 46 30 71 68 0
2358 ORDER 3554 24 26 1 3 0
2359 ORDER 3555 52 39 48 67 0
2359 ORDER 3556 27 12 32 67 0
2360 ORDER 3557 22 65 14 68 1
2361 ORDER 3558 56 35 2 35 3
2362 ORDER 3559 48 24 2 6 0
2363 UNBLOCK 91 66
2363 ORDER 3560 70 56 2 28 1
2363 ORDER 3561 82 17 10 68 0
2364 ORDER 3562 94 24 3 4 0
2364 ORDER 3563 52 3 85 68 1
2365 ORDER 3564 30 32 2 47 0
2365 ORDER 3565 38 41 63 68 0
2366 ORDER 3566 84 5 98 67 0
2367 ORDER 3567 66 53 91 68 0
2368 ORDER 3568 69 30 59 68 3
2368 BLOCK 62 14
2369 ORDER 3569 32 14 1 26 1
2369 ORDER 3570 20 45 2 40 0
2369 BLOCK 72 20
2370 ORDER 3571 79 47 15 67 1
2370 BLOCK 72 62
2371 ORDER 3572 23 15 2 11 0
2371 ORDER 3573 17 54 55 68 1
2371 BLOCK 69 12
2372 ORDER 3574 42 20 1 1 0
2372 ORDER 3575 8 33 2 53 0
2372 BLOCK 53 54
2373 ORDER 3576 27 53 75 68 0
2373 ORDER 3577 42 50 3 41 3
2373 BLOCK 71 33
2374 ORDER 3578 37 47 1 51 0
2374 ORDER 3579 22 8 3 33 0
2375 ORDER 3580 86 18 3 5 0
2376 ORDER 3581 46 30 2 4 2
2376 ORDER 3582 64 33 1 39 0
2377 UNBLOCK 28 47
2377 ORDER 3583 54 5 22 67 0
2377 ORDER 3584 49 18 1 59 1
2378 CANCEL 3405
2378 UNBLOCK 44 23
2378 ORDER 3585 30 8 1 61 0
2379 ORDER 3586 23 53 2 35 1
2379 ORDER 3587 29 47 4 67 3
2380 ORDER 3588 63 29 82 67 0
2380 ORDER 3589 45 63 3 9 1
2381 ORDER 3590 66 15 47 67 0
2381 BLOCK 88 5
2382 ORDER 3591 62 50 14 67 0
2382 ORDER 3592 48 8 2 8 1
2383 ORDER 3593 50 15 46 68 0
2384 ORDER 3594 72 8 76 68 0
2384 BLOCK 12 9
2385 UNBLOCK 19 54
2385 ORDER 3595 93 45 53 67 1
2385 ORDER 3596 56 50 12 67 3
2385 BLOCK 62 63
2386 ORDER 3597 81 3 1 42 1
2386 ORDER 3598 9 47 3 11 0
2386 BLOCK 80 18
2387 ORDER 3599 19 29 22 68 2
2387 ORDER 3600 6 26 67 67 1
2388 ORDER 3601 90 11 2 28 1
2389 ORDER 3602 61 14 16 68 1
2389 ORDER 3603 7 51 1 34 0
2390 UNBLOCK 93 26
2390 UNBLOCK 72 62
2390 ORDER 3604 23 3 64 67 0
2390 ORDER 3605 23 51 2 36 0
2391 ORDER 3606 64 24 34 68 2
2392 ORDER 3607 59 18 3 14 0
2393 UNBLOCK 71 33
2393 ORDER 3608 24 11 18 68 0
2393 BLOCK 65 21
2394 ORDER 3609 23 33 1 50 2
2394 ORDER 3610 49 32 1 55 2
2395 ORDER 3611 60 30 53 68 0
2396 UNBLOCK 93 38
2396 ORDER 3612 28 12 2 26 1
2396 ORDER 3613 52 47 2 31 1
2396 BLOCK 24 56
2397 ORDER 3614 85 65 1 35 0
2398 ORDER 3615 93 29 1 56 1
2399 ORDER 3616 34 36 3 66 0
2400 ORDER 3617 8 54 49 68 1
2400 ORDER 3618 95 26 3 38 1
2401 UNBLOCK 33 54
2401 ORDER 3619 94 32 29 68 0
2401 ORDER 3620 58 14 1 9 0
2402 ORDER 3621 23 62 11 67 1
2403 UNBLOCK 53 54
2403 ORDER 3622 69 26 71 68 0
2404 UNBLOCK 74 38
2404 ORDER 3623 86 11 1 59 2
2405 ORDER 3624 8 23 53 68 0
2405 ORDER 3625 41 21 60 68 1
2406 ORDER 3626 83 62 2 51 0
2407 ORDER 3627 25 65 3 4 0
2407 ORDER 3628 37 44 77 68 0
2408 ORDER 3629 66 62 12 67 1
2409 ORDER 3630 45 24 1 24 1
2409 ORDER 3631 93 29 3 5 0
2410 CANCEL 3408
2410 UNBLOCK 45 29
2410 ORDER 3632 58 17 80 67 0
2410 ORDER 3633 14 39 82 67 3
2411 ORDER 3634 37 44 76 67 3
2412 UNBLOCK 67 59
2412 ORDER 3635 45 36 7 67 0
2413 ORDER 3636 95 45 3 5 1
2413 BLOCK 57 20
2414 UNBLOCK 12 9
2414 ORDER 3637 70 15 2 2 0
2415 ORDER 3638 7 40 50 68 1
2416 ORDER 3639 10 62 52 67 0
2417 ORDER 3640 83 32 3 58 3
2417 ORDER 3641 24 12 3 21 0
2418 ORDER 3642 7 39 1 46 1
2418 BLOCK 24 26
2419 ORDER 3643 90 54 3 6 0
2420 UNBLOCK 88 5
2420 ORDER 3644 68 33 1 62 0
2420 ORDER 3645 23 56 2 28 0
2421 ORDER 3646 20 44 97 68 0
2421 ORDER 3647 87 54 14 68 1
2422 CANCEL 3399
2422 ORDER 3648 38 50 3 56 0
2423 UNBLOCK 69 12
2423 ORDER 3649 50 44 14 68 0
2423 ORDER 3650 17 47 3 38 0
2424 ORDER 3651 29 50 71 67 0
2424 ORDER 3652 77 8 94 68 1
2425 CANCEL 3511
2425 ORDER 3653 8 18 92 68 0
2425 ORDER 3654 59 42 45 67 0
2426 ORDER 3655 23 30 3 12 0
2427 UNBLOCK 72 20
2427 ORDER 3656 77 54 3 45 2
2428 ORDER 3657 94 56 22 68 3
2428 ORDER 3658 77 15 11 67 0
2429 CANCEL 3461
2429 ORDER 3659 60 33 2 7 0
2429 ORDER 3660 41 39 1 50 2
2430 UNBLOCK 24 56
2430 ORDER 3661 65 9 28 68 1
2431 ORDER 3662 30 50 1 67 1
2432 ORDER 3663 16 42 61 68 0
2432 BLOCK 92 62
2433 ORDER 3664 8 63 3 21 0
2434 ORDER 3665 68 47 2 18 0
2434 ORDER 3666 66 18 12 68 0
2435 ORDER 3667 55 32 1 49 2
2435 ORDER 3668 78 17 10 67 2
2436 ORDER 3669 26 32 1 37 0
2436 ORDER 3670 64 35 1 22 2
2437 UNBLOCK 46 35
2437 ORDER 3671 30 27 1 33 0
2437 ORDER 3672 29 29 77 68 2
2438 ORDER 3673 88 33 2 25 2
2439 ORDER 3674 68 8 85 67 0
2439 ORDER 3675 32 23 76 67 1
2440 CANCEL 3383
2440 ORDER 3676 87 26 52 68 0
2441 ORDER 3677 27 45 72 67 1
2441 ORDER 3678 50 42 8 68 3
2442 ORDER 3679 72 6 1 62 0
2442 BLOCK 77 1
2443 UNBLOCK 62 63
2443 ORDER 3680 86 65 3 60 2
2443 ORDER 3681 6 33 1 31 0
2444 ORDER 3682 29 12 6 67 1
2444 ORDER 3683 73 32 36 68 1
2444 BLOCK 15 2
2445 ORDER 3684 30 42 9 67 0
2445 ORDER 3685 10 29 2 14 0
2446 ORDER 3686 38 32 86 68 0
2447 ORDER 3687 9 48 2 23 0
2447 BLOCK 12 63
2448 ORDER 3688 74 24 1 2 0
2448 ORDER 3689 53 53 1 57 1
2449 ORDER 3690 93 60 52 68 1
2449 ORDER 3691 58 62 2 24 0
2450 ORDER 3692 17 17 3 6 1
2451 UNBLOCK 24 26
2451 ORDER 3693 86 54 1 27 3
2452 UNBLOCK 57 20
2452 ORDER 3694 88 47 62 68 0
2452 BLOCK 30 24
2453 UNBLOCK 62 14
2453 ORDER 3695 11 24 2 16 1
2454 CANCEL 3636
2454 ORDER 3696 44 53 2 38 0
2455 ORDER 3697 9 63 2 40 0
2455 ORDER 3698 84 11 1 40 0
2456 ORDER 3699 88 57 2 22 0
2457 ORDER 3700 75 35 2 64 0
2458 ORDER 3701 66 35 3 5 3
2458 BLOCK 75 51
2459 ORDER 3702 53 54 90 67 0
2460 ORDER 3703 89 63 2 6 3
2461 ORDER 3704 46 11 3 67 0
2461 BLOCK 62 23
2462 ORDER 3705 22 48 1 4 0
2462 BLOCK 57 3
2463 ORDER 3706 69 39 74 68 0
2464 ORDER 3707 87 23 36 67 0
2465 ORDER 3708 10 12 46 67 1
2466 ORDER 3709 84 6 1 42 0
2466 ORDER 3710 36 3 3 48 1
2467 ORDER 3711 10 62 2 49 0
2468 ORDER 3712 45 65 20 68 0
2468 ORDER 3713 75 30 15 67 1
2469 UNBLOCK 80 18
2469 ORDER 3714 12 21 35 68 1
2470 ORDER 3715 74 62 15 67 0
2471 ORDER 3716 59 5 2 62 1
2472 ORDER 3717 40 39 85 67 0
2472 ORDER 3718 41 11 33 68 0
2472 BLOCK 48 67
2473 ORDER 3719 59 3 63 68 0
2473 ORDER 3720 45 51 2 9 2
2474 UNBLOCK 65 21
2474 UNBLOCK 77 1
2474 ORDER 3721 85 24 3 4 1
2474 ORDER 3722 20 59 3 51 1
2474 BLOCK 6 27
2475 UNBLOCK 30 24
2475 ORDER 3723 72 35 2 31 0
2475 BLOCK 63 35
2476 ORDER 3724 48 45 3 18 0
2476 ORDER 3725 84 26 5 67 0
2477 ORDER 3726 93 45 2 63 0
2477 ORDER 3727 90 26 57 67 0
2477 BLOCK 79 59
2478 ORDER 3728 42 44 32 67 1
2478 BLOCK 28 30
2479 ORDER 3729 23 60 1 39 1
2479 ORDER 3730 52 33 50 67 1
2480 ORDER 3731 53 21 94 68 1
2481 ORDER 3732 23 50 68 67 0
2482 ORDER 3733 55 30 2 22 1
2482 BLOCK 41 51
2483 ORDER 3734 28 17 3 52 0
2483 ORDER 3735 47 36 3 53 1
2484 ORDER 3736 65 15 3 62 0
2484 ORDER 3737 66 39 50 68 1
2485 CANCEL 3676
2485 ORDER 3738 92 6 2 3 0
2485 ORDER 3739 44 57 3 54 0
2486 ORDER 3740 67 56 3 15 0
2486 ORDER 3741 58 15 1 51 0
2487 ORDER 3742 65 42 12 67 1
2488 ORDER 3743 6 59 1 63 0
2488 BLOCK 68 45
2489 ORDER 3744 94 38 3 29 0
2489 ORDER 3745 74 53 28 68 0
2490 ORDER 3746 57 48 31 68 0
2490 ORDER 3747 49 51 91 68 1
2490 BLOCK 21 33
2491 ORDER 3748 68 3 1 44 2
2491 ORDER 3749 33 65 3 39 0
2492 UNBLOCK 63 35
2492 ORDER 3750 21 33 56 68 0
2493 ORDER 3751 38 35 2 58 0
2494 ORDER 3752 33 39 2 2 1
2495 ORDER 3753 29 33 3 28 1
2495 ORDER 3754 68 18 1 44 1
2496 ORDER 3755 49 14 15 68 0
2496 ORDER 3756 31 15 11 67 0
2496 BLOCK 20 33
2497 ORDER 3757 13 14 71 68 2
2497 ORDER 3758 48 51 1 17 0
2498 ORDER 3759 78 29 78 67 0
2498 ORDER 3760 74 41 84 68 0
2499 ORDER 3761 36 24 1 25 0
2499 ORDER 3762 41 3 34 68 2
2500 ORDER 3763 11 15 27 67 0
2500 BLOCK 59 32
2501 CANCEL 3586
2501 ORDER 3764 70 23 3 7 1
2502 ORDER 3765 6 21 1 12 0
2502 ORDER 3766 67 29 7 67 1
2503 UNBLOCK 15 2
2503 ORDER 3767 10 38 12 67 2
2503 ORDER 3768 18 5 3 31 3
2503 BLOCK 21 29
2504 ORDER 3769 41 47 76 68 1
2505 UNBLOCK 57 3
2505 ORDER 3770 54 38 31 68 0
2505 ORDER 3771 79 14 60 67 1
2506 ORDER 3772 71 14 2 42 2
2506 ORDER 3773 73 60 3 63 0
2507 ORDER 3774 87 53 3 61 2
2508 ORDER 3775 64 3 25 68 0
2509 CANCEL 3504
2509 ORDER 3776 6 3 52 68 0
2509 ORDER 3777 22 33 78 68 1
2510 ORDER 3778 72 11 2 49 1
2510 ORDER 3779 82 33 1 33 1
2511 ORDER 3780 9 12 3 29 0
2511 ORDER 3781 16 30 94 67 1
2512 ORDER 3782 38 48 29 68 0
2512 ORDER 3783 85 12 1 28 0
2513 ORDER 3784 94 21 57 67 0
2513 ORDER 3785 50 60 60 67 0
2514 ORDER 3786 47 50 39 67 2
2514 ORDER 3787 34 11 54 68 0
2515 ORDER 3788 18 15 78 68 1
2515 ORDER 3789 65 35 96 67 0
2516 ORDER 3790 56 50 41 67 0
2517 UNBLOCK 92 62
2517 ORDER 3791 48 14 1 25 1
2517 ORDER 3792 47 8 16 67 0
2518 UNBLOCK 21 33
2518 ORDER 3793 51 30 73 67 0
2518 ORDER 3794 10 20 3 44 2
2519 UNBLOCK 68 45
2519 ORDER 3795 34 63 1 33 0
2519 ORDER 3796 75 3 11 68 1
2520 ORDER 3797 21 45 77 68 1
2521 ORDER 3798 71 6 43 68 1
2522 UNBLOCK 6 27
2522 ORDER 3799 46 54 3 15 0
2523 ORDER 3800 31 42 1 9 1
2523 ORDER 3801 9 38 91 67 0
2524 ORDER 3802 41 62 2 54 0
2524 BLOCK 38 8
2525 ORDER 3803 91 38 57 67 0
2525 ORDER 3804 59 24 33 68 0
2525 BLOCK 39 9
2526 ORDER 3805 78 62 66 67 0
2527 ORDER 3806 29 17 54 67 0
2527 BLOCK 95 39
2528 ORDER 3807 84 17 50 67 0
2528 ORDER 3808 34 32 34 67 2
2528 BLOCK 7 21
2529 UNBLOCK 48 67
2529 UNBLOCK 28 30
2529 ORDER 3809 19 8 54 68 2
2530 ORDER 3810 6 34 33 67 0
2530 ORDER 3811 82 11 1 25 0
2531 ORDER 3812 85 26 1 60 1
2531 BLOCK 95 67
2532 ORDER 3813 33 41 3 61 0
2532 BLOCK 65 20
2533 ORDER 3814 37 43 93 67 0
2534 ORDER 3815 18 48 5 68 1
2534 ORDER 3816 23 50 46 67 0
2534 BLOCK 16 2
2535 UNBLOCK 75 51
2535 ORDER 3817 57 18 96 68 0
2535 ORDER 3818 86 6 63 67 0
2536 ORDER 3819 73 41 1 30 0
2536 ORDER 3820 18 48 5 67 0
2537 ORDER 3821 6 27 3 51 0
2537 ORDER 3822 87 20 26 68 0
2538 ORDER 3823 64 15 3 25 1
2538 ORDER 3824 17 12 1 44 0
2538 BLOCK 32 1
2539 UNBLOCK 12 63
2539 UNBLOCK 59 32
2539 ORDER 3825 40 56 2 29 0
2539 ORDER 3826 59 5 2 51 2
2540 ORDER 3827 46 8 68 67 0
2541 ORDER 3828 55 38 2 32 0
2541 ORDER 3829 21 26 77 68 1
2542 ORDER 3830 73 3 1 29 0
2542 ORDER 3831 91 9 3 7 0
2542 BLOCK 67 8
2543 UNBLOCK 41 51
2543 ORDER 3832 48 8 86 68 0
2544 ORDER 3833 61 23 69 67 0
2544 BLOCK 72 56
2545 UNBLOCK 7 21
2545 ORDER 3834 81 14 65 68 0
2546 ORDER 3835 77 51 3 23 0
2546 ORDER 3836 47 36 2 66 0
2547 ORDER 3837 7 24 1 30 1
2548 ORDER 3838 78 29 3 18 0
2549 ORDER 3839 47 59 3 4 0
2550 ORDER 3840 16 24 20 68 0
2550 ORDER 3841 23 60 2 61 1
2551 ORDER 3842 34 54 21 68 0
2551 ORDER 3843 84 54 2 32 1
2552 UNBLOCK 95 67
2552 ORDER 3844 92 14 2 55 0
2553 ORDER 3845 88 63 1 58 0
2554 ORDER 3846 92 47 2 52 0
2555 ORDER 3847 12 56 79 67 1
2556 ORDER 3848 28 9 7 67 0
2556 ORDER 3849 73 44 3 58 1
2556 BLOCK 75 65
2557 ORDER 3850 18 26 1 36 1
2557 BLOCK 64 38
2558 UNBLOCK 62 23
2558 ORDER 3851 45 25 3 35 2
2558 ORDER 3852 8 14 43 67 0
2559 ORDER 3853 29 30 60 68 3
2559 ORDER 3854 74 15 3 60 0
2560 UNBLOCK 20 33
2560 ORDER 3855 74 26 88 68 1
2561 ORDER 3856 55 26 79 68 0
2561 ORDER 3857 38 36 1 21 0
2562 ORDER 3858 36 18 1 19 0
2563 ORDER 3859 56 30 2 62 1
2564 ORDER 3860 42 11 22 67 0
2565 ORDER 3861 9 15 72 68 0
2565 ORDER 3862 48 14 2 62 0
2566 ORDER 3863 48 29 42 68 0
2567 ORDER 3864 27 35 17 67 0
2568 UNBLOCK 39 9
2568 ORDER 3865 30 43 2 65 0
2569 ORDER 3866 27 63 2 27 1
2570 ORDER 3867 19 5 2 41 2
2570 ORDER 3868 84 35 2 31 1
2570 BLOCK 85 27
2571 ORDER 3869 66 11 96 67 2
2571 ORDER 3870 44 32 93 68 0
2572 UNBLOCK 79 59
2572 ORDER 3871 90 38 2 7 0
2573 ORDER 3872 28 21 1 45 0
2574 ORDER 3873 47 62 3 20 1
2575 ORDER 3874 59 3 17 68 3
2575 BLOCK 81 65
2576 ORDER 3875 11 48 10 68 1
2577 UNBLOCK 38 8
2577 ORDER 3876 65 56 2 26 0
2577 ORDER 3877 38 30 97 67 1
2578 UNBLOCK 64 38
2578 ORDER 3878 92 48 64 67 2
2578 ORDER 3879 34 56 39 68 0
2578 BLOCK 39 23
2579 ORDER 3880 88 48 3 24 2
2579 ORDER 3881 55 33 2 50 0
2580 ORDER 3882 28 12 2 25 0
2581 ORDER 3883 40 41 3 45 1
2582 UNBLOCK 16 2
2582 ORDER 3884 78 27 15 68 1
2582 BLOCK 83 60
2583 ORDER 3885 42 44 2 38 2
2584 ORDER 3886 28 39 3 2 0
2585 CANCEL 3858
2585 ORDER 3887 80 59 88 67 3
2585 ORDER 3888 92 29 46 68 0
2586 ORDER 3889 18 23 1 29 1
2586 ORDER 3890 42 41 25 68 1
2587 ORDER 3891 89 9 3 2 0
2587 ORDER 3892 65 6 67 68 0
2588 ORDER 3893 8 23 2 5 0
2588 ORDER 3894 13 56 32 68 1
2589 ORDER 3895 54 42 41 67 3
2589 ORDER 3896 63 53 92 68 0
2590 ORDER 3897 50 8 96 67 2
2590 ORDER 3898 18 44 2 60 0
2591 ORDER 3899 49 47 25 68 0
2592 ORDER 3900 32 26 36 68 3
2593 ORDER 3901 18 63 3 24 0
2594 ORDER 3902 73 45 16 67 2
2594 ORDER 3903 71 50 14 67 0
2595 ORDER 3904 73 60 87 67 2
2595 ORDER 3905 88 6 84 68 0
2596 ORDER 3906 31 17 3 9 0
2596 BLOCK 59 18
2597 CANCEL 3652
2597 ORDER 3907 55 60 1 13 0
2597 ORDER 3908 7 48 1 58 1
2597 BLOCK 92 60
2598 UNBLOCK 32 1
2598 ORDER 3909 12 6 97 67 0
2599 ORDER 3910 67 24 45 68 3
2599 ORDER 3911 77 18 59 67 0
2599 BLOCK 88 15
2600 ORDER 3912 8 38 1 19 0
2600 ORDER 3913 8 51 2 38 0
2601 ORDER 3914 35 20 3 47 0
2601 BLOCK 94 57
2602 UNBLOCK 21 29
2602 ORDER 3915 48 42 3 13 0
2603 CANCEL 3762
2603 ORDER 3916 47 38 3 47 0
2603 ORDER 3917 81 12 2 18 3
2603 BLOCK 86 51
2604 ORDER 3918 49 29 3 35 1
2604 ORDER 3919 80 29 65 67 0
2604 BLOCK 42 26
2605 CANCEL 3885
2605 ORDER 3920 57 24 93 67 0
2605 ORDER 3921 16 32 1 42 0
2606 ORDER 3922 23 15 69 67 1
2607 ORDER 3923 75 24 3 55 0
2607 ORDER 3924 64 17 20 68 0
2608 UNBLOCK 75 65
2608 ORDER 3925 29 18 3 37 0
2609 ORDER 3926 84 3 11 68 0
2609 ORDER 3927 13 29 17 68 1
2609 BLOCK 69 21
2610 ORDER 3928 46 54 2 9 0
2611 CANCEL 3856
2611 ORDER 3929 82 65 1 46 0
2611 ORDER 3930 39 65 2 63 0
2612 ORDER 3931 10 63 63 68 2
2613 UNBLOCK 65 20
2613 ORDER 3932 68 30 56 67 0
2614 ORDER 3933 63 27 1 21 0
2614 ORDER 3934 29 45 63 68 0
2614 BLOCK 88 53
2615 CANCEL 3694
2615 ORDER 3935 44 15 3 61 0
2615 BLOCK 49 65
2616 UNBLOCK 83 60
2616 ORDER 3936 87 24 88 68 1
2616 ORDER 3937 41 54 56 67 0
2617 ORDER 3938 79 47 1 47 0
2617 ORDER 3939 83 9 34 68 0
2618 ORDER 3940 63 11 2 65 3
2619 UNBLOCK 67 8
2619 ORDER 3941 20 45 23 68 2
2619 BLOCK 30 26
2620 ORDER 3942 79 45 2 35 1
2620 ORDER 3943 88 3 13 67 0
2621 ORDER 3944 88 3 1 66 0
2622 UNBLOCK 39 23
2622 ORDER 3945 58 42 7 68 0
2622 ORDER 3946 92 29 1 10 0
2622 BLOCK 86 46
2623 ORDER 3947 31 50 2 18 0
2623 ORDER 3948 49 15 2 4 0
2623 BLOCK 50 6
2624 ORDER 3949 37 20 91 67 3
2625 UNBLOCK 95 39
2625 UNBLOCK 88 15
2625 ORDER 3950 53 56 48 67 1
2625 ORDER 3951 94 39 2 5 0
2626 ORDER 3952 74 54 64 68 3
2626 ORDER 3953 72 38 50 67 0
2627 ORDER 3954 30 15 3 26 0
2628 ORDER 3955 93 17 35 67 0
2628 ORDER 3956 55 35 3 32 0
2628 BLOCK 67 8
2629 CANCEL 3871
2629 ORDER 3957 19 18 1 34 0
2630 ORDER 3958 58 6 1 57 0
2630 ORDER 3959 38 41 3 41 0
2630 BLOCK 34 38
2631 ORDER 3960 9 24 2 26 0
2632 ORDER 3961 39 30 3 14 0
2632 ORDER 3962 95 39 60 67 0
2633 ORDER 3963 83 15 52 67 0
2633 ORDER 3964 19 47 55 67 1
2634 ORDER 3965 45 21 65 67 1
2634 ORDER 3966 21 63 3 55 0
2635 ORDER 3967 49 36 6 67 0
2636 ORDER 3968 58 47 2 60 0
2637 UNBLOCK 72 56
2637 ORDER 3969 67 42 84 67 0
2638 UNBLOCK 49 65
2638 ORDER 3970 9 51 46 67 0
2639 ORDER 3971 73 54 51 67 0
2639 ORDER 3972 48 45 60 68 0
2640 ORDER 3973 35 6 3 24 0
2640 ORDER 3974 92 5 2 34 1
2641 ORDER 3975 65 5 3 3 0
2641 ORDER 3976 51 33 54 67 1
2641 BLOCK 51 25
2642 ORDER 3977 23 48 82 68 0
2642 ORDER 3978 30 30 35 67 0
2643 ORDER 3979 81 54 2 22 0
2643 ORDER 3980 10 50 3 62 0
2644 ORDER 3981 92 50 7 68 2
2644 ORDER 3982 36 15 16 67 1
2645 UNBLOCK 81 65
2645 ORDER 3983 39 57 2 53 0
2646 ORDER 3984 72 11 21 68 1
2647 ORDER 3985 92 33 1 5 2
2647 ORDER 3986 62 48 3 18 1
2648 ORDER 3987 42 14 1 38 0
2648 ORDER 3988 7 23 5 68 2
2648 BLOCK 65 12
2649 ORDER 3989 36 3 1 32 0
2649 ORDER 3990 48 5 2 62 2
2650 CANCEL 3700
2650 UNBLOCK 59 18
2650 ORDER 3991 22 27 2 35 1
2650 ORDER 3992 34 50 1 33 2
2651 UNBLOCK 88 53
2651 ORDER 3993 25 51 3 22 0
2651 ORDER 3994 13 56 83 68 2
2652 UNBLOCK 69 21
2652 ORDER 3995 87 63 2 58 0
2652 ORDER 3996 8 23 2 61 1
2652 BLOCK 77 67
2653 ORDER 3997 80 50 3 33 0
2654 ORDER 3998 23 56 49 67 1
2655 ORDER 3999 58 14 51 68 0
2656 ORDER 4000 8 21 1 33 1
2657 ORDER 4001 74 20 1 47 0
2657 ORDER 4002 9 44 1 25 0
2658 ORDER 4003 87 39 20 67 0
2658 ORDER 4004 66 21 1 27 0
2659 ORDER 4005 26 9 31 67 0
2659 ORDER 4006 42 42 90 68 3
2659 BLOCK 25 25
2660 ORDER 4007 17 27 3 31 0
2661 ORDER 4008 94 11 3 18 2
2661 ORDER 4009 88 24 1 14 1
2662 ORDER 4010 50 17 39 67 0
2662 ORDER 4011 47 41 3 24 1
2663 ORDER 4012 59 26 25 68 0
2663 ORDER 4013 83 23 72 67 0
2663 BLOCK 24 21
2664 ORDER 4014 71 48 3 1 0
2665 UNBLOCK 85 27
2665 CANCEL 3889
2665 ORDER 4015 74 8 87 67 0
2665 ORDER 4016 13 27 3 43 2
2666 ORDER 4017 93 5 3 53 0
2666 BLOCK 25 12
2667 ORDER 4018 85 63 85 67 2
2667 ORDER 4019 37 18 1 22 0
2668 ORDER 4020 58 51 83 68 2
2669 CANCEL 3798
2669 UNBLOCK 42 26
2669 ORDER 4021 85 11 1 5 2
2670 ORDER 4022 63 42 10 67 0
2670 ORDER 4023 90 56 44 67 2
2671 ORDER 4024 56 62 1 53 1
2672 ORDER 4025 56 21 56 67 0
2672 ORDER 4026 48 5 63 68 1
2673 ORDER 4027 82 21 1 46 0
2674 ORDER 4028 52 11 63 68 0
2674 ORDER 4029 49 60 1 45 0
2675 ORDER 4030 84 26 2 7 0
2675 ORDER 4031 93 51 63 68 1
2675 BLOCK 78 33
2676 ORDER 4032 38 24 52 67 0
2677 UNBLOCK 94 57
2677 ORDER 4033 42 48 2 24 1
2677 ORDER 4034 58 45 3 38 2
2678 ORDER 4035 18 65 2 51 0
2678 ORDER 4036 18 21 53 68 1
2679 CANCEL 3746
2679 ORDER 4037 37 5 2 31 0
2679 BLOCK 61 15
2680 ORDER 4038 82 27 3 59 0
2681 ORDER 4039 79 45 3 36 1
2681 ORDER 4040 84 12 1 57 1
2682 UNBLOCK 86 51
2682 ORDER 4041 63 6 7 68 1
2683 UNBLOCK 50 6
2683 ORDER 4042 92 42 3 57 0
2683 ORDER 4043 25 27 1 13 0
2684 ORDER 4044 60 53 3 31 0
2685 UNBLOCK 67 8
2685 ORDER 4045 82 17 49 68 0
2685 ORDER 4046 54 54 82 67 1
2686 CANCEL 3888
2686 ORDER 4047 29 29 3 50 0
2686 BLOCK 58 60
2687 UNBLOCK 51 25
2687 ORDER 4048 72 12 1 61 3
2687 ORDER 4049 85 42 2 12 0
2688 UNBLOCK 77 67
2688 ORDER 4050 10 47 3 67 0
2688 ORDER 4051 20 53 82 68 3
2689 ORDER 4052 89 39 60 67 0
2689 ORDER 4053 28 47 98 68 1
2689 BLOCK 83 21
2690 ORDER 4054 64 44 1 17 0
2690 ORDER 4055 79 5 2 63 0
2691 UNBLOCK 92 60
2691 ORDER 4056 55 52 8 67 0
2692 ORDER 4057 23 29 66 68 0
2692 ORDER 4058 74 18 1 42 0
2693 ORDER 4059 89 47 1 37 0
2693 ORDER 4060 84 3 80 68 0
2693 BLOCK 26 1
2694 ORDER 4061 11 65 38 68 0
2694 BLOCK 89 33
2695 ORDER 4062 83 47 61 68 1
2696 UNBLOCK 61 15
2696 ORDER 4063 25 9 2 68 3
2697 ORDER 4064 20 38 2 40 1
2697 ORDER 4065 6 18 25 67 0
2698 ORDER 4066 36 57 2 67 0
2699 CANCEL 3845
2699 ORDER 4067 55 26 24 68 1
2699 ORDER 4068 57 24 9 67 0
2700 CANCEL 3999
2700 ORDER 4069 78 20 21 67 0
2700 ORDER 4070 69 32 46 67 0
2701 UNBLOCK 30 26
2701 ORDER 4071 58 56 1 50 0
2702 ORDER 4072 6 56 7 67 0
2702 ORDER 4073 94 38 68 68 3
2703 ORDER 4074 54 21 57 68 0
2703 BLOCK 35 63
2704 UNBLOCK 58 60
2704 ORDER 4075 18 35 90 68 1
2705 ORDER 4076 84 11 3 65 0
2706 CANCEL 3851
2706 UNBLOCK 86 46
2706 ORDER 4077 44 17 1 6 0
2707 UNBLOCK 78 33
2707 ORDER 4078 9 54 2 27 2
2707 ORDER 4079 8 30 3 18 1
2708 ORDER 4080 60 12 1 47 0
2709 ORDER 4081 51 35 2 38 0
2710 CANCEL 4069
2710 ORDER 4082 51 60 2 61 0
2711 UNBLOCK 25 25
2711 ORDER 4083 13 50 85 67 1
2711 BLOCK 11 35
2712 UNBLOCK 34 38
2712 ORDER 4084 56 23 3 23 1
2712 ORDER 4085 84 26 2 41 1
2713 ORDER 4086 82 45 76 68 0
2713 BLOCK 7 33
2714 ORDER 4087 8 3 2 46 0
2714 ORDER 4088 19 35 86 67 1
2714 BLOCK 36 8
2715 ORDER 4089 82 8 17 68 1
2715 ORDER 4090 51 42 1 67 1
2715 BLOCK 38 60
2716 ORDER 4091 20 45 1 23 0
2716 ORDER 4092 31 33 3 44 0
2717 ORDER 4093 28 32 3 17 0
2718 ORDER 4094 29 62 3 56 0
2719 ORDER 4095 7 51 1 48 3
2720 ORDER 4096 40 45 3 17 0
2721 ORDER 4097 89 38 41 67 0
2722 ORDER 4098 11 48 24 68 2
2723 ORDER 4099 84 24 3 57 0
2724 ORDER 4100 72 57 1 66 0
2725 ORDER 4101 40 24 91 68 0
2725 ORDER 4102 67 48 1 23 1
2725 BLOCK 27 3
2726 ORDER 4103 58 3 2 22 0
2727 ORDER 4104 45 21 65 67 2
2728 ORDER 4105 78 48 60 67 0
2729 ORDER 4106 82 44 2 8 1
2729 ORDER 4107 49 8 1 31 0
2729 BLOCK 18 18
2730 ORDER 4108 75 27 3 41 1
2730 ORDER 4109 34 6 38 67 2
2731 ORDER 4110 17 9 2 27 0
2731 ORDER 4111 58 48 1 19 0
2731 BLOCK 66 68
2732 ORDER 4112 37 51 3 62 0
2732 ORDER 4113 52 9 88 68 0
2733 UNBLOCK 25 12
2733 ORDER 4114 90 59 83 67 0
2733 ORDER 4115 51 36 70 67 0
2734 ORDER 4116 17 47 51 68 1
2734 ORDER 4117 17 30 83 68 2
2735 ORDER 4118 44 59 3 65 0
2735 ORDER 4119 21 62 87 68 0
2736 UNBLOCK 24 21
2736 UNBLOCK 7 33
2736 ORDER 4120 76 41 78 68 0
2737 ORDER 4121 38 61 2 18 2
2737 ORDER 4122 65 51 15 67 0
2738 UNBLOCK 65 12
2738 ORDER 4123 66 17 1 25 2
2738 ORDER 4124 59 44 60 68 0
2739 ORDER 4125 32 51 32 67 0
2740 ORDER 4126 73 5 35 67 1
2740 BLOCK 37 56
2741 ORDER 4127 88 57 4 67 2
2742 UNBLOCK 83 21
2742 ORDER 4128 10 24 67 67 1
2742 ORDER 4129 73 30 53 67 1
2743 ORDER 4130 86 23 2 22 0
2744 ORDER 4131 25 17 28 68 2
2745 ORDER 4132 46 57 2 56 0
2745 ORDER 4133 71 6 88 67 0
2746 UNBLOCK 18 18
2746 ORDER 4134 48 33 93 68 3
2747 ORDER 4135 33 65 3 35 0
2748 ORDER 4136 78 14 94 68 1
2748 ORDER 4137 20 57 1 37 0
2749 UNBLOCK 66 68
2749 ORDER 4138 66 41 90 67 0
2750 ORDER 4139 30 48 3 13 0
2750 ORDER 4140 67 5 3 47 0
2751 ORDER 4141 89 47 2 17 2
2751 ORDER 4142 56 9 2 6 0
2752 ORDER 4143 88 48 14 67 0
2753 ORDER 4144 79 53 3 2 0
2753 ORDER 4145 58 62 25 67 2
2753 BLOCK 16 18
2754 CANCEL 3937
2754 ORDER 4146 75 35 2 65 0
2754 ORDER 4147 12 41 39 68 0
2754 BLOCK 19 66
2755 ORDER 4148 24 51 1 11 0
2755 BLOCK 72 26
2756 CANCEL 4089
2756 ORDER 4149 95 57 2 45 0
2757 ORDER 4150 66 65 1 26 0
2758 ORDER 4151 36 20 1 14 0
2758 ORDER 4152 32 3 2 4 1
2759 CANCEL 3891
2759 ORDER 4153 33 50 32 68 0
2759 ORDER 4154 78 54 28 68 1
2760 ORDER 4155 34 63 1 2 2
2761 ORDER 4156 83 15 86 67 1
2762 ORDER 4157 90 63 76 67 2
2763 ORDER 4158 8 32 55 67 1
2763 BLOCK 80 7
2764 ORDER 4159 6 62 1 65 0
2765 UNBLOCK 26 1
2765 ORDER 4160 58 56 1 30 0
2766 ORDER 4161 17 38 9 68 0
2766 ORDER 4162 76 53 7 68 3
2767 ORDER 4163 32 53 2 44 0
2767 ORDER 4164 37 50 44 68 1
2767 BLOCK 25 67
2768 ORDER 4165 66 9 1 68 0
2768 ORDER 4166 26 41 3 49 0
2768 BLOCK 48 23
2769 ORDER 4167 71 47 49 68 1
2770 UNBLOCK 89 33
2770 ORDER 4168 14 47 1 15 1
2770 ORDER 4169 43 12 9 68 0
2770 BLOCK 68 6
2771 ORDER 4170 64 9 1 27 0
2772 ORDER 4171 60 65 76 68 1
2773 ORDER 4172 89 14 1 32 0
2774 ORDER 4173 53 14 3 2 1
2775 ORDER 4174 40 21 89 68 0
2775 ORDER 4175 37 24 2 13 0
2776 ORDER 4176 93 63 88 67 1
2776 ORDER 4177 93 35 6 67 1
2777 ORDER 4178 79 35 2 48 0
2778 UNBLOCK 36 8
2778 ORDER 4179 48 33 2 10 1
2779 ORDER 4180 9 36 57 68 0
2779 BLOCK 54 50
2780 ORDER 4181 49 44 80 68 1
2780 ORDER 4182 95 15 58 67 0
2781 CANCEL 3957
2781 ORDER 4183 75 56 45 67 0
2781 ORDER 4184 77 59 3 5 1
2781 BLOCK 51 20
2782 CANCEL 4119
2782 ORDER 4185 12 41 21 67 0
2782 ORDER 4186 16 44 1 34 1
2783 ORDER 4187 40 17 41 67 0
2783 BLOCK 39 27
2784 ORDER 4188 10 15 88 67 1
2784 ORDER 4189 51 45 89 68 3
2785 UNBLOCK 27 3
2785 ORDER 4190 25 29 27 68 1
2786 ORDER 4191 53 57 2 25 2
2787 ORDER 4192 89 26 3 33 2
2788 UNBLOCK 35 63
2788 ORDER 4193 34 36 59 68 0
2789 ORDER 4194 39 21 2 10 1
2790 ORDER 4195 58 30 3 64 0
2790 ORDER 4196 40 42 2 16 1
2790 BLOCK 45 43
2791 ORDER 4197 38 12 9 68 0
2791 ORDER 4198 46 60 2 44 2
2791 BLOCK 61 54
2792 ORDER 4199 82 35 86 68 1
2792 ORDER 4200 39 48 92 67 0
2793 ORDER 4201 28 9 3 68 1
2794 UNBLOCK 48 23
2794 ORDER 4202 17 12 84 67 0
2795 ORDER 4203 24 32 3 37 1
2795 BLOCK 73 48
2796 ORDER 4204 38 24 12 67 1
2796 ORDER 4205 67 14 92 67 0
2797 ORDER 4206 35 60 96 67 0
2798 UNBLOCK 11 35
2798 UNBLOCK 38 60
2798 ORDER 4207 70 18 1 36 0
2799 ORDER 4208 7 54 40 68 1
2800 ORDER 4209 16 36 1 65 0
2801 ORDER 4210 83 8 17 67 1
2802 CANCEL 4070
2802 ORDER 4211 91 35 3 34 1
2803 ORDER 4212 36 14 2 56 0
2803 ORDER 4213 47 57 62 68 1
2804 UNBLOCK 37 56
2804 ORDER 4214 6 54 1 41 0
2804 ORDER 4215 18 12 1 47 1
2805 ORDER 4216 49 45 98 67 2
2805 ORDER 4217 63 14 3 27 0
2806 ORDER 4218 89 5 11 67 3
2806 ORDER 4219 10 39 2 4 0
2807 ORDER 4220 29 41 3 38 0
2807 ORDER 4221 16 8 1 2 0
2808 ORDER 4222 86 59 21 68 1
2808 ORDER 4223 10 35 1 28 1
2809 ORDER 4224 69 53 1 67 1
2810 ORDER 4225 74 30 53 68 1
2810 BLOCK 16 27
2811 UNBLOCK 61 54
2811 ORDER 4226 41 27 93 67 0
2811 BLOCK 52 54
2812 ORDER 4227 53 54 91 68 0
2813 ORDER 4228 22 45 1 10 0
2813 ORDER 4229 92 27 37 67 3
2814 ORDER 4230 46 3 83 67 1
2815 ORDER 4231 40 53 23 67 0
2816 ORDER 4232 7 29 37 67 0
2817 ORDER 4233 66 14 1 34 1
2818 ORDER 4234 91 38 57 67 0
2818 ORDER 4235 22 47 87 67 1
2819 ORDER 4236 82 9 51 68 1
2820 ORDER 4237 49 17 2 47 1
2820 ORDER 4238 42 36 3 9 1
2821 ORDER 4239 74 65 1 39 0
2821 ORDER 4240 17 21 1 39 2
2822 UNBLOCK 16 18
2822 ORDER 4241 18 18 38 68 0
2823 UNBLOCK 73 48
2823 ORDER 4242 72 21 1 48 1
2823 ORDER 4243 27 23 2 45 1
2824 UNBLOCK 72 26
2824 ORDER 4244 23 60 3 34 0
2825 ORDER 4245 24 51 1 59 2
2826 ORDER 4246 90 53 2 7 3
2826 ORDER 4247 24 36 1 42 2
2827 ORDER 4248 73 38 60 68 0
2827 ORDER 4249 18 32 82 68 0
2828 UNBLOCK 80 7
2828 ORDER 4250 48 33 1 59 0
2828 ORDER 4251 7 65 6 67 0
2828 BLOCK 34 3
2829 ORDER 4252 61 65 93 67 0
2829 ORDER 4253 18 9 1 46 0
2830 ORDER 4254 85 51 3 14 3
2830 ORDER 4255 47 41 65 67 1
2830 BLOCK 92 50
2831 ORDER 4256 11 8 3 60 1
2831 BLOCK 82 39
2832 ORDER 4257 65 32 2 3 0
2833 UNBLOCK 16 27
2833 ORDER 4258 84 35 1 65 3
2833 ORDER 4259 75 39 1 17 1
2833 BLOCK 26 6
2834 CANCEL 4022
2834 ORDER 4260 94 9 1 23 0
2834 ORDER 4261 46 62 66 68 0
2835 ORDER 4262 14 50 1 16 2
2835 ORDER 4263 76 11 1 11 1
2836 ORDER 4264 59 29 82 68 0
2836 ORDER 4265 91 21 11 68 0
2837 ORDER 4266 67 12 65 68 0
2837 ORDER 4267 29 26 60 67 0
2838 UNBLOCK 51 20
2838 ORDER 4268 90 39 1 7 0
2838 ORDER 4269 33 8 1 59 0
2839 ORDER 4270 95 63 2 55 1
2840 ORDER 4271 70 42 88 68 0
2840 ORDER 4272 24 15 1 44 0
2841 ORDER 4273 21 19 4 68 0
2841 BLOCK 19 24
2842 ORDER 4274 13 50 54 68 0
2842 ORDER 4275 19 65 1 66 0
2843 ORDER 4276 6 15 32 67 2
2844 ORDER 4277 85 30 3 34 2
2844 ORDER 4278 36 18 83 67 0
2845 ORDER 4279 60 50 3 61 1
2845 ORDER 4280 30 27 16 68 1
2846 ORDER 4281 86 50 35 68 0
2846 ORDER 4282 31 39 68 67 1
2846 BLOCK 36 55
2847 UNBLOCK 26 6
2847 ORDER 4283 66 54 1 26 0
2847 ORDER 4284 54 45 1 65 0
2847 BLOCK 75 38
2848 ORDER 4285 84 45 2 32 0
2848 ORDER 4286 54 9 2 29 1
2848 BLOCK 36 5
2849 ORDER 4287 93 17 43 68 2
2849 ORDER 4288 14 65 2 40 0
2850 UNBLOCK 19 66
2850 ORDER 4289 20 21 78 68 0
2851 UNBLOCK 25 67
2851 CANCEL 4212
2851 ORDER 4290 91 3 88 68 3
2852 ORDER 4291 64 60 2 1 0
2852 ORDER 4292 8 65 25 68 0
2853 ORDER 4293 45 65 3 56 0
2853 ORDER 4294 58 47 94 68 0
2853 BLOCK 25 24
2854 ORDER 4295 45 23 2 58 0
2854 ORDER 4296 50 26 3 19 0
2855 UNBLOCK 34 3
2855 ORDER 4297 58 47 8 67 0
2855 ORDER 4298 57 3 1 18 0
2856 ORDER 4299 33 33 3 46 3
2856 ORDER 4300 93 38 1 43 0
2857 UNBLOCK 82 39
2857 UNBLOCK 75 38
2857 ORDER 4301 74 32 92 68 0
2857 ORDER 4302 56 21 59 68 1
2858 ORDER 4303 64 18 2 44 1
2858 ORDER 4304 18 24 1 16 3
2859 UNBLOCK 92 50
2859 ORDER 4305 66 65 76 67 1
2859 ORDER 4306 68 38 1 68 0
2859 BLOCK 40 8
2860 ORDER 4307 43 42 21 67 0
2860 ORDER 4308 75 36 2 2 1
2861 ORDER 4309 29 23 55 67 0
2861 BLOCK 71 17
2862 UNBLOCK 68 6
2862 UNBLOCK 45 43
2862 UNBLOCK 19 24
2862 ORDER 4310 91 5 1 40 1
2862 ORDER 4311 15 18 2 9 0
2863 ORDER 4312 39 42 67 68 2
2863 ORDER 4313 30 63 3 32 0
2864 ORDER 4314 71 14 89 68 1
2864 ORDER 4315 28 24 43 68 1
2865 ORDER 4316 70 26 1 62 0
2865 ORDER 4317 69 59 27 67 3
2866 ORDER 4318 80 26 61 67 0
2867 ORDER 4319 26 33 73 68 0
2867 ORDER 4320 32 24 2 8 0
2868 UNBLOCK 54 50
2868 ORDER 4321 79 39 2 34 0
2868 ORDER 4322 68 30 2 14 0
2869 UNBLOCK 36 5
2869 ORDER 4323 37 15 73 68 0
2870 ORDER 4324 77 65 61 67 1
2871 ORDER 4325 54 30 34 68 0
2872 UNBLOCK 39 27
2872 UNBLOCK 52 54
2872 ORDER 4326 92 33 74 67 1
2872 ORDER 4327 52 53 2 9 0
2873 ORDER 4328 92 6 76 68 0
2873 ORDER 4329 68 39 6 67 0
2874 ORDER 4330 46 20 79 67 2
2875 CANCEL 4059
2875 ORDER 4331 65 53 69 68 0
2875 ORDER 4332 72 59 3 4 1
2876 ORDER 4333 78 8 1 37 2
2876 ORDER 4334 27 12 48 67 0
2877 CANCEL 4139
2877 ORDER 4335 55 14 1 13 1
2877 ORDER 4336 20 38 1 25 1
2878 CANCEL 4038
2878 ORDER 4337 29 59 1 47 0
2879 ORDER 4338 28 60 94 68 2
2879 BLOCK 71 17
2880 ORDER 4339 94 5 2 5 1
2880 ORDER 4340 65 32 54 67 0
2881 ORDER 4341 17 17 87 67 0
2881 BLOCK 29 5
2882 ORDER 4342 49 51 4 68 1
2882 ORDER 4343 85 35 8 68 0
2883 ORDER 4344 37 27 34 67 0
2883 ORDER 4345 31 14 1 15 0
2884 ORDER 4346 88 48 1 11 0
2884 ORDER 4347 50 56 2 33 3
2885 ORDER 4348 43 51 1 8 0
2886 ORDER 4349 13 57 51 67 0
2886 ORDER 4350 69 44 84 68 0
2887 ORDER 4351 69 65 1 37 1
2887 ORDER 4352 33 3 1 9 1
2887 BLOCK 75 59
2888 ORDER 4353 80 32 2 56 1
2888 BLOCK 39 3
2889 ORDER 4354 61 54 2 51 0
2889 ORDER 4355 58 44 87 67 0
2890 UNBLOCK 36 55
2890 ORDER 4356 84 39 13 68 0
2891 UNBLOCK 71 17
2891 ORDER 4357 94 60 3 44 2
2891 ORDER 4358 71 29 81 67 0
2892 ORDER 4359 59 48 90 67 1
2892 ORDER 4360 34 27 69 67 0
2893 ORDER 4361 74 35 3 57 0
2893 CANCEL 104361
2894 ORDER 4362 7 6 58 68 0
2895 ORDER 4363 75 41 40 68 0
2896 ORDER 4364 33 3 2 50 1
2896 ORDER 4365 73 54 3 23 2
2897 ORDER 4366 72 5 90 67 0
2897 ORDER 4367 26 59 2 21 3
2898 ORDER 4368 24 47 59 68 2
2898 ORDER 4369 70 63 3 21 0
2899 ORDER 4370 55 17 96 67 0
2899 ORDER 4371 25 15 3 9 0
2899 BLOCK 15 55
2900 ORDER 4372 74 38 2 29 2
2900 ORDER 4373 63 57 91 67 1
2901 ORDER 4374 79 36 22 67 0
2902 ORDER 4375 31 32 34 67 1
2902 ORDER 4376 84 33 3 24 0
2902 BLOCK 45 12
2903 ORDER 4377 77 57 34 68 0
2904 ORDER 4378 47 42 21 67 0
2904 ORDER 4379 24 9 3 2 1
2905 ORDER 4380 9 14 3 57 0
2905 ORDER 4381 62 59 93 68 2
2906 ORDER 4382 18 37 3 68 0
2906 BLOCK 86 17
2907 ORDER 4383 7 62 3 29 2
2908 ORDER 4384 47 11 1 26 0
2908 BLOCK 76 65
2909 ORDER 4385 8 18 81 68 0
2910 ORDER 4386 32 54 74 67 0
2910 BLOCK 89 50
2911 ORDER 4387 49 38 1 46 0
2912 ORDER 4388 29 30 1 24 2
2912 ORDER 4389 7 14 2 61 0
2913 ORDER 4390 27 5 43 67 0
2914 ORDER 4391 80 59 43 67 0
2915 ORDER 4392 50 63 2 36 0
2915 ORDER 4393 94 11 14 67 1
2916 ORDER 4394 81 38 55 67 1
2916 ORDER 4395 81 59 1 27 0
2917 ORDER 4396 88 20 1 28 0
2918 ORDER 4397 56 6 24 67 0
2918 ORDER 4398 40 51 3 61 0
2919 ORDER 4399 70 12 2 33 0
2919 ORDER 4400 39 14 43 68 0
2920 ORDER 4401 56 8 1 20 0
2921 UNBLOCK 40 8
2921 ORDER 4402 47 53 66 67 0
2921 ORDER 4403 35 3 2 15 0
2922 ORDER 4404 29 29 1 40 0
2922 ORDER 4405 35 30 84 68 1
2923 ORDER 4406 92 9 1 42 0
2923 BLOCK 49 48
2924 ORDER 4407 32 51 3 3 0
2925 ORDER 4408 66 3 3 48 1
2925 ORDER 4409 67 20 3 4 0
2926 ORDER 4410 44 27 3 37 2
2926 ORDER 4411 70 12 38 67 0
2927 ORDER 4412 9 35 1 56 0
2928 ORDER 4413 48 59 3 54 1
2928 BLOCK 59 39
2929 ORDER 4414 54 24 2 18 2
2929 CANCEL 104414
2930 UNBLOCK 45 12
2930 ORDER 4415 20 51 3 57 1
2931 ORDER 4416 21 8 3 28 1
2932 UNBLOCK 89 50
2932 ORDER 4417 67 47 16 67 0
2932 ORDER 4418 93 45 56 67 2
2932 BLOCK 31 7
2933 ORDER 4419 83 32 49 67 0
2933 ORDER 4420 87 50 3 48 3
2934 CANCEL 4314
2934 ORDER 4421 11 57 1 56 0
2934 ORDER 4422 33 50 2 7 1
2935 ORDER 4423 23 51 1 61 1
2935 ORDER 4424 52 39 2 11 0
2936 ORDER 4425 48 63 77 67 0
2936 ORDER 4426 28 39 3 10 2
2937 ORDER 4427 13 27 29 68 1
2937 ORDER 4428 19 42 79 67 1
2938 ORDER 4429 34 35 1 52 2
2938 BLOCK 70 31
2939 UNBLOCK 71 17
2939 UNBLOCK 76 65
2939 ORDER 4430 67 36 1 18 0
2940 ORDER 4431 88 23 83 68 1
2940 ORDER 4432 91 20 61 67 2
2941 UNBLOCK 25 24
2941 ORDER 4433 31 44 4 67 0
2942 ORDER 4434 82 9 1 18 2
2943 UNBLOCK 86 17
2943 UNBLOCK 31 7
2943 ORDER 4435 76 42 3 32 1
2944 ORDER 4436 17 56 3 48 0
2945 ORDER 4437 45 38 1 17 0
2945 ORDER 4438 81 14 2 14 0
2946 ORDER 4439 74 35 2 26 0
2946 ORDER 4440 66 50 1 52 0
2947 ORDER 4441 54 56 1 28 3
2947 BLOCK 15 15
2948 ORDER 4442 8 3 1 35 0
2949 ORDER 4443 47 5 18 68 0
2950 ORDER 4444 29 9 3 15 0
2951 ORDER 4445 93 38 24 68 0
2951 BLOCK 11 8
2952 ORDER 4446 73 20 2 41 0
2952 ORDER 4447 80 53 1 34 1
2953 ORDER 4448 63 21 3 34 3
2954 UNBLOCK 75 59
2954 ORDER 4449 67 35 1 33 0
2955 UNBLOCK 29 5
2955 ORDER 4450 59 18 42 68 1
2956 ORDER 4451 14 47 3 20 0
2957 ORDER 4452 27 38 1 63 0
2958 ORDER 4453 51 65 2 39 1
2959 ORDER 4454 84 57 24 67 1
2959 ORDER 4455 42 48 54 67 0
2960 ORDER 4456 65 51 46 67 0
2960 ORDER 4457 68 6 1 28 0
2961 ORDER 4458 15 8 30 67 0
2961 ORDER 4459 32 29 39 67 0
2962 ORDER 4460 84 11 2 29 0
2963 ORDER 4461 9 5 1 17 0
2964 CANCEL 4169
2964 ORDER 4462 65 35 54 67 0
2964 ORDER 4463 29 20 3 34 0
2965 ORDER 4464 38 50 39 68 0
2965 ORDER 4465 84 6 2 11 0
2965 BLOCK 90 54
2966 ORDER 4466 15 51 44 68 0
2967 ORDER 4467 79 23 1 5 0
2968 ORDER 4468 67 18 34 68 2
2968 ORDER 4469 61 41 1 9 2
2969 ORDER 4470 7 24 6 68 0
2969 ORDER 4471 63 51 58 68 3
2970 ORDER 4472 41 50 32 67 0
2971 UNBLOCK 15 55
2971 ORDER 4473 30 57 2 28 1
2972 UNBLOCK 70 31
2972 ORDER 4474 20 50 2 9 0
2972 ORDER 4475 60 63 3 65 0
2973 ORDER 4476 60 51 65 68 1
2974 ORDER 4477 52 48 78 68 0
2975 ORDER 4478 40 42 54 67 0
2975 ORDER 4479 40 44 2 64 1
2975 BLOCK 93 17
2976 ORDER 4480 20 12 2 30 0
2976 ORDER 4481 95 17 18 68 1
2977 ORDER 4482 31 48 1 66 3
2977 ORDER 4483 93 56 1 50 0
2978 UNBLOCK 39 3
2978 ORDER 4484 9 51 61 68 0
2978 ORDER 4485 9 26 1 50 3
2979 ORDER 4486 8 18 7 67 1
2979 ORDER 4487 58 53 1 6 0
2979 BLOCK 74 53
2980 ORDER 4488 23 53 1 38 0
2980 ORDER 4489 42 60 48 68 3
2981 ORDER 4490 39 42 39 68 2
2981 ORDER 4491 24 38 2 64 0
2982 ORDER 4492 60 45 98 67 1
2982 ORDER 4493 74 53 81 67 1
2982 BLOCK 15 34
2983 ORDER 4494 63 11 50 68 1
2983 ORDER 4495 30 61 3 25 1
2983 BLOCK 51 56
2984 ORDER 4496 95 15 21 67 0
2984 ORDER 4497 17 51 44 68 1
2985 ORDER 4498 44 53 45 67 0
2985 ORDER 4499 6 12 3 51 0
2986 ORDER 4500 61 41 1 45 2
2986 ORDER 4501 45 57 1 13 0
2987 CANCEL 4358
2987 ORDER 4502 75 60 69 68 0
2987 ORDER 4503 62 38 2 30 0
2988 UNBLOCK 90 54
2988 ORDER 4504 80 18 1 44 0
2988 ORDER 4505 57 26 38 68 3
2989 ORDER 4506 43 35 2 37 0
2990 UNBLOCK 49 48
2990 ORDER 4507 38 15 3 44 0
2990 ORDER 4508 74 18 45 68 0
2991 ORDER 4509 72 8 3 16 3
2991 ORDER 4510 65 53 3 26 0
2992 ORDER 4511 65 18 97 68 0
2992 ORDER 4512 56 21 1 32 1
2993 ORDER 4513 71 6 1 18 0
2994 UNBLOCK 11 8
2994 ORDER 4514 58 14 55 68 1
2994 BLOCK 37 5
2995 ORDER 4515 94 6 74 68 0
2995 BLOCK 5 18
2996 ORDER 4516 55 14 1 14 1
2997 ORDER 4517 82 62 2 14 0
2997 ORDER 4518 78 8 93 68 0
2998 ORDER 4519 30 33 2 60 0
2999 ORDER 4520 29 41 40 67 0
3000 ORDER 4521 44 27 2 14 0
3001 ORDER 4522 62 57 3 58 1
3001 ORDER 4523 46 18 2 62 0
3001 BLOCK 42 58
3002 ORDER 4524 24 29 98 68 0
3002 ORDER 4525 6 26 2 39 0
3003 ORDER 4526 34 17 1 47 0
3003 ORDER 4527 23 56 5 68 0
3004 ORDER 4528 90 39 3 9 1
3005 ORDER 4529 60 20 61 67 1
3006 ORDER 4530 34 53 58 68 0
3006 ORDER 4531 67 33 23 67 0
3007 ORDER 4532 7 44 79 67 0
3008 ORDER 4533 33 45 18 67 3
3009 UNBLOCK 5 18
3009 ORDER 4534 9 35 1 62 0
3010 ORDER 4535 88 50 3 6 0
3011 ORDER 4536 68 32 2 43 1
3011 ORDER 4537 17 59 63 68 1
3012 UNBLOCK 93 17
3012 ORDER 4538 64 15 53 67 0
3013 ORDER 4539 68 42 14 68 0
3013 ORDER 4540 12 59 26 67 0
3013 BLOCK 17 38
3014 UNBLOCK 37 5
3014 ORDER 4541 27 39 14 67 0
3014 ORDER 4542 58 41 1 20 0
3015 ORDER 4543 70 15 3 31 0
3016 ORDER 4544 50 56 76 67 0
3017 ORDER 4545 93 39 2 55 2
3017 ORDER 4546 60 51 1 18 3
3018 UNBLOCK 59 39
3018 ORDER 4547 80 45 26 67 1
3019 UNBLOCK 15 15
3019 ORDER 4548 76 50 77 68 0
3020 ORDER 4549 83 54 78 67 1
3020 BLOCK 44 35
3021 ORDER 4550 67 20 2 49 0
3021 ORDER 4551 26 63 3 66 0
3022 ORDER 4552 17 63 79 67 0
3023 ORDER 4553 93 51 71 67 0
3024 ORDER 4554 56 21 70 68 3
3025 ORDER 4555 92 15 1 42 0
3026 ORDER 4556 78 23 1 3 0
3027 ORDER 4557 34 39 2 2 1
3027 ORDER 4558 65 6 2 63 3
3028 ORDER 4559 92 44 89 67 0
3028 ORDER 4560 20 53 94 68 0
3029 ORDER 4561 12 41 1 26 0
3030 ORDER 4562 66 9 2 21 1
3031 ORDER 4563 27 42 82 68 1
3032 ORDER 4564 28 33 3 51 2
3032 ORDER 4565 37 50 12 68 0
3033 CANCEL 4520
3033 ORDER 4566 21 48 2 25 0
3034 ORDER 4567 42 11 3 16 1
3035 UNBLOCK 42 58
3035 ORDER 4568 94 23 3 49 0
3035 ORDER 4569 41 65 23 68 0
3035 BLOCK 39 63
3036 ORDER 4570 58 36 3 50 0
3036 CANCEL 104570
3036 BLOCK 67 36
3037 ORDER 4571 35 32 2 21 0
3037 ORDER 4572 18 33 3 66 2
3038 UNBLOCK 44 35
3038 ORDER 4573 40 6 3 8 0
3039 ORDER 4574 64 47 63 68 1
3039 ORDER 4575 76 20 16 67 2
3039 BLOCK 30 26
3040 ORDER 4576 57 18 14 67 0
3040 ORDER 4577 18 41 1 42 0
3041 ORDER 4578 24 5 28 67 0
3042 ORDER 4579 10 53 1 25 0
3042 BLOCK 86 44
3043 ORDER 4580 49 44 97 68 0
3044 ORDER 4581 73 6 89 67 0
3044 ORDER 4582 95 51 1 59 0
3044 BLOCK 9 41
3045 ORDER 4583 88 14 25 68 1
3045 ORDER 4584 14 14 8 67 0
3046 ORDER 4585 95 45 2 15 0
3047 ORDER 4586 90 62 1 48 0
3047 ORDER 4587 68 36 1 37 1
3047 BLOCK 7 32
3048 ORDER 4588 57 9 3 62 1
3048 BLOCK 45 60
3049 UNBLOCK 30 26
3049 ORDER 4589 61 63 50 67 3
3049 ORDER 4590 15 5 2 37 0
3049 BLOCK 32 6
3050 ORDER 4591 86 30 1 5 2
3050 BLOCK 21 48
3051 ORDER 4592 30 42 2 33 1
3051 BLOCK 85 14
3052 ORDER 4593 39 8 48 67 0
3052 ORDER 4594 14 48 55 68 3
3053 UNBLOCK 15 34
3053 ORDER 4595 73 26 75 67 0
3053 ORDER 4596 34 8 83 67 0
3053 BLOCK 24 44
3054 ORDER 4597 58 6 1 28 0
3054 ORDER 4598 67 14 2 64 0
3055 UNBLOCK 74 53
3055 UNBLOCK 17 38
3055 ORDER 4599 17 14 27 67 0
3056 ORDER 4600 40 24 11 67 0
3056 ORDER 4601 68 6 2 65 0
3057 ORDER 4602 49 41 70 68 0
3057 ORDER 4603 80 24 1 50 0
3058 CANCEL 4515
3058 ORDER 4604 41 60 67 68 1
3059 ORDER 4605 19 60 89 67 0
3059 ORDER 4606 73 15 2 53 0
3059 BLOCK 47 46
3060 ORDER 4607 87 23 3 53 1
3060 BLOCK 37 57
3061 ORDER 4608 72 12 42 68 0
3061 ORDER 4609 11 5 68 67 1
3062 ORDER 4610 80 27 2 46 0
3062 BLOCK 25 32
3063 ORDER 4611 52 23 39 67 1
3063 BLOCK 72 67
3064 ORDER 4612 27 26 62 68 0
3064 ORDER 4613 24 24 1 68 0
3064 BLOCK 31 52
3065 ORDER 4614 50 60 2 34 0
3066 ORDER 4615 76 60 22 67 1
3066 ORDER 4616 37 26 47 67 0
3067 ORDER 4617 67 35 3 57 2
3068 ORDER 4618 19 42 14 68 0
3069 ORDER 4619 55 23 1 45 1
3069 ORDER 4620 70 21 88 68 2
3070 UNBLOCK 51 56
3070 ORDER 4621 22 60 21 67 0
3071 UNBLOCK 47 46
3071 ORDER 4622 43 17 3 47 0
3071 ORDER 4623 94 15 1 19 0
3072 ORDER 4624 55 12 1 49 1
3072 BLOCK 73 48
3073 ORDER 4625 27 47 9 68 0
3073 ORDER 4626 49 15 3 51 0
3073 CANCEL 104626
3074 ORDER 4627 88 20 1 19 2
3074 ORDER 4628 28 39 1 61 1
3075 ORDER 4629 54 54 2 63 1
3076 ORDER 4630 6 15 1 41 0
3076 BLOCK 52 59
3077 ORDER 4631 33 5 13 67 2
3077 ORDER 4632 11 15 1 32 0
3078 ORDER 4633 36 36 53 68 0
3079 UNBLOCK 32 6
3079 ORDER 4634 74 41 91 67 2
3080 UNBLOCK 21 48
3080 ORDER 4635 28 60 71 68 1
3081 ORDER 4636 88 39 28 67 0
3082 ORDER 4637 44 6 2 60 0
3083 ORDER 4638 17 21 3 53 1
3083 ORDER 4639 58 47 94 68 1
3084 ORDER 4640 41 3 13 67 1
3084 ORDER 4641 54 45 3 46 1
3085 ORDER 4642 16 11 37 67 0
3085 ORDER 4643 78 33 2 33 2
3086 UNBLOCK 31 52
3086 ORDER 4644 46 18 32 68 0
3087 ORDER 4645 94 47 91 68 0
3088 ORDER 4646 90 53 88 67 0
3088 ORDER 4647 19 44 95 67 2
3089 UNBLOCK 7 32
3089 ORDER 4648 8 29 10 67 0
3089 ORDER 4649 37 8 1 32 0
3090 ORDER 4650 43 50 2 60 0
3090 BLOCK 8 41
3091 ORDER 4651 42 18 12 67 0
3091 BLOCK 85 50
3092 ORDER 4652 53 48 3 47 1
3092 ORDER 4653 68 53 66 67 0
3093 UNBLOCK 25 32
3093 ORDER 4654 29 44 90 67 0
3094 ORDER 4655 75 38 1 2 3
3095 ORDER 4656 59 18 54 68 1
3095 ORDER 4657 41 47 17 68 0
3095 BLOCK 65 11
3096 UNBLOCK 45 60
3096 ORDER 4658 74 63 2 40 0
3096 ORDER 4659 53 27 2 37 0
3097 ORDER 4660 73 21 52 68 0
3097 ORDER 4661 27 63 40 68 0
3098 ORDER 4662 55 60 4 67 3
3098 ORDER 4663 58 54 52 67 1
3099 ORDER 4664 76 63 69 68 0
3099 ORDER 4665 19 18 12 68 0
3100 ORDER 4666 49 63 2 59 0
3100 ORDER 4667 59 35 1 43 1
3100 CANCEL 104667
3101 ORDER 4668 93 63 2 42 0
3102 ORDER 4669 36 17 3 4 0
3102 BLOCK 60 27
3103 ORDER 4670 64 26 3 59 0
3104 ORDER 4671 49 45 3 30 2
3105 ORDER 4672 6 39 3 56 0
3105 ORDER 4673 6 57 39 68 0
3106 ORDER 4674 55 56 86 67 0
3106 ORDER 4675 47 5 1 56 2
3107 CANCEL 4406
3107 ORDER 4676 52 47 17 68 0
3107 BLOCK 80 45
3108 UNBLOCK 67 36
3108 ORDER 4677 68 3 84 68 1
3108 ORDER 4678 37 24 69 68 2
3108 BLOCK 90 24
3109 ORDER 4679 29 26 34 67 1
3110 ORDER 4680 34 63 2 3 1
3110 BLOCK 34 53
3111 ORDER 4681 23 62 44 68 0
3112 ORDER 4682 55 17 9 67 0
3113 UNBLOCK 24 44
3113 ORDER 4683 75 26 3 11 1
3113 ORDER 4684 41 35 16 67 0
3113 BLOCK 47 65
3114 UNBLOCK 73 48
3114 ORDER 4685 64 60 1 54 0
3115 UNBLOCK 85 14
3115 ORDER 4686 87 17 2 37 1
3115 ORDER 4687 92 6 1 8 1
3115 BLOCK 56 38
3116 CANCEL 4443
3116 ORDER 4688 87 59 1 1 0
3116 ORDER 4689 64 53 95 67 0
3117 ORDER 4690 39 56 2 31 0
3117 ORDER 4691 52 65 2 62 1
3117 BLOCK 80 2
3118 ORDER 4692 22 39 1 12 0
3118 ORDER 4693 67 63 3 38 0
3119 ORDER 4694 31 27 1 53 1
3120 ORDER 4695 37 21 75 68 1
3120 ORDER 4696 29 12 2 68 0
3121 CANCEL 4426
3121 ORDER 4697 85 32 83 67 0
3121 ORDER 4698 57 39 82 68 0
3122 ORDER 4699 82 21 2 49 3
3123 ORDER 4700 50 41 2 9 3
3124 ORDER 4701 64 35 2 17 2
3124 ORDER 4702 34 35 83 67 0
3125 UNBLOCK 9 41
3125 ORDER 4703 13 54 40 68 2
3125 ORDER 4704 73 42 98 67 0
3126 ORDER 4705 75 9 52 67 0
3126 ORDER 4706 14 29 1 51 1
3127 ORDER 4707 65 18 2 33 3
3127 ORDER 4708 11 65 21 67 0
3128 UNBLOCK 86 44
3128 ORDER 4709 16 5 78 68 0
3128 ORDER 4710 70 39 1 50 1
3129 UNBLOCK 8 41
3129 ORDER 4711 28 16 55 68 0
3129 BLOCK 50 14
3130 ORDER 4712 21 47 57 68 1
3131 CANCEL 4669
3131 ORDER 4713 71 23 6 68 1
3131 ORDER 4714 34 50 84 68 0
3132 ORDER 4715 12 53 43 68 1
3132 ORDER 4716 75 26 37 68 3
3133 ORDER 4717 67 38 84 67 1
3134 UNBLOCK 39 63
3134 ORDER 4718 91 3 3 37 2
3134 ORDER 4719 47 48 71 68 2
3135 ORDER 4720 18 48 47 67 1
3135 ORDER 4721 79 38 1 20 1
3135 BLOCK 8 18
3136 ORDER 4722 42 54 3 7 0
3136 ORDER 4723 20 26 2 44 2
3137 ORDER 4724 74 60 1 27 3
3138 UNBLOCK 72 67
3138 ORDER 4725 77 23 75 68 3
3139 ORDER 4726 68 14 2 46 0
3139 ORDER 4727 63 27 7 67 2
3140 UNBLOCK 50 14
3140 ORDER 4728 59 15 50 68 1
3140 ORDER 4729 95 9 2 31 0
3141 UNBLOCK 52 59
3141 ORDER 4730 18 26 79 67 0
3141 ORDER 4731 9 51 19 67 0
3142 ORDER 4732 41 24 77 68 1
3143 ORDER 4733 17 33 1 34 1
3143 ORDER 4734 87 23 29 67 0
3144 ORDER 4735 56 36 3 4 0
3144 ORDER 4736 55 12 70 67 0
3145 ORDER 4737 11 15 3 9 1
3146 ORDER 4738 57 44 12 68 0
3147 ORDER 4739 45 53 24 67 0
3148 ORDER 4740 42 12 28 67 0
3149 ORDER 4741 80 45 2 20 0
3149 ORDER 4742 55 45 74 68 0
3149 BLOCK 82 12
3150 ORDER 4743 36 30 2 48 0
3150 ORDER 4744 37 11 5 68 2
3151 ORDER 4745 74 24 69 67 1
3152 UNBLOCK 90 24
3152 UNBLOCK 34 53
3152 ORDER 4746 94 21 19 68 2
3152 ORDER 4747 68 6 35 67 0
3153 ORDER 4748 47 18 90 68 0
3154 ORDER 4749 20 33 78 67 1
3154 ORDER 4750 9 8 3 42 0
3155 ORDER 4751 60 23 8 68 0
3155 ORDER 4752 17 20 2 16 0
3155 BLOCK 51 15
3156 ORDER 4753 44 45 3 10 0
3156 ORDER 4754 63 21 3 13 2
3157 ORDER 4755 59 12 31 67 3
3157 ORDER 4756 66 8 1 7 0
3158 ORDER 4757 32 33 44 67 0
3158 ORDER 4758 55 38 98 68 3
3159 UNBLOCK 37 57
3159 UNBLOCK 60 27
3159 ORDER 4759 92 11 23 67 0
3159 ORDER 4760 23 53 28 68 1
3160 ORDER 4761 75 8 52 68 1
3160 ORDER 4762 85 15 79 67 3
3161 ORDER 4763 9 45 7 67 1
3161 ORDER 4764 49 32 15 68 0
3161 BLOCK 43 6
3162 ORDER 4765 21 29 76 68 1
3163 ORDER 4766 8 9 83 68 1
3164 ORDER 4767 38 59 3 59 1
3165 ORDER 4768 63 26 2 8 0
3166 ORDER 4769 80 23 3 41 0
3167 UNBLOCK 85 50
3167 ORDER 4770 73 62 2 5 2
3167 BLOCK 26 18
3168 ORDER 4771 48 51 38 67 0
3168 ORDER 4772 94 6 2 44 0
3169 UNBLOCK 51 15
3169 ORDER 4773 12 48 48 68 0
3169 ORDER 4774 52 59 4 68 0
3170 ORDER 4775 16 62 79 68 2
3170 ORDER 4776 69 41 2 50 0
3171 ORDER 4777 89 27 38 68 1
3171 ORDER 4778 60 6 3 64 0
3172 ORDER 4779 48 53 60 68 0
3172 ORDER 4780 93 60 3 40 1
3173 ORDER 4781 13 45 1 28 2
3173 ORDER 4782 8 62 2 48 0
3174 ORDER 4783 30 47 2 16 2
3174 ORDER 4784 67 11 2 6 0
3174 BLOCK 36 12
3175 ORDER 4785 67 47 64 67 1
3175 ORDER 4786 95 15 16 67 0
3176 ORDER 4787 89 47 2 13 2
3177 ORDER 4788 34 51 1 52 0
3178 UNBLOCK 65 11
3178 ORDER 4789 10 26 59 67 2
3178 BLOCK 38 42
3179 ORDER 4790 57 56 62 68 1
3180 ORDER 4791 20 21 51 67 1
3180 ORDER 4792 85 15 89 68 0
3180 BLOCK 25 68
3181 ORDER 4793 17 30 7 68 3
3181 BLOCK 13 21
3182 ORDER 4794 11 39 3 64 1
3182 ORDER 4795 63 30 60 67 0
3183 CANCEL 4612
3183 ORDER 4796 55 21 52 68 0
3183 ORDER 4797 60 13 3 7 3
3184 ORDER 4798 77 23 91 67 1
3184 BLOCK 41 38
3185 ORDER 4799 51 30 3 22 0
3185 ORDER 4800 39 53 1 67 0
3186 ORDER 4801 7 26 3 3 0
3187 ORDER 4802 49 56 9 68 0
3187 BLOCK 20 41
3188 ORDER 4803 19 9 94 67 2
3188 ORDER 4804 73 65 1 14 0
3188 BLOCK 40 29
3189 ORDER 4805 92 33 42 67 1
3190 ORDER 4806 37 38 84 67 0
3190 ORDER 4807 61 47 74 68 0
3191 ORDER 4808 33 51 75 67 3
3191 ORDER 4809 80 5 2 37 0
3192 UNBLOCK 80 2
3192 ORDER 4810 15 44 15 67 0
3193 ORDER 4811 41 26 3 21 1
3193 ORDER 4812 32 50 88 67 0
3193 BLOCK 6 67
3194 ORDER 4813 76 60 87 68 2
3195 UNBLOCK 43 6
3195 ORDER 4814 44 59 63 68 0
3196 ORDER 4815 73 53 31 68 0
3197 ORDER 4816 9 60 24 68 0
3197 ORDER 4817 28 50 55 67 0
3197 BLOCK 44 47
3198 ORDER 4818 63 9 3 20 0
3198 ORDER 4819 65 42 39 67 0
3199 ORDER 4820 29 21 3 67 1
3199 ORDER 4821 10 57 2 29 0
3200 ORDER 4822 82 9 2 14 0
3201 ORDER 4823 45 36 38 67 0
3202 ORDER 4824 84 24 41 67 0
3202 ORDER 4825 64 6 3 52 0
3203 ORDER 4826 84 26 16 67 2
3203 ORDER 4827 28 56 3 12 0
3204 ORDER 4828 21 63 39 68 0
3204 ORDER 4829 56 26 40 68 0
3205 UNBLOCK 47 65
3205 ORDER 4830 73 24 44 67 0
3205 ORDER 4831 32 45 3 64 1
3205 BLOCK 94 13
3206 ORDER 4832 46 18 81 67 0
3206 ORDER 4833 92 33 1 23 0
3207 UNBLOCK 80 45
3207 ORDER 4834 6 32 8 67 1
3207 ORDER 4835 64 63 20 67 0
3208 UNBLOCK 56 38
3208 ORDER 4836 34 51 3 29 1
3208 ORDER 4837 64 45 3 35 0
3209 ORDER 4838 10 15 1 58 0
3210 UNBLOCK 8 18
3210 ORDER 4839 38 35 96 67 0
3210 ORDER 4840 31 21 3 24 0
3211 ORDER 4841 19 41 3 28 1
3212 ORDER 4842 35 15 3 18 1
3212 ORDER 4843 62 39 3 1 1
3212 BLOCK 37 54
3213 ORDER 4844 71 21 1 9 1
3213 ORDER 4845 37 48 3 51 0
3214 ORDER 4846 38 29 57 67 1
3214 ORDER 4847 8 45 3 6 1
3215 CANCEL 4687
3215 UNBLOCK 6 67
3215 ORDER 4848 60 11 2 2 0
3216 ORDER 4849 28 50 1 24 0
3217 ORDER 4850 72 28 3 49 0
3217 ORDER 4851 93 48 88 68 0
3218 ORDER 4852 20 29 2 31 0
3219 UNBLOCK 41 38
3219 ORDER 4853 84 38 74 67 1
3220 ORDER 4854 62 9 16 68 0
3220 BLOCK 24 43
3221 ORDER 4855 87 42 1 43 0
3221 ORDER 4856 87 32 44 68 0
3222 ORDER 4857 40 18 42 68 1
3223 ORDER 4858 18 8 88 68 1
3223 ORDER 4859 42 56 2 62 0
3223 BLOCK 95 28
3224 ORDER 4860 11 9 91 68 1
3225 ORDER 4861 30 35 96 67 0
3226 ORDER 4862 49 63 46 68 2
3226 ORDER 4863 32 39 1 63 0
3227 ORDER 4864 82 21 79 68 0
3227 ORDER 4865 42 33 2 10 1
3228 ORDER 4866 17 45 88 68 0
3228 BLOCK 75 45
3229 UNBLOCK 25 68
3229 ORDER 4867 74 21 32 67 3
3229 ORDER 4868 15 15 2 19 0
3229 BLOCK 40 35
3230 ORDER 4869 70 12 84 68 0
3230 ORDER 4870 29 42 22 67 1
3231 ORDER 4871 88 53 44 67 1
3231 ORDER 4872 28 12 36 67 0
3232 ORDER 4873 55 15 2 4 0
3232 ORDER 4874 76 38 1 12 1
3233 UNBLOCK 44 47
3233 ORDER 4875 16 9 36 67 0
3234 ORDER 4876 7 35 29 67 0
3234 BLOCK 12 8
3235 ORDER 4877 20 42 2 5 0
3235 ORDER 4878 85 59 59 68 1
3236 UNBLOCK 82 12
3236 ORDER 4879 85 24 1 13 0
3237 ORDER 4880 59 44 2 8 0
3237 BLOCK 9 48
3238 ORDER 4881 71 47 3 16 2
3238 ORDER 4882 50 14 1 6 0
3239 ORDER 4883 72 32 1 4 0
3239 ORDER 4884 41 5 48 68 0
3240 UNBLOCK 94 13
3240 ORDER 4885 70 14 53 67 2
3241 ORDER 4886 70 15 3 12 0
3242 ORDER 4887 53 47 1 4 0
3242 ORDER 4888 90 53 1 15 0
3243 ORDER 4889 76 24 8 68 0
3244 UNBLOCK 37 54
3244 ORDER 4890 41 56 16 67 0
3244 BLOCK 68 62
3245 ORDER 4891 74 32 42 68 0
3245 ORDER 4892 51 15 3 66 0
3246 ORDER 4893 74 17 1 8 2
3247 ORDER 4894 92 12 14 68 1
3247 BLOCK 62 48
3248 ORDER 4895 54 45 58 67 1
3248 ORDER 4896 74 54 3 45 0
3248 BLOCK 29 26
3249 UNBLOCK 9 48
3249 ORDER 4897 85 57 1 10 0
3249 ORDER 4898 31 39 3 45 0
3249 BLOCK 61 32
3250 UNBLOCK 12 8
3250 ORDER 4899 34 17 3 40 0
3251 CANCEL 4597
3251 ORDER 4900 40 48 3 49 0
3251 ORDER 4901 51 30 48 68 1
3252 ORDER 4902 87 65 72 68 2
3252 ORDER 4903 65 53 93 68 1
3252 BLOCK 48 6
3253 UNBLOCK 24 43
3253 ORDER 4904 72 30 3 55 0
3254 UNBLOCK 26 18
3254 ORDER 4905 85 30 68 67 0
3254 ORDER 4906 48 32 77 68 0
3255 ORDER 4907 39 15 2 59 0
3255 ORDER 4908 31 26 1 34 2
3256 ORDER 4909 64 56 75 67 0
3256 BLOCK 23 8
3257 ORDER 4910 74 51 52 68 0
3257 ORDER 4911 44 17 1 42 1
3257 BLOCK 26 48
3258 UNBLOCK 13 21
3258 ORDER 4912 74 30 94 67 1
3258 ORDER 4913 24 24 90 68 0
3259 ORDER 4914 69 18 67 68 0
3260 ORDER 4915 90 20 75 67 1
3260 BLOCK 54 57
3261 ORDER 4916 59 36 6 68 0
3261 BLOCK 7 9
3262 ORDER 4917 74 33 1 4 0
3262 ORDER 4918 54 56 3 56 2
3263 ORDER 4919 6 21 56 68 0
3263 ORDER 4920 57 54 6 68 0
3264 UNBLOCK 62 48
3264 ORDER 4921 73 12 87 68 0
3264 ORDER 4922 68 62 86 67 0
3265 ORDER 4923 93 8 24 67 0
3266 ORDER 4924 67 12 84 67 0
3266 BLOCK 62 36
3267 UNBLOCK 36 12
3267 ORDER 4925 35 9 38 68 0
3267 ORDER 4926 70 14 3 54 2
3268 ORDER 4927 94 45 53 67 1
3269 CANCEL 4856
3269 ORDER 4928 58 35 84 68 0
3270 ORDER 4929 53 27 86 68 0
3271 ORDER 4930 42 45 3 31 0
3272 UNBLOCK 7 9
3272 ORDER 4931 42 43 73 67 1
3272 ORDER 4932 71 29 3 47 0
3272 BLOCK 87 50
3273 ORDER 4933 33 41 3 10 0
3273 BLOCK 10 18
3274 ORDER 4934 28 62 1 4 3
3275 ORDER 4935 32 21 49 68 1
3275 ORDER 4936 23 47 8 67 1
3276 ORDER 4937 65 17 1 57 0
3276 BLOCK 88 18
3277 CANCEL 4786
3277 UNBLOCK 38 42
3277 ORDER 4938 89 11 3 50 0
3277 ORDER 4939 78 12 3 19 3
3278 ORDER 4940 72 14 1 23 0
3279 UNBLOCK 23 8
3279 ORDER 4941 72 29 1 29 1
3279 ORDER 4942 48 56 37 68 0
3280 ORDER 4943 54 54 1 60 0
3280 ORDER 4944 55 36 3 37 0
3281 UNBLOCK 20 41
3281 ORDER 4945 35 5 55 68 0
3281 BLOCK 69 17
3282 UNBLOCK 40 29
3282 ORDER 4946 24 11 70 67 0
3282 CANCEL 104946
3282 BLOCK 58 36
3283 ORDER 4947 44 41 58 67 0
3283 ORDER 4948 86 62 3 45 1
3284 ORDER 4949 29 51 83 68 3
3284 BLOCK 14 14
3285 ORDER 4950 53 53 3 48 1
3285 ORDER 4951 86 29 55 67 1
3286 ORDER 4952 75 11 77 67 2
3287 ORDER 4953 47 23 3 52 0
3287 ORDER 4954 78 44 42 68 0
3288 ORDER 4955 65 60 1 11 0
3288 ORDER 4956 38 45 2 51 0
3289 ORDER 4957 39 18 3 22 1
3289 ORDER 4958 57 48 3 37 0
3290 ORDER 4959 79 48 1 62 1
3290 ORDER 4960 15 20 46 67 0
3291 UNBLOCK 88 18
3291 ORDER 4961 68 12 3 46 0
3292 ORDER 4962 91 23 3 57 1
3293 ORDER 4963 48 20 84 68 1
3294 ORDER 4964 92 23 38 67 0
3294 ORDER 4965 70 47 3 51 0
3295 ORDER 4966 14 3 29 68 0
3295 ORDER 4967 30 57 2 4 1
3296 UNBLOCK 40 35
3296 ORDER 4968 48 63 1 50 1
3296 ORDER 4969 58 47 70 68 1
3297 ORDER 4970 16 51 2 26 0
3297 ORDER 4971 8 65 1 67 0
3297 BLOCK 23 9
3298 ORDER 4972 67 32 3 22 0
3298 ORDER 4973 62 27 93 68 1
3299 ORDER 4974 56 36 3 30 0
3299 ORDER 4975 76 15 3 57 0
3300 ORDER 4976 49 21 1 39 0
3300 ORDER 4977 89 29 3 1 2
3301 ORDER 4978 27 48 90 68 1
3302 UNBLOCK 14 14
3302 ORDER 4979 94 38 79 67 0
3302 ORDER 4980 70 41 1 67 1
3303 ORDER 4981 45 45 1 34 1
3303 ORDER 4982 34 30 98 68 1
3304 CANCEL 4879
3304 UNBLOCK 68 62
3304 ORDER 4983 80 21 96 68 1
3304 BLOCK 78 15
3305 ORDER 4984 69 12 3 14 2
3305 ORDER 4985 32 51 3 58 0
3306 ORDER 4986 76 51 30 68 1
3307 ORDER 4987 12 54 2 18 1
3307 ORDER 4988 58 36 2 22 0
3308 ORDER 4989 85 45 87 68 3
3308 ORDER 4990 67 50 1 46 1
3308 BLOCK 33 22
3309 ORDER 4991 68 17 3 17 0
3309 ORDER 4992 30 38 84 68 0
3310 UNBLOCK 95 28
3310 ORDER 4993 85 33 1 29 0
3311 UNBLOCK 48 6
3311 ORDER 4994 91 6 1 5 1
3311 ORDER 4995 58 32 90 68 0
3312 ORDER 4996 55 38 49 67 0
3313 ORDER 4997 87 36 29 67 2
3313 BLOCK 59 2
3314 ORDER 4998 37 60 1 19 0
3314 BLOCK 52 29
3315 UNBLOCK 78 15
3315 ORDER 4999 54 21 2 3 1
3316 CANCEL 4698
3316 UNBLOCK 10 18
3316 ORDER 5000 68 39 33 68 2
3317 ORDER 5001 76 8 3 38 0
3318 ORDER 5002 45 65 3 65 2
3319 ORDER 5003 41 23 76 67 1
3320 ORDER 5004 53 21 1 2 0
3321 UNBLOCK 58 36
3321 ORDER 5005 88 15 81 67 1
3321 ORDER 5006 49 51 37 67 0
3322 ORDER 5007 27 18 20 67 2
3323 CANCEL 4784
3323 ORDER 5008 73 54 10 68 0
3324 UNBLOCK 87 50
3324 ORDER 5009 42 29 97 68 0
3324 ORDER 5010 49 27 71 67 0
3325 UNBLOCK 75 45
3325 ORDER 5011 45 24 2 29 3
3325 BLOCK 41 59
3326 CANCEL 4724
3326 ORDER 5012 48 50 97 67 1
3326 ORDER 5013 8 48 2 36 1
3327 UNBLOCK 69 17
3327 ORDER 5014 68 42 3 52 0
3328 ORDER 5015 27 42 2 63 0
3329 UNBLOCK 33 22
3329 ORDER 5016 93 35 2 32 2
3329 ORDER 5017 17 15 10 68 0
3330 ORDER 5018 88 41 3 59 1
3331 ORDER 5019 69 12 8 67 0
3331 ORDER 5020 68 15 40 67 1
3332 ORDER 5021 77 15 74 68 0
3333 ORDER 5022 12 50 3 59 1
3334 ORDER 5023 26 38 2 6 0
3335 ORDER 5024 28 27 27 68 0
3335 ORDER 5025 23 60 2 41 0
3336 ORDER 5026 6 18 1 31 1
3336 ORDER 5027 13 27 2 66 0
3337 UNBLOCK 61 32
3337 ORDER 5028 73 12 7 68 0
3338 ORDER 5029 14 30 64 67 1
3338 ORDER 5030 56 38 23 68 1
3338 BLOCK 83 24
3339 ORDER 5031 40 63 92 67 0
3339 BLOCK 48 8
3340 UNBLOCK 54 57
3340 ORDER 5032 18 5 1 20 0
3341 UNBLOCK 29 26
3341 ORDER 5033 19 38 3 21 0
3341 ORDER 5034 15 63 1 24 1
3342 ORDER 5035 47 57 75 68 0
3342 ORDER 5036 69 47 1 63 2
3343 ORDER 5037 33 59 3 40 0
3343 ORDER 5038 53 5 97 68 3
3344 ORDER 5039 86 15 40 67 0
3344 ORDER 5040 67 33 2 59 0
3345 ORDER 5041 6 53 3 25 0
3345 ORDER 5042 73 65 3 22 3
3346 ORDER 5043 89 51 82 67 1
3346 BLOCK 78 67
3347 ORDER 5044 77 32 2 39 0
3348 ORDER 5045 76 56 1 26 0
3348 ORDER 5046 19 14 3 18 0
3349 ORDER 5047 29 18 20 68 0
3350 ORDER 5048 21 21 1 55 0
3350 ORDER 5049 83 36 77 67 0
3351 ORDER 5050 68 15 2 29 0
3351 ORDER 5051 43 8 68 67 0
3352 ORDER 5052 82 60 3 10 1
3352 BLOCK 25 17
3353 ORDER 5053 79 26 3 61 1
3354 ORDER 5054 47 35 2 24 2
3354 ORDER 5055 32 3 1 18 0
3354 BLOCK 69 47
3355 UNBLOCK 26 48
3355 ORDER 5056 10 29 3 67 1
3355 ORDER 5057 15 53 3 39 0
3356 ORDER 5058 13 27 52 67 0
3356 ORDER 5059 75 9 3 4 1
3357 ORDER 5060 41 57 14 67 0
3357 BLOCK 81 39
3358 UNBLOCK 62 36
3358 ORDER 5061 41 41 1 61 2
3359 CANCEL 4905
3359 ORDER 5062 67 11 74 68 0
3359 ORDER 5063 24 36 1 7 0
3360 ORDER 5064 65 44 54 68 0
3360 ORDER 5065 31 23 79 67 1
3361 ORDER 5066 9 33 2 6 0
3361 ORDER 5067 66 9 3 47 1
3362 ORDER 5068 76 41 1 59 0
3363 ORDER 5069 43 51 2 3 1
3364 ORDER 5070 75 65 31 67 0
3364 ORDER 5071 11 30 1 31 0
3365 ORDER 5072 81 56 10 68 0
3366 ORDER 5073 31 29 71 68 0
3366 ORDER 5074 94 18 2 41 2
3367 ORDER 5075 50 38 3 24 0
3367 ORDER 5076 49 33 2 22 1
3367 BLOCK 78 23
3368 ORDER 5077 7 38 2 40 1
3368 BLOCK 57 45
3369 ORDER 5078 93 32 2 43 2
3369 ORDER 5079 78 17 9 67 1
3369 BLOCK 60 11
3370 ORDER 5080 70 9 6 67 0
3370 BLOCK 63 11
3371 ORDER 5081 74 3 1 60 2
3371 BLOCK 81 23
3372 ORDER 5082 58 51 81 68 1
3372 ORDER 5083 92 12 38 68 0
3373 ORDER 5084 12 35 58 67 0
3373 ORDER 5085 7 27 71 68 1
3373 BLOCK 35 60
3374 ORDER 5086 9 39 35 68 0
3374 BLOCK 10 32
3375 ORDER 5087 58 41 1 37 0
3376 UNBLOCK 81 39
3376 ORDER 5088 27 65 3 24 1
3377 ORDER 5089 35 17 65 68 0
3377 BLOCK 76 18
3378 UNBLOCK 23 9
3378 ORDER 5090 9 44 1 44 0
3379 ORDER 5091 59 32 53 67 2
3379 ORDER 5092 21 59 1 40 0
3380 ORDER 5093 91 57 54 68 0
3380 ORDER 5094 90 26 3 2 1
3381 UNBLOCK 83 24
3381 ORDER 5095 47 26 98 68 3
3381 ORDER 5096 28 48 70 67 1
3382 ORDER 5097 48 59 2 12 1
3382 ORDER 5098 45 26 2 1 0
3383 ORDER 5099 52 50 3 49 0
3384 ORDER 5100 50 27 2 5 0
3384 ORDER 5101 28 50 1 46 0
3385 ORDER 5102 47 3 25 68 1
3385 ORDER 5103 37 54 2 38 0
3386 CANCEL 4920
3386 ORDER 5104 44 6 2 66 0
3387 ORDER 5105 20 9 36 68 1
3387 ORDER 5106 89 59 86 68 0
3388 ORDER 5107 38 27 1 56 0
3388 ORDER 5108 90 26 3 59 2
3388 BLOCK 74 51
3389 UNBLOCK 41 59
3389 ORDER 5109 78 51 2 60 1
3389 ORDER 5110 41 63 3 14 0
3390 ORDER 5111 54 20 32 68 0
3390 ORDER 5112 22 47 93 68 1
3391 ORDER 5113 42 60 83 67 0
3392 ORDER 5114 9 18 19 68 0
3393 ORDER 5115 47 8 2 62 3
3393 ORDER 5116 49 5 80 68 1
3394 ORDER 5117 87 59 77 67 0
3395 ORDER 5118 48 6 3 68 3
3395 BLOCK 69 23
3396 UNBLOCK 59 2
3396 ORDER 5119 40 36 49 67 0
3397 ORDER 5120 72 11 2 7 0
3397 ORDER 5121 67 26 2 48 0
3397 BLOCK 42 64
3398 ORDER 5122 10 30 11 68 0
3398 ORDER 5123 81 18 3 5 0
3399 UNBLOCK 57 45
3399 ORDER 5124 11 35 33 68 2
3399 ORDER 5125 59 29 70 68 0
3400 UNBLOCK 81 23
3400 ORDER 5126 83 23 1 37 0
3401 ORDER 5127 50 48 71 68 2
3402 ORDER 5128 66 15 95 67 0
3402 ORDER 5129 20 60 98 67 0
3402 BLOCK 46 3
3403 ORDER 5130 19 48 90 67 0
3404 ORDER 5131 50 38 53 68 0
3404 ORDER 5132 37 3 30 67 2
3404 BLOCK 69 6
3405 ORDER 5133 7 15 16 67 2
3406 CANCEL 5062
3406 ORDER 5134 43 27 1 32 3
3406 BLOCK 66 11
3407 ORDER 5135 31 26 27 67 3
3407 ORDER 5136 25 18 2 25 1
3408 ORDER 5137 90 5 3 9 0
3409 UNBLOCK 52 29
3409 UNBLOCK 69 47
3409 ORDER 5138 57 54 2 32 0
3409 ORDER 5139 54 30 1 26 0
3410 UNBLOCK 48 8
3410 ORDER 5140 17 20 3 57 0
3410 ORDER 5141 85 50 2 53 0
3411 ORDER 5142 84 26 76 68 2
3412 UNBLOCK 78 67
3412 ORDER 5143 66 11 3 55 1
3413 UNBLOCK 76 18
3413 ORDER 5144 91 11 4 68 0
3414 ORDER 5145 69 41 44 67 0
3415 UNBLOCK 63 11
3415 UNBLOCK 74 51
3415 ORDER 5146 19 29 1 14 0
3416 ORDER 5147 40 51 56 68 2
3416 ORDER 5148 57 65 17 67 2
3417 ORDER 5149 67 26 17 68 0
3418 ORDER 5150 55 35 25 68 2
3418 ORDER 5151 23 53 30 67 0
3419 ORDER 5152 42 11 88 68 0
3419 ORDER 5153 88 8 97 67 0
3420 ORDER 5154 70 44 3 5 0
3420 ORDER 5155 35 26 97 67 2
3421 UNBLOCK 78 23
3421 ORDER 5156 25 20 3 61 2
3421 ORDER 5157 76 65 74 67 1
3422 ORDER 5158 51 50 92 67 1
3423 CANCEL 5117
3423 ORDER 5159 10 39 2 39 1
3424 UNBLOCK 25 17
3424 ORDER 5160 40 14 20 67 0
3424 BLOCK 51 8
3425 ORDER 5161 64 26 1 53 2
3425 ORDER 5162 91 62 1 8 1
3426 CANCEL 5034
3426 ORDER 5163 40 63 82 68 0
3426 ORDER 5164 28 63 10 68 1
3427 ORDER 5165 72 55 31 67 0
3427 ORDER 5166 83 62 5 68 0
3428 ORDER 5167 7 50 88 67 0
3429 UNBLOCK 60 11
3429 UNBLOCK 35 60
3429 ORDER 5168 76 30 97 68 0
3430 UNBLOCK 66 11
3430 ORDER 5169 23 29 74 68 0
3430 ORDER 5170 92 30 66 67 1
3431 ORDER 5171 34 35 40 68 0
3432 ORDER 5172 45 17 45 67 0
3433 UNBLOCK 10 32
3433 ORDER 5173 26 56 47 68 0
3434 ORDER 5174 77 9 21 67 0
3435 ORDER 5175 47 6 1 12 0
3436 ORDER 5176 16 5 2 64 0
3436 ORDER 5177 60 57 28 67 0
3437 UNBLOCK 69 23
3437 ORDER 5178 32 42 49 68 0
3438 ORDER 5179 46 24 15 68 1
3439 ORDER 5180 82 17 37 68 1
3439 ORDER 5181 72 35 12 68 1
3440 ORDER 5182 74 39 2 29 1
3440 ORDER 5183 58 32 2 3 2
3441 ORDER 5184 78 23 3 49 2
3442 ORDER 5185 16 59 6 68 1
3443 ORDER 5186 24 50 2 32 0
3444 UNBLOCK 46 3
3444 ORDER 5187 56 36 2 59 0
3445 ORDER 5188 64 36 18 68 0
3445 ORDER 5189 39 38 61 67 2
3446 CANCEL 5041
3446 ORDER 5190 63 17 95 67 0
3446 ORDER 5191 31 41 3 55 0
3447 ORDER 5192 53 6 62 67 1
3447 ORDER 5193 15 60 2 40 0
3448 ORDER 5194 92 44 2 55 0
3448 BLOCK 14 63
3449 ORDER 5195 81 14 1 17 0
3449 ORDER 5196 76 3 3 38 1
3450 ORDER 5197 85 59 2 32 0
3450 BLOCK 48 30
3451 UNBLOCK 69 6
3451 ORDER 5198 29 18 3 65 3
3452 ORDER 5199 11 45 2 22 1
3452 ORDER 5200 41 60 3 47 2
3453 ORDER 5201 65 9 1 56 2
3453 ORDER 5202 75 41 1 6 0
3454 ORDER 5203 94 18 1 56 0
3454 ORDER 5204 44 30 3 15 0
3455 ORDER 5205 89 50 1 18 1
3455 BLOCK 8 48
3456 ORDER 5206 66 65 1 36 1
3456 ORDER 5207 80 3 25 68 0
3457 ORDER 5208 77 17 3 35 0
3458 ORDER 5209 24 17 78 68 0
3458 ORDER 5210 72 59 58 68 0
3458 BLOCK 56 29
3459 ORDER 5211 67 15 54 67 1
3460 ORDER 5212 17 42 3 11 0
3460 ORDER 5213 12 39 94 67 0
3461 ORDER 5214 38 5 11 68 1
3461 ORDER 5215 73 47 5 68 0
3462 ORDER 5216 8 36 2 53 0
3462 ORDER 5217 15 38 65 67 0
3463 ORDER 5218 89 26 80 67 0
3463 ORDER 5219 37 3 32 68 0
3463 BLOCK 33 9
3464 ORDER 5220 28 57 61 68 0
3464 ORDER 5221 95 59 40 67 0
3464 BLOCK 6 12
3465 ORDER 5222 42 14 80 67 1
3466 ORDER 5223 46 63 3 42 0
3467 ORDER 5224 76 51 1 40 1
3468 ORDER 5225 34 33 38 68 0
3469 ORDER 5226 36 14 1 10 3
3470 ORDER 5227 87 26 2 9 0
3471 ORDER 5228 43 12 27 68 0
3472 UNBLOCK 8 48
3472 ORDER 5229 53 57 2 16 0
3472 ORDER 5230 28 23 77 67 0
3473 ORDER 5231 84 42 5 68 0
3473 BLOCK 22 50
3474 ORDER 5232 42 29 88 68 0
3475 ORDER 5233 81 27 53 68 1
3476 CANCEL 5161
3476 ORDER 5234 84 35 3 33 2
3477 ORDER 5235 28 35 2 42 0
3477 ORDER 5236 14 41 1 25 0
3477 BLOCK 33 44
3478 ORDER 5237 33 56 1 11 0
3478 ORDER 5238 46 51 78 67 0
3479 ORDER 5239 40 59 3 16 0
3479 ORDER 5240 48 35 55 68 0
3480 ORDER 5241 94 21 1 56 0
3480 BLOCK 23 42
3481 UNBLOCK 42 64
3481 ORDER 5242 86 48 98 67 1
3481 ORDER 5243 66 39 2 32 0
3482 ORDER 5244 60 65 3 11 0
3482 BLOCK 94 47
3483 ORDER 5245 17 32 3 27 1
3483 ORDER 5246 68 36 1 9 0
3484 ORDER 5247 32 12 78 68 1
3485 UNBLOCK 56 29
3485 ORDER 5248 12 8 2 14 0
3485 ORDER 5249 53 3 1 57 0
3486 ORDER 5250 35 3 31 67 0
3486 ORDER 5251 57 44 2 42 0
3486 BLOCK 23 9
3487 UNBLOCK 6 12
3487 ORDER 5252 61 29 2 5 0
3488 ORDER 5253 54 11 1 34 0
3489 ORDER 5254 87 48 3 57 1
3489 BLOCK 65 50
3490 ORDER 5255 32 18 63 68 1
3491 ORDER 5256 79 48 19 67 0
3492 UNBLOCK 14 63
3492 ORDER 5257 73 17 1 15 1
3493 ORDER 5258 78 47 1 24 1
3494 UNBLOCK 23 42
3494 ORDER 5259 62 14 29 67 0
3495 ORDER 5260 70 56 41 67 1
3495 BLOCK 80 29
3496 ORDER 5261 94 30 2 30 1
3497 ORDER 5262 8 24 2 7 0
3497 ORDER 5263 77 33 44 67 2
3497 BLOCK 12 42
3498 ORDER 5264 10 9 3 26 0
3498 ORDER 5265 94 65 1 48 3
3499 ORDER 5266 48 18 2 41 3
3500 UNBLOCK 23 9
3500 ORDER 5267 68 42 18 68 2
3501 ORDER 5268 21 8 3 56 0
3501 BLOCK 60 56
3502 ORDER 5269 15 62 72 68 0
3502 ORDER 5270 36 36 2 8 0
3502 BLOCK 63 66
3503 ORDER 5271 74 6 1 38 1
3503 ORDER 5272 29 42 1 19 0
3504 ORDER 5273 60 65 3 14 1
3504 ORDER 5274 70 17 82 68 0
3505 UNBLOCK 48 30
3505 ORDER 5275 21 63 2 52 1
3505 ORDER 5276 86 59 3 44 0
3505 BLOCK 86 6
3506 ORDER 5277 81 27 2 13 2
3506 ORDER 5278 21 27 54 67 1
3507 ORDER 5279 32 54 11 68 0
3508 ORDER 5280 57 30 2 1 0
3508 ORDER 5281 48 26 3 15 1
3509 ORDER 5282 95 8 2 59 0
3510 ORDER 5283 60 12 59 67 0
3510 ORDER 5284 24 50 2 18 3
3511 UNBLOCK 51 8
3511 ORDER 5285 17 5 2 9 0
3511 ORDER 5286 24 18 6 67 0
3512 ORDER 5287 79 35 2 52 0
3512 ORDER 5288 9 11 1 59 0
3512 BLOCK 91 27
3513 ORDER 5289 63 54 1 67 0
3513 ORDER 5290 38 33 3 42 0
3514 ORDER 5291 87 35 79 67 0
3514 ORDER 5292 80 48 3 2 0
3515 ORDER 5293 16 38 2 54 0
3515 BLOCK 49 45
3516 ORDER 5294 63 59 1 12 0
3517 UNBLOCK 80 29
3517 ORDER 5295 42 33 25 67 0
3517 BLOCK 79 51
3518 ORDER 5296 77 21 1 17 0
3518 ORDER 5297 39 40 3 2 1
3518 BLOCK 5 61
3519 ORDER 5298 78 53 74 68 0
3519 ORDER 5299 32 35 2 48 2
3520 ORDER 5300 45 63 1 56 1
3521 ORDER 5301 78 65 3 25 2
3522 ORDER 5302 23 35 2 25 2
3523 ORDER 5303 68 53 1 13 3
3523 ORDER 5304 69 45 1 41 0
3524 ORDER 5305 71 57 1 67 0
3524 ORDER 5306 38 45 1 37 0
3525 ORDER 5307 17 20 2 22 0
3526 UNBLOCK 22 50
3526 ORDER 5308 85 44 1 35 0
3526 ORDER 5309 12 18 76 68 0
3527 UNBLOCK 33 44
3527 ORDER 5310 77 9 2 64 2
3528 ORDER 5311 7 59 57 68 0
3529 ORDER 5312 37 59 2 68 0
3529 ORDER 5313 49 53 3 60 1
3530 ORDER 5314 17 61 70 67 1
3530 ORDER 5315 31 12 49 67 2
3531 ORDER 5316 55 9 2 6 0
3532 ORDER 5317 75 53 3 49 0
3532 ORDER 5318 36 6 61 68 1
3532 BLOCK 66 24
3533 ORDER 5319 78 12 3 51 1
3533 ORDER 5320 9 11 2 10 0
3534 ORDER 5321 47 14 23 68 0
3535 ORDER 5322 66 42 90 68 1
3536 ORDER 5323 59 47 2 33 3
3536 ORDER 5324 18 47 66 68 0
3537 UNBLOCK 65 50
3537 ORDER 5325 64 9 1 3 0
3537 ORDER 5326 73 60 1 34 0
3537 BLOCK 7 35
3538 ORDER 5327 63 12 3 49 0
3539 UNBLOCK 60 56
3539 ORDER 5328 6 41 51 67 0
3540 ORDER 5329 68 29 53 67 0
3541 UNBLOCK 91 27
3541 ORDER 5330 55 54 60 67 0
3542 UNBLOCK 94 47
3542 UNBLOCK 12 42
3542 ORDER 5331 52 57 2 28 0
3542 BLOCK 55 48
3543 CANCEL 5305
3543 ORDER 5332 49 36 2 19 0
3543 ORDER 5333 68 17 88 67 0
3544 ORDER 5334 90 56 1 40 2
3545 ORDER 5335 50 29 51 68 0
3545 ORDER 5336 38 57 57 68 0
3546 UNBLOCK 33 9
3546 ORDER 5337 91 20 50 67 0
3546 ORDER 5338 28 51 3 31 0
3547 ORDER 5339 68 33 98 67 0
3548 ORDER 5340 28 14 45 68 0
3548 ORDER 5341 73 21 97 68 1
3549 CANCEL 5087
3549 ORDER 5342 22 60 3 17 0
3550 ORDER 5343 84 42 54 68 0
3551 ORDER 5344 74 41 1 6 0
3552 ORDER 5345 21 39 88 68 0
3553 ORDER 5346 44 17 1 61 0
3553 ORDER 5347 47 20 3 9 1
3554 UNBLOCK 63 66
3554 ORDER 5348 18 38 20 67 0
3555 ORDER 5349 86 56 10 67 1
3556 UNBLOCK 5 61
3556 ORDER 5350 15 42 3 31 0
3557 ORDER 5351 89 48 13 67 1
3558 ORDER 5352 83 3 2 58 0
3559 CANCEL 5209
3559 ORDER 5353 22 63 1 27 0
3560 UNBLOCK 49 45
3560 ORDER 5354 35 38 43 67 0
3560 ORDER 5355 89 36 1 29 0
3561 ORDER 5356 92 33 3 40 0
3561 ORDER 5357 46 30 34 67 0
3562 ORDER 5358 50 47 15 68 1
3563 ORDER 5359 43 39 2 49 0
3563 ORDER 5360 92 11 2 17 0
3563 BLOCK 63 48
3564 ORDER 5361 16 56 92 68 0
3565 ORDER 5362 94 48 2 30 0
3566 CANCEL 5110
3566 ORDER 5363 73 9 2 68 1
3567 ORDER 5364 60 51 2 60 0
3567 ORDER 5365 76 65 26 68 1
3568 ORDER 5366 7 29 1 33 0
3568 ORDER 5367 41 45 2 35 1
3569 ORDER 5368 44 57 3 43 1
3569 ORDER 5369 47 12 74 67 3
3570 ORDER 5370 52 47 2 35 3
3571 ORDER 5371 73 51 71 67 3
3571 ORDER 5372 7 51 2 17 0
3572 ORDER 5373 85 42 3 39 2
3572 ORDER 5374 91 60 1 32 0
3573 ORDER 5375 31 29 43 67 0
3573 ORDER 5376 21 62 1 35 3
3574 ORDER 5377 74 51 2 19 3
3574 ORDER 5378 38 14 3 17 2
3575 UNBLOCK 66 24
3575 ORDER 5379 63 30 27 67 1
3576 ORDER 5380 72 12 3 28 0
3577 ORDER 5381 76 38 89 67 1
3577 BLOCK 58 22
3578 ORDER 5382 52 48 1 20 0
3579 ORDER 5383 31 39 42 68 0
3580 ORDER 5384 11 8 1 2 0
3580 ORDER 5385 30 56 3 20 1
3580 BLOCK 30 27
3581 ORDER 5386 79 38 54 67 0
3582 UNBLOCK 86 6
3582 ORDER 5387 80 11 47 67 2
3582 BLOCK 47 12
3583 ORDER 5388 6 20 71 67 0
3584 ORDER 5389 64 11 29 68 1
3585 ORDER 5390 79 33 92 68 1
3586 ORDER 5391 50 29 93 67 1
3587 ORDER 5392 84 42 1 33 0
3587 ORDER 5393 55 23 2 23 0
3587 BLOCK 69 63
3588 ORDER 5394 86 48 59 67 0
3589 ORDER 5395 33 44 75 68 0
3590 ORDER 5396 67 5 94 68 2
3591 ORDER 5397 46 63 2 49 0
3591 ORDER 5398 19 51 42 68 1
3592 ORDER 5399 45 47 55 68 3
3592 ORDER 5400 51 38 36 68 0
3593 ORDER 5401 75 50 90 67 0
3593 ORDER 5402 38 48 98 68 0
3594 ORDER 5403 77 11 76 68 0
3595 ORDER 5404 14 5 1 46 0
3596 ORDER 5405 46 24 3 44 0
3596 ORDER 5406 47 50 55 67 3
3597 UNBLOCK 58 22
3597 ORDER 5407 95 35 3 41 1
3597 ORDER 5408 35 63 2 14 2
3598 ORDER 5409 11 35 1 12 1
3599 ORDER 5410 34 59 83 67 0
3600 ORDER 5411 91 56 3 52 0
3601 ORDER 5412 85 20 92 68 0
3601 ORDER 5413 43 39 58 67 1
3602 ORDER 5414 79 50 2 50 2
3603 ORDER 5415 83 36 15 67 0
3604 UNBLOCK 7 35
3604 ORDER 5416 18 48 1 15 0
3604 ORDER 5417 84 59 61 68 0
3605 ORDER 5418 85 41 1 23 0
3606 UNBLOCK 79 51
3606 ORDER 5419 16 3 3 14 2
3607 ORDER 5420 61 21 52 68 1
3607 BLOCK 16 17
3608 ORDER 5421 17 51 3 42 0
3608 BLOCK 8 8
3609 ORDER 5422 46 26 85 67 1
3610 ORDER 5423 22 41 70 68 0
3611 ORDER 5424 40 27 2 44 0
3612 ORDER 5425 37 9 3 29 0
3612 ORDER 5426 91 23 45 68 0
3612 BLOCK 85 24
3613 ORDER 5427 12 44 1 64 0
3614 ORDER 5428 82 29 2 55 2
3614 BLOCK 73 32
3615 ORDER 5429 55 47 45 68 1
3616 ORDER 5430 38 47 1 42 0
3616 BLOCK 47 26
3617 ORDER 5431 88 8 3 9 0
3618 CANCEL 5378
3618 UNBLOCK 30 27
3618 UNBLOCK 47 12
3618 ORDER 5432 86 9 38 67 1
3619 ORDER 5433 62 38 3 57 0
3620 ORDER 5434 40 29 25 68 0
3620 ORDER 5435 42 39 2 49 0
3621 ORDER 5436 23 39 36 68 0
3622 ORDER 5437 95 63 8 67 0
3622 ORDER 5438 59 44 2 68 0
3623 ORDER 5439 39 12 1 8 0
3623 BLOCK 31 10
3624 ORDER 5440 89 12 2 18 1
3625 ORDER 5441 70 57 2 44 0
3625 ORDER 5442 67 8 88 67 0
3625 BLOCK 48 39
3626 ORDER 5443 89 3 17 68 0
3627 ORDER 5444 94 63 3 30 1
3628 ORDER 5445 11 39 7 68 0
3628 ORDER 5446 7 9 23 67 0
3628 BLOCK 42 52
3629 ORDER 5447 18 36 1 41 0
3629 ORDER 5448 50 38 2 2 0
3630 CANCEL 5182
3630 UNBLOCK 55 48
3630 ORDER 5449 18 36 1 54 0
3630 BLOCK 82 48
3631 ORDER 5450 17 48 3 63 0
3632 ORDER 5451 94 21 3 5 1
3632 BLOCK 42 23
3633 ORDER 5452 88 47 1 24 0
3633 ORDER 5453 54 36 2 50 0
3634 ORDER 5454 28 14 1 59 0
3635 ORDER 5455 8 15 64 67 1
3636 ORDER 5456 17 27 3 65 1
3636 BLOCK 17 3
3637 UNBLOCK 63 48
3637 UNBLOCK 85 24
3637 ORDER 5457 39 27 40 68 0
3638 UNBLOCK 8 8
3638 ORDER 5458 73 18 1 12 0
3638 ORDER 5459 69 48 71 67 0
3639 ORDER 5460 18 57 2 47 0
3640 ORDER 5461 9 29 82 67 1
3641 ORDER 5462 81 38 2 9 0
3641 BLOCK 59 54
3642 ORDER 5463 59 44 63 67 0
3643 ORDER 5464 83 21 58 67 2
3644 ORDER 5465 81 62 1 44 2
3644 ORDER 5466 57 26 3 13 2
3644 BLOCK 32 53
3645 ORDER 5467 62 47 47 68 0
3646 ORDER 5468 8 14 69 67 0
3646 ORDER 5469 20 14 2 49 0
3647 ORDER 5470 16 36 50 68 0
3648 ORDER 5471 67 27 20 67 1
3649 CANCEL 5258
3649 ORDER 5472 62 39 1 2 0
3650 ORDER 5473 47 8 1 44 0
3650 ORDER 5474 90 24 2 32 0
3651 CANCEL 5350
3651 ORDER 5475 17 18 2 5 0
3651 BLOCK 47 2
3652 ORDER 5476 91 35 94 68 1
3653 ORDER 5477 37 38 2 7 1
3653 BLOCK 43 59
3654 ORDER 5478 19 9 97 68 3
3655 UNBLOCK 47 26
3655 UNBLOCK 42 23
3655 ORDER 5479 63 33 3 38 3
3656 UNBLOCK 42 52
3656 ORDER 5480 55 38 31 67 0
3656 ORDER 5481 87 8 1 67 1
3657 ORDER 5482 73 6 31 68 0
3657 ORDER 5483 33 39 3 24 0
3658 ORDER 5484 29 48 2 63 1
3658 ORDER 5485 39 48 2 30 0
3659 ORDER 5486 31 14 80 68 0
3659 ORDER 5487 86 62 3 23 0
3660 ORDER 5488 55 14 15 68 0
3660 ORDER 5489 28 23 2 21 0
3661 ORDER 5490 70 57 49 67 1
3662 ORDER 5491 73 53 64 68 0
3662 BLOCK 82 68
3663 ORDER 5492 44 30 89 68 2
3664 CANCEL 5423
3664 ORDER 5493 67 24 43 68 0
3664 BLOCK 20 33
3665 ORDER 5494 9 33 5 67 0
3665 ORDER 5495 78 21 41 67 1
3665 BLOCK 41 60
3666 ORDER 5496 68 53 96 67 0
3666 BLOCK 16 59
3667 ORDER 5497 8 3 1 38 1
3667 ORDER 5498 51 48 95 68 0
3667 BLOCK 43 22
3668 ORDER 5499 11 14 3 12 0
3668 BLOCK 33 67
3669 ORDER 5500 14 50 66 67 0
3670 ORDER 5501 19 51 32 67 2
3670 ORDER 5502 60 41 1 42 0
3671 UNBLOCK 69 63
3671 ORDER 5503 49 53 96 68 0
3671 ORDER 5504 77 57 3 43 1
3672 CANCEL 5390
3672 ORDER 5505 68 32 83 68 0
3673 ORDER 5506 79 51 93 67 0
3673 ORDER 5507 32 54 72 67 0
3674 UNBLOCK 82 48
3674 ORDER 5508 40 30 57 68 1
3675 ORDER 5509 65 39 2 50 0
3675 ORDER 5510 80 20 1 31 0
3676 ORDER 5511 35 15 48 67 0
3676 ORDER 5512 93 23 39 67 0
3676 BLOCK 25 57
3677 UNBLOCK 82 68
3677 ORDER 5513 22 60 84 67 0
3678 ORDER 5514 6 3 89 68 0
3679 ORDER 5515 66 48 2 19 0
3679 ORDER 5516 37 56 1 54 1
3680 CANCEL 5313
3680 ORDER 5517 17 65 1 14 1
3680 ORDER 5518 17 54 2 34 0
3681 UNBLOCK 32 53
3681 ORDER 5519 20 59 28 67 0
3682 ORDER 5520 91 8 2 48 0
3682 ORDER 5521 55 56 19 67 0
3682 BLOCK 50 20
3683 ORDER 5522 90 29 32 67 2
3683 ORDER 5523 20 8 92 67 0
3684 UNBLOCK 47 2
3684 ORDER 5524 87 53 3 19 1
3685 ORDER 5525 38 14 31 67 0
3686 ORDER 5526 17 3 1 26 0
3687 ORDER 5527 48 3 38 67 3
3688 ORDER 5528 68 38 3 36 0
3688 ORDER 5529 68 27 2 20 2
3688 BLOCK 10 67
3689 ORDER 5530 11 62 3 17 0
3689 ORDER 5531 40 15 2 6 0
3690 ORDER 5532 20 42 3 13 0
3690 BLOCK 21 18
3691 ORDER 5533 56 54 2 16 1
3691 ORDER 5534 12 33 25 68 0
3692 ORDER 5535 82 35 91 68 1
3692 BLOCK 43 42
3693 CANCEL 5270
3693 UNBLOCK 16 17
3693 ORDER 5536 17 29 1 55 1
3694 ORDER 5537 41 50 1 43 0
3694 ORDER 5538 57 33 63 67 0
3695 ORDER 5539 62 10 93 67 0
3695 BLOCK 69 12
3696 UNBLOCK 73 32
3696 UNBLOCK 48 39
3696 ORDER 5540 68 53 3 65 0
3696 ORDER 5541 39 8 1 64 0
3697 ORDER 5542 93 12 1 40 0
3697 ORDER 5543 9 3 4 67 1
3698 UNBLOCK 20 33
3698 ORDER 5544 92 47 1 38 3
3698 ORDER 5545 94 65 5 68 1
3699 ORDER 5546 47 12 53 68 0
3699 ORDER 5547 89 24 3 7 1
3700 UNBLOCK 31 10
3700 UNBLOCK 17 3
3700 ORDER 5548 56 51 69 68 0
3701 UNBLOCK 41 60
3701 ORDER 5549 34 60 42 68 0
3702 CANCEL 5533
3702 ORDER 5550 56 50 35 67 2
3703 ORDER 5551 80 23 2 22 0
3703 ORDER 5552 32 27 27 68 0
3704 ORDER 5553 24 3 59 67 1
3705 ORDER 5554 10 21 1 23 0
3706 ORDER 5555 8 41 67 68 0
3706 ORDER 5556 61 11 40 68 0
3707 ORDER 5557 89 48 66 68 1
3707 ORDER 5558 27 59 1 21 0
3708 ORDER 5559 55 42 2 36 1
3708 ORDER 5560 28 30 64 67 1
3709 ORDER 5561 64 20 88 68 1
3710 ORDER 5562 8 26 1 68 0
3711 UNBLOCK 50 20
3711 ORDER 5563 17 62 2 27 0
3711 ORDER 5564 18 29 59 68 0
3712 ORDER 5565 24 5 36 67 0
3712 ORDER 5566 41 60 75 68 0
3713 ORDER 5567 6 65 8 68 0
3713 ORDER 5568 61 56 87 68 0
3714 ORDER 5569 8 26 2 15 2
3715 ORDER 5570 49 62 3 26 3
3716 UNBLOCK 33 67
3716 UNBLOCK 43 42
3716 ORDER 5571 61 14 92 67 0
3716 ORDER 5572 58 17 72 68 2
3717 ORDER 5573 41 65 2 67 1
3717 BLOCK 66 51
3718 ORDER 5574 90 45 1 5 1
3718 ORDER 5575 67 41 3 6 0
3718 BLOCK 24 54
3719 ORDER 5576 30 54 74 67 0
3719 ORDER 5577 53 8 55 67 0
3720 ORDER 5578 89 60 3 5 0
3720 ORDER 5579 73 57 2 1 1
3720 BLOCK 51 35
3721 UNBLOCK 21 18
3721 ORDER 5580 8 20 1 10 2
3721 BLOCK 81 5
3722 ORDER 5581 35 9 46 67 0
3722 ORDER 5582 78 26 1 26 1
3723 ORDER 5583 35 36 1 50 1
3723 ORDER 5584 41 41 1 41 0
3724 ORDER 5585 25 11 50 68 0
3725 ORDER 5586 59 5 1 15 0
3725 ORDER 5587 64 11 2 68 0
3726 ORDER 5588 21 8 2 11 1
3726 BLOCK 40 54
3727 UNBLOCK 59 54
3727 UNBLOCK 43 22
3727 ORDER 5589 41 48 14 67 0
3727 ORDER 5590 64 45 2 16 2
3728 ORDER 5591 54 20 97 68 1
3729 ORDER 5592 90 41 1 56 0
3729 ORDER 5593 34 57 36 68 1
3730 ORDER 5594 21 65 94 67 1
3731 ORDER 5595 10 5 73 67 1
3732 ORDER 5596 17 32 1 60 1
3732 ORDER 5597 58 50 1 64 1
3733 ORDER 5598 78 63 95 67 0
3733 ORDER 5599 48 33 2 41 0
3734 UNBLOCK 66 51
3734 CANCEL 5583
3734 ORDER 5600 33 63 37 68 0
3734 BLOCK 72 57
3735 ORDER 5601 71 36 2 58 0
3735 ORDER 5602 29 24 38 68 0
3736 ORDER 5603 34 35 1 31 0
3737 UNBLOCK 16 59
3737 ORDER 5604 49 6 2 35 1
3737 ORDER 5605 70 54 2 64 0
3737 BLOCK 61 36
3738 ORDER 5606 73 60 2 35 0
3739 ORDER 5607 73 59 2 47 0
3740 UNBLOCK 43 59
3740 ORDER 5608 67 3 13 68 0
3740 BLOCK 84 42
3741 ORDER 5609 51 20 2 53 0
3742 ORDER 5610 20 6 51 67 0
3742 ORDER 5611 29 38 88 67 0
3743 ORDER 5612 22 42 2 63 0
3743 ORDER 5613 28 12 1 44 0
3744 UNBLOCK 25 57
3744 ORDER 5614 31 15 13 67 0
3745 ORDER 5615 65 38 3 1 0
3745 BLOCK 12 35
3746 ORDER 5616 69 27 53 67 1
3747 ORDER 5617 17 33 1 60 0
3747 BLOCK 30 3
3748 ORDER 5618 63 42 39 67 0
3748 ORDER 5619 26 44 46 68 0
3748 BLOCK 53 20
3749 UNBLOCK 40 54
3749 ORDER 5620 50 15 2 7 1
3750 ORDER 5621 28 15 3 68 0
3750 ORDER 5622 78 35 1 25 0
3751 ORDER 5623 15 64 68 67 1
3751 BLOCK 81 24
3752 ORDER 5624 8 24 28 68 0
3753 UNBLOCK 69 12
3753 ORDER 5625 17 23 1 42 1
3753 ORDER 5626 49 60 2 43 0
3754 ORDER 5627 43 47 2 55 1
3755 ORDER 5628 58 56 49 68 0
3755 ORDER 5629 94 56 46 68 0
3756 ORDER 5630 25 5 77 68 0
3756 ORDER 5631 12 26 42 68 0
3757 ORDER 5632 74 65 30 68 1
3758 ORDER 5633 12 45 48 68 0
3758 BLOCK 41 50
3759 ORDER 5634 69 44 35 68 0
3760 ORDER 5635 56 62 3 33 1
3760 ORDER 5636 38 9 3 4 0
3761 ORDER 5637 27 42 20 67 0
3762 ORDER 5638 47 38 13 67 0
3762 ORDER 5639 94 6 61 68 0
3763 ORDER 5640 7 3 3 55 0
3763 ORDER 5641 49 12 96 68 1
3764 ORDER 5642 55 53 7 67 0
3765 CANCEL 5498
3765 ORDER 5643 85 11 1 47 0
3765 BLOCK 87 38
3766 UNBLOCK 24 54
3766 ORDER 5644 85 30 17 68 0
3766 ORDER 5645 44 30 88 68 0
3767 ORDER 5646 38 21 3 24 0
3768 ORDER 5647 57 48 75 67 1
3768 ORDER 5648 21 35 3 61 0
3769 UNBLOCK 10 67
3769 ORDER 5649 48 30 34 67 0
3770 ORDER 5650 37 59 83 67 0
3771 UNBLOCK 53 20
3771 ORDER 5651 21 29 32 68 0
3772 ORDER 5652 58 42 1 44 0
3772 ORDER 5653 50 14 73 67 3
3773 ORDER 5654 55 34 2 14 1
3773 ORDER 5655 48 65 92 67 0
3773 BLOCK 66 17
3774 ORDER 5656 23 45 1 53 1
3775 ORDER 5657 45 57 32 68 1
3775 ORDER 5658 37 29 82 68 1
3776 ORDER 5659 11 45 1 13 0
3777 ORDER 5660 34 41 1 18 0
3778 ORDER 5661 94 47 86 68 2
3778 ORDER 5662 70 50 2 2 0
3779 ORDER 5663 6 41 88 68 1
3780 ORDER 5664 38 32 88 68 0
3781 UNBLOCK 61 36
3781 ORDER 5665 83 15 3 67 0
3781 ORDER 5666 30 17 55 68 2
3782 ORDER 5667 18 17 20 67 0
3782 BLOCK 47 33
3783 ORDER 5668 54 17 1 56 0
3784 UNBLOCK 87 38
3784 ORDER 5669 81 15 85 67 0
3785 ORDER 5670 73 20 1 57 2
3785 ORDER 5671 32 39 2 12 0
3786 ORDER 5672 90 20 38 68 0
3786 ORDER 5673 49 33 2 17 1
3787 ORDER 5674 23 33 77 68 3
3788 UNBLOCK 51 35
3788 ORDER 5675 84 50 1 36 1
3788 ORDER 5676 77 21 30 68 0
3789 ORDER 5677 73 45 2 25 0
3790 ORDER 5678 68 8 98 68 0
3790 ORDER 5679 58 56 53 67 0
3790 BLOCK 93 27
3791 ORDER 5680 58 33 3 12 0
3791 ORDER 5681 37 56 3 40 1
3792 ORDER 5682 8 53 1 38 2
3793 ORDER 5683 82 6 23 68 2
3793 ORDER 5684 55 63 59 68 0
3793 BLOCK 74 9
3794 ORDER 5685 59 32 2 35 0
3794 BLOCK 51 42
3795 UNBLOCK 72 57
3795 ORDER 5686 61 60 60 67 0
3796 ORDER 5687 54 60 9 67 0
3797 ORDER 5688 56 30 90 68 0
3798 ORDER 5689 37 6 1 22 0
3798 BLOCK 60 9
3799 ORDER 5690 59 51 2 2 1
3800 ORDER 5691 29 23 61 68 0
3801 ORDER 5692 57 18 1 58 0
3802 ORDER 5693 47 32 89 68 1
3802 BLOCK 88 48
3803 ORDER 5694 27 65 76 67 2
3803 ORDER 5695 65 21 11 67 2
3804 CANCEL 5437
3804 ORDER 5696 88 15 2 3 0
3805 ORDER 5697 16 63 3 22 2
3805 BLOCK 35 46
3806 UNBLOCK 74 9
3806 ORDER 5698 85 45 42 68 0
3806 ORDER 5699 91 5 2 47 2
3807 UNBLOCK 81 5
3807 ORDER 5700 89 21 1 52 1
3807 ORDER 5701 83 35 3 64 1
3808 ORDER 5702 80 21 3 61 0
3808 ORDER 5703 88 24 46 67 1
3809 UNBLOCK 81 24
3809 ORDER 5704 9 44 59 67 0
3809 ORDER 5705 88 65 1 33 0
3810 ORDER 5706 37 53 3 46 0
3810 ORDER 5707 7 60 8 68 1
3811 UNBLOCK 30 3
3811 ORDER 5708 7 26 34 67 0
3812 ORDER 5709 22 60 67 67 1
3812 ORDER 5710 8 41 1 5 0
3812 BLOCK 11 54
3813 ORDER 5711 54 39 12 68 0
3813 ORDER 5712 57 56 24 68 0
3814 ORDER 5713 14 65 5 67 1
3815 ORDER 5714 40 36 30 67 0
3815 ORDER 5715 88 6 2 7 2
3816 ORDER 5716 12 57 3 8 0
3817 CANCEL 5536
3817 ORDER 5717 34 27 3 64 0
3818 ORDER 5718 75 50 3 58 0
3819 UNBLOCK 12 35
3819 ORDER 5719 85 24 3 32 0
3820 ORDER 5720 69 14 95 67 0
3820 ORDER 5721 27 53 2 37 2
3821 ORDER 5722 10 11 76 68 0
3822 ORDER 5723 93 30 1 7 1
3823 ORDER 5724 89 23 3 3 0
3823 ORDER 5725 48 32 24 68 0
3824 ORDER 5726 87 33 1 60 0
3825 ORDER 5727 42 38 1 9 1
3826 ORDER 5728 42 44 77 68 1
3827 ORDER 5729 48 12 2 60 3
3827 ORDER 5730 86 29 51 68 0
3828 ORDER 5731 11 63 93 67 2
3828 ORDER 5732 77 8 2 48 0
3829 UNBLOCK 66 17
3829 ORDER 5733 45 17 2 22 2
3830 UNBLOCK 11 54
3830 ORDER 5734 77 24 47 68 1
3830 ORDER 5735 20 33 1 45 0
3831 ORDER 5736 77 51 54 68 2
3831 ORDER 5737 92 21 53 68 0
3832 ORDER 5738 91 44 16 67 0
3832 ORDER 5739 6 14 72 68 0
3833 ORDER 5740 77 24 3 54 0
3833 ORDER 5741 89 50 41 68 2
3833 BLOCK 64 17
3834 ORDER 5742 30 21 33 68 2
3834 ORDER 5743 77 8 90 68 0
3835 ORDER 5744 19 38 2 13 3
3835 ORDER 5745 89 21 3 47 2
3836 UNBLOCK 93 27
3836 ORDER 5746 32 26 1 43 1
3836 ORDER 5747 8 51 3 41 0
3837 ORDER 5748 12 51 1 26 0
3837 BLOCK 93 27
3838 ORDER 5749 84 45 2 48 0
3838 ORDER 5750 29 27 73 67 1
3839 UNBLOCK 84 42
3839 ORDER 5751 27 17 1 8 0
3840 UNBLOCK 41 50
3840 ORDER 5752 78 39 40 68 0
3841 ORDER 5753 17 57 3 67 0
3841 ORDER 5754 73 23 3 14 0
3842 ORDER 5755 31 30 1 1 1
3842 ORDER 5756 44 29 3 59 0
3843 ORDER 5757 82 35 76 68 0
3843 ORDER 5758 52 51 17 68 1
3844 ORDER 5759 73 56 1 62 0
3845 ORDER 5760 28 39 79 68 0
3845 ORDER 5761 80 12 3 17 0
3846 ORDER 5762 28 35 3 21 0
3846 BLOCK 16 17
3847 ORDER 5763 38 24 44 67 0
3848 ORDER 5764 15 53 68 68 1
3848 ORDER 5765 84 20 5 67 0
3849 ORDER 5766 64 9 2 8 0
3849 BLOCK 83 36
3850 ORDER 5767 38 18 3 13 0
3851 ORDER 5768 60 59 44 67 0
3852 ORDER 5769 71 23 3 15 0
3852 BLOCK 9 53
3853 UNBLOCK 47 33
3853 ORDER 5770 45 36 98 68 0
3853 ORDER 5771 28 50 40 67 0
3854 ORDER 5772 81 60 30 67 0
3855 UNBLOCK 60 9
3855 ORDER 5773 92 5 2 59 0
3856 ORDER 5774 68 24 1 28 0
3856 ORDER 5775 63 3 81 68 0
3856 BLOCK 57 66
3857 CANCEL 5706
3857 ORDER 5776 37 50 3 11 1
3858 ORDER 5777 45 30 1 36 0
3858 ORDER 5778 30 33 3 32 3
3859 ORDER 5779 58 26 38 67 1
3859 BLOCK 8 48
3860 ORDER 5780 29 38 2 24 0
3861 UNBLOCK 51 42
3861 ORDER 5781 49 3 9 67 1
3862 ORDER 5782 28 62 1 13 0
3862 ORDER 5783 46 21 30 67 0
3862 BLOCK 63 57
3863 CANCEL 5599
3863 ORDER 5784 9 47 24 68 0
3864 ORDER 5785 43 9 26 68 0
3864 ORDER 5786 55 47 26 67 0
3865 UNBLOCK 93 27
3865 ORDER 5787 21 39 3 14 0
3866 ORDER 5788 66 44 2 3 1
3867 ORDER 5789 67 24 41 68 0
3867 ORDER 5790 29 9 23 67 0
3868 ORDER 5791 64 30 67 68 0
3868 ORDER 5792 77 32 2 50 3
3869 ORDER 5793 12 35 23 67 0
3869 ORDER 5794 33 42 3 59 0
3870 UNBLOCK 35 46
3870 ORDER 5795 7 32 1 46 0
3870 ORDER 5796 10 24 77 68 0
3871 CANCEL 5596
3871 UNBLOCK 88 48
3871 ORDER 5797 34 41 3 47 1
3871 ORDER 5798 84 42 2 4 0
3872 UNBLOCK 64 17
3872 ORDER 5799 28 20 1 6 1
3873 ORDER 5800 83 62 3 30 1
3874 ORDER 5801 68 17 72 67 0
3874 ORDER 5802 34 9 88 67 0
3875 ORDER 5803 30 27 44 67 0
3876 ORDER 5804 27 60 2 25 0
3876 ORDER 5805 94 57 2 17 0
3877 UNBLOCK 83 36
3877 ORDER 5806 54 59 2 33 0
3877 ORDER 5807 32 35 1 59 0
3878 ORDER 5808 37 48 97 68 0
3878 ORDER 5809 16 8 26 68 0
3879 ORDER 5810 46 30 3 19 2
3879 ORDER 5811 72 57 3 49 0
3880 ORDER 5812 49 47 70 67 0
3881 ORDER 5813 40 29 49 68 0
3881 ORDER 5814 51 60 3 62 0
3882 ORDER 5815 46 62 3 36 0
3882 ORDER 5816 94 39 26 68 2
3882 BLOCK 19 51
3883 ORDER 5817 47 23 3 3 2
3883 BLOCK 5 55
3884 ORDER 5818 73 24 13 67 0
3885 ORDER 5819 70 24 67 67 0
3886 ORDER 5820 34 36 3 17 0
3887 ORDER 5821 17 56 62 68 0
3887 ORDER 5822 52 23 39 67 0
3887 BLOCK 90 53
3888 ORDER 5823 80 59 85 67 0
3889 ORDER 5824 69 39 14 68 0
3889 ORDER 5825 26 56 3 10 0
3890 ORDER 5826 94 36 70 67 0
3891 ORDER 5827 37 12 56 68 1
3891 BLOCK 19 66
3892 ORDER 5828 49 65 2 7 1
3892 ORDER 5829 89 59 52 68 0
3893 ORDER 5830 84 11 3 41 3
3894 ORDER 5831 78 24 2 8 1
3894 ORDER 5832 68 27 50 67 1
3895 ORDER 5833 8 57 3 54 0
3895 ORDER 5834 74 26 89 67 0
3896 ORDER 5835 40 18 35 67 0
3896 BLOCK 62 26
3897 ORDER 5836 83 21 3 21 2
3897 ORDER 5837 31 27 2 25 0
3898 ORDER 5838 52 3 1 49 1
3898 ORDER 5839 94 11 1 23 0
3899 ORDER 5840 60 12 39 68 0
3900 ORDER 5841 29 9 1 32 1
3900 ORDER 5842 19 53 1 21 1
3901 ORDER 5843 10 20 61 67 2
3901 ORDER 5844 71 6 50 68 0
3901 BLOCK 29 56
3902 ORDER 5845 73 11 3 67 2
3903 ORDER 5846 91 27 1 17 0
3904 ORDER 5847 93 12 31 67 0
3904 ORDER 5848 69 59 2 25 1
3905 ORDER 5849 90 29 21 68 0
3905 ORDER 5850 20 35 3 10 0
3906 ORDER 5851 76 42 36 68 0
3907 CANCEL 5738
3907 ORDER 5852 43 50 1 26 0
3907 BLOCK 83 15
3908 ORDER 5853 45 29 14 68 0
3908 ORDER 5854 74 12 1 19 1
3909 UNBLOCK 16 17
3909 ORDER 5855 75 32 3 50 1
3909 ORDER 5856 21 63 57 67 1
3910 ORDER 5857 63 3 37 67 1
3911 ORDER 5858 47 12 71 68 0
3911 ORDER 5859 49 62 1 60 3
3912 CANCEL 5652
3912 ORDER 5860 60 60 3 13 2
3913 UNBLOCK 8 48
3913 UNBLOCK 5 55
3913 UNBLOCK 62 26
3913 ORDER 5861 14 29 51 68 3
3913 ORDER 5862 37 60 1 35 0
3914 ORDER 5863 75 11 10 67 0
3914 ORDER 5864 93 33 69 67 0
3915 ORDER 5865 63 5 32 67 0
3915 ORDER 5866 93 41 55 67 0
3916 ORDER 5867 27 48 85 68 0
3916 ORDER 5868 24 45 1 51 2
3917 UNBLOCK 63 57
3917 ORDER 5869 66 62 90 68 0
3918 CANCEL 5589
3918 ORDER 5870 6 50 79 67 1
3919 ORDER 5871 91 44 86 67 0
3919 ORDER 5872 83 65 72 67 0
3920 ORDER 5873 28 11 61 67 0
3920 ORDER 5874 28 39 1 43 0
3921 ORDER 5875 19 60 51 68 0
3921 ORDER 5876 94 59 9 68 1
3922 ORDER 5877 42 38 1 67 0
3922 BLOCK 16 29
3923 ORDER 5878 94 21 1 28 0
3923 BLOCK 35 35
3924 ORDER 5879 78 29 7 68 1
3924 ORDER 5880 38 17 50 68 0
3925 ORDER 5881 38 65 6 67 0
3925 ORDER 5882 22 63 46 68 0
3926 ORDER 5883 70 21 26 67 0
3926 ORDER 5884 33 65 3 7 2
3927 ORDER 5885 20 50 80 68 0
3927 ORDER 5886 63 6 39 68 1
3928 ORDER 5887 9 23 32 67 0
3929 ORDER 5888 21 59 32 68 1
3929 BLOCK 29 63
3930 ORDER 5889 36 42 5 67 0
3931 ORDER 5890 53 39 77 68 2
3931 ORDER 5891 10 3 2 64 2
3931 BLOCK 22 53
3932 UNBLOCK 9 53
3932 ORDER 5892 27 44 3 42 3
3932 BLOCK 30 50
3933 UNBLOCK 19 51
3933 ORDER 5893 46 26 3 51 1
3933 ORDER 5894 25 9 6 68 1
3934 ORDER 5895 71 38 1 24 1
3935 ORDER 5896 64 8 81 68 0
3935 ORDER 5897 43 50 11 67 1
3936 ORDER 5898 68 45 15 68 1
3936 ORDER 5899 33 53 79 67 0
3936 BLOCK 56 53
3937 ORDER 5900 28 24 60 67 1
3937 ORDER 5901 91 8 5 67 0
3938 ORDER 5902 64 35 96 67 0
3939 ORDER 5903 60 45 95 67 0
3940 ORDER 5904 57 35 29 68 1
3941 ORDER 5905 42 39 88 67 0
3941 BLOCK 52 42
3942 ORDER 5906 6 50 63 68 1
3943 UNBLOCK 57 66
3943 ORDER 5907 48 65 7 67 0
3943 ORDER 5908 28 23 3 44 0
3944 ORDER 5909 24 47 1 43 0
3945 ORDER 5910 78 48 3 38 2
3945 ORDER 5911 26 42 43 67 0
3946 CANCEL 5763
3946 ORDER 5912 50 50 81 67 1
3946 ORDER 5913 56 57 2 62 0
3947 ORDER 5914 20 6 1 13 0
3947 ORDER 5915 50 24 2 17 0
3948 ORDER 5916 21 27 3 29 0
3949 ORDER 5917 32 47 17 68 0
3950 UNBLOCK 16 29
3950 UNBLOCK 35 35
3950 ORDER 5918 84 17 15 68 0
3950 ORDER 5919 63 30 14 68 3
3950 BLOCK 72 54
3951 UNBLOCK 19 66
3951 ORDER 5920 37 20 3 55 0
3952 ORDER 5921 57 32 84 68 0
3952 ORDER 5922 82 27 10 68 1
3953 ORDER 5923 67 15 39 67 0
3954 ORDER 5924 85 26 1 38 0
3955 ORDER 5925 67 35 67 67 0
3956 ORDER 5926 83 3 38 67 2
3956 ORDER 5927 25 59 1 60 1
3957 ORDER 5928 51 18 2 22 1
3957 ORDER 5929 56 54 48 67 0
3957 BLOCK 76 30
3958 UNBLOCK 90 53
3958 ORDER 5930 95 6 44 67 0
3959 CANCEL 5660
3959 ORDER 5931 64 62 77 68 2
3959 ORDER 5932 69 17 49 67 2
3959 BLOCK 36 49
3960 ORDER 5933 57 48 40 67 0
3961 ORDER 5934 26 17 13 68 0
3962 CANCEL 5653
3962 ORDER 5935 75 56 28 67 0
3963 ORDER 5936 42 33 2 50 0
3963 ORDER 5937 34 35 14 67 1
3964 CANCEL 5789
3964 ORDER 5938 32 18 85 67 0
3964 ORDER 5939 49 15 8 67 0
3965 ORDER 5940 33 3 51 68 0
3966 ORDER 5941 70 51 11 68 1
3967 ORDER 5942 45 54 72 67 3
3967 ORDER 5943 42 18 2 33 1
3968 ORDER 5944 64 35 18 68 1
3969 UNBLOCK 56 53
3969 ORDER 5945 84 20 88 68 1
3969 ORDER 5946 56 30 21 68 1
3970 ORDER 5947 51 41 3 65 1
3970 ORDER 5948 29 53 3 16 1
3971 ORDER 5949 79 50 1 32 2
3972 ORDER 5950 20 27 2 31 0
3973 ORDER 5951 71 29 2 29 1
3973 ORDER 5952 52 59 1 45 1
3974 ORDER 5953 38 12 19 67 0
3974 BLOCK 35 15
3975 ORDER 5954 19 23 3 18 0
3975 ORDER 5955 30 18 51 67 0
3976 ORDER 5956 48 29 6 68 3
3976 ORDER 5957 8 23 8 68 0
3977 ORDER 5958 89 62 7 67 2
3978 ORDER 5959 89 63 91 68 0
3978 ORDER 5960 62 9 47 68 0
3979 CANCEL 5960
3979 ORDER 5961 22 5 50 67 2
3980 ORDER 5962 55 26 38 67 1
3980 BLOCK 89 15
3981 ORDER 5963 39 47 2 57 0
3981 ORDER 5964 28 12 2 18 1
3982 ORDER 5965 65 62 2 43 0
3983 ORDER 5966 77 62 3 48 1
3983 ORDER 5967 54 52 3 24 0
3984 UNBLOCK 30 50
3984 ORDER 5968 56 36 3 66 0
3984 BLOCK 78 15
3985 UNBLOCK 29 63
3985 ORDER 5969 7 6 55 68 1
3985 ORDER 5970 86 33 1 50 0
3986 ORDER 5971 80 11 2 64 0
3987 UNBLOCK 52 42
3987 ORDER 5972 85 65 80 67 2
3987 ORDER 5973 63 14 3 67 0
3988 ORDER 5974 41 11 3 67 1
3988 ORDER 5975 18 6 2 2 0
3989 ORDER 5976 44 11 28 68 0
3990 ORDER 5977 70 27 3 66 0
3990 ORDER 5978 21 60 85 68 0
3991 ORDER 5979 7 5 36 67 0
3992 UNBLOCK 29 56
3992 ORDER 5980 8 9 1 50 0
3993 ORDER 5981 84 32 9 67 2
3993 ORDER 5982 53 9 3 67 0
3993 BLOCK 30 68
3994 ORDER 5983 70 26 6 68 1
3994 ORDER 5984 93 6 1 22 1
3995 ORDER 5985 62 11 76 68 0
3996 ORDER 5986 72 14 3 41 0
3996 ORDER 5987 20 62 5 68 1
3997 ORDER 5988 88 3 3 47 0
3998 ORDER 5989 14 5 34 67 0
3999 ORDER 5990 93 39 25 68 2
4000 ORDER 5991 66 38 3 39 1
4000 ORDER 5992 31 41 3 44 0
4001 ORDER 5993 11 21 83 68 0
4002 ORDER 5994 49 47 45 68 0
4003 ORDER 5995 16 15 2 57 0
4003 ORDER 5996 82 32 2 20 2
4003 BLOCK 55 59
4004 ORDER 5997 93 51 81 67 0
4005 ORDER 5998 33 56 91 68 0
4005 ORDER 5999 52 63 2 30 0
4005 BLOCK 42 9
4006 UNBLOCK 83 15
4006 ORDER 6000 21 27 2 60 0
4007 ORDER 6001 7 53 49 68 1
4007 ORDER 6002 30 44 97 68 0
4007 BLOCK 22 27
4008 ORDER 6003 36 3 13 68 1
4009 ORDER 6004 95 3 83 67 0
4009 ORDER 6005 15 8 1 42 0
4010 ORDER 6006 94 6 1 23 0
4010 ORDER 6007 56 53 1 20 0
4011 UNBLOCK 35 15
4011 ORDER 6008 11 51 90 68 0
4011 ORDER 6009 23 36 2 45 0
4012 UNBLOCK 36 49
4012 ORDER 6010 18 60 63 68 3
4012 BLOCK 32 6
4013 UNBLOCK 22 53
4013 ORDER 6011 14 63 2 50 0
4014 ORDER 6012 30 42 17 68 1
4014 BLOCK 24 18
4015 ORDER 6013 44 59 3 21 0
4015 ORDER 6014 36 23 3 62 1
4016 ORDER 6015 37 60 1 46 1
4016 ORDER 6016 42 48 1 9 1
4017 ORDER 6017 54 24 2 54 0
4017 ORDER 6018 81 54 3 2 1
4018 ORDER 6019 57 63 2 39 1
4018 BLOCK 79 2
4019 ORDER 6020 50 45 2 38 0
4020 CANCEL 5810
4020 ORDER 6021 6 65 44 68 0
4020 ORDER 6022 36 44 86 67 0
4021 ORDER 6023 49 8 68 68 1
4021 ORDER 6024 28 29 3 36 0
4022 ORDER 6025 90 54 93 68 0
4023 ORDER 6026 86 48 25 67 0
4023 ORDER 6027 20 29 98 67 0
4024 ORDER 6028 16 18 51 68 0
4025 ORDER 6029 43 47 1 40 1
4025 BLOCK 66 32
4026 ORDER 6030 55 15 25 67 0
4026 ORDER 6031 92 38 66 67 0
4027 ORDER 6032 83 54 79 68 1
4027 ORDER 6033 94 56 3 10 0
4028 UNBLOCK 72 54
4028 UNBLOCK 24 18
4028 ORDER 6034 8 60 58 68 0
4028 BLOCK 85 36
4029 ORDER 6035 20 20 2 51 0
4029 ORDER 6036 58 44 25 67 0
4029 BLOCK 60 41
4030 ORDER 6037 61 45 2 39 0
4030 ORDER 6038 62 57 2 33 1
4030 BLOCK 21 26
4031 CANCEL 5859
4031 UNBLOCK 78 15
4031 ORDER 6039 61 60 1 45 1
4032 ORDER 6040 41 54 37 68 1
4033 ORDER 6041 19 59 2 3 0
4034 UNBLOCK 22 27
4034 ORDER 6042 76 44 80 68 0
4035 ORDER 6043 10 63 22 68 1
4035 ORDER 6044 31 41 72 68 0
4036 ORDER 6045 43 6 67 68 2
4036 ORDER 6046 34 48 9 67 0
4037 ORDER 6047 79 63 1 33 0
4037 BLOCK 56 1
4038 ORDER 6048 47 8 2 58 0
4039 UNBLOCK 89 15
4039 ORDER 6049 17 51 76 67 0
4039 ORDER 6050 75 38 95 68 0
4040 ORDER 6051 35 53 1 29 0
4040 ORDER 6052 74 8 1 21 0
4041 ORDER 6053 17 36 2 13 3
4041 ORDER 6054 93 26 89 67 1
4042 ORDER 6055 21 60 73 68 0
4043 UNBLOCK 55 59
4043 ORDER 6056 55 63 2 49 0
4043 ORDER 6057 70 12 26 68 0
4043 BLOCK 14 36
4044 ORDER 6058 19 51 1 60 0
4044 ORDER 6059 17 18 2 51 0
4045 ORDER 6060 34 33 52 68 1
4046 ORDER 6061 10 60 3 18 0
4046 ORDER 6062 45 24 1 11 0
4047 ORDER 6063 9 9 3 30 0
4047 ORDER 6064 76 9 77 67 0
4047 BLOCK 83 59
4048 ORDER 6065 85 17 21 68 0
4048 ORDER 6066 37 12 2 9 0
4049 ORDER 6067 11 56 29 67 0
4049 ORDER 6068 23 26 85 67 0
4050 ORDER 6069 28 57 89 67 1
4051 ORDER 6070 57 39 1 10 0
4051 ORDER 6071 14 21 1 20 0
4051 BLOCK 70 31
4052 ORDER 6072 31 44 95 68 0
4053 UNBLOCK 66 32
4053 ORDER 6073 74 9 3 2 0
4053 ORDER 6074 11 9 66 67 0
4054 UNBLOCK 76 30
4054 UNBLOCK 30 68
4054 ORDER 6075 19 5 41 67 0
4054 ORDER 6076 11 15 60 67 0
4055 ORDER 6077 21 26 2 19 0
4055 ORDER 6078 40 15 88 67 1
4056 ORDER 6079 9 18 14 67 0
4056 ORDER 6080 6 11 40 67 2
4057 ORDER 6081 27 45 1 66 0
4057 ORDER 6082 32 24 1 60 0
4057 BLOCK 12 45
4058 CANCEL 5829
4058 ORDER 6083 25 27 1 43 0
4059 ORDER 6084 11 12 1 50 0
4059 ORDER 6085 27 39 91 68 1
4060 ORDER 6086 23 12 86 68 1
4060 ORDER 6087 84 41 10 68 0
4061 ORDER 6088 6 53 3 43 0
4062 ORDER 6089 51 48 15 68 0
4062 BLOCK 22 41
4063 UNBLOCK 32 6
4063 CANCEL 6016
4063 ORDER 6090 27 24 3 57 0
4063 ORDER 6091 64 24 74 67 0
4064 CANCEL 6089
4064 ORDER 6092 66 17 1 35 0
4065 UNBLOCK 85 36
4065 ORDER 6093 77 57 27 68 0
4066 ORDER 6094 58 36 57 67 0
4066 ORDER 6095 57 32 2 14 0
4067 ORDER 6096 27 12 3 15 0
4067 ORDER 6097 95 42 8 67 0
4068 ORDER 6098 46 53 8 68 1
4069 ORDER 6099 92 6 1 53 0
4069 ORDER 6100 88 27 33 67 1
4070 ORDER 6101 51 9 3 64 0
4070 ORDER 6102 61 18 2 8 1
4071 ORDER 6103 68 47 2 41 1
4072 UNBLOCK 56 1
4072 ORDER 6104 64 23 3 22 3
4072 ORDER 6105 95 8 25 67 3
4073 ORDER 6106 76 11 3 50 0
4074 ORDER 6107 40 26 71 67 0
4075 ORDER 6108 28 12 2 45 0
4076 ORDER 6109 6 63 3 31 0
4076 ORDER 6110 61 50 83 67 0
4077 ORDER 6111 69 42 2 56 0
4077 ORDER 6112 55 33 1 65 3
4078 ORDER 6113 48 11 2 48 0
4079 UNBLOCK 21 26
4079 ORDER 6114 78 57 1 31 2
4079 BLOCK 22 12
4080 ORDER 6115 24 45 2 27 0
4081 UNBLOCK 79 2
4081 ORDER 6116 57 53 69 67 0
4081 ORDER 6117 8 5 38 68 0
4082 ORDER 6118 56 29 2 40 0
4082 BLOCK 11 45
4083 UNBLOCK 83 59
4083 ORDER 6119 58 65 77 67 0
4084 UNBLOCK 70 31
4084 ORDER 6120 90 18 23 68 0
4084 ORDER 6121 69 23 2 38 1
4084 BLOCK 89 18
4085 CANCEL 6047
4085 ORDER 6122 28 35 1 27 3
4086 ORDER 6123 37 41 86 67 0
4087 ORDER 6124 11 8 38 67 0
4087 BLOCK 80 20
4088 ORDER 6125 65 23 2 18 1
4088 ORDER 6126 49 14 50 68 2
4089 ORDER 6127 6 53 62 68 1
4090 ORDER 6128 95 20 2 35 0
4091 ORDER 6129 9 20 3 33 2
4091 ORDER 6130 56 56 2 13 0
4092 ORDER 6131 27 50 57 67 0
4092 ORDER 6132 53 59 1 4 0
4093 CANCEL 6022
4093 ORDER 6133 31 20 63 68 0
4094 UNBLOCK 42 9
4094 ORDER 6134 84 56 85 68 1
4094 ORDER 6135 29 56 2 63 0
4095 ORDER 6136 13 56 92 67 0
4096 ORDER 6137 69 47 26 67 0
4096 ORDER 6138 38 12 1 31 0
4097 ORDER 6139 28 62 1 40 1
4097 BLOCK 51 25
4098 ORDER 6140 23 45 84 68 0
4098 ORDER 6141 38 15 3 40 0
4099 UNBLOCK 11 45
4099 ORDER 6142 18 6 56 67 0
4099 ORDER 6143 9 5 18 67 0
4100 ORDER 6144 30 20 77 67 0
4100 ORDER 6145 80 45 1 26 0
4101 CANCEL 6135
4101 ORDER 6146 58 17 22 68 0
4101 ORDER 6147 47 8 3 12 0
4102 ORDER 6148 83 12 2 50 3
4103 ORDER 6149 67 5 42 68 0
4104 ORDER 6150 10 60 1 9 1
4104 BLOCK 30 50
4105 ORDER 6151 34 57 1 59 0
4105 ORDER 6152 26 15 2 18 0
4106 ORDER 6153 45 30 1 31 0
4107 ORDER 6154 41 42 12 67 0
4107 BLOCK 55 47
4108 ORDER 6155 46 23 2 43 1
4108 ORDER 6156 88 44 33 67 0
4109 ORDER 6157 27 11 90 68 0
4109 ORDER 6158 38 57 1 36 0
4109 BLOCK 30 36
4110 ORDER 6159 39 30 74 67 2
4111 CANCEL 5998
4111 ORDER 6160 19 17 80 67 0
4111 ORDER 6161 11 39 2 64 2
4112 ORDER 6162 39 35 3 24 1
4112 ORDER 6163 78 41 2 45 0
4113 ORDER 6164 26 65 3 47 2
4113 ORDER 6165 63 44 95 67 2
4114 ORDER 6166 62 21 1 15 2
4114 ORDER 6167 19 44 96 67 2
4115 ORDER 6168 15 3 2 9 0
4115 ORDER 6169 67 27 1 34 0
4115 BLOCK 59 21
4116 ORDER 6170 82 23 3 33 0
4117 UNBLOCK 60 41
4117 UNBLOCK 14 36
4117 ORDER 6171 40 54 5 67 1
4117 ORDER 6172 30 47 89 68 0
4118 ORDER 6173 35 5 2 9 1
4118 ORDER 6174 75 6 43 67 1
4119 CANCEL 5972
4119 ORDER 6175 52 47 2 24 1
4119 ORDER 6176 17 12 8 68 1
4119 BLOCK 32 33
4120 ORDER 6177 79 51 86 67 1
4120 ORDER 6178 48 27 60 68 0
4120 BLOCK 92 53
4121 ORDER 6179 24 57 92 67 0
4122 UNBLOCK 55 47
4122 ORDER 6180 12 62 47 68 1
4122 BLOCK 95 56
4123 ORDER 6181 58 53 3 11 0
4123 ORDER 6182 66 39 62 67 0
4124 ORDER 6183 39 15 3 44 0
4125 ORDER 6184 28 11 58 67 1
4125 ORDER 6185 17 18 44 67 3
4126 ORDER 6186 74 15 79 68 2
4126 ORDER 6187 47 20 1 57 1
4127 CANCEL 6088
4127 ORDER 6188 77 44 2 9 0
4127 ORDER 6189 15 15 10 67 0
4128 CANCEL 6004
4128 ORDER 6190 22 44 1 3 0
4128 ORDER 6191 79 50 2 34 0
4129 ORDER 6192 77 62 78 68 3
4129 ORDER 6193 58 35 3 62 0
4130 ORDER 6194 37 50 3 58 1
4130 ORDER 6195 77 57 2 20 0
4130 BLOCK 19 39
4131 ORDER 6196 18 14 1 55 0
4131 ORDER 6197 6 54 91 67 0
4132 ORDER 6198 81 54 3 39 1
4132 BLOCK 56 51
4133 ORDER 6199 66 26 71 67 1
4134 ORDER 6200 88 33 2 5 0
4134 ORDER 6201 11 20 3 54 3
4135 UNBLOCK 12 45
4135 ORDER 6202 31 27 2 48 0
4136 ORDER 6203 63 13 3 22 0
4137 ORDER 6204 24 29 2 26 0
4137 ORDER 6205 24 12 50 67 0
4138 ORDER 6206 66 15 4 68 0
4139 ORDER 6207 90 51 58 67 1
4139 BLOCK 35 43
4140 ORDER 6208 44 15 81 67 0
4141 UNBLOCK 22 41
4141 ORDER 6209 84 42 2 15 0
4141 BLOCK 32 37
4142 ORDER 6210 57 5 1 35 0
4143 ORDER 6211 49 39 1 21 0
4143 ORDER 6212 41 9 1 41 0
4144 ORDER 6213 15 18 3 13 1
4145 ORDER 6214 32 47 2 44 2
4145 ORDER 6215 94 48 81 68 2
4146 UNBLOCK 22 12
4146 ORDER 6216 33 48 2 16 1
4146 ORDER 6217 18 38 1 27 0
4147 ORDER 6218 84 32 3 41 0
4148 ORDER 6219 75 15 6 68 2
4148 ORDER 6220 8 32 27 68 1
4149 ORDER 6221 23 30 22 67 1
4149 ORDER 6222 75 20 1 53 0
4150 UNBLOCK 95 56
4150 ORDER 6223 29 30 1 26 0
4151 ORDER 6224 8 65 3 66 0
4151 BLOCK 52 57
4152 ORDER 6225 50 25 7 67 0
4152 BLOCK 16 12
4153 UNBLOCK 32 33
4153 ORDER 6226 30 39 54 68 2
4153 ORDER 6227 90 45 95 68 1
4154 ORDER 6228 75 38 2 4 0
4155 ORDER 6229 40 24 3 50 2
4155 BLOCK 13 39
4156 ORDER 6230 65 44 2 53 0
4157 ORDER 6231 41 24 1 35 0
4157 ORDER 6232 77 20 2 32 0
4158 UNBLOCK 89 18
4158 UNBLOCK 80 20
4158 ORDER 6233 37 39 3 67 0
4158 ORDER 6234 36 44 3 10 1
4159 ORDER 6235 19 15 2 63 0
4160 ORDER 6236 33 3 3 26 3
4160 ORDER 6237 82 14 30 68 0
4161 ORDER 6238 83 7 37 67 0
4162 ORDER 6239 82 9 3 32 3
4163 UNBLOCK 30 36
4163 ORDER 6240 94 20 90 68 0
4163 ORDER 6241 62 59 3 9 0
4164 CANCEL 6151
4164 ORDER 6242 94 59 98 67 1
4164 ORDER 6243 46 11 1 29 0
4165 ORDER 6244 11 30 33 67 2
4165 ORDER 6245 76 57 72 67 2
4166 ORDER 6246 87 27 1 55 0
4167 ORDER 6247 9 54 31 68 0
4167 BLOCK 73 28
4168 ORDER 6248 31 45 7 67 3
4168 ORDER 6249 94 20 2 1 3
4168 BLOCK 79 5
4169 ORDER 6250 90 18 38 67 3
4169 ORDER 6251 17 51 58 67 0
4170 ORDER 6252 25 63 77 67 2
4170 ORDER 6253 61 48 72 67 0
4171 UNBLOCK 19 39
4171 ORDER 6254 46 8 78 68 1
4171 BLOCK 72 40
4172 ORDER 6255 25 27 92 68 2
4172 ORDER 6256 75 5 1 20 0
4172 BLOCK 67 60
4173 ORDER 6257 9 20 36 67 0
4174 ORDER 6258 94 41 4 68 1
4175 ORDER 6259 73 20 25 67 0
4175 ORDER 6260 54 20 74 67 0
4176 ORDER 6261 52 29 31 68 0
4177 ORDER 6262 58 53 1 13 0
4177 ORDER 6263 14 32 2 51 2
4178 ORDER 6264 24 36 90 68 1
4179 UNBLOCK 59 21
4179 ORDER 6265 51 38 2 15 0
4180 ORDER 6266 68 65 3 46 0
4180 BLOCK 35 3
4181 ORDER 6267 61 21 1 8 2
4181 ORDER 6268 84 62 3 54 0
4182 ORDER 6269 83 47 2 12 0
4182 ORDER 6270 61 21 50 68 0
4183 ORDER 6271 30 41 61 68 0
4183 BLOCK 25 65
4184 UNBLOCK 30 50
4184 UNBLOCK 32 37
4184 ORDER 6272 26 39 1 47 0
4184 ORDER 6273 48 65 36 68 1
4185 ORDER 6274 26 6 50 68 0
4186 ORDER 6275 41 30 1 64 1
4186 BLOCK 82 51
4187 ORDER 6276 39 35 54 68 0
4187 ORDER 6277 56 8 5 67 1
4188 UNBLOCK 51 25
4188 UNBLOCK 13 39
4188 ORDER 6278 26 33 67 67 1
4189 ORDER 6279 32 24 2 28 0
4190 ORDER 6280 81 30 8 68 1
4190 BLOCK 40 36
4191 ORDER 6281 75 50 35 67 1
4192 ORDER 6282 20 53 48 68 1
4193 ORDER 6283 11 30 16 68 1
4194 ORDER 6284 22 54 1 49 1
4195 ORDER 6285 60 41 11 68 0
4195 ORDER 6286 20 32 20 68 0
4196 ORDER 6287 52 45 1 7 0
4197 ORDER 6288 22 5 98 67 0
4198 ORDER 6289 45 53 2 3 0
4199 ORDER 6290 86 62 2 6 0
4199 ORDER 6291 18 33 1 23 1
4200 ORDER 6292 76 53 3 23 1
4200 BLOCK 30 38
4201 ORDER 6293 23 54 14 68 3
4201 BLOCK 12 53
4202 CANCEL 6063
4202 ORDER 6294 9 65 3 1 0
4203 ORDER 6295 9 15 69 68 0
4203 BLOCK 10 41
4204 UNBLOCK 73 28
4204 ORDER 6296 94 3 1 2 0
4205 ORDER 6297 66 24 57 68 0
4206 ORDER 6298 72 55 2 46 0
4206 ORDER 6299 27 33 1 56 2
4207 UNBLOCK 82 51
4207 ORDER 6300 76 6 3 4 0
4208 UNBLOCK 52 57
4208 ORDER 6301 88 18 3 16 1
4208 ORDER 6302 28 35 75 67 1
4209 ORDER 6303 92 56 2 1 0
4210 ORDER 6304 28 27 77 67 0
4210 ORDER 6305 44 5 43 67 2
4211 ORDER 6306 40 47 23 67 1
4211 BLOCK 38 2
4212 ORDER 6307 70 12 38 67 3
4212 ORDER 6308 51 20 37 67 3
4213 ORDER 6309 67 9 87 68 0
4213 ORDER 6310 6 51 86 68 2
4214 CANCEL 6072
4214 ORDER 6311 68 62 96 67 0
4214 ORDER 6312 34 36 47 68 0
4215 UNBLOCK 92 53
4215 ORDER 6313 94 48 2 24 0
4215 ORDER 6314 35 57 3 9 0
4216 CANCEL 6131
4216 ORDER 6315 84 56 48 67 0
4216 BLOCK 90 53
4217 ORDER 6316 55 62 2 60 0
4217 ORDER 6317 54 8 2 26 1
4218 ORDER 6318 60 62 2 65 0
4218 ORDER 6319 60 53 34 68 0
4219 ORDER 6320 57 18 1 19 0
4220 CANCEL 6188
4220 UNBLOCK 35 43
4220 ORDER 6321 50 56 85 68 0
4220 BLOCK 70 42
4221 UNBLOCK 56 51
4221 ORDER 6322 92 48 28 67 3
4221 ORDER 6323 77 21 29 68 0
4222 UNBLOCK 67 60
4222 ORDER 6324 48 38 9 68 0
4222 ORDER 6325 29 11 2 9 0
4223 ORDER 6326 53 12 2 7 0
4224 ORDER 6327 86 54 39 67 0
4225 CANCEL 6310
4225 ORDER 6328 17 29 2 33 0
4225 BLOCK 14 39
4226 ORDER 6329 43 35 3 27 0
4226 BLOCK 11 2
4227 ORDER 6330 18 62 59 68 0
4228 UNBLOCK 38 2
4228 ORDER 6331 56 26 3 20 0
4229 UNBLOCK 35 3
4229 ORDER 6332 34 3 1 22 1
4229 BLOCK 7 47
4230 ORDER 6333 22 33 61 68 0
4230 ORDER 6334 24 29 74 67 0
4231 UNBLOCK 40 36
4231 ORDER 6335 11 30 53 68 0
4232 ORDER 6336 90 23 3 59 1
4232 ORDER 6337 19 3 1 46 2
4233 ORDER 6338 73 33 2 3 0
4233 BLOCK 10 29
4234 UNBLOCK 16 12
4234 ORDER 6339 12 20 1 34 0
4235 ORDER 6340 63 47 16 67 0
4236 ORDER 6341 42 9 93 68 1
4236 ORDER 6342 82 8 30 67 0
4237 ORDER 6343 61 9 3 27 0
4238 ORDER 6344 6 38 1 40 1
4238 BLOCK 88 50
4239 ORDER 6345 52 48 64 68 3
4239 ORDER 6346 75 41 2 23 0
4240 ORDER 6347 48 57 3 32 0
4240 ORDER 6348 6 15 3 53 0
4241 ORDER 6349 43 47 3 60 0
4241 ORDER 6350 45 32 29 67 0
4242 ORDER 6351 23 48 5 68 0
4242 ORDER 6352 42 14 26 67 1
4243 ORDER 6353 28 5 55 68 0
4243 ORDER 6354 56 11 8 68 1
4244 ORDER 6355 46 54 75 68 0
4244 ORDER 6356 95 56 3 5 2
4245 ORDER 6357 94 21 88 67 0
4246 ORDER 6358 77 12 1 6 1
4246 ORDER 6359 50 17 74 67 3
4247 ORDER 6360 47 53 43 68 0
4247 ORDER 6361 26 18 2 26 0
4248 CANCEL 6289
4248 ORDER 6362 9 24 1 47 0
4249 ORDER 6363 65 62 1 56 0
4249 ORDER 6364 72 21 59 68 2
4250 ORDER 6365 53 59 2 6 0
4250 ORDER 6366 61 48 43 68 0
4251 ORDER 6367 79 39 1 10 0
4251 BLOCK 16 41
4252 CANCEL 6331
4252 UNBLOCK 7 47
4252 ORDER 6368 90 57 16 68 0
4253 UNBLOCK 10 41
4253 ORDER 6369 94 39 11 68 0
4253 ORDER 6370 92 8 6 67 2
4253 BLOCK 93 54
4254 ORDER 6371 74 5 1 30 1
4255 ORDER 6372 35 21 1 37 0
4255 ORDER 6373 10 11 2 14 3
4256 UNBLOCK 79 5
4256 UNBLOCK 90 53
4256 ORDER 6374 81 29 65 67 0
4256 ORDER 6375 16 60 1 52 1
4257 ORDER 6376 31 47 32 67 0
4258 ORDER 6377 30 45 5 67 2
4258 BLOCK 85 32
4259 ORDER 6378 95 3 61 67 2
4260 ORDER 6379 72 6 2 50 1
4260 ORDER 6380 11 15 2 35 0
4261 ORDER 6381 6 17 97 67 0
4262 UNBLOCK 72 40
4262 ORDER 6382 93 56 1 62 0
4263 UNBLOCK 10 29
4263 ORDER 6383 43 35 33 67 1
4263 ORDER 6384 12 15 42 68 0
4264 ORDER 6385 73 41 3 65 3
4264 ORDER 6386 67 45 31 68 3
4265 UNBLOCK 12 53
4265 UNBLOCK 88 50
4265 ORDER 6387 73 12 68 67 0
4265 ORDER 6388 59 51 24 68 0
4266 ORDER 6389 75 38 25 68 0
4266 ORDER 6390 95 65 19 67 0
4267 ORDER 6391 18 60 1 32 0
4268 ORDER 6392 82 38 1 4 0
4268 ORDER 6393 47 65 17 68 0
4269 ORDER 6394 51 36 2 55 0
4269 ORDER 6395 7 15 3 27 0
4270 UNBLOCK 25 65
4270 ORDER 6396 94 62 59 67 1
4271 ORDER 6397 62 3 9 68 0
4272 ORDER 6398 40 48 74 68 1
4272 ORDER 6399 55 23 78 67 0
4273 CANCEL 6272
4273 ORDER 6400 54 44 46 68 0
4273 BLOCK 7 11
4274 UNBLOCK 70 42
4274 ORDER 6401 52 51 3 58 0
4275 ORDER 6402 18 48 2 36 1
4275 ORDER 6403 79 57 80 68 0
4276 ORDER 6404 51 63 11 67 1
4276 ORDER 6405 22 3 2 3 1
4277 ORDER 6406 32 5 56 67 0
4278 ORDER 6407 38 17 2 59 0
4278 ORDER 6408 37 59 1 54 0
4279 ORDER 6409 62 42 2 21 0
4280 ORDER 6410 19 11 91 67 0
4281 UNBLOCK 16 41
4281 ORDER 6411 27 5 2 14 0
4281 ORDER 6412 40 27 3 64 0
4282 UNBLOCK 30 38
4282 ORDER 6413 40 12 2 52 2
4283 ORDER 6414 79 24 1 29 0
4283 ORDER 6415 62 38 26 67 0
4284 ORDER 6416 11 39 1 33 0
4284 ORDER 6417 8 53 55 68 0
4285 ORDER 6418 69 14 3 29 0
4286 ORDER 6419 54 30 2 11 1
4286 BLOCK 5 24
4287 ORDER 6420 25 51 91 67 0
4287 ORDER 6421 50 32 17 68 0
4288 ORDER 6422 75 30 2 56 0
4288 ORDER 6423 83 28 98 67 1
4289 ORDER 6424 55 18 41 67 0
4290 ORDER 6425 59 65 98 67 0
4290 ORDER 6426 67 15 1 27 0
4291 ORDER 6427 48 54 2 37 0
4292 ORDER 6428 68 62 98 67 0
4292 ORDER 6429 50 29 1 16 0
4293 ORDER 6430 49 47 1 33 0
4294 ORDER 6431 11 15 76 68 0
4295 ORDER 6432 51 33 54 68 2
4295 ORDER 6433 11 20 90 68 0
4295 BLOCK 61 35
4296 UNBLOCK 7 11
4296 ORDER 6434 95 42 1 51 0
4297 ORDER 6435 74 62 1 61 0
4298 ORDER 6436 60 39 35 67 1
4298 ORDER 6437 32 54 1 11 3
4299 ORDER 6438 15 11 98 67 1
4299 ORDER 6439 68 29 58 67 2
4300 ORDER 6440 33 12 4 68 1
4300 ORDER 6441 18 33 2 40 2
4301 ORDER 6442 20 56 78 68 0
4301 ORDER 6443 72 3 2 31 0
4301 BLOCK 36 56
4302 ORDER 6444 91 3 2 31 0
4303 UNBLOCK 85 32
4303 ORDER 6445 75 9 12 67 1
4304 ORDER 6446 41 60 19 67 0
4304 ORDER 6447 40 57 27 68 1
4305 UNBLOCK 14 39
4305 UNBLOCK 5 24
4305 ORDER 6448 94 18 19 68 0
4305 ORDER 6449 57 5 1 10 2
4305 BLOCK 62 12
4306 ORDER 6450 40 24 1 31 1
4306 ORDER 6451 8 21 48 68 1
4307 ORDER 6452 31 39 59 68 2
4307 BLOCK 67 45
4308 ORDER 6453 88 14 76 67 1
4308 ORDER 6454 19 53 1 7 0
4309 ORDER 6455 93 12 3 19 0
4310 ORDER 6456 78 41 3 28 0
4310 ORDER 6457 47 24 2 13 0
4311 ORDER 6458 46 53 3 15 2
4312 ORDER 6459 24 5 1 59 0
4312 ORDER 6460 29 14 1 62 1
4313 ORDER 6461 38 59 2 30 2
4313 ORDER 6462 88 38 2 32 2
4314 ORDER 6463 65 17 78 67 0
4314 BLOCK 87 51
4315 UNBLOCK 93 54
4315 ORDER 6464 66 9 2 18 2
4315 BLOCK 21 41
4316 ORDER 6465 6 53 96 68 1
4316 ORDER 6466 85 62 2 30 1
4317 ORDER 6467 52 57 1 6 1
4317 ORDER 6468 35 63 1 67 0
4318 ORDER 6469 23 21 3 39 1
4319 ORDER 6470 8 11 1 49 0
4319 ORDER 6471 16 51 93 67 0
4320 ORDER 6472 13 47 1 35 0
4321 CANCEL 6364
4321 ORDER 6473 55 54 11 68 1
4321 ORDER 6474 39 44 49 67 0
4321 BLOCK 19 59
4322 ORDER 6475 7 33 1 5 0
4323 UNBLOCK 11 2
4323 UNBLOCK 67 45
4323 ORDER 6476 20 35 88 67 0
4324 ORDER 6477 62 41 2 30 0
4325 ORDER 6478 73 35 57 68 0
4326 ORDER 6479 76 29 1 4 0
4327 ORDER 6480 42 5 86 67 1
4328 ORDER 6481 71 36 2 32 1
4328 BLOCK 33 20
4329 ORDER 6482 79 57 64 67 3
4330 ORDER 6483 33 54 68 67 1
4330 ORDER 6484 53 51 1 61 0
4331 ORDER 6485 7 15 1 22 1
4332 ORDER 6486 40 56 2 5 1
4333 ORDER 6487 10 39 2 56 0
4334 UNBLOCK 36 56
4334 ORDER 6488 74 30 1 48 2
4335 ORDER 6489 20 59 3 55 0
4335 ORDER 6490 52 12 22 67 3
4336 ORDER 6491 71 5 2 44 1
4337 CANCEL 6226
4337 CANCEL 6397
4337 ORDER 6492 21 57 93 68 2
4337 ORDER 6493 92 48 71 68 0
4338 ORDER 6494 27 41 3 20 1
4339 ORDER 6495 79 21 1 25 0
4340 UNBLOCK 19 59
4340 ORDER 6496 43 9 3 33 1
4340 ORDER 6497 95 65 33 68 0
4341 ORDER 6498 46 59 2 35 1
4341 ORDER 6499 61 21 1 9 3
4341 BLOCK 31 2
4342 ORDER 6500 95 20 2 45 1
4342 BLOCK 24 9
4343 ORDER 6501 56 18 39 68 0
4344 ORDER 6502 17 38 94 67 2
4345 ORDER 6503 45 36 47 67 2
4346 ORDER 6504 29 8 3 37 1
4346 BLOCK 30 9
4347 ORDER 6505 68 27 64 68 1
4348 ORDER 6506 38 53 1 4 0
4348 ORDER 6507 8 48 25 68 1
4349 ORDER 6508 28 9 68 67 1
4350 ORDER 6509 18 51 28 68 0
4350 ORDER 6510 55 23 3 61 0
4351 ORDER 6511 93 35 23 68 1
4352 ORDER 6512 74 6 24 68 2
4352 ORDER 6513 8 47 84 68 0
4353 ORDER 6514 43 9 8 68 1
4354 UNBLOCK 33 20
4354 ORDER 6515 18 30 73 67 0
4354 ORDER 6516 64 51 1 10 0
4355 ORDER 6517 54 45 3 31 0
4355 ORDER 6518 35 15 2 47 1
4356 ORDER 6519 49 39 1 27 1
4357 ORDER 6520 33 65 1 21 0
4357 ORDER 6521 93 63 3 42 0
4358 ORDER 6522 22 24 3 46 0
4359 ORDER 6523 23 56 58 68 0
4359 ORDER 6524 28 41 37 67 2
4359 BLOCK 61 24
4360 ORDER 6525 81 29 6 67 0
4361 ORDER 6526 63 47 77 67 1
4361 ORDER 6527 69 29 45 67 1
4362 ORDER 6528 94 21 2 50 0
4362 ORDER 6529 18 29 84 68 0
4363 CANCEL 6399
4363 ORDER 6530 6 8 37 67 0
4363 ORDER 6531 38 33 25 68 1
4364 UNBLOCK 21 41
4364 UNBLOCK 24 9
4364 ORDER 6532 94 18 61 67 0
4364 ORDER 6533 17 41 65 68 1
4365 ORDER 6534 62 27 50 68 1
4366 ORDER 6535 7 27 2 28 1
4367 CANCEL 6292
4367 ORDER 6536 49 8 92 68 0
4368 ORDER 6537 48 20 2 34 0
4368 ORDER 6538 33 48 39 67 0
4368 BLOCK 62 45
4369 ORDER 6539 20 27 3 63 1
4370 ORDER 6540 28 47 3 9 1
4370 ORDER 6541 7 5 3 19 0
4371 ORDER 6542 48 54 64 68 0
4371 ORDER 6543 18 27 1 27 0
4372 ORDER 6544 83 65 2 41 1
4373 ORDER 6545 61 27 18 67 0
4374 UNBLOCK 62 12
4374 UNBLOCK 31 2
4374 ORDER 6546 49 62 31 67 0
4375 ORDER 6547 16 9 3 38 0
4376 ORDER 6548 28 54 35 67 0
4376 ORDER 6549 48 8 2 6 0
4377 ORDER 6550 58 60 98 67 0
4377 ORDER 6551 28 44 3 57 0
4378 ORDER 6552 6 8 67 67 1
4378 ORDER 6553 86 15 42 68 0
4379 ORDER 6554 17 44 12 67 1
4379 ORDER 6555 10 50 3 16 3
4379 BLOCK 40 33
4380 ORDER 6556 75 54 2 10 0
4380 BLOCK 38 66
4381 ORDER 6557 87 27 1 20 0
4381 ORDER 6558 93 8 22 68 0
4381 BLOCK 11 63
4382 ORDER 6559 48 3 3 17 0
4383 ORDER 6560 25 17 2 12 3
4383 ORDER 6561 16 26 3 16 1
4384 ORDER 6562 61 41 1 33 1
4384 ORDER 6563 77 59 3 60 3
4385 ORDER 6564 72 29 23 68 1
4386 UNBLOCK 61 35
4386 ORDER 6565 82 38 1 15 0
4386 ORDER 6566 7 26 93 67 2
4386 BLOCK 11 2
4387 ORDER 6567 46 3 93 67 0
4387 ORDER 6568 54 32 36 68 0
4388 ORDER 6569 61 63 1 27 0
4388 ORDER 6570 34 53 2 16 1
4389 ORDER 6571 69 65 3 35 0
4389 ORDER 6572 70 42 2 44 1
4390 ORDER 6573 19 32 1 19 0
4391 ORDER 6574 47 60 10 67 0
4391 BLOCK 60 55
4392 ORDER 6575 54 59 25 67 1
4392 ORDER 6576 10 14 30 67 0
4392 BLOCK 10 59
4393 ORDER 6577 90 5 6 68 3
4393 ORDER 6578 78 14 10 67 1
4394 ORDER 6579 39 35 3 66 0
4394 ORDER 6580 69 29 22 67 0
4394 BLOCK 16 40
4395 ORDER 6581 59 27 45 67 0
4396 ORDER 6582 64 3 2 13 1
4396 BLOCK 12 57
4397 CANCEL 6468
4397 ORDER 6583 32 46 2 68 0
4397 ORDER 6584 18 11 86 67 0
4398 ORDER 6585 12 6 1 3 0
4398 ORDER 6586 29 63 56 68 1
4399 ORDER 6587 25 32 14 68 1
4399 ORDER 6588 64 63 15 67 0
4400 ORDER 6589 25 36 70 68 1
4401 ORDER 6590 44 39 3 33 0
4401 ORDER 6591 64 56 1 12 0
4402 ORDER 6592 14 27 1 23 0
4402 ORDER 6593 37 27 53 68 1
4403 ORDER 6594 95 30 68 68 1
4403 ORDER 6595 29 17 3 9 1
4403 BLOCK 83 18
4404 ORDER 6596 23 51 1 46 1
4404 ORDER 6597 70 24 2 23 1
4405 UNBLOCK 16 40
4405 ORDER 6598 64 65 59 67 1
4405 ORDER 6599 85 53 1 50 1
4405 BLOCK 7 42
4406 ORDER 6600 35 30 3 22 0
4407 ORDER 6601 51 33 26 67 0
4408 ORDER 6602 11 53 3 11 0
4409 ORDER 6603 66 54 35 68 2
4409 ORDER 6604 49 5 1 36 0
4410 ORDER 6605 61 20 2 3 0
4411 ORDER 6606 28 42 1 25 0
4412 UNBLOCK 87 51
4412 ORDER 6607 11 29 1 48 0
4412 ORDER 6608 84 39 85 68 1
4413 UNBLOCK 40 33
4413 ORDER 6609 10 33 60 67 2
4413 BLOCK 80 3
4414 UNBLOCK 11 63
4414 ORDER 6610 34 27 3 58 1
4415 CANCEL 6408
4415 ORDER 6611 29 47 70 67 1
4415 BLOCK 41 33
4416 ORDER 6612 54 47 9 67 0
4417 ORDER 6613 19 44 3 24 0
4418 ORDER 6614 41 47 34 67 0
4418 ORDER 6615 90 56 27 68 0
4419 CANCEL 6412
4419 UNBLOCK 30 9
4419 ORDER 6616 66 33 3 26 1
4419 ORDER 6617 28 17 3 56 1
4420 CANCEL 6578
4420 ORDER 6618 15 15 1 35 0
4420 ORDER 6619 28 32 10 68 0
4421 ORDER 6620 77 8 3 8 0
4421 ORDER 6621 18 11 1 43 0
4422 CANCEL 6532
4422 ORDER 6622 29 26 89 67 0
4422 ORDER 6623 66 60 3 53 0
4423 UNBLOCK 61 24
4423 ORDER 6624 18 20 1 45 3
4423 ORDER 6625 85 17 1 16 1
4424 ORDER 6626 88 45 66 68 1
4424 ORDER 6627 58 45 47 67 2
4425 ORDER 6628 54 12 2 22 1
4425 ORDER 6629 57 50 66 68 0
4426 ORDER 6630 58 56 20 68 0
4426 BLOCK 64 14
4427 ORDER 6631 62 50 2 22 0
4428 UNBLOCK 62 45
4428 ORDER 6632 9 23 3 48 0
4428 ORDER 6633 65 38 1 53 2
4429 UNBLOCK 11 2
4429 ORDER 6634 64 6 1 59 2
4429 ORDER 6635 38 59 50 68 0
4430 ORDER 6636 86 27 2 1 0
4430 ORDER 6637 37 17 2 54 0
4430 BLOCK 12 56
4431 CANCEL 6342
4431 ORDER 6638 66 17 1 63 0
4432 ORDER 6639 38 27 3 37 1
4432 ORDER 6640 92 12 43 68 0
4433 ORDER 6641 58 15 3 68 1
4433 ORDER 6642 6 56 19 68 0
4434 ORDER 6643 38 36 45 67 0
4434 ORDER 6644 26 38 93 68 0
4435 UNBLOCK 7 42
4435 ORDER 6645 17 48 24 68 0
4435 ORDER 6646 88 20 77 67 0
4436 ORDER 6647 40 65 39 68 0
4437 ORDER 6648 43 15 3 65 0
4437 ORDER 6649 63 57 2 39 0
4438 ORDER 6650 69 50 18 67 0
4438 ORDER 6651 92 35 1 43 0
4438 BLOCK 52 47
4439 UNBLOCK 38 66
4439 UNBLOCK 80 3
4439 ORDER 6652 58 51 30 67 1
4440 ORDER 6653 8 32 3 53 0
4441 ORDER 6654 14 27 92 67 3
4442 ORDER 6655 10 38 83 67 2
4442 ORDER 6656 12 35 64 68 0
4443 UNBLOCK 10 59
4443 ORDER 6657 24 50 7 67 0
4443 ORDER 6658 78 35 3 33 0
4443 BLOCK 47 57
4444 ORDER 6659 54 30 2 52 0
4445 UNBLOCK 12 57
4445 ORDER 6660 27 26 38 68 3
4445 ORDER 6661 18 18 16 67 1
4446 ORDER 6662 13 29 3 29 0
4446 ORDER 6663 81 45 1 3 0
4447 ORDER 6664 58 53 36 68 3
4447 ORDER 6665 90 27 22 68 1
4447 BLOCK 30 21
4448 ORDER 6666 67 51 40 68 0
4449 ORDER 6667 74 26 15 67 1
4450 ORDER 6668 51 48 3 55 0
4451 ORDER 6669 67 20 2 13 0
4451 ORDER 6670 6 38 3 63 0
4452 ORDER 6671 29 36 2 13 0
4452 ORDER 6672 40 21 27 68 0
4453 ORDER 6673 60 39 2 28 2
4453 ORDER 6674 65 23 52 68 0
4454 ORDER 6675 73 62 91 68 0
4455 ORDER 6676 67 47 1 16 0
4456 ORDER 6677 94 30 1 42 0
4457 ORDER 6678 29 45 2 51 1
4458 UNBLOCK 64 14
4458 UNBLOCK 12 56
4458 ORDER 6679 64 5 3 40 0
4458 BLOCK 75 39
4459 ORDER 6680 70 18 87 68 1
4459 ORDER 6681 73 32 17 67 0
4460 ORDER 6682 77 48 1 9 1
4461 ORDER 6683 32 12 13 68 2
4462 ORDER 6684 77 6 79 68 0
4463 CANCEL 6396
4463 ORDER 6685 6 50 3 42 0
4463 ORDER 6686 54 32 43 67 0
4464 CANCEL 6507
4464 ORDER 6687 35 59 69 67 0
4464 ORDER 6688 25 11 1 65 0
4464 BLOCK 20 45
4465 ORDER 6689 50 60 2 28 1
4466 ORDER 6690 6 17 89 67 1
4466 BLOCK 68 35
4467 ORDER 6691 38 55 93 68 1
4467 ORDER 6692 34 57 1 46 2
4468 ORDER 6693 8 62 5 67 0
4469 ORDER 6694 61 50 37 67 0
4469 ORDER 6695 43 18 26 67 0
4470 ORDER 6696 69 29 22 67 0
4471 ORDER 6697 62 44 30 67 1
4472 ORDER 6698 52 51 1 31 0
4472 ORDER 6699 93 17 3 43 3
4473 CANCEL 6566
4473 ORDER 6700 53 51 1 50 0
4473 ORDER 6701 28 47 2 20 3
4474 ORDER 6702 81 11 83 68 0
4474 ORDER 6703 41 50 3 47 0
4474 BLOCK 89 34
4475 UNBLOCK 75 39
4475 ORDER 6704 16 57 2 14 0
4476 CANCEL 6671
4476 ORDER 6705 89 38 1 57 0
4477 ORDER 6706 70 57 64 67 0
4478 UNBLOCK 41 33
4478 ORDER 6707 93 29 72 68 0
4478 ORDER 6708 23 38 2 61 0
4479 ORDER 6709 56 6 3 30 0
4480 ORDER 6710 24 32 68 67 0
4480 ORDER 6711 82 3 58 67 0
4481 ORDER 6712 67 9 50 68 2
4481 BLOCK 91 24
4482 ORDER 6713 59 5 29 68 0
4482 ORDER 6714 45 8 89 68 0
4483 CANCEL 6592
4483 ORDER 6715 10 15 2 23 0
4483 ORDER 6716 63 24 83 68 3
4484 ORDER 6717 52 39 2 39 1
4485 UNBLOCK 83 18
4485 ORDER 6718 56 21 45 68 2
4485 ORDER 6719 55 6 19 67 1
4486 ORDER 6720 60 6 1 61 0
4487 UNBLOCK 60 55
4487 ORDER 6721 25 9 1 24 0
4487 ORDER 6722 88 40 62 67 0
4488 ORDER 6723 76 60 1 39 0
4489 ORDER 6724 10 23 1 55 1
4489 ORDER 6725 93 35 2 14 2
4490 ORDER 6726 70 17 36 68 0
4491 CANCEL 6630
4491 ORDER 6727 48 20 80 68 0
4491 ORDER 6728 31 42 29 67 2
4491 BLOCK 65 36
4492 ORDER 6729 93 41 74 68 0
4493 ORDER 6730 16 42 16 67 1
4493 ORDER 6731 92 27 3 31 2
4493 BLOCK 63 3
4494 ORDER 6732 18 27 1 43 3
4495 UNBLOCK 30 21
4495 ORDER 6733 38 6 32 68 1
4496 ORDER 6734 60 9 3 50 2
4496 ORDER 6735 36 21 51 68 1
4497 ORDER 6736 55 47 1 40 0
4498 ORDER 6737 9 5 1 24 0
4498 ORDER 6738 59 33 41 68 0
4499 ORDER 6739 45 6 94 68 3
4500 UNBLOCK 89 34
4500 ORDER 6740 95 44 1 34 0
4500 ORDER 6741 18 8 28 67 0
4500 BLOCK 53 51
4501 UNBLOCK 20 45
4501 ORDER 6742 93 35 97 67 2
4502 ORDER 6743 59 15 95 67 0
4502 ORDER 6744 56 57 56 67 1
4503 ORDER 6745 35 36 40 68 2
4503 BLOCK 50 11
4504 ORDER 6746 18 18 3 38 0
4505 ORDER 6747 74 5 74 67 0
4505 ORDER 6748 80 21 1 37 3
4505 BLOCK 22 66
4506 ORDER 6749 86 9 11 67 1
4506 ORDER 6750 77 53 38 68 0
4507 ORDER 6751 51 63 7 67 2
4508 ORDER 6752 41 5 84 68 2
4509 ORDER 6753 40 20 74 67 2
4509 BLOCK 54 12
4510 UNBLOCK 47 57
4510 ORDER 6754 50 30 93 67 0
4511 ORDER 6755 95 65 3 52 1
4511 ORDER 6756 87 8 94 67 1
4512 ORDER 6757 49 20 20 67 0
4512 ORDER 6758 35 18 1 1 1
4513 UNBLOCK 53 51
4513 ORDER 6759 49 50 70 67 1
4513 ORDER 6760 17 20 90 67 0
4514 ORDER 6761 71 35 1 48 0
4514 BLOCK 43 45
4515 ORDER 6762 77 18 3 18 0
4515 ORDER 6763 38 26 3 6 0
4516 ORDER 6764 86 50 13 67 0
4516 ORDER 6765 37 8 2 14 1
4517 ORDER 6766 65 8 31 67 0
4517 ORDER 6767 58 50 70 67 0
4518 ORDER 6768 16 36 2 31 0
4518 ORDER 6769 85 50 70 68 0
4518 BLOCK 28 42
4519 ORDER 6770 84 14 52 67 0
4519 ORDER 6771 68 14 1 5 0
4520 ORDER 6772 10 20 2 64 0
4520 ORDER 6773 27 38 3 5 0
4521 ORDER 6774 86 50 90 67 0
4521 BLOCK 85 15
4522 ORDER 6775 44 5 1 55 0
4523 CANCEL 6750
4523 ORDER 6776 20 35 96 67 0
4523 ORDER 6777 48 39 3 30 0
4524 UNBLOCK 52 47
4524 ORDER 6778 95 45 14 68 1
4524 ORDER 6779 45 30 1 68 0
4525 ORDER 6780 32 51 66 67 0
4526 ORDER 6781 40 12 29 68 3
4526 BLOCK 58 5
4527 ORDER 6782 95 35 2 40 0
4527 ORDER 6783 46 6 59 67 0
4528 ORDER 6784 68 45 2 68 0
4528 BLOCK 80 50
4529 UNBLOCK 68 35
4529 ORDER 6785 49 62 73 68 0
4529 ORDER 6786 32 5 80 68 2
4530 ORDER 6787 84 20 55 67 0
4530 BLOCK 78 35
4531 UNBLOCK 63 3
4531 ORDER 6788 82 12 3 26 3
4531 BLOCK 34 59
4532 ORDER 6789 57 62 2 63 0
4533 ORDER 6790 92 48 2 67 0
4533 BLOCK 94 67
4534 ORDER 6791 7 51 82 67 0
4534 ORDER 6792 73 17 3 23 1
4534 BLOCK 57 5
4535 ORDER 6793 40 18 72 68 3
4535 ORDER 6794 77 11 17 67 1
4536 ORDER 6795 50 26 2 62 2
4536 ORDER 6796 78 7 1 48 0
4537 ORDER 6797 11 59 78 68 1
4537 ORDER 6798 30 18 41 67 2
4538 ORDER 6799 19 27 1 41 0
4539 UNBLOCK 54 12
4539 ORDER 6800 28 53 3 7 0
4539 ORDER 6801 13 48 86 67 1
4540 ORDER 6802 49 56 2 14 0
4540 BLOCK 40 66
4541 UNBLOCK 43 45
4541 ORDER 6803 50 24 79 67 0
4542 CANCEL 6519
4542 ORDER 6804 23 14 84 67 1
4542 ORDER 6805 19 42 2 65 1
4543 ORDER 6806 84 44 1 40 2
4543 BLOCK 10 15
4544 ORDER 6807 84 60 2 1 1
4544 ORDER 6808 41 38 3 25 0
4545 ORDER 6809 41 27 3 3 1
4545 CANCEL 106809
4545 BLOCK 76 46
4546 UNBLOCK 65 36
4546 UNBLOCK 80 50
4546 UNBLOCK 78 35
4546 ORDER 6810 11 29 1 43 0
4546 ORDER 6811 49 49 3 24 0
4546 BLOCK 95 67
4547 ORDER 6812 89 38 1 13 0
4547 ORDER 6813 26 8 1 7 1
4548 ORDER 6814 69 24 57 67 2
4548 ORDER 6815 15 3 1 40 0
4549 UNBLOCK 50 11
4549 ORDER 6816 31 24 2 25 0
4550 ORDER 6817 47 26 26 68 0
4550 ORDER 6818 73 18 2 42 0
4551 ORDER 6819 7 62 3 64 0
4552 ORDER 6820 11 20 3 47 2
4552 ORDER 6821 79 38 90 68 0
4553 ORDER 6822 89 39 1 59 0
4553 ORDER 6823 69 48 42 67 1
4554 UNBLOCK 85 15
4554 ORDER 6824 74 9 56 67 1
4555 ORDER 6825 95 3 56 67 0
4556 ORDER 6826 69 53 3 31 0
4557 ORDER 6827 8 39 2 34 0
4557 ORDER 6828 79 29 10 68 2
4558 ORDER 6829 83 6 14 68 1
4559 ORDER 6830 6 38 25 68 3
4559 BLOCK 9 11
4560 UNBLOCK 22 66
4560 ORDER 6831 50 63 88 68 1
4560 ORDER 6832 51 12 1 30 0
4561 ORDER 6833 26 60 3 32 0
4561 ORDER 6834 38 11 1 44 0
4562 ORDER 6835 46 56 2 10 0
4562 ORDER 6836 80 18 2 15 2
4563 ORDER 6837 57 17 2 11 1
4564 ORDER 6838 80 51 1 45 1
4565 ORDER 6839 31 30 3 15 2
4565 ORDER 6840 17 36 75 67 0
4566 UNBLOCK 94 67
4566 ORDER 6841 56 8 92 68 0
4566 ORDER 6842 49 39 12 67 1
4567 ORDER 6843 30 50 72 68 1
4568 ORDER 6844 93 11 3 56 2
4568 ORDER 6845 38 45 1 35 1
4569 ORDER 6846 90 27 1 20 0
4569 ORDER 6847 95 32 1 54 0
4570 ORDER 6848 40 48 60 67 1
4570 BLOCK 42 5
4571 ORDER 6849 93 24 8 68 0
4572 ORDER 6850 93 24 3 7 2
4572 BLOCK 75 9
4573 UNBLOCK 28 42
4573 ORDER 6851 8 30 4 68 0
4573 ORDER 6852 13 21 67 67 1
4574 CANCEL 6724
4574 ORDER 6853 81 56 79 68 0
4574 ORDER 6854 84 57 47 68 1
4575 ORDER 6855 26 53 1 58 0
4576 ORDER 6856 30 24 20 67 0
4576 BLOCK 44 17
4577 ORDER 6857 66 38 3 6 1
4578 ORDER 6858 52 12 68 68 1
4578 ORDER 6859 21 6 77 67 0
4578 BLOCK 43 11
4579 ORDER 6860 54 44 4 68 2
4579 ORDER 6861 83 60 95 68 0
4580 ORDER 6862 54 23 59 68 0
4580 ORDER 6863 57 6 87 67 0
4581 UNBLOCK 91 24
4581 ORDER 6864 19 42 8 68 0
4582 ORDER 6865 29 63 1 44 1
4582 ORDER 6866 22 6 3 12 0
4583 ORDER 6867 6 15 2 56 0
4583 ORDER 6868 58 17 40 67 0
4583 BLOCK 29 26
4584 ORDER 6869 19 15 1 13 3
4584 ORDER 6870 27 11 3 40 0
4585 ORDER 6871 63 8 73 67 1
4586 ORDER 6872 33 12 2 57 0
4586 ORDER 6873 76 44 2 29 0
4586 CANCEL 106873
4586 BLOCK 22 5
4587 ORDER 6874 36 42 1 26 1
4587 ORDER 6875 78 59 36 68 2
4587 BLOCK 74 66
4588 ORDER 6876 7 18 77 67 0
4588 ORDER 6877 37 30 2 65 0
4589 ORDER 6878 54 6 2 44 0
4590 ORDER 6879 23 42 2 65 0
4590 ORDER 6880 75 29 1 63 0
4591 ORDER 6881 73 26 2 31 0
4591 ORDER 6882 47 8 3 43 2
4591 BLOCK 18 17
4592 ORDER 6883 39 47 2 13 2
4592 ORDER 6884 64 62 11 68 2
4593 ORDER 6885 79 26 26 68 0
4594 ORDER 6886 91 33 2 40 0
4595 ORDER 6887 81 59 74 67 0
4595 ORDER 6888 82 27 3 25 0
4596 ORDER 6889 92 29 28 68 0
4597 ORDER 6890 9 14 28 68 3
4597 ORDER 6891 6 15 48 67 0
4598 ORDER 6892 11 54 28 68 2
4598 ORDER 6893 46 18 44 67 0
4599 ORDER 6894 68 20 1 2 3
4600 ORDER 6895 24 53 2 2 0
4600 ORDER 6896 7 11 3 61 1
4601 ORDER 6897 93 8 20 68 0
4602 ORDER 6898 57 54 3 20 1
4602 ORDER 6899 49 63 2 6 0
4603 UNBLOCK 22 5
4603 ORDER 6900 67 26 36 68 0
4604 ORDER 6901 24 20 3 21 0
4604 ORDER 6902 41 48 63 68 0
4605 ORDER 6903 12 17 92 68 0
4606 ORDER 6904 95 42 2 12 0
4606 ORDER 6905 6 26 23 67 0
4607 ORDER 6906 90 12 12 68 1
4607 ORDER 6907 17 41 1 26 0
4607 BLOCK 95 11
4608 UNBLOCK 95 67
4608 ORDER 6908 33 44 2 3 0
4608 ORDER 6909 24 30 2 14 1
4609 UNBLOCK 76 46
4609 ORDER 6910 10 62 2 63 0
4609 ORDER 6911 37 18 38 67 2
4610 UNBLOCK 29 26
4610 ORDER 6912 87 8 1 13 0
4611 CANCEL 6881
4611 ORDER 6913 35 32 1 63 2
4611 ORDER 6914 79 59 71 68 1
4612 ORDER 6915 29 60 23 68 0
4613 ORDER 6916 67 24 1 64 1
4613 ORDER 6917 8 62 1 63 3
4614 ORDER 6918 86 17 19 67 1
4614 ORDER 6919 32 33 64 68 0
4615 ORDER 6920 69 32 3 9 1
4615 ORDER 6921 79 18 51 68 0
4615 BLOCK 17 20
4616 UNBLOCK 58 5
4616 UNBLOCK 34 59
4616 ORDER 6922 33 41 1 54 1
4617 UNBLOCK 9 11
4617 ORDER 6923 28 27 2 14 0
4617 BLOCK 78 47
4618 ORDER 6924 17 11 2 28 1
4618 ORDER 6925 7 44 1 43 1
4619 ORDER 6926 6 56 1 61 0
4620 UNBLOCK 95 11
4620 ORDER 6927 46 62 26 68 0
4620 ORDER 6928 72 30 57 68 1
4621 ORDER 6929 76 62 32 67 1
4622 ORDER 6930 20 21 3 27 2
4622 ORDER 6931 39 34 1 41 1
4622 BLOCK 60 18
4623 UNBLOCK 75 9
4623 ORDER 6932 40 54 8 67 2
4623 ORDER 6933 61 45 1 3 1
4624 ORDER 6934 79 29 17 67 0
4624 ORDER 6935 37 32 3 17 0
4625 UNBLOCK 18 17
4625 ORDER 6936 7 44 33 68 0
4625 ORDER 6937 46 44 51 67 0
4626 UNBLOCK 57 5
4626 ORDER 6938 28 3 1 29 0
4626 ORDER 6939 20 56 1 5 3
4627 ORDER 6940 12 54 3 58 1
4628 ORDER 6941 44 57 38 67 0
4628 ORDER 6942 63 6 32 68 0
4629 ORDER 6943 64 62 3 56 0
4629 ORDER 6944 46 59 24 68 1
4630 ORDER 6945 10 21 58 67 0
4630 ORDER 6946 89 27 97 67 0
4631 ORDER 6947 29 47 1 20 0
4632 ORDER 6948 30 14 82 67 0
4632 ORDER 6949 59 51 86 68 0
4633 UNBLOCK 10 15
4633 ORDER 6950 47 39 1 58 2
4633 ORDER 6951 8 30 12 67 0
4634 ORDER 6952 6 14 63 67 0
4634 BLOCK 91 52
4635 ORDER 6953 47 50 2 29 0
4635 ORDER 6954 29 54 50 67 0
4636 ORDER 6955 31 39 1 54 0
4637 ORDER 6956 89 47 2 25 0
4638 UNBLOCK 40 66
4638 ORDER 6957 21 35 22 67 2
4639 ORDER 6958 73 26 38 68 0
4640 ORDER 6959 62 39 77 67 1
4640 BLOCK 76 33
4641 UNBLOCK 44 17
4641 CANCEL 6952
4641 ORDER 6960 20 15 2 46 2
4641 ORDER 6961 19 44 44 68 1
4642 ORDER 6962 19 27 1 60 0
4642 BLOCK 23 44
4643 ORDER 6963 79 27 1 39 0
4644 ORDER 6964 44 30 3 40 2
4644 ORDER 6965 14 38 3 6 0
4645 CANCEL 6789
4645 ORDER 6966 60 9 16 67 1
4645 ORDER 6967 32 29 2 60 0
4646 UNBLOCK 42 5
4646 ORDER 6968 18 39 42 67 1
4647 UNBLOCK 17 20
4647 ORDER 6969 8 18 51 67 1
4647 ORDER 6970 78 20 43 68 1
4648 ORDER 6971 20 20 2 33 0
4649 ORDER 6972 14 14 39 67 0
4650 ORDER 6973 75 3 3 15 0
4651 ORDER 6974 19 47 43 67 0
4651 ORDER 6975 49 12 3 53 0
4652 UNBLOCK 74 66
4652 ORDER 6976 59 20 71 68 1
4652 ORDER 6977 51 17 42 67 0
4653 ORDER 6978 9 42 32 67 0
4654 ORDER 6979 77 21 2 67 0
4654 ORDER 6980 57 11 3 57 1
4655 ORDER 6981 82 27 2 48 1
4656 ORDER 6982 78 41 1 48 0
4657 ORDER 6983 94 35 59 67 0
4657 ORDER 6984 11 63 2 57 0
4658 ORDER 6985 86 39 90 68 0
4658 ORDER 6986 30 30 2 54 0
4659 ORDER 6987 10 48 18 67 0
4659 BLOCK 47 62
4660 ORDER 6988 81 60 1 11 0
4660 ORDER 6989 82 35 3 38 0
4661 ORDER 6990 56 60 2 23 0
4662 UNBLOCK 78 47
4662 ORDER 6991 44 21 3 67 0
4662 ORDER 6992 29 62 3 2 0
4663 ORDER 6993 66 38 1 30 0
4664 UNBLOCK 76 33
4664 ORDER 6994 80 14 1 33 0
4664 BLOCK 38 26
4665 CANCEL 6775
4665 ORDER 6995 7 53 14 67 1
4666 ORDER 6996 17 23 2 57 0
4666 ORDER 6997 14 38 1 26 1
4667 ORDER 6998 69 32 92 68 0
4668 ORDER 6999 7 42 26 67 0
4668 ORDER 7000 17 56 80 67 1
4668 BLOCK 34 66
4669 ORDER 7001 57 39 29 67 0
4669 BLOCK 80 23
4670 ORDER 7002 7 12 64 68 1
4670 ORDER 7003 47 5 90 68 0
4671 UNBLOCK 91 52
4671 ORDER 7004 7 18 2 7 0
4671 ORDER 7005 79 33 3 13 1
4672 ORDER 7006 29 20 76 68 0
4672 ORDER 7007 39 38 2 18 0
4673 ORDER 7008 41 42 59 68 3
4673 BLOCK 92 35
4674 ORDER 7009 36 8 54 67 0
4675 ORDER 7010 65 63 3 32 0
4675 ORDER 7011 86 35 24 68 0
4676 ORDER 7012 50 32 3 42 1
4677 UNBLOCK 43 11
4677 ORDER 7013 7 57 2 13 0
4678 ORDER 7014 40 50 35 67 1
4679 ORDER 7015 10 11 1 37 0
4680 ORDER 7016 46 60 35 67 0
4680 BLOCK 18 60
4681 ORDER 7017 64 5 1 58 0
4681 BLOCK 79 12
4682 CANCEL 7012
4682 ORDER 7018 87 50 2 46 0
4683 ORDER 7019 77 48 36 68 0
4683 BLOCK 38 35
4684 ORDER 7020 30 56 2 45 1
4685 ORDER 7021 43 47 2 18 1
4686 ORDER 7022 52 14 74 68 1
4687 ORDER 7023 75 63 3 65 2
4688 ORDER 7024 6 51 2 42 1
4688 ORDER 7025 87 35 3 53 2
4689 ORDER 7026 94 15 1 67 2
4689 ORDER 7027 80 18 3 63 1
4690 ORDER 7028 38 36 3 66 0
4690 ORDER 7029 95 32 94 67 0
4691 ORDER 7030 47 51 82 67 0
4692 ORDER 7031 75 35 92 68 0
4692 ORDER 7032 66 42 87 67 0
4693 ORDER 7033 54 44 3 67 0
4694 ORDER 7034 72 21 1 32 0
4694 ORDER 7035 69 12 2 1 3
4694 BLOCK 54 3
4695 ORDER 7036 54 15 77 68 3
4695 ORDER 7037 62 41 2 51 0
4696 ORDER 7038 42 36 2 36 3
4696 BLOCK 23 60
4697 ORDER 7039 39 41 2 2 1
4698 ORDER 7040 57 9 16 68 1
4698 ORDER 7041 39 41 1 6 0
4698 BLOCK 23 58
4699 CANCEL 6924
4699 ORDER 7042 73 17 19 68 0
4700 ORDER 7043 79 6 2 3 1
4700 BLOCK 50 9
4701 ORDER 7044 33 29 2 65 1
4701 ORDER 7045 36 12 6 68 1
4702 ORDER 7046 54 56 1 59 1
4702 ORDER 7047 28 41 43 68 0
4703 UNBLOCK 92 35
4703 ORDER 7048 77 30 56 68 0
4703 BLOCK 36 8
4704 ORDER 7049 92 44 3 1 2
4705 ORDER 7050 15 11 79 68 1
4705 BLOCK 23 14
4706 ORDER 7051 22 14 5 67 0
4706 ORDER 7052 16 57 1 61 0
4707 UNBLOCK 60 18
4707 ORDER 7053 20 60 1 3 0
4707 ORDER 7054 58 20 1 5 0
4708 CANCEL 6839
4708 ORDER 7055 78 48 2 40 1
4709 ORDER 7056 73 6 59 68 0
4709 ORDER 7057 67 63 1 1 0
4709 BLOCK 67 11
4710 ORDER 7058 64 32 1 4 0
4710 ORDER 7059 84 12 49 68 3
4711 ORDER 7060 47 3 47 68 1
4712 UNBLOCK 79 12
4712 ORDER 7061 14 5 2 27 1
4712 ORDER 7062 19 12 1 55 1
4713 ORDER 7063 80 59 2 18 1
4714 ORDER 7064 67 41 40 67 0
4714 ORDER 7065 18 9 95 67 1
4714 BLOCK 45 48
4715 ORDER 7066 24 38 6 68 0
4715 ORDER 7067 11 20 20 68 0
4716 ORDER 7068 82 65 51 68 3
4716 ORDER 7069 54 23 3 5 0
4717 ORDER 7070 57 35 91 67 0
4717 ORDER 7071 58 8 93 67 0
4718 ORDER 7072 76 6 22 68 0
4719 ORDER 7073 62 23 51 68 1
4719 BLOCK 85 15
4720 ORDER 7074 33 65 3 57 1
4720 ORDER 7075 54 30 73 68 0
4721 ORDER 7076 94 54 16 67 1
4722 CANCEL 7006
4722 ORDER 7077 45 45 3 18 3
4722 ORDER 7078 40 54 3 21 0
4722 BLOCK 36 50
4723 UNBLOCK 47 62
4723 ORDER 7079 62 50 2 62 0
4723 ORDER 7080 55 17 64 67 0
4724 ORDER 7081 26 53 5 67 0
4725 ORDER 7082 64 60 65 68 1
4725 ORDER 7083 43 8 91 67 0
4725 BLOCK 82 67
4726 ORDER 7084 20 30 30 67 1
4727 UNBLOCK 23 44
4727 ORDER 7085 68 32 2 11 1
4728 CANCEL 6797
4728 UNBLOCK 34 66
4728 ORDER 7086 72 48 37 67 0
4728 ORDER 7087 78 29 95 68 1
4729 UNBLOCK 45 48
4729 ORDER 7088 84 8 1 8 0
4729 ORDER 7089 26 39 1 63 0
4730 UNBLOCK 38 26
4730 ORDER 7090 46 59 10 68 1
4731 ORDER 7091 65 54 3 47 0
4731 ORDER 7092 12 41 1 35 0
4732 ORDER 7093 47 53 70 68 0
4732 ORDER 7094 69 51 2 36 0
4733 UNBLOCK 38 35
4733 ORDER 7095 58 18 70 68 1
4733 ORDER 7096 23 53 93 67 0
4734 CANCEL 6968
4734 ORDER 7097 56 54 2 12 0
4734 ORDER 7098 77 24 2 2 0
4735 UNBLOCK 36 50
4735 ORDER 7099 40 20 51 67 0
4735 ORDER 7100 69 17 2 31 0
4736 UNBLOCK 23 58
4736 ORDER 7101 73 9 2 68 0
4736 ORDER 7102 87 35 70 68 0
4737 ORDER 7103 56 35 19 68 1
4738 ORDER 7104 38 30 53 67 1
4738 ORDER 7105 82 45 50 68 0
4739 UNBLOCK 85 15
4739 ORDER 7106 12 39 8 67 0
4739 ORDER 7107 28 35 53 67 2
4740 ORDER 7108 8 35 24 67 1
4741 ORDER 7109 6 20 89 67 1
4742 ORDER 7110 94 50 4 68 0
4743 ORDER 7111 19 5 3 44 0
4744 ORDER 7112 58 47 96 67 0
4745 ORDER 7113 63 6 3 62 0
4745 ORDER 7114 12 56 77 67 0
4746 ORDER 7115 76 5 2 31 1
4747 ORDER 7116 13 24 87 67 0
4747 ORDER 7117 74 53 2 25 0
4748 ORDER 7118 63 57 3 9 0
4748 ORDER 7119 78 54 2 62 0
4749 ORDER 7120 29 15 47 67 0
4750 ORDER 7121 43 17 3 3 0
4750 BLOCK 74 12
4751 ORDER 7122 30 60 3 44 1
4751 ORDER 7123 43 35 7 68 0
4752 ORDER 7124 95 53 2 17 0
4752 ORDER 7125 85 42 3 55 1
4753 ORDER 7126 11 47 3 21 0
4753 BLOCK 63 6
4754 UNBLOCK 54 3
4754 ORDER 7127 48 8 21 68 0
4755 ORDER 7128 6 26 2 7 1
4756 UNBLOCK 80 23
4756 ORDER 7129 66 33 24 67 0
4756 ORDER 7130 34 45 37 67 0
4757 UNBLOCK 50 9
4757 ORDER 7131 46 53 90 67 0
4758 UNBLOCK 36 8
4758 ORDER 7132 82 32 1 23 0
4759 ORDER 7133 72 8 3 16 1
4759 ORDER 7134 80 23 47 68 0
4760 ORDER 7135 70 17 84 68 0
4761 UNBLOCK 23 14
4761 ORDER 7136 44 47 44 67 0
4761 ORDER 7137 55 60 1 41 0
4762 ORDER 7138 68 17 2 8 2
4762 BLOCK 22 21
4763 ORDER 7139 41 59 2 62 0
4764 ORDER 7140 69 50 46 67 2
4764 ORDER 7141 82 15 2 24 0
4765 ORDER 7142 19 3 1 59 0
4766 UNBLOCK 18 60
4766 ORDER 7143 28 23 2 15 0
4766 ORDER 7144 43 27 59 68 1
4767 CANCEL 6883
4767 ORDER 7145 38 23 3 59 0
4767 ORDER 7146 53 14 72 68 0
4768 ORDER 7147 77 57 15 68 0
4768 ORDER 7148 82 14 2 33 1
4769 ORDER 7149 27 26 82 67 1
4770 ORDER 7150 72 14 1 17 0
4770 ORDER 7151 13 14 77 67 0
4770 BLOCK 46 18
4771 ORDER 7152 44 59 64 67 0
4771 ORDER 7153 33 12 3 8 0
4772 UNBLOCK 67 11
4772 ORDER 7154 86 63 29 67 0
4772 ORDER 7155 47 21 20 67 2
4773 ORDER 7156 33 29 1 48 0
4773 ORDER 7157 26 44 3 37 0
4774 ORDER 7158 57 15 1 25 0
4774 ORDER 7159 27 42 2 16 0
4775 ORDER 7160 22 24 54 67 1
4775 ORDER 7161 65 36 42 67 0
4775 BLOCK 71 54
4776 ORDER 7162 58 3 12 67 2
4777 ORDER 7163 65 26 32 67 2
4777 ORDER 7164 26 54 1 35 0
4778 ORDER 7165 28 44 2 36 1
4778 ORDER 7166 8 5 3 51 0
4779 ORDER 7167 44 11 31 68 0
4779 BLOCK 8 68
4780 ORDER 7168 38 11 2 24 2
4780 ORDER 7169 87 15 2 54 3
4781 UNBLOCK 23 60
4781 ORDER 7170 73 26 42 67 0
4782 ORDER 7171 12 39 88 68 2
4782 ORDER 7172 31 33 3 42 0
4783 ORDER 7173 72 12 3 40 0
4783 BLOCK 35 67
4784 ORDER 7174 27 12 83 67 0
4784 ORDER 7175 69 48 1 4 3
4785 ORDER 7176 72 57 3 33 0
4786 ORDER 7177 60 9 1 11 0
4787 ORDER 7178 86 21 1 66 0
4787 BLOCK 71 20
4788 CANCEL 7139
4788 ORDER 7179 83 9 3 17 0
4789 ORDER 7180 76 48 3 53 2
4789 ORDER 7181 54 53 80 67 1
4790 ORDER 7182 94 60 3 62 0
4790 ORDER 7183 48 26 2 56 1
4791 ORDER 7184 85 57 21 67 3
4792 ORDER 7185 59 14 3 68 0
4793 ORDER 7186 85 63 2 57 0
4793 ORDER 7187 70 56 93 68 1
4794 UNBLOCK 82 67
4794 ORDER 7188 36 44 2 16 0
4795 ORDER 7189 8 42 20 67 0
4796 ORDER 7190 95 39 34 67 0
4796 ORDER 7191 38 62 31 68 1
4797 ORDER 7192 78 15 3 59 0
4798 ORDER 7193 34 27 53 68 0
4798 ORDER 7194 89 9 3 30 0
4799 ORDER 7195 66 24 6 68 1
4799 BLOCK 74 1
4800 UNBLOCK 63 6
4800 ORDER 7196 60 23 64 67 0
4800 ORDER 7197 40 42 1 45 1
4801 ORDER 7198 48 35 41 68 0
4801 ORDER 7199 76 62 1 39 1
4801 BLOCK 9 2
4802 ORDER 7200 77 56 28 68 2
4802 ORDER 7201 32 47 56 67 0
4803 ORDER 7202 67 6 81 67 3
4803 ORDER 7203 17 30 51 67 0
4804 ORDER 7204 73 3 1 44 2
4805 ORDER 7205 36 63 69 67 1
4806 ORDER 7206 27 53 2 17 0
4806 ORDER 7207 22 26 1 18 2
4807 ORDER 7208 69 45 52 67 1
4808 ORDER 7209 39 27 2 45 0
4808 ORDER 7210 86 61 3 62 1
4809 ORDER 7211 31 36 3 12 1
4809 ORDER 7212 78 50 2 65 1
4809 BLOCK 69 48
4810 ORDER 7213 59 35 2 12 1
4810 ORDER 7214 29 56 53 68 0
4811 ORDER 7215 47 65 1 26 0
4811 BLOCK 5 17
4812 ORDER 7216 45 51 97 68 0
4813 ORDER 7217 77 26 3 1 0
4813 ORDER 7218 27 36 37 67 0
4814 ORDER 7219 27 3 57 68 1
4815 ORDER 7220 52 5 47 68 1
4815 ORDER 7221 43 39 2 48 0
4816 ORDER 7222 49 53 29 68 0
4817 ORDER 7223 39 45 10 67 1
4818 ORDER 7224 82 8 59 68 0
4818 BLOCK 87 38
4819 ORDER 7225 68 48 24 67 0
4820 ORDER 7226 6 6 1 40 0
4820 ORDER 7227 77 27 85 68 1
4821 ORDER 7228 15 18 2 67 3
4821 ORDER 7229 43 50 39 68 0
4822 UNBLOCK 71 54
4822 ORDER 7230 38 44 2 43 0
4822 ORDER 7231 56 17 3 36 1
4823 CANCEL 7186
4823 ORDER 7232 73 12 29 68 0
4824 ORDER 7233 62 39 1 39 0
4824 ORDER 7234 78 44 2 29 0
4825 ORDER 7235 64 5 75 67 2
4826 ORDER 7236 75 8 94 68 1
4826 ORDER 7237 35 23 57 67 0
4827 ORDER 7238 88 23 3 17 2
4828 ORDER 7239 67 53 1 15 1
4829 ORDER 7240 65 48 1 18 0
4829 ORDER 7241 17 14 2 64 1
4830 ORDER 7242 16 30 3 23 0
4830 ORDER 7243 23 54 1 66 2
4831 ORDER 7244 74 21 2 10 0
4831 ORDER 7245 9 62 87 67 0
4832 ORDER 7246 40 15 38 67 0
4833 UNBLOCK 22 21
4833 ORDER 7247 59 63 1 55 0
4833 ORDER 7248 14 3 1 1 0
4834 ORDER 7249 6 21 68 68 2
4835 ORDER 7250 22 54 3 9 2
4835 ORDER 7251 63 3 2 40 0
4836 ORDER 7252 36 21 61 67 2
4837 UNBLOCK 8 68
4837 ORDER 7253 63 9 2 63 0
4838 ORDER 7254 18 51 1 26 0
4838 BLOCK 18 24
4839 ORDER 7255 77 30 2 42 0
4839 ORDER 7256 70 59 2 41 0
4840 ORDER 7257 8 14 37 68 0
4841 ORDER 7258 23 42 1 30 0
4841 ORDER 7259 46 15 82 68 1
4842 ORDER 7260 94 51 75 67 1
4842 ORDER 7261 62 14 3 20 1
4843 ORDER 7262 78 6 1 38 0
4844 ORDER 7263 74 8 67 67 0
4845 CANCEL 7030
4845 ORDER 7264 33 54 70 67 0
4845 ORDER 7265 94 11 25 67 1
4846 ORDER 7266 29 21 2 43 0
4846 ORDER 7267 75 8 23 68 2
4847 ORDER 7268 31 23 46 67 0
4847 ORDER 7269 8 18 3 45 0
4848 CANCEL 6975
4848 UNBLOCK 46 18
4848 ORDER 7270 50 44 96 68 0
4849 UNBLOCK 18 24
4849 ORDER 7271 93 32 1 61 1
4850 UNBLOCK 74 12
4850 ORDER 7272 30 26 2 17 2
4850 ORDER 7273 64 11 2 6 1
4851 ORDER 7274 49 26 47 67 0
4851 ORDER 7275 76 63 2 62 1
4852 ORDER 7276 38 59 2 34 0
4853 ORDER 7277 29 3 1 32 0
4853 ORDER 7278 57 24 97 68 1
4854 ORDER 7279 75 30 2 6 1
4855 CANCEL 6989
4855 ORDER 7280 78 6 41 67 0
4856 ORDER 7281 62 26 7 67 2
4857 ORDER 7282 24 15 82 67 1
4858 ORDER 7283 32 35 2 20 0
4858 BLOCK 87 33
4859 ORDER 7284 85 30 79 68 1
4859 ORDER 7285 82 39 2 29 1
4860 ORDER 7286 92 62 12 67 2
4860 BLOCK 85 53
4861 ORDER 7287 12 50 77 68 1
4861 ORDER 7288 45 9 96 67 0
4861 BLOCK 33 68
4862 ORDER 7289 29 35 1 37 1
4862 ORDER 7290 52 63 82 68 0
4863 ORDER 7291 38 32 1 38 0
4864 ORDER 7292 92 23 30 67 1
4864 ORDER 7293 70 21 86 67 0
4865 ORDER 7294 21 21 2 47 2
4866 ORDER 7295 83 38 2 8 0
4866 ORDER 7296 34 45 2 59 0
4867 UNBLOCK 87 38
4867 ORDER 7297 75 50 3 19 1
4868 ORDER 7298 64 30 2 63 2
4869 ORDER 7299 30 9 93 68 1
4869 ORDER 7300 67 3 19 68 1
4870 ORDER 7301 42 27 3 26 1
4870 ORDER 7302 51 18 2 60 0
4870 BLOCK 65 42
4871 ORDER 7303 46 42 72 67 0
4871 BLOCK 70 57
4872 ORDER 7304 60 62 43 67 0
4873 UNBLOCK 9 2
4873 ORDER 7305 78 51 43 67 0
4874 ORDER 7306 83 45 27 68 0
4874 ORDER 7307 82 39 3 26 0
4874 BLOCK 95 24
4875 ORDER 7308 12 56 3 13 0
4876 UNBLOCK 5 17
4876 ORDER 7309 34 27 3 58 1
4877 ORDER 7310 13 21 4 67 0
4877 ORDER 7311 82 5 29 67 0
4877 BLOCK 50 15
4878 ORDER 7312 82 33 2 66 0
4879 ORDER 7313 24 24 31 68 1
4879 ORDER 7314 85 30 2 52 0
4879 BLOCK 29 5
4880 ORDER 7315 90 21 2 27 0
4881 ORDER 7316 53 39 7 67 0
4881 BLOCK 60 29
4882 ORDER 7317 29 23 87 68 0
4883 UNBLOCK 35 67
4883 UNBLOCK 71 20
4883 ORDER 7318 80 21 2 3 0
4884 ORDER 7319 23 41 3 26 1
4885 ORDER 7320 36 6 3 51 2
4885 ORDER 7321 84 57 2 64 0
4886 ORDER 7322 83 30 1 20 0
4886 ORDER 7323 68 39 65 67 0
4887 ORDER 7324 69 41 3 1 0
4888 ORDER 7325 39 8 3 9 0
4888 ORDER 7326 9 15 2 19 1
4889 ORDER 7327 49 8 1 39 0
4890 ORDER 7328 69 21 62 68 0
4890 ORDER 7329 23 15 1 19 3
4891 ORDER 7330 41 12 3 14 0
4891 ORDER 7331 84 30 50 68 0
4892 ORDER 7332 94 53 1 37 0
4892 ORDER 7333 69 26 76 68 0
4893 UNBLOCK 69 48
4893 UNBLOCK 87 33
4893 ORDER 7334 65 18 3 25 0
4893 ORDER 7335 55 45 52 67 0
4894 UNBLOCK 74 1
4894 ORDER 7336 19 57 89 68 0
4895 ORDER 7337 53 8 3 18 0
4896 ORDER 7338 57 35 2 9 0
4897 CANCEL 7098
4897 UNBLOCK 60 29
4897 ORDER 7339 75 48 1 59 1
4897 ORDER 7340 52 3 2 4 0
4898 ORDER 7341 23 60 57 68 3
4898 ORDER 7342 61 47 1 65 1
4899 ORDER 7343 44 48 1 18 1
4899 ORDER 7344 74 12 29 68 1
4899 BLOCK 43 17
4900 ORDER 7345 69 14 81 68 0
4901 ORDER 7346 29 44 29 68 0
4901 ORDER 7347 11 12 55 67 0
4902 ORDER 7348 88 24 20 68 0
4902 BLOCK 93 63
4903 ORDER 7349 16 44 53 67 1
4903 ORDER 7350 65 59 1 64 1
4904 CANCEL 7268
4904 ORDER 7351 46 9 78 68 0
4904 BLOCK 83 44
4905 ORDER 7352 6 14 57 68 0
4906 ORDER 7353 71 23 15 67 2
4906 ORDER 7354 50 60 1 13 0
4907 ORDER 7355 24 57 24 67 3
4907 ORDER 7356 42 18 3 49 0
4908 ORDER 7357 26 63 62 68 0
4908 ORDER 7358 50 26 2 53 1
4909 ORDER 7359 12 18 3 7 0
4910 CANCEL 7238
4910 ORDER 7360 20 29 1 58 0
4910 ORDER 7361 84 14 36 68 0
4911 ORDER 7362 24 23 1 22 0
4912 ORDER 7363 48 20 60 67 0
4912 ORDER 7364 81 23 3 61 0
4913 ORDER 7365 9 3 1 16 0
4913 ORDER 7366 30 56 84 68 1
4914 ORDER 7367 28 29 3 21 1
4915 ORDER 7368 46 60 2 43 1
4915 ORDER 7369 16 60 1 44 0
4916 ORDER 7370 45 63 2 68 0
4916 ORDER 7371 41 38 95 68 1
4917 ORDER 7372 25 9 30 67 0
4917 ORDER 7373 88 17 1 24 1
4918 CANCEL 7078
4918 ORDER 7374 93 24 17 67 0
4919 ORDER 7375 17 30 2 64 1
4919 ORDER 7376 63 53 2 2 0
4920 ORDER 7377 89 21 12 68 0
4921 ORDER 7378 66 44 15 67 0
4922 UNBLOCK 65 42
4922 ORDER 7379 78 60 1 65 1
4922 ORDER 7380 56 16 19 68 3
4923 CANCEL 7094
4923 ORDER 7381 73 38 2 20 0
4923 ORDER 7382 81 45 3 46 2
4924 ORDER 7383 74 33 60 67 1
4925 ORDER 7384 57 32 3 19 0
4925 ORDER 7385 77 15 48 67 0
4926 ORDER 7386 15 8 40 67 0
4926 ORDER 7387 21 45 84 68 0
4927 ORDER 7388 31 48 42 67 0
4928 ORDER 7389 30 41 3 57 1
4929 ORDER 7390 69 21 3 53 1
4929 BLOCK 94 60
4930 ORDER 7391 27 54 3 4 0
4931 ORDER 7392 57 9 2 26 1
4931 ORDER 7393 70 60 81 68 0
4932 ORDER 7394 25 51 98 67 0
4933 CANCEL 7110
4933 ORDER 7395 94 57 23 68 0
4933 ORDER 7396 23 51 94 67 2
4934 ORDER 7397 55 47 2 7 0
4934 ORDER 7398 59 12 1 30 1
4935 ORDER 7399 14 50 3 59 0
4936 ORDER 7400 39 56 3 11 0
4936 ORDER 7401 18 11 33 68 3
4937 ORDER 7402 90 30 33 67 0
4937 ORDER 7403 77 62 1 50 2
4938 ORDER 7404 23 45 1 61 1
4938 ORDER 7405 94 5 98 67 2
4939 UNBLOCK 50 15
4939 ORDER 7406 52 27 2 15 0
4939 ORDER 7407 47 44 3 16 0
4940 ORDER 7408 45 47 68 68 0
4940 ORDER 7409 45 60 1 29 0
4941 ORDER 7410 54 21 84 67 0
4942 CANCEL 7374
4942 ORDER 7411 24 18 2 53 0
4942 ORDER 7412 56 57 35 67 0
4943 CANCEL 7319
4943 ORDER 7413 73 62 39 67 1
4943 ORDER 7414 33 35 17 67 0
4944 ORDER 7415 67 26 46 68 0
4945 ORDER 7416 16 62 1 13 0
4946 ORDER 7417 40 20 10 67 1
4946 ORDER 7418 33 12 28 68 1
4947 ORDER 7419 16 54 46 68 0
4948 UNBLOCK 85 53
4948 ORDER 7420 36 30 54 67 0
4949 ORDER 7421 83 14 32 67 2
4950 ORDER 7422 57 36 2 64 3
4950 ORDER 7423 35 8 2 33 0
4951 ORDER 7424 25 36 1 31 1
4952 ORDER 7425 60 29 3 39 0
4953 ORDER 7426 18 38 98 67 0
4954 ORDER 7427 45 27 3 27 2
4955 ORDER 7428 93 29 2 16 1
4956 UNBLOCK 70 57
4956 ORDER 7429 77 22 75 68 0
4957 ORDER 7430 46 11 96 67 1
4957 ORDER 7431 94 65 13 68 0
4957 BLOCK 69 44
4958 ORDER 7432 19 8 47 68 0
4958 BLOCK 6 54
4959 ORDER 7433 22 35 70 67 0
4959 BLOCK 12 17
4960 ORDER 7434 34 5 1 68 0
4960 CANCEL 107434
4961 UNBLOCK 33 68
4961 ORDER 7435 14 13 1 50 0
4961 ORDER 7436 65 56 3 4 0
4962 UNBLOCK 29 5
4962 ORDER 7437 71 33 79 67 0
4963 ORDER 7438 70 9 1 59 2
4964 UNBLOCK 95 24
4964 ORDER 7439 20 18 1 67 1
4965 UNBLOCK 43 17
4965 ORDER 7440 9 57 1 21 0
4965 BLOCK 6 59
4966 ORDER 7441 52 41 11 68 0
4967 ORDER 7442 51 36 3 2 1
4968 ORDER 7443 66 30 2 43 0
4969 ORDER 7444 94 17 1 10 0
4969 BLOCK 18 33
4970 ORDER 7445 66 33 38 68 1
4970 ORDER 7446 12 41 54 67 0
4971 ORDER 7447 10 14 1 42 0
4971 ORDER 7448 57 9 21 67 1
4972 ORDER 7449 24 21 2 58 0
4973 ORDER 7450 88 59 3 25 2
4973 ORDER 7451 47 30 20 67 1
4974 ORDER 7452 44 15 2 58 0
4974 ORDER 7453 6 41 10 68 0
4975 ORDER 7454 11 62 2 54 1
4975 ORDER 7455 68 17 3 21 2
4975 BLOCK 57 45
4976 ORDER 7456 70 54 3 21 0
4976 ORDER 7457 27 24 1 35 1
4977 ORDER 7458 9 36 89 67 0
4977 ORDER 7459 14 46 11 67 1
4978 UNBLOCK 6 54
4978 ORDER 7460 67 26 2 45 3
4978 ORDER 7461 48 38 1 50 0
4979 UNBLOCK 18 33
4979 ORDER 7462 50 48 3 62 2
4979 ORDER 7463 84 6 66 68 0
4979 BLOCK 88 1
4980 CANCEL 7385
4980 ORDER 7464 17 35 2 45 1
4981 ORDER 7465 40 45 1 36 2
4981 BLOCK 77 47
4982 ORDER 7466 49 12 3 68 0
4983 ORDER 7467 52 5 34 67 3
4984 UNBLOCK 6 59
4984 ORDER 7468 80 14 1 3 0
4985 CANCEL 7326
4985 ORDER 7469 70 18 3 17 0
4985 BLOCK 8 23
4986 ORDER 7470 95 33 29 68 0
4986 ORDER 7471 16 60 11 67 1
4986 BLOCK 49 5
4987 ORDER 7472 23 44 2 52 0
4987 ORDER 7473 28 50 1 5 0
4988 UNBLOCK 83 44
4988 ORDER 7474 61 59 88 68 1
4988 ORDER 7475 37 15 2 58 1
4989 ORDER 7476 87 44 3 62 0
4989 ORDER 7477 23 17 73 67 3
4990 ORDER 7478 10 9 1 21 0
4991 ORDER 7479 46 54 3 33 0
4992 ORDER 7480 77 33 49 67 0
4992 BLOCK 42 8
4993 CANCEL 7272
4993 ORDER 7481 64 30 28 68 0
4994 ORDER 7482 60 51 1 62 0
4995 ORDER 7483 66 35 3 43 3
4996 ORDER 7484 67 26 61 68 0
4996 ORDER 7485 68 5 78 68 1
4997 ORDER 7486 30 39 55 67 0
4998 ORDER 7487 95 51 91 67 0
4998 ORDER 7488 48 44 45 68 1
4999 ORDER 7489 73 33 1 65 3
4999 ORDER 7490 44 5 3 53 0
5000 ORDER 7491 90 51 19 67 0
5001 ORDER 7492 71 3 11 67 0
5002 UNBLOCK 93 63
5002 ORDER 7493 6 54 2 9 3
5002 ORDER 7494 65 11 2 9 0
5003 ORDER 7495 37 29 77 68 0
5003 ORDER 7496 40 51 3 54 3
5004 UNBLOCK 94 60
5004 ORDER 7497 95 24 1 65 0
5004 ORDER 7498 64 57 3 54 1
5005 ORDER 7499 77 56 45 68 0
5005 ORDER 7500 76 62 5 67 1
5006 ORDER 7501 12 8 1 1 0
5007 ORDER 7502 71 9 40 67 1
5008 UNBLOCK 8 23
5008 ORDER 7503 38 57 64 68 0
5008 ORDER 7504 8 9 4 67 0
5008 BLOCK 88 15
5009 ORDER 7505 11 57 2 16 1
5009 BLOCK 73 54
5010 UNBLOCK 49 5
5010 ORDER 7506 42 60 2 62 0
5010 ORDER 7507 49 15 91 67 1
5011 ORDER 7508 76 42 1 32 0
5011 BLOCK 91 24
5012 ORDER 7509 40 15 7 67 0
5012 ORDER 7510 24 15 61 67 0
5013 ORDER 7511 28 63 2 44 0
5013 ORDER 7512 91 29 17 68 0
5014 ORDER 7513 88 23 55 68 0
5015 ORDER 7514 54 15 62 67 0
5016 ORDER 7515 95 26 88 68 1
5016 BLOCK 12 66
5017 UNBLOCK 77 47
5017 ORDER 7516 87 23 87 68 1
5017 BLOCK 7 39
5018 UNBLOCK 12 17
5018 ORDER 7517 57 30 15 67 0
5018 ORDER 7518 10 29 48 68 0
5019 ORDER 7519 37 54 20 67 1
5020 ORDER 7520 17 30 86 68 0
5021 ORDER 7521 65 51 96 68 1
5021 ORDER 7522 81 26 2 8 1
5021 BLOCK 55 53
5022 ORDER 7523 88 5 1 25 0
5023 UNBLOCK 73 54
5023 ORDER 7524 73 56 84 68 0
5024 UNBLOCK 69 44
5024 ORDER 7525 27 35 3 22 0
5024 ORDER 7526 21 35 47 68 0
5025 ORDER 7527 27 63 3 46 1
5026 ORDER 7528 65 3 23 68 0
5026 BLOCK 59 60
5027 ORDER 7529 48 32 92 67 0
5027 BLOCK 5 46
5028 ORDER 7530 7 39 87 67 0
5029 ORDER 7531 93 45 3 51 0
5030 ORDER 7532 49 48 19 67 0
5031 ORDER 7533 19 9 2 7 0
5031 ORDER 7534 87 27 3 20 2
5031 BLOCK 70 21
5032 ORDER 7535 95 6 93 67 1
5033 ORDER 7536 55 36 93 68 2
5034 ORDER 7537 38 27 84 67 2
5034 ORDER 7538 43 41 66 68 0
5035 UNBLOCK 7 39
5035 ORDER 7539 28 6 88 67 0
5035 ORDER 7540 8 26 37 68 1
5036 ORDER 7541 33 45 26 68 1
5037 ORDER 7542 47 30 2 5 0
5037 ORDER 7543 48 29 68 68 1
5038 ORDER 7544 84 62 24 68 0
5038 ORDER 7545 33 48 2 13 1
5039 ORDER 7546 30 18 3 43 3
5039 ORDER 7547 28 56 3 24 1
5039 BLOCK 80 36
5040 UNBLOCK 88 1
5040 ORDER 7548 90 38 16 68 0
5040 ORDER 7549 16 20 12 68 1
5041 ORDER 7550 65 65 28 68 0
5041 ORDER 7551 55 21 11 68 0
5042 ORDER 7552 83 8 3 7 0
5042 ORDER 7553 50 32 2 3 0
5043 ORDER 7554 8 63 19 67 2
5043 ORDER 7555 89 47 66 68 0
5044 ORDER 7556 82 29 2 51 1
5045 ORDER 7557 90 30 3 67 0
5045 BLOCK 65 24
5046 CANCEL 7282
5046 ORDER 7558 82 12 62 68 0
5047 ORDER 7559 63 59 1 30 0
5047 ORDER 7560 48 59 19 67 1
5048 UNBLOCK 88 15
5048 ORDER 7561 50 47 2 27 0
5048 ORDER 7562 69 15 2 18 0
5048 BLOCK 95 27
5049 ORDER 7563 72 12 2 31 0
5050 ORDER 7564 21 9 83 68 0
5050 ORDER 7565 60 35 2 62 0
5051 ORDER 7566 38 45 6 67 0
5051 ORDER 7567 25 32 3 58 0
5051 BLOCK 10 48
5052 ORDER 7568 41 3 58 68 0
5052 ORDER 7569 48 53 77 68 1
5053 ORDER 7570 15 60 2 47 1
5053 ORDER 7571 63 21 12 68 3
5054 ORDER 7572 39 36 3 20 0
5055 ORDER 7573 85 35 60 68 2
5056 CANCEL 7314
5056 ORDER 7574 90 21 2 25 1
5056 ORDER 7575 7 29 1 17 3
5057 ORDER 7576 11 9 52 68 1
5058 ORDER 7577 84 47 51 68 0
5059 UNBLOCK 70 21
5059 ORDER 7578 65 32 35 67 2
5060 ORDER 7579 47 23 17 68 1
5060 ORDER 7580 10 23 2 5 2
5061 ORDER 7581 64 11 1 36 1
5061 ORDER 7582 63 13 14 67 1
5062 ORDER 7583 88 50 3 55 0
5062 ORDER 7584 79 51 95 67 0
5063 ORDER 7585 39 20 16 68 1
5064 UNBLOCK 95 27
5064 ORDER 7586 34 53 4 68 1
5065 ORDER 7587 87 24 3 30 2
5066 ORDER 7588 69 45 2 22 3
5066 ORDER 7589 74 21 1 62 0
5067 UNBLOCK 10 48
5067 ORDER 7590 57 17 50 68 3
5068 ORDER 7591 43 9 1 48 2
5068 ORDER 7592 66 36 50 67 2
5069 ORDER 7593 85 33 2 12 0
5070 ORDER 7594 90 29 3 48 0
5070 BLOCK 15 13
5071 ORDER 7595 49 8 35 68 0
5071 ORDER 7596 73 26 1 10 0
5072 ORDER 7597 61 47 2 13 0
5072 ORDER 7598 70 45 1 37 0
5073 ORDER 7599 6 42 73 68 0
5074 UNBLOCK 57 45
5074 ORDER 7600 66 24 1 39 0
5075 ORDER 7601 40 65 3 13 0
5075 BLOCK 90 15
5076 ORDER 7602 29 3 2 46 0
5076 BLOCK 34 17
5077 ORDER 7603 28 59 1 35 3
5077 ORDER 7604 32 33 80 67 0
5078 UNBLOCK 65 24
5078 ORDER 7605 80 24 3 1 2
5079 ORDER 7606 30 44 2 66 0
5080 ORDER 7607 92 38 11 67 0
5081 ORDER 7608 67 51 3 46 2
5081 ORDER 7609 58 35 3 32 0
5081 BLOCK 37 15
5082 ORDER 7610 41 44 2 35 1
5082 ORDER 7611 49 18 3 35 0
5083 UNBLOCK 42 8
5083 ORDER 7612 81 54 21 68 1
5084 ORDER 7613 25 5 2 35 0
5084 ORDER 7614 74 47 3 8 2
5085 ORDER 7615 91 27 1 4 0
5086 ORDER 7616 75 30 3 4 2
5086 ORDER 7617 24 24 26 68 0
5086 BLOCK 13 53
5087 UNBLOCK 55 53
5087 ORDER 7618 20 41 1 63 1
5087 ORDER 7619 91 3 1 44 2
5088 ORDER 7620 87 48 3 59 0
5089 CANCEL 7432
5089 ORDER 7621 27 38 3 43 0
5090 ORDER 7622 65 54 2 49 0
5090 ORDER 7623 90 24 1 3 0
5090 BLOCK 41 27
5091 UNBLOCK 80 36
5091 ORDER 7624 35 38 2 9 0
5092 ORDER 7625 26 18 2 16 0
5092 ORDER 7626 76 51 56 67 0
5092 BLOCK 89 56
5093 UNBLOCK 90 15
5093 ORDER 7627 50 61 75 67 3
5093 ORDER 7628 74 24 3 51 3
5094 ORDER 7629 91 5 75 67 0
5095 ORDER 7630 33 45 22 67 0
5095 ORDER 7631 85 56 2 35 1
5096 ORDER 7632 16 54 3 41 1
5096 ORDER 7633 56 50 1 25 1
5097 ORDER 7634 57 52 1 52 0
5097 ORDER 7635 53 9 2 49 3
5098 UNBLOCK 15 13
5098 ORDER 7636 84 12 77 67 1
5099 UNBLOCK 5 46
5099 ORDER 7637 80 53 45 67 1
5099 ORDER 7638 51 32 88 67 0
5100 UNBLOCK 91 24
5100 UNBLOCK 59 60
5100 ORDER 7639 37 63 76 67 0
5100 ORDER 7640 44 12 2 63 3
5101 ORDER 7641 68 57 85 67 0
5102 ORDER 7642 16 51 3 52 1
5103 ORDER 7643 32 3 7 68 0
5103 ORDER 7644 81 3 60 67 2
5104 ORDER 7645 60 9 30 67 0
5104 ORDER 7646 65 48 12 67 1
5105 ORDER 7647 73 18 47 68 3
5106 ORDER 7648 62 59 93 67 0
5107 ORDER 7649 49 29 3 48 0
5107 ORDER 7650 89 53 44 67 0
5108 ORDER 7651 58 12 66 68 1
5108 ORDER 7652 62 41 69 68 0
5108 BLOCK 78 18
5109 ORDER 7653 28 65 33 68 0
5110 ORDER 7654 52 35 2 28 1
5110 ORDER 7655 12 53 16 68 1
5111 ORDER 7656 34 47 20 68 0
5111 ORDER 7657 17 47 3 68 0
5112 ORDER 7658 11 53 1 36 0
5112 ORDER 7659 27 35 84 67 2
5112 BLOCK 19 47
5113 UNBLOCK 12 66
5113 ORDER 7660 26 17 15 67 0
5114 ORDER 7661 95 11 2 7 0
5114 BLOCK 86 67
5115 ORDER 7662 14 65 1 15 0
5115 ORDER 7663 94 41 39 68 0
5116 ORDER 7664 75 51 2 64 0
5117 ORDER 7665 10 21 10 67 1
5118 ORDER 7666 72 29 97 68 0
5119 ORDER 7667 73 14 3 25 1
5120 ORDER 7668 37 24 51 68 1
5121 ORDER 7669 73 30 48 67 2
5121 ORDER 7670 48 65 5 67 0
5122 ORDER 7671 81 60 10 68 0
5123 ORDER 7672 54 29 1 3 0
5123 ORDER 7673 90 36 23 68 0
5124 ORDER 7674 40 47 14 67 1
5125 ORDER 7675 61 60 46 68 2
5125 ORDER 7676 32 53 3 67 0
5125 BLOCK 85 56
5126 ORDER 7677 69 59 3 20 0
5127 ORDER 7678 66 18 1 17 0
5128 ORDER 7679 86 26 2 42 1
5129 ORDER 7680 82 38 33 67 0
5129 ORDER 7681 42 36 73 68 1
5129 BLOCK 16 45
5130 ORDER 7682 39 39 1 56 3
5130 ORDER 7683 92 44 2 48 0
5131 ORDER 7684 45 3 2 22 0
5132 ORDER 7685 82 29 58 67 0
5132 BLOCK 22 59
5133 ORDER 7686 71 36 2 6 0
5133 ORDER 7687 12 45 3 49 0
5134 ORDER 7688 17 23 58 67 3
5135 ORDER 7689 78 50 2 54 0
5136 CANCEL 7424
5136 UNBLOCK 34 17
5136 ORDER 7690 49 63 94 67 0
5136 ORDER 7691 95 24 96 67 0
5137 ORDER 7692 89 40 1 39 2
5137 BLOCK 49 3
5138 ORDER 7693 39 15 89 67 2
5138 ORDER 7694 12 15 33 68 3
5139 ORDER 7695 66 60 2 15 0
5140 ORDER 7696 46 38 98 68 0
5140 BLOCK 29 33
5141 ORDER 7697 88 24 24 67 0
5141 ORDER 7698 35 3 12 67 0
5142 ORDER 7699 26 65 23 67 1
5143 ORDER 7700 89 63 1 36 1
5143 ORDER 7701 46 8 1 44 3
5143 BLOCK 51 21
5144 ORDER 7702 91 33 83 67 0
5145 ORDER 7703 27 45 2 48 0
5145 BLOCK 41 52
5146 ORDER 7704 59 3 2 23 0
5146 ORDER 7705 83 9 28 68 0
5147 ORDER 7706 94 45 3 1 1
5148 ORDER 7707 73 12 82 68 0
5148 ORDER 7708 46 25 28 68 0
5148 BLOCK 92 21
5149 ORDER 7709 11 53 15 67 0
5150 ORDER 7710 79 41 23 67 0
5150 ORDER 7711 47 53 1 44 1
5151 ORDER 7712 11 30 1 57 0
5151 ORDER 7713 45 3 68 68 1
5152 ORDER 7714 55 35 2 27 0
5152 ORDER 7715 45 60 1 38 0
5153 ORDER 7716 33 41 2 7 3
5153 ORDER 7717 80 20 20 67 0
5154 ORDER 7718 87 27 24 67 0
5155 UNBLOCK 41 27
5155 ORDER 7719 42 56 20 67 0
5156 ORDER 7720 13 26 1 26 1
5156 ORDER 7721 12 41 1 39 0
5157 UNBLOCK 89 56
5157 UNBLOCK 16 45
5157 ORDER 7722 7 39 22 67 0
5158 ORDER 7723 47 20 75 67 2
5158 ORDER 7724 39 20 7 67 2
5158 BLOCK 12 31
5159 UNBLOCK 19 47
5159 ORDER 7725 48 44 48 68 0
5159 ORDER 7726 72 14 76 67 0
5160 ORDER 7727 73 11 2 57 2
5161 ORDER 7728 82 65 3 56 0
5161 ORDER 7729 49 19 3 46 0
5162 ORDER 7730 46 17 32 67 0
5162 BLOCK 71 51
5163 ORDER 7731 31 48 75 67 0
5163 ORDER 7732 34 56 84 68 0
5164 ORDER 7733 27 54 36 67 1
5164 ORDER 7734 89 60 60 68 0
5164 BLOCK 28 23
5165 ORDER 7735 17 50 1 23 0
5166 ORDER 7736 95 6 16 68 0
5167 ORDER 7737 58 47 89 68 0
5167 BLOCK 40 18
5168 UNBLOCK 13 53
5168 ORDER 7738 40 51 2 38 0
5168 ORDER 7739 82 6 3 44 0
5169 UNBLOCK 37 15
5169 ORDER 7740 57 61 1 27 0
5169 ORDER 7741 10 6 1 45 0
5170 ORDER 7742 86 57 11 67 0
5170 ORDER 7743 57 8 1 19 0
5171 UNBLOCK 51 21
5171 ORDER 7744 57 35 1 19 1
5172 ORDER 7745 79 47 56 68 1
5172 ORDER 7746 20 53 86 68 0
5173 ORDER 7747 54 59 3 15 0
5174 CANCEL 7628
5174 ORDER 7748 7 63 13 68 0
5174 ORDER 7749 49 27 1 10 0
5175 CANCEL 7533
5175 ORDER 7750 29 63 54 68 0
5175 ORDER 7751 85 5 5 68 1
5176 ORDER 7752 77 20 60 68 0
5176 BLOCK 73 36
5177 ORDER 7753 80 51 2 61 1
5178 ORDER 7754 80 18 1 23 1
5178 BLOCK 78 37
5179 UNBLOCK 22 59
5179 ORDER 7755 75 51 78 68 1
5179 ORDER 7756 35 5 1 56 0
5179 BLOCK 48 3
5180 ORDER 7757 91 9 18 67 0
5181 ORDER 7758 73 63 83 68 0
5181 ORDER 7759 89 65 7 68 2
5182 ORDER 7760 12 44 3 31 0
5182 ORDER 7761 39 18 68 68 1
5182 BLOCK 38 14
5183 ORDER 7762 9 38 87 68 0
5183 BLOCK 60 25
5184 ORDER 7763 88 41 70 68 3
5184 BLOCK 80 43
5185 ORDER 7764 77 32 3 4 1
5186 ORDER 7765 31 48 76 68 3
5186 BLOCK 89 66
5187 ORDER 7766 49 50 73 68 0
5188 ORDER 7767 54 17 1 49 0
5188 ORDER 7768 37 45 98 68 0
5189 ORDER 7769 29 5 3 55 1
5189 ORDER 7770 76 60 2 42 0
5190 ORDER 7771 7 60 1 34 0
5190 ORDER 7772 36 18 92 67 0
5191 ORDER 7773 35 51 35 67 0
5192 ORDER 7774 34 41 1 45 0
5193 UNBLOCK 49 3
5193 ORDER 7775 48 57 3 41 0
5193 ORDER 7776 95 3 26 68 2
5194 ORDER 7777 84 45 89 68 0
5194 ORDER 7778 59 44 2 6 1
5195 ORDER 7779 34 35 1 60 2
5196 ORDER 7780 51 50 2 6 0
5197 ORDER 7781 9 36 6 67 0
5197 ORDER 7782 94 15 66 67 0
5198 UNBLOCK 86 67
5198 ORDER 7783 35 30 12 68 1
5199 ORDER 7784 32 48 75 68 0
5199 ORDER 7785 52 35 45 68 0
5200 UNBLOCK 40 18
5200 ORDER 7786 56 32 28 67 0
5201 ORDER 7787 11 51 1 9 0
5201 ORDER 7788 64 3 47 68 3
5202 ORDER 7789 27 63 7 67 1
5203 ORDER 7790 38 36 1 40 0
5203 ORDER 7791 6 51 41 67 0
5203 BLOCK 89 44
5204 ORDER 7792 70 11 3 17 1
5204 ORDER 7793 10 17 3 2 0
5204 BLOCK 95 33
5205 ORDER 7794 29 14 1 67 0
5205 ORDER 7795 43 6 5 67 0
5206 ORDER 7796 67 56 1 22 0
5206 ORDER 7797 28 15 2 7 0
5207 UNBLOCK 78 18
5207 UNBLOCK 85 56
5207 ORDER 7798 44 57 98 68 0
5208 ORDER 7799 44 51 3 4 0
5208 ORDER 7800 24 32 79 68 0
5209 ORDER 7801 78 60 3 38 1
5209 ORDER 7802 19 57 3 43 0
5210 ORDER 7803 88 42 41 68 0
5210 ORDER 7804 28 47 3 29 3
5211 ORDER 7805 84 8 5 67 2
5211 ORDER 7806 74 15 14 68 1
5212 ORDER 7807 44 9 53 67 2
5212 ORDER 7808 35 65 17 68 1
5213 UNBLOCK 29 33
5213 ORDER 7809 73 23 2 56 0
5213 BLOCK 42 11
5214 ORDER 7810 7 57 27 67 1
5214 ORDER 7811 8 3 73 68 0
5215 UNBLOCK 41 52
5215 UNBLOCK 12 31
5215 ORDER 7812 24 5 25 67 2
5216 ORDER 7813 81 62 1 20 1
5216 ORDER 7814 50 50 20 67 0
5217 UNBLOCK 92 21
5217 ORDER 7815 48 42 98 68 0
5217 ORDER 7816 66 56 3 41 2
5218 ORDER 7817 68 65 1 12 1
5219 CANCEL 7619
5219 ORDER 7818 74 21 64 68 0
5219 ORDER 7819 67 42 3 5 1
5220 UNBLOCK 71 51
5220 ORDER 7820 14 23 3 55 0
5221 ORDER 7821 73 36 41 67 0
5222 ORDER 7822 35 51 3 14 3
5223 ORDER 7823 19 63 28 68 0
5223 ORDER 7824 6 57 76 68 0
5224 ORDER 7825 11 56 1 46 0
5224 BLOCK 83 63
5225 ORDER 7826 86 18 1 21 0
5225 ORDER 7827 9 20 84 68 1
5226 ORDER 7828 48 30 2 11 0
5227 ORDER 7829 44 6 2 19 0
5227 ORDER 7830 33 65 3 47 1
5228 ORDER 7831 58 41 3 36 1
5228 ORDER 7832 27 47 1 50 0
5229 ORDER 7833 95 53 2 56 1
5229 ORDER 7834 58 14 25 68 0
5230 CANCEL 7803
5230 ORDER 7835 28 9 3 2 0
5231 ORDER 7836 89 11 1 45 0
5231 ORDER 7837 95 15 96 67 0
5232 UNBLOCK 73 36
5232 ORDER 7838 8 51 94 67 0
5232 ORDER 7839 29 26 3 17 0
5232 BLOCK 61 32
5233 ORDER 7840 75 17 2 24 1
5234 CANCEL 7616
5234 UNBLOCK 78 37
5234 ORDER 7841 47 17 37 67 0
5234 ORDER 7842 41 9 2 3 1
5234 BLOCK 25 51
5235 ORDER 7843 14 5 3 65 1
5236 ORDER 7844 95 15 3 50 1
5237 ORDER 7845 40 12 2 26 0
5238 ORDER 7846 57 41 2 57 0
5238 BLOCK 9 44
5239 ORDER 7847 73 59 28 68 3
5239 BLOCK 95 23
5240 CANCEL 7651
5240 ORDER 7848 58 20 2 18 1
5240 ORDER 7849 65 18 3 9 2
5240 BLOCK 33 18
5241 ORDER 7850 50 65 3 45 0
5241 ORDER 7851 40 62 1 22 0
5241 BLOCK 9 44
5242 ORDER 7852 72 23 1 6 0
5243 ORDER 7853 20 44 3 45 1
5244 ORDER 7854 66 35 2 38 0
5244 ORDER 7855 33 35 3 22 2
5245 ORDER 7856 11 51 89 68 0
5246 ORDER 7857 88 47 13 67 0
5246 ORDER 7858 76 54 29 67 1
5247 ORDER 7859 40 42 2 7 0
5247 ORDER 7860 17 11 2 53 0
5248 ORDER 7861 70 54 3 68 0
5249 ORDER 7862 42 56 57 68 0
5250 UNBLOCK 89 66
5250 ORDER 7863 46 51 3 37 0
5250 BLOCK 67 18
5251 ORDER 7864 89 48 60 67 1
5252 ORDER 7865 11 5 1 17 1
5253 ORDER 7866 76 20 1 25 1
5254 UNBLOCK 28 23
5254 UNBLOCK 33 18
5254 ORDER 7867 86 51 2 27 0
5255 UNBLOCK 80 43
5255 ORDER 7868 70 50 26 67 0
5255 ORDER 7869 72 6 95 67 0
5255 BLOCK 36 46
5256 ORDER 7870 78 53 39 68 1
5257 ORDER 7871 95 15 3 25 0
5257 BLOCK 32 5
5258 ORDER 7872 21 11 96 67 1
5259 ORDER 7873 64 38 3 65 0
5260 UNBLOCK 25 51
5260 ORDER 7874 10 50 1 38 0
5260 ORDER 7875 48 65 13 68 0
5261 ORDER 7876 33 42 1 8 0
5261 ORDER 7877 31 54 3 14 1
5262 ORDER 7878 47 42 52 68 2
5262 ORDER 7879 64 8 87 67 0
5263 ORDER 7880 11 15 1 5 2
5263 ORDER 7881 13 26 1 65 0
5264 ORDER 7882 8 26 46 67 0
5264 ORDER 7883 7 31 2 1 0
5265 UNBLOCK 48 3
5265 UNBLOCK 38 14
5265 ORDER 7884 54 60 3 25 0
5266 ORDER 7885 58 43 3 45 2
5266 ORDER 7886 33 5 16 67 1
5267 ORDER 7887 20 12 2 5 1
5267 ORDER 7888 6 65 52 68 1
5267 BLOCK 27 6
5268 ORDER 7889 19 41 1 19 1
5268 BLOCK 40 3
5269 UNBLOCK 95 33
5269 ORDER 7890 86 54 3 3 0
5269 ORDER 7891 27 11 61 67 3
5270 ORDER 7892 84 39 54 67 0
5270 ORDER 7893 84 20 14 67 0
5271 ORDER 7894 50 30 1 42 1
5271 ORDER 7895 56 59 73 68 0
5272 ORDER 7896 59 17 1 34 0
5272 ORDER 7897 61 20 2 23 0
5273 ORDER 7898 9 45 1 10 2
5273 ORDER 7899 41 60 4 67 1
5274 UNBLOCK 9 44
5274 ORDER 7900 28 56 2 65 0
5274 ORDER 7901 13 39 97 67 0
5274 BLOCK 82 53
5275 ORDER 7902 73 47 52 67 2
5275 ORDER 7903 10 29 2 58 0
5275 BLOCK 43 45
5276 UNBLOCK 60 25
5276 ORDER 7904 26 5 2 15 0
5276 BLOCK 62 26
5277 CANCEL 7720
5277 ORDER 7905 46 9 1 22 0
5278 ORDER 7906 81 44 66 68 1
5279 UNBLOCK 95 23
5279 ORDER 7907 77 54 49 67 0
5280 ORDER 7908 44 53 79 67 0
5281 CANCEL 7878
5281 ORDER 7909 16 8 49 67 2
5281 ORDER 7910 44 3 1 59 0
5281 BLOCK 29 30
5282 CANCEL 7741
5282 ORDER 7911 61 14 3 5 2
5282 ORDER 7912 93 8 86 67 0
5283 ORDER 7913 33 65 14 68 1
5284 ORDER 7914 72 30 9 68 1
5284 ORDER 7915 82 8 3 8 1
5284 BLOCK 43 44
5285 UNBLOCK 83 63
5285 ORDER 7916 55 30 88 68 0
5285 BLOCK 85 57
5286 ORDER 7917 8 39 1 14 1
5287 UNBLOCK 89 44
5287 ORDER 7918 82 11 79 68 0
5288 ORDER 7919 85 63 69 67 0
5289 UNBLOCK 9 44
5289 ORDER 7920 46 56 3 27 0
5289 ORDER 7921 16 25 18 68 3
5289 BLOCK 56 68
5290 UNBLOCK 27 6
5290 ORDER 7922 50 8 75 67 0
5290 ORDER 7923 65 32 3 36 3
5291 CANCEL 7645
5291 ORDER 7924 87 32 1 45 0
5292 ORDER 7925 90 5 32 67 2
5292 ORDER 7926 93 8 58 68 0
5293 ORDER 7927 40 35 1 1 0
5293 BLOCK 75 29
5294 UNBLOCK 43 44
5294 ORDER 7928 45 26 5 67 0
5294 ORDER 7929 93 47 63 68 0
5294 BLOCK 57 23
5295 ORDER 7930 57 65 3 46 1
5296 ORDER 7931 68 33 52 68 1
5296 ORDER 7932 93 64 3 18 0
5297 UNBLOCK 40 3
5297 ORDER 7933 93 12 79 68 1
5297 ORDER 7934 20 62 33 67 0
5298 ORDER 7935 50 29 79 68 0
5298 ORDER 7936 18 57 73 67 0
5299 ORDER 7937 23 56 1 16 0
5299 ORDER 7938 59 44 62 67 0
5300 UNBLOCK 42 11
5300 UNBLOCK 61 32
5300 ORDER 7939 94 26 28 67 0
5300 ORDER 7940 77 24 3 2 1
5301 ORDER 7941 54 45 44 68 0
5301 ORDER 7942 72 5 76 67 0
5302 ORDER 7943 17 6 14 68 0
5303 ORDER 7944 10 51 36 67 0
5303 ORDER 7945 91 14 33 68 0
5303 BLOCK 55 12
5304 ORDER 7946 64 54 98 68 0
5304 ORDER 7947 91 38 7 68 0
5305 ORDER 7948 48 27 91 68 2
5306 ORDER 7949 85 45 1 31 0
5307 ORDER 7950 12 26 1 33 0
5307 BLOCK 93 3
5308 ORDER 7951 82 6 1 4 1
5309 ORDER 7952 29 62 55 67 0
5310 ORDER 7953 29 14 2 10 0
5310 ORDER 7954 56 30 63 67 0
5311 UNBLOCK 36 46
5311 UNBLOCK 75 29
5311 UNBLOCK 57 23
5311 ORDER 7955 20 54 3 46 1
5312 CANCEL 7662
5312 ORDER 7956 38 30 26 67 0
5313 ORDER 7957 26 20 62 68 0
5313 ORDER 7958 89 62 22 67 0
5314 ORDER 7959 17 38 2 30 0
5315 ORDER 7960 6 17 49 67 2
5316 UNBLOCK 29 30
5316 ORDER 7961 61 56 2 3 1
5316 ORDER 7962 89 14 1 26 0
5316 BLOCK 79 36
5317 ORDER 7963 57 32 2 58 0
5318 ORDER 7964 86 57 72 68 0
5318 ORDER 7965 7 6 38 68 0
5319 ORDER 7966 43 18 57 67 0
5319 ORDER 7967 38 65 2 64 2
5320 ORDER 7968 45 59 1 34 0
5320 ORDER 7969 62 26 11 67 0
5321 CANCEL 7883
5321 ORDER 7970 65 18 59 68 1
5322 ORDER 7971 7 6 1 21 0
5323 UNBLOCK 32 5
5323 UNBLOCK 82 53
5323 ORDER 7972 19 39 3 31 2
5324 ORDER 7973 24 51 43 67 0
5324 ORDER 7974 51 33 41 67 1
5324 BLOCK 84 26
5325 UNBLOCK 62 26
5325 ORDER 7975 12 59 54 67 1
5325 ORDER 7976 50 65 3 32 0
5326 ORDER 7977 51 15 3 60 2
5327 ORDER 7978 55 47 63 67 0
5328 ORDER 7979 47 8 89 67 0
5329 ORDER 7980 68 60 2 50 2
5330 ORDER 7981 81 36 2 11 0
5330 ORDER 7982 71 47 2 60 1
5330 BLOCK 61 29
5331 ORDER 7983 82 45 1 50 1
5331 ORDER 7984 57 15 3 36 0
5332 ORDER 7985 77 45 1 59 2
5332 BLOCK 75 29
5333 ORDER 7986 79 6 51 67 1
5334 ORDER 7987 74 30 1 6 1
5335 ORDER 7988 80 11 2 2 0
5335 ORDER 7989 28 21 2 46 1
5336 ORDER 7990 46 18 68 68 2
5336 ORDER 7991 57 41 60 67 0
5337 ORDER 7992 11 14 3 53 0
5337 BLOCK 90 5
5338 ORDER 7993 80 20 2 15 0
5339 ORDER 7994 75 41 3 63 1
5340 ORDER 7995 7 62 2 1 0
5341 ORDER 7996 42 54 34 68 1
5342 ORDER 7997 26 32 84 67 0
5342 BLOCK 37 60
5343 ORDER 7998 61 12 3 10 3
5343 ORDER 7999 29 21 88 67 1
5344 ORDER 8000 21 39 19 67 0
5344 ORDER 8001 9 6 32 68 0
5345 ORDER 8002 54 18 3 64 0
5345 ORDER 8003 19 23 8 67 0
5346 ORDER 8004 47 39 94 68 0
5346 BLOCK 28 67
5347 ORDER 8005 11 37 2 63 1
5348 ORDER 8006 94 42 19 67 1
5348 BLOCK 80 2
5349 UNBLOCK 67 18
5349 ORDER 8007 12 26 25 67 0
5350 ORDER 8008 83 47 78 68 0
5351 ORDER 8009 75 24 1 64 1
5352 ORDER 8010 84 57 1 33 0
5352 ORDER 8011 45 23 3 39 1
5353 ORDER 8012 57 3 2 68 1
5354 ORDER 8013 36 30 1 24 0
5354 BLOCK 68 41
5355 UNBLOCK 43 45
5355 UNBLOCK 85 57
5355 ORDER 8014 15 62 3 11 2
5355 ORDER 8015 59 50 7 67 0
5356 UNBLOCK 56 68
5356 ORDER 8016 57 15 1 1 1
5357 ORDER 8017 25 63 2 64 1
5358 ORDER 8018 57 32 44 68 1
5358 ORDER 8019 53 54 1 5 1
5359 ORDER 8020 20 18 1 38 0
5360 ORDER 8021 70 54 98 68 1
5361 ORDER 8022 27 3 40 67 2
5362 ORDER 8023 16 5 3 26 0
5363 ORDER 8024 59 26 15 67 0
5363 ORDER 8025 17 11 1 34 2
5363 BLOCK 88 48
5364 ORDER 8026 29 54 1 30 2
5364 ORDER 8027 41 59 3 47 0
5364 BLOCK 14 20
5365 UNBLOCK 61 29
5365 ORDER 8028 62 24 1 12 2
5366 ORDER 8029 17 62 1 13 2
5367 ORDER 8030 40 42 91 68 1
5367 ORDER 8031 6 12 9 68 2
5368 ORDER 8032 32 23 86 68 0
5368 ORDER 8033 15 11 55 68 0
5369 ORDER 8034 32 12 49 67 0
5370 ORDER 8035 58 65 2 21 0
5371 ORDER 8036 93 7 1 47 0
5371 ORDER 8037 8 12 1 40 0
5371 BLOCK 93 41
5372 ORDER 8038 55 12 16 67 1
5372 BLOCK 73 14
5373 ORDER 8039 55 36 26 67 1
5373 ORDER 8040 62 44 13 67 0
5373 BLOCK 82 38
5374 ORDER 8041 44 47 10 68 1
5374 ORDER 8042 6 6 3 60 0
5375 ORDER 8043 75 11 68 67 0
5375 ORDER 8044 84 57 1 60 1
5375 BLOCK 14 6
5376 CANCEL 7888
5376 ORDER 8045 54 20 71 67 0
5376 ORDER 8046 73 42 97 67 1
5376 BLOCK 12 11
5377 ORDER 8047 87 48 3 67 2
5378 ORDER 8048 78 63 3 35 0
5378 ORDER 8049 49 3 53 67 0
5379 UNBLOCK 93 3
5379 UNBLOCK 79 36
5379 ORDER 8050 80 12 33 68 1
5379 BLOCK 61 44
5380 ORDER 8051 90 27 2 32 1
5380 ORDER 8052 55 63 2 40 0
5381 ORDER 8053 67 9 1 14 0
5382 UNBLOCK 55 12
5382 ORDER 8054 19 65 1 56 0
5383 ORDER 8055 45 11 3 44 0
5383 ORDER 8056 17 20 2 10 2
5383 BLOCK 52 8
5384 ORDER 8057 94 57 37 68 0
5384 ORDER 8058 31 26 3 33 0
5385 ORDER 8059 40 29 93 67 1
5385 ORDER 8060 14 41 3 16 0
5386 CANCEL 7875
5386 ORDER 8061 9 45 1 38 0
5387 UNBLOCK 37 60
5387 UNBLOCK 28 67
5387 ORDER 8062 18 41 2 38 0
5388 ORDER 8063 17 21 1 13 0
5388 BLOCK 79 38
5389 ORDER 8064 75 51 89 67 1
5389 BLOCK 93 59
5390 ORDER 8065 64 56 38 67 0
5390 ORDER 8066 23 56 1 1 0
5391 ORDER 8067 41 42 1 2 1
5391 ORDER 8068 88 27 1 38 0
5391 BLOCK 25 1
5392 ORDER 8069 82 15 54 68 1
5393 UNBLOCK 75 29
5393 ORDER 8070 49 24 50 68 3
5393 ORDER 8071 85 33 56 67 1
5394 UNBLOCK 12 11
5394 ORDER 8072 58 5 46 67 1
5395 ORDER 8073 87 38 2 65 0
5396 ORDER 8074 54 56 51 67 1
5397 ORDER 8075 66 44 47 67 0
5397 ORDER 8076 60 11 7 68 0
5398 ORDER 8077 35 18 44 67 0
5399 ORDER 8078 54 20 51 67 0
5399 ORDER 8079 17 11 30 67 0
5400 ORDER 8080 95 39 88 68 0
5400 ORDER 8081 73 60 59 68 1
5401 ORDER 8082 77 27 3 6 0
5402 ORDER 8083 43 9 22 67 1
5402 ORDER 8084 55 59 43 68 1
5403 ORDER 8085 30 48 3 49 3
5403 ORDER 8086 57 33 1 28 0
5404 ORDER 8087 7 11 3 33 0
5404 ORDER 8088 50 6 2 5 0
5405 ORDER 8089 9 6 50 68 0
5406 ORDER 8090 48 33 1 17 0
5406 ORDER 8091 50 15 2 34 0
5407 ORDER 8092 30 57 3 50 1
5407 ORDER 8093 34 29 1 33 0
5408 ORDER 8094 59 38 3 67 0
5408 ORDER 8095 10 47 3 44 0
5409 ORDER 8096 30 29 44 68 0
5410 UNBLOCK 90 5
5410 ORDER 8097 66 36 92 68 2
5411 ORDER 8098 18 6 2 60 0
5411 BLOCK 32 47
5412 ORDER 8099 67 27 48 68 1
5412 ORDER 8100 55 20 2 53 0
5413 ORDER 8101 25 32 2 63 3
5413 ORDER 8102 85 8 1 16 3
5414 UNBLOCK 93 41
5414 ORDER 8103 22 62 1 17 0
5415 ORDER 8104 31 48 55 67 1
5415 ORDER 8105 77 51 33 68 0
5416 UNBLOCK 84 26
5416 ORDER 8106 58 51 9 68 1
5416 ORDER 8107 17 38 73 68 0
5416 BLOCK 81 53
5417 ORDER 8108 32 35 22 67 1
5417 ORDER 8109 65 41 47 67 0
5418 ORDER 8110 23 36 1 1 0
5418 ORDER 8111 14 48 3 21 0
5419 ORDER 8112 79 53 92 67 0
5419 ORDER 8113 59 6 3 20 0
5420 ORDER 8114 21 35 1 52 0
5421 CANCEL 7958
5421 UNBLOCK 80 2
5421 ORDER 8115 27 36 42 67 2
5422 ORDER 8116 91 36 1 48 0
5422 ORDER 8117 84 33 3 63 0
5423 ORDER 8118 66 11 2 34 1
5423 BLOCK 45 18
5424 ORDER 8119 66 11 14 67 0
5424 BLOCK 88 66
5425 UNBLOCK 68 41
5425 ORDER 8120 73 59 1 15 1
5426 ORDER 8121 35 59 3 5 1
5427 ORDER 8122 77 57 55 67 0
5428 ORDER 8123 61 65 78 68 0
5428 ORDER 8124 91 62 1 12 0
5429 CANCEL 7893
5429 ORDER 8125 28 42 2 7 0
5430 UNBLOCK 88 48
5430 UNBLOCK 14 20
5430 ORDER 8126 75 17 3 66 0
5430 ORDER 8127 95 50 1 42 0
5431 UNBLOCK 81 53
5431 ORDER 8128 19 65 2 61 0
5432 ORDER 8129 79 33 3 15 0
5432 ORDER 8130 69 29 53 68 0
5433 UNBLOCK 82 38
5433 ORDER 8131 83 44 84 68 0
5433 ORDER 8132 33 51 1 18 0
5434 ORDER 8133 19 39 41 67 0
5434 ORDER 8134 27 44 97 67 1
5434 BLOCK 78 51
5435 UNBLOCK 52 8
5435 ORDER 8135 34 59 20 68 2
5435 ORDER 8136 8 27 3 61 1
5436 ORDER 8137 74 62 3 43 0
5437 ORDER 8138 75 41 28 67 0
5437 ORDER 8139 65 44 11 68 1
5438 ORDER 8140 86 62 2 13 0
5438 ORDER 8141 65 54 2 47 0
5439 ORDER 8142 30 42 1 16 0
5439 ORDER 8143 66 44 71 67 0
5440 UNBLOCK 14 6
5440 ORDER 8144 20 6 2 63 0
5440 BLOCK 71 18
5441 ORDER 8145 27 20 79 68 0
5441 ORDER 8146 29 30 2 24 1
5442 UNBLOCK 61 44
5442 ORDER 8147 21 65 51 68 0
5443 CANCEL 7939
5443 UNBLOCK 73 14
5443 ORDER 8148 18 62 2 55 0
5443 ORDER 8149 78 28 2 44 1
5444 ORDER 8150 64 36 96 68 2
5444 ORDER 8151 63 35 3 31 0
5445 ORDER 8152 12 42 37 67 1
5445 BLOCK 63 19
5446 ORDER 8153 25 57 1 68 0
5447 ORDER 8154 18 38 79 67 0
5447 ORDER 8155 78 62 61 68 0
5448 ORDER 8156 93 56 3 55 0
5449 ORDER 8157 91 3 1 13 1
5450 ORDER 8158 95 18 3 5 0
5450 ORDER 8159 80 21 25 68 1
5451 ORDER 8160 38 57 89 68 0
5451 ORDER 8161 57 20 40 67 0
5452 ORDER 8162 77 44 1 51 0
5453 ORDER 8163 84 51 2 63 0
5454 CANCEL 8120
5454 ORDER 8164 55 62 25 67 1
5454 ORDER 8165 12 54 2 14 0
5455 UNBLOCK 25 1
5455 ORDER 8166 64 6 1 4 0
5455 ORDER 8167 77 56 85 68 0
5456 ORDER 8168 31 35 2 16 1
5456 ORDER 8169 24 18 3 68 3
5457 ORDER 8170 6 32 75 67 0
5457 ORDER 8171 25 30 45 67 0
5458 ORDER 8172 9 35 1 25 0
5458 ORDER 8173 27 9 3 53 2
5459 ORDER 8174 7 15 83 68 3
5459 ORDER 8175 25 59 6 68 0
5460 ORDER 8176 57 54 1 53 0
5461 ORDER 8177 36 20 59 68 0
5462 ORDER 8178 10 48 20 67 0
5463 ORDER 8179 71 5 12 67 0
5463 ORDER 8180 57 38 94 67 2
5463 BLOCK 5 60
5464 ORDER 8181 63 23 97 68 1
5465 CANCEL 8010
5465 ORDER 8182 51 30 2 44 0
5466 ORDER 8183 94 59 12 68 2
5466 ORDER 8184 27 8 2 38 0
5467 ORDER 8185 62 56 85 68 1
5467 ORDER 8186 15 3 3 19 0
5468 ORDER 8187 76 15 5 68 2
5469 UNBLOCK 79 38
5469 ORDER 8188 10 36 1 65 0
5469 ORDER 8189 9 15 2 64 1
5470 ORDER 8190 15 60 3 24 0
5470 ORDER 8191 84 14 55 67 1
5470 BLOCK 86 46
5471 ORDER 8192 56 36 98 67 1
5472 ORDER 8193 59 48 86 68 1
5472 ORDER 8194 82 12 23 68 0
5473 ORDER 8195 70 62 2 21 1
5473 ORDER 8196 9 45 23 67 0
5473 BLOCK 56 36
5474 ORDER 8197 12 57 2 49 1
5474 ORDER 8198 49 29 2 67 0
5475 CANCEL 8106
5475 ORDER 8199 54 38 53 68 0
5475 ORDER 8200 36 9 3 36 0
5476 ORDER 8201 57 15 33 68 1
5477 ORDER 8202 39 29 70 68 0
5477 ORDER 8203 56 5 3 40 0
5477 BLOCK 61 43
5478 ORDER 8204 75 11 39 68 1
5478 ORDER 8205 74 54 84 67 2
5478 BLOCK 45 24
5479 ORDER 8206 87 50 2 1 0
5479 ORDER 8207 18 39 2 48 0
5480 ORDER 8208 30 39 2 43 1
5480 ORDER 8209 31 60 2 18 0
5481 UNBLOCK 78 51
5481 ORDER 8210 79 8 1 31 0
5482 UNBLOCK 93 59
5482 ORDER 8211 15 20 3 40 0
5482 ORDER 8212 8 42 87 68 0
5483 ORDER 8213 50 24 2 25 0
5483 ORDER 8214 34 47 2 35 0
5484 UNBLOCK 71 18
5484 ORDER 8215 34 29 60 68 2
5484 ORDER 8216 51 33 93 68 1
5485 ORDER 8217 31 48 3 68 0
5485 ORDER 8218 88 3 1 35 2
5486 ORDER 8219 44 29 15 67 3
5486 ORDER 8220 90 62 2 67 0
5487 ORDER 8221 46 51 66 68 0
5488 ORDER 8222 16 54 3 21 1
5488 ORDER 8223 77 47 57 67 0
5488 BLOCK 28 12
5489 ORDER 8224 29 24 73 68 2
5489 ORDER 8225 77 24 1 28 1
5490 ORDER 8226 9 48 1 5 0
5490 ORDER 8227 89 53 2 54 0
5491 ORDER 8228 67 56 64 68 0
5492 ORDER 8229 20 18 3 3 2
5492 ORDER 8230 92 38 7 67 3
5493 CANCEL 7998
5493 ORDER 8231 56 21 1 39 0
5494 UNBLOCK 45 24
5494 ORDER 8232 89 38 1 7 0
5494 ORDER 8233 9 47 2 6 1
5495 ORDER 8234 62 41 3 35 1
5495 ORDER 8235 6 23 59 67 0
5495 BLOCK 89 6
5496 ORDER 8236 85 45 2 39 0
5496 ORDER 8237 16 56 3 28 0
5497 ORDER 8238 27 59 3 66 2
5497 ORDER 8239 10 41 1 19 1
5498 ORDER 8240 32 45 85 67 0
5499 UNBLOCK 32 47
5499 ORDER 8241 27 8 55 67 0
5499 ORDER 8242 66 50 2 46 0
5499 BLOCK 52 48
5500 ORDER 8243 64 5 14 68 0
5500 ORDER 8244 57 15 39 68 0
5501 ORDER 8245 17 32 95 67 0
5502 ORDER 8246 15 36 1 15 0
5503 ORDER 8247 78 63 27 68 1
5504 ORDER 8248 14 63 1 43 1
5505 ORDER 8249 89 5 83 68 1
5505 ORDER 8250 83 43 30 68 0
5506 ORDER 8251 48 45 1 17 2
5506 ORDER 8252 31 38 2 7 1
5506 BLOCK 36 59
5507 ORDER 8253 86 32 10 68 1
5507 ORDER 8254 64 9 75 68 2
5508 ORDER 8255 73 8 85 67 0
5508 BLOCK 83 57
5509 ORDER 8256 26 30 2 18 1
5509 ORDER 8257 36 14 64 67 0
5510 ORDER 8258 11 62 23 67 3
5510 ORDER 8259 28 41 14 68 1
5511 UNBLOCK 86 46
5511 ORDER 8260 34 38 2 23 2
5512 CANCEL 8042
5512 ORDER 8261 10 27 2 15 3
5512 ORDER 8262 39 15 3 44 3
5513 ORDER 8263 28 18 56 67 0
5514 CANCEL 8236
5514 ORDER 8264 76 33 11 68 0
5514 ORDER 8265 70 59 1 60 0
5515 ORDER 8266 77 35 73 68 1
5515 ORDER 8267 50 38 1 45 1
5516 UNBLOCK 45 18
5516 ORDER 8268 30 57 10 68 0
5516 ORDER 8269 48 39 85 68 0
5517 ORDER 8270 68 45 32 68 0
5517 ORDER 8271 80 26 66 67 1
5518 UNBLOCK 88 66
5518 ORDER 8272 85 56 3 9 1
5519 ORDER 8273 7 59 69 67 1
5519 ORDER 8274 40 42 3 24 0
5519 BLOCK 92 3
5520 UNBLOCK 63 19
5520 ORDER 8275 47 35 97 68 1
5521 ORDER 8276 56 17 1 4 0
5521 ORDER 8277 15 5 44 67 0
5521 BLOCK 80 68
5522 UNBLOCK 5 60
5522 CANCEL 8265
5522 ORDER 8278 95 3 8 68 3
5522 ORDER 8279 60 39 1 57 0
5522 BLOCK 45 57
5523 UNBLOCK 89 6
5523 ORDER 8280 58 18 27 67 3
5523 ORDER 8281 60 11 1 30 0
5524 ORDER 8282 8 53 3 24 1
5525 ORDER 8283 23 36 2 12 0
5526 ORDER 8284 65 39 74 67 1
5527 ORDER 8285 12 44 2 4 0
5527 ORDER 8286 68 8 90 68 0
5528 ORDER 8287 11 60 2 55 0
5528 ORDER 8288 90 32 1 2 0
5529 ORDER 8289 53 12 2 33 0
5530 ORDER 8290 38 57 3 19 0
5530 BLOCK 42 50
5531 ORDER 8291 11 18 1 47 1
5531 ORDER 8292 47 63 1 52 1
5532 ORDER 8293 47 57 2 29 0
5533 ORDER 8294 13 45 1 13 1
5533 ORDER 8295 67 26 65 68 0
5534 ORDER 8296 20 8 59 67 0
5534 ORDER 8297 42 48 1 57 2
5535 UNBLOCK 61 43
5535 ORDER 8298 59 65 48 67 1
5536 ORDER 8299 64 32 10 68 0
5536 ORDER 8300 47 12 59 68 2
5537 UNBLOCK 28 12
5537 ORDER 8301 8 47 60 67 0
5537 ORDER 8302 7 51 13 67 0
5538 ORDER 8303 78 41 87 67 0
5538 BLOCK 91 36
5539 ORDER 8304 20 32 3 65 0
5539 ORDER 8305 89 23 24 68 0
5540 UNBLOCK 45 57
5540 ORDER 8306 49 15 35 68 3
5540 ORDER 8307 43 35 1 6 0
5540 BLOCK 77 33
5541 ORDER 8308 56 38 3 58 1
5541 ORDER 8309 84 20 64 68 2
5542 ORDER 8310 67 63 2 66 0
5542 BLOCK 91 5
5543 ORDER 8311 86 39 1 47 0
5543 ORDER 8312 41 62 3 15 0
5544 ORDER 8313 41 38 53 68 0
5545 ORDER 8314 52 21 96 68 0
5545 BLOCK 92 11
5546 ORDER 8315 23 12 3 46 3
5547 ORDER 8316 57 8 79 67 0
5547 ORDER 8317 27 57 1 47 0
5548 CANCEL 8099
5548 UNBLOCK 52 48
5548 ORDER 8318 29 30 3 18 3
5548 ORDER 8319 8 17 1 4 0
5549 ORDER 8320 88 15 8 67 1
5549 ORDER 8321 69 47 8 67 0
5550 ORDER 8322 61 18 1 35 0
5550 ORDER 8323 70 18 71 67 1
5551 ORDER 8324 33 45 90 67 0
5551 ORDER 8325 18 33 2 59 3
5552 ORDER 8326 94 57 1 51 3
5552 BLOCK 17 56
5553 ORDER 8327 93 3 47 67 0
5553 ORDER 8328 7 33 1 11 0
5554 ORDER 8329 38 48 95 68 0
5555 ORDER 8330 66 17 1 6 0
5556 ORDER 8331 81 24 70 67 1
5556 ORDER 8332 18 20 1 45 0
5557 ORDER 8333 46 8 46 67 1
5557 ORDER 8334 64 3 65 68 3
5558 ORDER 8335 8 9 1 48 1
5558 ORDER 8336 56 20 1 52 0
5559 ORDER 8337 42 20 2 31 0
5559 ORDER 8338 77 9 1 54 3
5559 BLOCK 29 20
5560 UNBLOCK 92 11
5560 ORDER 8339 44 14 2 53 2
5561 ORDER 8340 66 5 3 29 0
5562 ORDER 8341 92 44 2 27 0
5562 ORDER 8342 22 6 1 8 2
5562 BLOCK 7 30
5563 ORDER 8343 43 6 50 68 0
5563 ORDER 8344 41 19 30 67 2
5564 ORDER 8345 46 5 39 67 1
5565 ORDER 8346 59 30 34 67 1
5566 UNBLOCK 36 59
5566 ORDER 8347 43 48 1 12 2
5566 ORDER 8348 36 11 2 4 3
5567 ORDER 8349 77 53 91 68 0
5568 ORDER 8350 20 33 61 68 1
5569 ORDER 8351 47 24 2 28 0
5570 UNBLOCK 83 57
5570 ORDER 8352 49 50 32 67 0
5571 UNBLOCK 56 36
5571 ORDER 8353 73 47 40 68 0
5571 BLOCK 79 48
5572 CANCEL 8164
5572 ORDER 8354 68 30 3 52 0
5572 ORDER 8355 49 27 2 21 0
5572 BLOCK 58 68
5573 UNBLOCK 77 33
5573 ORDER 8356 45 56 3 39 0
5573 ORDER 8357 38 44 27 68 0
5574 ORDER 8358 56 18 2 66 0
5575 ORDER 8359 84 38 9 68 0
5576 CANCEL 8349
5576 ORDER 8360 40 8 38 67 0
5576 BLOCK 84 36
5577 ORDER 8361 75 20 2 26 2
5578 ORDER 8362 73 8 3 32 1
5579 ORDER 8363 82 54 42 68 1
5580 ORDER 8364 93 9 3 42 0
5580 ORDER 8365 58 65 1 49 1
5581 UNBLOCK 91 36
5581 ORDER 8366 92 30 13 68 0
5582 ORDER 8367 73 45 32 68 2
5583 UNBLOCK 80 68
5583 ORDER 8368 36 17 3 60 0
5583 ORDER 8369 33 29 63 67 1
5584 ORDER 8370 83 44 3 51 1
5584 ORDER 8371 6 14 3 61 3
5585 ORDER 8372 23 39 2 50 1
5586 ORDER 8373 82 30 2 63 1
5587 UNBLOCK 42 50
5587 ORDER 8374 84 60 2 61 3
5587 ORDER 8375 20 56 2 6 0
5587 BLOCK 50 9
5588 ORDER 8376 20 17 1 24 0
5588 ORDER 8377 12 27 30 67 3
5588 BLOCK 31 39
5589 ORDER 8378 55 36 22 68 2
5589 ORDER 8379 29 3 88 67 0
5589 BLOCK 58 50
5590 UNBLOCK 91 5
5590 ORDER 8380 78 41 55 67 0
5590 ORDER 8381 64 20 2 6 0
5591 ORDER 8382 10 63 38 67 0
5591 ORDER 8383 64 5 74 67 2
5592 ORDER 8384 19 53 80 67 2
5592 ORDER 8385 13 33 31 67 0
5593 ORDER 8386 53 57 75 68 0
5593 ORDER 8387 37 57 15 67 0
5594 ORDER 8388 22 42 2 47 0
5594 ORDER 8389 56 35 1 56 0
5595 ORDER 8390 6 59 28 68 0
5596 ORDER 8391 74 11 1 49 0
5597 ORDER 8392 60 14 9 68 2
5598 ORDER 8393 18 51 79 67 0
5598 ORDER 8394 12 54 3 36 0
5599 CANCEL 8294
5599 ORDER 8395 57 41 2 62 1
5600 ORDER 8396 43 51 2 66 2
5601 UNBLOCK 17 56
5601 ORDER 8397 53 57 2 57 1
5601 ORDER 8398 76 32 12 68 1
5601 BLOCK 43 38
5602 ORDER 8399 52 51 73 67 0
5602 ORDER 8400 27 38 3 33 0
5603 ORDER 8401 89 60 2 64 0
5604 UNBLOCK 92 3
5604 UNBLOCK 58 50
5604 ORDER 8402 86 20 23 68 0
5605 ORDER 8403 9 51 2 36 2
5605 ORDER 8404 80 21 3 8 0
5606 UNBLOCK 58 68
5606 ORDER 8405 39 18 31 67 3
5607 ORDER 8406 40 47 93 67 1
5607 ORDER 8407 86 59 68 67 0
5608 ORDER 8408 23 53 47 67 1
5609 ORDER 8409 65 3 3 63 0
5610 ORDER 8410 13 14 21 68 1
5610 ORDER 8411 6 27 3 68 0
5611 CANCEL 8187
5611 ORDER 8412 62 57 1 15 2
5611 ORDER 8413 41 54 2 6 2
5611 BLOCK 52 57
5612 ORDER 8414 69 26 68 68 0
5613 ORDER 8415 12 23 89 68 1
5614 ORDER 8416 36 6 70 67 0
5614 ORDER 8417 49 6 76 68 0
5615 ORDER 8418 33 42 1 38 0
5615 ORDER 8419 17 6 92 68 0
5616 ORDER 8420 10 36 68 68 1
5616 ORDER 8421 83 8 2 6 0
5617 ORDER 8422 49 41 1 55 0
5617 BLOCK 39 45
5618 UNBLOCK 29 20
5618 ORDER 8423 22 8 39 68 0
5618 ORDER 8424 14 47 1 25 1
5619 UNBLOCK 79 48
5619 ORDER 8425 11 65 1 29 0
5619 ORDER 8426 27 41 45 67 1
5620 ORDER 8427 82 56 85 68 2
5620 ORDER 8428 46 8 1 33 0
5621 ORDER 8429 39 15 89 68 0
5622 ORDER 8430 29 33 1 28 2
5623 ORDER 8431 24 15 1 38 1
5623 BLOCK 91 42
5624 CANCEL 8296
5624 ORDER 8432 26 8 1 65 0
5624 ORDER 8433 82 21 3 12 0
5625 ORDER 8434 80 51 6 68 0
5625 BLOCK 14 66
5626 ORDER 8435 13 59 25 68 0
5626 ORDER 8436 23 5 2 32 0
5627 ORDER 8437 57 24 70 67 1
5628 ORDER 8438 92 21 43 67 2
5628 ORDER 8439 11 23 57 67 1
5629 CANCEL 8178
5629 ORDER 8440 15 11 3 13 0
5629 ORDER 8441 76 60 47 67 0
5630 ORDER 8442 58 8 2 18 0
5630 ORDER 8443 78 17 2 4 0
5631 ORDER 8444 37 8 2 61 0
5631 BLOCK 14 62
5632 ORDER 8445 27 54 1 60 0
5632 ORDER 8446 35 53 71 67 3
5633 ORDER 8447 10 59 68 68 0
5633 ORDER 8448 38 51 1 56 0
5633 BLOCK 12 30
5634 ORDER 8449 47 59 31 67 1
5634 ORDER 8450 49 26 2 39 1
5635 CANCEL 8140
5635 ORDER 8451 57 9 64 67 0
5635 ORDER 8452 6 26 11 67 2
5636 CANCEL 8356
5636 ORDER 8453 27 51 15 68 2
5637 ORDER 8454 60 39 54 68 2
5638 UNBLOCK 7 30
5638 UNBLOCK 39 45
5638 ORDER 8455 51 48 50 68 1
5638 ORDER 8456 78 57 2 67 3
5638 BLOCK 30 30
5639 ORDER 8457 79 38 69 68 2
5639 ORDER 8458 24 57 2 55 1
5640 ORDER 8459 51 14 26 68 0
5641 ORDER 8460 68 8 3 33 1
5642 ORDER 8461 8 41 77 68 0
5643 ORDER 8462 34 15 16 67 0
5644 ORDER 8463 65 48 77 67 0
5644 ORDER 8464 95 41 3 23 0
5645 ORDER 8465 57 36 3 60 0
5645 ORDER 8466 6 13 3 16 1
5646 ORDER 8467 51 42 3 35 0
5646 BLOCK 30 2
5647 ORDER 8468 45 29 1 11 1
5647 ORDER 8469 80 26 1 42 0
5647 BLOCK 36 67
5648 UNBLOCK 52 57
5648 ORDER 8470 48 41 19 67 0
5648 ORDER 8471 10 3 13 68 1
5649 ORDER 8472 52 29 3 58 0
5649 ORDER 8473 17 65 19 68 0
5649 BLOCK 45 40
5650 ORDER 8474 70 27 1 53 0
5650 ORDER 8475 63 8 2 38 2
5650 BLOCK 22 19
5651 CANCEL 8203
5651 ORDER 8476 94 18 86 68 0
5651 ORDER 8477 36 26 2 1 1
5652 ORDER 8478 79 5 1 37 3
5652 ORDER 8479 7 18 1 59 1
5653 ORDER 8480 73 35 38 67 0
5654 ORDER 8481 16 53 20 68 2
5655 ORDER 8482 56 19 1 2 0
5655 ORDER 8483 20 6 2 25 2
5655 BLOCK 24 7
5656 ORDER 8484 18 50 3 3 0
5656 ORDER 8485 15 30 3 53 0
5657 ORDER 8486 59 15 1 58 1
5657 ORDER 8487 46 60 58 68 2
5658 ORDER 8488 20 54 34 68 3
5658 ORDER 8489 42 36 35 68 0
5659 ORDER 8490 16 65 1 34 2
5659 ORDER 8491 87 21 23 68 1
5660 ORDER 8492 68 27 3 18 0
5660 ORDER 8493 64 11 24 68 0
5661 ORDER 8494 14 65 52 68 1
5662 ORDER 8495 9 21 72 68 1
5662 ORDER 8496 29 30 92 67 0
5662 BLOCK 6 33
5663 UNBLOCK 30 30
5663 ORDER 8497 75 29 3 32 1
5663 ORDER 8498 56 33 96 67 0
5664 UNBLOCK 50 9
5664 ORDER 8499 32 45 38 68 2
5665 ORDER 8500 41 33 3 31 0
5665 ORDER 8501 54 39 49 67 0
5665 BLOCK 19 62
5666 CANCEL 8270
5666 ORDER 8502 24 53 97 67 1
5666 ORDER 8503 84 32 22 67 0
5666 BLOCK 28 42
5667 UNBLOCK 84 36
5667 ORDER 8504 48 53 3 68 0
5667 ORDER 8505 64 23 3 28 0
5668 ORDER 8506 46 17 1 54 0
5669 UNBLOCK 91 42
5669 ORDER 8507 63 30 1 38 0
5669 ORDER 8508 23 24 21 67 1
5670 ORDER 8509 16 15 2 10 1
5670 ORDER 8510 81 20 15 68 2
5671 ORDER 8511 93 51 2 31 1
5672 UNBLOCK 31 39
5672 ORDER 8512 87 44 8 68 0
5672 ORDER 8513 36 44 34 67 2
5673 ORDER 8514 27 39 61 68 3
5674 ORDER 8515 92 56 40 67 1
5674 ORDER 8516 6 59 3 18 1
5675 ORDER 8517 66 30 26 67 3
5675 ORDER 8518 60 48 2 66 0
5675 BLOCK 76 45
5676 ORDER 8519 7 35 77 68 0
5676 ORDER 8520 44 41 48 67 2
5677 ORDER 8521 83 63 3 7 0
5678 ORDER 8522 90 9 30 67 0
5678 ORDER 8523 49 18 1 48 2
5679 ORDER 8524 80 45 9 68 1
5679 ORDER 8525 45 32 60 67 1
5680 ORDER 8526 55 35 37 67 1
5680 ORDER 8527 7 23 3 61 0
5681 ORDER 8528 68 35 62 67 0
5682 ORDER 8529 95 20 2 22 1
5683 ORDER 8530 73 18 74 67 0
5684 ORDER 8531 83 30 50 67 2
5684 ORDER 8532 57 41 92 68 0
5684 BLOCK 70 33
5685 ORDER 8533 81 56 2 66 1
5685 BLOCK 77 62
5686 UNBLOCK 6 33
5686 ORDER 8534 55 9 84 68 0
5687 UNBLOCK 43 38
5687 ORDER 8535 77 24 36 67 2
5688 ORDER 8536 6 45 20 67 0
5688 ORDER 8537 88 20 2 11 2
5689 ORDER 8538 92 6 3 17 0
5689 CANCEL 108538
5690 ORDER 8539 65 59 93 67 0
5690 BLOCK 6 35
5691 ORDER 8540 61 50 2 29 0
5691 ORDER 8541 77 41 2 5 1
5692 ORDER 8542 43 17 2 65 2
5693 UNBLOCK 45 40
5693 ORDER 8543 14 63 73 67 2
5693 ORDER 8544 33 57 3 46 2
5694 ORDER 8545 44 33 17 67 1
5695 UNBLOCK 14 62
5695 ORDER 8546 21 18 3 50 0
5695 BLOCK 53 32
5696 ORDER 8547 41 33 75 67 0
5696 ORDER 8548 11 9 3 51 0
5697 ORDER 8549 74 20 2 43 1
5697 BLOCK 68 57
5698 ORDER 8550 19 23 23 68 0
5698 ORDER 8551 42 62 1 22 1
5698 BLOCK 61 68
5699 ORDER 8552 45 53 94 67 0
5699 ORDER 8553 62 59 1 43 3
5700 CANCEL 8501
5700 ORDER 8554 18 14 3 47 0
5700 ORDER 8555 95 30 84 67 0
5701 CANCEL 8302
5701 UNBLOCK 14 66
5701 ORDER 8556 27 53 3 5 0
5702 ORDER 8557 62 41 87 67 0
5702 BLOCK 94 51
5703 ORDER 8558 15 5 2 11 0
5704 ORDER 8559 17 24 21 68 0
5704 BLOCK 84 30
5705 ORDER 8560 18 53 3 10 0
5705 ORDER 8561 9 15 50 67 0
5706 ORDER 8562 55 3 2 6 1
5706 ORDER 8563 32 41 3 58 1
5707 CANCEL 8423
5707 ORDER 8564 28 54 1 50 1
5708 ORDER 8565 17 36 88 68 0
5708 BLOCK 70 24
5709 UNBLOCK 12 30
5709 ORDER 8566 36 65 2 40 1
5709 ORDER 8567 53 27 1 44 0
5710 ORDER 8568 18 50 4 68 0
5711 UNBLOCK 24 7
5711 ORDER 8569 38 24 7 68 0
5712 UNBLOCK 22 19
5712 ORDER 8570 77 18 56 68 1
5713 ORDER 8571 89 3 2 57 0
5714 ORDER 8572 61 48 84 67 0
5715 ORDER 8573 32 45 47 68 0
5715 BLOCK 18 18
5716 UNBLOCK 19 62
5716 ORDER 8574 42 56 2 65 0
5716 ORDER 8575 30 57 70 67 2
5717 ORDER 8576 55 32 26 67 3
5718 ORDER 8577 27 9 2 53 0
5718 ORDER 8578 89 47 5 67 0
5719 UNBLOCK 28 42
5719 ORDER 8579 57 26 2 20 0
5719 ORDER 8580 38 23 89 68 3
5719 BLOCK 30 38
5720 UNBLOCK 30 2
5720 ORDER 8581 29 39 1 26 2
5720 ORDER 8582 75 11 2 18 1
5720 BLOCK 37 26
5721 UNBLOCK 36 67
5721 ORDER 8583 78 62 1 55 0
5721 ORDER 8584 53 12 2 42 0
5722 UNBLOCK 6 35
5722 ORDER 8585 25 11 3 14 0
5723 ORDER 8586 18 36 70 67 1
5724 UNBLOCK 70 33
5724 ORDER 8587 50 36 1 53 1
5725 CANCEL 8315
5725 ORDER 8588 80 29 2 9 0
5726 ORDER 8589 21 60 3 25 0
5726 BLOCK 87 57
5727 ORDER 8590 10 42 77 68 0
5728 CANCEL 8446
5728 ORDER 8591 73 20 77 68 1
5729 ORDER 8592 46 65 2 14 1
5729 ORDER 8593 64 59 3 54 0
5730 ORDER 8594 40 54 1 38 0
5730 ORDER 8595 92 44 3 59 2
5731 UNBLOCK 94 51
5731 ORDER 8596 94 47 34 68 2
5732 CANCEL 8318
5732 ORDER 8597 19 63 19 67 2
5732 ORDER 8598 84 32 61 67 3
5732 BLOCK 32 18
5733 ORDER 8599 55 65 3 63 0
5734 ORDER 8600 54 47 3 1 0
5734 ORDER 8601 9 5 31 68 0
5735 CANCEL 8497
5735 ORDER 8602 85 50 6 67 3
5736 ORDER 8603 92 48 3 2 1
5736 BLOCK 92 39
5737 UNBLOCK 37 26
5737 ORDER 8604 32 39 2 34 2
5737 ORDER 8605 37 62 2 28 2
5738 ORDER 8606 91 18 92 67 0
5739 ORDER 8607 15 65 70 68 0
5739 ORDER 8608 29 53 73 67 3
5739 BLOCK 45 29
5740 ORDER 8609 20 9 57 68 0
5740 ORDER 8610 8 57 2 54 0
5741 ORDER 8611 49 33 1 25 1
5742 UNBLOCK 76 45
5742 ORDER 8612 33 41 11 67 1
5742 ORDER 8613 74 5 21 68 0
5743 ORDER 8614 9 8 75 68 1
5743 ORDER 8615 50 15 87 67 0
5744 ORDER 8616 11 44 1 5 0
5744 ORDER 8617 59 51 1 32 1
5744 BLOCK 80 48
5745 ORDER 8618 33 42 8 67 1
5746 ORDER 8619 42 29 37 67 0
5747 ORDER 8620 39 36 3 65 1
5747 BLOCK 71 57
5748 ORDER 8621 7 23 3 11 0
5748 ORDER 8622 9 9 2 32 3
5749 CANCEL 8519
5749 ORDER 8623 39 39 2 50 0
5749 ORDER 8624 79 48 60 67 1
5749 BLOCK 68 57
5750 ORDER 8625 50 35 47 67 0
5750 BLOCK 9 42
5751 ORDER 8626 66 44 43 68 0
5751 BLOCK 26 41
5752 ORDER 8627 19 33 2 57 0
5752 ORDER 8628 55 24 11 68 0
5753 UNBLOCK 30 38
5753 ORDER 8629 35 11 3 46 2
5753 ORDER 8630 63 12 1 5 2
5754 ORDER 8631 92 50 83 67 0
5754 BLOCK 68 14
5755 ORDER 8632 48 11 56 68 1
5755 ORDER 8633 41 30 2 32 0
5756 UNBLOCK 68 57
5756 ORDER 8634 30 14 57 67 2
5756 ORDER 8635 48 17 56 68 0
5756 BLOCK 80 66
5757 ORDER 8636 37 54 36 67 0
5757 ORDER 8637 6 33 3 17 2
5758 UNBLOCK 77 62
5758 ORDER 8638 10 38 3 28 2
5759 CANCEL 8401
5759 ORDER 8639 26 38 23 68 0
5760 ORDER 8640 76 54 2 67 2
5760 BLOCK 91 38
5761 ORDER 8641 86 21 2 59 0
5762 ORDER 8642 66 62 2 35 1
5762 ORDER 8643 74 8 1 23 0
5763 ORDER 8644 35 62 59 68 0
5763 ORDER 8645 83 23 2 28 2
5764 ORDER 8646 88 59 63 68 0
5764 ORDER 8647 56 63 2 15 1
5764 BLOCK 94 35
5765 CANCEL 8441
5765 UNBLOCK 68 14
5765 ORDER 8648 50 33 3 67 0
5765 ORDER 8649 21 27 1 60 0
5765 BLOCK 87 48
5766 UNBLOCK 61 68
5766 ORDER 8650 45 5 81 68 1
5766 ORDER 8651 65 15 16 68 2
5766 BLOCK 57 12
5767 ORDER 8652 30 65 35 68 0
5768 UNBLOCK 53 32
5768 ORDER 8653 89 50 2 43 2
5768 ORDER 8654 19 44 67 67 2
5769 UNBLOCK 32 18
5769 ORDER 8655 52 5 29 68 1
5769 ORDER 8656 39 41 79 68 3
5770 ORDER 8657 26 38 31 68 1
5770 ORDER 8658 89 38 57 67 0
5771 ORDER 8659 63 8 1 55 0
5771 ORDER 8660 78 12 1 34 1
5772 ORDER 8661 73 32 43 67 0
5772 BLOCK 39 66
5773 UNBLOCK 26 41
5773 ORDER 8662 23 36 92 68 1
5773 ORDER 8663 33 51 63 68 3
5774 ORDER 8664 92 56 39 67 0
5775 UNBLOCK 45 29
5775 ORDER 8665 66 41 2 59 2
5775 ORDER 8666 55 63 84 68 0
5776 UNBLOCK 68 57
5776 ORDER 8667 13 14 1 57 0
5777 ORDER 8668 47 41 81 67 0
5777 BLOCK 33 60
5778 ORDER 8669 35 24 13 68 0
5779 UNBLOCK 80 66
5779 ORDER 8670 39 26 3 18 1
5779 ORDER 8671 61 60 60 68 0
5780 UNBLOCK 87 48
5780 ORDER 8672 51 20 38 68 0
5780 BLOCK 25 68
5781 ORDER 8673 8 63 58 67 0
5781 ORDER 8674 38 44 10 67 0
5782 ORDER 8675 83 15 2 66 0
5783 ORDER 8676 89 62 37 67 0
5784 ORDER 8677 8 53 25 68 0
5785 ORDER 8678 8 59 11 67 1
5785 ORDER 8679 30 39 2 22 0
5786 CANCEL 8605
5786 ORDER 8680 41 24 1 17 0
5786 ORDER 8681 86 9 1 47 0
5787 ORDER 8682 41 14 8 67 0
5787 ORDER 8683 69 21 1 41 0
5788 ORDER 8684 44 24 37 67 0
5788 ORDER 8685 92 60 2 4 0
5789 ORDER 8686 60 41 3 62 1
5789 ORDER 8687 77 21 74 67 0
5790 ORDER 8688 44 29 2 20 0
5791 UNBLOCK 25 68
5791 ORDER 8689 67 15 31 68 0
5792 ORDER 8690 45 32 3 7 3
5792 ORDER 8691 85 11 91 67 0
5793 ORDER 8692 73 12 2 33 0
5793 ORDER 8693 81 11 61 68 0
5793 BLOCK 14 68
5794 ORDER 8694 71 11 41 68 0
5795 ORDER 8695 88 47 1 18 0
5796 UNBLOCK 33 60
5796 ORDER 8696 89 14 80 67 0
5797 ORDER 8697 90 20 40 68 0
5798 ORDER 8698 33 14 2 47 0
5798 BLOCK 87 26
5799 ORDER 8699 75 48 1 59 1
5800 UNBLOCK 84 30
5800 ORDER 8700 17 42 19 67 3
5801 UNBLOCK 9 42
5801 ORDER 8701 84 42 2 62 0
5801 ORDER 8702 50 6 36 67 0
5801 BLOCK 38 30
5802 UNBLOCK 70 24
5802 ORDER 8703 42 5 51 67 3
5802 ORDER 8704 62 41 32 67 0
5802 BLOCK 21 29
5803 ORDER 8705 45 7 3 49 2
5803 ORDER 8706 76 17 2 27 1
5804 ORDER 8707 66 54 86 67 0
5804 ORDER 8708 79 8 78 67 2
5805 CANCEL 8444
5805 ORDER 8709 9 35 2 20 2
5806 UNBLOCK 87 57
5806 ORDER 8710 37 50 3 25 1
5806 ORDER 8711 90 62 3 49 1
5807 UNBLOCK 92 39
5807 ORDER 8712 23 56 1 41 0
5807 ORDER 8713 18 5 80 67 1
5807 BLOCK 41 67
5808 ORDER 8714 94 20 3 4 2
5808 ORDER 8715 48 3 3 15 0
5809 ORDER 8716 44 30 8 68 2
5810 UNBLOCK 71 57
5810 ORDER 8717 39 62 60 68 2
5810 ORDER 8718 75 56 79 67 0
5811 ORDER 8719 12 29 1 47 1
5812 UNBLOCK 18 18
5812 UNBLOCK 14 68
5812 ORDER 8720 81 32 2 15 0
5813 ORDER 8721 44 21 1 36 0
5813 ORDER 8722 55 53 2 34 0
5814 ORDER 8723 73 8 2 48 1
5814 ORDER 8724 57 50 66 68 2
5815 ORDER 8725 78 18 3 1 0
5815 ORDER 8726 23 33 64 67 2
5816 ORDER 8727 16 51 3 30 2
5817 UNBLOCK 91 38
5817 ORDER 8728 17 60 2 60 3
5818 ORDER 8729 57 42 16 68 0
5819 ORDER 8730 82 33 46 68 0
5820 CANCEL 8509
5820 ORDER 8731 50 15 73 68 0
5821 UNBLOCK 80 48
5821 ORDER 8732 65 35 1 9 0
5822 ORDER 8733 18 63 3 14 2
5822 ORDER 8734 47 26 86 67 0
5823 ORDER 8735 24 38 1 54 0
5823 ORDER 8736 15 15 1 53 0
5824 ORDER 8737 46 42 43 67 0
5825 ORDER 8738 51 15 85 67 0
5825 ORDER 8739 87 39 48 67 0
5825 BLOCK 7 5
5826 ORDER 8740 55 33 79 68 0
5827 ORDER 8741 61 65 3 8 0
5827 ORDER 8742 93 6 77 68 0
5828 ORDER 8743 66 9 32 67 0
5828 ORDER 8744 84 33 1 44 1
5829 ORDER 8745 72 11 92 68 2
5829 ORDER 8746 89 12 3 10 1
5830 ORDER 8747 60 33 46 68 1
5830 ORDER 8748 33 3 90 67 1
5831 CANCEL 8504
5831 ORDER 8749 65 51 3 48 0
5831 ORDER 8750 60 21 25 67 0
5832 ORDER 8751 67 15 66 67 0
5832 ORDER 8752 79 8 56 67 0
5833 ORDER 8753 78 17 93 68 0
5833 ORDER 8754 54 15 1 13 2
5834 ORDER 8755 27 17 2 10 0
5834 BLOCK 92 11
5835 CANCEL 8479
5835 ORDER 8756 66 48 1 11 0
5836 ORDER 8757 54 42 2 16 2
5836 BLOCK 46 26
5837 ORDER 8758 57 26 84 67 1
5837 ORDER 8759 26 6 1 22 0
5838 ORDER 8760 33 44 17 68 0
5839 ORDER 8761 77 29 79 67 0
5839 ORDER 8762 49 36 95 67 0
5839 BLOCK 21 47
5840 ORDER 8763 78 44 3 41 0
5840 ORDER 8764 26 56 3 53 0
5841 ORDER 8765 8 6 94 68 1
5841 ORDER 8766 27 60 2 19 3
5842 UNBLOCK 39 66
5842 ORDER 8767 39 42 43 68 0
5843 ORDER 8768 68 14 3 2 0
5844 CANCEL 8657
5844 ORDER 8769 75 20 2 20 0
5844 ORDER 8770 67 41 3 54 3
5844 BLOCK 61 25
5845 ORDER 8771 95 48 2 11 1
5845 ORDER 8772 88 12 2 2 3
5846 ORDER 8773 85 11 47 67 0
5846 ORDER 8774 6 47 98 67 1
5846 BLOCK 59 17
5847 UNBLOCK 87 26
5847 ORDER 8775 78 48 88 67 0
5848 ORDER 8776 38 11 55 67 1
5848 BLOCK 8 68
5849 ORDER 8777 49 23 1 57 1
5849 ORDER 8778 64 18 2 62 1
5850 UNBLOCK 94 35
5850 ORDER 8779 86 33 32 67 0
5851 CANCEL 8618
5851 ORDER 8780 61 47 1 3 1
5851 ORDER 8781 11 59 60 67 2
5852 ORDER 8782 74 17 58 67 0
5852 ORDER 8783 22 56 2 30 0
5853 ORDER 8784 71 6 51 68 1
5853 ORDER 8785 89 18 71 67 1
5854 ORDER 8786 50 27 27 67 0
5854 ORDER 8787 91 11 87 67 2
5855 ORDER 8788 84 60 2 8 0
5855 ORDER 8789 53 54 3 33 0
5856 ORDER 8790 89 36 1 62 1
5857 ORDER 8791 76 60 1 42 3
5858 UNBLOCK 57 12
5858 UNBLOCK 7 5
5858 ORDER 8792 67 11 66 68 0
5859 ORDER 8793 16 3 2 13 0
5859 BLOCK 25 39
5860 CANCEL 8679
5860 CANCEL 8767
5860 ORDER 8794 61 63 69 67 1
5860 BLOCK 25 35
5861 ORDER 8795 71 11 98 67 0
5861 ORDER 8796 75 48 3 44 1
5862 ORDER 8797 51 65 3 9 0
5862 ORDER 8798 10 45 50 68 0
5863 UNBLOCK 92 11
5863 ORDER 8799 94 35 47 68 0
5864 UNBLOCK 21 47
5864 ORDER 8800 94 59 2 15 1
5864 ORDER 8801 44 5 1 60 0
5865 ORDER 8802 6 21 51 67 0
5866 ORDER 8803 35 38 39 67 0
5866 ORDER 8804 93 54 1 31 0
5867 ORDER 8805 45 57 43 68 2
5867 ORDER 8806 19 54 3 20 0
5868 ORDER 8807 59 35 31 67 0
5868 ORDER 8808 28 21 52 68 0
5868 BLOCK 38 36
5869 ORDER 8809 10 65 3 16 0
5870 UNBLOCK 61 25
5870 ORDER 8810 81 60 58 67 0
5871 ORDER 8811 54 26 24 67 0
5871 ORDER 8812 40 36 2 23 0
5872 ORDER 8813 50 20 2 48 2
5873 ORDER 8814 58 53 3 39 2
5873 ORDER 8815 54 60 3 65 0
5874 ORDER 8816 49 20 3 46 0
5874 ORDER 8817 68 57 54 67 3
5875 UNBLOCK 25 35
5875 ORDER 8818 77 12 69 68 2
5875 ORDER 8819 94 45 1 32 2
5876 ORDER 8820 21 44 27 67 2
5876 ORDER 8821 75 24 3 56 2
5877 ORDER 8822 30 39 2 4 0
5877 ORDER 8823 16 42 1 43 0
5878 ORDER 8824 91 36 55 68 0
5879 ORDER 8825 23 60 51 68 0
5879 ORDER 8826 38 32 20 67 0
5880 ORDER 8827 95 41 51 68 1
5881 ORDER 8828 60 63 3 28 0
5881 ORDER 8829 51 20 30 68 1
5882 ORDER 8830 85 41 83 67 2
5882 BLOCK 48 68
5883 ORDER 8831 77 65 9 68 0
5883 ORDER 8832 68 53 5 67 1
5884 ORDER 8833 59 60 61 67 0
5885 ORDER 8834 17 51 1 28 0
5885 BLOCK 31 4
5886 ORDER 8835 83 30 1 35 0
5887 ORDER 8836 76 38 3 8 2
5887 ORDER 8837 74 17 2 34 0
5888 ORDER 8838 64 38 2 32 0
5889 UNBLOCK 38 30
5889 ORDER 8839 26 51 2 16 1
5890 ORDER 8840 72 27 1 62 1
5890 ORDER 8841 35 11 36 68 0
5891 ORDER 8842 78 45 86 67 0
5892 ORDER 8843 7 41 31 68 0
5892 ORDER 8844 41 47 3 4 0
5892 BLOCK 25 47
5893 ORDER 8845 45 36 3 12 1
5893 ORDER 8846 74 20 82 67 0
5893 BLOCK 63 5
5894 ORDER 8847 79 38 1 11 1
5895 CANCEL 8685
5895 ORDER 8848 71 5 69 68 0
5896 ORDER 8849 74 54 1 24 2
5897 ORDER 8850 64 60 3 56 0
5898 ORDER 8851 79 57 41 67 1
5898 ORDER 8852 10 23 4 67 0
5899 UNBLOCK 21 29
5899 ORDER 8853 51 44 3 11 1
5899 ORDER 8854 70 56 2 56 0
5900 UNBLOCK 46 26
5900 ORDER 8855 39 21 2 54 2
5901 ORDER 8856 50 24 21 67 3
5901 ORDER 8857 70 39 2 64 0
5902 ORDER 8858 24 27 1 56 2
5902 CANCEL 108858
5903 ORDER 8859 85 6 27 68 0
5903 ORDER 8860 73 41 67 67 1
5904 UNBLOCK 41 67
5904 UNBLOCK 25 39
5904 ORDER 8861 90 12 1 39 1
5904 ORDER 8862 90 30 2 9 1
5904 BLOCK 24 59
5905 UNBLOCK 48 68
5905 ORDER 8863 60 41 47 68 3
5905 ORDER 8864 31 29 63 68 0
5906 ORDER 8865 45 54 1 8 0
5906 ORDER 8866 63 9 57 68 1
5907 ORDER 8867 23 27 1 16 0
5908 ORDER 8868 76 42 1 2 1
5909 ORDER 8869 88 6 2 13 0
5909 BLOCK 34 25
5910 ORDER 8870 60 9 1 23 1
5911 ORDER 8871 54 18 74 68 0
5911 BLOCK 16 29
5912 ORDER 8872 92 50 66 67 1
5912 ORDER 8873 40 59 63 68 0
5913 ORDER 8874 69 32 1 64 0
5913 ORDER 8875 82 3 6 67 0
5913 BLOCK 90 14
5914 UNBLOCK 38 36
5914 ORDER 8876 35 9 97 67 1
5914 ORDER 8877 33 5 1 10 0
5915 CANCEL 8596
5915 ORDER 8878 20 11 66 67 3
5915 ORDER 8879 72 50 1 25 1
5916 ORDER 8880 11 62 65 67 2
5917 ORDER 8881 52 53 98 67 2
5917 ORDER 8882 87 42 67 67 1
5918 ORDER 8883 18 30 11 68 0
5918 ORDER 8884 66 12 88 68 0
5918 BLOCK 16 20
5919 UNBLOCK 8 68
5919 ORDER 8885 19 36 20 67 3
5919 ORDER 8886 74 20 64 68 0
5920 ORDER 8887 92 29 45 67 0
5920 ORDER 8888 61 45 57 67 0
5920 BLOCK 9 23
5921 ORDER 8889 95 48 6 67 2
5921 ORDER 8890 73 39 1 2 1
5922 ORDER 8891 16 62 3 43 0
5923 ORDER 8892 77 18 73 68 2
5924 ORDER 8893 41 54 2 65 0
5924 ORDER 8894 52 3 1 26 2
5924 BLOCK 22 29
5925 ORDER 8895 36 18 1 3 0
5926 CANCEL 8857
5926 UNBLOCK 16 29
5926 ORDER 8896 32 29 61 67 2
5927 ORDER 8897 30 23 3 5 0
5927 ORDER 8898 47 23 3 48 0
5928 ORDER 8899 48 9 3 59 0
5929 ORDER 8900 73 44 49 67 2
5929 ORDER 8901 83 5 48 67 0
5929 BLOCK 76 54
5930 ORDER 8902 84 63 6 67 0
5931 ORDER 8903 70 9 40 68 0
5931 ORDER 8904 34 17 3 49 1
5932 ORDER 8905 20 47 67 67 0
5932 ORDER 8906 45 65 91 67 1
5932 BLOCK 76 11
5933 ORDER 8907 74 45 75 68 2
5934 ORDER 8908 64 17 3 31 0
5934 ORDER 8909 51 15 2 55 0
5934 BLOCK 14 62
5935 ORDER 8910 43 33 50 68 0
5935 ORDER 8911 70 41 18 67 1
5935 BLOCK 8 8
5936 UNBLOCK 31 4
5936 ORDER 8912 44 57 2 16 3
5936 ORDER 8913 91 62 2 31 0
5937 ORDER 8914 6 57 94 68 0
5937 ORDER 8915 10 48 2 14 1
5938 ORDER 8916 17 5 1 50 0
5938 ORDER 8917 64 38 87 68 0
5939 ORDER 8918 92 3 9 68 0
5940 ORDER 8919 58 63 2 40 0
5941 ORDER 8920 92 32 3 5 0
5941 BLOCK 77 8
5942 CANCEL 8752
5942 ORDER 8921 61 59 77 68 1
5943 UNBLOCK 59 17
5943 ORDER 8922 54 53 3 61 1
5944 ORDER 8923 9 39 15 67 0
5944 ORDER 8924 19 53 88 67 0
5945 UNBLOCK 76 11
5945 ORDER 8925 49 35 58 67 0
5945 ORDER 8926 75 42 1 2 1
5946 ORDER 8927 11 23 1 66 0
5947 CANCEL 8927
5947 ORDER 8928 80 24 5 68 0
5947 BLOCK 75 63
5948 ORDER 8929 42 56 1 12 0
5948 ORDER 8930 46 30 31 67 0
5949 ORDER 8931 85 11 3 20 0
5949 ORDER 8932 60 41 1 5 0
5950 ORDER 8933 25 20 61 68 3
5951 ORDER 8934 29 23 2 63 0
5952 ORDER 8935 46 9 3 59 2
5952 ORDER 8936 90 38 3 53 2
5953 ORDER 8937 68 20 21 68 0
5953 ORDER 8938 8 47 3 44 0
5954 ORDER 8939 66 53 1 37 1
5954 ORDER 8940 27 21 55 68 1
5955 UNBLOCK 22 29
5955 ORDER 8941 95 45 1 64 0
5955 ORDER 8942 35 24 3 27 0
5955 BLOCK 50 65
5956 ORDER 8943 28 50 65 68 0
5956 ORDER 8944 78 54 41 67 0
5957 ORDER 8945 34 36 50 67 0
5957 ORDER 8946 20 33 3 19 0
5958 ORDER 8947 78 27 88 68 3
5958 ORDER 8948 28 15 43 67 3
5959 ORDER 8949 74 8 3 36 0
5959 ORDER 8950 37 36 38 68 1
5959 BLOCK 78 24
5960 ORDER 8951 30 11 30 68 0
5960 ORDER 8952 44 23 84 68 1
5960 BLOCK 35 20
5961 ORDER 8953 50 44 1 56 0
5961 ORDER 8954 39 23 2 1 1
5961 BLOCK 49 57
5962 ORDER 8955 16 54 98 68 0
5962 ORDER 8956 12 57 3 13 0
5963 ORDER 8957 57 23 52 68 0
5964 ORDER 8958 27 14 3 5 0
5965 ORDER 8959 38 59 80 67 1
5966 ORDER 8960 74 9 1 23 1
5967 UNBLOCK 14 62
5967 ORDER 8961 18 41 70 68 1
5968 UNBLOCK 50 65
5968 ORDER 8962 65 5 35 67 0
5968 ORDER 8963 27 63 3 2 0
5969 ORDER 8964 73 44 57 68 0
5969 ORDER 8965 93 41 69 68 0
5970 CANCEL 8719
5970 ORDER 8966 22 35 1 42 1
5971 ORDER 8967 36 11 3 57 1
5971 ORDER 8968 40 41 80 68 0
5972 ORDER 8969 13 23 2 50 0
5973 ORDER 8970 34 47 1 14 0
5973 ORDER 8971 6 15 15 68 0
5974 ORDER 8972 69 47 31 68 2
5975 ORDER 8973 55 9 12 67 3
5975 ORDER 8974 90 14 77 68 2
5976 ORDER 8975 53 6 90 67 0
5977 UNBLOCK 49 57
5977 ORDER 8976 21 12 1 35 0
5977 ORDER 8977 42 50 73 67 0
5978 ORDER 8978 90 11 36 67 1
5979 ORDER 8979 50 60 1 1 0
5979 ORDER 8980 81 27 75 68 0
5980 ORDER 8981 82 39 3 11 0
5981 ORDER 8982 35 17 1 54 0
5981 BLOCK 52 54
5982 UNBLOCK 78 24
5982 ORDER 8983 44 6 2 50 0
5982 ORDER 8984 62 39 68 68 0
5983 ORDER 8985 38 18 25 67 0
5983 ORDER 8986 28 9 61 67 2
5983 BLOCK 59 51
5984 UNBLOCK 63 5
5984 UNBLOCK 24 59
5984 ORDER 8987 56 9 2 43 0
5985 UNBLOCK 25 47
5985 ORDER 8988 39 20 2 34 3
5985 ORDER 8989 75 20 2 35 1
5986 ORDER 8990 87 29 3 2 0
5987 UNBLOCK 75 63
5987 ORDER 8991 77 9 3 49 1
5988 CANCEL 8717
5988 UNBLOCK 9 23
5988 ORDER 8992 30 47 58 68 0
5989 CANCEL 8863
5989 ORDER 8993 33 35 1 15 0
5989 ORDER 8994 79 33 64 67 0
5990 ORDER 8995 46 32 48 67 0
5991 ORDER 8996 94 60 35 68 0
5991 ORDER 8997 68 15 93 68 0
5992 ORDER 8998 49 42 1 5 1
5992 ORDER 8999 31 60 3 9 1
5992 BLOCK 10 63
5993 ORDER 9000 86 6 2 67 0
5993 ORDER 9001 56 42 75 67 0
5994 ORDER 9002 94 20 38 67 1
5995 ORDER 9003 30 48 1 47 1
5995 BLOCK 57 6
5996 UNBLOCK 90 14
5996 ORDER 9004 60 51 73 67 0
5997 ORDER 9005 87 59 2 59 0
5998 ORDER 9006 10 63 3 57 1
5998 ORDER 9007 41 60 55 68 1
5999 ORDER 9008 27 42 32 67 1
6000 CANCEL 8749
6000 ORDER 9009 95 33 83 67 0
6000 ORDER 9010 57 59 3 42 0
6001 ORDER 9011 65 65 1 53 0
6002 UNBLOCK 16 20
6002 ORDER 9012 76 65 1 3 0
6003 ORDER 9013 66 65 2 38 0
6003 ORDER 9014 32 39 3 5 0
6004 UNBLOCK 34 25
6004 ORDER 9015 68 48 3 36 0
6004 ORDER 9016 6 20 2 65 0
6005 UNBLOCK 8 8
6005 ORDER 9017 83 17 1 60 0
6006 UNBLOCK 10 63
6006 ORDER 9018 64 47 6 67 1
6007 ORDER 9019 57 5 3 40 1
6007 BLOCK 88 48
6008 ORDER 9020 25 6 3 5 1
6008 BLOCK 94 42
6009 ORDER 9021 37 38 97 67 2
6010 ORDER 9022 20 42 71 68 0
6010 ORDER 9023 32 48 20 67 0
6011 ORDER 9024 59 31 13 67 1
6012 ORDER 9025 37 36 77 67 0
6012 ORDER 9026 31 44 8 67 0
6013 ORDER 9027 72 9 34 68 0
6013 ORDER 9028 79 59 75 68 0
6014 ORDER 9029 79 39 2 30 1
6014 ORDER 9030 6 30 1 33 0
6014 BLOCK 43 39
6015 ORDER 9031 28 50 2 24 0
6015 ORDER 9032 65 30 42 67 0
6016 ORDER 9033 59 65 1 32 0
6016 ORDER 9034 67 27 20 68 0
6016 BLOCK 44 42
6017 ORDER 9035 66 24 3 21 2
6017 ORDER 9036 6 48 2 15 1
6017 BLOCK 75 42
6018 ORDER 9037 47 3 1 19 0
6018 ORDER 9038 18 20 93 67 0
6019 ORDER 9039 57 54 78 68 0
6019 ORDER 9040 8 32 1 18 0
6020 ORDER 9041 51 9 1 52 3
6020 ORDER 9042 87 20 3 15 0
6020 BLOCK 38 39
6021 ORDER 9043 27 21 80 68 1
6021 ORDER 9044 10 5 79 68 1
6022 UNBLOCK 77 8
6022 ORDER 9045 88 24 2 8 0
6023 ORDER 9046 70 53 1 6 1
6024 ORDER 9047 71 6 39 67 3
6024 ORDER 9048 65 39 44 68 0
6025 UNBLOCK 76 54
6025 ORDER 9049 67 15 2 28 0
6025 ORDER 9050 78 21 33 67 0
6026 ORDER 9051 57 60 1 66 0
6026 BLOCK 94 67
6027 ORDER 9052 62 3 1 30 0
6027 ORDER 9053 82 29 85 68 1
6028 ORDER 9054 36 63 54 67 1
6028 ORDER 9055 19 47 1 60 2
6028 BLOCK 84 20
6029 ORDER 9056 36 59 3 65 0
6029 ORDER 9057 16 59 42 67 0
6030 ORDER 9058 47 39 3 32 0
6031 ORDER 9059 81 11 1 59 0
6031 ORDER 9060 13 54 3 41 0
6032 ORDER 9061 45 29 1 29 0
6032 ORDER 9062 95 51 75 67 0
6033 ORDER 9063 50 33 3 33 0
6033 ORDER 9064 37 41 65 68 2
6034 ORDER 9065 71 35 26 67 0
6035 ORDER 9066 93 56 1 25 0
6035 ORDER 9067 32 5 2 21 0
6036 ORDER 9068 49 32 2 1 0
6036 ORDER 9069 94 63 3 50 1
6037 ORDER 9070 21 60 2 34 1
6038 UNBLOCK 57 6
6038 ORDER 9071 41 54 38 67 0
6039 ORDER 9072 18 50 48 67 0
6040 ORDER 9073 23 23 1 11 0
6041 UNBLOCK 43 39
6041 ORDER 9074 90 51 1 68 0
6041 ORDER 9075 84 5 3 61 0
6042 ORDER 9076 42 42 3 67 0
6042 ORDER 9077 91 8 1 63 1
6043 ORDER 9078 30 18 21 68 0
6043 ORDER 9079 58 50 89 68 1
6043 BLOCK 44 33
6044 ORDER 9080 27 33 3 7 1
6044 ORDER 9081 92 15 3 46 2
6045 ORDER 9082 60 6 5 68 3
6046 ORDER 9083 94 26 1 34 0
6046 ORDER 9084 6 44 1 15 0
6047 ORDER 9085 89 39 51 68 1
6047 ORDER 9086 58 63 2 29 1
6048 ORDER 9087 32 24 87 67 2
6048 ORDER 9088 8 51 45 68 1
6049 UNBLOCK 94 67
6049 ORDER 9089 12 6 2 25 0
6049 ORDER 9090 49 48 69 68 0
6049 BLOCK 43 12
6050 ORDER 9091 45 24 1 59 0
6050 ORDER 9092 18 50 8 67 0
6051 ORDER 9093 9 26 18 68 0
6051 BLOCK 32 50
6052 ORDER 9094 88 50 2 38 2
6052 ORDER 9095 52 9 29 68 0
6052 BLOCK 32 60
6053 ORDER 9096 14 9 78 68 1
6053 BLOCK 13 5
6054 ORDER 9097 26 15 3 58 0
6055 ORDER 9098 8 35 40 68 0
6055 BLOCK 26 46
6056 ORDER 9099 38 63 3 27 1
6057 ORDER 9100 42 18 14 67 0
6057 ORDER 9101 79 18 1 33 0
6058 UNBLOCK 35 20
6058 ORDER 9102 33 12 20 68 0
6059 UNBLOCK 94 42
6059 ORDER 9103 41 48 2 20 0
6059 ORDER 9104 73 21 3 23 0
6059 BLOCK 35 47
6060 ORDER 9105 83 21 83 68 1
6061 ORDER 9106 48 30 21 68 0
6062 ORDER 9107 55 33 20 67 0
6063 ORDER 9108 50 33 44 67 2
6063 ORDER 9109 65 3 3 14 2
6064 ORDER 9110 69 26 16 68 0
6064 ORDER 9111 35 17 3 46 0
6065 ORDER 9112 26 38 49 68 0
6066 ORDER 9113 73 63 2 47 0
6067 ORDER 9114 36 32 1 11 0
6067 BLOCK 75 2
6068 ORDER 9115 37 23 3 54 1
6069 ORDER 9116 45 21 1 27 3
6069 ORDER 9117 44 27 3 53 3
6070 CANCEL 8882
6070 ORDER 9118 37 18 3 36 0
6070 ORDER 9119 13 39 3 26 2
6071 ORDER 9120 43 8 3 38 0
6072 ORDER 9121 93 38 80 67 1
6072 ORDER 9122 57 5 3 43 0
6072 BLOCK 26 57
6073 ORDER 9123 80 36 50 67 0
6074 ORDER 9124 87 15 85 68 0
6075 UNBLOCK 59 51
6075 ORDER 9125 86 29 17 67 0
6075 ORDER 9126 30 57 2 19 0
6076 UNBLOCK 75 42
6076 ORDER 9127 29 21 2 36 0
6077 UNBLOCK 52 54
6077 ORDER 9128 29 14 1 61 0
6077 ORDER 9129 79 6 13 68 1
6078 ORDER 9130 57 50 28 67 1
6078 ORDER 9131 47 60 92 67 0
6078 BLOCK 85 38
6079 ORDER 9132 86 27 3 42 1
6080 ORDER 9133 7 63 1 29 0
6080 ORDER 9134 28 47 65 67 1
6081 ORDER 9135 51 18 90 68 0
6081 ORDER 9136 34 15 68 67 1
6082 ORDER 9137 46 60 78 68 0
6083 UNBLOCK 88 48
6083 ORDER 9138 90 59 5 68 0
6083 BLOCK 52 30
6084 UNBLOCK 84 20
6084 ORDER 9139 65 39 1 60 3
6085 UNBLOCK 38 39
6085 ORDER 9140 38 30 62 68 0
6085 ORDER 9141 68 36 2 30 0
6086 UNBLOCK 35 47
6086 ORDER 9142 29 27 85 67 1
6086 ORDER 9143 27 33 18 67 0
6086 BLOCK 64 17
6087 CANCEL 9121
6087 ORDER 9144 8 6 3 33 3
6087 ORDER 9145 8 54 1 22 0
6088 ORDER 9146 26 30 1 19 0
6089 ORDER 9147 89 27 2 17 0
6089 ORDER 9148 68 33 2 37 1
6089 BLOCK 10 47
6090 ORDER 9149 43 50 1 35 0
6090 ORDER 9150 65 51 1 25 0
6090 BLOCK 19 21
6091 ORDER 9151 55 15 1 51 1
6091 ORDER 9152 49 23 1 16 1
6092 UNBLOCK 32 60
6092 ORDER 9153 89 41 3 30 2
6092 ORDER 9154 69 62 1 15 0
6092 BLOCK 69 5
6093 ORDER 9155 65 48 1 34 0
6093 BLOCK 38 6
6094 ORDER 9156 20 14 3 65 0
6095 ORDER 9157 75 9 2 1 1
6095 ORDER 9158 39 29 51 68 1
6096 ORDER 9159 89 23 8 68 1
6096 ORDER 9160 9 51 5 67 1
6097 ORDER 9161 75 26 3 16 0
6097 ORDER 9162 19 54 94 67 0
6098 UNBLOCK 44 42
6098 ORDER 9163 84 60 81 68 0
6098 ORDER 9164 77 41 1 55 1
6099 ORDER 9165 69 26 1 36 1
6099 BLOCK 81 27
6100 ORDER 9166 86 42 58 68 0
6101 ORDER 9167 41 26 2 28 0
6102 ORDER 9168 11 57 84 67 0
6103 ORDER 9169 38 26 2 63 1
6103 BLOCK 35 47
6104 ORDER 9170 6 48 1 32 0
6105 ORDER 9171 29 30 1 8 1
6105 BLOCK 85 56
6106 ORDER 9172 67 18 66 68 1
6106 ORDER 9173 21 63 3 15 1
6107 ORDER 9174 57 51 1 25 0
6107 ORDER 9175 17 63 1 36 0
6107 BLOCK 74 49
6108 ORDER 9176 94 33 51 67 2
6108 ORDER 9177 30 30 56 67 0
6109 ORDER 9178 28 60 3 46 1
6109 ORDER 9179 77 20 37 68 1
6110 ORDER 9180 61 65 3 14 0
6110 ORDER 9181 9 62 3 54 0
6111 CANCEL 9009
6111 ORDER 9182 87 36 3 49 1
6111 ORDER 9183 31 35 10 68 0
6112 ORDER 9184 81 11 87 68 0
6112 ORDER 9185 95 8 2 8 0
6113 ORDER 9186 92 36 1 23 1
6114 CANCEL 8908
6114 ORDER 9187 31 20 1 15 0
6115 ORDER 9188 61 21 3 1 0
6115 BLOCK 64 5
6116 UNBLOCK 43 12
6116 ORDER 9189 68 36 88 67 0
6116 ORDER 9190 6 38 64 68 0
6117 ORDER 9191 79 36 2 59 1
6117 ORDER 9192 16 38 27 68 3
6117 BLOCK 51 56
6118 UNBLOCK 44 33
6118 ORDER 9193 52 12 1 62 0
6119 ORDER 9194 51 27 62 67 0
6120 ORDER 9195 56 38 2 66 0
6121 CANCEL 9013
6121 ORDER 9196 86 39 2 34 0
6121 ORDER 9197 6 33 94 67 0
6122 CANCEL 8936
6122 ORDER 9198 73 5 2 13 1
6122 ORDER 9199 40 45 3 14 1
6122 BLOCK 47 9
6123 CANCEL 8949
6123 UNBLOCK 85 56
6123 ORDER 9200 28 26 94 68 0
6124 ORDER 9201 61 14 20 67 1
6124 BLOCK 23 32
6125 ORDER 9202 38 36 3 46 1
6126 ORDER 9203 29 60 3 41 0
6126 ORDER 9204 48 11 3 59 0
6126 BLOCK 26 45
6127 UNBLOCK 26 46
6127 ORDER 9205 93 8 51 68 1
6128 ORDER 9206 51 12 31 68 1
6128 ORDER 9207 66 56 76 67 3
6129 UNBLOCK 38 6
6129 ORDER 9208 48 48 3 17 2
6129 ORDER 9209 73 6 40 67 0
6129 BLOCK 20 23
6130 ORDER 9210 58 54 1 52 1
6130 ORDER 9211 67 18 1 48 2
6131 ORDER 9212 35 26 2 22 0
6132 ORDER 9213 86 41 30 68 1
6133 ORDER 9214 14 29 3 43 0
6134 UNBLOCK 85 38
6134 ORDER 9215 64 60 38 68 0
6134 ORDER 9216 94 36 2 1 0
6135 ORDER 9217 82 14 74 68 0
6135 BLOCK 82 15
6136 ORDER 9218 87 53 29 68 1
6136 ORDER 9219 49 21 2 43 0
6137 ORDER 9220 40 35 50 68 0
6138 UNBLOCK 47 9
6138 ORDER 9221 88 27 3 55 0
6139 ORDER 9222 41 56 2 39 0
6140 UNBLOCK 32 50
6140 UNBLOCK 69 5
6140 UNBLOCK 74 49
6140 ORDER 9223 94 54 11 67 0
6140 BLOCK 81 52
6141 ORDER 9224 73 36 86 68 0
6141 ORDER 9225 73 65 4 68 2
6142 ORDER 9226 88 57 1 43 0
6143 ORDER 9227 21 65 1 11 0
6144 ORDER 9228 33 35 3 27 0
6144 ORDER 9229 49 6 33 68 0
6145 UNBLOCK 64 17
6145 ORDER 9230 70 11 1 44 0
6146 UNBLOCK 52 30
6146 ORDER 9231 8 59 3 2 1
6147 UNBLOCK 13 5
6147 ORDER 9232 27 17 59 67 2
6147 ORDER 9233 81 17 3 10 0
6147 BLOCK 11 1
6148 ORDER 9234 47 21 14 67 0
6148 ORDER 9235 72 56 5 67 1
6149 ORDER 9236 50 54 1 7 0
6150 ORDER 9237 94 38 92 68 0
6151 ORDER 9238 76 24 3 46 0
6151 ORDER 9239 38 57 88 68 0
6152 ORDER 9240 64 9 65 67 0
6152 ORDER 9241 52 51 1 47 1
6152 BLOCK 25 68
6153 ORDER 9242 17 6 23 68 0
6153 BLOCK 59 50
6154 UNBLOCK 26 57
6154 UNBLOCK 81 27
6154 ORDER 9243 12 57 91 67 0
6154 ORDER 9244 70 56 23 68 0
6154 BLOCK 36 60
6155 UNBLOCK 81 52
6155 ORDER 9245 57 53 83 67 0
6155 ORDER 9246 15 17 58 67 0
6156 ORDER 9247 70 39 1 33 0
6157 ORDER 9248 39 26 71 67 0
6157 BLOCK 81 42
6158 ORDER 9249 93 60 2 43 0
6159 ORDER 9250 28 62 2 33 0
6159 ORDER 9251 65 56 1 21 3
6160 ORDER 9252 10 53 1 68 0
6161 CANCEL 9219
6161 ORDER 9253 25 63 60 68 2
6161 ORDER 9254 91 14 3 40 2
6161 BLOCK 35 45
6162 ORDER 9255 25 53 2 50 0
6162 ORDER 9256 60 63 77 67 1
6162 BLOCK 95 11
6163 ORDER 9257 70 60 1 18 0
6164 ORDER 9258 19 59 67 67 1
6165 ORDER 9259 29 56 3 14 0
6165 ORDER 9260 50 50 63 67 2
6166 UNBLOCK 75 2
6166 ORDER 9261 34 3 45 68 0
6167 ORDER 9262 43 15 2 41 0
6168 ORDER 9263 34 47 2 13 0
6168 ORDER 9264 7 6 28 67 0
6168 BLOCK 65 54
6169 ORDER 9265 64 20 29 67 3
6169 ORDER 9266 74 62 2 18 0
6169 BLOCK 25 17
6170 CANCEL 9101
6170 ORDER 9267 29 21 3 11 2
6171 ORDER 9268 73 32 36 68 0
6172 UNBLOCK 10 47
6172 UNBLOCK 51 56
6172 ORDER 9269 74 62 97 67 0
6173 UNBLOCK 64 5
6173 ORDER 9270 93 26 88 67 1
6174 UNBLOCK 19 21
6174 ORDER 9271 15 36 6 67 1
6175 ORDER 9272 50 54 2 43 0
6175 ORDER 9273 88 59 26 67 0
6176 ORDER 9274 89 63 71 67 0
6176 ORDER 9275 19 36 3 37 0
6177 ORDER 9276 62 54 59 68 0
6178 ORDER 9277 91 14 4 67 0
6179 ORDER 9278 67 48 3 41 0
6180 ORDER 9279 12 14 3 11 1
6180 ORDER 9280 22 47 4 67 0
6181 CANCEL 8988
6181 ORDER 9281 54 47 1 66 0
6182 ORDER 9282 62 11 2 11 0
6182 BLOCK 34 12
6183 ORDER 9283 77 15 11 68 2
6183 ORDER 9284 9 48 24 68 0
6184 ORDER 9285 48 47 12 67 1
6184 ORDER 9286 68 48 66 67 0
6184 BLOCK 49 54
6185 ORDER 9287 11 38 15 67 1
6185 BLOCK 5 10
6186 ORDER 9288 56 15 38 67 0
6187 ORDER 9289 39 53 80 67 0
6188 ORDER 9290 84 38 68 68 0
6188 ORDER 9291 82 38 5 68 0
6189 ORDER 9292 28 44 3 47 0
6190 UNBLOCK 35 45
6190 ORDER 9293 16 53 3 18 3
6190 ORDER 9294 62 27 70 67 1
6191 ORDER 9295 6 17 2 7 0
6192 UNBLOCK 11 1
6192 ORDER 9296 35 3 23 67 2
6192 ORDER 9297 47 9 14 67 0
6193 ORDER 9298 70 41 1 3 1
6194 ORDER 9299 62 26 2 27 0
6195 UNBLOCK 5 10
6195 ORDER 9300 52 21 81 68 0
6196 ORDER 9301 69 42 3 45 0
6196 ORDER 9302 42 11 3 3 0
6197 UNBLOCK 59 50
6197 UNBLOCK 81 42
6197 ORDER 9303 6 23 2 55 1
6197 ORDER 9304 82 21 3 17 0
6198 UNBLOCK 23 32
6198 ORDER 9305 29 39 3 10 0
6198 ORDER 9306 66 18 2 7 0
6198 BLOCK 9 68
6199 ORDER 9307 52 47 16 67 0
6200 UNBLOCK 35 47
6200 ORDER 9308 75 26 1 24 0
6200 ORDER 9309 33 50 3 59 0
6201 ORDER 9310 45 57 1 9 1
6201 ORDER 9311 83 41 3 32 1
6202 ORDER 9312 30 62 2 66 3
6202 ORDER 9313 63 44 36 67 0
6203 ORDER 9314 49 62 70 68 1
6204 ORDER 9315 11 57 3 20 2
6205 ORDER 9316 43 41 2 33 0
6206 ORDER 9317 78 35 2 38 2
6207 ORDER 9318 24 14 63 68 1
6208 ORDER 9319 74 3 1 59 0
6208 ORDER 9320 11 33 34 67 0
6209 ORDER 9321 79 12 61 67 1
6209 BLOCK 94 41
6210 ORDER 9322 67 42 3 20 1
6210 ORDER 9323 54 53 1 52 2
6211 ORDER 9324 56 54 3 6 0
6211 ORDER 9325 29 6 3 40 1
6212 ORDER 9326 50 12 49 68 0
6212 ORDER 9327 77 16 2 46 0
6213 ORDER 9328 8 35 3 11 1
6214 ORDER 9329 49 21 1 55 1
6214 ORDER 9330 55 18 3 44 1
6215 ORDER 9331 73 24 79 67 0
6215 ORDER 9332 8 48 1 23 0
6216 ORDER 9333 30 65 32 67 0
6216 ORDER 9334 22 5 33 68 0
6216 BLOCK 94 24
6217 ORDER 9335 87 15 1 16 0
6218 CANCEL 9212
6218 ORDER 9336 65 18 48 68 1
6218 ORDER 9337 49 27 3 1 0
6219 UNBLOCK 26 45
6219 UNBLOCK 65 54
6219 ORDER 9338 94 56 3 55 0
6219 ORDER 9339 40 23 31 68 2
6220 UNBLOCK 34 12
6220 ORDER 9340 67 56 3 65 0
6220 ORDER 9341 91 14 3 39 1
6221 UNBLOCK 95 11
6221 ORDER 9342 45 9 79 68 0
6221 ORDER 9343 63 35 93 68 2
6222 ORDER 9344 53 8 13 68 0
6222 ORDER 9345 93 21 6 67 0
6223 ORDER 9346 57 53 26 68 1
6223 ORDER 9347 90 45 1 68 1
6223 BLOCK 62 29
6224 UNBLOCK 25 17
6224 ORDER 9348 84 11 2 60 1
6225 ORDER 9349 62 21 2 23 0
6225 ORDER 9350 73 8 1 1 0
6225 BLOCK 29 57
6226 ORDER 9351 87 41 2 42 0
6226 ORDER 9352 62 14 1 40 0
6226 BLOCK 94 45
6227 UNBLOCK 49 54
6227 ORDER 9353 17 36 1 8 1
6227 ORDER 9354 6 27 1 3 1
6228 UNBLOCK 20 23
6228 ORDER 9355 71 5 2 54 2
6229 ORDER 9356 69 57 50 67 1
6230 ORDER 9357 28 29 57 67 1
6231 CANCEL 9353
6231 ORDER 9358 27 26 3 41 0
6231 ORDER 9359 92 30 3 5 0
6232 ORDER 9360 55 53 2 7 2
6233 ORDER 9361 33 41 89 68 0
6233 ORDER 9362 50 32 3 54 0
6234 ORDER 9363 10 14 3 6 0
6234 ORDER 9364 27 21 82 67 0
6235 UNBLOCK 82 15
6235 ORDER 9365 40 60 78 68 0
6236 ORDER 9366 27 17 16 67 0
6237 ORDER 9367 83 14 1 51 3
6237 ORDER 9368 85 44 95 68 2
6238 CANCEL 9230
6238 ORDER 9369 84 38 39 68 0
6239 ORDER 9370 82 17 1 60 1
6239 ORDER 9371 50 44 27 68 3
6240 ORDER 9372 56 18 3 51 0
6240 ORDER 9373 42 36 44 67 1
6241 ORDER 9374 70 44 58 68 0
6241 ORDER 9375 87 26 1 36 0
6242 ORDER 9376 38 44 43 67 0
6242 ORDER 9377 33 56 2 68 1
6243 ORDER 9378 14 30 3 27 1
6243 BLOCK 33 9
6244 ORDER 9379 46 9 65 68 1
6244 BLOCK 25 8
6245 UNBLOCK 25 68
6245 UNBLOCK 36 60
6245 ORDER 9380 29 65 1 17 0
6245 ORDER 9381 92 32 1 53 1
6246 ORDER 9382 49 53 2 63 0
6246 BLOCK 71 16
6247 ORDER 9383 68 36 24 68 1
6248 ORDER 9384 17 41 2 37 0
6248 ORDER 9385 45 62 85 67 1
6249 ORDER 9386 94 20 2 67 0
6249 ORDER 9387 88 24 1 3 0
6249 BLOCK 11 24
6250 ORDER 9388 48 35 62 67 1
6250 ORDER 9389 26 35 3 38 0
6251 ORDER 9390 21 21 1 1 0
6251 ORDER 9391 78 6 21 68 0
6251 BLOCK 77 59
6252 ORDER 9392 86 6 2 20 0
6253 ORDER 9393 21 26 86 68 0
6254 ORDER 9394 37 62 56 68 2
6254 ORDER 9395 75 30 1 58 1
6254 BLOCK 17 39
6255 ORDER 9396 43 35 3 9 1
6256 CANCEL 9221
6256 ORDER 9397 8 62 38 67 0
6256 ORDER 9398 32 18 45 68 0
6257 ORDER 9399 76 53 2 64 0
6257 ORDER 9400 46 3 55 68 1
6258 UNBLOCK 94 45
6258 ORDER 9401 39 33 68 67 0
6259 ORDER 9402 53 12 1 19 0
6259 BLOCK 59 26
6260 ORDER 9403 57 17 1 7 0
6261 ORDER 9404 89 23 9 67 0
6261 ORDER 9405 82 21 58 67 0
6261 BLOCK 54 41
6262 UNBLOCK 77 59
6262 ORDER 9406 61 20 2 27 1
6262 ORDER 9407 9 30 51 67 1
6263 ORDER 9408 36 51 23 67 1
6264 UNBLOCK 29 57
6264 ORDER 9409 73 39 45 67 2
6265 ORDER 9410 34 5 80 67 1
6265 ORDER 9411 47 39 2 58 0
6266 CANCEL 9180
6266 ORDER 9412 88 36 3 66 0
6266 ORDER 9413 88 48 44 67 0
6267 ORDER 9414 33 42 2 16 0
6268 ORDER 9415 70 14 2 32 2
6269 ORDER 9416 10 56 89 68 0
6270 ORDER 9417 8 36 2 18 0
6271 ORDER 9418 93 63 72 67 1
6271 ORDER 9419 32 47 3 12 0
6272 ORDER 9420 43 50 3 55 2
6272 ORDER 9421 83 63 2 57 0
6273 ORDER 9422 55 8 33 68 0
6273 ORDER 9423 85 65 3 17 1
6274 ORDER 9424 95 24 15 68 0
6274 ORDER 9425 74 32 71 68 2
6275 ORDER 9426 19 17 1 19 0
6275 ORDER 9427 17 56 1 9 0
6276 ORDER 9428 7 5 1 5 1
6277 ORDER 9429 78 17 88 68 3
6278 ORDER 9430 15 62 37 68 1
6278 BLOCK 78 37
6279 UNBLOCK 25 8
6279 ORDER 9431 37 33 1 24 3
6280 ORDER 9432 88 17 3 61 1
6280 ORDER 9433 70 56 47 68 0
6280 BLOCK 21 59
6281 ORDER 9434 31 47 3 61 0
6281 ORDER 9435 89 39 48 68 0
6282 UNBLOCK 71 16
6282 ORDER 9436 81 47 92 67 0
6282 ORDER 9437 33 41 3 49 0
6283 UNBLOCK 9 68
6283 ORDER 9438 49 54 1 16 1
6283 ORDER 9439 31 33 54 68 0
6284 ORDER 9440 49 57 46 67 0
6285 ORDER 9441 59 51 3 38 0
6285 ORDER 9442 20 32 1 44 1
6285 BLOCK 49 2
6286 UNBLOCK 17 39
6286 ORDER 9443 83 42 17 68 3
6286 ORDER 9444 38 20 3 47 0
6287 ORDER 9445 78 60 2 42 0
6287 ORDER 9446 44 5 85 68 0
6288 ORDER 9447 15 62 68 67 0
6288 ORDER 9448 40 59 45 68 0
6289 ORDER 9449 12 62 2 10 0
6289 ORDER 9450 91 13 1 31 2
6290 ORDER 9451 21 6 43 67 0
6291 UNBLOCK 94 41
6291 ORDER 9452 67 63 2 47 3
6291 CANCEL 109452
6292 ORDER 9453 69 41 9 68 0
6293 CANCEL 9220
6293 ORDER 9454 44 5 93 68 0
6294 ORDER 9455 67 27 1 26 1
6295 UNBLOCK 62 29
6295 ORDER 9456 30 65 58 68 0
6295 ORDER 9457 90 30 28 67 0
6296 ORDER 9458 46 17 65 67 0
6296 BLOCK 40 56
6297 ORDER 9459 24 11 63 67 0
6297 ORDER 9460 48 57 2 30 3
6298 ORDER 9461 45 56 64 67 0
6298 ORDER 9462 84 39 1 23 0
6299 UNBLOCK 94 24
6299 ORDER 9463 67 3 3 44 1
6299 ORDER 9464 95 3 53 67 0
6300 UNBLOCK 21 59
6300 ORDER 9465 21 50 3 19 1
6300 ORDER 9466 32 35 16 68 0
6300 BLOCK 41 60
6301 ORDER 9467 67 36 3 40 0
6301 ORDER 9468 14 5 35 67 1
6302 UNBLOCK 78 37
6302 ORDER 9469 17 56 80 68 0
6303 ORDER 9470 63 23 2 7 1
6304 UNBLOCK 33 9
6304 ORDER 9471 56 60 20 67 1
6304 ORDER 9472 58 50 32 68 1
6305 ORDER 9473 47 35 1 25 1
6306 ORDER 9474 9 26 2 11 1
6307 UNBLOCK 40 56
6307 ORDER 9475 59 15 3 44 0
6308 ORDER 9476 63 42 78 68 0
6309 ORDER 9477 53 5 59 68 0
6310 ORDER 9478 13 24 2 23 1
6310 ORDER 9479 55 5 1 33 0
6311 ORDER 9480 21 56 1 59 2
6312 ORDER 9481 6 30 72 68 1
6312 ORDER 9482 39 18 2 8 1
6313 ORDER 9483 38 41 1 60 1
6313 ORDER 9484 11 20 1 45 0
6314 ORDER 9485 30 42 2 57 0
6314 ORDER 9486 20 38 2 14 0
6314 BLOCK 89 35
6315 ORDER 9487 20 36 3 56 1
6315 ORDER 9488 36 63 35 68 0
6316 ORDER 9489 75 50 2 54 0
6316 ORDER 9490 12 17 35 67 0
6317 ORDER 9491 11 36 96 67 2
6317 ORDER 9492 27 47 44 67 0
6317 BLOCK 66 12
6318 UNBLOCK 41 60
6318 ORDER 9493 47 62 1 31 0
6319 ORDER 9494 54 14 96 67 0
6319 ORDER 9495 81 45 1 50 0
6320 ORDER 9496 14 48 2 33 0
6321 ORDER 9497 7 62 3 60 0
6321 ORDER 9498 39 6 17 68 0
6322 ORDER 9499 75 42 3 37 1
6322 ORDER 9500 23 36 1 28 0
6323 ORDER 9501 93 23 3 12 1
6324 ORDER 9502 18 53 79 67 0
6324 BLOCK 22 14
6325 ORDER 9503 39 41 50 67 0
6325 ORDER 9504 66 48 3 13 0
6326 CANCEL 9292
6326 ORDER 9505 63 45 3 29 0
6326 ORDER 9506 7 44 3 39 0
6327 ORDER 9507 77 34 2 34 2
6327 ORDER 9508 12 53 80 68 0
6328 CANCEL 9312
6328 ORDER 9509 74 30 1 14 0
6328 ORDER 9510 70 11 5 68 0
6329 ORDER 9511 72 14 54 67 0
6329 ORDER 9512 31 41 1 16 1
6329 BLOCK 20 2
6330 ORDER 9513 70 59 9 68 0
6330 BLOCK 23 23
6331 ORDER 9514 94 33 2 36 0
6331 ORDER 9515 79 59 49 68 0
6332 UNBLOCK 49 2
6332 ORDER 9516 55 57 3 55 0
6332 ORDER 9517 74 60 2 60 0
6333 ORDER 9518 56 8 13 67 0
6334 CANCEL 9439
6334 ORDER 9519 47 65 28 68 1
6335 ORDER 9520 86 29 59 67 1
6335 ORDER 9521 57 38 92 67 0
6335 BLOCK 75 17
6336 ORDER 9522 35 62 3 64 0
6336 BLOCK 45 45
6337 UNBLOCK 11 24
6337 ORDER 9523 39 57 67 68 1
6337 BLOCK 45 67
6338 UNBLOCK 54 41
6338 ORDER 9524 9 8 2 35 0
6339 ORDER 9525 32 26 80 67 0
6339 ORDER 9526 75 63 71 68 1
6340 ORDER 9527 84 3 87 67 2
6341 ORDER 9528 62 41 3 68 0
6341 ORDER 9529 39 56 51 67 0
6341 BLOCK 23 64
6342 ORDER 9530 79 33 3 35 0
6343 ORDER 9531 67 18 2 14 0
6343 ORDER 9532 67 44 76 68 0
6344 ORDER 9533 62 15 2 65 0
6345 ORDER 9534 44 39 37 68 0
6346 CANCEL 9461
6346 ORDER 9535 51 35 1 33 0
6346 ORDER 9536 7 45 1 41 0
6347 ORDER 9537 37 57 38 67 0
6348 UNBLOCK 59 26
6348 ORDER 9538 70 39 3 31 1
6348 ORDER 9539 40 60 1 15 0
6349 CANCEL 9478
6349 ORDER 9540 21 41 3 4 0
6350 ORDER 9541 68 35 1 40 0
6350 ORDER 9542 65 56 2 24 2
6350 BLOCK 52 31
6351 CANCEL 9354
6351 UNBLOCK 22 14
6351 ORDER 9543 51 42 2 62 0
6351 ORDER 9544 7 21 75 68 0
6352 ORDER 9545 85 33 41 68 0
6352 ORDER 9546 40 38 27 68 0
6353 ORDER 9547 85 44 3 61 0
6353 ORDER 9548 42 39 84 68 0
6353 BLOCK 95 37
6354 ORDER 9549 25 30 3 33 0
6355 ORDER 9550 18 60 67 68 0
6355 ORDER 9551 78 41 39 68 1
6356 ORDER 9552 64 42 12 67 1
6356 BLOCK 80 7
6357 ORDER 9553 10 60 1 65 1
6357 ORDER 9554 30 42 1 37 3
6357 BLOCK 5 5
6358 ORDER 9555 88 53 1 40 0
6359 ORDER 9556 62 21 2 54 0
6359 ORDER 9557 47 60 2 29 1
6360 ORDER 9558 90 20 84 67 1
6361 ORDER 9559 14 65 71 67 0
6362 ORDER 9560 77 35 3 2 3
6362 ORDER 9561 35 51 3 29 2
6363 CANCEL 9477
6363 ORDER 9562 42 42 76 67 1
6364 ORDER 9563 39 63 3 67 2
6365 CANCEL 9448
6365 ORDER 9564 21 27 2 33 2
6365 ORDER 9565 36 38 2 54 1
6365 BLOCK 69 42
6366 UNBLOCK 23 23
6366 ORDER 9566 63 23 37 68 0
6366 ORDER 9567 78 15 10 68 0
6367 ORDER 9568 16 17 3 17 1
6368 CANCEL 9264
6368 ORDER 9569 79 59 94 68 0
6369 UNBLOCK 80 7
6369 ORDER 9570 29 21 3 52 0
6369 ORDER 9571 48 39 12 68 0
6370 ORDER 9572 40 26 2 51 0
6370 ORDER 9573 35 21 77 68 0
6371 CANCEL 9489
6371 ORDER 9574 69 59 2 39 2
6371 ORDER 9575 94 45 2 33 0
6372 ORDER 9576 86 15 59 67 1
6372 ORDER 9577 68 43 88 68 0
6373 ORDER 9578 84 9 2 43 0
6373 BLOCK 25 32
6374 ORDER 9579 74 12 3 29 0
6375 UNBLOCK 89 35
6375 ORDER 9580 45 63 79 68 2
6375 ORDER 9581 84 17 16 68 1
6375 BLOCK 90 60
6376 ORDER 9582 38 59 3 63 0
6376 ORDER 9583 84 12 37 68 3
6376 BLOCK 8 21
6377 ORDER 9584 46 23 1 32 0
6378 ORDER 9585 49 8 60 67 0
6378 ORDER 9586 75 9 50 68 0
6379 ORDER 9587 9 63 2 60 2
6380 ORDER 9588 77 14 38 68 3
6380 ORDER 9589 36 57 1 5 0
6380 BLOCK 22 36
6381 ORDER 9590 50 38 2 21 0
6382 ORDER 9591 7 47 1 63 0
6382 ORDER 9592 85 65 3 22 1
6383 ORDER 9593 53 26 37 67 0
6384 UNBLOCK 5 5
6384 ORDER 9594 85 41 1 53 0
6384 ORDER 9595 19 8 93 67 0
6384 BLOCK 26 35
6385 ORDER 9596 54 41 29 67 0
6386 ORDER 9597 6 47 33 67 1
6387 ORDER 9598 62 38 42 67 2
6388 UNBLOCK 25 32
6388 UNBLOCK 90 60
6388 ORDER 9599 38 21 16 68 0
6388 ORDER 9600 54 54 3 22 1
6389 ORDER 9601 94 35 3 36 1
6389 BLOCK 72 16
6390 ORDER 9602 20 15 1 52 3
6390 ORDER 9603 55 21 2 28 2
6391 ORDER 9604 8 42 35 68 0
6391 ORDER 9605 86 56 63 67 0
6392 UNBLOCK 20 2
6392 ORDER 9606 19 9 3 49 0
6392 BLOCK 79 65
6393 ORDER 9607 80 9 2 13 0
6394 UNBLOCK 26 35
6394 ORDER 9608 40 21 50 68 1
6395 UNBLOCK 66 12
6395 ORDER 9609 6 45 22 68 2
6396 UNBLOCK 45 67
6396 ORDER 9610 6 59 2 23 1
6397 ORDER 9611 34 35 2 22 2
6398 ORDER 9612 16 30 20 68 1
6399 ORDER 9613 59 26 10 68 0
6399 BLOCK 36 26
6400 ORDER 9614 19 9 1 29 2
6401 ORDER 9615 21 35 1 59 0
6401 ORDER 9616 40 62 2 65 0
6402 ORDER 9617 69 12 1 15 1
6402 BLOCK 14 68
6403 ORDER 9618 6 48 82 68 0
6404 ORDER 9619 82 21 3 23 0
6405 ORDER 9620 38 18 3 49 2
6406 ORDER 9621 32 47 56 67 1
6407 ORDER 9622 54 23 2 7 0
6407 ORDER 9623 18 45 2 44 0
6407 BLOCK 69 50
6408 CANCEL 9380
6408 ORDER 9624 53 9 1 11 1
6408 ORDER 9625 63 26 7 67 0
6409 ORDER 9626 34 50 50 67 2
6410 UNBLOCK 45 45
6410 ORDER 9627 66 51 95 67 0
6410 BLOCK 21 35
6411 ORDER 9628 17 38 3 23 0
6411 ORDER 9629 31 36 44 67 0
6412 UNBLOCK 52 31
6412 ORDER 9630 42 14 76 68 0
6412 ORDER 9631 93 60 1 21 1
6412 BLOCK 62 41
6413 ORDER 9632 30 41 3 14 0
6413 ORDER 9633 23 26 1 27 0
6414 UNBLOCK 79 65
6414 ORDER 9634 81 55 9 67 0
6415 ORDER 9635 91 12 3 23 0
6415 ORDER 9636 64 3 80 67 2
6415 BLOCK 86 41
6416 ORDER 9637 19 32 7 68 0
6416 ORDER 9638 12 29 2 31 1
6417 ORDER 9639 77 6 41 67 1
6417 ORDER 9640 71 3 3 58 0
6418 ORDER 9641 94 8 1 44 0
6419 ORDER 9642 76 27 88 67 2
6420 ORDER 9643 78 26 2 12 0
6421 CANCEL 9548
6421 ORDER 9644 63 45 86 68 1
6421 ORDER 9645 43 52 3 57 0
6422 UNBLOCK 69 42
6422 ORDER 9646 71 29 88 68 0
6422 ORDER 9647 83 51 3 34 0
6423 ORDER 9648 90 65 96 67 0
6424 ORDER 9649 89 48 1 38 0
6425 UNBLOCK 8 21
6425 UNBLOCK 62 41
6425 ORDER 9650 18 14 17 67 0
6425 ORDER 9651 90 59 1 23 0
6426 ORDER 9652 78 23 3 4 1
6426 ORDER 9653 41 57 81 67 0
6426 BLOCK 35 54
6427 UNBLOCK 14 68
6427 ORDER 9654 11 56 1 30 0
6427 ORDER 9655 30 57 41 67 2
6428 ORDER 9656 6 41 35 68 0
6428 ORDER 9657 83 32 98 67 0
6429 ORDER 9658 17 26 7 68 0
6429 ORDER 9659 35 9 3 7 0
6430 ORDER 9660 94 39 39 67 0
6431 UNBLOCK 23 64
6431 ORDER 9661 7 30 50 67 0
6431 BLOCK 23 65
6432 ORDER 9662 35 18 2 62 1
6432 ORDER 9663 37 56 91 67 0
6433 ORDER 9664 55 5 12 68 0
6433 BLOCK 13 18
6434 ORDER 9665 51 17 12 67 0
6435 UNBLOCK 75 17
6435 ORDER 9666 7 3 52 68 1
6436 ORDER 9667 45 38 51 67 1
6437 ORDER 9668 82 39 2 36 0
6438 ORDER 9669 12 54 57 68 0
6439 ORDER 9670 81 56 23 67 0
6440 ORDER 9671 65 6 15 68 0
6440 ORDER 9672 70 48 77 67 1
6441 ORDER 9673 20 18 2 57 0
6442 ORDER 9674 49 14 1 60 0
6442 BLOCK 53 44
6443 ORDER 9675 81 23 20 68 1
6444 ORDER 9676 18 6 3 28 0
6444 ORDER 9677 94 57 36 68 0
6445 ORDER 9678 38 63 1 58 0
6446 ORDER 9679 68 15 2 55 0
6446 BLOCK 41 26
6447 ORDER 9680 64 20 2 64 0
6448 ORDER 9681 57 54 1 44 0
6449 CANCEL 9443
6449 ORDER 9682 82 54 3 42 1
6450 ORDER 9683 17 41 3 59 1
6450 BLOCK 89 41
6451 CANCEL 9538
6451 UNBLOCK 95 37
6451 ORDER 9684 34 17 76 67 1
6451 ORDER 9685 33 8 3 28 0
6452 CANCEL 9636
6452 ORDER 9686 30 47 1 25 0
6453 ORDER 9687 26 40 40 67 0
6453 ORDER 9688 74 14 72 67 0
6454 ORDER 9689 22 14 74 68 2
6454 ORDER 9690 78 33 2 43 2
6454 BLOCK 79 51
6455 ORDER 9691 95 42 3 6 0
6455 ORDER 9692 56 11 2 26 1
6455 BLOCK 78 14
6456 ORDER 9693 20 23 47 67 0
6457 UNBLOCK 22 36
6457 ORDER 9694 10 9 82 68 1
6457 BLOCK 60 57
6458 ORDER 9695 50 48 13 68 0
6459 ORDER 9696 75 39 94 68 0
6460 ORDER 9697 83 12 22 67 1
6461 ORDER 9698 93 12 2 3 0
6461 ORDER 9699 19 56 2 23 3
6462 UNBLOCK 72 16
6462 UNBLOCK 89 41
6462 ORDER 9700 27 60 1 28 0
6462 ORDER 9701 89 3 82 67 0
6462 BLOCK 31 10
6463 ORDER 9702 19 56 2 24 0
6463 ORDER 9703 62 44 24 67 1
6464 ORDER 9704 23 35 3 54 0
6464 ORDER 9705 35 51 3 42 0
6465 ORDER 9706 57 20 58 68 0
6465 ORDER 9707 68 53 43 68 2
6466 ORDER 9708 74 36 3 63 0
6466 ORDER 9709 12 45 31 68 2
6467 ORDER 9710 37 21 2 1 2
6467 ORDER 9711 83 30 81 67 2
6467 BLOCK 94 12
6468 ORDER 9712 59 63 19 68 3
6469 ORDER 9713 67 30 3 28 0
6469 BLOCK 63 26
6470 ORDER 9714 32 12 96 67 1
6471 ORDER 9715 87 33 3 36 0
6472 ORDER 9716 57 50 94 67 0
6473 ORDER 9717 39 54 8 68 0
6474 ORDER 9718 86 11 69 68 1
6474 BLOCK 25 63
6475 ORDER 9719 78 50 3 2 0
6475 ORDER 9720 54 23 3 33 1
6476 ORDER 9721 40 45 3 65 0
6476 ORDER 9722 63 30 3 8 0
6477 ORDER 9723 59 15 64 68 0
6477 ORDER 9724 42 45 1 14 2
6478 UNBLOCK 21 35
6478 ORDER 9725 50 44 14 68 0
6478 ORDER 9726 45 32 28 67 1
6479 ORDER 9727 81 5 30 67 0
6480 ORDER 9728 36 24 1 5 0
6481 ORDER 9729 72 3 63 67 1
6481 ORDER 9730 71 48 1 8 1
6482 ORDER 9731 54 26 1 24 0
6482 ORDER 9732 77 8 3 66 1
6483 UNBLOCK 36 26
6483 UNBLOCK 23 65
6483 ORDER 9733 22 47 51 67 1
6483 ORDER 9734 35 3 1 24 0
6484 ORDER 9735 86 24 77 68 0
6484 ORDER 9736 36 17 1 9 2
6485 ORDER 9737 6 36 2 56 0
6486 ORDER 9738 29 65 70 67 0
6486 ORDER 9739 49 51 3 17 1
6486 BLOCK 19 62
6487 CANCEL 9547
6487 ORDER 9740 41 23 66 67 2
6487 ORDER 9741 56 9 84 68 0
6488 ORDER 9742 12 53 4 68 0
6488 ORDER 9743 65 44 1 17 0
6489 UNBLOCK 60 57
6489 ORDER 9744 91 30 1 47 0
6490 ORDER 9745 38 42 3 31 0
6490 ORDER 9746 35 53 2 7 1
6491 ORDER 9747 11 56 1 6 0
6492 ORDER 9748 11 36 5 67 0
6493 ORDER 9749 59 30 1 40 0
6493 BLOCK 52 62
6494 ORDER 9750 88 20 1 67 0
6494 ORDER 9751 14 45 2 30 0
6495 UNBLOCK 53 44
6495 ORDER 9752 58 35 85 68 0
6496 UNBLOCK 69 50
6496 ORDER 9753 41 20 2 36 0
6497 CANCEL 9617
6497 ORDER 9754 37 38 28 67 0
6497 ORDER 9755 74 41 3 66 3
6498 ORDER 9756 26 35 62 68 0
6498 ORDER 9757 40 6 14 67 0
6499 ORDER 9758 60 47 2 68 0
6500 ORDER 9759 31 62 3 22 2
6500 ORDER 9760 79 12 3 9 0
6501 ORDER 9761 62 44 2 6 1
6501 ORDER 9762 35 53 81 68 3
6502 ORDER 9763 37 44 2 20 0
6502 ORDER 9764 66 18 8 68 0
6503 UNBLOCK 79 51
6503 ORDER 9765 49 62 29 68 0
6504 UNBLOCK 86 41
6504 ORDER 9766 90 26 3 9 0
6504 ORDER 9767 10 60 28 67 0
6504 BLOCK 85 33
6505 UNBLOCK 41 26
6505 ORDER 9768 49 3 2 39 2
6505 ORDER 9769 85 42 93 68 0
6506 ORDER 9770 17 33 3 30 0
6506 ORDER 9771 90 27 26 67 0
6507 ORDER 9772 35 9 98 67 0
6507 ORDER 9773 33 63 3 23 0
6508 ORDER 9774 64 47 2 27 0
6508 ORDER 9775 40 23 72 68 0
6509 ORDER 9776 87 39 36 67 0
6509 ORDER 9777 19 18 1 57 0
6509 BLOCK 69 65
6510 ORDER 9778 25 17 89 67 1
6510 BLOCK 79 57
6511 ORDER 9779 27 26 82 67 0
6511 ORDER 9780 62 21 4 67 0
6512 UNBLOCK 52 62
6512 ORDER 9781 86 11 5 67 0
6513 UNBLOCK 35 54
6513 ORDER 9782 57 30 15 67 1
6513 BLOCK 88 23
6514 ORDER 9783 44 24 1 35 0
6515 ORDER 9784 94 15 3 40 1
6515 BLOCK 24 6
6516 UNBLOCK 25 63
6516 ORDER 9785 25 65 87 68 0
6516 ORDER 9786 25 53 2 61 0
6517 ORDER 9787 68 60 2 31 1
6518 ORDER 9788 32 53 24 67 0
6519 ORDER 9789 55 5 84 67 3
6519 BLOCK 56 62
6520 ORDER 9790 83 39 1 47 2
6520 ORDER 9791 26 5 86 68 0
6521 ORDER 9792 9 29 8 68 0
6522 ORDER 9793 64 24 56 68 0
6523 ORDER 9794 86 53 7 68 0
6523 BLOCK 41 16
6524 ORDER 9795 85 44 15 68 0
6524 ORDER 9796 29 15 1 12 0
6524 BLOCK 79 31
6525 ORDER 9797 85 26 1 55 0
6525 ORDER 9798 73 30 80 67 1
6525 BLOCK 79 68
6526 CANCEL 9744
6526 UNBLOCK 85 33
6526 ORDER 9799 27 23 2 59 0
6526 BLOCK 6 6
6527 ORDER 9800 88 42 11 67 1
6527 ORDER 9801 43 42 3 9 0
6528 ORDER 9802 83 54 1 12 0
6528 ORDER 9803 30 57 30 67 0
6528 BLOCK 41 32
6529 UNBLOCK 19 62
6529 ORDER 9804 9 57 40 68 1
6529 ORDER 9805 78 50 64 68 0
6530 UNBLOCK 78 14
6530 ORDER 9806 64 65 3 40 0
6531 ORDER 9807 50 15 1 63 1
6531 ORDER 9808 65 3 49 68 1
6532 UNBLOCK 31 10
6532 UNBLOCK 24 6
6532 ORDER 9809 19 62 34 67 0
6533 UNBLOCK 13 18
6533 ORDER 9810 32 21 54 68 0
6533 ORDER 9811 58 45 38 67 0
6534 ORDER 9812 88 12 1 42 0
6534 ORDER 9813 44 3 1 66 1
6535 ORDER 9814 16 32 83 68 1
6535 ORDER 9815 28 65 3 49 1
6535 BLOCK 92 35
6536 ORDER 9816 17 50 1 55 0
6536 ORDER 9817 31 47 2 36 0
6537 ORDER 9818 37 62 6 68 2
6538 ORDER 9819 38 29 65 67 0
6539 ORDER 9820 10 42 1 15 0
6539 ORDER 9821 24 30 29 67 1
6540 ORDER 9822 58 53 64 68 2
6540 ORDER 9823 39 57 43 68 1
6541 UNBLOCK 41 32
6541 ORDER 9824 7 23 6 68 1
6541 ORDER 9825 46 60 1 61 0
6542 CANCEL 9559
6542 ORDER 9826 56 36 20 68 0
6542 ORDER 9827 20 24 28 68 1
6542 BLOCK 34 62
6543 ORDER 9828 17 45 2 42 0
6543 ORDER 9829 30 60 2 68 0
6543 BLOCK 77 47
6544 ORDER 9830 35 65 12 68 0
6544 ORDER 9831 12 26 53 68 0
6545 ORDER 9832 75 8 3 44 1
6545 ORDER 9833 74 26 2 52 0
6546 ORDER 9834 76 17 71 67 1
6547 ORDER 9835 94 65 2 15 0
6548 ORDER 9836 92 17 3 33 1
6548 ORDER 9837 24 53 7 67 0
6549 ORDER 9838 9 44 43 68 0
6549 ORDER 9839 67 38 2 64 0
6550 ORDER 9840 57 60 2 35 0
6550 BLOCK 33 51
6551 ORDER 9841 30 18 63 67 1
6551 BLOCK 70 33
6552 ORDER 9842 57 36 3 56 0
6552 ORDER 9843 40 32 68 67 1
6552 BLOCK 8 6
6553 ORDER 9844 29 38 3 20 1
6554 ORDER 9845 22 54 96 68 1
6554 BLOCK 47 8
6555 UNBLOCK 79 31
6555 ORDER 9846 26 9 2 53 0
6555 ORDER 9847 65 42 2 61 0
6556 ORDER 9848 39 44 3 61 2
6556 ORDER 9849 79 36 2 41 1
6556 BLOCK 25 18
6557 UNBLOCK 94 12
6557 UNBLOCK 63 26
6557 ORDER 9850 11 60 2 10 3
6557 ORDER 9851 57 57 17 67 1
6558 ORDER 9852 44 51 71 68 0
6559 ORDER 9853 82 33 29 67 0
6559 ORDER 9854 26 5 3 67 0
6560 ORDER 9855 84 53 2 1 1
6560 ORDER 9856 74 35 89 67 0
6561 ORDER 9857 33 6 2 11 1
6562 ORDER 9858 25 27 27 68 0
6563 ORDER 9859 58 51 3 34 0
6564 ORDER 9860 17 24 27 68 0
6564 ORDER 9861 68 26 76 67 0
6565 ORDER 9862 63 11 27 67 2
6566 UNBLOCK 69 65
6566 ORDER 9863 16 33 3 17 0
6566 ORDER 9864 89 60 1 53 0
6567 ORDER 9865 22 14 2 61 1
6568 ORDER 9866 84 62 1 55 3
6568 ORDER 9867 14 27 52 68 2
6569 ORDER 9868 63 21 1 54 1
6569 ORDER 9869 87 6 2 4 0
6570 ORDER 9870 83 65 3 19 1
6571 ORDER 9871 64 65 28 67 0
6571 BLOCK 14 14
6572 UNBLOCK 6 6
6572 ORDER 9872 10 53 5 68 0
6572 BLOCK 50 56
6573 ORDER 9873 61 45 17 67 0
6573 ORDER 9874 63 5 62 68 0
6574 ORDER 9875 79 5 1 19 0
6575 ORDER 9876 92 42 74 68 1
6575 ORDER 9877 80 38 11 68 0
6576 ORDER 9878 38 27 3 10 0
6577 ORDER 9879 91 59 3 36 1
6577 ORDER 9880 18 6 3 18 0
6577 BLOCK 59 2
6578 ORDER 9881 56 11 72 67 0
6578 ORDER 9882 24 51 47 67 0
6579 ORDER 9883 43 5 44 67 3
6580 ORDER 9884 17 57 3 38 0
6580 ORDER 9885 77 50 2 41 1
6581 UNBLOCK 79 57
6581 ORDER 9886 30 20 1 12 0
6582 UNBLOCK 79 68
6582 ORDER 9887 82 36 24 67 1
6582 ORDER 9888 33 54 2 10 1
6583 ORDER 9889 74 51 3 11 0
6584 CANCEL 9656
6584 ORDER 9890 86 15 82 68 0
6584 ORDER 9891 25 65 1 26 0
6585 ORDER 9892 39 41 1 68 0
6586 ORDER 9893 90 57 29 68 2
6587 ORDER 9894 85 32 70 68 3
6587 ORDER 9895 67 27 25 67 0
6588 ORDER 9896 8 15 71 67 1
6589 ORDER 9897 21 18 77 67 0
6590 UNBLOCK 41 16
6590 ORDER 9898 95 41 35 68 1
6590 ORDER 9899 60 33 89 67 1
6590 BLOCK 43 9
6591 CANCEL 9640
6591 UNBLOCK 59 2
6591 ORDER 9900 49 12 3 28 0
6592 ORDER 9901 76 18 2 52 0
6592 BLOCK 47 54
6593 ORDER 9902 17 60 31 67 0
6594 UNBLOCK 92 35
6594 ORDER 9903 42 9 1 28 0
6594 ORDER 9904 28 26 70 67 1
6595 ORDER 9905 21 39 25 68 0
6595 ORDER 9906 17 57 2 3 1
6596 ORDER 9907 17 9 68 67 1
6596 BLOCK 90 48
6597 ORDER 9908 28 30 92 68 0
6597 BLOCK 89 21
6598 ORDER 9909 67 18 90 67 0
6599 ORDER 9910 63 38 1 49 0
6599 ORDER 9911 65 65 2 3 0
6600 ORDER 9912 29 6 1 68 0
6600 ORDER 9913 46 44 49 68 0
6601 ORDER 9914 68 65 3 25 1
6602 ORDER 9915 32 44 1 68 0
6602 ORDER 9916 25 11 1 59 0
6603 UNBLOCK 88 23
6603 ORDER 9917 48 44 75 67 1
6603 ORDER 9918 63 35 67 67 2
6604 ORDER 9919 17 20 20 68 0
6604 ORDER 9920 55 63 2 4 1
6605 ORDER 9921 29 27 29 68 0
6605 ORDER 9922 82 12 55 67 1
6606 ORDER 9923 73 12 3 43 0
6607 ORDER 9924 57 35 92 68 0
6608 ORDER 9925 38 17 45 67 1
6608 BLOCK 42 23
6609 ORDER 9926 80 20 3 34 0
6610 ORDER 9927 21 33 3 45 0
6610 ORDER 9928 54 23 3 48 2
6611 ORDER 9929 32 44 62 68 0
6612 ORDER 9930 48 59 3 42 0
6612 ORDER 9931 7 21 39 68 1
6613 ORDER 9932 78 23 84 68 0
6614 ORDER 9933 64 63 3 4 0
6614 ORDER 9934 6 18 60 68 0
6615 ORDER 9935 42 36 3 27 2
6616 ORDER 9936 67 50 46 67 0
6616 ORDER 9937 70 47 3 39 1
6617 UNBLOCK 56 62
6617 UNBLOCK 34 62
6617 ORDER 9938 78 57 37 68 0
6617 ORDER 9939 40 50 1 62 0
6618 ORDER 9940 89 53 62 68 1
6619 ORDER 9941 24 24 38 67 0
6619 ORDER 9942 20 63 2 26 0
6620 CANCEL 9661
6620 UNBLOCK 90 48
6620 UNBLOCK 42 23
6620 ORDER 9943 54 27 45 68 1
6621 ORDER 9944 37 20 3 17 0
6621 ORDER 9945 65 30 1 55 0
6621 BLOCK 38 66
6622 CANCEL 9735
6622 ORDER 9946 59 48 2 32 0
6623 UNBLOCK 43 9
6623 ORDER 9947 17 44 24 67 0
6623 ORDER 9948 93 23 3 56 0
6624 ORDER 9949 58 54 2 4 0
6624 ORDER 9950 44 21 3 9 1
6625 ORDER 9951 87 59 3 52 1
6626 UNBLOCK 47 8
6626 ORDER 9952 60 11 2 2 1
6626 ORDER 9953 78 54 3 41 2
6627 ORDER 9954 18 11 1 13 2
6628 UNBLOCK 77 47
6628 ORDER 9955 32 39 42 68 1
6629 ORDER 9956 70 57 3 53 0
6630 ORDER 9957 35 38 3 42 0
6630 BLOCK 51 39
6631 CANCEL 9679
6631 CANCEL 9778
6631 ORDER 9958 16 6 51 67 0
6632 ORDER 9959 37 60 88 68 0
6632 ORDER 9960 18 33 3 51 0
6633 UNBLOCK 70 33
6633 ORDER 9961 48 57 48 67 1
6633 ORDER 9962 68 24 30 68 0
6634 UNBLOCK 33 51
6634 ORDER 9963 6 26 2 33 0
6634 ORDER 9964 37 41 2 55 0
6635 ORDER 9965 16 6 38 68 1
6635 ORDER 9966 11 44 1 40 0
6635 BLOCK 35 59
6636 ORDER 9967 20 35 1 49 0
6636 ORDER 9968 32 23 37 67 1
6637 ORDER 9969 26 36 2 66 1
6638 ORDER 9970 33 6 87 68 1
6638 ORDER 9971 90 53 41 68 0
6638 BLOCK 24 48
6639 ORDER 9972 49 29 3 13 0
6639 ORDER 9973 54 41 79 68 0
6639 BLOCK 28 39
6640 UNBLOCK 50 56
6640 ORDER 9974 89 36 3 27 0
6640 ORDER 9975 64 36 37 68 2
6641 ORDER 9976 92 15 3 29 3
6641 ORDER 9977 34 27 2 15 0
6642 ORDER 9978 29 54 3 60 2
6643 ORDER 9979 39 32 80 67 0
6644 ORDER 9980 15 11 2 38 1
6644 BLOCK 86 35
6645 ORDER 9981 84 44 1 19 0
6646 ORDER 9982 59 24 3 67 0
6646 ORDER 9983 92 4 1 56 0
6646 BLOCK 11 57
6647 UNBLOCK 14 14
6647 ORDER 9984 45 29 1 44 1
6647 ORDER 9985 72 23 3 52 2
6647 BLOCK 20 44
6648 ORDER 9986 89 17 1 68 1
6649 ORDER 9987 56 15 83 68 0
6649 BLOCK 71 40
6650 ORDER 9988 88 53 3 30 2
6651 UNBLOCK 8 6
6651 ORDER 9989 86 57 2 34 0
6651 ORDER 9990 9 6 1 46 1
6651 BLOCK 10 1
6652 ORDER 9991 89 12 1 49 0
6653 UNBLOCK 25 18
6653 ORDER 9992 47 48 64 68 1
6654 ORDER 9993 62 29 2 57 0
6654 ORDER 9994 77 12 3 22 1
6655 ORDER 9995 64 18 2 17 0
6655 ORDER 9996 40 54 3 47 1
6656 ORDER 9997 47 65 3 58 0
6656 ORDER 9998 11 20 71 68 0
6657 ORDER 9999 72 29 3 50 0
6657 ORDER 10000 91 11 81 67 2
6657 BLOCK 18 5
6658 ORDER 10001 19 62 39 67 2
6659 CANCEL 9708
6659 ORDER 10002 17 11 3 13 3
6660 ORDER 10003 81 56 1 49 0
6660 BLOCK 82 67
6661 UNBLOCK 38 66
6661 ORDER 10004 8 38 2 13 0
6662 ORDER 10005 6 39 2 31 0
6663 ORDER 10006 66 60 3 30 1
6664 ORDER 10007 16 33 1 5 1
6664 ORDER 10008 42 62 21 68 1
6665 UNBLOCK 28 39
6665 ORDER 10009 93 12 1 18 1
6665 BLOCK 55 62
6666 ORDER 10010 60 39 61 67 1
6667 ORDER 10011 44 29 2 44 0
6668 ORDER 10012 89 12 2 3 2
6669 UNBLOCK 86 35
6669 ORDER 10013 51 47 3 55 3
6670 ORDER 10014 74 63 1 37 1
6670 ORDER 10015 40 47 3 42 0
6671 ORDER 10016 32 39 10 67 0
6672 ORDER 10017 16 30 35 68 3
6672 ORDER 10018 39 33 17 68 1
6673 CANCEL 9893
6673 ORDER 10019 7 9 49 67 1
6673 ORDER 10020 10 47 1 18 0
6674 ORDER 10021 12 20 3 28 0
6674 ORDER 10022 7 62 3 27 0
6674 BLOCK 33 53
6675 ORDER 10023 48 50 3 2 0
6675 ORDER 10024 79 27 31 68 0
6676 UNBLOCK 35 59
6676 ORDER 10025 56 8 56 68 1
6676 ORDER 10026 68 18 3 18 0
6677 ORDER 10027 89 39 1 9 0
6677 ORDER 10028 27 9 2 64 0
6677 BLOCK 75 8
6678 ORDER 10029 67 20 75 68 0
6678 ORDER 10030 84 48 2 65 0
6679 ORDER 10031 89 5 3 40 3
6679 ORDER 10032 42 41 3 31 1
6680 UNBLOCK 47 54
6680 ORDER 10033 65 24 1 48 0
6680 ORDER 10034 11 56 54 68 0
6681 ORDER 10035 88 26 3 37 0
6681 BLOCK 87 20
6682 ORDER 10036 90 39 2 59 0
6682 ORDER 10037 89 23 94 68 1
6682 BLOCK 32 5
6683 ORDER 10038 11 42 49 68 0
6684 ORDER 10039 89 29 3 38 0
6685 ORDER 10040 88 12 95 68 0
6686 ORDER 10041 52 5 3 56 0
6687 UNBLOCK 89 21
6687 ORDER 10042 32 3 1 14 0
6687 ORDER 10043 73 39 1 57 1
6688 CANCEL 9989
6688 ORDER 10044 39 53 59 68 0
6688 BLOCK 66 6
6689 ORDER 10045 33 12 41 67 0
6689 ORDER 10046 21 41 1 19 1
6690 ORDER 10047 49 12 39 67 0
6691 ORDER 10048 63 53 1 19 3
6692 UNBLOCK 75 8
6692 ORDER 10049 35 63 3 8 0
6692 ORDER 10050 18 38 1 25 2
6693 ORDER 10051 58 17 1 50 0
6694 ORDER 10052 56 60 88 67 1
6694 ORDER 10053 62 5 3 45 0
6694 BLOCK 51 7
6695 UNBLOCK 71 40
6695 ORDER 10054 59 30 1 39 0
6695 ORDER 10055 50 39 2 41 1
6695 BLOCK 59 59
6696 ORDER 10056 95 59 3 31 0
6696 BLOCK 33 30
6697 ORDER 10057 25 6 56 67 0
6697 ORDER 10058 16 54 45 68 0
6698 ORDER 10059 13 39 1 33 1
6698 ORDER 10060 64 11 31 68 1
6699 ORDER 10061 89 50 2 2 1
6700 ORDER 10062 40 33 45 68 3
6701 ORDER 10063 43 20 2 10 1
6701 ORDER 10064 18 3 2 29 0
6702 ORDER 10065 51 18 42 68 1
6703 ORDER 10066 45 8 3 22 1
6703 ORDER 10067 15 63 2 15 0
6704 ORDER 10068 57 51 73 67 2
6704 ORDER 10069 56 9 2 19 0
6705 ORDER 10070 76 24 89 68 0
6706 ORDER 10071 53 14 68 68 1
6706 BLOCK 14 58
6707 ORDER 10072 78 63 1 37 1
6707 ORDER 10073 20 27 89 68 1
6708 UNBLOCK 51 39
6708 ORDER 10074 68 53 3 36 0
6709 UNBLOCK 18 5
6709 ORDER 10075 79 29 17 68 0
6709 ORDER 10076 84 35 40 68 2
6710 ORDER 10077 79 57 2 54 0
6710 ORDER 10078 38 54 3 58 0
6711 ORDER 10079 28 24 1 51 1
6712 ORDER 10080 9 18 1 65 0
6712 ORDER 10081 45 21 1 29 0
6713 ORDER 10082 50 48 16 68 0
6714 ORDER 10083 90 23 11 68 0
6714 ORDER 10084 47 51 52 68 0
6715 ORDER 10085 94 57 37 68 0
6715 ORDER 10086 16 51 1 9 0
6716 ORDER 10087 95 47 2 11 1
6716 ORDER 10088 20 6 2 23 1
6717 ORDER 10089 72 30 22 67 1
6717 BLOCK 17 47
6718 ORDER 10090 94 56 1 64 1
6718 ORDER 10091 62 24 50 68 0
6719 ORDER 10092 61 41 87 68 0
6719 ORDER 10093 44 45 3 52 0
6720 ORDER 10094 7 30 40 67 0
6721 ORDER 10095 77 44 3 18 0
6721 ORDER 10096 37 15 37 68 1
6722 ORDER 10097 79 39 3 38 2
6723 UNBLOCK 14 58
6723 ORDER 10098 28 30 9 67 3
6724 CANCEL 9891
6724 ORDER 10099 93 42 17 68 0
6724 ORDER 10100 44 17 2 37 1
6725 UNBLOCK 59 59
6725 ORDER 10101 44 51 2 44 2
6725 ORDER 10102 14 50 27 68 1
6726 ORDER 10103 17 53 18 68 0
6726 BLOCK 36 39
6727 ORDER 10104 27 54 1 28 3
6727 ORDER 10105 18 33 49 68 0
6727 BLOCK 44 8
6728 ORDER 10106 22 6 1 38 0
6728 ORDER 10107 18 54 93 67 1
6729 UNBLOCK 55 62
6729 UNBLOCK 32 5
6729 ORDER 10108 51 41 20 67 2
6730 ORDER 10109 6 17 3 57 2
6730 ORDER 10110 9 11 2 44 0
6731 UNBLOCK 24 48
6731 ORDER 10111 8 15 2 53 0
6732 ORDER 10112 83 60 73 68 0
6732 ORDER 10113 50 17 59 68 1
6733 ORDER 10114 67 3 3 32 1
6734 ORDER 10115 10 45 65 68 2
6734 ORDER 10116 53 9 3 39 0
6735 UNBLOCK 82 67
6735 ORDER 10117 8 37 95 67 0
6735 ORDER 10118 80 23 76 67 1
6736 CANCEL 9865
6736 UNBLOCK 11 57
6736 ORDER 10119 14 65 3 14 0
6737 ORDER 10120 10 9 2 59 0
6738 ORDER 10121 6 17 1 10 0
6739 UNBLOCK 51 7
6739 ORDER 10122 28 8 26 68 1
6739 ORDER 10123 94 21 3 21 2
6740 UNBLOCK 33 30
6740 ORDER 10124 81 60 3 67 1
6741 ORDER 10125 76 41 13 68 0
6742 ORDER 10126 28 54 3 7 2
6742 ORDER 10127 76 8 1 50 1
6743 UNBLOCK 20 44
6743 ORDER 10128 20 32 15 67 1
6744 ORDER 10129 6 56 2 50 1
6744 ORDER 10130 58 30 27 68 0
6744 BLOCK 62 63
6745 ORDER 10131 50 54 3 4 0
6745 ORDER 10132 15 36 83 68 1
6746 ORDER 10133 86 21 93 68 0
6747 ORDER 10134 43 49 34 68 1
6747 ORDER 10135 25 8 2 40 0
6747 BLOCK 29 38
6748 ORDER 10136 74 35 22 68 0
6748 ORDER 10137 93 63 1 43 3
6748 BLOCK 87 17
6749 ORDER 10138 33 27 83 68 1
6749 ORDER 10139 6 26 1 45 0
6750 ORDER 10140 53 12 10 67 1
6751 UNBLOCK 10 1
6751 ORDER 10141 19 6 1 29 0
6751 BLOCK 24 63
6752 ORDER 10142 36 23 30 67 0
6753 ORDER 10143 87 39 42 67 0
6753 ORDER 10144 22 6 1 60 0
6753 BLOCK 17 62
6754 ORDER 10145 10 6 2 67 0
6754 ORDER 10146 74 24 5 67 1
6755 ORDER 10147 28 17 76 67 1
6755 ORDER 10148 27 51 36 67 3
6756 UNBLOCK 33 53
6756 UNBLOCK 87 20
6756 ORDER 10149 6 32 34 68 0
6756 ORDER 10150 78 39 2 64 1
6756 BLOCK 8 56
6757 ORDER 10151 28 20 1 29 0
6757 ORDER 10152 80 26 67 68 0
6758 ORDER 10153 27 36 1 20 1
6759 ORDER 10154 39 32 39 67 0
6759 ORDER 10155 28 41 1 34 3
6759 BLOCK 93 32
6760 ORDER 10156 67 51 74 68 2
6760 ORDER 10157 85 50 72 67 1
6761 ORDER 10158 41 30 3 22 2
6762 ORDER 10159 67 45 2 25 0
6762 ORDER 10160 38 42 2 4 0
6763 ORDER 10161 94 36 82 67 1
6763 ORDER 10162 18 48 1 48 0
6764 CANCEL 10061
6764 ORDER 10163 70 50 2 38 0
6764 ORDER 10164 36 38 1 25 2
6765 ORDER 10165 23 41 3 68 0
6765 ORDER 10166 27 59 16 67 1
6766 ORDER 10167 51 20 3 18 0
6766 ORDER 10168 84 11 86 68 1
6767 ORDER 10169 32 50 53 67 1
6767 BLOCK 67 67
6768 CANCEL 10045
6768 ORDER 10170 87 17 2 1 0
6768 ORDER 10171 64 18 74 68 1
6768 BLOCK 49 62
6769 ORDER 10172 20 51 33 67 0
6769 ORDER 10173 83 45 1 9 0
6770 ORDER 10174 60 47 3 4 2
6770 ORDER 10175 21 62 58 68 0
6771 ORDER 10176 41 21 2 36 0
6771 ORDER 10177 47 36 46 67 0
6771 BLOCK 42 5
6772 ORDER 10178 18 57 3 10 0
6772 ORDER 10179 93 27 2 19 2
6773 ORDER 10180 39 65 53 67 1
6773 BLOCK 29 3
6774 ORDER 10181 19 32 18 68 1
6774 ORDER 10182 88 63 45 68 0
6774 BLOCK 32 44
6775 ORDER 10183 27 47 84 68 0
6775 ORDER 10184 46 54 12 67 0
6776 UNBLOCK 87 17
6776 ORDER 10185 53 12 3 20 0
6776 ORDER 10186 57 39 38 68 0
6777 ORDER 10187 74 15 2 10 3
6777 ORDER 10188 9 5 61 67 0
6777 BLOCK 89 57
6778 ORDER 10189 77 18 49 68 1
6778 ORDER 10190 27 26 16 67 1
6779 ORDER 10191 54 6 2 24 0
6780 ORDER 10192 92 45 53 67 0
6780 BLOCK 92 14
6781 UNBLOCK 66 6
6781 UNBLOCK 17 47
6781 ORDER 10193 16 9 77 68 2
6781 BLOCK 92 60
6782 ORDER 10194 79 33 20 67 0
6782 ORDER 10195 24 11 35 67 0
6783 ORDER 10196 75 35 3 21 0
6783 ORDER 10197 77 59 3 48 0
6784 ORDER 10198 62 42 25 68 0
6785 ORDER 10199 33 8 3 11 0
6785 ORDER 10200 39 15 9 68 1
6786 ORDER 10201 55 8 88 67 0
6786 ORDER 10202 19 3 95 68 0
6787 CANCEL 10050
6787 ORDER 10203 80 51 36 67 0
6787 ORDER 10204 89 23 2 13 0
6788 ORDER 10205 88 39 3 48 0
6788 ORDER 10206 6 35 7 68 0
6789 ORDER 10207 28 16 1 8 0
6789 ORDER 10208 19 5 67 67 0
6790 UNBLOCK 89 57
6790 ORDER 10209 63 30 1 25 0
6790 ORDER 10210 45 17 3 8 3
6790 BLOCK 31 9
6791 ORDER 10211 19 3 1 10 1
6792 CANCEL 10077
6792 ORDER 10212 69 21 2 38 1
6792 ORDER 10213 87 51 93 68 0
6793 UNBLOCK 92 14
6793 ORDER 10214 27 35 1 45 3
6793 ORDER 10215 29 33 1 36 1
6794 UNBLOCK 42 5
6794 ORDER 10216 79 38 29 68 3
6794 ORDER 10217 21 54 1 62 1
6795 ORDER 10218 78 6 65 67 1
6796 ORDER 10219 92 42 3 28 1
6797 ORDER 10220 22 6 37 67 0
6797 ORDER 10221 82 47 35 67 0
6798 CANCEL 10207
6798 ORDER 10222 49 39 43 67 1
6798 ORDER 10223 80 12 3 43 0
6799 ORDER 10224 42 27 3 30 1
6800 ORDER 10225 47 42 3 50 1
6801 ORDER 10226 84 44 1 64 0
6802 ORDER 10227 55 5 53 67 0
6802 BLOCK 29 1
6803 ORDER 10228 80 18 73 67 0
6803 ORDER 10229 70 23 1 50 1
6804 ORDER 10230 11 65 1 19 1
6804 ORDER 10231 68 18 2 56 2
6805 ORDER 10232 69 17 3 19 0
6806 ORDER 10233 13 21 1 13 0
6807 ORDER 10234 13 23 2 20 0
6808 ORDER 10235 55 51 2 49 0
6809 ORDER 10236 10 44 1 44 0
6810 ORDER 10237 8 38 1 8 1
6810 ORDER 10238 50 27 2 28 1
6811 UNBLOCK 67 67
6811 CANCEL 10176
6811 ORDER 10239 54 42 3 21 1
6811 ORDER 10240 20 11 88 67 2
6811 BLOCK 93 35
6812 UNBLOCK 62 63
6812 UNBLOCK 17 62
6812 ORDER 10241 61 45 69 68 1
6812 ORDER 10242 19 12 26 68 0
6812 BLOCK 50 20
6813 UNBLOCK 29 3
6813 ORDER 10243 28 36 33 67 0
6813 ORDER 10244 59 36 81 68 2
6813 BLOCK 41 45
6814 ORDER 10245 76 32 98 68 0
6814 ORDER 10246 34 41 17 67 3
6815 ORDER 10247 45 17 3 33 0
6815 CANCEL 110247
6816 UNBLOCK 49 62
6816 ORDER 10248 28 5 2 7 0
6817 UNBLOCK 36 39
6817 UNBLOCK 93 32
6817 ORDER 10249 61 27 40 68 0
6817 ORDER 10250 42 42 91 68 0
6817 BLOCK 80 2
6818 ORDER 10251 11 33 47 68 0
6818 ORDER 10252 14 14 1 29 0
6819 ORDER 10253 18 33 92 68 3
6819 ORDER 10254 17 27 55 67 0
6820 ORDER 10255 19 41 3 46 0
6821 ORDER 10256 81 57 74 67 1
6822 ORDER 10257 63 24 1 13 0
6822 BLOCK 95 32
6823 UNBLOCK 44 8
6823 ORDER 10258 28 12 1 64 0
6823 ORDER 10259 26 62 2 11 0
6824 CANCEL 10162
6824 ORDER 10260 55 20 39 67 0
6824 BLOCK 53 24
6825 ORDER 10261 21 47 43 67 1
6825 ORDER 10262 56 32 1 26 1
6825 BLOCK 51 33
6826 ORDER 10263 23 5 3 23 0
6826 ORDER 10264 51 65 1 25 0
6826 BLOCK 14 54
6827 ORDER 10265 17 8 3 26 0
6828 ORDER 10266 66 5 75 68 0
6828 ORDER 10267 34 32 2 64 2
6829 CANCEL 10001
6829 ORDER 10268 41 14 3 37 0
6829 ORDER 10269 17 60 3 65 2
6830 ORDER 10270 72 35 1 64 1
6831 ORDER 10271 17 30 72 67 2
6831 BLOCK 16 50
6832 ORDER 10272 95 33 95 67 2
6833 UNBLOCK 29 38
6833 ORDER 10273 88 36 3 63 0
6833 ORDER 10274 34 50 2 16 0
6834 ORDER 10275 34 48 3 34 1
6835 UNBLOCK 24 63
6835 ORDER 10276 65 11 89 67 0
6836 ORDER 10277 59 60 2 26 0
6837 ORDER 10278 13 47 3 31 0
6838 ORDER 10279 48 51 3 1 1
6839 ORDER 10280 12 6 2 45 0
6839 ORDER 10281 89 36 44 68 0
6840 UNBLOCK 29 1
6840 ORDER 10282 6 32 79 67 0
6840 ORDER 10283 74 39 2 8 0
6841 UNBLOCK 32 44
6841 ORDER 10284 70 62 15 67 1
6841 ORDER 10285 78 41 2 63 3
6841 BLOCK 7 36
6842 ORDER 10286 71 21 2 13 0
6842 BLOCK 70 59
6843 ORDER 10287 32 53 2 20 1
6843 ORDER 10288 69 48 70 67 0
6844 ORDER 10289 47 6 1 31 0
6844 ORDER 10290 79 39 3 2 0
6845 CANCEL 10034
6845 ORDER 10291 47 59 86 67 0
6845 ORDER 10292 60 57 50 67 0
6846 ORDER 10293 16 63 67 67 0
6847 UNBLOCK 8 56
6847 ORDER 10294 73 15 1 51 0
6848 ORDER 10295 31 30 57 68 0
6848 ORDER 10296 16 30 93 67 0
6849 ORDER 10297 16 53 97 67 1
6849 ORDER 10298 13 33 48 67 1
6850 UNBLOCK 92 60
6850 ORDER 10299 51 14 93 67 1
6850 BLOCK 72 18
6851 ORDER 10300 32 51 3 5 0
6851 ORDER 10301 63 54 2 54 1
6851 BLOCK 33 36
6852 UNBLOCK 95 32
6852 ORDER 10302 85 39 1 8 3
6853 CANCEL 10124
6853 ORDER 10303 17 32 1 66 1
6853 ORDER 10304 46 24 96 67 0
6854 ORDER 10305 57 56 1 3 0
6855 ORDER 10306 23 42 42 68 1
6855 ORDER 10307 77 21 7 67 0
6856 ORDER 10308 8 57 3 8 0
6857 ORDER 10309 94 35 76 67 1
6858 ORDER 10310 29 33 89 67 1
6858 ORDER 10311 77 60 3 13 1
6859 ORDER 10312 28 53 2 26 2
6860 ORDER 10313 82 6 3 45 1
6860 ORDER 10314 31 23 34 67 0
6861 ORDER 10315 52 12 29 67 0
6861 ORDER 10316 47 42 51 68 2
6862 ORDER 10317 62 14 40 67 3
6862 ORDER 10318 50 44 1 46 0
6863 UNBLOCK 14 54
6863 ORDER 10319 12 47 1 65 1
6864 CANCEL 10058
6864 ORDER 10320 39 55 47 67 0
6864 ORDER 10321 18 41 14 68 1
6865 ORDER 10322 33 44 2 46 1
6866 ORDER 10323 73 54 38 68 0
6866 ORDER 10324 59 18 2 16 0
6866 BLOCK 59 21
6867 ORDER 10325 94 21 2 32 0
6868 ORDER 10326 43 18 81 67 1
6869 ORDER 10327 45 5 1 60 3
6869 ORDER 10328 50 17 1 32 2
6870 ORDER 10329 7 60 27 68 1
6870 ORDER 10330 87 36 13 68 1
6870 BLOCK 78 45
6871 ORDER 10331 9 35 17 67 0
6871 ORDER 10332 76 50 3 28 0
6872 ORDER 10333 55 14 3 67 3
6873 ORDER 10334 54 12 2 37 1
6873 ORDER 10335 27 32 1 13 3
6874 UNBLOCK 16 50
6874 ORDER 10336 11 38 3 1 0
6874 ORDER 10337 21 33 1 21 0
6875 UNBLOCK 93 35
6875 ORDER 10338 83 50 1 47 1
6875 ORDER 10339 45 59 2 28 1
6876 ORDER 10340 83 42 3 33 1
6877 UNBLOCK 31 9
6877 ORDER 10341 85 12 1 56 1
6878 CANCEL 10254
6878 ORDER 10342 71 57 1 7 2
6879 ORDER 10343 62 50 13 67 0
6879 BLOCK 43 42
6880 ORDER 10344 48 6 3 6 3
6880 ORDER 10345 87 32 2 46 1
6881 ORDER 10346 64 11 2 54 0
6881 ORDER 10347 62 5 31 67 1
6882 UNBLOCK 50 20
6882 ORDER 10348 53 41 2 44 1
6882 ORDER 10349 35 23 2 22 0
6883 ORDER 10350 45 62 1 30 0
6883 ORDER 10351 52 47 88 68 1
6884 UNBLOCK 7 36
6884 ORDER 10352 89 11 65 67 1
6884 ORDER 10353 81 45 84 68 0
6885 ORDER 10354 28 18 2 55 2
6885 ORDER 10355 84 8 1 22 0
6886 ORDER 10356 74 60 33 68 1
6886 BLOCK 48 21
6887 ORDER 10357 87 17 1 56 2
6887 BLOCK 48 39
6888 ORDER 10358 76 6 2 5 0
6888 ORDER 10359 47 38 3 35 0
6889 ORDER 10360 75 29 44 68 3
6889 ORDER 10361 29 11 51 68 0
6890 ORDER 10362 10 35 1 63 1
6891 CANCEL 10309
6891 ORDER 10363 78 51 23 68 1
6891 BLOCK 24 9
6892 CANCEL 10154
6892 CANCEL 10224
6892 ORDER 10364 77 53 3 24 0
6893 ORDER 10365 22 14 80 68 1
6893 BLOCK 40 66
6894 ORDER 10366 8 17 2 38 0
6894 ORDER 10367 49 5 2 48 0
6895 UNBLOCK 80 2
6895 UNBLOCK 53 24
6895 ORDER 10368 89 18 3 7 0
6895 ORDER 10369 67 45 3 43 2
6896 ORDER 10370 67 12 77 67 0
6896 ORDER 10371 65 65 1 31 0
6896 BLOCK 35 45
6897 ORDER 10372 39 27 60 67 2
6897 ORDER 10373 84 44 1 52 0
6898 CANCEL 10359
6898 ORDER 10374 19 17 2 49 0
6898 ORDER 10375 37 56 3 48 0
6899 ORDER 10376 56 33 27 67 0
6899 ORDER 10377 47 5 86 67 1
6899 BLOCK 15 68
6900 UNBLOCK 41 45
6900 ORDER 10378 80 5 5 68 0
6901 ORDER 10379 88 65 80 68 0
6901 ORDER 10380 95 3 22 68 0
6901 BLOCK 57 53
6902 ORDER 10381 66 54 79 68 0
6903 UNBLOCK 59 21
6903 ORDER 10382 63 6 1 18 2
6904 ORDER 10383 29 47 39 67 0
6905 ORDER 10384 70 57 2 50 1
6905 ORDER 10385 59 38 97 68 0
6906 CANCEL 10296
6906 ORDER 10386 47 33 2 15 0
6907 UNBLOCK 51 33
6907 UNBLOCK 33 36
6907 ORDER 10387 64 56 1 2 0
6907 ORDER 10388 88 17 34 68 1
6908 ORDER 10389 87 20 2 8 0
6908 ORDER 10390 22 5 2 38 0
6909 ORDER 10391 57 51 5 68 1
6910 ORDER 10392 95 41 3 23 2
6910 ORDER 10393 90 3 88 68 0
6910 BLOCK 16 39
6911 ORDER 10394 90 60 35 67 0
6912 ORDER 10395 21 44 1 43 0
6913 ORDER 10396 51 32 97 68 3
6913 BLOCK 74 27
6914 ORDER 10397 11 3 91 68 0
6915 ORDER 10398 48 35 2 14 3
6915 ORDER 10399 31 33 1 51 2
6916 ORDER 10400 9 59 3 39 1
6916 ORDER 10401 16 63 1 43 2
6916 BLOCK 61 59
6917 ORDER 10402 87 17 2 47 0
6917 ORDER 10403 84 44 82 68 0
6918 ORDER 10404 12 29 1 27 3
6919 ORDER 10405 37 32 1 6 1
6919 ORDER 10406 62 41 64 67 3
6920 ORDER 10407 34 60 38 68 0
6920 ORDER 10408 47 3 1 68 0
6921 ORDER 10409 76 56 64 67 0
6921 ORDER 10410 62 39 1 23 1
6922 ORDER 10411 6 53 81 67 0
6922 ORDER 10412 34 38 3 62 0
6923 ORDER 10413 38 62 1 19 0
6924 ORDER 10414 86 24 94 68 0
6925 ORDER 10415 53 53 2 24 0
6926 ORDER 10416 82 3 2 16 1
6926 BLOCK 32 64
6927 ORDER 10417 71 27 3 11 0
6927 BLOCK 28 68
6928 ORDER 10418 8 44 3 62 0
6928 ORDER 10419 79 24 40 68 1
6929 ORDER 10420 41 30 28 67 0
6929 ORDER 10421 83 17 50 68 0
6930 ORDER 10422 36 59 1 64 1
6931 ORDER 10423 92 6 27 67 1
6932 UNBLOCK 70 59
6932 ORDER 10424 88 65 2 56 0
6933 CANCEL 10341
6933 ORDER 10425 7 48 1 1 0
6933 ORDER 10426 90 63 14 68 1
6934 UNBLOCK 72 18
6934 ORDER 10427 24 51 78 68 3
6935 ORDER 10428 11 8 2 37 0
6935 ORDER 10429 10 59 2 50 1
6936 ORDER 10430 92 35 56 68 0
6937 ORDER 10431 20 50 2 7 0
6937 ORDER 10432 72 12 30 67 0
6938 ORDER 10433 20 15 2 18 0
6938 BLOCK 46 54
6939 ORDER 10434 34 3 83 67 1
6939 ORDER 10435 23 24 1 68 0
6940 ORDER 10436 37 15 2 20 0
6940 ORDER 10437 82 60 14 67 1
6941 ORDER 10438 72 50 2 34 1
6942 ORDER 10439 75 63 1 55 0
6942 BLOCK 27 27
6943 UNBLOCK 43 42
6943 UNBLOCK 28 68
6943 ORDER 10440 61 57 16 67 0
6943 ORDER 10441 40 51 1 55 1
6944 ORDER 10442 15 63 1 28 2
6944 ORDER 10443 34 27 98 67 3
6945 ORDER 10444 16 6 10 67 3
6946 ORDER 10445 49 44 2 38 1
6946 ORDER 10446 58 12 54 67 1
6947 ORDER 10447 37 45 72 67 0
6948 ORDER 10448 17 9 97 67 0
6949 UNBLOCK 57 53
6949 ORDER 10449 56 20 27 68 1
6950 ORDER 10450 95 39 2 9 0
6950 ORDER 10451 58 53 68 68 0
6950 BLOCK 82 30
6951 ORDER 10452 80 29 2 37 0
6952 ORDER 10453 49 27 3 47 2
6953 UNBLOCK 35 45
6953 ORDER 10454 80 27 1 68 0
6953 ORDER 10455 56 21 12 68 0
6954 CANCEL 10407
6954 ORDER 10456 57 8 1 38 2
6954 ORDER 10457 58 53 2 40 2
6955 ORDER 10458 95 57 8 67 0
6955 ORDER 10459 93 53 71 67 0
6956 ORDER 10460 28 24 42 67 0
6956 ORDER 10461 30 17 66 68 0
6957 UNBLOCK 78 45
6957 ORDER 10462 53 45 1 39 1
6957 ORDER 10463 57 21 1 53 0
6958 ORDER 10464 36 15 3 45 1
6958 ORDER 10465 75 5 2 15 0
6958 BLOCK 75 32
6959 ORDER 10466 79 33 2 26 0
6959 ORDER 10467 85 18 2 9 0
6960 ORDER 10468 50 30 3 52 0
6961 ORDER 10469 95 30 47 68 0
6961 BLOCK 28 62
6962 ORDER 10470 21 14 82 68 0
6962 ORDER 10471 83 35 1 39 1
6963 ORDER 10472 90 47 42 68 0
6964 UNBLOCK 16 39
6964 ORDER 10473 6 9 50 68 0
6965 ORDER 10474 83 44 37 67 0
6966 ORDER 10475 74 63 1 42 0
6967 ORDER 10476 34 45 36 67 0
6968 ORDER 10477 70 27 54 68 0
6969 ORDER 10478 76 32 2 27 1
6969 ORDER 10479 28 26 11 68 2
6970 UNBLOCK 48 21
6970 ORDER 10480 48 18 1 37 1
6971 UNBLOCK 24 9
6971 ORDER 10481 55 30 1 66 2
6971 BLOCK 94 23
6972 ORDER 10482 79 50 3 16 1
6973 UNBLOCK 82 30
6973 ORDER 10483 67 47 67 67 0
6974 ORDER 10484 39 18 71 68 0
6974 ORDER 10485 63 38 3 27 0
6975 CANCEL 10284
6975 CANCEL 10400
6975 ORDER 10486 12 20 1 68 0
6975 ORDER 10487 35 15 56 68 2
6976 ORDER 10488 84 48 2 9 1
6976 ORDER 10489 50 20 89 67 0
6977 CANCEL 10343
6977 ORDER 10490 40 6 3 31 0
6977 ORDER 10491 59 36 5 67 0
6978 ORDER 10492 40 48 3 67 1
6979 UNBLOCK 28 62
6979 ORDER 10493 56 32 1 22 0
6980 UNBLOCK 61 59
6980 ORDER 10494 88 8 1 68 0
6981 UNBLOCK 40 66
6981 ORDER 10495 58 56 1 29 0
6981 ORDER 10496 28 48 67 68 0
6982 UNBLOCK 48 39
6982 ORDER 10497 33 6 23 68 0
6982 ORDER 10498 59 5 1 60 0
6983 ORDER 10499 70 21 60 67 1
6984 ORDER 10500 75 54 52 68 1
6984 ORDER 10501 69 12 18 67 0
6985 ORDER 10502 77 50 3 59 2
6985 ORDER 10503 54 32 1 39 0
6986 CANCEL 10502
6986 ORDER 10504 29 50 1 60 0
6986 BLOCK 10 65
6987 CANCEL 10216
6987 ORDER 10505 9 21 1 44 0
6988 ORDER 10506 26 51 21 67 0
6989 ORDER 10507 12 24 2 9 1
6990 ORDER 10508 35 3 69 67 0
6991 ORDER 10509 9 38 1 49 0
6991 ORDER 10510 40 42 3 14 1
6991 BLOCK 32 33
6992 ORDER 10511 72 32 3 26 0
6992 BLOCK 44 8
6993 UNBLOCK 15 68
6993 ORDER 10512 56 65 3 7 0
6993 ORDER 10513 29 15 17 67 0
6993 BLOCK 35 30
6994 ORDER 10514 69 41 1 15 0
6995 UNBLOCK 32 64
6995 ORDER 10515 50 36 5 67 0
6995 ORDER 10516 6 17 3 38 0
6996 UNBLOCK 74 27
6996 ORDER 10517 35 30 3 34 0
6996 ORDER 10518 82 62 2 60 0
6996 BLOCK 80 23
6997 ORDER 10519 65 48 1 26 1
6998 ORDER 10520 87 63 3 46 0
6999 ORDER 10521 40 54 33 68 3
7000 CANCEL 10270
7000 ORDER 10522 80 5 64 67 0
7000 BLOCK 42 7
7001 UNBLOCK 46 54
7001 ORDER 10523 55 45 29 68 0
7001 ORDER 10524 61 39 69 67 1
7002 ORDER 10525 25 27 82 68 0
7002 ORDER 10526 41 50 10 68 0
7003 ORDER 10527 73 51 2 7 0
7003 ORDER 10528 74 8 17 67 1
7004 ORDER 10529 38 51 1 1 3
7005 ORDER 10530 45 11 3 62 0
7006 ORDER 10531 46 18 3 22 0
7007 ORDER 10532 74 60 46 67 0
7008 ORDER 10533 21 23 31 67 0
7009 UNBLOCK 27 27
7009 ORDER 10534 88 15 57 68 1
7009 ORDER 10535 34 9 3 18 1
7010 ORDER 10536 69 39 64 67 0
7010 ORDER 10537 20 36 43 67 1
7011 ORDER 10538 27 56 32 68 0
7011 ORDER 10539 18 11 1 23 0
7012 ORDER 10540 81 30 25 68 0
7013 ORDER 10541 12 56 1 35 2
7013 ORDER 10542 39 50 1 22 0
7014 ORDER 10543 79 24 77 68 1
7015 ORDER 10544 24 18 3 65 0
7015 BLOCK 75 36
7016 ORDER 10545 19 15 3 33 0
7017 ORDER 10546 17 44 33 67 2
7017 BLOCK 56 29
7018 ORDER 10547 43 15 71 67 0
7019 ORDER 10548 54 15 2 29 2
7019 ORDER 10549 31 27 2 7 0
7020 ORDER 10550 89 14 2 59 2
7021 CANCEL 10363
7021 ORDER 10551 34 33 96 68 0
7021 ORDER 10552 73 54 3 55 1
7021 BLOCK 51 59
7022 ORDER 10553 31 48 6 67 1
7022 ORDER 10554 25 20 70 68 1
7023 ORDER 10555 90 47 2 16 0
7023 ORDER 10556 24 20 71 67 0
7024 ORDER 10557 20 47 68 67 0
7025 ORDER 10558 49 8 30 68 2
7025 ORDER 10559 38 20 3 44 0
7025 BLOCK 13 36
7026 ORDER 10560 65 44 55 67 3
7026 ORDER 10561 81 3 9 67 0
7027 ORDER 10562 7 11 28 68 0
7027 ORDER 10563 85 30 5 68 2
7028 ORDER 10564 77 56 20 67 0
7029 ORDER 10565 64 51 57 68 0
7029 BLOCK 45 42
7030 ORDER 10566 47 30 29 67 0
7030 ORDER 10567 17 3 3 16 3
7031 ORDER 10568 83 17 86 68 0
7031 ORDER 10569 74 30 20 67 1
7032 ORDER 10570 43 3 2 12 2
7032 ORDER 10571 50 20 41 68 2
7032 BLOCK 53 3
7033 ORDER 10572 7 32 37 68 1
7034 ORDER 10573 71 47 3 57 1
7034 ORDER 10574 49 45 54 68 0
7035 ORDER 10575 79 27 2 63 1
7035 ORDER 10576 34 38 4 67 0
7035 BLOCK 8 59
7036 ORDER 10577 17 15 2 31 2
7036 ORDER 10578 44 35 67 68 1
7036 BLOCK 75 6
7037 ORDER 10579 50 50 2 23 0
7038 ORDER 10580 94 63 85 68 0
7039 UNBLOCK 75 32
7039 ORDER 10581 53 47 96 68 0
7040 ORDER 10582 80 12 81 68 0
7040 ORDER 10583 30 29 3 35 0
7041 ORDER 10584 89 53 2 20 0
7041 ORDER 10585 6 65 3 32 0
7041 BLOCK 82 24
7042 ORDER 10586 60 23 49 67 3
7043 CANCEL 10435
7043 ORDER 10587 29 50 60 67 1
7043 ORDER 10588 20 23 98 68 0
7044 ORDER 10589 91 21 97 67 0
7044 ORDER 10590 67 56 16 68 0
7045 CANCEL 10428
7045 ORDER 10591 57 23 83 67 1
7045 ORDER 10592 88 33 3 29 0
7046 ORDER 10593 85 44 3 42 0
7046 ORDER 10594 26 56 2 31 0
7047 ORDER 10595 54 44 1 8 0
7047 ORDER 10596 53 48 20 67 2
7048 ORDER 10597 15 36 2 23 0
7048 ORDER 10598 66 56 8 67 0
7048 BLOCK 70 23
7049 ORDER 10599 83 60 40 68 2
7049 BLOCK 35 38
7050 UNBLOCK 80 23
7050 UNBLOCK 51 59
7050 ORDER 10600 76 24 25 68 0
7050 ORDER 10601 19 9 22 68 1
7051 ORDER 10602 35 60 2 45 0
7051 ORDER 10603 83 41 1 53 0
7052 ORDER 10604 76 9 84 67 0
7052 ORDER 10605 77 56 1 56 0
7053 UNBLOCK 44 8
7053 ORDER 10606 49 8 1 54 3
7054 ORDER 10607 22 50 14 67 0
7054 ORDER 10608 67 47 3 7 0
7054 BLOCK 18 57
7055 ORDER 10609 57 30 85 68 0
7055 ORDER 10610 78 17 2 24 0
7056 ORDER 10611 12 44 83 68 1
7057 ORDER 10612 75 15 27 67 2
7058 ORDER 10613 8 57 15 67 3
7059 ORDER 10614 85 20 2 33 1
7059 ORDER 10615 50 42 76 67 0
7060 ORDER 10616 16 56 42 67 0
7060 ORDER 10617 84 44 2 9 0
7061 ORDER 10618 62 23 1 45 1
7061 ORDER 10619 88 59 17 67 0
7062 UNBLOCK 8 59
7062 ORDER 10620 87 32 57 68 1
7062 ORDER 10621 58 53 60 68 0
7063 ORDER 10622 52 27 14 68 1
7064 UNBLOCK 10 65
7064 ORDER 10623 17 6 81 68 0
7064 ORDER 10624 35 11 40 68 0
7065 ORDER 10625 69 50 42 68 1
7065 ORDER 10626 66 12 3 3 0
7066 ORDER 10627 93 42 95 67 3
7066 ORDER 10628 76 11 1 10 0
7067 UNBLOCK 94 23
7067 UNBLOCK 35 30
7067 ORDER 10629 88 12 2 9 2
7068 CANCEL 10525
7068 ORDER 10630 88 41 3 21 0
7069 CANCEL 10430
7069 UNBLOCK 75 36
7069 UNBLOCK 35 38
7069 ORDER 10631 56 60 3 66 0
7070 UNBLOCK 42 7
7070 ORDER 10632 7 23 1 67 3
7071 ORDER 10633 55 12 22 67 0
7071 ORDER 10634 20 65 2 64 0
7072 ORDER 10635 79 26 3 61 0
7073 ORDER 10636 28 3 59 68 1
7074 UNBLOCK 13 36
7074 ORDER 10637 31 23 1 10 0
7074 ORDER 10638 7 29 3 51 0
7075 ORDER 10639 87 8 2 22 0
7076 ORDER 10640 9 65 1 36 2
7077 ORDER 10641 47 11 3 28 0
7078 ORDER 10642 52 63 3 51 2
7078 ORDER 10643 14 21 3 33 0
7079 ORDER 10644 79 38 3 21 0
7079 ORDER 10645 88 44 1 48 0
7079 BLOCK 69 30
7080 ORDER 10646 90 11 2 29 0
7080 ORDER 10647 41 29 3 27 0
7080 BLOCK 28 12
7081 ORDER 10648 46 57 3 20 0
7082 ORDER 10649 18 18 69 68 0
7083 ORDER 10650 76 50 2 52 0
7084 ORDER 10651 95 8 78 67 1
7085 CANCEL 10636
7085 ORDER 10652 59 33 38 68 1
7086 ORDER 10653 60 65 1 58 0
7087 UNBLOCK 32 33
7087 UNBLOCK 82 24
7087 ORDER 10654 87 51 1 40 0
7087 ORDER 10655 79 23 87 68 0
7088 ORDER 10656 74 8 1 28 0
7088 ORDER 10657 10 19 1 46 0
7089 ORDER 10658 76 32 75 68 0
7090 CANCEL 10404
7090 UNBLOCK 18 57
7090 ORDER 10659 93 15 2 35 2
7090 ORDER 10660 59 8 72 67 0
7091 ORDER 10661 47 36 47 67 1
7091 BLOCK 24 68
7092 ORDER 10662 66 5 80 68 0
7092 ORDER 10663 78 44 3 50 0
7093 ORDER 10664 32 14 2 66 0
7094 ORDER 10665 28 53 1 58 2
7095 ORDER 10666 86 23 20 68 2
7096 ORDER 10667 45 26 2 34 1
7097 ORDER 10668 88 59 3 66 2
7097 ORDER 10669 46 57 2 50 2
7098 ORDER 10670 86 44 1 35 2
7098 BLOCK 10 24
7099 ORDER 10671 9 48 1 44 1
7099 ORDER 10672 92 62 90 68 1
7099 BLOCK 21 68
7100 ORDER 10673 88 47 45 67 1
7101 ORDER 10674 6 26 3 32 0
7101 ORDER 10675 65 60 8 68 1
7102 ORDER 10676 76 18 28 67 0
7102 ORDER 10677 19 41 3 29 0
7103 ORDER 10678 69 60 1 62 0
7104 ORDER 10679 35 11 2 30 2
7105 ORDER 10680 31 45 45 68 0
7105 ORDER 10681 89 27 60 67 0
7105 BLOCK 45 15
7106 UNBLOCK 75 6
7106 ORDER 10682 17 62 2 16 1
7106 ORDER 10683 79 48 5 68 1
7106 BLOCK 31 47
7107 ORDER 10684 8 48 1 15 1
7108 ORDER 10685 80 38 21 68 0
7108 ORDER 10686 48 33 1 57 0
7108 BLOCK 71 61
7109 ORDER 10687 8 24 1 29 2
7110 UNBLOCK 53 3
7110 ORDER 10688 95 33 2 6 0
7110 ORDER 10689 38 21 3 67 1
7110 BLOCK 68 68
7111 ORDER 10690 29 44 40 67 1
7111 BLOCK 62 45
7112 UNBLOCK 45 42
7112 UNBLOCK 28 12
7112 ORDER 10691 42 48 83 68 1
7112 BLOCK 90 12
7113 UNBLOCK 56 29
7113 CANCEL 10640
7113 CANCEL 10666
7113 ORDER 10692 27 57 3 51 0
7113 ORDER 10693 79 24 3 40 1
7113 BLOCK 20 50
7114 ORDER 10694 87 7 2 5 0
7115 ORDER 10695 31 44 2 13 0
7116 ORDER 10696 67 54 3 2 0
7117 UNBLOCK 70 23
7117 ORDER 10697 42 5 47 67 1
7117 ORDER 10698 85 5 88 67 1
7118 ORDER 10699 42 45 2 19 0
7119 ORDER 10700 93 44 1 58 0
7120 ORDER 10701 17 47 3 26 1
7120 ORDER 10702 76 57 1 6 1
7121 ORDER 10703 82 35 10 68 0
7122 ORDER 10704 58 32 3 15 0
7122 BLOCK 90 66
7123 ORDER 10705 87 30 40 67 0
7123 ORDER 10706 53 6 53 68 0
7123 BLOCK 49 15
7124 ORDER 10707 92 8 1 49 1
7125 ORDER 10708 84 35 2 35 0
7126 ORDER 10709 64 51 74 67 0
7127 ORDER 10710 55 23 92 68 0
7127 BLOCK 59 54
7128 ORDER 10711 49 12 2 55 1
7128 ORDER 10712 13 21 1 59 0
7129 ORDER 10713 38 54 25 67 0
7130 ORDER 10714 83 35 1 49 0
7131 ORDER 10715 43 51 44 67 0
7132 ORDER 10716 75 39 73 68 0
7132 ORDER 10717 77 60 27 67 0
7133 ORDER 10718 44 48 84 68 0
7133 ORDER 10719 33 53 2 68 0
7134 ORDER 10720 19 65 1 44 0
7134 ORDER 10721 50 8 2 20 0
7134 BLOCK 61 59
7135 ORDER 10722 39 27 51 68 1
7135 ORDER 10723 84 50 3 7 0
7136 ORDER 10724 34 45 25 68 1
7136 ORDER 10725 38 39 1 52 0
7137 ORDER 10726 60 21 8 68 1
7137 BLOCK 58 9
7138 ORDER 10727 31 32 1 22 0
7138 ORDER 10728 81 27 2 27 1
7139 ORDER 10729 77 42 2 15 0
7139 ORDER 10730 37 8 3 51 1
7139 BLOCK 74 51
7140 ORDER 10731 71 11 1 14 1
7140 BLOCK 11 57
7141 ORDER 10732 31 56 2 46 0
7142 ORDER 10733 7 36 2 11 0
7143 ORDER 10734 38 20 2 65 0
7143 ORDER 10735 56 30 59 68 0
7144 UNBLOCK 10 24
7144 ORDER 10736 75 8 1 49 2
7145 ORDER 10737 41 44 7 68 1
7146 CANCEL 10699
7146 ORDER 10738 19 56 36 68 0
7147 ORDER 10739 60 65 3 1 2
7147 ORDER 10740 89 26 1 12 1
7148 ORDER 10741 79 48 1 43 2
7149 ORDER 10742 84 38 1 30 1
7149 ORDER 10743 36 14 54 68 0
7150 ORDER 10744 15 65 25 68 0
7150 ORDER 10745 40 50 3 19 1
7151 ORDER 10746 13 35 3 4 0
7151 ORDER 10747 89 47 42 68 0
7152 ORDER 10748 20 27 3 24 1
7152 ORDER 10749 73 60 90 68 0
7152 CANCEL 110749
7152 BLOCK 33 21
7153 UNBLOCK 69 30
7153 ORDER 10750 47 26 3 20 0
7153 ORDER 10751 36 59 2 1 0
7153 BLOCK 57 27
7154 CANCEL 10661
7154 ORDER 10752 48 59 3 3 1
7155 CANCEL 10572
7155 ORDER 10753 69 57 2 10 0
7156 ORDER 10754 18 8 30 68 0
7156 ORDER 10755 36 26 2 63 1
7157 ORDER 10756 90 65 56 67 2
7157 ORDER 10757 26 8 36 68 3
7158 ORDER 10758 14 39 1 18 0
7158 ORDER 10759 64 24 3 25 3
7159 UNBLOCK 58 9
7159 ORDER 10760 23 30 3 1 0
7160 ORDER 10761 61 41 2 68 0
7160 ORDER 10762 6 50 71 68 0
7160 BLOCK 12 62
7161 ORDER 10763 52 51 32 67 0
7161 ORDER 10764 29 59 1 64 0
7162 ORDER 10765 7 36 37 67 0
7163 ORDER 10766 57 30 65 68 1
7163 ORDER 10767 73 65 3 48 3
7164 ORDER 10768 87 36 1 23 0
7165 ORDER 10769 30 44 33 68 1
7165 ORDER 10770 69 29 78 68 1
7166 UNBLOCK 45 15
7166 UNBLOCK 68 68
7166 ORDER 10771 50 24 3 25 0
7166 ORDER 10772 18 35 3 18 1
7167 ORDER 10773 30 54 9 67 0
7168 ORDER 10774 28 6 96 67 0
7169 ORDER 10775 58 63 2 63 2
7170 ORDER 10776 86 48 22 67 2
7170 ORDER 10777 8 62 41 67 1
7170 BLOCK 73 62
7171 ORDER 10778 93 62 76 67 1
7171 BLOCK 69 18
7172 ORDER 10779 64 18 19 67 0
7173 UNBLOCK 71 61
7173 ORDER 10780 58 51 3 5 0
7174 ORDER 10781 50 48 2 16 0
7175 CANCEL 10586
7175 ORDER 10782 31 41 27 67 0
7175 ORDER 10783 89 47 1 51 1
7176 ORDER 10784 47 62 75 67 0
7176 ORDER 10785 11 65 3 7 0
7177 UNBLOCK 12 62
7177 ORDER 10786 78 27 15 67 2
7178 ORDER 10787 73 33 20 67 0
7179 UNBLOCK 24 68
7179 ORDER 10788 61 63 7 67 0
7179 ORDER 10789 36 59 3 29 0
7180 ORDER 10790 85 14 36 68 0
7181 ORDER 10791 6 27 2 57 0
7181 ORDER 10792 61 18 92 67 0
7182 ORDER 10793 34 8 72 68 1
7183 ORDER 10794 14 48 3 6 0
7184 ORDER 10795 79 33 2 43 0
7185 ORDER 10796 68 51 49 67 1
7185 ORDER 10797 43 44 97 68 1
7186 UNBLOCK 90 12
7186 ORDER 10798 37 30 15 67 0
7186 ORDER 10799 94 50 48 68 0
7187 ORDER 10800 72 23 1 50 3
7187 ORDER 10801 55 6 9 67 0
7188 ORDER 10802 42 20 3 21 2
7188 ORDER 10803 81 27 74 67 0
7189 ORDER 10804 89 20 42 67 0
7190 ORDER 10805 66 14 1 65 0
7191 ORDER 10806 24 20 85 68 1
7191 ORDER 10807 47 44 61 68 1
7191 BLOCK 49 2
7192 UNBLOCK 21 68
7192 UNBLOCK 31 47
7192 UNBLOCK 73 62
7192 ORDER 10808 46 63 1 63 0
7193 ORDER 10809 34 54 79 68 0
7194 ORDER 10810 30 24 2 48 0
7194 ORDER 10811 10 30 1 68 1
7195 CANCEL 10679
7195 UNBLOCK 49 15
7195 UNBLOCK 61 59
7195 UNBLOCK 57 27
7195 ORDER 10812 46 56 1 24 0
7195 ORDER 10813 51 27 3 1 3
7196 ORDER 10814 49 51 79 67 1
7196 ORDER 10815 70 51 1 54 3
7197 ORDER 10816 34 32 34 67 0
7197 ORDER 10817 83 39 17 67 1
7198 ORDER 10818 31 24 2 43 0
7198 ORDER 10819 59 3 3 11 0
7199 CANCEL 10685
7199 ORDER 10820 79 18 3 20 0
7200 ORDER 10821 57 36 2 68 1
7201 CANCEL 10715
7201 ORDER 10822 50 14 3 48 1
7201 ORDER 10823 41 39 3 10 0
7202 ORDER 10824 44 65 23 67 0
7202 BLOCK 35 48
7203 ORDER 10825 18 35 85 68 2
7204 ORDER 10826 45 54 1 26 0
7204 ORDER 10827 63 32 2 5 0
7205 ORDER 10828 47 5 1 15 0
7206 UNBLOCK 11 57
7206 ORDER 10829 83 5 1 15 0
7206 ORDER 10830 72 33 91 68 2
7207 ORDER 10831 9 65 52 67 1
7208 ORDER 10832 88 36 71 68 0
7208 BLOCK 37 42
7209 UNBLOCK 74 51
7209 ORDER 10833 17 39 53 68 1
7210 UNBLOCK 62 45
7210 ORDER 10834 95 41 3 12 0
7210 BLOCK 10 17
7211 UNBLOCK 20 50
7211 ORDER 10835 58 26 93 68 0
7211 ORDER 10836 77 39 3 16 0
7212 CANCEL 10810
7212 ORDER 10837 53 23 1 14 0
7213 ORDER 10838 56 59 1 58 0
7213 ORDER 10839 64 33 1 33 2
7214 ORDER 10840 7 63 88 68 0
7215 ORDER 10841 10 59 2 14 0
7215 BLOCK 23 36
7216 ORDER 10842 6 51 3 67 0
7216 ORDER 10843 8 23 28 67 0
7217 CANCEL 10784
7217 ORDER 10844 40 63 2 6 3
7218 ORDER 10845 20 39 2 13 0
7218 ORDER 10846 20 35 1 1 0
7219 ORDER 10847 73 12 27 68 1
7219 ORDER 10848 50 38 23 68 0
7220 ORDER 10849 65 48 92 68 3
7221 UNBLOCK 90 66
7221 UNBLOCK 59 54
7221 ORDER 10850 90 47 2 55 0
7221 ORDER 10851 6 38 85 67 0
7222 ORDER 10852 55 15 79 68 2
7222 ORDER 10853 85 3 1 62 1
7222 BLOCK 59 44
7223 ORDER 10854 7 59 79 67 0
7223 ORDER 10855 52 27 30 67 1
7224 ORDER 10856 56 38 2 66 0
7225 ORDER 10857 58 30 21 68 0
7226 ORDER 10858 45 6 45 68 1
7226 ORDER 10859 40 54 1 32 1
7226 BLOCK 83 54
7227 ORDER 10860 10 35 3 18 0
7228 ORDER 10861 27 56 2 6 0
7229 ORDER 10862 70 20 2 3 2
7229 ORDER 10863 60 47 20 68 0
7229 BLOCK 62 3
7230 ORDER 10864 16 26 3 64 0
7230 BLOCK 72 24
7231 CANCEL 10655
7231 ORDER 10865 85 45 3 55 1
7231 ORDER 10866 23 48 92 68 2
7232 UNBLOCK 49 2
7232 ORDER 10867 49 29 3 24 0
7232 BLOCK 55 63
7233 ORDER 10868 55 18 12 67 0
7234 ORDER 10869 18 27 26 67 3
7235 CANCEL 10835
7235 ORDER 10870 90 20 62 68 0
7235 ORDER 10871 84 26 2 14 0
7236 ORDER 10872 35 21 1 39 0
7237 UNBLOCK 33 21
7237 ORDER 10873 61 65 2 34 3
7237 ORDER 10874 70 50 3 55 0
7238 ORDER 10875 52 5 40 68 0
7239 ORDER 10876 33 57 2 18 0
7240 CANCEL 10728
7240 ORDER 10877 44 17 80 68 0
7240 ORDER 10878 36 62 95 68 1
7241 ORDER 10879 52 12 2 14 2
7241 BLOCK 29 27
7242 ORDER 10880 32 18 63 68 0
7242 ORDER 10881 40 23 3 51 0
7243 ORDER 10882 60 27 1 1 0
7244 ORDER 10883 40 21 51 67 0
7245 ORDER 10884 95 9 1 66 1
7246 ORDER 10885 19 6 3 23 0
7246 ORDER 10886 94 39 38 68 0
7247 ORDER 10887 85 56 2 6 0
7247 ORDER 10888 83 30 11 67 2
7248 ORDER 10889 56 33 1 46 1
7249 ORDER 10890 60 33 2 22 2
7249 ORDER 10891 73 8 1 43 1
7250 ORDER 10892 23 5 72 67 0
7250 ORDER 10893 33 5 3 27 0
7251 ORDER 10894 23 21 2 62 0
7251 ORDER 10895 48 6 2 7 1
7252 ORDER 10896 23 27 3 64 0
7252 ORDER 10897 12 25 2 16 3
7253 UNBLOCK 69 18
7253 ORDER 10898 19 29 2 21 0
7254 ORDER 10899 77 26 14 68 2
7254 ORDER 10900 93 44 77 68 1
7255 ORDER 10901 94 20 89 68 0
7255 BLOCK 17 42
7256 ORDER 10902 26 9 1 68 0
7256 ORDER 10903 54 6 3 55 0
7257 ORDER 10904 30 11 8 67 0
7257 BLOCK 62 33
7258 ORDER 10905 68 47 1 6 0
7258 BLOCK 28 63
7259 ORDER 10906 23 14 95 67 0
7260 ORDER 10907 51 27 1 5 0
7260 ORDER 10908 36 53 27 67 0
7261 ORDER 10909 20 41 3 44 0
7261 BLOCK 22 44
7262 CANCEL 10669
7262 ORDER 10910 36 51 1 51 0
7262 BLOCK 6 33
7263 ORDER 10911 74 35 3 43 0
7263 ORDER 10912 85 63 84 67 2
7264 ORDER 10913 58 53 1 10 1
7264 ORDER 10914 39 33 70 67 1
7265 ORDER 10915 46 59 85 68 1
7265 ORDER 10916 76 3 13 68 0
7266 ORDER 10917 48 30 83 67 1
7266 ORDER 10918 20 29 2 7 0
7267 ORDER 10919 37 42 1 62 0
7267 ORDER 10920 38 50 3 23 0
7268 UNBLOCK 17 42
7268 ORDER 10921 7 3 2 6 0
7268 ORDER 10922 68 50 3 48 2
7269 ORDER 10923 14 14 4 67 0
7270 ORDER 10924 86 50 51 68 1
7270 ORDER 10925 69 50 86 67 2
7271 ORDER 10926 25 32 2 34 0
7272 ORDER 10927 83 33 63 68 1
7272 ORDER 10928 42 36 1 25 0
7273 ORDER 10929 20 60 82 68 0
7273 ORDER 10930 77 65 24 68 0
7274 ORDER 10931 63 45 88 67 1
7274 ORDER 10932 23 51 1 55 2
7275 ORDER 10933 91 18 1 68 0
7276 ORDER 10934 56 15 8 67 0
7276 BLOCK 42 2
7277 ORDER 10935 46 30 3 5 3
7277 ORDER 10936 30 23 87 68 1
7278 ORDER 10937 48 54 95 67 3
7278 ORDER 10938 16 26 2 65 0
7279 ORDER 10939 76 26 1 36 0
7280 ORDER 10940 37 56 45 68 1
7281 UNBLOCK 83 54
7281 ORDER 10941 74 20 51 68 1
7282 ORDER 10942 42 42 7 68 0
7283 ORDER 10943 16 65 75 68 0
7283 BLOCK 91 42
7284 ORDER 10944 37 29 1 46 1
7285 ORDER 10945 26 9 98 68 0
7285 ORDER 10946 75 11 17 67 0
7286 ORDER 10947 25 59 3 19 0
7286 ORDER 10948 20 33 94 67 3
7287 ORDER 10949 92 9 2 67 0
7287 ORDER 10950 14 5 19 68 0
7288 ORDER 10951 11 30 62 68 1
7289 UNBLOCK 62 3
7289 ORDER 10952 91 60 88 67 0
7289 BLOCK 43 60
7290 ORDER 10953 23 62 67 68 0
7290 ORDER 10954 69 48 20 67 1
7291 UNBLOCK 55 63
7291 UNBLOCK 22 44
7291 ORDER 10955 34 32 62 68 2
7291 ORDER 10956 83 33 76 67 0
7292 ORDER 10957 18 8 56 68 0
7292 ORDER 10958 37 26 41 68 0
7293 ORDER 10959 20 53 27 67 0
7293 ORDER 10960 40 62 2 41 0
7293 BLOCK 57 60
7294 UNBLOCK 59 44
7294 ORDER 10961 34 39 43 67 1
7295 CANCEL 10819
7295 ORDER 10962 84 50 1 55 1
7295 ORDER 10963 18 26 12 67 0
7295 BLOCK 90 43
7296 ORDER 10964 28 17 2 64 0
7297 ORDER 10965 10 30 3 48 0
7297 ORDER 10966 16 24 3 42 0
7298 UNBLOCK 23 36
7298 ORDER 10967 45 47 2 62 0
7298 ORDER 10968 58 14 1 50 1
7299 UNBLOCK 37 42
7299 ORDER 10969 84 33 17 67 0
7300 UNBLOCK 35 48
7300 ORDER 10970 38 65 90 67 0
7300 ORDER 10971 14 36 2 14 2
7301 UNBLOCK 10 17
7301 ORDER 10972 55 30 1 51 3
7302 CANCEL 10740
7302 ORDER 10973 40 29 12 68 0
7303 ORDER 10974 61 50 46 67 1
7303 BLOCK 50 56
7304 ORDER 10975 19 48 23 68 1
7305 ORDER 10976 29 32 13 68 0
7305 ORDER 10977 34 48 22 68 0
7306 UNBLOCK 91 42
7306 ORDER 10978 39 62 3 49 0
7306 ORDER 10979 90 36 14 67 1
7306 BLOCK 32 62
7307 ORDER 10980 10 62 2 10 0
7307 ORDER 10981 21 33 2 57 1
7308 ORDER 10982 79 38 3 9 2
7309 ORDER 10983 86 65 52 67 1
7310 ORDER 10984 45 47 3 15 1
7311 ORDER 10985 48 5 86 67 1
7311 BLOCK 14 29
7312 ORDER 10986 83 60 1 33 0
7312 ORDER 10987 64 26 92 67 0
7312 BLOCK 69 35
7313 UNBLOCK 72 24
7313 ORDER 10988 8 32 3 45 0
7313 ORDER 10989 81 54 2 51 1
7314 ORDER 10990 25 38 1 59 2
7314 BLOCK 26 48
7315 ORDER 10991 84 17 77 67 2
7315 ORDER 10992 49 35 80 68 0
7315 BLOCK 44 23
7316 ORDER 10993 39 50 3 46 0
7316 ORDER 10994 21 18 2 51 0
7317 ORDER 10995 37 26 3 8 2
7317 ORDER 10996 35 30 47 68 0
7317 BLOCK 57 27
7318 ORDER 10997 9 21 23 68 1
7319 ORDER 10998 93 9 2 18 1
7320 ORDER 10999 21 23 85 67 0
7320 ORDER 11000 93 53 78 68 0
7321 UNBLOCK 6 33
7321 UNBLOCK 42 2
7321 ORDER 11001 20 14 2 10 0
7321 BLOCK 67 35
7322 ORDER 11002 46 20 1 26 1
7322 ORDER 11003 54 45 2 42 0
7323 ORDER 11004 88 59 2 61 0
7323 BLOCK 7 42
7324 ORDER 11005 86 26 3 18 0
7325 ORDER 11006 18 51 3 13 1
7325 ORDER 11007 6 8 2 45 1
7326 CANCEL 10928
7326 UNBLOCK 44 23
7326 ORDER 11008 24 32 8 68 0
7326 ORDER 11009 69 32 18 68 1
7327 UNBLOCK 57 60
7327 ORDER 11010 39 35 55 68 0
7328 UNBLOCK 29 27
7328 ORDER 11011 68 20 2 13 0
7328 ORDER 11012 93 27 77 68 0
7329 ORDER 11013 66 63 3 5 3
7329 ORDER 11014 28 14 1 8 0
7329 BLOCK 75 5
7330 ORDER 11015 37 65 1 53 0
7330 ORDER 11016 74 24 3 16 2
7330 BLOCK 39 66
7331 ORDER 11017 11 39 33 67 1
7332 ORDER 11018 71 48 54 67 0
7333 ORDER 11019 66 26 21 67 0
7333 ORDER 11020 11 26 2 48 2
7334 ORDER 11021 87 17 3 57 1
7334 ORDER 11022 84 20 52 67 0
7335 ORDER 11023 10 36 19 68 1
7335 ORDER 11024 31 33 27 68 0
7336 ORDER 11025 51 32 3 22 3
7336 ORDER 11026 65 5 2 30 0
7337 ORDER 11027 38 50 3 1 1
7337 ORDER 11028 76 11 37 67 0
7338 ORDER 11029 47 51 86 67 1
7338 ORDER 11030 31 62 20 67 1
7339 ORDER 11031 33 27 1 41 0
7340 UNBLOCK 75 5
7340 ORDER 11032 58 32 23 67 1
7340 ORDER 11033 75 51 3 51 1
7341 UNBLOCK 62 33
7341 ORDER 11034 95 59 19 67 0
7342 ORDER 11035 53 48 2 52 2
7342 ORDER 11036 50 60 1 42 0
7343 ORDER 11037 36 24 23 68 2
7343 BLOCK 22 11
7344 ORDER 11038 56 35 33 68 1
7345 ORDER 11039 45 32 2 6 0
7345 ORDER 11040 47 25 38 67 0
7345 BLOCK 52 5
7346 ORDER 11041 44 27 18 67 0
7347 ORDER 11042 38 45 52 67 3
7347 ORDER 11043 6 41 3 7 0
7348 CANCEL 10807
7348 ORDER 11044 30 20 2 30 0
7349 ORDER 11045 81 9 2 12 0
7349 ORDER 11046 17 41 3 11 0
7349 BLOCK 70 5
7350 UNBLOCK 32 62
7350 ORDER 11047 71 8 2 26 1
7350 ORDER 11048 94 55 1 33 0
7350 BLOCK 57 35
7351 ORDER 11049 24 3 1 59 0
7351 ORDER 11050 14 50 80 68 0
7351 BLOCK 59 60
7352 ORDER 11051 74 6 2 65 1
7352 ORDER 11052 22 8 2 33 0
7353 UNBLOCK 50 56
7353 ORDER 11053 57 21 34 67 0
7354 UNBLOCK 28 63
7354 ORDER 11054 58 41 38 67 0
7355 ORDER 11055 65 9 3 43 0
7355 ORDER 11056 35 60 39 67 1
7356 ORDER 11057 50 54 2 36 0
7356 ORDER 11058 6 36 3 67 0
7357 UNBLOCK 43 60
7357 ORDER 11059 38 54 79 67 0
7357 ORDER 11060 52 5 19 68 0
7358 ORDER 11061 26 56 80 68 0
7358 ORDER 11062 16 30 26 68 0
7359 ORDER 11063 10 59 1 9 0
7360 ORDER 11064 37 53 1 11 0
7361 UNBLOCK 90 43
7361 ORDER 11065 70 14 29 68 0
7361 BLOCK 33 32
7362 ORDER 11066 54 9 2 20 1
7362 BLOCK 63 3
7363 ORDER 11067 69 39 46 67 2
7364 ORDER 11068 90 63 2 59 3
7364 ORDER 11069 66 30 52 68 0
7365 ORDER 11070 36 30 3 15 0
7366 ORDER 11071 51 41 43 67 0
7367 ORDER 11072 72 12 23 67 0
7367 ORDER 11073 41 27 2 66 0
7367 BLOCK 82 42
7368 UNBLOCK 57 27
7368 ORDER 11074 55 24 2 7 0
7368 CANCEL 111074
7368 BLOCK 64 62
7369 UNBLOCK 14 29
7369 UNBLOCK 69 35
7369 ORDER 11075 48 12 21 67 1
7370 ORDER 11076 84 41 3 35 0
7371 ORDER 11077 89 59 2 30 0
7372 UNBLOCK 39 66
7372 ORDER 11078 93 45 1 15 1
7372 ORDER 11079 77 32 43 67 0
7372 BLOCK 16 56
7373 ORDER 11080 81 20 2 4 0
7373 ORDER 11081 6 9 58 68 0
7374 ORDER 11082 14 12 70 68 0
7374 ORDER 11083 12 41 3 22 0
7374 BLOCK 19 29
7375 ORDER 11084 75 51 88 67 3
7375 ORDER 11085 25 57 28 67 0
7376 ORDER 11086 9 47 2 60 2
7376 ORDER 11087 94 6 68 67 0
7376 BLOCK 94 5
7377 UNBLOCK 52 5
7377 ORDER 11088 40 20 3 59 0
7378 ORDER 11089 69 53 36 67 0
7378 BLOCK 83 57
7379 ORDER 11090 22 48 60 68 1
7379 ORDER 11091 6 59 85 67 0
7379 BLOCK 92 47
7380 ORDER 11092 93 50 89 67 0
7380 ORDER 11093 75 26 92 67 0
7381 ORDER 11094 76 56 3 24 3
7381 ORDER 11095 45 32 60 67 3
7382 ORDER 11096 52 59 7 68 0
7383 ORDER 11097 79 3 3 64 0
7383 ORDER 11098 93 41 30 67 1
7384 ORDER 11099 41 57 27 67 0
7384 ORDER 11100 74 47 3 20 0
7385 ORDER 11101 37 36 2 25 0
7385 ORDER 11102 16 30 3 66 1
7386 ORDER 11103 95 57 13 67 0
7387 ORDER 11104 29 39 38 67 1
7388 UNBLOCK 26 48
7388 ORDER 11105 60 50 72 68 0
7388 ORDER 11106 57 9 2 39 0
7389 ORDER 11107 26 9 88 67 0
7389 ORDER 11108 25 20 57 67 0
7390 ORDER 11109 82 32 3 22 0
7391 ORDER 11110 50 39 79 68 0
7392 ORDER 11111 54 17 3 31 2
7392 ORDER 11112 70 54 39 67 0
7393 ORDER 11113 79 18 2 61 0
7394 ORDER 11114 94 10 2 62 0
7395 ORDER 11115 31 39 1 40 0
7396 ORDER 11116 38 32 15 67 0
7397 ORDER 11117 43 48 1 64 0
7398 ORDER 11118 52 50 2 7 2
7399 UNBLOCK 63 3
7399 ORDER 11119 91 18 36 67 0
7399 ORDER 11120 12 59 64 67 1
7400 ORDER 11121 47 9 44 68 0
7401 ORDER 11122 79 3 3 8 1
7401 BLOCK 14 60
7402 ORDER 11123 32 26 2 63 1
7402 ORDER 11124 17 44 1 48 0
7402 BLOCK 47 51
7403 UNBLOCK 64 62
7403 ORDER 11125 87 33 79 68 1
7404 ORDER 11126 14 50 19 68 2
7405 ORDER 11127 67 50 3 38 2
7405 ORDER 11128 29 5 11 68 0
7405 BLOCK 79 50
7406 UNBLOCK 22 11
7406 ORDER 11129 17 44 1 54 0
7406 BLOCK 38 53
7407 ORDER 11130 50 47 2 68 0
7408 ORDER 11131 33 41 3 26 0
7409 ORDER 11132 76 33 1 48 1
7409 ORDER 11133 63 57 3 50 0
7410 CANCEL 11070
7410 ORDER 11134 91 14 35 67 1
7410 ORDER 11135 30 33 1 48 0
7410 CANCEL 111135
7410 BLOCK 57 9
7411 ORDER 11136 20 15 3 43 0
7411 ORDER 11137 84 47 2 67 0
7411 BLOCK 24 2
7412 ORDER 11138 67 29 8 67 0
7412 ORDER 11139 66 20 1 30 1
7413 UNBLOCK 19 29
7413 ORDER 11140 11 59 3 9 1
7414 CANCEL 11081
7414 ORDER 11141 67 14 68 68 0
7415 ORDER 11142 55 32 2 49 1
7416 ORDER 11143 29 36 97 68 1
7417 ORDER 11144 9 12 55 68 0
7417 ORDER 11145 11 35 2 32 1
7418 ORDER 11146 30 63 45 67 0
7419 UNBLOCK 67 35
7419 ORDER 11147 94 24 2 31 0
7419 ORDER 11148 67 51 1 10 0
7420 UNBLOCK 7 42
7420 ORDER 11149 42 35 85 68 0
7421 ORDER 11150 7 24 94 68 0
7422 ORDER 11151 20 12 60 68 2
7423 ORDER 11152 63 14 91 67 0
7423 ORDER 11153 86 17 54 67 1
7424 ORDER 11154 25 53 8 68 0
7424 BLOCK 18 47
7425 UNBLOCK 59 60
7425 ORDER 11155 74 32 23 68 2
7426 ORDER 11156 28 12 40 68 0
7427 UNBLOCK 57 35
7427 ORDER 11157 37 42 3 2 2
7428 ORDER 11158 21 33 3 28 0
7428 ORDER 11159 72 21 1 47 1
7428 BLOCK 71 27
7429 ORDER 11160 29 47 35 68 1
7429 ORDER 11161 43 15 6 68 0
7430 ORDER 11162 16 44 64 67 1
7430 ORDER 11163 31 26 70 67 2
7431 ORDER 11164 22 45 60 68 1
7432 CANCEL 10990
7432 ORDER 11165 87 18 2 25 0
7432 ORDER 11166 58 17 1 67 0
7433 ORDER 11167 93 47 2 37 3
7433 ORDER 11168 40 21 81 68 0
7434 ORDER 11169 95 51 1 1 1
7434 ORDER 11170 39 50 2 28 0
7435 UNBLOCK 70 5
7435 ORDER 11171 87 30 11 68 0
7435 ORDER 11172 70 26 94 67 3
7436 ORDER 11173 26 51 2 26 0
7436 ORDER 11174 19 8 2 6 2
7436 BLOCK 13 15
7437 UNBLOCK 33 32
7437 ORDER 11175 46 44 3 68 0
7437 ORDER 11176 64 63 1 21 0
7437 BLOCK 70 15
7438 ORDER 11177 69 51 56 67 0
7438 ORDER 11178 54 24 38 68 0
7438 BLOCK 40 18
7439 ORDER 11179 91 60 77 67 0
7440 UNBLOCK 82 42
7440 ORDER 11180 47 21 1 54 0
7441 ORDER 11181 57 9 19 67 2
7442 ORDER 11182 16 51 22 67 1
7442 ORDER 11183 76 35 3 11 0
7443 ORDER 11184 84 15 1 7 0
7443 ORDER 11185 52 12 3 61 0
7444 ORDER 11186 86 50 52 67 1
7445 ORDER 11187 41 27 3 42 0
7445 ORDER 11188 94 63 1 50 0
7446 UNBLOCK 47 51
7446 ORDER 11189 70 27 3 63 1
7447 ORDER 11190 12 51 94 68 2
7447 ORDER 11191 94 54 38 68 1
7448 ORDER 11192 85 8 14 67 2
7449 ORDER 11193 17 36 15 68 1
7450 ORDER 11194 35 36 2 37 0
7450 ORDER 11195 76 15 54 67 0
7450 BLOCK 59 41
7451 ORDER 11196 74 54 2 43 0
7451 ORDER 11197 67 13 2 14 1
7452 ORDER 11198 11 21 92 67 0
7453 ORDER 11199 46 32 31 68 0
7454 UNBLOCK 14 60
7454 UNBLOCK 70 15
7454 ORDER 11200 86 63 3 47 3
7454 ORDER 11201 34 3 2 44 0
7454 BLOCK 89 68
7455 ORDER 11202 77 15 36 67 0
7456 ORDER 11203 37 53 94 68 0
7456 ORDER 11204 14 29 2 65 1
7457 ORDER 11205 57 32 1 50 1
7457 ORDER 11206 59 24 3 11 1
7458 ORDER 11207 15 15 2 35 1
7458 BLOCK 27 45
7459 ORDER 11208 84 33 3 66 0
7459 ORDER 11209 26 56 13 68 0
7460 ORDER 11210 37 5 38 68 0
7460 ORDER 11211 55 6 37 67 0
7461 UNBLOCK 16 56
7461 UNBLOCK 83 57
7461 ORDER 11212 16 33 1 7 1
7461 ORDER 11213 43 53 1 33 3
7462 ORDER 11214 65 23 87 68 0
7463 UNBLOCK 24 2
7463 UNBLOCK 59 41
7463 ORDER 11215 65 59 30 68 1
7463 ORDER 11216 73 53 3 10 3
7464 UNBLOCK 38 53
7464 UNBLOCK 57 9
7464 ORDER 11217 86 60 51 67 0
7464 BLOCK 12 63
7465 ORDER 11218 67 33 2 54 0
7466 ORDER 11219 29 14 57 67 0
7466 ORDER 11220 89 9 25 68 0
7466 BLOCK 13 6
7467 ORDER 11221 64 20 1 53 3
7467 ORDER 11222 11 20 56 67 3
7468 ORDER 11223 37 8 3 50 1
7468 ORDER 11224 56 23 1 10 2
7468 BLOCK 15 56
7469 UNBLOCK 94 5
7469 UNBLOCK 71 27
7469 ORDER 11225 23 27 18 68 0
7469 BLOCK 19 42
7470 ORDER 11226 84 18 2 30 1
7470 ORDER 11227 66 32 1 43 1
7471 ORDER 11228 51 63 6 67 0
7471 ORDER 11229 26 9 9 68 0
7472 ORDER 11230 95 24 17 68 0
7473 ORDER 11231 58 18 21 67 0
7473 BLOCK 29 6
7474 ORDER 11232 59 5 30 68 0
7474 ORDER 11233 11 17 1 22 1
7474 BLOCK 67 44
7475 ORDER 11234 65 59 3 20 3
7475 ORDER 11235 75 41 65 68 1
7476 ORDER 11236 70 56 88 67 0
7476 ORDER 11237 70 47 84 67 1
7476 BLOCK 32 23
7477 ORDER 11238 66 63 3 19 2
7478 UNBLOCK 18 47
7478 ORDER 11239 29 32 2 33 3
7479 UNBLOCK 92 47
7479 ORDER 11240 48 60 68 67 2
7479 ORDER 11241 81 44 3 60 0
7480 ORDER 11242 37 50 43 67 0
7480 BLOCK 43 36
7481 ORDER 11243 94 48 2 68 1
7482 ORDER 11244 8 12 2 35 1
7482 ORDER 11245 24 12 35 67 0
7483 ORDER 11246 37 57 64 67 0
7484 UNBLOCK 79 50
7484 ORDER 11247 7 3 1 4 0
7485 ORDER 11248 57 41 50 68 2
7485 ORDER 11249 36 26 23 68 0
7486 ORDER 11250 11 35 95 68 3
7487 ORDER 11251 13 54 1 61 0
7487 ORDER 11252 25 18 1 3 0
7487 BLOCK 92 27
7488 ORDER 11253 19 27 2 51 0
7489 ORDER 11254 92 44 13 68 2
7489 ORDER 11255 36 8 30 67 0
7490 ORDER 11256 78 50 1 49 0
7490 ORDER 11257 27 59 3 47 0
7491 ORDER 11258 92 60 75 67 0
7491 ORDER 11259 57 33 2 59 1
7492 ORDER 11260 40 6 6 67 0
7492 ORDER 11261 63 15 54 67 1
7492 BLOCK 50 8
7493 ORDER 11262 15 18 3 31 0
7493 CANCEL 111262
7493 BLOCK 41 50
7494 ORDER 11263 41 42 44 68 0
7494 BLOCK 16 2
7495 ORDER 11264 23 3 2 39 0
7495 ORDER 11265 27 50 18 68 0
7495 BLOCK 27 21
7496 ORDER 11266 15 51 1 1 0
7497 ORDER 11267 18 56 3 24 1
7498 ORDER 11268 51 39 85 67 1
7499 UNBLOCK 32 23
7499 ORDER 11269 27 11 1 35 0
7499 ORDER 11270 44 3 47 68 0
7500 ORDER 11271 36 23 80 67 0
7501 ORDER 11272 40 15 61 68 0
7501 ORDER 11273 84 9 2 22 0
7502 UNBLOCK 19 42
7502 UNBLOCK 29 6
7502 ORDER 11274 55 65 19 67 1
7503 ORDER 11275 78 6 39 67 0
7503 ORDER 11276 95 20 85 67 0
7504 ORDER 11277 55 24 1 41 2
7505 ORDER 11278 78 47 61 67 1
7506 ORDER 11279 58 17 24 68 0
7506 ORDER 11280 50 12 11 67 0
7507 ORDER 11281 39 23 1 62 1
7507 ORDER 11282 89 36 34 68 0
7507 BLOCK 6 5
7508 CANCEL 11128
7508 ORDER 11283 26 6 39 68 0
7508 ORDER 11284 38 54 22 67 0
7509 ORDER 11285 56 60 2 9 1
7510 ORDER 11286 84 18 59 67 2
7510 ORDER 11287 82 39 22 67 0
7511 ORDER 11288 83 51 36 67 1
7511 ORDER 11289 90 21 61 67 2
7512 ORDER 11290 84 48 2 51 1
7512 ORDER 11291 69 15 2 52 0
7513 ORDER 11292 46 26 47 67 1
7513 ORDER 11293 46 24 46 68 0
7513 BLOCK 7 44
7514 ORDER 11294 87 54 3 27 0
7514 ORDER 11295 92 12 37 67 1
7515 ORDER 11296 85 39 93 68 1
7515 ORDER 11297 46 36 1 27 1
7516 ORDER 11298 6 26 65 67 0
7517 ORDER 11299 47 63 2 21 1
7517 ORDER 11300 41 23 3 20 0
7518 ORDER 11301 65 30 3 40 1
7518 BLOCK 43 67
7519 ORDER 11302 11 20 1 19 2
7519 ORDER 11303 17 56 2 63 1
7520 ORDER 11304 44 63 92 67 1
7521 ORDER 11305 72 6 92 68 0
7521 ORDER 11306 39 56 62 68 0
7522 UNBLOCK 40 18
7522 ORDER 11307 51 62 1 33 1
7523 UNBLOCK 50 8
7523 ORDER 11308 85 17 8 67 0
7524 ORDER 11309 72 47 2 18 0
7524 ORDER 11310 79 3 2 20 1
7525 ORDER 11311 6 62 81 67 0
7525 BLOCK 72 68
7526 ORDER 11312 10 36 1 36 0
7526 ORDER 11313 67 45 67 67 2
7527 ORDER 11314 67 20 60 68 0
7527 ORDER 11315 27 56 1 3 1
7528 ORDER 11316 94 54 2 6 0
7529 ORDER 11317 46 60 1 56 1
7529 BLOCK 22 39
7530 ORDER 11318 94 35 1 10 0
7530 ORDER 11319 17 27 2 47 1
7531 ORDER 11320 45 6 3 15 0
7532 UNBLOCK 13 15
7532 ORDER 11321 66 44 70 68 3
7532 ORDER 11322 74 30 34 68 2
7533 ORDER 11323 46 18 82 67 0
7534 ORDER 11324 9 60 2 15 0
7535 ORDER 11325 11 42 1 59 0
7535 BLOCK 14 42
7536 ORDER 11326 18 63 2 48 0
7537 ORDER 11327 10 56 3 59 0
7537 ORDER 11328 27 35 1 9 0
7538 ORDER 11329 91 9 1 47 0
7539 ORDER 11330 41 9 1 42 1
7539 ORDER 11331 92 33 1 65 0
7540 ORDER 11332 84 53 94 68 0
7540 ORDER 11333 47 39 3 12 0
7541 UNBLOCK 92 27
7541 ORDER 11334 63 26 3 1 1
7542 UNBLOCK 27 45
7542 ORDER 11335 43 9 61 67 0
7543 UNBLOCK 12 63
7543 UNBLOCK 43 36
7543 ORDER 11336 18 20 1 37 1
7543 BLOCK 25 33
7544 ORDER 11337 95 3 2 21 1
7545 UNBLOCK 89 68
7545 ORDER 11338 41 23 2 57 0
7545 BLOCK 25 3
7546 ORDER 11339 75 30 2 15 0
7546 BLOCK 74 66
7547 ORDER 11340 45 65 54 67 0
7547 ORDER 11341 84 41 16 68 0
7547 BLOCK 53 63
7548 ORDER 11342 27 63 41 68 1
7548 ORDER 11343 6 11 1 25 0
7549 ORDER 11344 34 39 2 14 3
7549 ORDER 11345 18 32 93 68 0
7549 BLOCK 35 26
7550 ORDER 11346 21 47 1 1 1
7550 ORDER 11347 11 3 2 62 0
7550 BLOCK 27 33
7551 UNBLOCK 27 21
7551 ORDER 11348 52 48 2 27 1
7552 UNBLOCK 15 56
7552 ORDER 11349 32 21 72 68 1
7552 ORDER 11350 80 21 27 67 0
7553 ORDER 11351 30 44 14 67 0
7553 ORDER 11352 77 56 55 67 1
7554 ORDER 11353 65 54 1 50 0
7554 ORDER 11354 22 5 3 13 0
7555 ORDER 11355 39 57 2 4 0
7556 ORDER 11356 92 3 1 4 0
7556 BLOCK 87 33
7557 UNBLOCK 22 39
7557 ORDER 11357 44 5 31 68 0
7557 BLOCK 62 5
7558 ORDER 11358 76 30 28 67 2
7559 UNBLOCK 13 6
7559 ORDER 11359 42 27 3 7 1
7560 ORDER 11360 39 21 66 68 0
7561 UNBLOCK 43 67
7561 ORDER 11361 85 39 3 37 0
7562 UNBLOCK 67 44
7562 ORDER 11362 61 62 15 68 1
7562 ORDER 11363 75 3 2 23 0
7563 ORDER 11364 8 45 2 5 2
7563 ORDER 11365 7 39 35 67 0
7564 CANCEL 11337
7564 ORDER 11366 12 12 14 68 2
7565 ORDER 11367 37 26 38 68 0
7565 BLOCK 24 8
7566 ORDER 11368 78 8 3 62 0
7567 ORDER 11369 36 23 2 58 3
7568 UNBLOCK 25 33
7568 ORDER 11370 91 5 1 24 0
7568 ORDER 11371 26 62 2 47 0
7569 ORDER 11372 88 26 6 67 0
7570 ORDER 11373 13 57 87 67 1
7571 ORDER 11374 54 3 66 67 1
7572 ORDER 11375 77 53 3 44 0
7573 ORDER 11376 60 57 3 20 2
7573 ORDER 11377 47 51 91 68 3
7574 ORDER 11378 90 21 34 67 0
7574 ORDER 11379 48 63 2 34 2
7574 BLOCK 46 6
7575 UNBLOCK 25 3
7575 ORDER 11380 91 45 2 19 1
7575 BLOCK 30 23
7576 UNBLOCK 72 68
7576 ORDER 11381 30 6 1 34 0
7576 ORDER 11382 17 17 1 53 0
7577 UNBLOCK 87 33
7577 ORDER 11383 51 17 34 68 0
7577 ORDER 11384 43 12 3 58 2
7578 ORDER 11385 92 29 2 10 1
7579 UNBLOCK 16 2
7579 ORDER 11386 59 53 3 11 1
7579 ORDER 11387 55 54 2 33 2
7580 ORDER 11388 78 6 24 67 1
7580 ORDER 11389 27 53 8 68 0
7581 ORDER 11390 82 42 12 68 0
7581 ORDER 11391 23 39 19 68 1
7582 UNBLOCK 35 26
7582 ORDER 11392 28 57 50 67 3
7582 ORDER 11393 48 21 56 68 0
7583 ORDER 11394 79 59 37 68 0
7584 UNBLOCK 46 6
7584 ORDER 11395 18 50 1 41 0
7584 ORDER 11396 69 50 1 53 1
7585 ORDER 11397 33 12 1 3 0
7585 BLOCK 10 24
7586 UNBLOCK 41 50
7586 ORDER 11398 88 17 43 68 0
7586 ORDER 11399 36 30 42 68 1
7586 CANCEL 111399
7587 CANCEL 11256
7587 ORDER 11400 40 59 1 59 1
7588 ORDER 11401 89 21 2 35 0
7589 ORDER 11402 62 21 87 68 3
7589 ORDER 11403 58 47 3 48 0
7590 ORDER 11404 44 35 1 4 0
7591 ORDER 11405 92 56 3 31 0
7592 ORDER 11406 6 21 22 68 0
7592 ORDER 11407 35 21 74 68 3
7593 ORDER 11408 90 20 46 68 0
7593 ORDER 11409 67 18 97 68 1
7594 ORDER 11410 59 26 1 56 0
7594 ORDER 11411 50 60 86 68 1
7594 BLOCK 49 27
7595 ORDER 11412 67 56 7 68 0
7595 ORDER 11413 59 29 86 67 2
7595 BLOCK 21 9
7596 ORDER 11414 28 3 53 68 0
7596 ORDER 11415 67 42 3 5 0
7597 UNBLOCK 27 33
7597 ORDER 11416 16 20 33 67 1
7598 UNBLOCK 6 5
7598 UNBLOCK 74 66
7598 UNBLOCK 53 63
7598 ORDER 11417 69 59 55 68 2
7598 BLOCK 83 56
7599 ORDER 11418 15 11 1 9 0
7599 ORDER 11419 13 33 23 67 0
7600 ORDER 11420 70 63 3 38 2
7600 BLOCK 68 22
7601 UNBLOCK 7 44
7601 ORDER 11421 54 11 3 24 0
7601 ORDER 11422 92 62 2 15 0
7602 ORDER 11423 88 59 87 68 1
7602 BLOCK 61 50
7603 ORDER 11424 57 9 3 44 0
7604 ORDER 11425 69 21 2 53 1
7604 BLOCK 42 64
7605 UNBLOCK 24 8
7605 ORDER 11426 79 33 2 59 0
7605 ORDER 11427 20 51 2 20 0
7606 ORDER 11428 53 48 4 67 0
7607 ORDER 11429 6 57 41 67 0
7607 ORDER 11430 73 11 26 68 1
7608 ORDER 11431 63 32 7 68 0
7608 ORDER 11432 19 38 46 67 0
7609 ORDER 11433 75 41 28 67 0
7609 ORDER 11434 78 12 3 3 0
7610 ORDER 11435 27 48 10 68 1
7611 ORDER 11436 44 17 44 67 0
7612 CANCEL 11214
7612 ORDER 11437 16 20 84 68 0
7613 ORDER 11438 18 8 2 39 0
7613 BLOCK 76 35
7614 ORDER 11439 84 18 1 11 0
7614 ORDER 11440 93 17 1 50 0
7615 ORDER 11441 36 23 6 68 2
7615 ORDER 11442 80 50 92 67 0
7615 BLOCK 24 35
7616 UNBLOCK 30 23
7616 ORDER 11443 8 59 1 17 0
7616 ORDER 11444 23 33 1 67 0
7616 BLOCK 36 40
7617 ORDER 11445 12 24 2 40 0
7618 ORDER 11446 83 50 2 61 0
7618 BLOCK 91 3
7619 ORDER 11447 56 26 12 67 0
7619 BLOCK 61 47
7620 ORDER 11448 56 27 1 48 1
7620 ORDER 11449 39 21 20 67 0
7621 ORDER 11450 17 60 80 67 0
7622 ORDER 11451 65 42 5 68 1
7623 ORDER 11452 59 30 3 10 0
7624 ORDER 11453 18 29 16 68 0
7625 ORDER 11454 95 47 3 66 0
7626 ORDER 11455 65 39 75 68 1
7627 ORDER 11456 93 33 1 9 0
7627 ORDER 11457 16 17 1 50 0
7628 CANCEL 11383
7628 ORDER 11458 92 62 38 68 0
7629 UNBLOCK 62 5
7629 ORDER 11459 22 55 74 68 0
7629 ORDER 11460 49 40 3 30 3
7630 ORDER 11461 63 6 9 68 0
7630 ORDER 11462 18 36 41 68 0
7631 ORDER 11463 95 20 3 11 1
7632 ORDER 11464 36 20 1 22 1
7633 ORDER 11465 40 24 84 67 3
7633 ORDER 11466 36 23 1 52 1
7634 UNBLOCK 14 42
7634 ORDER 11467 90 29 36 67 1
7634 ORDER 11468 63 54 2 19 0
7635 UNBLOCK 83 56
7635 ORDER 11469 41 42 17 68 0
7635 BLOCK 34 56
7636 ORDER 11470 67 27 1 67 0
7636 ORDER 11471 50 20 1 66 1
7636 BLOCK 94 20
7637 ORDER 11472 56 42 82 67 0
7637 ORDER 11473 6 61 2 45 0
7638 ORDER 11474 91 6 1 24 2
7638 ORDER 11475 14 47 3 59 0
7639 ORDER 11476 56 30 1 51 0
7640 ORDER 11477 20 50 1 21 0
7641 ORDER 11478 62 14 3 19 0
7641 ORDER 11479 67 30 2 19 0
7641 BLOCK 16 62
7642 ORDER 11480 10 59 2 62 0
7643 ORDER 11481 31 41 9 67 0
7644 ORDER 11482 23 35 1 50 0
7644 ORDER 11483 6 35 74 67 0
7644 BLOCK 65 59
7645 ORDER 11484 35 26 30 68 0
7646 UNBLOCK 61 50
7646 ORDER 11485 29 20 2 64 0
7646 ORDER 11486 50 62 1 37 1
7646 BLOCK 43 35
7647 CANCEL 11397
7647 ORDER 11487 75 38 31 68 0
7647 ORDER 11488 9 27 16 67 1
7648 UNBLOCK 42 64
7648 ORDER 11489 85 35 3 18 2
7648 ORDER 11490 19 35 3 42 0
7649 ORDER 11491 63 33 1 36 3
7649 ORDER 11492 67 47 1 5 1
7649 BLOCK 12 67
7650 ORDER 11493 76 39 1 3 1
7651 ORDER 11494 57 36 47 68 2
7651 ORDER 11495 23 50 84 68 0
7652 ORDER 11496 62 36 66 67 1
7653 ORDER 11497 82 56 3 19 0
7654 UNBLOCK 68 22
7654 ORDER 11498 67 60 1 50 0
7654 ORDER 11499 52 51 81 68 0
7655 ORDER 11500 46 11 64 67 0
7655 ORDER 11501 38 15 3 9 0
7656 ORDER 11502 65 60 16 68 0
7657 ORDER 11503 43 18 1 10 0
7657 ORDER 11504 74 47 38 68 1
7658 ORDER 11505 65 8 2 12 0
7659 ORDER 11506 88 63 1 62 0
7660 ORDER 11507 24 17 61 67 1
7661 ORDER 11508 30 11 1 9 0
7662 ORDER 11509 34 45 24 67 3
7662 ORDER 11510 60 18 2 23 0
7663 ORDER 11511 37 14 21 68 1
7664 ORDER 11512 58 44 1 61 1
7665 ORDER 11513 49 63 2 43 1
7666 UNBLOCK 10 24
7666 ORDER 11514 6 32 1 38 1
7666 ORDER 11515 11 9 2 14 0
7667 UNBLOCK 61 47
7667 ORDER 11516 82 42 2 5 0
7667 ORDER 11517 45 36 20 68 1
7668 ORDER 11518 55 45 3 19 3
7669 ORDER 11519 44 26 41 68 0
7669 ORDER 11520 72 21 2 15 3
7670 UNBLOCK 24 35
7670 ORDER 11521 33 59 26 67 0
7670 ORDER 11522 47 21 3 55 0
7671 UNBLOCK 76 35
7671 ORDER 11523 64 53 3 31 1
7672 ORDER 11524 46 9 3 18 0
7672 ORDER 11525 42 20 59 68 0
7672 BLOCK 69 57
7673 ORDER 11526 38 39 3 1 0
7673 BLOCK 27 38
7674 UNBLOCK 49 27
7674 ORDER 11527 14 36 35 68 1
7674 ORDER 11528 53 45 1 56 0
7675 ORDER 11529 55 32 1 57 0
7676 ORDER 11530 76 60 67 68 0
7677 ORDER 11531 37 44 67 68 0
7677 ORDER 11532 28 62 3 18 0
7678 UNBLOCK 43 35
7678 ORDER 11533 81 24 64 67 0
7679 ORDER 11534 65 17 68 68 0
7680 ORDER 11535 64 44 2 42 2
7681 ORDER 11536 57 65 31 67 0
7682 ORDER 11537 19 26 2 48 2
7682 BLOCK 69 33
7683 ORDER 11538 32 51 52 67 0
7683 ORDER 11539 68 50 3 32 0
7684 ORDER 11540 9 53 1 18 1
7684 BLOCK 89 3
7685 ORDER 11541 67 32 53 67 1
7686 ORDER 11542 91 30 2 8 0
7686 ORDER 11543 35 21 2 4 0
7687 ORDER 11544 30 20 59 67 0
7687 ORDER 11545 65 57 64 67 0
7688 UNBLOCK 21 9
7688 UNBLOCK 36 40
7688 ORDER 11546 41 57 2 16 1
7689 ORDER 11547 29 27 2 59 0
7689 ORDER 11548 55 12 83 67 0
7690 ORDER 11549 88 48 3 28 0
7690 ORDER 11550 55 30 1 57 0
7691 UNBLOCK 27 38
7691 ORDER 11551 49 46 41 68 0
7692 UNBLOCK 91 3
7692 ORDER 11552 10 47 2 19 3
7693 CANCEL 11476
7693 ORDER 11553 19 38 28 67 0
7693 ORDER 11554 88 6 1 7 1
7694 ORDER 11555 8 47 81 67 0
7694 ORDER 11556 81 17 76 68 0
7695 ORDER 11557 11 9 2 35 0
7696 ORDER 11558 28 6 83 68 0
7697 ORDER 11559 75 48 2 18 0
7697 ORDER 11560 74 33 5 67 1
7698 ORDER 11561 72 32 3 48 0
7699 ORDER 11562 90 64 1 19 1
7700 ORDER 11563 47 32 1 20 2
7700 ORDER 11564 90 51 3 22 0
7701 ORDER 11565 72 57 1 47 0
7701 ORDER 11566 18 20 1 34 1
7702 ORDER 11567 64 51 1 61 3
7702 ORDER 11568 53 9 25 68 0
7702 BLOCK 64 44
7703 ORDER 11569 57 21 2 27 0
7703 ORDER 11570 13 57 1 35 0
7704 ORDER 11571 93 42 3 44 1
7704 ORDER 11572 11 27 2 53 1
7704 BLOCK 24 67
7705 ORDER 11573 28 11 53 68 1
7705 ORDER 11574 94 56 48 67 1
7706 ORDER 11575 70 26 29 67 0
7707 UNBLOCK 65 59
7707 ORDER 11576 66 14 2 60 1
7708 ORDER 11577 84 51 33 67 0
7708 ORDER 11578 28 17 58 68 2
7709 ORDER 11579 53 53 57 68 0
7709 ORDER 11580 86 59 48 67 1
7709 BLOCK 49 63
7710 UNBLOCK 94 20
7710 ORDER 11581 93 5 51 68 1
7711 ORDER 11582 59 33 54 68 2
7712 UNBLOCK 34 56
7712 ORDER 11583 62 21 22 67 0
7713 ORDER 11584 87 39 2 14 0
7713 ORDER 11585 93 53 64 68 0
7714 ORDER 11586 79 45 1 49 0
7714 BLOCK 63 29
7715 ORDER 11587 95 6 1 33 0
7715 ORDER 11588 88 26 41 68 1
7716 ORDER 11589 60 33 31 68 0
7716 ORDER 11590 41 39 3 14 0
7716 BLOCK 63 21
7717 ORDER 11591 48 41 24 68 0
7717 ORDER 11592 68 39 3 45 0
7718 UNBLOCK 64 44
7718 ORDER 11593 47 14 3 54 0
7718 ORDER 11594 26 56 56 68 2
7719 ORDER 11595 89 14 2 22 1
7720 ORDER 11596 7 56 31 68 0
7720 ORDER 11597 43 42 15 67 1
7721 UNBLOCK 16 62
7721 ORDER 11598 37 41 1 17 0
7722 ORDER 11599 37 42 3 42 3
7722 ORDER 11600 69 47 38 68 1
7723 CANCEL 11356
7723 CANCEL 11587
7723 ORDER 11601 52 35 75 67 1
7723 ORDER 11602 57 21 7 68 0
7724 ORDER 11603 36 3 2 55 1
7725 ORDER 11604 56 24 79 68 0
7726 ORDER 11605 78 53 26 68 1
7726 ORDER 11606 80 53 1 13 0
7727 ORDER 11607 15 30 2 10 1
7728 UNBLOCK 12 67
7728 ORDER 11608 38 38 68 67 0
7728 BLOCK 76 65
7729 ORDER 11609 69 29 4 67 0
7729 ORDER 11610 16 59 76 68 0
7729 BLOCK 14 56
7730 ORDER 11611 69 57 1 62 0
7730 ORDER 11612 43 47 1 15 0
7730 BLOCK 36 51
7731 ORDER 11613 40 7 3 68 0
7731 ORDER 11614 77 21 90 67 0
7732 ORDER 11615 22 29 71 68 0
7733 ORDER 11616 23 30 1 47 2
7734 ORDER 11617 16 9 2 49 0
7735 ORDER 11618 50 38 1 45 0
7736 ORDER 11619 45 63 38 68 0
7736 BLOCK 22 48
7737 ORDER 11620 40 21 65 68 0
7737 BLOCK 62 14
7738 ORDER 11621 39 29 2 22 0
7738 ORDER 11622 19 61 3 63 1
7738 BLOCK 17 53
7739 UNBLOCK 69 57
7739 ORDER 11623 43 27 91 67 0
7739 ORDER 11624 36 9 9 67 0
7739 BLOCK 67 56
7740 ORDER 11625 79 14 66 68 1
7741 ORDER 11626 57 56 2 20 2
7741 ORDER 11627 73 41 89 68 0
7742 ORDER 11628 53 41 1 25 2
7742 ORDER 11629 33 35 1 48 0
7743 ORDER 11630 18 33 9 67 1
7744 ORDER 11631 66 30 83 67 1
7744 ORDER 11632 23 45 2 36 0
7745 ORDER 11633 6 12 52 68 1
7746 CANCEL 11346
7746 UNBLOCK 69 33
7746 ORDER 11634 37 29 21 68 0
7747 ORDER 11635 75 32 3 17 0
7748 ORDER 11636 38 18 97 67 0
7748 ORDER 11637 28 54 1 29 1
7749 ORDER 11638 26 32 3 11 0
7750 ORDER 11639 90 21 74 67 1
7751 ORDER 11640 75 29 32 67 0
7751 ORDER 11641 52 53 86 67 1
7752 ORDER 11642 17 50 70 68 0
7752 ORDER 11643 72 56 3 38 1
7753 ORDER 11644 75 35 3 46 0
7754 ORDER 11645 56 42 1 53 3
7755 ORDER 11646 87 36 31 67 2
7755 ORDER 11647 45 38 90 67 0
7756 ORDER 11648 13 45 24 68 2
7757 ORDER 11649 75 54 2 33 0
7757 ORDER 11650 81 42 3 44 0
7758 ORDER 11651 81 44 71 67 0
7759 ORDER 11652 43 5 46 67 3
7760 ORDER 11653 30 63 2 38 1
7761 ORDER 11654 49 3 1 50 2
7761 ORDER 11655 47 3 56 67 2
7762 ORDER 11656 59 47 2 15 0
7763 ORDER 11657 67 42 3 23 0
7764 ORDER 11658 67 14 1 55 0
7764 ORDER 11659 29 15 2 34 1
7765 ORDER 11660 55 51 1 50 0
7765 BLOCK 83 3
7766 UNBLOCK 89 3
7766 ORDER 11661 20 30 64 67 0
7766 ORDER 11662 84 54 1 39 0
7767 ORDER 11663 12 20 1 50 0
7767 BLOCK 47 59
7768 ORDER 11664 43 42 11 68 0
7768 ORDER 11665 7 53 3 61 0
7768 BLOCK 69 54
7769 ORDER 11666 17 24 10 67 1
7770 UNBLOCK 62 14
7770 ORDER 11667 10 51 95 68 0
7771 ORDER 11668 68 65 3 57 0
7771 BLOCK 36 54
7772 CANCEL 11433
7772 ORDER 11669 36 62 75 68 1
7773 ORDER 11670 90 29 2 52 0
7773 BLOCK 43 25
7774 ORDER 11671 83 23 2 38 0
7774 ORDER 11672 73 45 70 67 2
7775 ORDER 11673 92 8 38 68 0
7775 ORDER 11674 71 27 54 67 2
7776 ORDER 11675 50 27 1 12 0
7777 ORDER 11676 42 42 40 67 1
7777 ORDER 11677 17 9 94 68 1
7777 BLOCK 49 11
7778 ORDER 11678 91 21 3 25 0
7779 ORDER 11679 89 60 1 28 0
7779 ORDER 11680 73 17 2 55 2
7780 ORDER 11681 31 24 2 5 1
7781 UNBLOCK 17 53
7781 ORDER 11682 58 30 10 67 1
7782 CANCEL 11492
7782 ORDER 11683 77 27 2 25 0
7782 ORDER 11684 80 57 2 37 0
7783 ORDER 11685 13 12 82 68 0
7783 BLOCK 5 45
7784 ORDER 11686 6 20 82 67 1
7784 BLOCK 20 36
7785 ORDER 11687 9 32 77 68 0
7785 ORDER 11688 90 65 2 64 1
7785 BLOCK 25 54
7786 UNBLOCK 67 56
7786 ORDER 11689 33 6 3 68 0
7787 ORDER 11690 53 53 1 7 2
7787 ORDER 11691 32 3 1 38 0
7788 UNBLOCK 24 67
7788 ORDER 11692 46 59 57 68 0
7789 ORDER 11693 14 23 2 64 0
7789 ORDER 11694 66 24 2 12 1
7790 UNBLOCK 49 63
7790 UNBLOCK 14 56
7790 ORDER 11695 58 43 2 5 2
7791 UNBLOCK 49 11
7791 ORDER 11696 23 45 2 21 1
7792 ORDER 11697 72 21 3 2 0
7792 ORDER 11698 10 12 3 58 2
7793 UNBLOCK 63 29
7793 ORDER 11699 35 57 77 67 0
7793 ORDER 11700 6 11 47 67 0
7794 CANCEL 11529
7794 ORDER 11701 54 11 2 9 1
7794 ORDER 11702 77 48 40 67 0
7795 UNBLOCK 20 36
7795 ORDER 11703 81 32 51 68 0
7795 ORDER 11704 93 21 13 68 0
7796 CANCEL 11565
7796 CANCEL 11654
7796 ORDER 11705 68 39 1 6 2
7797 ORDER 11706 56 6 2 39 0
7797 ORDER 11707 44 12 1 49 0
7798 CANCEL 11680
7798 ORDER 11708 71 33 55 67 0
7798 ORDER 11709 91 35 27 68 0
7798 BLOCK 74 27
7799 UNBLOCK 63 21
7799 ORDER 11710 90 45 42 67 1
7800 ORDER 11711 77 15 86 68 1
7801 ORDER 11712 62 39 1 50 0
7802 ORDER 11713 46 26 2 36 1
7802 ORDER 11714 84 20 3 62 3
7803 ORDER 11715 20 51 3 47 1
7804 ORDER 11716 74 56 3 59 0
7805 ORDER 11717 38 6 1 48 2
7805 ORDER 11718 41 50 6 68 0
7806 UNBLOCK 5 45
7806 ORDER 11719 12 24 44 67 1
7807 CANCEL 11482
7807 UNBLOCK 83 3
7807 ORDER 11720 50 39 2 35 0
7808 UNBLOCK 76 65
7808 ORDER 11721 75 42 3 10 0
7808 ORDER 11722 22 33 2 18 3
7809 ORDER 11723 19 57 17 68 0
7810 ORDER 11724 8 63 1 8 0
7811 CANCEL 11572
7811 ORDER 11725 54 41 1 56 1
7811 ORDER 11726 62 5 91 67 0
7811 BLOCK 12 6
7812 UNBLOCK 36 51
7812 UNBLOCK 25 54
7812 ORDER 11727 81 42 2 53 0
7813 ORDER 11728 21 45 1 11 1
7813 BLOCK 16 15
7814 ORDER 11729 70 48 1 63 0
7814 ORDER 11730 12 21 1 30 0
7814 BLOCK 47 23
7815 UNBLOCK 47 59
7815 UNBLOCK 36 54
7815 ORDER 11731 38 36 85 67 0
7816 ORDER 11732 65 26 11 67 3
7817 CANCEL 11533
7817 ORDER 11733 42 35 17 67 0
7817 ORDER 11734 95 54 85 67 0
7818 ORDER 11735 49 21 93 67 0
7819 ORDER 11736 31 20 3 13 0
7819 ORDER 11737 49 63 19 68 1
7820 UNBLOCK 22 48
7820 ORDER 11738 94 22 55 67 0
7821 ORDER 11739 27 62 26 68 0
7821 BLOCK 67 32
7822 ORDER 11740 45 62 3 6 0
7822 BLOCK 68 22
7823 ORDER 11741 21 24 77 68 0
7824 ORDER 11742 28 50 60 67 2
7825 ORDER 11743 92 45 2 30 0
7826 ORDER 11744 19 39 2 65 0
7826 BLOCK 84 6
7827 ORDER 11745 7 26 47 68 0
7827 ORDER 11746 51 29 3 46 0
7828 ORDER 11747 12 50 22 67 0
7829 ORDER 11748 57 48 4 67 0
7829 ORDER 11749 45 61 78 68 0
7829 BLOCK 88 38
7830 ORDER 11750 52 41 53 67 0
7831 UNBLOCK 16 15
7831 ORDER 11751 29 21 2 49 1
7831 ORDER 11752 56 35 1 45 0
7831 BLOCK 75 38
7832 ORDER 11753 44 12 1 66 1
7832 ORDER 11754 14 45 31 67 0
7833 ORDER 11755 35 5 25 68 0
7833 ORDER 11756 30 48 94 68 0
7834 UNBLOCK 74 27
7834 UNBLOCK 67 32
7834 ORDER 11757 63 38 31 68 0
7834 ORDER 11758 83 47 95 68 0
7835 ORDER 11759 63 9 73 67 0
7836 ORDER 11760 92 6 79 67 0
7836 ORDER 11761 66 5 2 16 1
7837 UNBLOCK 43 25
7837 ORDER 11762 79 27 42 67 1
7837 BLOCK 28 68
7838 ORDER 11763 22 8 43 68 0
7839 ORDER 11764 26 17 62 68 1
7839 BLOCK 31 23
7840 ORDER 11765 93 35 2 18 1
7840 ORDER 11766 15 32 54 67 0
7841 ORDER 11767 74 6 49 67 0
7841 ORDER 11768 69 30 1 23 2
7841 BLOCK 28 51
7842 ORDER 11769 47 54 69 67 0
7842 ORDER 11770 70 17 63 68 1
7843 ORDER 11771 18 46 35 68 0
7844 CANCEL 11535
7844 ORDER 11772 21 26 1 14 0
7844 ORDER 11773 27 35 1 7 1
7845 ORDER 11774 53 12 19 67 0
7845 ORDER 11775 52 41 71 67 1
7846 ORDER 11776 62 42 10 68 3
7846 ORDER 11777 20 27 3 21 0
7847 ORDER 11778 53 14 15 68 3
7848 ORDER 11779 66 43 31 68 3
7849 ORDER 11780 69 27 3 54 0
7849 ORDER 11781 7 59 3 12 1
7849 BLOCK 44 56
7850 UNBLOCK 75 38
7850 ORDER 11782 19 60 91 68 1
7851 ORDER 11783 48 6 3 47 0
7852 ORDER 11784 37 44 13 67 1
7852 ORDER 11785 51 45 45 67 1
7853 ORDER 11786 31 21 89 68 0
7854 UNBLOCK 31 23
7854 ORDER 11787 27 50 1 68 0
7854 ORDER 11788 84 32 1 21 0
7855 UNBLOCK 28 51
7855 ORDER 11789 6 32 81 68 1
7856 UNBLOCK 28 68
7856 ORDER 11790 23 47 3 52 1
7856 BLOCK 76 51
7857 UNBLOCK 69 54
7857 CANCEL 11694
7857 ORDER 11791 48 27 2 40 1
7858 ORDER 11792 21 39 41 68 2
7859 ORDER 11793 83 42 1 51 0
7859 ORDER 11794 36 21 3 63 0
7860 ORDER 11795 58 65 3 67 1
7860 ORDER 11796 18 59 2 41 1
7861 ORDER 11797 59 29 2 25 0
7862 ORDER 11798 69 65 84 68 0
7862 ORDER 11799 42 12 2 67 0
7863 ORDER 11800 52 21 3 8 0
7863 ORDER 11801 40 60 3 26 1
7864 ORDER 11802 56 18 1 26 0
7865 UNBLOCK 88 38
7865 ORDER 11803 76 56 2 61 1
7866 CANCEL 11666
7866 ORDER 11804 61 20 67 68 0
7867 ORDER 11805 32 47 71 68 1
7868 UNBLOCK 44 56
7868 ORDER 11806 27 35 31 67 1
7868 ORDER 11807 65 50 1 42 0
7869 ORDER 11808 65 54 1 19 0
7870 ORDER 11809 87 36 1 38 2
7870 ORDER 11810 30 20 3 6 0
7870 BLOCK 67 39
7871 ORDER 11811 83 17 1 36 0
7872 ORDER 11812 38 21 69 67 1
7872 ORDER 11813 80 50 1 51 0
7873 ORDER 11814 13 59 1 33 0
7873 ORDER 11815 53 39 1 4 0
7874 ORDER 11816 36 63 1 11 2
7875 UNBLOCK 84 6
7875 ORDER 11817 34 60 1 15 0
7875 ORDER 11818 47 30 92 67 0
7876 ORDER 11819 90 29 1 19 1
7876 ORDER 11820 8 26 88 68 0
7876 BLOCK 88 32
7877 ORDER 11821 17 50 2 58 3
7878 ORDER 11822 22 23 21 67 0
7878 ORDER 11823 45 38 3 66 2
7879 ORDER 11824 25 8 34 67 0
7879 ORDER 11825 41 59 1 49 0
7880 ORDER 11826 81 20 2 33 0
7881 ORDER 11827 62 3 3 10 0
7881 ORDER 11828 59 18 88 68 0
7882 ORDER 11829 79 12 43 67 1
7882 BLOCK 68 57
7883 ORDER 11830 47 63 1 61 0
7883 ORDER 11831 62 57 2 46 0
7883 BLOCK 26 17
7884 ORDER 11832 37 21 2 14 0
7884 ORDER 11833 75 63 3 49 0
7885 ORDER 11834 83 23 41 67 1
7885 ORDER 11835 43 8 3 58 0
7886 ORDER 11836 39 56 73 68 0
7886 ORDER 11837 80 51 3 6 0
7887 ORDER 11838 54 5 11 68 0
7887 BLOCK 79 12
7888 ORDER 11839 61 57 1 30 0
7889 ORDER 11840 11 48 2 68 0
7890 CANCEL 11564
7890 UNBLOCK 47 23
7890 ORDER 11841 85 5 2 9 0
7890 ORDER 11842 86 54 2 27 1
7890 BLOCK 73 60
7891 ORDER 11843 69 26 3 64 0
7891 ORDER 11844 17 47 81 68 0
7892 ORDER 11845 58 47 1 39 0
7892 ORDER 11846 58 62 24 67 0
7893 ORDER 11847 29 11 1 30 0
7893 ORDER 11848 61 50 23 67 0
7894 ORDER 11849 93 51 1 34 0
7894 ORDER 11850 20 30 3 61 0
7894 BLOCK 40 62
7895 ORDER 11851 49 57 57 68 1
7895 ORDER 11852 57 62 10 67 0
7896 ORDER 11853 86 51 55 67 0
7896 ORDER 11854 14 36 3 10 2
7897 ORDER 11855 56 63 2 16 1
7897 ORDER 11856 94 15 3 2 0
7898 ORDER 11857 50 8 27 68 1
7899 CANCEL 11644
7899 ORDER 11858 32 54 95 67 0
7899 BLOCK 93 19
7900 ORDER 11859 57 41 1 62 2
7900 ORDER 11860 7 24 17 67 0
7901 ORDER 11861 93 30 1 36 0
7901 ORDER 11862 62 56 43 68 1
7902 ORDER 11863 80 18 63 68 0
7902 ORDER 11864 42 45 1 35 0
7903 ORDER 11865 47 18 1 31 0
7903 BLOCK 85 42
7904 ORDER 11866 47 51 2 61 1
7905 ORDER 11867 38 42 2 34 0
7906 ORDER 11868 59 6 39 68 0
7906 ORDER 11869 58 15 16 67 0
7906 BLOCK 56 54
7907 UNBLOCK 12 6
7907 ORDER 11870 48 20 3 3 0
7908 ORDER 11871 41 54 14 68 0
7908 BLOCK 68 57
7909 UNBLOCK 88 32
7909 ORDER 11872 34 50 1 61 1
7909 ORDER 11873 41 45 2 22 0
7910 ORDER 11874 66 60 76 68 0
7911 ORDER 11875 32 56 68 68 0
7911 ORDER 11876 60 12 58 68 0
7912 ORDER 11877 32 41 65 68 0
7913 ORDER 11878 93 5 3 19 1
7913 ORDER 11879 28 11 12 68 0
7914 ORDER 11880 79 39 3 9 0
7915 ORDER 11881 10 6 32 68 0
7916 ORDER 11882 86 53 6 68 0
7916 ORDER 11883 34 48 2 51 3
7917 ORDER 11884 55 26 66 68 1
7917 ORDER 11885 27 47 56 67 0
7917 BLOCK 21 65
7918 UNBLOCK 68 22
7918 ORDER 11886 17 24 2 45 1
7918 ORDER 11887 11 45 25 68 0
7918 BLOCK 20 3
7919 ORDER 11888 68 26 34 67 1
7919 ORDER 11889 31 18 3 6 2
7920 ORDER 11890 56 54 48 67 0
7920 ORDER 11891 48 47 1 52 1
7921 ORDER 11892 76 65 5 68 0
7921 ORDER 11893 9 42 45 68 0
7921 BLOCK 70 38
7922 UNBLOCK 85 42
7922 ORDER 11894 7 29 49 67 0
7923 UNBLOCK 76 51
7923 ORDER 11895 44 15 3 36 1
7924 ORDER 11896 27 21 1 57 0
7924 ORDER 11897 17 21 87 67 0
7924 BLOCK 32 36
7925 UNBLOCK 68 57
7925 ORDER 11898 67 26 3 54 1
7926 ORDER 11899 13 12 63 67 0
7926 ORDER 11900 68 14 3 1 0
7926 BLOCK 87 63
7927 CANCEL 11891
7927 ORDER 11901 91 36 1 26 0
7927 BLOCK 77 3
7928 ORDER 11902 24 30 1 51 0
7928 ORDER 11903 95 39 2 23 1
7929 ORDER 11904 93 33 7 68 0
7930 ORDER 11905 47 6 1 55 1
7930 ORDER 11906 7 63 48 68 1
7931 CANCEL 11626
7931 ORDER 11907 61 11 1 24 0
7931 ORDER 11908 90 45 76 68 0
7932 ORDER 11909 78 35 2 27 1
7933 ORDER 11910 65 56 91 68 0
7933 ORDER 11911 85 65 81 67 0
7934 ORDER 11912 69 23 82 68 2
7934 BLOCK 53 21
7935 ORDER 11913 93 42 3 14 3
7935 ORDER 11914 36 59 94 68 0
7935 BLOCK 38 59
7936 CANCEL 11822
7936 ORDER 11915 56 60 34 67 0
7937 ORDER 11916 94 33 27 68 2
7938 ORDER 11917 11 8 1 9 1
7939 ORDER 11918 40 53 95 68 3
7939 ORDER 11919 73 18 23 68 3
7939 BLOCK 15 34
7940 ORDER 11920 34 56 2 47 2
7941 ORDER 11921 26 6 3 61 0
7942 UNBLOCK 40 62
7942 ORDER 11922 65 65 2 65 0
7942 ORDER 11923 91 14 3 38 1
7943 ORDER 11924 70 24 1 7 0
7944 ORDER 11925 93 35 74 68 0
7945 ORDER 11926 6 3 37 67 1
7946 ORDER 11927 40 24 69 68 3
7947 ORDER 11928 6 12 3 13 1
7947 BLOCK 15 3
7948 ORDER 11929 65 23 6 67 1
7949 ORDER 11930 7 12 3 51 0
7949 ORDER 11931 59 36 59 67 1
7950 UNBLOCK 67 39
7950 ORDER 11932 81 17 11 67 0
7950 ORDER 11933 30 41 31 68 0
7951 UNBLOCK 73 60
7951 ORDER 11934 57 8 2 1 1
7951 BLOCK 70 29
7952 ORDER 11935 34 53 1 30 2
7953 ORDER 11936 28 12 29 68 0
7954 CANCEL 11658
7954 UNBLOCK 21 65
7954 ORDER 11937 66 60 1 11 1
7955 ORDER 11938 79 24 57 67 1
7955 ORDER 11939 54 39 66 68 3
7956 ORDER 11940 12 42 17 67 1
7956 BLOCK 73 63
7957 ORDER 11941 81 36 3 55 0
7957 BLOCK 64 48
7958 UNBLOCK 26 17
7958 ORDER 11942 27 47 1 4 0
7958 BLOCK 95 13
7959 UNBLOCK 79 12
7959 ORDER 11943 91 8 70 67 1
7960 ORDER 11944 37 38 2 53 0
7960 BLOCK 20 24
7961 CANCEL 11851
7961 UNBLOCK 32 36
7961 ORDER 11945 35 23 35 68 1
7962 UNBLOCK 15 34
7962 ORDER 11946 54 39 3 54 0
7962 ORDER 11947 86 60 3 52 0
7963 ORDER 11948 63 36 52 67 0
7964 ORDER 11949 67 9 97 68 0
7965 ORDER 11950 42 62 2 56 1
7965 ORDER 11951 62 54 2 34 0
7966 ORDER 11952 13 47 2 14 2
7966 ORDER 11953 65 33 26 67 1
7967 ORDER 11954 17 44 2 12 0
7967 BLOCK 37 65
7968 ORDER 11955 37 17 2 62 1
7969 UNBLOCK 70 38
7969 ORDER 11956 13 23 42 67 0
7970 UNBLOCK 53 21
7970 ORDER 11957 91 57 44 67 0
7970 ORDER 11958 68 17 3 9 2
7971 UNBLOCK 93 19
7971 ORDER 11959 69 59 2 65 3
7971 ORDER 11960 93 9 52 68 1
7971 BLOCK 41 9
7972 UNBLOCK 77 3
7972 ORDER 11961 93 11 1 63 2
7972 ORDER 11962 44 33 3 29 1
7973 ORDER 11963 68 45 16 67 0
7973 ORDER 11964 55 12 95 68 0
7973 BLOCK 58 57
7974 ORDER 11965 64 31 50 68 0
7974 ORDER 11966 74 63 1 43 0
7975 ORDER 11967 55 60 1 10 0
7976 ORDER 11968 20 18 31 68 2
7976 ORDER 11969 23 24 1 45 0
7977 ORDER 11970 75 41 2 17 0
7977 ORDER 11971 91 9 92 67 0
7978 ORDER 11972 14 50 30 67 2
7979 ORDER 11973 14 30 5 68 0
7980 ORDER 11974 58 20 37 68 1
7980 ORDER 11975 10 15 1 48 1
7981 ORDER 11976 19 36 6 68 2
7981 ORDER 11977 26 53 34 67 0
7982 ORDER 11978 72 5 1 37 0
7982 ORDER 11979 86 39 29 67 0
7983 UNBLOCK 20 3
7983 ORDER 11980 73 36 96 67 1
7983 ORDER 11981 8 18 3 44 0
7984 UNBLOCK 68 57
7984 ORDER 11982 17 3 27 68 0
7985 ORDER 11983 93 29 77 67 0
7986 UNBLOCK 70 29
7986 ORDER 11984 46 6 3 35 0
7986 ORDER 11985 64 21 3 22 1
7986 BLOCK 50 22
7987 UNBLOCK 87 63
7987 ORDER 11986 36 9 17 67 1
7988 ORDER 11987 12 56 3 58 0
7989 ORDER 11988 93 56 2 40 0
7989 ORDER 11989 48 63 71 68 0
7989 BLOCK 11 26
7990 ORDER 11990 54 12 2 54 1
7990 ORDER 11991 33 39 3 11 0
7991 ORDER 11992 6 45 67 67 0
7991 ORDER 11993 7 65 96 67 1
7992 ORDER 11994 30 54 2 20 0
7992 ORDER 11995 46 38 94 68 0
7992 BLOCK 6 15
7993 ORDER 11996 89 41 69 67 0
7994 UNBLOCK 56 54
7994 ORDER 11997 78 15 20 68 0
7994 ORDER 11998 68 63 1 41 2
7995 ORDER 11999 77 18 3 12 0
7996 ORDER 12000 18 14 93 68 1
7996 ORDER 12001 80 57 2 27 0
7996 BLOCK 27 12
7997 ORDER 12002 93 51 3 44 1
7998 ORDER 12003 30 9 26 67 2
7999 ORDER 12004 65 56 17 67 1
