50 40 12000
##################################################
#.....C.......C.......C.......C.......C..........#
#................................................#
#................................................#
#.....#######..#########..#########..########....#
#................................................#
#................................................#
#.....######..#########..########..#######..##...#
#................................................#
#................................................#
#.....#########..#######..########..########.....#
#................................................#
#................................................#
#.....######..#######..#########..#########..#...#
#................................................#
#................................................#
#.....########..#########..########..########....#
#................................................#
#................................................#
#.....#########..#########..#########..#######...#
#................................................#
#................................................#
#.....########..########..######..#########..#...#
#................................................#
#................................................#
#.....#########..########..########..#########...#
#................................................#
#................................................#
#.....#########..#########..#########..#######...#
#................................................#
#................................................#
#.....#########..#########..######..########.....#
#................................................#
#................................................#
#.....#######..########..########..######..###...#
#................................................#
#................................................#
#................................................#
#................................................#
##################################################
PARAMS 720 36 180 30 50 3 200 2
ROBOTS 40
5 35
13 12
47 4
24 7
33 18
28 2
26 36
29 20
2 1
7 27
22 23
29 21
2 20
23 12
16 17
5 18
1 15
9 27
35 30
40 29
35 10
30 36
2 31
11 32
40 32
48 37
48 6
30 14
40 37
39 36
37 5
8 2
23 9
36 15
23 38
35 24
37 19
48 16
18 6
20 23
EVENTS 7502
3 ORDER 1 31 12 3 1 0
4 ORDER 2 25 8 19 37 2
7 ORDER 3 22 20 15 37 0
8 ORDER 4 32 30 2 28 3
10 ORDER 5 28 12 1 22 1
11 ORDER 6 19 29 2 22 0
13 ORDER 7 31 23 37 38 3
16 ORDER 8 35 33 3 19 0
16 BLOCK 12 21
19 ORDER 9 11 23 2 12 0
25 BLOCK 13 8
26 ORDER 10 22 27 3 18 0
27 ORDER 11 12 11 2 31 0
27 BLOCK 40 12
32 ORDER 12 23 14 22 37 0
36 ORDER 13 19 14 2 2 0
38 ORDER 14 7 32 27 38 1
41 ORDER 15 29 15 2 14 2
43 ORDER 16 45 18 42 38 0
45 ORDER 17 44 27 3 3 0
46 ORDER 18 38 24 10 37 0
48 ORDER 19 6 24 1 7 0
49 ORDER 20 18 15 3 12 1
51 ORDER 21 42 29 26 37 0
52 ORDER 22 24 27 1 12 1
53 BLOCK 28 18
56 ORDER 23 7 35 38 37 0
57 ORDER 24 10 5 34 37 0
58 ORDER 25 18 6 3 36 0
62 ORDER 26 11 23 19 37 1
63 ORDER 27 13 29 2 27 1
64 ORDER 28 31 11 48 38 0
64 BLOCK 17 30
65 ORDER 29 9 35 2 33 2
67 ORDER 30 24 26 18 37 1
69 ORDER 31 15 5 13 37 0
70 ORDER 32 19 32 32 37 2
71 ORDER 33 12 23 1 27 1
74 ORDER 34 23 18 17 37 0
75 ORDER 35 35 33 1 34 1
78 BLOCK 15 32
79 ORDER 36 40 26 20 38 0
80 ORDER 37 38 15 7 38 2
82 ORDER 38 45 27 17 38 3
83 ORDER 39 35 8 1 11 1
85 ORDER 40 37 33 2 20 0
88 ORDER 41 40 23 3 11 0
89 ORDER 42 18 30 14 37 2
91 BLOCK 35 32
94 ORDER 43 40 23 48 38 0
97 ORDER 44 21 26 3 36 0
98 UNBLOCK 15 32
98 ORDER 45 31 15 3 26 0
99 ORDER 46 34 21 2 22 0
99 BLOCK 17 18
101 ORDER 47 9 3 30 38 1
103 ORDER 48 17 3 2 16 1
105 UNBLOCK 13 8
106 ORDER 49 19 26 16 38 0
107 ORDER 50 42 26 34 38 1
110 ORDER 51 44 27 3 30 0
111 ORDER 52 21 27 29 38 0
112 ORDER 53 16 8 32 38 0
114 ORDER 54 30 9 1 34 3
115 ORDER 55 19 23 9 37 3
116 ORDER 56 30 6 1 26 1
117 ORDER 57 31 26 41 37 0
118 ORDER 58 9 9 18 38 0
119 ORDER 59 7 23 42 38 0
122 ORDER 60 39 35 2 8 0
123 ORDER 61 23 12 34 38 0
124 ORDER 62 39 9 1 9 1
127 ORDER 63 11 3 2 4 0
128 ORDER 64 10 15 3 16 3
129 UNBLOCK 12 21
129 ORDER 65 37 15 2 13 0
131 ORDER 66 6 29 1 12 1
133 ORDER 67 21 20 41 38 0
133 BLOCK 45 1
134 ORDER 68 31 21 6 37 2
137 ORDER 69 6 12 3 25 0
138 BLOCK 24 9
139 ORDER 70 41 9 15 37 0
144 ORDER 71 23 20 3 13 0
147 ORDER 72 13 30 43 37 0
148 ORDER 73 11 26 3 7 0
152 ORDER 74 11 8 2 29 0
153 ORDER 75 20 3 2 38 0
154 UNBLOCK 28 18
155 ORDER 76 22 15 20 37 1
158 ORDER 77 25 20 2 6 0
161 ORDER 78 35 8 1 20 0
162 UNBLOCK 40 12
162 ORDER 79 19 26 1 11 1
163 ORDER 80 39 8 25 38 3
164 ORDER 81 6 33 18 37 2
165 ORDER 82 8 32 3 23 2
166 ORDER 83 19 35 12 38 1
168 ORDER 84 32 11 2 13 0
169 ORDER 85 30 14 29 38 1
170 UNBLOCK 17 30
170 ORDER 86 38 32 2 9 1
172 BLOCK 5 17
173 ORDER 87 11 18 19 37 0
174 ORDER 88 44 24 3 28 0
175 UNBLOCK 35 32
175 CANCEL 68
175 CANCEL 100088
178 ORDER 89 20 3 10 38 0
179 UNBLOCK 17 18
180 BLOCK 26 9
183 ORDER 90 20 17 2 33 1
184 ORDER 91 19 20 3 31 0
185 ORDER 92 43 32 10 37 0
187 ORDER 93 38 26 2 14 0
191 ORDER 94 21 18 19 37 2
194 ORDER 95 21 17 10 37 2
195 ORDER 96 39 27 20 37 1
197 ORDER 97 6 21 1 22 2
198 ORDER 98 21 20 2 38 1
199 ORDER 99 26 35 1 11 2
201 ORDER 100 7 20 1 2 0
202 ORDER 101 6 29 42 38 0
203 ORDER 102 10 23 2 17 3
206 ORDER 103 15 3 3 16 0
207 ORDER 104 40 6 1 1 2
209 ORDER 105 32 35 3 13 1
212 ORDER 106 10 18 48 38 0
213 BLOCK 23 11
214 ORDER 107 8 27 3 6 2
215 ORDER 108 40 5 41 38 0
216 ORDER 109 28 20 3 5 0
217 ORDER 110 43 29 3 21 1
220 ORDER 111 39 20 18 38 0
221 UNBLOCK 5 17
224 ORDER 112 26 14 6 38 1
225 ORDER 113 31 9 3 4 0
225 BLOCK 19 3
232 ORDER 114 22 21 39 37 0
232 BLOCK 9 35
233 ORDER 115 28 24 2 6 0
233 CANCEL 100115
236 ORDER 116 32 35 1 2 0
238 ORDER 117 13 15 3 33 0
239 BLOCK 26 26
240 ORDER 118 18 26 32 37 0
241 ORDER 119 44 35 2 25 0
242 ORDER 120 28 21 3 20 0
243 ORDER 121 42 5 42 38 0
243 BLOCK 36 3
244 ORDER 122 40 8 20 37 0
245 UNBLOCK 24 9
247 CANCEL 43
252 ORDER 123 43 3 3 2 0
254 ORDER 124 30 32 1 14 1
255 ORDER 125 26 5 2 28 0
259 ORDER 126 7 8 44 38 0
260 ORDER 127 26 12 3 7 0
263 ORDER 128 41 5 41 38 0
266 ORDER 129 9 29 2 37 0
267 ORDER 130 13 26 20 37 0
267 BLOCK 27 35
269 ORDER 131 43 27 2 7 1
270 ORDER 132 31 15 26 38 2
270 BLOCK 9 18
272 ORDER 133 32 11 16 37 0
273 UNBLOCK 26 9
277 ORDER 134 38 14 43 38 0
278 ORDER 135 7 6 3 34 0
279 ORDER 136 26 9 1 8 1
280 UNBLOCK 45 1
281 ORDER 137 27 12 48 37 1
282 ORDER 138 17 26 2 14 0
282 BLOCK 35 31
287 ORDER 139 42 9 2 30 2
291 ORDER 140 38 33 44 37 0
292 ORDER 141 14 8 2 35 0
292 BLOCK 39 26
293 ORDER 142 16 12 2 14 1
294 ORDER 143 17 24 1 24 0
296 CANCEL 133
297 ORDER 144 10 15 32 38 0
300 UNBLOCK 19 3
300 ORDER 145 36 18 17 38 0
303 ORDER 146 32 9 12 38 1
304 CANCEL 70
307 ORDER 147 31 14 1 19 0
308 ORDER 148 28 35 2 38 0
309 BLOCK 16 12
311 UNBLOCK 23 11
313 ORDER 149 39 26 30 37 0
314 ORDER 150 9 5 16 38 1
314 BLOCK 41 14
317 ORDER 151 19 6 6 37 0
320 CANCEL 105
321 UNBLOCK 39 26
321 ORDER 152 24 15 22 38 1
322 ORDER 153 21 35 1 33 0
324 ORDER 154 34 21 1 11 2
325 ORDER 155 39 33 24 37 0
326 ORDER 156 9 32 1 5 3
329 CANCEL 86
329 UNBLOCK 16 12
329 ORDER 157 28 18 43 37 2
331 ORDER 158 20 14 1 12 1
333 ORDER 159 10 8 3 3 1
334 BLOCK 6 30
338 ORDER 160 29 30 1 20 0
340 ORDER 161 17 29 22 37 0
341 ORDER 162 24 15 1 4 2
342 ORDER 163 43 9 20 37 0
343 ORDER 164 21 6 31 38 1
345 UNBLOCK 27 35
346 ORDER 165 40 30 48 38 0
347 UNBLOCK 26 26
348 ORDER 166 9 20 2 1 0
351 ORDER 167 26 35 36 37 1
355 ORDER 168 12 35 23 38 1
356 ORDER 169 41 19 21 38 0
357 ORDER 170 31 18 2 35 2
361 ORDER 171 38 5 2 32 0
362 ORDER 172 14 11 3 7 1
364 ORDER 173 25 27 10 38 0
365 UNBLOCK 6 30
365 ORDER 174 39 5 2 2 0
367 ORDER 175 8 21 39 37 0
369 ORDER 176 9 27 34 38 0
371 UNBLOCK 9 35
371 ORDER 177 26 12 1 13 0
373 ORDER 178 26 8 19 37 1
374 ORDER 179 31 33 2 35 0
376 ORDER 180 18 24 1 14 0
378 ORDER 181 12 35 2 11 0
381 ORDER 182 32 9 1 34 0
382 ORDER 183 34 29 35 37 1
385 ORDER 184 9 9 3 29 1
389 ORDER 185 12 26 2 31 1
389 BLOCK 8 36
390 UNBLOCK 36 3
390 ORDER 186 39 14 38 37 0
391 ORDER 187 19 32 25 38 2
393 ORDER 188 23 32 17 37 1
395 CANCEL 145
395 UNBLOCK 41 14
396 ORDER 189 21 18 2 19 1
397 ORDER 190 18 30 33 37 0
398 ORDER 191 20 6 3 5 0
400 CANCEL 158
400 ORDER 192 8 11 2 36 0
401 ORDER 193 21 9 41 38 0
402 ORDER 194 38 30 2 37 0
403 BLOCK 11 5
404 ORDER 195 39 11 3 36 0
406 CANCEL 185
406 ORDER 196 32 17 1 8 0
407 ORDER 197 23 27 1 1 0
408 ORDER 198 28 8 1 34 0
412 ORDER 199 29 5 16 38 0
413 UNBLOCK 9 18
413 UNBLOCK 35 31
413 ORDER 200 35 12 2 3 0
415 ORDER 201 17 28 36 37 2
416 CANCEL 169
417 ORDER 202 18 21 4 37 2
418 ORDER 203 29 8 7 38 0
419 ORDER 204 37 6 2 14 0
419 BLOCK 39 36
422 ORDER 205 21 27 47 38 1
427 ORDER 206 39 17 1 17 3
430 ORDER 207 27 11 2 15 0
432 ORDER 208 27 35 2 29 0
434 ORDER 209 38 11 48 38 0
435 ORDER 210 30 8 2 1 1
440 ORDER 211 12 23 2 16 0
442 ORDER 212 11 26 38 38 1
444 ORDER 213 38 24 25 37 0
448 ORDER 214 6 32 30 38 0
451 ORDER 215 13 21 1 30 3
452 ORDER 216 44 35 2 35 1
453 ORDER 217 8 18 1 20 0
455 ORDER 218 7 14 1 13 1
456 ORDER 219 6 23 34 37 1
457 ORDER 220 28 21 1 28 0
458 ORDER 221 27 24 1 18 0
459 ORDER 222 29 5 27 37 0
460 ORDER 223 17 9 2 28 0
463 ORDER 224 39 3 1 12 1
465 ORDER 225 34 27 25 37 1
466 ORDER 226 28 18 36 38 3
468 ORDER 227 16 3 12 38 0
472 ORDER 228 22 30 9 37 0
473 ORDER 229 23 30 13 38 1
475 ORDER 230 41 3 1 23 2
476 ORDER 231 36 23 3 27 0
477 CANCEL 165
479 ORDER 232 9 6 3 21 1
480 ORDER 233 18 9 24 38 0
481 ORDER 234 21 29 3 28 2
483 ORDER 235 35 29 2 20 3
486 ORDER 236 17 18 13 38 0
487 ORDER 237 25 35 3 32 1
489 ORDER 238 16 12 2 33 0
491 ORDER 239 12 24 3 35 0
494 ORDER 240 9 24 2 14 2
495 ORDER 241 37 23 23 38 0
496 ORDER 242 29 35 37 38 0
499 ORDER 243 7 15 2 14 0
501 ORDER 244 29 27 22 37 0
504 ORDER 245 16 3 25 38 1
505 ORDER 246 29 32 3 22 0
508 ORDER 247 28 30 1 2 3
509 ORDER 248 31 32 3 6 0
511 ORDER 249 17 24 1 23 0
512 ORDER 250 16 21 2 18 0
514 ORDER 251 9 30 3 17 0
515 ORDER 252 34 23 2 16 0
520 BLOCK 28 11
521 ORDER 253 18 21 1 36 0
524 ORDER 254 32 18 8 38 1
525 ORDER 255 18 11 1 6 0
525 BLOCK 39 20
527 ORDER 256 23 30 39 38 0
528 UNBLOCK 8 36
529 ORDER 257 25 14 1 5 1
530 UNBLOCK 11 5
531 ORDER 258 37 17 1 2 0
532 ORDER 259 11 14 1 8 2
534 ORDER 260 29 33 1 9 3
537 ORDER 261 29 18 21 38 0
538 ORDER 262 43 26 1 26 0
539 ORDER 263 41 30 43 38 1
540 ORDER 264 38 8 3 30 0
543 ORDER 265 28 27 20 37 1
544 CANCEL 223
545 BLOCK 9 21
547 ORDER 266 33 27 47 38 2
548 ORDER 267 30 30 3 18 0
549 ORDER 268 17 17 36 37 0
550 ORDER 269 44 8 2 3 0
554 ORDER 270 14 26 34 37 0
558 UNBLOCK 39 36
560 CANCEL 226
560 CANCEL 254
560 ORDER 271 22 5 2 17 1
561 UNBLOCK 39 20
561 ORDER 272 18 24 2 5 0
562 ORDER 273 9 5 3 5 1
563 CANCEL 221
567 ORDER 274 22 17 38 38 1
570 ORDER 275 30 23 2 10 2
575 ORDER 276 44 20 3 6 0
576 ORDER 277 45 29 39 37 0
579 BLOCK 43 7
580 ORDER 278 37 12 2 35 0
581 ORDER 279 28 5 3 33 3
582 ORDER 280 43 15 18 37 1
584 BLOCK 43 20
585 BLOCK 18 9
588 ORDER 281 17 32 1 33 0
589 ORDER 282 15 3 1 9 3
591 ORDER 283 14 6 13 37 1
593 ORDER 284 19 3 2 29 0
594 ORDER 285 37 35 48 37 0
595 UNBLOCK 9 21
595 ORDER 286 43 33 1 31 0
598 UNBLOCK 28 11
598 ORDER 287 35 29 1 15 1
599 ORDER 288 26 21 3 28 0
602 CANCEL 283
606 ORDER 289 14 8 2 34 2
607 ORDER 290 26 11 46 38 1
609 ORDER 291 25 8 3 17 0
610 ORDER 292 42 3 3 15 1
611 ORDER 293 42 9 22 37 0
612 ORDER 294 30 23 26 38 1
613 ORDER 295 15 33 3 3 0
614 ORDER 296 16 15 2 27 0
615 ORDER 297 16 23 1 34 0
616 ORDER 298 43 20 2 35 0
617 ORDER 299 17 14 2 38 1
618 ORDER 300 33 24 17 37 0
619 ORDER 301 13 17 1 31 0
620 ORDER 302 36 23 1 37 2
621 ORDER 303 23 29 34 38 0
623 ORDER 304 31 33 3 5 0
624 ORDER 305 43 24 2 29 1
625 ORDER 306 38 8 31 38 0
628 ORDER 307 12 23 3 34 0
629 ORDER 308 15 5 1 2 0
630 ORDER 309 21 8 2 17 0
633 ORDER 310 27 8 45 37 0
635 ORDER 311 37 30 2 36 2
636 ORDER 312 19 35 27 38 0
639 ORDER 313 40 3 38 37 0
640 BLOCK 27 23
641 ORDER 314 34 24 1 8 1
646 CANCEL 275
647 ORDER 315 35 14 48 38 0
648 UNBLOCK 43 7
651 ORDER 316 37 33 1 25 0
652 UNBLOCK 43 20
652 ORDER 317 11 11 3 3 0
654 ORDER 318 19 20 2 5 1
657 ORDER 319 12 9 40 37 0
658 ORDER 320 7 12 2 27 1
660 ORDER 321 24 12 2 3 0
662 BLOCK 15 6
664 ORDER 322 21 6 1 25 0
666 ORDER 323 22 21 12 38 0
667 ORDER 324 30 21 39 38 0
668 ORDER 325 42 5 15 37 0
669 ORDER 326 21 27 37 37 0
670 ORDER 327 34 26 3 4 1
671 ORDER 328 8 27 1 10 0
674 ORDER 329 43 27 2 9 2
675 ORDER 330 38 32 2 38 2
676 ORDER 331 20 6 29 37 0
677 ORDER 332 23 29 2 17 0
678 ORDER 333 37 32 6 38 0
681 ORDER 334 27 3 41 37 0
681 BLOCK 20 6
682 ORDER 335 42 14 2 6 0
683 ORDER 336 19 3 2 22 2
684 UNBLOCK 27 23
684 ORDER 337 29 6 8 38 0
687 ORDER 338 27 17 1 16 3
689 ORDER 339 35 6 1 17 2
692 ORDER 340 10 32 10 38 0
693 UNBLOCK 18 9
694 ORDER 341 44 27 1 29 0
695 ORDER 342 25 8 27 38 0
696 ORDER 343 41 20 3 23 1
697 ORDER 344 33 32 2 22 1
698 ORDER 345 11 27 3 10 0
699 BLOCK 24 23
700 ORDER 346 36 27 23 38 3
701 ORDER 347 10 32 3 33 1
702 ORDER 348 15 12 10 37 0
703 ORDER 349 28 33 47 37 0
705 ORDER 350 19 14 43 37 0
706 ORDER 351 45 18 3 20 0
707 ORDER 352 28 15 1 8 0
708 ORDER 353 18 33 2 21 2
712 ORDER 354 18 27 3 11 3
713 ORDER 355 32 32 39 37 1
714 CANCEL 338
714 ORDER 356 41 11 47 37 0
715 ORDER 357 11 23 47 37 0
716 ORDER 358 42 5 3 20 0
721 ORDER 359 12 5 11 38 1
724 ORDER 360 8 17 9 38 0
725 ORDER 361 19 6 1 8 0
730 ORDER 362 22 11 3 4 2
732 ORDER 363 21 23 39 38 2
733 ORDER 364 20 18 40 37 2
734 ORDER 365 12 32 2 15 1
735 ORDER 366 13 21 2 27 0
736 ORDER 367 29 5 36 37 0
738 BLOCK 30 27
739 ORDER 368 13 27 1 27 0
742 ORDER 369 36 9 2 38 1
744 CANCEL 278
744 ORDER 370 43 3 1 10 2
745 ORDER 371 21 24 1 13 3
746 ORDER 372 7 7 3 34 0
747 ORDER 373 44 26 2 29 1
752 ORDER 374 17 30 3 27 1
754 ORDER 375 41 12 27 38 1
756 CANCEL 100375
757 ORDER 376 18 23 3 20 1
759 ORDER 377 12 33 26 37 3
760 ORDER 378 19 33 14 37 1
762 ORDER 379 6 27 3 5 1
763 ORDER 380 8 31 19 38 1
764 ORDER 381 18 14 2 19 0
766 ORDER 382 29 3 3 14 0
769 ORDER 383 37 3 3 26 0
770 ORDER 384 42 26 1 14 1
771 ORDER 385 10 6 2 30 0
772 UNBLOCK 15 6
773 ORDER 386 39 3 2 4 1
773 BLOCK 16 33
774 UNBLOCK 30 27
774 ORDER 387 12 35 3 37 0
776 ORDER 388 14 32 3 15 0
777 ORDER 389 40 15 9 37 0
778 ORDER 390 26 8 38 38 0
780 CANCEL 365
780 ORDER 391 12 15 3 38 0
781 ORDER 392 6 26 2 6 0
783 ORDER 393 33 20 2 21 0
783 BLOCK 38 3
787 ORDER 394 43 18 1 10 0
788 ORDER 395 21 18 19 38 0
790 ORDER 396 21 33 1 8 0
791 ORDER 397 30 12 3 13 1
792 ORDER 398 43 24 1 26 0
793 ORDER 399 11 34 24 38 0
794 ORDER 400 16 23 1 1 0
795 ORDER 401 29 21 3 17 0
796 UNBLOCK 16 33
796 ORDER 402 45 12 2 28 0
797 ORDER 403 34 26 29 38 0
798 UNBLOCK 20 6
800 ORDER 404 21 35 48 38 0
801 ORDER 405 17 29 2 37 0
802 BLOCK 33 14
803 ORDER 406 31 35 9 37 1
804 ORDER 407 37 23 1 6 0
805 ORDER 408 37 11 3 13 0
806 ORDER 409 14 29 1 1 2
806 BLOCK 35 21
807 ORDER 410 30 21 1 2 0
808 ORDER 411 43 29 2 19 1
809 ORDER 412 35 18 1 27 0
811 ORDER 413 42 11 3 34 0
813 ORDER 414 41 29 2 17 0
815 ORDER 415 33 17 14 38 0
816 ORDER 416 22 30 2 15 1
820 ORDER 417 9 29 28 37 1
821 ORDER 418 6 24 1 1 0
823 ORDER 419 31 20 1 11 1
826 ORDER 420 39 21 1 31 0
826 BLOCK 27 35
828 ORDER 421 26 21 1 10 0
829 ORDER 422 6 17 2 16 1
831 ORDER 423 39 6 45 37 1
832 ORDER 424 10 9 3 22 0
833 ORDER 425 17 15 47 38 1
835 CANCEL 352
836 CANCEL 396
836 ORDER 426 34 20 3 17 1
837 ORDER 427 39 14 3 32 0
838 ORDER 428 42 21 2 4 0
839 ORDER 429 7 28 31 37 0
841 UNBLOCK 24 23
843 ORDER 430 12 5 21 37 1
844 ORDER 431 29 32 2 29 0
845 ORDER 432 22 35 23 37 2
847 ORDER 433 8 12 45 37 1
848 ORDER 434 43 9 1 16 0
851 ORDER 435 15 35 1 16 0
853 ORDER 436 29 33 6 38 0
855 ORDER 437 24 17 35 38 2
856 ORDER 438 35 33 2 15 1
857 BLOCK 29 2
858 ORDER 439 29 5 1 12 0
861 UNBLOCK 33 14
861 ORDER 440 41 12 1 15 2
862 ORDER 441 21 9 3 28 1
864 ORDER 442 41 20 1 17 0
866 UNBLOCK 27 35
868 ORDER 443 24 32 8 38 0
869 ORDER 444 18 12 3 30 0
870 ORDER 445 41 20 2 14 0
874 ORDER 446 32 24 5 38 1
875 ORDER 447 42 5 3 37 1
876 CANCEL 399
877 ORDER 448 8 14 26 37 0
878 ORDER 449 29 11 1 32 3
879 BLOCK 45 16
880 ORDER 450 10 12 3 36 0
881 ORDER 451 17 17 14 37 0
882 ORDER 452 29 25 1 1 0
885 ORDER 453 27 17 28 38 3
888 ORDER 454 23 3 2 22 0
891 ORDER 455 13 9 3 28 0
893 ORDER 456 12 24 17 38 0
894 ORDER 457 35 35 30 37 1
895 BLOCK 44 36
896 ORDER 458 26 33 40 37 0
900 ORDER 459 19 6 2 12 0
901 UNBLOCK 38 3
901 ORDER 460 39 9 3 25 3
902 ORDER 461 27 17 10 37 0
905 BLOCK 6 9
906 ORDER 462 15 35 2 6 0
908 ORDER 463 31 11 2 13 0
911 ORDER 464 43 26 2 14 0
913 ORDER 465 8 20 13 37 1
914 ORDER 466 18 23 31 37 0
916 ORDER 467 12 5 10 38 0
918 ORDER 468 17 33 8 38 0
919 CANCEL 435
919 ORDER 469 6 32 3 24 0
928 ORDER 470 24 27 37 38 1
931 ORDER 471 27 35 3 10 3
933 CANCEL 411
933 ORDER 472 8 11 3 8 0
934 BLOCK 24 6
935 ORDER 473 44 3 1 18 0
936 ORDER 474 20 35 1 26 0
936 BLOCK 19 24
937 ORDER 475 14 6 41 38 1
941 ORDER 476 43 30 1 18 1
946 ORDER 477 11 20 1 30 2
947 CANCEL 472
947 ORDER 478 27 23 24 37 1
950 ORDER 479 32 8 1 24 0
951 ORDER 480 19 23 7 37 0
955 UNBLOCK 35 21
955 CANCEL 456
955 ORDER 481 19 26 10 37 1
956 UNBLOCK 29 2
956 ORDER 482 15 35 20 38 0
957 ORDER 483 7 20 1 31 0
958 ORDER 484 11 6 2 37 0
960 ORDER 485 34 23 45 38 0
964 ORDER 486 40 15 3 17 1
965 ORDER 487 37 32 1 23 1
966 UNBLOCK 44 36
971 ORDER 488 37 32 28 38 0
974 ORDER 489 9 35 38 38 0
975 ORDER 490 32 6 29 37 1
976 ORDER 491 18 30 43 38 0
977 ORDER 492 23 9 2 5 0
978 ORDER 493 14 12 3 26 1
979 ORDER 494 21 23 3 35 1
981 UNBLOCK 45 16
983 ORDER 495 28 23 3 18 1
990 ORDER 496 11 15 16 37 0
991 UNBLOCK 24 6
992 CANCEL 489
992 ORDER 497 28 24 28 37 1
993 ORDER 498 21 24 32 38 1
995 ORDER 499 24 18 3 34 0
996 BLOCK 41 27
997 ORDER 500 38 35 1 18 0
997 BLOCK 25 1
1000 ORDER 501 40 6 32 37 0
1001 ORDER 502 29 29 44 37 2
1002 ORDER 503 21 29 2 19 0
1004 ORDER 504 8 35 2 27 1
1006 ORDER 505 42 17 1 28 0
1007 ORDER 506 29 18 3 22 0
1008 BLOCK 22 32
1010 ORDER 507 40 35 1 31 2
1011 CANCEL 467
1011 ORDER 508 21 8 3 13 0
1012 ORDER 509 6 20 3 35 2
1014 BLOCK 26 15
1016 UNBLOCK 6 9
1016 UNBLOCK 19 24
1016 ORDER 510 41 11 23 38 0
1017 ORDER 511 28 8 2 13 1
1018 ORDER 512 8 3 31 37 2
1020 ORDER 513 15 33 3 15 0
1022 ORDER 514 28 9 6 38 1
1023 ORDER 515 34 23 2 21 0
1025 ORDER 516 6 29 3 15 3
1027 UNBLOCK 41 27
1029 ORDER 517 8 8 2 8 0
1030 ORDER 518 30 32 43 37 1
1032 ORDER 519 6 29 1 8 0
1036 ORDER 520 10 35 24 38 0
1037 ORDER 521 32 29 1 22 1
1038 ORDER 522 19 20 3 28 0
1039 ORDER 523 9 35 32 38 0
1041 ORDER 524 33 17 1 19 3
1045 UNBLOCK 26 15
1046 ORDER 525 32 33 3 24 0
1049 ORDER 526 31 26 41 37 0
1052 ORDER 527 41 9 2 5 2
1054 ORDER 528 30 15 1 16 0
1055 ORDER 529 7 23 1 22 1
1057 ORDER 530 36 29 1 9 0
1058 ORDER 531 38 33 1 18 1
1063 ORDER 532 20 23 2 35 0
1067 ORDER 533 40 3 2 24 0
1068 ORDER 534 39 6 15 37 0
1069 ORDER 535 11 6 1 15 0
1069 BLOCK 5 16
1072 ORDER 536 6 17 2 20 0
1075 CANCEL 503
1075 ORDER 537 24 27 2 28 0
1076 ORDER 538 18 24 3 22 0
1078 ORDER 539 31 15 3 5 1
1079 ORDER 540 24 24 1 38 0
1080 ORDER 541 6 8 47 37 3
1082 CANCEL 468
1083 ORDER 542 15 33 7 38 1
1085 ORDER 543 43 15 2 35 0
1086 ORDER 544 9 11 3 2 0
1087 ORDER 545 29 26 2 24 1
1088 ORDER 546 31 23 3 12 0
1090 ORDER 547 17 12 3 32 0
1094 ORDER 548 22 11 14 37 1
1095 ORDER 549 30 23 3 36 1
1096 ORDER 550 6 30 19 38 1
1096 BLOCK 31 6
1098 UNBLOCK 25 1
1099 ORDER 551 6 24 8 38 0
1100 ORDER 552 36 35 48 38 3
1106 CANCEL 497
1106 ORDER 553 29 9 41 38 0
1107 ORDER 554 23 30 28 38 1
1109 ORDER 555 37 5 2 9 3
1110 ORDER 556 30 24 38 38 1
1111 ORDER 557 34 15 3 33 0
1112 ORDER 558 20 27 45 38 0
1116 ORDER 559 8 35 18 38 0
1118 BLOCK 19 32
1121 CANCEL 486
1121 ORDER 560 13 15 17 38 2
1121 BLOCK 41 8
1122 CANCEL 474
1122 ORDER 561 10 27 4 37 0
1126 ORDER 562 29 11 28 37 3
1128 ORDER 563 7 14 3 27 0
1130 ORDER 564 14 26 1 1 1
1131 ORDER 565 14 8 47 37 3
1132 ORDER 566 41 3 3 33 2
1133 ORDER 567 20 3 24 37 0
1134 ORDER 568 37 35 44 38 3
1135 UNBLOCK 22 32
1135 ORDER 569 30 35 1 27 0
1137 ORDER 570 40 8 1 33 0
1139 ORDER 571 36 32 10 37 0
1146 CANCEL 524
1146 ORDER 572 24 15 2 21 0
1148 ORDER 573 23 29 2 6 1
1149 ORDER 574 37 15 32 37 0
1150 ORDER 575 38 6 2 35 0
1151 ORDER 576 41 30 2 17 0
1152 ORDER 577 13 24 21 37 3
1152 BLOCK 19 17
1153 ORDER 578 41 6 3 35 0
1154 ORDER 579 10 5 2 32 1
1155 ORDER 580 6 27 3 1 3
1156 ORDER 581 42 9 37 37 0
1157 ORDER 582 33 18 1 20 1
1159 ORDER 583 34 12 3 32 0
1159 BLOCK 20 8
1161 UNBLOCK 5 16
1161 ORDER 584 22 27 24 37 2
1162 BLOCK 38 29
1164 ORDER 585 44 24 2 21 1
1165 ORDER 586 24 27 28 37 2
1166 ORDER 587 28 33 1 4 1
1168 ORDER 588 10 6 4 38 0
1171 ORDER 589 44 5 1 22 1
1174 UNBLOCK 19 32
1174 ORDER 590 7 17 3 5 0
1178 ORDER 591 13 11 1 27 1
1183 ORDER 592 44 18 1 7 0
1183 BLOCK 29 14
1184 ORDER 593 36 32 5 38 0
1185 ORDER 594 8 24 24 37 0
1189 ORDER 595 42 5 3 37 0
1190 ORDER 596 7 20 11 38 0
1191 ORDER 597 20 32 25 37 0
1192 BLOCK 24 10
1194 CANCEL 558
1195 ORDER 598 10 8 7 38 0
1196 ORDER 599 27 33 1 38 1
1197 ORDER 600 42 20 1 29 0
1200 ORDER 601 33 29 43 37 0
1201 UNBLOCK 19 17
1201 ORDER 602 9 20 2 10 0
1202 ORDER 603 44 6 1 18 3
1203 ORDER 604 23 3 30 38 3
1204 ORDER 605 25 20 25 37 3
1205 ORDER 606 39 6 3 10 0
1207 ORDER 607 42 18 2 24 1
1213 UNBLOCK 20 8
1215 UNBLOCK 31 6
1215 ORDER 608 33 17 2 7 0
1216 CANCEL 529
1217 ORDER 609 44 24 39 37 1
1218 ORDER 610 18 33 43 37 0
1218 BLOCK 15 32
1220 ORDER 611 12 21 2 2 0
1222 ORDER 612 16 5 20 37 0
1226 UNBLOCK 41 8
1228 ORDER 613 9 5 37 37 0
1230 ORDER 614 30 23 1 6 2
1232 ORDER 615 7 27 3 11 1
1233 ORDER 616 10 14 2 35 2
1234 ORDER 617 9 17 2 24 1
1238 ORDER 618 7 6 9 38 0
1241 ORDER 619 31 8 19 38 0
1242 ORDER 620 19 3 1 12 1
1247 ORDER 621 29 32 3 11 0
1248 ORDER 622 40 29 2 27 0
1250 ORDER 623 9 30 3 31 0
1251 ORDER 624 20 5 34 37 0
1255 ORDER 625 44 8 44 38 0
1256 ORDER 626 45 23 2 6 1
1257 ORDER 627 10 24 12 37 0
1258 ORDER 628 20 20 2 28 1
1260 ORDER 629 35 35 1 28 0
1262 ORDER 630 29 20 11 38 1
1263 ORDER 631 42 12 2 24 0
1264 ORDER 632 37 15 9 37 1
1265 BLOCK 17 36
1266 UNBLOCK 38 29
1266 ORDER 633 20 8 3 23 0
1268 ORDER 634 42 9 35 38 0
1269 ORDER 635 15 14 3 19 0
1270 ORDER 636 6 30 1 1 0
1271 ORDER 637 8 35 3 7 0
1273 ORDER 638 30 18 1 25 2
1274 BLOCK 26 33
1276 ORDER 639 23 27 3 32 1
1278 ORDER 640 21 21 19 38 0
1279 ORDER 641 21 11 5 38 0
1284 ORDER 642 36 23 46 38 0
1287 UNBLOCK 29 14
1287 ORDER 643 9 8 1 23 1
1288 ORDER 644 31 15 2 6 1
1289 ORDER 645 22 30 43 38 2
1290 ORDER 646 40 11 1 33 0
1291 ORDER 647 18 15 3 10 0
1292 ORDER 648 36 27 25 37 0
1293 ORDER 649 11 3 1 1 3
1294 ORDER 650 8 17 46 37 2
1297 CANCEL 574
1297 ORDER 651 38 30 26 37 2
1298 BLOCK 22 38
1299 ORDER 652 20 12 18 38 1
1300 ORDER 653 37 5 3 15 0
1303 UNBLOCK 24 10
1309 UNBLOCK 26 33
1309 ORDER 654 38 8 1 5 1
1311 ORDER 655 30 17 29 38 0
1312 ORDER 656 31 18 3 30 0
1313 ORDER 657 39 33 1 25 0
1313 BLOCK 26 36
1314 ORDER 658 43 11 2 18 1
1316 ORDER 659 19 9 1 15 0
1317 ORDER 660 14 30 1 2 0
1318 ORDER 661 33 26 30 38 1
1319 ORDER 662 19 21 24 37 2
1319 BLOCK 31 3
1321 ORDER 663 40 18 2 6 1
1322 ORDER 664 21 18 2 34 0
1323 ORDER 665 40 17 1 29 1
1326 ORDER 666 21 35 11 37 0
1330 ORDER 667 36 33 12 37 0
1331 ORDER 668 28 29 1 10 2
1334 ORDER 669 29 8 2 6 0
1335 ORDER 670 43 11 6 38 0
1340 ORDER 671 17 26 2 17 0
1342 ORDER 672 43 5 1 24 0
1344 ORDER 673 38 8 30 37 3
1348 ORDER 674 16 23 3 3 0
1352 ORDER 675 21 3 1 16 2
1353 ORDER 676 8 26 2 6 0
1354 ORDER 677 6 20 1 37 1
1355 ORDER 678 43 26 3 7 0
1356 UNBLOCK 15 32
1356 ORDER 679 32 6 1 12 1
1358 ORDER 680 36 30 3 24 0
1358 BLOCK 28 21
1360 ORDER 681 36 32 6 38 0
1363 ORDER 682 6 26 26 38 0
1364 ORDER 683 21 3 1 36 1
1368 ORDER 684 9 14 1 9 1
1370 ORDER 685 34 23 2 25 2
1371 CANCEL 601
1371 CANCEL 645
1371 ORDER 686 21 6 17 38 0
1372 ORDER 687 21 35 29 37 0
1375 ORDER 688 21 32 18 37 0
1379 ORDER 689 41 30 21 37 0
1380 UNBLOCK 22 38
1380 BLOCK 26 19
1381 ORDER 690 20 33 24 37 0
1382 ORDER 691 32 8 30 38 1
1383 ORDER 692 20 15 3 18 0
1383 BLOCK 27 5
1385 CANCEL 687
1385 ORDER 693 16 3 2 5 0
1385 BLOCK 22 23
1386 UNBLOCK 17 36
1386 ORDER 694 36 6 30 37 0
1389 ORDER 695 10 9 2 8 0
1390 UNBLOCK 26 36
1393 ORDER 696 13 26 29 37 0
1396 ORDER 697 32 26 17 37 0
1397 ORDER 698 34 23 20 37 1
1398 ORDER 699 14 9 40 38 2
1402 ORDER 700 37 14 3 27 0
1403 ORDER 701 35 14 3 34 2
1407 ORDER 702 7 9 16 37 0
1409 CANCEL 664
1409 ORDER 703 16 12 1 28 0
1411 ORDER 704 39 15 1 4 0
1412 ORDER 705 41 8 41 38 2
1413 ORDER 706 29 12 2 13 1
1414 ORDER 707 14 20 45 38 0
1415 ORDER 708 11 27 18 38 1
1416 BLOCK 34 34
1417 ORDER 709 40 18 2 31 1
1418 ORDER 710 30 30 40 38 0
1419 ORDER 711 40 12 1 36 0
1420 ORDER 712 38 21 14 37 0
1422 ORDER 713 38 24 35 38 0
1422 BLOCK 30 9
1423 ORDER 714 28 17 1 1 1
1424 ORDER 715 35 18 2 17 0
1425 ORDER 716 24 15 2 31 0
1426 ORDER 717 35 21 3 4 0
1428 ORDER 718 20 35 1 32 1
1428 BLOCK 36 37
1431 ORDER 719 9 8 1 32 0
1432 CANCEL 651
1433 ORDER 720 22 6 1 19 1
1434 UNBLOCK 31 3
1435 ORDER 721 17 14 2 32 0
1438 ORDER 722 13 11 2 27 0
1439 ORDER 723 14 8 30 37 0
1441 ORDER 724 10 21 3 28 0
1443 ORDER 725 10 11 3 13 0
1445 ORDER 726 18 29 1 29 0
1447 ORDER 727 15 5 34 37 1
1450 ORDER 728 9 9 3 7 1
1451 UNBLOCK 34 34
1454 UNBLOCK 26 19
1454 ORDER 729 36 20 33 37 3
1459 UNBLOCK 28 21
1461 ORDER 730 37 35 43 38 0
1465 UNBLOCK 30 9
1466 ORDER 731 20 30 2 30 0
1467 ORDER 732 10 3 3 35 0
1469 ORDER 733 8 29 41 37 0
1471 ORDER 734 36 21 2 16 0
1474 ORDER 735 25 33 1 21 0
1475 ORDER 736 23 30 2 26 0
1477 ORDER 737 42 23 45 37 0
1477 BLOCK 16 30
1478 UNBLOCK 22 23
1478 ORDER 738 37 6 27 38 0
1479 ORDER 739 32 30 2 34 1
1480 ORDER 740 14 14 2 10 0
1482 ORDER 741 41 8 4 38 3
1485 ORDER 742 11 3 40 38 1
1486 ORDER 743 13 17 28 37 1
1487 ORDER 744 22 26 1 27 0
1488 ORDER 745 29 17 2 25 0
1489 ORDER 746 42 21 3 21 0
1494 ORDER 747 22 11 2 31 3
1495 ORDER 748 29 23 3 10 1
1496 UNBLOCK 36 37
1496 ORDER 749 10 9 17 37 1
1497 ORDER 750 39 6 5 38 0
1499 BLOCK 17 29
1500 ORDER 751 13 17 3 30 0
1501 ORDER 752 28 9 1 9 1
1502 ORDER 753 22 29 9 37 0
1504 ORDER 754 11 14 20 37 0
1507 ORDER 755 34 23 2 32 3
1508 ORDER 756 20 32 20 38 1
1509 ORDER 757 20 15 2 31 0
1509 BLOCK 38 27
1510 ORDER 758 18 33 45 38 0
1514 ORDER 759 10 17 3 17 0
1515 ORDER 760 18 30 1 26 0
1516 ORDER 761 28 27 1 16 1
1516 BLOCK 28 38
1519 ORDER 762 6 27 9 37 0
1520 ORDER 763 30 27 3 6 1
1521 UNBLOCK 27 5
1522 ORDER 764 38 24 1 26 3
1526 ORDER 765 43 5 40 38 0
1528 ORDER 766 20 23 6 37 0
1529 ORDER 767 7 29 2 26 1
1531 ORDER 768 11 26 1 15 3
1532 ORDER 769 26 9 3 11 0
1534 ORDER 770 6 17 1 28 0
1535 ORDER 771 8 9 3 34 0
1535 BLOCK 23 12
1536 ORDER 772 15 33 3 17 0
1538 ORDER 773 6 14 2 34 0
1540 ORDER 774 17 5 2 8 0
1542 UNBLOCK 17 29
1542 ORDER 775 29 21 2 36 1
1544 ORDER 776 21 18 41 38 0
1545 ORDER 777 37 5 2 20 0
1547 UNBLOCK 38 27
1548 ORDER 778 39 9 3 24 0
1549 ORDER 779 23 14 33 38 0
1553 CANCEL 727
1556 ORDER 780 6 21 2 2 0
1557 ORDER 781 23 18 31 38 2
1559 ORDER 782 33 18 1 30 0
1561 BLOCK 44 32
1562 ORDER 783 6 15 18 37 2
1564 BLOCK 32 29
1566 ORDER 784 30 30 3 37 0
1569 ORDER 785 21 30 19 38 0
1570 CANCEL 763
1570 ORDER 786 14 8 1 34 2
1575 UNBLOCK 16 30
1575 UNBLOCK 23 12
1578 ORDER 787 11 30 24 38 0
1579 ORDER 788 17 3 12 37 0
1581 ORDER 789 11 18 11 37 1
1584 ORDER 790 23 23 31 37 1
1585 ORDER 791 43 27 22 38 0
1588 ORDER 792 16 12 3 32 0
1589 ORDER 793 20 15 9 37 0
1590 ORDER 794 30 8 21 38 3
1591 ORDER 795 10 6 5 38 3
1595 ORDER 796 13 20 3 29 1
1596 ORDER 797 19 14 28 37 0
1597 ORDER 798 34 27 1 14 1
1599 CANCEL 792
1599 ORDER 799 35 35 2 35 0
1600 BLOCK 32 14
1601 ORDER 800 41 15 39 38 2
1602 ORDER 801 40 30 3 31 1
1603 UNBLOCK 28 38
1603 ORDER 802 17 23 2 26 0
1605 ORDER 803 28 15 28 37 1
1607 ORDER 804 21 17 1 23 2
1610 ORDER 805 6 33 38 38 0
1614 ORDER 806 44 6 46 37 0
1616 ORDER 807 9 21 31 38 1
1618 ORDER 808 17 18 1 35 2
1620 ORDER 809 18 23 1 2 1
1621 ORDER 810 31 35 3 9 0
1624 ORDER 811 23 30 1 38 1
1627 ORDER 812 40 12 9 38 0
1628 ORDER 813 9 14 2 32 0
1629 ORDER 814 40 26 3 3 1
1630 ORDER 815 35 33 2 10 0
1632 ORDER 816 41 14 34 37 2
1632 BLOCK 13 9
1633 ORDER 817 8 17 3 1 0
1634 ORDER 818 36 6 10 38 1
1636 ORDER 819 21 8 17 37 1
1636 CANCEL 100819
1638 ORDER 820 11 8 17 37 3
1641 ORDER 821 38 8 18 38 0
1643 ORDER 822 11 33 2 18 2
1646 ORDER 823 6 11 25 37 0
1648 BLOCK 30 36
1649 ORDER 824 14 14 5 38 0
1650 ORDER 825 11 35 3 6 0
1651 ORDER 826 7 12 10 37 3
1652 UNBLOCK 44 32
1653 ORDER 827 7 26 2 36 0
1662 ORDER 828 11 18 3 7 3
1665 ORDER 829 19 27 2 6 0
1666 ORDER 830 43 11 1 23 3
1668 ORDER 831 9 21 1 34 1
1672 ORDER 832 21 23 12 37 1
1673 ORDER 833 39 11 5 37 3
1674 ORDER 834 20 23 3 22 3
1676 ORDER 835 34 21 3 36 1
1677 ORDER 836 39 20 40 38 0
1678 ORDER 837 9 23 3 16 0
1681 ORDER 838 27 17 2 20 0
1682 ORDER 839 43 24 3 11 0
1683 UNBLOCK 32 29
1685 ORDER 840 45 21 45 37 1
1686 ORDER 841 20 26 3 3 1
1686 CANCEL 100841
1687 ORDER 842 29 5 3 1 0
1688 ORDER 843 43 17 5 38 0
1688 BLOCK 29 37
1689 ORDER 844 39 14 33 37 2
1690 ORDER 845 11 20 1 26 2
1691 ORDER 846 29 35 2 26 0
1693 BLOCK 9 27
1695 ORDER 847 14 8 3 1 0
1697 ORDER 848 9 15 3 9 1
1701 ORDER 849 32 6 2 8 2
1703 ORDER 850 10 20 10 38 0
1705 ORDER 851 23 29 1 12 1
1706 ORDER 852 9 32 13 38 0
1707 ORDER 853 29 24 3 10 1
1708 UNBLOCK 32 14
1708 ORDER 854 20 26 2 29 2
1709 ORDER 855 27 12 10 38 0
1710 ORDER 856 29 6 2 24 0
1711 ORDER 857 41 18 20 38 3
1713 ORDER 858 43 26 32 37 0
1714 ORDER 859 30 26 2 5 0
1715 ORDER 860 16 15 3 6 2
1716 ORDER 861 29 15 21 38 0
1716 BLOCK 16 6
1718 ORDER 862 30 11 17 38 1
1720 ORDER 863 38 17 24 37 0
1723 ORDER 864 21 20 24 37 2
1724 UNBLOCK 13 9
1724 ORDER 865 37 33 22 37 0
1725 ORDER 866 29 29 31 38 0
1726 ORDER 867 41 32 30 37 0
1727 ORDER 868 18 27 3 10 0
1729 ORDER 869 18 3 1 24 0
1730 ORDER 870 37 3 3 22 0
1730 BLOCK 42 1
1735 ORDER 871 24 17 1 7 0
1736 ORDER 872 35 33 28 38 0
1738 ORDER 873 19 5 3 19 0
1739 ORDER 874 17 30 47 37 1
1740 BLOCK 27 6
1742 ORDER 875 31 33 32 37 0
1745 UNBLOCK 29 37
1751 CANCEL 797
1751 ORDER 876 21 27 29 37 3
1752 ORDER 877 12 26 27 37 0
1754 ORDER 878 42 3 2 17 0
1755 ORDER 879 23 30 2 13 0
1757 UNBLOCK 30 36
1757 ORDER 880 30 9 25 38 1
1759 ORDER 881 20 3 32 37 2
1760 ORDER 882 40 30 3 28 0
1761 ORDER 883 32 8 17 37 1
1764 ORDER 884 16 33 48 38 1
1767 ORDER 885 10 12 34 38 3
1770 ORDER 886 10 18 18 38 1
1771 ORDER 887 26 8 12 38 0
1772 ORDER 888 22 30 40 37 0
1775 ORDER 889 7 8 3 21 0
1776 ORDER 890 8 17 47 37 0
1777 ORDER 891 25 30 1 37 0
1778 ORDER 892 38 23 2 21 0
1780 ORDER 893 7 30 3 37 0
1780 BLOCK 32 21
1781 ORDER 894 9 11 2 4 3
1790 UNBLOCK 16 6
1791 ORDER 895 44 5 2 27 0
1794 ORDER 896 8 3 3 32 0
1794 BLOCK 40 9
1795 UNBLOCK 42 1
1795 ORDER 897 39 27 36 38 0
1801 ORDER 898 27 17 1 32 1
1802 ORDER 899 27 15 2 37 0
1803 ORDER 900 23 30 1 26 0
1803 BLOCK 22 36
1804 ORDER 901 17 11 2 7 3
1807 ORDER 902 7 3 2 1 0
1809 ORDER 903 36 6 2 26 0
1810 ORDER 904 28 9 38 38 0
1811 ORDER 905 29 20 2 8 0
1812 ORDER 906 19 30 2 37 1
1813 UNBLOCK 9 27
1813 ORDER 907 41 26 2 3 1
1816 ORDER 908 9 33 8 38 0
1817 ORDER 909 42 12 3 4 1
1817 BLOCK 22 17
1820 ORDER 910 11 9 20 37 2
1821 ORDER 911 19 30 2 19 1
1823 ORDER 912 29 11 1 22 2
1824 ORDER 913 11 27 13 38 0
1831 ORDER 914 24 30 39 37 0
1833 ORDER 915 25 8 1 21 0
1835 ORDER 916 21 21 2 26 1
1836 ORDER 917 7 14 18 37 0
1837 UNBLOCK 32 21
1837 ORDER 918 18 6 2 36 0
1839 ORDER 919 25 35 42 37 0
1840 ORDER 920 9 20 1 11 0
1841 BLOCK 26 2
1842 ORDER 921 12 27 1 16 2
1845 ORDER 922 43 33 2 28 1
1847 ORDER 923 28 32 41 38 2
1848 ORDER 924 24 18 1 16 2
1851 ORDER 925 45 8 42 37 0
1851 BLOCK 6 32
1854 ORDER 926 25 33 2 5 0
1855 ORDER 927 39 35 13 37 1
1856 ORDER 928 7 8 13 37 1
1861 CANCEL 854
1865 ORDER 929 12 30 2 5 1
1867 ORDER 930 42 21 42 37 0
1869 ORDER 931 25 30 37 37 0
1870 UNBLOCK 22 36
1871 ORDER 932 35 18 1 15 0
1871 BLOCK 19 24
1872 ORDER 933 8 35 29 38 0
1873 ORDER 934 23 21 1 24 2
1876 UNBLOCK 27 6
1876 ORDER 935 24 14 3 26 0
1877 ORDER 936 27 11 25 37 1
1878 ORDER 937 22 32 1 10 1
1879 UNBLOCK 22 17
1879 ORDER 938 10 32 2 27 1
1882 ORDER 939 41 24 1 7 0
1886 ORDER 940 36 30 1 6 3
1887 ORDER 941 21 24 27 38 2
1889 ORDER 942 33 24 1 12 1
1890 ORDER 943 9 18 21 38 3
1891 ORDER 944 21 11 1 9 0
1893 ORDER 945 38 32 2 24 0
1894 ORDER 946 10 15 3 27 2
1895 ORDER 947 7 6 2 18 0
1897 ORDER 948 45 24 25 37 0
1900 ORDER 949 37 21 2 19 1
1901 ORDER 950 7 27 31 38 0
1903 ORDER 951 26 35 26 38 1
1904 ORDER 952 32 35 3 18 0
1905 ORDER 953 17 27 2 15 0
1906 ORDER 954 11 9 3 13 1
1907 ORDER 955 41 30 32 37 1
1908 ORDER 956 11 17 19 37 1
1910 ORDER 957 39 35 1 36 1
1911 ORDER 958 43 3 2 6 2
1913 CANCEL 950
1913 ORDER 959 10 35 2 29 0
1915 CANCEL 905
1915 ORDER 960 7 18 44 37 0
1916 ORDER 961 11 35 33 37 0
1919 ORDER 962 9 20 43 38 2
1923 UNBLOCK 40 9
1923 ORDER 963 39 32 3 37 0
1924 ORDER 964 9 3 6 38 0
1925 ORDER 965 29 8 8 38 0
1926 ORDER 966 8 11 3 13 0
1929 ORDER 967 35 35 3 17 1
1930 UNBLOCK 19 24
1931 ORDER 968 35 6 1 15 0
1933 ORDER 969 40 23 48 37 2
1935 ORDER 970 39 8 3 26 2
1937 CANCEL 879
1937 ORDER 971 34 20 7 37 0
1939 ORDER 972 41 32 21 38 2
1940 BLOCK 33 9
1942 ORDER 973 8 32 41 37 2
1943 ORDER 974 39 20 22 37 0
1945 ORDER 975 30 33 3 18 0
1946 ORDER 976 42 5 2 34 0
1948 ORDER 977 42 32 2 9 0
1949 UNBLOCK 6 32
1951 ORDER 978 18 18 21 37 1
1952 ORDER 979 16 17 3 19 0
1953 ORDER 980 39 26 35 37 0
1954 UNBLOCK 26 2
1954 ORDER 981 22 6 2 5 0
1957 ORDER 982 39 14 5 38 0
1960 ORDER 983 10 33 2 23 0
1963 ORDER 984 27 9 9 37 0
1965 ORDER 985 41 23 18 38 1
1965 CANCEL 100985
1973 ORDER 986 45 27 2 18 0
1975 ORDER 987 42 21 18 38 0
1977 ORDER 988 25 35 46 37 0
1981 ORDER 989 39 9 2 14 1
1982 ORDER 990 16 5 3 5 1
1983 ORDER 991 17 33 7 38 0
1984 ORDER 992 22 33 32 37 3
1986 ORDER 993 45 24 2 16 0
1991 ORDER 994 23 15 1 32 0
1992 ORDER 995 12 23 3 23 0
1993 UNBLOCK 33 9
1993 ORDER 996 37 12 3 1 1
1994 ORDER 997 37 12 1 24 0
1995 ORDER 998 13 23 6 37 0
1996 ORDER 999 11 21 2 30 0
1999 ORDER 1000 13 32 19 37 1
2001 ORDER 1001 21 26 29 37 0
2002 ORDER 1002 10 14 1 20 2
2004 ORDER 1003 18 23 45 37 0
2005 CANCEL 997
2005 ORDER 1004 6 33 1 33 0
2006 ORDER 1005 19 9 1 33 0
2009 ORDER 1006 45 12 3 23 0
2011 ORDER 1007 30 32 2 34 1
2013 ORDER 1008 14 26 3 12 2
2014 ORDER 1009 37 17 5 38 1
2016 BLOCK 22 17
2026 ORDER 1010 12 29 2 30 0
2027 ORDER 1011 33 32 23 38 0
2028 ORDER 1012 21 33 2 17 0
2029 ORDER 1013 30 15 1 6 1
2031 CANCEL 931
2032 CANCEL 991
2032 ORDER 1014 26 9 40 38 1
2033 ORDER 1015 33 30 42 38 0
2037 ORDER 1016 8 15 1 29 1
2038 ORDER 1017 42 30 23 37 0
2039 ORDER 1018 20 11 3 12 0
2040 ORDER 1019 42 5 2 32 2
2042 ORDER 1020 14 8 3 22 0
2043 ORDER 1021 25 18 45 37 0
2044 ORDER 1022 36 12 3 14 1
2045 UNBLOCK 22 17
2046 ORDER 1023 19 23 2 10 0
2047 ORDER 1024 27 15 3 7 3
2048 ORDER 1025 21 17 1 24 1
2053 CANCEL 1022
2054 BLOCK 18 11
2055 ORDER 1026 6 21 16 38 0
2065 ORDER 1027 9 30 11 37 2
2068 ORDER 1028 39 17 44 38 0
2074 ORDER 1029 28 24 1 1 0
2076 ORDER 1030 11 17 32 37 0
2077 ORDER 1031 25 8 1 35 0
2082 ORDER 1032 19 32 2 18 0
2083 ORDER 1033 16 6 32 38 0
2084 ORDER 1034 36 33 3 9 0
2088 ORDER 1035 42 15 14 37 0
2089 ORDER 1036 41 29 2 34 0
2090 ORDER 1037 43 27 2 12 0
2092 BLOCK 41 6
2093 ORDER 1038 42 26 19 38 1
2095 ORDER 1039 11 6 1 6 0
2096 ORDER 1040 39 30 13 37 0
2098 ORDER 1041 42 18 14 38 0
2099 ORDER 1042 23 12 2 9 1
2101 ORDER 1043 22 5 3 22 1
2103 ORDER 1044 9 11 3 22 0
2103 BLOCK 25 37
2104 ORDER 1045 23 5 19 38 0
2105 ORDER 1046 27 9 3 20 1
2107 ORDER 1047 38 5 2 14 1
2110 ORDER 1048 33 9 3 26 0
2113 ORDER 1049 19 33 1 27 0
2117 ORDER 1050 25 35 2 30 0
2118 ORDER 1051 8 5 3 13 0
2120 ORDER 1052 40 24 3 24 2
2121 ORDER 1053 10 26 2 8 0
2123 ORDER 1054 37 8 2 25 0
2124 ORDER 1055 23 3 2 31 0
2125 ORDER 1056 29 5 3 7 2
2127 ORDER 1057 10 18 1 16 1
2128 ORDER 1058 24 24 10 37 3
2129 ORDER 1059 31 24 3 20 0
2131 ORDER 1060 36 6 39 38 0
2131 BLOCK 22 20
2132 ORDER 1061 21 3 2 19 2
2133 ORDER 1062 19 5 3 22 1
2136 CANCEL 1051
2137 ORDER 1063 7 14 2 32 0
2138 ORDER 1064 13 21 2 13 0
2139 ORDER 1065 11 27 45 38 0
2139 BLOCK 18 2
2140 ORDER 1066 28 6 3 2 0
2140 BLOCK 6 18
2141 ORDER 1067 45 35 39 38 2
2143 ORDER 1068 15 14 14 38 0
2143 BLOCK 39 11
2144 ORDER 1069 6 20 47 37 1
2145 ORDER 1070 42 23 1 25 0
2146 ORDER 1071 17 18 42 38 1
2150 ORDER 1072 30 33 1 36 1
2151 ORDER 1073 32 11 2 22 1
2153 ORDER 1074 35 27 3 13 0
2154 ORDER 1075 28 20 2 12 0
2156 ORDER 1076 41 27 27 38 1
2159 ORDER 1077 22 33 1 6 0
2163 UNBLOCK 18 2
2163 ORDER 1078 37 11 2 14 0
2164 ORDER 1079 6 8 2 3 2
2165 ORDER 1080 42 9 4 37 1
2168 ORDER 1081 22 35 3 26 0
2169 ORDER 1082 37 3 2 7 1
2171 ORDER 1083 9 33 2 25 0
2172 ORDER 1084 6 20 27 37 0
2173 ORDER 1085 44 6 1 25 2
2173 BLOCK 19 18
2176 UNBLOCK 25 37
2177 ORDER 1086 24 24 8 38 1
2178 UNBLOCK 18 11
2178 ORDER 1087 15 14 1 30 1
2180 ORDER 1088 8 11 24 38 3
2182 ORDER 1089 18 9 38 37 1
2186 ORDER 1090 40 15 3 30 3
2187 ORDER 1091 10 12 3 25 0
2189 ORDER 1092 35 29 22 37 1
2191 ORDER 1093 45 12 16 38 0
2193 BLOCK 31 1
2194 ORDER 1094 17 5 40 37 1
2196 ORDER 1095 22 23 1 16 1
2197 ORDER 1096 16 35 3 25 0
2197 BLOCK 5 5
2198 ORDER 1097 18 18 3 13 2
2200 ORDER 1098 17 35 22 38 0
2201 CANCEL 1072
2202 ORDER 1099 12 11 2 11 0
2203 ORDER 1100 6 18 2 7 1
2206 BLOCK 19 21
2207 ORDER 1101 9 8 33 37 2
2208 UNBLOCK 6 18
2209 ORDER 1102 20 26 1 2 0
2210 ORDER 1103 29 26 3 14 0
2212 UNBLOCK 22 20
2212 ORDER 1104 28 26 1 27 1
2213 ORDER 1105 24 20 3 3 3
2214 ORDER 1106 41 18 3 7 1
2216 ORDER 1107 26 6 44 37 0
2217 ORDER 1108 32 29 2 4 1
2219 ORDER 1109 33 26 1 19 1
2220 BLOCK 35 36
2221 UNBLOCK 5 5
2225 ORDER 1110 7 12 1 27 0
2226 ORDER 1111 26 5 2 24 0
2228 ORDER 1112 10 21 2 38 0
2229 ORDER 1113 19 26 1 26 0
2229 BLOCK 32 32
2235 ORDER 1114 35 6 3 32 0
2236 UNBLOCK 41 6
2236 ORDER 1115 41 30 30 37 0
2238 UNBLOCK 31 1
2239 ORDER 1116 10 26 3 28 0
2240 CANCEL 1084
2243 ORDER 1117 31 5 8 38 0
2244 ORDER 1118 13 26 2 37 0
2249 ORDER 1119 32 29 37 38 2
2251 ORDER 1120 22 18 5 37 0
2252 ORDER 1121 20 5 16 37 3
2254 ORDER 1122 40 5 2 21 1
2255 ORDER 1123 28 5 38 38 0
2258 ORDER 1124 15 33 8 37 0
2260 ORDER 1125 22 35 27 37 1
2260 BLOCK 16 19
2261 ORDER 1126 9 26 3 10 1
2262 UNBLOCK 19 21
2262 ORDER 1127 34 29 2 20 2
2263 ORDER 1128 43 32 2 31 1
2264 BLOCK 15 25
2265 UNBLOCK 35 36
2265 ORDER 1129 32 32 12 37 0
2266 ORDER 1130 41 20 2 2 1
2268 ORDER 1131 29 9 1 10 0
2270 ORDER 1132 10 29 28 38 2
2271 ORDER 1133 21 30 10 37 1
2272 ORDER 1134 41 3 41 38 2
2273 ORDER 1135 37 17 19 38 0
2275 ORDER 1136 19 27 33 38 1
2276 CANCEL 1055
2280 UNBLOCK 16 19
2280 ORDER 1137 7 15 3 18 1
2282 ORDER 1138 7 15 3 21 1
2283 UNBLOCK 39 11
2283 ORDER 1139 42 15 2 30 1
2284 BLOCK 17 21
2287 ORDER 1140 45 14 43 37 3
2289 ORDER 1141 43 17 3 7 0
2294 ORDER 1142 13 11 26 38 1
2295 BLOCK 29 23
2296 ORDER 1143 15 5 3 29 0
2299 ORDER 1144 7 29 3 21 0
2301 ORDER 1145 29 26 16 38 1
2304 ORDER 1146 28 29 2 12 0
2306 ORDER 1147 25 18 37 38 2
2307 ORDER 1148 18 30 29 37 0
2311 ORDER 1149 9 26 2 26 0
2312 ORDER 1150 26 11 4 37 0
2314 ORDER 1151 6 24 3 25 0
2317 ORDER 1152 38 26 44 37 1
2318 UNBLOCK 19 18
2319 ORDER 1153 30 17 2 18 1
2319 BLOCK 7 20
2321 UNBLOCK 15 25
2321 ORDER 1154 17 20 4 37 0
2323 ORDER 1155 6 23 21 37 0
2324 ORDER 1156 19 30 3 35 3
2326 ORDER 1157 44 17 2 36 0
2328 ORDER 1158 30 5 1 15 0
2331 ORDER 1159 39 9 44 37 0
2332 ORDER 1160 18 35 47 37 1
2333 ORDER 1161 41 29 10 37 0
2334 UNBLOCK 17 21
2334 ORDER 1162 8 15 2 7 0
2335 ORDER 1163 38 6 3 27 0
2336 ORDER 1164 9 9 1 10 0
2338 ORDER 1165 39 24 2 33 0
2340 ORDER 1166 36 20 28 37 0
2342 ORDER 1167 45 27 1 10 0
2345 ORDER 1168 23 9 33 37 0
2346 ORDER 1169 39 5 3 15 0
2347 ORDER 1170 31 17 2 29 0
2348 ORDER 1171 32 8 8 37 0
2349 ORDER 1172 30 26 1 3 1
2350 ORDER 1173 10 9 1 2 1
2352 BLOCK 10 8
2353 CANCEL 1154
2355 ORDER 1174 26 21 3 32 1
2356 ORDER 1175 43 17 2 29 0
2357 ORDER 1176 16 5 1 25 0
2358 ORDER 1177 21 5 17 38 0
2359 ORDER 1178 39 17 12 38 2
2360 UNBLOCK 32 32
2363 ORDER 1179 27 24 35 37 1
2364 ORDER 1180 19 12 3 30 0
2366 ORDER 1181 33 30 2 30 0
2368 ORDER 1182 35 20 3 30 0
2370 ORDER 1183 8 24 1 29 0
2371 ORDER 1184 22 5 44 38 1
2373 ORDER 1185 31 21 40 38 0
2374 ORDER 1186 27 33 5 38 0
2381 ORDER 1187 14 18 31 38 2
2382 UNBLOCK 10 8
2383 ORDER 1188 9 32 26 38 0
2384 ORDER 1189 6 32 2 4 0
2386 ORDER 1190 8 20 44 37 2
2387 ORDER 1191 38 35 2 27 0
2388 ORDER 1192 34 5 1 33 1
2389 ORDER 1193 41 32 2 34 0
2389 BLOCK 34 27
2391 ORDER 1194 28 17 28 38 0
2395 ORDER 1195 22 23 2 17 0
2395 BLOCK 29 11
2396 ORDER 1196 11 33 6 38 1
2398 UNBLOCK 29 23
2398 ORDER 1197 33 17 3 12 0
2400 ORDER 1198 21 27 32 38 0
2401 ORDER 1199 26 21 2 7 2
2403 ORDER 1200 26 14 43 37 0
2404 BLOCK 15 17
2405 ORDER 1201 17 17 28 37 0
2406 BLOCK 41 17
2407 ORDER 1202 21 33 2 26 1
2408 ORDER 1203 33 3 3 36 1
2411 CANCEL 1127
2411 ORDER 1204 19 27 1 23 2
2412 ORDER 1205 14 11 2 34 1
2413 ORDER 1206 43 33 3 14 0
2415 ORDER 1207 45 20 1 8 0
2418 ORDER 1208 24 14 23 37 1
2420 ORDER 1209 32 8 22 38 3
2421 ORDER 1210 16 6 2 27 2
2425 CANCEL 1203
2427 ORDER 1211 24 29 31 37 0
2432 BLOCK 8 35
2433 ORDER 1212 43 24 37 37 0
2434 ORDER 1213 43 3 3 1 0
2435 ORDER 1214 26 12 42 37 0
2438 ORDER 1215 29 21 1 10 2
2439 ORDER 1216 17 14 3 32 0
2442 ORDER 1217 44 15 1 4 0
2443 UNBLOCK 29 11
2444 ORDER 1218 23 29 43 38 1
2445 UNBLOCK 15 17
2448 ORDER 1219 17 9 3 9 0
2449 ORDER 1220 33 29 47 37 0
2449 BLOCK 31 17
2451 ORDER 1221 27 17 2 13 0
2453 ORDER 1222 43 26 3 31 0
2454 ORDER 1223 16 17 43 38 0
2455 UNBLOCK 7 20
2458 ORDER 1224 39 33 20 38 0
2460 ORDER 1225 20 8 2 30 0
2461 ORDER 1226 7 5 40 38 0
2464 ORDER 1227 28 29 27 38 0
2466 BLOCK 43 21
2467 ORDER 1228 41 21 11 38 1
2468 ORDER 1229 37 24 18 38 0
2469 ORDER 1230 42 18 45 37 2
2473 ORDER 1231 40 30 28 37 0
2474 ORDER 1232 42 5 35 38 0
2478 ORDER 1233 6 3 35 38 1
2480 ORDER 1234 25 18 27 38 2
2483 ORDER 1235 16 23 3 21 1
2485 BLOCK 34 18
2490 CANCEL 1191
2491 UNBLOCK 41 17
2491 ORDER 1236 41 27 21 38 3
2492 ORDER 1237 6 6 4 37 2
2493 UNBLOCK 43 21
2493 ORDER 1238 9 26 14 37 1
2494 ORDER 1239 10 17 3 17 0
2495 ORDER 1240 20 20 46 38 1
2496 CANCEL 1230
2496 ORDER 1241 9 3 2 31 0
2497 UNBLOCK 8 35
2498 ORDER 1242 42 14 3 5 0
2500 ORDER 1243 17 12 1 20 1
2504 ORDER 1244 10 12 44 38 1
2506 UNBLOCK 31 17
2508 UNBLOCK 34 18
2508 ORDER 1245 22 20 3 12 3
2509 ORDER 1246 28 21 1 10 0
2510 ORDER 1247 17 20 21 37 1
2511 UNBLOCK 34 27
2512 ORDER 1248 45 33 2 20 0
2514 ORDER 1249 25 32 3 24 0
2515 ORDER 1250 8 31 1 36 0
2518 ORDER 1251 22 27 3 29 2
2518 BLOCK 22 9
2524 ORDER 1252 21 35 1 9 3
2526 ORDER 1253 14 9 1 38 0
2533 ORDER 1254 26 21 1 38 1
2534 ORDER 1255 18 15 15 37 0
2537 ORDER 1256 28 21 3 2 0
2538 ORDER 1257 30 33 2 30 0
2539 ORDER 1258 32 26 2 32 0
2540 ORDER 1259 9 8 24 37 0
2541 ORDER 1260 25 20 3 32 1
2542 ORDER 1261 28 11 2 14 0
2543 ORDER 1262 44 26 2 31 3
2545 ORDER 1263 20 18 43 38 1
2547 ORDER 1264 37 33 1 36 0
2548 ORDER 1265 24 17 2 13 0
2548 BLOCK 43 2
2550 CANCEL 1241
2551 ORDER 1266 23 26 2 8 2
2552 BLOCK 31 11
2553 CANCEL 1246
2554 ORDER 1267 19 6 1 32 0
2556 ORDER 1268 17 5 2 24 0
2562 ORDER 1269 37 23 1 16 0
2563 ORDER 1270 12 5 2 37 2
2564 ORDER 1271 6 5 2 27 0
2564 BLOCK 28 20
2568 ORDER 1272 20 24 1 25 0
2572 ORDER 1273 11 35 1 6 0
2573 ORDER 1274 35 20 1 18 3
2574 ORDER 1275 19 12 33 38 1
2576 ORDER 1276 39 5 34 37 0
2577 CANCEL 1255
2580 BLOCK 35 35
2581 ORDER 1277 29 21 27 37 0
2582 ORDER 1278 38 24 9 38 0
2583 ORDER 1279 21 18 34 38 0
2584 ORDER 1280 29 23 5 37 0
2585 ORDER 1281 33 32 3 23 0
2587 ORDER 1282 40 35 3 27 0
2588 ORDER 1283 35 14 1 5 2
2589 ORDER 1284 21 9 25 37 0
2591 ORDER 1285 23 11 2 36 1
2592 ORDER 1286 23 14 2 1 1
2594 ORDER 1287 30 26 31 37 0
2595 ORDER 1288 20 12 7 38 1
2599 UNBLOCK 43 2
2600 ORDER 1289 37 23 42 38 0
2602 ORDER 1290 21 30 11 37 0
2603 ORDER 1291 9 14 2 11 0
2604 ORDER 1292 43 27 1 15 0
2605 ORDER 1293 31 14 46 37 0
2606 ORDER 1294 31 11 18 37 1
2606 BLOCK 34 36
2608 ORDER 1295 11 6 2 3 0
2609 ORDER 1296 28 11 30 38 0
2611 ORDER 1297 19 5 26 38 0
2612 ORDER 1298 17 18 36 38 0
2613 ORDER 1299 10 23 48 38 0
2614 ORDER 1300 31 29 2 19 0
2616 ORDER 1301 42 14 21 38 1
2618 ORDER 1302 32 29 14 38 0
2623 UNBLOCK 35 35
2623 ORDER 1303 43 9 3 3 1
2624 ORDER 1304 23 27 3 5 0
2625 ORDER 1305 37 26 3 8 0
2626 CANCEL 1271
2626 BLOCK 31 11
2627 ORDER 1306 31 9 2 22 0
2628 ORDER 1307 22 20 3 7 0
2629 ORDER 1308 37 15 1 35 0
2630 ORDER 1309 11 29 25 37 1
2633 ORDER 1310 24 14 3 36 0
2635 UNBLOCK 22 9
2635 ORDER 1311 39 8 39 38 0
2638 ORDER 1312 28 14 24 37 1
2639 ORDER 1313 6 27 2 14 0
2640 ORDER 1314 13 11 18 38 0
2641 ORDER 1315 9 33 9 37 2
2643 ORDER 1316 22 8 47 37 0
2646 ORDER 1317 30 3 23 38 0
2647 UNBLOCK 31 11
2649 ORDER 1318 43 33 3 37 0
2651 ORDER 1319 10 21 26 37 0
2653 ORDER 1320 32 9 2 31 1
2654 ORDER 1321 6 33 34 38 0
2655 ORDER 1322 34 27 2 19 0
2658 ORDER 1323 7 26 3 27 2
2660 ORDER 1324 21 11 33 37 0
2661 ORDER 1325 29 9 3 13 1
2664 ORDER 1326 21 24 3 15 1
2668 ORDER 1327 19 3 18 37 1
2670 ORDER 1328 20 8 12 37 1
2671 ORDER 1329 45 27 3 13 1
2673 UNBLOCK 31 11
2677 ORDER 1330 38 32 3 20 0
2683 ORDER 1331 29 33 2 9 0
2685 ORDER 1332 7 12 45 37 0
2688 ORDER 1333 7 8 3 10 0
2689 ORDER 1334 9 33 7 37 0
2690 ORDER 1335 24 18 41 37 0
2694 CANCEL 1245
2694 ORDER 1336 29 20 14 38 0
2695 ORDER 1337 28 3 1 5 0
2696 UNBLOCK 34 36
2698 ORDER 1338 17 5 1 36 0
2699 ORDER 1339 33 15 19 38 1
2700 UNBLOCK 28 20
2700 ORDER 1340 23 21 6 38 0
2701 ORDER 1341 28 20 8 38 0
2702 ORDER 1342 24 12 3 9 1
2705 ORDER 1343 20 9 3 24 0
2709 ORDER 1344 22 32 22 37 1
2716 ORDER 1345 10 15 41 38 0
2718 ORDER 1346 41 20 3 27 0
2721 ORDER 1347 7 29 1 10 0
2724 ORDER 1348 25 20 1 1 1
2725 ORDER 1349 43 11 1 34 2
2730 ORDER 1350 20 17 3 2 0
2731 ORDER 1351 9 35 16 38 0
2732 ORDER 1352 28 11 40 37 1
2733 ORDER 1353 33 27 20 38 1
2734 ORDER 1354 42 18 14 37 1
2735 ORDER 1355 33 18 30 37 0
2737 ORDER 1356 21 33 43 38 2
2739 ORDER 1357 12 26 18 38 0
2740 ORDER 1358 16 5 1 3 1
2741 ORDER 1359 9 5 2 9 1
2742 ORDER 1360 16 23 34 38 2
2744 ORDER 1361 42 5 15 37 1
2746 ORDER 1362 28 3 47 38 0
2749 ORDER 1363 32 26 3 30 2
2750 ORDER 1364 23 12 2 34 0
2752 ORDER 1365 12 9 2 3 2
2752 BLOCK 21 37
2755 ORDER 1366 29 30 26 37 0
2756 ORDER 1367 22 24 42 37 3
2758 ORDER 1368 27 21 1 19 0
2760 ORDER 1369 36 9 2 32 1
2761 ORDER 1370 37 17 24 37 1
2763 ORDER 1371 19 8 1 24 0
2764 ORDER 1372 19 5 1 26 0
2765 CANCEL 1364
2767 ORDER 1373 25 20 39 37 0
2768 ORDER 1374 29 8 3 1 0
2769 ORDER 1375 43 20 2 13 0
2770 ORDER 1376 25 12 2 18 0
2772 ORDER 1377 31 3 1 36 0
2774 ORDER 1378 24 26 2 7 1
2777 CANCEL 1339
2778 ORDER 1379 9 27 27 37 0
2780 ORDER 1380 6 30 3 38 1
2781 ORDER 1381 41 12 2 17 0
2782 ORDER 1382 23 24 1 28 1
2783 ORDER 1383 26 5 2 9 1
2787 ORDER 1384 44 34 17 37 3
2790 ORDER 1385 29 14 48 38 0
2791 ORDER 1386 18 8 2 14 1
2794 ORDER 1387 42 5 2 27 2
2795 ORDER 1388 20 11 40 37 1
2796 ORDER 1389 40 15 2 35 0
2798 ORDER 1390 15 14 22 38 0
2800 CANCEL 1305
2800 ORDER 1391 20 15 1 26 3
2801 ORDER 1392 28 5 3 28 0
2802 ORDER 1393 40 23 46 38 0
2804 ORDER 1394 18 6 3 30 1
2805 ORDER 1395 33 20 2 2 0
2807 CANCEL 101395
2810 ORDER 1396 27 34 3 13 0
2812 ORDER 1397 7 20 24 38 2
2815 BLOCK 34 12
2816 ORDER 1398 11 17 2 14 0
2817 ORDER 1399 18 9 40 37 0
2818 ORDER 1400 20 18 2 20 1
2819 ORDER 1401 20 14 16 38 0
2823 CANCEL 1345
2824 ORDER 1402 44 33 2 30 2
2825 ORDER 1403 32 17 3 19 0
2826 ORDER 1404 9 18 29 37 2
2827 ORDER 1405 14 18 48 38 0
2828 ORDER 1406 20 6 2 17 1
2830 CANCEL 1402
2834 UNBLOCK 21 37
2840 ORDER 1407 9 3 34 38 1
2842 ORDER 1408 30 23 3 37 0
2844 ORDER 1409 43 17 1 38 0
2847 ORDER 1410 40 33 44 38 1
2848 ORDER 1411 40 23 2 23 1
2850 ORDER 1412 36 6 29 38 0
2851 ORDER 1413 44 3 3 36 0
2852 ORDER 1414 33 24 3 28 3
2854 ORDER 1415 19 5 2 25 0
2855 ORDER 1416 45 14 2 35 0
2857 ORDER 1417 34 24 46 37 0
2858 ORDER 1418 16 23 3 35 1
2861 ORDER 1419 36 8 39 38 0
2863 ORDER 1420 11 18 26 38 0
2864 ORDER 1421 45 29 2 34 1
2865 ORDER 1422 29 3 2 27 1
2866 ORDER 1423 17 35 31 37 0
2867 ORDER 1424 20 20 1 18 1
2872 ORDER 1425 8 26 2 17 0
2872 BLOCK 28 1
2873 ORDER 1426 11 20 48 38 1
2876 UNBLOCK 34 12
2877 ORDER 1427 25 20 19 37 3
2877 BLOCK 13 24
2878 ORDER 1428 9 17 29 38 0
2879 ORDER 1429 43 35 36 37 0
2882 CANCEL 1343
2882 ORDER 1430 19 14 1 34 1
2889 ORDER 1431 14 30 29 38 0
2896 ORDER 1432 31 11 1 26 3
2898 ORDER 1433 43 24 3 29 1
2902 ORDER 1434 37 9 10 37 0
2903 ORDER 1435 42 3 1 14 0
2904 CANCEL 1398
2906 CANCEL 1357
2906 ORDER 1436 25 30 3 31 1
2908 ORDER 1437 25 35 1 34 0
2910 ORDER 1438 11 5 1 31 1
2912 ORDER 1439 29 5 43 37 0
2913 ORDER 1440 20 30 1 1 0
2914 ORDER 1441 20 9 17 37 0
2917 ORDER 1442 21 27 35 38 0
2918 ORDER 1443 39 33 24 38 1
2922 ORDER 1444 24 15 26 37 1
2923 ORDER 1445 41 3 39 38 0
2925 UNBLOCK 28 1
2926 ORDER 1446 27 34 2 12 0
2928 ORDER 1447 34 17 2 2 0
2932 ORDER 1448 6 26 2 15 1
2933 ORDER 1449 10 6 2 34 1
2934 ORDER 1450 25 8 42 37 0
2934 BLOCK 31 3
2935 BLOCK 9 3
2936 ORDER 1451 10 33 1 15 1
2937 ORDER 1452 42 21 2 14 0
2943 CANCEL 1384
2944 ORDER 1453 38 35 3 26 0
2945 ORDER 1454 26 21 36 37 1
2948 ORDER 1455 38 12 2 33 0
2949 ORDER 1456 27 14 1 32 1
2950 CANCEL 1380
2953 ORDER 1457 8 11 1 25 0
2956 ORDER 1458 35 20 31 38 1
2957 ORDER 1459 11 21 2 12 0
2959 ORDER 1460 42 32 2 10 3
2961 ORDER 1461 11 26 1 30 0
2964 ORDER 1462 12 32 1 17 2
2965 ORDER 1463 22 9 1 18 0
2966 ORDER 1464 35 27 3 13 2
2968 ORDER 1465 31 17 2 24 2
2969 ORDER 1466 19 35 8 38 0
2971 ORDER 1467 11 21 45 37 1
2973 UNBLOCK 13 24
2973 ORDER 1468 28 6 2 21 1
2976 ORDER 1469 12 35 1 15 0
2978 ORDER 1470 30 33 3 19 0
2980 ORDER 1471 27 26 3 16 0
2982 ORDER 1472 16 12 3 4 1
2984 ORDER 1473 30 8 3 4 0
2985 ORDER 1474 20 26 38 38 0
2985 BLOCK 44 18
2987 ORDER 1475 21 27 2 9 2
2990 ORDER 1476 14 6 1 28 0
2991 ORDER 1477 21 33 1 4 0
2992 ORDER 1478 24 12 2 16 1
2994 UNBLOCK 9 3
2997 CANCEL 1428
2997 ORDER 1479 18 20 1 3 0
2998 ORDER 1480 38 3 40 37 0
2999 ORDER 1481 11 3 3 27 0
3000 UNBLOCK 31 3
3002 ORDER 1482 42 26 2 3 0
3006 ORDER 1483 9 20 40 38 0
3008 BLOCK 22 2
3009 ORDER 1484 42 29 24 37 0
3010 ORDER 1485 12 35 21 38 2
3011 ORDER 1486 38 21 30 37 0
3012 ORDER 1487 19 5 45 37 0
3012 BLOCK 40 1
3017 ORDER 1488 29 12 26 37 0
3018 ORDER 1489 42 30 9 37 0
3020 ORDER 1490 30 24 3 5 0
3022 ORDER 1491 14 18 2 23 0
3023 ORDER 1492 19 14 1 36 3
3024 ORDER 1493 11 14 3 6 0
3025 ORDER 1494 6 30 4 38 0
3027 ORDER 1495 36 30 2 15 1
3029 BLOCK 45 24
3031 ORDER 1496 40 32 39 38 1
3032 ORDER 1497 19 3 2 18 0
3033 ORDER 1498 40 18 1 9 0
3034 ORDER 1499 16 3 1 20 0
3034 BLOCK 25 29
3035 ORDER 1500 34 12 1 14 0
3038 ORDER 1501 25 35 3 33 1
3041 ORDER 1502 44 17 23 37 0
3042 ORDER 1503 29 33 2 9 0
3043 ORDER 1504 13 20 41 37 1
3044 ORDER 1505 26 3 2 35 0
3046 ORDER 1506 38 11 19 38 0
3047 ORDER 1507 28 15 44 37 0
3048 ORDER 1508 43 3 2 23 1
3051 ORDER 1509 15 35 3 37 1
3052 BLOCK 44 20
3056 ORDER 1510 11 24 20 38 2
3057 UNBLOCK 40 1
3057 ORDER 1511 23 3 3 30 1
3059 ORDER 1512 11 15 24 37 3
3064 UNBLOCK 22 2
3064 ORDER 1513 28 15 3 8 0
3065 ORDER 1514 7 24 1 37 3
3068 ORDER 1515 9 8 2 33 0
3069 BLOCK 31 29
3073 ORDER 1516 45 23 8 38 0
3074 ORDER 1517 16 17 2 1 0
3076 ORDER 1518 16 35 9 38 1
3078 ORDER 1519 20 8 43 38 1
3079 ORDER 1520 34 5 1 17 0
3080 ORDER 1521 27 14 2 26 0
3083 ORDER 1522 40 14 30 37 0
3084 ORDER 1523 14 14 3 9 1
3085 ORDER 1524 13 21 1 37 0
3086 ORDER 1525 36 29 1 36 0
3088 ORDER 1526 37 35 14 37 2
3091 ORDER 1527 16 6 19 38 0
3093 UNBLOCK 44 18
3093 ORDER 1528 15 6 1 19 0
3094 ORDER 1529 38 3 1 18 3
3095 UNBLOCK 25 29
3095 ORDER 1530 28 14 44 38 0
3099 ORDER 1531 28 20 2 20 1
3105 ORDER 1532 14 20 3 31 0
3106 ORDER 1533 41 5 1 3 0
3107 ORDER 1534 29 33 42 37 1
3108 ORDER 1535 24 29 31 38 0
3108 CANCEL 101535
3109 ORDER 1536 25 30 29 37 0
3110 ORDER 1537 9 33 45 37 1
3111 ORDER 1538 23 26 38 38 0
3112 ORDER 1539 34 23 43 38 0
3112 BLOCK 25 23
3113 ORDER 1540 26 23 24 38 0
3114 ORDER 1541 43 30 19 37 0
3116 ORDER 1542 14 9 3 24 0
3122 ORDER 1543 17 3 32 38 0
3125 ORDER 1544 35 29 1 21 0
3127 ORDER 1545 45 12 16 37 0
3128 ORDER 1546 26 3 28 38 1
3131 ORDER 1547 30 32 1 29 1
3132 BLOCK 19 9
3133 ORDER 1548 41 6 1 20 0
3135 ORDER 1549 21 20 2 11 0
3137 ORDER 1550 40 18 3 36 0
3140 ORDER 1551 29 24 46 38 0
3141 ORDER 1552 16 5 10 37 0
3147 ORDER 1553 28 33 3 29 1
3149 ORDER 1554 39 9 2 18 0
3150 ORDER 1555 27 21 14 37 1
3151 ORDER 1556 7 35 2 38 0
3152 ORDER 1557 11 9 26 37 0
3155 ORDER 1558 40 14 3 9 1
3157 ORDER 1559 24 12 2 21 0
3159 ORDER 1560 36 29 1 12 0
3161 ORDER 1561 44 24 44 37 0
3162 ORDER 1562 32 11 45 38 2
3163 UNBLOCK 31 29
3163 ORDER 1563 32 17 28 38 0
3164 ORDER 1564 33 24 18 37 3
3166 UNBLOCK 44 20
3168 ORDER 1565 39 16 15 38 0
3168 BLOCK 28 2
3169 BLOCK 44 10
3170 ORDER 1566 21 5 11 38 0
3171 ORDER 1567 36 32 3 8 0
3173 ORDER 1568 34 15 1 30 0
3174 UNBLOCK 45 24
3178 ORDER 1569 31 3 41 38 0
3180 ORDER 1570 39 20 23 38 0
3181 ORDER 1571 10 15 34 37 3
3183 ORDER 1572 36 6 17 37 1
3184 ORDER 1573 18 32 3 27 1
3186 ORDER 1574 16 6 42 38 0
3187 CANCEL 101574
3189 ORDER 1575 26 3 1 38 1
3190 ORDER 1576 38 24 2 36 2
3191 ORDER 1577 6 32 3 35 0
3192 ORDER 1578 11 23 3 13 0
3193 ORDER 1579 22 9 3 24 0
3195 ORDER 1580 34 29 2 4 0
3196 ORDER 1581 31 9 7 37 1
3197 ORDER 1582 20 29 1 33 2
3198 UNBLOCK 44 10
3199 ORDER 1583 40 3 26 38 0
3203 CANCEL 1520
3204 UNBLOCK 25 23
3205 ORDER 1584 26 8 1 6 0
3208 ORDER 1585 24 14 21 38 0
3210 ORDER 1586 7 32 27 37 2
3211 BLOCK 24 24
3212 ORDER 1587 12 29 2 18 0
3215 CANCEL 1570
3215 ORDER 1588 40 5 2 1 1
3219 ORDER 1589 12 20 20 38 0
3220 ORDER 1590 34 24 34 37 0
3223 ORDER 1591 22 6 18 37 0
3224 ORDER 1592 32 15 3 38 1
3225 ORDER 1593 38 35 1 34 0
3226 ORDER 1594 21 35 2 21 0
3227 UNBLOCK 19 9
3227 ORDER 1595 21 33 1 18 1
3230 ORDER 1596 32 8 45 38 1
3231 ORDER 1597 20 11 2 5 1
3233 ORDER 1598 22 17 1 15 0
3234 ORDER 1599 39 12 2 1 0
3235 ORDER 1600 23 24 15 38 0
3236 ORDER 1601 11 23 3 12 2
3237 UNBLOCK 24 24
3237 ORDER 1602 21 21 2 30 0
3238 ORDER 1603 45 35 1 27 0
3239 ORDER 1604 20 26 1 31 0
3240 ORDER 1605 10 5 38 37 0
3242 ORDER 1606 10 35 3 29 0
3243 ORDER 1607 21 11 32 37 0
3243 BLOCK 24 37
3244 ORDER 1608 33 26 3 14 0
3246 ORDER 1609 39 3 4 38 0
3247 ORDER 1610 29 5 28 37 0
3248 ORDER 1611 45 8 3 25 0
3250 ORDER 1612 45 20 36 37 0
3250 BLOCK 30 32
3251 ORDER 1613 18 35 41 37 1
3251 BLOCK 21 36
3254 ORDER 1614 13 15 34 38 0
3254 BLOCK 30 17
3256 ORDER 1615 11 21 6 38 0
3257 ORDER 1616 31 8 9 37 0
3257 BLOCK 20 33
3260 UNBLOCK 28 2
3261 ORDER 1617 20 11 1 12 0
3267 ORDER 1618 8 8 24 38 0
3268 ORDER 1619 12 5 2 25 0
3273 ORDER 1620 18 24 1 22 0
3276 ORDER 1621 28 30 2 36 0
3280 ORDER 1622 25 35 3 31 0
3280 BLOCK 42 20
3283 ORDER 1623 29 23 2 5 1
3285 ORDER 1624 30 8 3 30 2
3286 CANCEL 1615
3286 ORDER 1625 17 32 3 21 0
3288 ORDER 1626 20 33 10 38 1
3289 ORDER 1627 10 29 3 13 0
3290 ORDER 1628 20 11 3 37 3
3291 ORDER 1629 39 11 8 37 0
3293 ORDER 1630 25 18 2 10 1
3295 ORDER 1631 28 35 2 38 1
3296 ORDER 1632 16 15 30 38 0
3297 ORDER 1633 43 3 3 30 0
3302 ORDER 1634 29 28 1 21 3
3303 ORDER 1635 34 20 2 21 1
3305 ORDER 1636 19 35 3 11 2
3307 ORDER 1637 8 20 1 36 0
3308 ORDER 1638 41 32 33 37 0
3310 ORDER 1639 43 20 2 8 0
3312 ORDER 1640 8 32 25 38 1
3314 ORDER 1641 7 11 3 23 0
3318 ORDER 1642 11 17 3 10 1
3323 ORDER 1643 39 32 7 38 3
3324 ORDER 1644 23 11 33 37 0
3325 ORDER 1645 21 33 3 6 3
3327 ORDER 1646 6 9 48 37 0
3328 BLOCK 10 15
3330 CANCEL 1577
3330 ORDER 1647 28 24 3 9 1
3331 ORDER 1648 30 12 10 38 2
3332 ORDER 1649 21 18 48 38 1
3333 ORDER 1650 42 11 8 38 0
3334 ORDER 1651 43 33 41 37 0
3336 ORDER 1652 17 3 8 37 1
3343 ORDER 1653 33 9 17 38 0
3343 BLOCK 27 12
3344 ORDER 1654 39 32 42 38 1
3345 CANCEL 1625
3345 ORDER 1655 23 26 1 33 0
3346 ORDER 1656 28 17 1 27 0
3347 ORDER 1657 39 6 19 37 0
3350 ORDER 1658 8 11 3 11 3
3354 ORDER 1659 28 8 3 17 1
3356 UNBLOCK 42 20
3359 ORDER 1660 25 20 39 38 1
3360 ORDER 1661 42 20 9 37 1
3362 ORDER 1662 18 6 25 38 0
3363 ORDER 1663 38 15 8 37 1
3364 ORDER 1664 9 6 1 34 3
3365 UNBLOCK 24 37
3365 ORDER 1665 31 33 3 17 0
3366 ORDER 1666 22 11 33 37 1
3370 UNBLOCK 10 15
3370 ORDER 1667 40 17 1 16 0
3373 ORDER 1668 18 9 2 26 2
3374 CANCEL 1640
3375 ORDER 1669 23 9 45 37 0
3378 UNBLOCK 30 32
3378 ORDER 1670 8 33 3 15 0
3379 ORDER 1671 28 26 42 37 1
3381 ORDER 1672 41 18 2 4 0
3382 ORDER 1673 28 11 29 38 3
3383 ORDER 1674 21 30 2 26 1
3384 ORDER 1675 17 27 3 25 2
3388 ORDER 1676 26 8 27 38 0
3389 UNBLOCK 20 33
3391 ORDER 1677 24 27 3 37 0
3394 ORDER 1678 24 17 3 16 0
3395 ORDER 1679 27 33 25 37 0
3397 UNBLOCK 21 36
3397 ORDER 1680 6 18 24 38 2
3399 ORDER 1681 32 3 1 28 0
3400 ORDER 1682 11 29 3 27 0
3401 UNBLOCK 30 17
3401 ORDER 1683 11 8 1 35 0
3404 ORDER 1684 9 35 8 37 1
3405 BLOCK 30 35
3407 ORDER 1685 12 23 29 37 0
3408 UNBLOCK 27 12
3409 ORDER 1686 10 17 30 37 0
3411 CANCEL 1638
3411 ORDER 1687 17 3 35 38 2
3414 ORDER 1688 8 26 10 37 0
3418 ORDER 1689 33 18 3 22 0
3419 ORDER 1690 6 32 1 22 1
3421 ORDER 1691 31 8 10 38 0
3422 ORDER 1692 30 5 3 6 0
3422 BLOCK 24 12
3424 ORDER 1693 29 20 40 37 1
3425 ORDER 1694 44 15 31 37 0
3427 ORDER 1695 41 6 32 38 2
3428 CANCEL 1631
3429 ORDER 1696 14 20 39 38 1
3430 ORDER 1697 37 12 42 37 0
3431 ORDER 1698 20 18 3 21 0
3432 ORDER 1699 31 29 21 37 0
3433 ORDER 1700 14 14 29 38 0
3438 ORDER 1701 10 18 1 19 0
3439 ORDER 1702 43 27 3 8 0
3440 ORDER 1703 32 32 25 37 1
3441 ORDER 1704 14 12 2 13 3
3442 ORDER 1705 7 29 36 37 1
3444 CANCEL 1611
3450 BLOCK 18 24
3453 ORDER 1706 28 17 12 37 0
3456 ORDER 1707 30 21 3 33 0
3458 ORDER 1708 18 26 3 8 0
3459 ORDER 1709 6 24 3 25 0
3464 ORDER 1710 23 17 32 38 1
3465 ORDER 1711 33 32 7 38 0
3466 ORDER 1712 22 6 2 16 0
3467 ORDER 1713 18 14 1 9 0
3468 UNBLOCK 30 35
3469 CANCEL 101713
3471 CANCEL 1641
3472 ORDER 1714 19 18 44 38 1
3473 ORDER 1715 15 14 2 20 0
3475 BLOCK 18 2
3476 ORDER 1716 22 29 1 7 0
3478 BLOCK 37 35
3479 ORDER 1717 6 27 2 28 0
3480 ORDER 1718 38 5 22 38 0
3481 ORDER 1719 39 3 7 37 0
3482 ORDER 1720 39 30 3 2 0
3483 ORDER 1721 33 3 8 38 0
3489 ORDER 1722 28 9 45 37 1
3493 ORDER 1723 36 35 3 23 3
3494 ORDER 1724 10 18 3 34 0
3496 ORDER 1725 29 6 15 38 1
3499 ORDER 1726 33 11 1 1 0
3502 ORDER 1727 40 15 41 37 2
3505 ORDER 1728 18 6 31 38 1
3510 CANCEL 1709
3512 ORDER 1729 26 14 23 38 3
3513 ORDER 1730 30 32 33 38 1
3514 ORDER 1731 13 9 2 12 0
3516 ORDER 1732 39 11 3 34 0
3518 ORDER 1733 28 8 1 14 1
3519 ORDER 1734 21 11 31 37 0
3520 ORDER 1735 7 23 31 37 3
3521 ORDER 1736 28 5 3 22 0
3523 ORDER 1737 20 30 3 24 0
3525 UNBLOCK 24 12
3525 ORDER 1738 41 27 7 37 0
3529 BLOCK 42 5
3532 ORDER 1739 29 5 1 14 0
3533 ORDER 1740 29 20 3 3 0
3536 ORDER 1741 8 29 44 38 0
3537 ORDER 1742 11 15 2 7 0
3538 ORDER 1743 27 5 3 13 0
3540 ORDER 1744 17 21 47 38 2
3541 UNBLOCK 37 35
3541 ORDER 1745 42 5 2 32 1
3543 ORDER 1746 21 17 4 37 0
3547 ORDER 1747 42 23 29 37 0
3550 ORDER 1748 28 18 16 38 0
3551 ORDER 1749 40 27 2 14 2
3552 ORDER 1750 23 17 3 13 0
3553 ORDER 1751 41 30 1 6 1
3554 ORDER 1752 7 3 19 38 1
3557 ORDER 1753 44 15 32 37 0
3559 UNBLOCK 42 5
3559 ORDER 1754 18 8 27 37 0
3560 UNBLOCK 18 2
3560 ORDER 1755 39 6 37 38 3
3563 ORDER 1756 38 17 1 1 0
3564 ORDER 1757 22 32 3 2 1
3566 ORDER 1758 12 21 1 4 0
3570 ORDER 1759 20 6 2 7 1
3573 ORDER 1760 39 20 3 31 0
3574 ORDER 1761 21 35 1 27 1
3575 ORDER 1762 28 9 1 33 1
3578 CANCEL 1697
3581 ORDER 1763 7 8 3 10 0
3582 ORDER 1764 28 26 40 38 0
3584 ORDER 1765 20 14 3 38 1
3585 ORDER 1766 34 14 12 37 0
3586 ORDER 1767 28 26 3 32 0
3587 CANCEL 1760
3588 UNBLOCK 18 24
3588 BLOCK 32 5
3591 ORDER 1768 40 33 23 38 0
3592 ORDER 1769 40 17 14 38 0
3594 ORDER 1770 44 8 2 26 0
3600 ORDER 1771 11 29 2 34 1
3601 ORDER 1772 21 8 45 38 0
3604 ORDER 1773 21 20 2 36 1
3605 ORDER 1774 11 26 4 37 2
3607 ORDER 1775 28 15 1 11 0
3609 ORDER 1776 26 14 21 38 0
3610 ORDER 1777 43 9 3 25 2
3611 BLOCK 34 23
3613 ORDER 1778 40 33 39 37 2
3614 BLOCK 9 17
3615 ORDER 1779 18 18 3 16 0
3616 ORDER 1780 25 20 6 38 0
3618 ORDER 1781 23 20 32 37 0
3620 ORDER 1782 45 23 2 1 0
3624 UNBLOCK 32 5
3624 ORDER 1783 20 33 1 31 1
3627 ORDER 1784 10 15 3 25 0
3627 BLOCK 5 20
3628 ORDER 1785 7 12 8 38 0
3629 ORDER 1786 29 27 3 13 1
3630 ORDER 1787 40 32 24 37 1
3630 BLOCK 16 9
3633 ORDER 1788 17 11 6 38 1
3633 BLOCK 42 12
3637 ORDER 1789 23 5 21 37 1
3637 BLOCK 36 24
3638 ORDER 1790 23 5 2 10 2
3639 ORDER 1791 18 24 19 38 0
3641 ORDER 1792 40 26 5 38 0
3644 ORDER 1793 35 8 18 37 3
3645 ORDER 1794 37 9 3 32 1
3648 ORDER 1795 16 15 11 37 0
3648 BLOCK 29 36
3649 ORDER 1796 13 29 1 17 0
3652 ORDER 1797 18 35 21 38 0
3653 ORDER 1798 40 26 1 24 0
3654 UNBLOCK 5 20
3654 ORDER 1799 35 20 2 3 1
3655 ORDER 1800 35 18 3 2 0
3655 CANCEL 101800
3656 ORDER 1801 21 26 25 37 0
3657 ORDER 1802 11 8 1 17 0
3658 CANCEL 101802
3661 UNBLOCK 36 24
3662 UNBLOCK 34 23
3662 ORDER 1803 12 18 2 15 0
3663 ORDER 1804 10 11 2 32 0
3665 UNBLOCK 42 12
3665 ORDER 1805 18 35 2 22 0
3666 ORDER 1806 24 30 47 37 1
3668 CANCEL 1722
3668 ORDER 1807 27 6 2 21 3
3672 ORDER 1808 7 27 48 38 0
3674 UNBLOCK 29 36
3674 ORDER 1809 6 21 45 37 0
3675 ORDER 1810 30 18 8 37 1
3679 ORDER 1811 7 6 26 38 1
3681 ORDER 1812 14 27 47 38 0
3682 ORDER 1813 42 17 15 38 0
3683 ORDER 1814 40 18 25 37 1
3685 ORDER 1815 38 23 1 36 1
3686 CANCEL 1754
3687 ORDER 1816 11 29 3 24 0
3689 CANCEL 1810
3689 ORDER 1817 34 20 2 14 0
3691 ORDER 1818 8 15 6 38 0
3692 ORDER 1819 20 5 3 34 0
3694 ORDER 1820 28 35 2 7 3
3695 ORDER 1821 26 21 3 6 0
3696 ORDER 1822 38 3 11 37 0
3698 ORDER 1823 29 35 25 37 0
3699 ORDER 1824 37 3 3 13 0
3703 ORDER 1825 9 35 1 5 0
3704 ORDER 1826 19 30 2 20 0
3705 CANCEL 1739
3705 ORDER 1827 6 29 1 16 3
3706 ORDER 1828 41 15 1 7 3
3708 ORDER 1829 28 3 39 38 1
3709 ORDER 1830 31 5 14 38 0
3710 ORDER 1831 43 29 2 3 2
3711 ORDER 1832 20 35 2 18 2
3713 ORDER 1833 9 27 1 30 3
3714 CANCEL 1742
3715 ORDER 1834 27 6 2 20 1
3716 ORDER 1835 16 33 25 38 0
3717 ORDER 1836 7 14 1 35 0
3719 ORDER 1837 38 8 1 32 0
3720 ORDER 1838 11 29 21 37 0
3721 ORDER 1839 10 3 27 38 0
3724 BLOCK 31 8
3726 ORDER 1840 26 9 3 12 1
3727 ORDER 1841 6 5 2 25 0
3731 ORDER 1842 18 29 28 37 1
3732 ORDER 1843 41 5 17 38 0
3736 ORDER 1844 6 11 44 37 1
3737 ORDER 1845 25 32 28 37 1
3737 BLOCK 30 29
3738 ORDER 1846 41 29 45 38 0
3739 ORDER 1847 7 27 22 38 0
3739 BLOCK 7 38
3740 ORDER 1848 22 5 2 16 0
3742 ORDER 1849 10 24 2 24 0
3744 ORDER 1850 12 30 32 38 0
3745 ORDER 1851 20 14 27 37 1
3746 UNBLOCK 16 9
3748 ORDER 1852 39 21 4 38 2
3752 ORDER 1853 8 8 26 37 2
3753 UNBLOCK 9 17
3753 ORDER 1854 38 30 22 37 0
3759 ORDER 1855 9 29 1 16 0
3760 ORDER 1856 30 5 2 29 0
3761 ORDER 1857 38 30 1 8 1
3762 ORDER 1858 39 35 2 5 1
3763 ORDER 1859 43 17 21 38 0
3764 ORDER 1860 11 15 2 16 1
3765 ORDER 1861 44 17 3 4 0
3766 ORDER 1862 40 11 1 27 0
3767 ORDER 1863 39 11 1 37 1
3769 UNBLOCK 31 8
3769 ORDER 1864 26 6 2 14 0
3771 ORDER 1865 22 21 2 5 0
3772 ORDER 1866 37 24 5 38 1
3779 ORDER 1867 7 27 1 30 2
3780 ORDER 1868 16 21 12 37 1
3781 ORDER 1869 41 6 23 37 0
3782 ORDER 1870 39 18 46 37 0
3784 ORDER 1871 31 12 1 8 0
3784 BLOCK 41 2
3785 BLOCK 25 10
3788 ORDER 1872 17 3 19 37 2
3789 ORDER 1873 11 17 44 37 1
3790 ORDER 1874 20 24 40 37 2
3791 ORDER 1875 12 3 48 37 1
3792 ORDER 1876 18 11 3 6 2
3793 ORDER 1877 17 3 29 38 0
3794 ORDER 1878 9 33 47 38 0
3795 BLOCK 8 15
3796 ORDER 1879 18 11 28 38 1
3796 BLOCK 22 6
3798 ORDER 1880 22 17 43 37 1
3799 ORDER 1881 9 23 1 18 0
3801 ORDER 1882 6 11 15 37 0
3802 ORDER 1883 38 15 4 37 0
3803 ORDER 1884 10 24 47 37 0
3804 ORDER 1885 25 27 2 28 1
3805 ORDER 1886 29 14 22 38 0
3807 ORDER 1887 36 27 2 33 2
3810 ORDER 1888 9 11 21 37 0
3812 ORDER 1889 18 15 2 8 0
3813 ORDER 1890 31 32 1 20 0
3815 UNBLOCK 30 29
3815 ORDER 1891 8 14 2 16 0
3816 UNBLOCK 7 38
3817 ORDER 1892 38 30 3 24 1
3820 ORDER 1893 16 5 2 15 0
3824 ORDER 1894 11 17 3 31 3
3825 ORDER 1895 26 21 1 38 0
3827 ORDER 1896 21 30 1 8 2
3829 ORDER 1897 9 18 1 1 0
3830 ORDER 1898 27 8 34 38 0
3831 ORDER 1899 35 27 3 29 1
3833 ORDER 1900 43 5 13 38 1
3834 ORDER 1901 30 8 26 37 0
3836 ORDER 1902 12 30 2 24 0
3839 ORDER 1903 6 14 12 37 2
3844 ORDER 1904 30 11 27 38 2
3845 ORDER 1905 38 21 3 29 1
3848 UNBLOCK 25 10
3849 ORDER 1906 11 14 2 31 0
3850 CANCEL 1880
3851 ORDER 1907 18 9 1 27 1
3852 ORDER 1908 7 18 3 24 1
3853 ORDER 1909 18 32 2 11 0
3855 ORDER 1910 37 32 3 8 0
3856 ORDER 1911 43 3 36 38 0
3857 ORDER 1912 9 26 2 9 1
3859 ORDER 1913 30 32 1 19 0
3862 ORDER 1914 17 17 38 38 1
3865 ORDER 1915 45 18 2 30 0
3867 ORDER 1916 22 15 44 37 0
3867 BLOCK 12 35
3870 ORDER 1917 25 20 13 38 0
3871 UNBLOCK 8 15
3871 ORDER 1918 23 15 17 37 0
3873 CANCEL 1877
3873 ORDER 1919 19 26 20 38 0
3875 ORDER 1920 8 26 39 38 3
3876 ORDER 1921 30 26 48 37 1
3877 ORDER 1922 29 5 5 37 2
3877 BLOCK 21 14
3878 UNBLOCK 22 6
3878 BLOCK 11 27
3879 ORDER 1923 21 24 1 21 0
3881 ORDER 1924 7 11 31 38 2
3884 ORDER 1925 12 33 12 37 0
3885 ORDER 1926 32 15 3 34 0
3891 ORDER 1927 38 3 2 27 3
3892 ORDER 1928 11 9 3 25 3
3894 ORDER 1929 39 15 2 30 0
3896 ORDER 1930 31 12 3 27 0
3899 ORDER 1931 6 17 1 37 3
3900 ORDER 1932 14 9 3 25 2
3901 ORDER 1933 37 24 45 38 1
3905 ORDER 1934 20 35 1 34 0
3906 UNBLOCK 12 35
3906 ORDER 1935 9 3 2 1 1
3908 ORDER 1936 19 30 2 21 0
3910 ORDER 1937 26 3 3 38 0
3911 ORDER 1938 30 33 3 34 0
3913 ORDER 1939 18 33 25 38 3
3914 ORDER 1940 44 8 15 38 1
3914 CANCEL 101940
3914 BLOCK 7 37
3915 ORDER 1941 29 30 3 28 0
3917 ORDER 1942 23 15 3 11 1
3918 ORDER 1943 44 24 20 38 0
3920 ORDER 1944 36 23 1 16 0
3921 ORDER 1945 10 15 45 38 0
3922 ORDER 1946 40 29 39 38 0
3923 UNBLOCK 41 2
3923 ORDER 1947 37 35 2 25 0
3924 ORDER 1948 26 23 2 13 0
3932 ORDER 1949 36 20 1 27 1
3933 ORDER 1950 28 21 1 4 0
3936 UNBLOCK 21 14
3936 ORDER 1951 32 3 16 37 1
3939 ORDER 1952 40 20 2 29 3
3940 ORDER 1953 32 35 3 36 2
3945 ORDER 1954 24 17 2 23 0
3946 ORDER 1955 7 12 42 37 0
3947 UNBLOCK 7 37
3949 ORDER 1956 21 24 40 38 1
3953 ORDER 1957 28 35 1 13 3
3954 UNBLOCK 11 27
3955 ORDER 1958 23 9 48 37 0
3958 ORDER 1959 29 29 34 38 1
3959 ORDER 1960 32 5 32 37 0
3960 ORDER 1961 8 24 2 23 0
3961 ORDER 1962 45 26 28 37 0
3962 ORDER 1963 28 21 1 21 0
3968 ORDER 1964 9 6 34 37 0
3971 ORDER 1965 17 15 31 38 0
3973 ORDER 1966 31 27 48 38 1
3974 ORDER 1967 12 3 2 9 1
3978 ORDER 1968 42 11 3 5 0
3982 ORDER 1969 6 35 3 38 0
3983 ORDER 1970 18 21 1 21 0
3984 ORDER 1971 10 18 47 37 0
3988 BLOCK 26 5
3992 BLOCK 5 2
3993 ORDER 1972 43 32 37 37 0
3994 ORDER 1973 30 3 3 7 0
3997 ORDER 1974 20 26 1 19 1
3999 ORDER 1975 8 18 43 37 0
4000 ORDER 1976 35 23 1 14 1
4002 ORDER 1977 16 14 7 37 0
4003 ORDER 1978 26 8 3 18 3
4004 ORDER 1979 10 32 2 23 2
4007 ORDER 1980 30 14 3 24 0
4010 ORDER 1981 33 24 2 5 1
4012 BLOCK 12 38
4013 ORDER 1982 16 33 18 37 1
4014 ORDER 1983 37 14 2 38 1
4015 ORDER 1984 18 24 2 8 1
4016 ORDER 1985 38 8 2 32 1
4017 ORDER 1986 28 33 2 10 2
4021 ORDER 1987 28 33 39 38 0
4023 ORDER 1988 38 32 16 37 2
4024 ORDER 1989 36 21 44 38 3
4026 ORDER 1990 7 8 39 38 0
4027 ORDER 1991 40 5 28 38 1
4028 ORDER 1992 27 33 32 38 0
4028 BLOCK 41 6
4029 ORDER 1993 37 11 1 9 0
4030 ORDER 1994 28 12 4 37 0
4031 ORDER 1995 20 27 1 27 0
4032 ORDER 1996 12 17 2 4 0
4033 UNBLOCK 12 38
4033 ORDER 1997 19 27 7 38 0
4034 ORDER 1998 17 21 1 18 0
4039 ORDER 1999 35 12 9 37 1
4041 ORDER 2000 11 9 2 36 0
4042 ORDER 2001 11 33 27 37 0
4045 ORDER 2002 13 23 1 21 1
4046 ORDER 2003 23 20 3 33 1
4047 ORDER 2004 31 6 37 38 1
4049 ORDER 2005 39 21 1 9 0
4050 ORDER 2006 43 9 43 37 2
4051 UNBLOCK 26 5
4051 ORDER 2007 33 11 37 37 0
4052 ORDER 2008 14 11 1 6 0
4058 ORDER 2009 32 18 7 38 0
4061 ORDER 2010 36 20 1 29 1
4063 ORDER 2011 27 17 17 37 2
4063 BLOCK 17 6
4066 ORDER 2012 20 6 3 8 1
4067 ORDER 2013 23 18 3 29 1
4070 ORDER 2014 27 3 42 38 0
4072 ORDER 2015 36 23 36 38 1
4073 ORDER 2016 7 32 3 37 1
4075 ORDER 2017 19 27 20 37 0
4080 CANCEL 1940
4080 ORDER 2018 10 12 27 38 3
4082 ORDER 2019 21 20 1 13 0
4083 ORDER 2020 7 3 29 37 1
4087 CANCEL 1969
4088 ORDER 2021 28 35 30 38 0
4089 ORDER 2022 28 15 31 37 0
4092 ORDER 2023 14 9 2 12 0
4094 ORDER 2024 21 5 3 8 0
4097 ORDER 2025 9 18 38 37 0
4101 ORDER 2026 44 3 1 12 0
4103 ORDER 2027 40 20 14 38 2
4103 BLOCK 40 36
4104 UNBLOCK 5 2
4104 ORDER 2028 18 30 2 5 1
4106 ORDER 2029 31 24 2 35 1
4107 ORDER 2030 19 17 1 29 1
4108 ORDER 2031 45 27 9 38 0
4110 ORDER 2032 42 24 1 6 2
4111 ORDER 2033 31 29 2 12 0
4114 ORDER 2034 31 20 2 11 3
4115 CANCEL 1945
4117 ORDER 2035 26 8 17 37 0
4118 ORDER 2036 27 5 14 37 0
4121 ORDER 2037 14 9 1 31 0
4126 ORDER 2038 28 17 35 37 0
4129 ORDER 2039 33 29 32 38 0
4130 ORDER 2040 15 12 3 3 1
4134 ORDER 2041 41 29 2 5 0
4135 ORDER 2042 36 30 1 21 0
4136 ORDER 2043 29 5 2 20 0
4138 ORDER 2044 31 30 2 19 1
4139 ORDER 2045 12 15 2 20 1
4140 ORDER 2046 18 5 1 26 0
4141 ORDER 2047 24 29 48 38 0
4143 ORDER 2048 31 29 1 37 0
4144 ORDER 2049 43 17 1 25 2
4145 ORDER 2050 18 12 18 38 1
4147 ORDER 2051 29 27 37 38 0
4150 BLOCK 40 21
4151 ORDER 2052 16 33 1 18 0
4152 ORDER 2053 8 14 15 38 2
4153 ORDER 2054 42 30 43 38 0
4154 ORDER 2055 13 27 44 37 0
4155 ORDER 2056 20 11 26 37 1
4156 UNBLOCK 17 6
4156 ORDER 2057 11 26 2 18 0
4157 ORDER 2058 22 20 2 30 0
4158 UNBLOCK 40 36
4158 ORDER 2059 13 11 3 18 0
4159 ORDER 2060 11 15 2 33 0
4161 ORDER 2061 14 12 16 38 3
4162 ORDER 2062 37 23 3 35 1
4163 ORDER 2063 35 18 2 28 1
4164 ORDER 2064 17 8 44 38 2
4165 ORDER 2065 40 3 3 38 3
4166 ORDER 2066 8 20 2 25 1
4167 ORDER 2067 18 5 3 27 1
4169 ORDER 2068 9 11 2 11 0
4170 ORDER 2069 36 32 1 3 0
4171 UNBLOCK 41 6
4171 ORDER 2070 26 23 20 38 1
4174 ORDER 2071 14 14 1 28 0
4176 ORDER 2072 44 33 1 11 1
4177 BLOCK 11 2
4178 ORDER 2073 39 27 2 32 0
4179 ORDER 2074 30 33 42 37 1
4181 ORDER 2075 37 12 3 17 0
4181 CANCEL 102075
4182 ORDER 2076 40 32 48 37 0
4182 CANCEL 102076
4183 ORDER 2077 10 11 3 2 1
4189 ORDER 2078 11 23 2 27 0
4191 ORDER 2079 19 8 1 26 1
4192 ORDER 2080 14 18 11 38 0
4193 ORDER 2081 41 5 25 38 0
4195 ORDER 2082 16 14 3 9 0
4198 ORDER 2083 20 20 42 37 1
4202 ORDER 2084 20 6 38 38 3
4203 ORDER 2085 16 15 39 38 1
4204 BLOCK 11 2
4205 ORDER 2086 8 18 19 38 0
4206 ORDER 2087 38 33 1 24 0
4207 ORDER 2088 25 35 14 37 0
4208 ORDER 2089 7 14 13 37 1
4209 ORDER 2090 28 20 2 16 0
4211 ORDER 2091 26 14 24 38 1
4212 ORDER 2092 16 5 43 38 0
4213 CANCEL 2072
4217 ORDER 2093 11 6 3 16 1
4218 ORDER 2094 38 17 33 37 0
4220 ORDER 2095 32 26 1 10 0
4222 ORDER 2096 17 27 2 30 0
4224 ORDER 2097 7 32 3 38 1
4225 ORDER 2098 20 30 2 35 0
4227 ORDER 2099 17 23 40 37 0
4229 BLOCK 28 5
4234 ORDER 2100 14 11 45 37 1
4236 ORDER 2101 30 21 9 38 0
4237 ORDER 2102 10 9 1 2 0
4242 ORDER 2103 41 8 45 38 1
4243 ORDER 2104 39 13 39 37 0
4246 BLOCK 14 33
4247 UNBLOCK 11 2
4247 ORDER 2105 25 8 3 7 2
4250 ORDER 2106 42 17 1 36 0
4251 CANCEL 2061
4252 UNBLOCK 40 21
4252 ORDER 2107 27 24 3 38 3
4254 CANCEL 2102
4256 ORDER 2108 45 35 1 29 1
4259 ORDER 2109 39 9 26 38 0
4260 ORDER 2110 29 12 2 16 0
4261 ORDER 2111 10 23 3 21 2
4262 ORDER 2112 45 24 2 34 2
4262 BLOCK 15 3
4263 ORDER 2113 11 29 3 11 0
4264 ORDER 2114 39 33 20 38 1
4268 ORDER 2115 38 24 23 38 0
4270 ORDER 2116 26 35 45 37 0
4270 BLOCK 41 6
4271 ORDER 2117 27 15 15 37 0
4273 ORDER 2118 34 26 11 38 0
4276 ORDER 2119 36 6 2 27 1
4277 CANCEL 2050
4278 ORDER 2120 26 14 2 35 0
4279 ORDER 2121 9 14 38 38 0
4280 ORDER 2122 40 33 42 38 0
4281 ORDER 2123 28 17 41 38 1
4282 ORDER 2124 24 12 32 38 0
4284 ORDER 2125 19 24 1 23 0
4285 ORDER 2126 11 23 20 37 1
4289 UNBLOCK 14 33
4291 UNBLOCK 11 2
4292 ORDER 2127 26 21 1 7 0
4294 ORDER 2128 14 9 43 37 2
4297 ORDER 2129 10 21 3 12 0
4298 BLOCK 31 17
4300 ORDER 2130 44 15 41 38 0
4306 ORDER 2131 19 6 25 38 2
4308 CANCEL 2038
4310 ORDER 2132 21 8 1 28 0
4311 ORDER 2133 19 24 2 27 1
4312 ORDER 2134 11 24 3 37 3
4313 ORDER 2135 19 21 18 38 1
4313 BLOCK 40 38
4315 ORDER 2136 13 18 1 19 0
4317 ORDER 2137 40 23 3 25 1
4319 CANCEL 2062
4320 ORDER 2138 31 33 40 38 3
4321 ORDER 2139 9 6 27 38 1
4322 ORDER 2140 23 17 1 14 1
4323 ORDER 2141 8 3 43 37 0
4324 CANCEL 2055
4324 ORDER 2142 25 32 2 38 2
4328 BLOCK 25 10
4329 ORDER 2143 7 15 1 4 3
4330 ORDER 2144 23 3 1 12 0
4331 BLOCK 7 38
4332 ORDER 2145 42 27 2 31 1
4333 ORDER 2146 26 12 22 37 1
4336 ORDER 2147 23 14 22 37 1
4337 ORDER 2148 12 26 2 6 1
4338 ORDER 2149 21 21 30 37 0
4340 ORDER 2150 21 9 3 2 0
4341 ORDER 2151 11 5 2 7 0
4344 ORDER 2152 41 23 31 37 0
4345 BLOCK 11 30
4346 ORDER 2153 43 15 3 26 0
4348 UNBLOCK 28 5
4349 ORDER 2154 8 9 2 32 0
4349 BLOCK 30 21
4350 UNBLOCK 25 10
4350 ORDER 2155 9 29 33 38 3
4351 ORDER 2156 6 8 2 21 0
4351 BLOCK 31 33
4352 ORDER 2157 12 3 12 37 1
4353 ORDER 2158 15 12 3 31 0
4353 BLOCK 18 26
4354 CANCEL 2128
4354 ORDER 2159 29 21 12 38 0
4355 ORDER 2160 18 30 48 38 0
4356 ORDER 2161 26 11 6 37 0
4357 ORDER 2162 36 14 23 38 1
4357 BLOCK 32 17
4358 ORDER 2163 6 9 2 27 0
4359 ORDER 2164 18 8 3 13 0
4362 ORDER 2165 18 11 38 37 1
4363 ORDER 2166 6 15 2 16 0
4364 ORDER 2167 16 17 34 37 0
4365 ORDER 2168 42 29 14 38 1
4366 ORDER 2169 6 35 21 37 0
4368 ORDER 2170 38 35 24 37 0
4369 ORDER 2171 6 11 1 30 1
4371 UNBLOCK 30 21
4373 ORDER 2172 6 35 1 37 0
4374 CANCEL 2166
4375 ORDER 2173 10 21 30 37 0
4375 BLOCK 29 21
4376 UNBLOCK 11 30
4376 ORDER 2174 9 33 31 37 1
4377 ORDER 2175 32 9 3 37 0
4378 ORDER 2176 31 17 1 5 0
4380 ORDER 2177 37 23 19 37 0
4382 ORDER 2178 12 23 43 37 2
4384 CANCEL 102178
4384 BLOCK 29 15
4385 ORDER 2179 25 27 15 37 0
4386 ORDER 2180 32 6 1 18 0
4387 ORDER 2181 27 8 1 10 0
4388 ORDER 2182 32 27 1 14 0
4389 CANCEL 2100
4390 ORDER 2183 7 3 41 38 1
4391 UNBLOCK 41 6
4391 ORDER 2184 45 23 1 31 1
4392 ORDER 2185 42 26 26 38 0
4392 BLOCK 27 23
4393 ORDER 2186 6 6 2 15 1
4394 ORDER 2187 19 29 30 37 0
4396 ORDER 2188 41 30 23 37 0
4398 ORDER 2189 36 33 18 37 1
4399 ORDER 2190 29 11 11 37 0
4401 ORDER 2191 17 20 1 31 0
4402 ORDER 2192 28 24 1 20 1
4403 UNBLOCK 15 3
4403 ORDER 2193 11 3 14 37 1
4404 ORDER 2194 18 33 30 38 2
4405 ORDER 2195 35 27 22 38 0
4407 ORDER 2196 40 9 26 37 0
4410 ORDER 2197 16 35 9 38 0
4411 UNBLOCK 7 38
4411 ORDER 2198 14 12 41 37 0
4412 UNBLOCK 31 17
4414 UNBLOCK 40 38
4415 ORDER 2199 42 5 2 1 0
4417 ORDER 2200 26 8 27 37 0
4420 ORDER 2201 27 6 7 37 3
4426 ORDER 2202 7 8 1 16 0
4430 ORDER 2203 20 16 8 38 1
4430 BLOCK 18 23
4431 ORDER 2204 37 14 27 37 1
4432 ORDER 2205 21 3 4 38 0
4434 ORDER 2206 28 26 3 18 1
4437 UNBLOCK 29 15
4437 BLOCK 10 33
4439 ORDER 2207 36 32 2 37 0
4442 ORDER 2208 19 33 7 37 1
4443 ORDER 2209 39 35 26 38 0
4444 ORDER 2210 6 6 3 15 1
4447 ORDER 2211 15 33 2 8 0
4449 ORDER 2212 39 18 10 38 0
4453 ORDER 2213 36 29 2 32 0
4454 ORDER 2214 11 12 45 38 0
4455 ORDER 2215 7 30 2 28 0
4456 ORDER 2216 14 12 3 10 0
4457 ORDER 2217 40 8 1 13 0
4458 BLOCK 6 36
4460 UNBLOCK 32 17
4460 ORDER 2218 28 23 24 38 0
4461 ORDER 2219 10 12 11 38 0
4462 ORDER 2220 30 30 11 38 0
4463 CANCEL 2173
4463 ORDER 2221 32 32 1 28 0
4464 ORDER 2222 20 3 2 37 0
4465 UNBLOCK 18 26
4465 ORDER 2223 43 30 2 21 0
4466 ORDER 2224 32 9 39 37 0
4467 ORDER 2225 41 27 2 8 2
4467 BLOCK 43 35
4468 ORDER 2226 12 20 22 37 0
4469 ORDER 2227 6 7 2 1 0
4471 UNBLOCK 27 23
4471 ORDER 2228 18 8 2 7 0
4474 ORDER 2229 34 21 47 38 1
4475 ORDER 2230 23 23 11 37 3
4477 ORDER 2231 31 14 7 37 0
4478 ORDER 2232 16 3 2 13 1
4479 ORDER 2233 6 8 21 37 0
4481 ORDER 2234 6 3 37 38 0
4483 ORDER 2235 42 18 16 37 1
4485 ORDER 2236 43 15 2 8 2
4486 ORDER 2237 20 18 14 37 0
4487 ORDER 2238 28 29 3 38 0
4489 UNBLOCK 29 21
4490 ORDER 2239 37 12 2 34 0
4491 CANCEL 2207
4492 UNBLOCK 31 33
4494 CANCEL 2215
4494 ORDER 2240 20 8 1 31 2
4495 ORDER 2241 31 3 2 17 1
4496 ORDER 2242 28 32 1 11 0
4497 BLOCK 5 14
4498 ORDER 2243 40 24 1 34 1
4499 ORDER 2244 23 11 3 16 3
4501 ORDER 2245 21 5 1 30 1
4502 ORDER 2246 18 6 3 7 0
4504 ORDER 2247 18 29 3 12 2
4507 ORDER 2248 39 14 26 38 3
4508 ORDER 2249 19 23 3 19 1
4509 ORDER 2250 34 27 3 17 1
4511 ORDER 2251 16 3 13 38 2
4513 ORDER 2252 6 23 3 32 0
4517 BLOCK 23 3
4523 ORDER 2253 11 35 31 38 0
4524 ORDER 2254 41 26 3 3 1
4525 ORDER 2255 43 27 1 36 0
4526 UNBLOCK 5 14
4528 ORDER 2256 45 29 1 15 1
4530 CANCEL 2223
4530 ORDER 2257 15 5 2 8 0
4531 ORDER 2258 8 21 20 37 0
4533 UNBLOCK 43 35
4535 ORDER 2259 10 6 10 37 0
4536 ORDER 2260 6 5 2 21 0
4538 ORDER 2261 17 20 24 38 0
4541 UNBLOCK 18 23
4541 ORDER 2262 33 32 1 18 1
4542 ORDER 2263 10 29 1 30 1
4545 CANCEL 102263
4547 ORDER 2264 6 14 4 37 1
4549 ORDER 2265 28 8 9 38 1
4550 ORDER 2266 31 6 21 37 1
4551 ORDER 2267 41 27 9 37 0
4552 ORDER 2268 41 9 40 38 0
4554 ORDER 2269 7 14 1 38 1
4554 BLOCK 28 15
4555 ORDER 2270 32 33 2 26 0
4556 BLOCK 18 15
4559 ORDER 2271 9 14 1 38 0
4560 ORDER 2272 11 12 2 14 0
4561 ORDER 2273 27 9 3 21 2
4563 UNBLOCK 6 36
4563 BLOCK 27 27
4564 ORDER 2274 31 29 11 37 1
4568 ORDER 2275 28 32 17 38 0
4573 ORDER 2276 33 5 5 38 0
4574 ORDER 2277 20 8 30 38 1
4580 UNBLOCK 10 33
4580 ORDER 2278 29 18 1 16 1
4585 ORDER 2279 39 12 43 38 0
4588 ORDER 2280 20 27 2 25 2
4590 UNBLOCK 23 3
4590 ORDER 2281 13 15 23 37 0
4591 ORDER 2282 40 26 1 38 0
4592 ORDER 2283 36 23 1 7 3
4593 ORDER 2284 17 20 11 37 1
4594 ORDER 2285 32 11 2 9 0
4595 ORDER 2286 10 29 2 10 0
4599 ORDER 2287 13 15 2 14 0
4601 ORDER 2288 28 12 45 37 2
4601 BLOCK 25 36
4602 ORDER 2289 20 26 2 17 0
4603 ORDER 2290 42 20 20 38 0
4604 ORDER 2291 16 3 1 20 1
4606 ORDER 2292 40 18 2 5 1
4607 ORDER 2293 25 30 30 38 0
4609 ORDER 2294 29 32 14 38 0
4610 ORDER 2295 44 26 2 28 0
4613 ORDER 2296 22 20 3 24 2
4615 ORDER 2297 18 12 3 33 0
4616 BLOCK 18 32
4620 ORDER 2298 11 23 30 38 0
4621 ORDER 2299 7 14 1 29 0
4624 ORDER 2300 35 27 6 38 1
4627 ORDER 2301 6 5 2 7 1
4628 ORDER 2302 37 23 30 38 0
4630 ORDER 2303 21 18 4 37 0
4634 ORDER 2304 21 11 1 28 1
4636 ORDER 2305 18 17 8 37 0
4639 CANCEL 2240
4639 ORDER 2306 33 3 1 12 0
4642 ORDER 2307 26 11 1 32 0
4642 BLOCK 32 32
4644 ORDER 2308 24 15 46 38 0
4646 UNBLOCK 18 32
4647 ORDER 2309 32 6 1 5 0
4650 ORDER 2310 10 8 42 38 0
4651 ORDER 2311 43 32 1 13 1
4652 ORDER 2312 20 27 20 38 0
4653 BLOCK 37 2
4655 CANCEL 2243
4655 ORDER 2313 23 11 35 37 1
4655 BLOCK 18 37
4657 ORDER 2314 21 5 14 37 0
4660 ORDER 2315 38 21 1 4 1
4661 ORDER 2316 41 20 4 37 1
4665 ORDER 2317 14 9 1 13 0
4668 ORDER 2318 23 21 3 38 0
4669 ORDER 2319 11 9 11 38 0
4670 ORDER 2320 34 5 3 6 2
4671 CANCEL 2310
4672 ORDER 2321 45 21 3 22 1
4673 CANCEL 2245
4674 UNBLOCK 37 2
4676 ORDER 2322 15 8 1 35 1
4677 ORDER 2323 44 15 33 37 0
4678 UNBLOCK 27 27
4678 ORDER 2324 7 32 41 37 1
4679 ORDER 2325 7 33 2 13 0
4680 UNBLOCK 28 15
4680 UNBLOCK 18 15
4680 ORDER 2326 40 14 3 31 1
4681 ORDER 2327 18 15 1 14 1
4682 ORDER 2328 8 15 1 8 2
4685 ORDER 2329 39 24 3 17 0
4686 ORDER 2330 22 23 1 27 0
4688 ORDER 2331 24 30 3 10 1
4691 ORDER 2332 8 9 2 2 1
4691 BLOCK 11 33
4693 ORDER 2333 38 32 1 3 0
4694 ORDER 2334 28 9 2 2 0
4695 CANCEL 2298
4695 UNBLOCK 18 37
4695 BLOCK 45 30
4696 ORDER 2335 41 23 37 37 0
4697 ORDER 2336 10 14 2 23 1
4700 CANCEL 2320
4702 ORDER 2337 18 26 4 37 0
4704 BLOCK 27 38
4705 UNBLOCK 32 32
4707 ORDER 2338 31 11 2 25 0
4709 ORDER 2339 10 30 2 4 1
4713 ORDER 2340 10 30 16 37 1
4714 ORDER 2341 18 8 3 34 0
4714 BLOCK 15 16
4716 ORDER 2342 30 9 1 7 3
4718 ORDER 2343 43 5 17 37 0
4718 BLOCK 23 7
4720 ORDER 2344 30 23 2 11 2
4721 ORDER 2345 43 5 2 24 0
4725 ORDER 2346 7 24 1 11 3
4728 ORDER 2347 37 23 36 38 0
4730 UNBLOCK 25 36
4732 ORDER 2348 11 24 2 26 0
4735 ORDER 2349 24 29 3 33 0
4736 ORDER 2350 6 23 44 38 0
4737 ORDER 2351 35 23 3 8 0
4738 ORDER 2352 38 35 1 31 0
4739 ORDER 2353 42 27 2 14 0
4740 ORDER 2354 40 11 28 38 2
4741 BLOCK 29 1
4744 ORDER 2355 16 15 2 27 1
4745 ORDER 2356 8 14 2 37 1
4747 CANCEL 2281
4748 UNBLOCK 27 38
4749 ORDER 2357 31 33 1 16 0
4752 BLOCK 13 12
4754 ORDER 2358 27 14 7 38 1
4756 ORDER 2359 16 14 3 11 2
4757 ORDER 2360 7 30 2 23 1
4758 CANCEL 2337
4759 ORDER 2361 16 17 3 37 0
4763 ORDER 2362 14 9 1 3 1
4765 ORDER 2363 7 20 10 38 1
4765 BLOCK 18 35
4767 ORDER 2364 8 30 39 37 0
4768 UNBLOCK 11 33
4768 UNBLOCK 45 30
4768 ORDER 2365 40 15 5 38 2
4768 BLOCK 5 33
4769 ORDER 2366 20 27 3 37 0
4769 BLOCK 32 24
4770 ORDER 2367 10 5 2 4 1
4773 ORDER 2368 38 14 2 18 0
4776 ORDER 2369 7 14 35 37 0
4776 BLOCK 37 33
4779 ORDER 2370 23 9 2 12 0
4780 ORDER 2371 9 18 2 21 0
4781 ORDER 2372 29 21 25 37 0
4782 ORDER 2373 44 3 3 21 0
4788 ORDER 2374 11 35 2 17 2
4790 ORDER 2375 19 21 3 30 0
4794 ORDER 2376 12 26 14 38 1
4796 ORDER 2377 28 15 3 20 1
4799 ORDER 2378 16 8 3 27 1
4801 ORDER 2379 39 26 1 27 3
4802 ORDER 2380 33 17 2 13 1
4807 ORDER 2381 29 17 44 38 1
4808 ORDER 2382 21 17 1 19 1
4809 ORDER 2383 31 30 15 37 0
4812 ORDER 2384 39 18 3 28 3
4813 UNBLOCK 15 16
4813 UNBLOCK 29 1
4813 UNBLOCK 13 12
4813 ORDER 2385 25 33 5 37 0
4815 ORDER 2386 35 18 2 11 0
4816 BLOCK 15 30
4817 UNBLOCK 32 24
4817 ORDER 2387 36 29 3 7 2
4820 ORDER 2388 15 6 38 37 0
4821 ORDER 2389 23 14 1 31 1
4822 ORDER 2390 11 27 15 38 2
4823 ORDER 2391 42 18 34 38 3
4824 ORDER 2392 31 11 2 34 0
4826 UNBLOCK 5 33
4826 ORDER 2393 22 21 2 9 0
4827 UNBLOCK 37 33
4827 ORDER 2394 38 14 4 38 2
4828 BLOCK 20 21
4829 ORDER 2395 23 26 3 33 0
4830 ORDER 2396 18 30 22 37 1
4832 ORDER 2397 26 6 25 37 0
4837 ORDER 2398 6 17 36 38 2
4838 ORDER 2399 41 9 2 27 1
4840 ORDER 2400 23 32 18 37 2
4842 ORDER 2401 42 12 2 19 0
4843 ORDER 2402 12 21 1 6 1
4845 ORDER 2403 17 33 3 34 0
4846 ORDER 2404 40 29 1 21 1
4847 ORDER 2405 23 23 3 35 1
4848 ORDER 2406 8 35 3 4 0
4851 UNBLOCK 23 7
4851 ORDER 2407 12 5 25 38 0
4852 ORDER 2408 40 17 2 14 0
4853 UNBLOCK 18 35
4853 ORDER 2409 33 11 26 37 0
4854 BLOCK 5 11
4855 ORDER 2410 37 17 2 28 1
4856 ORDER 2411 20 9 46 38 1
4857 ORDER 2412 15 33 1 33 2
4862 UNBLOCK 15 30
4862 ORDER 2413 42 9 1 2 1
4863 ORDER 2414 27 26 2 15 1
4867 ORDER 2415 24 17 44 38 0
4869 ORDER 2416 44 20 4 37 0
4870 ORDER 2417 38 32 1 13 0
4875 ORDER 2418 15 8 7 38 2
4876 CANCEL 2385
4876 ORDER 2419 12 35 6 37 0
4877 ORDER 2420 22 29 2 3 3
4879 BLOCK 32 1
4880 ORDER 2421 27 15 1 17 0
4882 ORDER 2422 39 20 3 29 0
4884 CANCEL 2409
4885 ORDER 2423 28 24 7 38 2
4890 ORDER 2424 7 20 11 37 1
4893 ORDER 2425 36 27 7 37 0
4893 BLOCK 43 8
4895 ORDER 2426 17 20 15 38 2
4901 ORDER 2427 34 5 2 17 0
4902 ORDER 2428 38 15 11 38 0
4905 ORDER 2429 38 24 1 14 2
4907 ORDER 2430 30 30 37 37 1
4908 ORDER 2431 12 24 35 37 1
4910 ORDER 2432 11 32 30 38 0
4911 ORDER 2433 13 27 42 37 1
4918 ORDER 2434 18 32 2 7 0
4919 ORDER 2435 22 24 2 17 1
4920 BLOCK 11 1
4926 ORDER 2436 22 27 3 8 1
4927 ORDER 2437 9 21 1 27 0
4928 ORDER 2438 33 11 1 28 0
4930 ORDER 2439 19 3 3 38 0
4931 ORDER 2440 14 30 23 38 0
4932 ORDER 2441 19 30 45 38 0
4932 BLOCK 28 33
4936 UNBLOCK 5 11
4937 ORDER 2442 45 33 2 12 3
4942 CANCEL 2380
4943 ORDER 2443 19 11 1 24 1
4945 ORDER 2444 19 14 2 37 0
4946 ORDER 2445 39 23 22 37 0
4947 ORDER 2446 28 26 1 6 0
4948 ORDER 2447 8 14 2 15 1
4950 ORDER 2448 21 9 7 37 1
4952 ORDER 2449 11 27 2 29 3
4953 ORDER 2450 27 9 42 37 0
4956 ORDER 2451 11 27 3 31 3
4958 UNBLOCK 11 1
4958 ORDER 2452 15 3 1 7 0
4959 ORDER 2453 7 21 10 37 0
4962 ORDER 2454 13 24 2 9 1
4963 ORDER 2455 10 32 1 8 1
4965 ORDER 2456 8 35 7 37 0
4968 ORDER 2457 6 3 1 6 0
4972 UNBLOCK 20 21
4973 ORDER 2458 38 35 2 33 0
4974 ORDER 2459 39 21 41 38 0
4977 ORDER 2460 11 12 31 38 0
4981 ORDER 2461 34 3 1 18 0
4982 ORDER 2462 6 11 34 38 1
4983 ORDER 2463 10 17 1 5 0
4985 ORDER 2464 21 29 34 37 0
4986 ORDER 2465 16 3 33 38 0
4987 ORDER 2466 37 35 12 37 1
4989 ORDER 2467 35 14 1 4 0
4990 ORDER 2468 19 9 3 3 0
4992 ORDER 2469 45 18 1 19 0
4993 ORDER 2470 30 15 2 29 0
4995 ORDER 2471 11 32 3 5 2
4998 ORDER 2472 9 12 2 33 1
4999 ORDER 2473 37 32 2 16 0
5004 ORDER 2474 37 17 22 38 2
5005 ORDER 2475 8 14 2 7 0
5007 UNBLOCK 28 33
5007 ORDER 2476 7 17 2 19 0
5009 UNBLOCK 43 8
5009 ORDER 2477 34 20 2 2 0
5010 ORDER 2478 17 23 1 2 0
5011 ORDER 2479 40 23 3 16 0
5012 ORDER 2480 32 32 28 37 2
5015 ORDER 2481 6 8 29 37 0
5017 ORDER 2482 8 6 6 37 0
5020 ORDER 2483 41 8 1 27 1
5021 BLOCK 15 17
5025 UNBLOCK 32 1
5025 ORDER 2484 10 29 3 33 1
5034 ORDER 2485 27 5 1 11 0
5035 ORDER 2486 20 27 1 3 0
5036 ORDER 2487 7 21 25 38 0
5037 ORDER 2488 8 24 1 9 0
5038 ORDER 2489 40 9 22 38 3
5039 ORDER 2490 22 5 2 23 0
5040 ORDER 2491 12 35 23 37 2
5042 ORDER 2492 11 17 25 38 1
5043 ORDER 2493 8 11 1 17 0
5045 ORDER 2494 23 17 47 37 1
5047 CANCEL 2463
5047 ORDER 2495 10 27 2 28 3
5048 BLOCK 26 20
5049 ORDER 2496 31 14 1 25 1
5051 ORDER 2497 32 6 19 37 0
5052 BLOCK 24 24
5054 ORDER 2498 43 26 47 38 1
5059 ORDER 2499 35 23 2 11 1
5063 ORDER 2500 44 3 1 15 2
5064 ORDER 2501 28 8 2 15 2
5065 UNBLOCK 15 17
5066 BLOCK 37 19
5069 ORDER 2502 8 24 34 37 0
5070 ORDER 2503 12 21 7 37 2
5071 ORDER 2504 28 32 2 29 1
5073 ORDER 2505 41 6 17 37 1
5077 ORDER 2506 25 14 23 38 0
5079 ORDER 2507 11 32 1 9 0
5081 ORDER 2508 29 3 1 23 1
5082 ORDER 2509 37 26 36 38 0
5083 ORDER 2510 38 8 2 13 1
5084 ORDER 2511 41 28 46 38 0
5087 ORDER 2512 39 9 3 16 1
5088 ORDER 2513 37 35 23 38 0
5089 ORDER 2514 13 29 2 29 0
5090 ORDER 2515 39 25 38 37 1
5095 ORDER 2516 45 18 2 33 0
5099 ORDER 2517 43 5 12 38 1
5100 ORDER 2518 41 32 14 37 2
5101 ORDER 2519 36 20 26 37 0
5102 ORDER 2520 39 21 3 6 0
5103 ORDER 2521 7 9 36 37 3
5104 BLOCK 34 24
5105 ORDER 2522 30 33 44 38 0
5106 ORDER 2523 41 8 1 31 0
5107 ORDER 2524 31 35 36 37 1
5113 UNBLOCK 37 19
5113 ORDER 2525 13 17 2 13 2
5115 ORDER 2526 45 23 2 1 0
5117 ORDER 2527 40 29 2 29 1
5120 UNBLOCK 26 20
5120 ORDER 2528 7 21 3 31 2
5121 ORDER 2529 21 35 2 20 0
5122 ORDER 2530 38 24 3 31 1
5123 ORDER 2531 23 26 45 38 1
5132 ORDER 2532 39 32 2 9 1
5133 ORDER 2533 26 23 1 38 0
5134 UNBLOCK 24 24
5135 ORDER 2534 17 32 33 38 0
5138 ORDER 2535 14 18 2 27 2
5139 ORDER 2536 18 8 10 37 0
5140 CANCEL 2470
5142 ORDER 2537 40 29 3 17 2
5145 ORDER 2538 6 23 1 8 0
5146 ORDER 2539 9 14 20 38 1
5148 ORDER 2540 20 21 2 10 0
5150 ORDER 2541 26 6 13 37 0
5151 ORDER 2542 10 14 21 37 3
5152 ORDER 2543 29 5 38 38 0
5153 ORDER 2544 27 35 29 38 1
5154 ORDER 2545 23 24 42 38 0
5155 ORDER 2546 18 12 7 37 0
5157 ORDER 2547 18 9 1 13 0
5158 ORDER 2548 40 33 41 37 0
5159 ORDER 2549 41 21 34 37 3
5160 ORDER 2550 32 8 3 20 1
5161 ORDER 2551 27 35 3 5 0
5162 ORDER 2552 28 14 2 4 0
5165 ORDER 2553 20 9 42 38 0
5167 ORDER 2554 10 15 3 36 0
5168 ORDER 2555 27 33 3 12 1
5169 ORDER 2556 9 11 2 19 2
5170 ORDER 2557 7 29 33 38 0
5173 ORDER 2558 8 35 24 37 1
5173 BLOCK 16 15
5174 ORDER 2559 34 12 1 6 0
5175 ORDER 2560 7 26 47 37 0
5176 ORDER 2561 24 32 1 17 1
5177 ORDER 2562 27 24 42 38 1
5178 ORDER 2563 42 27 2 18 1
5179 ORDER 2564 28 30 33 37 0
5182 ORDER 2565 39 6 28 38 3
5183 ORDER 2566 38 5 3 26 0
5185 ORDER 2567 9 29 2 22 3
5188 ORDER 2568 11 35 38 38 2
5189 ORDER 2569 42 9 2 19 0
5190 ORDER 2570 45 23 7 37 0
5192 ORDER 2571 28 12 2 22 0
5193 ORDER 2572 7 27 30 38 0
5194 BLOCK 42 36
5195 ORDER 2573 40 18 44 38 0
5197 ORDER 2574 6 35 45 37 0
5198 ORDER 2575 33 15 14 38 0
5199 ORDER 2576 9 23 2 27 0
5202 ORDER 2577 36 14 1 4 0
5203 ORDER 2578 39 26 3 34 1
5205 ORDER 2579 28 8 41 38 0
5206 ORDER 2580 25 20 45 37 1
5206 BLOCK 24 4
5207 BLOCK 31 15
5208 ORDER 2581 29 14 13 37 2
5209 ORDER 2582 26 12 1 1 2
5210 ORDER 2583 6 35 18 37 0
5212 UNBLOCK 34 24
5213 ORDER 2584 41 27 29 38 1
5214 ORDER 2585 6 26 1 26 1
5220 ORDER 2586 23 26 2 34 1
5221 ORDER 2587 10 12 2 21 0
5224 ORDER 2588 12 29 21 37 0
5225 ORDER 2589 8 27 2 18 0
5226 ORDER 2590 29 35 1 34 1
5228 ORDER 2591 26 3 28 37 1
5230 ORDER 2592 28 23 26 38 1
5231 ORDER 2593 17 15 3 38 0
5232 ORDER 2594 36 35 26 37 0
5233 ORDER 2595 10 15 3 21 0
5234 ORDER 2596 31 35 3 30 0
5238 ORDER 2597 8 12 42 37 1
5240 ORDER 2598 40 8 26 38 0
5244 ORDER 2599 34 29 32 38 0
5246 ORDER 2600 28 20 24 38 0
5248 ORDER 2601 17 8 1 18 0
5251 ORDER 2602 20 23 1 3 0
5254 ORDER 2603 9 32 18 38 1
5255 ORDER 2604 31 5 47 37 1
5260 ORDER 2605 30 6 3 33 3
5263 ORDER 2606 38 15 42 38 0
5265 ORDER 2607 36 27 25 38 0
5266 ORDER 2608 39 18 3 30 2
5267 ORDER 2609 44 6 34 37 0
5269 ORDER 2610 26 5 26 38 0
5270 ORDER 2611 24 15 1 14 1
5274 ORDER 2612 43 35 2 19 1
5276 CANCEL 2533
5276 ORDER 2613 31 35 1 15 0
5277 ORDER 2614 28 32 3 10 0
5278 ORDER 2615 32 18 3 10 0
5279 ORDER 2616 6 9 34 37 0
5283 ORDER 2617 14 11 45 37 0
5284 ORDER 2618 36 8 19 37 0
5286 ORDER 2619 40 17 27 38 0
5288 ORDER 2620 6 14 14 37 0
5289 ORDER 2621 40 27 22 37 0
5290 ORDER 2622 40 35 10 37 0
5291 ORDER 2623 26 14 2 33 0
5292 ORDER 2624 33 27 2 2 1
5296 ORDER 2625 37 30 31 37 1
5300 ORDER 2626 43 18 5 38 1
5303 BLOCK 26 12
5307 ORDER 2627 41 5 2 7 2
5308 UNBLOCK 24 4
5309 UNBLOCK 16 15
5309 CANCEL 2577
5309 CANCEL 2591
5309 ORDER 2628 13 9 3 5 0
5310 ORDER 2629 21 30 46 38 1
5312 ORDER 2630 43 20 1 31 0
5315 UNBLOCK 42 36
5316 ORDER 2631 38 6 43 37 0
5317 CANCEL 2590
5317 ORDER 2632 37 26 27 37 0
5317 BLOCK 14 34
5318 ORDER 2633 43 29 7 37 0
5321 ORDER 2634 11 17 36 37 0
5325 ORDER 2635 7 26 22 38 0
5328 ORDER 2636 28 26 31 37 1
5332 ORDER 2637 20 33 3 24 0
5333 ORDER 2638 38 24 22 38 1
5335 ORDER 2639 12 33 17 38 1
5338 ORDER 2640 20 26 1 34 0
5339 ORDER 2641 31 15 36 38 3
5340 ORDER 2642 28 6 21 38 0
5342 ORDER 2643 39 20 41 38 0
5344 ORDER 2644 45 35 2 25 0
5347 ORDER 2645 42 26 1 6 0
5347 BLOCK 26 36
5348 ORDER 2646 19 21 19 38 2
5349 ORDER 2647 44 26 1 1 0
5350 UNBLOCK 31 15
5350 CANCEL 2604
5351 ORDER 2648 8 24 1 4 0
5351 BLOCK 44 5
5352 ORDER 2649 41 5 2 4 3
5353 ORDER 2650 19 17 2 15 0
5354 ORDER 2651 13 32 2 7 1
5355 ORDER 2652 39 29 2 19 0
5358 ORDER 2653 6 18 33 37 1
5358 BLOCK 18 1
5360 ORDER 2654 10 6 32 37 0
5363 ORDER 2655 19 20 2 20 0
5364 ORDER 2656 42 12 15 38 0
5365 ORDER 2657 41 17 25 37 0
5366 ORDER 2658 21 17 2 14 2
5367 ORDER 2659 9 32 1 13 2
5368 ORDER 2660 21 26 16 38 2
5369 BLOCK 25 22
5372 BLOCK 37 17
5373 ORDER 2661 18 35 44 38 0
5374 ORDER 2662 8 15 19 38 1
5375 ORDER 2663 12 30 33 37 1
5377 UNBLOCK 26 12
5377 ORDER 2664 15 12 3 18 1
5381 ORDER 2665 13 24 20 38 0
5383 ORDER 2666 22 17 12 37 1
5384 ORDER 2667 18 32 41 38 3
5385 ORDER 2668 28 17 19 38 0
5386 ORDER 2669 19 6 2 22 0
5389 ORDER 2670 39 23 9 37 2
5391 ORDER 2671 9 32 2 25 1
5393 ORDER 2672 11 20 3 5 0
5395 UNBLOCK 44 5
5396 ORDER 2673 29 11 10 38 0
5400 BLOCK 20 14
5401 ORDER 2674 10 12 29 38 0
5402 UNBLOCK 14 34
5402 ORDER 2675 13 15 23 37 0
5403 ORDER 2676 21 11 1 16 0
5404 ORDER 2677 7 8 31 37 0
5404 CANCEL 102677
5406 ORDER 2678 26 14 24 37 1
5408 ORDER 2679 36 20 2 17 1
5409 BLOCK 21 26
5412 ORDER 2680 9 15 9 38 0
5415 ORDER 2681 27 14 1 10 1
5416 ORDER 2682 32 6 24 37 2
5418 ORDER 2683 33 24 25 37 0
5422 ORDER 2684 35 20 18 37 1
5424 ORDER 2685 43 9 1 25 1
5426 CANCEL 2647
5428 ORDER 2686 10 24 2 12 1
5431 CANCEL 2594
5431 CANCEL 2663
5431 ORDER 2687 18 32 1 31 2
5432 ORDER 2688 39 23 4 38 2
5433 ORDER 2689 32 8 1 33 1
5434 ORDER 2690 8 27 33 37 1
5435 ORDER 2691 18 29 3 18 0
5435 BLOCK 34 10
5436 ORDER 2692 13 26 9 37 0
5437 ORDER 2693 45 21 39 37 0
5441 ORDER 2694 23 30 4 37 1
5443 ORDER 2695 18 6 1 17 0
5443 BLOCK 7 21
5444 ORDER 2696 13 29 1 8 0
5444 BLOCK 42 5
5446 ORDER 2697 42 3 44 38 1
5447 ORDER 2698 42 17 3 4 0
5449 ORDER 2699 11 5 1 16 2
5450 ORDER 2700 40 30 3 3 1
5452 ORDER 2701 31 3 2 16 0
5453 UNBLOCK 37 17
5454 ORDER 2702 29 32 1 26 2
5455 ORDER 2703 42 9 22 37 0
5456 ORDER 2704 28 8 1 37 0
5457 ORDER 2705 25 20 3 17 0
5458 ORDER 2706 18 14 3 21 0
5459 ORDER 2707 30 6 3 8 0
5460 ORDER 2708 18 15 2 25 0
5462 CANCEL 2670
5462 ORDER 2709 12 11 21 38 0
5465 ORDER 2710 14 32 13 38 1
5467 BLOCK 9 30
5468 ORDER 2711 40 18 33 37 3
5469 UNBLOCK 21 26
5471 ORDER 2712 41 23 1 23 0
5472 ORDER 2713 20 14 22 38 0
5474 ORDER 2714 32 15 1 14 0
5476 UNBLOCK 26 36
5477 UNBLOCK 7 21
5477 ORDER 2715 34 5 2 4 0
5478 ORDER 2716 33 27 30 38 0
5480 ORDER 2717 9 26 1 22 0
5481 ORDER 2718 38 35 48 37 0
5484 ORDER 2719 45 8 32 37 1
5486 ORDER 2720 29 18 48 38 1
5488 ORDER 2721 23 26 40 37 0
5489 ORDER 2722 9 15 3 27 0
5490 ORDER 2723 23 12 11 38 0
5491 ORDER 2724 39 6 25 37 0
5496 ORDER 2725 27 17 1 24 1
5499 ORDER 2726 29 27 2 18 3
5500 ORDER 2727 38 6 3 31 0
5501 ORDER 2728 43 17 46 38 0
5502 ORDER 2729 21 27 2 37 1
5503 UNBLOCK 25 22
5503 UNBLOCK 20 14
5504 ORDER 2730 21 21 2 22 0
5505 ORDER 2731 21 18 2 19 0
5506 ORDER 2732 28 30 12 37 2
5507 CANCEL 2629
5507 UNBLOCK 18 1
5507 ORDER 2733 13 11 1 19 0
5509 ORDER 2734 9 27 3 5 1
5511 ORDER 2735 20 23 2 9 0
5512 ORDER 2736 36 29 3 4 1
5513 ORDER 2737 11 6 29 37 0
5513 BLOCK 29 20
5514 ORDER 2738 7 32 19 38 0
5515 ORDER 2739 39 32 41 37 0
5516 ORDER 2740 6 8 1 13 0
5519 ORDER 2741 29 17 32 37 0
5520 ORDER 2742 25 30 2 27 1
5522 ORDER 2743 43 30 13 37 1
5523 ORDER 2744 19 35 38 38 1
5524 ORDER 2745 17 26 3 23 0
5525 ORDER 2746 22 15 1 14 0
5526 ORDER 2747 19 27 16 37 1
5527 ORDER 2748 38 3 14 37 0
5529 ORDER 2749 41 32 1 6 0
5530 ORDER 2750 24 14 6 37 0
5531 ORDER 2751 29 9 48 37 0
5533 CANCEL 2678
5533 UNBLOCK 42 5
5533 ORDER 2752 35 8 2 23 1
5534 ORDER 2753 30 9 20 37 0
5535 CANCEL 2675
5537 ORDER 2754 45 6 2 13 0
5539 ORDER 2755 45 6 1 11 0
5540 ORDER 2756 31 9 18 38 0
5541 ORDER 2757 22 26 6 37 0
5542 ORDER 2758 10 5 1 6 0
5545 ORDER 2759 42 15 2 7 0
5547 ORDER 2760 20 14 25 38 0
5548 ORDER 2761 13 24 2 5 0
5549 ORDER 2762 40 24 45 38 0
5552 ORDER 2763 24 15 42 37 0
5555 ORDER 2764 43 29 1 6 0
5560 ORDER 2765 38 12 1 9 1
5561 ORDER 2766 36 32 8 38 0
5562 ORDER 2767 32 9 2 26 1
5564 BLOCK 29 36
5567 ORDER 2768 17 30 3 6 0
5569 UNBLOCK 29 20
5569 ORDER 2769 12 33 1 23 0
5573 ORDER 2770 20 14 2 37 0
5574 ORDER 2771 18 11 3 9 0
5577 ORDER 2772 22 5 29 37 1
5578 ORDER 2773 22 5 33 38 0
5579 CANCEL 2672
5579 UNBLOCK 34 10
5580 BLOCK 15 17
5581 ORDER 2774 36 29 3 37 0
5582 ORDER 2775 36 14 33 37 0
5588 ORDER 2776 30 5 3 16 1
5589 BLOCK 21 5
5591 ORDER 2777 6 8 2 23 0
5593 ORDER 2778 34 18 2 13 2
5595 ORDER 2779 13 24 37 38 0
5596 ORDER 2780 30 18 2 11 1
5597 UNBLOCK 9 30
5597 ORDER 2781 11 33 12 37 0
5601 ORDER 2782 28 32 3 34 0
5603 ORDER 2783 7 6 47 38 3
5603 BLOCK 13 38
5605 ORDER 2784 31 8 12 38 1
5610 ORDER 2785 9 20 29 38 0
5611 ORDER 2786 27 11 16 37 2
5611 BLOCK 5 21
5614 ORDER 2787 13 20 1 34 0
5614 BLOCK 40 5
5615 ORDER 2788 32 20 33 37 0
5616 ORDER 2789 28 23 10 37 0
5619 ORDER 2790 30 32 48 37 1
5620 ORDER 2791 9 15 1 9 1
5621 ORDER 2792 28 5 2 1 1
5624 ORDER 2793 44 17 33 37 0
5626 ORDER 2794 25 27 23 38 0
5629 ORDER 2795 28 21 27 38 1
5630 ORDER 2796 19 23 1 22 0
5634 ORDER 2797 10 9 2 2 0
5635 ORDER 2798 41 18 14 38 2
5637 ORDER 2799 43 32 6 38 0
5638 ORDER 2800 6 30 41 38 0
5640 ORDER 2801 30 14 30 37 0
5640 BLOCK 41 30
5642 ORDER 2802 7 8 3 10 0
5643 ORDER 2803 29 12 2 14 1
5644 ORDER 2804 21 3 19 37 0
5646 ORDER 2805 25 12 48 37 0
5648 ORDER 2806 8 14 47 37 1
5649 ORDER 2807 30 6 1 12 0
5650 ORDER 2808 7 17 3 16 0
5651 ORDER 2809 14 11 40 38 1
5652 ORDER 2810 17 15 7 38 0
5653 ORDER 2811 21 23 34 38 0
5654 ORDER 2812 20 30 19 38 1
5655 ORDER 2813 29 9 2 3 1
5661 ORDER 2814 11 5 17 38 0
5664 ORDER 2815 9 3 42 38 0
5668 ORDER 2816 36 21 3 27 2
5672 ORDER 2817 10 33 1 17 1
5674 ORDER 2818 34 5 2 23 0
5675 UNBLOCK 15 17
5675 ORDER 2819 18 35 3 1 1
5676 ORDER 2820 31 5 1 37 1
5677 BLOCK 37 20
5678 ORDER 2821 22 11 2 3 0
5680 ORDER 2822 12 15 9 38 1
5681 ORDER 2823 29 17 1 22 0
5682 ORDER 2824 12 5 29 37 0
5683 ORDER 2825 14 20 20 38 0
5684 UNBLOCK 41 30
5684 ORDER 2826 30 18 8 37 0
5684 BLOCK 14 22
5685 ORDER 2827 18 33 2 12 0
5687 CANCEL 2738
5687 ORDER 2828 36 8 2 32 2
5688 ORDER 2829 6 6 21 37 1
5689 UNBLOCK 13 38
5690 ORDER 2830 28 30 1 18 0
5690 BLOCK 25 29
5691 ORDER 2831 33 29 3 19 0
5692 ORDER 2832 6 9 24 37 1
5694 ORDER 2833 33 30 2 2 0
5695 ORDER 2834 7 29 2 12 0
5696 ORDER 2835 44 6 3 32 0
5697 ORDER 2836 27 6 30 37 3
5701 ORDER 2837 11 32 3 15 0
5702 CANCEL 2835
5703 UNBLOCK 40 5
5703 ORDER 2838 9 35 3 29 0
5704 UNBLOCK 29 36
5704 ORDER 2839 23 21 3 11 2
5705 ORDER 2840 11 20 1 26 1
5706 ORDER 2841 42 14 34 37 1
5710 ORDER 2842 40 6 2 26 2
5711 ORDER 2843 29 6 23 37 0
5712 UNBLOCK 14 22
5714 ORDER 2844 14 6 2 36 0
5714 BLOCK 13 35
5715 ORDER 2845 39 14 5 38 0
5716 ORDER 2846 44 35 18 38 1
5718 ORDER 2847 9 12 25 38 0
5719 ORDER 2848 22 26 6 37 2
5721 UNBLOCK 21 5
5721 BLOCK 31 1
5725 BLOCK 13 35
5727 ORDER 2849 38 21 20 38 2
5728 ORDER 2850 39 30 2 30 0
5730 BLOCK 40 23
5733 ORDER 2851 6 12 22 38 0
5735 ORDER 2852 7 26 46 38 0
5736 ORDER 2853 29 26 18 37 1
5738 ORDER 2854 9 12 3 36 1
5739 UNBLOCK 5 21
5740 ORDER 2855 7 14 29 37 0
5741 ORDER 2856 40 32 2 11 0
5742 ORDER 2857 37 23 2 7 0
5743 CANCEL 2811
5743 ORDER 2858 40 5 2 4 2
5746 ORDER 2859 27 3 1 9 2
5747 ORDER 2860 36 11 34 37 0
5748 ORDER 2861 31 15 3 37 0
5749 ORDER 2862 18 14 40 38 0
5752 ORDER 2863 34 20 29 37 0
5755 UNBLOCK 31 1
5755 ORDER 2864 26 11 38 37 0
5759 ORDER 2865 24 30 47 38 0
5761 ORDER 2866 15 6 9 38 0
5762 ORDER 2867 11 8 26 38 1
5763 ORDER 2868 23 23 47 38 0
5764 ORDER 2869 9 21 3 38 0
5766 UNBLOCK 13 35
5767 ORDER 2870 44 5 2 9 2
5768 ORDER 2871 20 15 42 38 0
5772 ORDER 2872 22 21 26 37 2
5774 ORDER 2873 27 11 1 27 1
5775 ORDER 2874 38 26 3 34 2
5777 ORDER 2875 28 21 41 38 0
5778 ORDER 2876 15 5 9 37 1
5779 ORDER 2877 43 15 3 19 0
5780 ORDER 2878 37 32 3 4 3
5782 ORDER 2879 43 30 5 37 0
5783 ORDER 2880 12 5 34 38 1
5790 ORDER 2881 31 32 25 38 0
5791 ORDER 2882 8 30 37 38 0
5792 CANCEL 2817
5792 ORDER 2883 38 33 3 19 0
5794 UNBLOCK 37 20
5794 ORDER 2884 30 6 2 33 2
5796 ORDER 2885 6 25 1 30 0
5797 CANCEL 2791
5798 ORDER 2886 32 11 2 2 0
5800 BLOCK 5 21
5801 ORDER 2887 22 20 1 36 2
5802 ORDER 2888 37 3 33 38 3
5808 ORDER 2889 17 15 5 38 0
5811 ORDER 2890 42 17 2 8 0
5813 ORDER 2891 27 6 3 31 1
5813 BLOCK 12 15
5814 ORDER 2892 26 11 3 12 1
5815 ORDER 2893 41 8 47 38 0
5817 ORDER 2894 21 17 2 31 1
5818 UNBLOCK 13 35
5818 BLOCK 39 3
5820 ORDER 2895 43 20 39 37 0
5821 ORDER 2896 38 5 1 33 0
5827 UNBLOCK 25 29
5827 ORDER 2897 36 29 46 38 0
5827 BLOCK 45 24
5828 ORDER 2898 16 6 3 30 0
5831 ORDER 2899 26 12 1 1 2
5832 ORDER 2900 13 17 18 37 1
5833 ORDER 2901 22 21 19 38 0
5834 ORDER 2902 9 12 1 9 0
5835 UNBLOCK 40 23
5836 ORDER 2903 22 17 2 29 2
5839 ORDER 2904 26 6 2 6 0
5840 UNBLOCK 12 15
5840 BLOCK 33 6
5841 ORDER 2905 9 23 15 38 3
5842 ORDER 2906 11 35 3 21 1
5844 ORDER 2907 20 6 1 24 0
5845 ORDER 2908 14 9 35 38 1
5846 ORDER 2909 39 21 3 24 0
5848 ORDER 2910 28 15 1 36 0
5850 UNBLOCK 5 21
5850 ORDER 2911 18 20 3 25 0
5851 ORDER 2912 20 12 1 38 1
5852 ORDER 2913 20 18 34 38 2
5855 ORDER 2914 20 3 26 38 0
5856 ORDER 2915 12 24 1 4 1
5857 ORDER 2916 43 35 25 37 1
5858 ORDER 2917 28 27 40 38 0
5862 ORDER 2918 29 12 3 35 0
5865 ORDER 2919 14 29 35 38 1
5868 ORDER 2920 7 6 1 14 0
5869 ORDER 2921 44 5 45 38 0
5870 BLOCK 39 24
5872 ORDER 2922 21 3 1 22 0
5873 ORDER 2923 26 3 1 5 0
5874 ORDER 2924 17 35 44 38 0
5876 ORDER 2925 23 23 25 37 1
5877 ORDER 2926 18 27 3 35 0
5877 BLOCK 11 29
5879 ORDER 2927 42 11 37 38 0
5880 ORDER 2928 10 26 3 6 1
5883 ORDER 2929 42 18 37 37 1
5887 ORDER 2930 31 23 1 21 0
5888 ORDER 2931 22 11 2 34 0
5889 ORDER 2932 33 26 29 37 0
5892 ORDER 2933 11 8 30 38 0
5895 ORDER 2934 41 8 19 37 1
5896 ORDER 2935 43 18 10 38 2
5898 ORDER 2936 9 15 17 37 1
5898 BLOCK 32 2
5899 ORDER 2937 32 8 26 38 1
5902 ORDER 2938 45 23 2 8 1
5903 ORDER 2939 9 6 2 38 0
5906 ORDER 2940 28 14 3 30 0
5907 ORDER 2941 31 17 43 37 0
5908 ORDER 2942 40 9 3 19 0
5909 ORDER 2943 40 26 11 37 1
5911 ORDER 2944 19 18 3 4 2
5913 CANCEL 2886
5913 ORDER 2945 30 26 1 23 1
5914 ORDER 2946 37 21 21 38 2
5915 ORDER 2947 23 14 1 16 0
5916 ORDER 2948 32 11 28 37 0
5918 ORDER 2949 20 14 32 38 2
5919 ORDER 2950 39 32 30 37 3
5920 CANCEL 2915
5920 ORDER 2951 20 11 25 37 3
5921 ORDER 2952 28 33 19 38 0
5925 ORDER 2953 11 32 3 3 2
5926 ORDER 2954 42 30 32 37 3
5926 CANCEL 102954
5928 ORDER 2955 31 27 3 32 0
5928 BLOCK 33 37
5930 UNBLOCK 33 6
5933 BLOCK 43 21
5935 ORDER 2956 30 8 2 37 1
5936 ORDER 2957 16 23 2 32 0
5936 CANCEL 102957
5938 BLOCK 21 11
5939 CANCEL 2932
5940 ORDER 2958 43 11 15 37 1
5940 BLOCK 29 2
5941 ORDER 2959 18 6 3 5 1
5942 ORDER 2960 9 23 3 32 0
5943 UNBLOCK 11 29
5943 ORDER 2961 41 5 25 38 0
5944 ORDER 2962 36 29 2 23 1
5945 UNBLOCK 39 3
5946 ORDER 2963 28 3 3 23 0
5948 ORDER 2964 39 29 22 37 0
5951 ORDER 2965 21 5 2 35 1
5958 ORDER 2966 27 8 42 38 0
5961 UNBLOCK 21 11
5965 ORDER 2967 10 26 1 32 3
5966 ORDER 2968 27 21 2 10 1
5967 ORDER 2969 31 6 2 31 3
5971 ORDER 2970 16 6 3 30 1
5972 ORDER 2971 40 3 31 38 0
5972 BLOCK 32 6
5973 UNBLOCK 43 21
5973 ORDER 2972 14 12 1 28 0
5974 ORDER 2973 20 24 34 38 3
5975 ORDER 2974 30 21 38 37 2
5976 UNBLOCK 45 24
5978 UNBLOCK 39 24
5979 ORDER 2975 23 26 1 21 1
5980 BLOCK 22 18
5981 ORDER 2976 18 15 28 37 0
5985 ORDER 2977 14 18 22 38 1
5988 ORDER 2978 40 15 20 37 0
5989 ORDER 2979 44 6 2 21 0
5990 ORDER 2980 21 24 2 3 2
5992 BLOCK 6 24
5993 ORDER 2981 10 29 44 38 0
5995 ORDER 2982 39 20 6 37 0
5996 ORDER 2983 35 29 19 37 1
5997 ORDER 2984 28 24 3 6 0
5999 ORDER 2985 44 3 1 9 1
6001 ORDER 2986 9 5 3 8 0
6002 UNBLOCK 32 6
6004 UNBLOCK 33 37
6004 CANCEL 2978
6006 ORDER 2987 8 26 2 37 0
6011 ORDER 2988 28 29 3 12 1
6013 ORDER 2989 12 33 27 38 1
6015 ORDER 2990 15 35 9 37 0
6018 ORDER 2991 20 18 30 37 1
6020 UNBLOCK 32 2
6022 ORDER 2992 6 21 10 37 0
6023 CANCEL 2968
6024 ORDER 2993 22 6 2 37 0
6025 ORDER 2994 9 35 3 12 0
6026 ORDER 2995 11 8 8 38 0
6028 ORDER 2996 14 27 28 37 0
6029 ORDER 2997 18 18 2 14 0
6032 ORDER 2998 45 12 3 23 0
6035 ORDER 2999 40 9 2 27 0
6036 ORDER 3000 26 12 13 38 0
6037 CANCEL 2907
6037 ORDER 3001 37 14 1 15 1
6040 ORDER 3002 35 20 41 38 2
6041 UNBLOCK 29 2
6041 ORDER 3003 34 12 2 32 0
6045 ORDER 3004 9 33 46 37 0
6046 ORDER 3005 45 21 26 38 2
6048 ORDER 3006 29 23 39 38 0
6049 ORDER 3007 45 12 1 14 1
6050 UNBLOCK 22 18
6050 ORDER 3008 21 20 14 38 0
6051 ORDER 3009 32 24 14 38 0
6051 BLOCK 26 32
6053 ORDER 3010 42 30 28 37 1
6056 ORDER 3011 28 14 29 37 1
6056 BLOCK 5 37
6057 ORDER 3012 21 8 29 38 0
6059 ORDER 3013 43 35 2 22 1
6061 ORDER 3014 35 35 1 11 2
6063 BLOCK 44 31
6065 ORDER 3015 22 20 36 38 0
6066 BLOCK 45 16
6068 BLOCK 41 29
6070 BLOCK 42 38
6071 ORDER 3016 20 23 3 9 0
6072 ORDER 3017 7 20 36 37 0
6074 ORDER 3018 33 20 40 37 0
6075 BLOCK 5 6
6076 ORDER 3019 29 14 47 38 0
6077 ORDER 3020 44 29 1 14 2
6078 CANCEL 3012
6078 ORDER 3021 30 35 1 8 0
6080 UNBLOCK 5 37
6082 ORDER 3022 26 35 27 38 0
6084 ORDER 3023 39 18 33 37 3
6086 ORDER 3024 36 8 1 22 1
6088 ORDER 3025 45 20 2 14 1
6091 ORDER 3026 26 8 34 37 0
6091 BLOCK 32 14
6093 ORDER 3027 32 33 25 38 0
6096 ORDER 3028 22 26 2 35 0
6097 ORDER 3029 14 14 1 30 0
6098 ORDER 3030 30 24 2 22 0
6099 ORDER 3031 42 26 19 38 1
6102 ORDER 3032 12 5 2 15 0
6104 ORDER 3033 37 3 3 25 0
6106 ORDER 3034 11 21 44 38 0
6109 UNBLOCK 5 6
6109 ORDER 3035 31 6 3 6 0
6110 ORDER 3036 26 9 3 9 1
6113 ORDER 3037 8 12 3 18 1
6114 ORDER 3038 6 32 19 37 2
6115 ORDER 3039 23 30 2 18 0
6117 ORDER 3040 35 8 22 37 0
6119 UNBLOCK 32 14
6119 BLOCK 41 24
6120 UNBLOCK 6 24
6121 ORDER 3041 6 9 3 8 0
6121 BLOCK 9 15
6124 ORDER 3042 8 33 2 29 1
6126 ORDER 3043 24 14 3 12 0
6127 ORDER 3044 38 21 2 33 0
6127 BLOCK 13 3
6129 ORDER 3045 36 11 3 34 0
6131 ORDER 3046 37 9 2 37 0
6132 ORDER 3047 28 12 6 38 1
6133 ORDER 3048 19 8 32 38 0
6135 ORDER 3049 37 5 14 38 0
6137 ORDER 3050 6 20 1 23 0
6138 ORDER 3051 8 32 39 38 1
6139 ORDER 3052 9 27 3 1 2
6140 ORDER 3053 43 15 28 37 0
6141 ORDER 3054 40 15 3 8 0
6142 ORDER 3055 33 27 1 2 2
6143 ORDER 3056 44 33 3 28 0
6144 ORDER 3057 45 29 1 35 0
6148 ORDER 3058 35 27 42 37 0
6150 ORDER 3059 43 18 1 25 0
6154 ORDER 3060 39 15 1 23 2
6156 ORDER 3061 37 5 38 37 2
6158 UNBLOCK 26 32
6158 BLOCK 38 2
6161 ORDER 3062 13 27 2 2 2
6162 ORDER 3063 29 18 26 38 1
6163 ORDER 3064 20 9 25 38 0
6164 ORDER 3065 28 24 3 11 0
6165 BLOCK 33 37
6167 ORDER 3066 6 16 3 36 0
6167 BLOCK 35 31
6168 ORDER 3067 21 26 30 37 0
6169 UNBLOCK 41 29
6171 ORDER 3068 44 15 1 14 0
6171 BLOCK 13 17
6172 ORDER 3069 34 24 1 30 0
6176 UNBLOCK 41 24
6179 UNBLOCK 45 16
6182 ORDER 3070 12 24 41 37 0
6184 CANCEL 3024
6187 UNBLOCK 42 38
6187 ORDER 3071 11 26 2 27 0
6188 UNBLOCK 44 31
6189 ORDER 3072 8 21 3 3 0
6190 UNBLOCK 9 15
6193 ORDER 3073 10 24 2 27 0
6194 ORDER 3074 14 27 1 18 2
6194 BLOCK 26 3
6199 UNBLOCK 13 17
6201 ORDER 3075 37 11 3 23 1
6208 BLOCK 23 35
6210 ORDER 3076 28 24 1 8 1
6211 ORDER 3077 41 6 11 37 0
6212 ORDER 3078 21 17 48 38 0
6213 ORDER 3079 42 12 48 37 3
6214 UNBLOCK 38 2
6214 ORDER 3080 13 27 22 37 0
6216 ORDER 3081 30 12 3 38 1
6216 BLOCK 14 6
6217 ORDER 3082 22 26 4 38 2
6218 ORDER 3083 7 27 46 38 2
6221 ORDER 3084 44 8 2 13 0
6221 BLOCK 41 24
6222 ORDER 3085 38 12 3 31 0
6224 ORDER 3086 39 26 2 37 0
6229 ORDER 3087 44 15 2 10 0
6231 ORDER 3088 10 29 3 23 0
6232 ORDER 3089 18 24 3 31 0
6233 UNBLOCK 33 37
6233 ORDER 3090 39 8 23 38 0
6234 ORDER 3091 25 32 3 7 1
6235 ORDER 3092 42 23 44 37 0
6237 ORDER 3093 24 24 3 37 2
6237 BLOCK 19 23
6239 BLOCK 24 4
6240 ORDER 3094 40 15 3 19 0
6242 ORDER 3095 10 24 18 37 1
6243 ORDER 3096 16 21 1 6 1
6245 ORDER 3097 19 33 1 13 2
6249 UNBLOCK 13 3
6251 ORDER 3098 19 6 4 38 0
6253 ORDER 3099 7 15 3 37 0
6256 ORDER 3100 39 14 16 38 1
6257 UNBLOCK 14 6
6257 BLOCK 30 11
6258 ORDER 3101 24 12 1 37 0
6260 ORDER 3102 18 20 38 38 0
6262 ORDER 3103 25 20 17 37 0
6262 BLOCK 24 1
6263 ORDER 3104 29 35 13 38 1
6265 ORDER 3105 17 27 3 28 0
6266 ORDER 3106 32 26 2 31 1
6268 UNBLOCK 26 3
6270 ORDER 3107 18 9 32 37 0
6271 ORDER 3108 16 5 3 24 0
6273 ORDER 3109 21 9 3 27 0
6275 ORDER 3110 37 32 34 38 2
6280 UNBLOCK 35 31
6281 ORDER 3111 31 30 13 38 0
6282 ORDER 3112 17 30 7 37 0
6283 ORDER 3113 42 23 7 38 2
6284 ORDER 3114 9 32 4 38 0
6285 CANCEL 3044
6285 ORDER 3115 9 9 43 38 0
6287 ORDER 3116 28 5 3 12 0
6288 ORDER 3117 29 21 3 16 0
6289 ORDER 3118 6 11 48 37 1
6290 UNBLOCK 41 24
6290 ORDER 3119 31 20 2 28 1
6292 ORDER 3120 7 21 2 15 0
6294 ORDER 3121 6 27 2 37 0
6294 BLOCK 32 15
6295 ORDER 3122 31 14 2 32 2
6296 ORDER 3123 9 32 1 25 1
6297 ORDER 3124 34 27 2 1 1
6297 BLOCK 42 30
6298 ORDER 3125 31 27 31 37 3
6298 BLOCK 32 11
6299 ORDER 3126 20 17 42 37 0
6300 UNBLOCK 24 4
6301 ORDER 3127 7 27 3 15 0
6302 ORDER 3128 45 18 3 33 1
6303 ORDER 3129 17 14 3 37 2
6305 ORDER 3130 8 26 1 7 0
6309 ORDER 3131 41 5 17 37 2
6311 ORDER 3132 35 6 2 6 1
6312 ORDER 3133 20 33 41 37 1
6313 ORDER 3134 39 29 11 38 0
6314 CANCEL 3116
6314 ORDER 3135 15 35 2 16 2
6315 ORDER 3136 11 32 1 24 2
6316 BLOCK 22 6
6318 UNBLOCK 24 1
6321 ORDER 3137 15 8 18 37 1
6321 BLOCK 31 26
6322 ORDER 3138 26 21 3 2 2
6323 ORDER 3139 31 27 23 37 0
6325 ORDER 3140 7 6 3 33 0
6327 UNBLOCK 23 35
6327 BLOCK 26 11
6328 ORDER 3141 23 29 1 18 3
6330 ORDER 3142 7 6 2 14 0
6331 ORDER 3143 28 6 42 37 0
6332 ORDER 3144 36 27 8 38 3
6333 ORDER 3145 38 24 39 37 2
6334 ORDER 3146 29 17 1 38 1
6336 ORDER 3147 30 35 1 30 0
6337 ORDER 3148 17 11 2 26 0
6343 ORDER 3149 37 23 46 38 1
6344 ORDER 3150 13 9 1 34 0
6347 UNBLOCK 19 23
6350 ORDER 3151 11 12 2 34 0
6350 BLOCK 13 23
6352 ORDER 3152 43 3 10 38 0
6354 ORDER 3153 43 11 16 37 1
6355 UNBLOCK 31 26
6355 ORDER 3154 26 23 2 30 0
6357 ORDER 3155 36 27 19 37 1
6358 ORDER 3156 9 15 1 9 0
6359 ORDER 3157 10 23 4 37 1
6361 CANCEL 3104
6362 UNBLOCK 32 15
6362 ORDER 3158 19 20 45 38 0
6364 BLOCK 43 36
6366 ORDER 3159 6 33 4 38 0
6369 ORDER 3160 24 12 9 38 1
6370 ORDER 3161 29 9 1 16 0
6371 ORDER 3162 6 20 2 23 0
6373 ORDER 3163 32 5 3 18 0
6374 ORDER 3164 41 23 33 38 3
6376 ORDER 3165 7 32 10 38 0
6378 ORDER 3166 30 20 2 7 0
6379 CANCEL 3140
6380 ORDER 3167 29 8 11 37 0
6384 ORDER 3168 17 33 3 26 0
6385 ORDER 3169 31 33 10 37 0
6387 UNBLOCK 42 30
6388 UNBLOCK 30 11
6389 ORDER 3170 8 15 1 29 1
6390 ORDER 3171 11 19 21 38 0
6392 ORDER 3172 12 27 1 15 3
6393 ORDER 3173 33 15 2 8 0
6394 ORDER 3174 27 17 1 32 0
6395 UNBLOCK 32 11
6396 ORDER 3175 20 32 26 38 0
6396 BLOCK 8 32
6397 ORDER 3176 41 5 2 13 0
6398 UNBLOCK 13 23
6398 ORDER 3177 8 24 47 38 0
6400 ORDER 3178 29 32 3 19 2
6401 ORDER 3179 26 12 3 36 1
6403 UNBLOCK 43 36
6403 ORDER 3180 10 15 2 29 0
6405 ORDER 3181 6 27 2 37 0
6406 ORDER 3182 45 23 3 11 3
6407 ORDER 3183 20 5 14 38 0
6408 CANCEL 3129
6408 ORDER 3184 37 12 2 27 2
6409 ORDER 3185 16 17 3 6 0
6415 ORDER 3186 12 32 2 9 0
6416 ORDER 3187 31 9 5 38 1
6417 ORDER 3188 15 12 32 38 0
6418 ORDER 3189 15 12 9 37 0
6419 ORDER 3190 12 18 7 38 1
6420 ORDER 3191 39 33 29 37 1
6420 BLOCK 38 12
6421 ORDER 3192 6 17 1 30 0
6422 ORDER 3193 22 9 2 17 0
6424 ORDER 3194 19 5 20 38 0
6425 ORDER 3195 34 27 1 11 1
6428 ORDER 3196 37 5 1 15 1
6429 ORDER 3197 6 12 36 37 2
6430 ORDER 3198 31 3 1 38 1
6432 ORDER 3199 30 21 20 38 1
6434 CANCEL 3177
6435 UNBLOCK 8 32
6436 ORDER 3200 42 5 26 38 1
6437 ORDER 3201 9 5 12 37 1
6438 ORDER 3202 38 11 35 38 1
6440 ORDER 3203 11 6 3 13 1
6441 ORDER 3204 7 17 9 37 1
6442 ORDER 3205 18 21 1 37 1
6446 ORDER 3206 14 18 45 38 0
6447 UNBLOCK 38 12
6447 ORDER 3207 29 20 1 1 1
6449 ORDER 3208 28 17 4 37 0
6450 ORDER 3209 11 30 1 32 0
6451 ORDER 3210 45 24 3 29 0
6453 ORDER 3211 9 23 5 37 0
6454 UNBLOCK 22 6
6454 ORDER 3212 34 15 9 37 1
6456 ORDER 3213 18 21 3 34 1
6457 ORDER 3214 14 11 1 34 3
6459 ORDER 3215 20 24 12 38 1
6460 ORDER 3216 23 14 3 32 2
6462 ORDER 3217 39 30 2 20 3
6462 CANCEL 103217
6463 ORDER 3218 8 14 1 10 0
6464 ORDER 3219 9 29 47 38 1
6465 ORDER 3220 19 23 38 38 1
6467 ORDER 3221 26 12 32 37 0
6468 ORDER 3222 45 18 11 37 2
6469 ORDER 3223 8 8 2 31 0
6470 ORDER 3224 40 5 1 34 1
6471 UNBLOCK 26 11
6472 ORDER 3225 33 5 1 37 0
6473 ORDER 3226 18 21 1 7 2
6475 ORDER 3227 6 35 3 11 0
6476 ORDER 3228 12 21 8 37 0
6478 ORDER 3229 18 27 11 38 1
6479 ORDER 3230 29 3 1 15 0
6484 ORDER 3231 44 5 14 37 0
6485 ORDER 3232 10 14 3 31 1
6487 ORDER 3233 11 29 2 27 1
6491 ORDER 3234 10 6 21 37 0
6492 ORDER 3235 6 21 4 37 0
6494 CANCEL 3151
6494 ORDER 3236 28 8 31 37 0
6497 CANCEL 103236
6498 ORDER 3237 23 23 2 31 0
6499 ORDER 3238 34 3 1 7 0
6501 ORDER 3239 31 27 1 37 0
6502 ORDER 3240 11 27 2 27 0
6504 ORDER 3241 36 27 17 38 0
6506 BLOCK 24 17
6509 ORDER 3242 10 15 2 4 1
6510 ORDER 3243 33 20 27 38 1
6514 ORDER 3244 33 20 16 37 1
6518 ORDER 3245 13 17 38 38 0
6520 ORDER 3246 29 5 34 38 0
6521 ORDER 3247 8 23 3 6 0
6525 ORDER 3248 38 17 14 38 2
6527 BLOCK 45 10
6531 ORDER 3249 19 11 40 37 0
6532 ORDER 3250 13 24 2 18 1
6533 ORDER 3251 41 27 2 26 0
6534 ORDER 3252 44 6 1 21 1
6535 ORDER 3253 28 32 10 37 0
6540 ORDER 3254 11 17 2 29 0
6542 CANCEL 3190
6542 ORDER 3255 23 3 1 6 1
6545 ORDER 3256 41 29 24 38 1
6548 ORDER 3257 10 5 19 37 1
6548 BLOCK 45 38
6549 ORDER 3258 41 29 6 37 2
6552 ORDER 3259 23 24 1 20 3
6553 ORDER 3260 35 29 2 8 3
6554 ORDER 3261 13 15 3 29 0
6555 ORDER 3262 39 23 25 38 1
6556 ORDER 3263 17 21 1 15 2
6557 ORDER 3264 30 24 2 18 2
6558 ORDER 3265 41 24 16 38 0
6559 BLOCK 44 35
6562 ORDER 3266 12 24 3 8 0
6564 ORDER 3267 23 32 2 14 3
6565 ORDER 3268 11 29 23 38 0
6566 ORDER 3269 37 6 48 38 0
6568 ORDER 3270 39 6 3 6 0
6571 CANCEL 3270
6571 ORDER 3271 39 35 21 38 1
6572 ORDER 3272 36 8 2 8 1
6574 CANCEL 3272
6574 ORDER 3273 14 26 3 33 0
6575 ORDER 3274 41 3 3 8 0
6576 UNBLOCK 24 17
6577 ORDER 3275 39 24 3 1 0
6578 ORDER 3276 8 30 2 19 0
6580 CANCEL 3189
6580 UNBLOCK 45 10
6581 ORDER 3277 36 20 2 24 0
6582 ORDER 3278 9 33 19 38 0
6585 ORDER 3279 6 33 21 37 0
6586 ORDER 3280 19 9 1 20 0
6589 ORDER 3281 35 8 23 38 1
6590 ORDER 3282 30 14 2 34 0
6591 ORDER 3283 29 21 2 28 1
6591 BLOCK 45 6
6594 ORDER 3284 40 9 3 25 0
6597 ORDER 3285 18 26 2 30 1
6598 ORDER 3286 22 30 9 38 0
6599 ORDER 3287 20 20 35 37 1
6600 ORDER 3288 43 35 23 37 1
6602 ORDER 3289 15 8 3 5 0
6603 ORDER 3290 14 18 2 10 2
6604 ORDER 3291 7 30 1 32 2
6605 ORDER 3292 8 21 2 15 2
6607 ORDER 3293 23 30 3 23 2
6610 ORDER 3294 43 32 10 37 0
6613 ORDER 3295 18 24 1 32 0
6614 ORDER 3296 19 23 19 37 0
6615 UNBLOCK 44 35
6618 ORDER 3297 42 17 28 37 0
6619 ORDER 3298 10 5 3 29 0
6621 ORDER 3299 30 23 1 27 0
6624 ORDER 3300 38 32 1 38 1
6624 BLOCK 27 30
6625 ORDER 3301 10 21 34 38 0
6627 ORDER 3302 34 23 23 38 0
6628 ORDER 3303 22 3 3 31 0
6631 ORDER 3304 18 5 2 16 0
6632 ORDER 3305 31 27 7 38 0
6633 ORDER 3306 8 29 29 38 0
6634 ORDER 3307 40 18 3 18 0
6636 ORDER 3308 42 3 10 37 0
6637 ORDER 3309 8 32 21 38 3
6637 BLOCK 9 1
6638 ORDER 3310 22 20 11 38 1
6639 ORDER 3311 25 35 44 38 1
6641 ORDER 3312 44 18 3 11 2
6642 ORDER 3313 22 18 1 30 0
6644 BLOCK 45 17
6646 UNBLOCK 45 38
6646 ORDER 3314 23 18 1 3 1
6647 BLOCK 37 27
6649 ORDER 3315 37 26 3 29 0
6650 ORDER 3316 35 8 2 29 1
6650 BLOCK 22 12
6651 ORDER 3317 25 20 1 1 0
6654 ORDER 3318 23 27 3 2 1
6655 ORDER 3319 39 14 43 38 0
6656 ORDER 3320 24 17 3 8 0
6659 ORDER 3321 37 15 3 2 0
6660 ORDER 3322 37 14 1 19 0
6661 ORDER 3323 40 29 31 38 0
6663 ORDER 3324 18 12 3 4 0
6666 ORDER 3325 12 32 17 37 0
6668 CANCEL 3260
6668 ORDER 3326 19 11 2 32 0
6670 ORDER 3327 21 6 41 37 0
6675 ORDER 3328 37 23 1 37 3
6677 ORDER 3329 7 14 22 37 2
6679 ORDER 3330 45 33 46 38 0
6682 ORDER 3331 10 33 1 12 0
6684 ORDER 3332 11 32 41 37 1
6685 ORDER 3333 7 14 32 38 0
6686 UNBLOCK 27 30
6686 ORDER 3334 42 29 2 10 0
6688 ORDER 3335 18 9 3 38 0
6688 BLOCK 5 9
6691 ORDER 3336 36 33 2 37 0
6692 ORDER 3337 27 23 12 38 1
6694 ORDER 3338 26 8 3 29 2
6695 ORDER 3339 42 29 10 37 1
6696 ORDER 3340 25 27 31 38 0
6696 BLOCK 15 11
6699 ORDER 3341 8 24 1 24 1
6700 UNBLOCK 9 1
6700 ORDER 3342 45 20 16 37 0
6701 ORDER 3343 8 17 3 2 0
6703 ORDER 3344 10 6 2 7 1
6705 ORDER 3345 11 11 47 37 0
6706 ORDER 3346 10 20 2 12 1
6708 BLOCK 7 6
6710 UNBLOCK 45 6
6713 ORDER 3347 8 3 17 37 0
6714 ORDER 3348 18 33 1 3 0
6718 ORDER 3349 9 5 2 24 0
6721 ORDER 3350 22 27 6 37 1
6723 ORDER 3351 12 9 3 5 1
6724 ORDER 3352 6 11 1 11 0
6725 ORDER 3353 17 32 21 37 0
6726 ORDER 3354 19 24 3 26 0
6727 CANCEL 3317
6727 ORDER 3355 13 9 3 23 0
6728 ORDER 3356 42 29 3 21 2
6732 ORDER 3357 45 23 22 37 0
6736 ORDER 3358 8 30 41 37 0
6738 ORDER 3359 25 30 6 37 1
6739 ORDER 3360 26 12 3 13 1
6742 ORDER 3361 45 33 40 37 0
6746 ORDER 3362 27 8 1 9 0
6747 ORDER 3363 23 21 1 8 0
6748 UNBLOCK 45 17
6748 ORDER 3364 28 33 2 37 0
6749 UNBLOCK 37 27
6752 ORDER 3365 27 33 40 37 2
6754 ORDER 3366 24 14 2 2 0
6755 ORDER 3367 20 24 42 37 0
6757 ORDER 3368 41 30 1 10 0
6761 ORDER 3369 41 15 12 38 0
6763 ORDER 3370 16 5 1 26 0
6764 ORDER 3371 25 6 2 22 2
6768 UNBLOCK 22 12
6770 UNBLOCK 7 6
6771 ORDER 3372 18 24 2 11 0
6776 ORDER 3373 7 32 3 37 0
6777 ORDER 3374 10 6 26 37 1
6778 ORDER 3375 19 20 3 21 0
6779 BLOCK 23 5
6781 UNBLOCK 15 11
6781 ORDER 3376 12 3 29 38 1
6782 ORDER 3377 26 35 2 14 0
6783 ORDER 3378 9 33 3 2 0
6784 ORDER 3379 45 33 2 35 1
6786 ORDER 3380 25 12 3 2 0
6787 ORDER 3381 22 20 47 37 1
6790 UNBLOCK 5 9
6791 ORDER 3382 19 27 1 15 0
6793 ORDER 3383 45 23 25 37 1
6794 ORDER 3384 37 17 1 28 0
6795 ORDER 3385 13 26 23 37 0
6797 ORDER 3386 37 30 6 38 1
6799 ORDER 3387 42 20 2 29 0
6800 ORDER 3388 19 11 36 38 0
6803 ORDER 3389 17 29 32 37 3
6805 ORDER 3390 35 14 3 27 0
6807 ORDER 3391 11 6 3 27 2
6808 ORDER 3392 27 24 2 26 1
6810 ORDER 3393 42 29 1 15 1
6811 ORDER 3394 20 32 3 36 0
6813 ORDER 3395 29 29 2 16 1
6815 ORDER 3396 23 30 2 11 3
6816 ORDER 3397 17 20 39 38 0
6821 UNBLOCK 23 5
6822 ORDER 3398 42 23 3 27 1
6823 ORDER 3399 19 35 27 38 0
6828 ORDER 3400 23 32 46 38 0
6829 ORDER 3401 25 6 3 16 0
6831 ORDER 3402 29 24 40 38 1
6833 ORDER 3403 37 30 3 30 3
6836 ORDER 3404 20 17 46 38 0
6839 ORDER 3405 12 9 18 38 0
6840 ORDER 3406 6 21 1 18 0
6842 ORDER 3407 19 29 3 25 1
6845 ORDER 3408 7 11 2 32 0
6846 ORDER 3409 33 3 1 32 0
6846 BLOCK 14 29
6851 ORDER 3410 11 35 2 5 0
6854 ORDER 3411 14 29 8 38 2
6855 ORDER 3412 45 24 15 37 1
6857 ORDER 3413 30 5 2 1 2
6858 ORDER 3414 32 6 2 15 0
6859 ORDER 3415 23 23 3 1 0
6862 ORDER 3416 10 14 41 37 1
6863 ORDER 3417 24 15 3 35 3
6867 ORDER 3418 18 35 3 7 3
6868 ORDER 3419 35 33 1 7 0
6873 ORDER 3420 24 15 18 37 1
6876 ORDER 3421 7 12 2 31 0
6877 ORDER 3422 13 18 3 34 1
6879 ORDER 3423 21 33 29 38 0
6880 ORDER 3424 8 3 3 22 2
6885 ORDER 3425 19 15 3 29 2
6889 ORDER 3426 45 26 2 5 0
6892 ORDER 3427 16 8 48 38 3
6894 ORDER 3428 29 3 14 38 0
6897 ORDER 3429 13 11 26 38 1
6899 UNBLOCK 14 29
6900 BLOCK 12 6
6901 ORDER 3430 35 8 3 33 0
6901 BLOCK 21 14
6902 ORDER 3431 34 15 38 37 0
6904 ORDER 3432 9 6 16 37 0
6905 ORDER 3433 24 29 4 37 0
6908 ORDER 3434 38 33 3 26 0
6910 ORDER 3435 23 24 2 27 1
6912 ORDER 3436 6 24 1 20 2
6913 ORDER 3437 44 18 2 25 1
6914 ORDER 3438 32 5 1 1 0
6916 CANCEL 3399
6919 ORDER 3439 40 29 1 35 0
6921 ORDER 3440 32 29 1 3 1
6922 ORDER 3441 43 29 25 38 0
6923 ORDER 3442 17 17 44 37 1
6924 ORDER 3443 23 5 38 37 0
6926 ORDER 3444 45 23 35 38 1
6929 ORDER 3445 7 17 18 37 2
6929 BLOCK 25 36
6930 ORDER 3446 41 23 1 26 0
6930 BLOCK 12 20
6932 ORDER 3447 41 20 7 38 0
6933 ORDER 3448 7 35 3 23 0
6941 ORDER 3449 12 26 46 37 0
6943 BLOCK 43 37
6945 ORDER 3450 39 3 2 30 0
6946 ORDER 3451 42 12 1 6 0
6948 ORDER 3452 31 21 8 38 0
6950 ORDER 3453 22 6 1 27 2
6952 UNBLOCK 25 36
6952 ORDER 3454 33 24 8 37 2
6953 UNBLOCK 12 6
6954 ORDER 3455 31 8 34 37 1
6955 ORDER 3456 41 6 3 20 1
6960 ORDER 3457 39 35 2 29 0
6961 ORDER 3458 33 32 3 14 2
6962 BLOCK 15 2
6963 ORDER 3459 30 20 2 19 1
6964 BLOCK 7 8
6965 ORDER 3460 29 8 3 20 3
6967 ORDER 3461 42 20 17 38 0
6968 ORDER 3462 6 24 1 13 0
6973 BLOCK 23 6
6975 ORDER 3463 36 27 2 36 3
6978 UNBLOCK 21 14
6979 ORDER 3464 9 24 2 10 0
6981 ORDER 3465 28 27 20 37 0
6982 ORDER 3466 32 8 1 9 2
6982 BLOCK 14 16
6985 ORDER 3467 19 32 27 38 1
6989 ORDER 3468 28 9 2 8 1
6992 ORDER 3469 31 5 2 2 0
6993 ORDER 3470 40 26 2 27 0
6994 ORDER 3471 18 26 48 38 1
6995 ORDER 3472 43 9 2 9 2
6998 ORDER 3473 18 11 38 37 2
7003 UNBLOCK 43 37
7006 ORDER 3474 28 11 6 37 0
7008 ORDER 3475 24 17 2 25 1
7009 ORDER 3476 40 20 47 37 1
7011 ORDER 3477 39 30 45 37 0
7012 ORDER 3478 15 14 27 38 0
7015 ORDER 3479 34 26 3 23 1
7019 ORDER 3480 15 6 2 10 2
7021 ORDER 3481 8 15 2 21 0
7022 BLOCK 18 8
7023 ORDER 3482 39 27 32 38 0
7026 ORDER 3483 28 6 40 37 1
7027 ORDER 3484 28 33 36 38 3
7029 ORDER 3485 18 26 42 38 0
7031 ORDER 3486 21 30 2 38 3
7033 ORDER 3487 42 32 1 28 0
7035 ORDER 3488 19 18 3 34 0
7036 ORDER 3489 39 11 33 38 0
7037 ORDER 3490 20 12 14 37 0
7039 ORDER 3491 8 35 1 2 2
7041 BLOCK 21 17
7043 ORDER 3492 43 15 3 10 0
7045 ORDER 3493 19 18 27 38 0
7046 ORDER 3494 21 11 10 37 1
7050 ORDER 3495 7 23 2 31 3
7051 ORDER 3496 21 8 6 37 0
7055 UNBLOCK 14 16
7057 ORDER 3497 37 11 3 22 0
7058 ORDER 3498 35 35 3 38 0
7059 ORDER 3499 14 9 28 38 0
7060 ORDER 3500 39 35 29 38 0
7061 ORDER 3501 43 3 3 2 0
7062 BLOCK 33 26
7063 ORDER 3502 12 27 45 37 0
7064 ORDER 3503 41 12 2 4 1
7066 UNBLOCK 15 2
7066 UNBLOCK 21 17
7068 ORDER 3504 9 14 1 10 1
7069 ORDER 3505 21 15 46 38 0
7070 ORDER 3506 27 17 31 37 2
7071 ORDER 3507 20 29 3 6 2
7071 CANCEL 103507
7072 ORDER 3508 25 14 9 38 2
7075 ORDER 3509 38 5 2 29 1
7075 BLOCK 5 35
7076 UNBLOCK 12 20
7076 UNBLOCK 23 6
7076 ORDER 3510 37 33 2 29 1
7078 CANCEL 3494
7079 UNBLOCK 7 8
7079 ORDER 3511 45 18 10 37 0
7080 ORDER 3512 31 17 1 31 0
7085 ORDER 3513 31 29 1 13 0
7088 ORDER 3514 34 27 2 29 2
7090 ORDER 3515 23 27 23 37 1
7092 ORDER 3516 12 15 26 37 1
7093 ORDER 3517 42 3 3 30 1
7096 ORDER 3518 40 24 22 38 1
7098 ORDER 3519 33 17 2 24 3
7099 ORDER 3520 42 30 6 37 0
7100 ORDER 3521 42 30 15 38 1
7101 ORDER 3522 30 26 1 37 1
7105 ORDER 3523 20 5 1 9 1
7105 BLOCK 30 24
7106 ORDER 3524 22 21 47 38 0
7109 ORDER 3525 44 29 44 37 0
7110 ORDER 3526 35 8 10 37 0
7111 CANCEL 3436
7112 ORDER 3527 18 3 3 1 0
7113 ORDER 3528 13 11 2 17 1
7116 ORDER 3529 34 27 43 38 0
7117 ORDER 3530 11 18 2 31 0
7117 BLOCK 31 30
7119 ORDER 3531 34 5 1 35 0
7121 ORDER 3532 28 6 1 33 2
7121 BLOCK 15 20
7125 ORDER 3533 37 9 2 6 1
7127 ORDER 3534 31 27 42 38 1
7128 ORDER 3535 16 14 3 10 0
7129 ORDER 3536 12 21 11 38 1
7130 ORDER 3537 41 21 31 37 0
7133 ORDER 3538 20 30 1 29 0
7134 ORDER 3539 18 27 3 6 0
7137 CANCEL 3457
7138 ORDER 3540 17 35 43 37 2
7139 BLOCK 26 31
7140 UNBLOCK 30 24
7141 UNBLOCK 33 26
7141 ORDER 3541 13 26 48 38 1
7142 ORDER 3542 41 6 3 33 1
7143 ORDER 3543 28 3 3 2 1
7147 ORDER 3544 15 33 2 15 2
7148 ORDER 3545 32 24 1 38 2
7149 ORDER 3546 39 33 3 16 0
7152 ORDER 3547 22 30 1 2 3
7153 ORDER 3548 31 27 48 38 0
7154 ORDER 3549 6 8 1 23 1
7155 ORDER 3550 21 6 3 15 0
7157 ORDER 3551 24 30 43 38 0
7158 ORDER 3552 33 17 1 17 0
7159 ORDER 3553 29 5 31 38 0
7161 ORDER 3554 41 26 3 6 0
7163 ORDER 3555 41 12 28 37 1
7164 UNBLOCK 18 8
7164 ORDER 3556 39 23 34 38 0
7165 ORDER 3557 37 17 5 37 0
7166 ORDER 3558 23 15 2 23 3
7166 BLOCK 26 5
7168 ORDER 3559 12 17 1 12 1
7171 BLOCK 33 30
7173 ORDER 3560 42 30 40 38 3
7174 ORDER 3561 21 21 2 9 0
7175 ORDER 3562 29 17 2 4 0
7177 ORDER 3563 11 33 43 37 1
7178 ORDER 3564 43 15 3 35 0
7180 ORDER 3565 11 35 1 32 2
7181 ORDER 3566 22 5 3 11 0
7182 UNBLOCK 5 35
7182 ORDER 3567 34 15 2 37 2
7184 ORDER 3568 44 29 3 2 1
7185 ORDER 3569 25 32 2 18 0
7189 ORDER 3570 18 6 3 10 0
7190 ORDER 3571 23 9 3 24 1
7191 ORDER 3572 13 23 2 29 2
7195 ORDER 3573 24 18 2 25 2
7197 UNBLOCK 15 20
7197 ORDER 3574 13 27 1 1 1
7197 BLOCK 44 36
7198 ORDER 3575 43 18 44 37 3
7199 ORDER 3576 26 14 24 38 3
7200 ORDER 3577 12 35 13 38 0
7201 ORDER 3578 28 21 2 20 0
7202 ORDER 3579 30 30 45 38 1
7203 ORDER 3580 30 6 31 37 1
7206 ORDER 3581 32 18 28 37 0
7208 ORDER 3582 29 15 1 16 0
7212 ORDER 3583 23 27 28 37 1
7213 ORDER 3584 12 3 31 37 0
7214 ORDER 3585 9 35 24 38 1
7217 UNBLOCK 44 36
7217 ORDER 3586 42 3 1 19 0
7218 ORDER 3587 23 27 3 8 1
7219 UNBLOCK 26 5
7219 ORDER 3588 18 33 24 38 2
7220 ORDER 3589 25 29 2 17 1
7221 ORDER 3590 42 11 33 38 0
7224 ORDER 3591 10 5 47 38 0
7225 ORDER 3592 11 24 3 9 1
7227 UNBLOCK 31 30
7227 ORDER 3593 19 35 24 38 1
7229 ORDER 3594 27 24 3 15 0
7230 ORDER 3595 37 11 3 19 0
7231 ORDER 3596 10 26 27 37 1
7232 ORDER 3597 23 14 2 10 0
7233 ORDER 3598 37 5 3 32 0
7234 CANCEL 3488
7235 ORDER 3599 15 6 2 18 0
7239 CANCEL 3537
7241 ORDER 3600 18 29 3 5 0
7244 ORDER 3601 24 18 1 28 0
7244 BLOCK 31 15
7246 ORDER 3602 25 27 3 12 1
7250 ORDER 3603 7 11 6 37 0
7251 ORDER 3604 6 35 1 3 2
7252 ORDER 3605 39 9 36 38 0
7254 ORDER 3606 20 15 23 38 2
7256 ORDER 3607 24 15 16 38 1
7257 ORDER 3608 19 11 2 16 0
7257 BLOCK 5 33
7258 ORDER 3609 43 3 3 1 0
7261 ORDER 3610 20 32 12 38 0
7263 ORDER 3611 29 20 14 38 2
7263 BLOCK 23 38
7265 ORDER 3612 22 21 2 1 1
7267 ORDER 3613 33 30 3 23 0
7269 ORDER 3614 43 18 28 38 0
7270 ORDER 3615 40 35 39 38 0
7272 ORDER 3616 7 17 20 37 0
7274 ORDER 3617 36 8 1 34 0
7275 ORDER 3618 20 33 2 14 0
7278 ORDER 3619 28 21 2 17 0
7280 ORDER 3620 10 14 48 38 1
7284 ORDER 3621 6 12 1 20 0
7285 UNBLOCK 26 31
7285 ORDER 3622 39 15 48 38 2
7286 BLOCK 19 30
7291 ORDER 3623 43 27 24 38 1
7293 ORDER 3624 44 35 14 38 0
7296 ORDER 3625 38 21 3 37 0
7299 ORDER 3626 35 35 16 38 0
7301 ORDER 3627 10 15 1 31 0
7307 ORDER 3628 34 29 9 37 1
7309 ORDER 3629 30 23 8 37 0
7311 ORDER 3630 7 20 2 17 2
7312 UNBLOCK 33 30
7315 UNBLOCK 19 30
7315 ORDER 3631 20 27 37 38 0
7317 ORDER 3632 28 29 1 3 0
7319 ORDER 3633 27 6 20 38 0
7322 UNBLOCK 5 33
7322 ORDER 3634 29 35 1 20 0
7323 ORDER 3635 26 9 1 21 2
7325 ORDER 3636 41 24 2 37 0
7326 ORDER 3637 21 18 2 12 1
7329 ORDER 3638 8 15 3 37 2
7330 ORDER 3639 45 14 15 38 0
7331 UNBLOCK 31 15
7332 CANCEL 3576
7332 ORDER 3640 20 5 3 3 2
7333 ORDER 3641 42 24 3 22 0
7334 ORDER 3642 14 24 1 25 1
7336 ORDER 3643 36 30 2 12 1
7338 ORDER 3644 25 6 2 5 0
7339 ORDER 3645 36 32 2 32 0
7341 CANCEL 3605
7341 ORDER 3646 20 32 46 37 0
7345 ORDER 3647 26 35 1 17 0
7352 ORDER 3648 40 23 21 38 0
7353 ORDER 3649 42 26 4 37 1
7355 ORDER 3650 7 5 3 29 1
7356 ORDER 3651 28 17 2 26 0
7360 ORDER 3652 42 14 33 38 0
7361 UNBLOCK 23 38
7362 ORDER 3653 42 12 3 33 0
7364 ORDER 3654 9 17 1 23 1
7365 ORDER 3655 13 26 27 37 0
7366 ORDER 3656 35 14 1 33 0
7368 ORDER 3657 10 15 2 23 0
7369 BLOCK 38 24
7372 ORDER 3658 37 14 16 38 2
7373 ORDER 3659 41 15 35 38 2
7374 ORDER 3660 41 29 11 37 2
7375 ORDER 3661 31 33 27 38 0
7376 ORDER 3662 9 6 48 38 0
7376 BLOCK 24 10
7377 ORDER 3663 30 30 2 15 0
7378 ORDER 3664 32 18 3 6 0
7379 ORDER 3665 20 3 28 37 0
7385 ORDER 3666 44 26 1 28 0
7387 ORDER 3667 27 17 2 17 0
7388 ORDER 3668 8 18 1 36 0
7389 ORDER 3669 20 15 3 10 1
7390 ORDER 3670 32 29 3 19 0
7392 ORDER 3671 25 18 2 16 0
7393 ORDER 3672 19 26 2 12 1
7394 ORDER 3673 45 12 46 37 0
7395 ORDER 3674 39 29 33 37 0
7396 ORDER 3675 34 18 2 14 1
7397 ORDER 3676 30 33 2 38 0
7398 ORDER 3677 32 3 3 11 0
7399 ORDER 3678 45 23 40 37 0
7400 ORDER 3679 9 11 1 30 3
7401 ORDER 3680 25 18 3 12 1
7403 ORDER 3681 36 20 6 37 0
7405 ORDER 3682 7 20 2 32 0
7407 BLOCK 40 5
7411 ORDER 3683 44 8 47 38 3
7412 ORDER 3684 42 23 1 3 3
7416 ORDER 3685 40 18 42 38 0
7418 ORDER 3686 31 5 29 37 0
7419 ORDER 3687 13 15 2 19 0
7420 ORDER 3688 13 9 22 37 0
7422 CANCEL 3607
7423 ORDER 3689 8 5 4 37 3
7425 ORDER 3690 45 12 41 38 0
7427 ORDER 3691 12 18 3 33 0
7431 ORDER 3692 37 11 3 36 2
7433 ORDER 3693 45 23 16 37 0
7434 ORDER 3694 16 17 34 38 0
7435 ORDER 3695 20 9 1 10 3
7437 ORDER 3696 21 32 1 20 0
7438 ORDER 3697 12 21 3 29 1
7439 ORDER 3698 43 35 3 8 1
7441 ORDER 3699 11 3 2 6 0
7446 BLOCK 5 26
7449 ORDER 3700 10 11 3 33 0
7451 ORDER 3701 43 35 3 29 0
7452 ORDER 3702 28 12 2 38 0
7453 ORDER 3703 19 33 46 37 0
7455 ORDER 3704 34 20 2 29 3
7456 ORDER 3705 12 35 2 13 1
7457 CANCEL 3620
7457 ORDER 3706 31 26 2 23 0
7458 ORDER 3707 10 29 39 37 0
7461 ORDER 3708 22 33 2 11 0
7462 ORDER 3709 8 20 3 20 0
7464 ORDER 3710 14 12 1 30 0
7469 ORDER 3711 20 32 3 17 2
7471 UNBLOCK 5 26
7471 ORDER 3712 10 18 3 6 1
7474 UNBLOCK 24 10
7474 BLOCK 18 37
7475 ORDER 3713 37 9 7 37 0
7478 ORDER 3714 41 29 44 38 1
7479 ORDER 3715 6 11 3 32 0
7480 ORDER 3716 13 23 5 37 0
7481 ORDER 3717 20 11 2 8 0
7482 ORDER 3718 19 9 1 10 1
7485 ORDER 3719 17 9 14 38 1
7488 ORDER 3720 10 15 37 38 1
7489 ORDER 3721 30 12 24 37 2
7490 ORDER 3722 12 27 11 37 3
7492 BLOCK 32 17
7493 ORDER 3723 19 20 3 16 0
7494 ORDER 3724 10 9 1 35 0
7495 ORDER 3725 26 5 1 18 0
7497 ORDER 3726 25 27 2 9 0
7499 ORDER 3727 31 12 1 11 0
7503 ORDER 3728 18 32 2 36 3
7505 ORDER 3729 42 24 2 27 0
7507 ORDER 3730 22 8 2 26 2
7509 ORDER 3731 27 9 10 38 1
7510 UNBLOCK 40 5
7510 ORDER 3732 10 5 1 34 1
7511 ORDER 3733 40 21 2 38 1
7513 ORDER 3734 23 21 2 31 0
7513 CANCEL 103734
7515 UNBLOCK 38 24
7519 ORDER 3735 40 21 3 6 1
7523 ORDER 3736 18 18 27 37 0
7525 CANCEL 3719
7525 ORDER 3737 37 12 2 28 1
7526 ORDER 3738 43 30 26 38 2
7526 BLOCK 22 36
7527 ORDER 3739 7 27 4 37 0
7528 ORDER 3740 39 8 39 38 0
7536 ORDER 3741 12 18 1 38 1
7537 ORDER 3742 20 6 42 38 0
7538 ORDER 3743 37 6 2 5 0
7539 ORDER 3744 13 27 1 32 2
7540 CANCEL 3730
7541 ORDER 3745 18 20 3 20 0
7541 BLOCK 5 29
7542 ORDER 3746 36 18 1 19 2
7544 ORDER 3747 26 23 3 32 0
7547 ORDER 3748 39 5 1 11 2
7548 ORDER 3749 39 32 2 2 1
7549 ORDER 3750 22 21 1 6 1
7551 ORDER 3751 11 9 11 37 0
7555 ORDER 3752 21 33 1 13 2
7556 ORDER 3753 35 12 38 38 0
7556 BLOCK 35 20
7557 ORDER 3754 25 33 10 37 0
7560 ORDER 3755 31 21 2 27 1
7561 ORDER 3756 14 12 2 30 0
7565 ORDER 3757 27 5 7 38 0
7567 ORDER 3758 8 6 12 37 0
7568 ORDER 3759 24 18 22 37 0
7569 ORDER 3760 41 23 34 37 0
7570 ORDER 3761 37 9 1 17 0
7572 ORDER 3762 24 26 1 18 1
7573 ORDER 3763 13 30 2 14 1
7578 ORDER 3764 18 15 33 37 2
7580 ORDER 3765 31 11 2 24 1
7581 ORDER 3766 10 29 5 38 1
7582 ORDER 3767 31 9 1 35 0
7585 BLOCK 24 27
7586 ORDER 3768 23 17 3 5 1
7590 ORDER 3769 28 5 3 12 0
7591 UNBLOCK 18 37
7591 ORDER 3770 36 21 2 9 0
7593 UNBLOCK 22 36
7594 ORDER 3771 9 21 44 38 0
7595 BLOCK 36 33
7596 ORDER 3772 8 29 21 38 1
7597 ORDER 3773 27 6 20 37 1
7599 ORDER 3774 37 14 1 13 0
7600 ORDER 3775 39 35 25 37 1
7602 ORDER 3776 38 26 37 38 2
7603 CANCEL 3767
7603 ORDER 3777 27 26 35 38 0
7606 BLOCK 24 24
7607 CANCEL 3685
7607 ORDER 3778 22 5 12 37 2
7608 ORDER 3779 43 33 1 2 1
7609 ORDER 3780 21 23 6 38 0
7614 ORDER 3781 40 26 2 9 1
7615 ORDER 3782 38 8 20 38 0
7616 ORDER 3783 44 3 2 9 2
7616 BLOCK 16 10
7617 ORDER 3784 45 14 3 10 0
7618 ORDER 3785 41 24 3 1 0
7620 UNBLOCK 32 17
7622 ORDER 3786 41 32 40 37 0
7624 ORDER 3787 16 5 28 38 0
7625 ORDER 3788 41 3 3 26 0
7626 ORDER 3789 41 24 3 32 2
7626 BLOCK 26 14
7627 ORDER 3790 19 33 3 25 0
7629 ORDER 3791 31 6 1 33 0
7631 BLOCK 14 4
7632 ORDER 3792 21 11 2 5 2
7633 ORDER 3793 23 26 1 8 1
7635 BLOCK 16 30
7636 ORDER 3794 21 26 2 16 1
7639 ORDER 3795 7 3 3 5 1
7640 ORDER 3796 28 30 28 38 0
7643 ORDER 3797 37 7 3 20 0
7646 ORDER 3798 38 32 2 3 0
7648 ORDER 3799 23 29 3 10 1
7649 ORDER 3800 26 5 3 16 1
7650 ORDER 3801 19 12 2 17 1
7651 UNBLOCK 24 24
7651 ORDER 3802 9 29 22 38 1
7656 ORDER 3803 34 3 7 37 2
7659 ORDER 3804 28 30 12 37 1
7660 CANCEL 3740
7660 ORDER 3805 25 14 3 25 0
7662 ORDER 3806 23 24 2 22 1
7664 UNBLOCK 35 20
7664 ORDER 3807 6 15 1 14 0
7665 ORDER 3808 14 8 26 38 0
7666 ORDER 3809 15 33 18 38 0
7667 ORDER 3810 10 26 3 11 0
7671 ORDER 3811 20 24 3 3 1
7673 ORDER 3812 32 32 3 34 1
7674 ORDER 3813 14 26 37 37 2
7676 ORDER 3814 9 32 11 37 1
7678 ORDER 3815 25 18 1 9 0
7679 UNBLOCK 24 27
7679 ORDER 3816 21 6 1 36 1
7680 ORDER 3817 11 5 16 37 0
7680 BLOCK 12 12
7682 ORDER 3818 9 33 7 38 0
7685 ORDER 3819 11 35 3 28 0
7686 UNBLOCK 5 29
7686 ORDER 3820 19 24 2 35 1
7687 ORDER 3821 20 24 1 35 0
7691 ORDER 3822 19 9 3 28 0
7692 ORDER 3823 18 15 25 38 0
7695 ORDER 3824 31 5 3 34 2
7697 ORDER 3825 18 11 1 14 0
7699 ORDER 3826 38 12 1 33 3
7699 BLOCK 35 36
7700 ORDER 3827 7 6 24 37 3
7701 ORDER 3828 41 27 3 8 2
7702 ORDER 3829 30 6 30 37 0
7704 UNBLOCK 16 10
7704 ORDER 3830 36 6 3 11 1
7707 ORDER 3831 15 35 21 37 1
7708 UNBLOCK 26 14
7709 ORDER 3832 41 3 48 37 0
7711 ORDER 3833 6 35 2 8 0
7713 ORDER 3834 26 21 1 28 0
7714 ORDER 3835 37 17 14 38 1
7716 ORDER 3836 23 3 18 38 0
7720 ORDER 3837 26 33 1 32 0
7721 ORDER 3838 41 20 3 1 2
7722 ORDER 3839 43 15 24 38 0
7723 ORDER 3840 44 24 2 25 0
7725 UNBLOCK 16 30
7725 UNBLOCK 12 12
7729 ORDER 3841 17 17 42 37 0
7730 ORDER 3842 15 33 44 37 1
7733 ORDER 3843 31 15 21 37 3
7734 ORDER 3844 13 15 38 38 0
7735 UNBLOCK 36 33
7735 ORDER 3845 45 27 14 38 0
7736 ORDER 3846 23 24 3 1 0
7739 ORDER 3847 28 23 3 18 0
7739 BLOCK 11 1
7741 CANCEL 3824
7741 ORDER 3848 10 26 1 34 0
7742 ORDER 3849 45 35 9 37 3
7742 BLOCK 17 37
7744 ORDER 3850 40 12 31 38 1
7745 ORDER 3851 18 32 1 24 0
7746 ORDER 3852 23 17 1 2 2
7747 UNBLOCK 14 4
7747 ORDER 3853 14 27 3 38 1
7748 ORDER 3854 6 11 39 38 1
7749 ORDER 3855 21 20 1 28 0
7750 ORDER 3856 17 21 3 25 0
7751 ORDER 3857 10 32 1 32 1
7752 ORDER 3858 30 9 2 4 0
7753 ORDER 3859 42 18 12 38 0
7754 ORDER 3860 36 35 42 38 1
7755 ORDER 3861 37 23 8 38 0
7756 ORDER 3862 35 14 10 38 0
7758 BLOCK 42 33
7759 ORDER 3863 30 17 3 18 1
7762 ORDER 3864 38 9 2 32 0
7763 ORDER 3865 11 33 3 31 0
7764 ORDER 3866 22 24 9 38 0
7766 ORDER 3867 6 33 2 20 0
7767 ORDER 3868 23 29 1 10 0
7768 ORDER 3869 44 27 20 38 2
7770 ORDER 3870 22 23 1 17 0
7772 ORDER 3871 45 35 2 19 1
7773 ORDER 3872 42 30 2 27 0
7774 ORDER 3873 14 25 1 8 1
7776 ORDER 3874 10 18 1 9 0
7777 ORDER 3875 18 6 1 25 1
7778 ORDER 3876 13 24 3 35 0
7780 ORDER 3877 27 17 1 13 0
7781 UNBLOCK 42 33
7781 ORDER 3878 13 26 3 3 0
7783 CANCEL 3791
7783 ORDER 3879 34 5 32 38 3
7784 ORDER 3880 42 14 2 37 1
7785 CANCEL 3873
7789 ORDER 3881 24 30 3 10 3
7790 ORDER 3882 36 23 3 23 0
7793 UNBLOCK 17 37
7793 ORDER 3883 25 18 4 38 0
7795 UNBLOCK 35 36
7795 ORDER 3884 31 6 37 38 0
7797 BLOCK 25 12
7798 CANCEL 3863
7799 ORDER 3885 19 9 20 37 0
7800 ORDER 3886 34 15 1 27 1
7801 ORDER 3887 20 9 1 31 0
7803 ORDER 3888 29 29 22 37 0
7804 ORDER 3889 24 29 2 38 0
7805 ORDER 3890 11 35 11 38 2
7807 ORDER 3891 15 33 2 31 0
7809 ORDER 3892 15 5 3 11 2
7810 ORDER 3893 8 27 1 20 0
7815 ORDER 3894 7 3 9 38 0
7817 ORDER 3895 23 26 16 38 1
7820 ORDER 3896 27 21 2 28 2
7821 ORDER 3897 43 29 34 38 0
7823 ORDER 3898 22 35 3 35 0
7823 BLOCK 44 18
7824 ORDER 3899 20 26 2 33 0
7825 ORDER 3900 7 12 47 38 0
7826 ORDER 3901 30 11 3 22 0
7826 BLOCK 38 35
7828 ORDER 3902 25 8 2 34 2
7831 ORDER 3903 12 26 18 37 0
7833 ORDER 3904 25 14 1 12 1
7834 ORDER 3905 20 9 3 8 0
7835 ORDER 3906 14 29 37 38 1
7837 ORDER 3907 7 15 38 37 0
7838 ORDER 3908 33 3 44 37 1
7840 ORDER 3909 37 6 3 1 1
7841 ORDER 3910 6 29 3 30 0
7843 ORDER 3911 36 9 16 38 1
7845 ORDER 3912 17 5 1 37 1
7848 ORDER 3913 14 11 2 29 0
7849 ORDER 3914 20 8 2 35 1
7850 ORDER 3915 34 3 29 38 3
7852 ORDER 3916 35 18 47 37 2
7855 ORDER 3917 38 17 5 38 2
7856 ORDER 3918 41 30 3 26 0
7860 ORDER 3919 41 15 38 38 0
7865 ORDER 3920 21 5 7 37 0
7866 ORDER 3921 14 27 43 37 0
7868 UNBLOCK 11 1
7868 ORDER 3922 19 6 2 27 1
7869 ORDER 3923 8 23 18 37 0
7870 ORDER 3924 10 24 27 38 0
7872 ORDER 3925 43 9 11 37 0
7873 ORDER 3926 31 20 1 15 0
7882 ORDER 3927 40 6 3 5 0
7882 BLOCK 19 23
7884 UNBLOCK 25 12
7884 UNBLOCK 44 18
7884 ORDER 3928 25 35 32 38 2
7887 ORDER 3929 10 32 32 38 0
7888 ORDER 3930 21 29 20 38 1
7890 ORDER 3931 17 12 7 38 0
7891 ORDER 3932 44 18 3 19 0
7892 ORDER 3933 40 12 31 38 0
7895 ORDER 3934 33 9 3 29 0
7896 ORDER 3935 8 32 2 23 2
7897 CANCEL 3925
7897 ORDER 3936 32 6 1 10 1
7898 ORDER 3937 20 26 9 38 0
7898 BLOCK 10 5
7902 ORDER 3938 13 27 19 38 3
7903 ORDER 3939 11 8 1 8 0
7905 ORDER 3940 19 6 1 15 0
7906 ORDER 3941 31 3 2 38 0
7907 ORDER 3942 43 32 2 18 1
7909 UNBLOCK 38 35
7910 ORDER 3943 16 6 2 28 1
7913 ORDER 3944 10 17 1 22 3
7914 ORDER 3945 28 14 3 16 1
7916 ORDER 3946 31 35 1 34 0
7917 ORDER 3947 8 33 2 38 0
7918 ORDER 3948 34 23 12 37 1
7919 ORDER 3949 6 30 1 14 1
7920 ORDER 3950 12 18 3 24 0
7921 ORDER 3951 42 21 1 23 3
7922 BLOCK 36 3
7923 ORDER 3952 35 35 2 30 0
7924 ORDER 3953 14 27 1 12 0
7928 ORDER 3954 36 32 3 4 1
7929 ORDER 3955 29 8 3 19 0
7936 ORDER 3956 8 20 11 37 2
7938 ORDER 3957 39 18 40 37 3
7940 ORDER 3958 18 24 20 38 1
7941 ORDER 3959 44 17 12 38 0
7944 BLOCK 26 27
7945 BLOCK 24 33
7946 ORDER 3960 20 17 33 37 0
7950 ORDER 3961 12 30 33 37 0
7951 ORDER 3962 36 27 37 38 0
7952 ORDER 3963 8 29 3 27 0
7953 ORDER 3964 33 32 1 31 0
7954 ORDER 3965 12 26 3 11 0
7957 ORDER 3966 15 8 26 38 1
7962 CANCEL 103966
7963 ORDER 3967 35 33 3 35 0
7965 ORDER 3968 10 11 36 38 0
7966 ORDER 3969 31 14 3 32 0
7969 ORDER 3970 29 5 16 38 3
7970 ORDER 3971 42 18 1 22 0
7971 ORDER 3972 9 23 3 29 0
7972 CANCEL 103972
7973 ORDER 3973 22 26 2 5 0
7976 ORDER 3974 33 30 2 32 1
7977 ORDER 3975 35 27 1 32 0
7978 UNBLOCK 10 5
7978 ORDER 3976 30 3 22 37 1
7979 ORDER 3977 42 18 3 15 0
7980 ORDER 3978 6 33 11 38 2
7981 ORDER 3979 43 17 33 38 0
7982 ORDER 3980 12 24 37 37 0
7985 ORDER 3981 9 27 40 38 0
7986 ORDER 3982 23 21 1 27 1
7987 BLOCK 33 21
7988 ORDER 3983 40 27 21 38 2
7991 ORDER 3984 9 18 1 3 0
7994 ORDER 3985 34 12 1 18 3
7999 ORDER 3986 11 6 3 18 0
8006 ORDER 3987 43 30 3 28 3
8009 ORDER 3988 31 30 15 38 0
8013 ORDER 3989 31 6 9 38 2
8014 UNBLOCK 26 27
8014 ORDER 3990 31 11 2 10 0
8015 ORDER 3991 11 20 1 9 0
8016 ORDER 3992 34 21 24 38 0
8018 ORDER 3993 44 18 3 14 3
8018 BLOCK 40 2
8019 UNBLOCK 19 23
8025 ORDER 3994 40 20 3 12 0
8027 ORDER 3995 40 21 21 37 0
8028 ORDER 3996 28 29 6 37 3
8029 ORDER 3997 34 12 38 37 1
8030 UNBLOCK 36 3
8031 ORDER 3998 26 14 1 9 1
8032 CANCEL 3956
8034 ORDER 3999 41 17 24 38 0
8035 ORDER 4000 10 3 28 38 0
8037 ORDER 4001 43 3 16 37 0
8041 ORDER 4002 9 35 4 38 0
8042 ORDER 4003 33 17 1 31 3
8043 ORDER 4004 21 6 1 4 0
8050 ORDER 4005 19 8 3 24 0
8051 ORDER 4006 36 23 12 38 0
8053 ORDER 4007 17 33 47 37 0
8054 ORDER 4008 16 17 2 14 1
8055 ORDER 4009 7 24 1 4 3
8058 UNBLOCK 24 33
8058 ORDER 4010 41 32 12 37 3
8059 ORDER 4011 19 14 1 27 0
8060 ORDER 4012 40 26 1 19 0
8062 ORDER 4013 8 33 39 37 0
8063 CANCEL 3932
8063 ORDER 4014 39 20 3 14 1
8067 CANCEL 3980
8069 ORDER 4015 18 26 35 37 1
8073 BLOCK 7 9
8075 ORDER 4016 10 26 3 12 1
8076 ORDER 4017 41 18 18 38 0
8077 ORDER 4018 7 11 2 20 2
8079 UNBLOCK 33 21
8081 ORDER 4019 29 30 25 38 1
8082 ORDER 4020 8 24 3 32 0
8084 ORDER 4021 15 33 45 38 0
8088 BLOCK 5 35
8091 UNBLOCK 40 2
8091 ORDER 4022 7 11 6 37 0
8092 ORDER 4023 28 5 3 2 2
8093 ORDER 4024 19 20 1 23 0
8096 BLOCK 6 35
8097 BLOCK 11 32
8098 ORDER 4025 9 15 2 23 1
8100 BLOCK 11 11
8101 ORDER 4026 9 9 3 12 0
8103 ORDER 4027 30 11 34 38 0
8104 UNBLOCK 7 9
8104 ORDER 4028 41 24 21 37 0
8105 ORDER 4029 21 5 47 38 1
8107 ORDER 4030 7 6 32 38 1
8110 ORDER 4031 38 25 1 15 0
8111 BLOCK 37 6
8112 ORDER 4032 40 26 10 37 1
8115 ORDER 4033 15 14 2 33 0
8117 ORDER 4034 42 9 40 38 2
8120 ORDER 4035 27 11 2 31 1
8121 ORDER 4036 13 29 7 37 0
8122 CANCEL 3990
8122 BLOCK 22 21
8123 CANCEL 3955
8123 ORDER 4037 29 30 6 37 1
8124 UNBLOCK 11 32
8124 ORDER 4038 39 15 1 11 0
8125 ORDER 4039 12 26 3 10 2
8126 ORDER 4040 18 24 1 5 0
8128 ORDER 4041 20 5 27 37 2
8130 ORDER 4042 13 11 46 37 1
8133 ORDER 4043 15 3 2 12 0
8134 ORDER 4044 22 24 3 32 0
8136 ORDER 4045 37 24 28 37 0
8138 ORDER 4046 14 14 24 38 3
8139 ORDER 4047 20 32 3 28 1
8140 ORDER 4048 7 5 2 19 1
8141 ORDER 4049 11 12 12 37 3
8142 ORDER 4050 25 30 3 35 1
8143 ORDER 4051 29 29 2 9 2
8146 ORDER 4052 29 35 20 37 0
8150 CANCEL 4042
8151 ORDER 4053 22 32 3 24 1
8152 ORDER 4054 25 18 26 37 0
8153 ORDER 4055 14 24 36 38 0
8156 ORDER 4056 29 20 12 38 1
8157 UNBLOCK 37 6
8160 ORDER 4057 20 11 47 37 0
8163 ORDER 4058 21 34 42 38 0
8164 CANCEL 4054
8164 ORDER 4059 42 12 2 14 0
8165 ORDER 4060 11 30 2 35 0
8166 ORDER 4061 13 32 18 38 0
8169 ORDER 4062 42 17 39 38 2
8170 ORDER 4063 12 35 2 30 0
8171 ORDER 4064 30 3 3 25 0
8174 ORDER 4065 19 11 9 38 0
8175 ORDER 4066 12 17 27 37 0
8176 UNBLOCK 5 35
8177 ORDER 4067 31 11 1 9 0
8178 ORDER 4068 34 26 3 14 0
8179 ORDER 4069 10 15 2 23 0
8181 ORDER 4070 7 9 3 20 0
8183 ORDER 4071 17 17 1 3 0
8185 ORDER 4072 35 33 34 37 0
8187 ORDER 4073 42 29 3 11 0
8188 CANCEL 4011
8189 UNBLOCK 22 21
8189 ORDER 4074 14 29 2 27 0
8190 ORDER 4075 17 23 1 17 0
8192 CANCEL 3987
8193 ORDER 4076 30 3 2 32 1
8194 ORDER 4077 38 32 3 32 0
8196 ORDER 4078 28 3 34 37 1
8199 ORDER 4079 22 32 5 37 0
8201 ORDER 4080 16 8 1 14 0
8203 ORDER 4081 28 32 2 3 0
8204 ORDER 4082 17 14 43 37 0
8205 ORDER 4083 18 5 5 38 0
8206 ORDER 4084 35 29 3 3 1
8209 ORDER 4085 33 26 43 38 2
8210 ORDER 4086 6 27 1 24 3
8212 ORDER 4087 15 33 24 38 2
8214 ORDER 4088 6 35 47 38 1
8215 ORDER 4089 12 24 2 21 0
8216 ORDER 4090 25 12 25 37 0
8222 ORDER 4091 42 18 2 9 2
8224 ORDER 4092 43 18 1 34 0
8226 ORDER 4093 22 32 2 33 2
8228 ORDER 4094 39 9 22 38 0
8230 UNBLOCK 11 11
8231 ORDER 4095 16 35 1 14 0
8234 ORDER 4096 8 14 21 37 0
8235 ORDER 4097 12 21 3 29 0
8236 ORDER 4098 33 11 1 17 0
8237 ORDER 4099 7 32 2 30 0
8238 ORDER 4100 34 21 3 33 0
8239 ORDER 4101 19 21 3 27 0
8241 ORDER 4102 38 23 1 16 0
8245 UNBLOCK 6 35
8245 ORDER 4103 38 14 3 38 1
8246 ORDER 4104 19 11 10 38 1
8248 ORDER 4105 26 6 25 37 2
8249 ORDER 4106 42 15 41 38 0
8250 ORDER 4107 13 20 19 38 0
8251 ORDER 4108 43 27 5 37 0
8252 ORDER 4109 18 3 2 20 0
8256 ORDER 4110 30 21 3 19 3
8257 ORDER 4111 7 33 2 4 0
8259 ORDER 4112 19 30 12 37 0
8261 CANCEL 4077
8261 ORDER 4113 10 17 29 37 1
8263 ORDER 4114 16 12 1 10 0
8264 ORDER 4115 28 27 3 18 0
8265 ORDER 4116 11 30 23 37 0
8266 ORDER 4117 34 23 2 34 0
8267 ORDER 4118 30 29 16 37 1
8268 ORDER 4119 11 21 24 37 2
8270 ORDER 4120 28 11 1 22 1
8271 ORDER 4121 35 6 1 32 1
8272 ORDER 4122 7 18 21 38 0
8274 ORDER 4123 34 5 3 2 0
8275 ORDER 4124 37 23 2 26 1
8278 ORDER 4125 35 29 1 6 1
8279 ORDER 4126 29 11 1 26 0
8284 ORDER 4127 33 27 35 38 0
8287 ORDER 4128 40 3 2 31 1
8289 CANCEL 104128
8292 ORDER 4129 21 23 3 12 2
8293 ORDER 4130 41 9 21 38 0
8294 ORDER 4131 26 6 2 8 0
8296 ORDER 4132 11 3 2 8 3
8298 BLOCK 8 37
8299 ORDER 4133 10 23 9 37 3
8300 ORDER 4134 33 9 8 37 1
8301 ORDER 4135 21 33 2 25 0
8303 ORDER 4136 7 9 19 37 0
8304 ORDER 4137 30 20 18 38 0
8307 ORDER 4138 17 26 9 38 1
8310 ORDER 4139 28 27 3 8 0
8313 ORDER 4140 17 35 3 27 3
8314 ORDER 4141 30 33 13 37 0
8315 ORDER 4142 33 29 26 37 2
8315 BLOCK 27 8
8316 ORDER 4143 20 5 1 1 0
8316 BLOCK 18 12
8317 ORDER 4144 9 24 1 31 0
8318 ORDER 4145 37 17 28 37 0
8319 ORDER 4146 14 27 3 37 0
8320 CANCEL 4110
8322 BLOCK 7 29
8323 ORDER 4147 11 35 44 37 0
8328 ORDER 4148 43 9 1 8 1
8330 ORDER 4149 27 3 1 13 0
8332 UNBLOCK 8 37
8332 ORDER 4150 32 33 47 38 0
8333 ORDER 4151 27 35 2 1 0
8334 ORDER 4152 30 35 3 4 0
8334 BLOCK 37 29
8337 ORDER 4153 17 9 1 27 0
8338 ORDER 4154 20 18 1 9 2
8339 ORDER 4155 21 23 12 38 1
8340 ORDER 4156 12 32 1 35 0
8343 ORDER 4157 26 23 1 13 3
8344 ORDER 4158 34 23 19 37 1
8346 UNBLOCK 18 12
8346 ORDER 4159 34 3 38 38 1
8347 ORDER 4160 21 8 18 38 0
8350 ORDER 4161 34 3 33 37 0
8352 ORDER 4162 45 23 27 38 0
8353 ORDER 4163 32 9 3 20 0
8354 ORDER 4164 23 12 1 32 0
8355 ORDER 4165 33 24 3 32 0
8357 ORDER 4166 30 15 2 25 2
8359 ORDER 4167 20 8 5 37 1
8364 ORDER 4168 41 9 18 37 0
8365 ORDER 4169 21 35 25 38 2
8367 ORDER 4170 15 33 1 16 0
8370 ORDER 4171 44 29 3 24 3
8371 CANCEL 4171
8371 ORDER 4172 31 5 9 38 1
8374 ORDER 4173 38 15 24 38 0
8375 BLOCK 30 29
8376 ORDER 4174 40 23 23 37 0
8377 ORDER 4175 8 21 3 33 1
8378 ORDER 4176 32 9 2 32 0
8379 ORDER 4177 18 6 37 37 0
8380 CANCEL 4091
8382 UNBLOCK 7 29
8385 ORDER 4178 25 30 39 37 1
8387 ORDER 4179 16 5 1 32 3
8390 ORDER 4180 29 24 2 18 0
8392 ORDER 4181 38 8 3 31 0
8393 ORDER 4182 13 32 4 37 0
8393 BLOCK 35 4
8396 ORDER 4183 28 9 3 17 0
8398 ORDER 4184 10 23 42 38 0
8399 ORDER 4185 41 6 3 18 0
8401 UNBLOCK 30 29
8402 CANCEL 104185
8403 ORDER 4186 23 3 1 6 1
8406 ORDER 4187 12 33 19 37 3
8407 ORDER 4188 40 6 2 20 0
8408 ORDER 4189 40 30 39 37 2
8410 UNBLOCK 37 29
8410 ORDER 4190 17 33 3 6 0
8410 BLOCK 5 14
8412 ORDER 4191 40 18 1 34 0
8413 ORDER 4192 22 35 1 4 0
8415 ORDER 4193 20 14 22 37 0
8417 ORDER 4194 45 14 17 37 2
8418 ORDER 4195 15 8 19 37 1
8420 ORDER 4196 7 5 8 38 0
8421 ORDER 4197 18 9 1 1 1
8422 ORDER 4198 39 32 3 37 0
8424 ORDER 4199 18 32 19 38 1
8425 ORDER 4200 15 6 2 25 0
8428 ORDER 4201 6 13 2 37 0
8430 ORDER 4202 32 30 2 30 0
8431 ORDER 4203 18 32 25 37 0
8432 ORDER 4204 27 9 12 38 0
8433 BLOCK 10 23
8434 ORDER 4205 41 5 4 37 1
8438 ORDER 4206 18 35 24 38 0
8440 ORDER 4207 19 35 6 38 0
8442 ORDER 4208 35 35 3 17 1
8443 ORDER 4209 20 22 3 15 1
8445 ORDER 4210 35 29 10 37 0
8446 ORDER 4211 20 11 19 37 1
8447 BLOCK 43 9
8449 ORDER 4212 28 14 3 34 0
8450 BLOCK 36 36
8452 ORDER 4213 36 18 2 14 0
8452 BLOCK 27 26
8456 ORDER 4214 23 11 23 37 0
8458 ORDER 4215 8 9 4 38 0
8458 BLOCK 40 33
8459 ORDER 4216 19 5 3 29 0
8460 UNBLOCK 27 8
8460 ORDER 4217 43 11 42 38 0
8461 ORDER 4218 40 3 3 29 2
8465 ORDER 4219 9 21 14 38 2
8469 ORDER 4220 13 32 38 37 0
8470 ORDER 4221 36 9 32 38 0
8471 ORDER 4222 25 8 46 37 1
8472 UNBLOCK 27 26
8474 UNBLOCK 35 4
8475 ORDER 4223 21 3 20 38 1
8476 ORDER 4224 35 23 9 37 1
8479 ORDER 4225 14 12 2 33 0
8480 ORDER 4226 7 14 1 12 0
8481 ORDER 4227 19 15 41 37 0
8483 ORDER 4228 43 24 1 10 0
8485 ORDER 4229 29 24 1 34 1
8486 ORDER 4230 40 33 6 38 3
8488 ORDER 4231 42 18 3 5 1
8489 ORDER 4232 35 12 2 26 1
8490 ORDER 4233 41 27 2 26 1
8493 ORDER 4234 18 23 23 37 1
8494 UNBLOCK 5 14
8497 ORDER 4235 42 12 2 6 2
8498 ORDER 4236 38 9 2 14 2
8500 ORDER 4237 43 3 3 30 0
8501 UNBLOCK 40 33
8501 ORDER 4238 23 18 39 37 0
8501 BLOCK 11 26
8503 CANCEL 4167
8503 ORDER 4239 7 15 2 32 0
8504 ORDER 4240 23 21 1 4 0
8505 ORDER 4241 12 3 35 38 0
8506 ORDER 4242 18 29 38 38 1
8507 BLOCK 13 21
8508 CANCEL 4236
8508 ORDER 4243 24 30 3 36 0
8508 BLOCK 27 2
8510 ORDER 4244 30 14 34 37 0
8512 ORDER 4245 38 5 4 37 3
8516 ORDER 4246 17 23 4 38 1
8517 ORDER 4247 8 3 18 37 0
8520 BLOCK 5 28
8521 ORDER 4248 43 27 3 36 2
8523 ORDER 4249 34 20 27 38 0
8525 ORDER 4250 20 23 1 35 0
8529 ORDER 4251 42 27 1 33 1
8529 BLOCK 40 3
8530 ORDER 4252 36 23 1 34 2
8533 CANCEL 4203
8533 ORDER 4253 45 8 33 38 2
8534 ORDER 4254 18 23 2 29 0
8537 ORDER 4255 20 30 1 3 0
8538 ORDER 4256 21 11 38 37 2
8540 ORDER 4257 24 12 13 38 1
8541 ORDER 4258 9 5 8 38 0
8542 UNBLOCK 27 2
8542 ORDER 4259 44 20 28 37 0
8544 ORDER 4260 21 30 2 14 0
8546 ORDER 4261 9 11 26 38 0
8550 UNBLOCK 43 9
8550 ORDER 4262 28 9 1 34 0
8556 ORDER 4263 17 20 19 37 1
8557 ORDER 4264 21 24 48 37 0
8559 ORDER 4265 19 5 3 24 0
8560 ORDER 4266 35 35 1 24 0
8561 ORDER 4267 6 33 2 15 0
8562 UNBLOCK 10 23
8563 UNBLOCK 11 26
8563 ORDER 4268 14 18 3 17 0
8563 BLOCK 44 24
8565 ORDER 4269 11 12 3 4 0
8566 ORDER 4270 15 33 9 37 0
8567 ORDER 4271 31 29 2 24 0
8568 ORDER 4272 8 8 8 38 1
8569 BLOCK 33 26
8571 ORDER 4273 12 18 3 1 0
8573 ORDER 4274 19 32 19 37 1
8576 UNBLOCK 5 28
8576 ORDER 4275 28 6 35 38 1
8577 ORDER 4276 37 17 46 38 0
8579 ORDER 4277 41 20 28 37 0
8580 UNBLOCK 36 36
8580 ORDER 4278 11 24 1 26 0
8582 ORDER 4279 10 5 3 25 0
8583 ORDER 4280 40 33 7 38 0
8586 ORDER 4281 41 3 3 22 3
8588 BLOCK 24 29
8589 ORDER 4282 8 6 2 16 0
8590 ORDER 4283 31 9 2 36 0
8593 ORDER 4284 38 17 23 38 0
8594 ORDER 4285 19 6 31 37 0
8595 UNBLOCK 44 24
8596 ORDER 4286 40 26 1 11 2
8598 ORDER 4287 27 17 39 38 3
8600 ORDER 4288 38 3 30 38 0
8601 ORDER 4289 11 29 31 38 0
8603 ORDER 4290 12 26 1 14 1
8605 BLOCK 5 14
8607 UNBLOCK 33 26
8608 ORDER 4291 45 14 2 2 0
8609 UNBLOCK 24 29
8609 ORDER 4292 32 29 10 38 0
8610 ORDER 4293 12 35 3 4 1
8611 ORDER 4294 38 12 42 38 0
8612 ORDER 4295 32 5 2 14 0
8618 ORDER 4296 39 29 1 26 0
8620 ORDER 4297 22 33 2 1 0
8622 ORDER 4298 9 12 14 37 0
8625 ORDER 4299 21 24 32 37 2
8630 UNBLOCK 40 3
8630 ORDER 4300 39 20 36 37 0
8631 ORDER 4301 33 32 1 18 1
8632 ORDER 4302 30 18 2 36 3
8633 ORDER 4303 45 12 2 8 0
8634 ORDER 4304 37 3 2 14 0
8635 ORDER 4305 9 8 2 18 0
8637 ORDER 4306 34 15 2 27 0
8642 ORDER 4307 12 16 1 4 1
8643 ORDER 4308 37 15 3 28 1
8644 ORDER 4309 32 5 38 38 1
8645 UNBLOCK 5 14
8645 ORDER 4310 41 21 30 38 2
8646 ORDER 4311 33 18 48 37 0
8646 BLOCK 43 5
8648 UNBLOCK 13 21
8649 ORDER 4312 7 5 3 28 0
8650 CANCEL 4286
8650 ORDER 4313 17 33 3 8 2
8651 ORDER 4314 29 11 3 31 1
8657 ORDER 4315 32 6 3 31 1
8661 ORDER 4316 32 11 27 38 3
8662 ORDER 4317 9 12 8 38 1
8664 ORDER 4318 30 26 2 15 0
8665 ORDER 4319 8 15 3 20 1
8667 ORDER 4320 31 6 2 9 0
8668 ORDER 4321 23 21 47 38 1
8675 ORDER 4322 42 21 1 31 1
8680 UNBLOCK 43 5
8680 BLOCK 45 29
8681 CANCEL 4247
8686 ORDER 4323 16 15 5 38 1
8688 ORDER 4324 31 12 3 3 0
8690 ORDER 4325 27 5 3 32 1
8691 ORDER 4326 34 15 16 37 0
8692 ORDER 4327 17 32 1 22 0
8693 ORDER 4328 24 27 3 21 1
8694 ORDER 4329 28 20 3 6 1
8697 ORDER 4330 6 26 10 37 1
8698 ORDER 4331 27 24 1 14 0
8699 CANCEL 4284
8700 ORDER 4332 9 12 2 14 0
8701 ORDER 4333 45 14 38 38 0
8702 ORDER 4334 23 23 1 7 0
8704 ORDER 4335 37 3 1 6 1
8704 BLOCK 9 5
8705 ORDER 4336 28 30 37 37 0
8706 ORDER 4337 40 6 2 1 0
8709 ORDER 4338 21 18 1 27 0
8710 BLOCK 39 12
8712 ORDER 4339 44 15 1 2 1
8712 BLOCK 12 24
8713 ORDER 4340 20 15 2 4 1
8716 ORDER 4341 15 6 2 27 1
8717 ORDER 4342 15 8 17 38 1
8719 ORDER 4343 8 6 3 2 3
8720 ORDER 4344 9 35 3 36 1
8721 ORDER 4345 10 6 4 37 3
8723 ORDER 4346 8 21 26 38 0
8726 ORDER 4347 44 15 21 37 1
8727 ORDER 4348 10 24 2 26 1
8728 ORDER 4349 21 27 42 37 0
8729 ORDER 4350 32 15 17 38 3
8732 ORDER 4351 27 26 1 35 2
8734 ORDER 4352 30 15 1 17 1
8735 ORDER 4353 6 8 37 37 0
8737 ORDER 4354 20 18 1 34 0
8738 ORDER 4355 37 33 2 16 1
8740 ORDER 4356 10 9 24 38 0
8744 ORDER 4357 45 20 23 38 0
8746 ORDER 4358 9 33 7 37 0
8748 ORDER 4359 23 20 40 37 1
8749 ORDER 4360 17 12 18 38 0
8750 ORDER 4361 9 17 1 15 0
8751 ORDER 4362 17 29 3 16 1
8752 ORDER 4363 16 17 2 16 1
8756 ORDER 4364 41 29 1 27 0
8757 ORDER 4365 26 11 3 30 0
8757 BLOCK 31 20
8759 ORDER 4366 38 6 13 38 3
8760 ORDER 4367 13 20 1 25 1
8761 ORDER 4368 10 27 1 25 0
8762 ORDER 4369 23 24 2 6 0
8766 ORDER 4370 40 11 1 20 0
8769 ORDER 4371 29 23 26 37 3
8771 ORDER 4372 9 15 1 24 0
8772 ORDER 4373 11 8 9 37 0
8776 ORDER 4374 35 23 1 8 0
8777 ORDER 4375 43 30 2 14 2
8780 CANCEL 4298
8782 CANCEL 4335
8784 ORDER 4376 37 8 45 37 0
8785 BLOCK 7 3
8788 ORDER 4377 45 21 40 37 0
8790 ORDER 4378 44 15 1 9 0
8794 UNBLOCK 12 24
8795 ORDER 4379 23 17 1 14 0
8796 ORDER 4380 22 33 1 23 0
8797 ORDER 4381 7 9 2 11 0
8800 ORDER 4382 22 6 48 38 2
8801 ORDER 4383 7 33 12 37 0
8803 UNBLOCK 39 12
8804 ORDER 4384 42 5 26 37 0
8806 ORDER 4385 6 5 2 2 0
8807 UNBLOCK 31 20
8807 ORDER 4386 20 26 35 38 0
8808 ORDER 4387 24 29 2 15 1
8809 ORDER 4388 31 18 1 16 3
8810 ORDER 4389 8 6 1 25 1
8811 ORDER 4390 34 21 2 35 1
8811 BLOCK 37 1
8812 ORDER 4391 35 12 2 4 0
8814 UNBLOCK 45 29
8817 ORDER 4392 22 24 1 8 0
8820 ORDER 4393 19 6 1 21 0
8823 ORDER 4394 32 26 3 19 1
8826 ORDER 4395 21 24 1 16 0
8827 ORDER 4396 30 9 3 7 1
8830 ORDER 4397 12 25 3 37 0
8832 ORDER 4398 11 9 2 29 1
8834 ORDER 4399 20 24 3 13 0
8835 UNBLOCK 9 5
8835 ORDER 4400 38 6 2 4 0
8836 ORDER 4401 24 30 25 37 0
8836 BLOCK 20 23
8837 ORDER 4402 38 11 15 37 0
8839 ORDER 4403 28 32 2 24 0
8842 ORDER 4404 23 11 1 8 0
8843 UNBLOCK 37 1
8844 ORDER 4405 32 24 3 12 0
8845 ORDER 4406 43 24 31 37 3
8845 BLOCK 7 23
8849 BLOCK 43 3
8850 ORDER 4407 28 6 47 37 2
8852 UNBLOCK 7 3
8852 ORDER 4408 31 9 7 37 0
8853 ORDER 4409 6 3 2 6 0
8854 ORDER 4410 8 3 28 38 1
8855 ORDER 4411 10 12 3 3 0
8857 ORDER 4412 20 23 38 37 0
8858 ORDER 4413 26 3 3 1 3
8859 ORDER 4414 13 9 2 36 1
8860 ORDER 4415 9 17 2 35 0
8862 ORDER 4416 15 12 3 17 0
8864 ORDER 4417 34 18 3 21 1
8865 ORDER 4418 22 27 1 19 0
8866 ORDER 4419 38 9 2 32 1
8869 ORDER 4420 17 24 1 19 0
8871 ORDER 4421 41 29 32 37 0
8875 ORDER 4422 20 8 1 30 1
8876 ORDER 4423 18 24 29 38 1
8878 ORDER 4424 40 5 2 10 3
8879 ORDER 4425 27 26 24 38 1
8879 BLOCK 8 32
8880 ORDER 4426 37 15 40 38 1
8881 ORDER 4427 23 12 27 38 0
8883 ORDER 4428 30 18 15 38 0
8884 ORDER 4429 32 32 3 29 0
8886 UNBLOCK 7 23
8886 ORDER 4430 45 24 2 13 0
8889 ORDER 4431 28 32 13 37 0
8898 ORDER 4432 21 27 32 37 1
8899 ORDER 4433 20 33 1 4 0
8901 UNBLOCK 43 3
8902 ORDER 4434 29 35 1 21 1
8903 ORDER 4435 27 15 38 37 0
8908 ORDER 4436 30 18 2 21 0
8910 ORDER 4437 29 8 2 23 0
8911 ORDER 4438 35 14 5 37 0
8914 ORDER 4439 8 15 5 38 1
8915 ORDER 4440 21 30 2 31 0
8916 ORDER 4441 17 11 12 38 0
8917 ORDER 4442 23 18 3 11 3
8920 UNBLOCK 20 23
8921 ORDER 4443 11 33 46 38 0
8922 ORDER 4444 39 33 3 21 0
8923 ORDER 4445 6 8 15 38 2
8924 ORDER 4446 6 21 44 38 0
8926 CANCEL 4422
8926 BLOCK 8 30
8927 ORDER 4447 42 3 4 37 2
8929 ORDER 4448 37 12 2 18 0
8930 ORDER 4449 11 18 23 38 0
8930 BLOCK 37 28
8931 ORDER 4450 30 9 30 37 0
8933 ORDER 4451 44 17 3 33 3
8934 ORDER 4452 29 32 45 38 0
8935 ORDER 4453 20 12 2 7 1
8937 ORDER 4454 31 18 1 4 0
8938 ORDER 4455 32 29 39 38 0
8939 ORDER 4456 17 17 2 16 1
8941 ORDER 4457 11 18 7 38 0
8944 ORDER 4458 12 18 19 38 3
8948 ORDER 4459 24 18 29 37 1
8951 ORDER 4460 19 17 26 38 1
8954 ORDER 4461 28 33 1 3 0
8955 ORDER 4462 8 3 2 17 0
8957 BLOCK 34 10
8958 ORDER 4463 41 18 4 37 0
8959 ORDER 4464 22 32 13 37 1
8960 ORDER 4465 43 20 1 29 0
8962 ORDER 4466 11 17 2 33 0
8963 CANCEL 4431
8963 ORDER 4467 19 35 3 32 0
8964 ORDER 4468 19 8 3 34 0
8965 ORDER 4469 16 17 2 27 0
8968 ORDER 4470 43 32 9 37 1
8969 ORDER 4471 20 5 2 8 2
8972 ORDER 4472 13 20 1 3 1
8973 ORDER 4473 7 20 12 38 0
8974 ORDER 4474 45 27 47 38 0
8981 ORDER 4475 28 29 31 37 0
8983 ORDER 4476 24 30 44 37 0
8984 ORDER 4477 20 9 2 29 0
8987 UNBLOCK 8 32
8988 UNBLOCK 8 30
8991 ORDER 4478 36 27 2 15 0
8992 ORDER 4479 9 24 27 38 0
8995 ORDER 4480 9 11 3 6 1
8996 ORDER 4481 7 14 9 37 0
8997 ORDER 4482 13 21 30 37 0
8998 ORDER 4483 44 8 44 37 0
9001 ORDER 4484 30 12 2 27 1
9001 BLOCK 38 3
9002 ORDER 4485 31 21 21 38 0
9003 ORDER 4486 42 27 31 38 0
9004 ORDER 4487 17 32 1 15 3
9006 ORDER 4488 9 24 2 21 0
9007 ORDER 4489 40 27 3 23 0
9008 ORDER 4490 27 15 46 37 3
9009 ORDER 4491 10 21 2 19 0
9010 ORDER 4492 39 26 14 38 0
9013 ORDER 4493 31 24 41 37 1
9014 ORDER 4494 32 30 22 37 1
9017 ORDER 4495 37 17 1 27 0
9019 ORDER 4496 26 11 33 38 0
9020 ORDER 4497 38 17 1 3 2
9021 ORDER 4498 25 20 5 38 0
9024 UNBLOCK 37 28
9025 ORDER 4499 7 21 2 28 0
9028 ORDER 4500 17 21 5 37 3
9032 ORDER 4501 36 14 36 38 0
9033 ORDER 4502 37 33 1 21 0
9034 ORDER 4503 25 8 3 17 0
9035 ORDER 4504 28 15 3 24 0
9038 ORDER 4505 32 18 7 37 0
9040 ORDER 4506 35 20 3 9 0
9041 ORDER 4507 18 3 12 37 1
9042 ORDER 4508 14 32 3 20 0
9043 ORDER 4509 39 33 3 3 1
9049 ORDER 4510 24 17 13 38 1
9051 ORDER 4511 40 33 2 14 0
9052 ORDER 4512 41 8 2 23 1
9059 ORDER 4513 39 15 3 7 0
9060 ORDER 4514 20 3 2 25 0
9061 ORDER 4515 40 33 32 38 2
9063 ORDER 4516 40 35 2 2 0
9064 ORDER 4517 8 35 2 22 2
9065 ORDER 4518 31 18 6 38 2
9068 UNBLOCK 38 3
9070 ORDER 4519 10 5 14 38 0
9071 ORDER 4520 25 8 12 37 1
9072 ORDER 4521 23 30 2 24 1
9076 ORDER 4522 9 6 37 38 0
9077 ORDER 4523 23 17 21 37 0
9078 ORDER 4524 7 32 31 37 2
9079 ORDER 4525 32 33 33 38 2
9079 BLOCK 30 3
9080 ORDER 4526 24 18 2 19 0
9083 ORDER 4527 33 9 1 35 1
9084 ORDER 4528 35 29 1 9 0
9085 ORDER 4529 40 26 2 8 0
9088 ORDER 4530 9 5 2 35 0
9090 ORDER 4531 10 15 46 37 3
9091 ORDER 4532 14 6 1 19 1
9093 ORDER 4533 45 12 40 37 0
9097 UNBLOCK 34 10
9097 ORDER 4534 23 17 1 3 2
9098 ORDER 4535 26 9 40 38 0
9099 ORDER 4536 8 26 44 37 2
9103 ORDER 4537 26 9 28 37 0
9105 ORDER 4538 33 15 8 38 1
9106 ORDER 4539 14 30 41 37 0
9107 ORDER 4540 12 29 2 21 0
9109 ORDER 4541 30 23 3 23 1
9112 ORDER 4542 7 35 3 15 3
9114 ORDER 4543 32 29 3 16 0
9115 ORDER 4544 22 17 38 38 0
9116 ORDER 4545 10 12 2 25 0
9118 ORDER 4546 21 29 3 18 0
9119 ORDER 4547 45 18 2 6 1
9123 ORDER 4548 29 15 2 4 0
9125 ORDER 4549 44 3 2 34 1
9127 ORDER 4550 44 20 16 38 1
9130 ORDER 4551 20 35 3 12 1
9134 ORDER 4552 29 6 1 25 0
9137 ORDER 4553 13 18 2 34 0
9138 ORDER 4554 15 3 1 15 1
9139 ORDER 4555 33 3 1 18 0
9140 UNBLOCK 30 3
9140 ORDER 4556 15 3 37 38 2
9141 ORDER 4557 35 20 46 38 0
9144 ORDER 4558 30 17 3 34 0
9145 ORDER 4559 41 32 28 37 1
9146 ORDER 4560 31 15 48 38 2
9149 ORDER 4561 30 23 1 9 1
9150 ORDER 4562 23 26 1 1 0
9152 ORDER 4563 26 3 2 23 2
9152 BLOCK 39 11
9153 ORDER 4564 18 6 3 34 0
9154 ORDER 4565 18 17 20 37 0
9155 ORDER 4566 40 3 1 3 0
9157 ORDER 4567 38 24 3 1 0
9158 ORDER 4568 30 5 2 30 0
9161 ORDER 4569 42 26 3 34 1
9164 ORDER 4570 30 24 1 21 3
9165 ORDER 4571 14 20 48 37 0
9166 ORDER 4572 21 24 46 38 0
9170 CANCEL 104572
9172 ORDER 4573 36 14 27 37 0
9173 ORDER 4574 27 15 2 32 0
9174 BLOCK 19 27
9176 ORDER 4575 42 32 8 37 2
9177 ORDER 4576 14 29 47 37 0
9179 ORDER 4577 27 6 3 31 0
9180 CANCEL 4543
9180 ORDER 4578 10 9 1 24 3
9180 BLOCK 35 2
9181 ORDER 4579 23 14 1 11 0
9182 ORDER 4580 40 15 40 37 1
9187 ORDER 4581 21 35 33 37 1
9188 CANCEL 4536
9188 ORDER 4582 42 24 2 15 0
9189 ORDER 4583 15 14 3 2 0
9190 ORDER 4584 16 35 26 38 0
9196 ORDER 4585 25 8 1 2 0
9199 ORDER 4586 26 8 1 27 2
9199 BLOCK 42 24
9200 ORDER 4587 11 3 1 16 3
9202 ORDER 4588 30 26 3 4 1
9203 ORDER 4589 21 23 1 36 0
9207 ORDER 4590 25 33 2 36 0
9207 CANCEL 104590
9211 ORDER 4591 39 29 2 17 3
9212 ORDER 4592 28 9 3 23 2
9215 ORDER 4593 19 16 20 37 2
9217 UNBLOCK 35 2
9218 ORDER 4594 38 15 3 4 2
9221 ORDER 4595 15 3 10 37 0
9226 ORDER 4596 6 30 1 35 0
9227 CANCEL 104596
9230 UNBLOCK 39 11
9230 ORDER 4597 19 32 18 38 0
9230 BLOCK 20 8
9231 ORDER 4598 16 3 2 30 0
9233 ORDER 4599 40 12 3 25 1
9234 ORDER 4600 19 9 3 4 0
9236 ORDER 4601 40 35 31 37 3
9238 ORDER 4602 40 3 20 38 0
9239 ORDER 4603 7 6 33 38 0
9242 ORDER 4604 14 8 4 38 0
9244 ORDER 4605 45 23 24 37 0
9250 CANCEL 4542
9253 ORDER 4606 9 9 15 38 0
9254 ORDER 4607 38 26 45 38 1
9256 UNBLOCK 42 24
9258 ORDER 4608 14 26 7 37 2
9259 UNBLOCK 19 27
9259 BLOCK 31 35
9261 CANCEL 4557
9261 ORDER 4609 24 27 1 5 0
9263 ORDER 4610 18 32 12 38 1
9265 ORDER 4611 31 33 1 12 0
9267 ORDER 4612 28 14 1 2 1
9268 ORDER 4613 44 3 1 19 0
9270 ORDER 4614 40 18 1 25 0
9271 ORDER 4615 18 6 2 21 0
9273 ORDER 4616 30 8 1 8 0
9276 BLOCK 35 4
9278 ORDER 4617 23 15 29 37 0
9280 ORDER 4618 43 30 2 30 0
9282 ORDER 4619 31 15 2 5 0
9285 ORDER 4620 31 6 33 38 0
9287 ORDER 4621 10 35 3 18 1
9290 ORDER 4622 16 23 44 37 0
9293 ORDER 4623 30 21 41 38 0
9294 ORDER 4624 38 17 3 11 0
9295 ORDER 4625 10 26 18 37 1
9295 BLOCK 24 10
9296 CANCEL 4574
9296 ORDER 4626 6 24 2 1 0
9297 ORDER 4627 26 6 29 37 1
9299 ORDER 4628 30 17 34 38 0
9300 ORDER 4629 7 5 24 37 3
9301 ORDER 4630 40 11 34 38 0
9302 ORDER 4631 8 24 3 11 0
9303 ORDER 4632 7 20 4 37 1
9309 UNBLOCK 20 8
9310 ORDER 4633 26 33 3 30 0
9311 ORDER 4634 31 20 3 16 1
9312 ORDER 4635 37 26 3 33 1
9315 ORDER 4636 44 18 46 37 1
9318 ORDER 4637 37 26 2 5 1
9323 ORDER 4638 41 12 47 37 3
9325 ORDER 4639 11 5 1 22 0
9328 ORDER 4640 38 35 1 22 0
9328 CANCEL 104640
9330 ORDER 4641 10 24 18 38 1
9333 ORDER 4642 17 26 3 36 1
9333 BLOCK 14 6
9335 ORDER 4643 21 30 4 37 0
9340 ORDER 4644 40 27 1 12 0
9341 UNBLOCK 24 10
9342 ORDER 4645 39 35 1 16 1
9345 ORDER 4646 33 9 3 6 1
9347 UNBLOCK 35 4
9348 ORDER 4647 7 3 1 13 2
9351 ORDER 4648 6 14 27 37 1
9353 ORDER 4649 45 12 2 1 3
9354 ORDER 4650 41 15 3 21 0
9356 ORDER 4651 43 33 13 38 0
9361 ORDER 4652 20 21 38 38 3
9363 ORDER 4653 23 11 21 37 0
9364 ORDER 4654 43 9 1 3 1
9364 BLOCK 17 11
9365 ORDER 4655 6 12 1 2 1
9366 ORDER 4656 30 3 9 37 0
9369 BLOCK 22 33
9372 ORDER 4657 32 20 2 17 0
9374 ORDER 4658 16 35 20 38 0
9375 ORDER 4659 11 20 2 31 0
9376 UNBLOCK 14 6
9376 ORDER 4660 9 11 2 15 0
9377 CANCEL 4643
9380 ORDER 4661 41 27 26 37 0
9382 ORDER 4662 32 15 47 38 0
9384 CANCEL 4597
9384 ORDER 4663 22 9 18 38 3
9386 UNBLOCK 31 35
9388 ORDER 4664 39 5 34 38 1
9390 ORDER 4665 23 21 2 22 0
9390 BLOCK 32 1
9392 ORDER 4666 29 26 1 6 2
9394 ORDER 4667 40 29 1 30 0
9396 ORDER 4668 21 20 27 37 0
9397 ORDER 4669 10 8 13 37 0
9398 ORDER 4670 43 34 47 38 0
9402 ORDER 4671 14 20 2 16 2
9404 ORDER 4672 29 5 1 30 0
9405 ORDER 4673 35 14 7 37 1
9410 ORDER 4674 35 29 23 37 0
9411 ORDER 4675 8 33 15 37 0
9412 ORDER 4676 22 32 2 13 1
9413 ORDER 4677 29 26 22 37 0
9414 ORDER 4678 6 12 44 38 0
9416 ORDER 4679 13 23 10 38 2
9418 BLOCK 19 2
9423 CANCEL 104679
9425 ORDER 4680 39 35 41 37 1
9427 ORDER 4681 37 26 3 20 0
9431 ORDER 4682 31 29 1 1 0
9432 ORDER 4683 22 20 48 37 0
9433 ORDER 4684 38 30 2 4 0
9436 ORDER 4685 42 29 1 9 1
9437 ORDER 4686 7 29 1 1 0
9439 UNBLOCK 22 33
9439 ORDER 4687 9 17 9 37 2
9443 ORDER 4688 17 21 30 38 0
9446 UNBLOCK 17 11
9449 ORDER 4689 39 23 39 38 2
9451 ORDER 4690 14 8 3 32 3
9452 ORDER 4691 36 6 35 38 2
9455 ORDER 4692 11 27 3 33 1
9456 ORDER 4693 43 24 1 36 1
9457 ORDER 4694 18 20 3 28 0
9458 ORDER 4695 11 5 3 12 1
9459 ORDER 4696 17 17 3 30 3
9460 ORDER 4697 29 29 1 3 1
9461 ORDER 4698 40 6 2 25 0
9462 BLOCK 15 27
9463 ORDER 4699 12 26 3 31 0
9464 ORDER 4700 21 18 3 12 0
9469 BLOCK 33 22
9470 ORDER 4701 37 21 2 23 0
9471 ORDER 4702 32 6 12 38 0
9472 ORDER 4703 6 5 3 30 0
9473 ORDER 4704 20 3 1 5 3
9474 ORDER 4705 6 23 2 35 0
9477 ORDER 4706 28 33 28 37 0
9478 ORDER 4707 19 21 40 37 2
9479 ORDER 4708 39 3 2 4 0
9481 ORDER 4709 11 9 26 38 0
9482 ORDER 4710 27 9 1 2 1
9484 ORDER 4711 45 14 14 37 2
9485 ORDER 4712 45 35 3 28 3
9488 ORDER 4713 19 9 3 3 0
9490 ORDER 4714 26 21 2 13 1
9491 ORDER 4715 37 35 24 37 0
9493 ORDER 4716 22 8 24 38 1
9494 ORDER 4717 20 24 9 37 1
9498 ORDER 4718 10 24 3 1 2
9500 ORDER 4719 38 8 1 21 0
9501 CANCEL 104719
9503 UNBLOCK 32 1
9503 ORDER 4720 20 18 3 38 0
9504 ORDER 4721 8 3 22 38 0
9505 ORDER 4722 8 8 2 28 2
9505 BLOCK 6 18
9506 ORDER 4723 42 9 1 36 0
9507 ORDER 4724 44 35 25 38 3
9509 ORDER 4725 23 29 14 37 0
9513 ORDER 4726 8 3 2 4 2
9515 ORDER 4727 32 18 18 38 0
9516 CANCEL 4681
9516 ORDER 4728 38 14 2 36 0
9518 ORDER 4729 13 30 44 37 0
9519 ORDER 4730 31 24 13 38 0
9526 ORDER 4731 36 14 1 28 2
9529 ORDER 4732 38 32 22 38 0
9530 ORDER 4733 43 26 1 12 2
9532 ORDER 4734 35 20 32 37 2
9534 UNBLOCK 6 18
9534 ORDER 4735 34 24 33 38 0
9535 UNBLOCK 15 27
9538 ORDER 4736 38 14 1 17 0
9540 UNBLOCK 19 2
9541 ORDER 4737 28 35 31 38 1
9541 BLOCK 16 29
9542 ORDER 4738 9 33 3 21 0
9543 ORDER 4739 32 8 2 21 0
9544 ORDER 4740 34 18 11 37 0
9545 ORDER 4741 9 5 11 37 2
9549 ORDER 4742 18 3 2 13 1
9552 ORDER 4743 19 12 1 35 0
9555 ORDER 4744 28 9 19 38 0
9556 ORDER 4745 13 9 39 38 0
9557 ORDER 4746 44 5 1 4 2
9558 ORDER 4747 11 27 1 9 0
9560 ORDER 4748 21 23 7 38 0
9561 ORDER 4749 25 29 40 37 0
9562 ORDER 4750 20 26 39 38 0
9566 ORDER 4751 8 6 1 13 0
9566 BLOCK 15 25
9567 ORDER 4752 42 30 3 24 0
9569 ORDER 4753 6 8 1 32 0
9570 CANCEL 4729
9570 ORDER 4754 31 21 18 38 0
9571 ORDER 4755 38 5 4 37 0
9573 ORDER 4756 17 23 21 37 0
9574 ORDER 4757 23 15 28 37 0
9576 ORDER 4758 17 17 1 18 0
9577 UNBLOCK 33 22
9577 ORDER 4759 19 15 45 38 0
9578 CANCEL 4748
9578 ORDER 4760 44 5 3 20 2
9579 ORDER 4761 20 27 3 14 0
9580 ORDER 4762 41 11 25 37 0
9582 ORDER 4763 21 21 47 38 0
9584 ORDER 4764 26 12 2 1 0
9587 BLOCK 8 8
9588 ORDER 4765 44 35 12 37 0
9591 ORDER 4766 17 20 19 38 0
9591 BLOCK 17 38
9593 ORDER 4767 40 21 2 27 0
9597 UNBLOCK 15 25
9597 ORDER 4768 39 3 17 38 1
9605 ORDER 4769 20 32 3 27 0
9606 ORDER 4770 9 29 2 32 0
9608 ORDER 4771 19 5 35 37 1
9609 ORDER 4772 33 32 1 15 2
9610 ORDER 4773 25 35 1 19 0
9615 UNBLOCK 16 29
9615 ORDER 4774 40 14 2 4 3
9616 ORDER 4775 27 33 3 33 0
9617 ORDER 4776 16 35 11 37 0
9618 ORDER 4777 21 20 32 38 2
9619 ORDER 4778 22 29 1 30 1
9620 ORDER 4779 29 17 1 33 0
9621 ORDER 4780 10 12 39 37 0
9626 ORDER 4781 42 21 3 33 1
9627 ORDER 4782 25 8 2 31 1
9628 ORDER 4783 35 12 2 24 1
9629 ORDER 4784 9 11 44 37 1
9630 ORDER 4785 43 17 31 38 0
9631 ORDER 4786 6 27 34 37 1
9633 ORDER 4787 12 18 1 28 0
9634 CANCEL 4719
9636 BLOCK 27 19
9640 ORDER 4788 29 33 39 38 0
9640 BLOCK 10 35
9643 ORDER 4789 22 8 3 24 1
9645 ORDER 4790 42 20 3 33 0
9649 ORDER 4791 44 29 1 2 2
9651 ORDER 4792 9 3 14 37 1
9653 ORDER 4793 41 18 1 38 0
9654 ORDER 4794 8 15 44 38 1
9654 BLOCK 45 38
9655 ORDER 4795 38 24 3 24 1
9656 ORDER 4796 11 11 31 37 1
9656 BLOCK 30 38
9657 ORDER 4797 17 30 3 12 1
9658 ORDER 4798 45 33 42 38 2
9659 ORDER 4799 21 20 2 11 2
9662 ORDER 4800 40 3 29 37 3
9663 ORDER 4801 9 24 2 20 2
9664 ORDER 4802 30 29 26 37 1
9665 ORDER 4803 42 26 31 37 0
9665 BLOCK 33 1
9666 UNBLOCK 8 8
9667 ORDER 4804 29 35 18 37 0
9669 ORDER 4805 19 33 3 25 0
9670 ORDER 4806 17 12 3 11 1
9672 ORDER 4807 20 5 4 38 0
9674 ORDER 4808 16 5 38 38 0
9677 ORDER 4809 26 5 1 10 3
9680 UNBLOCK 17 38
9684 ORDER 4810 12 11 1 5 1
9686 ORDER 4811 36 23 1 34 1
9686 BLOCK 5 25
9691 ORDER 4812 7 33 2 29 0
9692 ORDER 4813 20 35 35 38 0
9696 UNBLOCK 10 35
9696 ORDER 4814 39 6 3 15 1
9697 CANCEL 4738
9697 ORDER 4815 10 32 3 38 0
9698 ORDER 4816 24 24 46 38 0
9699 ORDER 4817 22 8 31 38 0
9700 ORDER 4818 32 3 2 5 1
9700 BLOCK 28 20
9702 ORDER 4819 39 11 37 38 0
9706 ORDER 4820 28 35 32 37 0
9707 ORDER 4821 8 32 45 38 0
9708 BLOCK 22 29
9710 ORDER 4822 32 8 32 38 0
9711 BLOCK 14 2
9715 ORDER 4823 41 18 23 38 0
9716 ORDER 4824 17 11 39 38 2
9718 UNBLOCK 30 38
9719 UNBLOCK 27 19
9719 ORDER 4825 43 32 2 7 0
9720 ORDER 4826 9 30 4 37 0
9722 ORDER 4827 17 23 26 38 0
9724 UNBLOCK 5 25
9725 ORDER 4828 31 15 2 38 0
9726 ORDER 4829 10 5 1 8 0
9729 ORDER 4830 26 14 3 5 3
9732 ORDER 4831 6 15 1 15 0
9733 ORDER 4832 35 14 2 33 0
9734 ORDER 4833 7 30 19 37 0
9736 ORDER 4834 20 14 24 38 3
9738 ORDER 4835 7 17 2 8 0
9739 BLOCK 32 30
9740 ORDER 4836 40 12 1 12 1
9741 ORDER 4837 39 24 39 37 0
9742 ORDER 4838 28 14 33 38 0
9743 ORDER 4839 11 5 9 37 0
9744 ORDER 4840 20 6 29 38 1
9747 ORDER 4841 17 23 2 3 3
9748 CANCEL 4788
9749 ORDER 4842 44 33 35 37 0
9754 ORDER 4843 11 32 43 37 0
9758 ORDER 4844 27 26 3 15 0
9763 ORDER 4845 23 18 3 19 0
9764 ORDER 4846 34 27 2 27 1
9768 ORDER 4847 17 15 17 37 2
9769 ORDER 4848 12 24 1 34 1
9770 ORDER 4849 29 29 3 10 1
9773 ORDER 4850 28 21 12 38 0
9775 ORDER 4851 11 20 3 31 0
9777 ORDER 4852 10 35 2 23 0
9777 BLOCK 35 20
9779 CANCEL 4848
9779 ORDER 4853 6 21 4 38 0
9780 ORDER 4854 36 8 31 38 0
9782 ORDER 4855 40 24 16 37 0
9783 UNBLOCK 45 38
9788 CANCEL 104855
9789 ORDER 4856 12 17 1 22 0
9790 ORDER 4857 19 5 3 24 0
9791 ORDER 4858 43 30 1 32 0
9792 ORDER 4859 19 23 1 37 0
9794 ORDER 4860 22 23 32 38 0
9795 BLOCK 16 28
9796 ORDER 4861 39 11 3 17 0
9797 ORDER 4862 43 35 1 24 0
9798 UNBLOCK 32 30
9799 ORDER 4863 30 18 40 38 2
9800 ORDER 4864 39 12 47 38 0
9802 UNBLOCK 33 1
9802 ORDER 4865 28 9 31 38 0
9803 ORDER 4866 32 8 3 14 0
9804 ORDER 4867 31 12 1 2 1
9805 BLOCK 43 21
9807 ORDER 4868 42 5 2 10 0
9810 BLOCK 24 7
9813 ORDER 4869 22 30 15 38 0
9814 ORDER 4870 18 18 31 37 0
9817 ORDER 4871 22 24 34 37 2
9819 ORDER 4872 33 30 1 25 0
9824 ORDER 4873 6 32 19 37 0
9825 ORDER 4874 36 33 21 38 0
9827 ORDER 4875 45 6 37 38 0
9828 ORDER 4876 21 26 2 2 0
9830 ORDER 4877 6 3 41 38 0
9831 ORDER 4878 32 6 31 38 1
9832 ORDER 4879 34 15 3 24 0
9833 ORDER 4880 14 27 47 37 0
9835 ORDER 4881 6 9 39 37 3
9836 ORDER 4882 36 6 10 38 0
9838 BLOCK 23 14
9839 ORDER 4883 24 26 1 10 0
9842 ORDER 4884 17 32 3 32 0
9844 ORDER 4885 12 18 7 37 1
9845 UNBLOCK 22 29
9846 ORDER 4886 28 6 22 38 2
9848 ORDER 4887 37 11 20 38 1
9849 UNBLOCK 28 20
9850 ORDER 4888 11 11 2 28 0
9852 ORDER 4889 16 33 28 38 0
9854 ORDER 4890 21 26 39 38 0
9855 ORDER 4891 41 12 17 38 0
9856 ORDER 4892 22 17 16 38 1
9857 ORDER 4893 24 30 1 24 2
9858 ORDER 4894 28 15 43 37 0
9861 UNBLOCK 14 2
9861 ORDER 4895 37 14 48 37 0
9863 ORDER 4896 36 32 1 37 0
9864 UNBLOCK 35 20
9865 ORDER 4897 9 9 7 38 0
9866 ORDER 4898 41 11 2 22 0
9867 ORDER 4899 9 15 1 26 0
9869 ORDER 4900 30 30 17 37 0
9871 ORDER 4901 35 6 3 19 0
9872 ORDER 4902 25 6 12 38 0
9873 ORDER 4903 21 23 17 38 1
9874 ORDER 4904 10 33 2 22 1
9878 ORDER 4905 33 3 27 37 1
9879 ORDER 4906 22 6 2 18 0
9881 ORDER 4907 44 35 2 36 0
9882 ORDER 4908 6 6 1 23 0
9884 ORDER 4909 10 12 25 37 1
9885 ORDER 4910 38 3 2 14 0
9886 BLOCK 25 27
9888 ORDER 4911 14 18 2 24 0
9891 ORDER 4912 20 14 22 38 0
9892 ORDER 4913 27 23 3 25 0
9895 ORDER 4914 8 24 27 37 0
9896 ORDER 4915 17 32 2 20 0
9897 ORDER 4916 31 5 21 38 0
9899 ORDER 4917 31 21 12 37 0
9901 ORDER 4918 30 5 3 22 2
9903 ORDER 4919 20 32 2 12 0
9904 ORDER 4920 29 3 3 15 0
9905 ORDER 4921 37 17 9 38 0
9906 ORDER 4922 23 17 43 38 3
9907 ORDER 4923 6 3 2 11 0
9908 ORDER 4924 29 18 43 37 1
9908 BLOCK 39 23
9910 BLOCK 21 15
9911 ORDER 4925 43 26 3 27 0
9913 ORDER 4926 39 12 33 38 0
9914 ORDER 4927 42 26 3 12 0
9918 ORDER 4928 8 11 2 3 0
9919 ORDER 4929 25 29 2 12 0
9921 ORDER 4930 6 9 2 6 1
9923 ORDER 4931 28 6 3 30 2
9926 ORDER 4932 27 5 1 1 0
9927 UNBLOCK 16 28
9927 ORDER 4933 21 23 46 37 0
9928 ORDER 4934 14 30 47 37 0
9929 ORDER 4935 43 9 16 37 0
9933 ORDER 4936 39 3 3 21 2
9934 UNBLOCK 43 21
9934 ORDER 4937 25 29 10 38 0
9936 ORDER 4938 37 3 3 3 1
9937 ORDER 4939 11 8 40 38 0
9938 ORDER 4940 45 29 2 3 0
9938 BLOCK 19 9
9939 UNBLOCK 24 7
9939 ORDER 4941 39 17 48 37 1
9940 UNBLOCK 23 14
9940 ORDER 4942 13 21 31 37 1
9941 ORDER 4943 6 15 29 38 0
9942 ORDER 4944 8 3 17 38 1
9946 ORDER 4945 28 6 2 6 0
9948 ORDER 4946 32 9 2 21 1
9952 ORDER 4947 29 23 1 29 0
9953 ORDER 4948 40 5 39 37 1
9953 BLOCK 42 26
9955 ORDER 4949 35 12 45 37 0
9956 CANCEL 4902
9956 ORDER 4950 11 30 2 8 1
9958 ORDER 4951 14 32 46 38 2
9960 ORDER 4952 33 30 45 37 0
9961 ORDER 4953 45 8 5 38 2
9964 ORDER 4954 35 35 1 35 2
9965 CANCEL 4907
9965 ORDER 4955 44 5 3 11 0
9967 ORDER 4956 12 27 24 37 2
9968 ORDER 4957 30 9 1 34 1
9969 ORDER 4958 39 18 32 38 0
9970 ORDER 4959 14 12 15 37 0
9971 ORDER 4960 28 5 3 36 1
9972 ORDER 4961 18 17 1 31 0
9973 ORDER 4962 8 30 2 19 1
9973 BLOCK 27 28
9974 ORDER 4963 18 31 2 5 2
9975 ORDER 4964 23 20 38 37 0
9982 ORDER 4965 11 20 40 37 0
9983 ORDER 4966 8 26 35 38 0
9984 ORDER 4967 29 8 41 37 0
9985 ORDER 4968 37 12 2 2 0
9987 ORDER 4969 19 24 2 25 1
9989 ORDER 4970 21 15 1 17 0
9989 BLOCK 37 26
9990 BLOCK 10 37
9991 ORDER 4971 42 3 1 24 2
9993 ORDER 4972 6 18 3 12 0
9994 ORDER 4973 18 21 2 11 0
9995 ORDER 4974 16 21 2 22 0
9995 BLOCK 33 34
9997 ORDER 4975 42 5 1 1 1
9999 ORDER 4976 30 11 3 24 0
10000 ORDER 4977 10 26 3 22 0
10003 ORDER 4978 7 24 1 29 1
10004 UNBLOCK 19 9
10004 CANCEL 4976
10004 ORDER 4979 23 21 2 4 0
10005 ORDER 4980 33 17 12 38 0
10005 BLOCK 44 29
10006 ORDER 4981 31 5 20 38 2
10009 ORDER 4982 31 23 1 34 0
10015 ORDER 4983 24 17 7 37 1
10015 BLOCK 27 5
10018 ORDER 4984 20 12 2 2 1
10018 BLOCK 11 23
10019 UNBLOCK 42 26
10019 UNBLOCK 10 37
10020 ORDER 4985 44 24 35 38 3
10021 ORDER 4986 19 14 1 28 0
10023 ORDER 4987 12 20 38 37 0
10025 ORDER 4988 40 29 3 9 2
10026 ORDER 4989 23 23 19 38 2
10028 ORDER 4990 20 15 3 2 1
10029 BLOCK 7 17
10030 UNBLOCK 25 27
10030 ORDER 4991 8 8 1 11 1
10035 ORDER 4992 10 3 3 9 3
10036 ORDER 4993 41 3 11 38 1
10037 ORDER 4994 28 15 1 14 0
10039 UNBLOCK 33 34
10039 ORDER 4995 31 27 18 37 2
10041 ORDER 4996 21 18 1 8 0
10042 ORDER 4997 36 29 2 12 0
10045 ORDER 4998 6 9 8 38 2
10047 ORDER 4999 21 17 7 37 2
10048 ORDER 5000 7 9 1 19 0
10049 ORDER 5001 33 9 7 37 0
10050 ORDER 5002 11 12 2 4 0
10051 ORDER 5003 34 29 1 8 3
10052 ORDER 5004 6 35 1 19 1
10053 ORDER 5005 12 27 33 38 0
10054 UNBLOCK 39 23
10055 UNBLOCK 21 15
10055 ORDER 5006 9 11 2 21 0
10057 ORDER 5007 45 8 15 38 1
10057 BLOCK 6 9
10061 ORDER 5008 6 11 25 37 2
10062 ORDER 5009 13 32 3 12 0
10064 ORDER 5010 44 8 3 21 1
10065 ORDER 5011 31 33 1 31 0
10067 ORDER 5012 17 23 25 37 0
10069 ORDER 5013 20 6 2 25 0
10070 BLOCK 43 15
10074 ORDER 5014 11 30 3 3 2
10078 ORDER 5015 22 15 44 37 1
10079 ORDER 5016 40 32 1 11 0
10082 ORDER 5017 25 33 3 20 0
10083 CANCEL 4983
10083 ORDER 5018 25 29 3 22 0
10084 CANCEL 4980
10085 ORDER 5019 41 29 7 38 0
10088 ORDER 5020 31 5 3 25 0
10089 UNBLOCK 11 23
10092 BLOCK 14 33
10093 ORDER 5021 33 5 1 4 0
10095 ORDER 5022 29 23 37 38 0
10097 ORDER 5023 41 30 29 37 0
10098 UNBLOCK 27 5
10098 BLOCK 18 2
10099 ORDER 5024 41 15 36 38 2
10100 ORDER 5025 31 8 1 6 1
10101 ORDER 5026 10 14 2 19 0
10102 UNBLOCK 44 29
10102 ORDER 5027 21 29 1 8 0
10105 UNBLOCK 6 9
10106 ORDER 5028 31 23 8 37 1
10109 CANCEL 4974
10110 UNBLOCK 27 28
10113 UNBLOCK 37 26
10114 ORDER 5029 42 5 3 8 0
10115 ORDER 5030 39 26 3 20 0
10116 ORDER 5031 33 26 2 18 1
10119 ORDER 5032 33 18 13 38 1
10120 ORDER 5033 40 24 2 10 2
10124 ORDER 5034 8 32 2 3 2
10125 ORDER 5035 32 3 18 38 0
10128 ORDER 5036 29 32 3 38 2
10131 ORDER 5037 37 12 48 37 0
10132 ORDER 5038 41 18 3 17 0
10133 ORDER 5039 34 17 3 4 2
10133 BLOCK 43 3
10134 ORDER 5040 19 6 2 37 1
10135 ORDER 5041 14 14 1 32 1
10135 BLOCK 23 35
10136 ORDER 5042 33 20 36 38 2
10138 ORDER 5043 27 33 19 38 0
10140 ORDER 5044 13 27 32 38 2
10144 ORDER 5045 31 24 36 38 0
10146 ORDER 5046 27 35 3 21 0
10149 ORDER 5047 27 6 2 30 0
10150 UNBLOCK 43 15
10154 ORDER 5048 8 24 27 37 0
10156 ORDER 5049 39 11 3 25 0
10157 ORDER 5050 38 6 1 16 0
10158 UNBLOCK 7 17
10158 ORDER 5051 23 14 2 3 1
10159 ORDER 5052 38 21 22 38 0
10160 ORDER 5053 29 17 19 38 3
10160 BLOCK 35 26
10162 ORDER 5054 31 21 5 37 1
10165 ORDER 5055 14 12 1 1 1
10165 BLOCK 43 32
10167 ORDER 5056 33 26 48 38 0
10169 ORDER 5057 27 23 19 37 0
10170 UNBLOCK 18 2
10170 ORDER 5058 30 21 5 38 0
10174 ORDER 5059 34 14 3 34 0
10176 ORDER 5060 30 5 3 35 3
10177 ORDER 5061 29 27 21 38 0
10181 ORDER 5062 7 8 12 38 1
10183 ORDER 5063 31 24 3 1 1
10184 ORDER 5064 37 23 15 38 0
10186 ORDER 5065 10 9 23 38 2
10188 ORDER 5066 41 15 2 33 0
10191 BLOCK 13 37
10195 ORDER 5067 9 35 3 20 0
10195 BLOCK 5 35
10197 ORDER 5068 36 21 2 18 2
10198 BLOCK 28 29
10203 ORDER 5069 38 15 2 38 0
10204 BLOCK 12 13
10205 ORDER 5070 25 33 3 22 1
10206 ORDER 5071 40 11 37 38 0
10207 ORDER 5072 17 17 15 38 2
10209 ORDER 5073 42 18 2 31 1
10211 ORDER 5074 9 3 9 38 0
10213 ORDER 5075 40 9 3 26 0
10214 ORDER 5076 7 7 2 24 0
10215 ORDER 5077 15 8 2 29 1
10216 ORDER 5078 23 12 2 29 0
10217 ORDER 5079 41 26 2 2 1
10218 UNBLOCK 43 3
10220 ORDER 5080 40 9 2 9 1
10225 ORDER 5081 36 14 1 14 0
10229 ORDER 5082 29 12 29 37 1
10230 ORDER 5083 35 35 21 38 0
10232 ORDER 5084 13 11 12 37 1
10235 ORDER 5085 29 35 38 38 0
10236 UNBLOCK 14 33
10237 ORDER 5086 40 20 13 38 0
10238 ORDER 5087 20 21 1 9 2
10239 ORDER 5088 42 17 33 38 0
10243 ORDER 5089 18 12 3 18 1
10246 ORDER 5090 37 21 1 18 1
10248 ORDER 5091 23 24 3 27 1
10249 ORDER 5092 39 6 1 7 0
10250 ORDER 5093 13 26 1 31 2
10252 CANCEL 5032
10254 ORDER 5094 19 33 25 38 0
10254 BLOCK 11 9
10255 ORDER 5095 37 23 2 22 0
10256 ORDER 5096 19 17 5 37 1
10257 ORDER 5097 30 15 1 20 0
10258 ORDER 5098 28 21 2 25 0
10259 BLOCK 25 4
10260 ORDER 5099 8 11 26 37 1
10261 ORDER 5100 24 24 3 25 0
10263 UNBLOCK 13 37
10263 ORDER 5101 23 32 1 17 1
10267 ORDER 5102 11 29 8 38 0
10269 ORDER 5103 34 18 40 37 1
10270 UNBLOCK 28 29
10270 ORDER 5104 16 14 9 37 0
10270 BLOCK 14 34
10276 ORDER 5105 35 29 17 38 0
10277 ORDER 5106 24 12 3 36 1
10279 ORDER 5107 39 9 3 25 0
10281 ORDER 5108 30 23 3 31 0
10282 UNBLOCK 23 35
10282 ORDER 5109 19 8 5 38 1
10284 ORDER 5110 36 14 2 24 2
10285 ORDER 5111 33 27 12 37 1
10286 ORDER 5112 33 11 30 37 0
10288 ORDER 5113 22 24 3 4 0
10289 BLOCK 33 26
10290 ORDER 5114 39 35 48 37 1
10291 ORDER 5115 8 15 3 9 0
10291 BLOCK 32 38
10292 UNBLOCK 11 9
10292 ORDER 5116 41 18 21 37 0
10293 ORDER 5117 22 20 3 20 0
10294 ORDER 5118 38 24 6 38 1
10297 ORDER 5119 12 5 2 28 0
10298 ORDER 5120 23 26 36 37 0
10299 ORDER 5121 13 26 3 4 0
10303 ORDER 5122 28 30 1 38 0
10304 ORDER 5123 33 30 42 38 0
10305 ORDER 5124 27 9 2 29 1
10306 UNBLOCK 5 35
10306 ORDER 5125 40 3 3 3 0
10307 ORDER 5126 22 30 3 22 0
10310 UNBLOCK 35 26
10311 ORDER 5127 31 33 2 38 1
10312 ORDER 5128 12 26 3 37 0
10313 UNBLOCK 43 32
10313 ORDER 5129 29 8 31 38 1
10314 UNBLOCK 14 34
10316 UNBLOCK 12 13
10317 ORDER 5130 45 8 19 38 1
10319 ORDER 5131 13 18 16 37 0
10320 ORDER 5132 45 14 22 37 0
10321 ORDER 5133 6 32 3 7 0
10322 ORDER 5134 29 34 23 37 0
10324 ORDER 5135 40 12 30 37 0
10325 ORDER 5136 20 32 9 38 0
10326 ORDER 5137 39 30 1 27 0
10332 ORDER 5138 10 6 2 7 0
10334 ORDER 5139 23 18 1 5 0
10335 ORDER 5140 29 8 2 11 0
10336 ORDER 5141 12 11 10 37 0
10338 ORDER 5142 17 26 16 37 0
10341 ORDER 5143 39 3 46 37 0
10342 ORDER 5144 45 14 2 17 1
10343 ORDER 5145 22 11 2 10 2
10343 BLOCK 8 26
10345 ORDER 5146 10 33 3 25 0
10347 ORDER 5147 23 5 38 38 2
10347 CANCEL 105147
10348 ORDER 5148 42 24 34 38 0
10350 UNBLOCK 25 4
10350 ORDER 5149 17 15 2 10 0
10352 UNBLOCK 32 38
10352 ORDER 5150 42 5 1 4 2
10355 ORDER 5151 28 27 20 38 0
10356 BLOCK 38 29
10358 ORDER 5152 31 24 3 26 1
10360 ORDER 5153 28 32 25 37 2
10361 ORDER 5154 15 14 28 37 1
10363 ORDER 5155 36 9 1 32 1
10364 CANCEL 5096
10364 ORDER 5156 12 15 3 17 1
10365 ORDER 5157 9 35 18 38 3
10367 ORDER 5158 34 17 3 1 3
10370 ORDER 5159 22 11 1 34 0
10371 BLOCK 31 27
10372 ORDER 5160 40 23 30 38 1
10373 ORDER 5161 22 21 3 30 0
10374 ORDER 5162 9 32 3 7 1
10375 CANCEL 5108
10376 ORDER 5163 26 3 3 4 0
10377 ORDER 5164 37 15 2 27 1
10380 ORDER 5165 25 14 27 37 2
10381 ORDER 5166 29 11 31 37 0
10382 ORDER 5167 30 30 25 37 1
10383 ORDER 5168 30 8 1 6 0
10384 ORDER 5169 22 5 2 30 0
10387 BLOCK 15 21
10388 ORDER 5170 22 11 25 38 0
10389 ORDER 5171 22 15 40 37 0
10390 ORDER 5172 18 27 3 12 0
10391 ORDER 5173 35 18 32 38 2
10392 ORDER 5174 32 9 30 37 0
10392 BLOCK 19 20
10396 ORDER 5175 13 20 15 38 0
10396 BLOCK 33 12
10398 ORDER 5176 37 17 30 37 0
10399 ORDER 5177 39 15 2 28 0
10403 CANCEL 5076
10403 ORDER 5178 10 31 35 37 0
10405 ORDER 5179 20 29 3 38 0
10405 BLOCK 37 17
10406 ORDER 5180 26 11 2 38 0
10409 ORDER 5181 21 11 31 37 0
10410 ORDER 5182 32 6 20 37 0
10412 ORDER 5183 29 15 1 23 0
10414 ORDER 5184 14 6 1 16 1
10414 BLOCK 37 18
10415 UNBLOCK 15 21
10416 ORDER 5185 34 17 34 38 0
10418 UNBLOCK 33 26
10418 ORDER 5186 25 18 2 13 1
10418 BLOCK 19 27
10419 BLOCK 20 20
10421 ORDER 5187 35 35 3 14 0
10422 ORDER 5188 39 32 14 37 1
10423 ORDER 5189 8 5 1 17 0
10425 ORDER 5190 22 17 48 38 1
10426 ORDER 5191 39 15 34 37 0
10430 ORDER 5192 33 31 13 37 0
10431 ORDER 5193 35 6 3 14 1
10432 UNBLOCK 33 12
10432 ORDER 5194 38 30 2 31 1
10433 UNBLOCK 38 29
10438 ORDER 5195 7 15 37 37 0
10439 ORDER 5196 23 27 1 33 0
10442 ORDER 5197 35 27 17 37 0
10444 ORDER 5198 36 27 7 37 0
10445 ORDER 5199 31 11 48 38 0
10446 ORDER 5200 33 26 40 37 0
10447 ORDER 5201 17 13 32 37 0
10448 ORDER 5202 37 6 3 28 1
10449 UNBLOCK 8 26
10454 ORDER 5203 30 24 3 26 0
10457 ORDER 5204 40 23 3 20 0
10460 ORDER 5205 19 3 2 11 0
10461 ORDER 5206 43 5 48 37 3
10464 ORDER 5207 44 8 3 12 0
10467 ORDER 5208 42 32 2 15 1
10469 ORDER 5209 31 26 21 38 1
10470 UNBLOCK 37 18
10472 ORDER 5210 12 5 45 37 0
10474 ORDER 5211 34 21 38 38 0
10475 ORDER 5212 35 29 2 16 2
10478 BLOCK 14 17
10481 ORDER 5213 18 6 3 31 0
10482 UNBLOCK 31 27
10486 ORDER 5214 6 11 3 27 1
10487 BLOCK 23 15
10490 ORDER 5215 6 15 13 38 0
10493 UNBLOCK 19 20
10493 ORDER 5216 30 5 1 37 3
10494 ORDER 5217 11 29 38 38 0
10496 ORDER 5218 18 5 40 38 0
10497 ORDER 5219 18 15 1 38 0
10498 ORDER 5220 29 11 17 38 1
10499 UNBLOCK 14 17
10500 ORDER 5221 37 8 30 37 0
10502 ORDER 5222 32 7 44 37 3
10503 ORDER 5223 15 35 3 11 0
10505 ORDER 5224 28 23 1 32 2
10506 ORDER 5225 11 18 14 38 0
10507 ORDER 5226 31 5 1 20 0
10508 ORDER 5227 38 15 3 9 0
10508 BLOCK 38 9
10509 ORDER 5228 37 33 1 3 0
10510 ORDER 5229 12 27 1 4 0
10511 ORDER 5230 36 27 2 13 1
10513 ORDER 5231 22 5 2 29 0
10518 ORDER 5232 16 17 2 13 0
10519 ORDER 5233 25 8 3 28 0
10519 BLOCK 25 26
10522 ORDER 5234 32 9 2 25 0
10523 ORDER 5235 40 30 4 37 1
10523 BLOCK 25 24
10524 ORDER 5236 10 24 24 37 2
10524 BLOCK 18 6
10525 UNBLOCK 37 17
10525 ORDER 5237 40 27 7 38 2
10528 ORDER 5238 30 27 1 15 0
10530 ORDER 5239 16 33 3 17 0
10531 UNBLOCK 38 9
10531 ORDER 5240 40 32 2 32 0
10532 ORDER 5241 8 11 1 9 0
10533 ORDER 5242 18 24 3 8 2
10534 ORDER 5243 32 32 1 16 0
10535 ORDER 5244 31 30 1 16 0
10536 BLOCK 14 38
10537 CANCEL 5180
10538 CANCEL 5243
10538 ORDER 5245 40 18 14 38 1
10543 ORDER 5246 32 35 2 16 0
10544 ORDER 5247 22 11 1 3 0
10545 ORDER 5248 43 9 11 38 0
10547 UNBLOCK 20 20
10548 ORDER 5249 18 32 7 38 0
10549 ORDER 5250 18 20 2 29 1
10550 ORDER 5251 41 9 2 16 3
10551 UNBLOCK 18 6
10551 ORDER 5252 8 30 3 31 0
10553 ORDER 5253 6 3 40 38 0
10554 UNBLOCK 19 27
10554 ORDER 5254 40 5 2 34 0
10555 ORDER 5255 16 33 1 36 0
10557 ORDER 5256 40 24 2 1 1
10559 ORDER 5257 17 6 27 38 1
10562 UNBLOCK 23 15
10563 ORDER 5258 19 15 39 38 0
10564 ORDER 5259 13 11 39 37 0
10565 ORDER 5260 14 6 44 37 0
10566 ORDER 5261 30 33 3 10 0
10566 BLOCK 5 8
10575 ORDER 5262 12 18 27 37 0
10576 ORDER 5263 12 17 19 37 1
10577 ORDER 5264 8 9 32 38 0
10578 ORDER 5265 34 26 3 35 0
10583 ORDER 5266 6 26 1 34 0
10584 BLOCK 26 14
10585 ORDER 5267 34 15 1 1 0
10586 ORDER 5268 28 17 3 33 0
10587 ORDER 5269 38 17 1 36 1
10588 ORDER 5270 19 23 9 38 0
10589 UNBLOCK 25 24
10589 ORDER 5271 12 26 3 12 1
10589 BLOCK 33 23
10591 ORDER 5272 45 12 6 38 0
10593 ORDER 5273 41 30 17 37 0
10595 ORDER 5274 29 33 1 36 0
10595 BLOCK 7 8
10598 ORDER 5275 36 33 40 38 1
10603 ORDER 5276 18 14 2 31 0
10604 UNBLOCK 25 26
10605 ORDER 5277 28 23 37 37 0
10608 ORDER 5278 39 29 13 38 0
10610 ORDER 5279 17 23 1 4 0
10613 ORDER 5280 17 15 34 37 0
10614 UNBLOCK 33 23
10617 ORDER 5281 40 26 4 37 2
10618 ORDER 5282 29 21 3 38 0
10619 CANCEL 105282
10619 BLOCK 37 18
10620 ORDER 5283 31 33 3 32 0
10621 ORDER 5284 43 29 1 21 0
10622 CANCEL 5221
10623 ORDER 5285 43 29 1 5 1
10624 ORDER 5286 40 8 46 37 0
10626 ORDER 5287 43 20 9 38 2
10629 ORDER 5288 14 11 35 37 1
10631 ORDER 5289 19 18 2 33 1
10634 ORDER 5290 35 21 1 38 3
10636 ORDER 5291 41 27 21 37 0
10637 ORDER 5292 25 30 48 37 1
10639 ORDER 5293 35 33 1 19 0
10640 ORDER 5294 32 26 13 37 1
10641 ORDER 5295 9 3 16 38 1
10642 ORDER 5296 34 29 1 2 1
10644 ORDER 5297 19 29 19 38 1
10645 ORDER 5298 36 23 3 11 2
10646 UNBLOCK 26 14
10646 ORDER 5299 41 3 2 6 3
10648 ORDER 5300 20 23 2 28 1
10648 BLOCK 15 8
10649 ORDER 5301 21 32 9 37 1
10652 ORDER 5302 27 3 22 37 0
10656 ORDER 5303 45 23 1 37 0
10657 ORDER 5304 28 6 37 37 0
10658 ORDER 5305 30 15 28 37 2
10659 ORDER 5306 13 18 3 9 0
10661 ORDER 5307 15 5 34 38 0
10665 ORDER 5308 25 6 1 15 0
10667 ORDER 5309 19 27 16 37 0
10668 ORDER 5310 45 35 5 38 3
10668 BLOCK 44 12
10669 ORDER 5311 28 12 13 37 1
10670 ORDER 5312 25 30 1 4 1
10672 ORDER 5313 33 15 2 1 0
10673 UNBLOCK 5 8
10674 ORDER 5314 45 23 8 37 1
10678 ORDER 5315 14 11 1 2 0
10679 ORDER 5316 11 33 3 32 0
10679 BLOCK 27 5
10680 UNBLOCK 14 38
10681 ORDER 5317 42 21 18 37 0
10682 ORDER 5318 28 17 13 38 0
10683 CANCEL 5223
10684 CANCEL 5315
10685 ORDER 5319 39 35 35 38 1
10686 ORDER 5320 14 26 30 38 0
10688 ORDER 5321 36 20 2 7 1
10691 ORDER 5322 43 32 3 22 0
10696 ORDER 5323 23 30 3 15 0
10697 ORDER 5324 11 23 21 38 1
10698 ORDER 5325 45 20 3 13 3
10700 ORDER 5326 26 9 1 32 1
10701 ORDER 5327 19 12 1 25 1
10703 ORDER 5328 43 3 2 4 3
10703 BLOCK 22 30
10705 ORDER 5329 41 27 13 37 1
10708 ORDER 5330 32 20 2 4 3
10710 ORDER 5331 10 18 1 5 0
10711 CANCEL 5327
10711 ORDER 5332 11 26 2 2 0
10712 ORDER 5333 38 35 1 31 1
10713 ORDER 5334 11 9 3 7 3
10714 ORDER 5335 30 5 39 37 2
10715 ORDER 5336 20 15 3 9 0
10717 UNBLOCK 44 12
10717 ORDER 5337 6 15 32 37 1
10718 UNBLOCK 7 8
10719 ORDER 5338 28 9 43 38 1
10721 ORDER 5339 13 11 2 4 0
10723 ORDER 5340 39 9 2 22 0
10724 ORDER 5341 10 21 3 29 1
10725 ORDER 5342 28 30 1 2 1
10726 ORDER 5343 7 26 39 38 1
10728 ORDER 5344 11 9 43 38 1
10729 ORDER 5345 15 3 1 9 1
10731 UNBLOCK 37 18
10731 ORDER 5346 38 30 2 37 3
10733 ORDER 5347 33 20 26 37 1
10734 ORDER 5348 6 11 5 37 0
10735 ORDER 5349 6 5 2 25 0
10738 BLOCK 45 18
10740 ORDER 5350 45 14 3 23 0
10743 ORDER 5351 29 27 1 16 0
10744 ORDER 5352 30 35 34 38 0
10751 ORDER 5353 32 33 2 5 1
10754 ORDER 5354 36 8 1 9 0
10762 ORDER 5355 11 8 1 1 2
10764 ORDER 5356 20 29 12 38 0
10766 ORDER 5357 35 20 7 38 0
10769 BLOCK 27 11
10772 BLOCK 16 8
10773 ORDER 5358 29 8 47 38 1
10774 ORDER 5359 10 6 6 38 0
10774 BLOCK 8 15
10775 ORDER 5360 23 11 3 1 0
10775 BLOCK 45 35
10778 ORDER 5361 39 24 7 37 0
10779 ORDER 5362 10 27 8 38 0
10780 ORDER 5363 10 11 1 12 2
10781 ORDER 5364 32 32 6 37 2
10783 ORDER 5365 41 24 38 38 1
10785 ORDER 5366 14 6 8 38 2
10786 ORDER 5367 8 32 2 9 0
10788 ORDER 5368 23 23 25 37 0
10789 ORDER 5369 22 35 16 37 0
10790 UNBLOCK 15 8
10790 ORDER 5370 42 29 26 38 0
10791 ORDER 5371 28 9 1 9 1
10792 CANCEL 5283
10792 UNBLOCK 45 18
10792 ORDER 5372 44 24 1 10 1
10793 ORDER 5373 42 15 2 8 2
10794 ORDER 5374 17 27 3 14 0
10795 ORDER 5375 34 29 2 10 0
10796 ORDER 5376 39 30 2 22 1
10798 UNBLOCK 27 5
10798 ORDER 5377 31 32 12 38 0
10799 ORDER 5378 34 15 1 13 1
10800 BLOCK 23 3
10801 ORDER 5379 22 35 13 37 0
10803 ORDER 5380 44 33 34 38 1
10804 ORDER 5381 33 9 32 37 1
10805 ORDER 5382 24 15 30 38 0
10809 ORDER 5383 31 27 3 7 2
10810 ORDER 5384 29 26 47 37 0
10812 ORDER 5385 24 20 2 33 0
10814 ORDER 5386 18 27 19 38 2
10816 ORDER 5387 44 35 12 38 0
10817 BLOCK 34 21
10819 ORDER 5388 45 12 1 12 0
10821 ORDER 5389 27 21 1 4 0
10824 ORDER 5390 30 27 2 24 0
10826 ORDER 5391 43 15 3 1 1
10828 ORDER 5392 44 24 39 38 1
10829 ORDER 5393 41 29 5 38 2
10832 ORDER 5394 28 21 1 27 0
10837 ORDER 5395 30 5 2 8 0
10838 ORDER 5396 39 11 3 34 2
10840 ORDER 5397 12 27 3 7 3
10842 ORDER 5398 35 8 28 37 0
10843 ORDER 5399 13 30 2 14 0
10844 ORDER 5400 29 20 35 37 3
10845 UNBLOCK 22 30
10847 ORDER 5401 12 27 8 38 1
10850 CANCEL 5375
10850 ORDER 5402 7 20 2 6 1
10851 BLOCK 38 6
10852 ORDER 5403 7 30 2 4 0
10859 ORDER 5404 39 24 2 33 0
10861 UNBLOCK 16 8
10861 ORDER 5405 40 24 26 37 0
10862 ORDER 5406 10 24 30 37 0
10864 UNBLOCK 23 3
10865 ORDER 5407 26 6 3 38 0
10865 BLOCK 17 6
10866 ORDER 5408 29 32 1 9 0
10867 ORDER 5409 22 30 21 37 0
10868 UNBLOCK 8 15
10868 UNBLOCK 45 35
10868 ORDER 5410 30 9 3 33 1
10871 ORDER 5411 7 9 3 34 0
10872 ORDER 5412 22 15 3 8 3
10873 ORDER 5413 9 17 3 9 1
10875 ORDER 5414 6 32 1 16 0
10876 ORDER 5415 20 3 3 20 0
10878 BLOCK 33 36
10881 CANCEL 5322
10881 ORDER 5416 19 29 2 18 1
10886 ORDER 5417 39 15 46 37 1
10887 ORDER 5418 10 23 2 10 1
10888 ORDER 5419 15 6 19 38 0
10890 UNBLOCK 17 6
10890 ORDER 5420 28 21 2 32 0
10891 UNBLOCK 27 11
10893 ORDER 5421 19 5 35 38 0
10895 ORDER 5422 44 18 3 9 0
10896 ORDER 5423 16 33 47 37 0
10899 ORDER 5424 6 5 39 37 0
10900 UNBLOCK 38 6
10901 ORDER 5425 20 9 2 7 3
10902 ORDER 5426 10 15 12 37 0
10903 ORDER 5427 13 17 28 37 0
10903 CANCEL 105427
10905 ORDER 5428 16 17 25 38 0
10907 ORDER 5429 11 24 12 37 0
10909 ORDER 5430 40 6 11 37 0
10910 ORDER 5431 40 35 1 34 2
10911 ORDER 5432 23 26 2 37 2
10912 ORDER 5433 40 14 2 37 0
10913 ORDER 5434 20 33 3 5 2
10916 ORDER 5435 45 14 3 25 0
10917 ORDER 5436 19 20 3 20 0
10919 CANCEL 5376
10920 ORDER 5437 37 32 2 24 3
10921 ORDER 5438 45 20 3 28 0
10924 ORDER 5439 29 23 16 38 0
10925 ORDER 5440 23 26 42 37 2
10926 ORDER 5441 9 27 3 9 2
10927 UNBLOCK 34 21
10927 ORDER 5442 43 24 1 31 0
10930 ORDER 5443 43 3 44 38 1
10932 ORDER 5444 8 27 1 14 0
10933 BLOCK 9 3
10934 ORDER 5445 45 20 2 27 0
10935 ORDER 5446 42 17 1 13 0
10935 BLOCK 11 37
10936 ORDER 5447 25 30 10 38 1
10937 ORDER 5448 9 27 3 37 3
10941 ORDER 5449 26 3 1 34 3
10942 ORDER 5450 6 17 2 24 3
10943 ORDER 5451 21 8 23 37 0
10944 ORDER 5452 15 3 3 29 0
10945 ORDER 5453 7 3 15 38 0
10946 BLOCK 10 30
10948 ORDER 5454 38 6 20 37 0
10951 ORDER 5455 22 18 2 36 2
10952 CANCEL 5354
10952 ORDER 5456 44 29 31 38 0
10952 BLOCK 44 33
10954 ORDER 5457 31 14 2 31 0
10955 ORDER 5458 38 12 3 13 0
10957 ORDER 5459 20 32 3 5 0
10957 BLOCK 5 27
10958 ORDER 5460 18 12 31 38 0
10959 ORDER 5461 42 5 1 23 0
10961 ORDER 5462 12 21 3 6 0
10962 ORDER 5463 24 14 1 21 3
10967 ORDER 5464 16 21 3 32 0
10969 ORDER 5465 34 29 25 38 1
10969 BLOCK 22 20
10970 ORDER 5466 11 23 16 38 1
10971 UNBLOCK 33 36
10972 ORDER 5467 12 15 2 24 0
10974 ORDER 5468 6 24 1 2 0
10975 ORDER 5469 13 17 3 25 1
10976 ORDER 5470 20 15 3 16 0
10980 ORDER 5471 17 29 2 5 1
10982 ORDER 5472 42 3 3 38 0
10984 ORDER 5473 43 29 25 38 1
10987 ORDER 5474 12 21 3 33 0
10988 ORDER 5475 29 23 43 37 1
10990 ORDER 5476 7 8 3 28 0
10992 ORDER 5477 19 30 13 38 1
10993 ORDER 5478 36 32 3 8 0
10995 ORDER 5479 30 22 2 29 0
10996 ORDER 5480 17 21 2 14 0
10999 ORDER 5481 19 33 37 37 2
11000 ORDER 5482 11 12 3 35 0
11001 ORDER 5483 31 32 2 15 2
11002 ORDER 5484 12 33 3 35 1
11004 ORDER 5485 17 5 3 8 1
11005 ORDER 5486 8 5 3 30 0
11009 ORDER 5487 8 24 3 25 0
11010 BLOCK 43 2
11012 ORDER 5488 43 27 3 3 0
11013 ORDER 5489 6 9 46 38 0
11015 ORDER 5490 7 21 1 26 0
11016 BLOCK 35 35
11017 ORDER 5491 41 23 36 38 0
11018 ORDER 5492 34 14 1 27 1
11022 ORDER 5493 27 21 1 2 0
11023 ORDER 5494 39 35 2 31 1
11026 ORDER 5495 20 27 3 8 1
11027 ORDER 5496 23 3 19 37 1
11029 CANCEL 5435
11029 ORDER 5497 9 27 1 30 0
11030 ORDER 5498 12 35 2 23 3
11030 BLOCK 34 27
11031 ORDER 5499 6 17 3 37 3
11031 BLOCK 39 18
11033 ORDER 5500 24 20 3 32 0
11037 ORDER 5501 41 27 2 8 3
11038 CANCEL 5480
11038 ORDER 5502 6 11 22 38 0
11039 ORDER 5503 19 30 1 24 2
11040 UNBLOCK 5 27
11040 ORDER 5504 34 14 42 37 0
11041 ORDER 5505 29 14 46 38 1
11042 ORDER 5506 21 35 1 15 0
11043 ORDER 5507 22 33 33 37 0
11045 ORDER 5508 29 5 3 20 1
11047 CANCEL 5504
11047 ORDER 5509 25 33 2 28 0
11048 ORDER 5510 6 9 41 37 0
11049 ORDER 5511 42 15 41 37 0
11050 ORDER 5512 24 14 46 37 2
11051 ORDER 5513 19 6 29 37 0
11053 ORDER 5514 37 21 32 37 0
11054 ORDER 5515 29 19 16 37 2
11055 ORDER 5516 44 3 1 12 0
11056 ORDER 5517 21 5 31 37 2
11057 ORDER 5518 15 3 30 37 0
11058 ORDER 5519 34 17 3 37 0
11060 ORDER 5520 44 18 1 36 1
11061 UNBLOCK 43 2
11062 UNBLOCK 22 20
11062 ORDER 5521 21 18 30 37 0
11065 ORDER 5522 8 6 30 38 0
11066 ORDER 5523 28 33 14 38 0
11067 UNBLOCK 9 3
11067 ORDER 5524 31 29 29 38 1
11068 ORDER 5525 18 17 2 26 0
11069 UNBLOCK 11 37
11069 ORDER 5526 29 27 3 34 1
11070 CANCEL 5424
11072 ORDER 5527 43 20 13 37 1
11073 ORDER 5528 33 3 3 12 0
11080 ORDER 5529 12 15 1 11 0
11081 ORDER 5530 18 3 27 38 0
11082 ORDER 5531 23 30 2 23 2
11083 ORDER 5532 18 24 1 3 0
11084 BLOCK 21 13
11085 ORDER 5533 28 11 2 28 0
11086 ORDER 5534 43 9 1 31 0
11089 ORDER 5535 23 3 3 14 1
11090 ORDER 5536 23 32 2 12 1
11091 ORDER 5537 39 5 3 10 1
11093 UNBLOCK 10 30
11094 ORDER 5538 35 27 2 7 0
11095 ORDER 5539 8 3 22 37 0
11095 BLOCK 31 9
11096 ORDER 5540 45 27 11 37 1
11099 UNBLOCK 44 33
11099 ORDER 5541 36 6 41 37 0
11100 ORDER 5542 28 21 1 19 0
11101 CANCEL 5478
11101 ORDER 5543 6 26 8 38 3
11104 ORDER 5544 29 29 39 38 1
11105 ORDER 5545 38 23 2 33 1
11106 ORDER 5546 41 9 22 38 0
11112 ORDER 5547 22 26 1 33 0
11113 ORDER 5548 30 18 18 37 0
11114 ORDER 5549 39 14 1 23 0
11115 UNBLOCK 39 18
11117 ORDER 5550 25 32 13 38 2
11119 ORDER 5551 10 23 2 29 0
11120 ORDER 5552 43 11 3 17 0
11121 ORDER 5553 43 27 43 37 0
11122 UNBLOCK 35 35
11122 ORDER 5554 35 23 11 38 1
11123 ORDER 5555 43 29 21 38 1
11123 BLOCK 45 30
11126 ORDER 5556 15 6 45 37 0
11127 ORDER 5557 36 14 31 38 0
11131 ORDER 5558 45 21 22 38 0
11132 CANCEL 5494
11133 ORDER 5559 43 20 31 37 3
11134 ORDER 5560 26 8 3 33 2
11137 BLOCK 25 17
11139 ORDER 5561 28 17 15 37 0
11142 ORDER 5562 39 32 2 6 0
11143 ORDER 5563 39 14 42 37 2
11144 ORDER 5564 39 18 1 2 0
11146 ORDER 5565 16 21 40 37 0
11148 ORDER 5566 11 6 2 11 3
11149 ORDER 5567 7 27 41 38 0
11152 ORDER 5568 27 9 1 36 1
11153 ORDER 5569 11 23 3 4 0
11155 ORDER 5570 23 24 2 18 1
11158 ORDER 5571 6 21 3 36 0
11159 ORDER 5572 45 29 32 38 0
11160 ORDER 5573 29 32 2 24 3
11164 ORDER 5574 11 15 10 37 3
11165 ORDER 5575 28 33 9 38 0
11167 ORDER 5576 22 6 33 38 3
11169 ORDER 5577 29 11 2 8 0
11170 ORDER 5578 20 6 25 37 1
11174 UNBLOCK 34 27
11174 ORDER 5579 13 30 3 20 1
11175 ORDER 5580 29 11 4 38 1
11176 UNBLOCK 21 13
11176 ORDER 5581 39 26 2 18 2
11179 ORDER 5582 6 17 2 2 1
11180 ORDER 5583 37 32 2 38 0
11181 ORDER 5584 42 12 1 6 0
11182 ORDER 5585 28 3 18 38 1
11183 ORDER 5586 29 29 1 8 1
11184 ORDER 5587 23 30 32 38 0
11185 ORDER 5588 7 30 1 25 0
11186 ORDER 5589 31 9 1 9 0
11187 ORDER 5590 31 20 42 37 2
11188 ORDER 5591 36 14 3 11 0
11197 ORDER 5592 29 21 15 37 0
11198 ORDER 5593 36 14 33 37 0
11201 ORDER 5594 23 17 45 37 0
11202 ORDER 5595 7 14 10 37 0
11204 CANCEL 5567
11204 ORDER 5596 27 21 43 37 1
11209 UNBLOCK 31 9
11211 ORDER 5597 24 18 16 38 1
11213 BLOCK 16 20
11215 ORDER 5598 20 6 9 38 3
11216 ORDER 5599 24 29 38 38 0
11217 ORDER 5600 45 14 1 3 0
11219 BLOCK 45 32
11220 ORDER 5601 34 17 2 18 3
11222 ORDER 5602 19 26 36 37 0
11223 ORDER 5603 12 29 35 37 0
11227 CANCEL 5500
11228 ORDER 5604 12 32 31 38 3
11230 ORDER 5605 38 17 3 13 0
11231 UNBLOCK 25 17
11232 ORDER 5606 6 30 23 37 0
11233 ORDER 5607 13 17 28 38 0
11235 UNBLOCK 45 30
11236 BLOCK 19 38
11237 ORDER 5608 12 3 44 38 1
11239 ORDER 5609 35 23 1 23 1
11240 ORDER 5610 40 30 2 5 0
11240 BLOCK 24 10
11241 ORDER 5611 25 29 2 15 0
11244 ORDER 5612 44 15 1 6 0
11245 ORDER 5613 36 18 43 38 0
11246 ORDER 5614 27 17 3 24 0
11249 ORDER 5615 14 11 1 6 1
11252 ORDER 5616 31 11 15 38 2
11253 ORDER 5617 23 20 3 31 3
11254 ORDER 5618 11 17 4 37 0
11255 ORDER 5619 38 30 1 30 0
11256 ORDER 5620 39 27 1 37 0
11257 BLOCK 38 38
11263 ORDER 5621 9 18 46 37 1
11264 ORDER 5622 8 3 29 38 0
11265 ORDER 5623 42 20 8 37 2
11267 ORDER 5624 14 18 15 37 0
11270 ORDER 5625 20 20 48 37 0
11271 ORDER 5626 8 32 1 12 1
11272 ORDER 5627 20 22 37 38 0
11273 ORDER 5628 14 30 2 36 0
11276 ORDER 5629 9 18 3 18 0
11278 ORDER 5630 36 8 2 14 0
11279 ORDER 5631 7 23 35 38 0
11281 ORDER 5632 42 24 2 21 2
11284 ORDER 5633 31 20 14 38 2
11285 ORDER 5634 18 30 30 37 0
11286 CANCEL 5557
11286 ORDER 5635 20 9 28 38 0
11287 ORDER 5636 28 26 3 35 1
11290 UNBLOCK 45 32
11291 ORDER 5637 9 5 11 37 0
11296 ORDER 5638 15 33 26 38 1
11298 ORDER 5639 13 30 28 37 1
11299 ORDER 5640 6 27 2 19 3
11300 UNBLOCK 19 38
11300 ORDER 5641 8 3 38 37 1
11301 ORDER 5642 29 6 16 37 0
11302 UNBLOCK 38 38
11303 ORDER 5643 19 26 2 26 0
11306 ORDER 5644 8 20 30 38 3
11309 ORDER 5645 41 5 2 32 0
11310 ORDER 5646 30 20 6 37 0
11314 ORDER 5647 34 27 44 37 0
11315 ORDER 5648 29 5 31 37 0
11316 ORDER 5649 40 35 15 37 0
11319 CANCEL 5627
11319 ORDER 5650 9 5 23 37 1
11324 UNBLOCK 24 10
11325 ORDER 5651 27 35 17 38 1
11326 ORDER 5652 31 11 1 33 1
11327 ORDER 5653 44 27 1 11 0
11328 ORDER 5654 28 3 15 37 0
11329 ORDER 5655 23 26 3 24 1
11330 ORDER 5656 6 15 1 23 0
11331 ORDER 5657 30 33 1 8 3
11336 ORDER 5658 39 27 35 37 0
11337 ORDER 5659 31 29 1 19 2
11339 ORDER 5660 33 32 1 29 0
11342 ORDER 5661 6 20 1 8 3
11344 ORDER 5662 21 27 2 2 3
11345 ORDER 5663 38 11 41 38 0
11347 UNBLOCK 16 20
11347 ORDER 5664 8 21 1 28 0
11348 BLOCK 32 20
11352 ORDER 5665 6 14 24 37 0
11356 ORDER 5666 22 15 26 37 2
11357 ORDER 5667 6 33 32 38 0
11358 CANCEL 5590
11359 CANCEL 5588
11359 ORDER 5668 8 21 3 19 0
11360 ORDER 5669 10 15 3 1 0
11361 ORDER 5670 8 24 47 37 0
11362 ORDER 5671 30 20 1 3 0
11363 ORDER 5672 44 6 3 31 1
11364 ORDER 5673 36 8 2 25 0
11364 BLOCK 13 9
11366 ORDER 5674 6 23 2 7 0
11367 ORDER 5675 40 33 9 37 0
11368 ORDER 5676 20 14 3 6 1
11368 BLOCK 40 38
11372 ORDER 5677 33 17 1 25 0
11374 ORDER 5678 31 27 38 38 0
11375 ORDER 5679 19 26 2 21 1
11376 ORDER 5680 8 17 1 34 1
11379 ORDER 5681 42 18 46 37 1
11382 UNBLOCK 32 20
11382 ORDER 5682 11 9 46 37 1
11383 ORDER 5683 20 26 2 38 0
11385 ORDER 5684 14 24 2 19 0
11386 ORDER 5685 45 20 8 38 0
11387 ORDER 5686 22 23 47 37 1
11388 ORDER 5687 34 14 12 37 0
11389 ORDER 5688 28 30 1 20 1
11391 CANCEL 5664
11391 ORDER 5689 17 5 1 38 1
11392 ORDER 5690 36 30 3 26 2
11393 ORDER 5691 22 17 40 38 1
11394 ORDER 5692 11 32 2 33 0
11395 ORDER 5693 35 6 3 28 1
11396 ORDER 5694 12 21 3 31 2
11399 ORDER 5695 9 14 2 16 1
11400 ORDER 5696 9 18 5 38 0
11401 ORDER 5697 14 11 44 38 0
11402 ORDER 5698 11 26 26 37 0
11403 ORDER 5699 31 27 26 37 1
11405 ORDER 5700 23 21 2 38 1
11406 ORDER 5701 34 20 28 37 1
11407 ORDER 5702 22 18 2 34 0
11408 ORDER 5703 26 5 3 31 0
11410 ORDER 5704 8 17 1 4 1
11412 ORDER 5705 23 18 28 38 1
11413 ORDER 5706 33 15 10 37 0
11415 ORDER 5707 26 8 2 30 0
11416 ORDER 5708 33 29 2 10 0
11418 ORDER 5709 30 18 1 10 1
11420 ORDER 5710 44 6 3 9 0
11421 UNBLOCK 40 38
11421 ORDER 5711 42 11 2 3 0
11422 ORDER 5712 16 17 1 34 2
11425 CANCEL 5637
11426 ORDER 5713 13 9 1 1 1
11430 ORDER 5714 30 20 2 2 3
11431 ORDER 5715 45 26 4 37 0
11434 BLOCK 45 21
11435 ORDER 5716 17 26 10 38 0
11440 ORDER 5717 8 15 1 35 0
11441 ORDER 5718 30 23 2 11 0
11442 ORDER 5719 31 27 3 28 1
11455 ORDER 5720 8 8 32 38 0
11456 ORDER 5721 44 15 31 38 0
11458 ORDER 5722 6 30 3 21 1
11459 ORDER 5723 40 26 2 27 0
11460 BLOCK 36 9
11461 ORDER 5724 41 18 2 10 0
11465 ORDER 5725 12 5 11 38 0
11465 BLOCK 42 18
11466 ORDER 5726 37 3 22 37 0
11468 ORDER 5727 39 12 6 37 0
11471 ORDER 5728 17 32 1 3 3
11473 ORDER 5729 43 26 1 25 2
11474 ORDER 5730 45 8 36 38 1
11475 ORDER 5731 34 24 26 38 1
11478 ORDER 5732 36 35 3 13 0
11479 ORDER 5733 21 9 1 29 0
11482 ORDER 5734 27 5 2 14 0
11483 ORDER 5735 25 35 44 37 0
11484 UNBLOCK 13 9
11486 ORDER 5736 38 8 1 12 2
11487 UNBLOCK 36 9
11487 ORDER 5737 20 23 45 38 0
11488 ORDER 5738 6 15 1 21 1
11489 ORDER 5739 30 8 3 9 0
11490 ORDER 5740 19 8 19 38 0
11492 ORDER 5741 31 32 26 37 1
11492 BLOCK 16 5
11495 ORDER 5742 17 12 17 37 0
11497 UNBLOCK 45 21
11497 ORDER 5743 20 8 2 33 0
11497 BLOCK 35 21
11501 ORDER 5744 31 18 31 38 0
11501 BLOCK 13 15
11502 ORDER 5745 38 17 21 38 0
11503 ORDER 5746 38 21 36 37 0
11505 ORDER 5747 39 14 2 4 0
11506 ORDER 5748 36 20 1 19 0
11509 ORDER 5749 30 14 1 26 3
11510 ORDER 5750 38 15 47 38 3
11511 ORDER 5751 34 5 12 37 0
11513 ORDER 5752 6 15 46 37 0
11514 BLOCK 38 11
11517 ORDER 5753 13 9 3 29 0
11518 ORDER 5754 28 6 3 1 0
11519 ORDER 5755 43 33 2 35 0
11520 ORDER 5756 23 11 30 37 0
11522 ORDER 5757 34 5 3 13 1
11523 BLOCK 33 9
11524 ORDER 5758 29 20 3 12 1
11525 ORDER 5759 8 10 3 1 0
11526 ORDER 5760 21 17 2 4 1
11528 UNBLOCK 13 15
11528 ORDER 5761 36 20 10 37 0
11530 ORDER 5762 32 32 22 37 0
11531 ORDER 5763 6 26 3 17 0
11533 ORDER 5764 21 8 14 37 0
11535 ORDER 5765 30 32 19 38 0
11538 ORDER 5766 21 30 14 38 0
11539 ORDER 5767 42 18 3 34 0
11541 ORDER 5768 41 12 43 37 0
11544 ORDER 5769 28 11 5 37 0
11547 ORDER 5770 20 30 3 19 1
11548 UNBLOCK 35 21
11548 ORDER 5771 35 12 1 31 0
11550 ORDER 5772 10 21 3 3 0
11551 ORDER 5773 37 5 2 29 3
11553 ORDER 5774 8 27 42 38 0
11554 ORDER 5775 39 30 2 2 0
11556 ORDER 5776 37 15 3 3 0
11557 ORDER 5777 10 9 2 9 0
11558 CANCEL 5711
11558 UNBLOCK 42 18
11563 ORDER 5778 36 12 27 38 0
11566 ORDER 5779 42 32 2 23 0
11569 ORDER 5780 29 33 24 37 0
11570 ORDER 5781 40 24 2 30 0
11571 ORDER 5782 8 33 3 37 3
11572 ORDER 5783 10 6 1 1 0
11573 ORDER 5784 10 15 2 23 1
11575 ORDER 5785 29 27 1 8 1
11575 BLOCK 32 21
11576 ORDER 5786 7 32 23 37 0
11578 ORDER 5787 8 23 35 38 3
11578 BLOCK 5 11
11579 ORDER 5788 38 15 9 37 2
11580 ORDER 5789 36 27 27 37 1
11581 ORDER 5790 34 27 1 5 0
11584 ORDER 5791 7 17 3 7 1
11586 ORDER 5792 35 27 2 18 0
11588 ORDER 5793 18 11 48 38 1
11589 ORDER 5794 20 32 12 38 0
11591 ORDER 5795 29 30 33 38 0
11592 ORDER 5796 39 11 27 38 0
11596 ORDER 5797 7 11 24 37 1
11597 ORDER 5798 31 35 41 38 0
11598 ORDER 5799 44 3 35 37 0
11599 ORDER 5800 7 6 1 25 1
11600 ORDER 5801 32 3 11 37 0
11602 ORDER 5802 39 11 25 37 2
11603 ORDER 5803 31 21 31 37 0
11604 BLOCK 18 9
11605 ORDER 5804 29 12 1 29 1
11606 ORDER 5805 38 14 2 36 0
11607 CANCEL 5758
11607 ORDER 5806 29 33 16 37 0
11609 UNBLOCK 38 11
11609 ORDER 5807 28 24 1 18 1
11612 CANCEL 105807
11614 ORDER 5808 20 3 35 37 0
11615 ORDER 5809 19 12 2 23 0
11616 ORDER 5810 30 27 1 29 0
11617 ORDER 5811 26 11 43 38 1
11618 ORDER 5812 28 18 2 36 2
11619 ORDER 5813 8 32 1 32 0
11620 ORDER 5814 18 32 1 7 1
11621 ORDER 5815 33 24 3 22 2
11624 ORDER 5816 28 21 36 38 1
11625 ORDER 5817 32 11 22 37 0
11626 ORDER 5818 39 33 3 20 0
11627 UNBLOCK 16 5
11627 ORDER 5819 33 27 40 37 0
11630 ORDER 5820 29 27 13 37 0
11633 ORDER 5821 28 29 2 9 0
11635 BLOCK 43 26
11637 ORDER 5822 18 8 3 29 1
11638 ORDER 5823 7 24 1 20 0
11641 ORDER 5824 16 5 12 37 0
11642 ORDER 5825 27 14 1 32 1
11643 ORDER 5826 10 25 1 1 0
11644 ORDER 5827 7 21 44 38 2
11646 ORDER 5828 28 3 1 5 2
11649 ORDER 5829 37 24 37 37 1
11650 UNBLOCK 33 9
11652 ORDER 5830 22 26 2 26 0
11653 ORDER 5831 10 33 26 38 0
11656 ORDER 5832 18 10 17 38 0
11657 UNBLOCK 18 9
11658 ORDER 5833 12 23 3 3 0
11659 ORDER 5834 43 11 44 38 3
11661 ORDER 5835 12 17 29 37 0
11662 ORDER 5836 8 27 2 37 1
11663 CANCEL 5732
11663 CANCEL 5738
11664 ORDER 5837 10 24 3 24 0
11665 ORDER 5838 39 6 1 21 0
11666 ORDER 5839 40 14 36 37 1
11667 ORDER 5840 11 30 1 21 0
11669 ORDER 5841 23 20 2 4 0
11672 BLOCK 13 33
11673 ORDER 5842 11 30 24 38 0
11677 ORDER 5843 9 25 47 38 2
11678 ORDER 5844 7 21 24 37 3
11680 ORDER 5845 41 6 22 37 1
11681 ORDER 5846 24 12 10 37 2
11685 ORDER 5847 32 33 21 37 0
11688 ORDER 5848 12 3 3 20 0
11696 UNBLOCK 43 26
11697 ORDER 5849 6 24 3 26 1
11698 ORDER 5850 32 30 2 1 0
11701 UNBLOCK 32 21
11702 ORDER 5851 7 6 36 37 0
11703 UNBLOCK 5 11
11707 ORDER 5852 16 12 1 30 0
11708 BLOCK 43 2
11709 ORDER 5853 20 24 2 16 0
11711 ORDER 5854 9 11 15 37 1
11712 ORDER 5855 37 24 3 30 0
11716 ORDER 5856 6 26 6 37 0
11717 BLOCK 8 15
11721 ORDER 5857 27 15 1 3 2
11722 ORDER 5858 29 12 1 11 0
11723 ORDER 5859 36 18 4 37 0
11725 ORDER 5860 33 15 3 2 0
11726 ORDER 5861 6 21 36 38 1
11727 ORDER 5862 13 17 2 28 0
11730 ORDER 5863 32 27 1 2 1
11734 ORDER 5864 36 23 3 2 0
11735 ORDER 5865 30 6 40 37 0
11737 ORDER 5866 40 15 30 38 0
11739 ORDER 5867 8 17 2 23 0
11741 ORDER 5868 38 5 3 8 0
11742 ORDER 5869 28 30 13 38 0
11743 UNBLOCK 43 2
11744 UNBLOCK 13 33
11745 ORDER 5870 19 5 2 21 0
11746 ORDER 5871 39 15 22 37 0
11747 ORDER 5872 22 15 2 23 1
11748 ORDER 5873 40 32 24 38 3
11749 ORDER 5874 17 9 16 38 1
11750 ORDER 5875 34 14 32 38 0
11751 CANCEL 5803
11757 ORDER 5876 32 29 8 37 0
11759 ORDER 5877 30 5 3 7 0
11760 ORDER 5878 43 33 1 14 0
11761 ORDER 5879 31 24 1 5 1
11763 ORDER 5880 38 6 2 8 0
11765 ORDER 5881 9 15 2 31 0
11766 ORDER 5882 34 14 3 2 0
11767 ORDER 5883 9 26 41 37 0
11768 UNBLOCK 8 15
11769 ORDER 5884 40 29 17 37 1
11770 ORDER 5885 9 15 3 11 0
11771 ORDER 5886 9 35 2 28 0
11775 ORDER 5887 40 32 34 38 0
11776 ORDER 5888 41 18 10 38 0
11777 ORDER 5889 37 21 43 37 0
11780 ORDER 5890 23 18 38 38 0
11781 ORDER 5891 17 18 2 1 0
11782 ORDER 5892 36 18 3 21 0
11782 BLOCK 17 8
11785 ORDER 5893 32 35 3 13 0
11786 ORDER 5894 19 35 3 33 1
11787 BLOCK 18 33
11788 ORDER 5895 30 12 3 23 2
11792 BLOCK 13 35
11796 ORDER 5896 21 6 3 10 2
11797 ORDER 5897 26 8 1 35 1
11800 ORDER 5898 29 14 1 16 0
11801 ORDER 5899 21 17 22 38 0
11802 CANCEL 5881
11802 ORDER 5900 30 12 29 37 1
11803 ORDER 5901 23 11 45 38 1
11805 ORDER 5902 18 5 28 38 0
11806 ORDER 5903 23 11 2 5 0
11806 BLOCK 26 37
11807 ORDER 5904 28 18 2 28 1
11808 ORDER 5905 16 14 2 20 0
11809 ORDER 5906 42 29 1 9 1
11810 ORDER 5907 10 35 29 38 0
11812 ORDER 5908 20 20 1 35 0
11813 ORDER 5909 11 21 3 24 0
11815 ORDER 5910 39 33 3 27 2
11817 ORDER 5911 36 6 1 19 0
11819 ORDER 5912 36 23 23 37 0
11824 ORDER 5913 25 29 29 37 0
11827 ORDER 5914 19 8 1 36 0
11828 ORDER 5915 38 30 48 37 0
11829 ORDER 5916 20 32 3 35 0
11829 CANCEL 105916
11831 ORDER 5917 34 15 10 37 1
11832 ORDER 5918 17 27 2 9 1
11835 ORDER 5919 39 14 3 4 1
11836 ORDER 5920 22 17 22 38 0
11838 ORDER 5921 12 24 28 37 0
11839 UNBLOCK 17 8
11839 ORDER 5922 37 6 10 37 0
11840 ORDER 5923 21 6 2 31 1
11843 ORDER 5924 34 20 30 38 0
11845 ORDER 5925 14 32 30 37 1
11847 UNBLOCK 13 35
11847 ORDER 5926 36 20 3 11 2
11850 ORDER 5927 28 15 1 25 0
11851 ORDER 5928 34 20 44 38 0
11852 ORDER 5929 9 12 6 38 0
11858 ORDER 5930 40 23 44 38 0
11859 ORDER 5931 6 9 39 37 1
11860 ORDER 5932 23 18 3 27 1
11862 ORDER 5933 34 15 45 38 1
11863 ORDER 5934 38 12 43 37 0
11864 ORDER 5935 42 14 3 3 1
11865 CANCEL 5848
11865 ORDER 5936 31 35 21 38 0
11869 ORDER 5937 30 6 3 13 0
11870 ORDER 5938 26 8 1 5 0
11871 ORDER 5939 17 32 3 8 1
11873 ORDER 5940 30 32 1 34 0
11875 ORDER 5941 35 21 1 28 0
11876 UNBLOCK 26 37
11876 ORDER 5942 42 27 3 17 0
11877 ORDER 5943 27 21 1 1 0
11878 ORDER 5944 27 8 1 27 0
11879 ORDER 5945 7 30 37 37 2
11879 BLOCK 36 11
11880 ORDER 5946 31 8 1 30 0
11881 ORDER 5947 43 11 31 38 1
11882 ORDER 5948 30 3 2 32 3
11883 CANCEL 5907
11884 ORDER 5949 19 21 21 37 0
11885 ORDER 5950 34 29 2 22 0
11887 BLOCK 8 27
11889 ORDER 5951 10 23 2 19 0
11892 UNBLOCK 18 33
11894 ORDER 5952 13 15 1 4 3
11894 BLOCK 18 37
11896 ORDER 5953 21 29 1 11 0
11897 ORDER 5954 30 20 2 7 1
11898 ORDER 5955 13 32 19 37 1
11899 ORDER 5956 21 17 3 10 0
11900 ORDER 5957 26 6 2 2 0
11903 CANCEL 5917
11904 ORDER 5958 12 5 1 17 0
11905 ORDER 5959 23 14 3 15 0
11906 ORDER 5960 41 26 3 35 0
11907 ORDER 5961 12 3 36 38 1
11908 ORDER 5962 30 21 1 20 2
11910 ORDER 5963 39 21 11 38 0
11914 CANCEL 5897
11916 ORDER 5964 9 29 2 34 0
11917 ORDER 5965 41 9 2 34 1
11920 ORDER 5966 8 20 18 38 3
11921 ORDER 5967 40 12 16 38 3
11924 ORDER 5968 17 32 1 12 1
11926 ORDER 5969 32 20 17 38 2
11929 ORDER 5970 28 23 2 25 0
11932 ORDER 5971 42 23 2 13 2
11933 ORDER 5972 22 26 47 38 3
11934 BLOCK 25 10
11935 CANCEL 5925
11936 ORDER 5973 27 23 35 38 0
11937 ORDER 5974 27 5 5 37 2
11940 UNBLOCK 8 27
11940 ORDER 5975 26 33 3 19 0
11942 ORDER 5976 24 26 35 37 0
11944 ORDER 5977 39 23 1 7 0
11945 CANCEL 5934
11948 ORDER 5978 30 20 3 5 1
11949 ORDER 5979 17 3 36 38 3
11950 ORDER 5980 18 26 3 38 0
11951 ORDER 5981 36 18 3 18 0
11953 ORDER 5982 6 20 18 38 2
11955 ORDER 5983 16 6 2 13 0
11956 ORDER 5984 29 14 44 38 1
11958 CANCEL 5892
11958 ORDER 5985 11 9 22 37 1
11959 UNBLOCK 25 10
11959 ORDER 5986 6 14 1 2 3
11960 ORDER 5987 19 21 10 37 0
11961 ORDER 5988 8 15 1 37 0
11963 ORDER 5989 11 23 3 2 1
11964 ORDER 5990 19 26 3 34 0
11965 ORDER 5991 39 17 46 38 1
11966 ORDER 5992 40 33 27 37 0
11973 ORDER 5993 16 17 1 22 0
11974 ORDER 5994 22 26 3 8 0
11976 ORDER 5995 41 8 1 18 0
11977 ORDER 5996 22 6 1 34 0
11978 ORDER 5997 33 27 3 33 2
11980 ORDER 5998 10 17 2 1 2
11981 ORDER 5999 37 6 3 32 0
11982 ORDER 6000 17 23 42 38 0
11984 ORDER 6001 31 21 26 38 0
11985 ORDER 6002 11 6 1 5 0
11986 CANCEL 6001
11986 ORDER 6003 29 35 2 29 0
11986 BLOCK 33 3
11987 BLOCK 22 3
11988 ORDER 6004 10 15 47 37 0
11989 ORDER 6005 11 6 1 15 0
11990 ORDER 6006 6 14 3 24 1
11993 ORDER 6007 31 21 2 27 0
11994 ORDER 6008 27 12 2 21 1
11997 ORDER 6009 9 32 1 6 0
11999 UNBLOCK 36 11
11999 ORDER 6010 38 17 3 12 1
