70 52 10000
######################################################################
#.....C.........C.........C.........C.........C.........C............#
#....................................................................#
#....................................................................#
#.....#######..#######..######..#######..########..########..#####...#
#....................................................................#
#....................................................................#
#.....#######..#########..######..#########..########..######..###...#
#....................................................................#
#....................................................................#
#.....########..########..#######..######..#######..#######..#####...#
#....................................................................#
#....................................................................#
#.....######..########..#######..#########..#########..######..###...#
#....................................................................#
#....................................................................#
#.....######..######..#######..######..######..######..########..#...#
#....................................................................#
#....................................................................#
#.....#########..########..########..######..#########..#########....#
#....................................................................#
#....................................................................#
#.....########..#######..#######..######..######..######..#######....#
#....................................................................#
#....................................................................#
#.....########..#########..######..########..######..########..###...#
#....................................................................#
#....................................................................#
#.....#######..#########..######..#########..######..######..#####...#
#....................................................................#
#....................................................................#
#.....#########..#########..########..########..######..########.....#
#....................................................................#
#....................................................................#
#.....########..#########..########..#########..#########..#######...#
#....................................................................#
#....................................................................#
#.....########..#######..#########..#######..#########..#######..#...#
#....................................................................#
#....................................................................#
#.....#######..#########..#######..#######..#######..########..###...#
#....................................................................#
#....................................................................#
#.....######..#########..######..########..#########..#########..#...#
#....................................................................#
#....................................................................#
#.....######..######..########..#######..######..######..######..#...#
#....................................................................#
#....................................................................#
#....................................................................#
#....................................................................#
######################################################################
PARAMS 976 48 244 30 50 3 120 2
ROBOTS 50
52 45
37 21
44 27
61 39
21 8
1 31
49 17
10 14
24 14
25 10
15 39
24 38
37 47
63 33
46 3
62 6
39 38
20 42
33 33
52 15
11 29
63 29
41 14
64 20
3 17
14 24
13 14
57 8
39 39
46 49
15 30
34 20
63 18
52 9
51 35
7 6
22 41
1 12
4 26
39 21
16 31
1 37
64 18
43 33
27 33
12 26
4 45
2 49
10 39
18 26
EVENTS 5416
2 ORDER 1 12 35 3 15 0
4 ORDER 2 26 47 54 50 0
7 ORDER 3 45 33 39 50 0
8 ORDER 4 41 14 68 50 2
10 ORDER 5 28 45 34 49 0
12 ORDER 6 50 32 3 43 0
17 ORDER 7 7 17 25 49 0
18 ORDER 8 60 32 3 45 0
23 ORDER 9 6 21 3 36 0
24 ORDER 10 16 21 58 50 3
25 ORDER 11 29 6 60 50 0
27 ORDER 12 20 41 16 49 0
29 ORDER 13 35 5 3 13 0
31 ORDER 14 39 36 3 21 1
32 ORDER 15 18 26 3 3 0
39 ORDER 16 45 45 48 49 0
40 ORDER 17 11 38 1 4 0
46 ORDER 18 21 23 3 49 0
48 ORDER 19 28 45 3 43 0
52 ORDER 20 11 20 2 6 0
53 ORDER 21 43 45 1 45 0
60 ORDER 22 10 20 3 1 0
62 ORDER 23 41 41 59 50 0
63 ORDER 24 65 3 1 9 0
65 ORDER 25 42 17 42 49 0
66 ORDER 26 18 39 38 50 0
67 ORDER 27 41 14 43 49 0
68 ORDER 28 16 24 3 6 1
74 ORDER 29 39 22 3 33 2
74 BLOCK 51 8
75 ORDER 30 8 6 54 49 1
80 ORDER 31 47 17 1 33 0
83 ORDER 32 38 3 55 49 0
88 ORDER 33 15 3 1 26 0
88 BLOCK 44 15
93 ORDER 34 48 29 49 49 0
96 ORDER 35 7 41 18 50 0
96 CANCEL 100035
98 ORDER 36 45 20 35 49 1
99 ORDER 37 7 32 1 25 0
99 BLOCK 26 42
104 ORDER 38 42 8 1 10 0
105 ORDER 39 41 26 11 49 2
106 ORDER 40 60 24 65 49 3
109 ORDER 41 38 18 3 46 1
111 ORDER 42 55 17 3 33 2
112 ORDER 43 44 12 1 13 1
114 ORDER 44 35 21 8 49 1
115 ORDER 45 22 39 62 49 0
116 ORDER 46 29 26 65 49 0
117 ORDER 47 28 39 3 16 1
118 ORDER 48 26 47 1 27 0
119 ORDER 49 19 12 12 50 0
120 ORDER 50 17 30 3 2 1
121 ORDER 51 10 8 2 5 0
124 CANCEL 43
125 ORDER 52 45 11 11 49 1
129 ORDER 53 10 38 1 45 0
131 ORDER 54 48 27 8 50 0
134 ORDER 55 27 33 2 25 0
135 ORDER 56 51 38 14 50 0
136 ORDER 57 37 42 2 48 0
139 BLOCK 5 7
141 ORDER 58 62 23 29 49 0
143 ORDER 59 41 8 3 47 3
144 ORDER 60 36 41 59 50 3
148 ORDER 61 36 44 2 8 0
154 ORDER 62 18 23 2 10 0
155 ORDER 63 43 30 47 49 0
156 ORDER 64 56 27 18 49 1
157 ORDER 65 22 47 1 20 0
158 ORDER 66 45 32 25 49 3
160 ORDER 67 39 20 11 49 0
162 ORDER 68 6 41 3 17 1
163 ORDER 69 27 28 2 34 0
165 UNBLOCK 51 8
165 ORDER 70 9 41 3 4 3
166 ORDER 71 25 45 21 49 0
167 ORDER 72 50 38 3 32 0
168 ORDER 73 50 47 54 50 0
169 ORDER 74 31 18 1 9 0
170 ORDER 75 51 3 42 50 0
174 ORDER 76 18 32 28 50 1
176 CANCEL 36
178 ORDER 77 45 14 53 49 1
179 ORDER 78 22 30 1 37 0
180 ORDER 79 39 44 67 49 0
182 CANCEL 49
182 ORDER 80 59 18 2 34 0
185 ORDER 81 38 35 7 49 0
188 ORDER 82 21 42 2 22 1
189 ORDER 83 46 20 57 49 1
190 CANCEL 34
190 ORDER 84 28 20 1 39 1
191 ORDER 85 48 5 41 49 2
195 ORDER 86 12 30 25 50 0
196 UNBLOCK 26 42
196 ORDER 87 40 8 3 40 0
197 ORDER 88 20 8 3 48 0
198 CANCEL 56
198 UNBLOCK 5 7
201 ORDER 89 63 33 3 46 0
203 ORDER 90 32 32 1 36 0
204 ORDER 91 31 11 1 14 1
216 ORDER 92 49 27 62 50 0
217 ORDER 93 40 38 16 49 1
218 ORDER 94 11 24 1 15 0
220 ORDER 95 43 33 49 50 0
221 ORDER 96 28 18 61 49 3
222 ORDER 97 10 32 16 50 1
224 ORDER 98 25 15 43 49 1
224 CANCEL 100098
228 ORDER 99 50 15 1 25 1
229 ORDER 100 42 35 2 28 1
230 ORDER 101 65 33 3 20 1
233 ORDER 102 18 20 66 49 0
234 ORDER 103 27 36 6 49 3
235 ORDER 104 7 5 11 50 0
237 ORDER 105 30 44 1 25 0
238 UNBLOCK 44 15
239 ORDER 106 42 30 2 16 0
242 ORDER 107 47 23 3 2 0
246 ORDER 108 51 32 1 25 3
247 ORDER 109 6 24 1 34 0
248 BLOCK 28 45
250 ORDER 110 27 27 1 48 1
251 ORDER 111 39 36 2 27 0
254 ORDER 112 48 5 3 43 0
257 ORDER 113 17 35 1 50 0
258 ORDER 114 17 38 3 35 2
259 ORDER 115 34 5 12 50 0
260 ORDER 116 8 33 54 50 0
265 ORDER 117 56 20 1 19 1
267 ORDER 118 34 21 2 2 3
268 ORDER 119 8 14 45 49 2
271 ORDER 120 25 12 1 25 1
274 ORDER 121 7 26 58 50 2
275 ORDER 122 7 44 2 47 2
277 ORDER 123 9 26 2 43 1
278 ORDER 124 19 3 31 49 0
279 ORDER 125 49 27 2 32 1
282 ORDER 126 29 21 48 50 3
283 ORDER 127 46 12 14 50 0
284 ORDER 128 56 15 4 49 1
285 ORDER 129 44 9 1 48 3
286 ORDER 130 35 30 3 12 1
288 ORDER 131 45 38 2 5 0
293 ORDER 132 38 5 9 50 3
294 ORDER 133 51 44 7 50 1
295 ORDER 134 6 15 4 49 0
296 ORDER 135 42 18 26 50 0
298 ORDER 136 41 12 2 8 0
301 ORDER 137 36 11 2 49 1
302 ORDER 138 64 11 11 50 0
303 ORDER 139 23 33 55 49 1
305 ORDER 140 14 17 1 36 0
306 ORDER 141 11 29 15 49 1
307 ORDER 142 57 20 2 32 1
308 UNBLOCK 28 45
309 ORDER 143 7 21 26 49 0
310 ORDER 144 32 47 2 42 2
311 ORDER 145 46 8 59 49 0
313 ORDER 146 38 29 51 50 1
314 CANCEL 117
315 ORDER 147 7 3 1 34 2
317 ORDER 148 20 14 1 43 1
319 ORDER 149 58 32 45 49 1
321 ORDER 150 22 32 33 49 1
323 ORDER 151 25 44 3 28 1
324 ORDER 152 31 36 35 50 0
325 ORDER 153 20 9 52 50 0
326 ORDER 154 35 8 26 50 0
327 ORDER 155 63 14 23 49 0
329 ORDER 156 24 17 61 50 0
330 ORDER 157 62 18 16 50 0
333 ORDER 158 65 5 1 26 1
334 ORDER 159 9 47 2 28 0
335 ORDER 160 39 14 31 49 2
336 ORDER 161 33 43 3 24 1
339 ORDER 162 36 9 7 49 2
340 ORDER 163 28 21 38 50 0
341 ORDER 164 13 11 2 23 2
343 ORDER 165 57 38 1 25 1
345 ORDER 166 63 24 1 23 1
346 ORDER 167 64 14 40 49 0
348 ORDER 168 6 36 10 49 0
350 ORDER 169 36 45 1 6 2
351 ORDER 170 60 41 46 50 1
352 ORDER 171 35 30 1 32 0
356 ORDER 172 38 29 43 50 0
358 ORDER 173 27 29 2 20 0
359 ORDER 174 38 23 1 25 0
360 ORDER 175 35 27 20 50 1
363 CANCEL 138
367 ORDER 176 40 32 23 50 0
369 ORDER 177 13 24 4 49 0
370 ORDER 178 38 24 9 49 1
370 BLOCK 53 27
374 ORDER 179 49 30 51 50 1
376 ORDER 180 48 20 5 50 0
377 ORDER 181 44 42 2 5 0
379 ORDER 182 60 26 14 49 1
383 ORDER 183 48 29 7 49 0
384 ORDER 184 17 42 12 49 0
385 ORDER 185 65 12 32 50 0
386 ORDER 186 8 14 1 17 0
387 ORDER 187 8 29 43 49 0
389 ORDER 188 42 21 3 43 0
391 ORDER 189 57 9 2 46 1
392 ORDER 190 21 21 1 12 2
393 ORDER 191 47 3 2 18 1
396 ORDER 192 38 44 1 1 0
397 BLOCK 50 48
400 ORDER 193 27 35 3 15 1
403 ORDER 194 8 8 2 22 3
404 ORDER 195 41 24 3 24 0
405 BLOCK 28 38
406 ORDER 196 30 42 2 12 0
409 ORDER 197 28 32 9 50 0
411 ORDER 198 8 18 2 4 1
412 ORDER 199 28 21 22 49 0
413 ORDER 200 58 39 1 8 0
416 ORDER 201 8 21 68 49 0
417 ORDER 202 42 21 2 49 0
418 ORDER 203 44 44 65 50 0
419 CANCEL 192
420 BLOCK 43 23
421 ORDER 204 17 6 3 14 2
423 ORDER 205 60 6 37 50 1
425 ORDER 206 9 11 1 27 0
427 ORDER 207 34 23 1 15 3
431 ORDER 208 9 29 58 50 0
433 ORDER 209 34 21 30 50 1
435 ORDER 210 23 8 21 50 1
438 ORDER 211 17 17 52 49 2
439 ORDER 212 8 42 3 22 0
440 BLOCK 23 24
443 ORDER 213 54 35 26 49 0
444 ORDER 214 54 41 31 50 0
449 ORDER 215 56 27 65 49 0
452 UNBLOCK 43 23
452 ORDER 216 43 32 3 13 1
455 UNBLOCK 28 38
455 ORDER 217 48 39 24 50 0
463 ORDER 218 57 44 1 11 0
472 ORDER 219 51 32 1 48 0
473 UNBLOCK 50 48
473 ORDER 220 58 11 1 27 0
476 UNBLOCK 53 27
477 ORDER 221 25 5 51 49 0
478 ORDER 222 6 44 2 7 0
479 ORDER 223 25 36 49 50 1
480 ORDER 224 8 17 3 11 0
481 ORDER 225 6 17 2 29 3
482 ORDER 226 35 27 37 49 0
485 ORDER 227 18 17 1 3 1
486 ORDER 228 9 44 3 10 0
491 ORDER 229 7 8 1 44 0
492 ORDER 230 57 6 16 50 0
493 ORDER 231 7 38 1 49 0
496 ORDER 232 31 9 51 50 1
497 CANCEL 155
497 ORDER 233 63 3 2 29 2
498 ORDER 234 60 14 1 16 0
502 ORDER 235 55 17 1 45 0
505 ORDER 236 48 20 1 17 3
507 ORDER 237 10 23 1 46 0
508 ORDER 238 16 23 25 50 0
510 ORDER 239 32 47 41 49 0
511 ORDER 240 59 23 2 12 0
516 ORDER 241 38 38 67 50 0
529 ORDER 242 26 29 40 49 0
530 ORDER 243 36 39 1 16 0
531 BLOCK 51 49
532 ORDER 244 45 30 56 50 0
533 ORDER 245 29 18 3 26 0
536 ORDER 246 34 32 44 49 0
539 ORDER 247 9 18 2 8 0
541 ORDER 248 24 26 2 29 0
542 ORDER 249 64 14 3 8 0
542 CANCEL 100249
543 ORDER 250 21 21 36 50 1
549 ORDER 251 25 14 53 49 1
550 ORDER 252 39 38 3 25 1
552 ORDER 253 31 23 53 50 0
554 ORDER 254 41 41 67 49 1
555 ORDER 255 7 8 18 50 0
557 ORDER 256 47 15 39 50 2
558 ORDER 257 47 8 30 49 0
559 ORDER 258 44 12 2 44 0
561 ORDER 259 18 11 56 50 0
563 ORDER 260 14 17 2 1 1
564 ORDER 261 38 6 43 49 2
566 ORDER 262 62 35 2 34 2
566 BLOCK 14 14
567 ORDER 263 18 42 1 14 0
568 ORDER 264 10 26 2 35 0
568 BLOCK 8 47
569 CANCEL 100264
569 BLOCK 16 31
571 ORDER 265 8 18 3 16 1
572 ORDER 266 51 15 1 11 0
573 ORDER 267 37 35 67 50 0
578 ORDER 268 49 26 3 33 0
578 CANCEL 100268
580 ORDER 269 38 22 3 46 0
581 ORDER 270 8 30 1 46 0
583 ORDER 271 35 44 11 50 0
586 ORDER 272 20 20 54 50 0
587 ORDER 273 7 33 3 19 1
589 UNBLOCK 23 24
590 ORDER 274 44 21 1 31 2
592 ORDER 275 12 32 27 50 1
593 ORDER 276 36 14 4 49 1
594 ORDER 277 20 44 8 50 0
595 ORDER 278 17 23 63 50 0
596 ORDER 279 52 11 1 19 1
597 ORDER 280 45 44 62 49 1
599 ORDER 281 47 29 64 49 1
600 ORDER 282 55 21 3 30 0
601 ORDER 283 8 14 37 50 0
603 ORDER 284 56 30 3 11 2
604 ORDER 285 61 17 1 8 0
607 CANCEL 201
611 ORDER 286 60 8 1 43 1
612 ORDER 287 55 29 66 50 1
613 ORDER 288 7 27 22 50 1
614 ORDER 289 55 14 45 50 0
615 UNBLOCK 51 49
616 ORDER 290 20 29 1 3 2
617 ORDER 291 7 39 2 29 0
618 UNBLOCK 14 14
618 ORDER 292 61 45 68 49 1
621 ORDER 293 27 9 14 49 0
623 ORDER 294 53 29 39 50 0
624 ORDER 295 63 24 2 14 0
625 UNBLOCK 16 31
625 ORDER 296 58 32 57 49 0
626 ORDER 297 59 8 4 49 1
628 ORDER 298 40 30 28 50 1
631 CANCEL 237
634 ORDER 299 41 47 27 50 0
637 ORDER 300 57 8 28 50 1
639 ORDER 301 17 35 2 48 1
644 ORDER 302 44 35 19 49 2
645 ORDER 303 32 20 1 35 0
647 ORDER 304 65 35 1 29 0
648 ORDER 305 11 15 39 50 0
650 ORDER 306 40 20 8 49 0
652 ORDER 307 27 24 1 38 0
655 BLOCK 11 3
656 ORDER 308 9 23 62 49 0
658 ORDER 309 64 24 3 22 0
660 BLOCK 60 49
661 ORDER 310 60 33 1 24 1
667 ORDER 311 16 15 2 36 0
668 ORDER 312 48 36 3 22 0
671 ORDER 313 21 22 40 49 1
672 ORDER 314 25 23 2 22 1
674 ORDER 315 26 29 2 40 0
674 BLOCK 21 47
678 ORDER 316 56 29 3 43 0
683 ORDER 317 30 38 34 50 1
684 BLOCK 48 39
685 UNBLOCK 8 47
686 ORDER 318 59 42 1 7 0
688 ORDER 319 28 18 1 37 0
690 ORDER 320 38 47 3 19 2
691 ORDER 321 31 9 3 28 1
694 ORDER 322 48 12 59 50 0
695 ORDER 323 7 42 1 9 3
696 ORDER 324 41 33 3 7 1
697 ORDER 325 38 3 1 14 0
698 ORDER 326 17 38 2 5 0
699 ORDER 327 25 3 68 49 2
701 ORDER 328 59 26 18 49 0
704 ORDER 329 18 39 1 36 0
705 ORDER 330 10 30 25 49 0
706 ORDER 331 16 24 19 49 0
708 ORDER 332 58 9 3 29 2
709 ORDER 333 41 30 58 50 0
710 ORDER 334 34 27 63 49 0
711 BLOCK 6 8
713 ORDER 335 37 18 45 50 0
715 ORDER 336 34 35 2 35 0
716 ORDER 337 11 24 1 7 1
718 ORDER 338 6 44 1 15 0
719 ORDER 339 26 39 2 49 0
720 ORDER 340 26 39 47 49 0
722 CANCEL 261
723 ORDER 341 35 26 17 49 0
724 ORDER 342 20 20 3 8 1
725 ORDER 343 37 39 64 50 0
728 ORDER 344 55 6 3 36 0
729 ORDER 345 35 32 3 27 0
738 ORDER 346 54 45 1 10 2
740 ORDER 347 49 11 3 38 0
744 UNBLOCK 11 3
746 ORDER 348 63 9 22 50 1
747 ORDER 349 50 39 3 1 0
749 ORDER 350 10 26 1 20 0
752 ORDER 351 55 41 1 37 0
755 ORDER 352 18 24 40 50 0
760 ORDER 353 43 45 34 49 0
761 ORDER 354 11 3 21 50 0
763 ORDER 355 23 17 1 32 0
766 UNBLOCK 60 49
767 ORDER 356 32 45 48 49 1
772 ORDER 357 64 33 2 35 0
773 ORDER 358 17 11 2 28 2
775 ORDER 359 50 26 29 50 2
782 ORDER 360 38 38 2 24 0
783 ORDER 361 56 14 2 40 0
784 ORDER 362 11 27 1 26 0
788 UNBLOCK 21 47
792 ORDER 363 42 17 60 50 0
796 ORDER 364 33 44 1 13 0
801 ORDER 365 39 8 1 25 1
805 ORDER 366 12 38 3 14 0
806 ORDER 367 9 29 2 4 0
807 ORDER 368 57 15 2 8 1
808 ORDER 369 9 45 2 13 3
810 ORDER 370 17 35 1 35 0
812 BLOCK 26 34
813 ORDER 371 62 30 1 28 0
814 ORDER 372 61 42 1 24 1
815 ORDER 373 39 24 20 50 2
816 ORDER 374 54 5 51 50 0
819 ORDER 375 7 15 2 31 0
820 ORDER 376 27 14 61 50 1
821 ORDER 377 43 35 1 50 0
823 ORDER 378 42 23 9 49 0
824 ORDER 379 8 26 51 50 0
825 ORDER 380 7 27 47 50 1
826 ORDER 381 30 39 1 33 1
827 ORDER 382 21 38 2 9 0
828 UNBLOCK 6 8
831 ORDER 383 23 32 1 10 1
832 ORDER 384 43 33 66 50 0
832 BLOCK 14 22
833 UNBLOCK 48 39
834 ORDER 385 20 36 2 4 1
837 ORDER 386 59 24 49 50 1
838 CANCEL 356
838 ORDER 387 7 24 1 38 1
841 ORDER 388 27 27 3 2 1
842 ORDER 389 45 21 2 23 0
844 ORDER 390 34 3 34 49 1
846 ORDER 391 17 18 2 50 0
850 BLOCK 17 3
851 ORDER 392 45 36 3 17 0
852 ORDER 393 19 26 3 11 0
853 ORDER 394 8 23 64 49 1
854 ORDER 395 65 33 22 50 0
857 ORDER 396 62 23 1 15 2
859 ORDER 397 46 29 68 50 0
862 ORDER 398 6 38 56 50 1
864 ORDER 399 28 30 65 50 0
865 ORDER 400 11 27 1 31 1
871 ORDER 401 16 15 33 49 3
873 ORDER 402 20 42 2 39 2
874 ORDER 403 10 14 1 19 0
875 BLOCK 29 26
876 UNBLOCK 14 22
876 ORDER 404 44 17 1 32 2
877 ORDER 405 45 9 1 1 1
878 ORDER 406 47 21 3 20 0
879 ORDER 407 34 20 1 24 0
882 CANCEL 404
882 ORDER 408 17 39 54 49 0
883 ORDER 409 44 12 52 50 0
885 UNBLOCK 17 3
888 ORDER 410 41 6 2 11 0
891 ORDER 411 53 21 42 49 1
892 ORDER 412 35 39 60 49 3
893 ORDER 413 34 23 3 3 0
894 ORDER 414 18 36 14 50 0
897 ORDER 415 61 17 1 35 0
899 UNBLOCK 26 34
899 ORDER 416 37 5 19 49 0
901 ORDER 417 16 39 45 50 1
903 ORDER 418 11 11 26 50 0
904 ORDER 419 28 38 3 35 0
905 ORDER 420 37 44 1 11 2
908 ORDER 421 20 30 3 36 0
909 ORDER 422 44 3 20 50 1
910 ORDER 423 30 42 2 45 2
911 ORDER 424 30 26 1 20 0
913 ORDER 425 32 47 65 50 0
919 BLOCK 56 15
920 ORDER 426 43 17 25 49 1
922 ORDER 427 35 44 3 16 0
924 ORDER 428 42 29 27 49 0
926 ORDER 429 15 17 18 49 2
929 ORDER 430 6 12 51 50 0
930 ORDER 431 54 35 1 1 3
931 ORDER 432 21 33 3 25 0
933 ORDER 433 11 47 2 42 0
934 ORDER 434 34 44 3 19 0
935 ORDER 435 10 24 1 33 2
936 ORDER 436 58 38 29 50 1
941 ORDER 437 18 45 1 34 1
948 ORDER 438 62 29 2 25 1
949 ORDER 439 60 23 3 33 0
950 ORDER 440 64 21 10 49 1
953 ORDER 441 36 45 3 10 0
956 ORDER 442 57 38 3 3 1
958 ORDER 443 39 41 19 50 3
959 ORDER 444 19 30 67 50 0
960 ORDER 445 23 47 61 49 1
962 ORDER 446 8 38 23 50 0
964 CANCEL 408
971 UNBLOCK 29 26
972 ORDER 447 19 33 67 50 2
973 ORDER 448 41 39 48 49 1
975 ORDER 449 29 26 1 50 0
978 CANCEL 375
978 ORDER 450 37 45 2 30 0
980 ORDER 451 16 44 2 18 0
983 ORDER 452 30 23 3 46 3
987 CANCEL 100452
990 ORDER 453 39 42 1 46 1
991 ORDER 454 60 17 2 1 1
992 ORDER 455 11 8 13 50 0
993 ORDER 456 52 45 3 6 1
995 ORDER 457 30 32 29 50 0
997 ORDER 458 20 11 58 50 2
998 ORDER 459 36 45 2 43 0
1002 ORDER 460 10 33 3 30 0
1003 ORDER 461 33 45 2 44 1
1005 ORDER 462 20 27 4 50 1
1006 ORDER 463 22 27 2 12 0
1008 ORDER 464 56 36 2 21 0
1009 ORDER 465 10 15 4 50 1
1012 ORDER 466 19 14 21 49 0
1013 UNBLOCK 56 15
1013 ORDER 467 34 17 3 37 0
1014 ORDER 468 30 42 3 13 0
1015 ORDER 469 42 16 51 49 0
1016 ORDER 470 10 38 31 49 0
1017 ORDER 471 28 42 1 46 0
1019 ORDER 472 29 44 9 50 0
1023 ORDER 473 26 36 2 11 0
1024 ORDER 474 12 11 2 10 2
1025 ORDER 475 51 5 14 50 0
1026 ORDER 476 27 15 1 30 1
1027 ORDER 477 49 17 34 49 0
1028 ORDER 478 44 15 47 49 3
1031 ORDER 479 10 38 1 25 0
1031 BLOCK 55 5
1032 ORDER 480 22 21 1 48 0
1035 ORDER 481 65 36 3 49 0
1036 ORDER 482 46 27 16 49 0
1039 ORDER 483 18 42 32 49 1
1040 ORDER 484 60 8 1 5 2
1042 ORDER 485 29 30 2 1 0
1050 ORDER 486 31 27 1 37 0
1051 CANCEL 473
1051 ORDER 487 30 41 8 50 1
1057 ORDER 488 8 30 29 49 0
1060 ORDER 489 61 27 1 4 2
1062 ORDER 490 30 26 3 28 0
1063 ORDER 491 52 30 1 41 2
1066 ORDER 492 19 32 48 49 2
1066 BLOCK 55 42
1067 ORDER 493 65 33 13 50 3
1068 ORDER 494 56 38 23 50 2
1069 UNBLOCK 55 5
1070 ORDER 495 44 5 1 23 1
1072 ORDER 496 30 38 12 49 0
1073 ORDER 497 27 14 1 21 1
1074 ORDER 498 10 33 1 9 1
1075 ORDER 499 19 37 3 48 0
1077 ORDER 500 63 6 2 5 0
1078 ORDER 501 10 24 49 49 0
1079 ORDER 502 18 8 3 25 0
1081 ORDER 503 56 18 9 49 2
1083 ORDER 504 31 27 2 37 1
1086 ORDER 505 50 6 25 49 1
1087 ORDER 506 34 6 10 49 0
1090 ORDER 507 27 8 27 50 2
1095 ORDER 508 11 24 1 20 0
1097 ORDER 509 7 21 2 19 0
1100 ORDER 510 40 36 3 12 1
1101 BLOCK 30 35
1102 ORDER 511 27 42 24 49 1
1103 ORDER 512 61 29 13 49 0
1104 ORDER 513 8 14 11 50 0
1110 ORDER 514 16 17 2 8 0
1112 ORDER 515 39 30 64 49 0
1117 CANCEL 469
1120 ORDER 516 28 47 1 19 0
1122 ORDER 517 35 44 64 50 0
1122 BLOCK 23 47
1127 ORDER 518 30 33 9 49 0
1128 ORDER 519 63 26 26 50 0
1129 ORDER 520 57 12 1 4 1
1130 UNBLOCK 55 42
1130 ORDER 521 59 41 1 1 0
1132 ORDER 522 55 17 2 23 1
1133 ORDER 523 8 24 45 50 0
1134 ORDER 524 40 39 3 45 0
1135 ORDER 525 9 47 2 4 0
1136 ORDER 526 34 23 29 49 0
1137 ORDER 527 32 18 1 46 0
1141 ORDER 528 9 41 61 49 0
1148 ORDER 529 59 20 1 45 1
1150 ORDER 530 20 36 3 19 1
1151 ORDER 531 38 38 45 49 0
1156 ORDER 532 46 26 54 49 0
1157 ORDER 533 6 42 45 50 2
1159 ORDER 534 18 26 37 49 0
1161 ORDER 535 56 32 3 28 0
1167 ORDER 536 40 33 3 3 0
1170 ORDER 537 26 8 1 18 0
1171 ORDER 538 55 29 3 37 0
1172 ORDER 539 35 29 24 50 3
1172 BLOCK 63 1
1173 ORDER 540 18 17 1 3 0
1174 ORDER 541 28 3 3 49 0
1176 CANCEL 523
1177 ORDER 542 51 3 2 17 0
1179 ORDER 543 61 47 57 49 1
1181 ORDER 544 41 18 58 50 0
1183 ORDER 545 38 11 1 23 0
1189 ORDER 546 38 18 24 49 0
1190 ORDER 547 63 9 3 33 2
1191 ORDER 548 47 26 3 33 0
1192 ORDER 549 56 9 3 15 0
1194 ORDER 550 25 42 37 49 1
1196 ORDER 551 50 6 1 12 0
1197 ORDER 552 11 11 26 49 1
1201 ORDER 553 24 18 2 40 1
1202 ORDER 554 19 14 2 29 0
1203 ORDER 555 58 14 1 30 0
1204 ORDER 556 17 35 3 33 3
1204 CANCEL 100556
1205 ORDER 557 36 36 1 44 0
1207 BLOCK 56 44
1208 ORDER 558 31 8 2 1 1
1209 ORDER 559 50 24 1 49 0
1213 ORDER 560 12 21 27 49 0
1214 ORDER 561 54 9 55 50 2
1215 ORDER 562 55 44 1 7 0
1217 ORDER 563 29 47 3 21 0
1218 ORDER 564 7 33 30 50 2
1219 ORDER 565 28 26 3 5 0
1220 CANCEL 513
1221 CANCEL 512
1222 ORDER 566 39 6 2 8 3
1223 ORDER 567 55 8 2 12 0
1224 ORDER 568 16 36 49 50 0
1225 ORDER 569 32 9 2 30 3
1227 UNBLOCK 23 47
1227 ORDER 570 53 9 44 50 1
1233 ORDER 571 44 11 3 19 1
1234 ORDER 572 42 38 50 50 0
1235 ORDER 573 28 33 20 49 0
1238 BLOCK 36 12
1239 ORDER 574 35 9 2 22 0
1240 ORDER 575 40 36 2 43 0
1244 ORDER 576 36 3 3 2 0
1248 ORDER 577 19 11 1 25 2
1249 ORDER 578 59 21 47 50 0
1251 UNBLOCK 30 35
1257 ORDER 579 25 47 16 49 0
1258 ORDER 580 26 11 3 2 3
1259 ORDER 581 28 41 67 49 0
1264 ORDER 582 65 42 1 17 1
1265 ORDER 583 26 17 37 50 0
1267 ORDER 584 17 23 8 50 0
1269 UNBLOCK 36 12
1269 ORDER 585 35 14 48 49 2
1270 BLOCK 31 13
1272 UNBLOCK 63 1
1273 ORDER 586 53 29 66 49 0
1275 ORDER 587 45 12 1 48 0
1277 ORDER 588 58 36 16 50 0
1278 ORDER 589 61 17 3 7 1
1280 ORDER 590 60 17 64 49 2
1283 ORDER 591 55 5 3 23 0
1285 ORDER 592 38 12 3 19 1
1288 ORDER 593 10 17 31 50 1
1289 ORDER 594 30 38 3 15 0
1290 ORDER 595 16 12 19 49 0
1291 UNBLOCK 56 44
1292 ORDER 596 27 39 2 39 0
1295 CANCEL 563
1295 ORDER 597 34 47 2 33 1
1298 ORDER 598 11 47 1 12 0
1299 ORDER 599 31 27 26 49 0
1300 BLOCK 10 5
1301 CANCEL 565
1306 ORDER 600 16 35 26 49 2
1308 ORDER 601 45 14 3 12 0
1311 ORDER 602 50 38 48 50 0
1313 ORDER 603 11 32 36 49 1
1319 ORDER 604 47 8 35 49 2
1320 ORDER 605 45 30 1 13 0
1324 ORDER 606 40 36 1 16 0
1325 ORDER 607 12 24 3 7 0
1326 ORDER 608 43 21 62 49 1
1327 CANCEL 598
1329 ORDER 609 47 26 55 49 0
1330 ORDER 610 53 32 1 3 2
1333 ORDER 611 28 5 1 44 0
1337 ORDER 612 20 26 1 11 0
1339 ORDER 613 12 39 3 31 1
1342 ORDER 614 38 5 22 50 0
1343 ORDER 615 58 39 1 24 0
1344 ORDER 616 25 36 58 50 1
1348 ORDER 617 55 23 28 49 2
1350 ORDER 618 10 44 3 1 0
1351 ORDER 619 11 39 3 46 0
1352 ORDER 620 43 42 3 17 0
1353 ORDER 621 37 20 1 37 0
1354 ORDER 622 16 27 59 50 1
1356 ORDER 623 36 3 3 36 1
1357 ORDER 624 46 9 63 50 0
1362 UNBLOCK 10 5
1363 ORDER 625 8 41 34 49 1
1364 ORDER 626 32 30 41 50 1
1366 ORDER 627 31 27 1 13 3
1367 ORDER 628 12 20 3 21 0
1368 ORDER 629 60 44 1 28 0
1371 ORDER 630 59 47 33 50 1
1373 ORDER 631 33 15 2 18 0
1375 ORDER 632 47 5 3 13 0
1376 ORDER 633 44 5 3 3 3
1379 ORDER 634 45 32 35 49 0
1383 ORDER 635 48 9 3 36 0
1385 ORDER 636 20 42 2 38 3
1387 ORDER 637 53 35 16 49 1
1388 ORDER 638 21 14 59 49 1
1389 ORDER 639 14 47 1 46 0
1389 BLOCK 41 5
1392 ORDER 640 55 6 3 43 0
1395 ORDER 641 10 17 15 50 1
1396 ORDER 642 53 38 49 49 0
1397 UNBLOCK 31 13
1397 ORDER 643 54 44 3 34 1
1399 ORDER 644 18 42 18 50 0
1400 ORDER 645 51 21 1 8 1
1403 ORDER 646 7 30 10 50 0
1407 ORDER 647 34 12 68 50 0
1409 ORDER 648 19 18 1 45 1
1413 ORDER 649 65 42 2 9 0
1420 ORDER 650 27 17 43 49 0
1423 ORDER 651 33 42 49 50 2
1424 ORDER 652 52 38 3 12 3
1425 ORDER 653 22 18 2 2 0
1427 ORDER 654 27 27 47 49 0
1430 ORDER 655 8 36 1 17 0
1432 ORDER 656 10 38 1 30 1
1433 ORDER 657 9 12 3 11 3
1434 ORDER 658 48 42 40 49 0
1435 ORDER 659 26 14 1 6 0
1436 ORDER 660 49 35 43 49 0
1437 ORDER 661 26 39 11 50 0
1438 ORDER 662 34 12 3 3 0
1440 ORDER 663 64 41 64 49 0
1445 ORDER 664 31 18 39 50 1
1451 ORDER 665 29 12 28 49 0
1452 ORDER 666 60 42 4 50 0
1456 ORDER 667 63 35 3 13 0
1457 ORDER 668 39 12 21 50 0
1459 ORDER 669 48 18 3 27 1
1461 CANCEL 641
1463 ORDER 670 40 9 17 50 0
1464 ORDER 671 16 44 1 29 1
1465 ORDER 672 36 21 1 8 0
1467 ORDER 673 60 33 59 49 0
1468 ORDER 674 64 18 1 1 0
1469 BLOCK 24 44
1471 ORDER 675 63 24 1 9 1
1474 ORDER 676 43 11 42 49 0
1477 ORDER 677 32 33 57 49 3
1479 ORDER 678 38 18 5 50 1
1480 ORDER 679 26 15 54 50 1
1481 ORDER 680 13 36 11 49 1
1482 ORDER 681 37 12 3 9 2
1483 ORDER 682 25 5 17 49 2
1486 ORDER 683 8 8 60 50 2
1489 ORDER 684 7 38 3 23 2
1490 ORDER 685 37 42 1 36 1
1491 ORDER 686 10 24 1 1 0
1494 ORDER 687 53 38 43 49 1
1495 ORDER 688 60 45 47 50 0
1498 ORDER 689 11 42 3 47 0
1499 UNBLOCK 41 5
1500 CANCEL 670
1501 ORDER 690 35 32 2 39 0
1502 ORDER 691 48 18 6 49 1
1503 ORDER 692 9 38 1 40 0
1506 ORDER 693 50 24 26 50 0
1507 ORDER 694 16 23 1 34 0
1508 ORDER 695 35 12 3 29 3
1509 ORDER 696 63 5 2 3 1
1510 ORDER 697 62 18 10 49 1
1518 BLOCK 29 50
1519 ORDER 698 10 5 39 50 1
1520 ORDER 699 17 14 49 49 0
1521 ORDER 700 36 15 2 45 0
1523 ORDER 701 59 26 2 34 0
1524 ORDER 702 55 21 3 9 0
1525 ORDER 703 27 33 3 7 0
1526 ORDER 704 11 41 2 41 0
1529 ORDER 705 11 33 24 50 1
1532 ORDER 706 18 9 31 49 0
1534 ORDER 707 19 38 2 42 2
1537 ORDER 708 51 22 1 6 0
1538 ORDER 709 38 41 3 25 1
1539 ORDER 710 7 45 47 49 0
1540 ORDER 711 60 32 3 21 0
1541 ORDER 712 21 44 1 30 0
1543 ORDER 713 30 9 60 49 1
1544 ORDER 714 63 18 3 48 0
1548 UNBLOCK 24 44
1548 ORDER 715 39 41 62 49 0
1549 CANCEL 621
1552 ORDER 716 48 9 16 49 0
1553 ORDER 717 51 14 23 49 0
1554 ORDER 718 63 41 7 50 0
1555 ORDER 719 17 29 1 21 0
1556 ORDER 720 36 36 63 49 0
1557 ORDER 721 57 47 46 50 0
1558 ORDER 722 47 8 68 49 0
1559 ORDER 723 38 9 21 50 1
1560 ORDER 724 18 17 50 49 2
1561 ORDER 725 63 24 3 25 0
1563 ORDER 726 28 11 1 19 2
1566 ORDER 727 34 47 1 3 1
1569 ORDER 728 57 3 5 49 3
1571 ORDER 729 45 39 48 49 1
1574 ORDER 730 12 21 60 49 3
1578 ORDER 731 53 5 43 50 1
1580 ORDER 732 56 17 58 50 0
1582 ORDER 733 28 15 1 49 0
1584 BLOCK 15 50
1586 ORDER 734 7 24 3 39 0
1587 ORDER 735 59 33 27 50 0
1588 CANCEL 730
1588 ORDER 736 41 24 3 24 1
1588 BLOCK 33 9
1591 ORDER 737 11 44 1 1 0
1593 ORDER 738 26 47 19 50 0
1594 BLOCK 35 39
1596 ORDER 739 10 26 3 14 0
1597 ORDER 740 57 15 3 11 1
1598 ORDER 741 12 11 3 32 1
1599 ORDER 742 57 12 2 34 3
1600 ORDER 743 46 41 66 50 2
1604 ORDER 744 46 38 21 50 0
1606 ORDER 745 45 26 5 49 3
1608 ORDER 746 28 9 56 49 1
1609 ORDER 747 54 21 44 50 0
1610 ORDER 748 52 15 1 39 0
1617 ORDER 749 28 20 61 50 0
1618 ORDER 750 57 30 40 49 1
1619 ORDER 751 26 41 1 22 1
1620 ORDER 752 7 3 51 50 1
1621 ORDER 753 44 30 2 13 0
1622 ORDER 754 61 20 31 49 0
1628 ORDER 755 16 36 1 25 0
1628 BLOCK 21 5
1630 ORDER 756 9 17 2 41 0
1631 ORDER 757 32 47 3 45 1
1632 UNBLOCK 29 50
1635 ORDER 758 61 38 25 49 0
1637 ORDER 759 43 10 1 49 3
1637 BLOCK 36 29
1638 ORDER 760 7 32 2 45 2
1640 ORDER 761 56 20 2 41 0
1643 ORDER 762 16 15 8 50 2
1644 ORDER 763 59 39 19 50 3
1645 ORDER 764 60 20 3 11 0
1646 ORDER 765 9 47 12 50 1
1647 ORDER 766 28 9 57 50 0
1648 ORDER 767 16 5 3 45 2
1649 ORDER 768 54 35 51 49 1
1651 ORDER 769 65 44 18 49 0
1652 ORDER 770 46 12 50 50 1
1656 ORDER 771 20 38 2 45 2
1660 ORDER 772 19 38 39 50 0
1661 ORDER 773 11 24 3 33 0
1662 UNBLOCK 15 50
1664 ORDER 774 14 42 36 50 0
1665 ORDER 775 63 18 3 6 0
1668 ORDER 776 18 27 14 49 0
1669 UNBLOCK 33 9
1669 ORDER 777 8 11 3 21 1
1673 ORDER 778 39 29 6 49 1
1674 ORDER 779 21 32 1 18 0
1675 ORDER 780 52 30 1 42 0
1678 ORDER 781 7 44 3 45 2
1679 ORDER 782 9 42 54 49 0
1682 ORDER 783 14 14 1 45 0
1683 ORDER 784 39 26 3 10 2
1686 ORDER 785 37 12 1 3 0
1690 ORDER 786 44 17 50 49 1
1692 ORDER 787 29 23 2 24 0
1694 ORDER 788 13 33 1 10 0
1695 ORDER 789 54 11 24 50 0
1696 ORDER 790 11 32 1 20 2
1702 ORDER 791 54 24 3 44 0
1703 ORDER 792 57 45 32 50 0
1705 ORDER 793 39 33 24 49 3
1706 ORDER 794 19 29 53 50 0
1707 ORDER 795 35 24 3 18 1
1708 ORDER 796 27 47 62 49 0
1710 ORDER 797 49 11 3 44 3
1711 ORDER 798 49 36 40 49 2
1712 ORDER 799 11 11 41 50 0
1713 ORDER 800 41 12 2 8 2
1714 ORDER 801 12 38 1 21 0
1716 ORDER 802 34 12 39 50 1
1718 ORDER 803 30 32 47 50 0
1719 ORDER 804 51 8 2 36 0
1720 ORDER 805 8 21 1 24 0
1722 ORDER 806 46 11 2 4 1
1725 ORDER 807 58 39 2 14 0
1729 ORDER 808 65 8 13 49 0
1730 CANCEL 713
1731 ORDER 809 17 33 5 49 0
1732 ORDER 810 58 45 3 41 1
1733 ORDER 811 20 11 2 34 0
1735 ORDER 812 40 36 2 25 1
1737 ORDER 813 32 38 2 16 0
1738 UNBLOCK 35 39
1738 ORDER 814 37 39 2 33 1
1739 ORDER 815 41 8 20 49 0
1740 ORDER 816 53 35 60 50 0
1742 ORDER 817 29 26 3 14 2
1743 ORDER 818 41 41 1 39 0
1745 ORDER 819 15 39 41 50 0
1746 ORDER 820 62 15 66 49 0
1747 BLOCK 54 26
1748 ORDER 821 17 44 59 49 0
1749 CANCEL 725
1751 ORDER 822 18 38 18 50 1
1754 UNBLOCK 21 5
1754 ORDER 823 8 9 1 28 0
1755 ORDER 824 35 14 26 49 0
1758 ORDER 825 6 17 2 37 1
1759 ORDER 826 40 26 29 49 0
1765 ORDER 827 20 9 3 26 1
1767 ORDER 828 51 21 55 49 0
1770 UNBLOCK 36 29
1773 ORDER 829 9 15 2 29 2
1777 ORDER 830 37 42 7 50 0
1780 ORDER 831 59 17 3 37 0
1792 ORDER 832 49 15 3 13 0
1795 ORDER 833 7 26 37 50 1
1796 ORDER 834 14 14 27 49 3
1798 ORDER 835 56 24 24 50 0
1801 ORDER 836 23 33 21 50 0
1802 ORDER 837 38 47 1 42 1
1804 ORDER 838 8 5 2 42 0
1806 ORDER 839 9 9 37 49 0
1808 ORDER 840 11 24 1 10 1
1809 BLOCK 55 50
1810 ORDER 841 7 44 1 14 0
1812 ORDER 842 29 14 1 28 3
1817 ORDER 843 31 23 3 23 1
1820 ORDER 844 23 41 52 49 2
1820 BLOCK 28 35
1822 ORDER 845 28 47 1 41 3
1824 ORDER 846 17 30 30 50 2
1826 ORDER 847 58 45 37 50 1
1827 ORDER 848 23 29 3 38 3
1829 ORDER 849 56 12 40 49 1
1833 ORDER 850 14 20 53 49 0
1834 ORDER 851 38 29 29 49 0
1841 ORDER 852 18 12 1 44 0
1844 ORDER 853 30 39 2 3 1
1844 BLOCK 24 22
1845 ORDER 854 32 26 3 19 1
1846 ORDER 855 28 3 45 49 0
1847 ORDER 856 55 24 60 50 0
1849 ORDER 857 33 38 3 35 1
1850 ORDER 858 7 3 2 30 1
1852 CANCEL 807
1855 ORDER 859 9 21 67 50 0
1856 BLOCK 17 15
1857 ORDER 860 39 44 19 50 0
1860 ORDER 861 22 15 2 7 0
1862 UNBLOCK 55 50
1862 ORDER 862 41 39 20 49 0
1863 ORDER 863 48 26 2 33 0
1866 ORDER 864 20 9 43 49 1
1867 ORDER 865 58 12 66 49 1
1869 ORDER 866 37 27 28 50 0
1873 ORDER 867 50 21 38 50 1
1874 ORDER 868 30 36 2 42 0
1876 ORDER 869 45 26 1 33 0
1878 ORDER 870 46 12 2 24 2
1879 ORDER 871 19 45 63 50 0
1881 ORDER 872 18 35 2 33 1
1887 ORDER 873 19 6 3 37 0
1888 ORDER 874 15 45 2 16 1
1890 ORDER 875 40 25 1 32 2
1892 UNBLOCK 54 26
1893 ORDER 876 28 20 23 50 0
1894 ORDER 877 12 26 68 49 0
1897 ORDER 878 26 14 15 49 1
1899 ORDER 879 7 6 4 49 0
1904 ORDER 880 61 15 1 18 0
1905 ORDER 881 31 29 19 50 2
1907 ORDER 882 44 32 16 50 0
1908 ORDER 883 48 42 3 1 0
1911 ORDER 884 52 35 1 20 0
1914 ORDER 885 25 38 46 49 3
1916 ORDER 886 6 6 1 31 1
1919 ORDER 887 35 12 3 15 0
1920 ORDER 888 14 47 66 49 0
1921 ORDER 889 40 20 2 19 0
1924 ORDER 890 9 34 41 50 1
1925 ORDER 891 22 9 1 25 0
1926 ORDER 892 59 39 2 4 0
1927 ORDER 893 28 23 2 47 0
1928 UNBLOCK 28 35
1928 ORDER 894 12 11 3 15 0
1929 ORDER 895 63 32 11 49 0
1933 ORDER 896 27 6 3 47 2
1935 ORDER 897 18 35 1 29 1
1936 ORDER 898 7 24 1 32 0
1939 ORDER 899 14 45 23 49 0
1940 ORDER 900 12 36 2 20 0
1941 ORDER 901 46 39 60 50 0
1942 ORDER 902 19 11 59 49 2
1943 ORDER 903 49 15 3 18 0
1944 BLOCK 35 44
1946 ORDER 904 10 39 67 50 1
1948 BLOCK 6 49
1949 ORDER 905 26 41 48 50 0
1951 ORDER 906 8 15 59 49 0
1953 ORDER 907 38 18 65 50 0
1954 ORDER 908 17 11 37 49 0
1956 ORDER 909 42 45 1 4 0
1959 ORDER 910 20 11 6 49 0
1961 ORDER 911 50 44 24 49 1
1962 UNBLOCK 24 22
1963 ORDER 912 63 35 1 8 0
1964 ORDER 913 34 12 16 50 0
1967 ORDER 914 39 30 61 49 0
1968 ORDER 915 51 23 3 27 0
1969 ORDER 916 36 38 20 50 1
1970 ORDER 917 54 29 3 13 0
1971 ORDER 918 48 6 65 49 1
1974 ORDER 919 14 15 3 37 0
1975 ORDER 920 64 29 27 50 0
1977 ORDER 921 15 47 25 49 0
1978 ORDER 922 58 4 47 49 0
1981 UNBLOCK 35 44
1981 ORDER 923 23 45 49 50 0
1982 ORDER 924 6 24 3 33 0
1982 BLOCK 32 41
1983 UNBLOCK 17 15
1983 ORDER 925 11 23 2 11 3
1984 ORDER 926 27 18 59 50 0
1986 ORDER 927 41 32 2 6 2
1987 ORDER 928 51 20 49 49 3
1990 ORDER 929 36 5 2 50 1
1991 ORDER 930 65 8 2 27 0
1992 ORDER 931 56 12 2 23 0
1993 ORDER 932 40 15 1 23 1
1994 ORDER 933 22 23 2 3 2
1995 ORDER 934 28 29 1 5 0
1996 ORDER 935 63 9 58 50 1
1997 ORDER 936 65 6 2 7 1
1999 ORDER 937 6 17 13 49 0
1999 BLOCK 23 44
2002 ORDER 938 29 14 25 49 0
2004 ORDER 939 36 44 60 50 0
2006 ORDER 940 56 5 27 49 0
2007 ORDER 941 49 18 34 50 0
2008 ORDER 942 34 18 1 46 0
2009 ORDER 943 59 44 3 10 0
2013 ORDER 944 38 30 3 17 3
2016 ORDER 945 59 6 1 19 1
2019 ORDER 946 43 32 3 14 0
2024 ORDER 947 36 27 2 44 0
2025 ORDER 948 26 36 3 20 2
2027 ORDER 949 40 17 31 50 1
2028 UNBLOCK 32 41
2028 ORDER 950 46 44 1 7 0
2030 ORDER 951 27 3 8 50 2
2032 ORDER 952 28 24 2 33 1
2035 ORDER 953 19 9 18 49 1
2038 ORDER 954 65 17 1 4 0
2041 CANCEL 914
2045 ORDER 955 30 44 20 50 2
2048 ORDER 956 40 8 1 12 0
2050 ORDER 957 11 5 3 41 1
2052 ORDER 958 52 14 54 49 0
2054 ORDER 959 10 30 18 49 0
2056 ORDER 960 11 44 51 49 3
2057 ORDER 961 11 6 55 50 0
2058 ORDER 962 60 35 49 49 0
2060 ORDER 963 32 33 2 5 0
2064 ORDER 964 52 36 6 49 0
2067 ORDER 965 53 41 1 42 0
2068 ORDER 966 48 27 49 50 2
2069 BLOCK 23 9
2070 ORDER 967 46 41 28 49 1
2071 ORDER 968 19 15 16 50 0
2072 ORDER 969 28 24 62 50 0
2073 ORDER 970 27 24 2 11 2
2073 BLOCK 9 6
2075 ORDER 971 13 38 3 14 0
2076 ORDER 972 19 11 3 50 0
2077 ORDER 973 17 9 36 50 0
2078 ORDER 974 65 8 2 6 0
2079 CANCEL 935
2081 UNBLOCK 6 49
2081 ORDER 975 52 20 1 28 0
2082 ORDER 976 34 30 43 50 1
2086 ORDER 977 38 45 1 4 0
2087 CANCEL 918
2088 ORDER 978 30 29 14 50 0
2089 ORDER 979 27 20 3 40 0
2089 BLOCK 54 1
2091 ORDER 980 46 29 67 50 0
2093 ORDER 981 23 45 3 35 0
2094 BLOCK 33 27
2095 UNBLOCK 23 44
2097 ORDER 982 11 12 25 50 0
2098 CANCEL 976
2104 ORDER 983 23 15 26 50 1
2105 ORDER 984 36 29 3 15 3
2106 ORDER 985 62 5 1 28 3
2107 ORDER 986 32 20 16 50 0
2108 UNBLOCK 9 6
2109 ORDER 987 51 17 3 17 0
2111 ORDER 988 14 42 3 42 0
2112 ORDER 989 22 24 45 50 0
2113 ORDER 990 53 24 50 50 0
2114 ORDER 991 48 38 2 26 2
2116 BLOCK 35 34
2117 ORDER 992 20 38 3 2 0
2121 ORDER 993 19 42 12 50 0
2122 ORDER 994 26 11 30 50 0
2123 ORDER 995 47 11 57 50 0
2124 ORDER 996 60 41 1 10 0
2126 ORDER 997 57 8 3 34 0
2127 ORDER 998 19 12 37 49 1
2128 ORDER 999 43 15 1 42 0
2130 ORDER 1000 11 11 63 50 1
2131 ORDER 1001 27 39 3 18 0
2131 BLOCK 45 21
2132 ORDER 1002 20 32 2 3 1
2135 ORDER 1003 16 21 3 20 0
2136 ORDER 1004 53 26 1 23 2
2137 ORDER 1005 35 42 3 26 0
2138 ORDER 1006 41 32 26 49 0
2139 ORDER 1007 64 39 3 11 0
2141 ORDER 1008 31 32 56 50 1
2142 CANCEL 964
2143 ORDER 1009 65 9 2 8 0
2145 ORDER 1010 62 18 3 38 1
2148 ORDER 1011 41 32 2 13 0
2150 CANCEL 910
2150 ORDER 1012 47 18 1 6 0
2159 ORDER 1013 29 9 3 45 0
2159 BLOCK 56 15
2160 ORDER 1014 63 11 13 50 0
2161 CANCEL 933
2162 ORDER 1015 7 20 1 1 0
2164 ORDER 1016 12 39 3 9 0
2165 ORDER 1017 29 23 2 35 0
2168 ORDER 1018 37 36 3 18 1
2171 ORDER 1019 8 8 1 45 1
2172 ORDER 1020 30 41 55 49 1
2174 ORDER 1021 19 21 64 49 0
2175 ORDER 1022 64 24 12 49 0
2175 BLOCK 10 20
2178 ORDER 1023 39 21 2 6 1
2179 ORDER 1024 51 14 21 50 0
2180 ORDER 1025 49 39 30 49 3
2181 ORDER 1026 55 35 3 46 0
2182 ORDER 1027 52 33 40 49 1
2183 ORDER 1028 20 5 13 50 0
2184 ORDER 1029 39 9 24 50 0
2189 ORDER 1030 9 29 31 49 0
2193 ORDER 1031 50 35 30 50 0
2194 ORDER 1032 62 9 67 50 0
2195 ORDER 1033 57 15 1 21 1
2198 ORDER 1034 50 30 63 49 0
2200 UNBLOCK 23 9
2201 ORDER 1035 21 36 1 33 0
2203 UNBLOCK 54 1
2204 ORDER 1036 57 17 41 49 0
2206 ORDER 1037 62 27 15 50 0
2207 ORDER 1038 65 11 2 9 0
2208 CANCEL 969
2208 ORDER 1039 32 24 1 8 0
2210 ORDER 1040 36 44 9 49 1
2211 ORDER 1041 32 3 3 35 0
2213 ORDER 1042 17 20 48 50 1
2217 ORDER 1043 21 5 25 50 0
2223 ORDER 1044 22 32 25 49 0
2224 ORDER 1045 37 41 1 23 2
2226 ORDER 1046 27 20 2 8 0
2231 ORDER 1047 35 5 3 47 0
2233 ORDER 1048 18 14 1 41 0
2235 ORDER 1049 58 39 62 49 0
2237 UNBLOCK 33 27
2237 BLOCK 13 38
2238 ORDER 1050 12 20 11 49 0
2241 ORDER 1051 16 29 10 50 1
2243 ORDER 1052 18 24 1 30 0
2248 ORDER 1053 8 45 19 50 1
2249 ORDER 1054 18 26 20 50 2
2251 ORDER 1055 64 21 56 50 1
2252 UNBLOCK 56 15
2253 ORDER 1056 53 30 2 49 0
2256 ORDER 1057 27 35 36 50 0
2257 ORDER 1058 56 27 60 50 0
2258 ORDER 1059 60 14 9 50 1
2259 ORDER 1060 36 24 59 49 0
2262 ORDER 1061 16 29 2 24 3
2263 ORDER 1062 7 20 3 27 2
2264 UNBLOCK 35 34
2265 ORDER 1063 48 41 1 13 1
2266 BLOCK 13 11
2267 ORDER 1064 59 14 18 50 2
2270 ORDER 1065 46 8 8 50 2
2272 UNBLOCK 45 21
2274 ORDER 1066 63 21 1 45 1
2276 ORDER 1067 56 24 3 8 0
2279 ORDER 1068 54 24 2 43 0
2280 ORDER 1069 23 18 51 50 0
2281 ORDER 1070 8 27 2 19 0
2284 ORDER 1071 40 44 56 50 2
2287 ORDER 1072 60 30 2 49 1
2291 ORDER 1073 43 33 27 49 1
2295 UNBLOCK 10 20
2296 ORDER 1074 45 36 5 49 2
2297 ORDER 1075 31 35 67 50 0
2298 ORDER 1076 50 45 2 38 0
2299 ORDER 1077 46 14 3 9 0
2301 ORDER 1078 26 23 3 18 2
2302 ORDER 1079 31 6 52 50 0
2303 UNBLOCK 13 38
2306 ORDER 1080 53 30 3 35 0
2310 ORDER 1081 65 41 2 18 3
2312 ORDER 1082 16 38 15 50 0
2313 ORDER 1083 42 3 1 43 0
2315 ORDER 1084 13 26 44 50 3
2317 ORDER 1085 60 32 1 10 0
2318 ORDER 1086 27 42 55 50 3
2319 ORDER 1087 58 39 2 8 0
2320 ORDER 1088 29 18 1 41 0
2321 ORDER 1089 59 21 3 33 0
2322 ORDER 1090 15 15 3 49 0
2325 ORDER 1091 62 20 64 50 1
2326 ORDER 1092 49 27 47 49 2
2327 ORDER 1093 10 5 2 31 1
2328 ORDER 1094 56 20 1 11 0
2330 ORDER 1095 62 18 3 47 0
2331 ORDER 1096 57 30 3 2 1
2332 CANCEL 1026
2333 ORDER 1097 39 36 3 42 1
2334 ORDER 1098 42 30 1 6 0
2338 ORDER 1099 46 21 63 50 1
2340 ORDER 1100 53 18 2 42 0
2342 ORDER 1101 26 14 2 34 1
2343 ORDER 1102 21 21 64 50 0
2344 ORDER 1103 29 33 1 19 2
2345 ORDER 1104 64 20 3 1 0
2347 ORDER 1105 64 41 45 50 0
2351 ORDER 1106 7 26 34 50 1
2354 ORDER 1107 29 33 29 49 0
2355 ORDER 1108 30 11 1 18 1
2356 ORDER 1109 60 44 3 31 1
2357 ORDER 1110 55 8 21 49 0
2359 ORDER 1111 41 20 28 49 1
2363 ORDER 1112 40 39 3 26 2
2365 ORDER 1113 25 23 16 49 1
2367 ORDER 1114 45 29 3 15 0
2370 ORDER 1115 57 36 3 46 3
2373 ORDER 1116 44 41 2 28 2
2375 ORDER 1117 29 12 22 50 3
2376 ORDER 1118 35 39 46 49 0
2377 ORDER 1119 59 8 2 20 2
2380 ORDER 1120 8 17 1 18 0
2381 ORDER 1121 18 44 1 12 0
2389 ORDER 1122 23 15 26 50 0
2394 ORDER 1123 24 33 54 50 3
2396 ORDER 1124 58 30 53 49 0
2397 ORDER 1125 11 32 2 8 0
2398 ORDER 1126 38 18 68 50 0
2399 ORDER 1127 9 46 3 38 0
2400 ORDER 1128 17 39 3 45 1
2401 ORDER 1129 57 14 43 49 1
2402 ORDER 1130 36 44 3 16 0
2404 ORDER 1131 36 26 3 12 1
2406 ORDER 1132 52 8 2 30 0
2407 UNBLOCK 13 11
2407 CANCEL 1079
2411 ORDER 1133 38 8 10 50 0
2412 ORDER 1134 30 41 67 49 1
2413 ORDER 1135 47 26 54 50 0
2415 ORDER 1136 21 42 67 50 0
2419 ORDER 1137 62 44 3 44 0
2420 CANCEL 1113
2420 ORDER 1138 60 47 50 50 2
2426 ORDER 1139 14 18 1 26 0
2428 ORDER 1140 51 21 66 49 0
2430 ORDER 1141 6 12 2 18 0
2432 ORDER 1142 47 29 1 40 0
2433 ORDER 1143 50 45 37 50 0
2435 ORDER 1144 49 20 1 23 2
2436 ORDER 1145 27 27 16 50 2
2437 ORDER 1146 18 23 35 49 0
2440 ORDER 1147 53 27 19 50 0
2441 ORDER 1148 13 38 1 22 0
2444 ORDER 1149 59 18 3 9 0
2444 BLOCK 39 6
2447 ORDER 1150 60 21 43 50 0
2448 ORDER 1151 56 35 3 33 1
2449 ORDER 1152 45 32 1 47 0
2450 ORDER 1153 42 15 57 50 0
2452 ORDER 1154 16 35 48 50 0
2453 ORDER 1155 28 23 56 50 1
2454 ORDER 1156 29 30 3 38 3
2456 ORDER 1157 22 9 2 25 0
2461 ORDER 1158 49 11 38 49 2
2463 ORDER 1159 48 17 55 50 0
2464 ORDER 1160 58 5 1 19 1
2466 ORDER 1161 9 35 43 49 0
2470 BLOCK 64 48
2471 ORDER 1162 9 21 1 24 0
2472 ORDER 1163 6 5 2 17 0
2476 CANCEL 1153
2482 ORDER 1164 45 18 3 50 0
2483 ORDER 1165 52 14 1 4 0
2485 ORDER 1166 63 5 24 49 0
2487 ORDER 1167 54 29 50 49 0
2490 ORDER 1168 55 24 30 50 0
2491 ORDER 1169 6 33 25 49 1
2492 ORDER 1170 28 11 34 50 1
2493 ORDER 1171 57 44 59 49 0
2497 BLOCK 54 41
2498 ORDER 1172 11 33 1 5 3
2500 ORDER 1173 52 20 8 49 0
2503 ORDER 1174 8 5 1 15 0
2505 ORDER 1175 21 21 1 27 0
2508 ORDER 1176 58 12 37 49 0
2512 ORDER 1177 38 44 29 50 1
2513 ORDER 1178 16 35 5 50 0
2517 ORDER 1179 38 38 2 24 0
2519 ORDER 1180 32 38 1 18 1
2520 ORDER 1181 54 41 2 31 0
2521 ORDER 1182 57 3 41 50 0
2526 ORDER 1183 55 14 2 28 0
2527 BLOCK 36 49
2532 ORDER 1184 19 36 3 49 0
2536 ORDER 1185 31 20 2 39 0
2537 ORDER 1186 27 9 41 50 0
2538 ORDER 1187 12 26 3 42 0
2540 ORDER 1188 12 11 1 4 2
2541 ORDER 1189 15 17 1 37 1
2542 CANCEL 1185
2542 ORDER 1190 53 20 36 50 0
2545 ORDER 1191 64 9 67 49 0
2545 BLOCK 33 26
2546 ORDER 1192 23 11 2 31 0
2549 ORDER 1193 21 36 3 1 0
2551 BLOCK 62 33
2552 ORDER 1194 33 18 1 27 0
2555 ORDER 1195 26 36 3 42 0
2556 ORDER 1196 45 39 1 24 1
2561 ORDER 1197 39 20 2 42 1
2562 ORDER 1198 50 29 60 49 3
2565 ORDER 1199 62 33 1 33 0
2567 ORDER 1200 28 30 40 50 0
2574 ORDER 1201 14 14 11 49 0
2575 ORDER 1202 56 5 3 1 0
2576 ORDER 1203 47 29 17 50 2
2577 ORDER 1204 37 14 62 49 1
2578 ORDER 1205 51 18 37 49 2
2580 ORDER 1206 55 23 49 50 0
2581 ORDER 1207 10 8 37 50 0
2583 ORDER 1208 47 27 46 50 0
2584 UNBLOCK 39 6
2584 BLOCK 9 8
2586 ORDER 1209 32 11 1 38 0
2592 ORDER 1210 49 45 1 31 1
2595 ORDER 1211 62 11 2 11 0
2596 ORDER 1212 45 20 6 50 0
2599 UNBLOCK 64 48
2601 ORDER 1213 64 12 3 7 1
2602 ORDER 1214 47 24 2 41 0
2604 ORDER 1215 38 42 39 49 1
2607 UNBLOCK 62 33
2608 ORDER 1216 31 26 39 50 0
2609 ORDER 1217 49 47 3 32 0
2609 BLOCK 46 5
2610 ORDER 1218 21 36 43 49 2
2613 ORDER 1219 12 5 1 5 0
2615 ORDER 1220 19 24 7 50 0
2616 ORDER 1221 8 20 15 50 3
2617 ORDER 1222 30 39 34 50 0
2622 ORDER 1223 60 44 57 49 0
2627 UNBLOCK 33 26
2627 ORDER 1224 42 15 61 49 0
2631 ORDER 1225 51 5 1 25 0
2632 ORDER 1226 37 33 5 49 1
2634 UNBLOCK 36 49
2635 ORDER 1227 61 9 2 45 0
2637 UNBLOCK 54 41
2638 ORDER 1228 45 26 3 39 0
2639 ORDER 1229 40 26 50 49 1
2640 ORDER 1230 64 8 2 48 1
2641 UNBLOCK 9 8
2641 ORDER 1231 27 23 2 29 0
2643 ORDER 1232 54 29 1 12 0
2645 ORDER 1233 7 32 3 35 1
2649 BLOCK 31 3
2652 ORDER 1234 60 44 1 44 0
2653 ORDER 1235 34 17 14 49 1
2658 ORDER 1236 19 9 1 18 0
2660 ORDER 1237 21 14 1 4 2
2661 ORDER 1238 21 12 3 23 0
2666 ORDER 1239 64 35 2 16 0
2667 ORDER 1240 18 11 35 49 0
2668 ORDER 1241 39 18 2 7 0
2669 ORDER 1242 51 12 4 49 0
2670 ORDER 1243 48 39 3 8 0
2672 ORDER 1244 51 3 3 47 0
2673 BLOCK 63 23
2676 ORDER 1245 6 41 18 49 0
2677 ORDER 1246 40 20 1 22 0
2681 ORDER 1247 8 5 20 50 0
2682 ORDER 1248 49 45 2 14 1
2684 ORDER 1249 38 14 37 49 0
2685 ORDER 1250 26 27 3 32 0
2689 ORDER 1251 48 15 2 8 0
2695 ORDER 1252 29 8 2 6 0
2696 ORDER 1253 31 36 34 49 0
2697 BLOCK 22 4
2698 CANCEL 1174
2699 ORDER 1254 50 12 3 35 1
2704 ORDER 1255 19 29 41 49 0
2705 ORDER 1256 12 38 3 3 2
2706 ORDER 1257 49 45 41 49 0
2708 ORDER 1258 47 12 43 49 0
2709 ORDER 1259 27 11 65 49 0
2710 ORDER 1260 33 44 21 50 0
2711 ORDER 1261 18 3 3 9 2
2712 ORDER 1262 28 6 3 17 1
2713 CANCEL 1225
2714 ORDER 1263 8 32 2 50 0
2715 CANCEL 1209
2715 ORDER 1264 41 47 67 49 0
2716 ORDER 1265 9 41 3 21 0
2717 ORDER 1266 25 14 19 50 1
2719 ORDER 1267 59 36 67 49 1
2720 ORDER 1268 14 18 1 3 0
2721 ORDER 1269 60 18 1 14 0
2722 ORDER 1270 36 29 29 49 2
2723 UNBLOCK 46 5
2723 ORDER 1271 28 35 28 49 1
2723 BLOCK 32 38
2726 CANCEL 1239
2726 ORDER 1272 15 14 1 9 2
2727 ORDER 1273 18 5 1 27 0
2728 ORDER 1274 39 9 37 50 2
2728 BLOCK 8 17
2729 UNBLOCK 63 23
2730 ORDER 1275 6 30 63 50 3
2731 ORDER 1276 61 21 3 17 0
2732 ORDER 1277 10 12 10 49 0
2733 ORDER 1278 64 41 1 22 0
2737 ORDER 1279 12 11 47 50 1
2738 ORDER 1280 51 15 18 50 1
2740 ORDER 1281 37 11 60 49 0
2748 ORDER 1282 64 8 3 10 0
2750 ORDER 1283 11 47 21 50 0
2752 ORDER 1284 58 11 2 2 0
2754 ORDER 1285 48 42 3 41 3
2755 ORDER 1286 26 5 39 49 1
2757 ORDER 1287 17 5 56 50 0
2762 ORDER 1288 55 17 3 40 2
2763 UNBLOCK 8 17
2764 ORDER 1289 55 8 63 49 0
2765 ORDER 1290 35 26 65 50 0
2769 ORDER 1291 40 41 3 32 1
2771 ORDER 1292 20 12 15 49 0
2772 ORDER 1293 45 32 1 47 0
2773 ORDER 1294 17 36 2 41 0
2777 ORDER 1295 20 27 26 50 0
2781 ORDER 1296 6 32 1 18 3
2782 BLOCK 44 25
2784 ORDER 1297 51 35 55 49 1
2786 UNBLOCK 32 38
2787 ORDER 1298 12 26 1 11 1
2787 BLOCK 9 48
2790 ORDER 1299 34 27 59 50 0
2791 ORDER 1300 9 42 1 11 0
2792 UNBLOCK 31 3
2795 ORDER 1301 52 9 16 50 0
2797 ORDER 1302 40 18 1 35 1
2798 ORDER 1303 32 39 38 50 2
2799 ORDER 1304 22 42 2 30 1
2801 ORDER 1305 14 44 2 14 0
2802 ORDER 1306 49 47 3 19 0
2805 BLOCK 24 43
2806 ORDER 1307 46 44 3 45 0
2807 ORDER 1308 37 24 27 50 1
2808 ORDER 1309 21 44 56 49 2
2809 UNBLOCK 22 4
2810 ORDER 1310 24 24 2 11 0
2814 BLOCK 15 20
2815 CANCEL 1241
2815 ORDER 1311 53 21 2 39 1
2819 ORDER 1312 65 14 47 50 1
2820 ORDER 1313 38 20 3 17 0
2823 ORDER 1314 59 12 44 49 0
2825 UNBLOCK 9 48
2825 ORDER 1315 34 45 34 49 0
2827 CANCEL 1246
2828 ORDER 1316 14 12 26 49 2
2831 ORDER 1317 46 39 3 17 2
2833 ORDER 1318 13 32 42 49 2
2836 ORDER 1319 58 12 48 49 0
2843 ORDER 1320 34 14 63 50 0
2846 ORDER 1321 42 36 66 49 0
2848 ORDER 1322 7 35 7 49 0
2849 ORDER 1323 8 8 30 49 0
2850 ORDER 1324 58 11 2 28 1
2851 UNBLOCK 44 25
2851 ORDER 1325 39 15 2 45 1
2856 ORDER 1326 18 6 46 50 1
2857 ORDER 1327 38 18 3 3 2
2858 ORDER 1328 14 15 63 50 0
2859 ORDER 1329 64 5 2 20 1
2860 ORDER 1330 65 11 46 50 0
2861 ORDER 1331 27 20 22 49 0
2862 ORDER 1332 13 24 3 5 0
2865 ORDER 1333 22 36 26 49 2
2867 ORDER 1334 21 40 33 49 0
2869 ORDER 1335 13 18 3 37 2
2875 ORDER 1336 36 14 54 50 0
2876 ORDER 1337 7 17 3 4 0
2876 BLOCK 22 48
2879 ORDER 1338 34 8 17 50 0
2880 ORDER 1339 24 18 17 49 1
2881 ORDER 1340 38 33 3 12 1
2883 ORDER 1341 46 27 2 44 0
2884 ORDER 1342 34 15 62 50 0
2886 ORDER 1343 19 5 1 48 1
2887 ORDER 1344 20 32 2 41 0
2888 ORDER 1345 37 23 33 50 0
2891 ORDER 1346 46 18 54 49 2
2894 ORDER 1347 27 47 35 50 0
2895 ORDER 1348 36 24 2 26 0
2898 ORDER 1349 12 36 2 42 0
2899 UNBLOCK 24 43
2901 ORDER 1350 20 41 63 50 1
2903 ORDER 1351 44 17 3 41 1
2905 ORDER 1352 58 26 62 49 0
2906 ORDER 1353 42 30 3 7 0
2910 ORDER 1354 9 11 6 50 1
2911 ORDER 1355 37 29 2 24 2
2912 ORDER 1356 58 36 32 50 0
2913 ORDER 1357 21 6 2 37 0
2915 ORDER 1358 40 24 25 50 1
2915 BLOCK 14 30
2916 CANCEL 1296
2917 ORDER 1359 9 33 8 50 0
2920 ORDER 1360 29 20 2 4 0
2921 ORDER 1361 56 12 24 50 1
2922 ORDER 1362 37 38 48 50 0
2924 ORDER 1363 52 3 1 38 3
2925 CANCEL 1349
2925 ORDER 1364 44 45 21 49 0
2928 ORDER 1365 51 18 17 49 2
2928 BLOCK 15 27
2929 ORDER 1366 9 6 3 16 1
2931 ORDER 1367 45 39 58 50 1
2935 ORDER 1368 42 20 2 7 0
2937 ORDER 1369 48 6 36 49 0
2940 ORDER 1370 53 9 49 49 0
2941 ORDER 1371 59 35 2 21 0
2942 ORDER 1372 56 32 3 32 1
2943 ORDER 1373 41 3 67 49 1
2944 ORDER 1374 50 36 3 34 0
2946 UNBLOCK 22 48
2946 ORDER 1375 34 14 29 49 1
2947 ORDER 1376 57 15 3 20 0
2948 ORDER 1377 11 8 3 30 2
2949 ORDER 1378 27 27 2 7 2
2951 ORDER 1379 28 3 3 12 2
2953 ORDER 1380 36 15 1 1 0
2954 ORDER 1381 16 4 56 49 0
2955 ORDER 1382 58 21 10 50 0
2956 ORDER 1383 22 38 59 50 3
2957 UNBLOCK 14 30
2957 ORDER 1384 17 18 51 49 0
2958 UNBLOCK 15 20
2965 CANCEL 1350
2965 ORDER 1385 29 44 1 45 0
2967 ORDER 1386 21 9 46 49 0
2968 ORDER 1387 10 12 61 50 2
2970 ORDER 1388 48 3 64 50 0
2971 BLOCK 49 8
2974 ORDER 1389 39 38 3 10 1
2975 ORDER 1390 38 21 27 49 1
2977 ORDER 1391 45 8 1 11 1
2984 ORDER 1392 10 26 41 50 0
2986 ORDER 1393 61 15 37 50 0
2990 ORDER 1394 31 6 56 49 0
2993 ORDER 1395 6 35 54 49 0
2995 CANCEL 1343
2999 UNBLOCK 15 27
3000 ORDER 1396 6 24 38 49 0
3001 ORDER 1397 6 14 2 10 0
3003 ORDER 1398 8 26 3 32 0
3007 ORDER 1399 10 6 2 24 1
3010 ORDER 1400 14 32 2 40 1
3014 ORDER 1401 19 27 57 50 0
3017 ORDER 1402 49 38 58 50 1
3020 ORDER 1403 41 24 2 19 0
3021 ORDER 1404 11 27 2 1 0
3022 ORDER 1405 28 18 2 3 1
3023 ORDER 1406 35 14 10 49 1
3026 ORDER 1407 48 3 1 18 1
3029 ORDER 1408 17 45 48 50 0
3030 ORDER 1409 41 38 1 49 0
3031 ORDER 1410 49 47 42 49 3
3033 ORDER 1411 11 30 60 49 0
3036 ORDER 1412 62 3 3 28 1
3037 ORDER 1413 36 5 34 50 1
3038 ORDER 1414 19 3 2 46 0
3039 ORDER 1415 59 39 54 50 0
3041 ORDER 1416 12 36 1 26 0
3047 ORDER 1417 43 35 26 50 1
3048 BLOCK 43 50
3049 ORDER 1418 16 38 43 49 1
3053 ORDER 1419 28 35 2 21 1
3054 ORDER 1420 9 8 54 49 0
3059 ORDER 1421 33 45 3 32 0
3071 ORDER 1422 29 18 66 50 0
3073 ORDER 1423 29 9 25 50 1
3074 ORDER 1424 48 15 1 1 0
3075 ORDER 1425 16 11 4 50 0
3076 ORDER 1426 56 39 34 49 0
3077 ORDER 1427 45 26 48 49 3
3078 ORDER 1428 61 38 31 49 0
3083 UNBLOCK 49 8
3083 ORDER 1429 50 36 4 49 0
3084 ORDER 1430 42 24 3 33 0
3086 ORDER 1431 60 30 3 25 0
3087 ORDER 1432 49 38 56 49 0
3089 ORDER 1433 59 30 1 30 0
3091 BLOCK 61 21
3100 ORDER 1434 48 42 2 50 0
3102 ORDER 1435 60 38 1 18 1
3104 ORDER 1436 46 44 3 43 1
3106 ORDER 1437 57 26 53 49 0
3108 ORDER 1438 32 32 22 50 2
3110 ORDER 1439 64 35 30 50 1
3111 ORDER 1440 51 6 27 50 0
3112 ORDER 1441 23 20 2 6 0
3113 ORDER 1442 9 26 66 50 0
3115 ORDER 1443 50 30 14 49 1
3116 ORDER 1444 44 5 1 8 0
3117 ORDER 1445 38 20 39 50 0
3118 ORDER 1446 63 29 48 50 0
3120 ORDER 1447 48 33 1 33 1
3121 ORDER 1448 16 8 32 50 1
3123 ORDER 1449 37 14 1 37 0
3124 CANCEL 1367
3126 ORDER 1450 54 21 1 50 0
3127 ORDER 1451 43 9 20 50 0
3129 ORDER 1452 20 24 20 49 0
3130 ORDER 1453 62 3 29 49 0
3132 ORDER 1454 25 45 1 35 0
3133 ORDER 1455 51 36 3 18 0
3135 ORDER 1456 16 5 43 49 0
3136 ORDER 1457 55 17 5 50 3
3137 ORDER 1458 48 20 2 29 0
3138 ORDER 1459 58 12 3 44 0
3139 ORDER 1460 37 47 3 8 0
3140 ORDER 1461 31 8 1 43 0
3143 ORDER 1462 36 17 58 49 0
3145 ORDER 1463 56 20 1 39 1
3146 ORDER 1464 36 23 11 49 0
3147 ORDER 1465 13 11 2 50 3
3148 ORDER 1466 16 29 3 26 0
3151 ORDER 1467 26 44 30 49 0
3154 ORDER 1468 40 12 22 50 0
3156 ORDER 1469 51 38 1 15 0
3158 ORDER 1470 52 18 1 50 0
3160 ORDER 1471 11 41 26 49 2
3164 ORDER 1472 7 6 2 13 0
3166 ORDER 1473 15 44 20 50 1
3166 BLOCK 45 15
3168 BLOCK 21 11
3172 ORDER 1474 7 18 66 50 1
3174 ORDER 1475 18 3 36 49 3
3180 UNBLOCK 61 21
3182 ORDER 1476 15 27 46 50 0
3183 ORDER 1477 35 11 52 49 0
3185 ORDER 1478 18 44 28 49 0
3187 ORDER 1479 13 24 48 50 0
3189 ORDER 1480 51 36 50 49 2
3190 UNBLOCK 43 50
3191 ORDER 1481 23 15 22 49 0
3195 ORDER 1482 55 14 3 21 2
3196 ORDER 1483 6 12 1 24 0
3197 ORDER 1484 43 17 2 15 2
3199 ORDER 1485 53 32 2 14 0
3204 ORDER 1486 29 23 21 49 1
3205 ORDER 1487 65 42 2 23 0
3206 ORDER 1488 9 12 1 41 2
3207 ORDER 1489 44 5 55 50 2
3209 ORDER 1490 25 47 1 38 1
3210 ORDER 1491 30 41 17 50 0
3211 ORDER 1492 31 9 3 8 1
3212 ORDER 1493 45 29 1 30 0
3214 ORDER 1494 22 42 1 24 3
3219 ORDER 1495 10 41 46 49 2
3221 ORDER 1496 52 3 1 12 3
3222 CANCEL 1464
3222 ORDER 1497 53 11 2 40 0
3223 ORDER 1498 33 32 1 20 0
3223 BLOCK 60 32
3224 ORDER 1499 36 23 5 50 0
3226 ORDER 1500 54 45 5 50 0
3227 ORDER 1501 44 15 1 21 3
3228 ORDER 1502 57 29 3 38 1
3232 BLOCK 56 14
3233 ORDER 1503 40 27 3 33 2
3235 BLOCK 58 50
3238 ORDER 1504 29 8 1 46 0
3240 CANCEL 1477
3242 ORDER 1505 21 39 1 38 1
3244 ORDER 1506 7 11 44 49 0
3246 ORDER 1507 9 30 2 21 1
3247 ORDER 1508 59 33 49 49 1
3248 ORDER 1509 17 39 54 50 1
3250 ORDER 1510 49 26 1 2 0
3251 ORDER 1511 18 5 49 50 0
3252 ORDER 1512 12 11 55 49 0
3255 ORDER 1513 60 44 54 49 2
3260 ORDER 1514 20 29 17 49 3
3261 ORDER 1515 15 17 1 25 3
3262 ORDER 1516 24 3 1 5 3
3263 ORDER 1517 28 24 39 50 0
3266 ORDER 1518 62 18 2 28 0
3267 ORDER 1519 17 30 65 49 1
3269 BLOCK 65 39
3270 ORDER 1520 10 14 3 10 0
3273 ORDER 1521 64 23 1 16 1
3274 ORDER 1522 59 17 61 50 0
3276 ORDER 1523 48 36 61 49 0
3277 ORDER 1524 45 38 62 49 0
3278 ORDER 1525 37 42 2 39 1
3280 ORDER 1526 21 11 60 49 0
3282 ORDER 1527 36 41 34 50 0
3283 ORDER 1528 46 18 2 39 2
3284 ORDER 1529 52 8 29 50 0
3285 CANCEL 1432
3285 ORDER 1530 37 6 16 50 0
3286 ORDER 1531 57 44 40 49 0
3288 ORDER 1532 38 14 68 49 1
3289 ORDER 1533 54 33 48 50 0
3292 ORDER 1534 37 36 1 6 0
3293 ORDER 1535 25 23 1 50 1
3296 CANCEL 1501
3296 ORDER 1536 53 9 3 34 0
3297 ORDER 1537 46 6 24 50 2
3298 ORDER 1538 6 33 2 9 0
3298 BLOCK 17 45
3299 ORDER 1539 34 23 3 5 0
3300 ORDER 1540 24 47 2 29 3
3304 ORDER 1541 56 20 65 50 1
3305 CANCEL 1504
3307 ORDER 1542 62 3 45 49 0
3308 ORDER 1543 38 47 31 49 0
3312 UNBLOCK 45 15
3312 ORDER 1544 65 36 36 49 3
3313 ORDER 1545 21 33 2 17 0
3314 ORDER 1546 16 27 36 50 1
3315 ORDER 1547 65 14 2 11 1
3316 ORDER 1548 59 41 2 17 1
3317 UNBLOCK 21 11
3319 ORDER 1549 57 3 3 47 0
3319 BLOCK 18 15
3321 UNBLOCK 60 32
3321 ORDER 1550 56 18 3 37 0
3323 UNBLOCK 65 39
3326 ORDER 1551 56 39 3 4 1
3330 ORDER 1552 36 29 1 23 0
3331 ORDER 1553 35 5 54 49 0
3335 ORDER 1554 8 11 24 49 1
3338 ORDER 1555 65 45 2 43 0
3344 ORDER 1556 35 15 57 49 0
3347 ORDER 1557 41 38 67 49 0
3348 ORDER 1558 18 23 10 49 0
3349 ORDER 1559 48 30 2 48 0
3351 UNBLOCK 56 14
3352 ORDER 1560 25 3 3 29 0
3353 ORDER 1561 58 44 1 22 1
3355 ORDER 1562 11 21 3 19 1
3356 ORDER 1563 22 21 23 50 1
3357 UNBLOCK 58 50
3358 ORDER 1564 18 30 31 50 0
3364 CANCEL 1553
3364 ORDER 1565 54 39 25 50 0
3366 ORDER 1566 8 41 3 1 0
3369 ORDER 1567 56 15 63 50 0
3370 ORDER 1568 63 41 1 18 0
3372 ORDER 1569 11 26 40 50 0
3375 ORDER 1570 37 14 47 49 1
3376 ORDER 1571 10 32 5 50 1
3378 ORDER 1572 49 36 64 50 0
3379 ORDER 1573 31 9 2 14 0
3381 ORDER 1574 21 32 5 50 0
3382 ORDER 1575 63 23 14 49 0
3385 ORDER 1576 7 12 3 18 2
3386 ORDER 1577 32 41 12 50 0
3387 ORDER 1578 10 35 3 10 0
3388 ORDER 1579 17 18 6 50 0
3389 ORDER 1580 50 36 17 49 0
3390 ORDER 1581 29 21 29 50 0
3392 ORDER 1582 35 47 11 49 1
3394 ORDER 1583 54 41 1 47 0
3398 UNBLOCK 17 45
3398 ORDER 1584 57 18 32 49 0
3401 ORDER 1585 31 17 8 49 0
3403 ORDER 1586 28 30 19 49 1
3404 ORDER 1587 23 39 67 50 1
3405 ORDER 1588 55 27 23 50 1
3408 CANCEL 1518
3410 ORDER 1589 42 20 53 49 0
3412 ORDER 1590 29 45 12 49 0
3415 ORDER 1591 10 23 2 12 0
3417 ORDER 1592 40 15 20 49 0
3422 BLOCK 49 33
3426 UNBLOCK 18 15
3427 ORDER 1593 53 38 1 41 0
3428 ORDER 1594 54 27 2 7 2
3430 ORDER 1595 46 11 2 46 0
3431 ORDER 1596 17 21 3 44 0
3434 ORDER 1597 45 41 18 49 0
3436 ORDER 1598 60 17 13 50 0
3437 ORDER 1599 8 14 12 50 1
3439 ORDER 1600 28 5 61 50 0
3440 ORDER 1601 64 35 1 30 2
3441 ORDER 1602 45 18 2 38 0
3443 CANCEL 1507
3450 ORDER 1603 37 24 3 25 2
3450 BLOCK 58 38
3451 ORDER 1604 30 38 40 50 0
3451 BLOCK 9 12
3453 ORDER 1605 52 33 2 17 0
3455 ORDER 1606 25 15 26 50 0
3456 ORDER 1607 51 42 2 16 0
3457 ORDER 1608 8 32 21 49 0
3465 ORDER 1609 47 3 1 40 1
3467 CANCEL 1537
3468 ORDER 1610 42 35 1 34 2
3470 ORDER 1611 39 17 16 49 1
3474 ORDER 1612 28 45 2 45 1
3475 ORDER 1613 55 33 1 37 2
3476 ORDER 1614 42 27 2 26 1
3477 ORDER 1615 58 27 2 27 1
3482 ORDER 1616 56 33 3 47 0
3483 ORDER 1617 39 36 56 49 0
3484 ORDER 1618 58 32 2 25 0
3485 ORDER 1619 21 3 19 49 0
3490 ORDER 1620 23 35 2 5 0
3491 ORDER 1621 28 11 2 12 0
3495 ORDER 1622 35 5 1 13 0
3497 ORDER 1623 63 9 8 50 0
3498 ORDER 1624 60 30 2 6 0
3500 ORDER 1625 55 8 11 49 1
3501 ORDER 1626 53 38 10 49 0
3502 ORDER 1627 7 18 44 50 0
3503 ORDER 1628 44 35 3 47 0
3504 UNBLOCK 9 12
3504 BLOCK 52 5
3506 ORDER 1629 53 9 9 50 1
3507 ORDER 1630 26 29 67 50 0
3512 ORDER 1631 21 6 2 48 0
3515 BLOCK 51 33
3516 ORDER 1632 27 47 3 41 0
3517 ORDER 1633 26 9 6 49 2
3518 ORDER 1634 53 27 30 50 2
3522 ORDER 1635 26 42 49 49 0
3523 ORDER 1636 17 35 52 50 2
3524 ORDER 1637 42 17 1 6 0
3529 ORDER 1638 59 44 20 50 0
3534 ORDER 1639 59 17 1 16 0
3536 ORDER 1640 50 32 2 35 1
3537 ORDER 1641 44 44 25 49 0
3539 ORDER 1642 14 15 50 49 0
3547 BLOCK 31 6
3548 UNBLOCK 51 33
3550 ORDER 1643 35 23 38 50 3
3555 ORDER 1644 53 30 43 50 0
3556 ORDER 1645 27 29 42 49 0
3557 ORDER 1646 27 36 44 50 1
3558 ORDER 1647 29 30 2 7 1
3561 ORDER 1648 46 38 3 13 0
3562 UNBLOCK 52 5
3562 ORDER 1649 35 23 2 27 0
3564 ORDER 1650 57 20 3 4 2
3565 UNBLOCK 49 33
3569 ORDER 1651 6 47 3 41 1
3571 ORDER 1652 41 32 62 50 2
3572 ORDER 1653 23 24 6 50 0
3573 ORDER 1654 28 11 1 26 0
3574 BLOCK 20 27
3575 ORDER 1655 9 33 2 25 0
3576 ORDER 1656 35 24 60 49 0
3578 ORDER 1657 48 32 2 31 0
3583 ORDER 1658 32 32 39 49 0
3584 BLOCK 11 29
3585 ORDER 1659 8 45 7 50 0
3587 UNBLOCK 58 38
3593 ORDER 1660 6 27 3 8 0
3595 ORDER 1661 7 36 2 10 2
3596 CANCEL 1647
3596 ORDER 1662 35 14 1 36 2
3597 ORDER 1663 62 45 3 26 0
3601 ORDER 1664 48 6 2 22 0
3602 ORDER 1665 20 39 2 25 0
3603 ORDER 1666 25 21 2 20 0
3604 ORDER 1667 64 5 3 50 1
3605 ORDER 1668 50 33 1 36 0
3606 ORDER 1669 10 39 2 43 0
3609 ORDER 1670 43 9 2 36 1
3610 ORDER 1671 17 30 3 9 0
3611 ORDER 1672 57 29 3 42 1
3612 CANCEL 101672
3613 ORDER 1673 14 12 54 50 1
3615 ORDER 1674 21 20 25 49 2
3615 BLOCK 30 6
3618 ORDER 1675 21 29 16 49 0
3619 ORDER 1676 55 5 45 50 1
3621 ORDER 1677 33 20 2 22 2
3622 CANCEL 1663
3622 ORDER 1678 40 17 3 40 2
3627 UNBLOCK 11 29
3627 ORDER 1679 32 11 2 43 0
3637 ORDER 1680 39 42 2 3 1
3638 ORDER 1681 43 42 4 50 0
3639 ORDER 1682 58 18 3 6 0
3644 ORDER 1683 22 45 1 33 1
3649 ORDER 1684 51 35 36 49 0
3650 UNBLOCK 31 6
3650 ORDER 1685 7 45 1 3 0
3652 BLOCK 55 8
3653 BLOCK 56 44
3654 CANCEL 1617
3658 ORDER 1686 38 18 47 49 2
3659 ORDER 1687 53 36 2 20 1
3660 BLOCK 39 46
3664 ORDER 1688 17 14 15 50 0
3667 ORDER 1689 47 11 3 48 0
3671 ORDER 1690 17 32 3 38 0
3674 ORDER 1691 49 14 1 3 0
3675 ORDER 1692 19 8 1 33 0
3676 UNBLOCK 20 27
3678 ORDER 1693 29 35 54 49 0
3682 ORDER 1694 9 21 1 33 0
3689 ORDER 1695 38 5 3 5 3
3690 ORDER 1696 33 32 3 37 3
3691 ORDER 1697 43 35 19 50 1
3695 ORDER 1698 59 35 55 49 0
3697 UNBLOCK 56 44
3700 ORDER 1699 60 21 67 50 2
3704 ORDER 1700 11 29 3 46 0
3705 ORDER 1701 6 9 33 50 1
3706 ORDER 1702 48 24 2 31 0
3710 ORDER 1703 20 11 1 28 0
3713 ORDER 1704 54 41 2 1 1
3714 CANCEL 1669
3718 ORDER 1705 9 42 2 24 0
3719 ORDER 1706 18 17 2 9 2
3720 ORDER 1707 45 20 3 20 0
3721 ORDER 1708 57 41 25 49 0
3724 ORDER 1709 64 6 3 8 1
3729 ORDER 1710 7 27 19 50 2
3731 ORDER 1711 46 27 2 47 0
3732 UNBLOCK 39 46
3732 ORDER 1712 48 38 2 24 1
3734 CANCEL 1657
3734 ORDER 1713 28 14 1 37 0
3735 ORDER 1714 14 14 53 49 1
3736 ORDER 1715 23 33 3 1 1
3737 ORDER 1716 41 33 1 34 1
3741 ORDER 1717 36 3 61 50 2
3742 ORDER 1718 47 12 36 50 0
3744 ORDER 1719 21 23 68 50 1
3745 ORDER 1720 41 47 1 11 1
3750 ORDER 1721 23 47 27 50 0
3752 ORDER 1722 39 26 1 43 1
3753 UNBLOCK 30 6
3754 ORDER 1723 58 23 20 49 0
3755 ORDER 1724 65 17 32 50 1
3761 ORDER 1725 24 5 3 1 0
3762 ORDER 1726 60 24 42 50 2
3763 ORDER 1727 23 47 3 15 2
3764 ORDER 1728 26 45 1 4 1
3765 BLOCK 61 5
3766 ORDER 1729 14 47 63 49 2
3768 ORDER 1730 18 23 2 33 2
3769 ORDER 1731 46 5 3 24 0
3770 CANCEL 1674
3782 UNBLOCK 55 8
3782 ORDER 1732 38 38 3 36 2
3783 ORDER 1733 13 11 2 37 0
3787 BLOCK 30 14
3788 ORDER 1734 28 23 2 40 0
3792 ORDER 1735 19 12 3 5 0
3794 ORDER 1736 23 41 6 49 1
3795 UNBLOCK 61 5
3795 ORDER 1737 54 33 1 37 0
3798 ORDER 1738 24 45 3 17 2
3799 ORDER 1739 11 31 12 49 2
3800 ORDER 1740 56 33 2 19 0
3802 ORDER 1741 62 5 2 36 0
3804 ORDER 1742 44 35 60 49 0
3805 ORDER 1743 48 36 3 20 0
3806 ORDER 1744 21 39 68 50 0
3812 ORDER 1745 31 8 1 24 0
3815 ORDER 1746 7 14 59 49 1
3816 ORDER 1747 19 38 54 50 2
3817 ORDER 1748 34 15 5 49 0
3818 ORDER 1749 30 39 65 49 0
3820 ORDER 1750 51 47 2 22 0
3820 BLOCK 38 42
3821 ORDER 1751 49 42 47 49 0
3822 BLOCK 30 5
3828 ORDER 1752 38 29 64 50 0
3829 ORDER 1753 60 38 31 49 0
3831 ORDER 1754 17 8 1 44 0
3832 ORDER 1755 28 26 60 50 0
3835 UNBLOCK 30 14
3835 ORDER 1756 12 27 1 30 0
3836 ORDER 1757 48 9 2 27 0
3837 CANCEL 1690
3837 ORDER 1758 19 9 3 20 1
3840 ORDER 1759 59 45 61 49 0
3843 ORDER 1760 58 45 1 22 0
3844 ORDER 1761 63 12 42 49 1
3845 ORDER 1762 21 12 2 16 0
3847 ORDER 1763 7 33 1 5 1
3849 ORDER 1764 17 33 2 14 3
3850 ORDER 1765 26 8 18 50 1
3852 ORDER 1766 36 26 2 24 0
3854 ORDER 1767 36 17 30 49 2
3855 ORDER 1768 45 5 42 50 0
3864 ORDER 1769 59 21 20 50 1
3865 UNBLOCK 30 5
3865 ORDER 1770 22 27 56 50 0
3866 ORDER 1771 29 21 1 27 0
3867 UNBLOCK 38 42
3869 ORDER 1772 28 42 38 50 2
3872 ORDER 1773 30 27 26 49 0
3873 ORDER 1774 36 29 54 49 0
3876 ORDER 1775 65 3 64 49 0
3879 CANCEL 1756
3883 ORDER 1776 55 14 36 50 0
3885 ORDER 1777 20 41 13 50 0
3887 ORDER 1778 9 9 33 49 0
3890 ORDER 1779 16 21 3 19 3
3895 ORDER 1780 8 5 50 50 1
3897 ORDER 1781 51 42 2 44 0
3899 ORDER 1782 15 3 2 11 1
3901 ORDER 1783 9 32 65 49 0
3902 ORDER 1784 9 32 56 49 2
3906 ORDER 1785 55 12 20 49 3
3907 ORDER 1786 8 9 31 49 0
3908 ORDER 1787 64 29 1 25 0
3910 ORDER 1788 26 42 39 49 1
3913 ORDER 1789 27 12 2 17 0
3914 ORDER 1790 41 29 17 50 0
3918 ORDER 1791 59 14 3 41 0
3920 ORDER 1792 45 26 1 32 0
3921 ORDER 1793 10 23 52 50 0
3922 BLOCK 44 8
3924 ORDER 1794 52 21 3 37 2
3927 ORDER 1795 49 36 1 28 0
3931 ORDER 1796 19 35 2 5 0
3934 CANCEL 1720
3936 ORDER 1797 45 6 2 4 2
3937 BLOCK 57 1
3940 ORDER 1798 13 20 3 11 0
3942 ORDER 1799 39 18 27 49 0
3945 ORDER 1800 19 21 5 49 3
3947 BLOCK 13 35
3948 BLOCK 63 1
3950 ORDER 1801 28 39 23 50 1
3951 ORDER 1802 17 18 2 45 0
3952 ORDER 1803 8 24 3 13 0
3954 BLOCK 41 5
3955 BLOCK 54 49
3956 ORDER 1804 9 12 2 37 0
3956 BLOCK 47 49
3960 ORDER 1805 44 39 1 3 0
3963 UNBLOCK 44 8
3963 ORDER 1806 47 41 1 3 1
3964 ORDER 1807 63 35 67 49 0
3965 ORDER 1808 32 47 1 31 1
3966 ORDER 1809 49 26 3 22 0
3968 ORDER 1810 6 38 55 50 0
3970 ORDER 1811 59 42 3 27 0
3971 ORDER 1812 53 39 2 19 1
3972 ORDER 1813 27 27 1 39 0
3976 ORDER 1814 65 45 23 49 1
3979 ORDER 1815 38 29 64 49 0
3980 ORDER 1816 64 12 1 50 2
3981 ORDER 1817 43 35 43 50 0
3982 ORDER 1818 46 5 2 30 2
3983 ORDER 1819 16 38 3 4 1
3984 ORDER 1820 48 20 6 49 3
3984 BLOCK 20 23
3988 ORDER 1821 19 17 33 49 0
3990 UNBLOCK 57 1
3990 UNBLOCK 54 49
3990 ORDER 1822 47 15 49 49 2
3994 ORDER 1823 56 13 3 16 0
3996 CANCEL 1786
3998 ORDER 1824 7 47 2 29 1
3999 UNBLOCK 13 35
4000 ORDER 1825 35 16 42 50 3
4001 ORDER 1826 33 3 1 44 1
4002 ORDER 1827 9 9 40 50 1
4004 CANCEL 1798
4005 ORDER 1828 15 41 1 3 1
4008 ORDER 1829 11 41 9 50 0
4010 ORDER 1830 31 11 61 50 2
4011 BLOCK 34 11
4013 ORDER 1831 8 9 2 12 2
4014 ORDER 1832 21 3 1 34 0
4015 ORDER 1833 55 21 3 21 1
4017 UNBLOCK 47 49
4018 ORDER 1834 58 12 37 50 0
4019 ORDER 1835 22 23 2 20 2
4021 ORDER 1836 41 41 1 29 3
4032 ORDER 1837 32 26 1 34 3
4033 ORDER 1838 43 30 3 15 0
4036 ORDER 1839 31 27 37 50 1
4037 ORDER 1840 30 39 66 49 0
4040 UNBLOCK 20 23
4040 ORDER 1841 29 36 67 50 0
4042 ORDER 1842 20 11 1 44 0
4043 ORDER 1843 24 5 1 42 0
4045 ORDER 1844 18 12 20 49 0
4046 ORDER 1845 65 38 3 9 0
4047 ORDER 1846 20 26 3 46 3
4047 BLOCK 44 12
4048 ORDER 1847 37 44 30 50 0
4049 ORDER 1848 38 11 2 6 0
4050 ORDER 1849 64 27 18 50 0
4051 UNBLOCK 63 1
4051 ORDER 1850 34 12 20 49 0
4052 BLOCK 59 49
4054 UNBLOCK 41 5
4054 ORDER 1851 11 35 2 38 1
4055 ORDER 1852 18 35 67 50 1
4056 ORDER 1853 33 47 3 20 0
4057 ORDER 1854 28 21 18 50 3
4059 ORDER 1855 28 45 2 31 0
4062 ORDER 1856 57 36 55 50 0
4064 ORDER 1857 33 44 10 49 1
4066 ORDER 1858 21 30 1 12 0
4070 ORDER 1859 40 15 1 14 1
4071 ORDER 1860 47 6 21 50 0
4074 ORDER 1861 27 45 45 50 0
4075 ORDER 1862 61 45 22 49 0
4078 ORDER 1863 6 47 13 50 0
4079 ORDER 1864 49 11 3 7 1
4081 ORDER 1865 23 29 9 49 0
4082 ORDER 1866 11 42 1 50 0
4083 ORDER 1867 38 26 48 49 2
4084 ORDER 1868 12 35 2 4 0
4085 ORDER 1869 50 41 3 11 3
4087 ORDER 1870 65 47 2 12 2
4087 BLOCK 41 14
4088 ORDER 1871 9 21 33 50 0
4089 ORDER 1872 7 17 19 49 2
4089 BLOCK 29 38
4091 BLOCK 55 44
4093 ORDER 1873 17 38 20 50 1
4094 ORDER 1874 55 14 18 50 0
4095 ORDER 1875 16 29 2 10 0
4097 ORDER 1876 51 33 68 50 1
4098 ORDER 1877 63 33 3 1 1
4099 ORDER 1878 31 35 1 27 3
4100 ORDER 1879 21 42 5 49 1
4104 CANCEL 1815
4104 ORDER 1880 35 29 3 43 0
4106 ORDER 1881 45 10 60 50 0
4107 CANCEL 1793
4107 ORDER 1882 42 8 3 47 2
4108 UNBLOCK 34 11
4108 ORDER 1883 28 32 1 4 0
4109 ORDER 1884 61 29 1 24 0
4111 ORDER 1885 17 32 10 50 0
4113 ORDER 1886 35 41 2 48 1
4114 ORDER 1887 18 35 1 1 0
4115 ORDER 1888 12 29 1 26 3
4116 CANCEL 1806
4116 ORDER 1889 8 12 1 28 3
4117 ORDER 1890 55 8 2 25 0
4120 ORDER 1891 19 44 8 50 0
4124 ORDER 1892 26 42 1 2 1
4126 ORDER 1893 35 30 3 38 0
4129 ORDER 1894 48 41 2 22 0
4133 ORDER 1895 36 12 3 40 0
4136 ORDER 1896 57 8 35 49 2
4138 ORDER 1897 19 24 3 23 0
4139 ORDER 1898 41 38 3 24 0
4140 ORDER 1899 52 33 2 37 0
4143 ORDER 1900 40 20 26 50 0
4145 ORDER 1901 36 9 1 7 0
4146 ORDER 1902 55 5 3 26 0
4147 ORDER 1903 62 47 46 49 0
4150 ORDER 1904 43 30 2 2 1
4152 BLOCK 13 24
4153 ORDER 1905 65 33 3 39 1
4154 ORDER 1906 31 11 2 48 0
4155 ORDER 1907 25 14 6 50 2
4156 ORDER 1908 16 45 3 49 2
4157 ORDER 1909 62 45 1 40 2
4159 ORDER 1910 27 45 31 50 0
4160 ORDER 1911 45 26 1 46 1
4161 ORDER 1912 10 12 3 7 1
4162 ORDER 1913 27 6 2 24 2
4164 ORDER 1914 58 14 18 49 1
4165 ORDER 1915 10 15 3 5 2
4166 ORDER 1916 49 47 5 49 0
4167 ORDER 1917 10 15 56 50 2
4168 ORDER 1918 17 45 58 49 0
4169 ORDER 1919 56 15 2 36 0
4170 ORDER 1920 32 26 1 2 0
4170 BLOCK 33 22
4171 ORDER 1921 20 11 42 50 0
4172 ORDER 1922 27 17 1 25 0
4174 CANCEL 1881
4175 ORDER 1923 28 23 1 39 1
4177 UNBLOCK 44 12
4178 BLOCK 6 26
4182 ORDER 1924 34 23 3 35 0
4182 BLOCK 64 5
4185 UNBLOCK 41 14
4185 ORDER 1925 50 15 1 28 2
4186 UNBLOCK 29 38
4188 ORDER 1926 18 32 47 50 0
4189 ORDER 1927 24 33 1 48 2
4190 ORDER 1928 35 24 4 49 0
4192 ORDER 1929 42 32 1 47 2
4194 UNBLOCK 59 49
4195 BLOCK 32 15
4196 ORDER 1930 22 26 23 50 0
4197 CANCEL 1891
4197 ORDER 1931 51 36 3 17 1
4199 ORDER 1932 48 30 2 27 1
4199 BLOCK 16 26
4203 BLOCK 14 33
4204 ORDER 1933 17 27 17 50 0
4206 ORDER 1934 49 17 3 15 0
4209 ORDER 1935 25 5 3 44 0
4211 ORDER 1936 65 33 3 21 0
4212 UNBLOCK 33 22
4212 ORDER 1937 40 42 2 12 0
4213 ORDER 1938 29 14 60 50 2
4214 ORDER 1939 25 15 9 50 3
4217 ORDER 1940 7 29 48 50 0
4219 ORDER 1941 19 23 6 50 1
4220 ORDER 1942 22 47 3 34 0
4222 UNBLOCK 6 26
4223 ORDER 1943 8 47 15 49 0
4224 ORDER 1944 37 9 2 48 2
4227 ORDER 1945 57 32 46 50 1
4228 ORDER 1946 49 20 23 49 1
4230 UNBLOCK 13 24
4230 ORDER 1947 11 44 2 8 0
4233 UNBLOCK 16 26
4233 ORDER 1948 6 8 1 34 0
4234 ORDER 1949 49 12 65 50 0
4235 ORDER 1950 40 17 42 49 0
4237 UNBLOCK 55 44
4237 ORDER 1951 63 33 3 28 1
4237 BLOCK 25 45
4238 UNBLOCK 64 5
4242 ORDER 1952 19 17 2 44 0
4243 ORDER 1953 17 6 2 50 0
4244 ORDER 1954 43 47 3 24 3
4248 ORDER 1955 36 38 1 29 2
4249 ORDER 1956 49 44 40 49 1
4251 ORDER 1957 64 14 2 2 0
4252 ORDER 1958 49 8 43 50 0
4255 ORDER 1959 29 18 2 31 0
4258 ORDER 1960 48 14 3 39 1
4262 ORDER 1961 10 42 19 50 3
4263 ORDER 1962 10 9 3 8 1
4264 ORDER 1963 31 36 3 4 1
4265 ORDER 1964 47 27 47 49 0
4267 CANCEL 1877
4267 ORDER 1965 31 6 62 49 0
4268 ORDER 1966 44 41 41 50 1
4269 ORDER 1967 60 18 3 29 3
4272 ORDER 1968 25 38 2 16 1
4275 ORDER 1969 58 41 2 9 1
4278 ORDER 1970 17 29 2 40 0
4281 ORDER 1971 23 33 31 49 1
4282 BLOCK 26 36
4283 ORDER 1972 61 44 68 49 0
4284 ORDER 1973 22 21 6 50 0
4284 BLOCK 39 5
4285 ORDER 1974 9 21 2 34 0
4289 ORDER 1975 30 11 26 50 1
4290 ORDER 1976 49 11 1 16 0
4291 ORDER 1977 21 5 14 50 0
4293 ORDER 1978 45 27 3 24 1
4296 ORDER 1979 8 6 1 42 0
4297 ORDER 1980 53 10 2 44 0
4301 BLOCK 61 33
4302 ORDER 1981 64 20 16 49 1
4303 ORDER 1982 12 9 3 5 0
4304 UNBLOCK 32 15
4304 ORDER 1983 45 38 42 50 3
4308 CANCEL 101983
4309 ORDER 1984 64 6 3 27 0
4313 ORDER 1985 53 27 40 49 3
4314 ORDER 1986 62 21 3 12 0
4315 ORDER 1987 28 17 50 50 1
4316 ORDER 1988 28 9 1 22 0
4317 ORDER 1989 29 32 2 27 1
4320 ORDER 1990 31 38 10 50 0
4323 ORDER 1991 16 9 3 45 0
4324 UNBLOCK 25 45
4324 ORDER 1992 35 21 32 49 3
4326 ORDER 1993 10 11 52 50 0
4327 ORDER 1994 25 15 3 38 0
4332 ORDER 1995 39 36 2 47 0
4333 UNBLOCK 14 33
4334 ORDER 1996 24 12 1 18 0
4335 ORDER 1997 61 44 15 49 0
4336 ORDER 1998 24 47 1 44 2
4337 ORDER 1999 43 32 3 1 2
4338 ORDER 2000 39 18 3 50 0
4342 ORDER 2001 50 24 3 15 0
4343 ORDER 2002 9 47 1 21 1
4351 ORDER 2003 27 17 2 26 0
4353 UNBLOCK 26 36
4353 ORDER 2004 8 6 3 37 0
4354 ORDER 2005 8 41 2 38 0
4357 ORDER 2006 21 27 62 50 1
4359 ORDER 2007 44 47 9 50 0
4361 CANCEL 1932
4361 ORDER 2008 17 11 1 37 1
4364 ORDER 2009 7 30 2 17 0
4366 UNBLOCK 61 33
4366 BLOCK 53 29
4367 ORDER 2010 40 24 3 9 1
4368 ORDER 2011 49 29 3 1 0
4372 ORDER 2012 13 35 2 6 0
4374 ORDER 2013 39 29 57 49 2
4375 ORDER 2014 56 6 25 50 0
4378 ORDER 2015 50 32 3 10 0
4380 ORDER 2016 27 26 31 49 0
4384 ORDER 2017 44 30 1 6 0
4385 ORDER 2018 27 20 2 49 0
4386 ORDER 2019 41 14 15 50 0
4388 ORDER 2020 39 8 57 50 3
4389 ORDER 2021 34 14 18 49 0
4390 ORDER 2022 43 47 56 50 1
4392 ORDER 2023 47 17 1 41 0
4393 ORDER 2024 55 27 64 49 1
4394 ORDER 2025 32 45 3 3 1
4395 ORDER 2026 14 15 1 47 0
4396 ORDER 2027 59 47 3 8 0
4398 ORDER 2028 51 42 1 4 0
4399 ORDER 2029 20 26 1 25 1
4403 ORDER 2030 9 17 1 13 2
4407 UNBLOCK 39 5
4407 BLOCK 44 25
4409 BLOCK 35 42
4410 ORDER 2031 44 9 32 49 0
4411 ORDER 2032 37 42 1 50 0
4413 ORDER 2033 41 36 43 50 1
4414 ORDER 2034 6 29 61 49 1
4415 ORDER 2035 60 38 34 50 0
4416 BLOCK 9 5
4418 CANCEL 2021
4419 ORDER 2036 16 3 2 3 0
4421 BLOCK 52 1
4422 ORDER 2037 56 29 51 50 0
4424 ORDER 2038 10 23 2 13 0
4427 ORDER 2039 60 30 1 9 1
4429 ORDER 2040 50 6 2 28 0
4430 ORDER 2041 12 32 14 49 1
4431 ORDER 2042 49 47 58 50 0
4436 BLOCK 22 11
4439 BLOCK 58 50
4440 ORDER 2043 59 30 1 34 0
4443 ORDER 2044 42 18 1 44 1
4446 BLOCK 14 22
4447 ORDER 2045 20 38 2 46 0
4448 UNBLOCK 53 29
4450 ORDER 2046 9 20 2 2 1
4451 ORDER 2047 18 38 40 49 2
4456 ORDER 2048 46 20 56 49 2
4457 ORDER 2049 59 21 1 11 1
4460 ORDER 2050 28 47 2 25 0
4462 ORDER 2051 56 9 44 50 0
4466 ORDER 2052 39 12 3 49 0
4468 ORDER 2053 14 18 26 50 1
4470 ORDER 2054 32 3 34 49 1
4472 UNBLOCK 58 50
4473 ORDER 2055 60 36 35 50 0
4475 ORDER 2056 19 15 2 36 0
4476 ORDER 2057 45 12 36 50 2
4478 ORDER 2058 34 8 3 35 1
4480 ORDER 2059 50 47 54 50 2
4482 UNBLOCK 9 5
4484 ORDER 2060 13 20 10 50 0
4484 BLOCK 19 50
4486 ORDER 2061 50 12 3 10 0
4491 ORDER 2062 41 14 2 36 0
4492 ORDER 2063 12 27 2 44 2
4493 BLOCK 11 39
4496 ORDER 2064 30 41 14 50 1
4497 ORDER 2065 12 8 2 43 0
4498 ORDER 2066 24 18 38 50 0
4499 ORDER 2067 60 12 1 15 0
4501 ORDER 2068 30 8 21 49 0
4503 ORDER 2069 32 33 28 50 1
4504 BLOCK 54 16
4507 ORDER 2070 25 14 24 50 0
4510 ORDER 2071 30 32 64 49 0
4512 ORDER 2072 27 9 2 48 0
4513 UNBLOCK 35 42
4513 ORDER 2073 10 5 17 49 0
4514 ORDER 2074 62 17 68 50 2
4516 ORDER 2075 8 20 40 50 1
4518 ORDER 2076 10 15 1 38 0
4522 ORDER 2077 61 47 3 19 1
4524 ORDER 2078 8 20 3 19 3
4524 BLOCK 59 29
4533 ORDER 2079 54 42 1 9 2
4534 ORDER 2080 47 8 1 9 1
4535 ORDER 2081 63 8 2 18 2
4537 ORDER 2082 40 11 59 49 1
4538 UNBLOCK 14 22
4538 UNBLOCK 19 50
4540 ORDER 2083 56 3 32 50 0
4543 ORDER 2084 54 47 2 23 0
4543 BLOCK 6 18
4544 ORDER 2085 44 9 1 33 0
4547 UNBLOCK 44 25
4548 ORDER 2086 31 36 58 49 2
4549 UNBLOCK 11 39
4549 ORDER 2087 63 24 31 50 3
4550 ORDER 2088 17 41 2 49 0
4553 ORDER 2089 29 27 43 50 0
4557 ORDER 2090 38 5 1 3 0
4560 ORDER 2091 26 17 21 50 1
4564 ORDER 2092 62 45 2 23 0
4565 ORDER 2093 27 33 20 49 0
4566 ORDER 2094 9 39 4 50 0
4567 ORDER 2095 60 30 1 33 0
4568 ORDER 2096 10 9 1 21 0
4569 UNBLOCK 52 1
4570 BLOCK 12 30
4571 BLOCK 15 14
4572 ORDER 2097 38 14 3 19 1
4572 BLOCK 31 48
4573 ORDER 2098 11 14 1 21 1
4575 ORDER 2099 55 11 66 49 0
4576 ORDER 2100 14 20 3 3 1
4578 ORDER 2101 16 13 19 50 1
4579 ORDER 2102 39 14 1 30 0
4581 ORDER 2103 46 23 2 30 0
4582 ORDER 2104 13 20 3 10 0
4584 UNBLOCK 22 11
4589 ORDER 2105 17 5 3 11 0
4590 ORDER 2106 19 21 2 42 2
4591 UNBLOCK 6 18
4593 ORDER 2107 6 21 2 15 1
4594 ORDER 2108 41 24 41 49 0
4594 BLOCK 18 27
4595 ORDER 2109 28 17 62 50 1
4596 UNBLOCK 54 16
4596 ORDER 2110 39 26 49 50 0
4597 ORDER 2111 54 35 35 50 0
4598 ORDER 2112 56 32 1 4 0
4599 ORDER 2113 56 33 29 50 1
4601 ORDER 2114 45 32 23 50 0
4602 BLOCK 33 40
4603 ORDER 2115 32 18 1 32 0
4606 ORDER 2116 19 47 17 49 1
4607 ORDER 2117 39 44 35 50 0
4608 ORDER 2118 57 5 3 4 1
4609 UNBLOCK 59 29
4612 ORDER 2119 54 26 44 50 1
4613 ORDER 2120 17 17 26 50 1
4616 ORDER 2121 35 47 17 49 0
4617 UNBLOCK 31 48
4618 BLOCK 23 17
4619 ORDER 2122 55 29 3 3 0
4621 ORDER 2123 58 23 40 50 0
4622 CANCEL 2049
4623 CANCEL 2102
4623 ORDER 2124 43 3 2 37 0
4624 ORDER 2125 63 14 46 50 2
4625 ORDER 2126 10 5 1 3 0
4627 ORDER 2127 17 36 2 13 1
4629 ORDER 2128 37 35 31 49 0
4632 UNBLOCK 12 30
4635 ORDER 2129 34 32 3 24 0
4636 ORDER 2130 30 29 3 4 2
4639 ORDER 2131 53 39 3 36 0
4640 ORDER 2132 54 41 3 24 1
4641 ORDER 2133 13 26 59 50 0
4643 ORDER 2134 41 45 1 26 0
4644 CANCEL 2076
4644 ORDER 2135 53 30 11 50 0
4647 CANCEL 2089
4650 CANCEL 2122
4651 ORDER 2136 44 41 3 25 2
4653 ORDER 2137 29 42 1 13 0
4654 ORDER 2138 22 45 25 49 0
4655 ORDER 2139 51 38 1 8 2
4657 ORDER 2140 63 23 2 2 0
4662 UNBLOCK 15 14
4663 ORDER 2141 21 18 2 20 3
4664 ORDER 2142 48 44 35 50 3
4667 ORDER 2143 16 39 2 31 0
4670 ORDER 2144 61 9 23 49 1
4671 ORDER 2145 43 32 44 50 1
4672 CANCEL 2084
4672 ORDER 2146 21 14 1 20 1
4673 ORDER 2147 52 45 66 50 0
4675 ORDER 2148 58 29 2 16 1
4679 ORDER 2149 35 11 3 16 0
4684 ORDER 2150 8 9 59 49 1
4685 ORDER 2151 29 38 65 49 1
4686 ORDER 2152 59 20 3 21 0
4687 ORDER 2153 54 29 12 49 1
4688 ORDER 2154 46 21 19 49 0
4689 ORDER 2155 52 5 3 4 0
4692 ORDER 2156 38 23 18 49 1
4693 ORDER 2157 38 5 46 49 1
4694 BLOCK 27 33
4695 ORDER 2158 28 20 16 50 0
4697 ORDER 2159 30 8 40 49 3
4698 ORDER 2160 41 32 3 50 1
4700 ORDER 2161 28 36 3 29 2
4701 ORDER 2162 57 39 53 50 3
4702 ORDER 2163 55 33 1 3 0
4703 ORDER 2164 22 44 3 18 0
4705 ORDER 2165 49 33 3 46 1
4707 ORDER 2166 19 8 1 4 0
4708 ORDER 2167 45 18 17 50 0
4710 ORDER 2168 28 36 3 5 0
4711 ORDER 2169 18 36 43 50 0
4714 BLOCK 61 9
4717 ORDER 2170 36 6 2 49 0
4719 ORDER 2171 56 44 1 50 1
4720 ORDER 2172 56 8 16 49 0
4722 ORDER 2173 21 30 9 50 1
4725 ORDER 2174 10 21 33 50 1
4726 BLOCK 54 36
4727 UNBLOCK 18 27
4727 ORDER 2175 58 20 26 49 0
4729 ORDER 2176 54 29 2 47 2
4729 BLOCK 8 21
4730 UNBLOCK 23 17
4730 ORDER 2177 24 45 2 48 0
4733 UNBLOCK 33 40
4733 ORDER 2178 44 17 3 5 1
4736 ORDER 2179 17 15 52 50 1
4736 BLOCK 18 1
4737 ORDER 2180 29 39 3 6 0
4738 ORDER 2181 56 27 20 49 0
4739 ORDER 2182 14 14 2 8 0
4740 CANCEL 2182
4740 ORDER 2183 48 27 2 22 0
4742 ORDER 2184 45 5 1 14 1
4745 CANCEL 2144
4745 ORDER 2185 33 12 2 18 1
4748 ORDER 2186 10 17 61 49 0
4749 ORDER 2187 58 45 34 50 1
4750 ORDER 2188 50 6 2 12 0
4751 ORDER 2189 65 29 30 50 1
4752 ORDER 2190 24 47 1 4 0
4755 ORDER 2191 7 18 1 13 0
4758 ORDER 2192 11 32 2 46 0
4759 ORDER 2193 57 17 2 15 0
4760 ORDER 2194 48 11 5 49 1
4763 ORDER 2195 60 39 16 49 0
4764 ORDER 2196 36 36 1 8 0
4765 ORDER 2197 62 27 2 19 0
4767 UNBLOCK 54 36
4768 ORDER 2198 18 45 3 23 1
4769 ORDER 2199 14 32 66 49 0
4770 ORDER 2200 58 6 26 50 0
4773 ORDER 2201 36 23 49 50 0
4775 ORDER 2202 45 24 2 47 0
4776 ORDER 2203 55 6 2 25 1
4778 ORDER 2204 61 36 2 46 0
4779 ORDER 2205 62 27 3 41 1
4780 ORDER 2206 38 3 49 49 0
4781 ORDER 2207 27 12 45 50 0
4782 UNBLOCK 61 9
4783 ORDER 2208 26 3 3 47 0
4784 ORDER 2209 26 17 47 49 0
4785 ORDER 2210 23 39 1 3 0
4785 BLOCK 25 50
4787 UNBLOCK 18 1
4787 ORDER 2211 40 39 1 37 2
4788 UNBLOCK 8 21
4788 ORDER 2212 42 20 7 50 3
4791 ORDER 2213 36 39 3 14 1
4794 ORDER 2214 26 21 1 20 0
4796 ORDER 2215 56 44 1 35 0
4797 ORDER 2216 23 33 21 49 0
4798 ORDER 2217 51 30 2 29 0
4801 ORDER 2218 46 24 1 18 0
4802 ORDER 2219 58 12 40 49 0
4807 ORDER 2220 24 12 3 36 1
4808 ORDER 2221 62 38 65 50 0
4809 ORDER 2222 53 26 20 49 0
4813 ORDER 2223 41 5 5 49 2
4815 ORDER 2224 21 27 3 29 1
4816 ORDER 2225 51 32 54 50 2
4818 ORDER 2226 56 17 10 49 0
4819 ORDER 2227 39 6 3 28 0
4822 ORDER 2228 9 33 3 13 2
4824 ORDER 2229 9 11 2 37 0
4825 ORDER 2230 30 36 27 49 0
4826 ORDER 2231 11 41 3 41 1
4828 UNBLOCK 27 33
4828 ORDER 2232 7 29 2 23 0
4829 ORDER 2233 12 21 3 18 2
4830 ORDER 2234 35 9 2 41 0
4831 BLOCK 17 44
4832 BLOCK 41 15
4833 ORDER 2235 62 32 2 3 0
4835 ORDER 2236 45 40 59 49 1
4837 ORDER 2237 12 27 3 46 3
4840 ORDER 2238 65 12 2 17 1
4841 ORDER 2239 40 20 3 2 0
4842 BLOCK 58 2
4843 ORDER 2240 27 29 2 10 1
4845 ORDER 2241 35 12 37 49 0
4846 ORDER 2242 28 22 2 11 1
4847 ORDER 2243 22 29 2 4 3
4849 ORDER 2244 42 45 65 49 0
4851 ORDER 2245 19 17 49 50 0
4852 ORDER 2246 22 45 48 50 1
4853 ORDER 2247 16 35 2 5 1
4854 CANCEL 2185
4854 ORDER 2248 50 35 29 49 0
4857 ORDER 2249 56 39 30 49 1
4862 ORDER 2250 22 20 2 8 1
4863 ORDER 2251 43 23 56 50 1
4864 ORDER 2252 58 47 3 13 0
4865 ORDER 2253 42 15 1 9 0
4866 ORDER 2254 6 8 2 7 0
4867 UNBLOCK 25 50
4867 ORDER 2255 37 44 13 49 2
4868 ORDER 2256 36 41 1 32 0
4869 ORDER 2257 30 42 50 50 1
4871 ORDER 2258 38 14 67 49 0
4872 ORDER 2259 59 41 67 49 0
4873 ORDER 2260 61 33 30 50 0
4874 ORDER 2261 49 29 3 8 1
4875 ORDER 2262 11 9 3 48 0
4880 ORDER 2263 53 45 3 9 0
4882 UNBLOCK 41 15
4887 UNBLOCK 58 2
4887 ORDER 2264 38 11 49 50 3
4888 ORDER 2265 26 43 49 49 1
4889 ORDER 2266 28 5 1 7 0
4891 ORDER 2267 51 47 3 20 1
4892 ORDER 2268 37 8 12 49 0
4894 ORDER 2269 38 9 13 50 0
4896 ORDER 2270 23 18 33 50 0
4899 ORDER 2271 44 14 46 50 0
4903 ORDER 2272 21 8 2 45 2
4903 BLOCK 34 23
4907 ORDER 2273 65 8 1 35 0
4908 ORDER 2274 55 41 2 26 1
4908 CANCEL 102274
4909 ORDER 2275 40 32 18 49 2
4910 ORDER 2276 31 8 62 49 0
4911 ORDER 2277 7 12 55 49 0
4912 ORDER 2278 35 15 1 29 1
4913 ORDER 2279 35 3 3 18 0
4916 ORDER 2280 53 32 2 37 0
4919 ORDER 2281 34 27 20 49 0
4920 ORDER 2282 15 41 47 49 0
4921 ORDER 2283 26 14 33 50 0
4922 ORDER 2284 25 44 3 27 0
4923 ORDER 2285 45 35 59 50 0
4923 BLOCK 30 2
4925 ORDER 2286 41 32 51 49 1
4926 ORDER 2287 26 17 3 7 0
4928 ORDER 2288 10 33 1 32 1
4930 ORDER 2289 28 18 1 30 0
4934 ORDER 2290 12 33 47 50 1
4936 ORDER 2291 35 12 63 50 0
4938 ORDER 2292 8 9 2 3 0
4939 ORDER 2293 12 33 65 49 2
4940 ORDER 2294 18 18 1 16 1
4945 ORDER 2295 37 20 2 37 0
4946 ORDER 2296 11 12 8 50 2
4951 ORDER 2297 10 35 2 36 0
4952 ORDER 2298 17 14 42 50 0
4953 ORDER 2299 25 14 3 3 0
4954 UNBLOCK 17 44
4956 ORDER 2300 20 18 3 11 1
4957 ORDER 2301 50 14 4 50 3
4960 ORDER 2302 56 42 3 41 2
4961 ORDER 2303 33 42 68 49 3
4962 ORDER 2304 16 15 2 11 0
4963 ORDER 2305 7 45 2 22 0
4965 ORDER 2306 45 35 1 41 0
4966 ORDER 2307 44 44 2 14 1
4968 ORDER 2308 20 29 1 48 2
4971 ORDER 2309 35 21 28 49 0
4972 ORDER 2310 37 5 2 21 0
4973 ORDER 2311 16 44 29 50 1
4975 CANCEL 2242
4975 ORDER 2312 38 35 62 50 1
4975 BLOCK 5 45
4977 UNBLOCK 30 2
4978 ORDER 2313 8 27 2 38 1
4979 ORDER 2314 29 3 17 49 1
4981 ORDER 2315 6 36 1 31 0
4986 ORDER 2316 56 17 1 39 0
4991 CANCEL 2258
4993 ORDER 2317 51 38 67 49 0
4993 BLOCK 51 35
4995 ORDER 2318 29 11 1 19 2
4996 ORDER 2319 26 38 35 50 0
4997 ORDER 2320 31 21 1 50 0
5002 ORDER 2321 28 18 64 50 0
5003 ORDER 2322 42 26 3 6 0
5005 ORDER 2323 16 8 2 10 0
5007 ORDER 2324 18 11 1 28 0
5010 ORDER 2325 39 33 3 20 0
5011 ORDER 2326 49 6 1 29 0
5012 ORDER 2327 55 15 1 39 3
5013 UNBLOCK 5 45
5013 ORDER 2328 42 33 41 49 0
5015 ORDER 2329 64 9 35 49 1
5016 ORDER 2330 50 33 3 17 0
5017 ORDER 2331 11 24 65 50 0
5018 ORDER 2332 12 30 3 11 1
5019 CANCEL 2260
5019 ORDER 2333 41 6 1 6 2
5020 CANCEL 2273
5021 ORDER 2334 27 20 1 3 0
5022 ORDER 2335 40 20 23 50 3
5023 ORDER 2336 37 42 1 23 3
5024 ORDER 2337 50 32 3 45 0
5025 ORDER 2338 23 8 1 48 2
5026 ORDER 2339 53 30 1 34 0
5029 ORDER 2340 18 32 1 35 0
5030 ORDER 2341 30 30 44 50 0
5033 UNBLOCK 34 23
5035 ORDER 2342 63 3 1 30 0
5039 ORDER 2343 8 15 60 50 0
5040 ORDER 2344 47 15 1 39 0
5041 ORDER 2345 42 15 26 50 0
5043 ORDER 2346 47 5 8 49 1
5045 BLOCK 51 50
5048 ORDER 2347 7 27 16 49 1
5049 ORDER 2348 32 41 2 31 0
5052 ORDER 2349 12 38 3 29 0
5058 ORDER 2350 41 18 4 49 2
5059 ORDER 2351 6 12 2 15 0
5060 ORDER 2352 46 9 3 24 0
5063 ORDER 2353 52 23 1 7 0
5065 ORDER 2354 6 26 53 50 0
5067 ORDER 2355 64 41 43 49 1
5068 ORDER 2356 29 44 35 49 1
5071 ORDER 2357 24 32 46 50 0
5072 ORDER 2358 40 29 52 49 0
5072 BLOCK 43 11
5077 ORDER 2359 34 20 32 49 1
5078 ORDER 2360 39 30 3 22 0
5079 ORDER 2361 49 27 2 31 0
5083 ORDER 2362 18 24 3 47 2
5084 ORDER 2363 28 33 34 49 1
5086 ORDER 2364 61 21 1 18 1
5088 ORDER 2365 33 44 2 14 2
5091 ORDER 2366 40 32 10 49 0
5097 ORDER 2367 44 21 36 49 1
5098 ORDER 2368 11 5 1 35 1
5098 BLOCK 26 48
5101 CANCEL 2293
5101 ORDER 2369 18 38 2 38 0
5102 ORDER 2370 50 8 13 49 0
5103 ORDER 2371 42 32 40 50 0
5104 ORDER 2372 57 36 64 49 0
5106 CANCEL 2353
5107 ORDER 2373 40 17 36 50 0
5108 ORDER 2374 64 35 2 22 1
5109 BLOCK 30 2
5111 ORDER 2375 45 32 45 49 2
5114 ORDER 2376 27 35 1 47 1
5115 CANCEL 2364
5116 ORDER 2377 49 35 58 49 0
5121 ORDER 2378 40 17 39 49 2
5122 CANCEL 2338
5122 ORDER 2379 38 24 32 49 0
5123 ORDER 2380 56 11 1 12 2
5124 ORDER 2381 45 36 31 49 0
5127 ORDER 2382 44 45 1 26 0
5128 ORDER 2383 31 27 1 41 0
5129 BLOCK 57 23
5130 ORDER 2384 36 11 10 49 0
5132 ORDER 2385 52 47 3 9 0
5133 ORDER 2386 28 9 44 50 1
5134 ORDER 2387 61 22 28 49 0
5135 CANCEL 2298
5135 ORDER 2388 19 14 1 39 0
5136 ORDER 2389 29 33 1 31 2
5137 UNBLOCK 51 50
5137 ORDER 2390 34 12 3 21 0
5139 ORDER 2391 56 41 1 22 0
5140 UNBLOCK 51 35
5140 ORDER 2392 27 24 3 4 2
5141 ORDER 2393 37 39 41 50 0
5147 ORDER 2394 27 36 28 50 0
5151 ORDER 2395 20 39 68 50 2
5153 ORDER 2396 6 21 40 50 0
5156 ORDER 2397 59 17 1 47 0
5159 ORDER 2398 11 3 67 50 3
5160 BLOCK 30 16
5161 ORDER 2399 33 12 9 50 1
5166 ORDER 2400 14 44 24 49 3
5167 ORDER 2401 52 33 11 49 0
5168 UNBLOCK 43 11
5170 UNBLOCK 26 48
5172 ORDER 2402 19 29 65 50 2
5174 ORDER 2403 36 41 20 49 1
5175 ORDER 2404 7 17 47 50 0
5181 ORDER 2405 59 44 2 38 0
5182 ORDER 2406 62 33 3 42 3
5184 ORDER 2407 42 30 2 42 0
5186 ORDER 2408 37 14 3 46 0
5187 CANCEL 2374
5187 ORDER 2409 61 45 2 40 1
5188 ORDER 2410 21 44 3 29 0
5189 ORDER 2411 60 35 55 50 0
5190 ORDER 2412 48 15 44 50 0
5191 ORDER 2413 42 29 47 49 0
5192 CANCEL 2373
5194 ORDER 2414 35 47 3 25 0
5197 ORDER 2415 30 8 42 50 0
5199 ORDER 2416 33 17 24 50 0
5200 ORDER 2417 64 14 53 50 0
5200 BLOCK 64 20
5201 ORDER 2418 7 18 51 49 0
5202 CANCEL 2401
5203 ORDER 2419 31 26 43 49 0
5204 ORDER 2420 63 29 21 50 0
5207 ORDER 2421 50 21 64 50 0
5208 ORDER 2422 9 12 1 5 0
5211 BLOCK 30 49
5212 UNBLOCK 30 16
5213 ORDER 2423 14 18 2 44 1
5213 BLOCK 65 15
5215 ORDER 2424 28 39 1 13 0
5217 ORDER 2425 63 3 3 33 1
5224 ORDER 2426 43 15 19 50 1
5224 CANCEL 102426
5226 ORDER 2427 62 20 32 49 1
5227 ORDER 2428 23 17 41 50 0
5228 ORDER 2429 62 45 2 22 1
5229 ORDER 2430 12 9 2 49 1
5231 ORDER 2431 64 18 2 31 0
5232 ORDER 2432 28 42 1 27 1
5233 ORDER 2433 48 17 58 49 0
5236 ORDER 2434 53 5 1 7 2
5238 BLOCK 38 26
5239 ORDER 2435 11 8 1 27 1
5240 UNBLOCK 30 2
5240 ORDER 2436 30 39 1 3 0
5241 ORDER 2437 54 29 51 50 1
5243 ORDER 2438 6 39 36 49 1
5244 ORDER 2439 36 44 2 20 1
5245 CANCEL 2389
5245 CANCEL 102439
5246 ORDER 2440 24 32 3 50 1
5247 ORDER 2441 44 44 2 31 0
5252 ORDER 2442 19 42 1 28 1
5255 ORDER 2443 14 17 2 27 3
5257 ORDER 2444 30 8 63 49 1
5258 ORDER 2445 18 23 3 2 0
5259 ORDER 2446 35 26 3 33 0
5259 BLOCK 22 23
5260 ORDER 2447 50 15 3 50 2
5261 UNBLOCK 64 20
5261 ORDER 2448 31 36 8 49 0
5262 ORDER 2449 9 18 2 24 2
5263 UNBLOCK 57 23
5269 ORDER 2450 19 11 8 49 1
5273 ORDER 2451 27 26 1 28 0
5275 ORDER 2452 61 30 3 50 2
5278 CANCEL 2398
5279 ORDER 2453 27 15 2 3 0
5280 ORDER 2454 16 41 1 13 0
5283 ORDER 2455 58 21 31 50 2
5285 ORDER 2456 35 14 1 12 3
5285 BLOCK 61 23
5289 ORDER 2457 33 18 68 49 0
5293 ORDER 2458 42 8 3 22 0
5296 ORDER 2459 39 17 9 50 0
5300 ORDER 2460 59 30 2 13 0
5305 ORDER 2461 17 36 3 23 0
5306 ORDER 2462 28 32 42 49 2
5309 ORDER 2463 31 35 65 50 1
5311 UNBLOCK 65 15
5312 ORDER 2464 19 8 24 49 0
5312 BLOCK 46 8
5315 ORDER 2465 63 21 1 4 0
5321 ORDER 2466 29 27 19 49 0
5322 ORDER 2467 9 26 2 45 0
5325 ORDER 2468 20 18 53 50 0
5329 ORDER 2469 49 18 3 41 3
5330 ORDER 2470 34 29 2 19 1
5331 ORDER 2471 58 32 20 49 0
5332 ORDER 2472 46 42 51 50 0
5333 ORDER 2473 7 35 1 23 1
5335 ORDER 2474 61 5 23 49 0
5339 ORDER 2475 8 8 68 50 0
5340 ORDER 2476 11 39 68 50 1
5342 ORDER 2477 38 47 2 27 0
5344 ORDER 2478 50 21 17 49 0
5345 BLOCK 12 45
5346 CANCEL 2469
5347 ORDER 2479 24 24 3 18 0
5348 BLOCK 48 2
5349 CANCEL 2439
5351 ORDER 2480 53 18 67 49 1
5354 UNBLOCK 22 23
5354 UNBLOCK 46 8
5355 UNBLOCK 30 49
5357 CANCEL 2448
5357 ORDER 2481 18 23 14 49 1
5358 ORDER 2482 34 12 1 34 0
5364 ORDER 2483 20 23 2 44 2
5367 ORDER 2484 38 26 1 37 1
5369 ORDER 2485 18 15 1 44 0
5371 ORDER 2486 37 33 64 50 0
5372 ORDER 2487 22 20 45 49 0
5373 ORDER 2488 29 23 3 38 0
5379 UNBLOCK 38 26
5379 ORDER 2489 17 44 1 49 0
5381 ORDER 2490 37 39 1 19 1
5385 ORDER 2491 54 3 3 8 0
5387 ORDER 2492 61 17 3 42 0
5388 ORDER 2493 36 45 38 49 1
5389 UNBLOCK 61 23
5389 UNBLOCK 48 2
5389 ORDER 2494 15 29 19 50 0
5390 ORDER 2495 39 24 20 49 0
5393 ORDER 2496 11 39 2 15 0
5399 ORDER 2497 32 45 60 50 0
5401 ORDER 2498 40 44 2 19 0
5403 ORDER 2499 46 26 3 32 3
5404 ORDER 2500 27 8 9 50 1
5406 ORDER 2501 25 3 39 50 1
5411 ORDER 2502 57 45 2 8 0
5413 ORDER 2503 27 3 61 50 0
5414 ORDER 2504 51 6 41 49 0
5415 ORDER 2505 40 44 1 4 1
5416 ORDER 2506 57 41 3 2 0
5417 ORDER 2507 34 27 1 44 0
5418 ORDER 2508 52 45 2 45 0
5419 ORDER 2509 60 30 1 17 3
5421 ORDER 2510 51 3 19 50 0
5423 ORDER 2511 52 33 2 4 0
5424 ORDER 2512 26 36 2 33 0
5425 ORDER 2513 12 21 2 26 2
5430 ORDER 2514 50 18 16 50 0
5431 ORDER 2515 10 12 47 50 0
5433 ORDER 2516 29 42 53 50 1
5437 BLOCK 52 29
5438 ORDER 2517 7 24 47 49 0
5440 ORDER 2518 9 36 44 50 0
5441 ORDER 2519 63 32 1 36 0
5442 ORDER 2520 43 45 66 50 1
5443 ORDER 2521 62 11 3 29 1
5444 CANCEL 2466
5445 ORDER 2522 26 11 1 21 1
5449 ORDER 2523 12 36 53 49 2
5449 CANCEL 102523
5452 UNBLOCK 12 45
5454 ORDER 2524 8 45 48 49 1
5455 ORDER 2525 28 45 35 49 0
5456 ORDER 2526 38 32 62 49 1
5459 ORDER 2527 18 26 58 49 1
5460 ORDER 2528 50 38 2 14 0
5463 ORDER 2529 16 35 9 49 1
5465 ORDER 2530 53 39 22 49 0
5466 ORDER 2531 62 45 41 50 0
5467 ORDER 2532 38 27 3 22 1
5472 ORDER 2533 7 29 58 49 1
5473 ORDER 2534 18 9 29 49 1
5474 CANCEL 2503
5474 ORDER 2535 23 15 3 49 0
5477 ORDER 2536 41 36 16 50 0
5479 ORDER 2537 13 23 2 38 2
5480 CANCEL 2463
5480 ORDER 2538 50 30 33 50 0
5482 ORDER 2539 40 35 2 49 0
5484 BLOCK 59 8
5486 CANCEL 2460
5486 ORDER 2540 12 3 9 49 0
5487 ORDER 2541 40 36 1 43 1
5488 ORDER 2542 50 32 65 49 0
5489 ORDER 2543 18 29 2 35 0
5492 ORDER 2544 62 3 58 50 0
5494 ORDER 2545 60 36 52 50 1
5496 ORDER 2546 10 33 32 50 0
5496 BLOCK 39 17
5497 ORDER 2547 64 27 1 2 0
5502 ORDER 2548 63 41 18 49 1
5510 ORDER 2549 42 17 2 23 0
5511 ORDER 2550 28 26 1 34 0
5514 ORDER 2551 63 20 68 49 1
5515 ORDER 2552 13 20 2 10 2
5517 ORDER 2553 56 30 27 49 0
5519 ORDER 2554 63 39 2 23 2
5520 ORDER 2555 46 6 13 50 0
5522 ORDER 2556 14 14 8 49 0
5523 ORDER 2557 44 42 45 49 0
5524 ORDER 2558 16 39 3 24 0
5525 ORDER 2559 9 23 29 49 0
5526 CANCEL 2500
5526 ORDER 2560 16 14 3 26 0
5526 BLOCK 6 35
5528 UNBLOCK 52 29
5530 BLOCK 33 8
5531 ORDER 2561 47 8 3 8 0
5533 ORDER 2562 26 41 3 7 0
5535 ORDER 2563 55 9 1 16 2
5538 UNBLOCK 59 8
5539 ORDER 2564 58 14 42 49 1
5540 ORDER 2565 12 9 11 49 0
5546 ORDER 2566 30 30 52 50 1
5549 ORDER 2567 54 23 1 22 0
5551 ORDER 2568 51 42 1 4 0
5552 ORDER 2569 13 21 41 50 0
5554 ORDER 2570 38 23 34 50 0
5557 ORDER 2571 60 39 2 50 2
5558 ORDER 2572 52 6 1 15 0
5559 ORDER 2573 31 17 2 40 0
5560 ORDER 2574 17 21 3 43 0
5562 BLOCK 54 23
5564 BLOCK 20 44
5566 ORDER 2575 26 41 19 50 0
5567 ORDER 2576 46 18 1 23 0
5569 ORDER 2577 62 9 15 50 0
5570 ORDER 2578 17 39 45 49 0
5573 ORDER 2579 20 44 1 12 0
5574 ORDER 2580 52 21 3 32 1
5575 UNBLOCK 33 8
5575 ORDER 2581 56 36 4 50 0
5577 ORDER 2582 47 39 2 32 0
5579 ORDER 2583 12 27 10 49 0
5581 ORDER 2584 57 38 11 50 1
5582 ORDER 2585 35 42 3 10 0
5585 ORDER 2586 55 24 3 46 2
5586 ORDER 2587 44 44 1 43 0
5587 ORDER 2588 50 35 3 22 1
5591 ORDER 2589 48 15 21 49 0
5592 ORDER 2590 53 35 1 50 0
5593 ORDER 2591 61 38 3 5 2
5601 ORDER 2592 34 30 2 10 3
5603 ORDER 2593 41 35 2 22 1
5609 ORDER 2594 15 41 3 27 0
5610 ORDER 2595 7 3 1 21 0
5613 ORDER 2596 51 17 2 5 0
5614 ORDER 2597 26 39 17 49 2
5615 ORDER 2598 54 11 15 49 0
5616 ORDER 2599 39 6 59 50 2
5618 ORDER 2600 10 24 39 50 1
5619 ORDER 2601 38 35 3 41 2
5620 ORDER 2602 48 11 1 9 0
5621 UNBLOCK 39 17
5623 UNBLOCK 6 35
5624 ORDER 2603 9 12 1 30 1
5625 ORDER 2604 26 44 1 6 2
5626 ORDER 2605 24 12 40 50 0
5629 ORDER 2606 9 18 46 50 2
5631 ORDER 2607 25 32 3 15 0
5632 ORDER 2608 48 30 1 9 2
5634 ORDER 2609 10 30 3 44 0
5635 ORDER 2610 19 47 60 50 0
5636 UNBLOCK 54 23
5636 ORDER 2611 57 42 1 46 1
5637 ORDER 2612 61 23 2 50 1
5639 ORDER 2613 58 38 1 38 3
5640 ORDER 2614 37 26 3 50 0
5645 ORDER 2615 40 44 1 38 0
5649 ORDER 2616 32 35 3 37 1
5650 UNBLOCK 20 44
5653 ORDER 2617 58 39 37 49 2
5656 ORDER 2618 32 18 2 21 0
5658 ORDER 2619 64 26 1 48 3
5661 ORDER 2620 22 24 29 49 2
5662 ORDER 2621 65 41 3 24 1
5664 ORDER 2622 9 3 3 48 0
5666 ORDER 2623 28 23 52 50 2
5669 CANCEL 2586
5673 ORDER 2624 53 32 10 49 2
5675 ORDER 2625 9 35 2 33 2
5676 ORDER 2626 10 8 22 50 0
5677 ORDER 2627 7 9 2 23 0
5680 ORDER 2628 21 20 1 22 0
5682 ORDER 2629 39 38 45 49 0
5683 ORDER 2630 46 12 53 50 1
5684 ORDER 2631 21 23 3 33 0
5687 ORDER 2632 46 3 66 49 0
5687 BLOCK 25 18
5693 ORDER 2633 18 26 29 50 1
5695 ORDER 2634 51 15 59 49 0
5701 ORDER 2635 49 41 65 49 0
5702 ORDER 2636 60 20 1 35 3
5704 ORDER 2637 11 14 2 21 0
5705 ORDER 2638 27 36 3 38 0
5706 ORDER 2639 21 21 40 49 1
5707 ORDER 2640 43 32 2 5 1
5708 ORDER 2641 22 45 34 50 2
5709 ORDER 2642 47 17 3 4 0
5712 ORDER 2643 10 46 2 11 1
5714 ORDER 2644 64 41 45 49 1
5719 ORDER 2645 59 30 41 49 1
5720 ORDER 2646 23 11 2 36 0
5721 ORDER 2647 15 6 3 17 0
5724 ORDER 2648 29 26 3 36 0
5724 BLOCK 7 21
5727 ORDER 2649 10 39 22 50 1
5733 ORDER 2650 38 8 14 50 0
5736 UNBLOCK 25 18
5736 ORDER 2651 27 23 8 50 0
5738 ORDER 2652 16 6 13 49 1
5739 ORDER 2653 41 5 1 20 0
5748 ORDER 2654 48 33 2 25 0
5750 ORDER 2655 26 38 10 49 0
5753 ORDER 2656 38 26 40 49 0
5754 ORDER 2657 39 27 2 49 1
5758 ORDER 2658 11 23 1 14 2
5759 ORDER 2659 24 35 3 17 0
5760 ORDER 2660 55 24 15 49 0
5762 ORDER 2661 21 23 36 50 1
5767 ORDER 2662 47 27 2 11 1
5768 ORDER 2663 20 6 3 29 0
5772 ORDER 2664 41 27 2 30 0
5776 ORDER 2665 19 27 38 49 1
5779 ORDER 2666 26 46 1 15 1
5781 ORDER 2667 63 6 36 50 0
5782 ORDER 2668 42 30 3 19 0
5783 ORDER 2669 65 39 2 41 3
5785 ORDER 2670 10 45 56 50 2
5790 ORDER 2671 26 16 59 50 1
5794 CANCEL 2656
5797 ORDER 2672 41 26 13 49 0
5798 ORDER 2673 26 17 9 49 2
5802 ORDER 2674 51 42 14 49 0
5805 ORDER 2675 46 27 3 30 3
5810 ORDER 2676 17 30 1 37 0
5812 CANCEL 2601
5816 ORDER 2677 56 18 27 50 0
5817 ORDER 2678 7 47 2 6 1
5818 ORDER 2679 29 33 3 25 0
5820 ORDER 2680 17 27 1 43 0
5822 ORDER 2681 28 15 1 11 0
5823 ORDER 2682 63 24 2 36 0
5825 ORDER 2683 39 27 2 25 0
5828 ORDER 2684 15 17 3 8 0
5830 ORDER 2685 11 20 2 3 2
5832 UNBLOCK 7 21
5832 ORDER 2686 20 5 58 49 0
5833 ORDER 2687 26 45 2 50 0
5834 ORDER 2688 54 45 1 42 1
5836 ORDER 2689 62 38 2 40 0
5838 ORDER 2690 10 23 56 49 0
5839 ORDER 2691 11 26 63 49 0
5840 CANCEL 2650
5841 ORDER 2692 38 12 3 34 0
5845 ORDER 2693 30 18 25 50 0
5846 ORDER 2694 26 47 29 49 0
5849 ORDER 2695 8 8 3 21 0
5853 ORDER 2696 33 44 24 49 0
5854 ORDER 2697 17 44 8 50 0
5855 ORDER 2698 15 12 1 13 0
5860 ORDER 2699 62 33 1 28 0
5863 ORDER 2700 31 35 3 18 2
5864 ORDER 2701 50 24 37 49 0
5865 ORDER 2702 52 21 1 46 1
5867 ORDER 2703 12 36 67 50 0
5870 CANCEL 2645
5872 ORDER 2704 44 21 2 38 0
5873 ORDER 2705 38 30 3 36 0
5875 ORDER 2706 10 47 3 27 1
5876 ORDER 2707 37 36 2 41 0
5876 BLOCK 65 15
5878 ORDER 2708 52 36 3 4 0
5879 ORDER 2709 60 39 1 44 0
5881 ORDER 2710 44 21 3 40 0
5883 ORDER 2711 34 45 3 44 0
5885 ORDER 2712 7 24 1 14 0
5888 CANCEL 102712
5889 ORDER 2713 41 20 38 49 1
5892 ORDER 2714 19 42 2 5 0
5893 ORDER 2715 46 27 40 49 1
5896 ORDER 2716 59 32 3 16 0
5897 ORDER 2717 17 39 53 49 1
5902 ORDER 2718 20 32 3 23 0
5907 ORDER 2719 34 27 2 32 0
5909 ORDER 2720 25 42 3 7 0
5913 ORDER 2721 35 45 31 50 3
5914 ORDER 2722 52 14 2 1 2
5916 ORDER 2723 10 20 2 16 1
5917 ORDER 2724 50 8 38 50 0
5918 ORDER 2725 48 26 24 49 1
5921 ORDER 2726 47 17 2 29 0
5924 ORDER 2727 25 12 17 49 0
5925 ORDER 2728 45 32 13 49 0
5926 ORDER 2729 44 44 3 37 0
5929 ORDER 2730 19 9 8 49 0
5932 ORDER 2731 49 17 20 49 0
5933 UNBLOCK 65 15
5933 ORDER 2732 56 30 3 6 0
5933 BLOCK 31 24
5934 ORDER 2733 37 5 3 24 1
5936 ORDER 2734 6 27 57 50 0
5937 BLOCK 26 8
5939 ORDER 2735 37 18 8 50 0
5939 BLOCK 42 2
5941 ORDER 2736 27 36 2 26 0
5942 ORDER 2737 29 29 1 43 1
5943 ORDER 2738 7 19 3 45 0
5945 ORDER 2739 34 12 2 30 0
5948 CANCEL 2664
5948 ORDER 2740 17 47 3 45 1
5949 ORDER 2741 9 35 3 4 1
5950 ORDER 2742 52 12 2 1 0
5952 ORDER 2743 14 45 41 49 2
5954 ORDER 2744 22 17 1 44 0
5955 ORDER 2745 52 15 1 25 1
5956 ORDER 2746 48 5 37 49 1
5957 ORDER 2747 64 21 44 49 0
5958 ORDER 2748 19 35 1 3 0
5959 ORDER 2749 14 18 2 50 1
5962 ORDER 2750 30 44 22 50 1
5965 ORDER 2751 60 35 2 37 0
5966 ORDER 2752 39 9 1 41 0
5967 ORDER 2753 40 8 1 48 0
5968 ORDER 2754 45 14 1 39 0
5969 ORDER 2755 43 3 29 49 0
5970 ORDER 2756 38 6 1 40 0
5973 UNBLOCK 26 8
5974 ORDER 2757 34 29 31 50 0
5974 BLOCK 31 46
5975 ORDER 2758 28 39 20 50 0
5976 ORDER 2759 55 33 34 49 0
5979 ORDER 2760 52 14 1 17 0
5981 ORDER 2761 44 47 1 16 0
5985 ORDER 2762 6 45 2 37 1
5987 ORDER 2763 10 45 29 50 0
5993 ORDER 2764 39 23 3 10 0
5994 ORDER 2765 6 41 36 49 0
5995 ORDER 2766 39 27 1 27 1
5996 ORDER 2767 26 5 8 49 0
5999 ORDER 2768 25 47 3 16 0
6003 BLOCK 45 5
6004 ORDER 2769 20 23 31 50 0
6005 ORDER 2770 11 32 2 40 2
6007 ORDER 2771 47 17 3 19 3
6009 ORDER 2772 27 18 3 28 3
6010 ORDER 2773 11 38 2 6 3
6011 ORDER 2774 8 33 2 20 0
6012 ORDER 2775 43 9 3 2 0
6014 ORDER 2776 32 24 13 49 0
6021 ORDER 2777 21 36 2 33 1
6022 UNBLOCK 42 2
6022 ORDER 2778 22 38 52 50 0
6024 ORDER 2779 35 39 68 49 0
6028 ORDER 2780 44 41 1 7 0
6030 ORDER 2781 28 24 1 47 0
6031 ORDER 2782 41 12 68 50 0
6032 UNBLOCK 31 24
6032 CANCEL 2747
6032 ORDER 2783 30 32 23 49 1
6043 UNBLOCK 31 46
6047 ORDER 2784 63 9 33 49 1
6048 ORDER 2785 40 39 1 27 0
6050 ORDER 2786 8 32 1 42 0
6055 ORDER 2787 51 12 2 32 0
6056 CANCEL 2749
6056 ORDER 2788 40 6 21 49 0
6057 ORDER 2789 28 3 2 50 0
6058 ORDER 2790 9 27 64 50 2
6063 ORDER 2791 63 3 2 27 0
6065 ORDER 2792 29 3 33 50 0
6068 ORDER 2793 28 17 38 49 0
6070 ORDER 2794 14 45 21 49 0
6072 ORDER 2795 6 32 1 39 0
6075 ORDER 2796 11 23 36 49 0
6076 CANCEL 2752
6076 ORDER 2797 18 33 36 50 0
6077 ORDER 2798 58 12 36 49 2
6080 ORDER 2799 41 41 1 43 0
6082 ORDER 2800 36 24 25 49 0
6084 ORDER 2801 41 14 10 50 1
6084 BLOCK 47 46
6085 ORDER 2802 43 30 37 49 0
6086 ORDER 2803 41 33 14 49 0
6089 ORDER 2804 63 27 2 26 2
6091 ORDER 2805 35 39 33 50 1
6093 ORDER 2806 9 3 1 21 0
6095 CANCEL 2797
6096 ORDER 2807 39 14 61 49 0
6097 ORDER 2808 46 11 68 50 0
6098 ORDER 2809 28 39 42 50 0
6099 ORDER 2810 54 9 1 35 3
6100 CANCEL 2808
6101 ORDER 2811 36 44 51 49 1
6102 ORDER 2812 56 26 2 49 0
6104 ORDER 2813 60 20 3 9 0
6108 ORDER 2814 25 44 63 49 0
6109 ORDER 2815 63 3 2 12 0
6111 ORDER 2816 50 15 39 49 0
6114 ORDER 2817 51 6 30 50 0
6118 ORDER 2818 7 14 39 49 0
6119 ORDER 2819 26 14 33 49 0
6122 UNBLOCK 45 5
6124 ORDER 2820 62 35 41 49 1
6125 ORDER 2821 61 45 10 50 0
6126 ORDER 2822 59 18 2 36 1
6127 ORDER 2823 15 15 9 50 0
6129 ORDER 2824 38 3 61 50 0
6130 ORDER 2825 19 41 3 10 0
6131 ORDER 2826 12 29 2 23 0
6133 ORDER 2827 50 17 20 50 2
6134 ORDER 2828 35 23 32 50 0
6135 CANCEL 2814
6135 ORDER 2829 16 5 1 22 1
6138 ORDER 2830 53 5 13 50 0
6141 ORDER 2831 51 44 2 10 0
6142 ORDER 2832 49 11 3 5 1
6148 ORDER 2833 56 8 1 22 0
6153 ORDER 2834 39 32 63 49 1
6156 ORDER 2835 22 11 2 38 0
6157 ORDER 2836 34 15 50 50 0
6159 ORDER 2837 31 39 62 49 0
6160 ORDER 2838 30 27 25 50 2
6161 ORDER 2839 45 30 38 49 0
6162 ORDER 2840 63 39 3 17 0
6166 ORDER 2841 28 42 64 50 3
6172 ORDER 2842 19 5 20 49 1
6173 ORDER 2843 28 11 3 24 0
6175 ORDER 2844 51 42 3 45 0
6176 ORDER 2845 51 15 2 50 2
6177 UNBLOCK 47 46
6177 BLOCK 36 30
6178 ORDER 2846 19 9 20 49 2
6183 ORDER 2847 16 26 37 50 0
6185 ORDER 2848 29 6 23 49 1
6186 BLOCK 61 2
6187 ORDER 2849 7 45 1 34 0
6188 ORDER 2850 49 38 2 22 1
6191 ORDER 2851 32 38 3 27 0
6192 ORDER 2852 56 14 49 49 1
6195 ORDER 2853 24 35 62 50 0
6197 ORDER 2854 49 38 3 11 1
6198 ORDER 2855 38 27 26 49 2
6206 ORDER 2856 9 6 10 49 1
6208 ORDER 2857 48 17 25 50 1
6209 ORDER 2858 28 26 3 48 1
6210 ORDER 2859 61 20 3 50 3
6212 ORDER 2860 55 24 2 29 0
6213 ORDER 2861 22 23 3 18 1
6217 ORDER 2862 38 47 35 49 0
6220 ORDER 2863 9 30 68 49 0
6222 ORDER 2864 35 21 1 34 2
6223 ORDER 2865 35 5 54 49 0
6224 BLOCK 15 44
6225 ORDER 2866 63 14 30 50 0
6228 ORDER 2867 12 39 2 31 0
6229 ORDER 2868 38 27 3 39 1
6230 ORDER 2869 58 15 2 20 1
6232 ORDER 2870 46 29 39 50 1
6233 ORDER 2871 49 38 3 9 1
6234 ORDER 2872 44 35 2 24 0
6236 CANCEL 2863
6238 UNBLOCK 36 30
6239 ORDER 2873 11 32 27 50 0
6243 ORDER 2874 7 18 68 50 2
6246 ORDER 2875 55 9 2 50 0
6248 ORDER 2876 26 27 7 49 2
6249 ORDER 2877 31 32 33 49 1
6250 CANCEL 2833
6250 ORDER 2878 40 27 3 43 2
6252 ORDER 2879 23 47 3 34 1
6254 ORDER 2880 55 26 3 2 1
6255 ORDER 2881 16 9 3 13 0
6256 ORDER 2882 61 23 9 50 1
6259 ORDER 2883 34 14 29 49 1
6260 ORDER 2884 9 41 3 38 0
6264 ORDER 2885 60 42 3 20 0
6265 ORDER 2886 52 15 1 1 2
6269 ORDER 2887 47 8 33 50 2
6271 ORDER 2888 39 41 3 12 1
6272 ORDER 2889 32 5 43 50 0
6274 ORDER 2890 27 6 1 45 0
6274 BLOCK 31 15
6276 ORDER 2891 8 24 2 18 0
6279 CANCEL 2812
6280 ORDER 2892 12 6 22 50 0
6283 ORDER 2893 55 21 1 35 2
6287 ORDER 2894 56 33 24 50 0
6289 ORDER 2895 63 24 2 31 0
6290 ORDER 2896 7 47 10 50 0
6291 ORDER 2897 24 33 2 49 0
6294 ORDER 2898 59 18 1 12 0
6295 ORDER 2899 24 26 1 17 1
6299 ORDER 2900 46 21 1 36 1
6300 ORDER 2901 64 9 1 39 0
6305 ORDER 2902 44 41 20 50 0
6307 ORDER 2903 50 29 2 33 0
6309 ORDER 2904 37 41 1 40 0
6310 ORDER 2905 54 3 2 43 3
6311 ORDER 2906 30 11 3 28 0
6312 ORDER 2907 42 24 2 19 1
6313 CANCEL 2866
6314 CANCEL 2819
6314 ORDER 2908 35 23 61 50 0
6315 CANCEL 2854
6315 ORDER 2909 8 3 3 49 0
6316 CANCEL 2818
6316 UNBLOCK 61 2
6318 ORDER 2910 7 8 3 20 0
6320 ORDER 2911 42 30 41 50 0
6322 ORDER 2912 8 17 51 49 0
6323 ORDER 2913 53 5 41 49 0
6324 CANCEL 2826
6324 ORDER 2914 10 21 1 26 0
6326 ORDER 2915 16 23 3 6 0
6329 ORDER 2916 24 35 2 11 0
6331 ORDER 2917 12 30 10 49 0
6333 ORDER 2918 11 33 47 49 0
6336 CANCEL 2900
6336 ORDER 2919 6 44 26 50 0
6338 ORDER 2920 64 27 57 50 0
6340 ORDER 2921 47 27 5 50 0
6344 ORDER 2922 53 27 67 50 2
6347 ORDER 2923 27 21 1 45 0
6349 ORDER 2924 7 24 1 34 0
6352 UNBLOCK 15 44
6352 ORDER 2925 21 35 2 47 2
6353 ORDER 2926 16 29 1 23 0
6354 ORDER 2927 38 14 3 48 0
6356 ORDER 2928 57 6 3 9 0
6358 CANCEL 2851
6360 ORDER 2929 50 17 3 35 1
6361 ORDER 2930 47 5 57 50 0
6365 ORDER 2931 31 15 56 50 1
6368 ORDER 2932 9 20 4 49 0
6370 ORDER 2933 16 27 49 50 3
6371 ORDER 2934 16 26 66 49 0
6372 ORDER 2935 35 26 65 49 0
6376 ORDER 2936 26 29 40 49 0
6378 ORDER 2937 54 41 1 36 0
6379 ORDER 2938 55 21 2 49 1
6383 ORDER 2939 8 14 1 10 1
6384 ORDER 2940 55 23 11 50 0
6385 ORDER 2941 8 38 64 49 3
6386 ORDER 2942 17 32 3 28 0
6387 ORDER 2943 38 8 1 18 0
6388 ORDER 2944 39 6 10 50 1
6390 ORDER 2945 43 35 1 26 1
6392 ORDER 2946 18 33 18 49 0
6395 UNBLOCK 31 15
6397 ORDER 2947 25 30 1 36 0
6405 ORDER 2948 56 39 3 24 2
6409 ORDER 2949 32 3 57 49 1
6413 ORDER 2950 10 36 1 45 0
6417 ORDER 2951 26 5 14 49 0
6420 ORDER 2952 46 20 13 49 0
6420 BLOCK 14 24
6421 ORDER 2953 40 20 3 40 0
6424 ORDER 2954 28 35 55 49 1
6425 ORDER 2955 61 42 1 15 0
6428 ORDER 2956 65 6 1 26 0
6432 ORDER 2957 53 33 3 34 1
6436 ORDER 2958 20 33 14 50 0
6440 ORDER 2959 41 47 57 50 0
6445 ORDER 2960 16 6 22 50 1
6448 ORDER 2961 21 9 29 50 1
6450 ORDER 2962 63 21 3 38 0
6451 ORDER 2963 23 15 43 50 1
6453 ORDER 2964 21 9 47 50 1
6454 UNBLOCK 14 24
6457 ORDER 2965 57 12 51 50 2
6458 ORDER 2966 62 15 2 33 0
6461 ORDER 2967 53 5 1 8 0
6462 ORDER 2968 46 18 3 14 1
6465 CANCEL 2926
6466 ORDER 2969 11 3 3 16 0
6467 ORDER 2970 65 38 1 15 0
6468 ORDER 2971 28 27 63 50 1
6470 ORDER 2972 44 41 1 43 0
6472 ORDER 2973 57 14 47 49 0
6474 ORDER 2974 28 11 25 49 0
6476 ORDER 2975 33 3 53 49 0
6478 ORDER 2976 8 24 1 8 0
6479 ORDER 2977 62 30 3 49 0
6482 BLOCK 35 34
6485 ORDER 2978 59 44 62 49 0
6487 BLOCK 58 39
6488 ORDER 2979 45 45 3 50 1
6490 CANCEL 2940
6491 ORDER 2980 16 23 45 49 0
6491 BLOCK 5 11
6494 ORDER 2981 30 26 1 48 0
6495 ORDER 2982 59 32 52 50 2
6498 ORDER 2983 37 14 12 49 0
6499 ORDER 2984 34 18 66 50 0
6500 ORDER 2985 59 12 20 49 3
6501 ORDER 2986 43 21 1 50 0
6503 CANCEL 2945
6503 ORDER 2987 25 17 59 50 0
6504 ORDER 2988 59 8 62 49 0
6506 ORDER 2989 46 5 39 50 1
6508 BLOCK 48 36
6511 ORDER 2990 29 8 39 49 1
6512 ORDER 2991 61 9 30 50 0
6513 ORDER 2992 50 38 15 50 0
6514 ORDER 2993 47 44 29 49 0
6516 ORDER 2994 19 45 2 3 1
6517 ORDER 2995 47 9 55 49 1
6520 ORDER 2996 15 42 3 38 1
6522 ORDER 2997 32 26 42 50 2
6523 ORDER 2998 28 11 1 13 1
6524 ORDER 2999 36 3 34 50 0
6530 CANCEL 2952
6532 ORDER 3000 10 29 2 39 0
6536 ORDER 3001 7 24 46 50 0
6538 ORDER 3002 19 15 32 49 0
6541 ORDER 3003 51 33 1 45 1
6543 ORDER 3004 19 20 42 50 1
6544 UNBLOCK 58 39
6545 ORDER 3005 52 17 1 39 0
6546 ORDER 3006 61 5 3 28 1
6547 ORDER 3007 35 26 11 49 3
6548 ORDER 3008 30 39 46 50 0
6549 ORDER 3009 43 33 24 49 3
6550 ORDER 3010 45 38 2 12 0
6552 ORDER 3011 45 12 9 49 1
6556 ORDER 3012 32 5 3 44 0
6557 ORDER 3013 28 23 1 48 2
6558 CANCEL 103013
6561 ORDER 3014 56 14 7 50 0
6562 ORDER 3015 45 35 2 48 0
6564 ORDER 3016 63 8 8 50 0
6565 UNBLOCK 35 34
6565 ORDER 3017 59 6 3 15 0
6566 ORDER 3018 47 41 31 50 2
6567 ORDER 3019 12 30 22 50 0
6568 ORDER 3020 18 9 3 23 0
6569 ORDER 3021 9 11 1 21 3
6570 ORDER 3022 12 27 4 49 1
6572 BLOCK 26 6
6573 ORDER 3023 13 35 20 49 0
6576 ORDER 3024 33 38 59 50 0
6577 ORDER 3025 28 8 2 7 0
6580 ORDER 3026 56 11 53 49 0
6583 ORDER 3027 21 39 2 31 0
6584 ORDER 3028 50 42 1 19 1
6585 ORDER 3029 52 18 35 49 1
6586 ORDER 3030 36 29 3 32 1
6587 ORDER 3031 43 47 2 4 1
6588 ORDER 3032 49 9 47 50 2
6590 ORDER 3033 62 30 15 49 0
6591 ORDER 3034 60 35 2 23 1
6593 ORDER 3035 7 15 47 49 0
6596 ORDER 3036 55 14 3 50 0
6597 ORDER 3037 17 24 1 21 0
6598 ORDER 3038 53 20 40 49 1
6599 ORDER 3039 57 6 3 33 1
6604 ORDER 3040 54 29 2 16 0
6605 ORDER 3041 52 17 1 23 0
6607 ORDER 3042 53 5 3 39 0
6608 UNBLOCK 5 11
6608 ORDER 3043 34 3 68 50 0
6609 ORDER 3044 11 27 43 49 1
6611 ORDER 3045 50 29 10 49 0
6612 ORDER 3046 50 20 1 35 0
6614 ORDER 3047 61 17 1 46 0
6615 ORDER 3048 53 29 41 49 1
6616 ORDER 3049 64 21 2 9 1
6617 ORDER 3050 40 33 9 50 1
6618 ORDER 3051 35 32 47 49 1
6620 ORDER 3052 24 3 55 50 0
6621 ORDER 3053 65 17 2 40 1
6622 ORDER 3054 56 33 2 47 2
6623 ORDER 3055 31 15 2 20 1
6625 ORDER 3056 48 42 3 37 1
6626 ORDER 3057 26 6 5 50 0
6628 ORDER 3058 59 17 34 49 1
6629 UNBLOCK 48 36
6630 ORDER 3059 23 9 2 44 0
6631 ORDER 3060 60 39 37 50 1
6632 ORDER 3061 8 42 33 49 1
6633 CANCEL 3018
6633 ORDER 3062 15 42 1 23 1
6634 ORDER 3063 10 30 2 26 2
6635 ORDER 3064 52 38 3 14 1
6636 ORDER 3065 24 26 2 45 1
6638 ORDER 3066 56 17 10 49 2
6642 CANCEL 2978
6642 ORDER 3067 8 44 1 27 1
6645 ORDER 3068 59 44 2 20 2
6645 CANCEL 103068
6646 ORDER 3069 31 23 2 38 0
6649 ORDER 3070 47 24 3 41 0
6650 ORDER 3071 34 23 1 28 0
6654 CANCEL 3026
6656 CANCEL 3038
6656 ORDER 3072 20 32 35 49 1
6658 ORDER 3073 31 32 23 50 0
6658 BLOCK 49 8
6659 ORDER 3074 12 39 2 37 3
6660 ORDER 3075 31 17 3 49 0
6661 ORDER 3076 39 32 38 49 2
6661 BLOCK 55 36
6663 ORDER 3077 57 17 25 49 0
6665 ORDER 3078 15 5 55 49 0
6667 ORDER 3079 34 12 1 49 0
6669 ORDER 3080 33 20 1 49 0
6670 ORDER 3081 31 35 3 34 2
6672 ORDER 3082 42 30 3 50 0
6675 BLOCK 65 30
6677 ORDER 3083 15 6 15 50 1
6678 ORDER 3084 21 23 1 33 0
6680 ORDER 3085 42 3 2 4 0
6681 CANCEL 3034
6681 ORDER 3086 27 3 28 49 0
6682 ORDER 3087 63 23 3 36 0
6687 ORDER 3088 46 14 3 18 0
6689 ORDER 3089 7 18 2 7 0
6690 ORDER 3090 8 24 2 5 2
6691 BLOCK 22 47
6692 ORDER 3091 45 9 1 46 0
6693 ORDER 3092 23 29 27 49 1
6694 ORDER 3093 52 47 12 50 0
6698 ORDER 3094 24 14 3 47 0
6698 BLOCK 45 41
6700 ORDER 3095 35 39 63 50 0
6702 UNBLOCK 26 6
6703 ORDER 3096 16 42 33 49 0
6704 ORDER 3097 59 14 65 50 1
6705 ORDER 3098 46 29 3 29 0
6706 ORDER 3099 23 9 42 49 3
6709 ORDER 3100 56 30 52 50 0
6710 ORDER 3101 41 35 34 50 0
6711 ORDER 3102 50 26 1 29 0
6713 ORDER 3103 56 27 23 49 0
6714 ORDER 3104 38 42 2 5 0
6718 ORDER 3105 18 47 1 31 0
6722 ORDER 3106 19 42 24 49 0
6723 ORDER 3107 28 6 5 49 3
6724 ORDER 3108 47 3 36 49 0
6725 ORDER 3109 35 11 2 39 0
6726 ORDER 3110 53 33 2 1 0
6729 ORDER 3111 27 23 3 43 1
6729 BLOCK 51 25
6730 ORDER 3112 39 11 3 35 0
6732 ORDER 3113 64 27 23 49 1
6735 ORDER 3114 37 39 1 33 0
6740 ORDER 3115 58 3 2 39 0
6741 ORDER 3116 22 47 3 12 2
6743 ORDER 3117 48 12 2 31 0
6745 ORDER 3118 17 30 13 50 0
6746 ORDER 3119 46 23 44 49 0
6749 ORDER 3120 16 39 10 50 0
6751 ORDER 3121 15 41 3 3 1
6753 ORDER 3122 28 11 20 50 3
6754 ORDER 3123 17 11 54 50 0
6761 ORDER 3124 40 39 57 49 0
6762 UNBLOCK 55 36
6762 ORDER 3125 14 17 2 2 1
6763 ORDER 3126 10 26 21 50 0
6764 ORDER 3127 8 29 66 50 1
6765 ORDER 3128 26 44 24 49 0
6768 UNBLOCK 65 30
6770 ORDER 3129 8 45 1 36 3
6771 BLOCK 24 6
6773 ORDER 3130 11 17 1 14 2
6775 ORDER 3131 19 17 26 49 0
6776 ORDER 3132 26 21 2 42 0
6777 ORDER 3133 36 12 2 10 0
6778 ORDER 3134 14 20 30 49 3
6779 UNBLOCK 49 8
6781 ORDER 3135 24 17 56 49 1
6783 ORDER 3136 41 35 40 49 1
6789 ORDER 3137 59 14 2 13 0
6791 ORDER 3138 58 27 43 49 2
6792 ORDER 3139 7 39 2 11 0
6795 ORDER 3140 63 33 18 50 0
6797 ORDER 3141 31 30 58 49 0
6798 ORDER 3142 56 40 4 49 0
6799 ORDER 3143 50 21 2 3 0
6802 ORDER 3144 42 33 38 50 2
6803 CANCEL 3133
6803 ORDER 3145 38 8 34 49 2
6807 ORDER 3146 56 18 56 50 0
6808 ORDER 3147 6 38 2 38 1
6809 CANCEL 3077
6812 UNBLOCK 45 41
6813 ORDER 3148 17 14 1 47 0
6817 UNBLOCK 24 6
6820 ORDER 3149 19 6 3 35 1
6823 ORDER 3150 30 23 3 7 0
6825 ORDER 3151 58 41 45 49 3
6829 ORDER 3152 17 33 2 45 2
6833 ORDER 3153 58 44 11 50 0
6836 UNBLOCK 22 47
6838 ORDER 3154 14 32 41 49 0
6839 ORDER 3155 57 8 1 12 0
6840 ORDER 3156 63 41 1 11 1
6844 ORDER 3157 40 39 2 30 1
6846 ORDER 3158 29 20 29 50 1
6846 CANCEL 103158
6847 ORDER 3159 8 15 3 20 0
6850 UNBLOCK 51 25
6850 ORDER 3160 29 26 3 20 1
6852 ORDER 3161 35 25 2 44 0
6854 ORDER 3162 41 18 67 50 0
6855 ORDER 3163 49 30 7 49 0
6856 ORDER 3164 40 32 1 15 0
6858 ORDER 3165 37 41 29 50 1
6862 ORDER 3166 39 8 13 50 0
6864 ORDER 3167 44 14 1 5 0
6865 ORDER 3168 14 17 19 50 0
6866 ORDER 3169 27 33 3 11 0
6869 ORDER 3170 40 38 18 50 1
6872 BLOCK 34 25
6873 CANCEL 103170
6875 ORDER 3171 19 47 27 49 1
6878 ORDER 3172 54 47 36 50 0
6879 ORDER 3173 48 18 2 49 2
6881 ORDER 3174 61 21 6 50 0
6884 ORDER 3175 37 21 54 50 0
6889 ORDER 3176 29 45 38 49 0
6890 CANCEL 3161
6892 ORDER 3177 38 3 1 13 1
6894 ORDER 3178 63 9 3 28 0
6901 ORDER 3179 50 23 3 39 0
6904 ORDER 3180 63 20 52 50 2
6906 ORDER 3181 51 33 38 49 0
6909 ORDER 3182 20 41 54 49 0
6911 ORDER 3183 58 30 47 49 2
6912 ORDER 3184 40 24 3 43 0
6912 BLOCK 15 37
6914 ORDER 3185 6 44 1 44 0
6918 ORDER 3186 23 32 35 49 1
6919 ORDER 3187 17 17 3 8 3
6921 ORDER 3188 38 29 1 30 0
6925 ORDER 3189 55 11 3 45 0
6929 ORDER 3190 35 42 68 50 1
6930 ORDER 3191 51 14 2 20 1
6932 ORDER 3192 30 24 2 15 0
6934 BLOCK 24 21
6935 ORDER 3193 44 15 2 18 0
6936 ORDER 3194 57 20 2 24 0
6936 BLOCK 46 29
6937 ORDER 3195 33 36 47 50 0
6941 ORDER 3196 36 23 53 49 0
6943 ORDER 3197 12 11 51 50 0
6946 ORDER 3198 56 42 34 49 1
6947 ORDER 3199 24 12 55 50 0
6949 ORDER 3200 18 33 3 8 0
6950 ORDER 3201 6 21 12 50 0
6951 ORDER 3202 20 8 50 50 1
6954 ORDER 3203 18 39 3 15 0
6955 ORDER 3204 27 12 3 17 0
6956 ORDER 3205 40 15 2 19 0
6957 ORDER 3206 36 44 16 49 0
6958 ORDER 3207 33 33 3 49 0
6959 ORDER 3208 44 44 1 38 0
6967 ORDER 3209 61 3 40 49 0
6969 ORDER 3210 47 8 33 49 2
6972 ORDER 3211 8 29 2 47 1
6974 ORDER 3212 50 18 49 50 0
6975 ORDER 3213 31 36 22 50 1
6976 UNBLOCK 34 25
6976 ORDER 3214 31 15 2 27 2
6977 ORDER 3215 48 42 3 25 0
6979 ORDER 3216 58 26 3 13 1
6980 ORDER 3217 41 20 3 4 0
6982 UNBLOCK 15 37
6982 UNBLOCK 46 29
6983 ORDER 3218 7 14 51 49 1
6984 BLOCK 57 48
6985 ORDER 3219 26 44 1 4 0
6987 ORDER 3220 22 42 68 50 0
6987 BLOCK 5 19
6988 ORDER 3221 37 38 3 35 1
6990 ORDER 3222 33 12 42 50 0
6991 ORDER 3223 17 11 24 49 0
6994 ORDER 3224 39 36 3 15 2
6996 ORDER 3225 30 9 57 49 2
6997 ORDER 3226 30 26 55 49 2
6997 BLOCK 21 49
6998 ORDER 3227 53 21 1 34 0
7003 ORDER 3228 45 18 1 30 1
7004 ORDER 3229 9 24 2 17 0
7005 ORDER 3230 29 18 4 50 0
7005 BLOCK 13 29
7007 ORDER 3231 16 15 62 50 2
7008 ORDER 3232 46 12 22 50 0
7010 ORDER 3233 20 9 3 49 0
7011 ORDER 3234 17 14 3 42 0
7014 ORDER 3235 63 11 68 50 2
7016 ORDER 3236 27 35 35 50 1
7019 ORDER 3237 53 32 1 24 0
7021 CANCEL 3168
7021 ORDER 3238 20 12 3 35 2
7022 ORDER 3239 30 27 2 17 3
7024 ORDER 3240 35 23 2 45 0
7026 ORDER 3241 58 39 3 49 1
7029 ORDER 3242 23 6 1 36 1
7030 ORDER 3243 11 38 1 3 0
7033 UNBLOCK 24 21
7033 ORDER 3244 43 21 38 50 3
7035 ORDER 3245 20 29 3 30 0
7036 ORDER 3246 62 27 2 5 2
7038 ORDER 3247 43 15 1 3 0
7039 ORDER 3248 45 45 1 49 1
7041 ORDER 3249 20 14 1 7 0
7042 BLOCK 13 47
7043 ORDER 3250 46 27 64 49 0
7045 CANCEL 3247
7045 ORDER 3251 15 3 47 50 0
7046 ORDER 3252 50 39 3 38 1
7050 CANCEL 3163
7053 ORDER 3253 36 9 53 49 0
7055 ORDER 3254 64 12 3 44 1
7056 ORDER 3255 8 35 1 1 0
7058 ORDER 3256 18 15 64 49 0
7059 ORDER 3257 26 14 2 35 0
7061 ORDER 3258 11 12 68 50 3
7063 UNBLOCK 5 19
7065 UNBLOCK 57 48
7065 ORDER 3259 12 41 1 35 1
7069 ORDER 3260 9 3 43 49 1
7071 ORDER 3261 19 27 1 50 0
7073 ORDER 3262 29 3 2 10 0
7075 ORDER 3263 12 3 2 48 0
7076 ORDER 3264 54 44 25 49 0
7078 ORDER 3265 19 42 5 50 2
7079 ORDER 3266 54 5 1 15 1
7081 ORDER 3267 7 3 2 31 1
7082 ORDER 3268 58 17 1 13 0
7089 ORDER 3269 27 17 1 43 0
7090 ORDER 3270 28 6 1 48 0
7091 UNBLOCK 13 29
7091 ORDER 3271 24 33 27 49 0
7094 ORDER 3272 61 18 22 49 0
7098 ORDER 3273 42 24 63 49 1
7100 ORDER 3274 62 44 30 49 1
7103 ORDER 3275 39 30 54 50 0
7104 ORDER 3276 31 24 3 28 1
7105 ORDER 3277 26 41 39 49 0
7107 ORDER 3278 63 12 7 49 0
7108 ORDER 3279 15 15 35 50 0
7109 ORDER 3280 17 26 31 49 1
7112 UNBLOCK 13 47
7112 ORDER 3281 17 42 1 18 0
7115 ORDER 3282 38 11 7 49 0
7116 ORDER 3283 13 23 3 9 0
7117 ORDER 3284 30 8 1 27 0
7118 ORDER 3285 6 21 2 4 1
7119 BLOCK 44 12
7120 ORDER 3286 60 20 3 50 3
7121 ORDER 3287 12 30 1 30 0
7122 ORDER 3288 38 20 3 18 0
7123 ORDER 3289 43 21 3 23 0
7124 ORDER 3290 37 21 3 9 1
7126 ORDER 3291 21 27 57 49 2
7128 ORDER 3292 35 17 1 24 1
7130 ORDER 3293 27 44 8 50 1
7132 ORDER 3294 53 47 2 43 0
7133 ORDER 3295 25 42 46 49 0
7134 UNBLOCK 21 49
7138 ORDER 3296 12 18 1 49 2
7139 ORDER 3297 34 6 1 22 1
7140 CANCEL 3211
7141 ORDER 3298 13 38 3 27 0
7142 ORDER 3299 31 11 3 18 2
7143 ORDER 3300 9 38 57 50 0
7148 ORDER 3301 63 9 3 32 0
7149 ORDER 3302 22 8 16 50 1
7155 CANCEL 3241
7155 ORDER 3303 60 26 2 3 0
7162 BLOCK 60 45
7163 ORDER 3304 46 27 31 50 0
7165 ORDER 3305 59 6 1 2 0
7166 ORDER 3306 40 44 56 49 1
7169 ORDER 3307 45 42 2 14 2
7171 ORDER 3308 56 11 1 9 1
7173 ORDER 3309 11 8 2 10 2
7175 ORDER 3310 57 45 1 26 1
7177 ORDER 3311 22 26 6 49 2
7180 ORDER 3312 27 5 31 49 0
7182 ORDER 3313 43 21 67 50 1
7183 ORDER 3314 59 30 45 49 0
7187 ORDER 3315 39 24 58 50 1
7190 ORDER 3316 50 24 3 41 2
7192 ORDER 3317 17 9 1 20 0
7195 UNBLOCK 44 12
7198 ORDER 3318 39 18 3 11 0
7202 ORDER 3319 27 6 3 6 0
7204 ORDER 3320 36 9 1 21 0
7206 CANCEL 3311
7206 ORDER 3321 36 9 6 50 0
7210 ORDER 3322 31 21 3 45 1
7212 ORDER 3323 18 34 68 49 2
7213 ORDER 3324 39 29 1 24 0
7216 ORDER 3325 56 15 3 10 1
7219 ORDER 3326 50 41 66 50 3
7220 ORDER 3327 10 26 2 24 1
7223 ORDER 3328 9 44 3 35 0
7224 ORDER 3329 8 18 64 49 1
7226 ORDER 3330 22 29 1 12 0
7227 ORDER 3331 55 35 3 31 0
7228 ORDER 3332 57 39 27 49 1
7231 ORDER 3333 40 29 2 23 1
7234 ORDER 3334 21 36 2 24 0
7239 ORDER 3335 12 18 3 19 0
7240 ORDER 3336 51 33 2 47 1
7242 ORDER 3337 15 8 66 49 0
7243 ORDER 3338 49 35 1 35 3
7244 ORDER 3339 51 14 1 8 2
7248 ORDER 3340 35 32 1 7 2
7248 BLOCK 29 49
7249 CANCEL 3293
7249 ORDER 3341 18 5 3 16 0
7255 ORDER 3342 35 11 3 31 1
7258 ORDER 3343 55 3 20 50 0
7259 ORDER 3344 52 3 37 50 2
7264 ORDER 3345 62 11 1 33 0
7268 CANCEL 3334
7269 ORDER 3346 19 8 11 49 0
7270 ORDER 3347 31 29 3 40 0
7271 ORDER 3348 16 8 66 50 0
7271 BLOCK 26 45
7274 ORDER 3349 7 29 43 49 1
7275 ORDER 3350 28 32 2 4 0
7277 ORDER 3351 34 30 3 26 0
7283 ORDER 3352 52 12 3 48 0
7285 ORDER 3353 13 20 3 49 1
7286 UNBLOCK 60 45
7288 ORDER 3354 7 30 15 49 1
7289 BLOCK 63 5
7292 ORDER 3355 65 27 63 50 0
7293 ORDER 3356 32 20 29 49 0
7294 ORDER 3357 19 33 38 49 0
7295 ORDER 3358 6 12 3 38 1
7300 ORDER 3359 32 15 48 49 0
7300 BLOCK 51 1
7307 ORDER 3360 43 33 22 49 0
7308 ORDER 3361 18 44 3 21 0
7312 ORDER 3362 28 35 3 27 0
7313 ORDER 3363 14 20 3 22 0
7316 ORDER 3364 7 15 8 50 1
7319 ORDER 3365 33 38 50 49 0
7323 UNBLOCK 63 5
7324 ORDER 3366 48 18 49 50 2
7325 ORDER 3367 10 33 3 5 1
7326 BLOCK 56 23
7327 BLOCK 24 32
7329 ORDER 3368 10 35 14 50 1
7331 ORDER 3369 10 26 2 32 1
7332 ORDER 3370 10 36 39 50 3
7336 UNBLOCK 26 45
7339 ORDER 3371 43 3 2 31 1
7341 ORDER 3372 64 39 3 25 1
7344 ORDER 3373 19 12 2 19 0
7345 ORDER 3374 45 41 66 49 0
7346 ORDER 3375 32 3 2 47 0
7347 ORDER 3376 9 15 44 49 0
7351 ORDER 3377 60 33 1 9 3
7354 ORDER 3378 36 39 34 49 0
7356 ORDER 3379 51 47 12 50 2
7359 ORDER 3380 57 8 2 14 0
7364 ORDER 3381 58 27 29 49 1
7365 UNBLOCK 56 23
7369 ORDER 3382 63 29 1 12 0
7371 ORDER 3383 61 36 27 50 2
7374 ORDER 3384 51 35 1 28 0
7376 ORDER 3385 62 44 3 3 0
7377 ORDER 3386 26 36 1 36 1
7379 ORDER 3387 9 5 1 8 1
7380 ORDER 3388 7 29 1 19 1
7381 ORDER 3389 17 42 1 26 0
7382 ORDER 3390 28 12 3 11 1
7383 ORDER 3391 57 44 1 15 0
7384 ORDER 3392 11 12 3 27 1
7386 ORDER 3393 7 15 30 49 0
7389 ORDER 3394 52 8 2 26 3
7393 ORDER 3395 11 39 2 24 0
7394 UNBLOCK 29 49
7398 ORDER 3396 17 42 50 50 0
7403 BLOCK 22 49
7408 CANCEL 3335
7410 CANCEL 3388
7410 ORDER 3397 17 27 3 7 0
7412 ORDER 3398 56 26 44 50 0
7415 ORDER 3399 28 29 64 50 3
7416 BLOCK 45 29
7422 UNBLOCK 51 1
7422 ORDER 3400 55 11 61 50 0
7426 ORDER 3401 24 12 8 49 0
7427 ORDER 3402 63 14 1 10 1
7428 ORDER 3403 10 35 26 49 0
7429 ORDER 3404 44 32 25 50 0
7432 ORDER 3405 30 12 17 50 3
7436 ORDER 3406 39 18 2 15 0
7441 ORDER 3407 14 12 15 49 1
7442 CANCEL 3360
7442 ORDER 3408 26 41 1 25 0
7443 ORDER 3409 17 45 1 49 0
7445 ORDER 3410 57 38 50 50 0
7448 UNBLOCK 24 32
7448 BLOCK 60 28
7451 ORDER 3411 50 15 48 49 0
7454 ORDER 3412 20 35 3 39 0
7457 UNBLOCK 22 49
7459 ORDER 3413 10 17 63 50 0
7460 ORDER 3414 43 5 1 29 0
7462 ORDER 3415 41 12 48 50 1
7466 ORDER 3416 44 32 5 50 0
7467 ORDER 3417 17 21 22 49 0
7469 CANCEL 3381
7471 ORDER 3418 9 44 3 13 0
7477 ORDER 3419 27 15 2 40 0
7481 ORDER 3420 37 42 2 20 3
7482 ORDER 3421 11 15 8 49 0
7484 ORDER 3422 22 26 3 30 0
7484 BLOCK 32 29
7486 UNBLOCK 45 29
7486 ORDER 3423 37 8 2 17 2
7487 ORDER 3424 63 12 62 49 1
7489 ORDER 3425 43 23 3 1 0
7492 ORDER 3426 9 6 3 25 1
7497 ORDER 3427 29 44 45 49 1
7498 ORDER 3428 34 15 28 49 0
7500 UNBLOCK 60 28
7503 ORDER 3429 60 6 3 22 1
7504 ORDER 3430 62 45 3 23 0
7505 ORDER 3431 59 14 18 50 2
7508 ORDER 3432 46 24 59 49 0
7509 ORDER 3433 11 27 3 19 0
7510 CANCEL 3431
7510 ORDER 3434 32 15 3 7 0
7516 ORDER 3435 60 12 2 20 0
7518 ORDER 3436 20 14 1 10 0
7519 ORDER 3437 18 5 1 27 0
7521 ORDER 3438 48 36 1 41 1
7523 ORDER 3439 40 26 1 11 1
7524 ORDER 3440 45 12 2 2 0
7525 ORDER 3441 36 6 1 30 3
7526 ORDER 3442 55 39 3 35 1
7528 ORDER 3443 29 29 1 29 0
7529 ORDER 3444 62 42 31 50 2
7531 ORDER 3445 56 29 1 40 1
7533 ORDER 3446 7 23 45 50 0
7535 ORDER 3447 20 18 1 6 0
7537 BLOCK 24 36
7540 ORDER 3448 34 8 23 49 0
7543 CANCEL 3438
7544 CANCEL 3408
7547 ORDER 3449 28 44 68 49 1
7551 ORDER 3450 8 15 25 49 0
7552 ORDER 3451 61 11 9 49 0
7553 ORDER 3452 45 32 2 42 2
7554 ORDER 3453 46 6 2 21 0
7557 ORDER 3454 43 35 13 49 0
7558 ORDER 3455 58 44 3 42 2
7559 ORDER 3456 31 18 3 48 0
7560 ORDER 3457 51 42 2 25 0
7561 ORDER 3458 27 15 10 50 1
7563 ORDER 3459 29 3 2 27 1
7564 ORDER 3460 53 36 57 50 0
7568 ORDER 3461 15 15 3 33 1
7569 ORDER 3462 40 11 30 49 0
7571 ORDER 3463 50 8 3 15 0
7573 ORDER 3464 30 32 3 49 0
7574 ORDER 3465 15 45 1 22 0
7576 ORDER 3466 9 47 1 44 2
7577 ORDER 3467 9 20 1 17 0
7579 ORDER 3468 44 9 25 49 0
7583 ORDER 3469 58 9 31 50 1
7584 ORDER 3470 53 33 56 50 0
7586 BLOCK 6 26
7587 ORDER 3471 6 12 6 49 0
7588 ORDER 3472 31 41 2 6 0
7589 UNBLOCK 32 29
7591 ORDER 3473 54 42 56 49 3
7592 ORDER 3474 9 36 40 49 0
7594 ORDER 3475 64 21 2 30 0
7595 ORDER 3476 35 8 30 50 1
7597 ORDER 3477 45 14 1 29 0
7599 ORDER 3478 44 3 2 38 1
7601 ORDER 3479 63 21 3 10 1
7603 ORDER 3480 53 45 7 50 0
7605 ORDER 3481 6 11 4 49 0
7617 ORDER 3482 38 44 2 36 0
7618 ORDER 3483 11 47 2 9 0
7622 ORDER 3484 18 9 1 31 1
7623 ORDER 3485 15 42 36 50 1
7624 ORDER 3486 26 21 1 32 1
7625 ORDER 3487 52 32 38 49 0
7626 ORDER 3488 12 8 67 50 0
7633 ORDER 3489 63 5 2 28 0
7634 ORDER 3490 34 3 3 40 1
7638 ORDER 3491 12 10 3 37 0
7642 ORDER 3492 25 44 16 50 1
7643 ORDER 3493 20 20 1 46 0
7645 ORDER 3494 49 9 1 46 0
7648 ORDER 3495 12 26 2 7 1
7653 ORDER 3496 11 45 60 49 2
7655 ORDER 3497 65 3 3 16 0
7656 UNBLOCK 6 26
7658 ORDER 3498 59 44 48 49 0
7659 ORDER 3499 42 35 31 49 0
7660 ORDER 3500 31 30 7 50 0
7662 ORDER 3501 54 27 1 28 2
7663 ORDER 3502 6 27 3 26 0
7665 ORDER 3503 6 11 47 50 3
7668 ORDER 3504 43 45 61 50 0
7670 ORDER 3505 16 13 33 49 0
7671 ORDER 3506 48 36 3 29 1
7672 CANCEL 3450
7672 ORDER 3507 29 12 1 45 0
7673 ORDER 3508 35 39 55 49 1
7676 ORDER 3509 52 38 1 37 0
7679 UNBLOCK 24 36
7679 ORDER 3510 36 38 35 50 0
7680 ORDER 3511 10 18 40 50 0
7682 ORDER 3512 59 36 2 42 1
7683 ORDER 3513 59 36 2 13 1
7684 ORDER 3514 35 15 15 49 0
7684 BLOCK 47 14
7695 ORDER 3515 6 17 3 37 0
7696 ORDER 3516 52 38 62 49 0
7697 ORDER 3517 34 12 53 49 0
7703 ORDER 3518 65 33 3 8 2
7710 ORDER 3519 59 44 1 30 0
7713 CANCEL 3448
7713 ORDER 3520 18 26 17 50 2
7719 ORDER 3521 32 33 1 48 0
7720 ORDER 3522 6 45 2 47 0
7721 CANCEL 3471
7723 UNBLOCK 47 14
7723 ORDER 3523 16 3 67 50 1
7724 ORDER 3524 15 15 49 49 0
7725 ORDER 3525 37 9 3 13 0
7727 ORDER 3526 28 35 43 50 0
7730 ORDER 3527 21 42 2 4 1
7733 ORDER 3528 40 27 1 12 0
7734 ORDER 3529 26 42 3 5 1
7735 ORDER 3530 10 15 8 49 2
7740 ORDER 3531 53 18 1 24 1
7741 ORDER 3532 34 30 2 41 0
7741 BLOCK 24 8
7743 ORDER 3533 46 29 23 49 1
7745 ORDER 3534 32 5 3 25 0
7752 ORDER 3535 53 47 1 33 0
7757 ORDER 3536 30 9 3 40 1
7759 ORDER 3537 26 45 3 33 0
7762 ORDER 3538 56 27 65 49 0
7764 ORDER 3539 48 42 3 1 0
7772 ORDER 3540 41 29 2 4 1
7778 ORDER 3541 46 5 2 22 0
7779 ORDER 3542 55 39 2 23 1
7781 UNBLOCK 24 8
7782 ORDER 3543 9 12 3 28 0
7783 ORDER 3544 21 26 23 49 0
7784 ORDER 3545 6 9 2 45 0
7785 ORDER 3546 16 36 3 27 0
7789 ORDER 3547 57 26 3 47 0
7790 ORDER 3548 36 24 19 50 0
7791 ORDER 3549 19 8 2 15 0
7794 BLOCK 60 39
7795 CANCEL 3487
7798 ORDER 3550 6 27 2 40 2
7799 ORDER 3551 36 8 2 17 0
7802 ORDER 3552 6 29 65 49 1
7804 ORDER 3553 56 42 3 9 0
7806 ORDER 3554 53 9 3 50 1
7807 ORDER 3555 21 33 4 50 0
7814 ORDER 3556 50 38 13 50 1
7815 ORDER 3557 51 3 1 17 0
7817 ORDER 3558 7 32 11 50 0
7818 ORDER 3559 20 14 3 9 2
7821 ORDER 3560 12 33 58 49 1
7822 ORDER 3561 12 24 5 50 2
7823 CANCEL 3542
7826 ORDER 3562 40 12 2 27 3
7827 ORDER 3563 44 33 13 49 0
7829 ORDER 3564 63 5 60 49 1
7832 BLOCK 56 30
7834 ORDER 3565 33 3 6 50 0
7835 ORDER 3566 14 32 5 50 0
7836 UNBLOCK 60 39
7837 ORDER 3567 36 24 49 50 0
7838 ORDER 3568 50 32 1 11 1
7839 ORDER 3569 20 28 44 49 0
7840 ORDER 3570 47 8 65 49 0
7841 ORDER 3571 37 12 7 50 1
7844 ORDER 3572 14 42 64 50 0
7845 ORDER 3573 36 41 38 50 0
7846 CANCEL 3548
7853 ORDER 3574 55 5 42 49 0
7856 ORDER 3575 65 33 2 15 0
7857 ORDER 3576 25 45 58 50 0
7858 ORDER 3577 22 9 2 16 0
7863 ORDER 3578 22 30 39 49 1
7866 BLOCK 21 15
7869 ORDER 3579 51 44 2 50 1
7870 ORDER 3580 38 26 49 50 1
7872 ORDER 3581 41 17 3 22 0
7874 ORDER 3582 57 26 1 37 0
7875 ORDER 3583 28 14 53 50 0
7882 CANCEL 3578
7882 ORDER 3584 55 26 20 50 0
7882 BLOCK 63 33
7883 ORDER 3585 7 30 12 50 0
7884 ORDER 3586 46 26 1 30 1
7885 ORDER 3587 51 5 3 16 2
7887 ORDER 3588 56 17 1 20 1
7888 ORDER 3589 58 15 3 46 0
7891 ORDER 3590 62 38 25 50 2
7894 ORDER 3591 10 24 31 50 0
7896 ORDER 3592 14 42 2 32 0
7898 ORDER 3593 17 45 38 50 0
7901 ORDER 3594 27 14 3 25 0
7902 ORDER 3595 18 44 8 49 0
7904 ORDER 3596 8 36 10 50 0
7905 ORDER 3597 40 33 1 8 0
7907 ORDER 3598 64 26 5 49 0
7912 CANCEL 3523
7912 ORDER 3599 37 29 11 49 0
7913 BLOCK 28 38
7914 ORDER 3600 11 30 53 49 3
7917 ORDER 3601 59 6 2 32 2
7918 ORDER 3602 50 24 5 50 2
7919 ORDER 3603 52 17 21 49 0
7920 ORDER 3604 34 5 1 15 0
7924 ORDER 3605 37 3 2 39 0
7926 ORDER 3606 52 21 41 49 0
7927 CANCEL 3536
7927 ORDER 3607 41 30 47 49 0
7930 ORDER 3608 63 41 2 11 3
7932 ORDER 3609 18 47 2 12 0
7934 ORDER 3610 19 26 2 7 0
7937 ORDER 3611 10 3 23 49 2
7939 ORDER 3612 6 32 58 49 1
7940 ORDER 3613 47 6 20 49 1
7944 ORDER 3614 34 14 3 10 1
7945 BLOCK 20 9
7948 ORDER 3615 51 44 49 49 1
7949 CANCEL 3549
7949 ORDER 3616 54 29 56 49 0
7950 ORDER 3617 49 24 2 5 0
7952 CANCEL 3596
7959 UNBLOCK 63 33
7960 UNBLOCK 56 30
7960 ORDER 3618 46 8 32 49 0
7961 ORDER 3619 58 15 10 49 0
7962 ORDER 3620 39 6 2 18 0
7964 ORDER 3621 61 20 33 50 0
7967 ORDER 3622 53 47 2 40 0
7969 ORDER 3623 6 29 2 10 0
7970 UNBLOCK 21 15
7970 ORDER 3624 63 29 3 19 1
7976 ORDER 3625 48 18 36 49 2
7977 ORDER 3626 53 24 7 49 0
7978 ORDER 3627 45 11 2 14 0
7979 ORDER 3628 43 15 1 49 1
7980 ORDER 3629 62 44 2 37 0
7981 UNBLOCK 20 9
7983 CANCEL 3591
7984 ORDER 3630 7 45 51 50 2
7985 ORDER 3631 34 47 3 17 1
7986 ORDER 3632 36 15 51 49 0
7993 ORDER 3633 62 9 1 12 1
7997 ORDER 3634 46 18 2 24 1
7998 ORDER 3635 56 5 1 7 0
8000 ORDER 3636 19 18 2 47 0
8003 ORDER 3637 56 11 3 18 1
8005 CANCEL 3623
8006 ORDER 3638 56 41 11 49 1
8007 ORDER 3639 36 39 1 12 1
8008 ORDER 3640 54 26 3 6 1
8009 ORDER 3641 58 11 61 50 2
8011 ORDER 3642 39 32 3 19 2
8012 ORDER 3643 22 6 1 37 0
8013 ORDER 3644 38 9 13 49 0
8014 ORDER 3645 53 3 3 5 1
8015 ORDER 3646 52 14 10 50 0
8017 ORDER 3647 39 35 11 50 0
8018 ORDER 3648 46 47 2 6 0
8019 ORDER 3649 64 20 3 20 0
8020 UNBLOCK 28 38
8020 ORDER 3650 20 20 32 49 2
8021 CANCEL 3646
8021 ORDER 3651 13 26 6 49 0
8025 ORDER 3652 9 44 43 49 0
8026 ORDER 3653 49 24 47 50 0
8027 ORDER 3654 29 18 55 49 1
8028 ORDER 3655 20 44 17 49 1
8029 ORDER 3656 45 39 39 49 0
8030 ORDER 3657 17 20 56 50 0
8031 ORDER 3658 38 45 1 5 1
8034 ORDER 3659 16 5 2 26 1
8035 ORDER 3660 37 26 2 28 0
8038 ORDER 3661 35 21 2 6 0
8039 ORDER 3662 35 21 3 32 0
8040 ORDER 3663 20 35 22 49 0
8041 ORDER 3664 60 20 2 3 0
8045 ORDER 3665 16 9 65 49 0
8046 CANCEL 3645
8048 ORDER 3666 31 41 47 50 0
8050 ORDER 3667 24 45 66 50 2
8053 ORDER 3668 58 47 1 27 0
8056 ORDER 3669 27 21 45 49 0
8057 BLOCK 11 49
8058 ORDER 3670 29 39 1 39 0
8059 BLOCK 51 38
8060 ORDER 3671 35 47 2 11 1
8063 CANCEL 3665
8063 ORDER 3672 9 23 3 20 0
8064 ORDER 3673 38 24 3 1 0
8067 ORDER 3674 8 14 2 21 2
8068 ORDER 3675 9 32 1 44 0
8069 ORDER 3676 46 23 27 49 0
8070 CANCEL 3609
8074 ORDER 3677 32 41 14 50 0
8076 ORDER 3678 41 20 50 50 2
8077 ORDER 3679 26 11 48 50 3
8081 ORDER 3680 54 26 41 50 3
8083 ORDER 3681 54 27 3 39 1
8084 ORDER 3682 39 36 38 49 1
8085 ORDER 3683 6 23 3 24 0
8087 CANCEL 3594
8087 ORDER 3684 62 15 3 42 2
8088 ORDER 3685 65 33 43 50 1
8091 ORDER 3686 59 36 36 50 1
8097 BLOCK 41 11
8098 ORDER 3687 17 36 2 29 0
8099 UNBLOCK 11 49
8099 ORDER 3688 12 6 3 45 0
8103 ORDER 3689 61 9 40 49 0
8104 CANCEL 3641
8105 ORDER 3690 14 32 26 49 2
8106 ORDER 3691 60 36 12 50 0
8106 BLOCK 49 35
8110 ORDER 3692 53 41 3 4 1
8113 ORDER 3693 11 42 8 50 1
8114 ORDER 3694 29 38 3 13 0
8115 ORDER 3695 27 33 49 49 0
8118 ORDER 3696 10 32 5 50 1
8119 ORDER 3697 57 15 5 49 0
8122 ORDER 3698 25 38 3 23 0
8122 BLOCK 21 9
8124 ORDER 3699 7 20 59 49 0
8125 ORDER 3700 26 8 35 50 0
8128 ORDER 3701 59 23 3 1 3
8129 ORDER 3702 22 38 16 49 0
8130 ORDER 3703 59 45 2 36 2
8132 ORDER 3704 54 39 1 32 0
8134 ORDER 3705 27 21 21 49 3
8137 UNBLOCK 41 11
8138 ORDER 3706 52 5 2 50 0
8139 ORDER 3707 60 33 34 50 0
8139 BLOCK 18 26
8142 ORDER 3708 10 27 47 50 0
8143 ORDER 3709 43 42 56 49 0
8146 ORDER 3710 50 27 42 50 0
8147 CANCEL 3692
8148 ORDER 3711 27 20 3 27 1
8149 ORDER 3712 15 39 32 49 1
8151 ORDER 3713 46 42 2 34 1
8151 BLOCK 50 35
8158 ORDER 3714 23 27 1 20 2
8159 ORDER 3715 28 23 3 43 2
8160 BLOCK 32 11
8161 ORDER 3716 11 30 3 22 0
8162 ORDER 3717 21 9 1 5 0
8162 BLOCK 19 6
8166 ORDER 3718 44 11 67 50 1
8167 ORDER 3719 55 39 46 50 3
8169 CANCEL 3698
8169 ORDER 3720 18 20 2 44 0
8171 ORDER 3721 24 3 3 27 0
8172 ORDER 3722 58 24 57 49 0
8173 ORDER 3723 27 11 48 49 3
8174 ORDER 3724 50 45 41 49 0
8175 ORDER 3725 62 3 33 49 0
8179 ORDER 3726 6 42 23 50 1
8182 ORDER 3727 51 12 1 49 1
8183 ORDER 3728 38 8 2 47 1
8184 ORDER 3729 34 30 44 49 0
8185 UNBLOCK 51 38
8187 ORDER 3730 56 3 3 43 0
8191 ORDER 3731 60 35 47 49 1
8191 BLOCK 15 26
8194 ORDER 3732 14 30 3 32 0
8196 ORDER 3733 11 20 3 4 0
8197 BLOCK 17 8
8199 ORDER 3734 30 41 1 2 0
8200 ORDER 3735 30 32 1 27 2
8203 ORDER 3736 55 21 1 49 0
8206 ORDER 3737 41 20 27 49 0
8209 ORDER 3738 34 30 59 49 1
8216 ORDER 3739 33 47 2 30 1
8218 ORDER 3740 19 8 64 49 0
8219 ORDER 3741 61 3 9 50 0
8224 ORDER 3742 40 33 1 29 0
8225 ORDER 3743 21 33 62 50 0
8227 ORDER 3744 58 44 5 50 0
8230 ORDER 3745 34 15 2 22 0
8233 ORDER 3746 53 33 68 49 0
8234 UNBLOCK 32 11
8234 ORDER 3747 50 33 4 49 1
8238 ORDER 3748 45 8 5 49 0
8239 UNBLOCK 21 9
8239 ORDER 3749 14 18 13 49 2
8241 ORDER 3750 49 15 2 12 0
8243 UNBLOCK 49 35
8243 ORDER 3751 18 27 17 49 2
8246 ORDER 3752 8 18 3 18 0
8249 ORDER 3753 51 18 1 9 0
8251 ORDER 3754 12 9 2 13 1
8252 ORDER 3755 39 39 3 25 0
8253 ORDER 3756 60 41 2 12 0
8255 ORDER 3757 42 24 1 7 3
8257 ORDER 3758 49 12 3 9 0
8260 ORDER 3759 44 15 47 49 0
8261 ORDER 3760 7 42 54 50 0
8262 ORDER 3761 50 7 67 50 1
8264 ORDER 3762 47 14 48 49 0
8265 ORDER 3763 63 24 2 5 0
8266 ORDER 3764 57 14 3 31 1
8267 ORDER 3765 26 6 2 15 0
8268 ORDER 3766 20 20 39 49 1
8269 ORDER 3767 21 6 49 49 0
8270 ORDER 3768 36 29 2 5 1
8276 ORDER 3769 28 30 66 50 0
8281 UNBLOCK 18 26
8282 ORDER 3770 46 11 5 49 0
8284 UNBLOCK 19 6
8285 ORDER 3771 52 5 42 50 0
8289 UNBLOCK 50 35
8289 CANCEL 3759
8289 ORDER 3772 31 39 56 50 1
8290 ORDER 3773 38 33 1 16 0
8292 CANCEL 3694
8293 ORDER 3774 8 26 37 50 0
8294 ORDER 3775 51 20 3 44 0
8296 ORDER 3776 39 6 1 21 1
8296 BLOCK 51 26
8298 ORDER 3777 47 21 62 50 0
8300 UNBLOCK 15 26
8300 ORDER 3778 23 8 2 22 0
8303 ORDER 3779 63 3 9 50 0
8308 ORDER 3780 49 42 11 50 0
8311 UNBLOCK 17 8
8311 ORDER 3781 11 38 26 49 0
8313 ORDER 3782 57 38 2 19 0
8316 ORDER 3783 19 35 2 35 1
8318 ORDER 3784 27 11 68 49 0
8319 ORDER 3785 56 32 11 49 0
8325 ORDER 3786 16 45 1 18 0
8327 CANCEL 3758
8331 CANCEL 3786
8331 ORDER 3787 7 20 66 49 0
8333 ORDER 3788 37 5 3 29 0
8335 ORDER 3789 40 33 3 46 1
8337 ORDER 3790 48 42 3 5 0
8338 ORDER 3791 62 11 57 50 2
8339 ORDER 3792 7 23 62 49 0
8344 ORDER 3793 46 14 28 49 0
8345 CANCEL 3792
8347 ORDER 3794 45 18 1 32 2
8351 ORDER 3795 49 12 2 16 0
8352 ORDER 3796 56 39 3 43 0
8353 ORDER 3797 44 42 2 42 0
8357 ORDER 3798 55 9 1 38 0
8360 ORDER 3799 6 26 1 1 0
8361 ORDER 3800 65 42 12 49 0
8362 ORDER 3801 57 26 1 23 0
8364 ORDER 3802 42 6 3 38 2
8368 ORDER 3803 24 45 3 7 0
8369 ORDER 3804 35 11 1 49 0
8371 ORDER 3805 64 11 2 35 0
8372 BLOCK 64 39
8374 ORDER 3806 40 30 2 33 0
8377 CANCEL 103806
8378 ORDER 3807 62 30 3 46 0
8382 ORDER 3808 29 29 2 35 0
8383 ORDER 3809 10 12 1 8 1
8385 ORDER 3810 27 9 3 3 0
8392 ORDER 3811 51 42 41 50 1
8394 ORDER 3812 37 12 50 49 3
8396 ORDER 3813 19 15 10 49 0
8400 ORDER 3814 46 45 3 11 0
8401 ORDER 3815 6 21 2 40 1
8404 ORDER 3816 18 5 3 19 0
8405 ORDER 3817 52 33 55 50 0
8405 BLOCK 16 32
8413 UNBLOCK 51 26
8418 BLOCK 32 18
8422 ORDER 3818 37 29 2 41 1
8424 UNBLOCK 64 39
8424 ORDER 3819 10 6 59 50 0
8425 ORDER 3820 23 17 2 21 1
8426 ORDER 3821 14 12 3 28 0
8430 ORDER 3822 39 24 2 29 0
8431 ORDER 3823 34 8 21 49 1
8432 ORDER 3824 41 27 2 36 0
8437 ORDER 3825 48 26 1 6 1
8438 ORDER 3826 33 20 51 49 1
8439 ORDER 3827 16 8 8 49 0
8441 ORDER 3828 37 26 1 7 0
8445 ORDER 3829 64 27 22 50 2
8447 ORDER 3830 14 45 1 25 3
8451 ORDER 3831 29 35 3 38 0
8451 BLOCK 5 40
8452 ORDER 3832 53 9 1 10 1
8457 ORDER 3833 41 35 2 20 0
8458 ORDER 3834 27 15 2 17 0
8459 ORDER 3835 35 21 2 39 0
8460 ORDER 3836 18 41 31 49 0
8461 ORDER 3837 31 6 19 49 0
8466 ORDER 3838 48 33 2 23 0
8469 ORDER 3839 57 18 1 20 1
8470 ORDER 3840 62 20 3 10 0
8472 ORDER 3841 42 6 3 34 3
8473 ORDER 3842 22 20 40 50 0
8474 ORDER 3843 21 39 2 24 1
8475 ORDER 3844 57 44 2 25 0
8476 ORDER 3845 8 8 23 50 0
8477 ORDER 3846 28 6 36 49 0
8478 ORDER 3847 53 21 50 50 0
8479 ORDER 3848 48 18 26 50 0
8482 ORDER 3849 9 35 33 49 0
8483 ORDER 3850 53 32 13 49 0
8486 ORDER 3851 61 32 12 49 3
8488 ORDER 3852 62 23 1 39 0
8489 ORDER 3853 39 12 1 12 0
8489 BLOCK 54 48
8490 ORDER 3854 24 18 3 28 3
8492 ORDER 3855 45 24 2 10 0
8495 ORDER 3856 22 45 14 49 0
8497 UNBLOCK 16 32
8500 ORDER 3857 57 27 3 37 3
8501 ORDER 3858 57 27 37 49 2
8502 ORDER 3859 11 26 44 49 3
8503 ORDER 3860 57 36 3 2 1
8503 BLOCK 19 8
8508 ORDER 3861 39 33 30 50 0
8509 ORDER 3862 6 45 35 50 1
8510 ORDER 3863 50 18 66 49 0
8512 ORDER 3864 60 20 44 49 1
8513 ORDER 3865 6 24 1 45 0
8520 ORDER 3866 40 42 2 49 0
8521 ORDER 3867 11 27 30 49 0
8523 ORDER 3868 64 23 1 36 0
8525 ORDER 3869 22 6 1 50 0
8526 ORDER 3870 37 33 1 38 0
8528 ORDER 3871 38 47 1 11 0
8530 ORDER 3872 38 38 2 6 0
8531 ORDER 3873 13 24 61 50 0
8532 ORDER 3874 65 9 1 17 1
8534 ORDER 3875 50 15 33 49 0
8537 ORDER 3876 60 18 1 28 1
8539 UNBLOCK 32 18
8539 ORDER 3877 54 45 27 49 2
8543 UNBLOCK 5 40
8544 ORDER 3878 22 32 2 6 1
8545 ORDER 3879 59 47 3 16 2
8546 ORDER 3880 59 35 3 2 3
8547 ORDER 3881 20 42 1 37 1
8550 ORDER 3882 34 29 1 47 0
8552 ORDER 3883 14 20 3 21 1
8553 ORDER 3884 28 21 3 38 0
8555 ORDER 3885 35 11 67 49 0
8556 BLOCK 43 42
8559 ORDER 3886 32 11 1 44 0
8561 ORDER 3887 44 44 1 26 0
8563 ORDER 3888 48 27 56 50 2
8564 ORDER 3889 43 44 26 49 0
8564 BLOCK 46 9
8566 ORDER 3890 54 29 3 36 1
8568 CANCEL 3859
8569 ORDER 3891 28 42 37 50 0
8579 ORDER 3892 19 11 1 31 0
8583 ORDER 3893 56 3 1 16 1
8584 UNBLOCK 19 8
8584 ORDER 3894 7 41 20 50 0
8586 ORDER 3895 50 36 2 29 0
8587 ORDER 3896 8 3 2 22 0
8588 ORDER 3897 6 30 40 49 0
8591 ORDER 3898 35 17 52 50 0
8593 ORDER 3899 42 27 2 37 3
8594 ORDER 3900 6 15 14 50 0
8595 ORDER 3901 27 27 10 50 3
8596 ORDER 3902 22 23 3 45 1
8601 ORDER 3903 58 42 2 11 0
8603 ORDER 3904 34 44 52 50 0
8604 ORDER 3905 58 17 2 3 2
8605 ORDER 3906 42 6 47 50 1
8607 ORDER 3907 38 42 56 49 1
8608 UNBLOCK 54 48
8612 ORDER 3908 55 24 2 40 0
8613 ORDER 3909 23 45 2 13 0
8616 ORDER 3910 62 3 67 50 2
8616 CANCEL 103910
8618 ORDER 3911 59 24 40 49 0
8619 CANCEL 3850
8619 ORDER 3912 45 30 2 22 0
8622 ORDER 3913 60 24 1 1 0
8624 ORDER 3914 26 39 19 50 0
8625 ORDER 3915 57 44 1 30 0
8628 ORDER 3916 63 29 1 48 0
8630 ORDER 3917 61 5 49 49 0
8631 ORDER 3918 12 23 36 49 0
8635 ORDER 3919 17 42 13 50 0
8636 CANCEL 3838
8636 BLOCK 47 39
8639 ORDER 3920 22 41 45 50 0
8643 ORDER 3921 41 38 54 49 0
8644 ORDER 3922 52 38 66 50 0
8648 UNBLOCK 46 9
8648 ORDER 3923 12 41 2 12 0
8649 CANCEL 3894
8650 ORDER 3924 40 14 6 49 1
8651 ORDER 3925 25 30 3 10 0
8652 ORDER 3926 33 3 66 50 0
8653 ORDER 3927 49 47 24 49 0
8654 ORDER 3928 54 33 23 50 0
8656 ORDER 3929 18 17 1 37 1
8658 ORDER 3930 9 14 1 13 0
8661 ORDER 3931 35 45 1 28 0
8666 ORDER 3932 47 41 1 49 0
8668 ORDER 3933 13 33 4 49 0
8673 ORDER 3934 48 35 18 49 2
8674 ORDER 3935 57 36 2 47 2
8676 ORDER 3936 63 20 2 18 1
8677 ORDER 3937 43 23 2 43 0
8678 ORDER 3938 49 18 1 34 0
8679 ORDER 3939 34 23 2 24 0
8683 UNBLOCK 43 42
8685 ORDER 3940 35 44 63 50 1
8686 UNBLOCK 47 39
8686 ORDER 3941 40 11 1 26 0
8688 ORDER 3942 48 41 42 50 0
8690 ORDER 3943 52 47 67 49 0
8691 CANCEL 3875
8692 ORDER 3944 50 6 2 13 1
8693 ORDER 3945 22 39 10 49 2
8694 ORDER 3946 51 23 2 17 0
8695 ORDER 3947 64 26 43 50 0
8699 ORDER 3948 59 41 13 50 1
8701 ORDER 3949 38 29 58 50 0
8702 ORDER 3950 46 11 41 49 0
8706 ORDER 3951 7 33 67 50 1
8709 ORDER 3952 38 5 2 10 0
8710 ORDER 3953 56 8 1 42 3
8714 ORDER 3954 23 15 3 48 1
8715 ORDER 3955 42 21 60 49 0
8716 ORDER 3956 58 6 1 9 2
8718 CANCEL 3869
8719 ORDER 3957 29 33 2 16 0
8720 ORDER 3958 39 12 1 8 2
8724 ORDER 3959 19 15 1 42 1
8725 ORDER 3960 58 32 2 33 2
8726 ORDER 3961 62 18 2 17 0
8727 ORDER 3962 58 21 2 41 0
8728 ORDER 3963 12 33 11 50 2
8728 BLOCK 47 20
8738 ORDER 3964 8 9 3 15 0
8739 ORDER 3965 29 27 27 49 2
8740 ORDER 3966 57 5 3 16 1
8741 ORDER 3967 29 8 4 50 0
8742 ORDER 3968 64 8 2 37 1
8743 ORDER 3969 60 14 50 50 0
8744 ORDER 3970 12 8 1 23 0
8751 ORDER 3971 26 41 26 49 0
8755 ORDER 3972 21 24 2 48 0
8760 ORDER 3973 65 39 58 49 1
8762 ORDER 3974 39 39 2 20 0
8763 ORDER 3975 15 45 1 50 1
8765 ORDER 3976 37 9 4 49 2
8766 ORDER 3977 58 39 3 35 2
8768 ORDER 3978 48 14 1 9 0
8769 ORDER 3979 23 20 46 49 0
8770 ORDER 3980 57 8 51 50 1
8770 BLOCK 53 32
8773 ORDER 3981 27 11 11 49 0
8774 ORDER 3982 42 3 8 50 0
8776 ORDER 3983 46 41 2 7 0
8777 ORDER 3984 49 27 1 19 1
8778 ORDER 3985 49 26 61 50 0
8779 ORDER 3986 10 33 3 25 2
8782 ORDER 3987 38 24 55 49 2
8787 ORDER 3988 23 30 3 2 0
8788 ORDER 3989 65 29 3 20 0
8791 ORDER 3990 65 3 14 50 2
8794 ORDER 3991 8 11 13 50 1
8795 ORDER 3992 53 36 1 4 0
8796 ORDER 3993 58 26 39 50 0
8796 BLOCK 48 32
8798 BLOCK 59 12
8799 ORDER 3994 34 6 11 49 2
8800 ORDER 3995 15 39 3 49 0
8801 ORDER 3996 21 27 1 23 3
8801 CANCEL 103996
8802 ORDER 3997 10 27 2 24 0
8803 ORDER 3998 11 3 2 2 0
8803 BLOCK 11 21
8804 ORDER 3999 6 39 33 50 0
8806 ORDER 4000 65 17 33 49 1
8807 ORDER 4001 23 29 53 50 0
8809 ORDER 4002 31 8 45 49 0
8811 ORDER 4003 10 23 3 24 1
8812 CANCEL 3925
8812 BLOCK 23 26
8813 ORDER 4004 27 8 1 2 1
8814 ORDER 4005 62 23 62 50 0
8815 ORDER 4006 35 42 2 2 2
8816 ORDER 4007 19 41 2 1 1
8817 ORDER 4008 30 33 1 48 1
8820 ORDER 4009 48 9 1 23 2
8821 ORDER 4010 39 32 21 50 2
8824 UNBLOCK 47 20
8825 ORDER 4011 20 36 1 15 0
8826 ORDER 4012 40 6 9 49 0
8827 ORDER 4013 46 11 65 49 3
8831 ORDER 4014 53 18 28 50 2
8832 ORDER 4015 24 24 63 50 1
8834 ORDER 4016 30 41 3 2 1
8835 ORDER 4017 39 27 61 50 0
8836 ORDER 4018 9 24 3 22 0
8838 ORDER 4019 9 45 66 49 0
8839 BLOCK 39 1
8844 ORDER 4020 50 8 41 50 0
8845 ORDER 4021 48 20 3 1 0
8846 ORDER 4022 12 27 1 26 1
8848 ORDER 4023 60 18 25 49 3
8849 ORDER 4024 55 42 3 42 0
8851 ORDER 4025 62 27 3 23 0
8853 ORDER 4026 19 24 3 10 0
8855 ORDER 4027 32 39 65 50 0
8857 ORDER 4028 19 41 2 37 0
8858 ORDER 4029 35 39 2 13 0
8860 ORDER 4030 53 26 55 49 2
8861 ORDER 4031 27 20 64 49 0
8861 BLOCK 16 11
8864 ORDER 4032 16 6 38 49 0
8866 UNBLOCK 59 12
8866 ORDER 4033 11 23 1 2 0
8868 BLOCK 47 49
8869 ORDER 4034 10 14 64 50 0
8870 UNBLOCK 53 32
8870 BLOCK 61 40
8874 ORDER 4035 58 23 3 8 1
8875 ORDER 4036 14 32 60 50 1
8876 ORDER 4037 65 24 53 49 1
8878 ORDER 4038 19 9 2 10 0
8880 ORDER 4039 59 39 16 49 0
8881 ORDER 4040 35 24 63 50 0
8884 ORDER 4041 45 29 2 39 0
8889 UNBLOCK 48 32
8889 ORDER 4042 8 33 9 49 1
8891 ORDER 4043 50 45 1 50 1
8892 ORDER 4044 60 32 4 50 0
8893 UNBLOCK 39 1
8897 ORDER 4045 20 41 2 11 0
8899 BLOCK 9 42
8900 ORDER 4046 28 6 3 9 1
8903 UNBLOCK 61 40
8905 BLOCK 16 19
8906 ORDER 4047 35 23 2 12 0
8907 ORDER 4048 10 39 37 49 2
8912 ORDER 4049 63 20 3 12 0
8917 ORDER 4050 49 36 1 20 0
8920 UNBLOCK 16 11
8920 ORDER 4051 55 44 2 31 1
8922 UNBLOCK 11 21
8923 ORDER 4052 12 27 63 49 0
8927 ORDER 4053 31 39 1 44 0
8928 ORDER 4054 31 41 38 50 0
8931 CANCEL 4014
8931 UNBLOCK 47 49
8932 ORDER 4055 17 30 51 50 2
8935 ORDER 4056 61 38 3 16 0
8937 UNBLOCK 23 26
8937 ORDER 4057 62 21 3 24 0
8939 ORDER 4058 32 47 2 23 1
8941 CANCEL 4030
8944 ORDER 4059 62 15 2 8 1
8947 ORDER 4060 42 20 1 32 2
8950 ORDER 4061 63 14 45 50 1
8951 ORDER 4062 16 11 16 50 2
8952 ORDER 4063 46 38 1 38 0
8954 ORDER 4064 32 45 2 1 0
8955 ORDER 4065 21 30 30 49 0
8956 ORDER 4066 11 15 2 16 2
8960 ORDER 4067 49 39 5 50 0
8962 ORDER 4068 21 36 3 13 1
8965 ORDER 4069 41 33 44 49 1
8966 ORDER 4070 57 3 1 38 0
8967 ORDER 4071 26 39 1 36 0
8970 ORDER 4072 18 24 3 39 0
8971 CANCEL 4051
8971 ORDER 4073 46 6 65 49 0
8973 ORDER 4074 38 30 3 22 0
8974 ORDER 4075 21 32 1 43 0
8975 ORDER 4076 10 39 52 49 0
8977 ORDER 4077 24 30 2 27 3
8981 ORDER 4078 21 23 35 50 1
8982 ORDER 4079 7 42 3 21 0
8983 ORDER 4080 14 47 2 23 0
8983 BLOCK 65 45
8984 ORDER 4081 20 12 10 50 1
8987 UNBLOCK 16 19
8987 ORDER 4082 38 26 1 42 0
8989 UNBLOCK 9 42
8989 ORDER 4083 30 32 64 49 0
8990 CANCEL 4048
8990 ORDER 4084 25 23 41 49 0
8991 ORDER 4085 29 36 2 29 1
8994 ORDER 4086 17 36 1 45 0
9000 ORDER 4087 51 30 1 38 0
9001 ORDER 4088 20 27 65 49 2
9002 ORDER 4089 32 39 2 39 2
9006 ORDER 4090 57 30 1 20 0
9010 ORDER 4091 35 15 21 50 1
9013 ORDER 4092 14 18 2 42 0
9014 ORDER 4093 13 18 1 47 1
9015 ORDER 4094 29 33 2 32 0
9018 ORDER 4095 24 18 11 50 1
9019 ORDER 4096 63 30 12 50 1
9025 ORDER 4097 22 8 2 37 1
9027 ORDER 4098 48 5 29 49 1
9030 ORDER 4099 13 36 6 49 2
9031 CANCEL 4089
9033 ORDER 4100 9 44 1 27 1
9034 ORDER 4101 43 32 12 50 2
9035 ORDER 4102 7 11 2 25 1
9036 ORDER 4103 26 9 67 49 1
9038 ORDER 4104 18 24 3 12 1
9039 ORDER 4105 64 6 19 50 3
9041 ORDER 4106 7 33 3 49 0
9044 UNBLOCK 65 45
9044 ORDER 4107 38 5 3 44 0
9045 ORDER 4108 9 6 3 10 3
9046 CANCEL 4024
9046 ORDER 4109 50 24 1 4 0
9046 CANCEL 104109
9047 ORDER 4110 62 21 56 50 1
9050 ORDER 4111 60 8 1 46 1
9051 ORDER 4112 23 27 3 29 0
9052 ORDER 4113 47 27 11 49 1
9053 ORDER 4114 34 18 26 50 0
9056 ORDER 4115 60 38 35 49 3
9058 ORDER 4116 32 36 12 50 2
9059 ORDER 4117 29 47 47 49 1
9061 CANCEL 4093
9061 ORDER 4118 23 45 2 42 0
9062 ORDER 4119 47 39 1 15 1
9063 ORDER 4120 35 30 2 45 0
9063 BLOCK 64 11
9066 ORDER 4121 42 15 37 49 0
9066 BLOCK 62 2
9067 ORDER 4122 12 9 39 50 2
9073 ORDER 4123 31 39 1 18 1
9076 ORDER 4124 49 39 66 50 1
9078 ORDER 4125 48 41 52 50 1
9080 BLOCK 44 37
9085 ORDER 4126 46 24 3 24 0
9087 ORDER 4127 29 11 1 9 0
9089 ORDER 4128 32 5 67 49 0
9090 ORDER 4129 62 36 5 49 0
9092 ORDER 4130 49 38 12 50 0
9092 BLOCK 60 10
9093 ORDER 4131 44 11 27 50 0
9096 ORDER 4132 7 24 66 49 1
9097 ORDER 4133 57 11 1 19 1
9098 ORDER 4134 22 42 1 1 1
9102 ORDER 4135 8 41 36 49 0
9103 ORDER 4136 29 33 33 50 0
9105 ORDER 4137 61 3 20 50 3
9105 CANCEL 104137
9108 ORDER 4138 17 15 3 28 0
9109 ORDER 4139 30 14 1 16 0
9111 ORDER 4140 29 9 1 40 0
9114 ORDER 4141 55 34 18 49 1
9118 UNBLOCK 64 11
9118 ORDER 4142 43 3 7 50 0
9123 ORDER 4143 49 12 2 25 0
9126 ORDER 4144 31 21 1 17 3
9127 ORDER 4145 40 11 1 2 0
9128 ORDER 4146 28 18 56 49 1
9136 ORDER 4147 21 30 52 50 0
9140 ORDER 4148 64 41 3 36 0
9141 ORDER 4149 9 6 67 49 0
9144 ORDER 4150 11 47 46 49 2
9146 ORDER 4151 43 15 44 50 0
9147 ORDER 4152 34 12 24 50 0
9149 ORDER 4153 34 14 38 50 0
9150 ORDER 4154 53 35 2 42 3
9152 ORDER 4155 52 47 2 48 2
9152 BLOCK 12 43
9155 ORDER 4156 20 36 41 49 0
9156 CANCEL 4115
9156 ORDER 4157 17 12 57 49 1
9157 ORDER 4158 15 47 1 19 1
9158 ORDER 4159 43 42 2 26 0
9160 UNBLOCK 60 10
9161 ORDER 4160 29 36 56 49 1
9165 ORDER 4161 32 5 2 24 0
9166 ORDER 4162 40 26 1 42 0
9168 ORDER 4163 44 42 67 50 1
9169 CANCEL 4103
9169 ORDER 4164 63 18 20 49 1
9172 ORDER 4165 8 27 62 50 3
9176 UNBLOCK 62 2
9176 ORDER 4166 62 17 47 50 1
9182 ORDER 4167 64 35 3 15 0
9185 ORDER 4168 41 45 2 31 1
9186 ORDER 4169 23 29 2 42 0
9187 ORDER 4170 22 21 1 35 2
9188 UNBLOCK 44 37
9189 ORDER 4171 29 38 26 50 1
9193 ORDER 4172 26 41 17 50 0
9195 ORDER 4173 60 24 3 4 1
9197 ORDER 4174 45 42 8 49 1
9199 ORDER 4175 47 11 2 10 0
9200 ORDER 4176 61 21 42 50 0
9201 ORDER 4177 15 41 2 25 0
9202 ORDER 4178 37 26 1 15 0
9204 ORDER 4179 42 15 12 50 1
9209 ORDER 4180 48 44 30 50 2
9211 ORDER 4181 23 24 1 39 1
9212 BLOCK 47 17
9213 ORDER 4182 43 30 3 1 0
9215 ORDER 4183 18 38 21 49 0
9216 ORDER 4184 49 47 1 50 3
9218 ORDER 4185 12 37 2 14 1
9221 ORDER 4186 64 3 2 19 0
9222 ORDER 4187 28 24 46 50 0
9224 UNBLOCK 12 43
9226 ORDER 4188 7 12 10 50 0
9227 ORDER 4189 21 41 2 42 0
9228 ORDER 4190 42 15 47 49 0
9229 ORDER 4191 49 47 2 21 0
9230 ORDER 4192 28 9 54 50 0
9231 ORDER 4193 17 47 62 49 0
9237 ORDER 4194 13 20 3 9 1
9244 ORDER 4195 58 26 52 50 0
9245 ORDER 4196 30 8 2 49 2
9246 BLOCK 9 23
9255 ORDER 4197 48 8 10 50 3
9260 ORDER 4198 30 42 55 49 0
9262 ORDER 4199 56 3 2 12 1
9262 BLOCK 40 27
9263 ORDER 4200 29 12 7 50 2
9264 ORDER 4201 13 20 1 29 1
9265 ORDER 4202 43 21 2 40 1
9270 ORDER 4203 64 27 2 49 0
9272 ORDER 4204 8 44 3 9 1
9274 CANCEL 104204
9275 ORDER 4205 46 18 2 42 3
9276 ORDER 4206 43 42 66 50 0
9277 ORDER 4207 18 41 1 12 0
9278 ORDER 4208 57 14 1 30 0
9279 ORDER 4209 49 11 1 7 1
9280 ORDER 4210 6 9 2 41 0
9287 ORDER 4211 33 30 3 46 0
9288 ORDER 4212 38 20 14 49 1
9289 ORDER 4213 6 29 1 15 0
9290 ORDER 4214 45 21 31 49 2
9291 CANCEL 4180
9291 ORDER 4215 31 33 7 49 2
9292 ORDER 4216 38 29 7 49 1
9297 ORDER 4217 44 30 1 35 3
9298 ORDER 4218 53 3 1 33 0
9299 ORDER 4219 20 12 2 47 2
9300 ORDER 4220 8 47 2 42 0
9303 ORDER 4221 57 30 20 50 0
9305 ORDER 4222 46 39 2 24 0
9306 ORDER 4223 52 30 1 33 3
9309 ORDER 4224 26 12 47 49 3
9312 ORDER 4225 60 23 2 17 1
9313 ORDER 4226 60 39 3 50 0
9314 ORDER 4227 27 15 59 50 0
9318 ORDER 4228 33 44 3 14 2
9320 ORDER 4229 65 33 65 49 0
9321 UNBLOCK 40 27
9321 ORDER 4230 57 24 55 50 0
9322 UNBLOCK 47 17
9326 ORDER 4231 29 8 15 49 0
9331 ORDER 4232 21 33 62 50 0
9332 ORDER 4233 30 6 3 13 1
9334 ORDER 4234 36 8 3 48 0
9335 ORDER 4235 30 44 3 38 0
9337 ORDER 4236 35 27 2 10 0
9337 BLOCK 47 33
9338 ORDER 4237 40 29 45 49 0
9339 ORDER 4238 46 26 2 6 1
9340 ORDER 4239 15 6 8 50 0
9343 ORDER 4240 26 41 20 49 0
9347 ORDER 4241 19 8 3 2 1
9350 UNBLOCK 9 23
9350 ORDER 4242 49 25 3 37 1
9351 ORDER 4243 56 41 1 49 0
9360 ORDER 4244 51 37 3 41 0
9362 ORDER 4245 63 18 40 49 0
9365 ORDER 4246 16 12 40 49 2
9366 ORDER 4247 53 39 25 50 0
9367 ORDER 4248 56 26 1 46 0
9368 ORDER 4249 48 44 14 49 2
9369 ORDER 4250 58 17 3 47 0
9373 ORDER 4251 24 35 28 49 0
9375 ORDER 4252 40 30 3 18 0
9375 BLOCK 16 33
9379 ORDER 4253 38 29 1 20 0
9380 ORDER 4254 19 24 3 40 0
9382 ORDER 4255 8 27 1 26 0
9384 ORDER 4256 25 15 1 4 1
9385 ORDER 4257 27 24 1 50 3
9388 CANCEL 4215
9391 ORDER 4258 25 32 15 49 0
9394 ORDER 4259 50 15 9 50 3
9397 ORDER 4260 61 23 6 50 0
9398 ORDER 4261 47 6 60 50 1
9400 ORDER 4262 63 27 1 32 2
9401 ORDER 4263 35 21 3 8 1
9402 ORDER 4264 40 41 2 32 0
9405 ORDER 4265 17 30 51 49 1
9407 ORDER 4266 18 9 56 49 0
9408 BLOCK 33 27
9409 ORDER 4267 62 38 29 49 2
9410 BLOCK 33 50
9411 ORDER 4268 8 29 1 6 0
9412 ORDER 4269 62 3 3 30 0
9415 ORDER 4270 41 35 2 4 0
9418 ORDER 4271 31 11 45 49 1
9421 ORDER 4272 17 15 1 46 1
9424 ORDER 4273 50 20 56 49 0
9427 BLOCK 52 43
9428 ORDER 4274 36 41 67 49 1
9432 ORDER 4275 42 26 1 22 0
9433 ORDER 4276 44 21 13 50 0
9434 ORDER 4277 16 38 55 50 1
9436 ORDER 4278 39 32 3 31 1
9437 ORDER 4279 49 9 2 29 1
9441 ORDER 4280 42 33 3 21 1
9443 ORDER 4281 7 11 23 50 0
9444 ORDER 4282 37 8 3 20 0
9452 ORDER 4283 30 27 68 49 1
9453 ORDER 4284 18 35 1 19 0
9455 ORDER 4285 27 45 40 49 0
9458 UNBLOCK 16 33
9462 ORDER 4286 54 3 43 49 0
9464 ORDER 4287 33 15 3 40 0
9468 ORDER 4288 39 23 3 49 0
9470 ORDER 4289 27 6 3 18 0
9473 ORDER 4290 29 21 2 26 0
9475 ORDER 4291 51 23 3 29 0
9476 ORDER 4292 12 39 40 50 1
9477 ORDER 4293 57 3 1 44 2
9478 ORDER 4294 65 26 16 50 0
9479 ORDER 4295 56 20 3 50 1
9480 UNBLOCK 47 33
9484 ORDER 4296 7 17 3 22 0
9485 ORDER 4297 18 20 27 49 0
9486 ORDER 4298 36 11 2 40 0
9487 ORDER 4299 49 29 5 50 2
9490 ORDER 4300 27 35 1 31 2
9496 ORDER 4301 10 20 2 20 0
9497 UNBLOCK 33 27
9497 BLOCK 14 12
9500 ORDER 4302 42 24 28 49 0
9501 ORDER 4303 52 6 2 7 1
9502 ORDER 4304 56 33 48 50 1
9505 ORDER 4305 9 15 7 50 0
9507 ORDER 4306 45 6 1 23 3
9508 ORDER 4307 59 42 3 19 0
9509 ORDER 4308 25 44 49 50 1
9510 ORDER 4309 12 3 38 50 1
9511 BLOCK 65 26
9513 ORDER 4310 24 14 1 24 0
9516 ORDER 4311 8 15 2 24 1
9517 ORDER 4312 9 33 2 37 0
9518 ORDER 4313 41 15 3 9 0
9519 ORDER 4314 8 27 1 48 2
9520 ORDER 4315 57 12 3 21 0
9520 BLOCK 37 35
9522 UNBLOCK 33 50
9523 ORDER 4316 35 41 1 6 0
9524 ORDER 4317 28 8 1 30 0
9525 ORDER 4318 40 15 6 49 0
9526 ORDER 4319 31 29 44 50 2
9528 ORDER 4320 21 6 6 50 2
9529 ORDER 4321 60 36 21 49 1
9530 ORDER 4322 51 44 1 39 0
9532 ORDER 4323 29 30 36 49 0
9533 ORDER 4324 27 5 2 49 0
9533 BLOCK 19 29
9534 BLOCK 32 15
9535 ORDER 4325 57 43 3 23 0
9536 ORDER 4326 36 42 20 49 0
9539 ORDER 4327 25 14 55 50 1
9541 ORDER 4328 62 29 66 49 1
9543 ORDER 4329 20 33 41 50 0
9544 ORDER 4330 23 17 26 49 1
9551 ORDER 4331 8 18 43 50 0
9553 ORDER 4332 26 14 3 17 0
9555 ORDER 4333 21 32 26 50 0
9556 CANCEL 4314
9556 ORDER 4334 13 20 3 23 0
9557 ORDER 4335 41 18 1 32 0
9560 ORDER 4336 26 15 9 50 0
9562 ORDER 4337 27 23 15 49 0
9563 ORDER 4338 7 23 3 38 0
9564 ORDER 4339 21 26 19 49 0
9565 ORDER 4340 65 5 1 4 0
9566 ORDER 4341 64 41 37 50 0
9569 ORDER 4342 59 47 35 49 0
9570 ORDER 4343 8 18 65 49 1
9572 ORDER 4344 13 38 49 49 1
9574 ORDER 4345 34 14 63 50 3
9575 UNBLOCK 52 43
9575 ORDER 4346 46 45 5 49 1
9576 ORDER 4347 63 20 3 10 0
9577 ORDER 4348 10 44 64 49 0
9579 ORDER 4349 32 15 29 50 1
9580 ORDER 4350 31 23 41 49 0
9581 ORDER 4351 29 33 2 49 1
9584 ORDER 4352 50 44 1 50 0
9585 ORDER 4353 9 14 3 14 0
9586 ORDER 4354 8 15 3 38 3
9587 ORDER 4355 23 32 31 49 0
9588 ORDER 4356 40 30 1 43 0
9589 ORDER 4357 39 32 24 49 0
9591 UNBLOCK 37 35
9592 ORDER 4358 59 14 48 49 0
9593 ORDER 4359 46 3 64 50 0
9596 ORDER 4360 14 42 3 35 0
9601 ORDER 4361 21 39 3 25 0
9610 ORDER 4362 31 26 3 20 0
9615 CANCEL 4298
9615 ORDER 4363 26 14 2 31 0
9615 BLOCK 54 3
9618 ORDER 4364 41 35 2 17 2
9622 ORDER 4365 60 44 3 47 1
9623 BLOCK 57 22
9625 ORDER 4366 24 12 12 49 0
9626 ORDER 4367 49 17 42 50 0
9628 CANCEL 4324
9628 ORDER 4368 29 23 1 22 1
9633 ORDER 4369 58 3 1 33 0
9634 ORDER 4370 61 15 18 50 1
9637 ORDER 4371 37 35 3 28 1
9638 ORDER 4372 36 45 51 50 1
9639 ORDER 4373 19 6 53 50 1
9642 UNBLOCK 14 12
9643 ORDER 4374 37 45 1 36 1
9643 CANCEL 104374
9644 ORDER 4375 33 3 10 50 0
9645 ORDER 4376 40 36 1 36 0
9646 ORDER 4377 35 15 1 9 1
9649 BLOCK 29 18
9650 ORDER 4378 25 21 61 50 0
9651 CANCEL 4343
9651 ORDER 4379 9 41 65 49 1
9652 ORDER 4380 57 29 68 49 1
9657 ORDER 4381 52 30 1 3 0
9659 ORDER 4382 6 35 1 46 1
9660 ORDER 4383 53 39 1 25 0
9661 UNBLOCK 65 26
9661 ORDER 4384 52 12 2 31 3
9663 ORDER 4385 49 39 1 45 1
9665 ORDER 4386 14 20 3 6 1
9666 ORDER 4387 59 41 3 9 2
9666 BLOCK 54 16
9668 ORDER 4388 21 20 3 44 0
9669 UNBLOCK 32 15
9669 ORDER 4389 6 30 64 49 2
9670 UNBLOCK 19 29
9670 ORDER 4390 59 14 46 49 0
9673 ORDER 4391 58 18 21 49 1
9674 ORDER 4392 39 32 1 4 1
9676 ORDER 4393 62 23 14 50 0
9677 ORDER 4394 33 20 1 50 2
9679 ORDER 4395 11 11 2 31 1
9680 ORDER 4396 63 18 12 50 3
9682 ORDER 4397 8 30 47 50 1
9683 ORDER 4398 37 20 1 6 0
9684 ORDER 4399 56 12 1 28 0
9686 ORDER 4400 31 28 24 50 0
9687 ORDER 4401 17 47 20 49 1
9689 ORDER 4402 15 46 2 23 0
9690 ORDER 4403 61 42 68 49 0
9691 ORDER 4404 19 11 1 47 3
9698 UNBLOCK 54 3
9698 ORDER 4405 46 3 2 22 1
9699 ORDER 4406 37 41 3 40 0
9700 ORDER 4407 42 27 2 48 0
9706 BLOCK 5 47
9707 ORDER 4408 10 8 33 50 1
9709 ORDER 4409 18 45 2 1 0
9710 ORDER 4410 46 47 24 50 0
9712 ORDER 4411 8 12 3 25 0
9713 ORDER 4412 20 41 28 50 2
9715 ORDER 4413 7 6 1 26 0
9716 UNBLOCK 54 16
9716 ORDER 4414 31 24 1 48 3
9717 ORDER 4415 41 14 7 50 0
9724 ORDER 4416 12 5 45 50 0
9725 UNBLOCK 57 22
9725 ORDER 4417 56 35 3 37 0
9727 ORDER 4418 64 24 2 27 1
9729 ORDER 4419 39 38 58 49 0
9730 ORDER 4420 64 12 3 12 0
9736 ORDER 4421 34 15 2 19 0
9737 ORDER 4422 60 33 23 49 0
9743 ORDER 4423 40 41 3 50 0
9745 ORDER 4424 47 20 38 50 0
9746 ORDER 4425 54 44 21 50 0
9747 ORDER 4426 37 8 66 49 0
9748 ORDER 4427 62 45 50 49 2
9749 CANCEL 4423
9749 ORDER 4428 51 36 1 43 1
9750 ORDER 4429 49 33 67 49 0
9751 ORDER 4430 58 9 31 50 2
9754 ORDER 4431 40 6 14 50 2
9756 ORDER 4432 9 41 24 50 1
9757 UNBLOCK 29 18
9757 ORDER 4433 64 8 37 49 0
9757 BLOCK 10 26
9758 CANCEL 4367
9759 ORDER 4434 46 39 2 18 2
9761 ORDER 4435 33 38 22 49 1
9763 ORDER 4436 45 47 26 50 0
9763 BLOCK 41 49
9764 ORDER 4437 30 24 1 11 0
9767 ORDER 4438 65 33 7 50 1
9768 ORDER 4439 40 41 1 28 0
9769 ORDER 4440 26 42 1 8 1
9770 ORDER 4441 63 11 18 49 2
9771 ORDER 4442 10 17 16 49 0
9773 BLOCK 55 35
9774 ORDER 4443 21 26 3 15 0
9775 ORDER 4444 16 11 65 49 0
9776 ORDER 4445 21 18 23 50 1
9777 ORDER 4446 6 45 1 38 2
9781 CANCEL 4394
9782 ORDER 4447 48 32 3 15 1
9783 ORDER 4448 9 35 1 49 0
9784 ORDER 4449 53 21 3 6 1
9785 ORDER 4450 51 42 1 3 0
9788 ORDER 4451 34 35 1 47 3
9790 ORDER 4452 45 30 2 30 0
9796 UNBLOCK 41 49
9799 CANCEL 4403
9799 ORDER 4453 63 21 20 49 0
9800 BLOCK 38 48
9801 ORDER 4454 57 3 22 50 1
9802 ORDER 4455 13 35 13 50 0
9803 UNBLOCK 10 26
9806 ORDER 4456 34 27 3 12 0
9810 ORDER 4457 40 26 2 17 0
9811 ORDER 4458 53 47 1 48 1
9813 ORDER 4459 48 15 25 50 1
9818 ORDER 4460 18 19 67 49 0
9819 ORDER 4461 54 3 2 9 0
9823 CANCEL 4398
9827 ORDER 4462 30 11 3 40 0
9828 ORDER 4463 8 5 64 49 0
9829 ORDER 4464 20 20 63 49 0
9830 ORDER 4465 28 3 51 50 1
9831 UNBLOCK 5 47
9832 ORDER 4466 48 30 3 42 0
9833 ORDER 4467 22 39 2 2 0
9835 ORDER 4468 37 44 1 4 0
9836 ORDER 4469 58 47 3 13 0
9837 ORDER 4470 33 12 3 38 0
9839 ORDER 4471 44 15 3 31 0
9840 ORDER 4472 49 31 1 48 1
9841 ORDER 4473 40 27 3 15 1
9841 BLOCK 65 9
9843 ORDER 4474 26 36 2 31 0
9844 ORDER 4475 45 35 3 24 2
9847 ORDER 4476 34 42 60 50 0
9848 ORDER 4477 37 45 1 6 0
9849 CANCEL 4439
9849 ORDER 4478 18 33 1 8 0
9851 CANCEL 4435
9851 UNBLOCK 38 48
9853 ORDER 4479 60 14 2 29 0
9855 ORDER 4480 61 3 2 23 1
9856 ORDER 4481 18 39 27 50 1
9858 ORDER 4482 48 20 10 49 0
9859 ORDER 4483 12 6 23 49 0
9860 ORDER 4484 52 12 3 21 1
9860 BLOCK 39 15
9864 ORDER 4485 40 27 27 50 0
9867 ORDER 4486 28 44 47 49 1
9869 ORDER 4487 11 38 3 24 0
9870 ORDER 4488 50 27 12 49 1
9871 ORDER 4489 15 5 1 29 0
9874 ORDER 4490 36 44 1 50 2
9877 ORDER 4491 41 26 3 36 1
9883 ORDER 4492 60 30 2 21 1
9884 ORDER 4493 40 41 47 50 0
9885 ORDER 4494 64 39 45 49 0
9887 ORDER 4495 60 47 2 38 0
9889 CANCEL 4431
9889 UNBLOCK 55 35
9889 ORDER 4496 54 42 43 50 1
9891 ORDER 4497 29 6 1 2 0
9894 ORDER 4498 56 38 20 49 1
9897 ORDER 4499 21 41 39 50 2
9899 ORDER 4500 42 27 61 49 0
9900 ORDER 4501 19 6 1 33 0
9903 ORDER 4502 39 20 30 49 3
9905 ORDER 4503 37 41 56 49 0
9906 ORDER 4504 13 38 56 50 1
9907 ORDER 4505 32 18 2 28 0
9908 CANCEL 4412
9908 ORDER 4506 30 11 23 49 1
9909 ORDER 4507 46 8 10 50 0
9911 ORDER 4508 17 12 67 50 0
9912 BLOCK 38 45
9914 UNBLOCK 39 15
9915 ORDER 4509 42 5 41 49 1
9916 ORDER 4510 51 21 1 31 1
9918 BLOCK 62 49
9922 ORDER 4511 46 29 18 50 1
9925 ORDER 4512 23 24 62 50 0
9926 ORDER 4513 8 32 2 7 0
9927 ORDER 4514 50 21 3 22 3
9929 ORDER 4515 20 30 63 49 0
9931 ORDER 4516 26 8 1 6 0
9932 ORDER 4517 18 27 63 49 0
9933 CANCEL 4506
9935 ORDER 4518 33 12 64 50 1
9940 ORDER 4519 7 34 1 2 0
9943 CANCEL 4518
9943 ORDER 4520 56 9 13 50 0
9944 UNBLOCK 65 9
9944 ORDER 4521 29 35 1 21 1
9952 ORDER 4522 21 12 29 50 0
9954 ORDER 4523 62 30 2 32 1
9956 ORDER 4524 37 42 38 50 1
9959 ORDER 4525 16 26 3 5 0
9961 ORDER 4526 54 47 56 49 2
9963 CANCEL 4472
9963 ORDER 4527 38 42 1 44 0
9964 ORDER 4528 25 14 28 50 0
9965 ORDER 4529 28 18 51 50 1
9966 ORDER 4530 27 41 1 10 3
9967 ORDER 4531 60 20 67 49 0
9968 ORDER 4532 45 45 47 50 0
9969 ORDER 4533 48 3 7 50 0
9972 ORDER 4534 23 20 46 49 1
9973 ORDER 4535 21 11 1 2 0
9975 ORDER 4536 62 9 1 12 2
9976 ORDER 4537 9 24 2 22 0
9977 UNBLOCK 38 45
9977 ORDER 4538 65 35 14 49 1
9978 ORDER 4539 56 5 11 50 1
9979 BLOCK 19 21
9980 CANCEL 4495
9980 ORDER 4540 17 21 1 50 3
9983 UNBLOCK 62 49
9983 ORDER 4541 37 47 29 49 0
9984 ORDER 4542 61 3 3 2 2
9985 ORDER 4543 40 44 36 50 0
9986 ORDER 4544 63 41 26 50 2
9988 ORDER 4545 57 29 51 49 0
9990 ORDER 4546 47 14 7 50 1
9992 BLOCK 37 45
9994 ORDER 4547 11 14 18 49 0
9995 ORDER 4548 46 41 1 3 0
9998 ORDER 4549 43 15 61 50 0
