0 ASSIGN 1 R12 2
1 ASSIGN 2 R36 1
1 PICK 1 R12
1 PICK 2 R36
2 ASSIGN 3 R8 0
2 PICK 3 R8
3 ASSIGN 4 R71 3
4 ASSIGN 5 R48 1
4 PICK 5 R48
5 ASSIGN 6 R1 2
5 PICK 4 R71
6 ASSIGN 7 R52 7
6 PICK 6 R1
7 ASSIGN 8 R2 2
8 ASSIGN 9 R58 9
8 PICK 8 R2
9 ASSIGN 10 R69 2
10 PICK 10 R69
11 ASSIGN 11 R26 0
11 PICK 11 R26
12 ASSIGN 12 R44 0
12 PICK 12 R44
12 PICK 7 R52
13 ASSIGN 13 R39 2
13 SIDESTEP R48
14 ASSIGN 14 R5 6
14 PICK 13 R39
16 PICK 9 R58
17 ASSIGN 15 R31 2
17 SIDESTEP R44
18 ASSIGN 16 R25 3
18 SIDESTEP R26
18 PICK 15 R31
18 SIDESTEP R48
19 ASSIGN 17 R65 4
19 PICK 14 R5
19 SIDESTEP R12
20 PICK 16 R25
21 ASSIGN 18 R67 3
22 ASSIGN 19 R19 9
22 PICK 17 R65
23 REJECT 20
23 SIDESTEP R1
23 SIDESTEP R44
23 SIDESTEP R48
23 PICK 18 R67
24 ASSIGN 21 R57 1
24 SIDESTEP R26
24 PICK 21 R57
25 ASSIGN 22 R32 6
25 SIDESTEP R12
25 SIDESTEP R71
26 ASSIGN 23 R21 2
26 SIDESTEP R36
27 ASSIGN 24 R49 7
27 PICK 23 R21
27 DELIVER 17 R65 8
28 ASSIGN 25 R76 7
29 ASSIGN 26 R18 10
29 SIDESTEP R1
29 SIDESTEP R44
30 ASSIGN 27 R7 3
30 PICK 19 R19
30 SIDESTEP R26
30 PICK 22 R32
31 ASSIGN 28 R74 7
31 SIDESTEP R12
31 SIDESTEP R71
32 ASSIGN 29 R45 8
32 PICK 27 R7
32 SIDESTEP R36
33 ASSIGN 30 R9 8
33 SIDESTEP R2
33 SIDESTEP R25
33 PICK 24 R49
33 SIDESTEP R69
34 ASSIGN 31 R68 2
34 DELIVER 3 R8 32
34 SIDESTEP R57
34 PICK 25 R76
35 SIDESTEP R1
35 SIDESTEP R31
35 SIDESTEP R44
35 PICK 31 R68
36 ASSIGN 32 R22 8
37 ASSIGN 33 R4 2
37 SIDESTEP R12
37 SIDESTEP R71
37 PICK 28 R74
38 ASSIGN 34 R77 3
38 PICK 33 R4
38 PICK 26 R18
38 SIDESTEP R36
38 SIDESTEP R69
39 ASSIGN 35 R15 10
39 SIDESTEP R2
39 SIDESTEP R25
39 SIDESTEP R48
39 SIDESTEP R52
40 ASSIGN 36 R14 9
40 PICK 30 R9
40 SIDESTEP R57
40 SIDESTEP R76
40 PICK 34 R77
41 ASSIGN 37 R63 8
41 SIDESTEP R1
41 SIDESTEP R44
42 ASSIGN 38 R53 1
42 SIDESTEP R12
42 PICK 38 R53
43 SIDESTEP R4
43 SIDESTEP R7
43 PICK 32 R22
43 PICK 29 R45
43 SIDESTEP R71
44 DELIVER 30 R9 11
44 SIDESTEP R36
44 SIDESTEP R39
45 ASSIGN 39 R40 5
45 SIDESTEP R2
45 SIDESTEP R25
45 SIDESTEP R32
46 SIDESTEP R57
47 ASSIGN 40 R70 4
47 SIDESTEP R1
47 SIDESTEP R44
47 SIDESTEP R48
48 ASSIGN 41 R23 12
48 SIDESTEP R4
48 PICK 36 R14
48 PICK 35 R15
49 ASSIGN 42 R62 5
49 SIDESTEP R7
49 SIDESTEP R39
49 PICK 39 R40
49 SIDESTEP R71
49 REPORT pending=0 aged=0 idle=42 to_pickup=4 delivering=34 to_charger=0 charging=0 dead=0 hot=30,15,6
50 ASSIGN 43 R9 6
50 SIDESTEP R36
50 DELIVER 24 R49 23
50 PICK 40 R70
51 ASSIGN 44 R20 7
51 SIDESTEP R2
52 ASSIGN 45 R79 4
52 DELIVER 11 R26 41
52 SIDESTEP R53
52 SIDESTEP R57
52 PICK 37 R63
53 ASSIGN 46 R6 0
53 SIDESTEP R1
53 SIDESTEP R4
53 PICK 46 R6
53 SIDESTEP R44
53 SIDESTEP R68
54 ASSIGN 47 R0 3
54 SIDESTEP R7
54 SIDESTEP R12
54 SIDESTEP R76
55 ASSIGN 48 R29 5
55 PICK 43 R9
55 SIDESTEP R71
55 DELIVER 28 R74 24
55 PICK 45 R79
56 ASSIGN 49 R60 11
56 PICK 47 R0
56 SIDESTEP R36
57 ASSIGN 50 R30 6
57 SIDESTEP R2
57 PICK 44 R20
57 SIDESTEP R40
57 SIDESTEP R53
58 ASSIGN 51 R43 10
58 SIDESTEP R4
58 SIDESTEP R68
59 ASSIGN 52 R75 11
59 SIDESTEP R1
59 SIDESTEP R21
59 PICK 41 R23
59 PICK 48 R29
59 SIDESTEP R44
60 ASSIGN 53 R51 5
60 SIDESTEP R12
60 SIDESTEP R76
61 ASSIGN 54 R73 12
61 SIDESTEP R69
61 SIDESTEP R71
62 ASSIGN 55 R78 10
62 PICK 50 R30
62 SIDESTEP R53
63 ASSIGN 56 R47 2
63 SIDESTEP R2
63 SIDESTEP R4
64 SIDESTEP R1
64 PICK 53 R51
64 DELIVER 9 R58 56
64 PICK 42 R62
64 SIDESTEP R77
65 ASSIGN 57 R41 7
65 SIDESTEP R21
65 DELIVER 39 R40 20
65 SIDESTEP R44
65 SIDESTEP R68
66 ASSIGN 58 R46 10
66 PICK 49 R60
66 SIDESTEP R76
67 ASSIGN 59 R16 10
67 PICK 51 R43
67 SIDESTEP R69
67 SIDESTEP R71
68 ASSIGN 60 R37 14
68 SIDESTEP R4
68 DELIVER 14 R5 54
68 SIDESTEP R22
68 PICK 56 R47
69 ASSIGN 61 R17 7
69 SIDESTEP R2
69 PICK 52 R75
70 ASSIGN 62 R8 10
71 ASSIGN 63 R59 23
71 SIDESTEP R21
71 DELIVER 15 R31 54
71 PICK 57 R41
71 SIDESTEP R73
71 PICK 55 R78
72 ASSIGN 64 R38 23
72 SIDESTEP R32
72 DELIVER 13 R39 59
73 ASSIGN 65 R72 14
73 SIDESTEP R22
73 SIDESTEP R48
73 SIDESTEP R69
73 SIDESTEP R70
73 SIDESTEP R71
74 ASSIGN 66 R24 15
74 SIDESTEP R19
75 ASSIGN 67 R33 10
75 SIDESTEP R2
75 PICK 61 R17
75 PICK 58 R46
75 DELIVER 25 R76 47
76 ASSIGN 68 R74 15
76 DELIVER 23 R21 50
76 DELIVER 53 R51 16
76 SIDESTEP R53
77 ASSIGN 69 R21 23
77 DELIVER 46 R6 24
77 PICK 59 R16
78 ASSIGN 70 R54 18
78 SIDESTEP R8
78 SIDESTEP R70
78 PICK 54 R73
79 ASSIGN 71 R13 8
79 SIDESTEP R33
79 SIDESTEP R36
79 SIDESTEP R68
79 SIDESTEP R69
79 SIDESTEP R71
80 ASSIGN 72 R27 4
80 SIDESTEP R19
81 ASSIGN 73 R51 6
81 SIDESTEP R2
81 DELIVER 27 R7 51
81 PICK 60 R37
81 DELIVER 18 R67 60
82 ASSIGN 74 R65 29
82 SIDESTEP R53
83 SIDESTEP R8
83 SIDESTEP R12
83 PICK 72 R27
83 SIDESTEP R38
83 SIDESTEP R70
84 SIDESTEP R33
84 SIDESTEP R62
84 SIDESTEP R69
85 ASSIGN 75 R40 11
85 SIDESTEP R1
85 SIDESTEP R36
85 SIDESTEP R59
86 PICK 71 R13
86 SIDESTEP R19
86 DELIVER 7 R52 80
86 SIDESTEP R71
86 PICK 65 R72
87 ASSIGN 76 R52 22
87 SIDESTEP R2
87 DELIVER 35 R15 48
87 DELIVER 32 R22 51
87 SIDESTEP R25
87 DELIVER 50 R30 30
88 ASSIGN 77 R30 6
88 SIDESTEP R8
88 SIDESTEP R20
88 PICK 66 R24
88 SIDESTEP R53
88 SIDESTEP R70
88 SIDESTEP R77
89 ASSIGN 78 R39 45
89 SIDESTEP R4
89 DELIVER 1 R12 89
89 DELIVER 26 R18 60
89 SIDESTEP R33
89 SIDESTEP R41
89 SIDESTEP R69
89 SIDESTEP R75
90 ASSIGN 79 R34 5
90 SIDESTEP R1
90 PICK 73 R51
90 SIDESTEP R59
90 SIDESTEP R68
91 ASSIGN 80 R56 7
91 SIDESTEP R19
91 SIDESTEP R36
91 SIDESTEP R46
91 DELIVER 49 R60 35
92 ASSIGN 81 R22 11
92 SIDESTEP R9
92 SIDESTEP R25
92 PICK 68 R74
92 DELIVER 55 R78 30
93 ASSIGN 82 R5 9
93 SIDESTEP R2
93 SIDESTEP R8
93 DELIVER 44 R20 42
93 SIDESTEP R77
94 SIDESTEP R33
94 PICK 79 R34
94 SIDESTEP R41
94 SIDESTEP R52
94 SIDESTEP R53
94 SIDESTEP R57
94 SIDESTEP R69
94 SIDESTEP R75
95 ASSIGN 83 R6 16
95 SIDESTEP R4
95 SIDESTEP R32
95 SIDESTEP R39
95 SIDESTEP R68
96 SIDESTEP R1
96 SIDESTEP R19
96 SIDESTEP R22
96 SIDESTEP R24
96 PICK 77 R30
96 DELIVER 5 R48 92
97 ASSIGN 84 R58 7
97 DELIVER 61 R17 28
97 SIDESTEP R25
97 SIDESTEP R29
97 SIDESTEP R36
97 SIDESTEP R46
97 PICK 80 R56
98 ASSIGN 85 R17 10
98 SIDESTEP R8
99 ASSIGN 86 R76 6
99 SIDESTEP R2
99 SIDESTEP R57
99 SIDESTEP R69
99 SIDESTEP R70
99 SIDESTEP R75
99 REPORT pending=0 aged=0 idle=23 to_pickup=16 delivering=41 to_charger=0 charging=0 dead=0 hot=23,18,9
100 ASSIGN 87 R12 10
100 SIDESTEP R41
100 SIDESTEP R53
100 SIDESTEP R71
101 ASSIGN 88 R18 12
101 SIDESTEP R4
101 PICK 82 R5
101 SIDESTEP R19
101 SIDESTEP R24
101 SIDESTEP R39
101 SIDESTEP R59
102 ASSIGN 89 R50 14
102 SIDESTEP R17
102 SIDESTEP R25
102 DELIVER 29 R45 70
103 ASSIGN 90 R31 24
103 SIDESTEP R29
103 DELIVER 22 R32 78
103 SIDESTEP R36
103 SIDESTEP R46
103 PICK 84 R58
104 ASSIGN 91 R28 22
104 PICK 69 R21
104 DELIVER 73 R51 23
104 SIDESTEP R57
104 SIDESTEP R69
104 SIDESTEP R70
104 SIDESTEP R75
104 PICK 86 R76
104 SIDESTEP R77
105 SIDESTEP R2
105 SIDESTEP R12
105 SIDESTEP R41
105 SIDESTEP R73
106 ASSIGN 92 R32 11
106 DELIVER 59 R16 39
106 SIDESTEP R19
106 SIDESTEP R22
106 SIDESTEP R47
106 SIDESTEP R53
106 SIDESTEP R59
106 SIDESTEP R63
106 SIDESTEP R68
106 SIDESTEP R71
107 ASSIGN 93 R67 13
107 SIDESTEP R4
107 SIDESTEP R24
107 SIDESTEP R25
107 SIDESTEP R74
108 ASSIGN 94 R49 29
108 DELIVER 41 R23 60
109 ASSIGN 95 R35 18
109 SIDESTEP R29
109 SIDESTEP R36
109 DELIVER 51 R43 51
109 SIDESTEP R69
109 SIDESTEP R70
109 SIDESTEP R75
109 SIDESTEP R77
110 PICK 83 R6
110 SIDESTEP R41
110 SIDESTEP R73
111 ASSIGN 96 R48 23
111 SIDESTEP R2
111 SIDESTEP R18
111 SIDESTEP R19
111 DELIVER 12 R44 99
111 SIDESTEP R47
111 SIDESTEP R68
112 ASSIGN 97 R55 10
112 PICK 62 R8
112 SIDESTEP R12
112 SIDESTEP R17
112 SIDESTEP R22
112 SIDESTEP R24
112 SIDESTEP R49
112 PICK 76 R52
112 SIDESTEP R53
112 SIDESTEP R59
112 SIDESTEP R71
112 SIDESTEP R74
113 ASSIGN 98 R45 21
113 SIDESTEP R4
114 ASSIGN 99 R16 23
114 DELIVER 16 R25 96
114 DELIVER 37 R63 73
114 SIDESTEP R69
114 SIDESTEP R75
114 SIDESTEP R77
115 ASSIGN 100 R43 28
115 SIDESTEP R29
115 SIDESTEP R41
115 PICK 89 R50
116 SIDESTEP R18
116 SIDESTEP R19
116 SIDESTEP R31
116 PICK 92 R32
116 SIDESTEP R47
116 SIDESTEP R56
117 ASSIGN 101 R63 10
117 SIDESTEP R2
117 SIDESTEP R17
117 SIDESTEP R24
117 SIDESTEP R30
117 DELIVER 2 R36 116
117 SIDESTEP R59
117 SIDESTEP R68
117 DELIVER 54 R73 56
117 SIDESTEP R74
118 ASSIGN 102 R36 29
118 SIDESTEP R5
118 SIDESTEP R53
118 SIDESTEP R55
118 PICK 74 R65
118 SIDESTEP R71
119 ASSIGN 103 R20 8
119 SIDESTEP R4
119 SIDESTEP R67
119 SIDESTEP R69
119 SIDESTEP R77
120 ASSIGN 104 R73 30
120 SIDESTEP R41
120 DELIVER 86 R76 21
121 ASSIGN 105 R78 7
121 SIDESTEP R19
121 SIDESTEP R29
121 SIDESTEP R56
122 ASSIGN 106 R42 31
122 SIDESTEP R18
122 SIDESTEP R30
122 SIDESTEP R31
122 PICK 67 R33
122 SIDESTEP R74
123 ASSIGN 107 R15 16
123 SIDESTEP R2
123 SIDESTEP R5
123 SIDESTEP R6
123 PICK 87 R12
123 SIDESTEP R22
124 PICK 75 R40
124 SIDESTEP R53
124 SIDESTEP R69
125 ASSIGN 108 R26 28
125 SIDESTEP R4
125 SIDESTEP R78
126 ASSIGN 109 R10 41
126 DELIVER 72 R27 46
126 PICK 64 R38
126 PICK 101 R63
126 PICK 93 R67
127 ASSIGN 110 R64 9
127 DELIVER 8 R2 120
127 DELIVER 71 R13 48
127 SIDESTEP R18
127 PICK 103 R20
127 SIDESTEP R30
127 SIDESTEP R31
127 SIDESTEP R35
127 SIDESTEP R39
127 PICK 97 R55
127 SIDESTEP R70
127 SIDESTEP R74
128 CANCEL_FAIL 65
128 ASSIGN 111 R27 19
128 SIDESTEP R5
128 SIDESTEP R28
128 SIDESTEP R37
128 SIDESTEP R48
128 SIDESTEP R52
128 SIDESTEP R68
129 ASSIGN 112 R13 11
129 PICK 81 R22
129 SIDESTEP R57
129 SIDESTEP R59
129 SIDESTEP R69
130 ASSIGN 113 R2 31
130 SIDESTEP R4
131 ASSIGN 114 R7 13
131 SIDESTEP R26
131 DELIVER 38 R53 89
131 PICK 105 R78
132 ASSIGN 115 R23 21
132 SIDESTEP R30
132 SIDESTEP R40
132 SIDESTEP R70
132 SIDESTEP R74
133 ASSIGN 116 R53 30
133 SIDESTEP R5
133 SIDESTEP R37
133 SIDESTEP R41
133 PICK 98 R45
133 SIDESTEP R47
133 SIDESTEP R68
134 ASSIGN 117 R60 40
134 SIDESTEP R10
134 SIDESTEP R18
134 SIDESTEP R21
134 SIDESTEP R28
134 SIDESTEP R34
134 SIDESTEP R35
134 SIDESTEP R52
134 SIDESTEP R57
134 SIDESTEP R59
134 SIDESTEP R69
135 ASSIGN 118 R25 34
135 SIDESTEP R4
135 DELIVER 36 R14 95
135 SIDESTEP R24
135 SIDESTEP R56
136 ASSIGN 119 R14 20
136 PICK 99 R16
136 SIDESTEP R26
137 ASSIGN 120 R66 49
137 SIDESTEP R30
137 SIDESTEP R74
138 ASSIGN 121 R3 30
138 SIDESTEP R5
138 SIDESTEP R7
138 PICK 107 R15
138 SIDESTEP R22
138 SIDESTEP R37
138 SIDESTEP R47
138 SIDESTEP R71
138 SIDESTEP R72
139 ASSIGN 122 R44 9
139 SIDESTEP R18
139 SIDESTEP R29
139 SIDESTEP R34
139 DELIVER 89 R50 37
139 SIDESTEP R57
139 SIDESTEP R69
140 ASSIGN 123 R61 32
140 SIDESTEP R4
140 SIDESTEP R12
140 PICK 94 R49
140 SIDESTEP R52
140 SIDESTEP R53
140 SIDESTEP R56
141 SIDESTEP R24
141 SIDESTEP R26
141 DELIVER 67 R33 66
142 ASSIGN 124 R33 24
142 SIDESTEP R3
142 DELIVER 43 R9 92
142 SIDESTEP R30
142 PICK 100 R43
142 SIDESTEP R63
143 ASSIGN 125 R9 40
143 SIDESTEP R5
143 SIDESTEP R22
143 SIDESTEP R37
143 SIDESTEP R47
143 SIDESTEP R72
144 ASSIGN 126 R51 38
144 SIDESTEP R34
144 SIDESTEP R69
144 DELIVER 4 R71 141
145 ASSIGN 127 R71 11
145 DELIVER 6 R1 140
145 SIDESTEP R4
145 DELIVER 45 R79 93
146 ASSIGN 128 R1 46
146 SIDESTEP R24
146 SIDESTEP R26
146 PICK 111 R27
146 PICK 102 R36
146 SIDESTEP R59
146 SIDESTEP R65
147 ASSIGN 129 R79 24
147 PICK 114 R7
147 SIDESTEP R15
147 DELIVER 19 R19 125
147 SIDESTEP R30
147 DELIVER 57 R41 82
147 PICK 122 R44
147 DELIVER 58 R46 81
147 SIDESTEP R57
147 SIDESTEP R63
148 ASSIGN 130 R19 26
148 SIDESTEP R5
148 SIDESTEP R22
148 SIDESTEP R37
148 SIDESTEP R47
148 SIDESTEP R56
148 SIDESTEP R72
149 ASSIGN 131 R41 15
149 SIDESTEP R8
149 SIDESTEP R18
149 SIDESTEP R34
149 SIDESTEP R69
149 PICK 104 R73
149 REPORT pending=0 aged=0 idle=4 to_pickup=31 delivering=45 to_charger=0 charging=0 dead=0 hot=14,34,10
150 ASSIGN 132 R46 47
150 SIDESTEP R4
150 SIDESTEP R49
150 PICK 110 R64
150 DELIVER 68 R74 74
150 DELIVER 105 R78 29
151 ASSIGN 133 R74 47
151 SIDESTEP R26
151 SIDESTEP R29
152 PICK 115 R23
152 SIDESTEP R30
152 SIDESTEP R63
152 SIDESTEP R79
153 SIDESTEP R37
153 SIDESTEP R44
153 DELIVER 84 R58 56
153 SIDESTEP R72
154 ASSIGN 134 R58 31
154 SIDESTEP R5
154 SIDESTEP R8
154 DELIVER 87 R12 54
154 SIDESTEP R15
154 DELIVER 103 R20 35
154 SIDESTEP R34
154 SIDESTEP R39
154 SIDESTEP R69
155 ASSIGN 135 R12 41
155 PICK 85 R17
155 SIDESTEP R18
155 SIDESTEP R42
155 SIDESTEP R65
155 SIDESTEP R77
156 ASSIGN 136 R78 63
156 SIDESTEP R22
156 SIDESTEP R26
156 SIDESTEP R57
156 SIDESTEP R71
157 ASSIGN 137 R50 40
157 SIDESTEP R29
157 SIDESTEP R30
157 PICK 95 R35
157 SIDESTEP R63
158 ASSIGN 138 R20 23
158 SIDESTEP R6
158 DELIVER 69 R21 81
158 SIDESTEP R37
158 DELIVER 64 R38 86
158 SIDESTEP R44
158 SIDESTEP R55
158 SIDESTEP R62
158 SIDESTEP R72
159 ASSIGN 139 R38 21
159 SIDESTEP R8
159 SIDESTEP R15
159 PICK 88 R18
159 SIDESTEP R32
159 SIDESTEP R34
159 SIDESTEP R39
159 SIDESTEP R69
160 ASSIGN 140 R76 65
160 SIDESTEP R65
160 DELIVER 93 R67 53
161 SIDESTEP R22
161 PICK 70 R54
161 SIDESTEP R57
161 SIDESTEP R75
162 ASSIGN 141 R21 17
162 DELIVER 48 R29 107
162 SIDESTEP R58
162 SIDESTEP R70
162 SIDESTEP R77
163 ASSIGN 142 R67 17
163 SIDESTEP R6
163 SIDESTEP R7
163 SIDESTEP R23
163 SIDESTEP R25
163 SIDESTEP R37
163 PICK 131 R41
163 SIDESTEP R44
163 SIDESTEP R55
163 SIDESTEP R62
163 SIDESTEP R64
163 SIDESTEP R68
163 SIDESTEP R72
164 ASSIGN 143 R29 35
164 SIDESTEP R8
164 PICK 119 R14
164 SIDESTEP R15
164 SIDESTEP R16
164 SIDESTEP R32
164 SIDESTEP R34
164 SIDESTEP R49
164 SIDESTEP R52
165 SIDESTEP R10
165 PICK 112 R13
165 SIDESTEP R26
165 PICK 124 R33
165 SIDESTEP R46
166 DELIVER 85 R17 68
166 SIDESTEP R22
166 SIDESTEP R57
166 SIDESTEP R65
167 ASSIGN 144 R11 30
167 SIDESTEP R67
167 SIDESTEP R73
168 ASSIGN 145 R17 19
168 DELIVER 47 R0 114
168 SIDESTEP R7
168 DELIVER 131 R41 19
168 DELIVER 56 R47 105
169 ASSIGN 146 R0 26
169 SIDESTEP R8
169 SIDESTEP R32
169 SIDESTEP R34
169 SIDESTEP R49
169 SIDESTEP R63
170 ASSIGN 147 R47 19
170 SIDESTEP R6
170 SIDESTEP R16
170 SIDESTEP R39
170 SIDESTEP R44
170 SIDESTEP R46
170 SIDESTEP R62
170 SIDESTEP R64
171 SIDESTEP R4
171 SIDESTEP R26
171 SIDESTEP R57
172 ASSIGN 148 R41 44
172 SIDESTEP R56
172 SIDESTEP R65
172 SIDESTEP R73
173 SIDESTEP R13
173 SIDESTEP R27
173 PICK 123 R61
173 PICK 127 R71
173 SIDESTEP R77
174 PICK 91 R28
174 SIDESTEP R34
174 DELIVER 102 R36 56
174 SIDESTEP R48
175 ASSIGN 149 R36 42
175 SIDESTEP R6
175 DELIVER 88 R18 74
175 SIDESTEP R30
175 SIDESTEP R39
175 SIDESTEP R46
175 SIDESTEP R58
175 SIDESTEP R62
176 ASSIGN 150 R18 27
176 SIDESTEP R4
176 SIDESTEP R12
176 PICK 118 R25
176 SIDESTEP R26
176 SIDESTEP R38
177 SIDESTEP R16
177 SIDESTEP R56
177 SIDESTEP R65
177 SIDESTEP R73
178 SIDESTEP R13
178 SIDESTEP R15
178 PICK 141 R21
178 SIDESTEP R27
178 PICK 90 R31
178 DELIVER 65 R72 105
179 ASSIGN 153 R72 35
179 SIDESTEP R1
179 SIDESTEP R34
179 SIDESTEP R48
180 SIDESTEP R6
180 PICK 138 R20
180 SIDESTEP R22
180 SIDESTEP R30
180 SIDESTEP R36
181 SIDESTEP R26
181 PICK 129 R79
182 SIDESTEP R16
182 PICK 126 R51
182 SIDESTEP R56
182 SIDESTEP R65
182 SIDESTEP R73
183 SIDESTEP R13
183 SIDESTEP R15
183 SIDESTEP R27
183 SIDESTEP R57
183 SIDESTEP R59
183 DELIVER 110 R64 56
184 ASSIGN 155 R64 46
184 DELIVER 124 R33 42
184 DELIVER 60 R37 116
184 SIDESTEP R48
184 SIDESTEP R61
185 ASSIGN 156 R33 44
185 ASSIGN 151 R37 47
185 PICK 121 R3
185 DELIVER 119 R14 49
185 SIDESTEP R18
185 SIDESTEP R21
185 SIDESTEP R22
185 DELIVER 66 R24 111
185 PICK 106 R42
185 PICK 116 R53
185 DELIVER 40 R70 138
185 DELIVER 34 R77 147
186 ASSIGN 152 R14 47
186 ASSIGN 154 R24 22
186 ASSIGN 157 R70 44
186 ASSIGN 158 R77 63
186 PICK 113 R2
186 PICK 139 R38
186 DELIVER 98 R45 73
186 DELIVER 94 R49 78
187 ASSIGN 160 R49 39
187 ASSIGN 159 R45 55
187 SIDESTEP R60
188 SIDESTEP R13
188 SIDESTEP R41
188 SIDESTEP R50
188 SIDESTEP R57
188 SIDESTEP R62
189 DELIVER 33 R4 152
189 DELIVER 138 R20 31
189 SIDESTEP R35
189 SIDESTEP R48
189 SIDESTEP R61
190 ASSIGN 162 R20 26
190 ASSIGN 161 R4 33
190 SIDESTEP R1
190 DELIVER 114 R7 59
190 SIDESTEP R15
190 SIDESTEP R18
190 SIDESTEP R19
190 SIDESTEP R22
190 SIDESTEP R27
190 SIDESTEP R47
190 SIDESTEP R56
190 PICK 120 R66
190 DELIVER 31 R68 156
190 SIDESTEP R72
191 ASSIGN 164 R7 46
191 ASSIGN 163 R68 48
191 SIDESTEP R65
191 SIDESTEP R78
193 SIDESTEP R41
193 SIDESTEP R57
193 SIDESTEP R62
194 PICK 146 R0
194 SIDESTEP R25
194 SIDESTEP R48
195 SIDESTEP R15
195 SIDESTEP R22
195 DELIVER 115 R23 63
195 DELIVER 79 R34 105
195 SIDESTEP R72
196 ASSIGN 165 R23 21
196 ASSIGN 168 R34 26
196 PICK 144 R11
196 PICK 145 R17
196 SIDESTEP R52
196 SIDESTEP R56
196 PICK 63 R59
196 DELIVER 52 R75 137
197 ASSIGN 166 R75 38
197 SIDESTEP R3
197 SIDESTEP R18
197 SIDESTEP R39
197 DELIVER 100 R43 82
197 PICK 133 R74
197 SIDESTEP R76
198 ASSIGN 167 R43 43
198 PICK 143 R29
198 SIDESTEP R33
198 DELIVER 70 R54 120
198 SIDESTEP R57
199 ASSIGN 171 R54 51
199 DELIVER 99 R16 85
199 SIDESTEP R25
199 SIDESTEP R28
199 SIDESTEP R48
199 DELIVER 76 R52 112
199 REPORT pending=2 aged=0 idle=2 to_pickup=38 delivering=40 to_charger=0 charging=0 dead=0 hot=23,19,11
200 ASSIGN 169 R52 19
200 ASSIGN 170 R16 44
200 SIDESTEP R22
200 PICK 108 R26
200 SIDESTEP R46
200 SIDESTEP R62
200 DELIVER 101 R63 83
200 SIDESTEP R65
200 SIDESTEP R72
201 ASSIGN 172 R63 25
201 SIDESTEP R47
201 SIDESTEP R55
202 SIDESTEP R3
202 DELIVER 82 R5 109
202 PICK 135 R12
202 SIDESTEP R18
202 SIDESTEP R30
202 DELIVER 75 R40 117
202 PICK 137 R50
202 PICK 134 R58
202 SIDESTEP R71
203 ASSIGN 173 R5 49
203 ASSIGN 174 R40 52
203 PICK 109 R10
203 SIDESTEP R33
203 SIDESTEP R57
204 SIDESTEP R9
204 SIDESTEP R25
204 SIDESTEP R28
204 SIDESTEP R44
204 DELIVER 129 R79 57
205 ASSIGN 176 R79 28
205 SIDESTEP R39
205 SIDESTEP R46
205 DELIVER 97 R55 93
205 SIDESTEP R67
205 DELIVER 10 R69 196
206 ASSIGN 177 R55 42
206 ASSIGN 175 R69 45
206 SIDESTEP R15
206 SIDESTEP R47
207 DELIVER 113 R2 77
207 SIDESTEP R3
207 SIDESTEP R8
207 SIDESTEP R17
207 SIDESTEP R18
207 SIDESTEP R30
207 SIDESTEP R60
207 SIDESTEP R71
208 ASSIGN 179 R2 42
208 SIDESTEP R0
208 SIDESTEP R6
208 SIDESTEP R57
209 SIDESTEP R24
209 SIDESTEP R25
209 SIDESTEP R28
209 SIDESTEP R76
210 SIDESTEP R33
210 SIDESTEP R35
210 SIDESTEP R46
210 SIDESTEP R59
211 SIDESTEP R11
211 SIDESTEP R15
211 SIDESTEP R36
211 SIDESTEP R47
211 SIDESTEP R58
212 SIDESTEP R3
212 SIDESTEP R8
212 PICK 130 R19
212 DELIVER 81 R22 120
212 DELIVER 108 R26 87
212 SIDESTEP R30
212 SIDESTEP R32
212 SIDESTEP R37
212 PICK 96 R48
213 CANCEL_FAIL 75
213 ASSIGN 181 R26 23
213 ASSIGN 180 R22 14
213 SIDESTEP R10
213 PICK 78 R39
213 SIDESTEP R71
214 DELIVER 83 R6 119
214 SIDESTEP R25
214 SIDESTEP R28
215 ASSIGN 184 R6 32
215 SIDESTEP R18
215 PICK 162 R20
215 SIDESTEP R27
215 SIDESTEP R33
215 SIDESTEP R35
215 DELIVER 139 R38 56
215 SIDESTEP R55
215 SIDESTEP R59
215 DELIVER 42 R62 166
215 SIDESTEP R73
216 ASSIGN 178 R38 48
216 ASSIGN 182 R62 49
216 SIDESTEP R2
216 SIDESTEP R58
216 SIDESTEP R65
216 SIDESTEP R76
217 SIDESTEP R8
218 SIDESTEP R10
218 SIDESTEP R15
218 SIDESTEP R36
218 SIDESTEP R46
219 SIDESTEP R23
219 SIDESTEP R25
219 SIDESTEP R28
219 SIDESTEP R32
219 SIDESTEP R52
220 SIDESTEP R1
220 PICK 165 R23
220 PICK 154 R24
220 DELIVER 90 R31 117
220 SIDESTEP R33
220 SIDESTEP R56
220 SIDESTEP R59
220 PICK 117 R60
220 SIDESTEP R61
220 SIDESTEP R73
221 CANCEL_FAIL 44
221 ASSIGN 183 R31 47
221 PICK 147 R47
221 SIDESTEP R57
222 SIDESTEP R3
222 PICK 161 R4
222 SIDESTEP R8
222 SIDESTEP R18
222 DELIVER 127 R71 77
222 SIDESTEP R72
223 ASSIGN 193 R71 53
223 SIDESTEP R2
223 SIDESTEP R15
223 SIDESTEP R35
223 SIDESTEP R42
223 SIDESTEP R67
224 SIDESTEP R10
224 SIDESTEP R22
224 SIDESTEP R25
224 SIDESTEP R28
224 SIDESTEP R32
224 SIDESTEP R46
224 SIDESTEP R52
224 PICK 136 R78
225 SIDESTEP R23
225 SIDESTEP R27
225 SIDESTEP R33
225 SIDESTEP R50
225 SIDESTEP R59
225 SIDESTEP R61
225 SIDESTEP R73
226 SIDESTEP R9
226 SIDESTEP R26
226 PICK 160 R49
226 SIDESTEP R57
226 SIDESTEP R76
227 SIDESTEP R8
227 SIDESTEP R72
228 DELIVER 146 R0 59
228 SIDESTEP R15
228 SIDESTEP R19
228 SIDESTEP R30
228 SIDESTEP R35
228 SIDESTEP R67
229 ASSIGN 194 R0 23
229 SIDESTEP R10
229 SIDESTEP R18
229 SIDESTEP R21
229 SIDESTEP R22
229 SIDESTEP R25
229 SIDESTEP R28
229 SIDESTEP R32
229 DELIVER 126 R51 85
229 SIDESTEP R52
229 SIDESTEP R53
229 SIDESTEP R58
230 ASSIGN 195 R51 16
230 SIDESTEP R46
230 SIDESTEP R59
230 SIDESTEP R61
230 PICK 172 R63
230 PICK 155 R64
230 SIDESTEP R73
231 SIDESTEP R26
231 SIDESTEP R66
232 SIDESTEP R8
232 SIDESTEP R20
232 SIDESTEP R47
232 SIDESTEP R74
233 SIDESTEP R15
233 SIDESTEP R19
233 SIDESTEP R24
233 SIDESTEP R55
233 SIDESTEP R67
233 SIDESTEP R76
233 SIDESTEP R79
234 SIDESTEP R10
234 SIDESTEP R13
234 SIDESTEP R18
234 SIDESTEP R21
234 SIDESTEP R22
234 SIDESTEP R25
234 SIDESTEP R28
234 SIDESTEP R30
234 SIDESTEP R32
234 SIDESTEP R45
234 SIDESTEP R48
234 SIDESTEP R52
234 SIDESTEP R58
234 SIDESTEP R70
235 SIDESTEP R61
236 CANCEL 152
236 ASSIGN 199 R14 29
236 SIDESTEP R26
236 SIDESTEP R66
236 SIDESTEP R68
237 SIDESTEP R33
237 SIDESTEP R47
237 SIDESTEP R59
238 SIDESTEP R6
238 SIDESTEP R20
238 SIDESTEP R23
238 SIDESTEP R55
238 SIDESTEP R67
238 SIDESTEP R79
239 SIDESTEP R7
239 SIDESTEP R13
239 SIDESTEP R18
239 SIDESTEP R22
239 SIDESTEP R25
239 SIDESTEP R28
239 SIDESTEP R30
239 SIDESTEP R39
239 DELIVER 106 R42 117
239 SIDESTEP R45
239 SIDESTEP R52
239 SIDESTEP R57
239 SIDESTEP R70
240 ASSIGN 201 R42 34
240 SIDESTEP R15
240 SIDESTEP R24
240 DELIVER 143 R29 76
240 SIDESTEP R48
241 ASSIGN 205 R29 56
241 PICK 125 R9
242 SIDESTEP R74
243 DELIVER 121 R3 105
243 SIDESTEP R6
243 DELIVER 62 R8 173
243 PICK 170 R16
243 SIDESTEP R23
243 PICK 168 R34
243 SIDESTEP R66
243 SIDESTEP R67
244 ASSIGN 206 R3 24
244 ASSIGN 207 R8 47
244 DELIVER 145 R17 76
244 SIDESTEP R18
244 SIDESTEP R22
244 SIDESTEP R28
244 SIDESTEP R30
244 SIDESTEP R45
244 SIDESTEP R47
244 SIDESTEP R52
244 SIDESTEP R68
245 ASSIGN 209 R17 54
245 SIDESTEP R15
245 SIDESTEP R19
245 PICK 195 R51
245 SIDESTEP R57
245 SIDESTEP R63
246 DELIVER 144 R11 79
246 SIDESTEP R13
246 SIDESTEP R24
246 SIDESTEP R27
246 DELIVER 74 R65 164
246 SIDESTEP R76
247 ASSIGN 213 R11 47
247 ASSIGN 185 R65 46
247 SIDESTEP R60
247 DELIVER 104 R73 127
248 ASSIGN 186 R73 42
248 SIDESTEP R0
248 SIDESTEP R23
248 SIDESTEP R56
248 SIDESTEP R66
248 SIDESTEP R67
249 SIDESTEP R18
249 SIDESTEP R22
249 SIDESTEP R28
249 SIDESTEP R30
249 SIDESTEP R74
249 REPORT pending=18 aged=0 idle=0 to_pickup=42 delivering=38 to_charger=0 charging=0 dead=0 hot=23,11,10
250 SIDESTEP R15
250 SIDESTEP R19
250 DELIVER 92 R32 144
250 SIDESTEP R52
250 SIDESTEP R57
250 SIDESTEP R62
250 SIDESTEP R77
250 SIDESTEP R78
251 ASSIGN 187 R32 23
251 SIDESTEP R7
251 SIDESTEP R13
251 SIDESTEP R14
251 DELIVER 141 R21 89
251 SIDESTEP R27
251 SIDESTEP R37
251 DELIVER 122 R44 112
251 SIDESTEP R72
252 ASSIGN 217 R21 41
252 ASSIGN 188 R44 33
252 SIDESTEP R8
252 SIDESTEP R60
253 SIDESTEP R66
254 PICK 128 R1
254 DELIVER 135 R12 99
254 SIDESTEP R18
254 SIDESTEP R30
254 SIDESTEP R56
254 SIDESTEP R74
255 ASSIGN 218 R12 26
255 SIDESTEP R15
255 SIDESTEP R19
255 SIDESTEP R34
255 SIDESTEP R50
255 SIDESTEP R52
255 SIDESTEP R57
256 SIDESTEP R7
256 SIDESTEP R27
256 SIDESTEP R31
256 DELIVER 123 R61 116
256 PICK 142 R67
257 ASSIGN 219 R61 25
257 SIDESTEP R4
257 SIDESTEP R8
257 SIDESTEP R22
257 SIDESTEP R60
258 PICK 194 R0
258 SIDESTEP R37
258 SIDESTEP R66
259 SIDESTEP R20
259 SIDESTEP R25
259 SIDESTEP R30
259 SIDESTEP R48
259 SIDESTEP R74
260 DELIVER 125 R9 117
260 SIDESTEP R15
260 SIDESTEP R16
260 SIDESTEP R19
260 SIDESTEP R34
260 SIDESTEP R50
260 SIDESTEP R52
260 DELIVER 172 R63 60
260 SIDESTEP R77
261 ASSIGN 224 R63 27
261 ASSIGN 221 R9 24
261 SIDESTEP R7
261 SIDESTEP R31
261 DELIVER 95 R35 152
261 SIDESTEP R46
261 DELIVER 116 R53 128
262 ASSIGN 223 R53 30
262 ASSIGN 226 R35 13
262 SIDESTEP R42
262 SIDESTEP R43
262 SIDESTEP R57
262 SIDESTEP R60
263 PICK 173 R5
263 DELIVER 109 R10 137
263 SIDESTEP R21
263 SIDESTEP R37
263 DELIVER 63 R59 192
263 SIDESTEP R66
264 ASSIGN 228 R59 31
264 ASSIGN 189 R10 36
264 SIDESTEP R20
264 SIDESTEP R30
264 SIDESTEP R39
264 DELIVER 147 R47 94
264 SIDESTEP R48
264 PICK 171 R54
264 SIDESTEP R71
264 SIDESTEP R74
265 CANCEL 187
265 ASSIGN 190 R32 64
265 ASSIGN 191 R47 46
265 SIDESTEP R15
265 SIDESTEP R16
265 SIDESTEP R19
265 SIDESTEP R50
265 SIDESTEP R52
266 DELIVER 165 R23 74
266 SIDESTEP R25
266 PICK 149 R36
266 SIDESTEP R56
267 ASSIGN 230 R23 28
267 SIDESTEP R60
267 PICK 175 R69
268 PICK 180 R22
268 SIDESTEP R43
268 SIDESTEP R66
269 SIDESTEP R20
269 SIDESTEP R30
269 SIDESTEP R39
269 SIDESTEP R48
269 SIDESTEP R71
269 SIDESTEP R74
270 SIDESTEP R14
270 SIDESTEP R16
270 SIDESTEP R19
270 SIDESTEP R50
270 SIDESTEP R52
270 DELIVER 80 R56 179
270 SIDESTEP R76
271 ASSIGN 234 R56 33
271 SIDESTEP R11
271 SIDESTEP R13
271 SIDESTEP R17
271 SIDESTEP R33
271 PICK 148 R41
271 SIDESTEP R46
271 SIDESTEP R57
271 SIDESTEP R72
273 PICK 181 R26
273 SIDESTEP R40
273 DELIVER 160 R49 86
274 ASSIGN 231 R49 32
274 SIDESTEP R20
274 DELIVER 91 R28 170
274 SIDESTEP R30
274 SIDESTEP R38
274 PICK 159 R45
274 SIDESTEP R48
274 SIDESTEP R59
274 SIDESTEP R71
274 SIDESTEP R75
275 ASSIGN 233 R28 40
275 SIDESTEP R14
275 SIDESTEP R15
275 SIDESTEP R32
275 SIDESTEP R62
275 SIDESTEP R70
275 PICK 176 R79
276 SIDESTEP R9
276 SIDESTEP R11
276 SIDESTEP R13
276 DELIVER 154 R24 98
276 SIDESTEP R33
276 SIDESTEP R34
276 SIDESTEP R41
276 SIDESTEP R46
276 SIDESTEP R57
276 SIDESTEP R58
276 SIDESTEP R67
276 SIDESTEP R72
277 ASSIGN 238 R24 27
277 SIDESTEP R19
277 SIDESTEP R25
277 SIDESTEP R31
277 PICK 226 R35
279 SIDESTEP R48
280 SIDESTEP R14
280 SIDESTEP R15
280 SIDESTEP R22
280 SIDESTEP R51
280 SIDESTEP R62
280 SIDESTEP R68
281 SIDESTEP R10
281 SIDESTEP R11
281 PICK 218 R12
281 SIDESTEP R13
281 SIDESTEP R34
281 SIDESTEP R41
281 SIDESTEP R43
281 SIDESTEP R57
281 SIDESTEP R71
282 DELIVER 194 R0 56
282 SIDESTEP R26
282 SIDESTEP R31
282 SIDESTEP R55
283 REJECT 246
283 ASSIGN 245 R0 37
283 SIDESTEP R25
283 PICK 201 R42
283 SIDESTEP R46
283 SIDESTEP R72
284 SIDESTEP R37
284 SIDESTEP R48
284 SIDESTEP R70
285 SIDESTEP R15
285 SIDESTEP R22
285 SIDESTEP R27
285 SIDESTEP R49
285 DELIVER 137 R50 128
285 SIDESTEP R51
285 SIDESTEP R62
285 SIDESTEP R68
285 PICK 166 R75
285 PICK 140 R76
285 SIDESTEP R78
286 ASSIGN 243 R50 33
286 SIDESTEP R10
286 SIDESTEP R30
286 SIDESTEP R34
286 SIDESTEP R41
286 SIDESTEP R57
286 SIDESTEP R71
287 SIDESTEP R14
287 SIDESTEP R26
287 SIDESTEP R31
287 SIDESTEP R33
287 SIDESTEP R52
287 DELIVER 171 R54 88
288 ASSIGN 240 R54 16
288 PICK 206 R3
288 DELIVER 161 R4 100
288 SIDESTEP R17
288 SIDESTEP R25
288 PICK 224 R63
289 ASSIGN 244 R4 44
289 SIDESTEP R48
289 DELIVER 175 R69 86
290 ASSIGN 248 R69 17
290 PICK 150 R18
290 SIDESTEP R22
290 SIDESTEP R27
290 SIDESTEP R37
290 SIDESTEP R51
290 PICK 219 R61
290 SIDESTEP R68
290 SIDESTEP R78
291 SIDESTEP R7
291 SIDESTEP R34
291 PICK 178 R38
291 SIDESTEP R41
291 SIDESTEP R46
291 PICK 223 R53
291 SIDESTEP R71
291 SIDESTEP R72
292 PICK 179 R2
292 SIDESTEP R13
292 SIDESTEP R14
292 SIDESTEP R15
292 SIDESTEP R31
292 DELIVER 149 R36 119
292 SIDESTEP R52
292 DELIVER 155 R64 112
292 SIDESTEP R66
292 SIDESTEP R70
292 SIDESTEP R76
292 PICK 158 R77
293 ASSIGN 255 R64 39
293 ASSIGN 249 R36 44
293 SIDESTEP R20
293 SIDESTEP R25
293 SIDESTEP R35
293 SIDESTEP R45
293 DELIVER 166 R75 100
294 ASSIGN 192 R75 38
294 SIDESTEP R16
294 SIDESTEP R23
294 SIDESTEP R42
294 SIDESTEP R48
295 SIDESTEP R22
295 SIDESTEP R37
295 SIDESTEP R51
295 SIDESTEP R78
295 DELIVER 176 R79 91
296 ASSIGN 196 R79 28
296 SIDESTEP R7
296 SIDESTEP R29
296 SIDESTEP R34
296 SIDESTEP R41
296 SIDESTEP R46
296 SIDESTEP R62
296 PICK 185 R65
296 SIDESTEP R72
297 SIDESTEP R13
297 SIDESTEP R14
297 SIDESTEP R15
297 SIDESTEP R31
297 SIDESTEP R66
297 SIDESTEP R68
297 SIDESTEP R70
297 PICK 186 R73
297 SIDESTEP R76
298 SIDESTEP R1
298 PICK 174 R40
298 SIDESTEP R45
298 DELIVER 133 R74 147
299 ASSIGN 257 R74 27
299 SIDESTEP R16
299 SIDESTEP R23
299 SIDESTEP R33
299 SIDESTEP R42
299 SIDESTEP R57
299 SIDESTEP R71
299 REPORT pending=32 aged=0 idle=0 to_pickup=41 delivering=39 to_charger=0 charging=0 dead=0 hot=25,15,13
300 SIDESTEP R22
300 SIDESTEP R32
301 SIDESTEP R4
301 SIDESTEP R7
301 SIDESTEP R11
301 SIDESTEP R17
301 SIDESTEP R29
302 DELIVER 218 R12 49
302 SIDESTEP R15
302 SIDESTEP R31
302 SIDESTEP R62
302 SIDESTEP R66
302 SIDESTEP R68
303 ASSIGN 197 R12 49
303 SIDESTEP R45
303 PICK 240 R54
304 CANCEL_FAIL 128
304 SIDESTEP R13
304 SIDESTEP R16
304 DELIVER 130 R19 156
304 SIDESTEP R23
304 SIDESTEP R33
304 SIDESTEP R37
304 SIDESTEP R41
304 SIDESTEP R42
304 PICK 234 R56
304 SIDESTEP R70
304 SIDESTEP R72
305 ASSIGN 260 R19 24
305 SIDESTEP R22
305 SIDESTEP R39
305 DELIVER 96 R48 194
305 SIDESTEP R60
305 SIDESTEP R75
306 ASSIGN 198 R48 24
306 PICK 221 R9
306 SIDESTEP R17
306 SIDESTEP R32
306 SIDESTEP R65
306 SIDESTEP R69
307 DELIVER 150 R18 133
307 SIDESTEP R31
307 SIDESTEP R66
307 SIDESTEP R68
307 SIDESTEP R78
308 ASSIGN 261 R18 26
308 SIDESTEP R2
308 SIDESTEP R45
308 SIDESTEP R67
309 SIDESTEP R16
309 SIDESTEP R23
309 SIDESTEP R33
309 SIDESTEP R41
309 SIDESTEP R70
309 SIDESTEP R72
310 SIDESTEP R13
310 SIDESTEP R22
310 SIDESTEP R37
310 PICK 191 R47
310 SIDESTEP R53
310 DELIVER 134 R58 156
310 SIDESTEP R75
311 ASSIGN 263 R58 18
311 SIDESTEP R17
311 DELIVER 240 R54 35
311 SIDESTEP R60
311 SIDESTEP R61
311 SIDESTEP R69
312 ASSIGN 262 R54 55
312 SIDESTEP R1
312 SIDESTEP R11
312 SIDESTEP R32
312 PICK 177 R55
312 SIDESTEP R66
313 SIDESTEP R2
313 DELIVER 111 R27 185
313 SIDESTEP R45
314 ASSIGN 266 R27 56
314 SIDESTEP R16
314 SIDESTEP R23
314 PICK 233 R28
314 SIDESTEP R31
314 SIDESTEP R33
314 SIDESTEP R38
314 SIDESTEP R41
315 SIDESTEP R7
315 SIDESTEP R19
315 SIDESTEP R24
315 SIDESTEP R37
315 SIDESTEP R46
315 SIDESTEP R53
315 PICK 228 R59
315 SIDESTEP R68
315 SIDESTEP R72
315 SIDESTEP R78
316 SIDESTEP R25
316 DELIVER 168 R34 120
316 SIDESTEP R43
316 SIDESTEP R60
316 SIDESTEP R65
316 SIDESTEP R69
317 ASSIGN 265 R34 47
317 DELIVER 128 R1 171
317 SIDESTEP R11
317 SIDESTEP R35
317 PICK 169 R52
317 SIDESTEP R66
317 SIDESTEP R75
318 ASSIGN 200 R1 18
318 SIDESTEP R2
318 PICK 205 R29
318 SIDESTEP R45
318 PICK 243 R50
318 DELIVER 177 R55 113
319 ASSIGN 202 R55 24
319 SIDESTEP R16
319 SIDESTEP R31
319 SIDESTEP R33
319 SIDESTEP R38
319 SIDESTEP R41
320 SIDESTEP R3
320 SIDESTEP R14
320 SIDESTEP R22
320 SIDESTEP R24
320 SIDESTEP R26
320 SIDESTEP R28
320 SIDESTEP R46
320 SIDESTEP R78
321 SIDESTEP R0
321 SIDESTEP R13
321 PICK 217 R21
321 SIDESTEP R23
321 DELIVER 77 R30 233
321 SIDESTEP R47
321 DELIVER 234 R56 51
321 SIDESTEP R61
321 SIDESTEP R65
321 SIDESTEP R70
321 SIDESTEP R72
322 ASSIGN 272 R56 54
322 ASSIGN 203 R30 41
322 SIDESTEP R37
322 SIDESTEP R60
322 PICK 248 R69
322 SIDESTEP R75
323 SIDESTEP R2
323 SIDESTEP R35
323 SIDESTEP R40
323 DELIVER 21 R57 299
323 SIDESTEP R66
324 ASSIGN 276 R57 42
324 SIDESTEP R31
324 SIDESTEP R38
324 SIDESTEP R42
324 SIDESTEP R67
325 SIDESTEP R17
325 SIDESTEP R22
325 SIDESTEP R28
325 PICK 167 R43
325 DELIVER 224 R63 66
325 SIDESTEP R71
325 SIDESTEP R79
326 ASSIGN 204 R63 33
326 SIDESTEP R7
326 SIDESTEP R13
326 SIDESTEP R14
326 SIDESTEP R47
326 SIDESTEP R61
326 SIDESTEP R65
326 SIDESTEP R68
326 SIDESTEP R70
326 PICK 257 R74
327 CANCEL_FAIL 100279
327 SIDESTEP R3
327 PICK 184 R6
327 SIDESTEP R33
327 SIDESTEP R59
327 SIDESTEP R60
327 SIDESTEP R72
327 SIDESTEP R75
327 SIDESTEP R77
328 SIDESTEP R20
328 PICK 238 R24
328 SIDESTEP R25
328 SIDESTEP R35
328 SIDESTEP R37
328 PICK 263 R58
328 SIDESTEP R66
329 SIDESTEP R31
329 PICK 182 R62
330 SIDESTEP R17
330 DELIVER 195 R51 103
330 SIDESTEP R57
330 SIDESTEP R71
331 ASSIGN 278 R51 9
331 SIDESTEP R29
331 SIDESTEP R46
331 PICK 231 R49
331 SIDESTEP R61
331 PICK 255 R64
331 SIDESTEP R68
331 SIDESTEP R70
332 SIDESTEP R14
332 SIDESTEP R15
332 SIDESTEP R19
332 DELIVER 181 R26 123
332 SIDESTEP R33
332 SIDESTEP R60
332 SIDESTEP R79
333 ASSIGN 282 R26 17
333 SIDESTEP R7
333 DELIVER 221 R9 77
333 SIDESTEP R12
333 PICK 261 R18
333 SIDESTEP R24
333 SIDESTEP R25
333 SIDESTEP R35
333 SIDESTEP R37
333 DELIVER 78 R39 244
333 SIDESTEP R47
333 SIDESTEP R72
333 SIDESTEP R77
334 ASSIGN 283 R39 38
334 ASSIGN 275 R9 26
334 SIDESTEP R13
334 SIDESTEP R67
335 PICK 200 R1
335 SIDESTEP R73
336 PICK 249 R36
336 SIDESTEP R61
336 SIDESTEP R66
336 SIDESTEP R68
337 SIDESTEP R4
337 SIDESTEP R14
337 SIDESTEP R15
337 SIDESTEP R41
337 SIDESTEP R53
337 SIDESTEP R57
337 SIDESTEP R60
338 SIDESTEP R16
338 SIDESTEP R29
338 SIDESTEP R35
338 PICK 198 R48
338 SIDESTEP R77
339 SIDESTEP R3
339 SIDESTEP R13
339 SIDESTEP R46
339 SIDESTEP R67
339 SIDESTEP R70
340 SIDESTEP R0
340 SIDESTEP R2
340 SIDESTEP R24
340 SIDESTEP R37
340 SIDESTEP R39
340 SIDESTEP R72
340 SIDESTEP R73
341 SIDESTEP R61
341 SIDESTEP R66
342 SIDESTEP R4
342 PICK 189 R10
342 SIDESTEP R15
342 PICK 260 R19
342 DELIVER 180 R22 134
342 SIDESTEP R26
342 SIDESTEP R41
342 SIDESTEP R44
342 SIDESTEP R53
342 SIDESTEP R59
342 SIDESTEP R60
342 SIDESTEP R65
342 PICK 196 R79
343 ASSIGN 289 R22 45
343 SIDESTEP R20
343 SIDESTEP R29
343 SIDESTEP R35
343 SIDESTEP R43
343 SIDESTEP R45
343 SIDESTEP R48
343 PICK 278 R51
344 SIDESTEP R7
344 PICK 213 R11
344 PICK 209 R17
344 PICK 230 R23
344 SIDESTEP R36
344 SIDESTEP R67
344 SIDESTEP R68
344 SIDESTEP R70
344 SIDESTEP R78
345 CANCEL 164
345 ASSIGN 277 R7 27
345 SIDESTEP R0
345 SIDESTEP R2
345 SIDESTEP R6
345 DELIVER 217 R21 93
345 SIDESTEP R24
345 SIDESTEP R28
345 SIDESTEP R33
345 SIDESTEP R37
345 SIDESTEP R38
345 DELIVER 201 R42 110
345 SIDESTEP R73
346 ASSIGN 285 R42 30
346 GO_CHARGE R21 22 1
346 DELIVER 162 R20 157
346 SIDESTEP R66
347 ASSIGN 290 R20 33
347 SIDESTEP R4
347 SIDESTEP R15
347 SIDESTEP R26
347 SIDESTEP R39
347 SIDESTEP R41
347 SIDESTEP R50
347 SIDESTEP R54
347 SIDESTEP R60
347 SIDESTEP R62
348 SIDESTEP R35
348 SIDESTEP R55
348 DELIVER 140 R76 188
349 ASSIGN 296 R76 34
349 PICK 207 R8
349 SIDESTEP R27
349 PICK 188 R44
349 SIDESTEP R68
349 REPORT pending=49 aged=0 idle=0 to_pickup=30 delivering=49 to_charger=1 charging=0 dead=0 hot=24,17,18
350 SIDESTEP R2
350 SIDESTEP R6
350 SIDESTEP R13
350 DELIVER 118 R25 215
350 SIDESTEP R38
350 SIDESTEP R40
350 SIDESTEP R46
350 SIDESTEP R57
350 SIDESTEP R72
350 SIDESTEP R73
350 SIDESTEP R78
350 SIDESTEP R79
351 ASSIGN 293 R25 42
351 SIDESTEP R70
352 SIDESTEP R4
352 SIDESTEP R7
352 SIDESTEP R15
352 SIDESTEP R20
352 SIDESTEP R26
352 SIDESTEP R29
352 SIDESTEP R54
352 SIDESTEP R59
352 SIDESTEP R60
353 CANCEL_FAIL 206
353 SIDESTEP R28
353 SIDESTEP R33
353 SIDESTEP R34
353 SIDESTEP R36
354 SIDESTEP R9
354 SIDESTEP R21
354 SIDESTEP R24
354 SIDESTEP R55
354 SIDESTEP R68
354 SIDESTEP R69
355 SIDESTEP R6
355 SIDESTEP R14
355 SIDESTEP R30
355 SIDESTEP R32
355 SIDESTEP R38
355 SIDESTEP R41
355 SIDESTEP R49
355 SIDESTEP R72
355 SIDESTEP R73
355 DELIVER 257 R74 57
355 SIDESTEP R79
356 ASSIGN 303 R74 16
356 SIDESTEP R70
357 SIDESTEP R7
357 SIDESTEP R15
357 SIDESTEP R20
357 SIDESTEP R26
357 SIDESTEP R54
357 SIDESTEP R59
358 SIDESTEP R0
358 SIDESTEP R33
358 SIDESTEP R62
359 SIDESTEP R9
359 SIDESTEP R21
359 SIDESTEP R22
359 SIDESTEP R24
359 SIDESTEP R27
359 SIDESTEP R44
359 SIDESTEP R68
360 SIDESTEP R2
360 SIDESTEP R5
360 SIDESTEP R14
360 SIDESTEP R32
360 SIDESTEP R41
360 PICK 202 R55
360 SIDESTEP R69
360 SIDESTEP R73
361 SIDESTEP R16
361 SIDESTEP R23
361 SIDESTEP R37
361 SIDESTEP R70
362 SIDESTEP R15
362 SIDESTEP R20
362 SIDESTEP R26
362 SIDESTEP R54
363 SIDESTEP R62
363 PICK 192 R75
364 SIDESTEP R9
364 DELIVER 260 R19 59
365 ASSIGN 301 R19 31
365 DELIVER 200 R1 131
365 SIDESTEP R5
365 SIDESTEP R14
365 SIDESTEP R32
365 DELIVER 226 R35 103
365 SIDESTEP R44
365 SIDESTEP R46
365 DELIVER 219 R61 111
365 SIDESTEP R64
365 SIDESTEP R69
365 SIDESTEP R73
365 SIDESTEP R79
366 ASSIGN 295 R35 32
366 ASSIGN 300 R1 26
366 ASSIGN 310 R61 59
366 SIDESTEP R0
366 SIDESTEP R10
366 PICK 197 R12
366 SIDESTEP R13
366 SIDESTEP R16
366 SIDESTEP R23
366 SIDESTEP R45
366 SIDESTEP R57
366 SIDESTEP R66
367 SIDESTEP R8
367 SIDESTEP R15
367 SIDESTEP R20
367 SIDESTEP R26
367 SIDESTEP R34
367 SIDESTEP R37
367 SIDESTEP R47
367 SIDESTEP R50
367 SIDESTEP R56
368 DELIVER 209 R17 125
368 SIDESTEP R54
368 SIDESTEP R62
369 ASSIGN 313 R17 57
369 SIDESTEP R9
370 SIDESTEP R5
370 SIDESTEP R32
370 SIDESTEP R46
370 DELIVER 117 R60 236
370 SIDESTEP R64
370 SIDESTEP R69
370 SIDESTEP R73
370 DELIVER 158 R77 187
370 SIDESTEP R79
371 ASSIGN 311 R60 46
371 ASSIGN 312 R77 30
371 SIDESTEP R10
371 SIDESTEP R14
371 SIDESTEP R16
371 SIDESTEP R22
371 SIDESTEP R23
371 SIDESTEP R30
371 SIDESTEP R52
371 SIDESTEP R57
371 SIDESTEP R66
371 SIDESTEP R67
372 SIDESTEP R11
372 SIDESTEP R20
372 SIDESTEP R24
372 SIDESTEP R26
372 SIDESTEP R34
372 SIDESTEP R35
372 SIDESTEP R47
372 SIDESTEP R51
372 SIDESTEP R53
372 SIDESTEP R68
373 SIDESTEP R7
373 SIDESTEP R41
373 SIDESTEP R62
374 SIDESTEP R6
374 DELIVER 202 R55 138
374 SIDESTEP R56
375 ASSIGN 319 R55 22
375 SIDESTEP R5
375 PICK 285 R42
375 SIDESTEP R46
375 SIDESTEP R54
375 SIDESTEP R64
375 SIDESTEP R69
375 SIDESTEP R73
375 SIDESTEP R76
376 SIDESTEP R10
376 SIDESTEP R14
376 SIDESTEP R16
376 SIDESTEP R30
376 SIDESTEP R40
376 DELIVER 167 R43 181
376 SIDESTEP R66
377 ASSIGN 315 R43 42
377 SIDESTEP R11
377 SIDESTEP R24
377 SIDESTEP R44
377 SIDESTEP R51
377 SIDESTEP R53
377 SIDESTEP R57
377 SIDESTEP R59
377 SIDESTEP R68
377 SIDESTEP R75
378 SIDESTEP R7
378 SIDESTEP R27
378 DELIVER 233 R28 109
378 SIDESTEP R41
378 SIDESTEP R62
378 SIDESTEP R79
379 ASSIGN 208 R28 52
379 DELIVER 261 R18 72
379 DELIVER 198 R48 148
379 SIDESTEP R56
379 SIDESTEP R72
380 ASSIGN 210 R48 42
380 ASSIGN 211 R18 15
380 SIDESTEP R5
380 DELIVER 197 R12 151
380 SIDESTEP R15
380 SIDESTEP R37
380 SIDESTEP R46
380 SIDESTEP R69
380 SIDESTEP R73
380 SIDESTEP R76
381 GO_CHARGE R12 32 1
381 SIDESTEP R10
381 SIDESTEP R31
381 SIDESTEP R52
381 SIDESTEP R63
381 SIDESTEP R74
382 SIDESTEP R24
382 SIDESTEP R38
382 SIDESTEP R44
382 SIDESTEP R59
382 SIDESTEP R75
383 DELIVER 206 R3 143
383 SIDESTEP R7
383 SIDESTEP R27
383 SIDESTEP R34
383 SIDESTEP R47
383 SIDESTEP R57
383 DELIVER 263 R58 73
383 SIDESTEP R62
384 ASSIGN 326 R3 50
384 GO_CHARGE R58 24 1
384 PICK 275 R9
384 SIDESTEP R23
385 SIDESTEP R5
385 SIDESTEP R15
385 SIDESTEP R21
385 SIDESTEP R37
385 SIDESTEP R46
385 SIDESTEP R49
385 SIDESTEP R51
385 SIDESTEP R69
385 SIDESTEP R76
386 SIDESTEP R10
386 SIDESTEP R31
386 SIDESTEP R52
386 SIDESTEP R63
386 SIDESTEP R71
386 SIDESTEP R74
387 SIDESTEP R8
387 SIDESTEP R39
387 DELIVER 255 R64 94
388 CANCEL 271
388 ASSIGN 212 R64 44
388 SIDESTEP R12
388 SIDESTEP R27
388 SIDESTEP R47
388 SIDESTEP R53
388 SIDESTEP R57
388 PICK 153 R72
389 SIDESTEP R24
389 SIDESTEP R30
389 DELIVER 249 R36 102
389 SIDESTEP R42
389 DELIVER 159 R45 203
390 ASSIGN 333 R45 13
390 GO_CHARGE R36 6 1
390 SIDESTEP R5
390 SIDESTEP R26
390 SIDESTEP R46
390 SIDESTEP R49
390 SIDESTEP R69
391 SIDESTEP R10
391 SIDESTEP R15
391 SIDESTEP R31
391 SIDESTEP R34
391 SIDESTEP R51
391 SIDESTEP R71
391 SIDESTEP R74
391 SIDESTEP R79
392 SIDESTEP R6
392 SIDESTEP R39
392 SIDESTEP R41
393 SIDESTEP R12
394 PICK 211 R18
394 SIDESTEP R30
395 PICK 301 R19
395 SIDESTEP R25
395 SIDESTEP R26
395 SIDESTEP R46
395 SIDESTEP R49
395 SIDESTEP R69
395 PICK 157 R70
396 PICK 244 R4
396 SIDESTEP R10
396 SIDESTEP R15
396 SIDESTEP R21
396 SIDESTEP R31
396 SIDESTEP R44
396 PICK 319 R55
396 SIDESTEP R57
396 DELIVER 120 R66 259
396 SIDESTEP R71
396 SIDESTEP R79
397 ASSIGN 334 R66 61
397 PICK 245 R0
397 SIDESTEP R2
397 SIDESTEP R7
397 SIDESTEP R34
397 SIDESTEP R41
397 SIDESTEP R68
397 SIDESTEP R74
398 SIDESTEP R24
398 SIDESTEP R27
398 SIDESTEP R32
398 SIDESTEP R37
398 SIDESTEP R58
399 SIDESTEP R22
399 SIDESTEP R30
399 REPORT pending=75 aged=1 idle=0 to_pickup=36 delivering=40 to_charger=4 charging=0 dead=0 hot=23,16,13
400 SIDESTEP R49
400 DELIVER 169 R52 203
400 SIDESTEP R53
400 PICK 204 R63
401 ASSIGN 214 R52 46
401 SIDESTEP R9
401 SIDESTEP R15
401 SIDESTEP R21
401 SIDESTEP R42
401 SIDESTEP R47
401 PICK 312 R77
402 SIDESTEP R7
402 PICK 333 R45
402 SIDESTEP R60
402 DELIVER 142 R67 239
402 SIDESTEP R68
402 DELIVER 136 R78 246
403 ASSIGN 215 R67 32
403 ASSIGN 216 R78 46
403 SIDESTEP R4
403 SIDESTEP R24
403 SIDESTEP R27
403 SIDESTEP R32
403 SIDESTEP R37
403 SIDESTEP R38
403 PICK 272 R56
403 SIDESTEP R58
403 PICK 296 R76
404 DELIVER 207 R8 163
404 SIDESTEP R13
404 SIDESTEP R34
404 SIDESTEP R69
405 ASSIGN 220 R8 44
405 SIDESTEP R22
405 SIDESTEP R25
405 SIDESTEP R49
405 DELIVER 243 R50 126
405 PICK 262 R54
405 DELIVER 182 R62 195
405 DELIVER 185 R65 190
406 CANCEL 346
406 ASSIGN 337 R62 43
406 ASSIGN 339 R65 7
406 ASSIGN 344 R50 28
406 SIDESTEP R21
406 SIDESTEP R42
406 PICK 303 R74
407 SIDESTEP R7
407 PICK 199 R14
407 SIDESTEP R15
408 SIDESTEP R4
408 SIDESTEP R27
408 PICK 183 R31
408 SIDESTEP R37
408 SIDESTEP R38
409 SIDESTEP R5
409 SIDESTEP R34
409 CHARGE R36
409 SIDESTEP R71
410 SIDESTEP R0
410 SIDESTEP R3
410 SIDESTEP R17
410 DELIVER 211 R18 165
410 PICK 290 R20
410 SIDESTEP R22
410 SIDESTEP R24
410 DELIVER 205 R29 171
410 SIDESTEP R41
410 SIDESTEP R49
410 SIDESTEP R68
410 SIDESTEP R70
410 DELIVER 153 R72 233
410 DELIVER 186 R73 194
411 ASSIGN 350 R72 36
411 ASSIGN 348 R18 13
411 GO_CHARGE R29 8 1
411 GO_CHARGE R73 10 1
411 PICK 203 R30
411 SIDESTEP R42
412 SIDESTEP R26
412 SIDESTEP R51
412 SIDESTEP R58
412 DELIVER 204 R63 174
412 PICK 339 R65
412 SIDESTEP R75
413 GO_CHARGE R63 12 1
413 SIDESTEP R4
413 SIDESTEP R10
413 SIDESTEP R27
413 SIDESTEP R38
413 DELIVER 296 R76 65
414 ASSIGN 354 R76 47
415 SIDESTEP R0
415 SIDESTEP R41
415 SIDESTEP R70
415 SIDESTEP R71
416 SIDESTEP R1
416 SIDESTEP R37
417 SIDESTEP R9
417 SIDESTEP R26
417 SIDESTEP R51
417 SIDESTEP R53
417 SIDESTEP R59
417 SIDESTEP R75
418 SIDESTEP R4
418 SIDESTEP R7
418 SIDESTEP R10
418 SIDESTEP R18
418 SIDESTEP R27
418 SIDESTEP R42
418 DELIVER 333 R45 28
418 SIDESTEP R49
418 SIDESTEP R74
419 GO_CHARGE R45 14 1
419 SIDESTEP R33
419 DELIVER 174 R40 217
420 ASSIGN 222 R40 29
420 SIDESTEP R13
420 SIDESTEP R30
420 SIDESTEP R41
420 SIDESTEP R67
420 SIDESTEP R68
420 SIDESTEP R70
421 SIDESTEP R1
421 SIDESTEP R24
421 SIDESTEP R37
421 PICK 210 R48
422 DELIVER 199 R14 190
422 SIDESTEP R53
422 SIDESTEP R59
422 SIDESTEP R63
423 ASSIGN 225 R14 39
423 SIDESTEP R4
423 SIDESTEP R17
423 SIDESTEP R25
423 SIDESTEP R27
423 SIDESTEP R31
423 SIDESTEP R32
423 PICK 283 R39
423 SIDESTEP R47
423 SIDESTEP R49
423 PICK 311 R60
423 PICK 193 R71
424 CHARGED R36
424 ASSIGN 227 R36 37
424 SIDESTEP R3
424 SIDESTEP R6
424 SIDESTEP R7
424 SIDESTEP R19
424 SIDESTEP R26
424 PICK 156 R33
424 PICK 265 R34
424 SIDESTEP R51
424 PICK 310 R61
424 SIDESTEP R69
424 SIDESTEP R74
425 SIDESTEP R55
425 SIDESTEP R68
425 SIDESTEP R70
426 DELIVER 170 R16 228
426 DELIVER 230 R23 160
426 SIDESTEP R54
427 ASSIGN 349 R16 26
427 GO_CHARGE R23 6 1
427 SIDESTEP R30
427 SIDESTEP R56
427 SIDESTEP R59
427 DELIVER 339 R65 31
427 DELIVER 193 R71 204
427 DELIVER 192 R75 205
428 ASSIGN 363 R71 24
428 ASSIGN 229 R75 10
428 ASSIGN 236 R65 48
428 SIDESTEP R4
428 SIDESTEP R24
428 SIDESTEP R31
428 SIDESTEP R41
428 PICK 315 R43
428 SIDESTEP R47
428 SIDESTEP R58
429 SIDESTEP R6
429 SIDESTEP R7
429 SIDESTEP R17
429 SIDESTEP R51
429 SIDESTEP R69
429 SIDESTEP R77
430 CANCEL 297
430 SIDESTEP R5
430 PICK 348 R18
430 SIDESTEP R26
430 SIDESTEP R49
430 SIDESTEP R52
430 SIDESTEP R55
430 CHARGE R63
430 SIDESTEP R72
431 CANCEL 352
431 SIDESTEP R27
431 SIDESTEP R32
431 PICK 132 R46
431 SIDESTEP R54
432 DELIVER 179 R2 225
432 PICK 289 R22
432 SIDESTEP R30
432 SIDESTEP R57
432 SIDESTEP R62
433 ASSIGN 239 R2 43
433 SIDESTEP R4
433 SIDESTEP R24
433 PICK 208 R28
433 SIDESTEP R47
434 PICK 300 R1
434 SIDESTEP R6
434 PICK 295 R35
434 PICK 344 R50
434 SIDESTEP R53
434 SIDESTEP R58
434 SIDESTEP R73
434 SIDESTEP R77
435 SIDESTEP R8
435 SIDESTEP R31
435 SIDESTEP R41
435 SIDESTEP R49
435 SIDESTEP R55
436 SIDESTEP R10
436 SIDESTEP R25
436 SIDESTEP R26
436 SIDESTEP R51
436 SIDESTEP R54
436 SIDESTEP R69
437 SIDESTEP R3
437 SIDESTEP R19
437 SIDESTEP R27
437 SIDESTEP R57
437 SIDESTEP R62
437 PICK 229 R75
438 REJECT 368
438 SIDESTEP R4
438 SIDESTEP R21
438 DELIVER 265 R34 126
439 ASSIGN 235 R34 31
439 DELIVER 275 R9 116
439 SIDESTEP R17
439 DELIVER 188 R44 221
439 SIDESTEP R58
440 ASSIGN 232 R9 25
440 ASSIGN 241 R44 23
440 SIDESTEP R41
440 SIDESTEP R55
441 CHARGE R23
441 SIDESTEP R37
441 SIDESTEP R51
441 SIDESTEP R52
441 SIDESTEP R54
441 PICK 215 R67
441 SIDESTEP R69
441 DELIVER 196 R79 213
442 GO_CHARGE R79 16 1
442 SIDESTEP R31
442 SIDESTEP R33
442 DELIVER 315 R43 73
442 SIDESTEP R70
442 SIDESTEP R72
443 GO_CHARGE R43 18 1
443 SIDESTEP R4
443 SIDESTEP R21
443 SIDESTEP R26
443 SIDESTEP R27
443 SIDESTEP R57
444 SIDESTEP R6
444 SIDESTEP R17
444 SIDESTEP R24
444 SIDESTEP R47
444 SIDESTEP R58
444 SIDESTEP R62
445 SIDESTEP R7
445 DELIVER 112 R13 316
445 SIDESTEP R16
445 SIDESTEP R48
445 SIDESTEP R55
445 SIDESTEP R78
446 CHARGED R63
446 ASSIGN 237 R63 32
446 ASSIGN 242 R13 18
446 SIDESTEP R8
446 SIDESTEP R52
446 SIDESTEP R54
447 SIDESTEP R33
447 SIDESTEP R40
447 SIDESTEP R51
447 SIDESTEP R70
448 SIDESTEP R4
448 SIDESTEP R21
448 SIDESTEP R32
448 SIDESTEP R69
449 SIDESTEP R3
449 DELIVER 173 R5 248
449 SIDESTEP R6
449 SIDESTEP R17
449 SIDESTEP R24
449 SIDESTEP R26
449 SIDESTEP R50
449 DELIVER 223 R53 191
449 SIDESTEP R58
449 SIDESTEP R62
449 REPORT pending=82 aged=7 idle=2 to_pickup=30 delivering=39 to_charger=8 charging=1 dead=0 hot=23,12,15
450 ASSIGN 247 R53 29
450 GO_CHARGE R5 12 1
450 SIDESTEP R29
450 SIDESTEP R31
450 DELIVER 228 R59 186
451 ASSIGN 250 R59 44
451 SIDESTEP R8
451 SIDESTEP R54
452 SIDESTEP R33
452 SIDESTEP R51
452 SIDESTEP R52
453 SIDESTEP R4
453 SIDESTEP R21
453 SIDESTEP R25
453 SIDESTEP R37
453 DELIVER 178 R38 247
453 SIDESTEP R57
454 ASSIGN 251 R38 24
454 SIDESTEP R6
454 SIDESTEP R17
454 SIDESTEP R24
454 SIDESTEP R27
454 SIDESTEP R50
454 SIDESTEP R62
454 SIDESTEP R77
455 CHARGED R23
455 ASSIGN 379 R23 60
455 PICK 277 R7
455 DELIVER 107 R15 332
455 SIDESTEP R29
455 SIDESTEP R31
456 ASSIGN 382 R15 37
456 SIDESTEP R8
456 SIDESTEP R30
456 SIDESTEP R49
457 SIDESTEP R0
457 SIDESTEP R33
457 SIDESTEP R51
457 PICK 212 R64
457 PICK 350 R72
458 SIDESTEP R4
458 SIDESTEP R25
458 PICK 282 R26
458 DELIVER 285 R42 123
458 SIDESTEP R53
458 SIDESTEP R57
458 SIDESTEP R65
459 ASSIGN 252 R42 21
459 SIDESTEP R17
459 SIDESTEP R24
459 CHARGE R29
459 SIDESTEP R35
459 SIDESTEP R68
459 SIDESTEP R70
460 SIDESTEP R19
460 SIDESTEP R39
460 SIDESTEP R58
461 SIDESTEP R8
461 PICK 225 R14
461 SIDESTEP R30
462 SIDESTEP R0
462 SIDESTEP R33
462 SIDESTEP R50
462 SIDESTEP R51
463 CANCEL 358
463 SIDESTEP R34
463 CHARGE R45
463 SIDESTEP R66
463 SIDESTEP R67
463 PICK 216 R78
464 SIDESTEP R13
464 SIDESTEP R17
464 SIDESTEP R20
464 SIDESTEP R24
464 PICK 227 R36
464 DELIVER 191 R47 243
464 SIDESTEP R55
464 DELIVER 272 R56 144
464 SIDESTEP R68
464 PICK 354 R76
465 ASSIGN 253 R47 26
465 ASSIGN 254 R56 25
465 SIDESTEP R5
465 PICK 232 R9
465 SIDESTEP R21
465 SIDESTEP R39
465 SIDESTEP R41
465 SIDESTEP R48
465 SIDESTEP R57
465 SIDESTEP R58
465 SIDESTEP R70
466 SIDESTEP R8
466 SIDESTEP R30
466 PICK 241 R44
467 SIDESTEP R0
467 SIDESTEP R33
467 SIDESTEP R46
468 SIDESTEP R25
468 SIDESTEP R51
469 SIDESTEP R17
469 SIDESTEP R20
469 SIDESTEP R24
469 DELIVER 303 R74 114
470 GO_CHARGE R74 6 1
470 SIDESTEP R2
470 PICK 326 R3
470 SIDESTEP R4
470 SIDESTEP R5
470 SIDESTEP R19
470 SIDESTEP R40
470 SIDESTEP R73
471 SIDESTEP R7
471 DELIVER 213 R11 224
471 SIDESTEP R14
471 SIDESTEP R52
471 SIDESTEP R57
471 DELIVER 310 R61 108
471 DELIVER 229 R75 206
472 ASSIGN 394 R61 32
472 ASSIGN 256 R11 70
472 GO_CHARGE R75 20 1
472 SIDESTEP R0
472 SIDESTEP R1
472 SIDESTEP R16
472 SIDESTEP R28
472 SIDESTEP R41
472 SIDESTEP R46
472 SIDESTEP R62
472 SIDESTEP R64
472 SIDESTEP R70
473 PICK 242 R13
473 SIDESTEP R30
473 SIDESTEP R31
473 SIDESTEP R56
473 SIDESTEP R66
474 CHARGED R29
474 ASSIGN 258 R29 46
474 SIDESTEP R17
474 SIDESTEP R20
474 SIDESTEP R24
474 DELIVER 231 R49 207
475 GO_CHARGE R49 8 1
475 SIDESTEP R4
475 SIDESTEP R5
475 SIDESTEP R40
475 SIDESTEP R67
475 SIDESTEP R68
476 SIDESTEP R14
476 SIDESTEP R50
476 CHARGE R73
477 SIDESTEP R0
477 SIDESTEP R1
477 SIDESTEP R16
477 SIDESTEP R28
477 SIDESTEP R46
477 PICK 237 R63
477 SIDESTEP R64
478 SIDESTEP R9
478 DELIVER 189 R10 259
478 SIDESTEP R19
478 DELIVER 282 R26 147
478 SIDESTEP R30
478 SIDESTEP R32
478 SIDESTEP R53
478 DELIVER 311 R60 113
478 SIDESTEP R66
479 CHARGED R45
479 ASSIGN 396 R45 16
479 ASSIGN 259 R26 7
479 ASSIGN 264 R10 32
479 GO_CHARGE R60 14 1
479 SIDESTEP R2
479 SIDESTEP R17
479 SIDESTEP R20
479 SIDESTEP R21
479 SIDESTEP R24
479 PICK 235 R34
479 PICK 252 R42
479 SIDESTEP R57
480 SIDESTEP R5
480 SIDESTEP R40
480 SIDESTEP R67
480 SIDESTEP R68
481 SIDESTEP R7
481 SIDESTEP R37
481 SIDESTEP R50
481 SIDESTEP R79
482 SIDESTEP R0
482 SIDESTEP R25
482 SIDESTEP R28
482 SIDESTEP R46
482 SIDESTEP R52
482 SIDESTEP R64
483 SIDESTEP R9
483 SIDESTEP R18
483 SIDESTEP R19
483 SIDESTEP R31
483 SIDESTEP R32
484 SIDESTEP R17
484 SIDESTEP R20
484 SIDESTEP R21
484 SIDESTEP R24
484 SIDESTEP R30
484 CHARGE R49
484 SIDESTEP R53
485 SIDESTEP R3
485 SIDESTEP R5
485 PICK 259 R26
485 SIDESTEP R40
485 SIDESTEP R51
485 SIDESTEP R57
485 SIDESTEP R67
486 DELIVER 184 R6 272
486 SIDESTEP R79
487 ASSIGN 268 R6 19
487 SIDESTEP R0
487 CHARGE R5
487 PICK 349 R16
487 SIDESTEP R28
487 SIDESTEP R37
487 SIDESTEP R43
487 SIDESTEP R64
487 PICK 363 R71
488 SIDESTEP R9
488 SIDESTEP R34
488 SIDESTEP R38
488 SIDESTEP R58
489 SIDESTEP R2
489 SIDESTEP R20
489 SIDESTEP R21
489 SIDESTEP R30
489 SIDESTEP R31
489 DELIVER 227 R36 226
489 SIDESTEP R63
490 ASSIGN 402 R36 48
490 DELIVER 242 R13 212
490 SIDESTEP R22
490 SIDESTEP R39
490 SIDESTEP R40
490 SIDESTEP R66
490 SIDESTEP R67
490 SIDESTEP R68
491 ASSIGN 267 R13 27
491 SIDESTEP R57
491 SIDESTEP R79
492 CHARGED R73
492 ASSIGN 411 R73 57
492 SIDESTEP R0
492 SIDESTEP R28
492 SIDESTEP R76
493 SIDESTEP R9
493 SIDESTEP R32
493 SIDESTEP R34
494 SIDESTEP R2
494 CHARGE R12
494 SIDESTEP R20
494 SIDESTEP R21
494 SIDESTEP R31
494 SIDESTEP R53
494 SIDESTEP R63
495 SIDESTEP R19
495 SIDESTEP R22
495 SIDESTEP R40
495 DELIVER 252 R42 205
495 DELIVER 262 R54 187
495 SIDESTEP R58
495 SIDESTEP R62
495 SIDESTEP R66
495 SIDESTEP R67
495 SIDESTEP R68
495 SIDESTEP R72
496 ASSIGN 269 R54 20
496 GO_CHARGE R42 30 1
496 DELIVER 132 R46 346
496 SIDESTEP R57
496 SIDESTEP R79
497 ASSIGN 416 R46 14
497 SIDESTEP R28
497 SIDESTEP R73
497 SIDESTEP R76
498 SIDESTEP R34
498 PICK 396 R45
498 SIDESTEP R64
499 SIDESTEP R2
499 SIDESTEP R20
499 SIDESTEP R21
499 SIDESTEP R53
499 SIDESTEP R59
499 REPORT pending=103 aged=13 idle=0 to_pickup=31 delivering=38 to_charger=8 charging=3 dead=0 hot=23,17,12
500 CHARGED R49
500 ASSIGN 417 R49 61
500 SIDESTEP R3
500 SIDESTEP R19
500 SIDESTEP R33
500 PICK 251 R38
500 SIDESTEP R40
500 SIDESTEP R58
500 SIDESTEP R67
501 CHARGE R74
501 SIDESTEP R77
501 SIDESTEP R79
502 DELIVER 348 R18 94
502 SIDESTEP R28
502 SIDESTEP R29
502 SIDESTEP R39
502 SIDESTEP R66
503 CHARGED R5
503 ASSIGN 418 R5 40
503 GO_CHARGE R18 8 1
503 PICK 220 R8
503 SIDESTEP R43
503 SIDESTEP R56
504 SIDESTEP R2
504 SIDESTEP R20
504 SIDESTEP R21
504 SIDESTEP R37
504 SIDESTEP R48
504 SIDESTEP R53
504 SIDESTEP R59
504 SIDESTEP R72
505 SIDESTEP R3
505 SIDESTEP R32
505 SIDESTEP R38
505 SIDESTEP R42
505 DELIVER 344 R50 103
505 SIDESTEP R58
505 CHARGE R79
506 GO_CHARGE R50 28 1
506 SIDESTEP R16
506 SIDESTEP R19
506 PICK 293 R25
506 SIDESTEP R76
507 SIDESTEP R39
507 DELIVER 241 R44 230
507 PICK 254 R56
507 SIDESTEP R66
508 GO_CHARGE R44 10 1
508 DELIVER 300 R1 156
508 PICK 268 R6
508 DELIVER 148 R41 336
508 SIDESTEP R47
508 SIDESTEP R75
509 ASSIGN 424 R41 27
509 GO_CHARGE R1 12 1
509 DELIVER 244 R4 229
509 SIDESTEP R20
509 SIDESTEP R21
509 SIDESTEP R22
509 PICK 151 R37
509 SIDESTEP R48
509 SIDESTEP R59
509 SIDESTEP R77
510 GO_CHARGE R4 26 1
510 SIDESTEP R3
510 PICK 264 R10
510 SIDESTEP R32
510 SIDESTEP R63
510 DELIVER 248 R69 224
511 CHARGED R12
511 ASSIGN 270 R12 27
511 GO_CHARGE R69 32 1
511 SIDESTEP R5
511 PICK 416 R46
511 SIDESTEP R52
511 SIDESTEP R58
511 CHARGE R60
512 SIDESTEP R67
513 SIDESTEP R42
513 SIDESTEP R66
513 SIDESTEP R75
514 SIDESTEP R18
514 SIDESTEP R21
514 SIDESTEP R22
514 SIDESTEP R37
514 SIDESTEP R48
514 SIDESTEP R59
514 SIDESTEP R77
515 SIDESTEP R3
515 DELIVER 183 R31 302
515 SIDESTEP R32
515 PICK 269 R54
515 SIDESTEP R63
515 SIDESTEP R65
516 ASSIGN 273 R31 25
516 SIDESTEP R14
516 SIDESTEP R49
517 PICK 222 R40
517 SIDESTEP R43
518 CHARGED R74
518 ASSIGN 274 R74 37
518 SIDESTEP R42
519 DELIVER 349 R16 110
519 SIDESTEP R59
519 SIDESTEP R67
519 SIDESTEP R77
520 CHARGED R79
520 ASSIGN 279 R79 58
520 GO_CHARGE R16 6 1
520 SIDESTEP R3
520 PICK 313 R17
520 SIDESTEP R26
520 SIDESTEP R27
520 SIDESTEP R32
520 SIDESTEP R41
520 SIDESTEP R63
520 SIDESTEP R65
521 SIDESTEP R13
521 SIDESTEP R23
521 SIDESTEP R28
521 SIDESTEP R37
521 SIDESTEP R73
522 SIDESTEP R11
522 SIDESTEP R14
522 CHARGE R18
522 PICK 276 R57
523 SIDESTEP R33
523 SIDESTEP R36
523 SIDESTEP R42
523 SIDESTEP R43
523 DELIVER 319 R55 149
524 ASSIGN 280 R55 49
524 SIDESTEP R7
524 PICK 258 R29
524 SIDESTEP R59
525 SIDESTEP R3
525 SIDESTEP R27
525 PICK 214 R52
525 SIDESTEP R56
525 SIDESTEP R63
525 SIDESTEP R65
526 CHARGED R60
526 ASSIGN 281 R60 18
526 DELIVER 301 R19 173
526 SIDESTEP R28
526 SIDESTEP R66
526 SIDESTEP R73
527 GO_CHARGE R19 22 1
527 DELIVER 264 R10 216
527 SIDESTEP R11
527 SIDESTEP R12
527 SIDESTEP R14
527 SIDESTEP R15
527 SIDESTEP R21
527 SIDESTEP R23
528 ASSIGN 284 R10 19
528 DELIVER 238 R24 254
528 DELIVER 283 R39 195
528 SIDESTEP R42
529 ASSIGN 287 R24 17
529 GO_CHARGE R39 16 1
529 SIDESTEP R2
529 SIDESTEP R7
529 DELIVER 290 R20 188
529 DELIVER 396 R45 54
529 SIDESTEP R59
529 PICK 394 R61
530 ASSIGN 443 R45 66
530 GO_CHARGE R20 14 1
530 SIDESTEP R53
530 SIDESTEP R54
530 SIDESTEP R56
530 SIDESTEP R65
531 SIDESTEP R27
531 SIDESTEP R34
531 CHARGE R43
531 SIDESTEP R52
531 SIDESTEP R63
531 SIDESTEP R66
531 PICK 163 R68
532 SIDESTEP R14
532 SIDESTEP R15
532 SIDESTEP R21
532 SIDESTEP R23
532 DELIVER 215 R67 282
533 GO_CHARGE R67 22 1
533 DELIVER 259 R26 230
533 SIDESTEP R42
533 PICK 337 R62
534 ASSIGN 286 R26 18
534 DELIVER 245 R0 253
534 SIDESTEP R2
534 SIDESTEP R7
534 SIDESTEP R9
534 SIDESTEP R59
535 ASSIGN 294 R0 11
535 DELIVER 203 R30 298
535 DELIVER 295 R35 188
535 DELIVER 210 R48 291
535 SIDESTEP R53
535 SIDESTEP R54
535 SIDESTEP R56
536 ASSIGN 288 R35 29
536 GO_CHARGE R30 6 1
536 GO_CHARGE R48 32 1
536 SIDESTEP R34
536 SIDESTEP R46
536 SIDESTEP R52
537 SIDESTEP R21
537 SIDESTEP R23
537 PICK 190 R32
537 SIDESTEP R44
537 DELIVER 278 R51 211
537 SIDESTEP R75
537 DELIVER 216 R78 286
538 GO_CHARGE R51 22 1
538 GO_CHARGE R78 6 1
538 SIDESTEP R42
538 SIDESTEP R65
538 DELIVER 363 R71 110
539 CHARGED R18
539 ASSIGN 291 R18 33
539 GO_CHARGE R71 8 1
539 SIDESTEP R2
539 SIDESTEP R7
539 SIDESTEP R40
539 SIDESTEP R59
539 SIDESTEP R63
539 DELIVER 212 R64 293
539 DELIVER 157 R70 357
540 ASSIGN 292 R70 37
540 GO_CHARGE R64 6 1
540 SIDESTEP R12
540 DELIVER 208 R28 298
540 SIDESTEP R54
540 SIDESTEP R56
541 GO_CHARGE R28 6 1
541 SIDESTEP R34
541 SIDESTEP R52
542 SIDESTEP R13
542 SIDESTEP R25
542 SIDESTEP R31
542 DELIVER 354 R76 128
543 GO_CHARGE R76 6 1
543 SIDESTEP R42
543 CHARGE R44
543 SIDESTEP R65
543 SIDESTEP R67
543 SIDESTEP R75
544 CHARGE R1
544 SIDESTEP R2
544 SIDESTEP R7
544 SIDESTEP R40
544 SIDESTEP R49
544 SIDESTEP R63
545 PICK 294 R0
545 SIDESTEP R12
545 PICK 267 R13
545 SIDESTEP R21
545 SIDESTEP R27
545 PICK 281 R60
546 SIDESTEP R9
546 PICK 284 R10
546 DELIVER 289 R22 206
546 DELIVER 251 R38 257
546 SIDESTEP R41
546 SIDESTEP R52
546 SIDESTEP R58
547 CHARGED R43
547 ASSIGN 455 R43 28
547 GO_CHARGE R22 18 1
547 GO_CHARGE R38 6 1
547 SIDESTEP R16
547 SIDESTEP R25
547 SIDESTEP R31
547 SIDESTEP R34
547 SIDESTEP R56
548 SIDESTEP R4
548 SIDESTEP R14
548 SIDESTEP R42
548 SIDESTEP R46
548 SIDESTEP R65
548 SIDESTEP R67
548 SIDESTEP R77
549 SIDESTEP R2
549 SIDESTEP R7
549 SIDESTEP R23
549 SIDESTEP R40
549 CHARGE R75
549 REPORT pending=129 aged=31 idle=0 to_pickup=27 delivering=29 to_charger=21 charging=3 dead=0 hot=23,17,9
550 SIDESTEP R63
550 SIDESTEP R66
551 SIDESTEP R9
551 SIDESTEP R41
551 SIDESTEP R52
551 SIDESTEP R58
552 PICK 287 R24
552 SIDESTEP R25
552 SIDESTEP R51
552 SIDESTEP R56
553 SIDESTEP R14
553 DELIVER 258 R29 251
553 SIDESTEP R42
553 SIDESTEP R46
553 SIDESTEP R55
553 SIDESTEP R65
553 SIDESTEP R67
553 DELIVER 350 R72 143
553 SIDESTEP R77
554 CANCEL_FAIL 311
554 ASSIGN 298 R29 58
554 GO_CHARGE R72 6 1
554 SIDESTEP R7
554 SIDESTEP R23
554 SIDESTEP R26
554 SIDESTEP R31
555 SIDESTEP R4
555 SIDESTEP R18
555 SIDESTEP R35
555 SIDESTEP R40
556 SIDESTEP R2
556 SIDESTEP R41
556 SIDESTEP R54
557 DELIVER 268 R6 241
557 PICK 256 R11
557 SIDESTEP R12
557 SIDESTEP R25
557 SIDESTEP R56
557 DEAD R69
557 SIDESTEP R74
558 GO_CHARGE R6 22 1
558 SIDESTEP R14
558 SIDESTEP R46
558 SIDESTEP R55
558 SIDESTEP R57
558 SIDESTEP R65
558 SIDESTEP R66
558 SIDESTEP R67
559 CHARGED R44
559 ASSIGN 470 R44 26
559 SIDESTEP R3
559 SIDESTEP R7
559 SIDESTEP R17
559 SIDESTEP R19
559 SIDESTEP R23
559 SIDESTEP R31
559 SIDESTEP R39
559 SIDESTEP R68
560 SIDESTEP R10
560 SIDESTEP R26
560 SIDESTEP R40
560 SIDESTEP R63
560 SIDESTEP R77
561 CHARGED R1
561 ASSIGN 473 R1 24
561 SIDESTEP R2
561 DELIVER 220 R8 306
561 DELIVER 156 R33 380
561 SIDESTEP R41
561 PICK 253 R47
561 SIDESTEP R54
562 ASSIGN 299 R33 21
562 GO_CHARGE R8 12 1
562 SIDESTEP R12
562 PICK 382 R15
562 SIDESTEP R25
562 SIDESTEP R56
562 SIDESTEP R74
562 SIDESTEP R79
563 CHARGE R21
563 SIDESTEP R61
563 SIDESTEP R62
563 CHARGE R64
563 SIDESTEP R73
564 SIDESTEP R3
564 SIDESTEP R7
564 SIDESTEP R31
564 SIDESTEP R32
564 SIDESTEP R34
564 SIDESTEP R60
565 CHARGED R75
565 ASSIGN 353 R75 12
565 DELIVER 313 R17 198
565 SIDESTEP R52
565 SIDESTEP R77
566 ASSIGN 476 R17 38
566 SIDESTEP R2
566 SIDESTEP R41
566 SIDESTEP R54
566 SIDESTEP R63
567 DELIVER 326 R3 185
567 SIDESTEP R12
567 SIDESTEP R26
567 SIDESTEP R27
567 SIDESTEP R56
567 SIDESTEP R59
567 SIDESTEP R79
568 ASSIGN 307 R3 15
568 SIDESTEP R5
568 SIDESTEP R9
568 SIDESTEP R36
568 SIDESTEP R61
568 SIDESTEP R65
569 DELIVER 294 R0 223
569 SIDESTEP R7
569 SIDESTEP R10
569 SIDESTEP R31
569 SIDESTEP R32
569 SIDESTEP R34
569 SIDESTEP R42
569 SIDESTEP R48
569 SIDESTEP R55
569 SIDESTEP R60
570 GO_CHARGE R0 20 1
570 SIDESTEP R25
570 SIDESTEP R70
570 SIDESTEP R75
571 SIDESTEP R14
571 SIDESTEP R41
571 SIDESTEP R54
571 PICK 274 R74
571 SIDESTEP R78
572 SIDESTEP R12
572 SIDESTEP R26
572 SIDESTEP R56
572 SIDESTEP R62
573 SIDESTEP R2
573 SIDESTEP R73
574 SIDESTEP R5
574 SIDESTEP R7
574 SIDESTEP R31
574 SIDESTEP R32
574 SIDESTEP R34
574 SIDESTEP R39
574 SIDESTEP R42
574 PICK 455 R43
574 SIDESTEP R48
574 SIDESTEP R50
574 SIDESTEP R60
574 SIDESTEP R61
575 SIDESTEP R16
575 SIDESTEP R33
575 SIDESTEP R37
575 SIDESTEP R46
576 SIDESTEP R1
576 SIDESTEP R10
576 SIDESTEP R27
576 SIDESTEP R30
576 SIDESTEP R54
576 DELIVER 163 R68 386
577 CANCEL 425
577 ASSIGN 359 R68 20
577 SIDESTEP R26
577 SIDESTEP R56
577 SIDESTEP R62
577 SIDESTEP R70
578 SIDESTEP R2
578 PICK 379 R23
579 CHARGED R21
579 ASSIGN 483 R21 31
579 SIDESTEP R7
579 SIDESTEP R28
579 SIDESTEP R29
579 SIDESTEP R32
579 SIDESTEP R34
579 SIDESTEP R39
579 SIDESTEP R42
579 SIDESTEP R60
579 SIDESTEP R75
580 SIDESTEP R9
580 PICK 291 R18
580 DELIVER 287 R24 242
580 SIDESTEP R25
580 SIDESTEP R33
580 SIDESTEP R45
580 SIDESTEP R46
581 CHARGED R64
581 ASSIGN 489 R64 48
581 GO_CHARGE R24 10 1
581 SIDESTEP R10
581 SIDESTEP R15
581 SIDESTEP R22
581 SIDESTEP R27
581 SIDESTEP R30
581 SIDESTEP R49
581 SIDESTEP R52
581 SIDESTEP R71
582 SIDESTEP R26
582 CHARGE R38
582 SIDESTEP R62
582 SIDESTEP R70
583 SIDESTEP R2
583 SIDESTEP R36
583 SIDESTEP R53
583 SIDESTEP R66
584 PICK 307 R3
584 SIDESTEP R7
584 SIDESTEP R34
584 PICK 288 R35
584 SIDESTEP R39
584 SIDESTEP R60
584 SIDESTEP R75
584 DELIVER 312 R77 218
585 GO_CHARGE R77 32 1
585 SIDESTEP R1
585 SIDESTEP R8
585 SIDESTEP R19
585 SIDESTEP R33
586 SIDESTEP R22
586 SIDESTEP R27
586 SIDESTEP R30
586 SIDESTEP R48
586 SIDESTEP R49
586 SIDESTEP R71
586 SIDESTEP R78
587 SIDESTEP R46
587 SIDESTEP R61
587 SIDESTEP R70
588 SIDESTEP R2
588 SIDESTEP R12
588 SIDESTEP R28
588 SIDESTEP R31
588 SIDESTEP R36
588 SIDESTEP R53
588 SIDESTEP R58
588 PICK 236 R65
588 SIDESTEP R66
589 PICK 418 R5
589 SIDESTEP R7
589 SIDESTEP R34
589 SIDESTEP R39
589 DELIVER 253 R47 298
589 DELIVER 276 R57 265
589 SIDESTEP R60
589 SIDESTEP R73
589 SIDESTEP R77
590 GO_CHARGE R47 32 1
590 GO_CHARGE R57 6 1
590 SIDESTEP R1
590 SIDESTEP R8
590 DELIVER 225 R14 329
590 SIDESTEP R19
590 SIDESTEP R33
591 GO_CHARGE R14 32 1
591 SIDESTEP R22
591 SIDESTEP R48
591 SIDESTEP R63
591 SIDESTEP R78
592 SIDESTEP R61
592 SIDESTEP R70
593 SIDESTEP R12
593 SIDESTEP R18
593 SIDESTEP R28
593 SIDESTEP R36
593 SIDESTEP R53
593 SIDESTEP R58
593 SIDESTEP R66
593 SIDESTEP R71
593 SIDESTEP R72
594 SIDESTEP R4
594 SIDESTEP R7
594 SIDESTEP R23
594 SIDESTEP R34
594 SIDESTEP R39
594 SIDESTEP R43
594 DELIVER 416 R46 97
594 SIDESTEP R60
594 SIDESTEP R73
595 ASSIGN 499 R46 49
595 SIDESTEP R5
595 SIDESTEP R8
595 SIDESTEP R10
595 SIDESTEP R19
595 PICK 286 R26
595 SIDESTEP R27
595 SIDESTEP R33
595 SIDESTEP R37
595 SIDESTEP R42
595 SIDESTEP R47
596 SIDESTEP R2
596 SIDESTEP R22
596 PICK 359 R68
596 PICK 353 R75
596 SIDESTEP R78
596 SIDESTEP R79
597 PICK 273 R31
597 SIDESTEP R49
597 SIDESTEP R54
597 SIDESTEP R61
597 SIDESTEP R70
598 CHARGED R38
598 ASSIGN 372 R38 46
598 SIDESTEP R18
598 SIDESTEP R72
599 SIDESTEP R7
599 SIDESTEP R34
599 SIDESTEP R39
599 DELIVER 222 R40 342
599 SIDESTEP R60
599 SIDESTEP R71
599 REPORT pending=160 aged=49 idle=1 to_pickup=23 delivering=29 to_charger=26 charging=0 dead=1 hot=32,23,13
600 GO_CHARGE R40 32 1
600 SIDESTEP R5
600 SIDESTEP R12
600 SIDESTEP R15
600 SIDESTEP R16
600 SIDESTEP R19
600 SIDESTEP R33
600 PICK 250 R59
600 SIDESTEP R66
601 SIDESTEP R4
601 DELIVER 267 R13 286
601 SIDESTEP R35
601 SIDESTEP R58
601 SIDESTEP R78
602 GO_CHARGE R13 32 1
602 DELIVER 232 R9 334
602 DELIVER 256 R11 307
602 SIDESTEP R38
602 SIDESTEP R48
602 SIDESTEP R49
602 SIDESTEP R54
602 SIDESTEP R56
602 SIDESTEP R68
602 SIDESTEP R70
602 CHARGE R76
603 GO_CHARGE R9 6 1
603 GO_CHARGE R11 6 1
603 PICK 473 R1
603 SIDESTEP R10
603 SIDESTEP R52
603 SIDESTEP R67
603 SIDESTEP R72
603 SIDESTEP R73
604 SIDESTEP R7
604 DEAD R9
604 SIDESTEP R39
604 SIDESTEP R51
604 PICK 280 R55
604 SIDESTEP R60
604 SIDESTEP R71
605 SIDESTEP R19
605 SIDESTEP R28
605 SIDESTEP R33
605 PICK 424 R41
605 SIDESTEP R66
606 SIDESTEP R0
606 SIDESTEP R4
606 SIDESTEP R8
606 SIDESTEP R26
606 SIDESTEP R35
606 SIDESTEP R78
607 SIDESTEP R12
607 SIDESTEP R14
607 SIDESTEP R48
607 SIDESTEP R49
607 SIDESTEP R54
607 SIDESTEP R70
607 SIDESTEP R77
608 SIDESTEP R10
608 SIDESTEP R23
608 SIDESTEP R34
608 SIDESTEP R73
609 SIDESTEP R6
609 SIDESTEP R7
609 SIDESTEP R11
609 SIDESTEP R15
609 SIDESTEP R36
609 SIDESTEP R42
609 SIDESTEP R71
610 SIDESTEP R22
610 SIDESTEP R28
610 SIDESTEP R33
610 PICK 443 R45
610 SIDESTEP R56
610 SIDESTEP R66
610 SIDESTEP R72
611 SIDESTEP R4
611 SIDESTEP R8
611 SIDESTEP R26
611 SIDESTEP R51
611 SIDESTEP R78
612 SIDESTEP R12
612 SIDESTEP R14
612 SIDESTEP R46
612 SIDESTEP R49
612 SIDESTEP R54
612 SIDESTEP R64
612 SIDESTEP R70
612 SIDESTEP R75
612 SIDESTEP R77
613 SIDESTEP R21
613 SIDESTEP R23
613 SIDESTEP R25
613 SIDESTEP R34
613 DELIVER 151 R37 438
613 PICK 470 R44
613 SIDESTEP R52
613 SIDESTEP R73
614 ASSIGN 386 R37 36
614 SIDESTEP R7
614 SIDESTEP R17
614 SIDESTEP R42
614 SIDESTEP R60
615 DELIVER 307 R3 256
615 SIDESTEP R19
615 SIDESTEP R22
615 SIDESTEP R28
615 PICK 402 R36
615 SIDESTEP R66
615 SIDESTEP R72
616 GO_CHARGE R3 22 1
616 SIDESTEP R8
616 SIDESTEP R10
616 SIDESTEP R26
616 SIDESTEP R71
616 DEAD R77
617 SIDESTEP R12
617 SIDESTEP R14
617 SIDESTEP R15
617 SIDESTEP R49
617 SIDESTEP R56
617 SIDESTEP R57
617 SIDESTEP R75
618 SIDESTEP R21
618 SIDESTEP R25
618 SIDESTEP R34
618 SIDESTEP R41
618 SIDESTEP R52
618 DELIVER 269 R54 301
618 SIDESTEP R59
618 DELIVER 394 R61 147
618 SIDESTEP R64
618 SIDESTEP R70
618 SIDESTEP R73
619 CHARGED R76
619 ASSIGN 521 R76 51
619 GO_CHARGE R54 6 1
619 GO_CHARGE R61 22 1
619 SIDESTEP R7
619 PICK 476 R17
619 CHARGE R20
619 SIDESTEP R27
619 SIDESTEP R42
619 PICK 247 R53
619 SIDESTEP R60
619 SIDESTEP R65
620 PICK 239 R2
620 CHARGE R16
620 SIDESTEP R22
620 SIDESTEP R28
620 SIDESTEP R66
620 SIDESTEP R72
621 SIDESTEP R8
621 SIDESTEP R26
622 SIDESTEP R14
622 SIDESTEP R39
622 SIDESTEP R56
622 SIDESTEP R57
622 SIDESTEP R58
622 DELIVER 274 R74 300
623 ASSIGN 522 R74 15
623 SIDESTEP R4
623 SIDESTEP R15
623 SIDESTEP R18
623 SIDESTEP R19
623 SIDESTEP R38
623 SIDESTEP R41
623 SIDESTEP R64
624 SIDESTEP R0
624 SIDESTEP R7
624 SIDESTEP R12
624 PICK 298 R29
624 SIDESTEP R31
624 SIDESTEP R60
624 SIDESTEP R65
625 SIDESTEP R3
625 SIDESTEP R6
625 SIDESTEP R28
625 SIDESTEP R66
625 SIDESTEP R72
626 SIDESTEP R8
626 SIDESTEP R26
626 SIDESTEP R34
626 SIDESTEP R43
626 SIDESTEP R61
626 DELIVER 237 R63 353
626 SIDESTEP R71
627 ASSIGN 393 R63 27
627 SIDESTEP R14
627 SIDESTEP R49
627 SIDESTEP R56
627 SIDESTEP R75
628 SIDESTEP R18
628 SIDESTEP R23
628 DELIVER 190 R32 408
628 SIDESTEP R38
628 SIDESTEP R51
628 DEAD R54
628 SIDESTEP R62
628 SIDESTEP R64
628 SIDESTEP R78
629 GO_CHARGE R32 6 1
629 SIDESTEP R0
629 SIDESTEP R7
629 SIDESTEP R10
629 SIDESTEP R12
629 SIDESTEP R53
629 SIDESTEP R57
629 SIDESTEP R60
630 SIDESTEP R6
630 SIDESTEP R28
630 SIDESTEP R35
630 SIDESTEP R44
630 SIDESTEP R70
630 SIDESTEP R72
630 SIDESTEP R76
631 SIDESTEP R8
631 SIDESTEP R26
632 SIDESTEP R14
632 SIDESTEP R49
632 SIDESTEP R56
633 SIDESTEP R18
633 PICK 266 R27
633 SIDESTEP R38
633 SIDESTEP R51
633 SIDESTEP R73
633 SIDESTEP R75
634 SIDESTEP R7
634 SIDESTEP R22
634 DELIVER 273 R31 313
634 SIDESTEP R58
634 DELIVER 337 R62 240
635 GO_CHARGE R31 6 1
635 GO_CHARGE R62 6 1
635 SIDESTEP R6
635 SIDESTEP R12
635 SIDESTEP R28
635 PICK 299 R33
635 SIDESTEP R35
635 SIDESTEP R68
635 SIDESTEP R72
636 CHARGED R20
636 ASSIGN 490 R20 8
636 SIDESTEP R0
636 SIDESTEP R8
636 PICK 483 R21
636 SIDESTEP R25
636 SIDESTEP R26
636 SIDESTEP R43
636 SIDESTEP R71
637 SIDESTEP R14
637 SIDESTEP R36
637 SIDESTEP R56
637 PICK 522 R74
638 CHARGED R16
638 ASSIGN 406 R16 54
638 SIDESTEP R5
638 SIDESTEP R39
638 SIDESTEP R51
638 SIDESTEP R67
639 SIDESTEP R7
639 DELIVER 476 R17 75
639 SIDESTEP R19
639 SIDESTEP R22
639 SIDESTEP R58
640 GO_CHARGE R17 14 1
640 SIDESTEP R4
640 SIDESTEP R68
640 SIDESTEP R72
641 SIDESTEP R8
641 SIDESTEP R26
641 SIDESTEP R28
641 SIDESTEP R49
641 SIDESTEP R57
642 SIDESTEP R14
642 SIDESTEP R71
643 SIDESTEP R3
643 DELIVER 293 R25 299
643 SIDESTEP R39
643 SIDESTEP R51
643 SIDESTEP R63
643 SIDESTEP R66
644 GO_CHARGE R25 6 1
644 SIDESTEP R7
644 SIDESTEP R20
644 SIDESTEP R29
644 DELIVER 247 R53 359
644 SIDESTEP R58
644 SIDESTEP R61
645 CANCEL 423
645 GO_CHARGE R53 6 1
645 SIDESTEP R4
645 DELIVER 280 R55 317
645 SIDESTEP R56
645 SIDESTEP R64
645 SIDESTEP R68
645 SIDESTEP R73
646 GO_CHARGE R55 22 1
646 SIDESTEP R8
646 DELIVER 382 R15 190
646 SIDESTEP R18
646 SIDESTEP R26
646 SIDESTEP R28
646 SIDESTEP R43
646 SIDESTEP R44
646 SIDESTEP R59
646 SIDESTEP R72
647 GO_CHARGE R15 6 1
647 SIDESTEP R36
648 SIDESTEP R51
648 SIDESTEP R66
648 SIDESTEP R71
649 SIDESTEP R5
649 SIDESTEP R20
649 SIDESTEP R29
649 PICK 386 R37
649 SIDESTEP R45
649 SIDESTEP R75
649 REPORT pending=193 aged=79 idle=0 to_pickup=13 delivering=28 to_charger=35 charging=0 dead=4 hot=23,14,13
650 SIDESTEP R46
650 SIDESTEP R56
650 DELIVER 236 R65 378
650 SIDESTEP R73
651 GO_CHARGE R65 6 1
651 SIDESTEP R4
651 SIDESTEP R6
651 SIDESTEP R18
651 DELIVER 483 R21 80
651 SIDESTEP R22
651 CHARGE R40
651 SIDESTEP R43
651 SIDESTEP R44
651 SIDESTEP R68
651 SIDESTEP R70
652 ASSIGN 413 R21 27
652 SIDESTEP R17
652 SIDESTEP R72
653 DELIVER 473 R1 92
653 DELIVER 281 R60 323
653 SIDESTEP R71
653 SIDESTEP R78
654 ASSIGN 302 R60 39
654 ASSIGN 421 R1 57
654 SIDESTEP R20
654 SIDESTEP R29
654 SIDESTEP R35
654 SIDESTEP R66
654 SIDESTEP R67
654 SIDESTEP R75
654 PICK 279 R79
655 SIDESTEP R12
655 SIDESTEP R56
655 SIDESTEP R73
656 SIDESTEP R2
656 SIDESTEP R4
656 SIDESTEP R5
656 SIDESTEP R13
656 SIDESTEP R22
656 SIDESTEP R44
656 SIDESTEP R59
656 SIDESTEP R70
657 CANCEL 385
657 RESCUE R69
657 ASSIGN 304 R69 17
657 SIDESTEP R17
657 SIDESTEP R18
657 DELIVER 235 R34 386
657 SIDESTEP R36
657 SIDESTEP R42
657 SIDESTEP R46
657 PICK 393 R63
657 SIDESTEP R72
658 GO_CHARGE R34 22 1
658 SIDESTEP R25
658 SIDESTEP R28
658 SIDESTEP R71
659 SIDESTEP R6
659 SIDESTEP R20
659 SIDESTEP R29
659 SIDESTEP R39
659 SIDESTEP R66
659 SIDESTEP R67
659 SIDESTEP R75
659 SIDESTEP R78
660 SIDESTEP R12
660 SIDESTEP R64
661 SIDESTEP R1
661 SIDESTEP R5
661 SIDESTEP R22
661 SIDESTEP R44
661 SIDESTEP R51
661 SIDESTEP R70
662 SIDESTEP R2
662 SIDESTEP R14
662 SIDESTEP R18
662 CHARGE R24
662 SIDESTEP R36
662 SIDESTEP R42
662 SIDESTEP R46
662 SIDESTEP R61
663 SIDESTEP R13
663 SIDESTEP R25
663 SIDESTEP R47
663 SIDESTEP R55
664 SIDESTEP R28
664 SIDESTEP R53
664 SIDESTEP R78
665 SIDESTEP R6
665 DELIVER 299 R33 314
665 SIDESTEP R39
665 SIDESTEP R71
666 ASSIGN 557 R33 18
666 SIDESTEP R12
666 SIDESTEP R22
666 SIDESTEP R44
666 SIDESTEP R49
666 DELIVER 214 R52 418
666 SIDESTEP R67
666 SIDESTEP R70
666 SIDESTEP R75
666 SIDESTEP R76
667 GO_CHARGE R52 6 1
667 SIDESTEP R2
667 SIDESTEP R14
667 PICK 490 R20
667 SIDESTEP R26
667 SIDESTEP R29
667 SIDESTEP R43
667 CHARGE R58
667 SIDESTEP R64
668 SIDESTEP R0
668 SIDESTEP R13
668 SIDESTEP R18
668 SIDESTEP R21
668 SIDESTEP R50
668 SIDESTEP R55
669 CHARGED R40
669 ASSIGN 305 R40 50
669 SIDESTEP R28
669 SIDESTEP R36
669 SIDESTEP R53
669 DELIVER 359 R68 249
669 SIDESTEP R72
669 SIDESTEP R78
670 GO_CHARGE R68 6 1
670 SIDESTEP R31
670 DELIVER 386 R37 210
670 SIDESTEP R39
670 DELIVER 424 R41 163
670 SIDESTEP R63
671 GO_CHARGE R37 22 1
671 GO_CHARGE R41 6 1
671 SIDESTEP R12
671 DELIVER 379 R23 218
671 DELIVER 266 R27 357
671 CHARGE R30
671 DELIVER 288 R35 332
671 PICK 372 R38
671 SIDESTEP R44
671 SIDESTEP R67
671 SIDESTEP R70
671 SIDESTEP R71
671 SIDESTEP R75
671 SIDESTEP R76
672 ASSIGN 306 R27 14
672 ASSIGN 308 R23 29
672 GO_CHARGE R35 6 1
672 SIDESTEP R14
672 SIDESTEP R26
672 SIDESTEP R29
672 SIDESTEP R64
673 SIDESTEP R13
673 SIDESTEP R18
673 SIDESTEP R21
673 SIDESTEP R34
673 SIDESTEP R40
673 CHARGE R48
673 SIDESTEP R50
673 SIDESTEP R55
673 SIDESTEP R57
673 PICK 304 R69
674 SIDESTEP R4
674 SIDESTEP R17
674 SIDESTEP R36
674 DEAD R52
674 SIDESTEP R53
675 SIDESTEP R31
675 SIDESTEP R62
675 SIDESTEP R63
676 SIDESTEP R0
676 SIDESTEP R5
676 SIDESTEP R12
676 SIDESTEP R44
676 SIDESTEP R70
676 SIDESTEP R71
676 SIDESTEP R75
676 SIDESTEP R76
677 SIDESTEP R29
677 SIDESTEP R64
677 SIDESTEP R67
677 SIDESTEP R78
678 SIDESTEP R16
678 SIDESTEP R18
678 SIDESTEP R26
678 SIDESTEP R28
678 SIDESTEP R57
679 CHARGED R24
679 ASSIGN 309 R24 21
679 DELIVER 284 R10 345
679 SIDESTEP R13
679 SIDESTEP R14
679 SIDESTEP R17
679 SIDESTEP R36
679 SIDESTEP R42
679 SIDESTEP R53
680 GO_CHARGE R10 10 1
680 SIDESTEP R4
680 SIDESTEP R20
680 SIDESTEP R31
680 SIDESTEP R46
680 SIDESTEP R62
680 SIDESTEP R63
681 SIDESTEP R5
681 SIDESTEP R12
681 SIDESTEP R15
681 SIDESTEP R27
681 SIDESTEP R39
681 SIDESTEP R44
681 SIDESTEP R70
681 SIDESTEP R75
682 CHARGE R4
682 SIDESTEP R29
682 PICK 334 R66
682 SIDESTEP R71
683 SIDESTEP R6
683 SIDESTEP R18
683 SIDESTEP R25
683 SIDESTEP R26
683 SIDESTEP R28
683 SIDESTEP R57
683 SIDESTEP R64
683 SIDESTEP R78
684 CHARGED R58
684 ASSIGN 314 R58 31
684 DELIVER 277 R7 359
684 PICK 557 R33
684 SIDESTEP R36
684 SIDESTEP R42
684 PICK 417 R49
684 SIDESTEP R53
684 DELIVER 250 R59 396
685 ASSIGN 318 R59 28
685 GO_CHARGE R7 24 1
685 SIDESTEP R17
685 SIDESTEP R20
685 SIDESTEP R37
685 SIDESTEP R46
685 SIDESTEP R62
685 SIDESTEP R63
686 SIDESTEP R12
686 SIDESTEP R13
686 SIDESTEP R15
686 SIDESTEP R39
686 SIDESTEP R44
686 SIDESTEP R50
686 SIDESTEP R65
686 SIDESTEP R75
687 CHARGED R30
687 ASSIGN 316 R30 55
687 SIDESTEP R29
687 DELIVER 443 R45 158
687 SIDESTEP R71
687 DELIVER 522 R74 68
687 SIDESTEP R76
688 ASSIGN 317 R45 33
688 ASSIGN 320 R74 19
688 SIDESTEP R6
688 SIDESTEP R18
688 SIDESTEP R57
688 PICK 411 R73
689 PICK 306 R27
689 SIDESTEP R36
690 SIDESTEP R17
690 SIDESTEP R20
690 SIDESTEP R28
690 SIDESTEP R46
690 SIDESTEP R63
690 SIDESTEP R78
691 CHARGED R48
691 ASSIGN 321 R48 29
691 SIDESTEP R8
691 SIDESTEP R12
691 SIDESTEP R13
691 SIDESTEP R15
691 SIDESTEP R44
691 SIDESTEP R50
691 SIDESTEP R65
691 SIDESTEP R70
691 CHARGE R71
691 SIDESTEP R75
692 DELIVER 239 R2 417
692 SIDESTEP R29
692 SIDESTEP R39
692 SIDESTEP R42
692 CHARGE R47
692 SIDESTEP R53
692 SIDESTEP R64
692 SIDESTEP R76
693 GO_CHARGE R2 6 1
693 SIDESTEP R18
693 SIDESTEP R31
693 SIDESTEP R57
695 SIDESTEP R17
695 SIDESTEP R28
695 SIDESTEP R46
695 DEAD R56
695 LOST 254
695 SIDESTEP R63
695 SIDESTEP R73
695 SIDESTEP R78
696 SIDESTEP R12
696 SIDESTEP R14
696 SIDESTEP R20
696 SIDESTEP R36
696 SIDESTEP R44
696 SIDESTEP R61
696 SIDESTEP R75
697 CANCEL 560
697 SIDESTEP R15
697 SIDESTEP R19
697 SIDESTEP R21
697 SIDESTEP R32
697 SIDESTEP R53
697 SIDESTEP R64
698 CHARGED R4
698 ASSIGN 322 R4 9
698 SIDESTEP R18
698 SIDESTEP R25
698 SIDESTEP R31
698 SIDESTEP R41
698 SIDESTEP R57
698 SIDESTEP R76
699 SIDESTEP R0
699 SIDESTEP R10
699 SIDESTEP R29
699 SIDESTEP R38
699 SIDESTEP R42
699 REPORT pending=213 aged=102 idle=0 to_pickup=19 delivering=18 to_charger=36 charging=2 dead=5 hot=23,11,13
700 SIDESTEP R17
700 PICK 309 R24
700 SIDESTEP R46
700 DELIVER 279 R79 373
701 ASSIGN 323 R79 68
701 SIDESTEP R12
701 SIDESTEP R20
701 PICK 308 R23
701 DEAD R25
701 SIDESTEP R36
701 SIDESTEP R44
701 SIDESTEP R70
701 SIDESTEP R75
702 SIDESTEP R16
702 SIDESTEP R19
702 SIDESTEP R26
702 SIDESTEP R28
702 SIDESTEP R53
702 SIDESTEP R58
702 SIDESTEP R64
702 SIDESTEP R78
703 SIDESTEP R15
703 SIDESTEP R31
703 SIDESTEP R57
703 SIDESTEP R66
704 RESCUE R9
704 ASSIGN 588 R9 61
704 SIDESTEP R10
704 SIDESTEP R29
704 SIDESTEP R42
704 SIDESTEP R50
704 SIDESTEP R65
705 SIDESTEP R1
705 SIDESTEP R17
705 SIDESTEP R18
705 SIDESTEP R46
706 SIDESTEP R36
706 SIDESTEP R70
707 CHARGED R71
707 ASSIGN 324 R71 51
707 SIDESTEP R26
707 SIDESTEP R28
707 SIDESTEP R48
707 DELIVER 417 R49 209
707 SIDESTEP R53
707 SIDESTEP R64
707 SIDESTEP R78
708 CHARGED R47
708 ASSIGN 325 R47 20
708 ASSIGN 327 R49 49
708 SIDESTEP R0
708 PICK 322 R4
708 SIDESTEP R15
708 SIDESTEP R20
708 SIDESTEP R38
708 SIDESTEP R40
708 SIDESTEP R57
708 SIDESTEP R66
708 SIDESTEP R76
709 SIDESTEP R9
709 SIDESTEP R10
709 SIDESTEP R12
709 SIDESTEP R19
709 PICK 413 R21
709 SIDESTEP R29
709 SIDESTEP R31
709 SIDESTEP R39
709 SIDESTEP R50
709 SIDESTEP R65
710 SIDESTEP R1
710 SIDESTEP R18
710 SIDESTEP R35
710 SIDESTEP R42
710 SIDESTEP R46
711 DEAD R2
711 DELIVER 557 R33 47
711 SIDESTEP R36
711 SIDESTEP R70
712 GO_CHARGE R33 8 1
712 SIDESTEP R26
712 SIDESTEP R28
712 SIDESTEP R47
712 PICK 318 R59
712 SIDESTEP R64
712 SIDESTEP R78
713 CHARGE R13
713 SIDESTEP R15
713 SIDESTEP R20
713 SIDESTEP R38
713 SIDESTEP R40
713 SIDESTEP R53
713 SIDESTEP R66
713 SIDESTEP R76
714 SIDESTEP R10
714 SIDESTEP R24
714 SIDESTEP R29
714 SIDESTEP R31
714 SIDESTEP R39
714 SIDESTEP R61
715 SIDESTEP R0
715 SIDESTEP R1
715 SIDESTEP R9
715 SIDESTEP R18
715 SIDESTEP R35
715 SIDESTEP R46
715 SIDESTEP R65
716 RESCUE R77
716 ASSIGN 328 R77 14
716 SIDESTEP R4
716 SIDESTEP R12
716 SIDESTEP R19
716 SIDESTEP R36
716 SIDESTEP R57
716 SIDESTEP R70
717 SIDESTEP R28
717 SIDESTEP R64
717 SIDESTEP R78
718 CHARGE R8
718 SIDESTEP R20
718 SIDESTEP R40
718 SIDESTEP R50
718 SIDESTEP R53
718 SIDESTEP R66
719 SIDESTEP R10
719 SIDESTEP R15
719 SIDESTEP R24
719 SIDESTEP R29
719 SIDESTEP R31
719 SIDESTEP R58
719 DELIVER 304 R69 363
720 ASSIGN 329 R69 12
720 SIDESTEP R0
720 SIDESTEP R1
720 SIDESTEP R9
720 SIDESTEP R18
720 SIDESTEP R22
720 SIDESTEP R35
720 SIDESTEP R46
720 PICK 302 R60
720 SIDESTEP R65
720 SIDESTEP R68
721 SIDESTEP R39
721 SIDESTEP R59
721 SIDESTEP R70
722 CANCEL_FAIL 470
722 DELIVER 306 R27 364
722 SIDESTEP R64
722 SIDESTEP R78
723 GO_CHARGE R27 6 1
723 SIDESTEP R19
723 SIDESTEP R20
723 SIDESTEP R28
723 SIDESTEP R40
723 SIDESTEP R50
723 SIDESTEP R53
723 SIDESTEP R66
723 SIDESTEP R71
724 SIDESTEP R4
724 SIDESTEP R24
724 SIDESTEP R42
724 SIDESTEP R58
725 SIDESTEP R1
725 SIDESTEP R10
725 SIDESTEP R15
725 SIDESTEP R22
725 SIDESTEP R31
725 SIDESTEP R35
725 SIDESTEP R46
725 SIDESTEP R60
725 SIDESTEP R65
726 CHARGE R51
726 SIDESTEP R68
726 SIDESTEP R70
726 SIDESTEP R75
727 SIDESTEP R0
727 DELIVER 470 R44 169
727 SIDESTEP R64
727 SIDESTEP R78
728 RESCUE R54
728 ASSIGN 330 R54 60
728 ASSIGN 331 R44 6
728 SIDESTEP R20
728 SIDESTEP R28
728 SIDESTEP R40
728 SIDESTEP R57
729 SIDESTEP R24
729 SIDESTEP R26
729 DELIVER 372 R38 287
729 SIDESTEP R53
729 SIDESTEP R58
729 PICK 320 R74
729 PICK 328 R77
730 ASSIGN 332 R38 42
730 SIDESTEP R15
730 SIDESTEP R19
730 SIDESTEP R32
730 SIDESTEP R35
730 SIDESTEP R42
730 SIDESTEP R46
730 SIDESTEP R60
730 SIDESTEP R65
731 CHARGED R13
731 ASSIGN 335 R13 44
731 SIDESTEP R9
731 DELIVER 413 R21 237
731 SIDESTEP R34
731 PICK 325 R47
731 SIDESTEP R59
731 PICK 329 R69
731 SIDESTEP R70
732 ASSIGN 336 R21 20
732 SIDESTEP R0
732 SIDESTEP R29
732 SIDESTEP R48
732 SIDESTEP R64
732 SIDESTEP R68
733 SIDESTEP R22
733 SIDESTEP R28
733 SIDESTEP R40
733 PICK 331 R44
733 SIDESTEP R57
734 SIDESTEP R20
734 SIDESTEP R24
734 SIDESTEP R58
735 SIDESTEP R15
735 SIDESTEP R41
735 CHARGE R42
735 PICK 317 R45
735 SIDESTEP R46
735 CHARGE R50
735 SIDESTEP R60
735 SIDESTEP R65
735 SIDESTEP R76
736 CHARGED R8
736 ASSIGN 338 R8 35
736 CHARGE R10
736 SIDESTEP R35
736 SIDESTEP R55
736 SIDESTEP R59
736 DEAD R65
736 SIDESTEP R66
736 SIDESTEP R70
737 CHARGE R14
737 SIDESTEP R29
737 DELIVER 455 R43 195
737 SIDESTEP R64
737 SIDESTEP R68
737 SIDESTEP R75
738 ASSIGN 340 R43 20
738 SIDESTEP R22
738 SIDESTEP R28
738 SIDESTEP R31
738 DEAD R34
738 SIDESTEP R40
738 SIDESTEP R57
738 SIDESTEP R73
739 SIDESTEP R4
739 SIDESTEP R12
739 SIDESTEP R20
739 SIDESTEP R24
739 SIDESTEP R58
739 SIDESTEP R78
740 SIDESTEP R15
740 SIDESTEP R46
740 SIDESTEP R60
740 SIDESTEP R69
740 SIDESTEP R76
741 SIDESTEP R16
741 SIDESTEP R59
741 DELIVER 393 R63 272
741 SIDESTEP R66
741 SIDESTEP R70
742 ASSIGN 615 R63 56
742 SIDESTEP R23
742 SIDESTEP R35
742 SIDESTEP R53
742 SIDESTEP R68
742 SIDESTEP R75
743 CHARGED R51
743 ASSIGN 341 R51 54
743 SIDESTEP R3
743 SIDESTEP R18
743 SIDESTEP R22
743 SIDESTEP R31
743 SIDESTEP R32
743 SIDESTEP R40
743 SIDESTEP R71
743 SIDESTEP R73
744 SIDESTEP R4
744 SIDESTEP R17
744 SIDESTEP R24
744 SIDESTEP R58
745 SIDESTEP R46
745 PICK 321 R48
745 SIDESTEP R60
745 SIDESTEP R64
745 SIDESTEP R69
745 SIDESTEP R76
746 SIDESTEP R13
746 SIDESTEP R15
746 SIDESTEP R16
746 DELIVER 402 R36 263
746 SIDESTEP R47
746 SIDESTEP R59
746 SIDESTEP R70
747 ASSIGN 501 R36 39
747 SIDESTEP R23
747 SIDESTEP R33
747 SIDESTEP R68
747 SIDESTEP R75
748 SIDESTEP R3
748 SIDESTEP R18
748 SIDESTEP R31
748 SIDESTEP R32
748 SIDESTEP R35
748 SIDESTEP R40
748 SIDESTEP R41
748 SIDESTEP R53
748 SIDESTEP R55
748 SIDESTEP R67
748 SIDESTEP R71
749 SIDESTEP R4
749 SIDESTEP R17
749 SIDESTEP R24
749 SIDESTEP R58
749 REPORT pending=233 aged=124 idle=0 to_pickup=23 delivering=20 to_charger=27 charging=4 dead=6 hot=23,4,13
750 SIDESTEP R0
750 DEAD R26
750 LOST 286
750 SIDESTEP R39
750 SIDESTEP R61
750 SIDESTEP R64
751 CHARGED R42
751 ASSIGN 507 R42 20
751 SIDESTEP R15
751 SIDESTEP R16
751 SIDESTEP R46
751 SIDESTEP R59
751 SIDESTEP R70
751 SIDESTEP R76
751 SIDESTEP R78
752 SIDESTEP R49
752 SIDESTEP R75
753 CHARGED R10
753 CHARGED R14
753 CHARGED R50
753 ASSIGN 342 R10 26
753 ASSIGN 343 R14 16
753 ASSIGN 345 R50 36
753 SIDESTEP R3
753 SIDESTEP R32
753 SIDESTEP R33
753 SIDESTEP R40
753 SIDESTEP R41
753 SIDESTEP R55
753 SIDESTEP R67
753 SIDESTEP R71
754 SIDESTEP R4
754 SIDESTEP R6
754 SIDESTEP R17
754 SIDESTEP R31
754 SIDESTEP R35
754 SIDESTEP R53
754 SIDESTEP R54
755 SIDESTEP R9
755 SIDESTEP R36
755 SIDESTEP R39
755 SIDESTEP R61
755 SIDESTEP R64
756 SIDESTEP R16
756 SIDESTEP R70
757 CANCEL 556
757 SIDESTEP R37
757 PICK 340 R43
757 SIDESTEP R49
758 DEAD R19
758 SIDESTEP R32
758 SIDESTEP R40
758 SIDESTEP R41
758 CHARGE R67
759 PICK 336 R21
759 SIDESTEP R31
759 SIDESTEP R35
760 SIDESTEP R1
760 SIDESTEP R20
760 SIDESTEP R36
760 SIDESTEP R53
761 SIDESTEP R9
761 SIDESTEP R16
761 SIDESTEP R22
761 SIDESTEP R70
762 DELIVER 308 R23 402
762 SIDESTEP R37
762 SIDESTEP R48
762 SIDESTEP R59
762 SIDESTEP R66
762 DELIVER 329 R69 377
763 ASSIGN 626 R23 21
763 GO_CHARGE R69 10 1
763 SIDESTEP R32
763 SIDESTEP R40
763 SIDESTEP R41
763 SIDESTEP R61
763 SIDESTEP R68
764 SIDESTEP R0
764 SIDESTEP R31
764 SIDESTEP R35
764 SIDESTEP R46
764 SIDESTEP R49
764 SIDESTEP R55
765 SIDESTEP R1
765 SIDESTEP R17
765 SIDESTEP R20
765 SIDESTEP R36
765 SIDESTEP R57
766 SIDESTEP R9
766 SIDESTEP R16
766 DELIVER 328 R77 382
767 ASSIGN 347 R77 36
767 SIDESTEP R45
767 SIDESTEP R48
768 PICK 343 R14
768 SIDESTEP R32
768 SIDESTEP R40
768 SIDESTEP R41
768 SIDESTEP R60
768 SIDESTEP R61
768 SIDESTEP R64
768 SIDESTEP R68
768 SIDESTEP R75
769 SIDESTEP R0
769 SIDESTEP R4
769 SIDESTEP R10
769 SIDESTEP R33
769 SIDESTEP R35
769 SIDESTEP R42
769 SIDESTEP R46
769 SIDESTEP R55
769 SIDESTEP R58
769 PICK 323 R79
770 SIDESTEP R1
770 PICK 270 R12
770 SIDESTEP R18
770 SIDESTEP R20
770 SIDESTEP R36
770 SIDESTEP R43
770 SIDESTEP R57
770 SIDESTEP R70
770 SIDESTEP R71
770 SIDESTEP R78
771 SIDESTEP R9
771 SIDESTEP R16
771 PICK 332 R38
771 SIDESTEP R66
772 SIDESTEP R45
773 SIDESTEP R40
773 SIDESTEP R41
773 SIDESTEP R48
773 SIDESTEP R53
773 SIDESTEP R68
773 DELIVER 320 R74 398
773 SIDESTEP R76
774 RESCUE R52
774 ASSIGN 351 R52 22
774 ASSIGN 355 R74 25
774 SIDESTEP R5
774 PICK 338 R8
774 SIDESTEP R10
774 SIDESTEP R32
774 SIDESTEP R33
774 SIDESTEP R39
774 SIDESTEP R46
774 SIDESTEP R60
774 SIDESTEP R64
775 SIDESTEP R1
775 SIDESTEP R12
775 SIDESTEP R17
775 SIDESTEP R18
775 SIDESTEP R20
775 SIDESTEP R22
775 SIDESTEP R27
775 SIDESTEP R43
775 DELIVER 331 R44 387
775 SIDESTEP R57
775 SIDESTEP R59
775 SIDESTEP R70
775 SIDESTEP R75
775 SIDESTEP R78
776 CHARGED R67
776 ASSIGN 356 R44 16
776 ASSIGN 357 R67 37
776 SIDESTEP R9
776 SIDESTEP R15
776 SIDESTEP R24
776 SIDESTEP R37
776 SIDESTEP R66
777 SIDESTEP R4
778 SIDESTEP R40
778 SIDESTEP R41
778 SIDESTEP R53
778 SIDESTEP R76
779 SIDESTEP R10
779 SIDESTEP R21
779 SIDESTEP R32
779 SIDESTEP R33
779 PICK 507 R42
779 SIDESTEP R46
779 SIDESTEP R60
779 SIDESTEP R68
779 SIDESTEP R73
780 SIDESTEP R1
780 SIDESTEP R12
780 SIDESTEP R17
780 SIDESTEP R18
780 SIDESTEP R27
780 SIDESTEP R31
780 SIDESTEP R55
780 SIDESTEP R58
780 SIDESTEP R59
780 SIDESTEP R67
780 SIDESTEP R70
780 SIDESTEP R75
780 SIDESTEP R78
781 CHARGE R3
781 SIDESTEP R9
781 SIDESTEP R15
781 SIDESTEP R20
781 SIDESTEP R28
781 SIDESTEP R49
782 CANCEL 526
782 SIDESTEP R24
782 DELIVER 321 R48 406
782 DEAD R78
783 ASSIGN 531 R48 26
783 PICK 626 R23
783 SIDESTEP R40
783 SIDESTEP R76
784 SIDESTEP R32
784 SIDESTEP R33
784 SIDESTEP R60
784 SIDESTEP R61
784 SIDESTEP R73
785 SIDESTEP R1
785 SIDESTEP R5
785 SIDESTEP R17
785 SIDESTEP R44
785 DELIVER 325 R47 405
785 SIDESTEP R53
785 SIDESTEP R55
785 SIDESTEP R58
785 SIDESTEP R67
786 ASSIGN 360 R47 36
786 SIDESTEP R15
786 SIDESTEP R28
786 SIDESTEP R31
786 SIDESTEP R35
786 SIDESTEP R39
786 SIDESTEP R50
787 SIDESTEP R24
787 SIDESTEP R27
787 SIDESTEP R51
788 SIDESTEP R18
788 SIDESTEP R40
788 SIDESTEP R76
789 SIDESTEP R12
789 SIDESTEP R32
789 SIDESTEP R33
789 SIDESTEP R60
789 SIDESTEP R61
789 SIDESTEP R63
790 SIDESTEP R1
790 SIDESTEP R14
790 SIDESTEP R17
790 SIDESTEP R44
790 SIDESTEP R53
790 SIDESTEP R55
790 SIDESTEP R58
790 SIDESTEP R67
791 SIDESTEP R10
791 SIDESTEP R28
791 SIDESTEP R31
791 SIDESTEP R35
791 SIDESTEP R37
791 SIDESTEP R39
791 SIDESTEP R50
791 SIDESTEP R68
792 SIDESTEP R0
792 SIDESTEP R41
793 SIDESTEP R15
793 SIDESTEP R18
793 SIDESTEP R20
793 SIDESTEP R40
793 PICK 330 R54
793 SIDESTEP R76
794 SIDESTEP R12
794 SIDESTEP R46
794 SIDESTEP R59
794 SIDESTEP R60
794 SIDESTEP R69
795 RESCUE R56
795 ASSIGN 537 R56 15
795 SIDESTEP R1
795 SIDESTEP R32
795 SIDESTEP R43
795 SIDESTEP R44
795 SIDESTEP R58
795 SIDESTEP R61
795 SIDESTEP R67
796 SIDESTEP R10
796 SIDESTEP R31
796 DELIVER 317 R45 425
796 SIDESTEP R50
796 SIDESTEP R53
796 SIDESTEP R57
796 SIDESTEP R68
797 GO_CHARGE R45 12 1
797 SIDESTEP R0
797 SIDESTEP R22
797 SIDESTEP R41
798 DELIVER 418 R5 299
798 SIDESTEP R15
798 SIDESTEP R18
798 SIDESTEP R27
798 SIDESTEP R33
798 SIDESTEP R64
798 SIDESTEP R66
798 PICK 355 R74
798 SIDESTEP R76
799 CHARGED R3
799 ASSIGN 538 R3 26
799 ASSIGN 539 R5 42
799 SIDESTEP R28
799 SIDESTEP R59
799 REPORT pending=260 aged=147 idle=0 to_pickup=27 delivering=21 to_charger=25 charging=0 dead=7 hot=5,2,12
800 SIDESTEP R12
800 PICK 335 R13
800 SIDESTEP R36
800 SIDESTEP R43
800 SIDESTEP R44
800 SIDESTEP R46
800 SIDESTEP R60
800 SIDESTEP R67
801 RESCUE R25
801 ASSIGN 541 R25 22
801 SIDESTEP R10
801 SIDESTEP R50
801 SIDESTEP R53
801 SIDESTEP R57
801 SIDESTEP R58
802 SIDESTEP R0
802 SIDESTEP R22
802 SIDESTEP R35
802 SIDESTEP R39
802 SIDESTEP R41
802 PICK 351 R52
802 PICK 347 R77
803 DELIVER 338 R8 408
803 SIDESTEP R27
803 SIDESTEP R64
803 SIDESTEP R66
803 SIDESTEP R69
804 ASSIGN 361 R8 29
804 SIDESTEP R1
804 SIDESTEP R28
804 SIDESTEP R76
805 SIDESTEP R12
805 SIDESTEP R31
805 SIDESTEP R36
805 SIDESTEP R43
805 SIDESTEP R44
805 SIDESTEP R46
805 SIDESTEP R47
805 SIDESTEP R59
805 SIDESTEP R60
805 SIDESTEP R67
806 SIDESTEP R3
806 CHARGE R6
806 SIDESTEP R10
806 DELIVER 626 R23 51
806 SIDESTEP R50
806 SIDESTEP R53
806 SIDESTEP R57
806 SIDESTEP R58
807 GO_CHARGE R23 26 1
807 SIDESTEP R35
807 SIDESTEP R39
807 SIDESTEP R41
808 SIDESTEP R0
808 SIDESTEP R5
808 SIDESTEP R20
808 SIDESTEP R22
808 PICK 531 R48
808 SIDESTEP R64
808 SIDESTEP R69
809 SIDESTEP R1
809 SIDESTEP R33
810 SIDESTEP R27
810 SIDESTEP R28
810 SIDESTEP R44
810 SIDESTEP R46
810 SIDESTEP R60
810 SIDESTEP R63
810 SIDESTEP R76
811 RESCUE R2
811 ASSIGN 673 R2 42
811 SIDESTEP R3
811 SIDESTEP R15
811 SIDESTEP R42
811 SIDESTEP R50
811 SIDESTEP R53
811 SIDESTEP R58
811 SIDESTEP R59
812 SIDESTEP R41
812 SIDESTEP R71
813 SIDESTEP R0
813 SIDESTEP R5
813 SIDESTEP R20
813 SIDESTEP R22
813 SIDESTEP R32
813 SIDESTEP R39
813 SIDESTEP R43
813 PICK 537 R56
813 SIDESTEP R64
813 SIDESTEP R66
813 SIDESTEP R69
814 SIDESTEP R1
814 SIDESTEP R33
814 DEAD R35
814 SIDESTEP R51
814 SIDESTEP R68
814 SIDESTEP R70
815 SIDESTEP R10
815 SIDESTEP R27
815 DELIVER 332 R38 426
815 SIDESTEP R44
815 SIDESTEP R60
816 ASSIGN 558 R38 15
816 SIDESTEP R16
816 SIDESTEP R50
816 SIDESTEP R58
817 DELIVER 322 R4 440
817 DELIVER 343 R14 417
817 SIDESTEP R71
818 ASSIGN 429 R14 39
818 ASSIGN 559 R4 47
818 SIDESTEP R20
818 SIDESTEP R32
818 SIDESTEP R41
818 SIDESTEP R64
818 SIDESTEP R69
818 SIDESTEP R73
818 SIDESTEP R79
819 SIDESTEP R33
819 SIDESTEP R39
819 SIDESTEP R49
819 SIDESTEP R59
819 SIDESTEP R63
819 SIDESTEP R68
820 SIDESTEP R10
820 SIDESTEP R31
820 SIDESTEP R37
820 SIDESTEP R43
820 SIDESTEP R44
820 SIDESTEP R53
820 SIDESTEP R66
821 SIDESTEP R1
821 SIDESTEP R5
821 SIDESTEP R16
821 SIDESTEP R28
821 SIDESTEP R42
821 SIDESTEP R77
822 CANCEL_FAIL 100687
822 CHARGED R6
822 ASSIGN 435 R6 49
822 SIDESTEP R15
823 SIDESTEP R20
823 SIDESTEP R41
823 SIDESTEP R57
823 SIDESTEP R64
823 SIDESTEP R69
823 SIDESTEP R73
824 PICK 588 R9
824 PICK 541 R25
824 SIDESTEP R39
824 SIDESTEP R52
824 SIDESTEP R59
824 SIDESTEP R68
825 SIDESTEP R3
825 SIDESTEP R22
825 SIDESTEP R31
825 SIDESTEP R44
825 SIDESTEP R53
825 SIDESTEP R66
825 SIDESTEP R79
826 SIDESTEP R1
826 SIDESTEP R6
826 SIDESTEP R10
826 SIDESTEP R16
826 SIDESTEP R21
826 SIDESTEP R28
826 DELIVER 531 R48 194
826 CHARGE R61
827 ASSIGN 436 R48 35
827 CHARGE R7
827 SIDESTEP R15
827 SIDESTEP R46
828 DELIVER 298 R29 478
828 SIDESTEP R43
828 SIDESTEP R57
828 SIDESTEP R64
828 SIDESTEP R73
829 ASSIGN 437 R29 16
829 SIDESTEP R32
829 SIDESTEP R68
829 PICK 292 R70
830 SIDESTEP R3
830 SIDESTEP R22
830 SIDESTEP R31
830 SIDESTEP R33
830 PICK 558 R38
830 PICK 305 R40
830 SIDESTEP R44
830 SIDESTEP R45
830 SIDESTEP R53
831 SIDESTEP R10
831 SIDESTEP R21
831 SIDESTEP R27
831 SIDESTEP R28
831 PICK 360 R47
831 DELIVER 355 R74 415
831 SIDESTEP R75
831 SIDESTEP R77
832 ASSIGN 442 R74 27
832 SIDESTEP R0
832 PICK 361 R8
832 DEAD R28
832 SIDESTEP R39
833 SIDESTEP R15
833 SIDESTEP R64
833 SIDESTEP R66
833 SIDESTEP R73
834 SIDESTEP R32
834 SIDESTEP R41
834 DELIVER 507 R42 234
834 SIDESTEP R59
834 PICK 615 R63
834 SIDESTEP R68
835 ASSIGN 445 R42 18
835 SIDESTEP R3
835 DELIVER 335 R13 443
835 SIDESTEP R31
835 SIDESTEP R33
835 SIDESTEP R37
835 SIDESTEP R44
835 SIDESTEP R46
835 SIDESTEP R55
835 DELIVER 353 R75 422
835 PICK 521 R76
836 CANCEL 656
836 ASSIGN 448 R13 34
836 ASSIGN 449 R75 41
836 SIDESTEP R10
836 SIDESTEP R17
836 SIDESTEP R21
836 SIDESTEP R45
837 SIDESTEP R27
837 PICK 501 R36
837 SIDESTEP R39
837 SIDESTEP R58
838 RESCUE R34
838 ASSIGN 450 R34 17
838 SIDESTEP R0
838 SIDESTEP R15
838 SIDESTEP R22
838 SIDESTEP R66
838 SIDESTEP R73
839 SIDESTEP R32
839 SIDESTEP R41
839 SIDESTEP R57
839 SIDESTEP R59
839 SIDESTEP R68
839 SIDESTEP R69
840 SIDESTEP R3
840 SIDESTEP R31
840 SIDESTEP R37
840 SIDESTEP R40
840 SIDESTEP R44
840 SIDESTEP R46
840 SIDESTEP R64
841 RESCUE R65
841 ASSIGN 451 R65 34
841 SIDESTEP R10
841 SIDESTEP R21
841 SIDESTEP R43
841 SIDESTEP R71
842 SIDESTEP R27
842 SIDESTEP R33
842 PICK 357 R67
842 SIDESTEP R70
843 DELIVER 588 R9 139
843 SIDESTEP R45
843 SIDESTEP R76
844 CHARGED R7
844 CHARGED R61
844 ASSIGN 454 R9 14
844 ASSIGN 576 R61 34
844 ASSIGN 690 R7 22
844 SIDESTEP R0
844 SIDESTEP R15
844 SIDESTEP R23
844 SIDESTEP R29
844 SIDESTEP R32
844 SIDESTEP R48
844 SIDESTEP R53
844 SIDESTEP R66
844 SIDESTEP R68
845 SIDESTEP R40
845 SIDESTEP R41
845 SIDESTEP R44
845 SIDESTEP R57
845 SIDESTEP R64
845 SIDESTEP R65
845 SIDESTEP R69
846 SIDESTEP R10
846 SIDESTEP R21
846 SIDESTEP R43
846 PICK 327 R49
847 SIDESTEP R14
847 DELIVER 291 R18 505
847 SIDESTEP R70
848 ASSIGN 458 R18 45
848 DELIVER 361 R8 423
848 SIDESTEP R31
848 SIDESTEP R45
848 PICK 314 R58
849 CANCEL 562
849 ASSIGN 460 R8 29
849 SIDESTEP R0
849 SIDESTEP R15
849 SIDESTEP R23
849 SIDESTEP R32
849 SIDESTEP R33
849 SIDESTEP R39
849 SIDESTEP R53
849 REPORT pending=283 aged=163 idle=0 to_pickup=29 delivering=25 to_charger=21 charging=0 dead=5 hot=7,1,12
850 RESCUE R26
850 ASSIGN 461 R26 10
850 SIDESTEP R7
850 SIDESTEP R36
850 SIDESTEP R41
850 SIDESTEP R44
850 SIDESTEP R57
850 SIDESTEP R64
850 SIDESTEP R69
850 SIDESTEP R73
851 SIDESTEP R10
851 SIDESTEP R20
851 SIDESTEP R21
851 SIDESTEP R48
851 PICK 341 R51
851 SIDESTEP R68
852 SIDESTEP R14
852 PICK 437 R29
852 SIDESTEP R38
852 SIDESTEP R46
852 SIDESTEP R70
853 SIDESTEP R43
853 SIDESTEP R45
853 PICK 345 R50
854 DELIVER 270 R12 536
854 SIDESTEP R23
854 SIDESTEP R31
854 SIDESTEP R32
854 SIDESTEP R33
854 PICK 450 R34
854 DELIVER 351 R52 443
855 ASSIGN 462 R12 40
855 ASSIGN 465 R52 26
855 CHARGE R0
855 SIDESTEP R7
855 CHARGE R22
855 SIDESTEP R27
855 SIDESTEP R44
855 SIDESTEP R64
855 SIDESTEP R69
856 SIDESTEP R10
856 SIDESTEP R21
856 PICK 445 R42
856 SIDESTEP R49
856 SIDESTEP R68
856 DELIVER 323 R79 478
857 ASSIGN 374 R79 39
857 PICK 454 R9
857 SIDESTEP R14
857 SIDESTEP R57
857 SIDESTEP R70
857 SIDESTEP R73
858 SIDESTEP R20
858 DELIVER 521 R76 240
859 ASSIGN 583 R76 20
859 SIDESTEP R8
859 SIDESTEP R15
859 PICK 461 R26
859 SIDESTEP R33
859 DELIVER 347 R77 452
860 GO_CHARGE R77 24 1
860 PICK 538 R3
860 SIDESTEP R27
860 SIDESTEP R31
860 SIDESTEP R39
860 DELIVER 360 R47 438
860 SIDESTEP R64
860 PICK 442 R74
861 RESCUE R19
861 ASSIGN 362 R47 20
861 ASSIGN 364 R19 53
861 SIDESTEP R7
861 SIDESTEP R23
861 DELIVER 309 R24 499
861 DELIVER 541 R25 218
861 SIDESTEP R55
861 SIDESTEP R65
862 ASSIGN 365 R24 23
862 ASSIGN 375 R25 25
862 PICK 673 R2
862 SIDESTEP R46
862 DELIVER 330 R54 475
862 DELIVER 537 R56 224
862 SIDESTEP R67
862 SIDESTEP R68
862 SIDESTEP R70
862 SIDESTEP R73
863 ASSIGN 377 R56 16
863 GO_CHARGE R54 28 1
863 SIDESTEP R20
863 SIDESTEP R57
864 PICK 559 R4
864 SIDESTEP R15
864 SIDESTEP R33
865 SIDESTEP R19
865 SIDESTEP R27
865 SIDESTEP R52
865 DEAD R59
865 LOST 318
865 DELIVER 302 R60 511
866 ASSIGN 478 R60 38
866 SIDESTEP R7
866 SIDESTEP R8
866 SIDESTEP R23
866 SIDESTEP R31
866 SIDESTEP R39
866 SIDESTEP R45
866 SIDESTEP R65
867 SIDESTEP R17
867 SIDESTEP R46
867 SIDESTEP R47
867 SIDESTEP R67
867 SIDESTEP R68
867 SIDESTEP R70
867 SIDESTEP R73
868 SIDESTEP R20
868 SIDESTEP R40
868 SIDESTEP R41
868 SIDESTEP R43
868 SIDESTEP R57
868 SIDESTEP R69
869 DELIVER 558 R38 204
869 PICK 324 R71
870 ASSIGN 378 R38 10
870 SIDESTEP R5
870 SIDESTEP R64
871 SIDESTEP R1
871 SIDESTEP R7
871 SIDESTEP R23
871 SIDESTEP R45
871 SIDESTEP R65
872 SIDESTEP R27
872 SIDESTEP R31
872 SIDESTEP R39
872 SIDESTEP R51
872 DELIVER 615 R63 130
872 SIDESTEP R70
873 CHARGED R0
873 CHARGED R22
873 ASSIGN 484 R22 4
873 ASSIGN 725 R0 27
873 GO_CHARGE R63 20 1
873 PICK 429 R14
873 PICK 406 R16
873 SIDESTEP R36
873 SIDESTEP R40
873 SIDESTEP R41
873 SIDESTEP R43
873 SIDESTEP R69
873 SIDESTEP R73
874 CANCEL 692
874 DELIVER 454 R9 333
875 GO_CHARGE R9 32 1
875 SIDESTEP R21
875 DELIVER 437 R29 353
875 SIDESTEP R32
875 SIDESTEP R57
875 DELIVER 314 R58 507
875 SIDESTEP R64
876 ASSIGN 487 R58 51
876 GO_CHARGE R29 18 1
876 SIDESTEP R1
876 PICK 484 R22
876 SIDESTEP R23
876 SIDESTEP R45
876 SIDESTEP R52
876 SIDESTEP R55
876 SIDESTEP R65
876 DELIVER 334 R66 485
877 GO_CHARGE R66 22 1
877 SIDESTEP R27
877 SIDESTEP R33
877 SIDESTEP R39
877 DELIVER 445 R42 346
877 SIDESTEP R51
877 PICK 449 R75
878 ASSIGN 488 R42 22
878 SIDESTEP R31
878 SIDESTEP R36
878 SIDESTEP R40
878 SIDESTEP R41
878 SIDESTEP R48
878 PICK 377 R56
878 SIDESTEP R69
878 SIDESTEP R73
878 PICK 583 R76
879 DELIVER 673 R2 71
879 SIDESTEP R18
879 SIDESTEP R26
879 PICK 378 R38
879 SIDESTEP R46
880 ASSIGN 491 R2 9
880 SIDESTEP R21
880 SIDESTEP R32
880 SIDESTEP R43
880 SIDESTEP R47
881 SIDESTEP R1
881 PICK 342 R10
881 SIDESTEP R15
881 SIDESTEP R20
881 SIDESTEP R53
881 SIDESTEP R65
882 SIDESTEP R27
882 SIDESTEP R33
882 SIDESTEP R39
882 SIDESTEP R45
882 SIDESTEP R51
882 SIDESTEP R57
882 SIDESTEP R68
882 DELIVER 442 R74 354
883 GO_CHARGE R74 30 1
883 SIDESTEP R0
883 SIDESTEP R3
883 SIDESTEP R17
883 SIDESTEP R36
883 CHARGE R37
883 SIDESTEP R40
883 SIDESTEP R64
883 SIDESTEP R69
883 SIDESTEP R73
883 SIDESTEP R77
884 PICK 365 R24
884 SIDESTEP R26
884 SIDESTEP R31
884 SIDESTEP R76
885 SIDESTEP R2
885 SIDESTEP R42
885 PICK 436 R48
885 DELIVER 327 R49 502
886 ASSIGN 366 R49 50
886 SIDESTEP R1
886 SIDESTEP R9
886 PICK 375 R25
886 SIDESTEP R29
886 SIDESTEP R52
887 SIDESTEP R33
887 DELIVER 378 R38 435
887 SIDESTEP R41
887 SIDESTEP R45
887 SIDESTEP R46
887 SIDESTEP R47
887 SIDESTEP R51
887 SIDESTEP R57
887 SIDESTEP R68
888 GO_CHARGE R38 12 1
888 SIDESTEP R3
888 SIDESTEP R4
888 SIDESTEP R15
888 SIDESTEP R17
888 SIDESTEP R20
888 SIDESTEP R23
888 SIDESTEP R27
888 SIDESTEP R36
888 SIDESTEP R40
888 PICK 356 R44
888 SIDESTEP R55
888 SIDESTEP R69
888 SIDESTEP R71
889 DELIVER 342 R10 490
889 SIDESTEP R21
889 SIDESTEP R26
889 DEAD R32
889 SIDESTEP R39
889 SIDESTEP R70
890 RESCUE R78
890 ASSIGN 367 R10 13
890 ASSIGN 369 R78 34
890 PICK 539 R5
890 SIDESTEP R8
890 SIDESTEP R31
890 SIDESTEP R49
890 SIDESTEP R77
891 SIDESTEP R52
891 SIDESTEP R63
892 SIDESTEP R41
892 SIDESTEP R42
892 SIDESTEP R45
892 SIDESTEP R46
892 SIDESTEP R51
892 SIDESTEP R53
893 SIDESTEP R3
893 DELIVER 406 R16 406
893 SIDESTEP R20
893 SIDESTEP R36
893 SIDESTEP R40
893 SIDESTEP R68
894 ASSIGN 370 R16 40
894 SIDESTEP R21
894 SIDESTEP R26
894 SIDESTEP R27
894 SIDESTEP R57
894 SIDESTEP R70
895 SIDESTEP R4
895 PICK 690 R7
895 SIDESTEP R8
895 SIDESTEP R23
895 SIDESTEP R33
895 SIDESTEP R39
895 SIDESTEP R61
895 PICK 374 R79
896 PICK 421 R1
896 SIDESTEP R31
896 SIDESTEP R52
897 SIDESTEP R5
897 PICK 448 R13
897 SIDESTEP R41
897 SIDESTEP R46
897 SIDESTEP R51
897 SIDESTEP R53
897 SIDESTEP R73
898 SIDESTEP R40
898 SIDESTEP R68
899 CHARGED R37
899 ASSIGN 371 R37 37
899 PICK 491 R2
899 PICK 458 R18
899 SIDESTEP R20
899 SIDESTEP R27
899 SIDESTEP R63
899 SIDESTEP R78
899 REPORT pending=297 aged=177 idle=0 to_pickup=20 delivering=31 to_charger=25 charging=0 dead=4 hot=5,1,11
900 SIDESTEP R3
900 SIDESTEP R4
900 SIDESTEP R23
900 SIDESTEP R33
900 SIDESTEP R36
900 SIDESTEP R39
900 SIDESTEP R61
900 CHARGE R69
901 SIDESTEP R17
901 SIDESTEP R19
901 SIDESTEP R49
901 DELIVER 377 R56 450
901 SIDESTEP R60
901 SIDESTEP R77
902 GO_CHARGE R56 32 1
902 SIDESTEP R8
902 PICK 367 R10
902 SIDESTEP R31
902 SIDESTEP R46
902 SIDESTEP R51
902 SIDESTEP R73
903 SIDESTEP R5
903 SIDESTEP R15
903 SIDESTEP R37
903 SIDESTEP R40
903 SIDESTEP R43
903 CHARGE R55
904 SIDESTEP R13
904 SIDESTEP R57
904 SIDESTEP R63
904 SIDESTEP R78
905 SIDESTEP R4
905 SIDESTEP R36
905 SIDESTEP R61
906 SIDESTEP R19
906 SIDESTEP R20
906 DELIVER 450 R34 370
906 SIDESTEP R60
906 SIDESTEP R77
906 SIDESTEP R79
907 ASSIGN 373 R34 43
907 SIDESTEP R3
907 SIDESTEP R8
907 SIDESTEP R44
907 SIDESTEP R45
907 SIDESTEP R51
907 SIDESTEP R73
908 SIDESTEP R15
908 DELIVER 461 R26 360
908 SIDESTEP R31
908 SIDESTEP R40
909 ASSIGN 376 R26 23
909 SIDESTEP R7
909 SIDESTEP R13
909 SIDESTEP R39
909 SIDESTEP R46
909 DELIVER 345 R50 506
909 SIDESTEP R53
909 SIDESTEP R63
909 SIDESTEP R64
909 SIDESTEP R65
910 ASSIGN 380 R50 50
910 SIDESTEP R4
910 DELIVER 365 R24 477
910 SIDESTEP R36
910 SIDESTEP R42
910 SIDESTEP R49
910 DEAD R53
910 SIDESTEP R54
911 ASSIGN 381 R24 51
911 SIDESTEP R19
911 SIDESTEP R20
911 SIDESTEP R61
911 SIDESTEP R68
911 SIDESTEP R77
911 SIDESTEP R79
912 SIDESTEP R44
912 SIDESTEP R45
913 DELIVER 421 R1 409
913 PICK 462 R12
913 SIDESTEP R33
914 ASSIGN 383 R1 39
914 PICK 435 R6
914 SIDESTEP R7
914 SIDESTEP R13
914 SIDESTEP R21
914 SIDESTEP R39
914 SIDESTEP R46
914 SIDESTEP R60
914 SIDESTEP R65
915 CANCEL 632
915 SIDESTEP R14
915 SIDESTEP R17
915 SIDESTEP R36
915 SIDESTEP R43
915 PICK 465 R52
915 SIDESTEP R54
915 SIDESTEP R73
916 CHARGED R69
916 ASSIGN 384 R69 35
916 SIDESTEP R5
916 SIDESTEP R15
916 DEAD R17
916 SIDESTEP R19
916 SIDESTEP R41
916 SIDESTEP R61
916 SIDESTEP R63
916 SIDESTEP R68
916 SIDESTEP R77
916 SIDESTEP R79
917 RESCUE R35
917 ASSIGN 387 R35 54
917 SIDESTEP R31
917 SIDESTEP R45
917 SIDESTEP R57
918 SIDESTEP R20
918 SIDESTEP R33
918 SIDESTEP R44
918 PICK 362 R47
918 DELIVER 357 R67 500
919 ASSIGN 388 R67 38
919 SIDESTEP R13
919 SIDESTEP R23
920 CHARGED R55
920 ASSIGN 389 R55 31
920 SIDESTEP R14
920 SIDESTEP R21
920 SIDESTEP R71
920 SIDESTEP R73
920 SIDESTEP R76
921 SIDESTEP R38
921 SIDESTEP R41
921 SIDESTEP R63
921 SIDESTEP R77
922 SIDESTEP R15
922 SIDESTEP R36
922 SIDESTEP R39
922 SIDESTEP R45
922 SIDESTEP R46
922 SIDESTEP R57
922 SIDESTEP R69
922 SIDESTEP R70
923 SIDESTEP R7
923 SIDESTEP R9
923 SIDESTEP R20
923 SIDESTEP R31
923 SIDESTEP R33
924 DELIVER 435 R6 404
924 SIDESTEP R8
924 SIDESTEP R23
924 SIDESTEP R25
924 SIDESTEP R27
925 ASSIGN 390 R6 7
925 SIDESTEP R0
925 SIDESTEP R14
925 SIDESTEP R52
925 SIDESTEP R64
925 SIDESTEP R73
925 SIDESTEP R76
926 SIDESTEP R21
926 SIDESTEP R41
926 SIDESTEP R47
926 SIDESTEP R63
927 SIDESTEP R15
927 SIDESTEP R35
927 SIDESTEP R36
927 SIDESTEP R39
927 SIDESTEP R45
927 SIDESTEP R46
928 SIDESTEP R7
928 SIDESTEP R12
928 SIDESTEP R31
928 DELIVER 436 R48 407
928 SIDESTEP R79
929 ASSIGN 391 R48 41
929 SIDESTEP R5
929 SIDESTEP R23
929 SIDESTEP R25
929 SIDESTEP R27
929 SIDESTEP R40
929 SIDESTEP R74
930 SIDESTEP R0
930 SIDESTEP R18
930 SIDESTEP R52
930 PICK 576 R61
930 SIDESTEP R64
931 REJECT 775
931 PICK 390 R6
931 SIDESTEP R14
931 SIDESTEP R21
931 SIDESTEP R47
931 SIDESTEP R54
931 SIDESTEP R63
932 RESCUE R28
932 ASSIGN 392 R28 31
932 SIDESTEP R9
932 SIDESTEP R44
933 SIDESTEP R31
933 SIDESTEP R45
933 SIDESTEP R57
933 SIDESTEP R70
933 SIDESTEP R79
934 SIDESTEP R19
934 SIDESTEP R23
934 SIDESTEP R25
934 SIDESTEP R27
934 SIDESTEP R41
934 DEAD R70
934 LOST 292
934 SIDESTEP R73
934 SIDESTEP R74
935 SIDESTEP R0
935 SIDESTEP R33
935 SIDESTEP R52
935 SIDESTEP R64
936 DELIVER 491 R2 357
936 SIDESTEP R14
936 SIDESTEP R43
936 SIDESTEP R46
936 SIDESTEP R47
936 SIDESTEP R54
936 PICK 369 R78
937 GO_CHARGE R2 10 1
937 SIDESTEP R9
937 SIDESTEP R12
937 SIDESTEP R44
937 PICK 451 R65
937 SIDESTEP R69
937 DELIVER 449 R75 402
938 ASSIGN 397 R75 10
938 DELIVER 538 R3 299
938 SIDESTEP R7
938 SIDESTEP R10
938 CHARGE R38
938 SIDESTEP R57
938 SIDESTEP R67
938 SIDESTEP R79
939 ASSIGN 395 R3 57
939 SIDESTEP R19
939 SIDESTEP R20
939 SIDESTEP R23
939 SIDESTEP R25
939 DELIVER 501 R36 345
939 SIDESTEP R41
939 SIDESTEP R56
939 SIDESTEP R73
940 GO_CHARGE R36 14 1
940 SIDESTEP R0
940 SIDESTEP R15
940 SIDESTEP R45
940 SIDESTEP R52
940 SIDESTEP R64
940 SIDESTEP R68
941 SIDESTEP R14
941 SIDESTEP R21
941 DELIVER 484 R22 369
941 SIDESTEP R27
941 SIDESTEP R31
941 SIDESTEP R33
941 SIDESTEP R47
942 ASSIGN 398 R22 50
942 SIDESTEP R9
942 SIDESTEP R44
942 SIDESTEP R60
943 SIDESTEP R7
943 PICK 460 R8
943 SIDESTEP R10
943 SIDESTEP R16
943 SIDESTEP R28
943 SIDESTEP R39
943 SIDESTEP R46
943 SIDESTEP R57
943 SIDESTEP R79
944 SIDESTEP R12
944 SIDESTEP R20
944 SIDESTEP R25
944 SIDESTEP R41
944 SIDESTEP R73
944 SIDESTEP R77
945 SIDESTEP R0
945 SIDESTEP R15
945 PICK 488 R42
945 SIDESTEP R45
945 SIDESTEP R52
945 SIDESTEP R68
946 SIDESTEP R4
946 SIDESTEP R21
946 SIDESTEP R27
946 PICK 371 R37
946 SIDESTEP R47
946 PICK 487 R58
946 SIDESTEP R74
947 SIDESTEP R9
947 SIDESTEP R33
947 SIDESTEP R44
947 SIDESTEP R54
948 SIDESTEP R7
948 SIDESTEP R46
948 SIDESTEP R79
949 SIDESTEP R14
949 SIDESTEP R20
949 SIDESTEP R29
949 SIDESTEP R41
949 SIDESTEP R57
949 REPORT pending=325 aged=203 idle=0 to_pickup=22 delivering=29 to_charger=23 charging=1 dead=5 hot=7,1,13
950 CHARGE R39
950 SIDESTEP R52
951 SIDESTEP R4
951 PICK 376 R26
951 SIDESTEP R27
951 SIDESTEP R47
952 DELIVER 539 R5 312
952 SIDESTEP R9
952 SIDESTEP R21
952 SIDESTEP R31
952 SIDESTEP R44
952 SIDESTEP R74
953 CHARGED R38
953 ASSIGN 399 R38 23
953 ASSIGN 400 R5 48
953 SIDESTEP R7
953 SIDESTEP R33
953 DELIVER 340 R43 556
953 SIDESTEP R69
953 SIDESTEP R79
954 GO_CHARGE R43 6 1
954 SIDESTEP R12
954 SIDESTEP R29
954 SIDESTEP R40
954 SIDESTEP R57
954 SIDESTEP R65
954 DELIVER 324 R71 575
955 CANCEL 745
955 ASSIGN 401 R71 56
955 DELIVER 448 R13 421
955 SIDESTEP R14
955 SIDESTEP R20
956 ASSIGN 403 R13 42
956 SIDESTEP R4
956 DELIVER 390 R6 490
956 SIDESTEP R27
956 SIDESTEP R45
956 SIDESTEP R47
956 PICK 366 R49
956 DELIVER 341 R51 558
956 PICK 389 R55
957 ASSIGN 404 R51 17
957 ASSIGN 405 R6 27
957 PICK 725 R0
957 SIDESTEP R21
957 DEAD R27
957 SIDESTEP R31
957 SIDESTEP R44
957 SIDESTEP R68
958 SIDESTEP R7
958 SIDESTEP R33
958 SIDESTEP R66
958 SIDESTEP R69
958 SIDESTEP R74
958 SIDESTEP R78
958 SIDESTEP R79
959 SIDESTEP R2
959 SIDESTEP R12
959 SIDESTEP R29
959 SIDESTEP R57
959 SIDESTEP R64
960 DELIVER 458 R18 415
960 SIDESTEP R20
960 SIDESTEP R46
961 GO_CHARGE R18 32 1
961 SIDESTEP R4
961 PICK 381 R24
961 SIDESTEP R41
961 SIDESTEP R73
962 SIDESTEP R21
962 SIDESTEP R45
962 PICK 380 R50
962 SIDESTEP R68
962 CHARGE R77
963 SIDESTEP R7
963 SIDESTEP R15
963 SIDESTEP R26
963 SIDESTEP R66
963 PICK 388 R67
963 SIDESTEP R78
963 SIDESTEP R79
964 SIDESTEP R12
964 SIDESTEP R16
964 DELIVER 375 R25 518
964 SIDESTEP R29
964 SIDESTEP R54
964 SIDESTEP R57
964 SIDESTEP R64
964 SIDESTEP R74
965 RESCUE R59
965 ASSIGN 407 R59 29
965 GO_CHARGE R25 6 1
965 DELIVER 367 R10 529
965 SIDESTEP R20
965 SIDESTEP R33
965 SIDESTEP R34
965 SIDESTEP R46
965 SIDESTEP R60
966 ASSIGN 408 R10 8
966 SIDESTEP R2
966 SIDESTEP R4
966 SIDESTEP R14
966 SIDESTEP R36
966 SIDESTEP R51
967 SIDESTEP R21
967 SIDESTEP R73
967 PICK 397 R75
968 CHARGED R39
968 ASSIGN 409 R39 43
968 SIDESTEP R7
968 SIDESTEP R15
968 SIDESTEP R26
968 SIDESTEP R31
968 SIDESTEP R45
968 SIDESTEP R66
969 SIDESTEP R6
969 SIDESTEP R16
969 SIDESTEP R57
969 SIDESTEP R64
969 SIDESTEP R74
970 SIDESTEP R20
970 SIDESTEP R38
970 SIDESTEP R46
970 CHARGE R56
971 SIDESTEP R2
971 SIDESTEP R12
971 SIDESTEP R14
971 SIDESTEP R33
971 SIDESTEP R51
972 SIDESTEP R25
972 SIDESTEP R43
972 SIDESTEP R73
973 PICK 383 R1
973 SIDESTEP R7
973 PICK 408 R10
973 SIDESTEP R26
973 SIDESTEP R31
973 SIDESTEP R41
973 PICK 391 R48
973 SIDESTEP R66
973 SIDESTEP R68
974 SIDESTEP R45
974 SIDESTEP R57
974 SIDESTEP R64
974 SIDESTEP R69
975 SIDESTEP R3
975 DELIVER 559 R4 309
975 SIDESTEP R20
975 SIDESTEP R42
975 SIDESTEP R46
975 SIDESTEP R74
975 SIDESTEP R78
976 ASSIGN 412 R4 19
976 SIDESTEP R14
976 SIDESTEP R38
976 SIDESTEP R39
976 SIDESTEP R51
977 SIDESTEP R12
977 SIDESTEP R25
977 SIDESTEP R43
977 SIDESTEP R76
978 SIDESTEP R1
978 SIDESTEP R31
978 SIDESTEP R33
978 SIDESTEP R50
978 PICK 478 R60
978 SIDESTEP R68
978 DELIVER 397 R75 501
979 CHARGED R77
979 ASSIGN 410 R77 21
979 GO_CHARGE R75 16 1
979 SIDESTEP R15
979 SIDESTEP R37
979 SIDESTEP R41
979 DELIVER 451 R65 442
979 SIDESTEP R69
980 ASSIGN 414 R65 18
980 SIDESTEP R3
980 SIDESTEP R21
980 SIDESTEP R23
980 SIDESTEP R42
980 SIDESTEP R46
980 SIDESTEP R54
980 SIDESTEP R74
980 SIDESTEP R78
981 SIDESTEP R16
981 SIDESTEP R45
981 SIDESTEP R51
981 SIDESTEP R64
982 SIDESTEP R14
982 SIDESTEP R25
982 SIDESTEP R39
982 DELIVER 305 R40 625
982 SIDESTEP R43
982 DELIVER 356 R44 565
983 ASSIGN 415 R40 28
983 ASSIGN 419 R44 26
983 SIDESTEP R12
983 SIDESTEP R18
983 SIDESTEP R33
983 SIDESTEP R68
984 SIDESTEP R2
984 SIDESTEP R57
984 SIDESTEP R67
985 SIDESTEP R3
985 DELIVER 460 R8 438
985 SIDESTEP R31
985 SIDESTEP R41
985 SIDESTEP R42
985 SIDESTEP R46
985 DELIVER 389 R55 522
985 SIDESTEP R71
985 SIDESTEP R74
985 SIDESTEP R78
986 CHARGED R56
986 ASSIGN 420 R56 16
986 ASSIGN 422 R55 31
986 ASSIGN 426 R8 62
986 SIDESTEP R13
986 SIDESTEP R15
986 SIDESTEP R16
986 PICK 364 R19
986 SIDESTEP R21
986 SIDESTEP R51
986 SIDESTEP R64
986 SIDESTEP R69
986 SIDESTEP R73
987 PICK 405 R6
987 SIDESTEP R39
987 SIDESTEP R45
988 SIDESTEP R33
988 SIDESTEP R77
989 SIDESTEP R2
989 CHARGE R9
989 SIDESTEP R43
989 SIDESTEP R57
989 SIDESTEP R67
990 SIDESTEP R31
990 SIDESTEP R41
990 SIDESTEP R42
990 SIDESTEP R46
990 SIDESTEP R74
990 SIDESTEP R78
991 SIDESTEP R3
991 SIDESTEP R13
991 SIDESTEP R34
991 SIDESTEP R51
991 SIDESTEP R64
991 SIDESTEP R69
992 RESCUE R32
992 ASSIGN 427 R32 23
992 SIDESTEP R18
992 PICK 398 R22
992 SIDESTEP R45
992 SIDESTEP R68
992 SIDESTEP R71
993 CANCEL 734
993 SIDESTEP R0
993 SIDESTEP R15
993 SIDESTEP R33
993 DELIVER 487 R58 418
993 SIDESTEP R73
993 SIDESTEP R77
994 ASSIGN 428 R58 10
994 SIDESTEP R2
994 PICK 412 R4
994 SIDESTEP R26
994 SIDESTEP R43
994 SIDESTEP R57
995 SIDESTEP R20
995 SIDESTEP R25
995 SIDESTEP R41
995 SIDESTEP R42
995 DELIVER 583 R76 297
995 SIDESTEP R78
996 ASSIGN 430 R76 38
996 SIDESTEP R13
996 SIDESTEP R31
996 SIDESTEP R34
996 SIDESTEP R51
996 SIDESTEP R64
996 SIDESTEP R69
997 SIDESTEP R3
997 SIDESTEP R18
997 PICK 392 R28
997 SIDESTEP R59
997 SIDESTEP R71
998 SIDESTEP R0
998 SIDESTEP R7
998 SIDESTEP R15
998 DELIVER 465 R52 445
998 SIDESTEP R73
999 GO_CHARGE R52 6 1
999 SIDESTEP R43
999 SIDESTEP R47
999 SIDESTEP R57
999 DELIVER 374 R79 554
999 REPORT pending=343 aged=225 idle=1 to_pickup=25 delivering=26 to_charger=23 charging=1 dead=4 hot=6,1,13
1000 GO_CHARGE R79 22 1
1000 SIDESTEP R25
1000 SIDESTEP R33
1000 SIDESTEP R38
1000 SIDESTEP R42
1000 SIDESTEP R78
1001 SIDESTEP R2
1001 SIDESTEP R21
1001 SIDESTEP R45
1001 DELIVER 366 R49 567
1001 SIDESTEP R51
1001 DEAD R52
1001 SIDESTEP R68
1001 SIDESTEP R69
1002 CANCEL_FAIL 100835
1002 ASSIGN 431 R49 33
1002 SIDESTEP R28
1002 SIDESTEP R39
1002 SIDESTEP R59
1002 SIDESTEP R71
1002 SIDESTEP R74
1003 SIDESTEP R0
1003 SIDESTEP R7
1003 SIDESTEP R13
1003 SIDESTEP R40
1003 SIDESTEP R73
1004 CHARGED R9
1004 ASSIGN 432 R9 8
1004 DEAD R15
1004 SIDESTEP R47
1004 SIDESTEP R57
1004 PICK 428 R58
1005 DELIVER 412 R4 512
1005 DELIVER 408 R10 516
1005 SIDESTEP R42
1005 SIDESTEP R43
1005 SIDESTEP R56
1005 SIDESTEP R60
1005 SIDESTEP R78
1006 ASSIGN 433 R10 66
1006 GO_CHARGE R4 24 1
1006 SIDESTEP R45
1006 SIDESTEP R51
1006 SIDESTEP R68
1006 SIDESTEP R69
1007 SIDESTEP R21
1007 SIDESTEP R25
1007 SIDESTEP R28
1007 SIDESTEP R39
1007 SIDESTEP R74
1008 SIDESTEP R0
1008 SIDESTEP R7
1008 SIDESTEP R24
1008 SIDESTEP R31
1008 SIDESTEP R33
1008 SIDESTEP R40
1008 DELIVER 391 R48 541
1008 SIDESTEP R73
1009 ASSIGN 438 R48 38
1009 SIDESTEP R2
1009 SIDESTEP R3
1009 SIDESTEP R20
1009 DELIVER 398 R22 531
1009 SIDESTEP R26
1009 SIDESTEP R46
1009 SIDESTEP R47
1009 SIDESTEP R57
1009 SIDESTEP R64
1010 CANCEL 807
1010 ASSIGN 434 R22 29
1010 PICK 370 R16
1010 SIDESTEP R78
1011 PICK 432 R9
1011 SIDESTEP R13
1011 SIDESTEP R51
1011 SIDESTEP R69
1011 SIDESTEP R71
1011 DEAD R79
1012 SIDESTEP R28
1012 SIDESTEP R32
1012 SIDESTEP R35
1012 SIDESTEP R39
1012 SIDESTEP R74
1013 SIDESTEP R0
1013 SIDESTEP R1
1013 SIDESTEP R5
1013 SIDESTEP R7
1013 SIDESTEP R24
1013 SIDESTEP R31
1013 SIDESTEP R33
1013 SIDESTEP R41
1013 PICK 419 R44
1013 DELIVER 380 R50 559
1013 PICK 420 R56
1014 ASSIGN 440 R50 24
1014 SIDESTEP R2
1014 DELIVER 462 R12 465
1014 SIDESTEP R43
1014 SIDESTEP R45
1014 SIDESTEP R47
1014 SIDESTEP R57
1014 SIDESTEP R64
1015 ASSIGN 441 R12 23
1015 DELIVER 364 R19 584
1016 ASSIGN 452 R19 41
1016 PICK 422 R55
1016 SIDESTEP R71
1017 SIDESTEP R29
1017 SIDESTEP R32
1017 SIDESTEP R35
1017 DELIVER 371 R37 576
1017 SIDESTEP R76
1018 ASSIGN 439 R37 51
1018 SIDESTEP R0
1018 SIDESTEP R1
1018 SIDESTEP R7
1018 SIDESTEP R24
1018 SIDESTEP R31
1018 SIDESTEP R33
1018 SIDESTEP R41
1018 SIDESTEP R68
1018 SIDESTEP R74
1018 SIDESTEP R78
1019 SIDESTEP R2
1019 SIDESTEP R43
1019 SIDESTEP R45
1019 SIDESTEP R47
1019 SIDESTEP R57
1019 SIDESTEP R64
1019 SIDESTEP R73
1020 SIDESTEP R5
1020 SIDESTEP R25
1021 CHARGE R66
1021 SIDESTEP R71
1022 SIDESTEP R32
1022 SIDESTEP R36
1022 CHARGE R45
1022 SIDESTEP R55
1022 SIDESTEP R76
1023 SIDESTEP R0
1023 SIDESTEP R1
1023 SIDESTEP R7
1023 SIDESTEP R24
1023 SIDESTEP R33
1023 SIDESTEP R34
1023 SIDESTEP R35
1023 SIDESTEP R74
1023 PICK 410 R77
1023 SIDESTEP R78
1024 SIDESTEP R2
1024 SIDESTEP R21
1024 SIDESTEP R43
1024 SIDESTEP R47
1024 SIDESTEP R57
1024 SIDESTEP R64
1024 SIDESTEP R68
1025 RESCUE R53
1025 ASSIGN 444 R53 12
1025 SIDESTEP R5
1025 CHARGE R23
1025 SIDESTEP R31
1025 SIDESTEP R41
1025 SIDESTEP R48
1025 DELIVER 576 R61 335
1026 RESCUE R17
1026 ASSIGN 446 R61 11
1026 ASSIGN 447 R17 13
1026 SIDESTEP R25
1026 SIDESTEP R71
1027 DELIVER 429 R14 514
1027 SIDESTEP R55
1027 SIDESTEP R60
1027 SIDESTEP R76
1028 ASSIGN 453 R14 38
1028 SIDESTEP R0
1028 SIDESTEP R1
1028 SIDESTEP R16
1028 SIDESTEP R24
1028 SIDESTEP R33
1028 SIDESTEP R74
1028 SIDESTEP R78
1029 SIDESTEP R2
1029 SIDESTEP R21
1029 SIDESTEP R28
1029 SIDESTEP R47
1029 SIDESTEP R57
1029 DELIVER 428 R58 517
1029 SIDESTEP R68
1030 ASSIGN 456 R58 39
1030 DELIVER 405 R6 544
1030 SIDESTEP R26
1030 PICK 399 R38
1030 SIDESTEP R39
1030 SIDESTEP R41
1030 SIDESTEP R48
1030 SIDESTEP R54
1030 SIDESTEP R69
1031 ASSIGN 606 R6 20
1031 SIDESTEP R9
1031 SIDESTEP R20
1031 SIDESTEP R25
1031 SIDESTEP R31
1031 SIDESTEP R43
1031 SIDESTEP R71
1032 CANCEL 820
1032 SIDESTEP R4
1032 SIDESTEP R55
1032 SIDESTEP R56
1032 SIDESTEP R60
1033 SIDESTEP R0
1033 SIDESTEP R1
1033 SIDESTEP R16
1033 SIDESTEP R24
1033 SIDESTEP R33
1033 PICK 404 R51
1033 SIDESTEP R78
1034 SIDESTEP R21
1034 PICK 427 R32
1034 SIDESTEP R47
1034 PICK 431 R49
1035 SIDESTEP R26
1035 SIDESTEP R34
1035 SIDESTEP R39
1035 SIDESTEP R57
1035 SIDESTEP R68
1035 SIDESTEP R69
1036 SIDESTEP R20
1036 SIDESTEP R31
1036 SIDESTEP R54
1037 SIDESTEP R4
1037 PICK 441 R12
1037 SIDESTEP R43
1037 SIDESTEP R55
1038 SIDESTEP R0
1038 SIDESTEP R16
1038 PICK 447 R17
1038 PICK 434 R22
1038 SIDESTEP R24
1038 DELIVER 427 R32 527
1038 SIDESTEP R50
1038 PICK 446 R61
1038 PICK 414 R65
1038 SIDESTEP R78
1039 CHARGED R45
1039 CHARGED R66
1039 ASSIGN 496 R66 6
1039 ASSIGN 457 R32 9
1039 ASSIGN 459 R45 31
1039 SIDESTEP R2
1039 SIDESTEP R41
1039 SIDESTEP R47
1039 SIDESTEP R73
1040 SIDESTEP R26
1040 SIDESTEP R69
1041 CHARGED R23
1041 ASSIGN 463 R23 26
1041 SIDESTEP R9
1041 SIDESTEP R20
1041 SIDESTEP R21
1041 SIDESTEP R34
1041 SIDESTEP R57
1041 SIDESTEP R68
1042 RESCUE R70
1042 ASSIGN 464 R70 23
1042 SIDESTEP R4
1042 SIDESTEP R43
1042 PICK 444 R53
1042 SIDESTEP R55
1042 DELIVER 420 R56 539
1042 PICK 489 R64
1043 ASSIGN 466 R56 30
1043 SIDESTEP R25
1043 PICK 387 R35
1043 SIDESTEP R50
1043 SIDESTEP R63
1043 SIDESTEP R78
1044 PICK 400 R5
1044 DELIVER 419 R44 542
1044 SIDESTEP R47
1044 SIDESTEP R75
1045 GO_CHARGE R44 22 1
1045 SIDESTEP R10
1045 SIDESTEP R26
1046 SIDESTEP R17
1046 SIDESTEP R20
1046 SIDESTEP R21
1046 SIDESTEP R41
1046 SIDESTEP R57
1046 SIDESTEP R68
1046 SIDESTEP R73
1047 SIDESTEP R4
1047 SIDESTEP R31
1047 SIDESTEP R34
1047 SIDESTEP R43
1047 CHARGE R54
1048 SIDESTEP R23
1048 SIDESTEP R25
1048 SIDESTEP R50
1048 SIDESTEP R63
1048 SIDESTEP R78
1049 SIDESTEP R2
1049 SIDESTEP R18
1049 SIDESTEP R47
1049 REPORT pending=360 aged=238 idle=0 to_pickup=26 delivering=30 to_charger=19 charging=1 dead=4 hot=7,1,12
1050 PICK 606 R6
1050 SIDESTEP R26
1050 SIDESTEP R33
1050 SIDESTEP R48
1051 SIDESTEP R8
1051 SIDESTEP R17
1051 SIDESTEP R57
1051 SIDESTEP R60
1052 DELIVER 383 R1 595
1052 SIDESTEP R4
1052 DELIVER 690 R7 227
1052 SIDESTEP R43
1052 SIDESTEP R68
1052 SIDESTEP R73
1053 ASSIGN 503 R7 14
1053 GO_CHARGE R1 12 1
1053 SIDESTEP R25
1053 DELIVER 392 R28 585
1053 SIDESTEP R31
1053 PICK 415 R40
1053 SIDESTEP R50
1053 SIDESTEP R61
1053 SIDESTEP R63
1053 SIDESTEP R78
1054 ASSIGN 509 R28 13
1054 SIDESTEP R2
1054 SIDESTEP R18
1054 SIDESTEP R21
1054 PICK 499 R46
1054 SIDESTEP R75
1055 PICK 395 R3
1055 SIDESTEP R26
1055 SIDESTEP R44
1056 SIDESTEP R8
1056 SIDESTEP R13
1056 SIDESTEP R17
1056 SIDESTEP R33
1056 SIDESTEP R60
1056 SIDESTEP R65
1057 SIDESTEP R16
1057 SIDESTEP R48
1057 SIDESTEP R57
1057 SIDESTEP R68
1057 SIDESTEP R73
1058 SIDESTEP R50
1058 SIDESTEP R61
1058 SIDESTEP R63
1058 SIDESTEP R78
1059 SIDESTEP R2
1059 SIDESTEP R41
1059 SIDESTEP R75
1059 DELIVER 410 R77 568
1060 ASSIGN 504 R77 30
1060 SIDESTEP R6
1060 SIDESTEP R25
1060 SIDESTEP R26
1061 SIDESTEP R1
1061 DELIVER 400 R5 581
1061 SIDESTEP R8
1061 SIDESTEP R18
1061 SIDESTEP R40
1061 SIDESTEP R60
1061 SIDESTEP R65
1061 PICK 496 R66
1062 GO_CHARGE R5 26 1
1062 SIDESTEP R0
1062 SIDESTEP R16
1062 SIDESTEP R33
1062 SIDESTEP R48
1062 SIDESTEP R64
1062 SIDESTEP R73
1063 RESCUE R27
1063 ASSIGN 514 R27 17
1063 DELIVER 387 R35 602
1063 SIDESTEP R50
1063 SIDESTEP R57
1063 SIDESTEP R63
1063 SIDESTEP R68
1063 SIDESTEP R78
1064 ASSIGN 515 R35 22
1064 SIDESTEP R21
1064 SIDESTEP R41
1064 PICK 464 R70
1064 SIDESTEP R75
1065 CHARGED R54
1065 ASSIGN 467 R54 15
1065 SIDESTEP R2
1065 PICK 403 R13
1065 PICK 453 R14
1065 SIDESTEP R20
1065 SIDESTEP R25
1065 SIDESTEP R26
1065 SIDESTEP R43
1065 PICK 407 R59
1066 SIDESTEP R6
1066 PICK 503 R7
1066 PICK 509 R28
1066 SIDESTEP R37
1066 SIDESTEP R40
1066 SIDESTEP R60
1066 SIDESTEP R67
1067 SIDESTEP R0
1067 SIDESTEP R16
1067 SIDESTEP R17
1067 SIDESTEP R24
1067 PICK 457 R32
1067 SIDESTEP R64
1067 SIDESTEP R65
1068 SIDESTEP R33
1068 SIDESTEP R48
1068 SIDESTEP R50
1068 DELIVER 404 R51 583
1068 SIDESTEP R63
1068 SIDESTEP R73
1068 SIDESTEP R74
1068 SIDESTEP R78
1069 ASSIGN 468 R51 41
1069 SIDESTEP R10
1069 SIDESTEP R41
1069 SIDESTEP R46
1069 SIDESTEP R47
1069 SIDESTEP R54
1069 PICK 456 R58
1069 SIDESTEP R75
1070 SIDESTEP R1
1070 SIDESTEP R2
1070 SIDESTEP R20
1070 SIDESTEP R21
1070 SIDESTEP R25
1070 SIDESTEP R26
1070 SIDESTEP R43
1070 SIDESTEP R44
1070 SIDESTEP R59
1071 SIDESTEP R4
1071 PICK 426 R8
1071 SIDESTEP R31
1071 SIDESTEP R40
1071 SIDESTEP R60
1071 SIDESTEP R67
1072 SIDESTEP R16
1072 SIDESTEP R24
1072 SIDESTEP R32
1072 DELIVER 499 R46 483
1072 PICK 466 R56
1072 SIDESTEP R65
1073 GO_CHARGE R46 22 1
1073 DELIVER 441 R12 546
1073 PICK 463 R23
1073 SIDESTEP R48
1073 SIDESTEP R50
1073 SIDESTEP R63
1073 SIDESTEP R69
1073 SIDESTEP R74
1073 SIDESTEP R78
1074 GO_CHARGE R12 28 1
1074 SIDESTEP R10
1074 DELIVER 453 R14 534
1074 SIDESTEP R33
1074 SIDESTEP R35
1074 SIDESTEP R41
1074 SIDESTEP R47
1074 SIDESTEP R54
1075 GO_CHARGE R14 6 1
1075 SIDESTEP R20
1075 SIDESTEP R26
1075 SIDESTEP R43
1075 DELIVER 431 R49 559
1075 PICK 430 R76
1076 GO_CHARGE R49 22 1
1076 SIDESTEP R2
1076 SIDESTEP R4
1076 SIDESTEP R19
1076 SIDESTEP R21
1076 SIDESTEP R31
1076 SIDESTEP R39
1076 SIDESTEP R68
1077 SIDESTEP R17
1077 PICK 459 R45
1078 DELIVER 725 R0 211
1078 SIDESTEP R38
1078 SIDESTEP R40
1078 SIDESTEP R50
1079 ASSIGN 524 R0 45
1079 SIDESTEP R10
1079 PICK 409 R39
1079 SIDESTEP R63
1080 DELIVER 503 R7 484
1080 SIDESTEP R26
1080 PICK 514 R27
1080 SIDESTEP R33
1080 SIDESTEP R43
1080 SIDESTEP R48
1080 SIDESTEP R66
1081 ASSIGN 528 R7 37
1081 SIDESTEP R1
1081 SIDESTEP R4
1081 CHARGE R18
1081 SIDESTEP R31
1081 SIDESTEP R47
1081 SIDESTEP R68
1081 SIDESTEP R73
1082 SIDESTEP R21
1082 SIDESTEP R28
1082 PICK 373 R34
1082 SIDESTEP R45
1082 DELIVER 388 R67 620
1083 ASSIGN 530 R67 40
1083 SIDESTEP R0
1083 CHARGE R29
1083 SIDESTEP R50
1083 PICK 401 R71
1084 DELIVER 381 R24 629
1084 SIDESTEP R63
1084 CHARGE R74
1085 GO_CHARGE R24 6 1
1085 SIDESTEP R26
1085 SIDESTEP R33
1085 SIDESTEP R43
1085 SIDESTEP R48
1085 DELIVER 478 R60 519
1085 DELIVER 414 R65 590
1085 PICK 384 R69
1086 GO_CHARGE R60 6 1
1086 GO_CHARGE R65 6 1
1086 SIDESTEP R1
1086 SIDESTEP R25
1086 SIDESTEP R68
1086 SIDESTEP R73
1087 SIDESTEP R4
1087 SIDESTEP R20
1087 SIDESTEP R28
1088 SIDESTEP R21
1088 SIDESTEP R31
1088 SIDESTEP R36
1088 DEAD R41
1088 SIDESTEP R49
1088 SIDESTEP R50
1089 DELIVER 434 R22 570
1089 DEAD R31
1089 PICK 467 R54
1089 DELIVER 456 R58 546
1089 SIDESTEP R70
1089 PICK 504 R77
1090 ASSIGN 535 R22 33
1090 GO_CHARGE R58 22 1
1090 SIDESTEP R7
1090 SIDESTEP R33
1090 SIDESTEP R34
1090 SIDESTEP R43
1090 SIDESTEP R63
1091 SIDESTEP R1
1091 DELIVER 426 R8 581
1091 SIDESTEP R25
1091 SIDESTEP R75
1092 ASSIGN 658 R8 14
1092 SIDESTEP R0
1092 SIDESTEP R14
1092 SIDESTEP R20
1092 SIDESTEP R28
1092 SIDESTEP R66
1093 DELIVER 606 R6 362
1093 SIDESTEP R13
1093 SIDESTEP R36
1093 SIDESTEP R42
1093 SIDESTEP R49
1093 DELIVER 422 R55 588
1093 SIDESTEP R73
1094 ASSIGN 540 R55 69
1094 ASSIGN 469 R6 46
1094 PICK 433 R10
1094 SIDESTEP R22
1094 SIDESTEP R70
1095 DELIVER 432 R9 578
1095 SIDESTEP R33
1095 SIDESTEP R34
1095 SIDESTEP R35
1095 SIDESTEP R43
1096 ASSIGN 471 R9 23
1096 SIDESTEP R1
1096 SIDESTEP R25
1096 SIDESTEP R38
1096 SIDESTEP R63
1096 SIDESTEP R75
1096 DELIVER 430 R76 581
1097 CHARGED R18
1097 ASSIGN 544 R18 34
1097 GO_CHARGE R76 32 1
1097 SIDESTEP R2
1097 SIDESTEP R7
1097 SIDESTEP R23
1097 SIDESTEP R44
1097 SIDESTEP R64
1097 SIDESTEP R78
1098 SIDESTEP R13
1098 DELIVER 514 R27 488
1098 SIDESTEP R42
1098 DELIVER 444 R53 568
1098 SIDESTEP R57
1098 SIDESTEP R67
1098 SIDESTEP R73
1099 CHARGED R29
1099 ASSIGN 545 R53 29
1099 ASSIGN 546 R27 10
1099 ASSIGN 790 R29 30
1099 DELIVER 395 R3 626
1099 SIDESTEP R21
1099 SIDESTEP R36
1099 SIDESTEP R40
1099 SIDESTEP R60
1099 DELIVER 446 R61 567
1099 REPORT pending=381 aged=263 idle=2 to_pickup=19 delivering=28 to_charger=25 charging=1 dead=5 hot=6,1,14
1100 ASSIGN 472 R61 29
1100 ASSIGN 474 R3 62
1100 SIDESTEP R20
1100 SIDESTEP R33
1100 SIDESTEP R34
1100 SIDESTEP R68
1101 RESCUE R52
1101 CHARGED R74
1101 ASSIGN 475 R52 43
1101 ASSIGN 477 R74 34
1101 SIDESTEP R1
1101 SIDESTEP R25
1101 SIDESTEP R50
1101 SIDESTEP R75
1102 SIDESTEP R2
1102 SIDESTEP R4
1102 SIDESTEP R7
1102 SIDESTEP R23
1102 SIDESTEP R63
1102 SIDESTEP R69
1103 SIDESTEP R13
1103 SIDESTEP R48
1103 SIDESTEP R57
1103 DELIVER 407 R59 615
1103 SIDESTEP R66
1104 ASSIGN 548 R59 29
1104 SIDESTEP R21
1104 SIDESTEP R29
1104 SIDESTEP R36
1104 PICK 439 R37
1104 SIDESTEP R40
1104 SIDESTEP R43
1104 SIDESTEP R44
1105 PICK 658 R8
1105 SIDESTEP R20
1105 SIDESTEP R28
1105 SIDESTEP R60
1106 RESCUE R15
1106 ASSIGN 551 R15 32
1106 SIDESTEP R25
1106 SIDESTEP R50
1106 SIDESTEP R75
1107 SIDESTEP R2
1107 SIDESTEP R4
1107 SIDESTEP R7
1107 SIDESTEP R14
1107 SIDESTEP R23
1107 SIDESTEP R33
1107 SIDESTEP R63
1107 SIDESTEP R65
1107 SIDESTEP R73
1108 PICK 546 R27
1108 SIDESTEP R32
1108 SIDESTEP R48
1108 SIDESTEP R68
1109 SIDESTEP R21
1109 SIDESTEP R44
1109 SIDESTEP R78
1110 SIDESTEP R1
1110 SIDESTEP R20
1110 SIDESTEP R28
1110 DELIVER 401 R71 629
1111 RESCUE R79
1111 ASSIGN 669 R79 24
1111 ASSIGN 675 R71 47
1111 SIDESTEP R19
1111 SIDESTEP R50
1111 SIDESTEP R64
1111 SIDESTEP R75
1112 SIDESTEP R0
1112 SIDESTEP R2
1112 SIDESTEP R4
1112 SIDESTEP R7
1112 SIDESTEP R14
1112 DELIVER 370 R16 672
1112 SIDESTEP R23
1112 SIDESTEP R24
1112 SIDESTEP R63
1112 SIDESTEP R73
1113 ASSIGN 479 R16 27
1113 DELIVER 376 R26 664
1113 SIDESTEP R66
1114 GO_CHARGE R26 6 1
1114 SIDESTEP R44
1114 SIDESTEP R78
1115 SIDESTEP R1
1115 SIDESTEP R13
1115 SIDESTEP R20
1115 SIDESTEP R68
1116 SIDESTEP R5
1116 SIDESTEP R15
1116 CHARGE R36
1116 SIDESTEP R46
1116 SIDESTEP R50
1117 SIDESTEP R0
1117 SIDESTEP R4
1117 SIDESTEP R7
1117 SIDESTEP R14
1117 SIDESTEP R23
1117 SIDESTEP R24
1117 SIDESTEP R60
1117 SIDESTEP R63
1118 PICK 471 R9
1118 PICK 438 R48
1118 SIDESTEP R64
1118 SIDESTEP R66
1119 SIDESTEP R32
1119 SIDESTEP R44
1120 DELIVER 658 R8 329
1120 SIDESTEP R16
1120 SIDESTEP R19
1120 SIDESTEP R20
1120 SIDESTEP R47
1120 DELIVER 466 R56 566
1120 SIDESTEP R68
1120 DELIVER 464 R70 569
1121 ASSIGN 561 R70 26
1121 ASSIGN 480 R56 68
1121 GO_CHARGE R8 18 1
1121 SIDESTEP R1
1121 SIDESTEP R21
1121 SIDESTEP R25
1121 SIDESTEP R42
1121 SIDESTEP R46
1121 SIDESTEP R50
1122 SIDESTEP R2
1122 SIDESTEP R4
1122 SIDESTEP R14
1122 SIDESTEP R23
1122 SIDESTEP R24
1122 SIDESTEP R49
1122 SIDESTEP R60
1122 SIDESTEP R65
1123 SIDESTEP R38
1123 SIDESTEP R64
1123 SIDESTEP R66
1124 SIDESTEP R18
1124 SIDESTEP R32
1124 SIDESTEP R44
1125 CHARGE R5
1125 SIDESTEP R10
1125 SIDESTEP R19
1125 SIDESTEP R47
1125 SIDESTEP R68
1125 SIDESTEP R73
1125 SIDESTEP R78
1126 SIDESTEP R1
1126 SIDESTEP R21
1126 SIDESTEP R25
1126 SIDESTEP R28
1126 DELIVER 399 R38 647
1126 SIDESTEP R42
1126 SIDESTEP R43
1127 ASSIGN 567 R38 30
1127 SIDESTEP R23
1127 SIDESTEP R24
1127 CHARGE R33
1127 DELIVER 459 R45 581
1127 PICK 545 R53
1127 SIDESTEP R60
1128 ASSIGN 481 R45 45
1128 SIDESTEP R4
1128 SIDESTEP R20
1128 DELIVER 409 R39 638
1128 PICK 472 R61
1128 SIDESTEP R64
1128 SIDESTEP R65
1128 SIDESTEP R66
1129 ASSIGN 482 R39 67
1129 CHARGE R12
1129 SIDESTEP R14
1129 SIDESTEP R32
1129 SIDESTEP R44
1129 SIDESTEP R46
1130 SIDESTEP R2
1130 SIDESTEP R10
1130 SIDESTEP R19
1130 DEAD R26
1130 DELIVER 467 R54 575
1130 SIDESTEP R63
1130 SIDESTEP R75
1131 ASSIGN 571 R54 30
1131 SIDESTEP R28
1131 SIDESTEP R43
1131 PICK 440 R50
1131 PICK 468 R51
1131 SIDESTEP R78
1131 SIDESTEP R79
1132 SIDESTEP R21
1132 PICK 535 R22
1132 SIDESTEP R25
1132 SIDESTEP R40
1132 SIDESTEP R57
1133 PICK 790 R29
1133 SIDESTEP R59
1133 SIDESTEP R64
1133 SIDESTEP R65
1134 CHARGED R36
1134 ASSIGN 696 R36 45
1134 SIDESTEP R14
1134 SIDESTEP R44
1134 SIDESTEP R47
1134 SIDESTEP R55
1134 SIDESTEP R60
1134 SIDESTEP R68
1135 SIDESTEP R4
1135 SIDESTEP R10
1135 SIDESTEP R19
1135 SIDESTEP R24
1135 PICK 515 R35
1136 SIDESTEP R63
1136 DELIVER 384 R69 678
1136 SIDESTEP R78
1137 ASSIGN 823 R69 8
1137 SIDESTEP R16
1137 SIDESTEP R23
1137 SIDESTEP R32
1137 SIDESTEP R40
1137 SIDESTEP R46
1137 SIDESTEP R49
1137 SIDESTEP R66
1138 SIDESTEP R59
1138 SIDESTEP R64
1139 SIDESTEP R14
1139 SIDESTEP R20
1139 SIDESTEP R44
1139 SIDESTEP R58
1139 SIDESTEP R60
1139 SIDESTEP R76
1140 SIDESTEP R2
1140 SIDESTEP R10
1140 SIDESTEP R19
1140 SIDESTEP R24
1140 SIDESTEP R35
1140 SIDESTEP R75
1141 CHARGED R5
1141 ASSIGN 485 R5 21
1141 SIDESTEP R4
1141 SIDESTEP R9
1141 SIDESTEP R21
1141 SIDESTEP R25
1141 SIDESTEP R65
1141 SIDESTEP R68
1142 SIDESTEP R16
1142 SIDESTEP R23
1142 SIDESTEP R42
1142 SIDESTEP R46
1142 SIDESTEP R66
1142 SIDESTEP R73
1142 SIDESTEP R78
1143 SIDESTEP R28
1143 SIDESTEP R32
1143 DEAD R63
1143 SIDESTEP R64
1144 SIDESTEP R1
1144 SIDESTEP R6
1144 SIDESTEP R20
1144 SIDESTEP R40
1144 SIDESTEP R48
1144 PICK 823 R69
1145 CHARGED R12
1145 CHARGED R33
1145 ASSIGN 579 R12 33
1145 ASSIGN 580 R33 16
1145 SIDESTEP R10
1145 DELIVER 403 R13 661
1145 SIDESTEP R19
1145 SIDESTEP R24
1145 SIDESTEP R39
1145 SIDESTEP R67
1146 GO_CHARGE R13 8 1
1146 SIDESTEP R4
1146 SIDESTEP R8
1146 SIDESTEP R22
1146 SIDESTEP R65
1146 SIDESTEP R68
1147 SIDESTEP R23
1147 SIDESTEP R42
1147 SIDESTEP R46
1147 SIDESTEP R66
1147 SIDESTEP R73
1147 SIDESTEP R78
1148 SIDESTEP R14
1148 SIDESTEP R28
1148 SIDESTEP R32
1148 SIDESTEP R60
1148 SIDESTEP R71
1148 SIDESTEP R75
1149 SIDESTEP R1
1149 SIDESTEP R21
1149 SIDESTEP R25
1149 SIDESTEP R27
1149 SIDESTEP R43
1149 REPORT pending=401 aged=281 idle=0 to_pickup=26 delivering=28 to_charger=22 charging=0 dead=4 hot=5,2,16
1150 PICK 524 R0
1150 SIDESTEP R10
1150 SIDESTEP R19
1150 SIDESTEP R24
1150 SIDESTEP R44
1150 DELIVER 468 R51 594
1150 DELIVER 472 R61 590
1151 ASSIGN 585 R61 22
1151 GO_CHARGE R51 14 1
1151 SIDESTEP R4
1151 PICK 469 R6
1151 SIDESTEP R8
1151 SIDESTEP R20
1151 PICK 475 R52
1151 PICK 477 R74
1151 SIDESTEP R76
1152 PICK 551 R15
1152 SIDESTEP R23
1152 DELIVER 440 R50 626
1152 SIDESTEP R73
1153 GO_CHARGE R50 20 1
1153 SIDESTEP R14
1153 SIDESTEP R28
1153 SIDESTEP R40
1153 DELIVER 438 R48 630
1153 DELIVER 545 R53 505
1153 SIDESTEP R60
1153 SIDESTEP R66
1153 SIDESTEP R71
1153 SIDESTEP R75
1154 GO_CHARGE R48 6 1
1154 GO_CHARGE R53 26 1
1154 SIDESTEP R2
1154 SIDESTEP R46
1154 SIDESTEP R57
1155 SIDESTEP R10
1155 SIDESTEP R19
1155 SIDESTEP R21
1155 SIDESTEP R24
1155 SIDESTEP R44
1155 DELIVER 475 R52 592
1155 SIDESTEP R67
1155 SIDESTEP R77
1156 ASSIGN 581 R52 49
1156 SIDESTEP R1
1156 SIDESTEP R4
1156 SIDESTEP R8
1156 SIDESTEP R17
1156 SIDESTEP R76
1157 SIDESTEP R23
1157 SIDESTEP R35
1157 SIDESTEP R65
1157 SIDESTEP R73
1158 SIDESTEP R14
1158 SIDESTEP R27
1158 SIDESTEP R38
1158 SIDESTEP R40
1158 SIDESTEP R60
1158 SIDESTEP R71
1158 SIDESTEP R75
1159 PICK 479 R16
1159 DELIVER 439 R37 635
1159 SIDESTEP R57
1159 SIDESTEP R78
1160 ASSIGN 587 R37 22
1160 SIDESTEP R5
1160 DELIVER 471 R9 601
1160 SIDESTEP R10
1160 SIDESTEP R25
1160 SIDESTEP R44
1160 PICK 571 R54
1160 SIDESTEP R67
1160 SIDESTEP R77
1161 ASSIGN 709 R9 43
1161 SIDESTEP R17
1162 SIDESTEP R1
1162 SIDESTEP R19
1162 SIDESTEP R61
1163 SIDESTEP R7
1163 SIDESTEP R49
1163 SIDESTEP R65
1163 SIDESTEP R70
1164 SIDESTEP R2
1164 SIDESTEP R8
1164 PICK 567 R38
1164 SIDESTEP R57
1165 PICK 485 R5
1165 PICK 544 R18
1165 SIDESTEP R25
1165 SIDESTEP R36
1165 SIDESTEP R42
1165 SIDESTEP R43
1165 SIDESTEP R44
1165 SIDESTEP R60
1165 SIDESTEP R67
1165 SIDESTEP R75
1166 REJECT 967
1166 SIDESTEP R14
1166 SIDESTEP R17
1166 SIDESTEP R34
1166 PICK 548 R59
1167 SIDESTEP R1
1167 SIDESTEP R10
1167 SIDESTEP R19
1167 SIDESTEP R61
1168 SIDESTEP R49
1168 DELIVER 489 R64 591
1168 SIDESTEP R65
1168 SIDESTEP R76
1169 ASSIGN 593 R64 21
1169 SIDESTEP R57
1170 SIDESTEP R8
1170 SIDESTEP R25
1170 DELIVER 790 R29 223
1170 SIDESTEP R33
1170 SIDESTEP R36
1170 SIDESTEP R42
1170 SIDESTEP R47
1170 SIDESTEP R55
1170 SIDESTEP R68
1171 ASSIGN 594 R29 50
1171 SIDESTEP R34
1171 SIDESTEP R71
1172 SIDESTEP R10
1172 SIDESTEP R12
1172 SIDESTEP R19
1172 SIDESTEP R61
1173 CHARGE R1
1173 SIDESTEP R65
1173 SIDESTEP R76
1174 SIDESTEP R2
1174 SIDESTEP R18
1174 SIDESTEP R24
1174 SIDESTEP R49
1174 SIDESTEP R57
1175 SIDESTEP R25
1175 SIDESTEP R33
1175 SIDESTEP R42
1175 SIDESTEP R43
1175 SIDESTEP R58
1175 SIDESTEP R68
1175 SIDESTEP R69
1176 SIDESTEP R8
1176 SIDESTEP R20
1176 SIDESTEP R34
1176 SIDESTEP R35
1176 SIDESTEP R46
1176 SIDESTEP R71
1177 SIDESTEP R10
1177 SIDESTEP R19
1177 SIDESTEP R61
1178 DELIVER 463 R23 628
1178 SIDESTEP R39
1178 SIDESTEP R52
1178 SIDESTEP R65
1178 SIDESTEP R76
1178 PICK 669 R79
1179 ASSIGN 486 R23 29
1179 SIDESTEP R2
1179 SIDESTEP R4
1179 PICK 561 R70
1179 SIDESTEP R75
1180 SIDESTEP R42
1180 SIDESTEP R73
1181 SIDESTEP R13
1181 SIDESTEP R20
1181 SIDESTEP R36
1181 SIDESTEP R40
1181 SIDESTEP R43
1181 SIDESTEP R51
1181 DELIVER 571 R54 500
1182 ASSIGN 492 R54 15
1182 SIDESTEP R3
1182 SIDESTEP R8
1182 SIDESTEP R12
1182 SIDESTEP R18
1182 SIDESTEP R21
1182 SIDESTEP R55
1182 SIDESTEP R61
1182 SIDESTEP R67
1183 SIDESTEP R10
1183 DELIVER 457 R32 639
1183 SIDESTEP R33
1183 DELIVER 362 R47 756
1183 SIDESTEP R52
1183 SIDESTEP R76
1184 GO_CHARGE R32 28 1
1184 GO_CHARGE R47 30 1
1184 SIDESTEP R2
1184 SIDESTEP R4
1184 SIDESTEP R24
1184 PICK 481 R45
1185 PICK 587 R37
1185 SIDESTEP R42
1185 SIDESTEP R73
1186 SIDESTEP R14
1186 SIDESTEP R17
1186 SIDESTEP R25
1186 DELIVER 509 R28 583
1186 SIDESTEP R36
1186 SIDESTEP R38
1186 SIDESTEP R40
1186 SIDESTEP R48
1186 SIDESTEP R68
1186 DELIVER 477 R74 621
1187 ASSIGN 493 R74 25
1187 GO_CHARGE R28 22 1
1187 SIDESTEP R8
1187 SIDESTEP R12
1187 SIDESTEP R18
1187 SIDESTEP R43
1187 SIDESTEP R49
1187 SIDESTEP R51
1187 SIDESTEP R61
1187 PICK 530 R67
1188 CHARGED R1
1188 ASSIGN 494 R1 23
1188 SIDESTEP R10
1188 SIDESTEP R47
1188 SIDESTEP R52
1188 PICK 480 R56
1189 SIDESTEP R21
1189 SIDESTEP R24
1189 PICK 593 R64
1189 SIDESTEP R75
1190 CANCEL 970
1190 DELIVER 485 R5 617
1190 DELIVER 479 R16 623
1190 SIDESTEP R60
1190 DELIVER 496 R66 604
1190 SIDESTEP R70
1190 PICK 675 R71
1191 ASSIGN 495 R66 35
1191 ASSIGN 497 R16 23
1191 ASSIGN 498 R5 42
1191 SIDESTEP R14
1191 SIDESTEP R25
1191 SIDESTEP R38
1191 SIDESTEP R57
1191 SIDESTEP R68
1192 RESCUE R31
1192 ASSIGN 597 R31 54
1192 SIDESTEP R12
1192 SIDESTEP R18
1192 SIDESTEP R20
1192 CHARGE R44
1192 SIDESTEP R51
1192 SIDESTEP R76
1193 SIDESTEP R2
1193 SIDESTEP R4
1193 SIDESTEP R10
1193 DELIVER 551 R15 538
1193 DELIVER 535 R22 557
1193 SIDESTEP R32
1193 SIDESTEP R43
1193 SIDESTEP R47
1193 SIDESTEP R48
1193 SIDESTEP R50
1193 SIDESTEP R52
1193 DELIVER 823 R69 208
1194 ASSIGN 500 R69 13
1194 ASSIGN 598 R15 20
1194 GO_CHARGE R22 12 1
1194 SIDESTEP R8
1194 SIDESTEP R21
1194 SIDESTEP R24
1194 DEAD R25
1194 SIDESTEP R75
1195 SIDESTEP R13
1195 DEAD R46
1196 PICK 528 R7
1196 SIDESTEP R14
1196 SIDESTEP R34
1196 SIDESTEP R38
1196 PICK 492 R54
1196 SIDESTEP R57
1196 SIDESTEP R68
1196 SIDESTEP R73
1196 DEAD R78
1196 LOST 369
1197 SIDESTEP R12
1197 SIDESTEP R18
1197 SIDESTEP R20
1197 SIDESTEP R23
1197 SIDESTEP R40
1198 SIDESTEP R10
1198 SIDESTEP R32
1198 SIDESTEP R48
1198 SIDESTEP R52
1199 SIDESTEP R8
1199 SIDESTEP R43
1199 SIDESTEP R47
1199 SIDESTEP R50
1199 REPORT pending=425 aged=305 idle=0 to_pickup=21 delivering=26 to_charger=26 charging=1 dead=6 hot=4,3,17
1200 SIDESTEP R4
1200 DELIVER 447 R17 667
1200 SIDESTEP R24
1200 SIDESTEP R51
1200 SIDESTEP R65
1200 SIDESTEP R75
1200 SIDESTEP R76
1201 GO_CHARGE R17 32 1
1201 SIDESTEP R13
1201 SIDESTEP R34
1201 DELIVER 480 R56 633
1201 SIDESTEP R60
1202 ASSIGN 502 R56 27
1202 DELIVER 469 R6 645
1202 SIDESTEP R12
1202 SIDESTEP R18
1202 PICK 452 R19
1202 SIDESTEP R21
1202 SIDESTEP R23
1202 SIDESTEP R40
1202 SIDESTEP R42
1202 SIDESTEP R73
1202 SIDESTEP R77
1203 RESCUE R41
1203 ASSIGN 505 R41 65
1203 GO_CHARGE R6 22 1
1203 PICK 709 R9
1203 SIDESTEP R10
1203 SIDESTEP R20
1203 SIDESTEP R28
1203 SIDESTEP R32
1203 SIDESTEP R52
1203 SIDESTEP R57
1203 SIDESTEP R68
1204 SIDESTEP R50
1205 SIDESTEP R4
1205 SIDESTEP R24
1205 PICK 580 R33
1205 SIDESTEP R43
1205 DEAD R57
1205 SIDESTEP R65
1205 SIDESTEP R75
1206 SIDESTEP R2
1206 SIDESTEP R13
1206 SIDESTEP R14
1206 SIDESTEP R31
1206 SIDESTEP R60
1207 SIDESTEP R8
1207 SIDESTEP R12
1207 SIDESTEP R18
1207 SIDESTEP R21
1207 SIDESTEP R23
1207 PICK 540 R55
1207 SIDESTEP R73
1207 SIDESTEP R77
1208 SIDESTEP R3
1208 SIDESTEP R10
1208 SIDESTEP R19
1208 SIDESTEP R20
1208 SIDESTEP R28
1208 SIDESTEP R32
1208 SIDESTEP R34
1208 SIDESTEP R42
1208 SIDESTEP R52
1208 SIDESTEP R70
1209 SIDESTEP R50
1209 SIDESTEP R68
1210 CHARGED R44
1210 ASSIGN 506 R44 29
1210 PICK 494 R1
1210 SIDESTEP R4
1210 SIDESTEP R24
1210 SIDESTEP R39
1210 SIDESTEP R65
1210 SIDESTEP R75
1211 SIDESTEP R2
1211 SIDESTEP R13
1211 SIDESTEP R14
1211 SIDESTEP R43
1211 SIDESTEP R59
1211 SIDESTEP R60
1211 PICK 493 R74
1211 SIDESTEP R76
1212 DELIVER 524 R0 591
1212 SIDESTEP R12
1212 SIDESTEP R18
1212 DELIVER 481 R45 643
1212 SIDESTEP R73
1212 SIDESTEP R77
1213 ASSIGN 508 R45 46
1213 ASSIGN 511 R0 37
1213 SIDESTEP R8
1213 SIDESTEP R10
1213 PICK 497 R16
1213 SIDESTEP R20
1213 SIDESTEP R28
1213 SIDESTEP R32
1213 SIDESTEP R34
1213 DELIVER 567 R38 536
1213 SIDESTEP R42
1213 SIDESTEP R52
1213 SIDESTEP R58
1213 PICK 500 R69
1214 ASSIGN 510 R38 37
1214 SIDESTEP R23
1214 SIDESTEP R29
1214 PICK 482 R39
1214 SIDESTEP R40
1214 SIDESTEP R50
1214 SIDESTEP R68
1215 SIDESTEP R4
1215 SIDESTEP R54
1215 SIDESTEP R65
1216 SIDESTEP R2
1216 PICK 598 R15
1216 SIDESTEP R59
1216 SIDESTEP R60
1216 SIDESTEP R76
1217 SIDESTEP R6
1217 SIDESTEP R12
1217 SIDESTEP R14
1217 SIDESTEP R18
1217 PICK 585 R61
1217 SIDESTEP R73
1217 DELIVER 669 R79 414
1218 ASSIGN 513 R79 12
1218 SIDESTEP R10
1218 SIDESTEP R20
1218 SIDESTEP R28
1218 SIDESTEP R32
1218 SIDESTEP R34
1218 SIDESTEP R42
1218 SIDESTEP R47
1218 SIDESTEP R52
1218 SIDESTEP R69
1218 SIDESTEP R71
1219 SIDESTEP R8
1219 SIDESTEP R23
1219 SIDESTEP R29
1219 SIDESTEP R40
1219 SIDESTEP R43
1219 DELIVER 530 R67 588
1219 SIDESTEP R68
1220 GO_CHARGE R67 22 1
1220 SIDESTEP R65
1221 SIDESTEP R2
1221 SIDESTEP R59
1221 SIDESTEP R60
1221 DELIVER 493 R74 640
1221 SIDESTEP R76
1222 ASSIGN 512 R74 43
1222 SIDESTEP R13
1222 SIDESTEP R18
1222 DELIVER 336 R21 829
1222 SIDESTEP R51
1222 SIDESTEP R73
1223 GO_CHARGE R21 6 1
1223 SIDESTEP R4
1223 SIDESTEP R10
1223 SIDESTEP R20
1223 SIDESTEP R34
1223 SIDESTEP R42
1223 SIDESTEP R47
1223 SIDESTEP R48
1223 SIDESTEP R52
1223 SIDESTEP R71
1224 SIDESTEP R23
1224 SIDESTEP R29
1224 PICK 696 R36
1224 SIDESTEP R40
1224 SIDESTEP R43
1224 DELIVER 585 R61 524
1224 SIDESTEP R68
1225 ASSIGN 516 R61 47
1225 DELIVER 494 R1 643
1225 SIDESTEP R7
1225 SIDESTEP R8
1225 SIDESTEP R14
1225 SIDESTEP R33
1225 SIDESTEP R65
1226 ASSIGN 517 R1 24
1226 SIDESTEP R2
1226 DELIVER 546 R27 577
1226 SIDESTEP R31
1226 SIDESTEP R59
1226 SIDESTEP R60
1227 GO_CHARGE R27 22 1
1227 SIDESTEP R13
1227 SIDESTEP R18
1227 SIDESTEP R51
1227 SIDESTEP R53
1227 SIDESTEP R73
1228 SIDESTEP R10
1228 SIDESTEP R20
1228 SIDESTEP R22
1228 SIDESTEP R34
1228 SIDESTEP R48
1228 SIDESTEP R50
1228 SIDESTEP R75
1228 SIDESTEP R77
1229 CANCEL 1016
1229 SIDESTEP R23
1229 SIDESTEP R37
1229 SIDESTEP R47
1229 DELIVER 593 R64 516
1229 SIDESTEP R67
1229 SIDESTEP R76
1229 PICK 513 R79
1230 RESCUE R26
1230 ASSIGN 518 R26 19
1230 ASSIGN 520 R64 7
1230 SIDESTEP R4
1230 SIDESTEP R7
1230 SIDESTEP R21
1231 CANCEL 957
1231 SIDESTEP R14
1231 DELIVER 515 R35 620
1231 SIDESTEP R59
1231 SIDESTEP R60
1232 GO_CHARGE R35 6 1
1232 SIDESTEP R13
1232 SIDESTEP R18
1232 SIDESTEP R33
1232 SIDESTEP R51
1232 SIDESTEP R71
1232 SIDESTEP R73
1233 PICK 498 R5
1233 SIDESTEP R10
1233 SIDESTEP R20
1233 SIDESTEP R22
1233 SIDESTEP R48
1233 DELIVER 492 R54 653
1233 PICK 495 R66
1233 SIDESTEP R75
1233 DELIVER 504 R77 636
1234 ASSIGN 519 R54 23
1234 ASSIGN 523 R77 70
1234 SIDESTEP R12
1234 DELIVER 452 R19 695
1234 SIDESTEP R47
1234 SIDESTEP R53
1235 GO_CHARGE R19 6 1
1235 SIDESTEP R4
1235 SIDESTEP R7
1235 SIDESTEP R8
1235 SIDESTEP R15
1235 DELIVER 497 R16 648
1235 CHARGE R58
1236 GO_CHARGE R16 12 1
1236 SIDESTEP R14
1236 SIDESTEP R37
1236 SIDESTEP R43
1236 SIDESTEP R59
1236 SIDESTEP R64
1237 DELIVER 561 R70 567
1237 SIDESTEP R71
1237 SIDESTEP R73
1238 CANCEL 923
1238 GO_CHARGE R70 6 1
1238 SIDESTEP R2
1238 SIDESTEP R20
1238 SIDESTEP R69
1239 PICK 474 R3
1239 SIDESTEP R12
1239 SIDESTEP R53
1240 SIDESTEP R4
1240 SIDESTEP R7
1240 SIDESTEP R15
1240 SIDESTEP R32
1240 SIDESTEP R54
1240 SIDESTEP R60
1241 SIDESTEP R8
1241 SIDESTEP R13
1241 SIDESTEP R14
1241 SIDESTEP R37
1241 SIDESTEP R43
1241 SIDESTEP R50
1241 SIDESTEP R51
1241 SIDESTEP R59
1241 SIDESTEP R64
1242 DEAD R34
1242 LOST 373
1242 SIDESTEP R40
1242 SIDESTEP R68
1242 SIDESTEP R71
1242 SIDESTEP R73
1243 RESCUE R63
1243 ASSIGN 525 R63 38
1243 SIDESTEP R20
1243 SIDESTEP R44
1243 SIDESTEP R65
1244 SIDESTEP R35
1244 SIDESTEP R48
1244 SIDESTEP R75
1245 SIDESTEP R7
1245 SIDESTEP R15
1246 SIDESTEP R4
1246 SIDESTEP R8
1246 SIDESTEP R13
1246 SIDESTEP R37
1246 SIDESTEP R50
1246 SIDESTEP R51
1246 SIDESTEP R59
1246 SIDESTEP R64
1247 SIDESTEP R2
1247 SIDESTEP R24
1247 SIDESTEP R40
1247 SIDESTEP R42
1247 SIDESTEP R68
1247 SIDESTEP R73
1248 SIDESTEP R20
1248 PICK 486 R23
1248 PICK 510 R38
1248 SIDESTEP R44
1248 SIDESTEP R71
1248 SIDESTEP R77
1249 PICK 511 R0
1249 SIDESTEP R12
1249 SIDESTEP R35
1249 SIDESTEP R48
1249 SIDESTEP R60
1249 REPORT pending=450 aged=330 idle=0 to_pickup=17 delivering=24 to_charger=33 charging=1 dead=5 hot=4,2,19
1250 SIDESTEP R7
1250 SIDESTEP R15
1251 CANCEL 1036
1251 CHARGED R58
1251 ASSIGN 527 R58 17
1251 SIDESTEP R8
1251 SIDESTEP R10
1251 SIDESTEP R19
1251 SIDESTEP R37
1251 SIDESTEP R50
1251 SIDESTEP R59
1251 SIDESTEP R64
1251 SIDESTEP R65
1251 SIDESTEP R75
1252 SIDESTEP R18
1252 SIDESTEP R21
1252 SIDESTEP R24
1252 SIDESTEP R40
1252 SIDESTEP R42
1252 SIDESTEP R43
1252 SIDESTEP R73
1253 DELIVER 498 R5 665
1253 SIDESTEP R20
1253 SIDESTEP R47
1253 SIDESTEP R71
1254 ASSIGN 529 R5 39
1254 SIDESTEP R0
1254 PICK 517 R1
1254 SIDESTEP R6
1254 SIDESTEP R35
1254 SIDESTEP R52
1254 SIDESTEP R60
1254 SIDESTEP R68
1255 SIDESTEP R7
1255 SIDESTEP R13
1255 SIDESTEP R15
1255 SIDESTEP R48
1255 SIDESTEP R58
1256 SIDESTEP R8
1256 SIDESTEP R10
1256 SIDESTEP R37
1256 CHARGE R49
1256 SIDESTEP R50
1256 SIDESTEP R64
1256 SIDESTEP R65
1257 SIDESTEP R2
1257 SIDESTEP R18
1257 SIDESTEP R39
1257 SIDESTEP R43
1257 SIDESTEP R54
1257 SIDESTEP R73
1257 SIDESTEP R74
1258 SIDESTEP R4
1258 SIDESTEP R20
1258 SIDESTEP R22
1258 SIDESTEP R59
1259 SIDESTEP R6
1259 SIDESTEP R19
1259 SIDESTEP R28
1259 PICK 594 R29
1259 SIDESTEP R35
1259 SIDESTEP R52
1259 SIDESTEP R56
1259 SIDESTEP R60
1259 SIDESTEP R68
1259 SIDESTEP R75
1260 SIDESTEP R7
1260 SIDESTEP R13
1260 SIDESTEP R15
1260 SIDESTEP R24
1260 SIDESTEP R40
1260 SIDESTEP R42
1260 SIDESTEP R47
1261 SIDESTEP R8
1261 SIDESTEP R10
1261 SIDESTEP R37
1261 DELIVER 540 R55 620
1261 SIDESTEP R64
1261 SIDESTEP R65
1262 GO_CHARGE R55 6 1
1262 SIDESTEP R2
1262 SIDESTEP R27
1262 SIDESTEP R73
1262 DELIVER 513 R79 654
1263 GO_CHARGE R79 6 1
1263 SIDESTEP R4
1263 SIDESTEP R14
1263 SIDESTEP R20
1263 SIDESTEP R59
1264 REJECT 1049
1264 SIDESTEP R6
1264 SIDESTEP R28
1264 SIDESTEP R52
1264 SIDESTEP R68
1265 SIDESTEP R7
1265 SIDESTEP R15
1265 DELIVER 696 R36 432
1265 SIDESTEP R40
1265 SIDESTEP R42
1265 SIDESTEP R47
1265 SIDESTEP R48
1265 SIDESTEP R51
1266 ASSIGN 532 R36 13
1266 DELIVER 709 R9 418
1266 SIDESTEP R10
1266 SIDESTEP R21
1266 SIDESTEP R24
1266 SIDESTEP R56
1266 DELIVER 495 R66 683
1267 ASSIGN 533 R66 16
1267 GO_CHARGE R9 22 1
1267 DELIVER 511 R0 662
1267 SIDESTEP R13
1267 SIDESTEP R31
1267 SIDESTEP R54
1267 SIDESTEP R58
1267 SIDESTEP R73
1268 GO_CHARGE R0 6 1
1268 SIDESTEP R4
1268 SIDESTEP R14
1268 SIDESTEP R20
1268 SIDESTEP R27
1268 SIDESTEP R41
1268 SIDESTEP R43
1268 SIDESTEP R50
1268 SIDESTEP R63
1269 SIDESTEP R2
1269 PICK 508 R45
1269 SIDESTEP R68
1270 SIDESTEP R7
1270 SIDESTEP R40
1270 SIDESTEP R42
1270 PICK 506 R44
1270 SIDESTEP R47
1270 SIDESTEP R48
1270 SIDESTEP R51
1271 SIDESTEP R21
1271 SIDESTEP R22
1271 SIDESTEP R24
1271 SIDESTEP R52
1271 SIDESTEP R56
1271 SIDESTEP R76
1272 SIDESTEP R13
1272 CHARGE R32
1272 SIDESTEP R54
1272 SIDESTEP R58
1272 SIDESTEP R60
1272 PICK 516 R61
1272 SIDESTEP R67
1272 DELIVER 500 R69 679
1272 SIDESTEP R77
1273 CHARGED R49
1273 ASSIGN 534 R49 16
1273 ASSIGN 542 R69 10
1273 DELIVER 517 R1 659
1273 SIDESTEP R20
1273 SIDESTEP R27
1273 SIDESTEP R35
1273 SIDESTEP R50
1273 SIDESTEP R63
1273 SIDESTEP R65
1273 SIDESTEP R73
1274 ASSIGN 536 R1 55
1274 SIDESTEP R68
1275 SIDESTEP R7
1275 SIDESTEP R14
1275 SIDESTEP R40
1275 SIDESTEP R42
1275 SIDESTEP R43
1275 SIDESTEP R70
1276 SIDESTEP R4
1276 SIDESTEP R22
1276 PICK 518 R26
1276 SIDESTEP R38
1276 SIDESTEP R52
1276 SIDESTEP R56
1276 PICK 520 R64
1276 SIDESTEP R76
1277 SIDESTEP R23
1277 SIDESTEP R49
1277 SIDESTEP R58
1277 SIDESTEP R60
1277 SIDESTEP R67
1278 SIDESTEP R0
1278 PICK 532 R36
1278 SIDESTEP R48
1278 SIDESTEP R53
1278 SIDESTEP R63
1279 SIDESTEP R21
1279 SIDESTEP R28
1279 SIDESTEP R31
1279 DELIVER 548 R59 627
1279 SIDESTEP R68
1280 GO_CHARGE R59 6 1
1280 SIDESTEP R7
1280 SIDESTEP R14
1280 SIDESTEP R37
1280 SIDESTEP R40
1280 SIDESTEP R42
1280 SIDESTEP R43
1280 SIDESTEP R55
1280 SIDESTEP R65
1281 SIDESTEP R4
1281 SIDESTEP R47
1281 SIDESTEP R52
1282 SIDESTEP R2
1282 SIDESTEP R23
1282 SIDESTEP R24
1282 DELIVER 510 R38 678
1282 SIDESTEP R58
1282 PICK 542 R69
1282 SIDESTEP R70
1283 ASSIGN 543 R38 45
1283 DELIVER 474 R3 721
1283 SIDESTEP R22
1283 DELIVER 580 R33 588
1283 SIDESTEP R35
1283 SIDESTEP R63
1283 SIDESTEP R76
1284 ASSIGN 547 R33 42
1284 GO_CHARGE R3 6 1
1284 SIDESTEP R10
1284 SIDESTEP R13
1284 SIDESTEP R19
1284 SIDESTEP R31
1284 SIDESTEP R68
1285 SIDESTEP R7
1285 SIDESTEP R14
1285 SIDESTEP R18
1285 SIDESTEP R27
1285 DELIVER 594 R29 571
1285 SIDESTEP R37
1285 SIDESTEP R40
1285 SIDESTEP R42
1285 SIDESTEP R43
1285 SIDESTEP R55
1285 SIDESTEP R65
1286 ASSIGN 549 R29 39
1286 SIDESTEP R0
1286 SIDESTEP R4
1286 SIDESTEP R48
1286 SIDESTEP R52
1287 SIDESTEP R23
1287 PICK 519 R54
1287 SIDESTEP R58
1287 SIDESTEP R60
1287 DELIVER 520 R64 670
1288 GO_CHARGE R64 6 1
1288 SIDESTEP R22
1288 SIDESTEP R35
1288 PICK 512 R74
1288 SIDESTEP R76
1289 CHARGED R32
1289 ASSIGN 550 R32 21
1289 SIDESTEP R10
1289 SIDESTEP R13
1289 DELIVER 598 R15 569
1289 SIDESTEP R19
1289 SIDESTEP R28
1289 SIDESTEP R51
1289 SIDESTEP R68
1289 SIDESTEP R70
1289 SIDESTEP R75
1290 GO_CHARGE R15 6 1
1290 SIDESTEP R7
1290 SIDESTEP R14
1290 SIDESTEP R20
1290 SIDESTEP R37
1290 SIDESTEP R40
1290 SIDESTEP R42
1290 SIDESTEP R43
1290 SIDESTEP R55
1290 SIDESTEP R65
1290 DEAD R68
1290 SIDESTEP R73
1291 SIDESTEP R4
1291 SIDESTEP R52
1292 SIDESTEP R18
1292 SIDESTEP R23
1292 PICK 597 R31
1292 PICK 534 R49
1292 PICK 502 R56
1292 SIDESTEP R58
1293 SIDESTEP R0
1293 SIDESTEP R22
1293 DELIVER 482 R39 723
1293 SIDESTEP R48
1293 SIDESTEP R59
1293 SIDESTEP R76
1294 ASSIGN 555 R39 39
1294 PICK 529 R5
1294 SIDESTEP R10
1294 SIDESTEP R13
1294 SIDESTEP R16
1294 SIDESTEP R19
1294 SIDESTEP R35
1294 SIDESTEP R51
1295 RESCUE R46
1295 ASSIGN 831 R46 6
1295 SIDESTEP R7
1295 DEAD R10
1295 LOST 433
1295 SIDESTEP R14
1295 SIDESTEP R20
1295 SIDESTEP R21
1295 SIDESTEP R37
1295 SIDESTEP R41
1295 SIDESTEP R42
1295 SIDESTEP R43
1295 SIDESTEP R63
1295 SIDESTEP R65
1296 RESCUE R25
1296 RESCUE R78
1296 ASSIGN 552 R25 10
1296 ASSIGN 553 R78 30
1296 SIDESTEP R40
1296 SIDESTEP R50
1296 SIDESTEP R52
1297 CHARGE R2
1297 SIDESTEP R4
1297 SIDESTEP R8
1297 PICK 579 R12
1297 SIDESTEP R18
1297 SIDESTEP R23
1297 SIDESTEP R58
1297 SIDESTEP R60
1298 SIDESTEP R0
1298 SIDESTEP R22
1298 SIDESTEP R29
1298 SIDESTEP R53
1298 DELIVER 516 R61 686
1299 GO_CHARGE R61 28 1
1299 SIDESTEP R13
1299 SIDESTEP R16
1299 SIDESTEP R19
1299 SIDESTEP R24
1299 SIDESTEP R26
1299 SIDESTEP R51
1299 SIDESTEP R55
1299 SIDESTEP R70
1299 SIDESTEP R75
1299 SIDESTEP R76
1299 REPORT pending=473 aged=354 idle=0 to_pickup=16 delivering=21 to_charger=38 charging=1 dead=4 hot=4,2,15
1300 SIDESTEP R7
1300 SIDESTEP R14
1300 SIDESTEP R21
1300 SIDESTEP R25
1300 SIDESTEP R37
1300 SIDESTEP R41
1300 SIDESTEP R42
1300 SIDESTEP R43
1300 PICK 831 R46
1301 SIDESTEP R40
1301 SIDESTEP R50
1302 SIDESTEP R5
1302 SIDESTEP R8
1302 SIDESTEP R18
1302 SIDESTEP R23
1302 SIDESTEP R60
1302 SIDESTEP R73
1303 SIDESTEP R0
1303 SIDESTEP R12
1303 SIDESTEP R29
1303 SIDESTEP R35
1303 SIDESTEP R53
1303 SIDESTEP R79
1304 SIDESTEP R16
1304 SIDESTEP R19
1304 SIDESTEP R24
1304 SIDESTEP R26
1304 SIDESTEP R55
1304 SIDESTEP R64
1304 SIDESTEP R75
1305 SIDESTEP R7
1305 SIDESTEP R13
1305 SIDESTEP R14
1305 SIDESTEP R37
1305 SIDESTEP R41
1305 SIDESTEP R43
1305 SIDESTEP R47
1305 SIDESTEP R65
1306 CANCEL 999
1306 RESCUE R57
1306 ASSIGN 554 R57 28
1306 SIDESTEP R22
1306 DELIVER 597 R31 587
1306 SIDESTEP R40
1306 SIDESTEP R50
1306 SIDESTEP R51
1306 PICK 533 R66
1306 SIDESTEP R70
1307 ASSIGN 563 R31 30
1307 SIDESTEP R5
1307 SIDESTEP R8
1307 SIDESTEP R21
1307 DEAD R28
1307 DELIVER 534 R49 672
1307 SIDESTEP R60
1307 SIDESTEP R73
1307 SIDESTEP R77
1308 ASSIGN 564 R49 44
1308 SIDESTEP R0
1308 SIDESTEP R35
1308 SIDESTEP R63
1309 CHARGE R8
1309 CHARGE R13
1309 SIDESTEP R24
1309 PICK 552 R25
1309 SIDESTEP R26
1309 SIDESTEP R45
1309 SIDESTEP R58
1309 SIDESTEP R75
1310 SIDESTEP R7
1310 SIDESTEP R14
1310 SIDESTEP R43
1310 SIDESTEP R47
1310 SIDESTEP R48
1310 SIDESTEP R55
1310 SIDESTEP R57
1311 SIDESTEP R4
1311 SIDESTEP R18
1311 SIDESTEP R22
1311 SIDESTEP R38
1311 SIDESTEP R51
1312 SIDESTEP R1
1312 SIDESTEP R21
1312 SIDESTEP R60
1312 SIDESTEP R77
1313 SIDESTEP R0
1313 SIDESTEP R16
1313 SIDESTEP R19
1313 SIDESTEP R33
1313 SIDESTEP R35
1313 SIDESTEP R41
1313 DEAD R60
1313 SIDESTEP R63
1313 SIDESTEP R76
1314 CHARGED R2
1314 ASSIGN 565 R2 26
1314 DELIVER 587 R37 611
1314 SIDESTEP R45
1314 SIDESTEP R58
1314 SIDESTEP R64
1314 SIDESTEP R75
1315 GO_CHARGE R37 22 1
1315 SIDESTEP R43
1315 SIDESTEP R47
1315 SIDESTEP R48
1315 SIDESTEP R55
1315 SIDESTEP R59
1315 SIDESTEP R65
1316 SIDESTEP R4
1316 DELIVER 486 R23 742
1316 SIDESTEP R50
1317 ASSIGN 566 R23 42
1317 SIDESTEP R9
1317 SIDESTEP R20
1317 SIDESTEP R22
1317 PICK 550 R32
1317 DELIVER 542 R69 672
1317 SIDESTEP R77
1318 GO_CHARGE R69 10 1
1318 SIDESTEP R1
1318 SIDESTEP R16
1318 SIDESTEP R19
1318 SIDESTEP R21
1318 SIDESTEP R24
1318 SIDESTEP R33
1318 SIDESTEP R40
1318 SIDESTEP R41
1318 SIDESTEP R56
1318 SIDESTEP R61
1318 SIDESTEP R63
1318 SIDESTEP R70
1319 SIDESTEP R45
1319 SIDESTEP R58
1319 DELIVER 675 R71 509
1320 GO_CHARGE R71 6 1
1320 SIDESTEP R15
1320 SIDESTEP R47
1320 SIDESTEP R48
1320 SIDESTEP R55
1320 SIDESTEP R59
1320 SIDESTEP R76
1320 SIDESTEP R79
1321 DELIVER 518 R26 706
1321 SIDESTEP R50
1322 ASSIGN 570 R26 27
1322 SIDESTEP R2
1322 SIDESTEP R4
1322 SIDESTEP R9
1322 SIDESTEP R20
1322 SIDESTEP R22
1322 DELIVER 519 R54 706
1322 SIDESTEP R65
1322 SIDESTEP R77
1323 ASSIGN 572 R54 24
1323 SIDESTEP R21
1323 SIDESTEP R24
1323 SIDESTEP R41
1323 SIDESTEP R43
1323 SIDESTEP R46
1323 SIDESTEP R61
1323 SIDESTEP R63
1324 CHARGE R17
1324 DELIVER 506 R44 725
1324 SIDESTEP R51
1324 SIDESTEP R58
1324 SIDESTEP R75
1325 CHARGED R8
1325 CHARGED R13
1325 ASSIGN 600 R8 38
1325 ASSIGN 568 R44 48
1325 ASSIGN 569 R13 65
1325 SIDESTEP R48
1325 SIDESTEP R59
1325 SIDESTEP R64
1325 SIDESTEP R76
1325 PICK 553 R78
1325 SIDESTEP R79
1326 SIDESTEP R0
1326 SIDESTEP R35
1326 DELIVER 532 R36 693
1326 DEAD R48
1327 ASSIGN 573 R36 25
1327 DELIVER 529 R5 697
1327 CHARGE R53
1327 SIDESTEP R65
1327 SIDESTEP R77
1328 ASSIGN 574 R5 18
1328 SIDESTEP R12
1328 SIDESTEP R22
1328 SIDESTEP R42
1328 SIDESTEP R43
1328 SIDESTEP R46
1328 SIDESTEP R50
1328 SIDESTEP R63
1329 SIDESTEP R13
1329 SIDESTEP R16
1330 SIDESTEP R47
1330 SIDESTEP R59
1330 SIDESTEP R64
1330 SIDESTEP R70
1330 SIDESTEP R79
1331 SIDESTEP R0
1331 SIDESTEP R3
1331 SIDESTEP R4
1331 SIDESTEP R19
1331 SIDESTEP R45
1331 SIDESTEP R75
1331 SIDESTEP R76
1332 PICK 555 R39
1332 SIDESTEP R49
1332 SIDESTEP R65
1332 SIDESTEP R77
1333 SIDESTEP R8
1333 SIDESTEP R12
1333 SIDESTEP R22
1333 SIDESTEP R29
1333 SIDESTEP R42
1333 SIDESTEP R46
1333 SIDESTEP R50
1333 SIDESTEP R63
1334 CHARGE R6
1334 SIDESTEP R41
1335 DELIVER 544 R18 688
1335 SIDESTEP R47
1335 SIDESTEP R70
1335 SIDESTEP R78
1336 ASSIGN 605 R18 43
1336 SIDESTEP R0
1336 SIDESTEP R3
1336 SIDESTEP R4
1336 SIDESTEP R19
1336 SIDESTEP R21
1336 SIDESTEP R23
1336 SIDESTEP R24
1336 SIDESTEP R45
1336 SIDESTEP R69
1336 DELIVER 512 R74 730
1336 SIDESTEP R76
1336 SIDESTEP R79
1337 ASSIGN 575 R74 57
1337 SIDESTEP R65
1338 SIDESTEP R12
1338 SIDESTEP R40
1338 SIDESTEP R42
1338 SIDESTEP R46
1338 SIDESTEP R50
1338 SIDESTEP R63
1339 SIDESTEP R20
1339 PICK 554 R57
1340 CHARGED R17
1340 ASSIGN 607 R17 26
1340 SIDESTEP R14
1340 SIDESTEP R70
1340 SIDESTEP R73
1340 SIDESTEP R78
1341 SIDESTEP R0
1341 SIDESTEP R3
1341 SIDESTEP R19
1341 SIDESTEP R21
1341 SIDESTEP R24
1341 SIDESTEP R35
1341 PICK 543 R38
1341 SIDESTEP R45
1341 SIDESTEP R47
1341 SIDESTEP R51
1341 SIDESTEP R55
1341 SIDESTEP R75
1341 SIDESTEP R76
1342 SIDESTEP R22
1342 SIDESTEP R26
1342 SIDESTEP R59
1342 SIDESTEP R65
1343 SIDESTEP R12
1343 SIDESTEP R40
1343 SIDESTEP R42
1344 CHARGED R53
1344 ASSIGN 613 R53 31
1344 CHARGE R16
1344 SIDESTEP R20
1344 CHARGE R50
1344 SIDESTEP R58
1345 PICK 536 R1
1345 PICK 549 R29
1345 SIDESTEP R49
1345 SIDESTEP R78
1346 RESCUE R34
1346 ASSIGN 618 R34 15
1346 SIDESTEP R0
1346 SIDESTEP R3
1346 SIDESTEP R5
1346 SIDESTEP R21
1346 SIDESTEP R24
1346 SIDESTEP R39
1346 SIDESTEP R45
1346 SIDESTEP R51
1346 SIDESTEP R54
1346 SIDESTEP R75
1346 SIDESTEP R79
1347 SIDESTEP R4
1347 SIDESTEP R22
1347 SIDESTEP R25
1347 SIDESTEP R26
1347 PICK 547 R33
1347 SIDESTEP R47
1347 SIDESTEP R55
1347 DELIVER 502 R56 752
1347 SIDESTEP R61
1347 SIDESTEP R64
1348 GO_CHARGE R56 26 1
1348 SIDESTEP R19
1348 SIDESTEP R42
1349 PICK 565 R2
1349 DELIVER 528 R7 721
1349 DELIVER 550 R32 695
1349 REPORT pending=493 aged=376 idle=2 to_pickup=21 delivering=17 to_charger=32 charging=3 dead=5 hot=6,2,17
1350 ASSIGN 743 R32 23
1350 GO_CHARGE R7 32 1
1350 SIDESTEP R13
1350 SIDESTEP R20
1350 SIDESTEP R31
1350 SIDESTEP R40
1350 SIDESTEP R43
1350 PICK 581 R52
1350 SIDESTEP R65
1350 SIDESTEP R78
1351 CHARGED R6
1351 ASSIGN 746 R6 50
1351 SIDESTEP R9
1351 SIDESTEP R21
1351 SIDESTEP R27
1351 SIDESTEP R39
1351 SIDESTEP R45
1351 SIDESTEP R46
1351 SIDESTEP R54
1351 SIDESTEP R75
1351 SIDESTEP R79
1352 SIDESTEP R0
1352 SIDESTEP R3
1352 SIDESTEP R22
1352 SIDESTEP R25
1352 SIDESTEP R26
1352 SIDESTEP R61
1353 SIDESTEP R4
1353 SIDESTEP R19
1353 SIDESTEP R24
1353 SIDESTEP R55
1353 PICK 527 R58
1353 SIDESTEP R59
1353 SIDESTEP R70
1355 SIDESTEP R6
1355 CHARGE R67
1355 SIDESTEP R78
1356 CANCEL 961
1356 SIDESTEP R9
1356 SIDESTEP R20
1356 SIDESTEP R37
1356 SIDESTEP R39
1356 SIDESTEP R45
1356 SIDESTEP R46
1356 SIDESTEP R47
1356 SIDESTEP R51
1356 SIDESTEP R54
1356 SIDESTEP R75
1356 SIDESTEP R77
1356 SIDESTEP R79
1357 SIDESTEP R0
1357 SIDESTEP R13
1357 SIDESTEP R27
1357 SIDESTEP R61
1357 SIDESTEP R65
1358 SIDESTEP R19
1358 SIDESTEP R40
1358 SIDESTEP R43
1358 SIDESTEP R59
1358 SIDESTEP R70
1359 SIDESTEP R3
1359 SIDESTEP R4
1359 SIDESTEP R15
1361 CHARGED R50
1361 ASSIGN 623 R50 15
1361 SIDESTEP R20
1361 DELIVER 552 R25 704
1361 PICK 563 R31
1361 SIDESTEP R39
1361 SIDESTEP R46
1361 SIDESTEP R47
1361 SIDESTEP R54
1361 SIDESTEP R75
1361 SIDESTEP R79
1362 CHARGED R16
1362 ASSIGN 752 R16 12
1362 ASSIGN 578 R25 47
1362 SIDESTEP R0
1362 SIDESTEP R51
1362 SIDESTEP R52
1362 SIDESTEP R55
1362 SIDESTEP R56
1362 SIDESTEP R61
1362 SIDESTEP R65
1362 SIDESTEP R73
1363 SIDESTEP R17
1363 SIDESTEP R19
1363 SIDESTEP R22
1363 SIDESTEP R29
1363 SIDESTEP R40
1363 SIDESTEP R43
1363 SIDESTEP R59
1363 SIDESTEP R70
1364 SIDESTEP R3
1364 SIDESTEP R15
1364 SIDESTEP R21
1364 SIDESTEP R35
1364 PICK 573 R36
1364 SIDESTEP R42
1364 PICK 564 R49
1365 SIDESTEP R4
1365 PICK 574 R5
1365 DELIVER 579 R12 671
1365 CHARGE R22
1365 SIDESTEP R76
1366 ASSIGN 634 R12 41
1366 SIDESTEP R20
1366 PICK 566 R23
1366 SIDESTEP R39
1366 DELIVER 533 R66 732
1367 GO_CHARGE R66 8 1
1367 PICK 600 R8
1367 SIDESTEP R38
1367 SIDESTEP R55
1367 SIDESTEP R56
1367 SIDESTEP R65
1367 SIDESTEP R73
1368 SIDESTEP R19
1368 SIDESTEP R29
1368 SIDESTEP R40
1368 SIDESTEP R43
1368 SIDESTEP R51
1368 SIDESTEP R59
1368 PICK 525 R63
1368 SIDESTEP R70
1369 SIDESTEP R0
1369 SIDESTEP R2
1369 SIDESTEP R3
1369 SIDESTEP R9
1369 SIDESTEP R13
1369 SIDESTEP R15
1369 SIDESTEP R18
1369 SIDESTEP R21
1369 PICK 570 R26
1369 SIDESTEP R27
1369 SIDESTEP R35
1369 SIDESTEP R47
1369 SIDESTEP R71
1371 SIDESTEP R4
1372 CHARGED R67
1372 ASSIGN 641 R67 43
1372 PICK 743 R32
1372 SIDESTEP R38
1372 PICK 568 R44
1372 SIDESTEP R56
1372 SIDESTEP R65
1373 SIDESTEP R40
1373 SIDESTEP R59
1373 SIDESTEP R70
1374 SIDESTEP R0
1374 SIDESTEP R2
1374 SIDESTEP R3
1374 SIDESTEP R12
1374 SIDESTEP R13
1374 SIDESTEP R15
1374 SIDESTEP R21
1374 SIDESTEP R27
1374 SIDESTEP R35
1374 SIDESTEP R37
1374 DEAD R40
1374 LOST 415
1374 SIDESTEP R42
1374 SIDESTEP R43
1374 DELIVER 508 R45 772
1374 SIDESTEP R47
1374 SIDESTEP R55
1374 SIDESTEP R71
1374 SIDESTEP R73
1375 GO_CHARGE R45 18 1
1375 CHARGE R4
1375 SIDESTEP R14
1375 PICK 613 R53
1375 SIDESTEP R61
1375 DEAD R73
1375 LOST 411
1375 SIDESTEP R76
1376 PICK 505 R41
1376 DELIVER 554 R57 716
1376 SIDESTEP R69
1376 SIDESTEP R75
1377 ASSIGN 761 R57 29
1377 SIDESTEP R38
1377 SIDESTEP R51
1378 SIDESTEP R34
1379 SIDESTEP R0
1379 SIDESTEP R2
1379 SIDESTEP R3
1379 SIDESTEP R12
1379 SIDESTEP R21
1379 SIDESTEP R27
1379 SIDESTEP R33
1379 SIDESTEP R42
1379 SIDESTEP R47
1379 PICK 572 R54
1379 SIDESTEP R71
1380 SIDESTEP R14
1380 SIDESTEP R19
1380 SIDESTEP R24
1380 SIDESTEP R32
1380 SIDESTEP R61
1380 SIDESTEP R76
1380 SIDESTEP R79
1381 SIDESTEP R23
1381 SIDESTEP R43
1381 SIDESTEP R75
1382 SIDESTEP R58
1383 CHARGED R22
1383 ASSIGN 757 R22 22
1383 SIDESTEP R8
1383 PICK 752 R16
1383 SIDESTEP R34
1383 DELIVER 831 R46 389
1383 PICK 623 R50
1383 SIDESTEP R64
1383 SIDESTEP R69
1384 ASSIGN 765 R46 24
1384 SIDESTEP R21
1384 DELIVER 563 R31 711
1384 SIDESTEP R33
1384 SIDESTEP R37
1384 SIDESTEP R47
1384 SIDESTEP R70
1384 SIDESTEP R71
1385 GO_CHARGE R31 12 1
1385 SIDESTEP R0
1385 SIDESTEP R19
1385 SIDESTEP R20
1385 SIDESTEP R24
1385 SIDESTEP R35
1385 SIDESTEP R61
1385 SIDESTEP R66
1385 DEAD R71
1385 SIDESTEP R79
1386 SIDESTEP R14
1386 SIDESTEP R15
1386 PICK 607 R17
1386 SIDESTEP R23
1386 DELIVER 555 R39 724
1386 SIDESTEP R43
1386 SIDESTEP R65
1386 SIDESTEP R75
1387 GO_CHARGE R39 22 1
1387 DELIVER 536 R1 750
1387 SIDESTEP R42
1387 DELIVER 564 R49 713
1387 SIDESTEP R55
1388 ASSIGN 653 R1 44
1388 ASSIGN 655 R49 9
1388 SIDESTEP R27
1388 DELIVER 572 R54 706
1388 SIDESTEP R64
1388 SIDESTEP R69
1389 GO_CHARGE R54 20 1
1389 SIDESTEP R29
1389 SIDESTEP R47
1390 RESCUE R68
1390 ASSIGN 767 R68 27
1390 SIDESTEP R20
1390 SIDESTEP R35
1390 SIDESTEP R61
1390 SIDESTEP R70
1390 SIDESTEP R79
1391 SIDESTEP R15
1391 SIDESTEP R23
1391 SIDESTEP R26
1391 SIDESTEP R43
1391 SIDESTEP R59
1391 SIDESTEP R65
1391 SIDESTEP R66
1392 CHARGED R4
1392 ASSIGN 889 R4 51
1392 SIDESTEP R42
1392 SIDESTEP R51
1393 SIDESTEP R19
1393 SIDESTEP R27
1393 SIDESTEP R55
1393 SIDESTEP R58
1393 SIDESTEP R64
1393 SIDESTEP R75
1394 SIDESTEP R1
1394 SIDESTEP R24
1394 SIDESTEP R29
1395 PICK 618 R34
1395 SIDESTEP R70
1395 SIDESTEP R76
1395 SIDESTEP R79
1396 SIDESTEP R3
1396 SIDESTEP R14
1396 SIDESTEP R15
1396 SIDESTEP R41
1396 SIDESTEP R43
1396 PICK 655 R49
1396 SIDESTEP R59
1396 SIDESTEP R65
1397 SIDESTEP R17
1397 DELIVER 543 R38 751
1397 DELIVER 553 R78 739
1398 ASSIGN 591 R78 12
1398 GO_CHARGE R38 32 1
1398 SIDESTEP R16
1398 SIDESTEP R27
1398 DEAD R42
1398 LOST 488
1398 SIDESTEP R55
1398 SIDESTEP R69
1398 SIDESTEP R75
1399 RESCUE R10
1399 ASSIGN 665 R10 23
1399 SIDESTEP R0
1399 SIDESTEP R1
1399 SIDESTEP R24
1399 SIDESTEP R29
1399 SIDESTEP R47
1399 SIDESTEP R51
1399 SIDESTEP R52
1399 REPORT pending=514 aged=399 idle=0 to_pickup=17 delivering=21 to_charger=35 charging=0 dead=7 hot=4,2,15
1400 SIDESTEP R13
1400 SIDESTEP R50
1400 SIDESTEP R64
1400 SIDESTEP R79
1401 SIDESTEP R3
1401 CHARGE R7
1401 SIDESTEP R15
1401 SIDESTEP R35
1401 SIDESTEP R41
1401 SIDESTEP R59
1401 SIDESTEP R66
1402 SIDESTEP R4
1402 SIDESTEP R14
1402 SIDESTEP R19
1402 SIDESTEP R21
1402 SIDESTEP R76
1403 DELIVER 655 R49 615
1403 SIDESTEP R55
1403 SIDESTEP R69
1404 ASSIGN 666 R49 37
1404 SIDESTEP R24
1404 SIDESTEP R29
1404 SIDESTEP R47
1404 SIDESTEP R51
1404 SIDESTEP R52
1404 SIDESTEP R75
1405 SIDESTEP R10
1405 SIDESTEP R13
1405 SIDESTEP R20
1405 SIDESTEP R25
1405 SIDESTEP R32
1405 SIDESTEP R50
1405 SIDESTEP R79
1406 SIDESTEP R1
1406 SIDESTEP R15
1406 SIDESTEP R35
1406 SIDESTEP R41
1406 PICK 761 R57
1406 SIDESTEP R59
1406 SIDESTEP R66
1406 SIDESTEP R70
1407 RESCUE R28
1407 ASSIGN 668 R28 14
1407 SIDESTEP R4
1407 SIDESTEP R21
1407 SIDESTEP R61
1408 SIDESTEP R43
1408 PICK 765 R46
1408 SIDESTEP R49
1408 SIDESTEP R69
1409 SIDESTEP R6
1409 SIDESTEP R14
1409 SIDESTEP R19
1409 DELIVER 527 R58 785
1409 SIDESTEP R74
1409 SIDESTEP R75
1409 PICK 591 R78
1410 ASSIGN 671 R58 30
1410 SIDESTEP R20
1410 SIDESTEP R25
1410 SIDESTEP R32
1410 SIDESTEP R47
1410 SIDESTEP R50
1410 SIDESTEP R52
1410 SIDESTEP R64
1410 SIDESTEP R65
1410 SIDESTEP R79
1411 SIDESTEP R0
1411 SIDESTEP R15
1411 PICK 757 R22
1411 DELIVER 566 R23 735
1411 SIDESTEP R41
1411 SIDESTEP R51
1411 SIDESTEP R59
1411 SIDESTEP R70
1412 ASSIGN 899 R23 42
1412 SIDESTEP R3
1412 SIDESTEP R4
1412 SIDESTEP R10
1412 SIDESTEP R16
1412 DELIVER 570 R26 732
1412 DELIVER 547 R33 762
1412 DELIVER 525 R63 790
1413 RESCUE R60
1413 ASSIGN 672 R60 46
1413 ASSIGN 916 R63 25
1413 ASSIGN 577 R33 44
1413 GO_CHARGE R26 24 1
1413 DELIVER 574 R5 726
1413 SIDESTEP R29
1413 DEAD R35
1413 SIDESTEP R43
1413 DEAD R59
1413 SIDESTEP R61
1413 SIDESTEP R69
1414 ASSIGN 582 R5 45
1414 SIDESTEP R6
1414 SIDESTEP R19
1414 SIDESTEP R66
1415 SIDESTEP R20
1415 SIDESTEP R25
1415 SIDESTEP R27
1415 SIDESTEP R32
1415 SIDESTEP R47
1415 SIDESTEP R50
1415 SIDESTEP R52
1415 SIDESTEP R64
1415 SIDESTEP R79
1416 SIDESTEP R0
1416 SIDESTEP R13
1416 SIDESTEP R15
1416 SIDESTEP R41
1416 SIDESTEP R51
1417 SIDESTEP R1
1417 SIDESTEP R4
1417 SIDESTEP R16
1418 SIDESTEP R17
1418 SIDESTEP R29
1418 DELIVER 573 R36 734
1418 SIDESTEP R43
1418 SIDESTEP R61
1419 CHARGED R7
1419 ASSIGN 678 R7 16
1419 ASSIGN 805 R36 9
1419 SIDESTEP R6
1419 DELIVER 600 R8 697
1419 SIDESTEP R19
1419 SIDESTEP R21
1419 SIDESTEP R55
1419 SIDESTEP R69
1420 ASSIGN 680 R8 48
1420 SIDESTEP R3
1420 SIDESTEP R14
1420 PICK 668 R28
1420 SIDESTEP R50
1420 SIDESTEP R52
1420 PICK 767 R68
1421 SIDESTEP R9
1421 SIDESTEP R13
1421 SIDESTEP R31
1421 SIDESTEP R32
1421 SIDESTEP R47
1421 SIDESTEP R56
1422 SIDESTEP R1
1422 DELIVER 565 R2 747
1422 SIDESTEP R4
1422 SIDESTEP R16
1422 SIDESTEP R23
1422 DELIVER 591 R78 711
1423 ASSIGN 687 R2 27
1423 GO_CHARGE R78 6 1
1423 SIDESTEP R29
1423 SIDESTEP R43
1423 SIDESTEP R67
1423 PICK 523 R77
1424 SIDESTEP R6
1424 SIDESTEP R17
1424 SIDESTEP R19
1424 SIDESTEP R21
1424 SIDESTEP R45
1424 SIDESTEP R55
1424 SIDESTEP R65
1424 SIDESTEP R69
1425 SIDESTEP R3
1425 SIDESTEP R14
1425 SIDESTEP R50
1425 SIDESTEP R64
1425 CHARGE R75
1426 SIDESTEP R51
1426 SIDESTEP R63
1427 SIDESTEP R1
1427 SIDESTEP R15
1427 SIDESTEP R16
1427 PICK 605 R18
1427 SIDESTEP R31
1427 DELIVER 618 R34 682
1427 DELIVER 568 R44 749
1427 SIDESTEP R61
1427 SIDESTEP R79
1428 RESCUE R48
1428 ASSIGN 689 R34 29
1428 ASSIGN 691 R44 31
1428 ASSIGN 932 R48 33
1428 SIDESTEP R9
1428 DEAD R15
1428 SIDESTEP R29
1428 SIDESTEP R43
1428 SIDESTEP R67
1429 SIDESTEP R6
1429 SIDESTEP R19
1429 SIDESTEP R45
1429 SIDESTEP R55
1429 SIDESTEP R57
1429 SIDESTEP R65
1429 SIDESTEP R66
1430 SIDESTEP R0
1430 SIDESTEP R3
1430 SIDESTEP R14
1430 SIDESTEP R24
1430 SIDESTEP R27
1430 CHARGE R56
1430 SIDESTEP R70
1431 SIDESTEP R17
1431 PICK 805 R36
1431 SIDESTEP R63
1432 SIDESTEP R16
1432 PICK 578 R25
1432 SIDESTEP R48
1432 SIDESTEP R51
1432 SIDESTEP R52
1433 SIDESTEP R41
1433 SIDESTEP R43
1433 SIDESTEP R67
1433 PICK 575 R74
1434 SIDESTEP R6
1434 SIDESTEP R19
1434 SIDESTEP R45
1434 SIDESTEP R57
1434 SIDESTEP R66
1435 SIDESTEP R3
1435 SIDESTEP R4
1435 SIDESTEP R14
1435 SIDESTEP R21
1435 SIDESTEP R24
1435 SIDESTEP R65
1435 SIDESTEP R70
1436 SIDESTEP R17
1436 SIDESTEP R63
1437 PICK 678 R7
1437 SIDESTEP R16
1437 SIDESTEP R48
1437 SIDESTEP R52
1437 SIDESTEP R61
1437 SIDESTEP R79
1438 SIDESTEP R12
1438 SIDESTEP R43
1439 SIDESTEP R19
1439 SIDESTEP R22
1439 SIDESTEP R38
1439 SIDESTEP R45
1439 SIDESTEP R66
1440 CANCEL 1068
1440 SIDESTEP R4
1440 SIDESTEP R21
1440 SIDESTEP R23
1440 SIDESTEP R28
1440 SIDESTEP R31
1440 SIDESTEP R65
1441 SIDESTEP R17
1441 SIDESTEP R55
1442 SIDESTEP R0
1442 SIDESTEP R3
1442 SIDESTEP R52
1442 SIDESTEP R70
1443 CHARGED R75
1443 ASSIGN 700 R75 35
1443 SIDESTEP R12
1443 SIDESTEP R20
1443 SIDESTEP R43
1443 DELIVER 765 R46 522
1443 SIDESTEP R53
1443 SIDESTEP R64
1443 SIDESTEP R79
1444 GO_CHARGE R46 6 1
1444 SIDESTEP R7
1444 SIDESTEP R19
1444 SIDESTEP R24
1444 SIDESTEP R47
1444 SIDESTEP R51
1444 SIDESTEP R66
1444 PICK 641 R67
1445 SIDESTEP R4
1445 SIDESTEP R23
1445 SIDESTEP R28
1445 SIDESTEP R34
1445 SIDESTEP R61
1445 SIDESTEP R65
1446 CHARGED R56
1446 ASSIGN 703 R56 33
1446 SIDESTEP R17
1446 SIDESTEP R31
1446 SIDESTEP R55
1447 SIDESTEP R0
1447 SIDESTEP R3
1447 PICK 665 R10
1447 SIDESTEP R14
1447 SIDESTEP R52
1448 SIDESTEP R20
1448 SIDESTEP R43
1448 SIDESTEP R53
1448 PICK 671 R58
1449 PICK 687 R2
1449 SIDESTEP R16
1449 SIDESTEP R19
1449 SIDESTEP R24
1449 SIDESTEP R47
1449 DELIVER 761 R57 532
1449 DELIVER 767 R68 526
1449 SIDESTEP R69
1449 REPORT pending=533 aged=420 idle=2 to_pickup=18 delivering=21 to_charger=32 charging=0 dead=7 hot=6,2,14
1450 ASSIGN 584 R68 59
1450 GO_CHARGE R57 26 1
1450 SIDESTEP R4
1450 SIDESTEP R23
1450 SIDESTEP R34
1450 SIDESTEP R48
1450 SIDESTEP R65
1450 SIDESTEP R74
1451 SIDESTEP R8
1451 SIDESTEP R17
1451 SIDESTEP R31
1451 SIDESTEP R55
1451 SIDESTEP R66
1452 SIDESTEP R45
1452 SIDESTEP R52
1452 SIDESTEP R61
1453 SIDESTEP R28
1453 SIDESTEP R39
1453 SIDESTEP R43
1453 SIDESTEP R51
1453 SIDESTEP R53
1454 SIDESTEP R16
1454 SIDESTEP R19
1454 SIDESTEP R20
1454 SIDESTEP R24
1454 SIDESTEP R47
1454 SIDESTEP R69
1455 SIDESTEP R4
1455 SIDESTEP R34
1455 DELIVER 623 R50 703
1455 SIDESTEP R56
1455 PICK 916 R63
1456 ASSIGN 586 R50 36
1456 PICK 746 R6
1456 SIDESTEP R14
1456 SIDESTEP R17
1456 SIDESTEP R31
1456 PICK 577 R33
1456 SIDESTEP R66
1456 SIDESTEP R70
1456 SIDESTEP R78
1457 SIDESTEP R21
1457 SIDESTEP R45
1457 SIDESTEP R52
1457 SIDESTEP R79
1458 SIDESTEP R36
1458 SIDESTEP R41
1458 SIDESTEP R43
1458 PICK 691 R44
1458 SIDESTEP R53
1458 PICK 672 R60
1458 SIDESTEP R64
1458 SIDESTEP R65
1459 SIDESTEP R3
1459 PICK 582 R5
1459 SIDESTEP R16
1459 SIDESTEP R19
1459 SIDESTEP R24
1459 SIDESTEP R28
1460 SIDESTEP R20
1460 SIDESTEP R56
1461 SIDESTEP R0
1461 SIDESTEP R7
1461 SIDESTEP R14
1461 SIDESTEP R17
1461 SIDESTEP R38
1461 SIDESTEP R66
1461 SIDESTEP R78
1462 PICK 569 R13
1462 SIDESTEP R21
1462 DELIVER 757 R22 550
1462 SIDESTEP R23
1462 SIDESTEP R47
1462 SIDESTEP R51
1462 SIDESTEP R52
1462 SIDESTEP R79
1463 ASSIGN 589 R22 14
1463 DELIVER 549 R29 810
1463 SIDESTEP R36
1463 SIDESTEP R39
1463 SIDESTEP R41
1463 SIDESTEP R43
1463 SIDESTEP R45
1463 SIDESTEP R53
1463 SIDESTEP R61
1464 ASSIGN 705 R29 29
1464 SIDESTEP R16
1464 SIDESTEP R19
1465 SIDESTEP R20
1465 SIDESTEP R56
1466 CANCEL 1077
1466 SIDESTEP R0
1466 SIDESTEP R14
1466 SIDESTEP R17
1466 SIDESTEP R66
1466 SIDESTEP R69
1467 SIDESTEP R51
1467 SIDESTEP R64
1467 SIDESTEP R79
1468 SIDESTEP R28
1468 SIDESTEP R36
1468 SIDESTEP R39
1468 SIDESTEP R41
1468 SIDESTEP R43
1468 SIDESTEP R47
1468 SIDESTEP R53
1468 DELIVER 671 R58 663
1468 SIDESTEP R61
1468 SIDESTEP R75
1469 ASSIGN 590 R58 49
1469 SIDESTEP R16
1469 SIDESTEP R19
1469 SIDESTEP R31
1469 SIDESTEP R33
1470 SIDESTEP R22
1470 SIDESTEP R56
1470 DELIVER 523 R77 850
1471 GO_CHARGE R77 16 1
1471 SIDESTEP R14
1471 SIDESTEP R17
1471 DELIVER 578 R25 778
1471 SIDESTEP R27
1471 SIDESTEP R48
1471 SIDESTEP R69
1472 GO_CHARGE R25 6 1
1472 SIDESTEP R2
1472 CHARGE R37
1472 SIDESTEP R51
1472 SIDESTEP R64
1472 SIDESTEP R66
1472 SIDESTEP R70
1472 SIDESTEP R79
1473 SIDESTEP R26
1473 SIDESTEP R28
1473 SIDESTEP R36
1473 SIDESTEP R41
1473 SIDESTEP R43
1473 SIDESTEP R45
1473 SIDESTEP R61
1473 SIDESTEP R75
1474 RESCUE R40
1474 ASSIGN 592 R40 33
1474 SIDESTEP R16
1474 SIDESTEP R19
1474 SIDESTEP R24
1474 SIDESTEP R31
1474 SIDESTEP R33
1474 SIDESTEP R47
1474 SIDESTEP R52
1475 REJECT 1213
1475 RESCUE R73
1475 ASSIGN 595 R73 42
1475 SIDESTEP R0
1475 SIDESTEP R3
1475 SIDESTEP R20
1475 SIDESTEP R21
1475 SIDESTEP R22
1475 SIDESTEP R56
1476 SIDESTEP R13
1476 SIDESTEP R53
1477 SIDESTEP R2
1477 DELIVER 743 R32 582
1477 SIDESTEP R64
1477 SIDESTEP R69
1477 SIDESTEP R70
1477 SIDESTEP R79
1478 ASSIGN 596 R32 48
1478 SIDESTEP R26
1478 SIDESTEP R28
1478 SIDESTEP R36
1478 SIDESTEP R41
1478 SIDESTEP R43
1478 SIDESTEP R45
1478 SIDESTEP R55
1478 CHARGE R69
1478 SIDESTEP R75
1479 SIDESTEP R16
1479 SIDESTEP R19
1479 SIDESTEP R24
1479 SIDESTEP R31
1479 SIDESTEP R52
1479 SIDESTEP R61
1479 DELIVER 641 R67 708
1480 ASSIGN 599 R67 45
1480 SIDESTEP R0
1480 SIDESTEP R3
1480 SIDESTEP R20
1480 SIDESTEP R21
1480 SIDESTEP R34
1480 CHARGE R38
1480 SIDESTEP R39
1480 SIDESTEP R63
1480 SIDESTEP R78
1481 PICK 634 R12
1481 SIDESTEP R13
1481 SIDESTEP R40
1481 SIDESTEP R51
1482 SIDESTEP R1
1482 SIDESTEP R2
1482 SIDESTEP R27
1482 SIDESTEP R64
1482 SIDESTEP R70
1483 SIDESTEP R26
1483 SIDESTEP R28
1483 SIDESTEP R36
1483 SIDESTEP R41
1483 SIDESTEP R43
1483 SIDESTEP R50
1483 SIDESTEP R55
1483 SIDESTEP R79
1484 SIDESTEP R19
1484 SIDESTEP R23
1484 SIDESTEP R24
1484 SIDESTEP R31
1484 SIDESTEP R45
1485 SIDESTEP R21
1485 SIDESTEP R39
1485 SIDESTEP R61
1485 SIDESTEP R78
1486 RESCUE R71
1486 ASSIGN 601 R71 31
1486 SIDESTEP R13
1486 SIDESTEP R46
1486 SIDESTEP R51
1487 SIDESTEP R2
1487 SIDESTEP R5
1487 SIDESTEP R14
1487 SIDESTEP R70
1488 SIDESTEP R26
1488 SIDESTEP R27
1488 SIDESTEP R28
1488 SIDESTEP R36
1488 SIDESTEP R41
1488 SIDESTEP R43
1488 SIDESTEP R55
1488 SIDESTEP R64
1488 SIDESTEP R65
1488 CHARGE R66
1489 SIDESTEP R0
1489 SIDESTEP R7
1489 SIDESTEP R19
1489 SIDESTEP R23
1489 SIDESTEP R31
1489 SIDESTEP R45
1489 SIDESTEP R47
1489 SIDESTEP R57
1490 CHARGED R37
1490 ASSIGN 602 R37 40
1490 SIDESTEP R21
1490 SIDESTEP R53
1490 SIDESTEP R61
1490 DELIVER 575 R74 801
1490 SIDESTEP R78
1490 SIDESTEP R79
1491 GO_CHARGE R74 6 1
1491 SIDESTEP R52
1492 SIDESTEP R2
1492 SIDESTEP R5
1492 SIDESTEP R14
1492 SIDESTEP R22
1492 SIDESTEP R32
1492 PICK 689 R34
1492 SIDESTEP R39
1492 SIDESTEP R70
1493 CANCEL 1197
1493 SIDESTEP R3
1493 SIDESTEP R13
1493 SIDESTEP R26
1493 SIDESTEP R28
1493 SIDESTEP R36
1493 SIDESTEP R43
1493 SIDESTEP R44
1493 SIDESTEP R51
1493 SIDESTEP R55
1493 SIDESTEP R65
1494 SIDESTEP R0
1494 SIDESTEP R7
1494 SIDESTEP R20
1494 SIDESTEP R23
1494 SIDESTEP R25
1494 SIDESTEP R27
1494 SIDESTEP R31
1494 SIDESTEP R37
1494 SIDESTEP R45
1494 SIDESTEP R46
1494 SIDESTEP R76
1495 CHARGE R9
1495 SIDESTEP R79
1496 CHARGED R69
1496 ASSIGN 603 R69 30
1496 SIDESTEP R10
1496 PICK 589 R22
1496 SIDESTEP R64
1496 PICK 700 R75
1497 SIDESTEP R2
1497 SIDESTEP R70
1498 RESCUE R42
1498 CHARGED R38
1498 ASSIGN 604 R38 20
1498 ASSIGN 608 R42 7
1498 SIDESTEP R3
1498 DELIVER 752 R16 592
1498 SIDESTEP R26
1498 SIDESTEP R28
1498 SIDESTEP R36
1498 SIDESTEP R43
1498 PICK 586 R50
1498 SIDESTEP R51
1498 SIDESTEP R54
1498 CHARGE R76
1499 ASSIGN 609 R16 59
1499 SIDESTEP R7
1499 DEAD R19
1499 SIDESTEP R20
1499 SIDESTEP R24
1499 SIDESTEP R25
1499 SIDESTEP R46
1499 SIDESTEP R49
1499 SIDESTEP R58
1499 SIDESTEP R65
1499 SIDESTEP R71
1499 SIDESTEP R78
1499 REPORT pending=557 aged=442 idle=0 to_pickup=21 delivering=23 to_charger=29 charging=3 dead=4 hot=7,2,14
SUMMARY delivered=582 lost=10 rejected=7 cancelled=39 open=601
LATENCY sum=189215 max=850 avg=325
ROBOT R0 14 1 96 TO_CHARGER 678 751
ROBOT R1 32 2 284 TO_PICKUP 850 615
ROBOT R2 23 27 412 DELIVERING 668 707
ROBOT R3 12 2 77 TO_CHARGER 705 640
ROBOT R4 46 28 585 TO_PICKUP 717 715
ROBOT R5 41 34 114 DELIVERING 884 548
ROBOT R6 9 23 473 DELIVERING 743 655
ROBOT R7 24 23 523 DELIVERING 711 677
ROBOT R8 42 17 438 TO_PICKUP 868 562
ROBOT R9 22 1 261 CHARGING 785 559
ROBOT R10 23 26 222 DELIVERING 714 540
ROBOT R11 5 1 160 TO_CHARGER 298 1035
ROBOT R12 5 26 388 DELIVERING 840 619
ROBOT R13 37 26 539 DELIVERING 739 649
ROBOT R14 12 1 61 TO_CHARGER 689 756
ROBOT R15 6 3 0 DEAD 548 704
ROBOT R16 1 23 514 TO_PICKUP 774 618
ROBOT R17 29 17 447 DELIVERING 679 626
ROBOT R18 48 35 196 DELIVERING 820 609
ROBOT R19 27 1 0 DEAD 596 778
ROBOT R20 14 2 12 DELIVERING 548 857
ROBOT R21 5 2 44 TO_CHARGER 622 834
ROBOT R22 35 26 484 DELIVERING 796 630
ROBOT R23 25 26 170 TO_PICKUP 832 569
ROBOT R24 13 2 7 TO_CHARGER 657 753
ROBOT R25 2 2 46 TO_CHARGER 666 594
ROBOT R26 33 2 39 TO_CHARGER 667 549
ROBOT R27 23 1 59 TO_CHARGER 559 754
ROBOT R28 25 24 259 DELIVERING 603 593
ROBOT R29 23 28 179 TO_PICKUP 863 552
ROBOT R30 6 1 679 TO_PICKUP 275 1153
ROBOT R31 11 5 110 TO_CHARGER 618 731
ROBOT R32 38 26 321 TO_PICKUP 693 661
ROBOT R33 24 26 142 DELIVERING 686 722
ROBOT R34 34 25 201 DELIVERING 598 608
ROBOT R35 8 1 0 DEAD 544 657
ROBOT R36 24 2 136 DELIVERING 890 578
ROBOT R37 23 3 669 TO_PICKUP 671 729
ROBOT R38 34 1 654 TO_PICKUP 948 434
ROBOT R39 24 6 9 TO_CHARGER 759 695
ROBOT R40 33 8 338 TO_PICKUP 666 653
ROBOT R41 32 8 103 DELIVERING 533 783
ROBOT R42 17 1 358 TO_PICKUP 624 639
ROBOT R43 32 3 27 TO_CHARGER 663 759
ROBOT R44 11 8 162 DELIVERING 854 574
ROBOT R45 7 3 90 TO_CHARGER 948 479
ROBOT R46 3 2 33 TO_CHARGER 611 721
ROBOT R47 7 2 45 TO_CHARGER 617 804
ROBOT R48 14 18 331 TO_PICKUP 765 598
ROBOT R49 24 4 417 TO_PICKUP 837 548
ROBOT R50 34 23 503 DELIVERING 807 541
ROBOT R51 11 2 67 TO_CHARGER 661 720
ROBOT R52 23 18 47 DELIVERING 685 609
ROBOT R53 8 3 455 DELIVERING 625 701
ROBOT R54 24 3 115 TO_CHARGER 861 444
ROBOT R55 10 1 57 TO_CHARGER 713 659
ROBOT R56 23 17 620 TO_PICKUP 844 435
ROBOT R57 24 24 66 TO_CHARGER 562 813
ROBOT R58 14 20 395 TO_PICKUP 813 616
ROBOT R59 4 3 0 DEAD 538 704
ROBOT R60 4 14 191 DELIVERING 701 587
ROBOT R61 4 2 21 TO_CHARGER 739 604
ROBOT R62 6 2 77 TO_CHARGER 321 1130
ROBOT R63 3 3 72 DELIVERING 812 530
ROBOT R64 9 1 57 TO_CHARGER 727 629
ROBOT R65 9 2 13 TO_CHARGER 599 723
ROBOT R66 8 1 518 CHARGING 614 721
ROBOT R67 3 10 478 TO_PICKUP 770 649
ROBOT R68 30 15 200 TO_PICKUP 544 822
ROBOT R69 11 1 665 TO_PICKUP 783 576
ROBOT R70 12 3 14 TO_CHARGER 558 787
ROBOT R71 5 3 357 TO_PICKUP 711 670
ROBOT R72 7 1 97 TO_CHARGER 329 1098
ROBOT R73 14 13 343 TO_PICKUP 592 730
ROBOT R74 2 3 85 TO_CHARGER 965 452
ROBOT R75 9 24 630 DELIVERING 692 717
ROBOT R76 32 1 85 CHARGING 747 646
ROBOT R77 3 4 92 TO_CHARGER 788 558
ROBOT R78 3 1 95 TO_CHARGER 667 530
ROBOT R79 10 2 48 TO_CHARGER 808 525
